rank,table_name,frequency,as_source,as_target,is_contested
1,dlk_ext_00081,33,33,0,false
2,dlk_ext_00516,28,28,0,false
3,dlk_ext_00381,24,24,0,false
4,gob_ext_00018,23,23,0,false
5,gob_ext_00366,23,23,0,false
6,std_ext_00338,22,22,0,false
7,ppn_ext_00534,22,22,0,false
8,gob_ext_00686,20,20,0,false
9,gob_ext_00551,20,20,0,false
10,dlk_ext_00193,20,20,0,false
11,dlk_ext_00522,20,20,0,false
12,std_ext_00350,20,20,0,false
13,dlk_ext_00098,19,19,0,false
14,proc_ext_00287,19,19,0,false
15,gob_ext_00576,19,19,0,false
16,dlk_ext_00431,19,19,0,false
17,dlk_ext_00134,19,19,0,false
18,proc_ext_00206,18,18,0,false
19,proc_ext_00013,18,18,0,false
20,gob_ext_00303,18,18,0,false
21,m4sco_ext_00232,18,18,0,false
22,dlk_ext_00144,18,18,0,false
23,dlk_ext_00481,18,18,0,false
24,gob_ext_00651,18,18,0,false
25,gob_ext_00543,18,18,0,false
26,dlk_ext_00597,17,17,0,false
27,proc_ext_00624,17,17,0,false
28,gob_ext_00658,17,17,0,false
29,proc_ext_00407,16,16,0,false
30,dlk_ext_00352,16,16,0,false
31,dlk_ext_00175,16,16,0,false
32,gob_ext_00524,16,16,0,false
33,gob_ext_00252,16,16,0,false
34,dash_ext_00565,16,16,0,false
35,gob_ext_00328,16,16,0,false
36,gob_ext_00320,16,16,0,false
37,dlk_ext_00616,15,15,0,false
38,proc_ext_00009,15,15,0,false
39,proc_ext_00186,15,15,0,false
40,dlk_ext_00076,15,15,0,false
41,dash_ext_00056,15,15,0,false
42,proc_ext_00539,15,15,0,false
43,gob_ext_00163,15,15,0,false
44,std_ext_00165,15,15,0,false
45,dash_ext_00676,15,15,0,false
46,dlk_ext_00525,15,15,0,false
47,gob_ext_00475,15,15,0,false
48,gob_ext_00375,14,14,0,false
49,dash_ext_00270,14,14,0,false
50,dash_ext_00187,14,14,0,false
51,dash_ext_00613,14,14,0,false
52,dlk_ext_00598,14,14,0,false
53,gob_ext_00371,14,14,0,false
54,gob_ext_00214,14,14,0,false
55,dlk_ext_00579,14,14,0,false
56,gob_ext_00215,14,14,0,false
57,gob_ext_00575,14,14,0,false
58,proc_ext_00030,14,14,0,false
59,dlk_ext_00391,13,13,0,false
60,dlk_ext_00361,13,13,0,false
61,dlk_ext_00315,13,13,0,false
62,dlk_ext_00659,13,13,0,false
63,dlk_ext_00116,13,13,0,false
64,proc_ext_00171,13,13,0,false
65,proc_ext_00458,13,13,0,false
66,gob_ext_00112,13,13,0,false
67,gob_ext_00435,13,13,0,false
68,gob_ext_00672,13,13,0,false
69,dlk_ext_00037,13,13,0,false
70,gob_ext_00500,12,12,0,false
71,dlk_ext_00230,12,12,0,false
72,dlk_ext_00061,12,12,0,false
73,gob_ext_00582,12,12,0,false
74,gob_ext_00570,12,12,0,false
75,dlk_ext_00245,12,12,0,false
76,gob_ext_00148,12,12,0,false
77,dlk_ext_00337,12,12,0,false
78,dlk_ext_00118,12,12,0,false
79,gob_ext_00316,12,12,0,false
80,dlk_ext_00251,12,12,0,false
81,proc_ext_00272,12,12,0,false
82,gob_ext_00346,12,12,0,false
83,gob_ext_00383,12,12,0,false
84,dlk_ext_00034,12,12,0,false
85,gob_ext_00263,12,12,0,false
86,gob_ext_00661,12,12,0,false
87,dlk_ext_00372,12,12,0,false
88,proc_ext_00078,12,12,0,false
89,dlk_tbl_04465,12,11,1,false
90,dlk_ext_00355,12,12,0,false
91,gob_ext_00219,12,12,0,false
92,dlk_ext_00440,12,12,0,false
93,dlk_ext_00408,12,12,0,false
94,proc_ext_00490,12,12,0,false
95,gob_ext_00517,12,12,0,false
96,dlk_ext_00538,12,12,0,false
97,dlk_ext_00003,11,11,0,false
98,dlk_ext_00665,11,11,0,false
99,dash_ext_00480,11,11,0,false
100,proc_ext_00385,11,11,0,false
101,proc_ext_00332,11,11,0,false
102,dash_ext_00461,11,11,0,false
103,gob_ext_00497,11,11,0,false
104,m4vw_ext_00643,11,11,0,false
105,dlk_tbl_02569,11,10,1,false
106,gob_ext_00139,11,11,0,false
107,dlk_ext_00562,11,11,0,false
108,gob_ext_00650,11,11,0,false
109,gob_ext_00262,11,11,0,false
110,gob_ext_00223,11,11,0,false
111,gob_ext_00090,11,11,0,false
112,dlk_ext_00031,11,11,0,false
113,proc_tbl_02819,11,10,1,false
114,proc_ext_00626,11,11,0,false
115,dlk_ext_00036,11,11,0,false
116,gob_ext_00279,11,11,0,false
117,dash_ext_00675,11,11,0,false
118,dlk_ext_00178,10,10,0,false
119,proc_ext_00229,10,10,0,false
120,proc_ext_00025,10,10,0,false
121,dash_ext_00325,10,10,0,false
122,dash_ext_00638,10,10,0,false
123,dlk_ext_00136,10,10,0,false
124,dlk_ext_00652,10,10,0,false
125,gob_ext_00673,10,10,0,false
126,gob_ext_00393,10,10,0,false
127,gob_ext_00508,10,10,0,false
128,dlk_ext_00542,10,10,0,false
129,gob_ext_00614,10,10,0,false
130,dash_ext_00581,10,10,0,false
131,dlk_ext_00451,10,10,0,false
132,dlk_ext_00589,10,10,0,false
133,m4vw_ext_00161,10,10,0,false
134,proc_ext_00327,10,10,0,false
135,gob_ext_00133,10,10,0,false
136,dlk_ext_00670,10,10,0,false
137,gob_ext_00110,10,10,0,false
138,ppn_ext_00401,10,10,0,false
139,gob_ext_00420,10,10,0,false
140,gob_ext_00150,10,10,0,false
141,gob_ext_00503,10,10,0,false
142,dlk_ext_00299,10,10,0,false
143,proc_ext_00242,10,10,0,false
144,proc_ext_00527,10,10,0,false
145,dlk_ext_00083,10,10,0,false
146,gob_ext_00257,10,10,0,false
147,dash_tbl_00787,10,9,1,false
148,gob_ext_00269,10,10,0,false
149,dlk_ext_00057,10,10,0,false
150,proc_ext_00683,10,10,0,false
151,dlk_ext_00035,10,10,0,false
152,dlk_ext_00284,10,10,0,false
153,gob_ext_00329,10,10,0,false
154,dlk_ext_00265,10,10,0,false
155,dlk_ext_00322,10,10,0,false
156,proc_ext_00097,10,10,0,false
157,dlk_ext_00014,10,10,0,false
158,dlk_tbl_03476,10,9,1,false
159,gob_ext_00306,9,9,0,false
160,dash_ext_00258,9,9,0,false
161,dash_tbl_03183,9,8,1,false
162,dlk_tbl_01391,9,8,1,false
163,proc_ext_00222,9,9,0,false
164,m4vw_ext_00515,9,9,0,false
165,dlk_ext_00405,9,9,0,false
166,dlk_ext_00354,9,9,0,false
167,dlk_ext_00199,9,9,0,false
168,gob_ext_00593,9,9,0,false
169,gob_ext_00594,9,9,0,false
170,dlk_ext_00530,9,9,0,false
171,gob_ext_00326,9,9,0,false
172,gob_ext_00577,9,9,0,false
173,dlk_ext_00376,9,9,0,false
174,dlk_ext_00095,9,9,0,false
175,proc_tbl_04365,9,8,1,false
176,dash_ext_00586,9,9,0,false
177,gob_ext_00254,9,9,0,false
178,ppn_tbl_02707,9,8,1,false
179,gob_ext_00636,9,9,0,false
180,proc_tbl_01152,9,7,2,true
181,dlk_tbl_00478,9,8,1,false
182,dlk_ext_00211,9,9,0,false
183,proc_ext_00113,9,9,0,false
184,dlk_ext_00386,9,9,0,false
185,gob_ext_00065,9,9,0,false
186,dlk_ext_00434,9,9,0,false
187,ppn_ext_00289,9,9,0,false
188,dlk_tbl_01172,9,8,1,false
189,dlk_ext_00430,9,9,0,false
190,m4sco_ext_00439,9,9,0,false
191,gob_ext_00554,9,9,0,false
192,std_tbl_01286,9,8,1,false
193,gob_tbl_02059,9,8,1,false
194,proc_ext_00399,9,9,0,false
195,dlk_ext_00345,9,9,0,false
196,dlk_ext_00233,9,9,0,false
197,proc_ext_00682,9,9,0,false
198,dlk_ext_00168,9,9,0,false
199,gob_ext_00249,9,9,0,false
200,gob_ext_00541,9,9,0,false
201,gob_ext_00012,9,9,0,false
202,dlk_ext_00210,9,9,0,false
203,std_tbl_02179,9,8,1,false
204,dash_ext_00625,9,9,0,false
205,m4vw_ext_00101,8,8,0,false
206,proc_tbl_03931,8,7,1,false
207,gob_ext_00044,8,8,0,false
208,gob_tbl_03926,8,7,1,false
209,dash_tbl_00191,8,7,1,false
210,proc_ext_00523,8,8,0,false
211,dlk_tbl_04427,8,7,1,false
212,dlk_ext_00558,8,8,0,false
213,gob_tbl_01720,8,6,2,true
214,dlk_ext_00162,8,8,0,false
215,m4vw_tbl_01427,8,7,1,false
216,dlk_ext_00596,8,8,0,false
217,dlk_tbl_00686,8,7,1,false
218,dlk_ext_00313,8,8,0,false
219,dlk_tbl_01983,8,7,1,false
220,dlk_ext_00137,8,8,0,false
221,dlk_ext_00441,8,8,0,false
222,dlk_ext_00312,8,8,0,false
223,proc_ext_00447,8,8,0,false
224,dlk_tbl_01271,8,7,1,false
225,proc_ext_00227,8,8,0,false
226,dlk_ext_00590,8,8,0,false
227,dlk_tbl_03198,8,7,1,false
228,dash_tbl_00705,8,7,1,false
229,dlk_tbl_03337,8,7,1,false
230,dlk_tbl_02369,8,7,1,false
231,std_ext_00359,8,8,0,false
232,dlk_ext_00526,8,8,0,false
233,dlk_ext_00559,8,8,0,false
234,proc_ext_00436,8,8,0,false
235,dlk_ext_00008,8,8,0,false
236,gob_tbl_01996,8,7,1,false
237,proc_ext_00437,8,8,0,false
238,dlk_ext_00120,8,8,0,false
239,proc_tbl_02164,8,7,1,false
240,gob_ext_00604,8,8,0,false
241,std_ext_00402,8,8,0,false
242,std_ext_00201,8,8,0,false
243,dash_ext_00307,8,8,0,false
244,dlk_ext_00285,8,8,0,false
245,ppn_tbl_00879,8,7,1,false
246,gob_ext_00088,8,8,0,false
247,proc_ext_00290,8,8,0,false
248,dlk_ext_00641,8,8,0,false
249,gob_ext_00220,8,8,0,false
250,proc_ext_00203,8,8,0,false
251,dlk_tbl_01780,8,7,1,false
252,gob_ext_00221,8,8,0,false
253,dlk_tbl_01746,8,7,1,false
254,proc_ext_00601,8,8,0,false
255,proc_ext_00173,8,8,0,false
256,gob_tbl_01346,8,7,1,false
257,dlk_tbl_00855,8,7,1,false
258,m4vw_tbl_02108,8,7,1,false
259,dlk_tbl_00761,7,6,1,false
260,proc_tbl_03263,7,6,1,false
261,gob_tbl_03971,7,6,1,false
262,gob_tbl_00559,7,5,2,true
263,dash_tbl_01216,7,6,1,false
264,gob_tbl_02144,7,6,1,false
265,proc_ext_00483,7,7,0,false
266,proc_tbl_04010,7,6,1,false
267,gob_tbl_03815,7,6,1,false
268,gob_tbl_02176,7,6,1,false
269,dash_tbl_01897,7,6,1,false
270,gob_tbl_01579,7,6,1,false
271,m4vw_ext_00400,7,7,0,false
272,dlk_ext_00655,7,7,0,false
273,gob_ext_00192,7,7,0,false
274,dlk_ext_00001,7,7,0,false
275,proc_tbl_02167,7,6,1,false
276,dlk_ext_00038,7,7,0,false
277,dlk_tbl_00626,7,6,1,false
278,gob_tbl_03237,7,6,1,false
279,dlk_tbl_03521,7,6,1,false
280,dlk_ext_00082,7,7,0,false
281,gob_ext_00256,7,7,0,false
282,gob_ext_00042,7,7,0,false
283,gob_tbl_03825,7,6,1,false
284,gob_ext_00507,7,7,0,false
285,dlk_tbl_01131,7,6,1,false
286,proc_ext_00421,7,7,0,false
287,dlk_ext_00045,7,7,0,false
288,dash_ext_00212,7,7,0,false
289,proc_ext_00157,7,7,0,false
290,gob_tbl_02818,7,6,1,false
291,proc_ext_00019,7,7,0,false
292,dlk_ext_00685,7,7,0,false
293,dash_tbl_00402,7,6,1,false
294,gob_ext_00464,7,7,0,false
295,ppn_tbl_01294,7,6,1,false
296,gob_ext_00189,7,7,0,false
297,ppn_ext_00653,7,7,0,false
298,dlk_ext_00459,7,7,0,false
299,dlk_ext_00314,7,7,0,false
300,proc_ext_00055,7,7,0,false
301,proc_ext_00050,7,7,0,false
302,gob_ext_00188,7,7,0,false
303,proc_ext_00684,7,7,0,false
304,dash_ext_00311,7,7,0,false
305,dlk_ext_00317,7,7,0,false
306,gob_tbl_03053,7,6,1,false
307,dlk_ext_00266,7,7,0,false
308,dlk_ext_00007,7,7,0,false
309,dlk_ext_00277,7,7,0,false
310,gob_ext_00561,7,7,0,false
311,proc_ext_00357,7,7,0,false
312,proc_ext_00591,7,7,0,false
313,dlk_tbl_02764,7,6,1,false
314,gob_ext_00535,7,7,0,false
315,dlk_ext_00592,7,7,0,false
316,gob_ext_00276,7,7,0,false
317,dlk_tbl_02907,7,6,1,false
318,dlk_ext_00152,7,7,0,false
319,gob_tbl_02957,7,6,1,false
320,gob_tbl_04415,7,6,1,false
321,gob_tbl_00868,7,6,1,false
322,gob_ext_00605,7,7,0,false
323,proc_tbl_00940,7,6,1,false
324,gob_tbl_00386,7,6,1,false
325,dlk_tbl_00650,7,6,1,false
326,dlk_ext_00587,7,7,0,false
327,proc_ext_00176,7,7,0,false
328,std_ext_00609,7,7,0,false
329,gob_ext_00202,7,7,0,false
330,proc_tbl_00562,7,6,1,false
331,dlk_tbl_03647,7,6,1,false
332,gob_ext_00128,7,7,0,false
333,dlk_tbl_01971,7,6,1,false
334,gob_ext_00373,7,7,0,false
335,proc_tbl_02252,7,6,1,false
336,gob_ext_00646,7,7,0,false
337,gob_ext_00642,7,7,0,false
338,proc_tbl_03201,7,6,1,false
339,m4vw_tbl_01010,7,6,1,false
340,dash_tbl_04367,7,6,1,false
341,gob_tbl_03096,7,6,1,false
342,dlk_tbl_03850,7,6,1,false
343,dlk_ext_00619,7,7,0,false
344,std_tbl_02686,7,6,1,false
345,gob_tbl_03477,7,6,1,false
346,dlk_tbl_02621,7,6,1,false
347,gob_tbl_03937,6,5,1,false
348,gob_tbl_00308,6,5,1,false
349,proc_tbl_02501,6,5,1,false
350,proc_tbl_01775,6,5,1,false
351,dash_ext_00485,6,6,0,false
352,gob_tbl_00026,6,4,2,true
353,dlk_tbl_02221,6,5,1,false
354,gob_tbl_03011,6,5,1,false
355,gob_ext_00278,6,6,0,false
356,dash_ext_00348,6,6,0,false
357,gob_tbl_02484,6,5,1,false
358,proc_ext_00046,6,6,0,false
359,proc_tbl_03349,6,5,1,false
360,proc_tbl_03107,6,5,1,false
361,proc_tbl_03510,6,5,1,false
362,dlk_ext_00271,6,6,0,false
363,gob_ext_00580,6,6,0,false
364,dlk_tbl_03362,6,5,1,false
365,dlk_tbl_03905,6,5,1,false
366,gob_ext_00170,6,6,0,false
367,dlk_tbl_04454,6,5,1,false
368,dash_tbl_03904,6,5,1,false
369,dlk_ext_00309,6,6,0,false
370,proc_ext_00444,6,6,0,false
371,gob_tbl_03986,6,5,1,false
372,proc_ext_00069,6,6,0,false
373,proc_tbl_01673,6,5,1,false
374,dlk_tbl_02780,6,5,1,false
375,gob_tbl_03332,6,5,1,false
376,dlk_ext_00138,6,6,0,false
377,dlk_tbl_02440,6,5,1,false
378,gob_ext_00450,6,6,0,false
379,m4vw_tbl_03375,6,5,1,false
380,dlk_tbl_03988,6,5,1,false
381,gob_tbl_00729,6,5,1,false
382,proc_tbl_04293,6,5,1,false
383,gob_tbl_03135,6,5,1,false
384,gob_tbl_04186,6,5,1,false
385,dlk_ext_00414,6,6,0,false
386,proc_tbl_00509,6,5,1,false
387,proc_tbl_03836,6,5,1,false
388,dash_tbl_03852,6,5,1,false
389,gob_tbl_03398,6,5,1,false
390,dlk_ext_00415,6,6,0,false
391,dlk_tbl_00823,6,5,1,false
392,gob_tbl_02529,6,5,1,false
393,gob_ext_00573,6,6,0,false
394,proc_tbl_00291,6,5,1,false
395,gob_tbl_00577,6,5,1,false
396,dlk_tbl_03246,6,5,1,false
397,gob_tbl_01422,6,5,1,false
398,dlk_ext_00174,6,6,0,false
399,dlk_tbl_02789,6,5,1,false
400,dlk_ext_00119,6,6,0,false
401,dlk_tbl_00134,6,5,1,false
402,dash_ext_00243,6,6,0,false
403,dlk_tbl_03353,6,5,1,false
404,gob_tbl_01373,6,5,1,false
405,m4vw_tbl_02480,6,5,1,false
406,gob_tbl_02102,6,5,1,false
407,gob_ext_00563,6,6,0,false
408,dash_ext_00127,6,6,0,false
409,m4sco_ext_00253,6,6,0,false
410,dash_ext_00033,6,6,0,false
411,proc_tbl_02949,6,5,1,false
412,gob_tbl_04294,6,5,1,false
413,dash_tbl_02685,6,5,1,false
414,proc_tbl_00741,6,5,1,false
415,dlk_tbl_02864,6,5,1,false
416,dlk_tbl_04148,6,5,1,false
417,m4sco_tbl_00563,6,4,2,true
418,dlk_tbl_03644,6,5,1,false
419,gob_ext_00477,6,6,0,false
420,gob_tbl_04077,6,5,1,false
421,dash_tbl_02624,6,5,1,false
422,dlk_tbl_02399,6,5,1,false
423,gob_tbl_02447,6,5,1,false
424,dlk_ext_00553,6,6,0,false
425,gob_tbl_03184,6,4,2,true
426,gob_tbl_02806,6,5,1,false
427,dlk_tbl_03568,6,5,1,false
428,dlk_ext_00074,6,6,0,false
429,gob_tbl_01917,6,5,1,false
430,dlk_tbl_01781,6,5,1,false
431,dlk_tbl_02964,6,5,1,false
432,dlk_tbl_01670,6,5,1,false
433,proc_ext_00340,6,6,0,false
434,gob_tbl_02878,6,5,1,false
435,gob_tbl_03426,6,5,1,false
436,dlk_tbl_00163,6,5,1,false
437,gob_ext_00442,6,6,0,false
438,dlk_tbl_04393,6,5,1,false
439,dash_tbl_00172,6,5,1,false
440,gob_tbl_00256,6,5,1,false
441,std_ext_00622,6,6,0,false
442,proc_tbl_01323,6,5,1,false
443,dlk_tbl_04120,6,4,2,true
444,dash_tbl_04442,6,5,1,false
445,dlk_tbl_04434,6,5,1,false
446,dlk_tbl_02642,6,5,1,false
447,dlk_ext_00499,6,6,0,false
448,dlk_ext_00010,6,6,0,false
449,proc_tbl_00901,6,5,1,false
450,ppn_ext_00204,6,6,0,false
451,dlk_ext_00494,6,6,0,false
452,dlk_tbl_02320,6,5,1,false
453,m4sco_tbl_02901,6,5,1,false
454,ppn_ext_00585,6,6,0,false
455,dlk_tbl_01359,6,5,1,false
456,dlk_tbl_00432,6,5,1,false
457,gob_ext_00364,6,6,0,false
458,dlk_tbl_00077,6,5,1,false
459,ppn_tbl_00611,6,5,1,false
460,gob_ext_00304,6,6,0,false
461,gob_ext_00491,6,6,0,false
462,dlk_ext_00629,6,6,0,false
463,dlk_tbl_03985,6,5,1,false
464,dash_tbl_02432,6,5,1,false
465,dash_ext_00397,6,6,0,false
466,gob_tbl_04079,6,5,1,false
467,dlk_ext_00274,6,6,0,false
468,dlk_tbl_01290,6,5,1,false
469,dlk_tbl_00217,6,5,1,false
470,proc_tbl_02441,6,5,1,false
471,dlk_ext_00660,6,6,0,false
472,m4sco_ext_00571,6,6,0,false
473,dlk_tbl_03829,6,5,1,false
474,dlk_ext_00109,6,6,0,false
475,dlk_tbl_02865,6,5,1,false
476,dash_tbl_03814,6,5,1,false
477,proc_tbl_00941,6,5,1,false
478,gob_tbl_02378,6,5,1,false
479,gob_ext_00356,6,6,0,false
480,gob_ext_00363,6,6,0,false
481,gob_tbl_03757,6,5,1,false
482,gob_ext_00412,6,6,0,false
483,dlk_ext_00473,6,6,0,false
484,proc_tbl_01857,6,5,1,false
485,m4sco_tbl_01860,6,5,1,false
486,dlk_ext_00260,6,6,0,false
487,gob_tbl_04072,6,5,1,false
488,dlk_ext_00519,6,6,0,false
489,gob_ext_00358,6,6,0,false
490,proc_tbl_03566,6,5,1,false
491,dash_tbl_02311,6,5,1,false
492,gob_tbl_01919,6,5,1,false
493,proc_ext_00446,6,6,0,false
494,proc_ext_00294,6,6,0,false
495,dlk_ext_00145,6,6,0,false
496,gob_ext_00080,6,6,0,false
497,gob_tbl_01254,6,5,1,false
498,dlk_tbl_02310,6,5,1,false
499,proc_tbl_00128,6,5,1,false
500,gob_tbl_00466,6,5,1,false
501,proc_tbl_02333,6,5,1,false
502,gob_tbl_02340,6,5,1,false
503,gob_tbl_02361,6,5,1,false
504,dash_ext_00341,6,6,0,false
505,dlk_tbl_00965,6,5,1,false
506,dlk_ext_00079,6,6,0,false
507,dash_tbl_03542,6,5,1,false
508,dlk_tbl_04406,6,5,1,false
509,std_tbl_00978,6,5,1,false
510,dlk_tbl_02977,5,4,1,false
511,dlk_tbl_02313,5,4,1,false
512,proc_tbl_03918,5,4,1,false
513,gob_ext_00264,5,5,0,false
514,gob_ext_00241,5,5,0,false
515,dlk_ext_00100,5,5,0,false
516,dash_ext_00392,5,5,0,false
517,proc_tbl_02132,5,4,1,false
518,dlk_tbl_02626,5,4,1,false
519,dlk_tbl_02997,5,4,1,false
520,dlk_tbl_00118,5,4,1,false
521,gob_ext_00247,5,5,0,false
522,dlk_tbl_02013,5,4,1,false
523,dash_ext_00388,5,5,0,false
524,dlk_ext_00228,5,5,0,false
525,dlk_tbl_03400,5,4,1,false
526,gob_ext_00677,5,5,0,false
527,dash_tbl_00277,5,4,1,false
528,gob_tbl_00166,5,4,1,false
529,dlk_tbl_03005,5,4,1,false
530,std_ext_00194,5,5,0,false
531,dlk_tbl_04139,5,4,1,false
532,dlk_tbl_00240,5,4,1,false
533,gob_tbl_00052,5,4,1,false
534,gob_tbl_00013,5,4,1,false
535,dlk_ext_00569,5,5,0,false
536,dlk_tbl_03144,5,4,1,false
537,gob_ext_00368,5,5,0,false
538,dlk_tbl_04437,5,4,1,false
539,dlk_ext_00487,5,5,0,false
540,dlk_ext_00238,5,5,0,false
541,dlk_tbl_04308,5,4,1,false
542,dlk_ext_00121,5,5,0,false
543,gob_tbl_03593,5,4,1,false
544,gob_tbl_04334,5,4,1,false
545,dlk_tbl_00523,5,4,1,false
546,std_ext_00649,5,5,0,false
547,dlk_tbl_02822,5,4,1,false
548,dash_tbl_02127,5,4,1,false
549,gob_tbl_01652,5,4,1,false
550,gob_tbl_02054,5,4,1,false
551,dash_tbl_03138,5,4,1,false
552,gob_tbl_00831,5,4,1,false
553,dash_tbl_00366,5,4,1,false
554,proc_tbl_01419,5,4,1,false
555,gob_tbl_01178,5,4,1,false
556,proc_tbl_04089,5,4,1,false
557,gob_tbl_04430,5,4,1,false
558,proc_ext_00318,5,5,0,false
559,dlk_ext_00108,5,5,0,false
560,gob_tbl_01317,5,4,1,false
561,gob_tbl_01164,5,4,1,false
562,dlk_tbl_04356,5,4,1,false
563,dlk_tbl_01302,5,4,1,false
564,dlk_ext_00574,5,5,0,false
565,proc_tbl_03113,5,4,1,false
566,proc_tbl_02660,5,4,1,false
567,proc_tbl_01638,5,4,1,false
568,dlk_tbl_01126,5,4,1,false
569,dlk_ext_00453,5,5,0,false
570,dlk_tbl_02870,5,4,1,false
571,gob_tbl_01479,5,4,1,false
572,gob_tbl_03171,5,4,1,false
573,gob_tbl_04042,5,4,1,false
574,gob_tbl_02109,5,4,1,false
575,dlk_ext_00070,5,5,0,false
576,dlk_ext_00239,5,5,0,false
577,proc_tbl_01460,5,4,1,false
578,gob_ext_00528,5,5,0,false
579,gob_tbl_01800,5,4,1,false
580,dlk_tbl_04132,5,4,1,false
581,proc_tbl_01914,5,4,1,false
582,proc_ext_00300,5,5,0,false
583,gob_ext_00387,5,5,0,false
584,std_tbl_00435,5,4,1,false
585,std_tbl_04114,5,4,1,false
586,dlk_tbl_04037,5,4,1,false
587,dlk_tbl_01634,5,4,1,false
588,dlk_ext_00623,5,5,0,false
589,gob_tbl_03374,5,4,1,false
590,gob_tbl_01247,5,4,1,false
591,gob_tbl_01982,5,4,1,false
592,gob_tbl_03511,5,4,1,false
593,dash_tbl_02725,5,4,1,false
594,dlk_tbl_01326,5,4,1,false
595,dash_tbl_02643,5,4,1,false
596,dlk_ext_00560,5,5,0,false
597,gob_tbl_00865,5,4,1,false
598,m4vw_tbl_04260,5,4,1,false
599,gob_ext_00478,5,5,0,false
600,std_tbl_03114,5,4,1,false
601,dlk_tbl_04043,5,4,1,false
602,gob_ext_00295,5,5,0,false
603,dlk_tbl_02736,5,4,1,false
604,gob_tbl_03807,5,4,1,false
605,dlk_tbl_00235,5,4,1,false
606,proc_tbl_03309,5,4,1,false
607,gob_tbl_00635,5,4,1,false
608,gob_ext_00032,5,5,0,false
609,std_tbl_00690,5,4,1,false
610,gob_ext_00382,5,5,0,false
611,dlk_tbl_03031,5,4,1,false
612,dlk_tbl_04036,5,4,1,false
613,gob_tbl_04278,5,4,1,false
614,dash_ext_00567,5,5,0,false
615,gob_tbl_03136,5,4,1,false
616,gob_tbl_04245,5,4,1,false
617,gob_ext_00297,5,5,0,false
618,dlk_tbl_01041,5,4,1,false
619,dlk_tbl_02889,5,4,1,false
620,dlk_tbl_02048,5,4,1,false
621,std_tbl_00534,5,4,1,false
622,gob_tbl_01433,5,4,1,false
623,m4vw_tbl_04316,5,4,1,false
624,gob_tbl_01151,5,4,1,false
625,dlk_ext_00635,5,5,0,false
626,gob_tbl_04208,5,4,1,false
627,dlk_tbl_02299,5,4,1,false
628,gob_tbl_01981,5,4,1,false
629,proc_ext_00367,5,5,0,false
630,gob_tbl_04449,5,4,1,false
631,ppn_ext_00319,5,5,0,false
632,dash_ext_00051,5,5,0,false
633,proc_tbl_04008,5,4,1,false
634,dlk_tbl_00924,5,4,1,false
635,dlk_ext_00060,5,5,0,false
636,proc_tbl_02472,5,4,1,false
637,proc_tbl_02888,5,4,1,false
638,dlk_ext_00506,5,5,0,false
639,gob_ext_00091,5,5,0,false
640,proc_tbl_01318,5,4,1,false
641,proc_ext_00531,5,5,0,false
642,dlk_tbl_01556,5,4,1,false
643,dash_ext_00486,5,5,0,false
644,proc_tbl_03723,5,4,1,false
645,proc_tbl_02315,5,4,1,false
646,gob_tbl_03529,5,4,1,false
647,dlk_tbl_04012,5,4,1,false
648,dlk_tbl_01452,5,4,1,false
649,dlk_ext_00349,5,5,0,false
650,gob_ext_00419,5,5,0,false
651,dlk_tbl_04240,5,4,1,false
652,dlk_tbl_04180,5,4,1,false
653,dlk_tbl_03714,5,4,1,false
654,dlk_tbl_02380,5,4,1,false
655,dlk_tbl_02583,5,4,1,false
656,dlk_tbl_03623,5,4,1,false
657,m4sco_ext_00273,5,5,0,false
658,dlk_ext_00125,5,5,0,false
659,dash_ext_00679,5,5,0,false
660,gob_tbl_02794,5,4,1,false
661,dlk_tbl_00078,5,4,1,false
662,dlk_tbl_02797,5,4,1,false
663,dlk_tbl_01836,5,4,1,false
664,gob_ext_00027,5,5,0,false
665,dlk_ext_00662,5,5,0,false
666,dash_tbl_01197,5,4,1,false
667,proc_ext_00028,5,5,0,false
668,gob_ext_00198,5,5,0,false
669,proc_tbl_03976,5,4,1,false
670,gob_tbl_02827,5,4,1,false
671,dash_tbl_00993,5,4,1,false
672,gob_tbl_04191,5,4,1,false
673,gob_tbl_03461,5,4,1,false
674,dlk_tbl_00158,5,4,1,false
675,dlk_tbl_01773,5,4,1,false
676,proc_ext_00231,5,5,0,false
677,gob_tbl_02163,5,4,1,false
678,dlk_ext_00599,5,5,0,false
679,gob_tbl_02774,5,4,1,false
680,gob_tbl_01539,5,4,1,false
681,dash_tbl_01471,5,4,1,false
682,gob_tbl_00733,5,4,1,false
683,std_ext_00457,5,5,0,false
684,proc_tbl_02190,5,4,1,false
685,std_tbl_04428,5,4,1,false
686,dlk_tbl_01340,5,4,1,false
687,gob_tbl_02422,5,4,1,false
688,gob_tbl_00631,5,4,1,false
689,dlk_tbl_01862,5,4,1,false
690,dlk_tbl_03817,5,4,1,false
691,gob_tbl_00216,5,4,1,false
692,dlk_tbl_00874,5,4,1,false
693,gob_tbl_04288,5,4,1,false
694,proc_ext_00378,5,5,0,false
695,proc_tbl_00549,5,4,1,false
696,ppn_tbl_02122,5,4,1,false
697,dlk_tbl_04013,5,4,1,false
698,dlk_tbl_03874,5,4,1,false
699,dlk_ext_00668,5,5,0,false
700,dlk_tbl_04263,5,4,1,false
701,dlk_tbl_01878,5,4,1,false
702,m4vw_tbl_02853,5,4,1,false
703,gob_tbl_02976,5,4,1,false
704,proc_ext_00489,5,5,0,false
705,proc_tbl_02992,5,4,1,false
706,dlk_tbl_03029,5,4,1,false
707,gob_tbl_00295,5,4,1,false
708,gob_tbl_04241,5,4,1,false
709,proc_tbl_03211,5,4,1,false
710,dlk_ext_00092,5,5,0,false
711,dash_ext_00631,5,5,0,false
712,proc_tbl_02918,5,4,1,false
713,dlk_tbl_01899,5,4,1,false
714,dlk_ext_00135,5,5,0,false
715,dlk_tbl_02335,5,4,1,false
716,gob_tbl_03368,5,4,1,false
717,gob_tbl_04404,5,4,1,false
718,gob_tbl_03041,5,4,1,false
719,proc_ext_00370,5,5,0,false
720,dlk_tbl_00271,5,4,1,false
721,dlk_tbl_01870,5,4,1,false
722,gob_tbl_01964,5,4,1,false
723,gob_ext_00667,5,5,0,false
724,gob_ext_00310,5,5,0,false
725,dlk_tbl_01629,5,4,1,false
726,dlk_tbl_03396,5,4,1,false
727,proc_tbl_04281,5,4,1,false
728,proc_ext_00504,5,5,0,false
729,dlk_tbl_03185,5,4,1,false
730,dlk_tbl_01599,5,4,1,false
731,m4vw_tbl_01196,5,4,1,false
732,m4vw_ext_00115,5,5,0,false
733,dlk_tbl_00329,5,4,1,false
734,gob_tbl_03805,5,4,1,false
735,gob_tbl_01563,5,4,1,false
736,dlk_tbl_01417,5,4,1,false
737,std_tbl_01063,5,4,1,false
738,dlk_tbl_02161,5,4,1,false
739,gob_tbl_00723,5,4,1,false
740,proc_tbl_04410,5,4,1,false
741,dlk_tbl_00187,5,4,1,false
742,dlk_ext_00588,5,5,0,false
743,dlk_tbl_03315,5,4,1,false
744,gob_tbl_02356,5,4,1,false
745,gob_tbl_03629,5,4,1,false
746,gob_tbl_00259,5,4,1,false
747,dlk_ext_00224,5,5,0,false
748,proc_tbl_04060,5,4,1,false
749,dlk_tbl_02873,5,4,1,false
750,dlk_tbl_02049,5,4,1,false
751,dash_ext_00298,5,5,0,false
752,dlk_tbl_03373,5,4,1,false
753,gob_tbl_01361,5,4,1,false
754,dlk_tbl_00721,5,4,1,false
755,gob_tbl_01843,5,4,1,false
756,gob_tbl_04126,5,4,1,false
757,gob_tbl_00351,5,4,1,false
758,dlk_tbl_03927,5,3,2,true
759,gob_ext_00324,5,5,0,false
760,proc_tbl_02560,5,4,1,false
761,dlk_tbl_02213,5,4,1,false
762,gob_tbl_01997,5,4,1,false
763,gob_tbl_03718,5,4,1,false
764,dlk_tbl_04279,5,4,1,false
765,gob_tbl_02370,5,4,1,false
766,dlk_tbl_01432,5,4,1,false
767,dlk_tbl_03592,5,4,1,false
768,gob_tbl_01298,5,4,1,false
769,gob_tbl_00595,5,4,1,false
770,dlk_ext_00360,5,5,0,false
771,dlk_ext_00143,5,5,0,false
772,proc_tbl_00247,5,4,1,false
773,gob_ext_00607,5,5,0,false
774,proc_tbl_03772,5,4,1,false
775,gob_tbl_01258,5,4,1,false
776,gob_tbl_01973,5,4,1,false
777,gob_tbl_00428,5,4,1,false
778,dlk_tbl_02274,5,4,1,false
779,dlk_tbl_00914,5,4,1,false
780,dlk_tbl_00296,5,4,1,false
781,dlk_tbl_01520,5,4,1,false
782,dlk_tbl_03587,5,4,1,false
783,gob_tbl_00989,5,4,1,false
784,proc_tbl_00909,5,4,1,false
785,gob_ext_00183,5,5,0,false
786,dlk_tbl_03776,5,4,1,false
787,dlk_tbl_04386,5,4,1,false
788,gob_ext_00248,5,5,0,false
789,gob_tbl_00632,5,4,1,false
790,dlk_tbl_04000,4,3,1,false
791,gob_tbl_00625,4,3,1,false
792,proc_tbl_02336,4,3,1,false
793,proc_tbl_03677,4,3,1,false
794,dlk_tbl_02525,4,3,1,false
795,proc_tbl_00190,4,3,1,false
796,dlk_tbl_02688,4,3,1,false
797,dash_ext_00040,4,4,0,false
798,gob_tbl_00857,4,2,2,true
799,dlk_ext_00365,4,4,0,false
800,m4sco_tbl_01771,4,3,1,false
801,dlk_tbl_01782,4,3,1,false
802,proc_tbl_02799,4,3,1,false
803,gob_ext_00122,4,4,0,false
804,m4vw_tbl_03277,4,3,1,false
805,m4sco_tbl_03550,4,3,1,false
806,dash_tbl_01257,4,3,1,false
807,gob_tbl_00289,4,3,1,false
808,dlk_tbl_02030,4,3,1,false
809,dash_tbl_01585,4,3,1,false
810,dlk_tbl_01536,4,3,1,false
811,dlk_tbl_00274,4,3,1,false
812,proc_tbl_03452,4,3,1,false
813,gob_tbl_02891,4,3,1,false
814,m4vw_tbl_02449,4,3,1,false
815,gob_tbl_01929,4,3,1,false
816,dlk_tbl_01802,4,3,1,false
817,dash_tbl_00727,4,3,1,false
818,gob_tbl_03073,4,3,1,false
819,gob_tbl_03570,4,3,1,false
820,gob_tbl_01879,4,3,1,false
821,gob_ext_00140,4,4,0,false
822,dlk_tbl_03716,4,3,1,false
823,proc_tbl_04259,4,3,1,false
824,gob_ext_00166,4,4,0,false
825,dlk_tbl_02955,4,3,1,false
826,dlk_tbl_02436,4,3,1,false
827,gob_tbl_02619,4,3,1,false
828,gob_tbl_00145,4,3,1,false
829,dash_tbl_04321,4,3,1,false
830,gob_tbl_02661,4,3,1,false
831,proc_tbl_03946,4,3,1,false
832,dash_tbl_00519,4,3,1,false
833,dlk_tbl_01926,4,3,1,false
834,proc_tbl_01668,4,3,1,false
835,gob_tbl_00374,4,3,1,false
836,gob_tbl_00238,4,3,1,false
837,std_tbl_01794,4,3,1,false
838,dlk_tbl_02295,4,3,1,false
839,dlk_tbl_02389,4,3,1,false
840,gob_tbl_01411,4,3,1,false
841,dlk_tbl_00324,4,3,1,false
842,proc_tbl_03925,4,3,1,false
843,dash_tbl_03298,4,3,1,false
844,proc_tbl_03646,4,3,1,false
845,gob_tbl_01833,4,3,1,false
846,dlk_tbl_04302,4,3,1,false
847,proc_tbl_02036,4,3,1,false
848,std_tbl_02458,4,3,1,false
849,proc_tbl_01187,4,3,1,false
850,dlk_tbl_01548,4,3,1,false
851,dlk_ext_00521,4,4,0,false
852,proc_tbl_02445,4,3,1,false
853,gob_tbl_00212,4,3,1,false
854,gob_tbl_00581,4,3,1,false
855,gob_tbl_03023,4,3,1,false
856,dlk_tbl_02355,4,3,1,false
857,gob_tbl_04202,4,3,1,false
858,dlk_tbl_02743,4,3,1,false
859,proc_tbl_02247,4,3,1,false
860,proc_tbl_03401,4,3,1,false
861,proc_tbl_00205,4,3,1,false
862,gob_tbl_04362,4,3,1,false
863,proc_tbl_02915,4,3,1,false
864,dlk_ext_00520,4,4,0,false
865,dlk_ext_00086,4,4,0,false
866,dlk_tbl_01597,4,3,1,false
867,dash_ext_00282,4,4,0,false
868,dlk_tbl_04432,4,3,1,false
869,dlk_tbl_03715,4,3,1,false
870,gob_tbl_01058,4,3,1,false
871,gob_tbl_00411,4,3,1,false
872,dlk_tbl_02761,4,3,1,false
873,m4sco_tbl_01731,4,3,1,false
874,gob_tbl_01206,4,3,1,false
875,dlk_ext_00351,4,4,0,false
876,dlk_tbl_03515,4,3,1,false
877,dlk_tbl_00840,4,3,1,false
878,gob_tbl_01957,4,3,1,false
879,gob_tbl_04093,4,3,1,false
880,dash_tbl_02721,4,3,1,false
881,gob_tbl_01233,4,3,1,false
882,gob_tbl_01560,4,3,1,false
883,dlk_tbl_04412,4,3,1,false
884,dlk_ext_00017,4,4,0,false
885,proc_tbl_02285,4,3,1,false
886,gob_tbl_02872,4,3,1,false
887,m4vw_tbl_02706,4,3,1,false
888,dlk_tbl_02796,4,3,1,false
889,dlk_tbl_00722,4,3,1,false
890,gob_tbl_03764,4,3,1,false
891,gob_tbl_02326,4,3,1,false
892,proc_tbl_01992,4,3,1,false
893,gob_tbl_01462,4,3,1,false
894,gob_tbl_03272,4,3,1,false
895,std_tbl_00548,4,2,2,true
896,gob_ext_00331,4,4,0,false
897,dlk_ext_00618,4,4,0,false
898,gob_tbl_03488,4,3,1,false
899,dlk_tbl_02293,4,3,1,false
900,gob_ext_00674,4,4,0,false
901,dlk_tbl_03226,4,3,1,false
902,gob_tbl_03122,4,3,1,false
903,gob_ext_00321,4,4,0,false
904,dlk_tbl_00022,4,3,1,false
905,dlk_tbl_02844,4,3,1,false
906,std_tbl_04005,4,3,1,false
907,proc_tbl_01567,4,3,1,false
908,dlk_tbl_00960,4,3,1,false
909,gob_tbl_01527,4,3,1,false
910,dlk_tbl_03379,4,3,1,false
911,dlk_ext_00462,4,4,0,false
912,dash_tbl_01523,4,3,1,false
913,gob_tbl_02542,4,3,1,false
914,proc_tbl_03268,4,3,1,false
915,gob_tbl_01352,4,3,1,false
916,ppn_tbl_03964,4,3,1,false
917,dash_tbl_00340,4,3,1,false
918,proc_tbl_00754,4,3,1,false
919,dlk_tbl_03095,4,3,1,false
920,dlk_tbl_02716,4,3,1,false
921,proc_tbl_02383,4,3,1,false
922,dlk_tbl_00020,4,3,1,false
923,dlk_tbl_02679,4,3,1,false
924,dlk_tbl_00014,4,3,1,false
925,m4vw_tbl_00763,4,3,1,false
926,dlk_tbl_02850,4,2,2,true
927,dlk_tbl_03600,4,3,1,false
928,proc_tbl_03777,4,3,1,false
929,dlk_tbl_02849,4,3,1,false
930,gob_tbl_04228,4,3,1,false
931,gob_tbl_01947,4,3,1,false
932,gob_tbl_00656,4,3,1,false
933,gob_tbl_03589,4,3,1,false
934,dlk_ext_00217,4,4,0,false
935,gob_tbl_03606,4,3,1,false
936,dash_tbl_02308,4,3,1,false
937,proc_ext_00443,4,4,0,false
938,gob_tbl_02394,4,3,1,false
939,proc_tbl_03928,4,2,2,true
940,gob_tbl_00561,4,3,1,false
941,dlk_tbl_04352,4,3,1,false
942,dash_tbl_03942,4,3,1,false
943,dlk_tbl_02683,4,3,1,false
944,dlk_tbl_02947,4,3,1,false
945,m4sco_tbl_02009,4,3,1,false
946,proc_tbl_01529,4,3,1,false
947,dlk_tbl_04032,4,3,1,false
948,dlk_ext_00396,4,4,0,false
949,gob_tbl_01431,4,3,1,false
950,m4sco_tbl_04296,4,3,1,false
951,dlk_tbl_04083,4,3,1,false
952,dlk_tbl_03438,4,3,1,false
953,dlk_tbl_02095,4,3,1,false
954,m4vw_tbl_03557,4,3,1,false
955,dlk_ext_00476,4,4,0,false
956,gob_tbl_00647,4,3,1,false
957,dash_tbl_03674,4,3,1,false
958,dlk_tbl_00925,4,3,1,false
959,gob_ext_00669,4,4,0,false
960,std_tbl_01224,4,3,1,false
961,gob_tbl_02610,4,3,1,false
962,dash_ext_00493,4,4,0,false
963,gob_tbl_00206,4,3,1,false
964,dlk_tbl_03893,4,3,1,false
965,proc_tbl_04422,4,3,1,false
966,gob_tbl_00732,4,3,1,false
967,m4vw_tbl_01786,4,3,1,false
968,gob_tbl_01360,4,3,1,false
969,m4vw_tbl_03395,4,2,2,true
970,std_tbl_02353,4,3,1,false
971,dlk_tbl_03684,4,3,1,false
972,dash_ext_00492,4,4,0,false
973,dlk_ext_00077,4,4,0,false
974,gob_tbl_03244,4,3,1,false
975,gob_tbl_00525,4,3,1,false
976,dlk_ext_00102,4,4,0,false
977,proc_tbl_03404,4,3,1,false
978,proc_tbl_04235,4,3,1,false
979,gob_tbl_02281,4,3,1,false
980,dlk_tbl_00189,4,3,1,false
981,dlk_ext_00280,4,4,0,false
982,gob_ext_00362,4,4,0,false
983,proc_ext_00424,4,4,0,false
984,dlk_ext_00423,4,4,0,false
985,dlk_tbl_04300,4,3,1,false
986,gob_tbl_02019,4,2,2,true
987,gob_tbl_00783,4,3,1,false
988,gob_tbl_00983,4,3,1,false
989,dash_tbl_00883,4,3,1,false
990,proc_tbl_00486,4,3,1,false
991,proc_tbl_00197,4,3,1,false
992,proc_tbl_02931,4,3,1,false
993,proc_tbl_03584,4,3,1,false
994,m4sco_ext_00472,4,4,0,false
995,dlk_tbl_00293,4,3,1,false
996,dlk_tbl_02522,4,3,1,false
997,dlk_tbl_03216,4,3,1,false
998,gob_tbl_01666,4,3,1,false
999,dlk_tbl_00719,4,3,1,false
1000,gob_tbl_00630,4,3,1,false
1001,dlk_ext_00663,4,4,0,false
1002,dlk_ext_00634,4,4,0,false
1003,gob_tbl_01612,4,3,1,false
1004,gob_tbl_00662,4,3,1,false
1005,dlk_tbl_03520,4,3,1,false
1006,proc_tbl_00477,4,3,1,false
1007,dlk_tbl_01371,4,3,1,false
1008,gob_tbl_03162,4,3,1,false
1009,m4sco_tbl_01526,4,3,1,false
1010,gob_tbl_03105,4,3,1,false
1011,proc_tbl_03604,4,3,1,false
1012,dlk_tbl_03966,4,3,1,false
1013,gob_tbl_03837,4,3,1,false
1014,gob_tbl_00785,4,3,1,false
1015,gob_tbl_00782,4,3,1,false
1016,proc_tbl_04252,4,3,1,false
1017,dlk_tbl_02407,4,3,1,false
1018,gob_tbl_00887,4,3,1,false
1019,dlk_tbl_00055,4,3,1,false
1020,dlk_tbl_01986,4,3,1,false
1021,gob_tbl_03354,4,3,1,false
1022,dlk_ext_00578,4,4,0,false
1023,gob_tbl_02316,4,3,1,false
1024,dlk_tbl_02520,4,3,1,false
1025,dash_tbl_01146,4,3,1,false
1026,dlk_tbl_03472,4,3,1,false
1027,gob_tbl_01602,4,3,1,false
1028,gob_tbl_01159,4,3,1,false
1029,proc_tbl_02904,4,3,1,false
1030,dlk_tbl_02428,4,3,1,false
1031,dlk_tbl_01603,4,3,1,false
1032,dlk_ext_00293,4,4,0,false
1033,m4vw_tbl_02085,4,3,1,false
1034,dlk_tbl_00024,4,3,1,false
1035,gob_tbl_00923,4,3,1,false
1036,gob_tbl_00093,4,3,1,false
1037,dlk_tbl_04162,4,3,1,false
1038,proc_tbl_02840,4,3,1,false
1039,gob_tbl_01008,4,3,1,false
1040,gob_tbl_02067,4,3,1,false
1041,dlk_tbl_03975,4,3,1,false
1042,dash_tbl_04158,4,3,1,false
1043,ppn_tbl_03963,4,3,1,false
1044,gob_tbl_03043,4,3,1,false
1045,dlk_tbl_03166,4,3,1,false
1046,proc_tbl_00988,4,3,1,false
1047,dlk_tbl_04247,4,3,1,false
1048,dlk_tbl_01832,4,3,1,false
1049,dlk_tbl_00904,4,3,1,false
1050,std_ext_00512,4,4,0,false
1051,gob_tbl_00669,4,3,1,false
1052,gob_ext_00067,4,4,0,false
1053,gob_tbl_00214,4,3,1,false
1054,dlk_tbl_01246,4,3,1,false
1055,gob_tbl_01806,4,3,1,false
1056,gob_tbl_01598,4,3,1,false
1057,dlk_tbl_01277,4,3,1,false
1058,gob_tbl_01289,4,3,1,false
1059,gob_tbl_00275,4,3,1,false
1060,gob_tbl_04097,4,3,1,false
1061,gob_tbl_01378,4,3,1,false
1062,dlk_tbl_01301,4,3,1,false
1063,gob_tbl_04385,4,3,1,false
1064,dlk_tbl_03680,4,3,1,false
1065,dash_tbl_00354,4,3,1,false
1066,dlk_tbl_00699,4,3,1,false
1067,proc_tbl_00612,4,3,1,false
1068,proc_ext_00024,4,4,0,false
1069,gob_ext_00164,4,4,0,false
1070,dlk_tbl_01619,4,3,1,false
1071,proc_tbl_04348,4,3,1,false
1072,proc_tbl_04387,4,3,1,false
1073,dlk_tbl_02750,4,3,1,false
1074,dlk_tbl_01504,4,3,1,false
1075,gob_tbl_00467,4,3,1,false
1076,proc_tbl_01396,4,3,1,false
1077,dlk_tbl_00071,4,3,1,false
1078,gob_tbl_03847,4,3,1,false
1079,m4vw_ext_00513,4,4,0,false
1080,dlk_tbl_00068,4,3,1,false
1081,proc_tbl_04337,4,3,1,false
1082,dlk_tbl_00740,4,3,1,false
1083,ppn_tbl_04031,4,3,1,false
1084,proc_tbl_01367,4,3,1,false
1085,dlk_tbl_00808,4,3,1,false
1086,proc_tbl_01355,4,3,1,false
1087,dlk_tbl_01418,4,3,1,false
1088,dash_ext_00146,4,4,0,false
1089,proc_tbl_03116,4,3,1,false
1090,dlk_tbl_00401,4,3,1,false
1091,gob_tbl_03279,4,3,1,false
1092,std_tbl_02327,4,3,1,false
1093,dlk_ext_00615,4,4,0,false
1094,dlk_tbl_01383,4,3,1,false
1095,gob_tbl_03618,4,3,1,false
1096,dash_tbl_03081,4,3,1,false
1097,gob_tbl_01582,4,3,1,false
1098,gob_tbl_02980,4,3,1,false
1099,gob_ext_00016,4,4,0,false
1100,dlk_tbl_03130,4,3,1,false
1101,gob_tbl_04188,4,3,1,false
1102,gob_tbl_02439,4,3,1,false
1103,ppn_ext_00255,4,4,0,false
1104,dlk_ext_00566,4,4,0,false
1105,dlk_tbl_02435,4,3,1,false
1106,gob_ext_00177,4,4,0,false
1107,dlk_tbl_02379,4,3,1,false
1108,gob_tbl_02883,4,3,1,false
1109,gob_tbl_03389,4,3,1,false
1110,dlk_tbl_00261,4,3,1,false
1111,gob_tbl_01115,4,3,1,false
1112,gob_ext_00644,4,4,0,false
1113,dlk_tbl_04349,4,3,1,false
1114,dlk_tbl_03469,4,3,1,false
1115,dlk_tbl_03762,4,3,1,false
1116,gob_tbl_03071,4,3,1,false
1117,gob_tbl_04147,4,3,1,false
1118,gob_tbl_00987,4,3,1,false
1119,proc_tbl_02469,4,3,1,false
1120,gob_tbl_03296,4,3,1,false
1121,gob_tbl_02800,4,3,1,false
1122,ppn_tbl_02022,4,3,1,false
1123,proc_tbl_03348,4,3,1,false
1124,dlk_tbl_00203,4,3,1,false
1125,m4vw_tbl_04122,4,3,1,false
1126,proc_tbl_02169,4,3,1,false
1127,gob_tbl_01885,4,3,1,false
1128,dash_tbl_02416,4,3,1,false
1129,dlk_tbl_00031,4,3,1,false
1130,dlk_tbl_02654,4,3,1,false
1131,dlk_tbl_04448,4,3,1,false
1132,dlk_tbl_02602,4,3,1,false
1133,gob_tbl_03813,4,3,1,false
1134,gob_tbl_02057,4,3,1,false
1135,dlk_tbl_04105,4,3,1,false
1136,gob_tbl_03253,4,3,1,false
1137,dlk_tbl_04417,4,3,1,false
1138,dash_tbl_03563,4,3,1,false
1139,gob_tbl_01795,4,3,1,false
1140,dlk_tbl_01910,4,3,1,false
1141,dlk_tbl_03826,4,3,1,false
1142,dlk_tbl_03908,4,3,1,false
1143,dash_tbl_00717,4,3,1,false
1144,dlk_tbl_02082,4,3,1,false
1145,gob_tbl_00278,4,3,1,false
1146,proc_tbl_01454,4,3,1,false
1147,dlk_tbl_02895,4,3,1,false
1148,gob_tbl_03203,4,3,1,false
1149,dlk_tbl_01778,4,3,1,false
1150,dlk_tbl_03388,4,3,1,false
1151,gob_ext_00511,4,4,0,false
1152,proc_tbl_03224,4,3,1,false
1153,proc_tbl_03293,4,3,1,false
1154,dlk_tbl_00004,4,3,1,false
1155,dlk_tbl_02848,4,3,1,false
1156,dlk_tbl_02151,4,3,1,false
1157,gob_tbl_03058,4,3,1,false
1158,dlk_tbl_01132,4,3,1,false
1159,std_tbl_02562,4,3,1,false
1160,proc_tbl_00227,4,3,1,false
1161,dlk_tbl_02237,4,3,1,false
1162,proc_tbl_01374,4,3,1,false
1163,dlk_tbl_03507,4,3,1,false
1164,ppn_tbl_00195,4,3,1,false
1165,dlk_tbl_03091,4,3,1,false
1166,std_tbl_01173,4,3,1,false
1167,gob_tbl_03175,4,3,1,false
1168,dlk_tbl_01854,4,3,1,false
1169,gob_tbl_03344,4,3,1,false
1170,dlk_tbl_01337,4,3,1,false
1171,gob_tbl_00016,4,3,1,false
1172,proc_ext_00611,4,4,0,false
1173,proc_tbl_02083,4,3,1,false
1174,dlk_tbl_03539,4,3,1,false
1175,gob_tbl_03103,4,3,1,false
1176,gob_tbl_00165,4,3,1,false
1177,gob_tbl_00649,4,3,1,false
1178,gob_ext_00540,4,4,0,false
1179,dlk_tbl_00326,4,3,1,false
1180,gob_tbl_00097,4,3,1,false
1181,gob_tbl_00885,4,3,1,false
1182,dlk_tbl_03900,4,3,1,false
1183,dash_tbl_03970,4,3,1,false
1184,proc_tbl_00280,4,3,1,false
1185,proc_tbl_00524,4,3,1,false
1186,proc_tbl_00098,4,3,1,false
1187,gob_tbl_00179,4,3,1,false
1188,dlk_tbl_02803,4,3,1,false
1189,proc_tbl_01345,4,3,1,false
1190,dlk_tbl_02202,4,3,1,false
1191,dash_tbl_01415,4,3,1,false
1192,gob_ext_00068,4,4,0,false
1193,proc_tbl_01838,4,3,1,false
1194,dash_tbl_04222,4,3,1,false
1195,proc_tbl_02352,4,3,1,false
1196,gob_tbl_01036,4,3,1,false
1197,dash_tbl_03261,4,3,1,false
1198,dlk_tbl_02129,4,3,1,false
1199,std_tbl_04333,4,3,1,false
1200,gob_tbl_00818,4,3,1,false
1201,dlk_tbl_04067,4,3,1,false
1202,dlk_tbl_00292,4,3,1,false
1203,dlk_tbl_01249,4,3,1,false
1204,dlk_tbl_02565,4,3,1,false
1205,proc_ext_00308,4,4,0,false
1206,gob_tbl_02928,4,3,1,false
1207,dlk_tbl_03841,4,3,1,false
1208,gob_tbl_00223,4,3,1,false
1209,dash_tbl_03242,4,3,1,false
1210,gob_ext_00466,4,4,0,false
1211,gob_ext_00283,4,4,0,false
1212,proc_tbl_02577,4,3,1,false
1213,proc_tbl_01935,4,3,1,false
1214,dlk_tbl_03735,4,3,1,false
1215,dlk_ext_00075,4,4,0,false
1216,dash_tbl_03773,4,3,1,false
1217,std_tbl_01203,4,3,1,false
1218,dlk_ext_00073,4,4,0,false
1219,gob_tbl_01739,4,3,1,false
1220,dash_tbl_03547,4,3,1,false
1221,m4vw_tbl_04088,4,3,1,false
1222,dlk_tbl_02357,4,3,1,false
1223,gob_tbl_03435,4,3,1,false
1224,proc_tbl_01873,4,3,1,false
1225,gob_tbl_03076,4,3,1,false
1226,gob_tbl_03982,4,3,1,false
1227,gob_tbl_02835,4,3,1,false
1228,ppn_tbl_01949,4,3,1,false
1229,dlk_ext_00180,4,4,0,false
1230,dlk_tbl_03458,4,3,1,false
1231,dash_tbl_03924,4,3,1,false
1232,proc_tbl_01489,4,3,1,false
1233,proc_ext_00353,4,4,0,false
1234,dlk_ext_00656,4,4,0,false
1235,gob_tbl_03430,4,3,1,false
1236,gob_tbl_00138,4,3,1,false
1237,dlk_tbl_01888,4,3,1,false
1238,std_tbl_00064,4,3,1,false
1239,gob_tbl_03682,4,3,1,false
1240,gob_tbl_02658,4,3,1,false
1241,gob_tbl_01498,4,3,1,false
1242,m4sco_tbl_02250,4,3,1,false
1243,dlk_ext_00536,4,4,0,false
1244,ppn_tbl_00862,4,3,1,false
1245,gob_tbl_03275,4,3,1,false
1246,dlk_tbl_00898,4,3,1,false
1247,gob_ext_00445,3,3,0,false
1248,dlk_tbl_01613,3,2,1,false
1249,std_tbl_00017,3,2,1,false
1250,dlk_tbl_00587,3,2,1,false
1251,dlk_tbl_03221,3,2,1,false
1252,dlk_tbl_01449,3,2,1,false
1253,dlk_ext_00054,3,3,0,false
1254,gob_ext_00196,3,3,0,false
1255,dlk_tbl_02004,3,1,2,true
1256,gob_tbl_04357,3,2,1,false
1257,gob_tbl_00814,3,2,1,false
1258,gob_tbl_03571,3,2,1,false
1259,dlk_tbl_04224,3,2,1,false
1260,dlk_tbl_03710,3,2,1,false
1261,proc_tbl_00842,3,2,1,false
1262,proc_tbl_03146,3,2,1,false
1263,dlk_tbl_02816,3,2,1,false
1264,gob_tbl_03145,3,2,1,false
1265,dlk_tbl_01913,3,1,2,true
1266,gob_ext_00182,3,3,0,false
1267,dlk_tbl_02112,3,2,1,false
1268,gob_tbl_01531,3,2,1,false
1269,dlk_tbl_02668,3,2,1,false
1270,dlk_tbl_01351,3,2,1,false
1271,gob_tbl_01389,3,2,1,false
1272,dlk_tbl_01209,3,2,1,false
1273,gob_tbl_04426,3,2,1,false
1274,dlk_tbl_04205,3,2,1,false
1275,gob_tbl_02470,3,2,1,false
1276,dlk_ext_00089,3,3,0,false
1277,gob_tbl_03079,3,2,1,false
1278,gob_tbl_00920,3,2,1,false
1279,dash_tbl_02674,3,2,1,false
1280,proc_tbl_02607,3,2,1,false
1281,dlk_tbl_03902,3,2,1,false
1282,dlk_tbl_03154,3,2,1,false
1283,gob_tbl_01881,3,2,1,false
1284,dlk_ext_00433,3,3,0,false
1285,std_tbl_00040,3,2,1,false
1286,dlk_tbl_04216,3,2,1,false
1287,gob_tbl_03429,3,2,1,false
1288,m4sco_tbl_00121,3,2,1,false
1289,std_tbl_02115,3,2,1,false
1290,dlk_tbl_01663,3,2,1,false
1291,gob_tbl_02405,3,2,1,false
1292,gob_tbl_00299,3,2,1,false
1293,dlk_tbl_04053,3,2,1,false
1294,proc_ext_00556,3,3,0,false
1295,dlk_tbl_00094,3,2,1,false
1296,proc_tbl_03796,3,2,1,false
1297,std_tbl_02225,3,2,1,false
1298,dash_tbl_03799,3,2,1,false
1299,dlk_tbl_01896,3,2,1,false
1300,gob_tbl_02180,3,2,1,false
1301,gob_ext_00681,3,3,0,false
1302,dlk_tbl_04182,3,2,1,false
1303,dlk_tbl_02018,3,2,1,false
1304,gob_tbl_00252,3,2,1,false
1305,dash_tbl_01715,3,2,1,false
1306,proc_tbl_03855,3,2,1,false
1307,proc_tbl_01034,3,2,1,false
1308,dash_tbl_02767,3,2,1,false
1309,proc_tbl_02978,3,2,1,false
1310,dash_tbl_03447,3,2,1,false
1311,gob_tbl_02536,3,2,1,false
1312,gob_ext_00022,3,3,0,false
1313,proc_tbl_02962,3,2,1,false
1314,proc_tbl_02406,3,2,1,false
1315,gob_tbl_00599,3,2,1,false
1316,gob_tbl_03613,3,2,1,false
1317,dash_ext_00159,3,3,0,false
1318,proc_tbl_00204,3,2,1,false
1319,gob_tbl_02146,3,2,1,false
1320,gob_tbl_02954,3,2,1,false
1321,dlk_tbl_00737,3,2,1,false
1322,gob_tbl_02459,3,2,1,false
1323,gob_ext_00468,3,3,0,false
1324,dlk_tbl_00318,3,2,1,false
1325,gob_tbl_02790,3,2,1,false
1326,proc_tbl_04317,3,1,2,true
1327,gob_tbl_02877,3,2,1,false
1328,dlk_tbl_02461,3,2,1,false
1329,gob_tbl_04363,3,2,1,false
1330,gob_tbl_03015,3,2,1,false
1331,gob_tbl_02911,3,2,1,false
1332,dlk_tbl_03660,3,2,1,false
1333,gob_tbl_02418,3,2,1,false
1334,dlk_tbl_04045,3,2,1,false
1335,proc_tbl_00099,3,2,1,false
1336,gob_tbl_02582,3,2,1,false
1337,dlk_tbl_04127,3,2,1,false
1338,proc_tbl_03500,3,2,1,false
1339,proc_tbl_00491,3,2,1,false
1340,ppn_tbl_02443,3,2,1,false
1341,proc_tbl_01198,3,2,1,false
1342,gob_tbl_02196,3,2,1,false
1343,dlk_tbl_03661,3,2,1,false
1344,proc_tbl_00316,3,2,1,false
1345,proc_tbl_03877,3,2,1,false
1346,proc_tbl_01343,3,2,1,false
1347,gob_tbl_03457,3,2,1,false
1348,gob_tbl_03819,3,2,1,false
1349,gob_tbl_02856,3,2,1,false
1350,dlk_tbl_00015,3,2,1,false
1351,proc_ext_00498,3,3,0,false
1352,dlk_tbl_02187,3,2,1,false
1353,dlk_tbl_01407,3,2,1,false
1354,gob_tbl_02781,3,2,1,false
1355,dlk_tbl_01101,3,2,1,false
1356,dlk_ext_00160,3,3,0,false
1357,dlk_tbl_03839,3,2,1,false
1358,proc_tbl_04106,3,2,1,false
1359,proc_tbl_03790,3,2,1,false
1360,dlk_tbl_01512,3,2,1,false
1361,gob_tbl_03147,3,2,1,false
1362,dlk_tbl_02056,3,2,1,false
1363,dlk_ext_00336,3,3,0,false
1364,dlk_tbl_00951,3,2,1,false
1365,proc_tbl_01817,3,2,1,false
1366,m4vw_tbl_04017,3,2,1,false
1367,dlk_tbl_02554,3,2,1,false
1368,dlk_tbl_00602,3,2,1,false
1369,dash_ext_00281,3,3,0,false
1370,dash_tbl_03875,3,2,1,false
1371,dlk_tbl_01960,3,2,1,false
1372,gob_tbl_00896,3,2,1,false
1373,std_tbl_04080,3,2,1,false
1374,gob_tbl_02581,3,2,1,false
1375,proc_tbl_01698,3,2,1,false
1376,gob_tbl_01105,3,2,1,false
1377,dlk_tbl_03797,3,2,1,false
1378,dash_tbl_01756,3,2,1,false
1379,std_tbl_01490,3,2,1,false
1380,gob_tbl_01044,3,2,1,false
1381,gob_tbl_00233,3,2,1,false
1382,gob_tbl_01335,3,2,1,false
1383,dlk_tbl_03223,3,2,1,false
1384,proc_tbl_01578,3,2,1,false
1385,proc_tbl_02421,3,2,1,false
1386,dlk_ext_00213,3,3,0,false
1387,proc_tbl_00454,3,2,1,false
1388,dlk_tbl_02862,3,2,1,false
1389,dlk_tbl_01147,3,2,1,false
1390,proc_tbl_03065,3,2,1,false
1391,m4vw_tbl_03973,3,2,1,false
1392,gob_tbl_00243,3,2,1,false
1393,proc_tbl_02678,3,2,1,false
1394,gob_tbl_00672,3,2,1,false
1395,dash_tbl_01646,3,2,1,false
1396,gob_tbl_02705,3,2,1,false
1397,dlk_tbl_02587,3,2,1,false
1398,gob_tbl_00864,3,2,1,false
1399,std_tbl_00472,3,2,1,false
1400,gob_tbl_00967,3,2,1,false
1401,proc_tbl_02385,3,2,1,false
1402,dash_tbl_01858,3,2,1,false
1403,gob_tbl_03637,3,2,1,false
1404,dlk_tbl_00621,3,2,1,false
1405,std_tbl_03339,3,2,1,false
1406,dash_tbl_03596,3,2,1,false
1407,std_tbl_03617,3,2,1,false
1408,gob_tbl_02905,3,2,1,false
1409,dlk_tbl_03624,3,2,1,false
1410,gob_tbl_02177,3,2,1,false
1411,gob_tbl_00057,3,2,1,false
1412,gob_ext_00149,3,3,0,false
1413,dlk_ext_00053,3,3,0,false
1414,dlk_tbl_00616,3,2,1,false
1415,dlk_tbl_00159,3,2,1,false
1416,dlk_tbl_03486,3,2,1,false
1417,gob_ext_00330,3,3,0,false
1418,gob_tbl_03642,3,2,1,false
1419,gob_tbl_01253,3,2,1,false
1420,gob_tbl_01855,3,2,1,false
1421,gob_tbl_03489,3,2,1,false
1422,ppn_tbl_00355,3,2,1,false
1423,dlk_tbl_00674,3,2,1,false
1424,dlk_ext_00154,3,3,0,false
1425,proc_tbl_01283,3,2,1,false
1426,dlk_tbl_04212,3,2,1,false
1427,gob_ext_00141,3,3,0,false
1428,dash_tbl_03131,3,2,1,false
1429,gob_tbl_00469,3,2,1,false
1430,gob_tbl_01440,3,2,1,false
1431,gob_tbl_00817,3,2,1,false
1432,std_tbl_03793,3,1,2,true
1433,gob_tbl_02648,3,2,1,false
1434,gob_tbl_00209,3,2,1,false
1435,gob_tbl_03119,3,2,1,false
1436,dash_tbl_01358,3,2,1,false
1437,dlk_tbl_01421,3,2,1,false
1438,dlk_tbl_00795,3,2,1,false
1439,gob_tbl_03243,3,2,1,false
1440,proc_tbl_00847,3,2,1,false
1441,m4vw_tbl_01813,3,2,1,false
1442,gob_ext_00048,3,3,0,false
1443,dlk_tbl_03681,3,2,1,false
1444,gob_tbl_00771,3,2,1,false
1445,dlk_tbl_02677,3,2,1,false
1446,proc_tbl_01607,3,2,1,false
1447,std_tbl_01679,3,2,1,false
1448,dlk_tbl_04257,3,2,1,false
1449,proc_tbl_03736,3,2,1,false
1450,gob_ext_00126,3,3,0,false
1451,gob_tbl_00876,3,2,1,false
1452,dlk_tbl_00886,3,2,1,false
1453,gob_ext_00011,3,3,0,false
1454,dlk_tbl_01743,3,2,1,false
1455,proc_tbl_00144,3,2,1,false
1456,proc_tbl_02482,3,2,1,false
1457,gob_tbl_03214,3,2,1,false
1458,dlk_tbl_02723,3,2,1,false
1459,proc_ext_00039,3,3,0,false
1460,gob_tbl_01988,3,2,1,false
1461,dlk_tbl_04223,3,2,1,false
1462,m4vw_tbl_04035,3,2,1,false
1463,gob_tbl_02139,3,2,1,false
1464,proc_tbl_02989,3,2,1,false
1465,proc_tbl_02990,3,2,1,false
1466,gob_tbl_02124,3,2,1,false
1467,gob_tbl_03809,3,2,1,false
1468,dash_tbl_03953,3,2,1,false
1469,dlk_tbl_03390,3,2,1,false
1470,dash_tbl_00399,3,2,1,false
1471,dlk_tbl_04389,3,2,1,false
1472,gob_tbl_01895,3,2,1,false
1473,proc_tbl_00325,3,2,1,false
1474,dlk_tbl_00968,3,2,1,false
1475,m4vw_tbl_02606,3,2,1,false
1476,dlk_tbl_00570,3,2,1,false
1477,dlk_tbl_03013,3,2,1,false
1478,dlk_tbl_04115,3,2,1,false
1479,dlk_tbl_00546,3,2,1,false
1480,std_tbl_02759,3,2,1,false
1481,proc_tbl_01031,3,2,1,false
1482,gob_tbl_01395,3,2,1,false
1483,dlk_tbl_03992,3,2,1,false
1484,gob_tbl_03578,3,2,1,false
1485,dash_tbl_03000,3,2,1,false
1486,gob_tbl_03080,3,2,1,false
1487,dlk_tbl_02350,3,2,1,false
1488,gob_tbl_01568,3,2,1,false
1489,gob_tbl_03180,3,2,1,false
1490,gob_tbl_00793,3,2,1,false
1491,proc_tbl_02936,3,2,1,false
1492,dlk_tbl_00652,3,2,1,false
1493,proc_tbl_02002,3,2,1,false
1494,gob_tbl_00945,3,2,1,false
1495,proc_tbl_01596,3,2,1,false
1496,dlk_tbl_02128,3,2,1,false
1497,gob_tbl_02131,3,2,1,false
1498,gob_tbl_02768,3,2,1,false
1499,m4sco_ext_00107,3,3,0,false
1500,dlk_tbl_02831,3,2,1,false
1501,proc_tbl_00279,3,2,1,false
1502,dlk_tbl_02387,3,2,1,false
1503,gob_tbl_02125,3,2,1,false
1504,proc_tbl_03858,3,2,1,false
1505,gob_tbl_02731,3,2,1,false
1506,gob_tbl_02498,3,2,1,false
1507,dlk_tbl_02514,3,2,1,false
1508,dlk_tbl_03535,3,2,1,false
1509,proc_tbl_00074,3,2,1,false
1510,dash_tbl_00856,3,2,1,false
1511,gob_tbl_01201,3,2,1,false
1512,gob_tbl_04401,3,2,1,false
1513,proc_tbl_01097,3,2,1,false
1514,proc_tbl_01684,3,2,1,false
1515,proc_tbl_00629,3,2,1,false
1516,ppn_tbl_00560,3,2,1,false
1517,gob_tbl_01592,3,2,1,false
1518,dlk_tbl_01887,3,2,1,false
1519,dlk_tbl_02245,3,2,1,false
1520,dlk_tbl_01007,3,2,1,false
1521,gob_tbl_00437,3,2,1,false
1522,proc_tbl_01972,3,2,1,false
1523,dash_tbl_01664,3,2,1,false
1524,proc_tbl_02552,3,2,1,false
1525,gob_tbl_01934,3,2,1,false
1526,proc_tbl_02206,3,2,1,false
1527,gob_tbl_03300,3,2,1,false
1528,dlk_tbl_01765,3,2,1,false
1529,dlk_tbl_01397,3,2,1,false
1530,gob_tbl_02234,3,2,1,false
1531,gob_tbl_02043,3,2,1,false
1532,proc_tbl_01710,3,2,1,false
1533,dlk_tbl_00457,3,2,1,false
1534,dlk_tbl_02993,3,2,1,false
1535,dlk_tbl_00152,3,2,1,false
1536,dash_tbl_01905,3,2,1,false
1537,gob_tbl_03088,3,2,1,false
1538,gob_tbl_00341,3,2,1,false
1539,proc_tbl_01179,3,1,2,true
1540,dash_tbl_03561,3,2,1,false
1541,dash_tbl_02702,3,2,1,false
1542,std_tbl_03827,3,2,1,false
1543,gob_tbl_03089,3,2,1,false
1544,dlk_tbl_01400,3,2,1,false
1545,proc_tbl_00153,3,2,1,false
1546,gob_tbl_03134,3,2,1,false
1547,proc_tbl_00816,3,2,1,false
1548,dlk_tbl_02186,3,2,1,false
1549,dlk_tbl_02270,3,2,1,false
1550,gob_tbl_00728,3,2,1,false
1551,dash_tbl_01356,3,2,1,false
1552,gob_tbl_02948,3,2,1,false
1553,gob_tbl_00130,3,2,1,false
1554,proc_tbl_00529,3,2,1,false
1555,gob_tbl_02972,3,1,2,true
1556,std_tbl_02697,3,2,1,false
1557,dlk_tbl_03987,3,2,1,false
1558,gob_tbl_03167,3,1,2,true
1559,dlk_tbl_03693,3,2,1,false
1560,dlk_tbl_04189,3,2,1,false
1561,proc_tbl_00542,3,2,1,false
1562,dash_ext_00072,3,3,0,false
1563,dlk_tbl_03240,3,2,1,false
1564,gob_tbl_00663,3,2,1,false
1565,gob_tbl_00384,3,2,1,false
1566,dlk_ext_00244,3,3,0,false
1567,dlk_ext_00422,3,3,0,false
1568,std_tbl_02178,3,2,1,false
1569,dlk_tbl_01749,3,2,1,false
1570,gob_tbl_00609,3,2,1,false
1571,gob_tbl_03492,3,2,1,false
1572,gob_tbl_02338,3,2,1,false
1573,dlk_tbl_04435,3,2,1,false
1574,proc_tbl_03605,3,2,1,false
1575,std_tbl_01256,3,2,1,false
1576,dlk_ext_00323,3,3,0,false
1577,proc_tbl_01753,3,2,1,false
1578,proc_tbl_02810,3,2,1,false
1579,gob_tbl_03788,3,2,1,false
1580,gob_tbl_01826,3,2,1,false
1581,dlk_tbl_04094,3,2,1,false
1582,dlk_tbl_00701,3,2,1,false
1583,dlk_tbl_00186,3,2,1,false
1584,dlk_tbl_00119,3,2,1,false
1585,dash_tbl_00872,3,2,1,false
1586,m4sco_tbl_01291,3,2,1,false
1587,dlk_tbl_03733,3,2,1,false
1588,gob_tbl_01799,3,2,1,false
1589,gob_tbl_02614,3,2,1,false
1590,gob_tbl_00889,3,2,1,false
1591,dlk_tbl_03290,3,2,1,false
1592,dlk_tbl_00468,3,2,1,false
1593,dlk_tbl_03720,3,2,1,false
1594,proc_tbl_03898,3,2,1,false
1595,gob_tbl_00620,3,2,1,false
1596,dlk_tbl_01445,3,2,1,false
1597,proc_tbl_03632,3,2,1,false
1598,gob_tbl_02559,3,2,1,false
1599,dlk_tbl_01195,3,2,1,false
1600,dlk_tbl_01609,3,2,1,false
1601,dlk_tbl_02728,3,2,1,false
1602,proc_tbl_00687,3,2,1,false
1603,gob_ext_00410,3,3,0,false
1604,proc_tbl_02349,3,2,1,false
1605,dlk_tbl_03555,3,2,1,false
1606,std_tbl_00348,3,2,1,false
1607,dlk_tbl_00381,3,2,1,false
1608,dlk_tbl_00229,3,2,1,false
1609,std_tbl_00610,3,2,1,false
1610,proc_tbl_04112,3,2,1,false
1611,dlk_tbl_04166,3,2,1,false
1612,gob_tbl_02596,3,2,1,false
1613,dlk_tbl_00526,3,2,1,false
1614,gob_tbl_03553,3,2,1,false
1615,gob_tbl_01941,3,2,1,false
1616,dlk_tbl_04292,3,2,1,false
1617,dlk_tbl_02437,3,2,1,false
1618,dlk_ext_00123,3,3,0,false
1619,proc_tbl_04354,3,2,1,false
1620,m4vw_tbl_01070,3,2,1,false
1621,proc_tbl_01252,3,2,1,false
1622,proc_tbl_00088,3,2,1,false
1623,dash_tbl_02985,3,2,1,false
1624,gob_tbl_01076,3,2,1,false
1625,gob_tbl_02280,3,2,1,false
1626,dlk_tbl_01312,3,2,1,false
1627,gob_tbl_00371,3,2,1,false
1628,dlk_tbl_03475,3,2,1,false
1629,ppn_tbl_03052,3,2,1,false
1630,dlk_tbl_04206,3,2,1,false
1631,dash_tbl_02130,3,2,1,false
1632,gob_tbl_03484,3,2,1,false
1633,proc_tbl_01719,3,2,1,false
1634,gob_tbl_04313,3,2,1,false
1635,proc_tbl_00377,3,2,1,false
1636,proc_ext_00501,3,3,0,false
1637,gob_tbl_00651,3,2,1,false
1638,dlk_tbl_04360,3,2,1,false
1639,proc_tbl_02952,3,2,1,false
1640,dlk_tbl_04274,3,2,1,false
1641,dlk_tbl_04304,3,2,1,false
1642,proc_tbl_02438,3,2,1,false
1643,gob_tbl_01856,3,2,1,false
1644,dash_tbl_04453,3,2,1,false
1645,dlk_ext_00418,3,3,0,false
1646,dlk_tbl_03697,3,2,1,false
1647,proc_tbl_01480,3,2,1,false
1648,dlk_tbl_00512,3,2,1,false
1649,dlk_tbl_01240,3,2,1,false
1650,gob_tbl_04064,3,2,1,false
1651,gob_tbl_01269,3,2,1,false
1652,dlk_tbl_02852,3,2,1,false
1653,gob_tbl_04390,3,2,1,false
1654,gob_tbl_02880,3,2,1,false
1655,dlk_tbl_01078,3,2,1,false
1656,gob_tbl_03567,3,2,1,false
1657,dlk_tbl_04021,3,2,1,false
1658,proc_tbl_02680,3,2,1,false
1659,ppn_ext_00058,3,3,0,false
1660,gob_tbl_01977,3,2,1,false
1661,dlk_tbl_01336,3,2,1,false
1662,gob_tbl_01320,3,2,1,false
1663,gob_tbl_01264,3,2,1,false
1664,dlk_tbl_00681,3,2,1,false
1665,gob_tbl_04315,3,2,1,false
1666,dash_tbl_03756,3,2,1,false
1667,dlk_tbl_04418,3,2,1,false
1668,m4vw_tbl_00766,3,2,1,false
1669,dlk_tbl_03249,3,2,1,false
1670,dlk_tbl_04046,3,2,1,false
1671,gob_tbl_03018,3,2,1,false
1672,std_tbl_01245,3,1,2,true
1673,m4sco_tbl_03977,3,2,1,false
1674,dlk_tbl_02871,3,1,2,true
1675,gob_tbl_01060,3,2,1,false
1676,gob_tbl_00832,3,2,1,false
1677,dlk_tbl_01999,3,2,1,false
1678,gob_tbl_03328,3,2,1,false
1679,dlk_ext_00648,3,3,0,false
1680,dlk_tbl_00480,3,2,1,false
1681,gob_tbl_04312,3,2,1,false
1682,proc_tbl_01357,3,2,1,false
1683,dlk_tbl_01948,3,2,1,false
1684,gob_tbl_00731,3,2,1,false
1685,dlk_tbl_03981,3,2,1,false
1686,dlk_tbl_04287,3,2,1,false
1687,gob_tbl_03359,3,2,1,false
1688,gob_tbl_01968,3,2,1,false
1689,dlk_tbl_01018,3,2,1,false
1690,gob_tbl_02426,3,2,1,false
1691,gob_tbl_00776,3,2,1,false
1692,gob_tbl_03159,3,2,1,false
1693,gob_tbl_03219,3,2,1,false
1694,proc_tbl_02173,3,2,1,false
1695,proc_tbl_01516,3,2,1,false
1696,gob_tbl_03002,3,2,1,false
1697,gob_tbl_02305,3,2,1,false
1698,dlk_tbl_04400,3,2,1,false
1699,gob_ext_00406,3,3,0,false
1700,dlk_tbl_00969,3,2,1,false
1701,gob_tbl_01284,3,2,1,false
1702,gob_tbl_00060,3,2,1,false
1703,gob_tbl_01129,3,2,1,false
1704,proc_tbl_03860,3,2,1,false
1705,gob_tbl_01095,3,2,1,false
1706,dlk_ext_00398,3,3,0,false
1707,dlk_tbl_03003,3,2,1,false
1708,gob_tbl_00122,3,2,1,false
1709,m4vw_tbl_00660,3,2,1,false
1710,gob_tbl_03148,3,2,1,false
1711,gob_tbl_03958,3,2,1,false
1712,dlk_tbl_02273,3,2,1,false
1713,dlk_ext_00428,3,3,0,false
1714,gob_tbl_03352,3,2,1,false
1715,dlk_tbl_04377,3,2,1,false
1716,std_tbl_02430,3,2,1,false
1717,dlk_tbl_02398,3,2,1,false
1718,dlk_tbl_00963,3,2,1,false
1719,dlk_tbl_00446,3,2,1,false
1720,dlk_tbl_00933,3,2,1,false
1721,ppn_tbl_00147,3,2,1,false
1722,dash_tbl_01272,3,2,1,false
1723,gob_tbl_04403,3,2,1,false
1724,proc_tbl_03019,3,2,1,false
1725,m4sco_tbl_00045,3,2,1,false
1726,dlk_tbl_00281,3,2,1,false
1727,proc_tbl_00006,3,2,1,false
1728,gob_ext_00172,3,3,0,false
1729,proc_tbl_02343,3,2,1,false
1730,dash_tbl_00753,3,2,1,false
1731,dlk_tbl_00966,3,2,1,false
1732,proc_tbl_02938,3,2,1,false
1733,proc_tbl_04439,3,2,1,false
1734,gob_tbl_03045,3,2,1,false
1735,proc_tbl_01347,3,2,1,false
1736,proc_tbl_02466,3,2,1,false
1737,m4sco_tbl_00789,3,2,1,false
1738,proc_tbl_02493,3,2,1,false
1739,gob_tbl_00030,3,2,1,false
1740,dlk_tbl_02000,3,2,1,false
1741,dlk_tbl_03387,3,2,1,false
1742,gob_tbl_02670,3,2,1,false
1743,dlk_tbl_03760,3,2,1,false
1744,dlk_tbl_03141,3,2,1,false
1745,m4vw_tbl_00639,3,2,1,false
1746,gob_tbl_03129,3,2,1,false
1747,proc_tbl_02486,3,2,1,false
1748,dlk_tbl_02572,3,2,1,false
1749,dlk_tbl_02531,3,2,1,false
1750,dash_tbl_02616,3,1,2,true
1751,gob_tbl_03545,3,2,1,false
1752,dlk_tbl_00019,3,2,1,false
1753,gob_ext_00246,3,3,0,false
1754,ppn_tbl_02854,3,2,1,false
1755,gob_tbl_00364,3,2,1,false
1756,gob_tbl_02140,3,2,1,false
1757,gob_tbl_03048,3,2,1,false
1758,proc_tbl_00644,3,2,1,false
1759,gob_tbl_02084,3,2,1,false
1760,dlk_tbl_01519,3,2,1,false
1761,gob_tbl_03186,3,2,1,false
1762,gob_tbl_03651,3,2,1,false
1763,gob_tbl_01827,3,2,1,false
1764,gob_tbl_02373,3,2,1,false
1765,gob_tbl_02521,3,2,1,false
1766,dlk_tbl_04335,3,2,1,false
1767,dlk_tbl_00931,3,2,1,false
1768,m4vw_tbl_03304,3,2,1,false
1769,gob_tbl_02913,3,2,1,false
1770,gob_tbl_02074,3,2,1,false
1771,dlk_tbl_03901,3,1,2,true
1772,std_tbl_03936,3,2,1,false
1773,dlk_tbl_01876,3,2,1,false
1774,dash_tbl_00335,3,2,1,false
1775,dlk_tbl_03448,3,2,1,false
1776,dash_tbl_02801,3,2,1,false
1777,dlk_tbl_02778,3,2,1,false
1778,gob_tbl_00131,3,2,1,false
1779,proc_tbl_02325,3,2,1,false
1780,dlk_tbl_03766,3,2,1,false
1781,m4vw_tbl_00389,3,2,1,false
1782,dlk_tbl_01145,3,2,1,false
1783,dlk_tbl_02047,3,2,1,false
1784,gob_tbl_02420,3,2,1,false
1785,dlk_tbl_03996,3,2,1,false
1786,dlk_tbl_03938,3,2,1,false
1787,dlk_ext_00191,3,3,0,false
1788,dlk_tbl_03888,3,2,1,false
1789,proc_tbl_01815,3,2,1,false
1790,gob_tbl_01866,3,2,1,false
1791,dlk_tbl_03863,3,2,1,false
1792,gob_tbl_04157,3,2,1,false
1793,gob_tbl_02208,3,2,1,false
1794,proc_tbl_03678,3,2,1,false
1795,dash_tbl_02312,3,2,1,false
1796,dash_tbl_02495,3,2,1,false
1797,gob_tbl_03454,3,2,1,false
1798,gob_tbl_02528,3,2,1,false
1799,gob_tbl_00791,3,2,1,false
1800,dash_tbl_04041,3,2,1,false
1801,dlk_tbl_04073,3,2,1,false
1802,gob_tbl_04211,3,2,1,false
1803,gob_tbl_01501,3,2,1,false
1804,gob_tbl_01803,3,2,1,false
1805,dash_tbl_01223,3,2,1,false
1806,gob_tbl_02832,3,2,1,false
1807,gob_tbl_00749,3,2,1,false
1808,gob_tbl_02395,3,2,1,false
1809,dlk_tbl_02159,3,2,1,false
1810,dlk_tbl_01021,3,2,1,false
1811,gob_ext_00237,3,3,0,false
1812,gob_tbl_02555,3,2,1,false
1813,dlk_ext_00236,3,3,0,false
1814,dash_tbl_03834,3,1,2,true
1815,gob_tbl_02154,3,2,1,false
1816,gob_tbl_03894,3,2,1,false
1817,proc_tbl_01028,3,2,1,false
1818,proc_tbl_01184,3,2,1,false
1819,gob_tbl_04142,3,2,1,false
1820,gob_tbl_03094,3,2,1,false
1821,gob_tbl_03247,3,2,1,false
1822,dash_tbl_02916,3,2,1,false
1823,dlk_tbl_00419,3,2,1,false
1824,std_tbl_00877,3,2,1,false
1825,dash_tbl_01543,3,2,1,false
1826,proc_tbl_01485,3,2,1,false
1827,dlk_tbl_00027,3,2,1,false
1828,dlk_tbl_04243,3,2,1,false
1829,dlk_tbl_04277,3,2,1,false
1830,dlk_tbl_00073,3,1,2,true
1831,gob_tbl_03641,3,2,1,false
1832,gob_tbl_04355,3,2,1,false
1833,dlk_tbl_01399,3,2,1,false
1834,dlk_tbl_00409,3,2,1,false
1835,dlk_tbl_00388,3,2,1,false
1836,gob_tbl_00778,3,2,1,false
1837,gob_tbl_00132,3,2,1,false
1838,gob_tbl_04382,3,2,1,false
1839,gob_tbl_01534,3,2,1,false
1840,dlk_tbl_00392,3,2,1,false
1841,gob_tbl_01236,3,2,1,false
1842,gob_tbl_02133,3,2,1,false
1843,ppn_tbl_01790,3,2,1,false
1844,dlk_ext_00411,3,3,0,false
1845,gob_tbl_02382,3,2,1,false
1846,dlk_ext_00124,3,3,0,false
1847,proc_tbl_03118,3,2,1,false
1848,gob_tbl_00410,3,2,1,false
1849,gob_tbl_03269,3,1,2,true
1850,dlk_tbl_00137,3,2,1,false
1851,std_tbl_04117,3,2,1,false
1852,dlk_ext_00342,3,3,0,false
1853,gob_tbl_01046,3,2,1,false
1854,dlk_tbl_00485,3,2,1,false
1855,gob_tbl_03882,3,2,1,false
1856,gob_tbl_03126,3,2,1,false
1857,proc_tbl_01134,3,2,1,false
1858,dlk_tbl_04309,3,1,2,true
1859,proc_tbl_03097,3,2,1,false
1860,dash_tbl_01677,3,2,1,false
1861,gob_tbl_02058,3,2,1,false
1862,dlk_tbl_02011,3,2,1,false
1863,gob_tbl_00455,3,2,1,false
1864,dlk_tbl_04421,3,2,1,false
1865,gob_tbl_01724,3,2,1,false
1866,dlk_tbl_02106,3,2,1,false
1867,proc_tbl_01754,3,2,1,false
1868,dlk_tbl_03456,3,2,1,false
1869,proc_tbl_01762,3,2,1,false
1870,gob_tbl_03042,3,2,1,false
1871,gob_tbl_01214,3,2,1,false
1872,dlk_tbl_04269,3,2,1,false
1873,dlk_tbl_02940,3,2,1,false
1874,proc_tbl_03915,3,2,1,false
1875,gob_tbl_00148,3,2,1,false
1876,proc_ext_00343,3,3,0,false
1877,gob_tbl_00421,3,2,1,false
1878,dlk_tbl_02859,3,2,1,false
1879,dlk_tbl_02509,3,2,1,false
1880,dlk_ext_00555,3,3,0,false
1881,dlk_tbl_04018,3,2,1,false
1882,gob_tbl_02612,3,2,1,false
1883,dlk_tbl_04234,3,2,1,false
1884,proc_ext_00216,3,3,0,false
1885,dlk_tbl_03800,3,2,1,false
1886,dlk_tbl_02605,3,2,1,false
1887,dlk_tbl_00829,3,2,1,false
1888,dlk_tbl_03034,3,2,1,false
1889,dlk_tbl_02263,3,2,1,false
1890,dlk_tbl_00425,3,2,1,false
1891,dlk_tbl_00109,3,2,1,false
1892,dash_tbl_02363,3,2,1,false
1893,gob_tbl_00566,3,2,1,false
1894,gob_tbl_02091,3,2,1,false
1895,proc_tbl_00517,3,2,1,false
1896,gob_tbl_00853,3,2,1,false
1897,std_tbl_04339,3,2,1,false
1898,gob_tbl_02254,3,2,1,false
1899,gob_tbl_03480,3,2,1,false
1900,gob_tbl_02655,3,2,1,false
1901,gob_tbl_03001,3,2,1,false
1902,dlk_tbl_04323,3,2,1,false
1903,gob_tbl_04242,3,2,1,false
1904,dlk_tbl_03519,3,2,1,false
1905,dlk_ext_00059,3,3,0,false
1906,gob_tbl_03273,3,2,1,false
1907,dlk_tbl_01089,3,2,1,false
1908,dash_tbl_03320,3,2,1,false
1909,dlk_tbl_02135,3,2,1,false
1910,dlk_tbl_02644,3,2,1,false
1911,proc_tbl_01610,3,2,1,false
1912,dlk_ext_00015,3,3,0,false
1913,gob_tbl_01869,3,2,1,false
1914,gob_tbl_02638,3,2,1,false
1915,proc_tbl_00769,3,2,1,false
1916,dlk_tbl_00084,3,2,1,false
1917,dlk_tbl_03638,3,2,1,false
1918,gob_tbl_04066,3,2,1,false
1919,dlk_tbl_03121,3,2,1,false
1920,dlk_tbl_01660,3,2,1,false
1921,proc_tbl_01538,3,2,1,false
1922,dlk_tbl_02600,3,2,1,false
1923,gob_tbl_04438,3,2,1,false
1924,proc_tbl_00574,3,2,1,false
1925,dlk_tbl_02081,3,2,1,false
1926,std_tbl_01080,3,2,1,false
1927,dlk_tbl_01344,3,2,1,false
1928,proc_tbl_00844,3,2,1,false
1929,gob_tbl_03899,3,2,1,false
1930,gob_tbl_02257,3,2,1,false
1931,proc_tbl_02063,3,2,1,false
1932,gob_tbl_01809,3,2,1,false
1933,dlk_tbl_01022,3,2,1,false
1934,proc_tbl_01409,3,2,1,false
1935,dlk_tbl_03367,3,2,1,false
1936,gob_tbl_03363,3,2,1,false
1937,dlk_tbl_00499,3,2,1,false
1938,gob_tbl_02239,3,2,1,false
1939,gob_tbl_01513,3,2,1,false
1940,dlk_tbl_00061,3,2,1,false
1941,dlk_tbl_01692,3,2,1,false
1942,dlk_tbl_01883,3,2,1,false
1943,dlk_tbl_02024,3,2,1,false
1944,dlk_tbl_02286,3,2,1,false
1945,dash_tbl_02696,3,2,1,false
1946,dlk_tbl_02330,3,2,1,false
1947,gob_tbl_03418,3,2,1,false
1948,dlk_tbl_02119,3,2,1,false
1949,ppn_tbl_00596,3,2,1,false
1950,dash_tbl_01050,3,2,1,false
1951,dash_tbl_04376,3,2,1,false
1952,dlk_tbl_02302,3,2,1,false
1953,proc_tbl_00748,3,2,1,false
1954,dlk_tbl_02742,3,2,1,false
1955,proc_tbl_03950,3,2,1,false
1956,dlk_tbl_03816,3,2,1,false
1957,gob_ext_00071,3,3,0,false
1958,dash_tbl_03347,3,2,1,false
1959,dash_tbl_01737,3,2,1,false
1960,dlk_tbl_02051,3,2,1,false
1961,gob_tbl_02069,3,2,1,false
1962,proc_tbl_03635,3,2,1,false
1963,gob_tbl_04256,3,2,1,false
1964,dlk_tbl_04416,3,2,1,false
1965,dlk_tbl_01458,3,2,1,false
1966,dlk_tbl_03948,3,2,1,false
1967,gob_tbl_00215,3,2,1,false
1968,proc_tbl_04116,3,2,1,false
1969,dlk_tbl_01823,3,2,1,false
1970,dlk_tbl_01808,3,1,2,true
1971,dlk_tbl_02121,3,2,1,false
1972,gob_tbl_04381,3,2,1,false
1973,proc_ext_00302,3,3,0,false
1974,gob_tbl_01017,3,2,1,false
1975,dlk_tbl_00838,3,2,1,false
1976,dlk_tbl_02682,3,2,1,false
1977,dash_tbl_04129,3,2,1,false
1978,dlk_tbl_01219,3,2,1,false
1979,dlk_tbl_03872,3,2,1,false
1980,gob_tbl_04261,3,2,1,false
1981,gob_tbl_00450,3,2,1,false
1982,dlk_tbl_00067,3,2,1,false
1983,dlk_tbl_04284,3,2,1,false
1984,gob_ext_00463,3,3,0,false
1985,gob_tbl_00979,3,2,1,false
1986,dlk_tbl_03310,3,2,1,false
1987,dlk_tbl_01745,3,2,1,false
1988,dlk_tbl_02578,3,2,1,false
1989,dlk_tbl_03255,3,2,1,false
1990,gob_tbl_03412,3,2,1,false
1991,gob_tbl_01901,3,2,1,false
1992,m4vw_tbl_01621,3,2,1,false
1993,gob_tbl_01265,3,2,1,false
1994,dlk_tbl_03844,3,2,1,false
1995,ppn_tbl_03916,3,2,1,false
1996,dlk_tbl_02156,3,2,1,false
1997,gob_tbl_02064,3,2,1,false
1998,dlk_tbl_01593,3,2,1,false
1999,dlk_tbl_03380,3,2,1,false
2000,gob_tbl_00810,3,2,1,false
2001,gob_tbl_02339,3,2,1,false
2002,dlk_tbl_02855,3,2,1,false
2003,dlk_tbl_01686,3,2,1,false
2004,proc_tbl_03664,3,2,1,false
2005,gob_tbl_02094,3,2,1,false
2006,gob_tbl_03248,3,2,1,false
2007,dlk_tbl_01488,3,2,1,false
2008,gob_tbl_01721,3,2,1,false
2009,std_tbl_03153,3,2,1,false
2010,gob_tbl_01325,3,2,1,false
2011,dlk_ext_00087,3,3,0,false
2012,m4sco_tbl_04145,2,1,1,false
2013,gob_tbl_04133,2,1,1,false
2014,ppn_tbl_03666,2,1,1,false
2015,dlk_tbl_04029,2,0,2,true
2016,gob_tbl_03123,2,1,1,false
2017,gob_tbl_00583,2,1,1,false
2018,proc_tbl_01472,2,1,1,false
2019,dlk_tbl_02573,2,1,1,false
2020,gob_tbl_03906,2,1,1,false
2021,dash_tbl_00553,2,1,1,false
2022,proc_tbl_03230,2,1,1,false
2023,proc_tbl_02656,2,1,1,false
2024,dlk_tbl_02884,2,1,1,false
2025,dlk_tbl_00974,2,1,1,false
2026,gob_ext_00085,2,2,0,false
2027,gob_tbl_01641,2,1,1,false
2028,dlk_tbl_01238,2,1,1,false
2029,dlk_tbl_03074,2,1,1,false
2030,gob_ext_00474,2,2,0,false
2031,dlk_tbl_00297,2,1,1,false
2032,dlk_tbl_03997,2,1,1,false
2033,dlk_tbl_03564,2,1,1,false
2034,dlk_tbl_03565,2,1,1,false
2035,gob_tbl_01405,2,1,1,false
2036,gob_tbl_02684,2,1,1,false
2037,dlk_tbl_00241,2,1,1,false
2038,gob_tbl_02672,2,1,1,false
2039,gob_tbl_00568,2,1,1,false
2040,dlk_tbl_03382,2,1,1,false
2041,dlk_tbl_00643,2,1,1,false
2042,gob_tbl_04125,2,1,1,false
2043,gob_tbl_04167,2,1,1,false
2044,gob_tbl_00069,2,1,1,false
2045,dlk_tbl_01154,2,1,1,false
2046,proc_tbl_03334,2,1,1,false
2047,gob_tbl_04137,2,1,1,false
2048,dlk_tbl_04255,2,1,1,false
2049,proc_tbl_02261,2,1,1,false
2050,dlk_tbl_03329,2,1,1,false
2051,dlk_tbl_00697,2,1,1,false
2052,gob_tbl_02837,2,1,1,false
2053,proc_tbl_00123,2,1,1,false
2054,dlk_tbl_03721,2,1,1,false
2055,std_tbl_01150,2,1,1,false
2056,dlk_tbl_00170,2,1,1,false
2057,proc_ext_00129,2,2,0,false
2058,dlk_tbl_04368,2,1,1,false
2059,gob_tbl_02530,2,1,1,false
2060,proc_tbl_03191,2,1,1,false
2061,dlk_tbl_02392,2,1,1,false
2062,gob_tbl_03473,2,1,1,false
2063,gob_ext_00479,2,2,0,false
2064,dash_tbl_00070,2,1,1,false
2065,dlk_tbl_00036,2,1,1,false
2066,gob_tbl_02690,2,1,1,false
2067,proc_tbl_01202,2,1,1,false
2068,proc_tbl_03190,2,1,1,false
2069,proc_tbl_03039,2,1,1,false
2070,dlk_tbl_03889,2,1,1,false
2071,proc_tbl_00263,2,1,1,false
2072,dash_tbl_01303,2,1,1,false
2073,proc_tbl_01199,2,1,1,false
2074,dlk_tbl_01402,2,1,1,false
2075,dlk_tbl_02334,2,1,1,false
2076,gob_tbl_00915,2,1,1,false
2077,dash_tbl_04325,2,1,1,false
2078,proc_tbl_03853,2,1,1,false
2079,gob_tbl_02158,2,1,1,false
2080,dlk_tbl_02858,2,1,1,false
2081,proc_tbl_03410,2,1,1,false
2082,dlk_tbl_02826,2,1,1,false
2083,m4vw_tbl_03779,2,1,1,false
2084,proc_tbl_03151,2,1,1,false
2085,dlk_tbl_01891,2,1,1,false
2086,gob_tbl_02625,2,1,1,false
2087,dash_tbl_00554,2,1,1,false
2088,dlk_tbl_01486,2,1,1,false
2089,dash_tbl_03759,2,1,1,false
2090,dlk_tbl_01693,2,1,1,false
2091,dash_tbl_01062,2,1,1,false
2092,dlk_tbl_02145,2,1,1,false
2093,gob_tbl_00895,2,1,1,false
2094,proc_tbl_03366,2,1,1,false
2095,dlk_tbl_01920,2,1,1,false
2096,gob_tbl_03102,2,1,1,false
2097,gob_tbl_01892,2,1,1,false
2098,dash_tbl_00310,2,1,1,false
2099,gob_tbl_00692,2,1,1,false
2100,proc_tbl_02251,2,1,1,false
2101,dlk_tbl_01218,2,1,1,false
2102,dlk_tbl_03922,2,0,2,true
2103,m4vw_tbl_02001,2,1,1,false
2104,std_tbl_00958,2,1,1,false
2105,gob_ext_00529,2,2,0,false
2106,gob_tbl_02195,2,1,1,false
2107,dlk_tbl_04110,2,1,1,false
2108,dlk_tbl_02609,2,1,1,false
2109,gob_tbl_01081,2,1,1,false
2110,dlk_tbl_03548,2,1,1,false
2111,gob_tbl_00302,2,1,1,false
2112,proc_tbl_01671,2,1,1,false
2113,gob_tbl_02266,2,1,1,false
2114,gob_tbl_00618,2,1,1,false
2115,dlk_ext_00678,2,2,0,false
2116,dash_tbl_04467,2,1,1,false
2117,gob_tbl_00982,2,1,1,false
2118,dash_tbl_01944,2,1,1,false
2119,dash_tbl_03631,2,1,1,false
2120,dash_tbl_02377,2,1,1,false
2121,gob_tbl_00678,2,1,1,false
2122,gob_tbl_03150,2,1,1,false
2123,gob_tbl_03619,2,1,1,false
2124,gob_tbl_00336,2,1,1,false
2125,gob_tbl_00646,2,1,1,false
2126,dlk_tbl_02297,2,1,1,false
2127,dlk_tbl_03643,2,1,1,false
2128,gob_tbl_03025,2,1,1,false
2129,dlk_tbl_04055,2,1,1,false
2130,gob_tbl_02193,2,1,1,false
2131,dlk_tbl_01886,2,1,1,false
2132,proc_tbl_04104,2,1,1,false
2133,dlk_ext_00532,2,2,0,false
2134,dlk_tbl_03798,2,1,1,false
2135,dlk_tbl_00200,2,1,1,false
2136,gob_tbl_00207,2,1,1,false
2137,dlk_tbl_02165,2,1,1,false
2138,dlk_tbl_04003,2,1,1,false
2139,dlk_tbl_00946,2,1,1,false
2140,gob_tbl_01551,2,1,1,false
2141,proc_tbl_02262,2,1,1,false
2142,gob_tbl_02223,2,1,1,false
2143,proc_tbl_03331,2,1,1,false
2144,dash_tbl_00452,2,1,1,false
2145,gob_tbl_00345,2,1,1,false
2146,proc_tbl_03343,2,1,1,false
2147,proc_tbl_02016,2,1,1,false
2148,dlk_tbl_03181,2,1,1,false
2149,dlk_tbl_01368,2,1,1,false
2150,proc_tbl_01814,2,1,1,false
2151,gob_tbl_02248,2,1,1,false
2152,dash_tbl_01595,2,1,1,false
2153,gob_tbl_01672,2,1,1,false
2154,dlk_tbl_00269,2,1,1,false
2155,gob_tbl_04445,2,1,1,false
2156,dash_tbl_01793,2,1,1,false
2157,dlk_tbl_04050,2,1,1,false
2158,gob_tbl_02839,2,1,1,false
2159,dlk_tbl_02717,2,1,1,false
2160,dlk_tbl_00488,2,1,1,false
2161,gob_tbl_03335,2,1,1,false
2162,dlk_tbl_01898,2,0,2,true
2163,dlk_tbl_02511,2,1,1,false
2164,dlk_tbl_02695,2,1,1,false
2165,gob_tbl_00339,2,1,1,false
2166,dlk_tbl_04103,2,1,1,false
2167,gob_tbl_01618,2,1,1,false
2168,dlk_tbl_02738,2,1,1,false
2169,proc_tbl_00571,2,1,1,false
2170,gob_tbl_00822,2,1,1,false
2171,proc_tbl_00680,2,1,1,false
2172,std_tbl_02232,2,1,1,false
2173,gob_tbl_03250,2,1,1,false
2174,gob_tbl_01706,2,1,1,false
2175,proc_tbl_01707,2,1,1,false
2176,m4sco_tbl_03399,2,1,1,false
2177,dlk_tbl_03365,2,1,1,false
2178,dlk_ext_00190,2,2,0,false
2179,dlk_tbl_00063,2,1,1,false
2180,proc_tbl_02384,2,1,1,false
2181,gob_tbl_00882,2,1,1,false
2182,dash_tbl_01518,2,1,1,false
2183,gob_tbl_03621,2,1,1,false
2184,gob_tbl_03266,2,1,1,false
2185,dlk_tbl_01801,2,1,1,false
2186,gob_tbl_02681,2,1,1,false
2187,gob_tbl_00605,2,1,1,false
2188,gob_tbl_04239,2,1,1,false
2189,dlk_tbl_02737,2,1,1,false
2190,dlk_tbl_00317,2,1,1,false
2191,gob_tbl_02463,2,1,1,false
2192,gob_tbl_00288,2,1,1,false
2193,proc_tbl_01392,2,1,1,false
2194,proc_ext_00496,2,2,0,false
2195,dash_tbl_01174,2,1,1,false
2196,proc_tbl_03229,2,1,1,false
2197,dlk_tbl_00569,2,1,1,false
2198,gob_tbl_02103,2,1,1,false
2199,gob_tbl_01439,2,1,1,false
2200,gob_ext_00096,2,2,0,false
2201,dlk_tbl_03142,2,1,1,false
2202,gob_tbl_03854,2,1,1,false
2203,dlk_tbl_04370,2,1,1,false
2204,dlk_tbl_04138,2,1,1,false
2205,gob_tbl_03313,2,1,1,false
2206,dash_tbl_01632,2,1,1,false
2207,proc_tbl_04459,2,1,1,false
2208,dash_tbl_00956,2,1,1,false
2209,gob_tbl_03907,2,1,1,false
2210,proc_tbl_01825,2,1,1,false
2211,gob_tbl_03999,2,1,1,false
2212,gob_tbl_01315,2,1,1,false
2213,dlk_tbl_01268,2,1,1,false
2214,dlk_tbl_01414,2,1,1,false
2215,proc_tbl_01558,2,1,1,false
2216,proc_tbl_00058,2,1,1,false
2217,dlk_tbl_01386,2,1,1,false
2218,gob_tbl_00080,2,1,1,false
2219,dlk_tbl_02114,2,1,1,false
2220,gob_tbl_01194,2,1,1,false
2221,gob_tbl_01967,2,1,1,false
2222,proc_tbl_01324,2,1,1,false
2223,gob_tbl_00903,2,1,1,false
2224,gob_tbl_02828,2,1,1,false
2225,gob_tbl_04058,2,1,1,false
2226,ppn_tbl_04214,2,1,1,false
2227,proc_tbl_02667,2,1,1,false
2228,gob_tbl_00497,2,1,1,false
2229,dlk_tbl_02224,2,1,1,false
2230,proc_tbl_04195,2,1,1,false
2231,proc_tbl_00980,2,1,1,false
2232,gob_tbl_02813,2,1,1,false
2233,gob_tbl_00375,2,1,1,false
2234,gob_tbl_01829,2,1,1,false
2235,gob_tbl_03887,2,1,1,false
2236,dlk_tbl_03502,2,1,1,false
2237,gob_tbl_02497,2,1,1,false
2238,proc_tbl_01798,2,1,1,false
2239,dlk_tbl_03391,2,1,1,false
2240,dlk_tbl_01774,2,1,1,false
2241,proc_tbl_00431,2,1,1,false
2242,gob_tbl_03199,2,1,1,false
2243,gob_tbl_03961,2,1,1,false
2244,gob_ext_00344,2,2,0,false
2245,dlk_tbl_03832,2,1,1,false
2246,gob_tbl_03036,2,1,1,false
2247,dlk_tbl_01576,2,1,1,false
2248,dlk_tbl_01074,2,1,1,false
2249,gob_tbl_04266,2,1,1,false
2250,dlk_ext_00632,2,2,0,false
2251,dlk_tbl_01932,2,1,1,false
2252,proc_tbl_04373,2,1,1,false
2253,gob_tbl_01241,2,1,1,false
2254,gob_tbl_03016,2,1,1,false
2255,dlk_tbl_00606,2,1,1,false
2256,proc_tbl_00066,2,1,1,false
2257,dlk_tbl_01908,2,1,1,false
2258,proc_tbl_01906,2,1,1,false
2259,gob_tbl_03524,2,1,1,false
2260,gob_tbl_04285,2,1,1,false
2261,gob_tbl_03051,2,1,1,false
2262,dlk_ext_00335,2,2,0,false
2263,proc_tbl_02942,2,1,1,false
2264,gob_ext_00195,2,2,0,false
2265,dlk_tbl_00504,2,1,1,false
2266,gob_tbl_00053,2,1,1,false
2267,gob_tbl_01525,2,1,1,false
2268,dlk_tbl_01647,2,1,1,false
2269,gob_ext_00384,2,2,0,false
2270,gob_tbl_02533,2,1,1,false
2271,gob_tbl_00018,2,1,1,false
2272,gob_tbl_02740,2,1,1,false
2273,gob_tbl_01640,2,1,1,false
2274,dlk_tbl_00129,2,1,1,false
2275,proc_tbl_02478,2,1,1,false
2276,dlk_tbl_03139,2,1,1,false
2277,dlk_tbl_03040,2,1,1,false
2278,proc_tbl_00444,2,1,1,false
2279,dlk_tbl_04020,2,1,1,false
2280,gob_tbl_01102,2,1,1,false
2281,dash_tbl_01307,2,1,1,false
2282,dlk_tbl_01048,2,1,1,false
2283,dlk_tbl_02220,2,1,1,false
2284,dlk_tbl_00592,2,1,1,false
2285,dlk_tbl_02101,2,1,1,false
2286,dlk_tbl_00249,2,1,1,false
2287,dlk_tbl_00490,2,1,1,false
2288,gob_tbl_02227,2,1,1,false
2289,std_tbl_03127,2,1,1,false
2290,dash_tbl_03626,2,1,1,false
2291,proc_tbl_01658,2,1,1,false
2292,dlk_tbl_04100,2,1,1,false
2293,gob_tbl_00436,2,1,1,false
2294,dlk_tbl_03980,2,1,1,false
2295,dlk_tbl_00506,2,1,1,false
2296,gob_tbl_02783,2,1,1,false
2297,dash_tbl_04347,2,1,1,false
2298,m4sco_tbl_00397,2,0,2,true
2299,dlk_tbl_00009,2,1,1,false
2300,dlk_tbl_04286,2,1,1,false
2301,dlk_ext_00208,2,2,0,false
2302,proc_tbl_01073,2,1,1,false
2303,gob_tbl_02933,2,1,1,false
2304,gob_tbl_01024,2,1,1,false
2305,dlk_tbl_03851,2,1,1,false
2306,dlk_tbl_01107,2,1,1,false
2307,gob_tbl_02934,2,1,1,false
2308,dlk_tbl_03920,2,1,1,false
2309,dlk_tbl_00267,2,1,1,false
2310,gob_tbl_01791,2,1,1,false
2311,dlk_tbl_02897,2,1,1,false
2312,dlk_tbl_01259,2,1,1,false
2313,dash_tbl_00245,2,1,1,false
2314,gob_tbl_00550,2,1,1,false
2315,proc_tbl_00244,2,1,1,false
2316,gob_tbl_03495,2,1,1,false
2317,gob_tbl_03462,2,1,1,false
2318,dlk_tbl_00208,2,1,1,false
2319,gob_tbl_00174,2,1,1,false
2320,dlk_tbl_02745,2,1,1,false
2321,std_tbl_04164,2,1,1,false
2322,dlk_tbl_01425,2,1,1,false
2323,gob_tbl_04450,2,1,1,false
2324,gob_tbl_03455,2,1,1,false
2325,gob_tbl_00745,2,1,1,false
2326,dlk_tbl_03750,2,1,1,false
2327,dlk_tbl_01267,2,1,1,false
2328,gob_tbl_01839,2,1,1,false
2329,gob_tbl_02332,2,1,1,false
2330,m4sco_tbl_03324,2,1,1,false
2331,gob_tbl_03345,2,1,1,false
2332,dlk_tbl_00804,2,1,1,false
2333,gob_tbl_03630,2,1,1,false
2334,gob_tbl_02718,2,1,1,false
2335,gob_tbl_00869,2,1,1,false
2336,gob_tbl_00331,2,1,1,false
2337,gob_tbl_03415,2,1,1,false
2338,gob_ext_00184,2,2,0,false
2339,gob_tbl_03582,2,1,1,false
2340,dlk_tbl_03594,2,1,1,false
2341,proc_tbl_04328,2,1,1,false
2342,gob_tbl_03652,2,1,1,false
2343,std_tbl_04051,2,1,1,false
2344,dlk_tbl_03428,2,1,1,false
2345,dash_tbl_02404,2,1,1,false
2346,dlk_tbl_02698,2,1,1,false
2347,dlk_tbl_04237,2,1,1,false
2348,dlk_tbl_01590,2,1,1,false
2349,gob_tbl_02586,2,1,1,false
2350,dash_tbl_02749,2,1,1,false
2351,gob_tbl_01701,2,1,1,false
2352,proc_tbl_00369,2,1,1,false
2353,gob_tbl_02007,2,1,1,false
2354,dlk_tbl_00363,2,1,1,false
2355,proc_tbl_03784,2,1,1,false
2356,gob_tbl_01109,2,1,1,false
2357,dlk_tbl_00356,2,1,1,false
2358,dlk_tbl_04056,2,1,1,false
2359,gob_tbl_03883,2,1,1,false
2360,dlk_tbl_00390,2,1,1,false
2361,dash_tbl_01500,2,1,1,false
2362,proc_tbl_03598,2,1,1,false
2363,proc_tbl_03818,2,1,1,false
2364,gob_tbl_00442,2,1,1,false
2365,dlk_tbl_01889,2,1,1,false
2366,proc_tbl_01055,2,1,1,false
2367,dlk_tbl_03552,2,1,1,false
2368,m4vw_tbl_02868,2,1,1,false
2369,gob_tbl_02561,2,1,1,false
2370,gob_tbl_01064,2,1,1,false
2371,gob_tbl_02984,2,1,1,false
2372,dlk_tbl_03667,2,1,1,false
2373,gob_tbl_03491,2,1,1,false
2374,gob_tbl_02935,2,0,2,true
2375,dlk_tbl_01484,2,1,1,false
2376,dlk_tbl_04217,2,1,1,false
2377,dlk_tbl_00638,2,1,1,false
2378,dlk_tbl_01032,2,1,1,false
2379,gob_tbl_00702,2,1,1,false
2380,gob_tbl_01012,2,1,1,false
2381,dlk_tbl_03319,2,1,1,false
2382,proc_tbl_01703,2,1,1,false
2383,gob_tbl_04379,2,1,1,false
2384,dlk_tbl_04282,2,1,1,false
2385,std_tbl_01038,2,1,1,false
2386,gob_tbl_04301,2,1,1,false
2387,gob_tbl_03785,2,1,1,false
2388,dlk_tbl_03668,2,1,1,false
2389,gob_tbl_02412,2,1,1,false
2390,dlk_tbl_03459,2,1,1,false
2391,gob_tbl_02603,2,1,1,false
2392,dash_tbl_03892,2,1,1,false
2393,dlk_tbl_04372,2,1,1,false
2394,gob_tbl_00984,2,1,1,false
2395,gob_tbl_04423,2,1,1,false
2396,gob_tbl_00894,2,1,1,false
2397,gob_tbl_03117,2,1,1,false
2398,gob_ext_00639,2,2,0,false
2399,gob_tbl_03935,2,1,1,false
2400,dash_tbl_01111,2,1,1,false
2401,dlk_tbl_00962,2,1,1,false
2402,gob_tbl_00679,2,1,1,false
2403,dash_tbl_01331,2,1,1,false
2404,gob_tbl_03149,2,1,1,false
2405,dlk_tbl_00136,2,1,1,false
2406,dlk_tbl_00934,2,1,1,false
2407,gob_tbl_01441,2,1,1,false
2408,dash_tbl_03991,2,1,1,false
2409,dash_tbl_03417,2,1,1,false
2410,dlk_tbl_03517,2,1,1,false
2411,proc_tbl_01938,2,1,1,false
2412,gob_tbl_03265,2,1,1,false
2413,dlk_tbl_02371,2,1,1,false
2414,dlk_tbl_02585,2,1,1,false
2415,gob_tbl_02808,2,1,1,false
2416,dlk_tbl_01588,2,1,1,false
2417,gob_tbl_04075,2,1,1,false
2418,gob_tbl_01049,2,1,1,false
2419,proc_tbl_04375,2,1,1,false
2420,gob_tbl_03794,2,1,1,false
2421,dlk_tbl_03311,2,1,1,false
2422,gob_tbl_01649,2,1,1,false
2423,dlk_tbl_01970,2,1,1,false
2424,dash_tbl_00515,2,1,1,false
2425,m4vw_tbl_01717,2,1,1,false
2426,proc_tbl_01260,2,1,1,false
2427,gob_tbl_01456,2,1,1,false
2428,m4sco_tbl_04290,2,1,1,false
2429,gob_tbl_02999,2,1,1,false
2430,dlk_tbl_02551,2,1,1,false
2431,gob_tbl_00535,2,1,1,false
2432,dash_tbl_00936,2,1,1,false
2433,dash_tbl_01158,2,1,1,false
2434,gob_tbl_01907,2,1,1,false
2435,proc_tbl_00350,2,1,1,false
2436,dlk_tbl_03572,2,1,1,false
2437,dlk_tbl_02758,2,1,1,false
2438,gob_tbl_00588,2,1,1,false
2439,gob_tbl_03176,2,1,1,false
2440,dlk_tbl_00565,2,1,1,false
2441,dlk_tbl_03056,2,1,1,false
2442,gob_ext_00029,2,2,0,false
2443,ppn_ext_00514,2,2,0,false
2444,dlk_tbl_04119,2,1,1,false
2445,dlk_tbl_01975,2,1,1,false
2446,proc_ext_00000,2,2,0,false
2447,dlk_tbl_01852,2,1,1,false
2448,proc_tbl_00752,2,1,1,false
2449,dash_tbl_01633,2,1,1,false
2450,dlk_tbl_00762,2,1,1,false
2451,dlk_tbl_01228,2,1,1,false
2452,proc_tbl_00173,2,1,1,false
2453,gob_tbl_03709,2,1,1,false
2454,std_tbl_00871,2,1,1,false
2455,gob_tbl_03554,2,1,1,false
2456,gob_tbl_02921,2,1,1,false
2457,dlk_tbl_01248,2,1,1,false
2458,gob_ext_00680,2,2,0,false
2459,dlk_tbl_00453,2,1,1,false
2460,dlk_tbl_01026,2,1,1,false
2461,dash_tbl_01846,2,1,1,false
2462,gob_tbl_01438,2,1,1,false
2463,dlk_tbl_04109,2,1,1,false
2464,dlk_tbl_04229,2,1,1,false
2465,gob_tbl_00800,2,1,1,false
2466,gob_tbl_02267,2,1,1,false
2467,dlk_tbl_02779,2,1,1,false
2468,gob_tbl_03792,2,1,1,false
2469,gob_tbl_00556,2,1,1,false
2470,gob_tbl_01574,2,1,1,false
2471,dlk_tbl_01711,2,1,1,false
2472,gob_tbl_00893,2,1,1,false
2473,gob_tbl_00483,2,1,1,false
2474,proc_ext_00413,2,2,0,false
2475,gob_tbl_02029,2,1,1,false
2476,gob_tbl_04353,2,1,1,false
2477,gob_tbl_02975,2,1,1,false
2478,dlk_tbl_02149,2,1,1,false
2479,gob_tbl_01554,2,1,1,false
2480,dlk_tbl_04232,2,1,1,false
2481,dlk_tbl_03283,2,1,1,false
2482,dash_tbl_01644,2,1,1,false
2483,gob_tbl_02699,2,1,1,false
2484,dlk_tbl_03207,2,1,1,false
2485,gob_tbl_01723,2,1,1,false
2486,gob_tbl_01922,2,1,1,false
2487,proc_tbl_00464,2,0,2,true
2488,dlk_tbl_04399,2,1,1,false
2489,dash_tbl_01088,2,1,1,false
2490,gob_tbl_03780,2,1,1,false
2491,dlk_tbl_00090,2,1,1,false
2492,gob_tbl_03165,2,1,1,false
2493,gob_tbl_01874,2,1,1,false
2494,dlk_tbl_02571,2,1,1,false
2495,proc_tbl_02137,2,1,1,false
2496,proc_tbl_00418,2,1,1,false
2497,gob_tbl_03744,2,1,1,false
2498,gob_tbl_00438,2,1,1,false
2499,m4sco_tbl_00773,2,1,1,false
2500,proc_tbl_00010,2,1,1,false
2501,gob_tbl_00502,2,1,1,false
2502,gob_tbl_02608,2,1,1,false
2503,gob_tbl_03085,2,1,1,false
2504,proc_tbl_02532,2,1,1,false
2505,gob_tbl_02008,2,1,1,false
2506,dlk_tbl_03940,2,1,1,false
2507,dash_tbl_03009,2,1,1,false
2508,dlk_tbl_00633,2,1,1,false
2509,proc_tbl_03725,2,1,1,false
2510,proc_tbl_01635,2,1,1,false
2511,dash_tbl_00443,2,1,1,false
2512,dlk_tbl_02282,2,1,1,false
2513,dash_tbl_03752,2,1,1,false
2514,dlk_tbl_01114,2,1,1,false
2515,dlk_tbl_00655,2,1,1,false
2516,dash_tbl_02639,2,1,1,false
2517,proc_tbl_02203,2,1,1,false
2518,proc_tbl_00423,2,0,2,true
2519,proc_tbl_00333,2,1,1,false
2520,gob_tbl_02505,2,1,1,false
2521,gob_ext_00409,2,2,0,false
2522,gob_ext_00557,2,2,0,false
2523,gob_tbl_02170,2,1,1,false
2524,std_tbl_01837,2,1,1,false
2525,gob_tbl_04192,2,1,1,false
2526,gob_tbl_01208,2,1,1,false
2527,gob_tbl_01937,2,1,1,false
2528,gob_tbl_01204,2,1,1,false
2529,dlk_ext_00006,2,2,0,false
2530,proc_tbl_01928,2,1,1,false
2531,gob_tbl_01071,2,1,1,false
2532,dlk_tbl_03658,2,1,1,false
2533,gob_tbl_00307,2,1,1,false
2534,gob_tbl_02885,2,1,1,false
2535,gob_tbl_00248,2,1,1,false
2536,dlk_ext_00240,2,2,0,false
2537,gob_tbl_00645,2,1,1,false
2538,dlk_tbl_01716,2,1,1,false
2539,proc_tbl_01122,2,1,1,false
2540,proc_tbl_03949,2,1,1,false
2541,proc_tbl_02657,2,1,1,false
2542,dlk_tbl_00590,2,1,1,false
2543,std_tbl_03132,2,1,1,false
2544,gob_tbl_01322,2,1,1,false
2545,gob_tbl_03408,2,1,1,false
2546,gob_tbl_04446,2,1,1,false
2547,dlk_ext_00630,2,2,0,false
2548,gob_tbl_00141,2,1,1,false
2549,gob_tbl_04134,2,1,1,false
2550,dash_tbl_03952,2,1,1,false
2551,dash_tbl_03679,2,1,1,false
2552,gob_tbl_04144,2,1,1,false
2553,dlk_tbl_02922,2,1,1,false
2554,gob_tbl_01718,2,1,1,false
2555,proc_tbl_02673,2,0,2,true
2556,gob_tbl_01591,2,1,1,false
2557,gob_tbl_01130,2,0,2,true
2558,dlk_tbl_03880,2,1,1,false
2559,gob_tbl_01453,2,1,1,false
2560,gob_tbl_03238,2,1,1,false
2561,dlk_ext_00167,2,2,0,false
2562,gob_tbl_02120,2,1,1,false
2563,gob_tbl_03195,2,1,1,false
2564,gob_tbl_01075,2,1,1,false
2565,gob_tbl_01015,2,1,1,false
2566,dlk_tbl_00852,2,1,1,false
2567,gob_tbl_04171,2,1,1,false
2568,m4sco_tbl_00996,2,1,1,false
2569,proc_tbl_02014,2,1,1,false
2570,gob_tbl_01796,2,1,1,false
2571,gob_tbl_00670,2,1,1,false
2572,dlk_tbl_03717,2,1,1,false
2573,std_tbl_01230,2,1,1,false
2574,proc_tbl_03533,2,1,1,false
2575,dlk_tbl_02765,2,1,1,false
2576,dlk_tbl_03196,2,1,1,false
2577,gob_tbl_01235,2,1,1,false
2578,ppn_tbl_03164,2,1,1,false
2579,dlk_tbl_02601,2,1,1,false
2580,dlk_tbl_03160,2,1,1,false
2581,dlk_tbl_00792,2,1,1,false
2582,dash_tbl_01388,2,1,1,false
2583,dash_tbl_00992,2,1,1,false
2584,dlk_tbl_01877,2,1,1,false
2585,proc_tbl_03156,2,1,1,false
2586,dlk_tbl_03115,2,1,1,false
2587,gob_tbl_02450,2,1,1,false
2588,ppn_tbl_00156,2,1,1,false
2589,gob_tbl_02558,2,1,1,false
2590,gob_tbl_01713,2,1,1,false
2591,gob_tbl_00580,2,1,1,false
2592,proc_tbl_02941,2,1,1,false
2593,dash_tbl_02072,2,1,1,false
2594,gob_tbl_00034,2,1,1,false
2595,gob_ext_00158,2,2,0,false
2596,dlk_tbl_00508,2,1,1,false
2597,dlk_tbl_03771,2,1,1,false
2598,dlk_tbl_02914,2,1,1,false
2599,dlk_tbl_00258,2,1,1,false
2600,proc_tbl_02345,2,1,1,false
2601,proc_tbl_03654,2,1,1,false
2602,gob_tbl_02032,2,1,1,false
2603,gob_tbl_01680,2,1,1,false
2604,proc_tbl_02494,2,1,1,false
2605,gob_tbl_03070,2,1,1,false
2606,dlk_tbl_03801,2,1,1,false
2607,dlk_tbl_01068,2,1,1,false
2608,gob_tbl_00042,2,1,1,false
2609,dlk_tbl_01770,2,1,1,false
2610,dlk_tbl_03449,2,1,1,false
2611,gob_ext_00374,2,2,0,false
2612,m4sco_tbl_04059,2,1,1,false
2613,dlk_tbl_02062,2,1,1,false
2614,gob_ext_00339,2,2,0,false
2615,gob_ext_00111,2,2,0,false
2616,dash_tbl_00151,2,1,1,false
2617,gob_tbl_04230,2,1,1,false
2618,gob_tbl_00938,2,1,1,false
2619,dlk_tbl_00507,2,1,1,false
2620,gob_tbl_01517,2,1,1,false
2621,gob_tbl_01423,2,1,1,false
2622,proc_tbl_04033,2,1,1,false
2623,gob_tbl_00032,2,1,1,false
2624,proc_tbl_02825,2,1,1,false
2625,m4sco_tbl_04378,2,1,1,false
2626,gob_tbl_02070,2,1,1,false
2627,proc_tbl_00875,2,1,1,false
2628,proc_ext_00432,2,2,0,false
2629,dlk_tbl_03955,2,1,1,false
2630,dash_tbl_00242,2,1,1,false
2631,proc_tbl_04146,2,1,1,false
2632,dlk_tbl_03245,2,1,1,false
2633,gob_tbl_02613,2,1,1,false
2634,gob_tbl_02502,2,1,1,false
2635,gob_tbl_02194,2,1,1,false
2636,dlk_ext_00564,2,2,0,false
2637,gob_tbl_03090,2,1,1,false
2638,dash_tbl_01434,2,1,1,false
2639,proc_tbl_01143,2,1,1,false
2640,std_tbl_04350,2,1,1,false
2641,dlk_tbl_02729,2,1,1,false
2642,gob_tbl_01496,2,1,1,false
2643,dlk_tbl_04027,2,1,1,false
2644,proc_tbl_01865,2,1,1,false
2645,dlk_tbl_03007,2,1,1,false
2646,dash_tbl_00726,2,1,1,false
2647,gob_ext_00417,2,2,0,false
2648,gob_tbl_02754,2,1,1,false
2649,dlk_tbl_03821,2,1,1,false
2650,dlk_tbl_02433,2,1,1,false
2651,m4vw_tbl_01978,2,1,1,false
2652,dlk_tbl_02503,2,1,1,false
2653,gob_tbl_02271,2,1,1,false
2654,gob_tbl_03020,2,1,1,false
2655,gob_tbl_02540,2,1,1,false
2656,gob_tbl_04408,2,1,1,false
2657,gob_tbl_04155,2,1,1,false
2658,proc_tbl_01758,2,1,1,false
2659,gob_tbl_03670,2,1,1,false
2660,gob_tbl_01726,2,1,1,false
2661,gob_ext_00104,2,2,0,false
2662,dlk_tbl_03579,2,1,1,false
2663,proc_tbl_04183,2,1,1,false
2664,dlk_tbl_02513,2,1,1,false
2665,dlk_tbl_01690,2,1,1,false
2666,proc_tbl_02961,2,1,1,false
2667,gob_tbl_03867,2,0,2,true
2668,dlk_ext_00469,2,2,0,false
2669,dlk_tbl_02218,2,1,1,false
2670,proc_tbl_00046,2,1,1,false
2671,proc_tbl_02429,2,1,1,false
2672,m4vw_tbl_00347,2,1,1,false
2673,gob_tbl_03333,2,1,1,false
2674,dlk_tbl_01871,2,1,1,false
2675,gob_tbl_02925,2,1,1,false
2676,std_tbl_00075,2,1,1,false
2677,gob_ext_00043,2,2,0,false
2678,dlk_tbl_00589,2,1,1,false
2679,dlk_tbl_02455,2,1,1,false
2680,dash_tbl_03662,2,1,1,false
2681,gob_tbl_03932,2,1,1,false
2682,proc_tbl_03420,2,1,1,false
2683,m4sco_tbl_00404,2,1,1,false
2684,dlk_tbl_02628,2,1,1,false
2685,gob_tbl_02408,2,1,1,false
2686,dash_tbl_02348,2,1,1,false
2687,gob_tbl_00833,2,1,1,false
2688,dlk_tbl_03657,2,1,1,false
2689,dlk_tbl_03933,2,1,1,false
2690,m4sco_tbl_01139,2,1,1,false
2691,gob_tbl_01792,2,1,1,false
2692,proc_tbl_04329,2,1,1,false
2693,dlk_tbl_00878,2,1,1,false
2694,proc_tbl_03748,2,1,1,false
2695,dlk_tbl_02906,2,1,1,false
2696,proc_tbl_03033,2,1,1,false
2697,gob_ext_00105,2,2,0,false
2698,gob_tbl_00636,2,1,1,false
2699,std_tbl_01867,2,1,1,false
2700,proc_tbl_00000,2,1,1,false
2701,dlk_tbl_01091,2,1,1,false
2702,gob_ext_00602,2,2,0,false
2703,dash_tbl_01845,2,1,1,false
2704,proc_tbl_01042,2,1,1,false
2705,dlk_tbl_04030,2,1,1,false
2706,dlk_tbl_00199,2,1,1,false
2707,dlk_tbl_02769,2,1,1,false
2708,proc_tbl_00948,2,1,1,false
2709,dlk_tbl_03870,2,1,1,false
2710,dlk_tbl_01221,2,1,1,false
2711,dlk_tbl_03575,2,1,1,false
2712,gob_tbl_03912,2,1,1,false
2713,gob_tbl_00475,2,1,1,false
2714,gob_ext_00544,2,2,0,false
2715,std_tbl_00323,2,1,1,false
2716,dlk_tbl_04336,2,1,1,false
2717,gob_tbl_01510,2,1,1,false
2718,proc_tbl_01426,2,1,1,false
2719,dlk_tbl_01280,2,1,1,false
2720,gob_tbl_03868,2,1,1,false
2721,gob_tbl_01016,2,1,1,false
2722,proc_tbl_01342,2,1,1,false
2723,dlk_tbl_02633,2,1,1,false
2724,dash_tbl_03305,2,1,1,false
2725,gob_ext_00041,2,2,0,false
2726,dlk_tbl_01121,2,1,1,false
2727,gob_tbl_00756,2,1,1,false
2728,gob_tbl_03698,2,1,1,false
2729,gob_tbl_01211,2,1,1,false
2730,gob_tbl_04102,2,1,1,false
2731,proc_tbl_00283,2,1,1,false
2732,gob_tbl_01469,2,1,1,false
2733,dlk_tbl_01544,2,1,1,false
2734,dlk_tbl_00746,2,1,1,false
2735,dlk_tbl_02076,2,1,1,false
2736,gob_tbl_04272,2,1,1,false
2737,proc_ext_00286,2,2,0,false
2738,gob_tbl_01243,2,1,1,false
2739,gob_tbl_02045,2,1,1,false
2740,dlk_tbl_02309,2,1,1,false
2741,gob_tbl_03497,2,1,1,false
2742,dlk_ext_00004,2,2,0,false
2743,gob_tbl_00891,2,1,1,false
2744,dlk_tbl_01900,2,1,1,false
2745,dlk_tbl_01468,2,1,1,false
2746,dash_ext_00002,2,2,0,false
2747,std_tbl_01220,2,1,1,false
2748,dlk_tbl_02724,2,1,1,false
2749,dlk_tbl_04231,2,1,1,false
2750,dlk_tbl_04071,2,1,1,false
2751,ppn_tbl_00820,2,1,1,false
2752,dash_tbl_00730,2,1,1,false
2753,dlk_tbl_00228,2,1,1,false
2754,dash_tbl_00096,2,1,1,false
2755,dlk_tbl_02945,2,1,1,false
2756,gob_tbl_04165,2,1,1,false
2757,gob_tbl_03620,2,1,1,false
2758,gob_tbl_00372,2,1,1,false
2759,dlk_tbl_03163,2,1,1,false
2760,std_ext_00470,2,2,0,false
2761,gob_tbl_03468,2,1,1,false
2762,m4vw_tbl_02490,2,1,1,false
2763,dlk_tbl_03168,2,1,1,false
2764,proc_tbl_01171,2,1,1,false
2765,std_ext_00608,2,2,0,false
2766,dlk_tbl_03749,2,1,1,false
2767,gob_tbl_04207,2,1,1,false
2768,gob_tbl_00451,2,1,1,false
2769,proc_tbl_00870,2,1,1,false
2770,gob_tbl_00600,2,1,1,false
2771,gob_tbl_00429,2,1,1,false
2772,dlk_tbl_01515,2,1,1,false
2773,proc_tbl_00043,2,1,1,false
2774,proc_tbl_01766,2,1,1,false
2775,gob_ext_00047,2,2,0,false
2776,dlk_tbl_01589,2,1,1,false
2777,gob_tbl_02593,2,1,1,false
2778,dlk_tbl_03576,2,1,1,false
2779,dlk_tbl_01849,2,1,1,false
2780,gob_ext_00267,2,2,0,false
2781,dlk_tbl_01662,2,1,1,false
2782,proc_tbl_01959,2,1,1,false
2783,dlk_tbl_04140,2,1,1,false
2784,gob_tbl_02181,2,1,1,false
2785,proc_tbl_01952,2,1,1,false
2786,proc_tbl_03405,2,1,1,false
2787,dlk_tbl_01188,2,1,1,false
2788,gob_tbl_01079,2,1,1,false
2789,dlk_tbl_01279,2,1,1,false
2790,std_tbl_00866,2,1,1,false
2791,gob_tbl_00734,2,1,1,false
2792,gob_tbl_00286,2,1,1,false
2793,dlk_tbl_03962,2,1,1,false
2794,gob_tbl_01416,2,1,1,false
2795,dlk_tbl_00501,2,1,1,false
2796,gob_tbl_03082,2,1,1,false
2797,gob_tbl_02342,2,1,1,false
2798,gob_tbl_00975,2,1,1,false
2799,proc_tbl_03356,2,1,1,false
2800,gob_tbl_02784,2,1,1,false
2801,gob_tbl_02651,2,1,1,false
2802,dlk_tbl_03640,2,1,1,false
2803,gob_tbl_01555,2,1,1,false
2804,gob_tbl_02243,2,1,1,false
2805,std_tbl_01553,2,1,1,false
2806,gob_tbl_00794,2,1,1,false
2807,proc_tbl_00111,2,1,1,false
2808,dlk_tbl_01984,2,1,1,false
2809,std_tbl_01465,2,1,1,false
2810,dlk_tbl_01542,2,1,1,false
2811,proc_tbl_04402,2,1,1,false
2812,gob_tbl_00830,2,1,1,false
2813,dlk_tbl_01953,2,1,1,false
2814,dlk_tbl_03301,2,1,1,false
2815,dash_tbl_02307,2,1,1,false
2816,proc_tbl_04391,2,1,1,false
2817,dlk_ext_00454,2,2,0,false
2818,gob_tbl_01321,2,1,1,false
2819,proc_tbl_03393,2,1,1,false
2820,dlk_tbl_02296,2,1,1,false
2821,dlk_tbl_03531,2,1,1,false
2822,dlk_tbl_01023,2,1,1,false
2823,gob_tbl_02541,2,1,1,false
2824,dlk_ext_00509,2,2,0,false
2825,gob_tbl_01025,2,1,1,false
2826,gob_tbl_01319,2,1,1,false
2827,dlk_tbl_02147,2,1,1,false
2828,dlk_tbl_02272,2,1,1,false
2829,proc_tbl_04169,2,1,1,false
2830,proc_tbl_01545,2,1,1,false
2831,dlk_tbl_02090,2,1,1,false
2832,gob_tbl_00671,2,0,2,true
2833,dash_tbl_02671,2,1,1,false
2834,gob_tbl_00108,2,1,1,false
2835,dlk_tbl_02066,2,1,1,false
2836,proc_tbl_02499,2,1,1,false
2837,std_tbl_03525,2,1,1,false
2838,proc_tbl_04322,2,1,1,false
2839,dash_tbl_01045,2,1,1,false
2840,dlk_tbl_01797,2,1,1,false
2841,dlk_tbl_03983,2,1,1,false
2842,gob_tbl_00133,2,1,1,false
2843,dash_tbl_01974,2,1,1,false
2844,gob_tbl_02171,2,1,1,false
2845,dlk_tbl_02358,2,1,1,false
2846,gob_tbl_04314,2,1,1,false
2847,gob_tbl_00716,2,1,1,false
2848,gob_tbl_00835,2,1,1,false
2849,dlk_tbl_01059,2,1,1,false
2850,dlk_tbl_01310,2,1,1,false
2851,ppn_tbl_02451,2,1,1,false
2852,gob_tbl_01350,2,1,1,false
2853,dlk_tbl_02216,2,1,1,false
2854,dlk_tbl_04001,2,1,1,false
2855,std_tbl_03675,2,1,1,false
2856,dlk_tbl_03444,2,1,1,false
2857,gob_tbl_03294,2,1,1,false
2858,gob_tbl_00991,2,1,1,false
2859,gob_tbl_02939,2,1,1,false
2860,dlk_tbl_01700,2,1,1,false
2861,dlk_tbl_03276,2,1,1,false
2862,dlk_tbl_01763,2,0,2,true
2863,proc_tbl_01750,2,1,1,false
2864,gob_tbl_03738,2,1,1,false
2865,dlk_tbl_03046,2,1,1,false
2866,gob_tbl_03330,2,1,1,false
2867,gob_tbl_02757,2,1,1,false
2868,gob_tbl_01420,2,1,1,false
2869,std_tbl_01349,2,1,1,false
2870,gob_tbl_04124,2,1,1,false
2871,gob_tbl_01890,2,1,1,false
2872,dlk_tbl_00196,2,1,1,false
2873,proc_tbl_01779,2,1,1,false
2874,gob_tbl_04128,2,1,1,false
2875,gob_tbl_03838,2,1,1,false
2876,gob_tbl_02597,2,1,1,false
2877,dlk_tbl_02479,2,1,1,false
2878,gob_tbl_02793,2,1,1,false
2879,proc_tbl_04324,2,1,1,false
2880,gob_tbl_02537,2,1,1,false
2881,proc_tbl_04065,2,1,1,false
2882,dlk_tbl_00514,2,0,2,true
2883,std_tbl_02255,2,1,1,false
2884,gob_tbl_00176,2,1,1,false
2885,proc_tbl_03161,2,1,1,false
2886,proc_tbl_00930,2,1,1,false
2887,dlk_tbl_04451,2,1,1,false
2888,dash_tbl_02453,2,1,1,false
2889,gob_tbl_01096,2,1,1,false
2890,dlk_tbl_02566,2,1,1,false
2891,dlk_tbl_04015,2,1,1,false
2892,gob_tbl_02909,2,1,1,false
2893,dlk_tbl_03066,2,1,1,false
2894,dlk_tbl_01728,2,1,1,false
2895,dlk_tbl_02410,2,1,1,false
2896,dlk_tbl_00413,2,1,1,false
2897,gob_tbl_00684,2,1,1,false
2898,gob_tbl_03317,2,1,1,false
2899,gob_tbl_01820,2,1,1,false
2900,dash_tbl_02912,2,1,1,false
2901,proc_tbl_04310,2,1,1,false
2902,dlk_tbl_02720,2,1,1,false
2903,dlk_tbl_00997,2,1,1,false
2904,dash_ext_00510,2,2,0,false
2905,dlk_tbl_03470,2,1,1,false
2906,dlk_tbl_00033,2,1,1,false
2907,dlk_tbl_03378,2,1,1,false
2908,dlk_tbl_00751,2,1,1,false
2909,proc_tbl_00881,2,1,1,false
2910,dash_tbl_00224,2,1,1,false
2911,gob_tbl_02079,2,1,1,false
2912,gob_tbl_01157,2,1,1,false
2913,gob_tbl_01165,2,1,1,false
2914,proc_tbl_02570,2,1,1,false
2915,ppn_tbl_03280,2,1,1,false
2916,dlk_tbl_01729,2,1,1,false
2917,dlk_tbl_03170,2,1,1,false
2918,gob_tbl_01625,2,1,1,false
2919,gob_tbl_02033,2,1,1,false
2920,dash_tbl_00246,2,1,1,false
2921,gob_tbl_00294,2,1,1,false
2922,dlk_tbl_00601,2,1,1,false
2923,dlk_tbl_03411,2,1,1,false
2924,proc_tbl_00211,2,1,1,false
2925,std_ext_00438,2,2,0,false
2926,dlk_tbl_00250,2,1,1,false
2927,dlk_tbl_03802,2,1,1,false
2928,dlk_tbl_02138,2,1,1,false
2929,proc_ext_00621,2,2,0,false
2930,dlk_tbl_00362,2,1,1,false
2931,dlk_tbl_01807,2,1,1,false
2932,dash_tbl_00234,2,1,1,false
2933,dlk_ext_00185,2,2,0,false
2934,dlk_tbl_00825,2,1,1,false
2935,dlk_tbl_02846,2,1,1,false
2936,dlk_tbl_03543,2,1,1,false
2937,ppn_tbl_02866,2,1,1,false
2938,dlk_tbl_04136,2,1,1,false
2939,gob_tbl_04063,2,1,1,false
2940,gob_tbl_02347,2,1,1,false
2941,proc_tbl_01678,2,1,1,false
2942,gob_tbl_04413,2,1,1,false
2943,dlk_tbl_02157,2,1,1,false
2944,proc_ext_00380,2,2,0,false
2945,proc_tbl_01848,2,1,1,false
2946,proc_tbl_03439,2,1,1,false
2947,dlk_tbl_01185,2,1,1,false
2948,dlk_tbl_03436,2,1,1,false
2949,dash_tbl_02618,2,1,1,false
2950,gob_tbl_01067,2,1,1,false
2951,gob_tbl_03442,2,1,1,false
2952,gob_tbl_03342,2,1,1,false
2953,gob_tbl_02863,2,1,1,false
2954,dlk_tbl_03078,2,1,1,false
2955,dlk_tbl_00657,2,1,1,false
2956,gob_tbl_04250,2,1,1,false
2957,m4vw_tbl_02821,2,1,1,false
2958,dlk_ext_00552,2,2,0,false
2959,dlk_tbl_04395,2,1,1,false
2960,proc_tbl_01915,2,1,1,false
2961,gob_tbl_02489,2,1,1,false
2962,gob_tbl_01478,2,1,1,false
2963,dlk_tbl_01477,2,1,1,false
2964,proc_tbl_03607,2,1,1,false
2965,gob_tbl_03327,2,1,1,false
2966,dlk_tbl_00994,2,1,1,false
2967,gob_tbl_04049,2,1,1,false
2968,dash_tbl_00725,2,1,1,false
2969,dlk_tbl_01940,2,1,1,false
2970,dash_tbl_00735,2,1,1,false
2971,dlk_tbl_00476,2,1,1,false
2972,dlk_tbl_03886,2,1,1,false
2973,dlk_tbl_02496,2,1,1,false
2974,dlk_tbl_03611,2,1,1,false
2975,proc_tbl_00029,2,1,1,false
2976,dash_tbl_03609,2,1,1,false
2977,proc_tbl_00181,2,1,1,false
2978,dash_tbl_04074,2,1,1,false
2979,m4vw_tbl_01624,2,1,1,false
2980,dlk_tbl_00056,2,1,1,false
2981,proc_tbl_03812,2,1,1,false
2982,dlk_tbl_01696,2,1,1,false
2983,dlk_tbl_01474,2,1,1,false
2984,dlk_tbl_03795,2,1,1,false
2985,dlk_tbl_00290,2,1,1,false
2986,dlk_tbl_02244,2,1,1,false
2987,gob_tbl_02442,2,1,1,false
2988,dlk_tbl_01412,2,1,1,false
2989,dlk_tbl_03463,2,1,1,false
2990,gob_tbl_02545,2,1,1,false
2991,dlk_tbl_00304,2,1,1,false
2992,dlk_tbl_02647,2,1,1,false
2993,proc_tbl_03014,2,1,1,false
2994,dash_tbl_01709,2,1,1,false
2995,gob_ext_00205,2,2,0,false
2996,dlk_tbl_00738,2,1,1,false
2997,gob_tbl_01384,2,1,1,false
2998,dlk_tbl_03628,2,1,1,false
2999,gob_tbl_03093,2,1,1,false
3000,dlk_tbl_04221,2,1,1,false
3001,dlk_tbl_03878,2,1,1,false
3002,m4sco_tbl_00498,2,1,1,false
3003,gob_tbl_00953,2,1,1,false
3004,gob_tbl_03325,2,1,1,false
3005,gob_tbl_00028,2,1,1,false
3006,gob_tbl_03218,2,1,1,false
3007,m4sco_tbl_04233,2,1,1,false
3008,dlk_ext_00465,2,2,0,false
3009,dlk_tbl_02879,2,1,1,false
3010,proc_ext_00197,2,2,0,false
3011,m4sco_tbl_02020,2,1,1,false
3012,dlk_tbl_00712,2,1,1,false
3013,gob_tbl_03881,2,1,1,false
3014,gob_tbl_01831,2,1,1,false
3015,std_tbl_02199,2,1,1,false
3016,gob_tbl_00373,2,1,1,false
3017,proc_tbl_04170,2,1,1,false
3018,gob_tbl_03351,2,1,1,false
3019,dlk_tbl_02943,2,1,1,false
3020,dlk_tbl_01683,2,1,1,false
3021,gob_ext_00106,2,2,0,false
3022,proc_tbl_02979,2,1,1,false
3023,proc_tbl_03445,2,1,1,false
3024,dlk_tbl_01863,2,1,1,false
3025,proc_tbl_02228,2,1,1,false
3026,dlk_tbl_00081,2,1,1,false
3027,gob_tbl_03523,2,1,1,false
3028,dash_tbl_04226,2,1,1,false
3029,gob_tbl_01697,2,1,1,false
3030,gob_tbl_01470,2,1,1,false
3031,gob_tbl_01946,2,1,1,false
3032,dlk_tbl_03291,2,1,1,false
3033,gob_tbl_02317,2,1,1,false
3034,gob_tbl_01381,2,1,1,false
3035,proc_tbl_01084,2,1,1,false
3036,dlk_tbl_03433,2,1,1,false
3037,gob_tbl_00839,2,1,1,false
3038,gob_tbl_02460,2,1,1,false
3039,dlk_tbl_03392,2,1,1,false
3040,dash_tbl_02798,2,1,1,false
3041,m4vw_tbl_02823,2,1,1,false
3042,dlk_tbl_03158,2,1,1,false
3043,dlk_tbl_01965,2,1,1,false
3044,proc_tbl_01483,2,1,1,false
3045,proc_tbl_00516,2,1,1,false
3046,std_tbl_01466,2,1,1,false
3047,gob_tbl_02958,2,1,1,false
3048,dlk_tbl_01623,2,1,1,false
3049,proc_tbl_00115,2,1,1,false
3050,dlk_tbl_04052,2,1,1,false
3051,proc_tbl_02300,2,1,1,false
3052,proc_tbl_00482,2,1,1,false
3053,dash_tbl_00659,2,1,1,false
3054,gob_tbl_02359,2,1,1,false
3055,gob_tbl_03050,2,1,1,false
3056,gob_tbl_04405,2,1,1,false
3057,dlk_tbl_01732,2,1,1,false
3058,dlk_tbl_04061,2,1,1,false
3059,dlk_tbl_01354,2,1,1,false
3060,gob_tbl_01998,2,1,1,false
3061,proc_tbl_03840,2,1,1,false
3062,gob_tbl_01586,2,1,1,false
3063,dlk_tbl_01995,2,1,1,false
3064,dlk_tbl_03314,2,1,1,false
3065,dlk_tbl_00387,2,1,1,false
3066,gob_tbl_02294,2,1,1,false
3067,dlk_tbl_02396,2,1,1,false
3068,std_tbl_03498,2,1,1,false
3069,gob_tbl_01755,2,1,1,false
3070,gob_tbl_03471,2,1,1,false
3071,gob_tbl_01285,2,1,1,false
3072,gob_tbl_04469,2,1,1,false
3073,std_tbl_03711,2,1,1,false
3074,gob_tbl_00311,2,1,1,false
3075,dlk_tbl_00162,2,1,1,false
3076,gob_tbl_02086,2,1,1,false
3077,proc_tbl_04004,2,1,1,false
3078,dlk_tbl_03562,2,1,1,false
3079,std_tbl_00219,2,1,1,false
3080,dlk_tbl_01193,2,1,1,false
3081,dlk_tbl_02755,2,1,1,false
3082,gob_tbl_02321,2,1,1,false
3083,proc_tbl_02148,2,1,1,false
3084,proc_tbl_02041,2,1,1,false
3085,dlk_tbl_02462,2,1,1,false
3086,dlk_tbl_02028,2,1,1,false
3087,dlk_tbl_03758,2,1,1,false
3088,dlk_tbl_03673,2,1,1,false
3089,proc_ext_00066,2,2,0,false
3090,proc_tbl_00103,2,1,1,false
3091,proc_tbl_03464,2,1,1,false
3092,gob_tbl_00861,2,1,1,false
3093,std_tbl_02080,2,1,1,false
3094,dlk_tbl_02787,2,1,1,false
3095,dlk_tbl_03984,2,1,1,false
3096,gob_tbl_00192,2,1,1,false
3097,dlk_tbl_02155,2,1,1,false
3098,dlk_ext_00218,2,2,0,false
3099,std_tbl_00892,2,1,1,false
3100,dlk_tbl_00287,2,1,1,false
3101,dlk_tbl_00385,2,1,1,false
3102,std_tbl_03010,2,1,1,false
3103,dlk_tbl_00360,2,1,1,false
3104,dlk_tbl_03260,2,1,1,false
3105,gob_tbl_00807,2,1,1,false
3106,gob_tbl_03719,2,1,1,false
3107,dash_tbl_03597,2,1,1,false
3108,gob_tbl_02207,2,1,1,false
3109,gob_tbl_01175,2,1,1,false
3110,dlk_tbl_00613,2,1,1,false
3111,m4vw_tbl_03369,2,1,1,false
3112,dlk_tbl_00337,2,1,1,false
3113,proc_tbl_00850,2,1,1,false
3114,gob_tbl_01834,2,1,1,false
3115,proc_tbl_02039,2,1,1,false
3116,dlk_tbl_03075,2,1,1,false
3117,ppn_tbl_02929,2,1,1,false
3118,gob_tbl_00619,2,1,1,false
3119,gob_tbl_01442,2,1,1,false
3120,gob_tbl_04271,2,1,1,false
3121,proc_tbl_01083,2,1,1,false
3122,dlk_tbl_01369,2,1,1,false
3123,gob_tbl_03169,2,1,1,false
3124,proc_tbl_01406,2,1,1,false
3125,dlk_tbl_02444,2,1,1,false
3126,proc_tbl_03849,2,1,1,false
3127,proc_tbl_02704,2,1,1,false
3128,dlk_tbl_03288,2,1,1,false
3129,gob_tbl_02233,2,1,1,false
3130,gob_tbl_00540,2,1,1,false
3131,gob_tbl_02594,2,1,1,false
3132,dlk_tbl_01112,2,1,1,false
3133,dash_tbl_01136,2,1,1,false
3134,gob_tbl_02117,2,1,1,false
3135,dash_tbl_01653,2,1,1,false
3136,ppn_tbl_00926,2,1,1,false
3137,proc_tbl_02473,2,1,1,false
3138,gob_tbl_04327,2,1,1,false
3139,proc_tbl_00349,2,1,1,false
3140,dlk_tbl_03270,2,1,1,false
3141,dlk_tbl_03551,2,1,1,false
3142,m4sco_tbl_03467,2,1,1,false
3143,gob_tbl_01487,2,1,1,false
3144,proc_tbl_03106,2,1,1,false
3145,dlk_tbl_01278,2,1,1,false
3146,gob_tbl_04215,2,1,1,false
3147,dlk_tbl_04210,2,0,2,true
3148,dlk_tbl_03967,2,1,1,false
3149,gob_tbl_01124,2,1,1,false
3150,gob_tbl_01708,2,1,1,false
3151,dlk_tbl_03599,2,1,1,false
3152,gob_tbl_01225,2,1,1,false
3153,dash_tbl_02782,2,1,1,false
3154,gob_tbl_04121,2,1,1,false
3155,gob_tbl_00848,2,1,1,false
3156,proc_tbl_03414,2,1,1,false
3157,dlk_tbl_01507,2,1,1,false
3158,gob_tbl_01273,2,1,1,false
3159,gob_tbl_04306,2,1,1,false
3160,std_tbl_03431,2,1,1,false
3161,m4sco_tbl_01005,2,1,1,false
3162,dash_tbl_01611,2,1,1,false
3163,dlk_tbl_02534,2,1,1,false
3164,gob_tbl_01213,2,1,1,false
3165,proc_tbl_00576,2,1,1,false
3166,dlk_tbl_02474,2,1,1,false
3167,dlk_tbl_02902,2,1,1,false
3168,dash_tbl_00939,2,1,1,false
3169,dlk_tbl_01120,2,1,1,false
3170,gob_tbl_01106,2,1,1,false
3171,gob_tbl_01065,2,1,1,false
3172,gob_tbl_04431,2,1,1,false
3173,dlk_tbl_04034,2,1,1,false
3174,proc_tbl_01537,2,1,1,false
3175,dlk_tbl_01127,2,1,1,false
3176,dash_tbl_02775,2,1,1,false
3177,proc_tbl_03110,2,1,1,false
3178,dlk_tbl_02354,2,1,1,false
3179,std_tbl_02210,2,1,1,false
3180,proc_tbl_00396,2,1,1,false
3181,std_tbl_00744,2,1,1,false
3182,dlk_tbl_00126,2,1,1,false
3183,proc_tbl_01776,2,1,1,false
3184,gob_ext_00250,2,2,0,false
3185,gob_tbl_00710,2,1,1,false
3186,gob_tbl_03210,2,1,1,false
3187,gob_tbl_03755,2,1,1,false
3188,proc_tbl_04176,2,1,1,false
3189,gob_tbl_01659,2,1,1,false
3190,gob_tbl_04181,2,1,1,false
3191,gob_tbl_02836,2,1,1,false
3192,gob_tbl_00801,2,1,1,false
3193,gob_tbl_04440,2,1,1,false
3194,gob_tbl_01387,2,1,1,false
3195,dash_tbl_02487,2,1,1,false
3196,gob_tbl_03032,2,1,1,false
3197,gob_tbl_03659,2,1,1,false
3198,proc_tbl_03650,2,1,1,false
3199,dash_tbl_02423,2,1,1,false
3200,proc_tbl_02953,2,1,1,false
3201,dlk_tbl_01054,2,1,1,false
3202,dlk_tbl_03336,2,1,1,false
3203,gob_tbl_00873,2,1,1,false
3204,gob_tbl_00897,2,1,1,false
3205,dlk_tbl_03848,2,1,1,false
3206,dlk_tbl_04154,2,1,1,false
3207,m4sco_tbl_03843,2,1,1,false
3208,dlk_tbl_01239,2,1,1,false
3209,m4sco_ext_00404,2,2,0,false
3210,dlk_tbl_03361,2,1,1,false
3211,proc_tbl_02645,2,1,1,false
3212,gob_tbl_03465,2,1,1,false
3213,dash_tbl_01176,2,1,1,false
3214,dlk_tbl_00955,2,1,1,false
3215,dlk_tbl_02142,2,1,1,false
3216,dash_tbl_02053,2,0,2,true
3217,gob_tbl_04264,2,1,1,false
3218,dlk_tbl_00270,2,1,1,false
3219,gob_tbl_01000,2,1,1,false
3220,proc_tbl_00398,2,1,1,false
3221,m4vw_tbl_02834,2,1,1,false
3222,dlk_tbl_00917,2,1,1,false
3223,proc_tbl_01190,2,1,1,false
3224,dlk_tbl_00426,2,1,1,false
3225,proc_tbl_03490,2,1,1,false
3226,dash_tbl_01099,2,1,1,false
3227,m4sco_tbl_02539,2,1,1,false
3228,dlk_tbl_03803,2,1,1,false
3229,m4vw_tbl_04267,2,1,1,false
3230,dlk_tbl_01263,2,1,1,false
3231,proc_tbl_01085,2,1,1,false
3232,dlk_tbl_03072,2,1,1,false
3233,gob_tbl_00487,2,1,1,false
3234,dlk_tbl_04099,2,1,1,false
3235,gob_ext_00537,2,2,0,false
3236,gob_tbl_03978,2,1,1,false
3237,dlk_tbl_00458,2,1,1,false
3238,dlk_tbl_02890,2,1,1,false
3239,proc_tbl_00539,2,1,1,false
3240,dash_tbl_02346,2,1,1,false
3241,ppn_tbl_01943,2,1,1,false
3242,dash_tbl_02903,2,1,1,false
3243,dlk_tbl_03951,2,1,1,false
3244,dlk_tbl_01155,2,1,1,false
3245,gob_tbl_01818,2,1,1,false
3246,dlk_tbl_01297,2,1,1,false
3247,proc_tbl_01909,2,1,1,false
3248,proc_tbl_04047,2,1,1,false
3249,dlk_tbl_02896,2,1,1,false
3250,dlk_tbl_01927,2,1,1,false
3251,gob_tbl_00021,2,1,1,false
3252,gob_tbl_00696,2,1,1,false
3253,gob_tbl_03804,2,1,1,false
3254,proc_tbl_01353,2,1,1,false
3255,dlk_ext_00426,2,2,0,false
3256,dlk_tbl_00003,2,1,1,false
3257,proc_tbl_04280,2,1,1,false
3258,dlk_tbl_03124,2,1,1,false
3259,dlk_tbl_01617,2,1,1,false
3260,dlk_tbl_00470,2,1,1,false
3261,gob_ext_00640,2,2,0,false
3262,gob_tbl_03084,2,1,1,false
3263,gob_tbl_03481,2,1,1,false
3264,gob_tbl_04069,2,1,1,false
3265,gob_tbl_03708,2,1,1,false
3266,dlk_tbl_00677,2,1,1,false
3267,proc_tbl_00124,2,1,1,false
3268,dash_tbl_02841,2,1,1,false
3269,gob_tbl_00257,2,1,1,false
3270,gob_tbl_01299,2,1,1,false
3271,gob_tbl_02861,2,1,1,false
3272,dlk_tbl_03833,2,1,1,false
3273,proc_tbl_00441,2,1,1,false
3274,dlk_tbl_03323,2,1,1,false
3275,proc_tbl_00867,2,1,1,false
3276,std_tbl_00113,2,1,1,false
3277,dlk_tbl_00860,2,1,1,false
3278,dlk_tbl_02627,2,1,1,false
3279,m4vw_tbl_00127,1,0,1,false
3280,dlk_tbl_02259,1,0,1,false
3281,dlk_tbl_02623,1,0,1,false
3282,dash_tbl_01812,1,0,1,false
3283,gob_tbl_03686,1,0,1,false
3284,gob_tbl_04002,1,0,1,false
3285,dlk_tbl_01936,1,0,1,false
3286,dlk_tbl_03672,1,0,1,false
3287,dlk_tbl_01655,1,0,1,false
3288,dlk_tbl_00972,1,0,1,false
3289,proc_tbl_04187,1,0,1,false
3290,proc_tbl_02829,1,0,1,false
3291,dlk_tbl_02732,1,0,1,false
3292,gob_tbl_03133,1,0,1,false
3293,gob_tbl_01511,1,0,1,false
3294,gob_ext_00633,1,1,0,false
3295,proc_tbl_03295,1,0,1,false
3296,dlk_tbl_01622,1,0,1,false
3297,gob_tbl_00314,1,0,1,false
3298,dlk_tbl_03583,1,0,1,false
3299,proc_tbl_03917,1,0,1,false
3300,gob_tbl_00929,1,0,1,false
3301,gob_tbl_02711,1,0,1,false
3302,gob_tbl_04141,1,0,1,false
3303,proc_tbl_04174,1,0,1,false
3304,dlk_tbl_02860,1,0,1,false
3305,gob_tbl_03866,1,0,1,false
3306,dash_tbl_03580,1,0,1,false
3307,gob_tbl_01963,1,0,1,false
3308,gob_tbl_03112,1,0,1,false
3309,proc_tbl_02592,1,0,1,false
3310,gob_tbl_04462,1,0,1,false
3311,dash_tbl_03284,1,0,1,false
3312,dlk_tbl_00747,1,0,1,false
3313,dash_tbl_00846,1,0,1,false
3314,dlk_tbl_02708,1,0,1,false
3315,proc_tbl_03879,1,0,1,false
3316,gob_tbl_00083,1,0,1,false
3317,std_tbl_00552,1,0,1,false
3318,dlk_tbl_01859,1,0,1,false
3319,gob_tbl_02390,1,0,1,false
3320,gob_tbl_00175,1,0,1,false
3321,gob_tbl_01493,1,0,1,false
3322,proc_tbl_02362,1,0,1,false
3323,dlk_tbl_03574,1,0,1,false
3324,proc_tbl_00919,1,0,1,false
3325,gob_tbl_04044,1,0,1,false
3326,dlk_tbl_02726,1,0,1,false
3327,dlk_tbl_04087,1,0,1,false
3328,gob_tbl_03732,1,0,1,false
3329,proc_tbl_03316,1,0,1,false
3330,dlk_tbl_00604,1,0,1,false
3331,proc_tbl_02204,1,0,1,false
3332,dlk_tbl_02367,1,0,1,false
3333,dlk_tbl_04068,1,0,1,false
3334,dlk_tbl_01864,1,0,1,false
3335,gob_tbl_00536,1,0,1,false
3336,dlk_tbl_00479,1,0,1,false
3337,proc_ext_00259,1,1,0,false
3338,gob_ext_00084,1,1,0,false
3339,proc_tbl_01661,1,0,1,false
3340,dlk_tbl_02476,1,0,1,false
3341,gob_tbl_00837,1,0,1,false
3342,dlk_tbl_02692,1,0,1,false
3343,proc_tbl_02414,1,0,1,false
3344,proc_tbl_00492,1,0,1,false
3345,dlk_tbl_01309,1,0,1,false
3346,dlk_tbl_01113,1,0,1,false
3347,proc_tbl_01446,1,0,1,false
3348,dash_tbl_04193,1,0,1,false
3349,dash_tbl_02214,1,0,1,false
3350,dash_tbl_00693,1,0,1,false
3351,dash_tbl_00038,1,0,1,false
3352,dlk_tbl_03397,1,0,1,false
3353,dlk_tbl_01675,1,0,1,false
3354,dlk_tbl_04420,1,0,1,false
3355,gob_tbl_02026,1,0,1,false
3356,gob_tbl_03028,1,0,1,false
3357,gob_tbl_00427,1,0,1,false
3358,dash_tbl_01447,1,0,1,false
3359,gob_tbl_03267,1,0,1,false
3360,gob_tbl_02524,1,0,1,false
3361,gob_tbl_02792,1,0,1,false
3362,proc_tbl_00047,1,0,1,false
3363,gob_tbl_02630,1,0,1,false
3364,gob_tbl_01232,1,0,1,false
3365,gob_tbl_03824,1,0,1,false
3366,dash_tbl_04076,1,0,1,false
3367,dlk_tbl_02641,1,0,1,false
3368,proc_tbl_04160,1,0,1,false
3369,dlk_tbl_02544,1,0,1,false
3370,proc_tbl_01976,1,0,1,false
3371,proc_tbl_02887,1,0,1,false
3372,gob_tbl_03846,1,0,1,false
3373,dlk_tbl_00954,1,0,1,false
3374,dlk_tbl_00412,1,0,1,false
3375,dlk_tbl_01033,1,0,1,false
3376,gob_tbl_03474,1,0,1,false
3377,dlk_tbl_01040,1,0,1,false
3378,proc_tbl_03262,1,0,1,false
3379,dlk_tbl_02162,1,0,1,false
3380,gob_tbl_01338,1,0,1,false
3381,gob_tbl_02191,1,0,1,false
3382,proc_tbl_03257,1,0,1,false
3383,proc_tbl_04299,1,0,1,false
3384,dlk_tbl_02981,1,0,1,false
3385,dlk_tbl_02526,1,0,1,false
3386,gob_tbl_03993,1,0,1,false
3387,dash_tbl_04468,1,0,1,false
3388,gob_tbl_01783,1,0,1,false
3389,gob_tbl_03312,1,0,1,false
3390,gob_tbl_02471,1,0,1,false
3391,dlk_tbl_04040,1,0,1,false
3392,proc_tbl_01039,1,0,1,false
3393,gob_tbl_02403,1,0,1,false
3394,gob_tbl_02595,1,0,1,false
3395,dlk_tbl_03676,1,0,1,false
3396,gob_tbl_02900,1,0,1,false
3397,dlk_tbl_04108,1,0,1,false
3398,dash_tbl_02324,1,0,1,false
3399,proc_tbl_03299,1,0,1,false
3400,gob_tbl_02983,1,0,1,false
3401,proc_tbl_02365,1,0,1,false
3402,ppn_tbl_02073,1,0,1,false
3403,dlk_tbl_02689,1,0,1,false
3404,dash_tbl_03482,1,0,1,false
3405,proc_tbl_02777,1,0,1,false
3406,std_tbl_01533,1,0,1,false
3407,dash_tbl_00465,1,0,1,false
3408,std_tbl_01994,1,0,1,false
3409,dash_tbl_01057,1,0,1,false
3410,std_tbl_00578,1,0,1,false
3411,proc_tbl_03998,1,0,1,false
3412,proc_tbl_04364,1,0,1,false
3413,dlk_ext_00234,1,1,0,false
3414,proc_tbl_01930,1,0,1,false
3415,gob_tbl_03546,1,0,1,false
3416,dlk_tbl_03483,1,0,1,false
3417,dlk_tbl_01429,1,0,1,false
3418,proc_tbl_01760,1,0,1,false
3419,ppn_tbl_03302,1,0,1,false
3420,gob_tbl_03501,1,0,1,false
3421,dlk_tbl_02425,1,0,1,false
3422,gob_tbl_00370,1,0,1,false
3423,dlk_tbl_01296,1,0,1,false
3424,dlk_tbl_00110,1,0,1,false
3425,gob_tbl_01118,1,0,1,false
3426,gob_ext_00549,1,1,0,false
3427,dlk_tbl_03969,1,0,1,false
3428,dash_tbl_01376,1,0,1,false
3429,gob_tbl_02351,1,0,1,false
3430,dlk_tbl_04397,1,0,1,false
3431,m4vw_tbl_00575,1,0,1,false
3432,gob_tbl_02519,1,0,1,false
3433,gob_tbl_02727,1,0,1,false
3434,proc_tbl_03289,1,0,1,false
3435,dlk_tbl_00910,1,0,1,false
3436,m4sco_tbl_03271,1,0,1,false
3437,dlk_tbl_00854,1,0,1,false
3438,dlk_tbl_02924,1,0,1,false
3439,proc_tbl_00579,1,0,1,false
3440,gob_tbl_00567,1,0,1,false
3441,dlk_tbl_02226,1,0,1,false
3442,gob_tbl_00051,1,0,1,false
3443,gob_tbl_03763,1,0,1,false
3444,gob_tbl_01379,1,0,1,false
3445,dlk_tbl_04458,1,0,1,false
3446,gob_tbl_00344,1,0,1,false
3447,dlk_tbl_01552,1,0,1,false
3448,dash_tbl_03409,1,0,1,false
3449,gob_tbl_00767,1,0,1,false
3450,proc_tbl_01514,1,0,1,false
3451,proc_tbl_01600,1,0,1,false
3452,gob_tbl_00481,1,0,1,false
3453,dlk_tbl_04161,1,0,1,false
3454,dash_ext_00617,1,1,0,false
3455,dlk_tbl_00276,1,0,1,false
3456,proc_tbl_01759,1,0,1,false
3457,gob_tbl_03172,1,0,1,false
3458,gob_tbl_02517,1,0,1,false
3459,dlk_tbl_00054,1,0,1,false
3460,dash_tbl_03689,1,0,1,false
3461,gob_tbl_01572,1,0,1,false
3462,dlk_tbl_03540,1,0,1,false
3463,proc_tbl_03308,1,0,1,false
3464,gob_tbl_02075,1,0,1,false
3465,gob_tbl_04392,1,0,1,false
3466,dlk_tbl_00902,1,0,1,false
3467,dlk_tbl_01639,1,0,1,false
3468,proc_tbl_00125,1,0,1,false
3469,dlk_tbl_04460,1,0,1,false
3470,gob_tbl_00062,1,0,1,false
3471,std_tbl_04409,1,0,1,false
3472,proc_tbl_04081,1,0,1,false
3473,dlk_tbl_01305,1,0,1,false
3474,gob_ext_00155,1,1,0,false
3475,dlk_tbl_03466,1,0,1,false
3476,dlk_tbl_01985,1,0,1,false
3477,proc_tbl_00858,1,0,1,false
3478,dlk_tbl_03064,1,0,1,false
3479,dlk_tbl_03514,1,0,1,false
3480,gob_ext_00334,1,1,0,false
3481,std_tbl_04026,1,0,1,false
3482,dlk_tbl_03416,1,0,1,false
3483,gob_tbl_01457,1,0,1,false
3484,dlk_tbl_04258,1,0,1,false
3485,dlk_tbl_01481,1,0,1,false
3486,proc_tbl_02238,1,0,1,false
3487,gob_tbl_01255,1,0,1,false
3488,dlk_tbl_03143,1,0,1,false
3489,dlk_tbl_03109,1,0,1,false
3490,proc_tbl_03140,1,0,1,false
3491,gob_tbl_00813,1,0,1,false
3492,dlk_tbl_00805,1,0,1,false
3493,gob_tbl_00167,1,0,1,false
3494,dlk_tbl_03061,1,0,1,false
3495,dlk_tbl_00944,1,0,1,false
3496,dlk_tbl_04107,1,0,1,false
3497,proc_tbl_04464,1,0,1,false
3498,proc_tbl_02635,1,0,1,false
3499,dlk_tbl_03822,1,0,1,false
3500,gob_tbl_01014,1,0,1,false
3501,proc_tbl_03402,1,0,1,false
3502,gob_tbl_01601,1,0,1,false
3503,gob_tbl_00142,1,0,1,false
3504,dash_tbl_02507,1,0,1,false
3505,std_tbl_03903,1,0,1,false
3506,std_tbl_04225,1,0,1,false
3507,dlk_tbl_04244,1,0,1,false
3508,std_tbl_00312,1,0,1,false
3509,dlk_tbl_03177,1,0,1,false
3510,gob_tbl_00682,1,0,1,false
3511,gob_tbl_01475,1,0,1,false
3512,gob_tbl_02126,1,0,1,false
3513,gob_tbl_03522,1,0,1,false
3514,dlk_tbl_01824,1,0,1,false
3515,dash_tbl_01656,1,0,1,false
3516,m4vw_tbl_00237,1,0,1,false
3517,gob_ext_00225,1,1,0,false
3518,dlk_tbl_03823,1,0,1,false
3519,dlk_tbl_03530,1,0,1,false
3520,dash_tbl_01237,1,0,1,false
3521,gob_tbl_01137,1,0,1,false
3522,gob_tbl_02153,1,0,1,false
3523,gob_tbl_04091,1,0,1,false
3524,dash_tbl_03403,1,0,1,false
3525,dlk_tbl_03281,1,0,1,false
3526,proc_tbl_01990,1,0,1,false
3527,dlk_tbl_00361,1,0,1,false
3528,proc_tbl_03355,1,0,1,false
3529,gob_tbl_02175,1,0,1,false
3530,dlk_tbl_03859,1,0,1,false
3531,dlk_tbl_00786,1,0,1,false
3532,dlk_tbl_00100,1,0,1,false
3533,dlk_tbl_02288,1,0,1,false
3534,gob_tbl_04275,1,0,1,false
3535,gob_tbl_00106,1,0,1,false
3536,proc_tbl_02337,1,0,1,false
3537,gob_tbl_02409,1,0,1,false
3538,gob_tbl_00927,1,0,1,false
3539,proc_tbl_02456,1,0,1,false
3540,dlk_ext_00209,1,1,0,false
3541,dlk_tbl_00694,1,0,1,false
3542,dlk_tbl_01903,1,0,1,false
3543,proc_tbl_00564,1,0,1,false
3544,gob_tbl_00742,1,0,1,false
3545,proc_tbl_02492,1,0,1,false
3546,proc_tbl_03707,1,0,1,false
3547,gob_tbl_00666,1,0,1,false
3548,gob_tbl_00493,1,0,1,false
3549,dash_tbl_03577,1,0,1,false
3550,proc_tbl_02265,1,0,1,false
3551,dlk_tbl_03634,1,0,1,false
3552,dlk_tbl_00025,1,0,1,false
3553,dash_tbl_03197,1,0,1,false
3554,gob_tbl_02123,1,0,1,false
3555,gob_tbl_03182,1,0,1,false
3556,dlk_tbl_02747,1,0,1,false
3557,dlk_ext_00610,1,1,0,false
3558,dlk_tbl_02038,1,0,1,false
3559,gob_tbl_01557,1,0,1,false
3560,gob_tbl_02044,1,0,1,false
3561,gob_tbl_00380,1,0,1,false
3562,gob_tbl_01002,1,0,1,false
3563,proc_tbl_00417,1,0,1,false
3564,dlk_tbl_02375,1,0,1,false
3565,dlk_tbl_02713,1,0,1,false
3566,dlk_tbl_02965,1,0,1,false
3567,proc_tbl_02381,1,0,1,false
3568,dlk_tbl_02071,1,0,1,false
3569,gob_tbl_04019,1,0,1,false
3570,dlk_tbl_02368,1,0,1,false
3571,gob_tbl_00640,1,0,1,false
3572,dash_tbl_03692,1,0,1,false
3573,dlk_tbl_00171,1,0,1,false
3574,std_tbl_00447,1,0,1,false
3575,gob_tbl_00218,1,0,1,false
3576,proc_tbl_03765,1,0,1,false
3577,dlk_tbl_01182,1,0,1,false
3578,dlk_tbl_03204,1,0,1,false
3579,dlk_tbl_03690,1,0,1,false
3580,gob_tbl_00928,1,0,1,false
3581,dlk_tbl_00202,1,0,1,false
3582,m4vw_tbl_04175,1,0,1,false
3583,gob_tbl_00911,1,0,1,false
3584,dash_tbl_01333,1,0,1,false
3585,gob_tbl_03386,1,0,1,false
3586,dlk_tbl_00266,1,0,1,false
3587,dlk_tbl_01736,1,0,1,false
3588,dlk_tbl_04276,1,0,1,false
3589,gob_tbl_04025,1,0,1,false
3590,dlk_tbl_03220,1,0,1,false
3591,dlk_tbl_03544,1,0,1,false
3592,proc_tbl_00935,1,0,1,false
3593,std_tbl_03534,1,0,1,false
3594,dlk_tbl_02886,1,0,1,false
3595,gob_tbl_02546,1,0,1,false
3596,dlk_tbl_02820,1,0,1,false
3597,dlk_ext_00114,1,1,0,false
3598,dlk_tbl_02988,1,0,1,false
3599,gob_tbl_03930,1,0,1,false
3600,dlk_tbl_00011,1,0,1,false
3601,gob_tbl_04111,1,0,1,false
3602,dlk_tbl_02930,1,0,1,false
3603,dlk_tbl_03713,1,0,1,false
3604,dlk_tbl_04380,1,0,1,false
3605,gob_ext_00261,1,1,0,false
3606,gob_tbl_02249,1,0,1,false
3607,gob_tbl_01945,1,0,1,false
3608,gob_tbl_04351,1,0,1,false
3609,dlk_tbl_04265,1,0,1,false
3610,dlk_tbl_00812,1,0,1,false
3611,dash_tbl_02457,1,0,1,false
3612,std_tbl_00614,1,0,1,false
3613,dlk_tbl_00394,1,0,1,false
3614,gob_tbl_02563,1,0,1,false
3615,dlk_tbl_01924,1,0,1,false
3616,proc_tbl_00648,1,0,1,false
3617,gob_tbl_01027,1,0,1,false
3618,gob_tbl_03726,1,0,1,false
3619,dlk_tbl_02096,1,0,1,false
3620,dlk_tbl_01939,1,0,1,false
3621,gob_tbl_00981,1,0,1,false
3622,dlk_tbl_04131,1,0,1,false
3623,m4vw_tbl_01270,1,0,1,false
3624,gob_tbl_02662,1,0,1,false
3625,proc_tbl_00086,1,0,1,false
3626,proc_tbl_02055,1,0,1,false
3627,gob_tbl_02050,1,0,1,false
3628,dlk_tbl_02464,1,0,1,false
3629,gob_tbl_01530,1,0,1,false
3630,gob_tbl_00456,1,0,1,false
3631,gob_tbl_03360,1,0,1,false
3632,dlk_tbl_01189,1,0,1,false
3633,dlk_tbl_00330,1,0,1,false
3634,dash_tbl_00642,1,0,1,false
3635,std_tbl_02468,1,0,1,false
3636,dlk_tbl_04457,1,0,1,false
3637,proc_tbl_00675,1,0,1,false
3638,gob_tbl_02303,1,0,1,false
3639,dlk_tbl_03100,1,0,1,false
3640,gob_tbl_03731,1,0,1,false
3641,dlk_ext_00049,1,1,0,false
3642,dlk_tbl_00146,1,0,1,false
3643,gob_tbl_02974,1,0,1,false
3644,gob_tbl_02830,1,0,1,false
3645,gob_tbl_04388,1,0,1,false
3646,dlk_tbl_03376,1,0,1,false
3647,proc_tbl_01365,1,0,1,false
3648,gob_tbl_01594,1,0,1,false
3649,gob_tbl_00845,1,0,1,false
3650,dash_tbl_00784,1,0,1,false
3651,gob_tbl_00353,1,0,1,false
3652,dash_tbl_04090,1,0,1,false
3653,dash_tbl_01231,1,0,1,false
3654,gob_tbl_00116,1,0,1,false
3655,dlk_tbl_00332,1,0,1,false
3656,proc_tbl_01052,1,0,1,false
3657,gob_tbl_02291,1,0,1,false
3658,gob_tbl_01314,1,0,1,false
3659,dash_tbl_03645,1,0,1,false
3660,gob_tbl_01092,1,0,1,false
3661,proc_tbl_03282,1,0,1,false
3662,gob_tbl_03012,1,0,1,false
3663,dash_tbl_01212,1,0,1,false
3664,proc_tbl_01380,1,0,1,false
3665,proc_tbl_02485,1,0,1,false
3666,proc_tbl_03743,1,0,1,false
3667,proc_tbl_02881,1,0,1,false
3668,m4vw_tbl_03694,1,0,1,false
3669,gob_tbl_00676,1,0,1,false
3670,gob_tbl_02550,1,0,1,false
3671,dlk_tbl_03413,1,0,1,false
3672,gob_tbl_01769,1,0,1,false
3673,gob_tbl_00037,1,0,1,false
3674,gob_tbl_01744,1,0,1,false
3675,gob_tbl_02172,1,0,1,false
3676,dlk_tbl_03083,1,0,1,false
3677,dash_tbl_00582,1,0,1,false
3678,proc_tbl_00591,1,0,1,false
3679,gob_tbl_02646,1,0,1,false
3680,dlk_tbl_02811,1,0,1,false
3681,proc_tbl_03921,1,0,1,false
3682,gob_tbl_03895,1,0,1,false
3683,proc_tbl_02543,1,0,1,false
3684,gob_tbl_04342,1,0,1,false
3685,proc_tbl_03778,1,0,1,false
3686,dlk_tbl_02693,1,0,1,false
3687,dash_ext_00305,1,1,0,false
3688,gob_tbl_03537,1,0,1,false
3689,gob_tbl_02771,1,0,1,false
3690,gob_tbl_03811,1,0,1,false
3691,m4vw_tbl_00815,1,0,1,false
3692,gob_tbl_03595,1,0,1,false
3693,dlk_tbl_00700,1,0,1,false
3694,std_tbl_00035,1,0,1,false
3695,dlk_tbl_00594,1,0,1,false
3696,gob_tbl_03913,1,0,1,false
3697,gob_tbl_03292,1,0,1,false
3698,gob_tbl_03241,1,0,1,false
3699,gob_tbl_00213,1,0,1,false
3700,dlk_tbl_01884,1,0,1,false
3701,dlk_tbl_03350,1,0,1,false
3702,dlk_tbl_01308,1,0,1,false
3703,gob_tbl_02574,1,0,1,false
3704,dash_tbl_01117,1,0,1,false
3705,dlk_tbl_00685,1,0,1,false
3706,gob_tbl_00422,1,0,1,false
3707,dlk_tbl_03022,1,0,1,false
3708,proc_tbl_00520,1,0,1,false
3709,gob_tbl_02833,1,0,1,false
3710,dlk_tbl_03222,1,0,1,false
3711,dlk_tbl_00947,1,0,1,false
3712,gob_tbl_04096,1,0,1,false
3713,std_tbl_03453,1,0,1,false
3714,proc_tbl_01148,1,0,1,false
3715,gob_tbl_02970,1,0,1,false
3716,dash_tbl_03891,1,0,1,false
3717,dlk_tbl_02021,1,0,1,false
3718,proc_tbl_01295,1,0,1,false
3719,proc_tbl_02773,1,0,1,false
3720,ppn_tbl_02215,1,0,1,false
3721,gob_tbl_00260,1,0,1,false
3722,m4vw_tbl_01614,1,0,1,false
3723,m4sco_tbl_02401,1,0,1,false
3724,gob_tbl_03957,1,0,1,false
3725,dlk_tbl_02632,1,0,1,false
3726,gob_tbl_00462,1,0,1,false
3727,gob_tbl_00448,1,0,1,false
3728,proc_tbl_02762,1,0,1,false
3729,dlk_tbl_01562,1,0,1,false
3730,gob_tbl_03208,1,0,1,false
3731,dlk_tbl_04331,1,0,1,false
3732,dlk_tbl_00378,1,0,1,false
3733,gob_tbl_00990,1,0,1,false
3734,gob_tbl_00551,1,0,1,false
3735,dash_tbl_02746,1,0,1,false
3736,dash_tbl_04407,1,0,1,false
3737,dlk_tbl_01705,1,0,1,false
3738,gob_tbl_01784,1,0,1,false
3739,gob_tbl_02099,1,0,1,false
3740,gob_tbl_03192,1,0,1,false
3741,dlk_tbl_01777,1,0,1,false
3742,gob_tbl_01564,1,0,1,false
3743,gob_tbl_00065,1,0,1,false
3744,std_tbl_01691,1,0,1,false
3745,gob_tbl_03683,1,0,1,false
3746,proc_tbl_02637,1,0,1,false
3747,dlk_tbl_02766,1,0,1,false
3748,proc_tbl_02400,1,0,1,false
3749,m4vw_tbl_02465,1,0,1,false
3750,gob_tbl_00851,1,0,1,false
3751,std_tbl_03232,1,0,1,false
3752,proc_tbl_01229,1,0,1,false
3753,m4sco_ext_00484,1,1,0,false
3754,dlk_tbl_02919,1,0,1,false
3755,dlk_tbl_00900,1,0,1,false
3756,proc_tbl_03101,1,0,1,false
3757,dlk_tbl_04307,1,0,1,false
3758,dlk_tbl_01334,1,0,1,false
3759,dash_tbl_00603,1,0,1,false
3760,proc_tbl_02882,1,0,1,false
3761,proc_tbl_03425,1,0,1,false
3762,proc_tbl_00154,1,0,1,false
3763,dlk_tbl_00921,1,0,1,false
3764,dash_tbl_02235,1,0,1,false
3765,dlk_tbl_03059,1,0,1,false
3766,std_tbl_00765,1,0,1,false
3767,dlk_tbl_01133,1,0,1,false
3768,dlk_tbl_00547,1,0,1,false
3769,dlk_tbl_04472,1,0,1,false
3770,gob_tbl_03406,1,0,1,false
3771,proc_tbl_00774,1,0,1,false
3772,gob_tbl_00164,1,0,1,false
3773,gob_tbl_03728,1,0,1,false
3774,dlk_tbl_00543,1,0,1,false
3775,dlk_tbl_01616,1,0,1,false
3776,proc_tbl_01868,1,0,1,false
3777,proc_tbl_00091,1,0,1,false
3778,proc_tbl_00695,1,0,1,false
3779,dlk_tbl_00161,1,0,1,false
3780,gob_tbl_00750,1,0,1,false
3781,dash_tbl_03781,1,0,1,false
3782,dlk_tbl_04007,1,0,1,false
3783,gob_tbl_04172,1,0,1,false
3784,gob_tbl_00140,1,0,1,false
3785,proc_tbl_03687,1,0,1,false
3786,dlk_tbl_00668,1,0,1,false
3787,gob_tbl_02824,1,0,1,false
3788,gob_tbl_03251,1,0,1,false
3789,gob_tbl_00445,1,0,1,false
3790,dlk_tbl_03209,1,0,1,false
3791,gob_tbl_03427,1,0,1,false
3792,ppn_tbl_00494,1,0,1,false
3793,gob_tbl_01473,1,0,1,false
3794,dlk_tbl_04028,1,0,1,false
3795,gob_tbl_03581,1,0,1,false
3796,dlk_tbl_01140,1,0,1,false
3797,dlk_tbl_02200,1,0,1,false
3798,dlk_tbl_01979,1,0,1,false
3799,gob_tbl_01167,1,0,1,false
3800,gob_tbl_00715,1,0,1,false
3801,proc_tbl_00736,1,0,1,false
3802,dlk_tbl_00001,1,0,1,false
3803,dlk_tbl_02319,1,0,1,false
3804,proc_tbl_04297,1,0,1,false
3805,dlk_tbl_01918,1,0,1,false
3806,gob_tbl_02576,1,0,1,false
3807,m4sco_tbl_02752,1,0,1,false
3808,proc_tbl_02116,1,0,1,false
3809,gob_tbl_02910,1,0,1,false
3810,dlk_tbl_02710,1,0,1,false
3811,proc_tbl_01142,1,0,1,false
3812,dash_tbl_02535,1,0,1,false
3813,gob_tbl_02298,1,0,1,false
3814,gob_tbl_00863,1,0,1,false
3815,dlk_tbl_03856,1,0,1,false
3816,dlk_tbl_02240,1,0,1,false
3817,dash_tbl_02152,1,0,1,false
3818,gob_tbl_03385,1,0,1,false
3819,m4vw_tbl_00072,1,0,1,false
3820,dash_tbl_01043,1,0,1,false
3821,gob_tbl_03297,1,0,1,false
3822,gob_tbl_03808,1,0,1,false
3823,proc_tbl_03691,1,0,1,false
3824,gob_tbl_01608,1,0,1,false
3825,gob_tbl_01738,1,0,1,false
3826,dlk_tbl_01135,1,0,1,false
3827,m4vw_tbl_02951,1,0,1,false
3828,gob_tbl_03188,1,0,1,false
3829,proc_tbl_00691,1,0,1,false
3830,dlk_tbl_02089,1,0,1,false
3831,proc_tbl_03419,1,0,1,false
3832,gob_tbl_01398,1,0,1,false
3833,dlk_tbl_03424,1,0,1,false
3834,gob_ext_00226,1,1,0,false
3835,dlk_tbl_01546,1,0,1,false
3836,dlk_tbl_02269,1,0,1,false
3837,gob_ext_00448,1,1,0,false
3838,dlk_tbl_02411,1,0,1,false
3839,dlk_tbl_01712,1,0,1,false
3840,dlk_tbl_03559,1,0,1,false
3841,dash_tbl_01540,1,0,1,false
3842,proc_tbl_00803,1,0,1,false
3843,gob_tbl_03179,1,0,1,false
3844,dash_tbl_02553,1,0,1,false
3845,proc_ext_00671,1,1,0,false
3846,proc_ext_00132,1,1,0,false
3847,proc_tbl_02744,1,0,1,false
3848,m4vw_tbl_02898,1,0,1,false
3849,dlk_tbl_01751,1,0,1,false
3850,proc_tbl_01444,1,0,1,false
3851,dlk_tbl_00995,1,0,1,false
3852,dlk_tbl_01509,1,0,1,false
3853,dlk_tbl_01966,1,0,1,false
3854,gob_ext_00455,1,1,0,false
3855,proc_tbl_02652,1,0,1,false
3856,gob_tbl_01894,1,0,1,false
3857,gob_tbl_02042,1,0,1,false
3858,proc_tbl_03914,1,0,1,false
3859,dlk_tbl_01505,1,0,1,false
3860,dash_tbl_00779,1,0,1,false
3861,gob_tbl_03741,1,0,1,false
3862,gob_tbl_00998,1,0,1,false
3863,dlk_tbl_03789,1,0,1,false
3864,proc_tbl_04396,1,0,1,false
3865,dlk_tbl_02292,1,0,1,false
3866,std_tbl_00658,1,0,1,false
3867,dlk_tbl_03487,1,0,1,false
3868,dlk_tbl_03493,1,0,1,false
3869,dlk_tbl_01311,1,0,1,false
3870,proc_tbl_01019,1,0,1,false
3871,gob_tbl_03322,1,0,1,false
3872,dlk_tbl_02857,1,0,1,false
3873,gob_tbl_01292,1,0,1,false
3874,proc_tbl_00827,1,0,1,false
3875,gob_tbl_03608,1,0,1,false
3876,dlk_tbl_00828,1,0,1,false
3877,dlk_tbl_02201,1,0,1,false
3878,gob_tbl_02694,1,0,1,false
3879,gob_tbl_02791,1,0,1,false
3880,gob_tbl_02971,1,0,1,false
3881,proc_tbl_04201,1,0,1,false
3882,gob_tbl_04366,1,0,1,false
3883,proc_tbl_02650,1,0,1,false
3884,dash_tbl_01785,1,0,1,false
3885,dlk_tbl_01170,1,0,1,false
3886,dlk_tbl_02413,1,0,1,false
3887,dlk_tbl_02892,1,0,1,false
3888,gob_tbl_00210,1,0,1,false
3889,gob_tbl_03701,1,0,1,false
3890,gob_tbl_00272,1,0,1,false
3891,dlk_tbl_00899,1,0,1,false
3892,dlk_tbl_03885,1,0,1,false
3893,dash_tbl_02141,1,0,1,false
3894,gob_tbl_03869,1,0,1,false
3895,gob_tbl_00112,1,0,1,false
3896,dlk_tbl_04156,1,0,1,false
3897,proc_tbl_02700,1,0,1,false
3898,dash_tbl_01177,1,0,1,false
3899,proc_tbl_04305,1,0,1,false
3900,dlk_tbl_03712,1,0,1,false
3901,dlk_tbl_01704,1,0,1,false
3902,dlk_tbl_02579,1,0,1,false
3903,gob_tbl_03612,1,0,1,false
3904,std_tbl_04344,1,0,1,false
3905,dlk_tbl_02894,1,0,1,false
3906,proc_tbl_02275,1,0,1,false
3907,dlk_tbl_00143,1,0,1,false
3908,dash_tbl_01841,1,0,1,false
3909,gob_tbl_02510,1,0,1,false
3910,gob_tbl_03213,1,0,1,false
3911,dlk_tbl_03910,1,0,1,false
3912,gob_tbl_04113,1,0,1,false
3913,dash_tbl_01687,1,0,1,false
3914,gob_tbl_00768,1,0,1,false
3915,dlk_tbl_03873,1,0,1,false
3916,gob_tbl_01821,1,0,1,false
3917,gob_tbl_02241,1,0,1,false
3918,dlk_tbl_03506,1,0,1,false
3919,proc_tbl_00194,1,0,1,false
3920,gob_tbl_04320,1,0,1,false
3921,proc_tbl_02284,1,0,1,false
3922,gob_tbl_00724,1,0,1,false
3923,gob_tbl_00357,1,0,1,false
3924,gob_tbl_01183,1,0,1,false
3925,m4vw_tbl_03340,1,0,1,false
3926,proc_tbl_00489,1,0,1,false
3927,dlk_tbl_02061,1,0,1,false
3928,dlk_tbl_01714,1,0,1,false
3929,gob_tbl_03649,1,0,1,false
3930,gob_tbl_03062,1,0,1,false
3931,gob_tbl_00942,1,0,1,false
3932,gob_tbl_04470,1,0,1,false
3933,dash_tbl_01464,1,0,1,false
3934,dlk_tbl_02763,1,0,1,false
3935,gob_ext_00268,1,1,0,false
3936,proc_tbl_00664,1,0,1,false
3937,dlk_tbl_02664,1,0,1,false
3938,dlk_tbl_02150,1,0,1,false
3939,dlk_tbl_03994,1,0,1,false
3940,dash_tbl_00607,1,0,1,false
3941,dash_tbl_03423,1,0,1,false
3942,dlk_tbl_02932,1,0,1,false
3943,gob_tbl_03173,1,0,1,false
3944,dlk_tbl_04346,1,0,1,false
3945,dash_tbl_02739,1,0,1,false
3946,gob_tbl_02788,1,0,1,false
3947,dlk_tbl_02785,1,0,1,false
3948,proc_tbl_01571,1,0,1,false
3949,gob_tbl_03513,1,0,1,false
3950,proc_tbl_03037,1,0,1,false
3951,proc_tbl_04149,1,0,1,false
3952,proc_tbl_04289,1,0,1,false
3953,dlk_tbl_01722,1,0,1,false
3954,dlk_tbl_00593,1,0,1,false
3955,gob_tbl_00420,1,0,1,false
3956,gob_tbl_03358,1,0,1,false
3957,dash_tbl_02709,1,0,1,false
3958,gob_tbl_03820,1,0,1,false
3959,proc_tbl_02491,1,0,1,false
3960,m4vw_tbl_02068,1,0,1,false
3961,dlk_tbl_02397,1,0,1,false
3962,proc_tbl_04330,1,0,1,false
3963,gob_tbl_02584,1,0,1,false
3964,dlk_tbl_02960,1,0,1,false
3965,gob_tbl_01408,1,0,1,false
3966,gob_tbl_03451,1,0,1,false
3967,gob_tbl_00012,1,0,1,false
3968,dash_tbl_03945,1,0,1,false
3969,proc_tbl_00049,1,0,1,false
3970,dlk_tbl_04159,1,0,1,false
3971,dlk_tbl_03960,1,0,1,false
3972,dash_tbl_00627,1,0,1,false
3973,dlk_tbl_01037,1,0,1,false
3974,gob_tbl_01689,1,0,1,false
3975,proc_tbl_00986,1,0,1,false
3976,gob_tbl_00178,1,0,1,false
3977,gob_tbl_04024,1,0,1,false
3978,dlk_tbl_01761,1,0,1,false
3979,proc_tbl_03730,1,0,1,false
3980,ppn_tbl_01911,1,0,1,false
3981,gob_tbl_02615,1,0,1,false
3982,gob_tbl_04150,1,0,1,false
3983,m4sco_tbl_00222,1,0,1,false
3984,gob_tbl_04168,1,0,1,false
3985,gob_tbl_00531,1,0,1,false
3986,proc_tbl_04461,1,0,1,false
3987,gob_tbl_03541,1,0,1,false
3988,gob_tbl_00471,1,0,1,false
3989,gob_tbl_03830,1,0,1,false
3990,dlk_tbl_04220,1,0,1,false
3991,dlk_tbl_00484,1,0,1,false
3992,dlk_tbl_03724,1,0,1,false
3993,dlk_ext_00094,1,1,0,false
3994,dlk_tbl_02851,1,0,1,false
3995,gob_tbl_03857,1,0,1,false
3996,dlk_tbl_01215,1,0,1,false
3997,dlk_tbl_03876,1,0,1,false
3998,dlk_tbl_01667,1,0,1,false
3999,gob_tbl_02874,1,0,1,false
4000,gob_tbl_00328,1,0,1,false
4001,gob_tbl_02649,1,0,1,false
4002,gob_tbl_00160,1,0,1,false
4003,gob_tbl_02516,1,0,1,false
4004,proc_tbl_02876,1,0,1,false
4005,dash_tbl_02722,1,0,1,false
4006,gob_tbl_01969,1,0,1,false
4007,gob_tbl_03384,1,0,1,false
4008,dash_tbl_00461,1,0,1,false
4009,gob_tbl_04062,1,0,1,false
4010,gob_tbl_03357,1,0,1,false
4011,proc_tbl_00806,1,0,1,false
4012,gob_tbl_03318,1,0,1,false
4013,dlk_tbl_01494,1,0,1,false
4014,gob_tbl_04262,1,0,1,false
4015,dlk_tbl_00665,1,0,1,false
4016,gob_tbl_01362,1,0,1,false
4017,ppn_tbl_02488,1,0,1,false
4018,gob_tbl_02807,1,0,1,false
4019,dlk_tbl_01642,1,0,1,false
4020,gob_tbl_00251,1,0,1,false
4021,gob_tbl_00327,1,0,1,false
4022,gob_tbl_01850,1,0,1,false
4023,gob_tbl_02060,1,0,1,false
4024,dlk_tbl_03979,1,0,1,false
4025,dlk_tbl_02278,1,0,1,false
4026,dlk_tbl_00005,1,0,1,false
4027,gob_tbl_02276,1,0,1,false
4028,gob_tbl_01980,1,0,1,false
4029,proc_tbl_01547,1,0,1,false
4030,dlk_tbl_00105,1,0,1,false
4031,dlk_tbl_03810,1,0,1,false
4032,dash_tbl_01482,1,0,1,false
4033,dash_tbl_03783,1,0,1,false
4034,dash_tbl_00758,1,0,1,false
4035,proc_tbl_02589,1,0,1,false
4036,dlk_tbl_04436,1,0,1,false
4037,dlk_tbl_03954,1,0,1,false
4038,ppn_tbl_00139,1,0,1,false
4039,dlk_tbl_02838,1,0,1,false
4040,dlk_tbl_03806,1,0,1,false
4041,m4vw_tbl_04054,1,0,1,false
4042,proc_tbl_02735,1,0,1,false
4043,std_tbl_03446,1,0,1,false
4044,gob_tbl_00528,1,0,1,false
4045,dlk_tbl_00977,1,0,1,false
4046,gob_tbl_03516,1,0,1,false
4047,dash_tbl_00985,1,0,1,false
4048,dlk_tbl_01161,1,0,1,false
4049,dlk_tbl_02991,1,0,1,false
4050,gob_tbl_00950,1,0,1,false
4051,std_tbl_03346,1,0,1,false
4052,gob_tbl_03024,1,0,1,false
4053,dlk_tbl_00231,1,0,1,false
4054,gob_tbl_03485,1,0,1,false
4055,dlk_tbl_01904,1,0,1,false
4056,dlk_tbl_00777,1,0,1,false
4057,gob_tbl_03769,1,0,1,false
4058,dash_tbl_00653,1,0,1,false
4059,dlk_tbl_01100,1,0,1,false
4060,dlk_tbl_01962,1,0,1,false
4061,dlk_tbl_00255,1,0,1,false
4062,dash_tbl_01951,1,0,1,false
4063,ppn_tbl_03252,1,0,1,false
4064,gob_tbl_03021,1,0,1,false
4065,proc_tbl_03919,1,0,1,false
4066,dlk_tbl_00007,1,0,1,false
4067,gob_tbl_02959,1,0,1,false
4068,dash_tbl_02622,1,0,1,false
4069,m4sco_ext_00627,1,1,0,false
4070,dlk_tbl_01669,1,0,1,false
4071,dlk_tbl_04369,1,0,1,false
4072,std_tbl_01364,1,0,1,false
4073,dlk_tbl_03069,1,0,1,false
4074,dlk_ext_00369,1,1,0,false
4075,dash_tbl_00201,1,0,1,false
4076,ppn_tbl_01093,1,0,1,false
4077,dlk_tbl_00759,1,0,1,false
4078,gob_tbl_03494,1,0,1,false
4079,proc_tbl_04358,1,0,1,false
4080,dash_tbl_02665,1,0,1,false
4081,dlk_tbl_02590,1,0,1,false
4082,dlk_tbl_04298,1,0,1,false
4083,dlk_tbl_02212,1,0,1,false
4084,proc_tbl_02005,1,0,1,false
4085,gob_tbl_01393,1,0,1,false
4086,dlk_tbl_00790,1,0,1,false
4087,proc_tbl_03974,1,0,1,false
4088,gob_tbl_00236,1,0,1,false
4089,proc_tbl_02467,1,0,1,false
4090,dlk_tbl_01604,1,0,1,false
4091,dlk_tbl_03625,1,0,1,false
4092,proc_tbl_03558,1,0,1,false
4093,dlk_tbl_04022,1,0,1,false
4094,gob_tbl_01875,1,0,1,false
4095,dlk_tbl_03054,1,0,1,false
4096,dlk_tbl_00558,1,0,1,false
4097,proc_tbl_02567,1,0,1,false
4098,dlk_tbl_03573,1,0,1,false
4099,gob_tbl_02229,1,0,1,false
4100,dlk_tbl_00155,1,0,1,false
4101,gob_tbl_01628,1,0,1,false
4102,dlk_tbl_00149,1,0,1,false
4103,dlk_ext_00429,1,1,0,false
4104,dlk_tbl_02027,1,0,1,false
4105,gob_tbl_01006,1,0,1,false
4106,gob_tbl_01822,1,0,1,false
4107,gob_tbl_02388,1,0,1,false
4108,gob_tbl_00706,1,0,1,false
4109,gob_tbl_03152,1,0,1,false
4110,gob_tbl_03688,1,0,1,false
4111,dlk_tbl_04471,1,0,1,false
4112,gob_tbl_00085,1,0,1,false
4113,dlk_tbl_01615,1,0,1,false
4114,dlk_tbl_03099,1,0,1,false
4115,m4sco_tbl_03233,1,0,1,false
4116,dlk_tbl_02730,1,0,1,false
4117,dash_ext_00568,1,1,0,false
4118,m4vw_tbl_04248,1,0,1,false
4119,gob_tbl_02098,1,0,1,false
4120,dlk_tbl_00221,1,0,1,false
4121,gob_tbl_03586,1,0,1,false
4122,dash_tbl_04118,1,0,1,false
4123,gob_tbl_04014,1,0,1,false
4124,proc_tbl_00775,1,0,1,false
4125,dlk_tbl_03747,1,0,1,false
4126,dash_tbl_00623,1,0,1,false
4127,gob_tbl_00907,1,0,1,false
4128,gob_tbl_01768,1,0,1,false
4129,dash_tbl_03200,1,0,1,false
4130,dlk_tbl_01764,1,0,1,false
4131,gob_tbl_02415,1,0,1,false
4132,dlk_tbl_02188,1,0,1,false
4133,dash_tbl_00809,1,0,1,false
4134,gob_tbl_03663,1,0,1,false
4135,dlk_tbl_03508,1,0,1,false
4136,proc_tbl_00342,1,0,1,false
4137,dlk_tbl_04359,1,0,1,false
4138,gob_tbl_00346,1,0,1,false
4139,dlk_tbl_00376,1,0,1,false
4140,gob_tbl_03157,1,0,1,false
4141,dlk_tbl_04283,1,0,1,false
4142,gob_tbl_01810,1,0,1,false
4143,dlk_tbl_00180,1,0,1,false
4144,proc_tbl_02795,1,0,1,false
4145,gob_tbl_00971,1,0,1,false
4146,dlk_tbl_01304,1,0,1,false
4147,std_tbl_02174,1,0,1,false
4148,proc_tbl_01424,1,0,1,false
4149,gob_tbl_02035,1,0,1,false
4150,proc_tbl_01141,1,0,1,false
4151,proc_tbl_00661,1,0,1,false
4152,std_tbl_02481,1,0,1,false
4153,dlk_tbl_00510,1,0,1,false
4154,gob_tbl_03614,1,0,1,false
4155,m4sco_tbl_02631,1,0,1,false
4156,dlk_tbl_01222,1,0,1,false
4157,gob_tbl_01009,1,0,1,false
4158,proc_tbl_02527,1,0,1,false
4159,dlk_tbl_04236,1,0,1,false
4160,dlk_tbl_00826,1,0,1,false
4161,dlk_tbl_02279,1,0,1,false
4162,dlk_tbl_01581,1,0,1,false
4163,gob_tbl_02640,1,0,1,false
4164,dlk_tbl_00780,1,0,1,false
4165,m4sco_tbl_01522,1,0,1,false
4166,dlk_tbl_01747,1,0,1,false
4167,gob_tbl_01366,1,0,1,false
4168,gob_tbl_00683,1,0,1,false
4169,dlk_tbl_01748,1,0,1,false
4170,dlk_tbl_03055,1,0,1,false
4171,dlk_tbl_02230,1,0,1,false
4172,ppn_tbl_03432,1,0,1,false
4173,std_tbl_04383,1,0,1,false
4174,proc_tbl_00999,1,0,1,false
4175,dlk_tbl_00023,1,0,1,false
4176,dlk_tbl_00424,1,0,1,false
4177,dlk_tbl_04425,1,0,1,false
4178,gob_tbl_02088,1,0,1,false
4179,gob_tbl_01734,1,0,1,false
4180,dash_tbl_02751,1,0,1,false
4181,dlk_tbl_02753,1,0,1,false
4182,dlk_tbl_04254,1,0,1,false
4183,dlk_tbl_03125,1,0,1,false
4184,gob_tbl_02548,1,0,1,false
4185,gob_tbl_02209,1,0,1,false
4186,dlk_tbl_00188,1,0,1,false
4187,dash_tbl_03026,1,0,1,false
4188,gob_tbl_04016,1,0,1,false
4189,m4sco_tbl_01733,1,0,1,false
4190,dlk_tbl_02756,1,0,1,false
4191,proc_tbl_03538,1,0,1,false
4192,proc_tbl_01461,1,0,1,false
4193,gob_tbl_01651,1,0,1,false
4194,dlk_tbl_01830,1,0,1,false
4195,dlk_tbl_03835,1,0,1,false
4196,gob_tbl_03077,1,0,1,false
4197,dlk_tbl_01584,1,0,1,false
4198,dash_tbl_01503,1,0,1,false
4199,gob_ext_00063,1,1,0,false
4200,gob_tbl_01532,1,0,1,false
4201,gob_tbl_01128,1,0,1,false
4202,dlk_tbl_02256,1,0,1,false
4203,dash_tbl_03590,1,0,1,false
4204,dlk_tbl_01217,1,0,1,false
4205,proc_tbl_00101,1,0,1,false
4206,proc_tbl_03989,1,0,1,false
4207,std_tbl_01200,1,0,1,false
4208,proc_tbl_00821,1,0,1,false
4209,dash_tbl_01401,1,0,1,false
4210,dlk_tbl_02328,1,0,1,false
4211,dlk_tbl_00087,1,0,1,false
4212,dlk_tbl_00225,1,0,1,false
4213,dlk_tbl_01580,1,0,1,false
4214,gob_tbl_01956,1,0,1,false
4215,proc_tbl_00459,1,0,1,false
4216,gob_tbl_03450,1,0,1,false
4217,gob_tbl_03569,1,0,1,false
4218,dlk_tbl_04270,1,0,1,false
4219,dlk_tbl_02402,1,0,1,false
4220,gob_tbl_00538,1,0,1,false
4221,gob_tbl_03287,1,0,1,false
4222,gob_tbl_02046,1,0,1,false
4223,gob_tbl_01448,1,0,1,false
4224,dlk_tbl_04179,1,0,1,false
4225,proc_tbl_02814,1,0,1,false
4226,dlk_tbl_00352,1,0,1,false
4227,m4vw_tbl_02160,1,0,1,false
4228,gob_tbl_01390,1,0,1,false
4229,gob_tbl_04023,1,0,1,false
4230,dlk_tbl_00811,1,0,1,false
4231,std_tbl_04039,1,0,1,false
4232,gob_tbl_03528,1,0,1,false
4233,gob_tbl_02366,1,0,1,false
4234,gob_tbl_01370,1,0,1,false
4235,dlk_tbl_01288,1,0,1,false
4236,dash_tbl_03194,1,0,1,false
4237,dlk_tbl_02113,1,0,1,false
4238,dlk_tbl_04178,1,0,1,false
4239,gob_tbl_00474,1,0,1,false
4240,dlk_tbl_03044,1,0,1,false
4241,proc_tbl_01051,1,0,1,false
4242,dlk_ext_00595,1,1,0,false
4243,dlk_tbl_00707,1,0,1,false
4244,dlk_tbl_01727,1,0,1,false
4245,dlk_tbl_02508,1,0,1,false
4246,gob_tbl_01550,1,0,1,false
4247,proc_tbl_03128,1,0,1,false
4248,dlk_tbl_02219,1,0,1,false
4249,dlk_tbl_03965,1,0,1,false
4250,dlk_tbl_03027,1,0,1,false
4251,dlk_tbl_00743,1,0,1,false
4252,dlk_tbl_02105,1,0,1,false
4253,dash_tbl_01987,1,0,1,false
4254,gob_tbl_01330,1,0,1,false
4255,gob_tbl_00624,1,0,1,false
4256,dlk_tbl_02917,1,0,1,false
4257,dlk_tbl_00315,1,0,1,false
4258,dash_tbl_02556,1,0,1,false
4259,proc_tbl_00391,1,0,1,false
4260,dlk_tbl_02290,1,0,1,false
4261,proc_tbl_02314,1,0,1,false
4262,gob_tbl_04173,1,0,1,false
4263,dlk_tbl_00044,1,0,1,false
4264,gob_tbl_03939,1,0,1,false
4265,dlk_tbl_04143,1,0,1,false
4266,dlk_tbl_02973,1,0,1,false
4267,dash_tbl_03828,1,0,1,false
4268,dlk_tbl_01266,1,0,1,false
4269,proc_tbl_04303,1,0,1,false
4270,gob_tbl_02424,1,0,1,false
4271,gob_tbl_01168,1,0,1,false
4272,dlk_tbl_00135,1,0,1,false
4273,dlk_tbl_00617,1,0,1,false
4274,proc_tbl_02506,1,0,1,false
4275,std_tbl_02329,1,0,1,false
4276,dash_tbl_00473,1,0,1,false
4277,dlk_tbl_02715,1,0,1,false
4278,proc_tbl_02264,1,0,1,false
4279,gob_tbl_04038,1,0,1,false
4280,dlk_tbl_03636,1,0,1,false
4281,dlk_tbl_01933,1,0,1,false
4282,proc_tbl_03556,1,0,1,false
4283,dlk_tbl_02448,1,0,1,false
4284,dlk_tbl_00048,1,0,1,false
4285,gob_tbl_04152,1,0,1,false
4286,dlk_tbl_00545,1,0,1,false
4287,dlk_tbl_00641,1,0,1,false
4288,gob_tbl_00673,1,0,1,false
4289,gob_tbl_02360,1,0,1,false
4290,dlk_tbl_03068,1,0,1,false
4291,dlk_tbl_03734,1,0,1,false
4292,std_tbl_00082,1,0,1,false
4293,proc_tbl_04123,1,0,1,false
4294,dlk_tbl_01169,1,0,1,false
4295,gob_tbl_02211,1,0,1,false
4296,gob_tbl_02772,1,0,1,false
4297,gob_tbl_00932,1,0,1,false
4298,gob_tbl_00532,1,0,1,false
4299,gob_tbl_01521,1,0,1,false
4300,gob_tbl_04197,1,0,1,false
4301,dlk_tbl_01450,1,0,1,false
4302,gob_tbl_00182,1,0,1,false
4303,dlk_tbl_03727,1,0,1,false
4304,dlk_tbl_01495,1,0,1,false
4305,gob_tbl_02869,1,0,1,false
4306,dash_tbl_03441,1,0,1,false
4307,dlk_tbl_03321,1,0,1,false
4308,ppn_tbl_04441,1,0,1,false
4309,gob_tbl_03585,1,0,1,false
4310,gob_tbl_04196,1,0,1,false
4311,dlk_tbl_02260,1,0,1,false
4312,dlk_tbl_01524,1,0,1,false
4313,std_tbl_00709,1,0,1,false
4314,proc_tbl_04361,1,0,1,false
4315,proc_tbl_03030,1,0,1,false
4316,ppn_tbl_03601,1,0,1,false
4317,gob_ext_00603,1,1,0,false
4318,ppn_tbl_02184,1,0,1,false
4319,proc_tbl_01893,1,0,1,false
4320,ppn_tbl_02289,1,0,1,false
4321,dlk_tbl_00300,1,0,1,false
4322,std_tbl_02104,1,0,1,false
4323,dash_tbl_03696,1,0,1,false
4324,gob_tbl_03225,1,0,1,false
4325,gob_tbl_00888,1,0,1,false
4326,gob_tbl_03108,1,0,1,false
4327,dlk_tbl_00689,1,0,1,false
4328,gob_tbl_02804,1,0,1,false
4329,dlk_tbl_01053,1,0,1,false
4330,dlk_tbl_02719,1,0,1,false
4331,m4sco_tbl_02031,1,0,1,false
4332,gob_tbl_04419,1,0,1,false
4333,m4sco_tbl_01149,1,0,1,false
4334,proc_tbl_04185,1,0,1,false
4335,dlk_tbl_01210,1,0,1,false
4336,dlk_tbl_04253,1,0,1,false
4337,dlk_tbl_00760,1,0,1,false
4338,dlk_tbl_02636,1,0,1,false
4339,gob_tbl_04219,1,0,1,false
4340,gob_tbl_01207,1,0,1,false
4341,proc_tbl_03370,1,0,1,false
4342,gob_tbl_00079,1,0,1,false
4343,dlk_tbl_02344,1,0,1,false
4344,dlk_tbl_01491,1,0,1,false
4345,gob_tbl_03737,1,0,1,false
4346,gob_tbl_00841,1,0,1,false
4347,dlk_tbl_04082,1,0,1,false
4348,proc_tbl_02515,1,0,1,false
4349,dlk_tbl_02968,1,0,1,false
4350,proc_tbl_01313,1,0,1,false
4351,gob_tbl_04246,1,0,1,false
4352,dlk_tbl_00403,1,0,1,false
4353,dlk_tbl_02568,1,0,1,false
4354,proc_tbl_03527,1,0,1,false
4355,dlk_tbl_03371,1,0,1,false
4356,dlk_tbl_02364,1,0,1,false
4357,std_tbl_02701,1,0,1,false
4358,gob_tbl_03633,1,0,1,false
4359,dlk_tbl_04213,1,0,1,false
4360,proc_tbl_01163,1,0,1,false
4361,gob_tbl_02733,1,0,1,false
4362,dlk_tbl_00313,1,0,1,false
4363,dlk_tbl_00890,1,0,1,false
4364,gob_tbl_00527,1,0,1,false
4365,gob_tbl_00395,1,0,1,false
4366,dlk_tbl_02341,1,0,1,false
4367,dlk_tbl_04218,1,0,1,false
4368,std_tbl_01577,1,0,1,false
4369,gob_tbl_02867,1,0,1,false
4370,dlk_tbl_01234,1,0,1,false
4371,dlk_tbl_02006,1,0,1,false
4372,proc_tbl_02446,1,0,1,false
4373,proc_tbl_02331,1,0,1,false
4374,gob_tbl_01227,1,0,1,false
4375,gob_tbl_03383,1,0,1,false
4376,proc_tbl_03871,1,0,1,false
4377,gob_tbl_00585,1,0,1,false
4378,dlk_tbl_00843,1,0,1,false
4379,gob_tbl_01819,1,0,1,false
4380,dlk_tbl_01435,1,0,1,false
4381,dlk_tbl_01925,1,0,1,false
4382,gob_tbl_02620,1,0,1,false
4383,dlk_tbl_00120,1,0,1,false
4384,dlk_tbl_03703,1,0,1,false
4385,proc_tbl_02023,1,0,1,false
4386,dlk_tbl_01626,1,0,1,false
4387,gob_tbl_03864,1,0,1,false
4388,gob_tbl_04194,1,0,1,false
4389,m4vw_tbl_01528,1,0,1,false
4390,proc_tbl_02301,1,0,1,false
4391,gob_tbl_00530,1,0,1,false
4392,dash_tbl_02659,1,0,1,false
4393,ppn_tbl_02663,1,0,1,false
4394,gob_tbl_01455,1,0,1,false
4395,std_tbl_00343,1,0,1,false
4396,dash_tbl_02653,1,0,1,false
4397,gob_tbl_00226,1,0,1,false
4398,gob_tbl_02875,1,0,1,false
4399,dlk_ext_00275,1,1,0,false
4400,gob_tbl_04466,1,0,1,false
4401,dlk_tbl_04429,1,0,1,false
4402,gob_tbl_00114,1,0,1,false
4403,gob_tbl_03174,1,0,1,false
4404,proc_tbl_00952,1,0,1,false
4405,dlk_tbl_00511,1,0,1,false
4406,dlk_tbl_04153,1,0,1,false
4407,gob_tbl_04463,1,0,1,false
4408,gob_tbl_00918,1,0,1,false
4409,gob_tbl_04371,1,0,1,false
4410,gob_tbl_00298,1,0,1,false
4411,gob_tbl_01035,1,0,1,false
4412,gob_tbl_00092,1,0,1,false
4413,dlk_tbl_01104,1,0,1,false
4414,gob_ext_00572,1,1,0,false
4415,dlk_tbl_01262,1,0,1,false
4416,dlk_ext_00064,1,1,0,false
4417,dash_tbl_01816,1,0,1,false
4418,gob_tbl_01648,1,0,1,false
4419,gob_tbl_04443,1,0,1,false
4420,proc_tbl_03610,1,0,1,false
4421,m4vw_tbl_03775,1,0,1,false
4422,dlk_tbl_01329,1,0,1,false
4423,dlk_tbl_00976,1,0,1,false
4424,dlk_tbl_03235,1,0,1,false
4425,dlk_tbl_00713,1,0,1,false
4426,dlk_tbl_01047,1,0,1,false
4427,dash_tbl_01840,1,0,1,false
4428,m4vw_tbl_01261,1,0,1,false
4429,gob_tbl_02504,1,0,1,false
4430,dlk_tbl_04374,1,0,1,false
4431,dlk_tbl_01385,1,0,1,false
4432,gob_tbl_03407,1,0,1,false
4433,gob_tbl_01694,1,0,1,false
4434,proc_tbl_03004,1,0,1,false
4435,gob_tbl_02776,1,0,1,false
4436,dash_tbl_00688,1,0,1,false
4437,dlk_tbl_03205,1,0,1,false
4438,gob_ext_00156,1,1,0,false
4439,dlk_tbl_01287,1,0,1,false
4440,gob_tbl_00430,1,0,1,false
4441,proc_tbl_04130,1,0,1,false
4442,gob_tbl_03017,1,0,1,false
4443,std_tbl_03700,1,0,1,false
4444,dlk_ext_00292,1,1,0,false
4445,dlk_tbl_02037,1,0,1,false
4446,gob_tbl_03092,1,0,1,false
4447,proc_tbl_03422,1,0,1,false
4448,dlk_tbl_03972,1,0,1,false
4449,gob_tbl_00849,1,0,1,false
4450,dash_tbl_04009,1,0,1,false
4451,proc_tbl_01004,1,0,1,false
4452,proc_ext_00550,1,1,0,false
4453,proc_tbl_01811,1,0,1,false
4454,gob_tbl_04203,1,0,1,false
4455,proc_tbl_01138,1,0,1,false
4456,m4sco_tbl_02185,1,0,1,false
4457,proc_tbl_02052,1,0,1,false
4458,gob_tbl_00704,1,0,1,false
4459,proc_tbl_03120,1,0,1,false
4460,dlk_tbl_02564,1,0,1,false
4461,dash_tbl_01931,1,0,1,false
4462,gob_tbl_00169,1,0,1,false
4463,dlk_tbl_04326,1,0,1,false
4464,gob_tbl_01348,1,0,1,false
4465,gob_tbl_03505,1,0,1,false
4466,gob_tbl_01828,1,0,1,false
4467,dlk_tbl_02427,1,0,1,false
4468,dlk_tbl_02100,1,0,1,false
4469,gob_tbl_00230,1,0,1,false
4470,dlk_tbl_02748,1,0,1,false
4471,gob_tbl_03532,1,0,1,false
4472,dlk_tbl_02634,1,0,1,false
4473,proc_tbl_00117,1,0,1,false
4474,dlk_tbl_00322,1,0,1,false
4475,dlk_tbl_01674,1,0,1,false
4476,gob_tbl_00439,1,0,1,false
4477,gob_tbl_01339,1,0,1,false
4478,dlk_tbl_04177,1,0,1,false
4479,dlk_tbl_03622,1,0,1,false
4480,dash_tbl_02110,1,0,1,false
4481,gob_tbl_00961,1,0,1,false
4482,proc_tbl_03884,1,0,1,false
4483,dlk_tbl_00819,1,0,1,false
4484,proc_tbl_04273,1,0,1,false
4485,proc_tbl_03254,1,0,1,false
4486,dash_tbl_02306,1,0,1,false
4487,proc_tbl_03421,1,0,1,false
4488,gob_tbl_02111,1,0,1,false
4489,gob_tbl_02944,1,0,1,false
4490,dlk_tbl_01861,1,0,1,false
4491,proc_tbl_02588,1,0,1,false
4492,dlk_tbl_04311,1,0,1,false
4493,proc_tbl_04291,1,0,1,false
4494,gob_tbl_02817,1,0,1,false
4495,dlk_tbl_02452,1,0,1,false
4496,gob_tbl_04452,1,0,1,false
4497,proc_tbl_01789,1,0,1,false
4498,gob_tbl_04456,1,0,1,false
4499,dlk_tbl_01072,1,0,1,false
4500,dlk_tbl_00634,1,0,1,false
4501,proc_tbl_04295,1,0,1,false
4502,gob_tbl_01549,1,0,1,false
4503,m4vw_tbl_01110,1,0,1,false
4504,gob_tbl_03227,1,0,1,false
4505,gob_tbl_03602,1,0,1,false
4506,dash_tbl_04414,1,0,1,false
4507,dlk_tbl_03746,1,0,1,false
4508,proc_tbl_03377,1,0,1,false
4509,proc_tbl_01541,1,0,1,false
4510,std_tbl_03655,1,0,1,false
4511,std_tbl_00253,1,0,1,false
4512,dlk_tbl_02500,1,0,1,false
4513,dlk_tbl_00008,1,0,1,false
4514,dlk_tbl_02845,1,0,1,false
4515,gob_tbl_00521,1,0,1,false
4516,dlk_tbl_00598,1,0,1,false
4517,gob_tbl_04340,1,0,1,false
4518,gob_tbl_02374,1,0,1,false
4519,std_tbl_03669,1,0,1,false
4520,proc_tbl_00089,1,0,1,false
4521,gob_tbl_02197,1,0,1,false
4522,gob_tbl_02431,1,0,1,false
4523,gob_tbl_01902,1,0,1,false
4524,dlk_tbl_00268,1,0,1,false
4525,dlk_tbl_01851,1,0,1,false
4526,dlk_tbl_01847,1,0,1,false
4527,dlk_tbl_02986,1,0,1,false
4528,std_ext_00200,1,1,0,false
4529,gob_tbl_01685,1,0,1,false
4530,gob_tbl_00041,1,0,1,false
4531,m4sco_tbl_02475,1,0,1,false
4532,gob_tbl_00284,1,0,1,false
4533,gob_tbl_04163,1,0,1,false
4534,ppn_tbl_01082,1,0,1,false
4535,gob_ext_00645,1,1,0,false
4536,dlk_ext_00117,1,1,0,false
4537,gob_tbl_00796,1,0,1,false
4538,std_tbl_01627,1,0,1,false
4539,dash_tbl_03754,1,0,1,false
4540,gob_tbl_00232,1,0,1,false
4541,m4vw_tbl_04455,1,0,1,false
4542,dlk_tbl_01681,1,0,1,false
4543,gob_tbl_02143,1,0,1,false
4544,dlk_tbl_03049,1,0,1,false
4545,gob_tbl_04151,1,0,1,false
4546,proc_tbl_01882,1,0,1,false
4547,dlk_tbl_00301,1,0,1,false
4548,gob_tbl_02675,1,0,1,false
4549,proc_tbl_04398,1,0,1,false
4550,proc_tbl_00434,1,0,1,false
4551,proc_tbl_00788,1,0,1,false
4552,dlk_tbl_03286,1,0,1,false
4553,gob_tbl_00798,1,0,1,false
4554,gob_tbl_02017,1,0,1,false
4555,gob_tbl_04251,1,0,1,false
4556,gob_tbl_03944,1,0,1,false
4557,dlk_tbl_01030,1,0,1,false
4558,dlk_tbl_02966,1,0,1,false
4559,std_tbl_02025,1,0,1,false
4560,gob_tbl_00937,1,0,1,false
4561,gob_tbl_03087,1,0,1,false
4562,proc_tbl_02842,1,0,1,false
4563,proc_tbl_03615,1,0,1,false
4564,gob_tbl_03753,1,0,1,false
4565,gob_tbl_03306,1,0,1,false
4566,gob_tbl_03236,1,0,1,false
4567,dlk_tbl_00495,1,0,1,false
4568,proc_tbl_01116,1,0,1,false
4569,m4vw_tbl_00433,1,0,1,false
4570,gob_tbl_03845,1,0,1,false
4571,gob_tbl_00393,1,0,1,false
4572,dash_tbl_00320,1,0,1,false
4573,proc_tbl_03035,1,0,1,false
4574,gob_tbl_02092,1,0,1,false
4575,dlk_tbl_03648,1,0,1,false
4576,gob_tbl_00698,1,0,1,false
4577,gob_tbl_03739,1,0,1,false
4578,gob_tbl_00608,1,0,1,false
4579,m4vw_tbl_00102,1,0,1,false
4580,proc_tbl_00739,1,0,1,false
4581,std_tbl_02712,1,0,1,false
4582,proc_tbl_02611,1,0,1,false
4583,dash_tbl_03234,1,0,1,false
4584,gob_tbl_03685,1,0,1,false
4585,gob_tbl_02893,1,0,1,false
4586,proc_tbl_00503,1,0,1,false
4587,proc_tbl_00193,1,0,1,false
4588,dlk_tbl_02843,1,0,1,false
4589,dlk_tbl_01328,1,0,1,false
4590,gob_tbl_01436,1,0,1,false
4591,dlk_tbl_01410,1,0,1,false
4592,m4sco_tbl_01428,1,0,1,false
4593,m4sco_tbl_00667,1,0,1,false
4594,dash_tbl_00500,1,0,1,false
4595,dlk_tbl_02714,1,0,1,false
4596,dash_tbl_01991,1,0,1,false
4597,dlk_tbl_02802,1,0,1,false
4598,proc_tbl_03326,1,0,1,false
4599,ppn_tbl_02982,1,0,1,false
4600,gob_tbl_01853,1,0,1,false
4601,gob_tbl_01835,1,0,1,false
4602,proc_tbl_00305,1,0,1,false
4603,dlk_tbl_04011,1,0,1,false
4604,dlk_tbl_00637,1,0,1,false
4605,gob_tbl_00922,1,0,1,false
4606,gob_tbl_02599,1,0,1,false
4607,dash_tbl_01377,1,0,1,false
4608,proc_tbl_04447,1,0,1,false
4609,dlk_tbl_01583,1,0,1,false
4610,gob_tbl_04078,1,0,1,false
4611,gob_tbl_02015,1,0,1,false
4612,dlk_tbl_01300,1,0,1,false
4613,dash_tbl_02318,1,0,1,false
4614,dlk_tbl_02591,1,0,1,false
4615,gob_tbl_02166,1,0,1,false
4616,dlk_tbl_03770,1,0,1,false
4617,m4vw_tbl_02093,1,0,1,false
4618,gob_tbl_01282,1,0,1,false
4619,gob_tbl_00802,1,0,1,false
4620,proc_tbl_04318,1,0,1,false
4621,dlk_tbl_02760,1,0,1,false
4622,proc_tbl_01181,1,0,1,false
4623,std_tbl_02969,1,0,1,false
4624,std_tbl_00970,1,0,1,false
4625,proc_tbl_03911,1,0,1,false
4626,gob_tbl_00711,1,0,1,false
4627,gob_tbl_00334,1,0,1,false
4628,gob_tbl_03215,1,0,1,false
4629,gob_tbl_02518,1,0,1,false
4630,dlk_tbl_01989,1,0,1,false
4631,dash_tbl_03228,1,0,1,false
4632,dlk_tbl_03722,1,0,1,false
4633,dlk_tbl_00708,1,0,1,false
4634,dlk_tbl_03381,1,0,1,false
4635,gob_tbl_00949,1,0,1,false
4636,dash_tbl_02065,1,0,1,false
4637,dlk_tbl_00573,1,0,1,false
4638,proc_tbl_01569,1,0,1,false
4639,proc_tbl_02669,1,0,1,false
4640,dlk_tbl_01123,1,0,1,false
4641,gob_tbl_02434,1,0,1,false
4642,proc_tbl_02136,1,0,1,false
4643,dlk_tbl_00338,1,0,1,false
4644,dlk_tbl_02996,1,0,1,false
4645,dlk_tbl_00518,1,0,1,false
4646,dlk_tbl_01394,1,0,1,false
4647,dlk_ext_00347,1,1,0,false
4648,gob_tbl_01637,1,0,1,false
4649,dash_tbl_03098,1,0,1,false
4650,proc_tbl_01880,1,0,1,false
4651,dlk_tbl_02040,1,0,1,false
4652,dash_tbl_02995,1,0,1,false
4653,gob_tbl_00185,1,0,1,false
4654,dlk_tbl_00757,1,0,1,false
4655,gob_tbl_02283,1,0,1,false
4656,dlk_tbl_03217,1,0,1,false
4657,dash_tbl_03434,1,0,1,false
4658,gob_tbl_02946,1,0,1,false
4659,dlk_tbl_02222,1,0,1,false
4660,dash_tbl_04101,1,0,1,false
4661,gob_tbl_03995,1,0,1,false
4662,gob_tbl_01682,1,0,1,false
4663,gob_tbl_01144,1,0,1,false
4664,proc_tbl_03861,1,0,1,false
4665,gob_tbl_01251,1,0,1,false
4666,dlk_tbl_01730,1,0,1,false
4667,dlk_tbl_01156,1,0,1,false
4668,std_tbl_02549,1,0,1,false
4669,gob_tbl_00973,1,0,1,false
4670,gob_tbl_00303,1,0,1,false
4671,gob_tbl_03437,1,0,1,false
4672,gob_tbl_03842,1,0,1,false
4673,std_tbl_01119,1,0,1,false
4674,std_tbl_03063,1,0,1,false
4675,gob_tbl_03639,1,0,1,false
4676,gob_tbl_02927,1,0,1,false
4677,dlk_tbl_02770,1,0,1,false
4678,gob_tbl_00906,1,0,1,false
4679,gob_tbl_02666,1,0,1,false
4680,gob_tbl_02182,1,0,1,false
4681,gob_tbl_03137,1,0,1,false
4682,ppn_tbl_00285,1,0,1,false
4683,dlk_tbl_00537,1,0,1,false
4684,dlk_tbl_00408,1,0,1,false
4685,dash_tbl_02242,1,0,1,false
4686,dash_tbl_00406,1,0,1,false
4687,dash_tbl_00905,1,0,1,false
4688,proc_tbl_00184,1,0,1,false
4689,dash_tbl_04070,1,0,1,false
4690,m4vw_tbl_01950,1,0,1,false
4691,dash_tbl_02994,1,0,1,false
4692,gob_tbl_03364,1,0,1,false
4693,proc_tbl_00321,1,0,1,false
4694,proc_tbl_01772,1,0,1,false
4695,dlk_tbl_02205,1,0,1,false
4696,dlk_tbl_02815,1,0,1,false
4697,proc_tbl_00416,1,0,1,false
4698,dash_tbl_04384,1,0,1,false
4699,dlk_tbl_01341,1,0,1,false
4700,proc_tbl_04190,1,0,1,false
4701,dlk_tbl_04198,1,0,1,false
4702,dlk_tbl_04444,1,0,1,false
4703,gob_tbl_01993,1,0,1,false
4704,proc_tbl_01767,1,0,1,false
4705,dlk_tbl_01090,1,0,1,false
4706,proc_tbl_02967,1,0,1,false
4707,gob_tbl_00533,1,0,1,false
4708,gob_tbl_03509,1,0,1,false
4709,gob_tbl_01787,1,0,1,false
4710,dlk_tbl_03307,1,0,1,false
4711,proc_tbl_01587,1,0,1,false
4712,proc_tbl_03934,1,0,1,false
4713,dlk_tbl_00615,1,0,1,false
4714,gob_tbl_00770,1,0,1,false
4715,gob_tbl_01011,1,0,1,false
4716,proc_tbl_01508,1,0,1,false
4717,dlk_tbl_03745,1,0,1,false
4718,dlk_tbl_01094,1,0,1,false
4719,gob_tbl_02253,1,0,1,false
4720,dlk_tbl_01098,1,0,1,false
4721,dlk_ext_00488,1,1,0,false
4722,gob_tbl_01125,1,0,1,false
4723,dlk_tbl_02246,1,0,1,false
4724,dlk_tbl_00440,1,0,1,false
4725,proc_tbl_01605,1,0,1,false
4726,proc_tbl_00265,1,0,1,false
4727,dlk_tbl_00597,1,0,1,false
4728,dlk_tbl_03897,1,0,1,false
4729,dlk_tbl_01363,1,0,1,false
4730,gob_ext_00545,1,1,0,false
4731,gob_tbl_00359,1,0,1,false
4732,dash_ext_00612,1,1,0,false
4733,gob_tbl_02477,1,0,1,false
4734,dlk_tbl_01443,1,0,1,false
4735,proc_tbl_03627,1,0,1,false
4736,std_tbl_03761,1,0,1,false
4737,gob_tbl_03206,1,0,1,false
4738,proc_tbl_00407,1,0,1,false
4739,gob_tbl_00541,1,0,1,false
4740,gob_tbl_02629,1,0,1,false
4741,gob_tbl_01069,1,0,1,false
4742,gob_tbl_03653,1,0,1,false
4743,m4sco_tbl_00107,1,0,1,false
4744,dlk_tbl_03959,1,0,1,false
4745,gob_tbl_03187,1,0,1,false
4746,m4sco_tbl_01654,1,0,1,false
4747,proc_tbl_03560,1,0,1,false
4748,gob_tbl_03372,1,0,1,false
4749,dlk_tbl_03303,1,0,1,false
4750,dlk_tbl_04092,1,0,1,false
4751,dlk_tbl_01451,1,0,1,false
4752,gob_tbl_01001,1,0,1,false
4753,dlk_tbl_02557,1,0,1,false
4754,proc_tbl_01437,1,0,1,false
4755,dlk_tbl_00309,1,0,1,false
4756,dlk_tbl_03338,1,0,1,false
4757,dlk_tbl_03443,1,0,1,false
4758,gob_tbl_02512,1,0,1,false
4759,proc_tbl_00755,1,0,1,false
4760,dash_tbl_01162,1,0,1,false
4761,dlk_tbl_01631,1,0,1,false
4762,dlk_tbl_01020,1,0,1,false
4763,dlk_tbl_02258,1,0,1,false
4764,gob_tbl_04084,1,0,1,false
4765,proc_tbl_01804,1,0,1,false
4766,gob_tbl_00264,1,0,1,false
4767,dlk_tbl_00572,1,0,1,false
4768,dlk_tbl_00306,1,0,1,false
4769,proc_tbl_00460,1,0,1,false
4770,proc_tbl_01492,1,0,1,false
4771,gob_tbl_01306,1,0,1,false
4772,dlk_tbl_02920,1,0,1,false
4773,dash_ext_00425,1,1,0,false
4774,dlk_tbl_01205,1,0,1,false
4775,dlk_tbl_03729,1,0,1,false
4776,dlk_tbl_02805,1,0,1,false
4777,gob_tbl_04135,1,0,1,false
4778,proc_tbl_03536,1,0,1,false
4779,gob_tbl_02987,1,0,1,false
4780,proc_tbl_03285,1,0,1,false
4781,gob_tbl_00544,1,0,1,false
4782,dash_tbl_01643,1,0,1,false
4783,dlk_tbl_00586,1,0,1,false
4784,dlk_tbl_04227,1,0,1,false
4785,proc_tbl_01459,1,0,1,false
4786,gob_tbl_04238,1,0,1,false
4787,dash_tbl_03239,1,0,1,false
4788,dlk_tbl_02198,1,0,1,false
4789,gob_tbl_03212,1,0,1,false
4790,gob_tbl_03706,1,0,1,false
4791,gob_tbl_02899,1,0,1,false
4792,gob_tbl_03929,1,0,1,false
4793,proc_tbl_00168,1,0,1,false
4794,dlk_tbl_00496,1,0,1,false
4795,gob_tbl_02304,1,0,1,false
4796,proc_tbl_00400,1,0,1,false
4797,gob_tbl_03968,1,0,1,false
4798,gob_tbl_03956,1,0,1,false
4799,dlk_tbl_03047,1,0,1,false
4800,gob_tbl_04424,1,0,1,false
4801,gob_tbl_03038,1,0,1,false
4802,dlk_tbl_00859,1,0,1,false
4803,gob_tbl_01086,1,0,1,false
4804,dash_ext_00502,1,1,0,false
4805,proc_tbl_01087,1,0,1,false
4806,dlk_tbl_01606,1,0,1,false
4807,proc_tbl_03943,1,0,1,false
4808,dlk_tbl_01805,1,0,1,false
4809,proc_tbl_02087,1,0,1,false
4810,gob_tbl_04209,1,0,1,false
4811,dlk_tbl_01166,1,0,1,false
4812,gob_tbl_00239,1,0,1,false
4813,proc_tbl_01573,1,0,1,false
4814,gob_tbl_02956,1,0,1,false
4815,dlk_tbl_03478,1,0,1,false
4816,dlk_tbl_00415,1,0,1,false
4817,dlk_tbl_02617,1,0,1,false
4818,gob_tbl_01842,1,0,1,false
4819,dlk_tbl_02287,1,0,1,false
4820,gob_tbl_00799,1,0,1,false
4821,dlk_tbl_01735,1,0,1,false
4822,proc_tbl_01275,1,0,1,false
4823,dlk_tbl_00505,1,0,1,false
4824,gob_tbl_03603,1,0,1,false
4825,gob_tbl_03740,1,0,1,false
4826,proc_tbl_03104,1,0,1,false
4827,gob_tbl_02183,1,0,1,false
4828,gob_tbl_03274,1,0,1,false
4829,dlk_tbl_03479,1,0,1,false
4830,gob_tbl_03990,1,0,1,false
4831,gob_tbl_04085,1,0,1,false
4832,dash_tbl_03503,1,0,1,false
4833,proc_tbl_01153,1,0,1,false
4834,proc_tbl_01332,1,0,1,false
4835,proc_tbl_03518,1,0,1,false
4836,proc_tbl_03941,1,0,1,false
4837,dlk_tbl_00913,1,0,1,false
4838,proc_tbl_02908,1,0,1,false
4839,gob_ext_00518,1,1,0,false
4840,ppn_tbl_01180,1,0,1,false
4841,gob_tbl_02734,1,0,1,false
4842,proc_tbl_00959,1,0,1,false
4843,gob_tbl_00059,1,0,1,false
4844,gob_tbl_03947,1,0,1,false
4845,gob_tbl_01954,1,0,1,false
4846,dlk_tbl_02998,1,0,1,false
4847,dlk_tbl_01575,1,0,1,false
4848,dlk_tbl_01923,1,0,1,false
4849,gob_tbl_02703,1,0,1,false
4850,dlk_tbl_03258,1,0,1,false
4851,std_tbl_01061,1,0,1,false
4852,dlk_tbl_01912,1,0,1,false
4853,gob_tbl_01242,1,0,1,false
4854,m4sco_tbl_02687,1,0,1,false
4855,dlk_tbl_00943,1,0,1,false
4856,dash_tbl_00368,1,0,1,false
4857,gob_tbl_01961,1,0,1,false
4858,gob_tbl_01375,1,0,1,false
4859,dash_tbl_04204,1,0,1,false
4860,dash_tbl_03791,1,0,1,false
4861,dash_tbl_02950,1,0,1,false
4862,gob_tbl_01565,1,0,1,false
4863,ppn_ext_00583,1,1,0,false
4864,dlk_tbl_00880,1,0,1,false
4865,dlk_tbl_03909,1,0,1,false
4866,std_tbl_01372,1,0,1,false
4867,dlk_tbl_03256,1,0,1,false
4868,proc_tbl_01327,1,0,1,false
4869,gob_tbl_00654,1,0,1,false
4870,dlk_tbl_02523,1,0,1,false
4871,dash_tbl_00150,1,0,1,false
4872,dash_ext_00062,1,1,0,false
4873,gob_tbl_00463,1,0,1,false
4874,gob_tbl_02168,1,0,1,false
4875,proc_tbl_01108,1,0,1,false
4876,m4vw_tbl_00282,1,0,1,false
4877,dlk_tbl_01056,1,0,1,false
4878,gob_tbl_01276,1,0,1,false
4879,dlk_tbl_00522,1,0,1,false
4880,gob_tbl_02097,1,0,1,false
4881,gob_tbl_01620,1,0,1,false
4882,dlk_tbl_04341,1,0,1,false
4883,std_tbl_00382,1,0,1,false
4884,gob_tbl_04095,1,0,1,false
4885,gob_tbl_00714,1,0,1,false
4886,gob_tbl_02923,1,0,1,false
4887,dlk_tbl_03057,1,0,1,false
4888,dlk_tbl_02963,1,0,1,false
4889,dlk_tbl_00104,1,0,1,false
4890,gob_tbl_03155,1,0,1,false
4891,gob_tbl_00449,1,0,1,false
4892,dlk_tbl_03705,1,0,1,false
4893,dlk_tbl_02217,1,0,1,false
4894,gob_tbl_00379,1,0,1,false
4895,dlk_tbl_01077,1,0,1,false
4896,m4vw_tbl_01921,1,0,1,false
4897,gob_tbl_01160,1,0,1,false
4898,dlk_tbl_04319,1,0,1,false
4899,std_tbl_01702,1,0,1,false
4900,dlk_tbl_03786,1,0,1,false
4901,dlk_tbl_03699,1,0,1,false
4902,gob_tbl_00254,1,0,1,false
4903,gob_tbl_00177,1,0,1,false
4904,dlk_tbl_03341,1,0,1,false
4905,gob_tbl_02937,1,0,1,false
4906,dlk_tbl_00781,1,0,1,false
4907,dlk_tbl_02189,1,0,1,false
4908,gob_tbl_01029,1,0,1,false
4909,dlk_tbl_03440,1,0,1,false
4910,gob_tbl_01752,1,0,1,false
4911,gob_tbl_00262,1,0,1,false
4912,dlk_tbl_04184,1,0,1,false
4913,gob_tbl_01566,1,0,1,false
4914,gob_tbl_03695,1,0,1,false
4915,dlk_ext_00021,1,1,0,false
4916,proc_tbl_01186,1,0,1,false
4917,dlk_tbl_03264,1,0,1,false
4918,dlk_tbl_01404,1,0,1,false
4919,gob_tbl_03008,1,0,1,false
4920,gob_tbl_00764,1,0,1,false
4921,gob_tbl_00916,1,0,1,false
4922,dlk_tbl_01657,1,0,1,false
4923,dash_tbl_02034,1,0,1,false
4924,gob_tbl_04394,1,0,1,false
4925,dash_tbl_03067,1,0,1,false
4926,dlk_tbl_00050,1,0,1,false
4927,gob_tbl_03656,1,0,1,false
4928,proc_tbl_02786,1,0,1,false
4929,gob_tbl_00628,1,0,1,false
4930,gob_tbl_02391,1,0,1,false
4931,gob_tbl_03111,1,0,1,false
4932,dlk_tbl_04345,1,0,1,false
4933,gob_tbl_00414,1,0,1,false
4934,gob_tbl_01958,1,0,1,false
4935,dlk_tbl_02077,1,0,1,false
4936,dlk_tbl_00365,1,0,1,false
4937,dlk_tbl_01499,1,0,1,false
4938,proc_tbl_01003,1,0,1,false
4939,gob_tbl_03767,1,0,1,false
4940,dlk_tbl_02741,1,0,1,false
4941,proc_tbl_01916,1,0,1,false
4942,dlk_tbl_00957,1,0,1,false
4943,dlk_tbl_02419,1,0,1,false
4944,dlk_tbl_02268,1,0,1,false
4945,dlk_tbl_00220,1,0,1,false
4946,gob_tbl_03526,1,0,1,false
4947,dlk_tbl_01463,1,0,1,false
4948,gob_tbl_00319,1,0,1,false
4949,proc_tbl_02812,1,0,1,false
4950,dlk_tbl_02134,1,0,1,false
4951,gob_ext_00471,1,1,0,false
4952,std_tbl_00622,1,0,1,false
4953,proc_tbl_02078,1,0,1,false
4954,dlk_tbl_00076,1,0,1,false
4955,gob_tbl_03259,1,0,1,false
4956,dlk_tbl_04433,1,0,1,false
4957,ppn_tbl_01688,1,0,1,false
4958,dlk_tbl_03504,1,0,1,false
4959,dlk_ext_00666,1,1,0,false
4960,dash_tbl_02538,1,0,1,false
4961,proc_tbl_01192,1,0,1,false
4962,dlk_tbl_01413,1,0,1,false
4963,proc_tbl_04200,1,0,1,false
4964,std_tbl_02231,1,0,1,false
4965,proc_tbl_00002,1,0,1,false
4966,gob_tbl_00718,1,0,1,false
4967,gob_tbl_03704,1,0,1,false
4968,proc_tbl_01741,1,0,1,false
4969,proc_tbl_02003,1,0,1,false
4970,dlk_tbl_00884,1,0,1,false
4971,dash_tbl_00720,1,0,1,false
4972,dlk_tbl_00555,1,0,1,false
4973,dlk_tbl_02192,1,0,1,false
4974,dlk_ext_00664,1,1,0,false
4975,gob_tbl_00964,1,0,1,false
4976,dlk_tbl_01665,1,0,1,false
4977,gob_tbl_03896,1,0,1,false
4978,dlk_tbl_01535,1,0,1,false
4979,gob_tbl_03278,1,0,1,false
4980,gob_tbl_01955,1,0,1,false
4981,dash_tbl_00157,1,0,1,false
4982,dlk_tbl_01066,1,0,1,false
4983,dlk_tbl_02483,1,0,1,false
4984,dlk_tbl_00183,1,0,1,false
4985,m4vw_tbl_03774,1,0,1,false
4986,std_tbl_02691,1,0,1,false
4987,gob_tbl_01502,1,0,1,false
4988,gob_tbl_04048,1,0,1,false
4989,dash_tbl_00383,1,0,1,false
4990,dlk_tbl_01013,1,0,1,false
4991,gob_tbl_01676,1,0,1,false
4992,gob_tbl_01872,1,0,1,false
4993,gob_tbl_01103,1,0,1,false
4994,dlk_tbl_01742,1,0,1,false
4995,proc_tbl_01476,1,0,1,false
4996,std_tbl_03086,1,0,1,false
4997,proc_tbl_02417,1,0,1,false
4998,gob_tbl_00358,1,0,1,false
4999,proc_tbl_00824,1,0,1,false
5000,ppn_tbl_02604,1,0,1,false
5001,m4sco_tbl_04006,1,0,1,false
5002,dlk_tbl_03665,1,0,1,false
5003,dash_tbl_01740,1,0,1,false
5004,proc_tbl_04098,1,0,1,false
5005,gob_ext_00026,1,1,0,false
5006,gob_tbl_02376,1,0,1,false
5007,dlk_tbl_01942,1,0,1,false
5008,dlk_tbl_01725,1,0,1,false
5009,gob_tbl_04199,1,0,1,false
5010,gob_tbl_04057,1,0,1,false
5011,dash_tbl_03782,1,0,1,false
5012,dlk_tbl_00198,1,0,1,false
5013,dash_tbl_00772,1,0,1,false
5014,proc_tbl_00039,1,0,1,false
5015,dlk_tbl_01844,1,0,1,false
5016,gob_tbl_02847,1,0,1,false
5017,proc_tbl_00834,1,0,1,false
5018,dlk_tbl_02236,1,0,1,false
5019,gob_tbl_01403,1,0,1,false
5020,proc_tbl_00273,1,0,1,false
5021,proc_tbl_01244,1,0,1,false
5022,gob_tbl_03865,1,0,1,false
5023,dlk_tbl_01316,1,0,1,false
5024,dlk_tbl_03588,1,0,1,false
5025,gob_tbl_02322,1,0,1,false
5026,dlk_tbl_01561,1,0,1,false
5027,gob_tbl_03751,1,0,1,false
5028,dlk_tbl_02277,1,0,1,false
5029,dlk_tbl_03189,1,0,1,false
5030,proc_tbl_00557,1,0,1,false
5031,proc_tbl_03499,1,0,1,false
5032,dlk_tbl_01497,1,0,1,false
5033,dash_tbl_04343,1,0,1,false
5034,dlk_tbl_00908,1,0,1,false
5035,proc_tbl_00584,1,0,1,false
5036,dlk_tbl_02926,1,0,1,false
5037,dlk_tbl_03831,1,0,1,false
5038,proc_tbl_03923,1,0,1,false
5039,dlk_tbl_01650,1,0,1,false
5040,gob_tbl_02010,1,0,1,false
5041,dlk_tbl_00405,1,0,1,false
5042,gob_tbl_03231,1,0,1,false
5043,dlk_ext_00377,1,1,0,false
5044,dlk_tbl_03787,1,0,1,false
5045,gob_tbl_01191,1,0,1,false
5046,dlk_tbl_01559,1,0,1,false
5047,gob_tbl_02372,1,0,1,false
5048,dash_tbl_02580,1,0,1,false
5049,dlk_tbl_02676,1,0,1,false
5050,proc_tbl_02386,1,0,1,false
5051,gob_tbl_03496,1,0,1,false
5052,gob_tbl_00367,1,0,1,false
5053,m4vw_tbl_01281,1,0,1,false
5054,proc_tbl_03512,1,0,1,false
5055,gob_tbl_02598,1,0,1,false
5056,dlk_tbl_03060,1,0,1,false
5057,dlk_tbl_04338,1,0,1,false
5058,gob_tbl_02393,1,0,1,false
5059,proc_tbl_00095,1,0,1,false
5060,gob_tbl_02323,1,0,1,false
5061,gob_tbl_04086,1,0,1,false
5062,gob_tbl_01250,1,0,1,false
5063,gob_tbl_00513,1,0,1,false
5064,proc_tbl_01506,1,0,1,false
5065,proc_tbl_03178,1,0,1,false
5066,gob_tbl_00703,1,0,1,false
5067,dlk_tbl_01293,1,0,1,false
5068,dlk_tbl_03890,1,0,1,false
5069,proc_tbl_03193,1,0,1,false
5070,proc_tbl_03460,1,0,1,false
5071,proc_tbl_04268,1,0,1,false
5072,proc_tbl_01570,1,0,1,false
5073,std_tbl_01274,1,0,1,false
5074,dlk_tbl_02547,1,0,1,false
5075,dlk_tbl_04249,1,0,1,false
5076,proc_tbl_03006,1,0,1,false
5077,proc_tbl_01645,1,0,1,false
5078,gob_tbl_01382,1,0,1,false
5079,gob_tbl_02107,1,0,1,false
5080,gob_tbl_01757,1,0,1,false
5081,dlk_tbl_01788,1,0,1,false
5082,dlk_tbl_01430,1,0,1,false
5083,dlk_tbl_03394,1,0,1,false
5084,dlk_tbl_02575,1,0,1,false
5085,dlk_tbl_02118,1,0,1,false
5086,dash_ext_00147,1,1,0,false
5087,gob_tbl_03862,1,0,1,false
5088,proc_tbl_00797,1,0,1,false
5089,gob_tbl_03202,1,0,1,false
5090,dlk_tbl_03671,1,0,1,false
5091,gob_tbl_02809,1,0,1,false
5092,dlk_tbl_01630,1,0,1,false
5093,proc_tbl_03768,1,0,1,false
5094,proc_tbl_03616,1,0,1,false
5095,dlk_tbl_01695,1,0,1,false
5096,gob_tbl_01226,1,0,1,false
5097,dlk_tbl_01467,1,0,1,false
5098,dlk_tbl_01699,1,0,1,false
5099,dlk_tbl_02454,1,0,1,false
5100,proc_tbl_01636,1,0,1,false
5101,dlk_tbl_04332,1,0,1,false
5102,gob_tbl_00836,1,0,1,false
5103,std_tbl_03742,1,0,1,false
5104,gob_tbl_02012,1,0,1,false
5105,dlk_tbl_04411,1,0,1,false
5106,proc_tbl_03702,1,0,1,false
5107,dlk_tbl_03549,1,0,1,false
5108,dlk_tbl_03591,1,0,1,false
5109,gob_tbl_00912,1,0,1,false
