rank,table_name,frequency,as_source,as_target,is_contested
1,dlk_ext_00339,26,26,0,false
2,gob_ext_00412,25,25,0,false
3,dash_ext_00501,23,23,0,false
4,dlk_ext_00462,22,22,0,false
5,gob_ext_00431,21,21,0,false
6,dash_ext_00002,20,20,0,false
7,gob_ext_00194,20,20,0,false
8,dash_ext_00028,19,19,0,false
9,gob_ext_00246,19,19,0,false
10,dlk_ext_00434,19,19,0,false
11,gob_ext_00088,19,19,0,false
12,gob_ext_00371,18,18,0,false
13,proc_ext_00450,18,18,0,false
14,gob_ext_00104,18,18,0,false
15,dlk_ext_00235,18,18,0,false
16,gob_ext_00447,17,17,0,false
17,dlk_ext_00167,17,17,0,false
18,gob_ext_00198,17,17,0,false
19,dash_ext_00217,17,17,0,false
20,gob_ext_00453,17,17,0,false
21,gob_ext_00189,17,17,0,false
22,gob_ext_00085,17,17,0,false
23,proc_ext_00135,17,17,0,false
24,std_ext_00011,16,16,0,false
25,dlk_ext_00075,16,16,0,false
26,proc_ext_00469,16,16,0,false
27,gob_ext_00099,16,16,0,false
28,dlk_ext_00168,16,16,0,false
29,dash_ext_00205,16,16,0,false
30,gob_ext_00221,15,15,0,false
31,dlk_ext_00043,15,15,0,false
32,proc_ext_00497,15,15,0,false
33,gob_ext_00318,15,15,0,false
34,gob_ext_00009,15,15,0,false
35,dash_ext_00142,15,15,0,false
36,gob_ext_00376,14,14,0,false
37,dlk_ext_00067,14,14,0,false
38,gob_ext_00155,14,14,0,false
39,proc_ext_00489,14,14,0,false
40,gob_ext_00140,14,14,0,false
41,dash_ext_00300,14,14,0,false
42,gob_ext_00173,14,14,0,false
43,proc_ext_00210,13,13,0,false
44,proc_ext_00025,13,13,0,false
45,dlk_ext_00458,13,13,0,false
46,ppn_ext_00429,13,13,0,false
47,dlk_ext_00069,13,13,0,false
48,dlk_ext_00439,12,12,0,false
49,ppn_ext_00153,12,12,0,false
50,proc_ext_00328,12,12,0,false
51,dlk_ext_00343,12,12,0,false
52,gob_ext_00200,12,12,0,false
53,proc_ext_00350,12,12,0,false
54,gob_ext_00225,12,12,0,false
55,dlk_ext_00096,12,12,0,false
56,dlk_ext_00188,12,12,0,false
57,proc_ext_00035,12,12,0,false
58,dlk_ext_00265,12,12,0,false
59,dlk_ext_00086,12,12,0,false
60,dlk_ext_00112,12,12,0,false
61,proc_ext_00314,12,12,0,false
62,dlk_ext_00504,12,12,0,false
63,proc_ext_00102,11,11,0,false
64,dash_ext_00375,11,11,0,false
65,proc_ext_00248,11,11,0,false
66,dash_ext_00378,11,11,0,false
67,gob_ext_00435,11,11,0,false
68,proc_ext_00307,11,11,0,false
69,proc_ext_00399,11,11,0,false
70,m4vw_ext_00148,11,11,0,false
71,gob_ext_00159,11,11,0,false
72,gob_ext_00416,11,11,0,false
73,proc_ext_00032,11,11,0,false
74,gob_tbl_03164,11,10,1,false
75,dash_ext_00073,11,11,0,false
76,gob_ext_00406,11,11,0,false
77,gob_ext_00308,11,11,0,false
78,std_ext_00499,11,11,0,false
79,dlk_ext_00220,11,11,0,false
80,gob_ext_00483,10,10,0,false
81,dlk_ext_00241,10,10,0,false
82,gob_ext_00231,10,10,0,false
83,dash_ext_00256,10,10,0,false
84,gob_ext_00049,10,10,0,false
85,dlk_ext_00394,10,10,0,false
86,proc_ext_00234,10,10,0,false
87,proc_ext_00040,10,10,0,false
88,dash_ext_00421,10,10,0,false
89,proc_ext_00146,10,10,0,false
90,dlk_ext_00465,10,10,0,false
91,dlk_ext_00488,10,10,0,false
92,dlk_ext_00381,10,10,0,false
93,dlk_ext_00286,10,10,0,false
94,gob_ext_00380,10,10,0,false
95,dlk_ext_00267,10,10,0,false
96,dlk_ext_00206,10,10,0,false
97,dlk_ext_00184,10,10,0,false
98,dlk_ext_00255,10,10,0,false
99,gob_ext_00219,10,10,0,false
100,dlk_ext_00165,10,10,0,false
101,gob_ext_00413,10,10,0,false
102,gob_ext_00503,10,10,0,false
103,gob_ext_00467,9,9,0,false
104,dlk_ext_00003,9,9,0,false
105,dlk_ext_00288,9,9,0,false
106,dlk_ext_00388,9,9,0,false
107,gob_ext_00147,9,9,0,false
108,gob_ext_00238,9,9,0,false
109,proc_ext_00329,9,9,0,false
110,proc_ext_00111,9,9,0,false
111,gob_ext_00464,9,9,0,false
112,dlk_ext_00320,9,9,0,false
113,dlk_ext_00089,9,9,0,false
114,dlk_ext_00038,9,9,0,false
115,proc_ext_00334,9,9,0,false
116,m4sco_ext_00494,9,9,0,false
117,dlk_ext_00254,9,9,0,false
118,dlk_ext_00341,9,9,0,false
119,dlk_ext_00051,9,9,0,false
120,gob_tbl_00721,9,8,1,false
121,dlk_ext_00240,9,9,0,false
122,dlk_ext_00304,9,9,0,false
123,gob_ext_00481,9,9,0,false
124,dlk_ext_00095,9,9,0,false
125,dlk_ext_00207,9,9,0,false
126,gob_ext_00257,9,9,0,false
127,dlk_tbl_00864,9,8,1,false
128,proc_tbl_02173,9,8,1,false
129,dlk_ext_00463,9,9,0,false
130,dlk_tbl_01950,9,8,1,false
131,gob_tbl_02808,9,8,1,false
132,proc_ext_00289,9,9,0,false
133,dlk_ext_00294,9,9,0,false
134,dlk_tbl_00534,9,8,1,false
135,gob_ext_00145,9,9,0,false
136,dlk_tbl_02503,9,8,1,false
137,ppn_tbl_02933,9,8,1,false
138,dlk_tbl_03091,9,8,1,false
139,gob_ext_00017,9,9,0,false
140,std_ext_00498,8,8,0,false
141,gob_ext_00495,8,8,0,false
142,proc_ext_00247,8,8,0,false
143,gob_ext_00404,8,8,0,false
144,proc_ext_00345,8,8,0,false
145,dlk_ext_00060,8,8,0,false
146,gob_ext_00071,8,8,0,false
147,gob_ext_00448,8,8,0,false
148,dlk_tbl_02109,8,7,1,false
149,gob_tbl_01306,8,7,1,false
150,gob_ext_00398,8,8,0,false
151,gob_ext_00438,8,8,0,false
152,proc_ext_00014,8,8,0,false
153,dlk_tbl_03098,8,7,1,false
154,proc_tbl_01333,8,7,1,false
155,gob_ext_00176,8,8,0,false
156,gob_tbl_01874,8,7,1,false
157,dlk_tbl_02259,8,7,1,false
158,dlk_ext_00419,8,8,0,false
159,dlk_ext_00284,8,8,0,false
160,m4vw_ext_00505,8,8,0,false
161,dlk_ext_00144,8,8,0,false
162,gob_tbl_01438,8,7,1,false
163,proc_ext_00298,8,8,0,false
164,gob_tbl_02318,8,7,1,false
165,dlk_ext_00342,8,8,0,false
166,dlk_ext_00154,8,8,0,false
167,gob_tbl_03043,8,7,1,false
168,proc_ext_00212,8,8,0,false
169,dash_ext_00451,8,8,0,false
170,dlk_tbl_01522,8,7,1,false
171,gob_ext_00077,8,8,0,false
172,gob_tbl_01529,8,7,1,false
173,gob_ext_00482,8,8,0,false
174,proc_ext_00047,8,8,0,false
175,dlk_ext_00066,8,8,0,false
176,dlk_ext_00301,8,8,0,false
177,dlk_ext_00015,8,8,0,false
178,gob_ext_00186,8,8,0,false
179,gob_tbl_02839,8,7,1,false
180,gob_tbl_02651,8,7,1,false
181,dlk_ext_00264,8,8,0,false
182,gob_ext_00103,8,8,0,false
183,gob_ext_00121,8,8,0,false
184,std_ext_00209,8,8,0,false
185,dlk_ext_00061,8,8,0,false
186,dlk_tbl_03208,8,7,1,false
187,gob_tbl_00085,8,7,1,false
188,dlk_tbl_01725,8,7,1,false
189,dlk_ext_00454,8,8,0,false
190,dlk_tbl_02098,8,7,1,false
191,dlk_ext_00338,8,8,0,false
192,gob_tbl_01971,8,7,1,false
193,dlk_ext_00098,7,7,0,false
194,gob_tbl_00450,7,6,1,false
195,proc_tbl_02570,7,6,1,false
196,dash_tbl_02969,7,6,1,false
197,proc_ext_00021,7,7,0,false
198,dlk_ext_00222,7,7,0,false
199,dlk_ext_00178,7,7,0,false
200,gob_ext_00208,7,7,0,false
201,gob_tbl_00708,7,6,1,false
202,gob_ext_00097,7,7,0,false
203,proc_ext_00191,7,7,0,false
204,dlk_tbl_00935,7,6,1,false
205,gob_tbl_00359,7,6,1,false
206,proc_ext_00125,7,7,0,false
207,gob_ext_00133,7,7,0,false
208,dlk_ext_00401,7,7,0,false
209,dlk_tbl_02540,7,6,1,false
210,dlk_ext_00391,7,7,0,false
211,dash_tbl_01589,7,6,1,false
212,dlk_tbl_01243,7,5,2,true
213,dlk_ext_00335,7,7,0,false
214,gob_tbl_00674,7,6,1,false
215,dlk_tbl_03148,7,6,1,false
216,gob_tbl_02777,7,6,1,false
217,std_tbl_03173,7,6,1,false
218,proc_ext_00106,7,7,0,false
219,gob_tbl_01086,7,6,1,false
220,dash_tbl_00813,7,6,1,false
221,dlk_tbl_00377,7,6,1,false
222,dlk_ext_00160,7,7,0,false
223,proc_ext_00036,7,7,0,false
224,dlk_ext_00030,7,7,0,false
225,proc_ext_00302,7,7,0,false
226,proc_ext_00385,7,7,0,false
227,gob_tbl_01548,7,6,1,false
228,gob_ext_00149,7,7,0,false
229,m4vw_tbl_01817,7,6,1,false
230,gob_ext_00299,7,7,0,false
231,gob_tbl_00258,7,6,1,false
232,ppn_ext_00323,7,7,0,false
233,gob_tbl_00431,7,6,1,false
234,dlk_ext_00192,7,7,0,false
235,proc_ext_00082,7,7,0,false
236,dlk_tbl_02316,7,6,1,false
237,dlk_ext_00487,7,7,0,false
238,gob_tbl_01862,7,6,1,false
239,gob_tbl_02444,7,6,1,false
240,gob_tbl_02026,7,6,1,false
241,gob_ext_00157,7,7,0,false
242,dash_ext_00029,7,7,0,false
243,dlk_tbl_00571,7,6,1,false
244,gob_tbl_02212,7,6,1,false
245,dlk_ext_00392,7,7,0,false
246,dlk_ext_00116,7,7,0,false
247,proc_tbl_00640,7,6,1,false
248,dlk_ext_00367,7,7,0,false
249,dash_ext_00291,7,7,0,false
250,dlk_tbl_02014,7,6,1,false
251,proc_tbl_00688,7,6,1,false
252,proc_tbl_02324,7,6,1,false
253,gob_ext_00414,7,7,0,false
254,dlk_tbl_01448,7,6,1,false
255,dlk_ext_00368,7,7,0,false
256,gob_ext_00196,7,7,0,false
257,dlk_ext_00166,7,7,0,false
258,dash_tbl_01105,7,6,1,false
259,dlk_tbl_03106,7,6,1,false
260,gob_ext_00327,7,7,0,false
261,gob_tbl_00797,7,6,1,false
262,std_tbl_00897,7,6,1,false
263,proc_tbl_02510,7,6,1,false
264,dash_tbl_01157,7,6,1,false
265,dlk_ext_00059,7,7,0,false
266,dlk_ext_00405,7,7,0,false
267,gob_tbl_03198,6,5,1,false
268,dash_ext_00449,6,6,0,false
269,gob_tbl_01517,6,5,1,false
270,proc_tbl_00213,6,5,1,false
271,dlk_tbl_01885,6,5,1,false
272,gob_ext_00239,6,6,0,false
273,proc_tbl_00631,6,5,1,false
274,gob_ext_00336,6,6,0,false
275,gob_tbl_02042,6,5,1,false
276,dlk_tbl_02691,6,5,1,false
277,dlk_tbl_03246,6,5,1,false
278,std_ext_00174,6,6,0,false
279,gob_tbl_00581,6,5,1,false
280,dlk_tbl_00883,6,5,1,false
281,dlk_tbl_00794,6,5,1,false
282,gob_ext_00008,6,6,0,false
283,dash_tbl_02405,6,5,1,false
284,dlk_tbl_00519,6,5,1,false
285,proc_ext_00230,6,6,0,false
286,dlk_tbl_02693,6,5,1,false
287,gob_tbl_02895,6,5,1,false
288,m4vw_tbl_01991,6,5,1,false
289,dlk_tbl_03169,6,5,1,false
290,dash_tbl_02896,6,5,1,false
291,gob_ext_00466,6,6,0,false
292,gob_ext_00052,6,6,0,false
293,proc_tbl_03234,6,5,1,false
294,dlk_ext_00122,6,6,0,false
295,gob_tbl_01129,6,5,1,false
296,gob_tbl_01602,6,5,1,false
297,gob_tbl_01071,6,5,1,false
298,dash_tbl_02062,6,5,1,false
299,proc_ext_00138,6,6,0,false
300,gob_tbl_03000,6,5,1,false
301,gob_tbl_00210,6,5,1,false
302,dlk_tbl_01210,6,5,1,false
303,dlk_tbl_02455,6,5,1,false
304,dash_tbl_00527,6,5,1,false
305,gob_ext_00397,6,6,0,false
306,gob_tbl_01819,6,5,1,false
307,ppn_ext_00161,6,6,0,false
308,proc_ext_00045,6,6,0,false
309,dlk_tbl_01745,6,5,1,false
310,gob_ext_00218,6,6,0,false
311,std_ext_00215,6,6,0,false
312,std_ext_00382,6,6,0,false
313,proc_ext_00197,6,6,0,false
314,proc_ext_00202,6,6,0,false
315,dlk_tbl_02230,6,5,1,false
316,gob_tbl_00294,6,5,1,false
317,dlk_ext_00250,6,6,0,false
318,gob_tbl_00266,6,5,1,false
319,gob_ext_00108,6,6,0,false
320,gob_ext_00130,6,6,0,false
321,dlk_ext_00233,6,6,0,false
322,dlk_ext_00366,6,6,0,false
323,proc_ext_00127,6,6,0,false
324,dash_tbl_02669,6,5,1,false
325,gob_ext_00474,6,6,0,false
326,dash_tbl_02820,6,5,1,false
327,gob_tbl_02286,6,5,1,false
328,dlk_tbl_01924,6,5,1,false
329,gob_tbl_01980,6,5,1,false
330,dlk_ext_00156,6,6,0,false
331,gob_ext_00303,6,6,0,false
332,dlk_tbl_02959,6,5,1,false
333,dlk_ext_00094,6,6,0,false
334,gob_tbl_01533,6,5,1,false
335,gob_ext_00123,6,6,0,false
336,proc_tbl_01303,6,5,1,false
337,gob_ext_00461,6,6,0,false
338,dlk_tbl_02022,6,5,1,false
339,gob_tbl_01093,6,5,1,false
340,dlk_tbl_03289,6,5,1,false
341,proc_tbl_01420,6,5,1,false
342,gob_tbl_00354,6,5,1,false
343,gob_tbl_00964,6,5,1,false
344,m4sco_ext_00081,6,6,0,false
345,dash_tbl_03109,6,5,1,false
346,dlk_ext_00331,6,6,0,false
347,gob_ext_00420,6,6,0,false
348,gob_tbl_02865,6,5,1,false
349,dlk_tbl_01920,6,5,1,false
350,dlk_tbl_00962,6,5,1,false
351,dlk_tbl_01970,6,4,2,true
352,dlk_tbl_02850,6,5,1,false
353,gob_tbl_00998,6,5,1,false
354,gob_tbl_02718,6,5,1,false
355,dlk_tbl_03105,6,5,1,false
356,dlk_ext_00422,6,6,0,false
357,gob_tbl_00783,6,5,1,false
358,gob_tbl_02160,6,5,1,false
359,gob_ext_00455,6,6,0,false
360,gob_ext_00093,6,6,0,false
361,proc_ext_00141,6,6,0,false
362,m4sco_tbl_00482,6,5,1,false
363,gob_tbl_01031,6,5,1,false
364,gob_tbl_00273,6,5,1,false
365,std_tbl_02267,6,5,1,false
366,gob_ext_00078,6,6,0,false
367,std_ext_00118,6,6,0,false
368,dash_tbl_01054,6,5,1,false
369,std_tbl_00041,6,5,1,false
370,gob_ext_00396,6,6,0,false
371,dlk_tbl_01582,6,5,1,false
372,dlk_tbl_01440,6,5,1,false
373,dlk_tbl_03243,6,5,1,false
374,gob_ext_00177,6,6,0,false
375,dlk_ext_00393,6,6,0,false
376,gob_tbl_02459,6,5,1,false
377,dlk_tbl_00859,6,5,1,false
378,dash_tbl_01207,6,5,1,false
379,proc_tbl_00752,6,5,1,false
380,dlk_tbl_00948,5,4,1,false
381,gob_tbl_01710,5,4,1,false
382,dlk_tbl_00766,5,4,1,false
383,std_ext_00012,5,5,0,false
384,gob_tbl_00161,5,3,2,true
385,gob_ext_00270,5,5,0,false
386,gob_ext_00117,5,5,0,false
387,dlk_tbl_00905,5,4,1,false
388,gob_ext_00027,5,5,0,false
389,gob_tbl_02630,5,4,1,false
390,std_ext_00311,5,5,0,false
391,gob_ext_00428,5,5,0,false
392,proc_ext_00245,5,5,0,false
393,std_tbl_02855,5,4,1,false
394,m4sco_tbl_02666,5,4,1,false
395,dlk_ext_00105,5,5,0,false
396,dlk_tbl_00246,5,4,1,false
397,gob_tbl_02586,5,4,1,false
398,gob_tbl_02935,5,4,1,false
399,gob_tbl_02317,5,4,1,false
400,dlk_tbl_00900,5,4,1,false
401,gob_tbl_02939,5,3,2,true
402,dlk_tbl_01642,5,4,1,false
403,dlk_tbl_01896,5,4,1,false
404,dlk_ext_00229,5,5,0,false
405,gob_tbl_00650,5,4,1,false
406,gob_ext_00490,5,5,0,false
407,dash_tbl_01781,5,4,1,false
408,gob_ext_00033,5,5,0,false
409,dash_tbl_01097,5,4,1,false
410,dash_ext_00120,5,5,0,false
411,dlk_ext_00005,5,5,0,false
412,dlk_tbl_01058,5,4,1,false
413,proc_ext_00296,5,5,0,false
414,dlk_tbl_01738,5,4,1,false
415,gob_tbl_00498,5,4,1,false
416,proc_tbl_02742,5,4,1,false
417,proc_tbl_00114,5,4,1,false
418,gob_ext_00349,5,5,0,false
419,proc_ext_00347,5,5,0,false
420,dash_tbl_01328,5,3,2,true
421,proc_tbl_02606,5,4,1,false
422,dlk_tbl_01353,5,4,1,false
423,gob_tbl_02736,5,4,1,false
424,proc_ext_00132,5,5,0,false
425,proc_tbl_02123,5,4,1,false
426,gob_tbl_00116,5,4,1,false
427,dlk_tbl_00033,5,4,1,false
428,proc_tbl_00742,5,4,1,false
429,dlk_tbl_00656,5,4,1,false
430,m4vw_tbl_01113,5,4,1,false
431,proc_tbl_02785,5,4,1,false
432,dlk_tbl_02091,5,4,1,false
433,dlk_tbl_02166,5,4,1,false
434,dlk_ext_00213,5,5,0,false
435,gob_tbl_01771,5,4,1,false
436,gob_tbl_01572,5,4,1,false
437,dlk_tbl_01177,5,4,1,false
438,gob_ext_00362,5,5,0,false
439,proc_tbl_01613,5,4,1,false
440,proc_tbl_01536,5,4,1,false
441,dlk_tbl_01220,5,4,1,false
442,proc_tbl_00337,5,4,1,false
443,dlk_tbl_00658,5,4,1,false
444,dlk_tbl_02457,5,4,1,false
445,gob_tbl_00911,5,4,1,false
446,gob_tbl_00555,5,4,1,false
447,gob_ext_00486,5,5,0,false
448,gob_tbl_01460,5,3,2,true
449,proc_tbl_02484,5,4,1,false
450,proc_tbl_00170,5,4,1,false
451,dlk_tbl_00084,5,4,1,false
452,gob_tbl_02660,5,4,1,false
453,dlk_ext_00062,5,5,0,false
454,dlk_tbl_02285,5,4,1,false
455,dash_tbl_02745,5,4,1,false
456,m4sco_tbl_01655,5,4,1,false
457,proc_ext_00068,5,5,0,false
458,dash_ext_00201,5,5,0,false
459,gob_ext_00129,5,5,0,false
460,proc_ext_00285,5,5,0,false
461,gob_tbl_02186,5,4,1,false
462,dlk_tbl_03108,5,4,1,false
463,dlk_tbl_00692,5,4,1,false
464,gob_tbl_02980,5,4,1,false
465,gob_ext_00389,5,5,0,false
466,gob_tbl_03052,5,4,1,false
467,proc_tbl_00023,5,4,1,false
468,dlk_tbl_00048,5,4,1,false
469,gob_tbl_01798,5,4,1,false
470,proc_tbl_01104,5,4,1,false
471,gob_tbl_01473,5,4,1,false
472,proc_tbl_01567,5,4,1,false
473,dlk_tbl_00152,5,4,1,false
474,proc_ext_00131,5,5,0,false
475,proc_tbl_00358,5,4,1,false
476,std_tbl_01561,5,4,1,false
477,dlk_tbl_00728,5,4,1,false
478,gob_ext_00070,5,5,0,false
479,gob_ext_00386,5,5,0,false
480,dlk_tbl_00672,5,4,1,false
481,gob_tbl_01890,5,4,1,false
482,gob_tbl_01933,5,4,1,false
483,dash_ext_00262,5,5,0,false
484,std_tbl_00202,5,4,1,false
485,gob_ext_00136,5,5,0,false
486,dlk_tbl_01059,5,4,1,false
487,proc_tbl_01315,5,4,1,false
488,dlk_tbl_03170,5,4,1,false
489,proc_tbl_02952,5,4,1,false
490,dash_tbl_00494,5,4,1,false
491,dlk_tbl_03136,5,4,1,false
492,dlk_tbl_00124,5,4,1,false
493,gob_tbl_01326,5,4,1,false
494,dlk_ext_00211,5,5,0,false
495,gob_tbl_00324,5,4,1,false
496,proc_tbl_01302,5,4,1,false
497,ppn_tbl_03172,5,4,1,false
498,dlk_tbl_02561,5,4,1,false
499,dlk_tbl_02409,5,4,1,false
500,dlk_tbl_01797,5,4,1,false
501,gob_tbl_03220,5,4,1,false
502,dlk_tbl_01973,5,4,1,false
503,gob_ext_00485,5,5,0,false
504,dlk_tbl_02418,5,4,1,false
505,ppn_tbl_00703,5,4,1,false
506,dlk_tbl_01792,5,4,1,false
507,gob_tbl_00751,5,4,1,false
508,gob_ext_00260,5,5,0,false
509,gob_tbl_03039,5,4,1,false
510,gob_tbl_01166,5,4,1,false
511,gob_tbl_01698,5,4,1,false
512,gob_tbl_01146,5,4,1,false
513,dlk_tbl_01413,5,4,1,false
514,dlk_ext_00113,5,5,0,false
515,gob_tbl_00526,5,4,1,false
516,gob_tbl_02575,5,4,1,false
517,proc_ext_00437,5,5,0,false
518,ppn_tbl_02715,5,4,1,false
519,dlk_tbl_00094,5,4,1,false
520,dlk_ext_00101,5,5,0,false
521,proc_tbl_00224,5,4,1,false
522,m4sco_tbl_02202,5,4,1,false
523,gob_ext_00126,5,5,0,false
524,m4vw_tbl_03293,5,4,1,false
525,dlk_tbl_01336,5,4,1,false
526,dlk_ext_00124,5,5,0,false
527,dlk_ext_00079,5,5,0,false
528,gob_tbl_01414,5,4,1,false
529,dlk_tbl_00877,5,4,1,false
530,m4vw_tbl_01237,5,4,1,false
531,gob_ext_00007,5,5,0,false
532,dash_tbl_03187,5,4,1,false
533,gob_ext_00228,5,5,0,false
534,proc_tbl_01266,5,4,1,false
535,gob_tbl_01475,5,4,1,false
536,dlk_tbl_02508,5,4,1,false
537,gob_tbl_01633,5,4,1,false
538,dlk_ext_00276,5,5,0,false
539,gob_tbl_00328,5,4,1,false
540,proc_ext_00360,5,5,0,false
541,gob_ext_00055,5,5,0,false
542,gob_tbl_02191,5,4,1,false
543,gob_tbl_01686,5,4,1,false
544,dlk_ext_00114,5,5,0,false
545,proc_ext_00384,5,5,0,false
546,dash_tbl_02323,5,4,1,false
547,gob_tbl_00850,5,4,1,false
548,proc_tbl_01668,5,4,1,false
549,dlk_tbl_03142,5,4,1,false
550,gob_tbl_01289,5,4,1,false
551,dlk_tbl_00319,5,3,2,true
552,proc_tbl_01499,5,4,1,false
553,dlk_tbl_00440,5,4,1,false
554,dlk_tbl_01849,5,4,1,false
555,ppn_tbl_02447,5,4,1,false
556,dlk_tbl_01063,5,4,1,false
557,proc_tbl_01416,5,4,1,false
558,gob_tbl_00089,5,4,1,false
559,gob_tbl_00229,5,4,1,false
560,proc_tbl_00011,5,4,1,false
561,dlk_tbl_02817,5,4,1,false
562,std_tbl_02314,5,4,1,false
563,gob_tbl_03285,5,4,1,false
564,dash_tbl_01803,5,4,1,false
565,gob_ext_00170,5,5,0,false
566,dlk_ext_00237,5,5,0,false
567,dash_tbl_00074,5,4,1,false
568,gob_tbl_00076,5,4,1,false
569,dlk_tbl_01621,5,4,1,false
570,dlk_tbl_00396,5,4,1,false
571,gob_tbl_02113,5,4,1,false
572,gob_tbl_00790,5,4,1,false
573,dash_tbl_00189,5,4,1,false
574,dash_ext_00333,5,5,0,false
575,dash_tbl_00442,5,4,1,false
576,gob_tbl_02262,5,4,1,false
577,gob_ext_00172,5,5,0,false
578,dash_tbl_00167,5,4,1,false
579,gob_tbl_00635,5,4,1,false
580,gob_tbl_02193,5,4,1,false
581,dlk_tbl_02391,5,4,1,false
582,dlk_tbl_00417,5,4,1,false
583,dlk_tbl_02398,5,4,1,false
584,proc_tbl_02752,5,4,1,false
585,dlk_ext_00183,5,5,0,false
586,dlk_tbl_02794,5,4,1,false
587,dlk_tbl_01433,5,4,1,false
588,gob_ext_00258,5,5,0,false
589,dlk_tbl_02707,5,4,1,false
590,dlk_tbl_01494,5,4,1,false
591,dlk_tbl_00138,5,4,1,false
592,m4sco_tbl_01891,4,3,1,false
593,gob_tbl_02500,4,3,1,false
594,dlk_tbl_02194,4,3,1,false
595,gob_tbl_00702,4,3,1,false
596,gob_tbl_02279,4,3,1,false
597,dlk_tbl_02643,4,3,1,false
598,gob_tbl_01917,4,3,1,false
599,dlk_tbl_01776,4,3,1,false
600,dlk_tbl_02658,4,3,1,false
601,dlk_tbl_01271,4,3,1,false
602,gob_tbl_01856,4,3,1,false
603,proc_tbl_03062,4,3,1,false
604,gob_ext_00452,4,4,0,false
605,gob_tbl_01684,4,3,1,false
606,dlk_ext_00139,4,4,0,false
607,dlk_tbl_01254,4,3,1,false
608,dlk_tbl_01282,4,3,1,false
609,dlk_tbl_01921,4,3,1,false
610,gob_tbl_01027,4,3,1,false
611,dlk_tbl_00099,4,3,1,false
612,dash_ext_00493,4,4,0,false
613,proc_tbl_01345,4,3,1,false
614,ppn_ext_00006,4,4,0,false
615,dlk_tbl_00698,4,3,1,false
616,dlk_tbl_01200,4,3,1,false
617,dash_tbl_00836,4,3,1,false
618,dlk_tbl_00800,4,3,1,false
619,dlk_tbl_01519,4,3,1,false
620,dlk_ext_00287,4,4,0,false
621,proc_tbl_02005,4,3,1,false
622,gob_ext_00171,4,4,0,false
623,gob_tbl_02249,4,3,1,false
624,gob_tbl_02185,4,3,1,false
625,gob_tbl_01102,4,3,1,false
626,gob_tbl_02254,4,3,1,false
627,dlk_tbl_00092,4,3,1,false
628,ppn_ext_00293,4,4,0,false
629,dlk_ext_00379,4,4,0,false
630,proc_tbl_01021,4,3,1,false
631,gob_tbl_02240,4,3,1,false
632,dlk_tbl_00168,4,3,1,false
633,proc_tbl_02256,4,3,1,false
634,gob_tbl_02397,4,3,1,false
635,dlk_tbl_01664,4,3,1,false
636,proc_ext_00305,4,4,0,false
637,gob_tbl_01399,4,3,1,false
638,dlk_tbl_01941,4,3,1,false
639,gob_tbl_02229,4,3,1,false
640,dlk_tbl_02889,4,3,1,false
641,proc_tbl_00136,4,3,1,false
642,proc_tbl_00925,4,3,1,false
643,dlk_tbl_03011,4,3,1,false
644,proc_tbl_01552,4,3,1,false
645,gob_ext_00324,4,4,0,false
646,gob_tbl_02124,4,3,1,false
647,dlk_tbl_00223,4,3,1,false
648,dlk_tbl_02853,4,3,1,false
649,dash_tbl_01650,4,3,1,false
650,dlk_tbl_00434,4,3,1,false
651,proc_tbl_02498,4,3,1,false
652,gob_tbl_01025,4,3,1,false
653,std_tbl_03084,4,3,1,false
654,gob_tbl_03228,4,3,1,false
655,gob_tbl_02406,4,3,1,false
656,gob_tbl_00772,4,3,1,false
657,dlk_tbl_02345,4,3,1,false
658,dlk_ext_00477,4,4,0,false
659,std_tbl_01366,4,3,1,false
660,dlk_tbl_00986,4,3,1,false
661,dash_tbl_00374,4,3,1,false
662,dlk_tbl_00160,4,3,1,false
663,proc_ext_00395,4,4,0,false
664,dlk_tbl_02755,4,3,1,false
665,std_tbl_02665,4,3,1,false
666,gob_tbl_02744,4,3,1,false
667,dlk_tbl_02710,4,3,1,false
668,proc_tbl_00890,4,3,1,false
669,gob_tbl_01695,4,3,1,false
670,std_tbl_01697,4,3,1,false
671,dlk_tbl_02923,4,3,1,false
672,dlk_tbl_01263,4,2,2,true
673,proc_ext_00425,4,4,0,false
674,dlk_ext_00275,4,4,0,false
675,proc_tbl_02884,4,3,1,false
676,gob_tbl_03036,4,3,1,false
677,dlk_tbl_01520,4,3,1,false
678,proc_ext_00432,4,4,0,false
679,dlk_tbl_01636,4,3,1,false
680,proc_tbl_00313,4,3,1,false
681,gob_tbl_00743,4,3,1,false
682,dlk_tbl_01732,4,3,1,false
683,m4sco_tbl_02250,4,3,1,false
684,dlk_tbl_01907,4,3,1,false
685,gob_tbl_01247,4,3,1,false
686,dlk_tbl_02025,4,3,1,false
687,dash_tbl_01609,4,3,1,false
688,dlk_tbl_02859,4,3,1,false
689,gob_tbl_01430,4,3,1,false
690,dlk_tbl_03222,4,3,1,false
691,gob_tbl_02008,4,3,1,false
692,gob_tbl_02236,4,3,1,false
693,dlk_tbl_00051,4,3,1,false
694,dlk_tbl_00942,4,3,1,false
695,gob_tbl_01551,4,3,1,false
696,proc_ext_00502,4,4,0,false
697,dlk_tbl_02030,4,3,1,false
698,gob_tbl_02870,4,3,1,false
699,dlk_tbl_03139,4,3,1,false
700,m4vw_tbl_01483,4,3,1,false
701,dlk_tbl_02027,4,3,1,false
702,proc_ext_00456,4,4,0,false
703,gob_tbl_00512,4,3,1,false
704,std_ext_00351,4,4,0,false
705,dlk_tbl_03247,4,3,1,false
706,dash_tbl_00564,4,3,1,false
707,std_tbl_02205,4,3,1,false
708,gob_tbl_02654,4,3,1,false
709,gob_tbl_02477,4,3,1,false
710,gob_tbl_01321,4,2,2,true
711,dash_tbl_01133,4,3,1,false
712,gob_tbl_00036,4,3,1,false
713,gob_tbl_02422,4,3,1,false
714,dash_tbl_00071,4,3,1,false
715,dlk_tbl_02564,4,3,1,false
716,gob_tbl_01305,4,3,1,false
717,proc_tbl_00204,4,3,1,false
718,gob_tbl_00014,4,2,2,true
719,m4sco_tbl_00420,4,3,1,false
720,proc_tbl_03278,4,3,1,false
721,dash_tbl_01468,4,3,1,false
722,proc_tbl_01020,4,3,1,false
723,m4sco_tbl_00397,4,3,1,false
724,std_tbl_02818,4,3,1,false
725,gob_tbl_00545,4,3,1,false
726,gob_tbl_00493,4,3,1,false
727,gob_tbl_00583,4,3,1,false
728,dlk_tbl_03184,4,3,1,false
729,proc_tbl_02925,4,3,1,false
730,gob_ext_00053,4,4,0,false
731,gob_tbl_02789,4,3,1,false
732,dlk_tbl_02513,4,3,1,false
733,gob_tbl_02770,4,3,1,false
734,proc_tbl_00394,4,3,1,false
735,dlk_tbl_00749,4,3,1,false
736,dlk_tbl_02567,4,3,1,false
737,dlk_tbl_00179,4,3,1,false
738,gob_tbl_00188,4,3,1,false
739,gob_tbl_02425,4,3,1,false
740,dash_tbl_02070,4,3,1,false
741,gob_tbl_00066,4,3,1,false
742,dash_tbl_00792,4,3,1,false
743,dlk_tbl_00345,4,3,1,false
744,dlk_tbl_03050,4,3,1,false
745,proc_tbl_00644,4,3,1,false
746,gob_tbl_01053,4,3,1,false
747,gob_tbl_02950,4,3,1,false
748,gob_ext_00271,4,4,0,false
749,gob_tbl_01767,4,3,1,false
750,proc_ext_00251,4,4,0,false
751,dlk_tbl_03056,4,3,1,false
752,m4vw_tbl_00259,4,3,1,false
753,gob_tbl_01175,4,3,1,false
754,dlk_tbl_02138,4,3,1,false
755,gob_tbl_02677,4,3,1,false
756,proc_ext_00387,4,4,0,false
757,dlk_tbl_03143,4,3,1,false
758,proc_tbl_01090,4,3,1,false
759,dlk_tbl_00155,4,3,1,false
760,dlk_tbl_00801,4,3,1,false
761,std_tbl_01622,4,3,1,false
762,proc_tbl_01959,4,3,1,false
763,gob_tbl_01270,4,3,1,false
764,proc_ext_00162,4,4,0,false
765,dlk_tbl_02481,4,3,1,false
766,std_tbl_02487,4,3,1,false
767,gob_tbl_01566,4,3,1,false
768,gob_tbl_01809,4,3,1,false
769,gob_tbl_00154,4,3,1,false
770,proc_tbl_03254,4,3,1,false
771,proc_tbl_00999,4,3,1,false
772,gob_tbl_00874,4,3,1,false
773,m4vw_ext_00306,4,4,0,false
774,dash_tbl_02949,4,3,1,false
775,dlk_tbl_03151,4,3,1,false
776,gob_tbl_00725,4,3,1,false
777,gob_ext_00326,4,4,0,false
778,gob_tbl_02706,4,3,1,false
779,m4sco_tbl_01647,4,3,1,false
780,dlk_tbl_00301,4,3,1,false
781,m4sco_tbl_01945,4,3,1,false
782,gob_tbl_02577,4,3,1,false
783,gob_tbl_00247,4,3,1,false
784,dlk_ext_00163,4,4,0,false
785,dash_tbl_02048,4,3,1,false
786,dlk_tbl_01774,4,3,1,false
787,gob_tbl_00934,4,3,1,false
788,gob_tbl_01583,4,3,1,false
789,gob_tbl_02881,4,3,1,false
790,dlk_tbl_02846,4,3,1,false
791,gob_tbl_01431,4,3,1,false
792,dlk_tbl_00101,4,3,1,false
793,gob_tbl_00003,4,3,1,false
794,proc_tbl_00541,4,3,1,false
795,proc_tbl_00506,4,3,1,false
796,gob_tbl_00502,4,2,2,true
797,dlk_tbl_01503,4,3,1,false
798,dlk_tbl_00153,4,3,1,false
799,m4sco_tbl_01914,4,3,1,false
800,gob_tbl_01253,4,3,1,false
801,dlk_ext_00310,4,4,0,false
802,proc_tbl_02442,4,3,1,false
803,gob_tbl_01753,4,3,1,false
804,gob_tbl_00845,4,3,1,false
805,dlk_tbl_02057,4,3,1,false
806,gob_tbl_02731,4,3,1,false
807,gob_tbl_00043,4,2,2,true
808,dlk_tbl_01108,4,3,1,false
809,gob_tbl_03041,4,3,1,false
810,gob_tbl_01827,4,3,1,false
811,gob_tbl_00869,4,3,1,false
812,dlk_tbl_02988,4,3,1,false
813,dlk_tbl_00007,4,3,1,false
814,gob_tbl_01149,4,3,1,false
815,dash_ext_00417,4,4,0,false
816,proc_tbl_00959,4,3,1,false
817,proc_tbl_00143,4,3,1,false
818,gob_tbl_00799,4,3,1,false
819,dlk_tbl_02158,4,3,1,false
820,gob_ext_00252,4,4,0,false
821,dash_tbl_00893,4,3,1,false
822,gob_tbl_01091,4,3,1,false
823,dlk_tbl_01718,4,3,1,false
824,dash_tbl_01721,4,3,1,false
825,gob_tbl_00981,4,3,1,false
826,proc_tbl_01539,4,3,1,false
827,dash_tbl_02214,4,3,1,false
828,proc_tbl_01690,4,3,1,false
829,dlk_tbl_00009,4,3,1,false
830,dlk_tbl_00529,4,3,1,false
831,m4vw_tbl_02080,4,3,1,false
832,gob_tbl_00891,4,3,1,false
833,gob_tbl_00553,4,3,1,false
834,dlk_tbl_02625,4,3,1,false
835,gob_tbl_02242,4,3,1,false
836,gob_tbl_01852,4,3,1,false
837,dash_tbl_01158,4,3,1,false
838,std_tbl_03290,4,3,1,false
839,gob_ext_00277,4,4,0,false
840,gob_tbl_02814,4,3,1,false
841,m4vw_ext_00410,4,4,0,false
842,dlk_tbl_00805,4,3,1,false
843,proc_tbl_03292,4,3,1,false
844,proc_tbl_01496,4,3,1,false
845,dash_tbl_00689,4,3,1,false
846,gob_tbl_02962,4,3,1,false
847,proc_tbl_00080,4,3,1,false
848,gob_tbl_02486,4,3,1,false
849,dash_tbl_02637,4,3,1,false
850,dash_tbl_00453,4,3,1,false
851,dlk_ext_00016,4,4,0,false
852,dlk_tbl_01731,4,3,1,false
853,dash_tbl_03112,4,3,1,false
854,proc_tbl_01148,4,3,1,false
855,dlk_tbl_00760,4,3,1,false
856,dlk_tbl_00616,4,3,1,false
857,dlk_ext_00312,4,4,0,false
858,gob_tbl_02518,4,3,1,false
859,proc_ext_00216,4,4,0,false
860,gob_tbl_00182,4,3,1,false
861,dlk_tbl_02443,4,3,1,false
862,gob_tbl_01644,4,3,1,false
863,dlk_tbl_00351,4,3,1,false
864,dlk_tbl_00730,4,3,1,false
865,dash_tbl_00310,4,3,1,false
866,dlk_tbl_00300,4,3,1,false
867,gob_tbl_01232,4,3,1,false
868,proc_tbl_01988,4,3,1,false
869,dlk_tbl_02322,4,3,1,false
870,gob_ext_00316,4,4,0,false
871,proc_tbl_02216,4,3,1,false
872,m4vw_tbl_01217,4,3,1,false
873,dlk_tbl_00823,4,3,1,false
874,dlk_ext_00344,4,4,0,false
875,gob_ext_00175,4,4,0,false
876,proc_tbl_00789,4,3,1,false
877,gob_ext_00457,4,4,0,false
878,dash_tbl_00389,4,3,1,false
879,dlk_tbl_01094,4,3,1,false
880,gob_ext_00358,4,4,0,false
881,gob_tbl_01940,4,3,1,false
882,dash_tbl_02965,4,3,1,false
883,dash_tbl_01892,4,3,1,false
884,gob_ext_00000,4,4,0,false
885,dlk_tbl_02392,4,3,1,false
886,dlk_tbl_02917,4,3,1,false
887,dlk_tbl_00403,4,3,1,false
888,dlk_tbl_00759,4,3,1,false
889,gob_tbl_00203,4,3,1,false
890,gob_ext_00249,4,4,0,false
891,gob_tbl_01993,4,3,1,false
892,proc_tbl_02436,4,3,1,false
893,proc_tbl_00779,4,3,1,false
894,gob_tbl_03078,4,3,1,false
895,gob_tbl_00878,4,3,1,false
896,proc_tbl_01087,4,3,1,false
897,gob_tbl_00081,4,3,1,false
898,dlk_ext_00134,4,4,0,false
899,m4sco_ext_00187,4,4,0,false
900,dlk_tbl_02589,4,3,1,false
901,gob_tbl_02063,4,3,1,false
902,gob_tbl_01450,4,3,1,false
903,gob_tbl_02469,4,3,1,false
904,gob_tbl_02699,4,3,1,false
905,proc_ext_00283,4,4,0,false
906,dlk_tbl_01224,4,3,1,false
907,std_tbl_00320,4,3,1,false
908,dlk_tbl_00489,3,2,1,false
909,gob_tbl_03192,3,2,1,false
910,dlk_tbl_02647,3,2,1,false
911,gob_tbl_02368,3,2,1,false
912,gob_tbl_00383,3,2,1,false
913,gob_tbl_00285,3,2,1,false
914,gob_ext_00309,3,3,0,false
915,dlk_tbl_00378,3,2,1,false
916,m4sco_tbl_01451,3,2,1,false
917,dash_tbl_00297,3,2,1,false
918,m4vw_tbl_02453,3,2,1,false
919,dlk_tbl_00242,3,2,1,false
920,dlk_tbl_00636,3,2,1,false
921,gob_tbl_02799,3,2,1,false
922,dlk_ext_00280,3,3,0,false
923,gob_tbl_01866,3,2,1,false
924,dlk_tbl_01911,3,2,1,false
925,gob_tbl_02527,3,2,1,false
926,proc_tbl_02446,3,2,1,false
927,proc_tbl_02251,3,2,1,false
928,gob_tbl_01279,3,2,1,false
929,gob_tbl_01742,3,2,1,false
930,dlk_tbl_02898,3,2,1,false
931,dlk_tbl_00895,3,2,1,false
932,dlk_tbl_01138,3,2,1,false
933,dash_tbl_03244,3,2,1,false
934,dlk_tbl_02664,3,2,1,false
935,gob_tbl_01013,3,2,1,false
936,dash_tbl_00587,3,2,1,false
937,dash_tbl_02417,3,2,1,false
938,dlk_ext_00084,3,3,0,false
939,proc_tbl_00463,3,2,1,false
940,dash_tbl_00005,3,2,1,false
941,dlk_tbl_00326,3,2,1,false
942,dash_tbl_01780,3,2,1,false
943,proc_tbl_02020,3,2,1,false
944,dlk_tbl_00111,3,2,1,false
945,dash_tbl_02587,3,2,1,false
946,dlk_tbl_01875,3,2,1,false
947,gob_tbl_03027,3,2,1,false
948,gob_ext_00352,3,3,0,false
949,gob_ext_00354,3,3,0,false
950,proc_tbl_00990,3,2,1,false
951,m4vw_tbl_01676,3,2,1,false
952,gob_tbl_01046,3,2,1,false
953,proc_tbl_00976,3,2,1,false
954,dash_tbl_00733,3,2,1,false
955,dlk_ext_00023,3,3,0,false
956,gob_tbl_02165,3,2,1,false
957,ppn_tbl_02805,3,2,1,false
958,proc_tbl_02078,3,2,1,false
959,dlk_tbl_01526,3,2,1,false
960,dlk_tbl_01958,3,2,1,false
961,dlk_tbl_00347,3,2,1,false
962,gob_ext_00253,3,3,0,false
963,gob_ext_00426,3,3,0,false
964,gob_tbl_00706,3,2,1,false
965,proc_ext_00292,3,3,0,false
966,dlk_tbl_01249,3,2,1,false
967,dlk_tbl_00840,3,2,1,false
968,dlk_ext_00048,3,3,0,false
969,gob_tbl_02911,3,2,1,false
970,dlk_tbl_00485,3,2,1,false
971,gob_tbl_02307,3,2,1,false
972,dlk_tbl_00713,3,2,1,false
973,dlk_tbl_01318,3,2,1,false
974,dlk_tbl_00195,3,2,1,false
975,gob_tbl_00467,3,2,1,false
976,gob_tbl_02148,3,2,1,false
977,proc_tbl_01329,3,2,1,false
978,proc_tbl_00241,3,2,1,false
979,gob_tbl_01398,3,2,1,false
980,dlk_tbl_02681,3,2,1,false
981,dlk_tbl_00371,3,2,1,false
982,dlk_tbl_03255,3,2,1,false
983,dash_tbl_00573,3,2,1,false
984,gob_tbl_02714,3,2,1,false
985,dlk_tbl_02047,3,2,1,false
986,dlk_tbl_00968,3,2,1,false
987,gob_tbl_02246,3,2,1,false
988,proc_tbl_02211,3,2,1,false
989,gob_tbl_00303,3,2,1,false
990,proc_tbl_02585,3,2,1,false
991,proc_tbl_01661,3,2,1,false
992,gob_tbl_03223,3,2,1,false
993,dlk_tbl_01596,3,2,1,false
994,proc_tbl_02162,3,2,1,false
995,m4sco_tbl_02414,3,2,1,false
996,dlk_tbl_00044,3,2,1,false
997,dlk_tbl_00806,3,2,1,false
998,dash_tbl_00443,3,2,1,false
999,proc_tbl_02825,3,2,1,false
1000,dash_tbl_03099,3,2,1,false
1001,dlk_tbl_01672,3,2,1,false
1002,gob_tbl_02255,3,2,1,false
1003,gob_tbl_01036,3,2,1,false
1004,gob_tbl_03153,3,2,1,false
1005,dlk_tbl_01623,3,2,1,false
1006,gob_tbl_01134,3,2,1,false
1007,dlk_tbl_02306,3,2,1,false
1008,gob_tbl_01834,3,2,1,false
1009,dlk_tbl_01193,3,2,1,false
1010,dlk_tbl_01421,3,2,1,false
1011,dlk_tbl_02861,3,2,1,false
1012,dlk_tbl_01972,3,2,1,false
1013,dlk_tbl_01181,3,2,1,false
1014,dlk_tbl_03059,3,2,1,false
1015,proc_tbl_01787,3,2,1,false
1016,proc_tbl_00400,3,2,1,false
1017,proc_tbl_02046,3,2,1,false
1018,ppn_tbl_00847,3,2,1,false
1019,gob_tbl_01757,3,2,1,false
1020,proc_tbl_01454,3,2,1,false
1021,dlk_tbl_01756,3,2,1,false
1022,dash_ext_00115,3,3,0,false
1023,gob_tbl_01198,3,2,1,false
1024,gob_tbl_00187,3,2,1,false
1025,proc_tbl_01222,3,2,1,false
1026,dlk_tbl_01352,3,2,1,false
1027,dlk_tbl_01910,3,2,1,false
1028,gob_tbl_01931,3,2,1,false
1029,proc_tbl_02633,3,2,1,false
1030,dlk_tbl_01396,3,2,1,false
1031,dash_tbl_01016,3,2,1,false
1032,std_tbl_01956,3,2,1,false
1033,m4sco_tbl_02727,3,2,1,false
1034,proc_tbl_00093,3,2,1,false
1035,gob_ext_00383,3,3,0,false
1036,dlk_tbl_02823,3,2,1,false
1037,proc_ext_00179,3,3,0,false
1038,proc_tbl_00659,3,2,1,false
1039,gob_tbl_01392,3,2,1,false
1040,dlk_tbl_02428,3,2,1,false
1041,dlk_tbl_01946,3,2,1,false
1042,std_tbl_01007,3,2,1,false
1043,gob_tbl_00680,3,2,1,false
1044,dlk_tbl_00803,3,2,1,false
1045,gob_tbl_00668,3,2,1,false
1046,dlk_tbl_02759,3,2,1,false
1047,m4vw_tbl_02903,3,2,1,false
1048,gob_tbl_03072,3,2,1,false
1049,gob_tbl_02164,3,2,1,false
1050,dlk_tbl_01299,3,2,1,false
1051,dlk_ext_00054,3,3,0,false
1052,dlk_tbl_02450,3,2,1,false
1053,gob_tbl_01994,3,2,1,false
1054,proc_tbl_00217,3,2,1,false
1055,proc_tbl_01939,3,2,1,false
1056,ppn_tbl_03001,3,2,1,false
1057,dlk_tbl_02762,3,2,1,false
1058,gob_tbl_00532,3,2,1,false
1059,proc_tbl_03113,3,2,1,false
1060,gob_ext_00243,3,3,0,false
1061,gob_tbl_02964,3,2,1,false
1062,dlk_tbl_02204,3,2,1,false
1063,proc_tbl_02517,3,2,1,false
1064,gob_tbl_03054,3,2,1,false
1065,gob_tbl_01313,3,2,1,false
1066,std_ext_00022,3,3,0,false
1067,dlk_ext_00190,3,3,0,false
1068,dash_tbl_00004,3,2,1,false
1069,dlk_tbl_02343,3,2,1,false
1070,dash_tbl_00478,3,2,1,false
1071,proc_ext_00476,3,3,0,false
1072,dash_tbl_02837,3,2,1,false
1073,dlk_tbl_03202,3,2,1,false
1074,dash_tbl_03017,3,2,1,false
1075,gob_tbl_01121,3,2,1,false
1076,gob_tbl_02558,3,2,1,false
1077,gob_tbl_01853,3,2,1,false
1078,dlk_tbl_01314,3,2,1,false
1079,dlk_tbl_03224,3,2,1,false
1080,proc_tbl_01611,3,2,1,false
1081,m4vw_tbl_00930,3,2,1,false
1082,dlk_tbl_03019,3,2,1,false
1083,gob_tbl_01351,3,2,1,false
1084,std_tbl_00490,3,2,1,false
1085,dlk_ext_00441,3,3,0,false
1086,std_tbl_02088,3,2,1,false
1087,dlk_tbl_00572,3,2,1,false
1088,gob_tbl_00238,3,2,1,false
1089,gob_tbl_00134,3,2,1,false
1090,gob_tbl_00141,3,2,1,false
1091,dlk_tbl_03209,3,2,1,false
1092,gob_tbl_01311,3,2,1,false
1093,gob_tbl_00717,3,2,1,false
1094,dlk_tbl_02634,3,2,1,false
1095,gob_tbl_00525,3,2,1,false
1096,dlk_tbl_02257,3,2,1,false
1097,dlk_tbl_00919,3,2,1,false
1098,gob_tbl_02060,3,2,1,false
1099,proc_tbl_02776,3,2,1,false
1100,dlk_tbl_01681,3,2,1,false
1101,dash_tbl_00675,3,2,1,false
1102,gob_tbl_02287,3,2,1,false
1103,dlk_tbl_00233,3,2,1,false
1104,dlk_tbl_01350,3,2,1,false
1105,proc_tbl_01057,3,2,1,false
1106,proc_tbl_00209,3,2,1,false
1107,dlk_tbl_02011,3,2,1,false
1108,gob_tbl_01908,3,2,1,false
1109,dlk_tbl_00966,3,2,1,false
1110,dlk_tbl_01405,3,2,1,false
1111,dash_tbl_00569,3,2,1,false
1112,gob_tbl_00497,3,2,1,false
1113,std_tbl_02041,3,2,1,false
1114,gob_tbl_01280,3,2,1,false
1115,dlk_tbl_00206,3,2,1,false
1116,dlk_tbl_03269,3,2,1,false
1117,gob_tbl_02858,3,2,1,false
1118,gob_ext_00090,3,3,0,false
1119,proc_tbl_01793,3,2,1,false
1120,gob_tbl_02059,3,2,1,false
1121,gob_tbl_01152,3,2,1,false
1122,gob_tbl_02012,3,2,1,false
1123,gob_tbl_02929,3,2,1,false
1124,m4vw_tbl_01375,3,2,1,false
1125,proc_tbl_00642,3,2,1,false
1126,proc_tbl_01992,3,2,1,false
1127,dlk_tbl_01074,3,2,1,false
1128,gob_ext_00408,3,3,0,false
1129,dlk_tbl_01142,3,2,1,false
1130,dlk_tbl_02126,3,2,1,false
1131,gob_tbl_00791,3,2,1,false
1132,gob_tbl_01039,3,2,1,false
1133,proc_tbl_00423,3,2,1,false
1134,dlk_tbl_01423,3,2,1,false
1135,proc_tbl_02437,3,2,1,false
1136,dlk_ext_00242,3,3,0,false
1137,m4vw_tbl_02773,3,2,1,false
1138,dlk_tbl_02198,3,2,1,false
1139,gob_tbl_01101,3,2,1,false
1140,dlk_tbl_02955,3,2,1,false
1141,proc_tbl_00181,3,2,1,false
1142,dlk_tbl_01206,3,2,1,false
1143,gob_tbl_02538,3,2,1,false
1144,dlk_tbl_02597,3,2,1,false
1145,std_tbl_01782,3,2,1,false
1146,gob_tbl_00305,3,2,1,false
1147,gob_tbl_01773,3,2,1,false
1148,gob_tbl_02427,3,2,1,false
1149,proc_tbl_03262,3,2,1,false
1150,gob_tbl_00030,3,2,1,false
1151,gob_tbl_01092,3,2,1,false
1152,proc_tbl_01293,3,2,1,false
1153,dash_tbl_01584,3,2,1,false
1154,std_tbl_01760,3,2,1,false
1155,dlk_tbl_00712,3,2,1,false
1156,gob_tbl_03186,3,2,1,false
1157,m4sco_tbl_00239,3,2,1,false
1158,dlk_tbl_00410,3,2,1,false
1159,gob_tbl_00610,3,2,1,false
1160,proc_tbl_02278,3,2,1,false
1161,std_tbl_00612,3,2,1,false
1162,gob_tbl_00652,3,2,1,false
1163,gob_tbl_00055,3,2,1,false
1164,dlk_tbl_02241,3,2,1,false
1165,gob_tbl_01882,3,2,1,false
1166,proc_tbl_00997,3,2,1,false
1167,dlk_ext_00018,3,3,0,false
1168,gob_tbl_00002,3,2,1,false
1169,gob_ext_00484,3,3,0,false
1170,dlk_tbl_00304,3,2,1,false
1171,gob_tbl_01663,3,2,1,false
1172,dlk_tbl_00348,3,2,1,false
1173,gob_tbl_01478,3,2,1,false
1174,gob_tbl_00105,3,2,1,false
1175,gob_tbl_00288,3,2,1,false
1176,dlk_tbl_00590,3,2,1,false
1177,proc_tbl_01811,3,2,1,false
1178,dlk_tbl_00333,3,2,1,false
1179,gob_tbl_00665,3,2,1,false
1180,gob_ext_00460,3,3,0,false
1181,dlk_tbl_01120,3,2,1,false
1182,gob_tbl_00580,3,2,1,false
1183,gob_tbl_03118,3,2,1,false
1184,dlk_tbl_00932,3,2,1,false
1185,dlk_tbl_00140,3,2,1,false
1186,dlk_tbl_01737,3,2,1,false
1187,dlk_tbl_02139,3,2,1,false
1188,gob_tbl_02115,3,2,1,false
1189,proc_tbl_01709,3,2,1,false
1190,dlk_tbl_00100,3,2,1,false
1191,gob_tbl_00896,3,2,1,false
1192,m4vw_tbl_02885,3,2,1,false
1193,gob_tbl_01439,3,2,1,false
1194,dash_ext_00317,3,3,0,false
1195,dlk_tbl_02017,3,2,1,false
1196,proc_tbl_03094,3,2,1,false
1197,dash_tbl_02932,3,2,1,false
1198,proc_tbl_02429,3,2,1,false
1199,std_tbl_01960,3,2,1,false
1200,dlk_tbl_00696,3,2,1,false
1201,gob_tbl_02698,3,2,1,false
1202,gob_tbl_02001,3,2,1,false
1203,dlk_tbl_01879,3,2,1,false
1204,gob_tbl_02662,3,2,1,false
1205,gob_tbl_02007,3,2,1,false
1206,proc_tbl_00131,3,2,1,false
1207,gob_tbl_00584,3,2,1,false
1208,proc_tbl_03273,3,2,1,false
1209,dlk_tbl_00352,3,2,1,false
1210,gob_ext_00169,3,3,0,false
1211,dlk_tbl_01667,3,2,1,false
1212,dlk_ext_00004,3,3,0,false
1213,proc_tbl_00768,3,2,1,false
1214,gob_tbl_00841,3,2,1,false
1215,dlk_tbl_02129,3,2,1,false
1216,gob_tbl_00501,3,2,1,false
1217,dash_tbl_00830,3,2,1,false
1218,dlk_tbl_03207,3,2,1,false
1219,dlk_tbl_01764,3,2,1,false
1220,dash_tbl_01955,3,2,1,false
1221,gob_ext_00325,3,3,0,false
1222,gob_tbl_00096,3,2,1,false
1223,dlk_tbl_00028,3,2,1,false
1224,m4sco_tbl_01692,3,2,1,false
1225,dlk_tbl_01184,3,2,1,false
1226,dlk_tbl_01593,3,2,1,false
1227,gob_tbl_01987,3,2,1,false
1228,dlk_tbl_03047,3,2,1,false
1229,dlk_tbl_00261,3,2,1,false
1230,gob_tbl_02514,3,2,1,false
1231,dlk_tbl_00392,3,2,1,false
1232,dlk_tbl_02841,3,2,1,false
1233,dlk_tbl_02351,3,2,1,false
1234,dlk_tbl_00479,3,2,1,false
1235,gob_tbl_02984,3,2,1,false
1236,dlk_ext_00319,3,3,0,false
1237,gob_tbl_01250,3,2,1,false
1238,gob_tbl_00464,3,2,1,false
1239,gob_tbl_02482,3,2,1,false
1240,dlk_tbl_02641,3,2,1,false
1241,dlk_tbl_00940,3,1,2,true
1242,gob_tbl_00176,3,2,1,false
1243,std_tbl_02986,3,2,1,false
1244,gob_tbl_01628,3,2,1,false
1245,proc_tbl_03093,3,2,1,false
1246,dlk_tbl_01855,3,2,1,false
1247,dash_tbl_01107,3,2,1,false
1248,dlk_tbl_00594,3,2,1,false
1249,dlk_tbl_00542,3,2,1,false
1250,gob_tbl_00350,3,2,1,false
1251,dlk_tbl_01125,3,1,2,true
1252,proc_tbl_02871,3,2,1,false
1253,gob_tbl_01610,3,2,1,false
1254,gob_tbl_02102,3,2,1,false
1255,gob_ext_00232,3,3,0,false
1256,std_tbl_01927,3,2,1,false
1257,gob_ext_00010,3,3,0,false
1258,gob_tbl_01235,3,2,1,false
1259,gob_tbl_00102,3,2,1,false
1260,dlk_tbl_01479,3,2,1,false
1261,dlk_tbl_00818,3,2,1,false
1262,std_tbl_01829,3,2,1,false
1263,gob_tbl_01363,3,2,1,false
1264,gob_tbl_01442,3,2,1,false
1265,gob_tbl_03129,3,2,1,false
1266,dlk_tbl_02083,3,2,1,false
1267,dlk_tbl_01384,3,2,1,false
1268,dash_tbl_00758,3,2,1,false
1269,gob_tbl_01244,3,2,1,false
1270,dlk_tbl_02433,3,2,1,false
1271,proc_ext_00365,3,3,0,false
1272,proc_tbl_03126,3,2,1,false
1273,dlk_tbl_01527,3,2,1,false
1274,proc_tbl_03023,3,2,1,false
1275,proc_ext_00031,3,3,0,false
1276,dash_tbl_03183,3,2,1,false
1277,dash_ext_00348,3,3,0,false
1278,proc_tbl_02880,3,2,1,false
1279,gob_tbl_00913,3,2,1,false
1280,std_tbl_01136,3,2,1,false
1281,gob_tbl_02151,3,2,1,false
1282,gob_tbl_01227,3,2,1,false
1283,gob_tbl_01482,3,2,1,false
1284,proc_tbl_02635,3,2,1,false
1285,gob_tbl_01041,3,2,1,false
1286,proc_tbl_03159,3,2,1,false
1287,gob_tbl_01714,3,2,1,false
1288,dlk_tbl_03182,3,2,1,false
1289,gob_tbl_02424,3,2,1,false
1290,m4vw_tbl_01067,3,2,1,false
1291,dlk_tbl_02684,3,2,1,false
1292,gob_tbl_02948,3,2,1,false
1293,gob_tbl_02728,3,2,1,false
1294,gob_tbl_01671,3,2,1,false
1295,gob_tbl_02899,3,2,1,false
1296,dash_tbl_01981,3,2,1,false
1297,gob_tbl_03282,3,2,1,false
1298,gob_ext_00373,3,3,0,false
1299,gob_tbl_01813,3,2,1,false
1300,proc_tbl_00427,3,2,1,false
1301,gob_tbl_01229,3,2,1,false
1302,std_tbl_02282,3,2,1,false
1303,gob_tbl_01859,3,2,1,false
1304,gob_tbl_00119,3,2,1,false
1305,gob_tbl_01651,3,1,2,true
1306,gob_tbl_00469,3,2,1,false
1307,dlk_tbl_00996,3,2,1,false
1308,proc_tbl_00747,3,2,1,false
1309,dlk_tbl_02390,3,2,1,false
1310,proc_tbl_02171,3,2,1,false
1311,gob_tbl_01820,3,2,1,false
1312,gob_tbl_03021,3,2,1,false
1313,gob_tbl_00162,3,2,1,false
1314,dlk_tbl_02913,3,2,1,false
1315,proc_tbl_00577,3,2,1,false
1316,proc_tbl_00292,3,2,1,false
1317,dlk_tbl_00991,3,2,1,false
1318,proc_tbl_02448,3,2,1,false
1319,dlk_tbl_00593,3,2,1,false
1320,proc_tbl_00225,3,2,1,false
1321,gob_tbl_01453,3,2,1,false
1322,dlk_tbl_03120,3,2,1,false
1323,dlk_tbl_00000,3,2,1,false
1324,proc_tbl_00243,3,2,1,false
1325,gob_tbl_00865,3,2,1,false
1326,dash_tbl_00069,3,2,1,false
1327,gob_tbl_01962,3,2,1,false
1328,dlk_tbl_01262,3,2,1,false
1329,dlk_tbl_00146,3,2,1,false
1330,dlk_ext_00041,3,3,0,false
1331,dash_tbl_03031,3,2,1,false
1332,gob_tbl_03171,3,2,1,false
1333,dlk_tbl_00623,3,2,1,false
1334,dlk_tbl_02905,3,2,1,false
1335,m4vw_tbl_02110,3,2,1,false
1336,dlk_tbl_01455,3,2,1,false
1337,proc_tbl_02423,3,2,1,false
1338,proc_tbl_02362,3,2,1,false
1339,dlk_tbl_01123,3,1,2,true
1340,gob_tbl_00205,3,2,1,false
1341,gob_tbl_00871,3,2,1,false
1342,proc_tbl_02804,3,1,2,true
1343,m4sco_tbl_00723,3,2,1,false
1344,proc_tbl_01248,3,2,1,false
1345,dash_tbl_01906,3,2,1,false
1346,gob_tbl_00831,3,2,1,false
1347,dlk_tbl_03248,3,2,1,false
1348,dlk_ext_00282,3,3,0,false
1349,proc_tbl_01083,3,2,1,false
1350,dlk_tbl_00880,3,2,1,false
1351,gob_tbl_00018,3,2,1,false
1352,gob_ext_00268,3,3,0,false
1353,gob_tbl_02346,3,2,1,false
1354,gob_tbl_01434,3,2,1,false
1355,dlk_tbl_00559,3,2,1,false
1356,gob_tbl_00540,3,2,1,false
1357,gob_tbl_02687,3,2,1,false
1358,m4vw_tbl_01680,3,2,1,false
1359,dlk_tbl_02044,3,2,1,false
1360,dlk_tbl_01032,3,2,1,false
1361,std_tbl_00846,3,2,1,false
1362,proc_tbl_01048,3,2,1,false
1363,gob_tbl_00426,3,2,1,false
1364,gob_tbl_02809,3,2,1,false
1365,dlk_ext_00244,3,3,0,false
1366,dlk_tbl_01043,3,2,1,false
1367,gob_tbl_02308,3,2,1,false
1368,dlk_tbl_02130,3,1,2,true
1369,proc_ext_00415,3,3,0,false
1370,gob_tbl_01524,3,2,1,false
1371,gob_tbl_01985,3,2,1,false
1372,dlk_tbl_02506,3,2,1,false
1373,std_tbl_01225,3,1,2,true
1374,m4vw_tbl_00603,3,2,1,false
1375,gob_tbl_00552,3,2,1,false
1376,gob_tbl_02019,3,2,1,false
1377,dlk_tbl_03074,3,2,1,false
1378,dlk_tbl_02754,3,2,1,false
1379,proc_tbl_03231,3,2,1,false
1380,dlk_ext_00080,3,3,0,false
1381,m4vw_tbl_01194,3,2,1,false
1382,gob_tbl_01825,3,2,1,false
1383,dlk_tbl_00602,3,2,1,false
1384,gob_tbl_01327,3,2,1,false
1385,dlk_tbl_01285,3,2,1,false
1386,gob_tbl_00079,3,2,1,false
1387,dlk_ext_00180,3,3,0,false
1388,dlk_tbl_01997,3,2,1,false
1389,dlk_tbl_02141,3,2,1,false
1390,dlk_tbl_02937,3,2,1,false
1391,proc_tbl_00495,3,2,1,false
1392,gob_ext_00337,3,3,0,false
1393,proc_ext_00152,3,3,0,false
1394,dlk_ext_00226,3,3,0,false
1395,dash_tbl_01769,3,2,1,false
1396,dlk_tbl_03238,3,2,1,false
1397,gob_tbl_02338,3,2,1,false
1398,m4vw_tbl_02568,3,2,1,false
1399,m4vw_ext_00039,3,3,0,false
1400,dlk_tbl_02288,3,2,1,false
1401,m4vw_tbl_02737,3,2,1,false
1402,proc_tbl_02875,3,2,1,false
1403,gob_tbl_01005,3,2,1,false
1404,gob_tbl_01763,3,2,1,false
1405,gob_tbl_02671,3,2,1,false
1406,gob_tbl_00520,3,2,1,false
1407,gob_tbl_02037,3,2,1,false
1408,proc_tbl_01185,3,2,1,false
1409,ppn_tbl_01169,3,2,1,false
1410,proc_tbl_02572,3,2,1,false
1411,dlk_tbl_02779,3,2,1,false
1412,dash_tbl_00183,3,2,1,false
1413,gob_tbl_01729,3,2,1,false
1414,proc_tbl_00321,3,2,1,false
1415,dlk_tbl_02411,3,2,1,false
1416,dlk_tbl_02821,3,2,1,false
1417,gob_tbl_01743,3,2,1,false
1418,gob_tbl_01356,3,2,1,false
1419,proc_tbl_01979,3,2,1,false
1420,dlk_tbl_02051,3,2,1,false
1421,dlk_tbl_00622,3,2,1,false
1422,dlk_ext_00500,3,3,0,false
1423,ppn_tbl_00226,3,2,1,false
1424,proc_tbl_00647,3,2,1,false
1425,gob_tbl_02613,3,2,1,false
1426,dlk_tbl_00903,3,2,1,false
1427,gob_tbl_02667,3,2,1,false
1428,std_ext_00223,3,3,0,false
1429,dlk_tbl_02404,3,2,1,false
1430,gob_tbl_01766,3,1,2,true
1431,dlk_tbl_00474,3,2,1,false
1432,dash_ext_00297,3,3,0,false
1433,dlk_tbl_01258,3,2,1,false
1434,dlk_tbl_02763,3,2,1,false
1435,gob_tbl_02543,3,2,1,false
1436,dlk_tbl_03286,3,2,1,false
1437,dlk_tbl_01515,3,2,1,false
1438,gob_tbl_01435,3,2,1,false
1439,gob_tbl_02590,3,2,1,false
1440,gob_ext_00471,3,3,0,false
1441,dlk_tbl_00108,3,2,1,false
1442,dlk_tbl_02140,3,2,1,false
1443,proc_tbl_02170,3,2,1,false
1444,gob_tbl_01752,3,2,1,false
1445,m4sco_tbl_02370,3,2,1,false
1446,dash_tbl_02542,3,2,1,false
1447,gob_tbl_02210,3,2,1,false
1448,proc_tbl_02593,3,2,1,false
1449,dlk_tbl_03256,3,2,1,false
1450,ppn_tbl_00267,3,2,1,false
1451,dlk_tbl_00945,3,2,1,false
1452,dlk_tbl_00720,3,2,1,false
1453,dlk_tbl_00718,3,2,1,false
1454,dlk_tbl_01894,3,2,1,false
1455,proc_tbl_03257,3,2,1,false
1456,dlk_tbl_01189,3,2,1,false
1457,gob_tbl_01026,3,2,1,false
1458,dlk_tbl_02157,3,2,1,false
1459,dash_tbl_00194,3,2,1,false
1460,gob_tbl_01163,3,2,1,false
1461,dlk_tbl_00468,3,2,1,false
1462,dlk_tbl_00530,3,2,1,false
1463,dlk_tbl_00638,3,2,1,false
1464,gob_ext_00472,3,3,0,false
1465,dlk_tbl_02623,3,2,1,false
1466,dlk_tbl_02796,3,2,1,false
1467,std_tbl_02916,3,2,1,false
1468,proc_tbl_02374,3,2,1,false
1469,gob_tbl_01660,3,2,1,false
1470,dlk_tbl_00177,3,2,1,false
1471,gob_tbl_00006,3,2,1,false
1472,m4sco_tbl_00849,3,2,1,false
1473,gob_tbl_02304,3,2,1,false
1474,proc_tbl_02234,3,2,1,false
1475,dash_tbl_00214,3,2,1,false
1476,proc_tbl_00254,3,2,1,false
1477,dlk_tbl_02103,3,2,1,false
1478,dlk_tbl_00317,3,2,1,false
1479,gob_tbl_03232,3,2,1,false
1480,dlk_tbl_01119,3,2,1,false
1481,dlk_tbl_03176,3,2,1,false
1482,dlk_tbl_00941,3,2,1,false
1483,m4vw_tbl_00500,3,2,1,false
1484,dlk_tbl_01758,3,2,1,false
1485,gob_tbl_00582,3,2,1,false
1486,gob_tbl_00200,3,2,1,false
1487,dlk_tbl_02375,3,2,1,false
1488,proc_tbl_02892,3,2,1,false
1489,dlk_ext_00346,3,3,0,false
1490,gob_tbl_01186,3,2,1,false
1491,proc_tbl_01213,3,2,1,false
1492,gob_tbl_01578,3,2,1,false
1493,dlk_ext_00442,3,3,0,false
1494,gob_tbl_02156,3,2,1,false
1495,gob_ext_00110,3,3,0,false
1496,gob_tbl_00971,3,2,1,false
1497,proc_tbl_00960,3,2,1,false
1498,dlk_tbl_02499,3,2,1,false
1499,proc_tbl_03140,3,2,1,false
1500,proc_tbl_00820,3,2,1,false
1501,dlk_tbl_01509,3,2,1,false
1502,proc_ext_00056,3,3,0,false
1503,gob_tbl_00139,3,2,1,false
1504,gob_tbl_03004,3,2,1,false
1505,std_ext_00128,3,3,0,false
1506,dlk_tbl_00683,3,2,1,false
1507,gob_tbl_02335,3,2,1,false
1508,gob_tbl_01818,3,2,1,false
1509,gob_tbl_02535,3,2,1,false
1510,dlk_tbl_02723,3,2,1,false
1511,dash_tbl_01394,2,1,1,false
1512,gob_tbl_00062,2,1,1,false
1513,gob_tbl_03045,2,1,1,false
1514,dlk_tbl_02953,2,1,1,false
1515,proc_tbl_03029,2,1,1,false
1516,gob_tbl_01830,2,1,1,false
1517,proc_tbl_02810,2,1,1,false
1518,dlk_tbl_01218,2,1,1,false
1519,dlk_tbl_02176,2,1,1,false
1520,dlk_tbl_00449,2,1,1,false
1521,dlk_tbl_02674,2,1,1,false
1522,dash_tbl_01936,2,1,1,false
1523,gob_tbl_02097,2,1,1,false
1524,dlk_tbl_00975,2,1,1,false
1525,gob_tbl_00190,2,1,1,false
1526,dash_tbl_03188,2,1,1,false
1527,gob_tbl_01563,2,1,1,false
1528,gob_tbl_02673,2,1,1,false
1529,gob_tbl_00370,2,1,1,false
1530,dlk_tbl_00236,2,1,1,false
1531,dlk_tbl_01255,2,1,1,false
1532,gob_tbl_00927,2,1,1,false
1533,gob_tbl_01147,2,1,1,false
1534,gob_tbl_00875,2,1,1,false
1535,gob_tbl_02996,2,1,1,false
1536,gob_tbl_00283,2,1,1,false
1537,proc_tbl_01110,2,1,1,false
1538,gob_tbl_00039,2,1,1,false
1539,gob_tbl_02612,2,1,1,false
1540,gob_tbl_01034,2,1,1,false
1541,dash_tbl_03007,2,1,1,false
1542,gob_tbl_01928,2,1,1,false
1543,gob_tbl_02329,2,1,1,false
1544,gob_ext_00269,2,2,0,false
1545,dlk_tbl_02341,2,1,1,false
1546,dlk_tbl_01938,2,1,1,false
1547,proc_tbl_02086,2,1,1,false
1548,gob_tbl_00963,2,1,1,false
1549,proc_tbl_00424,2,1,1,false
1550,gob_tbl_02961,2,1,1,false
1551,dlk_tbl_00671,2,1,1,false
1552,gob_tbl_02354,2,1,1,false
1553,gob_tbl_00918,2,1,1,false
1554,proc_tbl_02975,2,1,1,false
1555,gob_tbl_00445,2,1,1,false
1556,gob_tbl_00281,2,1,1,false
1557,gob_tbl_02220,2,1,1,false
1558,gob_tbl_02401,2,1,1,false
1559,proc_tbl_02403,2,1,1,false
1560,gob_tbl_01265,2,1,1,false
1561,gob_tbl_00827,2,1,1,false
1562,dlk_tbl_02678,2,1,1,false
1563,dash_tbl_02978,2,1,1,false
1564,std_tbl_01638,2,1,1,false
1565,dlk_tbl_02802,2,1,1,false
1566,gob_tbl_01401,2,1,1,false
1567,gob_tbl_01192,2,1,1,false
1568,dlk_tbl_02366,2,1,1,false
1569,gob_ext_00491,2,2,0,false
1570,dlk_tbl_00660,2,1,1,false
1571,dlk_tbl_02803,2,1,1,false
1572,proc_tbl_00117,2,1,1,false
1573,dlk_tbl_00679,2,1,1,false
1574,m4sco_tbl_00510,2,1,1,false
1575,dlk_tbl_01722,2,1,1,false
1576,dlk_tbl_01632,2,1,1,false
1577,dlk_tbl_02555,2,1,1,false
1578,proc_tbl_01810,2,1,1,false
1579,proc_tbl_01943,2,1,1,false
1580,dlk_tbl_00318,2,1,1,false
1581,gob_tbl_02388,2,1,1,false
1582,dash_tbl_03229,2,1,1,false
1583,gob_tbl_02924,2,1,1,false
1584,gob_tbl_01883,2,1,1,false
1585,dlk_tbl_01410,2,1,1,false
1586,proc_tbl_01124,2,1,1,false
1587,dlk_tbl_02184,2,1,1,false
1588,gob_tbl_00575,2,1,1,false
1589,dlk_tbl_00608,2,1,1,false
1590,dash_tbl_02119,2,1,1,false
1591,dash_tbl_02617,2,1,1,false
1592,gob_tbl_00031,2,1,1,false
1593,dlk_tbl_02722,2,1,1,false
1594,proc_tbl_01072,2,1,1,false
1595,dlk_tbl_02238,2,1,1,false
1596,gob_tbl_02167,2,1,1,false
1597,dlk_tbl_02571,2,1,1,false
1598,gob_tbl_01749,2,1,1,false
1599,gob_tbl_01870,2,1,1,false
1600,dlk_tbl_00404,2,1,1,false
1601,dlk_tbl_02416,2,1,1,false
1602,gob_tbl_00441,2,1,1,false
1603,gob_tbl_02189,2,1,1,false
1604,dlk_tbl_00709,2,1,1,false
1605,dlk_tbl_01066,2,1,1,false
1606,std_tbl_01835,2,1,1,false
1607,gob_tbl_03144,2,1,1,false
1608,gob_tbl_01909,2,1,1,false
1609,dlk_tbl_01619,2,1,1,false
1610,dlk_tbl_01211,2,1,1,false
1611,proc_tbl_00406,2,1,1,false
1612,gob_tbl_00843,2,1,1,false
1613,proc_tbl_02656,2,1,1,false
1614,proc_tbl_02973,2,1,1,false
1615,gob_tbl_02389,2,1,1,false
1616,dlk_tbl_01476,2,1,1,false
1617,gob_tbl_02766,2,1,1,false
1618,dlk_tbl_01390,2,1,1,false
1619,dlk_tbl_03096,2,1,1,false
1620,dlk_tbl_02117,2,1,1,false
1621,dlk_tbl_02226,2,1,1,false
1622,gob_tbl_02281,2,1,1,false
1623,dlk_tbl_03121,2,1,1,false
1624,gob_tbl_02680,2,1,1,false
1625,ppn_tbl_00579,2,1,1,false
1626,dlk_tbl_02716,2,1,1,false
1627,ppn_tbl_01747,2,1,1,false
1628,m4vw_tbl_01772,2,1,1,false
1629,gob_tbl_03104,2,1,1,false
1630,dlk_tbl_02539,2,1,1,false
1631,gob_tbl_00344,2,1,1,false
1632,std_tbl_02320,2,1,1,false
1633,dlk_tbl_01240,2,1,1,false
1634,gob_tbl_01269,2,1,1,false
1635,gob_tbl_02679,2,0,2,true
1636,gob_tbl_01899,2,1,1,false
1637,dlk_tbl_00762,2,1,1,false
1638,dlk_tbl_00938,2,1,1,false
1639,dlk_tbl_00551,2,1,1,false
1640,dlk_tbl_01889,2,1,1,false
1641,dlk_tbl_01727,2,1,1,false
1642,gob_tbl_01171,2,1,1,false
1643,gob_tbl_01815,2,1,1,false
1644,proc_tbl_01459,2,1,1,false
1645,gob_tbl_02797,2,1,1,false
1646,gob_tbl_01312,2,1,1,false
1647,dlk_tbl_02420,2,1,1,false
1648,dlk_tbl_01754,2,1,1,false
1649,gob_tbl_03212,2,1,1,false
1650,dlk_tbl_02365,2,1,1,false
1651,dlk_tbl_01437,2,1,1,false
1652,proc_tbl_01259,2,1,1,false
1653,std_tbl_00211,2,1,1,false
1654,dlk_tbl_02336,2,1,1,false
1655,gob_tbl_01288,2,1,1,false
1656,gob_tbl_01444,2,1,1,false
1657,std_tbl_02385,2,1,1,false
1658,dlk_tbl_00915,2,1,1,false
1659,proc_ext_00151,2,2,0,false
1660,gob_tbl_00045,2,1,1,false
1661,dash_tbl_01201,2,1,1,false
1662,dlk_tbl_01723,2,1,1,false
1663,gob_ext_00390,2,2,0,false
1664,proc_tbl_02289,2,1,1,false
1665,dlk_tbl_01884,2,1,1,false
1666,gob_tbl_02685,2,1,1,false
1667,dlk_tbl_00415,2,1,1,false
1668,proc_tbl_00255,2,1,1,false
1669,m4vw_tbl_01570,2,1,1,false
1670,dlk_tbl_01335,2,1,1,false
1671,gob_tbl_02122,2,1,1,false
1672,proc_tbl_00855,2,1,1,false
1673,dash_tbl_00684,2,1,1,false
1674,gob_tbl_00212,2,1,1,false
1675,proc_tbl_02293,2,1,1,false
1676,dlk_tbl_01996,2,1,1,false
1677,dlk_tbl_02902,2,1,1,false
1678,dash_tbl_02628,2,1,1,false
1679,dlk_tbl_01017,2,1,1,false
1680,gob_tbl_02146,2,1,1,false
1681,dlk_ext_00473,2,2,0,false
1682,dlk_tbl_02347,2,1,1,false
1683,gob_tbl_00521,2,1,1,false
1684,dlk_tbl_01234,2,1,1,false
1685,dlk_tbl_00421,2,1,1,false
1686,dlk_tbl_00819,2,1,1,false
1687,dlk_tbl_03242,2,1,1,false
1688,proc_tbl_00979,2,1,1,false
1689,gob_tbl_02583,2,1,1,false
1690,gob_tbl_01164,2,1,1,false
1691,gob_tbl_00576,2,1,1,false
1692,gob_tbl_02734,2,1,1,false
1693,dlk_tbl_02525,2,1,1,false
1694,dlk_tbl_00533,2,1,1,false
1695,gob_tbl_02435,2,1,1,false
1696,gob_tbl_00244,2,0,2,true
1697,proc_tbl_00287,2,1,1,false
1698,m4vw_tbl_00013,2,1,1,false
1699,dlk_tbl_01445,2,1,1,false
1700,proc_tbl_00052,2,1,1,false
1701,proc_tbl_02854,2,1,1,false
1702,dlk_tbl_02478,2,1,1,false
1703,gob_tbl_01182,2,1,1,false
1704,proc_tbl_01272,2,1,1,false
1705,dlk_tbl_01176,2,1,1,false
1706,std_tbl_02367,2,1,1,false
1707,gob_tbl_03009,2,1,1,false
1708,dlk_tbl_03020,2,1,1,false
1709,gob_tbl_01806,2,0,2,true
1710,dlk_tbl_01245,2,1,1,false
1711,dlk_tbl_03287,2,1,1,false
1712,gob_tbl_02128,2,1,1,false
1713,gob_ext_00330,2,2,0,false
1714,proc_tbl_00740,2,1,1,false
1715,proc_tbl_01963,2,1,1,false
1716,gob_tbl_00923,2,1,1,false
1717,proc_tbl_02719,2,1,1,false
1718,gob_tbl_00380,2,1,1,false
1719,dlk_tbl_00113,2,1,1,false
1720,proc_tbl_01371,2,1,1,false
1721,dlk_tbl_02309,2,1,1,false
1722,gob_ext_00109,2,2,0,false
1723,gob_tbl_02188,2,1,1,false
1724,dlk_tbl_00312,2,1,1,false
1725,dlk_tbl_01575,2,1,1,false
1726,gob_tbl_02197,2,1,1,false
1727,dlk_tbl_01001,2,1,1,false
1728,gob_tbl_03081,2,1,1,false
1729,gob_tbl_00974,2,1,1,false
1730,dlk_tbl_02958,2,1,1,false
1731,proc_tbl_01117,2,1,1,false
1732,dlk_tbl_00750,2,1,1,false
1733,dlk_tbl_00973,2,1,1,false
1734,proc_tbl_03097,2,1,1,false
1735,gob_tbl_01982,2,1,1,false
1736,gob_tbl_02475,2,1,1,false
1737,proc_tbl_02928,2,1,1,false
1738,gob_tbl_02908,2,1,1,false
1739,dlk_tbl_03058,2,1,1,false
1740,gob_tbl_01833,2,1,1,false
1741,gob_tbl_01098,2,1,1,false
1742,dlk_tbl_02260,2,1,1,false
1743,proc_tbl_01961,2,1,1,false
1744,dlk_tbl_01868,2,1,1,false
1745,dlk_tbl_01364,2,1,1,false
1746,gob_tbl_01704,2,1,1,false
1747,proc_tbl_02053,2,1,1,false
1748,dlk_ext_00370,2,2,0,false
1749,proc_tbl_03046,2,1,1,false
1750,dlk_tbl_02207,2,1,1,false
1751,gob_tbl_02708,2,1,1,false
1752,gob_tbl_01458,2,1,1,false
1753,dlk_tbl_02882,2,1,1,false
1754,proc_tbl_00034,2,1,1,false
1755,proc_tbl_03199,2,1,1,false
1756,dlk_tbl_01145,2,1,1,false
1757,proc_tbl_02615,2,1,1,false
1758,ppn_tbl_02154,2,1,1,false
1759,gob_tbl_03049,2,1,1,false
1760,dlk_tbl_00196,2,1,1,false
1761,dlk_tbl_00596,2,1,1,false
1762,dlk_tbl_01355,2,1,1,false
1763,std_ext_00019,2,2,0,false
1764,gob_tbl_00516,2,1,1,false
1765,gob_tbl_00858,2,1,1,false
1766,gob_tbl_00657,2,1,1,false
1767,gob_tbl_00185,2,1,1,false
1768,dlk_tbl_03107,2,1,1,false
1769,m4vw_tbl_02348,2,1,1,false
1770,gob_tbl_00249,2,1,1,false
1771,proc_tbl_00437,2,1,1,false
1772,proc_tbl_00894,2,1,1,false
1773,gob_tbl_03122,2,1,1,false
1774,proc_tbl_02541,2,0,2,true
1775,dash_tbl_01553,2,1,1,false
1776,dash_tbl_00515,2,1,1,false
1777,dlk_tbl_01372,2,1,1,false
1778,m4vw_tbl_01662,2,1,1,false
1779,dash_tbl_00662,2,1,1,false
1780,gob_tbl_00072,2,1,1,false
1781,gob_tbl_02206,2,1,1,false
1782,proc_tbl_01505,2,1,1,false
1783,dlk_tbl_01735,2,1,1,false
1784,dlk_tbl_02604,2,1,1,false
1785,proc_tbl_00343,2,1,1,false
1786,dlk_tbl_01153,2,1,1,false
1787,gob_tbl_01040,2,1,1,false
1788,dlk_tbl_02697,2,1,1,false
1789,gob_tbl_00628,2,1,1,false
1790,dlk_tbl_00560,2,1,1,false
1791,dlk_tbl_02652,2,1,1,false
1792,dlk_tbl_02600,2,1,1,false
1793,dlk_tbl_03270,2,1,1,false
1794,gob_tbl_00230,2,1,1,false
1795,gob_tbl_01639,2,1,1,false
1796,proc_tbl_02284,2,1,1,false
1797,dlk_tbl_01845,2,1,1,false
1798,dlk_tbl_02264,2,1,1,false
1799,gob_tbl_01555,2,1,1,false
1800,dlk_tbl_03014,2,1,1,false
1801,dlk_tbl_02400,2,1,1,false
1802,dlk_tbl_03138,2,1,1,false
1803,m4vw_tbl_02419,2,1,1,false
1804,dlk_tbl_02225,2,1,1,false
1805,proc_tbl_00741,2,1,1,false
1806,proc_tbl_02295,2,1,1,false
1807,proc_tbl_03250,2,1,1,false
1808,dlk_tbl_00219,2,1,1,false
1809,dash_tbl_00264,2,1,1,false
1810,dlk_tbl_02125,2,1,1,false
1811,gob_tbl_01349,2,1,1,false
1812,gob_tbl_00306,2,1,1,false
1813,dlk_tbl_01588,2,1,1,false
1814,gob_tbl_01791,2,1,1,false
1815,dlk_tbl_03275,2,1,1,false
1816,gob_tbl_01640,2,1,1,false
1817,std_tbl_00234,2,1,1,false
1818,gob_tbl_01669,2,1,1,false
1819,dash_tbl_01287,2,1,1,false
1820,dlk_ext_00037,2,2,0,false
1821,gob_tbl_02670,2,1,1,false
1822,dlk_tbl_00561,2,1,1,false
1823,gob_tbl_00734,2,1,1,false
1824,gob_tbl_00943,2,1,1,false
1825,gob_tbl_01887,2,1,1,false
1826,proc_tbl_00887,2,1,1,false
1827,dlk_tbl_01214,2,1,1,false
1828,gob_tbl_03010,2,1,1,false
1829,dlk_tbl_02315,2,1,1,false
1830,dlk_tbl_00026,2,1,1,false
1831,dlk_tbl_00929,2,1,1,false
1832,m4vw_tbl_03210,2,1,1,false
1833,gob_tbl_00180,2,1,1,false
1834,dlk_tbl_02781,2,1,1,false
1835,dlk_tbl_00289,2,1,1,false
1836,m4vw_tbl_02800,2,1,1,false
1837,dlk_tbl_02827,2,1,1,false
1838,proc_tbl_00366,2,1,1,false
1839,dlk_tbl_02580,2,1,1,false
1840,gob_tbl_01109,2,1,1,false
1841,dlk_tbl_00904,2,1,1,false
1842,dlk_tbl_01139,2,1,1,false
1843,dlk_tbl_01452,2,1,1,false
1844,gob_tbl_00147,2,1,1,false
1845,dlk_tbl_00277,2,1,1,false
1846,dlk_tbl_01765,2,1,1,false
1847,dash_tbl_00252,2,1,1,false
1848,dash_tbl_00090,2,1,1,false
1849,m4vw_tbl_00600,2,1,1,false
1850,dash_tbl_00994,2,1,1,false
1851,proc_tbl_00604,2,1,1,false
1852,gob_tbl_00448,2,1,1,false
1853,dlk_tbl_00492,2,1,1,false
1854,dlk_tbl_00001,2,1,1,false
1855,gob_tbl_01641,2,1,1,false
1856,m4vw_tbl_03205,2,1,1,false
1857,gob_tbl_01309,2,1,1,false
1858,proc_tbl_00046,2,0,2,true
1859,gob_tbl_01008,2,1,1,false
1860,dlk_tbl_01995,2,1,1,false
1861,std_tbl_00809,2,1,1,false
1862,std_ext_00468,2,2,0,false
1863,dlk_tbl_02305,2,1,1,false
1864,gob_ext_00400,2,2,0,false
1865,gob_tbl_02757,2,1,1,false
1866,proc_tbl_00876,2,1,1,false
1867,dash_tbl_01000,2,1,1,false
1868,dlk_tbl_01188,2,1,1,false
1869,gob_tbl_02915,2,1,1,false
1870,m4vw_tbl_01060,2,1,1,false
1871,dlk_tbl_01330,2,1,1,false
1872,gob_ext_00137,2,2,0,false
1873,gob_tbl_00253,2,1,1,false
1874,dlk_tbl_02089,2,1,1,false
1875,gob_tbl_00257,2,1,1,false
1876,dash_tbl_00476,2,1,1,false
1877,gob_tbl_00808,2,1,1,false
1878,dlk_tbl_00787,2,1,1,false
1879,proc_tbl_01507,2,1,1,false
1880,dlk_tbl_01554,2,1,1,false
1881,proc_tbl_02332,2,1,1,false
1882,ppn_tbl_00158,2,1,1,false
1883,dlk_tbl_03258,2,1,1,false
1884,gob_tbl_03189,2,1,1,false
1885,gob_tbl_01033,2,1,1,false
1886,gob_tbl_02152,2,1,1,false
1887,m4vw_tbl_02581,2,1,1,false
1888,gob_tbl_00356,2,1,1,false
1889,dlk_tbl_00882,2,1,1,false
1890,std_tbl_02717,2,1,1,false
1891,dlk_tbl_01705,2,1,1,false
1892,gob_tbl_02199,2,1,1,false
1893,dlk_tbl_00262,2,1,1,false
1894,proc_ext_00356,2,2,0,false
1895,gob_tbl_01470,2,1,1,false
1896,dlk_tbl_02598,2,1,1,false
1897,dlk_tbl_02350,2,1,1,false
1898,ppn_tbl_00507,2,1,1,false
1899,gob_tbl_00151,2,1,1,false
1900,gob_tbl_02878,2,1,1,false
1901,gob_tbl_00980,2,1,1,false
1902,gob_tbl_00664,2,1,1,false
1903,dash_tbl_00122,2,1,1,false
1904,dlk_tbl_00832,2,1,1,false
1905,proc_tbl_02239,2,1,1,false
1906,proc_tbl_02004,2,1,1,false
1907,gob_tbl_01691,2,1,1,false
1908,gob_tbl_02599,2,1,1,false
1909,dlk_tbl_02509,2,1,1,false
1910,gob_tbl_00012,2,1,1,false
1911,proc_tbl_00881,2,1,1,false
1912,gob_tbl_00144,2,1,1,false
1913,dlk_tbl_02816,2,1,1,false
1914,dlk_tbl_00624,2,1,1,false
1915,dlk_tbl_01199,2,1,1,false
1916,dlk_tbl_00953,2,1,1,false
1917,gob_tbl_01775,2,1,1,false
1918,proc_tbl_02018,2,1,1,false
1919,gob_tbl_01826,2,1,1,false
1920,dlk_tbl_02159,2,1,1,false
1921,dlk_tbl_01998,2,1,1,false
1922,dlk_tbl_00629,2,1,1,false
1923,dlk_tbl_01860,2,1,1,false
1924,gob_tbl_01495,2,1,1,false
1925,dlk_tbl_02311,2,1,1,false
1926,proc_tbl_01990,2,1,1,false
1927,gob_tbl_00763,2,1,1,false
1928,dlk_tbl_03051,2,1,1,false
1929,dash_tbl_01531,2,1,1,false
1930,gob_tbl_03227,2,1,1,false
1931,gob_tbl_01744,2,1,1,false
1932,gob_tbl_02200,2,1,1,false
1933,proc_tbl_01447,2,1,1,false
1934,std_tbl_02049,2,1,1,false
1935,m4vw_tbl_00322,2,1,1,false
1936,proc_tbl_01969,2,1,1,false
1937,dash_tbl_00097,2,1,1,false
1938,dlk_tbl_00103,2,1,1,false
1939,gob_ext_00295,2,2,0,false
1940,dlk_tbl_01542,2,1,1,false
1941,proc_tbl_02557,2,1,1,false
1942,std_tbl_02196,2,1,1,false
1943,dlk_tbl_00956,2,1,1,false
1944,proc_tbl_02922,2,1,1,false
1945,gob_tbl_00376,2,1,1,false
1946,dlk_tbl_01854,2,1,1,false
1947,proc_tbl_01342,2,1,1,false
1948,gob_tbl_00024,2,1,1,false
1949,proc_tbl_01587,2,1,1,false
1950,proc_tbl_01493,2,1,1,false
1951,gob_tbl_01209,2,1,1,false
1952,dash_tbl_02344,2,1,1,false
1953,proc_tbl_00050,2,1,1,false
1954,dlk_tbl_02358,2,1,1,false
1955,gob_tbl_01143,2,1,1,false
1956,gob_tbl_03179,2,1,1,false
1957,gob_tbl_00027,2,1,1,false
1958,dlk_ext_00443,2,2,0,false
1959,std_tbl_00411,2,1,1,false
1960,dlk_tbl_03002,2,1,1,false
1961,dlk_tbl_00173,2,1,1,false
1962,dlk_tbl_00112,2,1,1,false
1963,proc_tbl_03060,2,1,1,false
1964,dlk_tbl_02092,2,1,1,false
1965,dlk_tbl_02650,2,1,1,false
1966,gob_tbl_01579,2,1,1,false
1967,dlk_tbl_00632,2,1,1,false
1968,dlk_tbl_02000,2,1,1,false
1969,m4sco_tbl_00784,2,1,1,false
1970,gob_tbl_03128,2,1,1,false
1971,dlk_tbl_01631,2,1,1,false
1972,gob_tbl_01386,2,1,1,false
1973,dlk_tbl_01081,2,1,1,false
1974,gob_tbl_02753,2,1,1,false
1975,proc_tbl_01989,2,1,1,false
1976,gob_ext_00083,2,2,0,false
1977,gob_tbl_01317,2,1,1,false
1978,gob_tbl_03026,2,1,1,false
1979,gob_tbl_00767,2,1,1,false
1980,dlk_tbl_00924,2,1,1,false
1981,dlk_tbl_00649,2,1,1,false
1982,dlk_tbl_00795,2,1,1,false
1983,proc_tbl_01944,2,1,1,false
1984,proc_tbl_01472,2,1,1,false
1985,std_tbl_02551,2,1,1,false
1986,std_tbl_01085,2,1,1,false
1987,dlk_tbl_00240,2,1,1,false
1988,gob_tbl_01975,2,1,1,false
1989,dlk_tbl_01627,2,1,1,false
1990,dlk_tbl_02494,2,1,1,false
1991,dlk_tbl_03245,2,1,1,false
1992,proc_tbl_00299,2,1,1,false
1993,gob_tbl_02153,2,1,1,false
1994,gob_tbl_01947,2,1,1,false
1995,dlk_tbl_00705,2,1,1,false
1996,dlk_tbl_00460,2,1,1,false
1997,gob_tbl_02465,2,1,1,false
1998,gob_tbl_03211,2,1,1,false
1999,proc_tbl_03103,2,1,1,false
2000,m4sco_tbl_00327,2,1,1,false
2001,dlk_tbl_01838,2,1,1,false
2002,gob_tbl_01379,2,1,1,false
2003,gob_tbl_00625,2,1,1,false
2004,std_tbl_00137,2,1,1,false
2005,dlk_tbl_01360,2,1,1,false
2006,proc_tbl_00340,2,1,1,false
2007,gob_tbl_02940,2,1,1,false
2008,dlk_tbl_02783,2,1,1,false
2009,gob_tbl_02997,2,1,1,false
2010,gob_tbl_03068,2,1,1,false
2011,proc_tbl_01441,2,1,1,false
2012,dlk_tbl_02127,2,1,1,false
2013,std_tbl_03263,2,1,1,false
2014,m4vw_tbl_01812,2,1,1,false
2015,proc_tbl_03065,2,1,1,false
2016,std_tbl_03117,2,1,1,false
2017,dlk_tbl_03030,2,1,1,false
2018,std_tbl_00567,2,1,1,false
2019,dlk_tbl_02463,2,1,1,false
2020,gob_tbl_01846,2,1,1,false
2021,gob_tbl_00547,2,1,1,false
2022,proc_tbl_02778,2,1,1,false
2023,dlk_tbl_00786,2,1,1,false
2024,dlk_tbl_01241,2,1,1,false
2025,proc_tbl_02601,2,1,1,false
2026,gob_tbl_03259,2,1,1,false
2027,dlk_tbl_01051,2,1,1,false
2028,dlk_tbl_02642,2,1,1,false
2029,m4vw_tbl_01456,2,1,1,false
2030,dlk_tbl_02873,2,1,1,false
2031,dlk_tbl_01685,2,1,1,false
2032,dlk_tbl_01699,2,1,1,false
2033,dlk_tbl_00952,2,1,1,false
2034,gob_tbl_01848,2,1,1,false
2035,dlk_tbl_00738,2,1,1,false
2036,dash_tbl_02183,2,1,1,false
2037,dash_tbl_01546,2,1,1,false
2038,gob_tbl_01015,2,1,1,false
2039,dlk_tbl_00335,2,1,1,false
2040,dlk_tbl_00722,2,1,1,false
2041,gob_tbl_02835,2,1,1,false
2042,dash_tbl_02863,2,1,1,false
2043,gob_tbl_00686,2,1,1,false
2044,dlk_tbl_01615,2,1,1,false
2045,dlk_tbl_01487,2,1,1,false
2046,proc_tbl_00549,2,1,1,false
2047,dlk_tbl_01457,2,1,1,false
2048,dash_tbl_02995,2,1,1,false
2049,proc_tbl_01893,2,1,1,false
2050,dlk_tbl_03165,2,1,1,false
2051,gob_tbl_02136,2,1,1,false
2052,ppn_tbl_03288,2,1,1,false
2053,dash_tbl_02492,2,1,1,false
2054,dlk_tbl_02143,2,1,1,false
2055,dlk_tbl_00192,2,1,1,false
2056,dlk_tbl_01557,2,1,1,false
2057,proc_tbl_01014,2,1,1,false
2058,dash_tbl_01532,2,1,1,false
2059,dlk_tbl_03131,2,1,1,false
2060,gob_tbl_02175,2,1,1,false
2061,proc_tbl_02531,2,1,1,false
2062,gob_tbl_02532,2,1,1,false
2063,dash_tbl_02883,2,1,1,false
2064,gob_tbl_00215,2,1,1,false
2065,gob_tbl_01965,2,1,1,false
2066,gob_tbl_03071,2,1,1,false
2067,dlk_tbl_01840,2,1,1,false
2068,gob_tbl_02806,2,1,1,false
2069,gob_tbl_00677,2,1,1,false
2070,dlk_tbl_01858,2,1,1,false
2071,gob_tbl_00853,2,1,1,false
2072,gob_tbl_02013,2,1,1,false
2073,gob_tbl_02711,2,1,1,false
2074,dlk_tbl_02751,2,1,1,false
2075,gob_tbl_02505,2,1,1,false
2076,proc_tbl_00466,2,1,1,false
2077,gob_tbl_01219,2,1,1,false
2078,proc_tbl_01559,2,1,1,false
2079,proc_tbl_01678,2,1,1,false
2080,proc_tbl_01346,2,0,2,true
2081,dlk_tbl_01323,2,1,1,false
2082,dlk_tbl_00454,2,1,1,false
2083,gob_tbl_00058,2,1,1,false
2084,gob_tbl_02440,2,1,1,false
2085,dlk_ext_00423,2,2,0,false
2086,proc_tbl_02045,2,1,1,false
2087,dlk_tbl_00459,2,1,1,false
2088,proc_tbl_00970,2,1,1,false
2089,gob_tbl_02460,2,1,1,false
2090,dlk_tbl_01402,2,1,1,false
2091,dash_tbl_02075,2,1,1,false
2092,m4vw_tbl_00164,2,1,1,false
2093,dlk_tbl_02676,2,1,1,false
2094,dlk_tbl_02534,2,1,1,false
2095,dlk_ext_00403,2,2,0,false
2096,dlk_tbl_00227,2,1,1,false
2097,m4vw_tbl_02578,2,1,1,false
2098,dlk_tbl_00613,2,1,1,false
2099,dlk_tbl_00035,2,1,1,false
2100,gob_tbl_02627,2,1,1,false
2101,gob_tbl_00083,2,1,1,false
2102,gob_tbl_03067,2,1,1,false
2103,proc_tbl_00298,2,1,1,false
2104,dlk_tbl_03284,2,1,1,false
2105,dlk_tbl_01878,2,1,1,false
2106,dash_tbl_01003,2,1,1,false
2107,dash_tbl_02842,2,1,1,false
2108,proc_tbl_02983,2,1,1,false
2109,gob_tbl_00178,2,1,1,false
2110,m4vw_tbl_01974,2,1,1,false
2111,gob_tbl_01077,2,1,1,false
2112,dash_tbl_03032,2,1,1,false
2113,gob_tbl_02224,2,1,1,false
2114,proc_ext_00364,2,2,0,false
2115,gob_tbl_00276,2,1,1,false
2116,dlk_tbl_01132,2,1,1,false
2117,dlk_tbl_02203,2,1,1,false
2118,proc_tbl_00517,2,1,1,false
2119,gob_tbl_02985,2,1,1,false
2120,proc_tbl_03150,2,1,1,false
2121,gob_tbl_02663,2,1,1,false
2122,dlk_tbl_01828,2,1,1,false
2123,proc_ext_00214,2,2,0,false
2124,dlk_tbl_01267,2,1,1,false
2125,dlk_tbl_01839,2,1,1,false
2126,dlk_tbl_01419,2,1,1,false
2127,dash_tbl_00793,2,1,1,false
2128,gob_tbl_02886,2,1,1,false
2129,gob_tbl_00422,2,1,1,false
2130,dlk_tbl_01135,2,1,1,false
2131,proc_tbl_02546,2,1,1,false
2132,dlk_tbl_00949,2,1,1,false
2133,dlk_tbl_02384,2,1,1,false
2134,gob_tbl_00391,2,1,1,false
2135,proc_tbl_00972,2,1,1,false
2136,proc_tbl_03119,2,1,1,false
2137,dlk_tbl_01905,2,1,1,false
2138,m4vw_tbl_00505,2,1,1,false
2139,m4vw_tbl_00736,2,1,1,false
2140,dlk_tbl_00070,2,1,1,false
2141,proc_tbl_00568,2,1,1,false
2142,gob_tbl_01292,2,1,1,false
2143,gob_tbl_02866,2,1,1,false
2144,dlk_tbl_02277,2,1,1,false
2145,gob_tbl_03116,2,1,1,false
2146,dlk_tbl_00480,2,1,1,false
2147,dlk_tbl_02824,2,1,1,false
2148,ppn_tbl_02112,2,1,1,false
2149,dlk_tbl_01361,2,1,1,false
2150,proc_tbl_01649,2,1,1,false
2151,dash_ext_00181,2,2,0,false
2152,proc_tbl_02253,2,1,1,false
2153,gob_tbl_02636,2,1,1,false
2154,gob_tbl_00375,2,1,1,false
2155,gob_tbl_02353,2,1,1,false
2156,dash_tbl_03035,2,1,1,false
2157,proc_tbl_00054,2,1,1,false
2158,dash_tbl_00221,2,1,1,false
2159,dlk_tbl_00984,2,0,2,true
2160,dlk_tbl_03089,2,1,1,false
2161,proc_ext_00479,2,2,0,false
2162,gob_tbl_00548,2,1,1,false
2163,gob_tbl_02104,2,1,1,false
2164,gob_tbl_01004,2,1,1,false
2165,gob_tbl_02700,2,1,1,false
2166,proc_tbl_03005,2,1,1,false
2167,gob_tbl_03185,2,1,1,false
2168,gob_tbl_02790,2,1,1,false
2169,dlk_tbl_01964,2,1,1,false
2170,dlk_tbl_00961,2,1,1,false
2171,gob_tbl_01625,2,1,1,false
2172,proc_tbl_02371,2,1,1,false
2173,proc_tbl_00528,2,1,1,false
2174,dlk_tbl_00627,2,1,1,false
2175,dash_tbl_01585,2,1,1,false
2176,dlk_tbl_03155,2,1,1,false
2177,gob_tbl_00367,2,1,1,false
2178,gob_tbl_02695,2,1,1,false
2179,dlk_tbl_00931,2,1,1,false
2180,gob_ext_00411,2,2,0,false
2181,proc_tbl_03291,2,1,1,false
2182,dlk_tbl_03161,2,1,1,false
2183,dlk_tbl_01525,2,1,1,false
2184,proc_tbl_01778,2,1,1,false
2185,dlk_tbl_02659,2,1,1,false
2186,dlk_tbl_01901,2,1,1,false
2187,proc_tbl_02657,2,1,1,false
2188,gob_tbl_02178,2,1,1,false
2189,dlk_tbl_00425,2,1,1,false
2190,proc_tbl_01418,2,1,1,false
2191,dlk_tbl_02536,2,1,1,false
2192,dlk_tbl_03237,2,1,1,false
2193,gob_tbl_02131,2,1,1,false
2194,proc_tbl_02106,2,1,1,false
2195,dlk_tbl_02334,2,1,1,false
2196,gob_tbl_00483,2,1,1,false
2197,gob_tbl_02701,2,1,1,false
2198,gob_tbl_00691,2,1,1,false
2199,dash_tbl_01784,2,1,1,false
2200,dlk_tbl_01590,2,1,1,false
2201,gob_tbl_02381,2,1,1,false
2202,dlk_tbl_02648,2,1,1,false
2203,dlk_tbl_00419,2,1,1,false
2204,gob_tbl_02876,2,1,1,false
2205,dash_tbl_01926,2,1,1,false
2206,gob_tbl_00522,2,1,1,false
2207,gob_tbl_01501,2,1,1,false
2208,gob_tbl_02631,2,1,1,false
2209,gob_tbl_00385,2,1,1,false
2210,proc_tbl_00554,2,1,1,false
2211,gob_tbl_00693,2,1,1,false
2212,gob_tbl_00078,2,1,1,false
2213,m4vw_tbl_01843,2,0,2,true
2214,gob_tbl_00694,2,1,1,false
2215,dlk_tbl_00634,2,1,1,false
2216,gob_tbl_02545,2,1,1,false
2217,dlk_tbl_02134,2,1,1,false
2218,std_tbl_00558,2,1,1,false
2219,gob_tbl_01560,2,1,1,false
2220,dlk_tbl_00384,2,1,1,false
2221,dlk_tbl_01480,2,1,1,false
2222,gob_tbl_02034,2,1,1,false
2223,gob_tbl_00957,2,1,1,false
2224,gob_ext_00369,2,2,0,false
2225,dlk_tbl_00550,2,0,2,true
2226,dlk_tbl_01508,2,1,1,false
2227,dlk_tbl_00363,2,1,1,false
2228,gob_tbl_02271,2,1,1,false
2229,dlk_tbl_01802,2,1,1,false
2230,proc_tbl_01126,2,1,1,false
2231,dash_tbl_01462,2,1,1,false
2232,dlk_tbl_02888,2,1,1,false
2233,dlk_tbl_00073,2,1,1,false
2234,std_tbl_00889,2,1,1,false
2235,gob_tbl_01130,2,1,1,false
2236,dlk_tbl_00357,2,1,1,false
2237,gob_tbl_02594,2,1,1,false
2238,dlk_tbl_00681,2,1,1,false
2239,proc_tbl_02483,2,1,1,false
2240,dlk_ext_00042,2,2,0,false
2241,dlk_tbl_00666,2,1,1,false
2242,proc_tbl_02826,2,1,1,false
2243,dash_tbl_02909,2,1,1,false
2244,proc_tbl_00621,2,1,1,false
2245,gob_tbl_01154,2,1,1,false
2246,gob_tbl_03162,2,1,1,false
2247,dlk_tbl_00834,2,1,1,false
2248,gob_tbl_00585,2,1,1,false
2249,proc_tbl_02280,2,1,1,false
2250,gob_ext_00020,2,2,0,false
2251,gob_tbl_02298,2,1,1,false
2252,gob_tbl_03077,2,0,2,true
2253,dlk_tbl_02833,2,1,1,false
2254,proc_tbl_02464,2,0,2,true
2255,dash_tbl_02021,2,0,2,true
2256,gob_tbl_03086,2,1,1,false
2257,gob_tbl_00626,2,1,1,false
2258,proc_tbl_01863,2,1,1,false
2259,gob_tbl_00914,2,1,1,false
2260,dlk_tbl_01357,2,1,1,false
2261,dlk_tbl_01624,2,1,1,false
2262,dlk_tbl_00399,2,1,1,false
2263,gob_tbl_01061,2,1,1,false
2264,dash_tbl_00029,2,1,1,false
2265,dlk_tbl_00597,2,1,1,false
2266,gob_tbl_01656,2,1,1,false
2267,dlk_ext_00402,2,2,0,false
2268,dlk_tbl_02227,2,1,1,false
2269,dlk_tbl_02574,2,1,1,false
2270,dlk_tbl_00334,2,1,1,false
2271,gob_tbl_00595,2,1,1,false
2272,dlk_tbl_01823,2,1,1,false
2273,gob_tbl_02504,2,1,1,false
2274,dash_tbl_00438,2,1,1,false
2275,gob_tbl_01872,2,1,1,false
2276,dlk_ext_00332,2,2,0,false
2277,gob_tbl_00191,2,1,1,false
2278,dlk_tbl_02793,2,1,1,false
2279,dlk_ext_00274,2,2,0,false
2280,gob_tbl_00857,2,1,1,false
2281,gob_tbl_00615,2,1,1,false
2282,gob_ext_00204,2,2,0,false
2283,std_tbl_01659,2,1,1,false
2284,gob_tbl_00120,2,1,1,false
2285,proc_tbl_00270,2,1,1,false
2286,dash_tbl_01488,2,1,1,false
2287,gob_tbl_01112,2,1,1,false
2288,proc_tbl_03163,2,1,1,false
2289,dash_tbl_01616,2,1,1,false
2290,std_ext_00278,2,2,0,false
2291,gob_tbl_01937,2,1,1,false
2292,dlk_tbl_03092,2,1,1,false
2293,gob_tbl_00025,2,1,1,false
2294,proc_tbl_02079,2,1,1,false
2295,gob_tbl_02620,2,1,1,false
2296,proc_tbl_01984,2,1,1,false
2297,gob_tbl_01865,2,1,1,false
2298,gob_tbl_02848,2,1,1,false
2299,proc_tbl_02582,2,1,1,false
2300,gob_tbl_00653,2,1,1,false
2301,gob_tbl_02901,2,1,1,false
2302,gob_tbl_00907,2,1,1,false
2303,gob_tbl_00618,2,1,1,false
2304,gob_tbl_00293,2,1,1,false
2305,dlk_tbl_00487,2,1,1,false
2306,proc_tbl_02954,2,1,1,false
2307,dlk_tbl_01238,2,1,1,false
2308,gob_tbl_00566,2,1,1,false
2309,std_tbl_02161,2,1,1,false
2310,proc_tbl_00838,2,1,1,false
2311,dlk_tbl_01703,2,1,1,false
2312,gob_tbl_01568,2,1,1,false
2313,proc_tbl_01851,2,1,1,false
2314,proc_tbl_01099,2,1,1,false
2315,gob_tbl_02462,2,1,1,false
2316,proc_tbl_02024,2,1,1,false
2317,gob_tbl_02934,2,1,1,false
2318,dlk_tbl_02036,2,1,1,false
2319,gob_tbl_01111,2,1,1,false
2320,dash_tbl_02290,2,1,1,false
2321,proc_tbl_02402,2,1,1,false
2322,proc_tbl_01096,2,1,1,false
2323,dlk_tbl_00977,2,1,1,false
2324,dlk_tbl_02994,2,1,1,false
2325,gob_tbl_02894,2,1,1,false
2326,dlk_tbl_02071,2,1,1,false
2327,std_tbl_00456,2,1,1,false
2328,gob_tbl_00946,2,1,1,false
2329,dlk_tbl_00446,2,1,1,false
2330,dlk_tbl_01422,2,1,1,false
2331,gob_tbl_01165,2,1,1,false
2332,dash_tbl_01599,2,1,1,false
2333,dlk_tbl_00825,2,1,1,false
2334,gob_tbl_00879,2,1,1,false
2335,dlk_tbl_02294,2,1,1,false
2336,dlk_tbl_00157,2,1,1,false
2337,dash_tbl_00279,2,1,1,false
2338,dlk_tbl_01388,2,1,1,false
2339,dlk_tbl_00432,2,1,1,false
2340,dlk_ext_00185,2,2,0,false
2341,gob_tbl_03135,2,1,1,false
2342,dlk_tbl_02618,2,1,1,false
2343,gob_tbl_00435,2,1,1,false
2344,dlk_tbl_02547,2,1,1,false
2345,dlk_tbl_02163,2,1,1,false
2346,gob_tbl_00330,2,1,1,false
2347,dlk_tbl_02033,2,1,1,false
2348,dlk_tbl_02415,2,1,1,false
2349,dlk_tbl_01037,2,1,1,false
2350,gob_ext_00164,2,2,0,false
2351,dlk_tbl_01374,2,1,1,false
2352,gob_tbl_01471,2,1,1,false
2353,gob_tbl_02554,2,1,1,false
2354,gob_tbl_01062,2,1,1,false
2355,ppn_tbl_02724,2,1,1,false
2356,dlk_tbl_03221,2,1,1,false
2357,proc_tbl_01777,2,1,1,false
2358,gob_tbl_00150,2,1,1,false
2359,gob_tbl_01002,2,1,1,false
2360,dlk_tbl_02016,2,1,1,false
2361,dlk_tbl_00201,2,1,1,false
2362,gob_tbl_00944,2,1,1,false
2363,proc_tbl_00886,2,1,1,false
2364,dlk_tbl_00308,2,1,1,false
2365,dlk_tbl_01233,2,1,1,false
2366,dlk_tbl_01127,2,1,1,false
2367,dlk_tbl_01348,2,1,1,false
2368,gob_tbl_02302,2,1,1,false
2369,proc_tbl_00323,2,1,1,false
2370,dlk_tbl_01332,2,1,1,false
2371,dlk_tbl_01673,2,1,1,false
2372,dlk_tbl_00175,2,1,1,false
2373,dlk_tbl_01256,2,1,1,false
2374,dlk_tbl_00578,2,1,1,false
2375,m4vw_tbl_02497,2,1,1,false
2376,proc_tbl_00611,2,1,1,false
2377,dlk_tbl_02919,2,1,1,false
2378,gob_tbl_01424,2,1,1,false
2379,gob_tbl_02893,2,1,1,false
2380,proc_tbl_00197,2,1,1,false
2381,gob_tbl_01770,2,1,1,false
2382,dlk_tbl_01365,2,1,1,false
2383,gob_tbl_01733,2,1,1,false
2384,dlk_tbl_00388,2,1,1,false
2385,std_tbl_00086,2,1,1,false
2386,gob_tbl_02076,2,1,1,false
2387,proc_tbl_02993,2,1,1,false
2388,gob_tbl_01304,2,1,1,false
2389,proc_tbl_00639,2,1,1,false
2390,gob_tbl_02100,2,1,1,false
2391,dlk_tbl_01850,2,1,1,false
2392,dlk_tbl_02231,2,1,1,false
2393,dlk_tbl_01463,2,1,1,false
2394,dlk_tbl_02369,2,1,1,false
2395,gob_tbl_01131,2,1,1,false
2396,gob_tbl_01541,2,1,1,false
2397,gob_tbl_01170,2,1,1,false
2398,gob_tbl_00405,2,1,1,false
2399,dlk_tbl_03082,2,1,1,false
2400,m4vw_tbl_00848,2,1,1,false
2401,gob_tbl_01605,2,1,1,false
2402,dlk_tbl_00057,2,1,1,false
2403,gob_tbl_03088,2,1,1,false
2404,gob_tbl_02010,2,1,1,false
2405,proc_tbl_01334,2,1,1,false
2406,dash_tbl_03061,2,1,1,false
2407,dlk_tbl_01620,2,1,1,false
2408,dlk_tbl_02565,2,1,1,false
2409,dlk_ext_00340,2,2,0,false
2410,dlk_tbl_01935,2,1,1,false
2411,dlk_tbl_02931,2,0,2,true
2412,gob_tbl_03147,2,1,1,false
2413,proc_tbl_01687,2,1,1,false
2414,gob_tbl_02847,2,1,1,false
2415,dlk_tbl_02588,2,1,1,false
2416,proc_tbl_01857,2,1,1,false
2417,dlk_tbl_02605,2,1,1,false
2418,gob_tbl_01915,2,1,1,false
2419,gob_tbl_01530,2,1,1,false
2420,proc_tbl_02265,2,1,1,false
2421,gob_tbl_02619,2,1,1,false
2422,dlk_tbl_01485,1,0,1,false
2423,dlk_tbl_01657,1,0,1,false
2424,gob_tbl_03219,1,0,1,false
2425,dlk_tbl_02544,1,0,1,false
2426,gob_tbl_02495,1,0,1,false
2427,dlk_tbl_00481,1,0,1,false
2428,dlk_tbl_03217,1,0,1,false
2429,gob_tbl_00856,1,0,1,false
2430,gob_tbl_03028,1,0,1,false
2431,gob_tbl_02029,1,0,1,false
2432,gob_tbl_01089,1,0,1,false
2433,gob_tbl_01696,1,0,1,false
2434,gob_tbl_00788,1,0,1,false
2435,proc_tbl_01426,1,0,1,false
2436,proc_tbl_02233,1,0,1,false
2437,dlk_tbl_00939,1,0,1,false
2438,proc_tbl_01606,1,0,1,false
2439,gob_ext_00092,1,1,0,false
2440,dash_tbl_00828,1,0,1,false
2441,proc_tbl_03214,1,0,1,false
2442,proc_tbl_01331,1,0,1,false
2443,proc_tbl_01382,1,0,1,false
2444,dlk_tbl_02644,1,0,1,false
2445,gob_tbl_00291,1,0,1,false
2446,dlk_tbl_00068,1,0,1,false
2447,dlk_tbl_00710,1,0,1,false
2448,gob_tbl_02976,1,0,1,false
2449,gob_tbl_02819,1,0,1,false
2450,gob_tbl_00042,1,0,1,false
2451,gob_tbl_00232,1,0,1,false
2452,proc_tbl_00019,1,0,1,false
2453,dlk_tbl_00237,1,0,1,false
2454,proc_tbl_02566,1,0,1,false
2455,dlk_tbl_01387,1,0,1,false
2456,dlk_tbl_00174,1,0,1,false
2457,dash_tbl_02476,1,0,1,false
2458,gob_tbl_00695,1,0,1,false
2459,gob_tbl_02232,1,0,1,false
2460,gob_tbl_01645,1,0,1,false
2461,gob_tbl_03101,1,0,1,false
2462,gob_tbl_00655,1,0,1,false
2463,dlk_tbl_02035,1,0,1,false
2464,gob_tbl_01497,1,0,1,false
2465,dlk_tbl_01461,1,0,1,false
2466,proc_tbl_01842,1,0,1,false
2467,dash_tbl_01044,1,0,1,false
2468,gob_tbl_02791,1,0,1,false
2469,gob_tbl_03069,1,0,1,false
2470,gob_tbl_03166,1,0,1,false
2471,dlk_tbl_01150,1,0,1,false
2472,dlk_tbl_02772,1,0,1,false
2473,dlk_tbl_02692,1,0,1,false
2474,gob_tbl_01708,1,0,1,false
2475,proc_tbl_00349,1,0,1,false
2476,dlk_tbl_00822,1,0,1,false
2477,dlk_tbl_02907,1,0,1,false
2478,dlk_tbl_00833,1,0,1,false
2479,dash_tbl_01779,1,0,1,false
2480,dlk_tbl_00769,1,0,1,false
2481,dlk_tbl_00331,1,0,1,false
2482,proc_tbl_01755,1,0,1,false
2483,dash_tbl_00539,1,0,1,false
2484,proc_tbl_01347,1,0,1,false
2485,dlk_tbl_01861,1,0,1,false
2486,dlk_tbl_02704,1,0,1,false
2487,proc_tbl_01498,1,0,1,false
2488,gob_tbl_00508,1,0,1,false
2489,proc_tbl_00988,1,0,1,false
2490,dlk_tbl_03260,1,0,1,false
2491,dlk_tbl_00107,1,0,1,false
2492,gob_tbl_01038,1,0,1,false
2493,dlk_tbl_03204,1,0,1,false
2494,gob_tbl_02702,1,0,1,false
2495,dlk_tbl_00128,1,0,1,false
2496,dlk_tbl_02756,1,0,1,false
2497,dlk_tbl_01049,1,0,1,false
2498,proc_tbl_02891,1,0,1,false
2499,gob_tbl_01761,1,0,1,false
2500,dash_tbl_02432,1,0,1,false
2501,proc_tbl_03190,1,0,1,false
2502,dlk_tbl_02747,1,0,1,false
2503,gob_tbl_00393,1,0,1,false
2504,gob_tbl_01949,1,0,1,false
2505,dash_tbl_03156,1,0,1,false
2506,gob_ext_00046,1,1,0,false
2507,dlk_tbl_02897,1,0,1,false
2508,gob_tbl_01082,1,0,1,false
2509,dash_tbl_02272,1,0,1,false
2510,dlk_ext_00440,1,1,0,false
2511,proc_tbl_01607,1,0,1,false
2512,gob_tbl_02393,1,0,1,false
2513,dlk_tbl_03085,1,0,1,false
2514,dlk_tbl_00926,1,0,1,false
2515,ppn_tbl_02761,1,0,1,false
2516,dlk_tbl_01298,1,0,1,false
2517,dlk_tbl_00916,1,0,1,false
2518,std_tbl_00130,1,0,1,false
2519,dlk_tbl_01273,1,0,1,false
2520,dlk_tbl_01403,1,0,1,false
2521,gob_tbl_02095,1,0,1,false
2522,gob_tbl_01230,1,0,1,false
2523,dlk_tbl_01500,1,0,1,false
2524,dlk_tbl_00757,1,0,1,false
2525,m4sco_tbl_02798,1,0,1,false
2526,proc_tbl_00816,1,0,1,false
2527,dlk_tbl_03134,1,0,1,false
2528,m4sco_tbl_01873,1,0,1,false
2529,proc_tbl_02930,1,0,1,false
2530,gob_tbl_01283,1,0,1,false
2531,dlk_tbl_01794,1,0,1,false
2532,gob_tbl_03038,1,0,1,false
2533,gob_tbl_01814,1,0,1,false
2534,dlk_tbl_02730,1,0,1,false
2535,dlk_tbl_02890,1,0,1,false
2536,m4vw_tbl_03100,1,0,1,false
2537,dlk_tbl_00172,1,0,1,false
2538,dlk_tbl_01601,1,0,1,false
2539,dlk_tbl_01785,1,0,1,false
2540,dlk_tbl_02977,1,0,1,false
2541,dash_tbl_01050,1,0,1,false
2542,gob_tbl_01236,1,0,1,false
2543,gob_tbl_00418,1,0,1,false
2544,dlk_tbl_01100,1,0,1,false
2545,gob_tbl_02372,1,0,1,false
2546,dlk_tbl_01449,1,0,1,false
2547,std_tbl_00863,1,0,1,false
2548,dlk_tbl_02726,1,0,1,false
2549,proc_tbl_03073,1,0,1,false
2550,gob_tbl_01514,1,0,1,false
2551,dlk_tbl_01510,1,0,1,false
2552,std_tbl_00184,1,0,1,false
2553,dlk_ext_00459,1,1,0,false
2554,dlk_tbl_01786,1,0,1,false
2555,gob_tbl_01954,1,0,1,false
2556,dlk_tbl_02266,1,0,1,false
2557,dlk_tbl_02559,1,0,1,false
2558,dlk_tbl_02023,1,0,1,false
2559,gob_tbl_02228,1,0,1,false
2560,dlk_tbl_03048,1,0,1,false
2561,dash_tbl_03127,1,0,1,false
2562,gob_tbl_01702,1,0,1,false
2563,dlk_tbl_02549,1,0,1,false
2564,gob_tbl_03115,1,0,1,false
2565,dlk_tbl_02328,1,0,1,false
2566,proc_tbl_02120,1,0,1,false
2567,dlk_tbl_02951,1,0,1,false
2568,gob_tbl_01301,1,0,1,false
2569,gob_tbl_02640,1,0,1,false
2570,gob_tbl_01677,1,0,1,false
2571,gob_tbl_01916,1,0,1,false
2572,gob_tbl_02869,1,0,1,false
2573,gob_tbl_01886,1,0,1,false
2574,dlk_tbl_03191,1,0,1,false
2575,gob_tbl_02099,1,0,1,false
2576,proc_tbl_01654,1,0,1,false
2577,proc_tbl_02474,1,0,1,false
2578,gob_tbl_01137,1,0,1,false
2579,proc_tbl_02380,1,0,1,false
2580,gob_tbl_01277,1,0,1,false
2581,dlk_tbl_02269,1,0,1,false
2582,dlk_tbl_02430,1,0,1,false
2583,gob_tbl_01925,1,0,1,false
2584,gob_tbl_02694,1,0,1,false
2585,dash_tbl_02326,1,0,1,false
2586,dlk_tbl_00643,1,0,1,false
2587,std_tbl_01022,1,0,1,false
2588,dlk_tbl_01140,1,0,1,false
2589,proc_tbl_02245,1,0,1,false
2590,dlk_tbl_02592,1,0,1,false
2591,std_ext_00236,1,1,0,false
2592,proc_tbl_00095,1,0,1,false
2593,dlk_tbl_01805,1,0,1,false
2594,gob_tbl_01549,1,0,1,false
2595,gob_tbl_02270,1,0,1,false
2596,proc_tbl_03200,1,0,1,false
2597,dash_tbl_00732,1,0,1,false
2598,proc_tbl_01558,1,0,1,false
2599,dlk_tbl_00148,1,0,1,false
2600,dlk_tbl_01831,1,0,1,false
2601,proc_tbl_01652,1,0,1,false
2602,gob_tbl_02520,1,0,1,false
2603,gob_tbl_02614,1,0,1,false
2604,dlk_tbl_01918,1,0,1,false
2605,gob_tbl_01547,1,0,1,false
2606,dlk_tbl_03175,1,0,1,false
2607,gob_tbl_00250,1,0,1,false
2608,dash_tbl_02121,1,0,1,false
2609,gob_tbl_02519,1,0,1,false
2610,dlk_tbl_02473,1,0,1,false
2611,dlk_tbl_00060,1,0,1,false
2612,gob_tbl_00824,1,0,1,false
2613,gob_tbl_03264,1,0,1,false
2614,proc_tbl_00275,1,0,1,false
2615,proc_tbl_00745,1,0,1,false
2616,gob_tbl_03239,1,0,1,false
2617,gob_tbl_02844,1,0,1,false
2618,gob_tbl_00457,1,0,1,false
2619,dlk_tbl_00669,1,0,1,false
2620,std_tbl_00053,1,0,1,false
2621,dlk_tbl_00338,1,0,1,false
2622,gob_tbl_01513,1,0,1,false
2623,proc_tbl_00899,1,0,1,false
2624,m4vw_tbl_01281,1,0,1,false
2625,dlk_tbl_02248,1,0,1,false
2626,std_tbl_02213,1,0,1,false
2627,dlk_tbl_00336,1,0,1,false
2628,gob_tbl_02261,1,0,1,false
2629,std_tbl_03206,1,0,1,false
2630,dlk_tbl_02145,1,0,1,false
2631,gob_ext_00158,1,1,0,false
2632,proc_tbl_02434,1,0,1,false
2633,dlk_tbl_02273,1,0,1,false
2634,dlk_tbl_00364,1,0,1,false
2635,dlk_tbl_02074,1,0,1,false
2636,proc_tbl_02795,1,0,1,false
2637,gob_tbl_01358,1,0,1,false
2638,dash_tbl_00514,1,0,1,false
2639,gob_tbl_00355,1,0,1,false
2640,dlk_tbl_03044,1,0,1,false
2641,gob_tbl_01308,1,0,1,false
2642,dlk_tbl_02579,1,0,1,false
2643,dlk_tbl_02479,1,0,1,false
2644,gob_tbl_01011,1,0,1,false
2645,dlk_tbl_01689,1,0,1,false
2646,gob_tbl_02552,1,0,1,false
2647,dlk_tbl_02764,1,0,1,false
2648,gob_tbl_00556,1,0,1,false
2649,gob_tbl_01637,1,0,1,false
2650,proc_tbl_00040,1,0,1,false
2651,gob_tbl_02275,1,0,1,false
2652,dash_tbl_00218,1,0,1,false
2653,gob_tbl_01344,1,0,1,false
2654,dlk_tbl_02683,1,0,1,false
2655,dlk_tbl_02491,1,0,1,false
2656,gob_tbl_03272,1,0,1,false
2657,dlk_tbl_03132,1,0,1,false
2658,dlk_tbl_02739,1,0,1,false
2659,dlk_tbl_01923,1,0,1,false
2660,dlk_tbl_01052,1,0,1,false
2661,gob_tbl_01900,1,0,1,false
2662,dash_tbl_01683,1,0,1,false
2663,gob_tbl_00744,1,0,1,false
2664,gob_tbl_00678,1,0,1,false
2665,gob_tbl_00416,1,0,1,false
2666,gob_tbl_00983,1,0,1,false
2667,proc_tbl_02971,1,0,1,false
2668,proc_tbl_00958,1,0,1,false
2669,proc_tbl_02987,1,0,1,false
2670,proc_tbl_02068,1,0,1,false
2671,gob_tbl_03194,1,0,1,false
2672,proc_tbl_02410,1,0,1,false
2673,gob_tbl_00812,1,0,1,false
2674,m4sco_tbl_02468,1,0,1,false
2675,dash_tbl_01012,1,0,1,false
2676,dlk_tbl_00761,1,0,1,false
2677,dash_tbl_02356,1,0,1,false
2678,dlk_tbl_02602,1,0,1,false
2679,dlk_ext_00357,1,1,0,false
2680,gob_tbl_01297,1,0,1,false
2681,dlk_tbl_01897,1,0,1,false
2682,m4vw_tbl_02906,1,0,1,false
2683,gob_tbl_00475,1,0,1,false
2684,dlk_tbl_01728,1,0,1,false
2685,std_tbl_02556,1,0,1,false
2686,gob_tbl_01898,1,0,1,false
2687,proc_tbl_02528,1,0,1,false
2688,gob_tbl_01055,1,0,1,false
2689,gob_tbl_00714,1,0,1,false
2690,proc_tbl_02470,1,0,1,false
2691,dlk_tbl_03024,1,0,1,false
2692,proc_tbl_02918,1,0,1,false
2693,dash_tbl_01864,1,0,1,false
2694,gob_tbl_02179,1,0,1,false
2695,dlk_tbl_00591,1,0,1,false
2696,dlk_tbl_00754,1,0,1,false
2697,gob_tbl_01528,1,0,1,false
2698,dlk_tbl_02655,1,0,1,false
2699,gob_tbl_02595,1,0,1,false
2700,gob_tbl_02361,1,0,1,false
2701,gob_tbl_01521,1,0,1,false
2702,proc_tbl_02523,1,0,1,false
2703,dlk_tbl_02252,1,0,1,false
2704,dlk_tbl_02560,1,0,1,false
2705,gob_tbl_01516,1,0,1,false
2706,proc_tbl_01700,1,0,1,false
2707,gob_tbl_02740,1,0,1,false
2708,dlk_tbl_01746,1,0,1,false
2709,dlk_tbl_00429,1,0,1,false
2710,dlk_tbl_01643,1,0,1,false
2711,dlk_tbl_02999,1,0,1,false
2712,m4vw_tbl_01070,1,0,1,false
2713,gob_tbl_03064,1,0,1,false
2714,dlk_tbl_00993,1,0,1,false
2715,proc_tbl_00433,1,0,1,false
2716,dlk_tbl_02082,1,0,1,false
2717,gob_tbl_02421,1,0,1,false
2718,gob_tbl_02085,1,0,1,false
2719,gob_tbl_02591,1,0,1,false
2720,gob_tbl_00499,1,0,1,false
2721,gob_tbl_01788,1,0,1,false
2722,gob_tbl_00379,1,0,1,false
2723,gob_tbl_01029,1,0,1,false
2724,dlk_tbl_01436,1,0,1,false
2725,dlk_tbl_00235,1,0,1,false
2726,gob_tbl_03267,1,0,1,false
2727,gob_tbl_03037,1,0,1,false
2728,dlk_tbl_01216,1,0,1,false
2729,gob_tbl_02769,1,0,1,false
2730,proc_tbl_02032,1,0,1,false
2731,m4vw_tbl_00269,1,0,1,false
2732,std_tbl_02297,1,0,1,false
2733,dlk_tbl_00617,1,0,1,false
2734,proc_tbl_01319,1,0,1,false
2735,dash_tbl_02603,1,0,1,false
2736,std_tbl_00687,1,0,1,false
2737,m4sco_tbl_00670,1,0,1,false
2738,gob_tbl_02359,1,0,1,false
2739,gob_tbl_02283,1,0,1,false
2740,gob_tbl_02431,1,0,1,false
2741,gob_ext_00057,1,1,0,false
2742,dash_tbl_01801,1,0,1,false
2743,gob_tbl_02746,1,0,1,false
2744,gob_tbl_03095,1,0,1,false
2745,gob_tbl_00169,1,0,1,false
2746,std_tbl_02862,1,0,1,false
2747,proc_tbl_02451,1,0,1,false
2748,dlk_tbl_01411,1,0,1,false
2749,gob_tbl_00511,1,0,1,false
2750,proc_tbl_00401,1,0,1,false
2751,dlk_tbl_00852,1,0,1,false
2752,dlk_tbl_00199,1,0,1,false
2753,gob_tbl_01783,1,0,1,false
2754,dlk_tbl_00166,1,0,1,false
2755,dash_tbl_03201,1,0,1,false
2756,dlk_tbl_02296,1,0,1,false
2757,m4sco_tbl_00207,1,0,1,false
2758,gob_tbl_01670,1,0,1,false
2759,dlk_tbl_02087,1,0,1,false
2760,proc_tbl_01367,1,0,1,false
2761,dash_tbl_02407,1,0,1,false
2762,dash_tbl_02413,1,0,1,false
2763,dlk_tbl_02607,1,0,1,false
2764,dash_tbl_02458,1,0,1,false
2765,gob_tbl_01597,1,0,1,false
2766,m4vw_tbl_01122,1,0,1,false
2767,gob_tbl_02879,1,0,1,false
2768,dlk_tbl_02979,1,0,1,false
2769,dlk_tbl_01748,1,0,1,false
2770,dash_tbl_03181,1,0,1,false
2771,gob_tbl_02373,1,0,1,false
2772,dlk_tbl_01594,1,0,1,false
2773,gob_tbl_00228,1,0,1,false
2774,dlk_tbl_03196,1,0,1,false
2775,dlk_tbl_00544,1,0,1,false
2776,dlk_tbl_01630,1,0,1,false
2777,dlk_tbl_00965,1,0,1,false
2778,gob_ext_00065,1,1,0,false
2779,gob_tbl_00061,1,0,1,false
2780,proc_tbl_02675,1,0,1,false
2781,gob_tbl_01574,1,0,1,false
2782,proc_tbl_03225,1,0,1,false
2783,proc_tbl_02187,1,0,1,false
2784,dlk_tbl_02247,1,0,1,false
2785,ppn_tbl_00873,1,0,1,false
2786,proc_tbl_00654,1,0,1,false
2787,gob_tbl_02860,1,0,1,false
2788,dlk_tbl_02237,1,0,1,false
2789,gob_tbl_02383,1,0,1,false
2790,dash_tbl_02900,1,0,1,false
2791,dash_tbl_01291,1,0,1,false
2792,proc_tbl_00756,1,0,1,false
2793,gob_tbl_01486,1,0,1,false
2794,dlk_tbl_02054,1,0,1,false
2795,proc_tbl_00775,1,0,1,false
2796,dlk_tbl_00727,1,0,1,false
2797,m4vw_tbl_02990,1,0,1,false
2798,gob_tbl_00444,1,0,1,false
2799,proc_tbl_02720,1,0,1,false
2800,dlk_tbl_03124,1,0,1,false
2801,proc_tbl_02576,1,0,1,false
2802,gob_tbl_02712,1,0,1,false
2803,proc_tbl_00110,1,0,1,false
2804,gob_tbl_00839,1,0,1,false
2805,gob_tbl_01307,1,0,1,false
2806,gob_tbl_02733,1,0,1,false
2807,proc_tbl_00127,1,0,1,false
2808,gob_tbl_01506,1,0,1,false
2809,dlk_tbl_02856,1,0,1,false
2810,dash_tbl_02155,1,0,1,false
2811,dlk_tbl_02709,1,0,1,false
2812,m4vw_tbl_00159,1,0,1,false
2813,dlk_tbl_00145,1,0,1,false
2814,std_tbl_00586,1,0,1,false
2815,dlk_tbl_01261,1,0,1,false
2816,gob_tbl_02312,1,0,1,false
2817,gob_tbl_01141,1,0,1,false
2818,gob_tbl_02829,1,0,1,false
2819,dash_tbl_00314,1,0,1,false
2820,dash_tbl_01712,1,0,1,false
2821,gob_tbl_00413,1,0,1,false
2822,dlk_tbl_02066,1,0,1,false
2823,proc_tbl_01565,1,0,1,false
2824,gob_tbl_01028,1,0,1,false
2825,proc_tbl_01369,1,0,1,false
2826,dlk_tbl_02258,1,0,1,false
2827,gob_tbl_02340,1,0,1,false
2828,proc_tbl_00037,1,0,1,false
2829,gob_tbl_03022,1,0,1,false
2830,dlk_tbl_02263,1,0,1,false
2831,dlk_tbl_01373,1,0,1,false
2832,dlk_tbl_01257,1,0,1,false
2833,proc_tbl_01716,1,0,1,false
2834,dlk_tbl_01490,1,0,1,false
2835,dlk_tbl_00461,1,0,1,false
2836,dlk_tbl_01030,1,0,1,false
2837,gob_tbl_02991,1,0,1,false
2838,dlk_tbl_00132,1,0,1,false
2839,dlk_tbl_02040,1,0,1,false
2840,proc_tbl_00268,1,0,1,false
2841,dlk_tbl_02942,1,0,1,false
2842,gob_tbl_02445,1,0,1,false
2843,gob_tbl_02377,1,0,1,false
2844,proc_tbl_02963,1,0,1,false
2845,gob_tbl_02050,1,0,1,false
2846,dlk_tbl_01569,1,0,1,false
2847,gob_tbl_00704,1,0,1,false
2848,proc_tbl_00362,1,0,1,false
2849,proc_tbl_03213,1,0,1,false
2850,dlk_tbl_01481,1,0,1,false
2851,proc_ext_00418,1,1,0,false
2852,gob_tbl_00701,1,0,1,false
2853,dlk_tbl_01612,1,0,1,false
2854,proc_ext_00445,1,1,0,false
2855,dlk_tbl_02006,1,0,1,false
2856,proc_tbl_03279,1,0,1,false
2857,proc_tbl_03240,1,0,1,false
2858,dlk_tbl_01682,1,0,1,false
2859,m4vw_tbl_02496,1,0,1,false
2860,dash_tbl_01832,1,0,1,false
2861,dlk_tbl_02537,1,0,1,false
2862,dash_tbl_01023,1,0,1,false
2863,gob_tbl_03177,1,0,1,false
2864,dash_tbl_01740,1,0,1,false
2865,gob_tbl_02610,1,0,1,false
2866,ppn_tbl_01084,1,0,1,false
2867,proc_tbl_01397,1,0,1,false
2868,gob_tbl_00231,1,0,1,false
2869,gob_tbl_02456,1,0,1,false
2870,gob_tbl_00746,1,0,1,false
2871,dash_tbl_00017,1,0,1,false
2872,dlk_tbl_02069,1,0,1,false
2873,dlk_tbl_01183,1,0,1,false
2874,std_tbl_00633,1,0,1,false
2875,gob_tbl_03016,1,0,1,false
2876,proc_tbl_02956,1,0,1,false
2877,gob_tbl_01204,1,0,1,false
2878,dlk_tbl_03280,1,0,1,false
2879,m4sco_tbl_02190,1,0,1,false
2880,dlk_tbl_01275,1,0,1,false
2881,proc_tbl_03102,1,0,1,false
2882,gob_tbl_00646,1,0,1,false
2883,dlk_tbl_03042,1,0,1,false
2884,gob_tbl_00365,1,0,1,false
2885,dash_tbl_01537,1,0,1,false
2886,dash_tbl_02067,1,0,1,false
2887,proc_tbl_01359,1,0,1,false
2888,proc_tbl_02521,1,0,1,false
2889,dlk_tbl_00645,1,0,1,false
2890,dlk_tbl_01577,1,0,1,false
2891,dlk_tbl_02966,1,0,1,false
2892,m4sco_tbl_00316,1,0,1,false
2893,dash_tbl_01913,1,0,1,false
2894,dash_tbl_02622,1,0,1,false
2895,dlk_tbl_02912,1,0,1,false
2896,m4vw_tbl_03174,1,0,1,false
2897,gob_tbl_01543,1,0,1,false
2898,dash_tbl_00216,1,0,1,false
2899,dlk_tbl_01320,1,0,1,false
2900,dlk_tbl_01592,1,0,1,false
2901,gob_tbl_00067,1,0,1,false
2902,dlk_tbl_01822,1,0,1,false
2903,gob_ext_00427,1,1,0,false
2904,proc_tbl_00785,1,0,1,false
2905,dash_tbl_01178,1,0,1,false
2906,gob_tbl_02452,1,0,1,false
2907,dlk_tbl_01836,1,0,1,false
2908,dlk_ext_00374,1,1,0,false
2909,m4sco_tbl_01688,1,0,1,false
2910,gob_tbl_01491,1,0,1,false
2911,proc_tbl_02649,1,0,1,false
2912,dlk_tbl_01362,1,0,1,false
2913,dlk_tbl_01174,1,0,1,false
2914,proc_tbl_00186,1,0,1,false
2915,m4vw_ext_00063,1,1,0,false
2916,dlk_tbl_00368,1,0,1,false
2917,dlk_tbl_01088,1,0,1,false
2918,dlk_tbl_00563,1,0,1,false
2919,gob_tbl_03233,1,0,1,false
2920,gob_tbl_01736,1,0,1,false
2921,m4sco_tbl_03268,1,0,1,false
2922,gob_tbl_00982,1,0,1,false
2923,gob_tbl_01877,1,0,1,false
2924,dlk_tbl_00059,1,0,1,false
2925,dlk_tbl_01116,1,0,1,false
2926,gob_tbl_01343,1,0,1,false
2927,dlk_tbl_02661,1,0,1,false
2928,proc_tbl_03152,1,0,1,false
2929,gob_tbl_02394,1,0,1,false
2930,proc_tbl_01807,1,0,1,false
2931,dlk_tbl_01018,1,0,1,false
2932,dlk_tbl_02689,1,0,1,false
2933,dlk_tbl_00387,1,0,1,false
2934,dash_tbl_00509,1,0,1,false
2935,dlk_tbl_01796,1,0,1,false
2936,gob_tbl_01196,1,0,1,false
2937,gob_tbl_02792,1,0,1,false
2938,std_tbl_01469,1,0,1,false
2939,gob_tbl_00360,1,0,1,false
2940,dlk_tbl_00912,1,0,1,false
2941,proc_tbl_01389,1,0,1,false
2942,gob_tbl_00780,1,0,1,false
2943,dlk_tbl_02721,1,0,1,false
2944,dlk_tbl_00854,1,0,1,false
2945,gob_tbl_00892,1,0,1,false
2946,dlk_tbl_01871,1,0,1,false
2947,proc_tbl_02107,1,0,1,false
2948,dlk_tbl_00409,1,0,1,false
2949,gob_tbl_00609,1,0,1,false
2950,proc_tbl_02780,1,0,1,false
2951,proc_tbl_02887,1,0,1,false
2952,gob_tbl_02471,1,0,1,false
2953,dlk_tbl_01467,1,0,1,false
2954,gob_tbl_01789,1,0,1,false
2955,dlk_tbl_00315,1,0,1,false
2956,gob_tbl_00866,1,0,1,false
2957,std_tbl_00032,1,0,1,false
2958,m4sco_tbl_00562,1,0,1,false
2959,gob_tbl_02713,1,0,1,false
2960,proc_tbl_02515,1,0,1,false
2961,gob_tbl_01693,1,0,1,false
2962,dlk_tbl_02002,1,0,1,false
2963,gob_tbl_01544,1,0,1,false
2964,ppn_tbl_01999,1,0,1,false
2965,gob_tbl_00598,1,0,1,false
2966,proc_tbl_00274,1,0,1,false
2967,gob_tbl_01534,1,0,1,false
2968,std_tbl_01617,1,0,1,false
2969,dlk_tbl_03076,1,0,1,false
2970,dlk_tbl_00735,1,0,1,false
2971,gob_tbl_00837,1,0,1,false
2972,proc_tbl_00901,1,0,1,false
2973,dlk_tbl_03226,1,0,1,false
2974,dlk_tbl_00933,1,0,1,false
2975,dlk_tbl_00536,1,0,1,false
2976,dlk_tbl_03015,1,0,1,false
2977,gob_tbl_02524,1,0,1,false
2978,dlk_tbl_01540,1,0,1,false
2979,proc_ext_00203,1,1,0,false
2980,m4vw_tbl_00826,1,0,1,false
2981,dlk_tbl_00884,1,0,1,false
2982,dlk_tbl_00947,1,0,1,false
2983,dlk_tbl_01264,1,0,1,false
2984,gob_tbl_01393,1,0,1,false
2985,dlk_tbl_02920,1,0,1,false
2986,gob_tbl_03111,1,0,1,false
2987,dlk_tbl_01187,1,0,1,false
2988,dlk_tbl_01179,1,0,1,false
2989,dlk_tbl_01484,1,0,1,false
2990,dlk_tbl_02339,1,0,1,false
2991,gob_ext_00087,1,1,0,false
2992,gob_tbl_02782,1,0,1,false
2993,dlk_tbl_00486,1,0,1,false
2994,dash_tbl_02192,1,0,1,false
2995,gob_tbl_01378,1,0,1,false
2996,dlk_tbl_02493,1,0,1,false
2997,proc_tbl_02268,1,0,1,false
2998,dlk_tbl_00346,1,0,1,false
2999,dlk_tbl_02811,1,0,1,false
3000,dlk_tbl_00992,1,0,1,false
3001,dlk_tbl_01128,1,0,1,false
3002,proc_tbl_01429,1,0,1,false
3003,std_tbl_03167,1,0,1,false
3004,gob_tbl_01286,1,0,1,false
3005,gob_tbl_02364,1,0,1,false
3006,proc_tbl_03125,1,0,1,false
3007,std_tbl_00796,1,0,1,false
3008,gob_tbl_01869,1,0,1,false
3009,gob_ext_00001,1,1,0,false
3010,proc_tbl_01425,1,0,1,false
3011,gob_tbl_02767,1,0,1,false
3012,dlk_tbl_02741,1,0,1,false
3013,dash_tbl_02563,1,0,1,false
3014,dlk_tbl_00290,1,0,1,false
3015,dlk_tbl_00860,1,0,1,false
3016,dlk_tbl_00245,1,0,1,false
3017,proc_tbl_00373,1,0,1,false
3018,std_tbl_00341,1,0,1,false
3019,dlk_tbl_03141,1,0,1,false
3020,gob_tbl_00047,1,0,1,false
3021,gob_tbl_02052,1,0,1,false
3022,m4vw_tbl_00504,1,0,1,false
3023,dlk_tbl_00719,1,0,1,false
3024,dlk_tbl_01047,1,0,1,false
3025,dlk_tbl_01573,1,0,1,false
3026,gob_tbl_03277,1,0,1,false
3027,dlk_tbl_00129,1,0,1,false
3028,dlk_tbl_02169,1,0,1,false
3029,dash_tbl_01679,1,0,1,false
3030,gob_tbl_00778,1,0,1,false
3031,gob_tbl_02501,1,0,1,false
3032,proc_tbl_01658,1,0,1,false
3033,proc_tbl_02218,1,0,1,false
3034,proc_tbl_02760,1,0,1,false
3035,dlk_tbl_02921,1,0,1,false
3036,dlk_tbl_02611,1,0,1,false
3037,dlk_tbl_02357,1,0,1,false
3038,dlk_tbl_02981,1,0,1,false
3039,gob_tbl_00782,1,0,1,false
3040,gob_tbl_00473,1,0,1,false
3041,gob_tbl_02291,1,0,1,false
3042,proc_tbl_00156,1,0,1,false
3043,gob_tbl_00251,1,0,1,false
3044,dash_tbl_02943,1,0,1,false
3045,dlk_tbl_00739,1,0,1,false
3046,dlk_tbl_00776,1,0,1,false
3047,gob_tbl_00798,1,0,1,false
3048,dlk_tbl_03040,1,0,1,false
3049,gob_tbl_01966,1,0,1,false
3050,dash_tbl_01821,1,0,1,false
3051,gob_tbl_00755,1,0,1,false
3052,dlk_tbl_01408,1,0,1,false
3053,proc_tbl_01977,1,0,1,false
3054,gob_tbl_02960,1,0,1,false
3055,gob_tbl_00302,1,0,1,false
3056,dlk_tbl_02058,1,0,1,false
3057,gob_tbl_02147,1,0,1,false
3058,dlk_tbl_00821,1,0,1,false
3059,dash_tbl_00804,1,0,1,false
3060,gob_tbl_02472,1,0,1,false
3061,gob_tbl_00286,1,0,1,false
3062,proc_tbl_00414,1,0,1,false
3063,gob_ext_00227,1,1,0,false
3064,dlk_tbl_00867,1,0,1,false
3065,gob_tbl_01294,1,0,1,false
3066,proc_tbl_00770,1,0,1,false
3067,dlk_tbl_01847,1,0,1,false
3068,gob_tbl_02221,1,0,1,false
3069,std_tbl_02910,1,0,1,false
3070,dlk_tbl_02310,1,0,1,false
3071,gob_tbl_03230,1,0,1,false
3072,dlk_tbl_02090,1,0,1,false
3073,dlk_tbl_03236,1,0,1,false
3074,dlk_tbl_02276,1,0,1,false
3075,gob_tbl_03215,1,0,1,false
3076,proc_tbl_01068,1,0,1,false
3077,proc_tbl_02646,1,0,1,false
3078,proc_tbl_00263,1,0,1,false
3079,gob_tbl_00307,1,0,1,false
3080,gob_tbl_00125,1,0,1,false
3081,gob_tbl_02235,1,0,1,false
3082,gob_tbl_03160,1,0,1,false
3083,gob_tbl_00673,1,0,1,false
3084,gob_tbl_00835,1,0,1,false
3085,proc_tbl_03063,1,0,1,false
3086,gob_tbl_02333,1,0,1,false
3087,dlk_tbl_00149,1,0,1,false
3088,dlk_tbl_01603,1,0,1,false
3089,dash_tbl_03203,1,0,1,false
3090,gob_tbl_02732,1,0,1,false
3091,dash_tbl_01415,1,0,1,false
3092,gob_tbl_01278,1,0,1,false
3093,dlk_tbl_00295,1,0,1,false
3094,gob_tbl_02998,1,0,1,false
3095,dlk_tbl_00088,1,0,1,false
3096,dlk_tbl_01180,1,0,1,false
3097,dlk_tbl_00142,1,0,1,false
3098,gob_ext_00044,1,1,0,false
3099,dlk_tbl_02970,1,0,1,false
3100,gob_ext_00074,1,1,0,false
3101,dlk_tbl_02788,1,0,1,false
3102,gob_tbl_02550,1,0,1,false
3103,dash_tbl_00372,1,0,1,false
3104,gob_tbl_01075,1,0,1,false
3105,dash_tbl_00565,1,0,1,false
3106,gob_tbl_02621,1,0,1,false
3107,dlk_tbl_03281,1,0,1,false
3108,proc_tbl_00470,1,0,1,false
3109,gob_tbl_01407,1,0,1,false
3110,dash_tbl_00455,1,0,1,false
3111,gob_tbl_01339,1,0,1,false
3112,dash_tbl_00065,1,0,1,false
3113,gob_tbl_02616,1,0,1,false
3114,std_tbl_02031,1,0,1,false
3115,dash_tbl_02379,1,0,1,false
3116,gob_tbl_00844,1,0,1,false
3117,proc_tbl_01912,1,0,1,false
3118,proc_tbl_01600,1,0,1,false
3119,proc_tbl_00663,1,0,1,false
3120,dlk_tbl_02355,1,0,1,false
3121,dlk_tbl_00126,1,0,1,false
3122,gob_tbl_01395,1,0,1,false
3123,dlk_tbl_01653,1,0,1,false
3124,dlk_tbl_01203,1,0,1,false
3125,gob_tbl_00771,1,0,1,false
3126,dlk_tbl_02735,1,0,1,false
3127,gob_tbl_01385,1,0,1,false
3128,dlk_tbl_02003,1,0,1,false
3129,dlk_tbl_02133,1,0,1,false
3130,dlk_tbl_01523,1,0,1,false
3131,dlk_tbl_02489,1,0,1,false
3132,gob_tbl_02771,1,0,1,false
3133,dlk_tbl_02208,1,0,1,false
3134,gob_tbl_01376,1,0,1,false
3135,dash_tbl_00685,1,0,1,false
3136,proc_tbl_01251,1,0,1,false
3137,proc_tbl_00390,1,0,1,false
3138,dlk_tbl_01837,1,0,1,false
3139,gob_tbl_00496,1,0,1,false
3140,proc_tbl_00325,1,0,1,false
3141,proc_tbl_01009,1,0,1,false
3142,gob_tbl_01518,1,0,1,false
3143,gob_tbl_02096,1,0,1,false
3144,dlk_tbl_00648,1,0,1,false
3145,gob_tbl_02609,1,0,1,false
3146,gob_tbl_00135,1,0,1,false
3147,gob_tbl_02843,1,0,1,false
3148,dlk_tbl_02395,1,0,1,false
3149,gob_tbl_01902,1,0,1,false
3150,dash_tbl_00472,1,0,1,false
3151,dlk_tbl_00817,1,0,1,false
3152,dlk_tbl_00815,1,0,1,false
3153,dash_tbl_01564,1,0,1,false
3154,dash_tbl_01580,1,0,1,false
3155,dlk_tbl_02274,1,0,1,false
3156,dlk_tbl_02342,1,0,1,false
3157,proc_tbl_03274,1,0,1,false
3158,dlk_tbl_02836,1,0,1,false
3159,gob_tbl_02696,1,0,1,false
3160,dlk_tbl_01711,1,0,1,false
3161,dlk_tbl_01223,1,0,1,false
3162,proc_tbl_02084,1,0,1,false
3163,m4vw_tbl_02114,1,0,1,false
3164,gob_ext_00076,1,1,0,false
3165,dlk_tbl_03013,1,0,1,false
3166,proc_tbl_01511,1,0,1,false
3167,gob_tbl_02830,1,0,1,false
3168,m4sco_tbl_01492,1,0,1,false
3169,dlk_tbl_02530,1,0,1,false
3170,gob_tbl_01268,1,0,1,false
3171,dlk_tbl_02750,1,0,1,false
3172,dlk_tbl_01080,1,0,1,false
3173,dlk_tbl_00272,1,0,1,false
3174,dash_tbl_01595,1,0,1,false
3175,gob_tbl_02738,1,0,1,false
3176,dlk_tbl_02387,1,0,1,false
3177,gob_ext_00107,1,1,0,false
3178,gob_tbl_02832,1,0,1,false
3179,dlk_tbl_00715,1,0,1,false
3180,gob_tbl_01114,1,0,1,false
3181,proc_tbl_00220,1,0,1,false
3182,proc_tbl_00260,1,0,1,false
3183,dash_tbl_00118,1,0,1,false
3184,dlk_tbl_02944,1,0,1,false
3185,proc_tbl_00737,1,0,1,false
3186,gob_tbl_00605,1,0,1,false
3187,dlk_tbl_03157,1,0,1,false
3188,gob_tbl_00428,1,0,1,false
3189,proc_tbl_03145,1,0,1,false
3190,gob_tbl_01202,1,0,1,false
3191,proc_tbl_01325,1,0,1,false
3192,ppn_tbl_01168,1,0,1,false
3193,proc_tbl_02466,1,0,1,false
3194,dash_tbl_01409,1,0,1,false
3195,dlk_tbl_01762,1,0,1,false
3196,dlk_tbl_03110,1,0,1,false
3197,proc_tbl_00978,1,0,1,false
3198,gob_tbl_01952,1,0,1,false
3199,dlk_tbl_02181,1,0,1,false
3200,dash_tbl_01726,1,0,1,false
3201,gob_tbl_02065,1,0,1,false
3202,dlk_tbl_02454,1,0,1,false
3203,gob_tbl_01562,1,0,1,false
3204,gob_tbl_02223,1,0,1,false
3205,proc_tbl_01368,1,0,1,false
3206,proc_tbl_00748,1,0,1,false
3207,dlk_tbl_02313,1,0,1,false
3208,gob_ext_00050,1,1,0,false
3209,dlk_ext_00024,1,1,0,false
3210,gob_tbl_02645,1,0,1,false
3211,m4vw_tbl_01701,1,0,1,false
3212,dlk_tbl_01056,1,0,1,false
3213,gob_tbl_01512,1,0,1,false
3214,gob_tbl_01276,1,0,1,false
3215,gob_tbl_00256,1,0,1,false
3216,dash_tbl_00109,1,0,1,false
3217,proc_tbl_03079,1,0,1,false
3218,dlk_tbl_00104,1,0,1,false
3219,proc_tbl_03251,1,0,1,false
3220,gob_tbl_00332,1,0,1,false
3221,dlk_tbl_00271,1,0,1,false
3222,gob_tbl_01895,1,0,1,false
3223,dlk_tbl_02522,1,0,1,false
3224,dlk_tbl_02144,1,0,1,false
3225,gob_tbl_01231,1,0,1,false
3226,dash_tbl_03090,1,0,1,false
3227,gob_tbl_00381,1,0,1,false
3228,ppn_ext_00119,1,1,0,false
3229,dlk_tbl_02840,1,0,1,false
3230,dlk_tbl_00395,1,0,1,false
3231,m4vw_tbl_00198,1,0,1,false
3232,proc_tbl_03195,1,0,1,false
3233,proc_tbl_02852,1,0,1,false
3234,gob_tbl_01739,1,0,1,false
3235,gob_tbl_01095,1,0,1,false
3236,dlk_tbl_02926,1,0,1,false
3237,proc_tbl_01934,1,0,1,false
3238,dlk_tbl_00546,1,0,1,false
3239,dlk_tbl_02467,1,0,1,false
3240,dlk_tbl_02725,1,0,1,false
3241,gob_tbl_01674,1,0,1,false
3242,dash_tbl_00010,1,0,1,false
3243,dlk_tbl_03130,1,0,1,false
3244,dlk_tbl_01720,1,0,1,false
3245,gob_tbl_01065,1,0,1,false
3246,dlk_tbl_01477,1,0,1,false
3247,dlk_tbl_01300,1,0,1,false
3248,gob_tbl_03146,1,0,1,false
3249,gob_tbl_02608,1,0,1,false
3250,std_tbl_00726,1,0,1,false
3251,proc_tbl_02992,1,0,1,false
3252,gob_tbl_02064,1,0,1,false
3253,dlk_ext_00478,1,1,0,false
3254,gob_tbl_02101,1,0,1,false
3255,dlk_tbl_00868,1,0,1,false
3256,dlk_tbl_02947,1,0,1,false
3257,gob_tbl_01383,1,0,1,false
3258,dlk_tbl_01246,1,0,1,false
3259,gob_tbl_01795,1,0,1,false
3260,dlk_tbl_01161,1,0,1,false
3261,dlk_tbl_03034,1,0,1,false
3262,proc_tbl_02967,1,0,1,false
3263,dlk_tbl_01260,1,0,1,false
3264,proc_tbl_02573,1,0,1,false
3265,dash_ext_00359,1,1,0,false
3266,gob_tbl_01252,1,0,1,false
3267,dlk_tbl_02327,1,0,1,false
3268,dlk_tbl_02743,1,0,1,false
3269,gob_tbl_00091,1,0,1,false
3270,gob_tbl_01228,1,0,1,false
3271,gob_tbl_03235,1,0,1,false
3272,gob_tbl_00163,1,0,1,false
3273,gob_tbl_00038,1,0,1,false
3274,dlk_tbl_01162,1,0,1,false
3275,dlk_tbl_02331,1,0,1,false
3276,dlk_tbl_01443,1,0,1,false
3277,dlk_tbl_01380,1,0,1,false
3278,gob_tbl_02904,1,0,1,false
3279,gob_tbl_01370,1,0,1,false
3280,dash_tbl_00851,1,0,1,false
3281,dlk_tbl_01073,1,0,1,false
3282,gob_tbl_02632,1,0,1,false
3283,dlk_tbl_03216,1,0,1,false
3284,gob_tbl_00008,1,0,1,false
3285,dlk_tbl_02301,1,0,1,false
3286,dlk_tbl_01629,1,0,1,false
3287,dash_tbl_00699,1,0,1,false
3288,gob_tbl_02668,1,0,1,false
3289,dlk_tbl_03241,1,0,1,false
3290,dlk_tbl_01019,1,0,1,false
3291,gob_ext_00261,1,1,0,false
3292,gob_tbl_00909,1,0,1,false
3293,proc_tbl_00369,1,0,1,false
3294,gob_tbl_01242,1,0,1,false
3295,dlk_tbl_02813,1,0,1,false
3296,m4vw_tbl_00106,1,0,1,false
3297,gob_tbl_00936,1,0,1,false
3298,dlk_tbl_02629,1,0,1,false
3299,dlk_ext_00026,1,1,0,false
3300,gob_tbl_02081,1,0,1,false
3301,gob_tbl_01614,1,0,1,false
3302,dlk_tbl_01324,1,0,1,false
3303,dlk_tbl_01173,1,0,1,false
3304,dlk_tbl_00908,1,0,1,false
3305,dlk_tbl_01489,1,0,1,false
3306,gob_tbl_00661,1,0,1,false
3307,gob_tbl_01706,1,0,1,false
3308,dlk_tbl_02441,1,0,1,false
3309,dlk_tbl_01284,1,0,1,false
3310,proc_tbl_00488,1,0,1,false
3311,std_tbl_00171,1,0,1,false
3312,dlk_tbl_01295,1,0,1,false
3313,gob_tbl_00599,1,0,1,false
3314,gob_tbl_02132,1,0,1,false
3315,gob_tbl_02511,1,0,1,false
3316,proc_tbl_00922,1,0,1,false
3317,dlk_tbl_03180,1,0,1,false
3318,dlk_tbl_01876,1,0,1,false
3319,ppn_tbl_02672,1,0,1,false
3320,dlk_tbl_00814,1,0,1,false
3321,gob_tbl_01212,1,0,1,false
3322,gob_tbl_02378,1,0,1,false
3323,gob_tbl_02055,1,0,1,false
3324,proc_tbl_03003,1,0,1,false
3325,dlk_tbl_02299,1,0,1,false
3326,m4sco_tbl_02768,1,0,1,false
3327,gob_tbl_01502,1,0,1,false
3328,gob_tbl_01951,1,0,1,false
3329,dlk_tbl_01604,1,0,1,false
3330,dlk_tbl_00811,1,0,1,false
3331,gob_tbl_00906,1,0,1,false
3332,gob_tbl_02039,1,0,1,false
3333,proc_tbl_01967,1,0,1,false
3334,proc_tbl_02209,1,0,1,false
3335,gob_tbl_00697,1,0,1,false
3336,proc_tbl_00781,1,0,1,false
3337,dlk_tbl_02774,1,0,1,false
3338,gob_tbl_02845,1,0,1,false
3339,std_tbl_01844,1,0,1,false
3340,gob_tbl_00386,1,0,1,false
3341,dlk_tbl_01197,1,0,1,false
3342,dlk_tbl_01535,1,0,1,false
3343,dlk_tbl_02982,1,0,1,false
3344,proc_tbl_00087,1,0,1,false
3345,proc_tbl_01953,1,0,1,false
3346,dash_tbl_02480,1,0,1,false
3347,gob_tbl_00592,1,0,1,false
3348,dlk_tbl_00619,1,0,1,false
3349,gob_tbl_01464,1,0,1,false
3350,proc_tbl_03193,1,0,1,false
3351,dlk_tbl_00764,1,0,1,false
3352,proc_tbl_00716,1,0,1,false
3353,gob_tbl_01239,1,0,1,false
3354,dlk_tbl_01504,1,0,1,false
3355,gob_tbl_02748,1,0,1,false
3356,dlk_tbl_00641,1,0,1,false
3357,gob_tbl_02201,1,0,1,false
3358,gob_tbl_01750,1,0,1,false
3359,dlk_tbl_01079,1,0,1,false
3360,dlk_tbl_00339,1,0,1,false
3361,gob_tbl_00774,1,0,1,false
3362,dlk_tbl_01377,1,0,1,false
3363,proc_tbl_00282,1,0,1,false
3364,gob_tbl_01341,1,0,1,false
3365,gob_tbl_02142,1,0,1,false
3366,dlk_tbl_03261,1,0,1,false
3367,dlk_tbl_02596,1,0,1,false
3368,dlk_tbl_02149,1,0,1,false
3369,dlk_tbl_01064,1,0,1,false
3370,dlk_tbl_00989,1,0,1,false
3371,dlk_tbl_02938,1,0,1,false
3372,std_tbl_03249,1,0,1,false
3373,m4vw_tbl_01322,1,0,1,false
3374,gob_tbl_01205,1,0,1,false
3375,gob_tbl_00969,1,0,1,false
3376,gob_tbl_02325,1,0,1,false
3377,proc_tbl_02812,1,0,1,false
3378,dlk_tbl_01608,1,0,1,false
3379,proc_tbl_01474,1,0,1,false
3380,dash_tbl_00353,1,0,1,false
3381,gob_ext_00322,1,1,0,false
3382,dlk_tbl_02439,1,0,1,false
3383,gob_tbl_02765,1,0,1,false
3384,gob_tbl_02775,1,0,1,false
3385,m4vw_tbl_00430,1,0,1,false
3386,dash_tbl_00022,1,0,1,false
3387,gob_tbl_01634,1,0,1,false
3388,gob_tbl_03168,1,0,1,false
3389,gob_tbl_03087,1,0,1,false
3390,gob_tbl_03055,1,0,1,false
3391,proc_tbl_00121,1,0,1,false
3392,gob_tbl_02093,1,0,1,false
3393,dlk_tbl_00620,1,0,1,false
3394,proc_tbl_02749,1,0,1,false
3395,gob_tbl_02584,1,0,1,false
3396,dash_tbl_00606,1,0,1,false
3397,dash_tbl_01076,1,0,1,false
3398,gob_tbl_01904,1,0,1,false
3399,gob_tbl_00309,1,0,1,false
3400,proc_tbl_01391,1,0,1,false
3401,proc_tbl_02526,1,0,1,false
3402,gob_tbl_00408,1,0,1,false
3403,std_tbl_01666,1,0,1,false
3404,dlk_tbl_01151,1,0,1,false
3405,proc_tbl_00753,1,0,1,false
3406,gob_tbl_00115,1,0,1,false
3407,dlk_tbl_02219,1,0,1,false
3408,dlk_tbl_02945,1,0,1,false
3409,proc_tbl_02244,1,0,1,false
3410,gob_tbl_01221,1,0,1,false
3411,dlk_tbl_03133,1,0,1,false
3412,dash_tbl_01417,1,0,1,false
3413,dash_tbl_00676,1,0,1,false
3414,dash_tbl_01069,1,0,1,false
3415,dlk_tbl_00807,1,0,1,false
3416,gob_tbl_02319,1,0,1,false
3417,gob_tbl_02682,1,0,1,false
3418,gob_tbl_03070,1,0,1,false
3419,gob_tbl_00518,1,0,1,false
3420,std_tbl_02399,1,0,1,false
3421,std_tbl_00601,1,0,1,false
3422,gob_tbl_00016,1,0,1,false
3423,dlk_tbl_01808,1,0,1,false
3424,gob_tbl_03083,1,0,1,false
3425,dlk_tbl_00329,1,0,1,false
3426,m4vw_tbl_00311,1,0,1,false
3427,std_tbl_00491,1,0,1,false
3428,dlk_tbl_00995,1,0,1,false
3429,dlk_tbl_02382,1,0,1,false
3430,dash_tbl_02408,1,0,1,false
3431,dlk_tbl_01340,1,0,1,false
3432,dlk_tbl_02968,1,0,1,false
3433,gob_tbl_02553,1,0,1,false
3434,dlk_tbl_03266,1,0,1,false
3435,gob_tbl_00465,1,0,1,false
3436,gob_tbl_02502,1,0,1,false
3437,std_tbl_02168,1,0,1,false
3438,gob_tbl_01115,1,0,1,false
3439,gob_tbl_00342,1,0,1,false
3440,dlk_tbl_01160,1,0,1,false
3441,dlk_tbl_00885,1,0,1,false
3442,dash_tbl_01155,1,0,1,false
3443,dlk_tbl_00711,1,0,1,false
3444,proc_tbl_01715,1,0,1,false
3445,gob_tbl_00439,1,0,1,false
3446,dlk_tbl_01010,1,0,1,false
3447,gob_tbl_00950,1,0,1,false
3448,proc_tbl_03178,1,0,1,false
3449,dlk_tbl_03137,1,0,1,false
3450,gob_tbl_02686,1,0,1,false
3451,gob_tbl_02217,1,0,1,false
3452,dlk_tbl_00477,1,0,1,false
3453,dlk_tbl_01942,1,0,1,false
3454,gob_tbl_02653,1,0,1,false
3455,dash_tbl_01191,1,0,1,false
3456,gob_tbl_00077,1,0,1,false
3457,gob_tbl_00407,1,0,1,false
3458,dash_tbl_00861,1,0,1,false
3459,dlk_tbl_01406,1,0,1,false
3460,dlk_tbl_00382,1,0,1,false
3461,gob_tbl_02015,1,0,1,false
3462,proc_tbl_03033,1,0,1,false
3463,dlk_tbl_00707,1,0,1,false
3464,dlk_tbl_02094,1,0,1,false
3465,dash_tbl_00777,1,0,1,false
3466,dlk_tbl_00015,1,0,1,false
3467,gob_tbl_03053,1,0,1,false
3468,dlk_tbl_02177,1,0,1,false
3469,gob_tbl_02941,1,0,1,false
3470,gob_tbl_00937,1,0,1,false
3471,dlk_tbl_02972,1,0,1,false
3472,dlk_tbl_01957,1,0,1,false
3473,dlk_tbl_00531,1,0,1,false
3474,dlk_tbl_01591,1,0,1,false
3475,gob_tbl_01103,1,0,1,false
3476,dlk_tbl_00284,1,0,1,false
3477,dlk_tbl_01316,1,0,1,false
3478,proc_tbl_00361,1,0,1,false
3479,gob_tbl_02868,1,0,1,false
3480,gob_tbl_00574,1,0,1,false
3481,gob_tbl_00731,1,0,1,false
3482,proc_tbl_01172,1,0,1,false
3483,proc_tbl_02787,1,0,1,false
3484,proc_tbl_01694,1,0,1,false
3485,dlk_tbl_01432,1,0,1,false
3486,proc_tbl_00928,1,0,1,false
3487,dlk_tbl_00842,1,0,1,false
3488,gob_tbl_00452,1,0,1,false
3489,std_tbl_01719,1,0,1,false
3490,gob_tbl_02352,1,0,1,false
3491,proc_tbl_03283,1,0,1,false
3492,gob_tbl_01159,1,0,1,false
3493,dlk_tbl_01978,1,0,1,false
3494,dash_tbl_01215,1,0,1,false
3495,proc_tbl_00133,1,0,1,false
3496,gob_tbl_01078,1,0,1,false
3497,dlk_tbl_02077,1,0,1,false
3498,gob_tbl_00280,1,0,1,false
3499,dash_tbl_02838,1,0,1,false
3500,gob_tbl_02569,1,0,1,false
3501,gob_tbl_01768,1,0,1,false
3502,gob_tbl_00165,1,0,1,false
3503,gob_tbl_02182,1,0,1,false
3504,dlk_tbl_02989,1,0,1,false
3505,dlk_tbl_01310,1,0,1,false
3506,proc_tbl_00523,1,0,1,false
3507,proc_ext_00272,1,1,0,false
3508,dlk_tbl_00278,1,0,1,false
3509,std_tbl_00700,1,0,1,false
3510,proc_tbl_00614,1,0,1,false
3511,dlk_tbl_00589,1,0,1,false
3512,dash_tbl_02822,1,0,1,false
3513,proc_tbl_03080,1,0,1,false
3514,gob_tbl_02363,1,0,1,false
3515,dlk_tbl_03057,1,0,1,false
3516,std_tbl_02638,1,0,1,false
3517,gob_tbl_00123,1,0,1,false
3518,dlk_ext_00363,1,1,0,false
3519,gob_tbl_02877,1,0,1,false
3520,proc_tbl_02073,1,0,1,false
3521,dlk_tbl_00265,1,0,1,false
3522,dlk_tbl_00985,1,0,1,false
3523,gob_tbl_03276,1,0,1,false
3524,proc_tbl_02449,1,0,1,false
3525,gob_tbl_00802,1,0,1,false
3526,gob_tbl_03025,1,0,1,false
3527,dlk_tbl_01903,1,0,1,false
3528,dlk_tbl_01006,1,0,1,false
3529,gob_tbl_02533,1,0,1,false
3530,gob_ext_00182,1,1,0,false
3531,gob_tbl_01922,1,0,1,false
3532,gob_tbl_01466,1,0,1,false
3533,dash_tbl_00402,1,0,1,false
3534,proc_tbl_01427,1,0,1,false
3535,gob_tbl_02758,1,0,1,false
3536,dlk_tbl_01545,1,0,1,false
3537,gob_tbl_02215,1,0,1,false
3538,gob_tbl_01948,1,0,1,false
3539,dash_tbl_02118,1,0,1,false
3540,gob_tbl_01717,1,0,1,false
3541,gob_tbl_02349,1,0,1,false
3542,dlk_tbl_02851,1,0,1,false
3543,proc_tbl_03114,1,0,1,false
3544,dlk_tbl_01799,1,0,1,false
3545,dlk_tbl_02507,1,0,1,false
3546,proc_tbl_01919,1,0,1,false
3547,dlk_tbl_02786,1,0,1,false
3548,gob_tbl_01400,1,0,1,false
3549,gob_tbl_01635,1,0,1,false
3550,dlk_tbl_01156,1,0,1,false
3551,ppn_tbl_00064,1,0,1,false
3552,gob_tbl_00451,1,0,1,false
3553,dlk_tbl_01626,1,0,1,false
3554,gob_tbl_02137,1,0,1,false
3555,std_tbl_01274,1,0,1,false
3556,gob_tbl_00471,1,0,1,false
3557,gob_tbl_00021,1,0,1,false
3558,gob_tbl_01930,1,0,1,false
3559,gob_tbl_02874,1,0,1,false
3560,gob_tbl_00447,1,0,1,false
3561,dlk_tbl_02626,1,0,1,false
3562,gob_tbl_02150,1,0,1,false
3563,gob_tbl_02485,1,0,1,false
3564,gob_tbl_01929,1,0,1,false
3565,proc_tbl_00872,1,0,1,false
3566,proc_tbl_02386,1,0,1,false
3567,proc_tbl_00898,1,0,1,false
3568,gob_tbl_00588,1,0,1,false
3569,dlk_tbl_02488,1,0,1,false
3570,dlk_tbl_01024,1,0,1,false
3571,dlk_ext_00193,1,1,0,false
3572,dash_tbl_00462,1,0,1,false
3573,dlk_tbl_02116,1,0,1,false
3574,std_tbl_00222,1,0,1,false
3575,dlk_tbl_01968,1,0,1,false
3576,dlk_tbl_02438,1,0,1,false
3577,std_tbl_03197,1,0,1,false
3578,gob_tbl_01412,1,0,1,false
3579,dlk_tbl_02300,1,0,1,false
3580,gob_tbl_01381,1,0,1,false
3581,dlk_tbl_02461,1,0,1,false
3582,dlk_tbl_01195,1,0,1,false
3583,dlk_tbl_02624,1,0,1,false
3584,gob_tbl_01598,1,0,1,false
3585,gob_tbl_02180,1,0,1,false
3586,gob_tbl_00484,1,0,1,false
3587,ppn_tbl_00075,1,0,1,false
3588,proc_tbl_03154,1,0,1,false
3589,gob_tbl_01337,1,0,1,false
3590,dlk_tbl_00056,1,0,1,false
3591,proc_tbl_01571,1,0,1,false
3592,dlk_tbl_02729,1,0,1,false
3593,proc_tbl_01816,1,0,1,false
3594,proc_tbl_00049,1,0,1,false
3595,dlk_tbl_02957,1,0,1,false
3596,gob_tbl_02412,1,0,1,false
3597,dlk_tbl_00862,1,0,1,false
3598,dlk_tbl_00557,1,0,1,false
3599,dlk_tbl_01538,1,0,1,false
3600,gob_tbl_01428,1,0,1,false
3601,dlk_tbl_01618,1,0,1,false
3602,proc_tbl_02009,1,0,1,false
3603,dlk_tbl_02111,1,0,1,false
3604,dlk_tbl_02834,1,0,1,false
3605,dlk_tbl_03265,1,0,1,false
3606,dlk_tbl_00082,1,0,1,false
3607,gob_tbl_03218,1,0,1,false
3608,dlk_tbl_01550,1,0,1,false
3609,dlk_tbl_02337,1,0,1,false
3610,gob_tbl_02061,1,0,1,false
3611,proc_tbl_01986,1,0,1,false
3612,dash_tbl_00543,1,0,1,false
3613,dlk_tbl_00535,1,0,1,false
3614,dlk_tbl_02548,1,0,1,false
3615,std_tbl_00810,1,0,1,false
3616,gob_tbl_00651,1,0,1,false
3617,dlk_tbl_00513,1,0,1,false
3618,dash_tbl_02376,1,0,1,false
3619,dlk_tbl_03252,1,0,1,false
3620,dlk_tbl_02867,1,0,1,false
3621,gob_tbl_00773,1,0,1,false
3622,dlk_tbl_02396,1,0,1,false
3623,dlk_tbl_02974,1,0,1,false
3624,proc_tbl_02360,1,0,1,false
3625,dlk_tbl_03149,1,0,1,false
3626,gob_tbl_03253,1,0,1,false
3627,gob_ext_00361,1,1,0,false
3628,m4vw_tbl_00955,1,0,1,false
3629,dlk_tbl_01226,1,0,1,false
3630,dlk_tbl_02849,1,0,1,false
3631,dlk_tbl_00398,1,0,1,false
3632,dlk_tbl_00524,1,0,1,false
3633,gob_tbl_00829,1,0,1,false
3634,proc_tbl_02639,1,0,1,false
3635,m4sco_tbl_02529,1,0,1,false
3636,gob_tbl_01354,1,0,1,false
3637,proc_tbl_01042,1,0,1,false
3638,dlk_tbl_00667,1,0,1,false
3639,m4vw_tbl_01932,1,0,1,false
3640,dlk_tbl_00607,1,0,1,false
3641,proc_tbl_00917,1,0,1,false
3642,dash_tbl_02807,1,0,1,false
3643,dlk_tbl_00987,1,0,1,false
3644,dlk_tbl_02857,1,0,1,false
3645,proc_tbl_02872,1,0,1,false
3646,gob_tbl_01338,1,0,1,false
3647,dlk_tbl_01665,1,0,1,false
3648,dlk_tbl_02330,1,0,1,false
3649,gob_tbl_01804,1,0,1,false
3650,dlk_tbl_01724,1,0,1,false
3651,dlk_tbl_00436,1,0,1,false
3652,std_tbl_03018,1,0,1,false
3653,dlk_tbl_01880,1,0,1,false
3654,std_tbl_02914,1,0,1,false
3655,gob_tbl_02292,1,0,1,false
3656,dlk_tbl_02108,1,0,1,false
3657,gob_tbl_01190,1,0,1,false
3658,proc_tbl_02174,1,0,1,false
3659,dlk_tbl_00888,1,0,1,false
3660,dlk_tbl_01646,1,0,1,false
3661,dlk_tbl_00630,1,0,1,false
3662,dlk_tbl_00537,1,0,1,false
3663,ppn_tbl_02828,1,0,1,false
3664,gob_tbl_00902,1,0,1,false
3665,dlk_tbl_02426,1,0,1,false
3666,gob_tbl_01446,1,0,1,false
3667,gob_tbl_01167,1,0,1,false
3668,proc_tbl_01867,1,0,1,false
3669,proc_tbl_02105,1,0,1,false
3670,dlk_tbl_01576,1,0,1,false
3671,gob_tbl_03271,1,0,1,false
3672,gob_tbl_02831,1,0,1,false
3673,dlk_tbl_03006,1,0,1,false
3674,std_tbl_00020,1,0,1,false
3675,proc_tbl_01035,1,0,1,false
3676,dlk_tbl_02690,1,0,1,false
3677,m4vw_tbl_00690,1,0,1,false
3678,dlk_tbl_02056,1,0,1,false
3679,proc_tbl_02516,1,0,1,false
3680,dash_tbl_02072,1,0,1,false
3681,gob_tbl_00570,1,0,1,false
3682,dlk_tbl_01045,1,0,1,false
3683,proc_ext_00315,1,1,0,false
3684,gob_tbl_00920,1,0,1,false
3685,ppn_tbl_00412,1,0,1,false
3686,std_tbl_00296,1,0,1,false
3687,dlk_tbl_03123,1,0,1,false
3688,dash_tbl_00098,1,0,1,false
3689,dlk_tbl_01290,1,0,1,false
3690,gob_ext_00480,1,1,0,false
3691,proc_tbl_03012,1,0,1,false
3692,gob_tbl_01465,1,0,1,false
3693,gob_tbl_01713,1,0,1,false
3694,gob_tbl_01648,1,0,1,false
3695,proc_tbl_01208,1,0,1,false
3696,dash_tbl_01707,1,0,1,false
3697,dlk_tbl_02512,1,0,1,false
3698,gob_tbl_01144,1,0,1,false
3699,dlk_tbl_02222,1,0,1,false
3700,dlk_tbl_01888,1,0,1,false
3701,dlk_tbl_00538,1,0,1,false
3702,proc_tbl_00208,1,0,1,false
3703,proc_tbl_02562,1,0,1,false
3704,dlk_tbl_02195,1,0,1,false
3705,gob_tbl_02321,1,0,1,false
3706,dlk_tbl_00967,1,0,1,false
3707,gob_tbl_01741,1,0,1,false
3708,dlk_tbl_02705,1,0,1,false
3709,gob_tbl_03008,1,0,1,false
3710,gob_tbl_02927,1,0,1,false
3711,dlk_tbl_00637,1,0,1,false
3712,dash_tbl_02303,1,0,1,false
3713,m4sco_tbl_02801,1,0,1,false
3714,m4sco_tbl_01296,1,0,1,false
3715,std_ext_00424,1,1,0,false
3716,dlk_tbl_01759,1,0,1,false
3717,proc_tbl_01983,1,0,1,false
3718,dlk_tbl_02028,1,0,1,false
3719,gob_tbl_01824,1,0,1,false
3720,dlk_tbl_02784,1,0,1,false
3721,gob_tbl_00458,1,0,1,false
3722,dlk_tbl_00921,1,0,1,false
3723,dlk_tbl_03066,1,0,1,false
3724,dlk_tbl_01841,1,0,1,false
3725,dlk_tbl_01556,1,0,1,false
3726,proc_ext_00091,1,1,0,false
3727,gob_tbl_00724,1,0,1,false
3728,gob_tbl_01106,1,0,1,false
3729,dash_tbl_01730,1,0,1,false
3730,std_tbl_02038,1,0,1,false
3731,dlk_tbl_02936,1,0,1,false
3732,gob_tbl_03158,1,0,1,false
3733,gob_tbl_01790,1,0,1,false
3734,gob_tbl_01734,1,0,1,false
3735,dlk_tbl_02946,1,0,1,false
3736,gob_tbl_00870,1,0,1,false
3737,gob_tbl_02243,1,0,1,false
3738,gob_tbl_00954,1,0,1,false
3739,gob_tbl_00682,1,0,1,false
3740,proc_tbl_01800,1,0,1,false
3741,m4sco_tbl_00193,1,0,1,false
3742,dlk_tbl_00765,1,0,1,false
3743,std_tbl_00248,1,0,1,false
3744,gob_tbl_01751,1,0,1,false
3745,dlk_tbl_00063,1,0,1,false
3746,std_tbl_01404,1,0,1,false
3747,dlk_ext_00273,1,1,0,false
3748,proc_tbl_01118,1,0,1,false
3749,gob_tbl_01586,1,0,1,false
3750,proc_tbl_02688,1,0,1,false
3751,gob_tbl_01675,1,0,1,false
3752,dlk_tbl_00729,1,0,1,false
3753,gob_tbl_02135,1,0,1,false
3754,gob_tbl_03075,1,0,1,false
3755,gob_tbl_00951,1,0,1,false
3756,m4vw_tbl_00910,1,0,1,false
3757,dash_tbl_02815,1,0,1,false
3758,gob_tbl_01581,1,0,1,false
3759,gob_tbl_02864,1,0,1,false
3760,dlk_tbl_02172,1,0,1,false
3761,proc_tbl_02043,1,0,1,false
3762,dlk_tbl_01976,1,0,1,false
3763,gob_ext_00263,1,1,0,false
3764,gob_tbl_01881,1,0,1,false
3765,gob_tbl_00503,1,0,1,false
3766,m4vw_tbl_02703,1,0,1,false
3767,gob_tbl_02490,1,0,1,false
