rank,table_name,frequency,as_source,as_target,is_contested
1,gob_ext_00072,23,23,0,false
2,dash_ext_00400,21,21,0,false
3,gob_ext_00025,20,20,0,false
4,gob_ext_00314,20,20,0,false
5,gob_ext_00272,20,20,0,false
6,dash_ext_00480,20,20,0,false
7,dash_ext_00378,20,20,0,false
8,gob_ext_00308,19,19,0,false
9,dlk_ext_00404,19,19,0,false
10,dlk_ext_00183,19,19,0,false
11,dlk_ext_00365,18,18,0,false
12,dash_ext_00427,18,18,0,false
13,gob_ext_00419,18,18,0,false
14,dlk_ext_00315,18,18,0,false
15,proc_ext_00127,18,18,0,false
16,dlk_ext_00224,18,18,0,false
17,dlk_ext_00360,18,18,0,false
18,dlk_ext_00242,18,18,0,false
19,dash_ext_00145,18,18,0,false
20,dash_ext_00436,18,18,0,false
21,dlk_ext_00397,17,17,0,false
22,dlk_ext_00106,17,17,0,false
23,gob_ext_00020,17,17,0,false
24,proc_ext_00036,17,17,0,false
25,dlk_ext_00021,17,17,0,false
26,dlk_ext_00322,17,17,0,false
27,gob_ext_00110,16,16,0,false
28,gob_ext_00259,16,16,0,false
29,gob_ext_00437,16,16,0,false
30,gob_ext_00364,16,16,0,false
31,gob_ext_00414,16,16,0,false
32,gob_ext_00189,16,16,0,false
33,proc_ext_00076,15,15,0,false
34,proc_ext_00450,15,15,0,false
35,gob_ext_00104,15,15,0,false
36,dlk_ext_00195,15,15,0,false
37,dlk_ext_00102,15,15,0,false
38,proc_ext_00311,15,15,0,false
39,gob_ext_00119,15,15,0,false
40,dlk_ext_00162,15,15,0,false
41,dlk_ext_00316,15,15,0,false
42,gob_ext_00181,15,15,0,false
43,gob_ext_00169,15,15,0,false
44,gob_ext_00064,14,14,0,false
45,gob_ext_00245,14,14,0,false
46,gob_ext_00482,14,14,0,false
47,gob_ext_00159,14,14,0,false
48,gob_ext_00083,14,14,0,false
49,dlk_ext_00250,14,14,0,false
50,dlk_ext_00366,14,14,0,false
51,gob_ext_00027,14,14,0,false
52,dlk_ext_00263,14,14,0,false
53,gob_ext_00258,14,14,0,false
54,proc_ext_00121,14,14,0,false
55,m4vw_ext_00135,13,13,0,false
56,gob_ext_00459,13,13,0,false
57,gob_ext_00486,13,13,0,false
58,gob_ext_00211,13,13,0,false
59,proc_ext_00283,13,13,0,false
60,dlk_ext_00158,13,13,0,false
61,dlk_ext_00395,13,13,0,false
62,proc_ext_00266,13,13,0,false
63,gob_ext_00455,13,13,0,false
64,proc_ext_00417,13,13,0,false
65,dlk_ext_00430,13,13,0,false
66,dash_ext_00099,13,13,0,false
67,gob_ext_00435,13,13,0,false
68,dlk_ext_00428,12,12,0,false
69,proc_ext_00038,12,12,0,false
70,ppn_ext_00089,12,12,0,false
71,gob_ext_00108,12,12,0,false
72,m4vw_ext_00201,12,12,0,false
73,dlk_ext_00309,12,12,0,false
74,proc_ext_00237,12,12,0,false
75,gob_ext_00161,12,12,0,false
76,gob_ext_00204,12,12,0,false
77,dlk_ext_00006,12,12,0,false
78,gob_ext_00023,12,12,0,false
79,gob_ext_00306,12,12,0,false
80,std_ext_00473,12,12,0,false
81,ppn_ext_00361,12,12,0,false
82,gob_ext_00294,11,11,0,false
83,gob_ext_00329,11,11,0,false
84,gob_ext_00070,11,11,0,false
85,gob_ext_00049,11,11,0,false
86,gob_ext_00261,11,11,0,false
87,dlk_ext_00443,11,11,0,false
88,gob_ext_00271,11,11,0,false
89,proc_ext_00409,11,11,0,false
90,dlk_ext_00128,11,11,0,false
91,proc_ext_00394,11,11,0,false
92,gob_ext_00243,11,11,0,false
93,proc_ext_00457,11,11,0,false
94,gob_ext_00093,11,11,0,false
95,gob_ext_00123,11,11,0,false
96,gob_ext_00044,11,11,0,false
97,dash_ext_00390,11,11,0,false
98,dash_ext_00373,11,11,0,false
99,proc_ext_00317,11,11,0,false
100,dlk_ext_00290,11,11,0,false
101,gob_ext_00096,11,11,0,false
102,std_ext_00034,11,11,0,false
103,dlk_ext_00152,10,10,0,false
104,gob_ext_00413,10,10,0,false
105,dlk_ext_00255,10,10,0,false
106,gob_ext_00112,10,10,0,false
107,dlk_ext_00483,10,10,0,false
108,gob_ext_00103,10,10,0,false
109,dlk_ext_00226,10,10,0,false
110,dlk_ext_00340,10,10,0,false
111,proc_ext_00447,10,10,0,false
112,dlk_ext_00154,10,10,0,false
113,dash_tbl_00998,10,9,1,false
114,dash_ext_00453,10,10,0,false
115,dlk_ext_00107,10,10,0,false
116,gob_ext_00376,10,10,0,false
117,dlk_ext_00412,10,10,0,false
118,dlk_ext_00000,10,10,0,false
119,dash_ext_00073,10,10,0,false
120,dlk_ext_00352,10,10,0,false
121,std_ext_00267,10,10,0,false
122,proc_ext_00139,10,10,0,false
123,dash_ext_00346,10,10,0,false
124,gob_ext_00274,10,10,0,false
125,dlk_tbl_00399,9,8,1,false
126,dlk_ext_00116,9,9,0,false
127,dlk_ext_00160,9,9,0,false
128,gob_tbl_01528,9,8,1,false
129,dash_ext_00458,9,9,0,false
130,gob_ext_00091,9,9,0,false
131,gob_tbl_03248,9,8,1,false
132,gob_ext_00355,9,9,0,false
133,dlk_ext_00465,9,9,0,false
134,gob_tbl_01272,9,8,1,false
135,dlk_ext_00194,9,9,0,false
136,gob_ext_00276,9,9,0,false
137,dlk_ext_00337,9,9,0,false
138,dlk_ext_00144,9,9,0,false
139,proc_tbl_00115,9,8,1,false
140,proc_ext_00234,9,9,0,false
141,proc_ext_00202,9,9,0,false
142,gob_ext_00247,9,9,0,false
143,gob_ext_00277,9,9,0,false
144,proc_tbl_00323,9,8,1,false
145,proc_ext_00061,9,9,0,false
146,gob_ext_00336,9,9,0,false
147,dlk_tbl_02867,9,8,1,false
148,dlk_ext_00357,9,9,0,false
149,dlk_ext_00411,9,9,0,false
150,gob_ext_00303,9,9,0,false
151,proc_ext_00041,9,9,0,false
152,dash_ext_00392,9,9,0,false
153,gob_ext_00298,9,9,0,false
154,dlk_tbl_02876,9,8,1,false
155,proc_ext_00213,9,9,0,false
156,gob_tbl_03023,8,7,1,false
157,dlk_tbl_02356,8,7,1,false
158,gob_ext_00328,8,8,0,false
159,gob_ext_00335,8,8,0,false
160,gob_ext_00230,8,8,0,false
161,gob_tbl_01130,8,7,1,false
162,dlk_ext_00244,8,8,0,false
163,gob_ext_00282,8,8,0,false
164,gob_ext_00216,8,8,0,false
165,proc_ext_00423,8,8,0,false
166,dash_ext_00078,8,8,0,false
167,gob_ext_00474,8,8,0,false
168,dlk_tbl_02028,8,7,1,false
169,gob_tbl_01438,8,7,1,false
170,gob_tbl_01236,8,7,1,false
171,proc_ext_00253,8,8,0,false
172,gob_tbl_03279,8,7,1,false
173,dash_tbl_00254,8,7,1,false
174,dlk_ext_00200,8,8,0,false
175,dlk_tbl_00065,8,7,1,false
176,m4sco_ext_00053,8,8,0,false
177,dash_tbl_01048,8,7,1,false
178,proc_tbl_01776,8,7,1,false
179,dlk_tbl_02150,8,7,1,false
180,gob_tbl_01796,8,7,1,false
181,gob_tbl_00696,8,7,1,false
182,dlk_ext_00175,8,8,0,false
183,dash_ext_00114,8,8,0,false
184,gob_tbl_02638,8,7,1,false
185,gob_tbl_01774,8,7,1,false
186,dlk_ext_00048,8,8,0,false
187,proc_ext_00015,8,8,0,false
188,gob_ext_00399,8,8,0,false
189,dlk_ext_00084,8,8,0,false
190,dlk_ext_00193,8,8,0,false
191,m4vw_ext_00251,8,8,0,false
192,dlk_tbl_01923,8,7,1,false
193,std_tbl_01627,8,6,2,true
194,gob_tbl_00615,8,7,1,false
195,gob_ext_00405,8,8,0,false
196,dlk_tbl_03129,8,7,1,false
197,gob_tbl_01453,8,7,1,false
198,gob_ext_00344,8,8,0,false
199,dlk_tbl_00404,8,7,1,false
200,gob_tbl_02623,8,7,1,false
201,gob_tbl_02355,7,6,1,false
202,gob_tbl_00434,7,6,1,false
203,std_ext_00262,7,7,0,false
204,dash_ext_00117,7,7,0,false
205,gob_tbl_03139,7,6,1,false
206,dlk_tbl_01654,7,6,1,false
207,dlk_ext_00451,7,7,0,false
208,proc_ext_00257,7,7,0,false
209,gob_tbl_01912,7,6,1,false
210,dash_ext_00087,7,7,0,false
211,gob_tbl_03095,7,6,1,false
212,gob_tbl_02855,7,6,1,false
213,proc_ext_00358,7,7,0,false
214,proc_tbl_01992,7,6,1,false
215,gob_tbl_02260,7,6,1,false
216,gob_ext_00323,7,7,0,false
217,gob_ext_00379,7,7,0,false
218,dlk_ext_00307,7,7,0,false
219,dash_tbl_00178,7,6,1,false
220,dlk_ext_00097,7,7,0,false
221,gob_ext_00086,7,7,0,false
222,gob_tbl_03245,7,6,1,false
223,gob_tbl_00290,7,6,1,false
224,gob_ext_00008,7,7,0,false
225,dlk_tbl_00056,7,6,1,false
226,dlk_tbl_02219,7,6,1,false
227,ppn_ext_00446,7,7,0,false
228,dlk_ext_00146,7,7,0,false
229,dlk_ext_00347,7,7,0,false
230,proc_tbl_00582,7,6,1,false
231,dlk_ext_00059,7,7,0,false
232,dlk_tbl_02519,7,6,1,false
233,dash_ext_00173,7,7,0,false
234,std_tbl_00262,7,6,1,false
235,dash_tbl_00462,7,6,1,false
236,dlk_tbl_02747,7,6,1,false
237,m4vw_ext_00002,7,7,0,false
238,dash_tbl_01183,7,6,1,false
239,dlk_tbl_00792,7,6,1,false
240,dash_tbl_02361,7,6,1,false
241,dlk_tbl_02783,7,6,1,false
242,dlk_ext_00192,7,7,0,false
243,dlk_tbl_02406,7,6,1,false
244,dlk_tbl_02939,7,6,1,false
245,gob_ext_00209,7,7,0,false
246,gob_ext_00177,7,7,0,false
247,dash_ext_00380,7,7,0,false
248,dlk_ext_00371,7,7,0,false
249,gob_tbl_02045,7,6,1,false
250,dash_ext_00463,7,7,0,false
251,gob_tbl_00585,7,6,1,false
252,gob_tbl_00603,7,6,1,false
253,dash_ext_00471,7,7,0,false
254,gob_tbl_00395,7,6,1,false
255,dlk_ext_00416,7,7,0,false
256,gob_tbl_01784,7,6,1,false
257,proc_tbl_01318,7,6,1,false
258,gob_ext_00138,7,7,0,false
259,dlk_ext_00273,7,7,0,false
260,gob_ext_00415,7,7,0,false
261,m4sco_ext_00047,7,7,0,false
262,dlk_ext_00444,7,7,0,false
263,dlk_ext_00264,7,7,0,false
264,std_tbl_01019,7,6,1,false
265,dlk_ext_00339,6,6,0,false
266,dlk_ext_00439,6,6,0,false
267,dlk_tbl_02514,6,5,1,false
268,gob_ext_00330,6,6,0,false
269,dlk_ext_00359,6,6,0,false
270,gob_tbl_02948,6,5,1,false
271,gob_tbl_01190,6,5,1,false
272,dlk_tbl_00953,6,5,1,false
273,gob_ext_00010,6,6,0,false
274,dash_ext_00133,6,6,0,false
275,gob_tbl_01361,6,5,1,false
276,dlk_ext_00240,6,6,0,false
277,dlk_tbl_01546,6,5,1,false
278,gob_ext_00484,6,6,0,false
279,gob_tbl_00937,6,5,1,false
280,gob_tbl_00820,6,5,1,false
281,gob_tbl_02264,6,5,1,false
282,dlk_ext_00071,6,6,0,false
283,dash_tbl_01171,6,5,1,false
284,gob_tbl_02511,6,5,1,false
285,m4vw_ext_00217,6,6,0,false
286,proc_ext_00229,6,6,0,false
287,dlk_ext_00407,6,6,0,false
288,proc_tbl_02587,6,5,1,false
289,dlk_tbl_00667,6,5,1,false
290,dlk_tbl_02049,6,5,1,false
291,dlk_tbl_00492,6,5,1,false
292,dlk_tbl_00303,6,5,1,false
293,gob_ext_00090,6,6,0,false
294,dash_tbl_02017,6,5,1,false
295,dlk_tbl_02778,6,5,1,false
296,dlk_tbl_03281,6,5,1,false
297,dash_ext_00050,6,6,0,false
298,dlk_tbl_02064,6,5,1,false
299,dlk_tbl_02708,6,5,1,false
300,dash_tbl_02431,6,5,1,false
301,gob_ext_00035,6,6,0,false
302,dlk_ext_00166,6,6,0,false
303,dlk_tbl_00470,6,5,1,false
304,m4sco_tbl_00838,6,5,1,false
305,proc_tbl_02662,6,5,1,false
306,gob_ext_00293,6,6,0,false
307,gob_tbl_03222,6,5,1,false
308,gob_ext_00187,6,6,0,false
309,gob_tbl_02417,6,5,1,false
310,gob_tbl_02667,6,5,1,false
311,dlk_ext_00051,6,6,0,false
312,dash_tbl_02211,6,5,1,false
313,proc_tbl_01098,6,5,1,false
314,dash_ext_00182,6,6,0,false
315,m4vw_tbl_01778,6,5,1,false
316,gob_ext_00151,6,6,0,false
317,gob_ext_00320,6,6,0,false
318,gob_ext_00350,6,6,0,false
319,proc_ext_00056,6,6,0,false
320,dlk_tbl_00561,6,5,1,false
321,dlk_ext_00368,6,6,0,false
322,dash_tbl_01984,6,5,1,false
323,proc_tbl_01837,6,5,1,false
324,dlk_tbl_01513,6,5,1,false
325,m4sco_tbl_00247,6,5,1,false
326,dlk_tbl_00510,6,5,1,false
327,gob_tbl_02409,6,5,1,false
328,m4sco_ext_00005,6,6,0,false
329,proc_ext_00383,6,6,0,false
330,gob_ext_00179,6,6,0,false
331,dlk_tbl_00447,6,5,1,false
332,proc_tbl_00902,6,5,1,false
333,gob_ext_00406,6,6,0,false
334,dlk_tbl_01111,6,5,1,false
335,std_tbl_01118,6,5,1,false
336,gob_tbl_01647,6,5,1,false
337,proc_ext_00176,6,6,0,false
338,dlk_tbl_03150,6,5,1,false
339,m4sco_tbl_03243,6,5,1,false
340,dlk_tbl_02787,6,5,1,false
341,gob_tbl_00867,6,5,1,false
342,gob_ext_00168,6,6,0,false
343,proc_ext_00333,6,6,0,false
344,gob_tbl_01579,6,5,1,false
345,dlk_ext_00312,6,6,0,false
346,dlk_tbl_01982,6,5,1,false
347,gob_ext_00130,6,6,0,false
348,dlk_tbl_03063,6,5,1,false
349,gob_tbl_02920,6,5,1,false
350,gob_tbl_00736,6,5,1,false
351,proc_ext_00231,6,6,0,false
352,gob_tbl_01980,6,5,1,false
353,dlk_ext_00456,6,6,0,false
354,proc_ext_00063,6,6,0,false
355,gob_tbl_01017,6,5,1,false
356,dlk_tbl_02488,6,5,1,false
357,proc_ext_00136,6,6,0,false
358,dlk_tbl_02455,6,5,1,false
359,gob_ext_00174,6,6,0,false
360,gob_ext_00032,6,6,0,false
361,dlk_ext_00214,6,6,0,false
362,dlk_ext_00081,6,6,0,false
363,gob_tbl_00454,6,5,1,false
364,dlk_tbl_01037,6,5,1,false
365,m4sco_tbl_02445,6,5,1,false
366,dlk_ext_00372,6,6,0,false
367,gob_ext_00039,6,6,0,false
368,dash_ext_00037,6,6,0,false
369,gob_tbl_02412,6,5,1,false
370,gob_tbl_03005,6,4,2,true
371,dlk_ext_00341,6,6,0,false
372,dlk_tbl_01507,6,5,1,false
373,dlk_tbl_00760,6,5,1,false
374,dlk_tbl_01012,6,5,1,false
375,dash_ext_00467,6,6,0,false
376,gob_ext_00239,6,6,0,false
377,dash_tbl_00522,6,5,1,false
378,gob_tbl_01025,6,5,1,false
379,proc_tbl_00457,6,5,1,false
380,gob_tbl_03054,6,5,1,false
381,gob_tbl_00335,6,5,1,false
382,dlk_tbl_00131,6,5,1,false
383,gob_ext_00221,6,6,0,false
384,m4sco_tbl_00233,6,5,1,false
385,gob_ext_00434,5,5,0,false
386,proc_tbl_02835,5,4,1,false
387,gob_tbl_02659,5,4,1,false
388,gob_tbl_02154,5,4,1,false
389,dlk_tbl_02352,5,4,1,false
390,dlk_tbl_02467,5,4,1,false
391,gob_tbl_01630,5,4,1,false
392,dlk_ext_00391,5,5,0,false
393,std_tbl_02548,5,4,1,false
394,dlk_ext_00068,5,5,0,false
395,m4sco_tbl_01603,5,4,1,false
396,dlk_tbl_00321,5,4,1,false
397,dlk_tbl_02065,5,4,1,false
398,gob_tbl_00896,5,4,1,false
399,dlk_tbl_00408,5,4,1,false
400,proc_tbl_01327,5,4,1,false
401,dlk_tbl_02320,5,4,1,false
402,dash_tbl_02502,5,4,1,false
403,gob_tbl_02736,5,4,1,false
404,gob_tbl_02301,5,4,1,false
405,gob_tbl_02275,5,4,1,false
406,proc_tbl_00552,5,4,1,false
407,dlk_tbl_02480,5,4,1,false
408,dlk_ext_00011,5,5,0,false
409,dash_tbl_00803,5,4,1,false
410,dlk_ext_00065,5,5,0,false
411,gob_ext_00092,5,5,0,false
412,gob_ext_00487,5,5,0,false
413,dlk_tbl_00265,5,4,1,false
414,proc_tbl_01333,5,4,1,false
415,dlk_tbl_01948,5,4,1,false
416,dlk_ext_00468,5,5,0,false
417,gob_tbl_02175,5,4,1,false
418,dlk_tbl_01805,5,4,1,false
419,dlk_tbl_00979,5,4,1,false
420,dlk_ext_00461,5,5,0,false
421,proc_tbl_00204,5,4,1,false
422,m4vw_tbl_00626,5,4,1,false
423,dlk_tbl_03298,5,4,1,false
424,gob_tbl_02172,5,4,1,false
425,dlk_tbl_00459,5,4,1,false
426,dlk_tbl_01495,5,4,1,false
427,proc_ext_00370,5,5,0,false
428,gob_tbl_01749,5,4,1,false
429,dlk_ext_00449,5,5,0,false
430,gob_tbl_00988,5,4,1,false
431,dlk_tbl_00161,5,4,1,false
432,proc_tbl_02256,5,4,1,false
433,dlk_tbl_02830,5,4,1,false
434,gob_tbl_00530,5,4,1,false
435,dlk_tbl_01245,5,4,1,false
436,proc_tbl_00854,5,4,1,false
437,dash_tbl_00808,5,4,1,false
438,ppn_tbl_02913,5,4,1,false
439,gob_tbl_00446,5,4,1,false
440,gob_tbl_03038,5,4,1,false
441,gob_tbl_03149,5,4,1,false
442,proc_tbl_01835,5,4,1,false
443,gob_tbl_01960,5,4,1,false
444,gob_tbl_02155,5,4,1,false
445,gob_tbl_00194,5,4,1,false
446,dash_tbl_00975,5,4,1,false
447,dlk_tbl_03047,5,4,1,false
448,dlk_tbl_00948,5,4,1,false
449,proc_tbl_00231,5,4,1,false
450,gob_ext_00270,5,5,0,false
451,dlk_ext_00218,5,5,0,false
452,gob_tbl_00592,5,4,1,false
453,dlk_ext_00343,5,5,0,false
454,dlk_tbl_02574,5,4,1,false
455,gob_tbl_03302,5,4,1,false
456,gob_tbl_02265,5,4,1,false
457,proc_ext_00442,5,5,0,false
458,dlk_tbl_02120,5,4,1,false
459,gob_tbl_00186,5,4,1,false
460,gob_ext_00001,5,5,0,false
461,gob_ext_00075,5,5,0,false
462,dlk_tbl_02592,5,4,1,false
463,gob_tbl_00180,5,4,1,false
464,dlk_tbl_00653,5,4,1,false
465,dash_ext_00396,5,5,0,false
466,gob_tbl_00299,5,4,1,false
467,proc_ext_00222,5,5,0,false
468,gob_tbl_01292,5,4,1,false
469,proc_tbl_00964,5,4,1,false
470,gob_ext_00292,5,5,0,false
471,dash_ext_00120,5,5,0,false
472,dlk_tbl_02600,5,4,1,false
473,dlk_ext_00386,5,5,0,false
474,gob_tbl_00599,5,4,1,false
475,proc_tbl_01716,5,4,1,false
476,gob_tbl_01718,5,4,1,false
477,gob_tbl_02102,5,4,1,false
478,gob_tbl_01177,5,4,1,false
479,gob_tbl_00422,5,4,1,false
480,gob_tbl_02255,5,4,1,false
481,dash_tbl_01761,5,4,1,false
482,dlk_ext_00477,5,5,0,false
483,gob_ext_00080,5,5,0,false
484,dlk_tbl_01309,5,4,1,false
485,gob_tbl_02949,5,4,1,false
486,dlk_tbl_02560,5,4,1,false
487,gob_tbl_03323,5,4,1,false
488,dlk_ext_00325,5,5,0,false
489,gob_tbl_01024,5,4,1,false
490,dlk_tbl_03253,5,4,1,false
491,proc_tbl_00590,5,4,1,false
492,gob_tbl_03137,5,4,1,false
493,gob_ext_00470,5,5,0,false
494,gob_tbl_01173,5,4,1,false
495,dlk_tbl_00839,5,4,1,false
496,dlk_ext_00143,5,5,0,false
497,gob_tbl_02580,5,4,1,false
498,gob_tbl_01601,5,4,1,false
499,dlk_tbl_00651,5,4,1,false
500,gob_tbl_02744,5,4,1,false
501,dlk_tbl_00508,5,4,1,false
502,dash_tbl_02695,5,4,1,false
503,dlk_tbl_02404,5,4,1,false
504,gob_tbl_02231,5,4,1,false
505,dlk_tbl_01650,5,4,1,false
506,dlk_tbl_02927,5,4,1,false
507,gob_tbl_02125,5,4,1,false
508,gob_tbl_03236,5,4,1,false
509,proc_tbl_00452,5,4,1,false
510,gob_tbl_03309,5,4,1,false
511,dlk_ext_00475,5,5,0,false
512,dlk_tbl_01123,5,4,1,false
513,proc_tbl_02750,5,4,1,false
514,proc_tbl_01617,5,4,1,false
515,gob_tbl_01635,5,4,1,false
516,dlk_tbl_01066,5,4,1,false
517,dlk_tbl_02136,5,4,1,false
518,ppn_tbl_01200,5,4,1,false
519,std_ext_00318,5,5,0,false
520,dlk_tbl_01472,5,4,1,false
521,gob_tbl_02190,5,4,1,false
522,gob_ext_00149,5,5,0,false
523,dlk_tbl_00037,5,4,1,false
524,gob_tbl_02129,5,4,1,false
525,dlk_tbl_01149,5,4,1,false
526,dlk_tbl_01868,5,4,1,false
527,gob_tbl_01504,5,4,1,false
528,dlk_tbl_02291,5,4,1,false
529,dlk_tbl_01570,5,4,1,false
530,gob_tbl_01341,5,4,1,false
531,gob_tbl_00709,5,4,1,false
532,dlk_tbl_03006,5,4,1,false
533,gob_tbl_02151,5,4,1,false
534,proc_tbl_01931,5,4,1,false
535,gob_ext_00381,5,5,0,false
536,dlk_ext_00042,5,5,0,false
537,gob_tbl_00008,5,4,1,false
538,dlk_tbl_01280,5,4,1,false
539,dlk_tbl_01162,5,4,1,false
540,dash_tbl_01184,5,4,1,false
541,dash_tbl_02974,5,4,1,false
542,dlk_ext_00338,5,5,0,false
543,proc_ext_00067,5,5,0,false
544,dlk_tbl_02430,5,4,1,false
545,std_tbl_02688,5,4,1,false
546,dlk_tbl_02020,5,4,1,false
547,dlk_ext_00170,5,5,0,false
548,proc_tbl_00272,5,4,1,false
549,dlk_ext_00219,5,5,0,false
550,gob_tbl_01094,5,4,1,false
551,dlk_tbl_02276,5,4,1,false
552,gob_tbl_02215,5,4,1,false
553,proc_tbl_02637,4,3,1,false
554,gob_tbl_00731,4,3,1,false
555,gob_ext_00408,4,4,0,false
556,dlk_tbl_00105,4,3,1,false
557,gob_tbl_03257,4,3,1,false
558,dash_tbl_03157,4,3,1,false
559,m4vw_tbl_02805,4,3,1,false
560,m4vw_ext_00286,4,4,0,false
561,dlk_tbl_01122,4,3,1,false
562,gob_tbl_02377,4,3,1,false
563,gob_ext_00062,4,4,0,false
564,proc_ext_00077,4,4,0,false
565,dlk_tbl_02432,4,3,1,false
566,gob_ext_00296,4,4,0,false
567,dlk_tbl_01381,4,3,1,false
568,dash_tbl_03122,4,3,1,false
569,proc_tbl_01804,4,3,1,false
570,dlk_tbl_00023,4,3,1,false
571,proc_tbl_01124,4,3,1,false
572,dlk_tbl_01071,4,3,1,false
573,dlk_tbl_02528,4,3,1,false
574,dlk_tbl_00053,4,3,1,false
575,dlk_tbl_03109,4,3,1,false
576,m4sco_tbl_01252,4,3,1,false
577,dlk_tbl_01243,4,3,1,false
578,proc_tbl_01256,4,3,1,false
579,dlk_tbl_03001,4,3,1,false
580,gob_tbl_02303,4,3,1,false
581,gob_tbl_02539,4,3,1,false
582,proc_ext_00248,4,4,0,false
583,dlk_tbl_00560,4,3,1,false
584,gob_tbl_01349,4,3,1,false
585,m4sco_tbl_00058,4,3,1,false
586,gob_tbl_00782,4,3,1,false
587,proc_tbl_01762,4,3,1,false
588,dlk_tbl_02679,4,3,1,false
589,gob_tbl_01408,4,3,1,false
590,dash_tbl_02899,4,3,1,false
591,dlk_tbl_02170,4,3,1,false
592,dash_tbl_03004,4,3,1,false
593,dlk_tbl_02057,4,3,1,false
594,gob_tbl_00033,4,3,1,false
595,dlk_tbl_02639,4,3,1,false
596,dlk_tbl_00083,4,3,1,false
597,gob_tbl_02973,4,3,1,false
598,gob_tbl_00448,4,3,1,false
599,m4vw_tbl_01903,4,3,1,false
600,gob_tbl_02754,4,3,1,false
601,gob_tbl_01427,4,3,1,false
602,dlk_tbl_02089,4,3,1,false
603,dlk_tbl_00141,4,3,1,false
604,dlk_tbl_02904,4,3,1,false
605,gob_tbl_00656,4,3,1,false
606,m4vw_tbl_02405,4,3,1,false
607,gob_ext_00188,4,4,0,false
608,proc_tbl_01559,4,3,1,false
609,dlk_tbl_02033,4,3,1,false
610,dash_tbl_01610,4,3,1,false
611,dlk_tbl_00192,4,3,1,false
612,dlk_tbl_01900,4,3,1,false
613,proc_tbl_02808,4,3,1,false
614,m4vw_ext_00398,4,4,0,false
615,gob_tbl_00144,4,3,1,false
616,proc_tbl_01536,4,3,1,false
617,dlk_ext_00026,4,4,0,false
618,dlk_tbl_00634,4,3,1,false
619,gob_tbl_01311,4,3,1,false
620,dash_tbl_03260,4,3,1,false
621,gob_tbl_00730,4,3,1,false
622,dlk_tbl_02635,4,3,1,false
623,gob_tbl_00525,4,3,1,false
624,dlk_tbl_00883,4,3,1,false
625,dlk_tbl_00872,4,3,1,false
626,dash_tbl_03003,4,3,1,false
627,gob_tbl_03066,4,3,1,false
628,proc_tbl_00230,4,3,1,false
629,gob_tbl_01447,4,3,1,false
630,gob_tbl_02989,4,3,1,false
631,gob_tbl_00807,4,3,1,false
632,std_ext_00393,4,4,0,false
633,dlk_ext_00060,4,4,0,false
634,proc_tbl_01313,4,3,1,false
635,gob_tbl_00683,4,3,1,false
636,gob_tbl_00426,4,3,1,false
637,gob_tbl_02697,4,3,1,false
638,gob_ext_00476,4,4,0,false
639,gob_tbl_01642,4,3,1,false
640,gob_tbl_02109,4,3,1,false
641,gob_tbl_02334,4,3,1,false
642,dlk_ext_00256,4,4,0,false
643,gob_ext_00018,4,4,0,false
644,dlk_tbl_02535,4,3,1,false
645,dlk_tbl_01265,4,3,1,false
646,dlk_tbl_00030,4,3,1,false
647,proc_tbl_00815,4,3,1,false
648,dlk_ext_00054,4,4,0,false
649,gob_tbl_03075,4,3,1,false
650,proc_tbl_01946,4,3,1,false
651,dlk_tbl_00628,4,3,1,false
652,proc_tbl_02801,4,3,1,false
653,gob_tbl_00814,4,3,1,false
654,dlk_tbl_00633,4,3,1,false
655,std_tbl_02115,4,3,1,false
656,dlk_tbl_01839,4,3,1,false
657,gob_tbl_00107,4,3,1,false
658,dlk_tbl_01382,4,3,1,false
659,dlk_tbl_00733,4,3,1,false
660,dlk_tbl_01102,4,3,1,false
661,dlk_ext_00279,4,4,0,false
662,gob_tbl_02669,4,3,1,false
663,gob_tbl_00078,4,3,1,false
664,dlk_tbl_01551,4,3,1,false
665,gob_tbl_02858,4,3,1,false
666,dlk_tbl_03026,4,3,1,false
667,gob_tbl_02061,4,3,1,false
668,gob_tbl_01235,4,3,1,false
669,gob_tbl_01091,4,3,1,false
670,dash_tbl_01521,4,3,1,false
671,dash_tbl_00368,4,3,1,false
672,gob_tbl_02881,4,3,1,false
673,dash_tbl_01244,4,3,1,false
674,proc_tbl_02911,4,3,1,false
675,dash_tbl_03272,4,3,1,false
676,dlk_tbl_01763,4,3,1,false
677,dlk_tbl_02905,4,3,1,false
678,proc_tbl_01560,4,3,1,false
679,gob_tbl_01263,4,3,1,false
680,dlk_tbl_00244,4,3,1,false
681,gob_tbl_00999,4,3,1,false
682,dlk_tbl_00478,4,3,1,false
683,gob_tbl_02728,4,3,1,false
684,dlk_tbl_00499,4,3,1,false
685,proc_tbl_02839,4,3,1,false
686,proc_tbl_01818,4,3,1,false
687,gob_tbl_00850,4,3,1,false
688,gob_tbl_02299,4,3,1,false
689,dash_tbl_01867,4,3,1,false
690,gob_tbl_00617,4,3,1,false
691,std_tbl_02461,4,3,1,false
692,dash_tbl_00069,4,3,1,false
693,dlk_tbl_01399,4,3,1,false
694,proc_tbl_01255,4,3,1,false
695,std_tbl_01693,4,3,1,false
696,gob_tbl_02551,4,3,1,false
697,gob_tbl_01609,4,3,1,false
698,dash_tbl_02346,4,3,1,false
699,m4vw_tbl_02293,4,3,1,false
700,dlk_tbl_00966,4,3,1,false
701,dlk_ext_00265,4,4,0,false
702,dlk_tbl_00264,4,3,1,false
703,gob_tbl_02525,4,3,1,false
704,gob_tbl_00310,4,3,1,false
705,dash_tbl_01918,4,3,1,false
706,std_tbl_03065,4,3,1,false
707,proc_tbl_03154,4,3,1,false
708,gob_tbl_01537,4,3,1,false
709,dlk_tbl_02224,4,3,1,false
710,dlk_tbl_00201,4,3,1,false
711,gob_tbl_00275,4,3,1,false
712,gob_tbl_02811,4,3,1,false
713,dlk_tbl_00674,4,3,1,false
714,proc_tbl_00012,4,3,1,false
715,dlk_tbl_00513,4,3,1,false
716,dlk_tbl_01197,4,3,1,false
717,dlk_tbl_00059,4,3,1,false
718,proc_tbl_00025,4,3,1,false
719,dlk_ext_00297,4,4,0,false
720,gob_tbl_01917,4,3,1,false
721,dlk_tbl_00253,4,3,1,false
722,dlk_tbl_00343,4,3,1,false
723,gob_tbl_01670,4,3,1,false
724,gob_tbl_01793,4,3,1,false
725,std_tbl_00414,4,3,1,false
726,dash_ext_00389,4,4,0,false
727,dlk_tbl_00578,4,3,1,false
728,proc_tbl_00929,4,3,1,false
729,m4sco_tbl_01588,4,3,1,false
730,gob_tbl_00127,4,3,1,false
731,dlk_tbl_02608,4,3,1,false
732,m4vw_tbl_01859,4,3,1,false
733,gob_tbl_01269,4,3,1,false
734,dlk_tbl_02106,4,3,1,false
735,dlk_tbl_02158,4,3,1,false
736,gob_tbl_03084,4,3,1,false
737,gob_tbl_01330,4,3,1,false
738,gob_tbl_01957,4,3,1,false
739,m4sco_tbl_02646,4,3,1,false
740,gob_tbl_02909,4,3,1,false
741,dlk_tbl_00357,4,3,1,false
742,dlk_tbl_03165,4,3,1,false
743,gob_tbl_01260,4,3,1,false
744,gob_tbl_02549,4,3,1,false
745,dlk_tbl_01987,4,3,1,false
746,dlk_ext_00228,4,4,0,false
747,gob_tbl_00509,4,3,1,false
748,dash_tbl_02038,4,3,1,false
749,dlk_tbl_02436,4,3,1,false
750,dlk_ext_00040,4,4,0,false
751,dlk_ext_00118,4,4,0,false
752,proc_tbl_00413,4,3,1,false
753,proc_tbl_01769,4,3,1,false
754,dlk_ext_00236,4,4,0,false
755,dlk_tbl_03234,4,2,2,true
756,gob_tbl_00349,4,3,1,false
757,dlk_tbl_02604,4,3,1,false
758,dash_tbl_03164,4,3,1,false
759,gob_tbl_03118,4,2,2,true
760,gob_tbl_01084,4,3,1,false
761,proc_tbl_01533,4,3,1,false
762,dlk_tbl_00154,4,3,1,false
763,ppn_tbl_00976,4,3,1,false
764,gob_tbl_02372,4,3,1,false
765,gob_tbl_03196,4,3,1,false
766,gob_tbl_01503,4,3,1,false
767,dlk_tbl_02518,4,3,1,false
768,gob_tbl_00242,4,3,1,false
769,gob_tbl_00306,4,3,1,false
770,dlk_tbl_00250,4,3,1,false
771,proc_ext_00052,4,4,0,false
772,gob_ext_00452,4,4,0,false
773,gob_tbl_01006,4,3,1,false
774,proc_ext_00156,4,4,0,false
775,proc_tbl_02870,4,3,1,false
776,dlk_tbl_02013,4,3,1,false
777,gob_tbl_01834,4,3,1,false
778,gob_tbl_01886,4,3,1,false
779,dlk_tbl_00442,4,3,1,false
780,gob_tbl_01604,4,3,1,false
781,dlk_tbl_02946,4,3,1,false
782,dlk_tbl_03000,4,3,1,false
783,gob_ext_00481,4,4,0,false
784,dlk_tbl_02743,4,3,1,false
785,dlk_tbl_01113,4,3,1,false
786,dlk_tbl_02775,4,3,1,false
787,dlk_tbl_00474,4,3,1,false
788,gob_tbl_01750,4,3,1,false
789,gob_tbl_02820,4,3,1,false
790,dlk_tbl_02945,4,3,1,false
791,proc_ext_00022,4,4,0,false
792,dash_tbl_01955,4,3,1,false
793,proc_ext_00124,4,4,0,false
794,dlk_tbl_00067,4,3,1,false
795,dash_tbl_02694,4,3,1,false
796,dlk_tbl_02371,4,3,1,false
797,dlk_tbl_01368,4,3,1,false
798,dash_tbl_02822,4,3,1,false
799,gob_ext_00478,4,4,0,false
800,dash_tbl_02400,4,3,1,false
801,dlk_tbl_00691,4,3,1,false
802,gob_tbl_02868,4,3,1,false
803,gob_tbl_03080,4,3,1,false
804,dlk_tbl_02825,4,3,1,false
805,std_tbl_00914,4,3,1,false
806,dlk_tbl_01176,4,3,1,false
807,gob_tbl_02843,4,3,1,false
808,proc_tbl_00636,4,3,1,false
809,gob_tbl_03009,4,3,1,false
810,m4sco_tbl_01728,4,3,1,false
811,dlk_tbl_02764,4,3,1,false
812,gob_tbl_01712,4,3,1,false
813,dash_tbl_03202,4,3,1,false
814,gob_tbl_01227,4,3,1,false
815,proc_tbl_02567,4,3,1,false
816,dlk_tbl_02071,4,3,1,false
817,dlk_ext_00029,4,4,0,false
818,gob_tbl_00445,4,3,1,false
819,gob_ext_00013,4,4,0,false
820,gob_ext_00300,4,4,0,false
821,dash_tbl_03078,4,3,1,false
822,gob_tbl_02118,4,3,1,false
823,gob_tbl_01598,4,3,1,false
824,proc_tbl_01337,4,3,1,false
825,dlk_tbl_01908,4,3,1,false
826,proc_tbl_01161,4,3,1,false
827,gob_tbl_00203,4,3,1,false
828,gob_ext_00210,4,4,0,false
829,proc_tbl_02610,4,3,1,false
830,gob_tbl_02279,4,3,1,false
831,gob_tbl_02068,4,3,1,false
832,dlk_tbl_01925,4,3,1,false
833,dlk_tbl_01659,4,3,1,false
834,dash_ext_00057,4,4,0,false
835,dash_tbl_00719,4,3,1,false
836,gob_tbl_00007,4,3,1,false
837,gob_tbl_02503,4,3,1,false
838,proc_tbl_02954,4,3,1,false
839,dash_tbl_02210,4,3,1,false
840,dlk_tbl_02871,4,3,1,false
841,proc_tbl_01022,4,3,1,false
842,gob_tbl_02026,4,3,1,false
843,gob_tbl_02018,4,3,1,false
844,dlk_tbl_03025,4,3,1,false
845,dash_tbl_00431,4,3,1,false
846,dlk_tbl_01297,4,3,1,false
847,gob_tbl_03108,4,3,1,false
848,dlk_tbl_00371,4,3,1,false
849,dash_tbl_00260,4,3,1,false
850,gob_tbl_02295,4,3,1,false
851,proc_tbl_01437,4,3,1,false
852,dlk_tbl_02127,4,3,1,false
853,dash_tbl_02962,4,3,1,false
854,dlk_tbl_00900,4,2,2,true
855,gob_tbl_00085,4,3,1,false
856,dlk_tbl_03033,4,3,1,false
857,dlk_tbl_02234,4,3,1,false
858,ppn_tbl_02414,4,3,1,false
859,gob_tbl_00772,4,3,1,false
860,gob_tbl_00197,4,3,1,false
861,gob_tbl_01672,4,3,1,false
862,gob_tbl_02670,4,3,1,false
863,dlk_tbl_00778,4,3,1,false
864,gob_tbl_02882,4,3,1,false
865,gob_tbl_00930,4,3,1,false
866,proc_tbl_03044,4,3,1,false
867,dlk_tbl_01295,4,3,1,false
868,dlk_tbl_00114,4,2,2,true
869,proc_tbl_02009,4,3,1,false
870,dlk_tbl_02440,4,3,1,false
871,gob_tbl_01502,4,3,1,false
872,proc_tbl_02590,4,3,1,false
873,proc_tbl_00580,4,3,1,false
874,proc_tbl_00352,4,3,1,false
875,proc_tbl_02534,4,3,1,false
876,dlk_tbl_01555,4,3,1,false
877,gob_tbl_03132,4,3,1,false
878,gob_tbl_00280,4,3,1,false
879,gob_tbl_01404,4,3,1,false
880,dlk_tbl_01203,4,3,1,false
881,gob_tbl_02980,4,3,1,false
882,dlk_tbl_01848,4,3,1,false
883,dlk_tbl_02353,4,3,1,false
884,dlk_tbl_03071,4,3,1,false
885,gob_tbl_03040,4,3,1,false
886,dlk_tbl_00300,4,3,1,false
887,gob_tbl_01096,4,3,1,false
888,dlk_tbl_02929,4,3,1,false
889,dlk_tbl_01199,4,3,1,false
890,dlk_tbl_02114,4,3,1,false
891,proc_tbl_02456,4,3,1,false
892,m4sco_ext_00269,4,4,0,false
893,dlk_tbl_00369,4,3,1,false
894,gob_tbl_00278,4,3,1,false
895,dlk_tbl_01223,4,2,2,true
896,gob_tbl_03313,4,3,1,false
897,dlk_tbl_01414,4,3,1,false
898,proc_tbl_01667,4,3,1,false
899,dlk_tbl_02022,4,3,1,false
900,std_tbl_01812,4,3,1,false
901,gob_tbl_02222,3,2,1,false
902,gob_tbl_01828,3,2,1,false
903,dlk_tbl_03184,3,2,1,false
904,dlk_tbl_01701,3,2,1,false
905,m4sco_tbl_00456,3,2,1,false
906,dash_tbl_02454,3,2,1,false
907,proc_tbl_01633,3,2,1,false
908,proc_tbl_00484,3,2,1,false
909,dlk_tbl_00716,3,2,1,false
910,proc_tbl_00035,3,2,1,false
911,proc_tbl_02339,3,2,1,false
912,dlk_tbl_02183,3,2,1,false
913,proc_tbl_00373,3,2,1,false
914,gob_tbl_00163,3,2,1,false
915,dlk_ext_00460,3,3,0,false
916,dlk_tbl_01605,3,2,1,false
917,dlk_tbl_01042,3,2,1,false
918,dash_tbl_02769,3,2,1,false
919,dlk_tbl_00960,3,2,1,false
920,dlk_tbl_00181,3,2,1,false
921,gob_ext_00252,3,3,0,false
922,gob_tbl_02752,3,2,1,false
923,dlk_tbl_01157,3,2,1,false
924,proc_tbl_02971,3,2,1,false
925,dlk_tbl_01515,3,2,1,false
926,proc_tbl_00061,3,2,1,false
927,gob_tbl_02577,3,2,1,false
928,dlk_tbl_00682,3,2,1,false
929,proc_tbl_01919,3,2,1,false
930,dash_tbl_00915,3,2,1,false
931,dlk_tbl_03052,3,2,1,false
932,dlk_tbl_00077,3,2,1,false
933,proc_tbl_02657,3,2,1,false
934,gob_tbl_02541,3,2,1,false
935,ppn_tbl_02739,3,2,1,false
936,gob_tbl_00277,3,2,1,false
937,dlk_tbl_00326,3,2,1,false
938,gob_tbl_01078,3,2,1,false
939,dlk_tbl_03148,3,2,1,false
940,gob_tbl_00913,3,2,1,false
941,dlk_ext_00197,3,3,0,false
942,gob_tbl_00026,3,2,1,false
943,dlk_tbl_02598,3,2,1,false
944,proc_tbl_00710,3,2,1,false
945,gob_tbl_01853,3,2,1,false
946,proc_tbl_01517,3,2,1,false
947,gob_tbl_01165,3,2,1,false
948,gob_tbl_02692,3,2,1,false
949,m4vw_tbl_00942,3,2,1,false
950,std_tbl_01920,3,2,1,false
951,dlk_tbl_00148,3,2,1,false
952,dlk_tbl_02737,3,2,1,false
953,dlk_tbl_03320,3,2,1,false
954,dlk_tbl_02470,3,2,1,false
955,proc_tbl_00287,3,2,1,false
956,dlk_ext_00019,3,3,0,false
957,dlk_tbl_02105,3,2,1,false
958,gob_tbl_02041,3,2,1,false
959,proc_tbl_01950,3,2,1,false
960,dlk_tbl_00126,3,2,1,false
961,dash_tbl_02159,3,2,1,false
962,proc_tbl_00740,3,2,1,false
963,dlk_tbl_01606,3,2,1,false
964,dlk_tbl_01270,3,2,1,false
965,gob_tbl_01729,3,2,1,false
966,dlk_tbl_02272,3,2,1,false
967,gob_tbl_00168,3,2,1,false
968,gob_tbl_03064,3,2,1,false
969,dlk_tbl_01061,3,2,1,false
970,gob_tbl_00843,3,2,1,false
971,gob_tbl_00690,3,2,1,false
972,proc_tbl_03130,3,2,1,false
973,dash_tbl_01146,3,2,1,false
974,dlk_tbl_00235,3,2,1,false
975,dlk_tbl_02369,3,2,1,false
976,gob_tbl_01857,3,2,1,false
977,gob_tbl_00526,3,2,1,false
978,dash_tbl_03186,3,2,1,false
979,gob_tbl_00728,3,2,1,false
980,m4sco_tbl_01577,3,2,1,false
981,gob_tbl_01023,3,2,1,false
982,proc_tbl_00647,3,2,1,false
983,dlk_tbl_01442,3,2,1,false
984,dlk_tbl_01759,3,2,1,false
985,gob_tbl_01956,3,2,1,false
986,dlk_tbl_02776,3,2,1,false
987,proc_tbl_00997,3,2,1,false
988,gob_tbl_01154,3,2,1,false
989,gob_tbl_00743,3,2,1,false
990,dlk_tbl_02298,3,2,1,false
991,proc_tbl_02326,3,2,1,false
992,dlk_tbl_00903,3,2,1,false
993,gob_tbl_01944,3,2,1,false
994,proc_tbl_00461,3,2,1,false
995,dlk_tbl_02207,3,2,1,false
996,proc_tbl_03102,3,2,1,false
997,gob_ext_00280,3,3,0,false
998,gob_ext_00171,3,3,0,false
999,m4vw_ext_00155,3,3,0,false
1000,gob_tbl_03225,3,2,1,false
1001,gob_tbl_00659,3,2,1,false
1002,dash_tbl_01764,3,2,1,false
1003,proc_tbl_00388,3,2,1,false
1004,proc_tbl_02322,3,2,1,false
1005,proc_tbl_02010,3,2,1,false
1006,dlk_tbl_01590,3,2,1,false
1007,dlk_tbl_00828,3,2,1,false
1008,dlk_tbl_01628,3,2,1,false
1009,gob_tbl_00176,3,2,1,false
1010,gob_tbl_00952,3,2,1,false
1011,dlk_tbl_01691,3,2,1,false
1012,dlk_ext_00369,3,3,0,false
1013,proc_tbl_02799,3,2,1,false
1014,dash_tbl_02053,3,2,1,false
1015,dash_tbl_01241,3,2,1,false
1016,gob_tbl_02875,3,2,1,false
1017,dlk_ext_00180,3,3,0,false
1018,proc_tbl_00785,3,2,1,false
1019,proc_tbl_02891,3,2,1,false
1020,m4sco_ext_00028,3,3,0,false
1021,gob_tbl_00638,3,2,1,false
1022,gob_tbl_01690,3,2,1,false
1023,gob_tbl_02241,3,2,1,false
1024,dlk_ext_00331,3,3,0,false
1025,gob_tbl_01951,3,2,1,false
1026,proc_tbl_02707,3,2,1,false
1027,dlk_tbl_02633,3,2,1,false
1028,dlk_tbl_03177,3,2,1,false
1029,gob_tbl_00737,3,2,1,false
1030,dash_tbl_00021,3,2,1,false
1031,proc_tbl_02205,3,2,1,false
1032,gob_tbl_01406,3,2,1,false
1033,dlk_tbl_00644,3,2,1,false
1034,gob_tbl_00848,3,2,1,false
1035,dlk_tbl_00071,3,2,1,false
1036,dlk_tbl_00796,3,2,1,false
1037,dlk_tbl_00101,3,2,1,false
1038,dlk_tbl_02144,3,2,1,false
1039,gob_tbl_02370,3,2,1,false
1040,proc_tbl_00497,3,2,1,false
1041,gob_tbl_02704,3,2,1,false
1042,dlk_tbl_03303,3,2,1,false
1043,gob_tbl_03088,3,2,1,false
1044,dlk_tbl_00663,3,2,1,false
1045,m4vw_tbl_02458,3,2,1,false
1046,dlk_tbl_01626,3,2,1,false
1047,dash_tbl_02564,3,2,1,false
1048,proc_tbl_02925,3,2,1,false
1049,dlk_tbl_01246,3,2,1,false
1050,m4sco_tbl_00294,3,2,1,false
1051,gob_tbl_01218,3,2,1,false
1052,gob_tbl_03030,3,2,1,false
1053,gob_tbl_01971,3,2,1,false
1054,std_tbl_02605,3,2,1,false
1055,dash_tbl_02869,3,2,1,false
1056,proc_tbl_00895,3,2,1,false
1057,gob_tbl_02441,3,2,1,false
1058,gob_tbl_02202,3,2,1,false
1059,proc_tbl_01756,3,2,1,false
1060,proc_ext_00469,3,3,0,false
1061,dash_tbl_03213,3,1,2,true
1062,dlk_tbl_03053,3,2,1,false
1063,dlk_tbl_02157,3,2,1,false
1064,gob_tbl_02446,3,2,1,false
1065,dlk_tbl_01419,3,2,1,false
1066,gob_tbl_00485,3,2,1,false
1067,gob_tbl_00113,3,2,1,false
1068,dlk_tbl_00887,3,2,1,false
1069,dlk_tbl_02999,3,2,1,false
1070,dlk_tbl_01511,3,2,1,false
1071,dlk_tbl_01005,3,2,1,false
1072,proc_ext_00284,3,3,0,false
1073,gob_tbl_00190,3,2,1,false
1074,dlk_tbl_01057,3,2,1,false
1075,dash_tbl_01398,3,2,1,false
1076,gob_tbl_02505,3,2,1,false
1077,dash_ext_00031,3,3,0,false
1078,dash_tbl_03263,3,2,1,false
1079,gob_tbl_01721,3,2,1,false
1080,dash_tbl_02021,3,2,1,false
1081,dlk_tbl_02563,3,2,1,false
1082,gob_tbl_01676,3,2,1,false
1083,std_tbl_00788,3,2,1,false
1084,dlk_tbl_02779,3,2,1,false
1085,proc_tbl_00970,3,2,1,false
1086,dlk_tbl_02691,3,2,1,false
1087,gob_tbl_00271,3,2,1,false
1088,gob_tbl_02364,3,2,1,false
1089,gob_tbl_02391,3,2,1,false
1090,dlk_tbl_00011,3,2,1,false
1091,gob_tbl_02429,3,2,1,false
1092,dash_tbl_02285,3,2,1,false
1093,gob_tbl_02471,3,2,1,false
1094,dlk_tbl_03015,3,2,1,false
1095,dlk_ext_00134,3,3,0,false
1096,std_tbl_00261,3,2,1,false
1097,gob_tbl_03086,3,2,1,false
1098,proc_tbl_00109,3,2,1,false
1099,gob_tbl_00225,3,2,1,false
1100,dlk_tbl_00425,3,2,1,false
1101,dash_ext_00153,3,3,0,false
1102,dlk_tbl_01619,3,2,1,false
1103,dlk_tbl_01629,3,2,1,false
1104,dlk_tbl_00292,3,2,1,false
1105,gob_tbl_03013,3,2,1,false
1106,gob_tbl_00487,3,2,1,false
1107,proc_tbl_00756,3,2,1,false
1108,dlk_tbl_01541,3,2,1,false
1109,proc_tbl_01095,3,2,1,false
1110,m4vw_tbl_02631,3,2,1,false
1111,gob_tbl_02280,3,2,1,false
1112,dlk_tbl_02527,3,2,1,false
1113,gob_tbl_00346,3,2,1,false
1114,dlk_tbl_01958,3,2,1,false
1115,proc_tbl_01047,3,2,1,false
1116,gob_ext_00326,3,3,0,false
1117,proc_tbl_00057,3,2,1,false
1118,gob_ext_00126,3,3,0,false
1119,dlk_tbl_02365,3,2,1,false
1120,gob_tbl_00501,3,2,1,false
1121,dlk_tbl_00694,3,2,1,false
1122,gob_ext_00438,3,3,0,false
1123,gob_tbl_00032,3,2,1,false
1124,gob_tbl_00542,3,2,1,false
1125,gob_tbl_00074,3,2,1,false
1126,proc_tbl_02856,3,2,1,false
1127,dlk_tbl_02253,3,2,1,false
1128,dlk_tbl_01698,3,2,1,false
1129,gob_tbl_00063,3,2,1,false
1130,gob_tbl_02725,3,2,1,false
1131,dash_tbl_02884,3,2,1,false
1132,dlk_tbl_01751,3,2,1,false
1133,proc_tbl_02727,3,2,1,false
1134,gob_tbl_00860,3,2,1,false
1135,proc_tbl_02226,3,2,1,false
1136,gob_tbl_02782,3,2,1,false
1137,dlk_tbl_01290,3,2,1,false
1138,dash_tbl_02706,3,2,1,false
1139,dlk_tbl_02559,3,2,1,false
1140,dash_tbl_01532,3,2,1,false
1141,dash_tbl_02660,3,2,1,false
1142,dash_tbl_00662,3,2,1,false
1143,dlk_tbl_00949,3,2,1,false
1144,proc_tbl_02834,3,2,1,false
1145,dlk_tbl_00664,3,2,1,false
1146,proc_tbl_02570,3,2,1,false
1147,gob_tbl_01972,3,2,1,false
1148,gob_tbl_00594,3,2,1,false
1149,dash_tbl_01388,3,2,1,false
1150,ppn_tbl_00391,3,2,1,false
1151,gob_tbl_00266,3,2,1,false
1152,dlk_tbl_03307,3,2,1,false
1153,gob_tbl_02476,3,2,1,false
1154,proc_ext_00191,3,3,0,false
1155,dlk_tbl_01798,3,2,1,false
1156,dlk_ext_00142,3,3,0,false
1157,dlk_tbl_01092,3,2,1,false
1158,dlk_tbl_02194,3,2,1,false
1159,gob_tbl_01738,3,2,1,false
1160,dlk_tbl_01649,3,2,1,false
1161,dlk_ext_00212,3,3,0,false
1162,proc_tbl_03305,3,2,1,false
1163,gob_tbl_01101,3,2,1,false
1164,proc_tbl_03090,3,2,1,false
1165,proc_tbl_02254,3,2,1,false
1166,proc_tbl_02790,3,2,1,false
1167,gob_tbl_00727,3,2,1,false
1168,dlk_tbl_01371,3,2,1,false
1169,proc_tbl_00622,3,2,1,false
1170,dlk_tbl_00608,3,1,2,true
1171,proc_ext_00310,3,3,0,false
1172,proc_tbl_03098,3,2,1,false
1173,gob_tbl_00591,3,2,1,false
1174,dlk_tbl_01651,3,2,1,false
1175,gob_tbl_03156,3,2,1,false
1176,dlk_tbl_00786,3,2,1,false
1177,dlk_tbl_01370,3,2,1,false
1178,gob_tbl_00151,3,2,1,false
1179,proc_tbl_00787,3,2,1,false
1180,proc_tbl_00515,3,2,1,false
1181,dash_tbl_02100,3,2,1,false
1182,gob_tbl_01100,3,2,1,false
1183,dlk_ext_00131,3,3,0,false
1184,proc_tbl_03181,3,2,1,false
1185,gob_tbl_00282,3,2,1,false
1186,dlk_tbl_01163,3,2,1,false
1187,dash_tbl_02650,3,2,1,false
1188,proc_tbl_01602,3,2,1,false
1189,dlk_tbl_01526,3,1,2,true
1190,dlk_tbl_02325,3,1,2,true
1191,gob_tbl_00255,3,2,1,false
1192,dlk_tbl_02713,3,2,1,false
1193,dlk_tbl_02051,3,2,1,false
1194,dlk_tbl_01441,3,2,1,false
1195,gob_tbl_02349,3,2,1,false
1196,dash_tbl_00511,3,2,1,false
1197,gob_tbl_02485,3,2,1,false
1198,gob_tbl_01217,3,2,1,false
1199,dash_tbl_00093,3,2,1,false
1200,proc_tbl_03273,3,2,1,false
1201,dash_tbl_01550,3,2,1,false
1202,gob_tbl_00116,3,2,1,false
1203,gob_tbl_00961,3,2,1,false
1204,gob_tbl_01395,3,2,1,false
1205,proc_tbl_00213,3,2,1,false
1206,gob_tbl_01167,3,2,1,false
1207,gob_tbl_00875,3,2,1,false
1208,gob_tbl_00898,3,2,1,false
1209,dash_tbl_03237,3,2,1,false
1210,dlk_tbl_01995,3,2,1,false
1211,dash_tbl_00978,3,2,1,false
1212,gob_tbl_00897,3,2,1,false
1213,proc_ext_00488,3,3,0,false
1214,proc_ext_00115,3,3,0,false
1215,gob_ext_00327,3,3,0,false
1216,proc_tbl_02977,3,2,1,false
1217,dash_tbl_00169,3,2,1,false
1218,dlk_tbl_01678,3,2,1,false
1219,dash_tbl_01822,3,2,1,false
1220,proc_tbl_03093,3,2,1,false
1221,dlk_tbl_01675,3,2,1,false
1222,proc_tbl_03179,3,2,1,false
1223,dlk_tbl_02885,3,2,1,false
1224,dlk_ext_00313,3,3,0,false
1225,proc_tbl_01658,3,2,1,false
1226,gob_tbl_02345,3,2,1,false
1227,gob_tbl_01466,3,2,1,false
1228,proc_tbl_02187,3,2,1,false
1229,proc_tbl_01249,3,2,1,false
1230,dlk_tbl_00631,3,2,1,false
1231,dlk_tbl_01621,3,2,1,false
1232,dlk_tbl_01493,3,2,1,false
1233,dash_tbl_02658,3,2,1,false
1234,proc_tbl_01489,3,2,1,false
1235,gob_tbl_01655,3,2,1,false
1236,dlk_tbl_02705,3,2,1,false
1237,gob_tbl_02171,3,2,1,false
1238,gob_tbl_02968,3,2,1,false
1239,dlk_tbl_00917,3,2,1,false
1240,gob_tbl_02374,3,2,1,false
1241,dlk_tbl_01093,3,2,1,false
1242,dlk_tbl_01524,3,2,1,false
1243,m4sco_ext_00324,3,3,0,false
1244,m4sco_tbl_02854,3,2,1,false
1245,dash_tbl_01545,3,2,1,false
1246,gob_tbl_02248,3,2,1,false
1247,gob_tbl_01897,3,2,1,false
1248,dash_tbl_01509,3,2,1,false
1249,dlk_tbl_00372,3,2,1,false
1250,proc_tbl_02442,3,2,1,false
1251,dlk_tbl_02386,3,2,1,false
1252,proc_ext_00302,3,3,0,false
1253,gob_tbl_01779,3,2,1,false
1254,dlk_tbl_00258,3,2,1,false
1255,dlk_tbl_02350,3,2,1,false
1256,dlk_tbl_02654,3,2,1,false
1257,gob_tbl_00928,3,2,1,false
1258,gob_tbl_00224,3,2,1,false
1259,proc_tbl_02035,3,2,1,false
1260,gob_tbl_01705,3,2,1,false
1261,gob_tbl_03113,3,2,1,false
1262,dlk_tbl_01242,3,2,1,false
1263,dash_tbl_01973,3,2,1,false
1264,proc_tbl_03136,3,2,1,false
1265,gob_tbl_02223,3,2,1,false
1266,proc_tbl_00555,3,2,1,false
1267,gob_tbl_00350,3,2,1,false
1268,dlk_tbl_01746,3,2,1,false
1269,dlk_tbl_02753,3,2,1,false
1270,gob_tbl_00537,3,2,1,false
1271,dlk_tbl_01182,3,2,1,false
1272,gob_tbl_02153,3,2,1,false
1273,dash_tbl_02130,3,2,1,false
1274,dlk_tbl_03111,3,2,1,false
1275,dlk_tbl_01350,3,2,1,false
1276,dlk_tbl_00466,3,2,1,false
1277,proc_tbl_02024,3,2,1,false
1278,gob_tbl_01354,3,2,1,false
1279,gob_tbl_00781,3,2,1,false
1280,dlk_tbl_02464,3,2,1,false
1281,gob_tbl_01695,3,2,1,false
1282,dlk_tbl_00421,3,2,1,false
1283,gob_tbl_00364,3,2,1,false
1284,proc_tbl_01877,3,2,1,false
1285,dlk_tbl_00916,3,2,1,false
1286,proc_tbl_01585,3,2,1,false
1287,gob_tbl_00775,3,2,1,false
1288,m4sco_tbl_01285,3,2,1,false
1289,proc_tbl_01451,3,2,1,false
1290,gob_tbl_01508,3,2,1,false
1291,dlk_tbl_02908,3,2,1,false
1292,dlk_tbl_01494,3,2,1,false
1293,gob_tbl_00283,3,2,1,false
1294,proc_tbl_02413,3,2,1,false
1295,dash_tbl_00597,3,2,1,false
1296,dlk_tbl_00554,3,2,1,false
1297,dlk_tbl_02099,3,2,1,false
1298,dlk_tbl_01699,3,2,1,false
1299,gob_tbl_00576,3,2,1,false
1300,dlk_tbl_02809,3,2,1,false
1301,gob_tbl_02661,3,2,1,false
1302,dlk_tbl_01573,3,2,1,false
1303,dash_tbl_00523,3,2,1,false
1304,proc_tbl_03094,3,2,1,false
1305,dlk_tbl_01224,3,2,1,false
1306,gob_tbl_01216,3,2,1,false
1307,dlk_tbl_00816,3,2,1,false
1308,dlk_tbl_00345,3,2,1,false
1309,dash_tbl_01725,3,2,1,false
1310,dlk_tbl_01910,3,1,2,true
1311,proc_tbl_02233,3,2,1,false
1312,gob_tbl_03158,3,2,1,false
1313,proc_tbl_00325,3,2,1,false
1314,dlk_tbl_02274,3,2,1,false
1315,dlk_tbl_02532,3,2,1,false
1316,dlk_tbl_00825,3,2,1,false
1317,dlk_tbl_01941,3,2,1,false
1318,dlk_tbl_00389,3,2,1,false
1319,gob_tbl_02227,3,2,1,false
1320,dlk_tbl_03096,3,2,1,false
1321,dash_tbl_00741,3,2,1,false
1322,ppn_tbl_01363,3,2,1,false
1323,gob_tbl_00684,3,2,1,false
1324,proc_tbl_00377,3,2,1,false
1325,proc_tbl_02848,3,2,1,false
1326,dlk_tbl_02847,3,2,1,false
1327,dlk_tbl_02733,3,2,1,false
1328,gob_tbl_01360,3,2,1,false
1329,dlk_tbl_03105,3,2,1,false
1330,dash_ext_00125,3,3,0,false
1331,gob_tbl_02427,3,2,1,false
1332,gob_tbl_00652,3,2,1,false
1333,proc_tbl_00096,3,2,1,false
1334,gob_tbl_03197,3,2,1,false
1335,gob_tbl_01222,3,2,1,false
1336,dlk_tbl_01125,3,2,1,false
1337,m4sco_tbl_01003,3,2,1,false
1338,dash_tbl_01020,3,2,1,false
1339,gob_tbl_01711,3,2,1,false
1340,gob_tbl_03319,3,2,1,false
1341,gob_tbl_01014,3,2,1,false
1342,dlk_tbl_02060,3,2,1,false
1343,dlk_tbl_01620,3,2,1,false
1344,dlk_tbl_02556,3,2,1,false
1345,gob_tbl_00587,3,2,1,false
1346,proc_tbl_02641,3,2,1,false
1347,dash_ext_00058,3,3,0,false
1348,gob_tbl_02466,3,2,1,false
1349,gob_tbl_02813,3,2,1,false
1350,gob_ext_00403,3,3,0,false
1351,gob_tbl_00279,3,2,1,false
1352,std_tbl_02002,3,2,1,false
1353,gob_tbl_03017,3,2,1,false
1354,dlk_tbl_02165,3,2,1,false
1355,gob_tbl_00269,3,2,1,false
1356,dash_tbl_02986,3,2,1,false
1357,dlk_tbl_01518,3,2,1,false
1358,proc_tbl_01575,3,2,1,false
1359,gob_tbl_03199,3,2,1,false
1360,ppn_tbl_01247,3,2,1,false
1361,m4vw_tbl_00669,3,2,1,false
1362,proc_ext_00431,3,3,0,false
1363,gob_tbl_00573,3,2,1,false
1364,gob_tbl_01706,3,2,1,false
1365,gob_ext_00232,3,3,0,false
1366,proc_tbl_01943,3,2,1,false
1367,dlk_tbl_02240,3,2,1,false
1368,dlk_tbl_02960,3,2,1,false
1369,gob_tbl_02368,3,2,1,false
1370,m4sco_tbl_00799,3,2,1,false
1371,dlk_tbl_03233,3,2,1,false
1372,dlk_ext_00418,3,3,0,false
1373,proc_tbl_00899,3,2,1,false
1374,dlk_tbl_00806,3,2,1,false
1375,dlk_tbl_03119,3,2,1,false
1376,dlk_ext_00288,3,3,0,false
1377,gob_tbl_02407,3,2,1,false
1378,m4sco_tbl_00133,3,2,1,false
1379,proc_tbl_02212,3,2,1,false
1380,gob_tbl_03171,3,2,1,false
1381,gob_tbl_02552,3,2,1,false
1382,dlk_tbl_01221,3,2,1,false
1383,gob_tbl_01430,3,2,1,false
1384,gob_tbl_02797,3,2,1,false
1385,dlk_tbl_00465,3,2,1,false
1386,gob_tbl_01858,3,2,1,false
1387,dlk_tbl_02926,3,2,1,false
1388,dlk_tbl_02748,3,2,1,false
1389,dlk_tbl_00140,3,2,1,false
1390,m4sco_tbl_02490,3,2,1,false
1391,dlk_tbl_00990,3,2,1,false
1392,std_tbl_02852,3,2,1,false
1393,std_tbl_00557,3,2,1,false
1394,gob_tbl_01535,3,2,1,false
1395,dash_tbl_01522,3,2,1,false
1396,std_tbl_01193,3,2,1,false
1397,ppn_tbl_02310,3,2,1,false
1398,proc_tbl_00320,3,2,1,false
1399,dlk_tbl_02716,3,2,1,false
1400,gob_tbl_02538,3,2,1,false
1401,gob_tbl_00375,3,2,1,false
1402,proc_tbl_00135,3,2,1,false
1403,gob_tbl_03091,3,2,1,false
1404,dlk_ext_00105,3,3,0,false
1405,dlk_tbl_02419,3,2,1,false
1406,dlk_tbl_02653,3,2,1,false
1407,dlk_tbl_03306,3,2,1,false
1408,dlk_tbl_00677,3,2,1,false
1409,dlk_ext_00342,3,3,0,false
1410,dlk_tbl_01421,3,2,1,false
1411,proc_ext_00385,3,3,0,false
1412,dlk_tbl_01132,3,2,1,false
1413,ppn_tbl_00229,3,2,1,false
1414,gob_tbl_03287,3,2,1,false
1415,gob_tbl_03210,3,2,1,false
1416,gob_tbl_03291,3,2,1,false
1417,dlk_tbl_01210,3,2,1,false
1418,proc_ext_00301,3,3,0,false
1419,gob_tbl_01446,3,2,1,false
1420,proc_tbl_01056,3,2,1,false
1421,dlk_tbl_03276,3,2,1,false
1422,gob_tbl_01646,3,2,1,false
1423,gob_tbl_00944,3,2,1,false
1424,gob_tbl_02381,3,2,1,false
1425,dlk_tbl_01700,3,2,1,false
1426,dlk_tbl_01564,3,2,1,false
1427,dlk_tbl_02072,3,2,1,false
1428,dlk_tbl_02482,3,2,1,false
1429,gob_tbl_00974,3,2,1,false
1430,proc_ext_00196,3,3,0,false
1431,gob_tbl_01677,3,2,1,false
1432,gob_tbl_01344,3,2,1,false
1433,std_tbl_02380,3,2,1,false
1434,dlk_tbl_02832,3,2,1,false
1435,gob_tbl_01777,3,2,1,false
1436,gob_tbl_02576,3,2,1,false
1437,gob_tbl_00034,3,2,1,false
1438,proc_tbl_01342,3,2,1,false
1439,dlk_tbl_00543,3,2,1,false
1440,dash_tbl_01882,3,2,1,false
1441,dlk_tbl_01463,3,2,1,false
1442,dash_tbl_02741,3,2,1,false
1443,gob_tbl_01922,3,2,1,false
1444,dlk_tbl_01512,3,2,1,false
1445,gob_tbl_01755,3,2,1,false
1446,gob_tbl_03079,3,2,1,false
1447,gob_tbl_02976,3,2,1,false
1448,gob_tbl_02073,3,2,1,false
1449,dash_tbl_00016,3,2,1,false
1450,dash_tbl_02177,3,2,1,false
1451,dlk_tbl_02531,3,2,1,false
1452,gob_tbl_02095,3,2,1,false
1453,gob_tbl_00925,3,2,1,false
1454,gob_tbl_01567,3,2,1,false
1455,dlk_tbl_00584,3,2,1,false
1456,proc_tbl_02758,3,2,1,false
1457,gob_tbl_00827,3,2,1,false
1458,dlk_tbl_00971,3,2,1,false
1459,gob_tbl_02800,3,2,1,false
1460,gob_tbl_00793,3,2,1,false
1461,dlk_tbl_02906,3,2,1,false
1462,gob_tbl_02084,3,2,1,false
1463,proc_ext_00268,3,3,0,false
1464,proc_tbl_01757,3,2,1,false
1465,gob_tbl_00152,3,2,1,false
1466,dash_tbl_01924,3,2,1,false
1467,m4sco_tbl_02846,3,2,1,false
1468,dlk_tbl_02628,3,2,1,false
1469,gob_tbl_02763,3,2,1,false
1470,gob_tbl_01894,3,2,1,false
1471,m4sco_tbl_02785,3,1,2,true
1472,gob_tbl_01720,3,2,1,false
1473,dlk_tbl_00050,2,1,1,false
1474,dlk_tbl_02762,2,1,1,false
1475,proc_tbl_02101,2,1,1,false
1476,dlk_tbl_01679,2,1,1,false
1477,proc_tbl_02147,2,1,1,false
1478,dash_tbl_02135,2,1,1,false
1479,dlk_tbl_00923,2,1,1,false
1480,proc_tbl_01872,2,1,1,false
1481,gob_tbl_02449,2,1,1,false
1482,gob_tbl_01321,2,1,1,false
1483,dash_tbl_00110,2,1,1,false
1484,gob_tbl_02410,2,1,1,false
1485,dash_tbl_01231,2,1,1,false
1486,dlk_tbl_02075,2,1,1,false
1487,proc_tbl_01833,2,1,1,false
1488,gob_tbl_02537,2,1,1,false
1489,proc_tbl_02324,2,1,1,false
1490,gob_tbl_00020,2,1,1,false
1491,gob_tbl_02663,2,1,1,false
1492,gob_tbl_00237,2,0,2,true
1493,gob_tbl_01411,2,1,1,false
1494,gob_tbl_00208,2,1,1,false
1495,gob_tbl_03120,2,1,1,false
1496,proc_tbl_00910,2,1,1,false
1497,gob_tbl_01400,2,1,1,false
1498,gob_ext_00295,2,2,0,false
1499,dlk_tbl_00463,2,1,1,false
1500,dlk_tbl_00417,2,1,1,false
1501,proc_tbl_01007,2,1,1,false
1502,gob_tbl_00119,2,1,1,false
1503,dlk_tbl_01352,2,0,2,true
1504,gob_tbl_00932,2,1,1,false
1505,dlk_tbl_00745,2,1,1,false
1506,proc_tbl_01387,2,1,1,false
1507,dlk_tbl_02546,2,1,1,false
1508,gob_tbl_01591,2,1,1,false
1509,dlk_tbl_02094,2,1,1,false
1510,dlk_ext_00163,2,2,0,false
1511,gob_tbl_00240,2,1,1,false
1512,gob_tbl_00405,2,1,1,false
1513,ppn_tbl_01634,2,1,1,false
1514,gob_tbl_02363,2,1,1,false
1515,dlk_tbl_00824,2,1,1,false
1516,dlk_tbl_01153,2,0,2,true
1517,dlk_tbl_01166,2,1,1,false
1518,dlk_ext_00017,2,2,0,false
1519,dlk_tbl_01457,2,1,1,false
1520,gob_tbl_00527,2,1,1,false
1521,gob_tbl_00316,2,1,1,false
1522,gob_tbl_01296,2,1,1,false
1523,dlk_tbl_00118,2,1,1,false
1524,dlk_tbl_00658,2,1,1,false
1525,gob_tbl_01335,2,1,1,false
1526,gob_tbl_02524,2,1,1,false
1527,m4vw_tbl_02907,2,1,1,false
1528,proc_tbl_00489,2,1,1,false
1529,gob_tbl_01947,2,1,1,false
1530,m4vw_tbl_02362,2,1,1,false
1531,gob_tbl_00342,2,1,1,false
1532,dash_tbl_00602,2,1,1,false
1533,dlk_tbl_01179,2,1,1,false
1534,gob_tbl_01505,2,1,1,false
1535,dlk_tbl_00520,2,1,1,false
1536,dlk_ext_00485,2,2,0,false
1537,dlk_tbl_02510,2,1,1,false
1538,proc_tbl_01665,2,1,1,false
1539,gob_tbl_03141,2,1,1,false
1540,m4vw_tbl_00103,2,1,1,false
1541,dash_tbl_00586,2,1,1,false
1542,dash_tbl_01343,2,1,1,false
1543,gob_tbl_02903,2,1,1,false
1544,proc_tbl_00500,2,1,1,false
1545,proc_tbl_02922,2,1,1,false
1546,dlk_tbl_00281,2,1,1,false
1547,gob_tbl_03028,2,1,1,false
1548,dlk_tbl_02348,2,1,1,false
1549,gob_tbl_01553,2,1,1,false
1550,gob_tbl_03100,2,1,1,false
1551,dlk_tbl_01474,2,1,1,false
1552,dlk_tbl_01258,2,1,1,false
1553,gob_tbl_00721,2,1,1,false
1554,gob_tbl_02182,2,1,1,false
1555,dlk_tbl_02656,2,1,1,false
1556,proc_tbl_02220,2,1,1,false
1557,dlk_tbl_00206,2,1,1,false
1558,std_tbl_00879,2,1,1,false
1559,dlk_ext_00223,2,2,0,false
1560,proc_tbl_03166,2,1,1,false
1561,proc_tbl_02520,2,1,1,false
1562,dlk_tbl_02755,2,1,1,false
1563,proc_tbl_01259,2,1,1,false
1564,gob_tbl_02483,2,1,1,false
1565,dash_tbl_00550,2,1,1,false
1566,gob_tbl_00870,2,1,1,false
1567,gob_tbl_03021,2,1,1,false
1568,gob_tbl_02074,2,1,1,false
1569,gob_tbl_01656,2,1,1,false
1570,gob_tbl_00752,2,1,1,false
1571,dash_tbl_02044,2,1,1,false
1572,m4vw_tbl_02618,2,1,1,false
1573,gob_tbl_01068,2,1,1,false
1574,proc_tbl_01954,2,1,1,false
1575,dlk_tbl_00834,2,1,1,false
1576,dash_tbl_00028,2,1,1,false
1577,dlk_tbl_00546,2,1,1,false
1578,dash_tbl_00159,2,1,1,false
1579,proc_tbl_03229,2,1,1,false
1580,proc_tbl_00972,2,1,1,false
1581,gob_tbl_02062,2,1,1,false
1582,dlk_tbl_03315,2,1,1,false
1583,dlk_tbl_00444,2,1,1,false
1584,dlk_tbl_01983,2,1,1,false
1585,gob_tbl_01433,2,1,1,false
1586,gob_tbl_01641,2,1,1,false
1587,dlk_tbl_00075,2,1,1,false
1588,gob_tbl_01732,2,1,1,false
1589,proc_tbl_02169,2,0,2,true
1590,proc_tbl_03268,2,1,1,false
1591,dash_tbl_02995,2,1,1,false
1592,gob_tbl_01481,2,0,2,true
1593,dlk_tbl_01704,2,1,1,false
1594,dlk_tbl_02892,2,1,1,false
1595,dlk_tbl_03231,2,1,1,false
1596,gob_tbl_01562,2,1,1,false
1597,dlk_tbl_00173,2,1,1,false
1598,gob_ext_00016,2,2,0,false
1599,dash_tbl_00991,2,1,1,false
1600,gob_tbl_02672,2,1,1,false
1601,proc_tbl_01860,2,1,1,false
1602,gob_tbl_02810,2,1,1,false
1603,dlk_tbl_00381,2,0,2,true
1604,gob_tbl_02270,2,1,1,false
1605,gob_tbl_01277,2,1,1,false
1606,gob_tbl_01549,2,1,1,false
1607,dlk_tbl_00286,2,1,1,false
1608,ppn_tbl_00297,2,1,1,false
1609,gob_tbl_00099,2,1,1,false
1610,gob_tbl_01021,2,1,1,false
1611,dlk_tbl_00331,2,1,1,false
1612,dlk_tbl_01225,2,1,1,false
1613,dash_tbl_01152,2,1,1,false
1614,gob_tbl_03104,2,1,1,false
1615,dlk_tbl_00519,2,1,1,false
1616,dash_tbl_03161,2,1,1,false
1617,gob_tbl_01758,2,1,1,false
1618,dash_tbl_00943,2,1,1,false
1619,dlk_tbl_00218,2,1,1,false
1620,dlk_tbl_01697,2,1,1,false
1621,gob_tbl_02621,2,1,1,false
1622,dash_tbl_01745,2,1,1,false
1623,dlk_tbl_01237,2,1,1,false
1624,gob_tbl_01637,2,1,1,false
1625,gob_tbl_01845,2,1,1,false
1626,dlk_tbl_02795,2,1,1,false
1627,gob_tbl_02347,2,1,1,false
1628,dlk_tbl_02894,2,1,1,false
1629,dlk_tbl_00475,2,1,1,false
1630,dlk_tbl_03159,2,1,1,false
1631,dlk_tbl_01299,2,1,1,false
1632,dlk_tbl_02047,2,1,1,false
1633,gob_tbl_03018,2,1,1,false
1634,gob_tbl_01906,2,1,1,false
1635,gob_tbl_03050,2,1,1,false
1636,dlk_tbl_00223,2,1,1,false
1637,gob_tbl_00564,2,1,1,false
1638,std_tbl_00013,2,1,1,false
1639,gob_ext_00024,2,2,0,false
1640,gob_tbl_01961,2,1,1,false
1641,ppn_tbl_00289,2,1,1,false
1642,proc_tbl_00801,2,1,1,false
1643,gob_tbl_01914,2,1,1,false
1644,dlk_tbl_00137,2,1,1,false
1645,dlk_tbl_02726,2,1,1,false
1646,gob_tbl_01978,2,1,1,false
1647,gob_tbl_02997,2,1,1,false
1648,proc_tbl_01945,2,1,1,false
1649,dash_tbl_03301,2,1,1,false
1650,proc_tbl_01204,2,1,1,false
1651,dlk_ext_00445,2,2,0,false
1652,gob_tbl_01366,2,1,1,false
1653,dash_tbl_00182,2,1,1,false
1654,proc_tbl_00156,2,1,1,false
1655,proc_tbl_01287,2,1,1,false
1656,dlk_tbl_01722,2,1,1,false
1657,dlk_tbl_03031,2,1,1,false
1658,gob_tbl_01254,2,1,1,false
1659,dlk_tbl_03244,2,1,1,false
1660,proc_tbl_01141,2,1,1,false
1661,gob_tbl_01079,2,1,1,false
1662,dlk_tbl_00836,2,1,1,false
1663,gob_tbl_01892,2,1,1,false
1664,dlk_tbl_00043,2,1,1,false
1665,dlk_tbl_01953,2,1,1,false
1666,gob_tbl_00751,2,1,1,false
1667,gob_tbl_01959,2,1,1,false
1668,gob_tbl_00458,2,1,1,false
1669,dlk_tbl_03296,2,1,1,false
1670,dlk_tbl_01274,2,1,1,false
1671,gob_tbl_00482,2,1,1,false
1672,dash_tbl_00556,2,1,1,false
1673,gob_tbl_01158,2,1,1,false
1674,dlk_ext_00454,2,2,0,false
1675,m4sco_tbl_00707,2,1,1,false
1676,gob_tbl_01310,2,1,1,false
1677,dlk_tbl_01516,2,1,1,false
1678,dlk_tbl_00440,2,1,1,false
1679,gob_tbl_02164,2,1,1,false
1680,proc_tbl_02133,2,1,1,false
1681,gob_tbl_00918,2,1,1,false
1682,proc_tbl_02815,2,1,1,false
1683,gob_tbl_01283,2,1,1,false
1684,dash_tbl_00797,2,1,1,false
1685,dash_tbl_02063,2,1,1,false
1686,dlk_tbl_00424,2,1,1,false
1687,dlk_tbl_03128,2,1,1,false
1688,dlk_tbl_00322,2,1,1,false
1689,dlk_tbl_02179,2,1,1,false
1690,dlk_tbl_03039,2,1,1,false
1691,dlk_tbl_00718,2,1,1,false
1692,gob_ext_00079,2,2,0,false
1693,gob_tbl_01506,2,1,1,false
1694,gob_tbl_02247,2,1,1,false
1695,dlk_tbl_01126,2,1,1,false
1696,dlk_tbl_00295,2,1,1,false
1697,dlk_tbl_03242,2,1,1,false
1698,dlk_tbl_01893,2,1,1,false
1699,dlk_tbl_01192,2,1,1,false
1700,dash_tbl_00924,2,1,1,false
1701,gob_tbl_01314,2,1,1,false
1702,gob_tbl_02230,2,1,1,false
1703,gob_tbl_03046,2,1,1,false
1704,gob_tbl_00906,2,1,1,false
1705,dlk_tbl_00267,2,1,1,false
1706,proc_tbl_02012,2,1,1,false
1707,dash_tbl_00605,2,1,1,false
1708,gob_tbl_02307,2,1,1,false
1709,dlk_tbl_01499,2,1,1,false
1710,m4sco_tbl_01557,2,1,1,false
1711,dlk_tbl_02712,2,1,1,false
1712,gob_tbl_00946,2,1,1,false
1713,dlk_tbl_00541,2,1,1,false
1714,proc_ext_00141,2,2,0,false
1715,gob_tbl_03249,2,1,1,false
1716,dlk_tbl_01552,2,1,1,false
1717,proc_ext_00157,2,2,0,false
1718,gob_tbl_01205,2,1,1,false
1719,dlk_tbl_00024,2,1,1,false
1720,dlk_tbl_01455,2,0,2,true
1721,proc_tbl_01097,2,1,1,false
1722,gob_tbl_01714,2,1,1,false
1723,gob_tbl_03142,2,1,1,false
1724,gob_tbl_02632,2,1,1,false
1725,m4vw_tbl_02317,2,1,1,false
1726,gob_tbl_00095,2,0,2,true
1727,dlk_tbl_01989,2,1,1,false
1728,dlk_tbl_01445,2,1,1,false
1729,proc_tbl_01053,2,1,1,false
1730,dlk_tbl_00724,2,1,1,false
1731,gob_tbl_00791,2,1,1,false
1732,gob_tbl_01754,2,1,1,false
1733,m4vw_tbl_01775,2,1,1,false
1734,gob_tbl_02149,2,1,1,false
1735,dlk_tbl_02880,2,1,1,false
1736,dlk_tbl_02649,2,1,1,false
1737,ppn_tbl_01842,2,1,1,false
1738,dlk_tbl_00307,2,1,1,false
1739,dlk_tbl_00328,2,1,1,false
1740,gob_tbl_01969,2,1,1,false
1741,proc_tbl_01215,2,1,1,false
1742,gob_tbl_02589,2,0,2,true
1743,gob_tbl_01110,2,1,1,false
1744,gob_tbl_01808,2,1,1,false
1745,dash_tbl_03277,2,1,1,false
1746,dlk_tbl_01440,2,1,1,false
1747,dlk_tbl_01870,2,1,1,false
1748,dlk_tbl_02994,2,1,1,false
1749,gob_tbl_02443,2,1,1,false
1750,gob_tbl_01226,2,1,1,false
1751,dash_tbl_00374,2,1,1,false
1752,gob_tbl_01539,2,1,1,false
1753,gob_tbl_01268,2,1,1,false
1754,m4sco_tbl_02457,2,1,1,false
1755,proc_tbl_01786,2,1,1,false
1756,dlk_tbl_02607,2,1,1,false
1757,proc_tbl_03204,2,1,1,false
1758,proc_tbl_02722,2,1,1,false
1759,dlk_ext_00448,2,2,0,false
1760,dlk_tbl_01185,2,1,1,false
1761,proc_tbl_01168,2,1,1,false
1762,gob_tbl_01766,2,1,1,false
1763,gob_tbl_03069,2,1,1,false
1764,gob_tbl_01730,2,1,1,false
1765,dash_tbl_01558,2,1,1,false
1766,gob_tbl_01417,2,1,1,false
1767,gob_tbl_00401,2,1,1,false
1768,proc_tbl_00869,2,1,1,false
1769,dlk_tbl_01492,2,1,1,false
1770,dlk_tbl_02378,2,1,1,false
1771,gob_tbl_00259,2,1,1,false
1772,proc_tbl_02851,2,1,1,false
1773,gob_tbl_02462,2,0,2,true
1774,dlk_tbl_02283,2,1,1,false
1775,dlk_ext_00249,2,2,0,false
1776,gob_tbl_01937,2,1,1,false
1777,dlk_tbl_00086,2,1,1,false
1778,dash_tbl_02734,2,1,1,false
1779,std_tbl_01181,2,1,1,false
1780,ppn_tbl_00479,2,1,1,false
1781,dlk_tbl_03174,2,1,1,false
1782,dlk_tbl_03168,2,1,1,false
1783,m4sco_tbl_01133,2,1,1,false
1784,dlk_tbl_02396,2,1,1,false
1785,dlk_tbl_03218,2,1,1,false
1786,gob_tbl_01271,2,1,1,false
1787,proc_tbl_02993,2,1,1,false
1788,gob_tbl_02316,2,1,1,false
1789,dlk_tbl_03228,2,1,1,false
1790,dlk_tbl_00248,2,0,2,true
1791,gob_tbl_01802,2,1,1,false
1792,dlk_tbl_02196,2,1,1,false
1793,dlk_tbl_00124,2,1,1,false
1794,m4sco_tbl_00183,2,1,1,false
1795,m4vw_tbl_00994,2,1,1,false
1796,gob_tbl_02357,2,1,1,false
1797,gob_tbl_01735,2,1,1,false
1798,gob_tbl_02204,2,1,1,false
1799,proc_tbl_02961,2,1,1,false
1800,proc_tbl_02896,2,1,1,false
1801,gob_tbl_02019,2,1,1,false
1802,dlk_tbl_01468,2,1,1,false
1803,gob_tbl_02023,2,1,1,false
1804,proc_tbl_02624,2,1,1,false
1805,dlk_tbl_03304,2,1,1,false
1806,proc_tbl_01765,2,1,1,false
1807,dlk_tbl_02504,2,1,1,false
1808,gob_tbl_00191,2,1,1,false
1809,proc_tbl_00200,2,1,1,false
1810,dlk_tbl_02186,2,1,1,false
1811,gob_tbl_02806,2,1,1,false
1812,dlk_tbl_02730,2,1,1,false
1813,dlk_ext_00129,2,2,0,false
1814,gob_tbl_02526,2,1,1,false
1815,dlk_tbl_03082,2,1,1,false
1816,std_tbl_01644,2,1,1,false
1817,dlk_tbl_00496,2,1,1,false
1818,gob_tbl_01623,2,1,1,false
1819,gob_tbl_01794,2,1,1,false
1820,dash_tbl_03007,2,1,1,false
1821,proc_tbl_00407,2,1,1,false
1822,gob_tbl_01569,2,1,1,false
1823,gob_tbl_02603,2,1,1,false
1824,std_ext_00289,2,2,0,false
1825,gob_tbl_02562,2,1,1,false
1826,m4vw_tbl_01576,2,1,1,false
1827,proc_tbl_00606,2,1,1,false
1828,dlk_tbl_00341,2,1,1,false
1829,proc_tbl_01986,2,1,1,false
1830,dlk_tbl_01232,2,1,1,false
1831,dlk_tbl_02055,2,1,1,false
1832,gob_tbl_02126,2,1,1,false
1833,gob_tbl_01449,2,1,1,false
1834,dash_tbl_01496,2,1,1,false
1835,gob_tbl_01001,2,1,1,false
1836,gob_tbl_00524,2,1,1,false
1837,gob_tbl_02042,2,1,1,false
1838,dlk_tbl_00920,2,1,1,false
1839,gob_tbl_01450,2,1,1,false
1840,gob_tbl_01830,2,1,1,false
1841,gob_tbl_02606,2,1,1,false
1842,dash_tbl_03290,2,1,1,false
1843,dlk_tbl_00927,2,1,1,false
1844,gob_tbl_02951,2,1,1,false
1845,dlk_tbl_02738,2,1,1,false
1846,dash_tbl_02257,2,1,1,false
1847,dlk_tbl_03324,2,1,1,false
1848,proc_tbl_00517,2,1,1,false
1849,std_tbl_00962,2,1,1,false
1850,dlk_ext_00291,2,2,0,false
1851,proc_tbl_00051,2,1,1,false
1852,gob_tbl_00981,2,1,1,false
1853,gob_tbl_00245,2,1,1,false
1854,dlk_tbl_01913,2,1,1,false
1855,gob_tbl_00980,2,1,1,false
1856,gob_tbl_01935,2,1,1,false
1857,gob_tbl_00019,2,1,1,false
1858,gob_tbl_03126,2,1,1,false
1859,dlk_tbl_03131,2,1,1,false
1860,gob_tbl_03274,2,1,1,false
1861,dash_tbl_00505,2,1,1,false
1862,proc_tbl_02506,2,1,1,false
1863,gob_tbl_02655,2,1,1,false
1864,gob_tbl_00621,2,1,1,false
1865,dlk_tbl_00739,2,1,1,false
1866,gob_tbl_00821,2,1,1,false
1867,dash_tbl_01109,2,1,1,false
1868,proc_tbl_00337,2,1,1,false
1869,dlk_tbl_01547,2,1,1,false
1870,dlk_tbl_00650,2,1,1,false
1871,gob_tbl_00073,2,1,1,false
1872,gob_tbl_03016,2,1,1,false
1873,proc_tbl_02251,2,1,1,false
1874,dlk_tbl_02393,2,1,1,false
1875,proc_tbl_03194,2,1,1,false
1876,std_tbl_00214,2,1,1,false
1877,gob_tbl_02802,2,1,1,false
1878,m4vw_tbl_03289,2,0,2,true
1879,dlk_tbl_01397,2,1,1,false
1880,gob_tbl_00387,2,1,1,false
1881,proc_tbl_01942,2,1,1,false
1882,dash_tbl_02097,2,1,1,false
1883,dlk_tbl_02327,2,1,1,false
1884,gob_tbl_00687,2,1,1,false
1885,dlk_tbl_02508,2,1,1,false
1886,dlk_tbl_02983,2,1,1,false
1887,proc_tbl_00904,2,1,1,false
1888,dlk_tbl_01997,2,1,1,false
1889,gob_ext_00098,2,2,0,false
1890,gob_tbl_00165,2,1,1,false
1891,dlk_tbl_00577,2,1,1,false
1892,dlk_tbl_00753,2,1,1,false
1893,gob_tbl_00697,2,1,1,false
1894,gob_tbl_03206,2,1,1,false
1895,dlk_ext_00085,2,2,0,false
1896,proc_tbl_01938,2,1,1,false
1897,dlk_tbl_02465,2,1,1,false
1898,dlk_tbl_02723,2,1,1,false
1899,dlk_tbl_03314,2,1,1,false
1900,gob_tbl_01896,2,1,1,false
1901,gob_tbl_00179,2,1,1,false
1902,gob_tbl_02699,2,1,1,false
1903,gob_tbl_02509,2,1,1,false
1904,gob_tbl_00878,2,1,1,false
1905,gob_tbl_03317,2,1,1,false
1906,proc_tbl_03300,2,1,1,false
1907,gob_tbl_00039,2,1,1,false
1908,gob_tbl_00339,2,1,1,false
1909,gob_tbl_00018,2,1,1,false
1910,dlk_tbl_02469,2,1,1,false
1911,gob_tbl_03221,2,1,1,false
1912,dlk_tbl_01501,2,1,1,false
1913,gob_tbl_02141,2,1,1,false
1914,gob_tbl_02963,2,1,1,false
1915,gob_tbl_02700,2,1,1,false
1916,proc_ext_00281,2,2,0,false
1917,dash_tbl_01239,2,1,1,false
1918,dlk_tbl_01800,2,1,1,false
1919,dlk_tbl_00938,2,1,1,false
1920,dlk_tbl_01175,2,1,1,false
1921,dlk_tbl_01262,2,1,1,false
1922,dlk_tbl_01500,2,1,1,false
1923,std_tbl_00464,2,1,1,false
1924,dlk_tbl_01742,2,1,1,false
1925,dlk_tbl_00569,2,1,1,false
1926,proc_tbl_00956,2,1,1,false
1927,dlk_tbl_02143,2,1,1,false
1928,gob_tbl_02717,2,1,1,false
1929,std_tbl_02981,2,1,1,false
1930,dlk_tbl_01657,2,1,1,false
1931,dlk_tbl_02199,2,1,1,false
1932,proc_tbl_02767,2,1,1,false
1933,gob_tbl_02522,2,1,1,false
1934,gob_tbl_00795,2,1,1,false
1935,m4sco_tbl_01544,2,1,1,false
1936,gob_tbl_00641,2,1,1,false
1937,dlk_tbl_02581,2,1,1,false
1938,gob_tbl_03316,2,1,1,false
1939,std_tbl_01043,2,1,1,false
1940,dlk_tbl_00995,2,1,1,false
1941,dlk_tbl_00143,2,1,1,false
1942,dlk_tbl_02367,2,1,1,false
1943,dash_tbl_01825,2,1,1,false
1944,gob_tbl_00646,2,1,1,false
1945,proc_tbl_00308,2,1,1,false
1946,gob_tbl_00935,2,1,1,false
1947,proc_tbl_01861,2,1,1,false
1948,ppn_tbl_01027,2,1,1,false
1949,ppn_tbl_03020,2,1,1,false
1950,dlk_tbl_00675,2,1,1,false
1951,gob_tbl_00055,2,1,1,false
1952,gob_tbl_00921,2,1,1,false
1953,gob_tbl_01782,2,1,1,false
1954,proc_tbl_01520,2,1,1,false
1955,dlk_tbl_03208,2,1,1,false
1956,proc_tbl_01949,2,1,1,false
1957,dlk_tbl_01789,2,1,1,false
1958,dlk_tbl_00911,2,1,1,false
1959,proc_tbl_02988,2,1,1,false
1960,m4vw_tbl_00134,2,1,1,false
1961,dlk_tbl_02941,2,1,1,false
1962,dlk_tbl_02572,2,1,1,false
1963,proc_tbl_02874,2,0,2,true
1964,gob_tbl_01510,2,1,1,false
1965,ppn_tbl_02644,2,1,1,false
1966,dlk_tbl_00748,2,1,1,false
1967,gob_tbl_01631,2,1,1,false
1968,dlk_tbl_00672,2,1,1,false
1969,m4sco_tbl_02842,2,1,1,false
1970,dlk_tbl_02724,2,1,1,false
1971,dlk_tbl_01865,2,1,1,false
1972,dlk_tbl_01688,2,1,1,false
1973,proc_tbl_01934,2,1,1,false
1974,gob_tbl_02104,2,1,1,false
1975,proc_tbl_03183,2,1,1,false
1976,dash_tbl_00574,2,1,1,false
1977,gob_tbl_01180,2,1,1,false
1978,dlk_tbl_00460,2,1,1,false
1979,proc_tbl_02934,2,1,1,false
1980,proc_tbl_00311,2,1,1,false
1981,dlk_tbl_02416,2,1,1,false
1982,dlk_ext_00319,2,2,0,false
1983,std_tbl_01054,2,1,1,false
1984,gob_tbl_01202,2,1,1,false
1985,gob_tbl_01389,2,0,2,true
1986,dlk_tbl_02940,2,1,1,false
1987,gob_tbl_00545,2,1,1,false
1988,dash_tbl_01584,2,1,1,false
1989,gob_tbl_01312,2,1,1,false
1990,gob_tbl_03058,2,1,1,false
1991,gob_tbl_02262,2,1,1,false
1992,dlk_tbl_01359,2,1,1,false
1993,gob_tbl_00516,2,1,1,false
1994,proc_tbl_00693,2,1,1,false
1995,gob_tbl_03083,2,1,1,false
1996,proc_tbl_00052,2,1,1,false
1997,dlk_tbl_01156,2,1,1,false
1998,dlk_tbl_00226,2,1,1,false
1999,std_tbl_01289,2,1,1,false
2000,dlk_tbl_02184,2,1,1,false
2001,gob_tbl_00092,2,1,1,false
2002,gob_tbl_00676,2,1,1,false
2003,dlk_tbl_02027,2,1,1,false
2004,gob_tbl_01009,2,1,1,false
2005,gob_tbl_03103,2,1,1,false
2006,gob_tbl_02766,2,1,1,false
2007,gob_tbl_00420,2,1,1,false
2008,dlk_tbl_01709,2,1,1,false
2009,dlk_tbl_00581,2,1,1,false
2010,dlk_tbl_02665,2,1,1,false
2011,gob_tbl_01369,2,1,1,false
2012,ppn_tbl_00351,2,1,1,false
2013,dlk_tbl_01142,2,1,1,false
2014,dash_tbl_01374,2,1,1,false
2015,std_tbl_02271,2,1,1,false
2016,dlk_tbl_02585,2,1,1,false
2017,gob_tbl_00158,2,1,1,false
2018,dash_tbl_00120,2,1,1,false
2019,gob_tbl_01065,2,1,1,false
2020,gob_tbl_00640,2,1,1,false
2021,dlk_tbl_01781,2,1,1,false
2022,dlk_tbl_03162,2,1,1,false
2023,m4sco_tbl_01135,2,1,1,false
2024,gob_ext_00150,2,2,0,false
2025,proc_tbl_01188,2,1,1,false
2026,gob_tbl_00819,2,1,1,false
2027,dlk_tbl_00376,2,1,1,false
2028,gob_tbl_03124,2,1,1,false
2029,dlk_tbl_01209,2,1,1,false
2030,proc_tbl_02308,2,1,1,false
2031,dlk_tbl_02415,2,1,1,false
2032,gob_tbl_01105,2,1,1,false
2033,dlk_ext_00199,2,2,0,false
2034,gob_tbl_02838,2,1,1,false
2035,proc_tbl_02098,2,1,1,false
2036,gob_tbl_00549,2,1,1,false
2037,dlk_tbl_00984,2,1,1,false
2038,gob_ext_00003,2,2,0,false
2039,dlk_tbl_01208,2,1,1,false
2040,proc_tbl_02979,2,1,1,false
2041,gob_tbl_00747,2,1,1,false
2042,dlk_tbl_03270,2,1,1,false
2043,m4vw_tbl_01425,2,1,1,false
2044,dlk_tbl_00212,2,1,1,false
2045,dash_tbl_00123,2,1,1,false
2046,m4vw_tbl_03200,2,1,1,false
2047,gob_tbl_01829,2,1,1,false
2048,gob_tbl_00036,2,1,1,false
2049,gob_tbl_02340,2,1,1,false
2050,proc_tbl_01760,2,1,1,false
2051,proc_tbl_01708,2,1,1,false
2052,dash_tbl_00430,2,1,1,false
2053,dlk_tbl_03180,2,1,1,false
2054,proc_tbl_01724,2,1,1,false
2055,proc_tbl_01251,2,1,1,false
2056,gob_tbl_00041,2,1,1,false
2057,dlk_tbl_01556,2,1,1,false
2058,dash_tbl_01174,2,1,1,false
2059,proc_tbl_01548,2,1,1,false
2060,std_tbl_02140,2,1,1,false
2061,proc_tbl_03143,2,1,1,false
2062,gob_tbl_02573,2,1,1,false
2063,gob_tbl_01293,2,1,1,false
2064,dlk_ext_00109,2,2,0,false
2065,dlk_tbl_01138,2,1,1,false
2066,dlk_tbl_01885,2,1,1,false
2067,proc_tbl_01264,2,1,1,false
2068,gob_tbl_01394,2,1,1,false
2069,gob_tbl_00534,2,1,1,false
2070,dlk_tbl_00890,2,1,1,false
2071,dlk_tbl_00211,2,1,1,false
2072,dlk_tbl_02611,2,1,1,false
2073,proc_tbl_02827,2,1,1,false
2074,dash_tbl_00963,2,1,1,false
2075,gob_tbl_00992,2,1,1,false
2076,m4vw_tbl_02398,2,1,1,false
2077,dash_tbl_00171,2,1,1,false
2078,dlk_tbl_00054,2,1,1,false
2079,dlk_tbl_01733,2,1,1,false
2080,std_tbl_02152,2,1,1,false
2081,dlk_tbl_01529,2,1,1,false
2082,gob_tbl_02493,2,1,1,false
2083,gob_tbl_01459,2,1,1,false
2084,proc_tbl_00538,2,1,1,false
2085,dlk_tbl_01120,2,1,1,false
2086,gob_tbl_02237,2,1,1,false
2087,gob_tbl_00166,2,1,1,false
2088,proc_tbl_01081,2,1,1,false
2089,dash_tbl_00241,2,1,1,false
2090,gob_tbl_00761,2,1,1,false
2091,gob_tbl_00361,2,1,1,false
2092,proc_tbl_02198,2,1,1,false
2093,m4vw_tbl_02423,2,1,1,false
2094,gob_tbl_02359,2,1,1,false
2095,gob_tbl_00645,2,1,1,false
2096,gob_tbl_02139,2,1,1,false
2097,dlk_tbl_02040,2,1,1,false
2098,dlk_tbl_03117,2,1,1,false
2099,dlk_tbl_01286,2,1,1,false
2100,gob_tbl_00222,2,1,1,false
2101,dlk_tbl_03163,2,1,1,false
2102,proc_tbl_03178,2,1,1,false
2103,proc_tbl_00175,2,1,1,false
2104,dlk_tbl_03262,2,1,1,false
2105,proc_tbl_00762,2,1,1,false
2106,proc_tbl_01461,2,1,1,false
2107,gob_tbl_02122,2,1,1,false
2108,std_tbl_01687,2,1,1,false
2109,dlk_tbl_02523,2,1,1,false
2110,dlk_tbl_01104,2,1,1,false
2111,gob_tbl_01990,2,1,1,false
2112,dlk_tbl_01519,2,1,1,false
2113,proc_tbl_01275,2,1,1,false
2114,gob_tbl_03034,2,1,1,false
2115,dlk_tbl_02014,2,0,2,true
2116,gob_tbl_00014,2,1,1,false
2117,dlk_tbl_00174,2,1,1,false
2118,dash_tbl_03151,2,1,1,false
2119,proc_tbl_02420,2,1,1,false
2120,proc_tbl_02668,2,1,1,false
2121,gob_tbl_01726,2,1,1,false
2122,proc_tbl_00285,2,1,1,false
2123,dlk_tbl_00600,2,1,1,false
2124,gob_tbl_02824,2,1,1,false
2125,gob_tbl_00629,2,1,1,false
2126,gob_tbl_00380,2,1,1,false
2127,dlk_tbl_01643,2,1,1,false
2128,gob_tbl_02793,2,1,1,false
2129,gob_tbl_02862,2,1,1,false
2130,dlk_tbl_02731,2,1,1,false
2131,dlk_tbl_02837,2,1,1,false
2132,proc_tbl_02067,2,1,1,false
2133,dlk_tbl_00770,2,1,1,false
2134,gob_tbl_00284,2,1,1,false
2135,gob_ext_00363,2,2,0,false
2136,m4vw_tbl_02394,2,1,1,false
2137,dlk_tbl_02877,2,1,1,false
2138,dlk_tbl_02314,2,1,1,false
2139,dlk_tbl_03037,2,1,1,false
2140,dlk_tbl_03051,2,1,1,false
2141,gob_tbl_01234,2,1,1,false
2142,dash_tbl_02816,2,1,1,false
2143,dlk_tbl_00177,2,1,1,false
2144,gob_tbl_00276,2,1,1,false
2145,dlk_tbl_00529,2,1,1,false
2146,dash_tbl_00187,2,1,1,false
2147,gob_tbl_01636,2,1,1,false
2148,dlk_tbl_03207,2,0,2,true
2149,gob_tbl_02039,2,1,1,false
2150,dlk_tbl_02566,2,1,1,false
2151,dash_tbl_01640,2,1,1,false
2152,m4vw_tbl_00344,2,1,1,false
2153,proc_tbl_00873,2,1,1,false
2154,dlk_tbl_01707,2,1,1,false
2155,m4vw_tbl_01238,2,1,1,false
2156,dlk_tbl_02491,2,1,1,false
2157,gob_tbl_02735,2,1,1,false
2158,dlk_tbl_03042,2,1,1,false
2159,dlk_tbl_01856,2,1,1,false
2160,dlk_tbl_00160,2,1,1,false
2161,gob_ext_00462,2,2,0,false
2162,gob_tbl_02720,2,1,1,false
2163,gob_tbl_01578,2,1,1,false
2164,dlk_tbl_02138,2,1,1,false
2165,gob_tbl_01783,2,1,1,false
2166,m4sco_tbl_03232,2,1,1,false
2167,proc_tbl_00864,2,1,1,false
2168,dlk_tbl_01599,2,1,1,false
2169,gob_ext_00165,2,2,0,false
2170,gob_tbl_01103,2,1,1,false
2171,gob_ext_00055,2,2,0,false
2172,dash_tbl_00471,2,1,1,false
2173,proc_tbl_00084,2,1,1,false
2174,gob_tbl_01424,2,1,1,false
2175,dlk_tbl_03097,2,1,1,false
2176,gob_tbl_01685,2,1,1,false
2177,dlk_tbl_02684,2,1,1,false
2178,dlk_tbl_00723,2,1,1,false
2179,proc_tbl_02992,2,1,1,false
2180,gob_tbl_02780,2,1,1,false
2181,std_tbl_01608,2,1,1,false
2182,m4vw_tbl_00783,2,1,1,false
2183,gob_tbl_02714,2,1,1,false
2184,gob_tbl_03062,2,1,1,false
2185,gob_tbl_03170,2,1,1,false
2186,dlk_tbl_00145,2,1,1,false
2187,dlk_tbl_00884,2,1,1,false
2188,gob_tbl_01191,2,1,1,false
2189,gob_tbl_00353,2,1,1,false
2190,dlk_tbl_00443,2,1,1,false
2191,proc_tbl_00611,2,1,1,false
2192,gob_tbl_03140,2,1,1,false
2193,dlk_tbl_00894,2,1,1,false
2194,dash_ext_00348,2,2,0,false
2195,dlk_tbl_01331,2,1,1,false
2196,gob_tbl_00702,2,1,1,false
2197,dlk_tbl_00679,2,1,1,false
2198,dlk_tbl_02990,2,1,1,false
2199,proc_tbl_01905,2,1,1,false
2200,dlk_tbl_00136,2,0,2,true
2201,dash_tbl_00038,2,1,1,false
2202,dlk_tbl_02472,2,1,1,false
2203,proc_tbl_02463,2,1,1,false
2204,dlk_tbl_00507,2,1,1,false
2205,proc_tbl_01901,2,1,1,false
2206,gob_tbl_00494,2,1,1,false
2207,dlk_tbl_03297,2,1,1,false
2208,proc_tbl_00015,2,1,1,false
2209,dlk_tbl_02887,2,1,1,false
2210,dlk_tbl_02703,2,1,1,false
2211,proc_tbl_02354,2,1,1,false
2212,gob_tbl_02958,2,1,1,false
2213,gob_tbl_00356,2,1,1,false
2214,dash_tbl_01871,2,1,1,false
2215,proc_tbl_00861,2,0,2,true
2216,gob_tbl_02777,2,1,1,false
2217,dlk_tbl_02991,2,1,1,false
2218,dash_tbl_02161,2,1,1,false
2219,dlk_tbl_01288,2,1,1,false
2220,gob_tbl_01702,2,1,1,false
2221,dlk_tbl_02148,2,1,1,false
2222,proc_tbl_03292,2,1,1,false
2223,dlk_tbl_01662,2,1,1,false
2224,dlk_tbl_02555,2,1,1,false
2225,gob_tbl_00209,2,1,1,false
2226,proc_ext_00132,2,2,0,false
2227,proc_tbl_02619,2,1,1,false
2228,gob_tbl_02853,2,1,1,false
2229,dlk_tbl_00138,2,1,1,false
2230,gob_tbl_01396,2,1,1,false
2231,ppn_tbl_03145,2,1,1,false
2232,proc_tbl_00568,2,1,1,false
2233,ppn_tbl_01534,2,1,1,false
2234,dlk_tbl_02245,2,1,1,false
2235,dlk_tbl_02111,2,1,1,false
2236,proc_ext_00479,2,2,0,false
2237,proc_tbl_02191,2,1,1,false
2238,gob_tbl_01815,2,1,1,false
2239,gob_tbl_01072,2,1,1,false
2240,dash_tbl_00531,2,1,1,false
2241,gob_tbl_01836,2,1,1,false
2242,gob_tbl_00450,2,1,1,false
2243,gob_tbl_00419,2,1,1,false
2244,gob_tbl_02124,2,1,1,false
2245,dlk_tbl_00789,2,1,1,false
2246,gob_tbl_00243,2,1,1,false
2247,gob_tbl_00905,2,1,1,false
2248,dlk_tbl_01323,2,1,1,false
2249,dlk_tbl_00688,2,1,1,false
2250,dlk_tbl_00167,2,1,1,false
2251,gob_tbl_03203,2,1,1,false
2252,dlk_tbl_00969,2,1,1,false
2253,dlk_tbl_01035,2,1,1,false
2254,gob_tbl_01390,2,1,1,false
2255,dlk_tbl_00625,2,1,1,false
2256,dlk_tbl_02685,2,1,1,false
2257,dlk_tbl_00609,2,1,1,false
2258,dash_tbl_03076,2,1,1,false
2259,dlk_ext_00233,2,2,0,false
2260,dash_tbl_01847,2,1,1,false
2261,dlk_tbl_00022,2,1,1,false
2262,gob_tbl_02328,2,1,1,false
2263,gob_tbl_02512,2,1,1,false
2264,gob_tbl_03258,2,1,1,false
2265,dlk_tbl_01393,2,1,1,false
2266,gob_ext_00387,2,2,0,false
2267,proc_ext_00345,2,2,0,false
2268,dlk_tbl_02321,2,1,1,false
2269,proc_tbl_02373,2,1,1,false
2270,dash_tbl_00251,2,1,1,false
2271,gob_ext_00147,2,2,0,false
2272,dlk_tbl_02924,2,1,1,false
2273,dlk_tbl_00246,2,1,1,false
2274,m4sco_tbl_01439,2,1,1,false
2275,dlk_tbl_02841,2,1,1,false
2276,gob_tbl_01083,2,1,1,false
2277,gob_tbl_02083,2,1,1,false
2278,proc_tbl_00947,2,1,1,false
2279,gob_tbl_02959,2,1,1,false
2280,dlk_tbl_00765,2,1,1,false
2281,dlk_tbl_03217,2,1,1,false
2282,proc_tbl_03255,2,1,1,false
2283,gob_tbl_00006,2,0,2,true
2284,dlk_tbl_00112,2,1,1,false
2285,dlk_tbl_02388,2,1,1,false
2286,gob_tbl_00764,2,1,1,false
2287,dlk_tbl_00661,2,1,1,false
2288,dlk_tbl_03085,2,1,1,false
2289,gob_tbl_00570,2,1,1,false
2290,gob_tbl_02034,2,1,1,false
2291,dlk_tbl_01348,2,1,1,false
2292,dlk_tbl_03259,2,1,1,false
2293,dlk_tbl_00436,2,1,1,false
2294,dlk_tbl_00481,2,1,1,false
2295,dash_tbl_00139,2,1,1,false
2296,dlk_tbl_00202,2,1,1,false
2297,proc_tbl_00892,2,1,1,false
2298,dlk_tbl_02088,2,1,1,false
2299,dlk_tbl_03190,2,1,1,false
2300,dash_tbl_00849,2,1,1,false
2301,dash_tbl_02850,2,1,1,false
2302,dlk_tbl_00415,2,1,1,false
2303,dash_tbl_01143,2,1,1,false
2304,gob_tbl_02054,2,1,1,false
2305,dlk_tbl_00468,2,1,1,false
2306,dlk_tbl_01211,2,1,1,false
2307,gob_tbl_02232,2,1,1,false
2308,std_tbl_02897,2,1,1,false
2309,dash_tbl_00239,2,1,1,false
2310,std_tbl_02319,2,1,1,false
2311,proc_tbl_00004,2,1,1,false
2312,dlk_tbl_02970,2,1,1,false
2313,dlk_tbl_00589,2,1,1,false
2314,dlk_tbl_03182,2,1,1,false
2315,dlk_tbl_00680,2,1,1,false
2316,std_tbl_02942,2,1,1,false
2317,dlk_tbl_01625,2,1,1,false
2318,dlk_tbl_01329,2,1,1,false
2319,dlk_ext_00014,2,2,0,false
2320,dlk_tbl_00504,2,1,1,false
2321,proc_tbl_02119,2,1,1,false
2322,proc_tbl_01059,2,1,1,false
2323,gob_tbl_01753,2,1,1,false
2324,gob_tbl_01089,2,1,1,false
2325,gob_tbl_00428,2,1,1,false
2326,dlk_tbl_00296,2,1,1,false
2327,gob_tbl_00362,2,1,1,false
2328,dlk_tbl_00366,2,1,1,false
2329,gob_tbl_00486,2,1,1,false
2330,dlk_ext_00424,2,2,0,false
2331,gob_tbl_02243,2,1,1,false
2332,dash_ext_00305,2,2,0,false
2333,gob_tbl_00080,2,1,1,false
2334,gob_tbl_00822,2,1,1,false
2335,dlk_tbl_02751,2,1,1,false
2336,dlk_tbl_01863,2,1,1,false
2337,gob_tbl_03282,2,1,1,false
2338,dlk_tbl_01952,2,1,1,false
2339,gob_tbl_01963,2,1,1,false
2340,gob_tbl_00767,2,1,1,false
2341,dlk_tbl_00327,2,1,1,false
2342,ppn_tbl_01770,2,1,1,false
2343,proc_tbl_01731,2,1,1,false
2344,gob_tbl_03299,2,1,1,false
2345,proc_tbl_02216,2,1,1,false
2346,gob_tbl_00845,2,1,1,false
2347,dash_tbl_00106,2,1,1,false
2348,proc_tbl_01568,2,1,1,false
2349,gob_tbl_01340,2,1,1,false
2350,std_tbl_02351,2,1,1,false
2351,dlk_tbl_02392,2,1,1,false
2352,gob_tbl_00856,2,1,1,false
2353,dlk_tbl_01435,2,1,1,false
2354,dlk_tbl_01473,2,1,1,false
2355,dlk_ext_00185,2,2,0,false
2356,gob_tbl_00758,2,1,1,false
2357,proc_tbl_02056,2,1,1,false
2358,dlk_tbl_03106,2,1,1,false
2359,gob_tbl_00076,2,1,1,false
2360,dlk_tbl_02947,2,1,1,false
2361,proc_tbl_01689,2,1,1,false
2362,proc_tbl_00305,2,1,1,false
2363,proc_tbl_02609,2,1,1,false
2364,gob_tbl_02789,2,1,1,false
2365,dlk_tbl_00720,2,1,1,false
2366,gob_tbl_01673,2,1,1,false
2367,gob_tbl_02821,2,1,1,false
2368,proc_tbl_01487,2,1,1,false
2369,dlk_tbl_02701,2,1,1,false
2370,gob_tbl_01904,2,1,1,false
2371,m4vw_tbl_01067,2,1,1,false
2372,dlk_tbl_01034,2,1,1,false
2373,proc_tbl_02792,2,1,1,false
2374,dlk_tbl_03087,2,1,1,false
2375,gob_tbl_02181,2,1,1,false
2376,dash_tbl_03212,2,1,1,false
2377,gob_tbl_01305,2,1,1,false
2378,dlk_tbl_02643,2,1,1,false
2379,gob_tbl_02266,2,1,1,false
2380,std_tbl_02437,2,1,1,false
2381,dlk_tbl_02080,2,1,1,false
2382,proc_tbl_01298,2,1,1,false
2383,gob_tbl_00681,2,1,1,false
2384,dash_tbl_02499,2,1,1,false
2385,dash_tbl_01876,2,1,1,false
2386,proc_tbl_00750,2,1,1,false
2387,dlk_tbl_02595,2,1,1,false
2388,dlk_tbl_01338,2,1,1,false
2389,gob_tbl_02975,2,1,1,false
2390,proc_tbl_02898,2,0,2,true
2391,dash_tbl_02076,2,1,1,false
2392,dlk_tbl_02596,2,1,1,false
2393,dlk_ext_00375,2,2,0,false
2394,dlk_tbl_02435,2,1,1,false
2395,gob_tbl_01891,2,1,1,false
2396,dlk_tbl_02096,2,1,1,false
2397,proc_tbl_02305,2,1,1,false
2398,gob_tbl_02710,2,1,1,false
2399,proc_tbl_00378,2,1,1,false
2400,gob_tbl_01345,2,1,1,false
2401,proc_tbl_03146,2,1,1,false
2402,gob_tbl_00216,2,1,1,false
2403,m4vw_tbl_02860,2,1,1,false
2404,proc_tbl_02957,2,1,1,false
2405,dlk_tbl_02296,2,1,1,false
2406,dash_tbl_01114,1,0,1,false
2407,gob_tbl_00826,1,0,1,false
2408,m4sco_tbl_00467,1,0,1,false
2409,dlk_tbl_01418,1,0,1,false
2410,dlk_tbl_02840,1,0,1,false
2411,gob_tbl_02091,1,0,1,false
2412,proc_tbl_02278,1,0,1,false
2413,m4vw_tbl_00506,1,0,1,false
2414,proc_tbl_02756,1,0,1,false
2415,dash_tbl_02895,1,0,1,false
2416,proc_tbl_01660,1,0,1,false
2417,gob_tbl_02544,1,0,1,false
2418,gob_tbl_01862,1,0,1,false
2419,proc_tbl_01477,1,0,1,false
2420,dash_tbl_00528,1,0,1,false
2421,dash_tbl_02344,1,0,1,false
2422,dlk_tbl_00117,1,0,1,false
2423,std_tbl_02477,1,0,1,false
2424,gob_tbl_02208,1,0,1,false
2425,dlk_tbl_02189,1,0,1,false
2426,gob_tbl_00453,1,0,1,false
2427,gob_tbl_01855,1,0,1,false
2428,gob_tbl_02807,1,0,1,false
2429,dlk_tbl_00868,1,0,1,false
2430,dlk_tbl_02516,1,0,1,false
2431,dlk_tbl_01480,1,0,1,false
2432,gob_tbl_00908,1,0,1,false
2433,proc_tbl_00390,1,0,1,false
2434,proc_tbl_02284,1,0,1,false
2435,std_tbl_01719,1,0,1,false
2436,dlk_tbl_02615,1,0,1,false
2437,dlk_tbl_03138,1,0,1,false
2438,proc_tbl_02269,1,0,1,false
2439,gob_tbl_00355,1,0,1,false
2440,gob_tbl_01127,1,0,1,false
2441,gob_tbl_00087,1,0,1,false
2442,dlk_ext_00137,1,1,0,false
2443,dlk_tbl_03099,1,0,1,false
2444,dlk_tbl_00933,1,0,1,false
2445,proc_tbl_00256,1,0,1,false
2446,dlk_tbl_03123,1,0,1,false
2447,proc_tbl_03295,1,0,1,false
2448,gob_tbl_01128,1,0,1,false
2449,gob_tbl_02383,1,0,1,false
2450,dlk_tbl_02304,1,0,1,false
2451,dlk_tbl_01195,1,0,1,false
2452,gob_tbl_01740,1,0,1,false
2453,m4sco_tbl_00473,1,0,1,false
2454,gob_tbl_01785,1,0,1,false
2455,dlk_tbl_00842,1,0,1,false
2456,dlk_tbl_00009,1,0,1,false
2457,dlk_tbl_03283,1,0,1,false
2458,proc_tbl_01928,1,0,1,false
2459,gob_tbl_02408,1,0,1,false
2460,gob_tbl_01889,1,0,1,false
2461,gob_tbl_03029,1,0,1,false
2462,gob_tbl_00877,1,0,1,false
2463,gob_tbl_00252,1,0,1,false
2464,ppn_tbl_01962,1,0,1,false
2465,gob_tbl_00945,1,0,1,false
2466,gob_tbl_02484,1,0,1,false
2467,gob_tbl_00386,1,0,1,false
2468,proc_tbl_00333,1,0,1,false
2469,gob_tbl_02448,1,0,1,false
2470,gob_tbl_02770,1,0,1,false
2471,dlk_tbl_02693,1,0,1,false
2472,gob_tbl_02914,1,0,1,false
2473,dlk_tbl_02428,1,0,1,false
2474,std_tbl_01304,1,0,1,false
2475,gob_ext_00066,1,1,0,false
2476,gob_tbl_00102,1,0,1,false
2477,dlk_tbl_02131,1,0,1,false
2478,dlk_tbl_01090,1,0,1,false
2479,dlk_tbl_01864,1,0,1,false
2480,gob_tbl_01436,1,0,1,false
2481,dlk_tbl_01444,1,0,1,false
2482,gob_ext_00101,1,1,0,false
2483,dlk_tbl_00312,1,0,1,false
2484,gob_tbl_00081,1,0,1,false
2485,proc_tbl_02772,1,0,1,false
2486,proc_tbl_01966,1,0,1,false
2487,proc_tbl_02533,1,0,1,false
2488,proc_tbl_00614,1,0,1,false
2489,dash_tbl_00540,1,0,1,false
2490,gob_tbl_02163,1,0,1,false
2491,dlk_tbl_01888,1,0,1,false
2492,proc_tbl_01717,1,0,1,false
2493,dlk_tbl_02893,1,0,1,false
2494,dash_tbl_02479,1,0,1,false
2495,dlk_tbl_00708,1,0,1,false
2496,dlk_tbl_03048,1,0,1,false
2497,proc_tbl_02025,1,0,1,false
2498,gob_tbl_02156,1,0,1,false
2499,dlk_tbl_01985,1,0,1,false
2500,gob_tbl_01228,1,0,1,false
2501,proc_tbl_02829,1,0,1,false
2502,gob_tbl_02878,1,0,1,false
2503,dlk_tbl_00104,1,0,1,false
2504,gob_tbl_00472,1,0,1,false
2505,dash_tbl_01410,1,0,1,false
2506,dlk_tbl_03067,1,0,1,false
2507,gob_tbl_00348,1,0,1,false
2508,gob_tbl_02640,1,0,1,false
2509,gob_tbl_02330,1,0,1,false
2510,proc_tbl_02588,1,0,1,false
2511,gob_tbl_02390,1,0,1,false
2512,dash_tbl_02306,1,0,1,false
2513,gob_tbl_02487,1,0,1,false
2514,m4vw_tbl_01479,1,0,1,false
2515,gob_tbl_02620,1,0,1,false
2516,gob_tbl_00671,1,0,1,false
2517,dash_tbl_01041,1,0,1,false
2518,proc_tbl_00301,1,0,1,false
2519,dlk_tbl_01172,1,0,1,false
2520,dlk_tbl_02890,1,0,1,false
2521,dash_tbl_00909,1,0,1,false
2522,dlk_tbl_00298,1,0,1,false
2523,dlk_tbl_02760,1,0,1,false
2524,gob_tbl_00689,1,0,1,false
2525,proc_tbl_03134,1,0,1,false
2526,dlk_tbl_01852,1,0,1,false
2527,gob_tbl_02050,1,0,1,false
2528,gob_tbl_01214,1,0,1,false
2529,gob_tbl_02239,1,0,1,false
2530,std_tbl_02938,1,0,1,false
2531,dlk_ext_00388,1,1,0,false
2532,gob_tbl_02597,1,0,1,false
2533,dash_tbl_02910,1,0,1,false
2534,gob_tbl_02616,1,0,1,false
2535,gob_tbl_01488,1,0,1,false
2536,proc_tbl_01008,1,0,1,false
2537,gob_tbl_03077,1,0,1,false
2538,dlk_tbl_01484,1,0,1,false
2539,ppn_tbl_02336,1,0,1,false
2540,gob_tbl_00288,1,0,1,false
2541,dlk_tbl_01469,1,0,1,false
2542,dlk_tbl_00660,1,0,1,false
2543,dlk_tbl_00188,1,0,1,false
2544,gob_tbl_00172,1,0,1,false
2545,dlk_tbl_02617,1,0,1,false
2546,gob_tbl_01206,1,0,1,false
2547,gob_tbl_03081,1,0,1,false
2548,std_tbl_02277,1,0,1,false
2549,dlk_tbl_00490,1,0,1,false
2550,gob_tbl_03107,1,0,1,false
2551,gob_tbl_03278,1,0,1,false
2552,gob_tbl_00859,1,0,1,false
2553,dlk_tbl_01230,1,0,1,false
2554,dlk_tbl_03070,1,0,1,false
2555,gob_tbl_00784,1,0,1,false
2556,gob_tbl_01326,1,0,1,false
2557,gob_tbl_01240,1,0,1,false
2558,dlk_tbl_02052,1,0,1,false
2559,dlk_tbl_00170,1,0,1,false
2560,std_tbl_02046,1,0,1,false
2561,gob_tbl_01467,1,0,1,false
2562,gob_tbl_01332,1,0,1,false
2563,gob_tbl_01988,1,0,1,false
2564,dlk_tbl_02987,1,0,1,false
2565,dlk_tbl_01278,1,0,1,false
2566,dlk_tbl_00755,1,0,1,false
2567,gob_tbl_02666,1,0,1,false
2568,gob_tbl_02029,1,0,1,false
2569,gob_tbl_01306,1,0,1,false
2570,dlk_tbl_00832,1,0,1,false
2571,dlk_tbl_01108,1,0,1,false
2572,dash_tbl_02459,1,0,1,false
2573,m4vw_tbl_03193,1,0,1,false
2574,gob_tbl_00070,1,0,1,false
2575,gob_tbl_03223,1,0,1,false
2576,proc_tbl_01600,1,0,1,false
2577,gob_tbl_03293,1,0,1,false
2578,gob_tbl_01696,1,0,1,false
2579,dlk_tbl_00521,1,0,1,false
2580,gob_tbl_03189,1,0,1,false
2581,dash_tbl_00132,1,0,1,false
2582,proc_ext_00033,1,1,0,false
2583,gob_tbl_00031,1,0,1,false
2584,gob_tbl_01291,1,0,1,false
2585,dlk_tbl_01638,1,0,1,false
2586,gob_tbl_01357,1,0,1,false
2587,dlk_tbl_00455,1,0,1,false
2588,dash_tbl_02952,1,0,1,false
2589,gob_tbl_00406,1,0,1,false
2590,dash_tbl_02132,1,0,1,false
2591,dash_tbl_01339,1,0,1,false
2592,dash_tbl_00329,1,0,1,false
2593,gob_tbl_02221,1,0,1,false
2594,gob_tbl_01325,1,0,1,false
2595,dlk_tbl_02397,1,0,1,false
2596,proc_tbl_03022,1,0,1,false
2597,gob_ext_00374,1,1,0,false
2598,m4sco_tbl_03110,1,0,1,false
2599,dlk_tbl_02918,1,0,1,false
2600,dash_tbl_01887,1,0,1,false
2601,dlk_tbl_02315,1,0,1,false
2602,dlk_tbl_03152,1,0,1,false
2603,proc_tbl_00049,1,0,1,false
2604,gob_tbl_01452,1,0,1,false
2605,gob_tbl_00607,1,0,1,false
2606,dlk_tbl_00437,1,0,1,false
2607,gob_tbl_02007,1,0,1,false
2608,dlk_tbl_01613,1,0,1,false
2609,dlk_tbl_02745,1,0,1,false
2610,gob_tbl_00001,1,0,1,false
2611,dlk_tbl_01347,1,0,1,false
2612,gob_tbl_02185,1,0,1,false
2613,proc_tbl_00632,1,0,1,false
2614,dlk_tbl_01799,1,0,1,false
2615,dash_tbl_00274,1,0,1,false
2616,dlk_tbl_02550,1,0,1,false
2617,gob_tbl_02501,1,0,1,false
2618,gob_tbl_00164,1,0,1,false
2619,gob_ext_00208,1,1,0,false
2620,proc_tbl_00089,1,0,1,false
2621,dlk_tbl_01276,1,0,1,false
2622,dlk_tbl_01772,1,0,1,false
2623,dlk_tbl_00565,1,0,1,false
2624,dash_tbl_00495,1,0,1,false
2625,dlk_tbl_02142,1,0,1,false
2626,proc_tbl_02921,1,0,1,false
2627,gob_tbl_03246,1,0,1,false
2628,gob_tbl_03073,1,0,1,false
2629,dlk_tbl_00010,1,0,1,false
2630,gob_tbl_02998,1,0,1,false
2631,proc_tbl_02173,1,0,1,false
2632,gob_tbl_02286,1,0,1,false
2633,dlk_tbl_01597,1,0,1,false
2634,m4vw_tbl_03045,1,0,1,false
2635,std_tbl_01178,1,0,1,false
2636,proc_tbl_00596,1,0,1,false
2637,dlk_tbl_01454,1,0,1,false
2638,dlk_tbl_03061,1,0,1,false
2639,proc_tbl_03235,1,0,1,false
2640,dlk_tbl_01060,1,0,1,false
2641,gob_ext_00140,1,1,0,false
2642,gob_ext_00433,1,1,0,false
2643,dlk_tbl_00957,1,0,1,false
2644,proc_tbl_01939,1,0,1,false
2645,gob_tbl_00491,1,0,1,false
2646,proc_tbl_00562,1,0,1,false
2647,dlk_tbl_01036,1,0,1,false
2648,gob_tbl_01220,1,0,1,false
2649,proc_tbl_02601,1,0,1,false
2650,m4vw_tbl_01315,1,0,1,false
2651,dlk_tbl_02791,1,0,1,false
2652,gob_tbl_00794,1,0,1,false
2653,dlk_tbl_03043,1,0,1,false
2654,m4sco_tbl_03125,1,0,1,false
2655,proc_tbl_00359,1,0,1,false
2656,gob_tbl_00968,1,0,1,false
2657,proc_tbl_00354,1,0,1,false
2658,dlk_tbl_00685,1,0,1,false
2659,dash_tbl_02249,1,0,1,false
2660,proc_tbl_02917,1,0,1,false
2661,proc_tbl_03252,1,0,1,false
2662,proc_tbl_02082,1,0,1,false
2663,dlk_tbl_01838,1,0,1,false
2664,dash_tbl_02818,1,0,1,false
2665,dlk_tbl_03209,1,0,1,false
2666,gob_tbl_02828,1,0,1,false
2667,std_ext_00122,1,1,0,false
2668,proc_tbl_01927,1,0,1,false
2669,m4vw_tbl_01207,1,0,1,false
2670,dash_tbl_01809,1,0,1,false
2671,gob_tbl_00844,1,0,1,false
2672,std_tbl_00744,1,0,1,false
2673,gob_tbl_02273,1,0,1,false
2674,proc_tbl_02309,1,0,1,false
2675,dash_tbl_00232,1,0,1,false
2676,dlk_tbl_00840,1,0,1,false
2677,dlk_tbl_02290,1,0,1,false
2678,gob_tbl_03261,1,0,1,false
2679,dlk_tbl_02681,1,0,1,false
2680,gob_tbl_00769,1,0,1,false
2681,dlk_tbl_01198,1,0,1,false
2682,dlk_tbl_00027,1,0,1,false
2683,gob_tbl_00003,1,0,1,false
2684,proc_tbl_00047,1,0,1,false
2685,dlk_tbl_01723,1,0,1,false
2686,dash_tbl_02318,1,0,1,false
2687,dlk_tbl_01300,1,0,1,false
2688,std_tbl_01653,1,0,1,false
2689,proc_tbl_03214,1,0,1,false
2690,gob_tbl_02116,1,0,1,false
2691,dlk_tbl_02765,1,0,1,false
2692,proc_tbl_02919,1,0,1,false
2693,gob_tbl_01317,1,0,1,false
2694,gob_tbl_00996,1,0,1,false
2695,gob_tbl_02680,1,0,1,false
2696,gob_tbl_01416,1,0,1,false
2697,gob_tbl_02113,1,0,1,false
2698,gob_tbl_00654,1,0,1,false
2699,gob_tbl_02803,1,0,1,false
2700,dlk_tbl_00846,1,0,1,false
2701,gob_tbl_00336,1,0,1,false
2702,dlk_tbl_01052,1,0,1,false
2703,dlk_tbl_00185,1,0,1,false
2704,dlk_tbl_00365,1,0,1,false
2705,gob_tbl_02137,1,0,1,false
2706,gob_tbl_01482,1,0,1,false
2707,dlk_tbl_03144,1,0,1,false
2708,gob_tbl_02166,1,0,1,false
2709,gob_tbl_02197,1,0,1,false
2710,dlk_tbl_02494,1,0,1,false
2711,gob_tbl_03133,1,0,1,false
2712,dlk_tbl_00588,1,0,1,false
2713,gob_tbl_02814,1,0,1,false
2714,dlk_tbl_00855,1,0,1,false
2715,dlk_tbl_00097,1,0,1,false
2716,dash_tbl_02798,1,0,1,false
2717,dlk_tbl_01849,1,0,1,false
2718,proc_tbl_02425,1,0,1,false
2719,dlk_tbl_02433,1,0,1,false
2720,gob_tbl_02943,1,0,1,false
2721,gob_tbl_00347,1,0,1,false
2722,gob_tbl_01011,1,0,1,false
2723,proc_tbl_00091,1,0,1,false
2724,ppn_tbl_01015,1,0,1,false
2725,gob_tbl_02593,1,0,1,false
2726,dlk_tbl_00046,1,0,1,false
2727,gob_tbl_01593,1,0,1,false
2728,dlk_ext_00429,1,1,0,false
2729,dlk_tbl_00410,1,0,1,false
2730,dlk_tbl_01841,1,0,1,false
2731,dash_tbl_01213,1,0,1,false
2732,m4sco_tbl_02242,1,0,1,false
2733,m4vw_tbl_02000,1,0,1,false
2734,dlk_tbl_00411,1,0,1,false
2735,std_tbl_00379,1,0,1,false
2736,dlk_tbl_01117,1,0,1,false
2737,proc_tbl_00759,1,0,1,false
2738,proc_tbl_00993,1,0,1,false
2739,gob_tbl_01531,1,0,1,false
2740,gob_tbl_01150,1,0,1,false
2741,dlk_tbl_01664,1,0,1,false
2742,gob_tbl_01478,1,0,1,false
2743,proc_tbl_03127,1,0,1,false
2744,dash_tbl_00863,1,0,1,false
2745,proc_tbl_01810,1,0,1,false
2746,dlk_tbl_03227,1,0,1,false
2747,gob_tbl_03241,1,0,1,false
2748,dlk_tbl_01460,1,0,1,false
2749,gob_tbl_00488,1,0,1,false
2750,dlk_tbl_02768,1,0,1,false
2751,dlk_tbl_01391,1,0,1,false
2752,gob_tbl_00732,1,0,1,false
2753,dash_tbl_01767,1,0,1,false
2754,gob_tbl_00639,1,0,1,false
2755,dlk_tbl_00088,1,0,1,false
2756,dlk_tbl_01692,1,0,1,false
2757,gob_tbl_02209,1,0,1,false
2758,gob_tbl_01884,1,0,1,false
2759,dlk_tbl_00725,1,0,1,false
2760,m4vw_tbl_02031,1,0,1,false
2761,dlk_tbl_01088,1,0,1,false
2762,proc_tbl_02784,1,0,1,false
2763,dash_tbl_01580,1,0,1,false
2764,m4sco_tbl_01046,1,0,1,false
2765,dash_tbl_02146,1,0,1,false
2766,gob_tbl_00987,1,0,1,false
2767,proc_tbl_01248,1,0,1,false
2768,proc_tbl_01850,1,0,1,false
2769,proc_tbl_02292,1,0,1,false
2770,proc_tbl_02932,1,0,1,false
2771,gob_tbl_01002,1,0,1,false
2772,gob_tbl_02342,1,0,1,false
2773,gob_tbl_02729,1,0,1,false
2774,gob_tbl_02817,1,0,1,false
2775,gob_tbl_00575,1,0,1,false
2776,gob_tbl_02267,1,0,1,false
2777,gob_tbl_03121,1,0,1,false
2778,dash_tbl_01160,1,0,1,false
2779,dlk_tbl_02282,1,0,1,false
2780,gob_tbl_00199,1,0,1,false
2781,dlk_tbl_00657,1,0,1,false
2782,proc_tbl_03286,1,0,1,false
2783,dlk_tbl_02452,1,0,1,false
2784,ppn_tbl_00441,1,0,1,false
2785,dlk_tbl_02168,1,0,1,false
2786,dlk_tbl_02451,1,0,1,false
2787,gob_tbl_00217,1,0,1,false
2788,m4sco_tbl_00125,1,0,1,false
2789,gob_tbl_01811,1,0,1,false
2790,gob_tbl_01666,1,0,1,false
2791,gob_tbl_01038,1,0,1,false
2792,gob_tbl_00438,1,0,1,false
2793,dlk_tbl_00686,1,0,1,false
2794,proc_tbl_00400,1,0,1,false
2795,dlk_tbl_00332,1,0,1,false
2796,gob_tbl_03176,1,0,1,false
2797,gob_tbl_02742,1,0,1,false
2798,gob_tbl_02006,1,0,1,false
2799,proc_tbl_00907,1,0,1,false
2800,gob_tbl_00539,1,0,1,false
2801,gob_tbl_02092,1,0,1,false
2802,gob_tbl_03032,1,0,1,false
2803,proc_tbl_00865,1,0,1,false
2804,proc_tbl_00293,1,0,1,false
2805,gob_tbl_01681,1,0,1,false
2806,dlk_tbl_03185,1,0,1,false
2807,gob_tbl_01322,1,0,1,false
2808,dlk_tbl_00823,1,0,1,false
2809,gob_tbl_01409,1,0,1,false
2810,dlk_tbl_02865,1,0,1,false
2811,dlk_tbl_01145,1,0,1,false
2812,std_tbl_02740,1,0,1,false
2813,proc_tbl_01563,1,0,1,false
2814,dlk_tbl_01476,1,0,1,false
2815,dash_tbl_02558,1,0,1,false
2816,gob_tbl_00090,1,0,1,false
2817,std_tbl_02507,1,0,1,false
2818,dlk_tbl_01583,1,0,1,false
2819,gob_tbl_01873,1,0,1,false
2820,dlk_tbl_00128,1,0,1,false
2821,dlk_tbl_03188,1,0,1,false
2822,gob_tbl_03211,1,0,1,false
2823,dlk_tbl_00766,1,0,1,false
2824,m4sco_tbl_02651,1,0,1,false
2825,dash_tbl_03011,1,0,1,false
2826,std_tbl_03256,1,0,1,false
2827,proc_tbl_01233,1,0,1,false
2828,dlk_tbl_02996,1,0,1,false
2829,dlk_tbl_01967,1,0,1,false
2830,dlk_tbl_02863,1,0,1,false
2831,gob_tbl_03041,1,0,1,false
2832,dlk_tbl_02982,1,0,1,false
2833,proc_tbl_01367,1,0,1,false
2834,proc_tbl_02561,1,0,1,false
2835,dlk_tbl_01429,1,0,1,false
2836,dlk_tbl_01878,1,0,1,false
2837,gob_tbl_00831,1,0,1,false
2838,dlk_tbl_00270,1,0,1,false
2839,gob_tbl_02134,1,0,1,false
2840,proc_tbl_00982,1,0,1,false
2841,gob_tbl_00817,1,0,1,false
2842,proc_tbl_01566,1,0,1,false
2843,dlk_tbl_01572,1,0,1,false
2844,gob_tbl_01307,1,0,1,false
2845,dlk_tbl_01376,1,0,1,false
2846,proc_tbl_00706,1,0,1,false
2847,gob_tbl_02263,1,0,1,false
2848,gob_tbl_02312,1,0,1,false
2849,dlk_tbl_00734,1,0,1,false
2850,gob_tbl_02613,1,0,1,false
2851,proc_tbl_02866,1,0,1,false
2852,gob_tbl_00959,1,0,1,false
2853,dlk_tbl_01907,1,0,1,false
2854,dlk_tbl_01294,1,0,1,false
2855,proc_tbl_02627,1,0,1,false
2856,dlk_ext_00472,1,1,0,false
2857,dlk_tbl_01674,1,0,1,false
2858,gob_tbl_00818,1,0,1,false
2859,gob_tbl_01902,1,0,1,false
2860,proc_tbl_00313,1,0,1,false
2861,m4sco_tbl_00210,1,0,1,false
2862,gob_tbl_03311,1,0,1,false
2863,dlk_tbl_00623,1,0,1,false
2864,gob_tbl_02246,1,0,1,false
2865,gob_tbl_02761,1,0,1,false
2866,dash_tbl_00433,1,0,1,false
2867,std_tbl_02757,1,0,1,false
2868,dlk_tbl_02819,1,0,1,false
2869,gob_tbl_00005,1,0,1,false
2870,proc_tbl_02702,1,0,1,false
2871,proc_tbl_00985,1,0,1,false
2872,dlk_tbl_03266,1,0,1,false
2873,gob_tbl_01998,1,0,1,false
2874,dlk_tbl_01801,1,0,1,false
2875,dlk_tbl_01170,1,0,1,false
2876,gob_tbl_01334,1,0,1,false
2877,gob_tbl_01077,1,0,1,false
2878,gob_tbl_02387,1,0,1,false
2879,gob_tbl_00749,1,0,1,false
2880,dlk_tbl_02652,1,0,1,false
2881,gob_tbl_00518,1,0,1,false
2882,dlk_tbl_01040,1,0,1,false
2883,ppn_tbl_01582,1,0,1,false
2884,dlk_ext_00362,1,1,0,false
2885,gob_tbl_02709,1,0,1,false
2886,gob_tbl_00882,1,0,1,false
2887,proc_tbl_02180,1,0,1,false
2888,dlk_tbl_02759,1,0,1,false
2889,dlk_tbl_00385,1,0,1,false
2890,gob_tbl_00219,1,0,1,false
2891,dash_tbl_03173,1,0,1,false
2892,dash_tbl_02864,1,0,1,false
2893,dlk_tbl_02786,1,0,1,false
2894,proc_tbl_03055,1,0,1,false
2895,dlk_tbl_00802,1,0,1,false
2896,dlk_tbl_00809,1,0,1,false
2897,dash_tbl_01498,1,0,1,false
2898,gob_tbl_03310,1,0,1,false
2899,dash_tbl_02048,1,0,1,false
2900,gob_tbl_01465,1,0,1,false
2901,proc_tbl_03012,1,0,1,false
2902,dash_tbl_02557,1,0,1,false
2903,dlk_ext_00164,1,1,0,false
2904,gob_tbl_01378,1,0,1,false
2905,dlk_tbl_01652,1,0,1,false
2906,dlk_tbl_03285,1,0,1,false
2907,dlk_tbl_02823,1,0,1,false
2908,proc_tbl_01147,1,0,1,false
2909,proc_tbl_00551,1,0,1,false
2910,gob_tbl_01970,1,0,1,false
2911,gob_tbl_01976,1,0,1,false
2912,gob_tbl_02069,1,0,1,false
2913,dash_tbl_01164,1,0,1,false
2914,gob_tbl_00064,1,0,1,false
2915,gob_tbl_02676,1,0,1,false
2916,dlk_tbl_01977,1,0,1,false
2917,proc_tbl_01530,1,0,1,false
2918,proc_ext_00260,1,1,0,false
2919,dlk_tbl_01028,1,0,1,false
2920,gob_tbl_00184,1,0,1,false
2921,proc_tbl_01994,1,0,1,false
2922,dlk_tbl_00221,1,0,1,false
2923,dlk_tbl_01921,1,0,1,false
2924,gob_tbl_01840,1,0,1,false
2925,proc_tbl_00198,1,0,1,false
2926,gob_tbl_00403,1,0,1,false
2927,dlk_tbl_01686,1,0,1,false
2928,dlk_tbl_01201,1,0,1,false
2929,dlk_tbl_01875,1,0,1,false
2930,dash_tbl_01890,1,0,1,false
2931,gob_tbl_02788,1,0,1,false
2932,proc_tbl_01747,1,0,1,false
2933,dash_tbl_02474,1,0,1,false
2934,std_tbl_00195,1,0,1,false
2935,proc_tbl_00670,1,0,1,false
2936,dlk_tbl_02984,1,0,1,false
2937,gob_tbl_00717,1,0,1,false
2938,ppn_tbl_01661,1,0,1,false
2939,gob_tbl_02923,1,0,1,false
2940,proc_tbl_01813,1,0,1,false
2941,gob_tbl_02422,1,0,1,false
2942,gob_tbl_00965,1,0,1,false
2943,gob_tbl_01401,1,0,1,false
2944,gob_tbl_00558,1,0,1,false
2945,proc_tbl_02774,1,0,1,false
2946,gob_tbl_01253,1,0,1,false
2947,dlk_tbl_00566,1,0,1,false
2948,gob_tbl_03155,1,0,1,false
2949,gob_tbl_00934,1,0,1,false
2950,gob_tbl_00228,1,0,1,false
2951,dlk_tbl_01358,1,0,1,false
2952,dlk_tbl_00798,1,0,1,false
2953,dash_tbl_00493,1,0,1,false
2954,dlk_tbl_01771,1,0,1,false
2955,proc_tbl_02678,1,0,1,false
2956,gob_ext_00178,1,1,0,false
2957,gob_tbl_03238,1,0,1,false
2958,std_tbl_02238,1,0,1,false
2959,dlk_tbl_02686,1,0,1,false
2960,proc_tbl_03147,1,0,1,false
2961,dlk_tbl_03322,1,0,1,false
2962,dlk_tbl_02438,1,0,1,false
2963,dlk_tbl_01119,1,0,1,false
2964,dlk_tbl_02594,1,0,1,false
2965,gob_tbl_01064,1,0,1,false
2966,dlk_tbl_02836,1,0,1,false
2967,proc_tbl_02964,1,0,1,false
2968,gob_tbl_02599,1,0,1,false
2969,gob_tbl_01979,1,0,1,false
2970,dash_tbl_01618,1,0,1,false
2971,gob_tbl_00601,1,0,1,false
2972,dlk_tbl_00432,1,0,1,false
2973,gob_tbl_00383,1,0,1,false
2974,gob_tbl_02578,1,0,1,false
2975,proc_tbl_01741,1,0,1,false
2976,proc_tbl_00919,1,0,1,false
2977,gob_tbl_00236,1,0,1,false
2978,dlk_tbl_00851,1,0,1,false
2979,dlk_tbl_01739,1,0,1,false
2980,dlk_tbl_00637,1,0,1,false
2981,dash_tbl_00189,1,0,1,false
2982,gob_tbl_02162,1,0,1,false
2983,dlk_tbl_02341,1,0,1,false
2984,proc_tbl_01936,1,0,1,false
2985,gob_tbl_02468,1,0,1,false
2986,dlk_tbl_00813,1,0,1,false
2987,dlk_tbl_02543,1,0,1,false
2988,gob_tbl_02521,1,0,1,false
2989,gob_tbl_00435,1,0,1,false
2990,dlk_tbl_01420,1,0,1,false
2991,m4vw_tbl_02112,1,0,1,false
2992,gob_tbl_01592,1,0,1,false
2993,proc_tbl_01364,1,0,1,false
2994,proc_tbl_01929,1,0,1,false
2995,proc_tbl_00317,1,0,1,false
2996,dlk_tbl_01074,1,0,1,false
2997,proc_tbl_01448,1,0,1,false
2998,gob_tbl_02901,1,0,1,false
2999,gob_tbl_03239,1,0,1,false
3000,dash_tbl_01031,1,0,1,false
3001,proc_tbl_01542,1,0,1,false
3002,dlk_tbl_02447,1,0,1,false
3003,proc_tbl_00017,1,0,1,false
3004,dlk_tbl_02294,1,0,1,false
3005,gob_tbl_02859,1,0,1,false
3006,proc_tbl_01514,1,0,1,false
3007,dlk_tbl_02424,1,0,1,false
3008,proc_tbl_01432,1,0,1,false
3009,dlk_tbl_03275,1,0,1,false
3010,gob_tbl_00000,1,0,1,false
3011,dlk_tbl_02121,1,0,1,false
3012,dlk_tbl_02826,1,0,1,false
3013,dlk_tbl_01737,1,0,1,false
3014,dash_tbl_00149,1,0,1,false
3015,proc_tbl_00715,1,0,1,false
3016,dlk_ext_00046,1,1,0,false
3017,dash_tbl_01422,1,0,1,false
3018,dlk_tbl_02626,1,0,1,false
3019,std_tbl_02176,1,0,1,false
3020,std_tbl_02677,1,0,1,false
3021,proc_tbl_02879,1,0,1,false
3022,dlk_tbl_02192,1,0,1,false
3023,proc_tbl_02382,1,0,1,false
3024,proc_tbl_00941,1,0,1,false
3025,dlk_tbl_03205,1,0,1,false
3026,gob_tbl_03219,1,0,1,false
3027,gob_tbl_00926,1,0,1,false
3028,gob_ext_00425,1,1,0,false
3029,gob_tbl_00111,1,0,1,false
3030,dlk_tbl_03265,1,0,1,false
3031,gob_tbl_00888,1,0,1,false
3032,proc_tbl_00571,1,0,1,false
3033,gob_tbl_00412,1,0,1,false
3034,dlk_tbl_00205,1,0,1,false
3035,dlk_tbl_02497,1,0,1,false
3036,dlk_tbl_01595,1,0,1,false
3037,dlk_tbl_00613,1,0,1,false
3038,dlk_tbl_02872,1,0,1,false
3039,gob_tbl_01854,1,0,1,false
3040,dash_ext_00287,1,1,0,false
3041,dash_tbl_01734,1,0,1,false
3042,gob_tbl_02732,1,0,1,false
3043,dlk_tbl_00533,1,0,1,false
3044,gob_tbl_02160,1,0,1,false
3045,gob_tbl_00595,1,0,1,false
3046,gob_tbl_03195,1,0,1,false
3047,gob_tbl_01045,1,0,1,false
3048,gob_tbl_01075,1,0,1,false
3049,proc_tbl_03153,1,0,1,false
3050,gob_tbl_03074,1,0,1,false
3051,gob_tbl_03059,1,0,1,false
3052,dash_tbl_02343,1,0,1,false
3053,gob_tbl_00579,1,0,1,false
3054,gob_tbl_02313,1,0,1,false
3055,m4sco_ext_00349,1,1,0,false
3056,gob_tbl_01768,1,0,1,false
3057,dlk_tbl_00082,1,0,1,false
3058,dlk_tbl_00874,1,0,1,false
3059,proc_tbl_02078,1,0,1,false
3060,gob_tbl_00393,1,0,1,false
3061,dash_tbl_01464,1,0,1,false
3062,dlk_tbl_00536,1,0,1,false
3063,dash_tbl_03135,1,0,1,false
3064,dlk_tbl_00885,1,0,1,false
3065,proc_tbl_02439,1,0,1,false
3066,dlk_tbl_00866,1,0,1,false
3067,std_tbl_00847,1,0,1,false
3068,gob_tbl_02225,1,0,1,false
3069,proc_tbl_02008,1,0,1,false
3070,dlk_tbl_01062,1,0,1,false
3071,gob_tbl_02675,1,0,1,false
3072,m4vw_ext_00246,1,1,0,false
3073,dlk_tbl_00612,1,0,1,false
3074,gob_tbl_01316,1,0,1,false
3075,m4vw_tbl_03049,1,0,1,false
3076,gob_tbl_02629,1,0,1,false
3077,dlk_tbl_01462,1,0,1,false
3078,gob_tbl_01033,1,0,1,false
3079,dlk_tbl_02812,1,0,1,false
3080,dlk_tbl_02579,1,0,1,false
3081,dash_tbl_02554,1,0,1,false
3082,gob_tbl_03169,1,0,1,false
3083,gob_tbl_00779,1,0,1,false
3084,dlk_tbl_01302,1,0,1,false
3085,proc_tbl_03192,1,0,1,false
3086,dlk_tbl_00263,1,0,1,false
3087,proc_tbl_02079,1,0,1,false
3088,gob_tbl_01080,1,0,1,false
3089,gob_tbl_01229,1,0,1,false
3090,proc_tbl_01085,1,0,1,false
3091,gob_tbl_01324,1,0,1,false
3092,dlk_tbl_02912,1,0,1,false
3093,dlk_tbl_02203,1,0,1,false
3094,dlk_tbl_00841,1,0,1,false
3095,dlk_tbl_01073,1,0,1,false
3096,dlk_tbl_02236,1,0,1,false
3097,gob_tbl_01039,1,0,1,false
3098,ppn_tbl_01013,1,0,1,false
3099,gob_tbl_01581,1,0,1,false
3100,dash_tbl_02214,1,0,1,false
3101,dash_tbl_00768,1,0,1,false
3102,dlk_tbl_01587,1,0,1,false
3103,gob_tbl_03115,1,0,1,false
3104,dlk_tbl_03187,1,0,1,false
3105,ppn_tbl_01266,1,0,1,false
3106,dash_tbl_01219,1,0,1,false
3107,gob_tbl_02540,1,0,1,false
3108,std_tbl_01846,1,0,1,false
3109,proc_tbl_02360,1,0,1,false
3110,proc_tbl_01279,1,0,1,false
3111,dash_tbl_00619,1,0,1,false
3112,dlk_ext_00215,1,1,0,false
3113,gob_tbl_00780,1,0,1,false
3114,dlk_tbl_02721,1,0,1,false
3115,dlk_tbl_02385,1,0,1,false
3116,dlk_tbl_01402,1,0,1,false
3117,dlk_tbl_02529,1,0,1,false
3118,m4vw_tbl_02426,1,0,1,false
3119,m4vw_tbl_03321,1,0,1,false
3120,dlk_tbl_01615,1,0,1,false
3121,dlk_tbl_02043,1,0,1,false
3122,dlk_tbl_02016,1,0,1,false
3123,dlk_ext_00321,1,1,0,false
3124,dlk_tbl_01016,1,0,1,false
3125,gob_tbl_02460,1,0,1,false
3126,gob_tbl_02077,1,0,1,false
3127,gob_tbl_00852,1,0,1,false
3128,proc_tbl_00121,1,0,1,false
3129,dlk_tbl_03288,1,0,1,false
3130,gob_tbl_02498,1,0,1,false
3131,dash_tbl_00572,1,0,1,false
3132,ppn_tbl_01915,1,0,1,false
3133,proc_tbl_02003,1,0,1,false
3134,proc_tbl_02087,1,0,1,false
3135,dlk_tbl_01632,1,0,1,false
3136,dlk_tbl_00227,1,0,1,false
3137,gob_tbl_00315,1,0,1,false
3138,proc_tbl_02888,1,0,1,false
3139,dlk_tbl_00544,1,0,1,false
3140,proc_tbl_01431,1,0,1,false
3141,proc_tbl_02804,1,0,1,false
3142,proc_tbl_00155,1,0,1,false
3143,gob_tbl_02329,1,0,1,false
3144,dlk_tbl_00146,1,0,1,false
3145,dlk_tbl_01831,1,0,1,false
3146,std_tbl_01029,1,0,1,false
3147,dlk_tbl_02281,1,0,1,false
3148,dash_tbl_01773,1,0,1,false
3149,gob_tbl_01614,1,0,1,false
3150,gob_tbl_02081,1,0,1,false
3151,gob_tbl_02037,1,0,1,false
3152,gob_tbl_01194,1,0,1,false
3153,dlk_tbl_02682,1,0,1,false
3154,dlk_tbl_01540,1,0,1,false
3155,dlk_tbl_01032,1,0,1,false
3156,dlk_tbl_01148,1,0,1,false
3157,proc_tbl_01351,1,0,1,false
3158,gob_tbl_02261,1,0,1,false
3159,gob_tbl_00367,1,0,1,false
3160,gob_tbl_02036,1,0,1,false
3161,dlk_tbl_00853,1,0,1,false
3162,gob_tbl_01139,1,0,1,false
3163,m4vw_tbl_02944,1,0,1,false
3164,m4sco_tbl_03035,1,0,1,false
3165,dlk_tbl_01710,1,0,1,false
3166,m4vw_tbl_01752,1,0,1,false
3167,gob_tbl_01797,1,0,1,false
3168,dlk_tbl_00835,1,0,1,false
3169,gob_tbl_02861,1,0,1,false
3170,gob_tbl_02902,1,0,1,false
3171,gob_tbl_01814,1,0,1,false
3172,dlk_tbl_02916,1,0,1,false
3173,dash_tbl_01899,1,0,1,false
3174,gob_tbl_00649,1,0,1,false
3175,dlk_tbl_01926,1,0,1,false
3176,gob_tbl_01423,1,0,1,false
3177,gob_tbl_00040,1,0,1,false
3178,proc_tbl_01523,1,0,1,false
3179,proc_tbl_01383,1,0,1,false
3180,gob_tbl_02492,1,0,1,false
3181,gob_tbl_00738,1,0,1,false
3182,proc_tbl_01909,1,0,1,false
3183,proc_tbl_03240,1,0,1,false
3184,dlk_tbl_02495,1,0,1,false
3185,gob_tbl_03002,1,0,1,false
3186,dlk_tbl_01787,1,0,1,false
3187,gob_tbl_01386,1,0,1,false
3188,gob_tbl_02085,1,0,1,false
3189,dlk_tbl_00648,1,0,1,false
3190,gob_tbl_00668,1,0,1,false
3191,gob_tbl_02015,1,0,1,false
3192,gob_ext_00275,1,1,0,false
3193,m4vw_tbl_03116,1,0,1,false
3194,dlk_tbl_00130,1,0,1,false
3195,dlk_tbl_01788,1,0,1,false
3196,proc_tbl_03060,1,0,1,false
3197,dlk_tbl_00220,1,0,1,false
3198,gob_tbl_00498,1,0,1,false
3199,gob_tbl_02584,1,0,1,false
3200,proc_tbl_03068,1,0,1,false
3201,proc_tbl_00304,1,0,1,false
3202,dlk_tbl_00512,1,0,1,false
3203,proc_tbl_00800,1,0,1,false
3204,dlk_tbl_01380,1,0,1,false
3205,dlk_tbl_01715,1,0,1,false
3206,gob_tbl_01561,1,0,1,false
3207,proc_tbl_01144,1,0,1,false
3208,gob_tbl_01328,1,0,1,false
3209,dash_tbl_00268,1,0,1,false
3210,gob_tbl_00384,1,0,1,false
3211,dlk_tbl_00392,1,0,1,false
3212,dlk_tbl_02883,1,0,1,false
3213,gob_tbl_02630,1,0,1,false
3214,dlk_tbl_00967,1,0,1,false
3215,gob_tbl_01026,1,0,1,false
3216,dlk_tbl_00698,1,0,1,false
3217,dlk_tbl_01806,1,0,1,false
3218,dlk_tbl_03215,1,0,1,false
3219,gob_tbl_00830,1,0,1,false
3220,dash_tbl_01736,1,0,1,false
3221,gob_tbl_00045,1,0,1,false
3222,proc_tbl_01671,1,0,1,false
3223,dash_tbl_00705,1,0,1,false
3224,dlk_tbl_02513,1,0,1,false
3225,dlk_tbl_02333,1,0,1,false
3226,dlk_tbl_00862,1,0,1,false
3227,gob_tbl_02453,1,0,1,false
3228,gob_tbl_03250,1,0,1,false
3229,proc_tbl_02335,1,0,1,false
3230,proc_tbl_00108,1,0,1,false
3231,dlk_tbl_00098,1,0,1,false
3232,gob_tbl_02674,1,0,1,false
3233,m4vw_tbl_02258,1,0,1,false
3234,gob_tbl_01574,1,0,1,false
3235,proc_tbl_02489,1,0,1,false
3236,std_tbl_02123,1,0,1,false
3237,dash_tbl_02268,1,0,1,false
3238,gob_tbl_01486,1,0,1,false
3239,dlk_tbl_02475,1,0,1,false
3240,dlk_tbl_02642,1,0,1,false
3241,gob_tbl_00711,1,0,1,false
3242,gob_tbl_02845,1,0,1,false
3243,gob_tbl_01355,1,0,1,false
3244,proc_tbl_00678,1,0,1,false
3245,dlk_tbl_00901,1,0,1,false
3246,dlk_tbl_01554,1,0,1,false
3247,dash_tbl_00480,1,0,1,false
3248,dlk_tbl_03112,1,0,1,false
3249,dlk_tbl_01010,1,0,1,false
3250,gob_tbl_01790,1,0,1,false
3251,gob_tbl_00773,1,0,1,false
3252,dlk_tbl_00340,1,0,1,false
3253,dlk_tbl_00318,1,0,1,false
3254,dlk_tbl_02636,1,0,1,false
3255,gob_tbl_02402,1,0,1,false
3256,dlk_tbl_00857,1,0,1,false
3257,gob_tbl_03251,1,0,1,false
3258,gob_ext_00422,1,1,0,false
3259,dlk_tbl_02403,1,0,1,false
3260,dlk_tbl_02500,1,0,1,false
3261,gob_tbl_01898,1,0,1,false
3262,dlk_tbl_01069,1,0,1,false
3263,gob_tbl_01365,1,0,1,false
3264,dlk_tbl_01993,1,0,1,false
3265,dlk_tbl_03175,1,0,1,false
3266,proc_tbl_00643,1,0,1,false
3267,gob_tbl_02614,1,0,1,false
3268,gob_tbl_02683,1,0,1,false
3269,proc_tbl_03264,1,0,1,false
3270,proc_tbl_03167,1,0,1,false
3271,gob_tbl_01136,1,0,1,false
3272,proc_tbl_03191,1,0,1,false
3273,dlk_tbl_01866,1,0,1,false
3274,dlk_tbl_00726,1,0,1,false
3275,dlk_tbl_00402,1,0,1,false
3276,dash_tbl_00922,1,0,1,false
3277,dlk_tbl_03267,1,0,1,false
3278,dlk_tbl_00382,1,0,1,false
3279,gob_tbl_01748,1,0,1,false
3280,dlk_tbl_03224,1,0,1,false
3281,gob_tbl_00955,1,0,1,false
3282,dlk_tbl_00703,1,0,1,false
3283,dlk_tbl_01703,1,0,1,false
3284,dlk_tbl_02553,1,0,1,false
3285,gob_tbl_01497,1,0,1,false
3286,proc_tbl_02634,1,0,1,false
3287,dlk_tbl_00804,1,0,1,false
3288,gob_tbl_01356,1,0,1,false
3289,dlk_tbl_00618,1,0,1,false
3290,dlk_tbl_03294,1,0,1,false
3291,dlk_tbl_01099,1,0,1,false
3292,dlk_tbl_02444,1,0,1,false
3293,dash_tbl_01044,1,0,1,false
3294,proc_tbl_01055,1,0,1,false
3295,dlk_tbl_01874,1,0,1,false
3296,proc_tbl_02302,1,0,1,false
3297,dlk_tbl_02086,1,0,1,false
3298,gob_tbl_01911,1,0,1,false
3299,dash_tbl_01187,1,0,1,false
3300,gob_tbl_00954,1,0,1,false
3301,gob_tbl_00598,1,0,1,false
3302,gob_tbl_03056,1,0,1,false
3303,dlk_tbl_00429,1,0,1,false
3304,gob_tbl_03172,1,0,1,false
3305,gob_tbl_01669,1,0,1,false
3306,dlk_tbl_02749,1,0,1,false
3307,dlk_tbl_01470,1,0,1,false
3308,proc_tbl_00624,1,0,1,false
3309,dash_tbl_01121,1,0,1,false
3310,gob_tbl_00451,1,0,1,false
3311,gob_tbl_02287,1,0,1,false
3312,dlk_tbl_02376,1,0,1,false
3313,dlk_tbl_02032,1,0,1,false
3314,proc_tbl_01049,1,0,1,false
3315,gob_ext_00299,1,1,0,false
3316,proc_tbl_02673,1,0,1,false
3317,proc_tbl_03280,1,0,1,false
3318,dlk_tbl_02967,1,0,1,false
3319,gob_tbl_00483,1,0,1,false
3320,ppn_tbl_02928,1,0,1,false
3321,dlk_tbl_00207,1,0,1,false
3322,dlk_tbl_01051,1,0,1,false
3323,gob_tbl_02030,1,0,1,false
3324,dlk_tbl_01586,1,0,1,false
3325,dlk_tbl_00673,1,0,1,false
3326,gob_tbl_02515,1,0,1,false
3327,proc_tbl_00567,1,0,1,false
3328,gob_tbl_00610,1,0,1,false
3329,gob_tbl_01362,1,0,1,false
3330,proc_tbl_01826,1,0,1,false
3331,dlk_tbl_00665,1,0,1,false
3332,gob_tbl_02781,1,0,1,false
3333,dlk_tbl_00324,1,0,1,false
3334,proc_tbl_02145,1,0,1,false
3335,gob_tbl_01611,1,0,1,false
3336,dlk_tbl_02193,1,0,1,false
3337,gob_ext_00401,1,1,0,false
3338,m4vw_tbl_00249,1,0,1,false
3339,dlk_tbl_01819,1,0,1,false
3340,dlk_tbl_00042,1,0,1,false
3341,proc_tbl_00062,1,0,1,false
3342,dlk_tbl_00370,1,0,1,false
3343,gob_ext_00353,1,1,0,false
3344,gob_tbl_00157,1,0,1,false
3345,gob_tbl_00502,1,0,1,false
3346,gob_tbl_02217,1,0,1,false
3347,dlk_tbl_01668,1,0,1,false
3348,gob_tbl_01267,1,0,1,false
3349,gob_tbl_02689,1,0,1,false
3350,gob_ext_00111,1,1,0,false
3351,gob_tbl_01384,1,0,1,false
3352,gob_tbl_01115,1,0,1,false
3353,dash_tbl_02671,1,0,1,false
3354,dlk_tbl_01303,1,0,1,false
3355,gob_tbl_00729,1,0,1,false
3356,proc_tbl_01257,1,0,1,false
3357,gob_tbl_03019,1,0,1,false
3358,dlk_tbl_00763,1,0,1,false
3359,gob_tbl_02311,1,0,1,false
3360,dlk_tbl_01895,1,0,1,false
3361,gob_tbl_00079,1,0,1,false
3362,dlk_tbl_01996,1,0,1,false
3363,gob_tbl_02711,1,0,1,false
3364,dlk_ext_00410,1,1,0,false
3365,gob_tbl_03284,1,0,1,false
3366,gob_tbl_00712,1,0,1,false
3367,proc_tbl_00714,1,0,1,false
3368,gob_tbl_01682,1,0,1,false
3369,proc_tbl_02478,1,0,1,false
3370,gob_tbl_01403,1,0,1,false
3371,dash_tbl_01426,1,0,1,false
3372,dlk_tbl_01415,1,0,1,false
3373,dlk_tbl_02259,1,0,1,false
3374,dlk_tbl_00514,1,0,1,false
3375,dlk_tbl_00951,1,0,1,false
3376,dlk_tbl_00535,1,0,1,false
3377,dash_tbl_01817,1,0,1,false
3378,dlk_tbl_02450,1,0,1,false
3379,dlk_tbl_01940,1,0,1,false
3380,dlk_tbl_01434,1,0,1,false
3381,gob_tbl_00553,1,0,1,false
3382,gob_tbl_02059,1,0,1,false
3383,dlk_tbl_01916,1,0,1,false
3384,dlk_tbl_01932,1,0,1,false
3385,dlk_tbl_01392,1,0,1,false
3386,std_tbl_00547,1,0,1,false
3387,dlk_tbl_01803,1,0,1,false
3388,dlk_tbl_01189,1,0,1,false
3389,dlk_tbl_00360,1,0,1,false
3390,dlk_ext_00148,1,1,0,false
3391,dlk_tbl_01565,1,0,1,false
3392,dash_tbl_01483,1,0,1,false
3393,proc_tbl_02297,1,0,1,false
3394,dlk_tbl_02953,1,0,1,false
3395,gob_tbl_00397,1,0,1,false
3396,gob_tbl_02235,1,0,1,false
3397,gob_tbl_00973,1,0,1,false
3398,proc_tbl_02174,1,0,1,false
3399,dash_tbl_03312,1,0,1,false
3400,proc_tbl_01594,1,0,1,false
3401,m4vw_tbl_00338,1,0,1,false
3402,dlk_tbl_02323,1,0,1,false
3403,dlk_ext_00220,1,1,0,false
3404,gob_tbl_02201,1,0,1,false
3405,m4vw_ext_00432,1,1,0,false
3406,dlk_tbl_03160,1,0,1,false
3407,std_tbl_03014,1,0,1,false
3408,m4vw_ext_00440,1,1,0,false
3409,dlk_tbl_00122,1,0,1,false
3410,dlk_tbl_01832,1,0,1,false
3411,dlk_tbl_01930,1,0,1,false
3412,gob_tbl_01087,1,0,1,false
3413,gob_tbl_01405,1,0,1,false
3414,dlk_tbl_00701,1,0,1,false
3415,dlk_tbl_01780,1,0,1,false
3416,gob_tbl_00548,1,0,1,false
3417,proc_tbl_01881,1,0,1,false
3418,dlk_tbl_02288,1,0,1,false
3419,std_tbl_03010,1,0,1,false
3420,gob_tbl_00044,1,0,1,false
3421,std_ext_00198,1,1,0,false
3422,dlk_tbl_00234,1,0,1,false
3423,proc_tbl_02719,1,0,1,false
3424,gob_tbl_01407,1,0,1,false
3425,dlk_tbl_02985,1,0,1,false
3426,dash_tbl_02117,1,0,1,false
3427,gob_tbl_02568,1,0,1,false
3428,dlk_tbl_00833,1,0,1,false
3429,dash_tbl_03024,1,0,1,false
3430,proc_tbl_01880,1,0,1,false
3431,dlk_tbl_01050,1,0,1,false
3432,gob_tbl_02547,1,0,1,false
3433,dash_tbl_00940,1,0,1,false
3434,dlk_tbl_02687,1,0,1,false
3435,gob_tbl_00150,1,0,1,false
3436,gob_tbl_02602,1,0,1,false
3437,dlk_tbl_01301,1,0,1,false
3438,dlk_tbl_00700,1,0,1,false
3439,dlk_tbl_01250,1,0,1,false
3440,gob_tbl_02933,1,0,1,false
3441,gob_tbl_00477,1,0,1,false
3442,proc_tbl_02965,1,0,1,false
3443,proc_tbl_01883,1,0,1,false
3444,dlk_tbl_01844,1,0,1,false
3445,proc_tbl_00396,1,0,1,false
3446,proc_tbl_01680,1,0,1,false
3447,gob_tbl_00439,1,0,1,false
3448,std_tbl_02582,1,0,1,false
3449,dlk_tbl_03230,1,0,1,false
3450,proc_tbl_00811,1,0,1,false
3451,dlk_tbl_01413,1,0,1,false
3452,dlk_tbl_02108,1,0,1,false
3453,proc_tbl_00805,1,0,1,false
3454,dlk_tbl_01795,1,0,1,false
3455,dlk_tbl_01140,1,0,1,false
3456,dlk_tbl_00616,1,0,1,false
3457,dlk_tbl_01744,1,0,1,false
3458,gob_tbl_01058,1,0,1,false
3459,proc_tbl_00072,1,0,1,false
3460,dlk_tbl_02338,1,0,1,false
3461,dash_tbl_02530,1,0,1,false
3462,dlk_tbl_01159,1,0,1,false
3463,gob_tbl_02289,1,0,1,false
3464,dlk_tbl_00695,1,0,1,false
3465,m4sco_tbl_02773,1,0,1,false
3466,dlk_tbl_00066,1,0,1,false
3467,dlk_tbl_02481,1,0,1,false
3468,proc_tbl_01663,1,0,1,false
3469,dlk_tbl_02966,1,0,1,false
3470,proc_tbl_00837,1,0,1,false
3471,dlk_tbl_01879,1,0,1,false
3472,m4sco_tbl_00630,1,0,1,false
3473,dash_tbl_01684,1,0,1,false
3474,dash_tbl_02645,1,0,1,false
3475,dlk_tbl_00704,1,0,1,false
3476,gob_tbl_03271,1,0,1,false
3477,gob_tbl_02831,1,0,1,false
3478,proc_tbl_02103,1,0,1,false
3479,dlk_tbl_00423,1,0,1,false
3480,dlk_tbl_02936,1,0,1,false
3481,gob_tbl_02718,1,0,1,false
3482,gob_tbl_01131,1,0,1,false
3483,dlk_tbl_02110,1,0,1,false
3484,gob_tbl_00302,1,0,1,false
3485,proc_tbl_02889,1,0,1,false
3486,dlk_tbl_01000,1,0,1,false
3487,dlk_tbl_02956,1,0,1,false
3488,dlk_tbl_01975,1,0,1,false
3489,dlk_tbl_02586,1,0,1,false
3490,proc_tbl_02583,1,0,1,false
3491,gob_tbl_01151,1,0,1,false
3492,dlk_tbl_01639,1,0,1,false
3493,std_tbl_02473,1,0,1,false
3494,dlk_tbl_00886,1,0,1,false
3495,gob_tbl_01713,1,0,1,false
3496,proc_tbl_02331,1,0,1,false
3497,dlk_tbl_01196,1,0,1,false
3498,dlk_ext_00190,1,1,0,false
3499,proc_tbl_00048,1,0,1,false
3500,gob_tbl_02950,1,0,1,false
3501,dlk_tbl_01336,1,0,1,false
3502,gob_tbl_02250,1,0,1,false
3503,gob_tbl_01375,1,0,1,false
3504,dlk_tbl_00257,1,0,1,false
3505,gob_tbl_00532,1,0,1,false
3506,proc_ext_00304,1,1,0,false
3507,proc_tbl_00810,1,0,1,false
3508,dlk_tbl_00958,1,0,1,false
3509,dlk_tbl_02070,1,0,1,false
3510,proc_tbl_01807,1,0,1,false
3511,dlk_tbl_03201,1,0,1,false
3512,dlk_tbl_00476,1,0,1,false
3513,gob_tbl_01525,1,0,1,false
3514,ppn_tbl_00593,1,0,1,false
3515,dlk_tbl_00129,1,0,1,false
3516,dlk_tbl_00880,1,0,1,false
3517,proc_tbl_02972,1,0,1,false
3518,dlk_tbl_02188,1,0,1,false
3519,gob_tbl_01385,1,0,1,false
3520,dlk_tbl_02794,1,0,1,false
3521,dlk_tbl_02399,1,0,1,false
3522,proc_tbl_02648,1,0,1,false
3523,gob_tbl_03198,1,0,1,false
3524,dlk_tbl_00394,1,0,1,false
3525,gob_tbl_03027,1,0,1,false
3526,std_tbl_00812,1,0,1,false
3527,proc_tbl_01112,1,0,1,false
3528,dlk_tbl_00215,1,0,1,false
3529,proc_tbl_03057,1,0,1,false
3530,gob_tbl_02411,1,0,1,false
3531,proc_tbl_01471,1,0,1,false
3532,gob_tbl_01377,1,0,1,false
3533,gob_tbl_02421,1,0,1,false
3534,gob_tbl_00100,1,0,1,false
3535,gob_tbl_02496,1,0,1,false
3536,gob_tbl_01129,1,0,1,false
3537,std_tbl_01076,1,0,1,false
3538,gob_tbl_02366,1,0,1,false
3539,dlk_tbl_00314,1,0,1,false
3540,gob_tbl_03072,1,0,1,false
3541,std_tbl_01612,1,0,1,false
3542,dlk_tbl_00330,1,0,1,false
3543,dash_tbl_00666,1,0,1,false
3544,dlk_tbl_01346,1,0,1,false
3545,dlk_tbl_00655,1,0,1,false
3546,gob_tbl_00398,1,0,1,false
3547,gob_tbl_00358,1,0,1,false
3548,proc_tbl_03036,1,0,1,false
3549,gob_tbl_02536,1,0,1,false
3550,dlk_tbl_02575,1,0,1,false
3551,dlk_tbl_01319,1,0,1,false
3552,gob_tbl_00094,1,0,1,false
3553,proc_tbl_02337,1,0,1,false
3554,gob_tbl_01282,1,0,1,false
3555,dlk_tbl_02389,1,0,1,false
3556,dlk_tbl_02195,1,0,1,false
3557,dash_tbl_01964,1,0,1,false
3558,gob_tbl_01116,1,0,1,false
3559,dlk_tbl_01491,1,0,1,false
3560,proc_tbl_01843,1,0,1,false
3561,dash_tbl_01694,1,0,1,false
3562,dlk_ext_00186,1,1,0,false
3563,proc_tbl_00699,1,0,1,false
3564,dlk_tbl_01622,1,0,1,false
3565,gob_tbl_00983,1,0,1,false
3566,gob_tbl_00416,1,0,1,false
3567,std_tbl_02771,1,0,1,false
3568,gob_tbl_01965,1,0,1,false
3569,gob_tbl_02229,1,0,1,false
3570,gob_tbl_00881,1,0,1,false
3571,gob_tbl_02844,1,0,1,false
3572,gob_tbl_02213,1,0,1,false
3573,gob_tbl_01933,1,0,1,false
3574,dlk_tbl_02542,1,0,1,false
3575,m4sco_tbl_01373,1,0,1,false
3576,proc_tbl_01070,1,0,1,false
3577,dash_tbl_02571,1,0,1,false
3578,gob_tbl_01155,1,0,1,false
3579,gob_tbl_00746,1,0,1,false
3580,gob_tbl_01018,1,0,1,false
3581,gob_tbl_02715,1,0,1,false
3582,proc_tbl_01974,1,0,1,false
3583,gob_ext_00012,1,1,0,false
3584,gob_ext_00045,1,1,0,false
3585,gob_tbl_01624,1,0,1,false
3586,gob_tbl_00829,1,0,1,false
3587,gob_ext_00377,1,1,0,false
3588,gob_tbl_02375,1,0,1,false
3589,gob_tbl_01137,1,0,1,false
3590,m4sco_tbl_02565,1,0,1,false
3591,dlk_tbl_02001,1,0,1,false
3592,dlk_tbl_01727,1,0,1,false
3593,dlk_tbl_02935,1,0,1,false
3594,gob_tbl_00469,1,0,1,false
3595,gob_tbl_00735,1,0,1,false
3596,dlk_tbl_00754,1,0,1,false
3597,proc_tbl_01589,1,0,1,false
3598,dlk_tbl_00722,1,0,1,false
3599,gob_tbl_01645,1,0,1,false
3600,dlk_tbl_03216,1,0,1,false
3601,proc_tbl_00893,1,0,1,false
3602,proc_tbl_02167,1,0,1,false
3603,gob_tbl_03008,1,0,1,false
3604,dlk_tbl_02066,1,0,1,false
3605,dlk_tbl_01543,1,0,1,false
3606,gob_tbl_00771,1,0,1,false
3607,dlk_tbl_01169,1,0,1,false
3608,dlk_tbl_02900,1,0,1,false
3609,std_tbl_02833,1,0,1,false
3610,gob_tbl_00559,1,0,1,false
3611,proc_tbl_02058,1,0,1,false
3612,gob_tbl_02107,1,0,1,false
3613,gob_tbl_01683,1,0,1,false
3614,dlk_tbl_02178,1,0,1,false
3615,dlk_tbl_00503,1,0,1,false
3616,gob_tbl_00002,1,0,1,false
3617,dlk_tbl_00931,1,0,1,false
3618,dash_tbl_00427,1,0,1,false
3619,dlk_tbl_01308,1,0,1,false
3620,gob_tbl_01004,1,0,1,false
3621,gob_tbl_02486,1,0,1,false
3622,gob_tbl_01106,1,0,1,false
3623,gob_tbl_00142,1,0,1,false
3624,proc_tbl_02664,1,0,1,false
3625,gob_tbl_03269,1,0,1,false
3626,gob_tbl_02857,1,0,1,false
3627,dlk_tbl_01821,1,0,1,false
3628,dlk_tbl_02796,1,0,1,false
3629,proc_tbl_00936,1,0,1,false
3630,dash_tbl_00319,1,0,1,false
3631,dash_tbl_02004,1,0,1,false
3632,dlk_tbl_02005,1,0,1,false
3633,gob_tbl_00418,1,0,1,false
3634,proc_tbl_02218,1,0,1,false
3635,dlk_tbl_00713,1,0,1,false
3636,gob_tbl_01443,1,0,1,false
3637,gob_tbl_00620,1,0,1,false
3638,dlk_tbl_02300,1,0,1,false
3639,dash_tbl_02930,1,0,1,false
3640,gob_tbl_00334,1,0,1,false
3641,gob_tbl_02690,1,0,1,false
3642,dlk_tbl_02401,1,0,1,false
3643,dlk_tbl_01869,1,0,1,false
3644,dlk_tbl_01648,1,0,1,false
3645,gob_tbl_01743,1,0,1,false
3646,ppn_tbl_01824,1,0,1,false
3647,gob_tbl_02698,1,0,1,false
3648,proc_tbl_00871,1,0,1,false
3649,gob_tbl_00742,1,0,1,false
3650,gob_tbl_00162,1,0,1,false
3651,dlk_tbl_01086,1,0,1,false
3652,gob_tbl_00777,1,0,1,false
3653,dlk_tbl_02244,1,0,1,false
3654,dlk_tbl_01475,1,0,1,false
3655,gob_ext_00225,1,1,0,false
3656,dlk_tbl_01412,1,0,1,false
3657,dlk_tbl_01320,1,0,1,false
3658,gob_tbl_01186,1,0,1,false
3659,gob_tbl_01428,1,0,1,false
3660,dlk_tbl_01538,1,0,1,false
3661,gob_tbl_00449,1,0,1,false
3662,dlk_tbl_00790,1,0,1,false
3663,proc_tbl_02915,1,0,1,false
3664,gob_tbl_02647,1,0,1,false
3665,gob_tbl_00635,1,0,1,false
3666,std_tbl_02090,1,0,1,false
3667,proc_tbl_02931,1,0,1,false
3668,dlk_tbl_01816,1,0,1,false
3669,dlk_tbl_00858,1,0,1,false
3670,gob_tbl_03247,1,0,1,false
3671,gob_tbl_02625,1,0,1,false
3672,proc_tbl_03308,1,0,1,false
3673,dlk_tbl_00153,1,0,1,false
3674,gob_tbl_02228,1,0,1,false
3675,m4sco_tbl_02011,1,0,1,false
3676,gob_tbl_00363,1,0,1,false
3677,gob_tbl_01458,1,0,1,false
3678,dlk_tbl_02569,1,0,1,false
3679,std_tbl_02384,1,0,1,false
3680,dlk_tbl_03318,1,0,1,false
3681,gob_tbl_00912,1,0,1,false
3682,dlk_tbl_01981,1,0,1,false
3683,dlk_tbl_02379,1,0,1,false
3684,dlk_tbl_00642,1,0,1,false
3685,dlk_tbl_01212,1,0,1,false
3686,m4vw_tbl_01107,1,0,1,false
3687,dlk_tbl_03254,1,0,1,false
3688,m4sco_tbl_02746,1,0,1,false
3689,proc_tbl_01527,1,0,1,false
3690,dlk_tbl_01284,1,0,1,false
3691,gob_tbl_02873,1,0,1,false
3692,proc_tbl_02545,1,0,1,false
3693,gob_tbl_02418,1,0,1,false
3694,gob_tbl_03114,1,0,1,false
3695,proc_tbl_02395,1,0,1,false
3696,dash_tbl_01616,1,0,1,false
3697,dlk_tbl_00774,1,0,1,false
3698,gob_tbl_02622,1,0,1,false
3699,dlk_tbl_01063,1,0,1,false
3700,dash_tbl_00627,1,0,1,false
3701,dlk_tbl_02252,1,0,1,false
3702,gob_tbl_00876,1,0,1,false
3703,gob_tbl_02849,1,0,1,false
3704,gob_tbl_00939,1,0,1,false
3705,gob_tbl_01607,1,0,1,false
3706,proc_tbl_03220,1,0,1,false
3707,gob_tbl_01379,1,0,1,false
3708,dlk_tbl_02332,1,0,1,false
3709,gob_tbl_00193,1,0,1,false
3710,dlk_tbl_00776,1,0,1,false
3711,dlk_tbl_03101,1,0,1,false
3712,m4vw_tbl_02200,1,0,1,false
3713,dlk_tbl_00950,1,0,1,false
3714,dlk_tbl_01596,1,0,1,false
3715,dlk_tbl_00409,1,0,1,false
3716,proc_tbl_01273,1,0,1,false
3717,gob_tbl_01372,1,0,1,false
3718,ppn_tbl_01827,1,0,1,false
3719,dlk_tbl_02358,1,0,1,false
3720,dlk_tbl_02969,1,0,1,false
3721,gob_tbl_01823,1,0,1,false
3722,dlk_tbl_00273,1,0,1,false
3723,dlk_tbl_02093,1,0,1,false
3724,dlk_tbl_00604,1,0,1,false
3725,dlk_tbl_01281,1,0,1,false
3726,gob_tbl_01820,1,0,1,false
3727,std_tbl_02591,1,0,1,false
3728,proc_tbl_00986,1,0,1,false
3729,std_tbl_02937,1,0,1,false
3730,proc_tbl_00989,1,0,1,false
3731,gob_tbl_03092,1,0,1,false
3732,dlk_ext_00402,1,1,0,false
3733,dlk_tbl_00583,1,0,1,false
3734,gob_tbl_00147,1,0,1,false
3735,std_tbl_01485,1,0,1,false
3736,m4vw_tbl_00291,1,0,1,false
3737,gob_tbl_00238,1,0,1,false
3738,gob_tbl_00060,1,0,1,false
3739,dlk_tbl_00563,1,0,1,false
3740,dlk_tbl_01030,1,0,1,false
3741,dlk_ext_00238,1,1,0,false
3742,proc_tbl_00068,1,0,1,false
3743,gob_tbl_02978,1,0,1,false
3744,gob_tbl_02128,1,0,1,false
3745,dlk_ext_00100,1,1,0,false
3746,dlk_tbl_02886,1,0,1,false
3747,gob_tbl_01991,1,0,1,false
3748,proc_tbl_00692,1,0,1,false
3749,dlk_tbl_02206,1,0,1,false
3750,dash_tbl_01082,1,0,1,false
3751,gob_tbl_01134,1,0,1,false
3752,gob_tbl_02696,1,0,1,false
3753,std_tbl_00757,1,0,1,false
3754,dash_tbl_00309,1,0,1,false
3755,gob_tbl_01792,1,0,1,false
3756,gob_tbl_00889,1,0,1,false
3757,dash_tbl_01261,1,0,1,false
3758,std_tbl_02517,1,0,1,false
3759,gob_ext_00203,1,1,0,false
3760,dlk_tbl_00029,1,0,1,false
3761,proc_tbl_00891,1,0,1,false
3762,gob_tbl_02612,1,0,1,false
3763,gob_tbl_03089,1,0,1,false
3764,proc_tbl_01851,1,0,1,false
3765,dlk_tbl_03226,1,0,1,false
3766,dlk_tbl_01999,1,0,1,false
3767,gob_tbl_01968,1,0,1,false
3768,proc_tbl_01571,1,0,1,false
3769,proc_tbl_00977,1,0,1,false
3770,std_tbl_01791,1,0,1,false
3771,gob_tbl_01353,1,0,1,false
3772,dlk_tbl_01456,1,0,1,false
3773,gob_tbl_02434,1,0,1,false
3774,proc_tbl_00196,1,0,1,false
3775,gob_tbl_01490,1,0,1,false
3776,gob_tbl_02955,1,0,1,false
