rank,table_name,frequency,as_source,as_target,is_contested
1,ppn_traslado_1_sap,50,50,0,false
2,bci_bono_sap,46,46,0,false
3,m4cci_ingreso_sap,43,43,0,false
4,cci_colaborador_2_sap,43,43,0,false
5,std_lu_incidencia_sap,36,36,0,false
6,m4bci_sucursal_sap,35,35,0,false
7,m4sco_centro_costo_1_sap,35,35,0,false
8,m4vw_posicion_2_sap,33,33,0,false
9,dlk_ausentismo_unidad_v1,28,27,1,false
10,dlk_ausentismo_cargo,28,27,1,false
11,m4sco_duties_sap,25,25,0,false
12,dlk_ausentismo_curso_v2,25,24,1,false
13,bci_encuesta_sap,25,25,0,false
14,dlk_ausentismo_vacante_v2,24,23,1,false
15,dlk_beneficios_brecha,24,23,1,false
16,m4vw_egreso_sap,24,24,0,false
17,cci_evaluacion_1_sap,24,24,0,false
18,cci_incidencia_1_sap,23,23,0,false
19,template_licencia_1_sap,23,23,0,false
20,std_hr_convenio_1_sap,23,23,0,false
21,dlk_seleccion_convenio_v2,22,21,1,false
22,dlk_seleccion_encuesta,22,21,1,false
23,dlk_compensaciones_hora_extra_v1,22,21,1,false
24,dlk_seleccion_sucursal_v1,22,21,1,false
25,dlk_beneficios_posicion_v2,22,21,1,false
26,cci_beca_sap,21,21,0,false
27,m4bci_indicador_sap,20,20,0,false
28,dlk_seleccion_ingreso_v2,20,19,1,false
29,nomina_desempeno_2023_sap,20,20,0,false
30,dlk_seleccion_jefatura_v2,20,19,1,false
31,dlk_compensaciones_antiguedad_v2,20,19,1,false
32,cci_contrato_1_sap,20,20,0,false
33,dlk_compensaciones_contrato_v1,20,19,1,false
34,m4sco_turno_sap,19,19,0,false
35,dlk_compensaciones_licencia_v2,19,18,1,false
36,ppn_meta_1_sap,19,19,0,false
37,bci_curso_1_sap,19,19,0,false
38,template_cargo_2_sap,19,19,0,false
39,gob_egresos_bono_v1,19,18,1,false
40,gob_egresos_convenio_v1,19,18,1,false
41,gob_egresos_egreso_v1,18,16,2,true
42,std_lu_incid_type_sap,18,18,0,false
43,dlk_beneficios_egreso_v2,18,17,1,false
44,m4bci_incidencia_1_sap,18,18,0,false
45,cci_egreso_sap,18,18,0,false
46,dlk_seleccion_beca_v2,18,17,1,false
47,m4cci_beca_sap,18,18,0,false
48,dlk_compensaciones_traslado,18,17,1,false
49,gob_clima_centro_costo_v1,17,16,1,false
50,m4bci_cargo_2_sap,17,17,0,false
51,dlk_talento_beca_v1,17,16,1,false
52,gob_clima_curso_v2,16,15,1,false
53,m4vw_hora_extra_sap,16,16,0,false
54,std_hr_colaborador_2_sap,16,16,0,false
55,ppn_cargo_duty_sap,16,16,0,false
56,gob_movilidad_vacante,16,15,1,false
57,template_postulante_1_sap,16,16,0,false
58,gob_movilidad_traslado_v2,15,14,1,false
59,dlk_desempeno_encuesta_v2,15,14,1,false
60,gob_egresos_competencia,15,14,1,false
61,m4sco_convenio_1_sap,15,15,0,false
62,dlk_desempeno_postulante,15,14,1,false
63,gob_formacion_curso,14,13,1,false
64,dlk_desempeno_unidad,14,13,1,false
65,m4cci_region_sap,14,14,0,false
66,gob_egresos_postulante,14,13,1,false
67,std_hr_licencia_sap,14,14,0,false
68,gob_movilidad_contrato,14,13,1,false
69,gob_clima_postulante_v1,14,12,2,true
70,std_hr_alerta_sap,14,14,0,false
71,m4cci_bono_1_sap,14,14,0,false
72,m4vw_unidad_sap,14,14,0,false
73,std_lu_encuesta_1_sap,14,14,0,false
74,ppn_hora_extra_sap,14,14,0,false
75,std_lu_jefatura_2_sap,14,14,0,false
76,m4cci_contrato_sap,14,14,0,false
77,ppn_cargo_1_sap,13,13,0,false
78,m4sco_bono_1_sap,13,13,0,false
79,gob_clima_egreso_v1,13,12,1,false
80,template_cargo_1_sap,13,13,0,false
81,gob_reportabilidad_competencia,13,12,1,false
82,m4sco_postulante_sap,13,13,0,false
83,bci_indicador_sap,13,13,0,false
84,gob_clima_convenio_v2,13,12,1,false
85,gob_clima_antiguedad_v2,13,12,1,false
86,gob_reportabilidad_antiguedad_v2,12,11,1,false
87,personales_sap,12,12,0,false
88,std_hr_meta_sap,12,12,0,false
89,m4vw_personales_sap,12,12,0,false
90,dlk_desempeno_jefatura,12,11,1,false
91,std_lu_centro_costo_1_sap,12,12,0,false
92,m4vw_region_sap,12,12,0,false
93,gob_ausentismo_turno,12,11,1,false
94,gob_riesgo_traslado_v2,12,11,1,false
95,bci_competencia_1_sap,12,12,0,false
96,gob_movilidad_egreso_v1,12,11,1,false
97,m4vw_curso_1_sap,12,12,0,false
98,gob_reportabilidad_cargo,12,10,2,true
99,gob_reportabilidad_egreso,11,10,1,false
100,m4bci_meta_sap,11,11,0,false
101,dlk_beneficios_contrato_v2,11,10,1,false
102,dlk_formacion_ingreso,11,10,1,false
103,std_hr_indicador_sap,11,11,0,false
104,template_evaluacion_1_sap,11,11,0,false
105,gob_reportabilidad_ingreso_v1,11,10,1,false
106,m4sco_cargo_2_sap,11,11,0,false
107,std_lu_bono_1_sap,11,11,0,false
108,bci_alerta_1_sap,11,11,0,false
109,template_turno_1_sap,11,11,0,false
110,gob_movilidad_incidencia_v2,11,10,1,false
111,m4cci_incidencia_sap,11,11,0,false
112,cci_brecha_sap,11,11,0,false
113,gob_riesgo_competencia_v1,11,10,1,false
114,template_beca_1_sap,11,11,0,false
115,gob_riesgo_contrato_v2,11,10,1,false
116,dlk_nomina_postulante_v2,10,9,1,false
117,gob_reportabilidad_indicador,10,9,1,false
118,dlk_planta_turno,10,9,1,false
119,dlk_egresos_incidencia_v1,10,9,1,false
120,gob_reportabilidad_encuesta_v1,10,9,1,false
121,dlk_beneficios_encuesta_v1,10,9,1,false
122,dlk_egresos_competencia,10,9,1,false
123,dlk_nomina_egreso,10,9,1,false
124,m4bci_incidencia_sap,10,10,0,false
125,cci_convenio_sap,10,10,0,false
126,dlk_nomina_hora_extra,10,9,1,false
127,cci_vacante_1_sap,10,10,0,false
128,ppn_ingreso_sap,10,10,0,false
129,gob_reportabilidad_ingreso_v2,10,9,1,false
130,dlk_planta_sucursal_v2,10,9,1,false
131,cci_ingreso_sap,10,10,0,false
132,dlk_formacion_licencia_v1,10,9,1,false
133,dlk_nomina_curso,10,9,1,false
134,cci_convenio_1_sap,10,10,0,false
135,cci_antiguedad_sap,10,10,0,false
136,m4bci_colaborador_2_sap,10,10,0,false
137,gob_movilidad_unidad,10,9,1,false
138,cat_desempeno_2023_sap,10,10,0,false
139,gob_movilidad_sucursal,10,9,1,false
140,gob_seleccion_traslado_v2,10,9,1,false
141,gob_egresos_antiguedad_v1,10,9,1,false
142,dlk_desempeno_bono,10,9,1,false
143,gob_formacion_convenio_v1,10,9,1,false
144,m4bci_bono_1_sap,10,10,0,false
145,gob_clima_licencia,10,9,1,false
146,std_lu_competencia_1_sap,10,10,0,false
147,gob_ausentismo_hora_extra,9,8,1,false
148,gob_nomina_colaborador_v2,9,8,1,false
149,dlk_nomina_colaborador_v1,9,8,1,false
150,std_lu_edu_special_sap,9,9,0,false
151,dlk_capacitacion_postulante_v1,9,8,1,false
152,dlk_egresos_jefatura_v2,9,8,1,false
153,dlk_capacitacion_indicador,9,8,1,false
154,gob_ausentismo_incidencia_v2,9,8,1,false
155,dlk_nomina_centro_costo_v1,9,8,1,false
156,gob_planta_hora_extra_v2,9,8,1,false
157,gob_formacion_egreso,9,8,1,false
158,dlk_riesgo_indicador_v1,9,8,1,false
159,dlk_desempeno_cargo_v2,9,8,1,false
160,dlk_riesgo_cargo_v2,9,8,1,false
161,dlk_capacitacion_vacante,9,8,1,false
162,bci_curso_sap,9,9,0,false
163,dlk_nomina_brecha_v1,9,8,1,false
164,dlk_nomina_egreso_v1,9,8,1,false
165,gob_movilidad_indicador_v2,9,8,1,false
166,ppn_familia_cargo_sap,9,9,0,false
167,dlk_formacion_egreso_v1,9,8,1,false
168,dlk_reportabilidad_antiguedad_v1,9,8,1,false
169,dlk_egresos_convenio,9,8,1,false
170,gob_reportabilidad_curso_v1,9,8,1,false
171,dlk_planta_bono_v2,9,8,1,false
172,dlk_reportabilidad_contrato_v1,9,8,1,false
173,dlk_planta_brecha_v1,9,8,1,false
174,std_lu_meta_1_sap,9,9,0,false
175,gob_beneficios_centro_costo,9,8,1,false
176,dlk_movilidad_bono,9,8,1,false
177,dlk_formacion_traslado_v2,9,8,1,false
178,socios_sap,9,9,0,false
179,gob_egresos_curso_v2,9,8,1,false
180,dlk_reportabilidad_meta,9,8,1,false
181,gob_planta_egreso_v2,9,8,1,false
182,dlk_talento_contrato_v2,9,8,1,false
183,dlk_reportabilidad_posicion_v2,9,8,1,false
184,dlk_nomina_incidencia_v2,9,8,1,false
185,dlk_reportabilidad_posicion_v1,9,8,1,false
186,gob_seleccion_hora_extra_v1,9,8,1,false
187,dlk_clima_competencia,9,8,1,false
188,std_lu_contrato_sap,9,9,0,false
189,dlk_riesgo_postulante,9,8,1,false
190,m4bci_posicion_1_sap,9,9,0,false
191,dlk_riesgo_evaluacion_v2,9,8,1,false
192,m4sco_indicador_1_sap,9,9,0,false
193,dlk_nomina_sucursal,9,8,1,false
194,template_antiguedad_1_sap,9,9,0,false
195,gob_reportabilidad_centro_costo,9,8,1,false
196,dlk_beneficios_contrato,9,8,1,false
197,dlk_capacitacion_curso,9,8,1,false
198,gob_reportabilidad_vacante_v1,9,8,1,false
199,cci_cargo_2_sap,9,9,0,false
200,dlk_formacion_incidencia,9,8,1,false
201,dlk_planta_brecha,9,8,1,false
202,dlk_formacion_meta,9,8,1,false
203,dlk_planta_turno_v1,9,8,1,false
204,dlk_planta_competencia_v1,9,8,1,false
205,gob_seleccion_centro_costo_v2,8,6,2,true
206,gob_planta_jefatura_v2,8,7,1,false
207,dlk_clima_ingreso_v1,8,7,1,false
208,dlk_planta_bono,8,7,1,false
209,dlk_capacitacion_encuesta_v2,8,7,1,false
210,gob_reportabilidad_traslado_v2,8,7,1,false
211,dlk_ausentismo_encuesta_v2,8,7,1,false
212,m4vw_vacante_1_sap,8,8,0,false
213,planta_trabajo_sap,8,8,0,false
214,gob_beneficios_competencia_v2,8,7,1,false
215,dlk_egresos_colaborador_v1,8,7,1,false
216,gob_riesgo_ingreso_v2,8,6,2,true
217,dlk_clima_beca,8,7,1,false
218,gob_clima_licencia_v2,8,7,1,false
219,gob_movilidad_indicador_v1,8,7,1,false
220,dlk_ausentismo_jefatura_v2,8,7,1,false
221,gob_clima_traslado,8,7,1,false
222,gob_movilidad_curso_v2,8,7,1,false
223,dlk_talento_brecha_v2,8,7,1,false
224,dlk_planta_incidencia_v2,8,7,1,false
225,dlk_talento_centro_costo_v2,8,7,1,false
226,gob_compensaciones_brecha_v1,8,7,1,false
227,gob_seleccion_ingreso_v1,8,7,1,false
228,dlk_capacitacion_vacante_v1,8,7,1,false
229,dlk_planta_colaborador,8,7,1,false
230,gob_egresos_antiguedad_v2,8,6,2,true
231,dlk_seleccion_evaluacion,8,7,1,false
232,gob_beneficios_jefatura,8,7,1,false
233,m4vw_traslado_1_sap,8,8,0,false
234,gob_beneficios_posicion,8,7,1,false
235,dlk_talento_competencia_v2,8,7,1,false
236,gob_desempeno_convenio_v1,8,7,1,false
237,m4bci_traslado_sap,8,8,0,false
238,gob_ausentismo_centro_costo_v2,8,7,1,false
239,dlk_planta_unidad_v2,8,7,1,false
240,dlk_beneficios_encuesta_v2,8,7,1,false
241,gob_seleccion_ingreso_v2,8,7,1,false
242,dlk_planta_unidad_v1,8,7,1,false
243,ppn_postulante_1_sap,8,8,0,false
244,dlk_clima_evaluacion,8,7,1,false
245,dlk_capacitacion_meta,8,7,1,false
246,nomina_desempeno_2024_sap,8,8,0,false
247,dlk_talento_vacante_v2,8,7,1,false
248,dlk_talento_jefatura,8,7,1,false
249,std_lu_job_sector_sap,8,8,0,false
250,gob_nomina_egreso_v2,8,7,1,false
251,template_licencia_sap,8,8,0,false
252,dlk_diversidad_unidad_v2,8,7,1,false
253,gob_beneficios_traslado,8,7,1,false
254,bci_antiguedad_1_sap,8,8,0,false
255,dlk_egresos_alerta_v1,8,7,1,false
256,gob_desempeno_meta_v2,8,7,1,false
257,ppn_evaluacion_sap,8,8,0,false
258,dlk_movilidad_licencia,8,7,1,false
259,dlk_egresos_encuesta_v1,8,7,1,false
260,gob_compensaciones_cargo_v1,8,7,1,false
261,ppn_colaborador_1_sap,8,8,0,false
262,dlk_talento_antiguedad_v1,8,7,1,false
263,dlk_nomina_hora_extra_v2,8,7,1,false
264,panel_alertas_ssnn_sap,8,8,0,false
265,gob_ausentismo_cargo_v2,8,7,1,false
266,ppn_competencia_sap,8,8,0,false
267,std_lu_curso_sap,8,8,0,false
268,dlk_riesgo_licencia_v1,8,7,1,false
269,gob_beneficios_alerta_v2,8,7,1,false
270,dlk_movilidad_incidencia,8,7,1,false
271,gob_beneficios_brecha_v2,8,7,1,false
272,dlk_planta_contrato_v2,8,6,2,true
273,dlk_reportabilidad_encuesta,8,7,1,false
274,gob_nomina_meta_v2,8,7,1,false
275,gob_nomina_convenio,8,7,1,false
276,gob_compensaciones_postulante_v1,8,7,1,false
277,dlk_clima_evaluacion_v1,8,7,1,false
278,m4vw_vacante_sap,8,8,0,false
279,dlk_formacion_turno_v2,8,7,1,false
280,dlk_formacion_vacante_v1,8,7,1,false
281,dlk_movilidad_antiguedad_v1,7,6,1,false
282,dlk_capacitacion_vacante_v2,7,6,1,false
283,dlk_movilidad_evaluacion_v2,7,6,1,false
284,gob_movilidad_alerta_v2,7,6,1,false
285,dlk_clima_beca_v2,7,6,1,false
286,gob_capacitacion_competencia_v2,7,6,1,false
287,dlk_ausentismo_evaluacion_v1,7,6,1,false
288,gob_egresos_unidad,7,6,1,false
289,gob_egresos_traslado_v1,7,6,1,false
290,dlk_riesgo_vacante_v2,7,6,1,false
291,gob_planta_cargo_v1,7,6,1,false
292,dlk_desempeno_sucursal_v2,7,5,2,true
293,m4cci_unidad_sap,7,7,0,false
294,gob_nomina_contrato,7,6,1,false
295,dlk_formacion_hora_extra_v2,7,6,1,false
296,dlk_diversidad_traslado,7,6,1,false
297,dlk_talento_colaborador_v1,7,6,1,false
298,dlk_movilidad_alerta_v1,7,6,1,false
299,gob_riesgo_centro_costo_v2,7,6,1,false
300,dlk_beneficios_unidad_v1,7,6,1,false
301,gob_ausentismo_turno_v1,7,6,1,false
302,dlk_clima_evaluacion_v2,7,6,1,false
303,dlk_compensaciones_jefatura_v1,7,6,1,false
304,dlk_ausentismo_hora_extra_v1,7,6,1,false
305,cci_jefatura_1_sap,7,7,0,false
306,dlk_seleccion_antiguedad,7,6,1,false
307,dlk_egresos_vacante_v2,7,6,1,false
308,gob_diversidad_contrato,7,6,1,false
309,gob_seleccion_vacante_v2,7,6,1,false
310,gob_riesgo_antiguedad_v2,7,6,1,false
311,dlk_riesgo_posicion_v1,7,6,1,false
312,dlk_capacitacion_unidad_v2,7,6,1,false
313,dlk_capacitacion_meta_v2,7,6,1,false
314,std_hr_antiguedad_sap,7,7,0,false
315,dlk_egresos_region_v1,7,6,1,false
316,dlk_riesgo_cargo,7,6,1,false
317,dlk_planta_encuesta,7,6,1,false
318,gob_formacion_unidad_v2,7,6,1,false
319,m4cci_incidencia_1_sap,7,7,0,false
320,dlk_diversidad_hora_extra,7,6,1,false
321,gob_beneficios_alerta,7,6,1,false
322,gob_nomina_beca_v2,7,6,1,false
323,dlk_egresos_indicador_v2,7,6,1,false
324,gob_capacitacion_licencia_v1,7,6,1,false
325,dlk_beneficios_ingreso_v1,7,6,1,false
326,dlk_compensaciones_incidencia_v2,7,6,1,false
327,dlk_talento_beca_v2,7,6,1,false
328,gob_compensaciones_traslado,7,6,1,false
329,std_lu_vacante_1_sap,7,7,0,false
330,m4cci_competencia_sap,7,7,0,false
331,gob_desempeno_centro_costo,7,6,1,false
332,gob_clima_curso_v1,7,6,1,false
333,dlk_diversidad_traslado_v2,7,6,1,false
334,dlk_riesgo_competencia,7,6,1,false
335,dlk_talento_antiguedad_v2,7,6,1,false
336,gob_diversidad_brecha,7,6,1,false
337,gob_nomina_bono_v2,7,6,1,false
338,gob_diversidad_ingreso_v2,7,6,1,false
339,gob_formacion_licencia_v1,7,6,1,false
340,m4sco_sucursal_1_sap,7,7,0,false
341,std_lu_edu_diploma_sap,7,7,0,false
342,dlk_capacitacion_colaborador,7,6,1,false
343,dlk_riesgo_traslado,7,6,1,false
344,gob_desempeno_beca_v1,7,6,1,false
345,gob_beneficios_postulante_v1,7,6,1,false
346,dlk_nomina_turno_v2,7,6,1,false
347,dlk_diversidad_contrato_v1,7,6,1,false
348,gob_ausentismo_ingreso,7,6,1,false
349,m4vw_jefatura_2_sap,7,7,0,false
350,gob_egresos_unidad_v1,7,6,1,false
351,gob_egresos_colaborador,7,6,1,false
352,gob_desempeno_vacante,7,5,2,true
353,template_brecha_1_sap,7,7,0,false
354,gob_beneficios_antiguedad_v2,7,6,1,false
355,gob_seleccion_vacante_v1,7,6,1,false
356,gob_egresos_indicador_v2,7,6,1,false
357,gob_beneficios_posicion_v2,7,6,1,false
358,gob_beneficios_cargo,7,6,1,false
359,dlk_riesgo_licencia,7,6,1,false
360,gob_egresos_evaluacion_v2,7,6,1,false
361,gob_desempeno_region_v1,7,6,1,false
362,dlk_clima_competencia_v1,6,5,1,false
363,std_lu_antiguedad_sap,6,6,0,false
364,gob_formacion_contrato_v2,6,5,1,false
365,dlk_egresos_curso_v2,6,5,1,false
366,gob_diversidad_sucursal,6,5,1,false
367,gob_capacitacion_egreso,6,5,1,false
368,gob_seleccion_posicion_v2,6,5,1,false
369,dlk_talento_curso_v2,6,5,1,false
370,gob_compensaciones_brecha_v2,6,5,1,false
371,gob_compensaciones_alerta,6,5,1,false
372,gob_desempeno_hora_extra_v2,6,5,1,false
373,dlk_diversidad_sucursal_v2,6,5,1,false
374,dlk_clima_postulante_v2,6,5,1,false
375,dlk_seleccion_jefatura,6,5,1,false
376,gob_seleccion_contrato,6,5,1,false
377,dlk_clima_alerta_v1,6,5,1,false
378,dlk_nomina_beca,6,5,1,false
379,cci_curso_1_sap,6,6,0,false
380,m4bci_antiguedad_sap,6,6,0,false
381,dlk_formacion_indicador,6,5,1,false
382,gob_diversidad_alerta_v1,6,5,1,false
383,gob_movilidad_jefatura_v1,6,5,1,false
384,dlk_ausentismo_alerta,6,5,1,false
385,dlk_ausentismo_ingreso_v1,6,5,1,false
386,gob_movilidad_antiguedad,6,5,1,false
387,bci_colaborador_1_sap,6,6,0,false
388,std_lu_evaluacion_1_sap,6,6,0,false
389,m4sco_traslado_sap,6,6,0,false
390,bci_alerta_sap,6,6,0,false
391,gob_egresos_cargo_v1,6,5,1,false
392,dlk_movilidad_convenio,6,5,1,false
393,dlk_beneficios_egreso,6,5,1,false
394,gob_desempeno_meta_v1,6,5,1,false
395,ppn_cargo_2_sap,6,6,0,false
396,gob_riesgo_centro_costo,6,5,1,false
397,dlk_clima_encuesta_v1,6,5,1,false
398,m4sco_jefatura_1_sap,6,6,0,false
399,gob_formacion_traslado_v2,6,5,1,false
400,dlk_diversidad_alerta_v2,6,5,1,false
401,gob_reportabilidad_unidad_v1,6,5,1,false
402,gob_egresos_vacante_v1,6,5,1,false
403,dlk_formacion_region_v2,6,5,1,false
404,gob_movilidad_contrato_v2,6,5,1,false
405,gob_reportabilidad_sucursal_v1,6,5,1,false
406,gob_diversidad_colaborador_v2,6,5,1,false
407,gob_diversidad_hora_extra,6,5,1,false
408,m4sco_hora_extra_sap,6,6,0,false
409,dlk_formacion_colaborador,6,5,1,false
410,dlk_egresos_ingreso_v1,6,5,1,false
411,dlk_nomina_ingreso_v2,6,5,1,false
412,dlk_desempeno_contrato,6,4,2,true
413,gob_riesgo_jefatura_v2,6,5,1,false
414,gob_seleccion_jefatura_v2,6,5,1,false
415,dlk_nomina_encuesta_v2,6,5,1,false
416,gob_desempeno_competencia_v2,6,5,1,false
417,dlk_movilidad_indicador_v2,6,5,1,false
418,dlk_capacitacion_postulante,6,5,1,false
419,dlk_talento_encuesta_v2,6,5,1,false
420,gob_desempeno_region,6,5,1,false
421,dlk_diversidad_bono_v1,6,5,1,false
422,m4bci_vacante_1_sap,6,6,0,false
423,gob_capacitacion_unidad_v1,6,5,1,false
424,ppn_ausentismos_incidencia,6,5,1,false
425,m4vw_beca_sap,6,6,0,false
426,dlk_egresos_brecha_v1,6,5,1,false
427,dlk_movilidad_sucursal,6,5,1,false
428,dlk_desempeno_ingreso,6,5,1,false
429,dlk_egresos_hora_extra_v1,6,5,1,false
430,template_vacante_1_sap,6,6,0,false
431,gob_desempeno_colaborador,6,5,1,false
432,gob_formacion_region_v2,6,5,1,false
433,dlk_clima_meta,6,5,1,false
434,dlk_planta_egreso_v2,6,5,1,false
435,dlk_reportabilidad_convenio,6,5,1,false
436,dlk_reportabilidad_competencia,6,5,1,false
437,dlk_egresos_brecha,6,5,1,false
438,gob_desempeno_traslado,6,5,1,false
439,m4bci_colaborador_sap,6,6,0,false
440,dlk_compensaciones_encuesta_v1,6,5,1,false
441,cci_competencia_1_sap,6,6,0,false
442,dlk_movilidad_meta_v1,6,5,1,false
443,dlk_beneficios_alerta,6,5,1,false
444,gob_formacion_hora_extra_v1,6,5,1,false
445,dlk_seleccion_convenio,6,5,1,false
446,dlk_compensaciones_postulante_v2,6,5,1,false
447,dlk_clima_jefatura_v2,6,5,1,false
448,dlk_formacion_posicion_v2,6,5,1,false
449,proc_planta_licencia_v1,6,5,1,false
450,dlk_diversidad_bono,6,5,1,false
451,dlk_reportabilidad_indicador_v2,6,5,1,false
452,gob_ausentismo_egreso_v2,6,5,1,false
453,proc_talento_encuesta,5,4,1,false
454,bci_bono_1_sap,5,5,0,false
455,dlk_nomina_colaborador_v2,5,4,1,false
456,proc_movilidad_beca,5,4,1,false
457,dlk_diversidad_region_v1,5,4,1,false
458,gob_compensaciones_posicion_v1,5,4,1,false
459,dlk_reportabilidad_cargo_v1,5,4,1,false
460,gob_riesgo_sucursal_v1,5,4,1,false
461,gob_desempeno_ingreso_v2,5,4,1,false
462,gob_capacitacion_jefatura_v1,5,4,1,false
463,gob_ausentismo_antiguedad_v2,5,4,1,false
464,dlk_ausentismo_sucursal_v2,5,4,1,false
465,dlk_seleccion_turno_v1,5,4,1,false
466,dlk_seleccion_cargo_v2,5,4,1,false
467,dlk_formacion_alerta_v2,5,4,1,false
468,dlk_beneficios_centro_costo,5,4,1,false
469,gob_capacitacion_antiguedad_v2,5,4,1,false
470,proc_talento_traslado,5,3,2,true
471,dlk_beneficios_vacante_v1,5,4,1,false
472,gob_clima_meta,5,4,1,false
473,dlk_diversidad_region,5,4,1,false
474,ppn_centro_costo_sap,5,5,0,false
475,dlk_clima_egreso_v2,5,4,1,false
476,gob_movilidad_colaborador_v2,5,4,1,false
477,dlk_talento_postulante_v1,5,4,1,false
478,gob_ausentismo_sucursal_v1,5,4,1,false
479,cci_postulante_sap,5,5,0,false
480,m4cci_sucursal_sap,5,5,0,false
481,dlk_clima_ingreso_v2,5,4,1,false
482,proc_compensaciones_incidencia,5,4,1,false
483,gob_capacitacion_convenio,5,3,2,true
484,dlk_ausentismo_unidad,5,4,1,false
485,dlk_talento_region,5,4,1,false
486,gob_riesgo_curso_v1,5,4,1,false
487,m4bci_convenio_sap,5,5,0,false
488,dlk_desempeno_cargo_v1,5,4,1,false
489,dlk_diversidad_cargo,5,4,1,false
490,dlk_reportabilidad_centro_costo_v2,5,4,1,false
491,proc_planta_cargo,5,4,1,false
492,dlk_reportabilidad_cargo_v2,5,4,1,false
493,dlk_planta_posicion_v1,5,4,1,false
494,dlk_movilidad_licencia_v1,5,4,1,false
495,dlk_planta_contrato_v1,5,4,1,false
496,dlk_beneficios_hora_extra_v1,5,4,1,false
497,dlk_beneficios_region,5,4,1,false
498,gob_riesgo_curso,5,4,1,false
499,gob_clima_centro_costo,5,4,1,false
500,dlk_diversidad_meta_v1,5,4,1,false
501,proc_talento_meta_v1,5,4,1,false
502,dlk_beneficios_indicador_v2,5,4,1,false
503,dlk_compensaciones_colaborador,5,4,1,false
504,dlk_talento_evaluacion,5,4,1,false
505,gob_capacitacion_licencia,5,4,1,false
506,dlk_nomina_competencia_v1,5,4,1,false
507,std_hr_centro_costo_1_sap,5,5,0,false
508,m4bci_curso_sap,5,5,0,false
509,gob_formacion_sucursal_v1,5,4,1,false
510,dlk_riesgo_incidencia,5,4,1,false
511,m4vw_turno_sap,5,5,0,false
512,gob_clima_incidencia_v1,5,4,1,false
513,dlk_seleccion_traslado,5,4,1,false
514,gob_movilidad_sucursal_v1,5,4,1,false
515,gob_ausentismo_centro_costo,5,4,1,false
516,gob_diversidad_brecha_v2,5,4,1,false
517,dlk_diversidad_bono_v2,5,4,1,false
518,dlk_nomina_convenio,5,4,1,false
519,dlk_compensaciones_alerta,5,4,1,false
520,proc_talento_jefatura_v1,5,4,1,false
521,std_lu_lang_level_sap,5,5,0,false
522,gob_diversidad_ingreso,5,4,1,false
523,gob_ausentismo_competencia_v2,5,4,1,false
524,std_hr_incidencia_1_sap,5,5,0,false
525,gob_ausentismo_hora_extra_v2,5,4,1,false
526,gob_diversidad_convenio_v2,5,4,1,false
527,ppn_encuesta_sap,5,5,0,false
528,proc_planta_egreso,5,4,1,false
529,gob_clima_indicador,5,4,1,false
530,gob_clima_incidencia_v2,5,4,1,false
531,std_lu_colaborador_2_sap,5,5,0,false
532,gob_clima_region,5,4,1,false
533,dlk_formacion_contrato,5,4,1,false
534,m4vw_centro_costo_1_sap,5,5,0,false
535,dlk_egresos_contrato,5,4,1,false
536,dlk_egresos_postulante_v1,5,4,1,false
537,cci_encuesta_1_sap,5,5,0,false
538,dlk_desempeno_licencia_v1,5,4,1,false
539,std_lu_edu_dip_lev_sap,5,5,0,false
540,dlk_compensaciones_competencia,5,4,1,false
541,dlk_reportabilidad_jefatura_v1,5,4,1,false
542,dlk_movilidad_curso,5,4,1,false
543,dlk_diversidad_evaluacion,5,4,1,false
544,template_unidad_sap,5,5,0,false
545,m4vw_sucursal_sap,5,5,0,false
546,dlk_ausentismo_competencia,5,4,1,false
547,m4vw_antiguedad_1_sap,5,5,0,false
548,gob_seleccion_antiguedad_v1,5,3,2,true
549,ppn_sucursal_1_sap,5,5,0,false
550,gob_nomina_postulante_v2,5,4,1,false
551,gob_ausentismo_region,5,4,1,false
552,dlk_egresos_alerta,5,4,1,false
553,gob_formacion_jefatura_v2,5,4,1,false
554,dlk_talento_convenio_v2,5,4,1,false
555,dlk_reportabilidad_bono_v1,5,4,1,false
556,template_ingreso_1_sap,5,5,0,false
557,proc_planta_traslado_v1,5,4,1,false
558,gob_diversidad_incidencia_v1,5,4,1,false
559,dlk_clima_colaborador_v2,5,4,1,false
560,gob_formacion_unidad_v1,5,4,1,false
561,m4vw_evaluacion_1_sap,5,5,0,false
562,gob_desempeno_brecha_v2,4,3,1,false
563,dlk_reportabilidad_vacante_v1,4,3,1,false
564,std_hr_antiguedad_1_sap,4,4,0,false
565,dlk_planta_posicion,4,3,1,false
566,bci_incidencia_1_sap,4,4,0,false
567,dlk_desempeno_contrato_v2,4,3,1,false
568,gob_desempeno_unidad_v2,4,3,1,false
569,dlk_seleccion_antiguedad_v2,4,3,1,false
570,gob_capacitacion_antiguedad,4,2,2,true
571,dlk_reportabilidad_alerta_v1,4,3,1,false
572,gob_planta_egreso,4,3,1,false
573,dlk_diversidad_sucursal_v1,4,3,1,false
574,dlk_diversidad_encuesta_v2,4,3,1,false
575,dlk_planta_region_v2,4,3,1,false
576,dlk_diversidad_vacante_v2,4,3,1,false
577,proc_talento_brecha_v1,4,3,1,false
578,dlk_planta_licencia_v1,4,3,1,false
579,proc_talento_traslado_v1,4,3,1,false
580,std_hr_competencia_sap,4,4,0,false
581,gob_talento_competencia_v1,4,3,1,false
582,proc_talento_evaluacion_v1,4,3,1,false
583,gob_compensaciones_jefatura_v2,4,3,1,false
584,dlk_beneficios_traslado,4,3,1,false
585,dlk_riesgo_ingreso_v2,4,3,1,false
586,template_antiguedad_sap,4,4,0,false
587,dlk_talento_turno_v2,4,3,1,false
588,dlk_movilidad_hora_extra_v1,4,3,1,false
589,gob_movilidad_unidad_v2,4,3,1,false
590,gob_capacitacion_centro_costo_v2,4,3,1,false
591,proc_talento_ingreso_v1,4,3,1,false
592,gob_compensaciones_traslado_v2,4,3,1,false
593,dlk_compensaciones_ingreso_v2,4,3,1,false
594,bci_convenio_1_sap,4,4,0,false
595,template_curso_1_sap,4,4,0,false
596,dlk_reportabilidad_evaluacion,4,3,1,false
597,dlk_riesgo_unidad_v1,4,3,1,false
598,gob_desempeno_jefatura_v2,4,3,1,false
599,gob_formacion_region,4,3,1,false
600,m4cci_antiguedad_sap,4,4,0,false
601,gob_riesgo_competencia_v2,4,3,1,false
602,gob_clima_vacante_v1,4,3,1,false
603,bci_brecha_sap,4,4,0,false
604,dlk_reportabilidad_incidencia_v2,4,3,1,false
605,gob_compensaciones_beca_v2,4,3,1,false
606,gob_ausentismo_beca,4,3,1,false
607,gob_talento_region,4,3,1,false
608,dlk_nomina_turno_v1,4,3,1,false
609,arbol_jerarquico_sap,4,4,0,false
610,dlk_movilidad_postulante_v1,4,3,1,false
611,gob_planta_postulante,4,3,1,false
612,dlk_capacitacion_cargo,4,3,1,false
613,dlk_beneficios_jefatura_v2,4,3,1,false
614,m4vw_competencia_sap,4,4,0,false
615,dlk_compensaciones_region_v2,4,3,1,false
616,m4sco_encuesta_1_sap,4,4,0,false
617,gob_talento_meta_v2,4,3,1,false
618,gob_reportabilidad_encuesta,4,3,1,false
619,dlk_clima_hora_extra,4,3,1,false
620,m4sco_brecha_sap,4,4,0,false
621,proc_movilidad_postulante,4,3,1,false
622,cci_indicador_sap,4,4,0,false
623,dlk_ausentismo_licencia_v1,4,3,1,false
624,gob_planta_antiguedad,4,3,1,false
625,m4bci_hora_extra_sap,4,4,0,false
626,std_hr_region_1_sap,4,4,0,false
627,gob_compensaciones_postulante_v2,4,3,1,false
628,gob_nomina_bono_v1,4,3,1,false
629,bci_sucursal_sap,4,4,0,false
630,gob_capacitacion_indicador_v1,4,3,1,false
631,dlk_diversidad_competencia_v1,4,3,1,false
632,std_hr_postulante_1_sap,4,4,0,false
633,dlk_egresos_jefatura,4,3,1,false
634,dlk_reportabilidad_antiguedad,4,3,1,false
635,dlk_movilidad_posicion_v1,4,3,1,false
636,dlk_riesgo_antiguedad,4,3,1,false
637,dlk_riesgo_evaluacion_v1,4,2,2,true
638,dlk_desempeno_region,4,3,1,false
639,gob_seleccion_licencia,4,3,1,false
640,bci_niv_hay_puesto_sap,4,4,0,false
641,m4sco_incidencia_1_sap,4,4,0,false
642,dlk_diversidad_colaborador_v2,4,3,1,false
643,gob_talento_sucursal,4,3,1,false
644,dlk_capacitacion_curso_v2,4,3,1,false
645,gob_diversidad_colaborador,4,3,1,false
646,proc_talento_vacante_v1,4,3,1,false
647,dlk_beneficios_antiguedad_v2,4,3,1,false
648,gob_ausentismo_sucursal,4,3,1,false
649,template_encuesta_sap,4,4,0,false
650,gob_riesgo_evaluacion,4,3,1,false
651,ppn_alerta_sap,4,4,0,false
652,dlk_desempeno_colaborador_v1,4,3,1,false
653,gob_capacitacion_hora_extra,4,3,1,false
654,dlk_clima_ingreso,4,3,1,false
655,gob_diversidad_traslado_v2,4,3,1,false
656,gob_seleccion_egreso,4,3,1,false
657,proc_talento_posicion_v1,4,3,1,false
658,gob_desempeno_bono_v2,4,3,1,false
659,dlk_egresos_licencia,4,3,1,false
660,proc_movilidad_centro_costo,4,3,1,false
661,gob_riesgo_antiguedad_v1,4,3,1,false
662,dlk_movilidad_antiguedad,4,3,1,false
663,template_beca_sap,4,4,0,false
664,dlk_diversidad_vacante_v1,4,3,1,false
665,dlk_seleccion_turno,4,2,2,true
666,dlk_reportabilidad_unidad,4,3,1,false
667,dlk_clima_posicion_v1,4,3,1,false
668,dlk_reportabilidad_hora_extra_v2,4,3,1,false
669,proc_talento_turno,4,3,1,false
670,dlk_riesgo_centro_costo_v1,4,3,1,false
671,dlk_formacion_convenio,4,3,1,false
672,dlk_diversidad_jefatura_v1,4,3,1,false
673,gob_planta_unidad,4,3,1,false
674,gob_movilidad_centro_costo_v2,4,3,1,false
675,gob_egresos_jefatura,4,3,1,false
676,gob_capacitacion_contrato_v2,4,3,1,false
677,dlk_compensaciones_ingreso_v1,4,3,1,false
678,gob_planta_region_v2,4,3,1,false
679,dlk_talento_postulante_v2,4,3,1,false
680,gob_capacitacion_turno_v2,4,3,1,false
681,gob_nomina_bono,4,3,1,false
682,gob_clima_beca_v1,4,3,1,false
683,m4sco_posicion_1_sap,4,4,0,false
684,dlk_compensaciones_egreso_v1,4,3,1,false
685,m4sco_incidencia_sap,4,4,0,false
686,bci_posicion_2_sap,4,4,0,false
687,dlk_compensaciones_beca,4,3,1,false
688,dlk_compensaciones_cargo_v1,4,3,1,false
689,dlk_diversidad_alerta,4,3,1,false
690,dlk_desempeno_colaborador_v2,4,3,1,false
691,gob_compensaciones_region_v1,4,3,1,false
692,dlk_beneficios_licencia_v2,4,3,1,false
693,dlk_egresos_posicion_v1,4,3,1,false
694,template_cargos_sap,4,4,0,false
695,template_colaborador_2_sap,3,3,0,false
696,bci_evaluacion_1_sap,3,3,0,false
697,dlk_reportabilidad_postulante,3,2,1,false
698,dlk_beneficios_alerta_v2,3,2,1,false
699,gob_planta_incidencia_v1,3,2,1,false
700,gob_formacion_brecha,3,2,1,false
701,m4sco_beca_1_sap,3,3,0,false
702,gob_capacitacion_bono_v1,3,2,1,false
703,std_lu_cargo_2_sap,3,3,0,false
704,gob_diversidad_contrato_v1,3,2,1,false
705,m4sco_unidad_1_sap,3,3,0,false
706,proc_reportabilidad_jefatura,3,2,1,false
707,gob_clima_brecha_v2,3,2,1,false
708,gob_ausentismo_alerta_v1,3,2,1,false
709,proc_compensaciones_cargo_v1,3,2,1,false
710,dlk_diversidad_licencia,3,2,1,false
711,gob_compensaciones_encuesta,3,2,1,false
712,gob_compensaciones_evaluacion_v2,3,2,1,false
713,gob_compensaciones_incidencia_v1,3,2,1,false
714,dlk_seleccion_vacante_v2,3,2,1,false
715,gob_nomina_curso_v1,3,2,1,false
716,dlk_capacitacion_jefatura_v1,3,2,1,false
717,gob_desempeno_colaborador_v2,3,2,1,false
718,gob_ausentismo_ingreso_v2,3,2,1,false
719,gob_desempeno_centro_costo_v2,3,2,1,false
720,dlk_planta_region,3,2,1,false
721,m4cci_hora_extra_1_sap,3,3,0,false
722,bci_cargo_2_sap,3,3,0,false
723,dlk_clima_antiguedad_v2,3,2,1,false
724,gob_nomina_alerta_v2,3,2,1,false
725,proc_formacion_cargo,3,2,1,false
726,gob_capacitacion_turno,3,2,1,false
727,proc_seleccion_egreso_v1,3,2,1,false
728,dlk_talento_bono_v2,3,2,1,false
729,dlk_talento_meta_v2,3,2,1,false
730,m4sco_r_job_dut_sap,3,3,0,false
731,gob_seleccion_region_v1,3,2,1,false
732,dlk_clima_centro_costo_v2,3,2,1,false
733,proc_formacion_centro_costo,3,2,1,false
734,dlk_seleccion_licencia_v1,3,2,1,false
735,dlk_formacion_jefatura_v2,3,2,1,false
736,dlk_compensaciones_evaluacion,3,2,1,false
737,dlk_beneficios_beca_v1,3,2,1,false
738,dlk_movilidad_centro_costo,3,2,1,false
739,dlk_riesgo_curso_v2,3,2,1,false
740,gob_compensaciones_egreso_v2,3,2,1,false
741,m4cci_jefatura_1_sap,3,3,0,false
742,gob_talento_antiguedad_v2,3,2,1,false
743,m4bci_beca_sap,3,3,0,false
744,gob_capacitacion_ingreso_v2,3,2,1,false
745,gob_capacitacion_posicion_v1,3,2,1,false
746,dlk_nomina_hora_extra_v1,3,2,1,false
747,dlk_compensaciones_unidad_v2,3,2,1,false
748,cci_sucursal_sap,3,3,0,false
749,gob_planta_cargo_v2,3,2,1,false
750,std_lu_hora_extra_1_sap,3,3,0,false
751,proc_seleccion_meta,3,2,1,false
752,dlk_formacion_traslado,3,2,1,false
753,proc_compensaciones_evaluacion,3,2,1,false
754,dlk_formacion_region,3,2,1,false
755,m4cci_curso_1_sap,3,3,0,false
756,m4cci_encuesta_1_sap,3,3,0,false
757,gob_egresos_centro_costo_v1,3,2,1,false
758,dlk_seleccion_evaluacion_v2,3,2,1,false
759,gob_movilidad_evaluacion,3,2,1,false
760,m4bci_brecha_sap,3,3,0,false
761,dlk_nomina_vacante_v1,3,2,1,false
762,dlk_talento_encuesta,3,2,1,false
763,gob_ausentismo_beca_v2,3,2,1,false
764,std_lu_egreso_sap,3,3,0,false
765,dlk_reportabilidad_curso,3,2,1,false
766,gob_riesgo_licencia_v2,3,2,1,false
767,gob_diversidad_competencia_v2,3,2,1,false
768,dlk_ausentismo_jefatura,3,2,1,false
769,gob_nomina_egreso_v1,3,2,1,false
770,dlk_planta_convenio_v1,3,2,1,false
771,gob_egresos_centro_costo_v2,3,2,1,false
772,dlk_compensaciones_posicion,3,2,1,false
773,dlk_talento_incidencia,3,2,1,false
774,dlk_desempeno_convenio_v1,3,2,1,false
775,cci_incidencia_sap,3,3,0,false
776,m4bci_indicador_1_sap,3,3,0,false
777,gob_capacitacion_traslado_v2,3,2,1,false
778,m4sco_contrato_1_sap,3,3,0,false
779,dlk_ausentismo_incidencia,3,2,1,false
780,dlk_desempeno_traslado,3,2,1,false
781,dlk_capacitacion_turno_v1,3,2,1,false
782,std_lu_brecha_1_sap,3,3,0,false
783,gob_nomina_ingreso_v1,3,2,1,false
784,gob_nomina_meta_v1,3,2,1,false
785,gob_planta_brecha_v1,3,2,1,false
786,gob_compensaciones_postulante,3,2,1,false
787,dlk_formacion_brecha_v2,3,2,1,false
788,dlk_talento_cargo_v1,3,2,1,false
789,dlk_desempeno_centro_costo_v2,3,2,1,false
790,gob_reportabilidad_posicion,3,2,1,false
791,m4cci_centro_costo_sap,3,3,0,false
792,gob_compensaciones_antiguedad_v1,3,2,1,false
793,bci_traslado_sap,3,3,0,false
794,bci_traslado_1_sap,3,3,0,false
795,template_alerta_1_sap,3,3,0,false
796,gob_compensaciones_indicador,3,2,1,false
797,dlk_movilidad_jefatura_v2,3,2,1,false
798,proc_nomina_bono_v1,3,2,1,false
799,dlk_movilidad_vacante_v2,3,2,1,false
800,gob_capacitacion_beca,3,2,1,false
801,m4sco_hora_extra_1_sap,3,3,0,false
802,gob_planta_curso_v1,3,2,1,false
803,gob_desempeno_curso_v2,3,2,1,false
804,ppn_bono_1_sap,3,3,0,false
805,dlk_diversidad_convenio_v1,3,2,1,false
806,proc_compensaciones_bono,3,2,1,false
807,dlk_beneficios_region_v1,3,2,1,false
808,dlk_compensaciones_colaborador_v1,3,2,1,false
809,template_jefatura_sap,3,3,0,false
810,dlk_riesgo_bono,3,2,1,false
811,m4cci_cargo_1_sap,3,3,0,false
812,dlk_nomina_region_v2,3,2,1,false
813,gob_planta_incidencia_v2,3,2,1,false
814,gob_nomina_jefatura,3,2,1,false
815,m4bci_licencia_1_sap,3,3,0,false
816,dlk_riesgo_hora_extra_v2,3,2,1,false
817,dlk_riesgo_egreso_v1,3,2,1,false
818,gob_capacitacion_competencia,3,2,1,false
819,m4sco_beca_sap,3,3,0,false
820,proc_talento_contrato_v1,3,2,1,false
821,m4vw_jef_directos_sap,3,3,0,false
822,dlk_seleccion_ingreso_v1,3,2,1,false
823,dlk_reportabilidad_vacante,3,2,1,false
824,gob_compensaciones_contrato,3,2,1,false
825,std_country_sap,3,3,0,false
826,gob_formacion_meta,3,2,1,false
827,proc_movilidad_evaluacion_v1,3,2,1,false
828,dlk_desempeno_sucursal,3,2,1,false
829,std_lu_ingreso_1_sap,3,3,0,false
830,gob_diversidad_antiguedad_v1,3,2,1,false
831,dlk_clima_unidad,3,2,1,false
832,m4sco_antiguedad_sap,3,3,0,false
833,gob_compensaciones_turno,3,2,1,false
834,dlk_ausentismo_posicion_v2,3,2,1,false
835,dlk_formacion_turno_v1,3,2,1,false
836,dlk_movilidad_jefatura,3,2,1,false
837,gob_ausentismo_brecha_v1,3,2,1,false
838,proc_diversidad_bono_v1,3,2,1,false
839,dlk_talento_ingreso_v2,3,2,1,false
840,gob_riesgo_posicion,3,2,1,false
841,dlk_reportabilidad_competencia_v1,3,2,1,false
842,dlk_desempeno_incidencia_v2,3,2,1,false
843,dlk_riesgo_curso_v1,2,1,1,false
844,std_hr_beca_sap,2,2,0,false
845,gob_seleccion_bono_v1,2,1,1,false
846,gob_planta_curso_v2,2,1,1,false
847,gob_beneficios_colaborador,2,1,1,false
848,dlk_riesgo_competencia_v1,2,1,1,false
849,dlk_seleccion_beca,2,1,1,false
850,dlk_reportabilidad_traslado_v2,2,1,1,false
851,dlk_diversidad_antiguedad,2,1,1,false
852,dlk_reportabilidad_traslado,2,1,1,false
853,dash_egresos_evaluacion_kpi,2,0,2,true
854,proc_reportabilidad_meta_v1,2,1,1,false
855,dlk_desempeno_indicador_v2,2,1,1,false
856,gob_desempeno_ingreso,2,1,1,false
857,gob_compensaciones_brecha,2,1,1,false
858,gob_egresos_beca,2,1,1,false
859,gob_planta_bono_v2,2,1,1,false
860,gob_planta_posicion_v2,2,1,1,false
861,m4vw_meta_sap,2,2,0,false
862,dlk_compensaciones_jefatura_v2,2,1,1,false
863,proc_talento_colaborador_v1,2,1,1,false
864,dlk_capacitacion_competencia_v1,2,1,1,false
865,cci_region_1_sap,2,2,0,false
866,dlk_diversidad_meta,2,1,1,false
867,dlk_ausentismo_jefatura_v1,2,1,1,false
868,dlk_clima_hora_extra_v1,2,1,1,false
869,dlk_ausentismo_colaborador,2,1,1,false
870,gob_talento_meta,2,1,1,false
871,m4bci_sucursal_1_sap,2,2,0,false
872,gob_beneficios_cargo_v1,2,1,1,false
873,gob_capacitacion_competencia_v1,2,1,1,false
874,gob_desempeno_encuesta_v1,2,1,1,false
875,m4sco_posicion_2_sap,2,2,0,false
876,gob_ausentismo_evaluacion_v2,2,1,1,false
877,dlk_ausentismo_competencia_v2,2,1,1,false
878,dlk_capacitacion_incidencia_v1,2,1,1,false
879,gob_beneficios_curso_v1,2,1,1,false
880,gob_compensaciones_contrato_v1,2,1,1,false
881,gob_planta_antiguedad_v2,2,1,1,false
882,gob_capacitacion_vacante_v1,2,1,1,false
883,gob_talento_indicador_v2,2,1,1,false
884,gob_compensaciones_region,2,1,1,false
885,m4vw_postulante_1_sap,2,2,0,false
886,gob_compensaciones_indicador_v1,2,1,1,false
887,gob_reportabilidad_cargo_v1,2,1,1,false
888,gob_movilidad_jefatura,2,1,1,false
889,dlk_riesgo_sucursal_v1,2,1,1,false
890,dlk_desempeno_vacante,2,1,1,false
891,dash_egresos_unidad_kpi,2,0,2,true
892,cci_brecha_1_sap,2,2,0,false
893,gob_reportabilidad_region,2,1,1,false
894,bci_incidencia_sap,2,2,0,false
895,gob_capacitacion_evaluacion_v2,2,1,1,false
896,bci_licencia_sap,2,2,0,false
897,dlk_seleccion_incidencia,2,1,1,false
898,dlk_ausentismo_convenio_v1,2,1,1,false
899,dlk_desempeno_competencia,2,1,1,false
900,gob_compensaciones_incidencia,2,1,1,false
901,dlk_desempeno_jefatura_v1,2,1,1,false
902,gob_reportabilidad_colaborador_v1,2,1,1,false
903,dash_talento_cargo_kpi,2,0,2,true
904,dlk_desempeno_colaborador,2,1,1,false
905,dlk_egresos_bono_v1,2,1,1,false
906,dlk_seleccion_centro_costo_v1,2,1,1,false
907,gob_movilidad_antiguedad_v1,2,1,1,false
908,ppn_ingreso_1_sap,2,2,0,false
909,gob_capacitacion_hora_extra_v2,2,1,1,false
910,dlk_nomina_beca_v1,2,1,1,false
911,gob_nomina_sucursal_v2,2,1,1,false
912,dlk_compensaciones_alerta_v1,2,1,1,false
913,gob_clima_posicion_v1,2,0,2,true
914,gob_ausentismo_encuesta_v1,2,1,1,false
915,gob_nomina_posicion_v2,2,1,1,false
916,dash_desempeno_jefatura_kpi,2,0,2,true
917,proc_seleccion_sucursal_v1,2,1,1,false
918,dlk_planta_egreso_v1,2,1,1,false
919,proc_seleccion_curso_v1,2,1,1,false
920,gob_desempeno_brecha_v1,2,1,1,false
921,dlk_diversidad_competencia_v2,2,1,1,false
922,gob_riesgo_cargo,2,1,1,false
923,dlk_capacitacion_region_v1,2,1,1,false
924,dlk_diversidad_sucursal,2,1,1,false
925,gob_seleccion_postulante_v1,2,1,1,false
926,dlk_talento_unidad,2,1,1,false
927,dlk_diversidad_contrato,2,1,1,false
928,dlk_capacitacion_unidad_v1,2,1,1,false
929,dlk_clima_encuesta_v2,2,1,1,false
930,dlk_reportabilidad_alerta_v2,2,1,1,false
931,dlk_compensaciones_postulante,2,1,1,false
932,proc_planta_convenio_v1,2,1,1,false
933,gob_reportabilidad_brecha,2,1,1,false
934,bci_contrato_1_sap,2,2,0,false
935,dlk_desempeno_evaluacion_v1,2,1,1,false
936,dlk_compensaciones_antiguedad,2,1,1,false
937,gob_desempeno_traslado_v2,2,1,1,false
938,gob_formacion_encuesta_v1,2,1,1,false
939,dash_seleccion_contrato_kpi,2,0,2,true
940,dlk_egresos_ingreso,2,1,1,false
941,proc_nomina_egreso,2,1,1,false
942,dash_seleccion_incidencia_kpi,2,0,2,true
943,dlk_planta_traslado_v2,2,1,1,false
944,dlk_seleccion_colaborador_v1,2,1,1,false
945,gob_seleccion_colaborador_v2,2,1,1,false
946,dlk_formacion_licencia_v2,2,1,1,false
947,dlk_diversidad_encuesta,2,1,1,false
948,proc_diversidad_indicador,2,1,1,false
949,std_lu_posicion_2_sap,2,2,0,false
950,m4cci_contrato_1_sap,2,2,0,false
951,cci_bono_1_sap,2,2,0,false
952,dash_riesgo_cargo_kpi,2,0,2,true
953,dlk_egresos_posicion,2,1,1,false
954,gob_planta_sucursal,2,1,1,false
955,dlk_formacion_indicador_v2,2,1,1,false
956,gob_talento_egreso,2,1,1,false
957,std_lu_ingreso_sap,2,2,0,false
958,dlk_beneficios_posicion,2,1,1,false
959,gob_riesgo_postulante_v1,2,1,1,false
960,dlk_compensaciones_licencia,2,1,1,false
961,gob_movilidad_turno,2,1,1,false
962,ausentismo_sf_sap,2,2,0,false
963,proc_egresos_alerta_v1,2,1,1,false
964,proc_seleccion_incidencia_v1,2,1,1,false
965,cci_egreso_1_sap,2,2,0,false
966,m4cci_encuesta_sap,2,2,0,false
967,std_hr_jefatura_2_sap,2,2,0,false
968,dlk_capacitacion_bono,2,1,1,false
969,dash_egresos_colaborador_kpi,2,0,2,true
970,dlk_planta_centro_costo_v2,2,1,1,false
971,dash_compensaciones_unidad_kpi,2,0,2,true
972,proc_diversidad_hora_extra,2,1,1,false
973,gob_capacitacion_egreso_v1,2,1,1,false
974,dlk_riesgo_brecha,2,1,1,false
975,gob_formacion_cargo_v1,2,1,1,false
976,gob_desempeno_bono,2,1,1,false
977,bci_posicion_sap,2,2,0,false
978,gob_ausentismo_incidencia,2,1,1,false
979,proc_formacion_incidencia_v1,2,1,1,false
980,dlk_ausentismo_sucursal,2,1,1,false
981,proc_reportabilidad_cargo_v1,2,1,1,false
982,gob_clima_licencia_v1,2,1,1,false
983,m4vw_posicion_sap,2,2,0,false
984,proc_nomina_centro_costo,2,1,1,false
985,proc_riesgo_curso_v1,2,1,1,false
986,gob_clima_brecha,2,1,1,false
987,gob_diversidad_antiguedad_v2,2,1,1,false
988,std_lu_hora_extra_sap,2,2,0,false
989,dlk_seleccion_unidad,2,1,1,false
990,m4cci_convenio_1_sap,2,2,0,false
991,dlk_compensaciones_postulante_v1,2,1,1,false
992,gob_talento_brecha_v1,2,1,1,false
993,gob_nomina_incidencia,2,1,1,false
994,gob_beneficios_meta_v2,2,1,1,false
995,gob_ausentismo_postulante_v1,2,1,1,false
996,gob_planta_competencia_v1,2,1,1,false
997,dlk_riesgo_incidencia_v1,2,1,1,false
998,dlk_ausentismo_encuesta_v1,2,1,1,false
999,proc_desempeno_meta,2,0,2,true
1000,gob_formacion_traslado_v1,2,1,1,false
1001,bci_jefatura_1_sap,2,2,0,false
1002,gob_beneficios_bono_v1,2,1,1,false
1003,dlk_planta_evaluacion,2,1,1,false
1004,gob_ausentismo_antiguedad_v1,2,1,1,false
1005,gob_capacitacion_encuesta_v1,2,1,1,false
1006,bci_turno_1_sap,2,2,0,false
1007,m4cci_egreso_sap,2,2,0,false
1008,m4sco_vacante_1_sap,2,2,0,false
1009,proc_desempeno_ingreso,2,1,1,false
1010,dlk_diversidad_alerta_v1,2,1,1,false
1011,dlk_formacion_unidad_v1,2,1,1,false
1012,gob_beneficios_alerta_v1,2,1,1,false
1013,m4vw_licencia_sap,2,2,0,false
1014,dlk_capacitacion_licencia,2,1,1,false
1015,dash_clima_posicion_kpi,2,0,2,true
1016,gob_ausentismo_cargo,2,1,1,false
1017,proc_movilidad_contrato,2,1,1,false
1018,gob_diversidad_centro_costo_v2,2,1,1,false
1019,dlk_formacion_curso_v1,2,1,1,false
1020,gob_planta_licencia_v1,2,1,1,false
1021,std_lu_evaluacion_sap,2,2,0,false
1022,dlk_compensaciones_centro_costo_v2,2,0,2,true
1023,planta_completa_sap,2,2,0,false
1024,dlk_compensaciones_jefatura,2,1,1,false
1025,gob_clima_convenio_v1,2,1,1,false
1026,dlk_beneficios_incidencia,2,1,1,false
1027,gob_compensaciones_colaborador,2,1,1,false
1028,gob_nomina_jefatura_v1,2,1,1,false
1029,bci_convenio_sap,2,2,0,false
1030,gob_capacitacion_beca_v1,2,1,1,false
1031,m4sco_egreso_1_sap,2,2,0,false
1032,gob_talento_region_v2,2,1,1,false
1033,dlk_reportabilidad_egreso,2,1,1,false
1034,dlk_seleccion_traslado_v2,2,1,1,false
1035,dlk_egresos_ingreso_v2,2,1,1,false
1036,std_hr_turno_1_sap,2,2,0,false
1037,m4bci_cargo_sap,2,2,0,false
1038,proc_talento_vacante,2,1,1,false
1039,gob_desempeno_egreso_v1,2,1,1,false
1040,dlk_compensaciones_sucursal_v2,2,1,1,false
1041,dlk_formacion_sucursal_v2,2,1,1,false
1042,dlk_seleccion_egreso,2,1,1,false
1043,dlk_compensaciones_vacante_v2,2,1,1,false
1044,dlk_seleccion_competencia_v2,2,1,1,false
1045,m4bci_postulante_sap,2,2,0,false
1046,dlk_capacitacion_jefatura_v2,2,1,1,false
1047,dlk_talento_antiguedad,2,1,1,false
1048,dash_reportabilidad_colaborador_kpi,2,0,2,true
1049,dash_planta_colaborador_kpi,2,0,2,true
1050,template_convenio_sap,2,2,0,false
1051,m4cci_brecha_sap,2,2,0,false
1052,dlk_desempeno_incidencia_v1,2,1,1,false
1053,ppn_region_1_sap,2,2,0,false
1054,dlk_egresos_unidad_v2,2,0,2,true
1055,gob_beneficios_colaborador_v2,2,1,1,false
1056,dlk_compensaciones_region,2,1,1,false
1057,dlk_riesgo_indicador,2,1,1,false
1058,gob_desempeno_egreso_v2,2,1,1,false
1059,gob_riesgo_incidencia_v1,2,1,1,false
1060,proc_ausentismo_meta,2,1,1,false
1061,dlk_formacion_alerta_v1,2,1,1,false
1062,dlk_seleccion_cargo,2,1,1,false
1063,gob_clima_region_v1,2,1,1,false
1064,gob_clima_meta_v2,2,1,1,false
1065,std_lu_jefatura_1_sap,2,2,0,false
1066,m4sco_region_1_sap,2,2,0,false
1067,m4sco_bono_sap,2,2,0,false
1068,dlk_formacion_centro_costo_v1,2,0,2,true
1069,gob_egresos_bono_v2,2,1,1,false
1070,gob_egresos_hora_extra_v1,2,1,1,false
1071,proc_talento_incidencia,2,1,1,false
1072,dlk_ausentismo_posicion,2,1,1,false
1073,ppn_duty_sap,2,2,0,false
1074,gob_seleccion_brecha_v2,2,1,1,false
1075,proc_ausentismo_ingreso,2,1,1,false
1076,dlk_diversidad_region_v2,2,1,1,false
1077,dash_capacitacion_cargo_kpi,2,0,2,true
1078,dash_nomina_jefatura_kpi,2,0,2,true
1079,m4vw_convenio_sap,2,2,0,false
1080,dlk_nomina_posicion_v1,2,1,1,false
1081,proc_movilidad_licencia_v1,2,0,2,true
1082,proc_formacion_alerta,2,1,1,false
1083,dlk_formacion_unidad,2,0,2,true
1084,dash_ausentismo_incidencia_kpi,2,0,2,true
1085,template_posicion_2_sap,2,2,0,false
1086,dlk_ausentismo_brecha_v1,2,1,1,false
1087,dlk_diversidad_turno,2,1,1,false
1088,proc_seleccion_licencia_v1,2,1,1,false
1089,m4bci_licencia_sap,2,2,0,false
1090,gob_compensaciones_egreso,2,1,1,false
1091,cci_sucursal_1_sap,2,2,0,false
1092,dlk_riesgo_convenio,2,1,1,false
1093,gob_capacitacion_curso_v1,2,1,1,false
1094,cci_vacante_sap,2,2,0,false
1095,gob_movilidad_colaborador_v1,1,0,1,false
1096,proc_reportabilidad_convenio,1,0,1,false
1097,gob_ausentismo_unidad,1,0,1,false
1098,dlk_talento_egreso,1,0,1,false
1099,proc_diversidad_antiguedad_v1,1,0,1,false
1100,dlk_movilidad_colaborador,1,0,1,false
1101,proc_reportabilidad_egreso,1,0,1,false
1102,dlk_desempeno_curso_v1,1,0,1,false
1103,dlk_seleccion_hora_extra_v1,1,0,1,false
1104,gob_seleccion_bono,1,0,1,false
1105,dash_seleccion_evaluacion_kpi,1,0,1,false
1106,gob_nomina_ingreso,1,0,1,false
1107,dash_clima_unidad_kpi,1,0,1,false
1108,gob_talento_posicion_v1,1,0,1,false
1109,proc_ausentismo_antiguedad,1,0,1,false
1110,gob_talento_unidad_v2,1,0,1,false
1111,gob_movilidad_traslado,1,0,1,false
1112,cci_encuesta_sap,1,1,0,false
1113,gob_movilidad_centro_costo,1,0,1,false
1114,proc_egresos_convenio_v1,1,0,1,false
1115,proc_ausentismo_beca_v1,1,0,1,false
1116,proc_ausentismo_colaborador_v1,1,0,1,false
1117,proc_ausentismo_ingreso_v1,1,0,1,false
1118,gob_beneficios_sucursal_v2,1,0,1,false
1119,gob_egresos_alerta_v2,1,0,1,false
1120,gob_ausentismo_indicador_v2,1,0,1,false
1121,gob_planta_encuesta_v2,1,0,1,false
1122,gob_movilidad_convenio_v1,1,0,1,false
1123,proc_ausentismo_traslado_v1,1,0,1,false
1124,dlk_riesgo_encuesta_v1,1,0,1,false
1125,proc_seleccion_encuesta_v1,1,0,1,false
1126,dash_ausentismo_jefatura_kpi,1,0,1,false
1127,gob_movilidad_competencia_v2,1,0,1,false
1128,proc_reportabilidad_encuesta_v1,1,0,1,false
1129,dlk_riesgo_hora_extra,1,0,1,false
1130,bci_postulante_1_sap,1,1,0,false
1131,gob_movilidad_meta_v2,1,0,1,false
1132,proc_seleccion_convenio_v1,1,0,1,false
1133,proc_reportabilidad_egreso_v1,1,0,1,false
1134,gob_ausentismo_competencia,1,0,1,false
1135,gob_nomina_brecha,1,0,1,false
1136,proc_egresos_licencia,1,0,1,false
1137,proc_ausentismo_curso,1,0,1,false
1138,dash_egresos_cargo_kpi,1,0,1,false
1139,proc_egresos_unidad,1,0,1,false
1140,dlk_beneficios_meta_v1,1,0,1,false
1141,dlk_beneficios_curso_v1,1,0,1,false
1142,gob_formacion_colaborador_v1,1,0,1,false
1143,dlk_seleccion_postulante,1,0,1,false
1144,gob_riesgo_traslado_v1,1,0,1,false
1145,gob_talento_convenio_v1,1,0,1,false
1146,gob_formacion_bono_v2,1,0,1,false
1147,gob_egresos_ingreso_v1,1,0,1,false
1148,dlk_riesgo_beca_v1,1,0,1,false
1149,gob_nomina_indicador_v1,1,0,1,false
1150,dlk_planta_indicador_v1,1,0,1,false
1151,template_cargo_sap,1,1,0,false
1152,dlk_beneficios_colaborador,1,0,1,false
1153,gob_nomina_licencia_v2,1,0,1,false
1154,dlk_capacitacion_egreso_v1,1,0,1,false
1155,gob_capacitacion_meta_v1,1,0,1,false
1156,dlk_ausentismo_centro_costo,1,0,1,false
1157,gob_nomina_antiguedad_v2,1,0,1,false
1158,dlk_ausentismo_traslado,1,0,1,false
1159,gob_talento_colaborador,1,0,1,false
1160,dlk_nomina_incidencia,1,0,1,false
1161,proc_beneficios_competencia,1,0,1,false
1162,gob_talento_brecha,1,0,1,false
1163,proc_formacion_posicion_v1,1,0,1,false
1164,dlk_riesgo_vacante_v1,1,0,1,false
1165,dlk_ausentismo_postulante_v2,1,0,1,false
1166,proc_clima_evaluacion,1,0,1,false
1167,proc_nomina_bono,1,0,1,false
1168,proc_reportabilidad_cargo,1,0,1,false
1169,dash_ausentismo_evaluacion_kpi,1,0,1,false
1170,proc_egresos_sucursal,1,0,1,false
1171,gob_ausentismo_jefatura_v1,1,0,1,false
1172,gob_desempeno_antiguedad,1,0,1,false
1173,dlk_planta_ingreso,1,0,1,false
1174,dlk_planta_curso,1,0,1,false
1175,gob_reportabilidad_centro_costo_v1,1,0,1,false
1176,gob_ausentismo_centro_costo_v1,1,0,1,false
1177,proc_desempeno_competencia,1,0,1,false
1178,gob_ausentismo_unidad_v2,1,0,1,false
1179,gob_ausentismo_licencia_v2,1,0,1,false
1180,gob_ausentismo_evaluacion,1,0,1,false
1181,dash_formacion_incidencia_kpi,1,0,1,false
1182,dlk_desempeno_egreso_v1,1,0,1,false
1183,gob_seleccion_curso,1,0,1,false
1184,gob_egresos_meta_v2,1,0,1,false
1185,proc_movilidad_turno,1,0,1,false
1186,dlk_capacitacion_brecha_v2,1,0,1,false
1187,gob_nomina_alerta,1,0,1,false
1188,gob_nomina_posicion,1,0,1,false
1189,dlk_riesgo_incidencia_v2,1,0,1,false
1190,dlk_clima_postulante,1,0,1,false
1191,dlk_clima_postulante_v1,1,0,1,false
1192,m4bci_region_1_sap,1,1,0,false
1193,dlk_seleccion_alerta,1,0,1,false
1194,gob_beneficios_encuesta,1,0,1,false
1195,proc_egresos_vacante,1,0,1,false
1196,dlk_capacitacion_brecha_v1,1,0,1,false
1197,dlk_diversidad_evaluacion_v2,1,0,1,false
1198,gob_riesgo_brecha,1,0,1,false
1199,gob_reportabilidad_turno_v1,1,0,1,false
1200,gob_riesgo_alerta,1,0,1,false
1201,gob_capacitacion_turno_v1,1,0,1,false
1202,gob_riesgo_evaluacion_v2,1,0,1,false
1203,proc_movilidad_colaborador,1,0,1,false
1204,gob_riesgo_beca_v2,1,0,1,false
1205,proc_diversidad_evaluacion,1,0,1,false
1206,proc_diversidad_brecha,1,0,1,false
1207,gob_riesgo_unidad_v2,1,0,1,false
1208,dlk_riesgo_colaborador_v1,1,0,1,false
1209,proc_nomina_indicador_v1,1,0,1,false
1210,gob_clima_ingreso_v2,1,0,1,false
1211,gob_seleccion_brecha_v1,1,0,1,false
1212,gob_talento_bono_v1,1,0,1,false
1213,gob_capacitacion_ingreso,1,0,1,false
1214,dlk_diversidad_colaborador,1,0,1,false
1215,gob_nomina_unidad,1,0,1,false
1216,gob_movilidad_posicion,1,0,1,false
1217,dash_compensaciones_posicion_kpi,1,0,1,false
1218,gob_beneficios_evaluacion_v1,1,0,1,false
1219,gob_movilidad_incidencia,1,0,1,false
1220,gob_movilidad_indicador,1,0,1,false
1221,dlk_capacitacion_cargo_v2,1,0,1,false
1222,dlk_seleccion_region_v1,1,0,1,false
1223,dlk_riesgo_unidad,1,0,1,false
1224,gob_beneficios_indicador_v1,1,0,1,false
1225,dlk_capacitacion_turno_v2,1,0,1,false
1226,gob_nomina_curso,1,0,1,false
1227,gob_beneficios_vacante_v2,1,0,1,false
1228,proc_planta_sucursal_v1,1,0,1,false
1229,proc_talento_indicador_v1,1,0,1,false
1230,dlk_egresos_convenio_v2,1,0,1,false
1231,dlk_desempeno_meta,1,0,1,false
1232,gob_nomina_antiguedad,1,0,1,false
1233,gob_talento_competencia,1,0,1,false
1234,gob_talento_beca,1,0,1,false
1235,dlk_seleccion_bono,1,0,1,false
1236,dlk_planta_meta,1,0,1,false
1237,gob_egresos_convenio_v2,1,0,1,false
1238,gob_talento_licencia,1,0,1,false
1239,gob_talento_meta_v1,1,0,1,false
1240,proc_seleccion_contrato_v1,1,0,1,false
1241,gob_talento_licencia_v1,1,0,1,false
1242,proc_planta_evaluacion_v1,1,0,1,false
1243,dlk_capacitacion_beca_v1,1,0,1,false
1244,dlk_nomina_sucursal_v1,1,0,1,false
1245,gob_egresos_encuesta_v1,1,0,1,false
1246,dlk_compensaciones_ingreso,1,0,1,false
1247,proc_planta_centro_costo,1,0,1,false
1248,dlk_compensaciones_colaborador_v2,1,0,1,false
1249,bci_vacante_sap,1,1,0,false
1250,dlk_clima_indicador,1,0,1,false
1251,gob_riesgo_bono_v2,1,0,1,false
1252,gob_capacitacion_cargo_v1,1,0,1,false
1253,gob_capacitacion_posicion_v2,1,0,1,false
1254,proc_clima_traslado,1,0,1,false
1255,gob_reportabilidad_brecha_v1,1,0,1,false
1256,gob_capacitacion_brecha_v1,1,0,1,false
1257,gob_capacitacion_evaluacion,1,0,1,false
1258,dlk_riesgo_colaborador_v2,1,0,1,false
1259,dlk_formacion_jefatura,1,0,1,false
1260,dlk_desempeno_jefatura_v2,1,0,1,false
1261,gob_talento_alerta,1,0,1,false
1262,gob_talento_bono,1,0,1,false
1263,bci_unidad_1_sap,1,1,0,false
1264,gob_formacion_alerta_v2,1,0,1,false
1265,dlk_capacitacion_convenio,1,0,1,false
1266,dlk_movilidad_convenio_v1,1,0,1,false
1267,dlk_movilidad_postulante,1,0,1,false
1268,dlk_movilidad_egreso,1,0,1,false
1269,ppn_centro_costo_1_sap,1,1,0,false
1270,dlk_diversidad_convenio,1,0,1,false
1271,dlk_diversidad_egreso,1,0,1,false
1272,dlk_formacion_convenio_v2,1,0,1,false
1273,dlk_desempeno_bono_v1,1,0,1,false
1274,dlk_riesgo_beca_v2,1,0,1,false
1275,dlk_beneficios_competencia_v1,1,0,1,false
1276,dlk_planta_indicador_v2,1,0,1,false
1277,dlk_riesgo_brecha_v2,1,0,1,false
1278,proc_clima_indicador,1,0,1,false
1279,dlk_nomina_region,1,0,1,false
1280,gob_compensaciones_centro_costo_v2,1,0,1,false
1281,dlk_seleccion_brecha_v2,1,0,1,false
1282,gob_egresos_ingreso,1,0,1,false
1283,gob_egresos_brecha_v2,1,0,1,false
1284,gob_egresos_alerta_v1,1,0,1,false
1285,gob_beneficios_unidad,1,0,1,false
1286,dlk_riesgo_jefatura_v2,1,0,1,false
1287,dlk_movilidad_alerta_v2,1,0,1,false
1288,proc_reportabilidad_antiguedad_v1,1,0,1,false
1289,gob_riesgo_alerta_v2,1,0,1,false
1290,gob_riesgo_hora_extra_v2,1,0,1,false
1291,gob_talento_jefatura_v1,1,0,1,false
1292,proc_compensaciones_antiguedad,1,0,1,false
1293,dlk_clima_centro_costo,1,0,1,false
1294,dlk_ausentismo_region,1,0,1,false
1295,proc_beneficios_region,1,0,1,false
1296,dlk_egresos_beca_v1,1,0,1,false
1297,gob_beneficios_antiguedad,1,0,1,false
1298,gob_beneficios_antiguedad_v1,1,0,1,false
1299,proc_seleccion_bono_v1,1,0,1,false
1300,proc_seleccion_region_v1,1,0,1,false
1301,dlk_nomina_ingreso,1,0,1,false
1302,dlk_nomina_curso_v2,1,0,1,false
1303,m4vw_egreso_1_sap,1,1,0,false
1304,gob_talento_postulante_v2,1,0,1,false
1305,dlk_desempeno_traslado_v1,1,0,1,false
1306,gob_ausentismo_antiguedad,1,0,1,false
1307,gob_ausentismo_region_v1,1,0,1,false
1308,gob_riesgo_turno_v2,1,0,1,false
1309,dlk_formacion_evaluacion,1,0,1,false
1310,dlk_formacion_centro_costo,1,0,1,false
1311,dlk_seleccion_region,1,0,1,false
1312,gob_riesgo_evaluacion_v1,1,0,1,false
1313,gob_clima_indicador_v2,1,0,1,false
1314,gob_compensaciones_cargo,1,0,1,false
1315,proc_clima_turno_v1,1,0,1,false
1316,proc_clima_encuesta_v1,1,0,1,false
1317,dlk_nomina_unidad_v1,1,0,1,false
1318,proc_clima_egreso_v1,1,0,1,false
1319,m4vw_incidencia_sap,1,1,0,false
1320,dlk_egresos_region,1,0,1,false
1321,dlk_egresos_competencia_v2,1,0,1,false
1322,dlk_beneficios_egreso_v1,1,0,1,false
1323,dlk_beneficios_ingreso_v2,1,0,1,false
1324,dlk_seleccion_antiguedad_v1,1,0,1,false
1325,dash_capacitacion_incidencia_kpi,1,0,1,false
1326,proc_desempeno_evaluacion,1,0,1,false
1327,dlk_seleccion_hora_extra_v2,1,0,1,false
1328,dlk_seleccion_meta_v1,1,0,1,false
1329,dlk_talento_ingreso,1,0,1,false
1330,proc_ausentismo_contrato_v1,1,0,1,false
1331,proc_ausentismo_sucursal_v1,1,0,1,false
1332,gob_formacion_ingreso,1,0,1,false
1333,std_hr_colaborador_sap,1,1,0,false
1334,gob_ausentismo_colaborador,1,0,1,false
1335,gob_formacion_meta_v2,1,0,1,false
1336,gob_formacion_alerta,1,0,1,false
1337,ppn_unidad_1_sap,1,1,0,false
1338,template_sucursal_sap,1,1,0,false
1339,gob_beneficios_curso_v2,1,0,1,false
1340,proc_capacitacion_meta,1,0,1,false
1341,gob_beneficios_sucursal_v1,1,0,1,false
1342,gob_beneficios_region,1,0,1,false
1343,gob_seleccion_posicion,1,0,1,false
1344,dlk_nomina_traslado,1,0,1,false
1345,dlk_nomina_egreso_v2,1,0,1,false
1346,proc_formacion_brecha_v1,1,0,1,false
1347,proc_formacion_competencia,1,0,1,false
1348,proc_reportabilidad_jefatura_v1,1,0,1,false
1349,dlk_desempeno_turno_v2,1,0,1,false
1350,proc_formacion_convenio_v1,1,0,1,false
1351,dlk_seleccion_postulante_v1,1,0,1,false
1352,dlk_talento_vacante,1,0,1,false
1353,gob_planta_region_v1,1,0,1,false
1354,gob_planta_posicion,1,0,1,false
1355,gob_planta_turno_v2,1,0,1,false
1356,dlk_desempeno_turno,1,0,1,false
1357,dlk_clima_brecha_v2,1,0,1,false
1358,dlk_capacitacion_traslado_v2,1,0,1,false
1359,cci_hora_extra_1_sap,1,1,0,false
1360,dlk_capacitacion_jefatura,1,0,1,false
1361,gob_compensaciones_bono,1,0,1,false
1362,gob_planta_colaborador_v1,1,0,1,false
1363,dlk_movilidad_cargo,1,0,1,false
1364,dlk_beneficios_indicador,1,0,1,false
1365,dlk_planta_vacante,1,0,1,false
1366,dlk_capacitacion_traslado_v1,1,0,1,false
1367,proc_reportabilidad_alerta,1,0,1,false
1368,dlk_riesgo_postulante_v1,1,0,1,false
1369,gob_movilidad_unidad_v1,1,0,1,false
1370,dlk_diversidad_egreso_v2,1,0,1,false
1371,dlk_clima_incidencia,1,0,1,false
1372,proc_reportabilidad_incidencia,1,0,1,false
1373,gob_clima_vacante_v2,1,0,1,false
1374,gob_clima_alerta,1,0,1,false
1375,proc_compensaciones_beca,1,0,1,false
1376,gob_egresos_competencia_v2,1,0,1,false
1377,proc_ausentismo_unidad,1,0,1,false
1378,dlk_planta_jefatura_v2,1,0,1,false
1379,dlk_beneficios_colaborador_v2,1,0,1,false
1380,dlk_beneficios_hora_extra_v2,1,0,1,false
1381,dlk_ausentismo_turno,1,0,1,false
1382,cci_licencia_sap,1,1,0,false
1383,gob_formacion_competencia_v1,1,0,1,false
1384,gob_formacion_licencia_v2,1,0,1,false
1385,dlk_diversidad_postulante_v2,1,0,1,false
1386,gob_formacion_colaborador,1,0,1,false
1387,dlk_desempeno_sucursal_v1,1,0,1,false
1388,dlk_talento_indicador_v1,1,0,1,false
1389,dlk_egresos_bono_v2,1,0,1,false
1390,gob_movilidad_region,1,0,1,false
1391,dlk_egresos_beca,1,0,1,false
1392,dlk_reportabilidad_licencia_v2,1,0,1,false
1393,dlk_diversidad_postulante_v1,1,0,1,false
1394,dlk_reportabilidad_evaluacion_v1,1,0,1,false
1395,dlk_seleccion_indicador_v1,1,0,1,false
1396,dlk_reportabilidad_encuesta_v1,1,0,1,false
1397,dlk_reportabilidad_jefatura,1,0,1,false
1398,gob_movilidad_competencia,1,0,1,false
1399,dlk_reportabilidad_turno_v1,1,0,1,false
1400,gob_compensaciones_colaborador_v1,1,0,1,false
1401,dlk_riesgo_colaborador,1,0,1,false
1402,gob_compensaciones_evaluacion_v1,1,0,1,false
1403,gob_nomina_ingreso_v2,1,0,1,false
1404,gob_diversidad_evaluacion_v2,1,0,1,false
1405,dlk_egresos_posicion_v2,1,0,1,false
1406,dlk_beneficios_bono,1,0,1,false
1407,dlk_seleccion_bono_v2,1,0,1,false
1408,dlk_movilidad_cargo_v1,1,0,1,false
1409,dlk_seleccion_postulante_v2,1,0,1,false
1410,gob_nomina_traslado_v2,1,0,1,false
1411,proc_ausentismo_indicador_v1,1,0,1,false
1412,proc_formacion_contrato_v1,1,0,1,false
1413,proc_formacion_colaborador,1,0,1,false
1414,dlk_riesgo_antiguedad_v2,1,0,1,false
1415,gob_talento_sucursal_v1,1,0,1,false
1416,dlk_planta_ingreso_v1,1,0,1,false
1417,gob_compensaciones_sucursal_v2,1,0,1,false
1418,m4cci_unidad_1_sap,1,1,0,false
1419,dlk_desempeno_bono_v2,1,0,1,false
1420,dlk_desempeno_brecha_v1,1,0,1,false
1421,template_evaluacion_sap,1,1,0,false
1422,proc_riesgo_unidad,1,0,1,false
1423,gob_egresos_evaluacion,1,0,1,false
1424,dlk_beneficios_bono_v1,1,0,1,false
1425,gob_talento_postulante,1,0,1,false
1426,gob_talento_beca_v1,1,0,1,false
1427,gob_talento_competencia_v2,1,0,1,false
1428,dlk_planta_meta_v2,1,0,1,false
1429,gob_egresos_hora_extra_v2,1,0,1,false
1430,gob_formacion_indicador,1,0,1,false
1431,dlk_planta_cargo,1,0,1,false
1432,dlk_planta_encuesta_v1,1,0,1,false
1433,dash_diversidad_posicion_kpi,1,0,1,false
1434,dlk_planta_cargo_v2,1,0,1,false
1435,dlk_capacitacion_region_v2,1,0,1,false
1436,dlk_seleccion_unidad_v2,1,0,1,false
1437,dlk_capacitacion_indicador_v1,1,0,1,false
1438,m4vw_jerarquia_uo_sap,1,1,0,false
1439,m4cci_convenio_sap,1,1,0,false
1440,dlk_movilidad_vacante,1,0,1,false
1441,dlk_movilidad_curso_v2,1,0,1,false
1442,dlk_movilidad_vacante_v1,1,0,1,false
1443,gob_egresos_posicion,1,0,1,false
1444,gob_nomina_egreso,1,0,1,false
1445,gob_riesgo_antiguedad,1,0,1,false
1446,dlk_riesgo_sucursal_v2,1,0,1,false
1447,gob_riesgo_egreso_v2,1,0,1,false
1448,proc_seleccion_alerta,1,0,1,false
1449,gob_riesgo_unidad,1,0,1,false
1450,proc_reportabilidad_indicador_v1,1,0,1,false
1451,proc_reportabilidad_traslado,1,0,1,false
1452,dlk_movilidad_traslado_v1,1,0,1,false
1453,gob_clima_jefatura_v2,1,0,1,false
1454,dlk_capacitacion_region,1,0,1,false
1455,gob_compensaciones_encuesta_v2,1,0,1,false
1456,gob_capacitacion_cargo,1,0,1,false
1457,gob_egresos_colaborador_v2,1,0,1,false
1458,dlk_beneficios_antiguedad_v1,1,0,1,false
1459,dlk_beneficios_postulante,1,0,1,false
1460,dlk_seleccion_meta,1,0,1,false
1461,dlk_seleccion_posicion,1,0,1,false
1462,dlk_nomina_meta,1,0,1,false
1463,dlk_ausentismo_centro_costo_v2,1,0,1,false
1464,dlk_ausentismo_encuesta,1,0,1,false
1465,gob_formacion_bono_v1,1,0,1,false
1466,proc_desempeno_antiguedad_v1,1,0,1,false
1467,gob_formacion_curso_v1,1,0,1,false
1468,gob_formacion_competencia,1,0,1,false
1469,dlk_reportabilidad_incidencia_v1,1,0,1,false
1470,gob_planta_brecha,1,0,1,false
1471,gob_planta_centro_costo_v2,1,0,1,false
1472,gob_clima_vacante,1,0,1,false
1473,gob_planta_alerta,1,0,1,false
1474,proc_capacitacion_postulante,1,0,1,false
1475,proc_capacitacion_competencia,1,0,1,false
1476,gob_compensaciones_turno_v1,1,0,1,false
1477,gob_compensaciones_centro_costo_v1,1,0,1,false
1478,dlk_talento_incidencia_v2,1,0,1,false
1479,dlk_movilidad_unidad,1,0,1,false
1480,dlk_movilidad_jefatura_v1,1,0,1,false
1481,proc_diversidad_vacante,1,0,1,false
1482,gob_formacion_centro_costo_v2,1,0,1,false
1483,gob_planta_indicador,1,0,1,false
1484,gob_movilidad_convenio_v2,1,0,1,false
1485,proc_clima_jefatura_v1,1,0,1,false
1486,proc_talento_sucursal_v1,1,0,1,false
1487,proc_clima_centro_costo_v1,1,0,1,false
1488,m4cci_posicion_2_sap,1,1,0,false
1489,proc_clima_postulante,1,0,1,false
1490,gob_planta_evaluacion_v2,1,0,1,false
1491,proc_clima_brecha,1,0,1,false
1492,gob_compensaciones_hora_extra_v1,1,0,1,false
1493,proc_egresos_evaluacion,1,0,1,false
1494,proc_clima_bono_v1,1,0,1,false
1495,dlk_beneficios_incidencia_v1,1,0,1,false
1496,dlk_beneficios_postulante_v1,1,0,1,false
1497,gob_planta_brecha_v2,1,0,1,false
1498,proc_clima_unidad,1,0,1,false
1499,proc_clima_antiguedad_v1,1,0,1,false
1500,proc_clima_competencia,1,0,1,false
1501,proc_riesgo_curso,1,0,1,false
1502,dlk_compensaciones_region_v1,1,0,1,false
1503,dlk_diversidad_egreso_v1,1,0,1,false
1504,dlk_compensaciones_indicador,1,0,1,false
1505,gob_diversidad_postulante,1,0,1,false
1506,proc_egresos_antiguedad,1,0,1,false
1507,dlk_beneficios_sucursal_v1,1,0,1,false
1508,dlk_beneficios_convenio_v1,1,0,1,false
1509,gob_desempeno_ingreso_v1,1,0,1,false
1510,dlk_beneficios_jefatura_v1,1,0,1,false
1511,dlk_beneficios_colaborador_v1,1,0,1,false
1512,proc_nomina_turno,1,0,1,false
1513,gob_ausentismo_jefatura_v2,1,0,1,false
1514,proc_formacion_postulante_v1,1,0,1,false
1515,proc_formacion_turno,1,0,1,false
1516,proc_formacion_evaluacion_v1,1,0,1,false
1517,gob_desempeno_indicador_v1,1,0,1,false
1518,dlk_clima_antiguedad,1,0,1,false
1519,gob_desempeno_posicion_v1,1,0,1,false
1520,gob_talento_convenio_v2,1,0,1,false
1521,gob_talento_incidencia_v1,1,0,1,false
1522,dlk_clima_convenio_v2,1,0,1,false
1523,gob_riesgo_vacante_v2,1,0,1,false
1524,dlk_desempeno_evaluacion_v2,1,0,1,false
1525,gob_reportabilidad_turno_v2,1,0,1,false
1526,gob_reportabilidad_meta_v1,1,0,1,false
1527,dlk_nomina_antiguedad_v2,1,0,1,false
1528,proc_talento_competencia,1,0,1,false
1529,dlk_clima_alerta,1,0,1,false
1530,gob_nomina_vacante_v1,1,0,1,false
1531,dlk_clima_colaborador_v1,1,0,1,false
1532,dlk_compensaciones_bono,1,0,1,false
1533,m4sco_traslado_1_sap,1,1,0,false
1534,gob_ausentismo_curso_v1,1,0,1,false
1535,gob_riesgo_posicion_v1,1,0,1,false
1536,gob_formacion_unidad,1,0,1,false
1537,gob_clima_beca,1,0,1,false
1538,dlk_beneficios_unidad,1,0,1,false
1539,dlk_beneficios_traslado_v2,1,0,1,false
1540,proc_desempeno_posicion,1,0,1,false
1541,proc_seleccion_brecha_v1,1,0,1,false
1542,proc_seleccion_competencia,1,0,1,false
1543,gob_nomina_indicador,1,0,1,false
1544,gob_nomina_beca,1,0,1,false
1545,gob_nomina_evaluacion_v1,1,0,1,false
1546,proc_egresos_region_v1,1,0,1,false
1547,proc_ausentismo_licencia,1,0,1,false
1548,gob_desempeno_unidad,1,0,1,false
1549,dash_ausentismo_unidad_kpi,1,0,1,false
1550,dash_compensaciones_evaluacion_kpi,1,0,1,false
1551,proc_seleccion_incidencia,1,0,1,false
1552,ppn_incidencia_sap,1,1,0,false
1553,proc_seleccion_brecha,1,0,1,false
1554,proc_seleccion_antiguedad_v1,1,0,1,false
1555,dash_beneficios_unidad_kpi,1,0,1,false
1556,proc_reportabilidad_sucursal,1,0,1,false
1557,gob_ausentismo_competencia_v1,1,0,1,false
1558,proc_formacion_brecha,1,0,1,false
1559,gob_desempeno_convenio_v2,1,0,1,false
1560,dash_capacitacion_jefatura_kpi,1,0,1,false
1561,proc_clima_competencia_v1,1,0,1,false
1562,gob_talento_brecha_v2,1,0,1,false
1563,dlk_capacitacion_ingreso,1,0,1,false
1564,proc_diversidad_contrato_v1,1,0,1,false
1565,dlk_formacion_contrato_v1,1,0,1,false
1566,gob_diversidad_cargo_v2,1,0,1,false
1567,proc_diversidad_unidad_v1,1,0,1,false
1568,proc_diversidad_ingreso,1,0,1,false
1569,dlk_desempeno_evaluacion,1,0,1,false
1570,dlk_beneficios_meta_v2,1,0,1,false
1571,dlk_nomina_indicador,1,0,1,false
1572,ppn_ausentismos_dia,1,0,1,false
1573,proc_diversidad_sucursal_v1,1,0,1,false
1574,dlk_planta_vacante_v2,1,0,1,false
1575,gob_clima_postulante_v2,1,0,1,false
1576,gob_compensaciones_indicador_v2,1,0,1,false
1577,proc_egresos_hora_extra_v1,1,0,1,false
1578,gob_beneficios_contrato_v1,1,0,1,false
1579,gob_beneficios_licencia,1,0,1,false
1580,gob_beneficios_evaluacion,1,0,1,false
1581,dlk_seleccion_ingreso,1,0,1,false
1582,std_lu_indicador_1_sap,1,1,0,false
1583,dlk_planta_indicador,1,0,1,false
1584,proc_nomina_sucursal_v1,1,0,1,false
1585,dlk_nomina_competencia_v2,1,0,1,false
1586,dlk_planta_traslado_v1,1,0,1,false
1587,proc_desempeno_convenio_v1,1,0,1,false
1588,gob_clima_unidad_v2,1,0,1,false
1589,gob_beneficios_turno_v1,1,0,1,false
1590,dlk_reportabilidad_colaborador_v2,1,0,1,false
1591,proc_capacitacion_antiguedad,1,0,1,false
1592,proc_capacitacion_colaborador,1,0,1,false
1593,proc_clima_posicion_v1,1,0,1,false
1594,gob_movilidad_meta_v1,1,0,1,false
1595,std_lu_beca_sap,1,1,0,false
1596,gob_clima_posicion_v2,1,0,1,false
1597,gob_diversidad_meta,1,0,1,false
1598,dlk_formacion_antiguedad_v2,1,0,1,false
1599,gob_diversidad_bono_v2,1,0,1,false
1600,dlk_riesgo_ingreso,1,0,1,false
1601,dlk_desempeno_cargo,1,0,1,false
1602,gob_formacion_antiguedad_v2,1,0,1,false
1603,gob_movilidad_ingreso_v2,1,0,1,false
1604,std_lu_incidencia_1_sap,1,1,0,false
1605,gob_egresos_colaborador_v1,1,0,1,false
1606,proc_seleccion_evaluacion,1,0,1,false
1607,dlk_talento_evaluacion_v1,1,0,1,false
1608,gob_planta_centro_costo_v1,1,0,1,false
1609,gob_planta_meta_v2,1,0,1,false
1610,gob_planta_curso,1,0,1,false
1611,dlk_beneficios_vacante,1,0,1,false
1612,gob_planta_bono,1,0,1,false
1613,gob_reportabilidad_vacante,1,0,1,false
1614,proc_reportabilidad_turno_v1,1,0,1,false
1615,gob_movilidad_postulante_v1,1,0,1,false
1616,gob_reportabilidad_indicador_v1,1,0,1,false
1617,gob_movilidad_contrato_v1,1,0,1,false
1618,proc_egresos_encuesta,1,0,1,false
1619,proc_capacitacion_competencia_v1,1,0,1,false
1620,proc_riesgo_bono,1,0,1,false
1621,dlk_compensaciones_turno_v2,1,0,1,false
1622,dlk_reportabilidad_ingreso,1,0,1,false
1623,dlk_reportabilidad_region_v2,1,0,1,false
1624,m4vw_colaborador_1_sap,1,1,0,false
1625,gob_clima_sucursal,1,0,1,false
1626,gob_formacion_hora_extra_v2,1,0,1,false
1627,dlk_formacion_sucursal,1,0,1,false
1628,dlk_talento_posicion_v2,1,0,1,false
1629,dlk_capacitacion_egreso_v2,1,0,1,false
1630,dlk_nomina_licencia_v2,1,0,1,false
1631,dash_riesgo_jefatura_kpi,1,0,1,false
1632,dlk_talento_evaluacion_v2,1,0,1,false
1633,bci_egreso_sap,1,1,0,false
1634,gob_planta_indicador_v1,1,0,1,false
1635,gob_planta_evaluacion_v1,1,0,1,false
1636,gob_capacitacion_encuesta_v2,1,0,1,false
1637,gob_capacitacion_sucursal,1,0,1,false
1638,dlk_movilidad_incidencia_v1,1,0,1,false
1639,dlk_movilidad_competencia_v1,1,0,1,false
1640,proc_desempeno_indicador,1,0,1,false
1641,gob_diversidad_hora_extra_v1,1,0,1,false
1642,dlk_talento_brecha_v1,1,0,1,false
1643,gob_ausentismo_posicion_v2,1,0,1,false
1644,gob_diversidad_incidencia,1,0,1,false
1645,gob_diversidad_posicion,1,0,1,false
1646,dlk_riesgo_posicion,1,0,1,false
1647,dlk_riesgo_indicador_v2,1,0,1,false
1648,gob_talento_turno_v1,1,0,1,false
1649,proc_desempeno_licencia,1,0,1,false
1650,proc_desempeno_hora_extra,1,0,1,false
1651,proc_reportabilidad_curso_v1,1,0,1,false
1652,gob_egresos_licencia_v1,1,0,1,false
1653,bci_region_1_sap,1,1,0,false
1654,dlk_riesgo_alerta,1,0,1,false
1655,proc_reportabilidad_posicion_v1,1,0,1,false
1656,proc_clima_unidad_v1,1,0,1,false
1657,proc_diversidad_meta,1,0,1,false
1658,m4vw_encuesta_sap,1,1,0,false
1659,dlk_egresos_contrato_v1,1,0,1,false
1660,gob_beneficios_curso,1,0,1,false
1661,dlk_egresos_centro_costo,1,0,1,false
1662,dlk_beneficios_meta,1,0,1,false
1663,dlk_beneficios_competencia,1,0,1,false
1664,dlk_diversidad_competencia,1,0,1,false
1665,cci_contrato_sap,1,1,0,false
1666,gob_formacion_alerta_v1,1,0,1,false
1667,proc_seleccion_unidad,1,0,1,false
1668,proc_seleccion_bono,1,0,1,false
1669,gob_nomina_region,1,0,1,false
1670,gob_ausentismo_beca_v1,1,0,1,false
1671,gob_ausentismo_jefatura,1,0,1,false
1672,dlk_formacion_beca_v2,1,0,1,false
1673,dlk_formacion_hora_extra_v1,1,0,1,false
1674,dlk_formacion_bono,1,0,1,false
1675,dlk_beneficios_contrato_v1,1,0,1,false
1676,proc_desempeno_vacante_v1,1,0,1,false
1677,proc_formacion_curso_v1,1,0,1,false
1678,proc_desempeno_traslado,1,0,1,false
1679,gob_ausentismo_sucursal_v2,1,0,1,false
1680,gob_clima_traslado_v1,1,0,1,false
1681,gob_planta_sucursal_v2,1,0,1,false
1682,dlk_riesgo_licencia_v2,1,0,1,false
1683,dlk_ausentismo_licencia,1,0,1,false
1684,dlk_beneficios_traslado_v1,1,0,1,false
1685,dash_diversidad_contrato_kpi,1,0,1,false
1686,dlk_diversidad_indicador,1,0,1,false
1687,proc_diversidad_postulante_v1,1,0,1,false
1688,gob_desempeno_alerta_v2,1,0,1,false
1689,dlk_compensaciones_cargo_v2,1,0,1,false
1690,dash_clima_evaluacion_kpi,1,0,1,false
1691,dash_planta_contrato_kpi,1,0,1,false
1692,gob_planta_meta,1,0,1,false
1693,dash_movilidad_incidencia_kpi,1,0,1,false
1694,dlk_diversidad_curso_v1,1,0,1,false
1695,dash_ausentismo_posicion_kpi,1,0,1,false
1696,gob_nomina_encuesta_v2,1,0,1,false
1697,gob_planta_alerta_v2,1,0,1,false
1698,dlk_egresos_encuesta_v2,1,0,1,false
1699,dlk_clima_indicador_v2,1,0,1,false
1700,proc_egresos_postulante,1,0,1,false
1701,gob_reportabilidad_competencia_v1,1,0,1,false
1702,dlk_clima_contrato,1,0,1,false
1703,gob_desempeno_incidencia,1,0,1,false
1704,template_incidencia_1_sap,1,1,0,false
1705,gob_movilidad_alerta_v1,1,0,1,false
1706,dlk_ausentismo_turno_v1,1,0,1,false
1707,cci_competencia_sap,1,1,0,false
1708,dlk_compensaciones_encuesta,1,0,1,false
1709,dlk_desempeno_hora_extra_v1,1,0,1,false
1710,dlk_ausentismo_vacante,1,0,1,false
1711,gob_capacitacion_traslado_v1,1,0,1,false
1712,dlk_riesgo_egreso_v2,1,0,1,false
1713,dash_formacion_jefatura_kpi,1,0,1,false
1714,dlk_movilidad_encuesta_v1,1,0,1,false
1715,proc_movilidad_alerta_v1,1,0,1,false
1716,proc_seleccion_evaluacion_v1,1,0,1,false
1717,proc_formacion_cargo_v1,1,0,1,false
1718,gob_ausentismo_licencia_v1,1,0,1,false
1719,gob_ausentismo_colaborador_v2,1,0,1,false
1720,dlk_ausentismo_convenio,1,0,1,false
1721,proc_nomina_brecha_v1,1,0,1,false
1722,dlk_desempeno_traslado_v2,1,0,1,false
1723,gob_clima_evaluacion_v2,1,0,1,false
1724,dlk_nomina_alerta_v2,1,0,1,false
1725,proc_formacion_traslado,1,0,1,false
1726,gob_diversidad_meta_v2,1,0,1,false
1727,proc_nomina_hora_extra,1,0,1,false
1728,dlk_nomina_convenio_v1,1,0,1,false
1729,dlk_compensaciones_contrato,1,0,1,false
1730,dash_talento_jefatura_kpi,1,0,1,false
1731,gob_riesgo_indicador_v2,1,0,1,false
1732,dash_formacion_evaluacion_kpi,1,0,1,false
1733,gob_riesgo_posicion_v2,1,0,1,false
1734,m4vw_indicador_sap,1,1,0,false
1735,gob_riesgo_turno_v1,1,0,1,false
1736,proc_capacitacion_incidencia,1,0,1,false
1737,proc_capacitacion_sucursal_v1,1,0,1,false
1738,dash_talento_contrato_kpi,1,0,1,false
1739,gob_ausentismo_convenio,1,0,1,false
1740,m4cci_traslado_sap,1,1,0,false
1741,dlk_clima_alerta_v2,1,0,1,false
1742,dlk_formacion_beca,1,0,1,false
1743,dlk_movilidad_cargo_v2,1,0,1,false
1744,dlk_ausentismo_contrato_v2,1,0,1,false
1745,gob_movilidad_hora_extra_v2,1,0,1,false
1746,gob_planta_ingreso_v1,1,0,1,false
1747,gob_clima_cargo,1,0,1,false
1748,gob_riesgo_turno,1,0,1,false
1749,proc_seleccion_cargo_v1,1,0,1,false
1750,dash_beneficios_colaborador_kpi,1,0,1,false
1751,dash_formacion_unidad_kpi,1,0,1,false
1752,dash_formacion_cargo_kpi,1,0,1,false
1753,proc_compensaciones_encuesta,1,0,1,false
1754,proc_desempeno_egreso_v1,1,0,1,false
1755,dlk_reportabilidad_brecha_v2,1,0,1,false
1756,gob_formacion_vacante,1,0,1,false
1757,dlk_beneficios_convenio_v2,1,0,1,false
1758,proc_desempeno_incidencia_v1,1,0,1,false
1759,dlk_talento_alerta,1,0,1,false
1760,gob_nomina_cargo_v2,1,0,1,false
1761,gob_capacitacion_region,1,0,1,false
1762,gob_capacitacion_contrato_v1,1,0,1,false
1763,proc_diversidad_competencia_v1,1,0,1,false
1764,gob_clima_bono_v1,1,0,1,false
1765,ppn_licencia_1_sap,1,1,0,false
1766,std_hr_hora_extra_1_sap,1,1,0,false
1767,gob_beneficios_unidad_v1,1,0,1,false
1768,dlk_formacion_alerta,1,0,1,false
1769,dlk_ausentismo_colaborador_v1,1,0,1,false
1770,dash_beneficios_cargo_kpi,1,0,1,false
1771,dlk_seleccion_beca_v1,1,0,1,false
1772,proc_diversidad_meta_v1,1,0,1,false
1773,dlk_beneficios_evaluacion_v2,1,0,1,false
1774,dlk_compensaciones_meta_v2,1,0,1,false
1775,dlk_talento_turno,1,0,1,false
1776,gob_formacion_convenio_v2,1,0,1,false
1777,dlk_beneficios_licencia,1,0,1,false
1778,proc_seleccion_posicion_v1,1,0,1,false
1779,proc_seleccion_indicador_v1,1,0,1,false
1780,dlk_ausentismo_egreso_v1,1,0,1,false
1781,proc_riesgo_indicador,1,0,1,false
1782,dlk_diversidad_turno_v1,1,0,1,false
1783,proc_ausentismo_vacante_v1,1,0,1,false
1784,std_hr_jefatura_sap,1,1,0,false
1785,gob_egresos_posicion_v2,1,0,1,false
1786,dlk_desempeno_alerta_v1,1,0,1,false
1787,gob_nomina_meta,1,0,1,false
1788,gob_riesgo_licencia,1,0,1,false
1789,dash_riesgo_posicion_kpi,1,0,1,false
1790,dash_nomina_contrato_kpi,1,0,1,false
1791,dash_diversidad_colaborador_kpi,1,0,1,false
1792,dash_reportabilidad_posicion_kpi,1,0,1,false
1793,dlk_desempeno_licencia,1,0,1,false
1794,dlk_desempeno_incidencia,1,0,1,false
1795,proc_nomina_postulante_v1,1,0,1,false
1796,dlk_talento_posicion_v1,1,0,1,false
1797,bci_brecha_1_sap,1,1,0,false
1798,gob_nomina_traslado,1,0,1,false
1799,dlk_ausentismo_sucursal_v1,1,0,1,false
1800,proc_formacion_antiguedad,1,0,1,false
1801,dlk_desempeno_egreso_v2,1,0,1,false
1802,dlk_compensaciones_unidad,1,0,1,false
1803,dash_seleccion_unidad_kpi,1,0,1,false
1804,dlk_ausentismo_meta_v2,1,0,1,false
1805,gob_compensaciones_vacante_v1,1,0,1,false
1806,dlk_talento_incidencia_v1,1,0,1,false
1807,gob_capacitacion_cargo_v2,1,0,1,false
1808,gob_clima_hora_extra_v2,1,0,1,false
1809,dash_riesgo_evaluacion_kpi,1,0,1,false
1810,gob_riesgo_indicador,1,0,1,false
1811,gob_capacitacion_convenio_v1,1,0,1,false
1812,gob_desempeno_posicion_v2,1,0,1,false
1813,std_hr_competencia_1_sap,1,1,0,false
1814,dash_reportabilidad_evaluacion_kpi,1,0,1,false
1815,proc_nomina_jefatura_v1,1,0,1,false
1816,dlk_movilidad_brecha,1,0,1,false
1817,gob_capacitacion_bono,1,0,1,false
1818,dash_planta_cargo_kpi,1,0,1,false
1819,dash_capacitacion_contrato_kpi,1,0,1,false
1820,proc_reportabilidad_colaborador,1,0,1,false
1821,dash_nomina_colaborador_kpi,1,0,1,false
1822,proc_egresos_cargo_v1,1,0,1,false
1823,gob_seleccion_incidencia_v1,1,0,1,false
1824,gob_nomina_vacante_v2,1,0,1,false
1825,gob_clima_hora_extra,1,0,1,false
1826,proc_seleccion_turno,1,0,1,false
1827,gob_ausentismo_indicador,1,0,1,false
1828,gob_talento_hora_extra_v1,1,0,1,false
1829,dlk_formacion_traslado_v1,1,0,1,false
1830,proc_beneficios_turno,1,0,1,false
1831,gob_desempeno_antiguedad_v2,1,0,1,false
1832,dash_movilidad_jefatura_kpi,1,0,1,false
1833,gob_riesgo_egreso,1,0,1,false
1834,dlk_riesgo_jefatura_v1,1,0,1,false
1835,gob_beneficios_jefatura_v2,1,0,1,false
1836,dash_seleccion_cargo_kpi,1,0,1,false
1837,dash_diversidad_jefatura_kpi,1,0,1,false
1838,proc_diversidad_egreso_v1,1,0,1,false
1839,gob_nomina_encuesta_v1,1,0,1,false
1840,gob_beneficios_jefatura_v1,1,0,1,false
1841,proc_reportabilidad_region,1,0,1,false
1842,gob_desempeno_turno,1,0,1,false
1843,dlk_talento_traslado_v1,1,0,1,false
1844,dash_clima_incidencia_kpi,1,0,1,false
1845,gob_seleccion_postulante_v2,1,0,1,false
1846,proc_movilidad_sucursal,1,0,1,false
1847,dlk_desempeno_antiguedad_v1,1,0,1,false
1848,gob_riesgo_ingreso,1,0,1,false
1849,dlk_planta_antiguedad_v2,1,0,1,false
1850,proc_riesgo_centro_costo,1,0,1,false
1851,proc_seleccion_antiguedad,1,0,1,false
1852,proc_movilidad_curso_v1,1,0,1,false
1853,dash_diversidad_incidencia_kpi,1,0,1,false
1854,proc_beneficios_licencia_v1,1,0,1,false
1855,dlk_diversidad_ingreso,1,0,1,false
1856,gob_reportabilidad_cargo_v2,1,0,1,false
1857,m4bci_vacante_sap,1,1,0,false
1858,gob_beneficios_meta_v1,1,0,1,false
1859,gob_desempeno_posicion,1,0,1,false
1860,dlk_nomina_antiguedad,1,0,1,false
1861,dash_capacitacion_colaborador_kpi,1,0,1,false
1862,proc_clima_centro_costo,1,0,1,false
1863,gob_nomina_competencia_v2,1,0,1,false
1864,dlk_nomina_postulante,1,0,1,false
1865,m4vw_jefatura_sap,1,1,0,false
1866,proc_capacitacion_unidad_v1,1,0,1,false
1867,dlk_seleccion_incidencia_v2,1,0,1,false
1868,proc_reportabilidad_meta,1,0,1,false
1869,proc_egresos_indicador_v1,1,0,1,false
1870,dash_nomina_cargo_kpi,1,0,1,false
1871,dlk_clima_convenio,1,0,1,false
1872,proc_diversidad_jefatura_v1,1,0,1,false
1873,gob_diversidad_hora_extra_v2,1,0,1,false
1874,dlk_egresos_incidencia,1,0,1,false
1875,gob_seleccion_alerta,1,0,1,false
1876,gob_movilidad_bono_v2,1,0,1,false
1877,gob_planta_egreso_v1,1,0,1,false
1878,gob_diversidad_jefatura_v2,1,0,1,false
1879,gob_diversidad_beca,1,0,1,false
1880,proc_movilidad_traslado_v1,1,0,1,false
1881,proc_movilidad_antiguedad,1,0,1,false
1882,proc_movilidad_cargo_v1,1,0,1,false
1883,proc_movilidad_posicion_v1,1,0,1,false
1884,proc_capacitacion_alerta,1,0,1,false
1885,proc_capacitacion_posicion_v1,1,0,1,false
1886,gob_planta_incidencia,1,0,1,false
1887,gob_planta_colaborador,1,0,1,false
1888,gob_planta_jefatura,1,0,1,false
1889,gob_planta_colaborador_v2,1,0,1,false
1890,gob_diversidad_vacante_v1,1,0,1,false
1891,gob_planta_contrato_v2,1,0,1,false
1892,template_region_1_sap,1,1,0,false
1893,dlk_talento_colaborador,1,0,1,false
1894,dlk_talento_colaborador_v2,1,0,1,false
1895,dlk_talento_region_v1,1,0,1,false
1896,gob_desempeno_postulante_v1,1,0,1,false
1897,gob_desempeno_evaluacion_v1,1,0,1,false
1898,gob_desempeno_traslado_v1,1,0,1,false
1899,gob_desempeno_bono_v1,1,0,1,false
1900,gob_desempeno_sucursal_v2,1,0,1,false
1901,gob_desempeno_indicador,1,0,1,false
1902,dlk_formacion_colaborador_v2,1,0,1,false
1903,gob_riesgo_jefatura_v1,1,0,1,false
1904,proc_desempeno_brecha_v1,1,0,1,false
1905,proc_seleccion_postulante,1,0,1,false
1906,dlk_desempeno_antiguedad_v2,1,0,1,false
1907,m4cci_curso_sap,1,1,0,false
1908,gob_movilidad_cargo,1,0,1,false
1909,gob_capacitacion_incidencia,1,0,1,false
1910,dlk_desempeno_brecha,1,0,1,false
1911,dlk_formacion_sucursal_v1,1,0,1,false
1912,gob_egresos_vacante,1,0,1,false
1913,gob_diversidad_ingreso_v1,1,0,1,false
1914,dlk_formacion_encuesta,1,0,1,false
1915,gob_formacion_posicion,1,0,1,false
1916,proc_desempeno_contrato_v1,1,0,1,false
1917,dlk_formacion_turno,1,0,1,false
1918,dlk_ausentismo_turno_v2,1,0,1,false
1919,dlk_nomina_alerta_v1,1,0,1,false
1920,dlk_clima_incidencia_v2,1,0,1,false
1921,dlk_capacitacion_contrato_v1,1,0,1,false
1922,dlk_clima_unidad_v1,1,0,1,false
1923,gob_riesgo_cargo_v1,1,0,1,false
1924,dash_talento_colaborador_kpi,1,0,1,false
1925,dlk_riesgo_curso,1,0,1,false
1926,gob_diversidad_evaluacion,1,0,1,false
1927,proc_planta_alerta,1,0,1,false
1928,gob_reportabilidad_postulante_v2,1,0,1,false
1929,gob_reportabilidad_centro_costo_v2,1,0,1,false
1930,m4sco_egreso_sap,1,1,0,false
1931,dlk_riesgo_contrato_v1,1,0,1,false
1932,dlk_riesgo_turno,1,0,1,false
1933,dlk_riesgo_centro_costo,1,0,1,false
1934,gob_diversidad_region_v1,1,0,1,false
1935,proc_movilidad_cargo,1,0,1,false
1936,gob_capacitacion_indicador_v2,1,0,1,false
1937,gob_capacitacion_centro_costo_v1,1,0,1,false
1938,gob_capacitacion_posicion,1,0,1,false
1939,gob_capacitacion_postulante_v1,1,0,1,false
1940,gob_reportabilidad_alerta_v2,1,0,1,false
1941,proc_planta_brecha,1,0,1,false
1942,proc_planta_egreso_v1,1,0,1,false
1943,proc_planta_contrato,1,0,1,false
1944,proc_planta_ingreso_v1,1,0,1,false
1945,ppn_brecha_sap,1,1,0,false
1946,dlk_desempeno_egreso,1,0,1,false
1947,dlk_desempeno_posicion_v1,1,0,1,false
1948,dlk_desempeno_encuesta,1,0,1,false
1949,dlk_desempeno_competencia_v1,1,0,1,false
1950,dlk_desempeno_alerta,1,0,1,false
1951,dlk_formacion_competencia_v2,1,0,1,false
1952,gob_beneficios_hora_extra_v1,1,0,1,false
1953,gob_formacion_posicion_v1,1,0,1,false
1954,gob_formacion_ingreso_v1,1,0,1,false
1955,dlk_ausentismo_alerta_v1,1,0,1,false
1956,dlk_ausentismo_postulante_v1,1,0,1,false
1957,dlk_ausentismo_bono_v1,1,0,1,false
1958,dlk_ausentismo_beca_v2,1,0,1,false
1959,proc_nomina_colaborador_v1,1,0,1,false
1960,proc_nomina_convenio_v1,1,0,1,false
1961,gob_seleccion_centro_costo,1,0,1,false
1962,gob_seleccion_colaborador_v1,1,0,1,false
1963,gob_seleccion_contrato_v2,1,0,1,false
1964,dlk_diversidad_contrato_v2,1,0,1,false
1965,gob_beneficios_contrato,1,0,1,false
1966,gob_beneficios_hora_extra_v2,1,0,1,false
1967,gob_beneficios_bono,1,0,1,false
1968,gob_egresos_egreso,1,0,1,false
1969,gob_egresos_unidad_v2,1,0,1,false
1970,gob_egresos_convenio,1,0,1,false
1971,gob_egresos_meta,1,0,1,false
1972,gob_clima_contrato_v2,1,0,1,false
1973,gob_clima_sucursal_v1,1,0,1,false
1974,gob_clima_evaluacion_v1,1,0,1,false
1975,gob_clima_encuesta,1,0,1,false
1976,gob_capacitacion_brecha,1,0,1,false
1977,dlk_ausentismo_antiguedad,1,0,1,false
1978,dlk_clima_traslado,1,0,1,false
1979,gob_seleccion_bono_v2,1,0,1,false
1980,dlk_clima_meta_v1,1,0,1,false
1981,dash_seleccion_jefatura_kpi,1,0,1,false
1982,proc_egresos_colaborador,1,0,1,false
1983,proc_riesgo_region,1,0,1,false
1984,gob_clima_posicion,1,0,1,false
1985,dlk_reportabilidad_sucursal_v1,1,0,1,false
1986,proc_diversidad_turno,1,0,1,false
1987,proc_diversidad_region,1,0,1,false
1988,proc_diversidad_turno_v1,1,0,1,false
1989,template_centro_costo_sap,1,1,0,false
1990,dlk_compensaciones_beca_v2,1,0,1,false
1991,proc_desempeno_egreso,1,0,1,false
1992,proc_desempeno_bono_v1,1,0,1,false
1993,proc_formacion_encuesta,1,0,1,false
1994,dash_reportabilidad_jefatura_kpi,1,0,1,false
1995,bci_turno_sap,1,1,0,false
1996,proc_ausentismo_competencia,1,0,1,false
1997,gob_riesgo_vacante_v1,1,0,1,false
1998,dlk_planta_posicion_v2,1,0,1,false
1999,proc_movilidad_jefatura,1,0,1,false
2000,gob_nomina_posicion_v1,1,0,1,false
2001,gob_capacitacion_evaluacion_v1,1,0,1,false
2002,dlk_movilidad_meta_v2,1,0,1,false
2003,proc_clima_egreso,1,0,1,false
2004,proc_formacion_egreso,1,0,1,false
2005,gob_reportabilidad_meta_v2,1,0,1,false
2006,dlk_riesgo_encuesta_v2,1,0,1,false
2007,std_hr_licencia_1_sap,1,1,0,false
2008,gob_diversidad_competencia_v1,1,0,1,false
2009,dlk_seleccion_traslado_v1,1,0,1,false
2010,proc_egresos_egreso_v1,1,0,1,false
2011,dlk_diversidad_incidencia,1,0,1,false
2012,gob_ausentismo_postulante,1,0,1,false
2013,gob_capacitacion_alerta,1,0,1,false
2014,dash_desempeno_posicion_kpi,1,0,1,false
2015,proc_clima_bono,1,0,1,false
2016,gob_capacitacion_convenio_v2,1,0,1,false
2017,gob_ausentismo_encuesta,1,0,1,false
2018,dlk_clima_antiguedad_v1,1,0,1,false
2019,gob_desempeno_egreso,1,0,1,false
2020,dash_formacion_contrato_kpi,1,0,1,false
2021,ppn_unidad_sap,1,1,0,false
2022,std_hr_vacante_sap,1,1,0,false
2023,proc_diversidad_posicion_v1,1,0,1,false
2024,std_hr_sucursal_1_sap,1,1,0,false
2025,gob_talento_egreso_v2,1,0,1,false
2026,dlk_planta_beca,1,0,1,false
2027,proc_movilidad_region_v1,1,0,1,false
2028,dash_seleccion_posicion_kpi,1,0,1,false
2029,gob_riesgo_unidad_v1,1,0,1,false
2030,dash_ausentismo_cargo_kpi,1,0,1,false
2031,gob_capacitacion_indicador,1,0,1,false
2032,gob_capacitacion_meta_v2,1,0,1,false
2033,gob_capacitacion_jefatura,1,0,1,false
2034,gob_diversidad_postulante_v1,1,0,1,false
2035,proc_talento_beca,1,0,1,false
2036,dlk_compensaciones_contrato_v2,1,0,1,false
2037,gob_compensaciones_licencia_v2,1,0,1,false
2038,ppn_licencia_sap,1,1,0,false
2039,dlk_compensaciones_unidad_v1,1,0,1,false
2040,proc_riesgo_meta_v1,1,0,1,false
2041,dlk_seleccion_competencia_v1,1,0,1,false
2042,dlk_nomina_contrato,1,0,1,false
2043,gob_egresos_turno,1,0,1,false
2044,gob_reportabilidad_bono_v1,1,0,1,false
2045,gob_egresos_indicador,1,0,1,false
2046,proc_talento_contrato,1,0,1,false
2047,std_lu_posicion_1_sap,1,1,0,false
2048,gob_capacitacion_unidad,1,0,1,false
2049,proc_riesgo_licencia_v1,1,0,1,false
2050,proc_riesgo_contrato,1,0,1,false
2051,dlk_riesgo_bono_v1,1,0,1,false
2052,dlk_formacion_licencia,1,0,1,false
2053,proc_ausentismo_egreso,1,0,1,false
2054,proc_egresos_cargo,1,0,1,false
2055,m4sco_jefatura_2_sap,1,1,0,false
2056,gob_diversidad_egreso,1,0,1,false
2057,gob_egresos_cargo,1,0,1,false
2058,dlk_clima_vacante,1,0,1,false
2059,dlk_compensaciones_meta,1,0,1,false
2060,gob_capacitacion_brecha_v2,1,0,1,false
2061,gob_egresos_contrato,1,0,1,false
2062,gob_compensaciones_bono_v1,1,0,1,false
2063,dlk_diversidad_jefatura,1,0,1,false
2064,m4bci_posicion_2_sap,1,1,0,false
2065,gob_compensaciones_jefatura_v1,1,0,1,false
2066,dlk_diversidad_cargo_v2,1,0,1,false
2067,gob_capacitacion_egreso_v2,1,0,1,false
2068,gob_planta_competencia_v2,1,0,1,false
2069,gob_talento_antiguedad,1,0,1,false
2070,proc_talento_sucursal,1,0,1,false
2071,gob_nomina_licencia,1,0,1,false
2072,dlk_desempeno_alerta_v2,1,0,1,false
2073,dlk_talento_sucursal_v2,1,0,1,false
2074,dlk_ausentismo_egreso_v2,1,0,1,false
2075,gob_planta_sucursal_v1,1,0,1,false
2076,proc_ausentismo_vacante,1,0,1,false
2077,std_hr_posicion_2_sap,1,1,0,false
2078,dash_ausentismo_contrato_kpi,1,0,1,false
2079,gob_capacitacion_vacante,1,0,1,false
2080,gob_clima_colaborador,1,0,1,false
2081,proc_desempeno_brecha,1,0,1,false
2082,gob_desempeno_evaluacion_v2,1,0,1,false
2083,proc_desempeno_postulante,1,0,1,false
2084,proc_egresos_jefatura_v1,1,0,1,false
2085,proc_desempeno_turno,1,0,1,false
2086,proc_ausentismo_cargo_v1,1,0,1,false
2087,dash_desempeno_cargo_kpi,1,0,1,false
2088,proc_capacitacion_beca,1,0,1,false
2089,gob_planta_contrato,1,0,1,false
2090,proc_talento_jefatura,1,0,1,false
2091,gob_compensaciones_hora_extra_v2,1,0,1,false
2092,gob_planta_ingreso_v2,1,0,1,false
2093,gob_capacitacion_licencia_v2,1,0,1,false
2094,gob_desempeno_indicador_v2,1,0,1,false
2095,gob_diversidad_curso_v1,1,0,1,false
2096,ppn_jefatura_1_sap,1,1,0,false
2097,gob_capacitacion_hora_extra_v1,1,0,1,false
2098,dash_movilidad_posicion_kpi,1,0,1,false
2099,dash_movilidad_colaborador_kpi,1,0,1,false
2100,proc_nomina_cargo_v1,1,0,1,false
2101,proc_movilidad_incidencia_v1,1,0,1,false
2102,std_lu_postulante_1_sap,1,1,0,false
2103,m4vw_competencia_1_sap,1,1,0,false
2104,dash_clima_jefatura_kpi,1,0,1,false
2105,dash_reportabilidad_unidad_kpi,1,0,1,false
2106,dlk_clima_posicion_v2,1,0,1,false
2107,gob_diversidad_convenio_v1,1,0,1,false
2108,dlk_reportabilidad_alerta,1,0,1,false
2109,dlk_ausentismo_traslado_v1,1,0,1,false
2110,gob_clima_cargo_v2,1,0,1,false
2111,proc_reportabilidad_hora_extra,1,0,1,false
2112,dlk_desempeno_encuesta_v1,1,0,1,false
2113,dlk_egresos_cargo_v1,1,0,1,false
2114,gob_ausentismo_postulante_v2,1,0,1,false
2115,gob_diversidad_egreso_v1,1,0,1,false
2116,dash_diversidad_cargo_kpi,1,0,1,false
2117,dash_riesgo_incidencia_kpi,1,0,1,false
2118,gob_riesgo_postulante_v2,1,0,1,false
2119,dlk_nomina_contrato_v1,1,0,1,false
2120,dash_desempeno_evaluacion_kpi,1,0,1,false
2121,dash_egresos_jefatura_kpi,1,0,1,false
2122,dlk_compensaciones_posicion_v2,1,0,1,false
2123,proc_seleccion_jefatura_v1,1,0,1,false
2124,dash_ausentismo_colaborador_kpi,1,0,1,false
2125,dlk_ausentismo_posicion_v1,1,0,1,false
2126,proc_desempeno_centro_costo,1,0,1,false
2127,proc_seleccion_centro_costo_v1,1,0,1,false
2128,dash_compensaciones_contrato_kpi,1,0,1,false
2129,dash_compensaciones_cargo_kpi,1,0,1,false
2130,dash_compensaciones_colaborador_kpi,1,0,1,false
2131,proc_movilidad_region,1,0,1,false
2132,cci_cargo_sap,1,1,0,false
2133,dlk_riesgo_postulante_v2,1,0,1,false
2134,dlk_talento_turno_v1,1,0,1,false
2135,gob_movilidad_evaluacion_v1,1,0,1,false
2136,gob_capacitacion_curso,1,0,1,false
2137,gob_nomina_sucursal_v1,1,0,1,false
2138,proc_seleccion_vacante,1,0,1,false
2139,gob_capacitacion_sucursal_v1,1,0,1,false
2140,gob_reportabilidad_convenio_v2,1,0,1,false
2141,gob_beneficios_competencia,1,0,1,false
2142,dash_egresos_posicion_kpi,1,0,1,false
2143,m4cci_posicion_1_sap,1,1,0,false
2144,proc_ausentismo_jefatura_v1,1,0,1,false
2145,dlk_diversidad_brecha,1,0,1,false
2146,dash_reportabilidad_incidencia_kpi,1,0,1,false
2147,gob_egresos_encuesta_v2,1,0,1,false
2148,dash_planta_evaluacion_kpi,1,0,1,false
2149,proc_formacion_ingreso_v1,1,0,1,false
2150,proc_movilidad_meta,1,0,1,false
2151,proc_clima_vacante,1,0,1,false
2152,proc_egresos_bono,1,0,1,false
2153,dlk_egresos_traslado_v2,1,0,1,false
2154,dlk_compensaciones_sucursal_v1,1,0,1,false
2155,dlk_capacitacion_turno,1,0,1,false
2156,dash_capacitacion_posicion_kpi,1,0,1,false
2157,dash_desempeno_contrato_kpi,1,0,1,false
2158,gob_nomina_competencia,1,0,1,false
2159,dlk_formacion_cargo,1,0,1,false
2160,gob_ausentismo_posicion,1,0,1,false
2161,dlk_compensaciones_curso,1,0,1,false
2162,ppn_colaborador_2_sap,1,1,0,false
2163,dash_riesgo_contrato_kpi,1,0,1,false
2164,gob_egresos_brecha,1,0,1,false
2165,dash_clima_cargo_kpi,1,0,1,false
2166,dash_nomina_evaluacion_kpi,1,0,1,false
2167,proc_talento_unidad,1,0,1,false
2168,gob_talento_hora_extra,1,0,1,false
2169,dash_desempeno_incidencia_kpi,1,0,1,false
2170,gob_egresos_jefatura_v2,1,0,1,false
2171,dlk_compensaciones_incidencia,1,0,1,false
2172,proc_reportabilidad_alerta_v1,1,0,1,false
2173,dlk_ausentismo_ingreso,1,0,1,false
2174,proc_clima_ingreso,1,0,1,false
2175,gob_desempeno_vacante_v2,1,0,1,false
2176,gob_egresos_region,1,0,1,false
2177,gob_desempeno_incidencia_v2,1,0,1,false
2178,dlk_desempeno_hora_extra,1,0,1,false
2179,proc_talento_convenio_v1,1,0,1,false
2180,proc_capacitacion_turno_v1,1,0,1,false
2181,gob_planta_traslado_v2,1,0,1,false
2182,gob_planta_convenio_v1,1,0,1,false
2183,dlk_riesgo_centro_costo_v2,1,0,1,false
2184,dlk_egresos_indicador_v1,1,0,1,false
2185,dlk_desempeno_region_v2,1,0,1,false
2186,dlk_movilidad_region,1,0,1,false
2187,proc_ausentismo_bono,1,0,1,false
2188,dlk_desempeno_ingreso_v2,1,0,1,false
2189,dash_egresos_incidencia_kpi,1,0,1,false
2190,dlk_movilidad_beca_v2,1,0,1,false
2191,dlk_diversidad_turno_v2,1,0,1,false
2192,dlk_riesgo_region,1,0,1,false
2193,gob_talento_bono_v2,1,0,1,false
2194,dlk_riesgo_traslado_v2,1,0,1,false
2195,gob_movilidad_egreso,1,0,1,false
2196,dlk_compensaciones_indicador_v2,1,0,1,false
2197,gob_ausentismo_contrato,1,0,1,false
2198,proc_reportabilidad_brecha_v1,1,0,1,false
2199,gob_nomina_region_v1,1,0,1,false
2200,gob_clima_bono,1,0,1,false
2201,dlk_seleccion_hora_extra,1,0,1,false
2202,dlk_ausentismo_vacante_v1,1,0,1,false
2203,gob_clima_incidencia,1,0,1,false
2204,proc_compensaciones_brecha,1,0,1,false
2205,proc_reportabilidad_unidad_v1,1,0,1,false
2206,proc_egresos_alerta,1,0,1,false
2207,dlk_diversidad_centro_costo,1,0,1,false
2208,proc_egresos_beca_v1,1,0,1,false
2209,proc_egresos_antiguedad_v1,1,0,1,false
2210,gob_beneficios_vacante_v1,1,0,1,false
2211,proc_reportabilidad_antiguedad,1,0,1,false
2212,gob_clima_indicador_v1,1,0,1,false
2213,gob_desempeno_centro_costo_v1,1,0,1,false
2214,dlk_clima_licencia_v1,1,0,1,false
2215,dlk_seleccion_encuesta_v2,1,0,1,false
2216,proc_capacitacion_licencia_v1,1,0,1,false
2217,dlk_riesgo_contrato_v2,1,0,1,false
2218,gob_seleccion_ingreso,1,0,1,false
2219,dlk_desempeno_hora_extra_v2,1,0,1,false
2220,dash_compensaciones_jefatura_kpi,1,0,1,false
2221,gob_nomina_curso_v2,1,0,1,false
2222,cci_altas_futuras_sap,1,1,0,false
2223,gob_formacion_incidencia_v2,1,0,1,false
2224,dlk_desempeno_ingreso_v1,1,0,1,false
2225,gob_nomina_licencia_v1,1,0,1,false
2226,gob_nomina_centro_costo_v2,1,0,1,false
2227,proc_nomina_centro_costo_v1,1,0,1,false
2228,dlk_ausentismo_antiguedad_v2,1,0,1,false
2229,dlk_riesgo_turno_v2,1,0,1,false
2230,dlk_diversidad_brecha_v2,1,0,1,false
2231,gob_formacion_posicion_v2,1,0,1,false
2232,dlk_formacion_region_v1,1,0,1,false
2233,proc_seleccion_unidad_v1,1,0,1,false
2234,bci_antiguedad_sap,1,1,0,false
2235,m4bci_colaborador_1_sap,1,1,0,false
2236,proc_seleccion_licencia,1,0,1,false
2237,dash_movilidad_unidad_kpi,1,0,1,false
2238,gob_clima_ingreso,1,0,1,false
2239,dlk_desempeno_centro_costo_v1,1,0,1,false
2240,dlk_reportabilidad_evaluacion_v2,1,0,1,false
2241,proc_clima_antiguedad,1,0,1,false
2242,dlk_capacitacion_sucursal,1,0,1,false
2243,proc_seleccion_ingreso_v1,1,0,1,false
2244,dlk_talento_convenio,1,0,1,false
2245,gob_desempeno_beca,1,0,1,false
2246,gob_planta_hora_extra,1,0,1,false
2247,gob_formacion_incidencia,1,0,1,false
2248,gob_beneficios_traslado_v1,1,0,1,false
2249,proc_egresos_convenio,1,0,1,false
2250,gob_clima_convenio,1,0,1,false
2251,dlk_compensaciones_indicador_v1,1,0,1,false
2252,ppn_encuesta_1_sap,1,1,0,false
2253,dash_egresos_contrato_kpi,1,0,1,false
2254,dlk_nomina_unidad,1,0,1,false
2255,gob_beneficios_competencia_v1,1,0,1,false
2256,gob_beneficios_egreso,1,0,1,false
2257,gob_talento_convenio,1,0,1,false
2258,dlk_egresos_curso,1,0,1,false
2259,gob_beneficios_evaluacion_v2,1,0,1,false
2260,dlk_planta_postulante_v1,1,0,1,false
2261,dash_planta_posicion_kpi,1,0,1,false
2262,gob_beneficios_contrato_v2,1,0,1,false
2263,gob_ausentismo_traslado_v1,1,0,1,false
2264,gob_diversidad_antiguedad,1,0,1,false
2265,dlk_seleccion_licencia_v2,1,0,1,false
2266,dlk_planta_hora_extra_v1,1,0,1,false
2267,gob_movilidad_region_v1,1,0,1,false
2268,proc_seleccion_hora_extra_v1,1,0,1,false
2269,gob_nomina_hora_extra,1,0,1,false
2270,dlk_diversidad_vacante,1,0,1,false
2271,proc_beneficios_encuesta,1,0,1,false
2272,gob_nomina_jefatura_v2,1,0,1,false
2273,dash_capacitacion_unidad_kpi,1,0,1,false
2274,dlk_ausentismo_egreso,1,0,1,false
2275,dlk_seleccion_curso,1,0,1,false
2276,gob_capacitacion_beca_v2,1,0,1,false
2277,dlk_riesgo_beca,1,0,1,false
2278,dlk_formacion_evaluacion_v1,1,0,1,false
2279,gob_capacitacion_sucursal_v2,1,0,1,false
2280,dash_beneficios_incidencia_kpi,1,0,1,false
2281,m4cci_indicador_sap,1,1,0,false
2282,proc_clima_colaborador,1,0,1,false
2283,gob_seleccion_egreso_v2,1,0,1,false
2284,gob_capacitacion_antiguedad_v1,1,0,1,false
2285,m4bci_alerta_sap,1,1,0,false
2286,dlk_diversidad_jefatura_v2,1,0,1,false
2287,proc_reportabilidad_incidencia_v1,1,0,1,false
2288,proc_diversidad_posicion,1,0,1,false
2289,dash_beneficios_posicion_kpi,1,0,1,false
2290,gob_talento_contrato_v2,1,0,1,false
2291,gob_movilidad_alerta,1,0,1,false
2292,proc_clima_beca,1,0,1,false
2293,dash_desempeno_unidad_kpi,1,0,1,false
2294,gob_talento_unidad_v1,1,0,1,false
2295,dash_diversidad_unidad_kpi,1,0,1,false
2296,gob_riesgo_bono,1,0,1,false
2297,dlk_capacitacion_posicion_v1,1,0,1,false
2298,m4bci_competencia_sap,1,1,0,false
2299,dash_talento_evaluacion_kpi,1,0,1,false
2300,std_lu_antiguedad_1_sap,1,1,0,false
2301,proc_clima_posicion,1,0,1,false
2302,dlk_talento_ingreso_v1,1,0,1,false
2303,proc_capacitacion_centro_costo_v1,1,0,1,false
2304,proc_seleccion_curso,1,0,1,false
2305,dlk_compensaciones_posicion_v1,1,0,1,false
2306,gob_egresos_curso,1,0,1,false
2307,dash_reportabilidad_cargo_kpi,1,0,1,false
2308,dlk_seleccion_vacante,1,0,1,false
2309,gob_talento_evaluacion_v1,1,0,1,false
2310,dash_clima_contrato_kpi,1,0,1,false
2311,proc_nomina_posicion_v1,1,0,1,false
2312,gob_clima_cargo_v1,1,0,1,false
2313,dlk_beneficios_region_v2,1,0,1,false
2314,dash_beneficios_evaluacion_kpi,1,0,1,false
2315,dlk_seleccion_alerta_v1,1,0,1,false
2316,gob_egresos_hora_extra,1,0,1,false
2317,dlk_egresos_licencia_v1,1,0,1,false
2318,gob_beneficios_unidad_v2,1,0,1,false
2319,proc_nomina_traslado_v1,1,0,1,false
2320,dash_nomina_unidad_kpi,1,0,1,false
2321,ppn_colaborador_sap,1,1,0,false
2322,dash_capacitacion_evaluacion_kpi,1,0,1,false
2323,dash_planta_unidad_kpi,1,0,1,false
2324,proc_diversidad_sucursal,1,0,1,false
2325,gob_seleccion_incidencia_v2,1,0,1,false
2326,gob_clima_alerta_v2,1,0,1,false
2327,proc_egresos_brecha_v1,1,0,1,false
2328,dash_movilidad_cargo_kpi,1,0,1,false
2329,dash_reportabilidad_contrato_kpi,1,0,1,false
2330,dash_seleccion_colaborador_kpi,1,0,1,false
2331,dlk_capacitacion_incidencia_v2,1,0,1,false
2332,proc_compensaciones_turno,1,0,1,false
2333,dlk_ausentismo_antiguedad_v1,1,0,1,false
2334,dlk_beneficios_indicador_v1,1,0,1,false
2335,proc_desempeno_hora_extra_v1,1,0,1,false
2336,proc_seleccion_region,1,0,1,false
2337,dlk_formacion_beca_v1,1,0,1,false
2338,gob_nomina_convenio_v2,1,0,1,false
2339,gob_planta_posicion_v1,1,0,1,false
2340,proc_clima_licencia,1,0,1,false
2341,dlk_nomina_licencia,1,0,1,false
2342,gob_egresos_antiguedad,1,0,1,false
2343,gob_egresos_traslado_v2,1,0,1,false
2344,gob_riesgo_meta_v2,1,0,1,false
2345,gob_ausentismo_vacante,1,0,1,false
2346,proc_desempeno_cargo_v1,1,0,1,false
2347,gob_formacion_indicador_v2,1,0,1,false
2348,m4bci_region_sap,1,1,0,false
2349,dash_planta_incidencia_kpi,1,0,1,false
2350,proc_movilidad_brecha,1,0,1,false
2351,gob_egresos_region_v2,1,0,1,false
2352,proc_ausentismo_centro_costo,1,0,1,false
2353,proc_movilidad_antiguedad_v1,1,0,1,false
2354,gob_capacitacion_colaborador_v1,1,0,1,false
2355,dlk_compensaciones_evaluacion_v2,1,0,1,false
2356,dash_beneficios_contrato_kpi,1,0,1,false
2357,m4vw_unidad_1_sap,1,1,0,false
2358,dash_formacion_posicion_kpi,1,0,1,false
2359,dash_movilidad_contrato_kpi,1,0,1,false
2360,dlk_seleccion_bono_v1,1,0,1,false
2361,dlk_diversidad_hora_extra_v1,1,0,1,false
2362,gob_planta_vacante_v1,1,0,1,false
2363,proc_capacitacion_brecha_v1,1,0,1,false
2364,dash_movilidad_evaluacion_kpi,1,0,1,false
2365,proc_riesgo_vacante_v1,1,0,1,false
2366,gob_diversidad_curso,1,0,1,false
2367,gob_clima_competencia,1,0,1,false
2368,gob_compensaciones_beca,1,0,1,false
2369,proc_diversidad_egreso,1,0,1,false
2370,proc_formacion_convenio,1,0,1,false
2371,cci_colaborador_1_sap,1,1,0,false
2372,ppn_indicador_1_sap,1,1,0,false
2373,dash_riesgo_colaborador_kpi,1,0,1,false
2374,m4cci_jefatura_sap,1,1,0,false
2375,proc_formacion_vacante_v1,1,0,1,false
2376,dlk_nomina_vacante_v2,1,0,1,false
2377,cci_centro_costo_sap,1,1,0,false
2378,dlk_talento_sucursal_v1,1,0,1,false
2379,proc_formacion_turno_v1,1,0,1,false
2380,m4cci_evaluacion_1_sap,1,1,0,false
2381,gob_beneficios_turno,1,0,1,false
2382,dash_riesgo_unidad_kpi,1,0,1,false
2383,dlk_seleccion_brecha,1,0,1,false
2384,gob_planta_postulante_v2,1,0,1,false
2385,dlk_beneficios_beca_v2,1,0,1,false
2386,gob_clima_meta_v1,1,0,1,false
2387,dlk_clima_sucursal,1,0,1,false
2388,gob_movilidad_competencia_v1,1,0,1,false
2389,dlk_talento_alerta_v2,1,0,1,false
2390,dash_talento_unidad_kpi,1,0,1,false
2391,proc_egresos_curso,1,0,1,false
2392,dash_nomina_posicion_kpi,1,0,1,false
2393,dash_nomina_incidencia_kpi,1,0,1,false
2394,gob_planta_unidad_v2,1,0,1,false
2395,gob_movilidad_encuesta,1,0,1,false
2396,dlk_compensaciones_sucursal,1,0,1,false
2397,gob_riesgo_convenio,1,0,1,false
2398,gob_capacitacion_unidad_v2,1,0,1,false
2399,dlk_ausentismo_brecha,1,0,1,false
2400,dlk_seleccion_brecha_v1,1,0,1,false
2401,dash_clima_colaborador_kpi,1,0,1,false
2402,dash_planta_jefatura_kpi,1,0,1,false
2403,template_egreso_1_sap,1,1,0,false
2404,gob_seleccion_region_v2,1,0,1,false
2405,dash_formacion_colaborador_kpi,1,0,1,false
2406,ppn_sucursal_sap,1,1,0,false
2407,gob_capacitacion_postulante_v2,1,0,1,false
2408,gob_talento_posicion,1,0,1,false
2409,dlk_capacitacion_sucursal_v1,1,0,1,false
2410,dlk_nomina_cargo_v1,1,0,1,false
2411,gob_ausentismo_hora_extra_v1,1,0,1,false
2412,dlk_desempeno_curso,1,0,1,false
2413,proc_egresos_sucursal_v1,1,0,1,false
2414,proc_diversidad_hora_extra_v1,1,0,1,false
2415,dlk_talento_alerta_v1,1,0,1,false
2416,gob_riesgo_contrato_v1,1,0,1,false
2417,proc_seleccion_egreso,1,0,1,false
2418,proc_riesgo_region_v1,1,0,1,false
2419,proc_diversidad_traslado,1,0,1,false
2420,proc_seleccion_contrato,1,0,1,false
2421,dlk_ausentismo_beca,1,0,1,false
2422,gob_formacion_evaluacion,1,0,1,false
2423,gob_planta_ingreso,1,0,1,false
2424,std_hr_meta_1_sap,1,1,0,false
2425,dash_diversidad_evaluacion_kpi,1,0,1,false
2426,proc_riesgo_postulante,1,0,1,false
2427,dlk_clima_contrato_v1,1,0,1,false
2428,gob_desempeno_meta,1,0,1,false
2429,proc_riesgo_brecha_v1,1,0,1,false
2430,gob_seleccion_licencia_v2,1,0,1,false
2431,proc_riesgo_contrato_v1,1,0,1,false
2432,gob_riesgo_convenio_v2,1,0,1,false
2433,proc_compensaciones_colaborador_v1,1,0,1,false
2434,dlk_egresos_postulante_v2,1,0,1,false
2435,gob_clima_colaborador_v2,1,0,1,false
2436,gob_formacion_region_v1,1,0,1,false
2437,proc_riesgo_egreso,1,0,1,false
2438,gob_capacitacion_meta,1,0,1,false
2439,dlk_seleccion_contrato,1,0,1,false
2440,dash_desempeno_colaborador_kpi,1,0,1,false
2441,dlk_egresos_vacante,1,0,1,false
2442,dlk_egresos_egreso_v1,1,0,1,false
2443,gob_capacitacion_centro_costo,1,0,1,false
2444,dlk_riesgo_competencia_v2,1,0,1,false
2445,gob_egresos_indicador_v1,1,0,1,false
2446,gob_ausentismo_alerta,1,0,1,false
2447,dash_talento_posicion_kpi,1,0,1,false
2448,dlk_formacion_meta_v1,1,0,1,false
2449,dlk_egresos_unidad_v1,1,0,1,false
2450,gob_riesgo_encuesta,1,0,1,false
2451,gob_talento_vacante,1,0,1,false
2452,dash_compensaciones_incidencia_kpi,1,0,1,false
2453,proc_diversidad_vacante_v1,1,0,1,false
2454,gob_ausentismo_convenio_v1,1,0,1,false
2455,dlk_beneficios_jefatura,1,0,1,false
2456,dash_beneficios_jefatura_kpi,1,0,1,false
2457,dash_talento_incidencia_kpi,1,0,1,false
2458,proc_seleccion_encuesta,1,0,1,false
2459,proc_reportabilidad_colaborador_v1,1,0,1,false
2460,dlk_seleccion_licencia,1,0,1,false
2461,gob_capacitacion_colaborador,1,0,1,false
2462,gob_riesgo_licencia_v1,1,0,1,false
2463,proc_egresos_centro_costo_v1,1,0,1,false
2464,gob_capacitacion_encuesta,1,0,1,false
2465,gob_ausentismo_convenio_v2,1,0,1,false
2466,gob_capacitacion_jefatura_v2,1,0,1,false
2467,proc_desempeno_sucursal,1,0,1,false
2468,proc_egresos_indicador,1,0,1,false
2469,dlk_desempeno_contrato_v1,1,0,1,false
2470,proc_reportabilidad_region_v1,1,0,1,false
