rank,table_name,frequency,as_source,as_target,is_contested
1,dlk_ext_00330,32,32,0,false
2,gob_ext_00329,22,22,0,false
3,dlk_ext_00368,21,21,0,false
4,gob_ext_00097,21,21,0,false
5,gob_ext_00406,21,21,0,false
6,dlk_ext_00185,20,20,0,false
7,dlk_ext_00075,20,20,0,false
8,gob_ext_00387,19,19,0,false
9,proc_ext_00029,19,19,0,false
10,dlk_ext_00123,19,19,0,false
11,proc_ext_00237,18,18,0,false
12,dlk_ext_00450,18,18,0,false
13,proc_ext_00271,18,18,0,false
14,dlk_ext_00145,18,18,0,false
15,gob_ext_00086,18,18,0,false
16,proc_ext_00047,18,18,0,false
17,proc_ext_00318,17,17,0,false
18,dlk_ext_00108,17,17,0,false
19,gob_ext_00040,17,17,0,false
20,dlk_ext_00221,17,17,0,false
21,dlk_ext_00284,17,17,0,false
22,dash_ext_00088,17,17,0,false
23,dlk_ext_00079,17,17,0,false
24,gob_ext_00283,16,16,0,false
25,proc_ext_00228,16,16,0,false
26,dlk_ext_00055,16,16,0,false
27,gob_ext_00135,16,16,0,false
28,gob_ext_00201,16,16,0,false
29,dash_ext_00175,16,16,0,false
30,proc_ext_00467,16,16,0,false
31,dlk_ext_00015,16,16,0,false
32,dlk_ext_00485,16,16,0,false
33,gob_ext_00364,15,15,0,false
34,proc_ext_00435,15,15,0,false
35,proc_ext_00139,15,15,0,false
36,dlk_ext_00124,15,15,0,false
37,gob_ext_00053,15,15,0,false
38,dlk_ext_00093,15,15,0,false
39,gob_ext_00397,14,14,0,false
40,dlk_ext_00178,14,14,0,false
41,dlk_ext_00386,14,14,0,false
42,proc_ext_00032,14,14,0,false
43,proc_ext_00249,14,14,0,false
44,gob_ext_00363,14,14,0,false
45,dlk_ext_00440,14,14,0,false
46,std_ext_00317,13,13,0,false
47,dlk_ext_00219,13,13,0,false
48,dlk_ext_00298,13,13,0,false
49,std_ext_00212,13,13,0,false
50,m4sco_ext_00063,13,13,0,false
51,gob_ext_00223,13,13,0,false
52,gob_ext_00260,13,13,0,false
53,dlk_ext_00166,13,13,0,false
54,dlk_ext_00447,13,13,0,false
55,dlk_ext_00089,13,13,0,false
56,gob_ext_00490,13,13,0,false
57,gob_ext_00147,12,12,0,false
58,gob_ext_00017,12,12,0,false
59,ppn_ext_00255,12,12,0,false
60,dash_ext_00433,12,12,0,false
61,gob_ext_00179,12,12,0,false
62,proc_ext_00058,12,12,0,false
63,dash_ext_00229,12,12,0,false
64,gob_ext_00085,12,12,0,false
65,gob_ext_00037,12,12,0,false
66,dlk_ext_00066,12,12,0,false
67,gob_ext_00241,12,12,0,false
68,m4sco_ext_00072,12,12,0,false
69,gob_ext_00322,12,12,0,false
70,dlk_ext_00316,12,12,0,false
71,proc_ext_00303,12,12,0,false
72,gob_ext_00151,12,12,0,false
73,gob_ext_00323,12,12,0,false
74,m4vw_ext_00307,12,12,0,false
75,dash_ext_00034,11,11,0,false
76,gob_ext_00050,11,11,0,false
77,gob_ext_00150,11,11,0,false
78,proc_ext_00306,11,11,0,false
79,m4sco_ext_00117,11,11,0,false
80,dlk_ext_00378,11,11,0,false
81,gob_ext_00352,11,11,0,false
82,dlk_ext_00469,11,11,0,false
83,gob_ext_00415,11,11,0,false
84,dlk_tbl_02325,11,10,1,false
85,dash_ext_00002,11,11,0,false
86,proc_ext_00220,11,11,0,false
87,dash_ext_00488,11,11,0,false
88,dlk_ext_00338,11,11,0,false
89,gob_ext_00393,11,11,0,false
90,dlk_ext_00477,11,11,0,false
91,std_ext_00159,11,11,0,false
92,proc_ext_00102,11,11,0,false
93,std_ext_00396,11,11,0,false
94,gob_ext_00263,11,11,0,false
95,dlk_ext_00401,11,11,0,false
96,gob_ext_00099,10,10,0,false
97,proc_ext_00192,10,10,0,false
98,dash_ext_00335,10,10,0,false
99,gob_ext_00194,10,10,0,false
100,proc_ext_00282,10,10,0,false
101,dlk_ext_00025,10,10,0,false
102,dlk_tbl_02085,10,9,1,false
103,dlk_ext_00158,10,10,0,false
104,proc_ext_00430,10,10,0,false
105,gob_tbl_02228,10,9,1,false
106,proc_tbl_01555,10,9,1,false
107,gob_ext_00350,10,10,0,false
108,dash_tbl_03021,10,9,1,false
109,dash_ext_00389,10,10,0,false
110,gob_tbl_01301,10,9,1,false
111,proc_tbl_02114,10,9,1,false
112,dlk_ext_00353,10,10,0,false
113,dlk_ext_00287,10,10,0,false
114,gob_tbl_01694,10,9,1,false
115,dlk_ext_00402,10,10,0,false
116,gob_ext_00446,10,10,0,false
117,dlk_tbl_01378,10,9,1,false
118,dash_ext_00190,10,10,0,false
119,proc_ext_00246,10,10,0,false
120,gob_ext_00392,10,10,0,false
121,gob_ext_00144,10,10,0,false
122,dlk_ext_00183,10,10,0,false
123,dlk_tbl_00537,10,9,1,false
124,m4vw_ext_00451,10,10,0,false
125,dlk_ext_00068,10,10,0,false
126,dash_tbl_00775,9,8,1,false
127,dlk_tbl_03209,9,8,1,false
128,dlk_tbl_01609,9,8,1,false
129,dlk_ext_00149,9,9,0,false
130,proc_ext_00181,9,9,0,false
131,dlk_tbl_02619,9,8,1,false
132,proc_ext_00367,9,9,0,false
133,dash_tbl_00395,9,8,1,false
134,dash_tbl_03264,9,8,1,false
135,proc_ext_00304,9,9,0,false
136,gob_ext_00414,9,9,0,false
137,dlk_ext_00081,9,9,0,false
138,gob_ext_00109,9,9,0,false
139,proc_ext_00127,9,9,0,false
140,m4vw_ext_00299,9,9,0,false
141,gob_tbl_00069,9,8,1,false
142,gob_ext_00137,9,9,0,false
143,proc_ext_00383,9,9,0,false
144,gob_ext_00167,9,9,0,false
145,dash_ext_00140,9,9,0,false
146,gob_ext_00346,9,9,0,false
147,dlk_tbl_02627,9,8,1,false
148,gob_ext_00466,9,9,0,false
149,gob_tbl_00645,9,8,1,false
150,dlk_tbl_02713,9,8,1,false
151,dash_ext_00445,9,9,0,false
152,dash_ext_00165,9,9,0,false
153,dash_ext_00111,9,9,0,false
154,std_ext_00103,9,9,0,false
155,gob_ext_00468,9,9,0,false
156,gob_ext_00425,9,9,0,false
157,gob_ext_00403,9,9,0,false
158,proc_ext_00484,9,9,0,false
159,dlk_ext_00375,9,9,0,false
160,dlk_ext_00059,9,9,0,false
161,dlk_tbl_00296,9,8,1,false
162,gob_ext_00407,9,9,0,false
163,gob_ext_00319,9,9,0,false
164,proc_tbl_00410,9,8,1,false
165,dlk_ext_00390,9,9,0,false
166,dlk_ext_00217,8,8,0,false
167,gob_ext_00191,8,8,0,false
168,gob_tbl_02192,8,7,1,false
169,dlk_ext_00112,8,8,0,false
170,std_ext_00214,8,8,0,false
171,dlk_ext_00234,8,8,0,false
172,gob_ext_00168,8,8,0,false
173,gob_tbl_00605,8,7,1,false
174,proc_ext_00206,8,8,0,false
175,dlk_tbl_03109,8,7,1,false
176,gob_ext_00011,8,8,0,false
177,dlk_ext_00347,8,8,0,false
178,dlk_ext_00292,8,8,0,false
179,gob_ext_00113,8,8,0,false
180,gob_ext_00186,8,8,0,false
181,dlk_ext_00370,8,8,0,false
182,dlk_ext_00010,8,8,0,false
183,proc_ext_00209,8,8,0,false
184,dlk_ext_00126,8,8,0,false
185,gob_tbl_03292,8,7,1,false
186,gob_tbl_01077,8,7,1,false
187,proc_ext_00148,8,8,0,false
188,gob_ext_00326,8,8,0,false
189,dlk_tbl_00207,8,7,1,false
190,dlk_tbl_02916,8,7,1,false
191,dlk_ext_00230,8,8,0,false
192,gob_tbl_02956,8,7,1,false
193,dlk_ext_00262,8,8,0,false
194,gob_ext_00410,8,8,0,false
195,gob_ext_00182,8,8,0,false
196,gob_ext_00340,8,8,0,false
197,proc_ext_00359,8,8,0,false
198,gob_tbl_02170,8,7,1,false
199,proc_ext_00027,8,8,0,false
200,m4vw_ext_00005,8,8,0,false
201,dlk_ext_00409,8,8,0,false
202,proc_ext_00279,8,8,0,false
203,dlk_tbl_01783,8,7,1,false
204,dlk_ext_00296,8,8,0,false
205,dlk_ext_00371,8,8,0,false
206,gob_ext_00332,8,8,0,false
207,gob_tbl_02613,8,7,1,false
208,dlk_ext_00439,8,8,0,false
209,dlk_ext_00170,7,7,0,false
210,gob_ext_00452,7,7,0,false
211,proc_tbl_01128,7,6,1,false
212,dlk_tbl_01990,7,6,1,false
213,dlk_ext_00348,7,7,0,false
214,gob_ext_00351,7,7,0,false
215,ppn_ext_00227,7,7,0,false
216,gob_ext_00441,7,7,0,false
217,gob_tbl_02788,7,6,1,false
218,proc_ext_00121,7,7,0,false
219,dash_ext_00036,7,7,0,false
220,dlk_tbl_03174,7,6,1,false
221,dash_tbl_01934,7,6,1,false
222,dlk_ext_00152,7,7,0,false
223,dlk_tbl_00945,7,6,1,false
224,gob_ext_00006,7,7,0,false
225,gob_tbl_02336,7,6,1,false
226,gob_tbl_02855,7,6,1,false
227,dlk_ext_00400,7,7,0,false
228,gob_ext_00020,7,7,0,false
229,gob_ext_00465,7,7,0,false
230,dlk_ext_00205,7,7,0,false
231,gob_tbl_00279,7,6,1,false
232,dlk_ext_00486,7,7,0,false
233,gob_tbl_02248,7,6,1,false
234,proc_ext_00281,7,7,0,false
235,proc_ext_00056,7,7,0,false
236,std_tbl_02601,7,6,1,false
237,gob_ext_00048,7,7,0,false
238,dlk_ext_00460,7,7,0,false
239,gob_tbl_00911,7,5,2,true
240,dlk_ext_00360,7,7,0,false
241,gob_tbl_01029,7,6,1,false
242,dlk_ext_00268,7,7,0,false
243,dlk_tbl_02035,7,6,1,false
244,dlk_ext_00110,7,7,0,false
245,dlk_ext_00285,7,7,0,false
246,gob_ext_00245,7,7,0,false
247,m4vw_ext_00173,7,7,0,false
248,dlk_ext_00107,7,7,0,false
249,proc_ext_00022,7,7,0,false
250,dlk_ext_00456,7,7,0,false
251,dash_tbl_00822,7,6,1,false
252,dash_ext_00163,7,7,0,false
253,gob_ext_00067,7,7,0,false
254,dlk_ext_00087,7,7,0,false
255,dlk_ext_00312,7,7,0,false
256,gob_tbl_01075,7,6,1,false
257,dlk_ext_00142,7,7,0,false
258,dlk_ext_00358,7,7,0,false
259,dlk_tbl_02590,7,6,1,false
260,proc_ext_00324,7,7,0,false
261,gob_tbl_00690,7,6,1,false
262,gob_ext_00226,7,7,0,false
263,dlk_ext_00197,7,7,0,false
264,dash_ext_00314,6,6,0,false
265,dash_tbl_00215,6,5,1,false
266,proc_tbl_01478,6,5,1,false
267,dash_ext_00265,6,6,0,false
268,dlk_tbl_02623,6,5,1,false
269,gob_tbl_02356,6,4,2,true
270,dlk_ext_00427,6,6,0,false
271,gob_tbl_03346,6,5,1,false
272,dash_ext_00269,6,6,0,false
273,dlk_tbl_01160,6,5,1,false
274,dlk_tbl_00218,6,5,1,false
275,ppn_tbl_00760,6,5,1,false
276,dash_tbl_00021,6,5,1,false
277,dlk_tbl_02379,6,5,1,false
278,gob_tbl_03008,6,5,1,false
279,dlk_ext_00038,6,6,0,false
280,m4sco_tbl_00894,6,5,1,false
281,dash_ext_00239,6,6,0,false
282,gob_ext_00429,6,6,0,false
283,dlk_tbl_00954,6,5,1,false
284,dlk_tbl_02905,6,5,1,false
285,dlk_ext_00062,6,6,0,false
286,gob_tbl_02164,6,5,1,false
287,dlk_tbl_01551,6,5,1,false
288,gob_tbl_00610,6,5,1,false
289,proc_tbl_01150,6,5,1,false
290,dlk_ext_00301,6,6,0,false
291,dlk_ext_00164,6,6,0,false
292,dlk_tbl_02401,6,5,1,false
293,proc_tbl_00380,6,5,1,false
294,proc_tbl_03143,6,5,1,false
295,dlk_tbl_01895,6,5,1,false
296,gob_tbl_01164,6,5,1,false
297,ppn_ext_00325,6,6,0,false
298,dash_tbl_03200,6,5,1,false
299,std_tbl_02797,6,5,1,false
300,dlk_tbl_02086,6,5,1,false
301,gob_ext_00454,6,6,0,false
302,gob_tbl_02468,6,5,1,false
303,gob_tbl_00297,6,5,1,false
304,dlk_tbl_03310,6,5,1,false
305,gob_tbl_01110,6,5,1,false
306,dash_ext_00073,6,6,0,false
307,gob_tbl_01415,6,5,1,false
308,dlk_tbl_01678,6,5,1,false
309,dlk_tbl_00725,6,5,1,false
310,dlk_tbl_01113,6,5,1,false
311,dlk_tbl_02787,6,5,1,false
312,dlk_tbl_02578,6,5,1,false
313,gob_tbl_02635,6,5,1,false
314,gob_ext_00361,6,6,0,false
315,gob_tbl_01660,6,5,1,false
316,gob_tbl_01791,6,5,1,false
317,gob_tbl_00465,6,5,1,false
318,dlk_tbl_00358,6,5,1,false
319,gob_ext_00204,6,6,0,false
320,gob_ext_00051,6,6,0,false
321,dlk_ext_00448,6,6,0,false
322,gob_tbl_00504,6,5,1,false
323,gob_tbl_01426,6,5,1,false
324,dlk_ext_00157,6,6,0,false
325,gob_ext_00388,6,6,0,false
326,dlk_tbl_03029,6,5,1,false
327,dlk_ext_00293,6,6,0,false
328,dlk_tbl_01194,6,5,1,false
329,gob_ext_00235,6,6,0,false
330,dlk_tbl_02727,6,5,1,false
331,gob_tbl_01859,6,5,1,false
332,gob_tbl_00098,6,5,1,false
333,dlk_tbl_01696,6,5,1,false
334,gob_ext_00018,6,6,0,false
335,dash_tbl_00785,6,5,1,false
336,gob_tbl_00084,6,5,1,false
337,dlk_tbl_00184,6,5,1,false
338,dlk_tbl_03070,6,5,1,false
339,dlk_tbl_01489,6,5,1,false
340,dlk_tbl_02806,6,5,1,false
341,proc_tbl_02307,6,5,1,false
342,gob_tbl_00398,6,5,1,false
343,proc_tbl_02494,6,5,1,false
344,gob_tbl_01936,6,5,1,false
345,gob_ext_00215,6,6,0,false
346,dlk_ext_00202,6,6,0,false
347,gob_tbl_02620,6,5,1,false
348,gob_tbl_02269,6,5,1,false
349,proc_ext_00328,6,6,0,false
350,dlk_tbl_01166,6,5,1,false
351,gob_tbl_01099,6,5,1,false
352,dlk_ext_00413,6,6,0,false
353,ppn_tbl_01766,6,5,1,false
354,dlk_tbl_00091,6,5,1,false
355,proc_tbl_00560,6,5,1,false
356,proc_ext_00218,6,6,0,false
357,proc_tbl_00117,6,5,1,false
358,m4vw_tbl_01101,6,5,1,false
359,gob_tbl_01709,6,5,1,false
360,gob_tbl_01026,6,5,1,false
361,dash_tbl_02081,6,4,2,true
362,proc_tbl_00906,6,5,1,false
363,proc_tbl_01999,6,5,1,false
364,dlk_tbl_02795,6,5,1,false
365,gob_ext_00041,6,6,0,false
366,m4sco_ext_00462,6,6,0,false
367,gob_tbl_01909,6,5,1,false
368,gob_tbl_00526,6,5,1,false
369,gob_tbl_01985,6,5,1,false
370,dlk_tbl_03032,6,5,1,false
371,m4sco_tbl_01119,6,5,1,false
372,dlk_tbl_01503,6,5,1,false
373,proc_tbl_00423,6,5,1,false
374,gob_tbl_01356,6,5,1,false
375,dlk_tbl_01298,6,5,1,false
376,dlk_tbl_01088,6,5,1,false
377,std_ext_00344,6,6,0,false
378,proc_ext_00453,6,6,0,false
379,dlk_ext_00250,6,6,0,false
380,dlk_ext_00189,6,6,0,false
381,dlk_tbl_02761,6,5,1,false
382,dlk_tbl_00812,6,5,1,false
383,gob_tbl_02149,6,5,1,false
384,gob_tbl_01627,6,5,1,false
385,gob_ext_00184,6,6,0,false
386,gob_ext_00094,6,6,0,false
387,gob_tbl_02033,5,4,1,false
388,gob_tbl_01201,5,4,1,false
389,dlk_tbl_01090,5,4,1,false
390,gob_tbl_01743,5,4,1,false
391,gob_tbl_00823,5,4,1,false
392,dlk_tbl_02422,5,4,1,false
393,dlk_tbl_01762,5,4,1,false
394,dlk_ext_00302,5,5,0,false
395,gob_tbl_02789,5,4,1,false
396,dlk_tbl_01170,5,4,1,false
397,dlk_tbl_03024,5,4,1,false
398,dlk_ext_00261,5,5,0,false
399,m4vw_tbl_03363,5,4,1,false
400,gob_tbl_02496,5,4,1,false
401,proc_ext_00399,5,5,0,false
402,dash_tbl_00946,5,4,1,false
403,m4vw_tbl_02347,5,4,1,false
404,dlk_ext_00084,5,5,0,false
405,dlk_ext_00259,5,5,0,false
406,gob_tbl_01764,5,4,1,false
407,dlk_tbl_03245,5,4,1,false
408,dlk_tbl_00038,5,4,1,false
409,dlk_tbl_02376,5,4,1,false
410,gob_tbl_00445,5,4,1,false
411,dlk_tbl_00034,5,4,1,false
412,dlk_tbl_02198,5,4,1,false
413,gob_tbl_02897,5,4,1,false
414,proc_tbl_01736,5,4,1,false
415,std_tbl_00052,5,4,1,false
416,gob_ext_00207,5,5,0,false
417,gob_tbl_01401,5,4,1,false
418,dlk_tbl_01733,5,4,1,false
419,std_tbl_02204,5,4,1,false
420,dash_tbl_00461,5,4,1,false
421,proc_tbl_02034,5,4,1,false
422,gob_ext_00405,5,5,0,false
423,gob_tbl_01442,5,4,1,false
424,m4sco_tbl_00128,5,4,1,false
425,proc_tbl_03193,5,4,1,false
426,gob_tbl_03364,5,4,1,false
427,dlk_tbl_00999,5,4,1,false
428,gob_tbl_01111,5,4,1,false
429,gob_tbl_03286,5,4,1,false
430,gob_tbl_02322,5,4,1,false
431,dlk_tbl_01407,5,4,1,false
432,dlk_tbl_02004,5,4,1,false
433,proc_tbl_00715,5,4,1,false
434,dlk_ext_00257,5,5,0,false
435,gob_ext_00449,5,5,0,false
436,gob_tbl_00734,5,4,1,false
437,dlk_tbl_00800,5,4,1,false
438,gob_tbl_03038,5,4,1,false
439,gob_ext_00161,5,5,0,false
440,gob_ext_00028,5,5,0,false
441,proc_tbl_00940,5,4,1,false
442,gob_tbl_00768,5,4,1,false
443,m4vw_tbl_01364,5,4,1,false
444,gob_ext_00114,5,5,0,false
445,dlk_tbl_01291,5,4,1,false
446,gob_tbl_00561,5,4,1,false
447,dlk_tbl_01204,5,4,1,false
448,dlk_tbl_02144,5,4,1,false
449,gob_tbl_03291,5,4,1,false
450,dlk_tbl_00777,5,4,1,false
451,gob_tbl_02462,5,4,1,false
452,gob_tbl_01036,5,4,1,false
453,dlk_ext_00008,5,5,0,false
454,gob_ext_00475,5,5,0,false
455,proc_tbl_01849,5,4,1,false
456,dlk_tbl_01482,5,4,1,false
457,proc_tbl_01605,5,4,1,false
458,dlk_ext_00030,5,5,0,false
459,dash_tbl_00460,5,4,1,false
460,gob_tbl_01423,5,4,1,false
461,gob_ext_00297,5,5,0,false
462,gob_tbl_01339,5,4,1,false
463,proc_tbl_01422,5,4,1,false
464,proc_tbl_00658,5,4,1,false
465,dash_tbl_02155,5,4,1,false
466,dlk_tbl_00236,5,4,1,false
467,gob_tbl_02560,5,4,1,false
468,proc_tbl_00278,5,4,1,false
469,std_tbl_01373,5,4,1,false
470,gob_tbl_02770,5,4,1,false
471,proc_ext_00423,5,5,0,false
472,gob_tbl_03188,5,4,1,false
473,dlk_ext_00052,5,5,0,false
474,dlk_ext_00289,5,5,0,false
475,gob_tbl_00978,5,4,1,false
476,gob_tbl_02864,5,4,1,false
477,gob_ext_00258,5,5,0,false
478,proc_tbl_00832,5,4,1,false
479,proc_ext_00156,5,5,0,false
480,dlk_tbl_03221,5,4,1,false
481,gob_tbl_00890,5,4,1,false
482,std_tbl_02785,5,4,1,false
483,proc_tbl_01919,5,4,1,false
484,gob_tbl_02737,5,4,1,false
485,gob_ext_00437,5,5,0,false
486,gob_tbl_01521,5,4,1,false
487,gob_tbl_00688,5,4,1,false
488,gob_ext_00203,5,5,0,false
489,dlk_ext_00470,5,5,0,false
490,m4sco_tbl_00253,5,4,1,false
491,std_tbl_02154,5,4,1,false
492,gob_tbl_02922,5,3,2,true
493,gob_tbl_03102,5,4,1,false
494,dlk_tbl_00225,5,4,1,false
495,dlk_tbl_03315,5,4,1,false
496,gob_tbl_02282,5,4,1,false
497,gob_ext_00342,5,5,0,false
498,proc_tbl_00818,5,4,1,false
499,dash_ext_00128,5,5,0,false
500,dlk_tbl_03300,5,4,1,false
501,gob_tbl_02409,5,4,1,false
502,proc_tbl_03219,5,4,1,false
503,dash_tbl_00647,5,4,1,false
504,proc_tbl_01404,5,4,1,false
505,dlk_tbl_00732,5,4,1,false
506,gob_tbl_00983,5,4,1,false
507,dlk_tbl_01383,5,4,1,false
508,dlk_ext_00199,5,5,0,false
509,proc_ext_00443,5,5,0,false
510,dlk_tbl_00805,5,4,1,false
511,dlk_tbl_01054,5,4,1,false
512,m4sco_tbl_00524,5,4,1,false
513,dlk_tbl_00588,5,4,1,false
514,gob_ext_00345,5,5,0,false
515,dash_tbl_01216,5,4,1,false
516,dlk_tbl_02664,5,4,1,false
517,dlk_tbl_00469,5,4,1,false
518,dlk_ext_00491,5,5,0,false
519,dlk_tbl_02416,5,4,1,false
520,gob_tbl_01336,5,4,1,false
521,dlk_tbl_00304,5,4,1,false
522,dlk_tbl_01913,5,4,1,false
523,gob_ext_00334,5,5,0,false
524,proc_tbl_02480,5,4,1,false
525,gob_tbl_03139,5,4,1,false
526,dlk_ext_00060,5,5,0,false
527,gob_tbl_01030,5,4,1,false
528,dash_tbl_03000,5,4,1,false
529,std_tbl_02854,5,4,1,false
530,dash_ext_00129,5,5,0,false
531,proc_tbl_00390,5,4,1,false
532,proc_tbl_02213,5,4,1,false
533,gob_tbl_01254,5,4,1,false
534,gob_tbl_00222,5,4,1,false
535,proc_tbl_02490,5,4,1,false
536,dlk_tbl_01275,5,4,1,false
537,proc_tbl_00456,5,4,1,false
538,gob_tbl_01304,5,4,1,false
539,gob_tbl_00592,5,4,1,false
540,dlk_ext_00313,5,5,0,false
541,gob_tbl_02240,5,4,1,false
542,dlk_tbl_01948,5,4,1,false
543,gob_tbl_00856,5,4,1,false
544,gob_tbl_00640,5,4,1,false
545,gob_ext_00458,5,5,0,false
546,dlk_tbl_00224,5,4,1,false
547,dlk_ext_00272,5,5,0,false
548,dlk_tbl_01372,5,4,1,false
549,dlk_tbl_01899,5,4,1,false
550,dlk_tbl_02667,5,4,1,false
551,dash_ext_00071,5,5,0,false
552,dlk_tbl_00722,5,3,2,true
553,proc_tbl_00170,5,4,1,false
554,proc_ext_00031,5,5,0,false
555,proc_ext_00092,5,5,0,false
556,dlk_tbl_00622,5,4,1,false
557,gob_tbl_02469,5,4,1,false
558,dlk_ext_00349,5,5,0,false
559,gob_ext_00160,5,5,0,false
560,dlk_tbl_02617,5,4,1,false
561,std_tbl_03225,5,4,1,false
562,gob_tbl_00115,5,4,1,false
563,gob_tbl_02781,5,4,1,false
564,dlk_tbl_01808,5,4,1,false
565,dlk_tbl_01297,5,4,1,false
566,gob_tbl_02608,5,4,1,false
567,gob_ext_00169,5,5,0,false
568,gob_ext_00244,5,5,0,false
569,dlk_tbl_01963,5,4,1,false
570,dlk_ext_00366,5,5,0,false
571,gob_tbl_00182,5,3,2,true
572,gob_tbl_03114,5,4,1,false
573,gob_tbl_02535,4,3,1,false
574,std_tbl_00157,4,3,1,false
575,gob_tbl_00337,4,3,1,false
576,dlk_ext_00464,4,4,0,false
577,gob_tbl_00211,4,3,1,false
578,dlk_ext_00101,4,4,0,false
579,dlk_ext_00408,4,4,0,false
580,m4sco_tbl_00247,4,3,1,false
581,proc_tbl_02178,4,3,1,false
582,dlk_tbl_02942,4,3,1,false
583,dash_tbl_01704,4,3,1,false
584,gob_tbl_01130,4,3,1,false
585,dlk_tbl_02244,4,3,1,false
586,dlk_tbl_00523,4,2,2,true
587,dlk_tbl_00655,4,3,1,false
588,dlk_tbl_01557,4,3,1,false
589,proc_tbl_02261,4,3,1,false
590,dlk_tbl_02811,4,3,1,false
591,gob_tbl_03164,4,3,1,false
592,dlk_tbl_00459,4,3,1,false
593,gob_tbl_00843,4,3,1,false
594,dlk_tbl_00972,4,3,1,false
595,dash_tbl_00489,4,3,1,false
596,dlk_ext_00090,4,4,0,false
597,dlk_tbl_00464,4,3,1,false
598,dlk_tbl_02098,4,3,1,false
599,gob_tbl_01839,4,3,1,false
600,m4vw_tbl_03217,4,3,1,false
601,gob_tbl_00241,4,3,1,false
602,dlk_ext_00023,4,4,0,false
603,gob_ext_00009,4,4,0,false
604,dlk_tbl_00704,4,3,1,false
605,dlk_tbl_02704,4,3,1,false
606,dash_ext_00044,4,4,0,false
607,proc_tbl_02092,4,3,1,false
608,gob_ext_00146,4,4,0,false
609,dlk_tbl_00934,4,3,1,false
610,dlk_tbl_03242,4,3,1,false
611,gob_tbl_01286,4,3,1,false
612,dlk_tbl_01428,4,3,1,false
613,std_ext_00004,4,4,0,false
614,gob_tbl_01142,4,3,1,false
615,proc_tbl_00764,4,3,1,false
616,dlk_ext_00188,4,4,0,false
617,dlk_tbl_02630,4,3,1,false
618,gob_tbl_01976,4,3,1,false
619,proc_ext_00483,4,4,0,false
620,dlk_tbl_01789,4,3,1,false
621,gob_tbl_02850,4,3,1,false
622,gob_tbl_02104,4,3,1,false
623,gob_tbl_01871,4,2,2,true
624,proc_ext_00357,4,4,0,false
625,m4vw_tbl_00012,4,3,1,false
626,gob_tbl_00298,4,3,1,false
627,proc_tbl_01195,4,3,1,false
628,gob_tbl_00680,4,3,1,false
629,gob_tbl_00108,4,3,1,false
630,proc_tbl_02518,4,3,1,false
631,m4sco_ext_00074,4,4,0,false
632,gob_tbl_02290,4,3,1,false
633,dash_tbl_00478,4,3,1,false
634,gob_tbl_02984,4,3,1,false
635,dlk_tbl_02183,4,3,1,false
636,m4vw_tbl_01515,4,3,1,false
637,ppn_tbl_00896,4,3,1,false
638,dash_tbl_02411,4,3,1,false
639,dash_ext_00001,4,4,0,false
640,dlk_tbl_01413,4,3,1,false
641,proc_tbl_02257,4,3,1,false
642,m4vw_ext_00394,4,4,0,false
643,dlk_tbl_01571,4,3,1,false
644,gob_tbl_01207,4,3,1,false
645,gob_tbl_03140,4,3,1,false
646,proc_tbl_02572,4,3,1,false
647,gob_tbl_03127,4,3,1,false
648,gob_ext_00315,4,4,0,false
649,gob_tbl_02415,4,3,1,false
650,dlk_tbl_02424,4,3,1,false
651,gob_tbl_01833,4,3,1,false
652,gob_tbl_00196,4,3,1,false
653,m4vw_tbl_00910,4,3,1,false
654,dlk_tbl_01965,4,3,1,false
655,proc_ext_00320,4,4,0,false
656,gob_tbl_01792,4,3,1,false
657,std_tbl_00520,4,3,1,false
658,gob_tbl_00332,4,3,1,false
659,gob_tbl_00761,4,3,1,false
660,gob_tbl_01672,4,3,1,false
661,dlk_tbl_01780,4,3,1,false
662,gob_tbl_00574,4,3,1,false
663,dlk_tbl_01856,4,3,1,false
664,gob_tbl_01405,4,3,1,false
665,dlk_tbl_01337,4,3,1,false
666,gob_tbl_01760,4,3,1,false
667,dlk_tbl_02784,4,3,1,false
668,gob_tbl_00514,4,3,1,false
669,dash_tbl_01715,4,3,1,false
670,proc_tbl_01188,4,3,1,false
671,proc_tbl_00893,4,3,1,false
672,gob_tbl_02964,4,3,1,false
673,gob_tbl_03341,4,3,1,false
674,gob_tbl_00525,4,3,1,false
675,m4vw_ext_00193,4,4,0,false
676,proc_ext_00404,4,4,0,false
677,proc_tbl_02507,4,3,1,false
678,gob_tbl_02523,4,3,1,false
679,dash_ext_00013,4,4,0,false
680,dlk_tbl_03325,4,3,1,false
681,dash_tbl_02818,4,3,1,false
682,dlk_tbl_02187,4,3,1,false
683,gob_tbl_03082,4,3,1,false
684,gob_tbl_02011,4,3,1,false
685,dlk_tbl_00625,4,3,1,false
686,dlk_tbl_01636,4,3,1,false
687,dlk_tbl_00740,4,3,1,false
688,proc_tbl_03353,4,3,1,false
689,dlk_tbl_00037,4,3,1,false
690,gob_tbl_02135,4,3,1,false
691,proc_tbl_02251,4,3,1,false
692,proc_tbl_00381,4,3,1,false
693,dash_tbl_02477,4,3,1,false
694,std_tbl_00277,4,3,1,false
695,proc_tbl_01072,4,3,1,false
696,gob_tbl_01998,4,3,1,false
697,dlk_tbl_00773,4,3,1,false
698,dlk_tbl_01098,4,3,1,false
699,gob_tbl_03147,4,3,1,false
700,dlk_tbl_02009,4,3,1,false
701,gob_tbl_02703,4,3,1,false
702,gob_tbl_00746,4,3,1,false
703,dlk_tbl_02181,4,3,1,false
704,proc_tbl_02016,4,3,1,false
705,gob_ext_00000,4,4,0,false
706,dlk_ext_00033,4,4,0,false
707,dash_tbl_02728,4,3,1,false
708,dlk_tbl_00551,4,3,1,false
709,dlk_tbl_00900,4,3,1,false
710,gob_tbl_02024,4,3,1,false
711,gob_tbl_00145,4,3,1,false
712,dlk_tbl_00101,4,3,1,false
713,gob_tbl_03234,4,3,1,false
714,dlk_tbl_02825,4,3,1,false
715,gob_tbl_03104,4,3,1,false
716,dlk_tbl_02723,4,3,1,false
717,proc_tbl_03274,4,3,1,false
718,dash_tbl_00921,4,3,1,false
719,dlk_tbl_01983,4,3,1,false
720,gob_tbl_01341,4,3,1,false
721,dlk_ext_00134,4,4,0,false
722,proc_tbl_02640,4,3,1,false
723,proc_ext_00294,4,4,0,false
724,proc_tbl_00323,4,3,1,false
725,dlk_tbl_03239,4,3,1,false
726,proc_tbl_03115,4,3,1,false
727,dash_tbl_01664,4,3,1,false
728,dlk_tbl_01935,4,3,1,false
729,proc_tbl_02589,4,3,1,false
730,gob_ext_00225,4,4,0,false
731,gob_tbl_01177,4,3,1,false
732,proc_ext_00105,4,4,0,false
733,proc_tbl_00261,4,3,1,false
734,m4vw_ext_00331,4,4,0,false
735,dlk_tbl_01957,4,3,1,false
736,proc_tbl_01257,4,3,1,false
737,gob_tbl_02580,4,3,1,false
738,gob_tbl_02894,4,3,1,false
739,dlk_tbl_01611,4,3,1,false
740,gob_tbl_01662,4,3,1,false
741,gob_tbl_02575,4,3,1,false
742,dlk_tbl_02505,4,3,1,false
743,gob_tbl_01463,4,3,1,false
744,gob_tbl_00678,4,3,1,false
745,std_tbl_01242,4,3,1,false
746,dlk_tbl_01245,4,3,1,false
747,gob_tbl_02090,4,3,1,false
748,dlk_tbl_01411,4,3,1,false
749,gob_tbl_02665,4,3,1,false
750,dash_tbl_01338,4,3,1,false
751,dlk_tbl_02744,4,3,1,false
752,dlk_tbl_02474,4,3,1,false
753,gob_tbl_00190,4,3,1,false
754,gob_tbl_02340,4,3,1,false
755,gob_tbl_01592,4,3,1,false
756,dlk_tbl_01858,4,3,1,false
757,dlk_tbl_02040,4,3,1,false
758,proc_tbl_02881,4,3,1,false
759,gob_tbl_00985,4,3,1,false
760,dlk_tbl_00663,4,3,1,false
761,gob_tbl_03202,4,3,1,false
762,proc_tbl_03180,4,3,1,false
763,dlk_ext_00065,4,4,0,false
764,m4vw_tbl_00778,4,3,1,false
765,dlk_tbl_01914,4,3,1,false
766,gob_tbl_01896,4,3,1,false
767,m4sco_tbl_00188,4,3,1,false
768,dlk_tbl_00449,4,3,1,false
769,proc_tbl_00935,4,3,1,false
770,proc_tbl_02501,4,3,1,false
771,gob_tbl_02460,4,3,1,false
772,dlk_tbl_00428,4,3,1,false
773,dash_tbl_01988,4,3,1,false
774,dlk_tbl_00079,4,3,1,false
775,gob_tbl_00584,4,3,1,false
776,gob_tbl_00327,4,3,1,false
777,gob_tbl_00859,4,3,1,false
778,dlk_ext_00098,4,4,0,false
779,gob_tbl_00018,4,3,1,false
780,gob_tbl_01767,4,3,1,false
781,dlk_tbl_02807,4,3,1,false
782,gob_ext_00493,4,4,0,false
783,gob_tbl_00609,4,3,1,false
784,proc_tbl_02278,4,3,1,false
785,dash_tbl_01724,4,3,1,false
786,proc_ext_00016,4,4,0,false
787,gob_tbl_02191,4,3,1,false
788,proc_tbl_00789,4,3,1,false
789,dash_ext_00384,4,4,0,false
790,dlk_tbl_03004,4,3,1,false
791,dlk_tbl_02935,4,3,1,false
792,dlk_tbl_02540,4,3,1,false
793,dlk_ext_00489,4,4,0,false
794,gob_tbl_00442,4,3,1,false
795,gob_ext_00187,4,4,0,false
796,dlk_ext_00254,4,4,0,false
797,dlk_tbl_03279,4,3,1,false
798,dlk_tbl_00285,4,3,1,false
799,gob_tbl_02285,4,3,1,false
800,gob_tbl_02186,4,3,1,false
801,dlk_tbl_01020,4,3,1,false
802,proc_tbl_01812,4,3,1,false
803,dash_ext_00236,4,4,0,false
804,dlk_tbl_00081,4,3,1,false
805,gob_tbl_01505,4,3,1,false
806,dlk_tbl_00462,4,3,1,false
807,m4vw_tbl_01529,4,3,1,false
808,gob_tbl_02783,4,3,1,false
809,dlk_tbl_00571,4,3,1,false
810,dlk_tbl_01826,4,3,1,false
811,gob_tbl_02304,4,3,1,false
812,gob_tbl_02537,4,3,1,false
813,dlk_tbl_02083,4,3,1,false
814,gob_tbl_00488,4,3,1,false
815,gob_tbl_03097,4,3,1,false
816,gob_tbl_00977,4,3,1,false
817,gob_tbl_00019,4,3,1,false
818,std_tbl_00064,4,3,1,false
819,dlk_tbl_02801,4,2,2,true
820,gob_tbl_02255,4,3,1,false
821,m4sco_tbl_02218,4,3,1,false
822,gob_tbl_01485,4,3,1,false
823,proc_tbl_03116,4,3,1,false
824,dash_tbl_02471,4,3,1,false
825,dlk_tbl_00334,4,3,1,false
826,gob_tbl_02429,4,3,1,false
827,dlk_tbl_03218,4,3,1,false
828,dlk_ext_00154,4,4,0,false
829,gob_tbl_03040,4,3,1,false
830,dash_tbl_03044,4,3,1,false
831,gob_tbl_03244,4,3,1,false
832,m4sco_tbl_02061,4,3,1,false
833,gob_tbl_02960,4,3,1,false
834,proc_tbl_01083,4,3,1,false
835,gob_tbl_00858,4,3,1,false
836,dlk_tbl_02999,4,3,1,false
837,dash_tbl_02742,4,3,1,false
838,proc_tbl_02875,4,3,1,false
839,dlk_ext_00474,4,4,0,false
840,dlk_tbl_01018,4,3,1,false
841,gob_tbl_02326,4,3,1,false
842,dlk_tbl_00834,4,3,1,false
843,dlk_ext_00480,4,4,0,false
844,dlk_tbl_02039,4,3,1,false
845,proc_tbl_02000,4,3,1,false
846,dlk_tbl_00477,4,3,1,false
847,proc_ext_00091,4,4,0,false
848,gob_tbl_01737,4,3,1,false
849,dlk_tbl_00457,4,3,1,false
850,dlk_tbl_00036,4,3,1,false
851,dlk_tbl_03249,4,3,1,false
852,dlk_tbl_02072,4,3,1,false
853,gob_tbl_02722,4,3,1,false
854,proc_tbl_02392,4,3,1,false
855,gob_tbl_02681,4,3,1,false
856,proc_tbl_01303,4,3,1,false
857,dlk_ext_00354,4,4,0,false
858,dash_tbl_00386,4,3,1,false
859,dlk_tbl_00653,4,3,1,false
860,dash_tbl_00006,4,3,1,false
861,dlk_ext_00381,4,4,0,false
862,dlk_ext_00136,4,4,0,false
863,dlk_tbl_00580,4,3,1,false
864,dlk_tbl_03039,4,3,1,false
865,dlk_ext_00277,4,4,0,false
866,gob_tbl_03203,4,3,1,false
867,gob_tbl_01651,4,3,1,false
868,gob_tbl_02512,4,3,1,false
869,std_tbl_00583,4,3,1,false
870,std_tbl_00546,4,3,1,false
871,gob_tbl_01315,4,3,1,false
872,dlk_ext_00463,4,4,0,false
873,dlk_tbl_02780,4,3,1,false
874,dlk_tbl_00745,4,3,1,false
875,gob_tbl_02418,4,3,1,false
876,dlk_tbl_01010,4,3,1,false
877,gob_tbl_02216,4,3,1,false
878,std_tbl_00635,4,3,1,false
879,gob_tbl_00062,4,3,1,false
880,gob_tbl_01793,4,3,1,false
881,proc_tbl_01071,4,3,1,false
882,gob_tbl_02252,4,3,1,false
883,gob_tbl_03308,4,3,1,false
884,dlk_tbl_02265,4,2,2,true
885,dlk_tbl_01993,4,3,1,false
886,std_tbl_01385,4,3,1,false
887,dlk_ext_00379,4,4,0,false
888,dash_ext_00355,4,4,0,false
889,dlk_tbl_01244,4,3,1,false
890,gob_ext_00021,4,4,0,false
891,gob_tbl_02948,4,3,1,false
892,gob_tbl_01069,4,3,1,false
893,m4sco_tbl_00305,4,3,1,false
894,dlk_tbl_00790,4,3,1,false
895,gob_tbl_00589,3,2,1,false
896,dlk_tbl_00491,3,2,1,false
897,gob_tbl_01127,3,2,1,false
898,dlk_tbl_02504,3,2,1,false
899,gob_tbl_01280,3,2,1,false
900,proc_tbl_02772,3,2,1,false
901,dlk_tbl_01817,3,2,1,false
902,gob_tbl_00118,3,2,1,false
903,gob_tbl_00608,3,2,1,false
904,gob_ext_00224,3,3,0,false
905,dlk_tbl_03339,3,2,1,false
906,proc_tbl_02536,3,2,1,false
907,dlk_tbl_00762,3,2,1,false
908,dlk_tbl_01024,3,2,1,false
909,dlk_tbl_02242,3,2,1,false
910,proc_tbl_01784,3,2,1,false
911,gob_tbl_03277,3,2,1,false
912,proc_tbl_01584,3,2,1,false
913,dlk_tbl_02180,3,2,1,false
914,dlk_tbl_02380,3,2,1,false
915,gob_tbl_02038,3,2,1,false
916,dash_tbl_00176,3,2,1,false
917,proc_tbl_01776,3,2,1,false
918,gob_tbl_00127,3,2,1,false
919,dlk_tbl_02827,3,2,1,false
920,gob_tbl_00577,3,2,1,false
921,proc_tbl_00433,3,2,1,false
922,proc_tbl_02718,3,2,1,false
923,dlk_tbl_02821,3,2,1,false
924,gob_ext_00266,3,3,0,false
925,proc_tbl_02177,3,2,1,false
926,dlk_tbl_03033,3,2,1,false
927,gob_tbl_00356,3,2,1,false
928,gob_tbl_02924,3,2,1,false
929,dlk_ext_00200,3,3,0,false
930,dlk_tbl_00500,3,2,1,false
931,dlk_tbl_03223,3,2,1,false
932,dlk_tbl_02584,3,2,1,false
933,gob_tbl_02221,3,2,1,false
934,dlk_tbl_01136,3,2,1,false
935,gob_tbl_01000,3,2,1,false
936,dlk_tbl_00719,3,2,1,false
937,dlk_tbl_01830,3,2,1,false
938,gob_tbl_00721,3,2,1,false
939,dlk_tbl_01691,3,2,1,false
940,gob_tbl_02332,3,2,1,false
941,gob_tbl_01986,3,2,1,false
942,m4sco_tbl_01570,3,2,1,false
943,gob_tbl_01837,3,2,1,false
944,gob_tbl_03240,3,2,1,false
945,proc_tbl_00644,3,2,1,false
946,gob_tbl_02559,3,2,1,false
947,m4vw_tbl_01751,3,2,1,false
948,proc_tbl_01174,3,2,1,false
949,gob_tbl_01122,3,2,1,false
950,gob_tbl_02019,3,2,1,false
951,gob_ext_00077,3,3,0,false
952,gob_tbl_00649,3,2,1,false
953,gob_tbl_01613,3,2,1,false
954,gob_tbl_02557,3,2,1,false
955,gob_tbl_00372,3,2,1,false
956,gob_tbl_00345,3,2,1,false
957,gob_tbl_02564,3,2,1,false
958,gob_tbl_02609,3,2,1,false
959,dlk_tbl_02901,3,2,1,false
960,dlk_tbl_02907,3,2,1,false
961,dlk_ext_00095,3,3,0,false
962,std_tbl_01576,3,2,1,false
963,proc_tbl_01081,3,2,1,false
964,gob_tbl_02843,3,2,1,false
965,gob_tbl_01593,3,2,1,false
966,m4vw_tbl_01535,3,2,1,false
967,dash_tbl_00455,3,2,1,false
968,gob_tbl_02554,3,2,1,false
969,dash_tbl_02876,3,2,1,false
970,proc_tbl_02893,3,2,1,false
971,dlk_tbl_01053,3,2,1,false
972,gob_tbl_02189,3,2,1,false
973,dash_tbl_01129,3,2,1,false
974,dlk_tbl_00849,3,2,1,false
975,proc_tbl_00364,3,2,1,false
976,gob_tbl_02750,3,2,1,false
977,dlk_tbl_03092,3,2,1,false
978,gob_tbl_00284,3,2,1,false
979,dash_tbl_02929,3,2,1,false
980,gob_tbl_03185,3,2,1,false
981,proc_tbl_02841,3,2,1,false
982,dlk_tbl_02201,3,2,1,false
983,dash_tbl_00626,3,2,1,false
984,gob_tbl_01038,3,2,1,false
985,gob_tbl_03015,3,2,1,false
986,gob_tbl_00976,3,2,1,false
987,dlk_tbl_01434,3,2,1,false
988,dlk_ext_00341,3,3,0,false
989,dlk_tbl_01451,3,2,1,false
990,gob_tbl_03287,3,2,1,false
991,gob_ext_00120,3,3,0,false
992,gob_tbl_00120,3,2,1,false
993,dlk_tbl_02368,3,2,1,false
994,gob_tbl_00140,3,1,2,true
995,dlk_tbl_00032,3,2,1,false
996,m4sco_tbl_02172,3,2,1,false
997,dlk_tbl_00041,3,2,1,false
998,dlk_tbl_02478,3,2,1,false
999,dash_ext_00133,3,3,0,false
1000,dlk_tbl_02110,3,2,1,false
1001,proc_tbl_00872,3,2,1,false
1002,proc_tbl_00150,3,2,1,false
1003,proc_tbl_01443,3,2,1,false
1004,gob_tbl_01229,3,2,1,false
1005,gob_ext_00436,3,3,0,false
1006,dlk_tbl_01080,3,2,1,false
1007,dash_tbl_01866,3,2,1,false
1008,dash_tbl_02556,3,2,1,false
1009,gob_tbl_02541,3,2,1,false
1010,gob_tbl_00909,3,1,2,true
1011,dlk_tbl_01421,3,2,1,false
1012,dlk_tbl_01271,3,2,1,false
1013,gob_tbl_01588,3,2,1,false
1014,gob_tbl_01804,3,2,1,false
1015,gob_tbl_01770,3,2,1,false
1016,gob_tbl_00651,3,2,1,false
1017,gob_tbl_00770,3,2,1,false
1018,gob_tbl_01134,3,2,1,false
1019,dash_tbl_01617,3,2,1,false
1020,gob_tbl_00530,3,2,1,false
1021,gob_tbl_02571,3,2,1,false
1022,m4sco_tbl_00631,3,2,1,false
1023,dlk_ext_00238,3,3,0,false
1024,dlk_tbl_00848,3,2,1,false
1025,dlk_tbl_02994,3,2,1,false
1026,dlk_tbl_02800,3,2,1,false
1027,std_tbl_01011,3,2,1,false
1028,gob_tbl_01739,3,2,1,false
1029,dlk_tbl_02454,3,2,1,false
1030,dlk_tbl_02592,3,2,1,false
1031,gob_tbl_01288,3,2,1,false
1032,ppn_tbl_01262,3,2,1,false
1033,dlk_tbl_02003,3,2,1,false
1034,dlk_tbl_02007,3,2,1,false
1035,dlk_tbl_01454,3,2,1,false
1036,dlk_tbl_02089,3,2,1,false
1037,gob_tbl_03204,3,2,1,false
1038,gob_tbl_02823,3,2,1,false
1039,dlk_tbl_00815,3,2,1,false
1040,dlk_tbl_02521,3,2,1,false
1041,gob_ext_00172,3,3,0,false
1042,gob_tbl_01907,3,2,1,false
1043,dlk_tbl_02961,3,2,1,false
1044,dlk_tbl_01402,3,1,2,true
1045,dlk_tbl_01741,3,2,1,false
1046,proc_tbl_01815,3,2,1,false
1047,gob_tbl_03189,3,2,1,false
1048,gob_tbl_02444,3,2,1,false
1049,dlk_tbl_03334,3,2,1,false
1050,dlk_tbl_01066,3,2,1,false
1051,proc_ext_00035,3,3,0,false
1052,dlk_tbl_02917,3,2,1,false
1053,std_tbl_00000,3,2,1,false
1054,dlk_tbl_02297,3,2,1,false
1055,dlk_tbl_01270,3,2,1,false
1056,gob_tbl_01380,3,2,1,false
1057,dash_tbl_00004,3,2,1,false
1058,gob_tbl_01952,3,2,1,false
1059,gob_tbl_02023,3,2,1,false
1060,gob_tbl_00083,3,2,1,false
1061,dlk_tbl_00060,3,2,1,false
1062,dlk_tbl_00842,3,2,1,false
1063,dlk_tbl_03214,3,2,1,false
1064,gob_ext_00125,3,3,0,false
1065,gob_tbl_01876,3,2,1,false
1066,std_tbl_00804,3,2,1,false
1067,dlk_tbl_00904,3,2,1,false
1068,gob_tbl_02073,3,2,1,false
1069,gob_tbl_02814,3,2,1,false
1070,dlk_tbl_00265,3,2,1,false
1071,dlk_tbl_02400,3,2,1,false
1072,dlk_tbl_02203,3,2,1,false
1073,gob_tbl_01714,3,2,1,false
1074,dlk_tbl_03282,3,2,1,false
1075,gob_tbl_02930,3,2,1,false
1076,dlk_tbl_02002,3,2,1,false
1077,dlk_tbl_01056,3,2,1,false
1078,dlk_tbl_01133,3,2,1,false
1079,dlk_tbl_01299,3,2,1,false
1080,dlk_tbl_02128,3,2,1,false
1081,gob_tbl_03071,3,2,1,false
1082,gob_tbl_02222,3,2,1,false
1083,gob_tbl_01666,3,2,1,false
1084,dlk_tbl_00339,3,2,1,false
1085,m4vw_tbl_01897,3,2,1,false
1086,proc_tbl_01554,3,2,1,false
1087,dash_tbl_01600,3,2,1,false
1088,m4sco_tbl_01863,3,2,1,false
1089,dash_tbl_01287,3,2,1,false
1090,gob_tbl_03323,3,2,1,false
1091,dlk_tbl_02684,3,2,1,false
1092,gob_tbl_00432,3,2,1,false
1093,gob_tbl_01435,3,2,1,false
1094,proc_tbl_01510,3,2,1,false
1095,m4sco_tbl_01105,3,2,1,false
1096,dash_tbl_01453,3,2,1,false
1097,dlk_ext_00100,3,3,0,false
1098,proc_ext_00070,3,3,0,false
1099,dlk_ext_00143,3,3,0,false
1100,gob_tbl_00796,3,2,1,false
1101,gob_tbl_01540,3,2,1,false
1102,proc_tbl_02041,3,2,1,false
1103,proc_tbl_02509,3,1,2,true
1104,proc_tbl_03159,3,2,1,false
1105,gob_tbl_01925,3,2,1,false
1106,dlk_tbl_03011,3,2,1,false
1107,dlk_tbl_03328,3,2,1,false
1108,proc_tbl_00394,3,2,1,false
1109,dlk_tbl_01723,3,2,1,false
1110,gob_tbl_02883,3,2,1,false
1111,gob_tbl_02175,3,2,1,false
1112,gob_tbl_03330,3,2,1,false
1113,dlk_tbl_00051,3,2,1,false
1114,dlk_tbl_00986,3,1,2,true
1115,m4sco_tbl_02044,3,2,1,false
1116,dash_tbl_01067,3,2,1,false
1117,proc_tbl_02341,3,2,1,false
1118,dlk_tbl_03320,3,2,1,false
1119,dlk_tbl_03329,3,2,1,false
1120,proc_tbl_02810,3,2,1,false
1121,dlk_tbl_01487,3,2,1,false
1122,dlk_tbl_00916,3,2,1,false
1123,m4sco_tbl_03186,3,2,1,false
1124,gob_tbl_03171,3,2,1,false
1125,proc_tbl_00408,3,2,1,false
1126,dlk_tbl_00216,3,2,1,false
1127,gob_tbl_00828,3,2,1,false
1128,gob_tbl_01486,3,2,1,false
1129,gob_tbl_01918,3,2,1,false
1130,dash_tbl_02910,3,2,1,false
1131,dash_tbl_01684,3,2,1,false
1132,std_tbl_01697,3,2,1,false
1133,dash_tbl_01410,3,2,1,false
1134,gob_tbl_01596,3,2,1,false
1135,dash_tbl_00979,3,2,1,false
1136,dlk_tbl_00643,3,2,1,false
1137,proc_tbl_00273,3,2,1,false
1138,gob_tbl_00264,3,2,1,false
1139,gob_tbl_01400,3,2,1,false
1140,gob_tbl_00415,3,2,1,false
1141,proc_ext_00365,3,3,0,false
1142,gob_tbl_02628,3,2,1,false
1143,proc_tbl_03146,3,2,1,false
1144,m4vw_tbl_02857,3,2,1,false
1145,dlk_ext_00231,3,3,0,false
1146,gob_tbl_01316,3,2,1,false
1147,proc_tbl_00607,3,2,1,false
1148,gob_tbl_03131,3,2,1,false
1149,dlk_ext_00444,3,3,0,false
1150,dash_tbl_00681,3,2,1,false
1151,gob_tbl_03158,3,2,1,false
1152,gob_tbl_00752,3,2,1,false
1153,gob_tbl_02108,3,2,1,false
1154,gob_tbl_01199,3,2,1,false
1155,gob_tbl_01117,3,2,1,false
1156,gob_tbl_00931,3,2,1,false
1157,dlk_tbl_01842,3,2,1,false
1158,dlk_tbl_00682,3,2,1,false
1159,dlk_tbl_01781,3,2,1,false
1160,dlk_tbl_01682,3,2,1,false
1161,std_tbl_02107,3,2,1,false
1162,gob_tbl_01971,3,2,1,false
1163,proc_ext_00195,3,3,0,false
1164,proc_tbl_00431,3,2,1,false
1165,dash_tbl_01366,3,2,1,false
1166,proc_tbl_02980,3,2,1,false
1167,std_tbl_02446,3,2,1,false
1168,gob_tbl_01828,3,2,1,false
1169,gob_tbl_02547,3,2,1,false
1170,proc_tbl_01167,3,2,1,false
1171,proc_tbl_02063,3,2,1,false
1172,gob_tbl_01755,3,2,1,false
1173,dash_tbl_00070,3,2,1,false
1174,dlk_tbl_02124,3,2,1,false
1175,std_tbl_02927,3,2,1,false
1176,dlk_tbl_01139,3,2,1,false
1177,dash_tbl_01501,3,2,1,false
1178,proc_tbl_02475,3,2,1,false
1179,gob_tbl_00437,3,2,1,false
1180,dlk_tbl_01475,3,2,1,false
1181,gob_tbl_00192,3,2,1,false
1182,dlk_tbl_00023,3,2,1,false
1183,gob_tbl_02708,3,2,1,false
1184,gob_tbl_01046,3,2,1,false
1185,dlk_tbl_02776,3,2,1,false
1186,ppn_tbl_00286,3,2,1,false
1187,gob_tbl_00992,3,2,1,false
1188,dlk_tbl_02891,3,2,1,false
1189,gob_tbl_01891,3,2,1,false
1190,dlk_tbl_02730,3,2,1,false
1191,std_tbl_00119,3,2,1,false
1192,proc_tbl_01548,3,2,1,false
1193,dash_tbl_01397,3,2,1,false
1194,gob_tbl_02649,3,2,1,false
1195,proc_tbl_02778,3,2,1,false
1196,dash_tbl_02690,3,2,1,false
1197,std_tbl_00217,3,2,1,false
1198,dlk_tbl_01836,3,2,1,false
1199,gob_tbl_00697,3,2,1,false
1200,dlk_tbl_02054,3,2,1,false
1201,gob_tbl_02428,3,2,1,false
1202,proc_tbl_02350,3,2,1,false
1203,proc_tbl_00638,3,2,1,false
1204,proc_tbl_00073,3,2,1,false
1205,gob_tbl_00061,3,2,1,false
1206,gob_tbl_00527,3,2,1,false
1207,gob_tbl_00347,3,2,1,false
1208,gob_ext_00321,3,3,0,false
1209,proc_tbl_00231,3,2,1,false
1210,gob_tbl_03122,3,2,1,false
1211,dlk_tbl_00388,3,2,1,false
1212,dash_tbl_00517,3,2,1,false
1213,dlk_tbl_03357,3,2,1,false
1214,gob_tbl_02626,3,2,1,false
1215,proc_tbl_01524,3,2,1,false
1216,proc_tbl_02095,3,2,1,false
1217,dash_tbl_02710,3,2,1,false
1218,gob_tbl_03298,3,2,1,false
1219,gob_tbl_02219,3,2,1,false
1220,proc_tbl_01763,3,2,1,false
1221,dlk_tbl_01598,3,2,1,false
1222,gob_tbl_01439,3,2,1,false
1223,dlk_tbl_01961,3,2,1,false
1224,dlk_tbl_01198,3,2,1,false
1225,dlk_tbl_00440,3,2,1,false
1226,gob_tbl_00674,3,2,1,false
1227,dlk_tbl_02500,3,2,1,false
1228,proc_ext_00376,3,3,0,false
1229,std_tbl_00268,3,2,1,false
1230,dlk_tbl_01217,3,2,1,false
1231,proc_tbl_00660,3,2,1,false
1232,dlk_tbl_01829,3,2,1,false
1233,dlk_tbl_02835,3,2,1,false
1234,dlk_ext_00428,3,3,0,false
1235,dlk_tbl_02308,3,2,1,false
1236,gob_tbl_01189,3,2,1,false
1237,gob_tbl_00534,3,2,1,false
1238,proc_tbl_01864,3,2,1,false
1239,gob_tbl_02813,3,2,1,false
1240,gob_tbl_02906,3,2,1,false
1241,gob_tbl_02610,3,2,1,false
1242,dlk_tbl_00039,3,2,1,false
1243,gob_tbl_02699,3,2,1,false
1244,dlk_tbl_00883,3,2,1,false
1245,gob_tbl_02890,3,2,1,false
1246,gob_tbl_01556,3,2,1,false
1247,proc_tbl_01430,3,2,1,false
1248,dash_tbl_00582,3,2,1,false
1249,ppn_tbl_00025,3,2,1,false
1250,std_tbl_01211,3,2,1,false
1251,dash_tbl_03105,3,2,1,false
1252,dlk_tbl_00493,3,2,1,false
1253,dlk_tbl_00360,3,2,1,false
1254,dlk_tbl_00753,3,2,1,false
1255,proc_tbl_01325,3,2,1,false
1256,dlk_ext_00424,3,3,0,false
1257,dlk_tbl_01887,3,2,1,false
1258,gob_tbl_02928,3,2,1,false
1259,dlk_tbl_02306,3,2,1,false
1260,gob_tbl_00548,3,2,1,false
1261,gob_ext_00082,3,3,0,false
1262,dlk_tbl_02760,3,2,1,false
1263,dlk_tbl_02084,3,2,1,false
1264,proc_tbl_03184,3,2,1,false
1265,gob_ext_00256,3,3,0,false
1266,gob_tbl_02165,3,2,1,false
1267,dlk_tbl_03016,3,2,1,false
1268,dlk_ext_00476,3,3,0,false
1269,dlk_ext_00459,3,3,0,false
1270,dlk_tbl_02371,3,2,1,false
1271,dlk_tbl_00665,3,2,1,false
1272,gob_tbl_00694,3,2,1,false
1273,gob_tbl_01517,3,2,1,false
1274,dlk_tbl_02421,3,2,1,false
1275,gob_tbl_02032,3,2,1,false
1276,gob_tbl_02996,3,2,1,false
1277,gob_tbl_01835,3,2,1,false
1278,dlk_tbl_00024,3,2,1,false
1279,dlk_tbl_00311,3,2,1,false
1280,gob_tbl_02431,3,2,1,false
1281,dlk_tbl_01807,3,2,1,false
1282,gob_tbl_00228,3,2,1,false
1283,m4vw_ext_00362,3,3,0,false
1284,gob_tbl_02837,3,2,1,false
1285,proc_tbl_01355,3,2,1,false
1286,dlk_tbl_02925,3,2,1,false
1287,dash_tbl_02094,3,2,1,false
1288,dlk_tbl_01100,3,2,1,false
1289,proc_tbl_00049,3,2,1,false
1290,dash_tbl_01184,3,2,1,false
1291,gob_tbl_03035,3,2,1,false
1292,std_tbl_02171,3,2,1,false
1293,gob_tbl_03263,3,2,1,false
1294,gob_tbl_02159,3,2,1,false
1295,gob_tbl_02101,3,2,1,false
1296,gob_tbl_01255,3,2,1,false
1297,gob_tbl_02698,3,2,1,false
1298,dlk_tbl_01958,3,2,1,false
1299,gob_tbl_01960,3,2,1,false
1300,gob_tbl_01643,3,2,1,false
1301,m4vw_tbl_01120,3,2,1,false
1302,dlk_tbl_00937,3,2,1,false
1303,dlk_ext_00026,3,3,0,false
1304,std_tbl_02037,3,2,1,false
1305,dlk_tbl_01190,3,2,1,false
1306,dash_tbl_02253,3,2,1,false
1307,dlk_tbl_01433,3,2,1,false
1308,dlk_tbl_01008,3,2,1,false
1309,dlk_tbl_01300,3,2,1,false
1310,dlk_tbl_01708,3,2,1,false
1311,dlk_tbl_02353,3,2,1,false
1312,dlk_tbl_02241,3,2,1,false
1313,proc_tbl_00731,3,2,1,false
1314,gob_tbl_03153,3,2,1,false
1315,dlk_tbl_01544,3,2,1,false
1316,dlk_ext_00385,3,3,0,false
1317,std_tbl_01360,3,2,1,false
1318,dlk_tbl_00854,3,2,1,false
1319,dlk_tbl_02689,3,2,1,false
1320,dlk_tbl_00458,3,2,1,false
1321,gob_tbl_01332,3,1,2,true
1322,dlk_ext_00422,3,3,0,false
1323,gob_tbl_02648,3,2,1,false
1324,dlk_tbl_02895,3,2,1,false
1325,gob_ext_00171,3,3,0,false
1326,proc_tbl_00957,3,2,1,false
1327,dlk_tbl_01552,3,2,1,false
1328,gob_tbl_02829,3,2,1,false
1329,dlk_tbl_03009,3,2,1,false
1330,gob_tbl_01989,3,2,1,false
1331,gob_tbl_03262,3,2,1,false
1332,gob_tbl_02212,3,2,1,false
1333,gob_tbl_00158,3,2,1,false
1334,dlk_tbl_02476,3,2,1,false
1335,gob_tbl_00786,3,2,1,false
1336,gob_tbl_00250,3,2,1,false
1337,dlk_tbl_02008,3,2,1,false
1338,gob_tbl_01932,3,2,1,false
1339,gob_tbl_01112,3,2,1,false
1340,proc_tbl_01528,3,2,1,false
1341,dlk_tbl_02688,3,2,1,false
1342,dash_tbl_01765,3,2,1,false
1343,dlk_tbl_02140,3,2,1,false
1344,dlk_tbl_00919,3,2,1,false
1345,gob_tbl_01607,3,2,1,false
1346,dlk_tbl_00422,3,2,1,false
1347,proc_tbl_02289,3,2,1,false
1348,gob_tbl_02594,3,2,1,false
1349,dlk_tbl_01768,3,2,1,false
1350,dlk_tbl_02420,3,2,1,false
1351,dlk_tbl_01175,3,2,1,false
1352,proc_tbl_01797,3,2,1,false
1353,dlk_tbl_00375,3,2,1,false
1354,dlk_tbl_01178,3,2,1,false
1355,dlk_tbl_00274,3,2,1,false
1356,gob_tbl_01619,3,2,1,false
1357,std_tbl_00357,3,2,1,false
1358,dlk_tbl_01103,3,2,1,false
1359,dlk_tbl_00679,3,2,1,false
1360,dlk_tbl_02303,3,2,1,false
1361,dlk_tbl_01565,3,2,1,false
1362,gob_ext_00007,3,3,0,false
1363,gob_tbl_02412,3,2,1,false
1364,dlk_tbl_02417,3,2,1,false
1365,dlk_tbl_00359,3,2,1,false
1366,gob_tbl_02983,3,2,1,false
1367,proc_tbl_02596,3,2,1,false
1368,dlk_tbl_03078,3,2,1,false
1369,gob_tbl_01230,3,2,1,false
1370,m4sco_tbl_02436,3,2,1,false
1371,dlk_tbl_01740,3,2,1,false
1372,gob_tbl_00331,3,2,1,false
1373,dlk_tbl_00107,3,2,1,false
1374,dlk_tbl_01930,3,2,1,false
1375,gob_tbl_00878,3,2,1,false
1376,gob_tbl_03132,3,2,1,false
1377,proc_tbl_03031,3,2,1,false
1378,dlk_tbl_00097,3,2,1,false
1379,dlk_tbl_02726,3,2,1,false
1380,gob_tbl_01234,3,2,1,false
1381,gob_tbl_02425,3,2,1,false
1382,gob_tbl_00181,3,2,1,false
1383,dlk_tbl_01811,3,2,1,false
1384,dlk_tbl_02912,3,2,1,false
1385,gob_tbl_02757,3,2,1,false
1386,proc_tbl_00424,3,2,1,false
1387,dlk_tbl_01695,3,2,1,false
1388,dlk_tbl_01753,3,2,1,false
1389,proc_tbl_02819,3,2,1,false
1390,proc_tbl_02091,3,2,1,false
1391,proc_tbl_00765,3,2,1,false
1392,gob_tbl_01659,3,2,1,false
1393,ppn_tbl_01057,3,2,1,false
1394,gob_tbl_01903,3,2,1,false
1395,dlk_tbl_00282,3,2,1,false
1396,std_tbl_01025,3,2,1,false
1397,gob_tbl_02048,3,2,1,false
1398,gob_tbl_02300,3,2,1,false
1399,gob_tbl_01444,3,2,1,false
1400,gob_tbl_01093,3,2,1,false
1401,gob_tbl_00833,3,2,1,false
1402,dlk_ext_00069,3,3,0,false
1403,proc_ext_00240,3,3,0,false
1404,dlk_tbl_02940,3,2,1,false
1405,dlk_tbl_01941,3,2,1,false
1406,dlk_tbl_02979,3,2,1,false
1407,std_tbl_02808,3,2,1,false
1408,dlk_tbl_00169,3,2,1,false
1409,gob_tbl_00882,3,2,1,false
1410,gob_ext_00243,3,3,0,false
1411,dlk_tbl_01959,3,2,1,false
1412,gob_tbl_00630,3,2,1,false
1413,gob_tbl_00845,3,2,1,false
1414,std_tbl_01872,3,2,1,false
1415,gob_tbl_00099,3,2,1,false
1416,dlk_tbl_00201,3,2,1,false
1417,dlk_tbl_02932,3,2,1,false
1418,proc_tbl_02695,3,2,1,false
1419,dlk_tbl_00713,3,2,1,false
1420,dlk_tbl_00259,3,2,1,false
1421,gob_tbl_00325,3,2,1,false
1422,dlk_tbl_02911,3,2,1,false
1423,ppn_tbl_01052,3,2,1,false
1424,proc_tbl_00793,3,2,1,false
1425,dlk_tbl_02403,3,2,1,false
1426,gob_tbl_02102,3,2,1,false
1427,dlk_tbl_01152,3,2,1,false
1428,dash_tbl_02856,3,2,1,false
1429,dlk_tbl_01923,3,2,1,false
1430,dlk_tbl_02293,3,2,1,false
1431,gob_tbl_03084,3,2,1,false
1432,gob_ext_00420,3,3,0,false
1433,dlk_tbl_00116,3,2,1,false
1434,dash_tbl_02311,3,1,2,true
1435,gob_tbl_01991,3,2,1,false
1436,dlk_tbl_02208,3,2,1,false
1437,dlk_tbl_03199,3,2,1,false
1438,proc_tbl_00404,3,2,1,false
1439,proc_tbl_00030,3,2,1,false
1440,gob_tbl_00735,3,2,1,false
1441,proc_tbl_02464,3,2,1,false
1442,dlk_tbl_02359,3,2,1,false
1443,gob_tbl_01214,3,2,1,false
1444,gob_tbl_02898,3,2,1,false
1445,gob_tbl_00813,3,2,1,false
1446,proc_tbl_02488,3,2,1,false
1447,gob_tbl_03001,3,2,1,false
1448,gob_tbl_01526,3,2,1,false
1449,dlk_tbl_00351,3,2,1,false
1450,dash_tbl_02768,3,2,1,false
1451,proc_tbl_00087,3,2,1,false
1452,dlk_tbl_00672,3,2,1,false
1453,proc_tbl_00389,3,2,1,false
1454,dlk_tbl_02486,3,2,1,false
1455,proc_tbl_00836,3,2,1,false
1456,m4vw_tbl_01050,3,2,1,false
1457,dlk_tbl_03117,3,2,1,false
1458,dlk_tbl_00377,3,2,1,false
1459,dlk_tbl_00429,3,2,1,false
1460,proc_tbl_02519,3,2,1,false
1461,proc_tbl_00342,3,2,1,false
1462,gob_tbl_00897,3,2,1,false
1463,proc_tbl_00958,3,2,1,false
1464,proc_tbl_00759,3,2,1,false
1465,dlk_tbl_00171,3,2,1,false
1466,proc_tbl_02413,3,1,2,true
1467,gob_tbl_00736,3,2,1,false
1468,proc_tbl_00093,3,2,1,false
1469,gob_tbl_00799,3,2,1,false
1470,dlk_tbl_01706,3,2,1,false
1471,dlk_tbl_01969,3,2,1,false
1472,proc_ext_00054,3,3,0,false
1473,gob_tbl_00249,3,2,1,false
1474,dlk_tbl_03049,3,2,1,false
1475,dash_tbl_00593,3,2,1,false
1476,proc_ext_00162,3,3,0,false
1477,gob_tbl_02534,3,2,1,false
1478,dlk_tbl_01888,3,2,1,false
1479,gob_tbl_01027,3,2,1,false
1480,dash_tbl_03061,3,2,1,false
1481,dlk_tbl_01228,3,2,1,false
1482,gob_tbl_02174,3,2,1,false
1483,gob_tbl_01048,3,2,1,false
1484,proc_tbl_01567,3,2,1,false
1485,gob_tbl_01311,3,2,1,false
1486,gob_tbl_03013,3,2,1,false
1487,gob_tbl_00499,3,2,1,false
1488,proc_tbl_02852,2,1,1,false
1489,dlk_tbl_02707,2,1,1,false
1490,dlk_tbl_02233,2,1,1,false
1491,m4sco_ext_00495,2,2,0,false
1492,dlk_tbl_01017,2,1,1,false
1493,dlk_tbl_01222,2,1,1,false
1494,std_tbl_02751,2,1,1,false
1495,gob_tbl_03144,2,1,1,false
1496,dlk_tbl_02973,2,1,1,false
1497,gob_tbl_02862,2,1,1,false
1498,dash_tbl_03034,2,1,1,false
1499,dlk_tbl_03110,2,1,1,false
1500,proc_tbl_03041,2,1,1,false
1501,dlk_tbl_02611,2,1,1,false
1502,proc_tbl_00029,2,1,1,false
1503,proc_tbl_02276,2,1,1,false
1504,dlk_tbl_02646,2,1,1,false
1505,dlk_tbl_01559,2,1,1,false
1506,dlk_tbl_01525,2,1,1,false
1507,proc_tbl_01869,2,1,1,false
1508,dash_tbl_02986,2,1,1,false
1509,gob_tbl_02291,2,1,1,false
1510,proc_tbl_01703,2,1,1,false
1511,dlk_tbl_00497,2,1,1,false
1512,std_tbl_00892,2,1,1,false
1513,dlk_tbl_00496,2,1,1,false
1514,proc_tbl_00476,2,1,1,false
1515,dlk_tbl_01603,2,1,1,false
1516,proc_tbl_01681,2,1,1,false
1517,gob_tbl_01553,2,1,1,false
1518,gob_tbl_03366,2,1,1,false
1519,dlk_tbl_02190,2,1,1,false
1520,gob_tbl_02666,2,1,1,false
1521,dlk_tbl_00026,2,1,1,false
1522,dlk_tbl_00657,2,1,1,false
1523,gob_tbl_03212,2,1,1,false
1524,dlk_tbl_00676,2,1,1,false
1525,proc_tbl_02250,2,1,1,false
1526,proc_tbl_00185,2,1,1,false
1527,dash_tbl_00111,2,1,1,false
1528,gob_tbl_00522,2,1,1,false
1529,gob_tbl_00788,2,1,1,false
1530,gob_tbl_01992,2,1,1,false
1531,m4sco_tbl_02587,2,1,1,false
1532,proc_tbl_03352,2,1,1,false
1533,gob_tbl_02310,2,1,1,false
1534,dlk_tbl_01542,2,0,2,true
1535,dlk_tbl_00938,2,1,1,false
1536,gob_tbl_00656,2,1,1,false
1537,dash_tbl_01132,2,1,1,false
1538,dash_tbl_02577,2,1,1,false
1539,dash_tbl_02096,2,1,1,false
1540,gob_tbl_03343,2,1,1,false
1541,gob_tbl_03103,2,1,1,false
1542,gob_tbl_03196,2,1,1,false
1543,m4vw_tbl_00563,2,1,1,false
1544,gob_tbl_03023,2,1,1,false
1545,gob_tbl_00301,2,1,1,false
1546,gob_tbl_02448,2,1,1,false
1547,gob_tbl_03051,2,1,1,false
1548,dash_tbl_02363,2,1,1,false
1549,m4sco_tbl_02836,2,1,1,false
1550,dlk_tbl_00333,2,1,1,false
1551,dlk_tbl_00426,2,1,1,false
1552,dlk_tbl_01527,2,1,1,false
1553,gob_tbl_02775,2,1,1,false
1554,gob_tbl_02148,2,1,1,false
1555,m4sco_tbl_00557,2,1,1,false
1556,gob_tbl_00448,2,1,1,false
1557,proc_tbl_03063,2,1,1,false
1558,gob_tbl_00982,2,1,1,false
1559,dlk_tbl_02272,2,1,1,false
1560,dash_tbl_00267,2,1,1,false
1561,dlk_tbl_02977,2,1,1,false
1562,gob_tbl_00877,2,1,1,false
1563,gob_tbl_00662,2,1,1,false
1564,proc_tbl_02586,2,1,1,false
1565,dlk_tbl_03161,2,1,1,false
1566,dlk_tbl_01977,2,1,1,false
1567,dash_tbl_01333,2,1,1,false
1568,gob_tbl_02618,2,1,1,false
1569,gob_tbl_03088,2,1,1,false
1570,dlk_tbl_01321,2,1,1,false
1571,dlk_tbl_00040,2,1,1,false
1572,gob_tbl_02470,2,1,1,false
1573,gob_tbl_00950,2,1,1,false
1574,dlk_tbl_00817,2,1,1,false
1575,dlk_tbl_02344,2,1,1,false
1576,gob_ext_00039,2,2,0,false
1577,proc_tbl_02158,2,1,1,false
1578,proc_tbl_03053,2,1,1,false
1579,dlk_tbl_00365,2,1,1,false
1580,proc_tbl_00888,2,1,1,false
1581,dlk_tbl_00794,2,1,1,false
1582,proc_tbl_00871,2,0,2,true
1583,proc_tbl_01307,2,1,1,false
1584,std_tbl_00082,2,1,1,false
1585,gob_tbl_00769,2,1,1,false
1586,gob_ext_00270,2,2,0,false
1587,dlk_tbl_02524,2,1,1,false
1588,gob_tbl_02662,2,1,1,false
1589,proc_tbl_02595,2,1,1,false
1590,proc_tbl_01637,2,1,1,false
1591,gob_tbl_01431,2,1,1,false
1592,gob_tbl_02196,2,1,1,false
1593,gob_tbl_02985,2,1,1,false
1594,gob_ext_00253,2,2,0,false
1595,dlk_tbl_02634,2,1,1,false
1596,dlk_tbl_00252,2,1,1,false
1597,dlk_tbl_01154,2,1,1,false
1598,dash_tbl_01295,2,1,1,false
1599,dash_tbl_00766,2,1,1,false
1600,dash_tbl_02637,2,1,1,false
1601,dlk_tbl_03068,2,1,1,false
1602,gob_tbl_02774,2,1,1,false
1603,dlk_tbl_00047,2,1,1,false
1604,gob_tbl_00926,2,1,1,false
1605,dlk_tbl_02163,2,1,1,false
1606,dlk_tbl_02696,2,1,1,false
1607,m4vw_ext_00369,2,2,0,false
1608,dlk_tbl_01572,2,1,1,false
1609,dash_tbl_01156,2,1,1,false
1610,proc_tbl_00729,2,1,1,false
1611,dlk_tbl_03365,2,1,1,false
1612,dlk_tbl_00220,2,1,1,false
1613,dlk_tbl_03026,2,1,1,false
1614,proc_tbl_02408,2,1,1,false
1615,dlk_tbl_01272,2,1,1,false
1616,dlk_tbl_00328,2,1,1,false
1617,dlk_tbl_02046,2,1,1,false
1618,gob_tbl_02566,2,1,1,false
1619,m4vw_tbl_01687,2,1,1,false
1620,gob_tbl_02438,2,1,1,false
1621,gob_tbl_02889,2,1,1,false
1622,ppn_tbl_03027,2,1,1,false
1623,gob_tbl_01104,2,1,1,false
1624,gob_tbl_03355,2,1,1,false
1625,gob_tbl_00827,2,1,1,false
1626,proc_tbl_02824,2,1,1,false
1627,proc_tbl_03243,2,1,1,false
1628,dlk_tbl_01587,2,1,1,false
1629,gob_tbl_01237,2,1,1,false
1630,proc_tbl_01962,2,1,1,false
1631,gob_tbl_00763,2,1,1,false
1632,dlk_tbl_02546,2,1,1,false
1633,gob_tbl_00930,2,1,1,false
1634,dlk_tbl_00782,2,1,1,false
1635,std_tbl_00293,2,1,1,false
1636,dlk_tbl_01879,2,1,1,false
1637,gob_tbl_01902,2,1,1,false
1638,dlk_tbl_00137,2,1,1,false
1639,std_tbl_00850,2,1,1,false
1640,std_tbl_02955,2,1,1,false
1641,gob_tbl_01045,2,1,1,false
1642,dlk_tbl_03135,2,1,1,false
1643,gob_ext_00106,2,2,0,false
1644,proc_tbl_03283,2,1,1,false
1645,gob_tbl_00371,2,1,1,false
1646,ppn_tbl_02018,2,1,1,false
1647,proc_tbl_01798,2,1,1,false
1648,dlk_tbl_00835,2,1,1,false
1649,gob_tbl_02407,2,1,1,false
1650,std_tbl_01626,2,1,1,false
1651,proc_tbl_02277,2,1,1,false
1652,dlk_tbl_02520,2,1,1,false
1653,std_tbl_00315,2,1,1,false
1654,gob_tbl_01671,2,1,1,false
1655,gob_tbl_03303,2,0,2,true
1656,gob_tbl_01631,2,0,2,true
1657,gob_tbl_02315,2,1,1,false
1658,dlk_tbl_01917,2,1,1,false
1659,dlk_tbl_00728,2,1,1,false
1660,gob_ext_00118,2,2,0,false
1661,dlk_tbl_02286,2,1,1,false
1662,dlk_tbl_00666,2,1,1,false
1663,dlk_tbl_00391,2,1,1,false
1664,gob_tbl_02606,2,1,1,false
1665,dlk_tbl_02972,2,1,1,false
1666,proc_tbl_01966,2,1,1,false
1667,dlk_tbl_02529,2,1,1,false
1668,dlk_tbl_00362,2,1,1,false
1669,dlk_ext_00210,2,2,0,false
1670,proc_tbl_02845,2,1,1,false
1671,dlk_tbl_02528,2,1,1,false
1672,std_tbl_02669,2,1,1,false
1673,gob_tbl_00924,2,1,1,false
1674,dash_tbl_02249,2,1,1,false
1675,dlk_tbl_01037,2,1,1,false
1676,gob_tbl_01151,2,1,1,false
1677,gob_tbl_00533,2,1,1,false
1678,dlk_tbl_01927,2,1,1,false
1679,gob_tbl_00280,2,1,1,false
1680,gob_tbl_01790,2,1,1,false
1681,dlk_tbl_02563,2,1,1,false
1682,dlk_tbl_00683,2,1,1,false
1683,gob_tbl_00755,2,1,1,false
1684,dlk_tbl_00966,2,1,1,false
1685,gob_tbl_01343,2,1,1,false
1686,dlk_tbl_00597,2,1,1,false
1687,gob_tbl_03081,2,0,2,true
1688,gob_tbl_00050,2,1,1,false
1689,gob_tbl_01729,2,1,1,false
1690,gob_tbl_02612,2,1,1,false
1691,ppn_tbl_02641,2,1,1,false
1692,gob_tbl_02847,2,1,1,false
1693,dlk_tbl_01509,2,1,1,false
1694,gob_tbl_01371,2,1,1,false
1695,gob_tbl_01606,2,1,1,false
1696,gob_tbl_02029,2,1,1,false
1697,dlk_tbl_02675,2,1,1,false
1698,m4vw_tbl_00056,2,1,1,false
1699,dlk_tbl_01514,2,1,1,false
1700,proc_tbl_01363,2,1,1,false
1701,gob_tbl_02545,2,1,1,false
1702,proc_tbl_01324,2,1,1,false
1703,dlk_tbl_01424,2,1,1,false
1704,proc_tbl_02386,2,1,1,false
1705,proc_tbl_01951,2,1,1,false
1706,gob_tbl_01711,2,1,1,false
1707,dlk_tbl_00710,2,1,1,false
1708,gob_tbl_00193,2,1,1,false
1709,std_tbl_00482,2,1,1,false
1710,dash_tbl_01092,2,1,1,false
1711,gob_tbl_02686,2,1,1,false
1712,dlk_tbl_00814,2,1,1,false
1713,gob_tbl_00106,2,1,1,false
1714,gob_tbl_00637,2,1,1,false
1715,gob_tbl_02348,2,1,1,false
1716,ppn_tbl_00636,2,1,1,false
1717,dlk_tbl_00532,2,1,1,false
1718,dlk_tbl_02660,2,1,1,false
1719,proc_tbl_00214,2,1,1,false
1720,dlk_tbl_02287,2,1,1,false
1721,dlk_tbl_01748,2,1,1,false
1722,dlk_tbl_00513,2,1,1,false
1723,proc_tbl_00844,2,1,1,false
1724,dlk_tbl_02682,2,1,1,false
1725,dlk_tbl_02511,2,1,1,false
1726,dlk_tbl_01483,2,1,1,false
1727,gob_tbl_01861,2,1,1,false
1728,proc_tbl_01416,2,1,1,false
1729,dlk_tbl_00147,2,1,1,false
1730,m4vw_tbl_02199,2,1,1,false
1731,proc_tbl_01690,2,1,1,false
1732,proc_tbl_00795,2,1,1,false
1733,gob_tbl_03005,2,1,1,false
1734,gob_tbl_00096,2,1,1,false
1735,gob_tbl_00189,2,1,1,false
1736,dlk_tbl_03272,2,1,1,false
1737,gob_tbl_01745,2,1,1,false
1738,m4sco_tbl_02447,2,1,1,false
1739,gob_tbl_01462,2,1,1,false
1740,gob_tbl_00485,2,1,1,false
1741,gob_tbl_02254,2,0,2,true
1742,dlk_tbl_02138,2,1,1,false
1743,m4vw_tbl_00135,2,1,1,false
1744,proc_tbl_02273,2,1,1,false
1745,dlk_tbl_02121,2,1,1,false
1746,gob_tbl_01012,2,1,1,false
1747,gob_tbl_02865,2,1,1,false
1748,dlk_ext_00248,2,2,0,false
1749,proc_tbl_00346,2,1,1,false
1750,dlk_tbl_01058,2,1,1,false
1751,dlk_tbl_01507,2,1,1,false
1752,dlk_tbl_02913,2,1,1,false
1753,dlk_tbl_03290,2,1,1,false
1754,gob_tbl_02583,2,1,1,false
1755,proc_tbl_00820,2,1,1,false
1756,gob_tbl_02676,2,1,1,false
1757,gob_tbl_03307,2,1,1,false
1758,gob_tbl_01243,2,1,1,false
1759,dlk_tbl_02457,2,1,1,false
1760,proc_tbl_02645,2,1,1,false
1761,dlk_tbl_02579,2,1,1,false
1762,dlk_tbl_01574,2,1,1,false
1763,proc_tbl_00686,2,1,1,false
1764,proc_tbl_02858,2,1,1,false
1765,dlk_tbl_02880,2,1,1,false
1766,proc_tbl_02113,2,1,1,false
1767,gob_tbl_01002,2,1,1,false
1768,dlk_tbl_01016,2,1,1,false
1769,gob_tbl_02176,2,1,1,false
1770,gob_ext_00275,2,2,0,false
1771,std_tbl_02343,2,1,1,false
1772,dash_tbl_02230,2,1,1,false
1773,proc_tbl_00853,2,1,1,false
1774,proc_tbl_00162,2,1,1,false
1775,proc_tbl_01727,2,1,1,false
1776,dlk_tbl_01979,2,1,1,false
1777,proc_tbl_00102,2,1,1,false
1778,dlk_tbl_00313,2,1,1,false
1779,dlk_tbl_02451,2,1,1,false
1780,dlk_tbl_02817,2,1,1,false
1781,dash_tbl_01653,2,1,1,false
1782,gob_tbl_02157,2,1,1,false
1783,dlk_ext_00380,2,2,0,false
1784,dlk_ext_00280,2,2,0,false
1785,std_tbl_00702,2,1,1,false
1786,dlk_tbl_01302,2,1,1,false
1787,gob_tbl_02280,2,1,1,false
1788,proc_tbl_01252,2,1,1,false
1789,proc_tbl_02530,2,1,1,false
1790,dlk_tbl_00810,2,1,1,false
1791,proc_tbl_00417,2,1,1,false
1792,gob_tbl_02624,2,1,1,false
1793,gob_tbl_00335,2,1,1,false
1794,std_tbl_02051,2,1,1,false
1795,gob_tbl_01947,2,1,1,false
1796,gob_tbl_02056,2,1,1,false
1797,dlk_tbl_01731,2,1,1,false
1798,dlk_tbl_00581,2,1,1,false
1799,dlk_tbl_01937,2,1,1,false
1800,gob_tbl_00941,2,1,1,false
1801,gob_tbl_02562,2,1,1,false
1802,dlk_tbl_02561,2,1,1,false
1803,gob_ext_00417,2,2,0,false
1804,dlk_tbl_03175,2,1,1,false
1805,proc_tbl_00821,2,1,1,false
1806,dlk_tbl_01495,2,1,1,false
1807,dlk_tbl_01502,2,1,1,false
1808,dlk_tbl_01384,2,1,1,false
1809,proc_tbl_01145,2,1,1,false
1810,gob_tbl_02235,2,1,1,false
1811,dlk_tbl_02239,2,1,1,false
1812,dlk_tbl_00749,2,1,1,false
1813,dlk_tbl_00281,2,1,1,false
1814,gob_tbl_02957,2,1,1,false
1815,gob_tbl_01518,2,1,1,false
1816,gob_tbl_01585,2,1,1,false
1817,dlk_tbl_02828,2,1,1,false
1818,proc_tbl_02574,2,1,1,false
1819,dash_tbl_02692,2,1,1,false
1820,gob_tbl_00886,2,1,1,false
1821,gob_tbl_02005,2,1,1,false
1822,dlk_tbl_01801,2,1,1,false
1823,dlk_tbl_02283,2,1,1,false
1824,dlk_tbl_00706,2,1,1,false
1825,dash_tbl_03050,2,1,1,false
1826,dlk_tbl_01867,2,1,1,false
1827,dlk_tbl_03248,2,1,1,false
1828,dlk_tbl_01586,2,1,1,false
1829,dlk_tbl_01500,2,1,1,false
1830,dlk_ext_00418,2,2,0,false
1831,proc_ext_00247,2,2,0,false
1832,dlk_tbl_01939,2,1,1,false
1833,dash_ext_00494,2,2,0,false
1834,m4sco_tbl_01523,2,1,1,false
1835,gob_tbl_00015,2,1,1,false
1836,dash_tbl_01591,2,1,1,false
1837,dlk_tbl_01153,2,1,1,false
1838,dlk_tbl_01394,2,1,1,false
1839,gob_ext_00327,2,2,0,false
1840,dlk_tbl_00518,2,1,1,false
1841,dlk_tbl_00355,2,1,1,false
1842,gob_tbl_00754,2,1,1,false
1843,m4vw_tbl_01494,2,1,1,false
1844,dash_tbl_01473,2,1,1,false
1845,dlk_tbl_02550,2,1,1,false
1846,dlk_tbl_00987,2,1,1,false
1847,dash_ext_00432,2,2,0,false
1848,dlk_tbl_02625,2,1,1,false
1849,gob_tbl_02065,2,1,1,false
1850,dlk_tbl_02605,2,1,1,false
1851,dash_tbl_00406,2,1,1,false
1852,proc_tbl_02693,2,1,1,false
1853,gob_tbl_02868,2,1,1,false
1854,dlk_tbl_00237,2,1,1,false
1855,dash_tbl_02246,2,1,1,false
1856,dlk_tbl_01604,2,1,1,false
1857,gob_tbl_01235,2,1,1,false
1858,std_tbl_02262,2,1,1,false
1859,dlk_tbl_03150,2,1,1,false
1860,dlk_tbl_02313,2,1,1,false
1861,proc_tbl_01367,2,1,1,false
1862,dash_tbl_02078,2,1,1,false
1863,gob_tbl_01782,2,1,1,false
1864,gob_tbl_00396,2,1,1,false
1865,dash_tbl_00028,2,1,1,false
1866,proc_tbl_02294,2,1,1,false
1867,dlk_tbl_03090,2,1,1,false
1868,proc_tbl_00374,2,1,1,false
1869,dlk_tbl_03191,2,1,1,false
1870,dlk_tbl_01206,2,1,1,false
1871,gob_tbl_00929,2,1,1,false
1872,dlk_tbl_01322,2,1,1,false
1873,dlk_tbl_01346,2,1,1,false
1874,gob_tbl_02066,2,1,1,false
1875,dlk_tbl_01479,2,1,1,false
1876,gob_tbl_01980,2,1,1,false
1877,dlk_tbl_02647,2,1,1,false
1878,gob_tbl_02782,2,1,1,false
1879,gob_tbl_00124,2,1,1,false
1880,gob_tbl_02334,2,1,1,false
1881,gob_tbl_03270,2,1,1,false
1882,std_tbl_02377,2,1,1,false
1883,dash_tbl_02745,2,1,1,false
1884,proc_tbl_00123,2,1,1,false
1885,proc_tbl_00876,2,1,1,false
1886,dlk_tbl_03091,2,1,1,false
1887,gob_tbl_00483,2,1,1,false
1888,gob_tbl_02663,2,1,1,false
1889,gob_tbl_00414,2,1,1,false
1890,dlk_tbl_02355,2,1,1,false
1891,gob_tbl_03162,2,1,1,false
1892,std_tbl_00620,2,1,1,false
1893,dlk_tbl_02082,2,1,1,false
1894,gob_tbl_03255,2,1,1,false
1895,gob_tbl_00990,2,1,1,false
1896,gob_tbl_01583,2,1,1,false
1897,gob_tbl_02680,2,1,1,false
1898,dlk_tbl_03224,2,1,1,false
1899,gob_tbl_01949,2,1,1,false
1900,proc_tbl_00283,2,1,1,false
1901,dlk_tbl_01334,2,1,1,false
1902,gob_tbl_03227,2,1,1,false
1903,dlk_tbl_00048,2,1,1,false
1904,gob_tbl_00148,2,1,1,false
1905,dlk_tbl_02264,2,1,1,false
1906,dlk_tbl_01231,2,1,1,false
1907,proc_tbl_03136,2,1,1,false
1908,gob_tbl_02931,2,1,1,false
1909,gob_tbl_02582,2,1,1,false
1910,m4vw_tbl_02777,2,1,1,false
1911,proc_tbl_01625,2,1,1,false
1912,gob_tbl_00370,2,1,1,false
1913,proc_ext_00382,2,2,0,false
1914,gob_tbl_03299,2,1,1,false
1915,gob_tbl_01905,2,1,1,false
1916,dlk_tbl_02752,2,1,1,false
1917,gob_ext_00176,2,2,0,false
1918,dlk_tbl_00738,2,1,1,false
1919,gob_tbl_02908,2,1,1,false
1920,dlk_tbl_01264,2,1,1,false
1921,proc_tbl_03321,2,1,1,false
1922,dlk_tbl_00989,2,1,1,false
1923,dlk_tbl_02068,2,1,1,false
1924,dlk_tbl_02657,2,1,1,false
1925,dash_tbl_02053,2,1,1,false
1926,m4sco_tbl_02426,2,1,1,false
1927,proc_tbl_00803,2,1,1,false
1928,dlk_tbl_00484,2,1,1,false
1929,dlk_tbl_02274,2,1,1,false
1930,proc_tbl_00143,2,1,1,false
1931,gob_tbl_03257,2,1,1,false
1932,dlk_tbl_00376,2,1,1,false
1933,gob_tbl_02656,2,1,1,false
1934,dash_tbl_01266,2,1,1,false
1935,m4vw_tbl_00831,2,1,1,false
1936,proc_tbl_03080,2,1,1,false
1937,m4vw_tbl_02687,2,1,1,false
1938,dash_tbl_01810,2,1,1,false
1939,dlk_tbl_01162,2,1,1,false
1940,proc_tbl_02738,2,1,1,false
1941,dlk_tbl_02227,2,1,1,false
1942,dlk_tbl_03118,2,1,1,false
1943,dlk_tbl_01076,2,1,1,false
1944,gob_tbl_00155,2,1,1,false
1945,gob_tbl_03226,2,1,1,false
1946,std_tbl_00129,2,1,1,false
1947,gob_tbl_02552,2,1,1,false
1948,proc_tbl_03129,2,1,1,false
1949,dlk_tbl_00727,2,1,1,false
1950,proc_tbl_00855,2,1,1,false
1951,gob_tbl_00412,2,1,1,false
1952,dlk_tbl_00684,2,1,1,false
1953,gob_tbl_02001,2,1,1,false
1954,proc_tbl_00260,2,0,2,true
1955,proc_tbl_01146,2,1,1,false
1956,dash_tbl_00646,2,1,1,false
1957,gob_tbl_00353,2,1,1,false
1958,gob_tbl_03148,2,1,1,false
1959,ppn_tbl_00503,2,1,1,false
1960,std_tbl_03173,2,1,1,false
1961,dash_tbl_00711,2,1,1,false
1962,gob_tbl_01777,2,1,1,false
1963,dash_tbl_00767,2,1,1,false
1964,dlk_tbl_01674,2,1,1,false
1965,dlk_tbl_01388,2,1,1,false
1966,dlk_tbl_03275,2,1,1,false
1967,dlk_tbl_03067,2,1,1,false
1968,gob_tbl_01213,2,1,1,false
1969,gob_tbl_01669,2,1,1,false
1970,gob_tbl_00598,2,1,1,false
1971,gob_tbl_01261,2,1,1,false
1972,dlk_tbl_00724,2,1,1,false
1973,proc_tbl_00161,2,1,1,false
1974,proc_tbl_01774,2,1,1,false
1975,proc_tbl_01068,2,1,1,false
1976,dlk_tbl_03349,2,1,1,false
1977,gob_tbl_01546,2,1,1,false
1978,gob_tbl_02995,2,1,1,false
1979,proc_tbl_02936,2,1,1,false
1980,std_tbl_00393,2,1,1,false
1981,dlk_tbl_02974,2,1,1,false
1982,gob_tbl_00936,2,1,1,false
1983,gob_tbl_00212,2,1,1,false
1984,dlk_tbl_00110,2,1,1,false
1985,proc_tbl_00559,2,1,1,false
1986,gob_tbl_02607,2,0,2,true
1987,dash_tbl_00168,2,1,1,false
1988,proc_tbl_00585,2,1,1,false
1989,dlk_tbl_03169,2,1,1,false
1990,dlk_tbl_03121,2,1,1,false
1991,proc_tbl_02510,2,1,1,false
1992,gob_tbl_03241,2,1,1,false
1993,gob_tbl_01650,2,1,1,false
1994,m4vw_tbl_00621,2,1,1,false
1995,proc_tbl_03304,2,1,1,false
1996,dash_tbl_01398,2,1,1,false
1997,dlk_tbl_01779,2,1,1,false
1998,ppn_tbl_02921,2,1,1,false
1999,dlk_tbl_01278,2,1,1,false
2000,ppn_tbl_00905,2,1,1,false
2001,gob_tbl_00664,2,1,1,false
2002,gob_tbl_00472,2,1,1,false
2003,dlk_tbl_01022,2,1,1,false
2004,proc_tbl_00324,2,1,1,false
2005,dlk_tbl_00480,2,1,1,false
2006,dlk_tbl_01109,2,1,1,false
2007,gob_tbl_02339,2,1,1,false
2008,dlk_tbl_03142,2,1,1,false
2009,dlk_tbl_01459,2,1,1,false
2010,dlk_tbl_02147,2,1,1,false
2011,dlk_tbl_00838,2,0,2,true
2012,m4vw_tbl_02314,2,1,1,false
2013,gob_tbl_00599,2,1,1,false
2014,dlk_tbl_00708,2,1,1,false
2015,dlk_tbl_00450,2,1,1,false
2016,dlk_tbl_00203,2,1,1,false
2017,dlk_tbl_01399,2,1,1,false
2018,dlk_tbl_00554,2,1,1,false
2019,dash_tbl_00016,2,1,1,false
2020,gob_tbl_02765,2,1,1,false
2021,gob_tbl_03100,2,1,1,false
2022,proc_tbl_02466,2,1,1,false
2023,dash_tbl_00508,2,1,1,false
2024,m4vw_ext_00411,2,2,0,false
2025,dlk_tbl_02328,2,1,1,false
2026,dash_tbl_01926,2,1,1,false
2027,dlk_tbl_01208,2,1,1,false
2028,dash_ext_00412,2,2,0,false
2029,gob_tbl_02853,2,1,1,false
2030,dash_tbl_00618,2,1,1,false
2031,gob_tbl_03198,2,1,1,false
2032,dash_tbl_01306,2,1,1,false
2033,proc_tbl_01250,2,1,1,false
2034,proc_tbl_02863,2,1,1,false
2035,gob_tbl_02365,2,1,1,false
2036,dlk_tbl_01074,2,1,1,false
2037,gob_tbl_02115,2,1,1,false
2038,proc_tbl_00242,2,1,1,false
2039,proc_tbl_02653,2,1,1,false
2040,dlk_tbl_02116,2,1,1,false
2041,gob_ext_00216,2,2,0,false
2042,proc_tbl_01916,2,1,1,false
2043,proc_tbl_02834,2,1,1,false
2044,dlk_tbl_03098,2,1,1,false
2045,gob_tbl_00057,2,1,1,false
2046,gob_tbl_00172,2,1,1,false
2047,dash_tbl_02472,2,1,1,false
2048,dash_tbl_02150,2,1,1,false
2049,gob_tbl_03002,2,1,1,false
2050,gob_tbl_02064,2,1,1,false
2051,proc_tbl_02570,2,1,1,false
2052,gob_tbl_03220,2,1,1,false
2053,proc_tbl_01702,2,1,1,false
2054,proc_tbl_02266,2,1,1,false
2055,gob_tbl_00594,2,1,1,false
2056,gob_tbl_03099,2,0,2,true
2057,proc_tbl_03059,2,1,1,false
2058,proc_tbl_03267,2,1,1,false
2059,proc_tbl_03187,2,1,1,false
2060,gob_tbl_01202,2,1,1,false
2061,gob_tbl_01785,2,1,1,false
2062,dlk_tbl_00063,2,1,1,false
2063,dash_tbl_02998,2,1,1,false
2064,dlk_tbl_01417,2,1,1,false
2065,gob_ext_00274,2,2,0,false
2066,dash_tbl_02362,2,1,1,false
2067,dlk_tbl_01313,2,1,1,false
2068,proc_tbl_02088,2,1,1,false
2069,gob_tbl_01531,2,1,1,false
2070,dlk_tbl_03093,2,1,1,false
2071,dash_tbl_02633,2,1,1,false
2072,gob_tbl_02717,2,1,1,false
2073,dlk_tbl_02812,2,1,1,false
2074,dlk_tbl_02638,2,1,1,false
2075,gob_tbl_02185,2,1,1,false
2076,std_tbl_00590,2,0,2,true
2077,proc_tbl_02652,2,1,1,false
2078,proc_tbl_00928,2,1,1,false
2079,proc_tbl_03046,2,1,1,false
2080,dlk_tbl_02735,2,1,1,false
2081,proc_tbl_00138,2,1,1,false
2082,dlk_ext_00339,2,2,0,false
2083,std_tbl_02132,2,1,1,false
2084,dlk_tbl_01013,2,1,1,false
2085,gob_tbl_01087,2,0,2,true
2086,gob_tbl_00516,2,1,1,false
2087,dlk_tbl_02223,2,1,1,false
2088,dash_tbl_03253,2,1,1,false
2089,dlk_tbl_02758,2,1,1,false
2090,dlk_tbl_00154,2,1,1,false
2091,gob_tbl_00179,2,1,1,false
2092,dash_tbl_02553,2,1,1,false
2093,proc_tbl_03073,2,1,1,false
2094,dlk_tbl_02654,2,1,1,false
2095,gob_tbl_03205,2,1,1,false
2096,dlk_ext_00343,2,2,0,false
2097,proc_tbl_01021,2,1,1,false
2098,gob_tbl_02127,2,1,1,false
2099,dlk_tbl_00343,2,1,1,false
2100,dlk_tbl_02050,2,1,1,false
2101,gob_tbl_01192,2,1,1,false
2102,proc_tbl_00602,2,1,1,false
2103,proc_tbl_02120,2,1,1,false
2104,gob_tbl_01086,2,1,1,false
2105,dlk_tbl_00808,2,1,1,false
2106,dlk_tbl_02173,2,1,1,false
2107,dlk_tbl_02866,2,1,1,false
2108,dlk_tbl_02025,2,1,1,false
2109,std_tbl_01455,2,1,1,false
2110,gob_tbl_01769,2,1,1,false
2111,gob_tbl_03354,2,1,1,false
2112,std_tbl_00944,2,1,1,false
2113,dash_tbl_01095,2,1,1,false
2114,gob_tbl_02918,2,1,1,false
2115,dlk_tbl_01878,2,1,1,false
2116,gob_tbl_03342,2,1,1,false
2117,gob_tbl_02622,2,1,1,false
2118,gob_ext_00061,2,2,0,false
2119,dlk_ext_00049,2,2,0,false
2120,gob_tbl_01240,2,1,1,false
2121,dlk_tbl_00411,2,1,1,false
2122,gob_tbl_03197,2,1,1,false
2123,gob_tbl_02839,2,1,1,false
2124,gob_tbl_03336,2,1,1,false
2125,dlk_tbl_01284,2,1,1,false
2126,gob_tbl_01065,2,1,1,false
2127,proc_tbl_01578,2,1,1,false
2128,proc_tbl_01511,2,1,1,false
2129,gob_tbl_00701,2,1,1,false
2130,dlk_tbl_03155,2,1,1,false
2131,gob_tbl_02715,2,1,1,false
2132,dlk_ext_00457,2,2,0,false
2133,dlk_tbl_01163,2,1,1,false
2134,ppn_tbl_03089,2,1,1,false
2135,gob_tbl_01995,2,1,1,false
2136,proc_tbl_03066,2,1,1,false
2137,dlk_tbl_01440,2,1,1,false
2138,gob_tbl_01392,2,1,1,false
2139,dlk_tbl_01274,2,1,1,false
2140,gob_tbl_01141,2,1,1,false
2141,gob_tbl_01484,2,1,1,false
2142,ppn_tbl_01652,2,1,1,false
2143,dash_tbl_03326,2,1,1,false
2144,proc_tbl_00191,2,1,1,false
2145,dlk_tbl_01645,2,1,1,false
2146,dlk_tbl_01317,2,1,1,false
2147,proc_tbl_00159,2,1,1,false
2148,dlk_tbl_02869,2,1,1,false
2149,proc_tbl_02247,2,1,1,false
2150,gob_tbl_00600,2,1,1,false
2151,proc_tbl_00758,2,1,1,false
2152,proc_tbl_03166,2,1,1,false
2153,dlk_tbl_01883,2,1,1,false
2154,gob_tbl_03079,2,1,1,false
2155,dlk_tbl_03216,2,1,1,false
2156,dash_tbl_02919,2,1,1,false
2157,gob_tbl_00573,2,1,1,false
2158,proc_tbl_01470,2,1,1,false
2159,dlk_tbl_03113,2,1,1,false
2160,proc_tbl_01368,2,1,1,false
2161,gob_tbl_00303,2,1,1,false
2162,dlk_tbl_00623,2,1,1,false
2163,std_tbl_02259,2,1,1,false
2164,dlk_ext_00336,2,2,0,false
2165,gob_tbl_01248,2,1,1,false
2166,dlk_tbl_00578,2,1,1,false
2167,std_tbl_00100,2,1,1,false
2168,dlk_tbl_00310,2,1,1,false
2169,gob_tbl_02021,2,1,1,false
2170,gob_tbl_03302,2,1,1,false
2171,dlk_tbl_00961,2,1,1,false
2172,proc_tbl_00317,2,1,1,false
2173,gob_tbl_02414,2,1,1,false
2174,dlk_tbl_00997,2,1,1,false
2175,proc_tbl_00059,2,1,1,false
2176,gob_tbl_01677,2,1,1,false
2177,gob_tbl_01725,2,1,1,false
2178,ppn_tbl_00183,2,1,1,false
2179,dlk_tbl_00632,2,1,1,false
2180,gob_tbl_03215,2,1,1,false
2181,dlk_tbl_00227,2,1,1,false
2182,std_tbl_00991,2,1,1,false
2183,gob_tbl_02398,2,1,1,false
2184,dlk_tbl_00771,2,1,1,false
2185,proc_tbl_03331,2,1,1,false
2186,dlk_tbl_01924,2,1,1,false
2187,dlk_tbl_02076,2,1,1,false
2188,dlk_tbl_02450,2,1,1,false
2189,dash_tbl_01719,2,1,1,false
2190,dlk_tbl_02831,2,1,1,false
2191,dlk_tbl_02683,2,1,1,false
2192,gob_tbl_01351,2,1,1,false
2193,proc_tbl_02093,2,1,1,false
2194,gob_tbl_00292,2,1,1,false
2195,dlk_tbl_01114,2,1,1,false
2196,dlk_tbl_01964,2,1,1,false
2197,dash_tbl_02716,2,1,1,false
2198,gob_tbl_01870,2,1,1,false
2199,gob_tbl_01135,2,1,1,false
2200,proc_tbl_01850,2,1,1,false
2201,dlk_tbl_01805,2,1,1,false
2202,gob_tbl_00913,2,1,1,false
2203,dlk_tbl_03056,2,1,1,false
2204,proc_tbl_00251,2,1,1,false
2205,gob_tbl_02367,2,1,1,false
2206,gob_tbl_01149,2,1,1,false
2207,std_tbl_02771,2,1,1,false
2208,dash_tbl_00407,2,1,1,false
2209,gob_tbl_02243,2,1,1,false
2210,gob_tbl_01310,2,1,1,false
2211,dlk_tbl_00436,2,1,1,false
2212,proc_tbl_01059,2,1,1,false
2213,gob_tbl_03268,2,1,1,false
2214,dlk_tbl_02330,2,1,1,false
2215,gob_tbl_00326,2,1,1,false
2216,gob_tbl_00899,2,1,1,false
2217,m4sco_tbl_02739,2,1,1,false
2218,gob_tbl_00540,2,1,1,false
2219,gob_tbl_00757,2,1,1,false
2220,proc_tbl_00949,2,1,1,false
2221,dlk_tbl_00973,2,1,1,false
2222,gob_tbl_03313,2,1,1,false
2223,dlk_tbl_03075,2,1,1,false
2224,gob_tbl_01854,2,1,1,false
2225,gob_tbl_01608,2,1,1,false
2226,dash_tbl_02779,2,1,1,false
2227,gob_tbl_02746,2,1,1,false
2228,dash_tbl_01481,2,1,1,false
2229,gob_tbl_01530,2,1,1,false
2230,m4sco_tbl_01131,2,1,1,false
2231,dlk_ext_00083,2,2,0,false
2232,proc_tbl_01241,2,1,1,false
2233,gob_tbl_01292,2,1,1,false
2234,gob_tbl_00378,2,1,1,false
2235,proc_tbl_00947,2,1,1,false
2236,proc_tbl_01215,2,1,1,false
2237,gob_tbl_03128,2,1,1,false
2238,dlk_tbl_00173,2,1,1,false
2239,proc_tbl_01445,2,1,1,false
2240,dlk_tbl_02878,2,1,1,false
2241,gob_tbl_03276,2,1,1,false
2242,dlk_tbl_01249,2,1,1,false
2243,gob_tbl_01014,2,1,1,false
2244,gob_tbl_02934,2,1,1,false
2245,dash_tbl_01860,2,1,1,false
2246,gob_tbl_01906,2,1,1,false
2247,dlk_tbl_02275,2,1,1,false
2248,dash_tbl_00245,2,1,1,false
2249,gob_tbl_02335,2,1,1,false
2250,gob_tbl_00430,2,1,1,false
2251,dlk_tbl_01223,2,1,1,false
2252,proc_tbl_00852,2,1,1,false
2253,gob_tbl_02268,2,1,1,false
2254,dlk_tbl_02042,2,1,1,false
2255,proc_tbl_02225,2,1,1,false
2256,dlk_tbl_02281,2,1,1,false
2257,gob_tbl_00156,2,1,1,false
2258,gob_tbl_00807,2,1,1,false
2259,dlk_tbl_02479,2,1,1,false
2260,proc_tbl_01847,2,1,1,false
2261,dlk_tbl_00603,2,1,1,false
2262,dlk_tbl_01219,2,1,1,false
2263,gob_ext_00377,2,2,0,false
2264,gob_tbl_01787,2,1,1,false
2265,dlk_tbl_03269,2,1,1,false
2266,gob_tbl_01148,2,1,1,false
2267,gob_tbl_01685,2,1,1,false
2268,gob_tbl_01898,2,1,1,false
2269,gob_tbl_02790,2,1,1,false
2270,dash_tbl_01862,2,1,1,false
2271,m4vw_tbl_01877,2,1,1,false
2272,dlk_tbl_03181,2,1,1,false
2273,proc_tbl_00529,2,1,1,false
2274,dlk_tbl_00716,2,1,1,false
2275,dlk_tbl_02209,2,1,1,false
2276,proc_tbl_00340,2,1,1,false
2277,gob_tbl_00923,2,1,1,false
2278,m4vw_tbl_01296,2,1,1,false
2279,dlk_tbl_02872,2,1,1,false
2280,dlk_tbl_01283,2,1,1,false
2281,gob_tbl_00717,2,1,1,false
2282,dash_tbl_01441,2,1,1,false
2283,gob_tbl_02874,2,1,1,false
2284,gob_tbl_02427,2,1,1,false
2285,gob_tbl_00492,2,1,1,false
2286,gob_tbl_02702,2,1,1,false
2287,gob_tbl_01205,2,1,1,false
2288,dash_tbl_00240,2,0,2,true
2289,dash_tbl_00898,2,1,1,false
2290,gob_tbl_00475,2,1,1,false
2291,dash_tbl_02312,2,1,1,false
2292,proc_tbl_01908,2,1,1,false
2293,gob_tbl_00434,2,1,1,false
2294,gob_tbl_01635,2,1,1,false
2295,gob_tbl_01403,2,1,1,false
2296,std_tbl_01140,2,1,1,false
2297,gob_tbl_00309,2,1,1,false
2298,m4sco_tbl_00614,2,1,1,false
2299,gob_tbl_00948,2,1,1,false
2300,gob_tbl_00027,2,1,1,false
2301,proc_tbl_01447,2,1,1,false
2302,ppn_tbl_02031,2,1,1,false
2303,dlk_ext_00473,2,2,0,false
2304,dlk_tbl_02763,2,1,1,false
2305,gob_tbl_02937,2,1,1,false
2306,m4vw_tbl_02410,2,1,1,false
2307,gob_tbl_03096,2,1,1,false
2308,dlk_tbl_00772,2,1,1,false
2309,proc_tbl_02357,2,1,1,false
2310,gob_tbl_01203,2,1,1,false
2311,proc_tbl_00239,2,1,1,false
2312,dlk_tbl_03003,2,1,1,false
2313,dlk_tbl_02202,2,1,1,false
2314,dlk_tbl_02526,2,1,1,false
2315,gob_tbl_02142,2,1,1,false
2316,m4vw_tbl_02549,2,1,1,false
2317,std_tbl_02130,2,1,1,false
2318,ppn_tbl_01967,2,1,1,false
2319,dash_tbl_02405,2,1,1,false
2320,dlk_tbl_00512,2,1,1,false
2321,dash_tbl_01580,2,1,1,false
2322,gob_tbl_01504,2,1,1,false
2323,dlk_tbl_01032,2,1,1,false
2324,dlk_tbl_01290,2,1,1,false
2325,dlk_tbl_02544,2,1,1,false
2326,dlk_ext_00024,2,2,0,false
2327,dlk_tbl_01628,2,1,1,false
2328,dlk_tbl_02497,2,1,1,false
2329,gob_tbl_00648,2,1,1,false
2330,dlk_tbl_01260,2,1,1,false
2331,dlk_tbl_02351,2,1,1,false
2332,dlk_tbl_02182,2,1,1,false
2333,gob_ext_00481,2,2,0,false
2334,dlk_tbl_02508,2,1,1,false
2335,m4vw_tbl_00743,2,1,1,false
2336,dlk_tbl_03112,2,1,1,false
2337,proc_tbl_02141,2,1,1,false
2338,gob_tbl_01889,2,1,1,false
2339,gob_tbl_01330,2,1,1,false
2340,gob_tbl_02214,2,1,1,false
2341,gob_tbl_00634,2,1,1,false
2342,proc_tbl_01894,2,1,1,false
2343,gob_tbl_00575,2,1,1,false
2344,dlk_tbl_01212,2,1,1,false
2345,gob_tbl_03332,2,1,1,false
2346,gob_tbl_01344,2,1,1,false
2347,dlk_tbl_01256,2,1,1,false
2348,proc_tbl_02603,2,1,1,false
2349,dlk_tbl_00515,2,1,1,false
2350,gob_tbl_01931,2,1,1,false
2351,gob_tbl_00714,2,1,1,false
2352,std_tbl_03271,2,1,1,false
2353,proc_tbl_03190,2,1,1,false
2354,dlk_tbl_01940,2,1,1,false
2355,m4vw_tbl_00232,2,1,1,false
2356,dlk_tbl_00639,2,1,1,false
2357,dlk_tbl_00596,2,1,1,false
2358,dlk_tbl_03138,2,1,1,false
2359,dlk_tbl_03195,2,1,1,false
2360,dash_tbl_03318,2,1,1,false
2361,gob_tbl_00994,2,1,1,false
2362,dlk_tbl_02484,2,1,1,false
2363,gob_tbl_02080,2,1,1,false
2364,gob_tbl_02136,2,1,1,false
2365,gob_tbl_01747,2,1,1,false
2366,dlk_tbl_01488,2,1,1,false
2367,dlk_tbl_01900,2,1,1,false
2368,dlk_tbl_01601,2,1,1,false
2369,proc_ext_00461,2,2,0,false
2370,proc_tbl_01379,2,1,1,false
2371,gob_tbl_00712,2,1,1,false
2372,dash_tbl_01070,2,1,1,false
2373,dlk_tbl_02162,2,1,1,false
2374,std_tbl_01474,2,1,1,false
2375,gob_tbl_02258,2,1,1,false
2376,dlk_tbl_03266,2,1,1,false
2377,dlk_tbl_03057,2,1,1,false
2378,dlk_tbl_00234,2,1,1,false
2379,gob_tbl_02047,2,1,1,false
2380,std_tbl_00366,2,1,1,false
2381,dlk_tbl_02079,2,1,1,false
2382,gob_tbl_01689,2,1,1,false
2383,dlk_tbl_02963,2,1,1,false
2384,dlk_tbl_01143,2,1,1,false
2385,proc_tbl_01564,2,1,1,false
2386,gob_tbl_01239,2,1,1,false
2387,dlk_tbl_01450,2,1,1,false
2388,m4vw_tbl_01506,2,1,1,false
2389,dlk_tbl_03288,2,1,1,false
2390,dash_tbl_01974,2,1,1,false
2391,gob_tbl_02879,2,0,2,true
2392,dlk_tbl_01543,2,1,1,false
2393,dash_tbl_02903,2,1,1,false
2394,gob_tbl_01519,2,1,1,false
2395,gob_tbl_00466,2,1,1,false
2396,proc_tbl_01749,2,1,1,false
2397,gob_tbl_01563,2,1,1,false
2398,gob_tbl_00210,2,1,1,false
2399,dlk_tbl_00126,2,1,1,false
2400,dlk_tbl_00229,2,1,1,false
2401,gob_tbl_01138,2,1,1,false
2402,dlk_ext_00309,2,2,0,false
2403,gob_tbl_03345,2,1,1,false
2404,gob_tbl_02513,2,1,1,false
2405,gob_tbl_01236,2,1,1,false
2406,dlk_tbl_03247,2,1,1,false
2407,dlk_tbl_02327,2,1,1,false
2408,dlk_tbl_03201,2,1,1,false
2409,gob_tbl_00054,2,1,1,false
2410,ppn_tbl_01063,2,1,1,false
2411,gob_tbl_02732,2,1,1,false
2412,proc_tbl_01331,2,1,1,false
2413,dash_tbl_01476,2,1,1,false
2414,gob_tbl_01701,2,1,1,false
2415,gob_tbl_02234,2,1,1,false
2416,dlk_tbl_00544,2,1,1,false
2417,dlk_tbl_01824,2,1,1,false
2418,gob_tbl_03322,2,1,1,false
2419,dlk_tbl_00002,2,0,2,true
2420,proc_tbl_01700,2,1,1,false
2421,dash_tbl_02515,2,1,1,false
2422,dlk_tbl_01838,2,1,1,false
2423,gob_tbl_01680,2,1,1,false
2424,gob_tbl_00385,2,1,1,false
2425,dash_tbl_02600,2,1,1,false
2426,proc_tbl_00314,2,1,1,false
2427,dlk_tbl_02870,2,1,1,false
2428,dash_tbl_02495,2,1,1,false
2429,std_tbl_00692,2,0,2,true
2430,gob_tbl_01944,2,1,1,false
2431,proc_tbl_01277,2,1,1,false
2432,gob_ext_00211,2,2,0,false
2433,proc_tbl_02381,2,1,1,false
2434,proc_tbl_01630,2,1,1,false
2435,dlk_tbl_00889,2,1,1,false
2436,dlk_tbl_01357,2,1,1,false
2437,std_tbl_01078,2,1,1,false
2438,gob_tbl_02062,2,1,1,false
2439,gob_tbl_02374,2,1,1,false
2440,gob_tbl_01647,2,1,1,false
2441,std_tbl_01746,2,1,1,false
2442,dash_tbl_02184,2,1,1,false
2443,gob_tbl_01728,2,1,1,false
2444,gob_tbl_01033,2,1,1,false
2445,gob_ext_00416,2,2,0,false
2446,dlk_tbl_02804,2,1,1,false
2447,dlk_tbl_01786,2,1,1,false
2448,gob_ext_00177,2,2,0,false
2449,dlk_tbl_01633,2,1,1,false
2450,dlk_tbl_03250,2,1,1,false
2451,dlk_tbl_02851,2,1,1,false
2452,gob_tbl_01707,2,1,1,false
2453,gob_tbl_01006,2,1,1,false
2454,gob_tbl_02725,2,1,1,false
2455,dash_tbl_02976,2,1,1,false
2456,dash_tbl_01823,2,1,1,false
2457,dlk_tbl_01655,2,1,1,false
2458,gob_tbl_00160,2,1,1,false
2459,proc_tbl_00197,2,1,1,false
2460,dlk_tbl_03251,2,1,1,false
2461,proc_tbl_03141,2,1,1,false
2462,dash_tbl_03077,2,1,1,false
2463,std_tbl_01497,2,1,1,false
2464,dlk_tbl_03258,2,1,1,false
2465,proc_tbl_02463,2,1,1,false
2466,proc_tbl_00550,2,1,1,false
2467,dlk_tbl_02861,2,1,1,false
2468,gob_tbl_03259,2,1,1,false
2469,dlk_tbl_02988,2,1,1,false
2470,dlk_tbl_01794,2,1,1,false
2471,dlk_tbl_03133,2,1,1,false
2472,dlk_tbl_02146,2,1,1,false
2473,dash_tbl_00840,2,1,1,false
2474,std_tbl_01679,2,1,1,false
2475,m4sco_tbl_01187,1,0,1,false
2476,dlk_tbl_00542,1,0,1,false
2477,proc_tbl_00851,1,0,1,false
2478,std_tbl_00996,1,0,1,false
2479,dlk_ext_00438,1,1,0,false
2480,dlk_tbl_00787,1,0,1,false
2481,proc_tbl_01981,1,0,1,false
2482,proc_tbl_02375,1,0,1,false
2483,gob_tbl_02803,1,0,1,false
2484,gob_tbl_00956,1,0,1,false
2485,proc_tbl_00733,1,0,1,false
2486,gob_tbl_02220,1,0,1,false
2487,proc_tbl_01323,1,0,1,false
2488,gob_tbl_00511,1,0,1,false
2489,gob_tbl_02237,1,0,1,false
2490,gob_tbl_01602,1,0,1,false
2491,dlk_ext_00356,1,1,0,false
2492,dash_tbl_00419,1,0,1,false
2493,dlk_tbl_01577,1,0,1,false
2494,proc_tbl_01362,1,0,1,false
2495,gob_tbl_03312,1,0,1,false
2496,dlk_tbl_00246,1,0,1,false
2497,gob_tbl_03108,1,0,1,false
2498,dlk_tbl_00187,1,0,1,false
2499,gob_tbl_03087,1,0,1,false
2500,dlk_tbl_02997,1,0,1,false
2501,dash_tbl_00742,1,0,1,false
2502,dlk_tbl_00535,1,0,1,false
2503,proc_tbl_02791,1,0,1,false
2504,dlk_tbl_02206,1,0,1,false
2505,dlk_tbl_00141,1,0,1,false
2506,gob_tbl_01019,1,0,1,false
2507,std_tbl_00136,1,0,1,false
2508,gob_tbl_03362,1,0,1,false
2509,dlk_tbl_02659,1,0,1,false
2510,dlk_tbl_01646,1,0,1,false
2511,gob_tbl_02643,1,0,1,false
2512,std_tbl_00521,1,0,1,false
2513,gob_tbl_02671,1,0,1,false
2514,gob_tbl_03107,1,0,1,false
2515,dlk_tbl_03296,1,0,1,false
2516,std_tbl_00747,1,0,1,false
2517,proc_tbl_02599,1,0,1,false
2518,gob_ext_00046,1,1,0,false
2519,gob_tbl_00473,1,0,1,false
2520,gob_tbl_00792,1,0,1,false
2521,proc_tbl_01721,1,0,1,false
2522,std_tbl_03293,1,0,1,false
2523,proc_tbl_02109,1,0,1,false
2524,gob_tbl_01218,1,0,1,false
2525,std_tbl_01803,1,0,1,false
2526,ppn_tbl_00198,1,0,1,false
2527,dlk_tbl_00962,1,0,1,false
2528,dlk_ext_00222,1,1,0,false
2529,gob_tbl_00418,1,0,1,false
2530,gob_tbl_03237,1,0,1,false
2531,proc_tbl_02548,1,0,1,false
2532,dlk_tbl_01374,1,0,1,false
2533,gob_tbl_01973,1,0,1,false
2534,proc_tbl_01273,1,0,1,false
2535,m4vw_tbl_03137,1,0,1,false
2536,dlk_tbl_03017,1,0,1,false
2537,gob_tbl_00509,1,0,1,false
2538,dash_tbl_03183,1,0,1,false
2539,dlk_tbl_01778,1,0,1,false
2540,proc_tbl_01946,1,0,1,false
2541,proc_tbl_01015,1,0,1,false
2542,dash_tbl_01147,1,0,1,false
2543,gob_tbl_02966,1,0,1,false
2544,proc_tbl_01857,1,0,1,false
2545,dlk_tbl_00202,1,0,1,false
2546,dlk_tbl_01220,1,0,1,false
2547,gob_ext_00264,1,1,0,false
2548,proc_tbl_01868,1,0,1,false
2549,proc_tbl_01246,1,0,1,false
2550,gob_tbl_02593,1,0,1,false
2551,proc_tbl_01675,1,0,1,false
2552,gob_tbl_02991,1,0,1,false
2553,gob_tbl_00454,1,0,1,false
2554,dlk_tbl_01686,1,0,1,false
2555,dlk_tbl_00568,1,0,1,false
2556,dlk_tbl_01472,1,0,1,false
2557,proc_tbl_01545,1,0,1,false
2558,dash_tbl_02886,1,0,1,false
2559,gob_tbl_02067,1,0,1,false
2560,gob_tbl_03101,1,0,1,false
2561,dlk_tbl_00104,1,0,1,false
2562,dlk_tbl_00373,1,0,1,false
2563,dlk_tbl_01638,1,0,1,false
2564,dlk_tbl_01396,1,0,1,false
2565,gob_tbl_02888,1,0,1,false
2566,dlk_tbl_02933,1,0,1,false
2567,gob_ext_00131,1,1,0,false
2568,dlk_tbl_02299,1,0,1,false
2569,gob_tbl_03360,1,0,1,false
2570,dlk_tbl_00811,1,0,1,false
2571,dlk_tbl_02099,1,0,1,false
2572,dlk_tbl_01620,1,0,1,false
2573,gob_tbl_00142,1,0,1,false
2574,proc_tbl_01699,1,0,1,false
2575,dlk_tbl_01612,1,0,1,false
2576,dlk_tbl_00861,1,0,1,false
2577,gob_tbl_01844,1,0,1,false
2578,proc_tbl_03167,1,0,1,false
2579,gob_tbl_00322,1,0,1,false
2580,proc_tbl_01342,1,0,1,false
2581,dlk_tbl_00368,1,0,1,false
2582,proc_tbl_02393,1,0,1,false
2583,gob_tbl_01881,1,0,1,false
2584,dash_tbl_01536,1,0,1,false
2585,m4sco_tbl_02871,1,0,1,false
2586,dash_tbl_01281,1,0,1,false
2587,dlk_ext_00310,1,1,0,false
2588,proc_tbl_00920,1,0,1,false
2589,m4sco_tbl_01276,1,0,1,false
2590,gob_tbl_02194,1,0,1,false
2591,gob_tbl_01987,1,0,1,false
2592,dlk_tbl_02211,1,0,1,false
2593,dlk_tbl_02485,1,0,1,false
2594,gob_tbl_02614,1,0,1,false
2595,gob_tbl_01809,1,0,1,false
2596,gob_tbl_02366,1,0,1,false
2597,gob_tbl_00595,1,0,1,false
2598,proc_tbl_01875,1,0,1,false
2599,dlk_tbl_02492,1,0,1,false
2600,dlk_tbl_01616,1,0,1,false
2601,std_tbl_03095,1,0,1,false
2602,dlk_tbl_02636,1,0,1,false
2603,gob_tbl_01788,1,0,1,false
2604,dlk_tbl_00367,1,0,1,false
2605,dlk_tbl_03273,1,0,1,false
2606,dash_tbl_02071,1,0,1,false
2607,dlk_tbl_01758,1,0,1,false
2608,dlk_tbl_00970,1,0,1,false
2609,proc_tbl_02830,1,0,1,false
2610,dlk_tbl_03261,1,0,1,false
2611,proc_tbl_00149,1,0,1,false
2612,gob_tbl_00009,1,0,1,false
2613,dlk_tbl_01268,1,0,1,false
2614,gob_tbl_01137,1,0,1,false
2615,dlk_tbl_01629,1,0,1,false
2616,proc_ext_00078,1,1,0,false
2617,dlk_tbl_01420,1,0,1,false
2618,dlk_tbl_02459,1,0,1,false
2619,gob_tbl_01419,1,0,1,false
2620,dash_tbl_03177,1,0,1,false
2621,dlk_ext_00019,1,1,0,false
2622,gob_tbl_03232,1,0,1,false
2623,dlk_tbl_03094,1,0,1,false
2624,std_tbl_01062,1,0,1,false
2625,proc_tbl_01816,1,0,1,false
2626,gob_tbl_01978,1,0,1,false
2627,gob_tbl_02639,1,0,1,false
2628,proc_tbl_00361,1,0,1,false
2629,dlk_tbl_03119,1,0,1,false
2630,proc_tbl_01182,1,0,1,false
2631,dlk_tbl_01458,1,0,1,false
2632,dash_tbl_00011,1,0,1,false
2633,gob_tbl_03359,1,0,1,false
2634,dash_tbl_01945,1,0,1,false
2635,dlk_tbl_00014,1,0,1,false
2636,dash_tbl_01597,1,0,1,false
2637,dlk_tbl_03069,1,0,1,false
2638,proc_tbl_00008,1,0,1,false
2639,dash_tbl_02959,1,0,1,false
2640,proc_tbl_02399,1,0,1,false
2641,dlk_tbl_01042,1,0,1,false
2642,gob_tbl_01196,1,0,1,false
2643,gob_tbl_00352,1,0,1,false
2644,dlk_tbl_03152,1,0,1,false
2645,m4sco_tbl_01491,1,0,1,false
2646,dlk_tbl_00308,1,0,1,false
2647,m4sco_tbl_00880,1,0,1,false
2648,dlk_tbl_02588,1,0,1,false
2649,dlk_tbl_02384,1,0,1,false
2650,gob_tbl_02437,1,0,1,false
2651,dlk_tbl_02387,1,0,1,false
2652,gob_tbl_01210,1,0,1,false
2653,std_tbl_02070,1,0,1,false
2654,dlk_tbl_01408,1,0,1,false
2655,dash_tbl_03210,1,0,1,false
2656,proc_tbl_00619,1,0,1,false
2657,m4vw_tbl_01418,1,0,1,false
2658,m4vw_tbl_03213,1,0,1,false
2659,gob_tbl_02558,1,0,1,false
2660,gob_tbl_00226,1,0,1,false
2661,gob_tbl_02292,1,0,1,false
2662,std_ext_00286,1,1,0,false
2663,dlk_tbl_00739,1,0,1,false
2664,dlk_tbl_02167,1,0,1,false
2665,dlk_tbl_01756,1,0,1,false
2666,dash_tbl_01406,1,0,1,false
2667,gob_tbl_03074,1,0,1,false
2668,dlk_tbl_00819,1,0,1,false
2669,dlk_tbl_01051,1,0,1,false
2670,m4vw_tbl_01533,1,0,1,false
2671,dash_tbl_01539,1,0,1,false
2672,gob_tbl_00262,1,0,1,false
2673,dlk_tbl_03348,1,0,1,false
2674,dash_tbl_02867,1,0,1,false
2675,dash_tbl_03154,1,0,1,false
2676,gob_tbl_01118,1,0,1,false
2677,gob_tbl_02616,1,0,1,false
2678,proc_tbl_00951,1,0,1,false
2679,m4vw_tbl_01827,1,0,1,false
2680,dash_tbl_00591,1,0,1,false
2681,gob_tbl_02139,1,0,1,false
2682,dlk_tbl_02565,1,0,1,false
2683,dlk_tbl_01173,1,0,1,false
2684,proc_tbl_02036,1,0,1,false
2685,proc_tbl_02487,1,0,1,false
2686,m4vw_tbl_02658,1,0,1,false
2687,proc_tbl_00336,1,0,1,false
2688,proc_tbl_01386,1,0,1,false
2689,gob_tbl_01750,1,0,1,false
2690,dlk_tbl_02555,1,0,1,false
2691,dlk_tbl_01855,1,0,1,false
2692,m4vw_tbl_03278,1,0,1,false
2693,proc_tbl_03256,1,0,1,false
2694,dlk_tbl_02892,1,0,1,false
2695,gob_tbl_02397,1,0,1,false
2696,dlk_tbl_02805,1,0,1,false
2697,m4sco_tbl_01121,1,0,1,false
2698,dlk_tbl_02309,1,0,1,false
2699,gob_tbl_00130,1,0,1,false
2700,dlk_tbl_02106,1,0,1,false
2701,dlk_tbl_01852,1,0,1,false
2702,gob_tbl_02885,1,0,1,false
2703,gob_tbl_00248,1,0,1,false
2704,proc_tbl_02361,1,0,1,false
2705,gob_tbl_02822,1,0,1,false
2706,dlk_tbl_02573,1,0,1,false
2707,dlk_tbl_01622,1,0,1,false
2708,gob_tbl_02456,1,0,1,false
2709,dlk_tbl_03309,1,0,1,false
2710,gob_tbl_02129,1,0,1,false
2711,proc_tbl_01590,1,0,1,false
2712,gob_tbl_02661,1,0,1,false
2713,gob_tbl_02012,1,0,1,false
2714,dlk_tbl_00884,1,0,1,false
2715,dlk_tbl_02465,1,0,1,false
2716,gob_tbl_01594,1,0,1,false
2717,gob_tbl_02491,1,0,1,false
2718,dlk_tbl_01432,1,0,1,false
2719,proc_ext_00180,1,1,0,false
2720,dlk_tbl_02122,1,0,1,false
2721,dlk_tbl_03123,1,0,1,false
2722,dlk_tbl_00132,1,0,1,false
2723,gob_tbl_02394,1,0,1,false
2724,dash_tbl_00703,1,0,1,false
2725,dlk_tbl_02990,1,0,1,false
2726,gob_tbl_03182,1,0,1,false
2727,proc_tbl_01994,1,0,1,false
2728,proc_tbl_02585,1,0,1,false
2729,proc_tbl_00397,1,0,1,false
2730,proc_tbl_01259,1,0,1,false
2731,ppn_tbl_03246,1,0,1,false
2732,gob_tbl_03111,1,0,1,false
2733,dlk_tbl_01390,1,0,1,false
2734,dlk_tbl_01176,1,0,1,false
2735,dlk_tbl_00468,1,0,1,false
2736,gob_tbl_00975,1,0,1,false
2737,dlk_tbl_00510,1,0,1,false
2738,dlk_tbl_00779,1,0,1,false
2739,dash_tbl_00194,1,0,1,false
2740,dlk_tbl_00206,1,0,1,false
2741,gob_tbl_02651,1,0,1,false
2742,proc_tbl_00960,1,0,1,false
2743,gob_tbl_00044,1,0,1,false
2744,gob_tbl_02902,1,0,1,false
2745,gob_tbl_00628,1,0,1,false
2746,dlk_tbl_03106,1,0,1,false
2747,proc_tbl_00541,1,0,1,false
2748,dlk_tbl_02215,1,0,1,false
2749,dlk_ext_00373,1,1,0,false
2750,gob_tbl_01185,1,0,1,false
2751,dlk_tbl_02877,1,0,1,false
2752,dlk_tbl_01841,1,0,1,false
2753,gob_tbl_03295,1,0,1,false
2754,gob_tbl_00507,1,0,1,false
2755,gob_tbl_01437,1,0,1,false
2756,gob_tbl_02143,1,0,1,false
2757,dlk_tbl_01318,1,0,1,false
2758,dlk_tbl_00146,1,0,1,false
2759,gob_tbl_02844,1,0,1,false
2760,dash_tbl_00566,1,0,1,false
2761,proc_tbl_01720,1,0,1,false
2762,m4sco_tbl_00425,1,0,1,false
2763,gob_tbl_03211,1,0,1,false
2764,proc_tbl_00195,1,0,1,false
2765,dlk_tbl_01226,1,0,1,false
2766,gob_tbl_01200,1,0,1,false
2767,dash_tbl_00067,1,0,1,false
2768,proc_tbl_00952,1,0,1,false
2769,gob_tbl_02989,1,0,1,false
2770,dlk_tbl_03010,1,0,1,false
2771,gob_tbl_01975,1,0,1,false
2772,proc_ext_00251,1,1,0,false
2773,gob_tbl_03208,1,0,1,false
2774,gob_tbl_01942,1,0,1,false
2775,proc_tbl_01460,1,0,1,false
2776,dlk_tbl_01819,1,0,1,false
2777,proc_tbl_00238,1,0,1,false
2778,dash_ext_00232,1,1,0,false
2779,proc_tbl_01970,1,0,1,false
2780,gob_tbl_00576,1,0,1,false
2781,gob_tbl_02302,1,0,1,false
2782,dlk_tbl_01568,1,0,1,false
2783,gob_tbl_02764,1,0,1,false
2784,gob_tbl_01688,1,0,1,false
2785,gob_ext_00130,1,1,0,false
2786,ppn_tbl_00421,1,0,1,false
2787,dlk_tbl_03125,1,0,1,false
2788,proc_tbl_00077,1,0,1,false
2789,proc_tbl_00103,1,0,1,false
2790,proc_tbl_01644,1,0,1,false
2791,gob_tbl_01573,1,0,1,false
2792,proc_tbl_03149,1,0,1,false
2793,dash_tbl_02767,1,0,1,false
2794,dlk_tbl_02442,1,0,1,false
2795,ppn_tbl_03280,1,0,1,false
2796,gob_tbl_01742,1,0,1,false
2797,dash_tbl_00868,1,0,1,false
2798,proc_tbl_01409,1,0,1,false
2799,dlk_tbl_00033,1,0,1,false
2800,gob_tbl_00180,1,0,1,false
2801,dash_tbl_03265,1,0,1,false
2802,dlk_tbl_02200,1,0,1,false
2803,dlk_tbl_01314,1,0,1,false
2804,dlk_tbl_02943,1,0,1,false
2805,dlk_tbl_03207,1,0,1,false
2806,dash_tbl_02729,1,0,1,false
2807,dlk_tbl_01754,1,0,1,false
2808,dash_tbl_01471,1,0,1,false
2809,gob_tbl_02882,1,0,1,false
2810,proc_tbl_01848,1,0,1,false
2811,gob_tbl_03064,1,0,1,false
2812,proc_tbl_01822,1,0,1,false
2813,dlk_tbl_00914,1,0,1,false
2814,proc_tbl_00627,1,0,1,false
2815,dlk_tbl_00075,1,0,1,false
2816,gob_tbl_01624,1,0,1,false
2817,dash_tbl_02838,1,0,1,false
2818,gob_tbl_00443,1,0,1,false
2819,gob_tbl_01108,1,0,1,false
2820,dlk_tbl_02236,1,0,1,false
2821,gob_tbl_01996,1,0,1,false
2822,proc_tbl_01265,1,0,1,false
2823,m4sco_tbl_00307,1,0,1,false
2824,dash_tbl_02388,1,0,1,false
2825,gob_tbl_00275,1,0,1,false
2826,dlk_tbl_01735,1,0,1,false
2827,gob_tbl_02360,1,0,1,false
2828,proc_tbl_00726,1,0,1,false
2829,gob_tbl_00549,1,0,1,false
2830,proc_tbl_02229,1,0,1,false
2831,dlk_tbl_01595,1,0,1,false
2832,dlk_tbl_01049,1,0,1,false
2833,proc_tbl_01929,1,0,1,false
2834,proc_tbl_00053,1,0,1,false
2835,gob_tbl_02345,1,0,1,false
2836,dlk_tbl_00798,1,0,1,false
2837,gob_tbl_01436,1,0,1,false
2838,dlk_tbl_02848,1,0,1,false
2839,dlk_tbl_00167,1,0,1,false
2840,m4vw_tbl_02318,1,0,1,false
2841,gob_tbl_01649,1,0,1,false
2842,gob_tbl_01658,1,0,1,false
2843,dlk_tbl_02799,1,0,1,false
2844,gob_tbl_01125,1,0,1,false
2845,gob_tbl_00642,1,0,1,false
2846,gob_tbl_03156,1,0,1,false
2847,proc_tbl_00824,1,0,1,false
2848,dlk_tbl_03301,1,0,1,false
2849,std_tbl_00613,1,0,1,false
2850,std_tbl_01532,1,0,1,false
2851,proc_tbl_00862,1,0,1,false
2852,proc_tbl_02370,1,0,1,false
2853,gob_tbl_02954,1,0,1,false
2854,proc_tbl_01558,1,0,1,false
2855,dlk_tbl_01795,1,0,1,false
2856,gob_tbl_00865,1,0,1,false
2857,gob_tbl_00565,1,0,1,false
2858,std_tbl_02736,1,0,1,false
2859,gob_tbl_01031,1,0,1,false
2860,proc_tbl_01550,1,0,1,false
2861,gob_tbl_01258,1,0,1,false
2862,std_tbl_02701,1,0,1,false
2863,dlk_tbl_02642,1,0,1,false
2864,dlk_tbl_01279,1,0,1,false
2865,dlk_tbl_03151,1,0,1,false
2866,dlk_tbl_03316,1,0,1,false
2867,proc_tbl_03020,1,0,1,false
2868,dash_tbl_00942,1,0,1,false
2869,dlk_tbl_01041,1,0,1,false
2870,dlk_tbl_02391,1,0,1,false
2871,gob_tbl_00696,1,0,1,false
2872,dlk_tbl_00134,1,0,1,false
2873,dlk_tbl_00587,1,0,1,false
2874,gob_tbl_00330,1,0,1,false
2875,m4vw_tbl_01238,1,0,1,false
2876,gob_tbl_01933,1,0,1,false
2877,dlk_tbl_01186,1,0,1,false
2878,dlk_tbl_00847,1,0,1,false
2879,dlk_tbl_02909,1,0,1,false
2880,dlk_tbl_02467,1,0,1,false
2881,dlk_tbl_02644,1,0,1,false
2882,proc_tbl_01922,1,0,1,false
2883,proc_tbl_02567,1,0,1,false
2884,proc_tbl_00675,1,0,1,false
2885,dlk_tbl_02714,1,0,1,false
2886,m4vw_tbl_00505,1,0,1,false
2887,dlk_tbl_00720,1,0,1,false
2888,gob_tbl_01775,1,0,1,false
2889,dash_tbl_02271,1,0,1,false
2890,gob_tbl_02860,1,0,1,false
2891,proc_tbl_02538,1,0,1,false
2892,gob_tbl_00741,1,0,1,false
2893,dlk_tbl_01197,1,0,1,false
2894,gob_tbl_00078,1,0,1,false
2895,gob_tbl_02679,1,0,1,false
2896,dlk_tbl_01915,1,0,1,false
2897,m4vw_tbl_00629,1,0,1,false
2898,gob_tbl_02691,1,0,1,false
2899,gob_tbl_02026,1,0,1,false
2900,gob_tbl_01381,1,0,1,false
2901,dlk_tbl_00094,1,0,1,false
2902,gob_tbl_00723,1,0,1,false
2903,dlk_tbl_02951,1,0,1,false
2904,gob_tbl_01954,1,0,1,false
2905,gob_tbl_02137,1,0,1,false
2906,dash_tbl_01744,1,0,1,false
2907,dlk_tbl_02832,1,0,1,false
2908,std_tbl_02059,1,0,1,false
2909,gob_ext_00421,1,1,0,false
2910,dlk_tbl_01832,1,0,1,false
2911,dlk_tbl_02506,1,0,1,false
2912,gob_tbl_02969,1,0,1,false
2913,std_tbl_01943,1,0,1,false
2914,gob_tbl_01673,1,0,1,false
2915,ppn_tbl_00319,1,0,1,false
2916,dlk_tbl_01359,1,0,1,false
2917,dlk_tbl_00354,1,0,1,false
2918,gob_tbl_02445,1,0,1,false
2919,gob_tbl_01387,1,0,1,false
2920,dlk_tbl_02015,1,0,1,false
2921,gob_tbl_00612,1,0,1,false
2922,proc_tbl_02527,1,0,1,false
2923,ppn_tbl_02670,1,0,1,false
2924,m4vw_tbl_02673,1,0,1,false
2925,dlk_tbl_02131,1,0,1,false
2926,dlk_tbl_02815,1,0,1,false
2927,dlk_tbl_02097,1,0,1,false
2928,proc_tbl_02390,1,0,1,false
2929,proc_tbl_00558,1,0,1,false
2930,m4vw_tbl_03350,1,0,1,false
2931,proc_tbl_00839,1,0,1,false
2932,dlk_tbl_02884,1,0,1,false
2933,gob_tbl_01165,1,0,1,false
2934,dlk_tbl_01079,1,0,1,false
2935,gob_tbl_01393,1,0,1,false
2936,dlk_tbl_02920,1,0,1,false
2937,proc_tbl_03327,1,0,1,false
2938,gob_tbl_01654,1,0,1,false
2939,dlk_ext_00487,1,1,0,false
2940,dash_tbl_02502,1,0,1,false
2941,dlk_tbl_01498,1,0,1,false
2942,proc_tbl_02842,1,0,1,false
2943,dlk_tbl_01713,1,0,1,false
2944,m4vw_tbl_01846,1,0,1,false
2945,gob_tbl_00553,1,0,1,false
2946,dlk_tbl_02522,1,0,1,false
2947,gob_tbl_01665,1,0,1,false
2948,gob_tbl_00998,1,0,1,false
2949,dlk_tbl_03120,1,0,1,false
2950,dlk_tbl_00543,1,0,1,false
2951,proc_tbl_02899,1,0,1,false
2952,dash_tbl_02449,1,0,1,false
2953,proc_ext_00042,1,1,0,false
2954,dlk_tbl_00453,1,0,1,false
2955,gob_tbl_02372,1,0,1,false
2956,proc_tbl_00387,1,0,1,false
2957,gob_tbl_02461,1,0,1,false
2958,dlk_tbl_03043,1,0,1,false
2959,dlk_tbl_01347,1,0,1,false
2960,std_tbl_01477,1,0,1,false
2961,dlk_tbl_03192,1,0,1,false
2962,gob_tbl_02013,1,0,1,false
2963,proc_tbl_01582,1,0,1,false
2964,proc_tbl_00254,1,0,1,false
2965,gob_tbl_00121,1,0,1,false
2966,std_tbl_03361,1,0,1,false
2967,dlk_tbl_03194,1,0,1,false
2968,dlk_tbl_00698,1,0,1,false
2969,gob_tbl_00046,1,0,1,false
2970,dlk_tbl_00219,1,0,1,false
2971,dlk_tbl_01693,1,0,1,false
2972,gob_tbl_02953,1,0,1,false
2973,m4vw_tbl_00555,1,0,1,false
2974,gob_tbl_00318,1,0,1,false
2975,proc_tbl_02793,1,0,1,false
2976,dlk_tbl_01391,1,0,1,false
2977,dlk_tbl_02383,1,0,1,false
2978,gob_tbl_00071,1,0,1,false
2979,dlk_tbl_01085,1,0,1,false
2980,gob_tbl_00213,1,0,1,false
2981,std_tbl_02316,1,0,1,false
2982,proc_tbl_01984,1,0,1,false
2983,gob_tbl_02022,1,0,1,false
2984,gob_tbl_01561,1,0,1,false
2985,dlk_tbl_02014,1,0,1,false
2986,gob_tbl_01771,1,0,1,false
2987,dlk_tbl_00616,1,0,1,false
2988,dlk_tbl_01710,1,0,1,false
2989,dlk_tbl_02419,1,0,1,false
2990,gob_tbl_02602,1,0,1,false
2991,dlk_tbl_01865,1,0,1,false
2992,gob_tbl_02962,1,0,1,false
2993,proc_tbl_01705,1,0,1,false
2994,gob_tbl_01522,1,0,1,false
2995,dlk_tbl_01818,1,0,1,false
2996,proc_tbl_02435,1,0,1,false
2997,dlk_tbl_02458,1,0,1,false
2998,gob_tbl_02705,1,0,1,false
2999,m4sco_tbl_00780,1,0,1,false
3000,proc_tbl_00875,1,0,1,false
3001,gob_tbl_02404,1,0,1,false
3002,dlk_tbl_01007,1,0,1,false
3003,proc_tbl_00860,1,0,1,false
3004,proc_tbl_03319,1,0,1,false
3005,dash_tbl_01035,1,0,1,false
3006,dlk_tbl_00624,1,0,1,false
3007,dlk_tbl_02568,1,0,1,false
3008,dlk_ext_00300,1,1,0,false
3009,dlk_tbl_00506,1,0,1,false
3010,dlk_tbl_00348,1,0,1,false
3011,proc_tbl_00204,1,0,1,false
3012,dlk_tbl_02118,1,0,1,false
3013,dash_tbl_01717,1,0,1,false
3014,dlk_tbl_00895,1,0,1,false
3015,dash_tbl_02145,1,0,1,false
3016,gob_tbl_01144,1,0,1,false
3017,dlk_tbl_01496,1,0,1,false
3018,gob_tbl_02967,1,0,1,false
3019,dlk_tbl_01821,1,0,1,false
3020,proc_tbl_00065,1,0,1,false
3021,dlk_tbl_02820,1,0,1,false
3022,proc_tbl_01414,1,0,1,false
3023,gob_tbl_03160,1,0,1,false
3024,dlk_tbl_00299,1,0,1,false
3025,gob_tbl_00802,1,0,1,false
3026,proc_tbl_02981,1,0,1,false
3027,dlk_tbl_01023,1,0,1,false
3028,gob_tbl_00290,1,0,1,false
3029,dlk_tbl_02378,1,0,1,false
3030,dlk_ext_00311,1,1,0,false
3031,gob_tbl_01370,1,0,1,false
3032,dlk_tbl_00243,1,0,1,false
3033,gob_tbl_02433,1,0,1,false
3034,proc_tbl_01448,1,0,1,false
3035,proc_tbl_00967,1,0,1,false
3036,gob_tbl_03145,1,0,1,false
3037,gob_tbl_01632,1,0,1,false
3038,proc_ext_00442,1,1,0,false
3039,gob_tbl_01327,1,0,1,false
3040,m4sco_tbl_01618,1,0,1,false
3041,gob_tbl_00177,1,0,1,false
3042,dlk_tbl_01997,1,0,1,false
3043,dlk_tbl_02333,1,0,1,false
3044,proc_tbl_01610,1,0,1,false
3045,proc_tbl_00903,1,0,1,false
3046,gob_tbl_01361,1,0,1,false
3047,proc_tbl_03337,1,0,1,false
3048,dash_tbl_02747,1,0,1,false
3049,m4sco_tbl_01806,1,0,1,false
3050,proc_tbl_01813,1,0,1,false
3051,ppn_tbl_01375,1,0,1,false
3052,gob_tbl_01094,1,0,1,false
3053,proc_tbl_00266,1,0,1,false
3054,dlk_tbl_00562,1,0,1,false
3055,gob_tbl_00058,1,0,1,false
3056,gob_tbl_02766,1,0,1,false
3057,dlk_tbl_01722,1,0,1,false
3058,gob_tbl_01193,1,0,1,false
3059,dlk_tbl_01698,1,0,1,false
3060,gob_tbl_02205,1,0,1,false
3061,dash_tbl_01732,1,0,1,false
3062,dlk_tbl_01910,1,0,1,false
3063,gob_tbl_01759,1,0,1,false
3064,dash_tbl_01425,1,0,1,false
3065,gob_tbl_01354,1,0,1,false
3066,dlk_tbl_00809,1,0,1,false
3067,dlk_tbl_01968,1,0,1,false
3068,proc_ext_00208,1,1,0,false
3069,proc_tbl_00864,1,0,1,false
3070,proc_tbl_00531,1,0,1,false
3071,gob_tbl_00917,1,0,1,false
3072,gob_tbl_02473,1,0,1,false
3073,dash_tbl_02152,1,0,1,false
3074,dlk_tbl_02103,1,0,1,false
3075,proc_tbl_01123,1,0,1,false
3076,dlk_tbl_02057,1,0,1,false
3077,proc_tbl_00870,1,0,1,false
3078,gob_tbl_02724,1,0,1,false
3079,gob_tbl_02978,1,0,1,false
3080,dlk_tbl_00199,1,0,1,false
3081,proc_tbl_00401,1,0,1,false
3082,gob_tbl_02324,1,0,1,false
3083,dlk_tbl_01668,1,0,1,false
3084,dlk_tbl_01676,1,0,1,false
3085,proc_tbl_00338,1,0,1,false
3086,gob_tbl_00654,1,0,1,false
3087,proc_tbl_00700,1,0,1,false
3088,dash_tbl_03030,1,0,1,false
3089,dlk_tbl_00287,1,0,1,false
3090,dlk_tbl_02179,1,0,1,false
3091,proc_tbl_01718,1,0,1,false
3092,proc_tbl_01060,1,0,1,false
3093,dlk_tbl_01890,1,0,1,false
3094,dlk_tbl_01928,1,0,1,false
3095,gob_tbl_02794,1,0,1,false
3096,dlk_tbl_02493,1,0,1,false
3097,gob_tbl_03052,1,0,1,false
3098,dlk_ext_00122,1,1,0,false
3099,dlk_tbl_00045,1,0,1,false
3100,gob_tbl_01233,1,0,1,false
3101,dlk_tbl_02060,1,0,1,false
3102,proc_tbl_00969,1,0,1,false
3103,gob_tbl_00901,1,0,1,false
3104,gob_tbl_00166,1,0,1,false
3105,dlk_tbl_02153,1,0,1,false
3106,gob_tbl_02075,1,0,1,false
3107,dlk_tbl_02119,1,0,1,false
3108,gob_tbl_01082,1,0,1,false
3109,dlk_tbl_02296,1,0,1,false
3110,gob_tbl_00341,1,0,1,false
3111,dlk_tbl_00691,1,0,1,false
3112,dlk_tbl_00816,1,0,1,false
3113,gob_tbl_03037,1,0,1,false
3114,gob_tbl_01157,1,0,1,false
3115,proc_tbl_01365,1,0,1,false
3116,std_tbl_02743,1,0,1,false
3117,proc_tbl_02950,1,0,1,false
3118,gob_tbl_00908,1,0,1,false
3119,gob_tbl_00569,1,0,1,false
3120,dlk_tbl_00010,1,0,1,false
3121,gob_tbl_03178,1,0,1,false
3122,std_tbl_01044,1,0,1,false
3123,gob_tbl_01499,1,0,1,false
3124,dash_tbl_02631,1,0,1,false
3125,dlk_tbl_03076,1,0,1,false
3126,dlk_tbl_01294,1,0,1,false
3127,dlk_tbl_02382,1,0,1,false
3128,proc_tbl_03338,1,0,1,false
3129,gob_tbl_01538,1,0,1,false
3130,gob_tbl_02030,1,0,1,false
3131,dlk_tbl_02993,1,0,1,false
3132,gob_tbl_01921,1,0,1,false
3133,proc_tbl_01251,1,0,1,false
3134,dlk_tbl_03014,1,0,1,false
3135,dash_tbl_00312,1,0,1,false
3136,gob_tbl_01730,1,0,1,false
3137,dlk_tbl_02151,1,0,1,false
3138,m4vw_tbl_00269,1,0,1,false
3139,dlk_tbl_00891,1,0,1,false
3140,gob_tbl_03333,1,0,1,false
3141,proc_tbl_01181,1,0,1,false
3142,dlk_tbl_00003,1,0,1,false
3143,dlk_tbl_02231,1,0,1,false
3144,gob_tbl_00693,1,0,1,false
3145,dlk_tbl_03306,1,0,1,false
3146,proc_tbl_02873,1,0,1,false
3147,proc_tbl_00501,1,0,1,false
3148,gob_tbl_02301,1,0,1,false
3149,gob_tbl_02499,1,0,1,false
3150,gob_tbl_00932,1,0,1,false
3151,dlk_ext_00104,1,1,0,false
3152,gob_tbl_01599,1,0,1,false
3153,dlk_tbl_00471,1,0,1,false
3154,gob_tbl_00076,1,0,1,false
3155,dash_tbl_00090,1,0,1,false
3156,proc_tbl_01825,1,0,1,false
3157,gob_tbl_00416,1,0,1,false
3158,proc_tbl_00441,1,0,1,false
3159,m4vw_tbl_03344,1,0,1,false
3160,gob_tbl_01773,1,0,1,false
3161,dlk_tbl_02298,1,0,1,false
3162,dlk_tbl_01449,1,0,1,false
3163,gob_tbl_03168,1,0,1,false
3164,dash_tbl_00494,1,0,1,false
3165,dlk_tbl_03170,1,0,1,false
3166,gob_tbl_01353,1,0,1,false
3167,gob_tbl_01667,1,0,1,false
3168,gob_tbl_02087,1,0,1,false
3169,gob_tbl_01938,1,0,1,false
3170,dlk_tbl_01289,1,0,1,false
3171,dlk_tbl_00670,1,0,1,false
3172,gob_tbl_02483,1,0,1,false
3173,gob_tbl_02069,1,0,1,false
3174,dlk_tbl_01615,1,0,1,false
3175,gob_tbl_01480,1,0,1,false
3176,dlk_tbl_01796,1,0,1,false
3177,gob_tbl_02706,1,0,1,false
3178,proc_tbl_01320,1,0,1,false
3179,m4vw_tbl_00797,1,0,1,false
3180,proc_tbl_00650,1,0,1,false
3181,dlk_tbl_00080,1,0,1,false
3182,m4vw_tbl_03126,1,0,1,false
3183,gob_tbl_00939,1,0,1,false
3184,dlk_tbl_01340,1,0,1,false
3185,proc_tbl_01116,1,0,1,false
3186,gob_tbl_02117,1,0,1,false
3187,dlk_ext_00337,1,1,0,false
3188,dlk_tbl_01716,1,0,1,false
3189,dlk_tbl_01102,1,0,1,false
3190,dlk_tbl_01382,1,0,1,false
3191,dash_tbl_02802,1,0,1,false
3192,dlk_tbl_00230,1,0,1,false
3193,proc_tbl_02833,1,0,1,false
3194,gob_tbl_00086,1,0,1,false
3195,proc_tbl_00001,1,0,1,false
3196,dlk_tbl_03083,1,0,1,false
3197,dlk_tbl_01641,1,0,1,false
3198,dlk_tbl_02440,1,0,1,false
3199,proc_tbl_02712,1,0,1,false
3200,gob_tbl_01534,1,0,1,false
3201,dlk_tbl_02982,1,0,1,false
3202,dlk_tbl_00122,1,0,1,false
3203,gob_tbl_02719,1,0,1,false
3204,gob_tbl_03047,1,0,1,false
3205,gob_tbl_02798,1,0,1,false
3206,dlk_tbl_01328,1,0,1,false
3207,gob_tbl_00556,1,0,1,false
3208,proc_tbl_02532,1,0,1,false
3209,proc_tbl_00221,1,0,1,false
3210,dlk_tbl_00139,1,0,1,false
3211,gob_tbl_00709,1,0,1,false
3212,dash_tbl_00022,1,0,1,false
3213,gob_tbl_02133,1,0,1,false
3214,dlk_tbl_02678,1,0,1,false
3215,dlk_tbl_01886,1,0,1,false
3216,dash_tbl_01893,1,0,1,false
3217,proc_tbl_02543,1,0,1,false
3218,dlk_tbl_02700,1,0,1,false
3219,gob_ext_00233,1,1,0,false
3220,gob_tbl_02498,1,0,1,false
3221,proc_tbl_01490,1,0,1,false
3222,gob_tbl_02576,1,0,1,false
3223,gob_tbl_01349,1,0,1,false
3224,dlk_tbl_00043,1,0,1,false
3225,proc_tbl_00235,1,0,1,false
3226,dlk_tbl_02321,1,0,1,false
3227,dlk_ext_00096,1,1,0,false
3228,gob_tbl_02516,1,0,1,false
3229,gob_tbl_00988,1,0,1,false
3230,dlk_tbl_01663,1,0,1,false
3231,gob_tbl_02354,1,0,1,false
3232,dlk_tbl_00867,1,0,1,false
3233,gob_tbl_00756,1,0,1,false
3234,dlk_tbl_02245,1,0,1,false
3235,gob_tbl_02156,1,0,1,false
3236,proc_tbl_00837,1,0,1,false
3237,gob_tbl_01621,1,0,1,false
3238,ppn_tbl_01541,1,0,1,false
3239,dlk_tbl_02629,1,0,1,false
3240,gob_tbl_00902,1,0,1,false
3241,proc_tbl_01467,1,0,1,false
3242,gob_tbl_01335,1,0,1,false
3243,dlk_tbl_02992,1,0,1,false
3244,proc_tbl_01168,1,0,1,false
3245,dlk_tbl_02369,1,0,1,false
3246,dlk_tbl_01004,1,0,1,false
3247,gob_tbl_00689,1,0,1,false
3248,gob_tbl_01834,1,0,1,false
3249,dash_tbl_00570,1,0,1,false
3250,gob_tbl_00925,1,0,1,false
3251,dlk_tbl_03045,1,0,1,false
3252,gob_tbl_01516,1,0,1,false
3253,dlk_tbl_00730,1,0,1,false
3254,dlk_tbl_02217,1,0,1,false
3255,gob_tbl_00887,1,0,1,false
3256,dlk_tbl_02923,1,0,1,false
3257,proc_tbl_01845,1,0,1,false
3258,dlk_tbl_00685,1,0,1,false
3259,std_tbl_02581,1,0,1,false
3260,proc_tbl_00013,1,0,1,false
3261,gob_tbl_01493,1,0,1,false
3262,gob_tbl_02010,1,0,1,false
3263,dlk_tbl_00748,1,0,1,false
3264,dlk_tbl_01884,1,0,1,false
3265,dlk_tbl_01873,1,0,1,false
3266,dlk_tbl_02796,1,0,1,false
3267,dlk_tbl_03019,1,0,1,false
3268,dlk_tbl_02769,1,0,1,false
3269,proc_tbl_01911,1,0,1,false
3270,dlk_tbl_00125,1,0,1,false
3271,gob_tbl_02945,1,0,1,false
3272,dlk_tbl_03060,1,0,1,false
3273,proc_tbl_01614,1,0,1,false
3274,m4sco_tbl_03284,1,0,1,false
3275,gob_tbl_00552,1,0,1,false
3276,gob_tbl_00528,1,0,1,false
3277,dlk_tbl_02323,1,0,1,false
3278,dlk_tbl_00572,1,0,1,false
3279,gob_ext_00115,1,1,0,false
3280,gob_tbl_01039,1,0,1,false
3281,dash_tbl_03134,1,0,1,false
3282,dlk_tbl_03025,1,0,1,false
3283,dlk_tbl_02452,1,0,1,false
3284,proc_tbl_00953,1,0,1,false
3285,dlk_tbl_00105,1,0,1,false
3286,dlk_tbl_03206,1,0,1,false
3287,proc_tbl_02453,1,0,1,false
3288,dlk_tbl_02754,1,0,1,false
3289,proc_tbl_03022,1,0,1,false
3290,dlk_ext_00295,1,1,0,false
3291,gob_tbl_00200,1,0,1,false
3292,gob_tbl_02721,1,0,1,false
3293,dash_tbl_03335,1,0,1,false
3294,dlk_tbl_01904,1,0,1,false
3295,proc_tbl_00943,1,0,1,false
3296,gob_tbl_00737,1,0,1,false
3297,dlk_tbl_01623,1,0,1,false
3298,dlk_tbl_00927,1,0,1,false
3299,proc_tbl_01982,1,0,1,false
3300,dash_tbl_02295,1,0,1,false
3301,gob_tbl_02052,1,0,1,false
3302,gob_ext_00288,1,1,0,false
3303,gob_tbl_01831,1,0,1,false
3304,dlk_tbl_00085,1,0,1,false
3305,dlk_tbl_00993,1,0,1,false
3306,gob_tbl_01566,1,0,1,false
3307,dash_tbl_01738,1,0,1,false
3308,proc_tbl_02753,1,0,1,false
3309,gob_tbl_00163,1,0,1,false
3310,gob_tbl_00017,1,0,1,false
3311,proc_tbl_00446,1,0,1,false
3312,m4vw_tbl_00611,1,0,1,false
3313,dash_tbl_00233,1,0,1,false
3314,gob_tbl_01009,1,0,1,false
3315,dlk_tbl_01005,1,0,1,false
3316,dash_tbl_00885,1,0,1,false
3317,dash_tbl_02965,1,0,1,false
3318,gob_tbl_00295,1,0,1,false
3319,proc_tbl_00869,1,0,1,false
3320,dash_tbl_01412,1,0,1,false
3321,dlk_tbl_03054,1,0,1,false
3322,gob_tbl_02720,1,0,1,false
3323,dlk_tbl_02975,1,0,1,false
3324,proc_tbl_01469,1,0,1,false
3325,dlk_tbl_01456,1,0,1,false
3326,gob_tbl_00907,1,0,1,false
3327,proc_tbl_00302,1,0,1,false
3328,proc_tbl_02020,1,0,1,false
3329,gob_tbl_01225,1,0,1,false
3330,dlk_tbl_01003,1,0,1,false
3331,dash_tbl_00186,1,0,1,false
3332,gob_tbl_00399,1,0,1,false
3333,gob_tbl_03007,1,0,1,false
3334,std_tbl_01512,1,0,1,false
3335,m4vw_tbl_01901,1,0,1,false
3336,m4vw_tbl_02887,1,0,1,false
3337,dlk_tbl_00744,1,0,1,false
3338,gob_tbl_01734,1,0,1,false
3339,dlk_tbl_00918,1,0,1,false
3340,dash_tbl_02514,1,0,1,false
3341,gob_tbl_02288,1,0,1,false
3342,dlk_tbl_00564,1,0,1,false
3343,dlk_tbl_00255,1,0,1,false
3344,proc_tbl_00175,1,0,1,false
3345,gob_tbl_02423,1,0,1,false
3346,dlk_tbl_02904,1,0,1,false
3347,dash_tbl_00633,1,0,1,false
3348,dlk_ext_00132,1,1,0,false
3349,dlk_tbl_02169,1,0,1,false
3350,gob_tbl_01800,1,0,1,false
3351,gob_tbl_00257,1,0,1,false
3352,gob_tbl_01950,1,0,1,false
3353,gob_tbl_03172,1,0,1,false
3354,dlk_tbl_01161,1,0,1,false
3355,gob_tbl_01061,1,0,1,false
3356,gob_tbl_02944,1,0,1,false
3357,ppn_tbl_03311,1,0,1,false
3358,m4sco_tbl_00205,1,0,1,false
3359,proc_tbl_03179,1,0,1,false
3360,gob_tbl_02632,1,0,1,false
3361,dash_tbl_02267,1,0,1,false
3362,dlk_tbl_00263,1,0,1,false
3363,dlk_tbl_02224,1,0,1,false
3364,gob_tbl_00451,1,0,1,false
3365,dlk_tbl_01158,1,0,1,false
3366,dlk_tbl_01589,1,0,1,false
3367,dash_tbl_00830,1,0,1,false
3368,gob_tbl_01683,1,0,1,false
3369,dlk_tbl_02734,1,0,1,false
3370,dlk_tbl_02232,1,0,1,false
3371,dlk_tbl_00321,1,0,1,false
3372,proc_tbl_02650,1,0,1,false
3373,ppn_tbl_03048,1,0,1,false
3374,gob_tbl_02111,1,0,1,false
3375,dash_tbl_01560,1,0,1,false
3376,dlk_tbl_03228,1,0,1,false
3377,dlk_tbl_01180,1,0,1,false
3378,gob_ext_00374,1,1,0,false
3379,gob_tbl_02161,1,0,1,false
3380,gob_tbl_02134,1,0,1,false
3381,gob_tbl_02598,1,0,1,false
3382,std_tbl_01073,1,0,1,false
3383,dlk_tbl_01761,1,0,1,false
3384,proc_tbl_00403,1,0,1,false
3385,gob_tbl_03236,1,0,1,false
3386,dash_tbl_02455,1,0,1,false
3387,dash_tbl_02773,1,0,1,false
3388,gob_tbl_01466,1,0,1,false
3389,gob_tbl_01389,1,0,1,false
3390,dlk_tbl_01814,1,0,1,false
3391,dlk_tbl_00363,1,0,1,false
3392,gob_tbl_00974,1,0,1,false
3393,proc_tbl_02709,1,0,1,false
3394,gob_tbl_00781,1,0,1,false
3395,dlk_tbl_00178,1,0,1,false
3396,gob_tbl_02615,1,0,1,false
3397,proc_tbl_01427,1,0,1,false
3398,proc_tbl_00502,1,0,1,false
3399,dlk_tbl_00606,1,0,1,false
3400,proc_tbl_00294,1,0,1,false
3401,dlk_tbl_02238,1,0,1,false
3402,gob_ext_00064,1,1,0,false
3403,proc_tbl_02049,1,0,1,false
3404,dash_tbl_02971,1,0,1,false
3405,dlk_tbl_01319,1,0,1,false
3406,dash_tbl_00601,1,0,1,false
3407,dash_tbl_01172,1,0,1,false
3408,gob_tbl_02430,1,0,1,false
3409,dash_tbl_01293,1,0,1,false
3410,gob_tbl_00671,1,0,1,false
3411,proc_tbl_01468,1,0,1,false
3412,gob_tbl_00964,1,0,1,false
3413,std_tbl_00244,1,0,1,false
3414,dlk_tbl_02389,1,0,1,false
3415,gob_tbl_02621,1,0,1,false
3416,gob_tbl_02027,1,0,1,false
3417,m4vw_tbl_01802,1,0,1,false
3418,dash_tbl_02551,1,0,1,false
3419,gob_tbl_02915,1,0,1,false
3420,proc_tbl_02755,1,0,1,false
3421,dlk_ext_00252,1,1,0,false
3422,gob_tbl_01874,1,0,1,false
3423,proc_tbl_00980,1,0,1,false
3424,gob_tbl_02352,1,0,1,false
3425,gob_tbl_02017,1,0,1,false
3426,gob_ext_00267,1,1,0,false
3427,dlk_tbl_00866,1,0,1,false
3428,gob_tbl_00873,1,0,1,false
3429,gob_tbl_02402,1,0,1,false
3430,dlk_tbl_00879,1,0,1,false
3431,dash_tbl_03254,1,0,1,false
3432,proc_tbl_02697,1,0,1,false
3433,std_tbl_01358,1,0,1,false
3434,proc_tbl_01752,1,0,1,false
3435,gob_tbl_03347,1,0,1,false
3436,gob_tbl_00659,1,0,1,false
3437,gob_tbl_00208,1,0,1,false
3438,gob_tbl_01956,1,0,1,false
3439,m4vw_tbl_02685,1,0,1,false
3440,gob_tbl_01457,1,0,1,false
3441,gob_tbl_01581,1,0,1,false
3442,gob_tbl_01001,1,0,1,false
3443,proc_tbl_02597,1,0,1,false
3444,dlk_tbl_02792,1,0,1,false
3445,dlk_tbl_00271,1,0,1,false
3446,dash_tbl_02226,1,0,1,false
3447,gob_tbl_00427,1,0,1,false
3448,gob_tbl_03018,1,0,1,false
3449,proc_tbl_03230,1,0,1,false
3450,gob_tbl_01064,1,0,1,false
3451,dlk_tbl_01047,1,0,1,false
3452,dlk_tbl_03085,1,0,1,false
3453,gob_tbl_00707,1,0,1,false
3454,ppn_tbl_00020,1,0,1,false
3455,dlk_tbl_00400,1,0,1,false
3456,dlk_tbl_02809,1,0,1,false
3457,dlk_tbl_00539,1,0,1,false
3458,proc_tbl_03351,1,0,1,false
3459,dlk_tbl_02926,1,0,1,false
3460,proc_ext_00198,1,1,0,false
3461,dlk_tbl_01084,1,0,1,false
3462,gob_tbl_02443,1,0,1,false
3463,dlk_tbl_02058,1,0,1,false
3464,ppn_tbl_02542,1,0,1,false
3465,dlk_tbl_03058,1,0,1,false
3466,dash_tbl_02123,1,0,1,false
3467,dash_tbl_00829,1,0,1,false
3468,proc_tbl_01461,1,0,1,false
3469,dash_tbl_01209,1,0,1,false
3470,gob_tbl_02100,1,0,1,false
3471,gob_tbl_01661,1,0,1,false
3472,m4sco_tbl_02539,1,0,1,false
3473,dlk_tbl_01267,1,0,1,false
3474,dlk_tbl_01171,1,0,1,false
3475,proc_tbl_02342,1,0,1,false
3476,dlk_tbl_00971,1,0,1,false
3477,dlk_tbl_01034,1,0,1,false
3478,gob_ext_00153,1,1,0,false
3479,dash_tbl_01464,1,0,1,false
3480,dlk_tbl_01547,1,0,1,false
3481,gob_tbl_01843,1,0,1,false
3482,proc_tbl_00750,1,0,1,false
3483,gob_tbl_01912,1,0,1,false
3484,proc_tbl_02364,1,0,1,false
3485,dlk_tbl_01465,1,0,1,false
3486,dlk_tbl_03235,1,0,1,false
3487,dlk_tbl_01549,1,0,1,false
3488,proc_tbl_00270,1,0,1,false
3489,gob_tbl_00751,1,0,1,false
3490,std_tbl_02166,1,0,1,false
3491,gob_ext_00276,1,1,0,false
3492,gob_tbl_01179,1,0,1,false
3493,proc_tbl_01308,1,0,1,false
3494,proc_tbl_00699,1,0,1,false
3495,gob_tbl_01115,1,0,1,false
3496,proc_tbl_02604,1,0,1,false
3497,dlk_tbl_00316,1,0,1,false
3498,dlk_tbl_00547,1,0,1,false
3499,dlk_tbl_00791,1,0,1,false
3500,gob_tbl_03294,1,0,1,false
3501,dlk_tbl_00604,1,0,1,false
3502,dlk_tbl_02849,1,0,1,false
3503,gob_tbl_00369,1,0,1,false
3504,gob_tbl_01853,1,0,1,false
3505,gob_tbl_00151,1,0,1,false
3506,gob_tbl_00545,1,0,1,false
3507,dlk_tbl_01155,1,0,1,false
3508,dlk_tbl_02674,1,0,1,false
3509,dlk_tbl_00567,1,0,1,false
3510,dlk_ext_00482,1,1,0,false
3511,dlk_tbl_00874,1,0,1,false
3512,dlk_tbl_02260,1,0,1,false
3513,proc_tbl_00826,1,0,1,false
3514,m4vw_tbl_03065,1,0,1,false
3515,gob_tbl_00055,1,0,1,false
3516,gob_tbl_02197,1,0,1,false
3517,dash_tbl_00306,1,0,1,false
3518,gob_tbl_02126,1,0,1,false
3519,proc_tbl_02331,1,0,1,false
3520,dlk_tbl_01513,1,0,1,false
3521,dash_tbl_00447,1,0,1,false
3522,gob_tbl_01055,1,0,1,false
3523,dlk_tbl_00152,1,0,1,false
3524,std_tbl_00288,1,0,1,false
3525,gob_tbl_02385,1,0,1,false
3526,std_tbl_02188,1,0,1,false
3527,dlk_tbl_01221,1,0,1,false
3528,dlk_tbl_00089,1,0,1,false
3529,gob_tbl_01726,1,0,1,false
3530,proc_tbl_02668,1,0,1,false
3531,gob_tbl_02749,1,0,1,false
3532,m4sco_tbl_03231,1,0,1,false
3533,proc_tbl_00933,1,0,1,false
3534,dlk_tbl_00668,1,0,1,false
3535,dlk_tbl_00487,1,0,1,false
3536,gob_tbl_02896,1,0,1,false
3537,gob_tbl_03163,1,0,1,false
3538,dlk_tbl_02395,1,0,1,false
3539,dash_tbl_00846,1,0,1,false
3540,std_tbl_03285,1,0,1,false
3541,dlk_tbl_00661,1,0,1,false
3542,gob_tbl_02987,1,0,1,false
3543,m4vw_tbl_03176,1,0,1,false
3544,gob_tbl_00165,1,0,1,false
3545,gob_tbl_02947,1,0,1,false
3546,proc_tbl_01227,1,0,1,false
3547,dash_ext_00419,1,1,0,false
3548,dlk_tbl_00586,1,0,1,false
3549,dlk_tbl_03028,1,0,1,false
3550,dlk_tbl_00677,1,0,1,false
3551,dlk_tbl_00088,1,0,1,false
3552,dlk_tbl_00384,1,0,1,false
3553,proc_tbl_02043,1,0,1,false
3554,dlk_tbl_03238,1,0,1,false
3555,m4sco_tbl_02305,1,0,1,false
3556,gob_tbl_03358,1,0,1,false
3557,gob_tbl_02694,1,0,1,false
3558,gob_tbl_02941,1,0,1,false
3559,proc_tbl_03260,1,0,1,false
3560,gob_tbl_00615,1,0,1,false
3561,dlk_tbl_00209,1,0,1,false
3562,dlk_tbl_00383,1,0,1,false
3563,proc_tbl_03305,1,0,1,false
3564,dash_ext_00305,1,1,0,false
3565,dlk_tbl_02077,1,0,1,false
3566,dash_tbl_01285,1,0,1,false
3567,gob_tbl_01642,1,0,1,false
3568,dlk_tbl_01429,1,0,1,false
3569,dlk_tbl_02125,1,0,1,false
3570,dlk_tbl_03229,1,0,1,false
3571,dash_tbl_01348,1,0,1,false
3572,dlk_tbl_00783,1,0,1,false
3573,gob_tbl_00467,1,0,1,false
3574,dlk_tbl_02055,1,0,1,false
3575,dlk_tbl_02320,1,0,1,false
3576,gob_tbl_00349,1,0,1,false
3577,gob_tbl_00965,1,0,1,false
3578,proc_tbl_00420,1,0,1,false
3579,dlk_tbl_01508,1,0,1,false
3580,dash_tbl_02826,1,0,1,false
3581,gob_tbl_02731,1,0,1,false
3582,dlk_tbl_02762,1,0,1,false
3583,dlk_tbl_03317,1,0,1,false
3584,dlk_tbl_00291,1,0,1,false
3585,gob_tbl_00320,1,0,1,false
3586,dlk_tbl_00007,1,0,1,false
3587,proc_tbl_02481,1,0,1,false
3588,dlk_tbl_00095,1,0,1,false
3589,gob_tbl_00066,1,0,1,false
3590,gob_tbl_02939,1,0,1,false
3591,dlk_tbl_01575,1,0,1,false
3592,gob_tbl_02256,1,0,1,false
3593,dlk_tbl_00968,1,0,1,false
3594,dlk_tbl_01247,1,0,1,false
3595,dlk_tbl_00113,1,0,1,false
3596,dlk_tbl_01492,1,0,1,false
3597,proc_tbl_02193,1,0,1,false
3598,dlk_tbl_03324,1,0,1,false
3599,dlk_tbl_01309,1,0,1,false
3600,dlk_tbl_03252,1,0,1,false
3601,dlk_tbl_00092,1,0,1,false
3602,m4vw_tbl_00922,1,0,1,false
3603,dlk_tbl_00863,1,0,1,false
3604,dlk_tbl_00300,1,0,1,false
3605,dlk_tbl_01350,1,0,1,false
3606,gob_tbl_02733,1,0,1,false
3607,gob_tbl_01097,1,0,1,false
3608,dlk_tbl_01376,1,0,1,false
3609,dlk_tbl_03012,1,0,1,false
3610,proc_tbl_01224,1,0,1,false
3611,dlk_tbl_01159,1,0,1,false
3612,m4vw_tbl_02317,1,0,1,false
3613,dash_tbl_01446,1,0,1,false
3614,dlk_tbl_01369,1,0,1,false
3615,gob_tbl_01639,1,0,1,false
3616,gob_tbl_02373,1,0,1,false
3617,proc_tbl_03072,1,0,1,false
3618,dlk_tbl_00276,1,0,1,false
3619,gob_tbl_02168,1,0,1,false
3620,dlk_tbl_02028,1,0,1,false
3621,gob_tbl_00072,1,0,1,false
3622,dlk_tbl_01305,1,0,1,false
3623,dlk_tbl_01124,1,0,1,false
3624,std_tbl_01107,1,0,1,false
3625,ppn_tbl_01040,1,0,1,false
3626,dlk_tbl_00272,1,0,1,false
3627,proc_tbl_02346,1,0,1,false
3628,gob_tbl_00223,1,0,1,false
3629,gob_tbl_00114,1,0,1,false
3630,dlk_tbl_00005,1,0,1,false
3631,gob_tbl_01326,1,0,1,false
3632,gob_tbl_00776,1,0,1,false
3633,std_tbl_02337,1,0,1,false
3634,proc_tbl_00774,1,0,1,false
3635,m4vw_tbl_00379,1,0,1,false
3636,proc_tbl_01840,1,0,1,false
3637,std_tbl_02482,1,0,1,false
3638,dash_tbl_02329,1,0,1,false
3639,gob_tbl_00402,1,0,1,false
3640,gob_tbl_00695,1,0,1,false
3641,dlk_tbl_01028,1,0,1,false
3642,dlk_tbl_00405,1,0,1,false
3643,gob_tbl_00289,1,0,1,false
3644,std_tbl_00133,1,0,1,false
3645,dlk_tbl_01395,1,0,1,false
3646,gob_tbl_03062,1,0,1,false
3647,dash_tbl_02914,1,0,1,false
3648,proc_tbl_00825,1,0,1,false
3649,gob_tbl_01799,1,0,1,false
3650,std_tbl_02338,1,0,1,false
3651,dlk_tbl_02006,1,0,1,false
3652,proc_tbl_00579,1,0,1,false
3653,proc_tbl_00959,1,0,1,false
3654,gob_ext_00141,1,1,0,false
3655,gob_tbl_01712,1,0,1,false
3656,dash_tbl_01892,1,0,1,false
3657,dlk_tbl_01569,1,0,1,false
3658,gob_tbl_00673,1,0,1,false
3659,proc_tbl_00669,1,0,1,false
3660,dash_tbl_01955,1,0,1,false
3661,dlk_tbl_01851,1,0,1,false
3662,dlk_tbl_03222,1,0,1,false
3663,dlk_tbl_03130,1,0,1,false
3664,dlk_tbl_01692,1,0,1,false
3665,dlk_tbl_02406,1,0,1,false
3666,proc_tbl_02938,1,0,1,false
3667,gob_tbl_01089,1,0,1,false
3668,dlk_ext_00045,1,1,0,false
3669,gob_tbl_00955,1,0,1,false
3670,gob_tbl_00031,1,0,1,false
3671,dlk_tbl_00538,1,0,1,false
3672,proc_tbl_01106,1,0,1,false
3673,m4sco_tbl_02503,1,0,1,false
3674,dash_tbl_01640,1,0,1,false
3675,proc_tbl_00718,1,0,1,false
3676,gob_tbl_02432,1,0,1,false
3677,std_tbl_00495,1,0,1,false
3678,gob_tbl_00382,1,0,1,false
3679,proc_tbl_00463,1,0,1,false
3680,std_tbl_00452,1,0,1,false
3681,gob_tbl_02074,1,0,1,false
3682,gob_tbl_02740,1,0,1,false
3683,dlk_tbl_02263,1,0,1,false
3684,dlk_tbl_01312,1,0,1,false
3685,proc_tbl_00784,1,0,1,false
3686,dash_tbl_02846,1,0,1,false
3687,m4sco_tbl_00470,1,0,1,false
3688,proc_tbl_01882,1,0,1,false
3689,m4sco_tbl_02441,1,0,1,false
3690,gob_tbl_03233,1,0,1,false
3691,gob_tbl_02112,1,0,1,false
3692,std_tbl_02525,1,0,1,false
3693,dlk_tbl_02207,1,0,1,false
3694,dlk_tbl_03314,1,0,1,false
3695,gob_tbl_00344,1,0,1,false
3696,proc_tbl_02533,1,0,1,false
3697,dlk_tbl_02358,1,0,1,false
3698,dlk_tbl_02396,1,0,1,false
3699,gob_ext_00372,1,1,0,false
3700,gob_tbl_00490,1,0,1,false
3701,dlk_tbl_02970,1,0,1,false
3702,m4vw_tbl_01920,1,0,1,false
3703,dash_tbl_01452,1,0,1,false
3704,dlk_tbl_01648,1,0,1,false
3705,dlk_tbl_00074,1,0,1,false
3706,proc_tbl_02349,1,0,1,false
3707,gob_tbl_00435,1,0,1,false
3708,gob_tbl_02439,1,0,1,false
3709,gob_tbl_02434,1,0,1,false
3710,gob_tbl_00164,1,0,1,false
3711,proc_tbl_02531,1,0,1,false
3712,dlk_tbl_02045,1,0,1,false
3713,proc_tbl_03340,1,0,1,false
3714,gob_tbl_00801,1,0,1,false
3715,gob_tbl_01438,1,0,1,false
3716,dlk_tbl_02968,1,0,1,false
3717,gob_tbl_00617,1,0,1,false
3718,dlk_tbl_03281,1,0,1,false
3719,proc_tbl_01269,1,0,1,false
3720,dlk_tbl_00112,1,0,1,false
3721,dlk_tbl_02105,1,0,1,false
3722,gob_tbl_00439,1,0,1,false
3723,dlk_tbl_02756,1,0,1,false
3724,gob_tbl_00392,1,0,1,false
3725,proc_tbl_02759,1,0,1,false
3726,gob_tbl_02952,1,0,1,false
3727,proc_tbl_01329,1,0,1,false
3728,dlk_tbl_00258,1,0,1,false
3729,gob_tbl_02517,1,0,1,false
3730,std_tbl_01191,1,0,1,false
3731,dlk_tbl_03042,1,0,1,false
3732,proc_tbl_00857,1,0,1,false
3733,dash_tbl_00413,1,0,1,false
3734,dlk_tbl_00153,1,0,1,false
3735,proc_tbl_02946,1,0,1,false
3736,proc_tbl_03297,1,0,1,false
3737,gob_tbl_02677,1,0,1,false
3738,proc_tbl_03289,1,0,1,false
3739,proc_tbl_01953,1,0,1,false
3740,proc_tbl_02949,1,0,1,false
3741,dlk_tbl_02655,1,0,1,false
3742,gob_tbl_00256,1,0,1,false
3743,dlk_tbl_00881,1,0,1,false
3744,dlk_tbl_00841,1,0,1,false
3745,gob_tbl_00042,1,0,1,false
3746,dlk_tbl_03055,1,0,1,false
3747,proc_tbl_01091,1,0,1,false
3748,gob_tbl_00409,1,0,1,false
3749,gob_tbl_02859,1,0,1,false
3750,proc_tbl_01345,1,0,1,false
3751,gob_tbl_02195,1,0,1,false
3752,gob_tbl_00667,1,0,1,false
3753,dlk_tbl_00981,1,0,1,false
3754,gob_tbl_00915,1,0,1,false
3755,dlk_tbl_00481,1,0,1,false
3756,dash_tbl_02210,1,0,1,false
3757,dlk_tbl_01820,1,0,1,false
3758,dlk_tbl_00995,1,0,1,false
3759,std_tbl_00035,1,0,1,false
3760,dlk_tbl_00984,1,0,1,false
3761,proc_tbl_02672,1,0,1,false
3762,dlk_tbl_00131,1,0,1,false
3763,dlk_tbl_03165,1,0,1,false
3764,dlk_tbl_01377,1,0,1,false
3765,dlk_tbl_01232,1,0,1,false
3766,gob_tbl_01757,1,0,1,false
3767,gob_tbl_03356,1,0,1,false
3768,proc_tbl_01520,1,0,1,false
3769,gob_tbl_01169,1,0,1,false
3770,gob_tbl_00144,1,0,1,false
3771,proc_tbl_03006,1,0,1,false
3772,gob_tbl_01126,1,0,1,false
3773,gob_tbl_02816,1,0,1,false
3774,gob_tbl_01253,1,0,1,false
3775,dlk_tbl_01656,1,0,1,false
3776,proc_tbl_01772,1,0,1,false
3777,dlk_tbl_00444,1,0,1,false
3778,dlk_tbl_00806,1,0,1,false
3779,dlk_tbl_02279,1,0,1,false
3780,gob_tbl_02711,1,0,1,false
3781,dash_tbl_01352,1,0,1,false
3782,gob_tbl_00519,1,0,1,false
3783,dlk_tbl_01634,1,0,1,false
3784,dlk_tbl_01880,1,0,1,false
3785,dlk_tbl_00068,1,0,1,false
3786,proc_tbl_01670,1,0,1,false
3787,gob_tbl_03157,1,0,1,false
3788,gob_tbl_00652,1,0,1,false
3789,dlk_tbl_00705,1,0,1,false
3790,dash_tbl_02270,1,0,1,false
3791,dlk_tbl_02840,1,0,1,false
3792,gob_tbl_00350,1,0,1,false
3793,gob_tbl_02741,1,0,1,false
3794,gob_tbl_00687,1,0,1,false
3795,dlk_tbl_00536,1,0,1,false
3796,gob_tbl_00329,1,0,1,false
3797,gob_tbl_02591,1,0,1,false
3798,proc_tbl_02900,1,0,1,false
3799,dlk_tbl_02160,1,0,1,false
3800,dlk_tbl_02489,1,0,1,false
3801,gob_tbl_02284,1,0,1,false
3802,dlk_tbl_01562,1,0,1,false
3803,dlk_tbl_02748,1,0,1,false
3804,dash_tbl_00963,1,0,1,false
3805,proc_tbl_01043,1,0,1,false
3806,proc_tbl_01885,1,0,1,false
3807,dlk_tbl_01096,1,0,1,false
3808,proc_tbl_03124,1,0,1,false
3809,dlk_tbl_02786,1,0,1,false
3810,dlk_tbl_00498,1,0,1,false
3811,dlk_tbl_00479,1,0,1,false
3812,proc_tbl_00109,1,0,1,false
3813,dlk_tbl_03036,1,0,1,false
3814,proc_tbl_01263,1,0,1,false
3815,dlk_tbl_01579,1,0,1,false
3816,proc_tbl_00912,1,0,1,false
3817,dash_tbl_00474,1,0,1,false
3818,gob_tbl_00438,1,0,1,false
3819,dlk_tbl_01972,1,0,1,false
3820,dlk_tbl_01183,1,0,1,false
3821,gob_tbl_03086,1,0,1,false
3822,dlk_tbl_01537,1,0,1,false
3823,gob_tbl_02569,1,0,1,false
3824,dlk_tbl_00486,1,0,1,false
3825,gob_tbl_02958,1,0,1,false
3826,std_tbl_02319,1,0,1,false
3827,std_tbl_00174,1,0,1,false
3828,gob_tbl_01657,1,0,1,false
3829,dlk_tbl_01282,1,0,1,false
3830,dlk_tbl_00641,1,0,1,false
