rank,table_name,frequency,as_source,as_target,is_contested
1,dash_ext_00514,30,30,0,false
2,std_ext_00057,24,24,0,false
3,dlk_ext_00340,23,23,0,false
4,gob_ext_00029,23,23,0,false
5,dlk_ext_00006,23,23,0,false
6,proc_ext_00435,22,22,0,false
7,dlk_ext_00634,22,22,0,false
8,gob_ext_00524,22,22,0,false
9,gob_ext_00023,20,20,0,false
10,proc_ext_00468,20,20,0,false
11,dash_ext_00018,20,20,0,false
12,dash_ext_00008,19,19,0,false
13,dlk_ext_00066,18,18,0,false
14,gob_ext_00313,18,18,0,false
15,gob_ext_00022,18,18,0,false
16,proc_ext_00506,18,18,0,false
17,dlk_ext_00503,18,18,0,false
18,dlk_ext_00304,18,18,0,false
19,proc_ext_00146,18,18,0,false
20,gob_ext_00460,18,18,0,false
21,proc_ext_00457,18,18,0,false
22,dash_ext_00633,17,17,0,false
23,dlk_ext_00113,17,17,0,false
24,gob_ext_00393,17,17,0,false
25,proc_ext_00121,17,17,0,false
26,proc_ext_00327,17,17,0,false
27,dlk_ext_00407,17,17,0,false
28,std_ext_00510,16,16,0,false
29,proc_ext_00010,16,16,0,false
30,gob_ext_00615,16,16,0,false
31,dlk_ext_00319,16,16,0,false
32,gob_ext_00613,16,16,0,false
33,dlk_ext_00012,16,16,0,false
34,std_ext_00587,16,16,0,false
35,gob_ext_00412,16,16,0,false
36,dlk_ext_00390,16,16,0,false
37,gob_ext_00479,15,15,0,false
38,std_ext_00044,15,15,0,false
39,gob_ext_00584,15,15,0,false
40,gob_ext_00523,15,15,0,false
41,gob_ext_00252,15,15,0,false
42,gob_ext_00110,15,15,0,false
43,dash_ext_00312,15,15,0,false
44,gob_ext_00279,15,15,0,false
45,dlk_ext_00469,15,15,0,false
46,gob_ext_00049,15,15,0,false
47,gob_ext_00334,15,15,0,false
48,dlk_ext_00188,15,15,0,false
49,proc_ext_00171,15,15,0,false
50,proc_ext_00124,15,15,0,false
51,m4sco_ext_00565,14,14,0,false
52,gob_ext_00379,14,14,0,false
53,dlk_ext_00400,14,14,0,false
54,dlk_ext_00571,14,14,0,false
55,dlk_ext_00344,14,14,0,false
56,gob_ext_00609,14,14,0,false
57,gob_ext_00260,14,14,0,false
58,dlk_ext_00505,14,14,0,false
59,dlk_ext_00238,14,14,0,false
60,proc_ext_00401,14,14,0,false
61,dlk_ext_00488,14,14,0,false
62,dlk_ext_00262,13,13,0,false
63,dlk_ext_00144,13,13,0,false
64,gob_ext_00591,13,13,0,false
65,gob_ext_00091,13,13,0,false
66,dlk_ext_00501,13,13,0,false
67,gob_ext_00222,13,13,0,false
68,proc_ext_00102,13,13,0,false
69,dlk_ext_00092,13,13,0,false
70,gob_ext_00100,13,13,0,false
71,dlk_ext_00284,13,13,0,false
72,gob_ext_00153,13,13,0,false
73,dlk_ext_00538,13,13,0,false
74,dlk_ext_00174,13,13,0,false
75,proc_ext_00461,13,13,0,false
76,dlk_ext_00294,13,13,0,false
77,dash_ext_00442,12,12,0,false
78,dash_tbl_03320,12,11,1,false
79,dlk_ext_00403,12,12,0,false
80,proc_ext_00381,12,12,0,false
81,gob_ext_00331,12,12,0,false
82,proc_ext_00047,12,12,0,false
83,gob_ext_00366,12,12,0,false
84,gob_ext_00467,12,12,0,false
85,proc_ext_00487,12,12,0,false
86,dash_ext_00203,12,12,0,false
87,proc_ext_00527,12,12,0,false
88,gob_ext_00259,12,12,0,false
89,dlk_ext_00389,12,12,0,false
90,gob_ext_00036,12,12,0,false
91,gob_ext_00458,12,12,0,false
92,dlk_ext_00179,12,12,0,false
93,gob_ext_00441,12,12,0,false
94,dlk_ext_00093,12,12,0,false
95,dlk_ext_00585,12,12,0,false
96,proc_ext_00414,12,12,0,false
97,m4vw_ext_00359,12,12,0,false
98,proc_ext_00430,12,12,0,false
99,gob_ext_00465,12,12,0,false
100,dlk_ext_00071,11,11,0,false
101,proc_ext_00427,11,11,0,false
102,dlk_tbl_00606,11,10,1,false
103,gob_ext_00191,11,11,0,false
104,gob_ext_00626,11,11,0,false
105,gob_ext_00558,11,11,0,false
106,gob_ext_00271,11,11,0,false
107,std_ext_00237,11,11,0,false
108,gob_ext_00105,11,11,0,false
109,dlk_ext_00602,11,11,0,false
110,dlk_ext_00434,11,11,0,false
111,dlk_ext_00547,11,11,0,false
112,dlk_ext_00561,11,11,0,false
113,dlk_ext_00424,11,11,0,false
114,proc_ext_00555,11,11,0,false
115,gob_ext_00450,11,11,0,false
116,dlk_ext_00133,11,11,0,false
117,proc_ext_00030,11,11,0,false
118,gob_ext_00486,11,11,0,false
119,gob_ext_00147,11,11,0,false
120,gob_tbl_01314,11,10,1,false
121,dlk_ext_00025,11,11,0,false
122,dlk_ext_00001,11,11,0,false
123,dash_ext_00456,11,11,0,false
124,dlk_ext_00173,11,11,0,false
125,dlk_ext_00081,11,11,0,false
126,gob_ext_00608,11,11,0,false
127,dlk_ext_00388,11,11,0,false
128,dlk_tbl_04195,11,10,1,false
129,dash_tbl_03752,10,8,2,true
130,gob_ext_00301,10,10,0,false
131,proc_ext_00496,10,10,0,false
132,dlk_ext_00515,10,10,0,false
133,gob_ext_00227,10,10,0,false
134,m4sco_ext_00569,10,10,0,false
135,gob_tbl_00506,10,9,1,false
136,m4sco_ext_00529,10,10,0,false
137,gob_ext_00198,10,10,0,false
138,gob_tbl_01204,10,9,1,false
139,gob_ext_00202,10,10,0,false
140,gob_ext_00520,10,10,0,false
141,gob_ext_00208,10,10,0,false
142,proc_ext_00004,10,10,0,false
143,gob_ext_00384,10,10,0,false
144,gob_ext_00453,10,10,0,false
145,dlk_ext_00231,10,10,0,false
146,dash_ext_00574,10,10,0,false
147,std_tbl_02431,10,9,1,false
148,proc_ext_00632,10,10,0,false
149,proc_ext_00316,10,10,0,false
150,gob_ext_00261,10,10,0,false
151,dlk_ext_00418,10,10,0,false
152,proc_ext_00207,10,10,0,false
153,std_ext_00618,10,10,0,false
154,gob_ext_00409,10,10,0,false
155,dlk_ext_00054,10,10,0,false
156,m4vw_ext_00056,10,10,0,false
157,gob_ext_00164,10,10,0,false
158,gob_ext_00033,10,10,0,false
159,dash_tbl_00554,10,8,2,true
160,dlk_ext_00165,10,10,0,false
161,gob_ext_00275,10,10,0,false
162,gob_ext_00415,10,10,0,false
163,dash_ext_00540,10,10,0,false
164,m4vw_ext_00447,10,10,0,false
165,dlk_ext_00099,10,10,0,false
166,proc_ext_00597,10,10,0,false
167,dash_ext_00420,10,10,0,false
168,dash_ext_00240,10,10,0,false
169,gob_ext_00254,10,10,0,false
170,gob_ext_00629,9,9,0,false
171,gob_ext_00369,9,9,0,false
172,dlk_tbl_01874,9,8,1,false
173,gob_ext_00042,9,9,0,false
174,dlk_tbl_01963,9,8,1,false
175,dlk_ext_00221,9,9,0,false
176,std_ext_00060,9,9,0,false
177,dash_ext_00201,9,9,0,false
178,gob_tbl_03664,9,8,1,false
179,dlk_ext_00281,9,9,0,false
180,proc_tbl_01792,9,8,1,false
181,dlk_ext_00136,9,9,0,false
182,dlk_tbl_01269,9,8,1,false
183,dlk_ext_00108,9,9,0,false
184,dlk_tbl_00124,9,8,1,false
185,dlk_ext_00002,9,9,0,false
186,dlk_ext_00509,9,9,0,false
187,gob_ext_00522,9,9,0,false
188,gob_ext_00058,9,9,0,false
189,dlk_ext_00087,9,9,0,false
190,std_ext_00295,9,9,0,false
191,gob_ext_00351,9,9,0,false
192,dlk_ext_00152,9,9,0,false
193,gob_ext_00491,9,9,0,false
194,dlk_ext_00170,9,9,0,false
195,proc_tbl_02816,9,8,1,false
196,dlk_ext_00177,9,9,0,false
197,dash_ext_00525,9,9,0,false
198,gob_ext_00107,9,9,0,false
199,dlk_ext_00190,9,9,0,false
200,dlk_ext_00306,9,9,0,false
201,std_ext_00517,9,9,0,false
202,ppn_tbl_01551,9,8,1,false
203,dlk_tbl_00152,9,8,1,false
204,m4sco_ext_00610,9,9,0,false
205,gob_tbl_04142,9,8,1,false
206,gob_ext_00361,9,9,0,false
207,gob_ext_00521,9,9,0,false
208,proc_ext_00636,9,9,0,false
209,dlk_ext_00323,9,9,0,false
210,dlk_ext_00062,9,9,0,false
211,gob_tbl_04213,8,7,1,false
212,dlk_tbl_02623,8,7,1,false
213,gob_ext_00548,8,8,0,false
214,dlk_ext_00303,8,8,0,false
215,proc_ext_00119,8,8,0,false
216,proc_ext_00242,8,8,0,false
217,gob_tbl_03725,8,7,1,false
218,proc_ext_00178,8,8,0,false
219,dash_ext_00214,8,8,0,false
220,ppn_ext_00526,8,8,0,false
221,dash_ext_00394,8,8,0,false
222,proc_ext_00241,8,8,0,false
223,dlk_ext_00123,8,8,0,false
224,proc_ext_00055,8,8,0,false
225,dlk_ext_00122,8,8,0,false
226,gob_tbl_00407,8,7,1,false
227,dlk_ext_00438,8,8,0,false
228,dlk_ext_00549,8,8,0,false
229,std_ext_00594,8,8,0,false
230,dlk_ext_00477,8,8,0,false
231,dlk_ext_00251,8,8,0,false
232,gob_tbl_02351,8,7,1,false
233,dlk_ext_00516,8,8,0,false
234,m4vw_tbl_03943,8,7,1,false
235,gob_ext_00250,8,8,0,false
236,dlk_ext_00440,8,8,0,false
237,dlk_ext_00410,8,8,0,false
238,gob_tbl_03665,8,7,1,false
239,gob_ext_00246,8,8,0,false
240,proc_ext_00324,8,8,0,false
241,gob_ext_00200,8,8,0,false
242,std_ext_00512,8,8,0,false
243,gob_ext_00176,8,8,0,false
244,dlk_ext_00264,8,8,0,false
245,dlk_tbl_01199,8,7,1,false
246,gob_tbl_04444,8,7,1,false
247,gob_ext_00603,8,8,0,false
248,proc_tbl_00402,8,7,1,false
249,gob_tbl_01698,8,7,1,false
250,gob_ext_00321,8,8,0,false
251,dlk_tbl_03568,8,7,1,false
252,dlk_ext_00325,8,8,0,false
253,proc_ext_00103,8,8,0,false
254,m4vw_tbl_01895,8,7,1,false
255,gob_tbl_02025,8,7,1,false
256,gob_tbl_02462,8,7,1,false
257,gob_ext_00223,8,8,0,false
258,dlk_ext_00353,8,8,0,false
259,gob_tbl_02698,8,7,1,false
260,gob_ext_00399,8,8,0,false
261,dlk_ext_00621,8,8,0,false
262,gob_tbl_04364,8,7,1,false
263,gob_tbl_04367,8,7,1,false
264,dlk_tbl_00276,8,7,1,false
265,dlk_ext_00396,8,8,0,false
266,ppn_ext_00504,8,8,0,false
267,dlk_ext_00614,8,8,0,false
268,std_ext_00232,8,8,0,false
269,dlk_tbl_00297,8,7,1,false
270,proc_tbl_00819,8,7,1,false
271,gob_ext_00187,7,7,0,false
272,proc_ext_00157,7,7,0,false
273,dlk_ext_00230,7,7,0,false
274,dlk_ext_00048,7,7,0,false
275,proc_ext_00131,7,7,0,false
276,gob_ext_00370,7,7,0,false
277,gob_tbl_02595,7,6,1,false
278,gob_ext_00265,7,7,0,false
279,dlk_tbl_03168,7,6,1,false
280,dash_ext_00490,7,7,0,false
281,gob_ext_00604,7,7,0,false
282,dlk_tbl_01099,7,6,1,false
283,dlk_ext_00537,7,7,0,false
284,gob_ext_00507,7,7,0,false
285,gob_tbl_00299,7,6,1,false
286,dlk_ext_00118,7,7,0,false
287,gob_ext_00080,7,7,0,false
288,dlk_tbl_01229,7,6,1,false
289,dlk_ext_00378,7,7,0,false
290,dlk_tbl_03025,7,6,1,false
291,m4vw_tbl_02284,7,6,1,false
292,gob_ext_00581,7,7,0,false
293,dlk_tbl_02049,7,6,1,false
294,proc_ext_00339,7,7,0,false
295,dlk_tbl_02360,7,6,1,false
296,dlk_tbl_01357,7,6,1,false
297,proc_ext_00535,7,7,0,false
298,std_ext_00606,7,7,0,false
299,dlk_tbl_01481,7,6,1,false
300,gob_ext_00183,7,7,0,false
301,dlk_ext_00590,7,7,0,false
302,proc_ext_00192,7,7,0,false
303,proc_tbl_04219,7,6,1,false
304,gob_ext_00139,7,7,0,false
305,proc_tbl_00172,7,6,1,false
306,proc_ext_00502,7,7,0,false
307,gob_ext_00143,7,7,0,false
308,dlk_tbl_00936,7,6,1,false
309,dlk_tbl_00646,7,6,1,false
310,dlk_tbl_02176,7,6,1,false
311,ppn_ext_00046,7,7,0,false
312,dash_tbl_00063,7,6,1,false
313,gob_ext_00530,7,7,0,false
314,gob_ext_00151,7,7,0,false
315,dash_ext_00299,7,7,0,false
316,gob_ext_00475,7,7,0,false
317,gob_tbl_03056,7,6,1,false
318,gob_ext_00247,7,7,0,false
319,gob_ext_00619,7,7,0,false
320,dash_ext_00204,7,7,0,false
321,dash_ext_00354,7,7,0,false
322,dlk_tbl_00168,7,6,1,false
323,gob_ext_00481,7,7,0,false
324,gob_tbl_00718,7,6,1,false
325,gob_tbl_02364,7,6,1,false
326,gob_tbl_03605,7,6,1,false
327,dlk_tbl_01434,7,6,1,false
328,dlk_ext_00348,7,7,0,false
329,gob_ext_00478,7,7,0,false
330,dlk_ext_00563,7,7,0,false
331,gob_ext_00386,7,7,0,false
332,gob_tbl_04292,7,6,1,false
333,dlk_ext_00280,7,7,0,false
334,proc_tbl_01784,7,6,1,false
335,dlk_tbl_02179,7,6,1,false
336,dlk_ext_00257,7,7,0,false
337,gob_ext_00519,7,7,0,false
338,dlk_ext_00382,7,7,0,false
339,dlk_ext_00115,7,7,0,false
340,gob_ext_00494,7,7,0,false
341,dlk_ext_00365,7,7,0,false
342,gob_tbl_00332,7,6,1,false
343,gob_ext_00474,7,7,0,false
344,m4vw_tbl_01700,7,6,1,false
345,gob_ext_00112,7,7,0,false
346,proc_tbl_02580,7,6,1,false
347,dlk_ext_00009,7,7,0,false
348,proc_tbl_04492,6,5,1,false
349,dlk_ext_00422,6,6,0,false
350,dash_tbl_02009,6,5,1,false
351,gob_ext_00451,6,6,0,false
352,proc_tbl_01202,6,5,1,false
353,proc_tbl_02010,6,4,2,true
354,gob_tbl_02088,6,5,1,false
355,dlk_tbl_03981,6,5,1,false
356,gob_ext_00126,6,6,0,false
357,dlk_tbl_02887,6,5,1,false
358,dash_tbl_02070,6,5,1,false
359,gob_tbl_03796,6,5,1,false
360,m4sco_tbl_04290,6,5,1,false
361,gob_ext_00212,6,6,0,false
362,dlk_ext_00244,6,6,0,false
363,dlk_tbl_00961,6,5,1,false
364,gob_ext_00545,6,6,0,false
365,proc_ext_00063,6,6,0,false
366,dlk_tbl_03490,6,5,1,false
367,proc_tbl_01125,6,5,1,false
368,proc_tbl_02108,6,5,1,false
369,m4sco_ext_00094,6,6,0,false
370,dlk_ext_00162,6,6,0,false
371,dlk_ext_00226,6,6,0,false
372,dlk_tbl_03998,6,5,1,false
373,dlk_tbl_03956,6,5,1,false
374,dash_ext_00141,6,6,0,false
375,dlk_tbl_02341,6,5,1,false
376,gob_ext_00186,6,6,0,false
377,dlk_tbl_02485,6,5,1,false
378,gob_tbl_03237,6,5,1,false
379,dlk_tbl_02340,6,5,1,false
380,dlk_tbl_01720,6,5,1,false
381,dlk_tbl_03072,6,5,1,false
382,gob_ext_00627,6,6,0,false
383,proc_tbl_03559,6,5,1,false
384,dlk_tbl_00356,6,5,1,false
385,gob_tbl_03678,6,5,1,false
386,dlk_tbl_01517,6,5,1,false
387,dlk_tbl_03777,6,5,1,false
388,gob_tbl_03594,6,5,1,false
389,gob_tbl_01207,6,5,1,false
390,gob_tbl_02160,6,5,1,false
391,proc_tbl_01866,6,5,1,false
392,gob_ext_00013,6,6,0,false
393,dlk_ext_00320,6,6,0,false
394,proc_tbl_01681,6,5,1,false
395,std_tbl_01541,6,5,1,false
396,gob_tbl_04323,6,5,1,false
397,proc_tbl_00091,6,5,1,false
398,gob_tbl_04032,6,5,1,false
399,std_tbl_03420,6,5,1,false
400,gob_ext_00239,6,6,0,false
401,dash_ext_00149,6,6,0,false
402,gob_tbl_00795,6,5,1,false
403,dlk_ext_00085,6,6,0,false
404,proc_tbl_01706,6,5,1,false
405,proc_tbl_01672,6,5,1,false
406,dlk_ext_00053,6,6,0,false
407,dlk_tbl_04424,6,5,1,false
408,gob_tbl_02093,6,5,1,false
409,dlk_ext_00308,6,6,0,false
410,ppn_ext_00216,6,6,0,false
411,dlk_ext_00137,6,6,0,false
412,proc_ext_00612,6,6,0,false
413,m4sco_tbl_03627,6,5,1,false
414,gob_tbl_01611,6,5,1,false
415,dlk_tbl_03063,6,5,1,false
416,gob_tbl_01800,6,5,1,false
417,gob_tbl_01394,6,5,1,false
418,proc_ext_00611,6,6,0,false
419,gob_ext_00601,6,6,0,false
420,proc_tbl_03474,6,5,1,false
421,gob_tbl_03838,6,4,2,true
422,dlk_ext_00180,6,6,0,false
423,gob_tbl_02056,6,5,1,false
424,dlk_ext_00228,6,6,0,false
425,proc_tbl_00457,6,5,1,false
426,proc_ext_00336,6,6,0,false
427,gob_tbl_04062,6,5,1,false
428,dlk_ext_00229,6,6,0,false
429,gob_tbl_01628,6,5,1,false
430,gob_ext_00417,6,6,0,false
431,dlk_ext_00052,6,6,0,false
432,dlk_ext_00154,6,6,0,false
433,m4vw_ext_00559,6,6,0,false
434,dlk_tbl_01550,6,5,1,false
435,m4sco_tbl_02163,6,5,1,false
436,proc_ext_00000,6,6,0,false
437,dlk_ext_00134,6,6,0,false
438,gob_tbl_00131,6,5,1,false
439,proc_tbl_03897,6,5,1,false
440,gob_tbl_02593,6,5,1,false
441,dlk_tbl_02946,6,5,1,false
442,gob_tbl_01868,6,5,1,false
443,gob_ext_00462,6,6,0,false
444,gob_ext_00572,6,6,0,false
445,gob_ext_00630,6,6,0,false
446,dash_tbl_01863,6,5,1,false
447,dash_tbl_00746,6,5,1,false
448,dlk_tbl_00538,6,5,1,false
449,dlk_ext_00398,6,6,0,false
450,dlk_ext_00161,6,6,0,false
451,dlk_tbl_01382,6,5,1,false
452,gob_ext_00562,6,6,0,false
453,gob_tbl_02452,6,5,1,false
454,std_tbl_00629,6,5,1,false
455,gob_tbl_02769,6,5,1,false
456,proc_tbl_03778,6,5,1,false
457,proc_tbl_02112,6,5,1,false
458,dash_ext_00492,6,6,0,false
459,proc_tbl_03683,6,5,1,false
460,gob_tbl_00143,6,5,1,false
461,dlk_ext_00484,6,6,0,false
462,dlk_ext_00125,6,6,0,false
463,dlk_tbl_03834,6,5,1,false
464,proc_ext_00421,6,6,0,false
465,gob_tbl_03918,6,5,1,false
466,gob_tbl_04102,6,5,1,false
467,dlk_tbl_00460,6,5,1,false
468,gob_ext_00497,6,6,0,false
469,dlk_tbl_01315,6,5,1,false
470,dlk_ext_00335,6,6,0,false
471,proc_tbl_02008,6,5,1,false
472,proc_tbl_00034,6,5,1,false
473,gob_ext_00120,6,6,0,false
474,dlk_tbl_01359,6,5,1,false
475,proc_tbl_00157,6,5,1,false
476,dash_tbl_04066,6,5,1,false
477,gob_ext_00145,6,6,0,false
478,proc_ext_00391,6,6,0,false
479,gob_tbl_01713,6,5,1,false
480,dash_tbl_03455,6,5,1,false
481,dlk_tbl_01851,6,5,1,false
482,gob_tbl_03174,6,5,1,false
483,proc_tbl_04275,6,5,1,false
484,dlk_tbl_02725,6,5,1,false
485,dlk_ext_00017,6,6,0,false
486,proc_tbl_02568,6,5,1,false
487,gob_tbl_02758,6,5,1,false
488,gob_tbl_01526,6,5,1,false
489,std_tbl_02066,6,5,1,false
490,gob_tbl_01855,6,5,1,false
491,gob_tbl_03103,6,5,1,false
492,dlk_ext_00282,6,6,0,false
493,proc_ext_00298,6,6,0,false
494,std_tbl_00252,6,5,1,false
495,dlk_tbl_02530,6,5,1,false
496,gob_tbl_01131,6,5,1,false
497,dlk_tbl_03357,6,5,1,false
498,gob_ext_00199,6,6,0,false
499,dlk_tbl_01496,6,5,1,false
500,dlk_ext_00064,6,6,0,false
501,dlk_tbl_04379,6,5,1,false
502,gob_tbl_00311,5,4,1,false
503,dash_tbl_01583,5,4,1,false
504,gob_tbl_00215,5,4,1,false
505,dlk_ext_00129,5,5,0,false
506,dlk_tbl_01562,5,4,1,false
507,proc_ext_00140,5,5,0,false
508,gob_tbl_03379,5,4,1,false
509,dlk_tbl_03139,5,4,1,false
510,gob_ext_00086,5,5,0,false
511,gob_tbl_02597,5,4,1,false
512,ppn_tbl_00121,5,4,1,false
513,gob_tbl_02174,5,4,1,false
514,gob_tbl_04189,5,4,1,false
515,dlk_tbl_00658,5,4,1,false
516,gob_tbl_02575,5,4,1,false
517,gob_tbl_03703,5,4,1,false
518,dash_tbl_03111,5,4,1,false
519,gob_tbl_01745,5,4,1,false
520,gob_tbl_00637,5,4,1,false
521,proc_tbl_03868,5,4,1,false
522,proc_tbl_02357,5,4,1,false
523,proc_tbl_02703,5,4,1,false
524,dlk_ext_00466,5,5,0,false
525,dash_tbl_03671,5,4,1,false
526,gob_ext_00371,5,5,0,false
527,gob_tbl_01787,5,4,1,false
528,dlk_ext_00037,5,5,0,false
529,dlk_tbl_00660,5,4,1,false
530,dlk_tbl_01594,5,4,1,false
531,dash_tbl_02813,5,4,1,false
532,gob_ext_00175,5,5,0,false
533,gob_tbl_00911,5,4,1,false
534,dlk_tbl_04246,5,4,1,false
535,dlk_tbl_04135,5,4,1,false
536,dlk_tbl_03349,5,4,1,false
537,dlk_tbl_00163,5,4,1,false
538,dlk_tbl_03395,5,4,1,false
539,proc_tbl_01272,5,4,1,false
540,proc_ext_00343,5,5,0,false
541,dlk_tbl_02090,5,4,1,false
542,dash_tbl_04096,5,4,1,false
543,dlk_tbl_01567,5,4,1,false
544,dlk_tbl_02416,5,4,1,false
545,gob_ext_00625,5,5,0,false
546,dash_tbl_03729,5,4,1,false
547,proc_tbl_02993,5,4,1,false
548,std_tbl_03294,5,4,1,false
549,dlk_tbl_01946,5,4,1,false
550,ppn_tbl_03543,5,4,1,false
551,gob_tbl_01647,5,4,1,false
552,dash_tbl_02147,5,4,1,false
553,proc_tbl_02397,5,4,1,false
554,dlk_ext_00493,5,5,0,false
555,gob_tbl_00857,5,4,1,false
556,gob_ext_00106,5,5,0,false
557,gob_tbl_03249,5,4,1,false
558,std_tbl_04156,5,4,1,false
559,gob_ext_00096,5,5,0,false
560,gob_ext_00544,5,5,0,false
561,gob_tbl_03312,5,4,1,false
562,dlk_tbl_02254,5,4,1,false
563,proc_tbl_02903,5,4,1,false
564,proc_tbl_02562,5,4,1,false
565,dlk_tbl_01819,5,4,1,false
566,dlk_tbl_02050,5,4,1,false
567,dlk_tbl_03337,5,4,1,false
568,gob_tbl_03210,5,4,1,false
569,std_tbl_01828,5,4,1,false
570,dlk_tbl_00322,5,4,1,false
571,dlk_ext_00291,5,5,0,false
572,dlk_tbl_04053,5,4,1,false
573,dlk_tbl_02370,5,4,1,false
574,gob_tbl_00654,5,4,1,false
575,gob_tbl_02022,5,4,1,false
576,dlk_tbl_02127,5,4,1,false
577,dlk_tbl_01277,5,4,1,false
578,dlk_tbl_04145,5,4,1,false
579,gob_tbl_03213,5,4,1,false
580,gob_tbl_02461,5,4,1,false
581,gob_tbl_03576,5,4,1,false
582,gob_tbl_02893,5,4,1,false
583,dlk_tbl_04277,5,4,1,false
584,dlk_ext_00470,5,5,0,false
585,gob_tbl_02111,5,4,1,false
586,dlk_tbl_01765,5,4,1,false
587,dlk_ext_00195,5,5,0,false
588,dlk_tbl_00326,5,4,1,false
589,gob_tbl_00932,5,4,1,false
590,dlk_tbl_01786,5,4,1,false
591,gob_tbl_00566,5,4,1,false
592,dlk_tbl_00077,5,4,1,false
593,gob_tbl_00286,5,4,1,false
594,dlk_tbl_03926,5,4,1,false
595,gob_tbl_02521,5,4,1,false
596,dlk_tbl_00470,5,4,1,false
597,gob_tbl_03448,5,4,1,false
598,gob_tbl_03563,5,4,1,false
599,dlk_tbl_01291,5,4,1,false
600,proc_ext_00074,5,5,0,false
601,gob_ext_00552,5,5,0,false
602,gob_tbl_03506,5,4,1,false
603,gob_tbl_01458,5,4,1,false
604,dlk_tbl_04035,5,4,1,false
605,dlk_tbl_02166,5,4,1,false
606,proc_ext_00014,5,5,0,false
607,gob_tbl_00405,5,4,1,false
608,dlk_ext_00622,5,5,0,false
609,gob_ext_00163,5,5,0,false
610,dlk_tbl_03963,5,4,1,false
611,proc_ext_00150,5,5,0,false
612,proc_ext_00508,5,5,0,false
613,dlk_tbl_02141,5,4,1,false
614,gob_tbl_02781,5,4,1,false
615,dlk_tbl_00571,5,4,1,false
616,gob_tbl_00129,5,4,1,false
617,gob_ext_00476,5,5,0,false
618,dlk_tbl_03830,5,4,1,false
619,dlk_tbl_03059,5,4,1,false
620,proc_tbl_00983,5,4,1,false
621,proc_tbl_00224,5,4,1,false
622,proc_tbl_04040,5,4,1,false
623,dlk_tbl_00390,5,4,1,false
624,dlk_ext_00272,5,5,0,false
625,gob_tbl_03463,5,4,1,false
626,gob_ext_00592,5,5,0,false
627,dlk_tbl_00956,5,4,1,false
628,gob_tbl_01391,5,4,1,false
629,dlk_tbl_00263,5,4,1,false
630,proc_tbl_01587,5,4,1,false
631,dash_tbl_02487,5,4,1,false
632,gob_ext_00182,5,5,0,false
633,dlk_tbl_00436,5,4,1,false
634,proc_tbl_00692,5,4,1,false
635,gob_tbl_02260,5,4,1,false
636,dlk_ext_00269,5,5,0,false
637,gob_tbl_03067,5,4,1,false
638,gob_tbl_01931,5,4,1,false
639,dlk_tbl_04130,5,4,1,false
640,dlk_tbl_02137,5,4,1,false
641,dlk_tbl_02421,5,4,1,false
642,proc_tbl_01200,5,4,1,false
643,gob_tbl_00639,5,4,1,false
644,gob_tbl_03011,5,4,1,false
645,dlk_ext_00405,5,5,0,false
646,proc_tbl_00753,5,4,1,false
647,proc_tbl_00233,5,4,1,false
648,dlk_tbl_00740,5,4,1,false
649,dash_tbl_03921,5,4,1,false
650,gob_tbl_01505,5,4,1,false
651,dlk_ext_00472,5,5,0,false
652,m4vw_tbl_01327,5,4,1,false
653,gob_tbl_02657,5,4,1,false
654,dlk_tbl_00720,5,4,1,false
655,ppn_tbl_01245,5,4,1,false
656,dlk_tbl_00182,5,4,1,false
657,gob_tbl_02542,5,4,1,false
658,dlk_tbl_00782,5,4,1,false
659,gob_tbl_02688,5,4,1,false
660,dlk_tbl_04143,5,4,1,false
661,dlk_tbl_00668,5,4,1,false
662,gob_ext_00449,5,5,0,false
663,dlk_tbl_02801,5,4,1,false
664,dlk_tbl_03631,5,4,1,false
665,gob_ext_00406,5,5,0,false
666,gob_tbl_04065,5,4,1,false
667,gob_tbl_03483,5,4,1,false
668,dlk_ext_00377,5,5,0,false
669,gob_ext_00567,5,5,0,false
670,dlk_ext_00485,5,5,0,false
671,proc_ext_00263,5,5,0,false
672,dash_ext_00039,5,5,0,false
673,dlk_ext_00593,5,5,0,false
674,gob_tbl_03191,5,4,1,false
675,gob_tbl_00930,5,4,1,false
676,gob_tbl_03050,5,4,1,false
677,gob_tbl_00530,5,4,1,false
678,gob_tbl_01891,5,4,1,false
679,gob_ext_00007,5,5,0,false
680,dash_tbl_03837,5,4,1,false
681,gob_tbl_02912,5,4,1,false
682,dlk_tbl_01152,5,4,1,false
683,dlk_tbl_02811,5,4,1,false
684,gob_ext_00596,5,5,0,false
685,dash_tbl_02387,5,4,1,false
686,proc_tbl_04301,5,4,1,false
687,dash_ext_00088,5,5,0,false
688,proc_ext_00225,5,5,0,false
689,dlk_tbl_00393,5,4,1,false
690,dash_tbl_03858,5,4,1,false
691,gob_tbl_03534,5,4,1,false
692,gob_tbl_03221,5,4,1,false
693,dlk_ext_00513,5,5,0,false
694,m4vw_tbl_03250,5,4,1,false
695,dlk_tbl_00505,5,4,1,false
696,gob_tbl_03798,5,4,1,false
697,gob_tbl_00939,5,4,1,false
698,dlk_tbl_01164,5,4,1,false
699,dlk_tbl_04193,5,4,1,false
700,proc_tbl_03862,5,4,1,false
701,gob_ext_00413,5,5,0,false
702,dlk_tbl_03677,5,4,1,false
703,gob_tbl_00331,5,4,1,false
704,proc_tbl_02616,5,4,1,false
705,gob_tbl_00974,5,4,1,false
706,dlk_tbl_00205,5,4,1,false
707,dash_tbl_02385,5,4,1,false
708,dlk_tbl_03511,5,4,1,false
709,gob_ext_00233,5,5,0,false
710,dlk_tbl_02991,5,4,1,false
711,gob_ext_00050,5,5,0,false
712,dash_tbl_02795,5,4,1,false
713,dlk_tbl_03142,5,4,1,false
714,proc_tbl_03346,5,4,1,false
715,gob_tbl_02927,5,4,1,false
716,gob_tbl_03414,5,4,1,false
717,dash_ext_00160,5,5,0,false
718,dash_tbl_00526,5,4,1,false
719,gob_ext_00003,5,5,0,false
720,dlk_tbl_00351,5,4,1,false
721,dlk_tbl_00503,5,4,1,false
722,dlk_tbl_02613,5,4,1,false
723,dlk_tbl_03624,5,4,1,false
724,proc_tbl_02146,5,4,1,false
725,gob_tbl_03387,5,4,1,false
726,gob_tbl_02519,5,4,1,false
727,std_tbl_03916,5,4,1,false
728,proc_tbl_02668,5,3,2,true
729,dlk_tbl_00681,5,4,1,false
730,gob_tbl_03074,5,4,1,false
731,gob_ext_00329,5,5,0,false
732,gob_tbl_00587,5,4,1,false
733,gob_tbl_03381,5,4,1,false
734,gob_tbl_03000,5,4,1,false
735,dlk_tbl_02244,5,4,1,false
736,gob_tbl_02473,5,4,1,false
737,gob_tbl_01657,5,4,1,false
738,dlk_tbl_03354,5,4,1,false
739,dlk_tbl_01542,5,4,1,false
740,dash_ext_00454,5,5,0,false
741,gob_tbl_01173,5,4,1,false
742,dash_tbl_00220,5,4,1,false
743,gob_tbl_02477,5,4,1,false
744,gob_tbl_00745,5,4,1,false
745,dash_tbl_01018,5,4,1,false
746,dlk_tbl_00241,5,4,1,false
747,gob_tbl_03888,5,4,1,false
748,gob_tbl_01861,5,4,1,false
749,proc_tbl_03360,5,3,2,true
750,proc_tbl_03509,5,4,1,false
751,dash_ext_00631,5,5,0,false
752,gob_tbl_01848,5,4,1,false
753,proc_tbl_03164,4,3,1,false
754,gob_tbl_01248,4,3,1,false
755,gob_ext_00135,4,4,0,false
756,dlk_tbl_04109,4,3,1,false
757,dlk_tbl_01708,4,3,1,false
758,gob_tbl_02329,4,3,1,false
759,gob_tbl_00071,4,3,1,false
760,dash_ext_00620,4,4,0,false
761,dash_tbl_00532,4,3,1,false
762,gob_tbl_04411,4,3,1,false
763,dlk_tbl_01747,4,3,1,false
764,dash_tbl_01721,4,2,2,true
765,gob_tbl_00219,4,3,1,false
766,proc_tbl_00035,4,3,1,false
767,dlk_ext_00311,4,4,0,false
768,dlk_tbl_03046,4,3,1,false
769,gob_tbl_01128,4,3,1,false
770,gob_tbl_01864,4,3,1,false
771,dash_tbl_01600,4,3,1,false
772,proc_tbl_03375,4,3,1,false
773,proc_tbl_03898,4,3,1,false
774,m4sco_tbl_02504,4,3,1,false
775,proc_tbl_01456,4,3,1,false
776,gob_tbl_02143,4,3,1,false
777,dlk_tbl_01365,4,3,1,false
778,dlk_tbl_03927,4,3,1,false
779,dlk_tbl_03471,4,3,1,false
780,gob_tbl_02714,4,3,1,false
781,dash_tbl_04016,4,3,1,false
782,dlk_tbl_01172,4,3,1,false
783,proc_ext_00518,4,4,0,false
784,proc_tbl_01221,4,3,1,false
785,proc_tbl_00360,4,2,2,true
786,gob_tbl_04334,4,3,1,false
787,dlk_tbl_00661,4,3,1,false
788,dlk_tbl_01940,4,3,1,false
789,proc_tbl_00541,4,3,1,false
790,proc_tbl_01750,4,3,1,false
791,gob_ext_00278,4,4,0,false
792,dlk_tbl_04388,4,3,1,false
793,gob_tbl_02661,4,3,1,false
794,gob_tbl_02989,4,3,1,false
795,dlk_tbl_02561,4,3,1,false
796,dlk_tbl_04167,4,3,1,false
797,dlk_tbl_00686,4,3,1,false
798,gob_tbl_00760,4,3,1,false
799,gob_tbl_04389,4,3,1,false
800,dlk_tbl_02577,4,3,1,false
801,dlk_tbl_02099,4,3,1,false
802,dlk_tbl_03614,4,3,1,false
803,m4sco_tbl_03755,4,3,1,false
804,proc_tbl_01941,4,3,1,false
805,gob_tbl_00822,4,3,1,false
806,dlk_tbl_03717,4,3,1,false
807,dlk_tbl_00242,4,3,1,false
808,dlk_tbl_00872,4,3,1,false
809,dlk_tbl_00998,4,3,1,false
810,dash_tbl_01870,4,3,1,false
811,dlk_ext_00459,4,4,0,false
812,dlk_tbl_03456,4,3,1,false
813,gob_tbl_02860,4,3,1,false
814,proc_ext_00218,4,4,0,false
815,gob_tbl_04363,4,3,1,false
816,gob_tbl_02382,4,3,1,false
817,dash_tbl_02592,4,3,1,false
818,proc_ext_00532,4,4,0,false
819,gob_tbl_03317,4,3,1,false
820,dash_tbl_01961,4,3,1,false
821,dlk_tbl_00783,4,3,1,false
822,dlk_tbl_01187,4,3,1,false
823,gob_tbl_01860,4,3,1,false
824,dlk_tbl_00017,4,3,1,false
825,proc_tbl_03255,4,3,1,false
826,gob_ext_00209,4,4,0,false
827,dlk_tbl_04056,4,3,1,false
828,gob_tbl_02018,4,3,1,false
829,dlk_tbl_03816,4,3,1,false
830,dash_tbl_00229,4,3,1,false
831,dlk_tbl_04357,4,3,1,false
832,proc_ext_00197,4,4,0,false
833,proc_ext_00635,4,4,0,false
834,gob_tbl_00874,4,3,1,false
835,dlk_tbl_04261,4,3,1,false
836,dlk_tbl_03705,4,3,1,false
837,dlk_ext_00285,4,4,0,false
838,gob_tbl_02715,4,3,1,false
839,dlk_tbl_00850,4,3,1,false
840,gob_tbl_03435,4,3,1,false
841,gob_tbl_03217,4,3,1,false
842,gob_tbl_00468,4,3,1,false
843,gob_tbl_00615,4,3,1,false
844,proc_tbl_04194,4,3,1,false
845,gob_tbl_02490,4,3,1,false
846,dlk_tbl_01209,4,3,1,false
847,dash_tbl_03553,4,3,1,false
848,dlk_tbl_04029,4,3,1,false
849,dlk_tbl_03071,4,3,1,false
850,gob_tbl_03987,4,3,1,false
851,proc_tbl_03877,4,3,1,false
852,gob_tbl_00975,4,3,1,false
853,dlk_tbl_00785,4,3,1,false
854,dash_tbl_00020,4,3,1,false
855,proc_tbl_04264,4,3,1,false
856,dlk_ext_00034,4,4,0,false
857,gob_ext_00089,4,4,0,false
858,gob_tbl_03253,4,3,1,false
859,gob_ext_00600,4,4,0,false
860,dash_tbl_03820,4,3,1,false
861,proc_tbl_03048,4,3,1,false
862,dlk_tbl_00000,4,3,1,false
863,std_tbl_01133,4,3,1,false
864,gob_tbl_01879,4,3,1,false
865,dlk_tbl_00564,4,3,1,false
866,gob_tbl_01308,4,3,1,false
867,dash_tbl_02958,4,3,1,false
868,proc_tbl_04288,4,3,1,false
869,proc_tbl_03776,4,3,1,false
870,gob_tbl_03925,4,3,1,false
871,dlk_ext_00083,4,4,0,false
872,dlk_tbl_03104,4,3,1,false
873,dlk_tbl_03839,4,3,1,false
874,proc_ext_00408,4,4,0,false
875,proc_ext_00411,4,4,0,false
876,proc_tbl_01534,4,3,1,false
877,m4sco_tbl_04069,4,3,1,false
878,gob_tbl_04425,4,3,1,false
879,gob_tbl_00549,4,3,1,false
880,proc_tbl_00786,4,3,1,false
881,dlk_ext_00539,4,4,0,false
882,dlk_ext_00404,4,4,0,false
883,dash_tbl_02322,4,3,1,false
884,gob_tbl_03903,4,3,1,false
885,dlk_tbl_01992,4,3,1,false
886,std_tbl_01664,4,3,1,false
887,dlk_tbl_03298,4,3,1,false
888,dlk_tbl_04245,4,3,1,false
889,dlk_tbl_00787,4,3,1,false
890,proc_tbl_00304,4,3,1,false
891,dlk_tbl_02087,4,3,1,false
892,proc_ext_00266,4,4,0,false
893,gob_ext_00628,4,4,0,false
894,dash_tbl_00780,4,3,1,false
895,m4sco_tbl_00236,4,3,1,false
896,dlk_tbl_01362,4,3,1,false
897,gob_tbl_01044,4,3,1,false
898,dlk_ext_00253,4,4,0,false
899,dlk_tbl_02659,4,3,1,false
900,proc_tbl_00777,4,3,1,false
901,gob_tbl_01910,4,3,1,false
902,dlk_ext_00444,4,4,0,false
903,dlk_tbl_02123,4,3,1,false
904,dash_tbl_00280,4,3,1,false
905,dlk_ext_00142,4,4,0,false
906,dlk_tbl_02274,4,3,1,false
907,gob_tbl_00759,4,3,1,false
908,dlk_tbl_03020,4,3,1,false
909,gob_ext_00084,4,4,0,false
910,dlk_tbl_00500,4,3,1,false
911,proc_ext_00065,4,4,0,false
912,gob_tbl_00271,4,3,1,false
913,dlk_tbl_02361,4,3,1,false
914,m4vw_ext_00429,4,4,0,false
915,gob_tbl_03533,4,3,1,false
916,proc_ext_00589,4,4,0,false
917,gob_tbl_03733,4,3,1,false
918,dlk_tbl_00004,4,3,1,false
919,gob_tbl_04226,4,2,2,true
920,gob_tbl_00799,4,3,1,false
921,proc_tbl_01896,4,3,1,false
922,gob_tbl_03682,4,3,1,false
923,proc_tbl_02635,4,3,1,false
924,dlk_tbl_04282,4,3,1,false
925,dash_tbl_00653,4,3,1,false
926,proc_tbl_02264,4,3,1,false
927,dlk_ext_00132,4,4,0,false
928,dlk_tbl_02432,4,2,2,true
929,dash_tbl_00628,4,3,1,false
930,gob_ext_00031,4,4,0,false
931,dlk_ext_00432,4,4,0,false
932,ppn_tbl_03486,4,3,1,false
933,dlk_tbl_00200,4,3,1,false
934,gob_tbl_00266,4,3,1,false
935,proc_tbl_00736,4,3,1,false
936,dlk_ext_00392,4,4,0,false
937,dlk_ext_00061,4,4,0,false
938,dlk_tbl_02591,4,3,1,false
939,gob_tbl_01621,4,3,1,false
940,dash_tbl_01602,4,3,1,false
941,dlk_tbl_03620,4,3,1,false
942,gob_tbl_00950,4,3,1,false
943,gob_tbl_02900,4,3,1,false
944,proc_tbl_02726,4,3,1,false
945,dlk_tbl_00706,4,3,1,false
946,dlk_tbl_02305,4,3,1,false
947,dlk_tbl_03890,4,3,1,false
948,dlk_tbl_02474,4,3,1,false
949,dlk_tbl_03277,4,3,1,false
950,dlk_tbl_00755,4,3,1,false
951,dlk_tbl_04220,4,3,1,false
952,dlk_tbl_02692,4,3,1,false
953,dlk_tbl_01228,4,3,1,false
954,gob_tbl_01438,4,3,1,false
955,gob_tbl_00334,4,3,1,false
956,dlk_tbl_01073,4,3,1,false
957,gob_tbl_00937,4,3,1,false
958,gob_tbl_02331,4,3,1,false
959,dlk_ext_00011,4,4,0,false
960,gob_tbl_00590,4,3,1,false
961,gob_tbl_03731,4,3,1,false
962,dlk_tbl_03976,4,3,1,false
963,gob_tbl_03556,4,2,2,true
964,dlk_tbl_00319,4,3,1,false
965,proc_tbl_03947,4,3,1,false
966,gob_tbl_03307,4,3,1,false
967,dlk_tbl_01588,4,3,1,false
968,proc_tbl_02311,4,3,1,false
969,dlk_tbl_04241,4,3,1,false
970,dlk_tbl_02037,4,3,1,false
971,proc_tbl_04435,4,3,1,false
972,dlk_tbl_01460,4,3,1,false
973,dlk_tbl_01798,4,3,1,false
974,dlk_tbl_04451,4,3,1,false
975,proc_ext_00463,4,4,0,false
976,proc_ext_00573,4,4,0,false
977,dlk_tbl_03821,4,3,1,false
978,dlk_tbl_01831,4,3,1,false
979,proc_tbl_02048,4,3,1,false
980,gob_tbl_01723,4,3,1,false
981,gob_tbl_02687,4,3,1,false
982,proc_tbl_02723,4,3,1,false
983,dash_ext_00258,4,4,0,false
984,gob_tbl_01964,4,3,1,false
985,dlk_tbl_03641,4,3,1,false
986,dlk_ext_00005,4,4,0,false
987,gob_tbl_03929,4,3,1,false
988,gob_tbl_01862,4,3,1,false
989,dlk_tbl_00183,4,3,1,false
990,gob_tbl_02612,4,3,1,false
991,dlk_tbl_02456,4,3,1,false
992,gob_tbl_02796,4,3,1,false
993,gob_tbl_00674,4,3,1,false
994,dash_tbl_02662,4,3,1,false
995,gob_tbl_00575,4,3,1,false
996,gob_tbl_01773,4,3,1,false
997,dlk_tbl_03201,4,3,1,false
998,dash_tbl_01915,4,3,1,false
999,dlk_tbl_00595,4,3,1,false
1000,gob_tbl_00764,4,3,1,false
1001,gob_tbl_00426,4,3,1,false
1002,proc_tbl_04209,4,3,1,false
1003,gob_tbl_00666,4,3,1,false
1004,dash_tbl_04299,4,3,1,false
1005,std_tbl_00338,4,3,1,false
1006,gob_tbl_00722,4,3,1,false
1007,std_tbl_02222,4,3,1,false
1008,m4vw_tbl_00853,4,3,1,false
1009,proc_tbl_00300,4,3,1,false
1010,gob_tbl_00838,4,3,1,false
1011,gob_tbl_03649,4,3,1,false
1012,dlk_tbl_03901,4,3,1,false
1013,std_tbl_02582,4,3,1,false
1014,dlk_tbl_03835,4,3,1,false
1015,dlk_tbl_04284,4,3,1,false
1016,dlk_ext_00464,4,4,0,false
1017,proc_tbl_00846,4,3,1,false
1018,gob_ext_00189,4,4,0,false
1019,dlk_tbl_03846,4,3,1,false
1020,gob_tbl_01945,4,3,1,false
1021,gob_tbl_03154,4,3,1,false
1022,dlk_ext_00276,4,4,0,false
1023,gob_tbl_02256,4,3,1,false
1024,m4sco_tbl_00863,4,3,1,false
1025,proc_tbl_01145,4,3,1,false
1026,dlk_tbl_03804,4,3,1,false
1027,proc_tbl_01374,4,3,1,false
1028,gob_tbl_04239,4,3,1,false
1029,dlk_ext_00583,4,4,0,false
1030,dlk_tbl_01718,4,3,1,false
1031,dlk_tbl_00542,4,3,1,false
1032,dlk_ext_00345,4,4,0,false
1033,gob_tbl_02756,4,3,1,false
1034,proc_tbl_00725,4,3,1,false
1035,dlk_tbl_01495,4,3,1,false
1036,gob_tbl_01143,4,3,1,false
1037,dlk_tbl_02110,4,3,1,false
1038,std_tbl_03075,4,3,1,false
1039,proc_tbl_03186,4,3,1,false
1040,dlk_tbl_01812,4,3,1,false
1041,proc_tbl_00015,4,3,1,false
1042,dlk_tbl_00524,4,3,1,false
1043,dlk_tbl_04344,4,3,1,false
1044,gob_tbl_00948,4,3,1,false
1045,dash_tbl_03583,4,3,1,false
1046,dlk_ext_00220,4,4,0,false
1047,gob_tbl_00050,4,3,1,false
1048,gob_tbl_00108,4,3,1,false
1049,gob_tbl_03974,4,3,1,false
1050,gob_tbl_03874,4,3,1,false
1051,std_tbl_02605,4,3,1,false
1052,gob_tbl_01676,4,3,1,false
1053,dlk_tbl_02119,4,3,1,false
1054,dlk_tbl_00099,4,3,1,false
1055,gob_tbl_01658,4,3,1,false
1056,dlk_tbl_02722,4,3,1,false
1057,gob_tbl_02170,4,3,1,false
1058,dlk_tbl_00997,4,3,1,false
1059,dlk_tbl_02788,4,3,1,false
1060,gob_tbl_01566,4,3,1,false
1061,dlk_tbl_01710,4,3,1,false
1062,dash_tbl_04070,4,3,1,false
1063,gob_tbl_02283,4,3,1,false
1064,gob_tbl_00197,4,3,1,false
1065,proc_tbl_00640,4,3,1,false
1066,dlk_ext_00397,4,4,0,false
1067,dlk_tbl_01589,4,3,1,false
1068,gob_tbl_00310,4,3,1,false
1069,gob_tbl_01287,4,3,1,false
1070,dlk_tbl_04314,4,3,1,false
1071,proc_ext_00158,4,4,0,false
1072,proc_tbl_00878,4,3,1,false
1073,gob_tbl_03328,4,3,1,false
1074,dlk_tbl_00748,4,3,1,false
1075,dash_tbl_02059,4,3,1,false
1076,proc_tbl_02411,4,3,1,false
1077,dlk_tbl_02216,4,3,1,false
1078,std_tbl_00773,4,3,1,false
1079,gob_tbl_04148,4,3,1,false
1080,gob_tbl_04339,4,3,1,false
1081,proc_tbl_02400,4,3,1,false
1082,gob_tbl_00751,4,3,1,false
1083,dlk_tbl_01670,4,3,1,false
1084,gob_tbl_03808,4,3,1,false
1085,gob_tbl_01257,4,3,1,false
1086,dlk_tbl_02067,4,3,1,false
1087,gob_tbl_04436,4,3,1,false
1088,gob_tbl_02367,4,3,1,false
1089,m4vw_ext_00041,4,4,0,false
1090,gob_tbl_01580,4,3,1,false
1091,dlk_tbl_04141,4,3,1,false
1092,gob_tbl_02109,4,3,1,false
1093,dlk_tbl_00895,4,3,1,false
1094,gob_tbl_01349,4,3,1,false
1095,gob_tbl_01824,4,3,1,false
1096,std_tbl_04139,4,3,1,false
1097,gob_tbl_04274,4,3,1,false
1098,proc_ext_00332,4,4,0,false
1099,gob_tbl_00814,4,3,1,false
1100,proc_ext_00020,4,4,0,false
1101,gob_tbl_04205,4,3,1,false
1102,gob_tbl_03031,4,3,1,false
1103,dlk_ext_00169,4,4,0,false
1104,gob_tbl_01506,4,3,1,false
1105,proc_tbl_01528,4,3,1,false
1106,dlk_ext_00387,4,4,0,false
1107,gob_tbl_03570,4,3,1,false
1108,dlk_tbl_02825,4,3,1,false
1109,dash_tbl_00051,4,3,1,false
1110,proc_tbl_01761,4,3,1,false
1111,dlk_tbl_01920,4,3,1,false
1112,dlk_tbl_02978,4,3,1,false
1113,dlk_tbl_03920,4,3,1,false
1114,gob_ext_00073,4,4,0,false
1115,dash_tbl_00597,4,3,1,false
1116,dlk_tbl_01634,4,3,1,false
1117,dlk_tbl_02187,4,3,1,false
1118,dash_ext_00425,4,4,0,false
1119,dlk_tbl_03680,4,3,1,false
1120,dlk_tbl_03496,4,3,1,false
1121,gob_tbl_04165,4,3,1,false
1122,proc_tbl_03155,4,3,1,false
1123,dlk_tbl_04118,4,3,1,false
1124,dlk_tbl_03637,4,3,1,false
1125,gob_tbl_01694,4,3,1,false
1126,m4vw_tbl_01624,4,3,1,false
1127,dlk_tbl_03219,4,3,1,false
1128,dlk_tbl_00086,4,3,1,false
1129,m4sco_tbl_01427,4,3,1,false
1130,gob_tbl_00497,4,3,1,false
1131,dash_ext_00032,4,4,0,false
1132,proc_tbl_01585,4,3,1,false
1133,gob_tbl_03602,4,3,1,false
1134,proc_tbl_02338,4,3,1,false
1135,proc_tbl_00826,4,3,1,false
1136,dash_tbl_02986,4,3,1,false
1137,proc_tbl_02737,4,3,1,false
1138,gob_tbl_02051,4,3,1,false
1139,dlk_tbl_01979,4,3,1,false
1140,dash_tbl_00721,4,3,1,false
1141,dlk_tbl_01599,4,3,1,false
1142,gob_tbl_04393,4,3,1,false
1143,gob_tbl_01110,4,3,1,false
1144,proc_tbl_02881,4,3,1,false
1145,dash_tbl_00737,4,3,1,false
1146,dash_tbl_03934,4,3,1,false
1147,gob_tbl_02044,4,3,1,false
1148,gob_tbl_00179,4,3,1,false
1149,dlk_tbl_03536,4,3,1,false
1150,dlk_tbl_03791,4,3,1,false
1151,dlk_tbl_03079,4,3,1,false
1152,dash_ext_00274,4,4,0,false
1153,gob_tbl_01722,4,3,1,false
1154,dlk_tbl_02968,4,3,1,false
1155,gob_tbl_01876,4,3,1,false
1156,dlk_tbl_00608,4,3,1,false
1157,dlk_tbl_01731,4,3,1,false
1158,gob_tbl_01663,4,3,1,false
1159,proc_ext_00211,4,4,0,false
1160,gob_tbl_01618,4,3,1,false
1161,dlk_tbl_03112,4,3,1,false
1162,gob_tbl_03484,4,3,1,false
1163,gob_ext_00375,4,4,0,false
1164,gob_tbl_02973,4,3,1,false
1165,gob_ext_00287,4,4,0,false
1166,gob_tbl_02823,4,3,1,false
1167,dlk_tbl_03140,4,3,1,false
1168,dlk_tbl_01513,4,3,1,false
1169,proc_ext_00328,4,4,0,false
1170,dlk_tbl_03184,4,3,1,false
1171,gob_tbl_00624,4,3,1,false
1172,m4vw_tbl_02628,4,3,1,false
1173,m4sco_tbl_01196,4,3,1,false
1174,dlk_tbl_01401,4,2,2,true
1175,dash_tbl_02352,4,3,1,false
1176,dlk_tbl_01325,4,3,1,false
1177,std_tbl_04285,4,3,1,false
1178,gob_tbl_02744,4,3,1,false
1179,dlk_tbl_00910,4,3,1,false
1180,dash_tbl_00047,4,3,1,false
1181,gob_tbl_03723,4,3,1,false
1182,std_ext_00445,4,4,0,false
1183,proc_tbl_01780,4,3,1,false
1184,gob_tbl_00832,4,3,1,false
1185,gob_tbl_02622,4,3,1,false
1186,dlk_tbl_03116,4,3,1,false
1187,gob_tbl_02259,4,3,1,false
1188,std_ext_00443,4,4,0,false
1189,dash_ext_00256,4,4,0,false
1190,dlk_tbl_02381,4,3,1,false
1191,gob_tbl_02641,4,3,1,false
1192,dlk_tbl_04330,4,3,1,false
1193,dlk_tbl_03865,4,3,1,false
1194,proc_tbl_02017,4,3,1,false
1195,proc_tbl_03675,4,3,1,false
1196,dlk_tbl_00574,4,3,1,false
1197,dash_tbl_02021,4,3,1,false
1198,gob_tbl_01247,4,3,1,false
1199,gob_tbl_04001,4,3,1,false
1200,dlk_tbl_01449,4,3,1,false
1201,proc_tbl_01307,4,3,1,false
1202,gob_tbl_02675,4,3,1,false
1203,proc_tbl_02837,3,2,1,false
1204,gob_tbl_03102,3,2,1,false
1205,proc_tbl_02982,3,2,1,false
1206,dlk_tbl_03501,3,2,1,false
1207,gob_tbl_00274,3,2,1,false
1208,std_tbl_03840,3,2,1,false
1209,dlk_tbl_02586,3,2,1,false
1210,dlk_tbl_04013,3,2,1,false
1211,dlk_tbl_01858,3,2,1,false
1212,dlk_tbl_04159,3,2,1,false
1213,dlk_tbl_01350,3,2,1,false
1214,dlk_tbl_04000,3,2,1,false
1215,gob_tbl_03127,3,2,1,false
1216,dlk_tbl_03634,3,2,1,false
1217,gob_tbl_04455,3,2,1,false
1218,dash_tbl_02931,3,2,1,false
1219,proc_tbl_00919,3,2,1,false
1220,dlk_ext_00564,3,3,0,false
1221,dlk_tbl_02882,3,2,1,false
1222,std_tbl_03229,3,2,1,false
1223,gob_tbl_03003,3,2,1,false
1224,dlk_tbl_00596,3,2,1,false
1225,dlk_tbl_00381,3,2,1,false
1226,gob_tbl_00966,3,2,1,false
1227,gob_tbl_00401,3,2,1,false
1228,dlk_tbl_00778,3,2,1,false
1229,dlk_tbl_00703,3,2,1,false
1230,dlk_tbl_01932,3,2,1,false
1231,proc_tbl_04169,3,2,1,false
1232,proc_tbl_01053,3,2,1,false
1233,dlk_tbl_01980,3,2,1,false
1234,dash_tbl_03647,3,2,1,false
1235,gob_tbl_03038,3,2,1,false
1236,gob_tbl_00802,3,2,1,false
1237,dlk_tbl_02014,3,2,1,false
1238,proc_tbl_00283,3,2,1,false
1239,gob_tbl_01106,3,2,1,false
1240,dlk_tbl_03841,3,2,1,false
1241,gob_ext_00364,3,3,0,false
1242,gob_tbl_00491,3,2,1,false
1243,gob_tbl_01035,3,2,1,false
1244,dlk_tbl_00514,3,2,1,false
1245,gob_tbl_02708,3,2,1,false
1246,proc_tbl_01759,3,2,1,false
1247,dlk_tbl_01878,3,2,1,false
1248,gob_tbl_03949,3,1,2,true
1249,dlk_tbl_03384,3,2,1,false
1250,gob_tbl_01167,3,2,1,false
1251,dash_tbl_04049,3,2,1,false
1252,dlk_tbl_00698,3,1,2,true
1253,m4vw_tbl_04306,3,2,1,false
1254,dlk_tbl_04101,3,2,1,false
1255,std_tbl_03392,3,2,1,false
1256,proc_tbl_04283,3,2,1,false
1257,gob_ext_00117,3,3,0,false
1258,dlk_tbl_00550,3,2,1,false
1259,dlk_tbl_00354,3,2,1,false
1260,dash_tbl_02930,3,2,1,false
1261,gob_ext_00536,3,3,0,false
1262,gob_tbl_00816,3,2,1,false
1263,proc_tbl_01597,3,2,1,false
1264,gob_tbl_02006,3,2,1,false
1265,gob_tbl_00726,3,2,1,false
1266,dlk_tbl_01845,3,2,1,false
1267,gob_tbl_03409,3,2,1,false
1268,gob_tbl_03771,3,2,1,false
1269,proc_tbl_01146,3,2,1,false
1270,dash_tbl_02012,3,2,1,false
1271,dash_tbl_00603,3,2,1,false
1272,dash_tbl_02601,3,2,1,false
1273,std_tbl_04462,3,2,1,false
1274,proc_tbl_02600,3,2,1,false
1275,proc_tbl_02922,3,1,2,true
1276,gob_tbl_02734,3,2,1,false
1277,ppn_tbl_00578,3,2,1,false
1278,proc_tbl_01849,3,2,1,false
1279,proc_tbl_02054,3,2,1,false
1280,std_tbl_02105,3,2,1,false
1281,dlk_tbl_00714,3,2,1,false
1282,proc_tbl_02940,3,2,1,false
1283,gob_tbl_03151,3,2,1,false
1284,dlk_tbl_04336,3,2,1,false
1285,dlk_tbl_03131,3,2,1,false
1286,proc_tbl_01428,3,2,1,false
1287,dlk_tbl_01942,3,2,1,false
1288,proc_tbl_01914,3,2,1,false
1289,proc_tbl_00059,3,2,1,false
1290,gob_tbl_02096,3,2,1,false
1291,gob_tbl_00501,3,2,1,false
1292,std_tbl_02419,3,2,1,false
1293,proc_tbl_01640,3,2,1,false
1294,dlk_tbl_02950,3,2,1,false
1295,dash_tbl_02800,3,2,1,false
1296,m4vw_tbl_03745,3,2,1,false
1297,gob_tbl_03366,3,2,1,false
1298,dlk_tbl_01118,3,2,1,false
1299,dlk_tbl_03368,3,2,1,false
1300,gob_tbl_03454,3,2,1,false
1301,dlk_tbl_03689,3,2,1,false
1302,dlk_tbl_04105,3,2,1,false
1303,gob_tbl_04173,3,2,1,false
1304,gob_tbl_04376,3,2,1,false
1305,gob_tbl_02377,3,2,1,false
1306,gob_tbl_00231,3,2,1,false
1307,dlk_tbl_02803,3,2,1,false
1308,gob_tbl_01071,3,2,1,false
1309,dlk_tbl_02291,3,2,1,false
1310,gob_tbl_02863,3,2,1,false
1311,gob_tbl_01070,3,2,1,false
1312,gob_tbl_04161,3,1,2,true
1313,dash_tbl_02751,3,2,1,false
1314,dlk_tbl_02919,3,2,1,false
1315,gob_tbl_03273,3,2,1,false
1316,gob_tbl_01024,3,2,1,false
1317,gob_ext_00127,3,3,0,false
1318,proc_tbl_04132,3,2,1,false
1319,dash_tbl_00967,3,2,1,false
1320,dlk_tbl_02693,3,2,1,false
1321,gob_tbl_00560,3,2,1,false
1322,gob_tbl_02114,3,2,1,false
1323,dlk_tbl_02772,3,1,2,true
1324,dlk_tbl_01984,3,2,1,false
1325,std_tbl_00428,3,2,1,false
1326,dlk_tbl_03672,3,2,1,false
1327,dlk_ext_00290,3,3,0,false
1328,gob_tbl_00892,3,2,1,false
1329,gob_tbl_03736,3,2,1,false
1330,dlk_tbl_01873,3,2,1,false
1331,dash_tbl_00792,3,2,1,false
1332,gob_tbl_04320,3,2,1,false
1333,proc_tbl_01027,3,2,1,false
1334,gob_ext_00116,3,3,0,false
1335,gob_tbl_02442,3,2,1,false
1336,gob_tbl_04227,3,2,1,false
1337,gob_tbl_02113,3,2,1,false
1338,gob_tbl_03246,3,2,1,false
1339,dlk_tbl_00899,3,2,1,false
1340,proc_tbl_01332,3,2,1,false
1341,gob_tbl_02531,3,2,1,false
1342,dlk_tbl_02356,3,2,1,false
1343,gob_tbl_00465,3,2,1,false
1344,gob_tbl_04294,3,2,1,false
1345,std_tbl_01203,3,2,1,false
1346,dlk_tbl_02156,3,2,1,false
1347,dlk_tbl_00757,3,2,1,false
1348,std_tbl_04030,3,2,1,false
1349,proc_tbl_00394,3,2,1,false
1350,proc_tbl_03525,3,2,1,false
1351,proc_tbl_02235,3,2,1,false
1352,gob_tbl_00273,3,2,1,false
1353,gob_tbl_03275,3,1,2,true
1354,proc_tbl_03539,3,2,1,false
1355,dlk_tbl_04020,3,2,1,false
1356,proc_tbl_02915,3,2,1,false
1357,dash_tbl_01186,3,2,1,false
1358,gob_tbl_02058,3,2,1,false
1359,gob_tbl_03825,3,2,1,false
1360,dlk_tbl_00292,3,2,1,false
1361,proc_tbl_00455,3,2,1,false
1362,dlk_tbl_03967,3,2,1,false
1363,gob_tbl_00558,3,2,1,false
1364,std_tbl_01637,3,2,1,false
1365,dlk_tbl_00971,3,2,1,false
1366,gob_tbl_02180,3,2,1,false
1367,gob_tbl_00529,3,2,1,false
1368,proc_tbl_02604,3,2,1,false
1369,dlk_tbl_00839,3,2,1,false
1370,dlk_tbl_00715,3,2,1,false
1371,dlk_tbl_04383,3,2,1,false
1372,dlk_ext_00423,3,3,0,false
1373,proc_tbl_03143,3,2,1,false
1374,proc_tbl_02221,3,2,1,false
1375,dash_tbl_03436,3,2,1,false
1376,dlk_tbl_01492,3,2,1,false
1377,proc_tbl_02640,3,2,1,false
1378,m4sco_tbl_00727,3,2,1,false
1379,dlk_tbl_02223,3,2,1,false
1380,gob_tbl_00817,3,2,1,false
1381,dlk_tbl_04427,3,2,1,false
1382,dlk_tbl_00958,3,2,1,false
1383,gob_tbl_04100,3,2,1,false
1384,dlk_ext_00184,3,3,0,false
1385,gob_tbl_02323,3,2,1,false
1386,gob_tbl_03343,3,2,1,false
1387,dlk_tbl_01136,3,2,1,false
1388,dlk_tbl_02229,3,2,1,false
1389,gob_tbl_01389,3,2,1,false
1390,ppn_tbl_00794,3,2,1,false
1391,gob_tbl_03290,3,2,1,false
1392,dlk_tbl_00652,3,2,1,false
1393,dlk_tbl_01140,3,2,1,false
1394,dash_tbl_00422,3,2,1,false
1395,dlk_tbl_02637,3,2,1,false
1396,dlk_tbl_03979,3,2,1,false
1397,dlk_ext_00579,3,3,0,false
1398,proc_ext_00292,3,3,0,false
1399,dlk_tbl_02343,3,2,1,false
1400,proc_tbl_00217,3,2,1,false
1401,dlk_tbl_02852,3,2,1,false
1402,gob_tbl_02724,3,2,1,false
1403,dlk_tbl_03460,3,2,1,false
1404,dlk_tbl_02680,3,2,1,false
1405,dlk_tbl_04479,3,2,1,false
1406,proc_tbl_02392,3,2,1,false
1407,gob_ext_00416,3,3,0,false
1408,dlk_tbl_00489,3,2,1,false
1409,dlk_tbl_00386,3,2,1,false
1410,dlk_tbl_03861,3,2,1,false
1411,proc_tbl_00920,3,2,1,false
1412,dlk_tbl_04212,3,2,1,false
1413,dlk_ext_00286,3,3,0,false
1414,dash_ext_00568,3,3,0,false
1415,gob_tbl_04394,3,2,1,false
1416,dash_tbl_00933,3,2,1,false
1417,gob_tbl_03330,3,2,1,false
1418,dlk_tbl_01141,3,2,1,false
1419,dlk_tbl_00009,3,1,2,true
1420,m4vw_tbl_01674,3,2,1,false
1421,proc_tbl_03319,3,2,1,false
1422,gob_tbl_02208,3,2,1,false
1423,dlk_tbl_02159,3,2,1,false
1424,gob_tbl_02427,3,2,1,false
1425,dlk_tbl_01793,3,2,1,false
1426,gob_tbl_02502,3,2,1,false
1427,ppn_tbl_04469,3,2,1,false
1428,dlk_tbl_01387,3,2,1,false
1429,dlk_tbl_00964,3,2,1,false
1430,dash_tbl_02325,3,2,1,false
1431,gob_ext_00090,3,3,0,false
1432,proc_tbl_00947,3,2,1,false
1433,dash_tbl_02407,3,2,1,false
1434,dlk_tbl_00854,3,2,1,false
1435,gob_tbl_04404,3,2,1,false
1436,dash_tbl_00198,3,2,1,false
1437,gob_tbl_01249,3,2,1,false
1438,gob_tbl_00196,3,2,1,false
1439,gob_tbl_00890,3,2,1,false
1440,gob_tbl_00882,3,2,1,false
1441,gob_tbl_00070,3,2,1,false
1442,dlk_tbl_00897,3,2,1,false
1443,gob_tbl_01437,3,2,1,false
1444,gob_tbl_03135,3,2,1,false
1445,m4vw_tbl_01017,3,2,1,false
1446,proc_tbl_03482,3,2,1,false
1447,dlk_tbl_02936,3,2,1,false
1448,dlk_tbl_03932,3,2,1,false
1449,dlk_tbl_03323,3,2,1,false
1450,gob_tbl_04187,3,2,1,false
1451,dlk_tbl_00227,3,2,1,false
1452,proc_tbl_01749,3,2,1,false
1453,gob_tbl_03685,3,2,1,false
1454,gob_tbl_02856,3,2,1,false
1455,dlk_tbl_03718,3,2,1,false
1456,dash_tbl_01468,3,2,1,false
1457,proc_tbl_03966,3,2,1,false
1458,dlk_tbl_01084,3,2,1,false
1459,gob_tbl_02478,3,2,1,false
1460,proc_tbl_02633,3,2,1,false
1461,gob_tbl_00303,3,2,1,false
1462,gob_ext_00067,3,3,0,false
1463,dlk_tbl_00987,3,2,1,false
1464,std_tbl_00707,3,2,1,false
1465,std_tbl_00392,3,2,1,false
1466,dlk_tbl_04378,3,2,1,false
1467,gob_tbl_00633,3,2,1,false
1468,gob_tbl_03676,3,2,1,false
1469,dlk_tbl_02609,3,2,1,false
1470,dlk_tbl_04204,3,2,1,false
1471,m4vw_tbl_00487,3,2,1,false
1472,dlk_tbl_03917,3,2,1,false
1473,dlk_tbl_00073,3,2,1,false
1474,dlk_tbl_00046,3,2,1,false
1475,dlk_tbl_03994,3,2,1,false
1476,dlk_tbl_01690,3,2,1,false
1477,dlk_tbl_01646,3,2,1,false
1478,proc_ext_00045,3,3,0,false
1479,gob_tbl_04249,3,2,1,false
1480,dlk_tbl_02041,3,2,1,false
1481,dash_tbl_03635,3,2,1,false
1482,gob_tbl_01147,3,2,1,false
1483,ppn_tbl_02157,3,2,1,false
1484,gob_tbl_03670,3,2,1,false
1485,dlk_tbl_01688,3,2,1,false
1486,dlk_ext_00038,3,3,0,false
1487,dlk_tbl_04014,3,2,1,false
1488,dash_tbl_04166,3,2,1,false
1489,dlk_tbl_03919,3,2,1,false
1490,gob_tbl_02362,3,2,1,false
1491,gob_tbl_01278,3,2,1,false
1492,dlk_tbl_01901,3,2,1,false
1493,gob_tbl_00384,3,2,1,false
1494,dlk_tbl_01965,3,2,1,false
1495,dlk_tbl_03900,3,2,1,false
1496,std_tbl_02003,3,2,1,false
1497,dash_tbl_01061,3,2,1,false
1498,dlk_tbl_00036,3,2,1,false
1499,gob_tbl_03651,3,2,1,false
1500,dlk_tbl_00631,3,2,1,false
1501,gob_tbl_00705,3,2,1,false
1502,dash_tbl_04150,3,2,1,false
1503,dlk_tbl_01475,3,2,1,false
1504,gob_tbl_01398,3,2,1,false
1505,gob_tbl_02660,3,2,1,false
1506,proc_tbl_03223,3,2,1,false
1507,gob_tbl_01244,3,2,1,false
1508,gob_ext_00402,3,3,0,false
1509,proc_tbl_00373,3,2,1,false
1510,proc_tbl_03734,3,2,1,false
1511,dlk_tbl_03284,3,2,1,false
1512,gob_tbl_00534,3,2,1,false
1513,dlk_tbl_00941,3,2,1,false
1514,gob_tbl_02120,3,2,1,false
1515,dlk_tbl_01839,3,2,1,false
1516,gob_tbl_02430,3,2,1,false
1517,proc_tbl_01422,3,2,1,false
1518,gob_tbl_04267,3,2,1,false
1519,proc_tbl_01299,3,2,1,false
1520,dlk_tbl_01527,3,2,1,false
1521,dash_tbl_03167,3,2,1,false
1522,dash_tbl_03645,3,2,1,false
1523,dlk_tbl_02545,3,2,1,false
1524,gob_tbl_03590,3,2,1,false
1525,gob_tbl_04094,3,2,1,false
1526,gob_tbl_01936,3,2,1,false
1527,gob_ext_00194,3,3,0,false
1528,gob_tbl_01088,3,2,1,false
1529,gob_tbl_02831,3,2,1,false
1530,dlk_tbl_00733,3,2,1,false
1531,ppn_tbl_00644,3,2,1,false
1532,gob_tbl_01029,3,2,1,false
1533,proc_tbl_03743,3,2,1,false
1534,dlk_tbl_03163,3,1,2,true
1535,dlk_tbl_03942,3,2,1,false
1536,dlk_tbl_02281,3,2,1,false
1537,gob_tbl_04459,3,2,1,false
1538,gob_tbl_03286,3,2,1,false
1539,proc_tbl_03243,3,2,1,false
1540,gob_ext_00367,3,3,0,false
1541,gob_ext_00373,3,3,0,false
1542,gob_tbl_02965,3,2,1,false
1543,dlk_tbl_04313,3,2,1,false
1544,proc_tbl_03750,3,2,1,false
1545,dlk_ext_00437,3,3,0,false
1546,proc_tbl_02172,3,2,1,false
1547,gob_tbl_00147,3,2,1,false
1548,dlk_tbl_02413,3,2,1,false
1549,dlk_tbl_02211,3,2,1,false
1550,gob_tbl_01524,3,2,1,false
1551,gob_tbl_00774,3,2,1,false
1552,proc_ext_00528,3,3,0,false
1553,dlk_tbl_03060,3,2,1,false
1554,m4vw_tbl_04052,3,2,1,false
1555,dlk_tbl_02594,3,2,1,false
1556,dlk_tbl_00677,3,2,1,false
1557,gob_ext_00035,3,3,0,false
1558,dlk_tbl_04456,3,2,1,false
1559,dlk_tbl_00113,3,2,1,false
1560,dlk_tbl_00308,3,2,1,false
1561,gob_tbl_02921,3,2,1,false
1562,dlk_tbl_01285,3,2,1,false
1563,dlk_tbl_02248,3,2,1,false
1564,proc_tbl_04202,3,2,1,false
1565,gob_tbl_00155,3,2,1,false
1566,gob_tbl_04318,3,2,1,false
1567,dlk_tbl_01472,3,2,1,false
1568,dlk_tbl_03773,3,2,1,false
1569,proc_tbl_01653,3,2,1,false
1570,proc_tbl_00248,3,2,1,false
1571,gob_tbl_01215,3,2,1,false
1572,gob_tbl_01003,3,2,1,false
1573,proc_tbl_02749,3,2,1,false
1574,dlk_tbl_01320,3,2,1,false
1575,proc_tbl_00953,3,2,1,false
1576,dlk_tbl_01739,3,2,1,false
1577,proc_tbl_03523,3,2,1,false
1578,dlk_tbl_03603,3,2,1,false
1579,dlk_ext_00300,3,3,0,false
1580,dlk_tbl_01293,3,2,1,false
1581,proc_tbl_01797,3,2,1,false
1582,dlk_tbl_02966,3,2,1,false
1583,dlk_tbl_00395,3,2,1,false
1584,dlk_tbl_02476,3,2,1,false
1585,dlk_tbl_04345,3,2,1,false
1586,dlk_tbl_03811,3,2,1,false
1587,dlk_tbl_01788,3,2,1,false
1588,proc_tbl_04250,3,2,1,false
1589,proc_tbl_01741,3,2,1,false
1590,gob_tbl_01120,3,2,1,false
1591,gob_ext_00380,3,3,0,false
1592,dlk_tbl_03555,3,2,1,false
1593,dlk_tbl_04086,3,2,1,false
1594,dash_tbl_03176,3,2,1,false
1595,dlk_tbl_01056,3,2,1,false
1596,proc_tbl_04058,3,2,1,false
1597,gob_tbl_02078,3,2,1,false
1598,dlk_tbl_02140,3,2,1,false
1599,dlk_tbl_03740,3,2,1,false
1600,proc_tbl_00281,3,2,1,false
1601,gob_tbl_01337,3,2,1,false
1602,dlk_tbl_01000,3,2,1,false
1603,dash_tbl_04185,3,2,1,false
1604,dlk_tbl_00208,3,2,1,false
1605,dlk_tbl_03640,3,2,1,false
1606,gob_tbl_01832,3,2,1,false
1607,dlk_tbl_02425,3,2,1,false
1608,gob_tbl_01312,3,2,1,false
1609,proc_ext_00026,3,3,0,false
1610,dlk_tbl_00347,3,2,1,false
1611,dlk_tbl_01324,3,2,1,false
1612,dlk_tbl_02501,3,2,1,false
1613,dash_tbl_01057,3,2,1,false
1614,dlk_tbl_01991,3,2,1,false
1615,gob_tbl_01124,3,2,1,false
1616,proc_tbl_03889,3,2,1,false
1617,gob_tbl_03450,3,2,1,false
1618,proc_tbl_00828,3,2,1,false
1619,proc_tbl_01329,3,2,1,false
1620,dlk_tbl_01358,3,2,1,false
1621,gob_tbl_04279,3,2,1,false
1622,m4vw_tbl_01677,3,2,1,false
1623,gob_tbl_02030,3,2,1,false
1624,std_tbl_04360,3,2,1,false
1625,dlk_tbl_03378,3,2,1,false
1626,dlk_tbl_00089,3,2,1,false
1627,std_tbl_00856,3,2,1,false
1628,gob_tbl_03084,3,2,1,false
1629,dlk_tbl_02053,3,2,1,false
1630,dlk_tbl_03029,3,2,1,false
1631,proc_tbl_01059,3,2,1,false
1632,gob_ext_00580,3,3,0,false
1633,std_tbl_02215,3,2,1,false
1634,gob_tbl_02201,3,2,1,false
1635,gob_tbl_02297,3,2,1,false
1636,m4sco_tbl_03609,3,2,1,false
1637,dlk_tbl_04061,3,2,1,false
1638,m4vw_tbl_01281,3,2,1,false
1639,dlk_ext_00185,3,3,0,false
1640,gob_tbl_00520,3,2,1,false
1641,gob_tbl_00185,3,2,1,false
1642,dlk_tbl_03369,3,2,1,false
1643,dlk_tbl_02864,3,2,1,false
1644,dlk_tbl_00860,3,2,1,false
1645,dlk_tbl_03495,3,2,1,false
1646,dlk_tbl_02033,3,2,1,false
1647,dlk_tbl_02573,3,2,1,false
1648,dlk_ext_00495,3,3,0,false
1649,dlk_tbl_01302,3,2,1,false
1650,dlk_tbl_03147,3,2,1,false
1651,gob_tbl_01659,3,2,1,false
1652,dlk_tbl_01412,3,2,1,false
1653,dlk_tbl_02405,3,2,1,false
1654,dlk_tbl_04347,3,2,1,false
1655,gob_tbl_04405,3,2,1,false
1656,dlk_tbl_02339,3,2,1,false
1657,gob_tbl_03248,3,2,1,false
1658,m4sco_ext_00542,3,3,0,false
1659,gob_tbl_02460,3,2,1,false
1660,proc_tbl_04327,3,2,1,false
1661,proc_tbl_02366,3,2,1,false
1662,gob_tbl_00133,3,2,1,false
1663,gob_tbl_01432,3,2,1,false
1664,dlk_tbl_03739,3,2,1,false
1665,dlk_tbl_02061,3,2,1,false
1666,gob_ext_00385,3,3,0,false
1667,dlk_tbl_04304,3,2,1,false
1668,gob_ext_00607,3,3,0,false
1669,gob_tbl_02768,3,2,1,false
1670,gob_tbl_02941,3,2,1,false
1671,dash_tbl_00461,3,2,1,false
1672,gob_tbl_04186,3,2,1,false
1673,gob_tbl_03264,3,2,1,false
1674,gob_tbl_00173,3,2,1,false
1675,proc_tbl_04190,3,2,1,false
1676,gob_tbl_03809,3,2,1,false
1677,std_tbl_01377,3,2,1,false
1678,dlk_tbl_03044,3,2,1,false
1679,gob_tbl_03260,3,2,1,false
1680,std_tbl_01300,3,2,1,false
1681,gob_tbl_03870,3,2,1,false
1682,proc_tbl_03306,3,2,1,false
1683,gob_tbl_03030,3,2,1,false
1684,gob_tbl_01837,3,2,1,false
1685,dlk_ext_00426,3,3,0,false
1686,dlk_tbl_00328,3,2,1,false
1687,gob_tbl_01574,3,2,1,false
1688,dash_tbl_00213,3,2,1,false
1689,m4sco_tbl_03218,3,2,1,false
1690,m4vw_ext_00356,3,3,0,false
1691,dlk_tbl_02449,3,2,1,false
1692,dlk_tbl_01400,3,2,1,false
1693,proc_tbl_03617,3,2,1,false
1694,dlk_tbl_01755,3,2,1,false
1695,dlk_tbl_00418,3,2,1,false
1696,gob_tbl_00700,3,2,1,false
1697,dlk_tbl_03961,3,2,1,false
1698,dash_tbl_02695,3,2,1,false
1699,gob_tbl_01735,3,2,1,false
1700,m4sco_tbl_02797,3,2,1,false
1701,dlk_tbl_01902,3,2,1,false
1702,dlk_tbl_04108,3,2,1,false
1703,gob_tbl_01113,3,2,1,false
1704,dlk_tbl_02833,3,2,1,false
1705,proc_tbl_02398,3,2,1,false
1706,gob_tbl_02987,3,2,1,false
1707,gob_tbl_00192,3,2,1,false
1708,dlk_tbl_02164,3,2,1,false
1709,proc_tbl_03453,3,2,1,false
1710,gob_tbl_00437,3,2,1,false
1711,m4vw_tbl_03655,3,2,1,false
1712,gob_tbl_00818,3,2,1,false
1713,dlk_tbl_02171,3,2,1,false
1714,gob_tbl_02353,3,2,1,false
1715,gob_ext_00350,3,3,0,false
1716,gob_tbl_02373,3,2,1,false
1717,gob_tbl_00367,3,2,1,false
1718,proc_tbl_02979,3,2,1,false
1719,gob_tbl_03207,3,2,1,false
1720,dlk_tbl_02889,3,2,1,false
1721,proc_tbl_02101,3,2,1,false
1722,dlk_tbl_03799,3,2,1,false
1723,gob_tbl_02853,3,2,1,false
1724,dlk_tbl_03367,3,2,1,false
1725,dlk_tbl_01577,3,2,1,false
1726,dlk_tbl_03152,3,2,1,false
1727,dlk_tbl_02484,3,2,1,false
1728,dlk_tbl_04038,3,2,1,false
1729,proc_tbl_04008,3,2,1,false
1730,gob_tbl_00618,3,2,1,false
1731,dlk_tbl_04420,3,2,1,false
1732,dlk_tbl_03952,3,2,1,false
1733,gob_tbl_00685,3,2,1,false
1734,gob_tbl_02295,3,2,1,false
1735,proc_tbl_00325,3,2,1,false
1736,dash_tbl_02716,3,2,1,false
1737,dlk_tbl_03305,3,2,1,false
1738,dlk_ext_00347,3,3,0,false
1739,gob_tbl_01502,3,2,1,false
1740,dlk_tbl_03136,3,2,1,false
1741,dlk_tbl_02524,3,2,1,false
1742,gob_tbl_00369,3,2,1,false
1743,dlk_tbl_02234,3,2,1,false
1744,dlk_tbl_02736,3,1,2,true
1745,dash_tbl_00604,3,2,1,false
1746,gob_tbl_02721,3,2,1,false
1747,gob_tbl_03761,3,2,1,false
1748,proc_tbl_01317,3,2,1,false
1749,dlk_ext_00270,3,3,0,false
1750,dlk_tbl_01424,3,2,1,false
1751,proc_tbl_00620,3,2,1,false
1752,proc_tbl_00171,3,2,1,false
1753,gob_tbl_00484,3,2,1,false
1754,gob_tbl_01840,3,2,1,false
1755,gob_tbl_00007,3,2,1,false
1756,gob_tbl_00153,3,2,1,false
1757,dlk_tbl_01037,3,2,1,false
1758,gob_tbl_02630,3,2,1,false
1759,dash_tbl_02471,3,2,1,false
1760,dlk_tbl_02293,3,2,1,false
1761,gob_tbl_01725,3,2,1,false
1762,gob_tbl_01764,3,2,1,false
1763,gob_tbl_01959,3,2,1,false
1764,m4sco_tbl_02091,3,2,1,false
1765,gob_tbl_00175,3,2,1,false
1766,proc_tbl_02266,3,2,1,false
1767,dlk_tbl_04005,3,2,1,false
1768,gob_tbl_04433,3,2,1,false
1769,dlk_ext_00318,3,3,0,false
1770,proc_tbl_00744,3,2,1,false
1771,dash_tbl_01907,3,2,1,false
1772,proc_tbl_03405,3,2,1,false
1773,gob_tbl_02255,3,2,1,false
1774,gob_tbl_01316,3,2,1,false
1775,gob_tbl_01969,3,2,1,false
1776,dlk_tbl_02621,3,2,1,false
1777,gob_tbl_03712,3,2,1,false
1778,dlk_tbl_00150,3,2,1,false
1779,proc_tbl_01174,3,2,1,false
1780,gob_tbl_03278,3,2,1,false
1781,std_ext_00598,3,3,0,false
1782,gob_tbl_02354,3,2,1,false
1783,dlk_tbl_03573,3,2,1,false
1784,gob_tbl_04448,3,2,1,false
1785,proc_tbl_03315,3,2,1,false
1786,gob_tbl_01829,3,2,1,false
1787,dlk_tbl_00290,3,2,1,false
1788,dlk_tbl_02878,3,2,1,false
1789,dash_tbl_02920,3,2,1,false
1790,gob_tbl_04300,3,2,1,false
1791,gob_tbl_03341,3,2,1,false
1792,gob_tbl_04428,3,2,1,false
1793,gob_tbl_02956,3,2,1,false
1794,gob_tbl_03824,3,2,1,false
1795,proc_tbl_00110,3,2,1,false
1796,gob_tbl_01729,3,2,1,false
1797,dash_tbl_02368,3,2,1,false
1798,gob_tbl_00906,3,2,1,false
1799,gob_tbl_01830,3,2,1,false
1800,gob_tbl_02189,3,2,1,false
1801,dlk_tbl_03092,3,2,1,false
1802,dlk_tbl_02634,3,2,1,false
1803,gob_tbl_04447,3,2,1,false
1804,gob_tbl_02667,3,1,2,true
1805,gob_tbl_03591,3,2,1,false
1806,proc_tbl_02261,3,2,1,false
1807,gob_tbl_01058,3,2,1,false
1808,dlk_tbl_04390,3,2,1,false
1809,gob_tbl_02315,3,2,1,false
1810,proc_tbl_03321,3,2,1,false
1811,gob_tbl_01511,3,2,1,false
1812,m4vw_tbl_03311,3,2,1,false
1813,dlk_tbl_02841,3,2,1,false
1814,ppn_tbl_04162,3,2,1,false
1815,dlk_tbl_02842,3,2,1,false
1816,proc_tbl_04022,3,2,1,false
1817,proc_tbl_03497,3,2,1,false
1818,dlk_tbl_04224,3,2,1,false
1819,dlk_tbl_00201,3,2,1,false
1820,gob_tbl_02437,3,2,1,false
1821,dlk_tbl_04297,3,2,1,false
1822,gob_tbl_00417,3,2,1,false
1823,dash_tbl_00053,3,2,1,false
1824,dlk_ext_00617,3,3,0,false
1825,gob_ext_00352,3,3,0,false
1826,dlk_tbl_03452,3,2,1,false
1827,gob_tbl_02876,3,2,1,false
1828,m4vw_tbl_03101,3,2,1,false
1829,dlk_tbl_03524,3,2,1,false
1830,gob_tbl_03417,3,2,1,false
1831,gob_tbl_01751,3,2,1,false
1832,dlk_tbl_00095,3,2,1,false
1833,dlk_ext_00551,3,3,0,false
1834,gob_tbl_00190,3,2,1,false
1835,std_tbl_00840,3,2,1,false
1836,proc_tbl_01471,3,2,1,false
1837,dash_tbl_01768,3,2,1,false
1838,dlk_tbl_03447,3,2,1,false
1839,dlk_tbl_03831,3,2,1,false
1840,dlk_tbl_00078,3,2,1,false
1841,dlk_tbl_01149,3,2,1,false
1842,dlk_tbl_03527,3,2,1,false
1843,dlk_tbl_00708,3,2,1,false
1844,dlk_tbl_01561,3,2,1,false
1845,proc_tbl_00622,3,2,1,false
1846,gob_tbl_00080,3,2,1,false
1847,gob_tbl_03045,3,2,1,false
1848,gob_tbl_02862,3,2,1,false
1849,gob_tbl_03768,3,2,1,false
1850,gob_tbl_01183,3,2,1,false
1851,dash_tbl_01396,3,2,1,false
1852,proc_tbl_02389,3,1,2,true
1853,dlk_tbl_02459,3,2,1,false
1854,proc_tbl_03610,3,2,1,false
1855,gob_tbl_03741,3,2,1,false
1856,proc_tbl_02571,3,2,1,false
1857,std_tbl_03144,3,2,1,false
1858,gob_tbl_03078,3,2,1,false
1859,gob_tbl_03770,3,2,1,false
1860,dlk_tbl_04415,3,2,1,false
1861,dlk_tbl_03493,3,2,1,false
1862,gob_tbl_01339,3,2,1,false
1863,gob_tbl_00982,3,2,1,false
1864,dlk_tbl_01383,3,2,1,false
1865,proc_tbl_03851,3,2,1,false
1866,std_tbl_00583,3,2,1,false
1867,gob_ext_00277,3,3,0,false
1868,dlk_tbl_01953,3,2,1,false
1869,dlk_tbl_01982,3,2,1,false
1870,dlk_tbl_03558,3,2,1,false
1871,dlk_tbl_00414,3,2,1,false
1872,dlk_tbl_00834,3,2,1,false
1873,gob_tbl_03639,3,2,1,false
1874,proc_tbl_03267,3,2,1,false
1875,gob_tbl_03247,3,2,1,false
1876,gob_tbl_04024,3,2,1,false
1877,dlk_tbl_04489,3,2,1,false
1878,gob_ext_00249,3,3,0,false
1879,proc_tbl_03269,3,2,1,false
1880,proc_tbl_03388,3,2,1,false
1881,gob_tbl_03616,3,2,1,false
1882,gob_tbl_00141,3,2,1,false
1883,m4sco_tbl_02534,3,2,1,false
1884,gob_tbl_03991,3,2,1,false
1885,proc_tbl_03726,3,2,1,false
1886,gob_tbl_03049,3,2,1,false
1887,gob_tbl_01859,3,2,1,false
1888,dlk_tbl_01841,3,2,1,false
1889,dash_tbl_00704,3,1,2,true
1890,gob_ext_00533,3,3,0,false
1891,dash_tbl_03885,3,2,1,false
1892,gob_tbl_01270,3,2,1,false
1893,dlk_tbl_04410,3,2,1,false
1894,proc_tbl_03971,3,2,1,false
1895,gob_tbl_01191,3,2,1,false
1896,dlk_tbl_02253,3,2,1,false
1897,dlk_tbl_00893,3,2,1,false
1898,dlk_tbl_04207,3,2,1,false
1899,dash_tbl_04223,3,2,1,false
1900,gob_tbl_01008,3,2,1,false
1901,proc_tbl_02345,3,2,1,false
1902,dlk_tbl_00068,3,2,1,false
1903,dlk_tbl_03955,3,2,1,false
1904,proc_tbl_02374,3,2,1,false
1905,gob_tbl_01222,3,2,1,false
1906,dlk_tbl_03225,3,2,1,false
1907,dash_tbl_02549,3,2,1,false
1908,gob_tbl_04251,3,2,1,false
1909,gob_tbl_03022,3,2,1,false
1910,gob_tbl_00118,3,2,1,false
1911,gob_tbl_00993,3,2,1,false
1912,gob_tbl_02700,3,2,1,false
1913,dlk_tbl_01627,3,2,1,false
1914,dlk_tbl_01675,3,2,1,false
1915,dlk_tbl_02648,3,2,1,false
1916,dlk_tbl_01115,3,2,1,false
1917,dlk_ext_00215,3,3,0,false
1918,proc_tbl_02809,3,2,1,false
1919,gob_tbl_04446,3,2,1,false
1920,gob_tbl_03848,3,2,1,false
1921,gob_tbl_04468,3,2,1,false
1922,dlk_tbl_00805,3,2,1,false
1923,gob_tbl_01079,3,2,1,false
1924,dlk_tbl_03206,3,2,1,false
1925,dlk_tbl_02355,3,2,1,false
1926,dlk_tbl_00843,3,2,1,false
1927,dash_tbl_03214,3,2,1,false
1928,m4sco_tbl_03607,3,2,1,false
1929,dlk_tbl_02619,3,2,1,false
1930,proc_tbl_01153,3,2,1,false
1931,proc_tbl_00507,3,2,1,false
1932,dlk_tbl_00425,3,2,1,false
1933,dlk_tbl_01642,3,2,1,false
1934,gob_tbl_01522,3,2,1,false
1935,gob_tbl_00225,3,2,1,false
1936,dlk_tbl_01578,3,2,1,false
1937,gob_tbl_02378,3,2,1,false
1938,dlk_tbl_03352,3,2,1,false
1939,std_tbl_01242,3,2,1,false
1940,gob_tbl_01685,3,2,1,false
1941,dlk_tbl_00875,3,2,1,false
1942,dlk_tbl_01712,3,2,1,false
1943,gob_tbl_03767,3,2,1,false
1944,dlk_tbl_00927,3,2,1,false
1945,dlk_ext_00317,3,3,0,false
1946,dlk_tbl_03200,3,2,1,false
1947,dash_tbl_01951,3,2,1,false
1948,gob_tbl_02448,3,2,1,false
1949,proc_tbl_00359,3,2,1,false
1950,m4vw_tbl_04140,3,2,1,false
1951,proc_tbl_02943,3,2,1,false
1952,gob_tbl_02845,3,2,1,false
1953,gob_tbl_03691,3,2,1,false
1954,gob_tbl_04464,3,2,1,false
1955,gob_tbl_03119,3,2,1,false
1956,gob_tbl_01227,3,2,1,false
1957,proc_tbl_01466,3,2,1,false
1958,dlk_tbl_01093,3,2,1,false
1959,dlk_tbl_00996,3,2,1,false
1960,dash_tbl_01925,3,2,1,false
1961,gob_tbl_02741,3,2,1,false
1962,dlk_tbl_03666,3,2,1,false
1963,gob_tbl_01403,3,2,1,false
1964,proc_tbl_03891,3,2,1,false
1965,gob_tbl_01265,3,2,1,false
1966,proc_tbl_02296,3,2,1,false
1967,gob_tbl_03936,3,2,1,false
1968,dash_tbl_00772,3,2,1,false
1969,proc_tbl_00581,3,2,1,false
1970,dash_tbl_03439,3,2,1,false
1971,gob_tbl_02849,3,2,1,false
1972,dash_tbl_00579,3,2,1,false
1973,gob_tbl_01497,3,2,1,false
1974,gob_tbl_01012,3,2,1,false
1975,dash_ext_00128,3,3,0,false
1976,dlk_tbl_03869,3,2,1,false
1977,gob_tbl_04113,3,2,1,false
1978,std_tbl_01262,3,2,1,false
1979,gob_tbl_01289,3,2,1,false
1980,proc_ext_00235,2,2,0,false
1981,dlk_tbl_00925,2,1,1,false
1982,gob_tbl_00162,2,1,1,false
1983,dlk_tbl_03257,2,1,1,false
1984,dlk_tbl_03954,2,1,1,false
1985,dlk_tbl_04253,2,1,1,false
1986,dlk_tbl_00488,2,1,1,false
1987,gob_tbl_00570,2,1,1,false
1988,dlk_tbl_04416,2,1,1,false
1989,dlk_tbl_03209,2,1,1,false
1990,gob_tbl_02440,2,1,1,false
1991,dlk_tbl_02434,2,1,1,false
1992,gob_tbl_02639,2,1,1,false
1993,proc_tbl_00931,2,1,1,false
1994,dlk_tbl_00013,2,1,1,false
1995,dlk_tbl_03153,2,1,1,false
1996,gob_tbl_04387,2,1,1,false
1997,dash_tbl_02193,2,1,1,false
1998,gob_tbl_00127,2,1,1,false
1999,dlk_tbl_00841,2,1,1,false
2000,dlk_tbl_02663,2,1,1,false
2001,dash_tbl_00346,2,1,1,false
2002,gob_tbl_01838,2,1,1,false
2003,proc_tbl_01097,2,1,1,false
2004,dlk_tbl_04097,2,1,1,false
2005,dlk_tbl_00954,2,1,1,false
2006,dlk_tbl_03308,2,1,1,false
2007,dash_tbl_02995,2,1,1,false
2008,gob_tbl_04335,2,1,1,false
2009,dlk_tbl_01217,2,1,1,false
2010,dlk_tbl_03394,2,1,1,false
2011,gob_tbl_00335,2,1,1,false
2012,gob_tbl_03728,2,1,1,false
2013,dlk_tbl_04158,2,1,1,false
2014,dlk_tbl_02324,2,1,1,false
2015,gob_tbl_04395,2,1,1,false
2016,gob_tbl_01213,2,1,1,false
2017,gob_ext_00448,2,2,0,false
2018,gob_ext_00051,2,2,0,false
2019,gob_tbl_00612,2,1,1,false
2020,gob_ext_00372,2,2,0,false
2021,gob_tbl_02578,2,1,1,false
2022,dlk_tbl_02294,2,1,1,false
2023,m4sco_tbl_00743,2,1,1,false
2024,proc_tbl_02994,2,1,1,false
2025,dlk_tbl_02167,2,1,1,false
2026,dlk_tbl_04254,2,1,1,false
2027,gob_tbl_01306,2,1,1,false
2028,dlk_tbl_00399,2,1,1,false
2029,gob_tbl_02278,2,1,1,false
2030,dlk_tbl_02372,2,1,1,false
2031,dlk_tbl_01459,2,1,1,false
2032,m4vw_tbl_03882,2,1,1,false
2033,dlk_tbl_04317,2,1,1,false
2034,proc_tbl_01699,2,1,1,false
2035,proc_tbl_03546,2,1,1,false
2036,gob_tbl_01157,2,1,1,false
2037,gob_tbl_02806,2,1,1,false
2038,gob_tbl_00521,2,1,1,false
2039,gob_ext_00072,2,2,0,false
2040,dlk_tbl_01978,2,1,1,false
2041,gob_tbl_00421,2,1,1,false
2042,proc_tbl_03815,2,1,1,false
2043,dlk_tbl_01785,2,1,1,false
2044,gob_tbl_03344,2,1,1,false
2045,gob_tbl_03263,2,1,1,false
2046,dash_tbl_03505,2,1,1,false
2047,dash_tbl_00935,2,1,1,false
2048,dlk_ext_00302,2,2,0,false
2049,dlk_tbl_02584,2,1,1,false
2050,dlk_tbl_00382,2,1,1,false
2051,dlk_tbl_02925,2,1,1,false
2052,dlk_tbl_03062,2,1,1,false
2053,gob_tbl_03233,2,1,1,false
2054,dlk_tbl_03586,2,1,1,false
2055,proc_tbl_00106,2,1,1,false
2056,dlk_tbl_03983,2,1,1,false
2057,dlk_tbl_02869,2,1,1,false
2058,gob_tbl_00647,2,1,1,false
2059,gob_tbl_03089,2,1,1,false
2060,std_tbl_01470,2,0,2,true
2061,gob_tbl_03855,2,1,1,false
2062,proc_tbl_01736,2,0,2,true
2063,gob_tbl_04291,2,1,1,false
2064,dlk_tbl_00790,2,1,1,false
2065,gob_tbl_00762,2,1,1,false
2066,dlk_tbl_01501,2,1,1,false
2067,gob_tbl_02854,2,1,1,false
2068,proc_tbl_01075,2,1,1,false
2069,proc_tbl_00673,2,1,1,false
2070,dlk_tbl_03469,2,1,1,false
2071,m4sco_tbl_02793,2,1,1,false
2072,dlk_tbl_02694,2,1,1,false
2073,gob_tbl_02300,2,1,1,false
2074,gob_tbl_01810,2,1,1,false
2075,dlk_tbl_01139,2,1,1,false
2076,gob_tbl_03262,2,1,1,false
2077,dlk_tbl_01282,2,1,1,false
2078,dlk_tbl_00659,2,1,1,false
2079,dlk_tbl_04026,2,1,1,false
2080,dash_tbl_02658,2,1,1,false
2081,dlk_tbl_01516,2,1,1,false
2082,gob_tbl_02470,2,1,1,false
2083,proc_tbl_04126,2,1,1,false
2084,dash_tbl_01082,2,1,1,false
2085,proc_tbl_03710,2,1,1,false
2086,m4sco_tbl_00770,2,1,1,false
2087,dlk_ext_00028,2,2,0,false
2088,gob_tbl_00851,2,1,1,false
2089,gob_tbl_01020,2,1,1,false
2090,gob_tbl_02870,2,1,1,false
2091,dlk_tbl_00204,2,1,1,false
2092,gob_tbl_04419,2,1,1,false
2093,gob_tbl_01997,2,1,1,false
2094,gob_tbl_04057,2,1,1,false
2095,dash_tbl_03883,2,1,1,false
2096,dash_tbl_02522,2,1,1,false
2097,dlk_tbl_03571,2,1,1,false
2098,std_tbl_00211,2,1,1,false
2099,proc_tbl_02967,2,0,2,true
2100,gob_ext_00155,2,2,0,false
2101,gob_tbl_02214,2,1,1,false
2102,proc_ext_00016,2,2,0,false
2103,dlk_tbl_02729,2,1,1,false
2104,gob_tbl_03600,2,1,1,false
2105,dlk_tbl_03619,2,1,1,false
2106,gob_tbl_00811,2,1,1,false
2107,dlk_tbl_02239,2,1,1,false
2108,gob_tbl_02332,2,1,1,false
2109,dlk_tbl_00187,2,1,1,false
2110,dlk_tbl_00254,2,1,1,false
2111,dlk_tbl_02285,2,1,1,false
2112,gob_tbl_03517,2,1,1,false
2113,gob_tbl_02984,2,1,1,false
2114,dlk_tbl_01758,2,1,1,false
2115,m4vw_tbl_01746,2,1,1,false
2116,dash_tbl_03110,2,1,1,false
2117,dlk_tbl_02555,2,1,1,false
2118,gob_tbl_01970,2,1,1,false
2119,gob_tbl_02565,2,1,1,false
2120,gob_tbl_00406,2,1,1,false
2121,std_tbl_03832,2,1,1,false
2122,gob_tbl_02393,2,1,1,false
2123,dlk_tbl_00352,2,1,1,false
2124,dlk_tbl_00008,2,1,1,false
2125,proc_tbl_03300,2,1,1,false
2126,gob_tbl_02251,2,1,1,false
2127,proc_tbl_00544,2,1,1,false
2128,proc_tbl_03933,2,1,1,false
2129,proc_tbl_01046,2,1,1,false
2130,gob_tbl_03265,2,1,1,false
2131,gob_tbl_00416,2,1,1,false
2132,dlk_tbl_02165,2,1,1,false
2133,dlk_tbl_01276,2,1,1,false
2134,gob_tbl_03756,2,1,1,false
2135,gob_tbl_01135,2,1,1,false
2136,std_tbl_01683,2,1,1,false
2137,m4sco_tbl_01993,2,1,1,false
2138,dlk_tbl_01078,2,1,1,false
2139,gob_tbl_01410,2,1,1,false
2140,gob_tbl_02184,2,1,1,false
2141,gob_tbl_03141,2,1,1,false
2142,m4sco_tbl_03125,2,1,1,false
2143,dash_tbl_03193,2,1,1,false
2144,proc_tbl_01148,2,1,1,false
2145,dlk_tbl_01976,2,1,1,false
2146,gob_tbl_00476,2,1,1,false
2147,dlk_tbl_02226,2,1,1,false
2148,dlk_tbl_00235,2,1,1,false
2149,gob_tbl_03416,2,1,1,false
2150,dlk_tbl_02155,2,1,1,false
2151,gob_tbl_00949,2,1,1,false
2152,gob_tbl_02829,2,1,1,false
2153,gob_tbl_03270,2,1,1,false
2154,proc_tbl_00765,2,1,1,false
2155,gob_tbl_04064,2,1,1,false
2156,dlk_tbl_01250,2,1,1,false
2157,proc_tbl_01162,2,1,1,false
2158,gob_tbl_02774,2,1,1,false
2159,dlk_tbl_00301,2,1,1,false
2160,gob_tbl_02815,2,1,1,false
2161,gob_tbl_02891,2,1,1,false
2162,gob_tbl_02503,2,1,1,false
2163,dlk_tbl_03473,2,1,1,false
2164,ppn_tbl_00922,2,1,1,false
2165,dash_tbl_00456,2,1,1,false
2166,gob_tbl_01341,2,1,1,false
2167,dlk_tbl_02275,2,1,1,false
2168,gob_tbl_02696,2,1,1,false
2169,proc_tbl_01818,2,1,1,false
2170,dash_tbl_03016,2,1,1,false
2171,dlk_tbl_00679,2,1,1,false
2172,proc_tbl_02016,2,1,1,false
2173,proc_tbl_03005,2,1,1,false
2174,proc_tbl_02217,2,1,1,false
2175,dlk_tbl_01974,2,1,1,false
2176,dlk_tbl_02649,2,1,1,false
2177,dash_tbl_02804,2,1,1,false
2178,dlk_tbl_01279,2,1,1,false
2179,gob_tbl_03017,2,1,1,false
2180,std_tbl_01553,2,1,1,false
2181,dlk_tbl_01253,2,1,1,false
2182,std_tbl_00237,2,1,1,false
2183,proc_tbl_02073,2,1,1,false
2184,m4sco_tbl_00164,2,1,1,false
2185,gob_tbl_00682,2,1,1,false
2186,proc_tbl_02320,2,1,1,false
2187,gob_tbl_01756,2,0,2,true
2188,dlk_tbl_01295,2,1,1,false
2189,dlk_tbl_00663,2,1,1,false
2190,dlk_tbl_01005,2,1,1,false
2191,gob_tbl_03026,2,1,1,false
2192,proc_tbl_03819,2,1,1,false
2193,proc_tbl_04356,2,1,1,false
2194,gob_tbl_02608,2,1,1,false
2195,std_tbl_01604,2,1,1,false
2196,m4sco_tbl_02415,2,1,1,false
2197,ppn_tbl_04153,2,1,1,false
2198,dlk_tbl_02062,2,0,2,true
2199,dlk_tbl_01651,2,1,1,false
2200,gob_tbl_01436,2,1,1,false
2201,gob_tbl_04457,2,1,1,false
2202,gob_tbl_02610,2,1,1,false
2203,dlk_tbl_02836,2,1,1,false
2204,gob_tbl_01559,2,1,1,false
2205,m4sco_tbl_02182,2,1,1,false
2206,dlk_ext_00436,2,2,0,false
2207,dash_tbl_00411,2,1,1,false
2208,dlk_tbl_01529,2,1,1,false
2209,gob_tbl_01380,2,1,1,false
2210,gob_tbl_02089,2,1,1,false
2211,gob_tbl_00801,2,1,1,false
2212,dash_tbl_00039,2,1,1,false
2213,gob_tbl_00492,2,1,1,false
2214,gob_tbl_01181,2,1,1,false
2215,std_tbl_03978,2,1,1,false
2216,std_tbl_01435,2,1,1,false
2217,dlk_tbl_04408,2,1,1,false
2218,dlk_tbl_00146,2,1,1,false
2219,dash_tbl_03252,2,1,1,false
2220,dlk_tbl_00158,2,1,1,false
2221,dlk_tbl_03695,2,1,1,false
2222,dlk_tbl_00409,2,0,2,true
2223,gob_tbl_01256,2,1,1,false
2224,gob_tbl_03415,2,1,1,false
2225,gob_tbl_04050,2,1,1,false
2226,dlk_tbl_04125,2,1,1,false
2227,gob_tbl_01943,2,1,1,false
2228,dlk_tbl_00881,2,1,1,false
2229,std_tbl_02540,2,1,1,false
2230,proc_tbl_01480,2,1,1,false
2231,dlk_tbl_01801,2,1,1,false
2232,dlk_tbl_03498,2,1,1,false
2233,gob_tbl_02138,2,1,1,false
2234,dlk_tbl_02602,2,1,1,false
2235,gob_tbl_03422,2,1,1,false
2236,dlk_tbl_02289,2,1,1,false
2237,gob_tbl_01407,2,1,1,false
2238,dlk_tbl_01867,2,1,1,false
2239,proc_tbl_02213,2,1,1,false
2240,gob_tbl_02479,2,1,1,false
2241,dlk_tbl_00723,2,1,1,false
2242,gob_tbl_02128,2,1,1,false
2243,dlk_tbl_01689,2,1,1,false
2244,proc_tbl_02257,2,1,1,false
2245,gob_tbl_01816,2,0,2,true
2246,std_tbl_00067,2,1,1,false
2247,dlk_tbl_01684,2,1,1,false
2248,dlk_tbl_02763,2,1,1,false
2249,gob_ext_00267,2,2,0,false
2250,proc_tbl_03093,2,1,1,false
2251,gob_tbl_04192,2,1,1,false
2252,dlk_tbl_03857,2,1,1,false
2253,gob_tbl_00291,2,1,1,false
2254,dlk_tbl_01423,2,1,1,false
2255,dlk_tbl_03271,2,1,1,false
2256,std_tbl_02567,2,0,2,true
2257,proc_tbl_04003,2,1,1,false
2258,dlk_tbl_04398,2,1,1,false
2259,proc_tbl_00900,2,1,1,false
2260,dlk_tbl_00230,2,1,1,false
2261,gob_tbl_03356,2,1,1,false
2262,gob_tbl_02139,2,1,1,false
2263,dlk_tbl_00965,2,1,1,false
2264,dlk_tbl_03227,2,1,1,false
2265,dlk_tbl_01305,2,1,1,false
2266,proc_tbl_00588,2,1,1,false
2267,dlk_tbl_01476,2,1,1,false
2268,gob_tbl_01489,2,1,1,false
2269,gob_tbl_00098,2,1,1,false
2270,gob_tbl_00952,2,1,1,false
2271,proc_tbl_00028,2,1,1,false
2272,dlk_tbl_00683,2,1,1,false
2273,gob_tbl_00256,2,1,1,false
2274,gob_tbl_00341,2,1,1,false
2275,dlk_tbl_02996,2,1,1,false
2276,gob_tbl_00189,2,1,1,false
2277,dlk_tbl_00105,2,1,1,false
2278,gob_tbl_02743,2,1,1,false
2279,dlk_tbl_03657,2,1,1,false
2280,gob_tbl_00490,2,1,1,false
2281,gob_tbl_01590,2,1,1,false
2282,dlk_tbl_00041,2,1,1,false
2283,dlk_tbl_03962,2,1,1,false
2284,m4sco_tbl_00049,2,1,1,false
2285,proc_tbl_01236,2,1,1,false
2286,dlk_tbl_02493,2,1,1,false
2287,gob_tbl_02334,2,1,1,false
2288,dlk_tbl_03658,2,1,1,false
2289,dlk_tbl_04077,2,1,1,false
2290,gob_tbl_00908,2,1,1,false
2291,dlk_tbl_04119,2,1,1,false
2292,proc_tbl_01478,2,1,1,false
2293,gob_tbl_02730,2,1,1,false
2294,gob_tbl_03479,2,1,1,false
2295,dlk_tbl_01638,2,1,1,false
2296,dlk_tbl_03853,2,1,1,false
2297,m4vw_tbl_01733,2,1,1,false
2298,gob_tbl_03648,2,1,1,false
2299,dlk_tbl_01913,2,1,1,false
2300,gob_tbl_01821,2,1,1,false
2301,dlk_tbl_00419,2,1,1,false
2302,gob_tbl_04482,2,1,1,false
2303,dlk_tbl_02402,2,1,1,false
2304,dlk_tbl_01779,2,1,1,false
2305,proc_tbl_04021,2,1,1,false
2306,gob_tbl_02465,2,1,1,false
2307,dash_tbl_02118,2,1,1,false
2308,dlk_tbl_03370,2,1,1,false
2309,gob_tbl_02263,2,1,1,false
2310,gob_tbl_00516,2,1,1,false
2311,gob_tbl_03058,2,1,1,false
2312,dlk_tbl_00496,2,1,1,false
2313,dlk_tbl_04147,2,1,1,false
2314,dlk_tbl_03462,2,1,1,false
2315,gob_tbl_00247,2,1,1,false
2316,gob_tbl_00403,2,1,1,false
2317,dlk_tbl_04438,2,1,1,false
2318,gob_tbl_03445,2,1,1,false
2319,dash_tbl_02316,2,1,1,false
2320,gob_tbl_03216,2,1,1,false
2321,gob_tbl_04198,2,1,1,false
2322,dlk_ext_00245,2,2,0,false
2323,gob_tbl_01077,2,1,1,false
2324,proc_tbl_02909,2,1,1,false
2325,m4vw_tbl_00282,2,1,1,false
2326,gob_tbl_02718,2,1,1,false
2327,gob_tbl_04168,2,1,1,false
2328,dlk_tbl_02136,2,1,1,false
2329,dash_tbl_01137,2,1,1,false
2330,dash_ext_00196,2,2,0,false
2331,dash_tbl_00627,2,1,1,false
2332,gob_tbl_02775,2,1,1,false
2333,dlk_tbl_04111,2,1,1,false
2334,dlk_tbl_03551,2,1,1,false
2335,dlk_tbl_02832,2,1,1,false
2336,dlk_tbl_01038,2,1,1,false
2337,dlk_tbl_03924,2,1,1,false
2338,proc_tbl_02318,2,1,1,false
2339,gob_tbl_02129,2,1,1,false
2340,gob_tbl_01051,2,1,1,false
2341,dlk_tbl_02834,2,1,1,false
2342,std_tbl_02064,2,1,1,false
2343,dash_tbl_04478,2,1,1,false
2344,proc_tbl_02188,2,1,1,false
2345,gob_ext_00582,2,2,0,false
2346,proc_tbl_04474,2,1,1,false
2347,proc_tbl_00030,2,1,1,false
2348,gob_tbl_02541,2,1,1,false
2349,gob_tbl_01631,2,1,1,false
2350,dlk_tbl_02512,2,1,1,false
2351,proc_tbl_03836,2,1,1,false
2352,gob_tbl_02926,2,1,1,false
2353,dlk_tbl_01893,2,1,1,false
2354,proc_tbl_00776,2,1,1,false
2355,proc_tbl_00090,2,1,1,false
2356,gob_tbl_04163,2,1,1,false
2357,dlk_tbl_00142,2,1,1,false
2358,gob_tbl_00985,2,1,1,false
2359,gob_tbl_01686,2,1,1,false
2360,dlk_tbl_03240,2,1,1,false
2361,gob_tbl_01104,2,1,1,false
2362,dlk_tbl_00264,2,1,1,false
2363,dlk_tbl_02689,2,1,1,false
2364,dlk_tbl_02779,2,1,1,false
2365,dlk_tbl_00380,2,1,1,false
2366,gob_tbl_00379,2,1,1,false
2367,gob_tbl_01042,2,1,1,false
2368,std_tbl_01885,2,1,1,false
2369,gob_tbl_02494,2,1,1,false
2370,dlk_tbl_00260,2,1,1,false
2371,proc_tbl_04400,2,1,1,false
2372,proc_tbl_02369,2,1,1,false
2373,gob_tbl_00093,2,1,1,false
2374,dlk_tbl_03801,2,1,1,false
2375,gob_tbl_00719,2,1,1,false
2376,dlk_tbl_01612,2,1,1,false
2377,dlk_tbl_02820,2,1,1,false
2378,dlk_tbl_03146,2,1,1,false
2379,dlk_tbl_01922,2,1,1,false
2380,gob_tbl_01535,2,1,1,false
2381,proc_tbl_04476,2,1,1,false
2382,dlk_tbl_01774,2,1,1,false
2383,gob_tbl_00194,2,1,1,false
2384,dlk_tbl_01853,2,1,1,false
2385,gob_tbl_00885,2,1,1,false
2386,proc_tbl_02554,2,1,1,false
2387,dash_ext_00358,2,2,0,false
2388,proc_tbl_00830,2,1,1,false
2389,dlk_tbl_02424,2,1,1,false
2390,dlk_tbl_04051,2,1,1,false
2391,gob_tbl_04178,2,1,1,false
2392,dash_ext_00059,2,2,0,false
2393,gob_tbl_00156,2,1,1,false
2394,dlk_tbl_02019,2,1,1,false
2395,gob_tbl_04315,2,1,1,false
2396,dlk_tbl_00837,2,1,1,false
2397,gob_tbl_04340,2,0,2,true
2398,proc_tbl_04386,2,1,1,false
2399,gob_tbl_01625,2,1,1,false
2400,dash_tbl_04183,2,1,1,false
2401,proc_tbl_01613,2,1,1,false
2402,dash_tbl_00888,2,1,1,false
2403,proc_tbl_04181,2,1,1,false
2404,std_tbl_02572,2,1,1,false
2405,ppn_tbl_01956,2,1,1,false
2406,dash_tbl_01142,2,1,1,false
2407,dlk_tbl_02971,2,1,1,false
2408,gob_tbl_01660,2,1,1,false
2409,proc_tbl_03508,2,1,1,false
2410,gob_tbl_00101,2,1,1,false
2411,dlk_tbl_02638,2,1,1,false
2412,gob_tbl_01188,2,1,1,false
2413,dlk_tbl_00959,2,1,1,false
2414,dlk_tbl_00584,2,1,1,false
2415,dlk_tbl_03400,2,1,1,false
2416,dash_tbl_01626,2,1,1,false
2417,proc_tbl_00376,2,1,1,false
2418,std_tbl_03396,2,1,1,false
2419,gob_tbl_01572,2,1,1,false
2420,dash_tbl_01076,2,1,1,false
2421,dlk_tbl_01601,2,1,1,false
2422,proc_tbl_02095,2,1,1,false
2423,dash_tbl_02962,2,1,1,false
2424,dlk_tbl_03780,2,1,1,false
2425,dlk_tbl_00915,2,1,1,false
2426,gob_tbl_01620,2,1,1,false
2427,dlk_tbl_04257,2,1,1,false
2428,dash_tbl_02277,2,1,1,false
2429,dlk_tbl_02812,2,1,1,false
2430,dlk_tbl_00337,2,1,1,false
2431,gob_tbl_00450,2,1,1,false
2432,std_tbl_00555,2,1,1,false
2433,gob_tbl_03171,2,1,1,false
2434,gob_tbl_03401,2,1,1,false
2435,gob_tbl_03567,2,1,1,false
2436,dash_tbl_00358,2,1,1,false
2437,gob_tbl_02175,2,1,1,false
2438,dlk_tbl_00865,2,1,1,false
2439,gob_tbl_04272,2,1,1,false
2440,gob_tbl_04298,2,1,1,false
2441,proc_tbl_02875,2,1,1,false
2442,dlk_tbl_01275,2,1,1,false
2443,dlk_tbl_01126,2,1,1,false
2444,std_tbl_04442,2,1,1,false
2445,gob_tbl_01252,2,1,1,false
2446,proc_tbl_00313,2,1,1,false
2447,gob_tbl_00502,2,1,1,false
2448,gob_tbl_01884,2,1,1,false
2449,gob_tbl_00533,2,0,2,true
2450,dlk_tbl_02914,2,1,1,false
2451,gob_tbl_03514,2,1,1,false
2452,dlk_ext_00578,2,2,0,false
2453,dlk_tbl_02536,2,1,1,false
2454,gob_tbl_04237,2,1,1,false
2455,dlk_tbl_03339,2,1,1,false
2456,gob_tbl_03876,2,1,1,false
2457,gob_tbl_02532,2,1,1,false
2458,gob_tbl_00894,2,1,1,false
2459,gob_tbl_03289,2,1,1,false
2460,gob_tbl_02873,2,1,1,false
2461,dlk_tbl_03429,2,1,1,false
2462,dlk_tbl_02230,2,1,1,false
2463,gob_tbl_04124,2,1,1,false
2464,gob_ext_00069,2,2,0,false
2465,dlk_tbl_02288,2,1,1,false
2466,proc_ext_00070,2,2,0,false
2467,gob_tbl_01284,2,1,1,false
2468,proc_tbl_01995,2,1,1,false
2469,gob_tbl_01323,2,1,1,false
2470,m4vw_tbl_01665,2,1,1,false
2471,proc_tbl_01661,2,1,1,false
2472,gob_tbl_03753,2,1,1,false
2473,dlk_tbl_04270,2,1,1,false
2474,dlk_tbl_01420,2,1,1,false
2475,dash_tbl_03910,2,1,1,false
2476,gob_tbl_00616,2,1,1,false
2477,dlk_tbl_01205,2,1,1,false
2478,proc_tbl_01540,2,1,1,false
2479,proc_tbl_02711,2,1,1,false
2480,dlk_tbl_04396,2,1,1,false
2481,gob_tbl_03215,2,1,1,false
2482,gob_tbl_00870,2,0,2,true
2483,gob_tbl_00962,2,1,1,false
2484,gob_tbl_03807,2,1,1,false
2485,dlk_tbl_01101,2,1,1,false
2486,dlk_tbl_00469,2,1,1,false
2487,gob_tbl_02292,2,1,1,false
2488,gob_tbl_03224,2,1,1,false
2489,dlk_ext_00419,2,2,0,false
2490,m4vw_tbl_02992,2,1,1,false
2491,proc_tbl_00038,2,1,1,false
2492,dlk_tbl_04007,2,1,1,false
2493,gob_tbl_00269,2,1,1,false
2494,dlk_tbl_02363,2,1,1,false
2495,dlk_tbl_02890,2,1,1,false
2496,gob_tbl_04439,2,1,1,false
2497,gob_tbl_03377,2,1,1,false
2498,dlk_tbl_04127,2,1,1,false
2499,gob_tbl_02299,2,1,1,false
2500,gob_tbl_02045,2,1,1,false
2501,dlk_tbl_03492,2,1,1,false
2502,gob_tbl_00370,2,1,1,false
2503,dlk_tbl_02615,2,1,1,false
2504,dash_tbl_04095,2,1,1,false
2505,gob_tbl_03940,2,1,1,false
2506,dlk_tbl_01234,2,1,1,false
2507,dlk_tbl_03256,2,1,1,false
2508,dlk_tbl_00994,2,1,1,false
2509,gob_tbl_03364,2,1,1,false
2510,dash_tbl_03442,2,1,1,false
2511,dash_tbl_01155,2,1,1,false
2512,dlk_tbl_03391,2,1,1,false
2513,dash_tbl_03906,2,0,2,true
2514,dlk_tbl_00238,2,1,1,false
2515,dlk_tbl_00298,2,1,1,false
2516,proc_tbl_04477,2,1,1,false
2517,gob_tbl_01034,2,1,1,false
2518,dlk_tbl_00092,2,1,1,false
2519,dlk_tbl_03985,2,1,1,false
2520,dlk_tbl_01170,2,1,1,false
2521,gob_tbl_02007,2,1,1,false
2522,dlk_tbl_00589,2,1,1,false
2523,gob_tbl_02342,2,1,1,false
2524,dlk_tbl_01875,2,1,1,false
2525,gob_ext_00333,2,2,0,false
2526,dlk_tbl_02439,2,1,1,false
2527,gob_ext_00342,2,2,0,false
2528,std_ext_00360,2,2,0,false
2529,std_tbl_01633,2,1,1,false
2530,gob_tbl_02599,2,1,1,false
2531,dlk_tbl_02080,2,1,1,false
2532,gob_tbl_00368,2,0,2,true
2533,gob_tbl_00551,2,1,1,false
2534,m4vw_tbl_03826,2,1,1,false
2535,gob_tbl_03895,2,1,1,false
2536,dlk_tbl_00043,2,1,1,false
2537,proc_tbl_01469,2,1,1,false
2538,dlk_tbl_02245,2,1,1,false
2539,dlk_tbl_01047,2,1,1,false
2540,dlk_tbl_00151,2,1,1,false
2541,dlk_tbl_00766,2,1,1,false
2542,proc_tbl_01132,2,1,1,false
2543,std_tbl_01150,2,1,1,false
2544,dlk_tbl_03412,2,1,1,false
2545,gob_tbl_00413,2,1,1,false
2546,dlk_tbl_02498,2,1,1,false
2547,gob_tbl_02046,2,1,1,false
2548,dash_tbl_03208,2,0,2,true
2549,gob_tbl_02243,2,1,1,false
2550,proc_tbl_00161,2,1,1,false
2551,gob_tbl_01519,2,1,1,false
2552,gob_tbl_01198,2,1,1,false
2553,gob_ext_00097,2,2,0,false
2554,dash_tbl_02742,2,1,1,false
2555,m4sco_tbl_02844,2,1,1,false
2556,proc_tbl_02539,2,1,1,false
2557,dash_tbl_02767,2,1,1,false
2558,proc_tbl_02902,2,1,1,false
2559,dash_tbl_00699,2,1,1,false
2560,proc_tbl_00318,2,1,1,false
2561,proc_tbl_02024,2,1,1,false
2562,dash_tbl_03520,2,1,1,false
2563,gob_tbl_01355,2,1,1,false
2564,dash_tbl_00697,2,1,1,false
2565,dlk_tbl_03015,2,1,1,false
2566,dash_tbl_03698,2,1,1,false
2567,dlk_tbl_00548,2,1,1,false
2568,proc_tbl_01771,2,1,1,false
2569,m4vw_tbl_03424,2,1,1,false
2570,gob_tbl_02414,2,1,1,false
2571,dlk_tbl_02558,2,1,1,false
2572,dlk_tbl_04196,2,1,1,false
2573,proc_tbl_01515,2,1,1,false
2574,dlk_tbl_03704,2,1,1,false
2575,gob_tbl_02785,2,1,1,false
2576,gob_tbl_03561,2,1,1,false
2577,dlk_tbl_04104,2,1,1,false
2578,proc_tbl_02134,2,1,1,false
2579,proc_tbl_03727,2,1,1,false
2580,dlk_tbl_01156,2,1,1,false
2581,gob_tbl_01483,2,1,1,false
2582,gob_tbl_03468,2,1,1,false
2583,gob_tbl_00010,2,1,1,false
2584,std_tbl_02883,2,1,1,false
2585,dlk_tbl_04088,2,1,1,false
2586,gob_tbl_00904,2,1,1,false
2587,proc_tbl_01260,2,1,1,false
2588,dlk_ext_00349,2,2,0,false
2589,proc_ext_00553,2,2,0,false
2590,dash_tbl_01668,2,1,1,false
2591,dlk_tbl_02653,2,1,1,false
2592,dash_tbl_01001,2,1,1,false
2593,ppn_tbl_00649,2,1,1,false
2594,proc_tbl_00054,2,1,1,false
2595,dlk_tbl_00567,2,1,1,false
2596,gob_tbl_01937,2,1,1,false
2597,dlk_tbl_03538,2,1,1,false
2598,gob_ext_00541,2,2,0,false
2599,std_tbl_03220,2,1,1,false
2600,gob_tbl_01512,2,1,1,false
2601,gob_tbl_01177,2,1,1,false
2602,m4sco_tbl_00459,2,1,1,false
2603,dlk_tbl_03485,2,1,1,false
2604,m4sco_tbl_01977,2,1,1,false
2605,gob_tbl_04375,2,1,1,false
2606,gob_tbl_01030,2,1,1,false
2607,proc_tbl_03878,2,1,1,false
2608,dlk_ext_00586,2,2,0,false
2609,dash_tbl_01194,2,1,1,false
2610,dlk_tbl_00478,2,1,1,false
2611,dlk_tbl_03280,2,1,1,false
2612,gob_tbl_04281,2,1,1,false
2613,dlk_tbl_03674,2,1,1,false
2614,dash_tbl_02739,2,1,1,false
2615,gob_tbl_04010,2,1,1,false
2616,gob_tbl_00711,2,1,1,false
2617,dlk_tbl_02107,2,1,1,false
2618,dlk_ext_00193,2,2,0,false
2619,gob_tbl_02406,2,1,1,false
2620,proc_tbl_00934,2,1,1,false
2621,dlk_tbl_00339,2,1,1,false
2622,std_tbl_00060,2,1,1,false
2623,dlk_tbl_00188,2,1,1,false
2624,dlk_tbl_01687,2,1,1,false
2625,dlk_tbl_03997,2,1,1,false
2626,dlk_tbl_03150,2,1,1,false
2627,dlk_tbl_04191,2,1,1,false
2628,dlk_tbl_00738,2,1,1,false
2629,gob_tbl_01241,2,1,1,false
2630,gob_tbl_02646,2,1,1,false
2631,dlk_tbl_04006,2,1,1,false
2632,dlk_tbl_00905,2,1,1,false
2633,std_tbl_01102,2,1,1,false
2634,dash_tbl_04268,2,1,1,false
2635,dlk_tbl_00978,2,1,1,false
2636,dlk_tbl_03692,2,1,1,false
2637,dlk_tbl_00001,2,1,1,false
2638,gob_tbl_01336,2,1,1,false
2639,proc_tbl_02550,2,1,1,false
2640,gob_tbl_01691,2,1,1,false
2641,dlk_tbl_02438,2,1,1,false
2642,gob_tbl_04422,2,1,1,false
2643,gob_tbl_03326,2,1,1,false
2644,gob_tbl_01549,2,1,1,false
2645,dlk_tbl_02034,2,1,1,false
2646,gob_tbl_01264,2,1,1,false
2647,dlk_tbl_00636,2,1,1,false
2648,gob_tbl_04036,2,1,1,false
2649,dlk_tbl_00540,2,1,1,false
2650,proc_tbl_02023,2,1,1,false
2651,gob_tbl_03693,2,1,1,false
2652,dash_tbl_01682,2,1,1,false
2653,dlk_tbl_01484,2,1,1,false
2654,proc_tbl_00545,2,1,1,false
2655,m4vw_tbl_02576,2,1,1,false
2656,dlk_tbl_03232,2,1,1,false
2657,gob_tbl_02514,2,1,1,false
2658,dlk_tbl_03800,2,1,1,false
2659,dash_tbl_00938,2,1,1,false
2660,std_tbl_02319,2,1,1,false
2661,std_tbl_03053,2,1,1,false
2662,gob_tbl_02872,2,1,1,false
2663,dash_tbl_00752,2,1,1,false
2664,gob_tbl_00717,2,1,1,false
2665,proc_tbl_00504,2,1,1,false
2666,gob_tbl_01402,2,1,1,false
2667,dlk_tbl_01791,2,1,1,false
2668,dlk_tbl_01166,2,1,1,false
2669,dlk_tbl_02589,2,1,1,false
2670,dlk_tbl_04381,2,1,1,false
2671,dlk_tbl_03133,2,1,1,false
2672,proc_tbl_00199,2,1,1,false
2673,proc_tbl_04406,2,1,1,false
2674,proc_tbl_00513,2,1,1,false
2675,proc_tbl_02846,2,1,1,false
2676,m4sco_tbl_02954,2,1,1,false
2677,gob_tbl_01737,2,1,1,false
2678,gob_tbl_01021,2,1,1,false
2679,gob_tbl_02348,2,1,1,false
2680,gob_tbl_03371,2,1,1,false
2681,dlk_tbl_00096,2,1,1,false
2682,dlk_tbl_03173,2,0,2,true
2683,gob_tbl_03179,2,1,1,false
2684,dlk_tbl_02585,2,1,1,false
2685,dash_tbl_03700,2,1,1,false
2686,proc_tbl_00458,2,1,1,false
2687,proc_tbl_04107,2,1,1,false
2688,dash_ext_00543,2,2,0,false
2689,dash_tbl_04129,2,1,1,false
2690,gob_tbl_02923,2,1,1,false
2691,gob_tbl_02060,2,1,1,false
2692,dlk_tbl_03629,2,1,1,false
2693,dash_ext_00109,2,2,0,false
2694,gob_tbl_02911,2,1,1,false
2695,gob_tbl_03189,2,1,1,false
2696,gob_tbl_02765,2,1,1,false
2697,dlk_ext_00482,2,2,0,false
2698,proc_tbl_03274,2,1,1,false
2699,dash_tbl_04218,2,1,1,false
2700,dlk_tbl_03802,2,1,1,false
2701,gob_tbl_03774,2,1,1,false
2702,gob_tbl_02669,2,1,1,false
2703,dash_tbl_00463,2,1,1,false
2704,dlk_tbl_00245,2,1,1,false
2705,proc_tbl_01309,2,1,1,false
2706,dlk_tbl_00180,2,1,1,false
2707,dlk_tbl_03793,2,1,1,false
2708,gob_tbl_03995,2,1,1,false
2709,dlk_tbl_03660,2,1,1,false
2710,dash_tbl_02117,2,1,1,false
2711,dlk_tbl_01130,2,1,1,false
2712,std_tbl_00855,2,1,1,false
2713,dlk_tbl_01452,2,1,1,false
2714,gob_tbl_04368,2,1,1,false
2715,dlk_tbl_00239,2,0,2,true
2716,dlk_tbl_03254,2,1,1,false
2717,proc_tbl_02124,2,1,1,false
2718,dlk_tbl_02557,2,1,1,false
2719,gob_tbl_04228,2,1,1,false
2720,gob_tbl_03988,2,1,1,false
2721,proc_tbl_00353,2,1,1,false
2722,std_tbl_01635,2,1,1,false
2723,proc_tbl_01971,2,1,1,false
2724,std_tbl_00062,2,1,1,false
2725,dlk_tbl_03128,2,1,1,false
2726,dlk_tbl_04302,2,1,1,false
2727,gob_tbl_02935,2,1,1,false
2728,gob_tbl_00638,2,1,1,false
2729,dlk_tbl_00535,2,1,1,false
2730,dash_tbl_00320,2,1,1,false
2731,proc_tbl_01376,2,1,1,false
2732,gob_ext_00273,2,2,0,false
2733,gob_tbl_02075,2,0,2,true
2734,ppn_tbl_03431,2,1,1,false
2735,gob_tbl_04081,2,1,1,false
2736,gob_tbl_01251,2,0,2,true
2737,dlk_tbl_02901,2,1,1,false
2738,proc_tbl_01563,2,1,1,false
2739,dlk_tbl_04260,2,1,1,false
2740,dlk_tbl_01171,2,1,1,false
2741,dlk_tbl_02598,2,1,1,false
2742,gob_tbl_00057,2,1,1,false
2743,proc_tbl_02913,2,1,1,false
2744,gob_tbl_03327,2,1,1,false
2745,dlk_tbl_03552,2,1,1,false
2746,gob_tbl_04043,2,1,1,false
2747,gob_tbl_03618,2,1,1,false
2748,gob_tbl_03529,2,1,1,false
2749,gob_tbl_02472,2,1,1,false
2750,dlk_tbl_01019,2,1,1,false
2751,m4vw_tbl_04037,2,1,1,false
2752,gob_tbl_02125,2,1,1,false
2753,gob_tbl_03282,2,1,1,false
2754,dlk_tbl_01201,2,1,1,false
2755,gob_tbl_02938,2,1,1,false
2756,gob_tbl_04019,2,1,1,false
2757,dlk_tbl_02446,2,1,1,false
2758,gob_tbl_00940,2,1,1,false
2759,m4sco_tbl_01763,2,1,1,false
2760,gob_tbl_02269,2,1,1,false
2761,proc_tbl_01726,2,1,1,false
2762,gob_tbl_00472,2,1,1,false
2763,proc_tbl_00591,2,1,1,false
2764,gob_tbl_03751,2,1,1,false
2765,gob_tbl_03494,2,1,1,false
2766,proc_tbl_00135,2,1,1,false
2767,gob_tbl_01490,2,1,1,false
2768,dlk_tbl_00258,2,1,1,false
2769,gob_ext_00111,2,2,0,false
2770,m4vw_tbl_03359,2,0,2,true
2771,dlk_ext_00167,2,2,0,false
2772,dlk_tbl_00572,2,1,1,false
2773,gob_tbl_01112,2,1,1,false
2774,gob_tbl_01716,2,1,1,false
2775,dlk_tbl_01311,2,1,1,false
2776,std_tbl_03211,2,1,1,false
2777,dlk_tbl_03028,2,1,1,false
2778,gob_tbl_03081,2,1,1,false
2779,proc_tbl_04082,2,1,1,false
2780,proc_tbl_01558,2,1,1,false
2781,gob_tbl_04214,2,1,1,false
2782,gob_tbl_01443,2,1,1,false
2783,dlk_tbl_01064,2,1,1,false
2784,dash_tbl_03322,2,1,1,false
2785,dash_tbl_00898,2,1,1,false
2786,gob_tbl_02949,2,1,1,false
2787,proc_tbl_02717,2,1,1,false
2788,gob_tbl_04454,2,1,1,false
2789,dlk_tbl_02513,2,1,1,false
2790,dlk_tbl_02566,2,1,1,false
2791,dlk_tbl_04449,2,1,1,false
2792,gob_tbl_01455,2,1,1,false
2793,dlk_tbl_02236,2,1,1,false
2794,m4sco_tbl_02307,2,1,1,false
2795,m4vw_tbl_03993,2,1,1,false
2796,dash_tbl_02199,2,1,1,false
2797,gob_tbl_03279,2,1,1,false
2798,proc_tbl_00272,2,1,1,false
2799,dash_tbl_04177,2,1,1,false
2800,gob_tbl_02317,2,1,1,false
2801,gob_tbl_02535,2,1,1,false
2802,gob_tbl_02148,2,1,1,false
2803,proc_tbl_03896,2,1,1,false
2804,dlk_tbl_00226,2,1,1,false
2805,dlk_tbl_00607,2,1,1,false
2806,m4vw_tbl_03707,2,1,1,false
2807,gob_tbl_02441,2,1,1,false
2808,dlk_tbl_01240,2,1,1,false
2809,dlk_tbl_03281,2,1,1,false
2810,dlk_tbl_01783,2,1,1,false
2811,proc_tbl_01568,2,1,1,false
2812,dlk_tbl_01446,2,1,1,false
2813,gob_tbl_04421,2,1,1,false
2814,proc_tbl_03873,2,1,1,false
2815,gob_tbl_03476,2,1,1,false
2816,gob_tbl_02435,2,1,1,false
2817,dlk_tbl_04328,2,1,1,false
2818,dlk_tbl_00462,2,1,1,false
2819,dlk_tbl_00879,2,1,1,false
2820,dlk_tbl_03023,2,1,1,false
2821,dlk_tbl_02092,2,1,1,false
2822,gob_tbl_01239,2,1,1,false
2823,gob_tbl_03073,2,1,1,false
2824,dlk_tbl_03389,2,1,1,false
2825,proc_tbl_04473,2,1,1,false
2826,m4vw_tbl_03114,2,1,1,false
2827,dlk_tbl_04355,2,1,1,false
2828,proc_tbl_00716,2,1,1,false
2829,dlk_tbl_00048,2,1,1,false
2830,dlk_tbl_01467,2,1,1,false
2831,gob_tbl_03737,2,1,1,false
2832,gob_ext_00383,2,2,0,false
2833,gob_tbl_04087,2,1,1,false
2834,gob_tbl_00576,2,1,1,false
2835,dlk_tbl_04115,2,1,1,false
2836,dash_tbl_02895,2,1,1,false
2837,proc_tbl_02517,2,1,1,false
2838,proc_tbl_00797,2,1,1,false
2839,dash_tbl_00397,2,1,1,false
2840,dlk_tbl_04160,2,1,1,false
2841,gob_tbl_02839,2,1,1,false
2842,gob_tbl_00546,2,1,1,false
2843,gob_tbl_01304,2,1,1,false
2844,proc_tbl_01822,2,1,1,false
2845,gob_tbl_03941,2,1,1,false
2846,std_tbl_02488,2,1,1,false
2847,ppn_tbl_04392,2,1,1,false
2848,proc_tbl_01796,2,1,1,false
2849,gob_tbl_03318,2,1,1,false
2850,std_tbl_00946,2,1,1,false
2851,gob_tbl_03687,2,1,1,false
2852,gob_tbl_02116,2,1,1,false
2853,dash_tbl_03438,2,1,1,false
2854,dlk_tbl_00137,2,1,1,false
2855,proc_tbl_00209,2,1,1,false
2856,gob_tbl_01607,2,1,1,false
2857,gob_tbl_02981,2,1,1,false
2858,gob_tbl_03522,2,1,1,false
2859,dlk_tbl_00886,2,1,1,false
2860,dash_tbl_02450,2,1,1,false
2861,dlk_tbl_02929,2,1,1,false
2862,dlk_ext_00305,2,2,0,false
2863,dlk_tbl_04012,2,1,1,false
2864,gob_tbl_02149,2,1,1,false
2865,dlk_tbl_02579,2,1,1,false
2866,gob_tbl_03596,2,1,1,false
2867,proc_tbl_03564,2,1,1,false
2868,gob_tbl_01641,2,1,1,false
2869,gob_tbl_01433,2,1,1,false
2870,gob_tbl_00374,2,1,1,false
2871,gob_tbl_00889,2,1,1,false
2872,gob_tbl_00117,2,1,1,false
2873,gob_ext_00374,2,2,0,false
2874,gob_tbl_01770,2,1,1,false
2875,gob_tbl_02970,2,1,1,false
2876,dlk_tbl_03302,2,1,1,false
2877,dlk_tbl_02805,2,1,1,false
2878,gob_tbl_03470,2,1,1,false
2879,gob_tbl_00969,2,1,1,false
2880,gob_tbl_01169,2,1,1,false
2881,dlk_tbl_00396,2,1,1,false
2882,dlk_ext_00101,2,2,0,false
2883,dlk_ext_00297,2,2,0,false
2884,dlk_tbl_04131,2,1,1,false
2885,proc_tbl_02327,2,1,1,false
2886,dlk_tbl_02227,2,1,1,false
2887,m4vw_tbl_00650,2,1,1,false
2888,dlk_tbl_00592,2,1,1,false
2889,m4sco_tbl_00499,2,1,1,false
2890,std_tbl_03608,2,1,1,false
2891,gob_tbl_00511,2,1,1,false
2892,dlk_tbl_04385,2,1,1,false
2893,gob_tbl_00363,2,1,1,false
2894,dash_tbl_03132,2,1,1,false
2895,gob_ext_00309,2,2,0,false
2896,dlk_tbl_02068,2,1,1,false
2897,gob_tbl_03192,2,1,1,false
2898,dlk_tbl_00562,2,1,1,false
2899,dlk_tbl_02702,2,1,1,false
2900,dlk_tbl_01013,2,1,1,false
2901,dlk_tbl_00577,2,1,1,false
2902,dlk_ext_00268,2,2,0,false
2903,gob_tbl_00088,2,1,1,false
2904,gob_tbl_04210,2,1,1,false
2905,gob_tbl_00610,2,1,1,false
2906,dlk_tbl_01912,2,1,1,false
2907,dlk_tbl_01158,2,1,1,false
2908,dlk_tbl_04266,2,1,1,false
2909,proc_tbl_03002,2,1,1,false
2910,proc_tbl_00165,2,1,1,false
2911,dash_tbl_03304,2,1,1,false
2912,proc_tbl_01738,2,1,1,false
2913,gob_tbl_03199,2,1,1,false
2914,m4sco_tbl_01872,2,1,1,false
2915,dlk_tbl_01709,2,1,1,false
2916,dlk_tbl_01344,2,1,1,false
2917,dlk_tbl_04305,2,1,1,false
2918,dash_tbl_03622,2,1,1,false
2919,gob_tbl_02314,2,1,1,false
2920,gob_tbl_00312,2,1,1,false
2921,dlk_tbl_03499,2,1,1,false
2922,proc_tbl_03108,2,1,1,false
2923,dlk_tbl_02347,2,1,1,false
2924,dlk_tbl_01850,2,1,1,false
2925,gob_tbl_02789,2,1,1,false
2926,gob_tbl_03411,2,1,1,false
2927,gob_tbl_03145,2,1,1,false
2928,dlk_tbl_03958,2,1,1,false
2929,dlk_tbl_02523,2,1,1,false
2930,proc_tbl_02412,2,1,1,false
2931,proc_tbl_01464,2,1,1,false
2932,dash_tbl_01094,2,1,1,false
2933,dlk_tbl_01525,2,1,1,false
2934,gob_tbl_03569,2,1,1,false
2935,proc_tbl_03120,2,1,1,false
2936,dlk_tbl_02681,2,1,1,false
2937,dlk_tbl_00166,2,1,1,false
2938,dash_tbl_00970,2,1,1,false
2939,gob_tbl_00687,2,1,1,false
2940,gob_tbl_04060,2,1,1,false
2941,std_tbl_02177,2,1,1,false
2942,dlk_tbl_03032,2,1,1,false
2943,dlk_tbl_02279,2,1,1,false
2944,gob_tbl_01011,2,1,1,false
2945,dlk_tbl_02084,2,1,1,false
2946,gob_tbl_03789,2,1,1,false
2947,dlk_tbl_00002,2,1,1,false
2948,dash_ext_00577,2,2,0,false
2949,dlk_tbl_01719,2,1,1,false
2950,gob_tbl_04258,2,1,1,false
2951,gob_ext_00288,2,2,0,false
2952,dlk_tbl_03348,2,1,1,false
2953,gob_tbl_02690,2,1,1,false
2954,m4vw_tbl_01092,2,1,1,false
2955,dash_tbl_00317,2,1,1,false
2956,dlk_tbl_02464,2,1,1,false
2957,dlk_tbl_03162,2,1,1,false
2958,dlk_tbl_00991,2,1,1,false
2959,dlk_tbl_02333,2,1,1,false
2960,gob_tbl_03937,2,1,1,false
2961,proc_tbl_03419,2,1,1,false
2962,dlk_tbl_03446,2,1,1,false
2963,gob_tbl_03642,2,1,1,false
2964,proc_tbl_00963,2,1,1,false
2965,dash_tbl_01904,2,1,1,false
2966,dlk_tbl_04262,2,1,1,false
2967,dash_tbl_04133,2,1,1,false
2968,dlk_tbl_04200,2,1,1,false
2969,proc_tbl_03872,2,1,1,false
2970,m4vw_tbl_00026,2,1,1,false
2971,dlk_ext_00236,2,2,0,false
2972,gob_tbl_04170,2,1,1,false
2973,dlk_tbl_00433,2,1,1,false
2974,proc_tbl_01303,2,1,1,false
2975,dlk_tbl_02548,2,1,1,false
2976,gob_tbl_02745,2,1,1,false
2977,dlk_tbl_01168,2,1,1,false
2978,gob_tbl_00582,2,1,1,false
2979,m4sco_tbl_03636,2,1,1,false
2980,gob_tbl_03598,2,1,1,false
2981,gob_tbl_01151,2,1,1,false
2982,dlk_tbl_02379,2,1,1,false
2983,dlk_tbl_00691,2,1,1,false
2984,gob_tbl_01834,2,1,1,false
2985,proc_tbl_03042,2,1,1,false
2986,std_tbl_01499,2,1,1,false
2987,dash_tbl_01334,2,0,2,true
2988,dlk_tbl_03530,2,1,1,false
2989,dash_tbl_02868,2,1,1,false
2990,proc_tbl_03945,2,1,1,false
2991,dlk_tbl_00645,2,1,1,false
2992,proc_tbl_03633,2,1,1,false
2993,gob_tbl_02934,2,1,1,false
2994,gob_tbl_01865,2,1,1,false
2995,gob_tbl_00690,2,1,1,false
2996,dlk_tbl_00221,2,1,1,false
2997,dash_tbl_01087,2,1,1,false
2998,gob_tbl_01650,2,1,1,false
2999,proc_tbl_03592,2,1,1,false
3000,dash_tbl_00285,2,1,1,false
3001,dlk_tbl_04164,2,1,1,false
3002,gob_tbl_00343,2,1,1,false
3003,gob_tbl_03382,2,1,1,false
3004,dlk_tbl_00244,2,1,1,false
3005,proc_tbl_03055,2,1,1,false
3006,gob_tbl_02486,2,1,1,false
3007,gob_tbl_01844,2,1,1,false
3008,gob_tbl_03489,2,1,1,false
3009,proc_tbl_01926,2,1,1,false
3010,dlk_tbl_03849,2,1,1,false
3011,proc_tbl_04452,2,1,1,false
3012,gob_tbl_01294,2,1,1,false
3013,proc_tbl_02625,2,1,1,false
3014,proc_tbl_03531,2,1,1,false
3015,dlk_tbl_03301,2,1,1,false
3016,std_tbl_02444,2,1,1,false
3017,dlk_tbl_04361,2,1,1,false
3018,proc_tbl_03425,2,1,1,false
3019,gob_tbl_03413,2,1,1,false
3020,gob_tbl_03098,2,1,1,false
3021,proc_tbl_03989,2,1,1,false
3022,gob_tbl_01414,2,0,2,true
3023,gob_tbl_00149,2,1,1,false
3024,proc_tbl_00758,2,1,1,false
3025,dlk_ext_00557,2,2,0,false
3026,gob_tbl_03905,2,1,1,false
3027,gob_tbl_00907,2,1,1,false
3028,dlk_tbl_03732,2,1,1,false
3029,dlk_tbl_03721,2,1,1,false
3030,dlk_tbl_00391,2,1,1,false
3031,dlk_tbl_00945,2,1,1,false
3032,proc_tbl_03014,2,1,1,false
3033,dlk_tbl_03668,2,1,1,false
3034,gob_tbl_01811,2,1,1,false
3035,dlk_tbl_03856,2,1,1,false
3036,dlk_tbl_01809,2,1,1,false
3037,m4sco_ext_00623,2,2,0,false
3038,dlk_tbl_00385,2,1,1,false
3039,dlk_tbl_01351,2,1,1,false
3040,std_tbl_02097,2,1,1,false
3041,gob_tbl_02753,2,1,1,false
3042,gob_tbl_01908,2,1,1,false
3043,dash_tbl_03288,2,1,1,false
3044,dlk_tbl_01080,2,1,1,false
3045,proc_tbl_03982,2,1,1,false
3046,dlk_tbl_00769,2,1,1,false
3047,dlk_tbl_03117,2,1,1,false
3048,std_tbl_00672,2,1,1,false
3049,proc_tbl_00438,2,1,1,false
3050,gob_tbl_00145,2,1,1,false
3051,proc_tbl_01370,2,1,1,false
3052,dlk_tbl_00632,2,1,1,false
3053,dlk_tbl_01591,2,1,1,false
3054,gob_tbl_00362,2,1,1,false
3055,dlk_tbl_01944,2,1,1,false
3056,m4sco_tbl_04059,2,1,1,false
3057,gob_tbl_01246,2,1,1,false
3058,gob_tbl_00295,2,1,1,false
3059,m4sco_tbl_04382,2,1,1,false
3060,gob_tbl_02039,2,1,1,false
3061,proc_tbl_00069,2,1,1,false
3062,proc_tbl_02755,2,1,1,false
3063,gob_tbl_03957,2,1,1,false
3064,dlk_tbl_02126,2,1,1,false
3065,gob_tbl_02301,2,1,1,false
3066,proc_tbl_04472,2,1,1,false
3067,dlk_tbl_01411,2,1,1,false
3068,gob_tbl_03706,2,1,1,false
3069,gob_tbl_03196,2,1,1,false
3070,gob_ext_00168,2,2,0,false
3071,dlk_tbl_03623,2,1,1,false
3072,gob_tbl_01333,2,1,1,false
3073,gob_tbl_02422,2,1,1,false
3074,dlk_tbl_02225,2,1,1,false
3075,dlk_ext_00446,2,2,0,false
3076,dash_tbl_01958,2,1,1,false
3077,dlk_tbl_03034,2,1,1,false
3078,proc_tbl_01498,2,1,1,false
3079,proc_tbl_00670,2,1,1,false
3080,gob_tbl_01643,2,1,1,false
3081,gob_tbl_02850,2,1,1,false
3082,dlk_tbl_02135,2,1,1,false
3083,dlk_tbl_02814,2,1,1,false
3084,gob_tbl_02121,2,1,1,false
3085,gob_tbl_04333,2,1,1,false
3086,gob_tbl_03540,2,1,1,false
3087,gob_tbl_00186,2,1,1,false
3088,dlk_tbl_00803,2,1,1,false
3089,gob_tbl_01934,2,1,1,false
3090,dlk_tbl_02770,2,1,1,false
3091,gob_tbl_04342,2,1,1,false
3092,gob_tbl_00018,2,1,1,false
3093,dlk_tbl_03197,2,1,1,false
3094,gob_tbl_03850,2,1,1,false
3095,gob_ext_00326,2,2,0,false
3096,dlk_tbl_01823,2,1,1,false
3097,dash_tbl_01649,2,1,1,false
3098,gob_tbl_01543,2,1,1,false
3099,gob_tbl_00446,2,1,1,false
3100,dlk_tbl_02670,2,1,1,false
3101,gob_tbl_00255,2,1,1,false
3102,proc_tbl_04054,2,1,1,false
3103,dlk_tbl_04401,2,1,1,false
3104,dlk_tbl_03699,2,1,1,false
3105,gob_tbl_02904,2,1,1,false
3106,dlk_tbl_01955,2,1,1,false
3107,gob_tbl_04289,2,1,1,false
3108,gob_tbl_01842,2,1,1,false
3109,gob_tbl_03097,2,1,1,false
3110,gob_tbl_00864,2,1,1,false
3111,dash_tbl_03765,2,1,1,false
3112,dlk_tbl_00289,2,1,1,false
3113,proc_tbl_03507,2,1,1,false
3114,gob_tbl_01880,2,1,1,false
3115,dlk_tbl_01929,2,1,1,false
3116,ppn_tbl_02672,2,1,1,false
3117,dlk_tbl_03744,2,1,1,false
3118,dlk_tbl_03720,2,1,1,false
3119,dash_tbl_02985,2,1,1,false
3120,proc_tbl_02897,2,1,1,false
3121,gob_tbl_01114,2,1,1,false
3122,gob_tbl_01592,2,1,1,false
3123,proc_tbl_03043,2,1,1,false
3124,dlk_tbl_02778,2,1,1,false
3125,gob_tbl_00042,2,1,1,false
3126,dlk_tbl_01014,2,1,1,false
3127,gob_tbl_02773,2,1,1,false
3128,gob_tbl_01595,2,1,1,false
3129,proc_tbl_03999,2,1,1,false
3130,dlk_tbl_00942,2,1,1,false
3131,dash_tbl_03621,2,1,1,false
3132,ppn_tbl_02457,2,1,1,false
3133,std_tbl_03969,2,1,1,false
3134,gob_tbl_04402,2,1,1,false
3135,proc_tbl_01610,2,1,1,false
3136,gob_tbl_02642,2,1,1,false
3137,gob_tbl_00178,2,1,1,false
3138,proc_tbl_02910,2,1,1,false
3139,gob_tbl_01224,2,1,1,false
3140,gob_tbl_00144,2,1,1,false
3141,proc_tbl_00903,2,1,1,false
3142,gob_tbl_01781,2,1,1,false
3143,proc_tbl_01981,2,1,1,false
3144,gob_tbl_04445,2,1,1,false
3145,proc_tbl_04271,2,1,1,false
3146,dlk_tbl_01619,2,1,1,false
3147,proc_tbl_03565,2,1,1,false
3148,dash_tbl_00739,2,1,1,false
3149,proc_tbl_00084,2,1,1,false
3150,dash_tbl_03080,2,1,1,false
3151,m4vw_tbl_01869,2,1,1,false
3152,gob_tbl_00114,2,1,1,false
3153,gob_tbl_01006,2,1,1,false
3154,dlk_tbl_01165,2,1,1,false
3155,dlk_tbl_02822,2,1,1,false
3156,gob_tbl_03096,2,1,1,false
3157,dash_tbl_02802,2,1,1,false
3158,dlk_tbl_00613,2,1,1,false
3159,proc_tbl_03313,2,1,1,false
3160,dash_tbl_03234,2,1,1,false
3161,gob_tbl_02224,2,1,1,false
3162,dlk_tbl_02819,2,1,1,false
3163,dlk_tbl_01538,2,1,1,false
3164,gob_tbl_03719,2,1,1,false
3165,dlk_tbl_02492,2,1,1,false
3166,dlk_tbl_01098,2,1,1,false
3167,gob_tbl_01777,2,1,1,false
3168,gob_tbl_01790,2,1,1,false
3169,gob_tbl_01091,2,1,1,false
3170,dlk_tbl_00029,2,1,1,false
3171,proc_tbl_00482,2,1,1,false
3172,m4vw_tbl_01338,2,1,1,false
3173,dlk_tbl_00768,2,1,1,false
3174,gob_tbl_02153,2,1,1,false
3175,proc_tbl_00383,2,1,1,false
3176,std_tbl_03009,2,1,1,false
3177,dlk_tbl_01573,2,1,1,false
3178,gob_tbl_00212,2,1,1,false
3179,dlk_tbl_00862,2,1,1,false
3180,gob_tbl_01667,2,1,1,false
3181,gob_tbl_03066,2,1,1,false
3182,gob_tbl_03077,2,1,1,false
3183,dlk_tbl_01514,2,1,1,false
3184,gob_tbl_03324,2,1,1,false
3185,dlk_tbl_03094,2,1,1,false
3186,dlk_ext_00499,2,2,0,false
3187,gob_tbl_02219,2,1,1,false
3188,dlk_tbl_00279,2,1,1,false
3189,gob_tbl_03228,2,1,1,false
3190,proc_tbl_01883,2,1,1,false
3191,dlk_tbl_00568,2,1,1,false
3192,dlk_tbl_02496,2,1,1,false
3193,dlk_tbl_04399,2,1,1,false
3194,proc_tbl_03010,2,1,1,false
3195,gob_tbl_00330,2,1,1,false
3196,dlk_tbl_01813,2,1,1,false
3197,gob_tbl_03105,2,1,1,false
3198,dlk_tbl_04380,2,1,1,false
3199,gob_tbl_01711,2,1,1,false
3200,std_tbl_04103,2,1,1,false
3201,dlk_tbl_02892,2,1,1,false
3202,gob_tbl_01369,2,1,1,false
3203,proc_tbl_01160,2,1,1,false
3204,dlk_tbl_00022,2,1,1,false
3205,gob_tbl_03902,2,1,1,false
3206,dlk_tbl_03204,2,1,1,false
3207,dash_tbl_00184,2,1,1,false
3208,dlk_tbl_04211,2,1,1,false
3209,dlk_tbl_00868,2,1,1,false
3210,gob_tbl_03915,2,1,1,false
3211,gob_tbl_03515,2,1,1,false
3212,gob_tbl_02511,2,1,1,false
3213,gob_tbl_00887,2,1,1,false
3214,proc_tbl_01998,2,1,1,false
3215,gob_tbl_04384,2,1,1,false
3216,gob_tbl_00203,2,1,1,false
3217,dash_tbl_01728,2,1,1,false
3218,proc_tbl_02719,2,1,1,false
3219,gob_tbl_02748,2,1,1,false
3220,gob_tbl_04480,2,1,1,false
3221,gob_tbl_01843,2,1,1,false
3222,gob_tbl_02906,2,1,1,false
3223,gob_tbl_01364,2,1,1,false
3224,gob_tbl_02002,2,1,1,false
3225,m4vw_tbl_03226,2,1,1,false
3226,gob_tbl_02528,2,1,1,false
3227,proc_tbl_01854,2,1,1,false
3228,dash_tbl_02233,2,1,1,false
3229,dlk_tbl_02100,2,1,1,false
3230,dlk_tbl_03722,2,1,1,false
3231,gob_tbl_00109,2,1,1,false
3232,dlk_tbl_03644,2,1,1,false
3233,gob_tbl_01322,2,1,1,false
3234,m4sco_ext_00455,2,2,0,false
3235,dash_tbl_02417,2,1,1,false
3236,dlk_ext_00330,2,2,0,false
3237,dash_tbl_03650,2,1,1,false
3238,dlk_tbl_02851,2,1,1,false
3239,gob_tbl_00531,2,1,1,false
3240,dlk_tbl_02647,2,1,1,false
3241,gob_tbl_02349,2,1,1,false
3242,gob_tbl_01230,2,1,1,false
3243,dlk_tbl_01022,2,1,1,false
3244,gob_tbl_01560,2,1,1,false
3245,gob_tbl_02429,2,1,1,false
3246,gob_tbl_01696,2,1,1,false
3247,dlk_tbl_03180,2,1,1,false
3248,gob_tbl_02396,2,1,1,false
3249,gob_tbl_00866,2,1,1,false
3250,dlk_tbl_03188,2,1,1,false
3251,dlk_tbl_01440,2,1,1,false
3252,dash_tbl_00648,2,1,1,false
3253,gob_tbl_02240,2,1,1,false
3254,dlk_tbl_00423,2,1,1,false
3255,dlk_tbl_02886,2,1,1,false
3256,gob_tbl_01894,2,1,1,false
3257,dlk_tbl_02627,2,1,1,false
3258,gob_tbl_01960,2,1,1,false
3259,dash_tbl_02209,2,1,1,false
3260,dlk_tbl_03842,2,1,1,false
3261,gob_tbl_03595,2,1,1,false
3262,gob_tbl_03195,2,1,1,false
3263,dlk_tbl_01836,2,1,1,false
3264,gob_tbl_03477,2,1,1,false
3265,dlk_tbl_03628,2,1,1,false
3266,ppn_tbl_03931,2,1,1,false
3267,dlk_tbl_04033,2,1,1,false
3268,dlk_tbl_02408,2,1,1,false
3269,proc_tbl_00072,2,1,1,false
3270,dlk_tbl_03353,2,1,1,false
3271,gob_tbl_03951,2,1,1,false
3272,gob_tbl_00321,2,1,1,false
3273,proc_tbl_00741,2,1,1,false
3274,std_tbl_01888,2,1,1,false
3275,dlk_tbl_00037,2,1,1,false
3276,proc_tbl_01734,2,1,1,false
3277,std_tbl_03166,2,1,1,false
3278,dlk_tbl_00923,2,1,1,false
3279,dlk_tbl_00453,2,1,1,false
3280,dlk_tbl_03944,2,1,1,false
3281,gob_tbl_04407,2,1,1,false
3282,dlk_tbl_03772,2,1,1,false
3283,gob_tbl_03433,2,1,1,false
3284,gob_tbl_02510,2,1,1,false
3285,dlk_tbl_01892,2,1,1,false
3286,dlk_tbl_03118,2,1,1,false
3287,dlk_tbl_03970,2,1,1,false
3288,gob_tbl_03107,2,1,1,false
3289,dlk_tbl_03845,2,1,1,false
3290,dlk_tbl_01947,2,1,1,false
3291,gob_tbl_03441,2,1,1,false
3292,gob_tbl_03516,2,1,1,false
3293,dash_tbl_00431,2,1,1,false
3294,proc_tbl_03503,1,0,1,false
3295,gob_tbl_04366,1,0,1,false
3296,proc_tbl_00400,1,0,1,false
3297,gob_tbl_00278,1,0,1,false
3298,m4vw_tbl_01178,1,0,1,false
3299,dlk_tbl_01605,1,0,1,false
3300,dash_tbl_01371,1,0,1,false
3301,gob_ext_00283,1,1,0,false
3302,gob_tbl_02677,1,0,1,false
3303,gob_tbl_03714,1,0,1,false
3304,dlk_tbl_03615,1,0,1,false
3305,dlk_tbl_03376,1,0,1,false
3306,gob_tbl_03449,1,0,1,false
3307,proc_tbl_00876,1,0,1,false
3308,dlk_tbl_01988,1,0,1,false
3309,std_tbl_01074,1,0,1,false
3310,gob_tbl_03701,1,0,1,false
3311,gob_tbl_03904,1,0,1,false
3312,dash_tbl_01225,1,0,1,false
3313,gob_tbl_04138,1,0,1,false
3314,gob_tbl_03183,1,0,1,false
3315,m4vw_ext_00480,1,1,0,false
3316,dlk_tbl_01772,1,0,1,false
3317,std_tbl_04004,1,0,1,false
3318,gob_tbl_00120,1,0,1,false
3319,gob_tbl_03518,1,0,1,false
3320,dlk_tbl_03579,1,0,1,false
3321,dlk_tbl_00968,1,0,1,false
3322,proc_tbl_04426,1,0,1,false
3323,gob_tbl_00984,1,0,1,false
3324,dash_tbl_02011,1,0,1,false
3325,dlk_tbl_02733,1,0,1,false
3326,gob_tbl_03465,1,0,1,false
3327,m4sco_tbl_02624,1,0,1,false
3328,dlk_tbl_00250,1,0,1,false
3329,dash_tbl_01117,1,0,1,false
3330,std_tbl_02827,1,0,1,false
3331,gob_tbl_00634,1,0,1,false
3332,dlk_tbl_04311,1,0,1,false
3333,gob_tbl_02036,1,0,1,false
3334,gob_tbl_02495,1,0,1,false
3335,m4vw_tbl_04461,1,0,1,false
3336,dlk_tbl_02047,1,0,1,false
3337,dash_tbl_00294,1,0,1,false
3338,gob_tbl_02426,1,0,1,false
3339,gob_tbl_02237,1,0,1,false
3340,dlk_tbl_00992,1,0,1,false
3341,dash_tbl_03334,1,0,1,false
3342,dlk_tbl_04343,1,0,1,false
3343,gob_tbl_02740,1,0,1,false
3344,proc_tbl_04329,1,0,1,false
3345,dlk_tbl_00388,1,0,1,false
3346,dash_tbl_00565,1,0,1,false
3347,ppn_tbl_01255,1,0,1,false
3348,gob_tbl_04011,1,0,1,false
3349,std_tbl_03688,1,0,1,false
3350,dlk_tbl_04481,1,0,1,false
3351,proc_tbl_02859,1,0,1,false
3352,dlk_tbl_00671,1,0,1,false
3353,dlk_tbl_02810,1,0,1,false
3354,dlk_tbl_01507,1,0,1,false
3355,dlk_tbl_00918,1,0,1,false
3356,proc_tbl_01898,1,0,1,false
3357,dlk_tbl_01297,1,0,1,false
3358,gob_tbl_01835,1,0,1,false
3359,proc_tbl_00305,1,0,1,false
3360,std_tbl_03550,1,0,1,false
3361,dlk_tbl_04463,1,0,1,false
3362,dlk_tbl_03236,1,0,1,false
3363,proc_tbl_02855,1,0,1,false
3364,dlk_tbl_04180,1,0,1,false
3365,gob_tbl_00160,1,0,1,false
3366,gob_tbl_00796,1,0,1,false
3367,dlk_tbl_04137,1,0,1,false
3368,m4vw_tbl_03148,1,0,1,false
3369,gob_tbl_03630,1,0,1,false
3370,dlk_tbl_04312,1,0,1,false
3371,m4vw_tbl_01004,1,0,1,false
3372,std_tbl_00159,1,0,1,false
3373,dlk_tbl_02000,1,0,1,false
3374,dlk_tbl_02169,1,0,1,false
3375,gob_tbl_03512,1,0,1,false
3376,gob_tbl_03361,1,0,1,false
3377,dlk_tbl_02384,1,0,1,false
3378,dash_tbl_03478,1,0,1,false
3379,gob_tbl_00115,1,0,1,false
3380,gob_tbl_03760,1,0,1,false
3381,dlk_tbl_00539,1,0,1,false
3382,dlk_tbl_04337,1,0,1,false
3383,proc_tbl_00561,1,0,1,false
3384,dlk_tbl_01911,1,0,1,false
3385,gob_tbl_02390,1,0,1,false
3386,gob_tbl_00083,1,0,1,false
3387,std_tbl_02394,1,0,1,false
3388,gob_tbl_02728,1,0,1,false
3389,dlk_tbl_02267,1,0,1,false
3390,dlk_tbl_00111,1,0,1,false
3391,gob_tbl_04437,1,0,1,false
3392,gob_tbl_02142,1,0,1,false
3393,proc_tbl_02974,1,0,1,false
3394,dash_tbl_01482,1,0,1,false
3395,dlk_tbl_01192,1,0,1,false
3396,dlk_tbl_03170,1,0,1,false
3397,m4sco_tbl_01390,1,0,1,false
3398,dlk_tbl_03027,1,0,1,false
3399,dlk_tbl_00742,1,0,1,false
3400,dlk_tbl_03245,1,0,1,false
3401,gob_tbl_02038,1,0,1,false
3402,proc_tbl_00044,1,0,1,false
3403,proc_tbl_03735,1,0,1,false
3404,gob_tbl_00125,1,0,1,false
3405,dlk_tbl_03004,1,0,1,false
3406,gob_tbl_01268,1,0,1,false
3407,gob_tbl_03239,1,0,1,false
3408,gob_tbl_03746,1,0,1,false
3409,dlk_tbl_04413,1,0,1,false
3410,gob_tbl_04098,1,0,1,false
3411,gob_tbl_01967,1,0,1,false
3412,proc_tbl_00176,1,0,1,false
3413,gob_tbl_02999,1,0,1,false
3414,dlk_tbl_03169,1,0,1,false
3415,gob_tbl_00061,1,0,1,false
3416,dlk_tbl_01742,1,0,1,false
3417,dlk_tbl_03908,1,0,1,false
3418,gob_tbl_01948,1,0,1,false
3419,gob_tbl_02145,1,0,1,false
3420,dlk_ext_00433,1,1,0,false
3421,proc_tbl_01881,1,0,1,false
3422,gob_tbl_00730,1,0,1,false
3423,gob_tbl_03100,1,0,1,false
3424,dlk_tbl_00678,1,0,1,false
3425,gob_tbl_03766,1,0,1,false
3426,gob_tbl_03106,1,0,1,false
3427,dlk_tbl_03813,1,0,1,false
3428,dlk_tbl_01532,1,0,1,false
3429,gob_tbl_02330,1,0,1,false
3430,dlk_tbl_04430,1,0,1,false
3431,gob_tbl_02563,1,0,1,false
3432,gob_tbl_01354,1,0,1,false
3433,gob_tbl_02404,1,0,1,false
3434,gob_ext_00289,1,1,0,false
3435,gob_tbl_03040,1,0,1,false
3436,gob_tbl_01957,1,0,1,false
3437,dlk_tbl_02764,1,0,1,false
3438,gob_tbl_03443,1,0,1,false
3439,gob_tbl_01990,1,0,1,false
3440,dlk_tbl_02583,1,0,1,false
3441,dlk_tbl_01210,1,0,1,false
3442,proc_tbl_03784,1,0,1,false
3443,gob_tbl_02735,1,0,1,false
3444,std_tbl_00724,1,0,1,false
3445,proc_tbl_02198,1,0,1,false
3446,proc_tbl_04151,1,0,1,false
3447,gob_tbl_00348,1,0,1,false
3448,dlk_tbl_02952,1,0,1,false
3449,dlk_tbl_00563,1,0,1,false
3450,dash_tbl_01692,1,0,1,false
3451,dash_tbl_02948,1,0,1,false
3452,ppn_tbl_01072,1,0,1,false
3453,dlk_tbl_01453,1,0,1,false
3454,dash_tbl_04225,1,0,1,false
3455,dlk_tbl_01116,1,0,1,false
3456,gob_tbl_01216,1,0,1,false
3457,gob_tbl_01846,1,0,1,false
3458,proc_tbl_00522,1,0,1,false
3459,dlk_tbl_02071,1,0,1,false
3460,proc_tbl_00074,1,0,1,false
3461,gob_tbl_04484,1,0,1,false
3462,gob_tbl_02784,1,0,1,false
3463,gob_tbl_00527,1,0,1,false
3464,gob_tbl_04377,1,0,1,false
3465,gob_tbl_01614,1,0,1,false
3466,proc_tbl_00232,1,0,1,false
3467,proc_tbl_04244,1,0,1,false
3468,dlk_tbl_00116,1,0,1,false
3469,dlk_tbl_00619,1,0,1,false
3470,dlk_tbl_04072,1,0,1,false
3471,proc_tbl_00148,1,0,1,false
3472,gob_tbl_04201,1,0,1,false
3473,gob_tbl_02794,1,0,1,false
3474,gob_tbl_01900,1,0,1,false
3475,gob_tbl_01026,1,0,1,false
3476,proc_tbl_01025,1,0,1,false
3477,dlk_tbl_01648,1,0,1,false
3478,dlk_tbl_00014,1,0,1,false
3479,proc_tbl_01556,1,0,1,false
3480,gob_tbl_04236,1,0,1,false
3481,proc_tbl_03138,1,0,1,false
3482,gob_tbl_01662,1,0,1,false
3483,dlk_tbl_01318,1,0,1,false
3484,proc_tbl_00972,1,0,1,false
3485,proc_tbl_00174,1,0,1,false
3486,dlk_tbl_02553,1,0,1,false
3487,gob_tbl_00929,1,0,1,false
3488,dash_tbl_00284,1,0,1,false
3489,gob_tbl_03406,1,0,1,false
3490,gob_tbl_03070,1,0,1,false
3491,gob_tbl_01582,1,0,1,false
3492,dlk_tbl_01096,1,0,1,false
3493,std_tbl_00664,1,0,1,false
3494,gob_tbl_01161,1,0,1,false
3495,gob_tbl_03748,1,0,1,false
3496,gob_tbl_01154,1,0,1,false
3497,gob_tbl_02454,1,0,1,false
3498,dlk_tbl_01918,1,0,1,false
3499,m4sco_ext_00255,1,1,0,false
3500,m4sco_tbl_02899,1,0,1,false
3501,gob_tbl_03057,1,0,1,false
3502,dlk_tbl_00621,1,0,1,false
3503,dlk_tbl_02998,1,0,1,false
3504,gob_tbl_03314,1,0,1,false
3505,gob_tbl_04157,1,0,1,false
3506,gob_tbl_03519,1,0,1,false
3507,gob_tbl_01802,1,0,1,false
3508,gob_tbl_00481,1,0,1,false
3509,dlk_tbl_01996,1,0,1,false
3510,proc_ext_00210,1,1,0,false
3511,proc_tbl_02732,1,0,1,false
3512,dlk_tbl_02265,1,0,1,false
3513,dlk_tbl_03187,1,0,1,false
3514,gob_tbl_01930,1,0,1,false
3515,proc_tbl_01069,1,0,1,false
3516,dash_tbl_00981,1,0,1,false
3517,proc_tbl_00432,1,0,1,false
3518,dlk_tbl_03362,1,0,1,false
3519,gob_tbl_00729,1,0,1,false
3520,m4sco_tbl_03500,1,0,1,false
3521,dlk_tbl_03696,1,0,1,false
3522,gob_tbl_02152,1,0,1,false
3523,gob_tbl_01138,1,0,1,false
3524,dlk_tbl_02206,1,0,1,false
3525,dlk_tbl_01887,1,0,1,false
3526,dlk_tbl_03977,1,0,1,false
3527,gob_tbl_03960,1,0,1,false
3528,dlk_tbl_01968,1,0,1,false
3529,dlk_tbl_01827,1,0,1,false
3530,proc_tbl_03397,1,0,1,false
3531,dash_tbl_02371,1,0,1,false
3532,gob_tbl_03724,1,0,1,false
3533,dlk_tbl_04234,1,0,1,false
3534,gob_tbl_01032,1,0,1,false
3535,dlk_tbl_00424,1,0,1,false
3536,dash_tbl_02747,1,0,1,false
3537,proc_tbl_00599,1,0,1,false
3538,proc_tbl_04453,1,0,1,false
3539,gob_tbl_02713,1,0,1,false
3540,dlk_tbl_00136,1,0,1,false
3541,gob_tbl_00387,1,0,1,false
3542,dlk_tbl_02645,1,0,1,false
3543,gob_tbl_02997,1,0,1,false
3544,gob_tbl_02250,1,0,1,false
3545,gob_tbl_02195,1,0,1,false
3546,gob_tbl_03859,1,0,1,false
3547,dlk_tbl_03818,1,0,1,false
3548,dlk_tbl_03399,1,0,1,false
3549,dlk_tbl_00097,1,0,1,false
3550,dash_tbl_03069,1,0,1,false
3551,gob_tbl_03992,1,0,1,false
3552,gob_tbl_02626,1,0,1,false
3553,proc_tbl_04326,1,0,1,false
3554,dlk_tbl_03124,1,0,1,false
3555,proc_tbl_01372,1,0,1,false
3556,gob_tbl_02365,1,0,1,false
3557,dlk_tbl_01352,1,0,1,false
3558,gob_tbl_01803,1,0,1,false
3559,gob_tbl_00710,1,0,1,false
3560,dlk_tbl_01418,1,0,1,false
3561,dlk_tbl_00296,1,0,1,false
3562,proc_tbl_01182,1,0,1,false
3563,gob_tbl_03333,1,0,1,false
3564,gob_tbl_00543,1,0,1,false
3565,gob_tbl_02212,1,0,1,false
3566,gob_tbl_03656,1,0,1,false
3567,gob_tbl_03434,1,0,1,false
3568,proc_tbl_01622,1,0,1,false
3569,proc_tbl_02085,1,0,1,false
3570,gob_tbl_01373,1,0,1,false
3571,gob_tbl_00262,1,0,1,false
3572,dlk_tbl_04206,1,0,1,false
3573,gob_tbl_02963,1,0,1,false
3574,gob_tbl_01445,1,0,1,false
3575,dlk_tbl_01033,1,0,1,false
3576,gob_tbl_03948,1,0,1,false
3577,dash_tbl_01890,1,0,1,false
3578,dash_tbl_02515,1,0,1,false
3579,gob_tbl_03669,1,0,1,false
3580,dash_tbl_01109,1,0,1,false
3581,dlk_tbl_01544,1,0,1,false
3582,m4sco_tbl_04372,1,0,1,false
3583,dlk_tbl_01055,1,0,1,false
3584,dash_tbl_03928,1,0,1,false
3585,gob_tbl_00202,1,0,1,false
3586,proc_tbl_01616,1,0,1,false
3587,gob_tbl_00123,1,0,1,false
3588,dlk_tbl_01743,1,0,1,false
3589,proc_tbl_03513,1,0,1,false
3590,gob_tbl_01089,1,0,1,false
3591,gob_tbl_02706,1,0,1,false
3592,gob_tbl_04046,1,0,1,false
3593,dlk_tbl_04465,1,0,1,false
3594,dlk_tbl_01331,1,0,1,false
3595,gob_tbl_01119,1,0,1,false
3596,dash_tbl_00477,1,0,1,false
3597,dlk_tbl_03690,1,0,1,false
3598,dash_tbl_03968,1,0,1,false
3599,proc_ext_00560,1,1,0,false
3600,proc_tbl_00329,1,0,1,false
3601,dash_tbl_01795,1,0,1,false
3602,gob_tbl_02161,1,0,1,false
3603,dlk_tbl_04092,1,0,1,false
3604,m4vw_tbl_01043,1,0,1,false
3605,gob_tbl_01703,1,0,1,false
3606,proc_tbl_02787,1,0,1,false
3607,proc_tbl_02538,1,0,1,false
3608,m4vw_tbl_00485,1,0,1,false
3609,proc_tbl_03235,1,0,1,false
3610,proc_tbl_01447,1,0,1,false
3611,dash_tbl_02359,1,0,1,false
3612,gob_tbl_03843,1,0,1,false
3613,dlk_tbl_01067,1,0,1,false
3614,gob_tbl_02924,1,0,1,false
3615,dlk_tbl_01235,1,0,1,false
3616,gob_tbl_04175,1,0,1,false
3617,dash_ext_00205,1,1,0,false
3618,dlk_tbl_04075,1,0,1,false
3619,dlk_tbl_02055,1,0,1,false
3620,dash_tbl_03749,1,0,1,false
3621,proc_tbl_01451,1,0,1,false
3622,dlk_ext_00224,1,1,0,false
3623,proc_tbl_04017,1,0,1,false
3624,m4sco_tbl_03134,1,0,1,false
3625,dlk_tbl_03291,1,0,1,false
3626,dlk_tbl_00609,1,0,1,false
3627,dlk_tbl_01754,1,0,1,false
3628,dash_ext_00595,1,1,0,false
3629,dlk_tbl_04031,1,0,1,false
3630,gob_tbl_01644,1,0,1,false
3631,dash_tbl_00518,1,0,1,false
3632,dlk_tbl_03185,1,0,1,false
3633,dash_tbl_02282,1,0,1,false
3634,proc_tbl_02782,1,0,1,false
3635,dlk_tbl_03950,1,0,1,false
3636,gob_tbl_02304,1,0,1,false
3637,dlk_tbl_01273,1,0,1,false
3638,gob_tbl_00807,1,0,1,false
3639,gob_tbl_01163,1,0,1,false
3640,dlk_tbl_03126,1,0,1,false
3641,dlk_tbl_01593,1,0,1,false
3642,proc_tbl_04295,1,0,1,false
3643,proc_tbl_00519,1,0,1,false
3644,gob_tbl_02246,1,0,1,false
3645,dash_tbl_02826,1,0,1,false
3646,dlk_tbl_02451,1,0,1,false
3647,gob_tbl_03828,1,0,1,false
3648,dlk_tbl_01606,1,0,1,false
3649,proc_tbl_00412,1,0,1,false
3650,dash_tbl_00378,1,0,1,false
3651,gob_tbl_04371,1,0,1,false
3652,std_tbl_04027,1,0,1,false
3653,dlk_tbl_01330,1,0,1,false
3654,dlk_tbl_04074,1,0,1,false
3655,gob_tbl_01439,1,0,1,false
3656,dlk_tbl_03421,1,0,1,false
3657,gob_tbl_00955,1,0,1,false
3658,proc_tbl_04080,1,0,1,false
3659,proc_tbl_02350,1,0,1,false
3660,proc_tbl_01909,1,0,1,false
3661,proc_tbl_04009,1,0,1,false
3662,dlk_ext_00546,1,1,0,false
3663,dlk_tbl_02026,1,0,1,false
3664,dlk_tbl_03907,1,0,1,false
3665,dash_tbl_01301,1,0,1,false
3666,proc_tbl_04307,1,0,1,false
3667,proc_tbl_02203,1,0,1,false
3668,gob_tbl_03085,1,0,1,false
3669,dash_tbl_02082,1,0,1,false
3670,dash_tbl_02944,1,0,1,false
3671,m4sco_tbl_02988,1,0,1,false
3672,dlk_tbl_02674,1,0,1,false
3673,gob_tbl_00058,1,0,1,false
3674,gob_ext_00130,1,1,0,false
3675,proc_tbl_00684,1,0,1,false
3676,proc_tbl_04221,1,0,1,false
3677,proc_tbl_04154,1,0,1,false
3678,gob_tbl_00831,1,0,1,false
3679,dlk_tbl_02771,1,0,1,false
3680,dlk_tbl_00662,1,0,1,false
3681,dash_tbl_02792,1,0,1,false
3682,dlk_tbl_01973,1,0,1,false
3683,proc_tbl_04351,1,0,1,false
3684,dlk_tbl_01952,1,0,1,false
3685,dlk_ext_00483,1,1,0,false
3686,gob_tbl_03775,1,0,1,false
3687,std_tbl_03980,1,0,1,false
3688,gob_tbl_01847,1,0,1,false
3689,proc_tbl_02607,1,0,1,false
3690,dash_tbl_03864,1,0,1,false
3691,gob_tbl_00877,1,0,1,false
3692,dash_tbl_01598,1,0,1,false
3693,gob_tbl_04179,1,0,1,false
3694,dash_tbl_01775,1,0,1,false
3695,dlk_tbl_00943,1,0,1,false
3696,gob_tbl_01510,1,0,1,false
3697,gob_tbl_02933,1,0,1,false
3698,std_tbl_03175,1,0,1,false
3699,gob_tbl_00293,1,0,1,false
3700,dlk_ext_00307,1,1,0,false
3701,dlk_tbl_03491,1,0,1,false
3702,dlk_tbl_00675,1,0,1,false
3703,dlk_tbl_00809,1,0,1,false
3704,dlk_tbl_02190,1,0,1,false
3705,dlk_tbl_03296,1,0,1,false
3706,dlk_tbl_03373,1,0,1,false
3707,dlk_tbl_00804,1,0,1,false
3708,proc_tbl_00336,1,0,1,false
3709,std_tbl_01129,1,0,1,false
3710,dash_tbl_03711,1,0,1,false
3711,dlk_tbl_03374,1,0,1,false
3712,gob_tbl_04369,1,0,1,false
3713,proc_tbl_03137,1,0,1,false
3714,dlk_tbl_00852,1,0,1,false
3715,dash_tbl_01485,1,0,1,false
3716,gob_tbl_02497,1,0,1,false
3717,dash_tbl_03613,1,0,1,false
3718,dlk_tbl_04144,1,0,1,false
3719,dlk_tbl_01673,1,0,1,false
3720,gob_tbl_01487,1,0,1,false
3721,gob_tbl_02150,1,0,1,false
3722,gob_tbl_00275,1,0,1,false
3723,gob_tbl_03480,1,0,1,false
3724,gob_tbl_03276,1,0,1,false
3725,dlk_tbl_00509,1,0,1,false
3726,gob_tbl_01258,1,0,1,false
3727,m4vw_tbl_02194,1,0,1,false
3728,proc_tbl_03090,1,0,1,false
3729,proc_tbl_01557,1,0,1,false
3730,gob_tbl_02196,1,0,1,false
3731,dlk_tbl_03545,1,0,1,false
3732,dlk_tbl_02976,1,0,1,false
3733,gob_tbl_00483,1,0,1,false
3734,std_tbl_02760,1,0,1,false
3735,dash_tbl_02388,1,0,1,false
3736,dlk_tbl_04215,1,0,1,false
3737,dlk_tbl_01426,1,0,1,false
3738,gob_tbl_01441,1,0,1,false
3739,gob_tbl_03156,1,0,1,false
3740,gob_tbl_00218,1,0,1,false
3741,proc_ext_00616,1,1,0,false
3742,gob_tbl_02975,1,0,1,false
3743,dash_tbl_01413,1,0,1,false
3744,dlk_tbl_00253,1,0,1,false
3745,dlk_tbl_01825,1,0,1,false
3746,dlk_tbl_02964,1,0,1,false
3747,gob_tbl_00829,1,0,1,false
3748,gob_tbl_00657,1,0,1,false
3749,proc_tbl_02824,1,0,1,false
3750,gob_tbl_03292,1,0,1,false
3751,dlk_tbl_02618,1,0,1,false
3752,proc_tbl_04358,1,0,1,false
3753,dlk_tbl_00557,1,0,1,false
3754,dlk_tbl_01732,1,0,1,false
3755,gob_tbl_03129,1,0,1,false
3756,proc_tbl_03472,1,0,1,false
3757,gob_tbl_02905,1,0,1,false
3758,dlk_tbl_02847,1,0,1,false
3759,gob_tbl_03922,1,0,1,false
3760,gob_tbl_04486,1,0,1,false
3761,proc_tbl_03076,1,0,1,false
3762,dlk_tbl_04296,1,0,1,false
3763,dlk_tbl_01985,1,0,1,false
3764,dlk_tbl_01555,1,0,1,false
3765,gob_tbl_02312,1,0,1,false
3766,proc_tbl_03372,1,0,1,false
3767,dlk_tbl_02596,1,0,1,false
3768,gob_tbl_00375,1,0,1,false
3769,dlk_tbl_00309,1,0,1,false
3770,dash_tbl_02701,1,0,1,false
3771,proc_tbl_01375,1,0,1,false
3772,std_tbl_02972,1,0,1,false
3773,gob_tbl_03024,1,0,1,false
3774,dlk_tbl_01856,1,0,1,false
3775,gob_ext_00138,1,1,0,false
3776,proc_tbl_02848,1,0,1,false
3777,dlk_tbl_01906,1,0,1,false
3778,gob_tbl_00355,1,0,1,false
3779,dlk_tbl_00916,1,0,1,false
3780,proc_tbl_01994,1,0,1,false
3781,dlk_tbl_03886,1,0,1,false
3782,dlk_tbl_00642,1,0,1,false
3783,proc_tbl_02072,1,0,1,false
3784,gob_ext_00341,1,1,0,false
3785,gob_tbl_01877,1,0,1,false
3786,proc_tbl_02678,1,0,1,false
3787,gob_tbl_01491,1,0,1,false
3788,dlk_tbl_02866,1,0,1,false
3789,proc_tbl_03521,1,0,1,false
3790,gob_tbl_00191,1,0,1,false
3791,proc_tbl_01010,1,0,1,false
3792,gob_tbl_02918,1,0,1,false
3793,gob_tbl_04099,1,0,1,false
3794,gob_tbl_03037,1,0,1,false
3795,dlk_tbl_00466,1,0,1,false
3796,dlk_tbl_03852,1,0,1,false
3797,dlk_tbl_03938,1,0,1,false
3798,dlk_tbl_00630,1,0,1,false
3799,dlk_tbl_03686,1,0,1,false
3800,gob_tbl_01547,1,0,1,false
3801,gob_tbl_04325,1,0,1,false
3802,gob_tbl_03272,1,0,1,false
3803,gob_tbl_04414,1,0,1,false
3804,gob_tbl_02395,1,0,1,false
3805,gob_tbl_01536,1,0,1,false
3806,dlk_tbl_04259,1,0,1,false
3807,ppn_tbl_02880,1,0,1,false
3808,gob_tbl_03087,1,0,1,false
3809,gob_tbl_02168,1,0,1,false
3810,proc_tbl_00398,1,0,1,false
3811,dlk_tbl_03549,1,0,1,false
3812,gob_tbl_00345,1,0,1,false
3813,dlk_tbl_03258,1,0,1,false
3814,dlk_tbl_00883,1,0,1,false
3815,gob_ext_00159,1,1,0,false
3816,dlk_ext_00078,1,1,0,false
3817,gob_tbl_02916,1,0,1,false
3818,proc_tbl_03526,1,0,1,false
3819,proc_tbl_03121,1,0,1,false
3820,gob_tbl_03625,1,0,1,false
3821,dash_tbl_02094,1,0,1,false
3822,m4sco_tbl_01430,1,0,1,false
3823,std_tbl_00193,1,0,1,false
3824,dash_tbl_03283,1,0,1,false
3825,dlk_tbl_00871,1,0,1,false
3826,dlk_tbl_03679,1,0,1,false
3827,dash_tbl_04432,1,0,1,false
3828,dlk_tbl_00443,1,0,1,false
3829,gob_tbl_01804,1,0,1,false
3830,gob_tbl_00066,1,0,1,false
3831,proc_tbl_00315,1,0,1,false
3832,gob_tbl_03303,1,0,1,false
3833,proc_tbl_03095,1,0,1,false
3834,dlk_tbl_00181,1,0,1,false
3835,proc_tbl_02185,1,0,1,false
3836,proc_tbl_01406,1,0,1,false
3837,dlk_tbl_03528,1,0,1,false
3838,dlk_tbl_01233,1,0,1,false
3839,proc_tbl_01794,1,0,1,false
3840,dlk_tbl_03894,1,0,1,false
3841,std_tbl_02666,1,0,1,false
3842,dlk_tbl_00259,1,0,1,false
3843,dlk_tbl_03702,1,0,1,false
3844,dlk_tbl_02063,1,0,1,false
3845,dlk_tbl_00995,1,0,1,false
3846,gob_tbl_00128,1,0,1,false
3847,proc_tbl_00016,1,0,1,false
3848,gob_tbl_00094,1,0,1,false
3849,dlk_tbl_00349,1,0,1,false
3850,gob_tbl_02238,1,0,1,false
3851,proc_tbl_00480,1,0,1,false
3852,gob_tbl_03542,1,0,1,false
3853,proc_tbl_02228,1,0,1,false
3854,dlk_tbl_00130,1,0,1,false
3855,dlk_tbl_01450,1,0,1,false
3856,gob_tbl_03923,1,0,1,false
3857,dlk_ext_00368,1,1,0,false
3858,gob_tbl_03535,1,0,1,false
3859,gob_tbl_02697,1,0,1,false
3860,gob_tbl_01395,1,0,1,false
3861,proc_tbl_04440,1,0,1,false
3862,gob_tbl_02410,1,0,1,false
3863,gob_tbl_04071,1,0,1,false
3864,dlk_tbl_04483,1,0,1,false
3865,gob_tbl_01232,1,0,1,false
3866,ppn_tbl_03537,1,0,1,false
3867,dlk_tbl_03833,1,0,1,false
3868,dlk_tbl_02273,1,0,1,false
3869,gob_tbl_02027,1,0,1,false
3870,proc_tbl_01989,1,0,1,false
3871,ppn_tbl_02466,1,0,1,false
3872,dlk_tbl_04441,1,0,1,false
3873,dlk_tbl_01378,1,0,1,false
3874,proc_tbl_02004,1,0,1,false
3875,gob_tbl_01520,1,0,1,false
3876,dash_tbl_01212,1,0,1,false
3877,gob_tbl_03335,1,0,1,false
3878,gob_tbl_03930,1,0,1,false
3879,gob_tbl_00064,1,0,1,false
3880,gob_tbl_03713,1,0,1,false
3881,dlk_tbl_04466,1,0,1,false
3882,gob_tbl_01679,1,0,1,false
3883,dlk_tbl_03285,1,0,1,false
3884,dlk_tbl_03051,1,0,1,false
3885,proc_tbl_02518,1,0,1,false
3886,gob_tbl_02766,1,0,1,false
3887,dlk_tbl_01857,1,0,1,false
3888,proc_tbl_00791,1,0,1,false
3889,gob_tbl_03340,1,0,1,false
3890,m4sco_tbl_02877,1,0,1,false
3891,dlk_tbl_00246,1,0,1,false
3892,gob_tbl_04310,1,0,1,false
3893,std_tbl_01924,1,0,1,false
3894,dlk_tbl_01028,1,0,1,false
3895,gob_tbl_00793,1,0,1,false
3896,gob_tbl_01727,1,0,1,false
3897,dlk_tbl_04048,1,0,1,false
3898,dlk_ext_00428,1,1,0,false
3899,dash_tbl_00223,1,0,1,false
3900,gob_tbl_03758,1,0,1,false
3901,dlk_tbl_02202,1,0,1,false
3902,gob_tbl_00032,1,0,1,false
3903,proc_tbl_00842,1,0,1,false
3904,dlk_tbl_02468,1,0,1,false
3905,gob_tbl_01630,1,0,1,false
3906,gob_tbl_00623,1,0,1,false
3907,gob_tbl_03854,1,0,1,false
3908,gob_tbl_00430,1,0,1,false
3909,proc_tbl_03964,1,0,1,false
3910,proc_tbl_01134,1,0,1,false
3911,dlk_tbl_02983,1,0,1,false
3912,gob_tbl_00789,1,0,1,false
3913,proc_tbl_04353,1,0,1,false
3914,gob_tbl_00858,1,0,1,false
3915,std_tbl_02081,1,0,1,false
3916,gob_tbl_00454,1,0,1,false
3917,dlk_tbl_03475,1,0,1,false
3918,dlk_tbl_04269,1,0,1,false
3919,proc_tbl_02052,1,0,1,false
3920,gob_tbl_03203,1,0,1,false
3921,std_tbl_04370,1,0,1,false
3922,gob_tbl_01179,1,0,1,false
3923,gob_tbl_02699,1,0,1,false
3924,dlk_tbl_02574,1,0,1,false
3925,dlk_tbl_02709,1,0,1,false
3926,dash_tbl_00440,1,0,1,false
3927,gob_tbl_02173,1,0,1,false
3928,dlk_tbl_03402,1,0,1,false
3929,proc_tbl_03912,1,0,1,false
3930,dlk_tbl_00493,1,0,1,false
3931,gob_tbl_04434,1,0,1,false
3932,gob_tbl_03428,1,0,1,false
3933,gob_tbl_04409,1,0,1,false
3934,proc_tbl_02133,1,0,1,false
3935,gob_tbl_02843,1,0,1,false
3936,gob_tbl_00767,1,0,1,false
3937,m4sco_tbl_04308,1,0,1,false
3938,gob_tbl_03202,1,0,1,false
3939,dlk_tbl_03606,1,0,1,false
3940,dlk_tbl_00960,1,0,1,false
3941,dlk_tbl_02403,1,0,1,false
3942,proc_tbl_00494,1,0,1,false
3943,gob_tbl_01871,1,0,1,false
3944,gob_tbl_00065,1,0,1,false
3945,dlk_tbl_00498,1,0,1,false
3946,gob_tbl_03892,1,0,1,false
3947,dlk_tbl_03502,1,0,1,false
3948,dlk_tbl_03410,1,0,1,false
3949,dlk_tbl_00467,1,0,1,false
3950,gob_tbl_00024,1,0,1,false
3951,gob_tbl_02399,1,0,1,false
3952,dash_tbl_01261,1,0,1,false
3953,dlk_tbl_02960,1,0,1,false
3954,gob_tbl_02268,1,0,1,false
3955,proc_tbl_01048,1,0,1,false
3956,proc_tbl_01724,1,0,1,false
3957,gob_tbl_02556,1,0,1,false
3958,gob_tbl_03158,1,0,1,false
3959,dlk_tbl_03863,1,0,1,false
3960,dash_tbl_03385,1,0,1,false
3961,dlk_tbl_03984,1,0,1,false
3962,dlk_tbl_01111,1,0,1,false
3963,gob_tbl_02727,1,0,1,false
3964,dlk_tbl_02480,1,0,1,false
3965,dlk_tbl_02953,1,0,1,false
3966,proc_tbl_03310,1,0,1,false
3967,gob_tbl_03487,1,0,1,false
3968,m4vw_tbl_01105,1,0,1,false
3969,dash_tbl_02650,1,0,1,false
3970,m4sco_tbl_02029,1,0,1,false
3971,gob_tbl_00222,1,0,1,false
3972,dlk_tbl_02040,1,0,1,false
3973,proc_tbl_03052,1,0,1,false
3974,gob_tbl_01208,1,0,1,false
3975,gob_tbl_02280,1,0,1,false
3976,m4vw_tbl_00821,1,0,1,false
3977,m4vw_tbl_02186,1,0,1,false
3978,gob_tbl_03663,1,0,1,false
3979,dlk_tbl_01767,1,0,1,false
3980,dlk_tbl_01949,1,0,1,false
3981,dlk_tbl_01975,1,0,1,false
3982,dlk_tbl_04121,1,0,1,false
3983,dlk_tbl_00999,1,0,1,false
3984,dlk_tbl_03172,1,0,1,false
3985,proc_tbl_03662,1,0,1,false
3986,dlk_tbl_01917,1,0,1,false
3987,dlk_tbl_04373,1,0,1,false
3988,gob_tbl_00808,1,0,1,false
3989,gob_tbl_01636,1,0,1,false
3990,gob_tbl_01477,1,0,1,false
3991,dlk_tbl_04332,1,0,1,false
3992,gob_ext_00473,1,1,0,false
3993,gob_tbl_04208,1,0,1,false
3994,dlk_tbl_03597,1,0,1,false
3995,dash_tbl_03064,1,0,1,false
3996,ppn_tbl_03488,1,0,1,false
3997,dlk_tbl_01363,1,0,1,false
3998,dlk_tbl_00901,1,0,1,false
3999,dlk_tbl_02762,1,0,1,false
4000,gob_tbl_00928,1,0,1,false
4001,m4sco_tbl_01617,1,0,1,false
4002,dlk_tbl_01966,1,0,1,false
4003,gob_tbl_03165,1,0,1,false
4004,dlk_tbl_04255,1,0,1,false
4005,dlk_tbl_01060,1,0,1,false
4006,dlk_tbl_00138,1,0,1,false
4007,dlk_tbl_03393,1,0,1,false
4008,proc_tbl_03638,1,0,1,false
4009,gob_tbl_02894,1,0,1,false
4010,dlk_tbl_00429,1,0,1,false
4011,gob_tbl_04338,1,0,1,false
4012,dlk_tbl_00849,1,0,1,false
4013,std_tbl_01319,1,0,1,false
4014,gob_tbl_03965,1,0,1,false
4015,gob_tbl_02606,1,0,1,false
4016,gob_tbl_01342,1,0,1,false
4017,proc_tbl_00167,1,0,1,false
4018,dlk_tbl_01714,1,0,1,false
4019,m4vw_tbl_02945,1,0,1,false
4020,gob_tbl_01175,1,0,1,false
4021,dlk_tbl_02757,1,0,1,false
4022,proc_tbl_04044,1,0,1,false
4023,gob_tbl_04089,1,0,1,false
4024,gob_tbl_03578,1,0,1,false
4025,dlk_tbl_02013,1,0,1,false
4026,gob_tbl_01353,1,0,1,false
4027,proc_tbl_00427,1,0,1,false
4028,dlk_tbl_03159,1,0,1,false
4029,dash_tbl_03990,1,0,1,false
4030,std_tbl_00288,1,0,1,false
4031,dash_tbl_01799,1,0,1,false
4032,gob_tbl_02106,1,0,1,false
4033,gob_tbl_00602,1,0,1,false
4034,dash_tbl_02865,1,0,1,false
4035,m4sco_ext_00019,1,1,0,false
4036,dlk_tbl_01766,1,0,1,false
4037,gob_tbl_02423,1,0,1,false
4038,gob_tbl_02673,1,0,1,false
4039,gob_tbl_03266,1,0,1,false
4040,gob_tbl_01292,1,0,1,false
4041,gob_tbl_00104,1,0,1,false
4042,gob_tbl_00052,1,0,1,false
4043,dlk_tbl_00694,1,0,1,false
4044,dlk_tbl_00625,1,0,1,false
4045,gob_tbl_04023,1,0,1,false
4046,gob_tbl_02928,1,0,1,false
4047,dlk_tbl_02951,1,0,1,false
4048,gob_tbl_03847,1,0,1,false
4049,dlk_tbl_02232,1,0,1,false
4050,gob_tbl_03259,1,0,1,false
4051,dlk_tbl_02032,1,0,1,false
4052,dlk_tbl_00696,1,0,1,false
4053,proc_tbl_02409,1,0,1,false
4054,gob_tbl_03088,1,0,1,false
4055,gob_tbl_00122,1,0,1,false
4056,gob_tbl_01031,1,0,1,false
4057,proc_tbl_01103,1,0,1,false
4058,dlk_tbl_03036,1,0,1,false
4059,proc_tbl_03593,1,0,1,false
4060,dlk_tbl_03788,1,0,1,false
4061,gob_tbl_01220,1,0,1,false
4062,dlk_tbl_00712,1,0,1,false
4063,dlk_tbl_01962,1,0,1,false
4064,gob_tbl_03715,1,0,1,false
4065,std_tbl_02252,1,0,1,false
4066,proc_tbl_00464,1,0,1,false
4067,m4sco_tbl_01340,1,0,1,false
4068,gob_tbl_02838,1,0,1,false
4069,gob_tbl_04316,1,0,1,false
4070,proc_tbl_02287,1,0,1,false
4071,dlk_tbl_03198,1,0,1,false
4072,dash_tbl_01678,1,0,1,false
4073,m4vw_tbl_00988,1,0,1,false
4074,dlk_tbl_02807,1,0,1,false
4075,gob_tbl_04171,1,0,1,false
4076,dlk_tbl_02303,1,0,1,false
4077,proc_tbl_00902,1,0,1,false
4078,dlk_tbl_00986,1,0,1,false
4079,dlk_tbl_01381,1,0,1,false
4080,gob_tbl_03582,1,0,1,false
4081,dlk_tbl_03358,1,0,1,false
4082,dlk_tbl_02241,1,0,1,false
4083,dash_tbl_02104,1,0,1,false
4084,dlk_tbl_04063,1,0,1,false
4085,dlk_tbl_02205,1,0,1,false
4086,dlk_tbl_02656,1,0,1,false
4087,dlk_tbl_01347,1,0,1,false
4088,gob_tbl_00775,1,0,1,false
4089,dash_tbl_03342,1,0,1,false
4090,gob_tbl_04122,1,0,1,false
4091,proc_tbl_00140,1,0,1,false
4092,gob_tbl_04084,1,0,1,false
4093,gob_tbl_01554,1,0,1,false
4094,proc_tbl_03241,1,0,1,false
4095,gob_tbl_03730,1,0,1,false
4096,dlk_tbl_02035,1,0,1,false
4097,dlk_tbl_02197,1,0,1,false
4098,gob_tbl_04286,1,0,1,false
4099,std_tbl_01184,1,0,1,false
4100,proc_tbl_00302,1,0,1,false
4101,dlk_tbl_00547,1,0,1,false
4102,dlk_tbl_03973,1,0,1,false
4103,dlk_tbl_03408,1,0,1,false
4104,gob_tbl_00448,1,0,1,false
4105,proc_tbl_00626,1,0,1,false
4106,dash_tbl_00365,1,0,1,false
4107,dlk_ext_00243,1,1,0,false
4108,dash_tbl_01313,1,0,1,false
4109,gob_tbl_01009,1,0,1,false
4110,dlk_tbl_04429,1,0,1,false
4111,proc_tbl_03149,1,0,1,false
4112,dlk_tbl_04067,1,0,1,false
4113,proc_tbl_01425,1,0,1,false
4114,proc_tbl_02005,1,0,1,false
4115,dlk_tbl_04349,1,0,1,false
4116,gob_tbl_01195,1,0,1,false
4117,dlk_tbl_02258,1,0,1,false
4118,dlk_tbl_02611,1,0,1,false
4119,dlk_tbl_02181,1,0,1,false
4120,proc_tbl_00825,1,0,1,false
4121,proc_tbl_03309,1,0,1,false
4122,proc_tbl_02537,1,0,1,false
4123,ppn_tbl_01545,1,0,1,false
4124,gob_tbl_02590,1,0,1,false
4125,gob_tbl_01081,1,0,1,false
4126,gob_tbl_01321,1,0,1,false
4127,dlk_tbl_03205,1,0,1,false
4128,dlk_tbl_03161,1,0,1,false
4129,dlk_tbl_01983,1,0,1,false
4130,proc_tbl_03440,1,0,1,false
4131,gob_tbl_04278,1,0,1,false
4132,dlk_tbl_03754,1,0,1,false
4133,dash_tbl_00771,1,0,1,false
4134,gob_tbl_01007,1,0,1,false
4135,dash_ext_00357,1,1,0,false
4136,proc_tbl_01762,1,0,1,false
4137,gob_tbl_03115,1,0,1,false
4138,proc_tbl_02308,1,0,1,false
4139,gob_tbl_01715,1,0,1,false
4140,dlk_tbl_04018,1,0,1,false
4141,dlk_tbl_01368,1,0,1,false
4142,dlk_tbl_04155,1,0,1,false
4143,ppn_tbl_02433,1,0,1,false
4144,m4vw_tbl_04045,1,0,1,false
4145,gob_tbl_03430,1,0,1,false
4146,gob_tbl_01707,1,0,1,false
4147,gob_tbl_00100,1,0,1,false
4148,proc_tbl_01454,1,0,1,false
4149,gob_tbl_02569,1,0,1,false
4150,proc_tbl_00033,1,0,1,false
4151,dlk_tbl_01493,1,0,1,false
4152,gob_tbl_02463,1,0,1,false
4153,dlk_tbl_00170,1,0,1,false
4154,proc_tbl_02455,1,0,1,false
4155,proc_tbl_02344,1,0,1,false
4156,proc_tbl_03251,1,0,1,false
4157,gob_tbl_01144,1,0,1,false
4158,gob_tbl_01935,1,0,1,false
4159,m4vw_tbl_00495,1,0,1,false
4160,gob_ext_00156,1,1,0,false
4161,proc_tbl_01392,1,0,1,false
4162,dlk_tbl_00665,1,0,1,false
4163,gob_tbl_04083,1,0,1,false
4164,dlk_tbl_03792,1,0,1,false
4165,dlk_tbl_03612,1,0,1,false
4166,dash_tbl_01730,1,0,1,false
4167,gob_tbl_03939,1,0,1,false
4168,proc_tbl_02505,1,0,1,false
4169,std_tbl_02679,1,0,1,false
4170,std_tbl_00641,1,0,1,false
4171,dlk_tbl_01442,1,0,1,false
4172,gob_tbl_00372,1,0,1,false
4173,gob_tbl_01586,1,0,1,false
4174,gob_tbl_02977,1,0,1,false
4175,proc_tbl_00314,1,0,1,false
4176,dlk_tbl_02131,1,0,1,false
4177,proc_tbl_04293,1,0,1,false
4178,gob_tbl_00420,1,0,1,false
4179,dlk_tbl_00449,1,0,1,false
4180,proc_tbl_02178,1,0,1,false
4181,gob_tbl_02309,1,0,1,false
4182,dash_tbl_00005,1,0,1,false
4183,std_tbl_04041,1,0,1,false
4184,dlk_tbl_01933,1,0,1,false
4185,dlk_tbl_03345,1,0,1,false
4186,dash_tbl_01509,1,0,1,false
4187,gob_tbl_00377,1,0,1,false
4188,gob_tbl_02270,1,0,1,false
4189,gob_tbl_03643,1,0,1,false
4190,gob_tbl_03879,1,0,1,false
4191,gob_tbl_02746,1,0,1,false
4192,dlk_tbl_04085,1,0,1,false
4193,gob_tbl_02380,1,0,1,false
4194,dlk_tbl_00512,1,0,1,false
4195,std_tbl_01744,1,0,1,false
4196,gob_tbl_03467,1,0,1,false
4197,gob_tbl_04216,1,0,1,false
4198,gob_tbl_04123,1,0,1,false
4199,dlk_tbl_03295,1,0,1,false
4200,dlk_tbl_02086,1,0,1,false
4201,dlk_tbl_02200,1,0,1,false
4202,dlk_tbl_00973,1,0,1,false
4203,gob_tbl_01921,1,0,1,false
4204,dlk_tbl_01086,1,0,1,false
4205,proc_tbl_02551,1,0,1,false
4206,gob_tbl_00909,1,0,1,false
4207,gob_tbl_00798,1,0,1,false
4208,proc_tbl_04265,1,0,1,false
4209,dlk_tbl_02375,1,0,1,false
4210,dash_tbl_03404,1,0,1,false
4211,dash_tbl_01015,1,0,1,false
4212,gob_tbl_02420,1,0,1,false
4213,dlk_tbl_02712,1,0,1,false
4214,dlk_tbl_01360,1,0,1,false
4215,gob_tbl_03065,1,0,1,false
4216,ppn_ext_00021,1,1,0,false
4217,gob_tbl_02990,1,0,1,false
4218,gob_tbl_01107,1,0,1,false
4219,dlk_tbl_00680,1,0,1,false
4220,gob_tbl_03212,1,0,1,false
4221,gob_tbl_02780,1,0,1,false
4222,dlk_tbl_01889,1,0,1,false
4223,dlk_tbl_02098,1,0,1,false
4224,proc_tbl_03716,1,0,1,false
4225,proc_tbl_03880,1,0,1,false
4226,gob_tbl_03783,1,0,1,false
4227,gob_tbl_03238,1,0,1,false
4228,proc_tbl_00134,1,0,1,false
4229,gob_tbl_02790,1,0,1,false
4230,dlk_tbl_02786,1,0,1,false
4231,gob_tbl_02158,1,0,1,false
4232,dash_tbl_03604,1,0,1,false
4233,dash_tbl_03083,1,0,1,false
4234,gob_tbl_04146,1,0,1,false
4235,gob_tbl_01609,1,0,1,false
4236,gob_tbl_02481,1,0,1,false
4237,dlk_tbl_00408,1,0,1,false
4238,std_tbl_02830,1,0,1,false
4239,std_tbl_04047,1,0,1,false
4240,gob_tbl_02544,1,0,1,false
4241,gob_ext_00337,1,1,0,false
4242,dlk_tbl_02652,1,0,1,false
4243,gob_tbl_03822,1,0,1,false
4244,gob_tbl_02306,1,0,1,false
4245,dlk_tbl_01569,1,0,1,false
4246,dlk_tbl_00749,1,0,1,false
4247,gob_tbl_00102,1,0,1,false
4248,gob_tbl_00845,1,0,1,false
4249,dash_tbl_00848,1,0,1,false
4250,dlk_tbl_03562,1,0,1,false
4251,dash_tbl_02937,1,0,1,false
4252,dlk_tbl_03972,1,0,1,false
4253,dlk_tbl_01267,1,0,1,false
4254,dlk_tbl_04287,1,0,1,false
4255,gob_tbl_03673,1,0,1,false
4256,dlk_tbl_03953,1,0,1,false
4257,proc_tbl_01002,1,0,1,false
4258,dlk_ext_00566,1,1,0,false
4259,dash_tbl_01444,1,0,1,false
4260,gob_tbl_00410,1,0,1,false
4261,dlk_tbl_00154,1,0,1,false
4262,proc_tbl_00593,1,0,1,false
4263,dlk_tbl_00844,1,0,1,false
4264,gob_tbl_03829,1,0,1,false
4265,m4vw_tbl_04114,1,0,1,false
4266,gob_ext_00439,1,1,0,false
4267,proc_tbl_02581,1,0,1,false
4268,dash_tbl_03794,1,0,1,false
4269,m4vw_tbl_02428,1,0,1,false
4270,std_tbl_03021,1,0,1,false
4271,gob_tbl_00833,1,0,1,false
4272,dlk_tbl_02655,1,0,1,false
4273,gob_tbl_01180,1,0,1,false
4274,dlk_tbl_04391,1,0,1,false
4275,dash_tbl_04091,1,0,1,false
4276,gob_tbl_03654,1,0,1,false
4277,gob_tbl_00951,1,0,1,false
4278,dlk_tbl_00306,1,0,1,false
4279,dlk_tbl_03803,1,0,1,false
4280,dash_tbl_02898,1,0,1,false
4281,gob_tbl_00364,1,0,1,false
4282,proc_tbl_04256,1,0,1,false
4283,dlk_tbl_04184,1,0,1,false
4284,gob_tbl_03426,1,0,1,false
4285,proc_tbl_01645,1,0,1,false
4286,proc_tbl_00536,1,0,1,false
4287,dash_tbl_02980,1,0,1,false
4288,dlk_tbl_03033,1,0,1,false
4289,dlk_tbl_03601,1,0,1,false
4290,dlk_tbl_01897,1,0,1,false
4291,gob_tbl_03181,1,0,1,false
4292,proc_tbl_00169,1,0,1,false
4293,dlk_tbl_00234,1,0,1,false
4294,dlk_tbl_02629,1,0,1,false
4295,gob_ext_00338,1,1,0,false
4296,dlk_tbl_01462,1,0,1,false
4297,gob_tbl_03458,1,0,1,false
4298,dlk_tbl_01704,1,0,1,false
4299,dlk_tbl_02543,1,0,1,false
4300,dlk_tbl_04112,1,0,1,false
4301,dash_tbl_02888,1,0,1,false
4302,dlk_tbl_00323,1,0,1,false
4303,proc_tbl_00473,1,0,1,false
4304,gob_tbl_00651,1,0,1,false
4305,dlk_tbl_00333,1,0,1,false
4306,proc_tbl_00702,1,0,1,false
4307,proc_tbl_03763,1,0,1,false
4308,dlk_tbl_00287,1,0,1,false
4309,gob_tbl_02560,1,0,1,false
4310,dlk_tbl_01565,1,0,1,false
4311,dash_tbl_00404,1,0,1,false
4312,proc_tbl_01652,1,0,1,false
4313,gob_tbl_02879,1,0,1,false
4314,gob_tbl_00510,1,0,1,false
4315,dlk_tbl_04352,1,0,1,false
4316,std_tbl_04128,1,0,1,false
4317,dlk_tbl_02509,1,0,1,false
4318,gob_tbl_00012,1,0,1,false
4319,dlk_tbl_01054,1,0,1,false
4320,m4sco_tbl_02527,1,0,1,false
4321,dlk_tbl_03779,1,0,1,false
4322,gob_tbl_03742,1,0,1,false
4323,proc_tbl_01326,1,0,1,false
4324,gob_tbl_02947,1,0,1,false
4325,dash_tbl_00366,1,0,1,false
4326,dlk_tbl_01193,1,0,1,false
4327,dlk_tbl_02458,1,0,1,false
4328,proc_tbl_01231,1,0,1,false
4329,dlk_tbl_03390,1,0,1,false
4330,gob_tbl_01570,1,0,1,false
4331,gob_tbl_01036,1,0,1,false
4332,proc_tbl_02643,1,0,1,false
4333,gob_tbl_04348,1,0,1,false
4334,dlk_tbl_03694,1,0,1,false
4335,proc_tbl_03113,1,0,1,false
4336,dlk_tbl_01882,1,0,1,false
4337,gob_tbl_03331,1,0,1,false
4338,m4vw_tbl_02020,1,0,1,false
4339,dash_tbl_04240,1,0,1,false
4340,dlk_tbl_03867,1,0,1,false
4341,dlk_tbl_00585,1,0,1,false
4342,gob_tbl_01639,1,0,1,false
4343,dlk_tbl_00688,1,0,1,false
4344,proc_tbl_00926,1,0,1,false
4345,gob_tbl_02861,1,0,1,false
4346,dlk_tbl_01717,1,0,1,false
4347,dash_tbl_04374,1,0,1,false
4348,gob_tbl_00611,1,0,1,false
4349,proc_tbl_03178,1,0,1,false
4350,gob_tbl_03160,1,0,1,false
4351,dlk_tbl_02738,1,0,1,false
4352,gob_tbl_01345,1,0,1,false
4353,gob_tbl_02754,1,0,1,false
4354,gob_tbl_02069,1,0,1,false
4355,gob_tbl_01016,1,0,1,false
4356,ppn_tbl_04090,1,0,1,false
4357,proc_tbl_01254,1,0,1,false
4358,dash_tbl_03194,1,0,1,false
4359,m4vw_tbl_00873,1,0,1,false
4360,gob_tbl_01778,1,0,1,false
4361,dlk_tbl_04079,1,0,1,false
4362,dlk_tbl_01384,1,0,1,false
4363,dlk_tbl_04471,1,0,1,false
4364,std_tbl_03504,1,0,1,false
4365,dlk_tbl_00701,1,0,1,false
4366,dlk_tbl_00006,1,0,1,false
4367,dlk_tbl_04229,1,0,1,false
4368,gob_tbl_04491,1,0,1,false
4369,gob_tbl_03177,1,0,1,false
4370,dlk_tbl_01623,1,0,1,false
4371,dlk_tbl_02302,1,0,1,false
4372,dlk_tbl_03403,1,0,1,false
4373,dlk_tbl_00913,1,0,1,false
4374,proc_tbl_00434,1,0,1,false
4375,proc_tbl_01972,1,0,1,false
4376,dlk_tbl_00021,1,0,1,false
4377,proc_tbl_00389,1,0,1,false
4378,proc_tbl_00444,1,0,1,false
4379,dlk_tbl_03769,1,0,1,false
4380,dlk_tbl_03019,1,0,1,false
4381,dash_tbl_02671,1,0,1,false
4382,dlk_tbl_03068,1,0,1,false
4383,proc_tbl_02057,1,0,1,false
4384,gob_tbl_01388,1,0,1,false
4385,dlk_tbl_00267,1,0,1,false
4386,dash_tbl_03708,1,0,1,false
4387,dlk_tbl_02817,1,0,1,false
4388,dlk_tbl_01986,1,0,1,false
4389,proc_tbl_03007,1,0,1,false
4390,dlk_tbl_02516,1,0,1,false
4391,proc_ext_00213,1,1,0,false
4392,gob_tbl_01603,1,0,1,false
4393,dlk_tbl_01050,1,0,1,false
4394,dlk_tbl_00082,1,0,1,false
4395,proc_tbl_01065,1,0,1,false
4396,dlk_tbl_01429,1,0,1,false
4397,dlk_tbl_02151,1,0,1,false
4398,dlk_tbl_00553,1,0,1,false
4399,dlk_tbl_02840,1,0,1,false
4400,gob_tbl_00103,1,0,1,false
4401,proc_tbl_02418,1,0,1,false
4402,gob_tbl_01415,1,0,1,false
4403,dlk_tbl_01214,1,0,1,false
4404,dlk_tbl_01814,1,0,1,false
4405,gob_tbl_03008,1,0,1,false
4406,dlk_tbl_03762,1,0,1,false
4407,gob_tbl_03574,1,0,1,false
4408,gob_tbl_03157,1,0,1,false
4409,gob_tbl_02704,1,0,1,false
4410,dash_tbl_03738,1,0,1,false
4411,dlk_tbl_02074,1,0,1,false
4412,gob_tbl_03823,1,0,1,false
4413,dlk_tbl_00249,1,0,1,false
4414,dlk_tbl_01296,1,0,1,false
4415,std_tbl_00896,1,0,1,false
4416,gob_tbl_01523,1,0,1,false
4417,dlk_tbl_02791,1,0,1,false
4418,dlk_tbl_02083,1,0,1,false
4419,gob_tbl_03329,1,0,1,false
4420,gob_tbl_01579,1,0,1,false
4421,dlk_tbl_01740,1,0,1,false
4422,dash_tbl_03464,1,0,1,false
4423,dlk_tbl_02617,1,0,1,false
4424,proc_tbl_01693,1,0,1,false
4425,dlk_tbl_03866,1,0,1,false
4426,dlk_tbl_03432,1,0,1,false
4427,dlk_tbl_01288,1,0,1,false
4428,proc_tbl_02247,1,0,1,false
4429,gob_tbl_00600,1,0,1,false
4430,proc_tbl_04412,1,0,1,false
4431,gob_tbl_02969,1,0,1,false
4432,dlk_tbl_01954,1,0,1,false
4433,dash_tbl_02328,1,0,1,false
4434,dlk_tbl_02835,1,0,1,false
4435,gob_tbl_04172,1,0,1,false
4436,dlk_tbl_03817,1,0,1,false
4437,dlk_tbl_04232,1,0,1,false
4438,dlk_tbl_00475,1,0,1,false
4439,proc_tbl_04055,1,0,1,false
4440,dlk_tbl_02122,1,0,1,false
4441,gob_tbl_01537,1,0,1,false
4442,gob_tbl_01576,1,0,1,false
4443,gob_tbl_02031,1,0,1,false
4444,gob_tbl_04028,1,0,1,false
4445,gob_tbl_01041,1,0,1,false
4446,gob_tbl_03287,1,0,1,false
4447,dlk_tbl_02570,1,0,1,false
4448,gob_tbl_01310,1,0,1,false
4449,proc_tbl_01833,1,0,1,false
4450,proc_tbl_03013,1,0,1,false
4451,dlk_tbl_00750,1,0,1,false
4452,gob_tbl_00781,1,0,1,false
4453,dlk_tbl_02559,1,0,1,false
4454,proc_tbl_03231,1,0,1,false
4455,dlk_tbl_01206,1,0,1,false
4456,proc_tbl_02614,1,0,1,false
4457,proc_tbl_03437,1,0,1,false
4458,dlk_tbl_00442,1,0,1,false
4459,dlk_tbl_03996,1,0,1,false
4460,gob_tbl_03091,1,0,1,false
4461,gob_tbl_03580,1,0,1,false
4462,proc_tbl_01283,1,0,1,false
4463,gob_tbl_01176,1,0,1,false
4464,proc_tbl_02526,1,0,1,false
4465,dlk_tbl_04487,1,0,1,false
4466,proc_tbl_03975,1,0,1,false
4467,gob_ext_00217,1,1,0,false
4468,gob_tbl_00003,1,0,1,false
4469,gob_tbl_03697,1,0,1,false
4470,dlk_tbl_03588,1,0,1,false
4471,gob_tbl_03589,1,0,1,false
4472,gob_tbl_02210,1,0,1,false
4473,dlk_tbl_01518,1,0,1,false
4474,dlk_tbl_03959,1,0,1,false
4475,gob_tbl_02858,1,0,1,false
4476,proc_tbl_04467,1,0,1,false
4477,dlk_tbl_03599,1,0,1,false
4478,gob_tbl_03786,1,0,1,false
4479,std_tbl_03747,1,0,1,false
4480,dlk_tbl_04490,1,0,1,false
4481,gob_tbl_04230,1,0,1,false
4482,gob_tbl_02564,1,0,1,false
4483,m4vw_tbl_03875,1,0,1,false
4484,gob_tbl_03935,1,0,1,false
4485,proc_tbl_04182,1,0,1,false
4486,gob_tbl_03123,1,0,1,false
4487,proc_tbl_04203,1,0,1,false
4488,dlk_tbl_00031,1,0,1,false
4489,gob_tbl_00523,1,0,1,false
4490,m4sco_tbl_04068,1,0,1,false
4491,std_tbl_00867,1,0,1,false
4492,gob_tbl_02445,1,0,1,false
4493,gob_tbl_01397,1,0,1,false
4494,proc_tbl_01280,1,0,1,false
4495,dash_tbl_04362,1,0,1,false
4496,gob_tbl_03797,1,0,1,false
4497,gob_tbl_01494,1,0,1,false
4498,gob_tbl_01274,1,0,1,false
4499,gob_tbl_02028,1,0,1,false
4500,gob_tbl_02907,1,0,1,false
4501,gob_tbl_01361,1,0,1,false
4502,gob_tbl_04346,1,0,1,false
4503,gob_tbl_00788,1,0,1,false
4504,gob_tbl_02776,1,0,1,false
4505,dlk_tbl_00344,1,0,1,false
4506,dlk_tbl_04106,1,0,1,false
4507,proc_tbl_03554,1,0,1,false
4508,proc_tbl_02588,1,0,1,false
4509,std_tbl_02326,1,0,1,false
4510,proc_tbl_02154,1,0,1,false
4511,dlk_tbl_02871,1,0,1,false
4512,proc_tbl_01290,1,0,1,false
4513,dlk_tbl_04134,1,0,1,false
4514,gob_tbl_03082,1,0,1,false
4515,proc_tbl_00023,1,0,1,false
4516,gob_tbl_02533,1,0,1,false
4517,gob_tbl_04403,1,0,1,false
4518,gob_tbl_01899,1,0,1,false
4519,std_tbl_01473,1,0,1,false
4520,proc_tbl_00486,1,0,1,false
4521,std_tbl_00206,1,0,1,false
4522,dlk_tbl_01656,1,0,1,false
4523,dash_tbl_00210,1,0,1,false
4524,gob_tbl_04176,1,0,1,false
4525,dlk_tbl_03653,1,0,1,false
4526,dlk_tbl_03532,1,0,1,false
4527,dash_tbl_01508,1,0,1,false
4528,gob_tbl_01197,1,0,1,false
4529,gob_tbl_02042,1,0,1,false
4530,m4vw_ext_00363,1,1,0,false
4531,proc_tbl_04152,1,0,1,false
4532,proc_tbl_01695,1,0,1,false
4533,dlk_tbl_04322,1,0,1,false
4534,dlk_tbl_00643,1,0,1,false
4535,m4sco_tbl_02447,1,0,1,false
4536,dlk_tbl_00594,1,0,1,false
4537,gob_tbl_00756,1,0,1,false
4538,gob_tbl_01298,1,0,1,false
4539,proc_tbl_00806,1,0,1,false
4540,proc_tbl_01571,1,0,1,false
4541,gob_tbl_01189,1,0,1,false
4542,dlk_tbl_00371,1,0,1,false
4543,gob_tbl_01916,1,0,1,false
4544,dlk_tbl_03541,1,0,1,false
4545,gob_tbl_04243,1,0,1,false
4546,gob_tbl_01539,1,0,1,false
4547,dlk_tbl_03557,1,0,1,false
4548,ppn_tbl_01820,1,0,1,false
4549,dlk_tbl_01701,1,0,1,false
4550,gob_tbl_01356,1,0,1,false
4551,dlk_tbl_02828,1,0,1,false
4552,gob_tbl_01049,1,0,1,false
4553,dash_tbl_01776,1,0,1,false
4554,dlk_tbl_04235,1,0,1,false
4555,proc_tbl_00537,1,0,1,false
4556,gob_tbl_02376,1,0,1,false
4557,dlk_tbl_02651,1,0,1,false
4558,gob_tbl_00340,1,0,1,false
4559,dash_tbl_01095,1,0,1,false
4560,gob_tbl_02547,1,0,1,false
4561,gob_tbl_00025,1,0,1,false
4562,proc_tbl_01346,1,0,1,false
4563,dlk_tbl_00689,1,0,1,false
4564,dlk_tbl_00989,1,0,1,false
4565,dlk_tbl_00177,1,0,1,false
4566,proc_tbl_01366,1,0,1,false
4567,dlk_tbl_02475,1,0,1,false
4568,gob_tbl_00415,1,0,1,false
4569,gob_tbl_03911,1,0,1,false
4570,gob_tbl_03782,1,0,1,false
4571,dlk_tbl_02942,1,0,1,false
4572,dlk_tbl_03293,1,0,1,false
4573,gob_tbl_01886,1,0,1,false
4574,m4sco_ext_00314,1,1,0,false
4575,dlk_tbl_03871,1,0,1,false
4576,proc_tbl_00784,1,0,1,false
4577,dash_tbl_00270,1,0,1,false
4578,dlk_tbl_00891,1,0,1,false
4579,dlk_tbl_01748,1,0,1,false
4580,dlk_tbl_02204,1,0,1,false
4581,gob_tbl_00990,1,0,1,false
4582,gob_tbl_01815,1,0,1,false
4583,proc_ext_00624,1,1,0,false
4584,dlk_tbl_01852,1,0,1,false
4585,dlk_tbl_00944,1,0,1,false
4586,dlk_tbl_03039,1,0,1,false
4587,m4vw_tbl_02957,1,0,1,false
4588,dlk_tbl_01417,1,0,1,false
4589,dlk_tbl_04174,1,0,1,false
4590,dlk_tbl_03661,1,0,1,false
4591,dlk_tbl_03190,1,0,1,false
4592,proc_tbl_03012,1,0,1,false
4593,dash_tbl_01431,1,0,1,false
4594,gob_tbl_02103,1,0,1,false
4595,dlk_tbl_03584,1,0,1,false
4596,ppn_tbl_00813,1,0,1,false
4597,dlk_tbl_04475,1,0,1,false
4598,dlk_tbl_02508,1,0,1,false
4599,gob_tbl_00132,1,0,1,false
4600,dlk_tbl_03814,1,0,1,false
4601,gob_tbl_00357,1,0,1,false
4602,gob_tbl_01789,1,0,1,false
4603,m4sco_tbl_00980,1,0,1,false
4604,dash_tbl_03810,1,0,1,false
4605,gob_tbl_01608,1,0,1,false
4606,dlk_tbl_03764,1,0,1,false
4607,dlk_tbl_03380,1,0,1,false
4608,dash_tbl_00214,1,0,1,false
4609,dlk_tbl_04341,1,0,1,false
4610,dash_tbl_04199,1,0,1,false
4611,gob_tbl_00075,1,0,1,false
4612,gob_tbl_03182,1,0,1,false
4613,dlk_tbl_00342,1,0,1,false
4614,dash_tbl_04238,1,0,1,false
4615,gob_tbl_04117,1,0,1,false
4616,std_tbl_01488,1,0,1,false
4617,dlk_tbl_03913,1,0,1,false
4618,gob_tbl_02383,1,0,1,false
4619,dash_tbl_01405,1,0,1,false
4620,dlk_tbl_01805,1,0,1,false
4621,gob_tbl_00635,1,0,1,false
4622,m4vw_tbl_02249,1,0,1,false
4623,gob_ext_00296,1,1,0,false
4624,gob_tbl_00573,1,0,1,false
4625,dlk_tbl_00452,1,0,1,false
4626,gob_tbl_00261,1,0,1,false
4627,dlk_tbl_02242,1,0,1,false
4628,dlk_tbl_03709,1,0,1,false
4629,proc_tbl_01367,1,0,1,false
4630,proc_tbl_01474,1,0,1,false
4631,dlk_tbl_04450,1,0,1,false
4632,gob_tbl_01552,1,0,1,false
4633,dlk_tbl_03332,1,0,1,false
4634,gob_tbl_04423,1,0,1,false
4635,gob_tbl_04093,1,0,1,false
4636,dash_tbl_01753,1,0,1,false
4637,gob_ext_00024,1,1,0,false
4638,gob_tbl_00732,1,0,1,false
4639,proc_tbl_03109,1,0,1,false
4640,proc_tbl_00361,1,0,1,false
4641,gob_tbl_03325,1,0,1,false
4642,ppn_tbl_00207,1,0,1,false
4643,gob_tbl_03418,1,0,1,false
4644,dlk_tbl_03844,1,0,1,false
4645,proc_tbl_00763,1,0,1,false
4646,gob_ext_00322,1,1,0,false
4647,proc_tbl_02286,1,0,1,false
4648,gob_tbl_03242,1,0,1,false
4649,gob_tbl_03461,1,0,1,false
4650,gob_tbl_00240,1,0,1,false
4651,dlk_tbl_02043,1,0,1,false
4652,proc_tbl_02525,1,0,1,false
4653,proc_tbl_00447,1,0,1,false
4654,dash_tbl_00824,1,0,1,false
4655,dlk_tbl_03659,1,0,1,false
4656,gob_tbl_04015,1,0,1,false
4657,gob_tbl_03887,1,0,1,false
4658,gob_tbl_03383,1,0,1,false
4659,gob_tbl_02335,1,0,1,false
4660,gob_tbl_03398,1,0,1,false
4661,gob_tbl_01531,1,0,1,false
4662,dlk_tbl_02644,1,0,1,false
4663,dlk_tbl_03881,1,0,1,false
4664,dlk_tbl_00713,1,0,1,false
4665,proc_tbl_02683,1,0,1,false
4666,dlk_tbl_04359,1,0,1,false
4667,std_tbl_02467,1,0,1,false
4668,proc_tbl_03457,1,0,1,false
4669,dash_tbl_03587,1,0,1,false
4670,dlk_tbl_00119,1,0,1,false
4671,gob_tbl_00912,1,0,1,false
4672,gob_tbl_01999,1,0,1,false
4673,dlk_tbl_02115,1,0,1,false
4674,dlk_tbl_03787,1,0,1,false
4675,gob_tbl_03646,1,0,1,false
4676,gob_tbl_02710,1,0,1,false
4677,proc_tbl_03336,1,0,1,false
4678,gob_tbl_00580,1,0,1,false
4679,std_tbl_03806,1,0,1,false
4680,dlk_tbl_04280,1,0,1,false
4681,dlk_tbl_03572,1,0,1,false
4682,proc_tbl_00731,1,0,1,false
4683,gob_tbl_01335,1,0,1,false
4684,gob_tbl_00836,1,0,1,false
4685,proc_tbl_00011,1,0,1,false
4686,proc_tbl_00228,1,0,1,false
4687,dlk_tbl_02885,1,0,1,false
4688,m4sco_tbl_03611,1,0,1,false
4689,gob_tbl_01521,1,0,1,false
4690,gob_tbl_00139,1,0,1,false
4691,dlk_tbl_01259,1,0,1,false
4692,proc_tbl_01769,1,0,1,false
4693,dlk_tbl_03244,1,0,1,false
4694,dlk_tbl_03914,1,0,1,false
4695,gob_tbl_00508,1,0,1,false
4696,dlk_tbl_04197,1,0,1,false
4697,dlk_tbl_01808,1,0,1,false
4698,gob_tbl_03547,1,0,1,false
4699,gob_tbl_04110,1,0,1,false
4700,proc_tbl_02482,1,0,1,false
4701,gob_tbl_01757,1,0,1,false
4702,dash_tbl_00655,1,0,1,false
4703,gob_tbl_02759,1,0,1,false
4704,dlk_tbl_02705,1,0,1,false
4705,gob_tbl_01271,1,0,1,false
4706,proc_tbl_01919,1,0,1,false
4707,gob_tbl_03355,1,0,1,false
4708,gob_tbl_01063,1,0,1,false
4709,gob_tbl_02808,1,0,1,false
4710,dlk_tbl_01223,1,0,1,false
4711,gob_tbl_00316,1,0,1,false
4712,std_tbl_00251,1,0,1,false
4713,gob_tbl_00126,1,0,1,false
4714,proc_tbl_01465,1,0,1,false
4715,dlk_tbl_04149,1,0,1,false
4716,gob_tbl_04222,1,0,1,false
4717,gob_tbl_03268,1,0,1,false
4718,proc_tbl_02015,1,0,1,false
4719,dlk_tbl_01939,1,0,1,false
4720,dlk_tbl_01928,1,0,1,false
4721,proc_tbl_00471,1,0,1,false
4722,dlk_ext_00068,1,1,0,false
4723,dlk_tbl_04319,1,0,1,false
4724,proc_tbl_02469,1,0,1,false
4725,gob_tbl_02799,1,0,1,false
4726,dlk_tbl_00277,1,0,1,false
4727,dlk_tbl_04485,1,0,1,false
4728,gob_tbl_02079,1,0,1,false
4729,proc_tbl_03035,1,0,1,false
4730,dlk_tbl_01923,1,0,1,false
4731,dash_tbl_03351,1,0,1,false
4732,proc_tbl_03316,1,0,1,false
4733,dlk_tbl_02520,1,0,1,false
4734,gob_tbl_00528,1,0,1,false
4735,proc_tbl_00761,1,0,1,false
4736,std_tbl_04039,1,0,1,false
4737,gob_tbl_01159,1,0,1,false
4738,dash_tbl_03407,1,0,1,false
4739,gob_tbl_04120,1,0,1,false
4740,dlk_tbl_00815,1,0,1,false
4741,proc_tbl_01671,1,0,1,false
4742,dlk_tbl_00976,1,0,1,false
4743,dlk_tbl_00957,1,0,1,false
4744,gob_tbl_01817,1,0,1,false
4745,dash_tbl_01666,1,0,1,false
4746,dlk_tbl_01479,1,0,1,false
4747,gob_tbl_03899,1,0,1,false
4748,gob_tbl_01190,1,0,1,false
4749,dlk_tbl_03827,1,0,1,false
4750,proc_tbl_02271,1,0,1,false
4751,proc_tbl_02391,1,0,1,false
4752,dash_tbl_01052,1,0,1,false
4753,gob_tbl_04418,1,0,1,false
4754,dlk_tbl_01068,1,0,1,false
4755,dlk_tbl_01404,1,0,1,false
4756,dlk_tbl_03230,1,0,1,false
4757,std_tbl_03909,1,0,1,false
4758,proc_tbl_01108,1,0,1,false
4759,dlk_tbl_03459,1,0,1,false
4760,dlk_tbl_02358,1,0,1,false
4761,gob_tbl_03585,1,0,1,false
4762,gob_tbl_00195,1,0,1,false
4763,gob_tbl_01218,1,0,1,false
4764,dlk_tbl_02192,1,0,1,false
4765,gob_tbl_02262,1,0,1,false
4766,proc_tbl_01408,1,0,1,false
4767,dlk_tbl_00667,1,0,1,false
4768,gob_tbl_02220,1,0,1,false
4769,dlk_tbl_00079,1,0,1,false
4770,proc_tbl_02867,1,0,1,false
4771,proc_tbl_03018,1,0,1,false
4772,dlk_tbl_01343,1,0,1,false
4773,std_tbl_01379,1,0,1,false
4774,gob_tbl_04073,1,0,1,false
4775,dash_tbl_04002,1,0,1,false
4776,gob_tbl_04350,1,0,1,false
4777,dash_tbl_02691,1,0,1,false
4778,dlk_tbl_01045,1,0,1,false
4779,dlk_tbl_04248,1,0,1,false
4780,proc_tbl_02483,1,0,1,false
4781,gob_tbl_04321,1,0,1,false
4782,proc_tbl_02676,1,0,1,false
4783,proc_tbl_00439,1,0,1,false
4784,gob_tbl_01266,1,0,1,false
4785,gob_tbl_00515,1,0,1,false
4786,dash_tbl_04458,1,0,1,false
4787,proc_tbl_04078,1,0,1,false
4788,dlk_tbl_00827,1,0,1,false
4789,dlk_tbl_02506,1,0,1,false
4790,m4vw_tbl_00525,1,0,1,false
4791,dlk_tbl_04188,1,0,1,false
4792,std_tbl_01421,1,0,1,false
4793,dlk_tbl_02207,1,0,1,false
4794,dlk_tbl_01584,1,0,1,false
4795,gob_tbl_00669,1,0,1,false
4796,dash_tbl_01927,1,0,1,false
4797,proc_tbl_01655,1,0,1,false
4798,dlk_tbl_01548,1,0,1,false
4799,proc_tbl_00569,1,0,1,false
4800,dlk_tbl_02620,1,0,1,false
4801,gob_tbl_03566,1,0,1,false
4802,dlk_tbl_00027,1,0,1,false
4803,gob_tbl_02731,1,0,1,false
4804,gob_tbl_03893,1,0,1,false
4805,dlk_tbl_02272,1,0,1,false
4806,gob_tbl_03544,1,0,1,false
4807,dlk_tbl_00056,1,0,1,false
4808,dlk_tbl_01654,1,0,1,false
4809,dlk_ext_00605,1,1,0,false
4810,dash_tbl_01085,1,0,1,false
4811,dlk_tbl_00586,1,0,1,false
4812,dash_tbl_00728,1,0,1,false
4813,proc_tbl_02529,1,0,1,false
4814,dash_tbl_00045,1,0,1,false
4815,dlk_tbl_01448,1,0,1,false
4816,gob_tbl_00040,1,0,1,false
4817,gob_tbl_01826,1,0,1,false
4818,gob_tbl_01090,1,0,1,false
4819,dlk_tbl_00676,1,0,1,false
4820,gob_tbl_01226,1,0,1,false
4821,gob_tbl_00656,1,0,1,false
4822,gob_tbl_01040,1,0,1,false
4823,dash_tbl_02298,1,0,1,false
4824,gob_tbl_03261,1,0,1,false
4825,gob_tbl_02632,1,0,1,false
4826,gob_tbl_03386,1,0,1,false
4827,gob_tbl_02961,1,0,1,false
4828,gob_tbl_03365,1,0,1,false
4829,std_tbl_00812,1,0,1,false
4830,dlk_tbl_01807,1,0,1,false
4831,gob_tbl_02507,1,0,1,false
4832,gob_tbl_02346,1,0,1,false
4833,dash_tbl_01393,1,0,1,false
4834,gob_tbl_02102,1,0,1,false
4835,dlk_tbl_03781,1,0,1,false
4836,dash_tbl_01632,1,0,1,false
4837,gob_tbl_03423,1,0,1,false
4838,dlk_tbl_00800,1,0,1,false
4839,proc_tbl_03946,1,0,1,false
4840,proc_tbl_02336,1,0,1,false
4841,gob_tbl_00350,1,0,1,false
4842,dlk_tbl_01211,1,0,1,false
4843,dlk_tbl_01083,1,0,1,false
4844,dlk_tbl_00847,1,0,1,false
4845,gob_tbl_01348,1,0,1,false
4846,proc_tbl_00474,1,0,1,false
4847,gob_tbl_03548,1,0,1,false
4848,dlk_tbl_02065,1,0,1,false
4849,proc_tbl_03086,1,0,1,false
4850,dash_tbl_03667,1,0,1,false
4851,dlk_tbl_03099,1,0,1,false
4852,dlk_tbl_03001,1,0,1,false
4853,dlk_ext_00452,1,1,0,false
4854,gob_ext_00248,1,1,0,false
4855,proc_tbl_01697,1,0,1,false
4856,dlk_tbl_04136,1,0,1,false
4857,m4sco_tbl_02654,1,0,1,false
4858,gob_tbl_04276,1,0,1,false
4859,proc_tbl_01486,1,0,1,false
4860,gob_tbl_01122,1,0,1,false
4861,dlk_tbl_01504,1,0,1,false
4862,dash_tbl_01385,1,0,1,false
4863,m4vw_tbl_03860,1,0,1,false
4864,gob_tbl_00734,1,0,1,false
4865,dlk_tbl_02908,1,0,1,false
4866,gob_tbl_04263,1,0,1,false
4867,dlk_tbl_04231,1,0,1,false
4868,proc_tbl_02939,1,0,1,false
4869,proc_tbl_01123,1,0,1,false
4870,dlk_tbl_02777,1,0,1,false
4871,proc_tbl_00924,1,0,1,false
4872,gob_tbl_01500,1,0,1,false
4873,dlk_tbl_01987,1,0,1,false
4874,gob_tbl_01409,1,0,1,false
4875,gob_tbl_00479,1,0,1,false
4876,gob_tbl_01806,1,0,1,false
4877,proc_tbl_01752,1,0,1,false
4878,gob_tbl_01243,1,0,1,false
4879,gob_tbl_04470,1,0,1,false
4880,dlk_tbl_04034,1,0,1,false
4881,gob_tbl_02665,1,0,1,false
4882,dlk_tbl_01760,1,0,1,false
4883,dash_tbl_03681,1,0,1,false
4884,dlk_tbl_02959,1,0,1,false
4885,m4sco_tbl_02857,1,0,1,false
4886,gob_tbl_02761,1,0,1,false
4887,std_tbl_00979,1,0,1,false
4888,dlk_tbl_02491,1,0,1,false
4889,gob_tbl_03347,1,0,1,false
4890,std_tbl_01782,1,0,1,false
4891,proc_tbl_02313,1,0,1,false
4892,gob_tbl_03338,1,0,1,false
4893,gob_tbl_00445,1,0,1,false
4894,dlk_tbl_00451,1,0,1,false
4895,gob_tbl_00268,1,0,1,false
4896,gob_tbl_03805,1,0,1,false
4897,gob_tbl_00441,1,0,1,false
4898,dlk_tbl_04116,1,0,1,false
4899,gob_tbl_00076,1,0,1,false
4900,dash_tbl_04242,1,0,1,false
4901,proc_tbl_03061,1,0,1,false
4902,gob_tbl_02884,1,0,1,false
4903,dash_tbl_03427,1,0,1,false
4904,proc_tbl_03130,1,0,1,false
4905,dlk_tbl_00614,1,0,1,false
4906,std_tbl_00307,1,0,1,false
4907,gob_tbl_02720,1,0,1,false
4908,std_tbl_02162,1,0,1,false
4909,dlk_tbl_00552,1,0,1,false
4910,gob_tbl_04025,1,0,1,false
4911,gob_tbl_02874,1,0,1,false
4912,gob_tbl_03122,1,0,1,false
4913,dash_tbl_01039,1,0,1,false
4914,dlk_tbl_00617,1,0,1,false
4915,dlk_tbl_00810,1,0,1,false
4916,gob_tbl_04443,1,0,1,false
4917,dlk_tbl_01938,1,0,1,false
4918,gob_tbl_00265,1,0,1,false
4919,gob_tbl_01416,1,0,1,false
4920,dlk_tbl_00605,1,0,1,false
4921,proc_tbl_01615,1,0,1,false
4922,gob_tbl_04247,1,0,1,false
4923,dlk_tbl_02436,1,0,1,false
4924,proc_tbl_02603,1,0,1,false
4925,gob_tbl_01575,1,0,1,false
4926,dlk_tbl_01463,1,0,1,false
4927,proc_tbl_02783,1,0,1,false
4928,proc_tbl_02386,1,0,1,false
4929,dlk_tbl_01461,1,0,1,false
4930,gob_tbl_03581,1,0,1,false
4931,proc_tbl_01286,1,0,1,false
4932,gob_tbl_01185,1,0,1,false
4933,gob_tbl_01680,1,0,1,false
4934,gob_tbl_02290,1,0,1,false
4935,gob_tbl_03684,1,0,1,false
4936,dlk_tbl_02707,1,0,1,false
4937,gob_tbl_02818,1,0,1,false
4938,dlk_tbl_03510,1,0,1,false
4939,gob_tbl_03350,1,0,1,false
4940,dlk_tbl_02077,1,0,1,false
4941,gob_tbl_00921,1,0,1,false
4942,proc_tbl_00517,1,0,1,false
4943,gob_tbl_01705,1,0,1,false
4944,gob_tbl_02798,1,0,1,false
4945,dlk_tbl_02685,1,0,1,false
4946,proc_tbl_00695,1,0,1,false
4947,dash_tbl_03451,1,0,1,false
4948,dlk_tbl_00917,1,0,1,false
4949,proc_tbl_01903,1,0,1,false
4950,dlk_tbl_03041,1,0,1,false
4951,gob_tbl_04397,1,0,1,false
4952,dlk_ext_00148,1,1,0,false
4953,dlk_tbl_01629,1,0,1,false
4954,gob_tbl_03006,1,0,1,false
4955,gob_tbl_02552,1,0,1,false
4956,m4vw_tbl_00914,1,0,1,false
4957,dash_tbl_00107,1,0,1,false
4958,dlk_tbl_00977,1,0,1,false
4959,gob_tbl_02686,1,0,1,false
4960,gob_tbl_04252,1,0,1,false
4961,dlk_tbl_01581,1,0,1,false
4962,dlk_tbl_01386,1,0,1,false
4963,proc_tbl_01669,1,0,1,false
4964,gob_tbl_04042,1,0,1,false
4965,dlk_tbl_04331,1,0,1,false
4966,proc_tbl_01503,1,0,1,false
4967,gob_tbl_00820,1,0,1,false
4968,proc_tbl_03444,1,0,1,false
4969,dash_tbl_02587,1,0,1,false
4970,gob_tbl_00884,1,0,1,false
4971,gob_tbl_04273,1,0,1,false
4972,proc_tbl_02821,1,0,1,false
4973,dlk_tbl_00693,1,0,1,false
4974,dlk_tbl_00324,1,0,1,false
4975,dlk_tbl_02076,1,0,1,false
4976,dlk_tbl_01066,1,0,1,false
4977,gob_tbl_02191,1,0,1,false
4978,dlk_tbl_01596,1,0,1,false
4979,gob_tbl_00735,1,0,1,false
4980,proc_tbl_00779,1,0,1,false
4981,dlk_tbl_02132,1,0,1,false
4982,dlk_tbl_03577,1,0,1,false
4983,dlk_tbl_04076,1,0,1,false
4984,dlk_tbl_01062,1,0,1,false
4985,dlk_tbl_04460,1,0,1,false
4986,gob_tbl_01121,1,0,1,false
4987,dlk_tbl_03986,1,0,1,false
4988,dlk_tbl_02130,1,0,1,false
4989,gob_tbl_00112,1,0,1,false
4990,dlk_tbl_03299,1,0,1,false
4991,gob_tbl_02750,1,0,1,false
4992,gob_tbl_01905,1,0,1,false
4993,dlk_tbl_02752,1,0,1,false
4994,gob_tbl_03652,1,0,1,false
4995,gob_tbl_00216,1,0,1,false
4996,dlk_tbl_00601,1,0,1,false
4997,gob_tbl_00243,1,0,1,false
4998,gob_tbl_00087,1,0,1,false
4999,dash_tbl_00835,1,0,1,false
5000,gob_tbl_01219,1,0,1,false
5001,gob_tbl_01023,1,0,1,false
5002,gob_tbl_04488,1,0,1,false
5003,gob_tbl_00257,1,0,1,false
5004,dlk_tbl_03054,1,0,1,false
5005,dlk_tbl_03812,1,0,1,false
5006,dlk_tbl_02183,1,0,1,false
5007,dlk_tbl_04365,1,0,1,false
5008,dlk_tbl_00055,1,0,1,false
5009,dlk_tbl_02218,1,0,1,false
5010,dlk_tbl_02631,1,0,1,false
5011,gob_tbl_02682,1,0,1,false
5012,gob_tbl_00747,1,0,1,false
5013,dlk_tbl_02896,1,0,1,false
5014,gob_tbl_04303,1,0,1,false
5015,gob_tbl_04217,1,0,1,false
5016,gob_tbl_00880,1,0,1,false
5017,dlk_tbl_04354,1,0,1,false
5018,proc_tbl_03884,1,0,1,false
5019,proc_tbl_01530,1,0,1,false
5020,dlk_tbl_01328,1,0,1,false
5021,gob_tbl_02546,1,0,1,false
5022,dash_tbl_04309,1,0,1,false
5023,gob_tbl_04233,1,0,1,false
5024,proc_tbl_00019,1,0,1,false
5025,dlk_tbl_02664,1,0,1,false
5026,gob_tbl_01100,1,0,1,false
5027,dash_tbl_01533,1,0,1,false
5028,dlk_tbl_01564,1,0,1,false
5029,gob_tbl_00823,1,0,1,false
5030,gob_tbl_03466,1,0,1,false
5031,dlk_tbl_02955,1,0,1,false
5032,dlk_tbl_00559,1,0,1,false
5033,gob_tbl_01950,1,0,1,false
5034,gob_tbl_00435,1,0,1,false
5035,gob_tbl_02401,1,0,1,false
5036,gob_tbl_00754,1,0,1,false
5037,gob_tbl_03363,1,0,1,false
5038,proc_tbl_01419,1,0,1,false
5039,gob_tbl_03047,1,0,1,false
5040,gob_tbl_01457,1,0,1,false
5041,dlk_tbl_01702,1,0,1,false
5042,dlk_tbl_04431,1,0,1,false
5043,dlk_tbl_00081,1,0,1,false
5044,gob_tbl_03481,1,0,1,false
5045,dlk_tbl_03297,1,0,1,false
5046,dlk_tbl_03795,1,0,1,false
5047,gob_ext_00040,1,1,0,false
5048,dlk_tbl_03632,1,0,1,false
5049,gob_tbl_02684,1,0,1,false
5050,dlk_tbl_03222,1,0,1,false
5051,dlk_tbl_01546,1,0,1,false
5052,dlk_tbl_00861,1,0,1,false
5053,gob_tbl_00869,1,0,1,false
5054,dlk_tbl_02310,1,0,1,false
5055,dash_tbl_02932,1,0,1,false
5056,dash_tbl_03560,1,0,1,false
5057,gob_tbl_03626,1,0,1,false
5058,gob_ext_00599,1,1,0,false
5059,dlk_tbl_02001,1,0,1,false
5060,dlk_tbl_03757,1,0,1,false
5061,gob_tbl_02489,1,0,1,false
5062,gob_tbl_02917,1,0,1,false
5063,dlk_tbl_02337,1,0,1,false
5064,gob_tbl_00598,1,0,1,false
5065,gob_tbl_04324,1,0,1,false
5066,dlk_tbl_00859,1,0,1,false
5067,gob_tbl_03785,1,0,1,false
5068,dlk_tbl_00556,1,0,1,false
5069,gob_tbl_02636,1,0,1,false
5070,gob_tbl_02276,1,0,1,false
5071,dlk_tbl_00709,1,0,1,false
5072,dash_tbl_00327,1,0,1,false
5073,dlk_tbl_03575,1,0,1,false
5074,gob_tbl_02499,1,0,1,false
5075,dlk_tbl_03759,1,0,1,false
5076,gob_tbl_01399,1,0,1,false
5077,dlk_tbl_01263,1,0,1,false
5078,dlk_tbl_02231,1,0,1,false
5079,gob_tbl_02321,1,0,1,false
5080,dlk_tbl_02453,1,0,1,false
5081,dlk_tbl_01237,1,0,1,false
5082,dlk_tbl_00085,1,0,1,false
5083,dlk_tbl_01127,1,0,1,false
5084,proc_tbl_02500,1,0,1,false
5085,proc_tbl_02144,1,0,1,false
5086,dlk_tbl_03790,1,0,1,false
5087,proc_tbl_04417,1,0,1,false
5088,gob_tbl_01238,1,0,1,false
5089,proc_ext_00500,1,1,0,false
5090,gob_tbl_02443,1,0,1,false
