rank,table_name,frequency,as_source,as_target,is_contested
1,proc_ext_00665,26,26,0,false
2,gob_ext_00637,26,26,0,false
3,ppn_ext_00083,25,25,0,false
4,dash_ext_00160,25,25,0,false
5,proc_ext_00043,24,24,0,false
6,gob_ext_00262,23,23,0,false
7,gob_ext_00645,22,22,0,false
8,gob_ext_00117,22,22,0,false
9,gob_ext_00009,21,21,0,false
10,dlk_ext_00625,21,21,0,false
11,std_ext_00672,20,20,0,false
12,dlk_ext_00296,20,20,0,false
13,dlk_ext_00185,20,20,0,false
14,dlk_ext_00560,20,20,0,false
15,gob_ext_00280,19,19,0,false
16,gob_ext_00056,18,18,0,false
17,gob_ext_00584,18,18,0,false
18,dash_ext_00447,18,18,0,false
19,proc_ext_00164,18,18,0,false
20,dlk_ext_00445,18,18,0,false
21,dlk_tbl_04314,18,17,1,false
22,gob_ext_00630,18,18,0,false
23,dash_ext_00151,18,18,0,false
24,dlk_ext_00493,17,17,0,false
25,ppn_ext_00088,17,17,0,false
26,dlk_ext_00443,17,17,0,false
27,dlk_ext_00394,17,17,0,false
28,proc_ext_00681,17,17,0,false
29,gob_ext_00329,17,17,0,false
30,dlk_ext_00298,17,17,0,false
31,dash_ext_00446,17,17,0,false
32,dlk_ext_00519,16,16,0,false
33,dlk_ext_00635,16,16,0,false
34,gob_ext_00140,16,16,0,false
35,gob_ext_00473,16,16,0,false
36,dlk_ext_00365,16,16,0,false
37,dash_ext_00317,16,16,0,false
38,dlk_ext_00301,15,15,0,false
39,dlk_ext_00552,15,15,0,false
40,gob_ext_00575,15,15,0,false
41,gob_ext_00529,15,15,0,false
42,dlk_ext_00538,15,15,0,false
43,dash_ext_00015,15,15,0,false
44,gob_ext_00485,15,15,0,false
45,dlk_ext_00074,15,15,0,false
46,dlk_ext_00643,15,15,0,false
47,gob_ext_00196,14,14,0,false
48,gob_ext_00424,14,14,0,false
49,proc_ext_00644,14,14,0,false
50,dash_ext_00229,14,14,0,false
51,dlk_ext_00330,14,14,0,false
52,m4sco_ext_00469,14,14,0,false
53,proc_ext_00589,14,14,0,false
54,std_ext_00352,14,14,0,false
55,dlk_ext_00306,14,14,0,false
56,dlk_ext_00403,14,14,0,false
57,proc_ext_00282,13,13,0,false
58,dlk_ext_00364,13,13,0,false
59,dash_ext_00556,13,13,0,false
60,dlk_ext_00054,13,13,0,false
61,dlk_ext_00347,13,13,0,false
62,gob_ext_00000,13,13,0,false
63,gob_ext_00694,13,13,0,false
64,gob_ext_00045,13,13,0,false
65,dash_ext_00303,13,13,0,false
66,std_ext_00032,13,13,0,false
67,dlk_ext_00155,13,13,0,false
68,gob_ext_00487,13,13,0,false
69,gob_ext_00440,13,13,0,false
70,gob_ext_00561,13,13,0,false
71,dash_ext_00290,13,13,0,false
72,dlk_ext_00066,13,13,0,false
73,m4vw_ext_00452,13,13,0,false
74,ppn_ext_00664,13,13,0,false
75,gob_ext_00384,13,13,0,false
76,gob_ext_00683,12,12,0,false
77,gob_ext_00506,12,12,0,false
78,std_ext_00094,12,12,0,false
79,gob_ext_00483,12,12,0,false
80,gob_ext_00087,12,12,0,false
81,proc_ext_00633,12,12,0,false
82,gob_ext_00555,12,12,0,false
83,proc_ext_00404,12,12,0,false
84,proc_ext_00673,12,12,0,false
85,proc_ext_00147,12,12,0,false
86,dlk_ext_00283,12,12,0,false
87,dlk_ext_00217,12,12,0,false
88,gob_tbl_02272,12,11,1,false
89,dlk_ext_00020,12,12,0,false
90,gob_ext_00055,12,12,0,false
91,proc_ext_00355,12,12,0,false
92,dash_ext_00305,12,12,0,false
93,dash_ext_00023,12,12,0,false
94,dlk_ext_00535,12,12,0,false
95,dlk_ext_00662,12,12,0,false
96,ppn_ext_00396,12,12,0,false
97,proc_ext_00690,12,12,0,false
98,proc_ext_00602,12,12,0,false
99,dlk_ext_00574,12,12,0,false
100,dlk_ext_00108,12,12,0,false
101,dash_ext_00647,12,12,0,false
102,dlk_ext_00526,12,12,0,false
103,std_ext_00515,12,12,0,false
104,proc_ext_00437,12,12,0,false
105,gob_ext_00481,11,11,0,false
106,dlk_ext_00346,11,11,0,false
107,proc_ext_00255,11,11,0,false
108,dlk_ext_00073,11,11,0,false
109,gob_ext_00448,11,11,0,false
110,proc_ext_00281,11,11,0,false
111,proc_ext_00195,11,11,0,false
112,gob_ext_00351,11,11,0,false
113,dlk_ext_00604,11,11,0,false
114,dlk_ext_00475,11,11,0,false
115,gob_ext_00178,11,11,0,false
116,dlk_ext_00313,11,11,0,false
117,dlk_ext_00376,11,11,0,false
118,dlk_ext_00624,11,11,0,false
119,gob_ext_00051,11,11,0,false
120,proc_ext_00092,11,11,0,false
121,dlk_ext_00565,11,11,0,false
122,dash_ext_00025,11,11,0,false
123,dlk_ext_00580,11,11,0,false
124,std_ext_00224,11,11,0,false
125,gob_ext_00423,11,11,0,false
126,dlk_ext_00652,11,11,0,false
127,dlk_ext_00174,11,11,0,false
128,gob_ext_00007,11,11,0,false
129,proc_ext_00682,11,11,0,false
130,gob_ext_00038,11,11,0,false
131,proc_ext_00658,11,11,0,false
132,dlk_ext_00390,11,11,0,false
133,dlk_ext_00458,11,11,0,false
134,ppn_ext_00072,11,11,0,false
135,gob_ext_00420,11,11,0,false
136,dlk_ext_00115,11,11,0,false
137,dlk_ext_00300,11,11,0,false
138,dash_ext_00496,10,10,0,false
139,dlk_ext_00263,10,10,0,false
140,proc_ext_00670,10,10,0,false
141,dlk_ext_00471,10,10,0,false
142,gob_ext_00176,10,10,0,false
143,dlk_ext_00189,10,10,0,false
144,dash_ext_00252,10,10,0,false
145,dlk_ext_00679,10,10,0,false
146,dash_tbl_00813,10,9,1,false
147,gob_ext_00320,10,10,0,false
148,proc_ext_00508,10,10,0,false
149,dlk_ext_00097,10,10,0,false
150,dlk_ext_00676,10,10,0,false
151,dlk_ext_00037,10,10,0,false
152,gob_ext_00075,10,10,0,false
153,proc_ext_00528,10,10,0,false
154,dlk_ext_00548,10,10,0,false
155,m4sco_ext_00656,10,10,0,false
156,gob_ext_00302,10,10,0,false
157,proc_ext_00345,10,10,0,false
158,gob_ext_00371,10,10,0,false
159,dlk_ext_00417,10,10,0,false
160,dash_ext_00524,10,10,0,false
161,dlk_ext_00615,10,10,0,false
162,dlk_ext_00091,10,10,0,false
163,m4vw_tbl_03165,10,9,1,false
164,gob_ext_00050,10,10,0,false
165,dlk_tbl_01162,10,9,1,false
166,proc_ext_00399,10,10,0,false
167,std_ext_00170,10,10,0,false
168,gob_ext_00004,10,10,0,false
169,dlk_tbl_01874,10,9,1,false
170,dlk_ext_00470,10,10,0,false
171,gob_ext_00165,10,10,0,false
172,dash_ext_00608,10,10,0,false
173,gob_ext_00498,10,10,0,false
174,gob_ext_00240,10,10,0,false
175,dlk_ext_00372,10,10,0,false
176,gob_ext_00489,9,9,0,false
177,dlk_ext_00182,9,9,0,false
178,dlk_ext_00467,9,9,0,false
179,proc_ext_00547,9,9,0,false
180,dlk_ext_00286,9,9,0,false
181,dlk_ext_00373,9,9,0,false
182,dlk_ext_00154,9,9,0,false
183,dash_ext_00465,9,9,0,false
184,proc_ext_00022,9,9,0,false
185,dlk_tbl_01464,9,8,1,false
186,dash_ext_00214,9,9,0,false
187,gob_ext_00152,9,9,0,false
188,dlk_ext_00277,9,9,0,false
189,proc_tbl_00499,9,8,1,false
190,gob_ext_00438,9,9,0,false
191,proc_tbl_03261,9,8,1,false
192,dlk_ext_00653,9,9,0,false
193,dlk_ext_00362,9,9,0,false
194,dash_ext_00289,9,9,0,false
195,dlk_ext_00505,9,9,0,false
196,dlk_ext_00061,9,9,0,false
197,gob_ext_00127,9,9,0,false
198,dlk_ext_00188,9,9,0,false
199,gob_ext_00450,9,9,0,false
200,gob_ext_00343,9,9,0,false
201,dash_ext_00139,9,9,0,false
202,gob_ext_00577,9,9,0,false
203,gob_ext_00291,9,9,0,false
204,dlk_ext_00322,9,9,0,false
205,dash_tbl_01942,9,8,1,false
206,dlk_ext_00012,9,9,0,false
207,dash_ext_00586,8,8,0,false
208,gob_ext_00457,8,8,0,false
209,proc_ext_00478,8,8,0,false
210,gob_ext_00603,8,8,0,false
211,dlk_ext_00659,8,8,0,false
212,gob_ext_00587,8,8,0,false
213,dlk_tbl_02145,8,7,1,false
214,gob_tbl_04232,8,7,1,false
215,dlk_ext_00162,8,8,0,false
216,std_tbl_02576,8,7,1,false
217,gob_ext_00035,8,8,0,false
218,gob_tbl_01164,8,7,1,false
219,m4sco_tbl_04479,8,7,1,false
220,gob_ext_00585,8,8,0,false
221,proc_tbl_04125,8,7,1,false
222,gob_ext_00114,8,8,0,false
223,gob_tbl_03606,8,7,1,false
224,dlk_tbl_03584,8,7,1,false
225,proc_ext_00081,8,8,0,false
226,dash_ext_00047,8,8,0,false
227,dlk_tbl_02920,8,7,1,false
228,dlk_ext_00122,8,8,0,false
229,gob_ext_00442,8,8,0,false
230,gob_ext_00135,8,8,0,false
231,gob_tbl_04369,8,7,1,false
232,gob_tbl_01034,8,7,1,false
233,dlk_ext_00425,8,8,0,false
234,dlk_ext_00179,8,8,0,false
235,dash_tbl_02953,8,7,1,false
236,gob_ext_00379,8,8,0,false
237,dlk_ext_00407,8,8,0,false
238,gob_ext_00386,8,8,0,false
239,dash_tbl_00003,8,7,1,false
240,gob_tbl_01284,8,7,1,false
241,dlk_tbl_01875,8,7,1,false
242,std_ext_00579,8,8,0,false
243,dlk_tbl_00244,8,7,1,false
244,gob_ext_00428,8,8,0,false
245,dlk_tbl_03941,8,7,1,false
246,dlk_tbl_00385,8,7,1,false
247,dlk_tbl_00564,8,7,1,false
248,gob_ext_00209,8,8,0,false
249,dlk_ext_00250,8,8,0,false
250,dlk_tbl_02641,8,7,1,false
251,m4sco_tbl_01820,7,6,1,false
252,gob_tbl_01834,7,6,1,false
253,dash_ext_00405,7,7,0,false
254,std_ext_00148,7,7,0,false
255,dlk_ext_00294,7,7,0,false
256,dash_ext_00685,7,7,0,false
257,dlk_ext_00093,7,7,0,false
258,gob_ext_00064,7,7,0,false
259,gob_tbl_04086,7,6,1,false
260,gob_ext_00292,7,7,0,false
261,dlk_ext_00381,7,7,0,false
262,dlk_tbl_01530,7,6,1,false
263,dlk_tbl_03049,7,6,1,false
264,dlk_ext_00564,7,7,0,false
265,dlk_tbl_00038,7,6,1,false
266,dlk_tbl_01030,7,6,1,false
267,proc_tbl_01869,7,6,1,false
268,dlk_tbl_04206,7,6,1,false
269,proc_tbl_01190,7,6,1,false
270,gob_tbl_03293,7,6,1,false
271,gob_ext_00415,7,7,0,false
272,gob_ext_00668,7,7,0,false
273,proc_tbl_02809,7,6,1,false
274,dlk_tbl_00980,7,6,1,false
275,proc_tbl_03097,7,6,1,false
276,proc_ext_00414,7,7,0,false
277,dlk_ext_00466,7,7,0,false
278,proc_tbl_02985,7,6,1,false
279,proc_tbl_04028,7,6,1,false
280,gob_tbl_03600,7,6,1,false
281,dlk_tbl_00599,7,6,1,false
282,dlk_ext_00594,7,7,0,false
283,gob_ext_00099,7,7,0,false
284,gob_tbl_02510,7,6,1,false
285,proc_ext_00180,7,7,0,false
286,gob_tbl_01322,7,6,1,false
287,dlk_ext_00177,7,7,0,false
288,proc_tbl_00517,7,6,1,false
289,dlk_tbl_02040,7,6,1,false
290,dlk_ext_00187,7,7,0,false
291,dlk_ext_00215,7,7,0,false
292,dlk_tbl_03384,7,6,1,false
293,gob_tbl_02794,7,6,1,false
294,gob_ext_00104,7,7,0,false
295,gob_ext_00559,7,7,0,false
296,proc_ext_00531,7,7,0,false
297,dlk_ext_00693,7,7,0,false
298,gob_tbl_02111,7,6,1,false
299,proc_tbl_01455,7,6,1,false
300,dash_ext_00157,7,7,0,false
301,gob_tbl_03547,7,6,1,false
302,proc_tbl_03894,7,6,1,false
303,proc_tbl_01035,7,6,1,false
304,ppn_tbl_02945,7,6,1,false
305,dlk_tbl_01544,7,6,1,false
306,proc_tbl_03832,7,6,1,false
307,gob_ext_00629,7,7,0,false
308,gob_tbl_03420,7,6,1,false
309,gob_ext_00592,7,7,0,false
310,gob_ext_00426,7,7,0,false
311,gob_ext_00261,7,7,0,false
312,gob_ext_00541,7,7,0,false
313,gob_tbl_01514,7,6,1,false
314,dlk_tbl_01206,7,6,1,false
315,dlk_tbl_01758,7,6,1,false
316,gob_tbl_02254,7,6,1,false
317,gob_ext_00511,7,7,0,false
318,dlk_ext_00052,7,7,0,false
319,dlk_tbl_03556,7,6,1,false
320,gob_tbl_02554,7,6,1,false
321,dlk_tbl_04496,7,6,1,false
322,dlk_ext_00571,7,7,0,false
323,dlk_ext_00618,7,7,0,false
324,dlk_ext_00253,7,7,0,false
325,proc_tbl_03614,7,6,1,false
326,dash_tbl_04151,7,6,1,false
327,gob_ext_00620,7,7,0,false
328,dlk_tbl_04094,7,6,1,false
329,dlk_tbl_03844,7,6,1,false
330,dlk_ext_00582,7,7,0,false
331,dlk_tbl_02651,7,6,1,false
332,m4sco_ext_00486,7,7,0,false
333,dlk_tbl_01381,7,6,1,false
334,proc_tbl_02069,7,6,1,false
335,gob_tbl_00818,7,6,1,false
336,dlk_ext_00248,7,7,0,false
337,gob_ext_00131,7,7,0,false
338,gob_tbl_03699,7,6,1,false
339,gob_ext_00141,7,7,0,false
340,dlk_tbl_00160,6,5,1,false
341,dlk_tbl_03299,6,5,1,false
342,dlk_tbl_03952,6,5,1,false
343,proc_tbl_03353,6,5,1,false
344,gob_tbl_04122,6,5,1,false
345,gob_tbl_02710,6,5,1,false
346,gob_tbl_00548,6,5,1,false
347,gob_tbl_02981,6,4,2,true
348,dlk_tbl_02702,6,5,1,false
349,proc_tbl_03208,6,5,1,false
350,m4sco_tbl_01927,6,5,1,false
351,dlk_tbl_00280,6,5,1,false
352,gob_tbl_00874,6,5,1,false
353,m4sco_tbl_03031,6,5,1,false
354,dlk_tbl_00678,6,5,1,false
355,dlk_ext_00622,6,6,0,false
356,dash_ext_00476,6,6,0,false
357,dlk_tbl_02115,6,5,1,false
358,std_ext_00205,6,6,0,false
359,dlk_ext_00314,6,6,0,false
360,std_ext_00358,6,6,0,false
361,dash_ext_00110,6,6,0,false
362,proc_ext_00238,6,6,0,false
363,dlk_ext_00223,6,6,0,false
364,proc_ext_00339,6,6,0,false
365,proc_tbl_04196,6,5,1,false
366,dash_tbl_03791,6,5,1,false
367,dlk_ext_00328,6,6,0,false
368,dlk_tbl_00960,6,5,1,false
369,gob_ext_00361,6,6,0,false
370,gob_tbl_01880,6,5,1,false
371,dlk_tbl_04336,6,5,1,false
372,gob_tbl_04349,6,5,1,false
373,gob_tbl_02714,6,5,1,false
374,gob_tbl_02191,6,5,1,false
375,gob_tbl_03003,6,5,1,false
376,gob_tbl_01412,6,5,1,false
377,dash_tbl_01371,6,5,1,false
378,gob_ext_00441,6,6,0,false
379,dlk_ext_00688,6,6,0,false
380,dlk_ext_00341,6,6,0,false
381,proc_tbl_01063,6,5,1,false
382,proc_tbl_03866,6,5,1,false
383,dash_tbl_02538,6,5,1,false
384,dlk_tbl_00023,6,5,1,false
385,proc_ext_00383,6,6,0,false
386,proc_ext_00495,6,6,0,false
387,gob_ext_00482,6,6,0,false
388,gob_tbl_01362,6,5,1,false
389,dlk_tbl_00420,6,5,1,false
390,dash_tbl_01250,6,5,1,false
391,gob_ext_00348,6,6,0,false
392,gob_tbl_03752,6,5,1,false
393,dlk_ext_00632,6,6,0,false
394,proc_tbl_03862,6,5,1,false
395,gob_ext_00230,6,6,0,false
396,proc_tbl_00020,6,5,1,false
397,dash_tbl_00187,6,5,1,false
398,dlk_ext_00018,6,6,0,false
399,gob_ext_00278,6,6,0,false
400,dlk_ext_00208,6,6,0,false
401,proc_tbl_03636,6,5,1,false
402,gob_tbl_01817,6,5,1,false
403,proc_tbl_00230,6,5,1,false
404,gob_ext_00124,6,6,0,false
405,gob_tbl_04089,6,5,1,false
406,gob_ext_00490,6,6,0,false
407,gob_ext_00006,6,6,0,false
408,dlk_tbl_01456,6,5,1,false
409,proc_tbl_00709,6,5,1,false
410,gob_tbl_01444,6,5,1,false
411,dlk_tbl_01337,6,5,1,false
412,std_ext_00572,6,6,0,false
413,gob_tbl_02443,6,5,1,false
414,dlk_tbl_02170,6,5,1,false
415,dlk_ext_00123,6,6,0,false
416,dash_tbl_02689,6,5,1,false
417,gob_tbl_02037,6,5,1,false
418,m4sco_tbl_02001,6,5,1,false
419,m4sco_tbl_00544,6,5,1,false
420,dlk_ext_00237,6,6,0,false
421,gob_tbl_02955,6,5,1,false
422,gob_ext_00288,6,6,0,false
423,proc_tbl_01836,6,5,1,false
424,dash_tbl_03924,6,5,1,false
425,proc_tbl_01243,6,5,1,false
426,gob_ext_00619,6,6,0,false
427,gob_ext_00601,6,6,0,false
428,dlk_ext_00431,6,6,0,false
429,m4sco_tbl_03716,6,5,1,false
430,gob_ext_00113,6,6,0,false
431,dlk_ext_00661,6,6,0,false
432,proc_tbl_01182,6,5,1,false
433,gob_ext_00257,6,6,0,false
434,dlk_tbl_02218,6,5,1,false
435,dlk_tbl_01126,6,5,1,false
436,dlk_tbl_02918,6,5,1,false
437,dash_tbl_00652,6,5,1,false
438,proc_tbl_01138,6,5,1,false
439,dlk_tbl_01628,6,5,1,false
440,gob_tbl_02031,6,5,1,false
441,proc_ext_00537,6,6,0,false
442,gob_ext_00609,6,6,0,false
443,proc_tbl_00558,6,5,1,false
444,gob_ext_00101,6,6,0,false
445,gob_tbl_00656,6,5,1,false
446,proc_ext_00484,6,6,0,false
447,gob_ext_00497,6,6,0,false
448,gob_tbl_03852,6,5,1,false
449,dlk_ext_00651,6,6,0,false
450,gob_ext_00336,6,6,0,false
451,dlk_tbl_02852,6,5,1,false
452,gob_tbl_03425,6,5,1,false
453,gob_tbl_01236,6,5,1,false
454,proc_ext_00623,6,6,0,false
455,proc_tbl_01772,6,5,1,false
456,dlk_tbl_01860,6,5,1,false
457,dlk_tbl_01891,6,5,1,false
458,dlk_tbl_03090,6,5,1,false
459,gob_tbl_01856,6,5,1,false
460,dlk_tbl_03541,6,5,1,false
461,gob_tbl_02507,6,5,1,false
462,gob_tbl_00928,6,4,2,true
463,dlk_tbl_03490,6,5,1,false
464,dlk_ext_00166,6,6,0,false
465,gob_ext_00474,6,6,0,false
466,dash_ext_00046,6,6,0,false
467,gob_tbl_03373,6,5,1,false
468,gob_tbl_03822,6,5,1,false
469,gob_ext_00413,6,6,0,false
470,gob_ext_00460,6,6,0,false
471,dlk_tbl_01611,6,5,1,false
472,gob_tbl_04082,6,5,1,false
473,dash_tbl_03755,6,5,1,false
474,dlk_tbl_04257,6,5,1,false
475,dlk_tbl_01090,6,5,1,false
476,dlk_ext_00607,6,6,0,false
477,proc_ext_00192,6,6,0,false
478,gob_ext_00634,6,6,0,false
479,gob_tbl_03904,6,5,1,false
480,dlk_ext_00142,6,6,0,false
481,proc_tbl_03440,6,5,1,false
482,m4sco_ext_00197,6,6,0,false
483,dlk_ext_00090,6,6,0,false
484,dlk_ext_00626,6,6,0,false
485,ppn_tbl_03408,6,5,1,false
486,gob_ext_00112,6,6,0,false
487,m4vw_tbl_00862,6,5,1,false
488,dlk_ext_00191,6,6,0,false
489,dlk_ext_00134,6,6,0,false
490,dlk_ext_00308,6,6,0,false
491,m4vw_tbl_03214,6,5,1,false
492,dash_tbl_01433,6,5,1,false
493,gob_tbl_02957,6,5,1,false
494,gob_tbl_03545,6,5,1,false
495,gob_ext_00520,6,6,0,false
496,dlk_ext_00422,6,6,0,false
497,gob_ext_00684,6,6,0,false
498,gob_ext_00019,6,6,0,false
499,dlk_tbl_02758,6,5,1,false
500,gob_tbl_03323,6,5,1,false
501,m4sco_ext_00595,6,6,0,false
502,m4sco_tbl_02821,6,5,1,false
503,m4vw_tbl_03032,6,5,1,false
504,dlk_ext_00691,6,6,0,false
505,gob_tbl_02595,6,5,1,false
506,proc_tbl_03056,6,5,1,false
507,gob_ext_00319,6,6,0,false
508,proc_tbl_03593,6,5,1,false
509,dlk_ext_00663,6,6,0,false
510,dlk_tbl_03478,6,5,1,false
511,gob_tbl_02663,6,5,1,false
512,dlk_tbl_00333,6,5,1,false
513,gob_ext_00581,6,6,0,false
514,gob_tbl_03682,6,5,1,false
515,gob_tbl_00754,6,5,1,false
516,gob_tbl_00858,5,4,1,false
517,gob_ext_00267,5,5,0,false
518,dash_tbl_03743,5,4,1,false
519,dlk_tbl_04493,5,4,1,false
520,gob_tbl_04470,5,4,1,false
521,dlk_tbl_01973,5,4,1,false
522,dlk_tbl_01302,5,4,1,false
523,ppn_tbl_01286,5,4,1,false
524,gob_tbl_02095,5,4,1,false
525,dlk_tbl_01000,5,4,1,false
526,dlk_ext_00433,5,5,0,false
527,dlk_tbl_02108,5,4,1,false
528,gob_ext_00334,5,5,0,false
529,gob_ext_00488,5,5,0,false
530,dlk_ext_00406,5,5,0,false
531,dlk_tbl_00542,5,4,1,false
532,gob_tbl_02227,5,4,1,false
533,proc_tbl_01664,5,4,1,false
534,proc_ext_00001,5,5,0,false
535,dash_tbl_02850,5,4,1,false
536,dlk_tbl_03928,5,4,1,false
537,gob_tbl_03273,5,4,1,false
538,dlk_tbl_04168,5,4,1,false
539,dlk_tbl_02295,5,4,1,false
540,gob_tbl_01536,5,4,1,false
541,dlk_tbl_00380,5,4,1,false
542,dlk_ext_00671,5,5,0,false
543,proc_tbl_00300,5,4,1,false
544,gob_ext_00627,5,5,0,false
545,gob_tbl_04428,5,4,1,false
546,dlk_tbl_00056,5,4,1,false
547,gob_tbl_02827,5,4,1,false
548,dlk_tbl_03334,5,4,1,false
549,dash_tbl_02845,5,4,1,false
550,dlk_tbl_03172,5,4,1,false
551,dlk_tbl_03279,5,4,1,false
552,proc_tbl_03375,5,4,1,false
553,gob_ext_00186,5,5,0,false
554,dlk_tbl_03534,5,4,1,false
555,gob_tbl_00279,5,4,1,false
556,gob_tbl_02253,5,4,1,false
557,proc_tbl_02342,5,4,1,false
558,dlk_tbl_03670,5,4,1,false
559,dash_ext_00324,5,5,0,false
560,proc_ext_00171,5,5,0,false
561,dash_tbl_02863,5,4,1,false
562,gob_tbl_00417,5,4,1,false
563,m4vw_ext_00318,5,5,0,false
564,gob_tbl_02892,5,4,1,false
565,proc_tbl_03712,5,4,1,false
566,proc_tbl_01472,5,4,1,false
567,gob_tbl_01977,5,4,1,false
568,dlk_tbl_02455,5,4,1,false
569,dash_tbl_02101,5,4,1,false
570,proc_tbl_02427,5,4,1,false
571,dlk_tbl_04139,5,4,1,false
572,dlk_tbl_02067,5,4,1,false
573,dlk_tbl_02501,5,4,1,false
574,dash_tbl_03566,5,4,1,false
575,dash_tbl_00457,5,4,1,false
576,gob_tbl_04351,5,4,1,false
577,dlk_tbl_02643,5,4,1,false
578,gob_ext_00667,5,5,0,false
579,dash_tbl_00979,5,4,1,false
580,proc_tbl_00349,5,4,1,false
581,dlk_tbl_01343,5,4,1,false
582,gob_tbl_04256,5,4,1,false
583,m4vw_tbl_00011,5,4,1,false
584,gob_tbl_03354,5,4,1,false
585,dlk_tbl_00175,5,4,1,false
586,gob_tbl_03754,5,4,1,false
587,proc_tbl_02354,5,4,1,false
588,proc_tbl_02062,5,4,1,false
589,gob_tbl_03640,5,4,1,false
590,dash_tbl_04226,5,4,1,false
591,proc_tbl_02625,5,4,1,false
592,dlk_ext_00657,5,5,0,false
593,dash_tbl_01084,5,4,1,false
594,gob_ext_00363,5,5,0,false
595,proc_tbl_02906,5,4,1,false
596,proc_ext_00271,5,5,0,false
597,gob_tbl_01673,5,4,1,false
598,gob_tbl_01756,5,4,1,false
599,dash_tbl_03714,5,4,1,false
600,gob_tbl_01237,5,4,1,false
601,gob_tbl_00076,5,4,1,false
602,gob_tbl_04240,5,4,1,false
603,gob_ext_00573,5,5,0,false
604,dlk_ext_00169,5,5,0,false
605,dash_tbl_00963,5,4,1,false
606,proc_tbl_01367,5,4,1,false
607,dlk_tbl_01815,5,4,1,false
608,gob_ext_00106,5,5,0,false
609,ppn_tbl_03765,5,4,1,false
610,gob_tbl_01718,5,4,1,false
611,gob_tbl_01510,5,4,1,false
612,dlk_tbl_01279,5,4,1,false
613,gob_tbl_02746,5,4,1,false
614,gob_tbl_00772,5,4,1,false
615,dlk_tbl_02200,5,3,2,true
616,gob_tbl_04074,5,4,1,false
617,gob_tbl_03542,5,4,1,false
618,dlk_tbl_00045,5,4,1,false
619,dlk_tbl_03115,5,4,1,false
620,gob_tbl_01741,5,4,1,false
621,dlk_tbl_02291,5,4,1,false
622,dlk_ext_00005,5,5,0,false
623,dlk_ext_00272,5,5,0,false
624,dlk_tbl_01483,5,4,1,false
625,std_tbl_03224,5,4,1,false
626,m4sco_tbl_02706,5,4,1,false
627,dlk_ext_00021,5,5,0,false
628,gob_ext_00655,5,5,0,false
629,gob_tbl_01928,5,3,2,true
630,dlk_ext_00444,5,5,0,false
631,proc_ext_00697,5,5,0,false
632,dlk_tbl_00482,5,4,1,false
633,gob_tbl_03005,5,4,1,false
634,dlk_ext_00213,5,5,0,false
635,dlk_ext_00391,5,5,0,false
636,dash_ext_00321,5,5,0,false
637,gob_tbl_01209,5,4,1,false
638,dlk_tbl_01253,5,4,1,false
639,proc_tbl_01205,5,4,1,false
640,dlk_tbl_04413,5,4,1,false
641,gob_tbl_00325,5,4,1,false
642,gob_tbl_01748,5,4,1,false
643,proc_tbl_01050,5,4,1,false
644,std_tbl_04158,5,4,1,false
645,gob_tbl_02215,5,4,1,false
646,dash_tbl_03837,5,3,2,true
647,gob_tbl_00046,5,4,1,false
648,dlk_ext_00492,5,5,0,false
649,gob_tbl_04250,5,4,1,false
650,gob_ext_00461,5,5,0,false
651,gob_tbl_03111,5,4,1,false
652,gob_ext_00132,5,5,0,false
653,gob_tbl_00716,5,4,1,false
654,ppn_ext_00026,5,5,0,false
655,dash_ext_00247,5,5,0,false
656,proc_tbl_01358,5,4,1,false
657,proc_tbl_03195,5,4,1,false
658,dlk_tbl_00737,5,4,1,false
659,m4vw_tbl_02395,5,4,1,false
660,gob_tbl_04494,5,4,1,false
661,dlk_tbl_04133,5,4,1,false
662,proc_tbl_03142,5,4,1,false
663,proc_tbl_02392,5,4,1,false
664,proc_tbl_03081,5,4,1,false
665,proc_ext_00583,5,5,0,false
666,gob_tbl_00815,5,4,1,false
667,gob_tbl_04255,5,4,1,false
668,gob_tbl_02963,5,4,1,false
669,dash_tbl_03077,5,4,1,false
670,proc_tbl_02737,5,4,1,false
671,dlk_tbl_01965,5,4,1,false
672,gob_tbl_02716,5,4,1,false
673,gob_tbl_02619,5,4,1,false
674,gob_ext_00107,5,5,0,false
675,gob_tbl_03776,5,4,1,false
676,gob_tbl_02792,5,4,1,false
677,dlk_ext_00517,5,5,0,false
678,dlk_tbl_02609,5,4,1,false
679,dash_tbl_00790,5,4,1,false
680,gob_tbl_02419,5,4,1,false
681,dlk_tbl_01467,5,4,1,false
682,dlk_tbl_00433,5,4,1,false
683,gob_tbl_02242,5,4,1,false
684,gob_tbl_03100,5,4,1,false
685,gob_tbl_01504,5,4,1,false
686,gob_tbl_01658,5,4,1,false
687,std_ext_00455,5,5,0,false
688,dlk_tbl_01557,5,4,1,false
689,dash_ext_00264,5,5,0,false
690,dash_ext_00501,5,5,0,false
691,gob_tbl_03857,5,4,1,false
692,dlk_ext_00692,5,5,0,false
693,gob_ext_00244,5,5,0,false
694,dlk_tbl_00265,5,4,1,false
695,dlk_ext_00427,5,5,0,false
696,dlk_tbl_01153,5,4,1,false
697,proc_tbl_03332,5,4,1,false
698,gob_tbl_01548,5,4,1,false
699,dlk_ext_00168,5,5,0,false
700,dlk_tbl_00069,5,4,1,false
701,dlk_tbl_00852,5,4,1,false
702,proc_tbl_01832,5,4,1,false
703,proc_tbl_03982,5,4,1,false
704,proc_ext_00677,5,5,0,false
705,dash_tbl_01999,5,4,1,false
706,std_tbl_00766,5,4,1,false
707,gob_tbl_03397,5,4,1,false
708,dlk_tbl_03702,5,4,1,false
709,proc_ext_00172,5,5,0,false
710,gob_tbl_02247,5,4,1,false
711,dash_tbl_02889,5,3,2,true
712,proc_ext_00430,5,5,0,false
713,proc_tbl_00174,5,4,1,false
714,dlk_tbl_01118,5,4,1,false
715,gob_tbl_03009,5,4,1,false
716,dlk_ext_00686,5,5,0,false
717,dlk_tbl_00168,5,4,1,false
718,gob_tbl_00596,5,4,1,false
719,dlk_tbl_02529,5,4,1,false
720,proc_ext_00353,5,5,0,false
721,dash_tbl_03089,5,4,1,false
722,gob_tbl_01643,5,4,1,false
723,dash_tbl_01724,5,4,1,false
724,dash_tbl_02764,5,4,1,false
725,gob_tbl_04444,5,4,1,false
726,gob_tbl_03489,5,4,1,false
727,gob_tbl_04317,5,4,1,false
728,dlk_ext_00327,5,5,0,false
729,gob_tbl_04187,5,4,1,false
730,dlk_tbl_00501,5,4,1,false
731,gob_ext_00013,5,5,0,false
732,gob_tbl_03991,5,4,1,false
733,proc_ext_00385,5,5,0,false
734,proc_tbl_00436,5,4,1,false
735,proc_tbl_03215,5,4,1,false
736,dlk_tbl_01761,5,4,1,false
737,gob_ext_00540,5,5,0,false
738,std_tbl_01596,5,4,1,false
739,gob_tbl_01180,5,4,1,false
740,dash_tbl_00495,5,4,1,false
741,proc_tbl_02332,5,4,1,false
742,gob_tbl_00450,5,4,1,false
743,dlk_tbl_03347,5,4,1,false
744,gob_tbl_02841,5,4,1,false
745,dlk_tbl_00694,5,4,1,false
746,gob_tbl_01902,5,4,1,false
747,gob_tbl_01319,5,4,1,false
748,dlk_ext_00456,5,5,0,false
749,dash_tbl_02558,5,4,1,false
750,std_tbl_02213,5,4,1,false
751,proc_tbl_03854,5,4,1,false
752,proc_tbl_00623,5,4,1,false
753,gob_tbl_03946,5,4,1,false
754,gob_ext_00598,5,5,0,false
755,gob_ext_00204,5,5,0,false
756,dlk_tbl_02578,5,4,1,false
757,dlk_tbl_03972,5,4,1,false
758,dlk_tbl_04396,5,4,1,false
759,proc_tbl_00041,5,3,2,true
760,gob_tbl_03994,5,4,1,false
761,dlk_tbl_00660,5,4,1,false
762,gob_tbl_01307,5,4,1,false
763,dlk_tbl_02126,5,4,1,false
764,gob_tbl_01632,5,4,1,false
765,std_tbl_01916,5,3,2,true
766,dlk_tbl_02567,5,4,1,false
767,dlk_tbl_02555,5,4,1,false
768,dash_tbl_02982,5,4,1,false
769,gob_tbl_02463,5,4,1,false
770,gob_tbl_04100,5,4,1,false
771,gob_tbl_01606,5,4,1,false
772,proc_tbl_01556,5,4,1,false
773,gob_tbl_03841,5,4,1,false
774,dlk_tbl_02503,5,4,1,false
775,proc_tbl_03337,4,3,1,false
776,gob_ext_00159,4,4,0,false
777,dlk_tbl_00729,4,3,1,false
778,proc_ext_00596,4,4,0,false
779,gob_tbl_03110,4,3,1,false
780,m4vw_tbl_03777,4,3,1,false
781,m4sco_tbl_00536,4,3,1,false
782,proc_tbl_01633,4,3,1,false
783,gob_tbl_02230,4,3,1,false
784,gob_tbl_00389,4,3,1,false
785,dlk_ext_00509,4,4,0,false
786,gob_tbl_00704,4,3,1,false
787,dash_tbl_01888,4,3,1,false
788,gob_tbl_02791,4,3,1,false
789,dlk_tbl_01747,4,3,1,false
790,dlk_tbl_01389,4,3,1,false
791,dlk_tbl_00353,4,3,1,false
792,dlk_tbl_01569,4,3,1,false
793,gob_tbl_02525,4,3,1,false
794,gob_tbl_02987,4,3,1,false
795,gob_tbl_02014,4,3,1,false
796,dlk_ext_00084,4,4,0,false
797,gob_tbl_02668,4,3,1,false
798,dlk_tbl_02389,4,3,1,false
799,proc_tbl_04199,4,2,2,true
800,dlk_tbl_03639,4,3,1,false
801,dlk_ext_00451,4,4,0,false
802,gob_tbl_01010,4,3,1,false
803,gob_tbl_01221,4,3,1,false
804,gob_tbl_02515,4,3,1,false
805,proc_tbl_01166,4,3,1,false
806,gob_ext_00310,4,4,0,false
807,proc_tbl_02088,4,3,1,false
808,std_ext_00432,4,4,0,false
809,dlk_tbl_02520,4,3,1,false
810,dlk_tbl_04072,4,3,1,false
811,gob_ext_00533,4,4,0,false
812,dlk_tbl_02564,4,3,1,false
813,dlk_tbl_00551,4,3,1,false
814,gob_tbl_01224,4,3,1,false
815,gob_tbl_03176,4,3,1,false
816,gob_tbl_01637,4,3,1,false
817,gob_tbl_00066,4,3,1,false
818,gob_tbl_03669,4,3,1,false
819,proc_tbl_00582,4,3,1,false
820,gob_tbl_04390,4,3,1,false
821,dlk_tbl_01716,4,3,1,false
822,dlk_tbl_01314,4,2,2,true
823,dash_tbl_00895,4,3,1,false
824,m4vw_tbl_01116,4,3,1,false
825,gob_tbl_03792,4,3,1,false
826,gob_tbl_02749,4,3,1,false
827,dlk_tbl_01230,4,3,1,false
828,proc_tbl_03237,4,3,1,false
829,dash_tbl_01171,4,3,1,false
830,proc_tbl_00836,4,3,1,false
831,proc_ext_00462,4,4,0,false
832,gob_tbl_03528,4,3,1,false
833,dash_tbl_03240,4,3,1,false
834,gob_tbl_00693,4,3,1,false
835,proc_ext_00669,4,4,0,false
836,std_tbl_01363,4,3,1,false
837,gob_tbl_00934,4,3,1,false
838,dash_tbl_03659,4,3,1,false
839,gob_tbl_02800,4,3,1,false
840,dlk_tbl_04386,4,3,1,false
841,gob_tbl_01985,4,3,1,false
842,gob_tbl_00359,4,3,1,false
843,proc_ext_00333,4,4,0,false
844,dlk_tbl_00721,4,3,1,false
845,gob_tbl_00330,4,3,1,false
846,proc_ext_00175,4,4,0,false
847,dlk_tbl_02822,4,3,1,false
848,dlk_tbl_04431,4,3,1,false
849,gob_tbl_04113,4,3,1,false
850,gob_tbl_00783,4,3,1,false
851,gob_tbl_02184,4,3,1,false
852,dlk_tbl_01970,4,3,1,false
853,dlk_ext_00557,4,4,0,false
854,dash_tbl_00811,4,3,1,false
855,dlk_tbl_01139,4,3,1,false
856,dash_tbl_01813,4,3,1,false
857,gob_tbl_03514,4,3,1,false
858,dlk_tbl_04056,4,3,1,false
859,gob_tbl_01690,4,3,1,false
860,gob_tbl_02245,4,3,1,false
861,dash_tbl_02237,4,3,1,false
862,gob_tbl_00843,4,3,1,false
863,dlk_tbl_00918,4,3,1,false
864,dlk_tbl_03413,4,3,1,false
865,proc_tbl_03101,4,3,1,false
866,proc_tbl_00781,4,3,1,false
867,proc_tbl_03444,4,3,1,false
868,gob_ext_00203,4,4,0,false
869,gob_tbl_00932,4,3,1,false
870,dlk_tbl_01950,4,3,1,false
871,dlk_tbl_03282,4,3,1,false
872,proc_ext_00153,4,4,0,false
873,proc_tbl_01357,4,3,1,false
874,gob_tbl_01082,4,3,1,false
875,gob_tbl_03646,4,3,1,false
876,std_tbl_01586,4,3,1,false
877,proc_tbl_02490,4,3,1,false
878,gob_tbl_01040,4,3,1,false
879,gob_tbl_00745,4,3,1,false
880,m4vw_tbl_02160,4,3,1,false
881,dlk_tbl_00190,4,3,1,false
882,std_tbl_00414,4,3,1,false
883,proc_tbl_03674,4,3,1,false
884,proc_tbl_03518,4,3,1,false
885,dlk_tbl_02947,4,3,1,false
886,proc_tbl_00019,4,3,1,false
887,dlk_ext_00331,4,4,0,false
888,dash_tbl_02728,4,3,1,false
889,gob_tbl_00942,4,3,1,false
890,dlk_tbl_01267,4,3,1,false
891,proc_tbl_03888,4,3,1,false
892,gob_ext_00225,4,4,0,false
893,dlk_tbl_02954,4,3,1,false
894,dlk_tbl_03296,4,3,1,false
895,gob_ext_00350,4,4,0,false
896,gob_tbl_01388,4,3,1,false
897,dash_tbl_03672,4,3,1,false
898,proc_tbl_00371,4,3,1,false
899,gob_tbl_02430,4,3,1,false
900,dlk_tbl_04335,4,3,1,false
901,dlk_tbl_01178,4,3,1,false
902,gob_tbl_00067,4,3,1,false
903,gob_tbl_01335,4,3,1,false
904,dlk_tbl_01552,4,3,1,false
905,proc_tbl_02894,4,3,1,false
906,proc_tbl_00496,4,3,1,false
907,dlk_tbl_03608,4,3,1,false
908,proc_tbl_00290,4,3,1,false
909,dlk_tbl_02322,4,3,1,false
910,proc_tbl_01537,4,3,1,false
911,gob_tbl_01737,4,3,1,false
912,dash_tbl_04155,4,3,1,false
913,dlk_tbl_00361,4,3,1,false
914,dlk_ext_00380,4,4,0,false
915,proc_ext_00258,4,4,0,false
916,proc_tbl_00047,4,3,1,false
917,m4sco_ext_00031,4,4,0,false
918,dlk_ext_00477,4,4,0,false
919,gob_tbl_00601,4,3,1,false
920,gob_ext_00479,4,4,0,false
921,dash_tbl_03504,4,3,1,false
922,proc_tbl_02731,4,3,1,false
923,proc_tbl_03583,4,3,1,false
924,dlk_tbl_00480,4,3,1,false
925,m4vw_tbl_04076,4,3,1,false
926,gob_tbl_02543,4,3,1,false
927,dlk_ext_00304,4,4,0,false
928,proc_tbl_00786,4,3,1,false
929,dlk_tbl_01232,4,3,1,false
930,proc_tbl_01241,4,3,1,false
931,dlk_tbl_01853,4,3,1,false
932,gob_tbl_02882,4,3,1,false
933,dlk_tbl_00095,4,3,1,false
934,dlk_tbl_01613,4,3,1,false
935,std_tbl_03386,4,3,1,false
936,gob_tbl_00394,4,3,1,false
937,dash_ext_00568,4,4,0,false
938,dlk_tbl_01349,4,3,1,false
939,gob_tbl_01239,4,3,1,false
940,dash_tbl_03997,4,3,1,false
941,proc_tbl_02414,4,3,1,false
942,dlk_tbl_00035,4,3,1,false
943,gob_tbl_01604,4,3,1,false
944,dlk_tbl_02747,4,3,1,false
945,gob_tbl_03881,4,3,1,false
946,gob_tbl_00331,4,3,1,false
947,ppn_tbl_00641,4,3,1,false
948,dlk_tbl_03747,4,3,1,false
949,dash_tbl_02627,4,3,1,false
950,dlk_tbl_01446,4,3,1,false
951,dlk_tbl_02833,4,3,1,false
952,std_ext_00545,4,4,0,false
953,dlk_ext_00002,4,4,0,false
954,gob_tbl_03751,4,3,1,false
955,proc_tbl_01567,4,3,1,false
956,dash_tbl_01024,4,3,1,false
957,gob_tbl_03665,4,3,1,false
958,dlk_ext_00375,4,4,0,false
959,proc_tbl_01258,4,3,1,false
960,proc_tbl_04071,4,3,1,false
961,gob_tbl_02161,4,3,1,false
962,gob_tbl_03955,4,3,1,false
963,dlk_tbl_02559,4,3,1,false
964,dlk_tbl_01240,4,3,1,false
965,dlk_tbl_01624,4,3,1,false
966,dlk_ext_00079,4,4,0,false
967,dlk_tbl_03696,4,3,1,false
968,proc_tbl_01377,4,3,1,false
969,dlk_tbl_00431,4,3,1,false
970,gob_tbl_03960,4,3,1,false
971,dlk_tbl_01682,4,3,1,false
972,gob_tbl_03661,4,3,1,false
973,proc_ext_00216,4,4,0,false
974,dash_tbl_02940,4,3,1,false
975,proc_ext_00316,4,4,0,false
976,std_tbl_00574,4,3,1,false
977,dlk_tbl_00526,4,3,1,false
978,gob_tbl_00155,4,3,1,false
979,ppn_tbl_03580,4,3,1,false
980,proc_tbl_01318,4,3,1,false
981,dlk_tbl_02925,4,3,1,false
982,ppn_ext_00616,4,4,0,false
983,gob_tbl_04435,4,3,1,false
984,dlk_tbl_02441,4,3,1,false
985,gob_tbl_01112,4,3,1,false
986,gob_tbl_03700,4,3,1,false
987,proc_tbl_01275,4,3,1,false
988,dlk_tbl_03933,4,3,1,false
989,dash_tbl_01247,4,3,1,false
990,dlk_tbl_03641,4,3,1,false
991,proc_tbl_03037,4,3,1,false
992,gob_tbl_02587,4,3,1,false
993,gob_ext_00600,4,4,0,false
994,gob_ext_00695,4,4,0,false
995,dlk_ext_00199,4,4,0,false
996,gob_tbl_02231,4,3,1,false
997,dlk_tbl_01572,4,3,1,false
998,gob_tbl_03629,4,3,1,false
999,dlk_tbl_03540,4,3,1,false
1000,gob_ext_00242,4,4,0,false
1001,gob_tbl_02885,4,3,1,false
1002,gob_tbl_02150,4,3,1,false
1003,dlk_tbl_00086,4,3,1,false
1004,proc_tbl_00519,4,3,1,false
1005,dlk_tbl_00875,4,3,1,false
1006,gob_tbl_04036,4,3,1,false
1007,gob_tbl_00991,4,3,1,false
1008,gob_tbl_03127,4,3,1,false
1009,dash_ext_00233,4,4,0,false
1010,dlk_tbl_04424,4,3,1,false
1011,proc_ext_00270,4,4,0,false
1012,gob_tbl_01617,4,3,1,false
1013,std_ext_00558,4,4,0,false
1014,gob_tbl_03925,4,3,1,false
1015,dlk_tbl_01475,4,3,1,false
1016,dlk_tbl_01124,4,3,1,false
1017,dlk_ext_00591,4,4,0,false
1018,gob_tbl_02996,4,3,1,false
1019,dlk_tbl_01173,4,3,1,false
1020,gob_tbl_02465,4,3,1,false
1021,gob_tbl_01043,4,3,1,false
1022,dlk_tbl_03292,4,3,1,false
1023,dlk_tbl_00882,4,3,1,false
1024,proc_tbl_04471,4,3,1,false
1025,proc_tbl_01721,4,3,1,false
1026,dash_tbl_03119,4,3,1,false
1027,dlk_tbl_00078,4,3,1,false
1028,gob_tbl_00421,4,3,1,false
1029,std_tbl_02790,4,3,1,false
1030,proc_tbl_01886,4,3,1,false
1031,std_tbl_03896,4,3,1,false
1032,gob_tbl_01515,4,3,1,false
1033,dlk_tbl_01531,4,3,1,false
1034,gob_tbl_00122,4,3,1,false
1035,dlk_tbl_02633,4,3,1,false
1036,dlk_ext_00034,4,4,0,false
1037,gob_tbl_00923,4,3,1,false
1038,gob_tbl_04198,4,3,1,false
1039,gob_tbl_03961,4,3,1,false
1040,dash_tbl_03517,4,3,1,false
1041,dlk_tbl_01079,4,3,1,false
1042,dlk_tbl_00778,4,3,1,false
1043,gob_tbl_00398,4,3,1,false
1044,proc_tbl_00449,4,3,1,false
1045,proc_ext_00309,4,4,0,false
1046,dlk_tbl_00679,4,3,1,false
1047,dlk_ext_00323,4,4,0,false
1048,dlk_tbl_00042,4,3,1,false
1049,std_tbl_03168,4,3,1,false
1050,dlk_tbl_02693,4,3,1,false
1051,dlk_tbl_02336,4,3,1,false
1052,dlk_tbl_03150,4,3,1,false
1053,dlk_tbl_04050,4,3,1,false
1054,dash_tbl_01424,4,3,1,false
1055,gob_tbl_00546,4,3,1,false
1056,dlk_tbl_03113,4,3,1,false
1057,dlk_ext_00357,4,4,0,false
1058,dlk_tbl_02844,4,3,1,false
1059,gob_ext_00416,4,4,0,false
1060,proc_tbl_01956,4,3,1,false
1061,gob_tbl_03920,4,3,1,false
1062,dlk_ext_00232,4,4,0,false
1063,gob_ext_00507,4,4,0,false
1064,dash_tbl_00920,4,3,1,false
1065,proc_tbl_01293,4,3,1,false
1066,proc_tbl_01439,4,3,1,false
1067,proc_tbl_01002,4,2,2,true
1068,gob_tbl_03750,4,3,1,false
1069,gob_tbl_02329,4,3,1,false
1070,dash_tbl_00534,4,3,1,false
1071,dlk_tbl_01590,4,3,1,false
1072,dlk_tbl_04288,4,3,1,false
1073,proc_tbl_03826,4,3,1,false
1074,proc_tbl_04474,4,3,1,false
1075,proc_tbl_04433,4,3,1,false
1076,dash_tbl_01411,4,3,1,false
1077,m4sco_tbl_03616,4,3,1,false
1078,dlk_ext_00562,4,4,0,false
1079,dlk_tbl_04412,4,3,1,false
1080,dlk_tbl_01972,4,3,1,false
1081,proc_tbl_00451,4,3,1,false
1082,dash_tbl_04282,4,3,1,false
1083,gob_tbl_01486,4,3,1,false
1084,dlk_tbl_00274,4,3,1,false
1085,dlk_tbl_00057,4,3,1,false
1086,dlk_tbl_02224,4,3,1,false
1087,dlk_tbl_01499,4,3,1,false
1088,gob_tbl_03186,4,3,1,false
1089,gob_tbl_03775,4,3,1,false
1090,dlk_tbl_01231,4,3,1,false
1091,gob_tbl_03555,4,3,1,false
1092,proc_tbl_00869,4,3,1,false
1093,dlk_tbl_00478,4,3,1,false
1094,gob_tbl_03649,4,3,1,false
1095,dlk_tbl_00195,4,3,1,false
1096,dlk_ext_00254,4,4,0,false
1097,dash_tbl_04481,4,3,1,false
1098,gob_tbl_00049,4,2,2,true
1099,gob_tbl_02869,4,3,1,false
1100,gob_ext_00544,4,4,0,false
1101,dlk_ext_00654,4,4,0,false
1102,std_tbl_01447,4,3,1,false
1103,m4vw_tbl_04065,4,3,1,false
1104,dlk_ext_00275,4,4,0,false
1105,dlk_tbl_01638,4,3,1,false
1106,gob_tbl_03679,4,3,1,false
1107,dash_tbl_00081,4,3,1,false
1108,ppn_tbl_02805,4,3,1,false
1109,dash_tbl_04326,4,3,1,false
1110,gob_tbl_02193,4,3,1,false
1111,dlk_tbl_01971,4,3,1,false
1112,proc_tbl_04141,4,3,1,false
1113,dlk_tbl_01588,4,3,1,false
1114,dlk_ext_00436,4,4,0,false
1115,dlk_tbl_04026,4,3,1,false
1116,proc_tbl_03647,4,3,1,false
1117,dash_tbl_01797,4,3,1,false
1118,dash_tbl_04171,4,3,1,false
1119,dlk_tbl_00196,4,3,1,false
1120,dash_tbl_04278,4,3,1,false
1121,dlk_ext_00551,4,4,0,false
1122,dlk_tbl_03578,4,2,2,true
1123,gob_tbl_04350,4,3,1,false
1124,gob_tbl_01522,4,3,1,false
1125,dlk_tbl_03076,4,3,1,false
1126,dlk_tbl_00668,4,3,1,false
1127,dash_tbl_04355,4,3,1,false
1128,proc_tbl_00407,4,3,1,false
1129,dlk_tbl_03082,4,3,1,false
1130,proc_tbl_01863,4,3,1,false
1131,gob_ext_00259,4,4,0,false
1132,gob_tbl_01011,4,3,1,false
1133,dlk_ext_00521,4,4,0,false
1134,dlk_tbl_01533,4,3,1,false
1135,gob_tbl_02959,4,3,1,false
1136,proc_tbl_03263,4,3,1,false
1137,proc_tbl_01684,4,3,1,false
1138,gob_tbl_01922,4,3,1,false
1139,dlk_tbl_00064,4,3,1,false
1140,dash_tbl_04473,4,3,1,false
1141,gob_tbl_04233,4,2,2,true
1142,proc_tbl_03446,4,3,1,false
1143,proc_tbl_01457,4,3,1,false
1144,dlk_tbl_02166,4,3,1,false
1145,dlk_tbl_03138,4,3,1,false
1146,dlk_tbl_04203,4,3,1,false
1147,dlk_tbl_01054,4,3,1,false
1148,gob_ext_00076,4,4,0,false
1149,gob_tbl_03643,4,3,1,false
1150,ppn_tbl_02380,4,3,1,false
1151,dash_tbl_02661,4,3,1,false
1152,gob_tbl_00145,4,3,1,false
1153,gob_tbl_02276,4,3,1,false
1154,gob_tbl_01305,4,3,1,false
1155,gob_tbl_02475,4,2,2,true
1156,dlk_tbl_03074,4,3,1,false
1157,gob_tbl_01539,4,3,1,false
1158,dlk_tbl_00222,4,3,1,false
1159,gob_tbl_04095,4,3,1,false
1160,proc_tbl_00830,4,3,1,false
1161,dlk_tbl_02646,4,3,1,false
1162,dlk_ext_00198,4,4,0,false
1163,dash_tbl_02701,4,3,1,false
1164,proc_tbl_01111,4,3,1,false
1165,dlk_ext_00512,4,4,0,false
1166,gob_tbl_02563,4,3,1,false
1167,dash_tbl_02407,4,3,1,false
1168,dlk_tbl_00324,4,3,1,false
1169,dash_tbl_00613,4,3,1,false
1170,proc_tbl_00429,4,3,1,false
1171,gob_tbl_00807,4,3,1,false
1172,dlk_tbl_01249,4,3,1,false
1173,dlk_tbl_04067,4,3,1,false
1174,dlk_tbl_03753,4,3,1,false
1175,gob_tbl_00129,4,3,1,false
1176,proc_tbl_00653,4,3,1,false
1177,dlk_tbl_00487,4,3,1,false
1178,dlk_tbl_00978,4,3,1,false
1179,dlk_tbl_01845,4,3,1,false
1180,proc_tbl_01580,4,3,1,false
1181,dash_tbl_01911,4,3,1,false
1182,gob_tbl_03060,4,3,1,false
1183,dlk_ext_00125,4,4,0,false
1184,dlk_tbl_02484,4,3,1,false
1185,gob_tbl_02283,4,3,1,false
1186,dlk_tbl_01877,4,3,1,false
1187,dlk_tbl_04299,4,3,1,false
1188,gob_ext_00200,4,4,0,false
1189,proc_ext_00553,4,4,0,false
1190,dlk_ext_00530,4,4,0,false
1191,dlk_tbl_00087,4,3,1,false
1192,gob_tbl_02893,4,3,1,false
1193,std_tbl_03834,4,3,1,false
1194,dlk_tbl_00062,4,3,1,false
1195,dash_tbl_02581,4,3,1,false
1196,gob_tbl_00144,4,3,1,false
1197,gob_tbl_01914,4,3,1,false
1198,proc_tbl_01991,4,3,1,false
1199,proc_tbl_01852,4,3,1,false
1200,dlk_ext_00266,4,4,0,false
1201,gob_tbl_01167,4,3,1,false
1202,dlk_tbl_02858,4,3,1,false
1203,dlk_tbl_01992,4,3,1,false
1204,dlk_tbl_00621,4,3,1,false
1205,gob_tbl_00299,4,3,1,false
1206,std_tbl_00485,4,3,1,false
1207,dlk_tbl_03071,4,3,1,false
1208,gob_tbl_02708,4,3,1,false
1209,gob_tbl_02480,4,3,1,false
1210,dlk_tbl_00758,4,3,1,false
1211,gob_tbl_03010,4,3,1,false
1212,dlk_tbl_01754,4,3,1,false
1213,proc_tbl_02312,4,3,1,false
1214,gob_ext_00378,4,4,0,false
1215,gob_tbl_03044,4,3,1,false
1216,dlk_tbl_02244,4,3,1,false
1217,dash_tbl_03418,4,3,1,false
1218,gob_tbl_01831,4,3,1,false
1219,proc_tbl_03676,4,3,1,false
1220,gob_tbl_02585,4,3,1,false
1221,gob_tbl_03333,4,3,1,false
1222,dlk_tbl_02544,4,3,1,false
1223,dlk_tbl_03488,4,3,1,false
1224,gob_tbl_02186,4,3,1,false
1225,proc_ext_00369,4,4,0,false
1226,gob_tbl_03884,4,3,1,false
1227,dlk_tbl_04136,4,3,1,false
1228,gob_tbl_04352,4,3,1,false
1229,dlk_tbl_01511,4,3,1,false
1230,dlk_tbl_03940,4,3,1,false
1231,dlk_tbl_01850,4,3,1,false
1232,dlk_ext_00249,4,4,0,false
1233,gob_tbl_01013,3,2,1,false
1234,dlk_tbl_01615,3,2,1,false
1235,std_tbl_04129,3,2,1,false
1236,dlk_tbl_00140,3,2,1,false
1237,proc_tbl_01864,3,2,1,false
1238,proc_tbl_03018,3,2,1,false
1239,gob_tbl_00776,3,2,1,false
1240,std_tbl_04010,3,2,1,false
1241,gob_tbl_00904,3,2,1,false
1242,gob_tbl_02961,3,2,1,false
1243,dlk_tbl_02317,3,2,1,false
1244,dlk_ext_00136,3,3,0,false
1245,gob_tbl_04309,3,2,1,false
1246,dlk_tbl_04348,3,2,1,false
1247,gob_tbl_04217,3,2,1,false
1248,gob_tbl_02606,3,2,1,false
1249,gob_tbl_03028,3,2,1,false
1250,dash_tbl_03500,3,2,1,false
1251,gob_tbl_03601,3,2,1,false
1252,dlk_tbl_01805,3,2,1,false
1253,m4vw_tbl_02596,3,2,1,false
1254,gob_tbl_04192,3,2,1,false
1255,m4vw_tbl_04497,3,2,1,false
1256,dlk_tbl_01159,3,2,1,false
1257,ppn_tbl_02185,3,2,1,false
1258,dlk_tbl_00707,3,2,1,false
1259,proc_tbl_01717,3,2,1,false
1260,dlk_tbl_02468,3,2,1,false
1261,gob_tbl_02919,3,2,1,false
1262,m4sco_tbl_02755,3,2,1,false
1263,proc_tbl_00343,3,2,1,false
1264,dlk_tbl_02252,3,2,1,false
1265,proc_tbl_01938,3,1,2,true
1266,dash_tbl_01878,3,2,1,false
1267,dlk_tbl_01157,3,2,1,false
1268,gob_tbl_03506,3,2,1,false
1269,dlk_tbl_03181,3,2,1,false
1270,gob_tbl_03667,3,2,1,false
1271,proc_tbl_03553,3,2,1,false
1272,dlk_tbl_02541,3,2,1,false
1273,gob_tbl_03124,3,2,1,false
1274,dlk_tbl_02308,3,2,1,false
1275,dlk_tbl_02396,3,2,1,false
1276,gob_tbl_02943,3,2,1,false
1277,gob_tbl_00384,3,2,1,false
1278,gob_tbl_02492,3,2,1,false
1279,dlk_tbl_03582,3,2,1,false
1280,gob_tbl_00774,3,2,1,false
1281,gob_tbl_04358,3,2,1,false
1282,proc_tbl_03380,3,1,2,true
1283,gob_tbl_01715,3,2,1,false
1284,gob_ext_00210,3,3,0,false
1285,gob_ext_00606,3,3,0,false
1286,dlk_tbl_04347,3,2,1,false
1287,dlk_tbl_03717,3,2,1,false
1288,gob_tbl_03207,3,2,1,false
1289,dlk_tbl_02180,3,2,1,false
1290,dlk_tbl_02770,3,2,1,false
1291,dlk_tbl_00625,3,1,2,true
1292,gob_tbl_03468,3,2,1,false
1293,m4vw_tbl_01857,3,2,1,false
1294,dlk_tbl_02092,3,1,2,true
1295,dlk_tbl_01196,3,2,1,false
1296,proc_tbl_00362,3,2,1,false
1297,dlk_tbl_01114,3,2,1,false
1298,dlk_tbl_00849,3,2,1,false
1299,dlk_tbl_02891,3,2,1,false
1300,proc_tbl_01954,3,2,1,false
1301,dash_tbl_01969,3,2,1,false
1302,dlk_ext_00158,3,3,0,false
1303,m4vw_tbl_02569,3,2,1,false
1304,gob_tbl_00303,3,2,1,false
1305,dlk_tbl_03589,3,2,1,false
1306,gob_tbl_01839,3,2,1,false
1307,ppn_tbl_03990,3,2,1,false
1308,dash_tbl_01738,3,2,1,false
1309,gob_tbl_03552,3,2,1,false
1310,gob_tbl_03192,3,2,1,false
1311,gob_tbl_04423,3,2,1,false
1312,dash_ext_00268,3,3,0,false
1313,proc_tbl_00018,3,2,1,false
1314,gob_ext_00612,3,3,0,false
1315,dlk_tbl_00828,3,2,1,false
1316,dlk_tbl_03330,3,2,1,false
1317,std_tbl_02733,3,2,1,false
1318,std_tbl_00332,3,2,1,false
1319,proc_tbl_01065,3,2,1,false
1320,gob_tbl_01417,3,2,1,false
1321,gob_tbl_00910,3,2,1,false
1322,proc_tbl_02118,3,2,1,false
1323,std_tbl_00739,3,2,1,false
1324,gob_tbl_00968,3,2,1,false
1325,gob_tbl_03562,3,2,1,false
1326,std_tbl_02660,3,2,1,false
1327,dlk_tbl_02776,3,2,1,false
1328,dash_tbl_00636,3,2,1,false
1329,dlk_tbl_02509,3,2,1,false
1330,proc_tbl_02908,3,2,1,false
1331,gob_tbl_00292,3,2,1,false
1332,gob_tbl_01943,3,2,1,false
1333,proc_tbl_02260,3,2,1,false
1334,gob_tbl_01506,3,2,1,false
1335,std_tbl_00334,3,2,1,false
1336,dlk_tbl_01394,3,2,1,false
1337,gob_tbl_02700,3,2,1,false
1338,std_tbl_04301,3,2,1,false
1339,dlk_tbl_01809,3,2,1,false
1340,dlk_tbl_00654,3,2,1,false
1341,m4vw_ext_00514,3,3,0,false
1342,proc_tbl_02999,3,2,1,false
1343,dlk_tbl_02159,3,2,1,false
1344,dlk_tbl_02202,3,2,1,false
1345,gob_tbl_03617,3,2,1,false
1346,gob_tbl_03455,3,2,1,false
1347,dlk_tbl_03863,3,2,1,false
1348,dlk_tbl_01266,3,2,1,false
1349,proc_tbl_03350,3,2,1,false
1350,dash_ext_00338,3,3,0,false
1351,dlk_tbl_01677,3,2,1,false
1352,m4vw_tbl_03889,3,1,2,true
1353,gob_tbl_03683,3,2,1,false
1354,std_tbl_02729,3,2,1,false
1355,gob_tbl_02846,3,2,1,false
1356,dlk_tbl_03251,3,2,1,false
1357,dlk_tbl_02986,3,2,1,false
1358,gob_tbl_00884,3,2,1,false
1359,dash_tbl_04246,3,2,1,false
1360,gob_tbl_04054,3,2,1,false
1361,dlk_tbl_00182,3,2,1,false
1362,proc_tbl_03366,3,2,1,false
1363,dlk_tbl_02112,3,2,1,false
1364,dlk_tbl_00525,3,2,1,false
1365,gob_tbl_01926,3,2,1,false
1366,dlk_tbl_01818,3,2,1,false
1367,gob_tbl_00993,3,2,1,false
1368,dash_tbl_01316,3,2,1,false
1369,dlk_tbl_00805,3,2,1,false
1370,gob_tbl_02337,3,2,1,false
1371,gob_tbl_03358,3,2,1,false
1372,gob_tbl_03703,3,2,1,false
1373,gob_tbl_00972,3,2,1,false
1374,gob_tbl_00297,3,2,1,false
1375,proc_tbl_02363,3,2,1,false
1376,dlk_tbl_03460,3,2,1,false
1377,proc_ext_00095,3,3,0,false
1378,dlk_tbl_01053,3,2,1,false
1379,gob_tbl_02497,3,2,1,false
1380,gob_tbl_03993,3,2,1,false
1381,dash_tbl_04388,3,2,1,false
1382,gob_ext_00459,3,3,0,false
1383,gob_tbl_02176,3,2,1,false
1384,proc_tbl_03459,3,2,1,false
1385,dlk_ext_00116,3,3,0,false
1386,proc_tbl_03137,3,2,1,false
1387,proc_tbl_00981,3,2,1,false
1388,gob_tbl_00090,3,2,1,false
1389,proc_tbl_00151,3,2,1,false
1390,proc_tbl_01714,3,2,1,false
1391,gob_tbl_03810,3,2,1,false
1392,dash_tbl_00372,3,2,1,false
1393,gob_tbl_01696,3,2,1,false
1394,gob_tbl_02488,3,2,1,false
1395,dlk_tbl_00063,3,2,1,false
1396,gob_tbl_02745,3,2,1,false
1397,proc_tbl_02417,3,2,1,false
1398,gob_tbl_04384,3,2,1,false
1399,m4sco_tbl_00686,3,2,1,false
1400,gob_tbl_04164,3,2,1,false
1401,proc_ext_00687,3,3,0,false
1402,gob_tbl_03436,3,2,1,false
1403,m4vw_tbl_03759,3,2,1,false
1404,proc_ext_00566,3,3,0,false
1405,dlk_tbl_02572,3,2,1,false
1406,proc_ext_00027,3,3,0,false
1407,dlk_tbl_02177,3,2,1,false
1408,dlk_tbl_02599,3,2,1,false
1409,gob_ext_00395,3,3,0,false
1410,proc_tbl_02304,3,2,1,false
1411,proc_tbl_02818,3,2,1,false
1412,dash_tbl_03011,3,2,1,false
1413,dash_tbl_04013,3,2,1,false
1414,proc_tbl_02750,3,2,1,false
1415,dlk_ext_00111,3,3,0,false
1416,std_tbl_02374,3,2,1,false
1417,dlk_tbl_02203,3,2,1,false
1418,dlk_tbl_02018,3,2,1,false
1419,gob_tbl_02798,3,2,1,false
1420,dlk_tbl_03503,3,2,1,false
1421,dlk_tbl_00685,3,2,1,false
1422,gob_tbl_04242,3,2,1,false
1423,gob_tbl_01057,3,2,1,false
1424,gob_tbl_00402,3,2,1,false
1425,gob_tbl_04262,3,2,1,false
1426,gob_tbl_00695,3,2,1,false
1427,gob_tbl_01575,3,2,1,false
1428,proc_tbl_03166,3,2,1,false
1429,proc_tbl_00252,3,2,1,false
1430,gob_tbl_04099,3,2,1,false
1431,gob_tbl_01459,3,2,1,false
1432,dlk_tbl_02752,3,2,1,false
1433,m4vw_tbl_04382,3,2,1,false
1434,dlk_tbl_02125,3,2,1,false
1435,dlk_ext_00617,3,3,0,false
1436,proc_tbl_04085,3,2,1,false
1437,gob_tbl_02573,3,2,1,false
1438,proc_tbl_01500,3,2,1,false
1439,gob_tbl_02867,3,2,1,false
1440,dlk_tbl_01052,3,2,1,false
1441,dlk_tbl_02901,3,2,1,false
1442,dlk_tbl_02431,3,2,1,false
1443,proc_tbl_03965,3,2,1,false
1444,dash_tbl_02421,3,2,1,false
1445,proc_tbl_04172,3,2,1,false
1446,gob_tbl_03383,3,2,1,false
1447,std_tbl_03796,3,2,1,false
1448,dlk_tbl_01521,3,2,1,false
1449,proc_tbl_00210,3,2,1,false
1450,dlk_tbl_03525,3,2,1,false
1451,ppn_ext_00549,3,3,0,false
1452,gob_tbl_03779,3,2,1,false
1453,dlk_tbl_00504,3,2,1,false
1454,dlk_tbl_04274,3,2,1,false
1455,gob_tbl_04064,3,2,1,false
1456,dlk_tbl_02149,3,2,1,false
1457,gob_tbl_02944,3,2,1,false
1458,dlk_tbl_00857,3,2,1,false
1459,proc_ext_00053,3,3,0,false
1460,dlk_tbl_00902,3,2,1,false
1461,gob_tbl_02476,3,2,1,false
1462,dash_ext_00030,3,3,0,false
1463,gob_tbl_03033,3,2,1,false
1464,dlk_tbl_00949,3,2,1,false
1465,dlk_tbl_00757,3,2,1,false
1466,dlk_tbl_00983,3,2,1,false
1467,gob_tbl_00588,3,2,1,false
1468,proc_ext_00674,3,3,0,false
1469,dlk_tbl_01437,3,2,1,false
1470,gob_tbl_03996,3,2,1,false
1471,proc_tbl_03419,3,2,1,false
1472,proc_ext_00525,3,3,0,false
1473,dlk_tbl_01936,3,2,1,false
1474,gob_ext_00265,3,3,0,false
1475,gob_tbl_02391,3,2,1,false
1476,dlk_tbl_01577,3,2,1,false
1477,dash_tbl_03861,3,2,1,false
1478,dlk_tbl_02234,3,2,1,false
1479,gob_tbl_03361,3,2,1,false
1480,dlk_tbl_03811,3,2,1,false
1481,dlk_tbl_00013,3,2,1,false
1482,gob_tbl_03879,3,2,1,false
1483,dlk_tbl_03266,3,2,1,false
1484,dlk_tbl_04458,3,2,1,false
1485,gob_tbl_01195,3,2,1,false
1486,dlk_tbl_01429,3,2,1,false
1487,dlk_tbl_03931,3,2,1,false
1488,gob_tbl_00741,3,2,1,false
1489,gob_tbl_01726,3,2,1,false
1490,gob_tbl_00941,3,2,1,false
1491,m4sco_tbl_00837,3,1,2,true
1492,dlk_tbl_00138,3,2,1,false
1493,dlk_tbl_03129,3,2,1,false
1494,proc_ext_00246,3,3,0,false
1495,dlk_ext_00251,3,3,0,false
1496,gob_ext_00016,3,3,0,false
1497,m4sco_ext_00593,3,3,0,false
1498,proc_tbl_01187,3,2,1,false
1499,gob_tbl_00026,3,2,1,false
1500,dlk_tbl_04185,3,2,1,false
1501,gob_tbl_04011,3,2,1,false
1502,ppn_tbl_03306,3,2,1,false
1503,dash_tbl_02486,3,2,1,false
1504,dlk_tbl_00933,3,2,1,false
1505,dash_tbl_01219,3,2,1,false
1506,dlk_tbl_03771,3,2,1,false
1507,ppn_ext_00295,3,3,0,false
1508,dlk_tbl_00870,3,2,1,false
1509,gob_tbl_02779,3,2,1,false
1510,dlk_tbl_01631,3,2,1,false
1511,dlk_tbl_04201,3,2,1,false
1512,std_tbl_04389,3,2,1,false
1513,dash_tbl_03909,3,2,1,false
1514,dash_tbl_01822,3,2,1,false
1515,gob_tbl_04322,3,2,1,false
1516,proc_tbl_03945,3,2,1,false
1517,gob_tbl_03078,3,2,1,false
1518,gob_tbl_01656,3,2,1,false
1519,gob_tbl_01760,3,2,1,false
1520,gob_tbl_04308,3,2,1,false
1521,dlk_tbl_03272,3,2,1,false
1522,dlk_tbl_02717,3,2,1,false
1523,dlk_tbl_01602,3,2,1,false
1524,dlk_tbl_01694,3,2,1,false
1525,proc_tbl_02084,3,2,1,false
1526,gob_tbl_01075,3,2,1,false
1527,dlk_tbl_01361,3,2,1,false
1528,dlk_tbl_00913,3,2,1,false
1529,dlk_tbl_04353,3,2,1,false
1530,dlk_tbl_04378,3,2,1,false
1531,dlk_tbl_00911,3,2,1,false
1532,proc_tbl_02208,3,2,1,false
1533,m4vw_tbl_00399,3,2,1,false
1534,dlk_tbl_04084,3,2,1,false
1535,proc_tbl_04230,3,2,1,false
1536,proc_tbl_03061,3,2,1,false
1537,gob_tbl_02046,3,2,1,false
1538,m4vw_tbl_00264,3,2,1,false
1539,proc_tbl_03104,3,2,1,false
1540,gob_tbl_04238,3,2,1,false
1541,dlk_tbl_04287,3,2,1,false
1542,dlk_tbl_03399,3,2,1,false
1543,dlk_tbl_02819,3,2,1,false
1544,std_tbl_03637,3,2,1,false
1545,gob_tbl_01297,3,2,1,false
1546,dlk_tbl_04264,3,2,1,false
1547,gob_tbl_04191,3,2,1,false
1548,dash_tbl_03938,3,2,1,false
1549,gob_tbl_03198,3,2,1,false
1550,gob_tbl_00157,3,2,1,false
1551,proc_tbl_01963,3,2,1,false
1552,gob_tbl_03063,3,2,1,false
1553,dlk_tbl_02004,3,2,1,false
1554,dlk_tbl_00337,3,2,1,false
1555,dlk_tbl_03521,3,2,1,false
1556,std_tbl_01425,3,2,1,false
1557,std_tbl_01278,3,2,1,false
1558,dlk_tbl_01768,3,2,1,false
1559,proc_tbl_02909,3,2,1,false
1560,proc_tbl_02734,3,2,1,false
1561,proc_tbl_04421,3,2,1,false
1562,dlk_tbl_00994,3,2,1,false
1563,gob_tbl_03226,3,2,1,false
1564,proc_tbl_00947,3,2,1,false
1565,std_tbl_04290,3,2,1,false
1566,dlk_tbl_01092,3,2,1,false
1567,dlk_tbl_00197,3,2,1,false
1568,dlk_tbl_03204,3,2,1,false
1569,gob_tbl_00708,3,2,1,false
1570,gob_tbl_00462,3,2,1,false
1571,gob_tbl_01064,3,2,1,false
1572,gob_tbl_03663,3,2,1,false
1573,gob_tbl_02054,3,2,1,false
1574,ppn_tbl_03054,3,2,1,false
1575,dlk_ext_00642,3,3,0,false
1576,dlk_tbl_00497,3,2,1,false
1577,gob_tbl_00952,3,2,1,false
1578,gob_tbl_02022,3,2,1,false
1579,dlk_tbl_01629,3,2,1,false
1580,proc_tbl_00342,3,2,1,false
1581,dlk_tbl_00153,3,2,1,false
1582,gob_tbl_00916,3,2,1,false
1583,dlk_tbl_02197,3,2,1,false
1584,dlk_tbl_02771,3,2,1,false
1585,dash_tbl_00305,3,2,1,false
1586,dlk_tbl_02410,3,2,1,false
1587,gob_ext_00400,3,3,0,false
1588,gob_tbl_03675,3,2,1,false
1589,dlk_tbl_03212,3,2,1,false
1590,dash_tbl_04104,3,2,1,false
1591,dlk_tbl_02142,3,2,1,false
1592,dlk_tbl_01564,3,2,1,false
1593,gob_tbl_02815,3,2,1,false
1594,gob_tbl_01905,3,2,1,false
1595,gob_tbl_01804,3,2,1,false
1596,dash_tbl_03030,3,2,1,false
1597,dlk_tbl_01396,3,2,1,false
1598,gob_tbl_00510,3,2,1,false
1599,dlk_tbl_03557,3,2,1,false
1600,proc_tbl_03860,3,2,1,false
1601,dash_tbl_03352,3,2,1,false
1602,gob_tbl_00034,3,2,1,false
1603,proc_tbl_02315,3,2,1,false
1604,dlk_tbl_03069,3,2,1,false
1605,dash_tbl_01461,3,2,1,false
1606,proc_tbl_04329,3,2,1,false
1607,proc_tbl_03594,3,2,1,false
1608,gob_tbl_00101,3,2,1,false
1609,gob_tbl_01783,3,2,1,false
1610,gob_tbl_01199,3,2,1,false
1611,proc_tbl_00784,3,2,1,false
1612,proc_tbl_02278,3,2,1,false
1613,m4vw_tbl_00050,3,2,1,false
1614,dlk_tbl_01903,3,2,1,false
1615,gob_tbl_02766,3,2,1,false
1616,gob_tbl_04475,3,2,1,false
1617,gob_tbl_00007,3,2,1,false
1618,dlk_tbl_03785,3,1,2,true
1619,proc_tbl_03008,3,2,1,false
1620,dlk_tbl_04102,3,2,1,false
1621,dash_tbl_00412,3,2,1,false
1622,dlk_tbl_02620,3,2,1,false
1623,gob_tbl_02923,3,2,1,false
1624,proc_ext_00245,3,3,0,false
1625,gob_tbl_00176,3,2,1,false
1626,gob_tbl_04488,3,2,1,false
1627,dlk_tbl_03476,3,2,1,false
1628,dlk_ext_00472,3,3,0,false
1629,dlk_ext_00121,3,3,0,false
1630,gob_ext_00344,3,3,0,false
1631,dlk_tbl_02168,3,2,1,false
1632,std_ext_00502,3,3,0,false
1633,gob_tbl_03103,3,2,1,false
1634,dash_tbl_01591,3,2,1,false
1635,dlk_tbl_03800,3,2,1,false
1636,proc_tbl_01757,3,2,1,false
1637,proc_tbl_02604,3,2,1,false
1638,gob_tbl_02269,3,2,1,false
1639,proc_ext_00273,3,3,0,false
1640,gob_tbl_04034,3,2,1,false
1641,dlk_tbl_04275,3,2,1,false
1642,dlk_tbl_03395,3,2,1,false
1643,dlk_tbl_03622,3,2,1,false
1644,gob_tbl_03693,3,2,1,false
1645,dlk_tbl_00793,3,2,1,false
1646,gob_tbl_01028,3,2,1,false
1647,dlk_tbl_00990,3,2,1,false
1648,dlk_tbl_03456,3,2,1,false
1649,proc_tbl_01386,3,2,1,false
1650,ppn_tbl_02783,3,2,1,false
1651,gob_tbl_00969,3,2,1,false
1652,dash_tbl_00552,3,2,1,false
1653,gob_tbl_01837,3,2,1,false
1654,gob_tbl_01108,3,2,1,false
1655,dash_tbl_03338,3,2,1,false
1656,gob_tbl_00339,3,2,1,false
1657,gob_tbl_00927,3,2,1,false
1658,dlk_tbl_01175,3,2,1,false
1659,dlk_tbl_02825,3,2,1,false
1660,dash_tbl_02286,3,2,1,false
1661,gob_ext_00234,3,3,0,false
1662,dlk_tbl_00768,3,2,1,false
1663,gob_tbl_00464,3,2,1,false
1664,dlk_tbl_00964,3,2,1,false
1665,dlk_tbl_00814,3,2,1,false
1666,dlk_tbl_00308,3,2,1,false
1667,dlk_tbl_03726,3,2,1,false
1668,gob_tbl_03285,3,2,1,false
1669,m4sco_tbl_01193,3,2,1,false
1670,dlk_tbl_00131,3,2,1,false
1671,gob_tbl_03688,3,2,1,false
1672,dlk_ext_00293,3,3,0,false
1673,gob_tbl_00422,3,2,1,false
1674,proc_tbl_01194,3,2,1,false
1675,proc_ext_00269,3,3,0,false
1676,gob_tbl_01491,3,2,1,false
1677,dlk_tbl_00587,3,2,1,false
1678,dlk_tbl_01083,3,2,1,false
1679,dlk_tbl_01081,3,2,1,false
1680,gob_tbl_01674,3,2,1,false
1681,proc_tbl_00486,3,2,1,false
1682,gob_tbl_03526,3,2,1,false
1683,proc_tbl_04443,3,2,1,false
1684,dlk_tbl_04429,3,2,1,false
1685,dash_tbl_03847,3,2,1,false
1686,dlk_tbl_00620,3,2,1,false
1687,gob_tbl_03365,3,2,1,false
1688,proc_tbl_01145,3,2,1,false
1689,dash_tbl_02039,3,2,1,false
1690,gob_tbl_01020,3,2,1,false
1691,proc_ext_00239,3,3,0,false
1692,m4sco_tbl_02225,3,2,1,false
1693,dlk_tbl_04007,3,2,1,false
1694,dlk_tbl_00161,3,2,1,false
1695,dash_ext_00241,3,3,0,false
1696,dlk_tbl_00223,3,2,1,false
1697,dlk_tbl_03048,3,2,1,false
1698,dash_tbl_00118,3,2,1,false
1699,proc_tbl_00256,3,2,1,false
1700,gob_tbl_00769,3,2,1,false
1701,gob_tbl_04277,3,2,1,false
1702,dlk_tbl_04482,3,2,1,false
1703,gob_tbl_00989,3,2,1,false
1704,dlk_tbl_02212,3,2,1,false
1705,proc_tbl_00088,3,2,1,false
1706,gob_tbl_00577,3,2,1,false
1707,gob_tbl_02874,3,2,1,false
1708,dash_tbl_03053,3,2,1,false
1709,dlk_tbl_00915,3,2,1,false
1710,gob_tbl_03660,3,2,1,false
1711,gob_ext_00017,3,3,0,false
1712,dash_tbl_02319,3,2,1,false
1713,gob_tbl_03160,3,2,1,false
1714,gob_tbl_03122,3,2,1,false
1715,gob_tbl_02293,3,2,1,false
1716,gob_tbl_02960,3,2,1,false
1717,dlk_tbl_02582,3,2,1,false
1718,gob_tbl_03106,3,2,1,false
1719,dash_tbl_00070,3,2,1,false
1720,gob_tbl_01016,3,2,1,false
1721,gob_ext_00231,3,3,0,false
1722,dlk_tbl_02910,3,2,1,false
1723,gob_ext_00014,3,3,0,false
1724,gob_tbl_01870,3,2,1,false
1725,proc_tbl_01265,3,2,1,false
1726,gob_tbl_02241,3,2,1,false
1727,dash_tbl_01650,3,2,1,false
1728,dlk_tbl_01120,3,2,1,false
1729,gob_tbl_02457,3,2,1,false
1730,gob_tbl_03923,3,2,1,false
1731,gob_ext_00666,3,3,0,false
1732,ppn_tbl_00240,3,2,1,false
1733,dash_ext_00143,3,3,0,false
1734,gob_tbl_00650,3,2,1,false
1735,dlk_tbl_00204,3,2,1,false
1736,gob_tbl_03536,3,2,1,false
1737,gob_tbl_02990,3,2,1,false
1738,dlk_tbl_02546,3,2,1,false
1739,gob_tbl_03794,3,2,1,false
1740,gob_tbl_01654,3,2,1,false
1741,std_tbl_01216,3,2,1,false
1742,dlk_tbl_01238,3,2,1,false
1743,dash_tbl_02748,3,2,1,false
1744,proc_tbl_01448,3,2,1,false
1745,dlk_tbl_00068,3,2,1,false
1746,gob_tbl_03197,3,2,1,false
1747,dlk_tbl_02265,3,2,1,false
1748,std_tbl_03191,3,2,1,false
1749,dlk_tbl_03161,3,2,1,false
1750,dash_tbl_03803,3,2,1,false
1751,dlk_tbl_02591,3,2,1,false
1752,gob_tbl_02399,3,2,1,false
1753,gob_tbl_03836,3,2,1,false
1754,gob_tbl_01058,3,2,1,false
1755,gob_tbl_00833,3,2,1,false
1756,gob_tbl_04422,3,2,1,false
1757,proc_tbl_04004,3,2,1,false
1758,dlk_tbl_02412,3,2,1,false
1759,dlk_tbl_03820,3,2,1,false
1760,proc_tbl_01207,3,2,1,false
1761,proc_tbl_02875,3,2,1,false
1762,dash_tbl_03652,3,2,1,false
1763,gob_tbl_03701,3,2,1,false
1764,dash_tbl_04420,3,2,1,false
1765,dlk_tbl_02360,3,2,1,false
1766,ppn_tbl_01595,3,2,1,false
1767,gob_tbl_03657,3,2,1,false
1768,gob_tbl_02565,3,2,1,false
1769,gob_tbl_03588,3,2,1,false
1770,dlk_tbl_00397,3,2,1,false
1771,gob_tbl_02642,3,2,1,false
1772,dash_tbl_00792,3,2,1,false
1773,gob_tbl_01812,3,2,1,false
1774,m4vw_tbl_00732,3,2,1,false
1775,gob_tbl_00723,3,2,1,false
1776,dash_tbl_04048,3,2,1,false
1777,gob_tbl_00540,3,2,1,false
1778,m4sco_tbl_04132,3,2,1,false
1779,dlk_tbl_01923,3,2,1,false
1780,gob_tbl_02699,3,2,1,false
1781,dash_tbl_01142,3,2,1,false
1782,dlk_tbl_04096,3,2,1,false
1783,gob_tbl_02350,3,2,1,false
1784,dash_tbl_01268,3,2,1,false
1785,gob_tbl_02650,3,2,1,false
1786,proc_tbl_00257,3,2,1,false
1787,gob_ext_00570,3,3,0,false
1788,gob_tbl_01295,3,2,1,false
1789,ppn_tbl_01636,3,2,1,false
1790,gob_tbl_01025,3,2,1,false
1791,dash_ext_00109,3,3,0,false
1792,dlk_ext_00536,3,3,0,false
1793,gob_ext_00675,3,3,0,false
1794,dlk_tbl_00039,3,2,1,false
1795,gob_tbl_02704,3,2,1,false
1796,dash_tbl_03038,3,2,1,false
1797,gob_tbl_03391,3,2,1,false
1798,gob_tbl_02165,3,2,1,false
1799,dlk_tbl_01680,3,2,1,false
1800,dlk_tbl_02474,3,2,1,false
1801,gob_tbl_02274,3,2,1,false
1802,dash_tbl_04135,3,2,1,false
1803,dlk_tbl_01546,3,2,1,false
1804,dlk_tbl_04126,3,2,1,false
1805,dlk_tbl_01647,3,2,1,false
1806,dlk_tbl_03831,3,2,1,false
1807,gob_tbl_03963,3,2,1,false
1808,dlk_tbl_01790,3,2,1,false
1809,dlk_ext_00696,3,3,0,false
1810,dlk_tbl_00295,3,2,1,false
1811,dlk_tbl_01826,3,2,1,false
1812,dlk_tbl_00866,3,2,1,false
1813,gob_tbl_04418,3,2,1,false
1814,dlk_tbl_01704,3,2,1,false
1815,gob_tbl_01482,3,2,1,false
1816,gob_tbl_02408,3,2,1,false
1817,dlk_tbl_00953,3,2,1,false
1818,dlk_tbl_02566,3,2,1,false
1819,dash_tbl_00701,3,2,1,false
1820,proc_tbl_01742,3,2,1,false
1821,dlk_tbl_00592,3,2,1,false
1822,dlk_tbl_03312,3,2,1,false
1823,std_tbl_03715,3,2,1,false
1824,dlk_tbl_00543,3,2,1,false
1825,gob_tbl_02756,3,2,1,false
1826,m4sco_tbl_01998,3,2,1,false
1827,dash_tbl_01038,3,2,1,false
1828,dlk_tbl_00229,3,2,1,false
1829,dlk_tbl_04361,3,2,1,false
1830,gob_tbl_00630,3,2,1,false
1831,proc_tbl_02357,3,2,1,false
1832,dlk_tbl_03992,3,2,1,false
1833,gob_tbl_01451,3,1,2,true
1834,proc_tbl_01777,3,2,1,false
1835,dash_tbl_03401,3,2,1,false
1836,gob_tbl_02181,3,2,1,false
1837,gob_tbl_03842,3,2,1,false
1838,gob_ext_00410,3,3,0,false
1839,gob_tbl_02684,3,2,1,false
1840,dash_tbl_00753,3,2,1,false
1841,gob_tbl_01646,3,2,1,false
1842,std_tbl_02358,3,2,1,false
1843,gob_tbl_02687,3,2,1,false
1844,proc_tbl_04075,3,2,1,false
1845,std_tbl_00800,3,2,1,false
1846,gob_tbl_01933,3,2,1,false
1847,dlk_tbl_00284,3,2,1,false
1848,gob_tbl_02857,3,2,1,false
1849,dlk_tbl_00890,3,2,1,false
1850,dlk_tbl_00838,3,2,1,false
1851,dlk_tbl_03778,3,2,1,false
1852,dash_tbl_04268,3,2,1,false
1853,dlk_tbl_00272,3,2,1,false
1854,dlk_tbl_03900,3,2,1,false
1855,proc_tbl_03758,3,2,1,false
1856,dlk_tbl_02915,3,2,1,false
1857,dlk_tbl_02005,3,2,1,false
1858,dlk_tbl_02409,3,2,1,false
1859,dlk_ext_00366,3,3,0,false
1860,dlk_tbl_04332,3,1,2,true
1861,dlk_tbl_03219,3,2,1,false
1862,proc_tbl_00287,3,2,1,false
1863,gob_ext_00041,3,3,0,false
1864,dlk_tbl_04284,3,2,1,false
1865,dlk_tbl_01198,3,2,1,false
1866,dlk_tbl_01919,3,2,1,false
1867,std_tbl_02574,3,2,1,false
1868,m4vw_tbl_01810,3,2,1,false
1869,dlk_tbl_02690,3,2,1,false
1870,dlk_tbl_02461,3,2,1,false
1871,dlk_tbl_02471,3,2,1,false
1872,dlk_tbl_03305,3,2,1,false
1873,gob_tbl_03154,3,2,1,false
1874,proc_tbl_03182,3,2,1,false
1875,dash_tbl_02280,3,2,1,false
1876,dash_tbl_02575,3,2,1,false
1877,gob_tbl_04303,3,2,1,false
1878,gob_tbl_02466,3,2,1,false
1879,gob_tbl_03378,3,2,1,false
1880,dlk_tbl_01827,3,2,1,false
1881,gob_tbl_00752,3,2,1,false
1882,dlk_tbl_00141,3,2,1,false
1883,gob_tbl_02384,3,2,1,false
1884,dlk_ext_00356,3,3,0,false
1885,gob_tbl_01220,3,2,1,false
1886,dlk_tbl_01941,3,2,1,false
1887,gob_tbl_03062,3,2,1,false
1888,gob_ext_00567,3,3,0,false
1889,dash_tbl_01172,3,2,1,false
1890,dlk_tbl_00788,3,2,1,false
1891,gob_tbl_02639,3,2,1,false
1892,proc_tbl_01501,3,2,1,false
1893,gob_tbl_02116,3,2,1,false
1894,dlk_tbl_00532,3,2,1,false
1895,dash_tbl_01375,3,2,1,false
1896,dlk_tbl_04295,3,2,1,false
1897,dlk_tbl_02397,3,2,1,false
1898,dash_tbl_04059,3,2,1,false
1899,dlk_tbl_02292,3,2,1,false
1900,dlk_tbl_00538,3,2,1,false
1901,dlk_tbl_00675,3,2,1,false
1902,dash_tbl_00629,3,2,1,false
1903,proc_tbl_02369,3,2,1,false
1904,dlk_tbl_04487,3,2,1,false
1905,dlk_tbl_04440,3,2,1,false
1906,proc_tbl_02158,3,2,1,false
1907,proc_tbl_03690,3,2,1,false
1908,dlk_tbl_02255,3,2,1,false
1909,dash_ext_00412,3,3,0,false
1910,proc_tbl_03966,3,2,1,false
1911,gob_tbl_02903,3,2,1,false
1912,gob_tbl_02469,3,2,1,false
1913,proc_tbl_00908,3,2,1,false
1914,gob_tbl_00507,3,2,1,false
1915,gob_tbl_04005,3,2,1,false
1916,gob_tbl_01001,3,2,1,false
1917,dlk_tbl_00808,3,2,1,false
1918,dlk_tbl_01387,3,2,1,false
1919,gob_tbl_02984,3,2,1,false
1920,dlk_tbl_03529,3,2,1,false
1921,dlk_tbl_00657,3,2,1,false
1922,gob_tbl_02634,3,2,1,false
1923,gob_tbl_00907,3,2,1,false
1924,dlk_tbl_01565,3,2,1,false
1925,dash_tbl_01186,3,2,1,false
1926,m4vw_tbl_02769,3,2,1,false
1927,dlk_tbl_02732,3,2,1,false
1928,dlk_tbl_02644,3,2,1,false
1929,ppn_tbl_02976,3,2,1,false
1930,proc_tbl_03421,3,2,1,false
1931,dlk_tbl_03114,3,2,1,false
1932,gob_tbl_01303,3,2,1,false
1933,proc_tbl_04310,3,2,1,false
1934,proc_tbl_00593,3,2,1,false
1935,dlk_ext_00163,3,3,0,false
1936,dlk_tbl_03916,3,2,1,false
1937,gob_tbl_03508,3,2,1,false
1938,gob_tbl_00595,3,2,1,false
1939,std_tbl_01263,3,2,1,false
1940,dash_tbl_03389,3,2,1,false
1941,proc_tbl_03615,3,2,1,false
1942,dlk_tbl_01061,3,2,1,false
1943,dlk_tbl_02571,3,2,1,false
1944,dlk_tbl_04377,3,2,1,false
1945,dlk_tbl_02325,3,2,1,false
1946,proc_tbl_04021,3,2,1,false
1947,dlk_tbl_03004,3,2,1,false
1948,proc_tbl_01487,3,2,1,false
1949,gob_ext_00118,3,3,0,false
1950,dlk_tbl_02087,3,2,1,false
1951,dlk_tbl_01879,3,2,1,false
1952,dash_tbl_04391,3,2,1,false
1953,proc_tbl_00242,3,2,1,false
1954,dash_ext_00279,3,3,0,false
1955,m4vw_tbl_01708,3,2,1,false
1956,proc_tbl_01342,3,2,1,false
1957,dlk_tbl_02592,3,2,1,false
1958,gob_tbl_01587,3,2,1,false
1959,dlk_tbl_00646,3,2,1,false
1960,std_tbl_03642,3,2,1,false
1961,gob_tbl_01844,3,1,2,true
1962,dlk_tbl_02775,3,2,1,false
1963,gob_tbl_03058,3,2,1,false
1964,proc_tbl_00467,3,2,1,false
1965,ppn_tbl_03233,3,2,1,false
1966,std_tbl_01550,3,2,1,false
1967,dash_tbl_03502,3,2,1,false
1968,m4sco_tbl_02029,3,2,1,false
1969,dlk_tbl_00690,3,2,1,false
1970,dlk_tbl_03799,3,2,1,false
1971,dash_tbl_04157,3,2,1,false
1972,dlk_ext_00129,3,3,0,false
1973,gob_tbl_00591,3,2,1,false
1974,dlk_tbl_03216,3,2,1,false
1975,gob_tbl_02688,3,2,1,false
1976,dlk_tbl_01037,3,2,1,false
1977,dlk_tbl_02364,3,2,1,false
1978,gob_tbl_01130,3,2,1,false
1979,gob_tbl_01440,3,2,1,false
1980,gob_tbl_03319,3,2,1,false
1981,gob_tbl_00323,3,1,2,true
1982,dlk_tbl_02299,3,2,1,false
1983,dash_ext_00359,3,3,0,false
1984,proc_tbl_01077,3,2,1,false
1985,gob_tbl_04334,3,2,1,false
1986,gob_tbl_03403,3,2,1,false
1987,dlk_tbl_04346,3,2,1,false
1988,gob_tbl_00321,3,2,1,false
1989,dash_tbl_04495,3,2,1,false
1990,dlk_tbl_01379,3,2,1,false
1991,gob_tbl_01254,3,2,1,false
1992,dlk_tbl_02151,3,2,1,false
1993,proc_tbl_00663,3,2,1,false
1994,dlk_tbl_00267,3,2,1,false
1995,dlk_tbl_00093,3,2,1,false
1996,proc_tbl_03905,3,2,1,false
1997,gob_ext_00421,3,3,0,false
1998,dlk_tbl_03151,3,2,1,false
1999,gob_tbl_02568,3,2,1,false
2000,dlk_tbl_03295,3,2,1,false
2001,m4sco_tbl_02810,3,1,2,true
2002,proc_tbl_02787,3,2,1,false
2003,dlk_tbl_02547,3,2,1,false
2004,gob_tbl_03102,3,2,1,false
2005,gob_tbl_01380,3,2,1,false
2006,dlk_tbl_01289,3,2,1,false
2007,proc_tbl_03368,2,1,1,false
2008,dash_ext_00409,2,2,0,false
2009,m4sco_tbl_02051,2,1,1,false
2010,dlk_tbl_02156,2,1,1,false
2011,gob_tbl_04016,2,1,1,false
2012,gob_tbl_01493,2,1,1,false
2013,gob_tbl_03533,2,1,1,false
2014,dlk_tbl_04153,2,1,1,false
2015,proc_tbl_01825,2,1,1,false
2016,gob_tbl_00424,2,1,1,false
2017,proc_ext_00202,2,2,0,false
2018,dash_tbl_02316,2,1,1,false
2019,dlk_tbl_00410,2,1,1,false
2020,dlk_tbl_01078,2,1,1,false
2021,proc_tbl_02055,2,1,1,false
2022,dash_tbl_04228,2,1,1,false
2023,gob_tbl_03985,2,1,1,false
2024,gob_tbl_04506,2,1,1,false
2025,dash_tbl_00442,2,1,1,false
2026,dlk_tbl_02659,2,1,1,false
2027,proc_tbl_04092,2,1,1,false
2028,m4vw_tbl_01350,2,1,1,false
2029,dlk_tbl_02405,2,1,1,false
2030,dlk_tbl_00483,2,1,1,false
2031,gob_tbl_02351,2,1,1,false
2032,dlk_tbl_01094,2,1,1,false
2033,gob_tbl_04285,2,1,1,false
2034,dlk_tbl_04489,2,1,1,false
2035,gob_tbl_02649,2,1,1,false
2036,gob_tbl_00698,2,1,1,false
2037,dash_tbl_01105,2,1,1,false
2038,gob_tbl_03723,2,1,1,false
2039,dlk_tbl_03915,2,1,1,false
2040,dlk_tbl_03768,2,1,1,false
2041,dlk_ext_00641,2,2,0,false
2042,dlk_tbl_03477,2,1,1,false
2043,dlk_tbl_01841,2,0,2,true
2044,dlk_tbl_04302,2,1,1,false
2045,dash_tbl_03369,2,1,1,false
2046,proc_tbl_03170,2,1,1,false
2047,proc_tbl_02653,2,1,1,false
2048,proc_ext_00646,2,2,0,false
2049,gob_tbl_02279,2,1,1,false
2050,dlk_tbl_04265,2,1,1,false
2051,dlk_tbl_01560,2,1,1,false
2052,dlk_tbl_03908,2,1,1,false
2053,gob_tbl_03450,2,1,1,false
2054,proc_tbl_00188,2,1,1,false
2055,gob_tbl_02621,2,0,2,true
2056,gob_tbl_03088,2,1,1,false
2057,proc_tbl_03125,2,1,1,false
2058,dlk_tbl_00892,2,1,1,false
2059,dlk_tbl_00261,2,1,1,false
2060,dlk_tbl_00143,2,1,1,false
2061,dash_tbl_03604,2,1,1,false
2062,gob_tbl_03222,2,1,1,false
2063,dlk_ext_00638,2,2,0,false
2064,gob_tbl_04403,2,1,1,false
2065,gob_tbl_03331,2,1,1,false
2066,dlk_tbl_04173,2,1,1,false
2067,dlk_tbl_00099,2,1,1,false
2068,gob_tbl_00358,2,1,1,false
2069,dlk_tbl_04405,2,1,1,false
2070,dlk_tbl_03626,2,1,1,false
2071,gob_tbl_03911,2,1,1,false
2072,m4sco_tbl_01158,2,1,1,false
2073,gob_tbl_01774,2,1,1,false
2074,gob_tbl_03782,2,1,1,false
2075,dlk_tbl_04222,2,1,1,false
2076,gob_tbl_00428,2,1,1,false
2077,std_tbl_00489,2,1,1,false
2078,m4sco_tbl_02155,2,1,1,false
2079,dlk_tbl_01474,2,1,1,false
2080,proc_tbl_03471,2,1,1,false
2081,dlk_tbl_01727,2,1,1,false
2082,gob_tbl_01686,2,1,1,false
2083,ppn_tbl_02189,2,1,1,false
2084,gob_tbl_04434,2,1,1,false
2085,dlk_tbl_01589,2,1,1,false
2086,dlk_tbl_02403,2,1,1,false
2087,gob_tbl_00109,2,1,1,false
2088,dash_tbl_03732,2,1,1,false
2089,std_tbl_03839,2,1,1,false
2090,gob_tbl_03294,2,1,1,false
2091,dlk_tbl_02438,2,1,1,false
2092,std_tbl_03220,2,1,1,false
2093,dlk_tbl_00128,2,1,1,false
2094,gob_tbl_00699,2,1,1,false
2095,std_tbl_03439,2,1,1,false
2096,proc_tbl_01177,2,1,1,false
2097,gob_tbl_02140,2,1,1,false
2098,dlk_tbl_03120,2,1,1,false
2099,proc_tbl_02528,2,1,1,false
2100,dlk_tbl_04152,2,1,1,false
2101,dlk_tbl_04300,2,1,1,false
2102,gob_tbl_03981,2,1,1,false
2103,gob_tbl_03177,2,1,1,false
2104,dlk_tbl_01612,2,1,1,false
2105,gob_tbl_02078,2,1,1,false
2106,proc_tbl_00263,2,1,1,false
2107,gob_tbl_03410,2,1,1,false
2108,dlk_tbl_00206,2,1,1,false
2109,dlk_tbl_01093,2,1,1,false
2110,proc_tbl_02343,2,1,1,false
2111,dlk_ext_00307,2,2,0,false
2112,dash_tbl_00749,2,1,1,false
2113,gob_tbl_01428,2,1,1,false
2114,dlk_tbl_02842,2,1,1,false
2115,gob_tbl_02712,2,1,1,false
2116,dlk_tbl_01835,2,1,1,false
2117,gob_tbl_01060,2,1,1,false
2118,gob_tbl_01644,2,1,1,false
2119,proc_tbl_04150,2,1,1,false
2120,proc_tbl_03897,2,1,1,false
2121,proc_tbl_02680,2,1,1,false
2122,dlk_tbl_02640,2,1,1,false
2123,gob_tbl_00804,2,1,1,false
2124,gob_tbl_01392,2,1,1,false
2125,dlk_tbl_01663,2,1,1,false
2126,gob_tbl_03085,2,1,1,false
2127,dlk_tbl_01489,2,1,1,false
2128,dlk_tbl_03532,2,1,1,false
2129,gob_tbl_00868,2,1,1,false
2130,dlk_tbl_00326,2,1,1,false
2131,gob_tbl_00002,2,1,1,false
2132,gob_tbl_03156,2,1,1,false
2133,dash_tbl_02657,2,1,1,false
2134,dlk_tbl_00512,2,1,1,false
2135,proc_tbl_03348,2,1,1,false
2136,gob_tbl_03357,2,1,1,false
2137,gob_tbl_01842,2,1,1,false
2138,gob_tbl_02401,2,1,1,false
2139,dlk_tbl_01980,2,1,1,false
2140,dlk_tbl_01921,2,1,1,false
2141,dash_tbl_03914,2,1,1,false
2142,gob_tbl_03335,2,1,1,false
2143,m4vw_tbl_04331,2,1,1,false
2144,gob_tbl_00158,2,1,1,false
2145,std_tbl_02774,2,1,1,false
2146,gob_tbl_02144,2,1,1,false
2147,gob_tbl_00390,2,1,1,false
2148,gob_tbl_02877,2,1,1,false
2149,gob_tbl_01525,2,1,1,false
2150,dlk_tbl_01981,2,1,1,false
2151,gob_tbl_01017,2,1,1,false
2152,std_tbl_03080,2,1,1,false
2153,proc_tbl_00604,2,1,1,false
2154,gob_ext_00089,2,2,0,false
2155,gob_tbl_01339,2,1,1,false
2156,dlk_tbl_03327,2,1,1,false
2157,gob_tbl_04019,2,1,1,false
2158,std_tbl_03355,2,1,1,false
2159,std_tbl_04449,2,1,1,false
2160,gob_tbl_01004,2,1,1,false
2161,dlk_tbl_04197,2,1,1,false
2162,gob_tbl_02381,2,1,1,false
2163,dash_tbl_02556,2,1,1,false
2164,gob_tbl_01994,2,1,1,false
2165,dlk_ext_00402,2,2,0,false
2166,m4vw_tbl_02652,2,1,1,false
2167,dlk_tbl_03203,2,1,1,false
2168,gob_tbl_02411,2,1,1,false
2169,dlk_tbl_04406,2,1,1,false
2170,m4sco_tbl_04439,2,1,1,false
2171,dlk_tbl_03906,2,1,1,false
2172,proc_tbl_01147,2,1,1,false
2173,m4sco_tbl_03609,2,1,1,false
2174,dash_tbl_03975,2,1,1,false
2175,dlk_tbl_00111,2,1,1,false
2176,gob_tbl_00528,2,1,1,false
2177,gob_ext_00226,2,2,0,false
2178,dlk_tbl_03128,2,1,1,false
2179,gob_tbl_03658,2,1,1,false
2180,gob_tbl_02772,2,1,1,false
2181,dlk_tbl_01188,2,1,1,false
2182,gob_tbl_01865,2,1,1,false
2183,gob_tbl_04368,2,1,1,false
2184,dlk_tbl_00425,2,1,1,false
2185,dlk_tbl_02179,2,1,1,false
2186,gob_tbl_04124,2,1,1,false
2187,gob_tbl_02759,2,1,1,false
2188,dlk_tbl_03417,2,1,1,false
2189,gob_tbl_02588,2,1,1,false
2190,gob_tbl_01423,2,1,1,false
2191,gob_tbl_02024,2,1,1,false
2192,gob_tbl_02832,2,1,1,false
2193,gob_tbl_02107,2,1,1,false
2194,gob_tbl_02820,2,1,1,false
2195,dash_tbl_02917,2,1,1,false
2196,proc_tbl_01431,2,1,1,false
2197,dlk_tbl_01372,2,1,1,false
2198,gob_tbl_00060,2,0,2,true
2199,dlk_tbl_03250,2,1,1,false
2200,dlk_tbl_03066,2,1,1,false
2201,dlk_ext_00080,2,2,0,false
2202,gob_tbl_03385,2,1,1,false
2203,gob_tbl_02091,2,1,1,false
2204,dlk_tbl_00976,2,1,1,false
2205,dlk_tbl_02251,2,1,1,false
2206,dash_tbl_02843,2,1,1,false
2207,gob_tbl_01755,2,1,1,false
2208,dlk_tbl_03387,2,1,1,false
2209,proc_tbl_04451,2,1,1,false
2210,gob_tbl_04014,2,1,1,false
2211,dlk_tbl_03918,2,1,1,false
2212,m4vw_tbl_02741,2,1,1,false
2213,gob_tbl_03344,2,1,1,false
2214,proc_tbl_01320,2,1,1,false
2215,proc_tbl_01496,2,1,1,false
2216,dlk_tbl_01255,2,1,1,false
2217,gob_tbl_02206,2,1,1,false
2218,gob_tbl_00139,2,1,1,false
2219,dash_ext_00532,2,2,0,false
2220,proc_tbl_02629,2,1,1,false
2221,dlk_tbl_00083,2,1,1,false
2222,proc_tbl_00816,2,1,1,false
2223,gob_tbl_00198,2,1,1,false
2224,proc_tbl_04411,2,1,1,false
2225,proc_tbl_02418,2,1,1,false
2226,gob_tbl_01434,2,1,1,false
2227,gob_tbl_01104,2,1,1,false
2228,dlk_tbl_03522,2,1,1,false
2229,dlk_tbl_00311,2,0,2,true
2230,dlk_tbl_02057,2,1,1,false
2231,proc_tbl_03903,2,1,1,false
2232,dlk_tbl_01146,2,1,1,false
2233,std_tbl_01657,2,1,1,false
2234,proc_tbl_01703,2,1,1,false
2235,proc_tbl_01829,2,1,1,false
2236,gob_tbl_00152,2,1,1,false
2237,gob_tbl_03835,2,1,1,false
2238,dlk_tbl_03126,2,1,1,false
2239,gob_tbl_00367,2,1,1,false
2240,dlk_tbl_00897,2,1,1,false
2241,m4sco_tbl_02637,2,1,1,false
2242,gob_tbl_04360,2,1,1,false
2243,dlk_tbl_00306,2,1,1,false
2244,dlk_tbl_03303,2,1,1,false
2245,dlk_tbl_00736,2,1,1,false
2246,m4vw_tbl_02070,2,1,1,false
2247,dash_tbl_02481,2,1,1,false
2248,dlk_tbl_00071,2,1,1,false
2249,std_tbl_02673,2,1,1,false
2250,dlk_tbl_02806,2,1,1,false
2251,dlk_tbl_01068,2,1,1,false
2252,dash_tbl_02127,2,1,1,false
2253,gob_ext_00546,2,2,0,false
2254,dlk_tbl_00680,2,1,1,false
2255,proc_tbl_00547,2,1,1,false
2256,gob_tbl_02934,2,1,1,false
2257,proc_tbl_04101,2,1,1,false
2258,proc_tbl_03270,2,1,1,false
2259,dlk_tbl_00824,2,1,1,false
2260,gob_tbl_01469,2,1,1,false
2261,dlk_tbl_01107,2,1,1,false
2262,dlk_ext_00069,2,2,0,false
2263,gob_tbl_00476,2,1,1,false
2264,proc_tbl_03435,2,1,1,false
2265,std_tbl_02226,2,1,1,false
2266,dlk_tbl_00319,2,1,1,false
2267,dlk_tbl_01731,2,1,1,false
2268,dlk_tbl_01791,2,1,1,false
2269,gob_tbl_03175,2,1,1,false
2270,dlk_tbl_01169,2,1,1,false
2271,proc_tbl_01315,2,1,1,false
2272,dlk_tbl_03573,2,1,1,false
2273,std_tbl_01889,2,1,1,false
2274,gob_tbl_04214,2,1,1,false
2275,dlk_tbl_00775,2,1,1,false
2276,dlk_tbl_03756,2,1,1,false
2277,m4sco_tbl_00973,2,1,1,false
2278,gob_tbl_01059,2,1,1,false
2279,proc_tbl_02705,2,1,1,false
2280,m4vw_tbl_00935,2,1,1,false
2281,dlk_tbl_02259,2,1,1,false
2282,gob_tbl_04057,2,1,1,false
2283,dlk_tbl_00142,2,1,1,false
2284,dlk_tbl_02871,2,1,1,false
2285,std_tbl_00355,2,1,1,false
2286,dash_tbl_00246,2,1,1,false
2287,proc_tbl_02220,2,1,1,false
2288,gob_tbl_00075,2,1,1,false
2289,gob_tbl_01730,2,1,1,false
2290,proc_tbl_03230,2,1,1,false
2291,dlk_tbl_03850,2,1,1,false
2292,gob_tbl_03185,2,1,1,false
2293,proc_tbl_04357,2,1,1,false
2294,gob_tbl_00865,2,1,1,false
2295,dlk_tbl_00871,2,1,1,false
2296,dlk_tbl_02214,2,1,1,false
2297,gob_tbl_00199,2,1,1,false
2298,dlk_tbl_02264,2,1,1,false
2299,proc_tbl_01290,2,1,1,false
2300,dlk_ext_00523,2,2,0,false
2301,dash_tbl_00345,2,1,1,false
2302,dlk_tbl_04120,2,1,1,false
2303,std_tbl_01655,2,1,1,false
2304,gob_tbl_02131,2,1,1,false
2305,dlk_tbl_04480,2,1,1,false
2306,dlk_tbl_00744,2,1,1,false
2307,dlk_tbl_04087,2,1,1,false
2308,dlk_tbl_04315,2,1,1,false
2309,gob_tbl_02090,2,1,1,false
2310,proc_tbl_03869,2,1,1,false
2311,dash_ext_00235,2,2,0,false
2312,gob_ext_00211,2,2,0,false
2313,dash_tbl_02420,2,1,1,false
2314,dash_tbl_00347,2,1,1,false
2315,dlk_tbl_00970,2,1,1,false
2316,gob_tbl_00655,2,1,1,false
2317,gob_tbl_04504,2,1,1,false
2318,dlk_tbl_02551,2,1,1,false
2319,gob_tbl_01995,2,1,1,false
2320,gob_tbl_02930,2,1,1,false
2321,proc_tbl_01739,2,1,1,false
2322,gob_tbl_00578,2,1,1,false
2323,dlk_tbl_03605,2,1,1,false
2324,dash_tbl_01109,2,1,1,false
2325,dlk_tbl_03499,2,1,1,false
2326,gob_tbl_02579,2,1,1,false
2327,gob_tbl_02786,2,1,1,false
2328,dlk_tbl_01764,2,1,1,false
2329,proc_tbl_04293,2,1,1,false
2330,std_tbl_02719,2,1,1,false
2331,gob_ext_00578,2,2,0,false
2332,dlk_tbl_00988,2,0,2,true
2333,dlk_tbl_01170,2,1,1,false
2334,dash_tbl_00672,2,1,1,false
2335,gob_tbl_00888,2,1,1,false
2336,gob_tbl_03300,2,1,1,false
2337,std_tbl_01044,2,1,1,false
2338,proc_tbl_01900,2,1,1,false
2339,dlk_tbl_02449,2,1,1,false
2340,dlk_tbl_01899,2,1,1,false
2341,gob_tbl_03673,2,1,1,false
2342,gob_tbl_00167,2,1,1,false
2343,dash_tbl_01990,2,1,1,false
2344,dlk_tbl_03749,2,1,1,false
2345,dlk_tbl_04149,2,1,1,false
2346,dlk_tbl_00616,2,1,1,false
2347,gob_tbl_03591,2,1,1,false
2348,gob_tbl_00985,2,1,1,false
2349,dlk_tbl_01670,2,1,1,false
2350,dlk_tbl_00105,2,1,1,false
2351,dlk_tbl_03206,2,1,1,false
2352,gob_tbl_00735,2,1,1,false
2353,proc_tbl_00554,2,1,1,false
2354,dlk_tbl_01667,2,1,1,false
2355,dash_tbl_03315,2,1,1,false
2356,dlk_tbl_00795,2,1,1,false
2357,dlk_ext_00389,2,2,0,false
2358,dlk_tbl_00329,2,1,1,false
2359,proc_tbl_03265,2,0,2,true
2360,gob_tbl_03986,2,1,1,false
2361,proc_tbl_03039,2,1,1,false
2362,dlk_tbl_02608,2,1,1,false
2363,gob_tbl_01485,2,1,1,false
2364,dlk_tbl_00369,2,1,1,false
2365,gob_tbl_00617,2,1,1,false
2366,gob_tbl_01408,2,1,1,false
2367,proc_tbl_02508,2,1,1,false
2368,dlk_tbl_00951,2,1,1,false
2369,gob_tbl_03244,2,1,1,false
2370,dlk_tbl_03464,2,1,1,false
2371,dlk_tbl_00283,2,1,1,false
2372,gob_tbl_01862,2,1,1,false
2373,proc_tbl_00477,2,1,1,false
2374,dlk_tbl_00125,2,1,1,false
2375,proc_tbl_04068,2,1,1,false
2376,dlk_tbl_03073,2,1,1,false
2377,dlk_tbl_03913,2,1,1,false
2378,gob_tbl_01512,2,1,1,false
2379,dlk_tbl_03290,2,1,1,false
2380,dlk_tbl_02172,2,1,1,false
2381,dlk_tbl_00492,2,1,1,false
2382,gob_tbl_02638,2,1,1,false
2383,dlk_tbl_01778,2,1,1,false
2384,gob_tbl_00413,2,1,1,false
2385,gob_tbl_00712,2,1,1,false
2386,dash_ext_00042,2,2,0,false
2387,dash_tbl_00569,2,1,1,false
2388,proc_tbl_01746,2,1,1,false
2389,dlk_tbl_00150,2,1,1,false
2390,dlk_tbl_00432,2,1,1,false
2391,gob_ext_00621,2,2,0,false
2392,gob_ext_00119,2,2,0,false
2393,dlk_tbl_01811,2,0,2,true
2394,dash_tbl_00961,2,1,1,false
2395,m4sco_tbl_01685,2,1,1,false
2396,dlk_tbl_00100,2,1,1,false
2397,gob_tbl_03618,2,1,1,false
2398,dash_tbl_04342,2,1,1,false
2399,gob_tbl_01073,2,1,1,false
2400,gob_tbl_01937,2,1,1,false
2401,proc_tbl_00581,2,1,1,false
2402,gob_tbl_00348,2,1,1,false
2403,gob_tbl_03748,2,1,1,false
2404,dash_tbl_03046,2,1,1,false
2405,gob_tbl_02174,2,1,1,false
2406,gob_tbl_01799,2,1,1,false
2407,dlk_tbl_01625,2,1,1,false
2408,proc_tbl_02993,2,1,1,false
2409,dlk_tbl_02743,2,1,1,false
2410,gob_tbl_01152,2,1,1,false
2411,proc_tbl_02739,2,1,1,false
2412,dlk_tbl_00498,2,1,1,false
2413,gob_tbl_03864,2,1,1,false
2414,gob_tbl_00520,2,1,1,false
2415,dlk_tbl_02727,2,1,1,false
2416,proc_tbl_02385,2,1,1,false
2417,dlk_tbl_00469,2,1,1,false
2418,gob_tbl_00022,2,1,1,false
2419,dash_tbl_00609,2,1,1,false
2420,gob_tbl_02348,2,1,1,false
2421,gob_tbl_01987,2,1,1,false
2422,dlk_tbl_02256,2,1,1,false
2423,gob_tbl_03321,2,1,1,false
2424,proc_tbl_01735,2,1,1,false
2425,dash_tbl_00797,2,1,1,false
2426,gob_tbl_02494,2,1,1,false
2427,m4sco_tbl_03013,2,1,1,false
2428,dlk_tbl_01276,2,1,1,false
2429,dash_tbl_00696,2,1,1,false
2430,dlk_tbl_03763,2,1,1,false
2431,std_tbl_03812,2,1,1,false
2432,gob_tbl_01732,2,1,1,false
2433,dlk_tbl_04017,2,1,1,false
2434,dlk_tbl_01997,2,1,1,false
2435,dlk_tbl_03367,2,1,1,false
2436,gob_tbl_00995,2,1,1,false
2437,proc_tbl_01099,2,1,1,false
2438,dlk_tbl_02036,2,1,1,false
2439,dlk_tbl_01327,2,1,1,false
2440,gob_tbl_03234,2,1,1,false
2441,dlk_tbl_00404,2,1,1,false
2442,dash_tbl_03498,2,1,1,false
2443,gob_tbl_01222,2,1,1,false
2444,dlk_tbl_02991,2,1,1,false
2445,dlk_tbl_03364,2,1,1,false
2446,gob_tbl_00169,2,1,1,false
2447,gob_tbl_00718,2,1,1,false
2448,dlk_tbl_04200,2,1,1,false
2449,ppn_tbl_04258,2,1,1,false
2450,m4sco_tbl_03868,2,1,1,false
2451,gob_tbl_02679,2,1,1,false
2452,dlk_tbl_01896,2,1,1,false
2453,dash_tbl_00649,2,1,1,false
2454,gob_tbl_02617,2,1,1,false
2455,gob_tbl_01947,2,1,1,false
2456,dlk_tbl_01264,2,1,1,false
2457,dlk_tbl_01519,2,1,1,false
2458,gob_tbl_03012,2,1,1,false
2459,dash_tbl_01893,2,1,1,false
2460,dlk_tbl_03902,2,1,1,false
2461,proc_tbl_03774,2,1,1,false
2462,proc_tbl_00946,2,1,1,false
2463,dlk_tbl_04492,2,1,1,false
2464,gob_tbl_01453,2,1,1,false
2465,proc_tbl_00212,2,1,1,false
2466,gob_tbl_01671,2,1,1,false
2467,dlk_tbl_01866,2,1,1,false
2468,dlk_tbl_00939,2,1,1,false
2469,proc_tbl_04012,2,1,1,false
2470,proc_tbl_01765,2,1,1,false
2471,ppn_tbl_04311,2,1,1,false
2472,dlk_tbl_00898,2,1,1,false
2473,dlk_tbl_02053,2,1,1,false
2474,gob_tbl_00674,2,1,1,false
2475,dash_tbl_00873,2,1,1,false
2476,dlk_tbl_01699,2,1,1,false
2477,std_tbl_02008,2,1,1,false
2478,dlk_tbl_00163,2,1,1,false
2479,dlk_tbl_03877,2,1,1,false
2480,gob_tbl_03194,2,1,1,false
2481,dlk_tbl_02808,2,1,1,false
2482,dlk_tbl_00000,2,1,1,false
2483,gob_tbl_01558,2,1,1,false
2484,gob_tbl_00484,2,1,1,false
2485,gob_tbl_02303,2,1,1,false
2486,dlk_tbl_03376,2,1,1,false
2487,dash_tbl_02002,2,1,1,false
2488,gob_tbl_01619,2,1,1,false
2489,gob_tbl_01360,2,1,1,false
2490,dlk_tbl_01771,2,1,1,false
2491,gob_tbl_02836,2,1,1,false
2492,gob_tbl_03721,2,1,1,false
2493,dlk_tbl_00181,2,1,1,false
2494,gob_tbl_01776,2,1,1,false
2495,dlk_tbl_03596,2,1,1,false
2496,dlk_ext_00146,2,2,0,false
2497,gob_tbl_01070,2,1,1,false
2498,gob_tbl_02301,2,1,1,false
2499,dlk_tbl_02134,2,1,1,false
2500,gob_tbl_00924,2,1,1,false
2501,m4vw_tbl_04037,2,1,1,false
2502,gob_tbl_01324,2,1,1,false
2503,dlk_tbl_02035,2,1,1,false
2504,dash_tbl_02386,2,1,1,false
2505,dlk_tbl_02895,2,1,1,false
2506,dash_tbl_00637,2,0,2,true
2507,dlk_tbl_02865,2,1,1,false
2508,gob_tbl_01027,2,1,1,false
2509,dlk_tbl_04247,2,1,1,false
2510,gob_tbl_03057,2,0,2,true
2511,dlk_tbl_04455,2,1,1,false
2512,proc_tbl_02041,2,1,1,false
2513,dlk_tbl_02698,2,1,1,false
2514,dlk_tbl_00447,2,1,1,false
2515,gob_ext_00539,2,2,0,false
2516,dlk_tbl_01144,2,1,1,false
2517,gob_tbl_03697,2,1,1,false
2518,dlk_tbl_01403,2,1,1,false
2519,dlk_tbl_00738,2,1,1,false
2520,gob_tbl_01364,2,1,1,false
2521,m4sco_tbl_03021,2,1,1,false
2522,dlk_tbl_01793,2,1,1,false
2523,dlk_tbl_03017,2,1,1,false
2524,gob_tbl_00819,2,1,1,false
2525,gob_tbl_03746,2,1,1,false
2526,dlk_tbl_03550,2,1,1,false
2527,gob_tbl_00211,2,1,1,false
2528,dash_tbl_02793,2,1,1,false
2529,dlk_tbl_03795,2,1,1,false
2530,gob_tbl_00823,2,1,1,false
2531,proc_tbl_01427,2,1,1,false
2532,gob_tbl_03627,2,1,1,false
2533,gob_tbl_03232,2,1,1,false
2534,dlk_tbl_00959,2,1,1,false
2535,dlk_tbl_03937,2,1,1,false
2536,dlk_tbl_00945,2,1,1,false
2537,dlk_tbl_02683,2,1,1,false
2538,gob_tbl_00396,2,1,1,false
2539,proc_tbl_03252,2,1,1,false
2540,proc_tbl_00767,2,1,1,false
2541,std_tbl_00441,2,1,1,false
2542,dlk_tbl_02387,2,1,1,false
2543,gob_tbl_00584,2,1,1,false
2544,gob_tbl_03625,2,1,1,false
2545,dlk_tbl_02275,2,1,1,false
2546,gob_tbl_03429,2,0,2,true
2547,gob_tbl_01393,2,0,2,true
2548,dlk_tbl_01390,2,1,1,false
2549,dlk_tbl_03141,2,1,1,false
2550,dlk_tbl_00276,2,1,1,false
2551,dlk_tbl_01308,2,0,2,true
2552,proc_tbl_04279,2,1,1,false
2553,gob_tbl_01904,2,1,1,false
2554,dlk_tbl_03780,2,1,1,false
2555,dash_ext_00326,2,2,0,false
2556,gob_tbl_02320,2,1,1,false
2557,dlk_tbl_03289,2,1,1,false
2558,gob_tbl_01847,2,1,1,false
2559,dlk_tbl_01039,2,1,1,false
2560,dash_tbl_00921,2,1,1,false
2561,dlk_tbl_02835,2,1,1,false
2562,dlk_tbl_03998,2,1,1,false
2563,proc_tbl_01021,2,1,1,false
2564,dlk_tbl_00603,2,1,1,false
2565,proc_tbl_03268,2,0,2,true
2566,gob_tbl_03050,2,1,1,false
2567,ppn_tbl_01534,2,1,1,false
2568,dlk_tbl_00172,2,1,1,false
2569,proc_tbl_03535,2,1,1,false
2570,m4vw_tbl_00312,2,1,1,false
2571,m4vw_tbl_00901,2,1,1,false
2572,gob_tbl_02607,2,1,1,false
2573,dlk_tbl_03910,2,1,1,false
2574,dlk_tbl_00061,2,1,1,false
2575,gob_tbl_02896,2,1,1,false
2576,dash_tbl_00751,2,1,1,false
2577,m4vw_tbl_03095,2,1,1,false
2578,gob_tbl_03770,2,1,1,false
2579,gob_ext_00078,2,2,0,false
2580,dash_tbl_04015,2,1,1,false
2581,dlk_tbl_00802,2,1,1,false
2582,dlk_tbl_00336,2,1,1,false
2583,dlk_tbl_03024,2,1,1,false
2584,dlk_tbl_04127,2,1,1,false
2585,std_tbl_01502,2,1,1,false
2586,proc_tbl_01932,2,1,1,false
2587,dlk_tbl_04437,2,1,1,false
2588,dlk_tbl_02603,2,1,1,false
2589,dlk_tbl_03817,2,1,1,false
2590,dlk_tbl_04091,2,1,1,false
2591,gob_tbl_03825,2,1,1,false
2592,dash_tbl_00864,2,1,1,false
2593,dlk_tbl_00571,2,1,1,false
2594,dlk_tbl_00977,2,1,1,false
2595,dlk_tbl_03278,2,1,1,false
2596,dlk_tbl_00184,2,1,1,false
2597,m4vw_tbl_01713,2,1,1,false
2598,dlk_tbl_02074,2,1,1,false
2599,dlk_tbl_03301,2,1,1,false
2600,dash_tbl_01665,2,1,1,false
2601,dlk_tbl_03452,2,1,1,false
2602,dlk_tbl_04175,2,1,1,false
2603,dlk_tbl_00618,2,1,1,false
2604,m4sco_tbl_02694,2,1,1,false
2605,dlk_ext_00494,2,2,0,false
2606,proc_tbl_02240,2,1,1,false
2607,dlk_ext_00393,2,2,0,false
2608,proc_tbl_01966,2,1,1,false
2609,gob_tbl_03827,2,1,1,false
2610,dlk_tbl_03830,2,1,1,false
2611,gob_tbl_04223,2,1,1,false
2612,gob_tbl_03984,2,1,1,false
2613,proc_ext_00098,2,2,0,false
2614,gob_tbl_03059,2,1,1,false
2615,dlk_tbl_00628,2,1,1,false
2616,dash_tbl_04457,2,1,1,false
2617,proc_tbl_01958,2,1,1,false
2618,dlk_tbl_02864,2,1,1,false
2619,proc_tbl_00474,2,1,1,false
2620,gob_tbl_02703,2,1,1,false
2621,gob_tbl_03015,2,1,1,false
2622,proc_tbl_01179,2,1,1,false
2623,proc_tbl_03999,2,1,1,false
2624,dlk_tbl_03393,2,1,1,false
2625,proc_tbl_03899,2,1,1,false
2626,dash_tbl_01398,2,1,1,false
2627,dlk_tbl_02196,2,1,1,false
2628,dlk_tbl_03291,2,1,1,false
2629,m4vw_tbl_03079,2,1,1,false
2630,dash_tbl_02096,2,1,1,false
2631,gob_tbl_01259,2,1,1,false
2632,gob_tbl_03876,2,1,1,false
2633,dlk_ext_00149,2,2,0,false
2634,proc_tbl_02648,2,1,1,false
2635,dash_tbl_00156,2,1,1,false
2636,std_tbl_00217,2,1,1,false
2637,std_tbl_02058,2,1,1,false
2638,gob_tbl_02500,2,1,1,false
2639,proc_tbl_02736,2,1,1,false
2640,dlk_tbl_00493,2,1,1,false
2641,std_tbl_02290,2,1,1,false
2642,dlk_tbl_03239,2,1,1,false
2643,dlk_tbl_02400,2,1,1,false
2644,gob_tbl_00560,2,1,1,false
2645,dlk_tbl_03607,2,1,1,false
2646,dash_tbl_03929,2,1,1,false
2647,gob_tbl_00727,2,1,1,false
2648,std_tbl_04038,2,1,1,false
2649,gob_tbl_03430,2,1,1,false
2650,gob_tbl_02788,2,1,1,false
2651,gob_tbl_00434,2,1,1,false
2652,gob_tbl_01086,2,1,1,false
2653,dash_tbl_02167,2,1,1,false
2654,dlk_tbl_00912,2,1,1,false
2655,proc_tbl_02983,2,1,1,false
2656,gob_tbl_02157,2,1,1,false
2657,gob_tbl_01085,2,1,1,false
2658,gob_tbl_04366,2,1,1,false
2659,m4vw_tbl_03163,2,1,1,false
2660,dlk_tbl_04453,2,1,1,false
2661,m4vw_tbl_01513,2,1,1,false
2662,dlk_tbl_00270,2,1,1,false
2663,gob_tbl_01597,2,1,1,false
2664,proc_tbl_03144,2,1,1,false
2665,m4vw_tbl_04430,2,1,1,false
2666,gob_tbl_02456,2,1,1,false
2667,dlk_tbl_00004,2,1,1,false
2668,dash_tbl_01269,2,1,1,false
2669,dlk_tbl_03167,2,1,1,false
2670,proc_tbl_03016,2,1,1,false
2671,proc_ext_00312,2,2,0,false
2672,gob_tbl_02837,2,1,1,false
2673,dlk_tbl_03949,2,1,1,false
2674,dash_tbl_03322,2,1,1,false
2675,gob_tbl_04156,2,1,1,false
2676,dlk_tbl_00166,2,1,1,false
2677,dash_tbl_02359,2,1,1,false
2678,gob_tbl_02628,2,1,1,false
2679,dlk_tbl_04039,2,1,1,false
2680,std_tbl_03400,2,1,1,false
2681,dlk_tbl_03581,2,1,1,false
2682,proc_tbl_02610,2,1,1,false
2683,gob_ext_00057,2,2,0,false
2684,proc_tbl_02371,2,1,1,false
2685,gob_tbl_00108,2,1,1,false
2686,gob_ext_00049,2,2,0,false
2687,dlk_tbl_00677,2,1,1,false
2688,proc_tbl_04107,2,1,1,false
2689,dlk_tbl_03189,2,1,1,false
2690,dlk_tbl_01882,2,1,1,false
2691,proc_tbl_04304,2,1,1,false
2692,gob_tbl_00974,2,1,1,false
2693,dlk_tbl_03040,2,1,1,false
2694,proc_tbl_01066,2,1,1,false
2695,gob_tbl_03558,2,1,1,false
2696,gob_tbl_04461,2,1,1,false
2697,proc_tbl_00282,2,1,1,false
2698,dlk_tbl_03314,2,1,1,false
2699,dash_tbl_01635,2,1,1,false
2700,m4vw_tbl_00455,2,1,1,false
2701,proc_tbl_03271,2,1,1,false
2702,dlk_tbl_00171,2,1,1,false
2703,gob_ext_00534,2,2,0,false
2704,dlk_tbl_02570,2,1,1,false
2705,gob_tbl_03808,2,1,1,false
2706,m4sco_tbl_04190,2,1,1,false
2707,dlk_tbl_02807,2,1,1,false
2708,gob_tbl_01235,2,1,1,false
2709,gob_tbl_01100,2,1,1,false
2710,gob_tbl_04180,2,1,1,false
2711,gob_tbl_02967,2,1,1,false
2712,dash_tbl_00015,2,1,1,false
2713,gob_tbl_03579,2,1,1,false
2714,dash_tbl_00585,2,1,1,false
2715,m4vw_ext_00337,2,2,0,false
2716,gob_tbl_01468,2,1,1,false
2717,dlk_tbl_02393,2,1,1,false
2718,gob_tbl_01203,2,1,1,false
2719,std_tbl_02121,2,1,1,false
2720,m4sco_tbl_04245,2,1,1,false
2721,dlk_tbl_01792,2,1,1,false
2722,dlk_tbl_03229,2,1,1,false
2723,dlk_tbl_01975,2,1,1,false
2724,dlk_tbl_04253,2,1,1,false
2725,dlk_tbl_01697,2,1,1,false
2726,dlk_tbl_02433,2,1,1,false
2727,gob_tbl_01710,2,1,1,false
2728,dlk_ext_00137,2,2,0,false
2729,dlk_tbl_01520,2,1,1,false
2730,gob_tbl_00360,2,1,1,false
2731,gob_tbl_04018,2,1,1,false
2732,gob_tbl_01121,2,1,1,false
2733,proc_tbl_03790,2,1,1,false
2734,dlk_tbl_03926,2,1,1,false
2735,gob_tbl_03855,2,1,1,false
2736,dlk_tbl_03479,2,1,1,false
2737,dlk_tbl_02493,2,1,1,false
2738,dlk_tbl_00192,2,1,1,false
2739,dlk_tbl_03564,2,1,1,false
2740,gob_tbl_04212,2,1,1,false
2741,gob_tbl_03727,2,1,1,false
2742,proc_tbl_03979,2,1,1,false
2743,dlk_ext_00522,2,2,0,false
2744,dlk_tbl_04464,2,1,1,false
2745,dash_tbl_01117,2,1,1,false
2746,dlk_tbl_03052,2,1,1,false
2747,dlk_tbl_00950,2,1,1,false
2748,dlk_tbl_00079,2,1,1,false
2749,dlk_tbl_01982,2,1,1,false
2750,gob_tbl_00829,2,1,1,false
2751,dlk_tbl_03739,2,1,1,false
2752,proc_tbl_01384,2,1,1,false
2753,dlk_tbl_01543,2,1,1,false
2754,m4vw_tbl_01088,2,1,1,false
2755,dlk_tbl_03559,2,1,1,false
2756,dlk_tbl_01881,2,1,1,false
2757,m4sco_ext_00033,2,2,0,false
2758,dlk_tbl_01687,2,1,1,false
2759,proc_tbl_00631,2,1,1,false
2760,gob_tbl_03392,2,1,1,false
2761,gob_tbl_00697,2,1,1,false
2762,gob_tbl_02784,2,1,1,false
2763,dlk_tbl_01257,2,1,1,false
2764,dlk_tbl_03135,2,1,1,false
2765,dlk_tbl_00531,2,1,1,false
2766,dash_tbl_03957,2,1,1,false
2767,dlk_tbl_04170,2,1,1,false
2768,gob_ext_00613,2,2,0,false
2769,dlk_ext_00161,2,2,0,false
2770,gob_tbl_03211,2,1,1,false
2771,proc_tbl_03819,2,1,1,false
2772,gob_tbl_04267,2,1,1,false
2773,ppn_tbl_03870,2,1,1,false
2774,gob_tbl_01767,2,1,1,false
2775,dlk_ext_00011,2,2,0,false
2776,gob_tbl_03345,2,1,1,false
2777,gob_tbl_03034,2,1,1,false
2778,proc_tbl_00377,2,1,1,false
2779,dlk_tbl_01781,2,1,1,false
2780,proc_tbl_00801,2,1,1,false
2781,gob_tbl_02826,2,1,1,false
2782,dlk_tbl_01652,2,1,1,false
2783,dlk_tbl_00288,2,1,1,false
2784,gob_tbl_02211,2,1,1,false
2785,gob_tbl_00393,2,1,1,false
2786,gob_tbl_01949,2,1,1,false
2787,dlk_ext_00065,2,2,0,false
2788,dlk_tbl_02921,2,1,1,false
2789,gob_tbl_02876,2,1,1,false
2790,gob_tbl_01261,2,1,1,false
2791,dlk_tbl_01528,2,1,1,false
2792,dlk_tbl_01287,2,1,1,false
2793,dash_tbl_02839,2,1,1,false
2794,gob_tbl_02655,2,1,1,false
2795,gob_tbl_01026,2,1,1,false
2796,gob_tbl_00029,2,1,1,false
2797,std_tbl_00996,2,1,1,false
2798,proc_tbl_03974,2,1,1,false
2799,dlk_tbl_02887,2,1,1,false
2800,dlk_tbl_04367,2,1,1,false
2801,gob_tbl_03359,2,1,1,false
2802,dlk_tbl_04375,2,1,1,false
2803,dlk_tbl_00286,2,1,1,false
2804,gob_tbl_03396,2,1,1,false
2805,proc_tbl_01299,2,1,1,false
2806,dlk_tbl_01310,2,1,1,false
2807,std_tbl_02938,2,1,1,false
2808,gob_tbl_02831,2,1,1,false
2809,gob_tbl_01291,2,1,1,false
2810,dlk_tbl_03105,2,1,1,false
2811,gob_tbl_03213,2,1,1,false
2812,gob_tbl_00033,2,1,1,false
2813,gob_tbl_02612,2,1,1,false
2814,dlk_tbl_00165,2,1,1,false
2815,proc_tbl_01672,2,1,1,false
2816,gob_tbl_00260,2,1,1,false
2817,dlk_tbl_03890,2,1,1,false
2818,dlk_tbl_01497,2,1,1,false
2819,proc_tbl_03041,2,1,1,false
2820,gob_tbl_02611,2,1,1,false
2821,gob_tbl_00374,2,1,1,false
2822,gob_tbl_01683,2,1,1,false
2823,dlk_tbl_01443,2,1,1,false
2824,dlk_tbl_00235,2,1,1,false
2825,dlk_tbl_03405,2,1,1,false
2826,gob_tbl_00687,2,1,1,false
2827,proc_tbl_00702,2,1,1,false
2828,proc_tbl_01484,2,1,1,false
2829,dlk_tbl_00113,2,1,1,false
2830,dlk_ext_00429,2,2,0,false
2831,proc_tbl_01395,2,1,1,false
2832,dlk_tbl_03733,2,1,1,false
2833,ppn_tbl_02248,2,1,1,false
2834,dlk_tbl_03248,2,1,1,false
2835,dlk_tbl_03055,2,1,1,false
2836,gob_tbl_03099,2,1,1,false
2837,dlk_tbl_03274,2,1,1,false
2838,dlk_tbl_04307,2,1,1,false
2839,gob_tbl_02799,2,1,1,false
2840,dlk_tbl_02879,2,1,1,false
2841,gob_tbl_03645,2,1,1,false
2842,dlk_tbl_02365,2,1,1,false
2843,gob_tbl_01137,2,1,1,false
2844,gob_tbl_02372,2,1,1,false
2845,proc_tbl_02052,2,1,1,false
2846,dlk_ext_00181,2,2,0,false
2847,gob_tbl_03267,2,1,1,false
2848,gob_tbl_02594,2,1,1,false
2849,std_tbl_04118,2,1,1,false
2850,gob_tbl_04142,2,1,1,false
2851,dlk_tbl_03190,2,1,1,false
2852,gob_tbl_02013,2,1,1,false
2853,gob_tbl_00089,2,1,1,false
2854,gob_tbl_02435,2,1,1,false
2855,dlk_tbl_00661,2,1,1,false
2856,proc_tbl_00622,2,1,1,false
2857,dlk_tbl_03390,2,1,1,false
2858,dlk_tbl_03313,2,1,1,false
2859,dlk_tbl_03231,2,1,1,false
2860,std_tbl_01208,2,1,1,false
2861,dlk_tbl_04181,2,1,1,false
2862,dlk_tbl_03482,2,1,1,false
2863,dlk_tbl_02335,2,1,1,false
2864,proc_tbl_03426,2,1,1,false
2865,proc_tbl_00136,2,1,1,false
2866,gob_tbl_03722,2,1,1,false
2867,dlk_tbl_03288,2,1,1,false
2868,dash_tbl_04330,2,1,1,false
2869,dlk_ext_00039,2,2,0,false
2870,dlk_tbl_00651,2,1,1,false
2871,proc_tbl_00107,2,1,1,false
2872,gob_tbl_01751,2,1,1,false
2873,gob_tbl_04182,2,1,1,false
2874,gob_tbl_00203,2,1,1,false
2875,std_tbl_03970,2,1,1,false
2876,dash_tbl_00207,2,1,1,false
2877,dash_tbl_00277,2,1,1,false
2878,dlk_tbl_02971,2,1,1,false
2879,proc_tbl_02129,2,1,1,false
2880,gob_tbl_01725,2,1,1,false
2881,gob_tbl_02338,2,1,1,false
2882,dlk_tbl_04053,2,1,1,false
2883,proc_tbl_03878,2,1,1,false
2884,m4sco_tbl_01517,2,1,1,false
2885,dlk_tbl_04111,2,1,1,false
2886,dash_tbl_00743,2,1,1,false
2887,dlk_tbl_03718,2,1,1,false
2888,dlk_tbl_00209,2,1,1,false
2889,gob_ext_00360,2,2,0,false
2890,gob_tbl_03621,2,1,1,false
2891,proc_tbl_01788,2,1,1,false
2892,dlk_ext_00468,2,2,0,false
2893,dlk_tbl_02506,2,1,1,false
2894,dlk_tbl_04364,2,1,1,false
2895,dlk_tbl_03480,2,1,1,false
2896,dlk_tbl_02085,2,1,1,false
2897,dlk_tbl_03130,2,1,1,false
2898,gob_tbl_03112,2,1,1,false
2899,dlk_tbl_01244,2,1,1,false
2900,dlk_tbl_02330,2,1,1,false
2901,dash_tbl_00733,2,1,1,false
2902,proc_tbl_01541,2,1,1,false
2903,gob_tbl_00565,2,1,1,false
2904,proc_tbl_03415,2,1,1,false
2905,dlk_tbl_04374,2,1,1,false
2906,dlk_tbl_02047,2,1,1,false
2907,proc_ext_00077,2,2,0,false
2908,dlk_ext_00614,2,2,0,false
2909,dlk_tbl_01547,2,1,1,false
2910,proc_tbl_04235,2,1,1,false
2911,gob_tbl_01807,2,1,1,false
2912,dlk_tbl_00120,2,1,1,false
2913,m4vw_tbl_03851,2,1,1,false
2914,gob_tbl_00885,2,1,1,false
2915,dash_tbl_02007,2,1,1,false
2916,gob_tbl_02723,2,1,1,false
2917,gob_tbl_00314,2,1,1,false
2918,dlk_tbl_04080,2,1,1,false
2919,dlk_tbl_02905,2,1,1,false
2920,dlk_tbl_03735,2,1,1,false
2921,dlk_tbl_00799,2,1,1,false
2922,dlk_tbl_00549,2,1,1,false
2923,ppn_tbl_00756,2,1,1,false
2924,dash_tbl_03424,2,1,1,false
2925,dlk_tbl_02017,2,1,1,false
2926,dlk_tbl_03475,2,1,1,false
2927,gob_tbl_02674,2,1,1,false
2928,dlk_tbl_01935,2,1,1,false
2929,gob_tbl_00647,2,1,1,false
2930,dlk_tbl_00430,2,1,1,false
2931,gob_tbl_01127,2,1,1,false
2932,proc_tbl_04115,2,1,1,false
2933,gob_tbl_01901,2,1,1,false
2934,gob_tbl_04020,2,1,1,false
2935,gob_tbl_00302,2,1,1,false
2936,dlk_tbl_03695,2,1,1,false
2937,dlk_tbl_00761,2,1,1,false
2938,dlk_tbl_00896,2,1,1,false
2939,gob_tbl_03953,2,1,1,false
2940,dlk_tbl_01470,2,1,1,false
2941,m4vw_tbl_04154,2,1,1,false
2942,gob_tbl_04376,2,1,1,false
2943,dlk_tbl_03569,2,1,1,false
2944,dlk_tbl_02670,2,1,1,false
2945,dlk_tbl_04441,2,1,1,false
2946,dlk_tbl_02725,2,1,1,false
2947,dlk_tbl_01917,2,1,1,false
2948,dlk_tbl_02362,2,1,1,false
2949,dlk_tbl_00461,2,1,1,false
2950,dash_tbl_03448,2,1,1,false
2951,proc_tbl_01960,2,1,1,false
2952,dlk_tbl_04478,2,1,1,false
2953,gob_tbl_04280,2,1,1,false
2954,std_tbl_01277,2,1,1,false
2955,m4vw_tbl_02711,2,1,1,false
2956,gob_tbl_02521,2,1,1,false
2957,dlk_tbl_02398,2,1,1,false
2958,ppn_tbl_00987,2,1,1,false
2959,proc_tbl_03492,2,1,1,false
2960,proc_tbl_00635,2,1,1,false
2961,dlk_tbl_04134,2,1,1,false
2962,gob_tbl_04108,2,1,1,false
2963,dlk_tbl_02904,2,1,1,false
2964,dlk_tbl_01233,2,1,1,false
2965,dlk_tbl_04273,2,1,1,false
2966,gob_tbl_02009,2,1,1,false
2967,dlk_tbl_03944,2,1,1,false
2968,proc_tbl_03962,2,1,1,false
2969,gob_tbl_00883,2,1,1,false
2970,gob_tbl_02667,2,1,1,false
2971,dlk_tbl_00760,2,1,1,false
2972,dlk_tbl_00266,2,1,1,false
2973,gob_tbl_03164,2,1,1,false
2974,gob_tbl_01676,2,1,1,false
2975,dlk_tbl_02297,2,1,1,false
2976,gob_tbl_03019,2,1,1,false
2977,gob_tbl_00711,2,1,1,false
2978,gob_tbl_02964,2,1,1,false
2979,dlk_tbl_02448,2,1,1,false
2980,dlk_tbl_02182,2,1,1,false
2981,dlk_tbl_03466,2,1,1,false
2982,dlk_tbl_02106,2,1,1,false
2983,gob_tbl_00692,2,1,1,false
2984,dlk_tbl_04194,2,1,1,false
2985,dlk_tbl_00378,2,1,1,false
2986,gob_tbl_03147,2,1,1,false
2987,proc_tbl_01340,2,1,1,false
2988,dash_tbl_00236,2,1,1,false
2989,gob_ext_00480,2,2,0,false
2990,dlk_tbl_02773,2,1,1,false
2991,gob_tbl_01555,2,1,1,false
2992,proc_tbl_01630,2,1,1,false
2993,gob_tbl_03976,2,1,1,false
2994,gob_tbl_01136,2,1,1,false
2995,gob_tbl_02124,2,1,1,false
2996,dlk_tbl_04297,2,1,1,false
2997,gob_tbl_00351,2,1,1,false
2998,dlk_tbl_04177,2,1,1,false
2999,proc_tbl_01414,2,1,1,false
3000,gob_tbl_04462,2,1,1,false
3001,dlk_tbl_00388,2,1,1,false
3002,gob_tbl_00794,2,1,1,false
3003,dlk_tbl_01346,2,1,1,false
3004,dlk_tbl_03094,2,1,1,false
3005,proc_tbl_00614,2,1,1,false
3006,dash_tbl_00368,2,1,1,false
3007,proc_tbl_03083,2,1,1,false
3008,dlk_tbl_03025,2,1,1,false
3009,dash_tbl_02249,2,0,2,true
3010,proc_tbl_03613,2,1,1,false
3011,dlk_ext_00297,2,2,0,false
3012,gob_tbl_00966,2,1,1,false
3013,dlk_tbl_02600,2,1,1,false
3014,dlk_tbl_01218,2,1,1,false
3015,dlk_tbl_01272,2,1,1,false
3016,gob_tbl_00688,2,1,1,false
3017,dlk_tbl_03178,2,1,1,false
3018,gob_tbl_02238,2,1,1,false
3019,proc_tbl_01281,2,1,1,false
3020,dlk_tbl_03731,2,1,1,false
3021,proc_tbl_02104,2,1,1,false
3022,proc_tbl_02499,2,1,1,false
3023,gob_tbl_01097,2,1,1,false
3024,dlk_tbl_03225,2,1,1,false
3025,dlk_tbl_00112,2,1,1,false
3026,dash_tbl_02003,2,1,1,false
3027,gob_tbl_03310,2,1,1,false
3028,m4vw_tbl_00234,2,1,1,false
3029,gob_tbl_04106,2,1,1,false
3030,dlk_tbl_03509,2,1,1,false
3031,proc_tbl_03610,2,1,1,false
3032,proc_tbl_00037,2,1,1,false
3033,gob_tbl_02577,2,1,1,false
3034,m4vw_tbl_01183,2,1,1,false
3035,m4sco_tbl_02382,2,1,1,false
3036,dlk_tbl_01274,2,1,1,false
3037,gob_tbl_02584,2,1,1,false
3038,gob_tbl_00097,2,1,1,false
3039,gob_tbl_02615,2,1,1,false
3040,proc_tbl_04248,2,0,2,true
3041,dlk_tbl_03995,2,1,1,false
3042,gob_tbl_00327,2,1,1,false
3043,dlk_tbl_04383,2,1,1,false
3044,dlk_tbl_02307,2,1,1,false
3045,gob_tbl_02988,2,1,1,false
3046,gob_tbl_03298,2,1,1,false
3047,proc_tbl_00255,2,1,1,false
3048,gob_tbl_02881,2,1,1,false
3049,gob_tbl_01573,2,1,1,false
3050,dlk_tbl_01532,2,1,1,false
3051,dash_tbl_02926,2,1,1,false
3052,gob_tbl_01150,2,1,1,false
3053,dlk_tbl_01076,2,1,1,false
3054,gob_tbl_04008,2,1,1,false
3055,proc_tbl_01907,2,1,1,false
3056,gob_tbl_04051,2,1,1,false
3057,gob_tbl_01925,2,1,1,false
3058,proc_tbl_00559,2,1,1,false
3059,m4vw_tbl_00219,2,1,1,false
3060,gob_tbl_03398,2,1,1,false
3061,dlk_tbl_00533,2,1,1,false
3062,proc_tbl_01185,2,1,1,false
3063,dlk_tbl_01763,2,1,1,false
3064,dlk_tbl_00545,2,1,1,false
3065,std_tbl_04078,2,1,1,false
3066,dlk_tbl_00975,2,1,1,false
3067,dash_tbl_02656,2,1,1,false
3068,gob_ext_00036,2,2,0,false
3069,dlk_tbl_00201,2,1,1,false
3070,dlk_tbl_03238,2,1,1,false
3071,proc_tbl_04404,2,1,1,false
3072,dlk_tbl_01876,2,1,1,false
3073,dlk_ext_00503,2,2,0,false
3074,gob_ext_00500,2,2,0,false
3075,gob_tbl_02735,2,1,1,false
3076,gob_tbl_04270,2,1,1,false
3077,proc_tbl_03162,2,1,1,false
3078,dlk_tbl_04408,2,1,1,false
3079,dlk_tbl_01759,2,1,1,false
3080,dlk_tbl_01733,2,1,1,false
3081,gob_ext_00367,2,2,0,false
3082,dash_tbl_04060,2,1,1,false
3083,gob_tbl_03549,2,1,1,false
3084,gob_tbl_01668,2,1,1,false
3085,dlk_tbl_03757,2,1,1,false
3086,gob_tbl_02697,2,1,1,false
3087,gob_tbl_00522,2,1,1,false
3088,proc_tbl_02016,2,1,1,false
3089,dlk_tbl_03201,2,1,1,false
3090,gob_tbl_01404,2,1,1,false
3091,m4vw_tbl_00689,2,1,1,false
3092,gob_tbl_04363,2,1,1,false
3093,m4vw_tbl_01445,2,1,1,false
3094,gob_tbl_01051,2,1,1,false
3095,ppn_tbl_01833,2,1,1,false
3096,gob_tbl_02413,2,1,1,false
3097,dlk_tbl_04319,2,1,1,false
3098,proc_tbl_01197,2,1,1,false
3099,gob_tbl_02946,2,1,1,false
3100,dash_tbl_01006,2,1,1,false
3101,dlk_tbl_04341,2,1,1,false
3102,gob_tbl_03967,2,1,1,false
3103,gob_tbl_00624,2,1,1,false
3104,dash_tbl_03362,2,1,1,false
3105,dlk_tbl_00567,2,1,1,false
3106,gob_tbl_00472,2,1,1,false
3107,dlk_tbl_04298,2,1,1,false
3108,proc_tbl_02897,2,1,1,false
3109,dlk_tbl_04320,2,1,1,false
3110,dlk_tbl_02294,2,1,1,false
3111,dlk_tbl_03042,2,1,1,false
3112,dlk_ext_00285,2,2,0,false
3113,dlk_tbl_01415,2,1,1,false
3114,dash_tbl_04339,2,0,2,true
3115,dash_tbl_00789,2,1,1,false
3116,gob_tbl_03370,2,1,1,false
3117,dash_tbl_04030,2,1,1,false
3118,dash_tbl_04205,2,1,1,false
3119,gob_tbl_01651,2,1,1,false
3120,gob_tbl_04456,2,1,1,false
3121,gob_tbl_03402,2,1,1,false
3122,proc_tbl_02517,2,1,1,false
3123,gob_tbl_02537,2,1,1,false
3124,gob_tbl_02436,2,1,1,false
3125,gob_tbl_01618,2,1,1,false
3126,dlk_tbl_03710,2,1,1,false
3127,dlk_tbl_02049,2,1,1,false
3128,proc_tbl_02458,2,1,1,false
3129,dlk_tbl_00509,2,1,1,false
3130,gob_tbl_02890,2,1,1,false
3131,dlk_tbl_04055,2,1,1,false
3132,proc_tbl_02829,2,1,1,false
3133,gob_tbl_03118,2,1,1,false
3134,dash_tbl_00238,2,1,1,false
3135,dlk_tbl_01181,2,1,1,false
3136,std_tbl_01662,2,1,1,false
3137,gob_tbl_04213,2,1,1,false
3138,dlk_tbl_04025,2,1,1,false
3139,dlk_tbl_03698,2,1,1,false
3140,gob_tbl_01354,2,1,1,false
3141,gob_tbl_00787,2,1,1,false
3142,dlk_tbl_03912,2,1,1,false
3143,std_tbl_01691,2,1,1,false
3144,gob_tbl_01151,2,1,1,false
3145,m4sco_tbl_00785,2,1,1,false
3146,dlk_ext_00605,2,2,0,false
3147,dash_tbl_03668,2,1,1,false
3148,gob_tbl_02859,2,1,1,false
3149,dlk_tbl_00638,2,1,1,false
3150,gob_tbl_01317,2,1,1,false
3151,dlk_tbl_01271,2,1,1,false
3152,dlk_tbl_00826,2,1,1,false
3153,gob_tbl_00226,2,1,1,false
3154,dlk_tbl_00346,2,1,1,false
3155,dash_tbl_04324,2,1,1,false
3156,proc_tbl_01871,2,1,1,false
3157,std_tbl_04062,2,1,1,false
3158,dlk_tbl_04328,2,1,1,false
3159,gob_tbl_02678,2,1,1,false
3160,gob_tbl_02340,2,1,1,false
3161,dlk_tbl_02713,2,1,1,false
3162,proc_tbl_03576,2,1,1,false
3163,gob_tbl_00648,2,1,1,false
3164,dlk_tbl_01702,2,1,1,false
3165,gob_tbl_02956,2,1,1,false
3166,proc_tbl_03256,2,1,1,false
3167,dlk_tbl_02102,2,1,1,false
3168,gob_tbl_01934,2,1,1,false
3169,dlk_tbl_00225,2,1,1,false
3170,proc_tbl_00931,2,1,1,false
3171,dlk_tbl_01559,2,1,1,false
3172,gob_tbl_02447,2,1,1,false
3173,gob_tbl_00659,2,1,1,false
3174,dlk_tbl_01229,2,1,1,false
3175,std_tbl_03691,2,1,1,false
3176,proc_tbl_01978,2,1,1,false
3177,dlk_ext_00068,2,2,0,false
3178,gob_tbl_00820,2,1,1,false
3179,std_tbl_00734,2,1,1,false
3180,dlk_tbl_01542,2,1,1,false
3181,dlk_tbl_00579,2,1,1,false
3182,dlk_tbl_00676,2,1,1,false
3183,gob_tbl_00632,2,1,1,false
3184,gob_tbl_03086,2,1,1,false
3185,proc_tbl_04344,2,1,1,false
3186,proc_tbl_02169,2,1,1,false
3187,gob_tbl_02539,2,1,1,false
3188,dlk_tbl_01041,2,1,1,false
3189,dlk_tbl_04385,2,1,1,false
3190,dlk_tbl_02205,2,1,1,false
3191,std_tbl_02204,2,1,1,false
3192,proc_tbl_02636,2,1,1,false
3193,std_ext_00435,2,2,0,false
3194,gob_tbl_02236,2,1,1,false
3195,dash_tbl_01334,2,1,1,false
3196,gob_tbl_00611,2,1,1,false
3197,dlk_tbl_02153,2,1,1,false
3198,proc_tbl_00149,2,1,1,false
3199,gob_tbl_03431,2,1,1,false
3200,gob_tbl_04110,2,1,1,false
3201,gob_tbl_02328,2,1,1,false
3202,gob_tbl_03507,2,1,1,false
3203,dlk_tbl_03530,2,1,1,false
3204,gob_tbl_00967,2,1,1,false
3205,gob_tbl_01868,2,1,1,false
3206,dlk_tbl_03372,2,1,1,false
3207,std_tbl_01568,2,1,1,false
3208,proc_tbl_01288,2,1,1,false
3209,dlk_tbl_03898,2,1,1,false
3210,gob_tbl_02593,2,1,1,false
3211,ppn_tbl_02666,2,1,1,false
3212,dlk_tbl_01046,2,1,1,false
3213,dlk_tbl_03619,2,1,1,false
3214,proc_tbl_00556,2,1,1,false
3215,gob_tbl_04292,2,1,1,false
3216,proc_tbl_02969,2,1,1,false
3217,dlk_ext_00256,2,2,0,false
3218,gob_tbl_00488,2,1,1,false
3219,gob_tbl_02296,2,1,1,false
3220,dlk_tbl_01210,2,1,1,false
3221,dlk_tbl_02618,2,1,1,false
3222,gob_tbl_03742,2,1,1,false
3223,gob_tbl_02980,2,1,1,false
3224,dlk_tbl_01786,2,1,1,false
3225,dlk_tbl_02767,2,1,1,false
3226,gob_tbl_04159,2,1,1,false
3227,dlk_tbl_03096,2,1,1,false
3228,dlk_tbl_03320,2,1,1,false
3229,gob_tbl_03356,2,1,1,false
3230,dlk_tbl_00750,2,1,1,false
3231,dlk_tbl_01418,2,1,1,false
3232,gob_tbl_02288,2,1,1,false
3233,gob_tbl_03635,2,1,1,false
3234,gob_tbl_02470,2,1,1,false
3235,dlk_tbl_04227,2,1,1,false
3236,gob_tbl_02122,2,1,1,false
3237,gob_tbl_03954,2,1,1,false
3238,dash_tbl_00714,2,1,1,false
3239,gob_tbl_03720,2,1,1,false
3240,dlk_tbl_02135,2,1,1,false
3241,gob_tbl_02366,2,1,1,false
3242,gob_tbl_03007,2,1,1,false
3243,proc_tbl_00006,2,1,1,false
3244,dlk_tbl_00740,2,1,1,false
3245,proc_tbl_02032,2,1,1,false
3246,gob_tbl_03023,2,1,1,false
3247,std_tbl_02173,2,1,1,false
3248,proc_tbl_03133,2,1,1,false
3249,dlk_tbl_02099,2,1,1,false
3250,proc_tbl_02691,2,1,1,false
3251,dlk_tbl_03620,2,1,1,false
3252,proc_tbl_02626,2,1,1,false
3253,proc_tbl_03934,2,1,1,false
3254,proc_tbl_04208,2,1,1,false
3255,gob_tbl_01706,2,1,1,false
3256,dlk_tbl_04088,2,1,1,false
3257,gob_tbl_02495,2,1,1,false
3258,dash_tbl_00036,2,1,1,false
3259,dlk_tbl_03793,2,1,1,false
3260,gob_tbl_02094,2,1,1,false
3261,proc_tbl_01344,2,1,1,false
3262,dlk_tbl_02059,2,1,1,false
3263,gob_tbl_01712,2,1,1,false
3264,dash_tbl_02540,2,1,1,false
3265,gob_tbl_04491,2,1,1,false
3266,dlk_tbl_02262,2,1,1,false
3267,proc_tbl_02464,2,1,1,false
3268,proc_tbl_02924,2,1,1,false
3269,proc_tbl_01700,2,1,1,false
3270,gob_tbl_01855,2,1,1,false
3271,dlk_tbl_00328,2,1,1,false
3272,dlk_tbl_00997,2,1,1,false
3273,gob_tbl_04269,2,1,1,false
3274,proc_tbl_01854,2,1,1,false
3275,proc_tbl_00245,2,1,1,false
3276,dlk_tbl_01843,2,1,1,false
3277,dash_tbl_04073,2,1,1,false
3278,dlk_tbl_02267,2,1,1,false
3279,dlk_tbl_00856,2,1,1,false
3280,gob_tbl_01605,2,1,1,false
3281,dash_tbl_01698,2,1,1,false
3282,proc_tbl_03108,2,0,2,true
3283,dlk_tbl_03859,2,1,1,false
3284,dlk_tbl_02378,2,1,1,false
3285,dash_tbl_01285,2,1,1,false
3286,std_tbl_04425,2,1,1,false
3287,proc_tbl_04490,2,1,1,false
3288,gob_tbl_01979,2,1,1,false
3289,dlk_tbl_03416,2,1,1,false
3290,gob_tbl_00521,2,1,1,false
3291,gob_tbl_03346,2,1,1,false
3292,m4vw_ext_00040,2,2,0,false
3293,m4vw_tbl_03738,2,1,1,false
3294,dlk_tbl_04454,2,1,1,false
3295,dlk_tbl_02536,2,1,1,false
3296,dlk_tbl_01402,2,1,1,false
3297,gob_tbl_02878,2,1,1,false
3298,dash_ext_00010,2,2,0,false
3299,gob_tbl_00468,2,1,1,false
3300,dash_tbl_00703,2,1,1,false
3301,dash_tbl_01007,2,1,1,false
3302,proc_tbl_00051,2,1,1,false
3303,dlk_tbl_02958,2,1,1,false
3304,gob_tbl_02194,2,1,1,false
3305,dlk_tbl_01745,2,1,1,false
3306,gob_tbl_04249,2,1,1,false
3307,gob_tbl_04407,2,1,1,false
3308,dlk_tbl_03689,2,1,1,false
3309,proc_tbl_02388,2,1,1,false
3310,gob_tbl_03570,2,1,1,false
3311,dash_tbl_00572,2,1,1,false
3312,dlk_ext_00554,2,2,0,false
3313,dlk_tbl_01959,2,1,1,false
3314,dlk_tbl_01329,2,1,1,false
3315,dlk_tbl_00602,2,0,2,true
3316,dlk_tbl_03169,2,1,1,false
3317,gob_tbl_04231,2,1,1,false
3318,m4sco_tbl_03494,2,1,1,false
3319,proc_tbl_01753,2,1,1,false
3320,gob_tbl_02519,2,1,1,false
3321,gob_tbl_02119,2,1,1,false
3322,gob_tbl_01736,2,1,1,false
3323,m4vw_tbl_03443,2,1,1,false
3324,dash_tbl_02065,2,1,1,false
3325,gob_tbl_02933,2,1,1,false
3326,gob_tbl_04183,2,1,1,false
3327,proc_ext_00660,2,2,0,false
3328,proc_tbl_03709,2,1,1,false
3329,dash_tbl_03943,2,1,1,false
3330,gob_tbl_02444,2,1,1,false
3331,dlk_ext_00144,2,2,0,false
3332,proc_tbl_04321,2,1,1,false
3333,dlk_tbl_00194,2,1,1,false
3334,dlk_tbl_00028,2,1,1,false
3335,proc_tbl_00724,2,1,1,false
3336,dlk_tbl_00316,2,1,1,false
3337,std_tbl_02966,2,1,1,false
3338,dlk_tbl_00705,2,1,1,false
3339,dlk_tbl_04337,2,1,1,false
3340,dlk_tbl_00539,2,1,1,false
3341,dlk_tbl_01292,2,1,1,false
3342,gob_tbl_04305,2,1,1,false
3343,proc_tbl_01498,2,1,1,false
3344,dash_tbl_00494,2,1,1,false
3345,dlk_tbl_03537,2,1,1,false
3346,gob_ext_00516,2,2,0,false
3347,dlk_ext_00082,2,2,0,false
3348,gob_tbl_01397,2,1,1,false
3349,proc_tbl_02977,2,1,1,false
3350,proc_tbl_00640,2,1,1,false
3351,gob_tbl_03326,2,1,1,false
3352,std_tbl_04450,2,1,1,false
3353,std_tbl_00275,2,1,1,false
3354,gob_tbl_03744,2,1,1,false
3355,proc_tbl_00842,2,1,1,false
3356,proc_tbl_01744,1,0,1,false
3357,proc_tbl_04432,1,0,1,false
3358,gob_tbl_03764,1,0,1,false
3359,proc_tbl_00445,1,0,1,false
3360,dlk_tbl_00027,1,0,1,false
3361,dlk_tbl_01821,1,0,1,false
3362,gob_tbl_03772,1,0,1,false
3363,dlk_tbl_03341,1,0,1,false
3364,proc_tbl_02862,1,0,1,false
3365,std_tbl_01436,1,0,1,false
3366,proc_tbl_03853,1,0,1,false
3367,gob_tbl_02560,1,0,1,false
3368,proc_tbl_02072,1,0,1,false
3369,gob_tbl_02511,1,0,1,false
3370,gob_tbl_02183,1,0,1,false
3371,std_tbl_00162,1,0,1,false
3372,dash_tbl_00662,1,0,1,false
3373,dlk_tbl_00777,1,0,1,false
3374,proc_tbl_03821,1,0,1,false
3375,dlk_ext_00150,1,1,0,false
3376,proc_tbl_03730,1,0,1,false
3377,gob_tbl_04098,1,0,1,false
3378,proc_tbl_00490,1,0,1,false
3379,dlk_tbl_02580,1,0,1,false
3380,dash_tbl_03833,1,0,1,false
3381,gob_tbl_01217,1,0,1,false
3382,dlk_tbl_02929,1,0,1,false
3383,dash_ext_00434,1,1,0,false
3384,gob_tbl_01779,1,0,1,false
3385,gob_tbl_01149,1,0,1,false
3386,proc_tbl_02373,1,0,1,false
3387,dlk_tbl_00570,1,0,1,false
3388,dlk_tbl_02321,1,0,1,false
3389,dlk_tbl_01545,1,0,1,false
3390,dlk_tbl_01280,1,0,1,false
3391,gob_tbl_01321,1,0,1,false
3392,gob_tbl_01666,1,0,1,false
3393,ppn_tbl_00159,1,0,1,false
3394,m4vw_tbl_02512,1,0,1,false
3395,gob_tbl_00879,1,0,1,false
3396,ppn_tbl_02222,1,0,1,false
3397,proc_tbl_01892,1,0,1,false
3398,ppn_tbl_03442,1,0,1,false
3399,dlk_tbl_02516,1,0,1,false
3400,dash_tbl_02951,1,0,1,false
3401,gob_tbl_00177,1,0,1,false
3402,gob_tbl_01492,1,0,1,false
3403,dlk_tbl_02662,1,0,1,false
3404,gob_tbl_00583,1,0,1,false
3405,gob_tbl_01049,1,0,1,false
3406,gob_tbl_03686,1,0,1,false
3407,gob_tbl_03449,1,0,1,false
3408,dash_tbl_04027,1,0,1,false
3409,gob_tbl_01019,1,0,1,false
3410,std_tbl_02130,1,0,1,false
3411,proc_tbl_03188,1,0,1,false
3412,dlk_tbl_00357,1,0,1,false
3413,gob_tbl_03801,1,0,1,false
3414,gob_tbl_00810,1,0,1,false
3415,m4vw_tbl_01940,1,0,1,false
3416,proc_tbl_03243,1,0,1,false
3417,proc_tbl_03121,1,0,1,false
3418,gob_tbl_00508,1,0,1,false
3419,gob_tbl_03487,1,0,1,false
3420,dash_tbl_00179,1,0,1,false
3421,proc_tbl_00030,1,0,1,false
3422,gob_tbl_03148,1,0,1,false
3423,gob_tbl_04436,1,0,1,false
3424,gob_tbl_04276,1,0,1,false
3425,proc_tbl_02589,1,0,1,false
3426,dlk_tbl_01134,1,0,1,false
3427,dash_tbl_04281,1,0,1,false
3428,proc_tbl_02548,1,0,1,false
3429,proc_tbl_00773,1,0,1,false
3430,proc_tbl_03441,1,0,1,false
3431,dlk_tbl_01527,1,0,1,false
3432,dash_tbl_02023,1,0,1,false
3433,dlk_tbl_03394,1,0,1,false
3434,dlk_tbl_03264,1,0,1,false
3435,gob_ext_00388,1,1,0,false
3436,dlk_tbl_00845,1,0,1,false
3437,gob_tbl_00684,1,0,1,false
3438,gob_tbl_00562,1,0,1,false
3439,dash_tbl_04463,1,0,1,false
3440,proc_tbl_02479,1,0,1,false
3441,m4vw_tbl_00031,1,0,1,false
3442,dlk_tbl_03539,1,0,1,false
3443,gob_tbl_01338,1,0,1,false
3444,dlk_tbl_03227,1,0,1,false
3445,dash_tbl_00059,1,0,1,false
3446,gob_tbl_04160,1,0,1,false
3447,ppn_ext_00342,1,1,0,false
3448,dlk_tbl_01174,1,0,1,false
3449,gob_tbl_00426,1,0,1,false
3450,gob_tbl_00851,1,0,1,false
3451,proc_tbl_04002,1,0,1,false
3452,dash_tbl_03247,1,0,1,false
3453,proc_tbl_01603,1,0,1,false
3454,proc_tbl_00437,1,0,1,false
3455,dash_tbl_00227,1,0,1,false
3456,gob_tbl_02442,1,0,1,false
3457,dlk_tbl_03277,1,0,1,false
3458,dlk_tbl_01823,1,0,1,false
3459,gob_tbl_03363,1,0,1,false
3460,dlk_tbl_04338,1,0,1,false
3461,dlk_tbl_02367,1,0,1,false
3462,proc_tbl_01102,1,0,1,false
3463,dlk_tbl_03930,1,0,1,false
3464,gob_tbl_00954,1,0,1,false
3465,gob_tbl_00665,1,0,1,false
3466,gob_tbl_00091,1,0,1,false
3467,gob_tbl_00506,1,0,1,false
3468,dlk_tbl_03806,1,0,1,false
3469,dlk_tbl_04229,1,0,1,false
3470,gob_tbl_03950,1,0,1,false
3471,dlk_ext_00128,1,1,0,false
3472,gob_tbl_00936,1,0,1,false
3473,gob_tbl_00307,1,0,1,false
3474,dlk_tbl_01645,1,0,1,false
3475,gob_ext_00059,1,1,0,false
3476,dlk_tbl_01103,1,0,1,false
3477,dlk_tbl_03651,1,0,1,false
3478,gob_tbl_04345,1,0,1,false
3479,dlk_tbl_03971,1,0,1,false
3480,dlk_tbl_01566,1,0,1,false
3481,gob_tbl_02324,1,0,1,false
3482,gob_tbl_01252,1,0,1,false
3483,gob_tbl_00205,1,0,1,false
3484,gob_tbl_04259,1,0,1,false
3485,proc_tbl_02128,1,0,1,false
3486,proc_tbl_03713,1,0,1,false
3487,gob_tbl_03650,1,0,1,false
3488,dlk_tbl_01695,1,0,1,false
3489,gob_tbl_01983,1,0,1,false
3490,proc_tbl_04466,1,0,1,false
3491,proc_tbl_02271,1,0,1,false
3492,dlk_tbl_02973,1,0,1,false
3493,proc_tbl_02778,1,0,1,false
3494,gob_tbl_00466,1,0,1,false
3495,dlk_tbl_03797,1,0,1,false
3496,proc_tbl_00589,1,0,1,false
3497,dlk_tbl_02502,1,0,1,false
3498,dash_tbl_01101,1,0,1,false
3499,proc_tbl_00285,1,0,1,false
3500,gob_tbl_02356,1,0,1,false
3501,gob_tbl_03462,1,0,1,false
3502,gob_tbl_00889,1,0,1,false
3503,proc_tbl_01795,1,0,1,false
3504,gob_tbl_02838,1,0,1,false
3505,gob_tbl_03149,1,0,1,false
3506,gob_tbl_01838,1,0,1,false
3507,gob_tbl_04040,1,0,1,false
3508,gob_tbl_00586,1,0,1,false
3509,gob_tbl_00185,1,0,1,false
3510,dlk_tbl_00304,1,0,1,false
3511,proc_tbl_00354,1,0,1,false
3512,dash_tbl_00106,1,0,1,false
3513,m4sco_tbl_03575,1,0,1,false
3514,gob_tbl_01246,1,0,1,false
3515,dash_tbl_01570,1,0,1,false
3516,dash_tbl_04165,1,0,1,false
3517,gob_tbl_03481,1,0,1,false
3518,dlk_tbl_04359,1,0,1,false
3519,gob_tbl_03406,1,0,1,false
3520,dash_tbl_02478,1,0,1,false
3521,proc_ext_00325,1,1,0,false
3522,gob_tbl_02647,1,0,1,false
3523,gob_tbl_01189,1,0,1,false
3524,proc_tbl_03036,1,0,1,false
3525,dash_tbl_03193,1,0,1,false
3526,dlk_tbl_02000,1,0,1,false
3527,dlk_tbl_02477,1,0,1,false
3528,dlk_tbl_00301,1,0,1,false
3529,gob_tbl_01582,1,0,1,false
3530,gob_tbl_00505,1,0,1,false
3531,dlk_tbl_04131,1,0,1,false
3532,m4sco_tbl_02941,1,0,1,false
3533,dlk_tbl_00821,1,0,1,false
3534,dlk_tbl_00610,1,0,1,false
3535,dlk_ext_00260,1,1,0,false
3536,proc_tbl_01014,1,0,1,false
3537,proc_tbl_00633,1,0,1,false
3538,dlk_tbl_02761,1,0,1,false
3539,proc_tbl_04143,1,0,1,false
3540,dlk_tbl_03520,1,0,1,false
3541,gob_tbl_03283,1,0,1,false
3542,std_tbl_00894,1,0,1,false
3543,dash_tbl_00364,1,0,1,false
3544,m4sco_tbl_00590,1,0,1,false
3545,dlk_tbl_02075,1,0,1,false
3546,dlk_tbl_01851,1,0,1,false
3547,proc_tbl_02071,1,0,1,false
3548,std_tbl_02080,1,0,1,false
3549,dash_tbl_04193,1,0,1,false
3550,dlk_tbl_01309,1,0,1,false
3551,gob_tbl_04058,1,0,1,false
3552,dlk_tbl_00803,1,0,1,false
3553,gob_tbl_02744,1,0,1,false
3554,gob_tbl_03404,1,0,1,false
3555,proc_tbl_04202,1,0,1,false
3556,proc_tbl_02277,1,0,1,false
3557,gob_tbl_01601,1,0,1,false
3558,dlk_tbl_03867,1,0,1,false
3559,gob_tbl_03451,1,0,1,false
3560,proc_tbl_01641,1,0,1,false
3561,dlk_tbl_02467,1,0,1,false
3562,dlk_tbl_02310,1,0,1,false
3563,dlk_tbl_00664,1,0,1,false
3564,dlk_tbl_02228,1,0,1,false
3565,proc_tbl_04109,1,0,1,false
3566,dlk_tbl_00296,1,0,1,false
3567,dlk_tbl_01353,1,0,1,false
3568,gob_tbl_01438,1,0,1,false
3569,dlk_tbl_02375,1,0,1,false
3570,gob_tbl_01939,1,0,1,false
3571,proc_tbl_02686,1,0,1,false
3572,gob_tbl_04373,1,0,1,false
3573,dlk_tbl_04465,1,0,1,false
3574,dash_tbl_02823,1,0,1,false
3575,dlk_tbl_01069,1,0,1,false
3576,gob_tbl_01930,1,0,1,false
3577,dlk_tbl_01594,1,0,1,false
3578,gob_tbl_04402,1,0,1,false
3579,gob_tbl_01640,1,0,1,false
3580,proc_tbl_03065,1,0,1,false
3581,dash_tbl_04379,1,0,1,false
3582,dlk_tbl_03453,1,0,1,false
3583,proc_tbl_01801,1,0,1,false
3584,m4vw_tbl_04507,1,0,1,false
3585,dlk_tbl_03001,1,0,1,false
3586,dlk_tbl_03628,1,0,1,false
3587,proc_tbl_03428,1,0,1,false
3588,std_tbl_00642,1,0,1,false
3589,dlk_tbl_00606,1,0,1,false
3590,dlk_tbl_03505,1,0,1,false
3591,proc_tbl_00812,1,0,1,false
3592,dash_tbl_02313,1,0,1,false
3593,proc_tbl_00645,1,0,1,false
3594,proc_tbl_01929,1,0,1,false
3595,gob_tbl_04161,1,0,1,false
3596,ppn_tbl_03511,1,0,1,false
3597,gob_tbl_04477,1,0,1,false
3598,proc_tbl_00054,1,0,1,false
3599,std_tbl_03737,1,0,1,false
3600,proc_tbl_00191,1,0,1,false
3601,dlk_tbl_03845,1,0,1,false
3602,proc_tbl_00010,1,0,1,false
3603,dash_tbl_01113,1,0,1,false
3604,proc_tbl_00074,1,0,1,false
3605,gob_tbl_00998,1,0,1,false
3606,m4vw_tbl_03184,1,0,1,false
3607,m4sco_tbl_02535,1,0,1,false
3608,dlk_tbl_00909,1,0,1,false
3609,dlk_tbl_01986,1,0,1,false
3610,gob_tbl_03895,1,0,1,false
3611,std_tbl_01256,1,0,1,false
3612,gob_tbl_00673,1,0,1,false
3613,dlk_tbl_01330,1,0,1,false
3614,proc_tbl_02927,1,0,1,false
3615,gob_tbl_00375,1,0,1,false
3616,gob_tbl_01816,1,0,1,false
3617,dlk_tbl_03654,1,0,1,false
3618,dash_tbl_02922,1,0,1,false
3619,gob_tbl_00411,1,0,1,false
3620,gob_tbl_00524,1,0,1,false
3621,gob_tbl_03655,1,0,1,false
3622,proc_tbl_02545,1,0,1,false
3623,m4vw_tbl_02123,1,0,1,false
3624,gob_tbl_01405,1,0,1,false
3625,proc_tbl_00400,1,0,1,false
3626,dlk_ext_00100,1,1,0,false
3627,dlk_tbl_00763,1,0,1,false
3628,gob_tbl_03823,1,0,1,false
3629,std_tbl_02077,1,0,1,false
3630,proc_tbl_02979,1,0,1,false
3631,gob_tbl_00755,1,0,1,false
3632,dlk_tbl_02021,1,0,1,false
3633,dash_tbl_03692,1,0,1,false
3634,gob_tbl_00216,1,0,1,false
3635,gob_tbl_00516,1,0,1,false
3636,dash_tbl_03760,1,0,1,false
3637,gob_tbl_01883,1,0,1,false
3638,proc_tbl_02762,1,0,1,false
3639,proc_tbl_01909,1,0,1,false
3640,gob_tbl_01080,1,0,1,false
3641,gob_tbl_01789,1,0,1,false
3642,proc_tbl_01087,1,0,1,false
3643,gob_ext_00398,1,1,0,false
3644,gob_tbl_04225,1,0,1,false
3645,gob_tbl_04291,1,0,1,false
3646,dlk_tbl_00867,1,0,1,false
3647,gob_tbl_00965,1,0,1,false
3648,proc_tbl_03317,1,0,1,false
3649,dlk_tbl_03070,1,0,1,false
3650,gob_tbl_00597,1,0,1,false
3651,dlk_tbl_02341,1,0,1,false
3652,gob_tbl_03818,1,0,1,false
3653,dlk_tbl_01961,1,0,1,false
3654,gob_tbl_03813,1,0,1,false
3655,gob_tbl_04392,1,0,1,false
3656,dlk_tbl_03474,1,0,1,false
3657,dlk_tbl_00831,1,0,1,false
3658,m4vw_tbl_04323,1,0,1,false
3659,gob_tbl_01018,1,0,1,false
3660,dlk_tbl_03180,1,0,1,false
3661,dash_tbl_01478,1,0,1,false
3662,dlk_tbl_00982,1,0,1,false
3663,proc_tbl_01298,1,0,1,false
3664,gob_tbl_00254,1,0,1,false
3665,gob_tbl_02995,1,0,1,false
3666,gob_tbl_00228,1,0,1,false
3667,dlk_tbl_03047,1,0,1,false
3668,dlk_tbl_00502,1,0,1,false
3669,std_tbl_03143,1,0,1,false
3670,dlk_tbl_01616,1,0,1,false
3671,gob_tbl_03308,1,0,1,false
3672,gob_tbl_02849,1,0,1,false
3673,dlk_tbl_01784,1,0,1,false
3674,gob_tbl_01719,1,0,1,false
3675,dlk_tbl_03603,1,0,1,false
3676,std_tbl_02446,1,0,1,false
3677,gob_tbl_02514,1,0,1,false
3678,gob_tbl_03590,1,0,1,false
3679,gob_tbl_04070,1,0,1,false
3680,gob_tbl_02692,1,0,1,false
3681,gob_tbl_02163,1,0,1,false
3682,dlk_tbl_02025,1,0,1,false
3683,dlk_tbl_00886,1,0,1,false
3684,gob_tbl_00634,1,0,1,false
3685,proc_tbl_00958,1,0,1,false
3686,gob_tbl_02402,1,0,1,false
3687,gob_tbl_01029,1,0,1,false
3688,proc_tbl_00114,1,0,1,false
3689,dlk_tbl_01465,1,0,1,false
3690,gob_tbl_03407,1,0,1,false
3691,gob_tbl_03815,1,0,1,false
3692,dlk_ext_00003,1,1,0,false
3693,gob_tbl_01895,1,0,1,false
3694,gob_tbl_02777,1,0,1,false
3695,proc_ext_00145,1,1,0,false
3696,dash_tbl_04069,1,0,1,false
3697,gob_tbl_01359,1,0,1,false
3698,gob_tbl_04398,1,0,1,false
3699,gob_tbl_04419,1,0,1,false
3700,dlk_tbl_01165,1,0,1,false
3701,proc_tbl_03209,1,0,1,false
3702,dlk_tbl_02347,1,0,1,false
3703,proc_tbl_02114,1,0,1,false
3704,dlk_tbl_02598,1,0,1,false
3705,dash_tbl_02935,1,0,1,false
3706,m4sco_tbl_01304,1,0,1,false
3707,proc_tbl_03523,1,0,1,false
3708,dash_tbl_00073,1,0,1,false
3709,dlk_tbl_04318,1,0,1,false
3710,dlk_tbl_01944,1,0,1,false
3711,gob_tbl_02912,1,0,1,false
3712,proc_tbl_03325,1,0,1,false
3713,gob_tbl_00822,1,0,1,false
3714,gob_tbl_03624,1,0,1,false
3715,std_tbl_01872,1,0,1,false
3716,gob_tbl_04121,1,0,1,false
3717,gob_tbl_00044,1,0,1,false
3718,dlk_tbl_04023,1,0,1,false
3719,dash_tbl_01861,1,0,1,false
3720,gob_tbl_01323,1,0,1,false
3721,dlk_tbl_03554,1,0,1,false
3722,dash_tbl_00423,1,0,1,false
3723,proc_tbl_01332,1,0,1,false
3724,gob_tbl_01952,1,0,1,false
3725,gob_tbl_02886,1,0,1,false
3726,gob_tbl_00154,1,0,1,false
3727,dlk_tbl_02210,1,0,1,false
3728,gob_tbl_03630,1,0,1,false
3729,gob_tbl_01535,1,0,1,false
3730,gob_tbl_01154,1,0,1,false
3731,gob_tbl_01161,1,0,1,false
3732,dlk_tbl_00938,1,0,1,false
3733,proc_tbl_01974,1,0,1,false
3734,dlk_tbl_03872,1,0,1,false
3735,dlk_tbl_03309,1,0,1,false
3736,dlk_tbl_01192,1,0,1,false
3737,m4vw_tbl_02847,1,0,1,false
3738,dlk_tbl_00669,1,0,1,false
3739,gob_tbl_02533,1,0,1,false
3740,gob_ext_00311,1,1,0,false
3741,dash_tbl_02314,1,0,1,false
3742,dash_tbl_02281,1,0,1,false
3743,proc_tbl_01227,1,0,1,false
3744,dlk_tbl_00779,1,0,1,false
3745,gob_tbl_02550,1,0,1,false
3746,gob_tbl_01796,1,0,1,false
3747,gob_tbl_00014,1,0,1,false
3748,dash_tbl_01348,1,0,1,false
3749,gob_tbl_00719,1,0,1,false
3750,dlk_ext_00349,1,1,0,false
3751,proc_tbl_04467,1,0,1,false
3752,dlk_ext_00190,1,1,0,false
3753,gob_tbl_01032,1,0,1,false
3754,gob_tbl_01639,1,0,1,false
3755,std_tbl_00215,1,0,1,false
3756,gob_tbl_01135,1,0,1,false
3757,dlk_tbl_02346,1,0,1,false
3758,proc_tbl_03109,1,0,1,false
3759,proc_tbl_00537,1,0,1,false
3760,dlk_tbl_03873,1,0,1,false
3761,dlk_tbl_02518,1,0,1,false
3762,std_tbl_02622,1,0,1,false
3763,gob_tbl_01894,1,0,1,false
3764,dash_tbl_02064,1,0,1,false
3765,dlk_tbl_03653,1,0,1,false
3766,gob_tbl_03136,1,0,1,false
3767,proc_tbl_04210,1,0,1,false
3768,ppn_tbl_02404,1,0,1,false
3769,dlk_tbl_02496,1,0,1,false
3770,dlk_tbl_02083,1,0,1,false
3771,dash_tbl_00373,1,0,1,false
3772,dash_tbl_01366,1,0,1,false
3773,gob_tbl_03485,1,0,1,false
3774,proc_tbl_03433,1,0,1,false
3775,gob_tbl_03633,1,0,1,false
3776,dash_tbl_03349,1,0,1,false
3777,gob_tbl_04460,1,0,1,false
3778,gob_tbl_04003,1,0,1,false
3779,gob_tbl_01458,1,0,1,false
3780,gob_tbl_04029,1,0,1,false
3781,dlk_tbl_03092,1,0,1,false
3782,proc_ext_00563,1,1,0,false
3783,proc_tbl_01659,1,0,1,false
3784,dlk_tbl_02870,1,0,1,false
3785,std_tbl_00479,1,0,1,false
3786,proc_tbl_00104,1,0,1,false
3787,dlk_tbl_03205,1,0,1,false
3788,dash_tbl_02284,1,0,1,false
3789,proc_tbl_01096,1,0,1,false
3790,dlk_tbl_00214,1,0,1,false
3791,dlk_tbl_01345,1,0,1,false
3792,gob_tbl_01518,1,0,1,false
3793,proc_tbl_04370,1,0,1,false
3794,proc_tbl_00491,1,0,1,false
3795,dash_tbl_01015,1,0,1,false
3796,proc_tbl_01989,1,0,1,false
3797,gob_tbl_03882,1,0,1,false
3798,gob_tbl_01471,1,0,1,false
3799,gob_tbl_02010,1,0,1,false
3800,proc_tbl_04090,1,0,1,false
3801,gob_tbl_04009,1,0,1,false
3802,gob_tbl_03706,1,0,1,false
3803,proc_tbl_02460,1,0,1,false
3804,proc_tbl_02270,1,0,1,false
3805,gob_tbl_00639,1,0,1,false
3806,gob_tbl_03497,1,0,1,false
3807,gob_tbl_02368,1,0,1,false
3808,proc_tbl_02068,1,0,1,false
3809,gob_tbl_01785,1,0,1,false
3810,dlk_tbl_01003,1,0,1,false
3811,gob_tbl_02175,1,0,1,false
3812,gob_tbl_00530,1,0,1,false
3813,gob_tbl_03694,1,0,1,false
3814,dash_tbl_00121,1,0,1,false
3815,proc_tbl_03611,1,0,1,false
3816,dlk_tbl_04394,1,0,1,false
3817,dlk_tbl_00416,1,0,1,false
3818,gob_tbl_01125,1,0,1,false
3819,gob_tbl_03437,1,0,1,false
3820,m4sco_tbl_01273,1,0,1,false
3821,gob_tbl_03538,1,0,1,false
3822,gob_tbl_01600,1,0,1,false
3823,proc_tbl_02394,1,0,1,false
3824,gob_tbl_00281,1,0,1,false
3825,gob_tbl_02965,1,0,1,false
3826,proc_tbl_01091,1,0,1,false
3827,dlk_tbl_03724,1,0,1,false
3828,gob_tbl_04207,1,0,1,false
3829,proc_tbl_04145,1,0,1,false
3830,dlk_tbl_03026,1,0,1,false
3831,dlk_tbl_04241,1,0,1,false
3832,proc_tbl_03977,1,0,1,false
3833,gob_tbl_04499,1,0,1,false
3834,gob_tbl_01228,1,0,1,false
3835,dlk_tbl_00127,1,0,1,false
3836,dlk_tbl_01373,1,0,1,false
3837,dlk_tbl_02681,1,0,1,false
3838,dlk_tbl_00906,1,0,1,false
3839,dlk_tbl_00365,1,0,1,false
3840,dlk_tbl_00919,1,0,1,false
3841,proc_tbl_04469,1,0,1,false
3842,dash_tbl_00759,1,0,1,false
3843,proc_ext_00510,1,1,0,false
3844,gob_tbl_02635,1,0,1,false
3845,dlk_tbl_03745,1,0,1,false
3846,gob_tbl_03379,1,0,1,false
3847,dlk_tbl_03245,1,0,1,false
3848,gob_tbl_02613,1,0,1,false
3849,proc_tbl_04306,1,0,1,false
3850,dlk_tbl_01660,1,0,1,false
3851,gob_tbl_03719,1,0,1,false
3852,proc_tbl_01378,1,0,1,false
3853,gob_tbl_03887,1,0,1,false
3854,gob_tbl_04000,1,0,1,false
3855,dlk_tbl_02532,1,0,1,false
3856,dlk_tbl_00317,1,0,1,false
3857,dash_tbl_03838,1,0,1,false
3858,dlk_tbl_03968,1,0,1,false
3859,dlk_tbl_03236,1,0,1,false
3860,dlk_tbl_00016,1,0,1,false
3861,dlk_tbl_03927,1,0,1,false
3862,proc_tbl_00940,1,0,1,false
3863,dlk_tbl_03463,1,0,1,false
3864,gob_tbl_00670,1,0,1,false
3865,gob_tbl_03563,1,0,1,false
3866,gob_tbl_00580,1,0,1,false
3867,dash_tbl_02498,1,0,1,false
3868,m4vw_tbl_00193,1,0,1,false
3869,gob_tbl_02318,1,0,1,false
3870,dlk_tbl_00658,1,0,1,false
3871,std_tbl_00971,1,0,1,false
3872,dlk_tbl_02439,1,0,1,false
3873,dlk_tbl_04387,1,0,1,false
3874,gob_tbl_04472,1,0,1,false
3875,dash_tbl_01752,1,0,1,false
3876,m4sco_tbl_00730,1,0,1,false
3877,dlk_tbl_03284,1,0,1,false
3878,proc_tbl_02020,1,0,1,false
3879,dlk_tbl_00962,1,0,1,false
3880,gob_tbl_03809,1,0,1,false
3881,gob_tbl_01481,1,0,1,false
3882,dlk_tbl_01160,1,0,1,false
3883,dlk_tbl_04024,1,0,1,false
3884,gob_tbl_00834,1,0,1,false
3885,gob_tbl_02261,1,0,1,false
3886,dash_tbl_00891,1,0,1,false
3887,proc_tbl_00048,1,0,1,false
3888,dlk_tbl_02931,1,0,1,false
3889,gob_tbl_01766,1,0,1,false
3890,gob_tbl_03804,1,0,1,false
3891,dash_tbl_04097,1,0,1,false
3892,gob_tbl_01794,1,0,1,false
3893,dlk_tbl_01681,1,0,1,false
3894,dlk_tbl_01620,1,0,1,false
3895,dlk_tbl_02113,1,0,1,false
3896,gob_tbl_03886,1,0,1,false
3897,dlk_tbl_00731,1,0,1,false
3898,proc_tbl_03438,1,0,1,false
3899,gob_tbl_02379,1,0,1,false
3900,dlk_tbl_04032,1,0,1,false
3901,gob_tbl_02522,1,0,1,false
3902,dlk_tbl_02199,1,0,1,false
3903,dlk_tbl_01846,1,0,1,false
3904,dash_tbl_02146,1,0,1,false
3905,gob_tbl_02724,1,0,1,false
3906,dlk_tbl_03707,1,0,1,false
3907,dash_tbl_01890,1,0,1,false
3908,gob_tbl_00764,1,0,1,false
3909,dlk_tbl_01849,1,0,1,false
3910,proc_tbl_00253,1,0,1,false
3911,dash_tbl_00363,1,0,1,false
3912,gob_tbl_01009,1,0,1,false
3913,dlk_tbl_02423,1,0,1,false
3914,gob_tbl_02907,1,0,1,false
3915,gob_tbl_00009,1,0,1,false
3916,dlk_tbl_03275,1,0,1,false
3917,gob_tbl_00671,1,0,1,false
3918,gob_tbl_02677,1,0,1,false
3919,gob_tbl_03858,1,0,1,false
3920,dlk_tbl_00576,1,0,1,false
3921,proc_tbl_03814,1,0,1,false
3922,dash_tbl_03045,1,0,1,false
3923,dlk_tbl_01524,1,0,1,false
3924,proc_tbl_02948,1,0,1,false
3925,dlk_ext_00067,1,1,0,false
3926,std_tbl_01749,1,0,1,false
3927,gob_tbl_02928,1,0,1,false
3928,gob_tbl_00903,1,0,1,false
3929,dlk_ext_00058,1,1,0,false
3930,proc_tbl_00318,1,0,1,false
3931,dlk_tbl_00765,1,0,1,false
3932,proc_tbl_00956,1,0,1,false
3933,gob_tbl_03725,1,0,1,false
3934,dlk_tbl_01422,1,0,1,false
3935,proc_tbl_00058,1,0,1,false
3936,dlk_tbl_02868,1,0,1,false
3937,ppn_tbl_02851,1,0,1,false
3938,dlk_tbl_00511,1,0,1,false
3939,std_ext_00628,1,1,0,false
3940,dlk_tbl_03014,1,0,1,false
3941,proc_tbl_01376,1,0,1,false
3942,proc_tbl_00463,1,0,1,false
3943,dlk_tbl_00860,1,0,1,false
3944,dlk_tbl_02742,1,0,1,false
3945,proc_tbl_00854,1,0,1,false
3946,dash_tbl_03677,1,0,1,false
3947,proc_tbl_00943,1,0,1,false
3948,gob_tbl_03382,1,0,1,false
3949,gob_tbl_02219,1,0,1,false
3950,dlk_tbl_01627,1,0,1,false
3951,gob_tbl_02422,1,0,1,false
3952,dlk_tbl_01798,1,0,1,false
3953,gob_tbl_02523,1,0,1,false
3954,dlk_tbl_04503,1,0,1,false
3955,dlk_tbl_00001,1,0,1,false
3956,dlk_tbl_03680,1,0,1,false
3957,dlk_tbl_02676,1,0,1,false
3958,std_tbl_01479,1,0,1,false
3959,dlk_tbl_01814,1,0,1,false
3960,dlk_tbl_04372,1,0,1,false
3961,proc_tbl_03586,1,0,1,false
3962,gob_tbl_02164,1,0,1,false
3963,gob_tbl_00080,1,0,1,false
3964,gob_tbl_01649,1,0,1,false
3965,proc_tbl_04415,1,0,1,false
3966,std_tbl_01215,1,0,1,false
3967,gob_tbl_00454,1,0,1,false
3968,gob_tbl_01430,1,0,1,false
3969,gob_tbl_02513,1,0,1,false
3970,gob_tbl_04140,1,0,1,false
3971,dlk_tbl_02939,1,0,1,false
3972,std_tbl_03551,1,0,1,false
3973,proc_tbl_00341,1,0,1,false
3974,gob_tbl_02079,1,0,1,false
3975,dlk_tbl_02327,1,0,1,false
3976,dlk_tbl_00535,1,0,1,false
3977,gob_tbl_04116,1,0,1,false
3978,gob_tbl_03472,1,0,1,false
3979,proc_tbl_00887,1,0,1,false
3980,dlk_tbl_00615,1,0,1,false
3981,dlk_ext_00212,1,1,0,false
3982,m4vw_tbl_01608,1,0,1,false
3983,gob_tbl_02235,1,0,1,false
3984,proc_tbl_02273,1,0,1,false
3985,gob_tbl_00096,1,0,1,false
3986,dlk_tbl_01184,1,0,1,false
3987,gob_tbl_04409,1,0,1,false
3988,dlk_tbl_00098,1,0,1,false
3989,dlk_tbl_04448,1,0,1,false
3990,proc_tbl_00406,1,0,1,false
3991,dlk_tbl_03892,1,0,1,false
3992,dlk_tbl_00725,1,0,1,false
3993,gob_ext_00418,1,1,0,false
3994,dlk_tbl_00608,1,0,1,false
3995,dlk_tbl_03592,1,0,1,false
3996,gob_tbl_01132,1,0,1,false
3997,dlk_tbl_01962,1,0,1,false
3998,dlk_tbl_02721,1,0,1,false
3999,gob_tbl_00780,1,0,1,false
4000,gob_tbl_01762,1,0,1,false
4001,proc_tbl_02605,1,0,1,false
4002,dash_tbl_02803,1,0,1,false
4003,gob_tbl_00233,1,0,1,false
4004,dlk_tbl_01420,1,0,1,false
4005,proc_tbl_02989,1,0,1,false
4006,dlk_tbl_03196,1,0,1,false
4007,m4sco_tbl_04218,1,0,1,false
4008,dlk_tbl_02760,1,0,1,false
4009,proc_tbl_00984,1,0,1,false
4010,dlk_tbl_04236,1,0,1,false
4011,dlk_tbl_03662,1,0,1,false
4012,ppn_tbl_01945,1,0,1,false
4013,std_tbl_03767,1,0,1,false
4014,dash_tbl_02624,1,0,1,false
4015,gob_tbl_02848,1,0,1,false
4016,gob_tbl_00876,1,0,1,false
4017,dlk_tbl_01449,1,0,1,false
4018,dash_tbl_02898,1,0,1,false
4019,ppn_tbl_02804,1,0,1,false
4020,gob_ext_00070,1,1,0,false
4021,dlk_tbl_02757,1,0,1,false
4022,dlk_tbl_01462,1,0,1,false
4023,dlk_tbl_00134,1,0,1,false
4024,gob_tbl_01283,1,0,1,false
4025,m4vw_ext_00222,1,1,0,false
4026,dlk_tbl_00293,1,0,1,false
4027,gob_tbl_00218,1,0,1,false
4028,gob_tbl_00224,1,0,1,false
4029,gob_tbl_03783,1,0,1,false
4030,dlk_tbl_01948,1,0,1,false
4031,gob_tbl_04243,1,0,1,false
4032,dlk_tbl_00102,1,0,1,false
4033,proc_tbl_01213,1,0,1,false
4034,gob_tbl_03280,1,0,1,false
4035,proc_tbl_00084,1,0,1,false
4036,dlk_tbl_00859,1,0,1,false
4037,ppn_tbl_00146,1,0,1,false
4038,gob_tbl_01110,1,0,1,false
4039,dlk_tbl_01769,1,0,1,false
4040,proc_tbl_03467,1,0,1,false
4041,dlk_tbl_02229,1,0,1,false
4042,dlk_tbl_00439,1,0,1,false
4043,gob_ext_00408,1,1,0,false
4044,proc_tbl_01908,1,0,1,false
4045,ppn_tbl_01419,1,0,1,false
4046,dlk_tbl_01133,1,0,1,false
4047,dash_tbl_00017,1,0,1,false
4048,dlk_tbl_00443,1,0,1,false
4049,dash_tbl_04296,1,0,1,false
4050,gob_tbl_04219,1,0,1,false
4051,dash_tbl_04254,1,0,1,false
4052,dlk_tbl_01074,1,0,1,false
4053,gob_tbl_03027,1,0,1,false
4054,m4sco_tbl_01211,1,0,1,false
4055,proc_tbl_00473,1,0,1,false
4056,gob_tbl_03200,1,0,1,false
4057,proc_tbl_03000,1,0,1,false
4058,proc_tbl_00770,1,0,1,false
4059,dlk_tbl_01692,1,0,1,false
4060,proc_tbl_01592,1,0,1,false
4061,dlk_tbl_01313,1,0,1,false
4062,gob_tbl_00706,1,0,1,false
4063,dlk_tbl_02796,1,0,1,false
4064,gob_tbl_02561,1,0,1,false
4065,dlk_tbl_04162,1,0,1,false
4066,dash_tbl_04426,1,0,1,false
4067,gob_tbl_01477,1,0,1,false
4068,gob_tbl_02795,1,0,1,false
4069,gob_tbl_03304,1,0,1,false
4070,dash_tbl_00541,1,0,1,false
4071,dash_tbl_03546,1,0,1,false
4072,dlk_tbl_01859,1,0,1,false
4073,gob_tbl_03567,1,0,1,false
4074,dlk_tbl_04117,1,0,1,false
4075,dlk_tbl_04251,1,0,1,false
4076,m4vw_tbl_04209,1,0,1,false
4077,dlk_tbl_02233,1,0,1,false
4078,std_tbl_00103,1,0,1,false
4079,gob_tbl_02797,1,0,1,false
4080,gob_tbl_02830,1,0,1,false
4081,dash_tbl_02287,1,0,1,false
4082,gob_tbl_03262,1,0,1,false
4083,gob_tbl_01212,1,0,1,false
4084,dlk_tbl_04166,1,0,1,false
4085,dash_tbl_02531,1,0,1,false
4086,dlk_tbl_00291,1,0,1,false
4087,dlk_tbl_01351,1,0,1,false
4088,dlk_tbl_03973,1,0,1,false
4089,gob_tbl_01554,1,0,1,false
4090,gob_tbl_01705,1,0,1,false
4091,gob_tbl_00710,1,0,1,false
4092,proc_tbl_01578,1,0,1,false
4093,dlk_tbl_01347,1,0,1,false
4094,dlk_tbl_00453,1,0,1,false
4095,dash_tbl_03681,1,0,1,false
4096,gob_tbl_04119,1,0,1,false
4097,gob_tbl_04271,1,0,1,false
4098,gob_tbl_00448,1,0,1,false
4099,m4sco_tbl_00170,1,0,1,false
4100,dlk_tbl_02962,1,0,1,false
4101,gob_tbl_02936,1,0,1,false
4102,gob_tbl_01410,1,0,1,false
4103,gob_tbl_03956,1,0,1,false
4104,gob_tbl_02491,1,0,1,false
4105,dash_tbl_01924,1,0,1,false
4106,gob_tbl_03885,1,0,1,false
4107,gob_tbl_01490,1,0,1,false
4108,gob_tbl_03287,1,0,1,false
4109,gob_tbl_00232,1,0,1,false
4110,dlk_tbl_02754,1,0,1,false
4111,dlk_tbl_02911,1,0,1,false
4112,gob_tbl_00782,1,0,1,false
4113,gob_tbl_00817,1,0,1,false
4114,dlk_tbl_03959,1,0,1,false
4115,gob_tbl_01245,1,0,1,false
4116,dlk_tbl_04137,1,0,1,false
4117,gob_tbl_01089,1,0,1,false
4118,gob_tbl_00444,1,0,1,false
4119,gob_tbl_00809,1,0,1,false
4120,dlk_tbl_02814,1,0,1,false
4121,proc_ext_00274,1,1,0,false
4122,dash_tbl_02682,1,0,1,false
4123,dlk_tbl_02429,1,0,1,false
4124,proc_tbl_00899,1,0,1,false
4125,dlk_tbl_00338,1,0,1,false
4126,gob_tbl_00350,1,0,1,false
4127,dlk_tbl_02073,1,0,1,false
4128,dlk_tbl_01095,1,0,1,false
4129,dlk_tbl_03235,1,0,1,false
4130,dash_tbl_00247,1,0,1,false
4131,gob_tbl_01365,1,0,1,false
4132,proc_tbl_04327,1,0,1,false
4133,proc_tbl_04083,1,0,1,false
4134,dlk_tbl_02352,1,0,1,false
4135,proc_tbl_00992,1,0,1,false
4136,dlk_tbl_00273,1,0,1,false
4137,gob_tbl_00481,1,0,1,false
4138,dlk_tbl_01553,1,0,1,false
4139,dlk_tbl_02855,1,0,1,false
4140,gob_tbl_01808,1,0,1,false
4141,dlk_tbl_00513,1,0,1,false
4142,proc_tbl_00115,1,0,1,false
4143,gob_tbl_02632,1,0,1,false
4144,m4vw_tbl_03351,1,0,1,false
4145,gob_tbl_03766,1,0,1,false
4146,gob_tbl_03761,1,0,1,false
4147,dash_tbl_04022,1,0,1,false
4148,dlk_tbl_03988,1,0,1,false
4149,dash_tbl_02888,1,0,1,false
4150,dlk_tbl_00178,1,0,1,false
4151,gob_tbl_01129,1,0,1,false
4152,gob_tbl_02482,1,0,1,false
4153,proc_tbl_02854,1,0,1,false
4154,dlk_tbl_01526,1,0,1,false
4155,proc_tbl_00720,1,0,1,false
4156,dlk_tbl_03880,1,0,1,false
4157,gob_tbl_04138,1,0,1,false
4158,gob_tbl_04343,1,0,1,false
4159,dlk_tbl_00427,1,0,1,false
4160,proc_tbl_03787,1,0,1,false
4161,proc_tbl_03134,1,0,1,false
4162,dlk_tbl_01607,1,0,1,false
4163,dlk_tbl_03093,1,0,1,false
4164,gob_tbl_02645,1,0,1,false
4165,dlk_tbl_01055,1,0,1,false
4166,dlk_tbl_01912,1,0,1,false
4167,gob_tbl_02103,1,0,1,false
4168,proc_tbl_00258,1,0,1,false
4169,dlk_tbl_00180,1,0,1,false
4170,dash_tbl_02487,1,0,1,false
4171,gob_tbl_03932,1,0,1,false
4172,gob_tbl_02453,1,0,1,false
4173,std_ext_00689,1,1,0,false
4174,proc_tbl_00419,1,0,1,false
4175,dash_tbl_03599,1,0,1,false
4176,dlk_tbl_04340,1,0,1,false
4177,dlk_tbl_03512,1,0,1,false
4178,gob_tbl_02289,1,0,1,false
4179,proc_tbl_01523,1,0,1,false
4180,dlk_tbl_04266,1,0,1,false
4181,gob_tbl_03371,1,0,1,false
4182,gob_tbl_04146,1,0,1,false
4183,gob_tbl_04144,1,0,1,false
4184,gob_ext_00569,1,1,0,false
4185,dlk_tbl_02994,1,0,1,false
4186,dlk_tbl_01906,1,0,1,false
4187,gob_tbl_00573,1,0,1,false
4188,dlk_tbl_02390,1,0,1,false
4189,proc_tbl_03893,1,0,1,false
4190,proc_tbl_02998,1,0,1,false
4191,gob_tbl_02932,1,0,1,false
4192,dash_tbl_01413,1,0,1,false
4193,gob_tbl_02027,1,0,1,false
4194,dlk_tbl_02785,1,0,1,false
4195,gob_tbl_03422,1,0,1,false
4196,gob_tbl_02872,1,0,1,false
4197,gob_tbl_00612,1,0,1,false
4198,gob_tbl_02597,1,0,1,false
4199,gob_tbl_00555,1,0,1,false
4200,dlk_tbl_02997,1,0,1,false
4201,gob_tbl_02975,1,0,1,false
4202,dlk_tbl_02250,1,0,1,false
4203,dlk_tbl_01931,1,0,1,false
4204,gob_tbl_02033,1,0,1,false
4205,std_tbl_03087,1,0,1,false
4206,dlk_tbl_03577,1,0,1,false
4207,dlk_tbl_03343,1,0,1,false
4208,dlk_tbl_02949,1,0,1,false
4209,ppn_tbl_00515,1,0,1,false
4210,dlk_ext_00071,1,1,0,false
4211,gob_tbl_03921,1,0,1,false
4212,dlk_tbl_03324,1,0,1,false
4213,dash_tbl_00268,1,0,1,false
4214,gob_tbl_00012,1,0,1,false
4215,gob_tbl_04505,1,0,1,false
4216,proc_tbl_00320,1,0,1,false
4217,dlk_tbl_02086,1,0,1,false
4218,gob_tbl_00880,1,0,1,false
4219,gob_tbl_01509,1,0,1,false
4220,dlk_tbl_00289,1,0,1,false
4221,gob_tbl_04401,1,0,1,false
4222,m4sco_tbl_01399,1,0,1,false
4223,proc_tbl_03987,1,0,1,false
4224,dlk_tbl_03491,1,0,1,false
4225,dlk_tbl_04052,1,0,1,false
4226,dlk_tbl_01176,1,0,1,false
4227,proc_tbl_02505,1,0,1,false
4228,dash_tbl_02298,1,0,1,false
4229,dlk_tbl_04128,1,0,1,false
4230,gob_tbl_04047,1,0,1,false
4231,dlk_tbl_03297,1,0,1,false
4232,proc_tbl_00847,1,0,1,false
4233,dlk_tbl_03409,1,0,1,false
4234,dlk_tbl_04221,1,0,1,false
4235,gob_tbl_03495,1,0,1,false
4236,gob_tbl_01740,1,0,1,false
4237,gob_tbl_04103,1,0,1,false
4238,dlk_ext_00518,1,1,0,false
4239,proc_tbl_02266,1,0,1,false
4240,dash_tbl_01480,1,0,1,false
4241,dlk_tbl_02738,1,0,1,false
4242,gob_tbl_00251,1,0,1,false
4243,dlk_tbl_00094,1,0,1,false
4244,gob_tbl_02715,1,0,1,false
4245,dlk_tbl_03116,1,0,1,false
4246,dash_tbl_03064,1,0,1,false
4247,proc_tbl_00863,1,0,1,false
4248,dlk_tbl_02631,1,0,1,false
4249,gob_tbl_02201,1,0,1,false
4250,gob_tbl_02817,1,0,1,false
4251,dlk_tbl_04316,1,0,1,false
4252,proc_tbl_02432,1,0,1,false
4253,gob_tbl_04313,1,0,1,false
4254,dlk_tbl_01955,1,0,1,false
4255,std_tbl_04035,1,0,1,false
4256,std_tbl_01898,1,0,1,false
4257,dlk_tbl_01401,1,0,1,false
4258,dlk_tbl_02696,1,0,1,false
4259,gob_tbl_02162,1,0,1,false
4260,proc_tbl_01920,1,0,1,false
4261,proc_tbl_02376,1,0,1,false
4262,gob_tbl_02285,1,0,1,false
4263,dash_tbl_01033,1,0,1,false
4264,dlk_tbl_01873,1,0,1,false
4265,proc_tbl_01583,1,0,1,false
4266,dash_tbl_01787,1,0,1,false
4267,proc_tbl_01234,1,0,1,false
4268,proc_tbl_01675,1,0,1,false
4269,dash_tbl_02137,1,0,1,false
4270,dlk_tbl_00853,1,0,1,false
4271,proc_tbl_03140,1,0,1,false
4272,dash_tbl_02117,1,0,1,false
4273,dlk_ext_00464,1,1,0,false
4274,gob_tbl_03432,1,0,1,false
4275,dlk_tbl_03543,1,0,1,false
4276,proc_tbl_00271,1,0,1,false
4277,gob_tbl_04239,1,0,1,false
4278,proc_tbl_04468,1,0,1,false
4279,proc_tbl_01780,1,0,1,false
4280,dlk_tbl_03473,1,0,1,false
4281,proc_tbl_00440,1,0,1,false
4282,gob_tbl_00040,1,0,1,false
4283,gob_tbl_01242,1,0,1,false
4284,dash_tbl_01824,1,0,1,false
4285,gob_tbl_01141,1,0,1,false
4286,dlk_tbl_02942,1,0,1,false
4287,gob_tbl_02483,1,0,1,false
4288,dash_tbl_04261,1,0,1,false
4289,dlk_tbl_04093,1,0,1,false
4290,gob_tbl_00446,1,0,1,false
4291,dlk_tbl_03461,1,0,1,false
4292,dlk_tbl_00643,1,0,1,false
4293,dlk_tbl_03685,1,0,1,false
4294,dlk_tbl_02813,1,0,1,false
4295,dlk_tbl_02026,1,0,1,false
4296,gob_tbl_03843,1,0,1,false
4297,dlk_tbl_01626,1,0,1,false
4298,dlk_tbl_00846,1,0,1,false
4299,gob_tbl_01678,1,0,1,false
4300,gob_tbl_02100,1,0,1,false
4301,gob_tbl_02257,1,0,1,false
4302,proc_tbl_01563,1,0,1,false
4303,proc_tbl_03587,1,0,1,false
4304,dash_tbl_01435,1,0,1,false
4305,dlk_tbl_03684,1,0,1,false
4306,m4vw_tbl_00798,1,0,1,false
4307,dlk_tbl_00872,1,0,1,false
4308,dlk_tbl_01773,1,0,1,false
4309,dlk_tbl_01574,1,0,1,false
4310,proc_tbl_02802,1,0,1,false
4311,gob_tbl_03544,1,0,1,false
4312,gob_tbl_02306,1,0,1,false
4313,dlk_tbl_00523,1,0,1,false
4314,dlk_tbl_01648,1,0,1,false
4315,gob_ext_00096,1,1,0,false
4316,gob_tbl_01614,1,0,1,false
4317,proc_tbl_00762,1,0,1,false
4318,dlk_tbl_01042,1,0,1,false
4319,gob_tbl_01723,1,0,1,false
4320,gob_tbl_00123,1,0,1,false
4321,gob_tbl_02765,1,0,1,false
4322,dash_tbl_00052,1,0,1,false
4323,dlk_tbl_00619,1,0,1,false
4324,proc_tbl_00452,1,0,1,false
4325,proc_tbl_00403,1,0,1,false
4326,dlk_tbl_02060,1,0,1,false
4327,dlk_tbl_02801,1,0,1,false
4328,gob_tbl_00310,1,0,1,false
4329,gob_tbl_03664,1,0,1,false
4330,dlk_tbl_03035,1,0,1,false
4331,gob_tbl_01709,1,0,1,false
4332,dlk_tbl_00208,1,0,1,false
4333,gob_tbl_03816,1,0,1,false
4334,proc_tbl_04427,1,0,1,false
4335,gob_tbl_01005,1,0,1,false
4336,gob_tbl_04371,1,0,1,false
4337,dlk_ext_00576,1,1,0,false
4338,dlk_tbl_00220,1,0,1,false
4339,proc_tbl_02542,1,0,1,false
4340,gob_tbl_03922,1,0,1,false
4341,gob_tbl_03602,1,0,1,false
4342,gob_tbl_00726,1,0,1,false
4343,proc_tbl_00164,1,0,1,false
4344,dlk_tbl_03969,1,0,1,false
4345,dlk_tbl_04112,1,0,1,false
4346,dlk_tbl_00092,1,0,1,false
4347,gob_tbl_01163,1,0,1,false
4348,proc_tbl_03548,1,0,1,false
4349,dlk_tbl_01711,1,0,1,false
4350,gob_tbl_00249,1,0,1,false
4351,gob_tbl_01426,1,0,1,false
4352,gob_tbl_00032,1,0,1,false
4353,gob_tbl_01143,1,0,1,false
4354,dlk_tbl_02459,1,0,1,false
4355,ppn_tbl_00072,1,0,1,false
4356,gob_tbl_03644,1,0,1,false
4357,gob_tbl_01202,1,0,1,false
4358,proc_tbl_01131,1,0,1,false
4359,gob_tbl_00379,1,0,1,false
4360,proc_tbl_03865,1,0,1,false
4361,gob_tbl_03789,1,0,1,false
4362,gob_tbl_02952,1,0,1,false
4363,gob_ext_00103,1,1,0,false
4364,proc_tbl_00248,1,0,1,false
4365,gob_tbl_02309,1,0,1,false
4366,gob_tbl_01225,1,0,1,false
4367,dlk_tbl_03179,1,0,1,false
4368,proc_tbl_03286,1,0,1,false
4369,dlk_tbl_02333,1,0,1,false
4370,std_tbl_00401,1,0,1,false
4371,gob_tbl_04105,1,0,1,false
4372,proc_tbl_01476,1,0,1,false
4373,proc_tbl_04485,1,0,1,false
4374,proc_tbl_00352,1,0,1,false
4375,dash_tbl_03098,1,0,1,false
4376,proc_tbl_03840,1,0,1,false
4377,proc_tbl_01326,1,0,1,false
4378,dlk_tbl_01976,1,0,1,false
4379,gob_tbl_02602,1,0,1,false
4380,dlk_tbl_04220,1,0,1,false
4381,gob_tbl_02323,1,0,1,false
4382,dlk_tbl_01300,1,0,1,false
4383,gob_tbl_03146,1,0,1,false
4384,m4vw_tbl_01802,1,0,1,false
4385,gob_tbl_03139,1,0,1,false
4386,proc_tbl_00130,1,0,1,false
4387,dlk_tbl_04148,1,0,1,false
4388,gob_tbl_02089,1,0,1,false
4389,gob_tbl_02038,1,0,1,false
4390,dlk_tbl_02344,1,0,1,false
4391,gob_tbl_02937,1,0,1,false
4392,gob_tbl_03152,1,0,1,false
4393,dlk_tbl_00370,1,0,1,false
4394,dlk_tbl_00937,1,0,1,false
4395,gob_tbl_03786,1,0,1,false
4396,dlk_tbl_03465,1,0,1,false
4397,gob_tbl_03983,1,0,1,false
4398,dlk_tbl_02614,1,0,1,false
4399,dlk_tbl_04286,1,0,1,false
4400,proc_tbl_03228,1,0,1,false
4401,gob_tbl_04483,1,0,1,false
4402,proc_tbl_02063,1,0,1,false
4403,dlk_tbl_02914,1,0,1,false
4404,dlk_tbl_01369,1,0,1,false
4405,dash_tbl_01488,1,0,1,false
4406,dlk_tbl_03486,1,0,1,false
4407,dlk_tbl_03705,1,0,1,false
4408,dlk_tbl_02147,1,0,1,false
4409,gob_tbl_03516,1,0,1,false
4410,dlk_tbl_03258,1,0,1,false
4411,dash_tbl_01516,1,0,1,false
4412,dlk_tbl_00666,1,0,1,false
4413,gob_tbl_00832,1,0,1,false
4414,dlk_tbl_00717,1,0,1,false
4415,dlk_tbl_00298,1,0,1,false
4416,gob_tbl_02019,1,0,1,false
4417,std_tbl_03574,1,0,1,false
4418,m4sco_tbl_02370,1,0,1,false
4419,dlk_tbl_01385,1,0,1,false
4420,dlk_tbl_02782,1,0,1,false
4421,gob_tbl_01473,1,0,1,false
4422,gob_tbl_03595,1,0,1,false
4423,gob_tbl_03131,1,0,1,false
4424,gob_tbl_02950,1,0,1,false
4425,dlk_tbl_01579,1,0,1,false
4426,gob_tbl_01642,1,0,1,false
4427,proc_tbl_03883,1,0,1,false
4428,dlk_tbl_02675,1,0,1,false
4429,dlk_tbl_04354,1,0,1,false
4430,dlk_tbl_03740,1,0,1,false
4431,gob_ext_00243,1,1,0,false
4432,gob_tbl_04397,1,0,1,false
4433,proc_tbl_04356,1,0,1,false
4434,proc_tbl_02223,1,0,1,false
4435,gob_tbl_01226,1,0,1,false
4436,proc_tbl_02082,1,0,1,false
4437,gob_tbl_02048,1,0,1,false
4438,dlk_tbl_03612,1,0,1,false
4439,dlk_tbl_01581,1,0,1,false
4440,dlk_tbl_02300,1,0,1,false
4441,gob_tbl_01328,1,0,1,false
4442,dlk_tbl_03951,1,0,1,false
4443,dlk_tbl_01968,1,0,1,false
4444,proc_tbl_02853,1,0,1,false
4445,dlk_tbl_04063,1,0,1,false
4446,proc_tbl_00239,1,0,1,false
4447,std_tbl_02148,1,0,1,false
4448,dlk_tbl_03565,1,0,1,false
4449,proc_tbl_03281,1,0,1,false
4450,dash_tbl_03072,1,0,1,false
4451,gob_tbl_00418,1,0,1,false
4452,dlk_tbl_03939,1,0,1,false
4453,dash_tbl_01551,1,0,1,false
4454,ppn_tbl_01562,1,0,1,false
4455,proc_tbl_03846,1,0,1,false
4456,dash_tbl_02780,1,0,1,false
4457,dlk_tbl_03871,1,0,1,false
4458,dlk_tbl_01669,1,0,1,false
4459,m4vw_tbl_02707,1,0,1,false
4460,gob_tbl_00825,1,0,1,false
4461,proc_tbl_02601,1,0,1,false
4462,dlk_tbl_01463,1,0,1,false
4463,dlk_tbl_02056,1,0,1,false
4464,gob_tbl_02824,1,0,1,false
4465,dash_tbl_00237,1,0,1,false
4466,m4sco_tbl_02722,1,0,1,false
4467,proc_tbl_01442,1,0,1,false
4468,gob_tbl_01301,1,0,1,false
4469,gob_tbl_00221,1,0,1,false
4470,proc_tbl_01406,1,0,1,false
4471,proc_tbl_01585,1,0,1,false
4472,gob_tbl_00926,1,0,1,false
4473,dlk_tbl_04410,1,0,1,false
4474,dlk_tbl_03412,1,0,1,false
4475,gob_ext_00276,1,1,0,false
4476,gob_tbl_02268,1,0,1,false
4477,proc_tbl_01728,1,0,1,false
4478,dash_ext_00028,1,1,0,false
4479,proc_tbl_02030,1,0,1,false
4480,gob_tbl_01421,1,0,1,false
4481,gob_tbl_02428,1,0,1,false
4482,dlk_tbl_01529,1,0,1,false
4483,dlk_tbl_03253,1,0,1,false
4484,gob_tbl_02246,1,0,1,false
4485,dlk_tbl_04414,1,0,1,false
4486,proc_tbl_00322,1,0,1,false
4487,dash_tbl_03891,1,0,1,false
4488,gob_tbl_01140,1,0,1,false
4489,gob_tbl_03597,1,0,1,false
4490,dlk_tbl_04186,1,0,1,false
4491,dlk_tbl_03068,1,0,1,false
4492,dlk_tbl_00568,1,0,1,false
4493,dash_tbl_00681,1,0,1,false
4494,proc_ext_00340,1,1,0,false
4495,std_tbl_01988,1,0,1,false
4496,std_tbl_03501,1,0,1,false
4497,dlk_tbl_00861,1,0,1,false
4498,dlk_tbl_01867,1,0,1,false
4499,proc_tbl_01782,1,0,1,false
4500,proc_tbl_03561,1,0,1,false
4501,gob_tbl_03427,1,0,1,false
4502,gob_tbl_02334,1,0,1,false
4503,gob_tbl_00383,1,0,1,false
4504,dlk_tbl_01800,1,0,1,false
4505,dlk_tbl_02526,1,0,1,false
4506,dlk_tbl_00132,1,0,1,false
4507,dash_tbl_03807,1,0,1,false
4508,proc_tbl_02900,1,0,1,false
4509,dlk_tbl_02425,1,0,1,false
4510,proc_tbl_00126,1,0,1,false
4511,dash_tbl_00746,1,0,1,false
4512,dlk_tbl_03781,1,0,1,false
4513,gob_tbl_01609,1,0,1,false
4514,dash_tbl_02913,1,0,1,false
4515,gob_tbl_04224,1,0,1,false
4516,gob_tbl_03623,1,0,1,false
4517,m4sco_tbl_02141,1,0,1,false
4518,proc_tbl_02730,1,0,1,false
4519,gob_tbl_04006,1,0,1,false
4520,dlk_tbl_02221,1,0,1,false
4521,gob_tbl_03907,1,0,1,false
4522,std_tbl_02726,1,0,1,false
4523,dlk_tbl_02534,1,0,1,false
4524,proc_tbl_00627,1,0,1,false
4525,gob_tbl_01155,1,0,1,false
4526,gob_tbl_00563,1,0,1,false
4527,dlk_tbl_02198,1,0,1,false
4528,gob_tbl_02472,1,0,1,false
4529,gob_tbl_03798,1,0,1,false
4530,gob_tbl_02884,1,0,1,false
4531,gob_tbl_02866,1,0,1,false
4532,gob_tbl_02050,1,0,1,false
4533,proc_tbl_00055,1,0,1,false
4534,gob_tbl_00309,1,0,1,false
4535,dlk_tbl_03788,1,0,1,false
4536,gob_tbl_03848,1,0,1,false
4537,dash_tbl_04486,1,0,1,false
4538,gob_tbl_00470,1,0,1,false
4539,dlk_tbl_01984,1,0,1,false
4540,gob_tbl_00147,1,0,1,false
4541,gob_tbl_00594,1,0,1,false
4542,m4sco_tbl_01634,1,0,1,false
4543,dlk_tbl_01621,1,0,1,false
4544,m4sco_tbl_01561,1,0,1,false
4545,dash_tbl_01828,1,0,1,false
4546,gob_tbl_02377,1,0,1,false
4547,gob_tbl_02012,1,0,1,false
4548,proc_tbl_02353,1,0,1,false
4549,proc_ext_00086,1,1,0,false
4550,gob_tbl_00827,1,0,1,false
4551,dlk_tbl_02216,1,0,1,false
4552,dlk_tbl_02258,1,0,1,false
4553,dash_tbl_02406,1,0,1,false
4554,gob_tbl_03388,1,0,1,false
4555,dlk_tbl_01122,1,0,1,false
4556,gob_tbl_03656,1,0,1,false
4557,dlk_tbl_03958,1,0,1,false
4558,dlk_tbl_03531,1,0,1,false
4559,gob_tbl_01409,1,0,1,false
4560,proc_tbl_01391,1,0,1,false
4561,gob_ext_00513,1,1,0,false
4562,dlk_tbl_00133,1,0,1,false
4563,proc_tbl_02192,1,0,1,false
4564,proc_tbl_04501,1,0,1,false
4565,dash_tbl_04081,1,0,1,false
4566,dlk_tbl_02120,1,0,1,false
4567,proc_tbl_02097,1,0,1,false
4568,dash_tbl_01460,1,0,1,false
4569,dlk_tbl_00844,1,0,1,false
4570,m4vw_tbl_00381,1,0,1,false
4571,gob_tbl_01508,1,0,1,false
4572,gob_tbl_02462,1,0,1,false
4573,gob_tbl_03948,1,0,1,false
4574,gob_tbl_01450,1,0,1,false
4575,dlk_tbl_02695,1,0,1,false
4576,dlk_tbl_02669,1,0,1,false
4577,gob_tbl_02840,1,0,1,false
4578,gob_tbl_00243,1,0,1,false
4579,std_tbl_00392,1,0,1,false
4580,gob_tbl_03741,1,0,1,false
4581,dlk_tbl_02856,1,0,1,false
4582,gob_tbl_02331,1,0,1,false
4583,dlk_tbl_01688,1,0,1,false
4584,dash_tbl_03513,1,0,1,false
4585,gob_tbl_02109,1,0,1,false
4586,gob_tbl_00566,1,0,1,false
4587,m4vw_tbl_00259,1,0,1,false
4588,dash_tbl_01494,1,0,1,false
4589,dlk_tbl_03457,1,0,1,false
4590,gob_tbl_03269,1,0,1,false
4591,dlk_tbl_02978,1,0,1,false
4592,dlk_tbl_02081,1,0,1,false
4593,dlk_tbl_01661,1,0,1,false
4594,proc_tbl_03249,1,0,1,false
4595,gob_tbl_00085,1,0,1,false
4596,proc_tbl_04163,1,0,1,false
4597,dlk_tbl_00917,1,0,1,false
4598,dlk_tbl_02305,1,0,1,false
4599,dlk_tbl_01022,1,0,1,false
4600,std_tbl_00986,1,0,1,false
4601,dlk_tbl_00415,1,0,1,false
4602,dlk_ext_00332,1,1,0,false
4603,gob_tbl_03708,1,0,1,false
4604,dash_ext_00335,1,1,0,false
4605,gob_tbl_03022,1,0,1,false
4606,dlk_tbl_02263,1,0,1,false
4607,dlk_tbl_03381,1,0,1,false
4608,dash_tbl_02454,1,0,1,false
4609,dlk_tbl_04447,1,0,1,false
4610,dash_tbl_02789,1,0,1,false
4611,proc_tbl_02440,1,0,1,false
4612,gob_tbl_04174,1,0,1,false
4613,dlk_tbl_03572,1,0,1,false
4614,gob_ext_00397,1,1,0,false
4615,dlk_tbl_03598,1,0,1,false
4616,dash_tbl_03210,1,0,1,false
4617,gob_tbl_04484,1,0,1,false
4618,dlk_tbl_03223,1,0,1,false
4619,dlk_tbl_01507,1,0,1,false
4620,gob_tbl_04169,1,0,1,false
4621,dlk_tbl_03084,1,0,1,false
4622,gob_tbl_04263,1,0,1,false
4623,proc_ext_00588,1,1,0,false
4624,dlk_tbl_03445,1,0,1,false
4625,std_tbl_02552,1,0,1,false
4626,dash_tbl_02916,1,0,1,false
4627,gob_tbl_03336,1,0,1,false
4628,dlk_tbl_04362,1,0,1,false
4629,gob_tbl_02768,1,0,1,false
4630,proc_tbl_00742,1,0,1,false
4631,std_tbl_01306,1,0,1,false
4632,m4vw_ext_00193,1,1,0,false
4633,gob_tbl_00395,1,0,1,false
4634,gob_tbl_02093,1,0,1,false
4635,dash_tbl_00408,1,0,1,false
4636,gob_tbl_01918,1,0,1,false
4637,m4vw_tbl_04066,1,0,1,false
4638,dlk_tbl_03989,1,0,1,false
4639,dlk_tbl_03947,1,0,1,false
4640,ppn_tbl_01830,1,0,1,false
4641,gob_tbl_03678,1,0,1,false
4642,proc_tbl_04211,1,0,1,false
4643,gob_tbl_02171,1,0,1,false
4644,dlk_tbl_02045,1,0,1,false
4645,dash_tbl_03241,1,0,1,false
4646,dlk_tbl_00605,1,0,1,false
4647,gob_tbl_03029,1,0,1,false
4648,dlk_tbl_01045,1,0,1,false
4649,gob_tbl_02034,1,0,1,false
4650,proc_tbl_01023,1,0,1,false
4651,proc_tbl_00957,1,0,1,false
4652,dlk_tbl_03339,1,0,1,false
4653,gob_tbl_00500,1,0,1,false
4654,dlk_tbl_01599,1,0,1,false
4655,m4vw_tbl_03316,1,0,1,false
4656,gob_tbl_01056,1,0,1,false
4657,gob_tbl_02345,1,0,1,false
4658,gob_tbl_00241,1,0,1,false
4659,dlk_tbl_00850,1,0,1,false
4660,gob_tbl_01356,1,0,1,false
4661,proc_tbl_01623,1,0,1,false
4662,dlk_tbl_00405,1,0,1,false
4663,gob_tbl_04381,1,0,1,false
4664,dlk_tbl_03447,1,0,1,false
4665,std_ext_00206,1,1,0,false
4666,proc_tbl_02445,1,0,1,false
4667,dlk_tbl_02751,1,0,1,false
4668,gob_tbl_00021,1,0,1,false
4669,gob_tbl_04500,1,0,1,false
4670,gob_tbl_02415,1,0,1,false
4671,gob_tbl_02311,1,0,1,false
4672,gob_tbl_02616,1,0,1,false
4673,dlk_tbl_00748,1,0,1,false
4674,gob_tbl_04400,1,0,1,false
4675,dlk_tbl_01951,1,0,1,false
4676,dlk_tbl_03638,1,0,1,false
4677,gob_tbl_02282,1,0,1,false
4678,gob_tbl_03980,1,0,1,false
4679,dash_tbl_00231,1,0,1,false
4680,gob_tbl_03919,1,0,1,false
4681,proc_tbl_03257,1,0,1,false
4682,gob_tbl_02665,1,0,1,false
4683,proc_tbl_00082,1,0,1,false
4684,dlk_tbl_02740,1,0,1,false
4685,proc_tbl_00713,1,0,1,false
4686,gob_tbl_02339,1,0,1,false
4687,gob_tbl_01701,1,0,1,false
4688,dlk_tbl_00691,1,0,1,false
4689,proc_tbl_02549,1,0,1,false
4690,gob_tbl_03254,1,0,1,false
4691,proc_tbl_00626,1,0,1,false
4692,dlk_tbl_02811,1,0,1,false
4693,proc_ext_00184,1,1,0,false
4694,gob_tbl_01913,1,0,1,false
4695,gob_tbl_03560,1,0,1,false
4696,m4sco_tbl_00366,1,0,1,false
4697,dlk_tbl_02654,1,0,1,false
4698,proc_tbl_02658,1,0,1,false
4699,dlk_tbl_00173,1,0,1,false
4700,dash_tbl_03158,1,0,1,false
4701,dlk_tbl_03632,1,0,1,false
4702,gob_tbl_01214,1,0,1,false
4703,proc_tbl_00948,1,0,1,false
4704,proc_tbl_04041,1,0,1,false
4705,dlk_tbl_00313,1,0,1,false
4706,proc_tbl_04215,1,0,1,false
4707,std_tbl_03067,1,0,1,false
4708,proc_ext_00543,1,1,0,false
4709,gob_tbl_01964,1,0,1,false
4710,gob_tbl_03493,1,0,1,false
4711,gob_tbl_04289,1,0,1,false
4712,proc_tbl_00391,1,0,1,false
4713,dash_tbl_00005,1,0,1,false
4714,dash_tbl_00435,1,0,1,false
4715,dlk_tbl_02061,1,0,1,false
4716,gob_tbl_02355,1,0,1,false
4717,gob_tbl_01047,1,0,1,false
4718,dlk_tbl_00135,1,0,1,false
4719,dlk_tbl_03524,1,0,1,false
4720,dlk_tbl_02043,1,0,1,false
4721,gob_tbl_00607,1,0,1,false
4722,gob_tbl_02209,1,0,1,false
4723,gob_tbl_03978,1,0,1,false
4724,gob_tbl_00213,1,0,1,false
4725,gob_tbl_04502,1,0,1,false
4726,gob_ext_00611,1,1,0,false
4727,proc_tbl_04179,1,0,1,false
4728,dlk_tbl_01775,1,0,1,false
4729,dlk_tbl_01355,1,0,1,false
4730,dlk_tbl_03260,1,0,1,false
4731,dlk_tbl_03202,1,0,1,false
4732,dlk_ext_00236,1,1,0,false
4733,dlk_tbl_00475,1,0,1,false
4734,dlk_tbl_00340,1,0,1,false
4735,gob_tbl_00459,1,0,1,false
4736,dlk_tbl_01946,1,0,1,false
4737,proc_tbl_04395,1,0,1,false
4738,dlk_tbl_00944,1,0,1,false
4739,dlk_tbl_01168,1,0,1,false
4740,gob_tbl_01067,1,0,1,false
4741,dlk_tbl_02590,1,0,1,false
4742,gob_tbl_02349,1,0,1,false
4743,dlk_tbl_00148,1,0,1,false
4744,gob_tbl_03411,1,0,1,false
4745,gob_tbl_02028,1,0,1,false
4746,proc_tbl_00294,1,0,1,false
4747,dlk_tbl_01996,1,0,1,false
4748,dlk_tbl_01400,1,0,1,false
4749,gob_tbl_04438,1,0,1,false
4750,gob_tbl_01452,1,0,1,false
4751,dlk_tbl_01967,1,0,1,false
4752,proc_tbl_03519,1,0,1,false
4753,dash_tbl_02664,1,0,1,false
4754,dlk_tbl_01503,1,0,1,false
4755,dlk_tbl_02006,1,0,1,false
4756,gob_tbl_03736,1,0,1,false
4757,dlk_tbl_02709,1,0,1,false
4758,std_tbl_03187,1,0,1,false
4759,std_tbl_00835,1,0,1,false
4760,dlk_tbl_02138,1,0,1,false
4761,dlk_tbl_03802,1,0,1,false
4762,proc_tbl_00600,1,0,1,false
4763,dash_tbl_01540,1,0,1,false
4764,gob_tbl_00460,1,0,1,false
4765,gob_tbl_01549,1,0,1,false
4766,gob_tbl_01729,1,0,1,false
4767,gob_tbl_01123,1,0,1,false
4768,proc_tbl_00771,1,0,1,false
4769,dlk_tbl_04333,1,0,1,false
4770,gob_tbl_02902,1,0,1,false
4771,gob_tbl_01072,1,0,1,false
4772,dash_tbl_03631,1,0,1,false
4773,dlk_tbl_01008,1,0,1,false
4774,dlk_tbl_03246,1,0,1,false
4775,gob_tbl_04459,1,0,1,false
4776,proc_tbl_03342,1,0,1,false
4777,gob_tbl_02781,1,0,1,false
4778,proc_tbl_03901,1,0,1,false
4779,gob_tbl_02623,1,0,1,false
4780,dlk_tbl_03075,1,0,1,false
4781,proc_tbl_01204,1,0,1,false
4782,dlk_tbl_04176,1,0,1,false
4783,dash_tbl_02133,1,0,1,false
4784,gob_tbl_00025,1,0,1,false
4785,proc_tbl_03469,1,0,1,false
4786,dlk_tbl_02812,1,0,1,false
4787,dlk_tbl_02586,1,0,1,false
4788,dlk_tbl_02066,1,0,1,false
4789,dash_tbl_02992,1,0,1,false
4790,dlk_ext_00650,1,1,0,false
4791,gob_tbl_00796,1,0,1,false
4792,gob_tbl_00183,1,0,1,false
4793,gob_tbl_02816,1,0,1,false
4794,dlk_tbl_01260,1,0,1,false
4795,gob_tbl_02583,1,0,1,false
4796,dash_tbl_04476,1,0,1,false
4797,gob_tbl_02974,1,0,1,false
4798,dlk_tbl_01383,1,0,1,false
4799,dlk_tbl_00900,1,0,1,false
4800,gob_tbl_00065,1,0,1,false
4801,dash_tbl_00250,1,0,1,false
4802,proc_tbl_00376,1,0,1,false
4803,gob_tbl_01993,1,0,1,false
4804,m4vw_tbl_01201,1,0,1,false
4805,gob_ext_00631,1,1,0,false
4806,proc_tbl_02042,1,0,1,false
4807,dash_tbl_01062,1,0,1,false
4808,gob_tbl_00024,1,0,1,false
4809,dlk_tbl_03051,1,0,1,false
4810,gob_tbl_01734,1,0,1,false
4811,gob_tbl_04167,1,0,1,false
4812,gob_tbl_03734,1,0,1,false
4813,gob_tbl_02527,1,0,1,false
4814,dash_tbl_02452,1,0,1,false
4815,proc_tbl_03329,1,0,1,false
4816,dlk_tbl_01333,1,0,1,false
4817,gob_tbl_02557,1,0,1,false
4818,m4vw_tbl_00077,1,0,1,false
4819,proc_tbl_02195,1,0,1,false
4820,gob_tbl_02473,1,0,1,false
4821,gob_tbl_01119,1,0,1,false
4822,std_tbl_02861,1,0,1,false
4823,gob_tbl_03259,1,0,1,false
4824,dlk_tbl_02232,1,0,1,false
4825,dlk_tbl_04380,1,0,1,false
4826,dash_tbl_04283,1,0,1,false
4827,dlk_tbl_01115,1,0,1,false
4828,dlk_tbl_04046,1,0,1,false
4829,dlk_tbl_03824,1,0,1,false
4830,std_tbl_00561,1,0,1,false
4831,gob_tbl_00008,1,0,1,false
4832,std_tbl_00930,1,0,1,false
4833,m4sco_tbl_02239,1,0,1,false
4834,proc_tbl_01098,1,0,1,false
4835,std_tbl_00471,1,0,1,false
4836,gob_tbl_03302,1,0,1,false
4837,ppn_tbl_02485,1,0,1,false
4838,dash_tbl_00557,1,0,1,false
4839,dlk_tbl_03255,1,0,1,false
4840,gob_tbl_04079,1,0,1,false
4841,proc_tbl_04399,1,0,1,false
4842,dlk_tbl_01707,1,0,1,false
4843,dlk_tbl_01910,1,0,1,false
4844,proc_tbl_00189,1,0,1,false
4845,proc_tbl_00518,1,0,1,false
4846,dash_tbl_00700,1,0,1,false
4847,proc_tbl_03318,1,0,1,false
4848,proc_tbl_01441,1,0,1,false
4849,dlk_tbl_00848,1,0,1,false
4850,dlk_tbl_00878,1,0,1,false
4851,proc_tbl_02899,1,0,1,false
4852,dlk_tbl_04417,1,0,1,false
4853,gob_tbl_02972,1,0,1,false
4854,dlk_tbl_03174,1,0,1,false
4855,dlk_tbl_00200,1,0,1,false
4856,gob_tbl_00315,1,0,1,false
4857,gob_tbl_04234,1,0,1,false
4858,dlk_tbl_00137,1,0,1,false
4859,proc_tbl_04123,1,0,1,false
4860,dlk_tbl_04189,1,0,1,false
4861,std_tbl_00955,1,0,1,false
4862,gob_tbl_00465,1,0,1,false
4863,dlk_tbl_01653,1,0,1,false
4864,dash_tbl_00269,1,0,1,false
4865,gob_tbl_01128,1,0,1,false
4866,m4vw_tbl_00728,1,0,1,false
4867,proc_tbl_03784,1,0,1,false
4868,std_tbl_02361,1,0,1,false
4869,gob_tbl_03414,1,0,1,false
4870,dlk_ext_00228,1,1,0,false
4871,dash_tbl_04061,1,0,1,false
4872,proc_tbl_00644,1,0,1,false
4873,gob_tbl_03805,1,0,1,false
4874,dlk_tbl_01251,1,0,1,false
4875,proc_tbl_02880,1,0,1,false
4876,dlk_tbl_00914,1,0,1,false
4877,gob_tbl_00202,1,0,1,false
4878,dlk_tbl_01743,1,0,1,false
4879,proc_tbl_00386,1,0,1,false
4880,gob_tbl_04033,1,0,1,false
4881,dlk_tbl_03711,1,0,1,false
4882,proc_tbl_04498,1,0,1,false
4883,std_tbl_00335,1,0,1,false
4884,dlk_tbl_02834,1,0,1,false
4885,proc_tbl_02763,1,0,1,false
4886,proc_tbl_03377,1,0,1,false
4887,proc_tbl_04184,1,0,1,false
4888,dlk_tbl_01858,1,0,1,false
4889,m4sco_tbl_03218,1,0,1,false
4890,dlk_tbl_03515,1,0,1,false
4891,gob_tbl_00905,1,0,1,false
4892,dlk_tbl_00186,1,0,1,false
4893,proc_tbl_00550,1,0,1,false
4894,gob_tbl_02685,1,0,1,false
4895,gob_tbl_01248,1,0,1,false
4896,gob_ext_00599,1,1,0,false
4897,gob_tbl_01036,1,0,1,false
4898,dlk_tbl_01048,1,0,1,false
4899,proc_tbl_03434,1,0,1,false
4900,dlk_tbl_01331,1,0,1,false
4901,gob_tbl_00715,1,0,1,false
4902,dlk_tbl_01693,1,0,1,false
4903,gob_tbl_01840,1,0,1,false
4904,dlk_tbl_04114,1,0,1,false
4905,dlk_tbl_01584,1,0,1,false
4906,gob_tbl_03510,1,0,1,false
4907,gob_tbl_03942,1,0,1,false
4908,dlk_tbl_01270,1,0,1,false
4909,proc_tbl_04042,1,0,1,false
4910,gob_tbl_02437,1,0,1,false
4911,dlk_tbl_04365,1,0,1,false
4912,gob_tbl_04252,1,0,1,false
4913,dash_tbl_01610,1,0,1,false
4914,dlk_tbl_00438,1,0,1,false
4915,dlk_tbl_00527,1,0,1,false
4916,gob_ext_00678,1,1,0,false
4917,gob_tbl_02243,1,0,1,false
4918,proc_tbl_00529,1,0,1,false
4919,gob_tbl_00840,1,0,1,false
4920,m4vw_tbl_03496,1,0,1,false
4921,dlk_tbl_02136,1,0,1,false
4922,proc_tbl_00841,1,0,1,false
4923,dlk_tbl_04049,1,0,1,false
4924,dlk_tbl_01885,1,0,1,false
4925,dlk_tbl_01200,1,0,1,false
4926,dash_tbl_04045,1,0,1,false
4927,dlk_tbl_01294,1,0,1,false
4928,gob_tbl_04188,1,0,1,false
4929,dlk_tbl_01031,1,0,1,false
4930,dash_tbl_03374,1,0,1,false
4931,proc_tbl_01750,1,0,1,false
4932,gob_tbl_02426,1,0,1,false
4933,m4vw_tbl_02416,1,0,1,false
4934,gob_tbl_03117,1,0,1,false
4935,dlk_tbl_00722,1,0,1,false
4936,proc_tbl_02968,1,0,1,false
4937,gob_tbl_02451,1,0,1,false
4938,proc_tbl_02530,1,0,1,false
4939,dash_tbl_02105,1,0,1,false
4940,dlk_tbl_04195,1,0,1,false
4941,dlk_tbl_01454,1,0,1,false
4942,gob_tbl_01156,1,0,1,false
4943,dash_tbl_01148,1,0,1,false
4944,proc_tbl_02187,1,0,1,false
4945,dlk_tbl_03671,1,0,1,false
4946,gob_tbl_03340,1,0,1,false
4947,gob_tbl_00116,1,0,1,false
4948,dlk_tbl_00683,1,0,1,false
4949,gob_tbl_01576,1,0,1,false
4950,proc_tbl_00278,1,0,1,false
4951,m4vw_tbl_03006,1,0,1,false
4952,gob_tbl_01311,1,0,1,false
4953,dash_ext_00201,1,1,0,false
4954,proc_tbl_00456,1,0,1,false
4955,gob_tbl_00682,1,0,1,false
4956,gob_tbl_02139,1,0,1,false
4957,dlk_tbl_01012,1,0,1,false
4958,gob_tbl_01416,1,0,1,false
4959,gob_tbl_03360,1,0,1,false
4960,dlk_tbl_01806,1,0,1,false
4961,proc_tbl_00667,1,0,1,false
4962,dlk_tbl_02504,1,0,1,false
4963,proc_tbl_02132,1,0,1,false
4964,gob_tbl_03002,1,0,1,false
4965,gob_tbl_01887,1,0,1,false
4966,gob_tbl_03875,1,0,1,false
4967,gob_tbl_02143,1,0,1,false
4968,gob_tbl_01341,1,0,1,false
4969,gob_tbl_01495,1,0,1,false
4970,proc_tbl_03917,1,0,1,false
4971,dlk_tbl_01071,1,0,1,false
4972,dlk_tbl_01957,1,0,1,false
4973,gob_tbl_01593,1,0,1,false
4974,dlk_tbl_01722,1,0,1,false
4975,dlk_tbl_03849,1,0,1,false
4976,gob_tbl_04001,1,0,1,false
4977,dlk_tbl_02489,1,0,1,false
4978,dlk_tbl_04260,1,0,1,false
4979,dlk_tbl_00893,1,0,1,false
4980,proc_tbl_04216,1,0,1,false
4981,gob_tbl_04416,1,0,1,false
4982,proc_tbl_03687,1,0,1,false
4983,dlk_tbl_00881,1,0,1,false
4984,proc_tbl_02720,1,0,1,false
4985,dlk_tbl_02302,1,0,1,false
4986,gob_tbl_03828,1,0,1,false
4987,dash_tbl_04272,1,0,1,false
4988,dlk_tbl_00747,1,0,1,false
4989,proc_tbl_04325,1,0,1,false
4990,gob_tbl_00382,1,0,1,false
4991,dlk_tbl_03157,1,0,1,false
4992,dlk_tbl_00999,1,0,1,false
4993,proc_tbl_01382,1,0,1,false
4994,gob_tbl_04312,1,0,1,false
4995,gob_tbl_01296,1,0,1,false
4996,dlk_ext_00636,1,1,0,false
4997,dlk_tbl_03769,1,0,1,false
4998,gob_tbl_03276,1,0,1,false
4999,proc_tbl_01848,1,0,1,false
5000,dlk_ext_00085,1,1,0,false
5001,dash_tbl_01770,1,0,1,false
5002,gob_tbl_03242,1,0,1,false
5003,m4sco_tbl_00855,1,0,1,false
5004,gob_tbl_01282,1,0,1,false
5005,gob_tbl_02873,1,0,1,false
5006,proc_tbl_01884,1,0,1,false
5007,proc_tbl_02553,1,0,1,false
5008,proc_tbl_00598,1,0,1,false
5009,gob_tbl_04204,1,0,1,false
5010,gob_tbl_02450,1,0,1,false
5011,dlk_tbl_02883,1,0,1,false
5012,std_tbl_00119,1,0,1,false
5013,m4sco_tbl_01819,1,0,1,false
5014,dlk_ext_00227,1,1,0,false
5015,dlk_tbl_00514,1,0,1,false
5016,gob_tbl_03221,1,0,1,false
5017,dlk_tbl_03704,1,0,1,false
5018,proc_ext_00382,1,1,0,false
5019,gob_tbl_03107,1,0,1,false
5020,dash_tbl_03483,1,0,1,false
5021,dlk_tbl_04178,1,0,1,false
5022,gob_tbl_02326,1,0,1,false
5023,dash_tbl_01598,1,0,1,false
5024,dlk_tbl_03199,1,0,1,false
5025,dlk_tbl_03458,1,0,1,false
5026,proc_tbl_03484,1,0,1,false
5027,proc_tbl_03454,1,0,1,false
5028,proc_tbl_00929,1,0,1,false
5029,dlk_tbl_01897,1,0,1,false
5030,dash_tbl_01368,1,0,1,false
5031,dash_tbl_02152,1,0,1,false
5032,proc_tbl_02970,1,0,1,false
5033,gob_tbl_00877,1,0,1,false
5034,gob_tbl_01312,1,0,1,false
5035,dlk_tbl_02207,1,0,1,false
5036,gob_tbl_04237,1,0,1,false
5037,gob_tbl_02076,1,0,1,false
5038,proc_tbl_03856,1,0,1,false
5039,dlk_tbl_00575,1,0,1,false
5040,gob_tbl_03043,1,0,1,false
5041,dlk_tbl_04445,1,0,1,false
5042,gob_tbl_00791,1,0,1,false
5043,gob_tbl_04031,1,0,1,false
5044,gob_tbl_03648,1,0,1,false
5045,dlk_tbl_00344,1,0,1,false
5046,std_tbl_03568,1,0,1,false
5047,gob_tbl_03470,1,0,1,false
5048,dlk_tbl_04147,1,0,1,false
5049,dlk_tbl_01466,1,0,1,false
5050,dlk_tbl_03155,1,0,1,false
5051,gob_tbl_01505,1,0,1,false
5052,gob_tbl_04294,1,0,1,false
5053,dlk_tbl_00053,1,0,1,false
5054,proc_tbl_04043,1,0,1,false
5055,gob_tbl_02383,1,0,1,false
5056,dlk_tbl_02098,1,0,1,false
5057,dlk_tbl_03829,1,0,1,false
5058,dlk_ext_00173,1,1,0,false
5059,dlk_tbl_01953,1,0,1,false
5060,gob_tbl_03634,1,0,1,false
5061,proc_tbl_03145,1,0,1,false
5062,proc_tbl_03173,1,0,1,false
5063,m4sco_tbl_00124,1,0,1,false
5064,dlk_tbl_03171,1,0,1,false
5065,dash_tbl_03217,1,0,1,false
5066,gob_tbl_03964,1,0,1,false
5067,dlk_tbl_00387,1,0,1,false
5068,proc_tbl_00262,1,0,1,false
5069,proc_tbl_02178,1,0,1,false
5070,dlk_tbl_01336,1,0,1,false
5071,dash_tbl_01191,1,0,1,false
5072,gob_tbl_01689,1,0,1,false
5073,gob_tbl_04244,1,0,1,false
5074,dlk_tbl_02424,1,0,1,false
5075,proc_tbl_01432,1,0,1,false
5076,gob_tbl_04393,1,0,1,false
5077,gob_tbl_00806,1,0,1,false
5078,gob_tbl_02015,1,0,1,false
5079,dlk_tbl_03307,1,0,1,false
5080,dlk_tbl_00922,1,0,1,false
5081,dlk_tbl_03666,1,0,1,false
5082,dlk_tbl_00117,1,0,1,false
5083,gob_tbl_03874,1,0,1,false
5084,gob_tbl_02753,1,0,1,false
5085,dlk_tbl_03123,1,0,1,false
5086,proc_tbl_01407,1,0,1,false
5087,dlk_tbl_00458,1,0,1,false
5088,dlk_tbl_02190,1,0,1,false
5089,dlk_tbl_00503,1,0,1,false
5090,gob_tbl_02860,1,0,1,false
5091,dlk_tbl_03423,1,0,1,false
5092,dlk_tbl_01803,1,0,1,false
5093,dlk_tbl_01915,1,0,1,false
5094,dlk_tbl_04452,1,0,1,false
5095,dlk_tbl_02672,1,0,1,false
5096,proc_tbl_03132,1,0,1,false
5097,gob_tbl_03571,1,0,1,false
5098,gob_tbl_01325,1,0,1,false
5099,proc_ext_00449,1,1,0,false
5100,dlk_tbl_03935,1,0,1,false
5101,gob_tbl_02011,1,0,1,false
5102,dash_tbl_00553,1,0,1,false
5103,dash_tbl_02434,1,0,1,false
5104,dlk_tbl_03091,1,0,1,false
5105,gob_tbl_00925,1,0,1,false
5106,dlk_tbl_01106,1,0,1,false
5107,proc_tbl_01374,1,0,1,false
5108,dlk_tbl_02044,1,0,1,false
5109,dlk_tbl_03020,1,0,1,false
5110,proc_tbl_04442,1,0,1,false
5111,proc_tbl_02671,1,0,1,false
5112,proc_tbl_02524,1,0,1,false
5113,dlk_tbl_00043,1,0,1,false
5114,gob_tbl_03773,1,0,1,false
5115,dash_tbl_02110,1,0,1,false
5116,proc_tbl_03762,1,0,1,false
5117,m4vw_tbl_03527,1,0,1,false
5118,gob_tbl_02718,1,0,1,false
5119,dlk_tbl_02630,1,0,1,false
5120,std_tbl_04077,1,0,1,false
5121,m4vw_tbl_01720,1,0,1,false
5122,dlk_tbl_01538,1,0,1,false
5123,gob_tbl_02217,1,0,1,false
5124,gob_tbl_02828,1,0,1,false
5125,gob_tbl_00839,1,0,1,false
5126,proc_tbl_04130,1,0,1,false
5127,proc_tbl_01622,1,0,1,false
5128,proc_tbl_01262,1,0,1,false
5129,dlk_tbl_00110,1,0,1,false
5130,gob_tbl_03311,1,0,1,false
5131,gob_tbl_03153,1,0,1,false
5132,dlk_tbl_03936,1,0,1,false
5133,std_tbl_01352,1,0,1,false
5134,std_tbl_01223,1,0,1,false
5135,proc_tbl_03183,1,0,1,false
5136,proc_tbl_00409,1,0,1,false
5137,gob_ext_00207,1,1,0,false
5138,gob_tbl_03729,1,0,1,false
5139,gob_tbl_01571,1,0,1,false
5140,dlk_tbl_04446,1,0,1,false
5141,std_tbl_03728,1,0,1,false
5142,gob_tbl_01679,1,0,1,false
5143,proc_tbl_02188,1,0,1,false
5144,gob_tbl_02154,1,0,1,false
5145,dlk_tbl_04044,1,0,1,false
5146,gob_tbl_03328,1,0,1,false
5147,proc_tbl_02562,1,0,1,false
5148,dlk_tbl_01370,1,0,1,false
5149,dash_tbl_03585,1,0,1,false
5150,ppn_tbl_00356,1,0,1,false
5151,gob_tbl_03159,1,0,1,false
