rank,table_name,frequency,as_source,as_target,is_contested
1,gob_ext_00572,30,30,0,false
2,dlk_ext_00155,24,24,0,false
3,dlk_ext_00299,23,23,0,false
4,gob_ext_00070,22,22,0,false
5,gob_ext_00217,21,21,0,false
6,gob_ext_00357,21,21,0,false
7,dlk_ext_00035,20,20,0,false
8,dlk_ext_00084,20,20,0,false
9,dlk_ext_00321,20,20,0,false
10,dlk_ext_00601,19,19,0,false
11,dlk_ext_00177,19,19,0,false
12,dlk_ext_00025,18,18,0,false
13,proc_ext_00363,17,17,0,false
14,dlk_ext_00180,16,16,0,false
15,m4sco_ext_00453,16,16,0,false
16,proc_ext_00364,16,16,0,false
17,dlk_ext_00308,16,16,0,false
18,gob_ext_00451,15,15,0,false
19,m4sco_ext_00059,15,15,0,false
20,m4vw_ext_00226,15,15,0,false
21,std_ext_00588,14,14,0,false
22,dlk_ext_00213,14,14,0,false
23,dlk_ext_00037,14,14,0,false
24,gob_ext_00115,14,14,0,false
25,dlk_ext_00380,14,14,0,false
26,dlk_ext_00524,14,14,0,false
27,m4sco_ext_00479,14,14,0,false
28,gob_ext_00458,14,14,0,false
29,gob_ext_00165,14,14,0,false
30,proc_ext_00401,14,14,0,false
31,proc_ext_00472,14,14,0,false
32,dlk_ext_00007,13,13,0,false
33,gob_ext_00288,13,13,0,false
34,proc_ext_00188,13,13,0,false
35,dash_ext_00072,13,13,0,false
36,std_ext_00199,13,13,0,false
37,dash_ext_00120,13,13,0,false
38,proc_ext_00231,13,13,0,false
39,gob_ext_00368,13,13,0,false
40,dlk_ext_00510,13,13,0,false
41,dlk_ext_00154,13,13,0,false
42,gob_ext_00162,12,12,0,false
43,proc_ext_00198,12,12,0,false
44,gob_ext_00407,12,12,0,false
45,dlk_ext_00485,12,12,0,false
46,proc_ext_00431,12,12,0,false
47,gob_tbl_00501,12,11,1,false
48,std_ext_00134,12,12,0,false
49,proc_ext_00362,12,12,0,false
50,std_ext_00587,12,12,0,false
51,proc_ext_00552,12,12,0,false
52,dlk_ext_00237,12,12,0,false
53,proc_ext_00099,12,12,0,false
54,gob_ext_00559,12,12,0,false
55,dlk_ext_00289,11,11,0,false
56,dash_ext_00511,11,11,0,false
57,dlk_ext_00512,11,11,0,false
58,dlk_tbl_01008,11,10,1,false
59,gob_ext_00406,11,11,0,false
60,gob_ext_00344,11,11,0,false
61,m4vw_ext_00232,11,11,0,false
62,gob_ext_00516,11,11,0,false
63,gob_ext_00043,11,11,0,false
64,dlk_ext_00388,11,11,0,false
65,dlk_ext_00618,11,11,0,false
66,gob_ext_00113,11,11,0,false
67,dash_ext_00233,11,11,0,false
68,dlk_ext_00462,11,11,0,false
69,gob_ext_00432,10,10,0,false
70,ppn_ext_00044,10,10,0,false
71,dlk_ext_00305,10,10,0,false
72,m4sco_ext_00456,10,10,0,false
73,std_ext_00526,10,10,0,false
74,proc_ext_00598,10,10,0,false
75,gob_ext_00509,10,10,0,false
76,proc_ext_00544,10,10,0,false
77,dlk_ext_00455,10,10,0,false
78,dlk_ext_00454,10,10,0,false
79,dlk_ext_00314,10,10,0,false
80,gob_ext_00192,10,10,0,false
81,proc_ext_00517,10,10,0,false
82,dlk_ext_00386,10,10,0,false
83,gob_ext_00443,10,10,0,false
84,gob_ext_00538,10,10,0,false
85,dash_ext_00263,10,10,0,false
86,std_tbl_02843,10,9,1,false
87,dlk_ext_00006,10,10,0,false
88,gob_ext_00160,10,10,0,false
89,proc_ext_00500,10,10,0,false
90,proc_ext_00247,10,10,0,false
91,dlk_ext_00235,10,10,0,false
92,m4sco_tbl_00206,10,9,1,false
93,dlk_ext_00182,10,10,0,false
94,gob_ext_00412,10,10,0,false
95,dlk_ext_00184,10,10,0,false
96,dlk_ext_00149,10,10,0,false
97,dlk_tbl_03062,10,9,1,false
98,dlk_ext_00413,10,10,0,false
99,dlk_tbl_01596,10,9,1,false
100,dlk_ext_00008,10,10,0,false
101,gob_ext_00463,9,9,0,false
102,dlk_ext_00057,9,9,0,false
103,gob_ext_00076,9,9,0,false
104,dlk_ext_00325,9,9,0,false
105,dlk_ext_00087,9,9,0,false
106,gob_ext_00582,9,9,0,false
107,std_ext_00476,9,9,0,false
108,proc_ext_00533,9,9,0,false
109,proc_ext_00151,9,9,0,false
110,gob_ext_00625,9,9,0,false
111,proc_tbl_03280,9,8,1,false
112,dlk_ext_00267,9,9,0,false
113,proc_ext_00561,9,9,0,false
114,dlk_ext_00034,9,9,0,false
115,dash_ext_00459,9,9,0,false
116,dlk_ext_00261,9,9,0,false
117,proc_ext_00373,9,9,0,false
118,proc_ext_00086,9,9,0,false
119,dlk_ext_00591,9,9,0,false
120,dlk_tbl_03103,9,8,1,false
121,gob_tbl_00071,9,8,1,false
122,dlk_ext_00360,9,9,0,false
123,gob_ext_00303,9,9,0,false
124,gob_ext_00194,9,9,0,false
125,dlk_ext_00313,9,9,0,false
126,gob_tbl_01991,9,8,1,false
127,ppn_tbl_02863,9,8,1,false
128,gob_ext_00515,9,9,0,false
129,dash_ext_00575,9,9,0,false
130,std_ext_00296,9,9,0,false
131,dlk_ext_00519,9,9,0,false
132,proc_ext_00318,9,9,0,false
133,proc_tbl_01327,9,8,1,false
134,gob_ext_00279,9,9,0,false
135,proc_ext_00234,9,9,0,false
136,dlk_ext_00274,9,9,0,false
137,gob_ext_00374,9,9,0,false
138,proc_tbl_01357,9,8,1,false
139,gob_ext_00592,9,9,0,false
140,dash_tbl_02544,9,8,1,false
141,gob_ext_00600,8,8,0,false
142,dash_ext_00535,8,8,0,false
143,proc_tbl_01536,8,7,1,false
144,gob_tbl_00429,8,7,1,false
145,gob_ext_00114,8,8,0,false
146,gob_ext_00079,8,8,0,false
147,gob_ext_00497,8,8,0,false
148,dlk_ext_00241,8,8,0,false
149,dlk_tbl_01586,8,7,1,false
150,dlk_ext_00583,8,8,0,false
151,dlk_ext_00378,8,8,0,false
152,gob_tbl_02900,8,7,1,false
153,gob_tbl_01701,8,7,1,false
154,gob_tbl_02426,8,7,1,false
155,proc_ext_00212,8,8,0,false
156,proc_tbl_00693,8,7,1,false
157,dlk_tbl_01976,8,7,1,false
158,dlk_ext_00475,8,8,0,false
159,gob_ext_00275,8,8,0,false
160,dash_ext_00027,8,8,0,false
161,std_tbl_00976,8,7,1,false
162,proc_ext_00403,8,8,0,false
163,gob_ext_00546,8,8,0,false
164,gob_ext_00029,8,8,0,false
165,proc_tbl_00365,8,7,1,false
166,proc_tbl_02526,8,7,1,false
167,dlk_ext_00551,8,8,0,false
168,proc_tbl_01941,8,7,1,false
169,gob_ext_00004,8,8,0,false
170,proc_tbl_01027,8,7,1,false
171,gob_ext_00436,8,8,0,false
172,dlk_ext_00090,8,8,0,false
173,dlk_ext_00539,8,8,0,false
174,dlk_ext_00534,8,8,0,false
175,proc_tbl_02954,8,7,1,false
176,dlk_ext_00073,8,8,0,false
177,gob_ext_00110,8,8,0,false
178,gob_ext_00028,8,8,0,false
179,gob_ext_00280,8,8,0,false
180,dlk_ext_00174,8,8,0,false
181,gob_ext_00170,8,8,0,false
182,gob_ext_00038,8,8,0,false
183,gob_tbl_00998,8,7,1,false
184,gob_tbl_03190,8,7,1,false
185,proc_ext_00100,8,8,0,false
186,gob_tbl_00756,8,7,1,false
187,std_ext_00307,8,8,0,false
188,gob_tbl_01835,8,7,1,false
189,gob_ext_00477,8,8,0,false
190,dlk_ext_00555,8,8,0,false
191,dlk_tbl_01186,8,7,1,false
192,ppn_ext_00117,8,8,0,false
193,dlk_tbl_02721,8,7,1,false
194,dlk_tbl_00557,7,6,1,false
195,dlk_tbl_00330,7,6,1,false
196,proc_tbl_02643,7,6,1,false
197,proc_tbl_00390,7,6,1,false
198,dlk_tbl_01238,7,6,1,false
199,gob_ext_00011,7,7,0,false
200,dlk_ext_00414,7,7,0,false
201,dlk_tbl_01270,7,6,1,false
202,dlk_ext_00441,7,7,0,false
203,gob_tbl_01693,7,6,1,false
204,gob_ext_00537,7,7,0,false
205,ppn_tbl_01249,7,6,1,false
206,dash_ext_00193,7,7,0,false
207,gob_tbl_02012,7,6,1,false
208,dash_tbl_02504,7,6,1,false
209,gob_ext_00161,7,7,0,false
210,gob_tbl_02810,7,6,1,false
211,dash_ext_00422,7,7,0,false
212,std_ext_00310,7,7,0,false
213,dlk_tbl_02026,7,6,1,false
214,gob_tbl_01494,7,6,1,false
215,dlk_tbl_01750,7,6,1,false
216,gob_ext_00014,7,7,0,false
217,gob_ext_00332,7,7,0,false
218,dlk_tbl_01074,7,6,1,false
219,gob_ext_00074,7,7,0,false
220,dlk_ext_00098,7,7,0,false
221,proc_tbl_01882,7,6,1,false
222,dlk_ext_00521,7,7,0,false
223,dlk_ext_00617,7,7,0,false
224,gob_tbl_01425,7,6,1,false
225,dlk_ext_00409,7,7,0,false
226,proc_tbl_01749,7,6,1,false
227,dlk_tbl_00181,7,6,1,false
228,proc_ext_00439,7,7,0,false
229,dash_ext_00580,7,7,0,false
230,dlk_tbl_02163,7,6,1,false
231,proc_tbl_01286,7,6,1,false
232,dlk_tbl_02746,7,6,1,false
233,proc_tbl_01910,7,6,1,false
234,gob_ext_00395,7,7,0,false
235,gob_tbl_03258,7,6,1,false
236,m4vw_ext_00207,7,7,0,false
237,gob_tbl_02774,7,5,2,true
238,gob_ext_00548,7,7,0,false
239,gob_tbl_02659,7,6,1,false
240,m4sco_tbl_00564,7,6,1,false
241,dlk_ext_00148,7,7,0,false
242,dash_tbl_01284,7,6,1,false
243,gob_tbl_00561,7,6,1,false
244,gob_tbl_00714,7,6,1,false
245,dlk_ext_00514,7,7,0,false
246,dlk_ext_00196,7,7,0,false
247,dlk_ext_00404,7,7,0,false
248,dlk_ext_00239,7,7,0,false
249,gob_tbl_01509,7,6,1,false
250,std_ext_00343,7,7,0,false
251,gob_tbl_01926,7,6,1,false
252,gob_tbl_02953,7,6,1,false
253,dlk_tbl_01353,7,6,1,false
254,dlk_ext_00116,7,7,0,false
255,dlk_tbl_03033,7,6,1,false
256,ppn_tbl_01951,7,6,1,false
257,gob_ext_00371,7,7,0,false
258,dash_tbl_00875,7,6,1,false
259,dlk_tbl_02512,7,6,1,false
260,gob_ext_00292,7,7,0,false
261,gob_ext_00092,7,7,0,false
262,proc_tbl_00486,7,6,1,false
263,proc_tbl_02828,7,6,1,false
264,m4vw_tbl_02355,7,6,1,false
265,gob_ext_00467,7,7,0,false
266,dlk_ext_00094,7,7,0,false
267,dlk_ext_00010,7,7,0,false
268,gob_ext_00181,7,7,0,false
269,dlk_ext_00197,7,7,0,false
270,dlk_ext_00150,7,7,0,false
271,proc_ext_00505,7,7,0,false
272,proc_tbl_02758,7,6,1,false
273,proc_ext_00265,7,7,0,false
274,dlk_ext_00585,7,7,0,false
275,dlk_ext_00221,7,7,0,false
276,dlk_ext_00573,6,6,0,false
277,m4vw_tbl_00721,6,5,1,false
278,dlk_tbl_01215,6,5,1,false
279,gob_tbl_02802,6,5,1,false
280,dlk_tbl_00731,6,5,1,false
281,ppn_ext_00487,6,6,0,false
282,gob_ext_00205,6,6,0,false
283,dlk_tbl_02882,6,5,1,false
284,dlk_ext_00338,6,6,0,false
285,dlk_tbl_01095,6,5,1,false
286,gob_tbl_01757,6,5,1,false
287,dash_tbl_02795,6,5,1,false
288,dlk_tbl_01422,6,5,1,false
289,gob_ext_00051,6,6,0,false
290,dlk_tbl_02833,6,5,1,false
291,dlk_ext_00061,6,6,0,false
292,gob_tbl_00467,6,4,2,true
293,dlk_tbl_03184,6,5,1,false
294,gob_ext_00045,6,6,0,false
295,dlk_tbl_00886,6,5,1,false
296,gob_tbl_02435,6,5,1,false
297,dlk_tbl_01386,6,5,1,false
298,proc_tbl_01878,6,5,1,false
299,dlk_tbl_00560,6,5,1,false
300,gob_tbl_00460,6,5,1,false
301,gob_tbl_03254,6,5,1,false
302,dlk_ext_00339,6,6,0,false
303,proc_ext_00164,6,6,0,false
304,dash_tbl_01517,6,5,1,false
305,dlk_tbl_03108,6,5,1,false
306,gob_ext_00166,6,6,0,false
307,dlk_tbl_03045,6,5,1,false
308,proc_tbl_00500,6,5,1,false
309,gob_tbl_02579,6,5,1,false
310,proc_tbl_01139,6,5,1,false
311,dlk_tbl_00515,6,5,1,false
312,proc_tbl_01129,6,5,1,false
313,proc_tbl_01492,6,5,1,false
314,dlk_tbl_01960,6,5,1,false
315,dlk_tbl_01660,6,5,1,false
316,dlk_ext_00240,6,6,0,false
317,proc_tbl_01777,6,5,1,false
318,dlk_tbl_00960,6,5,1,false
319,proc_tbl_02506,6,5,1,false
320,gob_ext_00250,6,6,0,false
321,gob_tbl_03213,6,5,1,false
322,dlk_tbl_03015,6,5,1,false
323,gob_ext_00530,6,6,0,false
324,proc_tbl_02534,6,5,1,false
325,gob_ext_00399,6,6,0,false
326,gob_ext_00504,6,6,0,false
327,proc_tbl_00185,6,5,1,false
328,std_tbl_00906,6,5,1,false
329,std_tbl_03219,6,5,1,false
330,gob_ext_00244,6,6,0,false
331,dash_ext_00283,6,6,0,false
332,gob_tbl_01498,6,5,1,false
333,gob_tbl_00847,6,5,1,false
334,proc_tbl_00159,6,5,1,false
335,dlk_tbl_01838,6,5,1,false
336,dash_tbl_00254,6,5,1,false
337,dlk_tbl_01297,6,5,1,false
338,proc_tbl_00364,6,5,1,false
339,gob_tbl_00901,6,5,1,false
340,gob_ext_00547,6,6,0,false
341,dash_tbl_01193,6,5,1,false
342,dlk_tbl_03113,6,5,1,false
343,proc_ext_00563,6,6,0,false
344,dlk_ext_00066,6,6,0,false
345,dlk_tbl_00559,6,5,1,false
346,gob_tbl_00151,6,5,1,false
347,proc_ext_00442,6,6,0,false
348,dlk_ext_00031,6,6,0,false
349,gob_tbl_01433,6,5,1,false
350,dlk_tbl_01156,6,5,1,false
351,dlk_tbl_02415,6,5,1,false
352,gob_tbl_01907,6,5,1,false
353,proc_ext_00416,6,6,0,false
354,gob_ext_00257,6,6,0,false
355,gob_tbl_02501,6,5,1,false
356,gob_tbl_00466,6,5,1,false
357,m4sco_tbl_01482,6,5,1,false
358,dlk_tbl_00270,6,5,1,false
359,gob_tbl_00675,6,5,1,false
360,gob_tbl_03085,6,5,1,false
361,proc_tbl_02857,6,5,1,false
362,gob_ext_00276,6,6,0,false
363,gob_tbl_02605,6,5,1,false
364,dlk_tbl_02173,6,5,1,false
365,dlk_ext_00106,6,6,0,false
366,gob_tbl_00805,6,5,1,false
367,gob_ext_00383,6,6,0,false
368,gob_tbl_02052,6,5,1,false
369,gob_tbl_01947,6,5,1,false
370,gob_tbl_02972,6,5,1,false
371,gob_tbl_01513,6,5,1,false
372,gob_ext_00258,6,6,0,false
373,gob_tbl_02153,6,5,1,false
374,dash_ext_00365,6,6,0,false
375,dash_tbl_03124,6,5,1,false
376,gob_tbl_03147,6,5,1,false
377,gob_ext_00185,6,6,0,false
378,gob_tbl_02424,6,5,1,false
379,dlk_tbl_02213,6,5,1,false
380,proc_ext_00350,6,6,0,false
381,dash_tbl_01361,6,5,1,false
382,gob_ext_00595,6,6,0,false
383,gob_tbl_00002,6,5,1,false
384,dash_ext_00236,6,6,0,false
385,dlk_tbl_02403,6,5,1,false
386,dlk_ext_00062,6,6,0,false
387,proc_ext_00158,6,6,0,false
388,m4vw_tbl_00994,6,5,1,false
389,gob_ext_00385,6,6,0,false
390,gob_tbl_02991,6,5,1,false
391,dlk_tbl_03121,6,5,1,false
392,gob_tbl_01309,6,5,1,false
393,dlk_tbl_01251,6,5,1,false
394,dlk_tbl_02961,6,5,1,false
395,gob_ext_00123,6,6,0,false
396,m4sco_ext_00602,6,6,0,false
397,gob_tbl_02957,6,5,1,false
398,dlk_ext_00254,6,6,0,false
399,dlk_ext_00097,6,6,0,false
400,dlk_tbl_00587,6,5,1,false
401,std_tbl_00279,6,5,1,false
402,dash_tbl_02076,5,4,1,false
403,dlk_ext_00195,5,5,0,false
404,gob_ext_00578,5,5,0,false
405,proc_tbl_03014,5,4,1,false
406,gob_tbl_00950,5,4,1,false
407,gob_tbl_01173,5,4,1,false
408,gob_tbl_01787,5,4,1,false
409,gob_ext_00083,5,5,0,false
410,dlk_tbl_02449,5,4,1,false
411,gob_tbl_00744,5,4,1,false
412,dash_ext_00215,5,5,0,false
413,dlk_tbl_02060,5,4,1,false
414,gob_ext_00282,5,5,0,false
415,dlk_ext_00168,5,5,0,false
416,dlk_tbl_02094,5,4,1,false
417,gob_tbl_01403,5,4,1,false
418,dlk_tbl_02572,5,4,1,false
419,dash_ext_00135,5,5,0,false
420,dlk_tbl_02476,5,4,1,false
421,gob_tbl_00388,5,4,1,false
422,proc_ext_00334,5,5,0,false
423,gob_tbl_02698,5,4,1,false
424,gob_tbl_01725,5,4,1,false
425,gob_tbl_02496,5,4,1,false
426,dlk_tbl_03002,5,4,1,false
427,gob_tbl_01058,5,4,1,false
428,dlk_ext_00382,5,5,0,false
429,proc_tbl_01062,5,4,1,false
430,dlk_tbl_00162,5,4,1,false
431,proc_tbl_00266,5,4,1,false
432,dlk_tbl_01901,5,4,1,false
433,ppn_tbl_00174,5,4,1,false
434,gob_tbl_01153,5,4,1,false
435,gob_ext_00590,5,5,0,false
436,dlk_ext_00424,5,5,0,false
437,gob_tbl_03273,5,4,1,false
438,dash_tbl_01442,5,4,1,false
439,gob_ext_00309,5,5,0,false
440,dlk_ext_00020,5,5,0,false
441,proc_ext_00253,5,5,0,false
442,dlk_tbl_00848,5,4,1,false
443,proc_ext_00121,5,5,0,false
444,gob_tbl_00041,5,4,1,false
445,dlk_tbl_00807,5,4,1,false
446,m4sco_ext_00041,5,5,0,false
447,dlk_tbl_01005,5,4,1,false
448,dlk_tbl_01533,5,4,1,false
449,dlk_tbl_03038,5,4,1,false
450,dlk_tbl_02142,5,4,1,false
451,dlk_tbl_02367,5,4,1,false
452,gob_ext_00415,5,5,0,false
453,proc_ext_00064,5,5,0,false
454,std_tbl_02384,5,4,1,false
455,proc_tbl_01574,5,4,1,false
456,dlk_ext_00210,5,5,0,false
457,gob_tbl_02864,5,4,1,false
458,dash_tbl_02949,5,4,1,false
459,gob_tbl_00021,5,4,1,false
460,dlk_tbl_02686,5,4,1,false
461,dlk_tbl_02725,5,4,1,false
462,gob_tbl_03132,5,3,2,true
463,dash_tbl_02714,5,4,1,false
464,proc_ext_00584,5,5,0,false
465,gob_tbl_00051,5,4,1,false
466,gob_tbl_00919,5,4,1,false
467,m4vw_tbl_03021,5,4,1,false
468,proc_tbl_02204,5,4,1,false
469,std_tbl_02011,5,4,1,false
470,gob_tbl_00237,5,4,1,false
471,dlk_tbl_00749,5,4,1,false
472,std_ext_00284,5,5,0,false
473,dlk_tbl_01956,5,4,1,false
474,proc_tbl_01553,5,4,1,false
475,gob_tbl_02035,5,4,1,false
476,std_ext_00167,5,5,0,false
477,dlk_tbl_01506,5,4,1,false
478,gob_ext_00246,5,5,0,false
479,gob_ext_00359,5,5,0,false
480,gob_tbl_02711,5,4,1,false
481,proc_ext_00506,5,5,0,false
482,gob_tbl_01451,5,4,1,false
483,gob_ext_00175,5,5,0,false
484,proc_ext_00411,5,5,0,false
485,gob_tbl_02447,5,3,2,true
486,std_tbl_03240,5,4,1,false
487,gob_tbl_01930,5,4,1,false
488,dlk_tbl_01195,5,4,1,false
489,gob_tbl_02042,5,4,1,false
490,gob_tbl_02315,5,4,1,false
491,dlk_tbl_00865,5,4,1,false
492,gob_tbl_00537,5,4,1,false
493,gob_tbl_02420,5,3,2,true
494,dlk_tbl_03087,5,4,1,false
495,gob_tbl_01150,5,4,1,false
496,dlk_tbl_02491,5,4,1,false
497,dlk_tbl_02220,5,4,1,false
498,dash_ext_00612,5,5,0,false
499,std_tbl_03260,5,4,1,false
500,gob_ext_00082,5,5,0,false
501,gob_ext_00410,5,5,0,false
502,dash_ext_00418,5,5,0,false
503,proc_tbl_00728,5,4,1,false
504,dlk_ext_00532,5,5,0,false
505,proc_tbl_03131,5,4,1,false
506,proc_tbl_01332,5,4,1,false
507,dash_tbl_01292,5,4,1,false
508,dlk_ext_00153,5,5,0,false
509,proc_ext_00389,5,5,0,false
510,gob_tbl_02510,5,4,1,false
511,gob_tbl_02655,5,4,1,false
512,dash_tbl_00425,5,4,1,false
513,dlk_ext_00171,5,5,0,false
514,dlk_tbl_03095,5,4,1,false
515,dlk_tbl_01816,5,4,1,false
516,dlk_tbl_00585,5,4,1,false
517,dash_tbl_01187,5,4,1,false
518,gob_tbl_01206,5,4,1,false
519,dlk_ext_00326,5,5,0,false
520,gob_tbl_01234,5,3,2,true
521,proc_ext_00208,5,5,0,false
522,dash_tbl_01063,5,4,1,false
523,gob_tbl_01316,5,4,1,false
524,dlk_tbl_02877,5,4,1,false
525,dash_tbl_02203,5,4,1,false
526,m4vw_tbl_03264,5,4,1,false
527,gob_ext_00140,5,5,0,false
528,gob_tbl_01549,5,4,1,false
529,gob_tbl_01014,5,4,1,false
530,gob_tbl_02566,5,4,1,false
531,gob_tbl_02358,5,4,1,false
532,std_tbl_00917,5,4,1,false
533,proc_ext_00136,5,5,0,false
534,gob_tbl_00652,5,4,1,false
535,gob_tbl_00654,5,4,1,false
536,proc_tbl_00600,5,4,1,false
537,proc_ext_00525,5,5,0,false
538,dlk_ext_00610,5,5,0,false
539,gob_tbl_00316,5,4,1,false
540,dlk_ext_00026,5,5,0,false
541,gob_tbl_01481,5,4,1,false
542,dlk_tbl_02084,5,4,1,false
543,gob_ext_00387,5,5,0,false
544,dlk_ext_00173,5,5,0,false
545,dlk_tbl_01052,5,4,1,false
546,dlk_tbl_00851,5,4,1,false
547,dash_tbl_00331,5,4,1,false
548,proc_tbl_03229,5,4,1,false
549,proc_tbl_03205,5,4,1,false
550,gob_tbl_01655,5,4,1,false
551,dlk_tbl_01805,5,4,1,false
552,dlk_tbl_02786,5,3,2,true
553,dlk_ext_00337,5,5,0,false
554,dash_ext_00444,5,5,0,false
555,dlk_tbl_02596,5,4,1,false
556,dlk_tbl_00198,5,4,1,false
557,dash_ext_00599,5,5,0,false
558,dlk_tbl_01891,5,4,1,false
559,gob_tbl_03158,5,4,1,false
560,dlk_tbl_00070,5,4,1,false
561,std_tbl_00528,5,4,1,false
562,dlk_tbl_01134,5,4,1,false
563,dlk_tbl_02718,5,4,1,false
564,gob_tbl_02100,5,4,1,false
565,dlk_tbl_01263,5,4,1,false
566,gob_ext_00224,5,5,0,false
567,gob_tbl_01606,5,4,1,false
568,proc_ext_00264,5,5,0,false
569,gob_ext_00331,5,5,0,false
570,gob_tbl_03057,5,4,1,false
571,proc_tbl_02168,5,4,1,false
572,dlk_tbl_02979,5,4,1,false
573,dlk_tbl_00427,5,4,1,false
574,dlk_tbl_02982,5,4,1,false
575,dlk_tbl_02498,5,4,1,false
576,dlk_tbl_01155,5,4,1,false
577,gob_tbl_00562,5,4,1,false
578,gob_tbl_02475,5,4,1,false
579,gob_ext_00560,5,5,0,false
580,dlk_ext_00230,5,5,0,false
581,dlk_ext_00065,5,5,0,false
582,dlk_ext_00060,5,5,0,false
583,dash_tbl_02641,5,4,1,false
584,gob_tbl_02543,5,4,1,false
585,gob_tbl_00779,5,4,1,false
586,gob_tbl_02896,5,4,1,false
587,dlk_tbl_00271,5,4,1,false
588,dlk_tbl_01307,5,4,1,false
589,gob_tbl_03048,5,3,2,true
590,m4sco_ext_00172,5,5,0,false
591,gob_ext_00322,5,5,0,false
592,dlk_tbl_01125,5,4,1,false
593,dlk_ext_00348,5,5,0,false
594,gob_tbl_00039,5,4,1,false
595,dlk_tbl_03159,5,4,1,false
596,gob_tbl_01644,5,4,1,false
597,dash_ext_00377,5,5,0,false
598,gob_tbl_00269,5,4,1,false
599,gob_ext_00203,5,5,0,false
600,proc_tbl_00297,5,4,1,false
601,dlk_tbl_02555,5,4,1,false
602,dlk_ext_00358,5,5,0,false
603,gob_tbl_01948,5,4,1,false
604,dlk_tbl_01404,5,3,2,true
605,proc_tbl_00922,5,4,1,false
606,proc_tbl_01449,5,4,1,false
607,proc_tbl_00850,5,4,1,false
608,gob_tbl_03098,5,4,1,false
609,gob_tbl_01645,5,4,1,false
610,gob_ext_00069,5,5,0,false
611,dash_ext_00271,5,5,0,false
612,proc_tbl_03022,5,4,1,false
613,gob_tbl_00549,5,4,1,false
614,gob_ext_00460,5,5,0,false
615,proc_ext_00486,5,5,0,false
616,dlk_ext_00545,5,5,0,false
617,dlk_tbl_01100,5,4,1,false
618,gob_tbl_00165,5,4,1,false
619,gob_tbl_01892,5,4,1,false
620,gob_tbl_02818,5,4,1,false
621,dlk_ext_00119,5,5,0,false
622,dlk_tbl_02271,5,4,1,false
623,dlk_ext_00054,5,5,0,false
624,proc_ext_00042,5,5,0,false
625,dlk_tbl_00024,5,4,1,false
626,gob_tbl_02480,5,4,1,false
627,gob_tbl_02981,5,4,1,false
628,dash_ext_00053,5,5,0,false
629,gob_tbl_01904,5,4,1,false
630,gob_tbl_00911,5,4,1,false
631,proc_tbl_02466,5,4,1,false
632,gob_tbl_01191,4,3,1,false
633,dash_tbl_01171,4,3,1,false
634,dlk_tbl_03003,4,3,1,false
635,gob_tbl_02947,4,3,1,false
636,dash_tbl_00871,4,3,1,false
637,gob_tbl_01463,4,3,1,false
638,dlk_ext_00336,4,4,0,false
639,gob_ext_00218,4,4,0,false
640,dlk_tbl_02789,4,3,1,false
641,proc_tbl_01146,4,3,1,false
642,gob_tbl_02118,4,3,1,false
643,dlk_ext_00122,4,4,0,false
644,dlk_ext_00047,4,4,0,false
645,gob_tbl_00161,4,3,1,false
646,gob_tbl_01324,4,3,1,false
647,dlk_tbl_00590,4,3,1,false
648,gob_ext_00206,4,4,0,false
649,dlk_tbl_02586,4,3,1,false
650,dlk_tbl_01229,4,3,1,false
651,std_tbl_01971,4,3,1,false
652,dlk_tbl_03221,4,3,1,false
653,proc_tbl_00507,4,3,1,false
654,gob_tbl_02405,4,3,1,false
655,gob_tbl_00137,4,3,1,false
656,gob_tbl_01369,4,3,1,false
657,dlk_tbl_00745,4,3,1,false
658,dash_tbl_02855,4,3,1,false
659,gob_tbl_01958,4,3,1,false
660,gob_tbl_01873,4,3,1,false
661,gob_tbl_03140,4,3,1,false
662,gob_tbl_00552,4,3,1,false
663,proc_ext_00056,4,4,0,false
664,dlk_tbl_02553,4,3,1,false
665,proc_ext_00251,4,4,0,false
666,m4vw_tbl_02598,4,3,1,false
667,proc_tbl_01611,4,3,1,false
668,dlk_tbl_01443,4,3,1,false
669,std_tbl_01774,4,3,1,false
670,proc_tbl_02181,4,3,1,false
671,proc_ext_00536,4,4,0,false
672,dlk_tbl_02728,4,3,1,false
673,dlk_ext_00319,4,4,0,false
674,dlk_tbl_02453,4,3,1,false
675,dash_ext_00356,4,4,0,false
676,gob_tbl_02785,4,3,1,false
677,gob_tbl_00465,4,3,1,false
678,gob_tbl_00843,4,3,1,false
679,dlk_tbl_02463,4,3,1,false
680,gob_tbl_01410,4,3,1,false
681,gob_tbl_00197,4,3,1,false
682,dlk_ext_00138,4,4,0,false
683,gob_tbl_02805,4,3,1,false
684,dlk_tbl_00148,4,3,1,false
685,gob_tbl_00050,4,3,1,false
686,std_ext_00603,4,4,0,false
687,gob_tbl_02784,4,3,1,false
688,dlk_tbl_02932,4,3,1,false
689,gob_ext_00245,4,4,0,false
690,dlk_tbl_02853,4,3,1,false
691,dlk_tbl_01560,4,3,1,false
692,dash_tbl_01073,4,3,1,false
693,dlk_tbl_00874,4,3,1,false
694,gob_tbl_01801,4,3,1,false
695,proc_ext_00570,4,4,0,false
696,gob_tbl_01696,4,3,1,false
697,dlk_tbl_00625,4,3,1,false
698,ppn_tbl_01565,4,3,1,false
699,gob_tbl_01390,4,3,1,false
700,gob_tbl_02434,4,3,1,false
701,m4vw_ext_00295,4,4,0,false
702,dlk_tbl_02712,4,3,1,false
703,gob_tbl_03072,4,3,1,false
704,gob_ext_00457,4,4,0,false
705,gob_tbl_02266,4,3,1,false
706,gob_tbl_03042,4,3,1,false
707,proc_tbl_02704,4,3,1,false
708,proc_tbl_00606,4,3,1,false
709,gob_tbl_00346,4,3,1,false
710,gob_tbl_02107,4,3,1,false
711,gob_tbl_00393,4,3,1,false
712,proc_tbl_01683,4,3,1,false
713,dash_tbl_01174,4,3,1,false
714,dash_tbl_02104,4,3,1,false
715,gob_tbl_01417,4,3,1,false
716,proc_ext_00078,4,4,0,false
717,gob_tbl_00740,4,3,1,false
718,dlk_tbl_00967,4,3,1,false
719,proc_tbl_02836,4,3,1,false
720,proc_tbl_00302,4,3,1,false
721,dash_tbl_00861,4,3,1,false
722,std_tbl_00215,4,3,1,false
723,dlk_tbl_02267,4,3,1,false
724,gob_ext_00048,4,4,0,false
725,dlk_tbl_00236,4,3,1,false
726,gob_tbl_02742,4,3,1,false
727,dlk_tbl_01025,4,3,1,false
728,gob_tbl_00311,4,3,1,false
729,gob_tbl_00380,4,3,1,false
730,dlk_tbl_02574,4,3,1,false
731,proc_tbl_00698,4,3,1,false
732,gob_tbl_02936,4,3,1,false
733,gob_tbl_00830,4,3,1,false
734,gob_tbl_01646,4,3,1,false
735,dlk_tbl_00953,4,3,1,false
736,proc_tbl_01932,4,3,1,false
737,m4vw_ext_00268,4,4,0,false
738,dlk_tbl_01935,4,3,1,false
739,proc_tbl_01751,4,3,1,false
740,dlk_tbl_01794,4,3,1,false
741,dlk_tbl_00650,4,3,1,false
742,dlk_tbl_02934,4,3,1,false
743,proc_tbl_00760,4,3,1,false
744,gob_tbl_02821,4,3,1,false
745,dlk_tbl_00433,4,3,1,false
746,dlk_tbl_01388,4,3,1,false
747,gob_tbl_02194,4,3,1,false
748,m4sco_tbl_02454,4,3,1,false
749,proc_tbl_02591,4,3,1,false
750,proc_tbl_02406,4,3,1,false
751,proc_tbl_00387,4,3,1,false
752,dlk_tbl_00106,4,3,1,false
753,dash_tbl_02700,4,3,1,false
754,proc_tbl_01089,4,3,1,false
755,m4vw_ext_00620,4,4,0,false
756,m4sco_tbl_02839,4,3,1,false
757,gob_tbl_00769,4,3,1,false
758,dlk_tbl_01188,4,3,1,false
759,dash_tbl_02412,4,3,1,false
760,gob_tbl_01376,4,3,1,false
761,dlk_tbl_00451,4,3,1,false
762,gob_tbl_00295,4,3,1,false
763,dlk_tbl_00229,4,3,1,false
764,gob_tbl_00447,4,3,1,false
765,gob_ext_00468,4,4,0,false
766,dlk_tbl_02330,4,3,1,false
767,gob_tbl_01470,4,3,1,false
768,dlk_tbl_01070,4,3,1,false
769,gob_ext_00125,4,4,0,false
770,gob_tbl_01277,4,3,1,false
771,dlk_tbl_02634,4,3,1,false
772,gob_ext_00489,4,4,0,false
773,dash_tbl_02044,4,3,1,false
774,std_tbl_01111,4,3,1,false
775,dash_tbl_00568,4,3,1,false
776,dlk_tbl_01364,4,3,1,false
777,gob_tbl_02179,4,3,1,false
778,dlk_tbl_02811,4,3,1,false
779,dlk_tbl_02867,4,3,1,false
780,dlk_tbl_02520,4,3,1,false
781,dash_ext_00187,4,4,0,false
782,dlk_tbl_02278,4,3,1,false
783,gob_tbl_02224,4,3,1,false
784,dlk_tbl_00445,4,3,1,false
785,gob_tbl_01143,4,3,1,false
786,gob_tbl_02685,4,3,1,false
787,gob_tbl_00972,4,3,1,false
788,gob_tbl_01802,4,3,1,false
789,std_tbl_02955,4,3,1,false
790,dlk_tbl_02753,4,3,1,false
791,gob_ext_00474,4,4,0,false
792,gob_tbl_00754,4,3,1,false
793,dlk_tbl_01772,4,3,1,false
794,proc_tbl_00511,4,3,1,false
795,proc_tbl_01081,4,3,1,false
796,dlk_tbl_01055,4,3,1,false
797,dash_tbl_00878,4,3,1,false
798,proc_tbl_02178,4,3,1,false
799,gob_tbl_02227,4,3,1,false
800,dlk_tbl_00959,4,3,1,false
801,dlk_tbl_02600,4,3,1,false
802,dlk_ext_00346,4,4,0,false
803,dlk_tbl_02770,4,3,1,false
804,gob_tbl_01373,4,3,1,false
805,dlk_tbl_01959,4,3,1,false
806,gob_tbl_02440,4,3,1,false
807,gob_tbl_01338,4,3,1,false
808,dash_tbl_01205,4,3,1,false
809,dlk_tbl_03115,4,3,1,false
810,gob_tbl_01797,4,3,1,false
811,dlk_ext_00429,4,4,0,false
812,gob_ext_00105,4,4,0,false
813,gob_tbl_01117,4,3,1,false
814,gob_tbl_01702,4,3,1,false
815,gob_tbl_02999,4,3,1,false
816,proc_ext_00323,4,4,0,false
817,m4vw_tbl_01138,4,3,1,false
818,dash_tbl_02470,4,3,1,false
819,proc_tbl_00840,4,3,1,false
820,dash_tbl_02691,4,3,1,false
821,dash_tbl_00251,4,3,1,false
822,m4vw_ext_00465,4,4,0,false
823,dash_tbl_02105,4,3,1,false
824,gob_tbl_02909,4,3,1,false
825,dlk_tbl_01179,4,3,1,false
826,dlk_tbl_02950,4,3,1,false
827,proc_tbl_02128,4,3,1,false
828,dlk_tbl_00844,4,3,1,false
829,m4sco_tbl_02357,4,3,1,false
830,gob_tbl_01748,4,3,1,false
831,gob_tbl_02249,4,3,1,false
832,dlk_tbl_02650,4,3,1,false
833,gob_tbl_00114,4,3,1,false
834,proc_tbl_01381,4,3,1,false
835,proc_tbl_01642,4,3,1,false
836,gob_tbl_01798,4,3,1,false
837,m4sco_tbl_00383,4,3,1,false
838,gob_ext_00049,4,4,0,false
839,dlk_tbl_01713,4,3,1,false
840,gob_tbl_02113,4,3,1,false
841,dlk_ext_00447,4,4,0,false
842,proc_tbl_00734,4,3,1,false
843,gob_ext_00594,4,4,0,false
844,dlk_tbl_01228,4,3,1,false
845,dlk_tbl_02669,4,3,1,false
846,std_tbl_03136,4,3,1,false
847,gob_ext_00398,4,4,0,false
848,proc_tbl_01103,4,3,1,false
849,gob_tbl_02493,4,3,1,false
850,dlk_tbl_01538,4,3,1,false
851,gob_tbl_02588,4,3,1,false
852,gob_tbl_00441,4,3,1,false
853,gob_tbl_01898,4,3,1,false
854,proc_tbl_02207,4,3,1,false
855,gob_tbl_02533,4,3,1,false
856,std_tbl_02536,4,3,1,false
857,dlk_tbl_00110,4,3,1,false
858,gob_tbl_01723,4,3,1,false
859,proc_tbl_00785,4,3,1,false
860,std_tbl_02184,4,3,1,false
861,dash_tbl_02189,4,3,1,false
862,dlk_tbl_00019,4,3,1,false
863,dlk_tbl_02760,4,3,1,false
864,m4vw_tbl_01756,4,3,1,false
865,gob_tbl_01569,4,3,1,false
866,gob_tbl_02716,4,3,1,false
867,gob_tbl_02745,4,3,1,false
868,gob_tbl_01049,4,3,1,false
869,gob_tbl_02305,4,3,1,false
870,proc_tbl_03172,4,3,1,false
871,dlk_tbl_00575,4,3,1,false
872,proc_tbl_00367,4,3,1,false
873,dlk_tbl_00969,4,3,1,false
874,ppn_tbl_00679,4,3,1,false
875,dlk_tbl_01579,4,3,1,false
876,gob_tbl_00055,4,3,1,false
877,gob_ext_00204,4,4,0,false
878,dlk_tbl_00169,4,3,1,false
879,dlk_tbl_01268,4,3,1,false
880,dlk_tbl_03119,4,3,1,false
881,dlk_ext_00179,4,4,0,false
882,proc_ext_00277,4,4,0,false
883,dlk_tbl_02560,4,3,1,false
884,gob_tbl_00599,4,3,1,false
885,gob_tbl_01687,4,3,1,false
886,gob_tbl_01692,4,3,1,false
887,dlk_ext_00304,4,4,0,false
888,dlk_tbl_03128,4,3,1,false
889,gob_tbl_03142,4,3,1,false
890,proc_tbl_00983,4,2,2,true
891,proc_tbl_01973,4,3,1,false
892,dlk_tbl_03106,4,3,1,false
893,dlk_tbl_00200,4,3,1,false
894,gob_ext_00281,4,4,0,false
895,gob_ext_00266,4,4,0,false
896,dash_ext_00002,4,4,0,false
897,dlk_tbl_00046,4,3,1,false
898,dash_tbl_00529,4,3,1,false
899,proc_tbl_03152,4,3,1,false
900,proc_ext_00396,4,4,0,false
901,proc_tbl_02638,4,3,1,false
902,dlk_tbl_02832,4,3,1,false
903,gob_ext_00495,4,4,0,false
904,proc_tbl_03060,4,3,1,false
905,dlk_tbl_02862,4,3,1,false
906,dlk_ext_00542,4,4,0,false
907,dash_tbl_01670,4,3,1,false
908,gob_tbl_01222,4,3,1,false
909,dlk_tbl_02425,4,3,1,false
910,dlk_tbl_00782,4,3,1,false
911,gob_tbl_01260,4,3,1,false
912,gob_tbl_02438,4,3,1,false
913,proc_tbl_02342,4,3,1,false
914,dlk_ext_00222,4,4,0,false
915,dlk_tbl_01545,4,3,1,false
916,gob_tbl_00523,4,3,1,false
917,dlk_tbl_00239,4,3,1,false
918,gob_tbl_01469,4,3,1,false
919,proc_ext_00379,4,4,0,false
920,proc_tbl_03076,4,3,1,false
921,dlk_ext_00228,4,4,0,false
922,dlk_tbl_01712,4,3,1,false
923,gob_tbl_00221,4,3,1,false
924,dlk_tbl_00336,4,3,1,false
925,dlk_tbl_00577,4,3,1,false
926,dlk_ext_00316,4,4,0,false
927,gob_tbl_01040,4,3,1,false
928,std_tbl_01507,4,3,1,false
929,dlk_tbl_02604,4,3,1,false
930,std_tbl_02432,4,3,1,false
931,gob_tbl_01830,4,3,1,false
932,dlk_tbl_02523,4,3,1,false
933,gob_tbl_02860,4,3,1,false
934,gob_tbl_02980,4,3,1,false
935,dlk_tbl_01391,4,3,1,false
936,dash_tbl_02590,4,3,1,false
937,gob_tbl_02030,4,3,1,false
938,gob_tbl_02457,4,3,1,false
939,gob_tbl_00692,4,3,1,false
940,proc_tbl_00439,4,3,1,false
941,gob_tbl_00304,4,2,2,true
942,gob_tbl_00327,4,3,1,false
943,gob_tbl_03008,4,3,1,false
944,dlk_tbl_01041,4,3,1,false
945,dlk_tbl_03034,4,2,2,true
946,dlk_tbl_02521,4,3,1,false
947,gob_tbl_01700,4,3,1,false
948,gob_tbl_02905,4,3,1,false
949,dlk_tbl_01455,4,3,1,false
950,dlk_tbl_00842,4,3,1,false
951,gob_tbl_01377,4,3,1,false
952,dlk_tbl_02778,4,3,1,false
953,gob_tbl_02245,4,3,1,false
954,dlk_tbl_00658,4,3,1,false
955,proc_tbl_02676,4,3,1,false
956,gob_tbl_01653,4,3,1,false
957,dash_tbl_00899,4,3,1,false
958,gob_tbl_01432,4,3,1,false
959,dlk_tbl_02653,4,3,1,false
960,dlk_tbl_00347,4,3,1,false
961,gob_tbl_01341,4,3,1,false
962,dash_tbl_02063,4,3,1,false
963,gob_tbl_00134,4,3,1,false
964,dlk_tbl_00186,4,3,1,false
965,dlk_ext_00286,4,4,0,false
966,dlk_tbl_02819,4,3,1,false
967,dlk_tbl_02602,4,3,1,false
968,gob_ext_00248,4,4,0,false
969,proc_ext_00425,4,4,0,false
970,m4sco_tbl_02850,4,3,1,false
971,gob_tbl_02096,4,3,1,false
972,dlk_ext_00225,4,4,0,false
973,dlk_tbl_00955,4,3,1,false
974,dlk_tbl_00233,4,3,1,false
975,gob_tbl_02007,4,3,1,false
976,dlk_tbl_00751,4,3,1,false
977,dlk_ext_00499,4,4,0,false
978,gob_tbl_02258,4,3,1,false
979,gob_tbl_01355,4,3,1,false
980,gob_tbl_01694,4,3,1,false
981,dlk_ext_00104,4,4,0,false
982,dlk_tbl_02720,4,3,1,false
983,dash_tbl_02624,4,3,1,false
984,dlk_ext_00191,4,4,0,false
985,gob_ext_00301,4,4,0,false
986,m4sco_tbl_01002,4,3,1,false
987,std_ext_00085,4,4,0,false
988,gob_tbl_02539,4,3,1,false
989,gob_tbl_02374,4,3,1,false
990,dlk_tbl_00818,4,3,1,false
991,std_ext_00067,4,4,0,false
992,gob_tbl_00776,4,3,1,false
993,dash_tbl_01732,4,3,1,false
994,dlk_tbl_03075,4,3,1,false
995,dlk_tbl_01783,4,3,1,false
996,proc_tbl_01026,4,3,1,false
997,dlk_tbl_00831,4,3,1,false
998,gob_ext_00223,3,3,0,false
999,dlk_tbl_00250,3,2,1,false
1000,dlk_tbl_02244,3,2,1,false
1001,gob_tbl_03053,3,2,1,false
1002,proc_tbl_02286,3,2,1,false
1003,gob_tbl_02028,3,2,1,false
1004,gob_tbl_01013,3,2,1,false
1005,gob_tbl_01856,3,2,1,false
1006,gob_ext_00556,3,3,0,false
1007,gob_tbl_00615,3,2,1,false
1008,dlk_tbl_02445,3,2,1,false
1009,gob_tbl_00094,3,2,1,false
1010,gob_tbl_01648,3,2,1,false
1011,dash_tbl_02036,3,2,1,false
1012,dlk_tbl_00726,3,2,1,false
1013,proc_tbl_02790,3,2,1,false
1014,dash_tbl_01093,3,2,1,false
1015,gob_tbl_00124,3,2,1,false
1016,dlk_tbl_01618,3,2,1,false
1017,dlk_ext_00623,3,3,0,false
1018,proc_tbl_03059,3,2,1,false
1019,gob_tbl_00245,3,2,1,false
1020,dlk_tbl_00716,3,2,1,false
1021,std_tbl_00558,3,2,1,false
1022,proc_ext_00001,3,3,0,false
1023,gob_tbl_02145,3,2,1,false
1024,gob_tbl_02639,3,2,1,false
1025,dash_tbl_00436,3,2,1,false
1026,dlk_tbl_02608,3,2,1,false
1027,dlk_tbl_00342,3,2,1,false
1028,dlk_tbl_00795,3,2,1,false
1029,dlk_tbl_02508,3,2,1,false
1030,proc_tbl_03227,3,2,1,false
1031,dash_ext_00498,3,3,0,false
1032,gob_tbl_01047,3,2,1,false
1033,gob_tbl_01562,3,2,1,false
1034,gob_tbl_02242,3,2,1,false
1035,dash_tbl_00315,3,2,1,false
1036,dlk_tbl_02232,3,2,1,false
1037,proc_ext_00139,3,3,0,false
1038,gob_tbl_00884,3,2,1,false
1039,gob_tbl_03114,3,2,1,false
1040,gob_ext_00252,3,3,0,false
1041,gob_tbl_01784,3,2,1,false
1042,proc_tbl_03100,3,2,1,false
1043,proc_tbl_02966,3,2,1,false
1044,gob_ext_00102,3,3,0,false
1045,proc_ext_00466,3,3,0,false
1046,dlk_tbl_02894,3,2,1,false
1047,dlk_tbl_01717,3,2,1,false
1048,gob_tbl_03257,3,2,1,false
1049,dlk_tbl_01652,3,2,1,false
1050,dlk_tbl_03019,3,2,1,false
1051,proc_tbl_01819,3,2,1,false
1052,dlk_tbl_01686,3,2,1,false
1053,gob_tbl_01771,3,2,1,false
1054,gob_ext_00176,3,3,0,false
1055,std_tbl_00771,3,2,1,false
1056,dlk_tbl_02556,3,2,1,false
1057,gob_tbl_01490,3,2,1,false
1058,proc_tbl_01335,3,2,1,false
1059,gob_tbl_00203,3,2,1,false
1060,gob_tbl_01431,3,2,1,false
1061,dlk_tbl_01893,3,2,1,false
1062,proc_ext_00543,3,3,0,false
1063,gob_tbl_00766,3,2,1,false
1064,dlk_tbl_00307,3,2,1,false
1065,proc_tbl_01950,3,2,1,false
1066,gob_ext_00329,3,3,0,false
1067,gob_tbl_00343,3,2,1,false
1068,dlk_tbl_02014,3,2,1,false
1069,gob_tbl_00846,3,2,1,false
1070,dlk_tbl_01604,3,2,1,false
1071,proc_tbl_00718,3,2,1,false
1072,proc_tbl_01555,3,2,1,false
1073,proc_tbl_02589,3,2,1,false
1074,m4vw_tbl_01834,3,2,1,false
1075,dlk_tbl_00398,3,2,1,false
1076,dlk_tbl_00784,3,2,1,false
1077,gob_tbl_02229,3,1,2,true
1078,gob_tbl_00723,3,2,1,false
1079,dlk_tbl_00924,3,2,1,false
1080,gob_tbl_01626,3,2,1,false
1081,gob_tbl_00102,3,2,1,false
1082,gob_tbl_00641,3,2,1,false
1083,proc_tbl_02563,3,2,1,false
1084,gob_tbl_00765,3,2,1,false
1085,gob_tbl_00353,3,2,1,false
1086,dlk_tbl_02387,3,2,1,false
1087,gob_tbl_00556,3,2,1,false
1088,proc_tbl_02134,3,2,1,false
1089,dlk_tbl_02763,3,2,1,false
1090,gob_tbl_03194,3,2,1,false
1091,dlk_tbl_00135,3,2,1,false
1092,dlk_ext_00624,3,3,0,false
1093,dlk_tbl_01340,3,2,1,false
1094,m4sco_tbl_00255,3,2,1,false
1095,dlk_tbl_01011,3,2,1,false
1096,proc_tbl_01942,3,2,1,false
1097,gob_ext_00312,3,3,0,false
1098,dlk_tbl_00049,3,2,1,false
1099,dlk_tbl_03007,3,2,1,false
1100,dlk_tbl_01352,3,2,1,false
1101,gob_tbl_02391,3,2,1,false
1102,gob_tbl_02103,3,2,1,false
1103,gob_ext_00392,3,3,0,false
1104,dlk_tbl_02974,3,2,1,false
1105,dash_tbl_00324,3,2,1,false
1106,gob_tbl_00426,3,2,1,false
1107,gob_tbl_00738,3,2,1,false
1108,proc_ext_00112,3,3,0,false
1109,dash_tbl_00791,3,2,1,false
1110,dash_tbl_00434,3,2,1,false
1111,gob_tbl_01439,3,2,1,false
1112,dlk_tbl_01711,3,2,1,false
1113,gob_tbl_02274,3,2,1,false
1114,dash_tbl_01933,3,2,1,false
1115,dlk_tbl_03270,3,2,1,false
1116,dlk_tbl_02397,3,2,1,false
1117,dlk_ext_00146,3,3,0,false
1118,gob_tbl_00146,3,2,1,false
1119,dlk_ext_00068,3,3,0,false
1120,gob_tbl_02214,3,2,1,false
1121,dlk_tbl_01192,3,2,1,false
1122,dlk_tbl_03123,3,2,1,false
1123,m4sco_tbl_02108,3,2,1,false
1124,dlk_tbl_02948,3,2,1,false
1125,m4sco_tbl_01359,3,2,1,false
1126,proc_tbl_02888,3,2,1,false
1127,proc_tbl_01804,3,2,1,false
1128,gob_ext_00469,3,3,0,false
1129,dash_tbl_02861,3,2,1,false
1130,gob_tbl_00949,3,2,1,false
1131,gob_tbl_00904,3,2,1,false
1132,gob_tbl_01578,3,2,1,false
1133,std_tbl_01953,3,2,1,false
1134,ppn_tbl_00601,3,2,1,false
1135,proc_tbl_02847,3,2,1,false
1136,dlk_tbl_03001,3,2,1,false
1137,gob_tbl_01622,3,2,1,false
1138,std_tbl_01102,3,2,1,false
1139,dlk_tbl_03212,3,2,1,false
1140,dlk_ext_00238,3,3,0,false
1141,gob_tbl_02164,3,2,1,false
1142,gob_tbl_02093,3,2,1,false
1143,gob_ext_00320,3,3,0,false
1144,gob_tbl_02079,3,2,1,false
1145,gob_tbl_00937,3,2,1,false
1146,dash_ext_00333,3,3,0,false
1147,ppn_tbl_00178,3,2,1,false
1148,gob_tbl_02933,3,2,1,false
1149,gob_ext_00419,3,3,0,false
1150,dlk_ext_00562,3,3,0,false
1151,gob_tbl_00979,3,2,1,false
1152,dlk_tbl_01300,3,2,1,false
1153,gob_tbl_00432,3,2,1,false
1154,proc_tbl_02952,3,2,1,false
1155,std_tbl_02331,3,2,1,false
1156,dlk_tbl_03041,3,2,1,false
1157,proc_tbl_01654,3,2,1,false
1158,dlk_tbl_01220,3,1,2,true
1159,gob_tbl_03256,3,2,1,false
1160,gob_tbl_02256,3,2,1,false
1161,dash_tbl_00995,3,2,1,false
1162,proc_tbl_02796,3,2,1,false
1163,dlk_tbl_01649,3,1,2,true
1164,gob_tbl_03237,3,2,1,false
1165,gob_tbl_03069,3,2,1,false
1166,dlk_tbl_02998,3,2,1,false
1167,gob_tbl_00469,3,2,1,false
1168,dlk_tbl_02707,3,2,1,false
1169,proc_tbl_01897,3,2,1,false
1170,dlk_tbl_00453,3,2,1,false
1171,gob_tbl_00535,3,2,1,false
1172,dlk_tbl_00703,3,2,1,false
1173,dash_tbl_00374,3,2,1,false
1174,dlk_tbl_02851,3,2,1,false
1175,proc_tbl_01099,3,2,1,false
1176,gob_tbl_01424,3,2,1,false
1177,dlk_tbl_01483,3,2,1,false
1178,proc_tbl_03023,3,2,1,false
1179,m4vw_tbl_01366,3,2,1,false
1180,dlk_tbl_02389,3,2,1,false
1181,gob_tbl_02167,3,2,1,false
1182,gob_tbl_00211,3,2,1,false
1183,dlk_tbl_02632,3,2,1,false
1184,gob_tbl_00786,3,2,1,false
1185,proc_ext_00528,3,3,0,false
1186,dlk_ext_00549,3,3,0,false
1187,dlk_ext_00209,3,3,0,false
1188,dlk_tbl_02562,3,2,1,false
1189,proc_tbl_03216,3,2,1,false
1190,dlk_tbl_00235,3,2,1,false
1191,dash_tbl_01419,3,2,1,false
1192,dlk_tbl_02798,3,2,1,false
1193,dlk_tbl_00145,3,2,1,false
1194,dlk_tbl_01476,3,2,1,false
1195,gob_tbl_00056,3,2,1,false
1196,dlk_tbl_01107,3,2,1,false
1197,dlk_tbl_01871,3,2,1,false
1198,proc_tbl_02897,3,2,1,false
1199,std_tbl_00194,3,2,1,false
1200,dlk_tbl_00817,3,1,2,true
1201,gob_ext_00190,3,3,0,false
1202,dlk_tbl_03018,3,2,1,false
1203,proc_tbl_00077,3,2,1,false
1204,dlk_tbl_02570,3,2,1,false
1205,proc_tbl_01877,3,2,1,false
1206,std_tbl_01755,3,2,1,false
1207,proc_tbl_02681,3,2,1,false
1208,dlk_ext_00621,3,3,0,false
1209,gob_tbl_02373,3,2,1,false
1210,gob_tbl_02444,3,2,1,false
1211,dash_tbl_03143,3,2,1,false
1212,gob_tbl_01764,3,1,2,true
1213,dlk_tbl_02754,3,2,1,false
1214,dlk_tbl_03165,3,2,1,false
1215,m4sco_tbl_02751,3,2,1,false
1216,dlk_tbl_01824,3,2,1,false
1217,dlk_tbl_00493,3,2,1,false
1218,gob_tbl_00484,3,2,1,false
1219,proc_tbl_03107,3,1,2,true
1220,dlk_tbl_02319,3,2,1,false
1221,proc_tbl_01998,3,2,1,false
1222,dlk_tbl_03070,3,2,1,false
1223,dlk_tbl_01591,3,2,1,false
1224,gob_tbl_01510,3,2,1,false
1225,dlk_tbl_03162,3,2,1,false
1226,dash_ext_00080,3,3,0,false
1227,proc_ext_00131,3,3,0,false
1228,dlk_tbl_02702,3,2,1,false
1229,dlk_tbl_02064,3,2,1,false
1230,dash_tbl_02281,3,2,1,false
1231,dlk_ext_00273,3,3,0,false
1232,dlk_tbl_00657,3,2,1,false
1233,gob_tbl_00111,3,2,1,false
1234,dash_tbl_01313,3,2,1,false
1235,gob_tbl_02139,3,2,1,false
1236,dlk_tbl_03278,3,2,1,false
1237,gob_ext_00324,3,3,0,false
1238,gob_tbl_02899,3,2,1,false
1239,gob_tbl_01001,3,2,1,false
1240,proc_tbl_02366,3,2,1,false
1241,dlk_tbl_02735,3,2,1,false
1242,proc_tbl_03268,3,2,1,false
1243,gob_tbl_02830,3,2,1,false
1244,dlk_tbl_02061,3,2,1,false
1245,gob_tbl_02656,3,2,1,false
1246,dlk_tbl_01921,3,2,1,false
1247,dlk_tbl_01333,3,2,1,false
1248,dlk_tbl_03187,3,2,1,false
1249,proc_tbl_02056,3,2,1,false
1250,proc_tbl_01541,3,2,1,false
1251,gob_tbl_02393,3,2,1,false
1252,dlk_tbl_02529,3,2,1,false
1253,dlk_tbl_00676,3,2,1,false
1254,gob_tbl_01601,3,2,1,false
1255,proc_tbl_03112,3,2,1,false
1256,gob_ext_00483,3,3,0,false
1257,proc_tbl_01032,3,2,1,false
1258,gob_tbl_01399,3,2,1,false
1259,gob_ext_00370,3,3,0,false
1260,dash_tbl_00294,3,2,1,false
1261,gob_tbl_01944,3,2,1,false
1262,gob_tbl_00404,3,2,1,false
1263,dlk_tbl_02065,3,2,1,false
1264,gob_tbl_00584,3,2,1,false
1265,std_tbl_02747,3,2,1,false
1266,gob_tbl_00777,3,2,1,false
1267,gob_tbl_02927,3,2,1,false
1268,dlk_ext_00023,3,3,0,false
1269,proc_tbl_01848,3,2,1,false
1270,gob_tbl_02218,3,2,1,false
1271,gob_tbl_01572,3,2,1,false
1272,proc_tbl_00474,3,2,1,false
1273,dlk_tbl_00700,3,2,1,false
1274,gob_ext_00259,3,3,0,false
1275,gob_tbl_02325,3,2,1,false
1276,gob_tbl_02114,3,2,1,false
1277,dlk_tbl_00030,3,2,1,false
1278,proc_tbl_00461,3,2,1,false
1279,gob_tbl_02221,3,2,1,false
1280,dlk_tbl_00402,3,2,1,false
1281,gob_tbl_02385,3,2,1,false
1282,proc_tbl_01983,3,2,1,false
1283,dlk_tbl_00143,3,2,1,false
1284,dlk_tbl_00252,3,2,1,false
1285,gob_ext_00593,3,3,0,false
1286,dlk_tbl_01695,3,2,1,false
1287,proc_tbl_02903,3,2,1,false
1288,dlk_tbl_00826,3,2,1,false
1289,dlk_tbl_00435,3,2,1,false
1290,gob_tbl_01582,3,2,1,false
1291,dlk_tbl_00333,3,2,1,false
1292,dlk_tbl_00536,3,2,1,false
1293,dlk_tbl_02285,3,1,2,true
1294,proc_tbl_00627,3,2,1,false
1295,gob_tbl_01237,3,2,1,false
1296,proc_tbl_02150,3,2,1,false
1297,gob_tbl_00478,3,2,1,false
1298,dash_tbl_01464,3,2,1,false
1299,ppn_tbl_02161,3,2,1,false
1300,dlk_ext_00568,3,3,0,false
1301,dlk_tbl_00282,3,2,1,false
1302,dlk_tbl_02182,3,2,1,false
1303,dlk_tbl_00326,3,2,1,false
1304,gob_tbl_01514,3,2,1,false
1305,dlk_tbl_00905,3,2,1,false
1306,gob_tbl_00352,3,2,1,false
1307,dlk_tbl_03211,3,2,1,false
1308,gob_tbl_02695,3,2,1,false
1309,gob_tbl_01298,3,2,1,false
1310,gob_tbl_00158,3,2,1,false
1311,proc_ext_00376,3,3,0,false
1312,gob_tbl_01221,3,2,1,false
1313,proc_ext_00005,3,3,0,false
1314,dlk_tbl_02647,3,2,1,false
1315,dlk_tbl_02971,3,2,1,false
1316,gob_tbl_00303,3,2,1,false
1317,gob_tbl_00506,3,2,1,false
1318,dlk_tbl_02773,3,2,1,false
1319,gob_tbl_02332,3,2,1,false
1320,gob_tbl_03026,3,2,1,false
1321,std_tbl_02568,3,2,1,false
1322,proc_tbl_02816,3,2,1,false
1323,proc_ext_00327,3,3,0,false
1324,gob_tbl_02748,3,2,1,false
1325,std_tbl_01705,3,2,1,false
1326,gob_tbl_03039,3,2,1,false
1327,gob_tbl_00981,3,2,1,false
1328,proc_tbl_02265,3,2,1,false
1329,gob_tbl_00093,3,2,1,false
1330,dash_tbl_01448,3,2,1,false
1331,std_tbl_02280,3,2,1,false
1332,gob_tbl_01554,3,2,1,false
1333,dlk_tbl_00534,3,2,1,false
1334,gob_tbl_03101,3,2,1,false
1335,m4sco_tbl_01874,3,2,1,false
1336,dash_tbl_02032,3,2,1,false
1337,gob_tbl_00989,3,2,1,false
1338,gob_tbl_01647,3,2,1,false
1339,dlk_tbl_01916,3,2,1,false
1340,gob_ext_00169,3,3,0,false
1341,gob_tbl_03050,3,2,1,false
1342,dlk_tbl_00832,3,2,1,false
1343,m4sco_tbl_02210,3,2,1,false
1344,gob_tbl_03230,3,2,1,false
1345,m4vw_tbl_03209,3,2,1,false
1346,dlk_tbl_00706,3,2,1,false
1347,gob_tbl_00210,3,2,1,false
1348,dlk_tbl_00838,3,2,1,false
1349,dlk_tbl_01167,3,2,1,false
1350,gob_tbl_01785,3,2,1,false
1351,dash_tbl_02994,3,2,1,false
1352,gob_tbl_01266,3,2,1,false
1353,gob_tbl_00576,3,2,1,false
1354,dlk_tbl_01570,3,2,1,false
1355,proc_tbl_02797,3,2,1,false
1356,gob_ext_00294,3,3,0,false
1357,proc_tbl_03265,3,2,1,false
1358,gob_tbl_01912,3,2,1,false
1359,proc_tbl_00410,3,2,1,false
1360,gob_tbl_02845,3,2,1,false
1361,gob_tbl_01290,3,2,1,false
1362,dlk_tbl_03056,3,2,1,false
1363,dlk_tbl_02794,3,2,1,false
1364,dlk_tbl_00043,3,2,1,false
1365,dlk_tbl_01351,3,2,1,false
1366,dlk_tbl_01840,3,2,1,false
1367,ppn_tbl_01690,3,2,1,false
1368,gob_tbl_02514,3,2,1,false
1369,dlk_tbl_01204,3,2,1,false
1370,proc_tbl_01071,3,2,1,false
1371,proc_tbl_02015,3,2,1,false
1372,proc_tbl_00328,3,2,1,false
1373,dlk_tbl_00956,3,2,1,false
1374,gob_tbl_02019,3,2,1,false
1375,proc_tbl_00618,3,1,2,true
1376,gob_tbl_00674,3,2,1,false
1377,gob_tbl_01938,3,2,1,false
1378,gob_ext_00438,3,3,0,false
1379,gob_tbl_00892,3,2,1,false
1380,gob_tbl_01919,3,2,1,false
1381,dlk_tbl_02611,3,2,1,false
1382,proc_tbl_00280,3,2,1,false
1383,dlk_tbl_00496,3,2,1,false
1384,gob_tbl_02386,3,2,1,false
1385,dash_tbl_03207,3,2,1,false
1386,gob_tbl_01522,3,2,1,false
1387,gob_tbl_00419,3,2,1,false
1388,dash_tbl_02651,3,2,1,false
1389,proc_tbl_00195,3,2,1,false
1390,dlk_tbl_03210,3,2,1,false
1391,gob_tbl_01379,3,2,1,false
1392,dash_tbl_00027,3,2,1,false
1393,dash_tbl_01303,3,2,1,false
1394,dlk_tbl_00096,3,2,1,false
1395,gob_tbl_01326,3,2,1,false
1396,dlk_tbl_00963,3,2,1,false
1397,dlk_tbl_01276,3,2,1,false
1398,dlk_tbl_02661,3,2,1,false
1399,gob_tbl_00663,3,2,1,false
1400,gob_tbl_00567,3,2,1,false
1401,gob_tbl_03079,3,2,1,false
1402,dash_tbl_02713,3,2,1,false
1403,dlk_tbl_00411,3,2,1,false
1404,dlk_tbl_01861,3,2,1,false
1405,dash_tbl_03166,3,2,1,false
1406,dash_tbl_01680,3,2,1,false
1407,proc_tbl_02679,3,2,1,false
1408,gob_tbl_02008,3,2,1,false
1409,dash_tbl_00554,3,2,1,false
1410,dlk_tbl_00288,3,2,1,false
1411,proc_tbl_02083,3,2,1,false
1412,proc_tbl_00101,3,2,1,false
1413,gob_tbl_02916,3,2,1,false
1414,m4sco_tbl_02646,3,2,1,false
1415,m4vw_ext_00143,3,3,0,false
1416,gob_tbl_02541,3,2,1,false
1417,dlk_tbl_01151,3,2,1,false
1418,gob_ext_00381,3,3,0,false
1419,dlk_tbl_02045,3,2,1,false
1420,dash_ext_00613,3,3,0,false
1421,dlk_tbl_01066,3,2,1,false
1422,proc_tbl_02931,3,2,1,false
1423,dlk_tbl_02219,3,2,1,false
1424,std_ext_00427,3,3,0,false
1425,dash_tbl_01640,3,2,1,false
1426,gob_tbl_01189,3,2,1,false
1427,dlk_tbl_00555,3,2,1,false
1428,ppn_tbl_02125,3,2,1,false
1429,dlk_tbl_02964,3,2,1,false
1430,gob_tbl_02938,3,2,1,false
1431,gob_tbl_00790,3,2,1,false
1432,m4sco_tbl_03178,3,2,1,false
1433,gob_tbl_00639,3,2,1,false
1434,gob_tbl_00945,3,2,1,false
1435,gob_tbl_03206,3,2,1,false
1436,dash_tbl_01858,3,2,1,false
1437,proc_tbl_00808,3,2,1,false
1438,dlk_tbl_02124,3,2,1,false
1439,dlk_tbl_02854,3,2,1,false
1440,gob_tbl_00123,3,2,1,false
1441,proc_tbl_01043,3,2,1,false
1442,dash_tbl_02658,3,2,1,false
1443,proc_tbl_00839,3,2,1,false
1444,dlk_tbl_01022,3,1,2,true
1445,gob_tbl_01800,3,2,1,false
1446,dlk_tbl_01493,3,2,1,false
1447,gob_tbl_00319,3,1,2,true
1448,proc_tbl_00222,3,2,1,false
1449,dlk_tbl_02705,3,2,1,false
1450,std_tbl_01067,3,2,1,false
1451,dlk_tbl_01821,3,2,1,false
1452,dlk_ext_00347,3,3,0,false
1453,proc_tbl_02761,3,2,1,false
1454,proc_tbl_00977,3,2,1,false
1455,dlk_tbl_02345,3,2,1,false
1456,gob_tbl_01937,3,2,1,false
1457,gob_tbl_01456,3,2,1,false
1458,dlk_tbl_01997,3,2,1,false
1459,gob_ext_00330,3,3,0,false
1460,dlk_ext_00501,3,3,0,false
1461,gob_tbl_01637,3,2,1,false
1462,gob_tbl_00833,3,2,1,false
1463,gob_tbl_01761,3,2,1,false
1464,gob_tbl_01996,3,2,1,false
1465,dlk_tbl_01965,3,2,1,false
1466,std_tbl_01116,3,2,1,false
1467,proc_tbl_00948,3,2,1,false
1468,gob_tbl_02844,3,2,1,false
1469,dash_tbl_01809,3,2,1,false
1470,dash_tbl_03097,3,2,1,false
1471,dlk_ext_00566,3,3,0,false
1472,dlk_tbl_01658,3,2,1,false
1473,dlk_ext_00473,3,3,0,false
1474,ppn_ext_00607,3,3,0,false
1475,gob_tbl_01224,3,2,1,false
1476,dlk_tbl_01963,3,2,1,false
1477,proc_tbl_02652,3,2,1,false
1478,proc_tbl_01698,3,2,1,false
1479,proc_tbl_01296,3,2,1,false
1480,dlk_tbl_03181,3,2,1,false
1481,gob_tbl_02050,3,2,1,false
1482,dlk_tbl_03188,3,2,1,false
1483,dlk_tbl_01321,3,2,1,false
1484,gob_tbl_01865,3,2,1,false
1485,dlk_tbl_00940,3,2,1,false
1486,dlk_tbl_02881,3,2,1,false
1487,gob_tbl_00446,3,2,1,false
1488,std_tbl_00543,3,2,1,false
1489,proc_ext_00124,3,3,0,false
1490,dlk_tbl_01109,3,2,1,false
1491,dlk_tbl_00086,3,2,1,false
1492,gob_tbl_02732,3,2,1,false
1493,proc_tbl_00028,3,2,1,false
1494,proc_tbl_00681,3,2,1,false
1495,dlk_tbl_00527,3,2,1,false
1496,dlk_ext_00494,3,3,0,false
1497,dlk_tbl_00403,3,2,1,false
1498,dlk_tbl_02031,3,2,1,false
1499,dash_ext_00352,3,3,0,false
1500,gob_ext_00016,3,3,0,false
1501,dlk_ext_00349,3,3,0,false
1502,dlk_tbl_03017,3,2,1,false
1503,gob_tbl_02636,3,2,1,false
1504,dlk_ext_00278,3,3,0,false
1505,gob_tbl_01657,3,2,1,false
1506,dash_tbl_01317,3,2,1,false
1507,dash_tbl_00602,3,2,1,false
1508,dlk_tbl_00855,3,2,1,false
1509,dlk_tbl_00974,3,2,1,false
1510,dlk_tbl_02370,3,2,1,false
1511,proc_tbl_00888,3,2,1,false
1512,dlk_tbl_00394,3,2,1,false
1513,dlk_tbl_00473,3,2,1,false
1514,gob_tbl_01900,3,2,1,false
1515,proc_tbl_02557,3,2,1,false
1516,gob_tbl_02518,3,2,1,false
1517,gob_tbl_00708,3,2,1,false
1518,proc_tbl_02068,3,2,1,false
1519,dlk_tbl_01408,3,2,1,false
1520,dash_tbl_03249,3,2,1,false
1521,dash_ext_00353,3,3,0,false
1522,dlk_tbl_00485,3,2,1,false
1523,dlk_tbl_00595,3,2,1,false
1524,gob_ext_00611,3,3,0,false
1525,gob_tbl_00819,3,2,1,false
1526,gob_tbl_03160,3,2,1,false
1527,gob_ext_00216,3,3,0,false
1528,dlk_tbl_00620,3,2,1,false
1529,proc_tbl_01365,3,2,1,false
1530,dlk_tbl_02483,3,2,1,false
1531,dash_tbl_00357,3,2,1,false
1532,gob_tbl_01038,3,2,1,false
1533,gob_tbl_00035,3,2,1,false
1534,dlk_tbl_00719,3,2,1,false
1535,gob_tbl_02196,3,2,1,false
1536,m4vw_tbl_03192,3,2,1,false
1537,dlk_tbl_02329,3,2,1,false
1538,dash_tbl_02277,3,2,1,false
1539,dlk_tbl_01788,3,2,1,false
1540,proc_tbl_03011,3,2,1,false
1541,dlk_tbl_00456,3,2,1,false
1542,proc_tbl_00589,3,1,2,true
1543,gob_tbl_00928,3,2,1,false
1544,gob_tbl_01769,3,2,1,false
1545,dlk_ext_00522,3,3,0,false
1546,proc_tbl_02312,3,2,1,false
1547,gob_tbl_00437,3,2,1,false
1548,proc_tbl_03122,3,2,1,false
1549,std_tbl_01674,3,2,1,false
1550,dlk_tbl_00768,3,2,1,false
1551,dlk_tbl_00179,2,1,1,false
1552,dash_tbl_03214,2,1,1,false
1553,gob_tbl_02547,2,1,1,false
1554,gob_tbl_00614,2,1,1,false
1555,ppn_tbl_00869,2,1,1,false
1556,gob_tbl_01346,2,1,1,false
1557,gob_tbl_01548,2,1,1,false
1558,dash_tbl_01666,2,1,1,false
1559,dlk_tbl_02662,2,1,1,false
1560,std_tbl_02217,2,1,1,false
1561,proc_tbl_00952,2,1,1,false
1562,dlk_tbl_00735,2,1,1,false
1563,dlk_tbl_00547,2,1,1,false
1564,proc_tbl_00063,2,1,1,false
1565,proc_tbl_01534,2,1,1,false
1566,gob_tbl_01881,2,1,1,false
1567,dlk_tbl_00626,2,1,1,false
1568,gob_tbl_00800,2,1,1,false
1569,dash_tbl_00876,2,1,1,false
1570,gob_tbl_03197,2,1,1,false
1571,dash_tbl_02752,2,1,1,false
1572,proc_tbl_02665,2,1,1,false
1573,dlk_tbl_01503,2,1,1,false
1574,dash_tbl_02808,2,1,1,false
1575,dash_tbl_01981,2,1,1,false
1576,gob_tbl_01140,2,1,1,false
1577,gob_tbl_02095,2,1,1,false
1578,dlk_tbl_00593,2,0,2,true
1579,std_tbl_00958,2,1,1,false
1580,gob_tbl_00907,2,1,1,false
1581,gob_tbl_02852,2,1,1,false
1582,dlk_tbl_01278,2,1,1,false
1583,dlk_tbl_01625,2,1,1,false
1584,dlk_tbl_02467,2,1,1,false
1585,proc_tbl_00283,2,1,1,false
1586,dlk_tbl_01931,2,1,1,false
1587,dash_tbl_02744,2,1,1,false
1588,gob_tbl_02380,2,1,1,false
1589,gob_tbl_02127,2,1,1,false
1590,dlk_tbl_02825,2,1,1,false
1591,dlk_tbl_00863,2,1,1,false
1592,dlk_tbl_00594,2,1,1,false
1593,proc_tbl_00314,2,1,1,false
1594,proc_tbl_00122,2,1,1,false
1595,proc_ext_00405,2,2,0,false
1596,proc_tbl_02626,2,1,1,false
1597,gob_tbl_03218,2,1,1,false
1598,gob_tbl_01605,2,1,1,false
1599,m4vw_tbl_00384,2,1,1,false
1600,proc_tbl_03154,2,1,1,false
1601,dlk_tbl_00337,2,1,1,false
1602,dlk_tbl_01350,2,1,1,false
1603,proc_tbl_02024,2,1,1,false
1604,proc_tbl_00082,2,1,1,false
1605,proc_tbl_00629,2,1,1,false
1606,dlk_tbl_00052,2,1,1,false
1607,dash_tbl_02468,2,1,1,false
1608,gob_tbl_02484,2,1,1,false
1609,proc_tbl_01825,2,1,1,false
1610,dlk_tbl_00872,2,1,1,false
1611,dlk_tbl_00483,2,1,1,false
1612,gob_tbl_02460,2,1,1,false
1613,gob_tbl_02569,2,1,1,false
1614,dlk_tbl_03133,2,1,1,false
1615,gob_tbl_02423,2,1,1,false
1616,gob_tbl_00014,2,1,1,false
1617,gob_tbl_01659,2,1,1,false
1618,gob_tbl_02156,2,1,1,false
1619,gob_tbl_02532,2,1,1,false
1620,proc_tbl_02885,2,1,1,false
1621,dlk_tbl_01489,2,1,1,false
1622,std_tbl_02930,2,1,1,false
1623,dlk_tbl_01740,2,1,1,false
1624,dash_tbl_00896,2,1,1,false
1625,dash_tbl_02191,2,1,1,false
1626,proc_tbl_00816,2,1,1,false
1627,proc_tbl_03051,2,1,1,false
1628,dlk_tbl_01669,2,1,1,false
1629,dlk_tbl_00711,2,1,1,false
1630,dlk_tbl_03169,2,1,1,false
1631,m4vw_tbl_01165,2,1,1,false
1632,dlk_tbl_01556,2,1,1,false
1633,dlk_tbl_00930,2,1,1,false
1634,dlk_tbl_01734,2,1,1,false
1635,m4sco_tbl_00914,2,1,1,false
1636,proc_tbl_01198,2,1,1,false
1637,dlk_tbl_02765,2,1,1,false
1638,dlk_tbl_02416,2,1,1,false
1639,dash_tbl_00450,2,1,1,false
1640,gob_ext_00107,2,2,0,false
1641,dlk_tbl_00246,2,1,1,false
1642,dash_tbl_01429,2,1,1,false
1643,m4vw_tbl_02987,2,1,1,false
1644,proc_tbl_00397,2,1,1,false
1645,gob_tbl_02350,2,1,1,false
1646,dlk_tbl_01413,2,1,1,false
1647,proc_ext_00077,2,2,0,false
1648,dlk_tbl_00109,2,1,1,false
1649,dash_tbl_02986,2,1,1,false
1650,gob_tbl_01636,2,1,1,false
1651,gob_tbl_00358,2,1,1,false
1652,dlk_tbl_00794,2,1,1,false
1653,ppn_ext_00015,2,2,0,false
1654,dlk_tbl_02092,2,1,1,false
1655,proc_tbl_02294,2,1,1,false
1656,dlk_tbl_02002,2,1,1,false
1657,gob_tbl_01869,2,1,1,false
1658,gob_tbl_01952,2,1,1,false
1659,gob_tbl_01467,2,1,1,false
1660,gob_tbl_02616,2,1,1,false
1661,gob_tbl_00806,2,1,1,false
1662,gob_tbl_00778,2,1,1,false
1663,dlk_tbl_00089,2,1,1,false
1664,std_tbl_03148,2,1,1,false
1665,gob_tbl_03134,2,1,1,false
1666,dlk_tbl_02273,2,1,1,false
1667,gob_tbl_00370,2,1,1,false
1668,dlk_ext_00147,2,2,0,false
1669,gob_tbl_00864,2,1,1,false
1670,dash_tbl_01667,2,1,1,false
1671,dlk_tbl_03202,2,1,1,false
1672,gob_tbl_01885,2,1,1,false
1673,gob_tbl_00202,2,1,1,false
1674,dlk_tbl_03233,2,1,1,false
1675,dlk_tbl_02340,2,1,1,false
1676,dlk_tbl_01675,2,1,1,false
1677,proc_ext_00375,2,2,0,false
1678,dlk_tbl_03228,2,1,1,false
1679,gob_tbl_01943,2,1,1,false
1680,gob_tbl_01818,2,1,1,false
1681,gob_tbl_01371,2,1,1,false
1682,gob_tbl_02699,2,1,1,false
1683,gob_tbl_02689,2,1,1,false
1684,dlk_tbl_02004,2,1,1,false
1685,m4vw_tbl_01003,2,1,1,false
1686,gob_tbl_00407,2,1,1,false
1687,dlk_tbl_00320,2,1,1,false
1688,gob_tbl_00107,2,1,1,false
1689,dlk_tbl_01299,2,1,1,false
1690,gob_tbl_02297,2,1,1,false
1691,proc_tbl_02314,2,1,1,false
1692,dlk_tbl_01280,2,1,1,false
1693,dlk_tbl_01619,2,1,1,false
1694,dlk_tbl_02908,2,1,1,false
1695,dlk_tbl_00722,2,1,1,false
1696,m4vw_tbl_03071,2,1,1,false
1697,dlk_tbl_01414,2,1,1,false
1698,dlk_tbl_00423,2,1,1,false
1699,dash_tbl_01075,2,1,1,false
1700,dlk_tbl_02696,2,1,1,false
1701,dash_tbl_01486,2,1,1,false
1702,gob_tbl_02369,2,1,1,false
1703,gob_tbl_00243,2,1,1,false
1704,gob_tbl_00059,2,1,1,false
1705,gob_tbl_02269,2,1,1,false
1706,dlk_ext_00156,2,2,0,false
1707,dlk_tbl_03177,2,1,1,false
1708,gob_tbl_00753,2,1,1,false
1709,dash_tbl_02172,2,1,1,false
1710,dlk_tbl_01689,2,1,1,false
1711,gob_tbl_00378,2,1,1,false
1712,proc_tbl_00418,2,1,1,false
1713,gob_tbl_02524,2,1,1,false
1714,proc_tbl_01031,2,1,1,false
1715,dash_tbl_01400,2,1,1,false
1716,dlk_ext_00448,2,2,0,false
1717,gob_tbl_00931,2,1,1,false
1718,dash_tbl_02360,2,1,1,false
1719,dlk_tbl_00454,2,1,1,false
1720,gob_tbl_01145,2,1,1,false
1721,proc_tbl_01726,2,1,1,false
1722,gob_ext_00055,2,2,0,false
1723,proc_tbl_00988,2,1,1,false
1724,dlk_tbl_02250,2,1,1,false
1725,proc_tbl_01085,2,1,1,false
1726,proc_tbl_02316,2,0,2,true
1727,dlk_tbl_00285,2,1,1,false
1728,dlk_tbl_00962,2,1,1,false
1729,gob_tbl_02601,2,1,1,false
1730,gob_tbl_02301,2,1,1,false
1731,dlk_tbl_00624,2,1,1,false
1732,std_tbl_02826,2,1,1,false
1733,gob_tbl_03252,2,1,1,false
1734,gob_tbl_01274,2,1,1,false
1735,dlk_tbl_02682,2,1,1,false
1736,dash_tbl_01258,2,1,1,false
1737,gob_tbl_01807,2,1,1,false
1738,proc_tbl_03137,2,1,1,false
1739,dlk_tbl_01339,2,1,1,false
1740,dlk_tbl_01080,2,1,1,false
1741,dlk_tbl_00854,2,1,1,false
1742,gob_tbl_03139,2,1,1,false
1743,proc_tbl_02122,2,1,1,false
1744,proc_tbl_01131,2,1,1,false
1745,dlk_ext_00488,2,2,0,false
1746,gob_tbl_02183,2,1,1,false
1747,gob_ext_00013,2,2,0,false
1748,dash_tbl_03004,2,1,1,false
1749,dlk_tbl_00079,2,1,1,false
1750,dlk_tbl_01216,2,1,1,false
1751,gob_tbl_01682,2,1,1,false
1752,gob_tbl_00031,2,1,1,false
1753,gob_tbl_00153,2,1,1,false
1754,gob_tbl_01884,2,1,1,false
1755,dlk_tbl_02910,2,1,1,false
1756,gob_tbl_01042,2,1,1,false
1757,gob_tbl_02144,2,1,1,false
1758,proc_tbl_01124,2,1,1,false
1759,gob_tbl_00774,2,1,1,false
1760,gob_tbl_01617,2,1,1,false
1761,dlk_tbl_00278,2,1,1,false
1762,dlk_tbl_00381,2,1,1,false
1763,gob_tbl_02295,2,1,1,false
1764,gob_ext_00496,2,2,0,false
1765,gob_tbl_01061,2,1,1,false
1766,dlk_tbl_02680,2,1,1,false
1767,gob_tbl_00074,2,1,1,false
1768,dlk_tbl_02706,2,1,1,false
1769,dlk_ext_00484,2,2,0,false
1770,gob_tbl_02070,2,1,1,false
1771,ppn_tbl_02040,2,1,1,false
1772,m4vw_tbl_02270,2,1,1,false
1773,dlk_tbl_00438,2,1,1,false
1774,dash_tbl_00514,2,1,1,false
1775,dlk_tbl_00117,2,1,1,false
1776,gob_ext_00408,2,2,0,false
1777,gob_tbl_01868,2,1,1,false
1778,std_tbl_00182,2,1,1,false
1779,gob_tbl_03065,2,1,1,false
1780,proc_tbl_03081,2,1,1,false
1781,gob_tbl_02279,2,1,1,false
1782,dlk_tbl_01484,2,1,1,false
1783,gob_tbl_02430,2,1,1,false
1784,gob_tbl_02623,2,1,1,false
1785,gob_tbl_01375,2,1,1,false
1786,proc_tbl_02731,2,1,1,false
1787,gob_tbl_02018,2,1,1,false
1788,gob_tbl_02110,2,1,1,false
1789,dlk_tbl_03127,2,1,1,false
1790,gob_tbl_01896,2,1,1,false
1791,dlk_tbl_01342,2,1,1,false
1792,gob_tbl_01588,2,1,1,false
1793,dlk_tbl_00525,2,1,1,false
1794,gob_tbl_01396,2,1,1,false
1795,gob_tbl_00804,2,1,1,false
1796,dlk_tbl_01634,2,1,1,false
1797,gob_tbl_00033,2,1,1,false
1798,dlk_tbl_02187,2,1,1,false
1799,proc_tbl_03067,2,1,1,false
1800,dlk_tbl_00787,2,1,1,false
1801,dash_ext_00298,2,2,0,false
1802,proc_ext_00557,2,2,0,false
1803,gob_tbl_01990,2,1,1,false
1804,dlk_tbl_01438,2,1,1,false
1805,ppn_tbl_00944,2,1,1,false
1806,ppn_tbl_01094,2,1,1,false
1807,gob_tbl_01405,2,1,1,false
1808,gob_ext_00019,2,2,0,false
1809,gob_tbl_03225,2,1,1,false
1810,gob_tbl_01860,2,1,1,false
1811,gob_tbl_01423,2,1,1,false
1812,gob_tbl_02993,2,1,1,false
1813,dash_tbl_00212,2,1,1,false
1814,dlk_tbl_01759,2,1,1,false
1815,m4sco_tbl_00809,2,1,1,false
1816,proc_tbl_01850,2,1,1,false
1817,gob_tbl_01651,2,1,1,false
1818,dlk_tbl_00879,2,1,1,false
1819,dlk_ext_00111,2,2,0,false
1820,proc_tbl_00866,2,1,1,false
1821,dlk_tbl_01516,2,1,1,false
1822,gob_tbl_01368,2,1,1,false
1823,dash_tbl_02087,2,1,1,false
1824,proc_tbl_01920,2,1,1,false
1825,dash_tbl_01409,2,1,1,false
1826,proc_tbl_00142,2,1,1,false
1827,dlk_tbl_01650,2,1,1,false
1828,proc_tbl_02264,2,1,1,false
1829,dash_tbl_01056,2,1,1,false
1830,dlk_tbl_02505,2,1,1,false
1831,gob_tbl_02874,2,1,1,false
1832,proc_tbl_00308,2,1,1,false
1833,dlk_tbl_02106,2,1,1,false
1834,gob_tbl_01614,2,1,1,false
1835,dlk_tbl_00737,2,1,1,false
1836,proc_tbl_01232,2,1,1,false
1837,dlk_tbl_00321,2,1,1,false
1838,dlk_tbl_01196,2,1,1,false
1839,gob_tbl_00943,2,1,1,false
1840,dlk_tbl_01096,2,1,1,false
1841,dlk_tbl_01018,2,1,1,false
1842,dlk_tbl_00934,2,1,1,false
1843,dlk_tbl_02402,2,1,1,false
1844,gob_tbl_00058,2,1,1,false
1845,proc_tbl_02911,2,1,1,false
1846,dlk_tbl_01010,2,1,1,false
1847,gob_tbl_02046,2,1,1,false
1848,dlk_ext_00335,2,2,0,false
1849,m4sco_tbl_00852,2,1,1,false
1850,gob_ext_00619,2,2,0,false
1851,gob_tbl_02690,2,1,1,false
1852,dlk_tbl_00005,2,1,1,false
1853,dlk_tbl_01899,2,1,1,false
1854,std_tbl_01917,2,1,1,false
1855,proc_tbl_00883,2,1,1,false
1856,dlk_tbl_01968,2,1,1,false
1857,dlk_tbl_00208,2,1,1,false
1858,dlk_tbl_00376,2,1,1,false
1859,proc_tbl_00655,2,1,1,false
1860,gob_tbl_00539,2,1,1,false
1861,gob_ext_00163,2,2,0,false
1862,proc_tbl_02456,2,1,1,false
1863,dlk_tbl_00226,2,1,1,false
1864,std_ext_00260,2,2,0,false
1865,gob_tbl_00090,2,1,1,false
1866,gob_tbl_02637,2,1,1,false
1867,std_tbl_02292,2,1,1,false
1868,dlk_tbl_00548,2,1,1,false
1869,dash_tbl_01613,2,1,1,false
1870,dlk_tbl_02822,2,1,1,false
1871,dlk_tbl_02381,2,1,1,false
1872,dlk_tbl_02486,2,1,1,false
1873,gob_ext_00574,2,2,0,false
1874,dlk_tbl_00695,2,1,1,false
1875,dash_tbl_01461,2,1,1,false
1876,dlk_tbl_02407,2,1,1,false
1877,proc_tbl_00112,2,1,1,false
1878,dlk_tbl_02558,2,1,1,false
1879,dlk_tbl_02417,2,1,1,false
1880,proc_tbl_00877,2,1,1,false
1881,dlk_tbl_02102,2,1,1,false
1882,gob_tbl_02892,2,1,1,false
1883,gob_tbl_01406,2,1,1,false
1884,dlk_tbl_02614,2,1,1,false
1885,dlk_tbl_01511,2,1,1,false
1886,dlk_tbl_01328,2,1,1,false
1887,proc_tbl_02511,2,1,1,false
1888,gob_tbl_01728,2,1,1,false
1889,gob_tbl_03091,2,1,1,false
1890,dlk_tbl_00828,2,1,1,false
1891,dlk_tbl_01015,2,1,1,false
1892,ppn_tbl_01169,2,1,1,false
1893,gob_tbl_00727,2,1,1,false
1894,proc_tbl_01036,2,1,1,false
1895,dash_tbl_00175,2,1,1,false
1896,dlk_tbl_02129,2,1,1,false
1897,m4vw_tbl_01354,2,1,1,false
1898,gob_tbl_02507,2,1,1,false
1899,dlk_tbl_01814,2,1,1,false
1900,dlk_tbl_02066,2,1,1,false
1901,dlk_tbl_01673,2,1,1,false
1902,proc_tbl_01087,2,1,1,false
1903,std_tbl_01485,2,1,1,false
1904,proc_tbl_00921,2,1,1,false
1905,dash_tbl_02240,2,1,1,false
1906,dlk_tbl_01886,2,1,1,false
1907,dash_tbl_02431,2,1,1,false
1908,std_tbl_00669,2,1,1,false
1909,std_tbl_03183,2,1,1,false
1910,dlk_tbl_02199,2,1,1,false
1911,dlk_tbl_03267,2,1,1,false
1912,dash_tbl_00980,2,1,1,false
1913,proc_tbl_02437,2,1,1,false
1914,gob_tbl_00299,2,1,1,false
1915,m4sco_tbl_01420,2,1,1,false
1916,dlk_tbl_02848,2,1,1,false
1917,m4sco_tbl_00859,2,1,1,false
1918,gob_tbl_02354,2,1,1,false
1919,dlk_tbl_00775,2,0,2,true
1920,dlk_tbl_02730,2,1,1,false
1921,dlk_tbl_00389,2,1,1,false
1922,gob_tbl_01450,2,1,1,false
1923,gob_tbl_01923,2,1,1,false
1924,dlk_tbl_02299,2,1,1,false
1925,m4sco_tbl_01345,2,1,1,false
1926,gob_tbl_02648,2,1,1,false
1927,dlk_tbl_02465,2,1,1,false
1928,gob_tbl_02017,2,1,1,false
1929,dlk_tbl_00530,2,1,1,false
1930,gob_tbl_01709,2,1,1,false
1931,gob_tbl_02849,2,1,1,false
1932,gob_tbl_01939,2,1,1,false
1933,dlk_tbl_00449,2,1,1,false
1934,dash_tbl_00767,2,1,1,false
1935,gob_tbl_02383,2,1,1,false
1936,gob_tbl_03044,2,1,1,false
1937,dash_tbl_00132,2,1,1,false
1938,std_tbl_00372,2,1,1,false
1939,gob_tbl_00341,2,1,1,false
1940,dash_tbl_03149,2,1,1,false
1941,dlk_tbl_00053,2,1,1,false
1942,proc_tbl_01876,2,1,1,false
1943,proc_ext_00189,2,2,0,false
1944,dlk_tbl_02943,2,1,1,false
1945,dlk_tbl_01581,2,1,1,false
1946,dlk_tbl_00323,2,1,1,false
1947,m4vw_tbl_01909,2,1,1,false
1948,dlk_tbl_03109,2,1,1,false
1949,dlk_tbl_01112,2,1,1,false
1950,dlk_tbl_00073,2,1,1,false
1951,proc_tbl_02902,2,1,1,false
1952,gob_tbl_03215,2,1,1,false
1953,std_tbl_03058,2,1,1,false
1954,proc_tbl_00139,2,1,1,false
1955,gob_tbl_02202,2,1,1,false
1956,dlk_tbl_02276,2,1,1,false
1957,proc_tbl_00789,2,1,1,false
1958,dlk_tbl_00603,2,1,1,false
1959,dlk_tbl_01141,2,1,1,false
1960,proc_tbl_01314,2,1,1,false
1961,proc_ext_00315,2,2,0,false
1962,dlk_tbl_03116,2,1,1,false
1963,dlk_tbl_00591,2,1,1,false
1964,gob_tbl_00184,2,1,1,false
1965,dlk_tbl_01531,2,0,2,true
1966,gob_ext_00609,2,2,0,false
1967,dlk_tbl_02865,2,1,1,false
1968,dlk_tbl_02317,2,1,1,false
1969,proc_tbl_01320,2,1,1,false
1970,proc_tbl_01343,2,1,1,false
1971,gob_ext_00108,2,2,0,false
1972,gob_tbl_02840,2,1,1,false
1973,dlk_tbl_02776,2,1,1,false
1974,dlk_tbl_01416,2,1,1,false
1975,proc_tbl_01437,2,1,1,false
1976,gob_tbl_02889,2,1,1,false
1977,std_tbl_00392,2,1,1,false
1978,proc_tbl_01880,2,1,1,false
1979,gob_ext_00141,2,2,0,false
1980,dlk_ext_00129,2,2,0,false
1981,dash_tbl_03277,2,1,1,false
1982,dlk_tbl_01101,2,1,1,false
1983,m4sco_tbl_00492,2,1,1,false
1984,dlk_tbl_02400,2,1,1,false
1985,dlk_ext_00579,2,2,0,false
1986,dlk_tbl_01441,2,0,2,true
1987,proc_tbl_02913,2,1,1,false
1988,dlk_tbl_01573,2,1,1,false
1989,proc_tbl_02944,2,1,1,false
1990,dlk_tbl_01166,2,1,1,false
1991,dlk_tbl_01762,2,1,1,false
1992,dlk_tbl_01718,2,1,1,false
1993,gob_tbl_00136,2,1,1,false
1994,dlk_tbl_00997,2,1,1,false
1995,proc_tbl_01330,2,1,1,false
1996,gob_tbl_03077,2,1,1,false
1997,gob_tbl_01722,2,1,1,false
1998,gob_tbl_00382,2,1,1,false
1999,gob_tbl_01336,2,1,1,false
2000,gob_tbl_01635,2,1,1,false
2001,dlk_tbl_00986,2,1,1,false
2002,gob_tbl_01487,2,1,1,false
2003,dash_tbl_00656,2,0,2,true
2004,dlk_tbl_02253,2,1,1,false
2005,dlk_tbl_00665,2,1,1,false
2006,dlk_tbl_00225,2,1,1,false
2007,gob_tbl_01362,2,1,1,false
2008,dlk_tbl_01078,2,1,1,false
2009,gob_tbl_00298,2,1,1,false
2010,m4vw_tbl_02920,2,1,1,false
2011,gob_tbl_00044,2,1,1,false
2012,gob_tbl_01567,2,1,1,false
2013,dlk_tbl_00902,2,1,1,false
2014,dash_tbl_01344,2,1,1,false
2015,std_tbl_00363,2,1,1,false
2016,gob_tbl_00287,2,1,1,false
2017,proc_tbl_00987,2,1,1,false
2018,gob_tbl_02436,2,1,1,false
2019,gob_tbl_00688,2,1,1,false
2020,dlk_ext_00417,2,2,0,false
2021,dlk_tbl_01826,2,1,1,false
2022,proc_tbl_02883,2,1,1,false
2023,gob_tbl_03083,2,1,1,false
2024,gob_tbl_01091,2,1,1,false
2025,dlk_tbl_01758,2,1,1,false
2026,dlk_tbl_01246,2,1,1,false
2027,dlk_tbl_02048,2,1,1,false
2028,gob_tbl_02859,2,1,1,false
2029,dlk_tbl_01255,2,1,1,false
2030,proc_tbl_01360,2,1,1,false
2031,dlk_tbl_03163,2,1,1,false
2032,dlk_tbl_01308,2,1,1,false
2033,std_tbl_01225,2,1,1,false
2034,dlk_tbl_00780,2,1,1,false
2035,dlk_tbl_00540,2,1,1,false
2036,gob_tbl_00518,2,1,1,false
2037,proc_tbl_01902,2,1,1,false
2038,gob_tbl_00371,2,1,1,false
2039,gob_tbl_02490,2,1,1,false
2040,dlk_tbl_02377,2,1,1,false
2041,dlk_tbl_02328,2,1,1,false
2042,m4vw_tbl_01542,2,1,1,false
2043,gob_tbl_02117,2,1,1,false
2044,dlk_tbl_00504,2,1,1,false
2045,dash_tbl_00605,2,1,1,false
2046,dlk_tbl_02248,2,1,1,false
2047,gob_tbl_02003,2,1,1,false
2048,gob_tbl_01957,2,1,1,false
2049,gob_ext_00433,2,2,0,false
2050,gob_tbl_01394,2,1,1,false
2051,proc_tbl_02767,2,1,1,false
2052,gob_tbl_02235,2,1,1,false
2053,dlk_tbl_03174,2,1,1,false
2054,ppn_tbl_00448,2,1,1,false
2055,proc_ext_00490,2,2,0,false
2056,dlk_tbl_00065,2,1,1,false
2057,dlk_tbl_02307,2,1,1,false
2058,gob_tbl_01118,2,1,1,false
2059,dash_tbl_02546,2,1,1,false
2060,gob_tbl_00793,2,1,1,false
2061,gob_tbl_00918,2,1,1,false
2062,gob_tbl_00889,2,1,1,false
2063,gob_tbl_02302,2,1,1,false
2064,dlk_tbl_02673,2,1,1,false
2065,dlk_tbl_01741,2,1,1,false
2066,gob_tbl_03093,2,1,1,false
2067,gob_tbl_00965,2,1,1,false
2068,proc_tbl_01242,2,1,1,false
2069,proc_tbl_00173,2,1,1,false
2070,proc_tbl_01158,2,1,1,false
2071,dlk_tbl_02559,2,1,1,false
2072,proc_tbl_03179,2,1,1,false
2073,std_tbl_02336,2,1,1,false
2074,gob_tbl_02049,2,1,1,false
2075,dash_tbl_00991,2,1,1,false
2076,gob_tbl_03161,2,1,1,false
2077,gob_tbl_01164,2,1,1,false
2078,gob_tbl_02461,2,1,1,false
2079,gob_tbl_01806,2,1,1,false
2080,gob_tbl_01474,2,1,1,false
2081,dlk_tbl_02842,2,1,1,false
2082,gob_tbl_00156,2,1,1,false
2083,dlk_tbl_01599,2,1,1,false
2084,gob_tbl_01977,2,1,1,false
2085,gob_tbl_01668,2,1,1,false
2086,dlk_tbl_02629,2,1,1,false
2087,dlk_ext_00039,2,2,0,false
2088,dash_tbl_03145,2,1,1,false
2089,dlk_tbl_01478,2,1,1,false
2090,gob_tbl_02973,2,1,1,false
2091,dlk_tbl_03217,2,1,1,false
2092,gob_tbl_00619,2,1,1,false
2093,proc_ext_00492,2,2,0,false
2094,gob_tbl_02519,2,1,1,false
2095,dash_tbl_01301,2,1,1,false
2096,m4vw_tbl_01283,2,1,1,false
2097,gob_tbl_02729,2,1,1,false
2098,gob_ext_00366,2,2,0,false
2099,gob_tbl_02352,2,1,1,false
2100,std_tbl_02121,2,1,1,false
2101,dlk_tbl_02630,2,1,1,false
2102,proc_tbl_02075,2,1,1,false
2103,dlk_tbl_01936,2,1,1,false
2104,dlk_ext_00553,2,2,0,false
2105,dlk_tbl_00128,2,1,1,false
2106,dlk_tbl_02306,2,1,1,false
2107,dlk_tbl_01672,2,1,1,false
2108,dlk_tbl_00463,2,1,1,false
2109,gob_tbl_01714,2,1,1,false
2110,proc_tbl_00497,2,1,1,false
2111,gob_tbl_01460,2,1,1,false
2112,dash_tbl_02010,2,1,1,false
2113,gob_tbl_00757,2,1,1,false
2114,dlk_tbl_02346,2,1,1,false
2115,gob_tbl_00477,2,1,1,false
2116,gob_tbl_01706,2,1,1,false
2117,proc_ext_00201,2,2,0,false
2118,dlk_tbl_01763,2,1,1,false
2119,proc_tbl_01184,2,1,1,false
2120,gob_ext_00355,2,2,0,false
2121,proc_tbl_01088,2,1,1,false
2122,dlk_tbl_02419,2,1,1,false
2123,std_tbl_02180,2,1,1,false
2124,proc_tbl_00752,2,1,1,false
2125,std_tbl_02804,2,1,1,false
2126,dlk_tbl_00621,2,1,1,false
2127,dash_tbl_02304,2,1,1,false
2128,dlk_tbl_03170,2,1,1,false
2129,dlk_tbl_00583,2,1,1,false
2130,gob_tbl_01072,2,1,1,false
2131,dlk_tbl_01244,2,1,1,false
2132,dlk_tbl_01754,2,1,1,false
2133,dash_tbl_00125,2,1,1,false
2134,gob_tbl_00702,2,1,1,false
2135,std_tbl_02540,2,1,1,false
2136,dash_ext_00101,2,2,0,false
2137,dlk_tbl_02876,2,1,1,false
2138,gob_tbl_02368,2,1,1,false
2139,gob_tbl_01827,2,1,1,false
2140,gob_tbl_01148,2,1,1,false
2141,proc_tbl_01122,2,1,1,false
2142,dlk_tbl_00249,2,1,1,false
2143,dlk_tbl_02398,2,1,1,false
2144,dlk_ext_00144,2,2,0,false
2145,dlk_tbl_03049,2,1,1,false
2146,dlk_tbl_01888,2,1,1,false
2147,gob_tbl_01597,2,1,1,false
2148,gob_tbl_03182,2,1,1,false
2149,gob_tbl_01203,2,1,1,false
2150,dlk_tbl_02275,2,1,1,false
2151,gob_tbl_01378,2,1,1,false
2152,gob_tbl_00935,2,1,1,false
2153,gob_tbl_00519,2,1,1,false
2154,gob_tbl_01501,2,1,1,false
2155,gob_tbl_02365,2,1,1,false
2156,dlk_tbl_01178,2,1,1,false
2157,proc_tbl_00763,2,1,1,false
2158,proc_tbl_01459,2,0,2,true
2159,dlk_tbl_03261,2,1,1,false
2160,dlk_tbl_00242,2,1,1,false
2161,std_tbl_02205,2,1,1,false
2162,dash_tbl_01600,2,1,1,false
2163,dlk_tbl_02573,2,1,1,false
2164,proc_tbl_02488,2,1,1,false
2165,dlk_tbl_02701,2,1,1,false
2166,dlk_ext_00597,2,2,0,false
2167,gob_tbl_02165,2,1,1,false
2168,dash_tbl_00317,2,1,1,false
2169,dlk_tbl_01370,2,1,1,false
2170,proc_tbl_01200,2,1,1,false
2171,dlk_tbl_00764,2,1,1,false
2172,dash_tbl_01048,2,1,1,false
2173,dlk_tbl_01315,2,1,1,false
2174,gob_ext_00397,2,2,0,false
2175,proc_tbl_00457,2,1,1,false
2176,dash_tbl_02482,2,1,1,false
2177,dlk_tbl_02620,2,1,1,false
2178,dlk_tbl_00643,2,1,1,false
2179,dlk_tbl_03120,2,1,1,false
2180,dlk_ext_00302,2,2,0,false
2181,gob_tbl_01742,2,1,1,false
2182,m4sco_tbl_02119,2,1,1,false
2183,gob_tbl_00309,2,1,1,false
2184,proc_tbl_00260,2,1,1,false
2185,proc_tbl_00481,2,1,1,false
2186,gob_tbl_02959,2,1,1,false
2187,gob_tbl_03092,2,1,1,false
2188,proc_ext_00571,2,2,0,false
2189,gob_tbl_00783,2,1,1,false
2190,dlk_tbl_03078,2,1,1,false
2191,proc_tbl_00947,2,1,1,false
2192,std_tbl_02246,2,1,1,false
2193,dlk_tbl_01331,2,1,1,false
2194,dlk_tbl_00612,2,1,1,false
2195,gob_tbl_01279,2,1,1,false
2196,dlk_tbl_02116,2,1,1,false
2197,gob_tbl_01159,2,1,1,false
2198,proc_tbl_00105,2,1,1,false
2199,dlk_tbl_02289,2,1,1,false
2200,proc_tbl_02693,2,1,1,false
2201,gob_tbl_00881,2,1,1,false
2202,dlk_ext_00550,2,2,0,false
2203,std_tbl_02123,2,1,1,false
2204,proc_ext_00036,2,2,0,false
2205,proc_tbl_01994,2,1,1,false
2206,gob_tbl_03195,2,1,1,false
2207,dlk_ext_00109,2,2,0,false
2208,dlk_tbl_01584,2,1,1,false
2209,dash_tbl_02989,2,1,1,false
2210,gob_tbl_00144,2,1,1,false
2211,dash_tbl_01269,2,1,1,false
2212,m4sco_tbl_01076,2,1,1,false
2213,gob_tbl_01815,2,1,1,false
2214,dlk_tbl_00503,2,1,1,false
2215,proc_tbl_02409,2,1,1,false
2216,gob_tbl_01254,2,1,1,false
2217,gob_tbl_01233,2,1,1,false
2218,gob_tbl_02592,2,1,1,false
2219,dlk_tbl_01563,2,1,1,false
2220,dlk_tbl_00293,2,1,1,false
2221,gob_tbl_01768,2,1,1,false
2222,dlk_tbl_01779,2,1,1,false
2223,gob_tbl_03037,2,1,1,false
2224,dlk_tbl_02771,2,1,1,false
2225,gob_tbl_01319,2,1,1,false
2226,gob_tbl_02009,2,1,1,false
2227,dash_tbl_02891,2,1,1,false
2228,dlk_tbl_00133,2,1,1,false
2229,proc_tbl_02136,2,1,1,false
2230,m4sco_tbl_01656,2,1,1,false
2231,dash_tbl_01098,2,1,1,false
2232,dlk_tbl_03099,2,1,1,false
2233,gob_tbl_03024,2,1,1,false
2234,dlk_tbl_02190,2,1,1,false
2235,dlk_tbl_01218,2,1,1,false
2236,dash_tbl_01149,2,1,1,false
2237,dlk_tbl_00340,2,1,1,false
2238,proc_tbl_02243,2,1,1,false
2239,gob_tbl_01472,2,1,1,false
2240,dlk_tbl_02448,2,1,1,false
2241,dlk_tbl_00016,2,1,1,false
2242,gob_tbl_01703,2,1,1,false
2243,gob_ext_00133,2,2,0,false
2244,std_tbl_01918,2,1,1,false
2245,dlk_tbl_02020,2,1,1,false
2246,dash_tbl_00898,2,1,1,false
2247,std_tbl_00573,2,1,1,false
2248,dlk_tbl_01849,2,1,1,false
2249,dlk_ext_00445,2,2,0,false
2250,dash_tbl_01142,2,1,1,false
2251,dlk_tbl_00180,2,1,1,false
2252,dlk_ext_00493,2,2,0,false
2253,proc_tbl_01212,2,1,1,false
2254,gob_tbl_00262,2,1,1,false
2255,gob_tbl_00860,2,1,1,false
2256,proc_tbl_02750,2,1,1,false
2257,gob_ext_00009,2,2,0,false
2258,ppn_tbl_01257,2,1,1,false
2259,dlk_tbl_03263,2,1,1,false
2260,dlk_tbl_00138,2,1,1,false
2261,gob_tbl_01792,2,1,1,false
2262,proc_tbl_02513,2,1,1,false
2263,proc_tbl_00750,2,1,1,false
2264,gob_tbl_00597,2,1,1,false
2265,dlk_tbl_01984,2,1,1,false
2266,dlk_tbl_00013,2,1,1,false
2267,gob_tbl_02038,2,1,1,false
2268,gob_tbl_02055,2,1,1,false
2269,proc_tbl_01519,2,1,1,false
2270,gob_tbl_00580,2,1,1,false
2271,dlk_tbl_00306,2,1,1,false
2272,gob_tbl_02067,2,0,2,true
2273,gob_tbl_03248,2,1,1,false
2274,dlk_tbl_02023,2,1,1,false
2275,gob_tbl_00978,2,1,1,false
2276,proc_tbl_02293,2,1,1,false
2277,dlk_tbl_02831,2,1,1,false
2278,dlk_tbl_02613,2,1,1,false
2279,gob_ext_00616,2,2,0,false
2280,gob_tbl_01210,2,1,1,false
2281,m4vw_tbl_00631,2,1,1,false
2282,m4vw_tbl_02263,2,1,1,false
2283,gob_tbl_02469,2,1,1,false
2284,dlk_tbl_01707,2,1,1,false
2285,gob_tbl_00941,2,1,1,false
2286,gob_tbl_02478,2,1,1,false
2287,dlk_tbl_00147,2,1,1,false
2288,dlk_ext_00604,2,2,0,false
2289,dlk_tbl_02869,2,1,1,false
2290,dlk_tbl_02929,2,1,1,false
2291,dlk_tbl_02672,2,1,1,false
2292,gob_tbl_03176,2,1,1,false
2293,dash_tbl_02783,2,1,1,false
2294,proc_tbl_01050,2,1,1,false
2295,gob_tbl_02296,2,1,1,false
2296,dash_tbl_00622,2,1,1,false
2297,dash_tbl_03241,2,1,1,false
2298,proc_tbl_02628,2,1,1,false
2299,dlk_tbl_03031,2,1,1,false
2300,dlk_tbl_03208,2,1,1,false
2301,proc_tbl_01247,2,1,1,false
2302,gob_tbl_00098,2,1,1,false
2303,dlk_tbl_00350,2,1,1,false
2304,gob_tbl_02940,2,1,1,false
2305,dlk_tbl_01747,2,1,1,false
2306,dlk_tbl_01590,2,1,1,false
2307,gob_ext_00152,2,2,0,false
2308,proc_tbl_00166,2,1,1,false
2309,gob_tbl_01508,2,1,1,false
2310,dash_tbl_02231,2,1,1,false
2311,dlk_tbl_00996,2,1,1,false
2312,dlk_tbl_00929,2,1,1,false
2313,dash_tbl_02756,2,1,1,false
2314,gob_tbl_02937,2,1,1,false
2315,gob_tbl_01664,2,1,1,false
2316,gob_ext_00421,2,2,0,false
2317,proc_tbl_00834,2,1,1,false
2318,dlk_tbl_01082,2,1,1,false
2319,dlk_tbl_02054,2,0,2,true
2320,dlk_tbl_00104,2,1,1,false
2321,m4sco_tbl_02162,2,1,1,false
2322,gob_tbl_02561,2,1,1,false
2323,dlk_tbl_02413,2,1,1,false
2324,gob_tbl_00042,2,1,1,false
2325,m4vw_tbl_00717,2,1,1,false
2326,gob_tbl_01831,2,1,1,false
2327,dlk_tbl_00532,2,1,1,false
2328,proc_tbl_00499,2,1,1,false
2329,gob_ext_00186,2,2,0,false
2330,gob_tbl_02146,2,1,1,false
2331,gob_tbl_03281,2,1,1,false
2332,proc_tbl_00289,2,1,1,false
2333,dlk_tbl_00596,2,1,1,false
2334,ppn_tbl_02866,2,1,1,false
2335,proc_tbl_00810,2,1,1,false
2336,dlk_tbl_02581,2,1,1,false
2337,gob_tbl_01699,2,1,1,false
2338,gob_tbl_00037,2,1,1,false
2339,dlk_tbl_02234,2,1,1,false
2340,proc_tbl_01069,2,1,1,false
2341,dlk_tbl_01452,2,1,1,false
2342,dlk_tbl_00773,2,1,1,false
2343,dash_tbl_00710,2,1,1,false
2344,dlk_tbl_02678,2,1,1,false
2345,proc_tbl_00318,2,1,1,false
2346,gob_tbl_00274,2,1,1,false
2347,dlk_tbl_02166,2,1,1,false
2348,std_tbl_00890,2,1,1,false
2349,dash_tbl_00909,2,1,1,false
2350,gob_tbl_00062,2,1,1,false
2351,gob_tbl_02349,2,1,1,false
2352,dlk_tbl_00339,2,1,1,false
2353,gob_tbl_02282,2,1,1,false
2354,dlk_tbl_03274,2,1,1,false
2355,gob_tbl_02737,2,1,1,false
2356,proc_tbl_00097,2,1,1,false
2357,dash_tbl_01879,2,1,1,false
2358,dlk_tbl_01999,2,1,1,false
2359,gob_tbl_01663,2,1,1,false
2360,dlk_tbl_00533,2,1,1,false
2361,dlk_ext_00351,2,2,0,false
2362,dlk_tbl_02335,2,1,1,false
2363,proc_tbl_01363,2,1,1,false
2364,gob_ext_00178,2,2,0,false
2365,gob_tbl_00292,2,1,1,false
2366,dlk_tbl_03153,2,1,1,false
2367,dlk_tbl_00882,2,1,1,false
2368,gob_tbl_01808,2,1,1,false
2369,proc_tbl_02239,2,1,1,false
2370,dash_ext_00088,2,2,0,false
2371,dash_tbl_01016,2,1,1,false
2372,dlk_tbl_00088,2,1,1,false
2373,proc_ext_00482,2,2,0,false
2374,gob_tbl_00369,2,1,1,false
2375,gob_tbl_00683,2,1,1,false
2376,gob_tbl_02502,2,1,1,false
2377,dash_tbl_01372,2,1,1,false
2378,m4sco_tbl_01633,2,1,1,false
2379,proc_tbl_00913,2,1,1,false
2380,dlk_tbl_00686,2,1,1,false
2381,gob_tbl_02724,2,1,1,false
2382,gob_tbl_02772,2,1,1,false
2383,proc_tbl_00566,2,1,1,false
2384,dlk_ext_00287,2,2,0,false
2385,gob_tbl_00095,2,1,1,false
2386,gob_tbl_00168,2,1,1,false
2387,m4vw_tbl_00157,2,1,1,false
2388,gob_tbl_00733,2,1,1,false
2389,dlk_tbl_02992,2,1,1,false
2390,dlk_tbl_02112,2,1,1,false
2391,gob_tbl_01172,2,1,1,false
2392,gob_tbl_01430,2,1,1,false
2393,dlk_tbl_01911,2,1,1,false
2394,std_tbl_01097,2,1,1,false
2395,gob_tbl_02268,2,1,1,false
2396,dlk_tbl_01566,2,1,1,false
2397,dlk_tbl_02914,2,1,1,false
2398,proc_tbl_02884,2,1,1,false
2399,gob_tbl_00903,2,1,1,false
2400,gob_tbl_01126,2,1,1,false
2401,ppn_tbl_02394,2,1,1,false
2402,dlk_tbl_00495,2,1,1,false
2403,dash_tbl_01175,2,1,1,false
2404,dlk_tbl_01547,2,1,1,false
2405,proc_tbl_02522,2,1,1,false
2406,proc_tbl_02583,2,1,1,false
2407,ppn_tbl_01135,2,1,1,false
2408,dlk_tbl_00633,2,1,1,false
2409,proc_tbl_03125,2,1,1,false
2410,dlk_tbl_01295,2,1,1,false
2411,gob_tbl_03259,2,1,1,false
2412,dlk_tbl_00916,2,1,1,false
2413,proc_tbl_01273,2,1,1,false
2414,gob_tbl_01525,2,0,2,true
2415,proc_tbl_02151,2,1,1,false
2416,gob_tbl_00141,2,1,1,false
2417,gob_tbl_02300,2,1,1,false
2418,proc_tbl_01045,2,1,1,false
2419,dlk_tbl_00799,2,1,1,false
2420,ppn_tbl_01929,2,1,1,false
2421,std_tbl_00541,2,1,1,false
2422,proc_tbl_01473,2,1,1,false
2423,dlk_tbl_01037,2,1,1,false
2424,dlk_tbl_03244,2,1,1,false
2425,dlk_tbl_02193,2,1,1,false
2426,dlk_tbl_02388,2,1,1,false
2427,gob_tbl_03279,2,1,1,false
2428,gob_tbl_00420,2,1,1,false
2429,proc_tbl_03271,2,1,1,false
2430,proc_tbl_00219,2,1,1,false
2431,dlk_tbl_01217,2,1,1,false
2432,proc_tbl_02618,2,1,1,false
2433,dlk_tbl_02338,2,1,1,false
2434,gob_tbl_01810,2,1,1,false
2435,gob_tbl_02452,2,1,1,false
2436,gob_tbl_01928,2,1,1,false
2437,gob_tbl_03129,2,1,1,false
2438,gob_tbl_02766,2,1,1,false
2439,dlk_tbl_01033,2,1,1,false
2440,dlk_ext_00527,2,2,0,false
2441,dlk_tbl_02376,2,1,1,false
2442,gob_tbl_02846,2,1,1,false
2443,proc_tbl_02395,2,1,1,false
2444,std_tbl_02644,2,1,1,false
2445,proc_tbl_00204,2,1,1,false
2446,dlk_ext_00255,2,2,0,false
2447,gob_tbl_01615,2,1,1,false
2448,dlk_tbl_03180,2,1,1,false
2449,gob_tbl_01608,2,1,1,false
2450,dash_tbl_01793,2,1,1,false
2451,ppn_tbl_00632,2,1,1,false
2452,dash_tbl_00520,2,1,1,false
2453,dlk_tbl_00835,2,1,1,false
2454,proc_tbl_03255,2,1,1,false
2455,gob_ext_00300,2,2,0,false
2456,dlk_tbl_02326,2,1,1,false
2457,dlk_tbl_02363,2,1,1,false
2458,gob_tbl_00405,2,1,1,false
2459,dlk_tbl_00936,2,1,1,false
2460,proc_tbl_01811,2,1,1,false
2461,gob_tbl_00081,2,1,1,false
2462,proc_tbl_02390,2,1,1,false
2463,gob_tbl_02621,2,1,1,false
2464,dash_tbl_02324,2,1,1,false
2465,dlk_tbl_01857,2,1,1,false
2466,proc_tbl_01833,2,1,1,false
2467,gob_tbl_01795,2,1,1,false
2468,gob_tbl_03247,2,1,1,false
2469,proc_tbl_03117,2,1,1,false
2470,std_tbl_03104,2,1,1,false
2471,dlk_tbl_01017,2,1,1,false
2472,gob_tbl_01523,2,1,1,false
2473,proc_tbl_03073,2,1,1,false
2474,gob_tbl_00361,2,1,1,false
2475,proc_tbl_02492,2,1,1,false
2476,gob_tbl_00900,2,1,1,false
2477,gob_tbl_00038,2,1,1,false
2478,gob_tbl_02552,2,1,1,false
2479,gob_tbl_02186,2,1,1,false
2480,m4sco_tbl_01961,2,1,1,false
2481,proc_tbl_02198,2,1,1,false
2482,dlk_ext_00361,2,2,0,false
2483,dlk_tbl_00018,2,1,1,false
2484,gob_tbl_02308,2,1,1,false
2485,dlk_tbl_00301,2,1,1,false
2486,dash_tbl_00267,2,1,1,false
2487,proc_tbl_03150,2,1,1,false
2488,gob_tbl_02495,2,1,1,false
2489,dlk_tbl_01688,2,1,1,false
2490,dash_tbl_00581,2,1,1,false
2491,dlk_tbl_01954,2,1,1,false
2492,gob_tbl_01934,2,1,1,false
2493,dlk_tbl_01512,2,1,1,false
2494,dlk_tbl_01632,2,1,1,false
2495,proc_tbl_03063,2,1,1,false
2496,dlk_tbl_01383,2,1,1,false
2497,gob_tbl_01120,2,1,1,false
2498,dlk_tbl_01157,2,1,1,false
2499,dlk_tbl_00563,2,1,1,false
2500,gob_tbl_01803,2,1,1,false
2501,dlk_tbl_02222,2,1,1,false
2502,gob_tbl_00648,2,1,1,false
2503,proc_tbl_02835,2,1,1,false
2504,gob_tbl_02375,2,1,1,false
2505,dlk_tbl_01598,2,1,1,false
2506,std_tbl_01914,2,1,1,false
2507,dlk_tbl_02379,2,1,1,false
2508,gob_tbl_02717,2,1,1,false
2509,gob_tbl_00424,2,1,1,false
2510,gob_tbl_02120,2,1,1,false
2511,gob_tbl_02154,2,1,1,false
2512,gob_tbl_00248,1,0,1,false
2513,dlk_tbl_01790,1,0,1,false
2514,gob_tbl_01453,1,0,1,false
2515,gob_tbl_01434,1,0,1,false
2516,gob_tbl_01436,1,0,1,false
2517,proc_tbl_02723,1,0,1,false
2518,gob_tbl_02727,1,0,1,false
2519,dlk_tbl_01104,1,0,1,false
2520,gob_tbl_02348,1,0,1,false
2521,dash_tbl_02858,1,0,1,false
2522,dash_tbl_01044,1,0,1,false
2523,proc_tbl_00867,1,0,1,false
2524,gob_tbl_03020,1,0,1,false
2525,dlk_tbl_00080,1,0,1,false
2526,dlk_tbl_00509,1,0,1,false
2527,gob_tbl_00072,1,0,1,false
2528,gob_tbl_00970,1,0,1,false
2529,gob_tbl_01393,1,0,1,false
2530,dlk_tbl_01243,1,0,1,false
2531,gob_tbl_00231,1,0,1,false
2532,gob_tbl_00373,1,0,1,false
2533,gob_tbl_01411,1,0,1,false
2534,proc_tbl_02823,1,0,1,false
2535,gob_tbl_00647,1,0,1,false
2536,dlk_tbl_00335,1,0,1,false
2537,proc_tbl_02464,1,0,1,false
2538,gob_tbl_02743,1,0,1,false
2539,proc_tbl_02208,1,0,1,false
2540,gob_tbl_01160,1,0,1,false
2541,dlk_tbl_02131,1,0,1,false
2542,proc_tbl_00442,1,0,1,false
2543,dash_ext_00581,1,1,0,false
2544,dlk_tbl_00966,1,0,1,false
2545,gob_tbl_02738,1,0,1,false
2546,dlk_tbl_00075,1,0,1,false
2547,proc_tbl_01289,1,0,1,false
2548,dlk_tbl_02606,1,0,1,false
2549,ppn_tbl_01724,1,0,1,false
2550,gob_tbl_00196,1,0,1,false
2551,gob_tbl_02530,1,0,1,false
2552,std_tbl_02782,1,0,1,false
2553,dlk_tbl_01988,1,0,1,false
2554,gob_tbl_01090,1,0,1,false
2555,proc_tbl_00395,1,0,1,false
2556,dlk_tbl_01671,1,0,1,false
2557,proc_tbl_03201,1,0,1,false
2558,dlk_tbl_02578,1,0,1,false
2559,proc_tbl_02550,1,0,1,false
2560,dlk_tbl_02667,1,0,1,false
2561,gob_tbl_02817,1,0,1,false
2562,dash_tbl_00526,1,0,1,false
2563,dlk_tbl_00667,1,0,1,false
2564,dash_tbl_02382,1,0,1,false
2565,gob_tbl_01767,1,0,1,false
2566,gob_tbl_00386,1,0,1,false
2567,dlk_tbl_03276,1,0,1,false
2568,dlk_tbl_00218,1,0,1,false
2569,gob_tbl_02149,1,0,1,false
2570,proc_tbl_01894,1,0,1,false
2571,gob_tbl_00430,1,0,1,false
2572,dlk_tbl_00259,1,0,1,false
2573,m4vw_tbl_03080,1,0,1,false
2574,dlk_tbl_01924,1,0,1,false
2575,gob_tbl_01267,1,0,1,false
2576,proc_tbl_01108,1,0,1,false
2577,dlk_tbl_01979,1,0,1,false
2578,proc_tbl_00362,1,0,1,false
2579,gob_tbl_00546,1,0,1,false
2580,dlk_tbl_03245,1,0,1,false
2581,gob_tbl_02741,1,0,1,false
2582,dlk_tbl_02917,1,0,1,false
2583,gob_ext_00341,1,1,0,false
2584,dlk_tbl_01855,1,0,1,false
2585,dash_tbl_01261,1,0,1,false
2586,gob_ext_00470,1,1,0,false
2587,gob_tbl_02594,1,0,1,false
2588,dlk_tbl_02755,1,0,1,false
2589,ppn_tbl_02404,1,0,1,false
2590,gob_tbl_02109,1,0,1,false
2591,dash_tbl_01209,1,0,1,false
2592,gob_tbl_02371,1,0,1,false
2593,proc_tbl_02595,1,0,1,false
2594,proc_tbl_01915,1,0,1,false
2595,gob_tbl_00946,1,0,1,false
2596,dlk_tbl_00630,1,0,1,false
2597,dlk_tbl_02812,1,0,1,false
2598,dlk_tbl_02322,1,0,1,false
2599,dlk_tbl_01105,1,0,1,false
2600,dlk_tbl_00220,1,0,1,false
2601,dash_tbl_02171,1,0,1,false
2602,dlk_tbl_01684,1,0,1,false
2603,gob_tbl_01256,1,0,1,false
2604,dlk_tbl_03175,1,0,1,false
2605,dlk_tbl_00470,1,0,1,false
2606,gob_tbl_01110,1,0,1,false
2607,gob_tbl_00736,1,0,1,false
2608,dlk_tbl_00704,1,0,1,false
2609,dlk_tbl_00113,1,0,1,false
2610,gob_tbl_00822,1,0,1,false
2611,dlk_tbl_00228,1,0,1,false
2612,gob_tbl_00349,1,0,1,false
2613,dlk_tbl_00659,1,0,1,false
2614,proc_tbl_02912,1,0,1,false
2615,proc_tbl_00739,1,0,1,false
2616,proc_tbl_01384,1,0,1,false
2617,dlk_tbl_00569,1,0,1,false
2618,proc_tbl_01398,1,0,1,false
2619,proc_tbl_01402,1,0,1,false
2620,dash_tbl_01969,1,0,1,false
2621,dlk_tbl_00662,1,0,1,false
2622,gob_tbl_00284,1,0,1,false
2623,gob_tbl_03196,1,0,1,false
2624,dash_tbl_03186,1,0,1,false
2625,proc_tbl_02077,1,0,1,false
2626,gob_tbl_01887,1,0,1,false
2627,dlk_tbl_03030,1,0,1,false
2628,dlk_tbl_00054,1,0,1,false
2629,gob_tbl_02875,1,0,1,false
2630,dlk_ext_00058,1,1,0,false
2631,proc_tbl_00868,1,0,1,false
2632,gob_tbl_01182,1,0,1,false
2633,m4sco_tbl_02088,1,0,1,false
2634,gob_tbl_02517,1,0,1,false
2635,dlk_tbl_02433,1,0,1,false
2636,dlk_tbl_00048,1,0,1,false
2637,proc_tbl_02408,1,0,1,false
2638,proc_tbl_02499,1,0,1,false
2639,dash_tbl_00858,1,0,1,false
2640,dlk_tbl_00939,1,0,1,false
2641,dlk_ext_00229,1,1,0,false
2642,gob_tbl_03130,1,0,1,false
2643,gob_tbl_00488,1,0,1,false
2644,dlk_tbl_02824,1,0,1,false
2645,dlk_tbl_00841,1,0,1,false
2646,proc_tbl_02157,1,0,1,false
2647,dlk_tbl_00912,1,0,1,false
2648,dlk_tbl_00177,1,0,1,false
2649,gob_tbl_03198,1,0,1,false
2650,dlk_tbl_02719,1,0,1,false
2651,dlk_tbl_01282,1,0,1,false
2652,dlk_tbl_03000,1,0,1,false
2653,gob_tbl_03074,1,0,1,false
2654,gob_tbl_00348,1,0,1,false
2655,gob_tbl_02041,1,0,1,false
2656,m4vw_tbl_03262,1,0,1,false
2657,m4sco_tbl_01583,1,0,1,false
2658,proc_tbl_02291,1,0,1,false
2659,proc_tbl_01445,1,0,1,false
2660,gob_tbl_01822,1,0,1,false
2661,gob_tbl_02177,1,0,1,false
2662,gob_tbl_01847,1,0,1,false
2663,gob_tbl_01557,1,0,1,false
2664,gob_tbl_01760,1,0,1,false
2665,gob_tbl_00001,1,0,1,false
2666,dlk_tbl_00885,1,0,1,false
2667,dlk_tbl_00741,1,0,1,false
2668,gob_tbl_00322,1,0,1,false
2669,gob_tbl_01903,1,0,1,false
2670,dlk_tbl_02988,1,0,1,false
2671,dlk_tbl_02671,1,0,1,false
2672,proc_tbl_03191,1,0,1,false
2673,dlk_tbl_02310,1,0,1,false
2674,gob_tbl_00747,1,0,1,false
2675,dash_tbl_02356,1,0,1,false
2676,dlk_tbl_01389,1,0,1,false
2677,ppn_tbl_00814,1,0,1,false
2678,dlk_tbl_01679,1,0,1,false
2679,gob_tbl_02856,1,0,1,false
2680,proc_tbl_00012,1,0,1,false
2681,gob_tbl_01974,1,0,1,false
2682,m4vw_tbl_00066,1,0,1,false
2683,gob_tbl_03144,1,0,1,false
2684,dash_tbl_01147,1,0,1,false
2685,dlk_tbl_02538,1,0,1,false
2686,dlk_tbl_00696,1,0,1,false
2687,dash_tbl_02442,1,0,1,false
2688,gob_tbl_02058,1,0,1,false
2689,dlk_tbl_00781,1,0,1,false
2690,gob_tbl_02631,1,0,1,false
2691,dlk_tbl_00232,1,0,1,false
2692,dlk_tbl_02459,1,0,1,false
2693,gob_tbl_01995,1,0,1,false
2694,dash_tbl_02587,1,0,1,false
2695,dlk_tbl_00291,1,0,1,false
2696,proc_tbl_02237,1,0,1,false
2697,gob_tbl_01589,1,0,1,false
2698,dash_tbl_00636,1,0,1,false
2699,gob_ext_00608,1,1,0,false
2700,dlk_tbl_00127,1,0,1,false
2701,proc_tbl_00635,1,0,1,false
2702,proc_tbl_02692,1,0,1,false
2703,gob_tbl_01585,1,0,1,false
2704,dlk_tbl_00240,1,0,1,false
2705,dlk_tbl_01621,1,0,1,false
2706,proc_tbl_02963,1,0,1,false
2707,gob_tbl_01571,1,0,1,false
2708,std_tbl_01639,1,0,1,false
2709,dash_tbl_02450,1,0,1,false
2710,dlk_tbl_03253,1,0,1,false
2711,dlk_tbl_00009,1,0,1,false
2712,gob_tbl_03232,1,0,1,false
2713,dlk_tbl_02710,1,0,1,false
2714,gob_tbl_00551,1,0,1,false
2715,gob_tbl_01535,1,0,1,false
2716,gob_tbl_00480,1,0,1,false
2717,gob_tbl_01641,1,0,1,false
2718,gob_tbl_02133,1,0,1,false
2719,dlk_tbl_03064,1,0,1,false
2720,dlk_tbl_02257,1,0,1,false
2721,dlk_tbl_00617,1,0,1,false
2722,dlk_tbl_02200,1,0,1,false
2723,ppn_tbl_01851,1,0,1,false
2724,proc_tbl_00821,1,0,1,false
2725,std_tbl_01106,1,0,1,false
2726,dlk_tbl_02906,1,0,1,false
2727,gob_tbl_00701,1,0,1,false
2728,gob_tbl_03025,1,0,1,false
2729,gob_tbl_01130,1,0,1,false
2730,dlk_tbl_00029,1,0,1,false
2731,gob_tbl_02343,1,0,1,false
2732,dlk_tbl_00207,1,0,1,false
2733,gob_tbl_01240,1,0,1,false
2734,dlk_tbl_01245,1,0,1,false
2735,proc_tbl_00444,1,0,1,false
2736,proc_tbl_02143,1,0,1,false
2737,gob_tbl_01382,1,0,1,false
2738,dlk_tbl_00154,1,0,1,false
2739,proc_tbl_01468,1,0,1,false
2740,gob_tbl_00964,1,0,1,false
2741,gob_tbl_00610,1,0,1,false
2742,gob_tbl_00417,1,0,1,false
2743,gob_tbl_02347,1,0,1,false
2744,gob_tbl_00720,1,0,1,false
2745,dlk_tbl_02985,1,0,1,false
2746,dlk_tbl_01207,1,0,1,false
2747,gob_tbl_01550,1,0,1,false
2748,dlk_tbl_00205,1,0,1,false
2749,dlk_tbl_03246,1,0,1,false
2750,gob_tbl_01662,1,0,1,false
2751,gob_tbl_01223,1,0,1,false
2752,gob_tbl_00087,1,0,1,false
2753,gob_tbl_01864,1,0,1,false
2754,dash_tbl_01208,1,0,1,false
2755,proc_tbl_01302,1,0,1,false
2756,gob_tbl_01978,1,0,1,false
2757,dlk_tbl_00812,1,0,1,false
2758,gob_tbl_01121,1,0,1,false
2759,proc_tbl_02997,1,0,1,false
2760,dlk_tbl_01007,1,0,1,false
2761,dlk_ext_00017,1,1,0,false
2762,gob_tbl_01272,1,0,1,false
2763,gob_tbl_01023,1,0,1,false
2764,gob_tbl_00933,1,0,1,false
2765,gob_ext_00508,1,1,0,false
2766,gob_tbl_02740,1,0,1,false
2767,gob_ext_00478,1,1,0,false
2768,std_tbl_01736,1,0,1,false
2769,std_tbl_00521,1,0,1,false
2770,gob_tbl_00927,1,0,1,false
2771,proc_tbl_02494,1,0,1,false
2772,gob_tbl_00060,1,0,1,false
2773,gob_tbl_00512,1,0,1,false
2774,dlk_tbl_02230,1,0,1,false
2775,gob_tbl_01746,1,0,1,false
2776,gob_tbl_02768,1,0,1,false
2777,dlk_tbl_01945,1,0,1,false
2778,dlk_tbl_01731,1,0,1,false
2779,m4vw_tbl_00668,1,0,1,false
2780,gob_tbl_00487,1,0,1,false
2781,dlk_tbl_02551,1,0,1,false
2782,dlk_ext_00402,1,1,0,false
2783,gob_tbl_00375,1,0,1,false
2784,proc_tbl_00010,1,0,1,false
2785,dlk_tbl_02535,1,0,1,false
2786,dlk_tbl_00273,1,0,1,false
2787,dlk_tbl_01587,1,0,1,false
2788,dlk_tbl_02053,1,0,1,false
2789,gob_tbl_01288,1,0,1,false
2790,dlk_tbl_02984,1,0,1,false
2791,proc_tbl_02548,1,0,1,false
2792,dlk_tbl_01181,1,0,1,false
2793,dlk_tbl_03155,1,0,1,false
2794,gob_tbl_02597,1,0,1,false
2795,std_tbl_00396,1,0,1,false
2796,dlk_tbl_02022,1,0,1,false
2797,dlk_tbl_01291,1,0,1,false
2798,dlk_tbl_02687,1,0,1,false
2799,gob_tbl_01185,1,0,1,false
2800,gob_tbl_03036,1,0,1,false
2801,dash_tbl_02455,1,0,1,false
2802,proc_tbl_02893,1,0,1,false
2803,gob_tbl_03204,1,0,1,false
2804,dlk_tbl_01623,1,0,1,false
2805,gob_tbl_01239,1,0,1,false
2806,gob_tbl_02089,1,0,1,false
2807,dlk_tbl_01773,1,0,1,false
2808,dlk_ext_00328,1,1,0,false
2809,dlk_tbl_01765,1,0,1,false
2810,dash_tbl_02260,1,0,1,false
2811,m4vw_tbl_01385,1,0,1,false
2812,gob_tbl_03200,1,0,1,false
2813,m4vw_ext_00249,1,1,0,false
2814,gob_tbl_01113,1,0,1,false
2815,gob_tbl_01530,1,0,1,false
2816,gob_tbl_01334,1,0,1,false
2817,dash_tbl_01735,1,0,1,false
2818,dlk_tbl_03055,1,0,1,false
2819,dlk_tbl_01775,1,0,1,false
2820,dash_tbl_01839,1,0,1,false
2821,dlk_tbl_01183,1,0,1,false
2822,proc_tbl_00116,1,0,1,false
2823,gob_ext_00622,1,1,0,false
2824,std_tbl_01883,1,0,1,false
2825,dlk_tbl_03157,1,0,1,false
2826,dlk_tbl_01986,1,0,1,false
2827,proc_ext_00075,1,1,0,false
2828,proc_tbl_00895,1,0,1,false
2829,dlk_tbl_02446,1,0,1,false
2830,gob_tbl_02353,1,0,1,false
2831,gob_tbl_00264,1,0,1,false
2832,gob_tbl_00628,1,0,1,false
2833,proc_tbl_01627,1,0,1,false
2834,gob_ext_00567,1,1,0,false
2835,gob_tbl_02334,1,0,1,false
2836,dlk_tbl_01305,1,0,1,false
2837,gob_tbl_02197,1,0,1,false
2838,proc_tbl_03269,1,0,1,false
2839,proc_tbl_00459,1,0,1,false
2840,gob_tbl_02886,1,0,1,false
2841,dlk_tbl_00412,1,0,1,false
2842,dlk_tbl_00345,1,0,1,false
2843,dlk_tbl_01993,1,0,1,false
2844,gob_tbl_01737,1,0,1,false
2845,dlk_tbl_02429,1,0,1,false
2846,dlk_tbl_02781,1,0,1,false
2847,gob_tbl_00951,1,0,1,false
2848,dlk_tbl_00121,1,0,1,false
2849,dlk_tbl_01397,1,0,1,false
2850,dash_tbl_00108,1,0,1,false
2851,dlk_tbl_01980,1,0,1,false
2852,proc_tbl_02341,1,0,1,false
2853,dlk_tbl_00957,1,0,1,false
2854,gob_tbl_02233,1,0,1,false
2855,proc_ext_00089,1,1,0,false
2856,dash_tbl_00502,1,0,1,false
2857,std_tbl_01697,1,0,1,false
2858,dlk_tbl_00638,1,0,1,false
2859,proc_tbl_00491,1,0,1,false
2860,proc_tbl_00685,1,0,1,false
2861,dash_tbl_00334,1,0,1,false
2862,dlk_tbl_02615,1,0,1,false
2863,gob_tbl_01488,1,0,1,false
2864,gob_tbl_01813,1,0,1,false
2865,proc_tbl_01466,1,0,1,false
2866,dlk_tbl_01889,1,0,1,false
2867,gob_tbl_02078,1,0,1,false
2868,ppn_tbl_01875,1,0,1,false
2869,dash_tbl_01863,1,0,1,false
2870,dlk_tbl_01966,1,0,1,false
2871,gob_tbl_02904,1,0,1,false
2872,m4vw_tbl_02029,1,0,1,false
2873,proc_tbl_01678,1,0,1,false
2874,dlk_tbl_00368,1,0,1,false
2875,gob_tbl_00797,1,0,1,false
2876,dlk_tbl_00613,1,0,1,false
2877,proc_tbl_02749,1,0,1,false
2878,dlk_tbl_01905,1,0,1,false
2879,dlk_tbl_01197,1,0,1,false
2880,dash_tbl_00893,1,0,1,false
2881,gob_tbl_02039,1,0,1,false
2882,gob_tbl_00856,1,0,1,false
2883,gob_tbl_03164,1,0,1,false
2884,dlk_tbl_00538,1,0,1,false
2885,dlk_tbl_01962,1,0,1,false
2886,dlk_tbl_00825,1,0,1,false
2887,std_tbl_02418,1,0,1,false
2888,m4sco_ext_00211,1,1,0,false
2889,gob_tbl_00524,1,0,1,false
2890,dlk_tbl_01009,1,0,1,false
2891,gob_tbl_02313,1,0,1,false
2892,dlk_ext_00520,1,1,0,false
2893,gob_ext_00596,1,1,0,false
2894,gob_tbl_01551,1,0,1,false
2895,gob_tbl_01846,1,0,1,false
2896,gob_tbl_00129,1,0,1,false
2897,m4sco_tbl_01781,1,0,1,false
2898,dash_tbl_00017,1,0,1,false
2899,gob_tbl_02603,1,0,1,false
2900,gob_tbl_02871,1,0,1,false
2901,dlk_tbl_03027,1,0,1,false
2902,gob_tbl_02472,1,0,1,false
2903,gob_tbl_00968,1,0,1,false
2904,proc_tbl_00359,1,0,1,false
2905,dlk_tbl_01854,1,0,1,false
2906,gob_tbl_00482,1,0,1,false
2907,std_ext_00372,1,1,0,false
2908,dlk_ext_00096,1,1,0,false
2909,dlk_tbl_01465,1,0,1,false
2910,proc_tbl_00199,1,0,1,false
2911,gob_tbl_00990,1,0,1,false
2912,dlk_tbl_01084,1,0,1,false
2913,gob_ext_00003,1,1,0,false
2914,proc_tbl_01060,1,0,1,false
2915,proc_tbl_02364,1,0,1,false
2916,gob_tbl_00849,1,0,1,false
2917,dlk_tbl_01444,1,0,1,false
2918,dlk_tbl_01925,1,0,1,false
2919,std_tbl_02111,1,0,1,false
2920,gob_tbl_00671,1,0,1,false
2921,proc_tbl_00505,1,0,1,false
2922,dash_ext_00426,1,1,0,false
2923,proc_tbl_01972,1,0,1,false
2924,dlk_ext_00142,1,1,0,false
2925,proc_tbl_01202,1,0,1,false
2926,gob_tbl_02806,1,0,1,false
2927,ppn_tbl_01127,1,0,1,false
2928,dash_tbl_03220,1,0,1,false
2929,gob_tbl_00409,1,0,1,false
2930,proc_tbl_02610,1,0,1,false
2931,dlk_tbl_02254,1,0,1,false
2932,gob_tbl_03068,1,0,1,false
2933,dlk_tbl_01170,1,0,1,false
2934,dlk_ext_00033,1,1,0,false
2935,dlk_tbl_01407,1,0,1,false
2936,dlk_tbl_00057,1,0,1,false
2937,dlk_tbl_00188,1,0,1,false
2938,gob_tbl_02140,1,0,1,false
2939,dlk_tbl_00006,1,0,1,false
2940,gob_tbl_02359,1,0,1,false
2941,dlk_tbl_02509,1,0,1,false
2942,proc_tbl_00926,1,0,1,false
2943,gob_tbl_03013,1,0,1,false
2944,proc_tbl_01782,1,0,1,false
2945,gob_ext_00291,1,1,0,false
2946,gob_ext_00024,1,1,0,false
2947,proc_tbl_00637,1,0,1,false
2948,dlk_tbl_01086,1,0,1,false
2949,dlk_tbl_02115,1,0,1,false
2950,dash_tbl_02649,1,0,1,false
2951,gob_tbl_03189,1,0,1,false
2952,gob_tbl_00788,1,0,1,false
2953,dlk_tbl_02443,1,0,1,false
2954,proc_tbl_01059,1,0,1,false
2955,dlk_tbl_00743,1,0,1,false
2956,gob_tbl_03118,1,0,1,false
2957,proc_tbl_01219,1,0,1,false
2958,dlk_tbl_00985,1,0,1,false
2959,ppn_ext_00032,1,1,0,false
2960,dlk_tbl_01168,1,0,1,false
2961,gob_tbl_02323,1,0,1,false
2962,dlk_tbl_00588,1,0,1,false
2963,dlk_tbl_02619,1,0,1,false
2964,gob_tbl_02921,1,0,1,false
2965,gob_ext_00540,1,1,0,false
2966,gob_tbl_02918,1,0,1,false
2967,dash_tbl_00553,1,0,1,false
2968,dlk_tbl_00015,1,0,1,false
2969,gob_tbl_01989,1,0,1,false
2970,gob_tbl_01458,1,0,1,false
2971,std_tbl_00253,1,0,1,false
2972,proc_tbl_03096,1,0,1,false
2973,dash_tbl_02288,1,0,1,false
2974,gob_tbl_01526,1,0,1,false
2975,gob_tbl_00836,1,0,1,false
2976,dlk_tbl_01738,1,0,1,false
2977,gob_tbl_00699,1,0,1,false
2978,dash_tbl_00084,1,0,1,false
2979,gob_tbl_01753,1,0,1,false
2980,gob_tbl_02837,1,0,1,false
2981,proc_tbl_00296,1,0,1,false
2982,gob_tbl_01349,1,0,1,false
2983,gob_tbl_02527,1,0,1,false
2984,dash_tbl_03135,1,0,1,false
2985,gob_tbl_02170,1,0,1,false
2986,dlk_tbl_01064,1,0,1,false
2987,gob_tbl_00645,1,0,1,false
2988,gob_ext_00400,1,1,0,false
2989,proc_tbl_00513,1,0,1,false
2990,gob_tbl_02485,1,0,1,false
2991,dlk_tbl_01230,1,0,1,false
2992,dlk_tbl_00680,1,0,1,false
2993,dlk_tbl_00286,1,0,1,false
2994,dlk_tbl_01844,1,0,1,false
2995,gob_tbl_02025,1,0,1,false
2996,dash_tbl_02901,1,0,1,false
2997,proc_tbl_01745,1,0,1,false
2998,proc_tbl_01128,1,0,1,false
2999,gob_tbl_01564,1,0,1,false
3000,gob_tbl_03126,1,0,1,false
3001,dlk_tbl_01537,1,0,1,false
3002,proc_tbl_00020,1,0,1,false
3003,gob_tbl_01030,1,0,1,false
3004,dlk_tbl_02399,1,0,1,false
3005,dlk_tbl_03110,1,0,1,false
3006,gob_tbl_00099,1,0,1,false
3007,proc_tbl_00971,1,0,1,false
3008,dash_tbl_00332,1,0,1,false
3009,gob_tbl_02801,1,0,1,false
3010,gob_tbl_00003,1,0,1,false
3011,dlk_tbl_01053,1,0,1,false
3012,dlk_tbl_01387,1,0,1,false
3013,gob_tbl_02085,1,0,1,false
3014,dlk_tbl_00837,1,0,1,false
3015,gob_tbl_00036,1,0,1,false
3016,gob_tbl_02001,1,0,1,false
3017,dlk_tbl_02013,1,0,1,false
3018,dlk_tbl_00570,1,0,1,false
3019,proc_tbl_01766,1,0,1,false
3020,dlk_tbl_01744,1,0,1,false
3021,dlk_tbl_01521,1,0,1,false
3022,proc_tbl_00592,1,0,1,false
3023,gob_tbl_00115,1,0,1,false
3024,gob_tbl_03032,1,0,1,false
3025,gob_tbl_01624,1,0,1,false
3026,proc_tbl_02599,1,0,1,false
3027,proc_tbl_00092,1,0,1,false
3028,gob_tbl_01006,1,0,1,false
3029,dash_tbl_01500,1,0,1,false
3030,dlk_tbl_01024,1,0,1,false
3031,gob_tbl_00464,1,0,1,false
3032,dlk_tbl_02441,1,0,1,false
3033,dlk_tbl_01248,1,0,1,false
3034,gob_tbl_01540,1,0,1,false
3035,dlk_tbl_03222,1,0,1,false
3036,dash_tbl_00649,1,0,1,false
3037,proc_ext_00626,1,1,0,false
3038,dlk_ext_00502,1,1,0,false
3039,dlk_tbl_01620,1,0,1,false
3040,proc_tbl_02073,1,0,1,false
3041,gob_tbl_02951,1,0,1,false
3042,gob_tbl_01518,1,0,1,false
3043,proc_tbl_01477,1,0,1,false
3044,dlk_tbl_02209,1,0,1,false
3045,dash_tbl_03111,1,0,1,false
3046,dlk_tbl_01715,1,0,1,false
3047,gob_tbl_01665,1,0,1,false
3048,m4sco_tbl_01845,1,0,1,false
3049,proc_tbl_03086,1,0,1,false
3050,dlk_tbl_03242,1,0,1,false
3051,gob_tbl_02473,1,0,1,false
3052,gob_tbl_00004,1,0,1,false
3053,dlk_tbl_02411,1,0,1,false
3054,m4sco_ext_00554,1,1,0,false
3055,proc_tbl_01275,1,0,1,false
3056,proc_tbl_02803,1,0,1,false
3057,m4vw_tbl_01418,1,0,1,false
3058,dlk_tbl_01955,1,0,1,false
3059,dlk_tbl_03009,1,0,1,false
3060,gob_tbl_02807,1,0,1,false
3061,gob_tbl_01661,1,0,1,false
3062,gob_tbl_02392,1,0,1,false
3063,dlk_tbl_00932,1,0,1,false
3064,proc_tbl_02099,1,0,1,false
3065,dlk_tbl_02137,1,0,1,false
3066,gob_tbl_03005,1,0,1,false
3067,dlk_tbl_02238,1,0,1,false
3068,std_tbl_01922,1,0,1,false
3069,gob_tbl_00975,1,0,1,false
3070,dash_tbl_00802,1,0,1,false
3071,dash_tbl_00498,1,0,1,false
3072,proc_tbl_01789,1,0,1,false
3073,proc_tbl_02887,1,0,1,false
3074,gob_tbl_01021,1,0,1,false
3075,dash_tbl_00582,1,0,1,false
3076,dlk_tbl_00961,1,0,1,false
3077,gob_tbl_02926,1,0,1,false
3078,gob_tbl_00408,1,0,1,false
3079,gob_tbl_01791,1,0,1,false
3080,dlk_tbl_00354,1,0,1,false
3081,dlk_tbl_02640,1,0,1,false
3082,dash_tbl_02516,1,0,1,false
3083,gob_tbl_02779,1,0,1,false
3084,proc_tbl_00516,1,0,1,false
3085,dlk_tbl_00344,1,0,1,false
3086,proc_tbl_01543,1,0,1,false
3087,dlk_tbl_00421,1,0,1,false
3088,dlk_tbl_02159,1,0,1,false
3089,proc_tbl_01294,1,0,1,false
3090,gob_tbl_03238,1,0,1,false
3091,dash_tbl_02241,1,0,1,false
3092,proc_tbl_00678,1,0,1,false
3093,gob_tbl_00908,1,0,1,false
3094,proc_tbl_01231,1,0,1,false
3095,dlk_tbl_00078,1,0,1,false
3096,proc_tbl_00100,1,0,1,false
3097,dlk_tbl_02990,1,0,1,false
3098,dlk_tbl_00244,1,0,1,false
3099,proc_tbl_00061,1,0,1,false
3100,gob_tbl_02487,1,0,1,false
3101,dlk_tbl_00290,1,0,1,false
3102,gob_tbl_00000,1,0,1,false
3103,gob_tbl_02451,1,0,1,false
3104,proc_tbl_00574,1,0,1,false
3105,ppn_tbl_01356,1,0,1,false
3106,gob_tbl_02147,1,0,1,false
3107,gob_tbl_02298,1,0,1,false
3108,proc_tbl_02262,1,0,1,false
3109,gob_tbl_01812,1,0,1,false
3110,gob_tbl_01495,1,0,1,false
3111,dlk_tbl_01817,1,0,1,false
3112,gob_tbl_02820,1,0,1,false
3113,dlk_tbl_02582,1,0,1,false
3114,proc_ext_00523,1,1,0,false
3115,dash_tbl_02086,1,0,1,false
3116,proc_tbl_02697,1,0,1,false
3117,dlk_tbl_00664,1,0,1,false
3118,proc_tbl_00666,1,0,1,false
3119,dash_tbl_01949,1,0,1,false
3120,proc_tbl_00689,1,0,1,false
3121,gob_tbl_01681,1,0,1,false
3122,gob_tbl_02829,1,0,1,false
3123,dlk_tbl_01607,1,0,1,false
3124,dlk_tbl_00083,1,0,1,false
3125,proc_tbl_01479,1,0,1,false
3126,dlk_tbl_02838,1,0,1,false
3127,m4sco_tbl_00275,1,0,1,false
3128,proc_tbl_00824,1,0,1,false
3129,gob_tbl_00034,1,0,1,false
3130,gob_tbl_01034,1,0,1,false
3131,proc_tbl_00026,1,0,1,false
3132,dlk_ext_00145,1,1,0,false
3133,dlk_tbl_00748,1,0,1,false
3134,gob_ext_00030,1,1,0,false
3135,dash_tbl_00510,1,0,1,false
3136,m4vw_tbl_02351,1,0,1,false
3137,dlk_tbl_00076,1,0,1,false
3138,proc_tbl_00247,1,0,1,false
3139,gob_tbl_02148,1,0,1,false
3140,gob_tbl_01609,1,0,1,false
3141,gob_tbl_00401,1,0,1,false
3142,dlk_tbl_01265,1,0,1,false
3143,gob_tbl_00923,1,0,1,false
3144,dlk_tbl_02071,1,0,1,false
3145,dlk_tbl_01392,1,0,1,false
3146,gob_tbl_00954,1,0,1,false
3147,dlk_tbl_01427,1,0,1,false
3148,std_tbl_02132,1,0,1,false
3149,dlk_tbl_01906,1,0,1,false
3150,gob_tbl_02564,1,0,1,false
3151,proc_tbl_01235,1,0,1,false
3152,dlk_tbl_00187,1,0,1,false
3153,proc_tbl_01440,1,0,1,false
3154,gob_tbl_02683,1,0,1,false
3155,dlk_tbl_00379,1,0,1,false
3156,std_tbl_00201,1,0,1,false
3157,dash_tbl_00234,1,0,1,false
3158,dlk_tbl_00815,1,0,1,false
3159,gob_tbl_01180,1,0,1,false
3160,dlk_tbl_02174,1,0,1,false
3161,std_tbl_01348,1,0,1,false
3162,dlk_tbl_00213,1,0,1,false
3163,dash_tbl_01154,1,0,1,false
3164,dlk_tbl_02645,1,0,1,false
3165,dlk_ext_00446,1,1,0,false
3166,gob_ext_00518,1,1,0,false
3167,proc_ext_00000,1,1,0,false
3168,gob_tbl_01576,1,0,1,false
3169,gob_tbl_02739,1,0,1,false
3170,dlk_tbl_00571,1,0,1,false
3171,dlk_tbl_02788,1,0,1,false
3172,gob_tbl_03010,1,0,1,false
3173,gob_tbl_00119,1,0,1,false
3174,dlk_tbl_02793,1,0,1,false
3175,gob_ext_00219,1,1,0,false
3176,gob_tbl_01967,1,0,1,false
3177,std_tbl_02158,1,0,1,false
3178,gob_tbl_02923,1,0,1,false
3179,dlk_tbl_00522,1,0,1,false
3180,gob_tbl_02584,1,0,1,false
3181,dash_tbl_02792,1,0,1,false
3182,gob_tbl_02477,1,0,1,false
3183,dlk_tbl_02401,1,0,1,false
3184,proc_tbl_02462,1,0,1,false
3185,std_tbl_01177,1,0,1,false
3186,proc_tbl_00472,1,0,1,false
3187,std_tbl_02576,1,0,1,false
3188,dlk_ext_00345,1,1,0,false
3189,gob_tbl_00661,1,0,1,false
3190,dlk_ext_00423,1,1,0,false
3191,gob_tbl_01837,1,0,1,false
3192,proc_tbl_00611,1,0,1,false
3193,dlk_tbl_03223,1,0,1,false
3194,gob_tbl_02733,1,0,1,false
3195,dlk_tbl_00984,1,0,1,false
3196,dlk_tbl_00609,1,0,1,false
3197,dlk_tbl_00272,1,0,1,false
3198,dash_tbl_02339,1,0,1,false
3199,dlk_tbl_03236,1,0,1,false
3200,gob_tbl_00673,1,0,1,false
3201,gob_tbl_01190,1,0,1,false
3202,gob_tbl_01592,1,0,1,false
3203,gob_tbl_01136,1,0,1,false
3204,gob_tbl_01638,1,0,1,false
3205,dlk_tbl_01829,1,0,1,false
3206,gob_tbl_00103,1,0,1,false
3207,proc_tbl_00691,1,0,1,false
3208,dlk_tbl_00803,1,0,1,false
3209,dlk_tbl_00646,1,0,1,false
3210,gob_tbl_01561,1,0,1,false
3211,dlk_tbl_00982,1,0,1,false
3212,dash_tbl_01594,1,0,1,false
3213,gob_tbl_00644,1,0,1,false
3214,proc_tbl_01721,1,0,1,false
3215,gob_ext_00071,1,1,0,false
3216,dlk_tbl_00216,1,0,1,false
3217,dlk_tbl_00416,1,0,1,false
3218,dash_tbl_01964,1,0,1,false
3219,dlk_tbl_01778,1,0,1,false
3220,gob_tbl_02236,1,0,1,false
3221,gob_tbl_02185,1,0,1,false
3222,dlk_tbl_01796,1,0,1,false
3223,gob_tbl_00338,1,0,1,false
3224,proc_tbl_02878,1,0,1,false
3225,proc_tbl_02633,1,0,1,false
3226,dlk_tbl_00653,1,0,1,false
3227,gob_tbl_02873,1,0,1,false
3228,dash_ext_00577,1,1,0,false
3229,dlk_ext_00586,1,1,0,false
3230,gob_tbl_02585,1,0,1,false
3231,dlk_tbl_00634,1,0,1,false
3232,dash_tbl_01520,1,0,1,false
3233,dash_tbl_00713,1,0,1,false
3234,proc_tbl_03185,1,0,1,false
3235,dlk_tbl_00091,1,0,1,false
3236,std_tbl_01630,1,0,1,false
3237,dlk_tbl_00360,1,0,1,false
3238,dlk_ext_00270,1,1,0,false
3239,m4vw_tbl_00440,1,0,1,false
3240,dash_tbl_00761,1,0,1,false
3241,gob_ext_00564,1,1,0,false
3242,gob_tbl_02925,1,0,1,false
3243,dlk_tbl_03046,1,0,1,false
3244,dlk_tbl_01982,1,0,1,false
3245,m4vw_tbl_02284,1,0,1,false
3246,dlk_tbl_03029,1,0,1,false
3247,gob_tbl_01770,1,0,1,false
3248,gob_tbl_02946,1,0,1,false
3249,dlk_tbl_00616,1,0,1,false
3250,std_tbl_00479,1,0,1,false
3251,gob_tbl_01691,1,0,1,false
3252,m4vw_tbl_02872,1,0,1,false
3253,dlk_tbl_02005,1,0,1,false
3254,dash_tbl_00598,1,0,1,false
3255,proc_tbl_00796,1,0,1,false
3256,dash_tbl_00008,1,0,1,false
3257,dlk_tbl_01975,1,0,1,false
3258,gob_tbl_02715,1,0,1,false
3259,proc_tbl_01137,1,0,1,false
3260,gob_tbl_01970,1,0,1,false
3261,gob_tbl_02827,1,0,1,false
3262,gob_tbl_02215,1,0,1,false
3263,gob_tbl_01019,1,0,1,false
3264,dlk_tbl_01310,1,0,1,false
3265,proc_tbl_01491,1,0,1,false
3266,proc_tbl_00494,1,0,1,false
3267,dlk_tbl_02059,1,0,1,false
3268,ppn_tbl_00131,1,0,1,false
3269,std_tbl_02101,1,0,1,false
3270,gob_tbl_02192,1,0,1,false
3271,gob_tbl_01421,1,0,1,false
3272,dlk_tbl_00414,1,0,1,false
3273,gob_tbl_00276,1,0,1,false
3274,proc_tbl_01004,1,0,1,false
3275,gob_ext_00354,1,1,0,false
3276,dlk_tbl_02567,1,0,1,false
3277,dlk_tbl_00709,1,0,1,false
3278,dlk_tbl_01162,1,0,1,false
3279,ppn_tbl_01287,1,0,1,false
3280,gob_tbl_00845,1,0,1,false
3281,m4sco_tbl_01842,1,0,1,false
3282,dlk_tbl_03012,1,0,1,false
3283,gob_tbl_01163,1,0,1,false
3284,dlk_ext_00369,1,1,0,false
3285,gob_tbl_01077,1,0,1,false
3286,dlk_tbl_02928,1,0,1,false
3287,dlk_tbl_02657,1,0,1,false
3288,proc_tbl_01739,1,0,1,false
3289,gob_tbl_00827,1,0,1,false
3290,dlk_tbl_00189,1,0,1,false
3291,m4vw_tbl_00942,1,0,1,false
3292,dlk_tbl_01559,1,0,1,false
3293,dlk_tbl_01496,1,0,1,false
3294,dlk_tbl_02777,1,0,1,false
3295,dlk_tbl_01780,1,0,1,false
3296,gob_tbl_01323,1,0,1,false
3297,proc_tbl_00973,1,0,1,false
3298,gob_tbl_01940,1,0,1,false
3299,dlk_ext_00569,1,1,0,false
3300,m4sco_tbl_01395,1,0,1,false
3301,proc_tbl_00772,1,0,1,false
3302,dlk_ext_00220,1,1,0,false
3303,gob_ext_00391,1,1,0,false
3304,gob_ext_00565,1,1,0,false
3305,gob_tbl_01946,1,0,1,false
3306,dlk_tbl_02126,1,0,1,false
3307,dlk_tbl_00400,1,0,1,false
3308,std_tbl_02759,1,0,1,false
3309,dlk_tbl_01539,1,0,1,false
3310,proc_tbl_03102,1,0,1,false
3311,proc_tbl_01259,1,0,1,false
3312,dlk_tbl_02255,1,0,1,false
3313,dlk_tbl_02320,1,0,1,false
3314,gob_tbl_00684,1,0,1,false
3315,gob_tbl_00823,1,0,1,false
3316,proc_tbl_00853,1,0,1,false
3317,dlk_ext_00450,1,1,0,false
3318,dash_ext_00390,1,1,0,false
3319,dash_tbl_02694,1,0,1,false
3320,dash_tbl_02344,1,0,1,false
3321,gob_tbl_00069,1,0,1,false
3322,dlk_tbl_02965,1,0,1,false
3323,std_tbl_02195,1,0,1,false
3324,dlk_tbl_00870,1,0,1,false
3325,proc_tbl_00149,1,0,1,false
3326,proc_tbl_00762,1,0,1,false
3327,dlk_tbl_02378,1,0,1,false
3328,dlk_tbl_01628,1,0,1,false
3329,std_tbl_02206,1,0,1,false
3330,dlk_tbl_02080,1,0,1,false
3331,gob_tbl_00712,1,0,1,false
3332,gob_tbl_02138,1,0,1,false
3333,m4vw_ext_00127,1,1,0,false
3334,dlk_tbl_02016,1,0,1,false
3335,dlk_tbl_03141,1,0,1,false
3336,gob_tbl_01841,1,0,1,false
3337,dlk_tbl_01401,1,0,1,false
3338,gob_tbl_01226,1,0,1,false
3339,m4sco_tbl_00910,1,0,1,false
3340,dlk_tbl_01504,1,0,1,false
3341,dlk_tbl_00468,1,0,1,false
3342,gob_tbl_01544,1,0,1,false
3343,proc_tbl_00277,1,0,1,false
3344,proc_tbl_02775,1,0,1,false
3345,dlk_tbl_01515,1,0,1,false
3346,dlk_tbl_01992,1,0,1,false
3347,gob_tbl_00183,1,0,1,false
3348,proc_tbl_02427,1,0,1,false
3349,gob_tbl_02575,1,0,1,false
3350,dlk_tbl_01304,1,0,1,false
3351,gob_tbl_00385,1,0,1,false
3352,gob_tbl_01568,1,0,1,false
3353,proc_tbl_01710,1,0,1,false
3354,m4sco_tbl_00452,1,0,1,false
3355,dlk_tbl_02037,1,0,1,false
3356,gob_tbl_00670,1,0,1,false
3357,ppn_tbl_02212,1,0,1,false
3358,proc_tbl_01890,1,0,1,false
3359,dlk_tbl_00694,1,0,1,false
3360,dlk_tbl_02396,1,0,1,false
3361,dash_tbl_00545,1,0,1,false
3362,gob_tbl_01264,1,0,1,false
3363,proc_tbl_00126,1,0,1,false
3364,gob_tbl_00025,1,0,1,false
3365,dlk_tbl_02261,1,0,1,false
3366,gob_tbl_02684,1,0,1,false
3367,dlk_tbl_00925,1,0,1,false
3368,gob_tbl_02152,1,0,1,false
3369,dlk_tbl_01236,1,0,1,false
3370,proc_tbl_03235,1,0,1,false
3371,dlk_tbl_00687,1,0,1,false
3372,proc_tbl_00007,1,0,1,false
3373,dlk_tbl_00191,1,0,1,false
3374,gob_tbl_00897,1,0,1,false
3375,dlk_tbl_02962,1,0,1,false
3376,gob_tbl_02033,1,0,1,false
3377,std_tbl_02757,1,0,1,false
3378,dlk_tbl_02577,1,0,1,false
3379,gob_tbl_01306,1,0,1,false
3380,gob_tbl_01631,1,0,1,false
3381,gob_tbl_00993,1,0,1,false
3382,dlk_tbl_00192,1,0,1,false
3383,gob_tbl_02609,1,0,1,false
3384,gob_tbl_00152,1,0,1,false
3385,gob_tbl_02175,1,0,1,false
3386,proc_tbl_02531,1,0,1,false
3387,proc_tbl_02225,1,0,1,false
3388,gob_tbl_00758,1,0,1,false
3389,gob_tbl_02081,1,0,1,false
3390,gob_tbl_00329,1,0,1,false
3391,dlk_tbl_02074,1,0,1,false
3392,dlk_tbl_01862,1,0,1,false
3393,dlk_tbl_00391,1,0,1,false
3394,gob_tbl_01152,1,0,1,false
3395,gob_tbl_02554,1,0,1,false
3396,gob_tbl_01337,1,0,1,false
3397,gob_tbl_01281,1,0,1,false
3398,gob_tbl_02708,1,0,1,false
3399,ppn_tbl_01743,1,0,1,false
3400,gob_tbl_00193,1,0,1,false
3401,dlk_tbl_01580,1,0,1,false
3402,gob_tbl_01985,1,0,1,false
3403,gob_tbl_00770,1,0,1,false
3404,gob_tbl_02421,1,0,1,false
3405,gob_ext_00063,1,1,0,false
3406,proc_tbl_00422,1,0,1,false
3407,dash_tbl_02057,1,0,1,false
3408,dlk_tbl_01428,1,0,1,false
3409,proc_tbl_00428,1,0,1,false
3410,gob_tbl_00475,1,0,1,false
3411,gob_ext_00290,1,1,0,false
3412,std_tbl_02958,1,0,1,false
3413,proc_tbl_03016,1,0,1,false
3414,dlk_tbl_02956,1,0,1,false
3415,dlk_tbl_02216,1,0,1,false
3416,proc_tbl_01213,1,0,1,false
3417,proc_tbl_00642,1,0,1,false
3418,dlk_tbl_01435,1,0,1,false
3419,gob_tbl_00455,1,0,1,false
3420,dlk_tbl_01720,1,0,1,false
3421,gob_tbl_00040,1,0,1,false
3422,gob_tbl_00224,1,0,1,false
3423,gob_tbl_00820,1,0,1,false
3424,dlk_tbl_01852,1,0,1,false
3425,gob_tbl_01214,1,0,1,false
3426,gob_tbl_02675,1,0,1,false
3427,dlk_tbl_02625,1,0,1,false
3428,dlk_tbl_02283,1,0,1,false
3429,dlk_tbl_00431,1,0,1,false
3430,gob_tbl_00715,1,0,1,false
3431,dlk_ext_00297,1,1,0,false
3432,gob_tbl_02787,1,0,1,false
3433,proc_tbl_02474,1,0,1,false
3434,gob_tbl_01685,1,0,1,false
3435,dlk_tbl_02942,1,0,1,false
3436,gob_tbl_00811,1,0,1,false
3437,gob_tbl_02791,1,0,1,false
3438,dlk_tbl_01546,1,0,1,false
3439,dlk_tbl_00746,1,0,1,false
3440,gob_tbl_01895,1,0,1,false
3441,gob_tbl_02935,1,0,1,false
3442,dlk_tbl_00489,1,0,1,false
3443,gob_tbl_00705,1,0,1,false
3444,dash_tbl_03173,1,0,1,false
3445,dlk_tbl_03105,1,0,1,false
3446,dlk_tbl_01727,1,0,1,false
3447,gob_tbl_00120,1,0,1,false
3448,std_tbl_02021,1,0,1,false
3449,gob_tbl_00268,1,0,1,false
3450,dash_tbl_01462,1,0,1,false
3451,dlk_tbl_01252,1,0,1,false
3452,m4vw_tbl_01499,1,0,1,false
3453,gob_tbl_02155,1,0,1,false
3454,dlk_tbl_02410,1,0,1,false
3455,gob_tbl_00672,1,0,1,false
3456,proc_tbl_00992,1,0,1,false
3457,ppn_tbl_01719,1,0,1,false
3458,gob_tbl_02062,1,0,1,false
3459,dlk_tbl_02006,1,0,1,false
3460,proc_tbl_02034,1,0,1,false
3461,dlk_tbl_00724,1,0,1,false
3462,dlk_tbl_00517,1,0,1,false
3463,dlk_tbl_01866,1,0,1,false
3464,dlk_tbl_00677,1,0,1,false
3465,gob_tbl_03084,1,0,1,false
3466,proc_tbl_00651,1,0,1,false
3467,gob_tbl_02051,1,0,1,false
3468,dlk_tbl_02321,1,0,1,false
3469,dlk_tbl_02098,1,0,1,false
3470,proc_tbl_01820,1,0,1,false
3471,std_tbl_02247,1,0,1,false
3472,gob_tbl_03250,1,0,1,false
3473,gob_tbl_01262,1,0,1,false
3474,dlk_tbl_01913,1,0,1,false
3475,gob_tbl_00607,1,0,1,false
3476,gob_tbl_01524,1,0,1,false
3477,dlk_tbl_01471,1,0,1,false
3478,dlk_tbl_02627,1,0,1,false
3479,gob_tbl_02542,1,0,1,false
3480,gob_tbl_01412,1,0,1,false
3481,dlk_tbl_02515,1,0,1,false
3482,dash_tbl_00880,1,0,1,false
3483,ppn_tbl_01065,1,0,1,false
3484,gob_tbl_01729,1,0,1,false
3485,dlk_tbl_02043,1,0,1,false
3486,dlk_tbl_00281,1,0,1,false
3487,dlk_tbl_00209,1,0,1,false
3488,gob_tbl_01347,1,0,1,false
3489,proc_tbl_01012,1,0,1,false
3490,dlk_tbl_00300,1,0,1,false
3491,proc_tbl_01057,1,0,1,false
3492,dash_tbl_02880,1,0,1,false
3493,m4vw_tbl_01253,1,0,1,false
3494,dlk_tbl_01786,1,0,1,false
3495,gob_tbl_00792,1,0,1,false
3496,dash_tbl_03193,1,0,1,false
3497,m4vw_tbl_01612,1,0,1,false
3498,dlk_tbl_02983,1,0,1,false
3499,gob_tbl_00471,1,0,1,false
3500,proc_tbl_00759,1,0,1,false
3501,gob_tbl_01312,1,0,1,false
3502,dlk_tbl_02674,1,0,1,false
3503,proc_ext_00046,1,1,0,false
3504,dlk_tbl_02361,1,0,1,false
3505,gob_tbl_02780,1,0,1,false
3506,proc_tbl_00064,1,0,1,false
3507,gob_tbl_02135,1,0,1,false
3508,dlk_tbl_03156,1,0,1,false
3509,std_tbl_01823,1,0,1,false
3510,proc_tbl_02815,1,0,1,false
3511,proc_tbl_01201,1,0,1,false
3512,proc_tbl_02960,1,0,1,false
3513,dash_tbl_03094,1,0,1,false
3514,gob_tbl_02176,1,0,1,false
3515,dlk_tbl_02047,1,0,1,false
3516,gob_ext_00531,1,1,0,false
3517,dash_tbl_00140,1,0,1,false
3518,dlk_tbl_02072,1,0,1,false
3519,proc_tbl_01843,1,0,1,false
3520,gob_tbl_03224,1,0,1,false
3521,dlk_tbl_01602,1,0,1,false
3522,gob_tbl_02327,1,0,1,false
3523,proc_tbl_01271,1,0,1,false
3524,dlk_tbl_02970,1,0,1,false
3525,std_tbl_00257,1,0,1,false
3526,gob_tbl_00325,1,0,1,false
3527,dlk_tbl_01092,1,0,1,false
3528,gob_tbl_00022,1,0,1,false
3529,dlk_tbl_02318,1,0,1,false
3530,dlk_tbl_02635,1,0,1,false
3531,dash_tbl_01123,1,0,1,false
3532,dlk_tbl_00462,1,0,1,false
3533,m4sco_tbl_01144,1,0,1,false
3534,gob_tbl_00531,1,0,1,false
3535,dash_tbl_01132,1,0,1,false
3536,dlk_tbl_02422,1,0,1,false
3537,dlk_tbl_02537,1,0,1,false
3538,gob_tbl_00915,1,0,1,false
3539,gob_tbl_02996,1,0,1,false
3540,proc_tbl_00305,1,0,1,false
3541,gob_tbl_03035,1,0,1,false
3542,gob_tbl_00640,1,0,1,false
3543,dlk_tbl_01199,1,0,1,false
3544,proc_tbl_00798,1,0,1,false
3545,dash_tbl_02654,1,0,1,false
3546,gob_tbl_02000,1,0,1,false
3547,gob_tbl_02091,1,0,1,false
3548,dlk_tbl_00742,1,0,1,false
3549,dash_tbl_02489,1,0,1,false
3550,dlk_tbl_02188,1,0,1,false
3551,proc_tbl_00176,1,0,1,false
3552,gob_tbl_02223,1,0,1,false
3553,gob_tbl_00256,1,0,1,false
3554,dlk_tbl_02834,1,0,1,false
3555,dlk_tbl_01367,1,0,1,false
3556,proc_tbl_02809,1,0,1,false
3557,gob_tbl_00163,1,0,1,false
3558,dlk_tbl_02141,1,0,1,false
3559,gob_tbl_01068,1,0,1,false
3560,std_tbl_02709,1,0,1,false
3561,proc_tbl_01552,1,0,1,false
3562,gob_tbl_02800,1,0,1,false
3563,std_tbl_00171,1,0,1,false
3564,gob_tbl_02977,1,0,1,false
3565,gob_tbl_00118,1,0,1,false
3566,dlk_tbl_02528,1,0,1,false
3567,proc_tbl_01610,1,0,1,false
3568,dlk_tbl_03138,1,0,1,false
3569,gob_tbl_03243,1,0,1,false
3570,dlk_tbl_02580,1,0,1,false
3571,m4vw_tbl_00067,1,0,1,false
3572,gob_ext_00342,1,1,0,false
3573,proc_tbl_01595,1,0,1,false
3574,dash_tbl_03089,1,0,1,false
3575,dlk_tbl_00023,1,0,1,false
3576,dlk_tbl_01558,1,0,1,false
3577,dlk_tbl_00544,1,0,1,false
3578,dlk_tbl_01733,1,0,1,false
3579,dlk_tbl_02097,1,0,1,false
3580,dlk_tbl_01497,1,0,1,false
3581,dlk_tbl_00261,1,0,1,false
3582,gob_tbl_03146,1,0,1,false
3583,gob_tbl_01329,1,0,1,false
3584,gob_ext_00214,1,1,0,false
3585,proc_tbl_02919,1,0,1,false
3586,gob_tbl_01083,1,0,1,false
3587,gob_tbl_01575,1,0,1,false
3588,gob_tbl_02617,1,0,1,false
3589,gob_tbl_01629,1,0,1,false
3590,gob_tbl_02814,1,0,1,false
3591,dash_tbl_03266,1,0,1,false
3592,gob_tbl_00813,1,0,1,false
3593,proc_tbl_02924,1,0,1,false
3594,proc_tbl_01029,1,0,1,false
3595,dlk_tbl_02945,1,0,1,false
3596,gob_tbl_00399,1,0,1,false
3597,gob_tbl_02211,1,0,1,false
3598,dlk_tbl_01114,1,0,1,false
3599,proc_tbl_03028,1,0,1,false
3600,dlk_ext_00293,1,1,0,false
3601,dlk_tbl_00887,1,0,1,false
3602,dash_tbl_02069,1,0,1,false
3603,dlk_tbl_02841,1,0,1,false
3604,gob_tbl_02607,1,0,1,false
3605,dlk_tbl_02549,1,0,1,false
3606,dlk_tbl_00623,1,0,1,false
3607,gob_tbl_02082,1,0,1,false
3608,gob_tbl_02664,1,0,1,false
3609,gob_tbl_02922,1,0,1,false
3610,proc_tbl_00604,1,0,1,false
3611,dlk_tbl_01704,1,0,1,false
3612,proc_tbl_01046,1,0,1,false
3613,gob_tbl_02799,1,0,1,false
3614,dlk_tbl_00857,1,0,1,false
3615,gob_tbl_00265,1,0,1,false
3616,dlk_tbl_02975,1,0,1,false
3617,dash_tbl_00707,1,0,1,false
3618,gob_tbl_02290,1,0,1,false
3619,gob_tbl_01318,1,0,1,false
3620,dlk_tbl_01035,1,0,1,false
3621,m4vw_tbl_02941,1,0,1,false
3622,gob_tbl_01161,1,0,1,false
3623,gob_tbl_00190,1,0,1,false
3624,dlk_tbl_02868,1,0,1,false
3625,gob_tbl_00150,1,0,1,false
3626,gob_tbl_02642,1,0,1,false
3627,dlk_tbl_02251,1,0,1,false
3628,dlk_tbl_00755,1,0,1,false
3629,gob_tbl_02663,1,0,1,false
3630,std_tbl_00732,1,0,1,false
3631,dlk_tbl_00406,1,0,1,false
3632,gob_tbl_01322,1,0,1,false
3633,gob_tbl_00578,1,0,1,false
3634,m4vw_tbl_01832,1,0,1,false
3635,dlk_tbl_03151,1,0,1,false
3636,dlk_tbl_02666,1,0,1,false
3637,proc_tbl_02612,1,0,1,false
3638,dlk_tbl_00938,1,0,1,false
3639,dlk_tbl_01859,1,0,1,false
3640,dlk_tbl_01872,1,0,1,false
3641,ppn_tbl_01250,1,0,1,false
3642,gob_tbl_02226,1,0,1,false
3643,dlk_tbl_01776,1,0,1,false
3644,dlk_tbl_02272,1,0,1,false
3645,gob_tbl_00313,1,0,1,false
3646,std_tbl_02593,1,0,1,false
3647,dlk_ext_00285,1,1,0,false
3648,dlk_tbl_01828,1,0,1,false
3649,dlk_tbl_00068,1,0,1,false
3650,dlk_tbl_02439,1,0,1,false
3651,dlk_tbl_02479,1,0,1,false
3652,std_tbl_01115,1,0,1,false
3653,dlk_tbl_02311,1,0,1,false
3654,dash_tbl_01325,1,0,1,false
3655,dlk_tbl_00167,1,0,1,false
3656,dlk_tbl_00230,1,0,1,false
3657,gob_tbl_00238,1,0,1,false
3658,proc_tbl_02372,1,0,1,false
3659,gob_tbl_00730,1,0,1,false
3660,proc_tbl_00565,1,0,1,false
3661,dlk_tbl_01454,1,0,1,false
3662,gob_tbl_01908,1,0,1,false
3663,dlk_tbl_03006,1,0,1,false
3664,gob_tbl_01028,1,0,1,false
3665,gob_tbl_02169,1,0,1,false
3666,proc_tbl_00130,1,0,1,false
3667,dlk_tbl_02764,1,0,1,false
3668,gob_tbl_00366,1,0,1,false
3669,proc_tbl_02259,1,0,1,false
3670,dlk_tbl_00413,1,0,1,false
3671,proc_tbl_02130,1,0,1,false
3672,gob_tbl_00443,1,0,1,false
3673,proc_tbl_03272,1,0,1,false
3674,dlk_tbl_00490,1,0,1,false
3675,dlk_tbl_02565,1,0,1,false
3676,gob_tbl_03171,1,0,1,false
3677,std_tbl_00011,1,0,1,false
3678,dlk_tbl_00160,1,0,1,false
3679,dlk_tbl_01752,1,0,1,false
3680,dlk_tbl_00682,1,0,1,false
3681,proc_tbl_01194,1,0,1,false
3682,gob_tbl_03275,1,0,1,false
3683,dash_tbl_03052,1,0,1,false
3684,proc_tbl_01716,1,0,1,false
3685,dlk_tbl_02201,1,0,1,false
3686,gob_tbl_02333,1,0,1,false
3687,dlk_tbl_02890,1,0,1,false
3688,gob_tbl_00258,1,0,1,false
3689,proc_tbl_01676,1,0,1,false
3690,dlk_tbl_01708,1,0,1,false
3691,gob_tbl_03226,1,0,1,false
3692,dlk_tbl_02915,1,0,1,false
3693,gob_tbl_01358,1,0,1,false
3694,proc_tbl_02907,1,0,1,false
3695,gob_tbl_03040,1,0,1,false
3696,std_tbl_01415,1,0,1,false
3697,dlk_tbl_01054,1,0,1,false
3698,gob_tbl_02734,1,0,1,false
3699,proc_tbl_02677,1,0,1,false
3700,dlk_tbl_01593,1,0,1,false
3701,std_tbl_01039,1,0,1,false
3702,dlk_tbl_02090,1,0,1,false
3703,m4vw_tbl_02939,1,0,1,false
3704,std_tbl_00725,1,0,1,false
3705,dash_tbl_01241,1,0,1,false
3706,proc_tbl_03061,1,0,1,false
3707,gob_tbl_02303,1,0,1,false
3708,dlk_tbl_00377,1,0,1,false
3709,proc_tbl_03088,1,0,1,false
3710,gob_tbl_01020,1,0,1,false
3711,gob_tbl_02870,1,0,1,false
3712,m4vw_tbl_03047,1,0,1,false
3713,dlk_tbl_02309,1,0,1,false
3714,dlk_tbl_02660,1,0,1,false
3715,dlk_tbl_00214,1,0,1,false
3716,dlk_tbl_03251,1,0,1,false
3717,dash_tbl_00356,1,0,1,false
3718,dlk_tbl_00032,1,0,1,false
3719,std_tbl_01987,1,0,1,false
3720,gob_tbl_02995,1,0,1,false
3721,gob_tbl_02703,1,0,1,false
3722,dlk_tbl_03054,1,0,1,false
3723,gob_tbl_00660,1,0,1,false
3724,dlk_tbl_00355,1,0,1,false
3725,gob_tbl_02362,1,0,1,false
3726,dlk_tbl_01374,1,0,1,false
3727,gob_tbl_02160,1,0,1,false
3728,proc_tbl_00920,1,0,1,false
3729,dlk_tbl_02769,1,0,1,false
3730,gob_tbl_01176,1,0,1,false
3731,dlk_tbl_03231,1,0,1,false
3732,gob_tbl_00310,1,0,1,false
3733,proc_tbl_01380,1,0,1,false
3734,dlk_tbl_01529,1,0,1,false
3735,dlk_tbl_02813,1,0,1,false
3736,gob_tbl_03234,1,0,1,false
3737,m4sco_tbl_02228,1,0,1,false
3738,gob_tbl_01643,1,0,1,false
3739,proc_tbl_00508,1,0,1,false
3740,dlk_tbl_01527,1,0,1,false
3741,std_tbl_00729,1,0,1,false
3742,proc_tbl_00312,1,0,1,false
3743,gob_tbl_01927,1,0,1,false
3744,dlk_tbl_01532,1,0,1,false
3745,gob_tbl_00476,1,0,1,false
3746,gob_tbl_02027,1,0,1,false
3747,m4sco_tbl_00801,1,0,1,false
3748,dash_tbl_01867,1,0,1,false
3749,proc_tbl_01447,1,0,1,false
3750,gob_tbl_03203,1,0,1,false
3751,std_tbl_02726,1,0,1,false
3752,gob_tbl_01480,1,0,1,false
3753,dlk_tbl_01311,1,0,1,false
3754,dlk_tbl_02571,1,0,1,false
3755,dlk_tbl_01799,1,0,1,false
3756,dlk_tbl_00155,1,0,1,false
3757,dlk_tbl_02670,1,0,1,false
3758,dlk_tbl_01505,1,0,1,false
3759,dlk_tbl_00047,1,0,1,false
3760,gob_tbl_00170,1,0,1,false
3761,proc_tbl_01446,1,0,1,false
3762,gob_tbl_03239,1,0,1,false
3763,proc_tbl_00572,1,0,1,false
3764,gob_tbl_01079,1,0,1,false
3765,dlk_tbl_02898,1,0,1,false
3766,gob_tbl_01227,1,0,1,false
3767,gob_tbl_02736,1,0,1,false
3768,gob_tbl_00550,1,0,1,false
3769,gob_tbl_03168,1,0,1,false
3770,dlk_tbl_01502,1,0,1,false
3771,dlk_tbl_00223,1,0,1,false
3772,gob_tbl_02968,1,0,1,false
3773,dlk_tbl_00873,1,0,1,false
3774,dlk_tbl_01475,1,0,1,false
3775,dlk_tbl_01577,1,0,1,false
3776,dlk_tbl_01051,1,0,1,false
3777,gob_tbl_02525,1,0,1,false
3778,gob_tbl_03066,1,0,1,false
3779,dlk_tbl_02458,1,0,1,false
3780,dlk_tbl_00862,1,0,1,false
3781,gob_tbl_01119,1,0,1,false
3782,dlk_tbl_02337,1,0,1,false
3783,dlk_tbl_00586,1,0,1,false
3784,dlk_tbl_01677,1,0,1,false
3785,proc_tbl_02895,1,0,1,false
3786,gob_tbl_02762,1,0,1,false
3787,dlk_tbl_00999,1,0,1,false
3788,dlk_ext_00340,1,1,0,false
3789,dlk_tbl_01528,1,0,1,false
3790,gob_tbl_02978,1,0,1,false
3791,gob_tbl_01870,1,0,1,false
3792,dlk_ext_00317,1,1,0,false
3793,dlk_tbl_02500,1,0,1,false
3794,gob_tbl_00891,1,0,1,false
3795,dlk_tbl_03199,1,0,1,false
3796,dash_tbl_00172,1,0,1,false
3797,gob_tbl_02688,1,0,1,false
3798,dlk_tbl_02287,1,0,1,false
3799,proc_tbl_00045,1,0,1,false
3800,dlk_tbl_00894,1,0,1,false
3801,dlk_tbl_01603,1,0,1,false
3802,dlk_tbl_01285,1,0,1,false
3803,gob_tbl_01293,1,0,1,false
3804,dlk_tbl_00217,1,0,1,false
3805,dlk_tbl_02481,1,0,1,false
3806,dlk_tbl_01211,1,0,1,false
3807,gob_tbl_01000,1,0,1,false
3808,std_tbl_00227,1,0,1,false
3809,dlk_tbl_00263,1,0,1,false
3810,gob_tbl_03082,1,0,1,false
3811,dlk_tbl_00085,1,0,1,false
3812,dlk_tbl_01426,1,0,1,false
3813,proc_tbl_02428,1,0,1,false
3814,dlk_tbl_01457,1,0,1,false
3815,dlk_tbl_00579,1,0,1,false
3816,dlk_tbl_01853,1,0,1,false
3817,dash_tbl_03043,1,0,1,false
3818,gob_tbl_00608,1,0,1,false
3819,gob_tbl_00351,1,0,1,false
3820,gob_tbl_02976,1,0,1,false
3821,proc_tbl_02414,1,0,1,false
3822,proc_tbl_01730,1,0,1,false
3823,gob_tbl_00458,1,0,1,false
3824,dlk_tbl_03090,1,0,1,false
3825,proc_tbl_00241,1,0,1,false
3826,dlk_tbl_02722,1,0,1,false
3827,gob_tbl_00164,1,0,1,false
3828,proc_tbl_02969,1,0,1,false
3829,dlk_tbl_00415,1,0,1,false
3830,dlk_ext_00452,1,1,0,false
3831,dash_tbl_02497,1,0,1,false
3832,dlk_tbl_00542,1,0,1,false
3833,gob_ext_00449,1,1,0,false
3834,proc_tbl_01616,1,0,1,false
3835,gob_tbl_02471,1,0,1,false
3836,m4vw_tbl_02967,1,0,1,false
3837,gob_tbl_00697,1,0,1,false
3838,dlk_tbl_01836,1,0,1,false
3839,dlk_tbl_02879,1,0,1,false
3840,dlk_ext_00200,1,1,0,false
3841,gob_tbl_02668,1,0,1,false
3842,dlk_tbl_03167,1,0,1,false
3843,gob_tbl_01133,1,0,1,false
3844,dlk_tbl_00690,1,0,1,false
3845,dlk_tbl_02252,1,0,1,false
3846,proc_tbl_02503,1,0,1,false
3847,proc_tbl_00829,1,0,1,false
3848,gob_tbl_02622,1,0,1,false
3849,gob_tbl_02545,1,0,1,false
