rank,table_name,frequency,as_source,as_target,is_contested
1,gob_ext_00662,26,26,0,false
2,proc_ext_00064,24,24,0,false
3,dlk_ext_00023,24,24,0,false
4,dlk_ext_00174,23,23,0,false
5,ppn_ext_00109,21,21,0,false
6,gob_ext_00353,20,20,0,false
7,dlk_ext_00024,20,20,0,false
8,std_ext_00424,20,20,0,false
9,proc_ext_00695,19,19,0,false
10,std_ext_00194,19,19,0,false
11,dlk_ext_00710,19,19,0,false
12,dlk_ext_00196,18,18,0,false
13,proc_ext_00684,18,18,0,false
14,dlk_ext_00048,17,17,0,false
15,dlk_ext_00142,17,17,0,false
16,std_ext_00726,17,17,0,false
17,gob_ext_00443,17,17,0,false
18,proc_ext_00514,17,17,0,false
19,m4sco_ext_00305,17,17,0,false
20,dlk_ext_00561,17,17,0,false
21,gob_ext_00233,16,16,0,false
22,gob_ext_00718,16,16,0,false
23,dlk_ext_00269,16,16,0,false
24,dlk_ext_00628,16,16,0,false
25,proc_ext_00559,16,16,0,false
26,gob_ext_00708,16,16,0,false
27,proc_ext_00370,16,16,0,false
28,proc_ext_00152,15,15,0,false
29,dlk_ext_00472,15,15,0,false
30,proc_ext_00483,15,15,0,false
31,proc_ext_00140,14,14,0,false
32,dlk_ext_00567,14,14,0,false
33,gob_ext_00010,14,14,0,false
34,dash_ext_00467,14,14,0,false
35,gob_ext_00735,14,14,0,false
36,dlk_ext_00545,14,14,0,false
37,dlk_ext_00720,14,14,0,false
38,dash_ext_00411,14,14,0,false
39,gob_ext_00592,14,14,0,false
40,gob_ext_00127,14,14,0,false
41,dlk_ext_00519,14,14,0,false
42,gob_ext_00139,14,14,0,false
43,gob_ext_00544,14,14,0,false
44,gob_ext_00402,14,14,0,false
45,gob_ext_00480,14,14,0,false
46,gob_ext_00503,14,14,0,false
47,dlk_ext_00680,14,14,0,false
48,gob_ext_00668,14,14,0,false
49,gob_ext_00105,13,13,0,false
50,dlk_ext_00034,13,13,0,false
51,dash_ext_00020,13,13,0,false
52,gob_ext_00172,13,13,0,false
53,gob_ext_00159,13,13,0,false
54,dlk_ext_00643,13,13,0,false
55,proc_ext_00745,13,13,0,false
56,dash_ext_00722,13,13,0,false
57,gob_ext_00261,13,13,0,false
58,gob_ext_00228,13,13,0,false
59,dlk_ext_00044,13,13,0,false
60,gob_ext_00188,12,12,0,false
61,proc_ext_00498,12,12,0,false
62,gob_ext_00055,12,12,0,false
63,dlk_ext_00298,12,12,0,false
64,dlk_ext_00079,12,12,0,false
65,dlk_ext_00448,12,12,0,false
66,dlk_ext_00126,12,12,0,false
67,gob_ext_00696,12,12,0,false
68,proc_ext_00641,12,12,0,false
69,dash_ext_00446,12,12,0,false
70,proc_ext_00705,12,12,0,false
71,proc_ext_00157,12,12,0,false
72,dash_ext_00659,12,12,0,false
73,ppn_ext_00717,12,12,0,false
74,proc_ext_00433,12,12,0,false
75,dlk_ext_00291,12,12,0,false
76,dlk_ext_00644,12,12,0,false
77,gob_ext_00056,12,12,0,false
78,gob_ext_00131,12,12,0,false
79,dlk_ext_00576,12,12,0,false
80,gob_ext_00083,12,12,0,false
81,gob_ext_00154,12,12,0,false
82,dash_ext_00419,12,12,0,false
83,std_ext_00153,11,11,0,false
84,dlk_ext_00251,11,11,0,false
85,gob_ext_00657,11,11,0,false
86,gob_ext_00057,11,11,0,false
87,m4sco_ext_00653,11,11,0,false
88,gob_ext_00381,11,11,0,false
89,dlk_ext_00685,11,11,0,false
90,m4sco_ext_00018,11,11,0,false
91,gob_ext_00166,11,11,0,false
92,proc_ext_00649,11,11,0,false
93,proc_ext_00646,11,11,0,false
94,dash_ext_00066,11,11,0,false
95,dlk_ext_00453,11,11,0,false
96,dlk_ext_00149,11,11,0,false
97,proc_ext_00415,11,11,0,false
98,gob_ext_00599,11,11,0,false
99,gob_ext_00622,11,11,0,false
100,gob_ext_00489,11,11,0,false
101,dash_ext_00366,11,11,0,false
102,dlk_ext_00121,11,11,0,false
103,dlk_ext_00081,11,11,0,false
104,dlk_ext_00612,11,11,0,false
105,dlk_ext_00651,11,11,0,false
106,gob_ext_00088,11,11,0,false
107,dash_ext_00302,11,11,0,false
108,dlk_ext_00146,10,10,0,false
109,gob_tbl_00922,10,9,1,false
110,dash_ext_00636,10,10,0,false
111,m4sco_ext_00634,10,10,0,false
112,dash_ext_00334,10,10,0,false
113,ppn_ext_00496,10,10,0,false
114,dash_ext_00638,10,10,0,false
115,dash_ext_00698,10,10,0,false
116,std_tbl_04107,10,9,1,false
117,dlk_ext_00197,10,10,0,false
118,gob_ext_00506,10,10,0,false
119,dlk_tbl_01360,10,9,1,false
120,proc_ext_00606,10,10,0,false
121,gob_ext_00376,10,10,0,false
122,gob_ext_00422,10,10,0,false
123,gob_ext_00749,10,10,0,false
124,dlk_ext_00116,10,10,0,false
125,gob_ext_00383,10,10,0,false
126,proc_ext_00379,10,10,0,false
127,proc_ext_00711,10,10,0,false
128,gob_ext_00325,10,10,0,false
129,dlk_ext_00212,10,10,0,false
130,gob_ext_00551,10,10,0,false
131,dash_ext_00299,10,10,0,false
132,dlk_ext_00632,10,10,0,false
133,proc_ext_00345,10,10,0,false
134,gob_ext_00263,10,10,0,false
135,dlk_ext_00029,10,10,0,false
136,dlk_ext_00596,10,10,0,false
137,gob_ext_00617,10,10,0,false
138,dash_ext_00339,10,10,0,false
139,gob_ext_00272,10,10,0,false
140,gob_ext_00341,10,10,0,false
141,proc_ext_00092,10,10,0,false
142,proc_ext_00555,10,10,0,false
143,dlk_ext_00687,10,10,0,false
144,dlk_ext_00637,10,10,0,false
145,dlk_ext_00375,10,10,0,false
146,gob_ext_00245,10,10,0,false
147,dlk_ext_00584,10,10,0,false
148,proc_tbl_01503,10,9,1,false
149,dlk_ext_00652,10,10,0,false
150,m4sco_tbl_02803,10,9,1,false
151,dash_ext_00050,10,10,0,false
152,m4vw_ext_00560,10,10,0,false
153,gob_ext_00182,9,9,0,false
154,dlk_tbl_04396,9,8,1,false
155,gob_ext_00338,9,9,0,false
156,dlk_ext_00600,9,9,0,false
157,gob_ext_00007,9,9,0,false
158,dlk_ext_00625,9,9,0,false
159,gob_ext_00479,9,9,0,false
160,gob_tbl_04064,9,8,1,false
161,dlk_ext_00091,9,9,0,false
162,dlk_ext_00495,9,9,0,false
163,gob_tbl_00688,9,8,1,false
164,std_ext_00128,9,9,0,false
165,m4vw_ext_00664,9,9,0,false
166,dlk_tbl_04230,9,8,1,false
167,dlk_ext_00027,9,9,0,false
168,dlk_ext_00478,9,9,0,false
169,m4vw_ext_00655,9,9,0,false
170,dlk_ext_00308,9,9,0,false
171,dlk_ext_00509,9,9,0,false
172,dlk_ext_00108,9,9,0,false
173,dash_ext_00746,9,9,0,false
174,dlk_ext_00742,9,9,0,false
175,dlk_ext_00703,9,9,0,false
176,gob_ext_00119,9,9,0,false
177,proc_ext_00683,9,9,0,false
178,dlk_ext_00085,9,9,0,false
179,gob_tbl_00830,9,8,1,false
180,dlk_tbl_00484,9,8,1,false
181,dlk_ext_00111,9,9,0,false
182,dlk_tbl_03727,9,8,1,false
183,dlk_ext_00347,9,9,0,false
184,gob_ext_00216,9,9,0,false
185,gob_ext_00512,9,9,0,false
186,proc_ext_00327,9,9,0,false
187,dlk_ext_00352,9,9,0,false
188,gob_ext_00223,9,9,0,false
189,gob_ext_00210,9,9,0,false
190,dlk_ext_00222,9,9,0,false
191,dlk_ext_00511,9,9,0,false
192,m4sco_ext_00125,9,9,0,false
193,dlk_ext_00531,9,9,0,false
194,gob_tbl_00667,9,8,1,false
195,gob_ext_00307,8,8,0,false
196,dlk_ext_00465,8,8,0,false
197,gob_ext_00405,8,8,0,false
198,gob_tbl_01170,8,7,1,false
199,m4sco_tbl_00133,8,7,1,false
200,m4vw_ext_00458,8,8,0,false
201,gob_ext_00295,8,8,0,false
202,gob_ext_00151,8,8,0,false
203,dlk_tbl_01383,8,7,1,false
204,gob_ext_00161,8,8,0,false
205,dlk_tbl_00900,8,7,1,false
206,gob_tbl_00543,8,7,1,false
207,std_tbl_04146,8,7,1,false
208,gob_ext_00532,8,8,0,false
209,dlk_ext_00556,8,8,0,false
210,dash_ext_00671,8,8,0,false
211,m4sco_ext_00037,8,8,0,false
212,gob_ext_00431,8,8,0,false
213,dlk_ext_00355,8,8,0,false
214,gob_tbl_02105,8,7,1,false
215,dlk_ext_00098,8,8,0,false
216,gob_tbl_03038,8,7,1,false
217,proc_tbl_02773,8,7,1,false
218,gob_tbl_00939,8,7,1,false
219,dlk_ext_00278,8,8,0,false
220,gob_ext_00039,8,8,0,false
221,dash_tbl_00315,8,7,1,false
222,dlk_tbl_00765,8,7,1,false
223,dlk_ext_00712,8,8,0,false
224,dlk_ext_00176,8,8,0,false
225,dlk_ext_00312,8,8,0,false
226,dlk_ext_00456,8,8,0,false
227,dash_ext_00008,8,8,0,false
228,gob_ext_00494,8,8,0,false
229,gob_tbl_02872,8,7,1,false
230,dlk_tbl_01561,8,7,1,false
231,gob_ext_00640,8,8,0,false
232,gob_ext_00364,8,8,0,false
233,gob_ext_00566,8,8,0,false
234,dlk_tbl_00983,8,7,1,false
235,dlk_ext_00522,8,8,0,false
236,dash_tbl_00879,8,7,1,false
237,gob_ext_00385,8,8,0,false
238,gob_tbl_02098,8,7,1,false
239,dash_tbl_01862,8,7,1,false
240,dash_ext_00160,8,8,0,false
241,proc_ext_00220,8,8,0,false
242,proc_ext_00332,8,8,0,false
243,ppn_ext_00256,8,8,0,false
244,proc_ext_00650,8,8,0,false
245,gob_ext_00539,8,8,0,false
246,dlk_ext_00276,8,8,0,false
247,dash_ext_00529,8,8,0,false
248,std_ext_00694,8,8,0,false
249,gob_tbl_03280,8,7,1,false
250,dlk_ext_00527,8,8,0,false
251,proc_tbl_00871,8,7,1,false
252,dlk_tbl_02472,8,7,1,false
253,gob_ext_00288,8,8,0,false
254,gob_tbl_00687,8,7,1,false
255,gob_ext_00590,7,7,0,false
256,dlk_ext_00069,7,7,0,false
257,gob_ext_00000,7,7,0,false
258,ppn_ext_00163,7,7,0,false
259,gob_ext_00429,7,7,0,false
260,gob_tbl_02823,7,6,1,false
261,gob_ext_00178,7,7,0,false
262,dlk_tbl_01975,7,6,1,false
263,dash_ext_00403,7,7,0,false
264,gob_ext_00181,7,7,0,false
265,dash_ext_00241,7,7,0,false
266,dlk_tbl_00899,7,6,1,false
267,gob_ext_00461,7,7,0,false
268,dlk_ext_00401,7,7,0,false
269,dlk_ext_00021,7,7,0,false
270,dlk_tbl_00674,7,6,1,false
271,dash_tbl_02254,7,6,1,false
272,gob_ext_00410,7,7,0,false
273,std_ext_00290,7,7,0,false
274,gob_tbl_01522,7,6,1,false
275,dlk_tbl_03520,7,6,1,false
276,dlk_tbl_01244,7,6,1,false
277,gob_ext_00209,7,7,0,false
278,gob_ext_00297,7,7,0,false
279,dlk_tbl_01526,7,6,1,false
280,gob_ext_00623,7,7,0,false
281,dash_ext_00534,7,7,0,false
282,gob_tbl_01035,7,6,1,false
283,proc_tbl_01067,7,6,1,false
284,dash_ext_00017,7,7,0,false
285,proc_ext_00731,7,7,0,false
286,gob_ext_00043,7,7,0,false
287,dlk_ext_00317,7,7,0,false
288,gob_tbl_03779,7,6,1,false
289,dlk_tbl_01812,7,6,1,false
290,gob_tbl_02491,7,6,1,false
291,gob_ext_00329,7,7,0,false
292,dlk_tbl_01352,7,6,1,false
293,gob_ext_00268,7,7,0,false
294,gob_ext_00123,7,7,0,false
295,gob_tbl_01869,7,6,1,false
296,dlk_ext_00240,7,7,0,false
297,gob_tbl_01398,7,6,1,false
298,gob_ext_00533,7,7,0,false
299,dlk_ext_00618,7,7,0,false
300,proc_tbl_04425,7,6,1,false
301,dlk_ext_00611,7,7,0,false
302,dlk_ext_00447,7,7,0,false
303,dlk_tbl_04263,7,6,1,false
304,dlk_tbl_00266,7,6,1,false
305,gob_tbl_03419,7,6,1,false
306,proc_tbl_02849,7,6,1,false
307,proc_ext_00535,7,7,0,false
308,dash_tbl_02318,7,6,1,false
309,gob_tbl_02173,7,6,1,false
310,dlk_ext_00500,7,7,0,false
311,std_tbl_04196,7,6,1,false
312,dash_tbl_01859,7,6,1,false
313,dlk_tbl_03919,7,6,1,false
314,dash_ext_00285,7,7,0,false
315,dlk_tbl_03011,7,6,1,false
316,proc_ext_00697,7,7,0,false
317,gob_tbl_02879,7,6,1,false
318,dlk_tbl_02378,7,6,1,false
319,gob_tbl_00233,7,6,1,false
320,dash_ext_00675,7,7,0,false
321,gob_tbl_03404,7,6,1,false
322,dash_ext_00432,7,7,0,false
323,dlk_tbl_00020,7,6,1,false
324,gob_tbl_02481,7,6,1,false
325,dlk_tbl_02987,7,6,1,false
326,std_tbl_03148,7,6,1,false
327,dlk_tbl_03017,7,6,1,false
328,dlk_tbl_03725,7,6,1,false
329,gob_ext_00357,7,7,0,false
330,proc_ext_00709,7,7,0,false
331,dlk_ext_00543,7,7,0,false
332,dlk_ext_00218,7,7,0,false
333,dlk_tbl_01089,7,6,1,false
334,gob_tbl_00534,7,6,1,false
335,dlk_tbl_00894,7,6,1,false
336,dlk_ext_00719,7,7,0,false
337,dlk_ext_00607,7,7,0,false
338,gob_tbl_03107,7,6,1,false
339,proc_ext_00464,7,7,0,false
340,gob_ext_00189,7,7,0,false
341,dlk_ext_00554,7,7,0,false
342,m4vw_tbl_02971,7,6,1,false
343,dlk_tbl_01729,7,6,1,false
344,gob_ext_00688,7,7,0,false
345,dlk_ext_00082,7,7,0,false
346,gob_ext_00609,7,7,0,false
347,m4vw_tbl_04115,7,6,1,false
348,dlk_ext_00408,7,7,0,false
349,gob_tbl_01687,7,6,1,false
350,gob_tbl_04156,7,6,1,false
351,gob_ext_00165,7,7,0,false
352,dlk_ext_00349,7,7,0,false
353,dlk_tbl_02135,7,6,1,false
354,gob_ext_00502,7,7,0,false
355,gob_tbl_02614,7,6,1,false
356,gob_tbl_04063,7,6,1,false
357,gob_ext_00501,6,6,0,false
358,dlk_tbl_02354,6,5,1,false
359,dlk_ext_00022,6,6,0,false
360,m4vw_tbl_04349,6,5,1,false
361,dlk_tbl_03277,6,5,1,false
362,dash_ext_00647,6,6,0,false
363,dlk_ext_00656,6,6,0,false
364,std_ext_00052,6,6,0,false
365,dlk_ext_00215,6,6,0,false
366,dlk_ext_00371,6,6,0,false
367,dlk_tbl_03279,6,5,1,false
368,dlk_ext_00389,6,6,0,false
369,dlk_ext_00169,6,6,0,false
370,dlk_tbl_02736,6,5,1,false
371,dlk_tbl_02149,6,5,1,false
372,gob_tbl_00822,6,4,2,true
373,proc_tbl_04024,6,5,1,false
374,dlk_tbl_00286,6,5,1,false
375,proc_ext_00713,6,6,0,false
376,gob_tbl_00513,6,5,1,false
377,ppn_tbl_04061,6,5,1,false
378,dlk_tbl_01260,6,5,1,false
379,dash_ext_00063,6,6,0,false
380,dlk_tbl_03887,6,5,1,false
381,proc_tbl_01931,6,5,1,false
382,gob_tbl_04162,6,5,1,false
383,proc_ext_00416,6,6,0,false
384,dlk_tbl_03846,6,5,1,false
385,dlk_tbl_01971,6,5,1,false
386,dlk_tbl_04402,6,5,1,false
387,proc_ext_00734,6,6,0,false
388,gob_tbl_03813,6,5,1,false
389,gob_ext_00319,6,6,0,false
390,proc_ext_00289,6,6,0,false
391,gob_tbl_03467,6,5,1,false
392,gob_ext_00369,6,6,0,false
393,gob_tbl_02623,6,5,1,false
394,gob_ext_00026,6,6,0,false
395,gob_ext_00442,6,6,0,false
396,proc_ext_00234,6,6,0,false
397,proc_ext_00724,6,6,0,false
398,gob_ext_00214,6,6,0,false
399,std_tbl_01804,6,4,2,true
400,gob_tbl_03851,6,5,1,false
401,dlk_tbl_02055,6,5,1,false
402,proc_ext_00550,6,6,0,false
403,proc_tbl_01319,6,5,1,false
404,gob_ext_00701,6,6,0,false
405,dash_tbl_00778,6,5,1,false
406,dlk_tbl_01063,6,5,1,false
407,proc_tbl_02194,6,5,1,false
408,gob_tbl_00464,6,5,1,false
409,gob_ext_00168,6,6,0,false
410,gob_ext_00264,6,6,0,false
411,dlk_tbl_04362,6,5,1,false
412,dlk_tbl_00681,6,5,1,false
413,proc_ext_00663,6,6,0,false
414,dlk_ext_00283,6,6,0,false
415,proc_ext_00546,6,6,0,false
416,gob_tbl_03649,6,5,1,false
417,proc_tbl_03776,6,5,1,false
418,dash_ext_00207,6,6,0,false
419,gob_tbl_02232,6,5,1,false
420,dlk_tbl_03395,6,5,1,false
421,dlk_tbl_01406,6,5,1,false
422,gob_tbl_00974,6,5,1,false
423,dlk_ext_00583,6,6,0,false
424,dlk_ext_00095,6,6,0,false
425,dlk_ext_00171,6,6,0,false
426,dlk_tbl_03176,6,5,1,false
427,proc_tbl_02184,6,5,1,false
428,gob_tbl_02578,6,5,1,false
429,dash_tbl_03954,6,5,1,false
430,m4vw_ext_00072,6,6,0,false
431,gob_tbl_02108,6,5,1,false
432,dlk_tbl_02882,6,5,1,false
433,proc_ext_00670,6,6,0,false
434,gob_tbl_04283,6,5,1,false
435,dash_ext_00235,6,6,0,false
436,proc_tbl_00251,6,5,1,false
437,gob_tbl_03864,6,5,1,false
438,m4vw_tbl_03556,6,5,1,false
439,dash_tbl_01212,6,4,2,true
440,proc_ext_00011,6,6,0,false
441,gob_tbl_00581,6,5,1,false
442,std_ext_00237,6,6,0,false
443,gob_tbl_02282,6,5,1,false
444,dlk_tbl_00466,6,5,1,false
445,proc_tbl_01303,6,5,1,false
446,dlk_tbl_00500,6,5,1,false
447,dlk_tbl_01844,6,5,1,false
448,gob_ext_00002,6,6,0,false
449,gob_ext_00571,6,6,0,false
450,dlk_tbl_04382,6,5,1,false
451,dlk_ext_00190,6,6,0,false
452,gob_ext_00303,6,6,0,false
453,dlk_ext_00493,6,6,0,false
454,proc_tbl_01560,6,5,1,false
455,gob_tbl_02126,6,5,1,false
456,proc_tbl_00156,6,5,1,false
457,proc_ext_00505,6,6,0,false
458,dlk_tbl_02188,6,5,1,false
459,dlk_ext_00553,6,6,0,false
460,m4vw_ext_00438,6,6,0,false
461,gob_ext_00378,6,6,0,false
462,gob_tbl_03221,6,5,1,false
463,gob_tbl_03259,6,5,1,false
464,gob_tbl_01860,6,5,1,false
465,gob_tbl_03783,6,5,1,false
466,gob_tbl_04411,6,5,1,false
467,dlk_tbl_01018,6,5,1,false
468,proc_tbl_03378,6,5,1,false
469,dash_ext_00604,6,6,0,false
470,proc_tbl_02073,6,5,1,false
471,dlk_tbl_04118,6,5,1,false
472,dash_tbl_03746,6,5,1,false
473,dlk_tbl_04347,6,5,1,false
474,dlk_tbl_02908,6,5,1,false
475,m4sco_tbl_04353,6,5,1,false
476,gob_tbl_01882,6,5,1,false
477,dlk_ext_00363,6,6,0,false
478,dlk_ext_00449,6,6,0,false
479,gob_tbl_02392,6,5,1,false
480,gob_tbl_00100,6,5,1,false
481,gob_tbl_03519,6,5,1,false
482,gob_ext_00106,6,6,0,false
483,std_ext_00417,6,6,0,false
484,dlk_ext_00400,6,6,0,false
485,proc_tbl_03152,6,5,1,false
486,gob_ext_00129,6,6,0,false
487,gob_tbl_01700,6,5,1,false
488,gob_tbl_03718,6,5,1,false
489,gob_tbl_01828,6,5,1,false
490,dlk_tbl_01957,6,5,1,false
491,m4vw_ext_00482,6,6,0,false
492,proc_tbl_04246,6,5,1,false
493,dlk_tbl_00699,6,5,1,false
494,dlk_tbl_02930,6,5,1,false
495,dlk_tbl_02473,6,5,1,false
496,dlk_tbl_03150,6,5,1,false
497,dlk_tbl_04182,6,5,1,false
498,gob_tbl_01275,6,5,1,false
499,dash_tbl_03433,6,5,1,false
500,dlk_ext_00053,6,6,0,false
501,proc_ext_00102,6,6,0,false
502,dlk_tbl_01922,6,5,1,false
503,proc_ext_00360,6,6,0,false
504,proc_tbl_03069,6,5,1,false
505,gob_ext_00686,6,6,0,false
506,dlk_ext_00031,6,6,0,false
507,gob_tbl_00845,6,5,1,false
508,gob_tbl_02746,6,5,1,false
509,gob_ext_00236,6,6,0,false
510,gob_ext_00094,6,6,0,false
511,proc_ext_00582,6,6,0,false
512,proc_tbl_01873,6,5,1,false
513,gob_tbl_04388,5,4,1,false
514,gob_tbl_01497,5,4,1,false
515,gob_tbl_00888,5,4,1,false
516,m4sco_tbl_01148,5,4,1,false
517,gob_tbl_03300,5,4,1,false
518,dlk_tbl_00636,5,4,1,false
519,proc_tbl_01453,5,4,1,false
520,gob_tbl_00441,5,4,1,false
521,gob_tbl_00573,5,4,1,false
522,dash_tbl_00565,5,4,1,false
523,dash_tbl_01253,5,4,1,false
524,gob_tbl_03081,5,4,1,false
525,dash_tbl_03512,5,4,1,false
526,gob_tbl_02949,5,4,1,false
527,gob_ext_00693,5,5,0,false
528,dlk_tbl_01558,5,4,1,false
529,dlk_tbl_02831,5,4,1,false
530,std_ext_00549,5,5,0,false
531,dlk_ext_00260,5,5,0,false
532,gob_tbl_01007,5,4,1,false
533,gob_tbl_00965,5,4,1,false
534,dlk_tbl_00098,5,4,1,false
535,gob_tbl_00873,5,4,1,false
536,dash_tbl_00274,5,4,1,false
537,dlk_tbl_02513,5,4,1,false
538,dlk_tbl_02894,5,4,1,false
539,dash_ext_00404,5,5,0,false
540,gob_ext_00517,5,5,0,false
541,dash_tbl_04051,5,4,1,false
542,gob_tbl_01358,5,4,1,false
543,dlk_ext_00012,5,5,0,false
544,dlk_tbl_04037,5,4,1,false
545,gob_ext_00474,5,5,0,false
546,gob_tbl_03201,5,4,1,false
547,dlk_ext_00257,5,5,0,false
548,dash_tbl_02648,5,4,1,false
549,gob_tbl_03488,5,4,1,false
550,dash_tbl_01240,5,4,1,false
551,gob_ext_00525,5,5,0,false
552,gob_tbl_03695,5,4,1,false
553,dlk_tbl_00540,5,4,1,false
554,gob_ext_00231,5,5,0,false
555,proc_tbl_01545,5,4,1,false
556,proc_ext_00193,5,5,0,false
557,gob_tbl_01345,5,4,1,false
558,gob_ext_00620,5,5,0,false
559,dlk_tbl_00050,5,4,1,false
560,dlk_tbl_02781,5,4,1,false
561,proc_ext_00202,5,5,0,false
562,m4vw_ext_00014,5,5,0,false
563,m4vw_tbl_01155,5,4,1,false
564,dlk_tbl_03814,5,4,1,false
565,dlk_ext_00564,5,5,0,false
566,gob_tbl_03318,5,4,1,false
567,dlk_ext_00598,5,5,0,false
568,m4sco_tbl_01753,5,4,1,false
569,dlk_tbl_03960,5,4,1,false
570,dlk_tbl_03907,5,3,2,true
571,dash_tbl_00519,5,4,1,false
572,dash_tbl_01904,5,4,1,false
573,dash_tbl_04175,5,4,1,false
574,dlk_tbl_03370,5,4,1,false
575,gob_tbl_03517,5,4,1,false
576,gob_tbl_01652,5,4,1,false
577,gob_ext_00667,5,5,0,false
578,dlk_tbl_00950,5,4,1,false
579,gob_tbl_01233,5,4,1,false
580,m4vw_tbl_02057,5,4,1,false
581,dlk_tbl_00001,5,4,1,false
582,gob_tbl_01461,5,4,1,false
583,gob_ext_00280,5,5,0,false
584,std_tbl_01449,5,4,1,false
585,gob_tbl_02916,5,4,1,false
586,gob_tbl_03047,5,4,1,false
587,gob_tbl_04209,5,4,1,false
588,dlk_ext_00110,5,5,0,false
589,dlk_tbl_00480,5,4,1,false
590,gob_tbl_03667,5,4,1,false
591,m4vw_tbl_03998,5,4,1,false
592,dlk_tbl_03057,5,4,1,false
593,gob_ext_00112,5,5,0,false
594,m4vw_ext_00137,5,5,0,false
595,gob_tbl_00737,5,4,1,false
596,dash_tbl_00545,5,4,1,false
597,dlk_tbl_00018,5,4,1,false
598,m4vw_tbl_03398,5,4,1,false
599,gob_tbl_02417,5,4,1,false
600,gob_tbl_03325,5,4,1,false
601,proc_tbl_01123,5,4,1,false
602,dlk_ext_00516,5,5,0,false
603,proc_tbl_03836,5,4,1,false
604,gob_tbl_03538,5,4,1,false
605,proc_tbl_01639,5,4,1,false
606,dash_tbl_04149,5,4,1,false
607,gob_ext_00350,5,5,0,false
608,gob_tbl_01482,5,4,1,false
609,dlk_ext_00273,5,5,0,false
610,gob_tbl_01821,5,4,1,false
611,gob_ext_00579,5,5,0,false
612,m4sco_tbl_00663,5,4,1,false
613,gob_tbl_03171,5,4,1,false
614,gob_tbl_00927,5,4,1,false
615,dash_tbl_03825,5,4,1,false
616,gob_ext_00326,5,5,0,false
617,gob_ext_00246,5,5,0,false
618,proc_tbl_03163,5,4,1,false
619,m4vw_tbl_02754,5,4,1,false
620,dash_tbl_01171,5,4,1,false
621,gob_ext_00093,5,5,0,false
622,dash_tbl_04274,5,4,1,false
623,gob_tbl_02255,5,4,1,false
624,gob_tbl_04326,5,4,1,false
625,gob_tbl_01947,5,4,1,false
626,dash_ext_00136,5,5,0,false
627,proc_ext_00552,5,5,0,false
628,proc_tbl_00597,5,4,1,false
629,m4sco_tbl_00475,5,4,1,false
630,dash_ext_00469,5,5,0,false
631,m4vw_tbl_03547,5,4,1,false
632,dlk_tbl_04163,5,4,1,false
633,gob_tbl_03857,5,4,1,false
634,proc_tbl_00816,5,4,1,false
635,gob_tbl_02662,5,4,1,false
636,gob_tbl_00606,5,4,1,false
637,dlk_tbl_02918,5,4,1,false
638,gob_tbl_03415,5,4,1,false
639,proc_tbl_00460,5,3,2,true
640,dlk_tbl_03356,5,4,1,false
641,gob_tbl_00883,5,4,1,false
642,proc_tbl_03563,5,4,1,false
643,dlk_tbl_03624,5,4,1,false
644,proc_tbl_01633,5,4,1,false
645,dlk_tbl_01129,5,4,1,false
646,m4sco_tbl_00743,5,4,1,false
647,gob_tbl_00869,5,4,1,false
648,dlk_tbl_01589,5,4,1,false
649,dlk_tbl_03894,5,4,1,false
650,gob_tbl_01791,5,4,1,false
651,dlk_tbl_00959,5,4,1,false
652,dlk_tbl_01431,5,4,1,false
653,m4sco_tbl_00642,5,3,2,true
654,proc_tbl_00978,5,4,1,false
655,dlk_tbl_03495,5,4,1,false
656,gob_tbl_00739,5,4,1,false
657,gob_tbl_04159,5,4,1,false
658,dlk_tbl_01476,5,4,1,false
659,dlk_tbl_00367,5,4,1,false
660,dlk_tbl_01525,5,4,1,false
661,dlk_tbl_00074,5,4,1,false
662,gob_tbl_03670,5,4,1,false
663,proc_tbl_02852,5,4,1,false
664,gob_tbl_01184,5,4,1,false
665,proc_tbl_00647,5,4,1,false
666,gob_tbl_01263,5,4,1,false
667,proc_tbl_03531,5,4,1,false
668,dlk_tbl_00851,5,4,1,false
669,proc_ext_00412,5,5,0,false
670,dash_tbl_02567,5,4,1,false
671,dash_ext_00096,5,5,0,false
672,ppn_ext_00304,5,5,0,false
673,gob_ext_00045,5,5,0,false
674,dlk_ext_00716,5,5,0,false
675,gob_tbl_03817,5,4,1,false
676,m4vw_ext_00147,5,5,0,false
677,proc_ext_00238,5,5,0,false
678,dash_tbl_02947,5,4,1,false
679,dlk_tbl_00863,5,4,1,false
680,gob_tbl_02693,5,4,1,false
681,gob_tbl_03288,5,4,1,false
682,dlk_tbl_01238,5,4,1,false
683,dlk_tbl_00317,5,4,1,false
684,proc_tbl_00168,5,4,1,false
685,gob_tbl_02381,5,4,1,false
686,dlk_ext_00591,5,5,0,false
687,gob_tbl_03648,5,4,1,false
688,gob_tbl_02082,5,4,1,false
689,dash_tbl_02650,5,4,1,false
690,m4sco_tbl_02456,5,4,1,false
691,gob_tbl_03170,5,4,1,false
692,gob_tbl_03963,5,4,1,false
693,gob_tbl_02100,5,4,1,false
694,dlk_tbl_03686,5,4,1,false
695,proc_tbl_00059,5,4,1,false
696,dlk_ext_00751,5,5,0,false
697,proc_tbl_02945,5,4,1,false
698,dlk_tbl_00143,5,4,1,false
699,proc_ext_00061,5,5,0,false
700,dlk_tbl_01266,5,4,1,false
701,gob_tbl_03734,5,4,1,false
702,dash_ext_00310,5,5,0,false
703,gob_tbl_03064,5,4,1,false
704,dlk_tbl_02437,5,4,1,false
705,dash_ext_00117,5,5,0,false
706,proc_tbl_01010,5,4,1,false
707,gob_tbl_01473,5,4,1,false
708,gob_tbl_00552,5,4,1,false
709,proc_tbl_04298,5,4,1,false
710,dlk_tbl_03271,5,4,1,false
711,dlk_ext_00730,5,5,0,false
712,dash_tbl_00790,5,4,1,false
713,ppn_tbl_04084,5,4,1,false
714,gob_tbl_03454,5,4,1,false
715,dlk_tbl_00065,5,4,1,false
716,gob_tbl_01201,5,4,1,false
717,dlk_tbl_02390,5,4,1,false
718,gob_tbl_02732,5,4,1,false
719,dlk_tbl_00157,5,4,1,false
720,gob_tbl_01003,5,4,1,false
721,gob_tbl_03608,5,4,1,false
722,gob_tbl_04354,5,4,1,false
723,gob_ext_00232,5,5,0,false
724,proc_tbl_03643,5,4,1,false
725,proc_tbl_02902,5,4,1,false
726,dlk_tbl_03255,5,4,1,false
727,proc_tbl_02412,5,4,1,false
728,gob_ext_00324,5,5,0,false
729,dlk_tbl_03635,5,4,1,false
730,dash_tbl_01432,5,4,1,false
731,gob_tbl_01968,5,4,1,false
732,gob_tbl_01098,5,4,1,false
733,gob_tbl_00524,5,4,1,false
734,dlk_tbl_02182,5,4,1,false
735,proc_ext_00040,5,5,0,false
736,proc_tbl_04407,5,4,1,false
737,dlk_tbl_03984,5,4,1,false
738,proc_ext_00033,5,5,0,false
739,proc_tbl_02511,5,4,1,false
740,dlk_tbl_00587,5,4,1,false
741,gob_tbl_02388,5,4,1,false
742,gob_tbl_03089,5,4,1,false
743,proc_tbl_02204,5,4,1,false
744,dlk_tbl_00000,5,4,1,false
745,gob_tbl_01675,5,4,1,false
746,gob_tbl_02137,5,4,1,false
747,dlk_tbl_00955,5,4,1,false
748,dlk_ext_00715,5,5,0,false
749,std_tbl_02858,5,4,1,false
750,gob_tbl_03226,5,4,1,false
751,gob_ext_00058,5,5,0,false
752,dash_tbl_02081,5,4,1,false
753,gob_tbl_02696,5,4,1,false
754,dash_tbl_03055,5,4,1,false
755,gob_tbl_02487,5,4,1,false
756,dlk_ext_00492,5,5,0,false
757,gob_tbl_02534,5,4,1,false
758,dash_tbl_03026,5,4,1,false
759,proc_tbl_04331,5,4,1,false
760,dlk_tbl_00930,5,4,1,false
761,proc_tbl_01818,5,4,1,false
762,dlk_tbl_02739,5,4,1,false
763,std_tbl_00556,5,4,1,false
764,m4sco_tbl_02447,5,3,2,true
765,dlk_tbl_03329,5,4,1,false
766,gob_tbl_04245,5,4,1,false
767,dlk_tbl_04185,5,4,1,false
768,gob_tbl_02093,5,4,1,false
769,gob_tbl_03575,5,4,1,false
770,proc_tbl_00353,5,4,1,false
771,dlk_ext_00468,5,5,0,false
772,dlk_tbl_03228,5,4,1,false
773,dlk_ext_00084,5,5,0,false
774,gob_tbl_03992,5,4,1,false
775,dlk_tbl_00598,5,4,1,false
776,dlk_ext_00300,5,5,0,false
777,dash_tbl_03429,5,4,1,false
778,m4sco_tbl_02942,5,4,1,false
779,m4vw_tbl_03939,5,4,1,false
780,gob_ext_00167,5,5,0,false
781,dlk_tbl_03680,5,4,1,false
782,dlk_tbl_01205,5,4,1,false
783,gob_tbl_00548,5,4,1,false
784,gob_tbl_03121,5,4,1,false
785,gob_tbl_00220,5,4,1,false
786,gob_ext_00526,5,5,0,false
787,dlk_tbl_03961,5,4,1,false
788,gob_ext_00466,5,5,0,false
789,dash_tbl_02046,5,4,1,false
790,proc_tbl_01960,5,4,1,false
791,proc_tbl_04223,4,3,1,false
792,proc_tbl_02074,4,3,1,false
793,proc_ext_00580,4,4,0,false
794,dlk_tbl_02013,4,3,1,false
795,gob_tbl_04046,4,3,1,false
796,dash_tbl_01369,4,3,1,false
797,dlk_tbl_00380,4,3,1,false
798,dlk_tbl_04419,4,3,1,false
799,dlk_tbl_00171,4,3,1,false
800,dlk_ext_00107,4,4,0,false
801,gob_tbl_00763,4,3,1,false
802,proc_tbl_01439,4,3,1,false
803,m4sco_tbl_02881,4,3,1,false
804,proc_tbl_00655,4,3,1,false
805,gob_tbl_00603,4,3,1,false
806,m4vw_tbl_02707,4,3,1,false
807,dlk_tbl_04192,4,3,1,false
808,proc_tbl_01638,4,3,1,false
809,dlk_tbl_00394,4,3,1,false
810,gob_tbl_02815,4,3,1,false
811,dlk_tbl_02116,4,3,1,false
812,dlk_ext_00603,4,4,0,false
813,gob_ext_00124,4,4,0,false
814,dash_ext_00187,4,4,0,false
815,dlk_ext_00642,4,4,0,false
816,proc_tbl_03924,4,3,1,false
817,dlk_tbl_01490,4,3,1,false
818,ppn_tbl_02203,4,3,1,false
819,gob_tbl_01836,4,3,1,false
820,dash_tbl_01252,4,3,1,false
821,gob_tbl_03022,4,3,1,false
822,dlk_tbl_00507,4,3,1,false
823,m4sco_tbl_00954,4,3,1,false
824,proc_tbl_02001,4,3,1,false
825,dash_tbl_01041,4,3,1,false
826,m4sco_tbl_00235,4,3,1,false
827,dlk_ext_00274,4,4,0,false
828,dash_tbl_01902,4,3,1,false
829,dlk_tbl_01908,4,3,1,false
830,proc_tbl_02169,4,3,1,false
831,proc_tbl_02361,4,3,1,false
832,proc_tbl_03921,4,3,1,false
833,gob_tbl_02271,4,3,1,false
834,gob_tbl_01215,4,3,1,false
835,dlk_tbl_00945,4,3,1,false
836,proc_ext_00690,4,4,0,false
837,proc_tbl_02830,4,3,1,false
838,gob_tbl_01989,4,3,1,false
839,gob_tbl_00188,4,3,1,false
840,dlk_tbl_03141,4,3,1,false
841,gob_tbl_00054,4,3,1,false
842,gob_tbl_02406,4,3,1,false
843,dlk_ext_00354,4,4,0,false
844,proc_tbl_00976,4,3,1,false
845,dash_tbl_00979,4,3,1,false
846,gob_ext_00538,4,4,0,false
847,dlk_tbl_00361,4,3,1,false
848,dlk_ext_00570,4,4,0,false
849,dlk_tbl_02646,4,3,1,false
850,gob_tbl_00696,4,3,1,false
851,proc_tbl_03673,4,3,1,false
852,dlk_ext_00605,4,4,0,false
853,gob_tbl_02424,4,3,1,false
854,dash_tbl_01068,4,3,1,false
855,gob_tbl_03238,4,3,1,false
856,proc_ext_00704,4,4,0,false
857,gob_tbl_00634,4,3,1,false
858,dlk_ext_00499,4,4,0,false
859,dlk_tbl_02396,4,3,1,false
860,proc_ext_00741,4,4,0,false
861,gob_tbl_03072,4,3,1,false
862,proc_tbl_02724,4,3,1,false
863,gob_tbl_02310,4,3,1,false
864,proc_ext_00673,4,4,0,false
865,dash_tbl_01541,4,3,1,false
866,gob_tbl_03048,4,3,1,false
867,dlk_tbl_03476,4,3,1,false
868,gob_tbl_01540,4,3,1,false
869,dlk_tbl_00436,4,3,1,false
870,dlk_tbl_01534,4,3,1,false
871,proc_tbl_04423,4,3,1,false
872,dlk_tbl_04351,4,3,1,false
873,dash_tbl_02429,4,3,1,false
874,dlk_tbl_01065,4,3,1,false
875,dash_tbl_02017,4,3,1,false
876,proc_tbl_01899,4,3,1,false
877,dlk_tbl_01930,4,3,1,false
878,proc_tbl_02051,4,3,1,false
879,proc_tbl_02969,4,3,1,false
880,dlk_ext_00430,4,4,0,false
881,std_tbl_00601,4,3,1,false
882,dlk_tbl_02619,4,3,1,false
883,dlk_tbl_03895,4,3,1,false
884,gob_ext_00248,4,4,0,false
885,dlk_tbl_03190,4,3,1,false
886,dlk_tbl_03897,4,3,1,false
887,proc_ext_00648,4,4,0,false
888,proc_tbl_03245,4,3,1,false
889,dlk_tbl_03981,4,3,1,false
890,proc_tbl_02285,4,3,1,false
891,dlk_ext_00164,4,4,0,false
892,dash_tbl_00302,4,3,1,false
893,dlk_tbl_00645,4,3,1,false
894,gob_tbl_00838,4,3,1,false
895,dlk_tbl_01142,4,3,1,false
896,dlk_tbl_02835,4,3,1,false
897,dlk_tbl_02569,4,3,1,false
898,gob_tbl_02316,4,3,1,false
899,gob_tbl_00129,4,3,1,false
900,gob_tbl_02710,4,3,1,false
901,gob_tbl_02917,4,3,1,false
902,proc_tbl_01784,4,3,1,false
903,proc_tbl_00578,4,3,1,false
904,std_tbl_03951,4,3,1,false
905,gob_tbl_00973,4,3,1,false
906,gob_tbl_03923,4,3,1,false
907,dlk_tbl_03223,4,3,1,false
908,gob_tbl_03920,4,3,1,false
909,dash_tbl_01400,4,3,1,false
910,gob_tbl_02730,4,3,1,false
911,proc_tbl_02740,4,3,1,false
912,dlk_tbl_04365,4,3,1,false
913,proc_tbl_01609,4,3,1,false
914,dlk_tbl_03593,4,3,1,false
915,gob_tbl_01226,4,3,1,false
916,dash_tbl_01118,4,3,1,false
917,gob_tbl_02783,4,3,1,false
918,gob_tbl_03983,4,3,1,false
919,proc_ext_00427,4,4,0,false
920,proc_tbl_04060,4,3,1,false
921,dash_tbl_02327,4,3,1,false
922,dlk_tbl_00572,4,3,1,false
923,dlk_tbl_00909,4,3,1,false
924,m4sco_tbl_02199,4,3,1,false
925,gob_tbl_00413,4,3,1,false
926,gob_tbl_00228,4,3,1,false
927,gob_tbl_00309,4,3,1,false
928,dlk_tbl_00125,4,3,1,false
929,dlk_tbl_00767,4,3,1,false
930,dlk_tbl_02750,4,3,1,false
931,gob_tbl_03651,4,3,1,false
932,dlk_tbl_00940,4,3,1,false
933,gob_tbl_03733,4,3,1,false
934,gob_ext_00227,4,4,0,false
935,dlk_tbl_00023,4,3,1,false
936,gob_tbl_01597,4,3,1,false
937,dlk_tbl_02272,4,3,1,false
938,dlk_ext_00362,4,4,0,false
939,gob_tbl_03966,4,3,1,false
940,gob_tbl_00392,4,3,1,false
941,proc_ext_00406,4,4,0,false
942,proc_tbl_00854,4,3,1,false
943,proc_tbl_00584,4,3,1,false
944,dlk_tbl_03418,4,3,1,false
945,m4sco_tbl_04076,4,3,1,false
946,proc_tbl_03757,4,3,1,false
947,dash_tbl_04404,4,3,1,false
948,dash_tbl_03354,4,3,1,false
949,dlk_tbl_00962,4,3,1,false
950,dlk_tbl_03351,4,3,1,false
951,m4vw_tbl_02489,4,3,1,false
952,gob_tbl_02420,4,3,1,false
953,dash_tbl_02107,4,3,1,false
954,dash_tbl_01733,4,3,1,false
955,proc_tbl_04379,4,3,1,false
956,dash_tbl_04417,4,3,1,false
957,dash_ext_00170,4,4,0,false
958,dlk_tbl_04251,4,3,1,false
959,dash_tbl_00893,4,3,1,false
960,std_tbl_02477,4,3,1,false
961,proc_tbl_00238,4,3,1,false
962,dlk_tbl_03327,4,3,1,false
963,dlk_tbl_03595,4,3,1,false
964,std_tbl_01096,4,3,1,false
965,dlk_tbl_02695,4,3,1,false
966,gob_tbl_03116,4,3,1,false
967,gob_tbl_01450,4,3,1,false
968,gob_tbl_02597,4,3,1,false
969,dash_tbl_00583,4,3,1,false
970,dlk_tbl_02383,4,3,1,false
971,gob_tbl_01145,4,3,1,false
972,dlk_tbl_01397,4,3,1,false
973,gob_ext_00475,4,4,0,false
974,dash_tbl_03074,4,3,1,false
975,gob_tbl_00852,4,3,1,false
976,proc_ext_00382,4,4,0,false
977,dlk_tbl_00707,4,3,1,false
978,dlk_tbl_01802,4,3,1,false
979,gob_ext_00068,4,4,0,false
980,gob_tbl_00281,4,3,1,false
981,dlk_tbl_00217,4,3,1,false
982,gob_tbl_01964,4,3,1,false
983,gob_tbl_01911,4,3,1,false
984,dlk_tbl_01211,4,3,1,false
985,dlk_ext_00070,4,4,0,false
986,gob_ext_00391,4,4,0,false
987,dlk_tbl_01180,4,3,1,false
988,gob_tbl_01542,4,3,1,false
989,dash_tbl_03098,4,3,1,false
990,gob_tbl_04393,4,3,1,false
991,std_tbl_03375,4,3,1,false
992,proc_tbl_03297,4,3,1,false
993,dlk_tbl_01139,4,3,1,false
994,dlk_tbl_04294,4,3,1,false
995,dlk_tbl_04108,4,3,1,false
996,gob_tbl_03965,4,3,1,false
997,proc_tbl_01152,4,3,1,false
998,proc_tbl_00984,4,3,1,false
999,gob_tbl_02485,4,3,1,false
1000,gob_tbl_02273,4,3,1,false
1001,gob_tbl_03761,4,3,1,false
1002,proc_tbl_01955,4,3,1,false
1003,gob_tbl_01436,4,3,1,false
1004,gob_tbl_03397,4,3,1,false
1005,proc_tbl_00809,4,3,1,false
1006,m4vw_tbl_04053,4,3,1,false
1007,dlk_tbl_04126,4,3,1,false
1008,dash_tbl_02041,4,3,1,false
1009,gob_tbl_04035,4,3,1,false
1010,dlk_tbl_02865,4,3,1,false
1011,dash_tbl_00142,4,3,1,false
1012,dlk_tbl_04030,4,3,1,false
1013,std_ext_00597,4,4,0,false
1014,gob_tbl_01217,4,3,1,false
1015,dlk_tbl_03339,4,3,1,false
1016,proc_ext_00588,4,4,0,false
1017,dlk_tbl_02525,4,3,1,false
1018,proc_ext_00230,4,4,0,false
1019,gob_tbl_00859,4,3,1,false
1020,std_tbl_01070,4,3,1,false
1021,gob_tbl_00738,4,3,1,false
1022,ppn_tbl_03856,4,2,2,true
1023,dlk_tbl_00792,4,3,1,false
1024,dlk_tbl_01237,4,3,1,false
1025,dlk_tbl_01583,4,3,1,false
1026,proc_ext_00265,4,4,0,false
1027,proc_ext_00396,4,4,0,false
1028,gob_tbl_00916,4,3,1,false
1029,dash_ext_00186,4,4,0,false
1030,gob_tbl_02012,4,3,1,false
1031,gob_tbl_00360,4,3,1,false
1032,dlk_ext_00660,4,4,0,false
1033,gob_tbl_03607,4,3,1,false
1034,dlk_ext_00485,4,4,0,false
1035,dlk_tbl_02387,4,3,1,false
1036,gob_tbl_01746,4,3,1,false
1037,gob_tbl_02516,4,3,1,false
1038,dlk_tbl_02572,4,3,1,false
1039,dlk_tbl_04218,4,3,1,false
1040,dlk_tbl_00956,4,3,1,false
1041,m4vw_tbl_02024,4,3,1,false
1042,gob_tbl_02636,4,3,1,false
1043,gob_tbl_01020,4,3,1,false
1044,dlk_tbl_00064,4,3,1,false
1045,dlk_tbl_03999,4,3,1,false
1046,dlk_tbl_02362,4,3,1,false
1047,dash_tbl_01421,4,3,1,false
1048,dash_tbl_01602,4,3,1,false
1049,dlk_tbl_01306,4,3,1,false
1050,dlk_tbl_02664,4,3,1,false
1051,dlk_tbl_01326,4,3,1,false
1052,dlk_tbl_02663,4,3,1,false
1053,gob_ext_00573,4,4,0,false
1054,gob_tbl_03385,4,3,1,false
1055,dlk_tbl_00812,4,3,1,false
1056,dlk_ext_00387,4,4,0,false
1057,gob_tbl_04300,4,3,1,false
1058,ppn_tbl_02869,4,3,1,false
1059,m4vw_tbl_04151,4,3,1,false
1060,gob_tbl_00652,4,3,1,false
1061,dlk_tbl_01863,4,3,1,false
1062,proc_tbl_00905,4,3,1,false
1063,gob_tbl_02323,4,3,1,false
1064,gob_tbl_04267,4,3,1,false
1065,proc_tbl_02496,4,3,1,false
1066,gob_tbl_03896,4,3,1,false
1067,dlk_ext_00563,4,4,0,false
1068,gob_tbl_02104,4,3,1,false
1069,gob_tbl_00051,4,3,1,false
1070,gob_tbl_04006,4,3,1,false
1071,dlk_tbl_00216,4,3,1,false
1072,gob_tbl_00847,4,3,1,false
1073,std_ext_00679,4,4,0,false
1074,dlk_tbl_01655,4,3,1,false
1075,gob_tbl_03438,4,3,1,false
1076,gob_ext_00423,4,4,0,false
1077,dlk_tbl_01990,4,3,1,false
1078,dlk_ext_00463,4,4,0,false
1079,proc_ext_00343,4,4,0,false
1080,gob_tbl_03816,4,3,1,false
1081,gob_ext_00150,4,4,0,false
1082,gob_tbl_01149,4,3,1,false
1083,proc_tbl_00485,4,3,1,false
1084,gob_tbl_02745,4,3,1,false
1085,dlk_ext_00743,4,4,0,false
1086,dlk_ext_00074,4,4,0,false
1087,proc_tbl_01548,4,3,1,false
1088,gob_tbl_00305,4,3,1,false
1089,dlk_tbl_01447,4,3,1,false
1090,dlk_tbl_03346,4,3,1,false
1091,dash_tbl_02050,4,2,2,true
1092,proc_tbl_02848,4,3,1,false
1093,dlk_tbl_03085,4,3,1,false
1094,gob_tbl_02377,4,3,1,false
1095,gob_tbl_03349,4,2,2,true
1096,proc_tbl_03352,4,3,1,false
1097,ppn_tbl_03964,4,3,1,false
1098,dlk_tbl_00279,4,3,1,false
1099,dash_tbl_02003,4,3,1,false
1100,dlk_ext_00086,4,4,0,false
1101,gob_tbl_04368,4,3,1,false
1102,proc_tbl_02357,4,3,1,false
1103,gob_tbl_02033,4,3,1,false
1104,dlk_ext_00244,4,4,0,false
1105,proc_tbl_00934,4,3,1,false
1106,gob_ext_00293,4,4,0,false
1107,gob_tbl_02647,4,3,1,false
1108,proc_tbl_03893,4,3,1,false
1109,proc_tbl_00061,4,3,1,false
1110,dlk_ext_00025,4,4,0,false
1111,dlk_tbl_03215,4,3,1,false
1112,gob_tbl_03827,4,3,1,false
1113,dlk_tbl_03995,4,3,1,false
1114,dlk_ext_00316,4,4,0,false
1115,gob_tbl_01135,4,3,1,false
1116,gob_tbl_00544,4,3,1,false
1117,dlk_tbl_01405,4,3,1,false
1118,dlk_ext_00436,4,4,0,false
1119,std_tbl_02802,4,3,1,false
1120,gob_tbl_03305,4,3,1,false
1121,dlk_tbl_04220,4,3,1,false
1122,gob_tbl_01219,4,3,1,false
1123,dlk_tbl_02205,4,3,1,false
1124,gob_tbl_00528,4,3,1,false
1125,proc_tbl_04011,4,3,1,false
1126,proc_ext_00728,4,4,0,false
1127,dlk_tbl_02682,4,3,1,false
1128,proc_tbl_01868,4,3,1,false
1129,std_tbl_01078,4,3,1,false
1130,dlk_tbl_04070,4,3,1,false
1131,proc_tbl_03713,4,3,1,false
1132,dlk_ext_00569,4,4,0,false
1133,proc_tbl_01702,4,3,1,false
1134,proc_ext_00706,4,4,0,false
1135,dlk_ext_00738,4,4,0,false
1136,dlk_ext_00658,4,4,0,false
1137,proc_tbl_04221,4,3,1,false
1138,gob_ext_00471,4,4,0,false
1139,dash_tbl_03394,4,3,1,false
1140,gob_tbl_00304,4,3,1,false
1141,gob_tbl_01344,4,3,1,false
1142,gob_tbl_02954,4,3,1,false
1143,dlk_tbl_01370,4,3,1,false
1144,gob_tbl_03671,4,3,1,false
1145,gob_tbl_01322,4,3,1,false
1146,proc_tbl_02627,4,3,1,false
1147,gob_tbl_00554,4,3,1,false
1148,gob_ext_00727,4,4,0,false
1149,dlk_tbl_01566,4,3,1,false
1150,dlk_ext_00586,4,4,0,false
1151,dlk_tbl_01162,4,3,1,false
1152,m4sco_tbl_01015,4,3,1,false
1153,dlk_tbl_00802,4,3,1,false
1154,dlk_tbl_03205,4,3,1,false
1155,proc_tbl_00356,4,3,1,false
1156,dash_tbl_02964,4,3,1,false
1157,dlk_tbl_00045,4,3,1,false
1158,proc_tbl_00650,4,3,1,false
1159,gob_tbl_01441,4,3,1,false
1160,gob_tbl_02196,4,3,1,false
1161,dash_tbl_00221,4,3,1,false
1162,gob_tbl_00620,4,3,1,false
1163,proc_tbl_04119,4,3,1,false
1164,dash_tbl_03918,4,3,1,false
1165,gob_ext_00266,4,4,0,false
1166,gob_tbl_01641,4,3,1,false
1167,gob_tbl_00887,4,3,1,false
1168,dlk_tbl_01375,4,3,1,false
1169,dlk_tbl_02641,4,3,1,false
1170,gob_tbl_02032,4,3,1,false
1171,dash_tbl_02478,4,3,1,false
1172,gob_tbl_02462,4,3,1,false
1173,dlk_tbl_01528,4,3,1,false
1174,dash_tbl_01867,4,3,1,false
1175,gob_ext_00211,4,4,0,false
1176,proc_tbl_00788,4,3,1,false
1177,m4sco_tbl_01952,4,3,1,false
1178,gob_tbl_01854,4,3,1,false
1179,gob_tbl_01061,4,3,1,false
1180,dlk_tbl_03453,4,3,1,false
1181,proc_ext_00036,4,4,0,false
1182,proc_tbl_01571,4,3,1,false
1183,gob_tbl_02913,4,3,1,false
1184,dlk_tbl_00797,4,3,1,false
1185,proc_tbl_04042,4,3,1,false
1186,gob_tbl_03262,4,2,2,true
1187,dlk_tbl_03106,4,2,2,true
1188,gob_tbl_00644,4,3,1,false
1189,dlk_tbl_00856,4,3,1,false
1190,dlk_tbl_03340,4,3,1,false
1191,gob_tbl_02895,4,3,1,false
1192,dlk_tbl_04275,4,3,1,false
1193,gob_tbl_01599,4,3,1,false
1194,proc_tbl_03494,4,3,1,false
1195,gob_tbl_04254,4,3,1,false
1196,dlk_ext_00322,4,4,0,false
1197,dlk_ext_00528,4,4,0,false
1198,ppn_tbl_04104,4,3,1,false
1199,dlk_tbl_02189,4,3,1,false
1200,proc_tbl_02091,4,3,1,false
1201,dlk_tbl_01590,4,3,1,false
1202,std_tbl_03778,4,3,1,false
1203,gob_tbl_02528,4,3,1,false
1204,dlk_ext_00595,4,4,0,false
1205,gob_tbl_00923,4,3,1,false
1206,dlk_ext_00253,4,4,0,false
1207,proc_tbl_01505,4,3,1,false
1208,proc_tbl_04344,4,3,1,false
1209,gob_tbl_02053,4,3,1,false
1210,dlk_ext_00252,4,4,0,false
1211,dlk_tbl_03545,4,3,1,false
1212,dash_ext_00394,4,4,0,false
1213,dlk_ext_00130,4,4,0,false
1214,dash_tbl_01108,4,3,1,false
1215,proc_tbl_00272,4,3,1,false
1216,proc_tbl_00042,4,3,1,false
1217,proc_tbl_04055,4,3,1,false
1218,dlk_tbl_00756,4,3,1,false
1219,gob_tbl_03640,4,3,1,false
1220,dlk_tbl_02818,4,3,1,false
1221,dlk_tbl_03647,4,3,1,false
1222,gob_tbl_00428,4,3,1,false
1223,dash_tbl_01840,4,3,1,false
1224,gob_tbl_01843,4,3,1,false
1225,gob_ext_00195,4,4,0,false
1226,dlk_tbl_02242,4,3,1,false
1227,gob_tbl_01758,4,3,1,false
1228,proc_tbl_03755,4,3,1,false
1229,dlk_ext_00457,4,4,0,false
1230,std_tbl_02994,4,3,1,false
1231,gob_tbl_03801,4,3,1,false
1232,gob_tbl_01963,4,3,1,false
1233,gob_tbl_00296,4,3,1,false
1234,dlk_tbl_02233,4,3,1,false
1235,proc_tbl_02761,4,3,1,false
1236,gob_tbl_01087,4,3,1,false
1237,gob_ext_00589,4,4,0,false
1238,gob_tbl_00995,4,3,1,false
1239,dlk_tbl_01164,4,3,1,false
1240,proc_tbl_03681,4,3,1,false
1241,dash_tbl_00262,4,3,1,false
1242,dlk_tbl_02200,4,3,1,false
1243,gob_tbl_02843,4,3,1,false
1244,proc_tbl_04268,4,3,1,false
1245,dlk_tbl_01552,4,3,1,false
1246,gob_ext_00577,4,4,0,false
1247,proc_tbl_00370,4,3,1,false
1248,dlk_tbl_03355,4,3,1,false
1249,gob_tbl_02398,4,3,1,false
1250,proc_tbl_02342,4,3,1,false
1251,gob_tbl_04422,4,3,1,false
1252,gob_tbl_04040,4,3,1,false
1253,gob_tbl_00776,4,3,1,false
1254,dlk_tbl_02438,4,3,1,false
1255,gob_tbl_02296,4,3,1,false
1256,dlk_tbl_01925,4,3,1,false
1257,gob_tbl_00514,4,3,1,false
1258,proc_tbl_02752,4,3,1,false
1259,proc_tbl_04047,4,3,1,false
1260,dash_ext_00270,4,4,0,false
1261,proc_ext_00075,4,4,0,false
1262,dlk_tbl_03932,4,3,1,false
1263,dlk_ext_00059,4,4,0,false
1264,gob_tbl_04286,4,3,1,false
1265,gob_ext_00144,4,4,0,false
1266,dlk_tbl_02689,4,3,1,false
1267,dlk_ext_00047,4,4,0,false
1268,std_tbl_04363,4,3,1,false
1269,dlk_tbl_00447,4,2,2,true
1270,dlk_tbl_02027,4,3,1,false
1271,std_tbl_02350,4,3,1,false
1272,dash_ext_00520,4,4,0,false
1273,ppn_tbl_02692,4,3,1,false
1274,dlk_tbl_00451,4,3,1,false
1275,dlk_tbl_03153,4,3,1,false
1276,dlk_tbl_04167,4,3,1,false
1277,proc_tbl_03717,4,3,1,false
1278,gob_tbl_00270,4,3,1,false
1279,std_tbl_01502,4,3,1,false
1280,gob_tbl_01598,4,3,1,false
1281,dlk_tbl_03844,4,3,1,false
1282,proc_tbl_03202,4,3,1,false
1283,dash_tbl_01491,4,3,1,false
1284,dlk_tbl_01448,4,3,1,false
1285,std_tbl_00016,3,2,1,false
1286,dlk_ext_00004,3,3,0,false
1287,dlk_tbl_04311,3,2,1,false
1288,gob_tbl_03619,3,2,1,false
1289,dlk_tbl_02611,3,2,1,false
1290,gob_tbl_02000,3,2,1,false
1291,dlk_tbl_02501,3,2,1,false
1292,gob_tbl_03220,3,2,1,false
1293,dlk_tbl_02586,3,2,1,false
1294,gob_tbl_04297,3,2,1,false
1295,m4sco_tbl_03033,3,2,1,false
1296,proc_tbl_01644,3,2,1,false
1297,m4vw_tbl_03412,3,1,2,true
1298,proc_tbl_04309,3,2,1,false
1299,dlk_tbl_01937,3,2,1,false
1300,dlk_tbl_00846,3,2,1,false
1301,gob_tbl_00201,3,2,1,false
1302,gob_tbl_00402,3,2,1,false
1303,gob_tbl_00073,3,2,1,false
1304,dlk_tbl_03719,3,2,1,false
1305,gob_tbl_03169,3,2,1,false
1306,gob_tbl_03542,3,2,1,false
1307,dlk_tbl_02018,3,2,1,false
1308,proc_tbl_03421,3,2,1,false
1309,gob_tbl_01620,3,2,1,false
1310,gob_ext_00558,3,3,0,false
1311,dlk_tbl_00918,3,2,1,false
1312,std_tbl_02532,3,1,2,true
1313,proc_tbl_02253,3,2,1,false
1314,dlk_tbl_01688,3,2,1,false
1315,gob_tbl_00178,3,2,1,false
1316,gob_ext_00441,3,3,0,false
1317,dlk_tbl_00720,3,2,1,false
1318,gob_tbl_01396,3,2,1,false
1319,gob_tbl_01978,3,2,1,false
1320,dlk_ext_00666,3,3,0,false
1321,dlk_tbl_00236,3,2,1,false
1322,dlk_tbl_00237,3,2,1,false
1323,dlk_tbl_01488,3,2,1,false
1324,dash_tbl_00219,3,2,1,false
1325,gob_tbl_00255,3,2,1,false
1326,m4sco_tbl_01242,3,2,1,false
1327,dlk_tbl_02651,3,2,1,false
1328,dash_tbl_03143,3,2,1,false
1329,dlk_tbl_03139,3,2,1,false
1330,dlk_tbl_00588,3,2,1,false
1331,dlk_tbl_01057,3,2,1,false
1332,dash_tbl_04153,3,2,1,false
1333,dash_tbl_01940,3,2,1,false
1334,gob_tbl_00614,3,2,1,false
1335,dlk_tbl_01460,3,2,1,false
1336,m4vw_tbl_03675,3,2,1,false
1337,dlk_tbl_01188,3,2,1,false
1338,proc_ext_00707,3,3,0,false
1339,dlk_tbl_04276,3,2,1,false
1340,dlk_tbl_02476,3,2,1,false
1341,gob_tbl_03912,3,2,1,false
1342,dlk_tbl_00637,3,2,1,false
1343,proc_tbl_00555,3,2,1,false
1344,gob_tbl_00385,3,2,1,false
1345,gob_tbl_02234,3,2,1,false
1346,gob_tbl_00457,3,2,1,false
1347,std_tbl_04034,3,2,1,false
1348,dlk_tbl_02301,3,2,1,false
1349,gob_tbl_02718,3,1,2,true
1350,dash_tbl_00870,3,2,1,false
1351,gob_tbl_01921,3,2,1,false
1352,dlk_tbl_01472,3,2,1,false
1353,dlk_tbl_00116,3,2,1,false
1354,dlk_tbl_03708,3,2,1,false
1355,gob_tbl_01720,3,2,1,false
1356,gob_tbl_00241,3,2,1,false
1357,dlk_tbl_01115,3,2,1,false
1358,gob_tbl_04000,3,2,1,false
1359,dash_tbl_01284,3,2,1,false
1360,dlk_tbl_03754,3,2,1,false
1361,dlk_tbl_00446,3,2,1,false
1362,gob_tbl_02512,3,2,1,false
1363,gob_tbl_02824,3,2,1,false
1364,dlk_ext_00138,3,3,0,false
1365,dash_tbl_01610,3,2,1,false
1366,gob_ext_00206,3,3,0,false
1367,dlk_tbl_00078,3,2,1,false
1368,gob_tbl_01132,3,2,1,false
1369,gob_tbl_00458,3,2,1,false
1370,dlk_tbl_04237,3,2,1,false
1371,dlk_tbl_03929,3,1,2,true
1372,gob_tbl_01493,3,2,1,false
1373,gob_tbl_01200,3,2,1,false
1374,gob_tbl_01523,3,2,1,false
1375,proc_tbl_01752,3,2,1,false
1376,proc_tbl_00772,3,2,1,false
1377,gob_tbl_00452,3,2,1,false
1378,gob_tbl_00057,3,2,1,false
1379,dlk_tbl_02897,3,2,1,false
1380,m4vw_tbl_01116,3,2,1,false
1381,dlk_tbl_03436,3,2,1,false
1382,std_tbl_04188,3,2,1,false
1383,gob_tbl_02609,3,2,1,false
1384,gob_tbl_01418,3,2,1,false
1385,dlk_tbl_03234,3,2,1,false
1386,gob_tbl_02708,3,2,1,false
1387,proc_tbl_03609,3,2,1,false
1388,proc_tbl_00298,3,2,1,false
1389,dlk_tbl_01734,3,2,1,false
1390,dlk_tbl_01985,3,2,1,false
1391,dlk_tbl_02776,3,2,1,false
1392,gob_tbl_02143,3,2,1,false
1393,dlk_tbl_01713,3,2,1,false
1394,dlk_tbl_01385,3,2,1,false
1395,gob_tbl_01264,3,2,1,false
1396,dlk_tbl_01136,3,2,1,false
1397,gob_tbl_01619,3,2,1,false
1398,dlk_tbl_03213,3,2,1,false
1399,gob_tbl_01871,3,2,1,false
1400,gob_tbl_02422,3,2,1,false
1401,proc_tbl_00610,3,2,1,false
1402,dash_tbl_01038,3,2,1,false
1403,proc_tbl_01680,3,2,1,false
1404,dlk_tbl_03743,3,2,1,false
1405,dlk_tbl_03382,3,2,1,false
1406,dlk_tbl_00099,3,2,1,false
1407,dlk_tbl_03155,3,2,1,false
1408,gob_ext_00361,3,3,0,false
1409,dlk_tbl_02672,3,2,1,false
1410,gob_tbl_03748,3,2,1,false
1411,gob_tbl_02047,3,2,1,false
1412,gob_tbl_00332,3,2,1,false
1413,gob_tbl_01995,3,2,1,false
1414,dlk_tbl_02419,3,2,1,false
1415,m4sco_tbl_01593,3,2,1,false
1416,dlk_tbl_00382,3,2,1,false
1417,dash_tbl_02914,3,2,1,false
1418,proc_ext_00739,3,3,0,false
1419,gob_tbl_00024,3,2,1,false
1420,dlk_tbl_00558,3,2,1,false
1421,proc_tbl_00758,3,2,1,false
1422,dlk_tbl_03459,3,2,1,false
1423,proc_tbl_03041,3,2,1,false
1424,dlk_tbl_01501,3,2,1,false
1425,dlk_tbl_02932,3,2,1,false
1426,gob_tbl_01798,3,2,1,false
1427,dlk_tbl_03134,3,2,1,false
1428,std_tbl_00568,3,2,1,false
1429,dlk_tbl_02146,3,2,1,false
1430,dlk_tbl_03957,3,2,1,false
1431,proc_tbl_00673,3,2,1,false
1432,std_tbl_03251,3,2,1,false
1433,proc_tbl_00409,3,2,1,false
1434,dlk_tbl_02409,3,2,1,false
1435,gob_tbl_02020,3,2,1,false
1436,dlk_ext_00744,3,3,0,false
1437,gob_tbl_00105,3,2,1,false
1438,gob_tbl_00081,3,2,1,false
1439,dlk_tbl_03248,3,2,1,false
1440,gob_tbl_00109,3,2,1,false
1441,dlk_tbl_01336,3,2,1,false
1442,dash_tbl_01823,3,2,1,false
1443,dlk_tbl_03219,3,2,1,false
1444,proc_tbl_01625,3,2,1,false
1445,dlk_tbl_04139,3,2,1,false
1446,gob_tbl_04264,3,2,1,false
1447,proc_ext_00333,3,3,0,false
1448,gob_tbl_03661,3,2,1,false
1449,m4vw_tbl_02263,3,2,1,false
1450,dlk_ext_00488,3,3,0,false
1451,gob_tbl_02183,3,2,1,false
1452,gob_ext_00616,3,3,0,false
1453,proc_tbl_02545,3,2,1,false
1454,dlk_tbl_00710,3,2,1,false
1455,gob_tbl_03831,3,2,1,false
1456,gob_ext_00437,3,3,0,false
1457,proc_tbl_00719,3,2,1,false
1458,dlk_tbl_02492,3,2,1,false
1459,proc_tbl_02840,3,2,1,false
1460,dlk_tbl_03914,3,2,1,false
1461,dash_tbl_02853,3,2,1,false
1462,gob_tbl_04026,3,2,1,false
1463,proc_tbl_01248,3,2,1,false
1464,gob_tbl_01161,3,2,1,false
1465,gob_tbl_03900,3,2,1,false
1466,dash_tbl_02548,3,2,1,false
1467,gob_ext_00732,3,3,0,false
1468,proc_tbl_00948,3,2,1,false
1469,dlk_tbl_00787,3,2,1,false
1470,proc_tbl_02970,3,2,1,false
1471,dlk_tbl_00745,3,2,1,false
1472,proc_tbl_03555,3,2,1,false
1473,gob_tbl_01647,3,2,1,false
1474,dlk_tbl_00021,3,2,1,false
1475,gob_tbl_04243,3,2,1,false
1476,dash_tbl_00560,3,2,1,false
1477,gob_tbl_03942,3,2,1,false
1478,proc_tbl_01923,3,2,1,false
1479,dlk_tbl_02294,3,2,1,false
1480,dlk_tbl_02439,3,2,1,false
1481,dash_tbl_02399,3,2,1,false
1482,dlk_tbl_02929,3,2,1,false
1483,ppn_tbl_00853,3,2,1,false
1484,std_tbl_04022,3,2,1,false
1485,gob_tbl_03396,3,2,1,false
1486,gob_tbl_01500,3,2,1,false
1487,dlk_tbl_01489,3,2,1,false
1488,dlk_tbl_00525,3,2,1,false
1489,proc_tbl_00526,3,2,1,false
1490,dlk_ext_00445,3,3,0,false
1491,proc_tbl_03393,3,2,1,false
1492,dlk_tbl_00421,3,2,1,false
1493,dlk_tbl_00202,3,2,1,false
1494,gob_tbl_02097,3,2,1,false
1495,dlk_ext_00313,3,3,0,false
1496,dlk_tbl_00768,3,2,1,false
1497,dlk_tbl_03994,3,2,1,false
1498,gob_tbl_01228,3,2,1,false
1499,dlk_tbl_00996,3,2,1,false
1500,dlk_ext_00306,3,3,0,false
1501,m4sco_tbl_00740,3,2,1,false
1502,dlk_tbl_00037,3,2,1,false
1503,gob_ext_00156,3,3,0,false
1504,dash_tbl_02193,3,2,1,false
1505,gob_tbl_01092,3,2,1,false
1506,gob_tbl_03796,3,2,1,false
1507,dlk_tbl_02580,3,2,1,false
1508,dlk_tbl_00055,3,2,1,false
1509,gob_tbl_03020,3,2,1,false
1510,dlk_tbl_02466,3,2,1,false
1511,gob_ext_00249,3,3,0,false
1512,dlk_tbl_03818,3,2,1,false
1513,dash_tbl_04161,3,2,1,false
1514,gob_tbl_02160,3,2,1,false
1515,std_tbl_02335,3,2,1,false
1516,dlk_ext_00284,3,3,0,false
1517,proc_tbl_04158,3,2,1,false
1518,std_tbl_03766,3,2,1,false
1519,proc_tbl_03149,3,2,1,false
1520,dlk_tbl_02955,3,2,1,false
1521,dlk_tbl_04133,3,2,1,false
1522,dlk_tbl_03582,3,2,1,false
1523,dash_tbl_03161,3,2,1,false
1524,dlk_tbl_04355,3,1,2,true
1525,gob_tbl_02178,3,2,1,false
1526,proc_ext_00115,3,3,0,false
1527,dlk_tbl_03978,3,2,1,false
1528,ppn_tbl_03264,3,2,1,false
1529,proc_ext_00619,3,3,0,false
1530,gob_tbl_02608,3,2,1,false
1531,gob_tbl_04112,3,2,1,false
1532,gob_tbl_01770,3,2,1,false
1533,gob_tbl_01621,3,2,1,false
1534,gob_tbl_02322,3,2,1,false
1535,m4vw_tbl_00653,3,2,1,false
1536,gob_tbl_00268,3,2,1,false
1537,gob_tbl_01627,3,2,1,false
1538,proc_tbl_00744,3,2,1,false
1539,dlk_tbl_03629,3,2,1,false
1540,dlk_tbl_02311,3,2,1,false
1541,m4vw_tbl_02769,3,2,1,false
1542,dlk_tbl_02554,3,2,1,false
1543,dlk_tbl_01762,3,2,1,false
1544,gob_tbl_00246,3,2,1,false
1545,gob_tbl_04009,3,2,1,false
1546,dlk_ext_00393,3,3,0,false
1547,dlk_ext_00614,3,3,0,false
1548,proc_tbl_01019,3,2,1,false
1549,gob_tbl_00379,3,2,1,false
1550,gob_tbl_03763,3,2,1,false
1551,dlk_ext_00377,3,3,0,false
1552,gob_tbl_03525,3,2,1,false
1553,proc_tbl_02546,3,2,1,false
1554,gob_tbl_02924,3,2,1,false
1555,dlk_tbl_02850,3,2,1,false
1556,std_tbl_02673,3,2,1,false
1557,gob_tbl_03841,3,2,1,false
1558,m4vw_tbl_04391,3,2,1,false
1559,gob_tbl_02899,3,2,1,false
1560,dlk_tbl_00350,3,2,1,false
1561,gob_ext_00747,3,3,0,false
1562,proc_tbl_02260,3,2,1,false
1563,dlk_tbl_02352,3,2,1,false
1564,gob_tbl_03440,3,2,1,false
1565,gob_tbl_02210,3,2,1,false
1566,dlk_tbl_00459,3,2,1,false
1567,gob_tbl_00702,3,2,1,false
1568,proc_tbl_02058,3,2,1,false
1569,gob_tbl_00227,3,2,1,false
1570,gob_tbl_00659,3,2,1,false
1571,gob_tbl_01547,3,2,1,false
1572,dlk_ext_00681,3,3,0,false
1573,dlk_tbl_01470,3,2,1,false
1574,std_tbl_00371,3,2,1,false
1575,m4vw_tbl_02691,3,1,2,true
1576,gob_tbl_00355,3,2,1,false
1577,std_ext_00229,3,3,0,false
1578,dlk_tbl_01787,3,2,1,false
1579,dash_ext_00674,3,3,0,false
1580,dlk_tbl_00506,3,2,1,false
1581,dlk_tbl_03822,3,2,1,false
1582,dlk_tbl_02939,3,2,1,false
1583,dlk_tbl_02533,3,2,1,false
1584,dlk_tbl_04144,3,2,1,false
1585,gob_tbl_00803,3,2,1,false
1586,proc_tbl_02876,3,2,1,false
1587,m4sco_tbl_00280,3,2,1,false
1588,proc_tbl_04242,3,2,1,false
1589,gob_tbl_04371,3,2,1,false
1590,gob_tbl_02174,3,2,1,false
1591,dash_tbl_02369,3,1,2,true
1592,gob_tbl_01796,3,2,1,false
1593,dlk_tbl_03513,3,2,1,false
1594,m4sco_tbl_04016,3,2,1,false
1595,proc_tbl_01879,3,2,1,false
1596,proc_tbl_04169,3,2,1,false
1597,gob_tbl_03461,3,2,1,false
1598,dlk_tbl_03263,3,2,1,false
1599,proc_tbl_01069,3,2,1,false
1600,gob_tbl_04366,3,2,1,false
1601,gob_tbl_01861,3,2,1,false
1602,dash_tbl_03246,3,2,1,false
1603,gob_tbl_00034,3,2,1,false
1604,dlk_tbl_01679,3,2,1,false
1605,ppn_tbl_01267,3,2,1,false
1606,proc_tbl_02758,3,2,1,false
1607,dlk_tbl_00357,3,2,1,false
1608,proc_tbl_00249,3,2,1,false
1609,dlk_tbl_02904,3,2,1,false
1610,dlk_tbl_02150,3,2,1,false
1611,dlk_tbl_02583,3,2,1,false
1612,gob_tbl_01355,3,2,1,false
1613,m4sco_tbl_03835,3,2,1,false
1614,m4sco_tbl_04414,3,2,1,false
1615,dlk_tbl_04265,3,2,1,false
1616,proc_tbl_01173,3,2,1,false
1617,proc_tbl_02606,3,2,1,false
1618,dlk_tbl_03376,3,2,1,false
1619,dlk_tbl_01389,3,2,1,false
1620,dlk_tbl_01694,3,2,1,false
1621,proc_tbl_02637,3,2,1,false
1622,std_tbl_03451,3,2,1,false
1623,dash_tbl_02604,3,2,1,false
1624,gob_tbl_01210,3,2,1,false
1625,dlk_tbl_01605,3,2,1,false
1626,dlk_tbl_00180,3,2,1,false
1627,proc_ext_00460,3,3,0,false
1628,dlk_tbl_02283,3,2,1,false
1629,gob_tbl_00516,3,2,1,false
1630,proc_tbl_01819,3,2,1,false
1631,gob_ext_00271,3,3,0,false
1632,dlk_ext_00365,3,3,0,false
1633,proc_tbl_02343,3,2,1,false
1634,proc_tbl_03239,3,2,1,false
1635,gob_tbl_01302,3,2,1,false
1636,gob_ext_00414,3,3,0,false
1637,dlk_tbl_01437,3,2,1,false
1638,dlk_tbl_03222,3,2,1,false
1639,dash_tbl_03636,3,2,1,false
1640,dlk_tbl_02851,3,2,1,false
1641,dlk_tbl_00289,3,2,1,false
1642,gob_tbl_00831,3,2,1,false
1643,gob_tbl_00621,3,2,1,false
1644,dlk_tbl_03185,3,2,1,false
1645,dlk_ext_00158,3,3,0,false
1646,std_tbl_01546,3,2,1,false
1647,proc_tbl_02435,3,2,1,false
1648,dlk_tbl_01630,3,2,1,false
1649,dlk_ext_00192,3,3,0,false
1650,gob_tbl_02560,3,2,1,false
1651,dash_tbl_01723,3,2,1,false
1652,dash_tbl_02315,3,2,1,false
1653,gob_tbl_00609,3,2,1,false
1654,m4sco_tbl_01174,3,2,1,false
1655,dlk_tbl_01004,3,2,1,false
1656,dlk_tbl_03443,3,2,1,false
1657,dlk_tbl_00196,3,2,1,false
1658,dlk_tbl_00669,3,2,1,false
1659,dlk_tbl_00239,3,2,1,false
1660,gob_ext_00374,3,3,0,false
1661,m4sco_tbl_00043,3,2,1,false
1662,dlk_ext_00344,3,3,0,false
1663,gob_tbl_02347,3,2,1,false
1664,gob_tbl_02958,3,2,1,false
1665,dlk_tbl_03468,3,2,1,false
1666,gob_tbl_00951,3,2,1,false
1667,dlk_tbl_01584,3,2,1,false
1668,proc_tbl_02657,3,2,1,false
1669,dash_tbl_03550,3,2,1,false
1670,dash_tbl_02413,3,2,1,false
1671,proc_tbl_00079,3,2,1,false
1672,dash_tbl_03200,3,2,1,false
1673,gob_ext_00434,3,3,0,false
1674,gob_tbl_02079,3,2,1,false
1675,gob_tbl_02201,3,2,1,false
1676,m4vw_tbl_01658,3,2,1,false
1677,gob_tbl_02031,3,2,1,false
1678,gob_tbl_02706,3,2,1,false
1679,gob_ext_00191,3,3,0,false
1680,gob_tbl_02165,3,2,1,false
1681,gob_tbl_04420,3,2,1,false
1682,dlk_tbl_01555,3,2,1,false
1683,dlk_tbl_04168,3,2,1,false
1684,proc_tbl_03617,3,2,1,false
1685,proc_tbl_00799,3,2,1,false
1686,m4vw_tbl_03054,3,2,1,false
1687,proc_tbl_00582,3,2,1,false
1688,dash_tbl_03314,3,2,1,false
1689,gob_ext_00388,3,3,0,false
1690,dlk_tbl_04312,3,2,1,false
1691,gob_tbl_02181,3,2,1,false
1692,dlk_tbl_02677,3,2,1,false
1693,dlk_tbl_02133,3,2,1,false
1694,gob_ext_00134,3,3,0,false
1695,dlk_tbl_03875,3,2,1,false
1696,proc_tbl_02613,3,2,1,false
1697,gob_ext_00572,3,3,0,false
1698,dash_ext_00699,3,3,0,false
1699,proc_tbl_04038,3,2,1,false
1700,dlk_tbl_01154,3,2,1,false
1701,proc_tbl_00510,3,2,1,false
1702,dlk_tbl_00316,3,2,1,false
1703,gob_tbl_04072,3,2,1,false
1704,m4vw_tbl_00115,3,2,1,false
1705,gob_tbl_01726,3,2,1,false
1706,gob_tbl_00520,3,2,1,false
1707,dlk_tbl_01786,3,2,1,false
1708,dlk_ext_00254,3,3,0,false
1709,proc_tbl_03973,3,2,1,false
1710,proc_tbl_01776,3,2,1,false
1711,dlk_tbl_02475,3,2,1,false
1712,dlk_tbl_02555,3,2,1,false
1713,m4sco_tbl_00185,3,2,1,false
1714,dlk_ext_00613,3,3,0,false
1715,dlk_tbl_00335,3,2,1,false
1716,proc_tbl_00966,3,2,1,false
1717,dlk_tbl_01410,3,2,1,false
1718,dlk_tbl_04233,3,1,2,true
1719,gob_tbl_01907,3,2,1,false
1720,gob_tbl_00121,3,2,1,false
1721,gob_tbl_02341,3,2,1,false
1722,dlk_tbl_03871,3,2,1,false
1723,gob_tbl_04096,3,2,1,false
1724,gob_tbl_02635,3,1,2,true
1725,dash_ext_00510,3,3,0,false
1726,gob_tbl_01250,3,2,1,false
1727,gob_tbl_01232,3,2,1,false
1728,dlk_tbl_00397,3,2,1,false
1729,dlk_tbl_01740,3,2,1,false
1730,gob_tbl_03807,3,2,1,false
1731,dash_tbl_00494,3,2,1,false
1732,dlk_tbl_01606,3,2,1,false
1733,gob_tbl_01384,3,2,1,false
1734,dlk_tbl_02638,3,2,1,false
1735,gob_tbl_00769,3,2,1,false
1736,gob_tbl_02716,3,2,1,false
1737,gob_tbl_04021,3,2,1,false
1738,gob_tbl_02405,3,2,1,false
1739,gob_tbl_03493,3,2,1,false
1740,proc_tbl_00009,3,2,1,false
1741,dlk_tbl_03343,3,2,1,false
1742,proc_tbl_00287,3,2,1,false
1743,gob_ext_00155,3,3,0,false
1744,gob_tbl_03492,3,2,1,false
1745,std_ext_00185,3,3,0,false
1746,gob_tbl_03326,3,1,2,true
1747,gob_ext_00380,3,3,0,false
1748,gob_tbl_02842,3,2,1,false
1749,dash_tbl_00276,3,2,1,false
1750,m4sco_tbl_02800,3,2,1,false
1751,gob_tbl_00489,3,2,1,false
1752,dlk_ext_00311,3,3,0,false
1753,dash_tbl_01257,3,2,1,false
1754,gob_tbl_00530,3,2,1,false
1755,dash_tbl_02735,3,2,1,false
1756,dash_tbl_04292,3,2,1,false
1757,dlk_tbl_02799,3,2,1,false
1758,dlk_tbl_01177,3,2,1,false
1759,gob_tbl_02821,3,2,1,false
1760,gob_tbl_01021,3,2,1,false
1761,dlk_tbl_01157,3,2,1,false
1762,gob_tbl_03335,3,2,1,false
1763,gob_ext_00203,3,3,0,false
1764,dlk_tbl_03266,3,2,1,false
1765,proc_tbl_02289,3,2,1,false
1766,proc_tbl_03612,3,2,1,false
1767,dash_tbl_02261,3,2,1,false
1768,dash_tbl_00810,3,2,1,false
1769,dlk_tbl_02886,3,2,1,false
1770,gob_tbl_04017,3,1,2,true
1771,gob_tbl_04204,3,2,1,false
1772,dash_tbl_02071,3,2,1,false
1773,dlk_tbl_02839,3,2,1,false
1774,proc_tbl_01342,3,2,1,false
1775,gob_tbl_03446,3,2,1,false
1776,dlk_tbl_01079,3,2,1,false
1777,dlk_tbl_01585,3,2,1,false
1778,proc_tbl_00077,3,2,1,false
1779,dlk_tbl_02007,3,2,1,false
1780,dash_tbl_03140,3,2,1,false
1781,gob_tbl_02408,3,2,1,false
1782,gob_tbl_01427,3,2,1,false
1783,proc_tbl_03496,3,2,1,false
1784,gob_tbl_00048,3,2,1,false
1785,dash_tbl_02814,3,2,1,false
1786,gob_tbl_02536,3,2,1,false
1787,dlk_tbl_00445,3,2,1,false
1788,dlk_tbl_03416,3,2,1,false
1789,gob_tbl_03986,3,2,1,false
1790,dlk_tbl_03859,3,2,1,false
1791,proc_tbl_03572,3,2,1,false
1792,dlk_tbl_02118,3,2,1,false
1793,gob_tbl_03473,3,2,1,false
1794,std_tbl_00005,3,2,1,false
1795,std_tbl_02728,3,2,1,false
1796,proc_tbl_01097,3,2,1,false
1797,gob_tbl_02893,3,2,1,false
1798,gob_tbl_03268,3,2,1,false
1799,gob_tbl_04179,3,2,1,false
1800,gob_tbl_02671,3,2,1,false
1801,gob_tbl_01855,3,2,1,false
1802,dlk_tbl_01478,3,2,1,false
1803,dlk_tbl_02584,3,2,1,false
1804,gob_tbl_03105,3,2,1,false
1805,dlk_tbl_00770,3,2,1,false
1806,dlk_tbl_01738,3,2,1,false
1807,m4vw_tbl_00427,3,2,1,false
1808,dlk_tbl_02595,3,1,2,true
1809,dlk_tbl_00522,3,2,1,false
1810,gob_tbl_01156,3,2,1,false
1811,dash_tbl_02957,3,2,1,false
1812,dlk_ext_00038,3,3,0,false
1813,dlk_tbl_00759,3,2,1,false
1814,gob_tbl_03358,3,2,1,false
1815,gob_tbl_01401,3,2,1,false
1816,m4vw_ext_00122,3,3,0,false
1817,dash_tbl_02884,3,2,1,false
1818,proc_ext_00200,3,3,0,false
1819,dlk_tbl_03952,3,2,1,false
1820,dlk_ext_00318,3,3,0,false
1821,gob_ext_00132,3,3,0,false
1822,dlk_tbl_00147,3,2,1,false
1823,gob_tbl_02870,3,2,1,false
1824,dlk_tbl_01820,3,2,1,false
1825,gob_ext_00426,3,3,0,false
1826,gob_tbl_00964,3,2,1,false
1827,gob_tbl_02187,3,2,1,false
1828,dlk_tbl_02172,3,2,1,false
1829,dlk_tbl_04308,3,2,1,false
1830,gob_tbl_03065,3,2,1,false
1831,dlk_tbl_03491,3,2,1,false
1832,gob_tbl_03254,3,2,1,false
1833,dlk_tbl_01073,3,2,1,false
1834,dlk_tbl_00549,3,2,1,false
1835,proc_tbl_02948,3,2,1,false
1836,gob_tbl_01083,3,2,1,false
1837,dlk_tbl_04314,3,2,1,false
1838,dlk_tbl_00438,3,2,1,false
1839,gob_tbl_03160,3,1,2,true
1840,gob_tbl_02998,3,2,1,false
1841,dlk_tbl_03447,3,2,1,false
1842,proc_ext_00173,3,3,0,false
1843,dlk_tbl_00617,3,2,1,false
1844,gob_tbl_03906,3,2,1,false
1845,dlk_tbl_00935,3,2,1,false
1846,dlk_ext_00267,3,3,0,false
1847,dlk_tbl_01315,3,2,1,false
1848,proc_tbl_03475,3,2,1,false
1849,dlk_tbl_00456,3,2,1,false
1850,gob_ext_00359,3,3,0,false
1851,dlk_tbl_03337,3,2,1,false
1852,gob_tbl_01594,3,2,1,false
1853,gob_tbl_03210,3,2,1,false
1854,gob_tbl_02552,3,2,1,false
1855,dlk_tbl_00595,3,2,1,false
1856,gob_tbl_00313,3,2,1,false
1857,gob_tbl_04088,3,2,1,false
1858,gob_tbl_00090,3,2,1,false
1859,gob_tbl_01433,3,2,1,false
1860,dlk_tbl_02120,3,2,1,false
1861,gob_tbl_01032,3,2,1,false
1862,proc_tbl_01515,3,2,1,false
1863,gob_tbl_01064,3,2,1,false
1864,gob_tbl_00425,3,2,1,false
1865,gob_tbl_01659,3,2,1,false
1866,proc_tbl_01607,3,2,1,false
1867,dlk_tbl_03120,3,2,1,false
1868,dlk_tbl_00542,3,2,1,false
1869,gob_tbl_03104,3,2,1,false
1870,gob_tbl_01842,3,2,1,false
1871,gob_tbl_03820,3,2,1,false
1872,std_tbl_02076,3,2,1,false
1873,dash_tbl_02911,3,2,1,false
1874,gob_tbl_01943,3,2,1,false
1875,dlk_tbl_00823,3,1,2,true
1876,gob_tbl_02857,3,2,1,false
1877,proc_tbl_02374,3,2,1,false
1878,dlk_ext_00602,3,3,0,false
1879,dlk_tbl_02446,3,2,1,false
1880,dlk_tbl_02975,3,2,1,false
1881,dlk_tbl_04049,3,2,1,false
1882,gob_tbl_04330,3,2,1,false
1883,dlk_tbl_00308,3,2,1,false
1884,dlk_tbl_03785,3,2,1,false
1885,gob_tbl_02134,3,2,1,false
1886,dlk_ext_00440,3,3,0,false
1887,gob_ext_00513,3,3,0,false
1888,gob_tbl_04101,3,2,1,false
1889,dlk_tbl_02936,3,1,2,true
1890,proc_tbl_00341,3,2,1,false
1891,gob_tbl_00591,3,2,1,false
1892,proc_ext_00335,3,3,0,false
1893,dlk_tbl_02099,3,2,1,false
1894,proc_tbl_02649,3,2,1,false
1895,gob_tbl_00608,3,2,1,false
1896,gob_tbl_01771,3,2,1,false
1897,dlk_tbl_03093,3,2,1,false
1898,gob_tbl_02368,3,2,1,false
1899,std_tbl_03898,3,2,1,false
1900,dlk_tbl_02631,3,2,1,false
1901,gob_tbl_00453,3,2,1,false
1902,dlk_tbl_01192,3,2,1,false
1903,gob_tbl_03024,3,2,1,false
1904,dash_tbl_00994,3,2,1,false
1905,dlk_tbl_00993,3,2,1,false
1906,gob_tbl_03260,3,2,1,false
1907,proc_tbl_00476,3,2,1,false
1908,dlk_tbl_03299,3,2,1,false
1909,dlk_tbl_02785,3,2,1,false
1910,dlk_ext_00748,3,3,0,false
1911,gob_tbl_02060,3,2,1,false
1912,dlk_tbl_01608,3,2,1,false
1913,dlk_tbl_03289,3,2,1,false
1914,dlk_tbl_01924,3,2,1,false
1915,dash_tbl_02937,3,2,1,false
1916,dlk_tbl_01393,3,2,1,false
1917,proc_tbl_03991,3,2,1,false
1918,std_tbl_03379,3,2,1,false
1919,gob_tbl_01664,3,2,1,false
1920,dlk_tbl_02251,3,2,1,false
1921,dash_ext_00054,3,3,0,false
1922,dash_tbl_03311,3,2,1,false
1923,gob_tbl_03380,3,2,1,false
1924,dash_ext_00005,3,3,0,false
1925,proc_tbl_02749,3,2,1,false
1926,proc_tbl_00972,3,2,1,false
1927,gob_tbl_01471,3,2,1,false
1928,gob_tbl_00253,3,2,1,false
1929,gob_tbl_03079,3,2,1,false
1930,std_ext_00470,3,3,0,false
1931,gob_tbl_04130,3,2,1,false
1932,gob_tbl_00122,3,2,1,false
1933,gob_tbl_02292,3,2,1,false
1934,gob_tbl_00393,3,2,1,false
1935,std_tbl_03287,3,2,1,false
1936,gob_tbl_03490,3,2,1,false
1937,gob_tbl_04247,3,2,1,false
1938,dlk_tbl_02295,3,2,1,false
1939,gob_tbl_03762,3,2,1,false
1940,gob_tbl_00198,3,2,1,false
1941,dlk_tbl_04122,3,2,1,false
1942,dlk_tbl_02759,3,2,1,false
1943,dlk_tbl_04098,3,2,1,false
1944,dlk_tbl_00492,3,2,1,false
1945,dlk_tbl_02338,3,2,1,false
1946,gob_tbl_01814,3,2,1,false
1947,gob_tbl_00746,3,2,1,false
1948,dlk_tbl_01806,3,2,1,false
1949,gob_tbl_00981,3,2,1,false
1950,std_tbl_01872,3,2,1,false
1951,gob_tbl_00240,3,2,1,false
1952,gob_tbl_03142,3,2,1,false
1953,gob_tbl_04138,3,2,1,false
1954,dlk_ext_00548,3,3,0,false
1955,proc_tbl_04143,3,2,1,false
1956,dlk_tbl_01942,3,2,1,false
1957,dlk_tbl_03968,3,2,1,false
1958,gob_tbl_03574,3,2,1,false
1959,dlk_tbl_03509,3,2,1,false
1960,dlk_tbl_02589,3,2,1,false
1961,gob_tbl_01049,3,2,1,false
1962,gob_tbl_03882,3,2,1,false
1963,dlk_tbl_03383,3,2,1,false
1964,gob_tbl_04207,3,2,1,false
1965,gob_tbl_01332,3,2,1,false
1966,dlk_tbl_04335,3,2,1,false
1967,dlk_ext_00665,3,3,0,false
1968,dlk_tbl_02774,3,2,1,false
1969,dlk_tbl_04073,3,2,1,false
1970,gob_tbl_01504,3,2,1,false
1971,dlk_tbl_03184,3,2,1,false
1972,dlk_tbl_02449,3,2,1,false
1973,gob_tbl_01394,3,2,1,false
1974,gob_tbl_03095,3,2,1,false
1975,gob_tbl_03009,3,2,1,false
1976,dash_tbl_04413,3,2,1,false
1977,gob_tbl_00834,3,2,1,false
1978,dlk_ext_00348,3,3,0,false
1979,dlk_tbl_00329,3,2,1,false
1980,dlk_tbl_01569,3,2,1,false
1981,dlk_tbl_00150,3,2,1,false
1982,dlk_tbl_04332,3,2,1,false
1983,proc_tbl_03874,3,2,1,false
1984,dash_tbl_00416,3,2,1,false
1985,m4sco_tbl_03460,3,2,1,false
1986,dash_ext_00397,3,3,0,false
1987,gob_tbl_03410,3,2,1,false
1988,dlk_tbl_03691,3,2,1,false
1989,dlk_ext_00723,3,3,0,false
1990,dlk_tbl_03855,3,2,1,false
1991,proc_tbl_04327,3,2,1,false
1992,dlk_tbl_01506,3,2,1,false
1993,gob_tbl_03399,3,2,1,false
1994,proc_tbl_00630,3,2,1,false
1995,proc_tbl_03539,3,2,1,false
1996,gob_ext_00601,3,3,0,false
1997,m4sco_tbl_04241,3,2,1,false
1998,dlk_tbl_03804,3,2,1,false
1999,dlk_tbl_00599,3,2,1,false
2000,dlk_tbl_03888,3,2,1,false
2001,gob_tbl_02888,3,2,1,false
2002,gob_tbl_02064,3,2,1,false
2003,proc_ext_00013,3,3,0,false
2004,gob_tbl_04173,3,2,1,false
2005,dlk_tbl_00420,3,2,1,false
2006,dlk_tbl_04062,3,2,1,false
2007,dlk_tbl_04079,3,2,1,false
2008,gob_tbl_02811,3,1,2,true
2009,dlk_tbl_01009,3,2,1,false
2010,proc_tbl_01392,3,2,1,false
2011,std_tbl_01494,3,2,1,false
2012,gob_tbl_02083,3,2,1,false
2013,dlk_tbl_01735,3,2,1,false
2014,gob_tbl_02144,3,2,1,false
2015,gob_tbl_01424,3,2,1,false
2016,gob_tbl_00140,3,2,1,false
2017,dash_tbl_01299,3,2,1,false
2018,gob_tbl_03828,3,2,1,false
2019,dlk_tbl_02524,3,2,1,false
2020,gob_tbl_04164,3,2,1,false
2021,gob_tbl_01537,3,2,1,false
2022,proc_tbl_02370,3,2,1,false
2023,gob_ext_00226,3,3,0,false
2024,gob_tbl_01766,3,2,1,false
2025,dlk_tbl_02556,3,2,1,false
2026,gob_tbl_04385,3,2,1,false
2027,dlk_tbl_00890,3,2,1,false
2028,dlk_tbl_01072,3,2,1,false
2029,gob_tbl_00512,3,2,1,false
2030,dlk_tbl_01458,3,2,1,false
2031,gob_tbl_00654,3,2,1,false
2032,gob_tbl_00288,3,2,1,false
2033,dlk_tbl_04201,3,2,1,false
2034,proc_ext_00568,3,3,0,false
2035,dlk_tbl_01222,3,2,1,false
2036,dlk_tbl_02365,3,2,1,false
2037,gob_tbl_03029,3,2,1,false
2038,std_tbl_02590,3,2,1,false
2039,proc_tbl_03448,3,2,1,false
2040,gob_tbl_00482,3,2,1,false
2041,dlk_tbl_03653,3,2,1,false
2042,gob_tbl_04155,3,1,2,true
2043,proc_tbl_04125,3,2,1,false
2044,proc_tbl_03927,3,2,1,false
2045,dash_ext_00078,3,3,0,false
2046,std_tbl_03724,3,2,1,false
2047,proc_tbl_01565,3,2,1,false
2048,dlk_ext_00104,3,3,0,false
2049,gob_tbl_03129,3,2,1,false
2050,gob_ext_00752,3,3,0,false
2051,gob_tbl_01359,3,2,1,false
2052,std_tbl_02683,3,2,1,false
2053,proc_tbl_01194,3,2,1,false
2054,proc_tbl_01320,3,2,1,false
2055,dash_tbl_02043,3,2,1,false
2056,gob_tbl_02028,3,2,1,false
2057,dlk_tbl_01113,3,2,1,false
2058,gob_tbl_03678,3,2,1,false
2059,std_tbl_03592,3,2,1,false
2060,gob_tbl_02834,3,1,2,true
2061,gob_tbl_00472,3,2,1,false
2062,dlk_tbl_00226,3,2,1,false
2063,dash_tbl_02062,3,2,1,false
2064,gob_tbl_03233,2,1,1,false
2065,gob_tbl_00672,2,1,1,false
2066,dash_tbl_03933,2,1,1,false
2067,ppn_tbl_00113,2,1,1,false
2068,dash_tbl_00318,2,1,1,false
2069,proc_tbl_04270,2,1,1,false
2070,dlk_tbl_03891,2,1,1,false
2071,gob_tbl_03130,2,1,1,false
2072,proc_tbl_02302,2,1,1,false
2073,gob_tbl_00010,2,1,1,false
2074,gob_tbl_02549,2,1,1,false
2075,dlk_tbl_01080,2,1,1,false
2076,gob_tbl_02312,2,1,1,false
2077,gob_tbl_01025,2,1,1,false
2078,proc_tbl_00204,2,1,1,false
2079,dlk_tbl_03367,2,1,1,false
2080,std_tbl_01426,2,1,1,false
2081,dlk_tbl_02626,2,1,1,false
2082,m4sco_tbl_03084,2,1,1,false
2083,gob_tbl_00898,2,1,1,false
2084,gob_tbl_00862,2,1,1,false
2085,dlk_tbl_00865,2,1,1,false
2086,dlk_tbl_01165,2,1,1,false
2087,proc_tbl_01915,2,1,1,false
2088,gob_tbl_02500,2,1,1,false
2089,gob_tbl_01327,2,1,1,false
2090,proc_tbl_01689,2,1,1,false
2091,dlk_tbl_01399,2,1,1,false
2092,dlk_tbl_00566,2,1,1,false
2093,proc_tbl_03833,2,1,1,false
2094,proc_tbl_02878,2,1,1,false
2095,gob_tbl_00638,2,1,1,false
2096,proc_tbl_00728,2,0,2,true
2097,gob_tbl_01539,2,1,1,false
2098,dlk_tbl_01133,2,1,1,false
2099,proc_tbl_02653,2,1,1,false
2100,dlk_tbl_01670,2,1,1,false
2101,gob_tbl_00919,2,1,1,false
2102,gob_tbl_04306,2,1,1,false
2103,m4sco_tbl_02084,2,1,1,false
2104,proc_tbl_01744,2,1,1,false
2105,dash_tbl_03186,2,1,1,false
2106,proc_tbl_02863,2,1,1,false
2107,dlk_tbl_01519,2,0,2,true
2108,gob_tbl_03193,2,1,1,false
2109,dlk_tbl_04304,2,1,1,false
2110,dlk_tbl_00408,2,1,1,false
2111,gob_tbl_03424,2,1,1,false
2112,proc_tbl_00179,2,1,1,false
2113,gob_tbl_03462,2,1,1,false
2114,gob_tbl_04338,2,1,1,false
2115,dlk_tbl_00680,2,0,2,true
2116,gob_tbl_02794,2,1,1,false
2117,dlk_tbl_02414,2,1,1,false
2118,dlk_tbl_01223,2,1,1,false
2119,gob_tbl_00189,2,1,1,false
2120,gob_tbl_01323,2,1,1,false
2121,dash_tbl_02866,2,1,1,false
2122,gob_tbl_02585,2,1,1,false
2123,dlk_tbl_03665,2,1,1,false
2124,gob_tbl_00487,2,1,1,false
2125,dlk_tbl_01005,2,1,1,false
2126,gob_tbl_00835,2,1,1,false
2127,proc_tbl_01402,2,1,1,false
2128,dlk_tbl_00695,2,1,1,false
2129,gob_tbl_03704,2,1,1,false
2130,gob_tbl_02115,2,1,1,false
2131,gob_tbl_00874,2,1,1,false
2132,dlk_tbl_01778,2,1,1,false
2133,dash_tbl_02542,2,1,1,false
2134,proc_tbl_01853,2,1,1,false
2135,dash_tbl_01462,2,1,1,false
2136,gob_tbl_02141,2,1,1,false
2137,dlk_tbl_04136,2,1,1,false
2138,gob_tbl_01011,2,1,1,false
2139,gob_ext_00737,2,2,0,false
2140,proc_tbl_02515,2,1,1,false
2141,dash_tbl_00686,2,1,1,false
2142,dash_tbl_03605,2,1,1,false
2143,dlk_ext_00682,2,2,0,false
2144,proc_tbl_01948,2,1,1,false
2145,dash_tbl_00975,2,1,1,false
2146,gob_tbl_02328,2,1,1,false
2147,gob_tbl_03147,2,1,1,false
2148,dlk_tbl_00167,2,1,1,false
2149,dash_tbl_03124,2,1,1,false
2150,proc_tbl_02509,2,1,1,false
2151,proc_tbl_00184,2,1,1,false
2152,gob_tbl_02469,2,1,1,false
2153,proc_tbl_04008,2,1,1,false
2154,gob_tbl_00363,2,1,1,false
2155,dlk_tbl_02288,2,1,1,false
2156,gob_tbl_01361,2,1,1,false
2157,dlk_tbl_03809,2,1,1,false
2158,dlk_tbl_00998,2,1,1,false
2159,dlk_tbl_01109,2,1,1,false
2160,gob_tbl_00760,2,1,1,false
2161,dlk_tbl_03387,2,1,1,false
2162,dlk_tbl_00860,2,1,1,false
2163,std_tbl_03269,2,1,1,false
2164,proc_tbl_02192,2,1,1,false
2165,std_tbl_00629,2,1,1,false
2166,dlk_tbl_03884,2,1,1,false
2167,gob_tbl_00190,2,1,1,false
2168,m4vw_tbl_02723,2,1,1,false
2169,proc_tbl_02885,2,1,1,false
2170,gob_tbl_03674,2,1,1,false
2171,m4vw_tbl_00123,2,1,1,false
2172,gob_tbl_02963,2,1,1,false
2173,proc_tbl_04129,2,1,1,false
2174,gob_tbl_00194,2,1,1,false
2175,dlk_tbl_02618,2,1,1,false
2176,proc_ext_00639,2,2,0,false
2177,gob_tbl_03208,2,1,1,false
2178,dlk_tbl_01169,2,1,1,false
2179,dlk_tbl_02860,2,1,1,false
2180,dlk_ext_00001,2,2,0,false
2181,dash_tbl_00872,2,1,1,false
2182,dlk_tbl_02333,2,1,1,false
2183,gob_tbl_01086,2,1,1,false
2184,gob_tbl_00323,2,1,1,false
2185,proc_ext_00049,2,2,0,false
2186,dash_tbl_02632,2,1,1,false
2187,dash_tbl_00795,2,1,1,false
2188,dlk_tbl_02817,2,1,1,false
2189,std_tbl_00734,2,0,2,true
2190,dlk_tbl_01634,2,1,1,false
2191,dlk_tbl_03298,2,1,1,false
2192,gob_tbl_01926,2,1,1,false
2193,gob_tbl_02404,2,1,1,false
2194,gob_tbl_02154,2,1,1,false
2195,gob_tbl_01307,2,1,1,false
2196,proc_tbl_02596,2,1,1,false
2197,gob_tbl_03838,2,1,1,false
2198,dlk_ext_00428,2,2,0,false
2199,dlk_tbl_01084,2,1,1,false
2200,dlk_tbl_03546,2,1,1,false
2201,gob_tbl_01846,2,1,1,false
2202,dash_tbl_01834,2,1,1,false
2203,dlk_ext_00016,2,2,0,false
2204,std_tbl_00864,2,1,1,false
2205,dlk_tbl_00493,2,1,1,false
2206,proc_ext_00562,2,2,0,false
2207,gob_tbl_00811,2,1,1,false
2208,gob_tbl_04426,2,1,1,false
2209,gob_tbl_02812,2,1,1,false
2210,dlk_tbl_02224,2,1,1,false
2211,gob_tbl_02742,2,1,1,false
2212,dlk_tbl_02235,2,1,1,false
2213,dlk_tbl_02132,2,1,1,false
2214,dlk_tbl_02564,2,1,1,false
2215,dlk_tbl_00247,2,1,1,false
2216,dash_tbl_01757,2,1,1,false
2217,proc_tbl_00333,2,1,1,false
2218,gob_tbl_03272,2,1,1,false
2219,proc_tbl_01195,2,1,1,false
2220,dlk_tbl_02080,2,1,1,false
2221,proc_ext_00148,2,2,0,false
2222,dlk_tbl_04322,2,1,1,false
2223,dlk_tbl_01837,2,1,1,false
2224,gob_tbl_04180,2,1,1,false
2225,std_tbl_03688,2,1,1,false
2226,dlk_tbl_03768,2,1,1,false
2227,gob_tbl_02907,2,1,1,false
2228,dlk_tbl_03230,2,1,1,false
2229,gob_tbl_00422,2,1,1,false
2230,dlk_tbl_01944,2,1,1,false
2231,m4sco_tbl_02768,2,1,1,false
2232,gob_tbl_02162,2,1,1,false
2233,gob_tbl_01866,2,1,1,false
2234,gob_tbl_00130,2,1,1,false
2235,dlk_tbl_00232,2,1,1,false
2236,m4sco_tbl_03196,2,1,1,false
2237,m4vw_tbl_03876,2,1,1,false
2238,dash_tbl_03313,2,1,1,false
2239,dlk_tbl_00044,2,1,1,false
2240,dlk_tbl_03123,2,1,1,false
2241,gob_tbl_00114,2,1,1,false
2242,dlk_ext_00476,2,2,0,false
2243,std_tbl_03934,2,1,1,false
2244,gob_tbl_03877,2,1,1,false
2245,dlk_tbl_00683,2,1,1,false
2246,dash_tbl_02443,2,1,1,false
2247,dlk_tbl_00727,2,1,1,false
2248,dlk_tbl_01090,2,1,1,false
2249,gob_tbl_03166,2,1,1,false
2250,gob_tbl_02038,2,1,1,false
2251,dash_tbl_02351,2,1,1,false
2252,dlk_tbl_01413,2,1,1,false
2253,dash_tbl_01340,2,1,1,false
2254,gob_tbl_01825,2,1,1,false
2255,dlk_tbl_02009,2,1,1,false
2256,dlk_tbl_04093,2,1,1,false
2257,gob_tbl_02346,2,1,1,false
2258,gob_tbl_03685,2,1,1,false
2259,dash_tbl_01642,2,1,1,false
2260,m4sco_tbl_01484,2,1,1,false
2261,proc_tbl_04333,2,1,1,false
2262,gob_tbl_00708,2,1,1,false
2263,dlk_tbl_00910,2,1,1,false
2264,dlk_tbl_00104,2,1,1,false
2265,gob_tbl_03053,2,1,1,false
2266,dlk_tbl_01933,2,1,1,false
2267,dlk_tbl_02158,2,1,1,false
2268,dlk_tbl_03694,2,1,1,false
2269,dash_tbl_00908,2,1,1,false
2270,gob_tbl_02325,2,1,1,false
2271,dlk_tbl_01551,2,1,1,false
2272,gob_tbl_00433,2,1,1,false
2273,dlk_ext_00691,2,2,0,false
2274,proc_tbl_02837,2,1,1,false
2275,proc_ext_00661,2,2,0,false
2276,dlk_tbl_03304,2,1,1,false
2277,gob_ext_00462,2,2,0,false
2278,gob_tbl_01017,2,1,1,false
2279,proc_tbl_03345,2,1,1,false
2280,dlk_tbl_00848,2,1,1,false
2281,proc_tbl_03658,2,1,1,false
2282,gob_tbl_01531,2,1,1,false
2283,dlk_tbl_02620,2,1,1,false
2284,dash_tbl_00033,2,1,1,false
2285,dlk_tbl_03527,2,1,1,false
2286,dlk_tbl_01724,2,1,1,false
2287,std_tbl_02828,2,1,1,false
2288,dlk_tbl_02309,2,1,1,false
2289,dlk_tbl_03103,2,1,1,false
2290,proc_tbl_04342,2,1,1,false
2291,gob_tbl_03023,2,1,1,false
2292,dash_tbl_01377,2,1,1,false
2293,gob_tbl_03878,2,1,1,false
2294,proc_tbl_01579,2,1,1,false
2295,gob_tbl_00454,2,1,1,false
2296,gob_tbl_01218,2,1,1,false
2297,m4vw_tbl_02148,2,1,1,false
2298,dash_tbl_01741,2,1,1,false
2299,gob_ext_00395,2,2,0,false
2300,dlk_ext_00578,2,2,0,false
2301,dlk_tbl_01481,2,1,1,false
2302,proc_tbl_03989,2,1,1,false
2303,dlk_tbl_01492,2,1,1,false
2304,dlk_tbl_01817,2,1,1,false
2305,dlk_tbl_01919,2,1,1,false
2306,gob_tbl_02299,2,1,1,false
2307,proc_tbl_03372,2,1,1,false
2308,ppn_tbl_01062,2,1,1,false
2309,dlk_tbl_00843,2,1,1,false
2310,gob_tbl_04097,2,1,1,false
2311,gob_ext_00301,2,2,0,false
2312,proc_tbl_00260,2,1,1,false
2313,dlk_tbl_03904,2,1,1,false
2314,gob_ext_00250,2,2,0,false
2315,gob_tbl_01518,2,1,1,false
2316,dlk_tbl_03341,2,1,1,false
2317,gob_tbl_01422,2,1,1,false
2318,gob_tbl_01808,2,1,1,false
2319,dlk_tbl_02855,2,1,1,false
2320,dlk_ext_00342,2,2,0,false
2321,proc_tbl_01290,2,1,1,false
2322,gob_tbl_03507,2,1,1,false
2323,gob_tbl_02805,2,1,1,false
2324,gob_tbl_02934,2,1,1,false
2325,gob_tbl_00173,2,1,1,false
2326,dlk_tbl_00562,2,1,1,false
2327,dlk_tbl_02279,2,1,1,false
2328,gob_tbl_02265,2,1,1,false
2329,dlk_tbl_02694,2,1,1,false
2330,proc_tbl_01816,2,1,1,false
2331,gob_tbl_00138,2,1,1,false
2332,dash_tbl_01632,2,1,1,false
2333,dlk_tbl_02145,2,1,1,false
2334,gob_tbl_02526,2,1,1,false
2335,gob_tbl_03083,2,1,1,false
2336,gob_tbl_00448,2,1,1,false
2337,dlk_tbl_02212,2,1,1,false
2338,dash_tbl_04075,2,1,1,false
2339,gob_tbl_01452,2,1,1,false
2340,proc_ext_00587,2,2,0,false
2341,dlk_tbl_00604,2,1,1,false
2342,gob_ext_00328,2,2,0,false
2343,dlk_ext_00504,2,2,0,false
2344,dlk_ext_00473,2,2,0,false
2345,ppn_tbl_00062,2,1,1,false
2346,dash_tbl_03110,2,1,1,false
2347,proc_tbl_03903,2,1,1,false
2348,dash_tbl_02681,2,1,1,false
2349,gob_tbl_01382,2,1,1,false
2350,proc_tbl_01617,2,1,1,false
2351,gob_tbl_03959,2,1,1,false
2352,gob_tbl_04289,2,1,1,false
2353,proc_tbl_04359,2,1,1,false
2354,dlk_tbl_03604,2,1,1,false
2355,gob_tbl_02019,2,1,1,false
2356,dash_tbl_02582,2,1,1,false
2357,dash_tbl_01273,2,1,1,false
2358,gob_tbl_02042,2,1,1,false
2359,dash_tbl_02269,2,1,1,false
2360,gob_tbl_01314,2,1,1,false
2361,dlk_tbl_01710,2,1,1,false
2362,dlk_ext_00217,2,2,0,false
2363,gob_tbl_03232,2,1,1,false
2364,gob_tbl_02008,2,1,1,false
2365,proc_tbl_00388,2,1,1,false
2366,gob_tbl_01243,2,1,1,false
2367,dlk_tbl_00369,2,1,1,false
2368,dlk_tbl_00532,2,1,1,false
2369,std_tbl_03634,2,1,1,false
2370,gob_tbl_03597,2,1,1,false
2371,dlk_tbl_01412,2,1,1,false
2372,proc_tbl_01701,2,1,1,false
2373,gob_tbl_04272,2,1,1,false
2374,gob_tbl_03672,2,1,1,false
2375,dlk_tbl_03571,2,1,1,false
2376,gob_tbl_02923,2,1,1,false
2377,dlk_ext_00530,2,2,0,false
2378,dlk_tbl_01043,2,1,1,false
2379,gob_tbl_00442,2,1,1,false
2380,gob_tbl_03164,2,1,1,false
2381,gob_tbl_01014,2,1,1,false
2382,gob_tbl_00875,2,1,1,false
2383,proc_tbl_01711,2,1,1,false
2384,dlk_tbl_04033,2,1,1,false
2385,proc_tbl_02375,2,1,1,false
2386,dash_tbl_00366,2,1,1,false
2387,proc_tbl_00623,2,1,1,false
2388,dash_tbl_03008,2,1,1,false
2389,gob_tbl_03273,2,1,1,false
2390,dlk_tbl_04187,2,1,1,false
2391,gob_tbl_01848,2,1,1,false
2392,dlk_tbl_00666,2,1,1,false
2393,gob_tbl_03360,2,1,1,false
2394,proc_tbl_02660,2,1,1,false
2395,dlk_tbl_03749,2,1,1,false
2396,dlk_tbl_00242,2,1,1,false
2397,gob_tbl_02300,2,1,1,false
2398,proc_tbl_00775,2,1,1,false
2399,dash_tbl_02434,2,1,1,false
2400,dash_tbl_02921,2,1,1,false
2401,dash_tbl_02795,2,1,1,false
2402,dlk_tbl_01685,2,1,1,false
2403,gob_tbl_02159,2,1,1,false
2404,m4vw_tbl_03013,2,1,1,false
2405,dlk_tbl_02883,2,1,1,false
2406,dlk_tbl_03350,2,1,1,false
2407,gob_tbl_02480,2,1,1,false
2408,proc_tbl_04316,2,1,1,false
2409,dlk_tbl_03840,2,1,1,false
2410,gob_tbl_03889,2,1,1,false
2411,proc_tbl_04124,2,1,1,false
2412,m4sco_tbl_03091,2,1,1,false
2413,proc_tbl_00694,2,1,1,false
2414,proc_tbl_04397,2,1,1,false
2415,dlk_tbl_02319,2,1,1,false
2416,m4sco_tbl_02102,2,1,1,false
2417,dlk_tbl_03721,2,1,1,false
2418,dlk_tbl_03580,2,1,1,false
2419,dlk_tbl_02293,2,1,1,false
2420,dlk_tbl_01147,2,1,1,false
2421,dlk_tbl_02804,2,1,1,false
2422,dlk_tbl_03631,2,1,1,false
2423,gob_tbl_01395,2,1,1,false
2424,gob_tbl_03001,2,1,1,false
2425,dash_tbl_02559,2,1,1,false
2426,proc_tbl_00148,2,1,1,false
2427,gob_ext_00076,2,2,0,false
2428,dlk_tbl_00337,2,1,1,false
2429,dlk_tbl_00426,2,1,1,false
2430,gob_tbl_00210,2,1,1,false
2431,dlk_tbl_00471,2,1,1,false
2432,dlk_tbl_00387,2,1,1,false
2433,dlk_tbl_01972,2,1,1,false
2434,gob_tbl_00722,2,1,1,false
2435,gob_tbl_01209,2,1,1,false
2436,dlk_tbl_04387,2,1,1,false
2437,m4vw_tbl_03482,2,1,1,false
2438,dlk_tbl_04213,2,1,1,false
2439,dlk_tbl_01403,2,1,1,false
2440,proc_tbl_03769,2,1,1,false
2441,proc_tbl_02789,2,1,1,false
2442,gob_tbl_01378,2,1,1,false
2443,gob_tbl_00365,2,1,1,false
2444,gob_tbl_01475,2,1,1,false
2445,proc_tbl_02276,2,1,1,false
2446,dlk_tbl_00225,2,1,1,false
2447,gob_tbl_00611,2,1,1,false
2448,gob_tbl_03323,2,1,1,false
2449,gob_tbl_01059,2,1,1,false
2450,dash_ext_00331,2,2,0,false
2451,dlk_tbl_01718,2,1,1,false
2452,dlk_tbl_00805,2,1,1,false
2453,proc_tbl_01681,2,1,1,false
2454,dash_tbl_01469,2,1,1,false
2455,proc_tbl_04412,2,1,1,false
2456,dlk_tbl_00602,2,1,1,false
2457,proc_tbl_03901,2,1,1,false
2458,gob_tbl_03915,2,1,1,false
2459,dlk_tbl_01028,2,1,1,false
2460,gob_tbl_00656,2,1,1,false
2461,proc_tbl_01893,2,1,1,false
2462,dlk_tbl_00046,2,1,1,false
2463,dlk_tbl_03502,2,1,1,false
2464,gob_tbl_03862,2,1,1,false
2465,gob_tbl_04380,2,1,1,false
2466,proc_tbl_04106,2,1,1,false
2467,dlk_tbl_00929,2,1,1,false
2468,m4vw_tbl_01849,2,1,1,false
2469,proc_tbl_02562,2,1,1,false
2470,dlk_tbl_03211,2,1,1,false
2471,gob_tbl_01903,2,1,1,false
2472,gob_tbl_00944,2,1,1,false
2473,proc_tbl_02432,2,1,1,false
2474,gob_tbl_04313,2,1,1,false
2475,proc_tbl_03016,2,1,1,false
2476,proc_tbl_03125,2,1,1,false
2477,std_tbl_01167,2,1,1,false
2478,proc_tbl_00368,2,1,1,false
2479,dlk_tbl_04418,2,1,1,false
2480,proc_tbl_02430,2,1,1,false
2481,dash_tbl_02927,2,1,1,false
2482,dlk_tbl_03333,2,1,1,false
2483,dlk_tbl_00593,2,1,1,false
2484,dlk_tbl_03052,2,1,1,false
2485,ppn_tbl_00658,2,1,1,false
2486,dlk_tbl_00199,2,1,1,false
2487,gob_tbl_01125,2,1,1,false
2488,dash_tbl_03970,2,1,1,false
2489,dlk_tbl_02527,2,1,1,false
2490,dlk_tbl_03703,2,1,1,false
2491,gob_tbl_01970,2,1,1,false
2492,dlk_tbl_02679,2,1,1,false
2493,dlk_tbl_02222,2,1,1,false
2494,gob_tbl_04256,2,1,1,false
2495,dlk_tbl_00912,2,1,1,false
2496,gob_ext_00676,2,2,0,false
2497,gob_tbl_02678,2,1,1,false
2498,proc_tbl_04065,2,1,1,false
2499,dlk_tbl_02433,2,1,1,false
2500,std_tbl_00175,2,1,1,false
2501,gob_tbl_02962,2,1,1,false
2502,dlk_tbl_02067,2,1,1,false
2503,dlk_tbl_01712,2,1,1,false
2504,dlk_tbl_00252,2,1,1,false
2505,gob_tbl_03296,2,1,1,false
2506,dash_tbl_01751,2,1,1,false
2507,gob_tbl_03077,2,1,1,false
2508,m4vw_tbl_00705,2,1,1,false
2509,dlk_ext_00398,2,2,0,false
2510,gob_tbl_01362,2,1,1,false
2511,gob_tbl_03247,2,1,1,false
2512,dlk_tbl_01328,2,1,1,false
2513,dlk_tbl_03189,2,1,1,false
2514,dlk_tbl_01835,2,1,1,false
2515,proc_tbl_00960,2,1,1,false
2516,dlk_tbl_00364,2,1,1,false
2517,gob_tbl_03209,2,1,1,false
2518,proc_tbl_00473,2,1,1,false
2519,dash_tbl_03666,2,1,1,false
2520,proc_tbl_01329,2,1,1,false
2521,dlk_tbl_04358,2,1,1,false
2522,dlk_tbl_03997,2,1,1,false
2523,proc_tbl_04195,2,1,1,false
2524,proc_tbl_03466,2,1,1,false
2525,dlk_tbl_01387,2,1,1,false
2526,dlk_tbl_01578,2,1,1,false
2527,dlk_tbl_00726,2,1,1,false
2528,m4vw_tbl_03958,2,1,1,false
2529,dlk_tbl_02332,2,1,1,false
2530,proc_tbl_01423,2,1,1,false
2531,gob_tbl_02530,2,1,1,false
2532,proc_tbl_02270,2,1,1,false
2533,gob_tbl_03094,2,1,1,false
2534,gob_tbl_03369,2,1,1,false
2535,dash_tbl_01984,2,1,1,false
2536,gob_tbl_00949,2,1,1,false
2537,dlk_tbl_03697,2,1,1,false
2538,proc_tbl_03227,2,1,1,false
2539,gob_tbl_00396,2,1,1,false
2540,gob_tbl_02868,2,1,1,false
2541,dlk_tbl_02570,2,1,1,false
2542,gob_tbl_01310,2,1,1,false
2543,dlk_tbl_03628,2,1,1,false
2544,proc_ext_00224,2,2,0,false
2545,proc_tbl_03928,2,1,1,false
2546,dlk_tbl_00750,2,1,1,false
2547,dlk_tbl_03639,2,1,1,false
2548,std_tbl_00103,2,1,1,false
2549,gob_tbl_04027,2,1,1,false
2550,proc_tbl_00585,2,1,1,false
2551,gob_tbl_00343,2,1,1,false
2552,proc_tbl_00992,2,1,1,false
2553,gob_tbl_04206,2,1,1,false
2554,gob_tbl_01611,2,1,1,false
2555,dlk_tbl_03625,2,0,2,true
2556,gob_tbl_02177,2,1,1,false
2557,dlk_tbl_01249,2,1,1,false
2558,gob_tbl_02113,2,1,1,false
2559,proc_ext_00631,2,2,0,false
2560,m4vw_tbl_01425,2,1,1,false
2561,dlk_tbl_02415,2,1,1,false
2562,dlk_tbl_01998,2,1,1,false
2563,gob_tbl_03586,2,1,1,false
2564,dlk_tbl_02226,2,1,1,false
2565,proc_tbl_01603,2,1,1,false
2566,dlk_tbl_04140,2,1,1,false
2567,proc_tbl_03613,2,1,1,false
2568,dlk_tbl_04044,2,1,1,false
2569,proc_tbl_01451,2,1,1,false
2570,m4vw_tbl_03111,2,1,1,false
2571,dlk_tbl_02320,2,1,1,false
2572,dlk_tbl_02810,2,1,1,false
2573,gob_tbl_02767,2,1,1,false
2574,dash_tbl_01440,2,1,1,false
2575,m4vw_tbl_03756,2,1,1,false
2576,gob_tbl_01847,2,1,1,false
2577,dlk_tbl_04189,2,1,1,false
2578,dlk_tbl_04277,2,1,1,false
2579,dlk_tbl_03059,2,1,1,false
2580,dlk_ext_00118,2,2,0,false
2581,dlk_tbl_03511,2,1,1,false
2582,dlk_tbl_04039,2,1,1,false
2583,gob_tbl_02179,2,1,1,false
2584,dlk_tbl_01631,2,1,1,false
2585,proc_tbl_03948,2,1,1,false
2586,gob_tbl_03812,2,1,1,false
2587,gob_tbl_03535,2,1,1,false
2588,dlk_tbl_02421,2,1,1,false
2589,dlk_tbl_02808,2,1,1,false
2590,proc_tbl_02726,2,1,1,false
2591,gob_tbl_03698,2,1,1,false
2592,dlk_tbl_02395,2,1,1,false
2593,gob_tbl_03145,2,1,1,false
2594,dlk_tbl_03096,2,1,1,false
2595,gob_tbl_03236,2,1,1,false
2596,gob_tbl_04310,2,1,1,false
2597,std_tbl_01636,2,1,1,false
2598,proc_tbl_00407,2,1,1,false
2599,dash_tbl_03528,2,1,1,false
2600,dlk_tbl_02966,2,1,1,false
2601,dlk_tbl_04394,2,1,1,false
2602,dash_tbl_00014,2,1,1,false
2603,proc_tbl_00342,2,1,1,false
2604,gob_tbl_02854,2,1,1,false
2605,dlk_tbl_03183,2,0,2,true
2606,gob_tbl_00334,2,1,1,false
2607,gob_ext_00089,2,2,0,false
2608,dlk_tbl_02066,2,1,1,false
2609,dlk_tbl_03455,2,1,1,false
2610,gob_ext_00413,2,2,0,false
2611,dlk_tbl_01892,2,1,1,false
2612,gob_tbl_03618,2,1,1,false
2613,dash_tbl_03428,2,1,1,false
2614,gob_tbl_02877,2,1,1,false
2615,dash_tbl_02278,2,1,1,false
2616,gob_tbl_01187,2,1,1,false
2617,m4vw_tbl_02025,2,1,1,false
2618,proc_tbl_00352,2,1,1,false
2619,dlk_tbl_03030,2,1,1,false
2620,dlk_tbl_01106,2,1,1,false
2621,gob_tbl_03501,2,1,1,false
2622,dlk_tbl_04227,2,1,1,false
2623,gob_tbl_00906,2,1,1,false
2624,gob_tbl_00490,2,1,1,false
2625,proc_tbl_03759,2,1,1,false
2626,dash_tbl_02666,2,1,1,false
2627,gob_tbl_00529,2,1,1,false
2628,proc_tbl_04303,2,1,1,false
2629,gob_tbl_01974,2,1,1,false
2630,dlk_tbl_02334,2,1,1,false
2631,gob_tbl_02011,2,1,1,false
2632,dash_tbl_03559,2,1,1,false
2633,proc_tbl_00186,2,1,1,false
2634,proc_tbl_03641,2,1,1,false
2635,dlk_tbl_00980,2,1,1,false
2636,gob_tbl_01485,2,1,1,false
2637,proc_tbl_02002,2,1,1,false
2638,dlk_tbl_04392,2,1,1,false
2639,proc_tbl_03303,2,1,1,false
2640,proc_tbl_01386,2,1,1,false
2641,dlk_tbl_00761,2,1,1,false
2642,std_tbl_02566,2,1,1,false
2643,dlk_tbl_02330,2,1,1,false
2644,dlk_tbl_01961,2,1,1,false
2645,gob_tbl_00971,2,1,1,false
2646,proc_tbl_04305,2,1,1,false
2647,gob_tbl_02760,2,1,1,false
2648,dlk_tbl_04056,2,1,1,false
2649,proc_tbl_04373,2,1,1,false
2650,proc_tbl_04069,2,1,1,false
2651,proc_tbl_04369,2,1,1,false
2652,dlk_tbl_03035,2,1,1,false
2653,dash_tbl_03099,2,1,1,false
2654,m4vw_tbl_01225,2,1,1,false
2655,dlk_tbl_03771,2,1,1,false
2656,dlk_tbl_02448,2,1,1,false
2657,gob_tbl_00095,2,1,1,false
2658,dlk_tbl_03630,2,1,1,false
2659,dlk_tbl_02531,2,1,1,false
2660,gob_tbl_00781,2,1,1,false
2661,gob_tbl_00085,2,1,1,false
2662,gob_tbl_00819,2,1,1,false
2663,dlk_tbl_01343,2,1,1,false
2664,proc_tbl_04370,2,1,1,false
2665,dlk_tbl_01104,2,1,1,false
2666,dash_tbl_02072,2,1,1,false
2667,gob_tbl_04224,2,1,1,false
2668,dlk_tbl_02521,2,1,1,false
2669,proc_tbl_01140,2,1,1,false
2670,dlk_tbl_02688,2,1,1,false
2671,gob_tbl_00855,2,0,2,true
2672,dlk_tbl_04087,2,1,1,false
2673,proc_tbl_02944,2,1,1,false
2674,dlk_tbl_02537,2,1,1,false
2675,proc_tbl_04174,2,1,1,false
2676,gob_tbl_02239,2,1,1,false
2677,dlk_tbl_02436,2,1,1,false
2678,dlk_tbl_03500,2,1,1,false
2679,gob_tbl_03944,2,1,1,false
2680,proc_tbl_04295,2,1,1,false
2681,proc_tbl_03872,2,1,1,false
2682,proc_tbl_00509,2,1,1,false
2683,proc_tbl_02228,2,1,1,false
2684,dlk_tbl_03726,2,1,1,false
2685,gob_tbl_03936,2,1,1,false
2686,dlk_tbl_04090,2,1,1,false
2687,dash_tbl_00261,2,1,1,false
2688,ppn_tbl_04142,2,1,1,false
2689,gob_tbl_00885,2,1,1,false
2690,gob_tbl_04078,2,1,1,false
2691,dlk_ext_00287,2,2,0,false
2692,gob_tbl_01371,2,1,1,false
2693,gob_tbl_01698,2,1,1,false
2694,proc_tbl_03275,2,1,1,false
2695,proc_tbl_02891,2,1,1,false
2696,dlk_tbl_01574,2,1,1,false
2697,dlk_tbl_03258,2,1,1,false
2698,dash_tbl_03042,2,1,1,false
2699,dlk_tbl_01126,2,1,1,false
2700,gob_tbl_01626,2,1,1,false
2701,m4vw_tbl_00958,2,1,1,false
2702,dlk_tbl_02594,2,1,1,false
2703,gob_tbl_04250,2,1,1,false
2704,gob_tbl_01517,2,1,1,false
2705,dlk_tbl_00698,2,1,1,false
2706,gob_tbl_01247,2,1,1,false
2707,dlk_tbl_02565,2,1,1,false
2708,dlk_tbl_01357,2,1,1,false
2709,dlk_tbl_03157,2,1,1,false
2710,dlk_tbl_04171,2,1,1,false
2711,dlk_tbl_00161,2,1,1,false
2712,dlk_tbl_04141,2,1,1,false
2713,dash_tbl_02015,2,1,1,false
2714,gob_tbl_02791,2,1,1,false
2715,dlk_tbl_01693,2,1,1,false
2716,dash_tbl_00574,2,1,1,false
2717,proc_ext_00594,2,2,0,false
2718,dlk_tbl_03131,2,1,1,false
2719,proc_tbl_01347,2,1,1,false
2720,m4vw_tbl_01365,2,1,1,false
2721,gob_tbl_03706,2,1,1,false
2722,dash_tbl_00170,2,1,1,false
2723,proc_tbl_00086,2,1,1,false
2724,dlk_tbl_03930,2,1,1,false
2725,gob_tbl_02992,2,1,1,false
2726,proc_tbl_01852,2,1,1,false
2727,gob_tbl_02216,2,1,1,false
2728,m4vw_tbl_04384,2,0,2,true
2729,gob_tbl_01749,2,1,1,false
2730,gob_ext_00067,2,2,0,false
2731,gob_tbl_03306,2,1,1,false
2732,dash_tbl_03182,2,1,1,false
2733,proc_ext_00384,2,2,0,false
2734,dlk_tbl_02006,2,1,1,false
2735,dlk_tbl_02248,2,1,1,false
2736,gob_tbl_04348,2,1,1,false
2737,gob_tbl_03463,2,1,1,false
2738,gob_tbl_01183,2,1,1,false
2739,dlk_tbl_01959,2,1,1,false
2740,gob_ext_00321,2,2,0,false
2741,ppn_ext_00242,2,2,0,false
2742,gob_tbl_01198,2,1,1,false
2743,dash_tbl_01175,2,1,1,false
2744,gob_tbl_03019,2,1,1,false
2745,proc_tbl_03231,2,1,1,false
2746,proc_tbl_02720,2,1,1,false
2747,dlk_tbl_02505,2,1,1,false
2748,gob_tbl_01367,2,1,1,false
2749,proc_tbl_00881,2,1,1,false
2750,gob_tbl_01996,2,1,1,false
2751,dlk_tbl_00017,2,1,1,false
2752,dlk_tbl_01529,2,1,1,false
2753,dlk_tbl_01381,2,1,1,false
2754,gob_tbl_01048,2,1,1,false
2755,proc_tbl_01601,2,1,1,false
2756,dash_ext_00444,2,2,0,false
2757,gob_tbl_02048,2,1,1,false
2758,dlk_tbl_03610,2,1,1,false
2759,dlk_tbl_02997,2,1,1,false
2760,dash_tbl_03962,2,1,1,false
2761,dlk_ext_00515,2,2,0,false
2762,gob_tbl_04105,2,1,1,false
2763,gob_tbl_01567,2,1,1,false
2764,gob_tbl_03845,2,1,1,false
2765,gob_tbl_02670,2,1,1,false
2766,proc_tbl_00324,2,1,1,false
2767,proc_tbl_02117,2,1,1,false
2768,gob_tbl_01082,2,1,1,false
2769,dlk_tbl_00257,2,1,1,false
2770,gob_tbl_01774,2,1,1,false
2771,dlk_tbl_02075,2,1,1,false
2772,gob_tbl_01166,2,1,1,false
2773,proc_tbl_02519,2,1,1,false
2774,proc_tbl_03693,2,1,1,false
2775,gob_tbl_03010,2,1,1,false
2776,dlk_tbl_00780,2,1,1,false
2777,proc_tbl_01994,2,1,1,false
2778,gob_tbl_00607,2,1,1,false
2779,dlk_tbl_00468,2,1,1,false
2780,dash_tbl_00801,2,1,1,false
2781,gob_tbl_03967,2,1,1,false
2782,gob_ext_00537,2,2,0,false
2783,gob_tbl_03250,2,1,1,false
2784,gob_tbl_00986,2,1,1,false
2785,proc_tbl_00742,2,1,1,false
2786,gob_tbl_04390,2,1,1,false
2787,gob_tbl_00211,2,1,1,false
2788,dlk_tbl_03886,2,1,1,false
2789,gob_tbl_00821,2,1,1,false
2790,dlk_tbl_01669,2,1,1,false
2791,gob_tbl_03302,2,1,1,false
2792,gob_tbl_02274,2,1,1,false
2793,gob_tbl_02331,2,1,1,false
2794,gob_tbl_04222,2,1,1,false
2795,gob_tbl_02040,2,1,1,false
2796,dash_tbl_01444,2,1,1,false
2797,dlk_tbl_03810,2,1,1,false
2798,dlk_tbl_00824,2,1,1,false
2799,std_tbl_00837,2,1,1,false
2800,dlk_tbl_00679,2,1,1,false
2801,dash_tbl_02938,2,1,1,false
2802,gob_tbl_01153,2,1,1,false
2803,dlk_tbl_00215,2,1,1,false
2804,dlk_tbl_03611,2,1,1,false
2805,dlk_tbl_01845,2,1,1,false
2806,dlk_ext_00060,2,2,0,false
2807,proc_ext_00309,2,2,0,false
2808,std_tbl_02348,2,1,1,false
2809,gob_tbl_00622,2,1,1,false
2810,gob_tbl_02459,2,1,1,false
2811,dash_tbl_02345,2,1,1,false
2812,dlk_tbl_04424,2,1,1,false
2813,dash_tbl_03294,2,1,1,false
2814,gob_tbl_02712,2,1,1,false
2815,dash_tbl_02576,2,1,1,false
2816,std_tbl_03714,2,1,1,false
2817,dlk_tbl_02445,2,1,1,false
2818,dlk_ext_00019,2,2,0,false
2819,dlk_tbl_01341,2,1,1,false
2820,ppn_tbl_02065,2,1,1,false
2821,dash_tbl_02717,2,1,1,false
2822,proc_ext_00205,2,2,0,false
2823,dlk_tbl_00208,2,1,1,false
2824,dlk_tbl_01012,2,1,1,false
2825,gob_tbl_03458,2,1,1,false
2826,gob_tbl_01934,2,1,1,false
2827,proc_tbl_03976,2,1,1,false
2828,gob_tbl_03441,2,1,1,false
2829,proc_tbl_03638,2,1,1,false
2830,gob_tbl_01949,2,1,1,false
2831,dlk_tbl_03969,2,1,1,false
2832,m4vw_tbl_03423,2,1,1,false
2833,proc_tbl_02674,2,1,1,false
2834,dlk_tbl_03821,2,1,1,false
2835,gob_tbl_01703,2,1,1,false
2836,dlk_ext_00523,2,2,0,false
2837,gob_tbl_02544,2,1,1,false
2838,dlk_tbl_00089,2,1,1,false
2839,gob_tbl_03955,2,1,1,false
2840,gob_tbl_03902,2,1,1,false
2841,dlk_tbl_03450,2,1,1,false
2842,dlk_tbl_03191,2,1,1,false
2843,gob_tbl_00028,2,1,1,false
2844,dlk_tbl_03414,2,1,1,false
2845,dash_tbl_00092,2,1,1,false
2846,dlk_tbl_04123,2,1,1,false
2847,dash_tbl_03489,2,1,1,false
2848,dlk_tbl_01033,2,1,1,false
2849,dlk_tbl_02661,2,1,1,false
2850,gob_tbl_02359,2,1,1,false
2851,gob_tbl_01000,2,1,1,false
2852,gob_tbl_00814,2,1,1,false
2853,gob_tbl_03422,2,1,1,false
2854,gob_tbl_03156,2,1,1,false
2855,gob_tbl_02499,2,1,1,false
2856,gob_tbl_03073,2,1,1,false
2857,dlk_tbl_00832,2,1,1,false
2858,gob_tbl_04057,2,1,1,false
2859,gob_tbl_02340,2,1,1,false
2860,dash_tbl_03392,2,1,1,false
2861,m4sco_tbl_03400,2,1,1,false
2862,std_tbl_02109,2,1,1,false
2863,gob_tbl_01316,2,1,1,false
2864,m4vw_tbl_00049,2,1,1,false
2865,proc_tbl_02498,2,1,1,false
2866,gob_tbl_00807,2,1,1,false
2867,dlk_tbl_04203,2,1,1,false
2868,proc_tbl_01095,2,1,1,false
2869,dlk_tbl_03516,2,1,1,false
2870,m4vw_tbl_04239,2,1,1,false
2871,dlk_tbl_00827,2,1,1,false
2872,std_tbl_01308,2,1,1,false
2873,gob_tbl_03956,2,1,1,false
2874,dash_tbl_00600,2,1,1,false
2875,gob_tbl_04199,2,1,1,false
2876,dlk_tbl_03061,2,1,1,false
2877,dlk_tbl_00162,2,1,1,false
2878,dash_ext_00621,2,2,0,false
2879,std_tbl_02558,2,1,1,false
2880,dlk_tbl_00627,2,1,1,false
2881,proc_tbl_00706,2,1,1,false
2882,gob_tbl_01456,2,1,1,false
2883,gob_tbl_01023,2,1,1,false
2884,gob_tbl_00901,2,1,1,false
2885,proc_tbl_00026,2,1,1,false
2886,gob_tbl_00590,2,1,1,false
2887,dash_tbl_00541,2,1,1,false
2888,dlk_tbl_02520,2,0,2,true
2889,dlk_tbl_01203,2,1,1,false
2890,proc_tbl_04091,2,1,1,false
2891,dlk_tbl_01430,2,1,1,false
2892,dlk_tbl_03006,2,1,1,false
2893,gob_tbl_01992,2,1,1,false
2894,dlk_tbl_02836,2,1,1,false
2895,dlk_tbl_04356,2,1,1,false
2896,gob_tbl_02575,2,1,1,false
2897,gob_tbl_02615,2,1,1,false
2898,dlk_ext_00281,2,2,0,false
2899,gob_tbl_00234,2,1,1,false
2900,gob_ext_00669,2,2,0,false
2901,gob_tbl_03257,2,1,1,false
2902,proc_tbl_00967,2,1,1,false
2903,proc_tbl_01066,2,1,1,false
2904,dlk_tbl_04145,2,1,1,false
2905,dash_tbl_01122,2,1,1,false
2906,proc_ext_00221,2,2,0,false
2907,gob_tbl_00937,2,1,1,false
2908,std_tbl_02326,2,1,1,false
2909,m4sco_tbl_03431,2,1,1,false
2910,gob_tbl_02468,2,1,1,false
2911,gob_tbl_00504,2,1,1,false
2912,dlk_tbl_02658,2,1,1,false
2913,proc_tbl_00031,2,1,1,false
2914,dlk_tbl_01463,2,1,1,false
2915,dlk_tbl_03711,2,1,1,false
2916,gob_tbl_00878,2,1,1,false
2917,gob_tbl_00839,2,1,1,false
2918,proc_tbl_01114,2,1,1,false
2919,dlk_tbl_00850,2,1,1,false
2920,gob_tbl_03544,2,1,1,false
2921,gob_tbl_00496,2,1,1,false
2922,gob_tbl_01277,2,1,1,false
2923,dlk_tbl_00381,2,1,1,false
2924,dash_tbl_03795,2,0,2,true
2925,dash_tbl_03332,2,1,1,false
2926,dlk_tbl_02912,2,1,1,false
2927,gob_tbl_01857,2,1,1,false
2928,gob_tbl_02968,2,1,1,false
2929,gob_tbl_01286,2,1,1,false
2930,proc_tbl_02792,2,1,1,false
2931,gob_tbl_00197,2,1,1,false
2932,dlk_tbl_00181,2,1,1,false
2933,gob_tbl_03622,2,1,1,false
2934,dlk_tbl_03293,2,1,1,false
2935,dlk_tbl_02136,2,1,1,false
2936,dlk_tbl_00868,2,1,1,false
2937,proc_tbl_00664,2,1,1,false
2938,dash_tbl_00717,2,1,1,false
2939,gob_tbl_00412,2,1,1,false
2940,dlk_tbl_00926,2,1,1,false
2941,gob_tbl_02775,2,1,1,false
2942,gob_tbl_00213,2,1,1,false
2943,ppn_tbl_03128,2,1,1,false
2944,proc_tbl_02871,2,1,1,false
2945,gob_tbl_01556,2,1,1,false
2946,gob_tbl_00124,2,1,1,false
2947,gob_tbl_03270,2,1,1,false
2948,gob_tbl_03361,2,1,1,false
2949,gob_ext_00486,2,2,0,false
2950,dash_tbl_03979,2,1,1,false
2951,gob_tbl_04386,2,1,1,false
2952,dlk_ext_00610,2,2,0,false
2953,dlk_tbl_01446,2,1,1,false
2954,dlk_tbl_04050,2,1,1,false
2955,gob_tbl_01797,2,1,1,false
2956,dash_tbl_00501,2,1,1,false
2957,dlk_tbl_00187,2,1,1,false
2958,dlk_tbl_02816,2,1,1,false
2959,dlk_tbl_04378,2,1,1,false
2960,dash_tbl_04054,2,1,1,false
2961,dash_tbl_01499,2,1,1,false
2962,dlk_tbl_02488,2,1,1,false
2963,gob_tbl_03336,2,1,1,false
2964,gob_tbl_01999,2,1,1,false
2965,dash_tbl_02561,2,1,1,false
2966,gob_tbl_00058,2,1,1,false
2967,gob_tbl_02010,2,1,1,false
2968,dlk_tbl_00297,2,1,1,false
2969,dlk_tbl_03292,2,1,1,false
2970,dash_tbl_01507,2,1,1,false
2971,gob_tbl_03310,2,1,1,false
2972,dlk_tbl_04103,2,1,1,false
2973,proc_tbl_03767,2,1,1,false
2974,proc_tbl_01781,2,1,1,false
2975,dash_tbl_02553,2,1,1,false
2976,dlk_tbl_02486,2,1,1,false
2977,proc_tbl_02366,2,1,1,false
2978,proc_tbl_04319,2,1,1,false
2979,dlk_tbl_02214,2,1,1,false
2980,std_tbl_00721,2,1,1,false
2981,proc_tbl_02813,2,1,1,false
2982,gob_tbl_03324,2,1,1,false
2983,dlk_tbl_03197,2,1,1,false
2984,gob_tbl_00662,2,1,1,false
2985,gob_tbl_01029,2,1,1,false
2986,gob_tbl_01780,2,1,1,false
2987,dlk_tbl_01312,2,1,1,false
2988,dash_tbl_00521,2,1,1,false
2989,gob_tbl_03916,2,1,1,false
2990,dlk_tbl_01137,2,1,1,false
2991,gob_tbl_02845,2,1,1,false
2992,proc_tbl_02259,2,1,1,false
2993,proc_ext_00689,2,2,0,false
2994,proc_tbl_02797,2,1,1,false
2995,gob_tbl_00399,2,1,1,false
2996,dash_tbl_00011,2,1,1,false
2997,dlk_tbl_03484,2,1,1,false
2998,proc_tbl_01285,2,1,1,false
2999,proc_tbl_03950,2,1,1,false
3000,dlk_tbl_03194,2,1,1,false
3001,gob_tbl_04052,2,1,1,false
3002,dlk_tbl_01716,2,1,1,false
3003,proc_tbl_04280,2,1,1,false
3004,gob_tbl_00985,2,1,1,false
3005,gob_ext_00077,2,2,0,false
3006,gob_tbl_01657,2,1,1,false
3007,dash_tbl_04020,2,1,1,false
3008,gob_tbl_00275,2,1,1,false
3009,dlk_tbl_00876,2,1,1,false
3010,gob_ext_00356,2,2,0,false
3011,dlk_tbl_03203,2,1,1,false
3012,gob_tbl_02640,2,1,1,false
3013,dlk_tbl_02547,2,1,1,false
3014,gob_tbl_01829,2,1,1,false
3015,proc_tbl_02782,2,1,1,false
3016,dash_tbl_00264,2,1,1,false
3017,dlk_tbl_00002,2,1,1,false
3018,dlk_tbl_01719,2,1,1,false
3019,std_tbl_00135,2,1,1,false
3020,dlk_tbl_00330,2,1,1,false
3021,dlk_tbl_02747,2,1,1,false
3022,dlk_tbl_00291,2,1,1,false
3023,gob_tbl_03654,2,1,1,false
3024,std_tbl_04028,2,1,1,false
3025,dlk_tbl_01374,2,1,1,false
3026,gob_tbl_04395,2,1,1,false
3027,gob_tbl_02905,2,1,1,false
3028,dlk_tbl_02984,2,1,1,false
3029,gob_tbl_01591,2,1,1,false
3030,dlk_tbl_02111,2,1,1,false
3031,dlk_tbl_02986,2,1,1,false
3032,m4sco_tbl_01521,2,1,1,false
3033,dlk_tbl_03938,2,1,1,false
3034,dlk_tbl_03309,2,1,1,false
3035,proc_ext_00180,2,2,0,false
3036,gob_tbl_00430,2,1,1,false
3037,dlk_tbl_02605,2,1,1,false
3038,proc_tbl_00443,2,1,1,false
3039,dlk_tbl_03434,2,1,1,false
3040,proc_tbl_00245,2,1,1,false
3041,m4sco_tbl_02514,2,1,1,false
3042,dlk_tbl_01099,2,1,1,false
3043,dlk_tbl_01977,2,1,1,false
3044,dlk_tbl_01354,2,1,1,false
3045,gob_tbl_02371,2,1,1,false
3046,dlk_tbl_00518,2,1,1,false
3047,dlk_tbl_03504,2,1,1,false
3048,proc_tbl_01474,2,1,1,false
3049,std_tbl_00808,2,1,1,false
3050,gob_tbl_02867,2,1,1,false
3051,gob_tbl_01291,2,1,1,false
3052,gob_tbl_01580,2,1,1,false
3053,gob_tbl_00321,2,1,1,false
3054,gob_tbl_03832,2,1,1,false
3055,gob_tbl_03276,2,1,1,false
3056,gob_tbl_02264,2,1,1,false
3057,dlk_tbl_00248,2,1,1,false
3058,dlk_tbl_01650,2,1,1,false
3059,gob_tbl_02280,2,1,1,false
3060,dlk_tbl_01163,2,1,1,false
3061,gob_tbl_02336,2,1,1,false
3062,dlk_tbl_00349,2,1,1,false
3063,proc_tbl_01779,2,1,1,false
3064,dlk_tbl_00571,2,1,1,false
3065,dlk_tbl_00589,2,1,1,false
3066,gob_tbl_00169,2,1,1,false
3067,dash_tbl_02171,2,1,1,false
3068,proc_tbl_00292,2,1,1,false
3069,dlk_tbl_02687,2,1,1,false
3070,proc_tbl_03692,2,1,1,false
3071,dlk_tbl_03868,2,1,1,false
3072,proc_ext_00593,2,2,0,false
3073,dlk_ext_00100,2,2,0,false
3074,dash_tbl_03803,2,1,1,false
3075,dash_tbl_01839,2,1,1,false
3076,dlk_tbl_03175,2,1,1,false
3077,proc_tbl_00970,2,1,1,false
3078,gob_tbl_03843,2,1,1,false
3079,gob_tbl_02128,2,1,1,false
3080,std_tbl_03852,2,1,1,false
3081,dlk_tbl_03470,2,1,1,false
3082,proc_tbl_02220,2,1,1,false
3083,proc_tbl_00631,2,1,1,false
3084,gob_tbl_03168,2,1,1,false
3085,dlk_tbl_00470,2,1,1,false
3086,std_tbl_03004,2,1,1,false
3087,dlk_tbl_02573,2,1,1,false
3088,proc_tbl_03499,2,1,1,false
3089,gob_tbl_04399,2,1,1,false
3090,dlk_tbl_01640,2,1,1,false
3091,dlk_tbl_03679,2,1,1,false
3092,dash_tbl_01667,2,1,1,false
3093,dlk_tbl_00139,2,1,1,false
3094,dlk_tbl_00229,2,1,1,false
3095,gob_tbl_03879,2,1,1,false
3096,gob_tbl_02822,2,1,1,false
3097,proc_tbl_02960,2,1,1,false
3098,dlk_tbl_02601,2,1,1,false
3099,gob_tbl_02303,2,1,1,false
3100,gob_tbl_02979,2,1,1,false
3101,proc_tbl_03883,2,1,1,false
3102,gob_tbl_03417,2,1,1,false
3103,dlk_tbl_03295,2,1,1,false
3104,gob_tbl_04360,2,1,1,false
3105,gob_tbl_01305,2,1,1,false
3106,gob_tbl_00004,2,1,1,false
3107,dash_tbl_02213,2,1,1,false
3108,gob_tbl_00284,2,1,1,false
3109,dlk_ext_00455,2,2,0,false
3110,gob_tbl_03645,2,1,1,false
3111,dlk_tbl_01234,2,1,1,false
3112,ppn_tbl_01538,2,1,1,false
3113,dlk_tbl_00551,2,1,1,false
3114,dlk_tbl_03000,2,1,1,false
3115,dash_tbl_00322,2,1,1,false
3116,dlk_tbl_02440,2,1,1,false
3117,gob_tbl_00921,2,1,1,false
3118,proc_tbl_00567,2,1,1,false
3119,proc_tbl_04120,2,1,1,false
3120,proc_tbl_01782,2,1,1,false
3121,proc_tbl_01582,2,1,1,false
3122,gob_tbl_03452,2,1,1,false
3123,dlk_ext_00425,2,2,0,false
3124,proc_tbl_02690,2,1,1,false
3125,proc_tbl_03066,2,1,1,false
3126,dash_tbl_00250,2,1,1,false
3127,dash_tbl_00053,2,1,1,false
3128,ppn_ext_00099,2,2,0,false
3129,gob_tbl_01076,2,1,1,false
3130,gob_tbl_04215,2,1,1,false
3131,proc_tbl_02616,2,1,1,false
3132,gob_tbl_03480,2,1,1,false
3133,dash_tbl_02364,2,1,1,false
3134,dlk_tbl_04041,2,1,1,false
3135,gob_tbl_02353,2,1,1,false
3136,dlk_tbl_00766,2,1,1,false
3137,dlk_ext_00575,2,2,0,false
3138,gob_tbl_00531,2,1,1,false
3139,gob_tbl_02245,2,1,1,false
3140,dlk_tbl_02170,2,1,1,false
3141,dash_tbl_02039,2,1,1,false
3142,dlk_tbl_03823,2,0,2,true
3143,proc_tbl_00136,2,1,1,false
3144,dlk_tbl_03218,2,1,1,false
3145,gob_tbl_00137,2,1,1,false
3146,gob_tbl_02121,2,1,1,false
3147,gob_tbl_01813,2,1,1,false
3148,gob_tbl_01487,2,1,1,false
3149,m4vw_tbl_03985,2,1,1,false
3150,gob_tbl_04302,2,1,1,false
3151,gob_ext_00565,2,2,0,false
3152,gob_tbl_04160,2,1,1,false
3153,dlk_tbl_03701,2,1,1,false
3154,proc_tbl_03739,2,1,1,false
3155,gob_tbl_03819,2,1,1,false
3156,dlk_tbl_01229,2,1,1,false
3157,gob_tbl_03830,2,1,1,false
3158,gob_tbl_02983,2,1,1,false
3159,dash_ext_00175,2,2,0,false
3160,gob_tbl_00461,2,1,1,false
3161,dlk_tbl_01220,2,1,1,false
3162,gob_tbl_03373,2,1,1,false
3163,gob_tbl_00882,2,1,1,false
3164,dlk_tbl_01941,2,1,1,false
3165,gob_tbl_02603,2,1,1,false
3166,gob_tbl_00417,2,1,1,false
3167,gob_tbl_03787,2,1,1,false
3168,dash_tbl_02981,2,1,1,false
3169,dlk_tbl_04240,2,1,1,false
3170,m4sco_tbl_01683,2,1,1,false
3171,gob_tbl_03682,2,1,1,false
3172,dlk_tbl_03243,2,1,1,false
3173,gob_tbl_02793,2,1,1,false
3174,dlk_tbl_01055,2,1,1,false
3175,proc_tbl_00813,2,1,1,false
3176,proc_tbl_01754,2,1,1,false
3177,dlk_tbl_01100,2,1,1,false
3178,gob_tbl_01838,2,0,2,true
3179,gob_tbl_03788,2,1,1,false
3180,dlk_tbl_03715,2,1,1,false
3181,gob_tbl_02223,2,1,1,false
3182,gob_tbl_02634,2,1,1,false
3183,proc_tbl_03241,2,1,1,false
3184,gob_tbl_02166,2,1,1,false
3185,dlk_tbl_03523,2,1,1,false
3186,dlk_tbl_00437,2,1,1,false
3187,proc_tbl_03028,2,1,1,false
3188,dash_tbl_01807,2,1,1,false
3189,proc_tbl_01878,2,1,1,false
3190,dlk_tbl_01822,2,1,1,false
3191,proc_tbl_01414,2,1,1,false
3192,proc_tbl_02875,2,1,1,false
3193,dlk_tbl_03291,2,1,1,false
3194,dlk_tbl_03537,2,1,1,false
3195,proc_tbl_00840,2,1,1,false
3196,gob_tbl_04094,2,1,1,false
3197,gob_tbl_02386,2,1,1,false
3198,gob_tbl_00206,2,1,1,false
3199,proc_tbl_03576,2,1,1,false
3200,gob_ext_00542,2,2,0,false
3201,dlk_tbl_04285,2,1,1,false
3202,proc_tbl_03890,2,1,1,false
3203,m4sco_tbl_02161,2,1,1,false
3204,proc_tbl_02180,2,1,1,false
3205,gob_tbl_01304,2,1,1,false
3206,gob_tbl_03058,2,1,1,false
3207,dash_tbl_01214,2,1,1,false
3208,gob_tbl_03913,2,1,1,false
3209,gob_tbl_00641,2,1,1,false
3210,gob_tbl_02054,2,1,1,false
3211,dlk_tbl_03805,2,1,1,false
3212,m4sco_tbl_00383,2,1,1,false
3213,dlk_tbl_01745,2,1,1,false
3214,proc_tbl_03464,2,1,1,false
3215,dash_tbl_02967,2,1,1,false
3216,gob_tbl_01709,2,1,1,false
3217,ppn_tbl_00346,2,1,1,false
3218,gob_tbl_00314,2,1,1,false
3219,dlk_tbl_01331,2,1,1,false
3220,dlk_tbl_00390,2,0,2,true
3221,gob_tbl_00160,2,1,1,false
3222,dlk_tbl_01815,2,1,1,false
3223,proc_tbl_02702,2,1,1,false
3224,gob_tbl_02659,2,1,1,false
3225,gob_tbl_01557,2,1,1,false
3226,gob_tbl_03235,2,1,1,false
3227,dlk_tbl_00891,2,1,1,false
3228,dlk_tbl_04194,2,1,1,false
3229,dlk_tbl_02993,2,1,1,false
3230,gob_tbl_03753,2,1,1,false
3231,gob_tbl_00700,2,1,1,false
3232,dlk_ext_00373,2,2,0,false
3233,dlk_ext_00740,2,2,0,false
3234,gob_tbl_03585,2,1,1,false
3235,dlk_tbl_01725,2,1,1,false
3236,proc_tbl_04083,2,1,1,false
3237,gob_tbl_00724,2,1,1,false
3238,dlk_tbl_03049,2,1,1,false
3239,dlk_ext_00071,2,2,0,false
3240,dlk_tbl_04406,2,1,1,false
3241,dlk_tbl_03854,2,1,1,false
3242,dlk_tbl_00450,2,1,1,false
3243,gob_tbl_01053,2,1,1,false
3244,dlk_tbl_03637,2,1,1,false
3245,dash_tbl_04372,2,1,1,false
3246,dlk_tbl_01699,2,1,1,false
3247,dlk_tbl_02284,2,1,1,false
3248,proc_tbl_00613,2,1,1,false
3249,m4sco_tbl_03837,2,1,1,false
3250,gob_tbl_04131,2,1,1,false
3251,dlk_tbl_04067,2,1,1,false
3252,dash_tbl_01564,2,1,1,false
3253,gob_tbl_02088,2,1,1,false
3254,dash_tbl_04389,2,1,1,false
3255,proc_tbl_03487,2,1,1,false
3256,proc_tbl_02644,2,1,1,false
3257,proc_tbl_00704,2,1,1,false
3258,gob_tbl_02766,2,1,1,false
3259,dlk_tbl_03780,2,1,1,false
3260,dlk_tbl_03676,2,1,1,false
3261,dlk_tbl_01074,2,1,1,false
3262,proc_ext_00009,2,2,0,false
3263,ppn_tbl_04001,2,1,1,false
3264,gob_tbl_02950,2,1,1,false
3265,dlk_tbl_01509,2,1,1,false
3266,gob_tbl_03669,2,1,1,false
3267,gob_tbl_02428,2,1,1,false
3268,dlk_tbl_03365,2,1,1,false
3269,gob_ext_00177,2,2,0,false
3270,dlk_tbl_01909,2,1,1,false
3271,dlk_tbl_00592,2,1,1,false
3272,gob_tbl_01773,2,1,1,false
3273,dlk_tbl_00691,2,1,1,false
3274,proc_tbl_04225,2,1,1,false
3275,dlk_tbl_01628,2,1,1,false
3276,gob_tbl_01736,2,1,1,false
3277,dlk_tbl_02045,2,1,1,false
3278,gob_tbl_03331,2,1,1,false
3279,gob_tbl_01333,2,1,1,false
3280,gob_tbl_04045,2,1,1,false
3281,dlk_tbl_01324,2,1,1,false
3282,dash_tbl_02738,2,1,1,false
3283,dlk_tbl_03308,2,1,1,false
3284,dlk_tbl_03765,2,1,1,false
3285,dlk_tbl_02495,2,1,1,false
3286,dash_tbl_03039,2,1,1,false
3287,dlk_tbl_03043,2,1,1,false
3288,proc_tbl_01044,2,1,1,false
3289,dlk_tbl_04099,2,1,1,false
3290,gob_tbl_00796,2,1,1,false
3291,gob_tbl_01570,2,1,1,false
3292,std_tbl_02426,2,1,1,false
3293,gob_tbl_01313,2,1,1,false
3294,dlk_tbl_00575,2,1,1,false
3295,m4sco_tbl_04113,2,1,1,false
3296,proc_tbl_04043,2,1,1,false
3297,gob_tbl_00377,2,1,1,false
3298,dlk_tbl_00784,2,1,1,false
3299,dlk_tbl_01282,2,1,1,false
3300,gob_tbl_02763,2,1,1,false
3301,gob_tbl_00849,2,1,1,false
3302,dlk_tbl_02427,2,1,1,false
3303,dlk_tbl_03330,2,1,1,false
3304,dlk_tbl_00789,2,1,1,false
3305,gob_tbl_00134,2,1,1,false
3306,dash_tbl_04172,2,1,1,false
3307,gob_tbl_02654,2,1,1,false
3308,gob_tbl_00576,2,1,1,false
3309,gob_tbl_03977,2,1,1,false
3310,proc_tbl_00902,2,1,1,false
3311,m4sco_tbl_00465,2,1,1,false
3312,proc_tbl_01732,2,1,1,false
3313,gob_tbl_01112,2,1,1,false
3314,proc_tbl_00070,2,1,1,false
3315,gob_tbl_01704,2,1,1,false
3316,gob_tbl_02543,2,1,1,false
3317,dlk_tbl_03735,2,1,1,false
3318,gob_tbl_02825,2,1,1,false
3319,dlk_tbl_02063,2,1,1,false
3320,proc_tbl_01747,2,1,1,false
3321,gob_tbl_04216,2,1,1,false
3322,proc_tbl_03088,2,1,1,false
3323,dlk_tbl_01895,2,1,1,false
3324,gob_ext_00677,2,2,0,false
3325,dash_tbl_01986,2,1,1,false
3326,gob_ext_00015,2,2,0,false
3327,gob_tbl_00997,2,1,1,false
3328,dlk_tbl_03716,2,1,1,false
3329,gob_tbl_03056,2,1,1,false
3330,gob_ext_00421,2,2,0,false
3331,gob_tbl_03632,2,1,1,false
3332,dlk_tbl_03240,2,1,1,false
3333,gob_tbl_00214,2,1,1,false
3334,dlk_tbl_02077,2,1,1,false
3335,gob_tbl_03677,2,1,1,false
3336,gob_tbl_01991,2,1,1,false
3337,dlk_tbl_02463,2,1,1,false
3338,dash_tbl_03086,2,1,1,false
3339,proc_tbl_04269,2,1,1,false
3340,gob_tbl_02453,2,1,1,false
3341,gob_tbl_00752,2,1,1,false
3342,proc_ext_00219,2,2,0,false
3343,dlk_tbl_00405,2,1,1,false
3344,proc_tbl_00163,2,1,1,false
3345,gob_tbl_03558,2,1,1,false
3346,gob_tbl_02410,2,1,1,false
3347,proc_tbl_00068,2,1,1,false
3348,gob_tbl_01756,2,1,1,false
3349,dash_tbl_01672,2,1,1,false
3350,proc_tbl_01692,2,1,1,false
3351,dlk_tbl_03760,2,1,1,false
3352,dlk_tbl_02356,1,0,1,false
3353,dlk_tbl_03789,1,0,1,false
3354,dlk_tbl_04023,1,0,1,false
3355,gob_tbl_01799,1,0,1,false
3356,dlk_tbl_02130,1,0,1,false
3357,std_tbl_03471,1,0,1,false
3358,gob_tbl_01962,1,0,1,false
3359,dlk_tbl_01124,1,0,1,false
3360,dlk_tbl_02933,1,0,1,false
3361,dlk_tbl_02727,1,0,1,false
3362,dlk_tbl_01929,1,0,1,false
3363,gob_tbl_03616,1,0,1,false
3364,dash_tbl_01351,1,0,1,false
3365,dlk_tbl_02978,1,0,1,false
3366,gob_tbl_02490,1,0,1,false
3367,proc_tbl_03557,1,0,1,false
3368,gob_tbl_00401,1,0,1,false
3369,proc_tbl_01479,1,0,1,false
3370,dash_tbl_03905,1,0,1,false
3371,gob_tbl_03154,1,0,1,false
3372,dlk_tbl_00328,1,0,1,false
3373,dlk_tbl_02096,1,0,1,false
3374,proc_tbl_03508,1,0,1,false
3375,gob_tbl_03988,1,0,1,false
3376,proc_tbl_03792,1,0,1,false
3377,dlk_tbl_00762,1,0,1,false
3378,gob_tbl_01987,1,0,1,false
3379,gob_tbl_01081,1,0,1,false
3380,gob_tbl_03561,1,0,1,false
3381,gob_tbl_03849,1,0,1,false
3382,gob_tbl_00861,1,0,1,false
3383,gob_tbl_01536,1,0,1,false
3384,gob_tbl_02190,1,0,1,false
3385,dlk_tbl_03334,1,0,1,false
3386,dlk_tbl_00539,1,0,1,false
3387,dash_tbl_02246,1,0,1,false
3388,dlk_tbl_02227,1,0,1,false
3389,dlk_tbl_03477,1,0,1,false
3390,dlk_tbl_02237,1,0,1,false
3391,gob_tbl_04200,1,0,1,false
3392,dlk_tbl_02153,1,0,1,false
3393,dlk_ext_00340,1,1,0,false
3394,gob_tbl_00987,1,0,1,false
3395,m4sco_tbl_03435,1,0,1,false
3396,proc_tbl_01912,1,0,1,false
3397,m4sco_tbl_00605,1,0,1,false
3398,dlk_tbl_02588,1,0,1,false
3399,dlk_tbl_01795,1,0,1,false
3400,dlk_tbl_00374,1,0,1,false
3401,dlk_tbl_00982,1,0,1,false
3402,gob_tbl_01809,1,0,1,false
3403,dlk_tbl_02778,1,0,1,false
3404,dlk_tbl_02400,1,0,1,false
3405,dlk_tbl_01981,1,0,1,false
3406,gob_tbl_02298,1,0,1,false
3407,proc_tbl_01905,1,0,1,false
3408,gob_tbl_00424,1,0,1,false
3409,dlk_tbl_03518,1,0,1,false
3410,dlk_ext_00487,1,1,0,false
3411,gob_tbl_01748,1,0,1,false
3412,proc_tbl_01103,1,0,1,false
3413,dlk_tbl_03012,1,0,1,false
3414,dlk_tbl_03115,1,0,1,false
3415,gob_tbl_03687,1,0,1,false
3416,std_tbl_01896,1,0,1,false
3417,proc_tbl_01141,1,0,1,false
3418,gob_tbl_01512,1,0,1,false
3419,m4vw_tbl_04137,1,0,1,false
3420,dlk_tbl_02931,1,0,1,false
3421,dlk_tbl_00612,1,0,1,false
3422,m4sco_tbl_04401,1,0,1,false
3423,std_tbl_03941,1,0,1,false
3424,dlk_tbl_01445,1,0,1,false
3425,gob_tbl_00747,1,0,1,false
3426,dlk_tbl_00773,1,0,1,false
3427,dlk_tbl_00625,1,0,1,false
3428,dlk_tbl_01550,1,0,1,false
3429,proc_tbl_03449,1,0,1,false
3430,dlk_tbl_03869,1,0,1,false
3431,dlk_tbl_01851,1,0,1,false
3432,dlk_tbl_01311,1,0,1,false
3433,std_tbl_03536,1,0,1,false
3434,dlk_tbl_02887,1,0,1,false
3435,dash_tbl_00419,1,0,1,false
3436,gob_tbl_02928,1,0,1,false
3437,gob_tbl_03911,1,0,1,false
3438,std_tbl_00146,1,0,1,false
3439,proc_tbl_01901,1,0,1,false
3440,gob_tbl_01775,1,0,1,false
3441,m4sco_tbl_01255,1,0,1,false
3442,proc_tbl_01883,1,0,1,false
3443,gob_tbl_01296,1,0,1,false
3444,gob_tbl_02535,1,0,1,false
3445,dlk_tbl_03362,1,0,1,false
3446,dlk_tbl_04282,1,0,1,false
3447,gob_tbl_00132,1,0,1,false
3448,dlk_tbl_02508,1,0,1,false
3449,gob_tbl_00886,1,0,1,false
3450,proc_tbl_01039,1,0,1,false
3451,proc_tbl_00538,1,0,1,false
3452,dlk_tbl_03317,1,0,1,false
3453,gob_tbl_01477,1,0,1,false
3454,gob_tbl_02441,1,0,1,false
3455,gob_tbl_00678,1,0,1,false
3456,gob_tbl_01350,1,0,1,false
3457,m4vw_tbl_01465,1,0,1,false
3458,gob_tbl_02131,1,0,1,false
3459,std_tbl_00019,1,0,1,false
3460,dash_tbl_00511,1,0,1,false
3461,gob_tbl_00481,1,0,1,false
3462,dlk_tbl_04032,1,0,1,false
3463,proc_tbl_03040,1,0,1,false
3464,dlk_tbl_01935,1,0,1,false
3465,dlk_tbl_00677,1,0,1,false
3466,gob_tbl_04252,1,0,1,false
3467,proc_tbl_00917,1,0,1,false
3468,gob_tbl_00632,1,0,1,false
3469,dlk_tbl_04219,1,0,1,false
3470,proc_tbl_03800,1,0,1,false
3471,m4vw_tbl_02321,1,0,1,false
3472,proc_tbl_03409,1,0,1,false
3473,dash_tbl_02005,1,0,1,false
3474,proc_tbl_04248,1,0,1,false
3475,m4vw_tbl_03312,1,0,1,false
3476,gob_tbl_02236,1,0,1,false
3477,gob_tbl_02291,1,0,1,false
3478,dlk_tbl_00299,1,0,1,false
3479,dlk_tbl_00403,1,0,1,false
3480,gob_tbl_00431,1,0,1,false
3481,dlk_tbl_03025,1,0,1,false
3482,gob_tbl_01498,1,0,1,false
3483,gob_tbl_02903,1,0,1,false
3484,gob_tbl_02951,1,0,1,false
3485,gob_tbl_01435,1,0,1,false
3486,dlk_tbl_00344,1,0,1,false
3487,dlk_tbl_04352,1,0,1,false
3488,gob_tbl_01624,1,0,1,false
3489,dlk_tbl_02106,1,0,1,false
3490,gob_tbl_01268,1,0,1,false
3491,gob_tbl_01684,1,0,1,false
3492,dlk_tbl_02972,1,0,1,false
3493,gob_tbl_00003,1,0,1,false
3494,dlk_tbl_00440,1,0,1,false
3495,dlk_tbl_03021,1,0,1,false
3496,dash_tbl_01592,1,0,1,false
3497,dlk_tbl_02910,1,0,1,false
3498,dlk_tbl_03601,1,0,1,false
3499,ppn_tbl_04324,1,0,1,false
3500,dlk_tbl_02175,1,0,1,false
3501,gob_tbl_04152,1,0,1,false
3502,dash_tbl_00030,1,0,1,false
3503,gob_tbl_04409,1,0,1,false
3504,proc_tbl_03405,1,0,1,false
3505,m4sco_tbl_03917,1,0,1,false
3506,proc_tbl_01958,1,0,1,false
3507,gob_tbl_01046,1,0,1,false
3508,gob_tbl_00889,1,0,1,false
3509,std_tbl_03549,1,0,1,false
3510,dlk_tbl_01660,1,0,1,false
3511,std_tbl_00536,1,0,1,false
3512,std_tbl_03971,1,0,1,false
3513,proc_tbl_02382,1,0,1,false
3514,dash_tbl_02112,1,0,1,false
3515,proc_tbl_03993,1,0,1,false
3516,dlk_tbl_02454,1,0,1,false
3517,dlk_tbl_01042,1,0,1,false
3518,dash_tbl_03860,1,0,1,false
3519,gob_tbl_03526,1,0,1,false
3520,gob_tbl_03045,1,0,1,false
3521,proc_tbl_01614,1,0,1,false
3522,gob_tbl_00158,1,0,1,false
3523,proc_tbl_01101,1,0,1,false
3524,gob_tbl_04116,1,0,1,false
3525,gob_tbl_01335,1,0,1,false
3526,gob_tbl_00836,1,0,1,false
3527,dash_tbl_00815,1,0,1,false
3528,dlk_tbl_02411,1,0,1,false
3529,gob_tbl_02401,1,0,1,false
3530,std_tbl_03728,1,0,1,false
3531,gob_tbl_00435,1,0,1,false
3532,proc_tbl_00091,1,0,1,false
3533,dash_tbl_00999,1,0,1,false
3534,dlk_tbl_00094,1,0,1,false
3535,m4vw_tbl_03278,1,0,1,false
3536,gob_tbl_03564,1,0,1,false
3537,proc_tbl_00712,1,0,1,false
3538,proc_tbl_00474,1,0,1,false
3539,gob_tbl_02052,1,0,1,false
3540,gob_tbl_03945,1,0,1,false
3541,gob_tbl_03752,1,0,1,false
3542,gob_tbl_04381,1,0,1,false
3543,gob_tbl_00961,1,0,1,false
3544,dlk_tbl_00338,1,0,1,false
3545,dlk_tbl_03132,1,0,1,false
3546,dlk_tbl_01093,1,0,1,false
3547,std_tbl_02287,1,0,1,false
3548,proc_tbl_02304,1,0,1,false
3549,dlk_tbl_01071,1,0,1,false
3550,proc_tbl_03198,1,0,1,false
3551,dlk_tbl_02479,1,0,1,false
3552,proc_tbl_03975,1,0,1,false
3553,dlk_tbl_00751,1,0,1,false
3554,std_tbl_00911,1,0,1,false
3555,std_tbl_03926,1,0,1,false
3556,proc_tbl_03782,1,0,1,false
3557,dlk_tbl_04427,1,0,1,false
3558,gob_tbl_00817,1,0,1,false
3559,m4sco_tbl_02847,1,0,1,false
3560,gob_tbl_01737,1,0,1,false
3561,gob_tbl_01262,1,0,1,false
3562,gob_tbl_00404,1,0,1,false
3563,gob_tbl_03567,1,0,1,false
3564,gob_tbl_04318,1,0,1,false
3565,gob_tbl_04323,1,0,1,false
3566,dash_ext_00213,1,1,0,false
3567,dlk_tbl_03034,1,0,1,false
3568,gob_tbl_00991,1,0,1,false
3569,gob_tbl_03364,1,0,1,false
3570,dlk_tbl_01572,1,0,1,false
3571,proc_tbl_04284,1,0,1,false
3572,gob_tbl_03660,1,0,1,false
3573,ppn_tbl_00729,1,0,1,false
3574,gob_tbl_03623,1,0,1,false
3575,gob_tbl_02510,1,0,1,false
3576,dlk_tbl_02176,1,0,1,false
3577,gob_tbl_03738,1,0,1,false
3578,dash_tbl_02722,1,0,1,false
3579,gob_tbl_01707,1,0,1,false
3580,dlk_tbl_00052,1,0,1,false
3581,dash_tbl_02784,1,0,1,false
3582,gob_tbl_03217,1,0,1,false
3583,gob_tbl_03834,1,0,1,false
3584,proc_tbl_00733,1,0,1,false
3585,gob_tbl_01722,1,0,1,false
3586,gob_tbl_03599,1,0,1,false
3587,dlk_tbl_00486,1,0,1,false
3588,dlk_tbl_03996,1,0,1,false
3589,dlk_ext_00097,1,1,0,false
3590,dlk_tbl_02898,1,0,1,false
3591,dlk_tbl_00131,1,0,1,false
3592,gob_tbl_01897,1,0,1,false
3593,gob_tbl_04320,1,0,1,false
3594,dlk_ext_00143,1,1,0,false
3595,m4vw_tbl_01337,1,0,1,false
3596,dlk_tbl_03444,1,0,1,false
3597,gob_tbl_02551,1,0,1,false
3598,gob_tbl_03316,1,0,1,false
3599,gob_tbl_03366,1,0,1,false
3600,dlk_tbl_01800,1,0,1,false
3601,gob_tbl_01168,1,0,1,false
3602,std_tbl_04184,1,0,1,false
3603,gob_tbl_03070,1,0,1,false
3604,dash_tbl_00207,1,0,1,false
3605,gob_tbl_02380,1,0,1,false
3606,gob_tbl_03740,1,0,1,false
3607,proc_tbl_02961,1,0,1,false
3608,dlk_ext_00407,1,1,0,false
3609,std_tbl_00661,1,0,1,false
3610,gob_tbl_02602,1,0,1,false
3611,dlk_ext_00477,1,1,0,false
3612,gob_tbl_04325,1,0,1,false
3613,proc_tbl_02705,1,0,1,false
3614,proc_tbl_01875,1,0,1,false
3615,gob_ext_00330,1,1,0,false
3616,dlk_tbl_02577,1,0,1,false
3617,dlk_tbl_00231,1,0,1,false
3618,gob_tbl_00933,1,0,1,false
3619,gob_tbl_02290,1,0,1,false
3620,gob_tbl_01880,1,0,1,false
3621,gob_tbl_03478,1,0,1,false
3622,gob_tbl_02219,1,0,1,false
3623,dash_tbl_02493,1,0,1,false
3624,gob_tbl_02123,1,0,1,false
3625,dlk_tbl_00025,1,0,1,false
3626,dash_ext_00208,1,1,0,false
3627,gob_tbl_02587,1,0,1,false
3628,gob_tbl_01530,1,0,1,false
3629,dlk_tbl_00072,1,0,1,false
3630,gob_tbl_03560,1,0,1,false
3631,dlk_tbl_02801,1,0,1,false
3632,dash_tbl_04077,1,0,1,false
3633,dlk_tbl_00563,1,0,1,false
3634,dlk_tbl_01031,1,0,1,false
3635,proc_tbl_03320,1,0,1,false
3636,gob_tbl_01917,1,0,1,false
3637,gob_tbl_03135,1,0,1,false
3638,dlk_tbl_00071,1,0,1,false
3639,dash_tbl_02892,1,0,1,false
3640,gob_tbl_04157,1,0,1,false
3641,proc_tbl_01966,1,0,1,false
3642,dlk_tbl_00013,1,0,1,false
3643,dlk_tbl_00735,1,0,1,false
3644,dlk_tbl_03172,1,0,1,false
3645,m4vw_ext_00521,1,1,0,false
3646,proc_tbl_03621,1,0,1,false
3647,proc_tbl_01269,1,0,1,false
3648,dlk_tbl_01613,1,0,1,false
3649,gob_tbl_04058,1,0,1,false
3650,proc_tbl_01562,1,0,1,false
3651,dash_tbl_04403,1,0,1,false
3652,ppn_tbl_02777,1,0,1,false
3653,gob_tbl_03117,1,0,1,false
3654,dlk_tbl_00753,1,0,1,false
3655,dash_tbl_03690,1,0,1,false
3656,dash_tbl_04031,1,0,1,false
3657,gob_tbl_00126,1,0,1,false
3658,m4sco_tbl_02202,1,0,1,false
3659,gob_tbl_01197,1,0,1,false
3660,gob_tbl_01434,1,0,1,false
3661,proc_tbl_00825,1,0,1,false
3662,proc_tbl_01928,1,0,1,false
3663,dlk_tbl_00244,1,0,1,false
3664,dlk_ext_00358,1,1,0,false
3665,gob_tbl_01721,1,0,1,false
3666,gob_tbl_00348,1,0,1,false
3667,dlk_tbl_02915,1,0,1,false
3668,gob_tbl_00586,1,0,1,false
3669,gob_tbl_00639,1,0,1,false
3670,proc_tbl_01457,1,0,1,false
3671,gob_ext_00120,1,1,0,false
3672,gob_tbl_02494,1,0,1,false
3673,dlk_tbl_00271,1,0,1,false
3674,dlk_ext_00277,1,1,0,false
3675,proc_tbl_03737,1,0,1,false
3676,dlk_tbl_00903,1,0,1,false
3677,dlk_tbl_01227,1,0,1,false
3678,gob_tbl_03229,1,0,1,false
3679,proc_tbl_04364,1,0,1,false
3680,gob_tbl_01388,1,0,1,false
3681,dlk_tbl_03180,1,0,1,false
3682,dlk_tbl_01910,1,0,1,false
3683,proc_tbl_02029,1,0,1,false
3684,dash_tbl_03596,1,0,1,false
3685,gob_ext_00114,1,1,0,false
3686,proc_tbl_01951,1,0,1,false
3687,dlk_tbl_03515,1,0,1,false
3688,dlk_tbl_04288,1,0,1,false
3689,dash_tbl_00897,1,0,1,false
3690,gob_tbl_01788,1,0,1,false
3691,gob_tbl_02457,1,0,1,false
3692,gob_tbl_04132,1,0,1,false
3693,proc_tbl_02896,1,0,1,false
3694,dlk_tbl_00127,1,0,1,false
3695,dlk_tbl_01946,1,0,1,false
3696,dlk_tbl_04253,1,0,1,false
3697,dlk_tbl_03791,1,0,1,false
3698,std_tbl_01207,1,0,1,false
3699,gob_tbl_02092,1,0,1,false
3700,proc_tbl_00488,1,0,1,false
3701,gob_tbl_01271,1,0,1,false
3702,dlk_tbl_00904,1,0,1,false
3703,gob_tbl_04089,1,0,1,false
3704,gob_tbl_01027,1,0,1,false
3705,dlk_tbl_00502,1,0,1,false
3706,dlk_tbl_02624,1,0,1,false
3707,gob_tbl_00806,1,0,1,false
3708,m4vw_tbl_00748,1,0,1,false
3709,proc_tbl_02252,1,0,1,false
3710,dlk_tbl_02229,1,0,1,false
3711,dlk_tbl_03109,1,0,1,false
3712,gob_tbl_03018,1,0,1,false
3713,gob_tbl_00682,1,0,1,false
3714,ppn_tbl_04212,1,0,1,false
3715,dlk_tbl_01420,1,0,1,false
3716,gob_tbl_02418,1,0,1,false
3717,proc_tbl_04290,1,0,1,false
3718,proc_tbl_02023,1,0,1,false
3719,dlk_tbl_04317,1,0,1,false
3720,dash_tbl_00107,1,0,1,false
3721,dlk_tbl_00946,1,0,1,false
3722,dlk_tbl_01761,1,0,1,false
3723,dlk_tbl_02241,1,0,1,false
3724,dlk_tbl_01563,1,0,1,false
3725,dlk_ext_00323,1,1,0,false
3726,proc_tbl_02753,1,0,1,false
3727,dlk_tbl_01380,1,0,1,false
3728,dlk_tbl_03353,1,0,1,false
3729,dlk_tbl_00386,1,0,1,false
3730,gob_tbl_03551,1,0,1,false
3731,dlk_tbl_00713,1,0,1,false
3732,dlk_tbl_04307,1,0,1,false
3733,gob_tbl_01278,1,0,1,false
3734,proc_tbl_02393,1,0,1,false
3735,dlk_tbl_00523,1,0,1,false
3736,dlk_tbl_04278,1,0,1,false
3737,gob_tbl_03430,1,0,1,false
3738,dlk_tbl_01777,1,0,1,false
3739,dlk_tbl_00384,1,0,1,false
3740,proc_tbl_00557,1,0,1,false
3741,gob_tbl_03652,1,0,1,false
3742,m4sco_tbl_03581,1,0,1,false
3743,gob_tbl_04086,1,0,1,false
3744,proc_tbl_00429,1,0,1,false
3745,dash_tbl_02697,1,0,1,false
3746,dash_tbl_01416,1,0,1,false
3747,gob_ext_00497,1,1,0,false
3748,gob_tbl_00285,1,0,1,false
3749,gob_tbl_02832,1,0,1,false
3750,m4sco_tbl_03388,1,0,1,false
3751,proc_tbl_02700,1,0,1,false
3752,gob_tbl_01259,1,0,1,false
3753,dlk_tbl_01085,1,0,1,false
3754,gob_tbl_00714,1,0,1,false
3755,dash_tbl_03027,1,0,1,false
3756,dlk_tbl_01967,1,0,1,false
3757,dash_tbl_02034,1,0,1,false
3758,dlk_tbl_00703,1,0,1,false
3759,gob_ext_00736,1,1,0,false
3760,gob_tbl_03469,1,0,1,false
3761,proc_tbl_01690,1,0,1,false
3762,gob_tbl_04127,1,0,1,false
3763,gob_tbl_03794,1,0,1,false
3764,proc_tbl_00533,1,0,1,false
3765,dlk_tbl_01916,1,0,1,false
3766,dlk_tbl_02798,1,0,1,false
3767,dash_tbl_04154,1,0,1,false
3768,dash_tbl_01208,1,0,1,false
3769,gob_tbl_00665,1,0,1,false
3770,dash_tbl_00463,1,0,1,false
3771,m4vw_tbl_02344,1,0,1,false
3772,dlk_tbl_01543,1,0,1,false
3773,gob_tbl_04258,1,0,1,false
3774,dlk_tbl_01559,1,0,1,false
3775,dlk_tbl_04166,1,0,1,false
3776,gob_tbl_03522,1,0,1,false
3777,dlk_tbl_00730,1,0,1,false
3778,gob_tbl_04114,1,0,1,false
3779,gob_tbl_04082,1,0,1,false
3780,dash_tbl_03568,1,0,1,false
3781,m4sco_tbl_01618,1,0,1,false
3782,dash_tbl_03598,1,0,1,false
3783,dlk_tbl_02035,1,0,1,false
3784,gob_tbl_03627,1,0,1,false
3785,proc_tbl_01696,1,0,1,false
3786,dlk_tbl_02471,1,0,1,false
3787,dlk_tbl_01107,1,0,1,false
3788,gob_tbl_01663,1,0,1,false
3789,dlk_tbl_03663,1,0,1,false
3790,gob_tbl_02743,1,0,1,false
3791,proc_tbl_02701,1,0,1,false
3792,dlk_tbl_04229,1,0,1,false
3793,std_tbl_04260,1,0,1,false
3794,dlk_tbl_03363,1,0,1,false
3795,gob_tbl_04340,1,0,1,false
3796,gob_tbl_01182,1,0,1,false
3797,dlk_tbl_03178,1,0,1,false
3798,dash_tbl_00391,1,0,1,false
3799,gob_tbl_01743,1,0,1,false
3800,gob_tbl_01008,1,0,1,false
3801,dlk_tbl_00564,1,0,1,false
3802,dlk_tbl_03347,1,0,1,false
3803,gob_tbl_01404,1,0,1,false
3804,dlk_tbl_03529,1,0,1,false
3805,dlk_tbl_03301,1,0,1,false
3806,gob_tbl_02460,1,0,1,false
3807,proc_tbl_02715,1,0,1,false
3808,dash_tbl_00941,1,0,1,false
3809,dlk_tbl_02844,1,0,1,false
3810,dash_tbl_03003,1,0,1,false
3811,std_tbl_04343,1,0,1,false
3812,gob_tbl_01654,1,0,1,false
3813,dlk_ext_00678,1,1,0,false
3814,gob_tbl_03432,1,0,1,false
3815,gob_tbl_00172,1,0,1,false
3816,gob_tbl_03265,1,0,1,false
3817,gob_tbl_02394,1,0,1,false
3818,dash_tbl_00896,1,0,1,false
3819,gob_tbl_02317,1,0,1,false
3820,dlk_tbl_03144,1,0,1,false
3821,dlk_tbl_02756,1,0,1,false
3822,dash_tbl_04013,1,0,1,false
3823,proc_tbl_00968,1,0,1,false
3824,gob_tbl_00508,1,0,1,false
3825,proc_tbl_01330,1,0,1,false
3826,gob_tbl_04236,1,0,1,false
3827,gob_tbl_04232,1,0,1,false
3828,dlk_tbl_01224,1,0,1,false
3829,proc_tbl_01616,1,0,1,false
3830,dash_tbl_03806,1,0,1,false
3831,dlk_tbl_01176,1,0,1,false
3832,proc_tbl_00101,1,0,1,false
3833,std_tbl_00577,1,0,1,false
3834,dlk_tbl_03090,1,0,1,false
3835,gob_tbl_02198,1,0,1,false
3836,proc_tbl_00012,1,0,1,false
3837,gob_tbl_01060,1,0,1,false
3838,dash_tbl_00358,1,0,1,false
3839,dlk_tbl_03881,1,0,1,false
3840,dlk_tbl_01236,1,0,1,false
3841,gob_tbl_03815,1,0,1,false
3842,gob_tbl_01622,1,0,1,false
3843,ppn_tbl_00029,1,0,1,false
3844,gob_tbl_03138,1,0,1,false
3845,gob_tbl_04287,1,0,1,false
3846,gob_tbl_03534,1,0,1,false
3847,dlk_tbl_03032,1,0,1,false
3848,proc_ext_00409,1,1,0,false
3849,proc_tbl_03126,1,0,1,false
3850,dash_tbl_04350,1,0,1,false
3851,dlk_tbl_01231,1,0,1,false
3852,dlk_tbl_01792,1,0,1,false
3853,dlk_tbl_00432,1,0,1,false
3854,gob_tbl_03644,1,0,1,false
3855,dlk_tbl_01419,1,0,1,false
3856,gob_tbl_01790,1,0,1,false
3857,dlk_tbl_03707,1,0,1,false
3858,dlk_tbl_04410,1,0,1,false
3859,gob_tbl_02268,1,0,1,false
3860,gob_tbl_00007,1,0,1,false
3861,dlk_tbl_04135,1,0,1,false
3862,gob_tbl_01950,1,0,1,false
3863,gob_tbl_00952,1,0,1,false
3864,dash_tbl_00749,1,0,1,false
3865,gob_ext_00003,1,1,0,false
3866,gob_tbl_00690,1,0,1,false
3867,dlk_tbl_03498,1,0,1,false
3868,ppn_tbl_02780,1,0,1,false
3869,gob_tbl_01674,1,0,1,false
3870,dlk_ext_00645,1,1,0,false
3871,proc_tbl_03479,1,0,1,false
3872,proc_tbl_00495,1,0,1,false
3873,gob_ext_00729,1,1,0,false
3874,dlk_tbl_02308,1,0,1,false
3875,gob_tbl_02090,1,0,1,false
3876,dlk_tbl_03594,1,0,1,false
3877,gob_tbl_00406,1,0,1,false
3878,gob_tbl_00378,1,0,1,false
3879,dlk_tbl_03824,1,0,1,false
3880,dash_tbl_00685,1,0,1,false
3881,dlk_tbl_03445,1,0,1,false
3882,dash_tbl_01769,1,0,1,false
3883,proc_tbl_01520,1,0,1,false
3884,proc_tbl_03036,1,0,1,false
3885,gob_tbl_04301,1,0,1,false
3886,proc_tbl_03614,1,0,1,false
3887,dash_tbl_00200,1,0,1,false
3888,gob_tbl_02622,1,0,1,false
3889,dlk_tbl_04376,1,0,1,false
3890,m4vw_tbl_03880,1,0,1,false
3891,gob_tbl_03935,1,0,1,false
3892,gob_tbl_04211,1,0,1,false
3893,dlk_tbl_03281,1,0,1,false
3894,dlk_tbl_03284,1,0,1,false
3895,dlk_tbl_03705,1,0,1,false
3896,dlk_tbl_03206,1,0,1,false
3897,gob_tbl_03808,1,0,1,false
3898,gob_tbl_01668,1,0,1,false
3899,gob_tbl_04178,1,0,1,false
3900,std_tbl_03510,1,0,1,false
3901,dash_tbl_00594,1,0,1,false
3902,gob_tbl_02935,1,0,1,false
3903,ppn_tbl_02680,1,0,1,false
3904,proc_tbl_04257,1,0,1,false
3905,gob_tbl_03606,1,0,1,false
3906,proc_tbl_02901,1,0,1,false
3907,dlk_tbl_02965,1,0,1,false
3908,gob_tbl_01649,1,0,1,false
3909,gob_tbl_00418,1,0,1,false
3910,gob_tbl_02484,1,0,1,false
3911,dlk_tbl_00842,1,0,1,false
3912,proc_tbl_00928,1,0,1,false
3913,gob_tbl_01533,1,0,1,false
3914,dlk_tbl_00895,1,0,1,false
3915,dlk_tbl_01510,1,0,1,false
3916,gob_tbl_03285,1,0,1,false
3917,dlk_tbl_01160,1,0,1,false
3918,gob_tbl_03225,1,0,1,false
3919,gob_tbl_04261,1,0,1,false
3920,dlk_tbl_01298,1,0,1,false
3921,proc_tbl_02755,1,0,1,false
3922,dash_tbl_04183,1,0,1,false
3923,dlk_tbl_01130,1,0,1,false
3924,dlk_ext_00630,1,1,0,false
3925,gob_tbl_03668,1,0,1,false
3926,dlk_tbl_02568,1,0,1,false
3927,m4vw_tbl_02630,1,0,1,false
3928,gob_tbl_00804,1,0,1,false
3929,gob_tbl_02197,1,0,1,false
3930,gob_tbl_02138,1,0,1,false
3931,dlk_tbl_03732,1,0,1,false
3932,dlk_ext_00262,1,1,0,false
3933,gob_tbl_01356,1,0,1,false
3934,proc_tbl_03842,1,0,1,false
3935,dlk_tbl_01760,1,0,1,false
3936,dlk_tbl_03413,1,0,1,false
3937,gob_tbl_01256,1,0,1,false
3938,proc_tbl_00063,1,0,1,false
3939,dlk_tbl_01037,1,0,1,false
3940,gob_tbl_03885,1,0,1,false
3941,m4vw_tbl_00120,1,0,1,false
3942,std_tbl_00336,1,0,1,false
3943,dash_tbl_01353,1,0,1,false
3944,ppn_tbl_03908,1,0,1,false
3945,m4vw_tbl_01739,1,0,1,false
3946,ppn_tbl_01235,1,0,1,false
3947,gob_tbl_02129,1,0,1,false
3948,proc_tbl_02699,1,0,1,false
3949,gob_tbl_00675,1,0,1,false
3950,dlk_tbl_01056,1,0,1,false
3951,gob_tbl_02518,1,0,1,false
3952,dlk_tbl_01317,1,0,1,false
3953,dlk_tbl_03863,1,0,1,false
3954,proc_tbl_01920,1,0,1,false
3955,dlk_tbl_02790,1,0,1,false
3956,proc_tbl_01979,1,0,1,false
3957,proc_tbl_04214,1,0,1,false
3958,dlk_tbl_01671,1,0,1,false
3959,gob_tbl_01727,1,0,1,false
3960,gob_tbl_02540,1,0,1,false
3961,gob_tbl_03384,1,0,1,false
3962,std_tbl_03552,1,0,1,false
3963,gob_tbl_01407,1,0,1,false
3964,proc_tbl_04059,1,0,1,false
3965,gob_tbl_04165,1,0,1,false
3966,dash_tbl_00925,1,0,1,false
3967,dlk_tbl_03177,1,0,1,false
3968,dlk_tbl_00319,1,0,1,false
3969,gob_tbl_02593,1,0,1,false
3970,gob_tbl_03521,1,0,1,false
3971,gob_ext_00367,1,1,0,false
3972,gob_tbl_01143,1,0,1,false
3973,gob_tbl_01191,1,0,1,false
3974,gob_tbl_00711,1,0,1,false
3975,dlk_tbl_00798,1,0,1,false
3976,dlk_tbl_01213,1,0,1,false
3977,gob_tbl_03925,1,0,1,false
3978,dash_tbl_00880,1,0,1,false
3979,gob_tbl_03137,1,0,1,false
3980,gob_tbl_02049,1,0,1,false
3981,dlk_tbl_01927,1,0,1,false
3982,dash_tbl_02704,1,0,1,false
3983,dlk_tbl_02286,1,0,1,false
3984,dlk_tbl_01117,1,0,1,false
3985,gob_tbl_02455,1,0,1,false
3986,proc_tbl_02574,1,0,1,false
3987,gob_ext_00390,1,1,0,false
3988,dlk_tbl_02779,1,0,1,false
3989,proc_tbl_01443,1,0,1,false
3990,gob_tbl_04147,1,0,1,false
3991,gob_tbl_00265,1,0,1,false
3992,proc_tbl_01293,1,0,1,false
3993,std_tbl_04244,1,0,1,false
3994,dash_tbl_00633,1,0,1,false
3995,dlk_tbl_02306,1,0,1,false
3996,proc_tbl_03151,1,0,1,false
3997,dlk_tbl_03982,1,0,1,false
3998,dlk_ext_00243,1,1,0,false
3999,gob_tbl_03244,1,0,1,false
4000,dlk_tbl_00283,1,0,1,false
4001,gob_tbl_03848,1,0,1,false
4002,gob_tbl_04398,1,0,1,false
4003,gob_tbl_00668,1,0,1,false
4004,m4vw_tbl_01587,1,0,1,false
4005,dlk_tbl_01894,1,0,1,false
4006,dlk_tbl_02036,1,0,1,false
4007,gob_tbl_02391,1,0,1,false
4008,dlk_tbl_02943,1,0,1,false
4009,dash_tbl_02612,1,0,1,false
4010,dlk_tbl_00515,1,0,1,false
4011,dlk_tbl_00936,1,0,1,false
4012,gob_tbl_03015,1,0,1,false
4013,dlk_tbl_04293,1,0,1,false
4014,gob_tbl_03158,1,0,1,false
4015,dlk_tbl_02956,1,0,1,false
4016,proc_tbl_02337,1,0,1,false
4017,m4sco_tbl_01715,1,0,1,false
4018,proc_tbl_03062,1,0,1,false
4019,gob_tbl_02059,1,0,1,false
4020,gob_tbl_02685,1,0,1,false
4021,dlk_tbl_00415,1,0,1,false
4022,dlk_tbl_04346,1,0,1,false
4023,gob_tbl_02645,1,0,1,false
4024,dash_tbl_00570,1,0,1,false
4025,dlk_tbl_02281,1,0,1,false
4026,proc_tbl_00295,1,0,1,false
4027,dlk_tbl_02249,1,0,1,false
4028,dlk_tbl_01002,1,0,1,false
4029,dlk_tbl_01888,1,0,1,false
4030,gob_ext_00255,1,1,0,false
4031,gob_tbl_00300,1,0,1,false
4032,gob_tbl_02458,1,0,1,false
4033,dlk_tbl_01128,1,0,1,false
4034,dlk_tbl_01750,1,0,1,false
4035,gob_tbl_03736,1,0,1,false
4036,ppn_tbl_00640,1,0,1,false
4037,dlk_tbl_02444,1,0,1,false
4038,dlk_tbl_00372,1,0,1,false
4039,gob_tbl_03344,1,0,1,false
4040,gob_tbl_03389,1,0,1,false
4041,gob_tbl_01429,1,0,1,false
4042,dlk_tbl_00963,1,0,1,false
4043,dlk_tbl_02103,1,0,1,false
4044,ppn_tbl_03044,1,0,1,false
4045,dlk_tbl_02826,1,0,1,false
4046,gob_tbl_02061,1,0,1,false
4047,dlk_tbl_04336,1,0,1,false
4048,m4sco_tbl_03720,1,0,1,false
4049,m4vw_tbl_01459,1,0,1,false
4050,dlk_tbl_02016,1,0,1,false
4051,dlk_tbl_04015,1,0,1,false
4052,gob_tbl_03159,1,0,1,false
4053,gob_tbl_01047,1,0,1,false
4054,gob_tbl_03283,1,0,1,false
4055,gob_tbl_02579,1,0,1,false
4056,gob_tbl_02725,1,0,1,false
4057,dash_tbl_00373,1,0,1,false
4058,ppn_tbl_01755,1,0,1,false
4059,gob_ext_00239,1,1,0,false
4060,gob_tbl_00222,1,0,1,false
4061,dlk_tbl_01637,1,0,1,false
4062,dlk_tbl_02379,1,0,1,false
4063,gob_tbl_01372,1,0,1,false
4064,dlk_tbl_02719,1,0,1,false
4065,dlk_tbl_02502,1,0,1,false
4066,gob_tbl_01785,1,0,1,false
4067,dlk_tbl_04255,1,0,1,false
4068,std_tbl_02360,1,0,1,false
4069,gob_tbl_01468,1,0,1,false
4070,gob_tbl_01138,1,0,1,false
4071,proc_tbl_03626,1,0,1,false
4072,dlk_tbl_03750,1,0,1,false
4073,dash_tbl_00256,1,0,1,false
4074,gob_tbl_03237,1,0,1,false
4075,dlk_tbl_01006,1,0,1,false
4076,dlk_tbl_01221,1,0,1,false
4077,proc_tbl_01874,1,0,1,false
4078,dash_tbl_04170,1,0,1,false
4079,std_tbl_02667,1,0,1,false
4080,dlk_tbl_00527,1,0,1,false
4081,gob_tbl_01858,1,0,1,false
4082,dlk_tbl_01091,1,0,1,false
4083,dlk_tbl_03322,1,0,1,false
4084,dlk_tbl_04321,1,0,1,false
4085,dlk_tbl_00290,1,0,1,false
4086,m4sco_tbl_03374,1,0,1,false
4087,std_tbl_02507,1,0,1,false
4088,dash_tbl_03173,1,0,1,false
4089,proc_tbl_00649,1,0,1,false
4090,dlk_tbl_02372,1,0,1,false
4091,gob_tbl_01678,1,0,1,false
4092,dlk_tbl_00076,1,0,1,false
4093,dlk_tbl_02873,1,0,1,false
4094,std_tbl_04186,1,0,1,false
4095,dlk_tbl_00579,1,0,1,false
4096,dlk_tbl_00569,1,0,1,false
4097,dlk_tbl_02820,1,0,1,false
4098,gob_tbl_01666,1,0,1,false
4099,proc_tbl_03242,1,0,1,false
4100,ppn_tbl_03533,1,0,1,false
4101,dlk_tbl_01656,1,0,1,false
4102,dlk_ext_00279,1,1,0,false
4103,gob_tbl_01088,1,0,1,false
4104,gob_tbl_01827,1,0,1,false
4105,gob_tbl_02610,1,0,1,false
4106,gob_tbl_03866,1,0,1,false
4107,gob_tbl_02639,1,0,1,false
4108,proc_tbl_03910,1,0,1,false
4109,gob_tbl_01695,1,0,1,false
4110,dlk_tbl_02538,1,0,1,false
4111,proc_tbl_00040,1,0,1,false
4112,gob_tbl_00914,1,0,1,false
4113,gob_tbl_02238,1,0,1,false
4114,dlk_tbl_02125,1,0,1,false
4115,proc_tbl_01980,1,0,1,false
4116,gob_tbl_03112,1,0,1,false
4117,gob_tbl_04249,1,0,1,false
4118,dlk_tbl_02167,1,0,1,false
4119,dlk_tbl_00828,1,0,1,false
4120,std_tbl_01841,1,0,1,false
4121,dash_tbl_01983,1,0,1,false
4122,gob_tbl_02384,1,0,1,false
4123,proc_tbl_00989,1,0,1,false
4124,gob_tbl_00777,1,0,1,false
4125,dash_tbl_04190,1,0,1,false
4126,gob_tbl_03472,1,0,1,false
4127,dlk_tbl_01258,1,0,1,false
4128,gob_tbl_02864,1,0,1,false
4129,dlk_tbl_02786,1,0,1,false
4130,dlk_tbl_01368,1,0,1,false
4131,gob_tbl_03590,1,0,1,false
4132,gob_tbl_00110,1,0,1,false
4133,gob_tbl_03037,1,0,1,false
4134,dlk_tbl_02941,1,0,1,false
4135,proc_tbl_01265,1,0,1,false
4136,gob_tbl_02925,1,0,1,false
4137,dlk_tbl_04405,1,0,1,false
4138,gob_tbl_03503,1,0,1,false
4139,gob_tbl_04014,1,0,1,false
4140,gob_tbl_00764,1,0,1,false
4141,dlk_tbl_01772,1,0,1,false
4142,gob_tbl_02044,1,0,1,false
4143,gob_tbl_00375,1,0,1,false
4144,dlk_tbl_00306,1,0,1,false
4145,gob_tbl_00657,1,0,1,false
4146,gob_tbl_00709,1,0,1,false
4147,dash_tbl_01199,1,0,1,false
4148,dlk_tbl_00060,1,0,1,false
4149,proc_tbl_00165,1,0,1,false
4150,proc_tbl_00389,1,0,1,false
4151,dlk_tbl_00624,1,0,1,false
4152,gob_tbl_01826,1,0,1,false
4153,gob_tbl_02529,1,0,1,false
4154,dlk_tbl_00039,1,0,1,false
4155,dlk_tbl_03974,1,0,1,false
4156,m4sco_tbl_01276,1,0,1,false
4157,dash_tbl_01146,1,0,1,false
4158,proc_tbl_02110,1,0,1,false
4159,gob_tbl_00580,1,0,1,false
4160,dlk_tbl_04010,1,0,1,false
4161,std_tbl_01730,1,0,1,false
4162,dlk_tbl_03548,1,0,1,false
4163,dlk_tbl_01595,1,0,1,false
4164,proc_tbl_03456,1,0,1,false
4165,dlk_tbl_01691,1,0,1,false
4166,dlk_tbl_00754,1,0,1,false
4167,gob_tbl_03401,1,0,1,false
4168,dlk_tbl_00924,1,0,1,false
4169,gob_tbl_00867,1,0,1,false
4170,dlk_tbl_03114,1,0,1,false
4171,dlk_tbl_00411,1,0,1,false
4172,gob_tbl_01321,1,0,1,false
4173,proc_tbl_01511,1,0,1,false
4174,proc_tbl_01969,1,0,1,false
4175,gob_tbl_02748,1,0,1,false
4176,gob_tbl_00345,1,0,1,false
4177,dlk_tbl_02373,1,0,1,false
4178,gob_tbl_00858,1,0,1,false
4179,gob_tbl_03078,1,0,1,false
4180,proc_tbl_04117,1,0,1,false
4181,dlk_tbl_02762,1,0,1,false
4182,proc_tbl_01272,1,0,1,false
4183,gob_tbl_00969,1,0,1,false
4184,dlk_tbl_02240,1,0,1,false
4185,gob_ext_00392,1,1,0,false
4186,dash_tbl_00693,1,0,1,false
4187,gob_ext_00046,1,1,0,false
4188,dash_tbl_03420,1,0,1,false
4189,dlk_tbl_03772,1,0,1,false
4190,dash_tbl_04019,1,0,1,false
4191,gob_tbl_01945,1,0,1,false
4192,proc_tbl_01024,1,0,1,false
4193,dash_tbl_03067,1,0,1,false
4194,proc_tbl_01246,1,0,1,false
4195,gob_tbl_01309,1,0,1,false
4196,dlk_tbl_01576,1,0,1,false
4197,gob_tbl_02581,1,0,1,false
4198,gob_tbl_01030,1,0,1,false
4199,dlk_tbl_00462,1,0,1,false
4200,std_tbl_00517,1,0,1,false
4201,gob_tbl_02164,1,0,1,false
4202,proc_tbl_02267,1,0,1,false
4203,gob_tbl_02324,1,0,1,false
4204,dlk_tbl_00119,1,0,1,false
4205,gob_tbl_03858,1,0,1,false
4206,std_tbl_03712,1,0,1,false
4207,gob_ext_00721,1,1,0,false
4208,gob_tbl_03101,1,0,1,false
4209,m4vw_tbl_03790,1,0,1,false
4210,gob_tbl_03381,1,0,1,false
4211,gob_tbl_01279,1,0,1,false
4212,gob_tbl_03931,1,0,1,false
4213,proc_tbl_01045,1,0,1,false
4214,gob_tbl_03162,1,0,1,false
4215,gob_tbl_01245,1,0,1,false
4216,gob_tbl_03588,1,0,1,false
4217,dlk_tbl_02770,1,0,1,false
4218,proc_tbl_00254,1,0,1,false
4219,dlk_tbl_02703,1,0,1,false
4220,dlk_tbl_01764,1,0,1,false
4221,gob_tbl_02256,1,0,1,false
4222,gob_tbl_04374,1,0,1,false
4223,gob_tbl_03439,1,0,1,false
4224,dash_tbl_03524,1,0,1,false
4225,dlk_tbl_02231,1,0,1,false
4226,dlk_tbl_01805,1,0,1,false
4227,dlk_tbl_03853,1,0,1,false
4228,gob_tbl_00537,1,0,1,false
4229,proc_tbl_03972,1,0,1,false
4230,dlk_tbl_00108,1,0,1,false
4231,gob_tbl_03486,1,0,1,false
4232,dlk_tbl_03699,1,0,1,false
4233,dlk_tbl_02974,1,0,1,false
4234,proc_tbl_03261,1,0,1,false
4235,gob_tbl_04121,1,0,1,false
4236,proc_tbl_03119,1,0,1,false
4237,dlk_tbl_00990,1,0,1,false
4238,dlk_ext_00714,1,1,0,false
4239,dash_tbl_03307,1,0,1,false
4240,gob_tbl_01280,1,0,1,false
4241,gob_tbl_01600,1,0,1,false
4242,gob_tbl_02425,1,0,1,false
4243,proc_ext_00141,1,1,0,false
4244,gob_tbl_00535,1,0,1,false
4245,dlk_tbl_01408,1,0,1,false
4246,dlk_tbl_01686,1,0,1,false
4247,gob_tbl_03786,1,0,1,false
4248,gob_tbl_02539,1,0,1,false
4249,dlk_tbl_04400,1,0,1,false
4250,dash_tbl_00145,1,0,1,false
4251,gob_tbl_00128,1,0,1,false
4252,gob_tbl_02787,1,0,1,false
4253,dlk_tbl_00400,1,0,1,false
4254,dlk_tbl_00771,1,0,1,false
4255,gob_tbl_03947,1,0,1,false
4256,gob_tbl_03664,1,0,1,false
4257,dlk_tbl_01763,1,0,1,false
4258,dlk_tbl_00938,1,0,1,false
4259,dlk_tbl_03282,1,0,1,false
4260,gob_tbl_03068,1,0,1,false
4261,gob_tbl_01346,1,0,1,false
4262,proc_tbl_03659,1,0,1,false
4263,dlk_tbl_01411,1,0,1,false
4264,dlk_tbl_02819,1,0,1,false
4265,gob_tbl_00269,1,0,1,false
4266,gob_tbl_03633,1,0,1,false
4267,dlk_tbl_02442,1,0,1,false
4268,dlk_tbl_03990,1,0,1,false
4269,gob_tbl_03290,1,0,1,false
4270,proc_tbl_01673,1,0,1,false
4271,proc_tbl_00192,1,0,1,false
4272,dlk_tbl_02629,1,0,1,false
4273,dlk_tbl_03407,1,0,1,false
4274,proc_tbl_03005,1,0,1,false
4275,dlk_tbl_02557,1,0,1,false
4276,dlk_tbl_02140,1,0,1,false
4277,gob_ext_00314,1,1,0,false
4278,gob_tbl_01891,1,0,1,false
4279,std_tbl_01651,1,0,1,false
4280,dlk_ext_00179,1,1,0,false
4281,gob_tbl_01159,1,0,1,false
4282,m4vw_tbl_01348,1,0,1,false
4283,gob_tbl_03457,1,0,1,false
4284,gob_tbl_01301,1,0,1,false
4285,dash_tbl_02733,1,0,1,false
4286,gob_tbl_00258,1,0,1,false
4287,dlk_tbl_03256,1,0,1,false
4288,dlk_tbl_02862,1,0,1,false
4289,dash_tbl_03204,1,0,1,false
4290,dlk_tbl_00953,1,0,1,false
4291,gob_tbl_02890,1,0,1,false
4292,proc_tbl_01577,1,0,1,false
4293,dlk_ext_00204,1,1,0,false
4294,dlk_tbl_02765,1,0,1,false
4295,dlk_tbl_02829,1,0,1,false
4296,gob_tbl_04198,1,0,1,false
4297,dlk_tbl_03784,1,0,1,false
4298,gob_tbl_02275,1,0,1,false
4299,gob_tbl_00320,1,0,1,false
4300,gob_tbl_02402,1,0,1,false
4301,proc_tbl_00561,1,0,1,false
4302,proc_tbl_00151,1,0,1,false
4303,gob_ext_00672,1,1,0,false
4304,dlk_tbl_04102,1,0,1,false
4305,gob_tbl_00697,1,0,1,false
4306,gob_tbl_03195,1,0,1,false
4307,dlk_ext_00006,1,1,0,false
4308,gob_tbl_02920,1,0,1,false
4309,dash_tbl_02698,1,0,1,false
4310,gob_tbl_03747,1,0,1,false
4311,proc_tbl_00038,1,0,1,false
4312,proc_tbl_02305,1,0,1,false
4313,dash_tbl_02889,1,0,1,false
4314,dash_tbl_01918,1,0,1,false
4315,dlk_ext_00225,1,1,0,false
4316,dlk_tbl_01111,1,0,1,false
4317,dash_tbl_02004,1,0,1,false
4318,dash_tbl_03411,1,0,1,false
4319,dlk_tbl_02504,1,0,1,false
4320,dlk_tbl_04005,1,0,1,false
4321,gob_tbl_00056,1,0,1,false
4322,gob_ext_00183,1,1,0,false
4323,gob_tbl_04217,1,0,1,false
4324,gob_tbl_03274,1,0,1,false
4325,std_tbl_03406,1,0,1,false
4326,gob_tbl_03892,1,0,1,false
4327,dlk_tbl_01645,1,0,1,false
4328,gob_tbl_03729,1,0,1,false
4329,m4vw_tbl_01898,1,0,1,false
4330,dlk_tbl_02643,1,0,1,false
4331,gob_tbl_04416,1,0,1,false
4332,dlk_tbl_01202,1,0,1,false
4333,gob_tbl_04415,1,0,1,false
4334,dlk_tbl_02101,1,0,1,false
4335,proc_tbl_01022,1,0,1,false
4336,dlk_tbl_02714,1,0,1,false
4337,dlk_tbl_02022,1,0,1,false
4338,dash_tbl_02095,1,0,1,false
4339,gob_tbl_00547,1,0,1,false
4340,gob_tbl_03426,1,0,1,false
4341,gob_tbl_03050,1,0,1,false
4342,dlk_tbl_04092,1,0,1,false
4343,gob_tbl_00635,1,0,1,false
4344,gob_tbl_02297,1,0,1,false
4345,std_tbl_00957,1,0,1,false
4346,dlk_tbl_02668,1,0,1,false
4347,dlk_tbl_04238,1,0,1,false
4348,std_tbl_02151,1,0,1,false
4349,gob_tbl_00149,1,0,1,false
4350,dlk_tbl_02452,1,0,1,false
4351,dlk_tbl_02221,1,0,1,false
4352,gob_tbl_03730,1,0,1,false
4353,dlk_tbl_03046,1,0,1,false
4354,dlk_tbl_02989,1,0,1,false
4355,gob_tbl_01216,1,0,1,false
4356,gob_tbl_04048,1,0,1,false
4357,dash_tbl_03987,1,0,1,false
4358,dlk_tbl_01158,1,0,1,false
4359,proc_tbl_00884,1,0,1,false
4360,dlk_tbl_04002,1,0,1,false
4361,gob_ext_00490,1,1,0,false
4362,gob_tbl_00615,1,0,1,false
4363,gob_tbl_00736,1,0,1,false
4364,gob_tbl_00646,1,0,1,false
4365,dash_tbl_01294,1,0,1,false
4366,dlk_tbl_00684,1,0,1,false
4367,dlk_tbl_04007,1,0,1,false
4368,dlk_tbl_00774,1,0,1,false
4369,dash_tbl_00479,1,0,1,false
4370,dlk_tbl_03569,1,0,1,false
4371,dlk_tbl_01976,1,0,1,false
4372,gob_tbl_03136,1,0,1,false
4373,dash_tbl_01001,1,0,1,false
4374,dlk_tbl_01708,1,0,1,false
4375,dlk_tbl_02225,1,0,1,false
4376,gob_tbl_03684,1,0,1,false
4377,gob_tbl_01677,1,0,1,false
4378,proc_tbl_04066,1,0,1,false
4379,dlk_tbl_02751,1,0,1,false
4380,dash_tbl_01810,1,0,1,false
4381,dash_tbl_01292,1,0,1,false
4382,proc_tbl_03940,1,0,1,false
4383,gob_tbl_01615,1,0,1,false
4384,ppn_tbl_01783,1,0,1,false
4385,dlk_tbl_00467,1,0,1,false
4386,gob_tbl_00892,1,0,1,false
4387,proc_tbl_02946,1,0,1,false
4388,gob_tbl_01409,1,0,1,false
4389,dlk_tbl_02230,1,0,1,false
4390,dlk_tbl_03742,1,0,1,false
4391,dlk_tbl_02209,1,0,1,false
4392,gob_tbl_03402,1,0,1,false
4393,dlk_tbl_03357,1,0,1,false
4394,gob_tbl_03797,1,0,1,false
4395,dash_tbl_02470,1,0,1,false
4396,gob_tbl_02037,1,0,1,false
4397,proc_tbl_01297,1,0,1,false
4398,gob_tbl_02809,1,0,1,false
4399,dash_ext_00399,1,1,0,false
4400,proc_tbl_03530,1,0,1,false
4401,dlk_tbl_00676,1,0,1,false
4402,gob_tbl_01887,1,0,1,false
4403,dlk_tbl_02833,1,0,1,false
4404,dlk_tbl_01665,1,0,1,false
4405,dlk_tbl_03541,1,0,1,false
4406,dlk_tbl_00596,1,0,1,false
4407,gob_tbl_02591,1,0,1,false
4408,dlk_tbl_00307,1,0,1,false
4409,dash_tbl_03774,1,0,1,false
4410,gob_tbl_02152,1,0,1,false
4411,dlk_tbl_00947,1,0,1,false
4412,dlk_tbl_00112,1,0,1,false
4413,dlk_tbl_02675,1,0,1,false
4414,dlk_tbl_03199,1,0,1,false
4415,gob_tbl_03252,1,0,1,false
4416,gob_tbl_01206,1,0,1,false
4417,dlk_tbl_01653,1,0,1,false
4418,dash_ext_00275,1,1,0,false
4419,gob_tbl_02450,1,0,1,false
4420,gob_tbl_00066,1,0,1,false
4421,dlk_ext_00201,1,1,0,false
4422,dash_tbl_01661,1,0,1,false
4423,dash_tbl_02122,1,0,1,false
4424,gob_tbl_01954,1,0,1,false
4425,dlk_tbl_03253,1,0,1,false
4426,gob_tbl_00716,1,0,1,false
4427,m4vw_tbl_03839,1,0,1,false
4428,gob_tbl_01965,1,0,1,false
4429,dlk_tbl_02900,1,0,1,false
4430,gob_tbl_03553,1,0,1,false
4431,gob_tbl_00118,1,0,1,false
4432,dlk_tbl_02633,1,0,1,false
4433,proc_tbl_00069,1,0,1,false
4434,dlk_tbl_01036,1,0,1,false
4435,proc_tbl_03615,1,0,1,false
4436,dlk_tbl_02807,1,0,1,false
4437,std_tbl_00159,1,0,1,false
4438,gob_tbl_03870,1,0,1,false
4439,dlk_tbl_02652,1,0,1,false
4440,gob_tbl_00154,1,0,1,false
4441,dlk_tbl_04357,1,0,1,false
4442,dlk_tbl_00988,1,0,1,false
4443,gob_tbl_00628,1,0,1,false
4444,dlk_tbl_02625,1,0,1,false
4445,std_tbl_04383,1,0,1,false
4446,gob_tbl_01801,1,0,1,false
4447,dlk_tbl_02506,1,0,1,false
4448,gob_tbl_02772,1,0,1,false
4449,proc_tbl_04266,1,0,1,false
4450,dlk_tbl_02980,1,0,1,false
4451,gob_tbl_04231,1,0,1,false
4452,gob_tbl_01697,1,0,1,false
4453,proc_tbl_02669,1,0,1,false
4454,proc_tbl_00376,1,0,1,false
4455,gob_tbl_01877,1,0,1,false
4456,proc_tbl_03087,1,0,1,false
4457,proc_tbl_02030,1,0,1,false
4458,proc_tbl_03506,1,0,1,false
4459,dash_tbl_01300,1,0,1,false
4460,dlk_tbl_03802,1,0,1,false
4461,dash_tbl_03861,1,0,1,false
4462,dlk_tbl_00312,1,0,1,false
4463,gob_ext_00692,1,1,0,false
4464,gob_tbl_00455,1,0,1,false
4465,gob_tbl_01058,1,0,1,false
4466,std_tbl_03850,1,0,1,false
4467,std_tbl_02788,1,0,1,false
4468,proc_tbl_03577,1,0,1,false
4469,dlk_tbl_00008,1,0,1,false
4470,dlk_tbl_02734,1,0,1,false
4471,gob_tbl_02497,1,0,1,false
4472,proc_tbl_02250,1,0,1,false
4473,dlk_tbl_01932,1,0,1,false
4474,dlk_tbl_02385,1,0,1,false
4475,gob_tbl_03722,1,0,1,false
4476,dash_tbl_01127,1,0,1,false
4477,dlk_tbl_02157,1,0,1,false
4478,dlk_tbl_03179,1,0,1,false
4479,dlk_tbl_04341,1,0,1,false
4480,proc_tbl_02999,1,0,1,false
4481,dlk_tbl_00359,1,0,1,false
4482,dash_tbl_04339,1,0,1,false
4483,gob_tbl_00212,1,0,1,false
4484,proc_tbl_01186,1,0,1,false
4485,gob_tbl_00177,1,0,1,false
4486,proc_ext_00633,1,1,0,false
4487,dlk_tbl_02621,1,0,1,false
4488,dash_tbl_01876,1,0,1,false
4489,proc_tbl_01612,1,0,1,false
4490,proc_tbl_02195,1,0,1,false
4491,gob_tbl_02403,1,0,1,false
4492,dlk_tbl_04085,1,0,1,false
4493,gob_tbl_00339,1,0,1,false
4494,gob_tbl_01334,1,0,1,false
4495,proc_tbl_01295,1,0,1,false
4496,dlk_tbl_01454,1,0,1,false
4497,gob_tbl_01956,1,0,1,false
4498,proc_tbl_03702,1,0,1,false
4499,gob_tbl_04315,1,0,1,false
4500,gob_tbl_02314,1,0,1,false
4501,proc_tbl_01870,1,0,1,false
4502,gob_tbl_00022,1,0,1,false
4503,dlk_tbl_00670,1,0,1,false
4504,dlk_tbl_01646,1,0,1,false
4505,dlk_tbl_00651,1,0,1,false
4506,gob_tbl_02827,1,0,1,false
4507,dlk_tbl_02909,1,0,1,false
4508,gob_tbl_02124,1,0,1,false
4509,proc_tbl_01102,1,0,1,false
4510,gob_tbl_02185,1,0,1,false
4511,gob_ext_00386,1,1,0,false
4512,dlk_tbl_03377,1,0,1,false
4513,gob_tbl_00331,1,0,1,false
4514,gob_tbl_02684,1,0,1,false
4515,proc_tbl_00818,1,0,1,false
4516,proc_tbl_04375,1,0,1,false
4517,dlk_tbl_02729,1,0,1,false
4518,dlk_tbl_04345,1,0,1,false
4519,proc_tbl_02339,1,0,1,false
4520,gob_tbl_00826,1,0,1,false
4521,gob_tbl_01648,1,0,1,false
4522,proc_tbl_03371,1,0,1,false
4523,dlk_tbl_03773,1,0,1,false
4524,std_tbl_01514,1,0,1,false
4525,gob_tbl_03741,1,0,1,false
4526,dlk_tbl_00047,1,0,1,false
4527,dlk_tbl_03214,1,0,1,false
4528,gob_tbl_02094,1,0,1,false
4529,gob_tbl_00193,1,0,1,false
4530,dlk_tbl_02349,1,0,1,false
4531,dlk_tbl_03442,1,0,1,false
4532,dlk_tbl_02982,1,0,1,false
4533,m4vw_tbl_01289,1,0,1,false
4534,std_tbl_02078,1,0,1,false
4535,dlk_tbl_00083,1,0,1,false
4536,gob_tbl_02257,1,0,1,false
4537,proc_tbl_02114,1,0,1,false
4538,gob_tbl_00477,1,0,1,false
4539,gob_tbl_03922,1,0,1,false
4540,gob_tbl_02089,1,0,1,false
4541,proc_tbl_02363,1,0,1,false
4542,dlk_tbl_00106,1,0,1,false
4543,proc_tbl_03709,1,0,1,false
4544,gob_tbl_01662,1,0,1,false
4545,ppn_tbl_01051,1,0,1,false
4546,gob_tbl_04361,1,0,1,false
4547,proc_tbl_03744,1,0,1,false
4548,gob_tbl_02973,1,0,1,false
4549,dlk_tbl_03777,1,0,1,false
4550,dlk_tbl_01881,1,0,1,false
4551,gob_tbl_03646,1,0,1,false
4552,gob_tbl_03829,1,0,1,false
4553,dlk_tbl_03485,1,0,1,false
4554,gob_tbl_02991,1,0,1,false
4555,gob_ext_00635,1,1,0,false
4556,gob_tbl_02655,1,0,1,false
4557,gob_tbl_01121,1,0,1,false
4558,gob_tbl_03514,1,0,1,false
4559,dlk_tbl_02069,1,0,1,false
4560,gob_tbl_01339,1,0,1,false
4561,proc_tbl_03133,1,0,1,false
4562,gob_tbl_00294,1,0,1,false
4563,proc_tbl_00553,1,0,1,false
4564,gob_tbl_03122,1,0,1,false
4565,gob_tbl_00015,1,0,1,false
4566,gob_tbl_01040,1,0,1,false
4567,dlk_tbl_04176,1,0,1,false
4568,proc_tbl_01204,1,0,1,false
4569,proc_tbl_01832,1,0,1,false
4570,gob_tbl_00469,1,0,1,false
4571,dlk_tbl_02119,1,0,1,false
4572,gob_tbl_03937,1,0,1,false
4573,dlk_tbl_02139,1,0,1,false
4574,dlk_tbl_03566,1,0,1,false
4575,dash_tbl_02731,1,0,1,false
4576,dlk_tbl_03002,1,0,1,false
4577,dlk_tbl_00483,1,0,1,false
4578,dlk_tbl_04177,1,0,1,false
4579,dlk_tbl_01900,1,0,1,false
4580,gob_tbl_00183,1,0,1,false
4581,dlk_tbl_00794,1,0,1,false
4582,proc_tbl_02977,1,0,1,false
4583,gob_tbl_01251,1,0,1,false
4584,proc_tbl_02764,1,0,1,false
4585,gob_tbl_02416,1,0,1,false
4586,proc_tbl_01717,1,0,1,false
4587,dlk_tbl_01054,1,0,1,false
4588,dlk_tbl_03425,1,0,1,false
4589,dlk_tbl_01831,1,0,1,false
4590,proc_tbl_00791,1,0,1,false
4591,dash_tbl_01793,1,0,1,false
4592,dlk_tbl_02329,1,0,1,false
4593,gob_tbl_02423,1,0,1,false
4594,dash_tbl_00035,1,0,1,false
4595,gob_tbl_03867,1,0,1,false
4596,dlk_tbl_00913,1,0,1,false
4597,dlk_tbl_03403,1,0,1,false
4598,proc_tbl_00741,1,0,1,false
4599,gob_tbl_00273,1,0,1,false
4600,gob_tbl_01705,1,0,1,false
4601,dlk_tbl_02959,1,0,1,false
4602,gob_ext_00103,1,1,0,false
4603,dlk_tbl_02922,1,0,1,false
4604,proc_tbl_04036,1,0,1,false
4605,gob_tbl_01544,1,0,1,false
4606,dlk_tbl_00782,1,0,1,false
4607,m4sco_tbl_01714,1,0,1,false
4608,dlk_tbl_00176,1,0,1,false
4609,proc_tbl_03565,1,0,1,false
4610,dlk_tbl_04271,1,0,1,false
4611,dlk_tbl_02087,1,0,1,false
4612,gob_tbl_01013,1,0,1,false
4613,gob_tbl_04074,1,0,1,false
4614,proc_tbl_03267,1,0,1,false
4615,gob_tbl_00915,1,0,1,false
4616,dlk_tbl_04025,1,0,1,false
4617,gob_tbl_03946,1,0,1,false
4618,dash_tbl_02215,1,0,1,false
4619,dlk_tbl_02266,1,0,1,false
4620,std_tbl_02376,1,0,1,false
4621,gob_tbl_01527,1,0,1,false
4622,gob_tbl_00977,1,0,1,false
4623,dash_tbl_00230,1,0,1,false
4624,gob_tbl_03723,1,0,1,false
4625,dlk_tbl_03650,1,0,1,false
4626,gob_tbl_00626,1,0,1,false
4627,dlk_tbl_02906,1,0,1,false
4628,dash_tbl_01982,1,0,1,false
4629,gob_tbl_00278,1,0,1,false
4630,dash_tbl_03319,1,0,1,false
4631,dash_tbl_04337,1,0,1,false
4632,dlk_tbl_02186,1,0,1,false
4633,dlk_tbl_02056,1,0,1,false
4634,dlk_tbl_02244,1,0,1,false
4635,dash_tbl_00932,1,0,1,false
4636,proc_tbl_00491,1,0,1,false
4637,proc_tbl_04110,1,0,1,false
4638,gob_tbl_01596,1,0,1,false
4639,m4sco_tbl_00311,1,0,1,false
4640,gob_tbl_01513,1,0,1,false
4641,gob_tbl_02796,1,0,1,false
4642,dlk_ext_00459,1,1,0,false
4643,dlk_tbl_03108,1,0,1,false
4644,gob_tbl_02571,1,0,1,false
4645,dlk_tbl_02307,1,0,1,false
4646,gob_tbl_00354,1,0,1,false
4647,dlk_tbl_00907,1,0,1,false
4648,gob_tbl_01480,1,0,1,false
4649,gob_tbl_03573,1,0,1,false
4650,gob_tbl_04328,1,0,1,false
4651,gob_tbl_02207,1,0,1,false
4652,gob_tbl_00141,1,0,1,false
4653,gob_tbl_00820,1,0,1,false
4654,m4vw_tbl_02407,1,0,1,false
4655,dash_tbl_02592,1,0,1,false
4656,proc_ext_00702,1,1,0,false
4657,gob_tbl_00505,1,0,1,false
4658,dlk_tbl_01288,1,0,1,false
4659,gob_tbl_02600,1,0,1,false
4660,gob_tbl_00844,1,0,1,false
4661,std_ext_00608,1,1,0,false
4662,dlk_tbl_02068,1,0,1,false
4663,dash_tbl_00347,1,0,1,false
4664,gob_tbl_04273,1,0,1,false
4665,gob_tbl_01274,1,0,1,false
4666,dlk_tbl_00301,1,0,1,false
4667,gob_tbl_01438,1,0,1,false
4668,dash_tbl_02147,1,0,1,false
4669,gob_tbl_01508,1,0,1,false
4670,dlk_tbl_00643,1,0,1,false
4671,gob_tbl_04071,1,0,1,false
4672,dash_tbl_04128,1,0,1,false
4673,proc_tbl_00191,1,0,1,false
4674,dlk_tbl_00182,1,0,1,false
4675,std_tbl_01811,1,0,1,false
4676,m4sco_tbl_03174,1,0,1,false
4677,dlk_tbl_01629,1,0,1,false
4678,dlk_tbl_03570,1,0,1,false
4679,proc_tbl_00857,1,0,1,false
4680,gob_ext_00541,1,1,0,false
4681,dash_tbl_02503,1,0,1,false
4682,proc_tbl_01767,1,0,1,false
4683,proc_tbl_01884,1,0,1,false
4684,dlk_tbl_00006,1,0,1,false
4685,gob_tbl_01516,1,0,1,false
4686,gob_tbl_00715,1,0,1,false
4687,proc_tbl_03620,1,0,1,false
4688,gob_tbl_01379,1,0,1,false
4689,gob_tbl_03497,1,0,1,false
4690,m4vw_tbl_01524,1,0,1,false
4691,gob_tbl_04210,1,0,1,false
4692,proc_tbl_04334,1,0,1,false
4693,gob_tbl_03656,1,0,1,false
4694,proc_tbl_01287,1,0,1,false
4695,dlk_tbl_02838,1,0,1,false
4696,gob_tbl_02358,1,0,1,false
4697,dlk_tbl_02464,1,0,1,false
4698,dlk_tbl_01189,1,0,1,false
4699,gob_tbl_00082,1,0,1,false
4700,dlk_tbl_00410,1,0,1,false
4701,dlk_tbl_02482,1,0,1,false
4702,gob_tbl_02617,1,0,1,false
4703,m4vw_tbl_00689,1,0,1,false
4704,dash_tbl_02313,1,0,1,false
4705,dash_tbl_00340,1,0,1,false
4706,dlk_tbl_02465,1,0,1,false
4707,dlk_tbl_01803,1,0,1,false
4708,std_tbl_04226,1,0,1,false
4709,dlk_tbl_02919,1,0,1,false
4710,gob_tbl_01953,1,0,1,false
4711,gob_tbl_01742,1,0,1,false
4712,dlk_tbl_04205,1,0,1,false
4713,dlk_tbl_04281,1,0,1,false
4714,dlk_tbl_00943,1,0,1,false
4715,dlk_tbl_03873,1,0,1,false
4716,gob_tbl_01391,1,0,1,false
4717,std_tbl_03328,1,0,1,false
4718,gob_tbl_02142,1,0,1,false
4719,proc_tbl_00731,1,0,1,false
4720,proc_tbl_01886,1,0,1,false
4721,gob_tbl_03100,1,0,1,false
4722,dlk_tbl_00263,1,0,1,false
4723,dlk_tbl_00166,1,0,1,false
4724,dlk_tbl_01363,1,0,1,false
4725,gob_tbl_00088,1,0,1,false
4726,proc_tbl_03578,1,0,1,false
4727,gob_tbl_03368,1,0,1,false
4728,dlk_tbl_03359,1,0,1,false
4729,dash_tbl_01794,1,0,1,false
4730,gob_tbl_03655,1,0,1,false
4731,std_tbl_00414,1,0,1,false
4732,proc_tbl_04068,1,0,1,false
4733,gob_tbl_00833,1,0,1,false
4734,proc_tbl_01364,1,0,1,false
4735,gob_tbl_01706,1,0,1,false
4736,gob_ext_00336,1,1,0,false
4737,dlk_tbl_02467,1,0,1,false
4738,dlk_tbl_02243,1,0,1,false
4739,dlk_tbl_01549,1,0,1,false
4740,ppn_tbl_01325,1,0,1,false
4741,dash_tbl_04202,1,0,1,false
4742,ppn_tbl_01635,1,0,1,false
4743,dash_tbl_01890,1,0,1,false
4744,dlk_tbl_01824,1,0,1,false
4745,gob_tbl_01588,1,0,1,false
4746,gob_tbl_00725,1,0,1,false
4747,dlk_tbl_04197,1,0,1,false
4748,gob_tbl_00209,1,0,1,false
4749,dlk_tbl_01318,1,0,1,false
4750,std_tbl_02771,1,0,1,false
4751,dash_tbl_03338,1,0,1,false
4752,gob_tbl_00111,1,0,1,false
4753,proc_tbl_02277,1,0,1,false
4754,dlk_tbl_02397,1,0,1,false
4755,gob_tbl_04235,1,0,1,false
4756,dash_tbl_04408,1,0,1,false
4757,gob_tbl_02976,1,0,1,false
4758,gob_tbl_00755,1,0,1,false
4759,std_tbl_01856,1,0,1,false
4760,gob_tbl_01993,1,0,1,false
4761,gob_tbl_01178,1,0,1,false
4762,gob_tbl_03286,1,0,1,false
4763,m4sco_tbl_01230,1,0,1,false
4764,gob_tbl_02517,1,0,1,false
4765,dlk_tbl_04193,1,0,1,false
4766,gob_tbl_03051,1,0,1,false
4767,gob_tbl_03315,1,0,1,false
4768,proc_tbl_01110,1,0,1,false
4769,gob_tbl_03216,1,0,1,false
4770,std_tbl_01759,1,0,1,false
4771,std_tbl_02676,1,0,1,false
4772,gob_tbl_01914,1,0,1,false
4773,dlk_tbl_01573,1,0,1,false
4774,dlk_tbl_01094,1,0,1,false
4775,ppn_tbl_00546,1,0,1,false
4776,gob_tbl_02859,1,0,1,false
4777,gob_tbl_03543,1,0,1,false
4778,dlk_tbl_02206,1,0,1,false
4779,dlk_tbl_01390,1,0,1,false
4780,dlk_tbl_00097,1,0,1,false
4781,proc_tbl_03710,1,0,1,false
4782,dash_tbl_01254,1,0,1,false
4783,gob_tbl_01586,1,0,1,false
4784,proc_tbl_00793,1,0,1,false
4785,std_ext_00259,1,1,0,false
4786,dlk_tbl_03014,1,0,1,false
4787,dlk_tbl_04134,1,0,1,false
4788,dlk_tbl_03793,1,0,1,false
4789,dlk_tbl_03063,1,0,1,false
4790,dlk_tbl_03080,1,0,1,false
4791,dash_ext_00536,1,1,0,false
4792,gob_tbl_02523,1,0,1,false
4793,gob_tbl_02806,1,0,1,false
4794,dlk_tbl_02880,1,0,1,false
4795,gob_tbl_03591,1,0,1,false
4796,proc_tbl_00067,1,0,1,false
4797,proc_tbl_03386,1,0,1,false
4798,dlk_tbl_02599,1,0,1,false
4799,dlk_tbl_03427,1,0,1,false
4800,gob_tbl_03165,1,0,1,false
4801,dlk_tbl_01179,1,0,1,false
4802,gob_tbl_02841,1,0,1,false
4803,proc_tbl_00277,1,0,1,false
4804,proc_tbl_01830,1,0,1,false
4805,dlk_tbl_02550,1,0,1,false
4806,dlk_tbl_03745,1,0,1,false
4807,gob_tbl_01077,1,0,1,false
4808,gob_tbl_02990,1,0,1,false
4809,gob_tbl_04329,1,0,1,false
4810,gob_tbl_03113,1,0,1,false
4811,proc_tbl_03060,1,0,1,false
4812,dlk_tbl_03481,1,0,1,false
4813,dlk_tbl_00326,1,0,1,false
4814,proc_tbl_00783,1,0,1,false
4815,dash_tbl_03007,1,0,1,false
4816,dlk_tbl_00829,1,0,1,false
4817,dlk_tbl_03076,1,0,1,false
4818,proc_tbl_03207,1,0,1,false
4819,gob_tbl_00498,1,0,1,false
4820,dlk_tbl_03146,1,0,1,false
4821,proc_tbl_02155,1,0,1,false
4822,dash_ext_00346,1,1,0,false
4823,dlk_tbl_02856,1,0,1,false
4824,dash_tbl_03082,1,0,1,false
4825,gob_tbl_00618,1,0,1,false
4826,proc_tbl_02217,1,0,1,false
4827,dlk_tbl_01553,1,0,1,false
4828,gob_tbl_02021,1,0,1,false
4829,dlk_ext_00080,1,1,0,false
4830,dash_tbl_01604,1,0,1,false
4831,gob_tbl_02474,1,0,1,false
4832,proc_tbl_01865,1,0,1,false
4833,dlk_tbl_01428,1,0,1,false
4834,dlk_tbl_04029,1,0,1,false
4835,dlk_tbl_00153,1,0,1,false
4836,dlk_tbl_03899,1,0,1,false
4837,dlk_tbl_00303,1,0,1,false
4838,dlk_tbl_02026,1,0,1,false
4839,dlk_tbl_03554,1,0,1,false
4840,m4vw_tbl_01850,1,0,1,false
4841,proc_tbl_01193,1,0,1,false
4842,gob_tbl_00398,1,0,1,false
4843,gob_tbl_00444,1,0,1,false
4844,gob_tbl_01728,1,0,1,false
4845,gob_tbl_03465,1,0,1,false
4846,dlk_tbl_02191,1,0,1,false
4847,gob_tbl_03642,1,0,1,false
4848,gob_tbl_01495,1,0,1,false
4849,dlk_tbl_01026,1,0,1,false
4850,std_tbl_03584,1,0,1,false
4851,dlk_tbl_03071,1,0,1,false
4852,std_tbl_04081,1,0,1,false
4853,gob_tbl_04100,1,0,1,false
4854,dlk_tbl_01241,1,0,1,false
4855,dlk_tbl_03662,1,0,1,false
4856,proc_tbl_03689,1,0,1,false
4857,dlk_tbl_01676,1,0,1,false
4858,gob_tbl_02741,1,0,1,false
4859,dlk_tbl_00259,1,0,1,false
4860,gob_tbl_01075,1,0,1,false
4861,gob_tbl_03192,1,0,1,false
4862,std_tbl_01119,1,0,1,false
4863,gob_tbl_00877,1,0,1,false
4864,gob_tbl_03603,1,0,1,false
4865,proc_tbl_02218,1,0,1,false
4866,gob_tbl_02258,1,0,1,false
4867,gob_tbl_00164,1,0,1,false
4868,gob_tbl_02607,1,0,1,false
4869,gob_tbl_03600,1,0,1,false
4870,proc_tbl_03391,1,0,1,false
4871,gob_tbl_00434,1,0,1,false
4872,dlk_tbl_02995,1,0,1,false
4873,dlk_tbl_00550,1,0,1,false
4874,proc_tbl_03764,1,0,1,false
4875,m4vw_tbl_02522,1,0,1,false
4876,dlk_tbl_03437,1,0,1,false
4877,dlk_ext_00491,1,1,0,false
4878,dlk_ext_00450,1,1,0,false
4879,gob_tbl_00439,1,0,1,false
4880,proc_tbl_00027,1,0,1,false
4881,dlk_tbl_01486,1,0,1,false
4882,std_tbl_02874,1,0,1,false
4883,dlk_tbl_02168,1,0,1,false
4884,dlk_tbl_00718,1,0,1,false
4885,proc_tbl_00325,1,0,1,false
4886,dlk_tbl_03799,1,0,1,false
4887,gob_tbl_01050,1,0,1,false
4888,dlk_tbl_03826,1,0,1,false
4889,dlk_tbl_03224,1,0,1,false
4890,dlk_tbl_01144,1,0,1,false
4891,gob_tbl_02367,1,0,1,false
4892,gob_tbl_00174,1,0,1,false
4893,gob_tbl_03097,1,0,1,false
4894,std_tbl_01623,1,0,1,false
4895,dash_tbl_01105,1,0,1,false
4896,dash_tbl_03579,1,0,1,false
4897,dlk_tbl_01442,1,0,1,false
4898,dlk_tbl_01281,1,0,1,false
4899,dash_tbl_03949,1,0,1,false
4900,dlk_tbl_02211,1,0,1,false
4901,gob_tbl_03775,1,0,1,false
4902,gob_tbl_00041,1,0,1,false
4903,gob_tbl_01464,1,0,1,false
4904,proc_tbl_01768,1,0,1,false
4905,dlk_ext_00581,1,1,0,false
4906,gob_tbl_04150,1,0,1,false
4907,proc_tbl_00293,1,0,1,false
4908,proc_tbl_01134,1,0,1,false
4909,proc_tbl_02355,1,0,1,false
4910,dlk_tbl_01151,1,0,1,false
4911,dlk_tbl_00423,1,0,1,false
4912,std_tbl_00087,1,0,1,false
4913,gob_tbl_01731,1,0,1,false
4914,gob_tbl_04080,1,0,1,false
4915,gob_tbl_03212,1,0,1,false
4916,m4sco_tbl_00660,1,0,1,false
4917,dlk_tbl_00036,1,0,1,false
4918,dlk_tbl_01239,1,0,1,false
4919,dlk_tbl_00224,1,0,1,false
4920,dlk_tbl_01864,1,0,1,false
4921,gob_tbl_01997,1,0,1,false
4922,proc_tbl_00032,1,0,1,false
4923,dlk_tbl_03075,1,0,1,false
4924,gob_tbl_02247,1,0,1,false
4925,gob_tbl_04299,1,0,1,false
4926,gob_tbl_02483,1,0,1,false
4927,m4vw_tbl_01581,1,0,1,false
4928,dlk_tbl_00841,1,0,1,false
4929,dlk_tbl_01270,1,0,1,false
4930,dlk_tbl_00205,1,0,1,false
4931,proc_tbl_01535,1,0,1,false
4932,dash_tbl_01131,1,0,1,false
4933,dlk_tbl_01833,1,0,1,false
4934,dlk_tbl_04234,1,0,1,false
4935,dlk_tbl_01366,1,0,1,false
4936,dlk_tbl_00785,1,0,1,false
4937,dlk_tbl_04003,1,0,1,false
4938,proc_tbl_02861,1,0,1,false
4939,dash_tbl_01554,1,0,1,false
4940,gob_tbl_01483,1,0,1,false
4941,gob_tbl_01936,1,0,1,false
4942,dlk_tbl_03700,1,0,1,false
4943,gob_tbl_03589,1,0,1,false
4944,dlk_tbl_02461,1,0,1,false
4945,ppn_tbl_01889,1,0,1,false
4946,gob_tbl_00701,1,0,1,false
4947,std_tbl_03474,1,0,1,false
4948,gob_tbl_00616,1,0,1,false
4949,gob_tbl_00942,1,0,1,false
4950,gob_tbl_00478,1,0,1,false
4951,gob_tbl_01682,1,0,1,false
4952,gob_tbl_02389,1,0,1,false
4953,dlk_tbl_02598,1,0,1,false
4954,std_ext_00294,1,1,0,false
4955,std_tbl_03943,1,0,1,false
4956,dlk_tbl_02996,1,0,1,false
4957,dash_tbl_01196,1,0,1,false
4958,dash_tbl_01283,1,0,1,false
4959,dash_tbl_00362,1,0,1,false
4960,dash_tbl_02709,1,0,1,false
4961,dash_tbl_03031,1,0,1,false
4962,dlk_tbl_04421,1,0,1,false
4963,dlk_tbl_03505,1,0,1,false
4964,dlk_tbl_03583,1,0,1,false
4965,dlk_tbl_00117,1,0,1,false
4966,dash_tbl_04208,1,0,1,false
4967,dlk_tbl_03118,1,0,1,false
4968,gob_tbl_03342,1,0,1,false
4969,dash_tbl_02014,1,0,1,false
4970,gob_ext_00629,1,1,0,false
4971,dlk_tbl_01052,1,0,1,false
4972,gob_tbl_00648,1,0,1,false
4973,gob_tbl_04111,1,0,1,false
4974,dlk_tbl_01373,1,0,1,false
4975,gob_tbl_00267,1,0,1,false
4976,dlk_tbl_04279,1,0,1,false
4977,dlk_tbl_03321,1,0,1,false
4978,gob_tbl_00671,1,0,1,false
4979,dash_tbl_03657,1,0,1,false
4980,gob_tbl_01988,1,0,1,false
4981,dash_tbl_03909,1,0,1,false
4982,gob_tbl_00732,1,0,1,false
4983,gob_tbl_00800,1,0,1,false
4984,dlk_tbl_02127,1,0,1,false
4985,dlk_tbl_03602,1,0,1,false
4986,dash_ext_00062,1,1,0,false
4987,proc_tbl_00218,1,0,1,false
4988,dlk_tbl_03980,1,0,1,false
4989,dlk_tbl_02208,1,0,1,false
4990,gob_tbl_04191,1,0,1,false
4991,dash_tbl_00351,1,0,1,false
4992,gob_tbl_03731,1,0,1,false
4993,dlk_tbl_03127,1,0,1,false
4994,gob_tbl_03781,1,0,1,false
4995,dlk_tbl_02952,1,0,1,false
4996,proc_tbl_00723,1,0,1,false
4997,proc_tbl_00144,1,0,1,false
4998,dlk_tbl_03587,1,0,1,false
4999,proc_tbl_00619,1,0,1,false
5000,gob_tbl_04109,1,0,1,false
5001,gob_tbl_01906,1,0,1,false
5002,dlk_tbl_02721,1,0,1,false
5003,gob_tbl_04296,1,0,1,false
5004,gob_tbl_03683,1,0,1,false
5005,dlk_tbl_02156,1,0,1,false
5006,dlk_tbl_00757,1,0,1,false
5007,gob_tbl_04259,1,0,1,false
5008,gob_tbl_00223,1,0,1,false
5009,gob_tbl_00155,1,0,1,false
5010,gob_tbl_03562,1,0,1,false
5011,gob_tbl_03092,1,0,1,false
5012,proc_tbl_02262,1,0,1,false
5013,gob_tbl_01973,1,0,1,false
5014,proc_tbl_02926,1,0,1,false
5015,dlk_ext_00199,1,1,0,false
5016,dlk_tbl_02737,1,0,1,false
5017,gob_tbl_00920,1,0,1,false
5018,dlk_tbl_00152,1,0,1,false
5019,dlk_tbl_01016,1,0,1,false
5020,dlk_tbl_03188,1,0,1,false
5021,gob_tbl_01496,1,0,1,false
5022,gob_tbl_02086,1,0,1,false
5023,proc_tbl_02953,1,0,1,false
5024,dlk_tbl_03102,1,0,1,false
5025,dlk_tbl_03167,1,0,1,false
5026,gob_tbl_02985,1,0,1,false
5027,gob_tbl_00203,1,0,1,false
5028,gob_tbl_04012,1,0,1,false
5029,dash_tbl_01415,1,0,1,false
5030,gob_tbl_01376,1,0,1,false
5031,dlk_tbl_03696,1,0,1,false
5032,gob_tbl_01455,1,0,1,false
5033,proc_tbl_00786,1,0,1,false
5034,dlk_tbl_01789,1,0,1,false
5035,proc_tbl_03348,1,0,1,false
5036,proc_tbl_00503,1,0,1,false
5037,gob_tbl_04228,1,0,1,false
5038,gob_tbl_03758,1,0,1,false
5039,gob_tbl_03540,1,0,1,false
5040,gob_tbl_02085,1,0,1,false
5041,proc_tbl_02656,1,0,1,false
5042,dlk_tbl_02744,1,0,1,false
5043,std_tbl_00075,1,0,1,false
5044,dlk_tbl_03865,1,0,1,false
5045,gob_tbl_01575,1,0,1,false
5046,gob_ext_00418,1,1,0,false
5047,dlk_tbl_03390,1,0,1,false
5048,dlk_tbl_01765,1,0,1,false
5049,dlk_tbl_01181,1,0,1,false
5050,proc_tbl_02713,1,0,1,false
5051,proc_tbl_01190,1,0,1,false
5052,gob_tbl_00559,1,0,1,false
5053,dlk_tbl_00093,1,0,1,false
5054,dlk_tbl_02541,1,0,1,false
5055,gob_tbl_00327,1,0,1,false
5056,proc_tbl_03483,1,0,1,false
5057,std_tbl_00499,1,0,1,false
5058,gob_tbl_03408,1,0,1,false
5059,ppn_tbl_00866,1,0,1,false
5060,std_tbl_00395,1,0,1,false
5061,proc_tbl_00692,1,0,1,false
5062,gob_tbl_02988,1,0,1,false
5063,proc_tbl_04095,1,0,1,false
5064,dlk_tbl_00084,1,0,1,false
5065,dash_tbl_04181,1,0,1,false
5066,dlk_tbl_02163,1,0,1,false
5067,gob_tbl_00096,1,0,1,false
5068,gob_tbl_01185,1,0,1,false
5069,proc_tbl_03770,1,0,1,false
5070,gob_tbl_00243,1,0,1,false
5071,proc_tbl_03532,1,0,1,false
5072,gob_tbl_02665,1,0,1,false
5073,dlk_tbl_01568,1,0,1,false
5074,dlk_tbl_03249,1,0,1,false
5075,proc_ext_00725,1,1,0,false
5076,gob_tbl_04262,1,0,1,false
5077,ppn_tbl_01338,1,0,1,false
5078,gob_tbl_04148,1,0,1,false
5079,dlk_tbl_03187,1,0,1,false
5080,gob_tbl_02940,1,0,1,false
5081,dlk_tbl_04377,1,0,1,false
5082,dlk_tbl_00282,1,0,1,false
5083,dlk_tbl_00195,1,0,1,false
5084,dlk_tbl_04367,1,0,1,false
5085,dlk_tbl_01466,1,0,1,false
5086,gob_tbl_04291,1,0,1,false
5087,dlk_tbl_01349,1,0,1,false
5088,dash_ext_00051,1,1,0,false
5089,proc_tbl_01938,1,0,1,false
5090,proc_tbl_03751,1,0,1,false
5091,gob_tbl_04018,1,0,1,false
5092,gob_tbl_01532,1,0,1,false
5093,dlk_tbl_01417,1,0,1,false
5094,dlk_tbl_02711,1,0,1,false
5095,dlk_tbl_01150,1,0,1,false
5096,dash_tbl_04004,1,0,1,false
5097,dlk_tbl_02628,1,0,1,false
5098,dlk_tbl_02431,1,0,1,false
5099,gob_tbl_02563,1,0,1,false
5100,gob_tbl_03847,1,0,1,false
5101,gob_tbl_01120,1,0,1,false
5102,gob_tbl_02642,1,0,1,false
5103,dash_tbl_01643,1,0,1,false
5104,proc_tbl_02757,1,0,1,false
5105,gob_tbl_00779,1,0,1,false
5106,dlk_tbl_03181,1,0,1,false
5107,dash_tbl_00080,1,0,1,false
5108,gob_tbl_01034,1,0,1,false
5109,gob_tbl_01261,1,0,1,false
5110,gob_tbl_00310,1,0,1,false
5111,gob_tbl_01939,1,0,1,false
5112,dlk_tbl_03953,1,0,1,false
5113,dlk_tbl_00931,1,0,1,false
5114,std_ext_00654,1,1,0,false
5115,dlk_ext_00454,1,1,0,false
5116,dlk_tbl_01172,1,0,1,false
5117,dlk_tbl_01885,1,0,1,false
5118,dlk_tbl_00449,1,0,1,false
5119,proc_tbl_02686,1,0,1,false
5120,dlk_tbl_01913,1,0,1,false
5121,dlk_tbl_03798,1,0,1,false
5122,proc_tbl_02451,1,0,1,false
5123,gob_tbl_02070,1,0,1,false
5124,dlk_tbl_00497,1,0,1,false
5125,dlk_tbl_01467,1,0,1,false
5126,gob_tbl_00102,1,0,1,false
5127,gob_tbl_03811,1,0,1,false
5128,dlk_tbl_02846,1,0,1,false
