DAG;NumTablasAlimenta;TablasAlimenta;NumTablasAlimentan;TablasAlimentan
proc_proceso_0000;6;dlk_tbl_00726,dlk_tbl_01221,dlk_tbl_00650,gob_tbl_00470,dlk_tbl_00165,proc_tbl_01941;10;gob_tbl_00208,dlk_tbl_00063,dlk_tbl_00253,m4sco_tbl_01053,dash_tbl_01139,dlk_tbl_00883,proc_ext_00223,gob_ext_00281,gob_ext_00044,dash_ext_00300
dlk_proceso_0001;4;gob_tbl_01484,proc_tbl_01635,proc_tbl_01021,gob_tbl_00072;13;dlk_tbl_01713,m4sco_tbl_01333,dash_tbl_00142,m4vw_tbl_00014,dlk_tbl_00258,gob_tbl_02034,dash_tbl_00032,proc_ext_00179,m4sco_ext_00329,ppn_ext_00086,gob_ext_00057,dlk_ext_00316,dlk_ext_00096
dlk_proceso_0002;6;gob_tbl_00277,gob_tbl_01401,std_tbl_00135,gob_tbl_01439,proc_tbl_00196,ppn_tbl_01213;10;ppn_tbl_00346,dlk_tbl_02081,dlk_tbl_00975,std_tbl_00276,proc_tbl_01919,gob_tbl_00518,gob_ext_00043,dlk_ext_00000,gob_ext_00008,gob_ext_00281
gob_proceso_0003;3;dlk_tbl_01859,dash_tbl_01216,m4sco_tbl_01995;14;m4sco_tbl_01288,gob_tbl_00006,dlk_tbl_02077,proc_tbl_01930,gob_tbl_01961,gob_tbl_00427,dlk_tbl_01580,dlk_tbl_01062,gob_ext_00155,proc_ext_00253,dlk_ext_00224,m4sco_ext_00011,gob_ext_00357,dash_ext_00140
proc_proceso_0004;6;gob_tbl_01314,dlk_tbl_01798,gob_tbl_00098,dlk_tbl_00920,gob_tbl_00551,proc_tbl_01447;9;gob_tbl_01279,dlk_tbl_01233,dlk_tbl_01391,m4sco_tbl_00788,dlk_tbl_01148,proc_ext_00353,dlk_ext_00141,gob_ext_00034,dlk_ext_00299
gob_proceso_0005;4;std_tbl_01369,dlk_tbl_01829,gob_tbl_00678,m4vw_tbl_02026;9;m4sco_tbl_01995,gob_tbl_00072,m4vw_tbl_01240,gob_tbl_01297,std_tbl_00351,gob_ext_00313,proc_ext_00090,dlk_ext_00276,gob_ext_00089
proc_proceso_0006;5;dlk_tbl_00174,gob_tbl_00631,gob_tbl_01011,gob_tbl_00010,gob_tbl_01099;5;gob_tbl_01160,dlk_tbl_00144,proc_tbl_01700,dash_ext_00130,dlk_ext_00107
proc_proceso_0007;8;proc_tbl_01788,dlk_tbl_02143,gob_tbl_00425,gob_tbl_01704,proc_tbl_00578,gob_tbl_01556,std_tbl_00954,proc_tbl_00085;7;gob_tbl_01339,gob_tbl_01976,proc_tbl_00026,dlk_tbl_00343,gob_ext_00164,gob_ext_00217,gob_ext_00093
gob_proceso_0008;5;dlk_tbl_00109,dash_tbl_01903,dash_tbl_00219,proc_tbl_01118,gob_tbl_00340;7;gob_tbl_01669,gob_tbl_00512,dlk_tbl_01391,gob_tbl_01279,dlk_ext_00352,gob_ext_00234,dash_ext_00176
gob_proceso_0009;5;gob_tbl_01986,std_tbl_00276,proc_tbl_01539,dlk_tbl_00673,gob_tbl_00939;5;gob_tbl_01227,dlk_tbl_00620,proc_tbl_00215,gob_ext_00197,proc_ext_00362
proc_proceso_0010;4;gob_tbl_01295,gob_tbl_02003,dash_tbl_02086,proc_tbl_01904;11;dash_tbl_01154,proc_tbl_01601,dash_tbl_01684,dlk_tbl_01241,gob_tbl_00068,dlk_tbl_00275,dlk_ext_00249,gob_ext_00204,gob_ext_00302,dash_ext_00007,proc_ext_00193
gob_proceso_0011;4;gob_tbl_01525,proc_tbl_01045,gob_tbl_01557,dash_tbl_00249;14;gob_tbl_00203,dlk_tbl_00113,dash_tbl_01894,gob_tbl_01386,gob_tbl_01644,proc_tbl_02011,proc_tbl_02029,dlk_tbl_00933,dash_ext_00007,dlk_ext_00290,proc_ext_00099,gob_ext_00164,gob_ext_00355,proc_ext_00223
dlk_proceso_0012;5;gob_tbl_00285,dlk_tbl_00603,gob_tbl_00130,dlk_tbl_01940,gob_tbl_02121;9;gob_tbl_01417,gob_tbl_00314,dlk_tbl_01241,gob_tbl_01386,gob_tbl_01474,gob_ext_00232,dash_ext_00180,gob_ext_00091,proc_ext_00112
gob_proceso_0013;8;dash_tbl_01730,proc_tbl_02080,dlk_tbl_01479,dlk_tbl_00714,gob_tbl_01545,dlk_tbl_00545,dlk_tbl_01326,gob_tbl_01238;23;dlk_tbl_01842,dlk_tbl_00876,gob_tbl_00918,gob_tbl_00755,proc_tbl_01693,std_tbl_01938,gob_tbl_00862,gob_tbl_01031,gob_tbl_01417,gob_tbl_00374,gob_tbl_00359,dlk_tbl_00929,proc_tbl_02043,dash_ext_00046,dlk_ext_00318,proc_ext_00379,gob_ext_00302,gob_ext_00298,gob_ext_00275,dlk_ext_00283,dlk_ext_00221,gob_ext_00071,dlk_ext_00184
proc_proceso_0014;2;proc_tbl_01050,proc_tbl_01919;6;gob_tbl_01201,dash_tbl_00667,gob_tbl_00980,proc_ext_00201,dlk_ext_00100,gob_ext_00357
dlk_proceso_0015;2;dlk_tbl_02073,dlk_tbl_00035;20;gob_tbl_01445,gob_tbl_01737,dash_tbl_01400,dlk_tbl_01536,dlk_tbl_00144,dlk_tbl_00708,dlk_tbl_01739,gob_tbl_00538,dlk_tbl_01241,dlk_tbl_01524,dlk_tbl_00573,proc_tbl_00661,gob_ext_00034,gob_ext_00089,proc_ext_00022,dlk_ext_00012,dlk_ext_00006,dlk_ext_00028,gob_ext_00236,dlk_ext_00207
proc_proceso_0016;3;gob_tbl_01205,dlk_tbl_00691,dash_tbl_00428;6;dlk_tbl_00746,gob_tbl_01474,gob_tbl_01443,gob_ext_00338,gob_ext_00281,gob_ext_00248
dlk_proceso_0017;4;dash_tbl_00577,gob_tbl_00060,dlk_tbl_00094,gob_tbl_01822;13;gob_tbl_01143,gob_tbl_01030,std_tbl_01504,dlk_tbl_00415,gob_tbl_00333,proc_tbl_01675,gob_tbl_00082,gob_ext_00234,dash_ext_00293,gob_ext_00002,dlk_ext_00141,dlk_ext_00144,gob_ext_00126
gob_proceso_0018;2;dlk_tbl_01055,proc_tbl_01784;7;dlk_tbl_00982,dlk_tbl_00063,dlk_tbl_01444,dash_tbl_00140,gob_ext_00213,gob_ext_00167,dash_ext_00140
proc_proceso_0019;3;gob_tbl_02034,dlk_tbl_00846,gob_tbl_00086;10;std_tbl_00449,dlk_tbl_01468,dlk_tbl_02021,dlk_tbl_00991,dlk_tbl_00971,gob_tbl_00123,gob_ext_00261,proc_ext_00111,dlk_ext_00321,proc_ext_00079
dlk_proceso_0020;3;gob_tbl_00687,gob_tbl_00119,gob_tbl_00766;12;gob_tbl_01011,proc_tbl_01299,proc_tbl_01700,dlk_tbl_01119,gob_tbl_00879,dlk_tbl_00764,dlk_tbl_00443,gob_ext_00324,proc_ext_00343,proc_ext_00104,m4vw_ext_00031,proc_ext_00220
gob_proceso_0021;5;gob_tbl_01608,gob_tbl_00294,dlk_tbl_01683,proc_tbl_00590,dlk_tbl_01266;14;proc_tbl_00446,dlk_tbl_00536,dlk_tbl_01596,dlk_tbl_00713,gob_tbl_01332,gob_tbl_01335,dash_tbl_00048,dlk_tbl_00075,proc_ext_00362,dash_ext_00024,dlk_ext_00283,gob_ext_00308,dlk_ext_00146,gob_ext_00092
dlk_proceso_0022;2;dlk_tbl_01945,dlk_tbl_02116;7;gob_tbl_00226,proc_tbl_01629,gob_tbl_00198,dash_tbl_01168,proc_ext_00157,gob_ext_00348,gob_ext_00082
dash_proceso_0023;4;proc_tbl_01265,dlk_tbl_01603,std_tbl_00329,gob_tbl_00314;6;m4sco_tbl_01333,dlk_tbl_01931,dlk_tbl_00983,gob_ext_00313,dlk_ext_00208,gob_ext_00333
dash_proceso_0024;5;dlk_tbl_00718,dash_tbl_00712,gob_tbl_01951,dlk_tbl_01191,dlk_tbl_01079;15;gob_tbl_01386,ppn_tbl_00417,gob_tbl_02122,gob_tbl_00295,dlk_tbl_00467,dlk_tbl_01461,proc_tbl_01207,dlk_tbl_01119,proc_tbl_00927,dlk_ext_00080,gob_ext_00374,dlk_ext_00141,gob_ext_00248,gob_ext_00241,proc_ext_00053
dlk_proceso_0025;4;gob_tbl_01264,dlk_tbl_02057,dlk_tbl_02149,proc_tbl_02126;11;gob_tbl_01384,dlk_tbl_01252,dash_tbl_00168,proc_tbl_01664,gob_tbl_01613,dlk_tbl_00828,dash_ext_00029,dlk_ext_00219,gob_ext_00347,m4sco_ext_00329,proc_ext_00152
dlk_proceso_0026;4;dlk_tbl_00311,gob_tbl_01889,proc_tbl_00901,gob_tbl_00299;10;gob_tbl_00798,dlk_tbl_00983,gob_tbl_01196,proc_tbl_01719,gob_tbl_01731,std_tbl_00430,proc_ext_00362,gob_ext_00309,gob_ext_00239,dash_ext_00354
gob_proceso_0027;6;proc_tbl_02060,gob_tbl_01555,gob_tbl_01146,gob_tbl_00103,std_tbl_01408,gob_tbl_00552;9;m4sco_tbl_00827,dlk_tbl_00415,gob_tbl_02104,proc_tbl_00349,dlk_tbl_01352,dash_ext_00285,std_ext_00240,proc_ext_00129,gob_ext_00092
gob_proceso_0028;2;dash_tbl_01568,dash_tbl_02174;9;proc_tbl_00963,dlk_tbl_00275,proc_tbl_01324,gob_tbl_01900,dash_tbl_01606,gob_ext_00177,gob_ext_00204,gob_ext_00102,std_ext_00370
gob_proceso_0029;5;gob_tbl_01570,gob_tbl_01303,dlk_tbl_01753,dlk_tbl_01854,dash_tbl_02117;10;gob_tbl_01143,dlk_tbl_01650,dlk_tbl_01528,dlk_tbl_01864,dlk_tbl_01711,gob_tbl_01085,std_ext_00059,dash_ext_00280,dlk_ext_00207,gob_ext_00183
dlk_proceso_0030;6;proc_tbl_02088,gob_tbl_01258,gob_tbl_00177,gob_tbl_01976,dlk_tbl_00304,proc_tbl_01415;4;dlk_tbl_00655,dash_tbl_01284,dlk_ext_00242,dlk_ext_00191
dlk_proceso_0031;5;gob_tbl_01737,dlk_tbl_00550,dash_tbl_01845,dlk_tbl_00254,dlk_tbl_00553;7;proc_tbl_01035,proc_tbl_02029,dash_tbl_02103,dash_tbl_00055,gob_ext_00014,dlk_ext_00304,proc_ext_00193
dlk_proceso_0032;4;dlk_tbl_01615,gob_tbl_01760,gob_tbl_00436,proc_tbl_01722;7;gob_tbl_01192,dlk_tbl_00547,dash_tbl_00061,proc_tbl_01593,dash_ext_00123,dlk_ext_00162,dlk_ext_00256
gob_proceso_0033;4;gob_tbl_00123,gob_tbl_00357,dash_tbl_01746,gob_tbl_00423;7;dlk_tbl_00708,m4vw_tbl_00501,gob_tbl_01861,gob_tbl_01219,proc_ext_00129,dlk_ext_00299,gob_ext_00302
gob_proceso_0034;6;proc_tbl_01675,dlk_tbl_01588,gob_tbl_01345,proc_tbl_01153,dash_tbl_02103,dlk_tbl_01467;21;dlk_tbl_00239,proc_tbl_02055,gob_tbl_00865,proc_tbl_02029,gob_tbl_01259,proc_tbl_00274,gob_tbl_01098,m4vw_tbl_00568,gob_tbl_02161,proc_tbl_00262,gob_tbl_01828,dlk_tbl_00321,gob_ext_00172,dlk_ext_00128,dlk_ext_00023,dlk_ext_00231,dlk_ext_00118,gob_ext_00170,dash_ext_00046,gob_ext_00089,dlk_ext_00319
gob_proceso_0035;2;dlk_tbl_00223,dlk_tbl_01237;15;dlk_tbl_00802,m4sco_tbl_01053,dlk_tbl_02106,dlk_tbl_00155,dash_tbl_00252,gob_tbl_01966,dlk_tbl_01326,dlk_tbl_01815,dash_tbl_01786,gob_ext_00072,proc_ext_00211,gob_ext_00018,gob_ext_00044,dash_ext_00260,std_ext_00240
dash_proceso_0036;7;gob_tbl_01740,gob_tbl_01841,dash_tbl_00937,dlk_tbl_01706,dlk_tbl_00758,gob_tbl_01297,gob_tbl_01296;9;std_tbl_02078,gob_tbl_01484,gob_tbl_00096,std_tbl_01475,std_tbl_00919,proc_ext_00171,ppn_ext_00151,dlk_ext_00118,dlk_ext_00283
dash_proceso_0037;4;dlk_tbl_00227,gob_tbl_00719,proc_tbl_01777,proc_tbl_01067;12;proc_tbl_00680,dlk_tbl_01466,m4vw_tbl_01916,dlk_tbl_02058,dlk_tbl_01597,m4sco_tbl_00303,dlk_tbl_01071,dlk_ext_00023,gob_ext_00126,dlk_ext_00141,gob_ext_00073,dlk_ext_00318
gob_proceso_0038;4;proc_tbl_00164,gob_tbl_02110,gob_tbl_01918,proc_tbl_00206;4;gob_tbl_01950,m4sco_tbl_01333,gob_ext_00239,dlk_ext_00146
gob_proceso_0039;2;dlk_tbl_01864,ppn_tbl_01649;12;proc_tbl_01318,dlk_tbl_00367,dlk_tbl_00195,gob_tbl_00980,dlk_tbl_00969,proc_tbl_00938,dlk_tbl_00656,proc_ext_00373,dlk_ext_00251,dlk_ext_00028,dash_ext_00173,gob_ext_00068
proc_proceso_0040;7;proc_tbl_00398,m4vw_tbl_00237,gob_tbl_01121,dlk_tbl_01406,gob_tbl_01025,gob_tbl_02076,gob_tbl_01912;20;proc_tbl_01819,gob_tbl_02087,dlk_tbl_02176,dash_tbl_01357,dlk_tbl_01536,dlk_tbl_00977,dlk_tbl_00734,dlk_tbl_01594,proc_tbl_01800,dash_tbl_02173,proc_tbl_00546,dlk_tbl_02064,gob_ext_00068,gob_ext_00092,dash_ext_00263,proc_ext_00201,gob_ext_00298,dlk_ext_00332,dlk_ext_00049,gob_ext_00312
dlk_proceso_0041;8;dlk_tbl_01514,m4vw_tbl_01906,dlk_tbl_01444,m4vw_tbl_01240,dlk_tbl_00318,dash_tbl_00145,dlk_tbl_01576,dlk_tbl_00264;7;gob_tbl_01631,dash_tbl_00773,std_tbl_01733,dlk_tbl_00548,m4sco_ext_00351,proc_ext_00362,dlk_ext_00299
proc_proceso_0042;3;gob_tbl_00999,dlk_tbl_02164,m4sco_tbl_00385;4;gob_tbl_00327,gob_tbl_01279,proc_ext_00367,proc_ext_00171
gob_proceso_0043;3;gob_tbl_00729,dlk_tbl_00106,proc_tbl_01498;11;gob_tbl_02145,gob_tbl_00902,proc_tbl_01788,std_tbl_00351,gob_tbl_01831,gob_tbl_00737,gob_ext_00257,gob_ext_00302,proc_ext_00112,dash_ext_00016,dlk_ext_00067
dlk_proceso_0044;2;gob_tbl_00406,gob_tbl_01655;9;ppn_tbl_01387,dlk_tbl_02097,dash_tbl_00219,dlk_tbl_01681,dash_tbl_00784,dash_ext_00046,dlk_ext_00146,dash_ext_00132,gob_ext_00187
proc_proceso_0045;2;dlk_tbl_00977,m4vw_tbl_02017;13;proc_tbl_00587,dash_tbl_01894,dlk_tbl_00725,dlk_tbl_00279,gob_tbl_00535,gob_tbl_00600,dlk_tbl_00853,gob_ext_00057,proc_ext_00104,dlk_ext_00067,dlk_ext_00191,dlk_ext_00010,proc_ext_00022
proc_proceso_0046;5;dlk_tbl_01678,std_tbl_00469,dash_tbl_01020,proc_tbl_00446,gob_tbl_01614;16;dlk_tbl_00152,proc_tbl_01093,m4sco_tbl_00827,dash_tbl_01139,gob_tbl_01386,dash_tbl_01843,gob_tbl_00282,proc_tbl_01409,gob_tbl_00621,gob_ext_00298,gob_ext_00110,dlk_ext_00154,dlk_ext_00224,proc_ext_00199,proc_ext_00220,dlk_ext_00056
gob_proceso_0047;2;dlk_tbl_02105,gob_tbl_01582;4;proc_tbl_00508,dlk_tbl_01836,dlk_ext_00342,dash_ext_00246
gob_proceso_0048;4;proc_tbl_01270,dlk_tbl_00155,proc_tbl_01820,dlk_tbl_00112;10;gob_tbl_00879,gob_tbl_00314,gob_tbl_01525,dlk_tbl_01281,std_tbl_02046,gob_tbl_00294,dlk_ext_00212,dlk_ext_00101,dlk_ext_00148,dlk_ext_00320
proc_proceso_0049;4;gob_tbl_00699,gob_tbl_01804,gob_tbl_00287,gob_tbl_01179;4;dlk_tbl_00496,gob_tbl_01215,std_ext_00370,gob_ext_00178
dlk_proceso_0050;6;dlk_tbl_00858,m4sco_tbl_01228,gob_tbl_01622,gob_tbl_01431,dash_tbl_01795,dlk_tbl_00668;13;dlk_tbl_02097,proc_tbl_02088,m4sco_tbl_01863,gob_tbl_02090,gob_tbl_02040,gob_tbl_00375,dlk_tbl_00038,proc_ext_00053,gob_ext_00298,proc_ext_00171,proc_ext_00037,gob_ext_00347,dash_ext_00293
gob_proceso_0051;6;dlk_tbl_00195,dlk_tbl_00451,proc_tbl_00270,dlk_tbl_01688,dlk_tbl_00169,gob_tbl_01781;9;gob_tbl_01537,dlk_tbl_00688,dlk_tbl_01990,proc_tbl_01982,dlk_tbl_00279,dash_ext_00296,dash_ext_00227,gob_ext_00313,dlk_ext_00207
dlk_proceso_0052;8;dlk_tbl_01528,dash_tbl_00998,gob_tbl_01669,dash_tbl_02172,proc_tbl_00782,gob_tbl_00613,std_tbl_00411,dash_tbl_00966;14;m4sco_tbl_00863,gob_tbl_00752,proc_tbl_01280,gob_tbl_00287,gob_tbl_01714,std_tbl_01855,dlk_tbl_01749,gob_tbl_01170,dlk_ext_00107,gob_ext_00002,gob_ext_00044,std_ext_00074,dlk_ext_00067,dlk_ext_00283
gob_proceso_0053;8;gob_tbl_01662,gob_tbl_00251,dlk_tbl_00880,m4sco_tbl_00017,gob_tbl_00803,dlk_tbl_00111,proc_tbl_00676,gob_tbl_01312;24;dlk_tbl_01710,dlk_tbl_01272,gob_tbl_00999,gob_tbl_00326,ppn_tbl_01865,dlk_tbl_00434,gob_tbl_01211,gob_tbl_01861,gob_tbl_00376,ppn_tbl_01772,dlk_tbl_02058,gob_tbl_00514,dlk_tbl_00853,proc_tbl_01768,dlk_ext_00244,gob_ext_00002,gob_ext_00265,gob_ext_00117,proc_ext_00129,gob_ext_00275,proc_ext_00111,proc_ext_00220,gob_ext_00066,gob_ext_00183
gob_proceso_0054;4;proc_tbl_00026,dlk_tbl_00089,dlk_tbl_01852,dlk_tbl_00238;4;dlk_tbl_02176,gob_tbl_01073,dash_ext_00180,dash_ext_00300
dlk_proceso_0055;4;dlk_tbl_00261,gob_tbl_01376,dash_tbl_00784,dash_tbl_00772;7;dlk_tbl_01241,proc_tbl_00537,dlk_tbl_01651,gob_tbl_00183,proc_ext_00036,dash_ext_00130,dlk_ext_00299
proc_proceso_0056;3;dash_tbl_01137,gob_tbl_01791,gob_tbl_00902;9;gob_tbl_00752,proc_tbl_01447,ppn_tbl_01387,dlk_tbl_00959,proc_tbl_01571,gob_ext_00047,gob_ext_00302,gob_ext_00197,proc_ext_00201
dlk_proceso_0057;2;m4vw_tbl_00759,gob_tbl_01232;9;dlk_tbl_00776,dlk_tbl_01572,proc_tbl_00441,gob_tbl_02034,gob_tbl_00674,dlk_ext_00219,std_ext_00243,proc_ext_00036,gob_ext_00313
gob_proceso_0058;3;gob_tbl_01386,gob_tbl_01430,ppn_tbl_01110;13;dlk_tbl_00301,dlk_tbl_01272,dlk_tbl_01783,dlk_tbl_00991,gob_tbl_00624,gob_tbl_01560,proc_tbl_01207,gob_ext_00235,gob_ext_00138,gob_ext_00237,proc_ext_00171,std_ext_00243,ppn_ext_00142
proc_proceso_0059;4;dlk_tbl_02024,dlk_tbl_01114,dlk_tbl_01739,dash_tbl_00171;10;gob_tbl_00359,dlk_tbl_00352,gob_tbl_01636,dash_tbl_01795,m4vw_tbl_01240,proc_tbl_00508,gob_ext_00183,gob_ext_00274,gob_ext_00008,dlk_ext_00304
gob_proceso_0060;5;dlk_tbl_00818,dlk_tbl_00348,proc_tbl_01685,proc_tbl_00783,dash_tbl_01420;14;dlk_tbl_01824,proc_tbl_00262,dlk_tbl_00279,dlk_tbl_00401,proc_tbl_01807,dlk_tbl_00094,gob_tbl_00879,dash_tbl_01304,dlk_ext_00272,gob_ext_00092,gob_ext_00065,dlk_ext_00148,gob_ext_00308,proc_ext_00112
dlk_proceso_0061;5;gob_tbl_01744,gob_tbl_01147,dlk_tbl_01651,dlk_tbl_01937,proc_tbl_01036;8;dlk_tbl_00162,dlk_tbl_01277,dlk_tbl_00725,proc_tbl_00509,gob_tbl_01841,proc_ext_00201,dlk_ext_00067,gob_ext_00308
dlk_proceso_0062;6;gob_tbl_00851,proc_tbl_01693,dlk_tbl_00159,gob_tbl_00570,gob_tbl_00326,gob_tbl_00029;6;dlk_tbl_00075,dlk_tbl_01425,dlk_tbl_01262,gob_ext_00170,proc_ext_00147,proc_ext_00112
gob_proceso_0063;4;dash_tbl_00562,gob_tbl_01365,std_tbl_00386,dlk_tbl_00266;4;m4vw_tbl_02006,gob_tbl_00526,gob_ext_00065,dlk_ext_00321
dlk_proceso_0064;2;dlk_tbl_00746,gob_tbl_01327;15;gob_tbl_01460,std_tbl_02078,dlk_tbl_01598,dash_tbl_01538,proc_tbl_00026,dash_tbl_01843,dlk_tbl_00025,proc_tbl_01346,dlk_tbl_00174,proc_ext_00379,dash_ext_00246,m4sco_ext_00011,proc_ext_00022,gob_ext_00197,dlk_ext_00118
dlk_proceso_0065;5;dlk_tbl_00708,gob_tbl_02067,dlk_tbl_00445,m4vw_tbl_01485,proc_tbl_01627;10;dlk_tbl_02097,gob_tbl_01495,ppn_tbl_01717,dlk_tbl_00933,dlk_tbl_01890,dlk_tbl_01884,dlk_ext_00304,gob_ext_00326,gob_ext_00355,dash_ext_00108
gob_proceso_0066;5;gob_tbl_01060,dlk_tbl_00390,m4vw_tbl_01563,proc_tbl_01541,dlk_tbl_01915;12;gob_tbl_00613,gob_tbl_01097,proc_tbl_01930,gob_tbl_01668,dlk_tbl_00348,dlk_tbl_01657,dlk_tbl_01683,gob_ext_00149,gob_ext_00002,gob_ext_00121,gob_ext_00281,gob_ext_00164
proc_proceso_0067;8;dlk_tbl_00074,dlk_tbl_00265,dlk_tbl_01510,gob_tbl_01443,dlk_tbl_00234,dlk_tbl_00402,dlk_tbl_01992,std_tbl_01855;10;gob_tbl_02145,proc_tbl_01282,gob_tbl_00439,dash_tbl_01410,gob_tbl_00570,dlk_tbl_01074,gob_ext_00044,dlk_ext_00118,dash_ext_00136,dlk_ext_00272
dlk_proceso_0068;6;dlk_tbl_00628,proc_tbl_00575,dlk_tbl_00730,proc_tbl_01981,dlk_tbl_01082,gob_tbl_01868;21;gob_tbl_01861,proc_tbl_00206,gob_tbl_00588,dash_tbl_00023,proc_tbl_00936,gob_tbl_02104,proc_tbl_01846,dlk_tbl_00126,gob_tbl_01950,dlk_tbl_00401,proc_tbl_00410,gob_tbl_02003,gob_ext_00341,gob_ext_00274,std_ext_00268,dlk_ext_00198,dash_ext_00285,gob_ext_00110,gob_ext_00313,gob_ext_00125,dlk_ext_00019
dlk_proceso_0069;6;gob_tbl_01847,proc_tbl_01346,gob_tbl_00677,proc_tbl_01629,gob_tbl_01104,dlk_tbl_00704;12;gob_tbl_00056,gob_tbl_00729,dlk_tbl_01023,m4sco_tbl_00017,std_tbl_02078,dlk_tbl_01457,dlk_tbl_00120,gob_ext_00089,gob_ext_00030,gob_ext_00062,gob_ext_00073,gob_ext_00082
gob_proceso_0070;3;gob_tbl_01230,dlk_tbl_02115,proc_tbl_01807;8;dash_tbl_01400,dlk_tbl_01467,gob_tbl_00657,dlk_tbl_00332,proc_tbl_02111,proc_ext_00053,gob_ext_00082,dlk_ext_00118
dlk_proceso_0071;6;dash_tbl_00484,dlk_tbl_01441,dash_tbl_01107,proc_tbl_01029,proc_tbl_01948,gob_tbl_00045;9;dlk_tbl_00162,dlk_tbl_00894,dlk_tbl_00012,proc_tbl_02056,gob_tbl_00282,gob_ext_00259,gob_ext_00355,gob_ext_00302,dash_ext_00046
proc_proceso_0072;5;proc_tbl_00641,dlk_tbl_00521,proc_tbl_00497,dlk_tbl_01703,proc_tbl_00697;15;m4vw_tbl_00759,gob_tbl_01822,dlk_tbl_00959,gob_tbl_00056,proc_tbl_01029,dlk_tbl_01226,dlk_tbl_01176,dlk_tbl_01973,dlk_tbl_00840,gob_ext_00164,dlk_ext_00128,m4vw_ext_00031,proc_ext_00013,dash_ext_00260,dlk_ext_00306
dlk_proceso_0073;3;dlk_tbl_01449,dlk_tbl_01193,m4sco_tbl_00507;12;dlk_tbl_00258,dash_tbl_02075,dlk_tbl_01466,dash_tbl_00784,dlk_tbl_01566,std_tbl_00101,gob_tbl_01397,gob_ext_00168,gob_ext_00082,dlk_ext_00006,dash_ext_00285,gob_ext_00374
dash_proceso_0074;3;gob_tbl_00325,proc_tbl_00617,gob_tbl_01958;9;dlk_tbl_00943,gob_tbl_02114,dlk_tbl_01657,dlk_tbl_01615,gob_tbl_02148,gob_ext_00062,std_ext_00288,dlk_ext_00359,std_ext_00360
proc_proceso_0075;4;dlk_tbl_01362,dlk_tbl_00039,proc_tbl_00225,dash_tbl_00629;4;m4vw_tbl_02132,proc_tbl_01700,dlk_ext_00299,std_ext_00288
gob_proceso_0076;2;gob_tbl_01961,gob_tbl_01440;6;gob_tbl_00098,dlk_tbl_01038,dlk_tbl_00254,gob_ext_00257,dlk_ext_00061,dlk_ext_00318
dlk_proceso_0077;7;gob_tbl_00375,dlk_tbl_00659,proc_tbl_01070,proc_tbl_02039,gob_tbl_00997,proc_tbl_00291,proc_tbl_01571;9;dash_tbl_00513,gob_tbl_01655,proc_tbl_00579,gob_tbl_00361,std_tbl_00816,gob_ext_00281,proc_ext_00112,dash_ext_00255,proc_ext_00220
gob_proceso_0078;6;dash_tbl_01032,gob_tbl_01339,ppn_tbl_00339,proc_tbl_00647,dash_tbl_02131,dash_tbl_00925;13;gob_tbl_01912,dlk_tbl_00794,gob_tbl_01532,gob_tbl_02177,ppn_tbl_01101,dlk_tbl_01979,std_tbl_01808,gob_ext_00334,gob_ext_00239,proc_ext_00013,gob_ext_00301,dlk_ext_00306,dlk_ext_00023
proc_proceso_0079;3;dlk_tbl_00595,dlk_tbl_01792,proc_tbl_00544;6;dlk_tbl_00258,dlk_tbl_00840,dash_tbl_00142,dash_ext_00354,std_ext_00243,gob_ext_00262
dlk_proceso_0080;4;dlk_tbl_00965,dlk_tbl_02176,gob_tbl_01914,gob_tbl_00242;3;gob_tbl_02074,dlk_tbl_00306,gob_ext_00155
proc_proceso_0081;4;proc_tbl_01593,std_tbl_01239,dash_tbl_01988,proc_tbl_00633;10;gob_tbl_01670,dlk_tbl_00153,dlk_tbl_00126,proc_tbl_01982,gob_tbl_00468,dash_tbl_00667,proc_ext_00026,gob_ext_00066,proc_ext_00223,gob_ext_00230
dlk_proceso_0082;6;proc_tbl_02031,gob_tbl_00090,dlk_tbl_01687,gob_tbl_01098,gob_tbl_02157,gob_tbl_01634;13;gob_tbl_01720,dlk_tbl_01467,proc_tbl_02109,dlk_tbl_01516,gob_tbl_01047,m4vw_tbl_01393,dlk_tbl_01984,m4sco_ext_00361,gob_ext_00155,proc_ext_00317,dlk_ext_00198,dlk_ext_00304,proc_ext_00131
dlk_proceso_0083;4;m4sco_tbl_00863,gob_tbl_02062,dlk_tbl_01062,dlk_tbl_00429;7;dash_tbl_00998,gob_tbl_02034,gob_tbl_01860,gob_tbl_00139,proc_ext_00220,dlk_ext_00342,dlk_ext_00283
proc_proceso_0084;4;proc_tbl_00316,proc_tbl_02055,gob_tbl_00146,dlk_tbl_01749;7;m4vw_tbl_00324,dlk_tbl_02169,proc_tbl_00497,dlk_tbl_00820,gob_ext_00110,dlk_ext_00244,dlk_ext_00342
dash_proceso_0085;2;dlk_tbl_01824,gob_tbl_00839;9;gob_tbl_00862,dash_tbl_01730,dash_tbl_00140,proc_tbl_01571,m4vw_tbl_01423,gob_ext_00164,gob_ext_00166,gob_ext_00309,gob_ext_00378
dlk_proceso_0086;4;proc_tbl_02012,dlk_tbl_01596,dash_tbl_00823,dlk_tbl_02021;17;m4sco_tbl_01863,m4vw_tbl_00324,proc_tbl_02068,dash_tbl_00871,proc_tbl_00926,gob_tbl_00935,dash_tbl_00934,dlk_tbl_01830,proc_tbl_01489,std_tbl_01198,dlk_ext_00377,gob_ext_00259,proc_ext_00171,gob_ext_00138,gob_ext_00110,dlk_ext_00001,gob_ext_00349
dash_proceso_0087;4;proc_tbl_00184,gob_tbl_02040,proc_tbl_01523,gob_tbl_01736;11;dash_tbl_00700,proc_tbl_00817,proc_tbl_00852,gob_tbl_01103,dlk_tbl_00708,dlk_tbl_02094,gob_ext_00262,dlk_ext_00332,gob_ext_00213,proc_ext_00317,dlk_ext_00283
gob_proceso_0088;4;dlk_tbl_00027,dlk_tbl_01413,m4vw_tbl_02006,dlk_tbl_01598;12;dlk_tbl_00153,gob_tbl_00755,dlk_tbl_01723,dlk_tbl_01615,std_tbl_00763,proc_tbl_00240,std_tbl_01938,dlk_ext_00229,gob_ext_00248,dlk_ext_00069,dlk_ext_00184,gob_ext_00087
dlk_proceso_0089;6;gob_tbl_01802,proc_tbl_00938,proc_tbl_00246,ppn_tbl_00115,std_tbl_00874,proc_tbl_01169;4;gob_tbl_00729,dlk_tbl_00364,gob_ext_00295,gob_ext_00265
dlk_proceso_0090;5;gob_tbl_00555,gob_tbl_00082,dlk_tbl_00720,dash_tbl_02051,dlk_tbl_00338;5;dlk_tbl_00254,gob_tbl_00830,dlk_tbl_01769,ppn_ext_00151,dash_ext_00354
gob_proceso_0091;7;dash_tbl_01269,gob_tbl_00328,gob_tbl_01175,gob_tbl_00904,dlk_tbl_01723,gob_tbl_00583,gob_tbl_01953;9;dash_tbl_01684,dlk_tbl_00811,gob_tbl_01744,m4sco_tbl_01333,gob_tbl_00973,dlk_ext_00023,dash_ext_00181,proc_ext_00104,dlk_ext_00364
gob_proceso_0092;6;dash_tbl_00871,proc_tbl_00125,std_tbl_00816,dlk_tbl_00684,gob_tbl_00895,dlk_tbl_00831;6;dash_tbl_01746,dlk_tbl_00377,m4vw_tbl_01423,dlk_ext_00299,gob_ext_00204,gob_ext_00348
proc_proceso_0093;4;dash_tbl_01745,proc_tbl_01653,proc_tbl_01037,dlk_tbl_01619;4;dlk_tbl_01414,dlk_tbl_00800,gob_ext_00102,gob_ext_00089
gob_proceso_0094;5;proc_tbl_02020,proc_tbl_01893,std_tbl_01504,m4vw_tbl_02139,dlk_tbl_01789;8;dlk_tbl_01362,gob_tbl_02034,proc_tbl_01155,gob_tbl_01614,dlk_tbl_00443,dlk_ext_00304,proc_ext_00269,gob_ext_00167
gob_proceso_0095;5;dlk_tbl_01890,dlk_tbl_01268,gob_tbl_01613,gob_tbl_02007,proc_tbl_01817;8;dash_tbl_01730,dlk_tbl_01478,gob_tbl_01124,gob_tbl_01432,dash_tbl_00140,gob_ext_00237,proc_ext_00104,gob_ext_00125
proc_proceso_0096;6;gob_tbl_00589,proc_tbl_01880,dash_tbl_02035,gob_tbl_01173,gob_tbl_00865,dlk_tbl_00582;6;dlk_tbl_00933,gob_tbl_01756,dlk_tbl_01766,gob_ext_00092,gob_ext_00313,gob_ext_00334
dlk_proceso_0097;5;dash_tbl_00513,proc_tbl_01131,m4sco_tbl_00994,dlk_tbl_00382,dlk_tbl_01122;8;m4vw_tbl_01485,m4sco_tbl_01288,gob_tbl_00549,dlk_tbl_01287,proc_tbl_00215,gob_ext_00121,gob_ext_00117,dlk_ext_00061
dlk_proceso_0098;8;gob_tbl_00007,m4sco_tbl_01053,gob_tbl_02047,proc_tbl_00349,proc_tbl_01428,dlk_tbl_00186,dlk_tbl_01711,m4vw_tbl_01152;6;dlk_tbl_00746,dlk_tbl_01681,m4vw_tbl_00568,dlk_ext_00304,gob_ext_00020,dash_ext_00136
gob_proceso_0099;7;gob_tbl_00522,proc_tbl_00680,gob_tbl_00475,gob_tbl_00885,gob_tbl_01718,proc_tbl_01000,gob_tbl_01446;6;gob_tbl_00584,gob_tbl_00450,dlk_tbl_00443,dlk_ext_00107,dlk_ext_00221,gob_ext_00187
dash_proceso_0100;8;dlk_tbl_00682,m4vw_tbl_02132,dlk_tbl_01491,gob_tbl_02125,dlk_tbl_01673,gob_tbl_01908,gob_tbl_01106,gob_tbl_00990;14;dash_tbl_00823,dlk_tbl_01237,proc_tbl_01774,proc_tbl_00349,dash_tbl_00474,m4sco_tbl_00649,dlk_tbl_00630,gob_tbl_01013,gob_ext_00234,m4sco_ext_00011,proc_ext_00152,std_ext_00226,m4vw_ext_00042,gob_ext_00205
dlk_proceso_0101;3;dlk_tbl_01096,gob_tbl_01041,dash_tbl_00190;11;dlk_tbl_00094,dlk_tbl_01252,gob_tbl_01547,gob_tbl_00549,proc_tbl_01325,gob_tbl_00083,gob_ext_00213,dlk_ext_00148,gob_ext_00274,dash_ext_00130,gob_ext_00355
gob_proceso_0102;5;gob_tbl_01309,dlk_tbl_01643,dash_tbl_00168,std_tbl_01242,dlk_tbl_01233;13;gob_tbl_00374,proc_tbl_01282,gob_tbl_01336,gob_tbl_01417,dlk_tbl_01771,dash_tbl_01488,proc_tbl_00611,gob_ext_00347,dash_ext_00130,dlk_ext_00283,gob_ext_00043,dash_ext_00140,dlk_ext_00134
dash_proceso_0103;5;gob_tbl_00056,ppn_tbl_01531,proc_tbl_01775,dlk_tbl_02091,proc_tbl_02111;8;dlk_tbl_00025,gob_tbl_01246,gob_tbl_00139,gob_tbl_01112,proc_tbl_02009,proc_ext_00311,dlk_ext_00019,proc_ext_00032
gob_proceso_0104;5;gob_tbl_01853,proc_tbl_01396,gob_tbl_01532,gob_tbl_01316,gob_tbl_00375;10;dash_tbl_00373,dlk_tbl_01467,dlk_tbl_00709,dlk_tbl_01780,dlk_tbl_01878,dlk_tbl_00708,gob_ext_00347,gob_ext_00093,dash_ext_00293,gob_ext_00087
dlk_proceso_0105;4;proc_tbl_00147,gob_tbl_01160,gob_tbl_01177,proc_tbl_01774;9;gob_tbl_01825,gob_tbl_01196,dlk_tbl_02105,dlk_tbl_00473,ppn_tbl_01865,dash_ext_00058,gob_ext_00155,proc_ext_00200,gob_ext_00267
gob_proceso_0106;7;dlk_tbl_01905,dlk_tbl_00253,dlk_tbl_01144,dlk_tbl_01527,gob_tbl_00674,gob_tbl_01157,gob_tbl_00619;4;proc_tbl_01719,dlk_tbl_01241,proc_ext_00036,proc_ext_00112
proc_proceso_0107;3;dash_tbl_01267,m4sco_tbl_01220,gob_tbl_01699;5;gob_tbl_01187,dlk_tbl_01266,dlk_tbl_02106,gob_ext_00197,dlk_ext_00107
proc_proceso_0108;5;dlk_tbl_00467,gob_tbl_01773,dlk_tbl_00239,proc_tbl_01969,dlk_tbl_02054;12;proc_tbl_01620,dlk_tbl_01062,gob_tbl_01986,proc_tbl_00783,dlk_tbl_01994,dlk_tbl_00746,proc_tbl_01379,dlk_ext_00271,dlk_ext_00100,proc_ext_00037,proc_ext_00193,gob_ext_00347
gob_proceso_0109;4;gob_tbl_01229,proc_tbl_01066,dlk_tbl_01769,dlk_tbl_01712;5;proc_tbl_01601,gob_tbl_00791,dlk_tbl_01079,std_ext_00360,dlk_ext_00315
dlk_proceso_0110;6;dlk_tbl_02036,dlk_tbl_01837,proc_tbl_01664,dlk_tbl_00765,dash_tbl_01609,dlk_tbl_00194;11;gob_tbl_00242,gob_tbl_01636,dlk_tbl_01326,gob_tbl_01332,dlk_tbl_00809,dlk_tbl_01604,gob_ext_00138,dash_ext_00255,dlk_ext_00056,proc_ext_00220,dlk_ext_00191
dlk_proceso_0111;3;dlk_tbl_01667,dlk_tbl_01083,dlk_tbl_00019;13;gob_tbl_00592,dlk_tbl_00000,gob_tbl_01305,dash_tbl_01410,dash_tbl_01267,dash_tbl_00784,dlk_tbl_01074,gob_ext_00078,gob_ext_00082,m4vw_ext_00083,proc_ext_00013,proc_ext_00026,gob_ext_00313
gob_proceso_0112;5;dlk_tbl_00563,dlk_tbl_00180,dash_tbl_01247,dlk_tbl_00062,gob_tbl_02050;5;dlk_tbl_00753,gob_tbl_00806,dlk_tbl_01974,gob_ext_00034,gob_ext_00259
dlk_proceso_0113;5;dash_tbl_01354,gob_tbl_00493,dlk_tbl_00066,proc_tbl_00727,dlk_tbl_00567;8;dash_tbl_00484,gob_tbl_01215,m4sco_tbl_00507,dlk_tbl_00718,m4sco_tbl_00017,std_ext_00268,gob_ext_00043,gob_ext_00089
gob_proceso_0114;4;gob_tbl_00512,proc_tbl_01223,proc_tbl_00397,dlk_tbl_00108;10;dash_tbl_01338,dlk_tbl_01092,gob_tbl_02129,dlk_tbl_00826,dlk_tbl_01206,gob_tbl_00236,gob_ext_00197,gob_ext_00247,gob_ext_00346,dash_ext_00354
dlk_proceso_0115;7;dlk_tbl_00415,gob_tbl_01068,proc_tbl_00043,proc_tbl_01838,dlk_tbl_01450,gob_tbl_00491,dlk_tbl_00381;9;gob_tbl_01323,gob_tbl_00263,dlk_tbl_00367,gob_tbl_01417,gob_tbl_00535,gob_ext_00089,gob_ext_00078,gob_ext_00150,proc_ext_00373
dlk_proceso_0116;6;gob_tbl_00944,gob_tbl_01875,dlk_tbl_01478,dlk_tbl_00580,dlk_tbl_01956,dlk_tbl_01019;10;dlk_tbl_00730,dlk_tbl_00221,m4sco_tbl_01288,gob_tbl_00654,gob_tbl_00294,proc_tbl_00353,dlk_ext_00067,dlk_ext_00249,ppn_ext_00151,gob_ext_00375
dlk_proceso_0117;5;dlk_tbl_02094,gob_tbl_01633,gob_tbl_00199,std_tbl_00462,dlk_tbl_00716;15;std_tbl_00329,std_tbl_02078,proc_tbl_01438,ppn_tbl_01772,gob_tbl_00134,proc_tbl_00658,gob_tbl_00741,gob_tbl_02157,dlk_tbl_00317,dash_ext_00330,proc_ext_00373,proc_ext_00201,std_ext_00059,dlk_ext_00012,dlk_ext_00299
proc_proceso_0118;6;dlk_tbl_00809,dlk_tbl_01427,gob_tbl_01317,dlk_tbl_01877,dlk_tbl_02168,std_tbl_00847;15;gob_tbl_01867,proc_tbl_02079,ppn_tbl_00417,proc_tbl_02011,dlk_tbl_01362,proc_tbl_01344,m4vw_tbl_01758,proc_tbl_00016,dlk_tbl_02094,gob_ext_00302,gob_ext_00082,gob_ext_00248,dlk_ext_00299,gob_ext_00087,gob_ext_00002
dlk_proceso_0119;7;proc_tbl_01819,gob_tbl_01051,gob_tbl_01385,proc_tbl_01123,dlk_tbl_01564,dlk_tbl_01262,dlk_tbl_01392;9;proc_tbl_01050,dlk_tbl_01706,dlk_tbl_01789,proc_tbl_00963,dlk_tbl_00673,dash_ext_00016,gob_ext_00089,gob_ext_00044,gob_ext_00103
dlk_proceso_0120;4;ppn_tbl_01043,dlk_tbl_01993,dlk_tbl_00437,gob_tbl_01901;11;dlk_tbl_00730,gob_tbl_00748,gob_tbl_00843,dlk_tbl_00109,proc_tbl_01299,m4vw_tbl_01481,gob_ext_00071,gob_ext_00078,dlk_ext_00342,gob_ext_00308,gob_ext_00301
gob_proceso_0121;4;gob_tbl_01313,gob_tbl_01273,dlk_tbl_00884,gob_tbl_00516;8;dlk_tbl_01835,dash_tbl_01244,dash_tbl_00773,proc_tbl_01218,gob_tbl_00743,gob_ext_00072,dlk_ext_00116,gob_ext_00257
dlk_proceso_0122;8;proc_tbl_00141,dash_tbl_01249,dash_tbl_01734,gob_tbl_01970,dlk_tbl_02166,gob_tbl_01072,m4vw_tbl_00501,std_tbl_00079;5;dlk_tbl_01042,dlk_tbl_01480,proc_tbl_01592,gob_ext_00155,dlk_ext_00321
dash_proceso_0123;4;gob_tbl_01697,gob_tbl_00698,dash_tbl_01684,dlk_tbl_00500;7;proc_tbl_00076,dlk_tbl_01442,proc_tbl_00353,proc_tbl_01593,gob_ext_00295,dlk_ext_00128,dlk_ext_00048
dlk_proceso_0124;3;gob_tbl_01165,dlk_tbl_01148,gob_tbl_00666;13;gob_tbl_00119,dash_tbl_01129,dlk_tbl_01366,gob_tbl_01663,gob_tbl_02104,m4vw_tbl_01150,dlk_tbl_00969,dlk_ext_00316,gob_ext_00110,dash_ext_00366,gob_ext_00275,dlk_ext_00154,dlk_ext_00148
dash_proceso_0125;6;gob_tbl_00091,proc_tbl_01093,dlk_tbl_01517,m4vw_tbl_01939,dlk_tbl_01078,gob_tbl_00740;11;m4sco_tbl_00788,dlk_tbl_00306,dlk_tbl_01931,gob_tbl_01165,dlk_tbl_01186,gob_tbl_00766,gob_ext_00092,dlk_ext_00272,proc_ext_00104,gob_ext_00044,dlk_ext_00264
dash_proceso_0126;2;dlk_tbl_00969,m4vw_tbl_01659;8;proc_tbl_01381,dlk_tbl_01178,m4vw_tbl_01240,gob_tbl_01384,dash_tbl_01357,proc_ext_00094,dlk_ext_00006,gob_ext_00247
dlk_proceso_0127;3;dlk_tbl_01178,gob_tbl_00407,proc_tbl_00821;13;dlk_tbl_01006,gob_tbl_01828,m4sco_tbl_01863,dlk_tbl_00533,gob_tbl_00375,proc_tbl_01344,dlk_tbl_00066,gob_ext_00057,gob_ext_00102,gob_ext_00357,gob_ext_00155,dlk_ext_00061,proc_ext_00026
dlk_proceso_0128;3;gob_tbl_00188,gob_tbl_00047,dlk_tbl_01172;12;dlk_tbl_00713,m4vw_tbl_01526,gob_tbl_01958,dlk_tbl_01019,gob_tbl_00752,std_tbl_00293,std_tbl_01855,dlk_ext_00244,gob_ext_00103,m4sco_ext_00011,dlk_ext_00207,dash_ext_00181
gob_proceso_0129;5;gob_tbl_01547,dlk_tbl_00126,proc_tbl_00509,gob_tbl_00541,dlk_tbl_01536;5;gob_tbl_00287,dlk_tbl_01530,dash_tbl_00881,dlk_ext_00320,gob_ext_00126
dash_proceso_0130;8;gob_tbl_01714,dlk_tbl_00826,dlk_tbl_01891,dlk_tbl_01404,proc_tbl_02079,gob_tbl_00097,std_tbl_01816,gob_tbl_01591;24;dlk_tbl_02097,proc_tbl_00782,m4sco_tbl_00724,gob_tbl_00471,proc_tbl_01093,ppn_tbl_01623,std_tbl_00101,std_tbl_01239,dlk_tbl_00500,dlk_tbl_00720,dlk_tbl_01615,gob_tbl_00139,dash_tbl_00257,gob_tbl_02083,dash_ext_00016,gob_ext_00092,dlk_ext_00219,gob_ext_00177,dlk_ext_00207,dlk_ext_00264,gob_ext_00308,gob_ext_00155,gob_ext_00030,gob_ext_00357
dlk_proceso_0131;8;std_tbl_02033,proc_tbl_01028,dlk_tbl_00191,dlk_tbl_00290,proc_tbl_01637,dlk_tbl_00618,gob_tbl_02135,gob_tbl_00281;19;dlk_tbl_00628,proc_tbl_01000,dlk_tbl_01074,gob_tbl_00486,proc_tbl_01638,gob_tbl_01446,std_tbl_01483,gob_tbl_01295,gob_tbl_00189,dlk_tbl_01929,gob_tbl_00121,m4vw_ext_00083,gob_ext_00205,dlk_ext_00320,proc_ext_00112,proc_ext_00367,proc_ext_00179,dlk_ext_00318,dlk_ext_00154
dlk_proceso_0132;5;dlk_tbl_02010,gob_tbl_01907,dlk_tbl_01256,dlk_tbl_00129,dlk_tbl_01181;9;proc_tbl_02027,dlk_tbl_00929,gob_tbl_01912,proc_tbl_01539,gob_tbl_01704,dlk_ext_00225,gob_ext_00275,gob_ext_00301,proc_ext_00311
gob_proceso_0133;6;gob_tbl_01127,std_tbl_01373,dlk_tbl_00136,gob_tbl_00710,proc_tbl_01672,proc_tbl_00050;6;proc_tbl_01292,m4vw_tbl_01152,gob_tbl_00791,dash_ext_00252,gob_ext_00234,gob_ext_00326
dlk_proceso_0134;5;std_tbl_00993,m4vw_tbl_01076,gob_tbl_01142,dash_tbl_00773,dlk_tbl_02179;7;dlk_tbl_00178,gob_tbl_01397,dlk_tbl_00399,dlk_tbl_01126,gob_ext_00121,gob_ext_00326,gob_ext_00057
proc_proceso_0135;3;gob_tbl_00163,dlk_tbl_01206,dash_tbl_00023;9;dlk_tbl_01190,gob_tbl_02014,dlk_tbl_01038,proc_tbl_01541,gob_tbl_00263,dlk_ext_00145,dlk_ext_00299,dlk_ext_00342,proc_ext_00152
dlk_proceso_0136;2;dlk_tbl_01929,gob_tbl_01757;7;dlk_tbl_01083,dlk_tbl_01597,dlk_tbl_00655,dlk_tbl_00972,gob_ext_00102,gob_ext_00168,gob_ext_00301
dlk_proceso_0137;3;dlk_tbl_01007,std_tbl_01208,dlk_tbl_02106;6;dlk_tbl_00457,gob_tbl_00541,m4sco_tbl_00827,dlk_ext_00208,gob_ext_00172,dlk_ext_00359
proc_proceso_0138;4;dlk_tbl_00744,dlk_tbl_02138,gob_tbl_00526,gob_tbl_01496;9;ppn_tbl_00417,dlk_tbl_01174,ppn_tbl_00250,gob_tbl_01961,dash_tbl_01529,gob_ext_00073,proc_ext_00036,dlk_ext_00041,gob_ext_00254
proc_proceso_0139;3;gob_tbl_01967,std_tbl_02046,dlk_tbl_00636;9;gob_tbl_01276,gob_tbl_01856,proc_tbl_00938,gob_tbl_01570,dlk_tbl_00709,gob_ext_00302,dash_ext_00280,std_ext_00360,dlk_ext_00100
dlk_proceso_0140;2;proc_tbl_00909,gob_tbl_01331;12;proc_tbl_01602,dlk_tbl_01873,proc_tbl_00611,proc_tbl_02029,gob_tbl_00255,gob_tbl_01219,dlk_tbl_00620,gob_ext_00325,gob_ext_00279,proc_ext_00026,gob_ext_00093,gob_ext_00213
dlk_proceso_0141;2;gob_tbl_01355,dash_tbl_01167;10;dlk_tbl_00011,proc_tbl_02079,dash_tbl_00484,dlk_tbl_00764,gob_tbl_00450,proc_tbl_02011,dlk_ext_00272,gob_ext_00125,dlk_ext_00266,dlk_ext_00342
dlk_proceso_0142;8;dlk_tbl_01042,dlk_tbl_01486,dlk_tbl_00104,proc_tbl_01602,proc_tbl_01261,gob_tbl_01509,gob_tbl_00479,proc_tbl_01418;6;gob_tbl_00412,proc_tbl_00524,proc_tbl_01887,gob_ext_00065,gob_ext_00008,gob_ext_00267
dlk_proceso_0143;6;m4vw_tbl_01422,gob_tbl_00644,dlk_tbl_01111,dlk_tbl_00548,proc_tbl_01200,dlk_tbl_01765;10;gob_tbl_00670,gob_tbl_01322,dash_tbl_00341,dlk_tbl_01829,proc_tbl_01620,gob_tbl_01259,gob_ext_00247,gob_ext_00262,gob_ext_00043,dash_ext_00176
gob_proceso_0144;4;gob_tbl_00203,gob_tbl_00793,gob_tbl_00695,proc_tbl_00482;10;proc_tbl_01919,dlk_tbl_00826,gob_tbl_00483,gob_tbl_00666,dlk_tbl_01711,proc_tbl_01784,dlk_ext_00041,gob_ext_00286,proc_ext_00137,dlk_ext_00307
dlk_proceso_0145;5;m4vw_tbl_01526,gob_tbl_00981,dlk_tbl_00753,m4sco_tbl_00827,gob_tbl_00305;8;gob_tbl_01702,std_tbl_01855,dlk_tbl_00214,dlk_tbl_01651,std_tbl_00224,dlk_ext_00190,dlk_ext_00005,gob_ext_00289
dlk_proceso_0146;5;gob_tbl_00549,gob_tbl_00873,proc_tbl_01691,dlk_tbl_01456,dlk_tbl_02160;17;proc_tbl_00391,dlk_tbl_00604,dlk_tbl_00480,gob_tbl_01961,dlk_tbl_01712,gob_tbl_02092,proc_tbl_00661,proc_tbl_01813,gob_tbl_00705,proc_tbl_02027,gob_ext_00341,dlk_ext_00272,proc_ext_00317,gob_ext_00239,gob_ext_00301,gob_ext_00267,dlk_ext_00369
gob_proceso_0147;3;dlk_tbl_00615,dlk_tbl_01382,dlk_tbl_00957;12;dlk_tbl_00908,proc_tbl_00658,proc_tbl_02027,gob_tbl_00053,gob_tbl_01663,dash_tbl_01746,dash_tbl_01971,proc_ext_00013,dlk_ext_00010,gob_ext_00347,dash_ext_00255,dash_ext_00354
proc_proceso_0148;4;gob_tbl_00198,dlk_tbl_01743,dlk_tbl_00693,proc_tbl_01489;7;gob_tbl_00787,dlk_tbl_02105,dlk_tbl_00628,dash_tbl_01294,proc_ext_00373,ppn_ext_00151,dlk_ext_00005
dlk_proceso_0149;3;dlk_tbl_01115,dlk_tbl_02095,gob_tbl_00900;9;dlk_tbl_01241,dlk_tbl_00414,gob_tbl_00098,gob_tbl_01861,proc_tbl_01131,gob_ext_00259,dash_ext_00293,gob_ext_00344,proc_ext_00147
dlk_proceso_0150;5;dash_tbl_00824,dlk_tbl_01580,proc_tbl_01827,dlk_tbl_00800,dlk_tbl_02093;14;gob_tbl_01866,gob_tbl_01725,proc_tbl_00782,dlk_tbl_00668,dash_tbl_02103,gob_tbl_00774,dlk_tbl_00137,dlk_tbl_01929,gob_ext_00346,gob_ext_00057,proc_ext_00112,proc_ext_00099,gob_ext_00183,dlk_ext_00304
dlk_proceso_0151;4;gob_tbl_01507,dlk_tbl_00756,gob_tbl_01726,proc_tbl_01438;7;gob_tbl_00592,m4sco_tbl_01863,gob_tbl_01211,dlk_tbl_00840,dlk_ext_00001,dash_ext_00366,proc_ext_00201
dlk_proceso_0152;3;gob_tbl_01097,gob_tbl_00679,gob_tbl_00945;10;dash_tbl_01734,dlk_tbl_00878,dlk_tbl_01006,proc_tbl_01788,proc_tbl_02109,dlk_tbl_02160,dlk_ext_00225,dash_ext_00021,dash_ext_00024,dlk_ext_00184
gob_proceso_0153;4;dlk_tbl_01878,gob_tbl_00284,gob_tbl_00418,dlk_tbl_02096;3;proc_tbl_02039,proc_tbl_01893,proc_ext_00373
dlk_proceso_0154;3;dlk_tbl_02016,gob_tbl_01432,gob_tbl_00958;14;gob_tbl_00314,gob_tbl_00702,dlk_tbl_01359,dlk_tbl_01749,proc_tbl_00016,gob_tbl_01371,dlk_tbl_01510,dlk_tbl_01511,proc_ext_00194,dash_ext_00354,std_ext_00258,dlk_ext_00377,gob_ext_00281,gob_ext_00347
gob_proceso_0155;4;gob_tbl_00517,dlk_tbl_01308,std_tbl_00857,dlk_tbl_01640;4;proc_tbl_01592,proc_tbl_01501,dlk_ext_00316,gob_ext_00183
dlk_proceso_0156;5;dlk_tbl_00152,proc_tbl_01881,gob_tbl_02099,proc_tbl_01997,gob_tbl_01892;7;gob_tbl_01238,gob_tbl_00737,dlk_tbl_00363,dash_tbl_01357,dlk_ext_00154,dlk_ext_00342,gob_ext_00121
gob_proceso_0157;4;dlk_tbl_00622,proc_tbl_00369,gob_tbl_01577,gob_tbl_01163;7;dlk_tbl_01391,dlk_tbl_02095,dlk_tbl_00713,dlk_tbl_01120,gob_ext_00368,dlk_ext_00224,gob_ext_00098
gob_proceso_0158;6;dlk_tbl_00465,dlk_tbl_00932,dlk_tbl_00878,gob_tbl_00042,proc_tbl_01370,gob_tbl_01818;15;gob_tbl_00370,dlk_tbl_00344,gob_tbl_01810,dlk_tbl_00974,m4sco_tbl_00511,std_tbl_01260,dlk_tbl_00195,proc_tbl_00519,dlk_tbl_00734,gob_ext_00313,gob_ext_00103,proc_ext_00036,gob_ext_00254,gob_ext_00044,dlk_ext_00299
gob_proceso_0159;5;proc_tbl_01638,dlk_tbl_00889,gob_tbl_00643,gob_tbl_00830,dlk_tbl_00454;5;dlk_tbl_00352,gob_tbl_01464,dlk_tbl_02097,gob_ext_00365,gob_ext_00259
dlk_proceso_0160;7;gob_tbl_00924,gob_tbl_00134,proc_tbl_00160,proc_tbl_00560,gob_tbl_00463,dlk_tbl_01842,std_tbl_01797;1;dash_tbl_00140
dash_proceso_0161;4;gob_tbl_01680,gob_tbl_02133,gob_tbl_01005,dlk_tbl_00564;10;gob_tbl_02007,m4sco_tbl_01863,gob_tbl_00686,dlk_tbl_00656,gob_tbl_01259,gob_tbl_01127,gob_ext_00295,gob_ext_00057,dlk_ext_00332,dash_ext_00354
dlk_proceso_0162;6;gob_tbl_00166,proc_tbl_01719,dlk_tbl_01390,std_tbl_01808,gob_tbl_01301,dlk_tbl_01607;15;dlk_tbl_02154,dlk_tbl_01492,gob_tbl_00374,gob_tbl_01952,dlk_tbl_01038,gob_tbl_01332,gob_tbl_01718,std_tbl_01504,m4vw_tbl_00834,gob_ext_00177,m4sco_ext_00361,dash_ext_00277,gob_ext_00125,dlk_ext_00212,gob_ext_00204
proc_proceso_0163;5;dash_tbl_00735,m4vw_tbl_01612,m4sco_tbl_00093,proc_tbl_00781,gob_tbl_01307;19;dlk_tbl_00800,dlk_tbl_01399,dlk_tbl_00174,dlk_tbl_00152,dlk_tbl_00437,gob_tbl_01335,gob_tbl_00370,proc_tbl_00455,gob_tbl_01977,std_tbl_02033,dlk_tbl_00179,dash_ext_00009,gob_ext_00279,ppn_ext_00151,dash_ext_00366,dlk_ext_00304,proc_ext_00129,gob_ext_00073,gob_ext_00234
dlk_proceso_0164;4;dlk_tbl_01610,dlk_tbl_00365,dlk_tbl_01645,m4sco_tbl_00303;12;gob_tbl_01385,dash_tbl_01746,gob_tbl_00806,gob_tbl_01726,dlk_tbl_00107,gob_tbl_00518,gob_tbl_01591,gob_ext_00346,dash_ext_00296,dlk_ext_00041,dlk_ext_00249,proc_ext_00245
gob_proceso_0165;5;gob_tbl_00071,dlk_tbl_01578,std_tbl_00157,dlk_tbl_00762,std_tbl_00101;14;dlk_tbl_01361,ppn_tbl_01772,dlk_tbl_01061,gob_tbl_00981,proc_tbl_00085,proc_tbl_01021,dash_tbl_01730,gob_tbl_01432,gob_ext_00239,proc_ext_00201,gob_ext_00088,dash_ext_00277,gob_ext_00092,dash_ext_00058
dlk_proceso_0166;7;ppn_tbl_01865,gob_tbl_01725,gob_tbl_02065,gob_tbl_01033,gob_tbl_01380,proc_tbl_01394,gob_tbl_00670;9;gob_tbl_00354,gob_tbl_01345,gob_tbl_01967,dlk_tbl_00668,dlk_tbl_00480,dlk_ext_00318,dlk_ext_00077,gob_ext_00092,dlk_ext_00299
gob_proceso_0167;3;dash_tbl_00922,gob_tbl_02002,gob_tbl_00255;8;gob_tbl_00703,dash_tbl_01410,dlk_tbl_01212,dash_tbl_01684,gob_tbl_01755,proc_ext_00104,m4sco_ext_00351,proc_ext_00036
dlk_proceso_0168;3;dlk_tbl_01023,dlk_tbl_01676,proc_tbl_00286;13;proc_tbl_00410,dlk_tbl_00733,dlk_tbl_00594,gob_tbl_02032,dlk_tbl_00685,dlk_tbl_01019,dlk_tbl_02000,dash_ext_00176,dlk_ext_00242,proc_ext_00143,gob_ext_00248,ppn_ext_00151,dash_ext_00016
dlk_proceso_0169;5;m4vw_tbl_01646,m4vw_tbl_02037,gob_tbl_01551,dlk_tbl_00941,dlk_tbl_00009;10;m4vw_tbl_00324,dlk_tbl_02182,proc_tbl_01123,dlk_tbl_01681,dash_tbl_00773,dlk_tbl_01096,dash_ext_00123,gob_ext_00078,dash_ext_00136,gob_ext_00065
gob_proceso_0170;7;gob_tbl_01521,gob_tbl_01008,dash_tbl_00574,gob_tbl_00806,proc_tbl_00778,proc_tbl_02146,gob_tbl_00506;11;dlk_tbl_00548,proc_tbl_01774,dash_tbl_00558,dash_tbl_02059,gob_tbl_01802,gob_tbl_01613,gob_ext_00092,gob_ext_00347,gob_ext_00164,proc_ext_00090,dlk_ext_00144
dash_proceso_0171;2;dlk_tbl_01581,gob_tbl_01902;8;dlk_tbl_01392,dash_tbl_02072,dlk_tbl_01212,dlk_tbl_01421,dlk_tbl_01516,dlk_ext_00318,gob_ext_00215,gob_ext_00125
gob_proceso_0172;5;dlk_tbl_00218,gob_tbl_01210,dash_tbl_01692,gob_tbl_01599,gob_tbl_02032;7;dlk_tbl_01176,m4vw_tbl_01939,gob_tbl_00255,proc_tbl_01969,gob_ext_00217,gob_ext_00334,gob_ext_00309
gob_proceso_0173;3;gob_tbl_00485,dlk_tbl_00489,gob_tbl_00681;9;dash_tbl_01786,gob_tbl_01825,gob_tbl_00203,proc_tbl_00852,proc_tbl_00085,dlk_ext_00266,proc_ext_00127,gob_ext_00348,dlk_ext_00118
proc_proceso_0174;3;gob_tbl_01046,gob_tbl_01161,dlk_tbl_00640;9;dlk_tbl_00317,dlk_tbl_00692,gob_tbl_00331,dash_tbl_00140,proc_tbl_01270,dash_ext_00108,dlk_ext_00271,gob_ext_00167,gob_ext_00187
proc_proceso_0175;5;dlk_tbl_01597,proc_tbl_00817,gob_tbl_01377,gob_tbl_01368,dlk_tbl_00334;8;dlk_tbl_01237,m4sco_tbl_02170,dlk_tbl_00317,dlk_tbl_01404,proc_tbl_00002,gob_ext_00020,dash_ext_00058,dlk_ext_00144
proc_proceso_0176;5;dlk_tbl_00794,dlk_tbl_00525,gob_tbl_00084,gob_tbl_01477,gob_tbl_01320;10;dlk_tbl_01004,proc_tbl_00420,dlk_tbl_01536,gob_tbl_01802,dlk_tbl_00377,std_tbl_00847,gob_ext_00085,gob_ext_00302,std_ext_00226,gob_ext_00279
gob_proceso_0177;2;proc_tbl_01624,gob_tbl_00412;7;dlk_tbl_00356,dash_tbl_00023,std_tbl_01290,gob_tbl_01702,dash_ext_00285,dlk_ext_00191,proc_ext_00143
proc_proceso_0178;4;gob_tbl_00366,gob_tbl_00592,proc_tbl_00949,dlk_tbl_01186;7;proc_tbl_01134,gob_tbl_02161,dash_tbl_01529,dlk_tbl_01878,gob_ext_00072,proc_ext_00112,gob_ext_00267
gob_proceso_0179;6;m4sco_tbl_00788,proc_tbl_01989,proc_tbl_01017,dash_tbl_01129,gob_tbl_01347,dlk_tbl_00472;4;dlk_tbl_00238,gob_tbl_00056,gob_ext_00002,gob_ext_00204
dlk_proceso_0180;3;proc_tbl_01299,proc_tbl_02171,gob_tbl_00610;11;gob_tbl_01195,dlk_tbl_01281,dlk_tbl_01178,dlk_tbl_01272,gob_tbl_00849,dash_tbl_02001,gob_ext_00110,dlk_ext_00304,gob_ext_00331,gob_ext_00044,proc_ext_00036
dash_proceso_0181;4;dlk_tbl_00742,dlk_tbl_01574,proc_tbl_02029,dlk_tbl_01999;11;proc_tbl_00676,dlk_tbl_00382,gob_tbl_01315,gob_tbl_00953,proc_tbl_02060,proc_tbl_01691,proc_ext_00079,gob_ext_00177,gob_ext_00098,std_ext_00258,dash_ext_00340
dash_proceso_0182;2;dash_tbl_00648,dlk_tbl_01974;7;dlk_tbl_00253,proc_tbl_02011,gob_tbl_02167,gob_tbl_02032,gob_ext_00002,dlk_ext_00352,proc_ext_00218
proc_proceso_0183;5;dlk_tbl_00808,dlk_tbl_01917,dlk_tbl_00840,std_tbl_00792,gob_tbl_00053;4;dlk_tbl_01467,gob_tbl_00583,gob_ext_00275,gob_ext_00020
gob_proceso_0184;3;dlk_tbl_01983,dash_tbl_01105,dlk_tbl_00138;11;proc_tbl_00901,gob_tbl_00952,dlk_tbl_00809,dlk_tbl_02058,dlk_tbl_01884,dlk_tbl_01395,std_ext_00076,gob_ext_00313,dlk_ext_00283,dlk_ext_00003,gob_ext_00187
proc_proceso_0185;7;dlk_tbl_00038,proc_tbl_01800,std_tbl_01625,gob_tbl_02153,gob_tbl_02113,gob_tbl_00495,dlk_tbl_00300;6;m4vw_tbl_00568,ppn_tbl_01708,dash_tbl_00171,gob_ext_00164,gob_ext_00073,gob_ext_00014
dlk_proceso_0186;4;gob_tbl_02177,dlk_tbl_01927,dlk_tbl_00665,gob_tbl_02090;7;gob_tbl_01323,dash_tbl_01105,gob_tbl_02087,m4sco_tbl_00788,gob_ext_00355,gob_ext_00082,gob_ext_00078
dlk_proceso_0187;6;dlk_tbl_01224,ppn_tbl_00417,dlk_tbl_01361,dlk_tbl_02058,dlk_tbl_01429,gob_tbl_01314;6;gob_tbl_01608,dlk_tbl_01985,gob_tbl_00103,gob_ext_00126,gob_ext_00310,gob_ext_00155
dlk_proceso_0188;2;gob_tbl_01896,proc_tbl_01602;13;dlk_tbl_00254,dlk_tbl_00650,dash_tbl_02072,dlk_tbl_00872,gob_tbl_00426,dlk_tbl_01350,std_tbl_00812,gob_ext_00333,dash_ext_00252,dlk_ext_00134,gob_ext_00087,gob_ext_00213,gob_ext_00088
gob_proceso_0189;3;proc_tbl_01065,gob_tbl_00121,dlk_tbl_01472;13;gob_tbl_01227,gob_tbl_02110,dlk_tbl_01588,gob_tbl_00068,gob_tbl_00073,dlk_tbl_01566,dlk_tbl_01535,dlk_ext_00273,gob_ext_00057,gob_ext_00284,proc_ext_00200,dlk_ext_00067,gob_ext_00310
dlk_proceso_0190;4;dlk_tbl_00685,dlk_tbl_00030,gob_tbl_00723,gob_tbl_00534;9;gob_tbl_01950,dlk_tbl_01038,proc_tbl_00658,gob_tbl_00980,dlk_tbl_01019,m4vw_ext_00031,proc_ext_00343,gob_ext_00248,gob_ext_00254
proc_proceso_0191;5;dlk_tbl_01511,gob_tbl_00702,gob_tbl_01471,dlk_tbl_00608,m4vw_tbl_02175;12;proc_tbl_00926,proc_tbl_01489,dash_tbl_01928,proc_tbl_01379,proc_tbl_00962,dash_tbl_01894,gob_tbl_01866,gob_ext_00057,gob_ext_00187,m4vw_ext_00083,dlk_ext_00012,gob_ext_00071
dlk_proceso_0192;6;dlk_tbl_01515,dlk_tbl_01226,proc_tbl_00960,gob_tbl_00139,std_tbl_01493,dash_tbl_01654;8;gob_tbl_00198,dlk_tbl_01089,gob_tbl_01162,dlk_tbl_00688,dash_tbl_00023,gob_ext_00355,dlk_ext_00107,gob_ext_00110
gob_proceso_0193;5;dash_tbl_01463,dlk_tbl_00951,dlk_tbl_00620,gob_tbl_01867,dlk_tbl_00272;7;dash_tbl_00145,dlk_tbl_01077,gob_tbl_01215,dash_tbl_01734,m4sco_ext_00351,dash_ext_00277,dlk_ext_00146
gob_proceso_0194;6;dlk_tbl_00347,dlk_tbl_00162,gob_tbl_01705,proc_tbl_00505,dash_tbl_00558,dlk_tbl_01968;15;dlk_tbl_01071,proc_tbl_00016,dlk_tbl_01929,dlk_tbl_00500,gob_tbl_01752,proc_tbl_02109,m4vw_tbl_02132,std_tbl_01625,dlk_tbl_01212,gob_ext_00168,dlk_ext_00242,gob_ext_00158,dlk_ext_00010,gob_ext_00027,dlk_ext_00283
gob_proceso_0195;4;gob_tbl_00638,dlk_tbl_00894,gob_tbl_01779,dlk_tbl_00409;11;dlk_tbl_00063,gob_tbl_00654,dlk_tbl_01186,dlk_tbl_00528,dlk_tbl_00808,dlk_tbl_01082,proc_ext_00104,gob_ext_00187,gob_ext_00165,std_ext_00059,dlk_ext_00276
dlk_proceso_0196;8;gob_tbl_00870,dash_tbl_01338,gob_tbl_01828,dlk_tbl_00024,m4sco_tbl_00556,proc_tbl_01857,proc_tbl_01814,proc_tbl_01381;24;dlk_tbl_01350,gob_tbl_01315,dlk_tbl_00317,dlk_tbl_00033,gob_tbl_01636,gob_tbl_01954,dash_tbl_01632,dash_tbl_01400,dlk_tbl_01946,gob_tbl_00331,dash_tbl_02063,ppn_tbl_00559,dlk_tbl_01588,dlk_tbl_01735,proc_ext_00373,proc_ext_00200,gob_ext_00357,m4sco_ext_00011,dlk_ext_00224,gob_ext_00275,dash_ext_00358,gob_ext_00072,dlk_ext_00145,dash_ext_00202
proc_proceso_0197;2;gob_tbl_02100,gob_tbl_01209;9;gob_tbl_01211,proc_tbl_00397,dlk_tbl_01356,ppn_tbl_01708,std_tbl_01369,gob_ext_00002,proc_ext_00152,gob_ext_00313,gob_ext_00188
proc_proceso_0198;5;m4vw_tbl_00213,gob_tbl_00896,gob_tbl_01128,gob_tbl_00755,dlk_tbl_01848;13;proc_tbl_00442,dlk_tbl_00445,gob_tbl_00006,dash_tbl_00577,dlk_tbl_01461,gob_tbl_00406,gob_tbl_01823,ppn_ext_00142,m4vw_ext_00083,gob_ext_00262,gob_ext_00259,m4sco_ext_00114,gob_ext_00110
dlk_proceso_0199;5;dlk_tbl_01689,gob_tbl_00844,std_tbl_02140,gob_tbl_00912,dash_tbl_00892;7;std_tbl_00156,gob_tbl_01195,proc_tbl_01318,gob_tbl_01315,gob_ext_00302,proc_ext_00054,proc_ext_00124
gob_proceso_0200;6;dlk_tbl_01130,dlk_tbl_00247,dash_tbl_00934,proc_tbl_01586,dlk_tbl_00088,gob_tbl_01234;10;dlk_tbl_02071,proc_tbl_01489,gob_tbl_00723,dlk_tbl_00480,dash_tbl_00998,dlk_tbl_01391,gob_ext_00274,proc_ext_00157,gob_ext_00346,std_ext_00250
proc_proceso_0201;3;proc_tbl_01558,dlk_tbl_01849,dlk_tbl_00087;14;ppn_tbl_01865,gob_tbl_01323,dlk_tbl_00334,dlk_tbl_00228,proc_tbl_01948,proc_tbl_00085,dlk_tbl_00104,gob_tbl_00839,gob_ext_00183,proc_ext_00362,dash_ext_00192,dash_ext_00160,gob_ext_00257,dlk_ext_00291
dlk_proceso_0202;4;m4sco_tbl_00724,gob_tbl_02019,dlk_tbl_00996,gob_tbl_02129;14;gob_tbl_00879,proc_tbl_00901,std_tbl_01565,gob_tbl_01432,gob_tbl_01647,dlk_tbl_01241,proc_tbl_01207,dash_tbl_00061,gob_ext_00155,gob_ext_00357,gob_ext_00349,dlk_ext_00118,dlk_ext_00332,dlk_ext_00283
gob_proceso_0203;5;dlk_tbl_01287,gob_tbl_01180,dlk_tbl_01328,dlk_tbl_00975,dash_tbl_00667;14;gob_tbl_01986,gob_tbl_00056,dlk_tbl_01798,gob_tbl_01611,proc_tbl_02043,proc_tbl_01775,gob_tbl_01211,gob_tbl_00585,gob_ext_00196,proc_ext_00211,proc_ext_00193,m4vw_ext_00336,gob_ext_00328,dlk_ext_00319
proc_proceso_0204;8;gob_tbl_01291,proc_tbl_00245,m4sco_tbl_01639,dlk_tbl_00745,dlk_tbl_00153,proc_tbl_01349,dlk_tbl_01132,gob_tbl_01767;5;gob_tbl_00354,proc_tbl_01722,dash_tbl_01903,dlk_ext_00283,std_ext_00226
dlk_proceso_0205;4;proc_tbl_01462,dlk_tbl_00764,gob_tbl_00052,dlk_tbl_00419;4;gob_tbl_01670,std_tbl_01290,dlk_ext_00332,proc_ext_00026
dlk_proceso_0206;2;dlk_tbl_00313,gob_tbl_00207;7;gob_tbl_00535,proc_tbl_01770,dlk_tbl_01413,gob_tbl_00873,dash_ext_00058,gob_ext_00314,dlk_ext_00359
proc_proceso_0207;4;dash_tbl_00341,proc_tbl_00751,proc_tbl_01813,dlk_tbl_01049;6;dlk_tbl_00739,dlk_tbl_00840,proc_tbl_01685,gob_ext_00235,dlk_ext_00316,ppn_ext_00106
proc_proceso_0208;4;proc_tbl_01204,dlk_tbl_00651,gob_tbl_00450,dlk_tbl_00921;4;gob_tbl_01386,dlk_tbl_00799,gob_ext_00110,dash_ext_00354
gob_proceso_0209;5;dlk_tbl_01306,gob_tbl_01189,m4vw_tbl_01150,proc_tbl_00410,dash_tbl_01785;14;gob_tbl_01289,gob_tbl_01185,ppn_tbl_00417,proc_tbl_02015,gob_tbl_01570,dlk_tbl_00819,dlk_tbl_02169,dlk_tbl_01241,dlk_ext_00010,gob_ext_00166,gob_ext_00178,dlk_ext_00128,dash_ext_00175,dlk_ext_00100
dlk_proceso_0210;4;dlk_tbl_00785,dlk_tbl_01943,gob_tbl_00791,proc_tbl_00460;3;dlk_tbl_00323,dlk_tbl_00764,gob_ext_00082
dlk_proceso_0211;4;dlk_tbl_01466,dlk_tbl_01141,dash_tbl_02063,m4sco_tbl_01288;13;proc_tbl_00488,dlk_tbl_00957,std_tbl_00079,gob_tbl_00121,gob_tbl_00541,dlk_tbl_01783,dlk_tbl_00820,dlk_ext_00299,proc_ext_00195,proc_ext_00037,gob_ext_00178,gob_ext_00071,dash_ext_00173
dlk_proceso_0212;4;dlk_tbl_01419,dlk_tbl_01978,dlk_tbl_00956,dlk_tbl_00916;7;dlk_tbl_00691,proc_tbl_01409,dash_tbl_02048,gob_tbl_00282,gob_ext_00166,dlk_ext_00189,gob_ext_00338
dash_proceso_0213;2;proc_tbl_00664,gob_tbl_02038;5;gob_tbl_00774,dlk_tbl_00734,gob_tbl_01073,gob_ext_00183,dlk_ext_00100
dash_proceso_0214;6;proc_tbl_02155,gob_tbl_00979,dlk_tbl_00433,m4sco_tbl_01750,std_tbl_00601,gob_tbl_01950;10;gob_tbl_00131,gob_tbl_00370,dash_tbl_01304,dlk_tbl_01059,dash_tbl_01909,dlk_tbl_00794,dash_ext_00330,gob_ext_00044,dlk_ext_00225,gob_ext_00346
gob_proceso_0215;4;gob_tbl_00466,gob_tbl_01861,gob_tbl_00598,proc_tbl_00611;11;dlk_tbl_01178,dlk_tbl_01468,dlk_tbl_00820,dlk_tbl_01749,gob_tbl_00695,dash_tbl_02103,std_ext_00268,dash_ext_00176,proc_ext_00367,gob_ext_00305,gob_ext_00302
dlk_proceso_0216;6;std_tbl_00224,dlk_tbl_01272,dlk_tbl_00625,dash_tbl_00675,proc_tbl_01567,proc_tbl_02126;4;dlk_tbl_00707,dlk_tbl_01079,proc_ext_00026,dlk_ext_00224
dlk_proceso_0217;5;gob_tbl_00952,dlk_tbl_02018,dash_tbl_01879,gob_tbl_00602,gob_tbl_00867;5;dlk_tbl_00605,dlk_tbl_01771,dlk_tbl_00614,gob_ext_00259,ppn_ext_00106
dlk_proceso_0218;5;gob_tbl_00768,dlk_tbl_02066,gob_tbl_00013,gob_tbl_00529,std_tbl_01518;9;gob_tbl_00342,proc_tbl_01050,dash_tbl_01294,dlk_tbl_01119,proc_tbl_00262,proc_ext_00353,gob_ext_00057,gob_ext_00027,gob_ext_00065
dlk_proceso_0219;2;gob_tbl_01348,gob_tbl_02023;5;gob_tbl_00980,gob_tbl_01309,proc_tbl_00286,dlk_ext_00128,gob_ext_00324
gob_proceso_0220;5;gob_tbl_00064,gob_tbl_01963,dash_tbl_01786,gob_tbl_02008,gob_tbl_00070;14;gob_tbl_00082,proc_tbl_00044,m4vw_tbl_00237,gob_tbl_01841,dlk_tbl_01486,gob_tbl_01160,dlk_tbl_00561,gob_tbl_01961,gob_ext_00087,gob_ext_00262,gob_ext_00284,proc_ext_00179,dlk_ext_00318,gob_ext_00177
dlk_proceso_0221;2;dlk_tbl_00178,dlk_tbl_01203;6;gob_tbl_01192,gob_tbl_00376,proc_tbl_01826,dash_ext_00263,ppn_ext_00142,dlk_ext_00191
dash_proceso_0222;4;gob_tbl_02041,dlk_tbl_00533,dlk_tbl_00150,proc_tbl_00233;10;dlk_tbl_01057,ppn_tbl_00417,gob_tbl_01016,std_tbl_02033,proc_tbl_00586,dlk_tbl_01603,gob_ext_00234,dlk_ext_00145,proc_ext_00194,gob_ext_00248
dash_proceso_0223;3;std_tbl_01412,dlk_tbl_00435,dlk_tbl_00321;8;proc_tbl_01197,gob_tbl_01317,gob_tbl_00097,gob_tbl_00360,gob_tbl_01912,gob_ext_00308,dash_ext_00285,dlk_ext_00116
dash_proceso_0224;3;dlk_tbl_00991,dlk_tbl_01886,dlk_tbl_01285;9;dash_tbl_00336,dlk_tbl_00273,proc_tbl_01691,proc_tbl_00420,std_tbl_01518,gob_ext_00274,proc_ext_00099,dlk_ext_00352,gob_ext_00239
proc_proceso_0225;3;std_tbl_00731,proc_tbl_01218,proc_tbl_01458;11;dlk_tbl_00921,gob_tbl_00970,std_tbl_01504,proc_tbl_00262,dlk_tbl_00214,dlk_tbl_01837,dlk_ext_00266,dlk_ext_00141,dash_ext_00246,proc_ext_00036,dlk_ext_00377
dash_proceso_0226;6;gob_tbl_01279,dlk_tbl_00805,proc_tbl_01700,dlk_tbl_00228,dlk_tbl_00204,dlk_tbl_01973;21;gob_tbl_00059,dlk_tbl_02176,gob_tbl_00053,gob_tbl_01289,dash_tbl_00861,dlk_tbl_01356,proc_tbl_01930,dlk_tbl_00011,dlk_tbl_00473,gob_tbl_02008,std_tbl_01405,ppn_tbl_00417,dash_ext_00130,proc_ext_00036,proc_ext_00297,dlk_ext_00207,proc_ext_00199,gob_ext_00066,proc_ext_00171,dlk_ext_00145,gob_ext_00043
dlk_proceso_0227;5;dlk_tbl_01530,gob_tbl_01125,gob_tbl_01549,dlk_tbl_01302,proc_tbl_00661;14;gob_tbl_02141,dlk_tbl_00878,dlk_tbl_02091,proc_tbl_01344,dlk_tbl_00887,dlk_tbl_01824,std_tbl_00329,dlk_tbl_00714,dash_ext_00263,gob_ext_00204,gob_ext_00071,dlk_ext_00070,gob_ext_00302,gob_ext_00072
proc_proceso_0228;3;dlk_tbl_01710,proc_tbl_02165,gob_tbl_00405;7;m4sco_tbl_00017,dlk_tbl_01742,dlk_tbl_00272,dlk_tbl_00317,gob_ext_00213,dlk_ext_00023,gob_ext_00121
dlk_proceso_0229;3;dlk_tbl_00389,ppn_tbl_00346,dlk_tbl_01119;10;proc_tbl_00661,gob_tbl_00091,dlk_tbl_00306,dlk_tbl_01573,dlk_tbl_00908,dlk_tbl_00811,dlk_ext_00028,gob_ext_00348,gob_ext_00044,dlk_ext_00376
dash_proceso_0230;3;gob_tbl_00566,dlk_tbl_00547,dlk_tbl_01844;4;gob_tbl_00981,dlk_tbl_00744,dlk_ext_00184,gob_ext_00204
gob_proceso_0231;3;dlk_tbl_01391,proc_tbl_01282,std_tbl_01851;6;dlk_tbl_01352,dlk_tbl_01389,proc_tbl_00353,gob_ext_00234,proc_ext_00129,proc_ext_00099
gob_proceso_0232;2;gob_tbl_01003,gob_tbl_00770;6;gob_tbl_02092,gob_tbl_00948,gob_tbl_00791,gob_ext_00213,gob_ext_00326,dlk_ext_00055
gob_proceso_0233;5;gob_tbl_00427,gob_tbl_00183,dlk_tbl_00536,gob_tbl_02083,std_tbl_01116;9;ppn_tbl_00339,gob_tbl_02003,gob_tbl_01860,dlk_tbl_00289,dlk_tbl_01765,dash_ext_00296,gob_ext_00347,gob_ext_00257,proc_ext_00270
dash_proceso_0234;5;gob_tbl_01322,gob_tbl_00448,proc_tbl_00508,gob_tbl_00447,dlk_tbl_01766;11;dlk_tbl_01359,gob_tbl_00371,proc_tbl_00721,gob_tbl_00674,gob_tbl_00737,dlk_tbl_01715,dash_ext_00330,dlk_ext_00276,dash_ext_00277,gob_ext_00052,proc_ext_00143
dlk_proceso_0235;4;gob_tbl_00387,dlk_tbl_01959,dlk_tbl_01298,gob_tbl_00143;7;dlk_tbl_00457,dlk_tbl_00992,dlk_tbl_00605,gob_tbl_00375,dash_ext_00255,dlk_ext_00272,gob_ext_00254
proc_proceso_0236;2;gob_tbl_01454,proc_tbl_01600;7;gob_tbl_01225,gob_tbl_01401,dlk_tbl_00018,std_tbl_01816,proc_ext_00253,gob_ext_00204,gob_ext_00188
dlk_proceso_0237;4;dash_tbl_02061,gob_tbl_00843,dash_tbl_00627,gob_tbl_00540;10;dlk_tbl_00956,dlk_tbl_00694,gob_tbl_01305,gob_tbl_00375,gob_tbl_01085,dlk_tbl_00811,proc_ext_00253,gob_ext_00089,dlk_ext_00244,gob_ext_00044
dlk_proceso_0238;4;std_tbl_01260,dlk_tbl_01716,proc_tbl_01039,dlk_tbl_01873;5;gob_tbl_01962,dlk_tbl_00536,gob_tbl_02163,dlk_ext_00109,dlk_ext_00012
dlk_proceso_0239;6;proc_tbl_01911,m4vw_tbl_01393,gob_tbl_00486,dlk_tbl_01442,gob_tbl_01660,dlk_tbl_00828;15;proc_tbl_00779,gob_tbl_00526,dlk_tbl_00089,dlk_tbl_00720,dlk_tbl_01878,gob_tbl_01339,gob_tbl_00624,dlk_tbl_00169,gob_tbl_01064,dlk_ext_00100,proc_ext_00147,gob_ext_00089,gob_ext_00066,gob_ext_00204,dlk_ext_00304
gob_proceso_0240;3;dlk_tbl_00717,gob_tbl_00444,dlk_tbl_01516;9;dlk_tbl_01149,proc_tbl_00503,gob_tbl_00426,proc_tbl_00658,dash_tbl_00937,gob_ext_00302,proc_ext_00037,gob_ext_00002,gob_ext_00213
dlk_proceso_0241;5;gob_tbl_01275,dlk_tbl_01790,proc_tbl_00795,dlk_tbl_01366,gob_tbl_01199;16;dlk_tbl_01450,std_tbl_00731,dlk_tbl_01917,ppn_tbl_00559,proc_tbl_00202,ppn_tbl_00542,std_tbl_01816,gob_tbl_01215,proc_tbl_01151,gob_ext_00092,m4sco_ext_00329,proc_ext_00157,gob_ext_00378,dlk_ext_00069,dash_ext_00175,gob_ext_00295
gob_proceso_0242;4;proc_tbl_01034,dlk_tbl_00332,dlk_tbl_01077,dlk_tbl_00893;11;proc_tbl_00661,gob_tbl_01188,dlk_tbl_01148,dlk_tbl_01876,gob_tbl_01234,gob_tbl_01133,gob_ext_00298,gob_ext_00334,gob_ext_00045,proc_ext_00297,dlk_ext_00304
dlk_proceso_0243;7;dlk_tbl_01994,dlk_tbl_01674,dlk_tbl_01487,dlk_tbl_00496,dlk_tbl_01102,gob_tbl_00296,std_tbl_01433;9;proc_tbl_01370,proc_tbl_00801,gob_tbl_01145,gob_tbl_00235,dlk_tbl_00451,gob_ext_00008,proc_ext_00032,m4vw_ext_00031,dlk_ext_00207
dlk_proceso_0244;3;dash_tbl_00458,gob_tbl_01647,gob_tbl_01764;15;gob_tbl_01966,gob_tbl_00368,dash_tbl_00020,dlk_tbl_01038,dlk_tbl_01130,gob_tbl_01591,dlk_tbl_00565,gob_tbl_01537,std_tbl_01855,dlk_ext_00146,std_ext_00243,dlk_ext_00069,dash_ext_00009,dash_ext_00130,gob_ext_00087
dlk_proceso_0245;5;gob_tbl_01925,gob_tbl_00189,dlk_tbl_00561,ppn_tbl_01708,gob_tbl_01343;13;gob_tbl_00211,proc_tbl_00085,dlk_tbl_00214,gob_tbl_01384,gob_tbl_02161,dlk_tbl_00186,dlk_tbl_00117,gob_ext_00121,proc_ext_00013,gob_ext_00325,dlk_ext_00244,dlk_ext_00023,gob_ext_00309
gob_proceso_0246;8;proc_tbl_00926,proc_tbl_00936,dlk_tbl_01754,gob_tbl_00588,gob_tbl_00354,gob_tbl_00624,proc_tbl_00442,gob_tbl_00728;9;proc_tbl_00579,gob_tbl_01636,gob_tbl_01977,gob_tbl_01471,dlk_tbl_00259,proc_ext_00171,gob_ext_00257,gob_ext_00150,dash_ext_00277
dlk_proceso_0247;4;dlk_tbl_00399,dash_tbl_01538,dlk_tbl_00137,gob_tbl_01048;10;m4sco_tbl_00987,proc_tbl_00050,dlk_tbl_00174,ppn_tbl_00559,gob_tbl_01165,gob_tbl_01103,proc_ext_00201,dash_ext_00260,proc_ext_00143,proc_ext_00233
dash_proceso_0248;6;proc_tbl_00639,dlk_tbl_00473,dlk_tbl_00775,m4vw_tbl_01980,dlk_tbl_00606,gob_tbl_00114;6;gob_tbl_00879,gob_tbl_00366,proc_tbl_01039,proc_ext_00137,m4vw_ext_00031,dash_ext_00007
dlk_proceso_0249;5;dlk_tbl_00929,proc_tbl_01248,gob_tbl_00468,dlk_tbl_00959,proc_tbl_02027;8;gob_tbl_00065,proc_tbl_01813,proc_tbl_00353,dlk_tbl_00409,m4sco_tbl_01863,dlk_ext_00316,dash_ext_00046,dash_ext_00015
dlk_proceso_0250;5;gob_tbl_01900,dlk_tbl_01241,gob_tbl_00890,m4vw_tbl_01481,gob_tbl_01001;8;dlk_tbl_01503,dlk_tbl_01956,gob_tbl_00814,gob_tbl_02114,proc_tbl_00337,dlk_ext_00198,gob_ext_00002,gob_ext_00267
gob_proceso_0251;3;dash_tbl_00142,gob_tbl_02070,gob_tbl_00068;9;dlk_tbl_00137,gob_tbl_00592,m4vw_tbl_02026,gob_tbl_00706,gob_tbl_01773,gob_ext_00241,gob_ext_00167,m4vw_ext_00031,proc_ext_00079
proc_proceso_0252;2;dlk_tbl_01876,dlk_tbl_01136;7;proc_tbl_00537,dash_tbl_01488,proc_tbl_00926,proc_tbl_00524,gob_ext_00302,gob_ext_00027,dlk_ext_00283
dlk_proceso_0253;6;ppn_tbl_01559,gob_tbl_00961,gob_tbl_00576,gob_tbl_00989,dlk_tbl_01176,dash_tbl_00048;10;gob_tbl_00686,proc_tbl_01040,dlk_tbl_01055,dlk_tbl_01009,gob_tbl_00705,dash_tbl_02049,dash_ext_00160,dash_ext_00354,gob_ext_00265,proc_ext_00054
proc_proceso_0254;4;std_tbl_01565,dlk_tbl_01071,gob_tbl_00738,gob_tbl_01752;10;proc_tbl_01197,dlk_tbl_00088,proc_tbl_01282,ppn_tbl_01043,proc_tbl_01131,proc_tbl_02079,gob_ext_00230,dlk_ext_00041,proc_ext_00201,dash_ext_00293
proc_proceso_0255;9;dlk_tbl_01728,proc_tbl_00963,proc_tbl_01280,gob_tbl_00869,dlk_tbl_00214,gob_tbl_01862,gob_tbl_00244,proc_tbl_01930,gob_tbl_00609;14;proc_tbl_00271,dlk_tbl_00982,dlk_tbl_02130,gob_tbl_00803,dash_tbl_01812,proc_tbl_02068,dlk_tbl_01852,dlk_tbl_00104,dash_ext_00252,gob_ext_00267,dlk_ext_00005,gob_ext_00313,proc_ext_00373,dash_ext_00354
proc_proceso_0256;2;proc_tbl_01858,dlk_tbl_01946;7;dlk_tbl_01231,dlk_tbl_01535,proc_tbl_00508,dash_tbl_00187,std_ext_00226,gob_ext_00110,dlk_ext_00128
gob_proceso_0257;6;gob_tbl_01010,gob_tbl_01259,proc_tbl_00022,proc_tbl_01897,gob_tbl_01187,proc_tbl_01207;13;dlk_tbl_01713,gob_tbl_01900,proc_tbl_00044,gob_tbl_01976,gob_tbl_01634,proc_tbl_02031,gob_tbl_01271,dash_ext_00039,std_ext_00360,gob_ext_00213,gob_ext_00298,dash_ext_00160,dlk_ext_00067
dlk_proceso_0258;4;gob_tbl_02087,gob_tbl_01721,gob_tbl_00978,dlk_tbl_01618;11;dlk_tbl_00382,dlk_tbl_00846,dash_tbl_01928,proc_tbl_01131,m4sco_tbl_00507,gob_tbl_00192,gob_ext_00155,proc_ext_00171,gob_ext_00215,gob_ext_00078,dash_ext_00330
proc_proceso_0259;2;dlk_tbl_00414,dlk_tbl_01470;6;proc_tbl_01819,gob_tbl_00970,proc_tbl_00633,proc_ext_00112,m4sco_ext_00064,dlk_ext_00162
proc_proceso_0260;5;dash_tbl_01340,dlk_tbl_01018,dlk_tbl_00352,dlk_tbl_02107,gob_tbl_01435;12;ppn_tbl_00417,std_tbl_02033,dlk_tbl_01442,gob_tbl_02125,gob_tbl_01663,m4vw_tbl_00568,gob_tbl_01867,std_ext_00226,gob_ext_00187,m4sco_ext_00351,dlk_ext_00244,dlk_ext_00332
gob_proceso_0261;3;dlk_tbl_01642,gob_tbl_01546,proc_tbl_01592;9;gob_tbl_01752,dlk_tbl_00214,dlk_tbl_01713,gob_tbl_01951,gob_tbl_00535,dlk_ext_00272,proc_ext_00099,proc_ext_00112,dash_ext_00252
proc_proceso_0262;4;dash_tbl_01885,gob_tbl_02025,proc_tbl_00274,gob_tbl_00362;13;dlk_tbl_00035,dlk_tbl_02071,dlk_tbl_00713,dlk_tbl_00473,proc_tbl_01497,dlk_tbl_01651,dlk_tbl_01094,dash_ext_00130,gob_ext_00281,dlk_ext_00012,gob_ext_00274,m4sco_ext_00329,gob_ext_00102
dash_proceso_0263;7;gob_tbl_00358,dlk_tbl_00494,ppn_tbl_01717,gob_tbl_01977,dlk_tbl_00401,dlk_tbl_01425,dlk_tbl_01090;4;dlk_tbl_00745,gob_tbl_00529,dash_ext_00016,dash_ext_00009
gob_proceso_0264;3;gob_tbl_00526,gob_tbl_01056,gob_tbl_02156;14;dlk_tbl_01536,dlk_tbl_00894,dlk_tbl_02097,gob_tbl_02101,dlk_tbl_00001,gob_tbl_00071,gob_tbl_01322,dlk_tbl_00253,gob_ext_00045,proc_ext_00171,m4sco_ext_00011,dlk_ext_00299,dash_ext_00058,gob_ext_00044
gob_proceso_0265;7;dlk_tbl_01579,proc_tbl_00520,gob_tbl_02167,dash_tbl_01364,gob_tbl_00973,gob_tbl_00862,dash_tbl_00128;6;gob_tbl_01856,gob_tbl_00612,dash_tbl_01022,dlk_ext_00249,dash_ext_00277,proc_ext_00211
dash_proceso_0266;5;dash_tbl_02075,gob_tbl_01552,gob_tbl_01670,gob_tbl_01748,dlk_tbl_01604;13;dlk_tbl_00744,m4sco_tbl_00093,gob_tbl_00097,dlk_tbl_01361,gob_tbl_01495,gob_tbl_00069,gob_tbl_01655,proc_ext_00090,gob_ext_00098,proc_ext_00129,std_ext_00288,gob_ext_00002,dlk_ext_00304
gob_proceso_0267;3;proc_tbl_01562,gob_tbl_00404,gob_tbl_00051;13;dlk_tbl_01329,proc_tbl_00431,dlk_tbl_01362,dlk_tbl_01359,dlk_tbl_00152,gob_tbl_02110,dash_tbl_01903,proc_ext_00036,gob_ext_00089,dash_ext_00174,gob_ext_00073,proc_ext_00195,gob_ext_00027
proc_proceso_0268;4;dlk_tbl_00739,gob_tbl_00477,dlk_tbl_00819,gob_tbl_00173;6;dlk_tbl_01399,dash_tbl_02035,proc_tbl_01409,dlk_ext_00100,gob_ext_00121,gob_ext_00115
proc_proceso_0269;4;gob_tbl_02114,dash_tbl_00140,dlk_tbl_01931,dlk_tbl_01416;10;gob_tbl_01822,dash_tbl_02086,gob_tbl_01856,dlk_tbl_01212,dlk_tbl_01004,dlk_tbl_01285,dlk_ext_00095,m4vw_ext_00083,gob_ext_00230,dlk_ext_00224
dlk_proceso_0270;5;dlk_tbl_01374,gob_tbl_00342,dlk_tbl_00866,m4sco_tbl_01895,dlk_tbl_00923;7;gob_tbl_02128,gob_tbl_00541,gob_tbl_01170,m4sco_tbl_01863,gob_ext_00066,dlk_ext_00359,dlk_ext_00244
gob_proceso_0271;3;dlk_tbl_01594,gob_tbl_00741,dlk_tbl_00335;9;gob_tbl_01613,gob_tbl_00552,gob_tbl_01726,gob_tbl_00870,gob_tbl_00677,dlk_ext_00070,gob_ext_00197,gob_ext_00126,gob_ext_00275
dlk_proceso_0272;4;proc_tbl_02183,gob_tbl_00518,gob_tbl_00312,dlk_tbl_01006;8;dlk_tbl_01255,dlk_tbl_02095,dlk_tbl_00940,dash_tbl_01410,gob_tbl_01482,dlk_ext_00067,proc_ext_00013,dlk_ext_00095
proc_proceso_0273;7;m4vw_tbl_01782,gob_tbl_00790,ppn_tbl_00542,gob_tbl_01631,dlk_tbl_01283,gob_tbl_00330,gob_tbl_00504;9;gob_tbl_00569,dlk_tbl_01749,gob_tbl_01655,dlk_tbl_00673,dash_tbl_00428,proc_ext_00343,gob_ext_00138,dlk_ext_00316,proc_ext_00129
dlk_proceso_0274;4;dlk_tbl_00306,dash_tbl_01080,gob_tbl_00752,std_tbl_00859;10;proc_tbl_00797,dlk_tbl_00603,gob_tbl_01726,gob_tbl_00945,gob_tbl_00570,dlk_tbl_00289,gob_ext_00334,dlk_ext_00128,dlk_ext_00012,gob_ext_00326
proc_proceso_0275;4;gob_tbl_00626,gob_tbl_01069,dlk_tbl_01252,dlk_tbl_00906;10;m4sco_tbl_00724,proc_tbl_00813,dash_tbl_01251,dlk_tbl_02081,dlk_tbl_01293,proc_tbl_00497,m4sco_ext_00361,dlk_ext_00225,gob_ext_00274,dash_ext_00016
dlk_proceso_0276;5;dash_tbl_02072,gob_tbl_01469,dlk_tbl_00067,dlk_tbl_01149,dash_tbl_00502;7;proc_tbl_01701,proc_tbl_02027,gob_tbl_00314,gob_tbl_02163,proc_ext_00025,gob_ext_00237,std_ext_00074
dash_proceso_0277;2;dlk_tbl_01350,dlk_tbl_00616;6;std_tbl_02046,gob_tbl_00803,gob_tbl_00288,proc_ext_00220,gob_ext_00044,gob_ext_00281
dlk_proceso_0278;4;std_tbl_01398,dlk_tbl_02182,gob_tbl_01793,gob_tbl_01944;11;dash_tbl_01267,dlk_tbl_00106,gob_tbl_01560,proc_tbl_00016,proc_tbl_00676,proc_tbl_01593,dlk_ext_00244,dlk_ext_00316,dlk_ext_00376,proc_ext_00099,gob_ext_00234
gob_proceso_0279;4;std_tbl_01483,proc_tbl_00046,dlk_tbl_01253,gob_tbl_00069;17;dlk_tbl_00866,gob_tbl_00895,m4sco_tbl_00531,proc_tbl_01972,dlk_tbl_00931,gob_tbl_00121,dash_tbl_01684,proc_tbl_02029,gob_tbl_01199,dlk_tbl_00905,proc_ext_00143,proc_ext_00022,proc_ext_00137,m4vw_ext_00097,proc_ext_00026,gob_ext_00298,dash_ext_00123
gob_proceso_0280;6;dlk_tbl_01120,dlk_tbl_00301,gob_tbl_00158,proc_tbl_01095,dlk_tbl_01473,dash_tbl_01632;16;m4vw_tbl_00237,proc_tbl_02039,dash_tbl_00219,dlk_tbl_02071,proc_tbl_02029,dlk_tbl_00595,dlk_tbl_00409,dlk_tbl_01268,dash_tbl_01244,gob_ext_00150,dash_ext_00255,proc_ext_00013,gob_ext_00057,dlk_ext_00276,gob_ext_00121,dlk_ext_00019
gob_proceso_0281;7;dlk_tbl_00971,proc_tbl_01987,m4vw_tbl_01506,dash_tbl_00403,gob_tbl_02163,ppn_tbl_00250,dlk_tbl_00004;11;dlk_tbl_01510,dash_tbl_00667,proc_tbl_01325,proc_tbl_01620,gob_tbl_01073,gob_tbl_01495,gob_ext_00305,dlk_ext_00141,dlk_ext_00299,gob_ext_00082,gob_ext_00126
proc_proceso_0282;2;dlk_tbl_00908,proc_tbl_00262;8;dlk_tbl_00356,std_tbl_00812,gob_tbl_01474,gob_tbl_01921,gob_tbl_02133,dlk_ext_00304,dlk_ext_00101,gob_ext_00279
proc_proceso_0283;3;dlk_tbl_00931,m4vw_tbl_01436,dlk_tbl_00363;9;proc_tbl_00141,dlk_tbl_01528,gob_tbl_01417,dash_tbl_00675,dash_tbl_01107,gob_ext_00135,dlk_ext_00225,std_ext_00226,gob_ext_00098
dlk_proceso_0284;6;gob_tbl_00211,gob_tbl_00897,dash_tbl_01839,dlk_tbl_01771,m4sco_tbl_01333,proc_tbl_01222;11;proc_tbl_01982,dlk_tbl_01872,dash_tbl_02075,dlk_tbl_01878,dlk_tbl_00533,proc_tbl_00441,dlk_ext_00061,gob_ext_00082,dash_ext_00227,gob_ext_00027,gob_ext_00334
dlk_proceso_0285;6;dlk_tbl_00872,dash_tbl_00671,dlk_tbl_01190,gob_tbl_01682,dlk_tbl_00974,dlk_tbl_01231;6;proc_tbl_00446,m4vw_tbl_02139,gob_tbl_00879,dash_ext_00340,gob_ext_00309,dlk_ext_00191
dlk_proceso_0286;2;gob_tbl_01360,proc_tbl_01747;20;gob_tbl_00529,gob_tbl_01439,dash_tbl_00249,dlk_tbl_00221,gob_tbl_01557,dlk_tbl_01395,dlk_tbl_01596,dash_tbl_01568,dlk_tbl_00472,gob_tbl_01384,proc_tbl_00028,ppn_tbl_01717,dash_ext_00021,proc_ext_00099,m4sco_ext_00329,gob_ext_00346,gob_ext_00334,gob_ext_00261,proc_ext_00343,dlk_ext_00006
gob_proceso_0287;4;dash_tbl_00881,dlk_tbl_01089,gob_tbl_00231,dlk_tbl_01794;14;proc_tbl_02011,proc_tbl_02039,dlk_tbl_00820,dlk_tbl_01651,gob_tbl_00529,dlk_tbl_00709,dash_tbl_01529,dlk_tbl_01126,gob_ext_00121,gob_ext_00087,gob_ext_00027,dash_ext_00180,dlk_ext_00229,dlk_ext_00249
dlk_proceso_0288;3;gob_tbl_01085,gob_tbl_01856,dash_tbl_01617;12;dlk_tbl_01572,gob_tbl_01435,dlk_tbl_01979,dlk_tbl_01399,dlk_tbl_01119,dash_tbl_01488,dash_tbl_01022,dash_ext_00123,dlk_ext_00229,dlk_ext_00144,proc_ext_00373,std_ext_00059
dlk_proceso_0289;5;proc_tbl_00395,gob_tbl_00815,gob_tbl_01866,gob_tbl_00915,dlk_tbl_01399;14;dlk_tbl_01176,dash_tbl_02075,dash_tbl_01463,dlk_tbl_01181,m4vw_tbl_01481,gob_tbl_00211,dlk_tbl_00983,gob_tbl_00674,dash_ext_00021,dash_ext_00140,std_ext_00226,dlk_ext_00249,gob_ext_00102,dlk_ext_00145
dlk_proceso_0290;6;dlk_tbl_01414,gob_tbl_00083,gob_tbl_01424,dlk_tbl_00571,dlk_tbl_01778,gob_tbl_00879;10;gob_tbl_01211,ppn_tbl_01717,dlk_tbl_01226,gob_tbl_00540,dlk_tbl_00221,dash_tbl_01894,gob_ext_00166,proc_ext_00373,dash_ext_00015,gob_ext_00323
dlk_proceso_0291;2;gob_tbl_00345,ppn_tbl_00559;20;dlk_tbl_00162,dash_tbl_00341,gob_tbl_01967,proc_tbl_01248,dash_tbl_00648,dlk_tbl_01566,dlk_tbl_01287,proc_tbl_01949,gob_tbl_01543,dlk_tbl_00120,gob_tbl_01680,m4vw_tbl_00568,gob_ext_00073,dlk_ext_00070,dlk_ext_00100,dlk_ext_00067,std_ext_00288,gob_ext_00172,dlk_ext_00318,dash_ext_00296
dlk_proceso_0292;4;dash_tbl_01063,proc_tbl_01846,proc_tbl_00028,dlk_tbl_01159;3;gob_tbl_00681,gob_tbl_00444,dash_ext_00246
dlk_proceso_0293;2;gob_tbl_02127,dlk_tbl_00396;7;dlk_tbl_00473,proc_tbl_00262,dlk_tbl_00433,dlk_tbl_01457,gob_ext_00301,gob_ext_00089,dlk_ext_00283
dash_proceso_0294;2;gob_tbl_01064,gob_tbl_02162;9;proc_tbl_00353,gob_tbl_01202,proc_tbl_01972,gob_tbl_01957,gob_tbl_00964,gob_ext_00222,dlk_ext_00292,gob_ext_00347,dlk_ext_00191
gob_proceso_0295;5;dlk_tbl_01166,dlk_tbl_00388,gob_tbl_00393,dlk_tbl_00634,proc_tbl_00911;10;gob_tbl_00092,dlk_tbl_00691,dlk_tbl_00903,dlk_tbl_02176,gob_tbl_01388,dash_tbl_00712,gob_ext_00234,dlk_ext_00146,dash_ext_00214,proc_ext_00050
dlk_proceso_0296;2;proc_tbl_00271,gob_tbl_00283;4;dash_tbl_01488,proc_tbl_01353,gob_ext_00188,dash_ext_00260
proc_proceso_0297;5;dlk_tbl_00230,proc_tbl_02102,ppn_tbl_01387,dlk_tbl_00344,gob_tbl_01044;7;dlk_tbl_00027,proc_tbl_00488,gob_tbl_00953,dlk_tbl_02036,dlk_ext_00000,dlk_ext_00291,dash_ext_00174
gob_proceso_0298;5;gob_tbl_01508,proc_tbl_00100,proc_tbl_00044,dlk_tbl_00709,dlk_tbl_02097;10;m4sco_tbl_00531,gob_tbl_00766,dlk_tbl_00377,dlk_tbl_01059,proc_tbl_00779,dlk_tbl_00221,gob_ext_00205,gob_ext_00098,dlk_ext_00077,dash_ext_00108
dlk_proceso_0299;7;gob_tbl_01899,gob_tbl_00065,dlk_tbl_01690,dlk_tbl_00581,std_tbl_01575,dlk_tbl_00692,dlk_tbl_01803;1;dlk_tbl_02094
dash_proceso_0300;3;dlk_tbl_01830,dlk_tbl_00113,dlk_tbl_00637;11;std_tbl_01938,gob_tbl_00294,dlk_tbl_01413,dlk_tbl_00734,proc_tbl_00901,gob_tbl_01614,proc_ext_00379,dash_ext_00029,m4vw_ext_00336,proc_ext_00090,dlk_ext_00251
gob_proceso_0301;6;std_tbl_01475,proc_tbl_01964,dlk_tbl_00154,proc_tbl_01040,dlk_tbl_01630,dash_tbl_00252;10;dlk_tbl_01681,proc_tbl_00661,dlk_tbl_01206,dash_tbl_01928,gob_tbl_00078,gob_tbl_01160,dash_ext_00174,gob_ext_00172,gob_ext_00265,gob_ext_00254
dlk_proceso_0302;6;gob_tbl_02137,dlk_tbl_00854,dash_tbl_00315,dash_tbl_00892,gob_tbl_01336,dlk_tbl_01566;13;dash_tbl_00667,gob_tbl_02148,gob_tbl_00541,std_tbl_00763,proc_tbl_00246,proc_tbl_01489,proc_tbl_00783,gob_ext_00324,dash_ext_00176,dlk_ext_00272,gob_ext_00333,gob_ext_00043,gob_ext_00347
dlk_proceso_0303;5;dlk_tbl_01626,gob_tbl_01663,proc_tbl_00554,dlk_tbl_00850,proc_tbl_00132;4;dlk_tbl_01241,dlk_tbl_01715,dash_ext_00263,gob_ext_00310
dlk_proceso_0304;6;dash_tbl_01294,dlk_tbl_00614,gob_tbl_00059,dlk_tbl_00848,gob_tbl_00642,gob_tbl_02122;11;dash_tbl_00967,gob_tbl_00806,dlk_tbl_00673,std_tbl_01733,gob_tbl_01773,dlk_tbl_00451,dash_ext_00354,gob_ext_00135,dlk_ext_00264,gob_ext_00125,gob_ext_00267
gob_proceso_0305;6;gob_tbl_01474,dlk_tbl_00179,gob_tbl_00635,gob_tbl_00236,m4vw_tbl_00532,gob_tbl_01407;10;dash_tbl_00513,proc_tbl_02079,proc_tbl_00509,proc_tbl_01533,dlk_tbl_00818,dlk_tbl_01979,gob_ext_00034,gob_ext_00183,gob_ext_00125,gob_ext_00121
proc_proceso_0306;3;proc_tbl_00003,gob_tbl_01358,gob_tbl_00378;11;gob_tbl_00426,proc_tbl_01197,gob_tbl_00056,gob_tbl_00600,dlk_tbl_01081,dash_tbl_00861,std_ext_00226,proc_ext_00131,dash_ext_00123,dash_ext_00140,proc_ext_00112
dlk_proceso_0307;5;dlk_tbl_02077,dlk_tbl_00421,gob_tbl_00205,dlk_tbl_00905,dlk_tbl_01985;17;gob_tbl_01869,dlk_tbl_00840,gob_tbl_01669,dlk_tbl_00162,gob_tbl_00696,dlk_tbl_01241,dash_tbl_00341,dash_tbl_01894,proc_tbl_01459,gob_tbl_01655,dash_ext_00175,gob_ext_00098,proc_ext_00157,gob_ext_00043,dash_ext_00354,gob_ext_00172,dash_ext_00202
dlk_proceso_0308;3;dlk_tbl_01255,dlk_tbl_01573,proc_tbl_00777;5;std_tbl_00954,gob_tbl_01726,gob_tbl_00723,dash_ext_00009,proc_ext_00112
dash_proceso_0309;4;dlk_tbl_01984,dash_tbl_02028,dlk_tbl_01648,dlk_tbl_00856;3;proc_tbl_00936,dlk_tbl_00402,dlk_ext_00304
gob_proceso_0310;4;gob_tbl_01133,dlk_tbl_00258,dlk_tbl_01451,proc_tbl_00193;3;gob_tbl_00354,gob_tbl_00490,dash_ext_00330
gob_proceso_0311;4;proc_tbl_01922,proc_tbl_00950,gob_tbl_01720,gob_tbl_00327;14;m4vw_tbl_01481,gob_tbl_01189,gob_tbl_00412,dlk_tbl_02077,gob_tbl_01073,proc_tbl_01693,dlk_tbl_01805,gob_tbl_01355,dlk_ext_00304,dlk_ext_00320,gob_ext_00368,gob_ext_00309,dlk_ext_00095,gob_ext_00110
dlk_proceso_0312;5;dlk_tbl_01898,dlk_tbl_00683,dlk_tbl_01681,gob_tbl_00886,gob_tbl_01332;10;gob_tbl_01371,gob_tbl_01411,dlk_tbl_01480,dlk_tbl_00819,gob_tbl_01388,std_tbl_00101,gob_ext_00205,proc_ext_00379,gob_ext_00172,gob_ext_00164
gob_proceso_0313;5;dlk_tbl_00459,dash_tbl_01812,dash_tbl_00861,dlk_tbl_01871,dlk_tbl_01492;19;gob_tbl_00198,dlk_tbl_00445,gob_tbl_01636,dlk_tbl_00496,dlk_tbl_01712,gob_tbl_00679,dlk_tbl_01094,proc_tbl_01379,proc_tbl_00596,dlk_tbl_01510,dlk_tbl_00389,gob_ext_00346,gob_ext_00326,gob_ext_00247,dlk_ext_00304,gob_ext_00324,gob_ext_00098,proc_ext_00353,gob_ext_00103
dlk_proceso_0314;4;proc_tbl_00852,proc_tbl_00523,dash_tbl_01926,gob_tbl_01616;11;dlk_tbl_01690,dash_tbl_00171,gob_tbl_01958,gob_tbl_00918,dash_tbl_01300,dlk_tbl_01399,gob_ext_00335,dlk_ext_00056,m4sco_ext_00011,gob_ext_00274,gob_ext_00338
proc_proceso_0315;2;dlk_tbl_00573,gob_tbl_01417;20;gob_tbl_01840,gob_tbl_00450,dlk_tbl_01389,dlk_tbl_00739,dlk_tbl_00414,dlk_tbl_00322,dash_tbl_01885,proc_tbl_01558,dlk_tbl_01872,m4vw_tbl_02132,gob_tbl_02090,dlk_tbl_00846,proc_ext_00099,gob_ext_00313,dlk_ext_00080,gob_ext_00121,dlk_ext_00145,dash_ext_00285,dlk_ext_00272,gob_ext_00355
gob_proceso_0316;3;dlk_tbl_01502,dlk_tbl_00355,dlk_tbl_01713;9;dlk_tbl_00467,gob_tbl_00491,proc_tbl_00206,dlk_tbl_01181,dlk_tbl_00088,dash_ext_00009,gob_ext_00172,m4sco_ext_00351,dlk_ext_00266
dlk_proceso_0317;2;dlk_tbl_01468,dlk_tbl_00307;6;dash_tbl_00934,dlk_tbl_00841,gob_tbl_00312,dlk_ext_00377,gob_ext_00014,gob_ext_00324
dlk_proceso_0318;6;proc_tbl_00503,proc_tbl_00202,dlk_tbl_01815,dlk_tbl_01583,m4sco_tbl_01874,proc_tbl_00077;11;dlk_tbl_00831,dlk_tbl_01990,dlk_tbl_00267,gob_tbl_01779,dlk_tbl_00809,proc_tbl_02079,gob_ext_00308,gob_ext_00018,dlk_ext_00306,gob_ext_00298,dash_ext_00260
dlk_proceso_0319;4;ppn_tbl_00037,gob_tbl_00749,proc_tbl_02118,dlk_tbl_00302;6;dlk_tbl_01427,gob_tbl_02099,gob_tbl_01555,gob_ext_00279,proc_ext_00022,proc_ext_00362
dash_proceso_0320;5;gob_tbl_01289,dlk_tbl_01038,gob_tbl_01490,dash_tbl_01284,dlk_tbl_02082;16;gob_tbl_01227,m4sco_tbl_00017,gob_tbl_01225,dlk_tbl_00025,gob_tbl_01397,proc_tbl_01045,proc_tbl_00487,gob_tbl_01012,gob_tbl_00056,dlk_ext_00041,dash_ext_00173,dlk_ext_00321,gob_ext_00313,dlk_ext_00249,gob_ext_00044,m4vw_ext_00336
dash_proceso_0321;3;proc_tbl_01501,dlk_tbl_00943,dlk_tbl_00841;14;proc_tbl_01964,dash_tbl_00023,gob_tbl_00366,gob_tbl_01339,dlk_tbl_01130,gob_tbl_01825,dlk_tbl_00983,gob_tbl_01301,proc_ext_00270,gob_ext_00089,gob_ext_00337,gob_ext_00378,gob_ext_00274,proc_ext_00105
gob_proceso_0322;2;gob_tbl_00660,dlk_tbl_01572;7;dash_tbl_01665,gob_tbl_02002,dlk_tbl_00776,dash_tbl_01909,dlk_ext_00272,dlk_ext_00299,proc_ext_00094
dlk_proceso_0323;4;proc_tbl_00420,dash_tbl_00032,dash_tbl_01300,dlk_tbl_01515;14;dash_tbl_01304,proc_tbl_01593,std_tbl_02033,gob_tbl_00198,dash_tbl_00998,dlk_tbl_00820,dlk_tbl_00138,dlk_tbl_01573,gob_ext_00234,proc_ext_00152,gob_ext_00164,m4vw_ext_00083,ppn_ext_00142,dlk_ext_00101
dash_proceso_0324;4;proc_tbl_01214,gob_tbl_01100,dash_tbl_00297,dlk_tbl_01378;10;gob_tbl_00327,dlk_tbl_00247,dlk_tbl_00536,dash_tbl_00667,gob_tbl_01866,m4vw_tbl_00324,gob_ext_00088,gob_ext_00085,gob_ext_00062,gob_ext_00187
proc_proceso_0325;7;dash_tbl_01833,std_tbl_00156,gob_tbl_02181,dlk_tbl_00820,gob_tbl_00690,dash_tbl_01554,gob_tbl_01170;9;gob_tbl_01365,proc_tbl_01346,dlk_tbl_01148,dlk_tbl_01350,dash_tbl_00474,gob_ext_00138,gob_ext_00325,gob_ext_00183,dlk_ext_00003
dlk_proceso_0326;2;dlk_tbl_01286,gob_tbl_01341;13;gob_tbl_01779,dlk_tbl_01524,gob_tbl_01801,gob_tbl_00172,gob_tbl_02023,dlk_tbl_01815,dlk_tbl_01468,gob_ext_00014,gob_ext_00017,dlk_ext_00154,gob_ext_00302,gob_ext_00125,dlk_ext_00118
gob_proceso_0327;5;gob_tbl_00078,dlk_tbl_00095,dash_tbl_02049,gob_tbl_01225,proc_tbl_02056;8;proc_tbl_02043,dlk_tbl_01878,gob_tbl_01099,dlk_tbl_00841,dlk_tbl_00162,dash_ext_00123,dlk_ext_00304,dash_ext_00136
dlk_proceso_0328;3;gob_tbl_01732,dlk_tbl_00280,gob_tbl_00099;12;gob_tbl_00592,std_tbl_02046,dlk_tbl_01905,gob_tbl_02019,dlk_tbl_01206,std_tbl_01369,dash_tbl_00735,dash_ext_00330,dlk_ext_00321,dlk_ext_00212,gob_ext_00274,gob_ext_00098
gob_proceso_0329;6;gob_tbl_01452,gob_tbl_02108,proc_tbl_00779,dash_tbl_01621,dlk_tbl_01666,dlk_tbl_00267;10;gob_tbl_00584,gob_tbl_01397,proc_tbl_01458,dash_tbl_01903,dlk_tbl_01253,dash_tbl_00502,gob_ext_00072,dlk_ext_00077,gob_ext_00002,dlk_ext_00283
dlk_proceso_0330;5;gob_tbl_01185,dlk_tbl_00734,gob_tbl_01411,dlk_tbl_02069,gob_tbl_00263;8;gob_tbl_01331,proc_tbl_02056,gob_tbl_01279,gob_tbl_01124,dlk_tbl_01936,dlk_ext_00148,gob_ext_00008,dash_ext_00007
proc_proceso_0331;3;dash_tbl_01928,gob_tbl_02159,proc_tbl_00240;15;gob_tbl_00375,gob_tbl_01957,proc_tbl_00391,dash_tbl_01216,m4sco_tbl_00649,dlk_tbl_00399,gob_tbl_01417,dlk_tbl_01979,gob_tbl_01320,gob_ext_00349,gob_ext_00092,proc_ext_00022,gob_ext_00098,gob_ext_00204,proc_ext_00200
gob_proceso_0332;6;dlk_tbl_00810,dash_tbl_01843,dash_tbl_00864,dlk_tbl_01359,dlk_tbl_01805,proc_tbl_00888;12;gob_tbl_00281,dlk_tbl_00548,dlk_tbl_02044,dash_tbl_01988,gob_tbl_00736,dlk_tbl_00062,gob_tbl_00686,dlk_ext_00023,gob_ext_00334,gob_ext_00247,gob_ext_00172,dlk_ext_00100
gob_proceso_0333;3;dash_tbl_01086,gob_tbl_02150,gob_tbl_01883;8;dlk_tbl_00152,dlk_tbl_01266,gob_tbl_01135,std_tbl_00449,dlk_tbl_01580,gob_ext_00125,proc_ext_00050,proc_ext_00343
dlk_proceso_0334;2;gob_tbl_00361,gob_tbl_01738;13;m4vw_tbl_00324,dlk_tbl_01710,gob_tbl_01046,gob_tbl_02099,dlk_tbl_00920,dlk_tbl_00734,dlk_tbl_00553,gob_ext_00302,gob_ext_00164,dlk_ext_00229,proc_ext_00171,gob_ext_00045,dash_ext_00300
gob_proceso_0335;4;gob_tbl_01227,gob_tbl_01494,dash_tbl_01665,proc_tbl_00769;4;proc_tbl_00028,dash_tbl_01488,ppn_ext_00151,proc_ext_00343
proc_proceso_0336;4;dlk_tbl_01356,gob_tbl_00980,dlk_tbl_00732,std_tbl_01198;12;gob_tbl_00529,dash_tbl_00712,dlk_tbl_01120,dlk_tbl_01266,dash_tbl_01746,m4vw_tbl_00237,dlk_tbl_01878,gob_ext_00204,std_ext_00076,dlk_ext_00061,gob_ext_00167,dash_ext_00009
dlk_proceso_0337;3;gob_tbl_01202,dash_tbl_00771,proc_tbl_01155;12;dlk_tbl_01765,gob_tbl_00471,std_tbl_00224,gob_tbl_01117,dlk_tbl_00377,ppn_tbl_00559,dlk_tbl_00946,dlk_ext_00159,gob_ext_00045,dlk_ext_00100,proc_ext_00054,gob_ext_00177
dlk_proceso_0338;7;gob_tbl_00686,gob_tbl_01383,gob_tbl_00646,ppn_tbl_01623,dlk_tbl_00992,proc_tbl_01026,dlk_tbl_00273;9;m4vw_tbl_01526,m4vw_tbl_01481,gob_tbl_01599,dlk_tbl_00730,gob_tbl_00535,gob_ext_00281,gob_ext_00071,ppn_ext_00151,gob_ext_00275
proc_proceso_0339;5;proc_tbl_00408,gob_tbl_01365,dlk_tbl_00591,dlk_tbl_02134,dlk_tbl_01542;9;dlk_tbl_01326,dlk_tbl_00238,dlk_tbl_01362,gob_tbl_01961,dlk_tbl_01728,gob_ext_00213,proc_ext_00362,proc_ext_00013,dash_ext_00009
dlk_proceso_0340;3;gob_tbl_00514,gob_tbl_01135,gob_tbl_01075;6;dlk_tbl_00259,gob_tbl_01469,dlk_tbl_00496,gob_ext_00002,gob_ext_00089,dlk_ext_00107
gob_proceso_0341;7;gob_tbl_00461,gob_tbl_01913,dash_tbl_00838,dash_tbl_01251,std_tbl_00424,dlk_tbl_00259,dlk_tbl_01955;4;dlk_tbl_00039,gob_tbl_00083,dlk_ext_00264,gob_ext_00052
dlk_proceso_0342;7;dlk_tbl_01671,gob_tbl_00416,proc_tbl_01035,dlk_tbl_01979,gob_tbl_01211,gob_tbl_00226,gob_tbl_01184;10;dash_tbl_01476,dlk_tbl_00137,gob_tbl_00426,gob_tbl_00868,std_tbl_00731,m4vw_tbl_01939,gob_ext_00347,gob_ext_00092,dash_ext_00354,proc_ext_00373
dlk_proceso_0343;7;proc_tbl_01134,gob_tbl_02022,std_tbl_00449,gob_tbl_00722,m4vw_tbl_01761,gob_tbl_01787,std_tbl_01140;9;dash_tbl_00899,gob_tbl_02112,dlk_tbl_01815,proc_tbl_01691,proc_tbl_00797,gob_ext_00183,gob_ext_00239,proc_ext_00223,dlk_ext_00145
dlk_proceso_0344;4;dlk_tbl_01421,proc_tbl_00597,dlk_tbl_00604,dlk_tbl_00733;7;dlk_tbl_00820,proc_tbl_02146,proc_tbl_01972,dlk_tbl_01266,gob_ext_00213,dash_ext_00246,proc_ext_00220
proc_proceso_0345;6;dlk_tbl_01942,gob_tbl_00054,gob_tbl_01437,dlk_tbl_01836,dlk_tbl_00127,dlk_tbl_00799;10;std_tbl_01504,std_tbl_01475,gob_tbl_00670,gob_tbl_01375,dlk_tbl_00908,gob_tbl_00868,gob_ext_00164,gob_ext_00045,std_ext_00258,proc_ext_00094
dlk_proceso_0346;5;gob_tbl_00439,gob_tbl_01888,gob_tbl_01582,m4vw_tbl_00568,proc_tbl_00431;12;gob_tbl_01847,dash_tbl_01568,proc_tbl_01223,proc_tbl_01989,dlk_tbl_01191,dlk_tbl_01461,dlk_tbl_00038,gob_ext_00087,gob_ext_00052,dlk_ext_00332,dlk_ext_00282,dlk_ext_00048
dlk_proceso_0347;3;gob_tbl_02141,gob_tbl_00774,proc_tbl_01171;11;gob_tbl_01335,gob_tbl_00481,dlk_tbl_01566,proc_tbl_00245,dlk_tbl_00785,gob_tbl_00172,gob_ext_00298,gob_ext_00326,dlk_ext_00095,dash_ext_00296,gob_ext_00295
proc_proceso_0348;4;proc_tbl_02045,proc_tbl_00586,proc_tbl_01346,gob_tbl_01182;11;dlk_tbl_00137,dash_tbl_00998,proc_tbl_02124,std_tbl_01198,gob_tbl_02084,dash_tbl_00712,gob_ext_00338,dlk_ext_00100,dlk_ext_00113,dash_ext_00136,dlk_ext_00299
dash_proceso_0349;4;dlk_tbl_00111,dlk_tbl_01550,dlk_tbl_00413,gob_tbl_00851;5;dlk_tbl_01194,dlk_tbl_01915,gob_tbl_00492,gob_ext_00092,proc_ext_00152
proc_proceso_0350;4;proc_tbl_00215,gob_tbl_02084,proc_tbl_00149,proc_tbl_00337;6;dlk_tbl_00088,dlk_tbl_01994,gob_tbl_01372,gob_ext_00308,gob_ext_00038,dlk_ext_00190
dlk_proceso_0351;6;dash_tbl_01488,gob_tbl_00748,gob_tbl_00569,m4vw_tbl_01916,dlk_tbl_00828,gob_tbl_00703;13;m4vw_tbl_01422,gob_tbl_00426,proc_tbl_00537,dlk_tbl_01742,m4vw_tbl_00501,dlk_tbl_01566,proc_tbl_00641,dash_ext_00340,proc_ext_00090,dlk_ext_00264,gob_ext_00125,gob_ext_00149,proc_ext_00311
proc_proceso_0352;2;proc_tbl_01151,gob_tbl_00825;5;gob_tbl_01644,gob_tbl_00902,dash_tbl_01249,dlk_ext_00283,gob_ext_00281
dlk_proceso_0353;2;proc_tbl_00452,gob_tbl_01371;9;dlk_tbl_00685,gob_tbl_00584,dlk_tbl_02166,dlk_tbl_00434,dlk_tbl_00174,m4sco_ext_00361,dlk_ext_00299,dash_ext_00192,proc_ext_00137
dlk_proceso_0354;2;dash_tbl_01154,dash_tbl_01403;15;proc_tbl_01280,gob_tbl_01003,gob_tbl_02121,gob_tbl_00056,dlk_tbl_00536,gob_tbl_01332,proc_tbl_00546,proc_tbl_00962,proc_tbl_01664,gob_ext_00326,m4sco_ext_00361,dash_ext_00015,proc_ext_00238,gob_ext_00044,gob_ext_00087
dlk_proceso_0355;4;proc_tbl_01321,dash_tbl_01183,dash_tbl_02059,m4sco_tbl_00511;11;gob_tbl_01847,dlk_tbl_00665,dlk_tbl_02107,proc_tbl_01123,dash_tbl_00773,gob_tbl_00879,proc_ext_00105,proc_ext_00200,gob_ext_00187,dlk_ext_00128,gob_ext_00267
gob_proceso_0356;4;proc_tbl_01497,dlk_tbl_00456,proc_tbl_00579,dlk_tbl_00040;6;dash_tbl_01216,proc_tbl_01541,gob_tbl_01271,proc_ext_00104,proc_ext_00022,ppn_ext_00106
proc_proceso_0357;5;gob_tbl_00288,gob_tbl_00822,gob_tbl_00216,gob_tbl_01143,dash_tbl_00373;7;gob_tbl_01952,dlk_tbl_02095,proc_tbl_01505,proc_tbl_01029,dlk_ext_00067,dlk_ext_00318,gob_ext_00078
gob_proceso_0358;4;gob_tbl_00092,gob_tbl_01975,gob_tbl_00947,dash_tbl_01709;10;proc_tbl_01904,gob_tbl_01363,gob_tbl_00514,gob_tbl_02019,dlk_tbl_01390,std_tbl_01733,gob_ext_00347,proc_ext_00104,gob_ext_00326,std_ext_00268
dlk_proceso_0359;4;gob_tbl_02074,gob_tbl_01334,proc_tbl_01949,gob_tbl_00705;9;dlk_tbl_01651,proc_tbl_01324,dlk_tbl_00162,gob_tbl_01008,dlk_tbl_01226,dash_ext_00340,dlk_ext_00107,dlk_ext_00128,dlk_ext_00318
gob_proceso_0360;4;gob_tbl_00208,gob_tbl_00380,dash_tbl_00845,proc_tbl_00438;10;dlk_tbl_01643,dlk_tbl_01361,dlk_tbl_00230,gob_tbl_00426,gob_tbl_01345,dash_tbl_00484,gob_ext_00262,proc_ext_00311,gob_ext_00374,dlk_ext_00208
dlk_proceso_0361;5;dlk_tbl_01741,std_tbl_00812,proc_tbl_01505,gob_tbl_01402,dlk_tbl_01281;13;gob_tbl_01279,dlk_tbl_01268,dlk_tbl_00530,gob_tbl_01731,dlk_tbl_02010,dlk_tbl_01696,dlk_tbl_00692,gob_ext_00267,proc_ext_00201,dlk_ext_00162,dlk_ext_00207,gob_ext_00125,dlk_ext_00119
proc_proceso_0362;4;dlk_tbl_01061,proc_tbl_02015,dlk_tbl_00607,proc_tbl_01091;8;dash_tbl_01686,gob_tbl_00161,gob_tbl_00918,gob_tbl_00506,gob_tbl_01259,proc_ext_00171,dlk_ext_00321,gob_ext_00034
proc_proceso_0363;3;dlk_tbl_01641,gob_tbl_01679,dlk_tbl_00012;13;dlk_tbl_00309,dlk_tbl_01711,dlk_tbl_00794,dlk_tbl_01983,gob_tbl_01011,dlk_tbl_00905,dlk_tbl_01326,gob_ext_00247,dlk_ext_00048,dlk_ext_00148,dlk_ext_00221,dlk_ext_00292,dlk_ext_00118
proc_proceso_0364;3;gob_tbl_01977,gob_tbl_00557,gob_tbl_00657;9;dlk_tbl_01778,dlk_tbl_01711,dash_tbl_01022,dlk_tbl_00883,gob_tbl_01860,dlk_ext_00229,gob_ext_00002,gob_ext_00043,ppn_ext_00151
gob_proceso_0365;3;gob_tbl_01561,dlk_tbl_01319,gob_tbl_00585;13;dlk_tbl_00390,gob_tbl_01831,dlk_tbl_01467,dlk_tbl_00066,gob_tbl_01068,gob_tbl_01557,dlk_tbl_01078,dlk_ext_00342,m4vw_ext_00339,proc_ext_00220,std_ext_00074,std_ext_00243,dlk_ext_00304
proc_proceso_0366;4;gob_tbl_02144,gob_tbl_00248,dlk_tbl_01352,gob_tbl_01831;11;proc_tbl_02045,proc_tbl_01207,proc_tbl_01034,gob_tbl_00879,gob_tbl_01124,gob_tbl_01375,m4sco_ext_00329,dlk_ext_00056,gob_ext_00248,m4vw_ext_00083,proc_ext_00127
dlk_proceso_0367;5;proc_tbl_01799,gob_tbl_01644,proc_tbl_00546,gob_tbl_00689,dlk_tbl_01009;8;gob_tbl_00613,dlk_tbl_01237,gob_tbl_01773,gob_tbl_01591,gob_tbl_01921,gob_ext_00289,dlk_ext_00005,gob_ext_00188
proc_proceso_0368;3;std_tbl_01938,gob_tbl_01499,dlk_tbl_00308;7;proc_tbl_01887,proc_tbl_02015,m4sco_tbl_01333,dlk_tbl_00095,gob_ext_00044,gob_ext_00087,dash_ext_00246
proc_proceso_0369;5;dlk_tbl_02152,dlk_tbl_01212,gob_tbl_00672,proc_tbl_02009,dash_tbl_01971;12;proc_tbl_01310,dlk_tbl_01789,gob_tbl_01832,dlk_tbl_00018,gob_tbl_01145,gob_tbl_00912,dlk_tbl_00809,gob_ext_00281,gob_ext_00302,dash_ext_00160,dlk_ext_00376,gob_ext_00078
dlk_proceso_0370;2;gob_tbl_00124,proc_tbl_00658;9;proc_tbl_02015,dlk_tbl_00443,dash_tbl_01300,proc_tbl_00034,dlk_tbl_01681,gob_ext_00087,dlk_ext_00041,proc_ext_00022,gob_ext_00368
dash_proceso_0371;5;proc_tbl_00801,gob_tbl_01027,dash_tbl_00055,dlk_tbl_00917,gob_tbl_01192;7;gob_tbl_02008,gob_tbl_01407,gob_tbl_00282,dlk_tbl_01510,gob_ext_00286,dash_ext_00255,gob_ext_00188
dlk_proceso_0372;5;dlk_tbl_00995,dlk_tbl_00197,dlk_tbl_00182,gob_tbl_01923,dlk_tbl_00120;8;dlk_tbl_01399,m4vw_tbl_02037,gob_tbl_01977,dlk_tbl_01798,m4vw_tbl_00568,gob_ext_00093,gob_ext_00110,gob_ext_00286
dlk_proceso_0373;2;gob_tbl_00953,gob_tbl_02123;15;proc_tbl_00508,dlk_tbl_00279,proc_tbl_01040,dlk_tbl_00764,dlk_tbl_01382,gob_tbl_00056,proc_tbl_01207,dlk_tbl_00730,dash_tbl_01686,proc_ext_00129,proc_ext_00022,gob_ext_00044,gob_ext_00082,m4sco_ext_00361,dlk_ext_00010
dlk_proceso_0374;4;proc_tbl_01553,gob_tbl_00118,gob_tbl_00426,proc_tbl_00200;7;dlk_tbl_00267,gob_tbl_00890,proc_tbl_01034,dlk_tbl_01872,dlk_ext_00376,gob_ext_00121,gob_ext_00043
dlk_proceso_0375;6;dlk_tbl_01457,std_tbl_01263,gob_tbl_01124,gob_tbl_00235,dlk_tbl_00243,proc_tbl_01932;4;dlk_tbl_00025,std_tbl_01475,gob_ext_00347,dlk_ext_00100
proc_proceso_0376;6;dlk_tbl_01735,dlk_tbl_01729,dlk_tbl_00656,ppn_tbl_00761,dlk_tbl_01059,dlk_tbl_01389;6;dlk_tbl_00443,proc_tbl_01904,dash_tbl_01063,proc_ext_00152,gob_ext_00347,dlk_ext_00212
gob_proceso_0377;6;dlk_tbl_00018,dlk_tbl_00565,proc_tbl_01935,dlk_tbl_00080,dash_tbl_01426,dlk_tbl_01092;5;proc_tbl_00888,dlk_tbl_02093,proc_tbl_00036,dash_ext_00009,proc_ext_00032
dlk_proceso_0378;4;dlk_tbl_01834,gob_tbl_01087,dlk_tbl_00688,dlk_tbl_00063;9;dlk_tbl_01516,dash_tbl_02035,dlk_tbl_00713,proc_tbl_01171,gob_tbl_01714,dash_ext_00285,gob_ext_00197,gob_ext_00275,gob_ext_00204
gob_proceso_0379;2;ppn_tbl_01101,proc_tbl_00599;5;gob_tbl_00208,proc_tbl_01904,proc_tbl_01438,dlk_ext_00146,dlk_ext_00318
gob_proceso_0380;3;dlk_tbl_01872,proc_tbl_00002,dlk_tbl_00750;11;proc_tbl_00888,std_tbl_00812,gob_tbl_01016,proc_tbl_00647,dlk_tbl_00253,dlk_tbl_01821,gob_ext_00034,m4vw_ext_00031,m4vw_ext_00083,dash_ext_00181,dash_ext_00016
gob_proceso_0381;5;gob_tbl_01548,dlk_tbl_00289,gob_tbl_01271,proc_tbl_01677,dlk_tbl_01589;16;gob_tbl_01882,dash_tbl_01216,proc_tbl_00779,gob_tbl_01012,proc_tbl_00901,gob_tbl_00770,gob_tbl_01368,dlk_tbl_00655,gob_tbl_02040,gob_ext_00259,proc_ext_00104,dash_ext_00252,gob_ext_00165,gob_ext_00044,gob_ext_00177,dash_ext_00007
proc_proceso_0382;5;dash_tbl_01168,proc_tbl_00835,dash_tbl_00515,proc_tbl_01324,dlk_tbl_00853;10;ppn_tbl_01084,dlk_tbl_01915,dlk_tbl_01122,gob_tbl_00084,proc_tbl_00593,dash_tbl_01785,gob_ext_00313,gob_ext_00052,gob_ext_00072,proc_ext_00157
dlk_proceso_0383;4;dlk_tbl_01480,dlk_tbl_01870,gob_tbl_00653,gob_tbl_01920;7;dlk_tbl_00241,dlk_tbl_00652,dlk_tbl_00969,gob_tbl_00980,proc_ext_00152,gob_ext_00308,dlk_ext_00271
dlk_proceso_0384;3;gob_tbl_01543,std_tbl_00256,m4vw_tbl_00324;11;m4sco_tbl_00994,dlk_tbl_01648,dlk_tbl_00739,gob_tbl_00879,dash_tbl_01168,std_tbl_00424,gob_ext_00020,proc_ext_00233,gob_ext_00279,dlk_ext_00316,gob_ext_00355
gob_proceso_0385;3;gob_tbl_00855,dlk_tbl_02042,dash_tbl_00336;6;std_tbl_01433,dlk_tbl_00113,m4vw_tbl_00501,proc_ext_00026,dlk_ext_00190,dlk_ext_00146
gob_proceso_0386;3;dash_tbl_01476,gob_tbl_00849,dlk_tbl_01947;8;dlk_tbl_00956,dlk_tbl_00389,dlk_tbl_01194,dash_tbl_00773,gob_tbl_00980,dash_ext_00173,gob_ext_00045,proc_ext_00194
gob_proceso_0387;6;m4vw_tbl_01758,dlk_tbl_01696,dlk_tbl_00930,gob_tbl_02128,dlk_tbl_00940,std_tbl_01540;11;dash_tbl_01269,dlk_tbl_00162,dlk_tbl_00300,dlk_tbl_00241,dash_tbl_01063,m4sco_tbl_01053,gob_ext_00274,gob_ext_00057,gob_ext_00355,dash_ext_00252,std_ext_00243
proc_proceso_0388;8;dlk_tbl_01465,gob_tbl_00021,std_tbl_00632,gob_tbl_00172,dlk_tbl_00711,gob_tbl_00371,proc_tbl_00797,proc_tbl_01453;24;gob_tbl_00552,ppn_tbl_01623,dash_tbl_01686,gob_tbl_01631,dlk_tbl_00301,gob_tbl_01954,std_tbl_01433,gob_tbl_01363,gob_tbl_02104,gob_tbl_00320,dlk_tbl_00942,dlk_tbl_00959,gob_tbl_00439,proc_tbl_02027,proc_ext_00053,gob_ext_00135,dash_ext_00296,gob_ext_00313,proc_ext_00112,dlk_ext_00159,proc_ext_00050,m4vw_ext_00031,dash_ext_00004,dlk_ext_00221
proc_proceso_0389;5;ppn_tbl_01772,dlk_tbl_00877,gob_tbl_00837,dlk_tbl_00983,dlk_tbl_01329;15;gob_tbl_02151,gob_tbl_00463,proc_tbl_02056,ppn_tbl_01387,dlk_tbl_01837,gob_tbl_00103,dlk_tbl_01413,proc_tbl_00519,dash_tbl_01294,dlk_ext_00191,gob_ext_00002,dash_ext_00046,dlk_ext_00190,proc_ext_00350,dash_ext_00214
dlk_proceso_0390;4;proc_tbl_00842,proc_tbl_02178,std_tbl_00319,dash_tbl_01686;10;proc_tbl_00003,dlk_tbl_00841,dash_tbl_00735,proc_tbl_01592,gob_tbl_01460,dlk_tbl_01206,dash_ext_00260,proc_ext_00157,dlk_ext_00128,gob_ext_00178
dash_proceso_0391;2;dlk_tbl_01759,dlk_tbl_01337;5;dash_tbl_00175,gob_tbl_01477,dlk_tbl_01241,dash_ext_00046,gob_ext_00213
dlk_proceso_0392;3;dlk_tbl_01503,proc_tbl_01601,proc_tbl_02053;14;dlk_tbl_00230,dlk_tbl_01535,m4sco_tbl_00827,gob_tbl_01279,gob_tbl_01145,gob_tbl_02108,gob_tbl_00612,gob_tbl_00566,dlk_ext_00077,dash_ext_00021,dlk_ext_00141,proc_ext_00104,proc_ext_00013,proc_ext_00129
gob_proceso_0393;2;dlk_tbl_00883,gob_tbl_01996;7;proc_tbl_01523,proc_tbl_00085,dlk_tbl_00826,std_tbl_01938,gob_ext_00205,proc_ext_00201,dash_ext_00277
dlk_proceso_0394;4;gob_tbl_00789,gob_tbl_01850,std_tbl_02078,m4vw_tbl_00834;13;proc_tbl_01035,gob_tbl_01726,gob_tbl_01142,dlk_tbl_00730,gob_tbl_00902,dash_tbl_00048,gob_tbl_01160,dlk_ext_00318,dlk_ext_00159,dash_ext_00330,dash_ext_00192,proc_ext_00013,gob_ext_00267
gob_proceso_0395;3;proc_tbl_02030,gob_tbl_01522,dash_tbl_02085;6;gob_tbl_01097,gob_tbl_00902,dlk_tbl_00805,gob_ext_00043,proc_ext_00129,dlk_ext_00316
gob_proceso_0396;6;gob_tbl_02098,dlk_tbl_01512,gob_tbl_01698,gob_tbl_00232,std_tbl_00430,gob_tbl_01702;15;gob_tbl_00643,dlk_tbl_00636,proc_tbl_02183,dlk_tbl_02010,gob_tbl_01866,dlk_tbl_00603,dlk_tbl_00548,gob_tbl_02121,gob_tbl_01532,dlk_ext_00118,gob_ext_00092,gob_ext_00368,proc_ext_00094,gob_ext_00308,gob_ext_00365
gob_proceso_0397;4;gob_tbl_01495,dlk_tbl_00117,gob_tbl_00260,proc_tbl_01701;7;gob_tbl_02145,proc_tbl_00016,gob_tbl_01012,dash_tbl_00140,gob_ext_00368,dash_ext_00132,gob_ext_00267
proc_proceso_0398;6;dlk_tbl_00811,dlk_tbl_00982,gob_tbl_01823,dlk_tbl_00457,gob_tbl_02013,proc_tbl_02004;15;gob_tbl_01802,gob_tbl_00736,dash_tbl_00899,dlk_tbl_01468,dash_tbl_01434,gob_tbl_00830,gob_tbl_01279,gob_tbl_01469,std_tbl_00105,proc_ext_00223,gob_ext_00057,dlk_ext_00005,dlk_ext_00162,proc_ext_00233,dlk_ext_00271
dlk_proceso_0399;2;gob_tbl_02151,std_tbl_01513;5;proc_tbl_01040,gob_tbl_01430,proc_tbl_00795,dlk_ext_00146,dlk_ext_00184
proc_proceso_0400;2;dlk_tbl_01783,proc_tbl_01088;12;std_tbl_01493,gob_tbl_00789,gob_tbl_01875,dlk_tbl_00227,gob_tbl_01611,proc_tbl_01989,proc_tbl_01344,gob_ext_00098,dlk_ext_00299,m4sco_ext_00011,proc_ext_00220,dlk_ext_00320
gob_proceso_0401;8;gob_tbl_00907,gob_tbl_01013,proc_tbl_00927,proc_tbl_00593,gob_tbl_00148,gob_tbl_01707,gob_tbl_00535,dlk_tbl_00322;19;proc_tbl_00680,proc_tbl_01620,proc_tbl_00938,dlk_tbl_01915,dash_tbl_00297,gob_tbl_01474,dlk_tbl_00454,dlk_tbl_01510,dash_tbl_01247,gob_tbl_00584,dlk_tbl_00701,gob_ext_00062,dlk_ext_00162,gob_ext_00138,dash_ext_00192,gob_ext_00149,dash_ext_00039,dlk_ext_00006,dlk_ext_00266
proc_proceso_0402;2;proc_tbl_00596,gob_tbl_01832;12;std_tbl_00105,dlk_tbl_00905,gob_tbl_00495,gob_tbl_01977,gob_tbl_00902,dash_tbl_00513,proc_tbl_00593,dlk_ext_00107,gob_ext_00164,gob_ext_00002,gob_ext_00308,dlk_ext_00207
dlk_proceso_0403;7;gob_tbl_01156,dlk_tbl_00185,dlk_tbl_01835,dlk_tbl_00133,dash_tbl_00061,dlk_tbl_01605,dlk_tbl_01235;15;proc_tbl_01462,gob_tbl_01016,gob_tbl_00475,proc_tbl_01813,gob_tbl_01818,dlk_tbl_01241,m4vw_tbl_00014,gob_tbl_00729,dash_tbl_00712,gob_ext_00030,proc_ext_00179,proc_ext_00233,gob_ext_00241,gob_ext_00309,m4vw_ext_00083
gob_proceso_0404;3;dlk_tbl_01727,dash_tbl_00020,std_tbl_00222;14;gob_tbl_00891,dlk_tbl_01038,dlk_tbl_00035,proc_tbl_01693,gob_tbl_00702,gob_tbl_00198,dlk_tbl_01968,gob_tbl_01731,gob_ext_00267,gob_ext_00254,dash_ext_00358,gob_ext_00172,dash_ext_00021,gob_ext_00092
dlk_proceso_0405;4;dlk_tbl_02147,proc_tbl_01379,dash_tbl_01400,gob_tbl_02101;6;gob_tbl_01332,gob_tbl_00387,gob_tbl_01670,gob_ext_00281,gob_ext_00346,dlk_ext_00191
gob_proceso_0406;3;gob_tbl_01962,gob_tbl_01599,gob_tbl_00584;10;gob_tbl_00006,dlk_tbl_00443,gob_tbl_02128,dlk_tbl_00775,ppn_tbl_01865,gob_tbl_01407,m4vw_ext_00083,dlk_ext_00056,gob_ext_00289,ppn_ext_00151
dlk_proceso_0407;2;gob_tbl_00282,proc_tbl_00985;9;std_tbl_00632,dlk_tbl_00306,dlk_tbl_00377,dash_tbl_02035,dlk_tbl_01754,dlk_ext_00019,gob_ext_00262,std_ext_00240,gob_ext_00164
dlk_proceso_0408;2;dash_tbl_01410,gob_tbl_00483;6;dlk_tbl_00109,dlk_tbl_01049,dlk_tbl_01871,gob_ext_00374,gob_ext_00045,dlk_ext_00189
dlk_proceso_0409;5;proc_tbl_01353,proc_tbl_00016,gob_tbl_00058,dlk_tbl_00181,gob_tbl_00935;8;dlk_tbl_00241,gob_tbl_02161,gob_tbl_00483,proc_tbl_00397,proc_tbl_01091,gob_ext_00120,dlk_ext_00134,gob_ext_00365
proc_proceso_0410;4;dlk_tbl_00221,gob_tbl_01246,proc_tbl_00034,dlk_tbl_00011;10;gob_tbl_01883,dlk_tbl_00809,dlk_tbl_01186,dlk_tbl_01149,gob_tbl_01258,gob_tbl_01355,dash_ext_00173,gob_ext_00378,gob_ext_00274,gob_ext_00073
gob_proceso_0411;5;proc_tbl_02068,dlk_tbl_01277,dash_tbl_02136,dash_tbl_00899,dlk_tbl_00364;14;dash_tbl_00145,dlk_tbl_01884,dash_tbl_02086,proc_tbl_00537,dlk_tbl_01515,dlk_tbl_01735,dlk_tbl_00582,proc_tbl_01505,gob_ext_00281,gob_ext_00347,dlk_ext_00272,proc_ext_00223,gob_ext_00204,dlk_ext_00128
gob_proceso_0412;4;dlk_tbl_01619,gob_tbl_00600,proc_tbl_01701,gob_tbl_01695;10;gob_tbl_01951,dlk_tbl_00390,gob_tbl_01296,dlk_tbl_01859,gob_tbl_01740,dlk_tbl_01931,gob_ext_00008,gob_ext_00267,dlk_ext_00185,gob_ext_00170
dlk_proceso_0413;4;gob_tbl_01384,dlk_tbl_01990,dlk_tbl_00946,gob_tbl_00295;4;gob_tbl_02087,proc_tbl_01601,gob_ext_00248,gob_ext_00338
dlk_proceso_0414;3;dash_tbl_01257,proc_tbl_02043,proc_tbl_00217;9;proc_tbl_00497,proc_tbl_00291,gob_tbl_01744,std_tbl_01518,gob_tbl_01549,dlk_ext_00332,gob_ext_00345,dash_ext_00330,ppn_ext_00151
proc_proceso_0415;8;dlk_tbl_00343,gob_tbl_01658,gob_tbl_00928,gob_tbl_00122,dash_tbl_00187,gob_tbl_01388,proc_tbl_00391,gob_tbl_01031;5;dash_tbl_00861,gob_tbl_01961,proc_tbl_01700,gob_ext_00274,gob_ext_00334
dlk_proceso_0416;5;dash_tbl_01022,dlk_tbl_00268,dlk_tbl_01274,dlk_tbl_00988,dlk_tbl_00836;9;dlk_tbl_01392,dlk_tbl_01391,proc_tbl_01807,dlk_tbl_02010,dlk_tbl_02064,gob_ext_00333,dlk_ext_00189,gob_ext_00241,dash_ext_00140
dlk_proceso_0417;3;dlk_tbl_01796,gob_tbl_02145,proc_tbl_00527;6;dlk_tbl_00802,std_tbl_01565,dlk_tbl_00982,gob_ext_00235,gob_ext_00236,gob_ext_00177
dlk_proceso_0418;8;dash_tbl_01434,dlk_tbl_01448,m4sco_tbl_01960,proc_tbl_00662,proc_tbl_00560,proc_tbl_02124,gob_tbl_01015,gob_tbl_00696;9;proc_tbl_01066,gob_tbl_01802,std_tbl_01938,std_tbl_01290,proc_tbl_02109,dlk_ext_00356,gob_ext_00348,gob_ext_00308,dlk_ext_00276
dlk_proceso_0419;3;dlk_tbl_01998,proc_tbl_00519,gob_tbl_00964;12;dlk_tbl_00272,proc_tbl_01131,dlk_tbl_00080,dlk_tbl_00402,dlk_tbl_01946,gob_tbl_01861,dlk_tbl_00840,dlk_ext_00244,proc_ext_00032,dash_ext_00285,dash_ext_00354,dash_ext_00181
gob_proceso_0420;6;proc_tbl_01409,gob_tbl_00814,dlk_tbl_01395,gob_tbl_01103,dlk_tbl_00767,gob_tbl_01534;11;dlk_tbl_00565,gob_tbl_01322,dlk_tbl_02097,proc_tbl_01447,gob_tbl_01106,dlk_tbl_00027,gob_ext_00267,std_ext_00258,gob_ext_00082,dlk_ext_00316,dlk_ext_00332
proc_proceso_0421;2;gob_tbl_00669,proc_tbl_01768;7;gob_tbl_00183,ppn_tbl_01531,dlk_tbl_00921,gob_tbl_01822,gob_ext_00121,gob_ext_00262,dlk_ext_00041
gob_proceso_0422;3;gob_tbl_01455,dlk_tbl_00241,gob_tbl_01921;5;dlk_tbl_01943,gob_tbl_00687,gob_tbl_01195,gob_ext_00078,dlk_ext_00118
dlk_proceso_0423;2;m4vw_tbl_00829,gob_tbl_01335;20;dlk_tbl_00746,gob_tbl_00466,gob_tbl_01825,gob_tbl_00203,dash_tbl_00168,ppn_tbl_00250,dlk_tbl_01429,dlk_tbl_01511,gob_tbl_00830,gob_tbl_00912,gob_tbl_00643,dash_tbl_01686,m4vw_ext_00083,gob_ext_00121,gob_ext_00149,std_ext_00370,gob_ext_00089,proc_ext_00079,std_ext_00076,dlk_ext_00012
gob_proceso_0424;5;dlk_tbl_02169,gob_tbl_02104,dlk_tbl_00317,dlk_tbl_00572,dash_tbl_00967;19;dlk_tbl_00565,gob_tbl_01347,dash_tbl_00998,dlk_tbl_00355,gob_tbl_00005,dlk_tbl_02058,dlk_tbl_00009,gob_tbl_00139,gob_tbl_01460,gob_tbl_00621,dlk_tbl_00162,gob_ext_00073,gob_ext_00078,dash_ext_00363,proc_ext_00195,gob_ext_00187,gob_ext_00008,gob_ext_00341,gob_ext_00057
dlk_proceso_0425;5;dlk_tbl_00110,dlk_tbl_00887,proc_tbl_01054,dash_tbl_00170,dlk_tbl_00275;10;dlk_tbl_01510,ppn_tbl_00559,std_tbl_00101,gob_tbl_01375,dlk_tbl_01006,proc_tbl_00962,dash_ext_00280,proc_ext_00143,gob_ext_00286,proc_ext_00053
dlk_proceso_0426;3;proc_tbl_01826,gob_tbl_01372,gob_tbl_00882;13;gob_tbl_01860,dlk_tbl_00762,m4sco_tbl_00017,dlk_tbl_01917,m4vw_tbl_01939,dlk_tbl_01467,dash_tbl_01538,proc_ext_00311,m4vw_ext_00031,proc_ext_00373,dash_ext_00192,dlk_ext_00332,gob_ext_00183
proc_proceso_0427;6;dlk_tbl_01780,dlk_tbl_00480,gob_tbl_01113,gob_tbl_00754,gob_tbl_01016,dlk_tbl_00434;11;dlk_tbl_01389,proc_tbl_01982,dlk_tbl_00972,gob_tbl_01279,dash_tbl_02136,proc_tbl_01029,gob_ext_00158,gob_ext_00172,std_ext_00059,dlk_ext_00208,gob_ext_00169
gob_proceso_0428;6;gob_tbl_01590,proc_tbl_00076,gob_tbl_01278,gob_tbl_00374,dlk_tbl_01293,proc_tbl_00392;13;dlk_tbl_00608,dlk_tbl_00786,dlk_tbl_00826,gob_tbl_01424,dash_tbl_01885,dash_tbl_01894,dlk_tbl_01713,dlk_ext_00283,gob_ext_00267,gob_ext_00217,gob_ext_00230,dash_ext_00280,gob_ext_00378
gob_proceso_0429;6;proc_tbl_02142,gob_tbl_00041,proc_tbl_00813,dash_tbl_01139,dash_tbl_02173,gob_tbl_01276;4;dash_tbl_01909,dlk_tbl_01517,dlk_ext_00119,gob_ext_00172
dlk_proceso_0430;5;gob_tbl_00807,gob_tbl_01195,dlk_tbl_00279,gob_tbl_01952,dlk_tbl_01884;5;gob_tbl_02128,dlk_tbl_00275,ppn_tbl_00417,std_ext_00059,dlk_ext_00315
gob_proceso_0431;6;gob_tbl_00370,dlk_tbl_00107,dlk_tbl_01254,gob_tbl_00278,proc_tbl_00298,gob_tbl_00833;10;gob_tbl_01320,dlk_tbl_00656,gob_tbl_01179,dash_tbl_00055,proc_tbl_00936,gob_tbl_01121,gob_ext_00177,dlk_ext_00229,gob_ext_00072,dash_ext_00214
gob_proceso_0432;5;dlk_tbl_00144,dlk_tbl_02119,gob_tbl_00368,gob_tbl_01756,dash_tbl_00400;8;gob_tbl_00255,dlk_tbl_00582,dlk_tbl_01780,gob_tbl_00686,gob_tbl_01655,gob_ext_00158,gob_ext_00275,std_ext_00074
proc_proceso_0433;4;gob_tbl_00623,dlk_tbl_00832,std_tbl_01661,dlk_tbl_01821;10;dash_tbl_01609,proc_tbl_00926,std_tbl_01855,dlk_tbl_01528,dlk_tbl_00396,proc_tbl_00132,dlk_ext_00376,gob_ext_00110,gob_ext_00178,dlk_ext_00128
dlk_proceso_0434;4;gob_tbl_01966,gob_tbl_01519,gob_tbl_01560,gob_tbl_01869;12;dash_tbl_01529,dlk_tbl_00894,gob_tbl_00078,gob_tbl_00598,proc_tbl_01028,gob_tbl_01271,m4vw_tbl_00568,proc_ext_00053,proc_ext_00171,dlk_ext_00118,dlk_ext_00224,std_ext_00258
dlk_proceso_0435;5;dlk_tbl_01074,proc_tbl_01318,proc_tbl_00353,gob_tbl_01933,dlk_tbl_00707;16;proc_tbl_00233,gob_tbl_00873,proc_tbl_01453,gob_tbl_00477,proc_tbl_01270,dlk_tbl_01186,m4sco_tbl_00987,gob_tbl_01825,gob_tbl_01397,gob_ext_00308,gob_ext_00187,gob_ext_00335,dlk_ext_00219,dlk_ext_00342,dlk_ext_00100,gob_ext_00338
dlk_proceso_0436;4;proc_tbl_01620,dlk_tbl_00075,dlk_tbl_01524,gob_tbl_01108;4;gob_tbl_01952,proc_tbl_00658,dash_ext_00354,gob_ext_00093
dlk_proceso_0437;2;dlk_tbl_01158,gob_tbl_01117;12;gob_tbl_00331,gob_tbl_01570,proc_tbl_00797,dlk_tbl_00826,dash_tbl_00474,dash_tbl_02131,proc_tbl_00901,proc_ext_00090,gob_ext_00038,gob_ext_00062,dash_ext_00004,dlk_ext_00304
dlk_proceso_0438;5;gob_tbl_00333,dlk_tbl_01991,gob_tbl_00747,dash_tbl_00008,m4sco_tbl_01544;5;gob_tbl_00005,proc_tbl_00597,dash_tbl_02072,gob_ext_00170,ppn_ext_00151
dash_proceso_0439;3;dlk_tbl_01004,gob_tbl_01188,gob_tbl_01138;17;proc_tbl_00022,dlk_tbl_01359,dlk_tbl_00268,dlk_tbl_00317,dash_tbl_01529,std_tbl_02046,dlk_tbl_01102,gob_tbl_00370,dash_tbl_00735,gob_tbl_02002,dlk_ext_00070,proc_ext_00013,gob_ext_00228,dash_ext_00227,dash_ext_00123,dlk_ext_00069,gob_ext_00062
dlk_proceso_0440;3;dlk_tbl_00605,proc_tbl_02052,dlk_tbl_00701;8;gob_tbl_01073,gob_tbl_02141,gob_tbl_01986,dlk_tbl_00582,dash_tbl_02001,dash_ext_00330,dlk_ext_00198,dlk_ext_00207
gob_proceso_0441;4;dlk_tbl_01094,m4sco_tbl_00649,dash_tbl_00464,gob_tbl_01215;5;gob_tbl_00722,dlk_tbl_01221,gob_tbl_00791,gob_ext_00267,dlk_ext_00000
gob_proceso_0442;8;gob_tbl_01315,dlk_tbl_00955,dash_tbl_01762,dash_tbl_01304,gob_tbl_00645,dlk_tbl_00440,dlk_tbl_01194,proc_tbl_00441;19;gob_tbl_02003,proc_tbl_02020,dlk_tbl_01262,gob_tbl_01279,gob_tbl_00796,proc_tbl_01593,dlk_tbl_00035,dlk_tbl_01829,dlk_tbl_01468,proc_tbl_00936,gob_tbl_00774,dlk_ext_00283,proc_ext_00193,dlk_ext_00352,m4sco_ext_00011,gob_ext_00308,gob_ext_00170,proc_ext_00026,std_ext_00226
gob_proceso_0443;4;gob_tbl_01825,proc_tbl_01310,m4sco_tbl_00987,gob_tbl_00510;6;gob_tbl_01225,dlk_tbl_01588,dlk_tbl_01119,dlk_ext_00304,gob_ext_00071,dlk_ext_00006
dash_proceso_0444;5;m4vw_tbl_01423,gob_tbl_00005,dlk_tbl_00476,gob_tbl_00192,dlk_tbl_01461;13;gob_tbl_00203,dlk_tbl_00153,dash_tbl_01568,proc_tbl_02015,ppn_tbl_01387,dlk_tbl_01603,gob_tbl_01537,dash_ext_00255,proc_ext_00179,gob_ext_00082,gob_ext_00072,gob_ext_00286,gob_ext_00279
dlk_proceso_0445;9;gob_tbl_01145,dlk_tbl_00528,gob_tbl_00151,dlk_tbl_00663,dlk_tbl_00942,dlk_tbl_01811,gob_tbl_01636,gob_tbl_00131,proc_tbl_01245;14;dlk_tbl_00853,dlk_tbl_01126,std_tbl_01475,proc_tbl_00680,std_tbl_00329,proc_tbl_00926,proc_tbl_02146,dlk_tbl_00241,gob_ext_00217,dlk_ext_00304,dlk_ext_00116,dlk_ext_00292,gob_ext_00338,gob_ext_00082
proc_proceso_0446;5;dash_tbl_01585,dash_tbl_00383,gob_tbl_00201,m4sco_tbl_01367,dlk_tbl_00025;14;gob_tbl_00979,dlk_tbl_00971,dlk_tbl_00547,proc_tbl_00217,proc_tbl_00487,gob_tbl_00426,ppn_tbl_00417,gob_tbl_00844,dash_ext_00296,gob_ext_00062,gob_ext_00284,gob_ext_00155,dash_ext_00130,gob_ext_00378
gob_proceso_0447;3;m4sco_tbl_00531,proc_tbl_01972,ppn_tbl_00269;12;dash_tbl_01762,dlk_tbl_01266,dlk_tbl_00618,proc_tbl_00721,gob_tbl_01962,dlk_tbl_00982,dlk_tbl_00884,ppn_ext_00151,gob_ext_00267,gob_ext_00275,gob_ext_00089,gob_ext_00150
dash_proceso_0448;6;gob_tbl_00292,dlk_tbl_00384,dlk_tbl_01535,dash_tbl_00453,std_tbl_01405,gob_tbl_00359;15;dlk_tbl_02134,gob_tbl_00236,m4sco_tbl_01806,dlk_tbl_01479,ppn_tbl_00269,gob_tbl_01332,dlk_tbl_01993,dlk_tbl_01004,std_tbl_00430,dash_ext_00260,dlk_ext_00292,proc_ext_00179,dlk_ext_00283,gob_ext_00378,std_ext_00370
dlk_proceso_0449;4;gob_tbl_01954,gob_tbl_00743,dlk_tbl_00694,dlk_tbl_01650;7;dlk_tbl_00421,dlk_tbl_00275,dlk_tbl_01936,gob_tbl_01339,proc_ext_00036,gob_ext_00125,dlk_ext_00128
proc_proceso_0450;6;m4vw_tbl_00014,dlk_tbl_01109,gob_tbl_02161,gob_tbl_01595,gob_tbl_01460,dlk_tbl_00804;15;dlk_tbl_01542,m4vw_tbl_01916,gob_tbl_00670,dlk_tbl_00668,gob_tbl_01160,dlk_tbl_00756,dlk_tbl_01993,proc_tbl_01982,gob_tbl_01417,gob_ext_00187,dlk_ext_00107,proc_ext_00238,proc_ext_00026,m4sco_ext_00329,gob_ext_00248
dlk_proceso_0451;5;proc_tbl_01924,dlk_tbl_00972,dlk_tbl_00800,gob_tbl_00490,gob_tbl_01330;16;proc_tbl_00271,std_tbl_01518,dlk_tbl_01078,dlk_tbl_01990,gob_tbl_00980,gob_tbl_01048,dlk_tbl_00396,gob_tbl_01012,dlk_tbl_01413,dash_ext_00293,proc_ext_00037,gob_ext_00333,gob_ext_00177,gob_ext_00044,dlk_ext_00019,gob_ext_00204
dlk_proceso_0452;7;gob_tbl_01882,dlk_tbl_01569,gob_tbl_01012,proc_tbl_01250,gob_tbl_00350,dlk_tbl_00786,gob_tbl_00422;9;gob_tbl_00499,gob_tbl_01556,gob_tbl_00506,gob_tbl_00354,dlk_tbl_00717,gob_ext_00295,dash_ext_00130,gob_ext_00328,dash_ext_00330
gob_proceso_0453;3;m4sco_tbl_02170,gob_tbl_00948,dlk_tbl_00713;11;dlk_tbl_00975,dlk_tbl_00605,std_tbl_01504,dlk_tbl_00819,dash_tbl_01843,dlk_tbl_00062,proc_ext_00211,gob_ext_00295,dash_ext_00330,proc_ext_00171,dlk_ext_00100
gob_proceso_0454;4;proc_tbl_00310,gob_tbl_00102,gob_tbl_00057,gob_tbl_00913;6;dash_tbl_00341,ppn_tbl_00559,proc_tbl_00431,dlk_ext_00304,dash_ext_00246,gob_ext_00043
dlk_proceso_0455;2;gob_tbl_00539,gob_tbl_01810;12;dlk_tbl_01753,dlk_tbl_01871,dlk_tbl_01356,gob_tbl_01048,proc_tbl_00852,proc_tbl_00901,gob_tbl_01591,proc_ext_00013,gob_ext_00082,dlk_ext_00019,dash_ext_00123,dlk_ext_00283
gob_proceso_0456;7;gob_tbl_02148,gob_tbl_01464,dash_tbl_01584,dlk_tbl_02071,gob_tbl_01840,dlk_tbl_01057,proc_tbl_01751;9;dlk_tbl_01536,dash_tbl_00055,dlk_tbl_01083,gob_tbl_01977,gob_tbl_00354,dash_ext_00015,dlk_ext_00316,proc_ext_00053,gob_ext_00334
dlk_proceso_0457;4;dlk_tbl_00876,dlk_tbl_00594,dlk_tbl_00530,dlk_tbl_01742;12;proc_tbl_02029,proc_tbl_01751,proc_tbl_00217,dlk_tbl_00258,proc_tbl_00727,gob_tbl_01549,std_tbl_01938,dlk_ext_00128,gob_ext_00259,gob_ext_00378,gob_ext_00295,gob_ext_00334
dlk_proceso_0458;3;proc_tbl_01533,gob_tbl_00976,gob_tbl_01656;9;gob_tbl_01962,m4sco_tbl_01228,proc_tbl_00085,dlk_tbl_01681,proc_tbl_01620,dlk_ext_00376,dlk_ext_00048,dash_ext_00285,dlk_ext_00146
dlk_proceso_0459;2;std_tbl_00105,dlk_tbl_01520;9;proc_tbl_00215,proc_tbl_02142,proc_tbl_01685,gob_tbl_00770,gob_tbl_01522,proc_ext_00317,dash_ext_00285,dash_ext_00340,std_ext_00250
proc_proceso_0460;3;gob_tbl_00376,dlk_tbl_02005,dlk_tbl_00652;8;gob_tbl_00091,dlk_tbl_00197,dlk_tbl_01536,gob_tbl_00041,gob_tbl_00119,dlk_ext_00249,std_ext_00360,dash_ext_00123
dlk_proceso_0461;2;proc_tbl_01770,dlk_tbl_00309;6;dash_tbl_00577,dlk_tbl_00684,gob_tbl_01156,proc_ext_00211,std_ext_00360,gob_ext_00301
gob_proceso_0462;3;gob_tbl_00970,dlk_tbl_01342,proc_tbl_00962;13;gob_tbl_00490,m4sco_tbl_00556,dlk_tbl_01081,gob_tbl_00626,proc_tbl_01379,dlk_tbl_00605,dash_tbl_01400,dash_ext_00176,gob_ext_00298,gob_ext_00197,gob_ext_00257,proc_ext_00238,proc_ext_00343
dlk_proceso_0463;7;gob_tbl_00780,dlk_tbl_00984,gob_tbl_00481,dlk_tbl_01910,dash_tbl_01776,gob_tbl_00787,proc_tbl_01024;10;gob_tbl_00623,proc_tbl_00909,proc_tbl_01265,gob_tbl_00843,std_tbl_00847,std_tbl_00101,gob_ext_00169,gob_ext_00082,m4vw_ext_00031,dash_ext_00202
dlk_proceso_0464;6;proc_tbl_00455,m4vw_tbl_01164,m4sco_tbl_01863,dlk_tbl_02130,gob_tbl_00394,gob_tbl_00006;11;proc_tbl_02020,dash_tbl_01410,dlk_tbl_00701,gob_tbl_01556,dash_tbl_01762,dlk_tbl_01743,m4sco_ext_00361,proc_ext_00373,gob_ext_00044,gob_ext_00274,m4vw_ext_00336
dlk_proceso_0465;3;dlk_tbl_00543,proc_tbl_02180,gob_tbl_01219;12;gob_tbl_00948,gob_tbl_00053,gob_tbl_01818,proc_tbl_01685,m4sco_tbl_00987,proc_tbl_00611,gob_tbl_00006,proc_ext_00199,dash_ext_00280,gob_ext_00295,dash_ext_00181,gob_ext_00082
dlk_proceso_0466;3;gob_tbl_01957,dlk_tbl_00903,dlk_tbl_00033;9;gob_tbl_02163,dlk_tbl_01178,gob_tbl_01802,dlk_tbl_01329,gob_tbl_01471,dlk_ext_00055,gob_ext_00066,dash_ext_00285,gob_ext_00326
dlk_proceso_0467;4;std_tbl_01733,gob_tbl_00331,dlk_tbl_00031,dash_tbl_01894;4;dlk_tbl_01681,dlk_tbl_01994,std_ext_00076,dlk_ext_00077
dlk_proceso_0468;5;gob_tbl_00918,dlk_tbl_01587,proc_tbl_01809,dlk_tbl_00933,dlk_tbl_01628;14;dash_tbl_00712,m4vw_tbl_01761,dash_tbl_02035,proc_tbl_00217,gob_tbl_01496,gob_tbl_01779,proc_tbl_01691,proc_tbl_01620,proc_ext_00105,gob_ext_00267,gob_ext_00139,dlk_ext_00264,gob_ext_00071,gob_ext_00274
dlk_proceso_0469;8;gob_tbl_00875,gob_tbl_00499,gob_tbl_00498,proc_tbl_01052,dash_tbl_01909,proc_tbl_01292,gob_tbl_00796,dash_tbl_00015;19;dlk_tbl_01727,dash_tbl_01786,dlk_tbl_02134,m4vw_tbl_00213,std_tbl_01198,dlk_tbl_00253,gob_tbl_00244,proc_tbl_02027,gob_tbl_00426,dlk_tbl_00739,gob_tbl_01818,gob_ext_00065,std_ext_00243,dlk_ext_00249,std_ext_00059,gob_ext_00089,dlk_ext_00146,proc_ext_00026,dash_ext_00293
dlk_proceso_0470;4;dash_tbl_01357,dlk_tbl_00081,dlk_tbl_01058,std_tbl_00919;10;gob_tbl_00791,dash_tbl_01785,gob_tbl_00729,gob_tbl_00687,gob_tbl_01289,dlk_tbl_00087,gob_ext_00237,gob_ext_00215,dash_ext_00340,gob_ext_00279
dlk_proceso_0471;7;ppn_tbl_01084,dlk_tbl_00229,gob_tbl_00360,proc_tbl_00910,gob_tbl_00492,gob_tbl_00706,gob_tbl_01611;11;gob_tbl_01556,proc_tbl_00349,dlk_tbl_00536,gob_tbl_00900,gob_tbl_00814,gob_tbl_01900,gob_ext_00126,dash_ext_00009,dlk_ext_00080,gob_ext_00262,gob_ext_00030
gob_proceso_0472;5;proc_tbl_00432,proc_tbl_02089,gob_tbl_01201,dash_tbl_00257,dlk_tbl_01500;17;proc_tbl_01171,gob_tbl_01330,dlk_tbl_00080,dlk_tbl_01798,dlk_tbl_01517,gob_tbl_00139,dlk_tbl_00162,dlk_tbl_00075,gob_tbl_00444,dlk_tbl_00027,gob_ext_00139,proc_ext_00112,gob_ext_00002,std_ext_00370,gob_ext_00239,proc_ext_00353,gob_ext_00187
gob_proceso_0473;2;gob_tbl_02014,dash_tbl_00474;10;dlk_tbl_00591,proc_tbl_00596,gob_tbl_00654,gob_tbl_00361,proc_tbl_01353,dash_tbl_00648,gob_ext_00183,dash_ext_00354,gob_ext_00082,dlk_ext_00283
gob_proceso_0474;3;proc_tbl_00537,gob_tbl_00737,dlk_tbl_01081;14;dash_tbl_01304,gob_tbl_00251,dlk_tbl_01058,gob_tbl_01202,proc_tbl_01972,dash_tbl_02051,dash_tbl_01745,dash_tbl_00998,gob_ext_00333,gob_ext_00078,dash_ext_00260,gob_ext_00033,gob_ext_00368,dlk_ext_00146
dash_proceso_0475;8;dlk_tbl_01724,dash_tbl_00220,dlk_tbl_00802,gob_tbl_01668,dlk_tbl_00379,dash_tbl_00176,gob_tbl_00621,gob_tbl_01047;23;dlk_tbl_00916,gob_tbl_00287,gob_tbl_00208,dlk_tbl_01803,dlk_tbl_00764,ppn_tbl_00372,proc_tbl_01592,proc_tbl_00215,gob_tbl_00375,dash_tbl_01139,gob_tbl_01614,proc_tbl_00132,dlk_tbl_00652,dlk_ext_00080,ppn_ext_00142,gob_ext_00126,gob_ext_00334,gob_ext_00302,gob_ext_00018,gob_ext_00008,gob_ext_00167,dlk_ext_00208,dash_ext_00263
dash_proceso_0476;4;dash_tbl_00968,dash_tbl_00175,gob_tbl_02092,dlk_tbl_00565;6;gob_tbl_00935,dlk_tbl_00039,dlk_tbl_01136,dash_ext_00354,gob_ext_00126,dlk_ext_00377
dlk_proceso_0477;5;gob_tbl_01305,gob_tbl_00798,dlk_tbl_00757,gob_tbl_01652,gob_tbl_01375;8;proc_tbl_00662,gob_tbl_01439,gob_tbl_02003,gob_tbl_02125,dash_tbl_01294,gob_ext_00078,gob_ext_00089,dlk_ext_00118
dlk_proceso_0478;8;gob_tbl_02158,proc_tbl_00209,proc_tbl_01694,dlk_tbl_00212,gob_tbl_00654,dlk_tbl_02044,dlk_tbl_01217,dash_tbl_02048;24;dlk_tbl_00018,gob_tbl_00198,proc_tbl_00950,dlk_tbl_00377,dlk_tbl_00301,dash_tbl_00055,proc_tbl_00149,dlk_tbl_01973,gob_tbl_02070,dlk_tbl_01876,std_tbl_01483,dash_tbl_02072,gob_tbl_01003,ppn_tbl_00115,dlk_ext_00332,gob_ext_00072,gob_ext_00365,std_ext_00076,proc_ext_00022,gob_ext_00275,proc_ext_00131,dash_ext_00255,gob_ext_00326,gob_ext_00236
dash_proceso_0479;6;gob_tbl_00320,dlk_tbl_02000,gob_tbl_01323,dlk_tbl_00167,dlk_tbl_01174,proc_tbl_01311;10;gob_tbl_00490,gob_tbl_01773,gob_tbl_00282,gob_tbl_00970,dlk_tbl_01287,proc_tbl_00022,dlk_ext_00028,proc_ext_00094,dlk_ext_00342,dlk_ext_00266
dlk_proceso_0480;3;dlk_tbl_01657,gob_tbl_00760,gob_tbl_01763;13;dash_tbl_00773,std_tbl_01855,gob_tbl_00535,proc_tbl_01021,gob_tbl_01860,dlk_tbl_01651,dlk_tbl_00194,gob_ext_00165,gob_ext_00168,dlk_ext_00249,ppn_ext_00151,gob_ext_00088,proc_ext_00194
gob_proceso_0481;5;proc_tbl_00036,dlk_tbl_00776,dash_tbl_01529,proc_tbl_02011,dash_tbl_01606;12;proc_tbl_02109,dlk_tbl_00025,dlk_tbl_00744,proc_tbl_02146,gob_tbl_01966,dlk_tbl_00906,dlk_tbl_01038,std_ext_00288,dash_ext_00227,dlk_ext_00307,dlk_ext_00080,proc_ext_00343
gob_proceso_0482;5;gob_tbl_00612,dash_tbl_00049,dlk_tbl_00356,proc_tbl_01325,dlk_tbl_02081;17;gob_tbl_01934,dlk_tbl_00443,dash_tbl_01746,dlk_tbl_00227,gob_tbl_02148,dlk_tbl_00811,gob_tbl_01303,dlk_tbl_00572,dlk_tbl_00266,dlk_tbl_00739,m4vw_ext_00031,gob_ext_00197,gob_ext_00178,dash_ext_00277,proc_ext_00137,gob_ext_00093,gob_ext_00204
gob_proceso_0483;4;ppn_tbl_00372,std_tbl_00763,proc_tbl_01982,proc_tbl_00524;6;dlk_tbl_00745,proc_tbl_02009,gob_tbl_01614,dlk_ext_00376,dash_ext_00263,dlk_ext_00282
gob_proceso_0484;4;gob_tbl_00096,gob_tbl_01030,gob_tbl_01537,dlk_tbl_00323;13;dlk_tbl_01266,dlk_tbl_00443,proc_tbl_00590,dlk_tbl_00616,gob_tbl_00183,proc_tbl_00938,dash_tbl_01249,dlk_ext_00242,dlk_ext_00005,gob_ext_00027,std_ext_00059,proc_ext_00233,dlk_ext_00251
dash_proceso_0485;6;gob_tbl_01196,dlk_tbl_01936,dash_tbl_00700,dlk_tbl_00655,gob_tbl_00471,gob_tbl_00116;16;dlk_tbl_01074,dlk_tbl_01741,proc_tbl_00537,dlk_tbl_00730,proc_tbl_02068,dlk_tbl_01789,proc_tbl_01972,dlk_tbl_01604,dlk_tbl_01594,dlk_ext_00095,gob_ext_00030,m4vw_ext_00031,gob_ext_00092,gob_ext_00309,dash_ext_00363,dlk_ext_00040
dlk_proceso_0486;4;std_tbl_01290,dlk_tbl_02120,dash_tbl_00986,gob_tbl_01860;4;proc_tbl_01045,gob_tbl_01234,gob_ext_00002,dlk_ext_00249
gob_proceso_0487;4;dlk_tbl_00429,gob_tbl_00891,dlk_tbl_01014,gob_tbl_00161;3;gob_tbl_00549,gob_tbl_00495,gob_ext_00267
dash_proceso_0488;2;dlk_tbl_00367,std_tbl_00351;7;dlk_tbl_00106,dash_tbl_01885,dlk_tbl_00688,dlk_tbl_00887,dash_ext_00180,gob_ext_00089,gob_ext_00325
dlk_proceso_0489;6;proc_tbl_01459,proc_tbl_00488,proc_tbl_01887,gob_tbl_01755,dlk_tbl_00630,std_tbl_01243;6;gob_tbl_02090,std_tbl_00079,gob_tbl_00490,proc_ext_00147,dash_ext_00280,dash_ext_00285
proc_proceso_0490;5;gob_tbl_01934,gob_tbl_01112,dlk_tbl_01236,gob_tbl_00538,dlk_tbl_02064;13;proc_tbl_00641,std_tbl_01565,gob_tbl_01002,dlk_tbl_01467,proc_tbl_02118,dlk_tbl_02115,proc_tbl_02029,gob_ext_00213,gob_ext_00326,dlk_ext_00207,gob_ext_00197,dlk_ext_00080,std_ext_00059
dlk_proceso_0491;6;proc_tbl_01197,dlk_tbl_00000,dlk_tbl_00001,proc_tbl_01344,m4sco_tbl_01806,gob_tbl_02112;21;gob_tbl_02145,dlk_tbl_00708,proc_tbl_00003,gob_tbl_00406,gob_tbl_00188,gob_tbl_00426,gob_tbl_00173,dlk_tbl_00745,proc_tbl_01324,dlk_tbl_00884,dash_tbl_01244,dlk_tbl_01429,gob_ext_00274,gob_ext_00043,dlk_ext_00319,dash_ext_00174,dlk_ext_00070,gob_ext_00259,dlk_ext_00377,dlk_ext_00264,dash_ext_00340
dlk_proceso_0492;5;gob_tbl_01073,gob_tbl_00898,dlk_tbl_00715,dlk_tbl_00443,proc_tbl_02109;7;dlk_tbl_00916,dlk_tbl_00818,proc_tbl_00215,proc_tbl_01346,proc_ext_00037,proc_ext_00152,dlk_ext_00081
gob_proceso_0493;3;gob_tbl_01801,proc_tbl_00210,gob_tbl_01002;6;proc_tbl_00782,gob_tbl_01443,dlk_tbl_02094,m4sco_ext_00329,proc_ext_00199,dlk_ext_00023
proc_proceso_0494;4;dash_tbl_02001,gob_tbl_00073,dash_tbl_01244,gob_tbl_01162;6;dash_tbl_02072,dlk_tbl_00290,gob_tbl_00376,gob_ext_00047,dlk_ext_00006,gob_ext_00213
dlk_proceso_0495;4;dlk_tbl_02154,proc_tbl_00487,dlk_tbl_01256,proc_tbl_01351;10;gob_tbl_01073,gob_tbl_01322,proc_tbl_00597,gob_tbl_00557,gob_tbl_00657,dash_tbl_00297,gob_ext_00275,dash_ext_00004,gob_ext_00301,dlk_ext_00080
gob_proceso_0496;7;dlk_tbl_01715,gob_tbl_01731,dlk_tbl_01965,gob_tbl_00736,gob_tbl_01445,dlk_tbl_01126,dlk_tbl_00725;6;dash_tbl_00968,gob_tbl_01697,proc_tbl_01311,gob_ext_00164,gob_ext_00222,dlk_ext_00212
dlk_proceso_0497;5;proc_tbl_00587,gob_tbl_01482,gob_tbl_01397,proc_tbl_00721,gob_tbl_01363;16;dlk_tbl_01979,gob_tbl_00945,dlk_tbl_00311,dlk_tbl_01262,std_tbl_00101,proc_tbl_01346,dlk_tbl_02064,dlk_tbl_01728,gob_tbl_00354,dlk_ext_00145,m4sco_ext_00329,proc_ext_00193,dlk_ext_00321,gob_ext_00324,gob_ext_00247,dlk_ext_00316
dlk_proceso_0498;2;dash_tbl_00860,gob_tbl_00868;12;dlk_tbl_00709,proc_tbl_01370,gob_tbl_01432,gob_tbl_01977,gob_tbl_00945,dlk_tbl_00713,gob_tbl_00466,gob_ext_00348,m4vw_ext_00097,dlk_ext_00154,dlk_ext_00023,gob_ext_00374
gob_proceso_0499;4;gob_tbl_00478,std_tbl_00293,dlk_tbl_00377,gob_tbl_00914;9;gob_tbl_00843,gob_tbl_00059,dlk_tbl_02071,dlk_tbl_01723,gob_tbl_00092,dlk_ext_00304,proc_ext_00152,ppn_ext_00142,gob_ext_00248
