DAG;NumTablasAlimenta;TablasAlimenta;NumTablasAlimentan;TablasAlimentan
dlk_health_score;2;dlk_planta_posicion,dlk_planta_turno_v1;9;m4sco_evaluacion_sap,m4bci_postulante_sap,m4sco_brecha_sap,std_hr_bono_sap,bci_antiguedad_sap,m4sco_egreso_sap,m4bci_vacante_sap,ppn_ingreso_sap,m4vw_hora_extra_sap
dlk_oreilly;4;dlk_talento_convenio_v1,dlk_talento_bono,dlk_talento_postulante,dlk_talento_competencia_v1;6;cat_desempeno_2024_sap,m4vw_incidencia_sap,m4cci_traslado_sap,m4vw_hora_extra_sap,cci_convenio_sap,template_colaboradores_sap
dlk_datacamp;4;dlk_desempeno_traslado_v2,dlk_desempeno_indicador_v2,dlk_desempeno_vacante_v1,dlk_desempeno_antiguedad_v2;6;m4vw_bono_sap,m4bci_unidad_1_sap,bci_incidencia_sap,bci_egreso_sap,m4bci_region_sap,template_egreso_sap
dlk_qualtrics;6;dlk_formacion_alerta_v2,dlk_formacion_sucursal_v2,dlk_formacion_meta,dlk_formacion_evaluacion,dlk_formacion_indicador_v2,dlk_formacion_convenio_v2;5;m4bci_centro_costo_sap,std_lu_encuesta_sap,m4bci_postulante_sap,m4sco_egreso_sap,m4cci_sucursal_sap
dlk_sap_homologo_experiencia_previa;3;dlk_ausentismo_egreso,dlk_ausentismo_jefatura_v2,dlk_ausentismo_unidad_v1;12;std_hr_evaluacion_sap,std_hr_centro_costo_sap,m4cci_posicion_sap,template_licencia_sap,m4bci_ingreso_sap,bci_licencia_sap,m4sco_alerta_sap,std_hr_convenio_sap,m4cci_competencia_sap,bci_cargo_sap,bci_region_sap,std_lu_wt_type_sap
dlk_sap_homologo_reconocimiento_interno;6;dlk_nomina_encuesta_v1,dlk_nomina_hora_extra_v1,dlk_nomina_meta,dlk_nomina_contrato_v2,dlk_nomina_competencia_v2,dlk_nomina_evaluacion;12;m4vw_egreso_sap,std_lu_indicador_sap,ppn_cargo_duty_sap,template_colaboradores_sap,m4bci_traslado_sap,m4bci_ingreso_sap,m4bci_centro_costo_sap,template_incidencia_sap,m4bci_licencia_sap,std_hr_beca_sap,bci_licencia_sap,bci_colaborador_1_sap
proc_smu_clbs_sap;2;proc_seleccion_sucursal_v1,proc_seleccion_bono;14;dlk_formacion_indicador_v2,dlk_nomina_hora_extra_v1,dlk_formacion_meta,dlk_desempeno_indicador_v2,dlk_desempeno_antiguedad_v2,dlk_ausentismo_egreso,dlk_talento_postulante,dlk_nomina_evaluacion,dlk_talento_convenio_v1,dlk_nomina_competencia_v2,dlk_formacion_alerta_v2,dlk_nomina_encuesta_v1,dlk_planta_posicion,dlk_ausentismo_unidad_v1
gob_ausentismos_diarios;5;gob_beneficios_cargo_v1,gob_beneficios_curso_v2,gob_beneficios_indicador_v2,gob_beneficios_cargo,gob_beneficios_contrato_v1;16;dlk_formacion_indicador_v2,dlk_nomina_evaluacion,dlk_talento_convenio_v1,dlk_formacion_alerta_v2,dlk_desempeno_antiguedad_v2,dlk_nomina_competencia_v2,dlk_nomina_encuesta_v1,dlk_nomina_hora_extra_v1,dlk_desempeno_indicador_v2,dlk_formacion_convenio_v2,dlk_formacion_meta,dlk_talento_postulante,dlk_ausentismo_egreso,dlk_planta_posicion,dlk_nomina_contrato_v2,m4bci_ingreso_sap
dash_formacion;3;dash_egresos_cargo_kpi,dash_egresos_incidencia_kpi,dash_egresos_contrato_kpi;5;gob_beneficios_indicador_v2,gob_beneficios_curso_v2,gob_beneficios_contrato_v1,gob_beneficios_cargo,gob_beneficios_cargo_v1
proc_ejemplos_operadores_databricks;3;proc_compensaciones_licencia,proc_compensaciones_encuesta_v1,proc_compensaciones_contrato;5;gob_beneficios_cargo_v1,gob_beneficios_indicador_v2,gob_beneficios_cargo,gob_beneficios_curso_v2,gob_beneficios_contrato_v1
dlk_sap_origen_archivos_csv;6;dlk_clima_licencia_v1,dlk_clima_competencia,dlk_clima_convenio,dlk_clima_antiguedad,dlk_clima_sucursal_v1,dlk_clima_traslado_v1;12;std_hr_bono_sap,ppn_convenio_sap,std_lu_edu_dip_lev_sap,bci_egreso_sap,cci_colaborador_sap,m4bci_postulante_sap,m4bci_cargo_1_sap,std_hr_per_d_incid_sap,cci_antiguedad_sap,cci_competencia_sap,m4vw_hora_extra_sap,m4cci_unidad_1_sap
dash_validador_universal;3;dash_reportabilidad_incidencia_kpi,dash_reportabilidad_jefatura_kpi,dash_reportabilidad_colaborador_kpi;5;gob_beneficios_indicador_v2,gob_beneficios_cargo,gob_beneficios_contrato_v1,gob_beneficios_curso_v2,gob_beneficios_cargo_v1
dlk_edx;4;dlk_riesgo_alerta_v1,dlk_riesgo_contrato_v1,dlk_riesgo_antiguedad_v1,dlk_riesgo_competencia;10;categoria_desempeno_2021_sap,bci_egreso_sap,m4bci_postulante_sap,std_lu_wt_type_sap,std_hr_alerta_sap,m4bci_ingreso_sap,m4bci_competencia_sap,std_hr_posicion_1_sap,bci_region_sap,std_country_sap
dlk_sap_homologo_planta_mini_bb;5;dlk_diversidad_ingreso,dlk_diversidad_beca_v1,dlk_diversidad_brecha_v2,dlk_diversidad_jefatura_v1,dlk_diversidad_colaborador_v1;5;m4vw_beca_sap,m4vw_turno_sap,template_antiguedad_sap,bci_beca_sap,std_hr_jefatura_1_sap
dlk_sap_homologo_laborales;5;dlk_movilidad_unidad_v2,dlk_movilidad_indicador_v1,dlk_movilidad_antiguedad,dlk_movilidad_jefatura_v1,dlk_movilidad_hora_extra_v2;7;m4bci_colaborador_1_sap,m4bci_postulante_sap,bci_licencia_sap,m4sco_contrato_sap,m4vw_jefatura_1_sap,ppn_sucursal_sap,cci_colaborador_sap
gob_egresos;5;gob_capacitacion_egreso_v1,gob_capacitacion_beca_v1,gob_capacitacion_convenio_v2,gob_capacitacion_colaborador,gob_capacitacion_antiguedad_v1;11;dlk_riesgo_competencia,dlk_talento_postulante,dlk_diversidad_jefatura_v1,dlk_nomina_encuesta_v1,dlk_movilidad_antiguedad,dlk_formacion_meta,dlk_nomina_evaluacion,dlk_movilidad_jefatura_v1,dlk_formacion_alerta_v2,dlk_movilidad_indicador_v1,std_lu_sucursal_sap
dash_planta_antiguedad;3;dash_planta_jefatura_kpi,dash_planta_cargo_kpi,dash_planta_colaborador_kpi;10;gob_beneficios_indicador_v2,gob_beneficios_cargo_v1,gob_beneficios_contrato_v1,gob_beneficios_cargo,gob_beneficios_curso_v2,gob_capacitacion_colaborador,gob_capacitacion_convenio_v2,gob_capacitacion_beca_v1,gob_capacitacion_antiguedad_v1,gob_capacitacion_egreso_v1
dash_talento_egreso;2;dash_talento_contrato_kpi,dash_talento_jefatura_kpi;10;gob_beneficios_cargo_v1,gob_beneficios_contrato_v1,gob_beneficios_cargo,gob_capacitacion_beca_v1,gob_beneficios_curso_v2,gob_beneficios_indicador_v2,gob_capacitacion_antiguedad_v1,gob_capacitacion_egreso_v1,gob_capacitacion_colaborador,gob_capacitacion_convenio_v2
dash_desempeno_egreso;5;dash_desempeno_cargo_kpi,dash_desempeno_unidad_kpi,dash_desempeno_posicion_kpi,dash_desempeno_evaluacion_kpi,dash_desempeno_jefatura_kpi;11;gob_beneficios_cargo_v1,gob_beneficios_indicador_v2,gob_capacitacion_egreso_v1,gob_beneficios_cargo,gob_beneficios_contrato_v1,gob_capacitacion_beca_v1,gob_capacitacion_antiguedad_v1,gob_capacitacion_colaborador,gob_beneficios_curso_v2,gob_capacitacion_convenio_v2,std_hr_contrato_sap
proc_linkedin_learning_report;3;proc_formacion_competencia_v1,proc_formacion_beca_v1,proc_formacion_indicador;10;gob_beneficios_indicador_v2,gob_beneficios_curso_v2,gob_capacitacion_convenio_v2,gob_beneficios_contrato_v1,gob_capacitacion_beca_v1,gob_beneficios_cargo_v1,gob_beneficios_cargo,gob_capacitacion_egreso_v1,gob_capacitacion_colaborador,gob_capacitacion_antiguedad_v1
gob_niveles_R_sap;5;gob_ausentismo_encuesta_v2,gob_ausentismo_licencia_v1,gob_ausentismo_antiguedad_v1,gob_ausentismo_beca_v1,gob_beneficios_contrato_v1;4;dlk_ausentismo_egreso,dlk_ausentismo_jefatura_v2,dlk_ausentismo_unidad_v1,std_hr_jefatura_1_sap
gob_maestro_talento_sap;8;gob_nomina_ingreso_v2,gob_nomina_region_v2,gob_nomina_contrato_v2,gob_nomina_encuesta_v1,gob_nomina_alerta,gob_nomina_evaluacion_v2,gob_nomina_antiguedad,gob_nomina_licencia;7;dlk_nomina_competencia_v2,dlk_nomina_contrato_v2,dlk_nomina_evaluacion,dlk_nomina_meta,dlk_nomina_hora_extra_v1,dlk_nomina_encuesta_v1,template_incidencia_sap
dlk_planta_miami_parche;4;dlk_seleccion_region,dlk_seleccion_brecha_v2,dlk_seleccion_ingreso_v2,dlk_seleccion_licencia_v2;12;m4bci_usu_sap,cci_convenio_sap,m4bci_posicion_sap,cci_antiguedad_sap,m4sco_competencia_sap,std_lu_contrato_sap,bci_licencia_sap,bci_antiguedad_sap,bci_colaborador_1_sap,ppn_sucursal_sap,m4vw_hora_extra_sap,m4vw_antiguedad_sap
gob_qualtrics_formacion;4;gob_beneficios_licencia_v1,gob_beneficios_alerta_v1,gob_beneficios_jefatura_v1,gob_beneficios_unidad;11;dlk_nomina_evaluacion,dlk_seleccion_brecha_v2,dlk_formacion_evaluacion,dlk_talento_postulante,dlk_ausentismo_unidad_v1,dlk_formacion_convenio_v2,dlk_clima_competencia,dlk_formacion_alerta_v2,dlk_nomina_contrato_v2,dlk_nomina_competencia_v2,std_lu_contrato_sap
dlk_sap_homologo_arquetipos;5;dlk_egresos_licencia_v2,dlk_egresos_evaluacion_v2,dlk_egresos_turno_v1,dlk_egresos_vacante,dlk_egresos_centro_costo_v2;13;ppn_egreso_sap,bci_colaborador_1_sap,ppn_jefatura_sap,template_colaboradores_sap,m4bci_postulante_sap,cci_convenio_sap,template_unidad_1_sap,m4sco_convenio_sap,ppn_sucursal_sap,bci_antiguedad_sap,bci_convenio_sap,std_hr_convenio_sap,std_hr_per_d_incid_sap
gob_cartera_sn;7;gob_compensaciones_sucursal_v2,gob_compensaciones_turno_v2,gob_compensaciones_centro_costo_v2,gob_compensaciones_evaluacion_v1,gob_compensaciones_antiguedad_v2,gob_compensaciones_meta_v2,gob_compensaciones_licencia;12;dlk_formacion_alerta_v2,dlk_nomina_contrato_v2,dlk_movilidad_antiguedad,dlk_ausentismo_egreso,dlk_nomina_meta,dlk_formacion_convenio_v2,dlk_nomina_encuesta_v1,dlk_riesgo_competencia,dlk_talento_postulante,dlk_talento_convenio_v1,dlk_formacion_meta,m4vw_jerarquia_uo_sap
dash_clima_alerta;5;dash_clima_posicion_kpi,dash_clima_evaluacion_kpi,dash_clima_unidad_kpi,dash_clima_contrato_kpi,dash_clima_jefatura_kpi;8;gob_beneficios_indicador_v2,gob_capacitacion_egreso_v1,gob_beneficios_cargo_v1,gob_beneficios_contrato_v1,gob_capacitacion_colaborador,gob_beneficios_alerta_v1,gob_beneficios_curso_v2,gob_ausentismo_encuesta_v2
gob_familia_cargo_sap;6;gob_reportabilidad_alerta_v1,gob_reportabilidad_encuesta_v1,gob_reportabilidad_contrato_v1,gob_reportabilidad_ingreso_v2,gob_reportabilidad_colaborador_v1,gob_reportabilidad_traslado;18;dlk_nomina_evaluacion,dlk_desempeno_indicador_v2,dlk_nomina_contrato_v2,dlk_riesgo_contrato_v1,dlk_nomina_hora_extra_v1,dlk_movilidad_antiguedad,dlk_talento_competencia_v1,dlk_ausentismo_jefatura_v2,dlk_formacion_meta,dlk_formacion_alerta_v2,dlk_ausentismo_egreso,dlk_riesgo_competencia,dlk_planta_posicion,dlk_formacion_evaluacion,dlk_talento_convenio_v1,dlk_clima_sucursal_v1,dlk_movilidad_indicador_v1,template_colaboradores_sap
proc_info_flex_dash_beneficios;6;proc_riesgo_alerta_v1,proc_riesgo_convenio_v1,proc_riesgo_incidencia_v1,proc_riesgo_region,proc_riesgo_bono,proc_riesgo_traslado_v1;14;gob_beneficios_contrato_v1,gob_capacitacion_beca_v1,gob_nomina_evaluacion_v2,gob_capacitacion_antiguedad_v1,gob_ausentismo_encuesta_v2,gob_capacitacion_colaborador,gob_capacitacion_egreso_v1,gob_beneficios_alerta_v1,gob_beneficios_cargo,gob_beneficios_curso_v2,gob_compensaciones_turno_v2,gob_capacitacion_convenio_v2,gob_reportabilidad_alerta_v1,gob_beneficios_cargo_v1
gob_feriados_chile;8;gob_diversidad_licencia_v1,gob_diversidad_alerta,gob_diversidad_sucursal,gob_diversidad_traslado_v2,gob_diversidad_beca_v1,gob_diversidad_indicador,gob_diversidad_hora_extra,gob_diversidad_ingreso_v2;6;dlk_diversidad_colaborador_v1,dlk_diversidad_jefatura_v1,dlk_diversidad_beca_v1,dlk_diversidad_ingreso,dlk_diversidad_brecha_v2,bci_incidencia_sap
gob_dash_adv_atomico_004_proceso_seleccion_adt;8;gob_movilidad_posicion_v1,gob_movilidad_competencia_v2,gob_movilidad_bono,gob_movilidad_jefatura_v1,gob_movilidad_centro_costo_v2,gob_movilidad_indicador_v1,gob_movilidad_posicion_v2,gob_movilidad_licencia_v2;6;dlk_movilidad_antiguedad,dlk_movilidad_indicador_v1,dlk_movilidad_unidad_v2,dlk_movilidad_hora_extra_v2,dlk_movilidad_jefatura_v1,std_lu_unidad_sap
dlk_sap_homologo_idiomas;2;dlk_capacitacion_encuesta,dlk_capacitacion_licencia_v1;9;m4cci_evaluacion_sap,std_lu_unidad_sap,m4sco_evaluacion_sap,m4vw_bono_sap,m4vw_postulante_sap,m4bci_postulante_sap,std_lu_encuesta_sap,m4bci_licencia_sap,m4sco_centro_costo_sap
dlk_coursera;6;dlk_planta_contrato,dlk_planta_contrato_v2,dlk_planta_alerta,dlk_planta_colaborador,dlk_planta_bono_v2,dlk_planta_encuesta_v2;12;m4sco_contrato_sap,m4bci_licencia_sap,bci_hora_extra_sap,m4bci_postulante_sap,std_lu_contrato_sap,cci_antiguedad_sap,cci_competencia_sap,template_licencia_sap,template_cargos_detalle_sap,m4bci_egreso_sap,m4sco_postulante_sap,cci_colaborador_sap
proc_linkedin_learning_path_report;2;proc_talento_antiguedad_v1,proc_talento_traslado;11;gob_capacitacion_antiguedad_v1,gob_beneficios_contrato_v1,gob_nomina_region_v2,gob_capacitacion_egreso_v1,gob_beneficios_cargo_v1,gob_beneficios_alerta_v1,gob_capacitacion_colaborador,gob_reportabilidad_alerta_v1,gob_beneficios_curso_v2,gob_beneficios_indicador_v2,gob_capacitacion_beca_v1
dlk_sap_homologo_academicos_colaborador;3;dlk_desempeno_sucursal,dlk_desempeno_hora_extra_v2,dlk_desempeno_contrato_v1;14;m4bci_contrato_sap,m4bci_postulante_sap,template_colaboradores_sap,m4cci_evaluacion_sap,std_lu_edu_dip_lev_sap,m4bci_ingreso_sap,std_lu_contrato_sap,std_lu_unidad_sap,bci_bono_sap,ppn_sucursal_sap,m4vw_beca_sap,m4bci_unidad_sap,bci_egreso_sap,m4vw_incidencia_sap
dlk_sap_homologo_planta;3;dlk_formacion_traslado_v2,dlk_formacion_competencia_v2,dlk_formacion_centro_costo_v2;10;std_hr_brecha_sap,cci_cargo_1_sap,std_hr_contrato_sap,m4vw_cargo_sap,template_licencia_sap,ppn_unidad_sap,m4cci_egreso_sap,cci_ingreso_sap,m4vw_bono_sap,template_colaboradores_sap
dash_ausentismo_posicion;3;dash_ausentismo_colaborador_kpi,dash_ausentismo_cargo_kpi,dash_ausentismo_posicion_kpi;4;gob_ausentismo_encuesta_v2,gob_ausentismo_licencia_v1,gob_ausentismo_antiguedad_v1,gob_ausentismo_beca_v1
dlk_sap_homologo_egresos;4;dlk_nomina_alerta,dlk_nomina_traslado_v2,dlk_nomina_sucursal_v2,dlk_nomina_bono_v1;4;m4vw_incidencia_sap,bci_incidencia_sap,std_hr_postulante_sap,template_cargo_sap
dlk_sap_homologo_capacidades_diferentes;2;dlk_seleccion_unidad_v1,dlk_seleccion_turno_v1;12;bci_bono_sap,m4cci_posicion_sap,m4vw_contrato_1_sap,m4vw_beca_sap,m4cci_competencia_sap,template_colaboradores_sap,std_lu_postulante_sap,m4vw_jerarquia_uo_sap,bci_licencia_sap,std_lu_wt_type_sap,template_licencia_sap,std_hr_contrato_sap
gob_4talent_proceso_seleccion_hr_reports_sap;8;gob_beneficios_incidencia_v2,gob_beneficios_beca_v1,gob_beneficios_ingreso,gob_beneficios_convenio_v2,gob_beneficios_region,gob_beneficios_competencia_v2,gob_beneficios_traslado_v2,gob_beneficios_evaluacion_v2;10;dlk_nomina_contrato_v2,dlk_capacitacion_licencia_v1,dlk_ausentismo_egreso,dlk_nomina_evaluacion,dlk_talento_convenio_v1,dlk_riesgo_contrato_v1,dlk_movilidad_unidad_v2,dlk_nomina_encuesta_v1,dlk_clima_sucursal_v1,m4bci_unidad_1_sap
dlk_egresos_alerta;6;dlk_egresos_region,dlk_egresos_beca,dlk_egresos_meta_v2,dlk_egresos_hora_extra_v2,dlk_egresos_indicador,dlk_egresos_vacante_v2;14;cci_antiguedad_sap,cci_competencia_sap,bci_incidencia_sap,template_cargos_detalle_sap,m4bci_ingreso_sap,template_colaboradores_sap,bci_colaborador_1_sap,bci_cargo_1_sap,std_hr_vacante_sap,std_hr_convenio_sap,bci_licencia_sap,bci_bono_sap,m4bci_postulante_sap,std_lu_meta_sap
dlk_compensaciones_antiguedad;5;dlk_compensaciones_licencia_v1,dlk_compensaciones_centro_costo_v1,dlk_compensaciones_hora_extra_v1,dlk_compensaciones_encuesta_v2,dlk_compensaciones_vacante;9;cci_evaluacion_sap,m4bci_competencia_sap,std_lu_jefatura_sap,cci_antiguedad_sap,m4vw_evaluacion_sap,bci_licencia_sap,std_hr_jefatura_sap,template_centro_costo_sap,bci_egreso_sap
dlk_clima_centro_costo;5;dlk_clima_curso,dlk_clima_encuesta_v1,dlk_clima_competencia_v2,dlk_clima_beca_v2,dlk_clima_indicador_v1;14;std_lu_contrato_sap,bci_antiguedad_sap,m4sco_alerta_sap,std_hr_posicion_sap,cci_colaborador_1_sap,m4cci_indicador_sap,template_antiguedad_sap,m4bci_convenio_sap,std_hr_cargo_sap,bci_incidencia_sap,m4bci_egreso_sap,m4bci_posicion_sap,m4bci_ingreso_sap,m4sco_contrato_sap
proc_reportabilidad_unidad;5;proc_reportabilidad_meta,proc_reportabilidad_antiguedad,proc_reportabilidad_incidencia,proc_reportabilidad_encuesta_v1,proc_reportabilidad_incidencia_v1;6;gob_reportabilidad_contrato_v1,gob_reportabilidad_alerta_v1,gob_reportabilidad_encuesta_v1,gob_reportabilidad_colaborador_v1,gob_reportabilidad_traslado,gob_reportabilidad_ingreso_v2
proc_riesgo_sucursal;5;proc_riesgo_centro_costo_v1,proc_riesgo_antiguedad_v1,proc_riesgo_incidencia,proc_riesgo_postulante,proc_riesgo_hora_extra_v1;15;gob_capacitacion_colaborador,gob_beneficios_contrato_v1,gob_ausentismo_encuesta_v2,gob_capacitacion_antiguedad_v1,gob_beneficios_cargo_v1,gob_beneficios_indicador_v2,gob_movilidad_jefatura_v1,gob_capacitacion_convenio_v2,gob_reportabilidad_traslado,gob_capacitacion_beca_v1,gob_reportabilidad_colaborador_v1,gob_reportabilidad_ingreso_v2,gob_beneficios_curso_v2,gob_nomina_alerta,gob_capacitacion_egreso_v1
gob_maestro_talento;4;gob_diversidad_hora_extra_v1,gob_diversidad_encuesta_v2,gob_diversidad_region_v2,gob_diversidad_posicion_v1;6;dlk_diversidad_jefatura_v1,dlk_diversidad_ingreso,dlk_diversidad_brecha_v2,dlk_diversidad_colaborador_v1,dlk_diversidad_beca_v1,m4vw_jerarquia_uo_sap
gob_dash_adv_atomico_010_procesos_vacantes;7;gob_movilidad_vacante_v1,gob_movilidad_encuesta,gob_movilidad_sucursal,gob_movilidad_ingreso,gob_movilidad_egreso_v1,gob_movilidad_colaborador_v2,gob_movilidad_antiguedad_v2;6;dlk_movilidad_unidad_v2,dlk_movilidad_antiguedad,dlk_movilidad_jefatura_v1,dlk_movilidad_indicador_v1,dlk_movilidad_hora_extra_v2,m4bci_unidad_sap
proc_capacitacion_posicion;3;proc_capacitacion_encuesta_v1,proc_capacitacion_competencia,proc_capacitacion_evaluacion_v1;5;gob_capacitacion_antiguedad_v1,gob_capacitacion_colaborador,gob_capacitacion_egreso_v1,gob_capacitacion_convenio_v2,gob_capacitacion_beca_v1
dlk_planta_evaluacion;6;dlk_planta_posicion_v1,dlk_planta_curso,dlk_planta_evaluacion,dlk_planta_sucursal_v1,dlk_planta_region_v1,dlk_planta_turno_v2;5;std_hr_hora_extra_sap,cci_antiguedad_sap,std_lu_evaluacion_sap,bci_turno_sap,m4bci_ingreso_sap
dlk_talento_brecha;3;dlk_talento_antiguedad_v2,dlk_talento_ingreso,dlk_talento_curso;7;std_hr_encuesta_sap,template_colaboradores_sap,bci_incidencia_sap,ppn_ingreso_sap,m4vw_evaluacion_sap,cci_beca_sap,m4sco_colaborador_sap
dlk_desempeno_vacante;2;dlk_desempeno_licencia_v2,dlk_desempeno_brecha_v2;7;m4bci_postulante_sap,std_hr_evaluacion_sap,template_incidencia_sap,template_contrato_sap,m4sco_alerta_sap,bci_vacante_sap,bci_unidad_sap
dlk_formacion_beca;3;dlk_formacion_encuesta_v2,dlk_formacion_evaluacion_v2,dlk_formacion_cargo;4;m4sco_evaluacion_sap,m4bci_centro_costo_sap,cci_competencia_sap,std_hr_jefatura_sap
dlk_ausentismo_meta;5;dlk_ausentismo_postulante_v2,dlk_ausentismo_bono_v2,dlk_ausentismo_convenio_v2,dlk_ausentismo_egreso_v1,dlk_ausentismo_ingreso;4;m4bci_centro_costo_sap,template_cargos_detalle_sap,bci_licencia_sap,ppn_cargo_1_sap
gob_4talent_proceso_seleccion_sap;5;gob_nomina_traslado_v2,gob_nomina_convenio_v1,gob_nomina_unidad_v2,gob_nomina_alerta_v2,gob_nomina_incidencia_v1;12;dlk_nomina_hora_extra_v1,dlk_nomina_competencia_v2,dlk_nomina_alerta,dlk_nomina_encuesta_v1,dlk_nomina_evaluacion,dlk_nomina_contrato_v2,dlk_nomina_meta,dlk_nomina_sucursal_v2,dlk_nomina_traslado_v2,dlk_nomina_bono_v1,bci_antiguedad_sap,m4bci_postulante_sap
dlk_seleccion_jefatura;5;dlk_seleccion_hora_extra_v2,dlk_seleccion_sucursal_v2,dlk_seleccion_region_v1,dlk_seleccion_contrato,dlk_seleccion_unidad;14;cci_meta_sap,bci_region_sap,ppn_convenio_sap,template_egreso_sap,ppn_sucursal_sap,std_hr_contrato_sap,m4vw_jefatura_1_sap,bci_incidencia_sap,m4cci_competencia_sap,template_licencia_sap,m4sco_brecha_sap,m4vw_incidencia_sap,m4sco_alerta_sap,m4vw_beca_sap
gob_reportes_directos_sap;4;gob_beneficios_antiguedad,gob_beneficios_curso_v1,gob_beneficios_brecha,gob_beneficios_turno;24;dlk_egresos_licencia_v2,dlk_talento_postulante,dlk_formacion_meta,dlk_nomina_bono_v1,dlk_movilidad_indicador_v1,dlk_ausentismo_egreso,dlk_talento_antiguedad_v2,dlk_nomina_contrato_v2,dlk_movilidad_antiguedad,dlk_desempeno_indicador_v2,dlk_nomina_encuesta_v1,dlk_clima_competencia,dlk_formacion_evaluacion,dlk_desempeno_antiguedad_v2,dlk_capacitacion_licencia_v1,dlk_planta_contrato_v2,dlk_formacion_indicador_v2,dlk_egresos_evaluacion_v2,dlk_nomina_evaluacion,dlk_nomina_alerta,dlk_movilidad_hora_extra_v2,dlk_movilidad_unidad_v2,dlk_nomina_competencia_v2,bci_colaborador_1_sap
dash_egresos_curso;3;dash_egresos_jefatura_kpi,dash_egresos_colaborador_kpi,dash_egresos_evaluacion_kpi;13;gob_ausentismo_encuesta_v2,gob_reportabilidad_alerta_v1,gob_beneficios_curso_v2,gob_beneficios_beca_v1,gob_capacitacion_beca_v1,gob_capacitacion_colaborador,gob_beneficios_cargo_v1,gob_beneficios_cargo,gob_compensaciones_turno_v2,gob_beneficios_indicador_v2,gob_movilidad_licencia_v2,gob_capacitacion_egreso_v1,gob_beneficios_ingreso
gob_panel_alertas_ssnn;4;gob_compensaciones_colaborador_v1,gob_compensaciones_turno_v1,gob_compensaciones_traslado,gob_compensaciones_traslado_v2;6;dlk_compensaciones_vacante,dlk_compensaciones_hora_extra_v1,dlk_compensaciones_encuesta_v2,dlk_compensaciones_licencia_v1,dlk_compensaciones_centro_costo_v1,template_vacante_sap
dlk_clima_alerta;2;dlk_clima_indicador_v2,dlk_clima_traslado;14;std_hr_jefatura_1_sap,m4vw_bono_sap,std_hr_hora_extra_sap,m4bci_postulante_sap,std_hr_centro_costo_sap,m4vw_beca_sap,std_hr_jefatura_sap,bci_incidencia_sap,m4vw_cargo_sap,std_lu_job_sector_sap,m4sco_posicion_sap,bci_colaborador_1_sap,bci_hora_extra_sap,m4bci_posicion_sap
proc_reportabilidad_incidencia;3;proc_reportabilidad_licencia,proc_reportabilidad_sucursal_v1,proc_reportabilidad_encuesta;6;gob_reportabilidad_contrato_v1,gob_reportabilidad_encuesta_v1,gob_reportabilidad_alerta_v1,gob_reportabilidad_traslado,gob_reportabilidad_colaborador_v1,gob_reportabilidad_ingreso_v2
dlk_riesgo_traslado;3;dlk_riesgo_incidencia_v2,dlk_riesgo_ingreso,dlk_riesgo_bono_v1;13;m4vw_cargo_sap,m4vw_incidencia_sap,m4vw_hora_extra_sap,ppn_egreso_sap,std_lu_contrato_sap,template_licencia_sap,std_hr_posicion_sap,std_hr_postulante_sap,bci_licencia_sap,m4bci_postulante_sap,std_hr_beca_sap,m4vw_contrato_1_sap,bci_convenio_sap
dlk_diversidad_posicion;4;dlk_diversidad_antiguedad_v1,dlk_diversidad_brecha_v1,dlk_diversidad_antiguedad_v2,dlk_diversidad_postulante;8;m4sco_centro_costo_sap,template_licencia_sap,m4sco_beca_sap,ppn_postulante_sap,ppn_ingreso_sap,std_lu_unidad_sap,m4vw_incidencia_sap,m4sco_postulante_sap
dlk_movilidad_cargo;3;dlk_movilidad_contrato,dlk_movilidad_evaluacion,dlk_movilidad_turno_v1;11;m4bci_ingreso_sap,std_lu_job_sector_sap,bci_beca_sap,m4sco_beca_sap,std_hr_posicion_1_sap,template_colaboradores_sap,m4cci_posicion_sap,m4cci_evaluacion_sap,m4sco_cargo_sap,std_lu_encuesta_sap,cci_convenio_sap
dlk_capacitacion_convenio;2;dlk_capacitacion_colaborador,dlk_capacitacion_egreso_v1;8;m4vw_competencia_sap,bci_licencia_sap,std_lu_contrato_sap,bci_region_sap,m4cci_posicion_sap,template_cargos_detalle_sap,std_hr_jefatura_sap,m4bci_centro_costo_sap
dlk_planta_unidad;3;dlk_planta_jefatura_v2,dlk_planta_ingreso_v2,dlk_planta_centro_costo_v2;12;template_alerta_sap,m4cci_evaluacion_sap,m4sco_alerta_sap,m4bci_postulante_sap,m4sco_cargo_sap,template_unidad_1_sap,ppn_ingreso_sap,bci_incidencia_sap,template_colaboradores_sap,bci_licencia_sap,cci_region_sap,m4cci_centro_costo_sap
dlk_talento_egreso;6;dlk_talento_incidencia,dlk_talento_indicador_v1,dlk_talento_posicion,dlk_talento_beca,dlk_talento_traslado,dlk_talento_bono_v2;5;ppn_ingreso_sap,m4bci_contrato_sap,m4bci_cargo_1_sap,std_lu_sucursal_sap,bci_antiguedad_sap
gob_proceso_seleccion;6;gob_desempeno_hora_extra,gob_desempeno_antiguedad_v2,gob_desempeno_egreso,gob_desempeno_sucursal_v2,gob_desempeno_sucursal_v1,gob_desempeno_convenio_v1;10;dlk_desempeno_antiguedad_v2,dlk_desempeno_indicador_v2,dlk_desempeno_brecha_v2,dlk_desempeno_traslado_v2,dlk_desempeno_contrato_v1,dlk_desempeno_vacante_v1,dlk_desempeno_licencia_v2,dlk_desempeno_sucursal,dlk_desempeno_hora_extra_v2,m4cci_evaluacion_sap
dlk_formacion_hora_extra;3;dlk_formacion_turno_v1,dlk_formacion_licencia,dlk_formacion_posicion_v2;5;std_lu_evaluacion_sap,m4vw_contrato_1_sap,m4sco_cargo_sap,cci_colaborador_sap,m4sco_alerta_sap
dlk_ausentismo_jefatura;6;dlk_ausentismo_region_v1,dlk_ausentismo_meta_v2,ppn_ausentismos_incidencia,dlk_ausentismo_turno,dlk_ausentismo_posicion_v1,dlk_ausentismo_hora_extra_v1;5;m4sco_evaluacion_sap,bci_licencia_sap,cci_traslado_sap,bci_incidencia_sap,cci_competencia_sap
proc_nomina_alerta;2;proc_nomina_contrato,proc_nomina_bono_v1;11;gob_nomina_incidencia_v1,gob_nomina_alerta,gob_nomina_region_v2,gob_nomina_contrato_v2,gob_nomina_evaluacion_v2,gob_nomina_traslado_v2,gob_nomina_ingreso_v2,gob_nomina_alerta_v2,gob_nomina_antiguedad,gob_nomina_unidad_v2,gob_nomina_encuesta_v1
dlk_seleccion_brecha;5;dlk_seleccion_cargo,dlk_seleccion_contrato_v2,dlk_seleccion_posicion_v2,dlk_seleccion_convenio,dlk_seleccion_hora_extra;6;m4sco_competencia_sap,m4vw_beca_sap,m4bci_unidad_sap,m4sco_sucursal_sap,m4bci_ingreso_sap,m4vw_antiguedad_sap
gob_personales_miami_parche;6;gob_beneficios_traslado_v1,gob_beneficios_region_v1,gob_beneficios_incidencia,gob_beneficios_colaborador_v1,gob_beneficios_colaborador,gob_beneficios_beca;17;dlk_movilidad_indicador_v1,dlk_nomina_evaluacion,dlk_movilidad_hora_extra_v2,dlk_nomina_meta,dlk_desempeno_licencia_v2,dlk_formacion_meta,dlk_formacion_sucursal_v2,dlk_nomina_contrato_v2,dlk_ausentismo_egreso,dlk_formacion_evaluacion,dlk_diversidad_beca_v1,dlk_compensaciones_encuesta_v2,dlk_nomina_sucursal_v2,dlk_nomina_bono_v1,dlk_seleccion_contrato,dlk_diversidad_ingreso,m4cci_postulante_sap
gob_cornerstone_colaboradores_sap;6;gob_egresos_curso_v2,gob_egresos_licencia_v2,gob_egresos_region_v2,gob_egresos_vacante_v2,gob_egresos_sucursal,gob_egresos_bono;12;dlk_egresos_centro_costo_v2,dlk_egresos_evaluacion_v2,dlk_egresos_indicador,dlk_egresos_licencia_v2,dlk_egresos_turno_v1,dlk_egresos_vacante_v2,dlk_egresos_hora_extra_v2,dlk_egresos_meta_v2,dlk_egresos_vacante,dlk_egresos_beca,std_lu_unidad_sap,std_lu_evaluacion_sap
dash_compensaciones_incidencia;2;dash_compensaciones_colaborador_kpi,dash_compensaciones_evaluacion_kpi;14;gob_compensaciones_centro_costo_v2,gob_compensaciones_turno_v2,gob_compensaciones_licencia,gob_compensaciones_traslado,gob_compensaciones_sucursal_v2,proc_compensaciones_licencia,proc_compensaciones_contrato,gob_compensaciones_evaluacion_v1,gob_compensaciones_colaborador_v1,gob_compensaciones_traslado_v2,gob_compensaciones_meta_v2,proc_compensaciones_encuesta_v1,gob_compensaciones_antiguedad_v2,gob_compensaciones_turno_v1
gob_clima_alerta;5;gob_clima_ingreso_v2,gob_clima_colaborador_v1,gob_clima_encuesta_v2,gob_clima_posicion_v1,gob_clima_alerta_v2;14;dlk_clima_competencia_v2,dlk_clima_sucursal_v1,dlk_clima_competencia,dlk_clima_antiguedad,dlk_clima_convenio,dlk_clima_indicador_v2,dlk_clima_encuesta_v1,dlk_clima_traslado_v1,dlk_clima_curso,dlk_clima_indicador_v1,dlk_clima_beca_v2,dlk_clima_traslado,dlk_clima_licencia_v1,m4bci_posicion_sap
proc_reportabilidad_ingreso;6;proc_reportabilidad_cargo,proc_reportabilidad_brecha_v1,proc_reportabilidad_ingreso_v1,proc_reportabilidad_vacante,proc_reportabilidad_colaborador_v1,proc_reportabilidad_posicion;6;gob_reportabilidad_encuesta_v1,gob_reportabilidad_alerta_v1,gob_reportabilidad_ingreso_v2,gob_reportabilidad_contrato_v1,gob_reportabilidad_traslado,gob_reportabilidad_colaborador_v1
dlk_riesgo_bono;5;dlk_riesgo_bono_v2,dlk_riesgo_hora_extra_v2,dlk_riesgo_competencia_v1,dlk_riesgo_evaluacion_v1,dlk_riesgo_meta;9;m4sco_postulante_sap,std_lu_turno_sap,m4sco_alerta_sap,template_cargo_sap,cci_convenio_sap,m4bci_centro_costo_sap,bci_convenio_sap,cci_antiguedad_sap,m4vw_cargo_sap
dlk_diversidad_region;4;dlk_diversidad_competencia_v2,dlk_diversidad_hora_extra_v2,dlk_diversidad_contrato_v1,dlk_diversidad_egreso_v1;15;m4bci_licencia_sap,m4sco_colaborador_sap,m4vw_beca_sap,m4sco_sucursal_sap,m4vw_postulante_sap,ppn_convenio_sap,template_alerta_sap,bci_incidencia_sap,m4vw_jerarquia_uo_sap,std_hr_convenio_sap,m4vw_hora_extra_sap,std_lu_postulante_sap,std_hr_unidad_sap,m4cci_cargo_1_sap,m4bci_centro_costo_sap
dlk_movilidad_jefatura;3;dlk_movilidad_beca_v2,dlk_movilidad_colaborador_v2,dlk_movilidad_centro_costo_v2;14;ppn_sucursal_sap,m4vw_jerarquia_uo_sap,std_lu_sucursal_sap,m4cci_posicion_sap,m4bci_postulante_sap,bci_licencia_sap,m4bci_unidad_sap,std_lu_contrato_sap,cci_convenio_sap,std_hr_posicion_sap,cci_cargo_1_sap,template_antiguedad_sap,bci_egreso_sap,m4bci_unidad_1_sap
dlk_capacitacion_encuesta;6;dlk_capacitacion_bono_v2,dlk_capacitacion_curso_v2,dlk_capacitacion_jefatura_v1,dlk_capacitacion_brecha,dlk_capacitacion_contrato,dlk_capacitacion_vacante_v1;7;m4vw_incidencia_sap,m4vw_brecha_sap,cci_alerta_sap,bci_incidencia_sap,m4sco_egreso_sap,template_antiguedad_sap,cci_convenio_sap
dlk_planta_indicador;3;dlk_planta_evaluacion_v2,sap_planta,dlk_planta_antiguedad_v2;6;m4cci_posicion_sap,m4sco_sucursal_sap,cci_cargo_1_sap,personales_sap,bci_curso_sap,std_lu_evaluacion_sap
gob_talento_cargo;3;gob_talento_unidad_v1,gob_talento_postulante,gob_talento_sucursal_v1;14;dlk_talento_convenio_v1,dlk_talento_bono_v2,dlk_talento_antiguedad_v2,dlk_talento_postulante,dlk_talento_bono,dlk_talento_competencia_v1,dlk_talento_curso,dlk_talento_beca,dlk_talento_incidencia,dlk_talento_indicador_v1,dlk_talento_traslado,dlk_talento_posicion,dlk_talento_ingreso,bci_incidencia_sap
proc_desempeno_beca;5;proc_desempeno_competencia_v1,proc_desempeno_posicion_v1,proc_desempeno_vacante,proc_desempeno_unidad,proc_desempeno_bono_v1;7;gob_desempeno_sucursal_v2,gob_desempeno_sucursal_v1,gob_desempeno_hora_extra,gob_desempeno_egreso,gob_desempeno_convenio_v1,gob_desempeno_antiguedad_v2,cci_colaborador_1_sap
proc_formacion_sucursal;5;proc_formacion_bono_v1,proc_formacion_posicion_v1,proc_formacion_convenio,proc_formacion_meta,proc_formacion_region;8;gob_beneficios_curso_v2,gob_clima_encuesta_v2,gob_reportabilidad_alerta_v1,gob_reportabilidad_colaborador_v1,gob_reportabilidad_encuesta_v1,gob_capacitacion_egreso_v1,gob_beneficios_cargo,gob_desempeno_convenio_v1
dlk_ausentismo_colaborador;2;dlk_ausentismo_beca,ppn_ausentismos_dia;14;std_hr_jefatura_sap,std_lu_contrato_sap,ppn_bono_sap,std_hr_bono_sap,m4bci_centro_costo_sap,m4vw_egreso_sap,m4sco_evaluacion_sap,ppn_convenio_sap,std_hr_evaluacion_sap,std_lu_unidad_sap,std_lu_evaluacion_sap,m4vw_beca_sap,cci_curso_sap,m4sco_egreso_sap
dash_nomina_turno;2;dash_nomina_cargo_kpi,dash_nomina_colaborador_kpi;11;gob_nomina_alerta,gob_nomina_traslado_v2,gob_nomina_antiguedad,gob_nomina_ingreso_v2,proc_nomina_contrato,gob_nomina_encuesta_v1,gob_nomina_contrato_v2,gob_nomina_region_v2,gob_nomina_evaluacion_v2,gob_nomina_alerta_v2,bci_curso_sap
dlk_seleccion_competencia;4;dlk_seleccion_jefatura_v2,dlk_seleccion_meta_v2,dlk_seleccion_egreso_v2,dlk_seleccion_evaluacion_v1;7;m4vw_incidencia_sap,cci_familia_puesto_sap,ppn_postulante_sap,bci_licencia_sap,m4vw_indicador_sap,cci_convenio_sap,template_cargos_detalle_sap
gob_beneficios_curso;8;gob_beneficios_cargo_v2,gob_beneficios_turno_v1,gob_beneficios_bono_v2,gob_beneficios_alerta_v2,gob_beneficios_postulante,gob_beneficios_egreso,gob_beneficios_hora_extra_v1,gob_beneficios_meta_v1;21;dlk_formacion_indicador_v2,dlk_nomina_evaluacion,dlk_movilidad_jefatura_v1,dlk_formacion_meta,dlk_formacion_alerta_v2,dlk_desempeno_indicador_v2,dlk_desempeno_contrato_v1,dlk_nomina_encuesta_v1,dlk_diversidad_jefatura_v1,dlk_clima_encuesta_v1,dlk_riesgo_contrato_v1,dlk_capacitacion_jefatura_v1,dlk_egresos_vacante_v2,dlk_nomina_hora_extra_v1,dlk_talento_indicador_v1,dlk_compensaciones_licencia_v1,dlk_nomina_meta,dlk_talento_traslado,dlk_talento_competencia_v1,template_colaboradores_sap,m4cci_evaluacion_sap
gob_egresos_cargo;6;gob_egresos_turno_v1,gob_egresos_vacante_v1,gob_egresos_convenio_v2,gob_egresos_posicion_v1,gob_egresos_traslado_v2,gob_egresos_centro_costo;13;dlk_egresos_vacante_v2,dlk_egresos_hora_extra_v2,dlk_egresos_licencia_v2,dlk_egresos_meta_v2,dlk_egresos_vacante,dlk_egresos_indicador,dlk_egresos_turno_v1,dlk_egresos_evaluacion_v2,dlk_egresos_beca,dlk_egresos_centro_costo_v2,dlk_egresos_region,template_incidencia_sap,m4vw_incidencia_sap
gob_compensaciones_contrato;4;gob_compensaciones_sucursal,gob_compensaciones_postulante_v1,gob_compensaciones_competencia_v2,gob_compensaciones_incidencia;6;dlk_compensaciones_encuesta_v2,dlk_compensaciones_licencia_v1,dlk_compensaciones_vacante,dlk_compensaciones_centro_costo_v1,dlk_compensaciones_hora_extra_v1,template_licencia_sap
proc_clima_posicion;5;proc_clima_region_v1,proc_clima_alerta_v1,proc_clima_beca,proc_clima_vacante_v1,proc_clima_turno;6;gob_clima_encuesta_v2,gob_clima_alerta_v2,gob_clima_posicion_v1,gob_clima_colaborador_v1,gob_clima_ingreso_v2,std_lu_edu_dip_lev_sap
dlk_reportabilidad_meta;2;dlk_reportabilidad_brecha,dlk_reportabilidad_centro_costo_v2;13;m4cci_posicion_sap,m4sco_evaluacion_sap,std_hr_brecha_sap,m4bci_vacante_sap,std_hr_posicion_sap,std_lu_job_sector_sap,std_hr_contrato_sap,std_lu_encuesta_sap,bci_incidencia_sap,m4vw_turno_sap,m4sco_competencia_sap,bci_colaborador_1_sap,m4vw_jerarquia_uo_sap
dlk_riesgo_convenio;5;dlk_riesgo_contrato_v2,dlk_riesgo_posicion_v2,dlk_riesgo_bono,dlk_riesgo_encuesta_v1,dlk_riesgo_curso_v2;14;cat_desempeno_2024_sap,m4bci_evaluacion_sap,m4sco_alerta_sap,ppn_beca_sap,std_hr_beca_sap,template_traslado_sap,m4vw_beca_sap,m4bci_posicion_sap,std_hr_jefatura_1_sap,std_lu_job_sector_sap,m4bci_licencia_sap,bci_antiguedad_sap,m4sco_postulante_sap,template_incidencia_sap
gob_diversidad_cargo;5;gob_diversidad_meta,gob_diversidad_curso_v1,gob_diversidad_cargo,gob_diversidad_antiguedad,gob_diversidad_bono_v2;11;dlk_diversidad_colaborador_v1,dlk_diversidad_jefatura_v1,dlk_diversidad_ingreso,dlk_diversidad_competencia_v2,dlk_diversidad_beca_v1,dlk_diversidad_brecha_v2,dlk_diversidad_brecha_v1,dlk_diversidad_postulante,dlk_diversidad_antiguedad_v1,dlk_diversidad_egreso_v1,m4vw_competencia_sap
gob_movilidad_meta;6;gob_movilidad_meta,gob_movilidad_region_v1,gob_movilidad_contrato_v1,gob_movilidad_ingreso_v2,gob_movilidad_evaluacion_v2,gob_movilidad_beca;12;dlk_movilidad_indicador_v1,dlk_movilidad_unidad_v2,dlk_movilidad_antiguedad,dlk_movilidad_hora_extra_v2,dlk_movilidad_jefatura_v1,dlk_movilidad_evaluacion,dlk_movilidad_contrato,dlk_movilidad_beca_v2,dlk_movilidad_turno_v1,dlk_movilidad_centro_costo_v2,dlk_movilidad_colaborador_v2,std_lu_encuesta_sap
dlk_capacitacion_licencia;3;dlk_capacitacion_meta,dlk_capacitacion_colaborador_v2,dlk_capacitacion_beca;14;ppn_sucursal_sap,ppn_evaluacion_sap,m4sco_evaluacion_sap,bci_incidencia_sap,template_cargos_detalle_sap,m4vw_beca_sap,m4cci_evaluacion_sap,cci_convenio_sap,m4bci_centro_costo_sap,m4sco_cargo_sap,template_licencia_sap,std_hr_jefatura_sap,m4sco_postulante_sap,m4vw_jerarquia_uo_sap
dlk_planta_cargo;4;dlk_planta_convenio_v1,dlk_planta_vacante,dlk_planta_ingreso_v1,dlk_planta_brecha;5;m4vw_beca_sap,bci_jefatura_sap,m4cci_centro_costo_sap,bci_colaborador_1_sap,bci_egreso_sap
proc_talento_contrato;3;proc_talento_competencia,proc_talento_ingreso,proc_talento_curso;4;gob_talento_unidad_v1,gob_talento_sucursal_v1,gob_talento_postulante,bci_region_sap
dlk_desempeno_hora_extra;4;dlk_desempeno_centro_costo_v1,dlk_desempeno_cargo,dlk_desempeno_centro_costo_v2,dlk_desempeno_posicion_v1;13;m4sco_sucursal_sap,m4cci_competencia_sap,cci_evaluacion_sap,bci_incidencia_sap,m4bci_postulante_sap,std_hr_cargo_1_sap,std_lu_unidad_sap,m4bci_ingreso_sap,template_egreso_sap,bci_licencia_sap,std_hr_evaluacion_sap,std_lu_convenio_sap,std_hr_jefatura_sap
dlk_formacion_meta;3;dlk_formacion_incidencia_v2,dlk_formacion_egreso,dlk_formacion_vacante_v1;12;m4vw_contrato_1_sap,std_hr_posicion_sap,std_lu_encuesta_sap,template_cargos_detalle_sap,m4sco_egreso_sap,cci_curso_sap,desempeno_conductas_claves_2022_sap,std_hr_region_sap,cci_convenio_sap,std_hr_convenio_sap,m4cci_postulante_sap,m4sco_convenio_sap
dlk_ausentismo_unidad;6;dlk_ausentismo_brecha,dlk_ausentismo_colaborador_v1,dlk_ausentismo_sucursal,dlk_ausentismo_incidencia_v1,dlk_ausentismo_turno_v2,dlk_ausentismo_meta;11;std_hr_jefatura_sap,m4vw_cargo_sap,std_lu_unidad_sap,m4vw_bono_sap,ppn_turno_sap,m4bci_convenio_sap,std_lu_job_sector_sap,template_colaboradores_sap,std_hr_convenio_sap,bci_bono_sap,m4vw_jefatura_1_sap
dlk_nomina_hora_extra;3;dlk_nomina_curso_v2,dlk_nomina_ingreso,dlk_nomina_colaborador_v2;9;std_lu_sucursal_sap,std_hr_unidad_sap,m4sco_curso_sap,ppn_evaluacion_sap,bci_curso_sap,cci_antiguedad_sap,template_traslado_sap,m4bci_region_sap,m4bci_unidad_1_sap
dash_seleccion_indicador;4;dash_seleccion_jefatura_kpi,dash_seleccion_incidencia_kpi,dash_seleccion_evaluacion_kpi,dash_seleccion_contrato_kpi;2;proc_seleccion_bono,proc_seleccion_sucursal_v1
dash_beneficios_egreso;5;dash_beneficios_colaborador_kpi,dash_beneficios_contrato_kpi,dash_beneficios_evaluacion_kpi,dash_beneficios_incidencia_kpi,dash_beneficios_posicion_kpi;23;gob_beneficios_cargo_v1,gob_beneficios_contrato_v1,gob_beneficios_curso_v2,gob_beneficios_cargo,gob_beneficios_beca_v1,gob_beneficios_postulante,gob_beneficios_alerta_v1,gob_beneficios_ingreso,gob_beneficios_turno_v1,gob_beneficios_bono_v2,gob_beneficios_indicador_v2,gob_beneficios_competencia_v2,gob_beneficios_traslado_v1,gob_beneficios_colaborador,gob_beneficios_jefatura_v1,gob_beneficios_alerta_v2,gob_beneficios_brecha,gob_beneficios_traslado_v2,gob_beneficios_incidencia,gob_beneficios_evaluacion_v2,gob_beneficios_incidencia_v2,gob_beneficios_unidad,template_cargos_detalle_sap
dlk_egresos_hora_extra;4;dlk_egresos_meta,dlk_egresos_bono_v2,dlk_egresos_licencia,dlk_riesgo_contrato_v2;5;m4vw_hora_extra_sap,m4sco_brecha_sap,template_cargos_detalle_sap,std_lu_turno_sap,bci_licencia_sap
dlk_compensaciones_contrato;2;dlk_compensaciones_meta_v1,dlk_compensaciones_competencia;8;std_hr_jefatura_sap,std_hr_convenio_sap,ppn_egreso_sap,m4sco_brecha_sap,bci_region_sap,cci_convenio_sap,std_lu_unidad_sap,m4vw_hora_extra_sap
proc_clima_turno;6;proc_clima_contrato,proc_clima_incidencia,proc_clima_egreso,proc_clima_curso,proc_clima_convenio,proc_clima_traslado_v1;5;gob_clima_colaborador_v1,gob_clima_posicion_v1,gob_clima_alerta_v2,gob_clima_encuesta_v2,gob_clima_ingreso_v2
dlk_reportabilidad_licencia;4;dlk_reportabilidad_vacante,dlk_reportabilidad_convenio_v2,dlk_reportabilidad_jefatura,dlk_reportabilidad_hora_extra;9;cci_colaborador_1_sap,template_posicion_sap,cci_convenio_sap,ppn_egreso_sap,template_colaboradores_sap,std_hr_posicion_1_sap,m4bci_cargo_1_sap,bci_colaborador_1_sap,m4vw_cargo_sap
proc_riesgo_traslado;6;proc_riesgo_evaluacion,proc_riesgo_traslado,proc_riesgo_beca_v1,proc_riesgo_indicador,proc_riesgo_unidad,proc_riesgo_centro_costo;15;gob_compensaciones_competencia_v2,gob_beneficios_alerta_v1,gob_capacitacion_beca_v1,gob_reportabilidad_colaborador_v1,gob_nomina_encuesta_v1,gob_capacitacion_egreso_v1,gob_desempeno_sucursal_v1,gob_beneficios_cargo,gob_reportabilidad_contrato_v1,gob_capacitacion_convenio_v2,gob_beneficios_cargo_v1,gob_nomina_region_v2,gob_beneficios_contrato_v1,gob_capacitacion_antiguedad_v1,template_cargo_sap
dlk_diversidad_encuesta;3;dlk_diversidad_contrato,dlk_diversidad_traslado_v1,dlk_diversidad_convenio;8;m4vw_contrato_1_sap,bci_unidad_1_sap,std_lu_job_sector_sap,m4bci_postulante_sap,m4bci_posicion_sap,template_colaboradores_sap,bci_unidad_sap,template_evaluacion_sap
dlk_movilidad_egreso;6;dlk_movilidad_bono_v2,dlk_movilidad_sucursal_v1,dlk_movilidad_postulante_v1,dlk_movilidad_ingreso,dlk_movilidad_competencia_v2,dlk_movilidad_antiguedad_v2;6;std_hr_posicion_1_sap,m4bci_postulante_sap,m4cci_posicion_sap,bci_curso_sap,bci_incidencia_sap,m4sco_beca_sap
proc_capacitacion_contrato;5;proc_capacitacion_convenio_v1,proc_capacitacion_incidencia,proc_capacitacion_competencia_v1,proc_capacitacion_ingreso,proc_capacitacion_incidencia_v1;5;gob_capacitacion_beca_v1,gob_capacitacion_egreso_v1,gob_capacitacion_antiguedad_v1,gob_capacitacion_convenio_v2,gob_capacitacion_colaborador
gob_planta_region;3;gob_planta_incidencia_v1,gob_planta_indicador,gob_planta_hora_extra;18;dlk_planta_posicion,dlk_planta_contrato_v2,sap_planta,dlk_planta_convenio_v1,dlk_planta_brecha,dlk_planta_turno_v2,dlk_planta_sucursal_v1,dlk_planta_jefatura_v2,dlk_planta_vacante,dlk_planta_ingreso_v2,dlk_planta_turno_v1,dlk_planta_bono_v2,dlk_planta_alerta,dlk_planta_antiguedad_v2,dlk_planta_contrato,dlk_planta_evaluacion_v2,std_hr_jefatura_sap,m4vw_incidencia_sap
proc_talento_cargo;6;proc_talento_colaborador_v1,proc_talento_incidencia_v1,proc_talento_centro_costo_v1,proc_talento_encuesta,proc_talento_sucursal_v1,proc_talento_competencia_v1;3;gob_talento_unidad_v1,gob_talento_postulante,gob_talento_sucursal_v1
proc_desempeno_region;6;proc_desempeno_egreso,proc_desempeno_licencia,proc_desempeno_indicador,proc_desempeno_turno_v1,proc_desempeno_encuesta_v1,proc_desempeno_ingreso_v1;6;gob_desempeno_convenio_v1,gob_desempeno_sucursal_v2,gob_desempeno_antiguedad_v2,gob_desempeno_sucursal_v1,gob_desempeno_egreso,gob_desempeno_hora_extra
proc_formacion_contrato;6;proc_formacion_incidencia,proc_formacion_centro_costo_v1,proc_formacion_ingreso,proc_formacion_postulante_v1,proc_formacion_cargo,proc_formacion_vacante_v1;7;gob_beneficios_alerta_v1,gob_talento_sucursal_v1,gob_egresos_vacante_v1,gob_beneficios_evaluacion_v2,gob_beneficios_cargo_v1,gob_reportabilidad_contrato_v1,gob_beneficios_cargo
proc_ausentismo_alerta;3;proc_ausentismo_postulante_v1,proc_ausentismo_competencia,proc_ausentismo_contrato_v1;4;gob_ausentismo_antiguedad_v1,gob_ausentismo_encuesta_v2,gob_ausentismo_beca_v1,gob_ausentismo_licencia_v1
dash_nomina_convenio;2;dash_nomina_incidencia_kpi,dash_nomina_contrato_kpi;13;gob_nomina_alerta_v2,gob_nomina_antiguedad,gob_nomina_alerta,gob_nomina_evaluacion_v2,gob_nomina_incidencia_v1,gob_nomina_ingreso_v2,gob_nomina_region_v2,gob_nomina_contrato_v2,gob_nomina_unidad_v2,gob_nomina_traslado_v2,proc_nomina_bono_v1,gob_nomina_encuesta_v1,gob_nomina_licencia
dlk_seleccion_evaluacion;2;dlk_seleccion_turno,dlk_seleccion_incidencia_v2;7;m4sco_egreso_sap,bci_postulante_sap,std_hr_convenio_sap,personales_sap,bci_curso_sap,m4bci_traslado_sap,template_alerta_sap
gob_beneficios_meta;8;gob_beneficios_antiguedad_v2,gob_beneficios_centro_costo_v2,gob_beneficios_encuesta_v2,gob_beneficios_beca_v2,gob_beneficios_sucursal_v1,gob_beneficios_hora_extra,gob_beneficios_encuesta_v1,gob_beneficios_unidad_v1;11;dlk_compensaciones_encuesta_v2,dlk_egresos_turno_v1,dlk_talento_traslado,dlk_nomina_evaluacion,dlk_movilidad_hora_extra_v2,dlk_movilidad_antiguedad,dlk_compensaciones_hora_extra_v1,dlk_capacitacion_beca,dlk_capacitacion_egreso_v1,dlk_formacion_indicador_v2,bci_cargo_1_sap
dlk_egresos_indicador;3;dlk_egresos_traslado,dlk_egresos_curso,dlk_egresos_posicion;12;ppn_sucursal_sap,m4vw_beca_sap,template_alerta_sap,std_lu_contrato_sap,bci_colaborador_1_sap,bci_region_sap,m4bci_ingreso_sap,m4bci_centro_costo_sap,m4vw_antiguedad_sap,m4vw_contrato_1_sap,std_lu_evaluacion_sap,m4cci_evaluacion_sap
proc_compensaciones_evaluacion;2;proc_compensaciones_alerta_v1,proc_compensaciones_curso;16;gob_compensaciones_turno_v1,gob_compensaciones_turno_v2,gob_compensaciones_postulante_v1,gob_compensaciones_traslado_v2,gob_compensaciones_licencia,gob_compensaciones_centro_costo_v2,gob_compensaciones_meta_v2,gob_compensaciones_colaborador_v1,gob_compensaciones_antiguedad_v2,gob_compensaciones_sucursal_v2,gob_compensaciones_traslado,gob_compensaciones_evaluacion_v1,gob_compensaciones_competencia_v2,gob_compensaciones_incidencia,gob_compensaciones_sucursal,bci_colaborador_1_sap
proc_clima_meta;6;proc_clima_hora_extra_v1,proc_clima_cargo_v1,proc_clima_turno_v1,proc_clima_hora_extra,proc_clima_evaluacion,proc_clima_unidad_v1;5;gob_clima_colaborador_v1,gob_clima_posicion_v1,gob_clima_ingreso_v2,gob_clima_encuesta_v2,gob_clima_alerta_v2
proc_reportabilidad_unidad_01;3;proc_reportabilidad_postulante,proc_reportabilidad_competencia,proc_reportabilidad_licencia_v1;6;gob_reportabilidad_contrato_v1,gob_reportabilidad_ingreso_v2,gob_reportabilidad_colaborador_v1,gob_reportabilidad_encuesta_v1,gob_reportabilidad_alerta_v1,gob_reportabilidad_traslado
dlk_riesgo_colaborador;4;dlk_riesgo_antiguedad_v2,dlk_riesgo_sucursal_v1,dlk_riesgo_egreso_v2,dlk_riesgo_postulante;13;bci_incidencia_sap,m4vw_evaluacion_sap,m4bci_postulante_sap,std_lu_edu_dip_lev_sap,std_hr_convenio_sap,bci_colaborador_1_sap,m4sco_sucursal_sap,m4bci_unidad_1_sap,std_hr_contrato_sap,cci_altas_futuras_sap,bci_licencia_sap,template_cargo_sap,template_centro_costo_sap
gob_diversidad_competencia;6;gob_diversidad_posicion,gob_diversidad_bono_v1,gob_diversidad_egreso_v1,gob_diversidad_unidad_v1,gob_diversidad_colaborador,gob_diversidad_licencia_v2;17;dlk_diversidad_beca_v1,dlk_diversidad_ingreso,dlk_diversidad_colaborador_v1,dlk_diversidad_brecha_v1,dlk_diversidad_competencia_v2,dlk_diversidad_brecha_v2,dlk_diversidad_antiguedad_v2,dlk_diversidad_jefatura_v1,dlk_diversidad_antiguedad_v1,dlk_diversidad_postulante,dlk_diversidad_egreso_v1,dlk_diversidad_convenio,dlk_diversidad_traslado_v1,dlk_diversidad_contrato,dlk_diversidad_contrato_v1,dlk_diversidad_hora_extra_v2,std_hr_contrato_sap
gob_movilidad_cargo;4;gob_movilidad_sucursal_v1,gob_movilidad_postulante,gob_movilidad_jefatura_v2,gob_movilidad_turno;16;dlk_movilidad_indicador_v1,dlk_movilidad_unidad_v2,dlk_movilidad_centro_costo_v2,dlk_movilidad_antiguedad,dlk_movilidad_beca_v2,dlk_movilidad_hora_extra_v2,dlk_movilidad_jefatura_v1,dlk_movilidad_colaborador_v2,dlk_movilidad_ingreso,dlk_movilidad_bono_v2,dlk_movilidad_turno_v1,dlk_movilidad_antiguedad_v2,dlk_movilidad_evaluacion,dlk_movilidad_contrato,dlk_movilidad_competencia_v2,m4cci_postulante_sap
gob_capacitacion_ingreso;7;gob_capacitacion_beca,gob_capacitacion_traslado_v1,gob_capacitacion_competencia_v2,gob_capacitacion_evaluacion_v1,gob_capacitacion_incidencia_v2,gob_capacitacion_antiguedad,gob_capacitacion_egreso;14;dlk_capacitacion_egreso_v1,dlk_capacitacion_licencia_v1,dlk_capacitacion_jefatura_v1,dlk_capacitacion_bono_v2,dlk_capacitacion_meta,dlk_capacitacion_beca,dlk_capacitacion_vacante_v1,dlk_capacitacion_encuesta,dlk_capacitacion_contrato,dlk_capacitacion_curso_v2,dlk_capacitacion_colaborador_v2,dlk_capacitacion_brecha,dlk_capacitacion_colaborador,m4sco_evaluacion_sap
gob_planta_encuesta;5;gob_planta_alerta,gob_planta_meta,gob_planta_antiguedad_v2,gob_planta_convenio_v2,gob_planta_sucursal_v2;24;dlk_planta_brecha,dlk_planta_convenio_v1,dlk_planta_antiguedad_v2,dlk_planta_turno_v1,dlk_planta_posicion,dlk_planta_contrato,dlk_planta_vacante,dlk_planta_alerta,dlk_planta_curso,dlk_planta_sucursal_v1,dlk_planta_bono_v2,dlk_planta_turno_v2,sap_planta,dlk_planta_jefatura_v2,dlk_planta_evaluacion,dlk_planta_ingreso_v2,dlk_planta_contrato_v2,dlk_planta_evaluacion_v2,dlk_planta_ingreso_v1,dlk_planta_region_v1,dlk_planta_encuesta_v2,dlk_planta_colaborador,dlk_planta_posicion_v1,bci_alerta_sap
dlk_talento_sucursal;5;dlk_talento_turno_v2,dlk_talento_turno_v1,dlk_talento_traslado_v2,dlk_talento_sucursal_v1,dlk_talento_convenio_v2;5;bci_indicador_sap,std_hr_hora_extra_sap,desempeno_conductas_claves_2022_sap,bci_bono_sap,m4vw_incidencia_sap
dlk_desempeno_encuesta;5;dlk_desempeno_traslado_v1,dlk_desempeno_centro_costo,dlk_desempeno_postulante,dlk_desempeno_jefatura_v1,dlk_desempeno_alerta;13;m4bci_postulante_sap,cci_colaborador_sap,bci_hora_extra_sap,m4bci_posicion_sap,cat_desempeno_2023_sap,std_lu_colaborador_1_sap,std_lu_evaluacion_sap,bci_incidencia_sap,bci_bono_sap,m4sco_curso_sap,ppn_familia_cargo_sap,std_lu_contrato_sap,bci_egreso_sap
dlk_formacion_egreso;2;dlk_formacion_ingreso_v1,dlk_formacion_beca_v2;14;std_hr_beca_sap,cci_convenio_sap,m4cci_competencia_sap,m4bci_ingreso_sap,m4vw_incidencia_sap,ppn_beca_sap,desempeno_conductas_claves_2022_sap,bci_egreso_sap,m4vw_bono_sap,bci_hora_extra_sap,m4sco_evaluacion_sap,bci_curso_sap,m4vw_cargo_sap,template_licencia_sap
dlk_ausentismo_indicador;5;dlk_ausentismo_postulante,dlk_ausentismo_posicion_v2,dlk_ausentismo_brecha_v2,dlk_ausentismo_jefatura_v1,dlk_ausentismo_ingreso_v1;10;m4sco_r_job_dut_sap,cci_convenio_sap,std_hr_evaluacion_sap,cci_antiguedad_sap,std_hr_jefatura_1_sap,template_incidencia_sap,std_lu_contrato_sap,m4sar_h_sal_vac_sap,m4vw_convenio_sap,m4bci_licencia_sap
dash_nomina_centro_costo;3;dash_nomina_evaluacion_kpi,dash_nomina_unidad_kpi,dash_nomina_jefatura_kpi;11;gob_nomina_traslado_v2,gob_nomina_ingreso_v2,proc_nomina_contrato,gob_nomina_region_v2,gob_nomina_encuesta_v1,gob_nomina_incidencia_v1,gob_nomina_evaluacion_v2,proc_nomina_bono_v1,gob_nomina_unidad_v2,gob_nomina_antiguedad,gob_nomina_contrato_v2
gob_seleccion_unidad;8;gob_seleccion_brecha_v2,gob_seleccion_vacante,gob_seleccion_convenio,gob_seleccion_alerta,gob_seleccion_cargo,gob_seleccion_region_v1,gob_seleccion_curso_v1,gob_seleccion_jefatura;10;dlk_seleccion_hora_extra,dlk_seleccion_contrato,dlk_seleccion_brecha_v2,dlk_seleccion_ingreso_v2,dlk_seleccion_evaluacion_v1,dlk_seleccion_meta_v2,dlk_seleccion_contrato_v2,dlk_seleccion_turno_v1,dlk_seleccion_sucursal_v2,std_lu_postulante_sap
dash_beneficios_turno;3;dash_beneficios_cargo_kpi,dash_beneficios_jefatura_kpi,dash_beneficios_unidad_kpi;9;gob_beneficios_indicador_v2,gob_beneficios_cargo_v1,gob_beneficios_contrato_v1,gob_beneficios_cargo,gob_beneficios_incidencia_v2,gob_beneficios_ingreso,gob_beneficios_curso_v2,gob_beneficios_jefatura_v1,gob_beneficios_colaborador
gob_egresos_hora_extra;8;gob_egresos_egreso_v2,gob_egresos_competencia_v1,gob_egresos_region_v1,gob_egresos_evaluacion,gob_egresos_colaborador,gob_egresos_licencia_v1,gob_egresos_jefatura_v1,gob_egresos_unidad_v2;17;dlk_egresos_licencia,dlk_egresos_evaluacion_v2,dlk_egresos_licencia_v2,dlk_egresos_centro_costo_v2,dlk_egresos_vacante,dlk_egresos_region,dlk_egresos_vacante_v2,dlk_egresos_indicador,dlk_egresos_hora_extra_v2,dlk_egresos_beca,dlk_egresos_turno_v1,dlk_egresos_meta_v2,dlk_egresos_bono_v2,dlk_egresos_traslado,dlk_egresos_curso,dlk_egresos_meta,m4cci_posicion_sap
gob_compensaciones_brecha;6;gob_compensaciones_evaluacion_v2,gob_compensaciones_curso,gob_compensaciones_unidad_v2,gob_compensaciones_colaborador_v2,gob_compensaciones_traslado_v1,gob_compensaciones_competencia;8;dlk_compensaciones_centro_costo_v1,dlk_compensaciones_licencia_v1,dlk_compensaciones_hora_extra_v1,dlk_compensaciones_encuesta_v2,dlk_compensaciones_vacante,dlk_compensaciones_meta_v1,dlk_compensaciones_competencia,bci_convenio_sap
dlk_clima_hora_extra;5;dlk_clima_hora_extra_v2,dlk_clima_incidencia_v1,dlk_clima_sucursal,dlk_clima_unidad_v2,dlk_clima_unidad;4;cci_traslado_sap,m4bci_excep_sap,template_licencia_sap,template_cargo_sap
dlk_reportabilidad_meta_01;6;dlk_reportabilidad_turno,dlk_reportabilidad_indicador,dlk_reportabilidad_alerta_v1,dlk_reportabilidad_competencia_v1,dlk_reportabilidad_cargo_v1,dlk_reportabilidad_posicion;14;m4bci_traslado_sap,template_curso_sap,bci_beca_sap,m4sco_colaborador_sap,std_hr_bono_sap,bci_unidad_1_sap,m4vw_hora_extra_sap,std_hr_jefatura_sap,std_lu_job_sector_sap,cci_antiguedad_sap,template_colaboradores_sap,m4bci_posicion_sap,m4cci_posicion_sap,std_lu_contrato_sap
gob_riesgo_unidad;8;gob_riesgo_jefatura_v2,gob_riesgo_brecha,gob_riesgo_licencia_v2,gob_riesgo_colaborador_v2,gob_riesgo_licencia,gob_riesgo_posicion_v2,gob_riesgo_ingreso,gob_riesgo_cargo_v2;22;dlk_riesgo_competencia,dlk_riesgo_contrato_v1,dlk_riesgo_meta,dlk_riesgo_antiguedad_v2,dlk_riesgo_curso_v2,dlk_riesgo_incidencia_v2,dlk_riesgo_alerta_v1,dlk_riesgo_posicion_v2,dlk_riesgo_bono,dlk_riesgo_evaluacion_v1,dlk_riesgo_contrato_v2,dlk_riesgo_encuesta_v1,dlk_riesgo_antiguedad_v1,dlk_riesgo_bono_v2,dlk_riesgo_competencia_v1,dlk_riesgo_hora_extra_v2,dlk_riesgo_bono_v1,dlk_riesgo_ingreso,dlk_riesgo_sucursal_v1,dlk_riesgo_postulante,dlk_riesgo_egreso_v2,m4vw_jerarquia_uo_sap
dlk_diversidad_postulante;6;dlk_diversidad_indicador_v1,dlk_diversidad_meta,dlk_diversidad_postulante_v1,dlk_diversidad_encuesta_v2,dlk_diversidad_incidencia,dlk_diversidad_turno_v2;7;std_lu_evaluacion_sap,m4vw_bono_sap,std_hr_jefatura_sap,m4sco_evaluacion_sap,bci_incidencia_sap,std_hr_unidad_sap,m4sco_competencia_sap
proc_movilidad_unidad;3;proc_movilidad_beca_v1,proc_movilidad_postulante,proc_movilidad_incidencia;13;gob_movilidad_region_v1,gob_movilidad_colaborador_v2,gob_movilidad_evaluacion_v2,gob_movilidad_jefatura_v2,gob_movilidad_egreso_v1,gob_movilidad_sucursal,gob_movilidad_jefatura_v1,gob_movilidad_ingreso,gob_movilidad_posicion_v2,gob_movilidad_licencia_v2,gob_movilidad_bono,gob_movilidad_contrato_v1,gob_movilidad_posicion_v1
dash_capacitacion_sucursal;4;dash_capacitacion_cargo_kpi,dash_capacitacion_colaborador_kpi,dash_capacitacion_jefatura_kpi,dash_nomina_contrato_kpi;9;gob_capacitacion_egreso_v1,gob_capacitacion_colaborador,gob_capacitacion_antiguedad_v1,gob_capacitacion_convenio_v2,gob_capacitacion_beca_v1,gob_capacitacion_incidencia_v2,proc_capacitacion_convenio_v1,gob_capacitacion_traslado_v1,proc_capacitacion_incidencia_v1
gob_planta_brecha;8;gob_planta_posicion_v1,gob_planta_turno,gob_planta_cargo_v1,gob_planta_unidad_v1,gob_planta_jefatura_v1,gob_planta_traslado_v2,gob_planta_jefatura_v2,gob_planta_centro_costo_v2;19;dlk_planta_convenio_v1,dlk_planta_alerta,dlk_planta_evaluacion_v2,sap_planta,dlk_planta_bono_v2,dlk_planta_posicion,dlk_planta_contrato_v2,dlk_planta_ingreso_v1,dlk_planta_turno_v2,dlk_planta_curso,dlk_planta_sucursal_v1,dlk_planta_region_v1,dlk_planta_turno_v1,dlk_planta_posicion_v1,dlk_planta_ingreso_v2,dlk_planta_contrato,dlk_planta_evaluacion,dlk_planta_encuesta_v2,std_lu_wt_type_sap
dlk_talento_egreso_01;3;dlk_talento_licencia,dlk_talento_beca_v1,dlk_talento_beca_v2;12;std_lu_evaluacion_sap,std_lu_encuesta_sap,std_lu_unidad_sap,m4vw_unidad_1_sap,m4vw_incidencia_sap,cci_beca_sap,bci_incidencia_sap,m4bci_unidad_sap,std_hr_jefatura_sap,bci_licencia_sap,desempeno_conductas_claves_2022_sap,std_lu_contrato_sap
proc_desempeno_beca_01;6;proc_desempeno_beca,proc_desempeno_meta_v1,proc_desempeno_region_v1,proc_desempeno_beca_v1,proc_desempeno_region,proc_desempeno_posicion;6;gob_desempeno_sucursal_v1,gob_desempeno_egreso,gob_desempeno_antiguedad_v2,gob_desempeno_convenio_v1,gob_desempeno_sucursal_v2,gob_desempeno_hora_extra
gob_formacion_brecha;6;gob_formacion_brecha,gob_formacion_sucursal,gob_formacion_competencia_v2,gob_formacion_curso,gob_formacion_indicador_v2,gob_formacion_region;13;dlk_formacion_egreso,dlk_formacion_meta,dlk_formacion_alerta_v2,dlk_formacion_indicador_v2,dlk_formacion_sucursal_v2,dlk_formacion_encuesta_v2,dlk_formacion_convenio_v2,dlk_formacion_turno_v1,dlk_formacion_centro_costo_v2,dlk_formacion_evaluacion,dlk_formacion_vacante_v1,dlk_formacion_competencia_v2,std_lu_job_sector_sap
dlk_ausentismo_evaluacion;6;dlk_ausentismo_meta_v1,dlk_ausentismo_colaborador_v2,dlk_ausentismo_sucursal_v1,dlk_ausentismo_region,dlk_ausentismo_colaborador,dlk_ausentismo_beca_v2;12;std_hr_unidad_sap,m4bci_contrato_sap,m4bci_egreso_sap,std_lu_contrato_sap,m4sco_colaborador_sap,template_postulante_sap,std_lu_unidad_sap,m4sco_postulante_sap,bci_colaborador_1_sap,bci_antiguedad_sap,template_licencia_sap,m4bci_evaluacion_sap
gob_nomina_alerta;7;gob_nomina_convenio_v2,gob_nomina_ingreso_v1,gob_nomina_indicador_v1,gob_nomina_licencia_v1,gob_nomina_bono,gob_nomina_brecha_v1,gob_nomina_sucursal_v1;14;dlk_nomina_encuesta_v1,dlk_nomina_alerta,dlk_nomina_bono_v1,dlk_nomina_competencia_v2,dlk_nomina_contrato_v2,dlk_nomina_evaluacion,dlk_nomina_meta,dlk_nomina_colaborador_v2,dlk_nomina_hora_extra_v1,dlk_nomina_sucursal_v2,dlk_nomina_traslado_v2,dlk_nomina_ingreso,dlk_nomina_curso_v2,bci_colaborador_1_sap
gob_seleccion_posicion;5;gob_seleccion_brecha,gob_seleccion_competencia_v1,gob_seleccion_curso_v2,gob_seleccion_postulante_v2,gob_seleccion_traslado;23;dlk_seleccion_contrato,dlk_seleccion_jefatura_v2,dlk_seleccion_evaluacion_v1,dlk_seleccion_licencia_v2,dlk_seleccion_contrato_v2,dlk_seleccion_ingreso_v2,dlk_seleccion_turno_v1,dlk_seleccion_brecha_v2,dlk_seleccion_meta_v2,dlk_seleccion_convenio,dlk_seleccion_hora_extra,dlk_seleccion_sucursal_v2,dlk_seleccion_unidad_v1,dlk_seleccion_hora_extra_v2,dlk_seleccion_turno,dlk_seleccion_posicion_v2,dlk_seleccion_incidencia_v2,dlk_seleccion_egreso_v2,dlk_seleccion_unidad,dlk_seleccion_region,dlk_seleccion_cargo,dlk_seleccion_region_v1,bci_incidencia_sap
gob_beneficios_indicador;8;gob_beneficios_centro_costo,gob_beneficios_indicador_v1,gob_beneficios_licencia_v2,gob_beneficios_meta_v2,gob_beneficios_egreso_v1,gob_beneficios_turno_v2,gob_beneficios_traslado,gob_beneficios_convenio_v1;13;sap_planta,dlk_riesgo_bono_v1,dlk_movilidad_evaluacion,dlk_seleccion_unidad,dlk_ausentismo_colaborador_v1,dlk_compensaciones_hora_extra_v1,dlk_ausentismo_egreso,dlk_seleccion_brecha_v2,dlk_planta_posicion,dlk_egresos_vacante_v2,dlk_diversidad_convenio,dlk_seleccion_licencia_v2,std_hr_centro_costo_sap
gob_egresos_posicion;5;gob_egresos_postulante_v1,gob_egresos_alerta,gob_egresos_centro_costo_v2,gob_egresos_brecha_v1,gob_egresos_hora_extra_v1;17;dlk_egresos_licencia_v2,dlk_egresos_vacante,dlk_egresos_indicador,dlk_egresos_vacante_v2,dlk_egresos_curso,dlk_egresos_turno_v1,dlk_egresos_beca,dlk_egresos_hora_extra_v2,dlk_egresos_meta_v2,dlk_egresos_evaluacion_v2,dlk_egresos_meta,dlk_egresos_region,dlk_egresos_bono_v2,dlk_egresos_traslado,dlk_egresos_centro_costo_v2,dlk_egresos_licencia,std_hr_jefatura_sap
dlk_compensaciones_posicion;6;dlk_compensaciones_jefatura,dlk_compensaciones_licencia,dlk_compensaciones_beca_v2,dlk_compensaciones_cargo,dlk_compensaciones_competencia_v2,dlk_compensaciones_competencia_v1;9;m4bci_postulante_sap,bci_licencia_sap,std_lu_unidad_sap,m4vw_incidencia_sap,std_hr_jefatura_sap,cci_competencia_sap,std_hr_evaluacion_sap,m4vw_unidad_1_sap,planta_dia_sap
proc_clima_bono;6;proc_clima_meta,proc_clima_vacante,proc_clima_licencia,proc_clima_curso_v1,proc_clima_indicador,proc_clima_bono_v1;5;gob_clima_encuesta_v2,gob_clima_ingreso_v2,gob_clima_colaborador_v1,gob_clima_alerta_v2,gob_clima_posicion_v1
dlk_reportabilidad_evaluacion;3;dlk_reportabilidad_licencia_v1,dlk_reportabilidad_meta,dlk_reportabilidad_encuesta;14;std_lu_evaluacion_sap,m4sco_evaluacion_sap,m4cci_postulante_sap,m4bci_antiguedad_sap,std_lu_unidad_sap,m4bci_traslado_sap,categoria_desempeno_2021_sap,m4vw_antiguedad_sap,template_colaboradores_sap,bci_incidencia_sap,ppn_alerta_sap,m4vw_unidad_1_sap,m4bci_region_sap,std_hr_contrato_sap
dlk_riesgo_egreso;4;dlk_riesgo_egreso_v1,dlk_riesgo_licencia_v2,dlk_riesgo_cargo,dlk_riesgo_licencia;13;bci_hora_extra_sap,template_colaboradores_sap,bci_unidad_1_sap,bci_incidencia_sap,std_hr_convenio_sap,m4vw_evaluacion_sap,m4vw_antiguedad_sap,m4vw_contrato_1_sap,m4bci_postulante_sap,template_licencia_sap,ppn_egreso_sap,m4bci_unidad_1_sap,m4cci_evaluacion_sap
dlk_diversidad_hora_extra;5;dlk_diversidad_sucursal_v2,dlk_diversidad_vacante_v2,dlk_diversidad_ingreso_v1,dlk_diversidad_evaluacion_v2,dlk_diversidad_postulante_v2;14;bci_vacante_sap,template_encuesta_sap,m4sco_egreso_sap,ppn_beca_sap,bci_colaborador_1_sap,m4vw_hora_extra_sap,desempeno_conductas_claves_2022_sap,template_alerta_sap,template_cargos_detalle_sap,cci_colaborador_sap,m4sco_competencia_sap,bci_hora_extra_sap,bci_licencia_sap,bci_beca_sap
dlk_movilidad_curso;5;dlk_movilidad_colaborador,dlk_movilidad_curso,dlk_movilidad_hora_extra_v1,dlk_movilidad_encuesta_v2,dlk_movilidad_licencia;14;m4bci_centro_costo_sap,template_licencia_sap,bci_egreso_sap,bci_bono_sap,cci_familia_puesto_sap,m4vw_beca_sap,std_hr_unidad_sap,std_lu_encuesta_sap,m4vw_evaluacion_sap,cci_curso_sap,bci_incidencia_sap,m4bci_usu_sap,m4bci_postulante_sap,bci_licencia_sap
gob_capacitacion_vacante;8;gob_capacitacion_ingreso_v1,gob_capacitacion_sucursal_v2,gob_capacitacion_jefatura_v1,gob_capacitacion_jefatura_v2,gob_capacitacion_alerta_v1,gob_capacitacion_indicador_v1,gob_capacitacion_brecha_v1,gob_capacitacion_vacante_v1;13;dlk_capacitacion_colaborador,dlk_capacitacion_licencia_v1,dlk_capacitacion_egreso_v1,dlk_capacitacion_vacante_v1,dlk_capacitacion_brecha,dlk_capacitacion_encuesta,dlk_capacitacion_jefatura_v1,dlk_capacitacion_beca,dlk_capacitacion_curso_v2,dlk_capacitacion_contrato,dlk_capacitacion_colaborador_v2,dlk_capacitacion_bono_v2,m4sco_competencia_sap
gob_planta_brecha_01;7;gob_planta_licencia_v1,gob_planta_postulante,gob_planta_competencia,gob_planta_egreso_v1,gob_planta_vacante,gob_planta_beca_v1,gob_planta_antiguedad_v1;21;dlk_planta_contrato_v2,dlk_planta_posicion,dlk_planta_sucursal_v1,dlk_planta_ingreso_v2,dlk_planta_convenio_v1,dlk_planta_posicion_v1,dlk_planta_colaborador,dlk_planta_evaluacion_v2,dlk_planta_evaluacion,dlk_planta_brecha,dlk_planta_centro_costo_v2,dlk_planta_vacante,dlk_planta_antiguedad_v2,dlk_planta_alerta,dlk_planta_region_v1,dlk_planta_turno_v2,sap_planta,dlk_planta_contrato,dlk_planta_jefatura_v2,dlk_planta_turno_v1,std_lu_contrato_sap
dlk_talento_licencia;3;dlk_talento_competencia_v2,maestro_talento,dlk_nomina_encuesta_v1;10;template_cargo_sap,template_cargos_detalle_sap,m4sco_beca_sap,m4vw_incidencia_sap,m4vw_antiguedad_sap,ppn_ingreso_sap,m4vw_hora_extra_sap,cci_convenio_sap,m4vw_ingreso_sap,std_hr_convenio_sap
gob_desempeno_jefatura;6;gob_desempeno_evaluacion_v1,gob_desempeno_centro_costo_v1,gob_desempeno_alerta_v1,gob_desempeno_posicion_v2,gob_desempeno_turno_v1,gob_desempeno_bono_v1;14;dlk_desempeno_traslado_v2,dlk_desempeno_hora_extra_v2,dlk_desempeno_antiguedad_v2,dlk_desempeno_indicador_v2,dlk_desempeno_licencia_v2,dlk_desempeno_contrato_v1,dlk_desempeno_centro_costo_v1,dlk_desempeno_centro_costo_v2,dlk_desempeno_sucursal,dlk_desempeno_posicion_v1,dlk_desempeno_centro_costo,dlk_desempeno_traslado_v1,dlk_desempeno_brecha_v2,bci_colaborador_1_sap
dlk_formacion_bono;3;dlk_formacion_beca,dlk_formacion_colaborador_v1,dlk_formacion_alerta_v1;8;template_egreso_sap,template_vacante_sap,template_centro_costo_sap,template_cargos_detalle_sap,m4bci_posicion_sap,m4bci_unidad_1_sap,cci_traslado_sap,bci_region_sap
gob_ausentismo_antiguedad;6;gob_ausentismo_cargo_v2,gob_ausentismo_incidencia,gob_ausentismo_indicador,gob_ausentismo_turno_v1,gob_ausentismo_bono_v1,gob_ausentismo_postulante_v1;22;dlk_ausentismo_egreso,dlk_ausentismo_jefatura_v2,dlk_ausentismo_turno,dlk_ausentismo_colaborador_v1,dlk_ausentismo_unidad_v1,ppn_ausentismos_incidencia,dlk_ausentismo_bono_v2,dlk_ausentismo_beca_v2,dlk_ausentismo_colaborador_v2,dlk_ausentismo_sucursal_v1,dlk_ausentismo_turno_v2,ppn_ausentismos_dia,dlk_ausentismo_brecha_v2,dlk_ausentismo_meta_v1,dlk_ausentismo_sucursal,dlk_ausentismo_posicion_v1,dlk_ausentismo_meta,dlk_ausentismo_postulante_v2,dlk_ausentismo_convenio_v2,dlk_ausentismo_ingreso_v1,cci_antiguedad_sap,m4bci_centro_costo_sap
proc_nomina_indicador;2;proc_nomina_antiguedad,proc_nomina_traslado_v1;12;gob_nomina_traslado_v2,gob_nomina_incidencia_v1,gob_nomina_encuesta_v1,gob_nomina_alerta_v2,gob_nomina_licencia_v1,gob_nomina_alerta,gob_nomina_region_v2,gob_nomina_ingreso_v2,gob_nomina_contrato_v2,gob_nomina_bono,gob_nomina_evaluacion_v2,gob_nomina_licencia
proc_seleccion_vacante;5;proc_seleccion_region,proc_seleccion_incidencia_v1,proc_seleccion_colaborador,proc_seleccion_hora_extra,proc_seleccion_contrato;8;gob_seleccion_competencia_v1,gob_seleccion_alerta,gob_seleccion_brecha_v2,gob_seleccion_jefatura,gob_seleccion_region_v1,gob_seleccion_curso_v1,gob_seleccion_traslado,gob_seleccion_postulante_v2
dlk_beneficios_meta;2;dlk_beneficios_brecha_v2,dlk_beneficios_traslado_v1;5;m4cci_posicion_sap,template_alerta_sap,std_lu_evaluacion_sap,std_hr_evaluacion_sap,m4vw_jerarquia_uo_sap
gob_egresos_vacante;5;gob_egresos_brecha_v2,gob_egresos_unidad_v1,gob_egresos_colaborador_v1,gob_egresos_hora_extra,gob_egresos_indicador;18;dlk_egresos_evaluacion_v2,dlk_egresos_licencia_v2,dlk_egresos_curso,dlk_egresos_turno_v1,dlk_egresos_vacante_v2,dlk_egresos_vacante,dlk_egresos_traslado,dlk_egresos_centro_costo_v2,dlk_egresos_region,dlk_egresos_meta_v2,dlk_egresos_meta,dlk_egresos_bono_v2,dlk_egresos_licencia,dlk_egresos_indicador,dlk_egresos_beca,dlk_egresos_hora_extra_v2,dlk_egresos_posicion,bci_colaborador_1_sap
dlk_compensaciones_jefatura;7;dlk_compensaciones_region_v2,dlk_compensaciones_curso,dlk_compensaciones_alerta,dlk_compensaciones_unidad_v1,dlk_compensaciones_contrato,dlk_compensaciones_ingreso_v1,dlk_planta_region_v1;12;bci_hora_extra_sap,m4cci_sucursal_sap,template_antiguedad_sap,std_lu_traslado_sap,ppn_bono_sap,m4vw_beca_sap,m4vw_incidencia_sap,template_curso_sap,m4cci_posicion_sap,std_lu_turno_sap,m4sco_evaluacion_sap,bci_bono_sap
proc_clima_turno_01;4;proc_clima_posicion,proc_clima_colaborador,proc_clima_brecha_v1,proc_clima_antiguedad;5;gob_clima_ingreso_v2,gob_clima_encuesta_v2,gob_clima_colaborador_v1,gob_clima_posicion_v1,gob_clima_alerta_v2
dlk_reportabilidad_region;6;dlk_reportabilidad_postulante_v2,dlk_reportabilidad_curso_v1,dlk_reportabilidad_evaluacion,dlk_reportabilidad_vacante_v2,dlk_reportabilidad_convenio,dlk_reportabilidad_incidencia;14;m4sco_sucursal_sap,ppn_familia_cargo_sap,std_hr_posicion_sap,panel_alertas_ssnn_sap,m4vw_ingreso_sap,std_hr_jefatura_sap,m4vw_unidad_1_sap,m4bci_postulante_sap,template_incidencia_sap,m4bci_ingreso_sap,cci_colaborador_1_sap,std_hr_per_d_incid_sap,std_lu_unidad_sap,m4vw_cargo_sap
gob_riesgo_postulante;8;gob_riesgo_alerta_v1,gob_riesgo_beca,gob_riesgo_colaborador_v1,gob_riesgo_postulante,gob_riesgo_hora_extra,gob_riesgo_competencia_v2,gob_riesgo_vacante_v1,gob_riesgo_ingreso_v1;12;dlk_riesgo_ingreso,dlk_riesgo_curso_v2,dlk_riesgo_postulante,dlk_riesgo_hora_extra_v2,dlk_riesgo_egreso_v2,dlk_riesgo_alerta_v1,dlk_riesgo_encuesta_v1,dlk_riesgo_competencia,dlk_riesgo_contrato_v1,dlk_riesgo_bono_v1,std_hr_posicion_1_sap,std_hr_beca_sap
gob_diversidad_antiguedad;6;gob_diversidad_vacante_v1,gob_diversidad_indicador_v2,gob_diversidad_incidencia_v2,gob_diversidad_colaborador_v2,gob_diversidad_ingreso_v1,gob_diversidad_encuesta;21;dlk_diversidad_jefatura_v1,dlk_diversidad_brecha_v2,dlk_diversidad_postulante,dlk_diversidad_convenio,dlk_diversidad_beca_v1,dlk_diversidad_hora_extra_v2,dlk_diversidad_competencia_v2,dlk_diversidad_antiguedad_v2,dlk_diversidad_colaborador_v1,dlk_diversidad_contrato_v1,dlk_diversidad_egreso_v1,dlk_diversidad_ingreso,dlk_diversidad_brecha_v1,dlk_diversidad_contrato,dlk_diversidad_evaluacion_v2,dlk_diversidad_antiguedad_v1,dlk_diversidad_sucursal_v2,dlk_diversidad_indicador_v1,dlk_diversidad_traslado_v1,dlk_diversidad_encuesta_v2,bci_incidencia_sap
proc_movilidad_egreso;5;proc_movilidad_sucursal_v1,proc_movilidad_jefatura_v1,proc_movilidad_encuesta_v1,proc_movilidad_beca,proc_movilidad_centro_costo;16;gob_movilidad_beca,gob_movilidad_jefatura_v1,gob_movilidad_colaborador_v2,gob_movilidad_posicion_v1,gob_movilidad_meta,gob_movilidad_turno,gob_movilidad_evaluacion_v2,gob_movilidad_sucursal,gob_movilidad_region_v1,gob_movilidad_contrato_v1,gob_movilidad_ingreso,gob_movilidad_posicion_v2,gob_movilidad_egreso_v1,gob_movilidad_competencia_v2,gob_movilidad_jefatura_v2,gob_movilidad_sucursal_v1
dash_capacitacion_posicion;6;dash_capacitacion_contrato_kpi,dash_capacitacion_unidad_kpi,dash_capacitacion_evaluacion_kpi,dash_capacitacion_incidencia_kpi,dash_capacitacion_posicion_kpi,dash_planta_jefatura_kpi;12;gob_capacitacion_beca_v1,gob_capacitacion_egreso_v1,gob_capacitacion_antiguedad_v1,gob_capacitacion_colaborador,gob_capacitacion_incidencia_v2,gob_capacitacion_convenio_v2,gob_capacitacion_antiguedad,gob_capacitacion_alerta_v1,gob_capacitacion_indicador_v1,gob_capacitacion_jefatura_v1,gob_capacitacion_egreso,gob_capacitacion_vacante_v1
proc_planta_turno;4;proc_planta_indicador,proc_planta_region_v1,proc_planta_incidencia,proc_planta_hora_extra;17;gob_planta_meta,gob_planta_licencia_v1,gob_planta_traslado_v2,gob_planta_unidad_v1,gob_planta_convenio_v2,gob_planta_jefatura_v2,gob_planta_postulante,gob_planta_sucursal_v2,gob_planta_incidencia_v1,gob_planta_centro_costo_v2,gob_planta_hora_extra,gob_planta_antiguedad_v2,gob_planta_posicion_v1,gob_planta_vacante,gob_planta_egreso_v1,gob_planta_cargo_v1,gob_planta_alerta
proc_talento_meta;2;proc_talento_bono_v1,proc_talento_posicion;3;gob_talento_postulante,gob_talento_sucursal_v1,gob_talento_unidad_v1
dlk_desempeno_indicador;6;dlk_desempeno_region_v1,dlk_desempeno_jefatura_v2,dlk_desempeno_unidad,dlk_desempeno_contrato_v2,dlk_desempeno_incidencia_v2,dlk_desempeno_ingreso_v1;7;bci_egreso_sap,m4sco_centro_costo_sap,cci_antiguedad_sap,m4cci_competencia_sap,ppn_colaboradores_sap,std_lu_posicion_sap,m4vw_hora_extra_sap
dlk_formacion_turno;3;dlk_formacion_sucursal_v1,dlk_formacion_bono_v1,dlk_formacion_postulante_v1;14;bci_incidencia_sap,std_country_sap,cci_convenio_sap,m4bci_ingreso_sap,std_lu_unidad_sap,std_hr_contrato_sap,std_lu_job_sector_sap,m4sco_evaluacion_sap,m4vw_jerarquia_uo_sap,bci_colaborador_1_sap,m4bci_antiguedad_sap,m4bci_convenio_sap,std_lu_jefatura_sap,m4bci_region_sap
proc_ausentismo_cargo;3;proc_ausentismo_beca,proc_ausentismo_region,proc_ausentismo_hora_extra;6;gob_ausentismo_antiguedad_v1,gob_ausentismo_encuesta_v2,gob_ausentismo_beca_v1,gob_ausentismo_licencia_v1,gob_ausentismo_cargo_v2,gob_ausentismo_incidencia
gob_nomina_cargo;8;gob_nomina_jefatura_v2,gob_nomina_incidencia,gob_nomina_traslado_v1,gob_nomina_vacante,gob_nomina_region,gob_nomina_hora_extra_v1,gob_nomina_vacante_v2,gob_nomina_alerta_v1;11;dlk_nomina_evaluacion,dlk_nomina_sucursal_v2,dlk_nomina_encuesta_v1,dlk_nomina_competencia_v2,dlk_nomina_meta,dlk_nomina_bono_v1,dlk_nomina_hora_extra_v1,dlk_nomina_contrato_v2,dlk_nomina_alerta,dlk_nomina_ingreso,template_colaboradores_sap
gob_seleccion_colaborador;7;gob_seleccion_unidad,gob_seleccion_alerta_v1,gob_seleccion_indicador,gob_seleccion_brecha_v1,gob_seleccion_meta,gob_seleccion_incidencia,gob_seleccion_posicion_v2;20;dlk_seleccion_posicion_v2,dlk_seleccion_brecha_v2,dlk_seleccion_ingreso_v2,dlk_seleccion_region,dlk_seleccion_convenio,dlk_seleccion_turno_v1,dlk_seleccion_cargo,dlk_seleccion_contrato_v2,dlk_seleccion_jefatura_v2,dlk_seleccion_licencia_v2,dlk_seleccion_incidencia_v2,dlk_seleccion_egreso_v2,dlk_seleccion_meta_v2,dlk_seleccion_contrato,dlk_seleccion_hora_extra_v2,dlk_seleccion_unidad_v1,dlk_seleccion_region_v1,dlk_seleccion_hora_extra,m4bci_region_sap,bci_incidencia_sap
gob_beneficios_hora_extra;4;gob_beneficios_incidencia_v1,gob_beneficios_posicion,gob_beneficios_vacante_v2,gob_beneficios_ingreso_v2;3;dlk_beneficios_traslado_v1,dlk_beneficios_brecha_v2,std_lu_contrato_sap
proc_egresos_colaborador;3;proc_egresos_curso,proc_egresos_sucursal_v1,proc_egresos_licencia;12;gob_egresos_brecha_v1,gob_egresos_vacante_v1,gob_egresos_evaluacion,gob_egresos_unidad_v2,gob_egresos_centro_costo,gob_egresos_centro_costo_v2,gob_egresos_competencia_v1,gob_egresos_licencia_v2,gob_egresos_traslado_v2,gob_egresos_licencia_v1,gob_egresos_indicador,gob_egresos_curso_v2
dash_compensaciones_sucursal;5;dash_compensaciones_incidencia_kpi,dash_compensaciones_jefatura_kpi,dash_compensaciones_posicion_kpi,dash_compensaciones_cargo_kpi,dash_compensaciones_contrato_kpi;11;gob_compensaciones_colaborador_v1,gob_compensaciones_competencia_v2,gob_compensaciones_incidencia,gob_compensaciones_evaluacion_v1,gob_compensaciones_traslado_v2,gob_compensaciones_centro_costo_v2,gob_compensaciones_turno_v2,proc_compensaciones_encuesta_v1,proc_compensaciones_alerta_v1,gob_compensaciones_curso,gob_compensaciones_meta_v2
proc_clima_beca;3;proc_clima_convenio_v1,proc_clima_contrato_v1,proc_clima_licencia_v1;5;gob_clima_ingreso_v2,gob_clima_posicion_v1,gob_clima_colaborador_v1,gob_clima_alerta_v2,gob_clima_encuesta_v2
proc_reportabilidad_evaluacion;6;proc_reportabilidad_indicador_v1,proc_reportabilidad_bono,proc_reportabilidad_traslado_v1,proc_reportabilidad_contrato_v1,proc_reportabilidad_unidad,proc_reportabilidad_egreso;6;gob_reportabilidad_contrato_v1,gob_reportabilidad_ingreso_v2,gob_reportabilidad_alerta_v1,gob_reportabilidad_colaborador_v1,gob_reportabilidad_traslado,gob_reportabilidad_encuesta_v1
dash_riesgo_postulante;4;dash_riesgo_incidencia_kpi,dash_riesgo_jefatura_kpi,dash_riesgo_unidad_kpi,dash_riesgo_contrato_kpi;20;gob_riesgo_vacante_v1,proc_riesgo_hora_extra_v1,gob_riesgo_colaborador_v2,gob_riesgo_ingreso,gob_riesgo_licencia_v2,gob_riesgo_brecha,proc_riesgo_centro_costo_v1,proc_riesgo_alerta_v1,proc_riesgo_traslado,gob_riesgo_licencia,proc_riesgo_incidencia,gob_riesgo_hora_extra,proc_riesgo_convenio_v1,gob_riesgo_competencia_v2,proc_riesgo_bono,gob_riesgo_posicion_v2,proc_riesgo_antiguedad_v1,gob_riesgo_ingreso_v1,proc_riesgo_indicador,gob_riesgo_postulante
dlk_diversidad_convenio;6;dlk_diversidad_centro_costo_v1,dlk_diversidad_jefatura,dlk_diversidad_hora_extra,dlk_diversidad_alerta,dlk_diversidad_beca,dlk_diversidad_region_v2;9;m4vw_jefatura_1_sap,m4sco_alerta_sap,m4vw_cargo_sap,std_hr_posicion_1_sap,categoria_desempeno_2021_sap,m4sco_egreso_sap,std_lu_postulante_sap,m4cci_traslado_sap,m4vw_incidencia_sap
gob_movilidad_licencia;5;gob_movilidad_curso_v1,gob_movilidad_hora_extra_v1,gob_movilidad_colaborador,gob_movilidad_vacante_v2,gob_movilidad_licencia;17;dlk_movilidad_indicador_v1,dlk_movilidad_unidad_v2,dlk_movilidad_turno_v1,dlk_movilidad_antiguedad,dlk_movilidad_contrato,dlk_movilidad_antiguedad_v2,dlk_movilidad_hora_extra_v1,dlk_movilidad_jefatura_v1,dlk_movilidad_beca_v2,dlk_movilidad_evaluacion,dlk_movilidad_sucursal_v1,dlk_movilidad_colaborador_v2,dlk_movilidad_hora_extra_v2,dlk_movilidad_competencia_v2,dlk_movilidad_bono_v2,dlk_movilidad_centro_costo_v2,std_lu_meta_sap
gob_capacitacion_centro_costo;7;gob_capacitacion_convenio_v1,gob_capacitacion_posicion_v1,gob_capacitacion_hora_extra_v1,gob_capacitacion_curso_v2,gob_capacitacion_meta,gob_capacitacion_cargo_v2,gob_capacitacion_ingreso_v2;12;dlk_capacitacion_licencia_v1,dlk_capacitacion_bono_v2,dlk_capacitacion_colaborador,dlk_capacitacion_egreso_v1,dlk_capacitacion_encuesta,dlk_capacitacion_contrato,dlk_capacitacion_jefatura_v1,dlk_capacitacion_brecha,dlk_capacitacion_beca,dlk_capacitacion_curso_v2,dlk_capacitacion_vacante_v1,ppn_postulante_sap
gob_planta_hora_extra;4;gob_planta_bono_v2,gob_planta_indicador_v1,gob_planta_convenio_v1,gob_planta_unidad;16;dlk_planta_ingreso_v2,dlk_planta_region_v1,dlk_planta_brecha,dlk_planta_evaluacion_v2,dlk_planta_bono_v2,sap_planta,dlk_planta_evaluacion,dlk_planta_contrato_v2,dlk_planta_sucursal_v1,dlk_planta_vacante,dlk_planta_curso,dlk_planta_jefatura_v2,dlk_planta_posicion_v1,dlk_planta_posicion,dlk_planta_centro_costo_v2,ppn_convenio_sap
dash_talento_egreso_01;3;dash_talento_incidencia_kpi,dash_talento_colaborador_kpi,dash_talento_cargo_kpi;16;gob_talento_sucursal_v1,proc_talento_competencia_v1,gob_talento_postulante,gob_talento_unidad_v1,proc_talento_colaborador_v1,proc_talento_curso,proc_talento_bono_v1,proc_talento_competencia,proc_talento_encuesta,proc_talento_sucursal_v1,proc_talento_ingreso,proc_talento_incidencia_v1,proc_talento_traslado,proc_talento_posicion,proc_talento_antiguedad_v1,proc_talento_centro_costo_v1
dlk_desempeno_traslado;6;dlk_desempeno_turno_v1,dlk_desempeno_cargo_v2,dlk_desempeno_convenio,dlk_desempeno_evaluacion_v1,dlk_desempeno_postulante_v2,dlk_desempeno_brecha_v1;6;m4bci_ingreso_sap,bci_region_sap,m4bci_unidad_1_sap,bci_beca_sap,m4vw_beca_sap,m4bci_postulante_sap
gob_formacion_curso;8;gob_formacion_jefatura_v2,gob_formacion_licencia_v1,gob_formacion_postulante_v2,gob_formacion_ingreso_v1,gob_formacion_hora_extra_v1,gob_formacion_region_v1,gob_formacion_contrato,gob_formacion_alerta_v2;23;dlk_formacion_meta,dlk_formacion_postulante_v1,dlk_formacion_colaborador_v1,dlk_formacion_indicador_v2,dlk_formacion_sucursal_v1,dlk_formacion_sucursal_v2,dlk_formacion_competencia_v2,dlk_formacion_vacante_v1,dlk_formacion_convenio_v2,dlk_formacion_evaluacion,dlk_formacion_alerta_v2,dlk_formacion_incidencia_v2,dlk_formacion_turno_v1,dlk_formacion_encuesta_v2,dlk_formacion_centro_costo_v2,dlk_formacion_egreso,dlk_formacion_posicion_v2,dlk_formacion_bono_v1,dlk_formacion_evaluacion_v2,dlk_formacion_licencia,dlk_formacion_beca,dlk_formacion_traslado_v2,std_lu_incidencia_sap
dlk_ausentismo_turno;2;dlk_ausentismo_posicion,dlk_ausentismo_unidad_v2;12;template_colaboradores_sap,template_cargos_detalle_sap,std_lu_unidad_sap,std_lu_contrato_sap,std_hr_posicion_1_sap,bci_curso_sap,m4vw_hora_extra_sap,bci_region_sap,cci_convenio_sap,m4sco_alerta_sap,m4sco_curso_sap,ppn_ingreso_sap
proc_nomina_hora_extra;4;proc_nomina_ingreso,proc_nomina_brecha_v1,proc_nomina_hora_extra,proc_nomina_vacante_v1;17;gob_nomina_antiguedad,gob_nomina_alerta,gob_nomina_unidad_v2,gob_nomina_contrato_v2,gob_nomina_ingreso_v2,gob_nomina_region_v2,gob_nomina_encuesta_v1,gob_nomina_bono,gob_nomina_incidencia_v1,gob_nomina_evaluacion_v2,gob_nomina_alerta_v2,gob_nomina_licencia_v1,gob_nomina_traslado_v2,gob_nomina_licencia,gob_nomina_vacante_v2,gob_nomina_brecha_v1,gob_nomina_hora_extra_v1
gob_seleccion_hora_extra;6;gob_seleccion_traslado_v2,gob_seleccion_convenio_v1,gob_seleccion_convenio_v2,gob_seleccion_egreso_v2,gob_seleccion_encuesta_v1,gob_seleccion_ingreso_v2;14;dlk_seleccion_meta_v2,dlk_seleccion_jefatura_v2,dlk_seleccion_region_v1,dlk_seleccion_unidad,dlk_seleccion_hora_extra,dlk_seleccion_ingreso_v2,dlk_seleccion_turno_v1,dlk_seleccion_sucursal_v2,dlk_seleccion_brecha_v2,dlk_seleccion_egreso_v2,dlk_seleccion_convenio,dlk_seleccion_unidad_v1,dlk_seleccion_contrato,std_lu_contrato_sap
gob_beneficios_competencia;5;gob_beneficios_postulante_v1,gob_beneficios_unidad_v2,gob_beneficios_posicion_v1,gob_beneficios_convenio,gob_beneficios_centro_costo_v1;3;dlk_beneficios_traslado_v1,dlk_beneficios_brecha_v2,m4sco_egreso_sap
proc_egresos_egreso;3;proc_egresos_postulante,proc_egresos_bono_v1,proc_egresos_beca_v1;15;gob_egresos_curso_v2,gob_egresos_vacante_v1,gob_egresos_traslado_v2,gob_egresos_evaluacion,gob_egresos_centro_costo,gob_egresos_centro_costo_v2,gob_egresos_region_v2,gob_egresos_unidad_v2,gob_egresos_competencia_v1,gob_egresos_hora_extra,gob_egresos_licencia_v1,gob_egresos_jefatura_v1,gob_egresos_hora_extra_v1,gob_egresos_bono,gob_egresos_alerta
dlk_compensaciones_competencia;3;dlk_compensaciones_beca_v1,dlk_compensaciones_traslado,dlk_reportabilidad_hora_extra;7;m4vw_jerarquia_uo_sap,bci_jefatura_sap,m4bci_traslado_sap,template_antiguedad_sap,bci_curso_sap,m4sco_colaborador_sap,template_colaboradores_sap
gob_clima_postulante;4;gob_clima_sucursal_v2,gob_clima_jefatura,gob_clima_indicador_v2,gob_clima_competencia_v2;19;dlk_clima_competencia,dlk_clima_encuesta_v1,dlk_clima_indicador_v1,dlk_clima_sucursal,dlk_clima_antiguedad,dlk_clima_curso,dlk_clima_licencia_v1,dlk_clima_sucursal_v1,dlk_clima_convenio,dlk_clima_indicador_v2,dlk_clima_unidad_v2,dlk_clima_incidencia_v1,dlk_clima_competencia_v2,dlk_clima_traslado_v1,dlk_clima_unidad,dlk_clima_hora_extra_v2,dlk_clima_traslado,dlk_clima_beca_v2,m4sco_contrato_sap
gob_reportabilidad_postulante;7;gob_reportabilidad_centro_costo_v2,gob_reportabilidad_beca_v1,gob_reportabilidad_centro_costo,gob_reportabilidad_postulante_v2,gob_reportabilidad_convenio,gob_reportabilidad_beca_v2,gob_reportabilidad_competencia_v1;16;dlk_reportabilidad_licencia_v1,dlk_reportabilidad_centro_costo_v2,dlk_reportabilidad_brecha,dlk_reportabilidad_encuesta,dlk_reportabilidad_vacante,dlk_reportabilidad_turno,dlk_reportabilidad_convenio,dlk_reportabilidad_incidencia,dlk_reportabilidad_alerta_v1,dlk_reportabilidad_hora_extra,dlk_reportabilidad_curso_v1,dlk_reportabilidad_vacante_v2,dlk_reportabilidad_postulante_v2,dlk_reportabilidad_meta,dlk_reportabilidad_competencia_v1,ppn_ingreso_sap
dlk_riesgo_unidad;3;dlk_riesgo_beca,dlk_riesgo_indicador_v1,dlk_riesgo_jefatura;11;bci_incidencia_sap,bci_hora_extra_sap,m4sco_colaborador_sap,template_licencia_sap,ppn_colaboradores_sap,std_hr_postulante_sap,m4bci_centro_costo_sap,m4vw_beca_sap,m4cci_posicion_sap,bci_colaborador_1_sap,m4sco_curso_sap
dlk_diversidad_posicion_01;2;dlk_diversidad_indicador_v2,dlk_diversidad_curso_v2;8;m4bci_ingreso_sap,ppn_bono_sap,bci_turno_sap,bci_incidencia_sap,std_hr_jefatura_sap,bci_licencia_sap,bci_indicador_sap,m4bci_region_sap
gob_movilidad_alerta;7;gob_movilidad_beca_v2,gob_movilidad_incidencia_v2,gob_movilidad_traslado_v1,gob_movilidad_brecha_v1,gob_movilidad_encuesta_v1,gob_movilidad_contrato_v2,gob_movilidad_centro_costo;20;dlk_movilidad_indicador_v1,dlk_movilidad_antiguedad,dlk_movilidad_jefatura_v1,dlk_movilidad_sucursal_v1,dlk_movilidad_competencia_v2,dlk_movilidad_evaluacion,dlk_movilidad_hora_extra_v2,dlk_movilidad_centro_costo_v2,dlk_movilidad_ingreso,dlk_movilidad_turno_v1,dlk_movilidad_hora_extra_v1,dlk_movilidad_unidad_v2,dlk_movilidad_colaborador_v2,dlk_movilidad_beca_v2,dlk_movilidad_bono_v2,dlk_movilidad_colaborador,dlk_movilidad_contrato,dlk_movilidad_antiguedad_v2,dlk_movilidad_licencia,std_hr_brecha_sap
proc_capacitacion_convenio;3;proc_capacitacion_region_v1,proc_capacitacion_centro_costo_v1,proc_capacitacion_meta;7;gob_capacitacion_antiguedad,gob_capacitacion_antiguedad_v1,gob_capacitacion_convenio_v1,gob_capacitacion_beca_v1,gob_capacitacion_competencia_v2,gob_capacitacion_egreso_v1,gob_capacitacion_convenio_v2
dlk_planta_licencia;5;dlk_planta_contrato_v1,dlk_planta_egreso,dlk_planta_incidencia_v1,dlk_planta_sucursal_v2,dlk_planta_centro_costo;13;m4vw_hora_extra_sap,m4vw_competencia_sap,ppn_colaborador_sap,m4sco_jefatura_1_sap,std_lu_evaluacion_sap,m4bci_region_sap,std_lu_edu_dip_lev_sap,m4vw_egreso_sap,template_colaboradores_sap,bci_licencia_sap,m4vw_bono_sap,cci_region_sap,std_lu_contrato_sap
gob_talento_centro_costo;3;gob_talento_beca_v2,gob_talento_postulante_v1,gob_talento_convenio_v2;9;dlk_talento_traslado,dlk_talento_bono_v2,dlk_talento_incidencia,dlk_talento_postulante,dlk_talento_ingreso,dlk_talento_antiguedad_v2,dlk_talento_convenio_v1,dlk_talento_beca,m4cci_postulante_sap
dash_desempeno_sucursal;5;dash_desempeno_incidencia_kpi,dash_desempeno_colaborador_kpi,dash_desempeno_contrato_kpi,dash_formacion_jefatura_kpi,dash_movilidad_incidencia_kpi;19;gob_desempeno_convenio_v1,gob_desempeno_hora_extra,proc_desempeno_competencia_v1,gob_desempeno_antiguedad_v2,gob_desempeno_sucursal_v1,proc_desempeno_egreso,gob_desempeno_egreso,proc_desempeno_ingreso_v1,proc_desempeno_posicion_v1,gob_desempeno_evaluacion_v1,proc_desempeno_vacante,gob_desempeno_alerta_v1,gob_desempeno_sucursal_v2,proc_desempeno_encuesta_v1,proc_desempeno_unidad,proc_desempeno_meta_v1,proc_desempeno_posicion,gob_desempeno_bono_v1,proc_desempeno_beca
proc_formacion_brecha;5;proc_formacion_indicador_v1,proc_formacion_contrato,proc_formacion_vacante,proc_formacion_evaluacion_v1,proc_formacion_region_v1;14;gob_formacion_licencia_v1,gob_formacion_brecha,gob_formacion_alerta_v2,gob_formacion_hora_extra_v1,gob_formacion_ingreso_v1,gob_formacion_curso,gob_formacion_competencia_v2,gob_formacion_indicador_v2,gob_formacion_contrato,gob_formacion_sucursal,gob_formacion_postulante_v2,gob_formacion_jefatura_v2,gob_formacion_region,gob_formacion_region_v1
dlk_ausentismo_vacante;6;dlk_ausentismo_encuesta,dlk_ausentismo_ingreso_v2,dlk_ausentismo_antiguedad_v2,dlk_ausentismo_region_v2,dlk_ausentismo_indicador_v1,dlk_ausentismo_jefatura;6;m4vw_antiguedad_sap,std_hr_bono_sap,cci_competencia_sap,m4vw_competencia_sap,m4sco_brecha_sap,template_egreso_sap
gob_nomina_ingreso;7;gob_nomina_egreso_v1,gob_nomina_jefatura,gob_nomina_turno_v1,gob_nomina_posicion,gob_nomina_competencia_v2,gob_nomina_brecha_v2,gob_nomina_centro_costo;10;dlk_nomina_evaluacion,dlk_nomina_meta,dlk_nomina_bono_v1,dlk_nomina_competencia_v2,dlk_nomina_hora_extra_v1,dlk_nomina_contrato_v2,dlk_nomina_encuesta_v1,dlk_nomina_sucursal_v2,dlk_nomina_alerta,std_lu_sucursal_sap
proc_seleccion_bono;6;proc_seleccion_encuesta,proc_seleccion_traslado_v1,proc_seleccion_postulante,proc_seleccion_antiguedad,proc_seleccion_curso_v1,proc_seleccion_jefatura;10;gob_seleccion_brecha_v2,gob_seleccion_competencia_v1,gob_seleccion_posicion_v2,gob_seleccion_alerta,gob_seleccion_unidad,gob_seleccion_region_v1,gob_seleccion_alerta_v1,gob_seleccion_encuesta_v1,gob_seleccion_traslado_v2,gob_seleccion_postulante_v2
gob_beneficios_turno;3;gob_beneficios_evaluacion_v1,gob_beneficios_contrato_v2,gob_beneficios_sucursal_v2;3;dlk_beneficios_traslado_v1,dlk_beneficios_brecha_v2,std_lu_sucursal_sap
gob_egresos_cargo_01;7;gob_egresos_cargo,gob_egresos_postulante,gob_egresos_colaborador_v2,gob_egresos_ingreso,gob_egresos_sucursal_v1,gob_egresos_meta_v2,gob_egresos_egreso;17;dlk_egresos_centro_costo_v2,dlk_egresos_vacante_v2,dlk_egresos_beca,dlk_egresos_turno_v1,dlk_egresos_licencia_v2,dlk_egresos_bono_v2,dlk_egresos_evaluacion_v2,dlk_egresos_posicion,dlk_egresos_hora_extra_v2,dlk_egresos_region,dlk_egresos_indicador,dlk_egresos_meta,dlk_egresos_traslado,dlk_egresos_licencia,dlk_egresos_vacante,dlk_egresos_meta_v2,template_antiguedad_sap
gob_compensaciones_centro_costo;8;gob_compensaciones_unidad_v1,gob_compensaciones_alerta_v2,gob_compensaciones_brecha,gob_compensaciones_meta,gob_compensaciones_bono_v1,gob_compensaciones_vacante,gob_compensaciones_postulante_v2,gob_compensaciones_competencia_v1;12;dlk_compensaciones_encuesta_v2,dlk_compensaciones_meta_v1,dlk_compensaciones_centro_costo_v1,dlk_compensaciones_hora_extra_v1,dlk_compensaciones_beca_v1,dlk_compensaciones_competencia,dlk_compensaciones_vacante,dlk_compensaciones_competencia_v2,dlk_compensaciones_licencia_v1,dlk_compensaciones_curso,dlk_compensaciones_alerta,m4sco_cargo_sap
gob_clima_centro_costo;6;gob_clima_unidad_v2,gob_clima_hora_extra,gob_clima_evaluacion_v1,gob_clima_cargo_v2,gob_clima_unidad_v1,gob_clima_convenio_v2;20;dlk_clima_sucursal_v1,dlk_clima_competencia,dlk_clima_unidad,dlk_clima_indicador_v1,dlk_clima_sucursal,dlk_clima_traslado,dlk_clima_indicador_v2,dlk_clima_antiguedad,dlk_clima_traslado_v1,dlk_clima_licencia_v1,dlk_clima_incidencia_v1,dlk_clima_unidad_v2,dlk_clima_competencia_v2,dlk_clima_beca_v2,dlk_clima_encuesta_v1,dlk_clima_curso,dlk_clima_convenio,dlk_clima_hora_extra_v2,m4cci_licencia_sap,m4sco_beca_sap
gob_reportabilidad_brecha;8;gob_reportabilidad_contrato_v2,gob_reportabilidad_sucursal,gob_reportabilidad_licencia,gob_reportabilidad_posicion_v1,gob_reportabilidad_vacante,gob_reportabilidad_postulante,gob_reportabilidad_competencia,gob_reportabilidad_encuesta_v2;22;dlk_reportabilidad_brecha,dlk_reportabilidad_incidencia,dlk_reportabilidad_vacante_v2,dlk_reportabilidad_competencia_v1,dlk_reportabilidad_licencia_v1,dlk_reportabilidad_centro_costo_v2,dlk_reportabilidad_indicador,dlk_reportabilidad_alerta_v1,dlk_reportabilidad_curso_v1,dlk_reportabilidad_meta,dlk_reportabilidad_hora_extra,dlk_reportabilidad_vacante,dlk_reportabilidad_convenio,dlk_reportabilidad_jefatura,dlk_reportabilidad_turno,dlk_reportabilidad_encuesta,dlk_reportabilidad_evaluacion,dlk_reportabilidad_postulante_v2,dlk_reportabilidad_convenio_v2,dlk_reportabilidad_cargo_v1,dlk_reportabilidad_posicion,template_colaboradores_sap
dlk_riesgo_antiguedad;5;dlk_riesgo_region,dlk_riesgo_jefatura_v1,dlk_riesgo_hora_extra_v1,dlk_riesgo_egreso,dlk_riesgo_alerta;7;bci_incidencia_sap,ppn_colaboradores_sap,bci_region_sap,cci_colaborador_sap,std_hr_cargo_1_sap,cci_competencia_sap,m4cci_convenio_sap
dlk_diversidad_unidad;6;dlk_diversidad_egreso,dlk_diversidad_region,dlk_diversidad_alerta_v2,dlk_diversidad_egreso_v2,dlk_diversidad_alerta_v1,dlk_diversidad_licencia_v1;7;std_hr_convenio_sap,template_licencia_sap,bci_bono_sap,m4sco_alerta_sap,cci_altas_futuras_sap,bci_curso_sap,m4bci_convenio_sap
dlk_movilidad_convenio;2;dlk_movilidad_colaborador_v1,dlk_movilidad_centro_costo;5;std_lu_evaluacion_sap,m4vw_incidencia_sap,m4bci_ingreso_sap,m4cci_hora_extra_sap,m4bci_cargo_1_sap
dlk_capacitacion_encuesta_01;6;dlk_capacitacion_hora_extra,dlk_capacitacion_sucursal_v2,dlk_capacitacion_ingreso,dlk_capacitacion_incidencia_v1,dlk_capacitacion_incidencia_v2,dlk_capacitacion_sucursal;12;std_hr_jefatura_sap,m4sco_postulante_sap,m4vw_incidencia_sap,template_incidencia_sap,m4sco_egreso_sap,m4bci_horas_extras_sap,m4vw_contrato_1_sap,std_lu_evaluacion_sap,template_vacante_sap,bci_region_sap,m4bci_traslado_sap,m4bci_postulante_sap
dlk_planta_antiguedad;4;dlk_planta_evaluacion_v1,dlk_planta_competencia_v2,dlk_planta_vacante_v2,dlk_planta_antiguedad;4;m4cci_brecha_sap,bci_turno_sap,std_hr_centro_costo_sap,m4cci_sucursal_sap
gob_talento_bono;7;gob_talento_evaluacion_v2,gob_talento_centro_costo,gob_talento_evaluacion,gob_talento_convenio,gob_talento_encuesta_v1,gob_talento_incidencia_v1,gob_talento_unidad;17;dlk_talento_postulante,dlk_talento_bono_v2,dlk_talento_ingreso,dlk_talento_convenio_v1,dlk_talento_incidencia,dlk_talento_bono,dlk_talento_licencia,dlk_talento_traslado,dlk_talento_beca,dlk_talento_curso,dlk_talento_turno_v2,dlk_talento_antiguedad_v2,dlk_talento_posicion,dlk_talento_convenio_v2,dlk_talento_indicador_v1,std_hr_convenio_sap,m4bci_postulante_sap
gob_desempeno_brecha;6;gob_desempeno_brecha,gob_desempeno_contrato_v1,gob_desempeno_jefatura,gob_desempeno_egreso_v2,gob_desempeno_encuesta_v1,gob_desempeno_licencia_v2;11;dlk_desempeno_postulante,dlk_desempeno_contrato_v1,dlk_desempeno_licencia_v2,dlk_desempeno_brecha_v1,dlk_desempeno_hora_extra_v2,dlk_desempeno_antiguedad_v2,dlk_desempeno_indicador_v2,dlk_desempeno_centro_costo_v2,dlk_desempeno_centro_costo_v1,dlk_desempeno_traslado_v2,std_lu_contrato_sap
dlk_formacion_convenio;4;dlk_formacion_contrato_v2,dlk_formacion_ingreso,dlk_formacion_hora_extra_v1,dlk_formacion_evaluacion_v1;9;m4sco_sucursal_sap,cci_unidad_1_sap,template_brecha_sap,template_centro_costo_sap,std_hr_unidad_sap,m4bci_vacante_sap,std_lu_encuesta_sap,bci_licencia_sap,ppn_posicion_sap
dlk_ausentismo_alerta;5;dlk_ausentismo_competencia_v2,dlk_ausentismo_centro_costo_v1,dlk_ausentismo_encuesta_v2,dlk_ausentismo_postulante_v1,dlk_ausentismo_curso;4;template_evaluacion_sap,std_hr_posicion_sap,bci_region_sap,cat_desempeno_2024_sap
dlk_nomina_sucursal;5;dlk_nomina_egreso_v1,dlk_nomina_curso,dlk_nomina_sucursal_v1,dlk_nomina_posicion_v2,dlk_nomina_incidencia_v2;7;std_lu_contrato_sap,m4vw_jefatura_1_sap,m4vw_cargo_sap,std_hr_jefatura_1_sap,std_hr_cargo_1_sap,m4bci_ingreso_sap,std_lu_encuesta_sap
gob_seleccion_antiguedad;7;gob_seleccion_vacante_v2,gob_seleccion_licencia_v2,gob_seleccion_turno_v2,gob_seleccion_egreso_v1,gob_seleccion_encuesta_v2,gob_seleccion_licencia_v1,gob_seleccion_colaborador_v2;16;dlk_seleccion_ingreso_v2,dlk_seleccion_unidad,dlk_seleccion_hora_extra,dlk_seleccion_egreso_v2,dlk_seleccion_convenio,dlk_seleccion_turno_v1,dlk_seleccion_unidad_v1,dlk_seleccion_jefatura_v2,dlk_seleccion_contrato_v2,dlk_seleccion_brecha_v2,dlk_seleccion_posicion_v2,dlk_seleccion_turno,dlk_seleccion_region_v1,dlk_seleccion_meta_v2,m4vw_antiguedad_sap,std_lu_job_sector_sap
proc_beneficios_beca;6;proc_beneficios_traslado,proc_beneficios_contrato,proc_beneficios_licencia,proc_beneficios_centro_costo,proc_beneficios_brecha_v1,proc_beneficios_beca;14;gob_beneficios_turno_v1,gob_beneficios_contrato_v1,gob_beneficios_traslado_v1,gob_beneficios_curso_v2,gob_beneficios_cargo_v1,gob_beneficios_indicador_v2,gob_beneficios_cargo,gob_beneficios_alerta_v1,gob_beneficios_incidencia_v2,gob_beneficios_turno_v2,gob_beneficios_colaborador,gob_beneficios_evaluacion_v2,gob_beneficios_beca_v2,gob_beneficios_bono_v2
gob_egresos_alerta;6;gob_egresos_indicador_v2,gob_egresos_incidencia,gob_egresos_beca_v2,gob_egresos_bono_v1,gob_egresos_alerta_v2,gob_egresos_curso_v1;12;dlk_egresos_region,dlk_egresos_evaluacion_v2,dlk_egresos_turno_v1,dlk_egresos_vacante,dlk_egresos_licencia_v2,dlk_egresos_hora_extra_v2,dlk_egresos_meta_v2,dlk_egresos_centro_costo_v2,dlk_egresos_meta,dlk_egresos_beca,dlk_egresos_licencia,bci_postulante_sap
dlk_compensaciones_alerta;2;dlk_compensaciones_incidencia,dlk_compensaciones_posicion_v1;12;bci_unidad_1_sap,cci_alerta_sap,m4vw_beca_sap,m4sco_egreso_sap,bci_postulante_sap,std_hr_bono_sap,m4bci_posicion_sap,template_cargos_detalle_sap,m4sco_cargo_sap,cat_desempeno_2024_sap,template_colaboradores_sap,template_incidencia_sap
gob_clima_bono;4;gob_clima_cargo,gob_clima_encuesta_v1,gob_clima_unidad,gob_clima_sucursal;16;dlk_clima_encuesta_v1,dlk_clima_competencia,dlk_clima_unidad,dlk_clima_indicador_v1,dlk_clima_licencia_v1,dlk_clima_indicador_v2,dlk_clima_convenio,dlk_clima_curso,dlk_clima_antiguedad,dlk_clima_competencia_v2,dlk_clima_beca_v2,dlk_clima_sucursal_v1,dlk_clima_traslado,dlk_clima_sucursal,dlk_clima_hora_extra_v2,m4bci_centro_costo_sap
dash_reportabilidad_contrato;2;dash_reportabilidad_evaluacion_kpi,dash_reportabilidad_posicion_kpi;18;gob_reportabilidad_colaborador_v1,gob_reportabilidad_contrato_v1,gob_reportabilidad_alerta_v1,gob_reportabilidad_ingreso_v2,gob_reportabilidad_encuesta_v1,gob_reportabilidad_traslado,proc_reportabilidad_incidencia_v1,proc_reportabilidad_sucursal_v1,gob_reportabilidad_competencia_v1,proc_reportabilidad_encuesta_v1,proc_reportabilidad_colaborador_v1,proc_reportabilidad_posicion,proc_reportabilidad_competencia,gob_reportabilidad_beca_v2,gob_reportabilidad_postulante_v2,proc_reportabilidad_encuesta,proc_reportabilidad_postulante,gob_reportabilidad_centro_costo_v2
dlk_riesgo_incidencia;2;dlk_riesgo_indicador_v2,dlk_riesgo_postulante_v2;13;template_traslado_sap,std_lu_sucursal_sap,template_brecha_sap,bci_licencia_sap,m4cci_encuesta_sap,std_lu_contrato_sap,m4sco_colaborador_sap,m4vw_jefatura_1_sap,categoria_desempeno_2021_sap,std_lu_evaluacion_sap,m4bci_postulante_sap,ppn_curso_sap,ppn_convenio_sap
dash_diversidad_evaluacion;3;dash_diversidad_unidad_kpi,dash_diversidad_jefatura_kpi,dash_diversidad_posicion_kpi;22;gob_diversidad_posicion,gob_diversidad_ingreso_v1,gob_diversidad_beca_v1,gob_diversidad_egreso_v1,gob_diversidad_antiguedad,gob_diversidad_bono_v2,gob_diversidad_cargo,gob_diversidad_licencia_v1,gob_diversidad_meta,gob_diversidad_curso_v1,gob_diversidad_bono_v1,gob_diversidad_indicador,gob_diversidad_region_v2,gob_diversidad_encuesta_v2,gob_diversidad_licencia_v2,gob_diversidad_posicion_v1,gob_diversidad_colaborador_v2,gob_diversidad_incidencia_v2,gob_diversidad_indicador_v2,gob_diversidad_colaborador,gob_diversidad_sucursal,ppn_egreso_sap
gob_movilidad_egreso;5;gob_movilidad_jefatura,gob_movilidad_antiguedad_v1,gob_movilidad_cargo_v1,gob_movilidad_antiguedad,gob_movilidad_posicion;24;dlk_movilidad_indicador_v1,dlk_movilidad_antiguedad_v2,dlk_movilidad_centro_costo_v2,dlk_movilidad_colaborador,dlk_movilidad_unidad_v2,dlk_movilidad_evaluacion,dlk_movilidad_beca_v2,dlk_movilidad_colaborador_v2,dlk_movilidad_ingreso,dlk_movilidad_antiguedad,dlk_movilidad_competencia_v2,dlk_movilidad_encuesta_v2,dlk_movilidad_jefatura_v1,dlk_movilidad_hora_extra_v2,dlk_movilidad_turno_v1,dlk_movilidad_curso,dlk_movilidad_bono_v2,dlk_movilidad_sucursal_v1,dlk_movilidad_hora_extra_v1,dlk_movilidad_contrato,dlk_movilidad_licencia,dlk_movilidad_postulante_v1,template_egreso_sap,m4vw_evaluacion_sap
gob_capacitacion_bono;7;gob_capacitacion_encuesta_v1,gob_capacitacion_indicador,gob_capacitacion_unidad_v2,gob_capacitacion_antiguedad_v2,gob_capacitacion_bono_v1,gob_capacitacion_beca_v2,gob_capacitacion_convenio;11;dlk_capacitacion_egreso_v1,dlk_capacitacion_jefatura_v1,dlk_capacitacion_meta,dlk_capacitacion_colaborador_v2,dlk_capacitacion_licencia_v1,dlk_capacitacion_curso_v2,dlk_capacitacion_colaborador,dlk_capacitacion_contrato,dlk_capacitacion_beca,dlk_capacitacion_vacante_v1,cci_convenio_sap
dlk_planta_cargo_01;3;dlk_planta_traslado_v2,dlk_planta_posicion_v2,dlk_planta_encuesta_v1;7;m4bci_unidad_1_sap,bci_incidencia_sap,m4vw_contrato_sap,m4sco_beca_sap,std_hr_jefatura_sap,bci_egreso_sap,std_lu_wt_type_sap
dlk_talento_centro_costo;3;dlk_talento_postulante_v2,dlk_talento_ingreso_v2,dlk_talento_colaborador_v1;11;std_lu_job_sector_sap,m4vw_egreso_sap,cci_colaborador_1_sap,m4sco_egreso_sap,ppn_egreso_sap,m4vw_cargo_sap,m4bci_jefatura_1_sap,m4vw_beca_sap,std_lu_unidad_sap,bci_beca_sap,cci_convenio_sap
dlk_desempeno_beca;5;dlk_desempeno_turno_v2,dlk_desempeno_region_v2,dlk_desempeno_curso_v2,dlk_desempeno_licencia_v1,dlk_desempeno_posicion;5;cci_altas_futuras_sap,cci_turno_sap,bci_convenio_sap,m4vw_hora_extra_sap,template_cargo_sap
gob_formacion_licencia;8;gob_formacion_sucursal_v1,gob_formacion_bono_v1,gob_formacion_bono,gob_formacion_encuesta,gob_formacion_centro_costo_v2,gob_formacion_jefatura_v1,gob_formacion_centro_costo_v1,gob_formacion_beca_v2;24;dlk_formacion_competencia_v2,dlk_formacion_sucursal_v2,dlk_formacion_egreso,dlk_formacion_alerta_v2,dlk_formacion_alerta_v1,dlk_formacion_evaluacion,dlk_formacion_encuesta_v2,dlk_formacion_convenio_v2,dlk_formacion_indicador_v2,dlk_formacion_meta,dlk_formacion_beca,dlk_formacion_evaluacion_v2,dlk_formacion_sucursal_v1,dlk_formacion_ingreso_v1,dlk_formacion_posicion_v2,dlk_formacion_centro_costo_v2,dlk_formacion_postulante_v1,dlk_formacion_bono_v1,dlk_formacion_turno_v1,dlk_formacion_incidencia_v2,dlk_formacion_traslado_v2,dlk_formacion_hora_extra_v1,m4vw_beca_sap,template_colaboradores_sap
proc_ausentismo_antiguedad;3;proc_ausentismo_cargo,proc_ausentismo_centro_costo,proc_ausentismo_incidencia_v1;11;gob_ausentismo_encuesta_v2,gob_ausentismo_antiguedad_v1,gob_ausentismo_indicador,gob_ausentismo_incidencia,gob_ausentismo_licencia_v1,gob_ausentismo_cargo_v2,gob_ausentismo_beca_v1,gob_ausentismo_postulante_v1,gob_ausentismo_turno_v1,gob_ausentismo_bono_v1,ppn_egreso_sap
dlk_nomina_hora_extra_01;2;dlk_nomina_bono,dlk_nomina_traslado_v1;8;bci_colaborador_1_sap,m4bci_centro_costo_sap,m4bci_region_sap,m4bci_postulante_sap,std_hr_convenio_sap,template_colaboradores_sap,cci_antiguedad_sap,m4sco_colaborador_sap
dash_seleccion_encuesta;2;dash_seleccion_cargo_kpi,dash_seleccion_colaborador_kpi;17;gob_seleccion_postulante_v2,gob_seleccion_brecha_v2,gob_seleccion_traslado_v2,gob_seleccion_posicion_v2,gob_seleccion_incidencia,gob_seleccion_traslado,gob_seleccion_turno_v2,proc_seleccion_region,proc_seleccion_postulante,gob_seleccion_unidad,gob_seleccion_region_v1,gob_seleccion_cargo,proc_seleccion_antiguedad,gob_seleccion_convenio,gob_seleccion_encuesta_v1,gob_seleccion_alerta_v1,proc_seleccion_bono
dash_beneficios_curso;2;dash_formacion_posicion_kpi,dash_movilidad_jefatura_kpi;18;gob_beneficios_cargo_v1,gob_beneficios_curso_v2,gob_beneficios_contrato_v1,gob_beneficios_cargo,gob_beneficios_evaluacion_v2,gob_beneficios_curso_v1,gob_beneficios_incidencia_v2,gob_beneficios_bono_v2,gob_beneficios_ingreso,gob_beneficios_indicador_v2,gob_beneficios_centro_costo_v2,gob_beneficios_postulante_v1,gob_beneficios_brecha,gob_beneficios_incidencia,gob_beneficios_unidad,gob_beneficios_turno_v1,gob_beneficios_alerta_v1,gob_beneficios_beca_v2
dlk_egresos_beca;5;dlk_egresos_alerta,dlk_egresos_indicador_v1,dlk_egresos_colaborador_v1,dlk_egresos_indicador_v2,dlk_egresos_postulante_v1;12;bci_incidencia_sap,m4vw_incidencia_sap,categoria_desempeno_2021_sap,template_incidencia_sap,m4bci_egreso_sap,m4vw_beca_sap,std_hr_posicion_sap,std_hr_unidad_sap,cat_desempeno_2024_sap,bci_colaborador_1_sap,m4bci_ingreso_sap,m4sco_egreso_sap
gob_compensaciones_antiguedad;4;gob_compensaciones_postulante,gob_compensaciones_contrato_v1,gob_compensaciones_alerta_v1,gob_compensaciones_contrato_v2;9;dlk_compensaciones_meta_v1,dlk_compensaciones_competencia_v2,dlk_compensaciones_hora_extra_v1,dlk_compensaciones_competencia,dlk_compensaciones_vacante,dlk_compensaciones_encuesta_v2,dlk_compensaciones_licencia_v1,dlk_compensaciones_curso,std_lu_jefatura_sap
gob_clima_colaborador;5;gob_clima_contrato_v2,gob_clima_licencia_v2,gob_clima_traslado,gob_clima_convenio,gob_clima_region_v2;18;dlk_clima_competencia_v2,dlk_clima_sucursal_v1,dlk_clima_unidad,dlk_clima_unidad_v2,dlk_clima_sucursal,dlk_clima_curso,dlk_clima_antiguedad,dlk_clima_competencia,dlk_clima_beca_v2,dlk_clima_encuesta_v1,dlk_clima_traslado,dlk_clima_indicador_v2,dlk_clima_convenio,dlk_clima_licencia_v1,dlk_clima_traslado_v1,dlk_clima_incidencia_v1,dlk_clima_indicador_v1,m4vw_incidencia_sap
dlk_reportabilidad_competencia;4;dlk_reportabilidad_region_v1,dlk_reportabilidad_brecha_v2,dlk_reportabilidad_jefatura_v1,dlk_reportabilidad_competencia_v2;12;bci_egreso_sap,m4vw_ingreso_sap,std_lu_encuesta_sap,cci_evaluacion_sap,m4vw_beca_sap,categoria_desempeno_2021_sap,ppn_ingreso_sap,m4bci_contrato_sap,bci_licencia_sap,m4bci_posicion_sap,m4sco_cargo_sap,std_lu_job_sector_sap
dlk_riesgo_posicion;4;dlk_riesgo_meta_v2,dlk_riesgo_meta_v1,dlk_riesgo_alerta_v2,dlk_riesgo_evaluacion_v2;11;desempeno_conductas_claves_2022_sap,m4bci_unidad_sap,bci_incidencia_sap,m4vw_incidencia_sap,m4bci_unidad_1_sap,template_incidencia_sap,bci_cargo_sap,bci_antiguedad_sap,m4vw_bono_sap,ppn_posicion_sap,std_lu_encuesta_sap
dlk_diversidad_antiguedad;5;dlk_diversidad_centro_costo,dlk_diversidad_licencia_v2,dlk_diversidad_beca_v2,dlk_diversidad_evaluacion,dlk_clima_unidad;9;m4bci_ingreso_sap,m4bci_centro_costo_sap,m4sco_colaborador_sap,bci_traslado_sap,bci_incidencia_sap,m4bci_postulante_sap,template_cargos_detalle_sap,std_hr_posicion_1_sap,std_hr_convenio_sap
gob_movilidad_meta_01;4;gob_movilidad_centro_costo_v1,gob_movilidad_contrato,gob_movilidad_beca_v1,gob_movilidad_encuesta_v2;21;dlk_movilidad_indicador_v1,dlk_movilidad_antiguedad,dlk_movilidad_evaluacion,dlk_movilidad_beca_v2,dlk_movilidad_hora_extra_v2,dlk_movilidad_competencia_v2,dlk_movilidad_jefatura_v1,dlk_movilidad_hora_extra_v1,dlk_movilidad_colaborador_v2,dlk_movilidad_antiguedad_v2,dlk_movilidad_unidad_v2,dlk_movilidad_turno_v1,dlk_movilidad_contrato,dlk_movilidad_bono_v2,dlk_movilidad_ingreso,dlk_movilidad_curso,dlk_movilidad_encuesta_v2,dlk_movilidad_centro_costo_v2,dlk_movilidad_licencia,dlk_movilidad_sucursal_v1,bci_bono_sap
proc_capacitacion_alerta;2;proc_capacitacion_traslado,proc_capacitacion_traslado_v1;14;gob_capacitacion_antiguedad_v1,gob_capacitacion_traslado_v1,gob_capacitacion_egreso_v1,gob_capacitacion_convenio_v2,gob_capacitacion_antiguedad,gob_capacitacion_beca_v1,gob_capacitacion_colaborador,gob_capacitacion_indicador_v1,gob_capacitacion_brecha_v1,gob_capacitacion_alerta_v1,gob_capacitacion_encuesta_v1,gob_capacitacion_incidencia_v2,gob_capacitacion_sucursal_v2,gob_capacitacion_bono_v1
proc_planta_evaluacion;2;proc_planta_evaluacion_v1,proc_planta_centro_costo_v1;6;gob_planta_licencia_v1,gob_planta_jefatura_v2,gob_planta_posicion_v1,gob_planta_convenio_v1,gob_planta_centro_costo_v2,gob_planta_alerta
gob_talento_traslado;8;gob_talento_competencia_v1,gob_talento_antiguedad_v1,gob_talento_vacante_v2,gob_talento_sucursal,gob_talento_jefatura_v1,gob_talento_ingreso_v1,gob_talento_alerta_v1,gob_talento_encuesta;23;dlk_talento_beca,dlk_talento_postulante,dlk_talento_posicion,dlk_talento_turno_v2,dlk_talento_turno_v1,dlk_talento_licencia,dlk_talento_convenio_v1,dlk_talento_indicador_v1,dlk_talento_traslado,maestro_talento,dlk_talento_ingreso,dlk_talento_competencia_v1,dlk_talento_convenio_v2,dlk_talento_bono_v2,dlk_talento_bono,dlk_talento_antiguedad_v2,dlk_talento_incidencia,dlk_talento_beca_v2,dlk_talento_postulante_v2,dlk_talento_curso,dlk_talento_beca_v1,dlk_talento_traslado_v2,std_hr_unidad_sap
proc_desempeno_unidad;3;proc_desempeno_colaborador,proc_desempeno_turno,proc_desempeno_contrato_v1;18;gob_desempeno_antiguedad_v2,gob_desempeno_hora_extra,gob_desempeno_egreso,gob_desempeno_convenio_v1,gob_desempeno_sucursal_v1,gob_desempeno_sucursal_v2,gob_desempeno_evaluacion_v1,gob_desempeno_alerta_v1,gob_desempeno_licencia_v2,gob_desempeno_bono_v1,gob_desempeno_posicion_v2,gob_desempeno_brecha,gob_desempeno_encuesta_v1,gob_desempeno_turno_v1,gob_desempeno_contrato_v1,gob_desempeno_egreso_v2,gob_desempeno_jefatura,ppn_incidencia_sap
dash_formacion_antiguedad;2;dash_formacion_contrato_kpi,dash_formacion_evaluacion_kpi;18;gob_formacion_region,gob_formacion_hora_extra_v1,gob_formacion_postulante_v2,gob_formacion_jefatura_v2,proc_formacion_beca_v1,gob_formacion_ingreso_v1,gob_formacion_contrato,proc_formacion_cargo,proc_formacion_evaluacion_v1,proc_formacion_vacante,gob_formacion_curso,gob_formacion_jefatura_v1,gob_formacion_licencia_v1,proc_formacion_incidencia,proc_formacion_contrato,gob_formacion_indicador_v2,gob_formacion_beca_v2,proc_formacion_bono_v1
gob_ausentismo_beca;3;gob_ausentismo_curso,gob_ausentismo_competencia_v2,gob_ausentismo_bono;21;dlk_ausentismo_jefatura_v2,dlk_ausentismo_turno_v2,dlk_ausentismo_brecha_v2,dlk_ausentismo_meta,dlk_ausentismo_ingreso_v1,dlk_ausentismo_egreso,dlk_ausentismo_encuesta_v2,dlk_ausentismo_unidad_v1,dlk_ausentismo_postulante_v1,dlk_ausentismo_region_v1,dlk_ausentismo_turno,dlk_ausentismo_meta_v2,ppn_ausentismos_incidencia,dlk_ausentismo_antiguedad_v2,dlk_ausentismo_sucursal,dlk_ausentismo_colaborador_v1,dlk_ausentismo_bono_v2,ppn_ausentismos_dia,dlk_ausentismo_posicion_v2,dlk_ausentismo_postulante_v2,m4sco_encuesta_sap
gob_nomina_contrato;6;gob_nomina_unidad,gob_nomina_posicion_v2,gob_nomina_bono_v1,gob_nomina_sucursal,gob_nomina_bono_v2,gob_nomina_antiguedad_v1;12;dlk_nomina_contrato_v2,dlk_nomina_evaluacion,dlk_nomina_sucursal_v2,dlk_nomina_meta,dlk_nomina_alerta,dlk_nomina_encuesta_v1,dlk_nomina_hora_extra_v1,dlk_nomina_bono,dlk_nomina_competencia_v2,dlk_nomina_curso_v2,dlk_nomina_bono_v1,m4sco_colaborador_sap
dlk_seleccion_contrato;3;dlk_seleccion_curso,dlk_seleccion_incidencia_v1,dlk_seleccion_antiguedad;13;template_licencia_sap,std_hr_bono_sap,bci_incidencia_sap,m4vw_incidencia_sap,bci_egreso_sap,std_hr_convenio_sap,template_colaboradores_sap,m4bci_traslado_sap,m4sar_h_sal_vac_sap,std_hr_traslado_sap,m4vw_bono_sap,std_hr_centro_costo_sap,cci_ingreso_sap
proc_beneficios_alerta;5;proc_beneficios_postulante_v1,proc_beneficios_evaluacion,proc_beneficios_vacante,proc_beneficios_bono_v1,proc_beneficios_competencia_v1;13;gob_beneficios_unidad_v1,gob_beneficios_incidencia_v2,gob_beneficios_licencia_v1,gob_beneficios_cargo,gob_beneficios_traslado_v1,gob_beneficios_beca_v1,gob_beneficios_cargo_v1,gob_beneficios_ingreso,gob_beneficios_indicador_v2,gob_beneficios_antiguedad_v2,gob_beneficios_contrato_v1,gob_beneficios_beca_v2,gob_beneficios_curso_v2
dlk_egresos_posicion;4;dlk_egresos_bono_v1,dlk_egresos_brecha,dlk_egresos_encuesta,dlk_egresos_egreso;14;m4bci_traslado_sap,bci_incidencia_sap,template_licencia_sap,ppn_egreso_sap,cci_convenio_sap,m4bci_ingreso_sap,m4cci_posicion_sap,std_lu_postulante_sap,categoria_desempeno_2021_sap,std_lu_unidad_sap,m4vw_hora_extra_sap,bci_beca_sap,std_lu_sucursal_sap,cci_antiguedad_sap
dlk_compensaciones_meta;3;dlk_compensaciones_postulante_v1,dlk_compensaciones_vacante_v1,dlk_compensaciones_encuesta;11;m4vw_incidencia_sap,m4sco_evaluacion_sap,bci_licencia_sap,std_lu_unidad_sap,m4sco_egreso_sap,m4sco_curso_sap,ppn_colaborador_sap,m4bci_ingreso_sap,template_cargos_detalle_sap,bci_incidencia_sap,std_hr_jefatura_sap
dash_clima_sucursal;3;dash_clima_colaborador_kpi,dash_clima_cargo_kpi,dash_clima_incidencia_kpi;21;proc_clima_hora_extra,gob_clima_ingreso_v2,gob_clima_alerta_v2,proc_clima_cargo_v1,proc_clima_alerta_v1,gob_clima_encuesta_v2,gob_clima_posicion_v1,proc_clima_licencia,proc_clima_vacante_v1,proc_clima_incidencia,proc_clima_posicion,gob_clima_colaborador_v1,gob_clima_convenio_v2,gob_clima_unidad_v2,proc_clima_unidad_v1,gob_clima_traslado,proc_clima_egreso,proc_clima_turno,proc_clima_meta,gob_clima_sucursal,proc_clima_antiguedad
dlk_reportabilidad_postulante;4;dlk_reportabilidad_sucursal_v2,dlk_reportabilidad_meta_v1,dlk_reportabilidad_unidad_v2,dlk_reportabilidad_egreso_v1;5;m4vw_bono_sap,m4vw_jerarquia_uo_sap,bci_hora_extra_sap,std_hr_evaluacion_sap,std_lu_evaluacion_sap
proc_riesgo_licencia;6;proc_riesgo_hora_extra,proc_riesgo_meta,proc_riesgo_bono_v1,proc_riesgo_indicador_v1,proc_riesgo_beca,proc_riesgo_egreso;11;gob_riesgo_licencia,gob_riesgo_licencia_v2,gob_riesgo_brecha,gob_riesgo_hora_extra,gob_riesgo_vacante_v1,gob_riesgo_beca,gob_riesgo_postulante,gob_riesgo_colaborador_v2,gob_riesgo_competencia_v2,gob_riesgo_ingreso,gob_riesgo_cargo_v2
dlk_diversidad_licencia;4;dlk_diversidad_antiguedad,dlk_diversidad_unidad_v1,dlk_diversidad_brecha,dlk_diversidad_cargo_v2;13;cci_altas_futuras_sap,std_lu_unidad_sap,m4vw_beca_sap,bci_incidencia_sap,template_vacante_sap,std_lu_wt_type_sap,ppn_convenio_sap,m4vw_jefatura_1_sap,template_colaboradores_sap,m4bci_licencia_sap,bci_postulante_sap,ppn_sucursal_sap,m4vw_incidencia_sap
dlk_movilidad_centro_costo;6;dlk_movilidad_cargo,dlk_movilidad_posicion_v2,dlk_movilidad_jefatura_v2,dlk_movilidad_evaluacion_v1,dlk_movilidad_beca_v1,dlk_planta_vacante_v2;12;std_lu_contrato_sap,m4vw_jefatura_1_sap,cci_convenio_sap,m4vw_beca_sap,ppn_bono_sap,std_lu_jefatura_sap,bci_competencia_sap,template_traslado_sap,m4bci_unidad_1_sap,bci_antiguedad_sap,std_hr_bono_sap,m4cci_evaluacion_sap
gob_capacitacion_traslado;7;gob_capacitacion_alerta_v2,gob_capacitacion_unidad,gob_capacitacion_competencia,gob_capacitacion_contrato_v1,gob_capacitacion_brecha_v2,gob_capacitacion_bono_v2,gob_capacitacion_colaborador_v2;15;dlk_capacitacion_colaborador,dlk_capacitacion_beca,dlk_capacitacion_licencia_v1,dlk_capacitacion_meta,dlk_capacitacion_encuesta,dlk_capacitacion_jefatura_v1,dlk_capacitacion_contrato,dlk_capacitacion_egreso_v1,dlk_capacitacion_colaborador_v2,dlk_capacitacion_brecha,dlk_capacitacion_bono_v2,dlk_capacitacion_curso_v2,dlk_capacitacion_vacante_v1,bci_curso_sap,m4vw_incidencia_sap
dlk_planta_jefatura;4;dlk_planta_unidad,dlk_planta_beca,dlk_planta_cargo_v2,dlk_planta_bono_v1;8;m4sco_beca_sap,cci_convenio_sap,template_cargos_detalle_sap,m4vw_beca_sap,bci_incidencia_sap,bci_bono_sap,m4sco_egreso_sap,std_hr_unidad_sap
dlk_talento_curso;3;dlk_talento_postulante_v1,dlk_talento_alerta_v2,dlk_clima_hora_extra_v2;8;std_hr_convenio_sap,bci_region_sap,bci_incidencia_sap,m4vw_jerarquia_uo_sap,bci_licencia_sap,template_evaluacion_sap,template_licencia_sap,std_lu_evaluacion_sap
gob_desempeno_competencia;6;gob_desempeno_convenio,gob_desempeno_region,gob_desempeno_turno,gob_desempeno_licencia_v1,gob_desempeno_encuesta_v2,gob_desempeno_convenio_v2;17;dlk_desempeno_centro_costo_v1,dlk_desempeno_brecha_v2,dlk_desempeno_traslado_v2,dlk_desempeno_antiguedad_v2,dlk_desempeno_contrato_v1,dlk_desempeno_indicador_v2,dlk_desempeno_vacante_v1,dlk_desempeno_licencia_v2,dlk_desempeno_posicion,dlk_desempeno_centro_costo_v2,dlk_desempeno_centro_costo,dlk_desempeno_sucursal,dlk_desempeno_convenio,dlk_desempeno_brecha_v1,dlk_desempeno_hora_extra_v2,dlk_desempeno_incidencia_v2,m4sco_contrato_sap
dlk_formacion_alerta;6;dlk_formacion_encuesta_v1,dlk_formacion_region,dlk_formacion_sucursal,dlk_formacion_beca_v1,dlk_formacion_competencia,dlk_formacion_unidad;11;m4sco_sucursal_sap,bci_incidencia_sap,m4bci_postulante_sap,std_lu_job_sector_sap,std_hr_bono_sap,m4sco_antiguedad_sap,m4vw_hora_extra_sap,ppn_ingreso_sap,personales_sap,std_lu_colaborador_1_sap,m4cci_colaborador_1_sap
dlk_ausentismo_bono;2;dlk_ausentismo_convenio,dlk_ausentismo_antiguedad_v1;8;bci_colaborador_1_sap,m4vw_beca_sap,template_colaboradores_sap,cci_colaborador_sap,ppn_egreso_sap,m4bci_licencia_sap,m4vw_indicador_sap,m4sco_sucursal_sap
gob_nomina_hora_extra;6;gob_nomina_contrato_v1,gob_nomina_jefatura_v1,gob_nomina_cargo,gob_nomina_colaborador,gob_nomina_beca_v1,gob_nomina_postulante_v1;21;dlk_nomina_contrato_v2,dlk_nomina_hora_extra_v1,dlk_nomina_competencia_v2,dlk_nomina_encuesta_v1,dlk_nomina_sucursal_v2,dlk_nomina_meta,dlk_nomina_evaluacion,dlk_nomina_bono_v1,dlk_nomina_traslado_v2,dlk_nomina_bono,dlk_nomina_alerta,dlk_nomina_curso_v2,dlk_nomina_ingreso,dlk_nomina_posicion_v2,dlk_nomina_colaborador_v2,dlk_nomina_sucursal_v1,dlk_nomina_egreso_v1,dlk_nomina_traslado_v1,dlk_nomina_curso,dlk_nomina_incidencia_v2,m4sco_contrato_sap
dlk_seleccion_beca;6;dlk_seleccion_posicion_v1,dlk_seleccion_indicador_v2,dlk_seleccion_egreso_v1,dlk_seleccion_postulante_v2,dlk_seleccion_ingreso,dlk_seleccion_indicador_v1;11;m4vw_incidencia_sap,template_colaboradores_sap,cci_convenio_sap,template_colaborador_1_sap,m4bci_traslado_sap,m4vw_antiguedad_sap,std_lu_contrato_1_sap,ppn_convenio_sap,m4bci_curso_sap,bci_hora_extra_sap,template_centro_costo_sap
gob_beneficios_vacante;6;gob_beneficios_competencia_v1,gob_beneficios_evaluacion,gob_beneficios_licencia,gob_beneficios_meta,gob_beneficios_posicion_v2,gob_formacion_alerta_v2;4;dlk_beneficios_brecha_v2,dlk_beneficios_traslado_v1,m4bci_posicion_sap,bci_egreso_sap
dlk_egresos_contrato;6;dlk_egresos_incidencia_v1,dlk_egresos_turno_v2,dlk_egresos_antiguedad_v1,dlk_egresos_traslado_v1,dlk_egresos_convenio_v2,dlk_egresos_traslado_v2;11;std_lu_postulante_sap,bci_region_sap,template_evaluacion_sap,m4sco_jefatura_1_sap,m4vw_jerarquia_uo_sap,bci_licencia_sap,std_hr_convenio_sap,std_hr_posicion_1_sap,m4bci_centro_costo_sap,m4bci_posicion_sap,ppn_postulante_sap
gob_compensaciones_evaluacion;5;gob_compensaciones_brecha_v1,gob_compensaciones_vacante_v2,gob_compensaciones_posicion_v2,gob_compensaciones_ingreso_v1,gob_compensaciones_licencia_v2;23;dlk_compensaciones_vacante,dlk_compensaciones_vacante_v1,dlk_compensaciones_alerta,dlk_compensaciones_competencia_v2,dlk_compensaciones_meta_v1,dlk_compensaciones_centro_costo_v1,dlk_compensaciones_hora_extra_v1,dlk_compensaciones_beca_v1,dlk_compensaciones_licencia_v1,dlk_compensaciones_encuesta_v2,dlk_compensaciones_beca_v2,dlk_compensaciones_competencia,dlk_compensaciones_postulante_v1,dlk_compensaciones_unidad_v1,dlk_compensaciones_curso,dlk_compensaciones_incidencia,dlk_compensaciones_encuesta,dlk_compensaciones_competencia_v1,dlk_compensaciones_ingreso_v1,dlk_compensaciones_contrato,dlk_compensaciones_licencia,dlk_compensaciones_jefatura,bci_bono_sap
proc_clima_unidad;3;proc_clima_bono,proc_clima_ingreso_v1,proc_clima_posicion_v1;7;gob_clima_alerta_v2,gob_clima_sucursal,gob_clima_encuesta_v2,gob_clima_unidad_v2,gob_clima_ingreso_v2,gob_clima_posicion_v1,gob_clima_colaborador_v1
dlk_reportabilidad_turno;6;dlk_reportabilidad_turno_v2,dlk_reportabilidad_ingreso_v1,dlk_reportabilidad_turno_v1,dlk_reportabilidad_colaborador_v2,dlk_reportabilidad_alerta_v2,dlk_reportabilidad_convenio_v1;4;bci_incidencia_sap,bci_antiguedad_sap,m4cci_posicion_sap,m4vw_encuesta_sap
dlk_riesgo_meta;3;dlk_riesgo_ingreso_v2,dlk_riesgo_unidad_v1,dlk_riesgo_competencia_v2;11;std_lu_encuesta_sap,std_lu_unidad_sap,ppn_ingreso_sap,template_cargos_detalle_sap,cci_region_sap,m4vw_contrato_1_sap,m4sco_evaluacion_sap,template_ubicacion_sap,template_vacante_sap,m4vw_jefatura_1_sap,std_hr_bono_sap
dlk_diversidad_encuesta_01;3;dlk_diversidad_colaborador,dlk_diversidad_cargo,dlk_diversidad_incidencia_v2;5;m4vw_hora_extra_sap,m4bci_ingreso_sap,m4bci_posicion_sap,std_lu_contrato_sap,bci_colaborador_1_sap
dlk_movilidad_cargo_01;6;dlk_movilidad_sucursal,dlk_movilidad_postulante_v2,dlk_movilidad_ingreso_v1,dlk_movilidad_posicion,dlk_movilidad_sucursal_v2,dlk_movilidad_turno_v2;9;m4bci_traslado_sap,bci_colaborador_1_sap,m4sco_cargo_sap,m4vw_antiguedad_sap,template_cargo_sap,std_lu_contrato_sap,m4vw_beca_sap,template_licencia_sap,cat_desempeno_2023_sap
gob_capacitacion_antiguedad;5;gob_capacitacion_hora_extra_v2,gob_capacitacion_evaluacion_v2,gob_capacitacion_turno_v1,gob_capacitacion_centro_costo_v1,gob_capacitacion_contrato;20;dlk_capacitacion_beca,dlk_capacitacion_colaborador_v2,dlk_capacitacion_licencia_v1,dlk_capacitacion_encuesta,dlk_capacitacion_curso_v2,dlk_capacitacion_jefatura_v1,dlk_capacitacion_meta,dlk_capacitacion_bono_v2,dlk_capacitacion_colaborador,dlk_capacitacion_incidencia_v1,dlk_capacitacion_brecha,dlk_capacitacion_contrato,dlk_capacitacion_vacante_v1,dlk_capacitacion_egreso_v1,dlk_capacitacion_ingreso,dlk_capacitacion_incidencia_v2,dlk_capacitacion_sucursal,dlk_capacitacion_hora_extra,dlk_capacitacion_sucursal_v2,m4bci_postulante_sap
dlk_planta_beca;3;dlk_planta_convenio_v2,dlk_planta_hora_extra_v2,dlk_planta_colaborador_v2;5;bci_curso_sap,bci_postulante_sap,cci_altas_futuras_sap,std_lu_unidad_sap,m4sco_centro_costo_sap
dlk_talento_ingreso;5;dlk_talento_colaborador,dlk_talento_egreso,dlk_talento_unidad_v1,dlk_talento_antiguedad,dlk_talento_incidencia_v1;11;std_lu_contrato_sap,bci_jefatura_sap,m4bci_postulante_sap,bci_licencia_sap,cci_region_sap,bci_colaborador_1_sap,cci_cargo_1_sap,m4cci_postulante_sap,m4sco_egreso_sap,m4vw_jerarquia_uo_sap,m4cci_posicion_sap
proc_desempeno_turno;2;proc_desempeno_meta,proc_desempeno_licencia_v1;18;gob_desempeno_antiguedad_v2,gob_desempeno_evaluacion_v1,gob_desempeno_convenio_v1,gob_desempeno_posicion_v2,gob_desempeno_sucursal_v1,gob_desempeno_bono_v1,gob_desempeno_brecha,gob_desempeno_egreso,gob_desempeno_hora_extra,gob_desempeno_sucursal_v2,gob_desempeno_contrato_v1,gob_desempeno_egreso_v2,gob_desempeno_licencia_v2,gob_desempeno_alerta_v1,gob_desempeno_jefatura,gob_desempeno_turno_v1,gob_desempeno_convenio_v2,bci_jefatura_sap
dlk_formacion_traslado;5;dlk_formacion_centro_costo,dlk_formacion_meta_v1,dlk_formacion_unidad_v1,dlk_formacion_turno_v2,dlk_formacion_antiguedad_v1;13;template_contrato_sap,cci_unidad_1_sap,ppn_curso_sap,m4bci_postulante_sap,m4sco_evaluacion_sap,bci_colaborador_1_sap,template_incidencia_sap,std_lu_evaluacion_sap,m4cci_posicion_sap,cci_meta_sap,ppn_egreso_sap,m4sco_alerta_sap,m4cci_competencia_sap
gob_ausentismo_sucursal;8;gob_ausentismo_egreso,gob_ausentismo_contrato_v1,gob_ausentismo_turno_v2,gob_ausentismo_competencia,gob_ausentismo_convenio_v1,gob_ausentismo_region,gob_ausentismo_brecha_v2,gob_ausentismo_hora_extra;14;dlk_ausentismo_sucursal,dlk_ausentismo_postulante_v2,dlk_ausentismo_egreso,dlk_ausentismo_unidad_v1,dlk_ausentismo_meta,ppn_ausentismos_incidencia,dlk_ausentismo_incidencia_v1,dlk_ausentismo_colaborador_v1,dlk_ausentismo_jefatura_v2,dlk_ausentismo_ingreso_v1,dlk_ausentismo_beca_v2,dlk_ausentismo_region_v1,dlk_ausentismo_colaborador_v2,m4vw_incidencia_sap
gob_nomina_beca;5;gob_nomina_antiguedad_v2,gob_nomina_centro_costo_v1,gob_nomina_colaborador_v1,gob_nomina_incidencia_v2,gob_nomina_beca;21;dlk_nomina_bono,dlk_nomina_curso_v2,dlk_nomina_evaluacion,dlk_nomina_alerta,dlk_nomina_competencia_v2,dlk_nomina_traslado_v2,dlk_nomina_colaborador_v2,dlk_nomina_meta,dlk_nomina_encuesta_v1,dlk_nomina_hora_extra_v1,dlk_nomina_sucursal_v2,dlk_nomina_contrato_v2,dlk_nomina_incidencia_v2,dlk_nomina_bono_v1,dlk_nomina_posicion_v2,dlk_nomina_ingreso,dlk_nomina_egreso_v1,dlk_nomina_traslado_v1,dlk_nomina_sucursal_v1,dlk_nomina_curso,ppn_sucursal_sap
dash_seleccion_region;5;dash_seleccion_unidad_kpi,dash_seleccion_posicion_kpi,dash_formacion_incidencia_kpi,dash_riesgo_posicion_kpi,dash_movilidad_contrato_kpi;19;proc_seleccion_postulante,gob_seleccion_unidad,gob_seleccion_traslado_v2,proc_seleccion_region,gob_seleccion_brecha_v2,gob_seleccion_brecha_v1,gob_seleccion_alerta,gob_seleccion_postulante_v2,gob_seleccion_incidencia,gob_seleccion_competencia_v1,proc_seleccion_antiguedad,gob_seleccion_traslado,proc_seleccion_bono,gob_seleccion_encuesta_v1,proc_seleccion_hora_extra,gob_seleccion_jefatura,gob_seleccion_region_v1,gob_seleccion_posicion_v2,gob_seleccion_cargo
gob_beneficios_curso_01;8;gob_beneficios_encuesta,gob_beneficios_colaborador_v2,gob_beneficios_region_v2,gob_beneficios_ingreso_v1,gob_beneficios_competencia,gob_beneficios_brecha_v1,gob_beneficios_indicador,gob_beneficios_postulante_v2;3;dlk_beneficios_traslado_v1,dlk_beneficios_brecha_v2,m4cci_unidad_1_sap
proc_egresos_contrato;4;proc_egresos_brecha_v1,proc_egresos_centro_costo_v1,proc_egresos_contrato,proc_egresos_hora_extra_v1;15;gob_egresos_posicion_v1,gob_egresos_alerta,gob_egresos_cargo,gob_egresos_bono,gob_egresos_licencia_v1,gob_egresos_indicador,gob_egresos_curso_v2,gob_egresos_vacante_v1,gob_egresos_unidad_v2,gob_egresos_hora_extra_v1,gob_egresos_centro_costo,gob_egresos_competencia_v1,gob_egresos_evaluacion,gob_egresos_licencia_v2,gob_egresos_brecha_v1
dash_compensaciones_beca;4;dash_compensaciones_unidad_kpi,dash_formacion_cargo_kpi,dash_planta_unidad_kpi,dash_planta_evaluacion_kpi;16;gob_compensaciones_meta_v2,proc_compensaciones_licencia,proc_compensaciones_alerta_v1,gob_compensaciones_antiguedad_v2,gob_compensaciones_competencia_v2,gob_compensaciones_evaluacion_v1,gob_compensaciones_turno_v2,gob_compensaciones_centro_costo_v2,gob_compensaciones_incidencia,gob_compensaciones_traslado,gob_compensaciones_sucursal_v2,gob_compensaciones_turno_v1,gob_compensaciones_contrato_v1,gob_compensaciones_colaborador_v1,gob_compensaciones_unidad_v1,proc_compensaciones_encuesta_v1
dash_clima_turno;5;dash_movilidad_evaluacion_kpi,dash_planta_posicion_kpi,dash_riesgo_cargo_kpi,dash_ausentismo_evaluacion_kpi,dash_diversidad_incidencia_kpi;13;gob_clima_encuesta_v1,gob_clima_encuesta_v2,gob_clima_licencia_v2,gob_clima_posicion_v1,gob_clima_colaborador_v1,proc_clima_unidad_v1,proc_clima_cargo_v1,proc_clima_vacante_v1,proc_clima_egreso,proc_clima_licencia,proc_clima_posicion,gob_clima_sucursal,proc_clima_turno
proc_reportabilidad_ingreso_01;5;proc_reportabilidad_bono_v1,proc_reportabilidad_posicion_v1,proc_reportabilidad_region_v1,proc_reportabilidad_evaluacion,proc_reportabilidad_convenio;9;gob_reportabilidad_encuesta_v1,gob_reportabilidad_ingreso_v2,gob_reportabilidad_contrato_v1,gob_reportabilidad_competencia_v1,gob_reportabilidad_alerta_v1,gob_reportabilidad_colaborador_v1,gob_reportabilidad_centro_costo,gob_reportabilidad_beca_v2,gob_reportabilidad_traslado
