DAG;NumTablasAlimenta;TablasAlimenta;NumTablasAlimentan;TablasAlimentan
gob_proceso_0000;5;gob_tbl_00224,dash_tbl_03166,dlk_tbl_00857,dlk_tbl_00023,gob_tbl_01795;8;m4sco_tbl_02839,gob_tbl_02052,ppn_tbl_02863,gob_tbl_00998,ppn_tbl_01249,gob_ext_00218,gob_ext_00504,dlk_ext_00360
gob_proceso_0001;6;proc_tbl_03271,gob_tbl_02421,dlk_tbl_00337,gob_tbl_02118,gob_tbl_02592,dash_tbl_01325;5;proc_tbl_01124,dlk_tbl_01997,dash_tbl_01187,dlk_ext_00583,gob_ext_00185
gob_proceso_0002;6;proc_tbl_01819,dlk_tbl_02670,gob_tbl_02155,gob_tbl_02656,dash_tbl_01209,dlk_tbl_01307;9;dlk_tbl_02367,gob_tbl_02146,dlk_tbl_01921,std_tbl_03219,proc_tbl_02204,std_ext_00588,gob_ext_00152,dlk_ext_00313,m4sco_ext_00479
proc_proceso_0003;5;gob_tbl_02860,dlk_tbl_02778,gob_tbl_03168,dlk_tbl_01532,proc_tbl_02775;14;gob_tbl_00137,gob_tbl_00262,std_tbl_01755,dlk_tbl_00855,gob_tbl_03194,dlk_tbl_00557,dlk_tbl_00016,dlk_tbl_01238,dlk_ext_00261,dlk_ext_00289,dlk_ext_00035,gob_ext_00451,gob_ext_00279,gob_ext_00331
proc_proceso_0004;3;dash_tbl_03143,dlk_tbl_01300,dash_tbl_02231;12;gob_tbl_03225,dlk_tbl_01008,dlk_tbl_00960,gob_tbl_01403,std_tbl_02184,dash_tbl_03166,gob_tbl_00904,std_ext_00343,gob_ext_00320,gob_ext_00165,dlk_ext_00025,dash_ext_00271
proc_proceso_0005;7;dlk_tbl_00489,dlk_tbl_02060,gob_tbl_00931,gob_tbl_01119,gob_tbl_01631,gob_tbl_02469,gob_tbl_00193;9;proc_tbl_01026,dlk_tbl_01893,gob_tbl_01061,proc_tbl_02534,dlk_tbl_02894,dlk_ext_00156,dlk_ext_00191,dlk_ext_00485,gob_ext_00218
gob_proceso_0006;3;gob_tbl_00715,proc_tbl_02626,gob_tbl_02668;4;gob_tbl_01277,gob_tbl_00674,dash_ext_00233,dlk_ext_00090
dlk_proceso_0007;4;dlk_tbl_01727,gob_tbl_00164,dlk_tbl_00956,gob_tbl_01548;10;std_tbl_01774,gob_tbl_02030,dlk_tbl_00787,proc_tbl_00808,dash_tbl_01858,gob_tbl_01376,gob_ext_00288,dlk_ext_00447,gob_ext_00559,dash_ext_00233
dash_proceso_0008;6;std_tbl_02826,gob_tbl_00426,dlk_tbl_01104,dlk_tbl_01401,dash_tbl_03207,dlk_tbl_02956;16;std_tbl_01111,proc_tbl_01296,dlk_tbl_03121,dlk_tbl_01151,m4vw_tbl_00994,gob_tbl_00352,gob_tbl_01143,ppn_tbl_02863,gob_tbl_00501,std_ext_00134,dlk_ext_00084,dlk_ext_00591,gob_ext_00469,gob_ext_00594,gob_ext_00279,gob_ext_00079
dlk_proceso_0009;7;proc_tbl_00063,gob_tbl_02995,proc_tbl_03100,proc_tbl_01726,proc_tbl_00867,dlk_tbl_02065,dlk_tbl_00030;1;dlk_tbl_02026
gob_proceso_0010;3;dlk_tbl_03054,gob_tbl_03048,gob_tbl_01912;9;gob_tbl_01494,dlk_tbl_00233,dash_tbl_00254,dlk_tbl_03208,dlk_tbl_01005,gob_ext_00115,proc_ext_00363,m4vw_ext_00226,gob_ext_00162
dash_proceso_0011;3;proc_tbl_01994,proc_tbl_02408,std_tbl_02757;5;std_tbl_02843,dlk_tbl_00548,gob_tbl_00756,dash_ext_00511,gob_ext_00547
proc_proceso_0012;6;gob_tbl_02460,std_tbl_00257,dlk_tbl_01999,dlk_tbl_01527,proc_tbl_02499,proc_tbl_01843;9;gob_tbl_02385,gob_tbl_00311,gob_tbl_02405,dash_tbl_01809,gob_tbl_01808,dlk_ext_00583,dlk_ext_00409,std_ext_00603,dlk_ext_00006
gob_proceso_0013;5;dlk_tbl_01504,dlk_tbl_02396,proc_tbl_00222,dash_tbl_02714,dlk_tbl_00612;5;dlk_tbl_00347,dash_tbl_00602,gob_tbl_02493,gob_ext_00070,gob_ext_00463
gob_proceso_0014;8;dash_tbl_01123,dlk_tbl_01852,gob_tbl_01856,dlk_tbl_01502,gob_tbl_01948,dlk_tbl_03105,proc_tbl_03023,dash_tbl_00254;7;dash_tbl_01809,gob_tbl_00037,dlk_tbl_00865,gob_tbl_02196,gob_ext_00509,gob_ext_00600,dlk_ext_00237
dlk_proceso_0015;3;gob_tbl_00120,dlk_tbl_02722,dash_tbl_00514;12;dlk_tbl_00722,gob_tbl_01233,gob_tbl_02224,gob_tbl_00561,proc_tbl_02168,gob_tbl_03176,dash_tbl_03214,dlk_ext_00351,std_ext_00588,dlk_ext_00413,dlk_ext_00429,gob_ext_00288
proc_proceso_0016;5;dlk_tbl_02285,dlk_tbl_01584,dlk_tbl_02318,dlk_tbl_01677,dash_tbl_02651;17;ppn_tbl_00174,dlk_tbl_00963,gob_tbl_01481,gob_tbl_01856,dlk_tbl_02520,dlk_tbl_02862,dlk_tbl_03274,gob_tbl_00675,std_tbl_00771,gob_tbl_02685,gob_ext_00029,gob_ext_00342,dlk_ext_00550,proc_ext_00036,dlk_ext_00035,gob_ext_00592,dlk_ext_00034
gob_proceso_0017;4;dlk_tbl_00676,m4vw_tbl_01499,gob_tbl_02373,dlk_tbl_02988;12;proc_tbl_01081,dlk_tbl_01125,proc_tbl_00511,std_tbl_01102,dlk_tbl_00831,gob_tbl_01509,dlk_tbl_03113,dash_ext_00535,gob_ext_00458,dlk_ext_00261,gob_ext_00381,dlk_ext_00347
proc_proceso_0018;3;dlk_tbl_03099,gob_tbl_00843,dash_tbl_02808;15;std_tbl_00976,proc_tbl_03122,proc_tbl_02761,gob_tbl_00639,gob_tbl_02373,std_tbl_02011,m4vw_tbl_01756,gob_tbl_01456,gob_tbl_03158,gob_ext_00559,gob_ext_00463,gob_ext_00593,dlk_ext_00025,dlk_ext_00007,gob_ext_00385
proc_proceso_0019;8;gob_tbl_00183,gob_tbl_02554,dlk_tbl_01836,dlk_tbl_00534,gob_tbl_01266,gob_tbl_00284,gob_tbl_01417,dlk_tbl_02074;24;gob_tbl_01885,proc_tbl_01492,ppn_tbl_00601,gob_tbl_00931,dlk_tbl_01824,gob_tbl_00303,gob_tbl_03213,dlk_tbl_02031,dash_tbl_00251,dlk_tbl_03087,gob_tbl_01606,proc_tbl_00718,dlk_tbl_01195,dlk_tbl_01008,dlk_ext_00148,gob_ext_00392,dlk_ext_00111,dlk_ext_00462,dash_ext_00356,gob_ext_00559,dlk_ext_00573,gob_ext_00246,proc_ext_00086,dlk_ext_00098
dlk_proceso_0020;4;gob_tbl_00758,gob_tbl_01785,proc_tbl_02225,proc_tbl_00821;10;dash_tbl_00995,dlk_tbl_01783,dash_tbl_00875,proc_tbl_01381,gob_tbl_02698,proc_tbl_03137,std_ext_00310,gob_ext_00288,dlk_ext_00084,dlk_ext_00378
dlk_proceso_0021;4;proc_tbl_02342,gob_tbl_00811,gob_tbl_00981,m4vw_tbl_00067;7;dlk_tbl_02686,gob_tbl_03098,gob_tbl_02374,dlk_tbl_00086,dlk_ext_00441,proc_ext_00318,m4sco_ext_00453
dlk_proceso_0022;4;dlk_tbl_00544,dlk_tbl_02261,gob_tbl_02114,dlk_tbl_00925;14;gob_tbl_00093,m4vw_tbl_03264,dlk_tbl_01976,dlk_tbl_03019,dash_tbl_01732,gob_tbl_01221,dlk_tbl_01353,dlk_tbl_02811,gob_ext_00408,dlk_ext_00122,proc_ext_00561,dlk_ext_00037,proc_ext_00373,dlk_ext_00119
dlk_proceso_0023;6;gob_tbl_03248,dlk_tbl_00085,gob_tbl_02957,dlk_tbl_02187,dlk_tbl_02974,proc_tbl_01032;4;gob_tbl_00928,dash_tbl_00529,dlk_ext_00008,m4sco_ext_00456
gob_proceso_0024;5;dlk_tbl_01438,proc_tbl_00176,dlk_tbl_01533,gob_tbl_01264,gob_tbl_01148;15;gob_tbl_02742,proc_tbl_00977,gob_tbl_01723,std_tbl_00976,dlk_tbl_00807,proc_tbl_00600,dlk_tbl_01125,dlk_tbl_02253,dlk_tbl_01965,gob_ext_00559,dlk_ext_00409,dash_ext_00283,proc_ext_00231,gob_ext_00301,std_ext_00588
dash_proceso_0025;2;gob_tbl_02484,dlk_tbl_00533;13;gob_tbl_00146,gob_tbl_00343,dlk_tbl_02163,gob_tbl_00353,dlk_tbl_01660,dlk_tbl_02065,proc_tbl_02790,gob_ext_00250,gob_ext_00115,proc_ext_00533,dash_ext_00120,gob_ext_00432,gob_ext_00368
dlk_proceso_0026;8;proc_tbl_00045,m4vw_tbl_01165,dlk_tbl_03127,gob_tbl_02093,proc_tbl_00422,gob_tbl_01895,m4sco_tbl_02228,gob_tbl_01629;24;gob_tbl_03132,dlk_tbl_03133,gob_tbl_02179,gob_tbl_01417,gob_tbl_02434,gob_tbl_03190,dlk_tbl_02498,gob_tbl_02214,dlk_tbl_03002,gob_tbl_00039,gob_tbl_02533,dlk_tbl_03095,proc_tbl_01357,gob_tbl_01153,dlk_ext_00512,dlk_ext_00174,dlk_ext_00414,gob_ext_00303,gob_ext_00092,dlk_ext_00299,dlk_ext_00313,dlk_ext_00267,proc_ext_00442,dlk_ext_00241
dlk_proceso_0027;6;dash_tbl_01241,dlk_tbl_01580,dlk_tbl_00547,gob_tbl_00550,proc_tbl_01335,dlk_tbl_02498;21;dlk_tbl_02562,dlk_tbl_00250,dlk_tbl_00559,dash_tbl_03207,proc_tbl_00297,gob_tbl_01346,proc_tbl_03280,gob_tbl_03057,gob_tbl_00779,gob_tbl_01431,gob_tbl_00753,gob_tbl_01451,dash_ext_00236,gob_ext_00185,dash_ext_00193,proc_ext_00198,gob_ext_00572,dlk_ext_00380,gob_ext_00038,dlk_ext_00171,proc_ext_00151
dlk_proceso_0028;7;std_tbl_01039,dash_tbl_02489,gob_tbl_01322,dlk_tbl_00145,gob_tbl_01379,dlk_tbl_00916,dlk_tbl_03095;20;gob_tbl_02110,gob_tbl_02802,proc_tbl_01296,gob_tbl_02447,proc_tbl_03280,dlk_tbl_01750,dlk_tbl_02770,dash_tbl_01317,gob_tbl_02689,dlk_tbl_01353,proc_tbl_00390,gob_tbl_00221,proc_ext_00099,gob_ext_00582,proc_ext_00042,dlk_ext_00617,gob_ext_00546,ppn_ext_00044,m4vw_ext_00226,gob_ext_00266
dlk_proceso_0029;4;gob_tbl_02708,gob_tbl_01568,dlk_tbl_00300,dlk_tbl_00536;4;dlk_tbl_01596,dlk_tbl_01660,gob_ext_00217,dlk_ext_00360
gob_proceso_0030;7;gob_tbl_01617,gob_tbl_00556,dlk_tbl_01252,dlk_tbl_00209,dlk_tbl_00838,dlk_tbl_02340,proc_tbl_01749;10;dlk_tbl_01238,dlk_tbl_00807,dlk_tbl_01901,dlk_tbl_01740,std_tbl_02644,proc_tbl_00365,dlk_ext_00485,dlk_ext_00007,gob_ext_00516,gob_ext_00457
gob_proceso_0031;3;gob_tbl_03256,dlk_tbl_02043,dash_tbl_00425;7;dlk_tbl_02084,dlk_tbl_02190,proc_tbl_01941,std_tbl_02843,gob_ext_00303,dlk_ext_00177,gob_ext_00279
dlk_proceso_0032;2;gob_tbl_02146,gob_tbl_00051;6;dlk_tbl_02574,dlk_tbl_02718,proc_tbl_02589,gob_ext_00115,gob_ext_00370,gob_ext_00451
dlk_proceso_0033;5;dlk_tbl_00473,dlk_tbl_01866,gob_tbl_03084,proc_tbl_00651,dlk_tbl_02680;5;gob_tbl_00055,gob_tbl_02916,dlk_tbl_02512,m4vw_ext_00143,proc_ext_00198
dlk_proceso_0034;5;gob_tbl_01657,dlk_tbl_02253,gob_tbl_01685,dlk_tbl_00595,dlk_tbl_00431;12;proc_tbl_03154,gob_tbl_00107,gob_tbl_02424,m4vw_tbl_03264,ppn_tbl_00178,gob_tbl_02107,gob_tbl_02434,dlk_ext_00314,gob_ext_00192,m4vw_ext_00232,gob_ext_00594,m4vw_ext_00226
gob_proceso_0035;5;gob_tbl_02256,ppn_tbl_01257,gob_tbl_00614,gob_tbl_03035,gob_tbl_01068;17;gob_tbl_01588,dlk_tbl_00070,gob_tbl_01801,proc_tbl_02314,gob_tbl_00050,dlk_tbl_01976,dlk_tbl_00181,proc_tbl_00308,ppn_tbl_00679,gob_tbl_00460,proc_ext_00001,gob_ext_00537,dash_ext_00263,dlk_ext_00338,gob_ext_00303,gob_ext_00443,dlk_ext_00314
proc_proceso_0036;6;m4sco_tbl_01359,m4sco_tbl_00801,proc_tbl_00410,gob_tbl_01262,dlk_tbl_00848,gob_tbl_01274;15;dlk_tbl_00525,gob_tbl_01694,proc_tbl_01131,gob_tbl_02480,gob_tbl_02981,gob_tbl_00378,dlk_tbl_01422,gob_tbl_02774,gob_tbl_01645,proc_ext_00363,gob_ext_00281,gob_ext_00045,dlk_ext_00034,gob_ext_00412,proc_ext_00100
proc_proceso_0037;6;dash_tbl_02891,gob_tbl_02622,proc_tbl_02513,gob_tbl_01227,gob_tbl_00597,dlk_tbl_01285;15;dlk_tbl_01074,proc_tbl_01942,gob_tbl_00407,gob_tbl_01907,dlk_tbl_03103,gob_tbl_00562,gob_tbl_00203,proc_tbl_00810,gob_tbl_01991,gob_ext_00292,dlk_ext_00008,dlk_ext_00319,dlk_ext_00484,proc_ext_00064,gob_ext_00516
proc_proceso_0038;6;proc_tbl_03014,gob_tbl_01870,dlk_tbl_01404,dash_tbl_00622,gob_tbl_01926,gob_tbl_02067;9;dlk_tbl_01484,proc_tbl_00681,gob_tbl_01266,dlk_tbl_01070,gob_tbl_02038,proc_ext_00543,dlk_ext_00308,ppn_ext_00044,dlk_ext_00299
gob_proceso_0039;4;dlk_tbl_03199,gob_tbl_00774,proc_tbl_00750,ppn_tbl_00944;7;proc_tbl_02122,dlk_tbl_02794,std_tbl_01705,dlk_tbl_01675,dlk_ext_00454,gob_ext_00332,proc_ext_00151
dlk_proceso_0040;4;dlk_tbl_01295,dlk_tbl_00851,proc_tbl_00829,gob_tbl_03025;10;proc_tbl_02293,std_tbl_00279,proc_tbl_01932,dlk_tbl_02934,gob_tbl_00708,gob_tbl_03273,gob_ext_00516,m4sco_ext_00479,dlk_ext_00065,dlk_ext_00267
gob_proceso_0041;4;gob_tbl_02139,dlk_tbl_00894,dlk_tbl_01603,gob_tbl_02762;10;proc_tbl_03081,dlk_tbl_02608,m4vw_tbl_00721,dlk_tbl_02112,gob_tbl_01991,proc_tbl_01973,dash_ext_00187,proc_ext_00552,gob_ext_00324,gob_ext_00421
gob_proceso_0042;6;gob_tbl_02300,proc_tbl_02239,dlk_tbl_01218,dlk_tbl_02020,dlk_tbl_00217,dlk_tbl_03003;12;dlk_tbl_01911,dlk_tbl_00865,dlk_tbl_01107,gob_tbl_02369,dash_tbl_02044,dlk_tbl_01772,dlk_tbl_01976,dlk_ext_00521,gob_ext_00170,gob_ext_00530,gob_ext_00489,std_ext_00296
dlk_proceso_0043;5;dlk_tbl_02002,m4vw_tbl_01138,gob_tbl_02302,dlk_tbl_00263,dlk_tbl_00773;13;dash_tbl_01193,proc_tbl_00105,gob_tbl_01470,dlk_tbl_00246,dlk_tbl_02330,dlk_tbl_02574,dlk_tbl_02491,gob_ext_00204,std_ext_00343,gob_ext_00419,dlk_ext_00591,dlk_ext_00454,proc_ext_00042
gob_proceso_0044;7;dlk_tbl_02570,dlk_tbl_02932,dlk_tbl_02416,dlk_tbl_02682,gob_tbl_00897,dlk_tbl_00086,dlk_tbl_01404;11;gob_tbl_01952,gob_tbl_02052,dash_tbl_02658,dlk_tbl_02329,dlk_tbl_00624,proc_tbl_02966,dlk_ext_00119,proc_ext_00561,dlk_ext_00241,gob_ext_00547,gob_ext_00070
gob_proceso_0045;6;gob_tbl_00150,dlk_tbl_00590,proc_tbl_01446,gob_tbl_02058,gob_tbl_02642,dash_tbl_01858;13;gob_tbl_01687,gob_tbl_02424,gob_tbl_01373,dash_tbl_02412,dlk_tbl_01750,gob_tbl_00041,gob_tbl_02716,proc_ext_00373,dlk_ext_00034,gob_ext_00190,gob_ext_00162,dlk_ext_00305,gob_ext_00497
gob_proceso_0046;5;proc_tbl_02796,ppn_tbl_00601,proc_tbl_01811,m4sco_tbl_01961,dlk_tbl_00252;8;gob_tbl_03273,gob_tbl_02905,gob_tbl_01930,dlk_tbl_01840,gob_tbl_02375,gob_ext_00038,proc_ext_00151,dlk_ext_00325
dash_proceso_0047;3;gob_tbl_03146,gob_tbl_03226,std_tbl_00732;4;gob_tbl_02874,dlk_tbl_01871,gob_ext_00288,std_ext_00476
gob_proceso_0048;2;proc_tbl_01146,dlk_tbl_02764;6;gob_tbl_00774,dash_tbl_01187,proc_tbl_02198,dash_ext_00072,dlk_ext_00155,dlk_ext_00475
gob_proceso_0049;5;ppn_tbl_01951,dlk_tbl_01011,gob_tbl_00580,gob_tbl_02095,gob_tbl_02579;4;dlk_tbl_02560,m4sco_tbl_02839,m4sco_ext_00456,proc_ext_00318
gob_proceso_0050;2;gob_tbl_00163,proc_tbl_02750;15;dlk_tbl_01268,gob_tbl_01522,dlk_tbl_01660,dlk_tbl_01814,gob_tbl_03050,gob_tbl_00535,proc_tbl_00834,gob_tbl_01797,proc_tbl_00500,proc_ext_00121,dlk_ext_00293,gob_ext_00515,m4sco_ext_00479,gob_ext_00332,gob_ext_00279
dash_proceso_0051;6;dlk_tbl_03251,gob_tbl_00584,gob_tbl_02566,dlk_tbl_01092,dash_tbl_02855,gob_tbl_02308;4;dlk_tbl_01921,gob_tbl_01439,gob_ext_00592,gob_ext_00110
proc_proceso_0052;2;dlk_tbl_00355,gob_tbl_00025;7;gob_tbl_03158,gob_tbl_01651,dlk_tbl_02023,dlk_tbl_02932,gob_ext_00181,dlk_ext_00066,gob_ext_00043
proc_proceso_0053;2;dlk_tbl_02915,gob_tbl_03213;8;dash_tbl_00520,proc_tbl_00760,gob_tbl_02305,gob_tbl_02042,ppn_tbl_01249,proc_ext_00552,dlk_ext_00601,proc_ext_00543
proc_proceso_0054;6;gob_tbl_02800,dlk_tbl_00377,dlk_tbl_01070,dlk_tbl_00579,gob_tbl_00766,proc_tbl_02181;4;dlk_tbl_01901,std_tbl_02217,proc_ext_00318,dlk_ext_00010
dash_proceso_0055;3;gob_tbl_03114,gob_tbl_02909,gob_tbl_00945;12;std_tbl_03104,gob_tbl_02194,dlk_tbl_00135,std_tbl_00976,gob_tbl_00094,proc_tbl_02591,dlk_tbl_02014,gob_ext_00105,gob_ext_00279,gob_ext_00467,gob_ext_00457,dlk_ext_00241
dlk_proceso_0056;5;dlk_tbl_02188,gob_tbl_00424,gob_tbl_02082,proc_tbl_02612,dash_tbl_00602;19;m4vw_tbl_03021,std_tbl_00906,gob_tbl_01900,gob_tbl_00919,proc_tbl_01777,gob_tbl_00243,dash_tbl_00357,dlk_tbl_03001,dlk_tbl_01857,dlk_tbl_01788,gob_tbl_02120,dlk_ext_00060,dlk_ext_00455,gob_ext_00175,dlk_ext_00493,dash_ext_00027,gob_ext_00381,dlk_ext_00484,dlk_ext_00314
dlk_proceso_0057;4;dlk_tbl_02216,proc_tbl_02428,dash_tbl_02587,dlk_tbl_02549;8;dlk_tbl_02753,dlk_tbl_03070,gob_tbl_01991,gob_tbl_02052,proc_tbl_02835,dash_ext_00365,gob_ext_00275,proc_ext_00500
dlk_proceso_0058;2;std_tbl_00171,dlk_tbl_01383;7;proc_tbl_02024,dlk_tbl_00270,proc_tbl_02534,dlk_tbl_02413,dlk_ext_00210,proc_ext_00373,dlk_ext_00591
dlk_proceso_0059;4;dlk_tbl_03151,dlk_tbl_00398,dlk_tbl_03007,gob_tbl_03098;4;std_tbl_00958,dash_tbl_00331,dlk_ext_00521,dlk_ext_00008
proc_proceso_0060;5;gob_tbl_01126,gob_tbl_02223,dlk_tbl_02053,dlk_tbl_00278,gob_tbl_02844;13;dlk_tbl_01591,dlk_tbl_02678,gob_tbl_02605,dlk_tbl_02754,dlk_tbl_01625,dash_tbl_02105,proc_tbl_02884,gob_ext_00374,dlk_ext_00299,gob_ext_00449,dlk_ext_00195,proc_ext_00472,dlk_ext_00462
proc_proceso_0061;5;gob_tbl_02113,dlk_tbl_01577,proc_tbl_01029,proc_tbl_02924,dlk_tbl_02213;4;dash_tbl_02691,dlk_tbl_02329,dlk_ext_00090,proc_ext_00099
gob_proceso_0062;4;std_tbl_02217,gob_tbl_02371,proc_tbl_01998,gob_tbl_02684;12;dash_tbl_01292,dash_tbl_01461,gob_tbl_00380,m4vw_tbl_03021,dlk_tbl_00716,dlk_tbl_02379,gob_tbl_01904,gob_ext_00288,dlk_ext_00358,gob_ext_00407,m4vw_ext_00207,gob_ext_00079
dlk_proceso_0063;4;dlk_tbl_03090,gob_tbl_00292,dlk_tbl_00391,dlk_tbl_01720;14;dlk_tbl_03018,gob_tbl_01405,ppn_tbl_02125,dlk_tbl_02720,dlk_tbl_00633,dlk_tbl_03087,dlk_tbl_00764,dlk_tbl_00831,dlk_ext_00414,proc_ext_00584,dlk_ext_00610,proc_ext_00472,dlk_ext_00289,dlk_ext_00455
dash_proceso_0064;2;gob_tbl_03082,gob_tbl_03195;6;gob_tbl_02981,gob_tbl_00098,proc_tbl_02731,gob_ext_00123,dlk_ext_00382,gob_ext_00443
dlk_proceso_0065;3;gob_tbl_00386,proc_tbl_01273,dlk_tbl_00787;4;dlk_tbl_01545,ppn_tbl_02394,proc_ext_00318,gob_ext_00451
proc_proceso_0066;6;m4sco_tbl_02751,dlk_tbl_00330,dlk_tbl_01776,gob_tbl_01306,dash_tbl_02069,gob_tbl_00265;15;dlk_tbl_01443,dlk_tbl_00557,dlk_tbl_00181,proc_tbl_03205,proc_tbl_01335,dash_tbl_01670,gob_tbl_02772,gob_tbl_01958,gob_tbl_00654,dlk_ext_00177,m4vw_ext_00127,dlk_ext_00237,gob_ext_00412,gob_ext_00572,gob_ext_00368
proc_proceso_0067;3;proc_tbl_03073,gob_tbl_01439,dlk_tbl_02483;8;gob_tbl_01432,dlk_tbl_00807,proc_tbl_01910,gob_tbl_00460,dash_tbl_01372,dlk_ext_00037,gob_ext_00009,proc_ext_00389
gob_proceso_0068;6;gob_tbl_02303,gob_tbl_01293,gob_tbl_01061,ppn_tbl_01094,gob_tbl_02947,gob_tbl_02050;13;dash_tbl_03097,dlk_tbl_01270,dlk_tbl_02330,proc_tbl_01026,dlk_tbl_02553,dlk_tbl_00936,gob_tbl_02774,dlk_ext_00549,dash_ext_00215,proc_ext_00198,dlk_ext_00454,std_ext_00296,ppn_ext_00117
dash_proceso_0069;6;dlk_tbl_00755,dlk_tbl_02054,dlk_tbl_02094,gob_tbl_00805,dlk_tbl_01426,gob_tbl_00325;16;gob_tbl_01663,dlk_tbl_00337,proc_tbl_02136,dlk_tbl_00451,dash_tbl_02700,gob_tbl_01513,dlk_tbl_00106,dlk_tbl_02106,proc_tbl_00159,gob_ext_00538,gob_ext_00043,dlk_ext_00084,proc_ext_00056,gob_ext_00443,dlk_ext_00210,gob_ext_00175
gob_proceso_0070;5;gob_tbl_00095,dlk_tbl_01794,dlk_tbl_00586,gob_tbl_00891,gob_tbl_03140;19;dash_tbl_01193,gob_tbl_01769,gob_tbl_02659,dlk_tbl_00658,dlk_tbl_00278,proc_tbl_00589,gob_tbl_02524,dlk_tbl_01192,dlk_tbl_00559,proc_tbl_02857,proc_tbl_01749,dlk_ext_00386,gob_ext_00083,dlk_ext_00358,gob_ext_00016,dlk_ext_00454,gob_ext_00181,dlk_ext_00360,dlk_ext_00090
dlk_proceso_0071;4;gob_tbl_00098,gob_tbl_01013,gob_tbl_03040,std_tbl_01415;9;gob_tbl_00733,dlk_tbl_02992,dlk_tbl_00169,dlk_tbl_02867,gob_tbl_01567,gob_ext_00043,m4vw_ext_00207,proc_ext_00124,proc_ext_00362
gob_proceso_0072;2;dlk_tbl_01772,m4vw_tbl_02939;20;gob_tbl_02541,dlk_tbl_01816,dlk_tbl_02449,gob_tbl_01807,std_tbl_02280,gob_tbl_02802,proc_tbl_03063,dlk_tbl_02387,gob_tbl_02957,dlk_tbl_01216,dlk_tbl_02376,gob_tbl_01569,gob_ext_00083,dlk_ext_00346,dlk_ext_00473,gob_ext_00531,dash_ext_00233,dlk_ext_00510,dlk_ext_00321,dlk_ext_00057
gob_proceso_0073;3;gob_tbl_00385,dlk_tbl_02586,gob_tbl_02936;5;proc_tbl_01357,gob_tbl_00846,gob_tbl_01417,proc_ext_00561,gob_ext_00483
gob_proceso_0074;4;gob_tbl_03129,gob_tbl_02226,proc_tbl_01031,m4sco_tbl_00809;14;dlk_tbl_01893,proc_tbl_00185,gob_tbl_01425,gob_tbl_01379,gob_tbl_00561,proc_tbl_01332,dlk_tbl_00745,std_tbl_00215,m4sco_ext_00453,dlk_ext_00155,gob_ext_00357,proc_ext_00376,dlk_ext_00285,proc_ext_00500
dash_proceso_0075;8;gob_tbl_02905,gob_tbl_02900,proc_tbl_01088,gob_tbl_01608,gob_tbl_00911,dash_tbl_01793,proc_tbl_03061,gob_tbl_00152;6;dlk_tbl_02718,gob_tbl_02860,dlk_tbl_02854,gob_ext_00546,dash_ext_00356,dlk_ext_00583
dlk_proceso_0076;6;ppn_tbl_02394,std_tbl_01918,proc_tbl_03088,proc_tbl_00606,dash_tbl_01016,proc_tbl_02665;6;proc_tbl_01146,proc_tbl_00365,gob_tbl_03042,dlk_ext_00213,proc_ext_00099,gob_ext_00432
dlk_proceso_0077;4;gob_tbl_00523,gob_tbl_03050,gob_tbl_00466,gob_tbl_03194;7;std_tbl_03240,dash_tbl_02104,proc_tbl_01574,gob_tbl_02245,gob_ext_00300,std_ext_00603,dlk_ext_00034
dlk_proceso_0078;5;dlk_tbl_02660,gob_tbl_00933,dlk_tbl_02388,dash_tbl_00526,dlk_tbl_02560;17;dash_tbl_01187,gob_tbl_02052,gob_tbl_01432,dlk_tbl_03184,dlk_tbl_00293,dlk_tbl_01095,m4sco_tbl_01656,proc_tbl_02931,std_tbl_02568,proc_tbl_01536,m4vw_ext_00268,gob_ext_00288,gob_ext_00324,dlk_ext_00177,dlk_ext_00429,gob_ext_00079,gob_ext_00395
dash_proceso_0079;4;dlk_tbl_00147,m4vw_tbl_00721,proc_tbl_02885,dash_tbl_01269;6;gob_tbl_01049,std_tbl_00573,dlk_tbl_01506,gob_ext_00186,dlk_ext_00413,std_ext_00588
dlk_proceso_0080;6;dlk_tbl_01333,gob_tbl_00072,dash_tbl_00356,dlk_tbl_00032,dlk_tbl_01428,proc_tbl_00693;21;dlk_tbl_02746,dlk_tbl_02712,gob_tbl_00907,dlk_tbl_01634,gob_tbl_01399,gob_tbl_02420,dlk_tbl_03049,gob_tbl_00714,gob_tbl_02118,dlk_tbl_01297,dlk_tbl_03095,proc_tbl_01045,gob_ext_00407,proc_ext_00247,dash_ext_00072,dlk_ext_00524,dlk_ext_00007,dlk_ext_00532,dlk_ext_00617,dlk_ext_00512,proc_ext_00362
gob_proceso_0081;6;std_tbl_02747,proc_tbl_01103,dlk_tbl_00532,dash_tbl_01640,proc_tbl_02151,ppn_tbl_01065;11;ppn_tbl_01249,gob_tbl_01655,dlk_tbl_01070,gob_tbl_01709,dash_tbl_02191,gob_tbl_01948,dlk_ext_00308,gob_ext_00276,gob_ext_00410,proc_ext_00500,dlk_ext_00621
dlk_proceso_0082;2;dlk_tbl_01747,gob_tbl_00231;6;proc_tbl_00839,proc_tbl_02583,proc_tbl_02758,proc_ext_00323,gob_ext_00548,proc_ext_00078
dlk_proceso_0083;4;dash_tbl_00909,gob_tbl_03066,gob_tbl_00443,gob_tbl_01369;12;gob_tbl_01150,proc_tbl_00728,gob_tbl_03190,gob_tbl_00137,proc_tbl_01910,dash_tbl_00425,gob_tbl_02991,dlk_ext_00062,dlk_ext_00380,dlk_ext_00378,proc_ext_00431,gob_ext_00407
dlk_proceso_0084;4;dlk_tbl_03184,dlk_tbl_02311,gob_tbl_01904,dlk_tbl_01695;11;proc_tbl_01811,dlk_tbl_01100,gob_tbl_00134,gob_tbl_00420,dash_tbl_00315,dlk_tbl_02523,gob_ext_00495,dlk_ext_00519,gob_ext_00170,gob_ext_00252,gob_ext_00218
dash_proceso_0085;6;dlk_tbl_02338,gob_tbl_02617,dlk_tbl_01632,dash_tbl_01284,dlk_tbl_00854,proc_tbl_02618;13;dlk_tbl_01538,gob_tbl_03258,dlk_tbl_02002,dlk_tbl_02979,proc_tbl_01031,proc_tbl_02522,dlk_tbl_02696,proc_ext_00099,std_ext_00284,m4vw_ext_00143,gob_ext_00165,gob_ext_00385,gob_ext_00383
dlk_proceso_0086;5;dlk_tbl_00073,gob_tbl_00467,gob_tbl_01869,proc_tbl_02902,gob_tbl_00310;8;dlk_tbl_00731,gob_tbl_00446,ppn_tbl_00174,dlk_tbl_02220,proc_tbl_01062,gob_ext_00082,dash_ext_00418,m4vw_ext_00232
dlk_proceso_0087;4;dlk_tbl_01497,dlk_tbl_00731,dlk_tbl_02528,gob_tbl_00170;12;gob_tbl_01797,gob_tbl_00153,proc_tbl_01286,dash_tbl_02795,dash_tbl_01016,gob_tbl_00989,gob_tbl_01757,gob_ext_00280,gob_ext_00161,gob_ext_00516,dlk_ext_00150,gob_ext_00110
dlk_proceso_0088;3;proc_tbl_03272,gob_tbl_00380,gob_tbl_02993;14;gob_tbl_00021,ppn_tbl_02161,dlk_tbl_00650,proc_tbl_00297,gob_tbl_02007,gob_tbl_03215,gob_tbl_00911,std_tbl_03058,gob_ext_00217,gob_ext_00489,dlk_ext_00068,dlk_ext_00601,gob_ext_00438,dash_ext_00511
dlk_proceso_0089;6;gob_tbl_03190,gob_tbl_01028,dash_tbl_02104,dlk_tbl_03006,dlk_tbl_01759,gob_tbl_03024;13;proc_tbl_02643,dlk_tbl_00019,proc_tbl_00500,proc_tbl_01897,gob_tbl_02805,gob_tbl_02636,gob_tbl_00769,gob_ext_00281,dlk_ext_00299,dlk_ext_00087,gob_ext_00504,m4sco_ext_00479,proc_ext_00425
gob_proceso_0090;5;dlk_tbl_01954,gob_tbl_01020,gob_tbl_02737,proc_tbl_00395,gob_tbl_02830;12;dlk_tbl_02728,gob_tbl_02301,dlk_tbl_00587,gob_tbl_01865,gob_tbl_01410,proc_tbl_02954,dlk_tbl_03002,dlk_ext_00485,dlk_ext_00230,std_ext_00588,dlk_ext_00196,dlk_ext_00305
proc_proceso_0091;2;gob_tbl_01700,proc_tbl_02522;9;proc_tbl_01642,dlk_tbl_01861,gob_tbl_01058,dlk_tbl_02523,proc_tbl_01027,dlk_ext_00047,dlk_ext_00150,dash_ext_00263,gob_ext_00125
dlk_proceso_0092;8;dlk_tbl_01602,dlk_tbl_01114,gob_tbl_02742,dash_tbl_02105,gob_tbl_02269,gob_tbl_01490,gob_tbl_03252,gob_tbl_00979;19;gob_tbl_01835,dlk_tbl_01333,gob_tbl_02896,proc_tbl_01553,proc_tbl_02952,gob_tbl_01682,gob_tbl_01189,dlk_tbl_03181,dlk_tbl_02367,gob_tbl_00245,std_tbl_02930,dlk_ext_00154,gob_ext_00368,gob_ext_00357,dlk_ext_00106,dlk_ext_00008,gob_ext_00244,gob_ext_00572,dash_ext_00459
gob_proceso_0093;5;gob_tbl_03224,dash_tbl_00450,proc_tbl_02068,dlk_tbl_02763,proc_tbl_00739;19;m4vw_tbl_03264,gob_tbl_01996,dlk_tbl_02213,gob_tbl_01191,std_tbl_03260,gob_tbl_02179,std_tbl_01116,proc_tbl_02294,dlk_tbl_00451,dlk_tbl_02092,gob_tbl_02953,gob_ext_00368,proc_ext_00078,gob_ext_00252,dash_ext_00072,dlk_ext_00610,proc_ext_00544,gob_ext_00125,gob_ext_00344
dlk_proceso_0094;5;dash_tbl_02756,proc_tbl_01777,dlk_tbl_00865,dlk_tbl_02047,proc_tbl_02534;16;gob_tbl_02103,gob_tbl_01748,gob_tbl_01898,dlk_tbl_02862,proc_tbl_01749,proc_tbl_03172,dlk_tbl_00109,gob_tbl_00805,dlk_tbl_03087,std_ext_00167,std_ext_00476,dlk_ext_00348,dash_ext_00535,proc_ext_00362,dlk_ext_00182,dlk_ext_00386
dlk_proceso_0095;4;dlk_tbl_02084,m4vw_tbl_02355,std_tbl_00227,dash_tbl_02986;4;gob_tbl_01696,gob_tbl_00756,dlk_ext_00098,dlk_ext_00073
dlk_proceso_0096;4;std_tbl_02644,proc_tbl_00397,proc_tbl_02960,dash_tbl_00767;6;gob_tbl_02249,proc_tbl_02828,gob_tbl_02350,dash_ext_00120,gob_ext_00572,dlk_ext_00314
dlk_proceso_0097;5;dash_tbl_01429,gob_tbl_00663,gob_tbl_01001,gob_tbl_02980,gob_tbl_02922;8;dash_tbl_00324,gob_tbl_00599,proc_tbl_01777,std_tbl_02747,gob_tbl_00311,dlk_ext_00601,gob_ext_00194,dlk_ext_00325
proc_proceso_0098;2;gob_tbl_00196,dlk_tbl_00726;7;std_tbl_00215,gob_tbl_02745,dlk_tbl_01215,dlk_tbl_01805,dlk_ext_00261,std_ext_00134,dash_ext_00120
proc_proceso_0099;2;gob_tbl_00352,dlk_tbl_03156;7;gob_tbl_00146,dlk_tbl_01816,gob_tbl_01150,std_tbl_00771,gob_ext_00170,dlk_ext_00106,proc_ext_00533
dlk_proceso_0100;3;dlk_tbl_02361,dlk_tbl_03181,gob_tbl_01467;4;dlk_tbl_01545,gob_tbl_03230,proc_ext_00139,gob_ext_00165
dlk_proceso_0101;6;dlk_tbl_02798,dlk_tbl_02770,gob_tbl_00778,std_tbl_03148,dlk_tbl_00427,dlk_tbl_02765;15;proc_tbl_00028,dash_tbl_02189,m4vw_tbl_00384,proc_tbl_01877,gob_tbl_02447,dlk_tbl_02389,gob_tbl_00151,dlk_tbl_02634,dlk_tbl_00330,m4vw_ext_00143,dash_ext_00599,gob_ext_00383,dlk_ext_00289,dlk_ext_00025,dlk_ext_00274
dlk_proceso_0102;3;dlk_tbl_01711,dlk_tbl_00453,dlk_tbl_02141;11;gob_tbl_01417,gob_tbl_01324,dlk_tbl_01155,dlk_tbl_03015,dlk_tbl_02669,dlk_tbl_01055,proc_ext_00318,proc_ext_00500,dash_ext_00080,dlk_ext_00177,dlk_ext_00098
dlk_proceso_0103;3;gob_tbl_00804,gob_tbl_00864,gob_tbl_01312;12;gob_tbl_02274,gob_tbl_02900,dlk_tbl_01074,dlk_tbl_01100,m4sco_tbl_00564,m4sco_tbl_01002,dlk_tbl_02397,dlk_ext_00025,dash_ext_00236,gob_ext_00029,dlk_ext_00146,dlk_ext_00174
proc_proceso_0104;6;gob_tbl_00937,dlk_tbl_02730,dlk_tbl_03202,dlk_tbl_02710,gob_tbl_02405,gob_tbl_00792;9;gob_tbl_00778,dlk_tbl_00198,dlk_tbl_01999,gob_tbl_00469,std_tbl_00976,gob_ext_00460,dlk_ext_00146,proc_ext_00265,dlk_ext_00551
dlk_proceso_0105;6;std_tbl_02958,gob_tbl_00203,dlk_tbl_02097,proc_tbl_03255,m4vw_tbl_01003,proc_tbl_01616;4;dlk_tbl_02271,proc_tbl_01027,dlk_ext_00339,dash_ext_00072
proc_proceso_0106;5;dlk_tbl_00794,gob_tbl_02067,proc_tbl_02208,gob_tbl_01943,dlk_tbl_02574;16;dlk_tbl_02555,gob_tbl_02153,proc_tbl_01027,dlk_tbl_02753,dlk_tbl_00657,dlk_tbl_02273,dlk_tbl_02833,gob_tbl_02659,gob_tbl_02154,std_ext_00526,dlk_ext_00066,proc_ext_00425,proc_ext_00231,proc_ext_00482,dlk_ext_00573,gob_ext_00436
dash_proceso_0107;3;proc_tbl_00642,gob_tbl_01664,proc_tbl_00948;17;dlk_tbl_01413,dlk_tbl_02851,dlk_tbl_00013,dlk_tbl_01689,dlk_tbl_02556,dlk_tbl_01686,gob_tbl_00358,gob_tbl_00051,dlk_tbl_02065,gob_tbl_01637,proc_ext_00403,proc_ext_00505,dlk_ext_00177,std_ext_00199,dash_ext_00215,dlk_ext_00299,dash_ext_00418
proc_proceso_0108;4;gob_tbl_00039,proc_tbl_02969,gob_tbl_01160,gob_tbl_00248;4;dlk_tbl_02338,dash_tbl_01486,dlk_ext_00413,dlk_ext_00380
proc_proceso_0109;3;m4vw_tbl_03071,dlk_tbl_01988,gob_tbl_01424;11;dlk_tbl_00851,proc_tbl_01519,proc_tbl_02966,dlk_tbl_02602,proc_tbl_02181,proc_tbl_03280,gob_ext_00611,dlk_ext_00604,dlk_ext_00524,proc_ext_00598,gob_ext_00079
dlk_proceso_0110;5;gob_tbl_01185,dlk_tbl_01304,dlk_tbl_01824,gob_tbl_01835,proc_tbl_02143;7;dash_tbl_02470,dlk_tbl_03184,gob_tbl_01470,dlk_tbl_00271,dash_ext_00365,proc_ext_00557,m4sco_ext_00172
dlk_proceso_0111;7;dlk_tbl_00855,gob_tbl_00055,std_tbl_02930,m4vw_tbl_03021,dlk_tbl_00320,proc_tbl_01848,m4sco_tbl_00452;1;std_tbl_03219
dlk_proceso_0112;2;std_tbl_01823,m4vw_tbl_00631;13;dlk_tbl_00148,dlk_tbl_00533,gob_tbl_02784,gob_tbl_02114,dlk_tbl_02932,gob_tbl_02012,dlk_tbl_00270,dash_ext_00422,dlk_ext_00299,dlk_ext_00061,dlk_ext_00196,gob_ext_00590,dlk_ext_00485
proc_proceso_0113;8;proc_tbl_00808,proc_tbl_01553,dash_tbl_02191,gob_tbl_02814,proc_tbl_00122,dash_tbl_01056,gob_tbl_01140,proc_tbl_01398;6;gob_tbl_01326,proc_tbl_00195,gob_tbl_00981,dlk_ext_00148,gob_ext_00224,gob_ext_00395
gob_proceso_0114;4;gob_tbl_02480,gob_tbl_03039,dlk_tbl_02072,dlk_tbl_01546;13;dlk_tbl_00236,gob_tbl_01939,dash_tbl_00899,dlk_tbl_03165,dash_tbl_00374,dlk_tbl_02602,dlk_tbl_01278,gob_ext_00385,proc_ext_00403,dash_ext_00459,proc_ext_00552,dlk_ext_00462,dlk_ext_00177
gob_proceso_0115;4;gob_tbl_00701,dlk_tbl_02998,dlk_tbl_01861,dlk_tbl_01207;10;dash_tbl_02504,dlk_tbl_01916,dlk_tbl_00863,dlk_tbl_03033,dlk_tbl_03159,proc_tbl_01357,dlk_ext_00304,dlk_ext_00316,dlk_ext_00213,dlk_ext_00155
dash_proceso_0116;4;std_tbl_00396,dlk_tbl_01291,gob_tbl_02569,dlk_tbl_01236;8;gob_tbl_02164,proc_tbl_03051,proc_tbl_01449,gob_tbl_01425,dlk_tbl_02060,proc_ext_00334,gob_ext_00421,dash_ext_00233
proc_proceso_0117;4;dlk_tbl_01591,gob_tbl_01847,dlk_tbl_00934,proc_tbl_01381;10;dlk_tbl_00886,dlk_tbl_01533,dlk_tbl_02244,dlk_tbl_01008,proc_tbl_02134,proc_tbl_02828,proc_ext_00247,proc_ext_00318,dlk_ext_00386,dlk_ext_00618
dlk_proceso_0118;6;dlk_tbl_00335,gob_tbl_02740,proc_tbl_02494,gob_tbl_01396,dlk_tbl_01788,gob_tbl_00790;4;dlk_tbl_02084,gob_tbl_02864,dlk_ext_00308,gob_ext_00399
dlk_proceso_0119;3;dlk_tbl_02551,gob_tbl_00375,gob_tbl_02430;11;dash_tbl_02063,gob_tbl_00050,dlk_tbl_02961,dlk_tbl_01383,gob_tbl_02249,dlk_tbl_00557,dlk_ext_00240,gob_ext_00330,m4vw_ext_00232,gob_ext_00074,gob_ext_00140
dlk_proceso_0120;3;dlk_tbl_00657,proc_tbl_02679,gob_tbl_02588;5;gob_tbl_02623,dlk_tbl_02556,gob_tbl_01375,gob_ext_00092,proc_ext_00188
gob_proceso_0121;6;dlk_tbl_02433,dlk_tbl_01650,proc_tbl_00444,dash_tbl_00858,dash_tbl_02087,dlk_tbl_00659;10;proc_tbl_00302,dlk_tbl_02498,dash_tbl_02504,gob_tbl_01869,proc_tbl_00850,std_tbl_02331,dlk_ext_00225,dlk_ext_00313,dash_ext_00459,dlk_ext_00171
dlk_proceso_0122;3;dash_tbl_00357,gob_tbl_00158,gob_tbl_00736;11;gob_tbl_00161,gob_tbl_02315,dlk_tbl_02877,gob_tbl_01646,dlk_tbl_01156,gob_tbl_00652,dlk_ext_00213,std_ext_00199,std_ext_00588,proc_ext_00056,gob_ext_00572
gob_proceso_0123;3;gob_tbl_01787,proc_tbl_02316,gob_tbl_03042;11;dlk_tbl_00403,dlk_tbl_02910,gob_tbl_02900,gob_tbl_00744,gob_tbl_01693,gob_tbl_00221,gob_ext_00011,m4sco_ext_00059,gob_ext_00322,dlk_ext_00348,gob_ext_00049
dash_proceso_0124;4;gob_tbl_03196,gob_tbl_02144,proc_tbl_00988,dlk_tbl_00749;11;dlk_tbl_00453,std_tbl_01067,gob_tbl_02194,dash_tbl_01400,dash_tbl_02172,dlk_tbl_01134,gob_ext_00043,gob_ext_00407,proc_ext_00486,gob_ext_00344,dlk_ext_00414
dlk_proceso_0125;3;dlk_tbl_00959,gob_tbl_01083,gob_tbl_01585;12;gob_tbl_02295,gob_tbl_01549,dlk_tbl_00143,gob_tbl_02480,proc_tbl_02857,dlk_tbl_01364,dlk_tbl_00587,gob_ext_00303,dlk_ext_00305,gob_ext_00160,gob_ext_00258,dash_ext_00535
gob_proceso_0126;6;proc_tbl_02526,gob_tbl_00769,dlk_tbl_02379,gob_tbl_01338,gob_tbl_00348,m4vw_tbl_03262;5;dlk_tbl_02934,gob_tbl_03190,gob_tbl_02592,dlk_ext_00177,m4sco_ext_00041
dlk_proceso_0127;5;gob_tbl_01557,dlk_tbl_02834,dlk_tbl_00953,proc_tbl_00952,gob_tbl_00319;14;std_tbl_02536,dlk_tbl_00794,std_tbl_03219,gob_tbl_00754,dash_tbl_02203,gob_tbl_01510,dlk_tbl_01422,dash_tbl_01666,gob_ext_00443,m4sco_ext_00453,gob_ext_00070,proc_ext_00544,dash_ext_00263,dlk_ext_00289
gob_proceso_0128;4;dash_tbl_02504,proc_tbl_03191,proc_tbl_01534,gob_tbl_02856;10;proc_tbl_01536,dlk_tbl_01008,dlk_tbl_00735,gob_tbl_02802,proc_tbl_02526,dash_tbl_01793,gob_ext_00625,dlk_ext_00180,dlk_ext_00084,dlk_ext_00380
dlk_proceso_0129;5;dlk_tbl_01963,proc_tbl_00920,proc_tbl_02294,proc_tbl_02390,gob_tbl_02110;12;gob_tbl_02093,dlk_tbl_03184,gob_tbl_02774,std_tbl_02955,gob_tbl_00369,gob_tbl_01298,proc_tbl_02466,dlk_ext_00566,dlk_ext_00388,gob_ext_00387,proc_ext_00416,std_ext_00296
gob_proceso_0130;6;proc_tbl_00064,dlk_tbl_03075,proc_tbl_00305,gob_tbl_01049,gob_tbl_00747,dlk_tbl_02335;16;gob_tbl_02019,dlk_tbl_00547,dlk_tbl_00198,dlk_tbl_00751,gob_tbl_03218,gob_tbl_02659,gob_tbl_01173,dlk_tbl_02613,dlk_tbl_01584,gob_ext_00279,gob_ext_00383,dlk_ext_00386,proc_ext_00525,gob_ext_00043,dlk_ext_00462,dlk_ext_00542
gob_proceso_0131;4;gob_tbl_02447,std_tbl_01115,gob_tbl_02362,gob_tbl_02296;6;dash_tbl_03241,dlk_tbl_02672,m4vw_tbl_02263,gob_ext_00415,proc_ext_00403,dash_ext_00459
proc_proceso_0132;4;dlk_tbl_00270,dlk_tbl_02671,gob_tbl_01903,dlk_tbl_03034;13;dlk_tbl_02746,proc_tbl_01327,proc_tbl_00606,dlk_tbl_01386,gob_tbl_01653,gob_tbl_03114,gob_tbl_02802,gob_ext_00548,gob_ext_00572,gob_ext_00331,gob_ext_00407,m4vw_ext_00232,proc_ext_00439
proc_proceso_0133;5;dlk_tbl_00181,gob_tbl_01508,gob_tbl_00001,dlk_tbl_02310,gob_tbl_00740;12;dash_tbl_01879,dash_tbl_01680,dlk_tbl_01591,proc_tbl_02526,dlk_tbl_01095,gob_tbl_02810,dlk_tbl_03031,gob_ext_00559,dlk_ext_00585,gob_ext_00028,gob_ext_00374,proc_ext_00505
gob_proceso_0134;3;gob_tbl_01509,gob_tbl_01513,gob_tbl_01822;5;gob_tbl_01835,dlk_tbl_02853,proc_tbl_00222,proc_ext_00536,gob_ext_00070
proc_proceso_0135;5;dlk_tbl_02771,dlk_tbl_01156,dlk_tbl_01515,proc_tbl_01833,dlk_tbl_00340;15;proc_tbl_00693,gob_tbl_00274,dlk_tbl_00433,m4sco_tbl_02751,gob_tbl_01390,gob_tbl_03057,dash_tbl_00568,proc_tbl_00507,dlk_tbl_01779,proc_ext_00231,gob_ext_00497,dlk_ext_00090,proc_ext_00264,m4sco_ext_00059,dlk_ext_00308
dlk_proceso_0136;4;dlk_tbl_00741,dlk_tbl_01455,dlk_tbl_01621,dash_tbl_01442;11;gob_tbl_02496,dlk_tbl_00445,dash_tbl_00251,gob_tbl_00675,gob_tbl_00881,std_tbl_02384,gob_ext_00110,m4sco_ext_00479,dlk_ext_00122,gob_ext_00578,dash_ext_00193
dash_proceso_0137;6;gob_tbl_02133,proc_tbl_03280,gob_tbl_03065,dlk_tbl_00503,dlk_tbl_02124,proc_tbl_01552;13;dlk_tbl_02403,dlk_tbl_00433,dlk_tbl_00270,dlk_tbl_01331,gob_tbl_02440,gob_tbl_03256,gob_tbl_02435,gob_ext_00074,dlk_ext_00221,gob_ext_00467,dash_ext_00215,std_ext_00588,gob_ext_00070
dlk_proceso_0138;8;dash_tbl_01193,proc_tbl_00166,dash_tbl_02861,gob_tbl_00964,dlk_tbl_00127,dlk_tbl_01984,gob_tbl_01337,dlk_tbl_02064;7;dlk_tbl_00838,gob_tbl_00675,dlk_tbl_02060,gob_tbl_01578,dlk_ext_00321,gob_ext_00004,gob_ext_00250
dash_proceso_0139;5;proc_tbl_01089,dlk_tbl_02635,dlk_tbl_02367,dlk_tbl_02662,proc_tbl_02237;14;dlk_tbl_03162,dlk_tbl_01443,dlk_tbl_00427,gob_tbl_02186,gob_tbl_00134,gob_tbl_00221,dlk_tbl_00879,gob_tbl_00123,proc_ext_00411,gob_ext_00608,gob_ext_00245,dlk_ext_00037,proc_ext_00212,gob_ext_00578
dlk_proceso_0140;4;dlk_tbl_03278,proc_tbl_00012,dlk_tbl_00192,gob_tbl_00141;4;dlk_tbl_02725,dlk_tbl_02831,gob_ext_00070,gob_ext_00616
gob_proceso_0141;7;dlk_tbl_02031,dlk_tbl_01268,dlk_tbl_00232,gob_tbl_00156,dlk_tbl_02131,proc_tbl_01212,dlk_tbl_02669;11;dlk_tbl_03062,gob_tbl_00466,gob_tbl_00884,dlk_tbl_00960,proc_tbl_01198,dlk_tbl_00330,gob_ext_00288,dlk_ext_00532,dash_ext_00599,dash_ext_00444,gob_ext_00083
gob_proceso_0142;7;dlk_tbl_03263,m4vw_tbl_03047,dlk_tbl_00068,ppn_tbl_01851,dlk_tbl_01688,dlk_tbl_01704,dash_tbl_01147;11;dlk_tbl_03123,gob_tbl_00501,dlk_tbl_00233,dlk_tbl_02773,gob_tbl_02999,gob_tbl_00552,proc_ext_00198,dlk_ext_00106,gob_ext_00357,dlk_ext_00116,dlk_ext_00006
gob_proceso_0143;4;gob_tbl_00343,gob_tbl_03144,gob_tbl_00102,dlk_tbl_01157;11;gob_tbl_00692,dash_tbl_02658,dlk_tbl_02213,std_tbl_02804,proc_tbl_00728,dlk_tbl_00236,dlk_ext_00174,gob_ext_00070,dlk_ext_00025,dlk_ext_00180,gob_ext_00468
dlk_proceso_0144;5;dlk_tbl_03141,gob_tbl_01803,gob_tbl_01974,dlk_tbl_00939,dash_tbl_01464;8;gob_tbl_00998,proc_tbl_00952,proc_tbl_01081,gob_tbl_03158,gob_tbl_01795,dlk_ext_00308,dlk_ext_00020,gob_ext_00547
dlk_proceso_0145;3;gob_tbl_00697,dlk_tbl_02112,dlk_tbl_02841;14;gob_tbl_01655,dlk_tbl_03103,dlk_tbl_01074,proc_tbl_00367,gob_tbl_00900,gob_tbl_02493,proc_tbl_01027,dash_tbl_00861,gob_ext_00496,proc_ext_00265,dlk_ext_00551,dlk_ext_00308,dlk_ext_00025,dlk_ext_00267
dlk_proceso_0146;7;dlk_tbl_01924,std_tbl_02709,gob_tbl_02501,m4vw_tbl_02987,dash_tbl_00212,dash_tbl_00880,dlk_tbl_02410;1;gob_tbl_03257
dlk_proceso_0147;4;dlk_tbl_00075,dlk_tbl_00560,gob_tbl_01995,proc_tbl_00007;13;proc_tbl_01381,dlk_tbl_02276,gob_tbl_01148,dash_tbl_03124,dlk_tbl_01596,proc_tbl_02492,dlk_tbl_00924,gob_ext_00217,proc_ext_00364,dlk_ext_00358,gob_ext_00016,dlk_ext_00308,dlk_ext_00454
dlk_proceso_0148;4;proc_tbl_01402,dlk_tbl_02914,gob_tbl_00903,dlk_tbl_00569;11;gob_tbl_01930,proc_tbl_00606,gob_tbl_02900,gob_tbl_02745,gob_tbl_00723,gob_tbl_00095,proc_ext_00373,gob_ext_00123,ppn_ext_00607,dlk_ext_00591,gob_ext_00216
gob_proceso_0149;3;dlk_tbl_01669,gob_tbl_01798,gob_tbl_00783;6;m4sco_tbl_00383,dlk_tbl_00924,proc_tbl_01553,dlk_ext_00388,dlk_ext_00514,gob_ext_00560
proc_proceso_0150;3;proc_tbl_01820,proc_tbl_02912,gob_tbl_02279;6;gob_tbl_00786,ppn_tbl_01135,dlk_tbl_00162,gob_ext_00309,proc_ext_00234,gob_ext_00516
gob_proceso_0151;8;dash_tbl_00581,proc_tbl_00629,dlk_tbl_00228,gob_tbl_00822,gob_tbl_02791,dlk_tbl_00113,proc_tbl_01676,gob_tbl_02153;10;gob_tbl_03057,gob_tbl_01153,dlk_tbl_00719,gob_tbl_01118,dash_tbl_01361,gob_tbl_02373,dash_ext_00088,gob_ext_00070,dlk_ext_00097,dlk_ext_00321
dlk_proceso_0152;3;dash_tbl_00172,gob_tbl_02846,std_tbl_03136;13;dlk_tbl_00485,dlk_tbl_01033,dlk_tbl_02869,m4sco_tbl_00206,dlk_tbl_03180,dlk_tbl_00271,dlk_tbl_00657,gob_ext_00406,dlk_ext_00510,dash_ext_00511,dlk_ext_00610,dlk_ext_00527,dash_ext_00418
proc_proceso_0153;6;gob_tbl_01110,dlk_tbl_02092,dlk_tbl_00470,dlk_tbl_00128,dlk_tbl_03019,gob_tbl_00311;10;gob_tbl_02227,proc_tbl_00839,dlk_tbl_01238,gob_tbl_01554,m4sco_tbl_00564,proc_tbl_02758,gob_ext_00029,gob_ext_00076,dlk_ext_00305,gob_ext_00410
dlk_proceso_0154;4;std_tbl_00541,dlk_tbl_00220,gob_tbl_02249,dlk_tbl_03000;12;proc_tbl_00139,dlk_tbl_02220,gob_tbl_00393,gob_tbl_02079,dlk_tbl_01805,dlk_tbl_00340,m4sco_tbl_00206,proc_ext_00005,std_ext_00476,dash_ext_00365,dlk_ext_00261,proc_ext_00364
dlk_proceso_0155;8;gob_tbl_02042,proc_tbl_02895,dlk_tbl_01853,dlk_tbl_02580,gob_tbl_02631,dlk_tbl_00841,gob_tbl_02953,dlk_tbl_01211;24;gob_tbl_02981,dlk_tbl_02026,dlk_tbl_02483,dlk_tbl_01270,dlk_tbl_01759,dlk_tbl_01186,gob_tbl_01944,proc_tbl_00698,gob_tbl_01881,dlk_tbl_00148,dlk_tbl_01217,gob_tbl_02452,proc_tbl_02534,proc_tbl_00913,gob_ext_00546,dlk_ext_00230,m4vw_ext_00232,dlk_ext_00047,dash_ext_00612,dlk_ext_00179,gob_ext_00258,dlk_ext_00299,proc_ext_00164,std_ext_00427
dash_proceso_0156;2;gob_tbl_00488,m4vw_tbl_03264;7;proc_tbl_02816,gob_tbl_00237,dash_tbl_02855,proc_tbl_00789,proc_ext_00131,dash_ext_00072,dlk_ext_00094
dlk_proceso_0157;3;gob_tbl_00197,proc_tbl_01320,dlk_tbl_00449;11;dash_tbl_01448,dlk_tbl_00236,proc_tbl_02134,gob_tbl_01653,std_tbl_01485,gob_tbl_00039,dlk_ext_00035,dlk_ext_00229,gob_ext_00559,gob_ext_00474,dlk_ext_00146
dlk_proceso_0158;4;gob_tbl_00754,dash_tbl_00710,m4sco_tbl_02088,gob_tbl_02621;14;gob_tbl_02852,gob_tbl_00467,dlk_tbl_01364,dlk_tbl_00625,dash_tbl_02891,gob_tbl_02648,gob_tbl_01290,gob_tbl_00506,dlk_ext_00404,proc_ext_00570,dlk_ext_00061,dlk_ext_00299,proc_ext_00136,gob_ext_00294
proc_proceso_0159;2;gob_tbl_01622,gob_tbl_02033;6;gob_tbl_00537,dlk_tbl_01516,proc_tbl_03172,ppn_ext_00044,dlk_ext_00237,dlk_ext_00534
gob_proceso_0160;7;gob_tbl_01748,dlk_tbl_01560,dlk_tbl_01563,proc_tbl_01085,gob_tbl_00552,proc_tbl_02178,gob_tbl_02183;4;ppn_tbl_01690,dash_tbl_02504,gob_ext_00113,gob_ext_00292
proc_proceso_0161;4;gob_tbl_02519,dlk_tbl_02022,proc_tbl_00868,std_tbl_03219;6;dlk_tbl_01052,proc_tbl_01749,gob_tbl_01336,gob_ext_00595,dlk_ext_00299,dlk_ext_00177
gob_proceso_0162;5;dash_tbl_03173,dlk_tbl_00902,gob_tbl_00847,gob_tbl_00654,gob_tbl_02840;4;gob_tbl_01362,dash_tbl_03124,dlk_ext_00084,dlk_ext_00527
dlk_proceso_0163;3;dlk_tbl_02491,gob_tbl_00487,gob_tbl_00295;12;proc_tbl_01026,dlk_tbl_01195,proc_tbl_02643,gob_tbl_02218,dash_tbl_03277,gob_tbl_01153,dlk_tbl_00963,dlk_ext_00521,proc_ext_00552,dash_ext_00511,gob_ext_00140,dlk_ext_00402
dlk_proceso_0164;2;gob_tbl_01329,gob_tbl_03257;7;gob_tbl_02435,dlk_tbl_01156,dlk_tbl_03116,proc_tbl_02265,gob_ext_00516,std_ext_00199,dlk_ext_00519
dash_proceso_0165;3;dash_tbl_02260,gob_tbl_01996,gob_tbl_01316;13;gob_tbl_01694,dash_tbl_01193,dlk_tbl_00940,dash_tbl_01732,dlk_tbl_02491,dlk_tbl_02415,std_tbl_01971,dlk_ext_00274,dlk_ext_00448,gob_ext_00515,gob_ext_00538,proc_ext_00136,m4sco_ext_00172
proc_proceso_0166;6;gob_tbl_00539,dlk_tbl_01731,dlk_tbl_01945,dlk_tbl_03033,std_tbl_02292,gob_tbl_00031;8;gob_tbl_00754,proc_tbl_02828,gob_tbl_02766,m4sco_tbl_01420,dlk_tbl_02746,std_ext_00284,proc_ext_00517,proc_ext_00247
dash_proceso_0167;3;gob_tbl_01431,dlk_tbl_00695,dlk_tbl_01965;4;proc_tbl_00439,dash_tbl_02104,dash_ext_00120,dlk_ext_00360
gob_proceso_0168;3;dlk_tbl_00186,gob_tbl_02821,dlk_tbl_00587;5;gob_tbl_02784,gob_tbl_00161,dlk_tbl_02604,dash_ext_00233,dash_ext_00612
dlk_proceso_0169;2;dlk_tbl_01022,dlk_tbl_01891;9;proc_tbl_00877,dlk_tbl_01125,proc_tbl_01273,proc_tbl_03060,m4sco_tbl_01359,proc_ext_00401,dash_ext_00575,dash_ext_00187,dlk_ext_00555
dlk_proceso_0170;6;gob_tbl_03085,gob_tbl_01309,gob_tbl_01725,dlk_tbl_01051,dlk_tbl_01899,std_tbl_00521;11;proc_tbl_01129,gob_tbl_00941,gob_tbl_03050,dlk_tbl_02244,ppn_tbl_00174,dlk_tbl_00719,gob_ext_00190,gob_ext_00406,gob_ext_00398,dash_ext_00535,gob_ext_00619
proc_proceso_0171;4;std_tbl_01736,proc_tbl_02963,gob_tbl_01881,dash_tbl_02412;10;m4vw_tbl_02355,gob_tbl_00901,gob_tbl_01237,dlk_tbl_00402,dlk_tbl_02819,gob_tbl_02153,gob_ext_00245,gob_ext_00357,gob_ext_00611,dlk_ext_00618
dlk_proceso_0172;5;proc_tbl_02931,std_tbl_00215,dash_tbl_01867,dlk_tbl_02199,gob_tbl_00388;13;dlk_tbl_02647,m4vw_tbl_01756,proc_tbl_00922,proc_tbl_02857,dlk_tbl_00577,dlk_tbl_01560,gob_tbl_01498,gob_ext_00250,gob_ext_00045,gob_ext_00170,dlk_ext_00336,proc_ext_00005,dlk_ext_00338
gob_proceso_0173;3;proc_tbl_03172,dlk_tbl_01007,dlk_tbl_00818;9;gob_tbl_01622,dash_tbl_03249,dash_tbl_02691,gob_tbl_02229,dash_tbl_01171,dlk_ext_00191,dlk_ext_00510,dlk_ext_00551,dlk_ext_00182
dash_proceso_0174;2;m4vw_tbl_01385,dlk_tbl_01765;8;dlk_tbl_03034,gob_tbl_03190,gob_tbl_01831,gob_tbl_01701,gob_tbl_01450,dlk_ext_00068,dlk_ext_00213,gob_ext_00217
dlk_proceso_0175;6;dlk_tbl_01511,gob_tbl_02089,std_tbl_03240,dlk_tbl_03030,dlk_tbl_01623,gob_tbl_02062;6;gob_tbl_00484,gob_tbl_01907,gob_tbl_02012,gob_ext_00049,gob_ext_00451,gob_ext_00011
gob_proceso_0176;5;dlk_tbl_00024,proc_tbl_02893,dlk_tbl_00826,gob_tbl_03036,gob_tbl_00978;13;dlk_tbl_01976,proc_tbl_02828,proc_tbl_01089,ppn_tbl_01249,gob_tbl_01490,gob_tbl_02507,gob_tbl_03008,gob_ext_00458,dlk_ext_00380,proc_ext_00234,gob_ext_00463,std_ext_00587,proc_ext_00389
dlk_proceso_0177;2;gob_tbl_01827,gob_tbl_02135;8;dlk_tbl_00595,proc_tbl_01327,std_tbl_02432,gob_tbl_00388,gob_tbl_01290,dlk_ext_00454,proc_ext_00188,proc_ext_00528
dlk_proceso_0178;7;dlk_tbl_01888,dlk_tbl_03155,dlk_tbl_01181,gob_tbl_03130,dlk_tbl_01538,dlk_tbl_01712,proc_tbl_02888;9;dash_tbl_00254,dlk_tbl_00249,dlk_tbl_00595,proc_tbl_02466,dlk_tbl_02894,proc_ext_00364,dlk_ext_00006,proc_ext_00136,gob_ext_00070
gob_proceso_0179;4;dash_tbl_01063,gob_tbl_03258,proc_tbl_02548,dlk_tbl_01672;6;gob_tbl_01696,dlk_tbl_02213,gob_tbl_02533,dlk_ext_00501,proc_ext_00401,dlk_ext_00235
proc_proceso_0180;5;proc_tbl_00798,proc_tbl_02077,dlk_tbl_00633,gob_tbl_01696,dlk_tbl_00177;14;dlk_tbl_03212,dash_tbl_01933,dlk_tbl_02632,proc_tbl_01099,proc_tbl_02897,dlk_tbl_01935,gob_tbl_01510,dash_tbl_02412,dlk_ext_00413,dash_ext_00422,dlk_ext_00097,gob_ext_00355,dlk_ext_00316,dlk_ext_00087
dash_proceso_0181;2;dlk_tbl_00563,gob_tbl_01189;7;dlk_tbl_02064,dlk_tbl_03108,dlk_tbl_00959,std_tbl_01774,dlk_ext_00583,proc_ext_00253,m4sco_ext_00453
gob_proceso_0182;5;ppn_tbl_00814,dash_tbl_01048,dlk_tbl_00214,dlk_tbl_03041,gob_tbl_01390;7;dlk_tbl_02267,proc_tbl_03131,proc_tbl_01492,gob_tbl_00641,dlk_ext_00623,dlk_ext_00154,gob_ext_00038
proc_proceso_0183;3;dlk_tbl_00643,gob_tbl_03139,dlk_tbl_01717;13;gob_tbl_02543,gob_tbl_01237,dlk_tbl_01353,dlk_tbl_00271,dlk_tbl_02004,dlk_tbl_03263,proc_tbl_02366,gob_ext_00592,dlk_ext_00084,proc_ext_00078,dlk_ext_00601,m4sco_ext_00602,m4vw_ext_00232
dlk_proceso_0184;2;dlk_tbl_02906,dlk_tbl_03045;6;proc_tbl_03205,gob_tbl_01771,proc_tbl_00511,dash_ext_00333,proc_ext_00158,dlk_ext_00302
gob_proceso_0185;7;dlk_tbl_01586,dash_tbl_02590,dlk_tbl_02877,dlk_tbl_01270,dlk_tbl_02942,gob_tbl_02457,dlk_tbl_00996;4;proc_tbl_03014,gob_tbl_02711,gob_ext_00515,gob_ext_00113
dash_proceso_0186;6;gob_tbl_00087,gob_tbl_02245,dlk_tbl_01082,gob_tbl_00202,dlk_tbl_01733,gob_tbl_01130;4;std_tbl_03260,dash_tbl_00876,proc_ext_00486,gob_ext_00436
dlk_proceso_0187;2;dash_tbl_00545,std_tbl_01106;7;dlk_tbl_02275,dlk_tbl_00270,dlk_tbl_02285,dlk_tbl_01340,dlk_ext_00237,dlk_ext_00475,dlk_ext_00413
proc_proceso_0188;5;gob_tbl_03204,gob_tbl_02940,dlk_tbl_02867,dlk_tbl_00046,dash_tbl_03089;14;gob_tbl_00740,gob_tbl_01865,dlk_tbl_02425,proc_tbl_01286,gob_tbl_00928,gob_tbl_00599,dlk_tbl_02720,proc_tbl_01555,dlk_ext_00286,dlk_ext_00545,dash_ext_00613,m4sco_ext_00456,gob_ext_00192,proc_ext_00517
dash_proceso_0189;7;gob_tbl_03132,gob_tbl_01226,gob_tbl_00274,dash_tbl_00876,proc_tbl_01200,dash_tbl_00529,std_tbl_00279;9;dlk_tbl_03033,dlk_tbl_02746,gob_tbl_02224,dlk_tbl_00239,std_tbl_01914,proc_ext_00277,m4vw_ext_00226,proc_ext_00506,std_ext_00296
dlk_proceso_0190;4;dlk_tbl_02370,dlk_tbl_02945,gob_tbl_02594,gob_tbl_02297;3;gob_tbl_03160,proc_tbl_01878,ppn_ext_00117
gob_proceso_0191;3;gob_tbl_01288,gob_tbl_00268,dlk_tbl_02851;12;gob_tbl_01319,proc_tbl_02506,proc_tbl_02591,dlk_tbl_02725,gob_tbl_02732,gob_tbl_01919,dlk_tbl_03062,proc_ext_00373,gob_ext_00590,gob_ext_00415,dlk_ext_00035,std_ext_00296
gob_proceso_0192;7;gob_tbl_02194,gob_tbl_01433,gob_tbl_01436,proc_tbl_00010,gob_tbl_01535,dlk_tbl_00575,gob_tbl_00578;15;dlk_tbl_02476,gob_tbl_01058,dlk_tbl_02425,dlk_tbl_00394,gob_tbl_02864,dlk_tbl_01672,dlk_tbl_00851,gob_tbl_01514,proc_tbl_03227,std_ext_00587,dlk_ext_00462,dlk_ext_00035,dlk_ext_00180,proc_ext_00198,std_ext_00134
dash_proceso_0193;8;gob_tbl_03232,dlk_tbl_00009,dash_tbl_02450,dlk_tbl_02023,gob_tbl_03083,dlk_tbl_03175,std_tbl_01639,gob_tbl_00417;10;dlk_tbl_01215,dlk_tbl_01297,dlk_tbl_03056,gob_tbl_02639,gob_tbl_02435,proc_tbl_01139,gob_ext_00070,proc_ext_00544,std_ext_00085,gob_ext_00175
proc_proceso_0194;6;dlk_tbl_01758,dlk_tbl_02257,gob_tbl_01121,dlk_tbl_01786,proc_tbl_02815,gob_tbl_00576;6;proc_tbl_03227,gob_tbl_02543,gob_tbl_03258,dlk_ext_00462,dlk_ext_00240,gob_ext_00186
dlk_proceso_0195;2;gob_tbl_00518,dlk_tbl_03245;13;gob_tbl_01206,std_tbl_00279,dlk_tbl_01388,dlk_tbl_01506,dlk_tbl_01750,gob_tbl_00467,dash_tbl_02989,dlk_ext_00313,proc_ext_00247,gob_ext_00246,dash_ext_00088,m4sco_ext_00453,dlk_ext_00084
gob_proceso_0196;3;dlk_tbl_01220,dlk_tbl_02271,dash_tbl_02203;5;gob_tbl_01433,std_tbl_03260,proc_tbl_01146,dlk_ext_00319,dash_ext_00298
dlk_proceso_0197;6;dlk_tbl_00350,gob_tbl_01978,std_tbl_00194,dash_tbl_00636,proc_tbl_00126,dlk_tbl_02634;4;dlk_tbl_00874,std_tbl_00215,dlk_ext_00522,std_ext_00307
proc_proceso_0198;2;dash_tbl_01208,gob_tbl_01864;7;dlk_tbl_00844,dlk_tbl_03108,dash_tbl_02468,dlk_tbl_03087,dlk_ext_00180,proc_ext_00552,dlk_ext_00485
dlk_proceso_0199;5;gob_tbl_01223,proc_tbl_00627,dlk_tbl_00207,gob_tbl_01206,gob_tbl_00467;7;ppn_tbl_00632,gob_tbl_00776,proc_tbl_00500,gob_tbl_00021,dash_ext_00271,m4sco_ext_00453,dlk_ext_00177
dash_proceso_0200;7;dlk_tbl_01435,m4sco_tbl_01583,proc_tbl_00618,gob_tbl_02663,dlk_tbl_01215,gob_tbl_01662,gob_tbl_02177;9;dlk_tbl_02425,dash_tbl_02713,dlk_tbl_00411,gob_tbl_00756,dlk_tbl_01307,gob_ext_00049,dlk_ext_00138,proc_ext_00231,dlk_ext_00539
gob_proceso_0201;7;dash_tbl_01075,dlk_tbl_01816,proc_tbl_00877,gob_tbl_01240,dlk_tbl_02445,gob_tbl_01375,dlk_tbl_02559;9;gob_tbl_02698,gob_tbl_02386,dlk_tbl_03210,gob_tbl_01403,gob_tbl_02042,gob_ext_00259,gob_ext_00048,dlk_ext_00066,gob_ext_00280
gob_proceso_0202;4;proc_tbl_00508,gob_tbl_01514,gob_tbl_00889,proc_tbl_02286;11;gob_tbl_01898,gob_tbl_02639,dlk_tbl_00700,gob_tbl_00843,dlk_tbl_00179,std_tbl_00906,dlk_ext_00237,dlk_ext_00035,dlk_ext_00116,dlk_ext_00025,gob_ext_00458
proc_proceso_0203;2;gob_tbl_01450,gob_tbl_00720;7;dlk_tbl_01270,gob_tbl_02539,dlk_tbl_00435,dlk_tbl_03062,dlk_ext_00222,dlk_ext_00035,dlk_ext_00073
dlk_proceso_0204;4;dlk_tbl_00746,gob_tbl_02347,dlk_tbl_00054,dlk_tbl_01505;13;std_tbl_00528,gob_tbl_00429,proc_tbl_01327,dlk_tbl_01155,dlk_tbl_02773,gob_tbl_00830,dlk_tbl_01339,gob_ext_00359,dlk_ext_00378,proc_ext_00517,gob_ext_00331,dlk_ext_00521,dash_ext_00444
gob_proceso_0205;4;gob_tbl_00373,gob_tbl_00705,gob_tbl_01145,gob_tbl_01944;7;dash_tbl_02504,gob_tbl_01644,dash_tbl_00767,proc_tbl_01642,m4sco_ext_00479,dash_ext_00365,dlk_ext_00542
dlk_proceso_0206;8;gob_tbl_01694,proc_tbl_01468,dlk_tbl_02971,dlk_tbl_00154,gob_tbl_01382,gob_tbl_01164,proc_tbl_01804,gob_tbl_01884;9;dlk_tbl_00784,gob_tbl_00124,dlk_tbl_01660,gob_tbl_00965,dlk_tbl_02718,dlk_ext_00316,dlk_ext_00601,dlk_ext_00023,dlk_ext_00305
dlk_proceso_0207;3;gob_tbl_01806,dlk_tbl_01107,gob_tbl_02070;8;ppn_tbl_00679,dlk_tbl_01179,gob_tbl_00901,dlk_tbl_02998,proc_tbl_00328,proc_ext_00439,dlk_ext_00618,m4vw_ext_00232
proc_proceso_0208;6;proc_tbl_01611,dash_tbl_00707,gob_tbl_00022,gob_tbl_00351,proc_tbl_02628,dlk_tbl_01339;9;proc_tbl_01683,dlk_tbl_02026,dlk_tbl_02463,gob_tbl_01338,dash_tbl_02032,dlk_ext_00034,proc_ext_00277,gob_ext_00489,dlk_ext_00429
dlk_proceso_0209;5;gob_tbl_00429,gob_tbl_00970,gob_tbl_00776,proc_tbl_00105,gob_tbl_02018;13;gob_tbl_01655,gob_tbl_02840,proc_tbl_01089,dlk_tbl_02586,dash_tbl_01174,dlk_tbl_00737,proc_tbl_01878,gob_ext_00217,gob_ext_00406,dlk_ext_00065,proc_ext_00212,dlk_ext_00147,ppn_ext_00487
dlk_proceso_0210;3;gob_tbl_02435,gob_tbl_01411,gob_tbl_01887;15;std_tbl_02336,gob_tbl_01934,gob_tbl_01990,gob_tbl_02269,dlk_tbl_00438,gob_tbl_01835,dlk_tbl_00886,dlk_tbl_03045,gob_tbl_03083,proc_ext_00364,gob_ext_00357,dlk_ext_00007,dlk_ext_00182,gob_ext_00165,gob_ext_00495
dlk_proceso_0211;4;std_tbl_00729,gob_tbl_01412,proc_tbl_02075,dlk_tbl_00694;3;proc_tbl_01994,dlk_tbl_02523,dash_ext_00581
dlk_proceso_0212;7;dlk_tbl_01893,gob_tbl_01434,gob_tbl_02426,dash_tbl_02356,dlk_tbl_00799,dlk_tbl_00167,dlk_tbl_03064;9;dlk_tbl_01511,dash_tbl_02412,dlk_tbl_00706,dlk_tbl_03153,dlk_tbl_01188,gob_ext_00530,gob_ext_00399,gob_ext_00076,dlk_ext_00321
dlk_proceso_0213;5;gob_tbl_00535,gob_tbl_01525,gob_tbl_02348,dlk_tbl_00527,dlk_tbl_01790;14;dlk_tbl_02702,gob_tbl_01622,dash_tbl_00357,dlk_tbl_03038,ppn_tbl_01951,dlk_tbl_01956,proc_tbl_00410,proc_tbl_00364,dlk_ext_00180,gob_ext_00140,dlk_ext_00545,gob_ext_00166,gob_ext_00443,dash_ext_00120
dlk_proceso_0214;4;dlk_tbl_02712,proc_tbl_00277,gob_tbl_02741,dlk_tbl_03138;11;dlk_tbl_00433,proc_tbl_01902,gob_tbl_01748,proc_tbl_01850,dlk_tbl_00818,dlk_tbl_01109,proc_ext_00544,proc_ext_00584,gob_ext_00282,dlk_ext_00539,dlk_ext_00532
proc_proceso_0215;3;dlk_tbl_00630,dlk_tbl_02868,gob_tbl_02972;13;proc_tbl_01819,gob_tbl_02100,proc_tbl_02557,proc_tbl_01027,gob_tbl_02358,dlk_tbl_02048,dash_tbl_01517,dash_ext_00535,dlk_ext_00512,proc_ext_00151,proc_ext_00561,dlk_ext_00278,dlk_ext_00388
dlk_proceso_0216;6;dash_tbl_00861,dlk_tbl_02606,gob_tbl_01947,proc_tbl_02550,dlk_tbl_00667,dash_tbl_02691;6;gob_tbl_03258,dash_tbl_02504,gob_tbl_01222,dlk_ext_00299,dlk_ext_00025,gob_ext_00165
gob_proceso_0217;4;dlk_tbl_00451,m4vw_tbl_01253,dlk_tbl_03212,dlk_tbl_02571;10;proc_tbl_00063,dlk_tbl_02415,dlk_tbl_02467,m4vw_tbl_03192,gob_tbl_01947,dlk_tbl_02721,gob_ext_00070,gob_ext_00572,dlk_ext_00235,dlk_ext_00073
dlk_proceso_0218;4;dlk_tbl_02862,gob_tbl_02343,dlk_tbl_00259,dlk_tbl_01805;10;dlk_tbl_00807,m4sco_tbl_02454,gob_tbl_01390,dlk_tbl_02725,proc_tbl_01043,dlk_tbl_01596,gob_ext_00457,m4sco_ext_00479,gob_ext_00203,proc_ext_00401
dlk_proceso_0219;3;gob_tbl_01090,dlk_tbl_02322,dlk_tbl_00191;13;dlk_tbl_00180,gob_tbl_00779,gob_tbl_00021,proc_tbl_01365,dlk_tbl_01590,std_tbl_02747,gob_tbl_01991,m4vw_ext_00207,gob_ext_00049,gob_ext_00257,dash_ext_00599,gob_ext_00595,gob_ext_00371
dlk_proceso_0220;4;gob_tbl_01597,gob_tbl_00674,dlk_tbl_01388,dlk_tbl_01799;11;dlk_tbl_00046,proc_tbl_02563,gob_tbl_02695,dlk_tbl_02877,gob_tbl_00484,proc_tbl_00159,proc_ext_00327,dlk_ext_00274,dlk_ext_00388,gob_ext_00399,gob_ext_00043
dlk_proceso_0221;2;proc_tbl_01894,gob_tbl_00949;15;gob_tbl_00114,proc_tbl_01536,gob_tbl_01802,dash_tbl_01284,dlk_tbl_00594,dlk_tbl_01404,gob_tbl_01606,dlk_tbl_01805,proc_tbl_00693,gob_ext_00152,dlk_ext_00382,gob_ext_00436,dlk_ext_00197,gob_ext_00029,gob_ext_00592
gob_proceso_0222;7;dlk_tbl_02173,gob_tbl_00407,dash_tbl_02442,dlk_tbl_02425,dlk_tbl_01979,gob_tbl_00399,gob_tbl_01173;10;gob_tbl_02818,gob_tbl_00165,gob_tbl_02426,dlk_tbl_03007,gob_tbl_01549,dlk_tbl_03062,gob_ext_00133,std_ext_00587,proc_ext_00264,proc_ext_00544
dlk_proceso_0223;2;dlk_tbl_02754,gob_tbl_01868;15;dlk_tbl_01041,gob_tbl_03194,dlk_tbl_01244,gob_tbl_01761,gob_tbl_01701,dlk_tbl_02600,gob_tbl_02899,gob_tbl_01222,gob_tbl_01403,dlk_ext_00047,dlk_ext_00213,gob_ext_00572,dlk_ext_00445,dlk_ext_00177,gob_ext_00011
gob_proceso_0224;2;dlk_tbl_02961,proc_tbl_01492;10;gob_tbl_01944,gob_tbl_01470,proc_tbl_01819,proc_tbl_02466,dlk_tbl_02045,gob_tbl_02909,std_ext_00526,dlk_ext_00147,dlk_ext_00519,dlk_ext_00200
dlk_proceso_0225;4;proc_tbl_02823,dlk_tbl_00110,dlk_tbl_02719,proc_tbl_01026;10;dlk_tbl_02094,gob_tbl_01601,gob_tbl_00562,std_tbl_02432,gob_tbl_01578,dlk_tbl_01713,dash_ext_00298,gob_ext_00043,gob_ext_00477,gob_ext_00407
dlk_proceso_0226;6;dlk_tbl_01422,dlk_tbl_01734,proc_tbl_02264,dash_tbl_02277,proc_tbl_00082,gob_tbl_03203;9;dlk_tbl_00953,dlk_tbl_01238,gob_tbl_00549,dlk_tbl_00186,gob_tbl_01481,dlk_ext_00583,dlk_ext_00601,gob_ext_00371,proc_ext_00536
gob_proceso_0227;2;dash_tbl_02455,gob_tbl_02420;7;gob_tbl_02636,dlk_tbl_00848,dlk_tbl_02853,std_tbl_02384,proc_ext_00099,proc_ext_00403,proc_ext_00563
gob_proceso_0228;6;dlk_tbl_00835,m4sco_tbl_02839,gob_tbl_00441,dlk_tbl_03121,gob_tbl_01693,dlk_tbl_01095;8;dlk_tbl_01299,gob_tbl_02588,m4sco_tbl_02454,ppn_tbl_01929,gob_tbl_02096,dash_ext_00333,dlk_ext_00414,proc_ext_00472
gob_proceso_0229;6;gob_tbl_03069,gob_tbl_01393,dlk_tbl_02613,m4sco_tbl_01345,dlk_tbl_01454,gob_tbl_02609;9;gob_tbl_01818,dlk_tbl_01005,dlk_tbl_03099,dlk_tbl_01052,gob_tbl_02305,gob_ext_00203,gob_ext_00560,proc_ext_00086,proc_ext_00552
dlk_proceso_0230;5;gob_tbl_01815,gob_tbl_01923,dlk_tbl_01566,dlk_tbl_00013,dlk_tbl_03119;7;proc_tbl_02652,proc_tbl_02589,dash_tbl_01063,proc_tbl_02693,dlk_ext_00321,gob_ext_00110,proc_ext_00598
dash_proceso_0231;5;gob_tbl_03160,dlk_tbl_01155,gob_tbl_01014,gob_tbl_02420,gob_tbl_02977;7;gob_tbl_02007,gob_tbl_03026,dlk_tbl_02789,dlk_tbl_03119,proc_ext_00561,gob_ext_00374,dlk_ext_00087
dlk_proceso_0232;4;dlk_tbl_01228,proc_tbl_02243,dlk_tbl_02848,dlk_tbl_00106;12;dlk_tbl_00024,gob_tbl_01150,m4sco_tbl_02839,proc_tbl_02816,gob_tbl_00892,proc_tbl_01553,dash_tbl_00791,dlk_ext_00007,gob_ext_00572,proc_ext_00364,gob_ext_00516,dlk_ext_00174
proc_proceso_0233;4;dlk_tbl_00236,gob_tbl_02109,gob_tbl_02690,gob_tbl_00480;9;gob_tbl_02405,gob_tbl_00021,gob_tbl_01937,proc_tbl_00266,std_tbl_03183,gob_ext_00223,gob_ext_00460,gob_ext_00374,dash_ext_00120
dash_proceso_0234;4;gob_tbl_00329,gob_tbl_01934,proc_tbl_00457,gob_tbl_00161;5;dlk_tbl_02163,dlk_tbl_03045,dash_tbl_00898,gob_ext_00275,dlk_ext_00299
dlk_proceso_0235;3;gob_tbl_00211,dlk_tbl_02250,std_tbl_00558;12;gob_tbl_02785,gob_tbl_01657,dlk_tbl_01307,gob_tbl_01377,dlk_tbl_02319,dlk_tbl_00577,dash_tbl_01303,gob_ext_00074,std_ext_00603,m4sco_ext_00453,proc_ext_00323,dlk_ext_00084
dlk_proceso_0236;4;dlk_tbl_02329,gob_tbl_00972,dlk_tbl_02486,gob_tbl_01047;10;gob_tbl_00692,dlk_tbl_01386,std_tbl_03136,gob_tbl_00943,gob_tbl_01725,gob_tbl_01605,proc_ext_00598,dlk_ext_00155,gob_ext_00275,dlk_ext_00154
proc_proceso_0237;4;gob_tbl_00146,std_tbl_01507,gob_tbl_02081,gob_tbl_01767;10;dlk_tbl_02982,gob_tbl_02501,gob_tbl_01432,proc_tbl_01777,dash_tbl_02036,dlk_tbl_01956,proc_ext_00264,dlk_ext_00601,m4vw_ext_00465,gob_ext_00412
proc_proceso_0238;4;dlk_tbl_01389,gob_tbl_02471,dash_tbl_03043,proc_tbl_00097;12;dlk_tbl_00612,gob_tbl_02214,gob_tbl_00901,dlk_tbl_02948,gob_tbl_01369,m4sco_tbl_01002,gob_tbl_01038,gob_ext_00028,std_ext_00067,gob_ext_00107,dlk_ext_00325,gob_ext_00572
dlk_proceso_0239;7;proc_tbl_02506,gob_tbl_02711,dlk_tbl_01587,gob_tbl_03234,dlk_tbl_03031,dash_tbl_01879,ppn_tbl_02404;20;dlk_tbl_03103,proc_tbl_02128,proc_tbl_02151,proc_tbl_02526,dlk_tbl_01156,gob_tbl_00556,dlk_tbl_01596,gob_tbl_02566,gob_tbl_00404,gob_tbl_02434,dash_tbl_02076,dlk_tbl_02400,gob_ext_00341,gob_ext_00357,dash_ext_00612,proc_ext_00466,proc_ext_00517,proc_ext_00112,dlk_ext_00349,dash_ext_00498
proc_proceso_0240;5;proc_tbl_01363,gob_tbl_00800,std_tbl_02593,dlk_tbl_02287,proc_tbl_01201;9;dlk_tbl_00986,gob_tbl_00237,gob_tbl_01693,gob_tbl_00269,proc_tbl_00734,dlk_ext_00025,dlk_ext_00061,dlk_ext_00404,proc_ext_00334
proc_proceso_0241;2;dlk_tbl_00807,proc_tbl_00760;5;dlk_tbl_02853,dlk_tbl_00969,gob_tbl_00429,gob_ext_00102,dlk_ext_00025
gob_proceso_0242;4;gob_tbl_01117,gob_tbl_01267,dash_tbl_01044,proc_tbl_01087;6;dash_tbl_02544,dlk_tbl_02031,dlk_tbl_01965,gob_ext_00217,gob_ext_00467,gob_ext_00204
proc_proceso_0243;4;dlk_tbl_00394,dlk_tbl_00080,dlk_tbl_02984,dlk_tbl_00462;4;m4sco_tbl_01359,dlk_tbl_00536,gob_ext_00572,proc_ext_00363
proc_proceso_0244;7;dlk_tbl_01141,dlk_tbl_00696,gob_tbl_01239,dlk_tbl_00509,dlk_tbl_00577,gob_tbl_02268,gob_tbl_00927;11;gob_tbl_01659,dlk_tbl_02449,gob_tbl_01206,gob_tbl_00081,dlk_tbl_00342,dlk_tbl_01816,gob_ext_00625,dlk_ext_00321,gob_ext_00004,gob_ext_00114,dlk_ext_00340
proc_proceso_0245;6;dash_tbl_02752,dlk_tbl_02755,dlk_tbl_00924,proc_tbl_02954,dlk_tbl_00687,dlk_tbl_00438;16;dlk_tbl_00515,dlk_tbl_01586,proc_tbl_02643,gob_tbl_03279,proc_tbl_00808,dlk_tbl_02721,dash_tbl_02504,dlk_tbl_00969,gob_tbl_02325,dlk_ext_00221,dlk_ext_00321,dlk_ext_00084,dlk_ext_00624,proc_ext_00136,dash_ext_00575,proc_ext_00100
proc_proceso_0246;6;dlk_tbl_01243,dlk_tbl_01216,proc_tbl_00442,gob_tbl_01648,gob_tbl_03197,dlk_tbl_02016;16;dlk_tbl_01157,dlk_tbl_03056,gob_tbl_01930,gob_tbl_00786,dlk_tbl_01074,gob_tbl_03258,proc_tbl_03067,dlk_tbl_02553,dlk_tbl_02094,dlk_ext_00154,dlk_ext_00180,std_ext_00526,dash_ext_00233,gob_ext_00398,std_ext_00310,gob_ext_00165
proc_proceso_0247;8;std_tbl_01987,dlk_tbl_00411,gob_tbl_01453,dlk_tbl_02363,dlk_tbl_00874,proc_tbl_02723,gob_tbl_01615,dlk_tbl_01282;5;gob_tbl_02860,gob_tbl_02953,dlk_tbl_01712,proc_ext_00442,proc_ext_00251
gob_proceso_0248;3;dash_tbl_01261,dlk_tbl_02200,gob_tbl_01172;4;proc_tbl_02395,proc_tbl_00840,gob_ext_00045,dlk_ext_00573
proc_proceso_0249;8;dlk_tbl_02950,gob_tbl_02530,dlk_tbl_00817,dlk_tbl_00690,gob_tbl_03237,gob_tbl_02502,dash_tbl_02382,gob_tbl_01191;6;dlk_tbl_02061,dlk_tbl_02340,proc_tbl_01032,gob_ext_00259,dlk_ext_00261,gob_ext_00110
proc_proceso_0250;4;gob_tbl_01764,gob_tbl_00430,gob_tbl_00943,gob_tbl_02575;7;gob_tbl_01647,dlk_tbl_01976,dlk_tbl_02798,dlk_tbl_03270,std_ext_00310,gob_ext_00329,gob_ext_00415
proc_proceso_0251;3;gob_tbl_00256,dlk_tbl_02596,gob_tbl_02717;13;std_tbl_00906,gob_tbl_01425,gob_tbl_01173,dlk_tbl_00198,proc_tbl_03216,gob_tbl_01120,dlk_tbl_02512,dlk_ext_00213,m4vw_ext_00207,gob_ext_00383,dash_ext_00422,dlk_ext_00617,dlk_ext_00031
gob_proceso_0252;8;gob_tbl_01760,proc_tbl_03137,proc_tbl_00283,dlk_tbl_02389,proc_tbl_01360,dlk_tbl_00179,proc_tbl_01890,dlk_tbl_01475;23;dlk_tbl_02770,gob_tbl_01912,dlk_tbl_01772,dlk_tbl_02735,m4vw_tbl_01138,dlk_tbl_01816,dlk_tbl_03121,gob_tbl_00860,gob_tbl_01582,proc_tbl_02797,dlk_tbl_00148,dlk_tbl_03062,gob_tbl_02475,proc_ext_00439,gob_ext_00192,std_ext_00343,proc_ext_00375,gob_ext_00357,gob_ext_00043,gob_ext_00559,dlk_ext_00008,m4vw_ext_00226,m4sco_ext_00059
gob_proceso_0253;8;gob_tbl_00675,dlk_tbl_03177,dlk_tbl_02529,proc_tbl_03081,gob_tbl_02743,proc_tbl_02681,gob_tbl_00915,dlk_tbl_01956;6;dlk_tbl_00435,gob_tbl_01835,gob_tbl_01757,proc_ext_00064,gob_ext_00572,dlk_ext_00524
dlk_proceso_0254;3;dlk_tbl_02244,std_tbl_02540,dlk_tbl_00863;14;dlk_tbl_02449,dlk_tbl_00307,gob_tbl_02889,gob_tbl_03085,dlk_tbl_01166,m4vw_tbl_01165,dlk_tbl_01251,dlk_tbl_01849,proc_ext_00552,proc_ext_00188,std_ext_00526,m4vw_ext_00620,proc_ext_00198,proc_ext_00533
proc_proceso_0255;2;dlk_tbl_02917,dlk_tbl_00735;9;proc_tbl_01492,proc_tbl_00159,dlk_tbl_02142,dlk_tbl_02289,dlk_tbl_01251,dlk_ext_00447,dlk_ext_00239,gob_ext_00509,dlk_ext_00485
dlk_proceso_0256;8;dlk_tbl_00795,dlk_tbl_00133,dlk_tbl_02948,dash_tbl_00878,dash_tbl_01313,dlk_tbl_00052,dlk_tbl_00135,proc_tbl_00500;7;dash_tbl_01258,gob_tbl_03259,gob_tbl_01948,gob_tbl_00151,gob_ext_00162,std_ext_00134,gob_ext_00115
gob_proceso_0257;4;proc_tbl_02767,proc_tbl_02847,gob_tbl_00537,proc_tbl_03201;8;gob_tbl_01702,gob_tbl_01787,proc_tbl_03125,proc_tbl_02409,proc_tbl_00866,gob_ext_00556,std_ext_00343,gob_ext_00592
dlk_proceso_0258;5;gob_tbl_00607,proc_tbl_00418,dash_tbl_03193,dlk_tbl_02760,dlk_tbl_01556;14;gob_tbl_01693,proc_tbl_00397,proc_tbl_02526,proc_tbl_02207,gob_tbl_02315,std_tbl_02123,dlk_tbl_00960,dlk_tbl_02463,proc_ext_00584,gob_ext_00292,proc_ext_00265,gob_ext_00515,dlk_ext_00155,dlk_ext_00007
dash_proceso_0259;3;dlk_tbl_01671,dlk_tbl_00070,dlk_tbl_02330;12;dash_tbl_02277,gob_tbl_01013,dash_tbl_02861,dlk_tbl_00423,gob_tbl_01764,dlk_tbl_01959,dlk_tbl_03002,dlk_ext_00213,proc_ext_00350,proc_ext_00431,dlk_ext_00336,proc_ext_00327
proc_proceso_0260;2;proc_tbl_02907,dlk_tbl_02825;15;proc_tbl_02758,gob_tbl_02927,gob_tbl_02785,dlk_tbl_02173,dlk_tbl_00451,proc_tbl_00318,dash_tbl_01284,gob_tbl_03230,gob_tbl_01145,gob_ext_00572,std_ext_00307,gob_ext_00509,dlk_ext_00153,dlk_ext_00177,gob_ext_00625
gob_proceso_0261;2;dlk_tbl_02459,gob_tbl_02127;7;gob_tbl_00805,gob_tbl_02003,dlk_tbl_02570,gob_tbl_02539,dlk_ext_00388,dlk_ext_00278,dash_ext_00233
gob_proceso_0262;5;dlk_tbl_01838,dlk_tbl_00548,dlk_tbl_02422,proc_tbl_00289,dash_tbl_02858;8;gob_tbl_01494,dlk_tbl_02560,ppn_tbl_00944,ppn_tbl_02866,gob_tbl_02183,gob_ext_00082,dash_ext_00053,dlk_ext_00424
proc_proceso_0263;2;gob_tbl_02120,proc_tbl_00499;13;std_tbl_01953,dlk_tbl_03108,dlk_tbl_02833,dlk_tbl_00117,proc_tbl_02150,dlk_tbl_00575,dlk_tbl_01649,proc_ext_00264,gob_ext_00374,dlk_ext_00034,proc_ext_00005,dlk_ext_00221,gob_ext_00474
dlk_proceso_0264;4;proc_tbl_01915,gob_tbl_01281,proc_tbl_03235,dlk_tbl_03109;6;gob_tbl_01991,dlk_tbl_00960,gob_tbl_01896,dash_ext_00612,dash_ext_00027,proc_ext_00247
dlk_proceso_0265;6;dlk_tbl_02707,dlk_tbl_00882,dlk_tbl_02678,gob_tbl_02349,proc_tbl_01384,gob_tbl_03077;6;gob_tbl_00393,dlk_tbl_01619,gob_tbl_00501,dlk_ext_00094,dlk_ext_00299,proc_ext_00533
gob_proceso_0266;3;gob_tbl_02703,proc_tbl_00365,proc_tbl_02643;11;gob_tbl_02046,gob_tbl_02933,dlk_tbl_00587,gob_tbl_03206,m4sco_tbl_00852,dash_tbl_02189,dlk_ext_00035,dash_ext_00365,dlk_ext_00360,dlk_ext_00297,gob_ext_00412
gob_proceso_0267;2;gob_tbl_00647,dlk_tbl_02272;15;gob_tbl_03037,proc_tbl_01574,dlk_tbl_01280,dlk_tbl_01556,gob_tbl_00151,dlk_tbl_00145,proc_tbl_01941,dash_tbl_01149,dash_tbl_02544,dlk_ext_00380,dlk_ext_00417,dlk_ext_00455,gob_ext_00344,std_ext_00199,dlk_ext_00007
dlk_proceso_0268;5;gob_tbl_02532,dlk_tbl_01367,proc_tbl_01099,gob_tbl_02935,dlk_tbl_03233;10;proc_tbl_00266,gob_tbl_01341,ppn_tbl_01257,gob_tbl_00168,gob_tbl_01892,gob_tbl_02991,gob_ext_00114,dlk_ext_00308,gob_ext_00224,dlk_ext_00054
dlk_proceso_0269;5;dash_tbl_02783,gob_tbl_00042,gob_tbl_02561,dlk_tbl_00781,gob_tbl_01768;7;gob_tbl_02478,proc_tbl_02836,gob_tbl_03039,dlk_tbl_01238,std_ext_00199,gob_ext_00181,gob_ext_00395
dlk_proceso_0270;2;gob_tbl_00471,dlk_tbl_01276;12;gob_tbl_00567,dlk_tbl_02163,gob_tbl_00465,dlk_tbl_00603,gob_tbl_01316,gob_tbl_03254,dlk_tbl_03070,m4sco_ext_00059,gob_ext_00217,proc_ext_00563,gob_ext_00371,gob_ext_00194
gob_proceso_0271;2;gob_tbl_02169,dlk_tbl_01112;13;gob_tbl_01481,dlk_tbl_02219,dlk_tbl_01888,dlk_tbl_00930,dlk_tbl_01838,dlk_tbl_02267,gob_tbl_01664,dlk_ext_00084,gob_ext_00205,gob_ext_00115,gob_ext_00079,proc_ext_00253,gob_ext_00014
proc_proceso_0272;5;gob_tbl_00919,proc_tbl_01698,gob_tbl_03259,dlk_tbl_02565,dash_tbl_02994;4;gob_tbl_01996,dlk_tbl_02094,gob_ext_00113,proc_ext_00315
dash_proceso_0273;3;std_tbl_03058,dash_tbl_02470,proc_tbl_01595;12;dlk_tbl_00591,dlk_tbl_02453,proc_tbl_01129,std_tbl_00906,dlk_tbl_02370,dlk_tbl_02771,m4vw_tbl_03209,gob_ext_00451,gob_ext_00432,std_ext_00167,dlk_ext_00197,dlk_ext_00149
dlk_proceso_0274;5;std_tbl_00011,proc_tbl_01242,dlk_tbl_01752,gob_tbl_02266,gob_tbl_00501;19;gob_tbl_01277,proc_tbl_00302,gob_tbl_00847,gob_tbl_00380,dlk_tbl_02865,m4sco_tbl_02210,gob_tbl_01614,gob_tbl_01433,dlk_tbl_02854,gob_tbl_02030,gob_tbl_03134,gob_ext_00332,proc_ext_00442,gob_ext_00092,dlk_ext_00313,ppn_ext_00044,dlk_ext_00289,dlk_ext_00138,dlk_ext_00562
dlk_proceso_0275;3;std_tbl_02011,gob_tbl_02017,dlk_tbl_03002;13;m4sco_tbl_01961,dlk_tbl_02142,gob_tbl_01606,ppn_tbl_01951,proc_tbl_01343,dlk_tbl_02465,dlk_tbl_03221,ppn_ext_00044,gob_ext_00600,gob_ext_00029,gob_ext_00616,proc_ext_00401,m4sco_ext_00456
dlk_proceso_0276;8;dlk_tbl_02449,dash_tbl_00324,gob_tbl_02849,dlk_tbl_01862,m4sco_tbl_01874,gob_tbl_01682,dlk_tbl_00682,proc_tbl_01194;6;proc_tbl_00507,dlk_tbl_01956,dlk_tbl_00530,dlk_ext_00585,gob_ext_00309,dlk_ext_00414
dlk_proceso_0277;6;gob_tbl_02695,dlk_tbl_01921,gob_tbl_01626,gob_tbl_03275,gob_tbl_01601,dlk_tbl_01245;10;dlk_tbl_01596,gob_tbl_02849,dlk_tbl_01025,dlk_tbl_00832,proc_tbl_01536,gob_tbl_02495,dlk_ext_00585,dlk_ext_00618,dlk_ext_00154,gob_ext_00387
gob_proceso_0278;8;dlk_tbl_01033,proc_tbl_00367,gob_tbl_02383,proc_tbl_01716,dlk_tbl_00624,gob_tbl_03044,proc_tbl_00718,dlk_tbl_02201;24;gob_tbl_00884,gob_tbl_01768,proc_tbl_01129,gob_tbl_01463,gob_tbl_00419,dlk_tbl_00590,dash_tbl_02714,gob_tbl_02774,gob_tbl_02514,m4sco_tbl_03178,dlk_tbl_01956,proc_tbl_01363,dlk_tbl_01134,dlk_tbl_01276,gob_ext_00258,dlk_ext_00555,dlk_ext_00475,m4vw_ext_00268,gob_ext_00279,m4vw_ext_00295,dlk_ext_00230,dlk_ext_00274,gob_ext_00248,proc_ext_00234
proc_proceso_0279;4;dlk_tbl_00784,proc_tbl_00789,gob_tbl_02333,dlk_tbl_02890;10;m4sco_tbl_00206,std_tbl_00917,proc_tbl_00365,proc_tbl_02954,proc_tbl_00734,dlk_tbl_01307,gob_ext_00043,proc_ext_00373,dlk_ext_00512,proc_ext_00001
dlk_proceso_0280;5;gob_tbl_00823,gob_tbl_00341,dash_tbl_03149,dlk_tbl_01738,gob_tbl_00699;8;std_tbl_02432,gob_tbl_01748,gob_tbl_00269,dlk_tbl_00019,gob_tbl_02420,gob_ext_00590,gob_ext_00406,dlk_ext_00025
dash_proceso_0281;6;dash_tbl_01174,dlk_tbl_00530,dash_tbl_00084,dlk_tbl_00515,gob_tbl_01753,proc_tbl_01876;6;dlk_tbl_02982,gob_tbl_01410,dash_tbl_01442,proc_ext_00164,dlk_ext_00454,std_ext_00310
proc_proceso_0282;4;m4vw_tbl_01909,proc_tbl_00834,gob_tbl_02837,gob_tbl_02845;14;dlk_tbl_02705,dlk_tbl_00323,proc_tbl_02168,gob_tbl_01494,dash_tbl_00436,dlk_tbl_02491,proc_tbl_01103,gob_tbl_02035,dlk_ext_00035,dlk_ext_00073,gob_ext_00320,gob_ext_00406,dlk_ext_00473,dlk_ext_00289
proc_proceso_0283;6;gob_tbl_02527,dash_tbl_03135,dlk_tbl_01064,proc_tbl_00888,dlk_tbl_01100,gob_tbl_00645;12;gob_tbl_01617,dlk_tbl_00997,gob_tbl_00316,proc_tbl_02679,gob_tbl_01948,dlk_tbl_00043,ppn_tbl_02040,dash_ext_00356,dlk_ext_00155,dlk_ext_00026,dlk_ext_00555,dlk_ext_00512
dlk_proceso_0284;7;proc_tbl_01247,gob_tbl_00382,proc_tbl_00513,gob_tbl_00836,gob_tbl_02079,m4vw_tbl_00668,gob_tbl_00168;11;dash_tbl_02949,dlk_tbl_00960,gob_tbl_00346,dash_tbl_02544,gob_tbl_01693,gob_tbl_00071,dlk_ext_00094,gob_ext_00400,ppn_ext_00044,std_ext_00199,gob_ext_00548
proc_proceso_0285;4;dlk_tbl_00680,dlk_tbl_00286,dash_tbl_00027,proc_tbl_00866;7;gob_tbl_00769,gob_tbl_00210,proc_tbl_00922,dlk_tbl_00030,dlk_ext_00553,m4vw_ext_00295,dlk_ext_00037
dlk_proceso_0286;3;gob_tbl_00904,gob_tbl_01487,gob_tbl_01761;13;gob_tbl_00295,dlk_tbl_02882,proc_tbl_01882,gob_tbl_00654,proc_tbl_01878,dlk_tbl_00527,gob_tbl_01904,proc_ext_00416,gob_ext_00600,dlk_ext_00308,proc_ext_00100,dlk_ext_00413,gob_ext_00407
dlk_proceso_0287;2;gob_tbl_00683,gob_tbl_00549;12;gob_tbl_01801,gob_tbl_02810,dash_tbl_02624,dash_tbl_02544,gob_tbl_01355,dash_tbl_01142,dlk_tbl_02064,proc_ext_00231,proc_ext_00099,gob_ext_00082,dlk_ext_00532,gob_ext_00559
proc_proceso_0288;3;dlk_tbl_00225,gob_tbl_01873,proc_tbl_03122;13;gob_tbl_02999,dash_tbl_00554,gob_tbl_01784,dlk_tbl_03103,gob_tbl_00033,dlk_tbl_02611,gob_tbl_00576,dash_ext_00053,gob_ext_00537,gob_ext_00463,gob_ext_00280,dlk_ext_00054,gob_ext_00359
dash_proceso_0289;4;dlk_tbl_01078,gob_tbl_00506,gob_tbl_02218,gob_tbl_00770;4;dlk_tbl_01297,dlk_tbl_02786,proc_ext_00208,dash_ext_00575
dlk_proceso_0290;6;proc_tbl_01745,gob_tbl_00044,proc_tbl_01128,gob_tbl_02175,dlk_tbl_02982,dlk_tbl_00706;9;gob_tbl_00041,dlk_tbl_02581,dlk_tbl_02825,gob_tbl_01423,gob_tbl_02655,proc_ext_00099,dlk_ext_00601,dlk_ext_00261,dlk_ext_00154
gob_proceso_0291;4;m4sco_tbl_01633,gob_tbl_01582,dash_tbl_01344,dash_tbl_00331;14;dlk_tbl_02060,dlk_tbl_00706,dlk_tbl_00559,gob_tbl_01451,dash_tbl_00267,dlk_tbl_03108,gob_tbl_02438,gob_tbl_02659,dash_ext_00498,gob_ext_00206,gob_ext_00092,dlk_ext_00512,proc_ext_00472,dlk_ext_00339
gob_proceso_0292;5;std_tbl_01111,m4sco_tbl_00852,proc_tbl_02134,dlk_tbl_01537,gob_tbl_02000;12;gob_tbl_02221,dlk_tbl_01899,gob_tbl_00978,dash_tbl_00875,proc_tbl_00328,dlk_tbl_00024,gob_tbl_02325,gob_ext_00537,dlk_ext_00235,gob_ext_00076,dash_ext_00459,dlk_ext_00196
dlk_proceso_0293;3;gob_tbl_00118,gob_tbl_01030,dlk_tbl_02696;11;proc_tbl_01071,gob_tbl_02514,dlk_tbl_02650,gob_tbl_01948,gob_tbl_01469,dlk_tbl_02278,std_ext_00588,gob_ext_00069,gob_ext_00331,dlk_ext_00380,proc_ext_00379
dlk_proceso_0294;5;ppn_tbl_02866,dash_tbl_02713,dlk_tbl_02399,dlk_tbl_03110,dlk_tbl_02453;8;proc_tbl_01089,gob_tbl_02953,dlk_tbl_00590,gob_tbl_02245,dlk_tbl_02776,gob_ext_00582,proc_ext_00472,gob_ext_00038
dlk_proceso_0295;3;dash_tbl_03004,gob_tbl_00712,gob_tbl_01481;14;proc_tbl_02628,dlk_tbl_01195,gob_tbl_01206,dash_tbl_01640,dash_tbl_02544,dash_tbl_02714,std_tbl_00392,proc_tbl_00693,proc_ext_00234,ppn_ext_00032,gob_ext_00141,dlk_ext_00314,dash_ext_00575,gob_ext_00322
proc_proceso_0296;7;proc_tbl_01219,dlk_tbl_01649,gob_tbl_02211,dlk_tbl_00088,m4vw_tbl_03080,dlk_tbl_02251,dlk_tbl_02602;20;gob_tbl_00432,dlk_tbl_02718,gob_tbl_01355,gob_tbl_01234,proc_tbl_02952,gob_tbl_01508,dash_tbl_01442,dlk_tbl_01861,proc_tbl_01286,dlk_tbl_01364,gob_tbl_03256,gob_tbl_02510,dash_ext_00215,dlk_ext_00462,gob_ext_00516,std_ext_00067,dlk_ext_00129,dlk_ext_00539,m4sco_ext_00172,m4sco_ext_00479
dlk_proceso_0297;9;gob_tbl_02605,dlk_tbl_00743,proc_tbl_01059,dlk_tbl_01441,gob_tbl_01800,proc_tbl_02913,dlk_tbl_02443,dlk_tbl_01573,dlk_tbl_01489;14;proc_tbl_02207,dlk_tbl_01533,gob_tbl_02566,gob_tbl_01481,proc_tbl_03229,gob_tbl_01047,gob_tbl_02426,gob_tbl_02656,gob_ext_00004,gob_ext_00497,dlk_ext_00579,m4sco_ext_00172,dlk_ext_00494,gob_ext_00410
dlk_proceso_0298;3;gob_tbl_00793,proc_tbl_00387,gob_tbl_00788;13;gob_tbl_00919,proc_tbl_03022,dlk_tbl_02521,proc_tbl_02944,gob_tbl_00663,dlk_tbl_03119,m4sco_tbl_01482,dlk_ext_00551,gob_ext_00578,dlk_ext_00006,gob_ext_00082,dlk_ext_00455,proc_ext_00563
proc_proceso_0299;8;dlk_tbl_00282,dlk_tbl_01762,dash_tbl_02360,proc_tbl_00926,dlk_tbl_02735,dlk_tbl_01718,dash_tbl_02649,dlk_tbl_02115;7;gob_tbl_02153,gob_tbl_01572,proc_tbl_02128,dlk_tbl_02653,dlk_ext_00568,dlk_ext_00501,dlk_ext_00106
gob_proceso_0300;2;proc_tbl_00637,proc_tbl_01012;6;dlk_tbl_02712,proc_tbl_01492,gob_tbl_01873,gob_ext_00546,gob_ext_00163,dlk_ext_00031
gob_proceso_0301;3;dlk_tbl_00043,gob_tbl_01150,dlk_tbl_02794;9;proc_tbl_02456,gob_tbl_02050,gob_tbl_02118,dlk_tbl_01008,dlk_tbl_03003,dlk_ext_00378,gob_ext_00024,gob_ext_00590,dlk_ext_00555
gob_proceso_0302;2;gob_tbl_00090,dlk_tbl_01188;15;gob_tbl_02469,gob_tbl_01700,dlk_tbl_01963,m4sco_tbl_02108,gob_tbl_00071,gob_tbl_01873,dlk_tbl_02950,dlk_tbl_00731,gob_tbl_01644,dash_ext_00053,gob_ext_00451,std_ext_00260,proc_ext_00121,dlk_ext_00267,dlk_ext_00155
dlk_proceso_0303;2;gob_tbl_03074,dlk_tbl_02283;6;gob_tbl_00051,gob_tbl_02518,dlk_tbl_00848,dlk_ext_00445,dash_ext_00283,dlk_ext_00180
gob_proceso_0304;5;proc_tbl_01782,gob_tbl_00901,dlk_tbl_01686,gob_tbl_03013,gob_tbl_03189;8;dlk_tbl_00024,dlk_tbl_02476,m4vw_tbl_02355,proc_tbl_01553,dlk_tbl_01545,gob_ext_00291,gob_ext_00387,gob_ext_00432
gob_proceso_0305;2;dlk_tbl_00281,dlk_tbl_02853;8;dlk_tbl_00749,gob_tbl_01757,gob_tbl_02569,gob_tbl_02821,dash_tbl_01517,proc_ext_00364,dlk_ext_00475,m4vw_ext_00232
gob_proceso_0306;2;gob_tbl_02327,gob_tbl_02785;8;dash_tbl_01361,gob_tbl_00432,dlk_tbl_01963,dlk_tbl_00285,gob_tbl_02017,dash_ext_00236,gob_ext_00092,proc_ext_00364
gob_proceso_0307;8;dlk_tbl_00873,dlk_tbl_00658,dlk_tbl_02381,dash_tbl_02063,dlk_tbl_01168,dlk_tbl_01414,gob_tbl_00714,dash_tbl_02189;24;dlk_tbl_01008,dlk_tbl_00162,dash_tbl_01073,gob_tbl_00304,dlk_tbl_00052,dlk_tbl_01916,dlk_tbl_02881,dash_tbl_01613,dash_tbl_01075,dlk_tbl_01960,gob_tbl_02695,dash_tbl_01303,proc_tbl_00655,dash_tbl_01292,dlk_ext_00261,dlk_ext_00380,dlk_ext_00010,dlk_ext_00035,dash_ext_00135,gob_ext_00045,dlk_ext_00493,dash_ext_00072,dlk_ext_00025,dlk_ext_00566
dlk_proceso_0308;2;gob_tbl_02323,dlk_tbl_03070;7;gob_tbl_01279,gob_tbl_02156,gob_tbl_01463,dlk_tbl_01758,dash_ext_00352,std_ext_00587,gob_ext_00368
dlk_proceso_0309;3;gob_tbl_01371,dlk_tbl_00588,dlk_tbl_02619;7;gob_tbl_03132,dlk_tbl_03017,proc_tbl_02178,dlk_tbl_02562,dlk_ext_00338,dlk_ext_00299,dlk_ext_00155
dlk_proceso_0310;6;proc_tbl_00734,dlk_tbl_02407,gob_tbl_01152,dlk_tbl_02521,dlk_tbl_01528,dlk_tbl_01675;4;std_tbl_03148,proc_tbl_01882,proc_ext_00364,gob_ext_00288
dlk_proceso_0311;2;dlk_tbl_01199,dlk_tbl_02558;13;proc_tbl_00112,proc_tbl_00439,gob_tbl_01904,dlk_tbl_01156,dlk_tbl_01096,proc_tbl_02312,proc_tbl_00888,gob_ext_00074,dlk_ext_00153,dlk_ext_00351,dlk_ext_00057,m4sco_ext_00479,dlk_ext_00380
gob_proceso_0312;3;dlk_tbl_01901,dlk_tbl_03167,dlk_tbl_00321;13;gob_tbl_02518,gob_tbl_00341,gob_tbl_02605,gob_tbl_00561,dlk_tbl_02417,dlk_tbl_02848,proc_tbl_02676,dlk_ext_00084,dlk_ext_00235,dlk_ext_00335,dlk_ext_00286,gob_ext_00540,m4sco_ext_00456
dlk_proceso_0313;3;dlk_tbl_02833,dlk_tbl_00230,gob_tbl_00393;5;gob_tbl_02457,proc_tbl_02643,dlk_tbl_02765,dlk_ext_00321,gob_ext_00515
gob_proceso_0314;6;gob_tbl_02495,dash_tbl_00553,dlk_tbl_01689,gob_tbl_01279,proc_tbl_02638,proc_tbl_01062;4;proc_tbl_02168,dlk_tbl_01196,std_ext_00167,dlk_ext_00168
gob_proceso_0315;3;dlk_tbl_00737,dlk_tbl_00015,gob_tbl_01927;9;proc_tbl_03152,proc_tbl_01726,dlk_tbl_02220,proc_tbl_01357,dlk_tbl_00620,gob_ext_00275,dlk_ext_00321,gob_ext_00582,dash_ext_00511
dlk_proceso_0316;5;gob_tbl_02041,proc_tbl_00759,gob_tbl_01989,dlk_tbl_00200,gob_tbl_01458;11;std_tbl_00541,dlk_tbl_00874,dlk_tbl_02833,dlk_tbl_03045,proc_tbl_01081,gob_tbl_02981,gob_ext_00474,dlk_ext_00007,proc_ext_00482,gob_ext_00463,gob_ext_00572
dlk_proceso_0317;6;gob_tbl_00165,gob_tbl_02374,dlk_tbl_01018,dlk_tbl_02706,dlk_tbl_01452,proc_tbl_01027;6;proc_tbl_02406,gob_tbl_00556,gob_tbl_02784,gob_ext_00625,dlk_ext_00475,dlk_ext_00020
gob_proceso_0318;6;dlk_tbl_02964,dlk_tbl_02402,proc_tbl_02136,proc_tbl_03076,dlk_tbl_01931,proc_tbl_03096;15;gob_tbl_00535,gob_tbl_00124,dlk_tbl_00301,gob_tbl_01425,gob_tbl_00071,gob_tbl_00561,dlk_tbl_02979,dash_tbl_01292,std_tbl_02843,gob_ext_00069,gob_ext_00102,gob_ext_00515,gob_ext_00070,dash_ext_00002,proc_ext_00401
dlk_proceso_0319;5;std_tbl_02726,gob_tbl_01373,proc_tbl_02911,dlk_tbl_01010,dlk_tbl_01230;17;dash_tbl_01193,gob_tbl_00058,dlk_tbl_00886,dlk_tbl_01270,gob_tbl_03213,gob_tbl_02079,gob_tbl_00740,dash_tbl_00622,dlk_tbl_03015,gob_tbl_02810,gob_ext_00559,proc_ext_00164,dlk_ext_00534,dlk_ext_00539,dlk_ext_00591,gob_ext_00322,proc_ext_00442
dlk_proceso_0320;3;dlk_tbl_00617,gob_tbl_01451,gob_tbl_01518;9;dash_tbl_00450,gob_tbl_02659,dlk_tbl_02867,dlk_tbl_02572,dlk_tbl_00872,gob_ext_00048,dlk_ext_00326,ppn_ext_00487,dlk_ext_00062
proc_proceso_0321;2;proc_tbl_01477,m4sco_tbl_02850;12;gob_tbl_01373,dlk_tbl_00835,gob_tbl_01835,gob_tbl_02438,dlk_tbl_01268,dlk_tbl_01066,dlk_tbl_01408,gob_ext_00309,gob_ext_00443,dlk_ext_00404,gob_ext_00217,proc_ext_00100
dlk_proceso_0322;8;dash_tbl_00568,std_tbl_01917,ppn_tbl_00679,dlk_tbl_01658,dash_tbl_03111,dash_tbl_00267,dlk_tbl_02142,gob_tbl_01571;6;gob_tbl_00779,gob_tbl_00388,proc_tbl_00486,dlk_ext_00213,gob_ext_00398,gob_ext_00140
dlk_proceso_0323;6;dash_tbl_01142,ppn_tbl_02212,ppn_tbl_00869,gob_tbl_02186,proc_tbl_00883,proc_tbl_01271;16;dlk_tbl_01333,gob_tbl_01439,gob_tbl_02745,gob_tbl_00295,dash_tbl_02277,proc_tbl_01910,gob_tbl_02957,dlk_tbl_02026,dlk_tbl_02877,dlk_ext_00519,dlk_ext_00037,proc_ext_00139,proc_ext_00364,gob_ext_00165,dlk_ext_00551,gob_ext_00069
dlk_proceso_0324;5;dlk_tbl_01968,gob_tbl_02315,dlk_tbl_01715,proc_tbl_02761,std_tbl_02782;4;gob_tbl_00051,proc_tbl_02796,proc_ext_00151,gob_ext_00281
dlk_proceso_0325;3;gob_tbl_01564,m4sco_tbl_01845,gob_tbl_01362;13;dlk_tbl_03159,dlk_tbl_00208,gob_tbl_00766,dlk_tbl_00376,dlk_tbl_00590,dlk_tbl_02914,dash_tbl_02240,gob_ext_00582,dlk_ext_00010,dlk_ext_00235,dlk_ext_00308,gob_ext_00115,dlk_ext_00499
dash_proceso_0326;5;dash_tbl_02431,std_tbl_00669,dash_tbl_03214,gob_tbl_00692,dlk_tbl_03242;4;proc_tbl_01825,proc_tbl_01749,dlk_ext_00150,dlk_ext_00601
dash_proceso_0327;4;gob_tbl_02473,gob_tbl_00004,dash_tbl_00140,gob_tbl_02524;10;dlk_tbl_01586,dash_tbl_00425,dlk_tbl_00138,gob_tbl_01038,gob_tbl_01892,gob_tbl_03079,gob_ext_00374,gob_ext_00357,proc_ext_00362,gob_ext_00165
dlk_proceso_0328;2;gob_tbl_01900,gob_tbl_00369;13;gob_tbl_01912,m4sco_tbl_01482,gob_tbl_01835,dlk_tbl_01824,dlk_tbl_03103,gob_tbl_00998,gob_tbl_00819,dlk_ext_00386,dlk_ext_00524,m4sco_ext_00479,proc_ext_00570,proc_ext_00401,dlk_ext_00106
dlk_proceso_0329;4;dlk_tbl_02411,dlk_tbl_00406,dash_tbl_02288,dlk_tbl_01529;4;proc_tbl_02513,proc_tbl_00367,dlk_ext_00524,proc_ext_00517
dlk_proceso_0330;3;dlk_tbl_01238,gob_tbl_00299,gob_tbl_01860;9;dlk_tbl_01596,proc_tbl_01330,dash_tbl_01284,dlk_tbl_01215,dash_tbl_00871,gob_ext_00252,std_ext_00134,m4sco_ext_00554,gob_ext_00105
proc_proceso_0331;6;proc_tbl_00921,gob_tbl_00860,std_tbl_00906,proc_tbl_02259,gob_tbl_00765,proc_tbl_02073;4;dlk_tbl_02415,dlk_tbl_00768,gob_ext_00595,dash_ext_00120
dlk_proceso_0332;5;gob_tbl_02258,dlk_tbl_00775,dlk_tbl_01080,proc_tbl_02395,dlk_tbl_02326;12;dash_tbl_02714,dlk_tbl_03007,dash_tbl_02744,gob_tbl_03254,dlk_tbl_00252,dash_tbl_01361,gob_tbl_01338,gob_ext_00312,dlk_ext_00617,proc_ext_00253,gob_ext_00582,proc_ext_00100
gob_proceso_0333;5;m4vw_tbl_01418,dlk_tbl_00872,gob_tbl_02978,dlk_tbl_01955,dlk_tbl_03009;8;m4vw_tbl_02355,gob_tbl_02900,dlk_tbl_02572,proc_tbl_02243,proc_tbl_01139,dlk_ext_00034,gob_ext_00288,dlk_ext_00621
gob_proceso_0334;2;proc_tbl_01139,dlk_tbl_01992;7;proc_tbl_01973,dlk_tbl_01055,gob_tbl_01396,gob_tbl_03024,gob_ext_00162,dlk_ext_00299,gob_ext_00600
gob_proceso_0335;7;gob_tbl_02392,gob_tbl_02545,dlk_tbl_02824,m4vw_tbl_00157,gob_tbl_01810,gob_tbl_02675,proc_tbl_01902;10;dlk_tbl_00162,gob_tbl_02830,m4vw_tbl_01834,gob_tbl_02302,std_tbl_03136,dlk_tbl_01618,dlk_ext_00358,gob_ext_00113,proc_ext_00364,dlk_ext_00184
proc_proceso_0336;5;dlk_tbl_02786,gob_tbl_03158,dlk_tbl_00932,gob_tbl_00322,gob_tbl_00432;8;dlk_tbl_02521,dlk_tbl_02299,dlk_tbl_01353,dlk_tbl_01078,dlk_tbl_01604,dash_ext_00283,dlk_ext_00267,gob_ext_00406
gob_proceso_0337;3;dlk_tbl_03038,gob_tbl_00727,gob_tbl_02892;14;proc_tbl_01983,proc_tbl_00922,std_tbl_00279,gob_tbl_03254,gob_tbl_00765,dash_tbl_00875,gob_tbl_02315,gob_tbl_00539,gob_ext_00175,dlk_ext_00524,dash_ext_00027,dlk_ext_00325,dlk_ext_00235,gob_ext_00217
dlk_proceso_0338;4;gob_tbl_03273,proc_tbl_02099,dlk_tbl_00967,proc_tbl_00618;6;gob_tbl_01569,proc_tbl_01833,dash_tbl_03124,dlk_ext_00305,gob_ext_00399,dash_ext_00580
gob_proceso_0339;2;dlk_tbl_02238,gob_tbl_02091;8;dlk_tbl_02974,dlk_tbl_02614,proc_tbl_02638,gob_tbl_03142,dash_tbl_01205,gob_ext_00038,gob_ext_00582,dlk_ext_00007
gob_proceso_0340;3;proc_tbl_01275,ppn_tbl_01169,dlk_tbl_00623;13;gob_tbl_03026,dlk_tbl_00495,dlk_tbl_03033,gob_tbl_03091,dlk_tbl_00828,dlk_tbl_01015,gob_tbl_00501,proc_ext_00212,dlk_ext_00299,std_ext_00199,gob_ext_00600,gob_ext_00509,gob_ext_00258
gob_proceso_0341;3;gob_tbl_01569,gob_tbl_00975,dash_tbl_00498;13;dlk_tbl_02102,proc_tbl_01036,gob_tbl_00950,dash_tbl_01093,proc_tbl_03022,gob_tbl_02028,gob_tbl_02510,proc_ext_00208,gob_ext_00250,m4sco_ext_00059,gob_ext_00105,proc_ext_00472,dlk_ext_00173
proc_proceso_0342;4;gob_tbl_03142,ppn_tbl_02040,std_tbl_03104,gob_tbl_02716;7;proc_tbl_01085,proc_tbl_00185,gob_tbl_03147,dash_tbl_02590,dlk_ext_00037,proc_ext_00121,m4sco_ext_00453
dlk_proceso_0343;3;gob_tbl_00115,std_tbl_00182,dlk_tbl_02572;12;proc_tbl_02913,dash_tbl_00175,gob_tbl_02957,dlk_tbl_02558,gob_tbl_01562,gob_tbl_01126,proc_tbl_02342,proc_ext_00563,dlk_ext_00316,proc_ext_00189,gob_ext_00572,gob_ext_00496
dlk_proceso_0344;5;gob_tbl_01764,gob_tbl_01319,proc_tbl_01131,proc_tbl_00592,dlk_tbl_02578;8;gob_tbl_00652,dlk_tbl_00104,dlk_tbl_02508,dash_tbl_01313,m4vw_tbl_01354,dlk_ext_00155,gob_ext_00223,proc_ext_00533
dash_proceso_0345;6;gob_tbl_00744,dlk_tbl_02066,gob_tbl_02724,gob_tbl_03239,dlk_tbl_00625,dlk_tbl_01744;11;gob_tbl_00002,dlk_tbl_00886,gob_tbl_00237,std_tbl_01774,dlk_tbl_01891,dlk_tbl_02721,dash_ext_00027,dlk_ext_00488,std_ext_00526,std_ext_00587,dlk_ext_00534
proc_proceso_0346;6;proc_tbl_03022,std_tbl_02568,gob_tbl_01908,proc_tbl_01766,proc_tbl_00077,dlk_tbl_00155;4;gob_tbl_01222,dlk_tbl_01673,gob_ext_00259,gob_ext_00368
dlk_proceso_0347;5;dlk_tbl_02013,proc_tbl_00971,dlk_tbl_00218,gob_tbl_00036,dlk_tbl_01849;4;gob_tbl_02374,gob_tbl_02501,dlk_ext_00173,gob_ext_00508
dlk_proceso_0348;9;gob_tbl_00319,gob_tbl_02009,dlk_tbl_00837,dlk_tbl_01387,gob_tbl_01575,dlk_tbl_02190,proc_tbl_02835,gob_tbl_02444,dash_tbl_00875;14;gob_tbl_01830,proc_tbl_01449,gob_tbl_00165,dlk_tbl_02220,dlk_tbl_02498,dash_tbl_00294,dash_tbl_02544,proc_tbl_02526,dlk_ext_00534,dlk_ext_00388,dash_ext_00072,dlk_ext_00514,dlk_ext_00585,proc_ext_00525
dlk_proceso_0349;3;proc_tbl_01232,gob_tbl_00060,dlk_tbl_02512;13;dlk_tbl_03170,std_tbl_02184,m4sco_tbl_00564,gob_tbl_02447,gob_tbl_02802,gob_tbl_01040,gob_tbl_02103,proc_ext_00363,dlk_ext_00155,proc_ext_00563,gob_ext_00357,dlk_ext_00346,gob_ext_00301
dlk_proceso_0350;4;dlk_tbl_02129,dlk_tbl_01053,std_tbl_02955,gob_tbl_02167;10;dash_tbl_00331,gob_tbl_02957,dlk_tbl_00453,gob_tbl_03139,gob_tbl_01892,gob_tbl_02196,gob_ext_00029,gob_ext_00572,dlk_ext_00155,dlk_ext_00148
dlk_proceso_0351;4;gob_tbl_02801,gob_tbl_00531,gob_tbl_00702,ppn_tbl_01929;10;proc_tbl_01335,dlk_tbl_01005,dlk_tbl_01754,gob_tbl_02510,dlk_tbl_02811,dash_tbl_00125,dlk_ext_00539,std_ext_00476,gob_ext_00407,gob_ext_00412
proc_proceso_0352;6;gob_tbl_00512,dlk_tbl_00376,gob_tbl_02052,dlk_tbl_02876,dash_tbl_01419,m4vw_tbl_03209;10;dlk_tbl_01008,gob_tbl_01371,gob_tbl_01509,gob_tbl_00683,gob_tbl_01368,dlk_tbl_00483,dlk_ext_00388,dlk_ext_00314,dash_ext_00101,dlk_ext_00413
gob_proceso_0353;6;gob_tbl_02774,dlk_tbl_01859,gob_tbl_02001,dlk_tbl_00842,dlk_tbl_00079,dash_tbl_00791;10;ppn_tbl_00679,proc_tbl_02181,dlk_tbl_00229,dlk_tbl_01476,gob_tbl_00056,gob_tbl_00549,gob_ext_00217,gob_ext_00070,gob_ext_00385,gob_ext_00497
proc_proceso_0354;6;gob_tbl_00040,std_tbl_01097,dash_tbl_02304,dlk_tbl_01297,proc_tbl_03268,dash_tbl_01317;6;dlk_tbl_00799,gob_tbl_01369,gob_tbl_00766,std_ext_00199,std_ext_00603,gob_ext_00141
dlk_proceso_0355;3;dlk_tbl_02026,dash_tbl_03052,gob_tbl_01624;13;dlk_tbl_02832,proc_tbl_02406,dlk_tbl_01167,dlk_tbl_00749,dlk_tbl_00145,gob_tbl_02256,dlk_tbl_00070,dlk_ext_00308,dlk_ext_00116,dlk_ext_00037,gob_ext_00170,proc_ext_00442,dlk_ext_00182
proc_proceso_0356;5;proc_tbl_01302,dlk_tbl_00223,proc_tbl_02599,dlk_tbl_01916,gob_tbl_00059;4;dlk_tbl_00330,proc_tbl_00077,dash_ext_00580,dlk_ext_00010
gob_proceso_0357;7;proc_tbl_02758,dlk_tbl_00963,gob_tbl_02179,dlk_tbl_00018,proc_tbl_01541,proc_tbl_01122,proc_tbl_00092;9;dlk_tbl_02974,gob_tbl_02818,gob_tbl_01562,gob_tbl_00919,gob_tbl_03072,dlk_ext_00168,proc_ext_00563,dlk_ext_00585,dlk_ext_00084
dlk_proceso_0358;4;dlk_tbl_00096,proc_tbl_02056,proc_tbl_00185,gob_tbl_01410;6;dlk_tbl_03187,proc_tbl_01941,gob_tbl_01692,dlk_ext_00348,dlk_ext_00380,proc_ext_00099
gob_proceso_0359;4;gob_tbl_01006,gob_tbl_01659,gob_tbl_03118,proc_tbl_01045;7;dlk_tbl_00826,dlk_tbl_00320,gob_tbl_02393,proc_tbl_00922,dlk_ext_00447,dlk_ext_00025,proc_ext_00363
proc_proceso_0360;4;proc_tbl_03107,dash_tbl_01500,dlk_tbl_01054,dlk_tbl_00415;10;gob_tbl_01784,dash_tbl_01073,dlk_tbl_02398,dlk_tbl_01353,dlk_tbl_02596,gob_tbl_00937,dlk_ext_00106,gob_ext_00594,proc_ext_00231,dlk_ext_00144
dlk_proceso_0361;2;dash_tbl_01461,dlk_tbl_01024;7;dash_tbl_01442,gob_tbl_00756,gob_tbl_01701,gob_tbl_00518,dlk_ext_00299,ppn_ext_00044,gob_ext_00076
dlk_proceso_0362;4;dlk_tbl_01217,gob_tbl_00464,dlk_tbl_02441,gob_tbl_00420;12;proc_tbl_00888,proc_tbl_01804,dlk_tbl_00560,gob_tbl_00523,dlk_tbl_00110,proc_tbl_01027,gob_tbl_02179,dlk_ext_00302,dlk_ext_00314,dlk_ext_00154,proc_ext_00552,ppn_ext_00044
dlk_proceso_0363;5;dlk_tbl_01248,gob_tbl_01540,std_tbl_00725,dlk_tbl_00336,gob_tbl_01606;5;dlk_tbl_02604,dlk_tbl_03233,dlk_tbl_00473,dlk_ext_00618,dlk_ext_00514
proc_proceso_0364;4;dlk_tbl_00490,dlk_tbl_02276,dlk_tbl_02934,dlk_tbl_02306;14;gob_tbl_01856,proc_tbl_02911,gob_tbl_00161,proc_tbl_00390,gob_tbl_03213,gob_tbl_02012,gob_tbl_00562,gob_tbl_02426,proc_ext_00234,dlk_ext_00308,dlk_ext_00267,gob_ext_00578,dlk_ext_00228,dlk_ext_00510
gob_proceso_0365;6;dash_tbl_01292,dlk_tbl_01828,dlk_tbl_03222,dlk_tbl_00323,std_tbl_00771,gob_tbl_00833;6;proc_tbl_03011,proc_tbl_00364,dlk_tbl_02463,dlk_ext_00154,dlk_ext_00180,proc_ext_00439
dlk_proceso_0366;7;dlk_tbl_02632,dlk_tbl_02604,proc_tbl_00312,m4sco_tbl_02108,gob_tbl_02028,dlk_tbl_00463,proc_tbl_02034;15;dlk_tbl_02712,proc_tbl_00314,proc_tbl_02758,m4vw_tbl_00994,gob_tbl_02936,m4sco_tbl_02751,proc_tbl_01749,gob_tbl_00833,proc_tbl_01327,m4vw_ext_00207,gob_ext_00463,dash_ext_00365,dlk_ext_00237,dlk_ext_00006,dash_ext_00233
dash_proceso_0367;3;dash_tbl_00649,proc_tbl_02312,std_tbl_01067;12;dlk_tbl_01570,gob_tbl_01001,dlk_tbl_03095,dlk_tbl_02512,proc_tbl_01332,dlk_tbl_02555,dlk_tbl_01566,gob_ext_00458,proc_ext_00234,proc_ext_00431,gob_ext_00470,m4sco_ext_00059
dlk_proceso_0368;3;dlk_tbl_02413,proc_tbl_00497,gob_tbl_02290;11;dlk_tbl_01512,proc_tbl_02847,gob_tbl_02938,dlk_tbl_00620,m4vw_tbl_03021,dash_tbl_01517,proc_ext_00505,proc_ext_00253,m4vw_ext_00226,gob_ext_00560,dlk_ext_00238
gob_proceso_0369;3;dlk_tbl_02045,dlk_tbl_01166,gob_tbl_02424;13;gob_tbl_00738,dlk_tbl_01533,proc_tbl_01062,gob_tbl_01907,gob_tbl_01159,dlk_tbl_00135,proc_tbl_01910,dlk_ext_00502,dlk_ext_00225,proc_ext_00086,dlk_ext_00240,dlk_ext_00274,dlk_ext_00510
dlk_proceso_0370;4;dash_tbl_01361,gob_tbl_02806,dlk_tbl_02781,dlk_tbl_00347;8;gob_tbl_00663,gob_tbl_02737,dlk_tbl_00848,gob_tbl_01460,dlk_tbl_01547,dlk_ext_00388,gob_ext_00432,dash_ext_00422
proc_proceso_0371;4;dlk_tbl_02004,proc_tbl_03150,gob_tbl_00951,gob_tbl_00941;9;gob_tbl_02096,dlk_tbl_02346,m4vw_tbl_01138,gob_tbl_01047,gob_tbl_00477,dlk_ext_00382,std_ext_00284,proc_ext_00212,gob_ext_00406
dlk_proceso_0372;6;dlk_tbl_01397,proc_tbl_01184,dlk_tbl_00138,dlk_tbl_01980,dash_tbl_00520,dlk_tbl_00957;9;proc_tbl_00297,gob_tbl_01787,gob_tbl_03065,gob_tbl_01606,dash_tbl_03207,proc_ext_00086,gob_ext_00257,proc_ext_00201,gob_ext_00266
gob_proceso_0373;7;proc_tbl_03060,gob_tbl_01709,gob_tbl_00303,dlk_tbl_00703,gob_tbl_02810,ppn_tbl_00178,proc_tbl_00752;9;proc_tbl_01327,dlk_tbl_00974,gob_tbl_01701,std_tbl_02180,dlk_tbl_02060,m4sco_ext_00456,proc_ext_00198,dlk_ext_00321,dlk_ext_00573
dash_proceso_0374;2;dlk_tbl_02273,gob_tbl_03279;13;gob_tbl_02774,dash_tbl_02105,dlk_tbl_02586,dlk_tbl_02778,gob_tbl_01572,dlk_tbl_00473,gob_tbl_02543,dlk_ext_00551,dlk_ext_00319,dlk_ext_00325,proc_ext_00234,m4sco_ext_00059,dlk_ext_00623
gob_proceso_0375;4;std_tbl_01697,dlk_tbl_00621,gob_tbl_01703,dlk_tbl_02661;10;gob_tbl_02937,proc_tbl_02857,gob_tbl_01513,dash_tbl_01442,dlk_tbl_01483,dlk_tbl_02572,proc_ext_00389,dlk_ext_00239,gob_ext_00244,proc_ext_00089
dlk_proceso_0376;7;proc_tbl_01046,gob_tbl_00238,proc_tbl_02406,gob_tbl_00562,gob_tbl_02368,dash_tbl_00125,dlk_tbl_00638;1;gob_tbl_00819
dlk_proceso_0377;6;dlk_tbl_00997,proc_tbl_00296,gob_tbl_00756,proc_tbl_00491,dlk_tbl_02773,gob_tbl_02393;10;dash_tbl_00251,dlk_tbl_01315,gob_tbl_00466,gob_tbl_02685,dlk_tbl_00587,gob_tbl_01802,dlk_ext_00555,gob_ext_00266,dlk_ext_00060,ppn_ext_00607
dlk_proceso_0378;4;gob_tbl_00124,dlk_tbl_00724,dlk_tbl_03274,dlk_tbl_02429;10;dlk_tbl_02979,dlk_tbl_01443,gob_tbl_01646,gob_tbl_01425,proc_tbl_01654,proc_tbl_02761,gob_ext_00397,std_ext_00167,proc_ext_00557,dlk_ext_00213
proc_proceso_0379;2;dash_tbl_02482,gob_tbl_00058;5;dlk_tbl_00865,std_tbl_02292,dlk_tbl_00070,gob_ext_00469,gob_ext_00176
dlk_proceso_0380;7;dlk_tbl_02615,dlk_tbl_02819,gob_tbl_01488,gob_tbl_02689,gob_tbl_01813,gob_tbl_01651,proc_tbl_00308;11;dlk_tbl_02620,dash_tbl_02752,dlk_tbl_02402,dlk_tbl_00534,dlk_tbl_01772,dlk_tbl_01984,dlk_ext_00601,dlk_ext_00346,dash_ext_00263,dlk_ext_00066,dlk_ext_00025
proc_proceso_0381;9;dlk_tbl_03162,proc_tbl_01466,m4vw_tbl_00066,dlk_tbl_01889,m4vw_tbl_02941,gob_tbl_02078,gob_tbl_02386,dlk_tbl_01055,dlk_tbl_01679;14;gob_tbl_00584,proc_tbl_01698,dlk_tbl_01109,dlk_tbl_02979,ppn_tbl_01951,dlk_tbl_02728,std_tbl_00194,gob_tbl_00567,dlk_ext_00510,dlk_ext_00348,proc_ext_00472,gob_ext_00395,gob_ext_00019,gob_ext_00537
gob_proceso_0382;4;proc_tbl_02652,dash_tbl_02240,gob_tbl_01153,dlk_tbl_02219;14;gob_tbl_02368,dash_tbl_01205,gob_tbl_00071,gob_tbl_01597,dlk_tbl_00745,gob_tbl_01742,gob_tbl_01725,gob_tbl_00346,gob_ext_00181,dlk_ext_00179,dlk_ext_00066,gob_ext_00572,gob_ext_00582,gob_ext_00246
dash_proceso_0383;7;gob_tbl_00107,gob_tbl_00071,dash_tbl_01863,gob_tbl_00309,gob_tbl_02904,gob_tbl_00111,dlk_tbl_00722;15;gob_tbl_02601,proc_tbl_01749,gob_tbl_00615,dlk_tbl_00445,proc_tbl_02828,gob_tbl_01803,gob_tbl_01277,gob_tbl_01701,dlk_tbl_01422,dlk_ext_00184,gob_ext_00181,proc_ext_00362,gob_ext_00276,std_ext_00588,gob_ext_00076
dash_proceso_0384;5;dlk_tbl_00557,proc_tbl_02828,gob_tbl_02896,dlk_tbl_02403,proc_tbl_00481;9;proc_tbl_01882,dlk_tbl_02934,gob_tbl_01787,dlk_tbl_01101,gob_tbl_02993,proc_ext_00350,proc_ext_00056,std_ext_00310,gob_ext_00451
dlk_proceso_0385;3;proc_tbl_01678,dlk_tbl_01167,proc_tbl_00983;10;dlk_tbl_01100,gob_tbl_01433,dash_tbl_00514,dlk_tbl_01579,gob_tbl_02579,proc_tbl_00693,dlk_ext_00338,proc_ext_00158,dlk_ext_00213,dlk_ext_00555
dash_proceso_0386;3;dlk_tbl_00368,dlk_tbl_00960,dlk_tbl_01707;14;gob_tbl_00316,dlk_tbl_02319,dlk_tbl_02453,dash_tbl_00434,dlk_tbl_00905,gob_tbl_01693,dlk_tbl_02449,proc_tbl_00364,gob_ext_00194,gob_ext_00009,gob_ext_00245,std_ext_00085,proc_ext_00086,dlk_ext_00122
gob_proceso_0387;5;proc_tbl_00840,dlk_tbl_00704,dlk_tbl_02894,std_tbl_02804,dlk_tbl_00940;10;dlk_tbl_00557,proc_tbl_02056,gob_tbl_01451,dash_tbl_02861,gob_tbl_00904,m4vw_tbl_03209,gob_ext_00357,proc_ext_00396,gob_ext_00303,gob_ext_00478
gob_proceso_0388;7;m4vw_tbl_03192,gob_tbl_02787,proc_tbl_01108,gob_tbl_01347,dlk_tbl_03210,gob_tbl_00797,gob_tbl_01349;11;dlk_tbl_00854,dlk_tbl_02267,gob_tbl_01926,gob_tbl_00911,proc_tbl_00507,dlk_tbl_03174,dlk_ext_00539,dlk_ext_00380,gob_ext_00014,gob_ext_00436,gob_ext_00538
dlk_proceso_0389;2;gob_tbl_00830,dlk_tbl_02137;20;dash_tbl_01464,dlk_tbl_00235,gob_tbl_03092,dlk_tbl_01066,gob_tbl_00945,dlk_tbl_01783,dlk_tbl_02763,gob_tbl_01687,gob_tbl_00465,dash_tbl_01517,dlk_tbl_02669,proc_tbl_00500,dlk_ext_00289,gob_ext_00625,dlk_ext_00062,dlk_ext_00512,m4sco_ext_00453,dlk_ext_00382,std_ext_00296,gob_ext_00436
gob_proceso_0390;6;gob_tbl_02938,std_tbl_01914,proc_tbl_02150,gob_tbl_00561,dash_tbl_01670,gob_tbl_02655;13;dlk_tbl_01263,m4vw_tbl_00721,dash_tbl_01269,dlk_tbl_01901,dlk_tbl_02728,gob_tbl_01224,proc_tbl_00948,dlk_ext_00441,std_ext_00588,dlk_ext_00168,dlk_ext_00313,gob_ext_00538,gob_ext_00477
gob_proceso_0391;2;dlk_tbl_02446,gob_tbl_03026;12;gob_tbl_00353,gob_tbl_01757,proc_tbl_00698,gob_tbl_03237,dlk_tbl_01228,gob_tbl_02698,gob_tbl_02947,gob_ext_00432,gob_ext_00161,dlk_ext_00413,proc_ext_00571,gob_ext_00190
proc_proceso_0392;4;gob_tbl_02688,gob_tbl_01605,dlk_tbl_03078,dlk_tbl_02627;7;proc_tbl_01320,gob_tbl_00093,dash_tbl_01284,proc_tbl_01941,dlk_ext_00321,dlk_ext_00240,dlk_ext_00545
dash_proceso_0393;2;gob_tbl_02510,gob_tbl_01865;5;dash_tbl_00254,proc_tbl_02286,proc_tbl_01357,gob_ext_00281,gob_ext_00192
proc_proceso_0394;6;dlk_tbl_01986,dlk_tbl_01364,m4vw_tbl_02270,gob_tbl_03281,dlk_tbl_03157,dlk_tbl_01125;15;dlk_tbl_00181,gob_tbl_02035,dlk_tbl_02278,proc_tbl_00947,std_tbl_02246,gob_tbl_00327,gob_tbl_00211,dash_tbl_02691,dlk_tbl_00242,dlk_ext_00299,proc_ext_00075,proc_ext_00078,gob_ext_00548,std_ext_00526,gob_ext_00374
proc_proceso_0395;5;dlk_tbl_00049,gob_tbl_01378,dlk_tbl_02881,std_tbl_01883,dash_tbl_02057;8;proc_tbl_01654,proc_tbl_01882,gob_tbl_02221,dlk_tbl_02961,gob_tbl_00830,gob_ext_00160,gob_ext_00407,dash_ext_00418
dlk_proceso_0396;2;proc_tbl_00428,dlk_tbl_00905;5;gob_tbl_00935,gob_tbl_02424,dlk_tbl_00953,proc_ext_00517,gob_ext_00451
proc_proceso_0397;2;dlk_tbl_02346,proc_tbl_00698;9;gob_tbl_02501,gob_tbl_01692,gob_tbl_00327,dlk_tbl_03033,dlk_tbl_00959,proc_ext_00401,dlk_ext_00177,dash_ext_00271,std_ext_00587
gob_proceso_0398;3;proc_tbl_00977,gob_tbl_01501,dlk_tbl_03244;13;gob_tbl_02579,std_tbl_02843,dlk_tbl_01669,dlk_tbl_03128,dash_tbl_02010,dlk_tbl_02948,gob_tbl_02042,gob_ext_00622,dlk_ext_00073,gob_ext_00114,dlk_ext_00228,dlk_ext_00182,dlk_ext_00514
dlk_proceso_0399;6;proc_tbl_03028,proc_tbl_00116,m4vw_tbl_01612,dash_tbl_00315,std_tbl_02384,dlk_tbl_01579;21;gob_tbl_02480,dlk_tbl_01186,proc_tbl_00983,dlk_tbl_01717,gob_tbl_02579,proc_tbl_00511,dlk_tbl_00225,gob_tbl_00071,gob_tbl_02972,gob_tbl_01549,dlk_tbl_01204,gob_tbl_01648,proc_ext_00373,proc_ext_00506,dlk_ext_00314,gob_ext_00399,dlk_ext_00601,gob_ext_00458,proc_ext_00505,proc_ext_00362,proc_ext_00552
dlk_proceso_0400;3;dlk_tbl_02285,gob_tbl_01346,gob_tbl_03200;6;dlk_tbl_00330,dlk_tbl_00200,dlk_tbl_01960,std_ext_00427,dlk_ext_00035,proc_ext_00411
dlk_proceso_0401;5;proc_tbl_00763,dlk_tbl_02832,proc_tbl_02503,dlk_tbl_01775,dlk_tbl_02614;11;dlk_tbl_00955,gob_tbl_00441,dlk_tbl_01107,dlk_tbl_03184,gob_tbl_03072,gob_tbl_01490,dlk_ext_00305,gob_ext_00460,dlk_ext_00524,gob_ext_00359,dlk_ext_00601
gob_proceso_0402;5;dash_tbl_01732,dlk_tbl_02562,proc_tbl_01459,gob_tbl_01425,dlk_tbl_03055;8;gob_tbl_02698,dash_tbl_02470,gob_tbl_02100,gob_tbl_01309,dlk_tbl_03038,dlk_ext_00180,gob_ext_00178,dlk_ext_00008
dlk_proceso_0403;5;dash_tbl_00871,proc_tbl_00020,gob_tbl_02051,dlk_tbl_02789,gob_tbl_01203;7;gob_tbl_03132,gob_tbl_01802,dash_tbl_02044,dlk_tbl_02045,dlk_ext_00624,dlk_ext_00485,dlk_ext_00222
gob_proceso_0404;2;std_tbl_00543,dash_tbl_01735;10;proc_tbl_02178,m4sco_tbl_00206,std_tbl_02205,std_tbl_02011,proc_tbl_02750,gob_tbl_00723,gob_ext_00357,gob_ext_00178,gob_ext_00458,dlk_ext_00035
dlk_proceso_0405;2;gob_tbl_01742,dash_tbl_01600;15;dlk_tbl_00110,dlk_tbl_01186,gob_tbl_02358,gob_tbl_03048,dlk_tbl_02770,proc_tbl_03216,dlk_tbl_00515,gob_tbl_02249,gob_tbl_00901,gob_ext_00244,m4sco_ext_00041,dlk_ext_00378,proc_ext_00188,dlk_ext_00524,dlk_ext_00337
gob_proceso_0406;4;gob_tbl_02242,dlk_tbl_02538,dlk_tbl_02573,gob_tbl_02518;13;gob_tbl_01260,m4sco_tbl_02850,dlk_tbl_02213,gob_tbl_00041,proc_tbl_01327,dlk_tbl_00676,dlk_tbl_03165,dlk_ext_00462,dlk_ext_00573,proc_ext_00247,gob_ext_00110,gob_ext_00055,dlk_ext_00380
dlk_proceso_0407;3;gob_tbl_02968,dlk_tbl_00831,dlk_tbl_01512;12;gob_tbl_01554,gob_tbl_02821,gob_tbl_01900,proc_tbl_01062,dlk_tbl_01650,dlk_tbl_01295,gob_tbl_02845,dlk_ext_00222,dlk_ext_00441,proc_ext_00124,dlk_ext_00522,gob_ext_00110
dlk_proceso_0408;2;gob_tbl_01334,gob_tbl_02165;15;gob_tbl_01373,dlk_tbl_00726,dlk_tbl_00128,dash_tbl_00568,gob_tbl_01501,gob_tbl_01498,dlk_tbl_02701,gob_tbl_02139,dlk_tbl_01632,gob_ext_00374,gob_ext_00161,dlk_ext_00023,gob_ext_00166,proc_ext_00416,gob_ext_00322
dash_proceso_0409;4;dlk_tbl_00662,gob_tbl_01706,gob_tbl_02012,gob_tbl_02493;5;proc_tbl_01069,m4vw_tbl_03021,gob_tbl_02900,ppn_ext_00117,proc_ext_00416
gob_proceso_0410;6;dlk_tbl_01015,dlk_tbl_02166,gob_tbl_01530,dash_tbl_00332,gob_tbl_01113,gob_tbl_01079;12;proc_tbl_00457,dlk_tbl_02600,dash_tbl_01670,dash_tbl_00317,m4sco_tbl_02357,proc_tbl_03112,gob_tbl_02424,gob_ext_00383,dlk_ext_00037,gob_ext_00592,std_ext_00343,dlk_ext_00087
gob_proceso_0411;8;dlk_tbl_00053,dash_tbl_00995,dlk_tbl_01350,dlk_tbl_01370,dlk_tbl_02813,gob_tbl_02533,dlk_tbl_01183,gob_tbl_02353;24;gob_tbl_02245,dlk_tbl_02632,m4sco_tbl_02646,gob_tbl_02305,dlk_tbl_00782,dlk_tbl_02876,gob_tbl_02113,gob_tbl_01930,gob_tbl_02810,proc_tbl_01777,gob_tbl_02438,proc_tbl_00101,dlk_tbl_01300,dlk_tbl_00650,dlk_ext_00084,dlk_ext_00061,dash_ext_00027,gob_ext_00368,proc_ext_00046,gob_ext_00004,m4sco_ext_00453,m4sco_ext_00456,m4vw_ext_00249,gob_ext_00115
dlk_proceso_0412;6;gob_tbl_00264,gob_tbl_00628,proc_tbl_00810,proc_tbl_01627,dlk_tbl_02929,gob_tbl_00786;10;dlk_tbl_02798,dlk_tbl_01422,gob_tbl_02444,dlk_tbl_01570,gob_tbl_02297,proc_tbl_01032,m4vw_ext_00226,dlk_ext_00485,gob_ext_00443,proc_ext_00350
gob_proceso_0413;3;gob_tbl_02438,proc_tbl_00439,dlk_tbl_00716;13;gob_tbl_02900,gob_tbl_01324,proc_tbl_00816,dlk_tbl_00882,dlk_tbl_02908,proc_tbl_02954,dlk_tbl_00515,proc_ext_00376,dlk_ext_00305,proc_ext_00536,gob_ext_00572,gob_ext_00567,gob_ext_00074
dlk_proceso_0414;4;gob_tbl_02334,gob_tbl_02772,dlk_tbl_01558,gob_tbl_01405;9;dlk_tbl_00342,dlk_tbl_02498,gob_tbl_02501,dlk_tbl_01408,std_tbl_00194,dlk_ext_00348,std_ext_00588,dlk_ext_00601,std_ext_00310
dash_proceso_0415;8;ppn_tbl_02125,gob_tbl_02423,dlk_tbl_00456,gob_tbl_02736,dlk_tbl_01305,gob_tbl_02197,proc_tbl_01380,proc_tbl_00850;23;dlk_tbl_03119,gob_tbl_00035,m4sco_tbl_00383,proc_tbl_02888,dlk_tbl_03045,proc_tbl_00222,gob_tbl_02008,proc_tbl_01103,proc_tbl_00948,proc_tbl_01920,proc_tbl_02534,gob_tbl_01326,gob_tbl_00114,gob_ext_00004,dlk_ext_00031,proc_ext_00189,proc_ext_00201,dlk_ext_00618,m4sco_ext_00453,gob_ext_00280,dash_ext_00459,gob_ext_00344,gob_ext_00537
gob_proceso_0416;3;gob_tbl_00484,m4vw_tbl_01542,proc_tbl_03269;17;dlk_tbl_02328,dlk_tbl_02789,gob_tbl_01892,dlk_tbl_02778,dlk_tbl_02833,gob_tbl_00779,gob_tbl_01701,proc_tbl_02836,gob_tbl_03057,proc_tbl_02286,proc_ext_00492,proc_ext_00439,gob_ext_00192,std_ext_00343,gob_ext_00432,dlk_ext_00006,dlk_ext_00261
dlk_proceso_0417;3;dlk_tbl_02465,m4vw_tbl_01366,dash_tbl_00605;11;gob_tbl_01001,gob_tbl_01569,gob_tbl_02117,dash_tbl_02641,dlk_tbl_00504,dlk_tbl_00731,dlk_ext_00062,gob_ext_00076,gob_ext_00244,dlk_ext_00339,dlk_ext_00155
dlk_proceso_0418;3;std_tbl_02021,std_tbl_01755,dlk_tbl_00117;9;dlk_tbl_00456,dash_tbl_01600,gob_tbl_00429,dlk_tbl_02653,dlk_tbl_02248,dlk_ext_00618,proc_ext_00234,gob_ext_00477,gob_ext_00069
dlk_proceso_0419;2;proc_tbl_00459,std_tbl_00392;13;dash_tbl_02590,gob_tbl_03160,gob_tbl_01926,dlk_tbl_00306,dash_tbl_02795,dlk_tbl_02234,dash_tbl_00605,dlk_ext_00155,gob_ext_00069,proc_ext_00571,proc_ext_00626,gob_ext_00547,gob_ext_00170
proc_proceso_0420;5;gob_tbl_02886,gob_tbl_01572,proc_tbl_00328,gob_tbl_02768,dlk_tbl_00412;7;proc_tbl_00840,gob_tbl_03158,gob_tbl_02114,gob_tbl_02391,proc_ext_00198,gob_ext_00357,gob_ext_00438
proc_proceso_0421;4;dlk_tbl_00594,gob_tbl_00371,dlk_tbl_01750,dlk_tbl_00345;9;proc_tbl_00566,proc_tbl_00390,gob_tbl_01827,gob_tbl_01957,dlk_tbl_02182,m4sco_ext_00453,dlk_ext_00195,gob_ext_00419,m4vw_ext_00232
dlk_proceso_0422;3;proc_tbl_00297,gob_tbl_01399,gob_tbl_03126;13;dlk_tbl_02116,gob_tbl_01150,gob_tbl_02035,gob_tbl_01928,dlk_tbl_02415,dlk_tbl_01017,dlk_tbl_01215,dlk_ext_00237,dlk_ext_00551,gob_ext_00432,dash_ext_00193,gob_ext_00162,proc_ext_00231
proc_proceso_0423;2;dlk_tbl_03116,dlk_tbl_01993;6;gob_tbl_02475,dlk_tbl_00252,std_tbl_01067,proc_ext_00363,dlk_ext_00521,gob_ext_00357
dlk_proceso_0424;5;gob_tbl_01737,dash_tbl_00334,gob_tbl_01469,dlk_tbl_02979,proc_tbl_02884;7;dlk_tbl_01997,dlk_tbl_00831,gob_tbl_03190,dash_tbl_00909,dlk_ext_00610,std_ext_00134,gob_ext_00160
dlk_proceso_0425;6;gob_tbl_02607,dlk_tbl_03015,proc_tbl_02466,dlk_tbl_01441,dlk_tbl_00751,gob_tbl_00990;5;dash_tbl_02063,dlk_tbl_03001,gob_tbl_00744,dlk_ext_00197,dlk_ext_00510
dlk_proceso_0426;2;proc_tbl_00566,std_tbl_02536;15;gob_tbl_00949,gob_tbl_00446,gob_tbl_00056,proc_tbl_00390,dlk_tbl_00731,gob_tbl_02566,dlk_tbl_01404,m4vw_tbl_03264,gob_tbl_02972,gob_ext_00223,gob_ext_00483,dash_ext_00263,proc_ext_00517,gob_ext_00113,dlk_ext_00299
dash_proceso_0427;4;gob_tbl_03079,dlk_tbl_00504,gob_tbl_00151,ppn_tbl_00448;7;gob_tbl_01172,proc_tbl_02954,proc_tbl_01027,gob_tbl_02235,gob_ext_00415,gob_ext_00538,gob_ext_00572
gob_proceso_0428;3;dlk_tbl_00999,gob_tbl_00652,gob_tbl_02937;12;m4vw_tbl_02598,gob_tbl_01523,dlk_tbl_02833,dlk_tbl_00940,gob_tbl_00864,dlk_tbl_02702,dash_tbl_00581,gob_ext_00406,gob_ext_00003,gob_ext_00250,gob_ext_00160,proc_ext_00490
dash_proceso_0429;4;dlk_tbl_00271,proc_tbl_01060,dash_tbl_02546,gob_tbl_00950;12;dlk_tbl_02367,std_tbl_00372,dlk_tbl_02307,dlk_tbl_03113,gob_tbl_02475,dlk_tbl_00402,dash_tbl_01464,gob_ext_00419,proc_ext_00231,gob_ext_00559,dlk_ext_00585,dlk_ext_00597
dlk_proceso_0430;6;proc_tbl_02168,dlk_tbl_03253,gob_tbl_02229,gob_tbl_02332,proc_tbl_02364,proc_tbl_00461;15;gob_tbl_01700,gob_tbl_02035,dlk_tbl_01794,dlk_tbl_00250,dash_tbl_02590,dlk_tbl_02950,dlk_tbl_00955,gob_tbl_00714,gob_tbl_00295,dash_ext_00575,dlk_ext_00010,dlk_ext_00237,proc_ext_00231,gob_ext_00162,dlk_ext_00618
dlk_proceso_0431;5;gob_tbl_00849,gob_tbl_00287,dlk_tbl_00433,dlk_tbl_01444,dlk_tbl_00844;19;dlk_tbl_03210,m4sco_tbl_00206,gob_tbl_02393,gob_tbl_00740,gob_tbl_01792,gob_tbl_01769,dash_tbl_02624,gob_tbl_03237,dlk_tbl_02084,dlk_tbl_00838,dlk_tbl_00454,proc_ext_00505,dlk_ext_00424,proc_ext_00544,dash_ext_00263,dash_ext_00535,dlk_ext_00225,dlk_ext_00171,std_ext_00588
gob_proceso_0432;2;dlk_tbl_00540,dlk_tbl_02879;12;gob_tbl_03048,proc_tbl_02902,dlk_tbl_01506,gob_tbl_01692,gob_tbl_02579,proc_tbl_00365,dash_tbl_02795,proc_ext_00151,dlk_ext_00094,dlk_ext_00154,gob_ext_00282,gob_ext_00043
dlk_proceso_0433;3;dlk_tbl_01386,dlk_tbl_01925,gob_tbl_00688;13;gob_tbl_00460,proc_tbl_00159,gob_tbl_02436,gob_tbl_01494,gob_tbl_00981,proc_tbl_01998,proc_tbl_00185,dlk_ext_00065,gob_ext_00516,dlk_ext_00068,dlk_ext_00037,dash_ext_00236,dlk_ext_00378
gob_proceso_0434;4;gob_tbl_00753,dash_tbl_00554,dlk_tbl_03103,gob_tbl_00298;7;gob_tbl_01548,gob_tbl_01376,proc_tbl_03205,proc_tbl_02312,proc_ext_00466,gob_ext_00436,dlk_ext_00104
gob_proceso_0435;4;gob_tbl_00671,m4vw_tbl_02029,dlk_tbl_00233,dlk_tbl_00169;9;dlk_tbl_02416,proc_tbl_03076,std_tbl_00528,dlk_tbl_02559,dlk_tbl_02026,dlk_ext_00062,dlk_ext_00153,gob_ext_00276,proc_ext_00411
gob_proceso_0436;3;dash_tbl_02076,proc_tbl_01972,dlk_tbl_02463;15;ppn_tbl_01951,dlk_tbl_02882,proc_tbl_00618,gob_tbl_01991,dlk_tbl_02163,gob_tbl_01798,proc_tbl_02681,dlk_tbl_01826,gob_tbl_00911,dlk_ext_00094,gob_ext_00217,gob_ext_00185,dlk_ext_00054,dash_ext_00426,proc_ext_00552
proc_proceso_0437;6;proc_tbl_01202,gob_tbl_01939,proc_tbl_00199,dash_tbl_03220,std_tbl_00363,dlk_tbl_02222;10;proc_tbl_01437,std_tbl_02331,dlk_tbl_01134,proc_tbl_00728,gob_tbl_01904,gob_tbl_00972,dlk_ext_00087,gob_ext_00275,proc_ext_00533,dlk_ext_00142
gob_proceso_0438;3;gob_tbl_01578,dlk_tbl_02721,proc_tbl_02610;11;dash_tbl_02076,dlk_tbl_02964,dlk_tbl_03184,dlk_tbl_01255,dlk_tbl_02020,dlk_tbl_00200,dlk_ext_00241,dlk_ext_00328,dlk_ext_00073,dlk_ext_00583,gob_ext_00217
dash_proceso_0439;3;gob_tbl_02385,gob_tbl_01589,dlk_tbl_01516;13;dlk_tbl_01351,dlk_tbl_02387,dlk_tbl_03163,gob_tbl_00123,gob_tbl_01040,gob_tbl_01513,gob_tbl_03142,dlk_ext_00545,dlk_ext_00150,gob_ext_00051,dash_ext_00263,proc_ext_00064,dlk_ext_00084
dlk_proceso_0440;3;dlk_tbl_02898,dlk_tbl_01017,dlk_tbl_01308;4;gob_tbl_01907,dlk_tbl_00053,gob_ext_00474,proc_ext_00517
dash_proceso_0441;4;dlk_tbl_00936,proc_tbl_00565,gob_tbl_01985,dash_tbl_02658;12;m4vw_tbl_00631,std_tbl_02536,dlk_tbl_02560,dlk_tbl_00493,std_tbl_01225,dlk_tbl_00070,gob_tbl_00549,proc_ext_00561,dlk_ext_00261,dlk_ext_00173,dlk_ext_00007,gob_ext_00161
gob_proceso_0442;6;dlk_tbl_02686,gob_tbl_03134,gob_tbl_01797,dlk_tbl_01321,gob_tbl_02365,dlk_tbl_02666;10;gob_tbl_01390,proc_tbl_03265,gob_tbl_02785,dlk_tbl_03106,proc_tbl_00693,proc_tbl_01642,dlk_ext_00404,proc_ext_00056,gob_ext_00292,dlk_ext_00116
gob_proceso_0443;4;m4vw_tbl_01834,gob_tbl_03068,dlk_tbl_01170,gob_tbl_02452;12;gob_tbl_00165,proc_tbl_02488,dash_tbl_02641,dlk_tbl_03002,dlk_tbl_00780,dlk_tbl_01750,dlk_tbl_01011,gob_ext_00165,gob_ext_00083,gob_ext_00324,dlk_ext_00601,gob_ext_00572
dash_proceso_0444;6;gob_tbl_02745,proc_tbl_00159,gob_tbl_00137,dlk_tbl_02098,dlk_tbl_01547,gob_tbl_02447;13;dlk_tbl_00046,gob_tbl_01636,gob_tbl_01399,dlk_tbl_01321,proc_tbl_00840,dlk_tbl_03015,proc_tbl_01139,dlk_ext_00033,proc_ext_00086,proc_ext_00363,gob_ext_00497,dlk_ext_00182,dlk_ext_00455
dlk_proceso_0445;4;dlk_tbl_01244,dlk_tbl_01407,gob_tbl_02046,dlk_tbl_02309;6;gob_tbl_02818,gob_tbl_02165,gob_tbl_00765,dlk_ext_00104,gob_ext_00329,dlk_ext_00087
dlk_proceso_0446;5;proc_tbl_03152,dlk_tbl_00301,gob_tbl_00447,std_tbl_02184,m4sco_tbl_03178;8;gob_tbl_02227,gob_tbl_01700,gob_tbl_00614,dash_tbl_00899,proc_tbl_01998,dlk_ext_00274,gob_ext_00115,gob_ext_00433
gob_proceso_0447;2;gob_tbl_03101,gob_tbl_02140;15;dlk_tbl_01188,dlk_tbl_02596,dlk_tbl_01586,dlk_tbl_02555,gob_tbl_01254,gob_tbl_00343,dlk_tbl_02363,dlk_tbl_02982,proc_tbl_01184,gob_ext_00192,gob_ext_00593,std_ext_00588,dash_ext_00120,m4sco_ext_00602,dash_ext_00027
dlk_proceso_0448;4;m4sco_tbl_00206,dlk_tbl_00104,gob_tbl_02358,dlk_tbl_00006;7;dlk_tbl_00851,dlk_tbl_02661,dlk_tbl_00540,gob_tbl_00501,dlk_ext_00104,dash_ext_00599,gob_ext_00309
proc_proceso_0449;2;gob_tbl_02818,gob_tbl_02359;10;dash_tbl_00331,gob_tbl_01977,gob_tbl_03042,dlk_tbl_01229,gob_tbl_02905,gob_tbl_02927,dlk_ext_00006,proc_ext_00401,proc_ext_00506,dlk_ext_00462
proc_proceso_0450;6;gob_tbl_02543,dlk_tbl_02509,dlk_tbl_01779,dlk_tbl_02397,gob_tbl_01551,gob_tbl_02648;10;proc_tbl_01247,proc_tbl_01878,dlk_tbl_02629,gob_tbl_02018,dlk_tbl_03128,gob_tbl_02224,dlk_ext_00237,dlk_ext_00020,dlk_ext_00057,dash_ext_00053
dash_proceso_0451;3;gob_tbl_02664,dash_tbl_03145,gob_tbl_02525;14;gob_tbl_01117,dlk_tbl_00555,dlk_tbl_02529,gob_tbl_02256,gob_tbl_00501,gob_tbl_01926,dash_tbl_00331,gob_tbl_01221,dlk_ext_00610,dlk_ext_00155,dlk_ext_00039,proc_ext_00077,dlk_ext_00026,dlk_ext_00149
dash_proceso_0452;2;gob_tbl_03032,proc_tbl_00681;13;gob_tbl_00846,gob_tbl_03206,gob_tbl_00051,gob_tbl_01341,dlk_tbl_01794,dlk_tbl_01229,gob_tbl_00429,m4sco_ext_00453,gob_ext_00596,dlk_ext_00062,dlk_ext_00520,dash_ext_00613,gob_ext_00206
dlk_proceso_0453;2;dlk_tbl_01478,dlk_tbl_01009;8;std_tbl_02280,dlk_tbl_01734,gob_tbl_02279,gob_tbl_01703,dlk_tbl_01141,dlk_ext_00061,dlk_ext_00154,gob_ext_00011
dlk_proceso_0454;5;gob_tbl_01769,ppn_tbl_00174,dlk_tbl_00285,gob_tbl_01661,gob_tbl_00640;14;dash_tbl_01284,dash_tbl_00602,proc_tbl_00283,dlk_tbl_01186,gob_tbl_02973,proc_tbl_02466,proc_tbl_02534,gob_tbl_00972,proc_ext_00086,proc_ext_00401,gob_ext_00288,proc_ext_00505,dlk_ext_00148,gob_ext_00458
dlk_proceso_0455;5;proc_tbl_01897,gob_tbl_01938,gob_tbl_01318,gob_tbl_02214,dash_tbl_00502;14;dash_tbl_03124,dash_tbl_01063,dlk_tbl_03217,m4vw_tbl_02598,dlk_tbl_02707,dlk_tbl_01251,dlk_tbl_03162,dash_tbl_03166,proc_ext_00363,gob_ext_00217,gob_ext_00504,m4sco_ext_00211,gob_ext_00194,dlk_ext_00228
dlk_proceso_0456;4;dlk_tbl_02116,dash_tbl_01149,std_tbl_02418,dlk_tbl_01484;10;proc_tbl_01360,dlk_tbl_01686,gob_tbl_00419,proc_tbl_03229,dlk_tbl_01586,proc_tbl_03076,dlk_ext_00286,proc_ext_00188,proc_ext_00525,proc_ext_00362
dlk_proceso_0457;6;gob_tbl_00619,proc_tbl_02692,proc_tbl_00280,gob_tbl_00056,proc_tbl_02749,gob_tbl_02233;11;gob_tbl_02980,proc_tbl_00461,gob_tbl_02457,dlk_tbl_00019,proc_tbl_01139,proc_tbl_02591,dlk_ext_00409,dlk_ext_00454,gob_ext_00115,dlk_ext_00512,gob_ext_00204
gob_proceso_0458;5;gob_tbl_02003,dlk_tbl_01962,gob_tbl_03164,gob_tbl_00856,gob_tbl_02547;13;std_tbl_02011,gob_tbl_01376,dlk_tbl_00162,dlk_tbl_00496,dash_tbl_01174,dlk_tbl_00575,dlk_tbl_02182,dlk_ext_00519,gob_ext_00275,dlk_ext_00037,dlk_ext_00455,gob_ext_00572,gob_ext_00185
dlk_proceso_0459;3;gob_tbl_02729,gob_tbl_00777,gob_tbl_02698;8;proc_tbl_00850,proc_tbl_01942,m4vw_tbl_01283,proc_tbl_01357,dlk_tbl_02187,dlk_ext_00097,dlk_ext_00182,proc_ext_00472
dlk_proceso_0460;4;dash_tbl_01462,gob_tbl_02039,gob_tbl_00946,proc_tbl_01357;8;dlk_tbl_01215,proc_tbl_02204,dlk_tbl_03062,proc_tbl_01541,proc_tbl_00101,gob_ext_00366,dlk_ext_00116,dash_ext_00263
gob_proceso_0461;5;gob_tbl_01526,gob_tbl_01423,proc_tbl_00589,gob_tbl_00708,dash_tbl_01258;14;gob_tbl_00714,dlk_tbl_02407,ppn_tbl_01169,gob_tbl_00972,std_tbl_01674,dlk_tbl_01112,gob_tbl_01645,ppn_tbl_01565,m4sco_ext_00059,gob_ext_00279,proc_ext_00327,proc_ext_00598,gob_ext_00205,dlk_ext_00054
proc_proceso_0462;4;gob_tbl_02224,dlk_tbl_00559,dlk_tbl_00603,dlk_tbl_02299;8;gob_tbl_03085,dlk_tbl_02335,dlk_tbl_02961,proc_tbl_02652,gob_tbl_02621,gob_ext_00381,gob_ext_00162,proc_ext_00158
dlk_proceso_0463;4;dlk_tbl_01966,dash_tbl_00893,gob_tbl_02991,dlk_tbl_01197;7;proc_tbl_02885,gob_tbl_00346,gob_tbl_00949,dlk_tbl_00106,dash_ext_00352,gob_ext_00028,dlk_ext_00155
proc_proceso_0464;7;dlk_tbl_00828,std_tbl_02121,proc_tbl_02557,dlk_tbl_02267,gob_tbl_02160,gob_tbl_01182,dlk_tbl_01179;6;gob_tbl_01191,gob_tbl_02358,dlk_tbl_02476,proc_ext_00403,dlk_ext_00177,dlk_ext_00196
dash_proceso_0465;4;dlk_tbl_00445,dlk_tbl_01905,dlk_tbl_00825,dlk_tbl_02630;13;proc_tbl_02178,proc_tbl_02068,gob_tbl_01341,dlk_tbl_00751,dlk_tbl_01581,proc_tbl_03280,dlk_tbl_02486,dlk_ext_00519,m4vw_ext_00207,dlk_ext_00184,dlk_ext_00084,dlk_ext_00617,proc_ext_00188
dlk_proceso_0466;3;gob_tbl_02959,gob_tbl_00153,dash_tbl_01933;9;gob_tbl_00806,proc_tbl_03014,proc_tbl_00142,dlk_tbl_01573,dlk_tbl_03127,gob_ext_00070,proc_ext_00100,gob_ext_00572,dlk_ext_00321
gob_proceso_0467;5;gob_tbl_01846,dlk_tbl_03108,dlk_tbl_01713,dash_tbl_00802,gob_tbl_01892;17;dlk_tbl_01080,gob_tbl_00790,dlk_tbl_02014,dlk_tbl_00427,dash_tbl_02855,gob_tbl_01234,gob_tbl_01433,dlk_tbl_01936,gob_tbl_02896,gob_tbl_02144,dlk_ext_00241,gob_ext_00374,proc_ext_00431,dlk_ext_00618,dlk_ext_00037,proc_ext_00525,dlk_ext_00255
dlk_proceso_0468;6;proc_tbl_03067,gob_tbl_00129,dlk_tbl_02376,dlk_tbl_01086,dlk_tbl_00493,m4sco_tbl_01781;16;dlk_tbl_02555,gob_tbl_02972,dlk_tbl_01838,gob_tbl_00469,std_tbl_00279,gob_tbl_01648,gob_tbl_01725,dash_tbl_02063,proc_tbl_03011,proc_ext_00247,gob_ext_00205,gob_ext_00165,dlk_ext_00321,gob_ext_00415,gob_ext_00028,dlk_ext_00304
gob_proceso_0469;4;dlk_tbl_00423,dash_tbl_00017,dlk_tbl_01280,gob_tbl_02603;9;gob_tbl_00918,dlk_tbl_01005,dash_tbl_01640,proc_tbl_03100,dash_tbl_00878,proc_ext_00431,dlk_ext_00196,dlk_ext_00239,dlk_ext_00047
dlk_proceso_0470;2;gob_tbl_02871,gob_tbl_02732;9;gob_tbl_02953,std_tbl_02955,dlk_tbl_02650,gob_tbl_02315,std_tbl_00528,std_ext_00307,dlk_ext_00388,gob_ext_00076,dlk_ext_00035
dlk_proceso_0471;8;dash_tbl_02795,dlk_tbl_03027,gob_tbl_02472,gob_tbl_03005,dlk_tbl_03153,dlk_tbl_01854,std_tbl_02247,gob_tbl_02117;10;gob_tbl_02655,proc_tbl_02903,dash_tbl_00995,dlk_tbl_02673,proc_tbl_00387,proc_tbl_01910,gob_ext_00045,std_ext_00307,gob_ext_00216,gob_ext_00546
proc_proceso_0472;2;gob_tbl_01722,gob_tbl_00482;12;gob_tbl_00044,gob_tbl_00754,gob_tbl_00847,std_tbl_03136,dlk_tbl_00046,gob_tbl_00597,gob_tbl_01014,dlk_ext_00319,proc_ext_00318,std_ext_00296,std_ext_00526,gob_ext_00043
proc_proceso_0473;3;m4vw_tbl_02967,dlk_tbl_00745,gob_tbl_00002;9;gob_tbl_02810,proc_tbl_02207,gob_tbl_02423,dlk_tbl_00996,dlk_tbl_02586,dlk_ext_00209,m4vw_ext_00465,proc_ext_00188,proc_ext_00416
proc_proceso_0474;6;dlk_tbl_00613,dlk_tbl_00402,gob_tbl_00304,dlk_tbl_00812,dlk_tbl_01299,dlk_tbl_00229;10;dlk_tbl_00929,dlk_tbl_01741,ppn_tbl_00869,proc_tbl_02847,proc_tbl_01327,gob_tbl_03252,dash_ext_00120,proc_ext_00363,dlk_ext_00325,gob_ext_00176
dlk_proceso_0475;8;dlk_tbl_03208,dlk_tbl_01465,gob_tbl_02870,proc_tbl_02130,proc_tbl_02531,gob_tbl_02699,proc_tbl_02803,proc_tbl_03205;23;gob_tbl_01431,dlk_tbl_02026,gob_tbl_02093,gob_tbl_03147,gob_tbl_02194,ppn_tbl_01094,proc_tbl_01804,dlk_tbl_01506,proc_tbl_03150,dlk_tbl_03015,dlk_tbl_01018,dlk_tbl_01579,dash_tbl_01344,std_ext_00372,gob_ext_00070,proc_ext_00364,dlk_ext_00096,std_ext_00310,dlk_ext_00174,gob_ext_00092,gob_ext_00175,dash_ext_00080,proc_ext_00318
dlk_proceso_0476;3;std_tbl_01630,dlk_tbl_00360,dlk_tbl_00938;13;gob_tbl_00708,gob_tbl_00002,gob_tbl_02991,gob_tbl_01898,gob_tbl_01687,m4sco_tbl_00206,dash_tbl_01063,gob_ext_00530,gob_ext_00224,proc_ext_00472,gob_ext_00368,proc_ext_00277,gob_ext_00217
dlk_proceso_0477;5;proc_tbl_03227,dlk_tbl_02037,gob_tbl_01990,proc_tbl_01050,dlk_tbl_00912;8;std_tbl_02121,gob_tbl_00615,dlk_tbl_00916,gob_tbl_00319,gob_tbl_00561,dash_ext_00283,proc_ext_00396,gob_ext_00107
proc_proceso_0478;3;dlk_tbl_00293,gob_tbl_03171,dlk_tbl_02337;13;dlk_tbl_00967,gob_tbl_02167,gob_tbl_03069,dlk_tbl_01082,dlk_tbl_00336,dash_tbl_01174,gob_tbl_01806,gob_ext_00166,dlk_ext_00008,dlk_ext_00270,gob_ext_00074,dash_ext_00027,gob_ext_00114
dlk_proceso_0479;6;gob_tbl_01802,proc_tbl_03179,proc_tbl_02207,dash_tbl_00761,proc_tbl_01081,dlk_tbl_02983;9;dlk_tbl_02326,dlk_tbl_00106,dlk_tbl_00716,gob_tbl_02936,dash_tbl_00878,std_ext_00476,proc_ext_00552,dlk_ext_00273,dlk_ext_00485
proc_proceso_0480;5;dlk_tbl_03165,std_tbl_01116,gob_tbl_02507,dlk_tbl_00205,gob_tbl_02375;8;gob_tbl_00478,dlk_tbl_03244,gob_tbl_00654,gob_tbl_00979,dlk_tbl_02445,m4vw_ext_00207,proc_ext_00561,dlk_ext_00087
dlk_proceso_0481;5;gob_tbl_02874,dlk_tbl_02415,gob_tbl_00014,gob_tbl_02049,dlk_tbl_02555;13;gob_tbl_02716,dlk_tbl_01838,dlk_tbl_02271,proc_tbl_02511,dlk_tbl_00967,m4sco_tbl_00206,gob_tbl_01907,proc_ext_00151,dash_ext_00377,dlk_ext_00182,gob_ext_00160,gob_ext_00048,dlk_ext_00591
dash_proceso_0482;2;gob_tbl_01807,gob_tbl_02981;7;proc_tbl_02506,gob_tbl_02748,proc_tbl_00750,m4sco_tbl_02646,gob_ext_00011,dlk_ext_00267,gob_ext_00115
proc_proceso_0483;2;proc_tbl_00816,dlk_tbl_03046;20;gob_tbl_01522,dlk_tbl_01968,dash_tbl_03124,dlk_tbl_03106,dlk_tbl_00956,std_tbl_02384,gob_tbl_02699,dlk_tbl_00749,dlk_tbl_00288,dlk_tbl_03075,dlk_tbl_01560,dlk_tbl_02345,proc_ext_00431,proc_ext_00042,gob_ext_00166,gob_ext_00564,dlk_ext_00171,proc_ext_00364,proc_ext_00544,dlk_ext_00197
dlk_proceso_0484;5;proc_tbl_03117,dlk_tbl_01982,dlk_tbl_00570,gob_tbl_00723,gob_tbl_02350;15;dash_tbl_00027,dlk_tbl_01422,dlk_tbl_03121,gob_tbl_00039,proc_tbl_01751,dash_tbl_00425,gob_tbl_03147,proc_tbl_03271,dlk_tbl_03115,dlk_ext_00462,proc_ext_00401,dash_ext_00135,gob_ext_00004,gob_ext_00125,std_ext_00526
dlk_proceso_0485;6;dlk_tbl_01741,proc_tbl_00390,proc_tbl_02797,ppn_tbl_01250,gob_tbl_00210,dlk_tbl_00538;11;gob_tbl_02050,proc_tbl_02704,dlk_tbl_00200,gob_tbl_01761,gob_tbl_03147,gob_tbl_00804,dash_ext_00511,std_ext_00134,dlk_ext_00031,proc_ext_00466,gob_ext_00357
dlk_proceso_0486;2;proc_tbl_00486,gob_tbl_01023;6;dlk_tbl_03159,gob_tbl_01725,proc_tbl_01751,gob_ext_00322,gob_ext_00203,std_ext_00307
dash_proceso_0487;5;gob_tbl_00567,dlk_tbl_02556,dlk_tbl_01391,gob_tbl_00968,gob_tbl_00524;7;dash_tbl_00254,dash_tbl_00871,std_tbl_03219,dlk_tbl_01251,dlk_ext_00601,dash_ext_00193,gob_ext_00546
dash_proceso_0488;6;m4vw_tbl_02284,dlk_tbl_00239,dlk_tbl_01105,m4vw_tbl_00994,dash_tbl_00294,dlk_tbl_02232;10;gob_tbl_00714,ppn_tbl_01565,proc_tbl_02265,std_tbl_01097,dlk_tbl_02388,gob_tbl_00501,proc_ext_00376,dlk_ext_00347,proc_ext_00212,gob_ext_00412
gob_proceso_0489;3;gob_tbl_02999,gob_tbl_00062,dlk_tbl_03029;17;m4sco_tbl_01482,gob_tbl_01474,gob_tbl_02947,gob_tbl_02420,gob_tbl_01494,dlk_tbl_00326,gob_tbl_01266,dlk_tbl_03103,dlk_tbl_01747,dlk_tbl_00330,dlk_ext_00591,dlk_ext_00209,gob_ext_00292,proc_ext_00001,dlk_ext_00008,gob_ext_00214,dlk_ext_00618
gob_proceso_0490;3;dlk_tbl_02476,gob_tbl_00546,dlk_tbl_00047;9;gob_tbl_01657,gob_tbl_01355,gob_tbl_01498,gob_tbl_00919,proc_tbl_02626,dlk_ext_00179,dlk_ext_00551,proc_ext_00334,gob_ext_00609
dlk_proceso_0491;6;gob_tbl_01770,dlk_tbl_03128,proc_tbl_02492,gob_tbl_02461,gob_tbl_02946,gob_tbl_02539;6;dlk_tbl_02842,proc_tbl_01103,dash_tbl_01933,m4vw_ext_00226,gob_ext_00166,proc_ext_00472
dlk_proceso_0492;3;proc_tbl_02595,dlk_tbl_00616,proc_tbl_00895;9;dlk_tbl_01041,gob_tbl_02405,dlk_tbl_03038,gob_tbl_00692,dlk_tbl_00089,dlk_ext_00510,dlk_ext_00155,dlk_ext_00462,dlk_ext_00512
gob_proceso_0493;7;dlk_tbl_02220,gob_tbl_00094,gob_tbl_00327,dlk_tbl_01066,gob_tbl_02748,proc_tbl_03107,gob_tbl_02305;9;proc_tbl_01950,gob_tbl_03273,gob_tbl_00506,gob_tbl_02953,gob_tbl_02821,dlk_ext_00084,dlk_ext_00197,dlk_ext_00455,dlk_ext_00148
dlk_proceso_0494;5;gob_tbl_01522,gob_tbl_03161,dlk_tbl_02520,dash_tbl_01093,gob_tbl_01038;8;dlk_tbl_00133,proc_tbl_00481,dlk_tbl_00731,dlk_tbl_03003,proc_tbl_03022,dlk_ext_00514,std_ext_00476,dlk_ext_00321
dlk_proceso_0495;6;gob_tbl_02038,std_tbl_00479,dlk_tbl_00091,dlk_tbl_00620,dlk_tbl_03211,gob_tbl_01224;10;gob_tbl_03248,dash_tbl_00991,proc_tbl_00387,dlk_tbl_03095,dlk_tbl_01263,dlk_tbl_02662,gob_ext_00276,std_ext_00476,dlk_ext_00031,gob_ext_00515
dlk_proceso_0496;3;gob_tbl_03072,proc_tbl_01365,m4vw_tbl_02872;8;proc_tbl_00364,gob_tbl_00688,m4sco_tbl_00206,gob_tbl_02501,gob_tbl_02905,gob_ext_00301,gob_ext_00292,gob_ext_00048
proc_proceso_0497;8;dlk_tbl_02005,dlk_tbl_03163,proc_tbl_00655,gob_tbl_02616,proc_tbl_01158,gob_tbl_01221,proc_tbl_00173,dlk_tbl_01483;9;gob_tbl_01645,gob_tbl_00501,gob_tbl_01800,proc_tbl_01050,gob_tbl_00203,dlk_ext_00213,gob_ext_00600,dlk_ext_00221,dlk_ext_00499
gob_proceso_0498;5;gob_tbl_01792,proc_tbl_01950,dlk_tbl_01911,dlk_tbl_02230,dash_tbl_00598;17;dlk_tbl_01022,proc_tbl_02015,proc_tbl_02704,proc_tbl_01877,gob_tbl_00843,dlk_tbl_03270,dash_tbl_02431,dash_tbl_03149,proc_tbl_02506,proc_tbl_02638,gob_ext_00169,dlk_ext_00386,gob_ext_00294,dlk_ext_00026,gob_ext_00133,dash_ext_00580,gob_ext_00070
dlk_proceso_0499;6;dlk_tbl_02500,proc_tbl_00130,proc_tbl_00796,dlk_tbl_01192,dlk_tbl_01871,dlk_tbl_03017;9;proc_tbl_00185,dlk_tbl_02370,gob_tbl_03093,gob_tbl_00652,proc_tbl_03131,dlk_ext_00289,gob_ext_00548,dlk_ext_00195,dlk_ext_00180
dlk_proceso_0500;3;dash_tbl_00008,dlk_tbl_01975,gob_tbl_01801;8;proc_tbl_00082,proc_tbl_03131,gob_tbl_00014,dlk_tbl_02653,m4vw_tbl_00157,gob_ext_00530,std_ext_00067,dlk_ext_00475
proc_proceso_0501;3;gob_tbl_00465,dlk_tbl_02831,gob_tbl_00035;11;gob_tbl_00727,gob_tbl_00388,gob_tbl_02352,std_tbl_02843,gob_tbl_00562,proc_tbl_00365,proc_ext_00379,dlk_ext_00097,std_ext_00199,gob_ext_00344,proc_ext_00100
gob_proceso_0502;5;gob_tbl_02715,dlk_tbl_02625,dlk_tbl_03174,dash_tbl_02544,gob_tbl_01723;8;dlk_tbl_01695,gob_tbl_02007,ppn_tbl_01249,proc_tbl_03229,dlk_tbl_00270,dlk_ext_00098,dlk_ext_00153,dlk_ext_00289
dlk_proceso_0503;5;gob_tbl_02951,proc_tbl_01137,gob_tbl_00670,gob_tbl_02152,gob_tbl_02391;7;dlk_tbl_01711,proc_tbl_02204,std_tbl_00917,gob_tbl_00979,gob_ext_00600,gob_ext_00344,proc_ext_00396
dlk_proceso_0504;6;std_tbl_01922,dlk_tbl_02278,gob_tbl_01970,gob_tbl_02827,dlk_tbl_01022,dlk_tbl_01229;13;dlk_tbl_00560,dash_tbl_02949,gob_tbl_03085,dlk_tbl_02529,dlk_tbl_01596,proc_tbl_00734,dlk_tbl_02882,dlk_ext_00521,dlk_ext_00454,dlk_ext_00237,dash_ext_00353,dlk_ext_00555,gob_ext_00257
dash_proceso_0505;4;gob_tbl_01668,std_tbl_02180,dlk_tbl_01041,dash_tbl_01969;9;std_tbl_00279,dlk_tbl_00700,proc_tbl_02681,dlk_tbl_01340,proc_tbl_01088,dlk_ext_00254,dlk_ext_00097,dlk_ext_00238,m4vw_ext_00465
gob_proceso_0506;7;gob_tbl_01260,gob_tbl_02215,m4sco_tbl_02646,proc_tbl_01286,gob_tbl_00404,dlk_tbl_02702,gob_tbl_01019;11;m4sco_tbl_00564,m4vw_tbl_03192,dlk_tbl_01538,dlk_tbl_01891,gob_tbl_02933,gob_tbl_01049,dash_ext_00072,gob_ext_00181,m4sco_ext_00059,proc_ext_00472,gob_ext_00509
gob_proceso_0507;3;dlk_tbl_01310,gob_tbl_00041,gob_tbl_00469;4;dlk_tbl_01351,gob_tbl_01433,gob_ext_00458,dlk_ext_00184
proc_proceso_0508;4;gob_tbl_02221,dlk_tbl_01599,dlk_tbl_00048,dlk_tbl_01311;12;proc_tbl_01536,proc_tbl_01449,dlk_tbl_02232,gob_tbl_03072,dash_tbl_01301,dlk_tbl_02508,dlk_tbl_00024,dlk_ext_00346,gob_ext_00504,gob_ext_00294,gob_ext_00257,gob_ext_00572
proc_proceso_0509;6;std_tbl_00372,gob_tbl_00998,proc_tbl_02883,proc_tbl_00494,gob_tbl_00038,gob_tbl_00884;6;gob_tbl_00580,dlk_tbl_02403,gob_tbl_02095,dash_ext_00263,ppn_ext_00117,dash_ext_00002
gob_proceso_0510;4;dlk_tbl_01778,dash_tbl_01964,gob_tbl_03057,dlk_tbl_01521;5;gob_tbl_02805,dlk_tbl_00703,m4sco_tbl_00383,dlk_ext_00325,gob_ext_00028
proc_proceso_0511;6;gob_tbl_02100,gob_tbl_02085,dlk_tbl_00832,proc_tbl_00505,dlk_tbl_02842,dlk_tbl_00216;5;m4vw_tbl_00721,proc_tbl_00499,dash_tbl_00861,dlk_ext_00230,dlk_ext_00035
proc_proceso_0512;8;dlk_tbl_02106,dlk_tbl_02620,proc_tbl_01721,gob_tbl_00644,gob_tbl_00269,proc_tbl_00987,dash_tbl_01594,gob_tbl_01592;24;gob_tbl_02096,gob_tbl_02426,gob_tbl_01706,dlk_tbl_02094,gob_tbl_00316,dlk_tbl_00496,gob_tbl_01309,dash_tbl_03249,dlk_tbl_01246,dlk_tbl_02066,gob_tbl_00424,gob_tbl_00134,gob_tbl_01091,gob_tbl_00137,proc_ext_00401,proc_ext_00323,proc_ext_00277,gob_ext_00071,gob_ext_00477,proc_ext_00247,dlk_ext_00180,gob_ext_00070,gob_ext_00509,dlk_ext_00339
dlk_proceso_0513;4;gob_tbl_01561,dlk_tbl_00803,dlk_tbl_01413,dlk_tbl_02653;8;dash_tbl_00374,dlk_tbl_00186,gob_tbl_00714,gob_tbl_00211,gob_tbl_00805,gob_ext_00460,proc_ext_00363,proc_ext_00373
gob_proceso_0514;5;gob_tbl_01746,proc_tbl_00691,proc_tbl_03011,gob_tbl_00103,dlk_tbl_01829;19;std_tbl_01917,dlk_tbl_00826,std_tbl_01971,dlk_tbl_01391,dash_tbl_01419,gob_tbl_00847,dlk_tbl_00485,dlk_tbl_01503,proc_tbl_03060,dlk_tbl_00557,dlk_tbl_00065,gob_ext_00288,std_ext_00526,dash_ext_00535,dlk_ext_00335,dlk_ext_00273,gob_ext_00070,gob_ext_00515,dlk_ext_00539
dlk_proceso_0515;7;proc_tbl_02836,proc_tbl_00992,proc_tbl_01610,gob_tbl_03198,gob_tbl_02864,gob_tbl_01638,gob_tbl_00136;9;proc_tbl_03265,dlk_tbl_02389,proc_tbl_02643,gob_tbl_00002,std_tbl_00543,proc_ext_00439,dlk_ext_00360,std_ext_00199,dlk_ext_00155
proc_proceso_0516;8;dlk_tbl_00780,m4vw_tbl_00384,dlk_tbl_00307,gob_tbl_02096,gob_tbl_01136,dlk_tbl_00583,gob_tbl_01692,dash_tbl_02044;24;dlk_tbl_01935,gob_tbl_01117,gob_tbl_00136,gob_tbl_01810,dlk_tbl_03018,proc_tbl_01932,dlk_tbl_03278,dlk_tbl_02929,ppn_tbl_02863,dlk_tbl_00905,gob_tbl_01394,dash_tbl_01517,dlk_tbl_02199,proc_tbl_00600,dlk_ext_00097,dlk_ext_00182,gob_ext_00407,dash_ext_00135,dlk_ext_00020,gob_ext_00070,proc_ext_00362,dlk_ext_00305,dlk_ext_00177,gob_ext_00248
gob_proceso_0517;5;gob_tbl_01272,dlk_tbl_00982,gob_tbl_02236,dlk_tbl_02377,gob_tbl_03254;14;dash_tbl_00212,gob_tbl_00950,dlk_tbl_02604,gob_tbl_01549,dlk_tbl_01976,gob_tbl_00111,gob_tbl_00654,proc_tbl_02888,dlk_ext_00380,proc_ext_00099,dlk_ext_00090,dlk_ext_00149,dash_ext_00193,std_ext_00587
dlk_proceso_0518;6;dlk_tbl_02725,gob_tbl_02185,std_tbl_02331,gob_tbl_01234,dlk_tbl_02523,dash_tbl_02281;10;gob_tbl_00042,gob_tbl_00447,gob_tbl_00380,dlk_tbl_01095,dash_tbl_00027,gob_tbl_00382,dash_ext_00575,dash_ext_00353,gob_ext_00276,dlk_ext_00196
dash_proceso_0519;2;dlk_tbl_00495,dlk_tbl_02481;6;gob_tbl_00311,dlk_tbl_03113,dlk_tbl_01717,dlk_ext_00235,dlk_ext_00313,gob_ext_00028
dash_proceso_0520;7;gob_tbl_00478,dlk_tbl_00591,dlk_tbl_01503,dlk_tbl_01796,proc_tbl_02878,dlk_tbl_01178,proc_tbl_02633;4;proc_tbl_02618,dlk_tbl_00974,gob_ext_00509,dash_ext_00511
proc_proceso_0521;6;gob_tbl_02802,dlk_tbl_02537,dlk_tbl_00653,dlk_tbl_01935,m4vw_tbl_01756,dlk_tbl_02317;13;dash_tbl_00899,gob_tbl_01013,gob_tbl_02748,gob_tbl_00269,gob_tbl_03140,gob_tbl_01608,dlk_tbl_01218,dlk_ext_00424,dlk_ext_00191,dash_ext_00236,dlk_ext_00228,proc_ext_00505,proc_ext_00411
dash_proceso_0522;3;gob_tbl_01614,dlk_tbl_00593,dash_tbl_01613;10;gob_tbl_00769,dlk_tbl_00844,dlk_tbl_02448,proc_tbl_02366,dlk_tbl_01821,dlk_tbl_01300,dash_ext_00577,gob_ext_00282,proc_ext_00208,dlk_ext_00025
dlk_proceso_0523;5;gob_tbl_01643,gob_tbl_02164,gob_tbl_00672,gob_tbl_02585,proc_tbl_01825;16;proc_tbl_02897,std_tbl_03240,dlk_tbl_01156,dlk_tbl_00585,gob_tbl_02909,gob_tbl_01513,dash_tbl_02044,dlk_tbl_02306,proc_tbl_01381,proc_ext_00561,dlk_ext_00313,dlk_ext_00184,gob_ext_00280,dlk_ext_00586,gob_ext_00115,dlk_ext_00210
dlk_proceso_0524;8;gob_tbl_00221,gob_tbl_01456,dash_tbl_02032,ppn_tbl_00632,proc_tbl_00600,gob_tbl_01653,std_tbl_02111,gob_tbl_01757;10;gob_tbl_01378,gob_tbl_00584,dlk_tbl_01901,proc_tbl_03152,dlk_tbl_02403,gob_tbl_02846,dlk_ext_00026,dash_ext_00193,dlk_ext_00519,dlk_ext_00409
dlk_proceso_0525;2;dlk_tbl_00634,dlk_tbl_02234;7;dlk_tbl_00585,dlk_tbl_00934,proc_tbl_02954,dlk_tbl_00855,gob_ext_00329,dlk_ext_00153,gob_ext_00248
dlk_proceso_0526;6;dash_tbl_01520,dlk_tbl_02515,proc_tbl_01555,dash_tbl_02901,dlk_tbl_02505,dlk_tbl_00273;15;dlk_tbl_00560,dlk_tbl_01192,gob_tbl_01815,dash_tbl_00529,dlk_tbl_01268,gob_tbl_01117,dlk_tbl_03075,dlk_tbl_03261,gob_tbl_00352,dlk_ext_00173,proc_ext_00533,gob_ext_00438,proc_ext_00363,gob_ext_00115,dlk_ext_00209
dlk_proceso_0527;3;gob_tbl_00846,proc_tbl_01882,proc_tbl_00260;14;gob_tbl_02742,m4sco_tbl_01482,dlk_tbl_02811,gob_tbl_02616,dlk_tbl_01438,dash_tbl_02105,dlk_tbl_01599,std_tbl_00906,gob_ext_00451,dlk_ext_00155,dlk_ext_00524,dlk_ext_00058,proc_ext_00364,dlk_ext_00289
dlk_proceso_0528;3;dlk_tbl_00885,m4vw_tbl_02598,proc_tbl_00318;7;dlk_tbl_02166,dlk_tbl_03120,gob_tbl_00245,dlk_tbl_01178,gob_ext_00463,m4vw_ext_00268,dlk_ext_00441
dlk_proceso_0529;4;dlk_tbl_00016,gob_tbl_00935,dlk_tbl_01204,m4sco_tbl_00914;11;gob_tbl_02543,dlk_tbl_02961,gob_tbl_00537,dlk_tbl_00411,gob_tbl_01757,proc_tbl_02931,gob_ext_00115,m4vw_ext_00232,proc_ext_00363,gob_ext_00217,dlk_ext_00184
gob_proceso_0530;6;dash_tbl_00713,proc_tbl_03185,gob_tbl_02916,dlk_tbl_00005,gob_tbl_01691,dlk_tbl_01506;11;dash_tbl_00791,dash_tbl_02795,gob_tbl_01943,gob_tbl_00744,proc_tbl_00390,gob_tbl_00094,gob_ext_00344,gob_ext_00217,dash_ext_00236,std_ext_00199,dash_ext_00283
proc_proceso_0531;5;m4sco_tbl_01395,proc_tbl_00772,proc_tbl_00635,proc_tbl_01574,dash_tbl_01839;14;dlk_tbl_00307,dlk_tbl_01960,dlk_tbl_00403,gob_tbl_01274,dlk_tbl_00527,gob_tbl_00002,dash_tbl_02795,gob_tbl_01224,proc_ext_00364,gob_ext_00028,proc_ext_00362,gob_ext_00332,proc_ext_00064,gob_ext_00029
dlk_proceso_0532;3;gob_tbl_03092,dash_tbl_01517,dash_tbl_01400;12;dlk_tbl_00782,dlk_tbl_01195,dlk_tbl_00321,dlk_tbl_03169,std_tbl_01971,gob_tbl_00151,dlk_tbl_02721,gob_ext_00004,dlk_ext_00601,proc_ext_00431,gob_ext_00161,dlk_ext_00220
gob_proceso_0533;2;dlk_tbl_02701,m4sco_tbl_00383;20;gob_tbl_03258,dlk_tbl_03202,proc_tbl_02342,gob_tbl_00989,dlk_tbl_02345,proc_tbl_00474,dlk_tbl_00745,ppn_tbl_02125,gob_tbl_02999,dlk_tbl_02330,dash_tbl_01073,gob_tbl_01309,dlk_ext_00510,gob_ext_00537,gob_ext_00344,gob_ext_00582,dlk_ext_00337,gob_ext_00391,dlk_ext_00168,gob_ext_00320
gob_proceso_0534;7;dlk_tbl_02090,dlk_tbl_00517,dlk_tbl_02753,proc_tbl_00362,proc_tbl_01751,proc_tbl_03125,dlk_tbl_03120;11;gob_tbl_02892,proc_tbl_03059,gob_tbl_02547,dlk_tbl_01871,proc_tbl_00497,gob_tbl_01991,gob_ext_00556,dlk_ext_00299,proc_ext_00064,gob_ext_00051,gob_ext_00565
dash_proceso_0535;2;gob_tbl_00419,proc_tbl_02157;20;gob_tbl_00071,gob_tbl_01926,dlk_tbl_01586,dlk_tbl_01204,std_tbl_03260,gob_tbl_01487,gob_tbl_02266,dlk_tbl_00073,proc_tbl_00500,dlk_tbl_02142,dlk_tbl_00445,proc_tbl_01555,m4vw_ext_00620,gob_ext_00244,gob_ext_00572,gob_ext_00246,proc_ext_00100,proc_ext_00036,proc_ext_00251,dlk_ext_00337
proc_proceso_0536;3;proc_tbl_03086,gob_tbl_00965,gob_tbl_01644;4;proc_tbl_01286,dlk_tbl_03075,dlk_ext_00454,proc_ext_00396
gob_proceso_0537;5;dlk_tbl_00403,dlk_tbl_02319,gob_tbl_01161,gob_tbl_01898,dlk_tbl_01763;5;gob_tbl_02444,gob_tbl_03281,dlk_tbl_01010,proc_ext_00042,gob_ext_00516
gob_proceso_0538;3;gob_tbl_00338,dlk_tbl_01476,proc_tbl_02128;13;dlk_tbl_02505,dlk_tbl_00398,gob_tbl_03098,dlk_tbl_03181,proc_tbl_02204,dash_tbl_00875,gob_tbl_02844,dlk_ext_00057,std_ext_00476,dash_ext_00271,gob_ext_00443,dlk_ext_00326,dlk_ext_00378
gob_proceso_0539;2;dlk_tbl_00930,gob_tbl_01699;8;gob_tbl_02805,dlk_tbl_02596,m4sco_tbl_00564,ppn_tbl_00178,dlk_tbl_01011,gob_ext_00205,dlk_ext_00524,gob_ext_00463
gob_proceso_0540;4;gob_tbl_00134,dlk_tbl_00650,dlk_tbl_02209,gob_tbl_00757;8;dlk_tbl_00169,proc_tbl_00693,std_tbl_00976,dlk_tbl_03115,std_tbl_01705,gob_ext_00483,dlk_ext_00360,dlk_ext_00090
proc_proceso_0541;6;gob_tbl_02636,std_tbl_02432,gob_tbl_02623,gob_tbl_00074,dlk_tbl_00764,gob_tbl_03176;15;dlk_tbl_01750,proc_tbl_00883,std_tbl_01755,gob_tbl_03085,gob_tbl_00437,dlk_tbl_01718,gob_tbl_02605,dlk_tbl_03187,dlk_tbl_01167,gob_ext_00166,gob_ext_00399,proc_ext_00099,proc_ext_00350,gob_ext_00014,dlk_ext_00037
gob_proceso_0542;3;gob_tbl_00313,gob_tbl_01714,proc_tbl_01057;11;gob_tbl_01785,gob_tbl_00466,std_tbl_00669,proc_tbl_03076,dlk_tbl_00969,gob_tbl_00441,dlk_ext_00213,proc_ext_00379,gob_ext_00609,dash_ext_00459,gob_ext_00051
dlk_proceso_0543;5;std_tbl_02759,dash_tbl_02949,dlk_tbl_01074,gob_tbl_02639,dlk_tbl_02667;7;gob_tbl_02100,dlk_tbl_01688,dlk_tbl_00555,gob_tbl_03182,dlk_ext_00177,dlk_ext_00094,dlk_ext_00386
proc_proceso_0544;5;dlk_tbl_02705,ppn_tbl_01249,dlk_tbl_01493,dlk_tbl_01539,proc_tbl_03102;8;m4sco_tbl_00255,dlk_tbl_01352,gob_tbl_02899,dlk_tbl_01321,std_tbl_02568,gob_ext_00625,proc_ext_00405,gob_ext_00038
dlk_proceso_0545;5;proc_tbl_01259,dlk_tbl_02255,gob_tbl_01567,gob_tbl_03093,dlk_tbl_02320;8;m4sco_tbl_01633,dlk_tbl_02381,dlk_tbl_00844,proc_tbl_01062,proc_tbl_00195,proc_ext_00544,gob_ext_00016,dlk_ext_00230
dlk_proceso_0546;6;dlk_tbl_01754,dlk_tbl_03087,dlk_tbl_00929,gob_tbl_02019,proc_tbl_00853,proc_tbl_02464;15;dlk_tbl_02491,gob_tbl_01626,dlk_tbl_00515,dlk_tbl_01388,proc_tbl_00606,dlk_tbl_01891,std_tbl_03219,m4sco_tbl_01874,dlk_tbl_00621,proc_ext_00543,dlk_ext_00569,gob_ext_00282,m4sco_ext_00456,std_ext_00134,gob_ext_00458
proc_proceso_0547;6;gob_tbl_01952,proc_tbl_00604,dlk_tbl_01855,dash_tbl_02694,dlk_tbl_00817,dash_tbl_01409;13;dlk_tbl_02882,dash_tbl_00425,dash_tbl_00529,dlk_tbl_02763,gob_tbl_02383,gob_tbl_00460,gob_tbl_03213,dash_ext_00390,gob_ext_00194,dlk_ext_00210,gob_ext_00344,gob_ext_00224,gob_ext_00217
gob_proceso_0548;5;dash_tbl_02344,dlk_tbl_02985,gob_tbl_00069,dlk_tbl_02962,gob_tbl_01290;12;dlk_tbl_01228,gob_tbl_02164,proc_tbl_00418,m4sco_tbl_01874,std_tbl_00558,dlk_tbl_02367,gob_tbl_02374,m4sco_ext_00479,gob_ext_00538,dlk_ext_00116,dash_ext_00511,dlk_ext_00119
dlk_proceso_0549;6;dash_tbl_03094,proc_tbl_02198,proc_tbl_02693,dlk_tbl_01872,dlk_tbl_00711,proc_tbl_01983;9;dlk_tbl_00782,dlk_tbl_01263,gob_tbl_00777,dash_tbl_01205,gob_tbl_02258,m4sco_ext_00453,proc_ext_00099,dlk_ext_00255,proc_ext_00158
gob_proceso_0550;4;dash_tbl_00434,proc_tbl_00983,gob_tbl_00806,proc_tbl_00572;7;dlk_tbl_00049,gob_tbl_00756,gob_tbl_00674,dlk_tbl_02822,dlk_ext_00007,dlk_ext_00177,dlk_ext_00174
dash_proceso_0551;4;gob_tbl_02973,gob_tbl_01637,dlk_tbl_02965,dlk_tbl_01619;12;proc_tbl_02406,proc_tbl_00387,dlk_tbl_01483,dlk_tbl_02397,gob_tbl_01430,gob_tbl_02227,gob_tbl_01947,std_ext_00587,gob_ext_00125,dlk_ext_00617,dlk_ext_00448,dlk_ext_00447
dlk_proceso_0552;6;dlk_tbl_00342,gob_tbl_02436,dlk_tbl_02673,std_tbl_02195,dash_tbl_03241,dlk_tbl_00870;9;proc_tbl_03117,dash_tbl_01448,gob_tbl_01316,dlk_tbl_01493,dlk_tbl_01931,gob_ext_00029,dlk_ext_00057,dlk_ext_00035,proc_ext_00124
dlk_proceso_0553;4;dash_tbl_02468,proc_tbl_00149,proc_tbl_00762,gob_tbl_03247;11;proc_tbl_02075,gob_tbl_01728,gob_tbl_01860,gob_tbl_02742,dlk_tbl_01297,gob_tbl_03039,gob_ext_00217,dlk_ext_00326,dlk_ext_00054,m4sco_ext_00059,proc_ext_00570
dlk_proceso_0554;4;gob_tbl_02352,proc_tbl_03112,dlk_tbl_02378,proc_tbl_01877;12;dlk_tbl_01328,gob_tbl_01406,std_tbl_00528,proc_tbl_01848,dash_tbl_02231,dash_tbl_02036,gob_tbl_00158,std_ext_00199,gob_ext_00217,gob_ext_00572,dlk_ext_00424,dlk_ext_00010
dash_proceso_0555;6;dlk_tbl_00646,dlk_tbl_00985,proc_tbl_00302,dlk_tbl_01628,dlk_tbl_02080,gob_tbl_00437;6;gob_tbl_03257,dash_tbl_02032,gob_tbl_01701,gob_ext_00458,std_ext_00284,gob_ext_00114
gob_proceso_0556;4;gob_tbl_00608,dlk_tbl_01195,proc_tbl_01730,std_tbl_01674;11;gob_tbl_01582,dlk_tbl_00389,gob_tbl_01785,dlk_tbl_03188,proc_tbl_01941,proc_tbl_02857,gob_ext_00170,gob_ext_00451,ppn_ext_00117,gob_ext_00019,dlk_ext_00237
gob_proceso_0557;6;dlk_tbl_01652,gob_tbl_01163,ppn_tbl_00131,dash_tbl_01486,proc_tbl_01069,std_tbl_02101;11;dlk_tbl_00643,dlk_tbl_00665,gob_tbl_01324,dlk_tbl_02520,proc_tbl_02068,m4sco_tbl_01002,gob_ext_00114,dash_ext_00575,dlk_ext_00287,gob_ext_00140,dlk_ext_00098
proc_proceso_0558;3;dlk_tbl_02439,dlk_tbl_00235,gob_tbl_01463;10;proc_tbl_00752,std_tbl_02955,m4sco_tbl_00859,gob_tbl_03048,dlk_tbl_00676,std_tbl_00543,dlk_ext_00254,ppn_ext_00044,dash_ext_00575,gob_ext_00560
dlk_proceso_0559;2;gob_tbl_01946,gob_tbl_01298;8;gob_tbl_00437,gob_tbl_00292,gob_tbl_03190,dlk_tbl_01762,proc_tbl_02437,gob_ext_00410,gob_ext_00467,gob_ext_00051
gob_proceso_0560;5;dlk_tbl_02577,dlk_tbl_00414,dash_tbl_00980,std_tbl_02336,proc_tbl_00511;10;dlk_tbl_01251,dlk_tbl_00658,dlk_tbl_01179,gob_tbl_02012,dlk_tbl_02746,gob_tbl_00478,proc_ext_00112,dlk_ext_00519,dash_ext_00511,gob_ext_00217
gob_proceso_0561;6;gob_tbl_00276,proc_tbl_00112,gob_tbl_01687,dlk_tbl_02786,dash_tbl_02497,dash_tbl_00108;4;proc_tbl_02557,dlk_tbl_03267,dlk_ext_00239,dlk_ext_00388
dash_proceso_0562;6;std_tbl_02123,dlk_tbl_01353,proc_tbl_01004,ppn_tbl_01719,gob_tbl_01480,dash_tbl_01981;10;dlk_tbl_00587,dlk_tbl_01263,dlk_tbl_01452,dash_tbl_02203,dlk_tbl_01386,dlk_tbl_01788,gob_ext_00244,gob_ext_00165,dlk_ext_00568,dash_ext_00599
gob_proceso_0563;4;dlk_tbl_02567,dlk_tbl_00709,gob_tbl_02541,proc_tbl_03059;12;gob_tbl_02042,dlk_tbl_03033,dash_tbl_02304,dlk_tbl_01886,proc_tbl_02954,dlk_tbl_00585,proc_tbl_01897,dash_ext_00053,gob_ext_00467,dlk_ext_00308,dash_ext_00120,gob_ext_00354
gob_proceso_0564;4;gob_tbl_00551,dlk_tbl_01162,gob_tbl_00033,dash_tbl_01205;17;std_tbl_02384,gob_tbl_02118,proc_tbl_02638,proc_tbl_01574,gob_tbl_01653,gob_tbl_02655,proc_tbl_02903,std_tbl_00182,dlk_tbl_00625,dlk_tbl_03113,gob_ext_00395,std_ext_00476,std_ext_00134,dash_ext_00002,gob_ext_00160,dlk_ext_00155,dlk_ext_00154
proc_proceso_0565;6;gob_tbl_01958,dlk_tbl_03133,ppn_tbl_01287,std_tbl_03260,gob_tbl_00845,m4sco_tbl_01842;4;proc_tbl_00159,gob_tbl_01338,gob_ext_00412,dlk_ext_00299
gob_proceso_0566;5;gob_tbl_01549,dlk_tbl_03012,dlk_tbl_02059,gob_tbl_00907,dlk_tbl_03170;7;dlk_tbl_02721,ppn_tbl_01951,dlk_tbl_02419,proc_tbl_03268,proc_ext_00584,gob_ext_00332,gob_ext_00548
gob_proceso_0567;4;gob_tbl_01077,gob_tbl_03053,dlk_tbl_01471,dlk_tbl_00677;7;proc_tbl_00410,dlk_tbl_01560,gob_tbl_00429,dlk_tbl_01712,gob_ext_00076,dlk_ext_00369,dlk_ext_00034
dlk_proceso_0568;4;gob_tbl_00477,gob_tbl_01091,dlk_tbl_02928,dlk_tbl_01660;10;dlk_tbl_00347,dash_tbl_00871,dlk_tbl_02961,dlk_tbl_03115,dlk_tbl_00515,gob_tbl_02440,proc_ext_00536,dlk_ext_00566,std_ext_00167,dlk_ext_00239
gob_proceso_0569;4;gob_tbl_02780,dash_tbl_02624,dlk_tbl_03106,gob_tbl_02799;7;proc_tbl_02015,dlk_tbl_00625,dash_tbl_02700,gob_tbl_00805,dash_ext_00418,proc_ext_00363,gob_ext_00497
gob_proceso_0570;4;dlk_tbl_02657,ppn_tbl_01127,dlk_tbl_01220,gob_tbl_01818;9;gob_tbl_02167,dlk_tbl_00784,dlk_tbl_03211,dlk_tbl_01052,proc_tbl_01492,gob_ext_00192,m4sco_ext_00479,proc_ext_00251,gob_ext_00371
dlk_proceso_0571;9;proc_tbl_01739,gob_tbl_00003,proc_tbl_00101,gob_tbl_02817,gob_tbl_00639,gob_tbl_00021,gob_tbl_00827,dlk_tbl_00109,gob_tbl_00458;14;gob_tbl_01798,proc_tbl_02643,gob_tbl_00830,std_tbl_00558,gob_tbl_00039,dlk_tbl_00229,proc_tbl_03023,gob_tbl_02296,m4sco_ext_00059,dlk_ext_00213,dlk_ext_00321,gob_ext_00548,gob_ext_00330,dlk_ext_00254
dlk_proceso_0572;2;proc_tbl_00507,dlk_tbl_01634;7;dlk_tbl_00282,dlk_tbl_03062,proc_tbl_00122,gob_tbl_02637,dash_ext_00580,dash_ext_00422,dash_ext_00535
dash_proceso_0573;5;gob_tbl_00610,gob_tbl_02542,dlk_tbl_00189,dlk_tbl_02479,dlk_tbl_01684;8;gob_tbl_00237,gob_tbl_00202,gob_tbl_00309,proc_tbl_03059,dlk_tbl_00226,gob_ext_00436,gob_ext_00162,gob_ext_00113
gob_proceso_0574;6;gob_tbl_01655,dlk_tbl_03231,m4vw_tbl_00942,dlk_tbl_01496,dash_tbl_03124,proc_tbl_01437;13;gob_tbl_03114,gob_tbl_02991,gob_tbl_02332,gob_tbl_00316,dlk_tbl_03034,dash_tbl_03097,dlk_tbl_01052,dlk_ext_00308,proc_ext_00598,dlk_ext_00023,m4sco_ext_00059,proc_ext_00389,dash_ext_00377
gob_proceso_0575;6;gob_tbl_02859,std_tbl_00976,gob_tbl_00820,proc_tbl_01449,proc_tbl_02204,proc_tbl_02997;4;dlk_tbl_01229,dlk_tbl_00874,gob_ext_00368,dlk_ext_00098
proc_proceso_0576;5;dlk_tbl_02777,gob_tbl_01907,dlk_tbl_01581,dlk_tbl_01780,gob_tbl_00037;4;m4vw_tbl_00721,proc_tbl_01357,dlk_ext_00512,proc_ext_00472
dlk_proceso_0577;2;dlk_tbl_00585,dash_tbl_02989;13;dlk_tbl_00577,proc_tbl_02390,dlk_tbl_02124,gob_tbl_02588,m4sco_tbl_00492,dlk_tbl_01783,dlk_tbl_02647,gob_ext_00108,proc_ext_00188,gob_ext_00014,dlk_ext_00026,dlk_ext_00090,proc_ext_00431
dlk_proceso_0578;8;proc_tbl_01941,dlk_tbl_02647,dlk_tbl_02672,std_tbl_01225,dash_tbl_00896,gob_tbl_02805,proc_tbl_01880,gob_tbl_02490;9;gob_tbl_01377,dlk_tbl_02608,dlk_tbl_02573,gob_tbl_02153,proc_tbl_01611,proc_ext_00188,dlk_ext_00274,dash_ext_00072,gob_ext_00165
proc_proceso_0579;2;dlk_tbl_01857,dlk_tbl_01151;15;proc_tbl_00486,dlk_tbl_00626,gob_tbl_00090,gob_tbl_00501,gob_tbl_00639,dlk_tbl_01579,dlk_tbl_01416,gob_tbl_02300,dlk_tbl_02753,dash_ext_00444,dlk_ext_00573,gob_ext_00185,dlk_ext_00035,dlk_ext_00524,gob_ext_00530
gob_proceso_0580;4;dlk_tbl_02854,m4vw_tbl_02920,std_tbl_01485,proc_tbl_00973;8;dlk_tbl_01476,dlk_tbl_01478,std_tbl_02011,gob_tbl_00756,proc_tbl_00289,gob_ext_00595,dlk_ext_00150,dlk_ext_00180
dlk_proceso_0581;5;dlk_tbl_00525,gob_tbl_01702,dash_tbl_00656,gob_tbl_00262,gob_tbl_01000;4;dlk_tbl_03045,dlk_tbl_01533,proc_ext_00472,m4vw_ext_00295
dash_proceso_0582;4;gob_tbl_01544,proc_tbl_03063,gob_tbl_00409,gob_tbl_01588;4;dlk_tbl_00096,gob_tbl_02972,gob_ext_00160,dash_ext_00120
gob_proceso_0583;6;m4vw_tbl_00440,proc_tbl_00219,proc_tbl_01683,dlk_tbl_03062,proc_tbl_00142,proc_tbl_02809;4;dlk_tbl_00967,gob_tbl_01958,gob_ext_00594,gob_ext_00203
gob_proceso_0584;2;gob_tbl_01940,proc_tbl_00472;4;gob_tbl_00361,gob_tbl_02605,m4sco_ext_00602,dlk_ext_00150
proc_proceso_0585;6;gob_tbl_02147,gob_tbl_00993,std_tbl_00573,dlk_tbl_02812,dlk_tbl_01821,dlk_tbl_01084;11;std_tbl_02843,gob_tbl_00460,proc_tbl_02758,gob_tbl_01298,proc_tbl_01122,dlk_tbl_01586,dlk_ext_00338,dlk_ext_00104,dlk_ext_00006,dlk_ext_00539,gob_ext_00163
dlk_proceso_0586;5;dash_tbl_02654,dlk_tbl_03261,gob_tbl_03225,dlk_tbl_02387,gob_tbl_00361;4;m4sco_tbl_00206,proc_tbl_01043,dlk_ext_00404,gob_ext_00368
proc_proceso_0587;2;gob_tbl_02298,m4vw_tbl_01283;12;gob_tbl_02496,dlk_tbl_00239,m4vw_tbl_03071,gob_tbl_00552,dlk_tbl_02760,proc_tbl_02342,gob_tbl_01835,m4sco_ext_00059,dlk_ext_00304,dlk_ext_00017,gob_ext_00412,dlk_ext_00618
gob_proceso_0588;2;dlk_tbl_02448,dlk_tbl_00966;9;gob_tbl_03247,dlk_tbl_01658,dlk_tbl_01155,gob_tbl_01042,proc_tbl_01536,dash_ext_00072,dlk_ext_00173,dash_ext_00080,dlk_ext_00149
gob_proceso_0589;4;dlk_tbl_01844,gob_tbl_01635,dlk_tbl_03180,dlk_tbl_01052;6;proc_tbl_00266,gob_tbl_00466,m4vw_tbl_01542,std_ext_00296,gob_ext_00572,dlk_ext_00485
dlk_proceso_0590;2;gob_tbl_02301,proc_tbl_02262;13;dlk_tbl_03121,dlk_tbl_02650,proc_tbl_01878,dlk_tbl_02760,gob_tbl_00111,proc_tbl_00166,gob_tbl_00035,dlk_ext_00007,m4vw_ext_00226,gob_ext_00432,dlk_ext_00184,gob_ext_00194,dlk_ext_00542
proc_proceso_0591;6;proc_tbl_01314,m4sco_tbl_01482,proc_tbl_02704,gob_tbl_01701,dlk_tbl_02943,dlk_tbl_01817;11;dlk_tbl_00449,dlk_tbl_02669,proc_tbl_01449,dlk_tbl_02832,dash_tbl_01284,proc_tbl_01242,dlk_ext_00326,std_ext_00343,dlk_ext_00413,proc_ext_00379,dlk_ext_00241
gob_proceso_0592;3;proc_tbl_01327,proc_tbl_03154,gob_tbl_02196;15;gob_tbl_00447,dlk_tbl_02222,gob_tbl_01425,proc_tbl_01139,gob_tbl_02493,dlk_tbl_00962,proc_tbl_00763,proc_tbl_00629,gob_tbl_03140,proc_ext_00425,proc_ext_00363,proc_ext_00208,gob_ext_00357,std_ext_00307,dlk_ext_00149
dlk_proceso_0593;7;ppn_tbl_01724,std_tbl_02246,dlk_tbl_02252,gob_tbl_02820,proc_tbl_02456,gob_tbl_00378,dlk_tbl_02582;9;proc_tbl_01683,proc_tbl_02836,proc_tbl_02790,gob_tbl_01958,gob_tbl_01316,std_ext_00085,gob_ext_00070,gob_ext_00504,gob_ext_00457
proc_proceso_0594;6;dash_tbl_00132,gob_tbl_02229,gob_tbl_00123,dlk_tbl_02400,gob_tbl_02766,gob_tbl_01841;11;dlk_tbl_01414,gob_tbl_02539,proc_tbl_01286,gob_tbl_01509,gob_tbl_01723,gob_tbl_02810,proc_ext_00188,dlk_ext_00339,proc_ext_00523,gob_ext_00357,gob_ext_00467
dash_proceso_0595;6;proc_tbl_01330,dlk_tbl_02248,dlk_tbl_02508,gob_tbl_01234,dlk_tbl_00413,dlk_tbl_01708;10;gob_tbl_02127,gob_tbl_00777,dlk_tbl_01596,dash_tbl_02641,dlk_tbl_01455,ppn_tbl_00174,dlk_ext_00196,dlk_ext_00299,proc_ext_00131,dlk_ext_00191
dlk_proceso_0596;3;dash_tbl_02086,dlk_tbl_01976,dlk_tbl_00626;14;gob_tbl_01040,dlk_tbl_01563,dash_tbl_02189,proc_tbl_01950,dlk_tbl_02445,dash_tbl_02855,proc_tbl_01158,gob_tbl_00537,dlk_ext_00597,m4vw_ext_00232,gob_ext_00387,gob_ext_00468,gob_ext_00123,proc_ext_00265
gob_proceso_0597;4;m4sco_tbl_02119,dlk_tbl_02535,gob_tbl_01812,proc_tbl_02024;10;dlk_tbl_01455,dash_tbl_01732,gob_tbl_00675,proc_tbl_00850,dlk_tbl_02061,gob_tbl_01514,gob_ext_00092,dlk_ext_00475,dash_ext_00377,proc_ext_00188
dash_proceso_0598;4;gob_tbl_02659,proc_tbl_02015,gob_tbl_02873,dlk_tbl_03246;10;gob_tbl_03142,gob_tbl_01655,dlk_tbl_02634,m4vw_tbl_02987,std_tbl_00363,gob_tbl_02107,gob_ext_00406,dlk_ext_00025,dlk_ext_00197,dlk_ext_00321
dlk_proceso_0599;4;gob_tbl_00519,gob_tbl_00184,proc_tbl_02697,dlk_tbl_02458;17;dlk_tbl_01055,proc_tbl_02679,dash_tbl_01187,gob_tbl_01644,gob_tbl_02579,proc_tbl_03172,dlk_tbl_01186,dlk_tbl_02271,ppn_tbl_02863,dlk_tbl_03062,gob_ext_00592,gob_ext_00161,gob_ext_00477,dash_ext_00377,dlk_ext_00267,gob_ext_00246,m4sco_ext_00041
gob_proceso_0600;2;gob_tbl_00684,gob_tbl_01663;12;dash_tbl_01667,gob_tbl_00038,gob_tbl_02552,m4vw_tbl_00994,gob_tbl_03140,dlk_tbl_00381,ppn_tbl_00448,gob_ext_00206,gob_ext_00123,gob_ext_00011,dlk_ext_00138,dlk_ext_00006
dlk_proceso_0601;6;gob_tbl_00455,dlk_tbl_01351,m4sco_tbl_02454,dlk_tbl_01596,dlk_tbl_02611,dlk_tbl_00188;11;dlk_tbl_00795,dlk_tbl_02661,dash_tbl_02756,dlk_tbl_01386,gob_tbl_00738,gob_tbl_02386,gob_ext_00407,proc_ext_00486,proc_ext_00500,proc_ext_00121,gob_ext_00515
dash_proceso_0602;4;gob_tbl_01058,dlk_tbl_00555,dlk_tbl_00496,dlk_tbl_02328;7;dlk_tbl_01008,gob_tbl_00901,dlk_tbl_00585,gob_tbl_00041,dash_ext_00613,proc_ext_00598,gob_ext_00397
dlk_proceso_0603;6;std_tbl_01971,dlk_tbl_00089,dlk_tbl_00664,dash_tbl_00251,proc_tbl_01942,gob_tbl_02552;4;dlk_tbl_00842,gob_tbl_01469,dlk_ext_00119,dlk_ext_00060
gob_proceso_0604;6;dlk_tbl_02776,proc_tbl_00666,gob_tbl_02007,proc_tbl_02944,dash_tbl_01949,dlk_tbl_03188;4;gob_tbl_00847,gob_tbl_00303,dlk_ext_00604,gob_ext_00538
gob_proceso_0605;2;proc_tbl_00689,dlk_tbl_01025;8;proc_tbl_03112,dlk_tbl_01155,dlk_tbl_02721,gob_tbl_00537,gob_tbl_00800,proc_ext_00425,dlk_ext_00404,gob_ext_00205
gob_proceso_0606;8;dlk_tbl_02345,gob_tbl_03182,proc_tbl_01213,gob_tbl_02996,dlk_tbl_00700,dlk_tbl_01545,dlk_tbl_00768,dlk_tbl_01315;14;proc_tbl_01212,dlk_tbl_00427,dlk_tbl_00493,gob_tbl_02909,gob_tbl_00561,dlk_tbl_00235,proc_tbl_00600,gob_tbl_01140,gob_ext_00312,gob_ext_00590,gob_ext_00344,dlk_ext_00180,gob_ext_00176,gob_ext_00110
gob_proceso_0607;2;dlk_tbl_01773,gob_tbl_01830;10;proc_tbl_00302,dlk_tbl_01586,dlk_tbl_02453,gob_tbl_02385,proc_tbl_00365,gob_tbl_02490,proc_ext_00533,dlk_ext_00122,gob_ext_00407,gob_ext_00357
dlk_proceso_0608;3;ppn_tbl_01356,gob_tbl_02202,dash_tbl_00991;13;dlk_tbl_01100,proc_tbl_00627,gob_tbl_02019,gob_tbl_03258,proc_tbl_01910,proc_tbl_03060,proc_tbl_00390,gob_ext_00114,dlk_ext_00337,dash_ext_00135,dlk_ext_00065,dlk_ext_00347,dlk_ext_00155
dlk_proceso_0609;5;dlk_tbl_03123,gob_tbl_02829,dlk_tbl_01607,gob_tbl_02976,dlk_tbl_00435;7;proc_tbl_02767,gob_tbl_01058,dlk_tbl_02819,proc_tbl_01332,gob_ext_00383,gob_ext_00572,gob_ext_00248
gob_proceso_0610;5;proc_tbl_01071,gob_tbl_02274,gob_tbl_01159,dlk_tbl_02975,dlk_tbl_00083;7;gob_tbl_01868,dlk_tbl_00560,gob_tbl_00447,proc_tbl_02128,dlk_ext_00429,gob_ext_00504,dlk_ext_00409
dlk_proceso_0611;4;gob_tbl_01355,m4vw_tbl_02263,gob_tbl_01376,dlk_tbl_02417;10;dlk_tbl_01935,gob_tbl_01693,dlk_tbl_00959,gob_tbl_01014,m4sco_tbl_02850,dlk_tbl_01538,dlk_ext_00241,gob_ext_00113,gob_ext_00028,gob_ext_00160
dash_proceso_0612;4;std_tbl_01953,dlk_tbl_00719,gob_tbl_01937,gob_tbl_00370;4;gob_tbl_02113,proc_tbl_03122,dlk_ext_00534,proc_ext_00525
dlk_proceso_0613;8;ppn_tbl_01743,dash_tbl_01809,proc_tbl_02903,ppn_tbl_01565,dlk_tbl_01342,proc_tbl_02293,dlk_tbl_01531,gob_tbl_02192;7;gob_tbl_01615,proc_tbl_01146,gob_tbl_00102,dlk_tbl_03108,ppn_ext_00487,gob_ext_00257,proc_ext_00401
proc_proceso_0614;2;proc_tbl_01479,dlk_tbl_02838;5;dash_tbl_02994,dlk_tbl_00768,gob_tbl_01923,proc_ext_00472,dlk_ext_00404
dash_proceso_0615;2;proc_tbl_00028,dlk_tbl_02467;9;dlk_tbl_01840,m4sco_tbl_02119,dlk_tbl_00350,gob_tbl_02845,dlk_tbl_02686,gob_ext_00370,gob_ext_00560,gob_ext_00451,gob_ext_00371
gob_proceso_0616;5;dlk_tbl_02289,dlk_tbl_01618,gob_tbl_01645,m4sco_tbl_00275,ppn_tbl_01135;5;dlk_tbl_02193,dlk_tbl_02213,proc_tbl_01541,gob_ext_00546,proc_ext_00528
dlk_proceso_0617;4;proc_tbl_02857,dlk_tbl_01625,gob_tbl_01930,gob_tbl_01647;14;dlk_tbl_01960,gob_tbl_02274,gob_tbl_00426,gob_tbl_02732,dlk_tbl_01095,dlk_tbl_01307,dlk_tbl_02746,gob_tbl_02605,dlk_ext_00154,proc_ext_00363,gob_ext_00082,gob_ext_00113,dlk_ext_00057,gob_ext_00070
gob_proceso_0618;3;dlk_tbl_00454,gob_tbl_02149,proc_tbl_00824;12;gob_tbl_02519,ppn_tbl_01565,m4sco_tbl_02454,dlk_tbl_00288,proc_tbl_02083,gob_tbl_01451,gob_tbl_01926,proc_ext_00362,gob_ext_00194,dlk_ext_00090,dlk_ext_00485,gob_ext_00123
dlk_proceso_0619;7;dlk_tbl_00261,gob_tbl_01919,gob_tbl_00034,gob_tbl_01034,gob_tbl_00813,dlk_tbl_00065,dash_tbl_03097;9;gob_tbl_01203,gob_tbl_02724,gob_tbl_00576,dash_tbl_02641,ppn_tbl_01690,std_ext_00260,gob_ext_00366,gob_ext_00014,dlk_ext_00098
dash_proceso_0620;4;proc_tbl_00026,gob_tbl_01771,dlk_tbl_01559,gob_tbl_02475;12;m4vw_tbl_01138,gob_tbl_01206,proc_tbl_00785,dash_tbl_01317,gob_tbl_01714,gob_tbl_01369,gob_tbl_00619,dash_ext_00459,gob_ext_00600,proc_ext_00584,gob_ext_00572,dash_ext_00422
dlk_proceso_0621;3;gob_tbl_02784,gob_tbl_01040,proc_tbl_01473;14;gob_tbl_00793,dash_tbl_00554,gob_tbl_01947,proc_tbl_02676,dash_tbl_00896,m4vw_tbl_01003,dlk_tbl_01037,dlk_tbl_03211,gob_ext_00477,dlk_ext_00109,dlk_ext_00007,m4sco_ext_00453,dlk_ext_00148,gob_ext_00290
dlk_proceso_0622;6;gob_tbl_00615,gob_tbl_01636,gob_tbl_01510,gob_tbl_00405,gob_tbl_01523,proc_tbl_00241;10;gob_tbl_00950,gob_tbl_00783,dlk_tbl_00018,dlk_tbl_02553,proc_tbl_01876,m4sco_tbl_00564,gob_ext_00303,gob_ext_00458,dlk_ext_00583,dlk_ext_00184
gob_proceso_0623;5;gob_tbl_00660,gob_tbl_02734,dlk_tbl_00748,gob_tbl_01358,dlk_tbl_00886;14;dash_tbl_02087,dash_tbl_01361,gob_tbl_00165,gob_tbl_03101,gob_tbl_01210,proc_tbl_01882,gob_tbl_00074,dlk_tbl_01041,proc_ext_00188,proc_ext_00136,gob_ext_00468,dlk_ext_00274,dlk_ext_00510,dlk_ext_00184
dlk_proceso_0624;2;proc_tbl_00364,gob_tbl_02008;7;dlk_tbl_00583,gob_tbl_01601,dlk_tbl_03109,dash_tbl_02624,gob_ext_00004,gob_ext_00368,dlk_ext_00568
proc_proceso_0625;7;gob_tbl_00353,dash_tbl_00510,gob_tbl_01042,dlk_tbl_02908,m4vw_tbl_02351,proc_tbl_01294,proc_tbl_02790;11;gob_tbl_00156,dlk_tbl_02950,dlk_tbl_01074,dlk_tbl_00086,dlk_tbl_03003,gob_tbl_02430,dlk_ext_00084,proc_ext_00265,dash_ext_00233,m4sco_ext_00453,gob_ext_00030
proc_proceso_0626;5;dlk_tbl_00121,dlk_tbl_02398,gob_tbl_02030,dash_tbl_01666,gob_tbl_02514;10;dash_tbl_00875,gob_tbl_00998,gob_tbl_00467,gob_tbl_00675,dlk_tbl_01838,proc_tbl_00185,dlk_ext_00154,dlk_ext_00221,dlk_ext_00287,proc_ext_00265
gob_proceso_0627;4;dlk_tbl_00400,dlk_tbl_02159,dlk_tbl_00421,gob_tbl_01432;11;dlk_tbl_01008,gob_tbl_02100,gob_tbl_00269,gob_tbl_02844,std_tbl_02843,gob_tbl_00404,gob_ext_00205,dlk_ext_00254,proc_ext_00389,proc_ext_00533,dlk_ext_00057
proc_proceso_0628;2;dlk_tbl_01673,proc_tbl_01543;7;m4sco_tbl_02162,dash_tbl_02546,proc_tbl_03280,dash_tbl_01409,dlk_ext_00524,proc_ext_00188,proc_ext_00158
dlk_proceso_0629;2;dash_tbl_00898,gob_tbl_00237;7;gob_tbl_02685,proc_tbl_00204,dlk_tbl_02403,gob_tbl_01498,gob_ext_00432,gob_ext_00330,dlk_ext_00501
dlk_proceso_0630;8;proc_tbl_01519,proc_tbl_03051,gob_tbl_00245,proc_tbl_02731,gob_tbl_01368,gob_tbl_01377,dlk_tbl_00344,proc_tbl_00516;23;dlk_tbl_00749,dlk_tbl_02512,dash_tbl_01858,proc_tbl_03073,gob_tbl_00641,proc_tbl_02526,dash_tbl_00436,dash_tbl_02808,dash_tbl_01429,proc_tbl_01365,dash_tbl_01063,proc_tbl_00785,dash_tbl_00254,proc_ext_00544,gob_ext_00559,dlk_ext_00617,m4vw_ext_00620,gob_ext_00458,dlk_ext_00326,proc_ext_00121,gob_ext_00279,proc_ext_00112,gob_ext_00371
dash_proceso_0631;5;proc_tbl_02083,dlk_tbl_00143,dlk_tbl_02054,dlk_tbl_02718,gob_tbl_02485;14;dlk_tbl_02882,dlk_tbl_01095,dash_tbl_00294,dash_tbl_02203,dlk_tbl_01805,gob_tbl_02561,m4vw_tbl_01834,dlk_tbl_01350,gob_ext_00257,dlk_ext_00061,gob_ext_00489,proc_ext_00251,gob_ext_00392,gob_ext_00355
dlk_proceso_0632;2;gob_tbl_02779,dash_tbl_02516;5;dash_tbl_00434,gob_tbl_01173,proc_tbl_01473,dash_ext_00283,gob_ext_00161
proc_proceso_0633;6;gob_tbl_00114,proc_tbl_01789,gob_tbl_01394,dlk_tbl_02581,dlk_tbl_01251,dlk_tbl_00686;13;gob_tbl_02145,dlk_tbl_00463,proc_tbl_00280,gob_tbl_01173,dash_tbl_01171,gob_tbl_01696,dash_tbl_01361,dlk_ext_00386,gob_ext_00443,proc_ext_00198,dlk_ext_00197,std_ext_00427,proc_ext_00334
dlk_proceso_0634;5;gob_tbl_02875,proc_tbl_02366,gob_tbl_02637,dlk_tbl_00986,proc_tbl_03131;13;dash_tbl_01670,proc_tbl_01848,gob_tbl_01513,gob_tbl_02860,gob_tbl_01947,proc_tbl_00850,gob_tbl_00714,proc_ext_00544,gob_ext_00192,m4sco_ext_00059,gob_ext_00250,gob_ext_00258,ppn_ext_00015
dash_proceso_0635;4;gob_tbl_01784,dlk_tbl_00354,gob_tbl_01791,gob_tbl_01176;10;proc_tbl_00364,gob_tbl_00652,dlk_tbl_02778,dlk_tbl_03177,dash_tbl_02360,gob_tbl_03053,proc_ext_00517,gob_ext_00556,proc_ext_00490,dlk_ext_00149
dlk_proceso_0636;5;dlk_tbl_01255,gob_tbl_00366,gob_tbl_01896,dlk_tbl_00208,gob_tbl_00408;11;proc_tbl_00600,dlk_tbl_02271,dlk_tbl_02686,gob_tbl_00501,proc_tbl_01983,gob_tbl_02242,proc_ext_00164,gob_ext_00258,proc_ext_00350,dash_ext_00187,dash_ext_00352
gob_proceso_0637;5;gob_tbl_03037,proc_tbl_01459,dlk_tbl_00288,gob_tbl_02926,dlk_tbl_03018;4;dlk_tbl_02084,dash_tbl_02651,std_ext_00307,gob_ext_00303
dlk_proceso_0638;5;std_tbl_03183,dlk_tbl_00961,gob_tbl_02170,proc_tbl_00204,dlk_tbl_01959;16;gob_tbl_02475,gob_tbl_02711,gob_tbl_02980,dlk_tbl_02173,proc_tbl_02264,dlk_tbl_01074,gob_tbl_01702,proc_tbl_01071,gob_tbl_02435,gob_ext_00406,dash_ext_00002,m4sco_ext_00602,dlk_ext_00177,dlk_ext_00278,dlk_ext_00336,gob_ext_00359
dlk_proceso_0639;5;dash_tbl_00582,gob_tbl_01021,gob_tbl_00346,gob_tbl_00099,gob_tbl_02889;5;gob_tbl_01058,gob_tbl_01637,gob_tbl_00805,dlk_ext_00388,gob_ext_00463
gob_proceso_0640;3;dlk_tbl_02822,proc_tbl_02887,dlk_tbl_00483;13;ppn_tbl_02863,gob_tbl_01830,dlk_tbl_00049,proc_tbl_00486,gob_tbl_00002,gob_tbl_00197,dlk_tbl_00536,dash_ext_00187,gob_ext_00497,dash_ext_00233,proc_ext_00212,proc_ext_00528,dlk_ext_00624
dlk_proceso_0641;3;gob_tbl_01524,proc_tbl_01289,dlk_tbl_01374;17;gob_tbl_02711,ppn_tbl_01951,gob_tbl_00599,gob_tbl_01072,gob_tbl_00055,dash_tbl_01175,gob_tbl_03190,dash_tbl_02076,gob_tbl_02717,dlk_tbl_02173,dlk_ext_00037,gob_ext_00412,proc_ext_00439,proc_ext_00334,gob_ext_00595,dlk_ext_00084,proc_ext_00042
dash_proceso_0642;4;m4sco_tbl_00492,gob_tbl_02899,dlk_tbl_02640,gob_tbl_02035;7;gob_tbl_02266,gob_tbl_02716,gob_tbl_01798,gob_tbl_02659,gob_ext_00162,proc_ext_00208,dlk_ext_00455
proc_proceso_0643;2;proc_tbl_01491,proc_tbl_00589;13;gob_tbl_01509,gob_tbl_01801,m4vw_tbl_00994,m4vw_tbl_01366,proc_tbl_01286,dlk_tbl_03128,gob_tbl_00062,m4vw_ext_00226,dlk_ext_00601,proc_ext_00500,dlk_ext_00180,dlk_ext_00417,gob_ext_00204
dlk_proceso_0644;5;m4sco_tbl_00255,gob_tbl_03238,dash_tbl_02241,gob_tbl_03147,dlk_tbl_00148;8;gob_tbl_02258,proc_tbl_01099,gob_tbl_03197,proc_tbl_03179,dash_tbl_01419,ppn_ext_00044,gob_ext_00162,gob_ext_00625
dlk_proceso_0645;3;gob_tbl_02517,dlk_tbl_02600,dlk_tbl_00019;17;dash_tbl_01171,gob_tbl_02349,proc_tbl_03023,gob_tbl_00790,proc_tbl_01683,std_tbl_01507,gob_tbl_02496,proc_tbl_03268,gob_tbl_02332,proc_tbl_03229,dlk_ext_00338,dash_ext_00263,gob_ext_00385,dlk_ext_00010,dlk_ext_00441,dlk_ext_00008,gob_ext_00592
proc_proceso_0646;7;dlk_tbl_01649,gob_tbl_01421,dash_tbl_01187,gob_tbl_01324,proc_tbl_00678,dash_tbl_02880,proc_tbl_02676;10;dlk_tbl_00333,m4vw_tbl_00721,gob_tbl_02424,dlk_tbl_02819,gob_tbl_02460,proc_tbl_01536,dash_ext_00580,gob_ext_00079,proc_ext_00431,dlk_ext_00184
dlk_proceso_0647;4;dash_tbl_01171,gob_tbl_01808,proc_tbl_02677,dlk_tbl_01005;12;gob_tbl_01424,proc_tbl_02665,dlk_tbl_03062,dlk_tbl_00096,dlk_tbl_00503,dlk_tbl_00865,m4vw_tbl_02355,gob_ext_00113,dlk_ext_00238,dlk_ext_00305,proc_ext_00492,dlk_ext_00413
dlk_proceso_0648;7;gob_tbl_00908,gob_tbl_00779,proc_tbl_01231,gob_tbl_01233,dash_tbl_03249,proc_tbl_00195,dlk_tbl_00078;11;dlk_tbl_00239,gob_tbl_02009,dlk_tbl_01712,gob_tbl_01309,gob_tbl_02440,gob_tbl_03069,dlk_ext_00111,dash_ext_00120,dlk_ext_00180,dash_ext_00459,dlk_ext_00549
gob_proceso_0649;4;proc_tbl_02474,dlk_tbl_00485,proc_tbl_00100,dlk_tbl_01840;7;gob_tbl_01403,proc_tbl_02797,dash_tbl_02994,gob_tbl_02532,dlk_ext_00057,gob_ext_00051,gob_ext_00266
proc_proceso_0650;2;gob_tbl_02325,dlk_tbl_03276;7;dlk_tbl_00198,m4sco_tbl_00255,proc_tbl_01327,gob_tbl_03129,gob_ext_00395,dlk_ext_00314,dash_ext_00356
gob_proceso_0651;2;gob_tbl_02774,dlk_tbl_02990;15;dlk_tbl_03278,dash_tbl_02324,dlk_tbl_00282,dlk_tbl_00842,dlk_tbl_02483,dlk_tbl_02129,proc_tbl_03022,gob_tbl_02980,gob_tbl_02218,ppn_ext_00117,gob_ext_00108,gob_ext_00282,dlk_ext_00512,dlk_ext_00325,dlk_ext_00521
dash_proceso_0652;8;dlk_tbl_02746,dlk_tbl_00244,dlk_tbl_02970,gob_tbl_00738,gob_tbl_02933,dlk_tbl_00879,dlk_tbl_02321,m4sco_tbl_01420;10;gob_tbl_02113,dlk_tbl_02173,gob_tbl_00776,std_tbl_01507,gob_tbl_02426,gob_tbl_02936,proc_ext_00403,dlk_ext_00149,gob_ext_00074,dash_ext_00353
gob_proceso_0653;5;gob_tbl_02154,gob_tbl_01222,gob_tbl_01120,proc_tbl_02919,dlk_tbl_00742;9;proc_tbl_01611,std_tbl_00917,gob_tbl_01668,std_tbl_01111,proc_tbl_01332,proc_ext_00364,proc_ext_00318,dlk_ext_00545,gob_ext_00123
proc_proceso_0654;3;gob_tbl_01072,dlk_tbl_03270,proc_tbl_00061;13;gob_tbl_00210,proc_tbl_01611,std_tbl_02184,gob_tbl_01947,gob_tbl_02711,m4vw_tbl_02355,dlk_tbl_00088,dlk_ext_00304,dlk_ext_00550,dlk_ext_00361,dlk_ext_00289,gob_ext_00275,gob_ext_00574
dlk_proceso_0655;4;proc_tbl_00839,dash_tbl_01448,dash_tbl_02172,dlk_tbl_01783;14;std_tbl_03240,gob_tbl_01926,proc_tbl_00461,proc_tbl_00297,gob_tbl_00911,gob_tbl_00158,gob_tbl_02959,m4sco_tbl_02357,std_ext_00587,dash_ext_00072,dlk_ext_00510,proc_ext_00198,gob_ext_00165,dlk_ext_00025
dlk_proceso_0656;6;gob_tbl_02487,m4sco_tbl_01656,gob_tbl_02440,dlk_tbl_00290,proc_tbl_01343,dlk_tbl_01913;11;std_tbl_02843,m4sco_tbl_01345,dlk_tbl_02707,dash_tbl_00980,gob_tbl_00756,gob_tbl_02426,proc_ext_00164,gob_ext_00458,gob_ext_00014,proc_ext_00158,proc_ext_00500
dlk_proceso_0657;5;m4sco_tbl_02162,dlk_tbl_01134,std_tbl_01774,dlk_tbl_01096,gob_tbl_00000;13;dlk_tbl_00005,dlk_tbl_00532,gob_tbl_01509,gob_tbl_03042,gob_tbl_01049,gob_tbl_02957,dlk_tbl_01220,dlk_ext_00174,gob_ext_00625,ppn_ext_00487,dlk_ext_00473,gob_ext_00217,dlk_ext_00349
dlk_proceso_0658;3;proc_tbl_01124,dlk_tbl_01598,dash_tbl_01073;9;proc_tbl_01941,gob_tbl_01377,dlk_tbl_00456,dlk_tbl_00902,gob_tbl_01164,gob_ext_00458,dlk_ext_00488,dlk_ext_00149,dash_ext_00580
gob_proceso_0659;6;proc_tbl_02314,dash_tbl_02324,dlk_tbl_00180,gob_tbl_02451,std_tbl_02843,gob_tbl_01143;11;gob_tbl_00648,gob_tbl_01873,gob_tbl_01191,dlk_tbl_01763,gob_tbl_00465,gob_tbl_02153,dlk_ext_00299,gob_ext_00280,gob_ext_00477,m4sco_ext_00456,dlk_ext_00222
dlk_proceso_0660;4;dlk_tbl_02307,gob_tbl_01728,gob_tbl_02921,gob_tbl_00476;10;proc_tbl_00921,gob_tbl_00950,gob_tbl_01938,proc_tbl_03131,dlk_tbl_03103,dlk_tbl_00147,gob_ext_00162,dlk_ext_00313,gob_ext_00443,proc_ext_00247
proc_proceso_0661;4;dash_tbl_01175,gob_tbl_03206,gob_tbl_00446,gob_tbl_01470;5;gob_tbl_02864,dlk_tbl_01391,dlk_tbl_01598,gob_ext_00169,dlk_ext_00235
proc_proceso_0662;3;proc_tbl_00574,gob_tbl_02313,gob_tbl_02138;12;gob_tbl_02145,dlk_tbl_01186,gob_tbl_01410,dlk_tbl_02163,dlk_tbl_00848,dlk_tbl_02630,gob_tbl_02052,dash_ext_00271,m4sco_ext_00602,gob_ext_00331,proc_ext_00500,proc_ext_00598
dlk_proceso_0663;3;dlk_tbl_01246,proc_tbl_01710,gob_tbl_01341;13;dlk_tbl_01713,dash_tbl_02651,dlk_tbl_00886,ppn_tbl_02863,dlk_tbl_02998,gob_tbl_02484,proc_tbl_02506,dlk_ext_00441,gob_ext_00280,gob_ext_00625,proc_ext_00552,gob_ext_00477,proc_ext_00598
gob_proceso_0664;6;gob_tbl_01681,gob_tbl_01554,dlk_tbl_02788,gob_tbl_01641,dlk_tbl_01814,dlk_tbl_00955;10;dlk_tbl_00181,gob_tbl_01467,proc_tbl_00439,dlk_tbl_02512,dlk_tbl_03033,std_tbl_01918,dlk_ext_00182,dlk_ext_00073,proc_ext_00500,ppn_ext_00117
gob_proceso_0665;5;dlk_tbl_01590,ppn_tbl_01875,gob_tbl_03010,gob_tbl_00258,gob_tbl_00119;13;proc_tbl_00173,dlk_tbl_00956,proc_tbl_03205,dash_tbl_02076,dlk_tbl_00181,gob_tbl_00429,gob_tbl_03161,gob_ext_00194,dlk_ext_00317,dlk_ext_00195,dlk_ext_00168,dlk_ext_00336,dlk_ext_00155
proc_proceso_0666;3;gob_tbl_00900,dlk_tbl_02793,dlk_tbl_03159;14;dlk_tbl_00955,m4vw_tbl_02598,gob_tbl_02030,m4vw_tbl_02355,proc_tbl_00718,gob_tbl_01498,dlk_tbl_02403,dlk_tbl_01960,dlk_ext_00149,proc_ext_00323,gob_ext_00301,dlk_ext_00034,dlk_ext_00360,dlk_ext_00321
dlk_proceso_0667;2;dlk_tbl_00326,proc_tbl_00359;15;dlk_tbl_03221,dash_tbl_02544,dlk_tbl_01404,dash_tbl_03143,m4sco_tbl_02108,dash_tbl_02986,std_tbl_02540,proc_tbl_01200,dlk_tbl_00559,proc_ext_00198,dlk_ext_00025,proc_ext_00247,gob_ext_00451,gob_ext_00014,gob_ext_00219
dlk_proceso_0668;2;gob_tbl_01665,gob_tbl_02727;15;dlk_tbl_02964,dlk_tbl_00695,gob_tbl_00370,m4vw_tbl_01366,dlk_tbl_02682,gob_tbl_02139,dash_tbl_02281,dlk_tbl_03078,dlk_tbl_02163,gob_ext_00516,gob_ext_00398,dash_ext_00215,proc_ext_00099,dlk_ext_00494,dlk_ext_00180
dlk_proceso_0669;3;std_tbl_01705,gob_tbl_01237,gob_tbl_01494;9;proc_tbl_00760,gob_tbl_01463,std_tbl_01116,m4sco_tbl_02210,dlk_tbl_02415,proc_ext_00598,gob_ext_00115,proc_ext_00517,dlk_ext_00240
proc_proceso_0670;8;gob_tbl_01967,dlk_tbl_02061,proc_tbl_00474,dlk_tbl_01109,std_tbl_02158,gob_tbl_00928,dlk_tbl_00333,dlk_tbl_00468;24;gob_tbl_02818,m4vw_tbl_01756,dlk_tbl_01391,std_tbl_01111,gob_tbl_02953,dlk_tbl_01186,std_tbl_02843,gob_tbl_01644,dlk_tbl_00773,gob_tbl_02859,m4sco_tbl_00914,dlk_tbl_00398,dlk_tbl_00650,dlk_tbl_00336,dlk_ext_00519,dlk_ext_00424,dash_ext_00444,gob_ext_00102,dlk_ext_00386,gob_ext_00165,dlk_ext_00452,gob_ext_00083,dlk_ext_00510,gob_ext_00192
gob_proceso_0671;8;proc_tbl_01932,gob_tbl_02923,m4sco_tbl_01144,gob_tbl_00918,dlk_tbl_03187,proc_tbl_02265,dlk_tbl_01416,dlk_tbl_00522;7;proc_tbl_02083,dlk_tbl_01070,dlk_tbl_02789,gob_tbl_00776,gob_ext_00288,m4sco_ext_00041,proc_ext_00416
dlk_proceso_0672;3;gob_tbl_02584,proc_tbl_01296,dash_tbl_02792;5;dlk_tbl_02862,gob_tbl_00184,dash_tbl_03145,gob_ext_00433,dlk_ext_00382
dlk_proceso_0673;6;m4sco_tbl_00564,dlk_tbl_00593,gob_tbl_01472,gob_tbl_01256,gob_tbl_02477,dlk_tbl_02728;10;gob_tbl_02480,dlk_tbl_01353,dlk_tbl_02574,dlk_tbl_00563,proc_tbl_00097,gob_tbl_00889,std_ext_00307,gob_ext_00619,dlk_ext_00360,dlk_ext_00321
dlk_proceso_0674;2;dlk_tbl_02401,dash_tbl_01132;7;dash_tbl_02470,gob_tbl_00197,dlk_tbl_01821,dlk_tbl_01713,dash_ext_00193,dlk_ext_00510,dlk_ext_00591
dash_proceso_0675;5;m4vw_tbl_01354,dlk_tbl_02882,dlk_tbl_01960,gob_tbl_02478,dlk_tbl_03001;14;gob_tbl_00050,gob_tbl_00429,proc_tbl_03280,gob_tbl_00059,dlk_tbl_02512,gob_tbl_02391,gob_tbl_03101,gob_tbl_02940,proc_ext_00231,gob_ext_00194,dlk_ext_00237,gob_ext_00011,gob_ext_00451,dlk_ext_00239
gob_proceso_0676;2;proc_tbl_02462,dlk_tbl_00160;9;dlk_tbl_00817,proc_tbl_02704,dlk_tbl_01660,gob_tbl_02028,dlk_tbl_02721,proc_ext_00198,dlk_ext_00177,gob_ext_00595,gob_ext_00537
dlk_proceso_0677;5;dlk_tbl_01340,gob_tbl_02354,std_tbl_01177,gob_tbl_00730,std_tbl_00528;8;proc_tbl_00219,gob_tbl_00501,gob_tbl_00519,dlk_tbl_01652,ppn_tbl_02161,proc_ext_00570,gob_ext_00559,dlk_ext_00601
dlk_proceso_0678;4;dlk_tbl_00571,dash_tbl_03186,proc_tbl_02589,proc_tbl_01642;9;gob_tbl_00114,proc_tbl_02954,gob_tbl_00466,gob_tbl_03254,dlk_tbl_01794,gob_ext_00538,gob_ext_00357,proc_ext_00506,dlk_ext_00109
dlk_proceso_0679;4;proc_tbl_03216,std_tbl_02576,dlk_tbl_00246,std_tbl_00958;12;dlk_tbl_00818,dlk_tbl_03015,dlk_tbl_02570,gob_tbl_00141,dlk_tbl_02250,dlk_tbl_02760,dlk_tbl_02232,gob_ext_00170,dlk_ext_00542,proc_ext_00362,dlk_ext_00455,gob_ext_00206
dlk_proceso_0680;2;dlk_tbl_01620,dlk_tbl_00862;10;m4vw_tbl_02920,gob_tbl_01723,dlk_tbl_03041,proc_tbl_00486,dash_tbl_02714,proc_tbl_02239,gob_ext_00495,dlk_ext_00345,gob_ext_00547,proc_ext_00373
gob_proceso_0681;5;gob_tbl_02156,dlk_tbl_00782,proc_tbl_01332,dlk_tbl_00242,gob_tbl_00599;13;dlk_tbl_01493,m4vw_tbl_01909,dlk_tbl_01838,ppn_tbl_02863,gob_tbl_01379,gob_tbl_03008,gob_tbl_02991,gob_ext_00070,m4sco_ext_00456,gob_ext_00371,dlk_ext_00221,proc_ext_00139,std_ext_00199
proc_proceso_0682;3;dlk_tbl_00226,proc_tbl_01536,dlk_tbl_01443;12;proc_tbl_00988,dlk_tbl_02851,dlk_tbl_03019,proc_tbl_00028,dlk_tbl_00233,dlk_tbl_02142,std_tbl_01953,m4sco_ext_00602,dlk_ext_00148,proc_ext_00500,gob_ext_00013,proc_ext_00486
dlk_proceso_0683;3;proc_tbl_02966,dlk_tbl_01035,dlk_tbl_02992;13;gob_tbl_00998,gob_tbl_00102,gob_tbl_00405,dlk_tbl_01308,dash_tbl_02949,proc_tbl_02181,gob_tbl_03273,gob_ext_00303,dlk_ext_00221,gob_ext_00592,dlk_ext_00485,ppn_ext_00015,gob_ext_00538
gob_proceso_0684;4;dash_tbl_02036,proc_tbl_01920,dlk_tbl_02193,proc_tbl_00913;4;proc_tbl_02506,dlk_tbl_01188,gob_ext_00578,dlk_ext_00524
dash_proceso_0685;4;gob_tbl_02918,gob_tbl_00892,dlk_tbl_01604,gob_tbl_00661;6;proc_tbl_02883,ppn_tbl_02863,dlk_tbl_02971,dlk_ext_00475,dlk_ext_00087,dlk_ext_00314
dlk_proceso_0686;5;gob_tbl_00460,dlk_tbl_02014,gob_tbl_01460,proc_tbl_01043,gob_tbl_03048;14;dash_tbl_01292,proc_tbl_01941,gob_tbl_02055,std_tbl_02826,m4sco_tbl_02357,m4sco_tbl_01482,gob_tbl_03053,gob_tbl_00903,dlk_ext_00534,dlk_ext_00210,gob_ext_00013,dlk_ext_00514,dash_ext_00233,gob_ext_00224
proc_proceso_0687;5;proc_tbl_01878,dlk_tbl_00381,gob_tbl_02055,dlk_tbl_01037,dash_tbl_02700;14;dlk_tbl_02754,gob_tbl_02266,dlk_tbl_02881,m4vw_tbl_00994,dlk_tbl_03106,gob_tbl_02365,dlk_tbl_00326,proc_tbl_00367,std_ext_00296,gob_ext_00547,proc_ext_00151,dlk_ext_00337,dlk_ext_00177,dlk_ext_00414
dlk_proceso_0688;8;dlk_tbl_03115,gob_tbl_01837,dlk_tbl_00596,proc_tbl_00728,gob_tbl_02027,dlk_tbl_01186,gob_tbl_00349,gob_tbl_01214;9;dash_tbl_01193,gob_tbl_00744,gob_tbl_03098,dlk_tbl_03113,gob_tbl_01919,proc_ext_00151,gob_ext_00203,std_ext_00587,dlk_ext_00423
gob_proceso_0689;4;proc_tbl_00611,dlk_tbl_03223,gob_tbl_01885,gob_tbl_02927;4;gob_tbl_02049,dash_tbl_01981,dash_ext_00511,dlk_ext_00138
gob_proceso_0690;4;dlk_tbl_02419,dlk_tbl_02553,dlk_tbl_00198,dlk_tbl_01278;6;dlk_tbl_02932,proc_tbl_03014,dlk_tbl_01134,gob_ext_00038,gob_ext_00063,m4sco_ext_00479
dlk_proceso_0691;6;dlk_tbl_03049,dlk_tbl_02048,gob_tbl_02925,dash_tbl_00899,gob_tbl_02852,gob_tbl_01118;9;ppn_tbl_00601,dlk_tbl_02377,gob_tbl_01234,proc_tbl_00983,dlk_tbl_02971,proc_ext_00363,dlk_ext_00155,m4vw_ext_00226,gob_ext_00045
dlk_proceso_0692;5;dlk_tbl_00962,dlk_tbl_00416,m4sco_tbl_01076,dlk_tbl_01826,std_tbl_00917;14;dash_tbl_00568,proc_tbl_00977,dlk_tbl_02124,gob_tbl_03008,dlk_tbl_01008,gob_tbl_00702,gob_tbl_01800,gob_tbl_02566,dlk_ext_00084,dlk_ext_00274,dlk_ext_00601,gob_ext_00357,dash_ext_00377,gob_ext_00370
gob_proceso_0693;4;proc_tbl_00685,gob_tbl_03230,gob_tbl_00304,dlk_tbl_00389;10;dash_tbl_01680,gob_tbl_00426,proc_tbl_01777,proc_tbl_00681,gob_tbl_02690,gob_tbl_00371,gob_ext_00509,dash_ext_00101,dlk_ext_00378,gob_ext_00079
gob_proceso_0694;6;dash_tbl_01680,dash_tbl_01372,dlk_tbl_03034,proc_tbl_03265,proc_tbl_02952,dash_tbl_02744;10;dlk_tbl_03041,gob_tbl_02012,proc_tbl_03107,dlk_tbl_01386,dlk_tbl_01695,proc_tbl_02758,dlk_ext_00065,gob_ext_00530,dlk_ext_00358,proc_ext_00086
dlk_proceso_0695;2;dlk_tbl_02869,gob_tbl_02496;8;gob_tbl_03098,dash_tbl_00315,dlk_tbl_00658,m4vw_tbl_02270,dlk_tbl_02602,proc_ext_00265,gob_ext_00114,ppn_ext_00117
dlk_proceso_0696;4;gob_tbl_02733,gob_tbl_02434,dlk_tbl_00984,dlk_tbl_03221;10;gob_tbl_00552,dlk_tbl_03159,dlk_tbl_00229,dlk_tbl_00330,dlk_tbl_00832,dlk_tbl_00751,proc_ext_00234,dlk_ext_00299,std_ext_00134,proc_ext_00375
dlk_proceso_0697;3;dlk_tbl_00609,dlk_tbl_00272,proc_tbl_00266;14;dlk_tbl_02278,gob_tbl_01472,dlk_tbl_03188,dlk_tbl_01297,dlk_tbl_00143,gob_tbl_00388,gob_tbl_00144,dlk_tbl_01618,proc_ext_00077,proc_ext_00401,dash_ext_00575,dlk_ext_00441,proc_ext_00212,gob_ext_00113
proc_proceso_0698;5;gob_tbl_01326,dash_tbl_02339,gob_tbl_00673,gob_tbl_01562,dlk_tbl_02163;8;dlk_tbl_01652,dlk_tbl_01489,dlk_tbl_03123,dash_tbl_02203,dash_tbl_00132,m4vw_ext_00268,dlk_ext_00235,gob_ext_00509
dlk_proceso_0699;2;gob_tbl_01323,proc_tbl_02316;7;proc_tbl_02796,m4sco_tbl_00809,dlk_tbl_01352,proc_tbl_01751,dash_ext_00072,dlk_ext_00339,gob_ext_00611
dlk_proceso_0700;4;gob_tbl_00641,dlk_tbl_02182,std_tbl_00253,dlk_tbl_02865;4;dlk_tbl_01711,gob_tbl_01143,dlk_ext_00267,dlk_ext_00409
dlk_proceso_0701;5;dash_tbl_01098,dash_tbl_01301,gob_tbl_01190,dlk_tbl_02126,gob_tbl_00190;7;dlk_tbl_01596,gob_tbl_00055,dlk_tbl_00953,proc_tbl_00077,gob_ext_00162,m4sco_ext_00172,dash_ext_00511
dash_proceso_0702;4;gob_tbl_00358,gob_tbl_02683,dash_tbl_02641,proc_tbl_01440;6;std_tbl_00976,dlk_tbl_00557,dlk_tbl_02600,dlk_ext_00514,gob_ext_00055,gob_ext_00113
dlk_proceso_0703;4;gob_tbl_01277,proc_tbl_02437,gob_tbl_03008,gob_tbl_00733;10;proc_tbl_02828,gob_tbl_02510,dlk_tbl_02730,dlk_tbl_02794,gob_tbl_01787,std_tbl_01102,gob_ext_00451,dlk_ext_00066,dlk_ext_00254,dlk_ext_00308
gob_proceso_0704;4;proc_tbl_02427,dlk_tbl_02720,gob_tbl_02107,dlk_tbl_00187;7;dlk_tbl_00181,gob_tbl_02008,dlk_tbl_01238,std_tbl_01507,ppn_ext_00487,gob_ext_00395,dlk_ext_00235
proc_proceso_0705;4;dlk_tbl_00240,dlk_tbl_00665,gob_tbl_03215,gob_tbl_01991;7;std_tbl_03240,proc_tbl_03014,proc_tbl_01574,dlk_tbl_01270,dlk_ext_00129,dlk_ext_00286,dlk_ext_00035
proc_proceso_0706;2;gob_tbl_02685,gob_tbl_01928;4;gob_tbl_01456,dash_tbl_00861,gob_ext_00181,proc_ext_00264
proc_proceso_0707;5;proc_tbl_01235,proc_tbl_02591,gob_tbl_02564,dlk_tbl_01906,dlk_tbl_01263;8;gob_tbl_02947,dlk_tbl_02686,gob_tbl_02268,gob_tbl_02308,dlk_tbl_03017,dlk_ext_00094,proc_ext_00431,m4vw_ext_00226
proc_proceso_0708;3;dlk_tbl_00306,dlk_tbl_00542,proc_tbl_02563;12;proc_tbl_02676,proc_tbl_00266,gob_tbl_01884,dlk_tbl_02520,gob_tbl_02502,dlk_tbl_00110,dash_tbl_03143,proc_ext_00231,gob_ext_00288,gob_ext_00169,gob_ext_00357,gob_ext_00076
gob_proceso_0709;3;std_tbl_02132,proc_tbl_03016,gob_tbl_01495;6;dlk_tbl_02706,gob_tbl_01647,proc_tbl_02526,dlk_ext_00524,gob_ext_00582,dlk_ext_00174
dash_proceso_0710;5;proc_tbl_01445,gob_tbl_00243,dlk_tbl_01427,dlk_tbl_00076,m4sco_tbl_02210;8;std_tbl_00976,gob_tbl_02541,proc_tbl_01932,std_tbl_02536,proc_tbl_01087,gob_ext_00079,proc_ext_00401,gob_ext_00359
gob_proceso_0711;4;m4sco_tbl_00859,proc_tbl_02122,dash_tbl_00175,proc_tbl_00139;12;gob_tbl_00945,gob_tbl_02655,dlk_tbl_01604,proc_tbl_00486,proc_tbl_01129,dlk_tbl_02173,gob_tbl_01469,dlk_ext_00035,std_ext_00526,gob_ext_00038,gob_ext_00392,proc_ext_00403
proc_proceso_0712;4;dlk_tbl_01392,dlk_tbl_03267,proc_tbl_02409,dlk_tbl_01328;4;proc_tbl_01129,dlk_tbl_02634,proc_ext_00364,m4sco_ext_00059
proc_proceso_0713;4;dlk_tbl_00250,dlk_tbl_02071,gob_tbl_00923,dlk_tbl_01265;17;gob_tbl_02457,proc_tbl_02056,dlk_tbl_01228,gob_tbl_00441,proc_tbl_03280,gob_tbl_03195,dlk_tbl_00347,gob_tbl_00393,gob_tbl_01143,gob_tbl_01646,dlk_ext_00145,dlk_ext_00349,dlk_ext_00035,dlk_ext_00583,gob_ext_00412,proc_ext_00431,gob_ext_00509
gob_proceso_0714;5;dash_tbl_01667,gob_tbl_00401,gob_tbl_01609,gob_tbl_02601,gob_tbl_00144;9;proc_tbl_03255,gob_tbl_01938,proc_tbl_00728,gob_tbl_01424,dash_tbl_01093,dlk_ext_00084,dlk_ext_00562,dlk_ext_00149,gob_ext_00574
dash_proceso_0715;5;gob_tbl_02148,gob_tbl_01254,dash_tbl_02171,std_tbl_02280,proc_tbl_02583;12;dash_tbl_01313,gob_tbl_01937,gob_tbl_02435,dlk_tbl_00818,proc_tbl_00365,gob_tbl_02896,dlk_tbl_01025,dlk_ext_00020,gob_ext_00467,dlk_ext_00073,proc_ext_00131,gob_ext_00387
gob_proceso_0716;7;std_tbl_00890,gob_tbl_03091,proc_tbl_01910,gob_tbl_00475,proc_tbl_00247,dlk_tbl_02687,gob_tbl_02597;11;gob_tbl_02656,proc_tbl_00627,dlk_tbl_01270,proc_tbl_00474,gob_tbl_02380,gob_tbl_00998,m4vw_ext_00295,gob_ext_00105,gob_ext_00332,gob_ext_00495,proc_ext_00442
proc_proceso_0717;6;gob_tbl_00954,gob_tbl_01133,gob_tbl_01430,dlk_tbl_03169,dlk_tbl_01997,gob_tbl_02025;10;std_tbl_00890,std_tbl_01674,dlk_tbl_01959,gob_tbl_01153,gob_tbl_01014,proc_tbl_00280,dlk_ext_00119,dlk_ext_00621,dlk_ext_00380,gob_ext_00572
gob_proceso_0718;3;gob_tbl_02295,dlk_tbl_02275,dash_tbl_03277;14;dlk_tbl_00169,gob_tbl_01260,gob_tbl_01699,proc_tbl_01314,gob_tbl_02282,dlk_tbl_01025,gob_tbl_01189,gob_tbl_01309,dlk_ext_00144,gob_ext_00406,gob_ext_00593,dlk_ext_00409,dlk_ext_00035,dlk_ext_00225
dlk_proceso_0719;4;dash_tbl_00374,dlk_tbl_03113,gob_tbl_00050,gob_tbl_01474;11;gob_tbl_01626,gob_tbl_03147,dlk_tbl_02877,dash_tbl_00875,dlk_tbl_02317,proc_tbl_02563,gob_ext_00538,dlk_ext_00549,dlk_ext_00241,dash_ext_00580,dlk_ext_00171
proc_proceso_0720;3;dlk_tbl_00249,dash_tbl_02010,gob_tbl_02176;9;dlk_tbl_03221,dlk_tbl_01455,proc_tbl_03100,gob_tbl_02900,gob_tbl_02496,std_ext_00134,dash_ext_00333,dlk_ext_00213,gob_ext_00309
proc_proceso_0721;4;proc_tbl_01973,gob_tbl_01336,gob_tbl_02380,proc_tbl_02511;10;dlk_tbl_03228,dlk_tbl_00534,dash_tbl_02482,dlk_tbl_01976,dlk_tbl_01388,proc_tbl_01534,dlk_ext_00060,dlk_ext_00240,dlk_ext_00087,dash_ext_00072
proc_proceso_0722;4;dlk_tbl_01457,dlk_tbl_01593,dlk_tbl_01331,dlk_tbl_00775;8;gob_tbl_00937,dlk_tbl_02725,dlk_tbl_01276,dlk_tbl_00394,dlk_tbl_00336,gob_ext_00051,dlk_ext_00308,gob_ext_00436
proc_proceso_0723;4;dlk_tbl_00974,proc_tbl_01654,dlk_tbl_00379,std_tbl_02205;10;gob_tbl_00757,dlk_tbl_02786,proc_tbl_01880,proc_tbl_00760,gob_tbl_01645,gob_tbl_00523,gob_ext_00451,dash_ext_00027,gob_ext_00276,gob_ext_00160
dlk_proceso_0724;3;dlk_tbl_02769,gob_tbl_01550,ppn_tbl_02863;6;gob_tbl_03213,proc_tbl_03280,dlk_tbl_00271,gob_ext_00468,dlk_ext_00321,dlk_ext_00156
gob_proceso_0725;6;dlk_tbl_02674,dlk_tbl_03236,dlk_tbl_03228,proc_tbl_00785,ppn_tbl_01690,proc_tbl_00314;9;dlk_tbl_00333,dlk_tbl_02611,gob_tbl_03254,proc_tbl_00698,dlk_tbl_00851,gob_ext_00357,gob_ext_00160,gob_ext_00312,gob_ext_00546
proc_proceso_0726;4;std_tbl_02206,dash_tbl_01303,dlk_tbl_03056,dash_tbl_03266;7;gob_tbl_00071,gob_tbl_02461,m4sco_tbl_01076,proc_tbl_02168,dlk_ext_00155,proc_ext_00363,dlk_ext_00150
dlk_proceso_0727;3;gob_tbl_01646,m4sco_tbl_02357,dash_tbl_00656;6;dash_tbl_02783,dlk_tbl_01658,dlk_tbl_03103,gob_ext_00469,gob_ext_00572,dlk_ext_00321
gob_proceso_0728;2;proc_tbl_02897,gob_tbl_00881;12;dash_tbl_02713,proc_tbl_00785,dlk_tbl_02735,dlk_tbl_00043,proc_tbl_01232,gob_tbl_00327,dlk_tbl_00339,dlk_ext_00562,proc_ext_00231,dlk_ext_00039,m4sco_ext_00041,dlk_ext_00414
gob_proceso_0729;3;gob_tbl_01525,dlk_tbl_02608,dlk_tbl_00162;12;gob_tbl_01694,gob_tbl_02258,gob_tbl_01991,dlk_tbl_00703,dlk_tbl_02680,gob_tbl_02896,dlk_tbl_00575,dlk_ext_00499,dlk_ext_00532,dlk_ext_00591,dlk_ext_00361,proc_ext_00212
dlk_proceso_0730;3;dlk_tbl_01570,std_tbl_00201,gob_tbl_01977;9;gob_tbl_01260,proc_tbl_01973,proc_tbl_01698,gob_tbl_02588,dlk_tbl_01125,dlk_ext_00155,dash_ext_00120,std_ext_00067,gob_ext_00497
dlk_proceso_0731;4;gob_tbl_01210,dash_tbl_00234,dlk_tbl_00815,gob_tbl_01180;11;dash_tbl_01056,gob_tbl_02242,m4sco_tbl_02850,gob_tbl_02107,gob_tbl_01830,gob_tbl_01014,dlk_ext_00450,gob_ext_00344,proc_ext_00253,proc_ext_00411,dlk_ext_00031
proc_proceso_0732;3;dlk_tbl_01352,dlk_tbl_02650,dlk_tbl_02174;13;gob_tbl_00287,dlk_tbl_03212,dlk_tbl_01891,gob_tbl_00031,ppn_tbl_01249,gob_tbl_00304,gob_tbl_03079,m4vw_ext_00620,dlk_ext_00499,gob_ext_00292,dlk_ext_00386,proc_ext_00431,m4vw_ext_00226
dash_proceso_0733;6;std_tbl_01348,dlk_tbl_00213,dash_tbl_01154,dash_tbl_00317,gob_tbl_00648,gob_tbl_01831;5;gob_tbl_02533,proc_tbl_01882,gob_tbl_01771,dlk_ext_00555,proc_ext_00315
gob_proceso_0734;3;dash_tbl_00436,proc_tbl_02341,proc_tbl_02372;14;dlk_tbl_02219,proc_tbl_00693,gob_tbl_01722,gob_tbl_00071,dlk_tbl_02572,gob_tbl_00523,dlk_tbl_01959,dash_tbl_01098,m4sco_ext_00479,dlk_ext_00060,proc_ext_00231,dlk_ext_00534,proc_ext_00405,proc_ext_00598
gob_proceso_0735;2;gob_tbl_01498,dlk_tbl_02645;5;dash_tbl_02104,dlk_tbl_00596,gob_tbl_02358,dlk_ext_00455,std_ext_00085
proc_proceso_0736;3;dlk_tbl_01740,gob_tbl_00081,dlk_tbl_01936;5;gob_tbl_01509,dash_tbl_00710,gob_tbl_00549,dlk_ext_00579,dlk_ext_00446
dlk_proceso_0737;3;dlk_tbl_03217,gob_tbl_03250,proc_tbl_01850;13;gob_tbl_00843,proc_tbl_00987,gob_tbl_02729,dlk_tbl_02832,gob_tbl_02864,dlk_tbl_01342,dlk_tbl_02943,dlk_ext_00057,m4vw_ext_00226,std_ext_00134,std_ext_00588,dlk_ext_00273,gob_ext_00280
dlk_proceso_0738;3;gob_tbl_01729,gob_tbl_01957,gob_tbl_02235;15;dash_tbl_00324,gob_tbl_00833,gob_tbl_02426,gob_tbl_00298,dlk_tbl_03121,dlk_tbl_02786,dash_tbl_02544,dash_tbl_02700,dlk_tbl_02720,gob_ext_00385,gob_ext_00185,dlk_ext_00037,gob_ext_00460,ppn_ext_00607,gob_ext_00300
dlk_proceso_0739;4;dlk_tbl_00029,proc_tbl_02291,dlk_tbl_02629,gob_tbl_02103;10;gob_tbl_02012,gob_tbl_00892,dash_tbl_02949,dash_tbl_03004,gob_tbl_01797,dlk_tbl_02521,dash_ext_00498,gob_ext_00218,dlk_ext_00534,dash_ext_00612
gob_proceso_0740;3;dlk_tbl_02102,gob_tbl_00316,gob_tbl_02369;13;gob_tbl_00847,dlk_tbl_00795,dlk_tbl_00711,dlk_tbl_02867,gob_tbl_03077,dlk_tbl_02705,gob_tbl_02916,dlk_ext_00553,m4vw_ext_00465,gob_ext_00275,proc_ext_00506,gob_ext_00518,gob_ext_00303
proc_proceso_0741;6;dlk_tbl_01531,proc_tbl_01198,gob_tbl_00989,gob_tbl_01576,dlk_tbl_01008,m4vw_tbl_01832;11;dlk_tbl_00726,m4vw_tbl_00717,gob_tbl_02972,proc_tbl_03152,dlk_tbl_00686,gob_tbl_02070,proc_ext_00350,proc_ext_00000,dash_ext_00135,gob_ext_00245,dlk_ext_00006
dlk_proceso_0742;6;dlk_tbl_00291,gob_tbl_02145,dlk_tbl_00057,dlk_tbl_02910,gob_tbl_01406,gob_tbl_02739;6;dlk_tbl_01954,proc_tbl_02150,dlk_tbl_00030,std_ext_00284,gob_ext_00332,dash_ext_00444
dlk_proceso_0743;6;proc_tbl_03229,dlk_tbl_02006,gob_tbl_03132,gob_tbl_02807,dlk_tbl_02254,dlk_tbl_00969;11;gob_tbl_02938,proc_tbl_01357,dlk_tbl_01750,dlk_tbl_01151,dlk_tbl_02982,gob_tbl_00467,gob_ext_00368,gob_ext_00192,dlk_ext_00116,dlk_ext_00179,m4vw_ext_00226
gob_proceso_0744;2;m4vw_tbl_00717,proc_tbl_01036;8;gob_tbl_02830,dlk_tbl_00559,dlk_tbl_01707,gob_tbl_01702,dlk_tbl_02476,proc_ext_00362,proc_ext_00403,dlk_ext_00254
proc_proceso_0745;6;m4sco_tbl_00910,gob_tbl_03020,proc_tbl_00947,proc_tbl_02816,dlk_tbl_02811,gob_tbl_02227;13;gob_tbl_01494,dlk_tbl_03038,dlk_tbl_01179,dash_tbl_01048,gob_tbl_01635,gob_tbl_03044,dlk_tbl_01370,gob_ext_00368,gob_ext_00408,dlk_ext_00522,proc_ext_00164,proc_ext_00561,ppn_ext_00487
dlk_proceso_0746;6;gob_tbl_00093,gob_tbl_03243,ppn_tbl_02161,proc_tbl_01129,proc_tbl_00922,dlk_tbl_01408;11;gob_tbl_02354,dlk_tbl_00079,gob_tbl_03085,dlk_tbl_00842,dash_tbl_00878,gob_tbl_02202,dash_ext_00422,dlk_ext_00195,std_ext_00587,dlk_ext_00623,dlk_ext_00239
gob_proceso_0747;4;dlk_tbl_00339,dlk_tbl_01196,proc_tbl_02414,proc_tbl_02488;8;std_tbl_00917,dlk_tbl_00186,gob_tbl_00998,gob_tbl_00299,gob_tbl_00197,std_ext_00587,dlk_ext_00325,proc_ext_00486
dlk_proceso_0748;5;gob_tbl_01403,gob_tbl_02738,gob_tbl_00819,dlk_tbl_01886,dlk_tbl_01101;10;gob_tbl_01316,gob_tbl_00151,dlk_tbl_00427,proc_tbl_00260,proc_tbl_00486,dlk_tbl_00560,dlk_ext_00494,gob_ext_00216,dlk_ext_00585,proc_ext_00086
gob_proceso_0749;6;gob_tbl_03218,gob_tbl_02282,m4sco_tbl_01002,dlk_tbl_00887,proc_tbl_01447,std_tbl_01102;5;m4sco_tbl_03178,dlk_tbl_02596,dash_tbl_02281,gob_ext_00410,dlk_ext_00008
