DAG;NumTablasAlimenta;TablasAlimenta;NumTablasAlimentan;TablasAlimentan
dlk_proceso_0000;3;dlk_tbl_02631,gob_tbl_01998,gob_tbl_01275;9;gob_tbl_01196,dlk_tbl_02360,gob_tbl_02875,gob_tbl_00926,dlk_tbl_00644,gob_ext_00336,dlk_ext_00440,gob_ext_00086,dlk_ext_00087
dlk_proceso_0001;8;dlk_tbl_02774,dlk_tbl_01119,dlk_tbl_00795,dlk_tbl_00860,dlk_tbl_01015,gob_tbl_02287,dlk_tbl_00934,dlk_tbl_02455;14;dlk_tbl_01449,dash_tbl_02194,dash_tbl_02336,gob_tbl_01095,ppn_tbl_00506,gob_tbl_01979,dlk_tbl_00859,gob_tbl_02803,gob_ext_00199,gob_ext_00241,gob_ext_00061,gob_ext_00474,dlk_ext_00343,dash_ext_00238
dlk_proceso_0002;6;gob_tbl_01817,proc_tbl_00380,dlk_tbl_03229,dlk_tbl_00156,dlk_tbl_00292,dlk_tbl_02861;10;proc_tbl_02096,dlk_tbl_02977,gob_tbl_00580,m4sco_tbl_01779,dlk_tbl_00907,gob_tbl_00037,proc_ext_00019,m4vw_ext_00477,gob_ext_00250,dlk_ext_00283
gob_proceso_0003;5;dlk_tbl_00747,gob_tbl_01950,dlk_tbl_01140,gob_tbl_02792,gob_tbl_00660;7;m4vw_tbl_00865,dlk_tbl_02114,dlk_tbl_01984,dlk_tbl_01740,gob_ext_00119,dlk_ext_00272,dlk_ext_00050
gob_proceso_0004;2;dlk_tbl_02053,gob_tbl_01892;4;dlk_tbl_01984,dlk_tbl_01022,gob_ext_00368,dlk_ext_00426
dlk_proceso_0005;2;dlk_tbl_00099,gob_tbl_00305;15;gob_tbl_03179,gob_tbl_01979,proc_tbl_03070,dlk_tbl_02820,dlk_tbl_03128,std_tbl_00498,gob_tbl_00093,proc_tbl_02903,proc_tbl_02096,std_ext_00355,gob_ext_00340,m4vw_ext_00423,dlk_ext_00272,dlk_ext_00334,dlk_ext_00363
gob_proceso_0006;4;proc_tbl_00120,gob_tbl_02783,dlk_tbl_00516,dlk_tbl_01085;10;gob_tbl_00307,proc_tbl_02815,gob_tbl_00503,proc_tbl_01324,dlk_tbl_02574,proc_tbl_02976,dash_ext_00446,dlk_ext_00468,proc_ext_00341,proc_ext_00320
proc_proceso_0007;4;gob_tbl_01057,gob_tbl_00289,dlk_tbl_00091,dlk_tbl_03225;6;proc_tbl_02467,dash_tbl_02478,proc_tbl_01110,gob_ext_00340,gob_ext_00241,gob_ext_00081
gob_proceso_0008;2;dlk_tbl_01520,dlk_tbl_01432;5;proc_tbl_01067,dlk_tbl_03259,gob_tbl_01457,proc_ext_00187,gob_ext_00245
proc_proceso_0009;4;dlk_tbl_01557,m4vw_tbl_00930,dlk_tbl_00268,dlk_tbl_00339;9;dash_tbl_02312,dlk_tbl_00989,dlk_tbl_01171,dlk_tbl_03107,dlk_tbl_01116,proc_ext_00131,dlk_ext_00026,gob_ext_00452,gob_ext_00457
gob_proceso_0010;4;gob_tbl_02245,gob_tbl_01585,gob_tbl_00314,proc_tbl_02876;10;proc_tbl_00677,dlk_tbl_02572,std_tbl_02063,dlk_tbl_02173,dlk_tbl_02765,ppn_tbl_01509,dlk_ext_00272,dlk_ext_00328,proc_ext_00436,proc_ext_00316
dlk_proceso_0011;9;dlk_tbl_02747,proc_tbl_01701,dlk_tbl_01996,dlk_tbl_00740,dlk_tbl_01538,gob_tbl_00993,proc_tbl_00348,dlk_tbl_01997,gob_tbl_01532;14;proc_tbl_00618,gob_tbl_00049,gob_tbl_03179,ppn_tbl_02030,gob_tbl_02106,m4vw_tbl_03211,dlk_tbl_00302,dlk_tbl_02330,std_ext_00105,gob_ext_00067,dlk_ext_00469,gob_ext_00077,dlk_ext_00203,dlk_ext_00188
proc_proceso_0012;3;gob_tbl_01125,gob_tbl_03023,proc_tbl_02384;10;gob_tbl_03302,proc_tbl_01503,dlk_tbl_01843,m4sco_tbl_01821,gob_tbl_00228,dash_tbl_00825,dlk_ext_00334,dlk_ext_00470,proc_ext_00436,proc_ext_00432
dlk_proceso_0013;3;dlk_tbl_02231,gob_tbl_02125,dlk_tbl_01804;9;dlk_tbl_00823,proc_tbl_00183,gob_tbl_01442,gob_tbl_02339,gob_tbl_01032,dlk_ext_00312,gob_ext_00233,gob_ext_00451,dlk_ext_00375
dlk_proceso_0014;5;proc_tbl_00597,m4vw_tbl_02533,gob_tbl_02972,dlk_tbl_02566,dlk_tbl_00222;14;gob_tbl_00755,dlk_tbl_02785,gob_tbl_01533,gob_tbl_02504,gob_tbl_02382,gob_tbl_00722,dlk_tbl_00178,gob_tbl_01352,dlk_ext_00339,proc_ext_00277,m4vw_ext_00423,proc_ext_00156,dlk_ext_00265,dlk_ext_00473
dlk_proceso_0015;5;dlk_tbl_00966,dlk_tbl_00901,std_tbl_00479,dlk_tbl_00915,proc_tbl_01241;9;gob_tbl_00049,dlk_tbl_01432,dlk_tbl_01894,dash_tbl_00959,gob_tbl_03072,proc_ext_00065,proc_ext_00075,proc_ext_00066,dlk_ext_00370
gob_proceso_0016;5;dlk_tbl_01682,dlk_tbl_01036,dash_tbl_01031,gob_tbl_01350,dlk_tbl_01070;8;gob_tbl_02396,dlk_tbl_01314,gob_tbl_00985,gob_tbl_01460,std_tbl_02079,gob_ext_00253,dlk_ext_00207,dlk_ext_00334
dlk_proceso_0017;4;gob_tbl_02190,dlk_tbl_03094,dlk_tbl_00879,std_tbl_02818;7;gob_tbl_00497,gob_tbl_03168,proc_tbl_02346,dlk_tbl_02000,gob_ext_00106,proc_ext_00089,dash_ext_00371
dash_proceso_0018;6;dash_tbl_01820,gob_tbl_03167,gob_tbl_01873,proc_tbl_02014,gob_tbl_02191,dlk_tbl_01862;9;gob_tbl_02227,proc_tbl_02794,proc_tbl_02726,gob_tbl_02416,gob_tbl_00569,gob_ext_00336,dlk_ext_00324,gob_ext_00303,m4sco_ext_00170
dash_proceso_0019;8;dash_tbl_01409,dlk_tbl_01766,gob_tbl_01695,gob_tbl_02503,gob_tbl_00050,dlk_tbl_01108,gob_tbl_03243,gob_tbl_00609;14;std_tbl_02622,proc_tbl_00540,dlk_tbl_03212,std_tbl_01086,dlk_tbl_02861,proc_tbl_02976,proc_tbl_01651,gob_tbl_01637,m4vw_ext_00423,dlk_ext_00230,dlk_ext_00255,proc_ext_00228,dlk_ext_00042,dlk_ext_00414
gob_proceso_0020;4;gob_tbl_01142,proc_tbl_02153,m4sco_tbl_01265,proc_tbl_00335;10;gob_tbl_01343,gob_tbl_00908,dlk_tbl_01830,proc_tbl_01373,gob_tbl_01323,proc_tbl_01497,gob_ext_00373,proc_ext_00442,proc_ext_00289,dlk_ext_00210
proc_proceso_0021;7;gob_tbl_01754,gob_tbl_01490,std_tbl_01831,dlk_tbl_02519,gob_tbl_02232,dlk_tbl_02523,gob_tbl_00175;10;dlk_tbl_02204,gob_tbl_03218,proc_tbl_01202,dlk_tbl_02272,dlk_tbl_02575,proc_tbl_00716,dlk_ext_00244,dlk_ext_00396,dlk_ext_00073,gob_ext_00303
dlk_proceso_0022;4;gob_tbl_02681,proc_tbl_00716,gob_tbl_03111,gob_tbl_01980;7;dlk_tbl_02767,gob_tbl_03269,dlk_tbl_00128,dlk_tbl_02451,gob_ext_00444,dlk_ext_00472,m4vw_ext_00423
dlk_proceso_0023;5;dlk_tbl_00424,ppn_tbl_02027,gob_tbl_01418,ppn_tbl_03130,dlk_tbl_00935;7;gob_tbl_03210,m4sco_tbl_00982,proc_tbl_01552,dlk_tbl_00717,gob_ext_00102,dash_ext_00238,gob_ext_00023
gob_proceso_0024;4;m4vw_tbl_02235,gob_tbl_00641,dlk_tbl_00949,dlk_tbl_00029;6;proc_tbl_01104,proc_tbl_03116,proc_tbl_01673,dlk_ext_00062,proc_ext_00261,dlk_ext_00041
gob_proceso_0025;5;proc_tbl_00550,gob_tbl_00303,dlk_tbl_02320,proc_tbl_01911,dlk_tbl_02302;4;dlk_tbl_03161,gob_tbl_01749,dlk_ext_00103,gob_ext_00340
gob_proceso_0026;4;dlk_tbl_02485,m4sco_tbl_00628,dlk_tbl_01209,gob_tbl_01910;7;gob_tbl_02236,std_tbl_00167,proc_tbl_01563,dlk_tbl_02314,gob_ext_00282,dlk_ext_00365,dlk_ext_00272
proc_proceso_0027;5;gob_tbl_02017,gob_tbl_01556,dlk_tbl_02018,std_tbl_02079,dash_tbl_02789;10;dlk_tbl_02625,gob_tbl_01956,dlk_tbl_02257,proc_tbl_00021,dlk_tbl_03033,dlk_tbl_02856,dlk_ext_00062,m4sco_ext_00170,gob_ext_00029,dlk_ext_00188
gob_proceso_0028;5;proc_tbl_01554,dlk_tbl_02754,gob_tbl_01801,ppn_tbl_01328,std_tbl_01958;4;gob_tbl_00993,dash_tbl_00519,dash_ext_00200,dlk_ext_00424
proc_proceso_0029;4;dlk_tbl_03000,gob_tbl_01332,dlk_tbl_00541,proc_tbl_00683;7;gob_tbl_01028,proc_tbl_01047,dlk_tbl_01488,gob_tbl_00617,gob_ext_00456,gob_ext_00135,dlk_ext_00469
proc_proceso_0030;5;gob_tbl_01615,gob_tbl_00294,gob_tbl_01208,dash_tbl_01118,gob_tbl_02061;13;ppn_tbl_01509,dlk_tbl_02637,proc_tbl_02369,dash_tbl_00855,dlk_tbl_01108,dlk_tbl_00903,dlk_tbl_00770,dlk_ext_00188,gob_ext_00340,dlk_ext_00255,gob_ext_00235,ppn_ext_00165,gob_ext_00284
dlk_proceso_0031;2;proc_tbl_00530,gob_tbl_02624;6;m4sco_tbl_00357,dash_tbl_03134,gob_tbl_01559,dlk_ext_00195,dlk_ext_00207,proc_ext_00228
dash_proceso_0032;7;dlk_tbl_02507,gob_tbl_01369,dlk_tbl_00567,gob_tbl_01444,proc_tbl_00436,dash_tbl_00369,dlk_tbl_01375;9;dash_tbl_00271,dlk_tbl_02446,gob_tbl_02479,gob_tbl_00411,proc_tbl_00021,m4vw_ext_00466,proc_ext_00436,dlk_ext_00260,gob_ext_00040
gob_proceso_0033;8;gob_tbl_02007,proc_tbl_01574,dlk_tbl_00637,dlk_tbl_00468,gob_tbl_01599,dlk_tbl_00095,dlk_tbl_02003,dlk_tbl_00947;19;dlk_tbl_00372,gob_tbl_02236,gob_tbl_01819,gob_tbl_00195,dlk_tbl_03171,gob_tbl_00730,dlk_tbl_02898,gob_tbl_00693,gob_tbl_01578,dlk_tbl_02204,proc_tbl_02548,dlk_ext_00334,proc_ext_00049,proc_ext_00406,gob_ext_00291,std_ext_00179,dlk_ext_00224,dlk_ext_00103,std_ext_00105
dlk_proceso_0034;4;gob_tbl_01353,gob_tbl_02843,dlk_tbl_00988,gob_tbl_01745;10;gob_tbl_00049,gob_tbl_03074,gob_tbl_02221,dlk_tbl_01237,gob_tbl_02279,dlk_tbl_03298,gob_ext_00418,dlk_ext_00042,proc_ext_00156,dash_ext_00371
dlk_proceso_0035;3;m4sco_tbl_02142,dlk_tbl_02259,gob_tbl_00617;13;dash_tbl_02034,proc_tbl_00154,dlk_tbl_00971,dlk_tbl_00358,gob_tbl_00207,gob_tbl_01591,dlk_tbl_02787,gob_ext_00291,dlk_ext_00103,gob_ext_00007,std_ext_00301,dash_ext_00304,proc_ext_00308
dlk_proceso_0036;4;std_tbl_02714,dlk_tbl_02767,dlk_tbl_02770,gob_tbl_00263;8;m4vw_tbl_02709,dlk_tbl_03298,ppn_tbl_03130,dash_tbl_01859,gob_tbl_00497,gob_ext_00338,gob_ext_00307,dlk_ext_00426
dlk_proceso_0037;4;gob_tbl_01987,dlk_tbl_03161,proc_tbl_01978,gob_tbl_02990;6;dlk_tbl_02243,dlk_tbl_02519,dlk_tbl_02257,dlk_ext_00296,gob_ext_00250,gob_ext_00340
gob_proceso_0038;3;m4sco_tbl_00568,gob_tbl_01646,dlk_tbl_01961;8;dlk_tbl_03122,dlk_tbl_02865,dlk_tbl_00724,dlk_tbl_00451,dlk_tbl_01391,proc_ext_00049,m4vw_ext_00423,dlk_ext_00042
gob_proceso_0039;3;dlk_tbl_02710,gob_tbl_02590,dlk_tbl_00638;8;dlk_tbl_02211,gob_tbl_00845,proc_tbl_01439,gob_tbl_01477,dlk_tbl_03117,proc_ext_00141,dlk_ext_00339,proc_ext_00063
dlk_proceso_0040;6;dlk_tbl_02646,m4vw_tbl_01784,gob_tbl_00732,dlk_tbl_02836,dlk_tbl_02617,dlk_tbl_02353;13;proc_tbl_00160,dlk_tbl_00065,proc_tbl_02743,proc_tbl_01904,gob_tbl_02862,gob_tbl_01759,dlk_tbl_00740,gob_ext_00418,dash_ext_00304,gob_ext_00303,proc_ext_00421,gob_ext_00372,dlk_ext_00343
dash_proceso_0041;4;gob_tbl_00070,dlk_tbl_02207,gob_tbl_01578,dlk_tbl_01836;6;dash_tbl_02078,dash_tbl_02695,m4vw_tbl_02615,dlk_ext_00265,dlk_ext_00467,proc_ext_00011
dash_proceso_0042;2;dash_tbl_00811,gob_tbl_03308;7;dlk_tbl_02356,gob_tbl_02742,proc_tbl_00659,proc_tbl_02442,proc_ext_00309,proc_ext_00049,dlk_ext_00020
dlk_proceso_0043;2;dash_tbl_01732,gob_tbl_00255;7;gob_tbl_01819,ppn_tbl_00360,gob_tbl_00956,gob_tbl_00654,dlk_ext_00354,gob_ext_00119,gob_ext_00218
dlk_proceso_0044;4;dash_tbl_00126,proc_tbl_00679,gob_tbl_00994,gob_tbl_03053;7;dlk_tbl_01984,gob_tbl_02115,gob_tbl_02670,std_tbl_01739,dlk_ext_00020,dash_ext_00095,dlk_ext_00426
dlk_proceso_0045;6;dlk_tbl_02911,gob_tbl_02150,dlk_tbl_01187,dlk_tbl_02463,proc_tbl_01129,dash_tbl_00173;4;proc_tbl_00172,proc_tbl_01104,proc_ext_00232,proc_ext_00261
dlk_proceso_0046;2;gob_tbl_02982,gob_tbl_02716;15;dlk_tbl_01242,dlk_tbl_01812,gob_tbl_01600,gob_tbl_01343,gob_tbl_02054,gob_tbl_00272,dash_tbl_00767,gob_tbl_01102,dlk_tbl_00286,dlk_ext_00343,dlk_ext_00244,gob_ext_00281,dash_ext_00114,proc_ext_00315,proc_ext_00192
dash_proceso_0047;3;gob_tbl_02608,dlk_tbl_01929,gob_tbl_01711;6;dlk_tbl_00808,dash_tbl_00480,proc_tbl_02096,dlk_ext_00366,gob_ext_00418,gob_ext_00009
dlk_proceso_0048;4;proc_tbl_01673,dlk_tbl_02197,gob_tbl_02345,dash_tbl_00801;14;dlk_tbl_02580,gob_tbl_02227,gob_tbl_02697,dlk_tbl_00564,dlk_tbl_01886,dlk_tbl_02265,dlk_tbl_01247,proc_tbl_02548,dash_ext_00364,dlk_ext_00264,proc_ext_00309,gob_ext_00132,dlk_ext_00413,proc_ext_00156
gob_proceso_0049;5;proc_tbl_01523,proc_tbl_00661,gob_tbl_02715,dlk_tbl_03027,gob_tbl_01225;10;dlk_tbl_00655,dlk_tbl_00737,dlk_tbl_01246,proc_tbl_02605,gob_tbl_00852,gob_tbl_00776,dlk_ext_00188,dash_ext_00083,proc_ext_00115,dlk_ext_00333
gob_proceso_0050;3;gob_tbl_02192,gob_tbl_00953,proc_tbl_00802;10;proc_tbl_00148,gob_tbl_02084,dlk_tbl_00417,gob_tbl_01366,gob_tbl_03020,proc_tbl_02850,dlk_ext_00203,dlk_ext_00210,std_ext_00179,dlk_ext_00370
proc_proceso_0051;3;gob_tbl_02299,proc_tbl_00581,dash_tbl_01680;13;proc_tbl_02361,dlk_tbl_00933,dlk_tbl_02273,dlk_tbl_00511,dlk_tbl_00843,gob_tbl_01254,dlk_tbl_00346,gob_ext_00270,dash_ext_00083,dash_ext_00371,dlk_ext_00244,gob_ext_00223,proc_ext_00063
dash_proceso_0052;3;gob_tbl_01120,proc_tbl_01177,gob_tbl_01994;13;proc_tbl_02020,dlk_tbl_00843,ppn_tbl_01435,proc_tbl_00348,dlk_tbl_02830,gob_tbl_00018,proc_tbl_02428,dlk_ext_00103,dlk_ext_00202,gob_ext_00135,proc_ext_00131,gob_ext_00444,dlk_ext_00195
dlk_proceso_0053;3;dlk_tbl_00642,proc_tbl_02410,dash_tbl_00535;12;proc_tbl_02794,gob_tbl_02706,proc_tbl_00148,m4vw_tbl_01618,dash_tbl_00762,gob_tbl_01103,proc_tbl_02020,proc_ext_00439,dlk_ext_00426,dlk_ext_00464,gob_ext_00102,gob_ext_00160
dlk_proceso_0054;6;std_tbl_02763,gob_tbl_02389,dlk_tbl_01921,gob_tbl_01390,gob_tbl_02074,proc_tbl_02441;8;dash_tbl_01031,gob_tbl_03029,dlk_tbl_02747,gob_tbl_00570,gob_tbl_03018,dlk_ext_00104,dash_ext_00123,proc_ext_00002
dlk_proceso_0055;5;proc_tbl_00446,dash_tbl_01194,m4vw_tbl_00279,proc_tbl_02039,gob_tbl_02717;8;proc_tbl_01461,proc_tbl_00278,gob_tbl_02011,dlk_tbl_02569,gob_tbl_00131,dlk_ext_00167,gob_ext_00096,proc_ext_00386
gob_proceso_0056;2;dlk_tbl_02165,dlk_tbl_01116;8;dlk_tbl_01058,dlk_tbl_00787,dlk_tbl_00365,dlk_tbl_02353,gob_tbl_02221,proc_ext_00141,dlk_ext_00035,dlk_ext_00071
gob_proceso_0057;4;gob_tbl_00570,proc_tbl_02905,gob_tbl_02510,proc_tbl_02152;13;dlk_tbl_02233,dash_tbl_01685,gob_tbl_02084,gob_tbl_00996,gob_tbl_01873,dash_tbl_03250,dlk_tbl_03237,dlk_ext_00166,std_ext_00094,gob_ext_00268,proc_ext_00002,gob_ext_00129,dlk_ext_00084
proc_proceso_0058;3;gob_tbl_02426,proc_tbl_01133,dlk_tbl_03178;6;gob_tbl_02436,dlk_tbl_00843,gob_tbl_00489,dlk_ext_00365,gob_ext_00074,gob_ext_00119
gob_proceso_0059;4;dlk_tbl_00974,proc_tbl_01434,gob_tbl_01285,proc_tbl_00246;4;std_tbl_02063,dash_tbl_00939,dlk_ext_00071,gob_ext_00269
gob_proceso_0060;8;gob_tbl_01451,dlk_tbl_00799,gob_tbl_02474,dlk_tbl_02529,dlk_tbl_00432,dlk_tbl_01722,proc_tbl_00847,dlk_tbl_00992;14;dash_tbl_01972,gob_tbl_02752,dash_tbl_02028,gob_tbl_00484,gob_tbl_00552,proc_tbl_03281,gob_tbl_03269,proc_tbl_00969,gob_ext_00287,dlk_ext_00426,proc_ext_00002,gob_ext_00014,dlk_ext_00244,dlk_ext_00283
gob_proceso_0061;6;dlk_tbl_01566,dlk_tbl_00283,dlk_tbl_02178,ppn_tbl_03231,proc_tbl_02542,proc_tbl_00605;11;proc_tbl_00893,dlk_tbl_02785,proc_tbl_01628,gob_tbl_00588,gob_tbl_01882,gob_tbl_02803,dlk_ext_00051,dash_ext_00446,dlk_ext_00339,proc_ext_00421,dlk_ext_00413
gob_proceso_0062;3;gob_tbl_02802,dlk_tbl_00366,dlk_tbl_00430;13;proc_tbl_00123,gob_tbl_01711,proc_tbl_02976,gob_tbl_00448,dash_tbl_01881,dlk_tbl_00534,gob_tbl_01170,proc_ext_00115,proc_ext_00011,proc_ext_00439,gob_ext_00106,dash_ext_00247,dlk_ext_00343
proc_proceso_0063;7;dlk_tbl_01650,gob_tbl_02300,gob_tbl_01637,dlk_tbl_02257,dlk_tbl_01625,dlk_tbl_01146,dlk_tbl_01482;11;gob_tbl_00489,gob_tbl_02895,m4sco_tbl_02142,dash_tbl_01820,dlk_tbl_01297,m4vw_tbl_00865,dlk_ext_00169,dash_ext_00123,gob_ext_00451,proc_ext_00406,gob_ext_00153
proc_proceso_0064;5;gob_tbl_01970,proc_tbl_01151,dlk_tbl_03131,gob_tbl_02528,std_tbl_01917;13;dlk_tbl_00514,gob_tbl_02299,dlk_tbl_01933,std_tbl_00379,std_tbl_00040,proc_tbl_01397,proc_tbl_02630,gob_ext_00345,proc_ext_00063,proc_ext_00439,gob_ext_00303,dlk_ext_00333,proc_ext_00144
gob_proceso_0065;5;dash_tbl_02034,std_tbl_00167,dlk_tbl_02814,proc_tbl_00526,dlk_tbl_00934;10;std_tbl_01525,dlk_tbl_02713,dash_tbl_00490,proc_tbl_02344,proc_tbl_02508,proc_tbl_02919,proc_ext_00232,dash_ext_00057,proc_ext_00065,ppn_ext_00165
gob_proceso_0066;6;gob_tbl_01705,dlk_tbl_03259,proc_tbl_00038,proc_tbl_03014,gob_tbl_01691,dlk_tbl_00990;11;proc_tbl_00590,dash_tbl_00435,dlk_tbl_01136,dlk_tbl_02139,gob_tbl_02472,gob_tbl_00056,dlk_ext_00272,gob_ext_00081,dlk_ext_00204,dash_ext_00180,dlk_ext_00185
dash_proceso_0067;4;proc_tbl_00160,dlk_tbl_03113,gob_tbl_02047,gob_tbl_00650;10;proc_tbl_02429,dash_tbl_02645,dlk_tbl_02569,gob_tbl_01599,gob_tbl_02536,dash_tbl_02466,m4sco_ext_00170,dlk_ext_00453,gob_ext_00268,gob_ext_00125
gob_proceso_0068;3;gob_tbl_03047,dash_tbl_01113,gob_tbl_02323;5;std_tbl_02158,gob_tbl_01588,dlk_tbl_02904,dlk_ext_00255,dlk_ext_00230
proc_proceso_0069;7;dlk_tbl_03048,dlk_tbl_03154,dlk_tbl_02628,dlk_tbl_01186,proc_tbl_01167,dash_tbl_00538,std_tbl_00558;10;proc_tbl_02367,dlk_tbl_01530,dlk_tbl_02940,gob_tbl_02929,gob_tbl_01744,proc_tbl_00198,gob_ext_00307,proc_ext_00131,dlk_ext_00035,dlk_ext_00073
dlk_proceso_0070;3;dlk_tbl_01670,gob_tbl_00118,dlk_tbl_02619;8;dlk_tbl_02113,dlk_tbl_01683,dlk_tbl_02546,dash_tbl_00414,dlk_tbl_00924,proc_ext_00380,gob_ext_00340,gob_ext_00253
gob_proceso_0071;2;dlk_tbl_00395,proc_tbl_00139;9;dlk_tbl_01030,dlk_tbl_01870,dlk_tbl_01766,m4vw_tbl_00212,dlk_tbl_01960,proc_ext_00065,gob_ext_00018,gob_ext_00451,gob_ext_00326
gob_proceso_0072;6;dlk_tbl_01654,dlk_tbl_01880,dlk_tbl_02594,dlk_tbl_00881,dash_tbl_00405,gob_tbl_03138;11;dlk_tbl_02971,dash_tbl_00386,gob_tbl_02286,gob_tbl_02565,dlk_tbl_03225,proc_tbl_02900,gob_ext_00037,dlk_ext_00239,dash_ext_00083,dlk_ext_00426,gob_ext_00009
gob_proceso_0073;3;gob_tbl_01953,gob_tbl_01588,gob_tbl_01270;13;dlk_tbl_00220,dlk_tbl_01550,gob_tbl_02010,dlk_tbl_01441,gob_tbl_03163,proc_tbl_02250,gob_tbl_02163,dlk_ext_00013,dlk_ext_00103,gob_ext_00220,dlk_ext_00100,gob_ext_00291,gob_ext_00368
gob_proceso_0074;7;dlk_tbl_00116,gob_tbl_02234,gob_tbl_02236,dlk_tbl_02592,dash_tbl_01293,dlk_tbl_02263,dlk_tbl_00832;10;proc_tbl_00870,gob_tbl_00744,gob_tbl_01578,gob_tbl_00010,gob_tbl_01299,gob_tbl_01264,gob_ext_00408,dlk_ext_00184,m4sco_ext_00170,gob_ext_00415
dash_proceso_0075;3;gob_tbl_01335,gob_tbl_02419,gob_tbl_01487;6;gob_tbl_00649,dlk_tbl_01659,dlk_tbl_02112,proc_ext_00385,proc_ext_00144,dlk_ext_00030
gob_proceso_0076;2;dlk_tbl_01710,dlk_tbl_01310;7;gob_tbl_02809,ppn_tbl_02027,dlk_tbl_01479,gob_tbl_00730,gob_ext_00074,gob_ext_00275,dash_ext_00294
proc_proceso_0077;2;dash_tbl_01985,proc_tbl_02327;8;m4sco_tbl_02596,gob_tbl_00483,proc_tbl_00385,dlk_tbl_01077,dlk_tbl_00613,m4vw_ext_00423,proc_ext_00206,proc_ext_00261
dlk_proceso_0078;8;dlk_tbl_02065,dash_tbl_00490,gob_tbl_01700,gob_tbl_00958,dlk_tbl_02055,dlk_tbl_01286,proc_tbl_01507,gob_tbl_01343;10;dlk_tbl_00454,proc_tbl_01611,m4sco_tbl_02285,dash_tbl_01463,dlk_tbl_02556,gob_tbl_02884,dlk_ext_00279,dlk_ext_00142,dlk_ext_00347,gob_ext_00245
gob_proceso_0079;6;dlk_tbl_03117,gob_tbl_02609,dlk_tbl_02635,ppn_tbl_02687,gob_tbl_02951,proc_tbl_02349;15;gob_tbl_00406,dlk_tbl_01576,dlk_tbl_03122,dlk_tbl_01808,ppn_tbl_00653,dlk_tbl_02568,m4vw_tbl_02239,dlk_tbl_01441,gob_tbl_01366,dlk_ext_00339,dash_ext_00342,gob_ext_00456,gob_ext_00147,proc_ext_00133,dlk_ext_00458
dash_proceso_0080;2;gob_tbl_00214,m4sco_tbl_01948;9;dlk_tbl_01022,dlk_tbl_02154,gob_tbl_02299,proc_tbl_02321,gob_tbl_00996,gob_ext_00118,gob_ext_00040,dlk_ext_00085,proc_ext_00439
dlk_proceso_0081;5;dlk_tbl_01919,gob_tbl_00152,gob_tbl_01939,dlk_tbl_03101,gob_tbl_00338;4;gob_tbl_01656,m4vw_tbl_03184,dlk_ext_00296,proc_ext_00011
dlk_proceso_0082;6;dlk_tbl_02499,dlk_tbl_01717,dlk_tbl_02175,dlk_tbl_02386,dlk_tbl_00878,proc_tbl_02144;9;dlk_tbl_01709,gob_tbl_01477,proc_tbl_00539,dash_tbl_00931,gob_tbl_01433,proc_ext_00065,gob_ext_00286,gob_ext_00119,dlk_ext_00334
dash_proceso_0083;5;dlk_tbl_02265,proc_tbl_02439,dash_tbl_01636,gob_tbl_01304,proc_tbl_03052;8;gob_tbl_02591,dash_tbl_03125,dlk_tbl_02764,gob_tbl_01065,dash_tbl_02348,std_ext_00246,gob_ext_00025,gob_ext_00227
dlk_proceso_0084;3;gob_tbl_02303,gob_tbl_02324,gob_tbl_00818;14;gob_tbl_02461,dlk_tbl_02480,std_tbl_02337,gob_tbl_02086,gob_tbl_00309,dlk_tbl_02356,dlk_tbl_02463,dash_tbl_01983,dlk_ext_00375,dlk_ext_00048,dlk_ext_00272,dash_ext_00200,proc_ext_00310,gob_ext_00274
dlk_proceso_0085;3;proc_tbl_01497,proc_tbl_02693,dash_tbl_02695;9;dlk_tbl_01473,proc_tbl_02288,dlk_tbl_00966,ppn_tbl_01328,gob_tbl_03224,gob_ext_00102,m4vw_ext_00423,dlk_ext_00272,dlk_ext_00110
dlk_proceso_0086;2;dash_tbl_02692,gob_tbl_00150;5;gob_tbl_00049,dlk_tbl_02109,dlk_tbl_01015,dlk_ext_00076,gob_ext_00340
proc_proceso_0087;2;dash_tbl_01671,gob_tbl_02920;7;dlk_tbl_01214,gob_tbl_02607,dash_tbl_02980,dlk_tbl_03245,proc_ext_00011,proc_ext_00432,proc_ext_00101
dlk_proceso_0088;6;gob_tbl_01839,dlk_tbl_00408,m4vw_tbl_01066,proc_tbl_00527,dlk_tbl_01404,dash_tbl_01295;9;dlk_tbl_03135,gob_tbl_02266,proc_tbl_03115,dlk_tbl_00737,gob_tbl_03309,dlk_ext_00472,dash_ext_00342,proc_ext_00049,gob_ext_00227
gob_proceso_0089;2;dlk_tbl_01661,dlk_tbl_02572;5;dlk_tbl_00260,dlk_tbl_01579,dlk_tbl_03190,proc_ext_00065,gob_ext_00318
dlk_proceso_0090;6;dlk_tbl_00545,dlk_tbl_01595,proc_tbl_00684,std_tbl_03151,dlk_tbl_03279,gob_tbl_01760;6;gob_tbl_01728,dlk_tbl_02274,proc_tbl_00890,dlk_ext_00181,gob_ext_00266,dlk_ext_00333
gob_proceso_0091;3;gob_tbl_00583,dlk_tbl_02837,dash_tbl_02466;12;gob_tbl_03179,dlk_tbl_00864,ppn_tbl_01266,dlk_tbl_02569,proc_tbl_01110,dash_tbl_01446,proc_tbl_02630,gob_ext_00082,gob_ext_00234,dlk_ext_00195,dlk_ext_00390,gob_ext_00106
gob_proceso_0092;5;gob_tbl_03075,gob_tbl_03157,proc_tbl_01347,gob_tbl_03011,dlk_tbl_01456;17;dlk_tbl_01404,dlk_tbl_02701,dlk_tbl_00007,gob_tbl_01433,dlk_tbl_02879,gob_tbl_03071,dlk_tbl_00821,dlk_tbl_00146,proc_tbl_02606,gob_tbl_00994,gob_ext_00336,gob_ext_00072,gob_ext_00118,proc_ext_00145,gob_ext_00005,dlk_ext_00244,gob_ext_00250
dlk_proceso_0093;5;proc_tbl_01611,dlk_tbl_01526,dlk_tbl_02453,dlk_tbl_01781,dlk_tbl_01291;14;gob_tbl_02771,gob_tbl_01132,gob_tbl_02085,dlk_tbl_02568,gob_tbl_02839,dlk_tbl_01229,proc_tbl_01699,gob_tbl_02661,proc_ext_00316,dash_ext_00342,proc_ext_00406,gob_ext_00418,proc_ext_00311,dash_ext_00247
proc_proceso_0094;6;dlk_tbl_03232,dlk_tbl_02173,dlk_tbl_02471,dlk_tbl_00983,proc_tbl_03005,gob_tbl_02488;10;dlk_tbl_00779,dash_tbl_00950,proc_tbl_00868,gob_tbl_01114,gob_tbl_00426,dlk_tbl_01596,dlk_ext_00324,gob_ext_00268,gob_ext_00253,proc_ext_00228
dlk_proceso_0095;5;proc_tbl_01340,gob_tbl_03057,dlk_tbl_00620,dlk_tbl_02087,proc_tbl_00896;7;dash_tbl_00384,std_tbl_01958,dlk_tbl_02448,m4vw_tbl_01946,dlk_ext_00242,gob_ext_00119,gob_ext_00023
proc_proceso_0096;2;dlk_tbl_01188,dlk_tbl_00670;12;dlk_tbl_00469,gob_tbl_02287,gob_tbl_01980,gob_tbl_02357,dash_tbl_01166,gob_tbl_00996,dlk_tbl_00935,gob_ext_00323,dlk_ext_00194,gob_ext_00099,gob_ext_00054,dlk_ext_00293
gob_proceso_0097;5;gob_tbl_02738,std_tbl_00089,gob_tbl_00415,dash_tbl_02246,dash_tbl_01210;14;gob_tbl_01884,gob_tbl_02150,dlk_tbl_03107,gob_tbl_01268,gob_tbl_02875,dlk_tbl_01055,gob_tbl_02436,gob_tbl_00557,gob_ext_00037,proc_ext_00409,dlk_ext_00035,gob_ext_00009,dash_ext_00200,proc_ext_00397
gob_proceso_0098;3;gob_tbl_01420,gob_tbl_00998,gob_tbl_01511;12;proc_tbl_01334,proc_tbl_01361,ppn_tbl_02195,dlk_tbl_02824,dlk_tbl_00441,proc_tbl_03164,proc_tbl_01110,dlk_ext_00184,dlk_ext_00469,dlk_ext_00142,proc_ext_00315,gob_ext_00222
proc_proceso_0099;5;proc_tbl_00902,proc_tbl_02584,gob_tbl_00621,proc_tbl_02457,proc_tbl_00543;8;gob_tbl_01587,std_tbl_01721,dlk_tbl_02537,dlk_tbl_02353,gob_tbl_00996,dlk_ext_00027,m4sco_ext_00369,m4vw_ext_00466
dash_proceso_0100;4;gob_tbl_00713,m4vw_tbl_02244,gob_tbl_00876,dlk_tbl_00504;6;std_tbl_01971,gob_tbl_01589,dlk_tbl_00334,gob_ext_00176,dlk_ext_00333,dlk_ext_00449
proc_proceso_0101;4;std_tbl_01665,gob_tbl_00774,m4sco_tbl_00266,gob_tbl_01667;4;std_tbl_02212,dlk_tbl_00365,dlk_ext_00244,gob_ext_00418
dash_proceso_0102;2;dlk_tbl_02406,dash_tbl_02301;7;dlk_tbl_02811,proc_tbl_03014,gob_tbl_01193,proc_tbl_00669,dlk_ext_00278,dlk_ext_00324,dlk_ext_00076
dlk_proceso_0103;5;dlk_tbl_02887,dlk_tbl_03107,dlk_tbl_01396,dlk_tbl_02741,ppn_tbl_00125;17;gob_tbl_01366,dlk_tbl_02477,gob_tbl_02707,dlk_tbl_01786,proc_tbl_02606,proc_tbl_01772,proc_tbl_03017,gob_tbl_02309,gob_tbl_02895,gob_tbl_02236,dlk_ext_00090,dlk_ext_00020,proc_ext_00320,dash_ext_00304,dlk_ext_00414,dlk_ext_00272,dlk_ext_00202
gob_proceso_0104;7;proc_tbl_03097,gob_tbl_03062,m4sco_tbl_03105,proc_tbl_02730,dash_tbl_02008,dlk_tbl_03049,dlk_tbl_00323;11;proc_tbl_01733,gob_tbl_02434,proc_tbl_01651,dlk_tbl_01707,gob_tbl_02359,dlk_tbl_00442,gob_ext_00295,gob_ext_00245,gob_ext_00269,ppn_ext_00108,proc_ext_00002
dlk_proceso_0105;4;gob_tbl_02961,gob_tbl_02056,dlk_tbl_02799,proc_tbl_00677;10;gob_tbl_01466,dlk_tbl_02109,dlk_tbl_00888,dlk_tbl_01059,std_tbl_02212,gob_tbl_01610,gob_ext_00372,std_ext_00355,proc_ext_00131,dlk_ext_00087
dlk_proceso_0106;2;std_tbl_00844,m4vw_tbl_01351;4;proc_tbl_01405,gob_tbl_01212,dlk_ext_00239,gob_ext_00129
gob_proceso_0107;2;gob_tbl_00343,dlk_tbl_00882;10;dlk_tbl_01607,gob_tbl_01350,dlk_tbl_00859,dash_tbl_01031,m4vw_tbl_00212,gob_tbl_00918,gob_ext_00023,gob_ext_00125,gob_ext_00284,m4vw_ext_00423
dlk_proceso_0108;4;gob_tbl_01485,dash_tbl_00443,dlk_tbl_02625,dlk_tbl_02650;5;gob_tbl_00326,dlk_tbl_00097,dlk_tbl_01519,gob_ext_00268,dlk_ext_00366
dlk_proceso_0109;8;dlk_tbl_00610,gob_tbl_03046,gob_tbl_02460,gob_tbl_00399,proc_tbl_02167,gob_tbl_00486,dash_tbl_01468,dlk_tbl_03003;6;dlk_tbl_02566,gob_tbl_01065,dlk_tbl_02560,gob_ext_00023,m4sco_ext_00000,dash_ext_00446
gob_proceso_0110;8;gob_tbl_00087,dlk_tbl_02258,proc_tbl_01443,proc_tbl_00444,gob_tbl_00004,m4sco_tbl_02015,proc_tbl_00968,dlk_tbl_00189;24;dlk_tbl_03245,gob_tbl_01433,dlk_tbl_01072,dlk_tbl_02939,gob_tbl_02115,gob_tbl_00956,gob_tbl_01103,gob_tbl_02938,dlk_tbl_03122,dlk_tbl_01333,dlk_tbl_01782,dash_tbl_01166,dlk_tbl_00135,proc_tbl_02680,proc_ext_00436,gob_ext_00014,gob_ext_00306,dlk_ext_00104,gob_ext_00269,gob_ext_00153,dlk_ext_00088,dlk_ext_00085,gob_ext_00461,gob_ext_00092
dlk_proceso_0111;5;dlk_tbl_02075,gob_tbl_01589,dlk_tbl_01168,gob_tbl_02247,dlk_tbl_02395;16;dlk_tbl_02814,ppn_tbl_02027,proc_tbl_01543,dlk_tbl_02280,dlk_tbl_00879,dlk_tbl_01572,gob_tbl_03224,proc_tbl_02919,gob_tbl_00484,dlk_ext_00244,gob_ext_00201,dlk_ext_00328,dlk_ext_00039,dash_ext_00446,gob_ext_00372,dlk_ext_00333
gob_proceso_0112;2;dash_tbl_02549,proc_tbl_01807;6;proc_tbl_02864,m4vw_tbl_01066,gob_tbl_03296,gob_ext_00117,proc_ext_00063,dlk_ext_00264
gob_proceso_0113;2;proc_tbl_02229,dlk_tbl_01564;7;proc_tbl_00234,proc_tbl_02849,dlk_tbl_03000,proc_tbl_03133,proc_ext_00049,dlk_ext_00272,m4sco_ext_00000
dash_proceso_0114;6;std_tbl_02768,gob_tbl_01115,dash_tbl_01360,dlk_tbl_01169,proc_tbl_02514,dlk_tbl_02679;11;dlk_tbl_01322,dash_tbl_02593,proc_tbl_01218,dlk_tbl_00670,gob_tbl_01089,gob_tbl_01018,dlk_ext_00195,gob_ext_00034,dlk_ext_00283,gob_ext_00340,gob_ext_00305
dash_proceso_0115;5;proc_tbl_02653,dlk_tbl_02421,proc_tbl_01067,gob_tbl_01010,proc_tbl_00977;13;dlk_tbl_00914,proc_tbl_02155,gob_tbl_00450,gob_tbl_01474,gob_tbl_01442,m4vw_tbl_02444,std_tbl_02079,gob_ext_00153,dlk_ext_00343,gob_ext_00234,gob_ext_00160,proc_ext_00002,proc_ext_00404
dlk_proceso_0116;7;gob_tbl_01239,dlk_tbl_00914,gob_tbl_00035,proc_tbl_01223,gob_tbl_02649,gob_tbl_00892,gob_tbl_01819;4;dlk_tbl_01510,dash_tbl_00293,std_ext_00447,dash_ext_00180
proc_proceso_0117;5;gob_tbl_00574,gob_tbl_01501,gob_tbl_01442,dlk_tbl_01455,proc_tbl_00838;8;dlk_tbl_00664,gob_tbl_02834,m4vw_tbl_03205,gob_tbl_02011,gob_tbl_03087,dlk_ext_00088,gob_ext_00394,proc_ext_00133
dlk_proceso_0118;6;proc_tbl_00559,gob_tbl_01423,dash_tbl_00062,std_tbl_01971,dlk_tbl_01201,dlk_tbl_01833;11;proc_tbl_02438,std_tbl_00350,proc_tbl_00969,dlk_tbl_01455,dlk_tbl_03010,gob_tbl_00641,gob_ext_00034,proc_ext_00145,dlk_ext_00293,gob_ext_00102,proc_ext_00311
dlk_proceso_0119;3;dlk_tbl_00226,gob_tbl_01254,dash_tbl_02621;13;dlk_tbl_00108,proc_tbl_00308,proc_tbl_00183,dlk_tbl_02877,gob_tbl_00913,dlk_tbl_02268,dlk_tbl_02507,dlk_ext_00076,std_ext_00455,gob_ext_00102,proc_ext_00174,dlk_ext_00169,gob_ext_00281
proc_proceso_0120;2;proc_tbl_03182,proc_tbl_00548;12;dlk_tbl_01805,dlk_tbl_00242,dlk_tbl_01153,proc_tbl_01598,gob_tbl_00790,proc_tbl_02144,proc_tbl_00857,gob_ext_00092,proc_ext_00309,proc_ext_00341,gob_ext_00318,gob_ext_00079
gob_proceso_0121;4;dlk_tbl_02520,gob_tbl_01591,gob_tbl_01481,gob_tbl_01437;12;proc_tbl_01025,dlk_tbl_03123,gob_tbl_01964,std_tbl_01958,gob_tbl_02536,dlk_tbl_01274,dlk_tbl_00630,proc_ext_00319,dlk_ext_00426,dlk_ext_00255,dlk_ext_00039,gob_ext_00376
dash_proceso_0122;5;std_tbl_01374,dlk_tbl_00886,gob_tbl_02893,gob_tbl_00500,gob_tbl_01882;8;dlk_tbl_03045,gob_tbl_01189,dlk_tbl_02904,gob_tbl_02342,gob_tbl_02540,proc_ext_00315,dlk_ext_00243,dlk_ext_00130
dlk_proceso_0123;4;gob_tbl_02077,gob_tbl_01138,dash_tbl_00547,dash_tbl_03290;5;dlk_tbl_01520,proc_tbl_01386,gob_tbl_03015,gob_ext_00395,dlk_ext_00231
dlk_proceso_0124;4;dlk_tbl_00859,gob_tbl_02278,gob_tbl_00510,proc_tbl_01495;7;gob_tbl_01268,dlk_tbl_00222,dlk_tbl_02959,dlk_tbl_03172,dlk_ext_00469,gob_ext_00325,dash_ext_00460
dash_proceso_0125;3;gob_tbl_00585,proc_tbl_03164,dlk_tbl_00475;14;dash_tbl_01502,gob_tbl_01152,proc_tbl_01931,gob_tbl_01106,gob_tbl_02131,dlk_tbl_00979,gob_tbl_01959,dlk_tbl_01891,dlk_ext_00030,dash_ext_00200,dlk_ext_00333,dlk_ext_00413,proc_ext_00434,dlk_ext_00026
proc_proceso_0126;3;dlk_tbl_02171,gob_tbl_01686,std_tbl_02431;11;gob_tbl_02188,gob_tbl_02393,proc_tbl_00596,gob_tbl_01102,dlk_tbl_02422,proc_tbl_01183,gob_ext_00303,gob_ext_00046,gob_ext_00077,gob_ext_00023,gob_ext_00273
dash_proceso_0127;8;dlk_tbl_03012,gob_tbl_02842,dlk_tbl_02541,dlk_tbl_01454,std_tbl_01794,dlk_tbl_02580,gob_tbl_01408,dlk_tbl_02882;19;dlk_tbl_00469,gob_tbl_03224,dash_tbl_02899,gob_tbl_01065,gob_tbl_03018,proc_tbl_01619,dlk_tbl_02712,gob_tbl_02115,dlk_tbl_02233,proc_tbl_01570,std_tbl_01739,proc_ext_00011,proc_ext_00089,dlk_ext_00265,proc_ext_00066,gob_ext_00416,gob_ext_00270,dlk_ext_00003,dlk_ext_00088
dlk_proceso_0128;5;dash_tbl_03175,gob_tbl_03209,dlk_tbl_01157,std_tbl_00290,proc_tbl_00870;9;dlk_tbl_02098,gob_tbl_00247,proc_tbl_00733,dlk_tbl_03214,proc_tbl_01121,dlk_ext_00366,gob_ext_00269,dlk_ext_00184,proc_ext_00309
dlk_proceso_0129;4;gob_tbl_02135,gob_tbl_00018,dlk_tbl_01050,dlk_tbl_02200;3;dlk_tbl_00984,dlk_tbl_02865,std_ext_00407
proc_proceso_0130;3;dlk_tbl_02764,proc_tbl_02849,dlk_tbl_00225;6;m4sco_tbl_02985,gob_tbl_03291,gob_tbl_00918,gob_ext_00376,gob_ext_00046,gob_ext_00356
gob_proceso_0131;6;proc_tbl_01517,gob_tbl_00532,dlk_tbl_01592,dlk_tbl_00220,gob_tbl_02929,std_tbl_01412;15;proc_tbl_01507,gob_tbl_00078,proc_tbl_01324,gob_tbl_00635,dlk_tbl_02435,proc_tbl_02903,proc_tbl_01651,gob_tbl_02115,dlk_tbl_02569,proc_ext_00063,dlk_ext_00006,dlk_ext_00231,dlk_ext_00093,dlk_ext_00389,gob_ext_00270
gob_proceso_0132;5;gob_tbl_03020,dlk_tbl_01573,dash_tbl_00855,dlk_tbl_01322,dlk_tbl_02977;13;dlk_tbl_00065,dlk_tbl_01059,proc_tbl_00896,std_tbl_01288,dash_tbl_02651,dlk_tbl_01604,dlk_tbl_02274,gob_ext_00356,gob_ext_00461,dlk_ext_00184,std_ext_00246,dlk_ext_00139,proc_ext_00320
dlk_proceso_0133;2;gob_tbl_02219,dash_tbl_01359;4;proc_tbl_03265,dlk_tbl_01550,proc_ext_00319,proc_ext_00431
proc_proceso_0134;5;m4sco_tbl_03311,dlk_tbl_03095,dlk_tbl_02696,gob_tbl_02742,m4vw_tbl_00297;9;gob_tbl_02046,proc_tbl_00757,gob_tbl_02994,proc_tbl_01771,gob_tbl_00809,dash_ext_00123,dlk_ext_00272,dlk_ext_00230,dash_ext_00411
dlk_proceso_0135;6;dash_tbl_01614,gob_tbl_03098,gob_tbl_01759,gob_tbl_02721,gob_tbl_02805,dlk_tbl_02987;13;gob_tbl_01442,dash_tbl_01389,dlk_tbl_01214,gob_tbl_01138,ppn_tbl_01328,gob_tbl_00641,dlk_tbl_01960,gob_ext_00040,proc_ext_00341,dlk_ext_00283,gob_ext_00160,gob_ext_00102,dlk_ext_00428
proc_proceso_0136;6;dlk_tbl_03226,dlk_tbl_01014,dlk_tbl_00791,gob_tbl_02728,dlk_tbl_01894,dlk_tbl_02694;13;proc_tbl_01202,proc_tbl_02199,dlk_tbl_02138,gob_tbl_00813,gob_tbl_00956,gob_tbl_00943,dlk_tbl_00567,std_ext_00407,gob_ext_00374,dlk_ext_00107,dlk_ext_00181,std_ext_00447,dlk_ext_00026
gob_proceso_0137;3;gob_tbl_01693,proc_tbl_00487,gob_tbl_02540;10;dash_tbl_02672,proc_tbl_01016,gob_tbl_02994,dash_tbl_00405,proc_tbl_00893,dash_tbl_01401,gob_ext_00457,dlk_ext_00298,proc_ext_00141,proc_ext_00049
gob_proceso_0138;4;dlk_tbl_01572,proc_tbl_00110,dlk_tbl_02240,dlk_tbl_00121;14;gob_tbl_03207,m4sco_tbl_02874,gob_tbl_02589,gob_tbl_03030,m4sco_tbl_00904,gob_tbl_03262,gob_tbl_00497,dlk_tbl_00065,dlk_ext_00175,dlk_ext_00458,dlk_ext_00366,gob_ext_00306,dlk_ext_00334,proc_ext_00429
gob_proceso_0139;5;gob_tbl_03022,gob_tbl_01896,dlk_tbl_03114,proc_tbl_00285,gob_tbl_01559;8;std_tbl_01971,gob_tbl_01621,proc_tbl_03206,proc_tbl_02502,dlk_tbl_01960,m4vw_ext_00423,proc_ext_00049,gob_ext_00323
gob_proceso_0140;5;proc_tbl_00199,dlk_tbl_00370,dlk_tbl_02613,proc_tbl_00183,dlk_tbl_01314;5;proc_tbl_03152,gob_tbl_02795,dlk_tbl_00721,gob_ext_00291,dash_ext_00180
dlk_proceso_0141;3;gob_tbl_02311,proc_tbl_02630,proc_tbl_01088;7;gob_tbl_01759,dash_tbl_01837,dlk_tbl_02844,gob_tbl_02242,gob_ext_00403,gob_ext_00456,dlk_ext_00035
proc_proceso_0142;5;gob_tbl_00301,proc_tbl_01164,dlk_tbl_00511,proc_tbl_00733,gob_tbl_00654;7;gob_tbl_00318,gob_tbl_03207,dlk_tbl_00141,gob_tbl_02880,gob_ext_00222,gob_ext_00323,dlk_ext_00469
gob_proceso_0143;3;gob_tbl_03015,gob_tbl_02162,dlk_tbl_02223;13;gob_tbl_00115,dlk_tbl_00516,gob_tbl_00448,gob_tbl_00131,dlk_tbl_02628,dlk_tbl_00612,std_tbl_00561,gob_ext_00040,proc_ext_00386,std_ext_00159,gob_ext_00305,dlk_ext_00039,gob_ext_00234
dlk_proceso_0144;7;dlk_tbl_03019,proc_tbl_01016,gob_tbl_01877,dash_tbl_00842,proc_tbl_02841,gob_tbl_01884,proc_tbl_03204;1;dlk_tbl_02942
gob_proceso_0145;2;gob_tbl_01879,gob_tbl_02479;6;dlk_tbl_02283,dlk_tbl_01597,proc_tbl_00160,gob_ext_00340,gob_ext_00116,dlk_ext_00265
dash_proceso_0146;5;gob_tbl_00759,gob_tbl_03106,gob_tbl_02744,dash_tbl_01389,dash_tbl_02307;12;std_tbl_01412,dlk_tbl_00242,dlk_tbl_01124,gob_tbl_03110,dlk_tbl_02637,dlk_tbl_01568,dash_tbl_00624,dlk_ext_00181,dlk_ext_00080,dlk_ext_00239,proc_ext_00065,dlk_ext_00426
proc_proceso_0147;5;m4vw_tbl_00136,dash_tbl_01192,proc_tbl_03150,gob_tbl_02611,proc_tbl_02388;5;gob_tbl_03057,gob_tbl_02279,gob_tbl_00186,gob_ext_00475,proc_ext_00232
dlk_proceso_0148;3;gob_tbl_02690,std_tbl_02793,gob_tbl_00788;9;proc_tbl_01552,gob_tbl_02813,m4vw_tbl_02244,gob_tbl_00715,dlk_tbl_00100,dash_ext_00294,dash_ext_00022,proc_ext_00011,proc_ext_00145
dlk_proceso_0149;6;dlk_tbl_00707,dlk_tbl_03304,proc_tbl_00766,dlk_tbl_01027,dlk_tbl_00793,dlk_tbl_00957;16;proc_tbl_01000,dash_tbl_00377,gob_tbl_00912,proc_tbl_02341,gob_tbl_03185,gob_tbl_02279,dash_tbl_00414,gob_tbl_00735,proc_tbl_02438,gob_ext_00153,gob_ext_00273,dlk_ext_00097,std_ext_00448,dlk_ext_00230,proc_ext_00011,dlk_ext_00426
dlk_proceso_0150;5;dlk_tbl_00184,dlk_tbl_03140,proc_tbl_02250,proc_tbl_01903,gob_tbl_00923;4;ppn_tbl_02500,gob_tbl_00132,gob_ext_00318,dlk_ext_00107
gob_proceso_0151;5;dash_tbl_00345,proc_tbl_03109,gob_tbl_02401,dash_tbl_00523,gob_tbl_02033;14;gob_tbl_00051,proc_tbl_00539,proc_tbl_00980,std_tbl_03197,gob_tbl_02056,std_tbl_01658,dlk_tbl_03225,dlk_tbl_01652,dlk_ext_00464,dlk_ext_00103,gob_ext_00438,dlk_ext_00467,dlk_ext_00084,gob_ext_00234
dlk_proceso_0152;7;proc_tbl_02838,dash_tbl_00267,gob_tbl_00476,gob_tbl_01215,dash_tbl_00265,gob_tbl_01251,dlk_tbl_02445;9;gob_tbl_02166,dlk_tbl_01606,proc_tbl_00758,dlk_tbl_02495,gob_tbl_01222,dlk_ext_00343,dlk_ext_00267,proc_ext_00131,gob_ext_00359
dlk_proceso_0153;5;gob_tbl_01587,gob_tbl_02798,gob_tbl_02697,dlk_tbl_02143,dlk_tbl_01053;7;gob_tbl_01998,std_tbl_00089,dlk_tbl_00417,dlk_tbl_00768,dash_ext_00304,dlk_ext_00036,dlk_ext_00366
gob_proceso_0154;6;proc_tbl_01484,m4vw_tbl_01424,gob_tbl_02718,proc_tbl_00362,gob_tbl_00520,gob_tbl_03001;6;gob_tbl_02960,proc_tbl_02442,proc_tbl_01586,dlk_ext_00285,gob_ext_00199,dash_ext_00294
proc_proceso_0155;5;dlk_tbl_02272,dlk_tbl_02109,dlk_tbl_01052,gob_tbl_00223,dlk_tbl_01786;7;gob_tbl_02023,dlk_tbl_01338,proc_tbl_00576,dash_tbl_01937,dlk_ext_00173,dash_ext_00346,dash_ext_00083
dlk_proceso_0156;3;gob_tbl_00794,dlk_tbl_01597,dlk_tbl_01136;11;gob_tbl_01152,gob_tbl_02434,dlk_tbl_01687,m4vw_tbl_00212,m4vw_tbl_00865,dlk_tbl_01709,dlk_ext_00062,dash_ext_00364,gob_ext_00281,dlk_ext_00390,dlk_ext_00267
proc_proceso_0157;6;dlk_tbl_02644,dlk_tbl_01399,gob_tbl_01358,dlk_tbl_01062,proc_tbl_01791,gob_tbl_03060;6;dlk_tbl_02569,proc_tbl_00505,proc_tbl_01503,gob_ext_00376,dlk_ext_00097,gob_ext_00082
dlk_proceso_0158;6;dash_tbl_00231,dlk_tbl_01240,dash_tbl_01130,gob_tbl_02657,std_tbl_03160,dlk_tbl_00664;4;proc_tbl_02442,gob_tbl_02279,dlk_ext_00230,proc_ext_00174
proc_proceso_0159;4;gob_tbl_02725,dlk_tbl_02032,gob_tbl_00692,proc_tbl_02869;10;dlk_tbl_01307,gob_tbl_00583,dlk_tbl_03171,m4vw_tbl_00098,dlk_tbl_01568,gob_tbl_00273,dlk_ext_00210,gob_ext_00098,proc_ext_00315,dlk_ext_00426
gob_proceso_0160;3;gob_tbl_02973,proc_tbl_02082,gob_tbl_02426;11;gob_tbl_00985,gob_tbl_02670,gob_tbl_02528,proc_tbl_03182,proc_tbl_03206,gob_tbl_02731,gob_ext_00291,dlk_ext_00363,dlk_ext_00224,dash_ext_00257,gob_ext_00418
dlk_proceso_0161;4;proc_tbl_02429,gob_tbl_00496,dlk_tbl_01441,dlk_tbl_00286;8;dlk_tbl_01428,gob_tbl_01559,gob_tbl_00206,dash_tbl_02980,dlk_tbl_00680,dlk_ext_00184,proc_ext_00141,proc_ext_00131
dlk_proceso_0162;3;proc_tbl_01516,gob_tbl_01049,proc_tbl_02428;17;gob_tbl_02554,proc_tbl_02976,proc_tbl_00727,dlk_tbl_02620,gob_tbl_00411,m4sco_tbl_03311,proc_tbl_00282,dash_tbl_01912,dlk_tbl_01741,dlk_tbl_03171,dlk_ext_00398,gob_ext_00373,dlk_ext_00068,proc_ext_00156,dlk_ext_00202,gob_ext_00218,dash_ext_00304
dlk_proceso_0163;3;proc_tbl_00455,proc_tbl_02442,gob_tbl_01356;11;gob_tbl_01492,gob_tbl_01532,dlk_tbl_01297,dash_tbl_00547,std_tbl_01525,proc_tbl_02392,std_ext_00407,dlk_ext_00093,gob_ext_00427,dlk_ext_00071,dlk_ext_00142
dash_proceso_0164;6;dlk_tbl_01148,dlk_tbl_00854,std_tbl_01603,dlk_tbl_01483,gob_tbl_00322,gob_tbl_02241;6;gob_tbl_00578,dlk_tbl_02490,gob_tbl_01474,proc_ext_00002,dlk_ext_00470,gob_ext_00306
dlk_proceso_0165;6;gob_tbl_02357,dlk_tbl_03212,gob_tbl_00536,gob_tbl_02277,gob_tbl_02612,std_tbl_00046;11;proc_tbl_01373,gob_tbl_02744,m4sco_tbl_01821,proc_tbl_01507,dash_tbl_02909,gob_tbl_00329,gob_ext_00451,gob_ext_00067,dash_ext_00083,dash_ext_00123,proc_ext_00386
dlk_proceso_0166;4;m4sco_tbl_01876,proc_tbl_00987,m4vw_tbl_00772,gob_tbl_02775;7;gob_tbl_02322,proc_tbl_02153,gob_tbl_00693,gob_tbl_02528,gob_ext_00461,dlk_ext_00148,dlk_ext_00469
proc_proceso_0167;5;dlk_tbl_02546,dlk_tbl_02698,gob_tbl_00133,gob_tbl_00375,proc_tbl_03100;5;dlk_tbl_01962,dlk_tbl_00564,proc_tbl_03301,dlk_ext_00104,proc_ext_00421
gob_proceso_0168;4;dlk_tbl_02513,dlk_tbl_01307,dlk_tbl_01853,proc_tbl_01762;11;proc_tbl_01957,gob_tbl_00393,dlk_tbl_01171,proc_tbl_01743,gob_tbl_02150,dash_tbl_02651,gob_ext_00220,dlk_ext_00453,gob_ext_00356,proc_ext_00436,dlk_ext_00175
dlk_proceso_0169;4;proc_tbl_00566,gob_tbl_00662,gob_tbl_02352,proc_tbl_02174;4;dash_tbl_02034,dlk_tbl_02904,gob_ext_00323,proc_ext_00320
dlk_proceso_0170;2;dlk_tbl_03201,dlk_tbl_02374;8;ppn_tbl_02195,gob_tbl_02297,dlk_tbl_01449,dlk_tbl_00796,dlk_tbl_00795,proc_ext_00011,gob_ext_00125,proc_ext_00065
dlk_proceso_0171;4;dlk_tbl_03042,dash_tbl_02908,proc_tbl_00905,dash_tbl_01720;11;dash_tbl_00293,dlk_tbl_00768,gob_tbl_01777,dlk_tbl_00286,dlk_tbl_00416,gob_tbl_02531,gob_ext_00281,dlk_ext_00166,proc_ext_00049,dlk_ext_00042,std_ext_00064
dlk_proceso_0172;4;dlk_tbl_00027,gob_tbl_00138,gob_tbl_02130,gob_tbl_02555;10;gob_tbl_00208,proc_tbl_00556,proc_tbl_01586,dlk_tbl_02385,gob_tbl_00654,dlk_tbl_01034,dlk_ext_00366,dlk_ext_00469,dash_ext_00405,gob_ext_00054
gob_proceso_0173;6;gob_tbl_00437,gob_tbl_00786,dlk_tbl_01436,gob_tbl_01865,proc_tbl_01660,proc_tbl_02946;9;dlk_tbl_00644,dlk_tbl_02619,gob_tbl_00788,gob_tbl_02472,gob_tbl_03076,gob_ext_00037,dlk_ext_00378,dlk_ext_00413,proc_ext_00187
dlk_proceso_0174;2;gob_tbl_02952,gob_tbl_01035;12;gob_tbl_02803,dlk_tbl_00989,gob_tbl_01873,gob_tbl_01311,dlk_tbl_00053,proc_tbl_03037,dlk_tbl_01180,gob_ext_00373,std_ext_00179,dlk_ext_00048,dash_ext_00022,dlk_ext_00039
dlk_proceso_0175;5;gob_tbl_00481,dash_tbl_02550,gob_tbl_01724,gob_tbl_00705,dlk_tbl_00250;13;proc_tbl_01845,gob_tbl_01775,dash_tbl_02465,dlk_tbl_00088,ppn_tbl_00506,gob_tbl_00140,dlk_tbl_02406,std_ext_00248,proc_ext_00431,gob_ext_00023,dlk_ext_00467,proc_ext_00232,dlk_ext_00195
dash_proceso_0176;4;dlk_tbl_00827,proc_tbl_00016,dlk_tbl_02154,std_tbl_01641;4;dlk_tbl_02835,gob_tbl_00228,gob_ext_00099,gob_ext_00061
dlk_proceso_0177;5;gob_tbl_02607,dlk_tbl_00420,dash_tbl_01128,dlk_tbl_02926,dlk_tbl_02081;15;dlk_tbl_01582,dlk_tbl_01856,dlk_tbl_00983,gob_tbl_02325,dash_tbl_02469,proc_tbl_01841,dash_tbl_02700,gob_tbl_00314,dlk_tbl_01235,dlk_ext_00272,proc_ext_00386,dash_ext_00460,gob_ext_00067,dash_ext_00342,gob_ext_00122
proc_proceso_0178;5;dlk_tbl_00884,gob_tbl_02832,proc_tbl_01405,dlk_tbl_02921,dlk_tbl_03067;12;dlk_tbl_00260,gob_tbl_02731,gob_tbl_01335,gob_tbl_01092,gob_tbl_03222,proc_tbl_00160,proc_tbl_02176,gob_ext_00069,dlk_ext_00467,gob_ext_00287,dlk_ext_00142,gob_ext_00082
gob_proceso_0179;6;dlk_tbl_00270,std_tbl_02816,std_tbl_03035,m4vw_tbl_00898,dlk_tbl_00951,dlk_tbl_03044;4;proc_tbl_02358,dlk_tbl_01051,proc_ext_00089,dlk_ext_00104
dlk_proceso_0180;7;proc_tbl_00114,gob_tbl_02737,dlk_tbl_02761,dlk_tbl_02932,gob_tbl_01540,dlk_tbl_01514,dlk_tbl_00864;20;gob_tbl_00140,proc_tbl_03013,gob_tbl_01365,m4sco_tbl_01779,gob_tbl_01152,dlk_tbl_02617,dlk_tbl_02280,proc_tbl_02876,gob_tbl_02221,dlk_tbl_02637,dlk_tbl_01496,dash_tbl_00413,dlk_ext_00062,dlk_ext_00181,gob_ext_00416,std_ext_00179,gob_ext_00235,gob_ext_00273,dash_ext_00304,dlk_ext_00026
proc_proceso_0181;6;gob_tbl_00197,std_tbl_03300,proc_tbl_02093,gob_tbl_02532,gob_tbl_02316,gob_tbl_01889;15;proc_tbl_01000,dlk_tbl_02448,dlk_tbl_01201,std_tbl_00167,gob_tbl_02783,dlk_tbl_02806,proc_tbl_00857,gob_tbl_03063,dlk_tbl_00783,dlk_ext_00324,gob_ext_00349,std_ext_00402,dlk_ext_00265,proc_ext_00310,dlk_ext_00312
proc_proceso_0182;4;dlk_tbl_01530,dlk_tbl_00770,dlk_tbl_03190,dlk_tbl_02643;10;proc_tbl_02383,dlk_tbl_02400,gob_tbl_02901,dlk_tbl_00302,dash_tbl_03287,std_tbl_02673,gob_ext_00125,gob_ext_00433,proc_ext_00421,gob_ext_00162
dlk_proceso_0183;2;gob_tbl_02733,proc_tbl_01298;7;gob_tbl_02382,dlk_tbl_02535,ppn_tbl_02687,dlk_tbl_00244,gob_ext_00291,gob_ext_00254,dash_ext_00180
gob_proceso_0184;8;dlk_tbl_02058,gob_tbl_01610,gob_tbl_02808,dlk_tbl_00933,gob_tbl_01312,proc_tbl_02827,proc_tbl_00822,dlk_tbl_00467;6;std_tbl_01525,dlk_tbl_02637,proc_tbl_02852,gob_ext_00368,dlk_ext_00107,dlk_ext_00328
proc_proceso_0185;5;dlk_tbl_01848,std_tbl_01002,dlk_tbl_02116,gob_tbl_01922,proc_tbl_02284;9;dlk_tbl_02911,proc_tbl_03206,m4vw_tbl_01362,dash_tbl_03137,dlk_tbl_00424,dash_ext_00095,proc_ext_00315,dlk_ext_00124,std_ext_00105
dash_proceso_0186;3;dlk_tbl_01607,dlk_tbl_01349,std_tbl_00513;13;gob_tbl_02484,gob_tbl_02115,dash_tbl_02336,gob_tbl_01264,dlk_tbl_00238,gob_tbl_03217,proc_tbl_02682,gob_ext_00291,dlk_ext_00467,proc_ext_00216,m4sco_ext_00170,dlk_ext_00244,dlk_ext_00088
dash_proceso_0187;3;dlk_tbl_02425,dash_tbl_00203,dlk_tbl_03128;6;proc_tbl_02876,proc_tbl_00969,dlk_tbl_01522,dlk_ext_00240,proc_ext_00330,gob_ext_00250
dlk_proceso_0188;4;gob_tbl_00115,gob_tbl_02589,dlk_tbl_00676,gob_tbl_00715;10;dlk_tbl_00783,m4sco_tbl_00982,gob_tbl_02532,dlk_tbl_01186,proc_tbl_03301,dlk_tbl_00361,gob_ext_00356,proc_ext_00439,gob_ext_00147,dash_ext_00112
gob_proceso_0189;6;gob_tbl_02944,dash_tbl_02182,dlk_tbl_03172,dlk_tbl_01734,gob_tbl_00026,std_tbl_01761;11;gob_tbl_01065,dlk_tbl_03213,dash_tbl_00354,dlk_tbl_01564,gob_tbl_03020,dlk_tbl_00620,dash_ext_00257,dlk_ext_00370,dlk_ext_00039,gob_ext_00125,proc_ext_00320
gob_proceso_0190;4;dlk_tbl_02000,gob_tbl_02641,dlk_tbl_00721,proc_tbl_02468;5;gob_tbl_01422,dlk_tbl_03201,gob_tbl_03098,gob_ext_00266,dlk_ext_00426
proc_proceso_0191;4;proc_tbl_01991,dlk_tbl_02701,gob_tbl_01232,gob_tbl_01123;17;dlk_tbl_00260,dlk_tbl_01020,dlk_tbl_02921,proc_tbl_00308,gob_tbl_03157,dlk_tbl_02977,proc_tbl_01000,dlk_tbl_00464,dash_tbl_00490,std_tbl_00844,m4sco_ext_00170,dlk_ext_00188,gob_ext_00451,dlk_ext_00041,gob_ext_00382,gob_ext_00067,dlk_ext_00449
proc_proceso_0192;8;dash_tbl_02750,gob_tbl_01728,proc_tbl_01810,gob_tbl_01122,dlk_tbl_00085,gob_tbl_03078,gob_tbl_00127,dlk_tbl_01886;23;dlk_tbl_03303,dlk_tbl_01432,gob_tbl_03063,gob_tbl_02106,dlk_tbl_01576,dlk_tbl_01048,dlk_tbl_00915,std_tbl_01112,gob_tbl_00489,gob_tbl_01906,dlk_tbl_01081,dlk_tbl_02485,dlk_tbl_01015,dlk_ext_00149,gob_ext_00374,dlk_ext_00272,proc_ext_00101,gob_ext_00023,proc_ext_00017,proc_ext_00004,gob_ext_00153,dlk_ext_00103,gob_ext_00061
dlk_proceso_0193;3;proc_tbl_00889,gob_tbl_02591,dlk_tbl_00244;12;proc_tbl_00866,dlk_tbl_00783,dlk_tbl_00873,gob_tbl_02697,proc_tbl_03297,dlk_tbl_01592,gob_tbl_02834,std_ext_00179,proc_ext_00089,dlk_ext_00185,dlk_ext_00240,proc_ext_00316
proc_proceso_0194;4;ppn_tbl_00506,m4sco_tbl_01213,gob_tbl_01250,gob_tbl_01580;12;dlk_tbl_02000,dlk_tbl_02764,dlk_tbl_02631,dlk_tbl_00100,proc_tbl_01334,gob_tbl_00450,dlk_tbl_01482,dlk_ext_00389,proc_ext_00049,dlk_ext_00188,dlk_ext_00093,gob_ext_00118
dlk_proceso_0195;4;gob_tbl_01152,dlk_tbl_02688,dlk_tbl_00359,gob_tbl_01744;6;m4sco_tbl_00568,gob_tbl_01442,gob_tbl_00482,dlk_ext_00237,gob_ext_00280,dlk_ext_00389
dash_proceso_0196;6;gob_tbl_02325,gob_tbl_03185,dlk_tbl_00387,dlk_tbl_02830,gob_tbl_01648,dlk_tbl_02024;11;gob_tbl_01366,gob_tbl_00730,gob_tbl_02322,dlk_tbl_02156,proc_tbl_00407,dlk_tbl_00259,proc_ext_00386,dlk_ext_00155,std_ext_00465,proc_ext_00249,gob_ext_00266
proc_proceso_0197;7;dlk_tbl_02398,gob_tbl_01787,dlk_tbl_02856,gob_tbl_01040,gob_tbl_01306,ppn_tbl_02501,dlk_tbl_02264;9;dash_tbl_03250,dlk_tbl_02378,dlk_tbl_00644,dash_tbl_02908,dlk_tbl_01186,dlk_ext_00365,proc_ext_00430,gob_ext_00160,dlk_ext_00111
dlk_proceso_0198;4;ppn_tbl_02030,gob_tbl_02036,dlk_tbl_00916,dlk_tbl_00074;12;dlk_tbl_01171,proc_tbl_02096,gob_tbl_02720,proc_tbl_01007,dlk_tbl_01283,dlk_tbl_00077,gob_tbl_01049,gob_ext_00135,gob_ext_00291,dlk_ext_00236,dlk_ext_00103,gob_ext_00274
proc_proceso_0199;3;gob_tbl_01174,dlk_tbl_00416,dlk_tbl_01274;14;gob_tbl_01585,dash_tbl_00122,proc_tbl_01899,gob_tbl_02101,gob_tbl_02308,gob_tbl_00852,proc_tbl_00154,dlk_tbl_01059,dash_ext_00123,gob_ext_00331,gob_ext_00254,dlk_ext_00285,dlk_ext_00090,gob_ext_00106
dash_proceso_0200;7;dlk_tbl_00467,gob_tbl_00331,gob_tbl_00803,dlk_tbl_00978,proc_tbl_00224,dlk_tbl_02440,dlk_tbl_00400;9;gob_tbl_03302,gob_tbl_02241,gob_tbl_02304,dlk_tbl_02932,gob_tbl_01737,proc_ext_00436,dlk_ext_00175,gob_ext_00418,proc_ext_00213
dlk_proceso_0201;8;gob_tbl_00423,gob_tbl_00273,gob_tbl_00208,dlk_tbl_00697,dlk_tbl_01510,std_tbl_03282,gob_tbl_00448,proc_tbl_00577;23;proc_tbl_02093,proc_tbl_00896,dash_tbl_02910,proc_tbl_02871,m4vw_tbl_02567,proc_tbl_00016,gob_tbl_00272,gob_tbl_03011,gob_tbl_00621,dlk_tbl_01573,dlk_tbl_02318,dlk_tbl_01119,dlk_tbl_00827,dlk_ext_00175,dlk_ext_00148,dlk_ext_00244,gob_ext_00268,proc_ext_00385,dlk_ext_00139,dash_ext_00056,gob_ext_00340,proc_ext_00341,dlk_ext_00285
dlk_proceso_0202;2;gob_tbl_01098,proc_tbl_00425;6;dlk_tbl_01984,gob_tbl_01317,dash_tbl_02975,gob_ext_00091,gob_ext_00282,proc_ext_00341
proc_proceso_0203;4;dlk_tbl_01479,gob_tbl_03030,gob_tbl_00761,dlk_tbl_03216;4;gob_tbl_01878,dlk_tbl_01898,gob_ext_00118,gob_ext_00233
proc_proceso_0204;4;dlk_tbl_00924,proc_tbl_03288,gob_tbl_02840,dash_tbl_02896;10;proc_tbl_02288,dlk_tbl_01076,gob_tbl_00936,gob_tbl_00911,proc_tbl_00727,dash_tbl_03287,dlk_ext_00036,gob_ext_00153,dlk_ext_00195,dash_ext_00180
gob_proceso_0205;2;dash_tbl_01165,std_tbl_02063;6;gob_tbl_00383,dlk_tbl_01297,gob_tbl_02102,gob_ext_00241,dash_ext_00342,gob_ext_00297
proc_proceso_0206;6;proc_tbl_00703,proc_tbl_02966,dash_tbl_00008,gob_tbl_03210,dash_tbl_01205,dlk_tbl_02547;15;proc_tbl_03150,gob_tbl_02299,proc_tbl_01079,dlk_tbl_00302,gob_tbl_00102,dash_tbl_02194,std_tbl_02564,dlk_tbl_01421,dlk_tbl_00610,dlk_ext_00088,dash_ext_00083,gob_ext_00394,m4vw_ext_00423,dlk_ext_00104,dlk_ext_00013
proc_proceso_0207;2;dlk_tbl_01413,proc_tbl_02292;12;dlk_tbl_02203,gob_tbl_00524,gob_tbl_02411,gob_tbl_00018,gob_tbl_01219,proc_tbl_00905,proc_tbl_01810,proc_ext_00442,dlk_ext_00084,dlk_ext_00472,gob_ext_00457,gob_ext_00254
proc_proceso_0208;3;gob_tbl_00649,gob_tbl_02884,proc_tbl_02559;12;proc_tbl_02900,dlk_tbl_00914,gob_tbl_01082,dlk_tbl_01470,proc_tbl_02849,dlk_tbl_01076,gob_tbl_03208,dlk_ext_00334,gob_ext_00418,dlk_ext_00172,gob_ext_00273,proc_ext_00409
gob_proceso_0209;5;gob_tbl_02497,dlk_tbl_03251,dash_tbl_00519,dlk_tbl_00434,dlk_tbl_01902;13;gob_tbl_02115,proc_tbl_01025,std_tbl_00700,dlk_tbl_01850,std_tbl_00728,gob_tbl_01232,proc_tbl_02412,dlk_ext_00445,ppn_ext_00463,proc_ext_00436,dlk_ext_00462,dlk_ext_00390,dlk_ext_00298
dlk_proceso_0210;3;dash_tbl_01385,dlk_tbl_00920,gob_tbl_03217;11;gob_tbl_00403,dlk_tbl_00783,dlk_tbl_02619,proc_tbl_02149,proc_tbl_01218,proc_tbl_02176,dlk_ext_00378,dlk_ext_00237,dlk_ext_00041,proc_ext_00261,gob_ext_00268
gob_proceso_0211;3;std_tbl_01555,proc_tbl_01570,gob_tbl_00207;12;dlk_tbl_01235,dlk_tbl_01014,proc_tbl_03115,gob_tbl_03015,gob_tbl_01883,proc_tbl_01329,gob_tbl_01017,gob_ext_00461,dlk_ext_00293,dlk_ext_00296,dlk_ext_00285,dlk_ext_00343
dash_proceso_0212;5;dash_tbl_00453,proc_tbl_02794,gob_tbl_02661,dlk_tbl_02268,dlk_tbl_01662;12;dlk_tbl_01595,dash_tbl_01881,proc_tbl_01928,gob_tbl_01323,proc_tbl_01135,gob_tbl_00284,proc_tbl_00862,dash_ext_00299,dash_ext_00180,gob_ext_00291,std_ext_00447,dlk_ext_00298
dlk_proceso_0213;3;gob_tbl_01872,dlk_tbl_01707,gob_tbl_01529;8;gob_tbl_02531,gob_tbl_00973,dash_tbl_00258,gob_tbl_02708,dash_tbl_00811,dlk_ext_00068,gob_ext_00392,m4vw_ext_00423
gob_proceso_0214;4;gob_tbl_01458,std_tbl_02337,dlk_tbl_02705,gob_tbl_01220;12;dlk_tbl_01249,dlk_tbl_00934,proc_tbl_00505,proc_tbl_01517,dlk_tbl_00989,dlk_tbl_01929,proc_tbl_00758,dlk_ext_00026,gob_ext_00456,gob_ext_00222,dlk_ext_00184,dlk_ext_00419
dlk_proceso_0215;3;gob_tbl_03221,dlk_tbl_00729,dlk_tbl_02203;11;dlk_tbl_02398,gob_tbl_01395,gob_tbl_00020,dlk_tbl_02627,gob_tbl_00594,proc_tbl_02976,proc_ext_00256,gob_ext_00129,dlk_ext_00214,gob_ext_00291,gob_ext_00281
proc_proceso_0216;2;proc_tbl_02014,gob_tbl_00887;9;gob_tbl_01979,std_tbl_01155,dlk_tbl_01650,dlk_tbl_03212,dlk_tbl_00097,gob_ext_00163,dlk_ext_00183,gob_ext_00234,dlk_ext_00347
dlk_proceso_0217;3;gob_tbl_00647,proc_tbl_00202,std_tbl_03246;9;gob_tbl_02657,dlk_tbl_01272,gob_tbl_00524,dlk_tbl_03266,gob_tbl_03016,dlk_ext_00413,dlk_ext_00090,dlk_ext_00195,proc_ext_00277
dash_proceso_0218;2;dlk_tbl_00573,dlk_tbl_01100;12;dlk_tbl_02791,dlk_tbl_00949,dash_tbl_02899,dash_tbl_01295,std_tbl_01739,gob_tbl_00908,dlk_tbl_02350,dlk_ext_00080,dlk_ext_00279,gob_ext_00338,dlk_ext_00130,dlk_ext_00239
gob_proceso_0219;5;dlk_tbl_00823,proc_tbl_01772,proc_tbl_01940,proc_tbl_01009,gob_tbl_00723;7;gob_tbl_02145,gob_tbl_01998,dlk_tbl_02001,dlk_tbl_01707,std_ext_00246,dlk_ext_00030,proc_ext_00429
dlk_proceso_0220;3;dash_tbl_02776,gob_tbl_01095,dlk_tbl_01030;17;proc_tbl_00661,dlk_tbl_02004,dlk_tbl_03237,dlk_tbl_01992,dash_tbl_02433,gob_tbl_02282,gob_tbl_01861,dlk_tbl_00584,dlk_tbl_00283,dlk_tbl_01136,dlk_ext_00426,dlk_ext_00391,gob_ext_00160,m4vw_ext_00423,dlk_ext_00050,dlk_ext_00209,dash_ext_00168
dlk_proceso_0221;3;dash_tbl_00447,proc_tbl_03248,dlk_tbl_01558;12;gob_tbl_01012,dlk_tbl_01144,proc_tbl_01439,dash_tbl_00453,std_tbl_03170,gob_tbl_01023,dlk_tbl_02317,std_ext_00159,dash_ext_00294,gob_ext_00367,proc_ext_00011,gob_ext_00128
gob_proceso_0222;4;gob_tbl_02293,dlk_tbl_01379,gob_tbl_01411,dlk_tbl_02225;8;m4vw_tbl_00865,gob_tbl_01065,proc_tbl_01552,gob_tbl_01578,dash_tbl_00909,gob_ext_00153,gob_ext_00273,dlk_ext_00414
gob_proceso_0223;5;dash_tbl_01001,gob_tbl_00119,dlk_tbl_01273,proc_tbl_02658,gob_tbl_02086;15;dlk_tbl_00156,m4sco_tbl_00830,dlk_tbl_01051,m4sco_tbl_02108,gob_tbl_02136,m4vw_tbl_02397,gob_tbl_02543,proc_tbl_02630,dlk_tbl_01336,dlk_ext_00343,dlk_ext_00205,dlk_ext_00202,dlk_ext_00071,std_ext_00246,gob_ext_00345
dash_proceso_0224;4;proc_tbl_00282,dash_tbl_02906,gob_tbl_00841,gob_tbl_00726;13;gob_tbl_02447,gob_tbl_02715,gob_tbl_01547,gob_tbl_01580,dash_tbl_00194,dlk_tbl_01080,gob_tbl_00735,gob_ext_00254,dlk_ext_00024,dash_ext_00317,dash_ext_00446,gob_ext_00025,dlk_ext_00181
dlk_proceso_0225;7;dash_tbl_02623,gob_tbl_02809,gob_tbl_02459,dash_tbl_00296,gob_tbl_00488,proc_tbl_03086,gob_tbl_02626;9;dlk_tbl_02477,gob_tbl_00211,proc_tbl_00684,gob_tbl_01420,dlk_tbl_02513,gob_ext_00140,dlk_ext_00290,gob_ext_00273,gob_ext_00303
proc_proceso_0226;5;gob_tbl_00722,gob_tbl_02062,gob_tbl_02224,gob_tbl_00168,dlk_tbl_01960;8;gob_tbl_03011,gob_tbl_01882,proc_tbl_00039,dlk_tbl_00416,dash_tbl_00293,dlk_ext_00195,proc_ext_00439,gob_ext_00040
dlk_proceso_0227;5;gob_tbl_03193,gob_tbl_00190,m4vw_tbl_02239,gob_tbl_00482,proc_tbl_01025;8;dlk_tbl_03162,dlk_tbl_02210,dlk_tbl_01644,dlk_tbl_02440,gob_tbl_03158,gob_ext_00092,dlk_ext_00103,dlk_ext_00365
gob_proceso_0228;5;gob_tbl_00663,dlk_tbl_01966,std_tbl_02931,dash_tbl_00959,proc_tbl_02020;5;gob_tbl_00168,dlk_tbl_00792,dlk_tbl_02240,dash_ext_00196,proc_ext_00315
gob_proceso_0229;8;dlk_tbl_00451,gob_tbl_02986,dlk_tbl_01072,proc_tbl_00449,gob_tbl_00284,dlk_tbl_02139,dlk_tbl_01407,gob_tbl_00315;5;gob_tbl_00510,dlk_tbl_00989,m4vw_tbl_02615,gob_ext_00266,proc_ext_00019
dlk_proceso_0230;4;dlk_tbl_00128,gob_tbl_00318,gob_tbl_00025,proc_tbl_01226;6;dlk_tbl_02269,gob_tbl_02681,gob_tbl_01588,gob_ext_00303,dlk_ext_00347,gob_ext_00061
gob_proceso_0231;7;dash_tbl_00271,dlk_tbl_00361,dlk_tbl_02939,dlk_tbl_01582,gob_tbl_02880,gob_tbl_02955,dlk_tbl_02156;10;gob_tbl_01485,proc_tbl_02384,proc_tbl_01397,dlk_tbl_00740,dlk_tbl_03113,proc_tbl_00592,std_ext_00447,dlk_ext_00272,gob_ext_00069,proc_ext_00406
gob_proceso_0232;3;dash_tbl_02909,m4vw_tbl_02615,dlk_tbl_02878;13;gob_tbl_02922,dlk_tbl_01267,dlk_tbl_02592,gob_tbl_00709,proc_tbl_00980,dlk_tbl_01558,gob_tbl_01935,gob_ext_00025,dlk_ext_00080,dash_ext_00022,gob_ext_00177,dlk_ext_00181,gob_ext_00067
dlk_proceso_0233;4;gob_tbl_02522,gob_tbl_02723,dlk_tbl_00792,dlk_tbl_00678;6;dlk_tbl_00495,gob_tbl_02236,proc_tbl_01009,gob_ext_00268,dlk_ext_00265,gob_ext_00253
dlk_proceso_0234;3;dlk_tbl_01576,proc_tbl_03004,dlk_tbl_03009;13;dash_tbl_00194,gob_tbl_02670,m4sco_tbl_00643,gob_tbl_02497,dlk_tbl_01186,proc_tbl_02630,dlk_tbl_00960,dlk_ext_00347,dlk_ext_00279,proc_ext_00156,dash_ext_00083,gob_ext_00157,gob_ext_00403
dash_proceso_0235;6;gob_tbl_02803,gob_tbl_03252,std_tbl_02583,dlk_tbl_02098,gob_tbl_00634,gob_tbl_00227;10;std_tbl_01774,m4sco_tbl_02015,dlk_tbl_01227,proc_tbl_00433,gob_tbl_03063,dlk_tbl_00365,m4sco_ext_00300,dlk_ext_00024,dlk_ext_00231,dlk_ext_00107
proc_proceso_0236;4;gob_tbl_02565,proc_tbl_00601,gob_tbl_01547,dlk_tbl_00409;7;gob_tbl_01457,dlk_tbl_03201,std_tbl_02063,dlk_tbl_00989,proc_ext_00386,gob_ext_00046,gob_ext_00081
dlk_proceso_0237;2;m4sco_tbl_03103,dlk_tbl_02835;5;proc_tbl_00433,dlk_tbl_01683,dlk_tbl_01894,dlk_ext_00264,dlk_ext_00186
dlk_proceso_0238;3;gob_tbl_01222,m4vw_tbl_03205,gob_tbl_00208;13;gob_tbl_01138,dlk_tbl_01157,gob_tbl_01103,dlk_tbl_00863,dlk_tbl_00528,gob_tbl_01935,dash_tbl_00405,dash_ext_00446,proc_ext_00145,gob_ext_00418,gob_ext_00287,dlk_ext_00090,gob_ext_00176
proc_proceso_0239;6;dash_tbl_01713,dlk_tbl_01242,gob_tbl_01477,dlk_tbl_02495,proc_tbl_00743,dlk_tbl_02251;11;dlk_tbl_01707,gob_tbl_00247,std_tbl_01971,gob_tbl_00993,dlk_tbl_03190,dlk_tbl_03214,gob_ext_00297,gob_ext_00163,gob_ext_00382,gob_ext_00305,gob_ext_00245
gob_proceso_0240;5;dash_tbl_02521,proc_tbl_01191,dlk_tbl_02280,dlk_tbl_02318,gob_tbl_03291;11;dlk_tbl_02939,proc_tbl_00906,ppn_tbl_02501,gob_tbl_01956,proc_tbl_00198,dlk_tbl_00201,proc_ext_00310,dlk_ext_00243,std_ext_00179,gob_ext_00034,proc_ext_00002
dlk_proceso_0241;8;gob_tbl_02858,gob_tbl_02016,dlk_tbl_02879,gob_tbl_02831,proc_tbl_00633,dlk_tbl_00429,gob_tbl_02306,gob_tbl_00917;14;gob_tbl_00404,proc_tbl_01279,dash_tbl_01401,dlk_tbl_00667,m4vw_tbl_02615,dash_tbl_00453,gob_tbl_01098,dlk_tbl_02865,gob_ext_00395,dlk_ext_00343,gob_ext_00054,gob_ext_00245,proc_ext_00439,gob_ext_00438
dlk_proceso_0242;3;dlk_tbl_02934,gob_tbl_02163,gob_tbl_01621;9;gob_tbl_00315,dlk_tbl_01144,dlk_tbl_01455,std_tbl_00700,dlk_tbl_02954,dlk_ext_00181,dlk_ext_00428,gob_ext_00326,dlk_ext_00271
gob_proceso_0243;5;gob_tbl_03224,dlk_tbl_03034,dlk_tbl_02736,std_tbl_02999,proc_tbl_01598;14;gob_tbl_02562,dash_tbl_02028,gob_tbl_02260,dlk_tbl_01830,gob_tbl_00124,proc_tbl_01851,gob_tbl_02938,proc_tbl_01679,dlk_ext_00272,dlk_ext_00184,dlk_ext_00453,gob_ext_00306,std_ext_00179,gob_ext_00040
dlk_proceso_0244;2;gob_tbl_03029,gob_tbl_01017;10;dlk_tbl_03284,dlk_tbl_02529,dlk_tbl_01436,dash_tbl_02645,gob_tbl_02419,proc_tbl_03206,gob_ext_00119,dlk_ext_00365,dlk_ext_00039,dlk_ext_00030
gob_proceso_0245;2;dlk_tbl_01750,dlk_tbl_01524;6;gob_tbl_03047,dlk_tbl_03154,gob_tbl_02611,dlk_ext_00328,dlk_ext_00473,m4sco_ext_00369
dlk_proceso_0246;5;dlk_tbl_01606,dlk_tbl_00846,proc_tbl_00021,gob_tbl_03064,gob_tbl_02602;17;dlk_tbl_01805,dlk_tbl_00149,gob_tbl_00719,dlk_tbl_01992,gob_tbl_02236,dlk_tbl_02204,std_tbl_01888,dlk_tbl_02767,proc_tbl_01679,gob_tbl_01487,proc_ext_00397,dash_ext_00168,dlk_ext_00184,dlk_ext_00347,gob_ext_00273,dlk_ext_00008,dlk_ext_00378
dlk_proceso_0247;6;dlk_tbl_00625,gob_tbl_01796,proc_tbl_01927,dlk_tbl_00287,gob_tbl_02188,proc_tbl_00275;15;dlk_tbl_01778,proc_tbl_02773,dash_tbl_02312,dlk_tbl_03261,dlk_tbl_00796,dlk_tbl_00475,gob_tbl_03062,dlk_tbl_02001,dlk_tbl_02519,proc_ext_00192,gob_ext_00086,std_ext_00248,gob_ext_00253,proc_ext_00232,gob_ext_00067
dlk_proceso_0248;4;gob_tbl_03285,gob_tbl_01793,dlk_tbl_00533,proc_tbl_01845;7;proc_tbl_02344,std_tbl_02391,gob_tbl_01350,gob_tbl_02681,gob_ext_00160,gob_ext_00331,proc_ext_00063
dlk_proceso_0249;2;proc_tbl_02850,std_tbl_02673;7;gob_tbl_02179,gob_tbl_02708,dlk_tbl_00365,dlk_tbl_02844,gob_ext_00092,dash_ext_00405,dlk_ext_00440
proc_proceso_0250;3;gob_tbl_00374,gob_tbl_01317,proc_tbl_00421;13;dlk_tbl_00620,gob_tbl_03269,ppn_tbl_01266,dlk_tbl_01785,proc_tbl_02777,gob_tbl_02342,std_tbl_02763,dlk_ext_00103,dlk_ext_00298,dlk_ext_00400,dlk_ext_00202,proc_ext_00063,dash_ext_00158
dlk_proceso_0251;3;gob_tbl_02461,gob_tbl_00579,m4vw_tbl_01993;13;proc_tbl_02853,proc_tbl_01439,dlk_tbl_00346,dlk_tbl_02820,gob_tbl_00206,ppn_tbl_01867,gob_tbl_01588,proc_ext_00066,gob_ext_00031,gob_ext_00106,gob_ext_00377,dlk_ext_00088,dlk_ext_00155
proc_proceso_0252;6;dlk_tbl_00640,gob_tbl_03262,dlk_tbl_03077,m4vw_tbl_01946,gob_tbl_02554,proc_tbl_02467;11;gob_tbl_03202,proc_tbl_00556,proc_tbl_00308,gob_tbl_02115,dlk_tbl_00768,proc_tbl_01405,gob_ext_00199,gob_ext_00273,dlk_ext_00464,dlk_ext_00239,gob_ext_00241
gob_proceso_0253;6;gob_tbl_02169,gob_tbl_03084,proc_tbl_01743,gob_tbl_02587,dlk_tbl_02057,dlk_tbl_02233;4;std_tbl_01704,gob_tbl_01817,gob_ext_00280,dlk_ext_00283
dlk_proceso_0254;4;ppn_tbl_00653,dlk_tbl_02947,dlk_tbl_02044,gob_tbl_02041;6;gob_tbl_00631,dlk_tbl_01703,gob_tbl_03021,dlk_ext_00197,dlk_ext_00400,gob_ext_00457
gob_proceso_0255;3;proc_tbl_02912,dash_tbl_02846,std_tbl_01211;5;dlk_tbl_01272,dlk_tbl_02173,gob_tbl_02762,gob_ext_00349,dlk_ext_00088
dlk_proceso_0256;2;gob_tbl_01883,proc_tbl_01539;6;dash_tbl_00386,dlk_tbl_00702,proc_tbl_02827,dlk_ext_00272,dlk_ext_00198,dash_ext_00112
dash_proceso_0257;6;dlk_tbl_01954,gob_tbl_00262,gob_tbl_03088,dlk_tbl_00097,std_tbl_01364,gob_tbl_03280;15;gob_tbl_01799,dash_tbl_01747,dlk_tbl_00651,dlk_tbl_01022,gob_tbl_02107,dash_tbl_01732,dlk_tbl_02885,proc_tbl_02329,dlk_tbl_00135,gob_ext_00307,gob_ext_00456,proc_ext_00386,gob_ext_00009,dash_ext_00446,dash_ext_00168
dlk_proceso_0258;6;gob_tbl_01708,dlk_tbl_02627,proc_tbl_01909,dlk_tbl_01629,gob_tbl_00629,proc_tbl_02341;9;gob_tbl_01640,gob_tbl_02091,gob_tbl_02973,dlk_tbl_00798,dlk_tbl_00432,proc_ext_00066,proc_ext_00315,gob_ext_00297,gob_ext_00058
gob_proceso_0259;4;gob_tbl_03018,dlk_tbl_02001,dash_tbl_03118,gob_tbl_00076;4;gob_tbl_00117,dlk_tbl_01510,gob_ext_00307,dash_ext_00208
proc_proceso_0260;5;dlk_tbl_01258,gob_tbl_01161,dash_tbl_00057,gob_tbl_01816,m4vw_tbl_02801;7;dlk_tbl_01886,gob_tbl_01268,gob_tbl_02748,gob_tbl_02345,proc_ext_00017,dlk_ext_00026,dlk_ext_00097
dlk_proceso_0261;2;gob_tbl_01546,dlk_tbl_00611;6;gob_tbl_02276,dlk_tbl_02578,gob_tbl_02840,dlk_ext_00088,dlk_ext_00324,gob_ext_00392
proc_proceso_0262;3;dlk_tbl_02765,dash_tbl_02478,std_tbl_02753;11;gob_tbl_00926,proc_tbl_00466,gob_tbl_02783,dlk_tbl_02243,proc_tbl_02361,proc_tbl_00727,dash_ext_00247,proc_ext_00017,dlk_ext_00426,gob_ext_00270,gob_ext_00113
dash_proceso_0263;2;ppn_tbl_02570,gob_tbl_02390;10;gob_tbl_00338,proc_tbl_00866,dlk_tbl_02143,proc_tbl_01439,dash_tbl_00377,gob_tbl_02185,dash_ext_00095,dash_ext_00168,gob_ext_00337,gob_ext_00382
dlk_proceso_0264;6;proc_tbl_01373,gob_tbl_03110,dlk_tbl_00328,std_tbl_01721,dlk_tbl_00952,gob_tbl_01069;15;m4vw_tbl_02235,proc_tbl_01904,dash_tbl_02336,dlk_tbl_01984,gob_tbl_01737,dlk_tbl_00646,dash_tbl_01643,proc_tbl_00199,dlk_tbl_01294,gob_ext_00323,dlk_ext_00188,proc_ext_00063,gob_ext_00268,proc_ext_00131,dash_ext_00083
dlk_proceso_0265;4;proc_tbl_01197,dlk_tbl_02883,dlk_tbl_00687,gob_tbl_00031;4;m4sco_tbl_01265,gob_tbl_00852,gob_ext_00340,dash_ext_00317
dlk_proceso_0266;4;proc_tbl_01931,dash_tbl_01465,dlk_tbl_01805,dlk_tbl_00201;12;gob_tbl_00996,dlk_tbl_00779,dlk_tbl_00564,gob_tbl_03075,gob_tbl_00427,dlk_tbl_02175,std_tbl_02059,dlk_ext_00389,m4vw_ext_00423,gob_ext_00269,dlk_ext_00039,dlk_ext_00362
gob_proceso_0267;3;gob_tbl_01533,proc_tbl_01043,dlk_tbl_00241;9;dlk_tbl_01786,std_tbl_00518,dlk_tbl_00196,gob_tbl_03060,proc_tbl_01696,dlk_ext_00426,dash_ext_00158,gob_ext_00160,gob_ext_00199
dlk_proceso_0268;6;dlk_tbl_00863,proc_tbl_02344,gob_tbl_03087,std_tbl_02391,gob_tbl_01033,proc_tbl_02515;10;dash_tbl_02695,dlk_tbl_01096,ppn_tbl_00360,dlk_tbl_01977,proc_tbl_03082,proc_tbl_00870,dlk_ext_00324,gob_ext_00457,proc_ext_00386,dlk_ext_00090
gob_proceso_0269;6;gob_tbl_01737,dash_tbl_02456,dlk_tbl_02873,proc_tbl_03272,gob_tbl_00020,gob_tbl_01127;10;dlk_tbl_00914,gob_tbl_00654,gob_tbl_03241,gob_tbl_01239,gob_tbl_00996,dlk_tbl_01021,dash_ext_00411,gob_ext_00092,dlk_ext_00197,dash_ext_00180
gob_proceso_0270;2;proc_tbl_02853,gob_tbl_01757;7;gob_tbl_02359,gob_tbl_03062,gob_tbl_01114,gob_tbl_01877,gob_ext_00326,proc_ext_00385,gob_ext_00281
dlk_proceso_0271;6;gob_tbl_01289,gob_tbl_02901,dlk_tbl_02395,dlk_tbl_01505,proc_tbl_01548,gob_tbl_00383;13;gob_tbl_03286,dash_tbl_01087,gob_tbl_03058,dash_tbl_03287,std_tbl_01721,proc_tbl_02726,gob_tbl_01585,dlk_ext_00039,gob_ext_00323,gob_ext_00461,proc_ext_00141,proc_ext_00187,dlk_ext_00339
proc_proceso_0272;4;dlk_tbl_00205,dlk_tbl_00960,gob_tbl_02310,dlk_tbl_00454;4;dlk_tbl_00706,gob_tbl_01630,gob_ext_00220,gob_ext_00125
dash_proceso_0273;6;dlk_tbl_00828,proc_tbl_02006,gob_tbl_01184,dlk_tbl_01604,proc_tbl_02253,dash_tbl_00624;16;gob_tbl_02528,std_tbl_02063,dlk_tbl_01808,gob_tbl_02376,gob_tbl_02843,proc_tbl_01009,dash_tbl_02601,gob_tbl_03163,ppn_tbl_01867,gob_ext_00099,gob_ext_00227,gob_ext_00098,dlk_ext_00107,dlk_ext_00226,dlk_ext_00334,dlk_ext_00100
dlk_proceso_0274;2;dlk_tbl_03233,gob_tbl_00852;20;dlk_tbl_00920,dlk_tbl_00924,dlk_tbl_00401,proc_tbl_01000,proc_tbl_01677,dlk_tbl_01572,proc_tbl_02605,dlk_tbl_02098,proc_tbl_00385,gob_tbl_00448,gob_tbl_03015,dlk_tbl_01742,dlk_ext_00068,std_ext_00355,proc_ext_00442,dlk_ext_00400,proc_ext_00320,dlk_ext_00265,m4sco_ext_00000,gob_ext_00067
gob_proceso_0275;3;proc_tbl_02083,proc_tbl_01609,gob_tbl_03148;9;dlk_tbl_00065,dlk_tbl_00702,ppn_tbl_01627,dlk_tbl_00914,gob_tbl_03185,gob_ext_00034,gob_ext_00268,gob_ext_00091,proc_ext_00065
gob_proceso_0276;3;gob_tbl_02923,gob_tbl_01620,gob_tbl_01313;9;dlk_tbl_01850,dlk_tbl_02741,gob_tbl_03163,proc_tbl_02514,dlk_tbl_00783,m4sco_ext_00000,gob_ext_00223,gob_ext_00119,dlk_ext_00148
dlk_proceso_0277;5;dlk_tbl_01824,gob_tbl_01422,dlk_tbl_02917,std_tbl_02989,dlk_tbl_00100;7;proc_tbl_00449,gob_tbl_00699,dlk_tbl_00864,dlk_tbl_02417,gob_ext_00476,dlk_ext_00103,gob_ext_00160
gob_proceso_0278;4;gob_tbl_00340,gob_tbl_02298,dlk_tbl_02356,proc_tbl_00980;4;gob_tbl_00331,dlk_tbl_01782,gob_ext_00337,dlk_ext_00472
dlk_proceso_0279;4;dlk_tbl_01782,std_tbl_00599,dlk_tbl_02427,gob_tbl_00083;4;dash_tbl_00405,dlk_tbl_02251,gob_ext_00132,gob_ext_00025
proc_proceso_0280;4;gob_tbl_02654,gob_tbl_00200,dlk_tbl_00417,proc_tbl_00154;4;dlk_tbl_00584,proc_tbl_03013,gob_ext_00125,gob_ext_00331
gob_proceso_0281;2;dlk_tbl_00686,gob_tbl_02110;15;gob_tbl_00331,dash_tbl_00624,gob_tbl_01264,dlk_tbl_02031,proc_tbl_00148,dash_tbl_01210,proc_tbl_01302,dlk_tbl_02280,gob_tbl_02880,gob_ext_00475,gob_ext_00340,dlk_ext_00175,proc_ext_00430,dlk_ext_00073,gob_ext_00291
gob_proceso_0282;4;dash_tbl_01827,gob_tbl_01694,m4vw_tbl_02933,dlk_tbl_00491;10;proc_tbl_01261,dlk_tbl_02729,gob_tbl_01356,dash_tbl_01001,gob_tbl_02016,gob_tbl_01559,gob_ext_00009,gob_ext_00305,gob_ext_00054,proc_ext_00289
gob_proceso_0283;3;proc_tbl_00169,dlk_tbl_01471,dlk_tbl_01672;13;proc_tbl_01674,proc_tbl_02094,proc_tbl_03301,proc_tbl_02196,dlk_tbl_03135,dlk_tbl_00610,dlk_tbl_01249,proc_ext_00101,gob_ext_00014,gob_ext_00427,gob_ext_00435,m4sco_ext_00170,gob_ext_00418
dlk_proceso_0284;3;gob_tbl_02279,m4sco_tbl_02108,dash_tbl_00767;8;gob_tbl_00571,gob_tbl_01757,dlk_tbl_00332,dash_tbl_00122,dlk_tbl_00259,dlk_ext_00279,gob_ext_00336,dlk_ext_00030
gob_proceso_0285;2;dlk_tbl_01058,gob_tbl_02249;6;dash_tbl_02028,proc_tbl_01845,dlk_tbl_00702,std_ext_00248,dlk_ext_00139,gob_ext_00199
proc_proceso_0286;6;gob_tbl_00066,gob_tbl_01065,dash_tbl_00909,proc_tbl_02199,dlk_tbl_02702,gob_tbl_00693;4;dlk_tbl_02701,gob_tbl_02106,dlk_ext_00327,dlk_ext_00339
dash_proceso_0287;6;gob_tbl_02872,std_tbl_01809,dlk_tbl_01830,gob_tbl_01460,gob_tbl_02271,gob_tbl_03267;10;std_tbl_02714,dlk_tbl_02701,gob_tbl_02972,dlk_tbl_02655,dlk_tbl_00475,gob_tbl_02299,m4vw_ext_00423,dlk_ext_00050,proc_ext_00191,gob_ext_00160
gob_proceso_0288;5;gob_tbl_02449,std_tbl_00561,proc_tbl_02677,proc_tbl_02383,dlk_tbl_03273;9;gob_tbl_01217,gob_tbl_01254,proc_tbl_02743,dash_tbl_00271,dlk_tbl_02265,gob_ext_00162,dlk_ext_00271,gob_ext_00356,dlk_ext_00181
proc_proceso_0289;3;proc_tbl_01608,dash_tbl_00384,gob_tbl_03166;5;dlk_tbl_03226,proc_tbl_03116,dlk_tbl_00032,m4vw_ext_00423,dlk_ext_00264
dash_proceso_0290;6;proc_tbl_02722,gob_tbl_00790,dlk_tbl_02489,gob_tbl_03218,dlk_tbl_02674,proc_tbl_02363;8;proc_tbl_00172,gob_tbl_00956,gob_tbl_02602,gob_tbl_00617,gob_tbl_03224,gob_ext_00118,gob_ext_00009,gob_ext_00303
gob_proceso_0291;3;proc_tbl_01162,dlk_tbl_01963,gob_tbl_02648;14;gob_tbl_03073,dlk_tbl_00989,gob_tbl_01403,dlk_tbl_00226,dlk_tbl_01449,dlk_tbl_01470,gob_tbl_02011,dash_tbl_00999,gob_ext_00418,gob_ext_00128,gob_ext_00281,dlk_ext_00339,dash_ext_00158,gob_ext_00456
gob_proceso_0292;4;dlk_tbl_01924,proc_tbl_00727,gob_tbl_01923,gob_tbl_02304;10;gob_tbl_02528,m4vw_tbl_02235,dash_tbl_00163,gob_tbl_02396,dash_tbl_00624,gob_tbl_02227,gob_ext_00241,dlk_ext_00139,dlk_ext_00464,gob_ext_00302
dlk_proceso_0293;4;dash_tbl_01499,dlk_tbl_02784,m4vw_tbl_03254,proc_tbl_01416;8;gob_tbl_00876,dlk_tbl_01596,gob_tbl_02902,gob_tbl_02720,dlk_tbl_02927,dlk_ext_00293,dlk_ext_00244,gob_ext_00461
proc_proceso_0294;6;gob_tbl_02967,gob_tbl_01855,gob_tbl_00396,dlk_tbl_00141,dlk_tbl_02177,std_tbl_02586;6;dlk_tbl_01607,dlk_tbl_01898,ppn_tbl_02030,proc_ext_00310,dlk_ext_00236,dlk_ext_00414
dlk_proceso_0295;5;dlk_tbl_03257,gob_tbl_02286,gob_tbl_00867,gob_tbl_02771,dlk_tbl_02483;11;proc_tbl_00681,dlk_tbl_02765,gob_tbl_00200,proc_tbl_02076,gob_tbl_01252,dlk_tbl_02355,dlk_ext_00391,gob_ext_00305,dlk_ext_00378,proc_ext_00439,gob_ext_00281
gob_proceso_0296;4;proc_tbl_03152,gob_tbl_02260,dlk_tbl_00836,dash_tbl_00797;11;proc_tbl_02508,gob_tbl_03291,gob_tbl_02552,dlk_tbl_00467,gob_tbl_02045,dlk_tbl_00002,dlk_ext_00419,proc_ext_00386,dlk_ext_00414,proc_ext_00436,dlk_ext_00097
proc_proceso_0297;2;dlk_tbl_00808,gob_tbl_01775;12;gob_tbl_00917,gob_tbl_00826,dlk_tbl_00572,std_tbl_01094,proc_tbl_02900,dlk_tbl_01967,dlk_tbl_02258,gob_ext_00282,dlk_ext_00467,gob_ext_00326,gob_ext_00125,dlk_ext_00441
proc_proceso_0298;4;dlk_tbl_01535,gob_tbl_00330,std_tbl_00060,gob_tbl_01028;10;dlk_tbl_02081,dash_tbl_00453,dlk_tbl_01542,gob_tbl_01125,dlk_tbl_00092,gob_tbl_00819,gob_ext_00234,dlk_ext_00352,dlk_ext_00084,dlk_ext_00285
dlk_proceso_0299;4;dlk_tbl_02537,gob_tbl_00537,dash_tbl_00311,proc_tbl_01154;12;proc_tbl_01370,proc_tbl_00802,dlk_tbl_01153,gob_tbl_00450,dlk_tbl_01080,gob_tbl_02124,gob_tbl_00570,std_ext_00465,proc_ext_00141,dlk_ext_00169,dlk_ext_00039,m4vw_ext_00423
dlk_proceso_0300;5;ppn_tbl_00210,proc_tbl_03024,gob_tbl_03207,std_tbl_01800,dlk_tbl_00306;19;dlk_tbl_01722,gob_tbl_02661,dash_tbl_02846,dlk_tbl_02675,proc_tbl_01016,dlk_tbl_01201,dlk_tbl_00002,gob_tbl_00776,gob_tbl_02085,proc_tbl_00385,gob_tbl_02808,gob_ext_00241,dlk_ext_00414,dlk_ext_00298,dlk_ext_00458,dlk_ext_00195,gob_ext_00081,dash_ext_00200,gob_ext_00031
proc_proceso_0301;7;gob_tbl_02396,dlk_tbl_00704,proc_tbl_01696,proc_tbl_03281,gob_tbl_02213,gob_tbl_02090,dlk_tbl_01255;20;proc_tbl_00875,std_tbl_00109,dlk_tbl_01654,gob_tbl_01556,proc_tbl_01373,gob_tbl_00240,proc_tbl_00546,m4sco_tbl_00771,gob_tbl_00272,gob_tbl_00140,dlk_tbl_01249,dlk_tbl_03303,dlk_ext_00333,gob_ext_00325,gob_ext_00418,gob_ext_00282,gob_ext_00254,dlk_ext_00469,gob_ext_00287,dlk_ext_00426
dash_proceso_0302;5;gob_tbl_02447,proc_tbl_03169,dash_tbl_00386,gob_tbl_03203,dlk_tbl_03099;7;gob_tbl_00252,dlk_tbl_02854,proc_tbl_00198,dash_tbl_01937,dlk_ext_00088,gob_ext_00307,dlk_ext_00175
gob_proceso_0303;3;dlk_tbl_00796,std_tbl_00991,gob_tbl_00776;11;gob_tbl_03074,dlk_tbl_02251,gob_tbl_02091,proc_tbl_02652,gob_tbl_02127,dlk_tbl_01136,dlk_ext_00343,dlk_ext_00414,dlk_ext_00107,gob_ext_00092,dlk_ext_00136
dlk_proceso_0304;5;dlk_tbl_02860,proc_tbl_00674,dlk_tbl_02270,dlk_tbl_00073,gob_tbl_02335;4;m4vw_tbl_00279,dlk_tbl_01249,proc_ext_00309,gob_ext_00415
dlk_proceso_0305;2;gob_tbl_02795,gob_tbl_00880;20;dlk_tbl_00960,gob_tbl_03241,gob_tbl_02901,gob_tbl_00912,gob_tbl_00579,proc_tbl_02730,dlk_tbl_02751,std_tbl_00350,dlk_tbl_00970,dlk_tbl_01436,gob_tbl_02626,dlk_tbl_00573,gob_ext_00353,dlk_ext_00169,dash_ext_00168,gob_ext_00032,dlk_ext_00126,gob_ext_00082,gob_ext_00273,dlk_ext_00324
gob_proceso_0306;8;gob_tbl_01633,gob_tbl_01032,dlk_tbl_00017,dlk_tbl_01687,dlk_tbl_00528,proc_tbl_00011,gob_tbl_00763,dlk_tbl_00134;9;gob_tbl_00520,gob_tbl_03158,proc_tbl_02367,dash_tbl_00624,dlk_tbl_01400,proc_ext_00089,gob_ext_00069,proc_ext_00192,gob_ext_00326
proc_proceso_0307;5;dlk_tbl_02618,gob_tbl_03309,gob_tbl_01875,gob_tbl_01178,gob_tbl_00900;5;dlk_tbl_01246,gob_tbl_02136,dlk_tbl_02240,m4vw_ext_00443,dlk_ext_00328
dlk_proceso_0308;6;dlk_tbl_03276,dash_tbl_02343,dlk_tbl_01055,dash_tbl_01166,gob_tbl_02189,proc_tbl_00341;5;dlk_tbl_00779,proc_tbl_01773,dlk_tbl_00747,gob_ext_00074,dlk_ext_00211
gob_proceso_0309;4;dlk_tbl_00817,dlk_tbl_00495,dash_tbl_00967,gob_tbl_00390;11;dash_tbl_00490,gob_tbl_00228,proc_tbl_01551,gob_tbl_00557,proc_tbl_00857,dlk_tbl_01558,gob_ext_00220,gob_ext_00254,dash_ext_00180,std_ext_00179,dlk_ext_00030
dlk_proceso_0310;5;proc_tbl_03115,proc_tbl_02773,dash_tbl_00477,dlk_tbl_02962,dash_tbl_01937;8;gob_tbl_02960,dash_tbl_02672,proc_tbl_01329,gob_tbl_01263,gob_tbl_02226,proc_ext_00289,dlk_ext_00426,gob_ext_00340
dlk_proceso_0311;3;dlk_tbl_00342,dlk_tbl_01281,dlk_tbl_00627;15;proc_tbl_01552,gob_tbl_01730,dlk_tbl_00467,gob_tbl_00013,dash_tbl_00624,dlk_tbl_00665,dlk_tbl_01977,dlk_tbl_01734,gob_tbl_01335,dlk_ext_00001,dlk_ext_00335,dlk_ext_00366,dlk_ext_00244,proc_ext_00431,dlk_ext_00195
gob_proceso_0312;7;gob_tbl_02088,dlk_tbl_01330,proc_tbl_00394,dlk_tbl_00787,dlk_tbl_02435,dlk_tbl_02812,gob_tbl_02756;9;dlk_tbl_02837,gob_tbl_01327,dlk_tbl_01712,proc_tbl_02876,gob_tbl_00263,gob_ext_00096,gob_ext_00106,dlk_ext_00008,dlk_ext_00279
gob_proceso_0313;3;gob_tbl_02599,gob_tbl_01613,proc_tbl_02678;7;proc_tbl_02548,gob_tbl_02733,dlk_tbl_02370,proc_tbl_00940,dlk_ext_00039,m4vw_ext_00466,dlk_ext_00440
dlk_proceso_0314;5;proc_tbl_02815,dlk_tbl_01522,dash_tbl_02469,m4vw_tbl_01811,std_tbl_01774;8;gob_tbl_02278,dlk_tbl_01538,gob_tbl_02107,dlk_tbl_02883,gob_tbl_01676,dlk_ext_00026,gob_ext_00152,dash_ext_00112
dash_proceso_0315;4;gob_tbl_03215,dlk_tbl_02148,gob_tbl_03076,proc_tbl_03219;9;proc_tbl_02548,proc_tbl_00733,gob_tbl_00132,dlk_tbl_00651,dlk_tbl_01951,dlk_ext_00097,gob_ext_00079,gob_ext_00253,proc_ext_00120
dlk_proceso_0316;5;dlk_tbl_01336,dlk_tbl_00655,std_tbl_02158,gob_tbl_01382,gob_tbl_00961;8;gob_tbl_00713,dlk_tbl_01977,gob_tbl_02048,dlk_tbl_00914,dlk_tbl_02927,dlk_ext_00366,dlk_ext_00363,dlk_ext_00041
dlk_proceso_0317;6;gob_tbl_02707,gob_tbl_00104,dlk_tbl_00564,dash_tbl_00582,gob_tbl_01874,dlk_tbl_02675;10;gob_tbl_01056,proc_tbl_02976,dash_tbl_01983,gob_tbl_02664,proc_tbl_01991,dlk_tbl_02578,gob_ext_00117,proc_ext_00308,gob_ext_00331,gob_ext_00245
gob_proceso_0318;6;gob_tbl_01799,gob_tbl_01299,dlk_tbl_00873,proc_tbl_02096,dlk_tbl_01644,gob_tbl_00813;10;gob_tbl_02832,dlk_tbl_02865,std_tbl_01761,proc_tbl_03142,dlk_tbl_00451,gob_tbl_01095,dlk_ext_00071,dlk_ext_00151,dlk_ext_00365,dlk_ext_00293
proc_proceso_0319;6;dlk_tbl_01915,dash_tbl_00954,gob_tbl_00010,dash_tbl_01105,dlk_tbl_00972,gob_tbl_02458;4;dlk_tbl_02892,dlk_tbl_02675,gob_ext_00274,proc_ext_00002
dlk_proceso_0320;3;dlk_tbl_01887,proc_tbl_00381,dlk_tbl_02181;5;gob_tbl_01430,dlk_tbl_01984,gob_tbl_01220,dlk_ext_00283,gob_ext_00009
dash_proceso_0321;5;gob_tbl_01012,proc_tbl_03002,proc_tbl_02412,gob_tbl_00426,dlk_tbl_01478;8;proc_tbl_02096,dlk_tbl_02927,dlk_tbl_01887,proc_tbl_03206,gob_tbl_02543,gob_ext_00067,gob_ext_00368,dlk_ext_00400
gob_proceso_0322;6;gob_tbl_00614,gob_tbl_02091,gob_tbl_00326,dlk_tbl_01156,gob_tbl_03120,gob_tbl_00562;13;gob_tbl_00617,proc_tbl_00433,dlk_tbl_03114,dash_tbl_03125,gob_tbl_03167,gob_tbl_00013,proc_tbl_00362,proc_ext_00049,dlk_ext_00175,dlk_ext_00090,proc_ext_00131,dlk_ext_00413,m4vw_ext_00161
dlk_proceso_0323;4;proc_tbl_01503,gob_tbl_03277,gob_tbl_00307,dlk_tbl_00874;7;gob_tbl_01217,dlk_tbl_00201,gob_tbl_01381,dlk_tbl_00651,dlk_ext_00207,gob_ext_00456,dlk_ext_00088
dlk_proceso_0324;2;ppn_tbl_01627,ppn_tbl_00492;9;gob_tbl_02796,gob_tbl_01916,proc_tbl_01651,gob_tbl_00993,gob_tbl_01132,proc_ext_00049,dash_ext_00405,dlk_ext_00175,gob_ext_00067
dlk_proceso_0325;3;dlk_tbl_01626,gob_tbl_00835,dlk_tbl_01581;4;proc_tbl_02218,gob_tbl_00309,gob_ext_00132,dash_ext_00411
dash_proceso_0326;4;std_tbl_00604,proc_tbl_01173,gob_tbl_00124,dlk_tbl_00269;9;proc_tbl_02388,gob_tbl_00693,ppn_tbl_01867,proc_tbl_01110,proc_tbl_02726,gob_ext_00408,std_ext_00448,gob_ext_00092,gob_ext_00118
gob_proceso_0327;3;dlk_tbl_00365,gob_tbl_02974,gob_tbl_01231;5;gob_tbl_02479,dash_tbl_00738,gob_tbl_02540,dlk_ext_00039,std_ext_00379
dlk_proceso_0328;2;gob_tbl_01282,dlk_tbl_01377;8;gob_tbl_00010,dlk_tbl_01258,std_tbl_02063,proc_tbl_01047,gob_tbl_02221,gob_ext_00250,gob_ext_00223,gob_ext_00266
gob_proceso_0329;3;gob_tbl_02230,gob_tbl_02382,dlk_tbl_01965;12;proc_tbl_01679,gob_tbl_02826,ppn_tbl_00506,gob_tbl_00735,proc_tbl_03164,dlk_tbl_02713,dlk_tbl_03059,dlk_ext_00258,m4vw_ext_00477,dlk_ext_00038,ppn_ext_00108,std_ext_00465
gob_proceso_0330;4;dlk_tbl_02454,dlk_tbl_01866,proc_tbl_01851,dlk_tbl_02035;14;dlk_tbl_01925,dash_tbl_00554,proc_tbl_01279,dlk_tbl_03303,dlk_tbl_00521,gob_tbl_01633,dlk_tbl_03061,dlk_tbl_00903,m4sco_ext_00170,proc_ext_00436,gob_ext_00306,std_ext_00455,dash_ext_00446,gob_ext_00326
proc_proceso_0331;7;gob_tbl_00563,proc_tbl_03037,dlk_tbl_00137,gob_tbl_02011,gob_tbl_00557,proc_tbl_02331,gob_tbl_00079;9;dlk_tbl_00899,proc_tbl_01218,gob_tbl_02297,proc_tbl_01696,proc_tbl_02196,dlk_ext_00413,dlk_ext_00155,std_ext_00448,gob_ext_00253
dlk_proceso_0332;2;dlk_tbl_00023,dlk_tbl_01480;15;proc_tbl_02250,dlk_tbl_02759,proc_tbl_00282,gob_tbl_02612,dlk_tbl_01780,gob_tbl_00744,dlk_tbl_02568,gob_tbl_03075,std_tbl_02159,gob_ext_00275,m4sco_ext_00300,dlk_ext_00278,dlk_ext_00207,gob_ext_00140,proc_ext_00350
dlk_proceso_0333;6;proc_tbl_00052,gob_tbl_01895,proc_tbl_00757,gob_tbl_00789,dlk_tbl_01376,gob_tbl_02136;9;gob_tbl_01006,gob_tbl_00579,gob_tbl_02826,proc_tbl_02292,dlk_tbl_01830,gob_ext_00282,m4vw_ext_00161,dlk_ext_00062,gob_ext_00368
dlk_proceso_0334;7;gob_tbl_02703,dlk_tbl_00072,proc_tbl_01079,dlk_tbl_02464,gob_tbl_00355,proc_tbl_01957,std_tbl_01292;1;gob_tbl_02733
gob_proceso_0335;5;dlk_tbl_01893,std_tbl_01678,gob_tbl_02023,dlk_tbl_03244,dlk_tbl_01337;4;m4sco_tbl_01948,proc_tbl_01218,gob_ext_00092,proc_ext_00421
gob_proceso_0336;3;dlk_tbl_00142,gob_tbl_01858,dash_tbl_02772;5;gob_tbl_01196,gob_tbl_02832,dlk_tbl_00028,gob_ext_00295,gob_ext_00325
dlk_proceso_0337;7;ppn_tbl_02500,dlk_tbl_00088,proc_tbl_01234,proc_tbl_02945,ppn_tbl_02195,m4vw_tbl_01362,dlk_tbl_03091;11;gob_tbl_00471,proc_tbl_02441,dlk_tbl_02844,std_tbl_01182,m4sco_tbl_00904,proc_tbl_00597,dlk_ext_00230,gob_ext_00119,proc_ext_00459,dlk_ext_00313,gob_ext_00345
proc_proceso_0338;4;std_tbl_00829,gob_tbl_01061,gob_tbl_00602,dash_tbl_01087;6;dlk_tbl_00632,dlk_tbl_00332,gob_tbl_02359,dash_ext_00200,proc_ext_00216,dlk_ext_00139
dash_proceso_0339;3;dlk_tbl_02117,gob_tbl_00256,dlk_tbl_03256;12;gob_tbl_02380,dlk_tbl_02592,gob_tbl_00200,dlk_tbl_02495,std_tbl_01958,ppn_tbl_01328,dlk_tbl_01077,proc_ext_00232,dlk_ext_00006,dlk_ext_00130,dlk_ext_00239,gob_ext_00252
gob_proceso_0340;5;dash_tbl_03177,dlk_tbl_00840,gob_tbl_01952,m4vw_tbl_00098,proc_tbl_01233;11;gob_tbl_02742,gob_tbl_02914,gob_tbl_03180,gob_tbl_01588,gob_tbl_02901,dash_tbl_02776,dlk_ext_00343,dlk_ext_00026,dlk_ext_00375,gob_ext_00058,dlk_ext_00390
gob_proceso_0341;3;gob_tbl_01103,gob_tbl_00753,proc_tbl_03265;12;proc_tbl_00347,proc_tbl_03005,proc_tbl_00177,dlk_tbl_00960,gob_tbl_01138,proc_tbl_00059,dash_tbl_02943,dlk_ext_00076,gob_ext_00102,gob_ext_00382,gob_ext_00081,dlk_ext_00209
dlk_proceso_0342;5;proc_tbl_02176,dlk_tbl_00515,m4vw_tbl_02397,m4vw_tbl_02444,proc_tbl_02928;8;dlk_tbl_01645,std_tbl_03104,dlk_tbl_01581,dlk_tbl_01108,dlk_tbl_01557,dlk_ext_00035,proc_ext_00011,proc_ext_00232
dlk_proceso_0343;5;dlk_tbl_01153,gob_tbl_02731,dlk_tbl_00112,dlk_tbl_01077,gob_tbl_02013;14;dlk_tbl_00116,dlk_tbl_01308,dlk_tbl_01008,gob_tbl_01816,dlk_tbl_02761,gob_tbl_03277,proc_tbl_03288,std_tbl_02470,gob_ext_00098,dlk_ext_00039,proc_ext_00216,dlk_ext_00279,proc_ext_00277,dlk_ext_00389
gob_proceso_0344;5;dlk_tbl_01602,proc_tbl_01698,dlk_tbl_01933,dlk_tbl_00630,dlk_tbl_01063;7;dlk_tbl_01377,gob_tbl_00326,dlk_tbl_03237,dlk_tbl_02629,gob_ext_00018,dlk_ext_00390,dlk_ext_00400
gob_proceso_0345;4;dlk_tbl_00710,dlk_tbl_03143,std_tbl_03228,gob_tbl_00918;10;std_tbl_00700,gob_tbl_02872,proc_tbl_01986,dash_tbl_03118,dlk_tbl_01629,dlk_tbl_01307,proc_ext_00436,dlk_ext_00226,dash_ext_00056,gob_ext_00275
dlk_proceso_0346;7;dlk_tbl_00970,gob_tbl_00329,dlk_tbl_01145,gob_tbl_01959,dlk_tbl_00623,gob_tbl_02060,dlk_tbl_00737;11;gob_tbl_02842,dash_tbl_00111,proc_tbl_01991,gob_tbl_02720,gob_tbl_03071,dlk_tbl_00053,gob_ext_00029,dlk_ext_00035,gob_ext_00015,m4vw_ext_00477,dlk_ext_00366
dlk_proceso_0347;7;proc_tbl_00333,dlk_tbl_01778,dlk_tbl_02603,dash_tbl_00414,dlk_tbl_01139,gob_tbl_01549,gob_tbl_00393;4;gob_tbl_02242,dlk_tbl_00108,proc_ext_00120,std_ext_00179
dlk_proceso_0348;4;m4vw_tbl_00485,dlk_tbl_03261,gob_tbl_02486,gob_tbl_01099;7;gob_tbl_02914,proc_tbl_00172,std_tbl_00040,gob_tbl_01276,dlk_ext_00426,proc_ext_00330,dlk_ext_00243
dlk_proceso_0349;5;proc_tbl_01370,gob_tbl_02408,dlk_tbl_03194,dash_tbl_00174,dlk_tbl_00607;10;proc_tbl_01223,proc_tbl_02693,gob_tbl_00993,dlk_tbl_02679,dlk_tbl_01650,dlk_tbl_01144,dlk_ext_00271,dlk_ext_00255,dash_ext_00238,dlk_ext_00467
gob_proceso_0350;3;ppn_tbl_01091,dlk_tbl_00432,gob_tbl_01346;5;dash_tbl_02549,gob_tbl_00240,proc_tbl_01753,dlk_ext_00244,gob_ext_00438
dlk_proceso_0351;7;gob_tbl_02821,dlk_tbl_02473,dlk_tbl_00053,gob_tbl_02102,gob_tbl_02813,proc_tbl_03013,dash_tbl_02593;1;gob_tbl_00705
gob_proceso_0352;3;dash_tbl_00435,dash_tbl_03090,std_tbl_02558;5;proc_tbl_02327,dlk_tbl_02747,dlk_tbl_01470,proc_ext_00316,dlk_ext_00298
gob_proceso_0353;3;gob_tbl_02409,dlk_tbl_03122,gob_tbl_01243;9;dlk_tbl_02799,dlk_tbl_02774,dlk_tbl_00149,m4vw_tbl_02244,dlk_tbl_00370,gob_ext_00058,gob_ext_00250,proc_ext_00133,dlk_ext_00440
proc_proceso_0354;5;proc_tbl_02002,proc_tbl_01725,dlk_tbl_01738,gob_tbl_03236,gob_tbl_00478;16;dlk_tbl_02170,gob_tbl_00061,dlk_tbl_02705,dlk_tbl_02257,dash_tbl_01301,dlk_tbl_01898,dlk_tbl_02959,gob_tbl_00635,gob_tbl_03015,proc_ext_00350,proc_ext_00380,dlk_ext_00467,dlk_ext_00240,proc_ext_00261,dlk_ext_00041,gob_ext_00040
gob_proceso_0355;3;gob_tbl_00049,dlk_tbl_02885,dlk_tbl_00065;14;proc_tbl_00679,std_tbl_02063,ppn_tbl_02501,dash_tbl_00447,proc_tbl_00977,gob_tbl_00662,dash_tbl_03090,proc_tbl_03097,gob_ext_00291,dlk_ext_00230,dash_ext_00114,dlk_ext_00464,proc_ext_00311,dlk_ext_00293
dlk_proceso_0356;5;dlk_tbl_00460,dlk_tbl_02164,gob_tbl_02647,gob_tbl_02491,dlk_tbl_00544;4;gob_tbl_03158,proc_tbl_02660,dash_ext_00121,gob_ext_00395
proc_proceso_0357;4;gob_tbl_03241,proc_tbl_00233,dash_tbl_01685,dash_tbl_02943;5;dlk_tbl_02403,dlk_tbl_01535,dlk_tbl_01455,dlk_ext_00183,dash_ext_00168
gob_proceso_0358;5;dlk_tbl_00346,gob_tbl_02804,gob_tbl_00295,gob_tbl_00973,dlk_tbl_00009;11;gob_tbl_00714,dlk_tbl_03161,proc_tbl_00043,dlk_tbl_01871,proc_tbl_02020,gob_tbl_02920,dlk_ext_00333,dlk_ext_00453,std_ext_00246,dlk_ext_00071,dlk_ext_00445
dash_proceso_0359;4;gob_tbl_03186,dlk_tbl_01447,proc_tbl_02900,dlk_tbl_02448;4;gob_tbl_01060,m4sco_tbl_01265,dlk_ext_00136,gob_ext_00132
dlk_proceso_0360;4;std_tbl_01813,dlk_tbl_02274,proc_tbl_00872,proc_tbl_01986;7;gob_tbl_01343,dlk_tbl_03067,gob_tbl_02497,proc_tbl_01340,gob_ext_00337,dash_ext_00095,gob_ext_00297
dlk_proceso_0361;6;gob_tbl_02309,gob_tbl_02855,gob_tbl_02662,proc_tbl_02888,std_tbl_00351,std_tbl_00428;4;dlk_tbl_02873,std_tbl_00498,gob_ext_00009,gob_ext_00435
gob_proceso_0362;3;gob_tbl_02041,gob_tbl_00389,proc_tbl_01414;9;gob_tbl_00207,dlk_tbl_00418,gob_tbl_01289,std_tbl_02059,proc_tbl_01047,proc_ext_00442,proc_ext_00144,gob_ext_00457,proc_ext_00330
gob_proceso_0363;6;dlk_tbl_01718,gob_tbl_01783,proc_tbl_01767,gob_tbl_02481,m4sco_tbl_02043,gob_tbl_00390;10;std_tbl_03151,gob_tbl_02960,gob_tbl_03294,gob_tbl_00403,gob_tbl_02299,gob_tbl_01123,gob_ext_00338,dlk_ext_00110,gob_ext_00287,dlk_ext_00458
dlk_proceso_0364;6;gob_tbl_02048,gob_tbl_02525,proc_tbl_00600,proc_tbl_00388,gob_tbl_01263,gob_tbl_01221;6;dlk_tbl_01027,gob_tbl_00713,proc_tbl_00556,dash_ext_00196,gob_ext_00338,m4vw_ext_00423
dlk_proceso_0365;6;proc_tbl_01622,gob_tbl_02183,dlk_tbl_02160,gob_tbl_02084,gob_tbl_02416,dlk_tbl_01203;4;gob_tbl_00450,gob_tbl_01115,dash_ext_00304,gob_ext_00241
dlk_proceso_0366;3;gob_tbl_01777,gob_tbl_02786,gob_tbl_02220;12;dlk_tbl_02328,gob_tbl_00076,gob_tbl_01621,dlk_tbl_02767,dlk_tbl_00141,gob_tbl_00557,dash_tbl_02604,proc_ext_00065,gob_ext_00392,dlk_ext_00324,dlk_ext_00328,std_ext_00094
dash_proceso_0367;5;dlk_tbl_02556,dlk_tbl_00667,proc_tbl_02616,gob_tbl_00058,dlk_tbl_01259;14;proc_tbl_02363,gob_tbl_01092,dlk_tbl_00986,gob_tbl_02522,gob_tbl_02325,dlk_tbl_00007,dlk_tbl_02576,gob_tbl_01719,dlk_ext_00375,dlk_ext_00437,gob_ext_00069,dlk_ext_00050,dlk_ext_00202,dlk_ext_00352
dlk_proceso_0368;6;proc_tbl_02511,dlk_tbl_01709,proc_tbl_01135,gob_tbl_00719,dlk_tbl_01278,dlk_tbl_00219;9;gob_tbl_03064,gob_tbl_02041,gob_tbl_00448,proc_tbl_02215,gob_tbl_01290,gob_ext_00219,proc_ext_00406,dlk_ext_00006,dlk_ext_00181
proc_proceso_0369;4;gob_tbl_02420,dlk_tbl_02097,dlk_tbl_03195,gob_tbl_01029;12;gob_tbl_01559,gob_tbl_02527,gob_tbl_02066,gob_tbl_02419,gob_tbl_00450,gob_tbl_02297,dlk_tbl_01321,gob_ext_00303,proc_ext_00075,dash_ext_00196,proc_ext_00156,gob_ext_00456
gob_proceso_0370;4;dlk_tbl_01402,dlk_tbl_00639,gob_tbl_00406,gob_tbl_02476;8;gob_tbl_00845,gob_tbl_00301,gob_tbl_03132,dlk_tbl_01812,gob_tbl_02041,dlk_ext_00244,dlk_ext_00039,dlk_ext_00265
gob_proceso_0371;6;gob_tbl_00709,dash_tbl_00103,gob_tbl_02393,dlk_tbl_02935,proc_tbl_00465,dlk_tbl_02971;12;gob_tbl_01504,gob_tbl_03224,gob_tbl_02781,gob_tbl_01475,dlk_tbl_00507,gob_tbl_02988,dlk_tbl_00201,proc_ext_00439,proc_ext_00397,proc_ext_00145,dlk_ext_00464,proc_ext_00261
gob_proceso_0372;5;gob_tbl_01170,dlk_tbl_01438,dlk_tbl_02378,dash_tbl_00194,dlk_tbl_02377;8;gob_tbl_02220,gob_tbl_00206,proc_tbl_02605,gob_tbl_02504,proc_tbl_00679,std_ext_00465,dlk_ext_00071,dlk_ext_00428
gob_proceso_0373;2;gob_tbl_01341,gob_tbl_03032;10;gob_tbl_00512,dlk_tbl_00451,proc_tbl_00236,dlk_tbl_00460,ppn_tbl_02195,gob_tbl_00119,dlk_ext_00339,gob_ext_00132,dlk_ext_00366,dlk_ext_00363
proc_proceso_0374;4;dlk_tbl_01758,dlk_tbl_01378,dlk_tbl_00651,proc_tbl_01071;13;proc_tbl_00172,gob_tbl_01120,gob_tbl_02649,proc_tbl_01324,gob_tbl_00557,dash_tbl_02692,gob_tbl_01584,gob_ext_00435,dlk_ext_00324,proc_ext_00277,dlk_ext_00244,dlk_ext_00085,proc_ext_00309
gob_proceso_0375;3;gob_tbl_03180,gob_tbl_02994,proc_tbl_00236;15;dlk_tbl_01750,gob_tbl_01549,gob_tbl_03262,dlk_tbl_00725,dash_tbl_00554,dlk_tbl_02705,proc_tbl_01459,gob_tbl_00956,proc_tbl_02876,gob_ext_00069,gob_ext_00082,gob_ext_00061,dlk_ext_00210,dlk_ext_00333,dlk_ext_00272
dlk_proceso_0376;3;dlk_tbl_02051,gob_tbl_00938,proc_tbl_00862;11;proc_tbl_01679,dlk_tbl_03237,gob_tbl_02033,proc_tbl_02094,gob_tbl_01102,proc_tbl_02442,dlk_ext_00110,dash_ext_00238,gob_ext_00034,gob_ext_00092,dash_ext_00342
dlk_proceso_0377;4;dash_tbl_02980,gob_tbl_00457,dlk_tbl_03176,dlk_tbl_00673;14;dlk_tbl_03123,gob_tbl_00049,dlk_tbl_01642,dlk_tbl_01021,proc_tbl_00333,dlk_tbl_02712,gob_tbl_01311,dlk_tbl_02098,gob_ext_00119,std_ext_00447,dlk_ext_00410,gob_ext_00025,gob_ext_00438,proc_ext_00311
proc_proceso_0378;6;gob_tbl_00936,dlk_tbl_02954,dlk_tbl_02927,gob_tbl_03294,std_tbl_02788,proc_tbl_01041;6;gob_tbl_01332,gob_tbl_01589,proc_tbl_02275,dlk_ext_00136,gob_ext_00074,proc_ext_00002
gob_proceso_0379;6;gob_tbl_02981,dlk_tbl_01141,dlk_tbl_00344,proc_tbl_03070,dlk_tbl_00784,gob_tbl_01508;6;proc_tbl_01931,dlk_tbl_00983,dlk_tbl_00416,std_ext_00229,dlk_ext_00334,gob_ext_00281
dlk_proceso_0380;5;gob_tbl_01462,gob_tbl_00130,gob_tbl_00552,proc_tbl_00995,proc_tbl_02871;5;m4sco_tbl_01486,gob_tbl_00705,gob_tbl_02809,dlk_ext_00441,dlk_ext_00400
dlk_proceso_0381;5;gob_tbl_00735,gob_tbl_00001,proc_tbl_00648,gob_tbl_01655,dash_tbl_00760;7;proc_tbl_00679,dlk_tbl_00670,proc_tbl_01302,dlk_tbl_00630,gob_ext_00220,proc_ext_00141,proc_ext_00430
dash_proceso_0382;4;dlk_tbl_00888,gob_tbl_03008,dlk_tbl_01542,proc_tbl_02172;7;gob_tbl_02715,proc_tbl_01016,dlk_tbl_02477,dlk_tbl_01022,dlk_ext_00027,dlk_ext_00467,dlk_ext_00458
proc_proceso_0383;3;proc_tbl_01733,gob_tbl_01878,gob_tbl_02504;6;gob_tbl_01152,gob_tbl_00168,proc_tbl_01329,dlk_ext_00243,gob_ext_00234,gob_ext_00452
gob_proceso_0384;6;dash_tbl_02975,proc_tbl_02606,dlk_tbl_01975,std_tbl_00042,dlk_tbl_00779,dlk_tbl_01427;11;proc_tbl_01772,dlk_tbl_03123,m4vw_tbl_00212,dlk_tbl_01425,gob_tbl_00338,dlk_tbl_01550,dash_ext_00247,proc_ext_00436,proc_ext_00187,m4vw_ext_00351,dash_ext_00180
gob_proceso_0385;3;proc_tbl_00278,dlk_tbl_02751,gob_tbl_00281;9;std_tbl_01253,dlk_tbl_03256,dlk_tbl_00989,gob_tbl_00343,gob_tbl_03277,dlk_ext_00026,dlk_ext_00205,ppn_ext_00165,gob_ext_00147
proc_proceso_0386;4;dash_tbl_01502,m4vw_tbl_00764,gob_tbl_02739,gob_tbl_00497;11;dlk_tbl_02979,proc_tbl_01088,gob_tbl_02867,gob_tbl_02293,ppn_tbl_03130,dash_tbl_00523,gob_ext_00031,dlk_ext_00244,gob_ext_00340,gob_ext_00253,gob_ext_00037
proc_proceso_0387;4;gob_tbl_02115,gob_tbl_02179,dash_tbl_00170,dlk_tbl_02758;12;m4vw_tbl_00898,proc_tbl_00969,dlk_tbl_01034,gob_tbl_02840,proc_tbl_02329,proc_tbl_02167,proc_tbl_01941,gob_ext_00427,dlk_ext_00410,dlk_ext_00279,gob_ext_00007,gob_ext_00119
dlk_proceso_0388;5;dash_tbl_00111,gob_tbl_02334,gob_tbl_00181,gob_tbl_01355,gob_tbl_02201;11;dlk_tbl_03077,proc_tbl_00021,dash_tbl_00311,gob_tbl_01056,proc_tbl_02849,gob_tbl_00140,gob_ext_00098,gob_ext_00153,dlk_ext_00204,dlk_ext_00041,proc_ext_00232
dlk_proceso_0389;4;proc_tbl_01601,gob_tbl_00157,gob_tbl_00131,dlk_tbl_00575;7;gob_tbl_01858,proc_tbl_01570,ppn_tbl_01328,dash_tbl_01837,dlk_ext_00343,dlk_ext_00028,gob_ext_00457
proc_proceso_0390;3;dlk_tbl_00807,dlk_tbl_02372,dash_tbl_01003;9;dlk_tbl_03003,dlk_tbl_02866,gob_tbl_03234,gob_tbl_00338,gob_tbl_00061,dlk_ext_00426,dlk_ext_00038,gob_ext_00118,gob_ext_00374
gob_proceso_0391;6;gob_tbl_02600,dash_tbl_02633,proc_tbl_02369,m4sco_tbl_01494,proc_tbl_00969,m4vw_tbl_01309;4;proc_tbl_03270,gob_tbl_02591,gob_ext_00031,proc_ext_00386
dlk_proceso_0392;5;gob_tbl_03041,gob_tbl_03222,proc_tbl_01134,std_tbl_01545,std_tbl_00518;5;gob_tbl_00484,gob_tbl_02685,dlk_tbl_00928,gob_ext_00254,dlk_ext_00104
dlk_proceso_0393;7;dlk_tbl_02314,gob_tbl_00730,dlk_tbl_03200,dlk_tbl_00746,gob_tbl_01832,gob_tbl_00015,dlk_tbl_00068;10;dash_tbl_00122,dlk_tbl_00073,dash_tbl_01636,gob_tbl_02260,std_tbl_02063,gob_tbl_02944,dlk_ext_00088,proc_ext_00459,gob_ext_00245,gob_ext_00034
gob_proceso_0394;2;dlk_tbl_02958,dlk_tbl_02354;6;dlk_tbl_02356,gob_tbl_01976,gob_tbl_02944,dlk_ext_00293,dlk_ext_00076,dlk_ext_00312
gob_proceso_0395;2;proc_tbl_01955,dash_tbl_01664;12;ppn_tbl_01266,dlk_tbl_02950,dlk_tbl_01377,proc_tbl_01154,proc_tbl_02976,gob_tbl_02725,gob_tbl_01952,dash_ext_00095,std_ext_00465,gob_ext_00307,gob_ext_00031,gob_ext_00337
dlk_proceso_0396;2;dlk_tbl_02553,gob_tbl_01935;12;gob_tbl_02867,ppn_tbl_02027,gob_tbl_00937,dash_tbl_02695,gob_tbl_02925,dlk_tbl_00495,gob_tbl_02136,dlk_ext_00087,dlk_ext_00333,dlk_ext_00293,dlk_ext_00139,proc_ext_00431
dlk_proceso_0397;4;dlk_tbl_01267,dlk_tbl_01822,dlk_tbl_00783,gob_tbl_02527;12;dlk_tbl_02628,gob_tbl_01998,dash_tbl_01849,dlk_tbl_01470,dlk_tbl_02741,std_tbl_01818,dlk_tbl_02734,dlk_ext_00166,proc_ext_00429,gob_ext_00067,dlk_ext_00197,proc_ext_00309
dlk_proceso_0398;3;dlk_tbl_00012,m4vw_tbl_03184,dash_tbl_03134;9;gob_tbl_00594,dash_tbl_01401,dlk_tbl_00768,proc_tbl_01200,proc_tbl_02367,gob_ext_00305,gob_ext_00023,gob_ext_00233,dlk_ext_00073
dlk_proceso_0399;7;proc_tbl_00540,proc_tbl_02209,proc_tbl_02196,std_tbl_01658,gob_tbl_02064,dlk_tbl_01214,proc_tbl_02852;11;m4vw_tbl_00136,gob_tbl_01612,dlk_tbl_01436,dlk_tbl_02243,dlk_tbl_02473,proc_tbl_03100,dlk_ext_00030,gob_ext_00241,gob_ext_00457,m4vw_ext_00423,dlk_ext_00391
dash_proceso_0400;4;proc_tbl_00940,dlk_tbl_01925,gob_tbl_00024,proc_tbl_01593;6;dlk_tbl_01436,dlk_tbl_01576,dlk_tbl_02575,gob_ext_00384,proc_ext_00261,dlk_ext_00251
dash_proceso_0401;3;gob_tbl_01352,gob_tbl_02333,proc_tbl_00752;12;gob_tbl_01343,gob_tbl_00168,proc_tbl_03109,gob_tbl_03096,gob_tbl_02206,dlk_tbl_02987,gob_tbl_01073,proc_ext_00436,gob_ext_00025,gob_ext_00476,dlk_ext_00182,dlk_ext_00088
proc_proceso_0402;6;proc_tbl_01755,proc_tbl_01949,proc_tbl_01552,dlk_tbl_01616,gob_tbl_00997,proc_tbl_00033;11;gob_tbl_02322,gob_tbl_01395,gob_tbl_02491,proc_tbl_01110,dlk_tbl_01714,gob_tbl_02106,dlk_ext_00343,dash_ext_00342,dlk_ext_00006,dlk_ext_00142,dlk_ext_00207
gob_proceso_0403;6;dlk_tbl_02578,gob_tbl_01719,proc_tbl_00831,gob_tbl_02683,proc_tbl_02358,dash_tbl_01934;6;dlk_tbl_02785,std_tbl_02159,dlk_tbl_02505,proc_ext_00078,gob_ext_00376,dlk_ext_00400
dash_proceso_0404;5;dlk_tbl_01059,gob_tbl_01914,gob_tbl_01189,dlk_tbl_02632,gob_tbl_00718;13;dlk_tbl_00475,proc_tbl_02346,dlk_tbl_03079,dlk_tbl_01421,m4sco_tbl_01821,gob_tbl_01556,proc_tbl_02946,std_ext_00159,gob_ext_00282,dlk_ext_00207,dlk_ext_00214,dlk_ext_00084,dlk_ext_00013
dlk_proceso_0405;5;dlk_tbl_02963,gob_tbl_00044,gob_tbl_02066,gob_tbl_00252,gob_tbl_00606;14;gob_tbl_01980,gob_tbl_01023,dlk_tbl_02259,gob_tbl_01702,std_tbl_01831,proc_tbl_01199,std_tbl_00518,gob_tbl_00412,gob_ext_00297,dlk_ext_00293,gob_ext_00287,proc_ext_00075,proc_ext_00316,dlk_ext_00060
dlk_proceso_0406;4;proc_tbl_00215,dash_tbl_00293,proc_tbl_03146,gob_tbl_00985;12;proc_tbl_01329,gob_tbl_02092,proc_tbl_01484,dlk_tbl_01830,dlk_tbl_03012,dlk_tbl_03045,gob_tbl_01028,proc_ext_00311,dash_ext_00095,proc_ext_00386,gob_ext_00119,dash_ext_00405
gob_proceso_0407;6;gob_tbl_02133,dlk_tbl_03010,proc_tbl_01380,std_tbl_01739,m4sco_tbl_02937,dlk_tbl_00632;21;gob_tbl_01276,dlk_tbl_02001,dlk_tbl_02897,dlk_tbl_00323,dlk_tbl_00573,dlk_tbl_01286,gob_tbl_00138,gob_tbl_02278,dlk_tbl_03128,gob_tbl_00086,dlk_tbl_00201,dlk_tbl_00928,gob_ext_00461,gob_ext_00058,gob_ext_00245,dlk_ext_00354,m4vw_ext_00423,proc_ext_00434,gob_ext_00119,dlk_ext_00264,gob_ext_00153
gob_proceso_0408;6;dash_tbl_02645,dash_tbl_02465,gob_tbl_02746,proc_tbl_01160,dash_tbl_02924,gob_tbl_02322;4;gob_tbl_03121,proc_tbl_02346,dash_ext_00342,std_ext_00105
dlk_proceso_0409;4;proc_tbl_01825,gob_tbl_03255,proc_tbl_00942,dlk_tbl_02806;13;proc_tbl_01183,gob_tbl_00157,dlk_tbl_00106,gob_tbl_02179,dlk_tbl_01022,gob_tbl_01065,gob_tbl_00824,dlk_ext_00084,dlk_ext_00130,std_ext_00448,proc_ext_00213,gob_ext_00067,gob_ext_00218
gob_proceso_0410;3;gob_tbl_01974,dash_tbl_02601,gob_tbl_01006;8;dlk_tbl_01510,dlk_tbl_00637,dlk_tbl_03162,std_tbl_01739,dlk_tbl_00053,dlk_ext_00020,proc_ext_00319,gob_ext_00303
dlk_proceso_0411;2;gob_tbl_01584,gob_tbl_00593;7;dlk_tbl_00361,dash_tbl_00377,proc_tbl_01674,gob_tbl_01232,gob_ext_00475,gob_ext_00326,gob_ext_00451
dlk_proceso_0412;4;gob_tbl_03198,proc_tbl_03081,gob_tbl_03145,ppn_tbl_00313;8;dlk_tbl_02435,gob_tbl_01323,dlk_tbl_00065,gob_tbl_02486,gob_tbl_01184,gob_ext_00252,dlk_ext_00334,dlk_ext_00236
gob_proceso_0413;3;proc_tbl_01674,gob_tbl_02380,dlk_tbl_00232;9;gob_tbl_01018,dlk_tbl_01201,gob_tbl_03285,dlk_tbl_00915,dlk_tbl_00178,gob_ext_00072,dlk_ext_00087,proc_ext_00315,dash_ext_00247
proc_proceso_0414;5;gob_tbl_03144,proc_tbl_00701,dlk_tbl_00149,gob_tbl_01647,gob_tbl_02552;8;proc_tbl_02680,dash_tbl_00311,dlk_tbl_02993,proc_tbl_02346,gob_tbl_00315,dlk_ext_00470,dlk_ext_00458,proc_ext_00432
gob_proceso_0415;7;gob_tbl_01448,dlk_tbl_03293,gob_tbl_00186,proc_tbl_00945,proc_tbl_02968,proc_tbl_00897,proc_tbl_00107;6;dlk_tbl_01907,dlk_tbl_02734,gob_tbl_00956,dlk_ext_00041,gob_ext_00356,dlk_ext_00111
dlk_proceso_0416;4;proc_tbl_02155,proc_tbl_00257,gob_tbl_00067,gob_tbl_00371;4;gob_tbl_02851,proc_tbl_02903,dlk_ext_00285,proc_ext_00386
dlk_proceso_0417;5;dlk_tbl_02991,dlk_tbl_03242,dash_tbl_02970,gob_tbl_01749,dlk_tbl_01024;10;dlk_tbl_02105,proc_tbl_00905,std_tbl_00290,dlk_tbl_01741,dlk_tbl_01267,dash_tbl_02593,dlk_ext_00333,std_ext_00407,gob_ext_00297,std_ext_00105
dlk_proceso_0418;5;dlk_tbl_02040,dlk_tbl_02105,dlk_tbl_01512,dlk_tbl_01519,dlk_tbl_00106;8;m4vw_tbl_00898,std_tbl_00179,dlk_tbl_02113,dash_tbl_02021,proc_tbl_02900,proc_ext_00156,dlk_ext_00352,std_ext_00402
dlk_proceso_0419;8;dash_tbl_03247,dlk_tbl_00324,gob_tbl_02266,gob_tbl_01082,proc_tbl_02740,dlk_tbl_00096,dlk_tbl_00081,dlk_tbl_02451;9;dlk_tbl_01687,dlk_tbl_01582,std_tbl_01531,gob_tbl_02649,gob_tbl_01490,gob_ext_00102,gob_ext_00220,dlk_ext_00470,gob_ext_00457
gob_proceso_0420;6;gob_tbl_00598,gob_tbl_03093,gob_tbl_02530,dlk_tbl_00007,gob_tbl_03234,dlk_tbl_03061;8;gob_tbl_02226,proc_tbl_03006,proc_tbl_00487,gob_tbl_00168,dlk_tbl_03244,gob_ext_00415,gob_ext_00281,dlk_ext_00087
dlk_proceso_0421;6;gob_tbl_01395,dash_tbl_02899,gob_tbl_00848,m4vw_tbl_00193,proc_tbl_00402,dlk_tbl_02326;4;proc_tbl_00857,dlk_tbl_01402,dlk_ext_00389,dlk_ext_00271
dlk_proceso_0422;5;gob_tbl_02545,std_tbl_01969,dlk_tbl_02255,dlk_tbl_02890,dash_tbl_00742;7;proc_tbl_00107,dash_tbl_00801,gob_tbl_02986,dlk_tbl_00879,dlk_ext_00328,dash_ext_00411,dlk_ext_00352
gob_proceso_0423;5;proc_tbl_01904,gob_tbl_02720,proc_tbl_00546,dash_tbl_02407,dash_tbl_02604;5;dlk_tbl_01249,dlk_tbl_01429,gob_tbl_02925,proc_ext_00256,gob_ext_00282
dlk_proceso_0424;6;proc_tbl_01590,proc_tbl_01763,gob_tbl_01331,dlk_tbl_00320,std_tbl_00162,dlk_tbl_02913;9;proc_tbl_00234,gob_tbl_00020,dlk_tbl_02537,proc_tbl_00277,proc_tbl_02976,dlk_ext_00334,dlk_ext_00181,gob_ext_00015,dash_ext_00411
proc_proceso_0425;9;std_tbl_00666,gob_tbl_01325,dlk_tbl_00129,dlk_tbl_02689,dlk_tbl_01815,dlk_tbl_01048,gob_tbl_00690,m4vw_tbl_02290,gob_tbl_00569;14;dlk_tbl_00697,dlk_tbl_01510,dlk_tbl_00836,dlk_tbl_01718,std_tbl_00379,m4sco_tbl_02285,proc_tbl_00661,dlk_tbl_02824,m4sco_ext_00300,gob_ext_00266,gob_ext_00457,gob_ext_00082,gob_ext_00222,std_ext_00179
gob_proceso_0426;4;proc_tbl_01981,gob_tbl_00164,gob_tbl_01518,gob_tbl_02676;3;dlk_tbl_03161,proc_tbl_01110,gob_ext_00376
gob_proceso_0427;3;dlk_tbl_00521,dlk_tbl_01426,dash_tbl_02639;5;gob_tbl_01737,gob_tbl_02241,dlk_tbl_01058,gob_ext_00382,dlk_ext_00298
gob_proceso_0428;2;dlk_tbl_00469,proc_tbl_00756;5;dlk_tbl_03117,dash_tbl_01521,std_tbl_00700,gob_ext_00275,gob_ext_00323
dlk_proceso_0429;2;gob_tbl_01838,dlk_tbl_00731;7;dash_tbl_02645,gob_tbl_02297,dlk_tbl_01729,gob_tbl_02227,proc_ext_00315,gob_ext_00122,std_ext_00248
dlk_proceso_0430;6;m4sco_tbl_02108,dash_tbl_00354,gob_tbl_03096,dlk_tbl_02585,dlk_tbl_01736,dlk_tbl_01297;10;gob_tbl_02220,dlk_tbl_01596,dash_tbl_01087,proc_tbl_02346,dlk_tbl_01081,gob_tbl_01356,dlk_ext_00469,proc_ext_00261,gob_ext_00452,dash_ext_00022
gob_proceso_0431;4;proc_tbl_03082,proc_tbl_03297,dlk_tbl_02399,gob_tbl_00061;10;dlk_tbl_02274,dlk_tbl_02109,dlk_tbl_02650,gob_tbl_00343,dlk_tbl_02505,gob_tbl_02531,dlk_ext_00038,dlk_ext_00410,gob_ext_00326,gob_ext_00135
gob_proceso_0432;6;dlk_tbl_00910,dlk_tbl_02637,dash_tbl_01363,dash_tbl_00431,gob_tbl_01702,proc_tbl_01982;10;proc_tbl_01795,std_tbl_00479,m4vw_tbl_00212,dlk_tbl_01558,dlk_tbl_02455,proc_tbl_00177,dlk_ext_00100,dlk_ext_00103,gob_ext_00069,dlk_ext_00088
dlk_proceso_0433;2;dlk_tbl_01284,std_tbl_02414;7;dlk_tbl_00534,gob_tbl_02011,proc_tbl_00703,dlk_tbl_00244,dlk_ext_00441,gob_ext_00357,dash_ext_00022
proc_proceso_0434;3;dlk_tbl_02243,gob_tbl_02347,proc_tbl_00618;13;gob_tbl_02532,dlk_tbl_00517,gob_tbl_01875,gob_tbl_00045,dlk_tbl_01666,gob_tbl_01469,gob_tbl_03198,gob_ext_00199,dash_ext_00200,dlk_ext_00343,proc_ext_00315,gob_ext_00345,dlk_ext_00426
gob_proceso_0435;3;dlk_tbl_00462,proc_tbl_02847,gob_tbl_01037;9;gob_tbl_00363,std_tbl_01818,dlk_tbl_01629,gob_tbl_03224,dlk_tbl_01322,proc_ext_00436,gob_ext_00058,proc_ext_00309,dlk_ext_00426
proc_proceso_0436;2;gob_tbl_02472,gob_tbl_02289;10;dlk_tbl_00002,gob_tbl_01737,gob_tbl_01858,gob_tbl_02802,gob_tbl_03163,proc_tbl_00677,gob_ext_00061,dlk_ext_00071,gob_ext_00266,proc_ext_00156
dlk_proceso_0437;9;dlk_tbl_02009,dlk_tbl_01227,dlk_tbl_01394,gob_tbl_03071,dlk_tbl_03264,dlk_tbl_01500,gob_tbl_01365,proc_tbl_00198,proc_tbl_01104;14;proc_tbl_01216,std_tbl_00089,dlk_tbl_02490,dlk_tbl_01996,dlk_tbl_03162,proc_tbl_01484,m4vw_tbl_01362,dlk_tbl_00564,dlk_ext_00437,dlk_ext_00148,gob_ext_00268,dlk_ext_00211,std_ext_00246,gob_ext_00119
dlk_proceso_0438;5;ppn_tbl_02848,gob_tbl_00657,gob_tbl_03163,std_tbl_00932,gob_tbl_01995;8;gob_tbl_01693,dlk_tbl_01278,dlk_tbl_00640,gob_tbl_02135,proc_tbl_01986,proc_ext_00049,proc_ext_00320,gob_ext_00086
gob_proceso_0439;6;dlk_tbl_01034,dlk_tbl_00805,gob_tbl_01319,dash_tbl_02028,std_tbl_03104,dlk_tbl_01338;16;dlk_tbl_01607,dlk_tbl_02823,dlk_tbl_02959,gob_tbl_00730,dlk_tbl_00955,std_tbl_01211,dlk_tbl_01081,std_tbl_02414,dash_tbl_01827,gob_ext_00281,proc_ext_00321,gob_ext_00282,dlk_ext_00333,std_ext_00448,gob_ext_00096,gob_ext_00456
gob_proceso_0440;4;gob_tbl_03080,proc_tbl_01439,dlk_tbl_02897,dash_tbl_02766;11;m4sco_tbl_00982,dlk_tbl_03201,proc_tbl_02900,dlk_tbl_00467,gob_tbl_01462,gob_tbl_02131,dlk_ext_00231,gob_ext_00292,std_ext_00455,dlk_ext_00365,dlk_ext_00279
gob_proceso_0441;8;dlk_tbl_02517,dlk_tbl_00979,std_tbl_01195,dlk_tbl_00658,gob_tbl_02208,dash_tbl_00950,gob_tbl_01318,std_tbl_00869;5;gob_tbl_00953,gob_tbl_02792,gob_tbl_01068,dlk_ext_00073,dlk_ext_00085
proc_proceso_0442;3;proc_tbl_01368,gob_tbl_00261,dash_tbl_00825;11;dlk_tbl_01283,dlk_tbl_02729,gob_tbl_00813,std_tbl_01182,gob_tbl_01935,dlk_tbl_00244,proc_ext_00228,gob_ext_00245,dlk_ext_00328,gob_ext_00451,dlk_ext_00333
dlk_proceso_0443;5;gob_tbl_00483,gob_tbl_00195,dlk_tbl_03026,gob_tbl_00376,std_tbl_01525;17;dash_tbl_02930,dlk_tbl_01823,std_tbl_02337,proc_tbl_00618,dlk_tbl_02200,dlk_tbl_00572,dash_tbl_02672,dash_tbl_02604,dlk_tbl_02885,proc_tbl_02404,proc_ext_00002,gob_ext_00117,dash_ext_00022,dlk_ext_00073,dash_ext_00446,gob_ext_00359,dlk_ext_00013
dlk_proceso_0444;3;dlk_tbl_01249,gob_tbl_01504,proc_tbl_00553;4;proc_tbl_01851,gob_tbl_00763,gob_ext_00307,dlk_ext_00139
dlk_proceso_0445;5;dlk_tbl_01096,proc_tbl_01224,proc_tbl_00851,proc_tbl_01453,dash_tbl_00413;5;dlk_tbl_01235,gob_tbl_02216,dlk_tbl_00970,gob_ext_00325,gob_ext_00054
gob_proceso_0446;5;dlk_tbl_01321,gob_tbl_01544,proc_tbl_00347,gob_tbl_00773,gob_tbl_02222;8;gob_tbl_02588,dlk_tbl_00334,dlk_tbl_01880,dlk_tbl_01919,gob_tbl_02048,dash_ext_00095,dlk_ext_00068,proc_ext_00131
proc_proceso_0447;5;proc_tbl_01628,gob_tbl_01612,gob_tbl_00086,gob_tbl_00714,gob_tbl_02099;9;proc_tbl_00148,ppn_tbl_01435,gob_tbl_03020,proc_tbl_01986,gob_tbl_03210,m4vw_ext_00351,dlk_ext_00051,dlk_ext_00186,dlk_ext_00048
proc_proceso_0448;2;gob_tbl_00412,dlk_tbl_01421;7;dlk_tbl_00244,proc_tbl_03004,dlk_tbl_02669,gob_tbl_02150,gob_ext_00444,gob_ext_00323,proc_ext_00350
gob_proceso_0449;6;gob_tbl_01770,dlk_tbl_02965,dash_tbl_02828,dlk_tbl_01844,gob_tbl_01381,dlk_tbl_02669;4;dlk_tbl_00970,gob_tbl_00917,dlk_ext_00255,gob_ext_00092
gob_proceso_0450;3;dlk_tbl_03102,gob_tbl_02305,proc_tbl_01605;9;dlk_tbl_01496,dlk_tbl_00725,proc_tbl_01347,dash_tbl_02980,gob_tbl_02923,dlk_ext_00343,gob_ext_00435,proc_ext_00065,gob_ext_00253
dlk_proceso_0451;6;std_tbl_01531,dash_tbl_01004,m4sco_tbl_00158,dash_tbl_01918,gob_tbl_00908,dlk_tbl_02820;15;gob_tbl_02685,gob_tbl_02129,proc_tbl_01548,dlk_tbl_02463,gob_tbl_03022,dlk_tbl_00696,proc_tbl_01561,proc_tbl_01491,dlk_tbl_02812,gob_ext_00253,gob_ext_00015,dlk_ext_00013,dash_ext_00095,dlk_ext_00365,std_ext_00465
dash_proceso_0452;3;m4sco_tbl_01857,proc_tbl_02652,gob_tbl_01073;14;proc_tbl_02876,gob_tbl_01877,proc_tbl_02900,dlk_tbl_01967,proc_tbl_03288,gob_tbl_00403,proc_tbl_03187,dlk_tbl_00007,dash_ext_00405,dlk_ext_00186,dlk_ext_00272,gob_ext_00475,gob_ext_00337,gob_ext_00336
dlk_proceso_0453;3;proc_tbl_03187,gob_tbl_00392,dlk_tbl_00613;9;dlk_tbl_02556,gob_tbl_00826,gob_tbl_00061,dlk_tbl_01108,dlk_tbl_03044,gob_ext_00275,dlk_ext_00467,dlk_ext_00048,dlk_ext_00130
dlk_proceso_0454;2;gob_tbl_01768,dlk_tbl_01683;15;dlk_tbl_01096,gob_tbl_00020,std_tbl_00290,gob_tbl_02720,dlk_tbl_02830,proc_tbl_02660,gob_tbl_00419,dash_tbl_00174,dlk_tbl_01247,dlk_ext_00265,gob_ext_00337,gob_ext_00069,dlk_ext_00298,gob_ext_00067,dlk_ext_00426
gob_proceso_0455;4;dash_tbl_00895,gob_tbl_02145,dash_tbl_02433,dlk_tbl_01579;4;gob_tbl_02706,dash_tbl_03287,gob_ext_00059,gob_ext_00245
gob_proceso_0456;8;dlk_tbl_01440,gob_tbl_02748,proc_tbl_00433,proc_tbl_02659,dlk_tbl_00525,m4sco_tbl_02634,dash_tbl_02413,gob_tbl_02131;14;dash_tbl_01446,gob_tbl_00730,proc_tbl_01696,gob_tbl_02238,proc_tbl_02341,gob_tbl_01723,m4sco_tbl_01494,dash_tbl_00948,ppn_ext_00165,proc_ext_00213,dlk_ext_00398,gob_ext_00119,dlk_ext_00207,dash_ext_00168
proc_proceso_0457;5;dash_tbl_00751,proc_tbl_02288,std_tbl_01245,gob_tbl_01528,proc_tbl_02329;5;dash_tbl_01419,gob_tbl_02929,proc_tbl_01725,gob_ext_00295,dlk_ext_00272
dash_proceso_0458;7;gob_tbl_02037,proc_tbl_02605,proc_tbl_00556,proc_tbl_00043,dlk_tbl_02759,dlk_tbl_00077,dlk_tbl_00665;1;ppn_tbl_00492
dlk_proceso_0459;8;proc_tbl_01334,dlk_tbl_00165,proc_tbl_01765,dlk_tbl_02563,proc_tbl_01329,gob_tbl_02085,dlk_tbl_01850,dlk_tbl_02904;6;dlk_tbl_02372,gob_tbl_02145,dash_tbl_02910,dlk_ext_00088,proc_ext_00432,dlk_ext_00231
dlk_proceso_0460;5;std_tbl_00109,dlk_tbl_00724,gob_tbl_00473,proc_tbl_03159,dlk_tbl_02050;4;dlk_tbl_00002,gob_tbl_01350,dlk_ext_00035,dlk_ext_00354
dash_proceso_0461;5;gob_tbl_02227,dash_tbl_02797,proc_tbl_01324,gob_tbl_01649,proc_tbl_00391;13;gob_tbl_02779,gob_tbl_01065,gob_tbl_00412,gob_tbl_02029,dlk_tbl_02505,gob_tbl_02396,dlk_tbl_01376,proc_ext_00011,dlk_ext_00107,m4vw_ext_00443,proc_ext_00156,gob_ext_00113,gob_ext_00282
dlk_proceso_0462;6;proc_tbl_02726,gob_tbl_02436,dlk_tbl_00702,gob_tbl_01315,gob_tbl_02371,gob_tbl_02118;12;dlk_tbl_02713,dlk_tbl_01014,dash_tbl_02343,dlk_tbl_02892,dlk_tbl_00302,dlk_tbl_02480,dlk_tbl_02765,proc_ext_00442,gob_ext_00220,dlk_ext_00100,dlk_ext_00272,dash_ext_00168
dlk_proceso_0463;5;dash_tbl_00891,gob_tbl_00777,gob_tbl_02706,dlk_tbl_01163,m4sco_tbl_00830;7;dlk_tbl_01059,gob_tbl_03093,dlk_tbl_00511,dlk_tbl_02824,gob_ext_00435,dlk_ext_00093,dlk_ext_00090
dlk_proceso_0464;3;dash_tbl_01467,gob_tbl_02531,dlk_tbl_02446;15;dlk_tbl_00589,proc_tbl_00942,dlk_tbl_02962,dlk_tbl_01338,dlk_tbl_01349,dash_tbl_02307,gob_tbl_01630,dlk_tbl_03042,gob_tbl_00852,gob_ext_00281,gob_ext_00287,dlk_ext_00001,dlk_ext_00469,gob_ext_00220,gob_ext_00069
gob_proceso_0465;6;dlk_tbl_01812,gob_tbl_03286,dlk_tbl_01967,gob_tbl_02988,std_tbl_00299,gob_tbl_02342;10;gob_tbl_01142,proc_tbl_03281,dlk_tbl_02806,dlk_tbl_00711,gob_tbl_00876,gob_tbl_02998,dlk_ext_00333,gob_ext_00444,dlk_ext_00202,dlk_ext_00352
dlk_proceso_0466;5;dlk_tbl_00668,dlk_tbl_01642,proc_tbl_02313,dlk_tbl_01515,proc_tbl_00373;13;proc_tbl_03248,std_tbl_00932,dlk_tbl_00608,dlk_tbl_00528,gob_tbl_01639,gob_tbl_02041,proc_tbl_02730,gob_ext_00250,dlk_ext_00378,dlk_ext_00393,dlk_ext_00084,gob_ext_00119,dlk_ext_00313
proc_proceso_0467;2;dlk_tbl_02574,proc_tbl_00893;8;dlk_tbl_00368,gob_tbl_00943,gob_tbl_00208,gob_tbl_00813,dlk_tbl_02178,gob_ext_00077,dash_ext_00083,dlk_ext_00027
gob_proceso_0468;6;dlk_tbl_01716,proc_tbl_02475,dlk_tbl_02833,dlk_tbl_01690,dlk_tbl_02979,gob_tbl_01942;10;dlk_tbl_02272,std_tbl_02753,dash_tbl_00554,gob_tbl_02484,dlk_tbl_00467,dlk_tbl_01597,dlk_ext_00155,dlk_ext_00413,gob_ext_00201,dlk_ext_00414
proc_proceso_0469;7;dlk_tbl_02186,dlk_tbl_00280,gob_tbl_02364,proc_tbl_01342,dlk_tbl_01814,gob_tbl_02817,gob_tbl_02642;11;proc_tbl_00288,proc_tbl_00553,m4sco_tbl_02108,dlk_tbl_00989,dlk_tbl_02448,dlk_tbl_00220,dash_ext_00460,dash_ext_00405,dlk_ext_00236,proc_ext_00442,dlk_ext_00231
dlk_proceso_0470;7;dlk_tbl_02295,gob_tbl_02826,gob_tbl_02719,gob_tbl_00616,gob_tbl_00221,m4sco_tbl_00904,dlk_tbl_02423;11;dlk_tbl_01100,gob_tbl_01420,dlk_tbl_03009,dash_tbl_01685,dash_tbl_00931,proc_tbl_00684,gob_ext_00394,proc_ext_00187,proc_ext_00049,proc_ext_00089,gob_ext_00451
gob_proceso_0471;4;dlk_tbl_02477,dash_tbl_01634,proc_tbl_01206,dlk_tbl_00717;11;gob_tbl_00973,gob_tbl_01533,m4vw_tbl_02567,dlk_tbl_00573,proc_tbl_01931,gob_tbl_00484,dlk_ext_00051,std_ext_00246,gob_ext_00106,gob_ext_00129,proc_ext_00385
dlk_proceso_0472;6;dlk_tbl_02898,dash_tbl_00143,dlk_tbl_01898,dlk_tbl_02663,m4sco_tbl_00036,gob_tbl_00084;4;std_tbl_03151,proc_tbl_02153,dlk_ext_00136,dlk_ext_00449
gob_proceso_0473;8;gob_tbl_00720,proc_tbl_01121,dlk_tbl_02819,gob_tbl_01492,gob_tbl_01789,gob_tbl_00501,proc_tbl_01218,gob_tbl_01093;19;proc_tbl_02361,gob_tbl_00383,gob_tbl_00759,dlk_tbl_02314,std_tbl_00728,dlk_tbl_02330,gob_tbl_02685,gob_tbl_02131,gob_tbl_01752,gob_tbl_01990,gob_tbl_00956,std_ext_00179,dlk_ext_00041,gob_ext_00356,dlk_ext_00209,proc_ext_00017,dlk_ext_00343,gob_ext_00295,dash_ext_00304
dlk_proceso_0474;4;gob_tbl_01868,proc_tbl_01677,gob_tbl_02922,dlk_tbl_03039;4;std_tbl_01869,gob_tbl_03001,gob_ext_00282,dlk_ext_00278
gob_proceso_0475;2;ppn_tbl_01688,dlk_tbl_02281;12;gob_tbl_02310,dlk_tbl_02712,proc_tbl_03301,gob_tbl_03063,gob_tbl_03074,dlk_tbl_00551,proc_tbl_00380,gob_ext_00438,dlk_ext_00226,proc_ext_00049,dlk_ext_00088,dlk_ext_00285
gob_proceso_0476;4;dlk_tbl_02782,dlk_tbl_01989,m4vw_tbl_02567,dash_tbl_01912;4;proc_tbl_00905,gob_tbl_03209,dlk_ext_00097,dlk_ext_00188
gob_proceso_0477;7;gob_tbl_00030,gob_tbl_02217,dlk_tbl_00196,dash_tbl_00204,gob_tbl_00090,dlk_tbl_03079,dlk_tbl_00075;15;gob_tbl_00392,gob_tbl_02839,gob_tbl_00647,dash_tbl_02465,dlk_tbl_01843,gob_tbl_00168,dlk_tbl_00808,gob_tbl_02293,dlk_tbl_01992,gob_ext_00118,m4sco_ext_00000,dlk_ext_00410,dlk_ext_00328,gob_ext_00098,gob_ext_00082
gob_proceso_0478;3;dlk_tbl_01823,dlk_tbl_02049,proc_tbl_02790;6;gob_tbl_02922,gob_tbl_00730,dash_tbl_00480,gob_ext_00061,dlk_ext_00155,gob_ext_00054
dlk_proceso_0479;6;ppn_tbl_01207,dlk_tbl_01300,dlk_tbl_01428,gob_tbl_02561,proc_tbl_00758,dlk_tbl_02126;5;dlk_tbl_01830,gob_tbl_03046,dlk_tbl_00864,gob_ext_00245,proc_ext_00063
dlk_proceso_0480;6;gob_tbl_02366,gob_tbl_00471,m4vw_tbl_01806,dlk_tbl_01900,proc_tbl_01932,dash_tbl_02078;15;gob_tbl_03120,dash_tbl_02042,gob_tbl_00755,gob_tbl_01317,gob_tbl_00058,gob_tbl_00810,proc_tbl_01885,proc_tbl_02096,gob_tbl_01189,dlk_ext_00169,gob_ext_00373,dlk_ext_00333,dlk_ext_00231,dlk_ext_00366,gob_ext_00415
dlk_proceso_0481;4;gob_tbl_00003,proc_tbl_00785,dlk_tbl_02755,dlk_tbl_00358;11;gob_tbl_00195,proc_tbl_00553,gob_tbl_02666,dlk_tbl_00787,dlk_tbl_00879,gob_tbl_02809,proc_ext_00011,gob_ext_00125,proc_ext_00406,gob_ext_00007,gob_ext_00153
gob_proceso_0482;6;dlk_tbl_01498,gob_tbl_02080,gob_tbl_02845,m4sco_tbl_00771,proc_tbl_01928,proc_tbl_02346;13;dash_tbl_00535,std_tbl_00518,dash_tbl_00103,dlk_tbl_02578,gob_tbl_02345,proc_tbl_02467,gob_tbl_01132,gob_ext_00074,dlk_ext_00050,gob_ext_00140,dlk_ext_00107,gob_ext_00219,gob_ext_00340
proc_proceso_0483;7;dlk_tbl_00349,proc_tbl_01594,m4sco_tbl_01571,gob_tbl_00965,dlk_tbl_01126,gob_tbl_00845,dlk_tbl_01930;9;gob_tbl_00221,proc_tbl_01347,dlk_tbl_00947,dlk_tbl_03092,dash_tbl_00811,dlk_ext_00339,dlk_ext_00230,dlk_ext_00244,dlk_ext_00260
dlk_proceso_0484;4;dlk_tbl_02365,gob_tbl_02983,proc_tbl_02415,gob_tbl_01023;11;gob_tbl_01384,dlk_tbl_00863,proc_tbl_01941,gob_tbl_00996,gob_tbl_02364,m4vw_tbl_00193,gob_ext_00218,dlk_ext_00090,dlk_ext_00428,dlk_ext_00464,dlk_ext_00013
dash_proceso_0485;3;gob_tbl_01600,dlk_tbl_01235,gob_tbl_02781;7;ppn_tbl_01266,dlk_tbl_00564,dlk_tbl_00782,m4sco_tbl_00357,proc_ext_00436,proc_ext_00386,std_ext_00447
dlk_proceso_0486;4;dlk_tbl_03271,gob_tbl_00594,dlk_tbl_00680,dlk_tbl_02769;8;proc_tbl_01079,gob_tbl_00885,dlk_tbl_01661,gob_tbl_03078,m4vw_tbl_00772,m4sco_ext_00000,gob_ext_00340,dlk_ext_00088
gob_proceso_0487;3;gob_tbl_01731,gob_tbl_02434,dlk_tbl_01339;13;dlk_tbl_02165,gob_tbl_00660,gob_tbl_01757,std_tbl_02583,gob_tbl_02742,proc_tbl_01733,std_tbl_00350,dlk_ext_00175,dlk_ext_00155,dash_ext_00342,dlk_ext_00244,dlk_ext_00296,dlk_ext_00278
dlk_proceso_0488;6;gob_tbl_02092,dlk_tbl_01742,dash_tbl_02518,dlk_tbl_01740,gob_tbl_01537,ppn_tbl_01398;10;dash_tbl_00591,gob_tbl_00080,proc_tbl_00546,gob_tbl_00571,proc_tbl_00198,dlk_tbl_03171,dlk_ext_00410,dlk_ext_00324,dash_ext_00405,dlk_ext_00024
proc_proceso_0489;4;proc_tbl_01277,m4vw_tbl_01296,dlk_tbl_00817,dash_tbl_02700;3;gob_tbl_02914,proc_tbl_01191,dlk_ext_00048
gob_proceso_0490;4;m4vw_tbl_02544,dlk_tbl_01181,gob_tbl_02834,dlk_tbl_02824;7;gob_tbl_01832,proc_tbl_00969,proc_tbl_00674,dlk_tbl_02957,proc_ext_00316,gob_ext_00461,gob_ext_00201
dlk_proceso_0491;5;gob_tbl_02800,std_tbl_01112,dlk_tbl_00254,gob_tbl_02851,gob_tbl_01084;8;dlk_tbl_02859,dash_tbl_00126,gob_tbl_02752,dlk_tbl_02971,dlk_tbl_02354,proc_ext_00216,gob_ext_00297,dlk_ext_00400
dlk_proceso_0492;5;proc_tbl_00765,gob_tbl_00237,dlk_tbl_00071,dlk_tbl_01305,dlk_tbl_00507;14;dlk_tbl_02814,gob_tbl_02843,dlk_tbl_02957,dlk_tbl_01830,dlk_tbl_02644,gob_tbl_03085,proc_tbl_02905,gob_tbl_02066,dlk_ext_00155,proc_ext_00049,dlk_ext_00279,proc_ext_00249,dlk_ext_00026,dash_ext_00317
dlk_proceso_0493;3;dash_tbl_00939,proc_tbl_01013,proc_tbl_02810;6;gob_tbl_01528,dlk_tbl_02787,gob_tbl_00841,proc_ext_00386,gob_ext_00218,dlk_ext_00426
dlk_proceso_0494;3;gob_tbl_01790,dlk_tbl_03089,dlk_tbl_00108;5;ppn_tbl_02848,dash_tbl_03112,dlk_tbl_03227,gob_ext_00102,dlk_ext_00389
proc_proceso_0495;2;gob_tbl_00734,gob_tbl_01196;8;std_tbl_01536,ppn_tbl_03231,dlk_tbl_03048,dash_tbl_01697,dlk_tbl_03045,gob_ext_00227,dlk_ext_00278,gob_ext_00286
dlk_proceso_0496;9;dlk_tbl_02291,gob_tbl_00849,dash_tbl_01521,gob_tbl_02868,dash_tbl_02724,std_tbl_01086,proc_tbl_03301,dlk_tbl_02791,gob_tbl_01803;14;dlk_tbl_02764,dlk_tbl_02463,dlk_tbl_01742,dlk_tbl_00502,proc_tbl_01949,std_tbl_02586,proc_tbl_00775,gob_tbl_02122,proc_ext_00187,gob_ext_00212,dlk_ext_00001,dash_ext_00405,dlk_ext_00188,std_ext_00465
dlk_proceso_0497;3;dlk_tbl_00989,dlk_tbl_02787,dlk_tbl_01635;9;dlk_tbl_01014,gob_tbl_02739,proc_tbl_00052,gob_tbl_03148,gob_tbl_03269,dlk_ext_00441,dlk_ext_00104,gob_ext_00034,dlk_ext_00214
dlk_proceso_0498;3;dlk_tbl_01179,dlk_tbl_01638,proc_tbl_02321;8;proc_tbl_02218,gob_tbl_01290,gob_tbl_00761,gob_tbl_02894,dlk_tbl_01843,dlk_ext_00454,gob_ext_00009,proc_ext_00045
gob_proceso_0499;2;proc_tbl_02996,dash_tbl_00762;7;dlk_tbl_01524,gob_tbl_01854,proc_tbl_00373,gob_tbl_01877,dlk_ext_00087,gob_ext_00356,gob_ext_00014
gob_proceso_0500;6;gob_tbl_01756,gob_tbl_02319,m4sco_tbl_00155,dlk_tbl_02492,dlk_tbl_01938,std_tbl_01704;13;dlk_tbl_01812,proc_tbl_01223,dash_tbl_00405,proc_tbl_02363,dlk_tbl_01148,dlk_tbl_02001,gob_tbl_00911,gob_ext_00047,dash_ext_00114,gob_ext_00069,gob_ext_00058,gob_ext_00059,m4vw_ext_00423
dlk_proceso_0501;5;proc_tbl_03310,proc_tbl_01561,proc_tbl_01228,dlk_tbl_03253,gob_tbl_02107;13;dash_tbl_01560,gob_tbl_01040,dlk_tbl_00517,proc_tbl_01009,gob_tbl_01695,gob_tbl_02106,gob_tbl_00705,gob_ext_00127,dlk_ext_00042,dlk_ext_00365,dlk_ext_00264,dlk_ext_00324,gob_ext_00176
dlk_proceso_0502;3;dlk_tbl_01256,gob_tbl_01656,dlk_tbl_02936;9;gob_tbl_01490,dlk_tbl_00586,dlk_tbl_02421,dlk_tbl_00244,dlk_tbl_01124,gob_ext_00140,dlk_ext_00279,dlk_ext_00151,gob_ext_00266
gob_proceso_0503;2;dash_tbl_00999,dash_tbl_00509;6;dlk_tbl_02734,gob_tbl_01325,gob_tbl_01423,std_ext_00407,proc_ext_00383,gob_ext_00160
gob_proceso_0504;5;gob_tbl_02297,dlk_tbl_02915,dlk_tbl_01947,dlk_tbl_02400,dlk_tbl_01829;19;dlk_tbl_00028,dash_tbl_01468,gob_tbl_02460,dlk_tbl_01924,proc_tbl_00505,std_tbl_00179,dlk_tbl_02824,std_tbl_00089,dlk_tbl_00886,gob_tbl_01485,proc_tbl_01199,proc_ext_00063,gob_ext_00368,gob_ext_00451,dash_ext_00190,dlk_ext_00264,std_ext_00447,proc_ext_00131,std_ext_00246
dlk_proceso_0505;5;gob_tbl_02708,proc_tbl_00868,gob_tbl_02867,dlk_tbl_00586,dlk_tbl_02204;7;m4vw_tbl_02615,gob_tbl_00981,dlk_tbl_02156,gob_tbl_01280,dlk_ext_00255,dlk_ext_00080,dlk_ext_00041
dlk_proceso_0506;2;dlk_tbl_00572,gob_tbl_03139;5;dlk_tbl_02736,dlk_tbl_01156,proc_tbl_02660,gob_ext_00153,proc_ext_00232
gob_proceso_0507;8;gob_tbl_01212,dlk_tbl_03312,dlk_tbl_01076,gob_tbl_00251,dlk_tbl_02141,proc_tbl_03147,gob_tbl_00078,dlk_tbl_02629;6;gob_tbl_01122,gob_tbl_01403,gob_tbl_02179,proc_ext_00232,proc_ext_00350,dlk_ext_00333
gob_proceso_0508;4;proc_tbl_01271,dlk_tbl_01260,m4vw_tbl_03295,gob_tbl_02614;10;gob_tbl_02147,gob_tbl_01032,m4vw_tbl_02544,dlk_tbl_00564,gob_tbl_03167,proc_tbl_00802,gob_ext_00303,gob_ext_00376,gob_ext_00452,dlk_ext_00324
dlk_proceso_0509;8;dlk_tbl_02569,dlk_tbl_02111,dlk_tbl_02267,dlk_tbl_01075,gob_tbl_03156,dlk_tbl_03266,gob_tbl_00585,proc_tbl_02218;5;gob_tbl_01093,gob_tbl_01466,std_tbl_01245,gob_ext_00098,gob_ext_00127
dlk_proceso_0510;2;dlk_tbl_00984,m4vw_tbl_03275;8;dlk_tbl_02483,dlk_tbl_02211,dlk_tbl_00808,dlk_tbl_01449,gob_tbl_00168,dash_ext_00057,m4sco_ext_00300,dlk_ext_00090
dlk_proceso_0511;5;std_tbl_01575,dlk_tbl_01780,dlk_tbl_01659,dlk_tbl_02560,proc_tbl_02680;5;dlk_tbl_02698,dash_tbl_00760,gob_tbl_02122,std_ext_00179,gob_ext_00054
proc_proceso_0512;5;dlk_tbl_00147,dlk_tbl_01246,dlk_tbl_00839,gob_tbl_02543,std_tbl_02581;12;std_tbl_02788,proc_tbl_00391,gob_tbl_00251,dash_tbl_02252,dlk_tbl_02354,dlk_tbl_01740,gob_tbl_00617,proc_ext_00439,dlk_ext_00151,dlk_ext_00244,gob_ext_00102,gob_ext_00274
dlk_proceso_0513;8;dlk_tbl_01984,proc_tbl_03206,dash_tbl_01726,gob_tbl_02418,dlk_tbl_01692,dlk_tbl_02957,dlk_tbl_01617,m4vw_tbl_02709;5;dlk_tbl_01307,gob_tbl_03157,gob_tbl_02016,dlk_ext_00244,proc_ext_00277
dlk_proceso_0514;5;dash_tbl_00166,gob_tbl_02949,gob_tbl_02230,dash_tbl_01054,gob_tbl_00463;14;dlk_tbl_03117,gob_tbl_02752,std_tbl_01002,dash_tbl_02469,dlk_tbl_01520,dash_tbl_00311,gob_tbl_02066,dlk_tbl_02741,dlk_ext_00343,gob_ext_00117,dlk_ext_00426,dlk_ext_00188,dlk_ext_00080,dlk_ext_00084
gob_proceso_0515;7;dlk_tbl_00712,gob_tbl_00132,proc_tbl_02953,proc_tbl_01802,dlk_tbl_02516,std_tbl_01182,dlk_tbl_02597;9;dlk_tbl_01187,dlk_tbl_02450,dlk_tbl_02175,gob_tbl_02941,dash_tbl_01912,dlk_ext_00293,dlk_ext_00400,m4sco_ext_00170,dlk_ext_00328
proc_proceso_0516;8;dlk_tbl_02854,dlk_tbl_02405,dlk_tbl_00858,dlk_tbl_02328,proc_tbl_02367,gob_tbl_02373,proc_tbl_01586,proc_tbl_01476;19;dlk_tbl_00850,proc_tbl_02014,dlk_tbl_01438,proc_tbl_00043,proc_tbl_01104,proc_tbl_03206,dlk_tbl_01606,ppn_tbl_02027,dlk_tbl_01687,dlk_tbl_02904,m4vw_tbl_02338,gob_ext_00254,proc_ext_00277,gob_ext_00418,proc_ext_00213,std_ext_00402,m4vw_ext_00423,gob_ext_00061,proc_ext_00232
proc_proceso_0517;4;dash_tbl_01697,gob_tbl_01114,dash_tbl_02312,proc_tbl_03116;9;gob_tbl_01511,ppn_tbl_01328,dash_tbl_00173,gob_tbl_03222,proc_tbl_01845,dlk_ext_00076,gob_ext_00425,gob_ext_00282,gob_ext_00199
gob_proceso_0518;2;dlk_tbl_01908,dash_tbl_02598;12;dlk_tbl_00416,dlk_tbl_00564,gob_tbl_03078,proc_tbl_00758,proc_tbl_02429,std_tbl_00645,proc_tbl_02341,gob_ext_00043,m4vw_ext_00466,gob_ext_00367,dlk_ext_00042,dlk_ext_00181
dlk_proceso_0519;4;dlk_tbl_02256,proc_tbl_01583,dlk_tbl_02918,proc_tbl_01199;6;dlk_tbl_02856,gob_tbl_02289,gob_tbl_01877,gob_ext_00281,dlk_ext_00347,dlk_ext_00375
proc_proceso_0520;2;dlk_tbl_01890,proc_tbl_01679;13;proc_tbl_02659,proc_tbl_01674,gob_tbl_02717,std_tbl_02691,gob_tbl_03018,dash_tbl_00825,gob_tbl_01196,dash_ext_00405,dlk_ext_00390,dlk_ext_00088,proc_ext_00330,std_ext_00447,dlk_ext_00467
gob_proceso_0521;7;proc_tbl_00277,proc_tbl_00172,m4vw_tbl_01326,gob_tbl_00622,gob_tbl_03066,gob_tbl_00810,gob_tbl_00117;11;gob_tbl_02106,proc_tbl_00113,dash_tbl_02182,gob_tbl_02666,gob_tbl_02409,dlk_tbl_02000,dlk_ext_00390,dlk_ext_00283,gob_ext_00337,dlk_ext_00051,dash_ext_00364
proc_proceso_0522;8;gob_tbl_00981,dlk_tbl_01038,gob_tbl_02359,gob_tbl_02938,proc_tbl_00064,gob_tbl_02221,gob_tbl_02376,dlk_tbl_00502;14;dlk_tbl_01108,gob_tbl_02322,dash_tbl_02469,gob_tbl_02304,gob_tbl_02122,proc_tbl_01183,dlk_tbl_02451,proc_tbl_02344,gob_ext_00119,gob_ext_00235,dash_ext_00348,dash_ext_00121,proc_ext_00316,gob_ext_00476
gob_proceso_0523;6;gob_tbl_00892,gob_tbl_01344,dlk_tbl_00442,dash_tbl_02672,proc_tbl_01397,proc_tbl_02404;11;proc_tbl_02888,proc_tbl_01484,std_tbl_00604,proc_tbl_01464,dlk_tbl_01394,proc_tbl_01825,dlk_ext_00148,dlk_ext_00051,proc_ext_00431,gob_ext_00306,dlk_ext_00389
dlk_proceso_0524;4;dlk_tbl_02320,proc_tbl_00288,gob_tbl_02402,dlk_tbl_01527;9;proc_tbl_00183,dlk_tbl_01108,gob_tbl_01580,proc_tbl_02660,dlk_tbl_02267,dlk_ext_00088,dlk_ext_00278,dash_ext_00446,std_ext_00465
dlk_proceso_0525;6;m4sco_tbl_03305,dash_tbl_02021,proc_tbl_02187,dash_tbl_03287,dlk_tbl_02262,dash_tbl_00626;6;gob_tbl_02115,proc_tbl_01164,dlk_tbl_00769,dash_ext_00095,dash_ext_00405,dash_ext_00342
proc_proceso_0526;4;gob_tbl_02104,ppn_tbl_01681,gob_tbl_02276,std_tbl_00700;14;proc_tbl_01147,gob_tbl_02054,gob_tbl_02091,dlk_tbl_01171,gob_tbl_03179,dlk_tbl_02886,gob_tbl_00993,dlk_tbl_00990,std_ext_00448,dlk_ext_00039,dlk_ext_00085,dlk_ext_00084,dlk_ext_00347,gob_ext_00268
gob_proceso_0527;3;std_tbl_02691,dlk_tbl_00014,proc_tbl_02903;9;proc_tbl_00487,proc_tbl_01160,gob_tbl_02048,dash_tbl_01881,proc_tbl_01047,gob_ext_00241,dlk_ext_00426,proc_ext_00011,dlk_ext_00038
dlk_proceso_0528;5;dlk_tbl_02170,dash_tbl_02651,m4sco_tbl_02432,dlk_tbl_02865,gob_tbl_01723;8;dash_tbl_01463,dash_tbl_02598,gob_tbl_00211,gob_tbl_00841,gob_tbl_00510,gob_ext_00118,dlk_ext_00437,gob_ext_00119
gob_proceso_0529;4;dlk_tbl_03189,gob_tbl_02562,dlk_tbl_01400,gob_tbl_01217;10;dlk_tbl_02001,ppn_tbl_01509,gob_tbl_02107,gob_tbl_02260,std_tbl_01971,gob_tbl_03158,dlk_ext_00445,dlk_ext_00419,m4vw_ext_00423,gob_ext_00252
dash_proceso_0530;4;dlk_tbl_02620,gob_tbl_00235,dlk_tbl_01920,dlk_tbl_00185;9;dlk_tbl_02569,gob_tbl_01231,dlk_tbl_00807,gob_tbl_01760,dlk_tbl_00280,proc_ext_00066,dlk_ext_00391,dlk_ext_00008,proc_ext_00004
dlk_proceso_0531;8;dlk_tbl_01714,proc_tbl_03065,dlk_tbl_01891,dlk_tbl_00144,dlk_tbl_00644,gob_tbl_02073,gob_tbl_00218,gob_tbl_01968;9;dlk_tbl_02355,dlk_tbl_02643,gob_tbl_02419,gob_tbl_01630,gob_tbl_00484,gob_ext_00118,dlk_ext_00198,std_ext_00465,gob_ext_00408
dlk_proceso_0532;5;proc_tbl_02076,proc_tbl_00151,proc_tbl_00508,dlk_tbl_03126,gob_tbl_02161;8;dlk_tbl_03079,dlk_tbl_01171,std_tbl_00700,proc_tbl_03272,gob_tbl_02808,dlk_ext_00181,gob_ext_00125,dlk_ext_00328
proc_proceso_0533;5;std_tbl_01094,gob_tbl_00403,ppn_tbl_00470,dash_tbl_01643,m4sco_tbl_00182;16;gob_tbl_02956,gob_tbl_00363,std_tbl_02931,proc_tbl_01608,dlk_tbl_02406,dlk_tbl_02761,gob_tbl_03163,dlk_tbl_00491,proc_tbl_00727,dlk_ext_00076,dlk_ext_00271,dash_ext_00342,dlk_ext_00366,gob_ext_00340,dlk_ext_00324,dlk_ext_00130
dash_proceso_0534;6;gob_tbl_03127,gob_tbl_00741,gob_tbl_01046,gob_tbl_01630,proc_tbl_01047,dlk_tbl_00894;11;gob_tbl_03139,dlk_tbl_00725,gob_tbl_03047,dlk_tbl_00002,dlk_tbl_02450,ppn_tbl_00470,proc_ext_00131,gob_ext_00438,gob_ext_00046,gob_ext_00146,m4sco_ext_00000
dlk_proceso_0535;4;gob_tbl_01143,gob_tbl_02129,m4sco_tbl_00643,dash_tbl_00145;6;gob_tbl_02029,gob_tbl_00996,gob_tbl_00510,gob_ext_00281,dlk_ext_00166,dlk_ext_00186
dlk_proceso_0536;5;gob_tbl_00356,proc_tbl_02019,dlk_tbl_02778,gob_tbl_01102,dlk_tbl_00242;12;dlk_tbl_01512,gob_tbl_03098,gob_tbl_00734,dlk_tbl_02835,gob_tbl_02316,proc_tbl_00199,dlk_tbl_02806,proc_ext_00089,dlk_ext_00175,proc_ext_00131,gob_ext_00331,dlk_ext_00363
gob_proceso_0537;3;dash_tbl_02252,proc_tbl_02392,gob_tbl_01403;8;gob_tbl_00834,gob_tbl_01418,m4sco_tbl_01486,gob_tbl_01221,std_tbl_02063,dash_ext_00342,proc_ext_00002,gob_ext_00135
dlk_proceso_0538;3;gob_tbl_00037,dlk_tbl_00187,dlk_tbl_02892;14;dash_tbl_02521,proc_tbl_03150,dlk_tbl_02143,dlk_tbl_02962,dash_tbl_01881,dash_tbl_02930,dlk_tbl_03200,proc_tbl_00382,gob_ext_00092,dlk_ext_00080,dlk_ext_00039,gob_ext_00382,gob_ext_00286,dlk_ext_00365
gob_proceso_0539;5;dlk_tbl_00534,dlk_tbl_00549,dash_tbl_01972,dlk_tbl_01668,gob_tbl_00439;9;m4sco_tbl_02985,ppn_tbl_00506,dlk_tbl_01740,dlk_tbl_02557,proc_tbl_01981,dlk_ext_00265,proc_ext_00380,gob_ext_00032,gob_ext_00127
gob_proceso_0540;4;proc_tbl_01771,gob_tbl_00245,dash_tbl_03268,gob_tbl_01323;4;std_tbl_01155,dash_tbl_02604,dlk_ext_00264,proc_ext_00256
dlk_proceso_0541;6;ppn_tbl_00397,std_tbl_03174,dlk_tbl_00768,gob_tbl_00056,m4sco_tbl_01779,dlk_tbl_00213;13;gob_tbl_03058,dlk_tbl_01131,gob_tbl_03062,dash_tbl_01348,dlk_tbl_02644,gob_tbl_02309,gob_tbl_01049,dash_ext_00411,proc_ext_00187,m4vw_ext_00423,gob_ext_00223,dlk_ext_00181,proc_ext_00309
gob_proceso_0542;2;gob_tbl_01366,dlk_tbl_02573;7;dlk_tbl_02585,dlk_tbl_01336,dlk_tbl_01650,proc_tbl_00862,proc_ext_00316,dlk_ext_00271,dlk_ext_00279
gob_proceso_0543;3;proc_tbl_01472,proc_tbl_00382,dlk_tbl_02146;8;m4sco_tbl_00155,gob_tbl_02242,gob_tbl_01612,dlk_tbl_01815,dlk_tbl_02765,dlk_ext_00226,gob_ext_00015,dash_ext_00196
gob_proceso_0544;3;dlk_tbl_02417,gob_tbl_03021,dash_tbl_02462;13;dlk_tbl_02696,gob_tbl_00852,gob_tbl_03148,dlk_tbl_01456,proc_tbl_01039,std_tbl_02059,gob_tbl_01403,gob_ext_00291,proc_ext_00144,gob_ext_00476,dlk_ext_00298,proc_ext_00192,gob_ext_00069
proc_proceso_0545;2;gob_tbl_00755,dlk_tbl_02506;7;proc_tbl_01696,dlk_tbl_00242,dlk_tbl_03244,proc_tbl_02096,dash_ext_00180,dlk_ext_00467,gob_ext_00106
proc_proceso_0546;4;gob_tbl_00045,proc_tbl_03133,proc_tbl_01202,dlk_tbl_01051;7;dlk_tbl_01157,gob_tbl_03015,gob_tbl_00892,proc_tbl_00853,gob_ext_00245,dlk_ext_00097,proc_ext_00011
gob_proceso_0547;2;gob_tbl_02664,proc_tbl_00539;9;dlk_tbl_00702,std_tbl_00438,gob_tbl_01612,gob_tbl_02577,gob_tbl_01737,gob_ext_00282,dash_ext_00304,gob_ext_00452,gob_ext_00322
proc_proceso_0548;4;dlk_tbl_00178,dash_tbl_01826,proc_tbl_02682,gob_tbl_03016;12;gob_tbl_02434,m4sco_tbl_00182,gob_tbl_02128,gob_tbl_02242,gob_tbl_00450,gob_tbl_02503,proc_tbl_01611,dlk_ext_00366,proc_ext_00432,m4vw_ext_00477,dlk_ext_00087,proc_ext_00261
proc_proceso_0549;4;dash_tbl_03125,gob_tbl_01457,dlk_tbl_03235,gob_tbl_00243;4;gob_tbl_00080,gob_tbl_02795,dlk_ext_00296,dlk_ext_00333
dash_proceso_0550;4;dlk_tbl_02480,gob_tbl_02166,dlk_tbl_03263,dlk_tbl_03083;10;gob_tbl_01889,proc_tbl_01159,proc_tbl_02900,dlk_tbl_02764,dlk_tbl_01258,gob_tbl_02707,std_ext_00447,dlk_ext_00207,gob_ext_00376,std_ext_00179
dash_proceso_0551;5;dlk_tbl_00006,m4vw_tbl_02760,proc_tbl_00407,gob_tbl_02907,dlk_tbl_00652;12;gob_tbl_00186,dlk_tbl_00100,proc_tbl_00716,proc_tbl_02438,dlk_tbl_00970,dlk_tbl_02962,proc_tbl_01674,gob_ext_00395,proc_ext_00249,dlk_ext_00293,dlk_ext_00298,dash_ext_00238
dlk_proceso_0552;5;proc_tbl_01200,gob_tbl_02089,proc_tbl_03054,gob_tbl_02296,dlk_tbl_00856;8;dash_tbl_00414,dlk_tbl_02353,dlk_tbl_01843,dlk_tbl_02987,dlk_tbl_00639,dlk_ext_00265,gob_ext_00125,gob_ext_00357
dlk_proceso_0553;2;dlk_tbl_03153,gob_tbl_00943;5;gob_tbl_03210,dlk_tbl_01249,proc_tbl_02659,dlk_ext_00203,dlk_ext_00454
gob_proceso_0554;4;dlk_tbl_01357,gob_tbl_00699,std_tbl_00350,gob_tbl_02437;4;gob_tbl_01276,gob_tbl_03015,gob_ext_00160,proc_ext_00397
dash_proceso_0555;8;gob_tbl_03220,gob_tbl_00820,gob_tbl_03050,dlk_tbl_00955,gob_tbl_03269,proc_tbl_00739,proc_tbl_02387,gob_tbl_01676;7;proc_tbl_00421,gob_tbl_01588,dlk_tbl_02138,dlk_tbl_02160,gob_ext_00234,dash_ext_00083,dlk_ext_00440
dlk_proceso_0556;8;dlk_tbl_02273,dlk_tbl_00002,gob_tbl_02998,dash_tbl_00276,proc_tbl_00466,gob_tbl_01045,gob_tbl_01316,gob_tbl_01990;6;gob_tbl_01504,gob_tbl_00496,dlk_tbl_02791,proc_ext_00309,proc_ext_00397,gob_ext_00282
dash_proceso_0557;4;proc_tbl_02740,proc_tbl_02070,proc_tbl_00177,gob_tbl_01354;7;std_tbl_02059,gob_tbl_03093,dlk_tbl_01072,proc_tbl_01175,gob_ext_00055,dlk_ext_00298,gob_ext_00303
dlk_proceso_0558;4;dlk_tbl_01185,dlk_tbl_02362,gob_tbl_00750,dlk_tbl_02950;10;gob_tbl_02334,gob_tbl_02681,gob_tbl_00457,gob_tbl_03021,dlk_tbl_00607,gob_tbl_01580,proc_ext_00133,proc_ext_00386,proc_ext_00065,gob_ext_00367
dlk_proceso_0559;5;gob_tbl_02100,dlk_tbl_01666,proc_tbl_00291,dlk_tbl_03171,dash_tbl_01419;8;gob_tbl_01620,gob_tbl_01017,dlk_tbl_01124,dlk_tbl_01505,m4vw_tbl_02801,dlk_ext_00051,gob_ext_00270,proc_ext_00261
proc_proceso_0560;3;proc_tbl_01651,gob_tbl_02411,gob_tbl_00309;8;dlk_tbl_02257,proc_tbl_02387,proc_tbl_01677,gob_tbl_02744,gob_tbl_01469,gob_ext_00163,proc_ext_00421,gob_ext_00325
dlk_proceso_0561;4;dlk_tbl_00464,gob_tbl_03196,dlk_tbl_01776,gob_tbl_00631;13;gob_tbl_03220,gob_tbl_00331,dlk_tbl_01339,std_tbl_01172,gob_tbl_02530,dlk_tbl_01307,dlk_tbl_02098,dlk_ext_00279,dlk_ext_00428,gob_ext_00032,dlk_ext_00333,gob_ext_00241,dash_ext_00196
proc_proceso_0562;8;dlk_tbl_00781,dlk_tbl_00401,dlk_tbl_01962,gob_tbl_00689,gob_tbl_01916,proc_tbl_02502,dash_tbl_01301,proc_tbl_01753;23;gob_tbl_00010,gob_tbl_02261,gob_tbl_00471,dlk_tbl_00222,proc_tbl_01791,dlk_tbl_02255,dlk_tbl_01258,proc_tbl_02404,ppn_tbl_01398,gob_tbl_01114,dlk_tbl_03259,gob_tbl_03075,gob_tbl_00803,gob_ext_00356,gob_ext_00082,gob_ext_00099,proc_ext_00011,gob_ext_00325,dlk_ext_00090,dlk_ext_00469,proc_ext_00145,dlk_ext_00155,m4vw_ext_00423
dlk_proceso_0563;4;std_tbl_00728,proc_tbl_00367,std_tbl_01536,gob_tbl_00919;7;dash_tbl_00057,std_tbl_01182,gob_tbl_02297,gob_tbl_00374,std_ext_00379,proc_ext_00380,dlk_ext_00093
gob_proceso_0564;5;gob_tbl_00494,dlk_tbl_02995,proc_tbl_01899,proc_tbl_00019,proc_tbl_00230;16;gob_tbl_02725,dlk_tbl_01576,std_tbl_00700,dlk_tbl_01229,gob_tbl_02047,proc_tbl_02442,dlk_tbl_00644,dlk_tbl_01843,gob_tbl_00496,gob_ext_00245,gob_ext_00102,proc_ext_00386,gob_ext_00415,std_ext_00064,std_ext_00447,gob_ext_00438
gob_proceso_0565;4;gob_tbl_03121,m4sco_tbl_00982,gob_tbl_02282,m4vw_tbl_00865;7;dlk_tbl_00091,dlk_tbl_01645,dlk_tbl_02248,dlk_tbl_01579,gob_ext_00392,proc_ext_00228,gob_ext_00305
dash_proceso_0566;3;dlk_tbl_02942,dlk_tbl_03303,gob_tbl_02539;12;m4vw_tbl_01066,std_tbl_01809,gob_tbl_02894,dlk_tbl_01530,proc_tbl_00348,dash_tbl_02601,proc_tbl_00487,proc_ext_00193,gob_ext_00099,dlk_ext_00469,proc_ext_00249,m4sco_ext_00000
dlk_proceso_0567;3;proc_tbl_00942,std_tbl_03149,dlk_tbl_01021;9;gob_tbl_02092,gob_tbl_02809,proc_tbl_00234,dlk_tbl_00074,gob_tbl_00472,dlk_ext_00006,gob_ext_00337,proc_ext_00063,gob_ext_00394
dlk_proceso_0568;3;proc_tbl_03017,gob_tbl_01018,dlk_tbl_02729;12;dlk_tbl_01962,dlk_tbl_00250,gob_tbl_02342,proc_tbl_01110,gob_tbl_00049,std_tbl_01831,std_tbl_02063,gob_ext_00367,dlk_ext_00237,dash_ext_00411,proc_ext_00350,dlk_ext_00107
proc_proceso_0569;5;dlk_tbl_01596,proc_tbl_00748,dlk_tbl_03155,proc_tbl_00300,gob_tbl_01684;9;gob_tbl_02037,dlk_tbl_01051,dlk_tbl_00672,proc_tbl_01202,gob_tbl_00788,m4vw_ext_00423,proc_ext_00144,proc_ext_00065,proc_ext_00386
gob_proceso_0570;4;proc_tbl_01863,dlk_tbl_01828,proc_tbl_00921,gob_tbl_02895;4;proc_tbl_03116,dash_tbl_02430,gob_ext_00461,dlk_ext_00006
dlk_proceso_0571;7;gob_tbl_00445,m4vw_tbl_03211,gob_tbl_00101,gob_tbl_00411,dlk_tbl_01785,dlk_tbl_02886,dlk_tbl_02132;6;ppn_tbl_00313,gob_tbl_00925,gob_tbl_01114,m4sco_ext_00170,dlk_ext_00333,gob_ext_00034
proc_proceso_0572;6;dlk_tbl_01703,gob_tbl_02484,proc_tbl_02919,gob_tbl_00975,std_tbl_02704,dlk_tbl_01988;10;dash_tbl_02465,proc_tbl_00683,gob_tbl_00699,dlk_tbl_02350,dash_tbl_00405,dlk_tbl_03162,proc_ext_00350,dlk_ext_00343,dlk_ext_00039,dash_ext_00150
gob_proceso_0573;4;proc_tbl_00456,gob_tbl_00489,proc_tbl_01841,dlk_tbl_01272;7;gob_tbl_00284,proc_tbl_00906,dash_tbl_00414,proc_tbl_01845,proc_ext_00002,ppn_ext_00165,dlk_ext_00396
proc_proceso_0574;5;gob_tbl_02640,proc_tbl_00385,dlk_tbl_02993,dash_tbl_02430,proc_tbl_00590;8;gob_tbl_02179,gob_tbl_01633,dlk_tbl_00517,proc_tbl_02442,gob_tbl_01749,gob_ext_00303,dash_ext_00371,dlk_ext_00298
dlk_proceso_0575;3;m4vw_tbl_01387,dlk_tbl_01808,dlk_tbl_03162;9;dlk_tbl_00737,dlk_tbl_00564,dlk_tbl_01038,proc_tbl_01324,gob_tbl_02247,gob_ext_00356,gob_ext_00357,gob_ext_00116,gob_ext_00395
gob_proceso_0576;4;dlk_tbl_02095,gob_tbl_02588,ppn_tbl_01553,dlk_tbl_01735;10;gob_tbl_00510,dlk_tbl_00361,gob_tbl_02311,dlk_tbl_02782,proc_tbl_02726,dlk_tbl_00860,gob_ext_00245,gob_ext_00241,dlk_ext_00013,dlk_ext_00181
gob_proceso_0577;5;dlk_tbl_01741,gob_tbl_00861,dlk_tbl_00028,gob_tbl_00753,gob_tbl_01905;16;gob_tbl_03029,dlk_tbl_02650,gob_tbl_00058,dlk_tbl_01750,gob_tbl_00961,dlk_tbl_00468,proc_tbl_00540,dlk_tbl_03201,m4sco_tbl_00982,gob_ext_00086,dlk_ext_00333,gob_ext_00427,gob_ext_00306,dlk_ext_00469,gob_ext_00305,gob_ext_00291
proc_proceso_0578;6;dlk_tbl_02638,dlk_tbl_02579,dlk_tbl_02330,gob_tbl_01264,dash_tbl_02184,dlk_tbl_01388;13;gob_tbl_00315,dash_tbl_03125,gob_tbl_03262,m4vw_tbl_02567,proc_tbl_02415,dlk_tbl_01718,dlk_tbl_01629,std_ext_00402,gob_ext_00318,gob_ext_00416,dlk_ext_00334,dash_ext_00208,dlk_ext_00400
proc_proceso_0579;5;m4sco_tbl_01821,dash_tbl_02348,dash_tbl_00034,proc_tbl_00054,proc_tbl_00906;10;dash_tbl_03043,gob_tbl_02241,gob_tbl_01090,dlk_tbl_03245,dlk_tbl_01131,gob_tbl_02531,dlk_ext_00471,dash_ext_00168,dlk_ext_00130,gob_ext_00253
gob_proceso_0580;3;dlk_tbl_00871,gob_tbl_02127,dlk_tbl_03033;6;proc_tbl_02215,dlk_tbl_02791,std_tbl_00498,dash_ext_00299,gob_ext_00061,dlk_ext_00181
proc_proceso_0581;4;gob_tbl_01653,dlk_tbl_01943,gob_tbl_00325,proc_tbl_02743;7;gob_tbl_02941,gob_tbl_03208,proc_tbl_01135,dlk_tbl_01683,gob_ext_00153,gob_ext_00086,dlk_ext_00107
dlk_proceso_0582;6;proc_tbl_01302,gob_tbl_01042,proc_tbl_02038,gob_tbl_02822,ppn_tbl_01509,gob_tbl_01311;10;proc_tbl_01561,dlk_tbl_00984,dlk_tbl_00983,dlk_tbl_01581,dlk_tbl_00424,dash_tbl_01827,proc_ext_00193,std_ext_00332,gob_ext_00435,dlk_ext_00365
proc_proceso_0583;5;gob_tbl_01092,dlk_tbl_00452,dlk_tbl_00517,gob_tbl_02978,proc_tbl_00113;13;ppn_tbl_01627,gob_tbl_02738,std_tbl_00299,dlk_tbl_02435,dlk_tbl_02231,gob_tbl_01312,gob_tbl_01970,proc_ext_00311,dlk_ext_00239,dlk_ext_00389,dash_ext_00095,dlk_ext_00293,gob_ext_00099
dash_proceso_0584;2;dlk_tbl_02269,proc_tbl_01764;12;dlk_tbl_03226,gob_tbl_02297,dlk_tbl_00644,gob_tbl_02914,dlk_tbl_02778,gob_tbl_02532,gob_tbl_01393,dlk_ext_00467,m4vw_ext_00351,dlk_ext_00272,gob_ext_00040,proc_ext_00380
gob_proceso_0585;6;std_tbl_02022,gob_tbl_00964,gob_tbl_02202,gob_tbl_02512,dlk_tbl_01470,dlk_tbl_00782;11;proc_tbl_02196,dash_tbl_00194,gob_tbl_01974,dlk_tbl_01626,gob_tbl_03234,gob_tbl_00307,proc_ext_00141,proc_ext_00309,gob_ext_00163,dash_ext_00168,proc_ext_00089
proc_proceso_0586;5;gob_tbl_03036,gob_tbl_00192,dlk_tbl_02576,gob_tbl_03223,dlk_tbl_00821;8;dlk_tbl_02812,gob_tbl_00124,dlk_tbl_00572,proc_tbl_01199,dlk_tbl_02844,dlk_ext_00366,dlk_ext_00175,gob_ext_00199
proc_proceso_0587;5;dlk_tbl_00671,gob_tbl_02128,proc_tbl_01941,gob_tbl_01639,std_tbl_03038;11;gob_tbl_03093,proc_tbl_00727,dlk_tbl_00467,gob_tbl_00956,dash_tbl_01465,dlk_tbl_01051,gob_ext_00270,proc_ext_00066,dlk_ext_00183,proc_ext_00249,gob_ext_00014
gob_proceso_0588;4;std_tbl_01624,proc_tbl_02275,gob_tbl_00117,dlk_tbl_01229;10;dlk_tbl_01063,dlk_tbl_02959,dlk_tbl_02173,dlk_tbl_01843,proc_tbl_03013,dlk_tbl_03117,dlk_ext_00464,std_ext_00064,gob_ext_00125,dlk_ext_00328
gob_proceso_0589;8;proc_tbl_02777,dlk_tbl_03092,dlk_tbl_01391,dlk_tbl_02844,proc_tbl_00615,dlk_tbl_00899,dlk_tbl_00146,gob_tbl_02875;19;gob_tbl_00315,gob_tbl_02357,m4sco_tbl_02874,ppn_tbl_00653,gob_tbl_02960,gob_tbl_01462,m4sco_tbl_00982,dash_tbl_00276,dash_tbl_00751,m4vw_tbl_02444,proc_tbl_02743,dlk_ext_00278,proc_ext_00397,dlk_ext_00006,gob_ext_00322,dlk_ext_00244,proc_ext_00078,gob_ext_00106,dlk_ext_00226
dlk_proceso_0590;2;dlk_tbl_03055,proc_tbl_02151;9;proc_tbl_02438,gob_tbl_03217,gob_tbl_03073,proc_tbl_00446,dlk_tbl_01712,dlk_ext_00469,dash_ext_00112,dlk_ext_00136,gob_ext_00034
dash_proceso_0591;4;gob_tbl_03058,dlk_tbl_01926,dlk_tbl_02668,proc_tbl_02665;17;gob_tbl_01254,gob_tbl_03262,m4sco_tbl_01265,proc_tbl_02976,proc_tbl_02346,gob_tbl_02531,dlk_tbl_00884,dlk_tbl_00978,gob_tbl_03057,proc_tbl_01133,gob_ext_00014,dlk_ext_00389,gob_ext_00032,gob_ext_00433,dlk_ext_00151,proc_ext_00075,gob_ext_00234
proc_proceso_0592;6;dlk_tbl_03213,dlk_tbl_00986,gob_tbl_00427,dlk_tbl_02807,gob_tbl_00744,dlk_tbl_02294;13;dlk_tbl_00458,dash_tbl_02336,gob_tbl_02526,dlk_tbl_00365,dlk_tbl_00805,dlk_tbl_00924,dlk_tbl_00589,gob_ext_00438,dlk_ext_00419,dlk_ext_00298,proc_ext_00216,dlk_ext_00068,gob_ext_00305
gob_proceso_0593;3;gob_tbl_00041,gob_tbl_01640,ppn_tbl_01663;6;dlk_tbl_00253,gob_tbl_02800,gob_tbl_01252,proc_ext_00330,dlk_ext_00243,gob_ext_00307
gob_proceso_0594;6;proc_tbl_01864,gob_tbl_02862,dlk_tbl_00260,dash_tbl_00161,gob_tbl_03063,gob_tbl_01068;15;dlk_tbl_02977,gob_tbl_02745,gob_tbl_02308,proc_tbl_02083,dash_tbl_01732,dlk_tbl_00702,dlk_tbl_00955,dlk_tbl_01870,gob_tbl_01393,dlk_ext_00024,dash_ext_00083,dash_ext_00196,dlk_ext_00038,dlk_ext_00354,gob_ext_00009
gob_proceso_0595;5;dlk_tbl_03181,gob_tbl_02711,gob_tbl_00076,dlk_tbl_02403,gob_tbl_00800;7;gob_tbl_02614,dash_tbl_00954,proc_tbl_01150,gob_tbl_00973,gob_ext_00007,std_ext_00179,gob_ext_00322
dlk_proceso_0596;3;gob_tbl_00814,proc_tbl_02228,proc_tbl_01183;13;proc_tbl_00977,dash_tbl_02846,gob_tbl_02626,proc_tbl_00249,dlk_tbl_02422,gob_tbl_00482,gob_tbl_02382,gob_ext_00356,dlk_ext_00036,dlk_ext_00467,gob_ext_00067,gob_ext_00374,dlk_ext_00298
dash_proceso_0597;7;dlk_tbl_00304,proc_tbl_01464,proc_tbl_01361,proc_tbl_00059,dlk_tbl_01392,gob_tbl_02238,gob_tbl_00691;9;gob_tbl_00181,dlk_tbl_00808,dlk_tbl_02109,gob_tbl_02310,dash_tbl_02828,dlk_ext_00440,dlk_ext_00324,dash_ext_00247,gob_ext_00140
gob_proceso_0598;6;gob_tbl_00587,proc_tbl_01491,dlk_tbl_00337,dlk_tbl_03059,proc_tbl_01885,std_tbl_02212;12;gob_tbl_00810,dlk_tbl_01925,dash_tbl_01732,gob_tbl_02809,proc_tbl_01586,dlk_tbl_03200,dlk_tbl_00516,gob_ext_00046,proc_ext_00144,gob_ext_00098,dlk_ext_00167,dlk_ext_00390
gob_proceso_0599;3;dlk_tbl_01008,proc_tbl_02757,dash_tbl_01348;14;gob_tbl_01103,ppn_tbl_00653,dash_tbl_03137,m4vw_tbl_02615,gob_tbl_02969,dlk_tbl_03026,dash_tbl_01204,gob_tbl_03210,dash_ext_00168,dlk_ext_00026,dlk_ext_00324,dlk_ext_00293,gob_ext_00212,proc_ext_00350
dlk_proceso_0600;4;dash_tbl_00163,std_tbl_01565,dash_tbl_02194,m4vw_tbl_01618;17;dlk_tbl_03009,proc_tbl_00677,m4sco_tbl_02634,dlk_tbl_02814,dlk_tbl_01256,gob_tbl_01879,dlk_tbl_00768,gob_tbl_02920,proc_tbl_02094,gob_tbl_00018,gob_ext_00061,gob_ext_00340,dlk_ext_00209,dlk_ext_00469,gob_ext_00307,gob_ext_00212,gob_ext_00163
gob_proceso_0601;2;dash_tbl_01560,dlk_tbl_00069;12;dash_tbl_00377,dlk_tbl_02774,gob_tbl_00925,dlk_tbl_00430,dlk_tbl_02866,dash_tbl_01685,m4sco_tbl_03183,dlk_ext_00173,dlk_ext_00008,dlk_ext_00051,gob_ext_00399,proc_ext_00316
gob_proceso_0602;5;dlk_tbl_03239,dlk_tbl_02385,proc_tbl_01543,dlk_tbl_00418,m4sco_tbl_02067;11;dlk_tbl_01436,dash_tbl_01166,dash_tbl_00191,m4vw_tbl_02544,gob_tbl_00759,dlk_tbl_02257,gob_ext_00199,dlk_ext_00073,gob_ext_00331,dlk_ext_00110,dlk_ext_00027
dlk_proceso_0603;4;dash_tbl_02103,dlk_tbl_01107,std_tbl_03119,gob_tbl_00503;12;dash_tbl_00267,gob_tbl_00956,gob_tbl_02299,gob_tbl_00301,dash_tbl_02604,gob_tbl_00403,dlk_tbl_02451,dash_ext_00342,dlk_ext_00343,dlk_ext_00472,proc_ext_00404,dlk_ext_00458
dash_proceso_0604;7;proc_tbl_02215,dlk_tbl_01262,gob_tbl_01506,gob_tbl_00922,gob_tbl_02536,gob_tbl_00140,std_tbl_02470;10;dlk_tbl_00640,proc_tbl_02321,gob_tbl_02786,std_tbl_01211,gob_tbl_01403,gob_tbl_00181,dlk_ext_00467,gob_ext_00305,gob_ext_00160,gob_ext_00418
proc_proceso_0605;3;proc_tbl_01563,gob_tbl_00228,std_tbl_03240;8;dlk_tbl_00933,gob_tbl_02536,proc_tbl_00857,gob_tbl_01693,gob_tbl_02066,dash_ext_00190,gob_ext_00270,gob_ext_00015
gob_proceso_0606;7;gob_tbl_00741,dash_tbl_00749,gob_tbl_00316,dlk_tbl_00656,dlk_tbl_00608,gob_tbl_01109,gob_tbl_00206;11;dlk_tbl_01246,dlk_tbl_00642,dash_tbl_00738,dlk_tbl_01606,dlk_tbl_00178,gob_tbl_00726,dlk_ext_00449,proc_ext_00429,dlk_ext_00183,dlk_ext_00272,gob_ext_00418
dlk_proceso_0607;7;proc_tbl_02508,dash_tbl_01849,proc_tbl_01104,proc_tbl_03307,dlk_tbl_00612,proc_tbl_02548,dash_tbl_01747;11;dlk_tbl_01786,gob_tbl_01263,dlk_tbl_01314,proc_tbl_00381,gob_tbl_01588,ppn_tbl_02570,proc_ext_00063,dlk_ext_00051,dlk_ext_00097,proc_ext_00397,gob_ext_00025
gob_proceso_0608;2;dlk_tbl_02283,dlk_tbl_02959;15;dlk_tbl_00514,ppn_tbl_00210,gob_tbl_02402,dash_tbl_02601,m4sco_tbl_00771,proc_tbl_00277,proc_tbl_00684,gob_tbl_01630,dlk_tbl_00365,gob_ext_00303,gob_ext_00306,gob_ext_00368,dlk_ext_00100,gob_ext_00427,dlk_ext_00070
gob_proceso_0609;5;dash_tbl_01788,dlk_tbl_00378,m4sco_tbl_01486,dlk_tbl_02829,dash_tbl_00636;17;dlk_tbl_01198,gob_tbl_01922,gob_tbl_02011,gob_tbl_01817,m4vw_tbl_02338,gob_tbl_03198,gob_tbl_02530,gob_tbl_02562,dlk_tbl_00856,gob_tbl_01127,dlk_ext_00038,gob_ext_00456,dash_ext_00200,gob_ext_00269,proc_ext_00309,proc_ext_00045,proc_ext_00320
dlk_proceso_0610;4;proc_tbl_00082,gob_tbl_02914,dlk_tbl_00976,dash_tbl_01727;8;dlk_tbl_03201,proc_tbl_01503,gob_tbl_00115,std_tbl_02999,dlk_tbl_01960,dlk_ext_00236,proc_ext_00131,gob_ext_00451
gob_proceso_0611;3;gob_tbl_00422,gob_tbl_02925,std_tbl_01155;8;proc_tbl_02606,dlk_tbl_00949,dash_tbl_00354,dash_tbl_00057,m4sco_tbl_00982,dlk_ext_00202,gob_ext_00223,dlk_ext_00041
gob_proceso_0612;3;proc_tbl_01459,proc_tbl_01551,dlk_tbl_03313;10;dash_tbl_01720,gob_tbl_02611,gob_tbl_03066,gob_tbl_01956,dash_tbl_00103,gob_tbl_03185,gob_ext_00160,dlk_ext_00362,std_ext_00301,proc_ext_00421
dlk_proceso_0613;7;m4sco_tbl_03108,dlk_tbl_00063,gob_tbl_01474,dlk_tbl_02964,gob_tbl_02379,dlk_tbl_01992,dlk_tbl_02119;15;dlk_tbl_00106,dlk_tbl_00232,proc_tbl_02508,dlk_tbl_02143,dlk_tbl_02270,proc_tbl_00872,gob_tbl_00037,proc_tbl_01955,gob_tbl_00393,proc_ext_00256,proc_ext_00430,dlk_ext_00469,dlk_ext_00272,m4sco_ext_00300,dlk_ext_00343
dlk_proceso_0614;3;gob_tbl_02193,dlk_tbl_00769,dlk_tbl_02422;9;gob_tbl_00305,std_tbl_01412,dlk_tbl_02629,proc_tbl_01904,dlk_tbl_00065,dash_ext_00180,dlk_ext_00048,dlk_ext_00293,dlk_ext_00255
dash_proceso_0615;3;std_tbl_01603,dash_tbl_00258,gob_tbl_00996;12;proc_tbl_01507,proc_tbl_01845,std_tbl_01094,gob_tbl_00531,gob_tbl_01474,dlk_tbl_02963,std_tbl_01761,dash_ext_00200,gob_ext_00305,gob_ext_00116,dlk_ext_00244,gob_ext_00295
gob_proceso_0616;3;dlk_tbl_01257,std_tbl_02622,dash_tbl_02551;13;ppn_tbl_01266,dlk_tbl_00417,dlk_tbl_00201,gob_tbl_00580,dlk_tbl_02619,gob_tbl_03120,dash_tbl_02028,proc_ext_00434,dlk_ext_00142,dlk_ext_00312,dlk_ext_00039,gob_ext_00233,gob_ext_00234
gob_proceso_0617;3;proc_tbl_03025,gob_tbl_00450,gob_tbl_01715;14;dlk_tbl_01297,dlk_tbl_02480,m4vw_tbl_00279,dlk_tbl_01919,m4sco_tbl_00904,proc_tbl_01025,dlk_tbl_02058,gob_tbl_01217,dlk_ext_00181,proc_ext_00228,dlk_ext_00347,gob_ext_00475,proc_ext_00341,gob_ext_00077
proc_proceso_0618;4;dlk_tbl_00672,std_tbl_00379,dash_tbl_03137,dlk_tbl_02866;4;dash_tbl_01467,dlk_tbl_02318,gob_ext_00054,m4vw_ext_00423
dlk_proceso_0619;3;gob_tbl_01393,dlk_tbl_00441,m4sco_tbl_02874;11;dlk_tbl_00332,dash_tbl_00405,gob_tbl_00115,m4vw_tbl_01784,dlk_tbl_02375,dlk_tbl_00328,dlk_ext_00462,dlk_ext_00440,gob_ext_00368,dlk_ext_00100,dlk_ext_00333
dash_proceso_0620;4;proc_tbl_03274,gob_tbl_02685,std_tbl_03170,dlk_tbl_01180;11;gob_tbl_00776,dlk_tbl_01933,proc_tbl_01931,gob_tbl_00024,m4sco_tbl_00904,dlk_tbl_00116,dlk_ext_00097,proc_ext_00406,dlk_ext_00035,gob_ext_00034,dlk_ext_00428
dash_proceso_0621;2;gob_tbl_00941,dash_tbl_03165;13;gob_tbl_01787,proc_tbl_02548,gob_tbl_01152,dlk_tbl_00088,dash_tbl_00194,dash_tbl_02750,dlk_tbl_01246,gob_ext_00275,gob_ext_00359,dlk_ext_00008,gob_ext_00461,std_ext_00159,dlk_ext_00441
dlk_proceso_0622;3;dlk_tbl_00312,proc_tbl_03056,proc_tbl_01461;15;dlk_tbl_00280,gob_tbl_02298,dlk_tbl_00702,dlk_tbl_02592,gob_tbl_00542,dlk_tbl_01850,dlk_tbl_01703,dlk_tbl_02563,proc_tbl_01443,gob_ext_00457,gob_ext_00201,gob_ext_00395,dlk_ext_00426,proc_ext_00350,proc_ext_00232
gob_proceso_0623;8;proc_tbl_01415,dlk_tbl_00946,dlk_tbl_00458,dlk_tbl_00135,dlk_tbl_03129,gob_tbl_00531,proc_tbl_02361,dlk_tbl_01907;9;gob_tbl_01433,dlk_tbl_00787,dlk_tbl_00128,dlk_tbl_01126,dlk_tbl_02256,proc_ext_00421,dlk_ext_00224,gob_ext_00118,dlk_ext_00088
dash_proceso_0624;4;gob_tbl_02157,dlk_tbl_01449,gob_tbl_02443,dash_tbl_00122;12;proc_tbl_00866,dash_tbl_00811,proc_tbl_01660,proc_tbl_02361,dlk_tbl_02627,dash_tbl_01087,dash_tbl_00203,dlk_ext_00347,dash_ext_00083,gob_ext_00023,std_ext_00179,dlk_ext_00136
gob_proceso_0625;6;dlk_tbl_00522,gob_tbl_00780,gob_tbl_00837,proc_tbl_01279,gob_tbl_01913,gob_tbl_01074;4;gob_tbl_00482,gob_tbl_01485,gob_ext_00018,proc_ext_00439
gob_proceso_0626;2;dlk_tbl_02072,gob_tbl_01567;6;proc_tbl_00505,gob_tbl_00537,gob_tbl_02614,dlk_ext_00071,dlk_ext_00183,gob_ext_00160
gob_proceso_0627;6;gob_tbl_00272,dlk_tbl_00334,dlk_tbl_02535,std_tbl_02025,dlk_tbl_00180,gob_tbl_03028;10;dlk_tbl_01734,proc_tbl_02515,proc_tbl_02548,gob_tbl_00993,dash_tbl_02103,dash_tbl_03250,gob_ext_00340,dlk_ext_00185,dlk_ext_00339,dlk_ext_00363
dlk_proceso_0628;6;dlk_tbl_01999,proc_tbl_01005,proc_tbl_00459,gob_tbl_01513,gob_tbl_02666,m4vw_tbl_02254;8;gob_tbl_00411,dlk_tbl_00564,proc_tbl_02174,dlk_tbl_00988,dlk_tbl_00504,dlk_ext_00278,gob_ext_00245,dlk_ext_00468
gob_proceso_0629;5;dlk_tbl_02571,gob_tbl_01238,std_tbl_01288,dlk_tbl_00725,std_tbl_01172;8;proc_tbl_01825,dlk_tbl_00783,std_tbl_02586,gob_tbl_01019,dlk_tbl_01237,dlk_ext_00205,dlk_ext_00181,dlk_ext_00298
dlk_proceso_0630;2;dash_tbl_02336,std_tbl_00179;7;gob_tbl_01621,dlk_tbl_00378,dlk_tbl_00572,gob_tbl_00569,m4vw_ext_00477,gob_ext_00223,gob_ext_00297
dlk_proceso_0631;6;gob_tbl_02870,gob_tbl_01769,std_tbl_03197,proc_tbl_03258,gob_tbl_03278,gob_tbl_00809;11;gob_tbl_02922,gob_tbl_02536,std_tbl_00428,proc_tbl_00857,std_tbl_02337,gob_tbl_03138,gob_ext_00376,dlk_ext_00107,dash_ext_00114,gob_ext_00127,dlk_ext_00352
gob_proceso_0632;4;m4sco_tbl_00357,ppn_tbl_01867,dlk_tbl_01303,m4sco_tbl_02285;8;gob_tbl_01120,dlk_tbl_02891,dlk_tbl_00429,gob_tbl_00175,gob_tbl_01231,m4vw_ext_00423,dlk_ext_00182,dlk_ext_00230
dlk_proceso_0633;4;dlk_tbl_00551,gob_tbl_01751,dlk_tbl_03238,dash_tbl_02910;12;dlk_tbl_01336,proc_tbl_01005,gob_tbl_02657,std_tbl_00428,dash_tbl_02028,proc_tbl_03206,proc_tbl_01507,dash_ext_00057,std_ext_00094,gob_ext_00009,dlk_ext_00445,dlk_ext_00375
dlk_proceso_0634;5;proc_tbl_01897,dlk_tbl_01748,gob_tbl_00240,dash_tbl_00480,dash_tbl_00554;14;dlk_tbl_00241,dash_tbl_00636,gob_tbl_03011,std_tbl_03104,proc_tbl_02275,dlk_tbl_00881,std_tbl_00179,proc_tbl_02441,dlk_ext_00352,dash_ext_00371,dlk_ext_00076,dash_ext_00057,proc_ext_00406,gob_ext_00163
proc_proceso_0635;5;gob_tbl_02206,gob_tbl_00682,gob_tbl_01489,gob_tbl_02889,dash_tbl_03112;15;dlk_tbl_03140,dlk_tbl_02493,dlk_tbl_00725,dash_tbl_01409,dlk_tbl_01116,dlk_tbl_03264,std_tbl_01958,ppn_tbl_00397,dash_tbl_00311,gob_ext_00373,dlk_ext_00243,gob_ext_00009,dlk_ext_00343,dash_ext_00083,gob_ext_00403
proc_proceso_0636;2;dlk_tbl_00238,dlk_tbl_02134;12;dlk_tbl_00241,dlk_tbl_02455,gob_tbl_01276,proc_tbl_03100,dlk_tbl_02959,dlk_tbl_01522,dlk_tbl_00564,dlk_ext_00467,proc_ext_00430,dlk_ext_00202,dash_ext_00405,gob_ext_00106
proc_proceso_0637;5;gob_tbl_02636,gob_tbl_02595,gob_tbl_03188,dlk_tbl_01425,gob_tbl_03085;4;gob_tbl_00325,proc_tbl_02415,proc_ext_00144,dlk_ext_00008
dlk_proceso_0638;6;proc_tbl_00505,proc_tbl_03141,proc_tbl_01216,gob_tbl_02684,proc_tbl_00698,dlk_tbl_03191;13;proc_tbl_02903,gob_tbl_02279,dash_tbl_01004,proc_tbl_02976,dlk_tbl_02258,dlk_tbl_01735,dlk_tbl_00475,gob_ext_00303,dlk_ext_00107,dlk_ext_00334,gob_ext_00074,proc_ext_00442,gob_ext_00220
dash_proceso_0639;4;gob_tbl_00321,dlk_tbl_00176,gob_tbl_00005,std_tbl_01869;11;std_tbl_02159,gob_tbl_02136,proc_tbl_03025,dlk_tbl_00442,proc_tbl_00172,gob_tbl_00819,dlk_ext_00414,proc_ext_00193,gob_ext_00245,gob_ext_00099,std_ext_00105
gob_proceso_0640;2;dash_tbl_00695,dlk_tbl_01081;5;proc_tbl_03204,gob_tbl_00631,gob_tbl_00484,proc_ext_00277,std_ext_00402
dlk_proceso_0641;2;dlk_tbl_01496,dlk_tbl_01375;12;proc_tbl_02412,dlk_tbl_00827,dlk_tbl_00798,dlk_tbl_00108,dlk_tbl_02265,dash_tbl_01419,proc_tbl_00677,m4sco_ext_00164,gob_ext_00092,dlk_ext_00440,gob_ext_00394,gob_ext_00037
dlk_proceso_0642;4;dlk_tbl_02490,proc_tbl_02976,gob_tbl_00912,dlk_tbl_00971;12;dlk_tbl_02627,dlk_tbl_03227,proc_tbl_02346,gob_tbl_02717,dlk_tbl_02495,dlk_tbl_00979,gob_tbl_02127,dlk_ext_00354,dash_ext_00121,std_ext_00465,dlk_ext_00090,dash_ext_00112
dlk_proceso_0643;2;dlk_tbl_02137,gob_tbl_00806;4;dlk_tbl_00544,ppn_tbl_02570,std_ext_00448,dlk_ext_00183
gob_proceso_0644;4;proc_tbl_00048,gob_tbl_00926,gob_tbl_01252,dlk_tbl_02785;14;gob_tbl_02802,gob_tbl_01327,gob_tbl_02526,gob_tbl_02236,proc_tbl_01324,dlk_tbl_03067,gob_tbl_02150,dlk_tbl_01229,gob_ext_00096,gob_ext_00254,dlk_ext_00426,gob_ext_00125,dlk_ext_00020,gob_ext_00218
dlk_proceso_0645;5;gob_tbl_02226,gob_tbl_01854,proc_tbl_01410,dlk_tbl_00696,gob_tbl_01752;10;gob_tbl_01289,dlk_tbl_02712,dlk_tbl_02977,gob_tbl_01403,gob_tbl_02986,gob_tbl_01350,proc_ext_00341,dlk_ext_00217,gob_ext_00282,proc_ext_00319
gob_proceso_0646;3;dash_tbl_01983,gob_tbl_01268,dlk_tbl_03249;9;gob_tbl_03078,dlk_tbl_03244,gob_tbl_00660,dlk_tbl_02705,proc_tbl_03005,dlk_ext_00149,proc_ext_00320,gob_ext_00349,dash_ext_00022
gob_proceso_0647;4;dash_tbl_00191,dlk_tbl_01431,gob_tbl_00445,dlk_tbl_00514;6;dlk_tbl_01235,std_tbl_02063,gob_tbl_01487,gob_ext_00102,dlk_ext_00258,gob_ext_00252
dash_proceso_0648;5;ppn_tbl_01266,dlk_tbl_01406,m4sco_tbl_02985,dash_tbl_01859,dlk_tbl_02877;11;dlk_tbl_03298,gob_tbl_01332,dash_tbl_01643,dash_tbl_00145,dlk_tbl_01180,gob_tbl_02783,dlk_ext_00027,dlk_ext_00362,dlk_ext_00354,gob_ext_00384,proc_ext_00421
dlk_proceso_0649;6;proc_tbl_01860,dlk_tbl_00032,dlk_tbl_02992,dash_tbl_03250,dash_tbl_01463,dash_tbl_00565;11;dlk_tbl_02927,dlk_tbl_00914,proc_tbl_01110,dlk_tbl_03299,dlk_tbl_00611,dlk_tbl_00074,gob_ext_00091,dlk_ext_00283,dlk_ext_00378,dlk_ext_00426,gob_ext_00291
gob_proceso_0650;5;proc_tbl_00927,ppn_tbl_01435,dash_tbl_03283,dlk_tbl_02248,gob_tbl_01450;12;std_tbl_01112,dlk_tbl_01262,proc_tbl_00969,dlk_tbl_02625,gob_tbl_00993,dlk_tbl_02569,gob_tbl_02118,ppn_ext_00165,dash_ext_00238,gob_ext_00305,gob_ext_00250,m4vw_ext_00351
gob_proceso_0651;6;dlk_tbl_01856,gob_tbl_01706,gob_tbl_00937,dash_tbl_00963,gob_tbl_03158,proc_tbl_01110;11;ppn_tbl_01435,proc_tbl_01845,proc_tbl_01164,dlk_tbl_02328,gob_tbl_01964,std_tbl_00700,dlk_ext_00449,gob_ext_00303,gob_ext_00069,dlk_ext_00255,gob_ext_00091
dlk_proceso_0652;8;gob_tbl_00578,proc_tbl_01669,proc_tbl_02671,dash_tbl_01837,gob_tbl_01060,proc_tbl_00229,proc_tbl_03006,dlk_tbl_02863;14;dlk_tbl_01891,gob_tbl_02102,dlk_tbl_02240,dlk_tbl_03009,dlk_tbl_01566,gob_tbl_01730,std_tbl_00046,proc_tbl_01071,dlk_ext_00231,dlk_ext_00184,dlk_ext_00343,dlk_ext_00181,gob_ext_00069,dash_ext_00022
dlk_proceso_0653;6;std_tbl_00040,dlk_tbl_02214,gob_tbl_01861,gob_tbl_00363,dlk_tbl_02052,proc_tbl_01699;16;proc_tbl_02871,gob_tbl_01686,dash_tbl_02301,gob_tbl_02322,gob_tbl_02482,dlk_tbl_02330,proc_tbl_00148,gob_tbl_01019,dlk_tbl_01900,dlk_ext_00449,dlk_ext_00414,proc_ext_00063,dlk_ext_00107,gob_ext_00153,dlk_ext_00006,gob_ext_00054
gob_proceso_0654;2;dlk_tbl_00907,gob_tbl_01466;8;dash_tbl_00414,dlk_tbl_01907,proc_tbl_02810,dlk_tbl_02405,proc_tbl_00177,std_ext_00105,dlk_ext_00087,proc_ext_00101
dlk_proceso_0655;5;gob_tbl_01089,gob_tbl_03179,gob_tbl_01244,proc_tbl_01936,gob_tbl_01345;11;dlk_tbl_02962,m4vw_tbl_02140,gob_tbl_02902,gob_tbl_01152,gob_tbl_00450,dlk_tbl_01933,dlk_ext_00090,dlk_ext_00370,gob_ext_00408,dlk_ext_00391,dlk_ext_00184
dlk_proceso_0656;3;gob_tbl_02069,dlk_tbl_02370,proc_tbl_00754;9;dlk_tbl_01100,dash_tbl_03165,dlk_tbl_02450,gob_tbl_03241,gob_tbl_01289,dlk_ext_00296,dash_ext_00304,gob_ext_00102,dlk_ext_00437
dlk_proceso_0657;5;gob_tbl_02261,dlk_tbl_01675,proc_tbl_03270,dlk_tbl_02114,proc_tbl_01973;11;proc_tbl_02810,dlk_tbl_02935,dlk_tbl_02317,dlk_tbl_03009,dlk_tbl_00671,dlk_tbl_02891,gob_ext_00250,dlk_ext_00030,dlk_ext_00071,dlk_ext_00230,dash_ext_00304
dlk_proceso_0658;5;dlk_tbl_01101,proc_tbl_01792,dlk_tbl_00336,dlk_tbl_01080,dash_tbl_02930;8;gob_tbl_00759,gob_tbl_00917,dlk_tbl_02741,dlk_tbl_01488,dlk_tbl_01710,proc_ext_00277,gob_ext_00009,dlk_ext_00130
gob_proceso_0659;4;dlk_tbl_02123,dlk_tbl_01320,gob_tbl_01430,dlk_tbl_01131;14;dlk_tbl_01449,gob_tbl_03046,dlk_tbl_01436,gob_tbl_00649,gob_tbl_02419,dlk_tbl_02883,dlk_tbl_01229,gob_tbl_02984,dlk_ext_00030,gob_ext_00259,gob_ext_00306,gob_ext_00303,gob_ext_00140,dlk_ext_00263
gob_proceso_0660;4;gob_tbl_01287,gob_tbl_02381,std_tbl_02059,gob_tbl_00925;9;m4sco_tbl_00155,gob_tbl_02800,proc_tbl_01791,dlk_tbl_02865,gob_tbl_02588,gob_ext_00297,gob_ext_00046,proc_ext_00434,dash_ext_00158
dlk_proceso_0661;7;gob_tbl_02780,gob_tbl_01956,proc_tbl_00148,std_tbl_00438,proc_tbl_00890,m4vw_tbl_00212,gob_tbl_01106;11;dlk_tbl_00442,dlk_tbl_01758,std_tbl_02158,proc_tbl_01897,m4vw_tbl_01806,dash_tbl_01680,proc_ext_00380,std_ext_00402,gob_ext_00288,dlk_ext_00458,dlk_ext_00085
gob_proceso_0662;8;gob_tbl_00824,dlk_tbl_01746,gob_tbl_03072,gob_tbl_02916,dlk_tbl_01712,dash_tbl_00948,proc_tbl_00669,gob_tbl_02010;23;proc_tbl_03206,m4vw_tbl_00279,proc_tbl_00677,gob_tbl_01858,gob_tbl_03018,dlk_tbl_01436,gob_tbl_02528,dlk_tbl_02356,dlk_tbl_03094,dlk_tbl_02594,proc_tbl_02903,gob_tbl_01646,gob_tbl_02522,dash_ext_00022,dash_ext_00342,dlk_ext_00167,dlk_ext_00173,m4vw_ext_00423,std_ext_00246,dlk_ext_00473,gob_ext_00392,dlk_ext_00333,gob_ext_00067
proc_proceso_0663;4;dlk_tbl_01247,dlk_tbl_00440,dlk_tbl_02891,dlk_tbl_02656;9;dlk_tbl_01850,gob_tbl_02390,dlk_tbl_02643,dlk_tbl_03261,proc_tbl_02442,dlk_ext_00188,dlk_ext_00464,proc_ext_00049,gob_ext_00117
dash_proceso_0664;8;gob_tbl_01176,dlk_tbl_02004,dlk_tbl_02534,dlk_tbl_01797,dash_tbl_02538,dlk_tbl_01417,proc_tbl_01901,gob_tbl_00885;10;gob_tbl_00200,proc_tbl_02900,proc_tbl_01177,dlk_tbl_00502,dlk_tbl_00983,dash_tbl_00377,gob_ext_00259,gob_ext_00281,gob_ext_00461,m4sco_ext_00170
gob_proceso_0665;4;proc_tbl_00857,gob_tbl_00812,gob_tbl_01019,dlk_tbl_01870;6;gob_tbl_01896,m4sco_tbl_00357,m4sco_tbl_01486,proc_ext_00330,gob_ext_00418,dlk_ext_00389
dlk_proceso_0666;8;gob_tbl_02054,dash_tbl_00377,dash_tbl_01204,gob_tbl_02106,dlk_tbl_02823,std_tbl_03306,gob_tbl_01577,proc_tbl_01623;9;gob_tbl_02316,gob_tbl_00569,dash_tbl_01788,gob_tbl_01852,proc_tbl_03301,dlk_ext_00362,gob_ext_00140,dlk_ext_00142,dlk_ext_00467
dlk_proceso_0667;2;proc_tbl_01159,gob_tbl_01475;9;gob_tbl_02607,dlk_tbl_03201,dlk_tbl_00914,dlk_tbl_02932,dash_tbl_01087,gob_ext_00307,dlk_ext_00343,gob_ext_00416,dlk_ext_00413
dlk_proceso_0668;4;dlk_tbl_01137,gob_tbl_00353,proc_tbl_00596,proc_tbl_00603;6;dlk_tbl_01156,std_tbl_00498,dlk_tbl_03042,gob_ext_00284,proc_ext_00309,dlk_ext_00366
dlk_proceso_0669;5;dlk_tbl_03292,gob_tbl_00484,proc_tbl_00883,gob_tbl_00327,gob_tbl_02308;16;gob_tbl_01549,gob_tbl_02636,gob_tbl_00943,gob_tbl_03158,dlk_tbl_02958,dlk_tbl_02258,dlk_tbl_00637,dlk_tbl_00460,gob_tbl_02482,gob_ext_00403,dlk_ext_00214,proc_ext_00133,m4sco_ext_00000,dlk_ext_00333,proc_ext_00004,m4sco_ext_00300
proc_proceso_0670;4;proc_tbl_03192,proc_tbl_01619,gob_tbl_00588,std_tbl_00645;6;gob_tbl_00209,dlk_tbl_02911,gob_tbl_01092,gob_ext_00025,dlk_ext_00207,gob_ext_00160
dlk_proceso_0671;5;std_tbl_02159,gob_tbl_03260,gob_tbl_00635,gob_tbl_00778,dlk_tbl_00159;12;proc_tbl_00021,dlk_tbl_02350,proc_tbl_02284,dlk_tbl_00843,dlk_tbl_01059,gob_tbl_01656,dlk_tbl_02251,proc_ext_00141,dlk_ext_00181,proc_ext_00404,gob_ext_00368,proc_ext_00319
dlk_proceso_0672;5;gob_tbl_00542,proc_tbl_00039,gob_tbl_02956,gob_tbl_02526,std_tbl_01818;19;gob_tbl_00510,gob_tbl_00272,proc_tbl_00215,gob_tbl_02324,dlk_tbl_01572,ppn_tbl_02848,dlk_tbl_00782,gob_tbl_01170,gob_tbl_02720,gob_tbl_01243,gob_tbl_00024,dlk_ext_00366,proc_ext_00174,proc_ext_00156,proc_ext_00141,gob_ext_00353,dlk_ext_00391,proc_ext_00232,dlk_ext_00173
dlk_proceso_0673;5;gob_tbl_00834,proc_tbl_00555,dlk_tbl_02351,std_tbl_00962,gob_tbl_01906;14;dlk_tbl_01515,gob_tbl_01069,dlk_tbl_02044,gob_tbl_00943,gob_tbl_00013,dash_tbl_00499,gob_tbl_00209,gob_tbl_01332,std_ext_00455,dlk_ext_00428,dlk_ext_00175,dash_ext_00364,gob_ext_00337,dlk_ext_00107
gob_proceso_0674;6;dlk_tbl_02487,gob_tbl_02779,proc_tbl_01000,gob_tbl_01493,dlk_tbl_01308,gob_tbl_00322;10;proc_tbl_03270,dlk_tbl_00222,proc_tbl_01561,dlk_tbl_02987,gob_tbl_00892,gob_tbl_00295,dash_ext_00190,std_ext_00248,gob_ext_00081,proc_ext_00386
dlk_proceso_0675;2;dlk_tbl_01550,proc_tbl_02149;9;gob_tbl_01580,dash_tbl_01680,dlk_tbl_03044,gob_tbl_02803,gob_tbl_01122,proc_ext_00439,gob_ext_00125,dlk_ext_00328,gob_ext_00218
dlk_proceso_0676;4;gob_tbl_00022,gob_tbl_01847,proc_tbl_00866,gob_tbl_00619;7;m4vw_tbl_01946,proc_tbl_01982,gob_tbl_02092,proc_tbl_02096,proc_ext_00436,dlk_ext_00070,dlk_ext_00110
gob_proceso_0677;5;dlk_tbl_02493,dlk_tbl_02394,proc_tbl_02094,dlk_tbl_00798,gob_tbl_00956;5;dlk_tbl_00097,proc_tbl_01764,dlk_tbl_02422,proc_ext_00065,dlk_ext_00424
gob_proceso_0678;7;dlk_tbl_02749,dlk_tbl_02375,dlk_tbl_01488,gob_tbl_00493,dash_tbl_01401,std_tbl_02564,proc_tbl_01773;1;gob_tbl_00223
dash_proceso_0679;2;proc_tbl_00319,proc_tbl_02368;7;m4sco_tbl_00771,gob_tbl_02555,gob_tbl_01877,gob_tbl_02587,proc_ext_00120,dlk_ext_00035,gob_ext_00254
gob_proceso_0680;4;dlk_tbl_02825,gob_tbl_00472,proc_tbl_01147,std_tbl_01253;4;proc_tbl_02869,gob_tbl_02261,dlk_ext_00111,gob_ext_00219
gob_proceso_0681;4;dash_tbl_00499,dlk_tbl_01198,gob_tbl_03202,dlk_tbl_01871;11;gob_tbl_00709,dlk_tbl_03253,dlk_tbl_01242,gob_tbl_02706,proc_tbl_00381,gob_tbl_00542,dlk_ext_00035,dlk_ext_00258,dlk_ext_00175,gob_ext_00338,gob_ext_00125
proc_proceso_0682;3;gob_tbl_02071,dlk_tbl_01645,proc_tbl_00775;9;m4sco_tbl_01821,dlk_tbl_00002,dlk_tbl_03256,proc_tbl_02250,dlk_tbl_00644,gob_ext_00067,gob_ext_00061,gob_ext_00282,dlk_ext_00073
dlk_proceso_0683;3;gob_tbl_02839,dlk_tbl_03298,dlk_tbl_02355;5;dlk_tbl_00432,std_tbl_02391,gob_tbl_00025,dlk_ext_00006,dlk_ext_00458
dlk_proceso_0684;5;gob_tbl_01290,gob_tbl_02969,proc_tbl_03142,gob_tbl_01976,dlk_tbl_01652;7;m4sco_tbl_02596,m4vw_tbl_02801,dlk_tbl_02784,dash_tbl_00950,gob_ext_00132,dash_ext_00460,dash_ext_00200
dlk_proceso_0685;2;dlk_tbl_00298,gob_tbl_01011;6;dlk_tbl_00522,m4sco_tbl_00155,dlk_tbl_03201,dlk_ext_00230,gob_ext_00353,gob_ext_00119
dash_proceso_0686;4;gob_tbl_03007,dlk_tbl_01473,ppn_tbl_02735,proc_tbl_02660;10;gob_tbl_02352,dlk_tbl_01933,gob_tbl_00587,gob_tbl_00080,gob_tbl_02925,dlk_tbl_00365,dlk_ext_00426,gob_ext_00457,gob_ext_00291,std_ext_00179
gob_proceso_0687;2;dlk_tbl_01144,dlk_tbl_03040;13;dlk_tbl_01156,gob_tbl_01065,dlk_tbl_02820,gob_tbl_02532,m4vw_tbl_01296,m4sco_tbl_02108,gob_tbl_01487,gob_ext_00201,dlk_ext_00041,dlk_ext_00366,dlk_ext_00414,gob_ext_00218,dash_ext_00299
gob_proceso_0688;5;dlk_tbl_02568,dlk_tbl_00274,dash_tbl_02997,dlk_tbl_00023,dash_tbl_00591;10;dlk_tbl_02541,gob_tbl_02219,dash_tbl_00258,gob_tbl_01120,gob_tbl_02711,gob_tbl_02179,proc_ext_00174,gob_ext_00282,proc_ext_00309,gob_ext_00132
dlk_proceso_0689;4;gob_tbl_02045,gob_tbl_00209,dlk_tbl_02210,gob_tbl_01248;14;dlk_tbl_02959,gob_tbl_02721,std_tbl_02763,gob_tbl_00079,dlk_tbl_01479,gob_tbl_02041,std_tbl_01971,gob_tbl_02657,gob_ext_00395,proc_ext_00004,std_ext_00402,dlk_ext_00030,proc_ext_00131,dlk_ext_00334
gob_proceso_0690;6;dlk_tbl_00736,gob_tbl_00419,dlk_tbl_02557,dlk_tbl_01843,gob_tbl_00083,proc_tbl_00234;6;proc_tbl_01986,dlk_tbl_00342,proc_tbl_01175,gob_ext_00212,gob_ext_00227,gob_ext_00072
dlk_proceso_0691;3;gob_tbl_01964,gob_tbl_02216,gob_tbl_00153;9;gob_tbl_02434,dlk_tbl_01836,dlk_tbl_00970,dlk_tbl_00879,m4sco_tbl_02043,dlk_ext_00026,dash_ext_00317,dlk_ext_00296,dlk_ext_00468
dlk_proceso_0692;4;proc_tbl_01795,dash_tbl_02727,gob_tbl_00410,gob_tbl_02610;12;proc_tbl_00385,dash_tbl_01363,proc_tbl_03206,m4sco_tbl_01876,gob_tbl_01395,m4vw_tbl_01846,dlk_tbl_02207,dash_ext_00200,proc_ext_00361,proc_ext_00115,gob_ext_00054,gob_ext_00457
gob_proceso_0693;5;proc_tbl_00171,proc_tbl_01083,dash_tbl_03043,dlk_tbl_00239,proc_tbl_00875;16;ppn_tbl_02735,gob_tbl_01299,dlk_tbl_01576,proc_tbl_02905,proc_tbl_00605,dlk_tbl_03276,gob_tbl_01504,dlk_tbl_01707,dlk_tbl_02675,gob_ext_00118,proc_ext_00436,proc_ext_00131,dlk_ext_00426,dlk_ext_00008,proc_ext_00011,dash_ext_00123
dlk_proceso_0694;5;std_tbl_00217,gob_tbl_02796,gob_tbl_01842,dlk_tbl_01951,dlk_tbl_00646;11;proc_tbl_01177,dlk_tbl_01140,dash_tbl_00296,dlk_tbl_02594,dlk_tbl_00065,dlk_tbl_01145,gob_ext_00420,gob_ext_00091,dlk_ext_00230,dlk_ext_00365,dlk_ext_00313
proc_proceso_0695;6;gob_tbl_01834,gob_tbl_00211,proc_tbl_02424,gob_tbl_02029,dash_tbl_00738,m4sco_tbl_00804;10;proc_tbl_00154,gob_tbl_03121,dlk_tbl_01024,gob_tbl_02115,dlk_tbl_00782,gob_tbl_01371,dash_ext_00304,gob_ext_00394,gob_ext_00007,dlk_ext_00175
dlk_proceso_0696;3;dlk_tbl_01333,gob_tbl_00819,std_tbl_00745;13;dash_tbl_03175,gob_tbl_01032,gob_tbl_00956,dlk_tbl_00002,dlk_tbl_02883,proc_tbl_03150,gob_tbl_01796,dash_ext_00083,proc_ext_00017,std_ext_00248,gob_ext_00275,gob_ext_00221,proc_ext_00439
dash_proceso_0697;5;dlk_tbl_02350,dash_tbl_02237,dlk_tbl_03227,dlk_tbl_03123,dlk_tbl_02575;5;dash_tbl_02343,dlk_tbl_02568,gob_tbl_02809,m4vw_ext_00466,dlk_ext_00426
gob_proceso_0698;4;dlk_tbl_03214,dlk_tbl_03284,gob_tbl_03073,gob_tbl_00080;10;dlk_tbl_00770,dash_tbl_00499,gob_tbl_02610,std_tbl_03104,gob_tbl_01019,gob_tbl_00996,gob_ext_00367,proc_ext_00256,dlk_ext_00104,dash_ext_00200
dash_proceso_0699;5;dlk_tbl_02113,proc_tbl_00576,gob_tbl_02894,m4sco_tbl_02596,dlk_tbl_02940;8;std_tbl_03151,gob_tbl_01331,dlk_tbl_01579,gob_tbl_00024,std_tbl_02691,std_ext_00105,dlk_ext_00426,dlk_ext_00298
dlk_proceso_0700;6;dash_tbl_02496,gob_tbl_01371,gob_tbl_00094,dlk_tbl_00259,dlk_tbl_02667,dlk_tbl_01124;13;dlk_tbl_02350,dlk_tbl_00808,proc_tbl_01755,dlk_tbl_02452,ppn_tbl_00125,gob_tbl_00338,dlk_tbl_00516,dlk_ext_00265,dlk_ext_00073,gob_ext_00245,dlk_ext_00076,gob_ext_00275,dlk_ext_00103
proc_proceso_0701;5;dash_tbl_02042,dlk_tbl_01022,dlk_tbl_03068,gob_tbl_03289,dash_tbl_01881;4;proc_tbl_00540,gob_tbl_01737,gob_ext_00233,gob_ext_00162
dlk_proceso_0702;2;proc_tbl_03230,proc_tbl_02948;5;dlk_tbl_01307,proc_tbl_02412,proc_tbl_01851,gob_ext_00337,dlk_ext_00183
proc_proceso_0703;8;proc_tbl_02012,std_tbl_01078,dlk_tbl_01840,gob_tbl_00913,gob_tbl_01433,dlk_tbl_03136,gob_tbl_01044,proc_tbl_00308;23;proc_tbl_02946,dlk_tbl_02782,dlk_tbl_01291,gob_tbl_01477,dash_tbl_01680,dlk_tbl_02770,dlk_tbl_02203,gob_tbl_02720,gob_tbl_01448,proc_tbl_01851,dlk_tbl_02519,dash_tbl_00386,dlk_tbl_03091,dlk_ext_00225,proc_ext_00249,gob_ext_00475,std_ext_00402,gob_ext_00356,dash_ext_00057,gob_ext_00420,dlk_ext_00230,gob_ext_00092,proc_ext_00315
gob_proceso_0704;4;gob_tbl_02339,gob_tbl_01090,gob_tbl_00364,proc_tbl_00592;4;proc_tbl_01005,gob_tbl_03207,gob_ext_00392,dlk_ext_00260
proc_proceso_0705;2;gob_tbl_01190,gob_tbl_02340;7;dlk_tbl_02134,gob_tbl_02179,proc_tbl_01733,dlk_tbl_02729,std_ext_00105,proc_ext_00277,gob_ext_00061
dlk_proceso_0706;6;proc_tbl_00188,dlk_tbl_00843,dlk_tbl_01367,proc_tbl_03051,gob_tbl_00580,dlk_tbl_03245;10;gob_tbl_00735,dlk_tbl_01808,dlk_tbl_02097,proc_tbl_00980,gob_tbl_02649,gob_tbl_02525,proc_ext_00120,dlk_ext_00070,dlk_ext_00175,proc_ext_00421
dlk_proceso_0707;4;dlk_tbl_02180,dlk_tbl_00368,gob_tbl_00816,m4vw_tbl_00929;10;gob_tbl_00488,gob_tbl_03111,std_tbl_00351,m4sco_tbl_02142,proc_tbl_03288,proc_tbl_00246,std_ext_00379,dlk_ext_00400,m4sco_ext_00300,proc_ext_00330
gob_proceso_0708;5;m4vw_tbl_02338,gob_tbl_00944,proc_tbl_01261,gob_tbl_00247,proc_tbl_03173;16;dlk_tbl_01977,dlk_tbl_00608,proc_tbl_00597,dlk_tbl_01984,gob_tbl_01777,dlk_tbl_02820,proc_tbl_00394,dlk_tbl_01014,dlk_tbl_02018,gob_ext_00254,dlk_ext_00298,gob_ext_00025,dlk_ext_00080,gob_ext_00303,gob_ext_00092,dlk_ext_00194
dlk_proceso_0709;5;gob_tbl_02122,dlk_tbl_03135,dlk_tbl_02317,gob_tbl_00461,proc_tbl_02438;7;dash_tbl_00547,dash_tbl_01348,proc_tbl_00474,dlk_tbl_01051,dlk_ext_00103,gob_ext_00015,std_ext_00179
dlk_proceso_0710;5;gob_tbl_02670,proc_tbl_01064,m4sco_tbl_03183,gob_tbl_01384,std_tbl_01888;12;dlk_tbl_00416,dlk_tbl_03261,gob_tbl_01953,gob_tbl_02179,dlk_tbl_00517,gob_tbl_00209,gob_tbl_00996,dlk_ext_00087,dlk_ext_00333,dlk_ext_00242,dash_ext_00304,proc_ext_00089
proc_proceso_0711;5;gob_tbl_02062,dlk_tbl_00332,dash_tbl_01446,dlk_tbl_01729,dlk_tbl_00092;14;gob_tbl_01588,gob_tbl_03215,proc_tbl_02542,gob_tbl_01546,dlk_tbl_00416,std_tbl_00438,dlk_tbl_01242,std_tbl_00162,gob_ext_00099,gob_ext_00287,dlk_ext_00467,dlk_ext_00414,gob_ext_00373,dlk_ext_00469
dlk_proceso_0712;6;std_tbl_03124,gob_tbl_01945,gob_tbl_00013,dlk_tbl_00584,gob_tbl_03302,proc_tbl_02524;4;dlk_tbl_00418,dlk_tbl_02688,dlk_ext_00051,dlk_ext_00124
proc_proceso_0713;2;gob_tbl_00105,gob_tbl_00560;12;m4sco_tbl_00904,dlk_tbl_02274,dlk_tbl_02560,gob_tbl_00923,gob_tbl_02685,gob_tbl_00996,dlk_tbl_00655,proc_ext_00320,gob_ext_00307,gob_ext_00077,gob_ext_00337,gob_ext_00031
gob_proceso_0714;3;dlk_tbl_00317,gob_tbl_02101,gob_tbl_00694;13;gob_tbl_02191,dash_tbl_00293,gob_tbl_03110,gob_tbl_01356,dash_tbl_00173,gob_tbl_03085,dlk_tbl_00244,gob_ext_00392,gob_ext_00220,dlk_ext_00173,dlk_ext_00469,gob_ext_00418,dlk_ext_00026
proc_proceso_0715;2;proc_tbl_00681,gob_tbl_02752;15;gob_tbl_02503,std_tbl_03151,dlk_tbl_01187,gob_tbl_00606,gob_tbl_01474,ppn_tbl_01688,dlk_tbl_01962,dlk_tbl_01048,gob_tbl_00303,gob_ext_00438,gob_ext_00058,gob_ext_00061,dlk_ext_00088,proc_ext_00397,m4vw_ext_00012
dlk_proceso_0716;7;dlk_tbl_00000,gob_tbl_01979,dash_tbl_01149,gob_tbl_01097,dash_tbl_02121,gob_tbl_02857,dlk_tbl_00589;10;gob_tbl_00315,proc_tbl_03051,gob_tbl_01046,proc_tbl_02810,gob_tbl_01533,gob_tbl_00810,dash_ext_00196,dlk_ext_00202,gob_ext_00438,gob_ext_00234
proc_proceso_0717;5;proc_tbl_02864,gob_tbl_01469,gob_tbl_01219,gob_tbl_00216,dlk_tbl_02494;12;dash_tbl_02772,proc_tbl_03164,ppn_tbl_02570,dlk_tbl_02204,gob_tbl_00580,dlk_tbl_01367,gob_tbl_01444,proc_ext_00256,gob_ext_00456,dlk_ext_00226,m4vw_ext_00423,dash_ext_00083
dash_proceso_0718;4;proc_tbl_00248,dlk_tbl_01632,dlk_tbl_02732,gob_tbl_00051;10;gob_tbl_02565,std_tbl_02989,gob_tbl_02990,proc_tbl_01016,dlk_tbl_01530,m4sco_tbl_02596,dlk_ext_00390,dlk_ext_00087,proc_ext_00249,dlk_ext_00426
dlk_proceso_0719;2;dash_tbl_02198,dlk_tbl_02505;6;proc_tbl_03206,dlk_tbl_02095,proc_tbl_01936,dlk_ext_00343,dlk_ext_00389,dlk_ext_00071
dlk_proceso_0720;5;dlk_tbl_02452,dlk_tbl_00595,gob_tbl_01132,gob_tbl_01056,dlk_tbl_02509;13;proc_tbl_00987,gob_tbl_02324,dash_tbl_02348,dash_tbl_00523,gob_tbl_03220,dash_tbl_01468,dlk_tbl_00441,gob_ext_00160,gob_ext_00457,gob_ext_00268,dlk_ext_00389,proc_ext_00191,dlk_ext_00469
dlk_proceso_0721;2;gob_tbl_00102,proc_tbl_01534;13;gob_tbl_00714,dlk_tbl_02824,dlk_tbl_03263,dlk_tbl_01338,proc_tbl_00727,gob_tbl_02107,gob_tbl_00780,dlk_ext_00166,gob_ext_00116,dlk_ext_00298,gob_ext_00152,gob_ext_00135,proc_ext_00004
gob_proceso_0722;4;gob_tbl_01835,gob_tbl_02046,dlk_tbl_00815,gob_tbl_00911;4;gob_tbl_02719,dlk_tbl_00441,proc_ext_00436,dlk_ext_00279
gob_proceso_0723;4;dlk_tbl_02385,gob_tbl_01730,dash_tbl_01569,dlk_tbl_02881;7;gob_tbl_02193,dlk_tbl_01022,dlk_tbl_00564,dlk_tbl_00468,gob_ext_00086,proc_ext_00386,dlk_ext_00013
dlk_proceso_0724;3;dlk_tbl_01111,dlk_tbl_02112,dlk_tbl_00372;12;gob_tbl_00131,gob_tbl_00571,proc_tbl_00684,dash_tbl_02750,gob_tbl_02047,dash_tbl_02846,gob_tbl_02526,proc_ext_00350,gob_ext_00382,proc_ext_00386,dlk_ext_00039,gob_ext_00337
gob_proceso_0725;5;gob_tbl_01541,gob_tbl_02185,gob_tbl_02005,m4vw_tbl_02140,dlk_tbl_00711;13;dlk_tbl_01119,dlk_tbl_00651,std_tbl_02768,gob_tbl_02023,std_tbl_02079,dash_tbl_00738,dash_tbl_00443,gob_ext_00245,dlk_ext_00471,dlk_ext_00124,m4vw_ext_00443,dash_ext_00114,gob_ext_00359
dlk_proceso_0726;5;gob_tbl_01276,dlk_tbl_02058,proc_tbl_01386,gob_tbl_02577,dlk_tbl_03045;14;dlk_tbl_01576,proc_tbl_02153,dlk_tbl_02087,proc_tbl_00942,gob_tbl_01460,gob_tbl_03179,proc_tbl_00082,dlk_tbl_02422,proc_ext_00439,gob_ext_00119,proc_ext_00434,dlk_ext_00334,dlk_ext_00240,dash_ext_00371
dlk_proceso_0727;3;dlk_tbl_02360,proc_tbl_00659,dlk_tbl_01026;15;proc_tbl_03297,proc_tbl_00576,dlk_tbl_02378,proc_tbl_01507,m4sco_tbl_03105,std_tbl_02763,proc_tbl_02888,proc_tbl_01025,proc_tbl_00756,dlk_ext_00272,proc_ext_00249,gob_ext_00153,dlk_ext_00239,gob_ext_00046,std_ext_00248
dlk_proceso_0728;4;m4vw_tbl_01846,gob_tbl_00093,gob_tbl_00310,proc_tbl_00474;13;gob_tbl_01854,std_tbl_01288,proc_tbl_00288,gob_tbl_01065,proc_tbl_01651,gob_tbl_00010,dlk_tbl_02644,gob_ext_00399,gob_ext_00082,gob_ext_00163,dlk_ext_00354,dlk_ext_00030,dlk_ext_00035
dlk_proceso_0729;5;gob_tbl_01236,gob_tbl_02686,gob_tbl_02120,proc_tbl_01944,dlk_tbl_01020;9;dash_tbl_03268,dlk_tbl_00978,dlk_tbl_01483,gob_tbl_01442,proc_tbl_01762,dlk_ext_00255,gob_ext_00125,proc_ext_00017,gob_ext_00081
gob_proceso_0730;5;dlk_tbl_02138,gob_tbl_02205,gob_tbl_02482,proc_tbl_01175,gob_tbl_01327;8;dlk_tbl_00065,dash_tbl_02103,gob_tbl_00426,proc_tbl_01725,dash_tbl_00414,proc_ext_00430,std_ext_00407,dlk_ext_00271
gob_proceso_0731;4;gob_tbl_03074,dlk_tbl_00706,dlk_tbl_00903,proc_tbl_01657;11;dash_tbl_02103,proc_tbl_03159,gob_tbl_01061,gob_tbl_00214,proc_tbl_01183,dash_tbl_01726,proc_ext_00075,dlk_ext_00363,dlk_ext_00062,gob_ext_00374,gob_ext_00092
gob_proceso_0732;8;dlk_tbl_00302,dlk_tbl_03237,proc_tbl_00529,dlk_tbl_02655,dlk_tbl_00055,gob_tbl_02960,proc_tbl_01158,dlk_tbl_01568;9;gob_tbl_02396,gob_tbl_01152,dlk_tbl_02123,dlk_tbl_00655,dlk_tbl_02568,dlk_ext_00142,gob_ext_00153,proc_ext_00063,dlk_ext_00205
dlk_proceso_0733;3;gob_tbl_01445,dlk_tbl_02211,proc_tbl_00249;12;dlk_tbl_02267,gob_tbl_02147,gob_tbl_03132,gob_tbl_00560,dlk_tbl_01805,proc_tbl_02722,gob_tbl_01506,gob_ext_00325,gob_ext_00287,dlk_ext_00053,dash_ext_00247,gob_ext_00119
proc_proceso_0734;2;dlk_tbl_02031,proc_tbl_00833;7;proc_tbl_01434,dash_tbl_01295,std_tbl_01182,gob_tbl_01061,m4sco_ext_00170,proc_ext_00049,dlk_ext_00186
dlk_proceso_0735;4;gob_tbl_02332,proc_tbl_01007,dlk_tbl_02859,dlk_tbl_01452;11;gob_tbl_02725,gob_tbl_00327,dlk_tbl_01402,gob_tbl_00557,gob_tbl_03286,proc_tbl_03082,dash_ext_00304,gob_ext_00461,gob_ext_00395,gob_ext_00340,dlk_ext_00391
dlk_proceso_0736;4;gob_tbl_00826,proc_tbl_00123,dlk_tbl_01171,proc_tbl_00853;14;dlk_tbl_01635,proc_tbl_01279,proc_tbl_00550,dlk_tbl_02207,gob_tbl_00593,proc_tbl_01762,dlk_tbl_03245,gob_tbl_00309,dlk_ext_00426,proc_ext_00439,proc_ext_00401,dash_ext_00083,proc_ext_00397,gob_ext_00270
gob_proceso_0737;4;dlk_tbl_00850,gob_tbl_01852,gob_tbl_01230,dlk_tbl_03069;11;dlk_tbl_02003,dlk_tbl_01378,dlk_tbl_00711,dlk_tbl_03213,dlk_tbl_01668,proc_tbl_00456,gob_ext_00025,proc_ext_00228,dlk_ext_00006,gob_ext_00250,gob_ext_00132
proc_proceso_0738;3;dlk_tbl_00928,gob_tbl_00569,gob_tbl_01280;13;std_tbl_01888,ppn_tbl_01328,gob_tbl_02756,dlk_tbl_01880,proc_tbl_00539,gob_tbl_01892,dash_tbl_01001,dlk_ext_00333,proc_ext_00429,dlk_ext_00244,gob_ext_00199,gob_ext_00234,gob_ext_00099
gob_proceso_0739;4;dlk_tbl_00877,dlk_tbl_01237,gob_tbl_00352,dlk_tbl_02168;11;dlk_tbl_00528,gob_tbl_00037,gob_tbl_02011,gob_tbl_00790,dlk_tbl_00783,m4sco_tbl_01265,dlk_ext_00426,gob_ext_00227,proc_ext_00213,gob_ext_00201,dlk_ext_00343
dlk_proceso_0740;6;gob_tbl_02124,m4sco_tbl_02026,dlk_tbl_00675,dlk_tbl_00253,gob_tbl_03031,gob_tbl_00688;15;m4vw_tbl_01296,std_tbl_01575,dash_tbl_02496,dash_tbl_01636,gob_tbl_01395,gob_tbl_00580,gob_tbl_01433,gob_tbl_00662,ppn_tbl_01553,dlk_ext_00186,dlk_ext_00085,proc_ext_00044,gob_ext_00054,gob_ext_00323,proc_ext_00011
dlk_proceso_0741;4;gob_tbl_00404,dlk_tbl_02712,gob_tbl_00264,proc_tbl_01117;6;gob_tbl_00617,gob_tbl_00289,std_tbl_00167,dlk_ext_00365,proc_ext_00049,dlk_ext_00389
dlk_proceso_0742;6;dlk_tbl_01294,ppn_tbl_01269,gob_tbl_02984,dlk_tbl_01977,gob_tbl_01193,gob_tbl_03132;13;gob_tbl_01956,dlk_tbl_00572,gob_tbl_02752,gob_tbl_02817,dlk_tbl_01824,gob_tbl_00415,dash_tbl_02078,proc_ext_00432,dlk_ext_00035,dash_ext_00180,dlk_ext_00110,std_ext_00301,std_ext_00448
proc_proceso_0743;5;gob_tbl_01562,gob_tbl_03208,dlk_tbl_02734,gob_tbl_00512,gob_tbl_02242;7;dlk_tbl_01180,proc_tbl_01608,gob_tbl_03163,dlk_tbl_01171,m4vw_ext_00423,gob_ext_00067,gob_ext_00069
dlk_proceso_0744;6;dlk_tbl_02450,dlk_tbl_01283,gob_tbl_02745,proc_tbl_03199,proc_tbl_01150,gob_tbl_02762;13;gob_tbl_00536,proc_tbl_00394,dlk_tbl_01337,gob_tbl_00750,dlk_tbl_01014,gob_tbl_00849,gob_tbl_01695,dlk_ext_00087,dlk_ext_00013,dlk_ext_00008,gob_ext_00245,dlk_ext_00272,gob_ext_00337
dlk_proceso_0745;8;dlk_tbl_00685,gob_tbl_02902,gob_tbl_02498,dlk_tbl_02315,gob_tbl_02699,dash_tbl_00931,dlk_tbl_02811,gob_tbl_00524;14;gob_tbl_01777,dash_tbl_02924,dlk_tbl_01977,dlk_tbl_01014,proc_tbl_01088,dlk_tbl_02537,gob_tbl_03236,dlk_tbl_02918,gob_ext_00221,proc_ext_00434,gob_ext_00031,dash_ext_00123,dlk_ext_00283,dlk_ext_00419
dlk_proceso_0746;4;dlk_tbl_00047,proc_tbl_00398,dlk_tbl_01429,gob_tbl_03296;4;gob_tbl_01346,m4vw_tbl_02933,gob_ext_00234,dlk_ext_00142
dlk_proceso_0747;6;ppn_tbl_00360,dlk_tbl_02582,dlk_tbl_02713,gob_tbl_01798,dlk_tbl_01823,dlk_tbl_03299;6;proc_tbl_01517,proc_tbl_00539,std_tbl_00991,dlk_ext_00169,dlk_ext_00365,std_ext_00159
dlk_proceso_0748;8;gob_tbl_01689,std_tbl_00498,gob_tbl_02147,gob_tbl_02941,gob_tbl_01372,gob_tbl_02068,gob_tbl_03168,m4vw_tbl_01383;24;dlk_tbl_00815,dlk_tbl_02372,proc_tbl_00648,dash_tbl_00174,gob_tbl_01994,gob_tbl_01691,proc_tbl_00862,dash_tbl_01446,dash_tbl_00950,proc_tbl_02652,dlk_tbl_01470,m4sco_tbl_01857,gob_tbl_00501,dlk_tbl_02318,dash_ext_00342,dlk_ext_00391,dlk_ext_00440,gob_ext_00128,gob_ext_00268,dlk_ext_00426,proc_ext_00429,proc_ext_00421,dlk_ext_00026,dlk_ext_00449
dlk_proceso_0749;4;proc_tbl_01039,dlk_tbl_01631,gob_tbl_00571,ppn_tbl_00708;14;gob_tbl_01287,gob_tbl_00690,dlk_tbl_00451,gob_tbl_02690,gob_tbl_03029,dlk_tbl_00807,proc_tbl_00605,dlk_tbl_02326,proc_ext_00316,gob_ext_00295,dlk_ext_00166,dlk_ext_00398,gob_ext_00373,gob_ext_00451
