DAG;NumTablasAlimenta;TablasAlimenta;NumTablasAlimentan;TablasAlimentan
dash_proceso_0000;6;proc_tbl_01726,gob_tbl_00731,gob_tbl_01658,dlk_tbl_00769,gob_tbl_01512,gob_tbl_01835;12;proc_tbl_01416,gob_tbl_00153,dlk_tbl_00183,proc_tbl_01628,dlk_tbl_01818,dlk_tbl_00437,dlk_tbl_00889,dlk_ext_00250,dlk_ext_00377,gob_ext_00153,dlk_ext_00324,dlk_ext_00221
dash_proceso_0001;5;gob_tbl_01753,ppn_tbl_01657,dlk_tbl_00183,gob_tbl_01689,proc_tbl_00103;8;gob_tbl_00603,dash_tbl_01743,gob_tbl_01316,std_tbl_01874,dlk_tbl_00645,proc_ext_00398,proc_ext_00400,dlk_ext_00014
proc_proceso_0002;4;gob_tbl_01739,gob_tbl_01728,dlk_tbl_02082,proc_tbl_00709;11;gob_tbl_01062,dlk_tbl_02102,dlk_tbl_00277,dlk_tbl_01004,gob_tbl_00045,dlk_tbl_01588,dlk_ext_00323,gob_ext_00003,dash_ext_00333,proc_ext_00311,gob_ext_00063
gob_proceso_0003;2;dash_tbl_00755,dlk_tbl_00337;7;dlk_tbl_01369,proc_tbl_00315,std_tbl_02032,gob_tbl_00553,gob_ext_00007,gob_ext_00389,dlk_ext_00111
dlk_proceso_0004;6;dash_tbl_00763,std_tbl_00577,proc_tbl_02042,dlk_tbl_00897,gob_tbl_00783,dlk_tbl_00091;10;gob_tbl_01059,proc_tbl_00181,dlk_tbl_00405,dlk_tbl_01881,gob_tbl_00918,dlk_tbl_01890,dlk_ext_00285,gob_ext_00243,dlk_ext_00155,gob_ext_00278
dlk_proceso_0005;8;proc_tbl_00958,dash_tbl_01198,ppn_tbl_00334,gob_tbl_01289,dlk_tbl_01486,dlk_tbl_01482,proc_tbl_00917,dlk_tbl_02023;23;gob_tbl_00317,dlk_tbl_00010,dlk_tbl_01017,dlk_tbl_00824,dlk_tbl_00581,gob_tbl_00096,dash_tbl_00223,dlk_tbl_00930,dash_tbl_00449,gob_tbl_00931,proc_tbl_00849,dlk_tbl_01606,dlk_tbl_00622,gob_ext_00141,gob_ext_00241,dlk_ext_00136,dlk_ext_00111,gob_ext_00208,proc_ext_00017,gob_ext_00356,dlk_ext_00068,dlk_ext_00105,gob_ext_00315
dash_proceso_0006;5;dlk_tbl_00576,gob_tbl_00438,dlk_tbl_00590,dlk_tbl_00843,dlk_tbl_00997;8;dlk_tbl_00527,dash_tbl_01267,dlk_tbl_02052,proc_tbl_00521,dlk_tbl_00823,gob_ext_00220,dlk_ext_00111,dash_ext_00335
dlk_proceso_0007;2;proc_tbl_00749,std_tbl_00359;12;gob_tbl_00556,dlk_tbl_01406,dash_tbl_01822,dash_tbl_01926,gob_tbl_00742,dlk_tbl_01526,dlk_tbl_00146,dlk_ext_00224,gob_ext_00073,proc_ext_00311,dlk_ext_00343,gob_ext_00021
gob_proceso_0008;7;gob_tbl_00152,dlk_tbl_00266,dlk_tbl_00634,gob_tbl_01991,gob_tbl_00753,dlk_tbl_00326,dlk_tbl_00980;15;dlk_tbl_00437,dlk_tbl_02122,gob_tbl_00716,gob_tbl_00929,gob_tbl_02047,dlk_tbl_01269,proc_tbl_01298,m4vw_tbl_01032,gob_tbl_01927,gob_ext_00021,proc_ext_00145,gob_ext_00026,gob_ext_00198,m4vw_ext_00047,gob_ext_00406
dlk_proceso_0009;3;m4vw_tbl_01392,gob_tbl_01064,gob_tbl_00647;17;dlk_tbl_00403,dlk_tbl_01815,gob_tbl_01105,proc_tbl_01631,dlk_tbl_00815,proc_tbl_02126,gob_tbl_02095,dlk_tbl_00320,gob_tbl_01479,gob_tbl_00177,gob_ext_00365,dlk_ext_00404,proc_ext_00244,dlk_ext_00279,proc_ext_00311,dlk_ext_00264,proc_ext_00114
gob_proceso_0010;3;proc_tbl_00744,dash_tbl_01989,gob_tbl_02071;11;dlk_tbl_01295,dlk_tbl_01783,dlk_tbl_00980,proc_tbl_00519,std_tbl_01224,gob_tbl_01530,gob_ext_00278,gob_ext_00371,gob_ext_00402,m4vw_ext_00347,dlk_ext_00126
gob_proceso_0011;8;dlk_tbl_00644,dlk_tbl_01168,m4sco_tbl_00064,dash_tbl_00502,dlk_tbl_00271,proc_tbl_00708,dlk_tbl_00316,gob_tbl_01907;10;dlk_tbl_02088,gob_tbl_00498,dlk_tbl_01129,gob_tbl_00731,dlk_tbl_02099,proc_tbl_01576,dlk_ext_00068,gob_ext_00021,gob_ext_00296,gob_ext_00150
dlk_proceso_0012;6;gob_tbl_01979,proc_tbl_01214,gob_tbl_01208,std_tbl_01727,gob_tbl_01565,gob_tbl_00086;11;dlk_tbl_01470,dlk_tbl_00146,dlk_tbl_01954,dlk_tbl_01436,proc_tbl_00315,gob_tbl_01397,dlk_ext_00264,dlk_ext_00038,dlk_ext_00250,dash_ext_00223,dlk_ext_00137
proc_proceso_0013;4;gob_tbl_01127,proc_tbl_00729,gob_tbl_01611,gob_tbl_01060;11;gob_tbl_02077,m4vw_tbl_01342,dash_tbl_01057,dlk_tbl_00183,dlk_tbl_01745,dlk_tbl_00331,dlk_ext_00232,gob_ext_00085,dlk_ext_00350,proc_ext_00326,dlk_ext_00256
gob_proceso_0014;2;gob_tbl_00580,dlk_tbl_00175;4;m4vw_tbl_01917,proc_tbl_00455,proc_ext_00170,gob_ext_00341
dash_proceso_0015;4;dlk_tbl_00721,dlk_tbl_00971,proc_tbl_01345,gob_tbl_01173;12;dash_tbl_01473,gob_tbl_01821,dlk_tbl_00751,gob_tbl_02071,dlk_tbl_00570,gob_tbl_00035,gob_tbl_00457,dlk_ext_00088,proc_ext_00177,dash_ext_00144,dlk_ext_00247,gob_ext_00243
dlk_proceso_0016;2;dlk_tbl_00682,gob_tbl_01212;6;dlk_tbl_01164,gob_tbl_00180,dlk_tbl_01980,m4sco_ext_00286,proc_ext_00203,proc_ext_00319
gob_proceso_0017;5;dlk_tbl_01573,proc_tbl_00486,gob_tbl_02159,dlk_tbl_00492,dlk_tbl_00078;12;dlk_tbl_00341,proc_tbl_01913,m4vw_tbl_01627,dlk_tbl_01935,dlk_tbl_02121,gob_tbl_01449,gob_tbl_00661,dlk_ext_00113,dash_ext_00335,dlk_ext_00376,ppn_ext_00207,dlk_ext_00375
dash_proceso_0018;4;dlk_tbl_02139,dlk_tbl_01924,m4vw_tbl_01249,gob_tbl_01533;11;std_tbl_00469,gob_tbl_01479,dlk_tbl_00409,dlk_tbl_01417,dlk_tbl_01691,gob_tbl_00532,gob_ext_00371,gob_ext_00026,gob_ext_00241,proc_ext_00028,gob_ext_00142
dlk_proceso_0019;5;gob_tbl_00759,dlk_tbl_02045,dlk_tbl_01376,dlk_tbl_00185,proc_tbl_00073;14;gob_tbl_02030,gob_tbl_00976,dlk_tbl_00781,dlk_tbl_00266,gob_tbl_01846,gob_tbl_00170,std_tbl_02141,proc_tbl_01521,gob_ext_00073,dlk_ext_00070,gob_ext_00021,dlk_ext_00404,dlk_ext_00126,dlk_ext_00350
dlk_proceso_0020;6;dash_tbl_00223,proc_tbl_01298,std_tbl_01779,gob_tbl_00961,gob_tbl_01006,dash_tbl_00842;10;dlk_tbl_00518,proc_tbl_01363,gob_tbl_01333,dlk_tbl_00113,gob_tbl_00402,dlk_tbl_02062,dlk_ext_00159,dlk_ext_00232,dlk_ext_00271,dlk_ext_00272
gob_proceso_0021;5;dlk_tbl_00908,dlk_tbl_01135,gob_tbl_00512,gob_tbl_01096,dlk_tbl_01002;10;dlk_tbl_01206,gob_tbl_01739,dlk_tbl_00563,gob_tbl_01840,dlk_tbl_00260,dlk_tbl_00337,dlk_ext_00057,proc_ext_00022,gob_ext_00141,dash_ext_00345
dlk_proceso_0022;6;gob_tbl_00928,gob_tbl_01896,proc_tbl_00816,dlk_tbl_01645,proc_tbl_01983,dlk_tbl_00645;10;dlk_tbl_01803,gob_tbl_01192,gob_tbl_01836,gob_tbl_01149,dlk_tbl_00499,dlk_tbl_00326,dlk_ext_00083,gob_ext_00288,dlk_ext_00136,dlk_ext_00217
dlk_proceso_0023;3;dlk_tbl_02027,dlk_tbl_01624,dlk_tbl_01604;6;dlk_tbl_01526,dlk_tbl_00537,proc_tbl_01541,gob_ext_00198,gob_ext_00031,dlk_ext_00342
gob_proceso_0024;2;gob_tbl_00684,gob_tbl_00060;6;proc_tbl_01298,m4vw_tbl_01249,dlk_tbl_00405,gob_ext_00218,gob_ext_00202,dlk_ext_00181
proc_proceso_0025;6;dlk_tbl_00565,dlk_tbl_00171,gob_tbl_00147,proc_tbl_00009,dlk_tbl_01764,gob_tbl_00586;21;proc_tbl_00419,dlk_tbl_00645,m4sco_tbl_00805,gob_tbl_01658,dlk_tbl_00815,gob_tbl_02071,m4vw_tbl_01917,proc_tbl_02156,dlk_tbl_00499,gob_tbl_01220,gob_tbl_00753,dash_tbl_00105,proc_ext_00059,ppn_ext_00239,ppn_ext_00393,dlk_ext_00322,gob_ext_00241,gob_ext_00395,dlk_ext_00006,dlk_ext_00057,dlk_ext_00360
dlk_proceso_0026;6;dash_tbl_00423,dlk_tbl_00646,dlk_tbl_01757,gob_tbl_00603,proc_tbl_01556,gob_tbl_02057;13;gob_tbl_00532,proc_tbl_01650,dlk_tbl_00222,dlk_tbl_01605,gob_tbl_00300,gob_tbl_00718,dlk_tbl_01247,dlk_ext_00304,dlk_ext_00159,proc_ext_00168,proc_ext_00302,proc_ext_00326,dlk_ext_00060
gob_proceso_0027;4;dlk_tbl_00015,gob_tbl_00643,dlk_tbl_01812,std_tbl_01156;11;gob_tbl_00507,dlk_tbl_01130,dlk_tbl_00908,proc_tbl_01298,gob_tbl_02065,gob_tbl_00586,proc_ext_00015,gob_ext_00075,dlk_ext_00190,gob_ext_00061,proc_ext_00086
proc_proceso_0028;5;dlk_tbl_01184,dlk_tbl_00284,dlk_tbl_00727,proc_tbl_00846,dlk_tbl_01247;11;std_tbl_01224,dash_tbl_01057,gob_tbl_01739,dash_tbl_00076,gob_tbl_01246,dlk_tbl_01875,proc_ext_00337,proc_ext_00161,dlk_ext_00394,dlk_ext_00076,dlk_ext_00304
gob_proceso_0029;4;proc_tbl_01468,dlk_tbl_01474,proc_tbl_01568,dlk_tbl_00210;10;std_tbl_00674,gob_tbl_00245,gob_tbl_00961,dlk_tbl_01219,gob_tbl_01450,gob_tbl_02134,proc_ext_00358,dash_ext_00116,gob_ext_00378,proc_ext_00388
dlk_proceso_0030;3;gob_tbl_00822,gob_tbl_01864,gob_tbl_00944;9;proc_tbl_00650,dash_tbl_01290,gob_tbl_00249,dlk_tbl_02052,gob_tbl_00995,dlk_ext_00172,dlk_ext_00126,m4vw_ext_00347,gob_ext_00406
dlk_proceso_0031;7;proc_tbl_00955,dlk_tbl_01832,gob_tbl_01083,std_tbl_00865,m4sco_tbl_00391,dlk_tbl_01902,dlk_tbl_01227;9;dlk_tbl_00859,gob_tbl_00475,gob_tbl_00422,gob_tbl_01192,std_tbl_00231,dlk_ext_00253,gob_ext_00178,proc_ext_00385,gob_ext_00194
gob_proceso_0032;2;dlk_tbl_01026,std_tbl_00920;13;dlk_tbl_00784,proc_tbl_00376,dlk_tbl_01227,m4sco_tbl_01373,m4vw_tbl_02120,gob_tbl_02142,gob_tbl_00524,std_ext_00206,gob_ext_00077,proc_ext_00203,dlk_ext_00251,dlk_ext_00014,gob_ext_00033
gob_proceso_0033;5;proc_tbl_00168,dlk_tbl_00112,dlk_tbl_02113,gob_tbl_00504,proc_tbl_00886;14;dlk_tbl_01526,dash_tbl_01743,dash_tbl_00977,gob_tbl_01524,proc_tbl_01421,gob_tbl_00166,gob_tbl_01828,gob_tbl_01984,std_ext_00051,dlk_ext_00391,proc_ext_00102,dlk_ext_00115,gob_ext_00315,gob_ext_00316
gob_proceso_0034;2;dlk_tbl_01758,gob_tbl_00924;12;dlk_tbl_01309,m4vw_tbl_01392,gob_tbl_00300,gob_tbl_01193,gob_tbl_01025,dlk_tbl_01875,dlk_tbl_01217,dlk_ext_00083,dlk_ext_00011,dlk_ext_00376,m4vw_ext_00047,gob_ext_00312
gob_proceso_0035;3;gob_tbl_00307,gob_tbl_02031,dlk_tbl_01886;13;gob_tbl_01830,dlk_tbl_00314,gob_tbl_00633,gob_tbl_01908,gob_tbl_01932,gob_tbl_01981,dlk_tbl_00197,dlk_ext_00298,proc_ext_00359,dlk_ext_00290,ppn_ext_00383,dlk_ext_00038,dlk_ext_00376
dlk_proceso_0036;8;m4sco_tbl_01373,proc_tbl_00179,gob_tbl_00667,dlk_tbl_02025,dlk_tbl_00796,dlk_tbl_00743,dlk_tbl_02038,dlk_tbl_01677;6;dlk_tbl_00930,gob_tbl_00607,gob_tbl_01613,gob_ext_00123,dlk_ext_00374,dlk_ext_00322
dlk_proceso_0037;4;proc_tbl_01334,gob_tbl_02060,dlk_tbl_00288,gob_tbl_02012;8;dash_tbl_01018,gob_tbl_00928,dlk_tbl_01824,proc_tbl_01003,dlk_tbl_01023,m4vw_ext_00347,dlk_ext_00184,dlk_ext_00181
proc_proceso_0038;6;gob_tbl_02020,proc_tbl_00595,proc_tbl_01011,dlk_tbl_01545,gob_tbl_02155,dash_tbl_00641;8;gob_tbl_00186,dlk_tbl_01402,gob_tbl_01820,dash_tbl_02100,dlk_tbl_00441,proc_ext_00244,proc_ext_00388,proc_ext_00319
gob_proceso_0039;4;gob_tbl_01025,proc_tbl_00978,m4vw_tbl_00710,dash_tbl_02105;10;dlk_tbl_00383,gob_tbl_00407,gob_tbl_00170,dlk_tbl_00824,gob_tbl_00464,proc_tbl_00386,proc_ext_00166,gob_ext_00252,dash_ext_00144,dlk_ext_00264
dlk_proceso_0040;5;gob_tbl_02091,proc_tbl_01885,gob_tbl_02095,dlk_tbl_00320,dlk_tbl_00403;12;gob_tbl_02124,dlk_tbl_00001,proc_tbl_00470,gob_tbl_00586,m4sco_tbl_00242,gob_tbl_00758,dlk_tbl_00960,dash_ext_00223,proc_ext_00145,dlk_ext_00370,ppn_ext_00393,gob_ext_00098
dash_proceso_0041;5;dash_tbl_02093,proc_tbl_01071,dlk_tbl_01745,dlk_tbl_01086,gob_tbl_01073;17;dash_tbl_01057,m4sco_tbl_01780,dlk_tbl_01034,gob_tbl_00793,gob_tbl_01140,proc_tbl_00571,gob_tbl_02065,gob_tbl_01408,dlk_tbl_01143,std_tbl_01871,proc_ext_00145,proc_ext_00203,dlk_ext_00052,dlk_ext_00011,proc_ext_00344,proc_ext_00166,dlk_ext_00228
gob_proceso_0042;5;gob_tbl_00479,gob_tbl_00916,proc_tbl_01792,gob_tbl_01307,gob_tbl_00932;14;dlk_tbl_00401,dash_tbl_00354,dlk_tbl_01360,dlk_tbl_00943,dlk_tbl_00867,proc_tbl_00318,gob_tbl_00248,dlk_tbl_02009,proc_ext_00373,gob_ext_00407,gob_ext_00042,std_ext_00230,m4sco_ext_00157,gob_ext_00122
proc_proceso_0043;6;gob_tbl_01218,dash_tbl_00600,dlk_tbl_00384,gob_tbl_00136,gob_tbl_00236,proc_tbl_01654;10;proc_tbl_01936,dash_tbl_00503,proc_tbl_00952,dlk_tbl_00697,proc_tbl_00473,gob_tbl_00100,dlk_ext_00360,proc_ext_00326,proc_ext_00321,dlk_ext_00105
dlk_proceso_0044;3;dlk_tbl_00142,gob_tbl_00607,proc_tbl_01620;14;gob_tbl_01064,gob_tbl_01488,gob_tbl_02047,m4vw_tbl_01032,dlk_tbl_00193,gob_tbl_00608,proc_tbl_02066,gob_tbl_01480,gob_ext_00365,dlk_ext_00217,dlk_ext_00126,dlk_ext_00298,proc_ext_00132,gob_ext_00199
gob_proceso_0045;4;dash_tbl_01178,dlk_tbl_00923,dlk_tbl_00720,m4sco_tbl_01597;10;dlk_tbl_00499,proc_tbl_01494,dlk_tbl_00051,dlk_tbl_00491,dash_tbl_00561,ppn_tbl_00680,proc_ext_00099,gob_ext_00169,m4sco_ext_00219,gob_ext_00141
dlk_proceso_0046;4;gob_tbl_01717,gob_tbl_01148,std_tbl_00979,dlk_tbl_01551;8;gob_tbl_01076,std_tbl_01370,dlk_tbl_01651,gob_tbl_01236,dash_tbl_00487,proc_ext_00388,dlk_ext_00376,gob_ext_00301
gob_proceso_0047;5;gob_tbl_00965,dlk_tbl_00070,dlk_tbl_01610,gob_tbl_00689,dlk_tbl_00255;12;gob_tbl_01031,dash_tbl_02100,proc_tbl_00869,dlk_tbl_01256,gob_tbl_02160,gob_tbl_00128,proc_tbl_00789,dlk_ext_00060,proc_ext_00313,gob_ext_00020,dlk_ext_00014,gob_ext_00147
dash_proceso_0048;2;gob_tbl_02051,gob_tbl_01075;12;proc_tbl_02149,gob_tbl_01397,dash_tbl_01131,gob_tbl_01794,dlk_tbl_01651,dlk_tbl_01217,proc_tbl_01154,proc_ext_00346,dlk_ext_00068,gob_ext_00149,proc_ext_00352,m4vw_ext_00347
dlk_proceso_0049;4;m4sco_tbl_01305,dlk_tbl_01784,gob_tbl_01120,gob_tbl_00605;10;dlk_tbl_00997,dash_tbl_00597,m4vw_tbl_01577,gob_tbl_00267,gob_tbl_00707,dash_tbl_00357,dlk_ext_00137,dlk_ext_00331,m4vw_ext_00263,gob_ext_00077
gob_proceso_0050;4;gob_tbl_00230,dash_tbl_00921,m4sco_tbl_01780,gob_tbl_00894;7;dlk_tbl_00644,dlk_tbl_02099,gob_tbl_02133,gob_tbl_01570,dlk_ext_00113,dlk_ext_00376,gob_ext_00007
proc_proceso_0051;5;std_tbl_01495,gob_tbl_01769,proc_tbl_01961,std_tbl_01133,proc_tbl_00452;13;dlk_tbl_00815,gob_tbl_02160,m4sco_tbl_01373,dlk_tbl_02139,gob_tbl_00133,gob_tbl_00916,dlk_tbl_02101,proc_ext_00344,gob_ext_00406,proc_ext_00177,dlk_ext_00118,gob_ext_00085,dlk_ext_00115
dlk_proceso_0052;6;dlk_tbl_00501,dlk_tbl_01722,dlk_tbl_01097,dlk_tbl_00365,dlk_tbl_00426,gob_tbl_00249;6;gob_tbl_00916,gob_tbl_00300,gob_tbl_01208,m4sco_ext_00286,gob_ext_00235,dlk_ext_00221
gob_proceso_0053;2;dlk_tbl_00515,dlk_tbl_00889;6;dlk_tbl_00341,gob_tbl_00994,dlk_tbl_01691,dlk_ext_00376,gob_ext_00142,dash_ext_00144
dash_proceso_0054;6;dlk_tbl_01385,proc_tbl_01416,dlk_tbl_00752,gob_tbl_00976,dash_tbl_01318,dlk_tbl_00421;10;gob_tbl_01794,gob_tbl_00737,gob_tbl_00551,proc_tbl_01983,gob_tbl_00748,gob_tbl_01058,dlk_ext_00224,gob_ext_00268,dlk_ext_00348,proc_ext_00388
gob_proceso_0055;8;dlk_tbl_01634,gob_tbl_00573,dash_tbl_00957,gob_tbl_01589,dash_tbl_00462,dlk_tbl_01605,dlk_tbl_01207,dlk_tbl_01827;24;gob_tbl_00652,proc_tbl_01171,dlk_tbl_01824,dash_tbl_00182,dash_tbl_00956,proc_tbl_02035,proc_tbl_02125,dlk_tbl_00590,dlk_tbl_01293,gob_tbl_01533,dlk_tbl_00769,dlk_tbl_01360,gob_tbl_01859,gob_tbl_00053,gob_ext_00299,dlk_ext_00068,gob_ext_00340,gob_ext_00019,gob_ext_00240,dlk_ext_00111,proc_ext_00320,dlk_ext_00006,gob_ext_00243,dlk_ext_00324
gob_proceso_0056;5;proc_tbl_00022,dlk_tbl_00225,dlk_tbl_02152,gob_tbl_01800,gob_tbl_01575;9;gob_tbl_01265,dlk_tbl_01088,std_tbl_00829,dlk_tbl_02023,gob_tbl_01488,gob_ext_00252,gob_ext_00026,gob_ext_00141,gob_ext_00042
dlk_proceso_0057;5;gob_tbl_02005,dash_tbl_01884,dlk_tbl_01734,std_tbl_02084,dlk_tbl_01069;10;gob_tbl_00608,dash_tbl_00547,dlk_tbl_01526,gob_tbl_01986,dlk_tbl_01325,dlk_tbl_00796,proc_ext_00102,gob_ext_00021,gob_ext_00009,gob_ext_00372
dlk_proceso_0058;5;gob_tbl_00701,dash_tbl_01667,gob_tbl_02077,gob_tbl_00174,gob_tbl_00333;7;dlk_tbl_01999,dash_tbl_01476,gob_tbl_02124,dlk_tbl_01223,m4vw_ext_00047,proc_ext_00380,dlk_ext_00014
dlk_proceso_0059;8;dlk_tbl_00329,dlk_tbl_01470,gob_tbl_01039,dlk_tbl_01325,proc_tbl_01423,dlk_tbl_01369,gob_tbl_01925,gob_tbl_00774;7;gob_tbl_00229,proc_tbl_00419,dlk_tbl_00323,gob_tbl_02003,proc_ext_00015,dlk_ext_00403,gob_ext_00378
dash_proceso_0060;3;dlk_tbl_00542,proc_tbl_01915,dlk_tbl_00776;12;dlk_tbl_00266,dlk_tbl_01954,dlk_tbl_00309,gob_tbl_00580,gob_tbl_01479,proc_tbl_01730,gob_tbl_02076,dlk_ext_00308,dlk_ext_00129,dlk_ext_00010,gob_ext_00243,gob_ext_00387
dlk_proceso_0061;2;proc_tbl_01921,proc_tbl_00191;10;dash_tbl_01020,dlk_tbl_00644,gob_tbl_00342,proc_tbl_02086,proc_tbl_00594,gob_tbl_01479,dlk_ext_00052,dash_ext_00191,proc_ext_00321,gob_ext_00036
proc_proceso_0062;6;gob_tbl_00654,dlk_tbl_02098,m4sco_tbl_00126,proc_tbl_01878,dash_tbl_00787,gob_tbl_01389;6;gob_tbl_01094,gob_tbl_01549,gob_tbl_02071,dash_ext_00345,gob_ext_00178,gob_ext_00356
dlk_proceso_0063;3;dash_tbl_00340,gob_tbl_01266,dash_tbl_00182;9;dlk_tbl_00984,gob_tbl_00898,gob_tbl_01979,dlk_tbl_00939,proc_tbl_00366,dlk_ext_00217,gob_ext_00254,dlk_ext_00213,dlk_ext_00382
gob_proceso_0064;3;dlk_tbl_00134,gob_tbl_02115,gob_tbl_00725;11;proc_tbl_00955,std_tbl_00440,gob_tbl_00910,dlk_tbl_00362,dlk_tbl_00815,dash_tbl_01884,gob_ext_00402,dlk_ext_00279,proc_ext_00309,dlk_ext_00025,dlk_ext_00324
gob_proceso_0065;5;gob_tbl_00117,gob_tbl_01771,dlk_tbl_01292,gob_tbl_01117,dlk_tbl_00155;11;dlk_tbl_00627,gob_tbl_00786,dlk_tbl_00362,proc_tbl_01003,gob_tbl_01158,gob_tbl_00722,proc_ext_00177,dlk_ext_00193,m4sco_ext_00004,gob_ext_00268,dlk_ext_00350
gob_proceso_0066;6;gob_tbl_01365,dlk_tbl_01297,dlk_tbl_01417,gob_tbl_00722,gob_tbl_02134,dlk_tbl_00500;15;dlk_tbl_00383,gob_tbl_01031,proc_tbl_01472,gob_tbl_00777,gob_tbl_01927,proc_tbl_01317,proc_tbl_00055,proc_tbl_00318,dlk_tbl_01081,proc_ext_00326,gob_ext_00369,dlk_ext_00105,gob_ext_00208,proc_ext_00388,dlk_ext_00277
dash_proceso_0067;4;std_tbl_01302,gob_tbl_01749,proc_tbl_02029,proc_tbl_01712;7;dlk_tbl_01402,dlk_tbl_00682,gob_tbl_02060,ppn_tbl_00427,std_ext_00125,dash_ext_00144,dlk_ext_00037
dlk_proceso_0068;5;dlk_tbl_02068,dlk_tbl_00120,gob_tbl_00267,dlk_tbl_02101,dlk_tbl_00775;7;gob_tbl_00588,dlk_tbl_00630,gob_tbl_01489,dash_tbl_00830,gob_ext_00235,dlk_ext_00281,m4sco_ext_00157
proc_proceso_0069;4;gob_tbl_01176,dash_tbl_00039,dlk_tbl_01785,gob_tbl_01535;7;dlk_tbl_01511,m4sco_tbl_00391,std_tbl_00674,dlk_tbl_00781,dash_ext_00144,proc_ext_00017,dlk_ext_00113
dlk_proceso_0070;4;dlk_tbl_01732,dlk_tbl_01277,dlk_tbl_01091,gob_tbl_00232;4;proc_tbl_01687,gob_tbl_01310,dlk_ext_00348,gob_ext_00208
dash_proceso_0071;4;dlk_tbl_00795,gob_tbl_02131,gob_tbl_00604,gob_tbl_01774;12;dlk_tbl_01606,dlk_tbl_01355,proc_tbl_00149,gob_tbl_01354,proc_tbl_01306,gob_tbl_00698,dlk_tbl_02154,proc_ext_00114,proc_ext_00166,gob_ext_00178,gob_ext_00369,gob_ext_00147
dlk_proceso_0072;5;gob_tbl_01524,gob_tbl_00798,dlk_tbl_01606,dlk_tbl_01138,dlk_tbl_01254;7;dlk_tbl_01722,gob_tbl_01603,proc_tbl_00658,gob_tbl_01488,dlk_ext_00010,m4vw_ext_00188,dlk_ext_00231
gob_proceso_0073;4;dlk_tbl_01676,dlk_tbl_01798,dlk_tbl_00213,dash_tbl_01268;13;gob_tbl_02059,proc_tbl_00695,gob_tbl_00445,dlk_tbl_01977,proc_tbl_00799,gob_tbl_00922,dlk_tbl_01245,gob_ext_00252,dlk_ext_00391,dlk_ext_00076,proc_ext_00362,gob_ext_00356,gob_ext_00127
proc_proceso_0074;5;gob_tbl_01367,dlk_tbl_01949,dlk_tbl_01113,dlk_tbl_01485,gob_tbl_01981;11;dash_tbl_00806,gob_tbl_01212,dlk_tbl_00779,gob_tbl_02147,dlk_tbl_01561,gob_tbl_00276,dlk_ext_00126,proc_ext_00099,gob_ext_00297,dlk_ext_00060,dash_ext_00187
gob_proceso_0075;3;gob_tbl_01928,dash_tbl_00061,gob_tbl_00511;12;gob_tbl_01022,dlk_tbl_00102,ppn_tbl_01061,dlk_tbl_01718,proc_tbl_02061,dlk_tbl_02109,gob_tbl_00192,dash_ext_00200,gob_ext_00141,gob_ext_00226,gob_ext_00162,proc_ext_00344
gob_proceso_0076;4;dlk_tbl_00801,dlk_tbl_00984,std_tbl_01229,gob_tbl_00151;10;gob_tbl_00543,proc_tbl_01576,dlk_tbl_01401,gob_tbl_00000,dlk_tbl_01572,gob_tbl_01497,dash_ext_00291,dlk_ext_00011,dlk_ext_00262,dlk_ext_00251
gob_proceso_0077;5;m4sco_tbl_00062,dlk_tbl_01615,dlk_tbl_01368,proc_tbl_01591,dlk_tbl_01783;8;dlk_tbl_01402,proc_tbl_00583,dash_tbl_01018,dlk_tbl_00669,gob_tbl_01025,proc_ext_00311,proc_ext_00001,dlk_ext_00084
dlk_proceso_0078;2;dlk_tbl_01394,proc_tbl_02035;9;dlk_tbl_00590,dlk_tbl_02072,dash_tbl_00089,dash_tbl_00901,proc_tbl_01983,proc_ext_00028,gob_ext_00026,proc_ext_00244,dash_ext_00049
dash_proceso_0079;4;gob_tbl_02114,proc_tbl_00054,dlk_tbl_01358,proc_tbl_00416;6;gob_tbl_02131,dlk_tbl_00453,gob_tbl_01794,dlk_ext_00279,gob_ext_00371,dlk_ext_00136
gob_proceso_0080;6;gob_tbl_00662,gob_tbl_01188,std_tbl_01918,dlk_tbl_00756,dlk_tbl_01823,dlk_tbl_01203;10;dlk_tbl_00458,dlk_tbl_02135,gob_tbl_00605,dlk_tbl_02121,dlk_tbl_01722,dlk_tbl_01215,gob_ext_00406,proc_ext_00132,gob_ext_00194,gob_ext_00361
gob_proceso_0081;5;proc_tbl_01869,gob_tbl_00652,gob_tbl_01440,proc_tbl_00080,dlk_tbl_01428;4;gob_tbl_01914,gob_tbl_00922,proc_ext_00099,gob_ext_00351
proc_proceso_0082;4;gob_tbl_00712,std_tbl_00734,m4vw_tbl_02017,dlk_tbl_00335;7;dash_tbl_00105,gob_tbl_00212,gob_tbl_00045,gob_tbl_00468,dlk_ext_00404,gob_ext_00369,m4vw_ext_00047
dlk_proceso_0083;6;proc_tbl_02125,dlk_tbl_00730,m4sco_tbl_00809,gob_tbl_01652,dlk_tbl_00520,proc_tbl_00947;11;dlk_tbl_01677,proc_tbl_01544,gob_tbl_01794,proc_tbl_00318,dlk_tbl_01785,proc_tbl_01003,dlk_ext_00283,proc_ext_00054,gob_ext_00226,gob_ext_00268,gob_ext_00295
dlk_proceso_0084;5;gob_tbl_01920,gob_tbl_01454,dlk_tbl_01562,dash_tbl_00487,gob_tbl_01479;12;dlk_tbl_01709,gob_tbl_01837,proc_tbl_01134,proc_tbl_00903,gob_tbl_00798,proc_tbl_01521,gob_tbl_01959,dlk_ext_00256,dlk_ext_00234,gob_ext_00138,gob_ext_00258,gob_ext_00268
proc_proceso_0085;3;dlk_tbl_00352,proc_tbl_01567,dlk_tbl_01007;13;dlk_tbl_00682,gob_tbl_01451,dash_tbl_01892,dlk_tbl_02027,std_tbl_01641,gob_tbl_00233,dlk_tbl_00309,dlk_ext_00290,proc_ext_00307,gob_ext_00081,gob_ext_00077,proc_ext_00302,gob_ext_00149
dlk_proceso_0086;3;dlk_tbl_01215,proc_tbl_02158,dlk_tbl_00324;9;std_tbl_01501,gob_tbl_00916,gob_tbl_01781,proc_tbl_00386,proc_tbl_01936,gob_ext_00152,gob_ext_00117,gob_ext_00039,gob_ext_00410
dlk_proceso_0087;5;proc_tbl_00328,dlk_tbl_01994,dash_tbl_01339,gob_tbl_01379,dlk_tbl_02040;16;dlk_tbl_01785,gob_tbl_01188,dlk_tbl_00927,dlk_tbl_00408,dash_tbl_00957,dlk_tbl_00331,gob_tbl_01105,gob_tbl_01014,dlk_tbl_01847,gob_ext_00278,std_ext_00409,proc_ext_00381,dlk_ext_00217,gob_ext_00154,proc_ext_00114,gob_ext_00387
proc_proceso_0088;3;gob_tbl_00385,gob_tbl_00900,dlk_tbl_00892;12;gob_tbl_01632,gob_tbl_00030,gob_tbl_00325,gob_tbl_01704,gob_tbl_01828,std_tbl_00734,dlk_tbl_00499,dash_ext_00259,m4sco_ext_00004,m4sco_ext_00157,dlk_ext_00397,dlk_ext_00096
gob_proceso_0089;7;std_tbl_02103,proc_tbl_01090,proc_tbl_02069,dash_tbl_00178,gob_tbl_01860,dlk_tbl_00706,dash_tbl_01170;1;dlk_tbl_00672
dash_proceso_0090;4;std_tbl_00814,std_tbl_01853,gob_tbl_00623,ppn_tbl_00680;9;dlk_tbl_01547,proc_tbl_00653,dlk_tbl_01980,proc_tbl_00658,gob_tbl_00747,dlk_ext_00250,proc_ext_00114,proc_ext_00145,proc_ext_00015
gob_proceso_0091;4;std_tbl_00172,m4vw_tbl_02074,proc_tbl_00221,gob_tbl_01161;7;proc_tbl_01003,gob_tbl_00998,gob_tbl_00555,dlk_tbl_01876,dlk_ext_00092,gob_ext_00148,dlk_ext_00277
gob_proceso_0092;6;dlk_tbl_00837,dash_tbl_02075,gob_tbl_00233,dlk_tbl_01484,dlk_tbl_00717,dlk_tbl_02088;4;dlk_tbl_00284,proc_tbl_01452,dlk_ext_00105,gob_ext_00021
dlk_proceso_0093;7;dlk_tbl_01151,m4sco_tbl_01733,gob_tbl_01590,dash_tbl_01340,proc_tbl_00220,dlk_tbl_01629,dash_tbl_02100;15;dlk_tbl_00070,gob_tbl_00081,gob_tbl_01776,proc_tbl_02042,gob_tbl_00190,gob_tbl_01781,dlk_tbl_01446,m4vw_tbl_01940,gob_tbl_00532,dlk_ext_00253,dlk_ext_00247,proc_ext_00086,proc_ext_00099,gob_ext_00339,m4vw_ext_00263
dlk_proceso_0094;4;proc_tbl_01544,dash_tbl_01822,dlk_tbl_01707,proc_tbl_00114;3;gob_tbl_00589,std_tbl_02084,dlk_ext_00382
dlk_proceso_0095;5;proc_tbl_00554,dlk_tbl_00508,gob_tbl_00028,gob_tbl_01243,gob_tbl_00985;12;dlk_tbl_00576,dash_tbl_01320,dlk_tbl_02034,dlk_tbl_01273,dlk_tbl_00627,gob_tbl_01859,gob_tbl_01566,gob_ext_00071,dlk_ext_00360,gob_ext_00363,dlk_ext_00040,proc_ext_00309
dlk_proceso_0096;4;proc_tbl_01045,gob_tbl_00087,gob_tbl_01235,std_tbl_00829;7;dlk_tbl_00757,gob_tbl_01155,gob_tbl_00536,dash_tbl_00967,gob_ext_00119,gob_ext_00258,proc_ext_00326
proc_proceso_0097;5;dash_tbl_00541,ppn_tbl_01503,gob_tbl_01080,gob_tbl_01897,dlk_tbl_02062;15;gob_tbl_01589,gob_tbl_02071,m4vw_tbl_02151,dlk_tbl_02038,dlk_tbl_00582,m4vw_tbl_01032,dlk_tbl_00882,proc_tbl_01416,proc_tbl_01068,gob_ext_00026,dlk_ext_00232,proc_ext_00029,gob_ext_00338,dlk_ext_00092,dlk_ext_00113
proc_proceso_0098;6;dlk_tbl_00950,gob_tbl_01172,dlk_tbl_01655,proc_tbl_01756,dlk_tbl_00483,proc_tbl_01238;12;dlk_tbl_00309,gob_tbl_01998,dash_tbl_01536,dlk_tbl_01691,dlk_tbl_01929,gob_tbl_01934,dash_tbl_00641,dash_ext_00223,proc_ext_00326,gob_ext_00208,dlk_ext_00285,proc_ext_00015
dlk_proceso_0099;5;gob_tbl_00363,proc_tbl_01517,gob_tbl_01126,dlk_tbl_00167,gob_tbl_01571;8;gob_tbl_01006,dlk_tbl_01841,gob_tbl_01096,gob_tbl_00883,gob_tbl_00463,proc_ext_00306,dlk_ext_00079,gob_ext_00339
dlk_proceso_0100;2;gob_tbl_00367,dlk_tbl_01790;12;dlk_tbl_01254,dlk_tbl_00001,gob_tbl_00969,m4sco_tbl_01305,dlk_tbl_00010,dlk_tbl_00570,gob_tbl_00786,gob_ext_00021,ppn_ext_00239,dlk_ext_00342,gob_ext_00208,dlk_ext_00404
proc_proceso_0101;3;dlk_tbl_01013,dlk_tbl_01542,std_tbl_01501;9;dlk_tbl_00193,gob_tbl_01531,gob_tbl_00040,dlk_tbl_01529,proc_tbl_00888,dlk_ext_00325,dlk_ext_00350,dlk_ext_00354,proc_ext_00306
dash_proceso_0102;2;dlk_tbl_00525,dlk_tbl_02019;5;dlk_tbl_00048,gob_tbl_01253,proc_tbl_00955,dlk_ext_00298,dlk_ext_00236
dlk_proceso_0103;4;dlk_tbl_00499,proc_tbl_01730,gob_tbl_00379,gob_tbl_00817;10;dlk_tbl_00219,dlk_tbl_01030,proc_tbl_01946,gob_tbl_00397,dlk_tbl_01414,gob_tbl_01193,m4sco_ext_00265,dash_ext_00131,gob_ext_00199,gob_ext_00295
gob_proceso_0104;6;dlk_tbl_00906,gob_tbl_00611,ppn_tbl_00351,dlk_tbl_01988,proc_tbl_01550,gob_tbl_00758;6;dlk_tbl_01245,dlk_tbl_01629,dlk_tbl_02140,ppn_ext_00239,proc_ext_00326,gob_ext_00389
gob_proceso_0105;3;dash_tbl_01546,gob_tbl_00832,proc_tbl_01972;11;gob_tbl_01543,dlk_tbl_00019,dlk_tbl_01295,dlk_tbl_01286,gob_tbl_00459,ppn_tbl_00427,proc_ext_00166,proc_ext_00099,proc_ext_00029,gob_ext_00356,proc_ext_00359
gob_proceso_0106;5;dash_tbl_00095,gob_tbl_01530,dlk_tbl_02140,dlk_tbl_01234,dlk_tbl_01442;14;proc_tbl_00677,dash_tbl_00641,gob_tbl_00190,dlk_tbl_01401,dash_tbl_01131,gob_tbl_00030,dash_tbl_01976,dlk_tbl_02052,dlk_ext_00271,gob_ext_00363,dlk_ext_00391,dlk_ext_00068,gob_ext_00215,ppn_ext_00393
gob_proceso_0107;3;dash_tbl_00830,proc_tbl_01035,proc_tbl_01121;9;dlk_tbl_01969,proc_tbl_01322,gob_tbl_00241,dlk_tbl_00815,proc_tbl_01569,proc_ext_00166,proc_ext_00319,m4sco_ext_00004,dlk_ext_00328
gob_proceso_0108;2;gob_tbl_01646,dlk_tbl_00491;12;dlk_tbl_01496,dlk_tbl_00501,gob_tbl_01120,proc_tbl_01568,proc_tbl_00318,gob_tbl_00180,gob_tbl_02033,dlk_ext_00323,gob_ext_00094,dlk_ext_00308,gob_ext_00198,gob_ext_00269
dlk_proceso_0109;5;proc_tbl_01271,dlk_tbl_00260,gob_tbl_01409,gob_tbl_00507,dlk_tbl_00107;8;m4sco_tbl_00303,dash_tbl_01507,proc_tbl_00244,gob_tbl_00981,dlk_tbl_02122,dash_ext_00171,proc_ext_00380,proc_ext_00028
gob_proceso_0110;3;gob_tbl_02148,proc_tbl_01024,gob_tbl_02048;12;dlk_tbl_01817,dash_tbl_00676,gob_tbl_00759,gob_tbl_01805,gob_tbl_01665,dlk_tbl_00198,gob_tbl_01964,proc_ext_00320,proc_ext_00160,dlk_ext_00271,dlk_ext_00002,gob_ext_00268
gob_proceso_0111;7;gob_tbl_01938,gob_tbl_00348,dlk_tbl_00582,proc_tbl_02143,dlk_tbl_00154,dlk_tbl_01887,proc_tbl_01445;9;gob_tbl_00549,gob_tbl_00555,gob_tbl_01365,gob_tbl_01450,dlk_tbl_02138,dash_ext_00335,gob_ext_00214,proc_ext_00099,dlk_ext_00213
dlk_proceso_0112;6;gob_tbl_00190,dlk_tbl_01647,proc_tbl_01768,gob_tbl_01352,gob_tbl_01191,dlk_tbl_00405;4;proc_tbl_01550,gob_tbl_02047,dlk_ext_00002,gob_ext_00198
dash_proceso_0113;2;gob_tbl_01661,proc_tbl_01419;7;dash_tbl_00951,gob_tbl_02147,gob_tbl_01859,proc_tbl_01452,dlk_ext_00391,dlk_ext_00394,gob_ext_00031
dlk_proceso_0114;3;gob_tbl_00898,dash_tbl_01953,proc_tbl_00160;10;dash_tbl_00901,dlk_tbl_00405,dlk_tbl_01854,proc_tbl_01114,proc_tbl_01363,dlk_tbl_02140,gob_ext_00205,dlk_ext_00247,gob_ext_00109,gob_ext_00371
dlk_proceso_0115;2;dlk_tbl_01817,gob_tbl_01449;7;gob_tbl_01196,dlk_tbl_00433,gob_tbl_01836,gob_tbl_00591,dlk_ext_00060,dash_ext_00259,proc_ext_00309
dash_proceso_0116;5;dlk_tbl_00433,dlk_tbl_00446,gob_tbl_00768,gob_tbl_00494,dash_tbl_01180;7;m4vw_tbl_00635,gob_tbl_01443,gob_tbl_01549,gob_tbl_00300,gob_ext_00198,dlk_ext_00133,ppn_ext_00393
gob_proceso_0117;4;dash_tbl_01903,proc_tbl_00450,proc_tbl_01720,gob_tbl_02047;4;gob_tbl_00900,gob_tbl_01584,dlk_ext_00325,dlk_ext_00394
dlk_proceso_0118;5;dlk_tbl_00033,dash_tbl_01806,m4sco_tbl_02081,m4sco_tbl_00909,gob_tbl_01124;10;dlk_tbl_00948,dlk_tbl_01425,gob_tbl_00066,dlk_tbl_01980,dlk_tbl_00059,gob_tbl_00286,proc_ext_00358,gob_ext_00215,dlk_ext_00290,dlk_ext_00379
dlk_proceso_0119;5;dlk_tbl_00310,proc_tbl_00519,dlk_tbl_01699,dlk_tbl_00927,dash_tbl_00184;7;dlk_tbl_00163,gob_tbl_02030,dlk_tbl_00574,gob_tbl_00928,gob_ext_00336,proc_ext_00358,dlk_ext_00140
dlk_proceso_0120;7;dlk_tbl_00913,std_tbl_02103,gob_tbl_00994,dlk_tbl_02122,dlk_tbl_01622,dash_tbl_00547,dlk_tbl_01360;6;proc_tbl_01681,dlk_tbl_01292,gob_tbl_01852,m4vw_ext_00188,gob_ext_00021,dlk_ext_00038
proc_proceso_0121;3;dlk_tbl_01245,dlk_tbl_01672,gob_tbl_01543;7;m4vw_tbl_00635,proc_tbl_00885,dlk_tbl_01215,dlk_tbl_01725,dash_ext_00116,dlk_ext_00212,gob_ext_00008
gob_proceso_0122;6;m4vw_tbl_01032,gob_tbl_00589,dlk_tbl_01030,dlk_tbl_00697,dlk_tbl_00408,gob_tbl_01387;21;gob_tbl_00463,dlk_tbl_02072,m4vw_tbl_01426,gob_tbl_00633,dlk_tbl_00281,gob_tbl_00959,dlk_tbl_01019,gob_tbl_01341,proc_tbl_01737,proc_tbl_01730,dlk_tbl_00314,dlk_tbl_00365,dlk_ext_00323,proc_ext_00337,gob_ext_00150,dlk_ext_00159,gob_ext_00254,gob_ext_00097,gob_ext_00202,dlk_ext_00066,std_ext_00125
gob_proceso_0123;6;gob_tbl_00552,gob_tbl_01819,gob_tbl_02003,gob_tbl_01149,dlk_tbl_01870,gob_tbl_01584;10;dlk_tbl_01481,dlk_tbl_01295,proc_tbl_01596,gob_tbl_00461,dlk_tbl_01017,dlk_tbl_00974,dlk_ext_00404,dlk_ext_00367,m4sco_ext_00157,gob_ext_00122
dlk_proceso_0124;6;std_tbl_00481,dlk_tbl_01765,dlk_tbl_01808,dash_tbl_00304,dlk_tbl_00263,proc_tbl_01705;10;gob_tbl_02000,gob_tbl_00444,gob_tbl_02051,dlk_tbl_00116,gob_tbl_00317,gob_tbl_01776,proc_ext_00102,gob_ext_00033,gob_ext_00301,gob_ext_00273
gob_proceso_0125;4;gob_tbl_00534,gob_tbl_01391,dlk_tbl_00760,dlk_tbl_00197;14;gob_tbl_01927,dlk_tbl_00599,gob_tbl_00230,dlk_tbl_00390,proc_tbl_00374,dlk_tbl_01414,dlk_tbl_00984,std_tbl_01370,proc_ext_00300,dlk_ext_00084,gob_ext_00295,gob_ext_00284,dlk_ext_00068,gob_ext_00336
gob_proceso_0126;4;gob_tbl_00035,proc_tbl_01650,gob_tbl_00937,gob_tbl_00245;8;std_tbl_00734,dlk_tbl_01814,gob_tbl_00122,dlk_tbl_01435,dlk_tbl_02099,dlk_ext_00124,gob_ext_00147,gob_ext_00021
dlk_proceso_0127;7;dlk_tbl_01916,dlk_tbl_01592,gob_tbl_00393,gob_tbl_00549,dlk_tbl_00056,dlk_tbl_01662,dlk_tbl_01077;15;gob_tbl_01346,dlk_tbl_00265,gob_tbl_00652,proc_tbl_00875,gob_tbl_00959,gob_tbl_00811,gob_tbl_00108,gob_tbl_00965,dash_tbl_02089,proc_ext_00352,dash_ext_00333,proc_ext_00054,gob_ext_00235,dlk_ext_00044,gob_ext_00406
dlk_proceso_0128;2;dash_tbl_01536,proc_tbl_01336;13;dlk_tbl_01184,std_tbl_00203,proc_tbl_00361,gob_tbl_00000,gob_tbl_02155,gob_tbl_02003,dlk_tbl_01092,dash_ext_00200,dlk_ext_00350,gob_ext_00363,proc_ext_00067,gob_ext_00098,dlk_ext_00070
dlk_proceso_0129;4;dlk_tbl_00610,dlk_tbl_00630,gob_tbl_01362,dlk_tbl_00660;7;gob_tbl_00264,gob_tbl_00558,dash_tbl_01473,gob_tbl_00702,gob_ext_00215,gob_ext_00318,proc_ext_00309
proc_proceso_0130;3;dash_tbl_00251,dash_tbl_01868,dash_tbl_00745;7;dlk_tbl_01338,gob_tbl_00808,dlk_tbl_00769,proc_tbl_01298,gob_ext_00147,dlk_ext_00184,proc_ext_00102
dlk_proceso_0131;4;gob_tbl_00025,gob_tbl_01076,gob_tbl_00404,gob_tbl_01515;10;m4vw_tbl_01249,dlk_tbl_00775,gob_tbl_01453,std_tbl_01302,dlk_tbl_01525,proc_tbl_01157,proc_ext_00102,dlk_ext_00105,proc_ext_00311,gob_ext_00007
dlk_proceso_0132;6;proc_tbl_01363,dlk_tbl_00651,dlk_tbl_01257,dash_tbl_02089,dlk_tbl_00069,dash_tbl_00933;13;dlk_tbl_00428,proc_tbl_00080,dlk_tbl_01215,proc_tbl_01214,dlk_tbl_01291,gob_tbl_01767,dlk_tbl_01147,gob_ext_00094,dlk_ext_00092,dlk_ext_00323,gob_ext_00218,gob_ext_00301,gob_ext_00062
dlk_proceso_0133;6;dlk_tbl_01104,proc_tbl_01374,proc_tbl_01674,gob_tbl_00218,gob_tbl_02124,std_tbl_01370;4;dlk_tbl_00051,dlk_tbl_01818,gob_ext_00141,proc_ext_00311
dlk_proceso_0134;6;gob_tbl_01849,proc_tbl_02126,gob_tbl_01643,gob_tbl_00274,gob_tbl_00793,gob_tbl_00176;8;dlk_tbl_01647,proc_tbl_00616,gob_tbl_01115,gob_tbl_02160,gob_tbl_01352,dlk_ext_00115,gob_ext_00109,dlk_ext_00323
dash_proceso_0135;3;dlk_tbl_00012,m4sco_tbl_02079,dlk_tbl_01166;12;dlk_tbl_00628,dash_tbl_00399,std_tbl_01727,gob_tbl_00922,dlk_tbl_00051,dlk_tbl_02028,dlk_tbl_01205,dlk_ext_00396,dlk_ext_00293,gob_ext_00299,proc_ext_00307,gob_ext_00008
dlk_proceso_0136;5;proc_tbl_01626,gob_tbl_00118,dlk_tbl_01462,proc_tbl_00849,gob_tbl_02055;5;gob_tbl_01922,dlk_tbl_00720,gob_tbl_01753,dash_ext_00191,gob_ext_00141
dlk_proceso_0137;6;dlk_tbl_01505,gob_tbl_01200,dlk_tbl_00234,dash_tbl_00346,gob_tbl_00377,dlk_tbl_00098;10;gob_tbl_00353,dlk_tbl_00717,dlk_tbl_01605,gob_tbl_00774,gob_tbl_01781,dash_tbl_01848,proc_ext_00145,proc_ext_00102,dlk_ext_00140,dlk_ext_00096
proc_proceso_0138;8;dlk_tbl_01854,dlk_tbl_01841,proc_tbl_01911,gob_tbl_02039,dlk_tbl_01205,dash_tbl_00838,dlk_tbl_01162,dlk_tbl_00109;24;std_tbl_01641,dlk_tbl_01866,dash_tbl_00986,proc_tbl_01322,gob_tbl_01735,dlk_tbl_00084,dlk_tbl_00730,dlk_tbl_01325,proc_tbl_01345,dlk_tbl_01555,proc_tbl_01946,dlk_tbl_00930,proc_tbl_01298,gob_tbl_01717,gob_ext_00371,dlk_ext_00253,gob_ext_00301,gob_ext_00007,dlk_ext_00037,std_ext_00125,dlk_ext_00044,gob_ext_00027,dlk_ext_00231,ppn_ext_00393
proc_proceso_0139;3;gob_tbl_01632,proc_tbl_01514,dash_tbl_00503;9;dash_tbl_00838,gob_tbl_02108,dlk_tbl_01916,proc_tbl_01936,dlk_tbl_01722,dlk_ext_00070,proc_ext_00029,dlk_ext_00304,dlk_ext_00133
dlk_proceso_0140;3;std_tbl_00231,gob_tbl_01578,dlk_tbl_00448;14;proc_tbl_01177,proc_tbl_00797,gob_tbl_01558,dlk_tbl_01230,dlk_tbl_01091,proc_tbl_01737,dlk_tbl_01255,gob_tbl_00832,proc_ext_00388,gob_ext_00119,dlk_ext_00271,proc_ext_00385,dlk_ext_00126,dlk_ext_00124
dash_proceso_0141;8;proc_tbl_00952,proc_tbl_01038,dlk_tbl_01890,proc_tbl_00799,dlk_tbl_00784,proc_tbl_00834,dlk_tbl_01690,gob_tbl_00792;5;gob_tbl_01096,dlk_tbl_01110,gob_tbl_00045,m4vw_ext_00347,proc_ext_00166
proc_proceso_0142;5;dlk_tbl_01386,gob_tbl_01744,m4sco_tbl_01258,proc_tbl_02085,gob_tbl_01856;8;proc_tbl_02097,gob_tbl_01022,gob_tbl_00739,dlk_tbl_01676,dlk_tbl_00412,dlk_ext_00155,dlk_ext_00231,dlk_ext_00298
gob_proceso_0143;7;gob_tbl_01296,dlk_tbl_01601,gob_tbl_01821,gob_tbl_01498,m4vw_tbl_02151,dlk_tbl_00026,m4sco_tbl_00596;11;gob_tbl_02071,std_tbl_00262,dlk_tbl_01245,gob_tbl_00117,dlk_tbl_00405,gob_tbl_00052,m4vw_ext_00183,dlk_ext_00068,dlk_ext_00181,proc_ext_00177,m4vw_ext_00047
proc_proceso_0144;2;proc_tbl_01493,gob_tbl_01603;15;gob_tbl_01836,std_tbl_01495,gob_tbl_01422,gob_tbl_00738,dlk_tbl_00756,dlk_tbl_00526,dlk_tbl_00425,dlk_tbl_01555,gob_tbl_02003,dlk_ext_00068,gob_ext_00395,dash_ext_00333,proc_ext_00186,gob_ext_00194,dash_ext_00131
proc_proceso_0145;3;gob_tbl_01520,gob_tbl_02022,gob_tbl_01348;12;gob_tbl_01465,dash_tbl_00845,dlk_tbl_00740,gob_tbl_00411,proc_tbl_00043,gob_tbl_02142,proc_tbl_01983,dlk_ext_00350,dlk_ext_00279,gob_ext_00356,dlk_ext_00126,dlk_ext_00377
gob_proceso_0146;4;gob_tbl_01729,std_tbl_00246,dlk_tbl_01475,dlk_tbl_01147;10;gob_tbl_01413,dlk_tbl_01205,gob_tbl_00125,gob_tbl_02033,dlk_tbl_00776,gob_tbl_01524,dlk_ext_00068,dlk_ext_00124,proc_ext_00022,gob_ext_00218
proc_proceso_0147;3;dlk_tbl_00482,gob_tbl_00742,gob_tbl_00685;12;dlk_tbl_02052,dlk_tbl_01434,dlk_tbl_00409,dash_tbl_00676,gob_tbl_00890,dlk_tbl_02040,gob_tbl_01820,dlk_ext_00304,proc_ext_00260,dash_ext_00055,dash_ext_00333,std_ext_00409
gob_proceso_0148;7;gob_tbl_00157,gob_tbl_01246,gob_tbl_01183,gob_tbl_01951,dlk_tbl_01534,gob_tbl_01846,proc_tbl_00419;9;gob_tbl_00894,proc_tbl_00653,proc_tbl_00729,dlk_tbl_00727,proc_tbl_01961,gob_ext_00288,gob_ext_00243,gob_ext_00241,proc_ext_00102
gob_proceso_0149;6;gob_tbl_01799,dlk_tbl_01199,dlk_tbl_00331,gob_tbl_00847,proc_tbl_00386,proc_tbl_00244;11;gob_tbl_01155,dlk_tbl_00113,dash_tbl_01057,dlk_tbl_00091,gob_tbl_00204,proc_tbl_01421,m4vw_ext_00183,gob_ext_00021,std_ext_00409,proc_ext_00344,gob_ext_00152
dlk_proceso_0150;3;gob_tbl_02021,dlk_tbl_01179,proc_tbl_00181;10;dash_tbl_01473,proc_tbl_00765,dlk_tbl_01428,gob_tbl_00738,std_tbl_00734,proc_tbl_00318,gob_ext_00361,dlk_ext_00044,dlk_ext_00232,dlk_ext_00126
dash_proceso_0151;4;gob_tbl_01879,gob_tbl_00306,dlk_tbl_00345,gob_tbl_00914;6;dlk_tbl_01358,std_tbl_01107,dash_tbl_00340,dlk_ext_00403,gob_ext_00150,dlk_ext_00357
dlk_proceso_0152;6;gob_tbl_02064,gob_tbl_00657,dash_tbl_01906,proc_tbl_00761,m4vw_tbl_00148,dlk_tbl_00902;4;proc_tbl_00799,gob_tbl_01524,gob_ext_00081,dlk_ext_00298
dash_proceso_0153;5;m4sco_tbl_01072,proc_tbl_01946,gob_tbl_01036,gob_tbl_00598,gob_tbl_01912;16;dlk_tbl_02116,gob_tbl_00701,gob_tbl_00195,gob_tbl_00793,dlk_tbl_01888,dlk_tbl_00495,gob_tbl_01384,proc_tbl_00849,gob_tbl_00606,proc_ext_00346,dlk_ext_00308,gob_ext_00194,dlk_ext_00354,gob_ext_00026,m4sco_ext_00004,dlk_ext_00270
dash_proceso_0154;5;dlk_tbl_00373,proc_tbl_01430,gob_tbl_01350,dash_tbl_00449,dash_tbl_00986;14;dlk_tbl_00408,proc_tbl_01054,proc_tbl_01141,dlk_tbl_02040,dlk_tbl_00857,dash_tbl_00354,dlk_tbl_00405,dlk_tbl_00537,gob_ext_00275,gob_ext_00361,proc_ext_00132,gob_ext_00081,gob_ext_00198,gob_ext_00174
gob_proceso_0155;7;gob_tbl_02076,gob_tbl_00104,proc_tbl_00029,dlk_tbl_01842,gob_tbl_00588,gob_tbl_01393,gob_tbl_01195;11;dlk_tbl_00645,proc_tbl_00653,dlk_tbl_00948,gob_tbl_00261,gob_tbl_00367,dash_tbl_01731,m4vw_ext_00188,dash_ext_00327,proc_ext_00359,proc_ext_00086,proc_ext_00180
dlk_proceso_0156;2;dlk_tbl_00585,dlk_tbl_01691;5;proc_tbl_02111,dlk_tbl_01092,proc_tbl_00789,dlk_ext_00014,dash_ext_00030
dlk_proceso_0157;4;proc_tbl_00478,dlk_tbl_00313,gob_tbl_00568,proc_tbl_01412;6;gob_tbl_00862,proc_tbl_02066,dash_tbl_01731,gob_ext_00061,gob_ext_00402,gob_ext_00214
dlk_proceso_0158;5;dlk_tbl_00930,gob_tbl_00791,gob_tbl_00099,dlk_tbl_01679,gob_tbl_01316;9;gob_tbl_02020,std_tbl_00734,proc_tbl_01141,gob_tbl_00274,dlk_tbl_01190,dlk_ext_00136,gob_ext_00208,std_ext_00125,proc_ext_00398
dash_proceso_0159;2;proc_tbl_02094,gob_tbl_02000;4;dlk_tbl_00124,gob_tbl_00286,gob_ext_00371,gob_ext_00031
dash_proceso_0160;5;dlk_tbl_00187,proc_tbl_00653,gob_tbl_00460,gob_tbl_01021,dlk_tbl_01481;5;gob_tbl_01158,gob_tbl_01064,dlk_tbl_00987,gob_ext_00071,dlk_ext_00010
dlk_proceso_0161;3;dlk_tbl_01230,std_tbl_00415,dlk_tbl_02102;14;m4sco_tbl_00115,dlk_tbl_02150,dlk_tbl_01817,dlk_tbl_00546,proc_tbl_00452,dash_tbl_01326,proc_tbl_01628,dash_tbl_00449,gob_ext_00026,dlk_ext_00397,gob_ext_00363,std_ext_00125,gob_ext_00395,gob_ext_00392
proc_proceso_0162;4;proc_tbl_00295,gob_tbl_00905,gob_tbl_01343,dash_tbl_00715;13;dlk_tbl_00401,m4sco_tbl_01780,std_tbl_01727,dlk_tbl_01160,gob_tbl_00300,dlk_tbl_01441,gob_tbl_01341,dlk_ext_00108,dlk_ext_00217,gob_ext_00063,proc_ext_00102,gob_ext_00252,ppn_ext_00393
proc_proceso_0163;6;gob_tbl_00896,dlk_tbl_01434,dash_tbl_00973,gob_tbl_00606,proc_tbl_00825,gob_tbl_01059;5;gob_tbl_01575,dlk_tbl_01484,gob_tbl_01986,dash_ext_00335,dlk_ext_00304
dlk_proceso_0164;2;gob_tbl_00410,ppn_tbl_00911;12;gob_tbl_02033,dlk_tbl_00197,proc_tbl_00244,dlk_tbl_00770,gob_tbl_00233,proc_tbl_00952,gob_tbl_01872,dlk_ext_00136,dlk_ext_00172,dlk_ext_00253,dlk_ext_00155,dlk_ext_00376
gob_proceso_0165;3;gob_tbl_00081,proc_tbl_02087,dlk_tbl_01572;9;gob_tbl_00959,dash_tbl_00842,proc_tbl_01946,ppn_tbl_01614,dlk_tbl_00193,gob_ext_00297,gob_ext_00147,dash_ext_00229,dlk_ext_00376
gob_proceso_0166;3;dash_tbl_00964,proc_tbl_00043,gob_tbl_00893;12;gob_tbl_01453,dlk_tbl_00943,dlk_tbl_01519,dlk_tbl_01818,dlk_tbl_01691,dlk_tbl_00265,dlk_tbl_00420,dlk_ext_00408,gob_ext_00402,dash_ext_00345,dlk_ext_00323,proc_ext_00166
gob_proceso_0167;7;gob_tbl_01927,proc_tbl_01112,proc_tbl_00355,std_tbl_00203,gob_tbl_00143,gob_tbl_01825,gob_tbl_01144;10;dlk_tbl_01467,std_tbl_00979,gob_tbl_02123,gob_tbl_00030,dlk_tbl_00740,gob_tbl_01774,proc_ext_00145,gob_ext_00138,dlk_ext_00331,gob_ext_00064
dlk_proceso_0168;3;std_tbl_00469,dlk_tbl_02099,gob_tbl_01619;6;dlk_tbl_00271,gob_tbl_01794,m4vw_tbl_00868,m4vw_ext_00183,gob_ext_00312,dash_ext_00327
dlk_proceso_0169;5;proc_tbl_02061,std_tbl_01432,proc_tbl_00237,m4sco_tbl_01304,dlk_tbl_01206;8;dlk_tbl_01293,gob_tbl_02127,dlk_tbl_01092,dlk_tbl_00102,gob_tbl_00024,dash_ext_00327,proc_ext_00168,gob_ext_00081
proc_proceso_0170;5;gob_tbl_01015,dlk_tbl_01448,m4vw_tbl_01917,dlk_tbl_00537,dlk_tbl_01219;19;dlk_tbl_00337,dlk_tbl_00939,dlk_tbl_01215,dlk_tbl_00102,proc_tbl_01363,dlk_tbl_00664,dlk_tbl_02050,gob_tbl_00000,dlk_tbl_00996,gob_tbl_01864,proc_tbl_00861,dlk_ext_00308,proc_ext_00166,dash_ext_00335,proc_ext_00337,dash_ext_00355,dlk_ext_00068,dlk_ext_00181,gob_ext_00012
dlk_proceso_0171;5;dash_tbl_00357,dlk_tbl_00240,dash_tbl_00559,dlk_tbl_00259,std_tbl_02032;14;dlk_tbl_01866,dlk_tbl_01785,dlk_tbl_00155,proc_tbl_02001,dlk_tbl_01484,gob_tbl_00245,gob_tbl_00873,dlk_tbl_00824,gob_ext_00194,ppn_ext_00393,std_ext_00206,gob_ext_00085,dlk_ext_00253,dlk_ext_00370
proc_proceso_0172;3;proc_tbl_00392,gob_tbl_00040,gob_tbl_01834;5;gob_tbl_02046,dlk_tbl_00197,gob_tbl_01270,dlk_ext_00403,dlk_ext_00095
dlk_proceso_0173;6;std_tbl_00674,dlk_tbl_01675,dlk_tbl_01777,dash_tbl_00964,proc_tbl_01581,dlk_tbl_01435;4;gob_tbl_01991,dlk_tbl_01168,gob_ext_00020,proc_ext_00359
dlk_proceso_0174;5;gob_tbl_01741,gob_tbl_00030,gob_tbl_01618,dlk_tbl_02083,proc_tbl_00149;8;dlk_tbl_00795,dlk_tbl_01215,gob_tbl_01696,dlk_tbl_00365,gob_tbl_00285,gob_ext_00202,gob_ext_00039,gob_ext_00363
dlk_proceso_0175;2;dlk_tbl_00311,dlk_tbl_00938;6;gob_tbl_00862,dlk_tbl_01402,dlk_tbl_00198,dlk_ext_00256,gob_ext_00243,dlk_ext_00376
dlk_proceso_0176;4;gob_tbl_01665,dlk_tbl_01187,dlk_tbl_01824,gob_tbl_00006;4;proc_tbl_00744,gob_tbl_00836,gob_ext_00235,gob_ext_00198
dlk_proceso_0177;5;proc_tbl_02117,gob_tbl_00707,proc_tbl_00296,gob_tbl_01721,gob_tbl_00349;16;gob_tbl_01912,gob_tbl_00603,gob_tbl_00152,dlk_tbl_01295,dlk_tbl_01547,gob_tbl_01351,dlk_tbl_01709,dlk_tbl_00433,proc_tbl_00885,dlk_ext_00331,dlk_ext_00041,gob_ext_00389,proc_ext_00358,gob_ext_00318,dlk_ext_00088,gob_ext_00369
gob_proceso_0178;6;dash_tbl_00076,std_tbl_01666,gob_tbl_01185,proc_tbl_01713,dlk_tbl_02110,dlk_tbl_00453;10;gob_tbl_01498,dlk_tbl_01877,dlk_tbl_00776,dlk_tbl_02052,gob_tbl_01883,dlk_tbl_00867,gob_ext_00122,gob_ext_00033,gob_ext_00315,dlk_ext_00247
gob_proceso_0179;5;m4vw_tbl_01506,gob_tbl_02144,dlk_tbl_01529,gob_tbl_00624,gob_tbl_01820;7;dlk_tbl_01818,gob_tbl_00995,gob_tbl_01080,dlk_tbl_01599,gob_ext_00119,gob_ext_00363,dlk_ext_00325
gob_proceso_0180;3;dlk_tbl_00323,dlk_tbl_00252,dlk_tbl_00412;12;dlk_tbl_01205,dlk_tbl_00651,dash_tbl_01267,proc_tbl_00022,dlk_tbl_01797,dlk_tbl_00741,dlk_tbl_01935,dash_ext_00335,proc_ext_00017,m4vw_ext_00347,dlk_ext_00084,dash_ext_00200
dash_proceso_0181;5;gob_tbl_01805,gob_tbl_01395,gob_tbl_00931,gob_tbl_00803,gob_tbl_00548;11;dlk_tbl_01434,dlk_tbl_01832,gob_tbl_00969,dlk_tbl_00197,gob_tbl_01333,gob_tbl_00603,dlk_ext_00234,dlk_ext_00382,proc_ext_00177,gob_ext_00127,gob_ext_00077
dash_proceso_0182;5;gob_tbl_00463,gob_tbl_00338,dlk_tbl_01977,dlk_tbl_01910,dlk_tbl_01418;10;std_tbl_00215,dlk_tbl_00782,gob_tbl_00040,gob_tbl_00402,proc_tbl_01628,dlk_tbl_00576,gob_ext_00246,std_ext_00125,dlk_ext_00044,dlk_ext_00250
dash_proceso_0183;4;dlk_tbl_00840,gob_tbl_00342,dlk_tbl_02049,gob_tbl_01488;9;gob_tbl_01158,dlk_tbl_02052,gob_tbl_00152,proc_tbl_00486,proc_tbl_01052,proc_ext_00358,dlk_ext_00025,ppn_ext_00239,proc_ext_00321
proc_proceso_0184;7;dlk_tbl_00124,m4vw_tbl_01947,gob_tbl_00476,dash_tbl_01926,dlk_tbl_00864,std_tbl_00469,gob_tbl_00123;11;gob_tbl_00274,proc_tbl_02085,gob_tbl_01140,dash_tbl_00336,gob_tbl_02051,proc_tbl_02086,gob_ext_00406,dlk_ext_00011,dlk_ext_00095,gob_ext_00149,dlk_ext_00155
gob_proceso_0185;2;proc_tbl_01761,m4sco_tbl_00601;15;dlk_tbl_01402,gob_tbl_00969,dash_tbl_00676,gob_tbl_01108,dlk_tbl_00314,gob_tbl_01443,dlk_tbl_01877,gob_tbl_00937,proc_tbl_01527,gob_ext_00297,proc_ext_00099,proc_ext_00319,gob_ext_00208,gob_ext_00122,dlk_ext_00124
gob_proceso_0186;5;proc_tbl_00885,dlk_tbl_00617,dlk_tbl_01499,dash_tbl_00354,gob_tbl_01992;7;gob_tbl_00150,m4sco_tbl_00064,dlk_tbl_00843,proc_tbl_00521,gob_ext_00218,dlk_ext_00376,gob_ext_00073
dlk_proceso_0187;4;dlk_tbl_01929,gob_tbl_01966,dlk_tbl_02116,gob_tbl_00949;7;m4vw_tbl_01478,gob_tbl_00893,gob_tbl_01512,gob_tbl_01852,gob_ext_00266,proc_ext_00132,proc_ext_00311
dash_proceso_0188;2;dlk_tbl_02043,proc_tbl_00315;7;proc_tbl_02086,proc_tbl_02094,proc_tbl_01005,gob_tbl_00998,gob_ext_00198,gob_ext_00252,proc_ext_00311
proc_proceso_0189;3;gob_tbl_01043,dash_tbl_00089,m4vw_tbl_00788;14;gob_tbl_01332,gob_tbl_01413,gob_tbl_01963,gob_tbl_00245,proc_tbl_00885,dash_tbl_00830,dlk_tbl_01588,dlk_tbl_00499,gob_ext_00199,dlk_ext_00304,gob_ext_00104,std_ext_00261,dlk_ext_00322,gob_ext_00297
gob_proceso_0190;3;dlk_tbl_02034,dlk_tbl_00628,gob_tbl_00002;8;gob_tbl_01963,gob_tbl_01570,dlk_tbl_00193,dlk_tbl_00800,dlk_tbl_01023,dlk_ext_00290,gob_ext_00392,dlk_ext_00323
proc_proceso_0191;4;dlk_tbl_01272,gob_tbl_01397,gob_tbl_01995,proc_tbl_01559;7;dlk_tbl_00540,dlk_tbl_01474,gob_tbl_00460,dlk_tbl_01526,gob_ext_00336,gob_ext_00007,dlk_ext_00052
proc_proceso_0192;4;dash_tbl_00977,gob_tbl_00343,gob_tbl_01537,gob_tbl_01182;7;dlk_tbl_01811,dlk_tbl_02043,dlk_tbl_00314,gob_tbl_01912,dlk_ext_00201,gob_ext_00169,proc_ext_00267
dash_proceso_0193;5;dlk_tbl_01980,gob_tbl_01274,dlk_tbl_00364,dlk_tbl_01702,dlk_tbl_02150;17;dlk_tbl_00401,dash_tbl_01424,gob_tbl_00300,std_tbl_01666,dash_tbl_01822,dlk_tbl_00711,gob_tbl_01619,gob_tbl_00511,dlk_tbl_02106,dlk_tbl_00644,gob_ext_00197,std_ext_00409,dlk_ext_00216,gob_ext_00371,gob_ext_00220,dlk_ext_00331,gob_ext_00104
gob_proceso_0194;4;proc_tbl_00566,dlk_tbl_00855,gob_tbl_00754,dash_tbl_02007;10;dash_tbl_00076,dlk_tbl_00158,gob_tbl_01283,dlk_tbl_02023,dlk_tbl_02052,m4sco_tbl_00602,gob_ext_00254,gob_ext_00295,proc_ext_00102,dlk_ext_00245
dlk_proceso_0195;4;gob_tbl_02033,dlk_tbl_01439,dlk_tbl_00401,dash_tbl_00105;7;dlk_tbl_00433,dlk_tbl_01851,proc_tbl_01054,dlk_tbl_00499,proc_ext_00022,dlk_ext_00083,dlk_ext_00271
gob_proceso_0196;3;dlk_tbl_01703,gob_tbl_01232,gob_tbl_00777;10;dlk_tbl_01273,dlk_tbl_01842,gob_tbl_00498,gob_tbl_00652,proc_tbl_00825,proc_tbl_02158,proc_ext_00102,gob_ext_00310,dlk_ext_00037,gob_ext_00336
dlk_proceso_0197;6;dlk_tbl_01437,dlk_tbl_00206,gob_tbl_01046,gob_tbl_00170,gob_tbl_01688,gob_tbl_00675;15;m4vw_tbl_00710,dlk_tbl_00044,dash_tbl_01163,gob_tbl_00551,dlk_tbl_00198,dlk_tbl_00515,dash_tbl_00641,dlk_tbl_00288,gob_tbl_00468,gob_ext_00242,dlk_ext_00282,proc_ext_00001,proc_ext_00326,proc_ext_00267,gob_ext_00036
dlk_proceso_0198;2;proc_tbl_00376,gob_tbl_01587;7;dlk_tbl_00405,dlk_tbl_00175,proc_tbl_01544,dlk_tbl_01168,gob_ext_00361,gob_ext_00204,gob_ext_00138
dlk_proceso_0199;2;dlk_tbl_00339,gob_tbl_01570;9;gob_tbl_01354,gob_tbl_01895,gob_tbl_00758,gob_tbl_00827,dlk_tbl_01067,proc_ext_00166,proc_ext_00366,dlk_ext_00084,gob_ext_00208
dlk_proceso_0200;2;m4sco_tbl_01746,std_tbl_02141;6;dlk_tbl_01684,dlk_tbl_00409,dash_tbl_01473,proc_ext_00132,gob_ext_00254,dlk_ext_00308
dlk_proceso_0201;6;dlk_tbl_01973,gob_tbl_01762,dlk_tbl_01459,gob_tbl_01226,dlk_tbl_01287,gob_tbl_01055;6;proc_tbl_01359,gob_tbl_00759,gob_tbl_00494,dlk_ext_00262,proc_ext_00311,gob_ext_00361
dlk_proceso_0202;5;gob_tbl_00553,dlk_tbl_01845,dlk_tbl_00781,proc_tbl_00658,gob_tbl_00821;16;dlk_tbl_01764,proc_tbl_00270,dlk_tbl_00183,dlk_tbl_01505,dlk_tbl_02072,proc_tbl_01538,dlk_tbl_00948,dlk_tbl_00084,dlk_tbl_01732,gob_ext_00027,dlk_ext_00002,dlk_ext_00133,proc_ext_00400,proc_ext_00099,dlk_ext_00293,gob_ext_00141
gob_proceso_0203;2;dash_tbl_00845,std_tbl_00058;7;gob_tbl_00264,dlk_tbl_01615,m4sco_tbl_01899,proc_tbl_00658,dlk_ext_00079,dlk_ext_00377,dlk_ext_00058
gob_proceso_0204;3;dlk_tbl_00857,gob_tbl_00217,gob_tbl_00229;9;gob_tbl_01696,dlk_tbl_00906,m4sco_tbl_00391,dash_tbl_00845,dlk_tbl_01622,gob_ext_00064,std_ext_00261,proc_ext_00255,gob_ext_00242
proc_proceso_0205;2;dlk_tbl_00268,dlk_tbl_01248;9;gob_tbl_01365,proc_tbl_01363,gob_tbl_01981,gob_tbl_01059,dlk_tbl_01595,dlk_ext_00232,gob_ext_00012,gob_ext_00273,dlk_ext_00156
proc_proceso_0206;4;gob_tbl_00139,gob_tbl_00871,gob_tbl_01518,m4sco_tbl_00447;6;gob_tbl_01729,gob_tbl_01025,dlk_tbl_01881,gob_ext_00078,gob_ext_00117,gob_ext_00297
dlk_proceso_0207;6;gob_tbl_01964,proc_tbl_00810,dlk_tbl_01406,gob_tbl_02059,ppn_tbl_01061,dlk_tbl_00084;16;gob_tbl_01549,dlk_tbl_00337,dash_tbl_01906,dlk_tbl_01965,gob_tbl_00607,gob_tbl_00480,gob_tbl_01361,proc_tbl_00470,gob_tbl_02127,gob_ext_00089,dlk_ext_00108,dlk_ext_00379,gob_ext_00154,dlk_ext_00231,dlk_ext_00271,gob_ext_00372
gob_proceso_0208;6;gob_tbl_01228,proc_tbl_01681,proc_tbl_01628,gob_tbl_01341,gob_tbl_01251,gob_tbl_01522;10;gob_tbl_00735,proc_tbl_01490,proc_tbl_01633,dlk_tbl_00919,gob_tbl_01516,dash_tbl_02075,gob_ext_00021,gob_ext_00254,proc_ext_00209,gob_ext_00407
dlk_proceso_0209;4;dlk_tbl_00439,dlk_tbl_01099,dlk_tbl_00162,dlk_tbl_01041;13;std_tbl_00262,gob_tbl_00884,dlk_tbl_01736,m4vw_tbl_01917,dlk_tbl_01967,dlk_tbl_01166,gob_tbl_00961,proc_ext_00311,gob_ext_00252,dash_ext_00259,dlk_ext_00323,dlk_ext_00018,gob_ext_00128
dlk_proceso_0210;5;dlk_tbl_01904,dlk_tbl_01952,gob_tbl_00556,gob_tbl_02030,gob_tbl_01491;4;dlk_tbl_01471,gob_tbl_00261,dlk_ext_00113,std_ext_00206
dlk_proceso_0211;6;dlk_tbl_02063,dlk_tbl_01818,gob_tbl_01093,dlk_tbl_00036,dlk_tbl_01012,gob_tbl_00204;6;dlk_tbl_00882,proc_tbl_02096,gob_tbl_00457,gob_ext_00258,dlk_ext_00014,dlk_ext_00282
gob_proceso_0212;2;gob_tbl_01351,dash_tbl_01873;12;dlk_tbl_00256,dlk_tbl_01968,proc_tbl_02066,dlk_tbl_00453,dlk_tbl_02016,dash_tbl_02089,dlk_tbl_00760,proc_ext_00326,gob_ext_00402,proc_ext_00102,dlk_ext_00283,dlk_ext_00264
dlk_proceso_0213;4;gob_tbl_01332,gob_tbl_00451,gob_tbl_01993,dash_tbl_01299;4;gob_tbl_02003,gob_tbl_00969,gob_ext_00097,dlk_ext_00360
dlk_proceso_0214;5;dlk_tbl_00011,gob_tbl_00141,dash_tbl_00336,dlk_tbl_02112,gob_tbl_00253;10;dlk_tbl_01605,dash_tbl_01892,dlk_tbl_01277,gob_tbl_00411,proc_tbl_01052,gob_tbl_01294,dlk_ext_00002,proc_ext_00319,dlk_ext_00212,proc_ext_00086
dash_proceso_0215;5;dlk_tbl_00960,dlk_tbl_00919,gob_tbl_01816,proc_tbl_01306,dlk_tbl_00371;17;proc_tbl_00486,dash_tbl_00838,gob_tbl_00606,dash_tbl_01743,gob_tbl_02000,gob_tbl_00981,dlk_tbl_00987,proc_tbl_02126,gob_tbl_00759,gob_tbl_01480,dlk_ext_00126,dlk_ext_00002,proc_ext_00385,dlk_ext_00376,gob_ext_00147,std_ext_00409,std_ext_00230
dlk_proceso_0216;6;proc_tbl_01694,gob_tbl_00946,gob_tbl_01549,gob_tbl_01415,proc_tbl_02006,gob_tbl_01014;15;gob_tbl_01193,dlk_tbl_00756,dlk_tbl_00664,dlk_tbl_01097,gob_tbl_00990,m4sco_tbl_01072,gob_tbl_01603,proc_tbl_00695,dash_tbl_00973,proc_ext_00306,proc_ext_00145,proc_ext_00346,dlk_ext_00158,m4sco_ext_00195,dash_ext_00144
gob_proceso_0217;5;dlk_tbl_00302,dlk_tbl_01116,gob_tbl_01804,dlk_tbl_00757,proc_tbl_02070;16;proc_tbl_00374,gob_tbl_00648,gob_tbl_00900,dlk_tbl_02121,dash_tbl_00487,dlk_tbl_00309,proc_tbl_00181,gob_tbl_01685,gob_tbl_00475,dlk_ext_00216,dlk_ext_00394,gob_ext_00020,gob_ext_00389,m4vw_ext_00347,gob_ext_00104,dlk_ext_00083
dash_proceso_0218;5;dash_tbl_01476,gob_tbl_01139,gob_tbl_01566,dlk_tbl_01854,gob_tbl_00839;16;dlk_tbl_01092,dlk_tbl_00323,proc_tbl_01527,dlk_tbl_00156,gob_tbl_01193,proc_tbl_02066,std_tbl_00686,gob_tbl_00176,std_tbl_00215,dlk_ext_00322,proc_ext_00145,gob_ext_00064,gob_ext_00071,proc_ext_00203,m4sco_ext_00286,proc_ext_00359
gob_proceso_0219;8;dlk_tbl_00852,std_tbl_00724,dash_tbl_01586,gob_tbl_01862,dlk_tbl_01580,gob_tbl_00475,gob_tbl_00129,gob_tbl_00981;24;dlk_tbl_01609,dash_tbl_00665,proc_tbl_01692,dlk_tbl_00365,dlk_tbl_00843,gob_tbl_01378,dlk_tbl_02040,dlk_tbl_01832,dash_tbl_01833,dlk_tbl_00048,gob_tbl_00081,gob_tbl_00504,dash_tbl_00901,gob_tbl_00233,dlk_ext_00403,dlk_ext_00126,dlk_ext_00095,gob_ext_00097,dlk_ext_00113,gob_ext_00033,std_ext_00261,gob_ext_00021,m4vw_ext_00188,gob_ext_00139
dlk_proceso_0220;4;dlk_tbl_01429,gob_tbl_00276,gob_tbl_00049,gob_tbl_01443;12;dlk_tbl_00644,dlk_tbl_00113,gob_tbl_00671,dlk_tbl_01561,gob_tbl_01021,dlk_tbl_00323,gob_tbl_00826,dlk_ext_00250,proc_ext_00161,dlk_ext_00105,dlk_ext_00095,dlk_ext_00350
dlk_proceso_0221;5;gob_tbl_02142,dlk_tbl_02080,gob_tbl_01262,gob_tbl_00773,gob_tbl_01222;11;proc_tbl_01631,dlk_tbl_01407,dash_tbl_01165,dlk_tbl_00859,dlk_tbl_01594,gob_tbl_01652,gob_ext_00202,dlk_ext_00403,dlk_ext_00113,gob_ext_00349,std_ext_00051
proc_proceso_0222;2;dlk_tbl_00664,dlk_tbl_00102;13;dlk_tbl_00421,dlk_tbl_00077,proc_tbl_02111,dlk_tbl_01470,gob_tbl_00276,gob_tbl_01696,dlk_tbl_01047,gob_ext_00128,dash_ext_00055,gob_ext_00071,dash_ext_00171,std_ext_00230,dlk_ext_00350
proc_proceso_0223;3;dash_tbl_00065,m4sco_tbl_00860,dlk_tbl_00398;9;dlk_tbl_00240,dlk_tbl_01505,gob_tbl_01477,proc_tbl_01359,proc_tbl_01011,gob_ext_00021,gob_ext_00258,m4sco_ext_00004,dlk_ext_00133
gob_proceso_0224;3;dash_tbl_01267,m4vw_tbl_01627,gob_tbl_00436;9;m4vw_tbl_01947,dash_tbl_00547,dash_tbl_00993,dash_tbl_00619,proc_tbl_01567,gob_ext_00141,gob_ext_00036,dlk_ext_00095,gob_ext_00278
dlk_proceso_0225;5;proc_tbl_00616,dlk_tbl_01588,dash_tbl_01178,std_tbl_00360,ppn_tbl_01508;8;dlk_tbl_01295,proc_tbl_00376,dlk_tbl_02023,dlk_tbl_01091,dlk_tbl_01291,std_ext_00409,std_ext_00230,gob_ext_00174
proc_proceso_0226;3;gob_tbl_02108,m4sco_tbl_00303,dlk_tbl_00282;14;dlk_tbl_00660,m4sco_tbl_01899,gob_tbl_00847,ppn_tbl_01503,dlk_tbl_01457,proc_tbl_00432,dash_tbl_01546,gob_tbl_01225,proc_ext_00067,dlk_ext_00105,gob_ext_00252,gob_ext_00204,dlk_ext_00377,proc_ext_00346
dlk_proceso_0227;5;gob_tbl_00785,gob_tbl_01381,gob_tbl_01119,m4sco_tbl_00602,gob_tbl_00572;10;dlk_tbl_00198,gob_tbl_00194,gob_tbl_01966,dlk_tbl_00205,gob_tbl_01046,gob_tbl_01191,m4vw_ext_00263,proc_ext_00059,gob_ext_00110,dash_ext_00223
gob_proceso_0228;3;gob_tbl_00668,dash_tbl_01937,m4vw_tbl_00083;12;gob_tbl_00140,proc_tbl_01768,gob_tbl_01537,std_tbl_00703,dash_tbl_01268,proc_tbl_00031,dlk_tbl_00390,gob_ext_00056,dlk_ext_00212,proc_ext_00161,proc_ext_00028,gob_ext_00204
dlk_proceso_0229;2;dlk_tbl_01372,gob_tbl_00551;10;dash_tbl_00182,proc_tbl_01035,dlk_tbl_00331,proc_tbl_00789,dlk_tbl_00565,proc_tbl_01068,dlk_ext_00136,m4sco_ext_00157,gob_ext_00295,std_ext_00125
gob_proceso_0230;5;proc_tbl_01649,dlk_tbl_00723,proc_tbl_00521,dlk_tbl_00077,m4vw_tbl_00692;16;dash_tbl_00075,m4sco_tbl_00601,dlk_tbl_00733,gob_tbl_00668,gob_tbl_01492,proc_tbl_01726,dlk_tbl_00971,gob_tbl_00642,dlk_tbl_01085,dlk_ext_00002,proc_ext_00067,gob_ext_00139,dlk_ext_00270,dlk_ext_00324,dlk_ext_00250,dlk_ext_00322
dlk_proceso_0231;6;gob_tbl_01648,gob_tbl_01829,dlk_tbl_00704,proc_tbl_01177,gob_tbl_00890,gob_tbl_02147;16;dlk_tbl_00628,std_tbl_00359,gob_tbl_02155,ppn_tbl_01061,proc_tbl_02061,m4sco_tbl_00909,proc_tbl_00022,m4vw_tbl_00083,gob_tbl_00916,gob_ext_00178,proc_ext_00160,dlk_ext_00133,gob_ext_00349,dlk_ext_00137,dlk_ext_00216,gob_ext_00012
dlk_proceso_0232;5;gob_tbl_00678,dlk_tbl_01583,dlk_tbl_02011,gob_tbl_00353,gob_tbl_01377;9;dlk_tbl_00313,gob_tbl_00003,gob_tbl_01781,std_tbl_00431,m4sco_tbl_00064,gob_ext_00063,gob_ext_00312,dlk_ext_00124,proc_ext_00145
proc_proceso_0233;3;dash_tbl_01831,proc_tbl_01466,gob_tbl_00718;13;dash_tbl_00641,dlk_tbl_00610,dlk_tbl_01783,gob_tbl_01518,gob_tbl_01341,m4vw_tbl_00692,gob_tbl_00883,dlk_ext_00115,proc_ext_00388,gob_ext_00371,dlk_ext_00113,gob_ext_00361,gob_ext_00197
dlk_proceso_0234;5;gob_tbl_01062,gob_tbl_00737,std_tbl_01107,gob_tbl_00066,dlk_tbl_00127;17;dlk_tbl_00069,dlk_tbl_00198,dash_tbl_00013,dlk_tbl_01505,gob_tbl_00642,gob_tbl_01859,proc_tbl_01141,proc_tbl_00181,dlk_tbl_00775,proc_tbl_02143,gob_ext_00351,gob_ext_00389,std_ext_00125,dlk_ext_00184,dlk_ext_00324,gob_ext_00026,gob_ext_00127
proc_proceso_0235;6;dlk_tbl_02072,gob_tbl_00297,proc_tbl_00650,gob_tbl_00291,proc_tbl_00455,proc_tbl_00693;8;std_tbl_01229,std_tbl_00360,gob_tbl_01265,proc_tbl_00361,m4sco_tbl_00562,proc_ext_00001,dlk_ext_00350,dlk_ext_00231
proc_proceso_0236;3;std_tbl_01641,dlk_tbl_00800,dlk_tbl_00121;6;dlk_tbl_01205,proc_tbl_01694,gob_tbl_01912,gob_ext_00406,dlk_ext_00018,dlk_ext_00323
dlk_proceso_0237;4;dlk_tbl_00570,dlk_tbl_00637,dash_tbl_01743,dash_tbl_00042;13;proc_tbl_00594,m4vw_tbl_01863,proc_tbl_01915,gob_tbl_00820,dlk_tbl_00403,ppn_tbl_00443,proc_tbl_00029,dlk_ext_00272,dlk_ext_00350,ppn_ext_00048,gob_ext_00036,gob_ext_00098,dlk_ext_00084
gob_proceso_0238;6;dlk_tbl_01881,dlk_tbl_01110,gob_tbl_01294,gob_tbl_01040,dash_tbl_00587,dlk_tbl_01651;4;gob_tbl_00174,dlk_tbl_00751,proc_ext_00022,gob_ext_00128
dlk_proceso_0239;3;dlk_tbl_00071,gob_tbl_00827,dlk_tbl_01143;11;proc_tbl_01306,proc_tbl_01759,dlk_tbl_01817,proc_tbl_00522,gob_tbl_01015,gob_tbl_02159,gob_ext_00339,ppn_ext_00048,gob_ext_00363,gob_ext_00077,gob_ext_00122
gob_proceso_0240;3;proc_tbl_00258,dash_tbl_00983,proc_tbl_00789;9;gob_tbl_00555,gob_tbl_01861,m4vw_tbl_00710,dlk_tbl_00840,proc_tbl_00318,dlk_ext_00058,proc_ext_00072,dlk_ext_00370,dlk_ext_00324
dash_proceso_0241;4;gob_tbl_00633,dlk_tbl_01027,gob_tbl_00350,m4sco_tbl_01664;10;dlk_tbl_00489,dlk_tbl_00113,proc_tbl_02087,gob_tbl_00748,gob_tbl_02127,gob_tbl_01352,proc_ext_00022,gob_ext_00134,gob_ext_00258,dash_ext_00259
dash_proceso_0242;2;proc_tbl_00082,gob_tbl_00691;9;dlk_tbl_02025,gob_tbl_01015,m4vw_tbl_00879,proc_tbl_01782,dlk_tbl_01851,dlk_ext_00184,dlk_ext_00394,dlk_ext_00159,proc_ext_00059
dlk_proceso_0243;3;dlk_tbl_01074,gob_tbl_00584,dlk_tbl_00048;10;m4sco_tbl_01305,gob_tbl_00024,gob_tbl_01859,dlk_tbl_00570,dlk_tbl_00408,proc_tbl_00361,dlk_ext_00322,proc_ext_00015,dash_ext_00345,dlk_ext_00184
dlk_proceso_0244;5;proc_tbl_01134,dash_tbl_01233,dlk_tbl_00163,dlk_tbl_00222,dash_tbl_01513;9;dash_tbl_01300,gob_tbl_01082,dash_tbl_00336,proc_tbl_00419,dlk_tbl_02098,gob_ext_00128,gob_ext_00406,dlk_ext_00190,gob_ext_00033
dash_proceso_0245;2;dlk_tbl_01273,dash_tbl_01326;8;gob_tbl_02014,gob_tbl_01531,gob_tbl_01554,dlk_tbl_00855,gob_tbl_00286,gob_ext_00336,gob_ext_00071,gob_ext_00110
gob_proceso_0246;2;dlk_tbl_00629,gob_tbl_01140;7;dlk_tbl_01369,gob_tbl_00716,dlk_tbl_02121,dlk_tbl_00187,proc_ext_00029,ppn_ext_00393,proc_ext_00177
gob_proceso_0247;3;dlk_tbl_00741,dlk_tbl_01460,m4vw_tbl_00008;13;dash_tbl_01380,dlk_tbl_01162,dlk_tbl_01511,dlk_tbl_01008,gob_tbl_01062,proc_tbl_01052,dlk_tbl_00939,std_ext_00409,gob_ext_00042,dlk_ext_00360,gob_ext_00410,gob_ext_00197,std_ext_00230
dash_proceso_0248;5;gob_tbl_02123,dlk_tbl_01269,gob_tbl_00387,dlk_tbl_00866,gob_tbl_01909;7;proc_tbl_01121,dlk_tbl_00938,dash_tbl_00845,dash_tbl_01056,proc_ext_00015,dlk_ext_00282,gob_ext_00312
dlk_proceso_0249;7;dash_tbl_00472,gob_tbl_01700,dlk_tbl_01686,dlk_tbl_00272,gob_tbl_01837,gob_tbl_00705,gob_tbl_00228;9;dlk_tbl_00565,gob_tbl_01575,gob_tbl_00791,dlk_tbl_01758,gob_tbl_02037,proc_ext_00001,dlk_ext_00126,gob_ext_00019,gob_ext_00012
dash_proceso_0250;6;dlk_tbl_00146,proc_tbl_01054,m4sco_tbl_01118,proc_tbl_01159,dlk_tbl_00362,proc_tbl_01975;6;gob_tbl_00995,gob_tbl_00511,gob_tbl_00349,dlk_ext_00111,dlk_ext_00308,dlk_ext_00070
dlk_proceso_0251;5;dlk_tbl_00250,gob_tbl_01384,dlk_tbl_00948,gob_tbl_01891,dlk_tbl_01935;5;dash_tbl_01476,gob_tbl_01443,gob_tbl_00820,gob_ext_00340,dlk_ext_00044
dash_proceso_0252;6;dlk_tbl_00563,dlk_tbl_00417,dlk_tbl_01525,proc_tbl_00659,dlk_tbl_01446,gob_tbl_00754;15;dlk_tbl_00281,proc_tbl_01167,dlk_tbl_01297,dlk_tbl_00644,dlk_tbl_00434,proc_tbl_00750,gob_tbl_00128,proc_tbl_01359,proc_tbl_00386,dlk_ext_00331,proc_ext_00101,dlk_ext_00018,proc_ext_00255,dlk_ext_00367,dash_ext_00291
dlk_proceso_0253;3;gob_tbl_00177,gob_tbl_00895,dash_tbl_00027;8;gob_tbl_00828,dash_tbl_01131,dlk_tbl_00824,dash_tbl_01057,gob_tbl_00488,gob_ext_00406,dlk_ext_00348,gob_ext_00365
gob_proceso_0254;3;gob_tbl_02133,gob_tbl_01540,dash_tbl_02137;6;dlk_tbl_00533,dlk_tbl_00500,gob_tbl_01155,proc_ext_00274,gob_ext_00339,std_ext_00023
dlk_proceso_0255;3;dash_tbl_01131,gob_tbl_01943,proc_tbl_00875;11;proc_tbl_00358,proc_tbl_00301,proc_tbl_00687,dlk_tbl_00672,gob_tbl_01794,gob_tbl_01080,proc_ext_00099,proc_ext_00203,dlk_ext_00111,proc_ext_00087,dlk_ext_00108
dash_proceso_0256;2;std_tbl_00394,dash_tbl_01311;7;gob_tbl_00707,dlk_tbl_00146,proc_tbl_02061,gob_tbl_00536,std_ext_00409,gob_ext_00026,gob_ext_00154
dlk_proceso_0257;6;proc_tbl_01541,gob_tbl_01923,gob_tbl_00880,gob_tbl_00671,gob_tbl_02136,gob_tbl_01500;21;gob_tbl_00094,dlk_tbl_01276,dlk_tbl_01135,dash_tbl_00670,gob_tbl_00129,dlk_tbl_00489,gob_tbl_01837,gob_tbl_00195,dlk_tbl_00948,gob_tbl_01296,dlk_tbl_00697,dlk_tbl_00666,gob_ext_00012,dlk_ext_00113,dash_ext_00116,dlk_ext_00111,proc_ext_00260,dash_ext_00200,dlk_ext_00011,gob_ext_00215,proc_ext_00102
proc_proceso_0258;4;m4sco_tbl_00736,gob_tbl_01958,dlk_tbl_02050,std_tbl_01066;7;dlk_tbl_01244,gob_tbl_00456,dash_tbl_00399,gob_tbl_00820,proc_ext_00186,proc_ext_00307,gob_ext_00273
proc_proceso_0259;5;dlk_tbl_01122,dash_tbl_01050,dlk_tbl_01851,m4sco_tbl_00289,dash_tbl_01165;5;dlk_tbl_01091,gob_tbl_00611,dlk_tbl_01457,m4vw_ext_00263,gob_ext_00356
dash_proceso_0260;3;dlk_tbl_01968,std_tbl_00686,gob_tbl_01932;9;proc_tbl_00677,gob_tbl_00853,gob_tbl_01619,proc_tbl_01681,gob_tbl_01648,std_ext_00074,gob_ext_00039,gob_ext_00012,proc_ext_00054
gob_proceso_0261;2;proc_tbl_00695,dlk_tbl_01338;6;proc_tbl_01141,dlk_tbl_00271,proc_tbl_00876,proc_ext_00001,proc_ext_00321,dlk_ext_00256
gob_proceso_0262;2;proc_tbl_00470,dlk_tbl_01898;13;dlk_tbl_01287,gob_tbl_00166,gob_tbl_01173,dash_tbl_01833,gob_tbl_00916,dlk_tbl_00433,gob_tbl_00766,dlk_ext_00248,gob_ext_00128,gob_ext_00089,gob_ext_00150,gob_ext_00082,gob_ext_00077
proc_proceso_0263;6;gob_tbl_01270,dlk_tbl_00489,gob_tbl_01582,proc_tbl_00640,gob_tbl_01698,dlk_tbl_00434;4;gob_tbl_01126,dlk_tbl_02062,proc_ext_00398,proc_ext_00400
gob_proceso_0264;3;dlk_tbl_01600,gob_tbl_01934,dlk_tbl_00751;8;dlk_tbl_01655,gob_tbl_00300,dlk_tbl_00781,dash_tbl_00845,dlk_tbl_00852,gob_ext_00061,dlk_ext_00159,gob_ext_00214
dlk_proceso_0265;3;dlk_tbl_01295,dlk_tbl_00987,dlk_tbl_00465;9;dlk_tbl_01088,gob_tbl_00798,dash_tbl_01731,proc_tbl_01761,dlk_tbl_00730,dlk_ext_00270,dlk_ext_00111,gob_ext_00390,gob_ext_00148
dash_proceso_0266;8;gob_tbl_00207,proc_tbl_01751,gob_tbl_01288,gob_tbl_01682,gob_tbl_02015,gob_tbl_01078,dlk_tbl_00673,gob_tbl_01773;9;dlk_tbl_02140,dlk_tbl_01407,dlk_tbl_02052,gob_tbl_00675,dlk_tbl_00844,gob_ext_00341,std_ext_00409,gob_ext_00395,gob_ext_00315
dlk_proceso_0267;5;dlk_tbl_01793,dash_tbl_01976,dlk_tbl_01190,gob_tbl_00014,dlk_tbl_01356;17;dlk_tbl_00711,gob_tbl_00642,dlk_tbl_02025,dash_tbl_01018,dlk_tbl_01722,std_tbl_00920,gob_tbl_00511,proc_tbl_00093,dlk_tbl_02073,dlk_tbl_01766,gob_ext_00220,dlk_ext_00354,dlk_ext_00324,gob_ext_00071,dlk_ext_00250,gob_ext_00371,dlk_ext_00283
dlk_proceso_0268;3;gob_tbl_00968,gob_tbl_01450,dlk_tbl_00714;13;dash_tbl_00670,gob_tbl_02160,gob_tbl_01964,proc_tbl_01445,dlk_tbl_01866,dash_tbl_00075,gob_tbl_00176,dlk_ext_00282,gob_ext_00220,gob_ext_00147,dlk_ext_00111,proc_ext_00086,gob_ext_00020
dlk_proceso_0269;2;m4vw_tbl_01197,gob_tbl_00000;9;dlk_tbl_01425,dlk_tbl_00823,proc_tbl_01011,dlk_tbl_02052,dlk_tbl_01067,dlk_ext_00408,proc_ext_00017,gob_ext_00075,gob_ext_00153
dlk_proceso_0270;4;dlk_tbl_00999,dlk_tbl_00050,gob_tbl_00241,gob_tbl_01613;7;dlk_tbl_00453,dlk_tbl_00048,gob_tbl_01531,dlk_tbl_01929,dlk_ext_00002,dlk_ext_00391,dlk_ext_00100
proc_proceso_0271;2;gob_tbl_00407,dash_tbl_00951;8;dash_tbl_00921,m4sco_tbl_00809,gob_tbl_02047,proc_tbl_00594,dlk_tbl_00778,gob_ext_00363,proc_ext_00326,dlk_ext_00234
dlk_proceso_0272;7;gob_tbl_01637,gob_tbl_00106,gob_tbl_01186,dlk_tbl_00430,dlk_tbl_01438,gob_tbl_00998,dlk_tbl_00578;11;gob_tbl_02133,proc_tbl_00658,dlk_tbl_01599,gob_tbl_01665,gob_tbl_01108,dlk_tbl_00390,dlk_ext_00083,proc_ext_00086,gob_ext_00252,gob_ext_00081,gob_ext_00202
dlk_proceso_0273;2;dlk_tbl_00111,gob_tbl_01396;5;gob_tbl_01805,gob_tbl_01181,gob_tbl_01193,std_ext_00230,dlk_ext_00011
dlk_proceso_0274;3;gob_tbl_01754,dlk_tbl_01880,dlk_tbl_01355;17;dash_tbl_01513,proc_tbl_00283,dlk_tbl_00833,dlk_tbl_01297,dlk_tbl_01407,dlk_tbl_00146,gob_tbl_00748,gob_tbl_01912,proc_tbl_01052,gob_tbl_01228,dash_ext_00333,proc_ext_00373,dlk_ext_00111,dlk_ext_00234,dlk_ext_00308,dlk_ext_00276,dlk_ext_00394
gob_proceso_0275;5;gob_tbl_00378,gob_tbl_01776,dlk_tbl_01523,gob_tbl_00214,dlk_tbl_00400;12;gob_tbl_00186,gob_tbl_00021,dlk_tbl_01027,gob_tbl_00759,gob_tbl_02134,proc_tbl_02029,gob_tbl_01236,proc_ext_00086,proc_ext_00072,proc_ext_00358,dash_ext_00116,proc_ext_00307
gob_proceso_0276;3;dlk_tbl_01594,proc_tbl_01563,dash_tbl_02053;8;proc_tbl_01419,dlk_tbl_01295,dlk_tbl_01255,gob_tbl_01062,proc_tbl_00825,dlk_ext_00108,gob_ext_00341,dlk_ext_00126
gob_proceso_0277;3;gob_tbl_00891,gob_tbl_00726,dlk_tbl_01547;11;gob_tbl_01361,dash_tbl_00838,std_tbl_00497,std_tbl_00481,std_tbl_01432,dlk_tbl_01672,dlk_ext_00382,gob_ext_00081,proc_ext_00001,dlk_ext_00325,gob_ext_00252
proc_proceso_0278;2;dlk_tbl_00493,dash_tbl_00299;4;proc_tbl_02125,dlk_tbl_02062,dlk_ext_00018,gob_ext_00021
gob_proceso_0279;2;std_tbl_00926,dash_tbl_00901;5;dlk_tbl_00048,gob_tbl_00592,proc_tbl_01713,gob_ext_00336,gob_ext_00012
dlk_proceso_0280;2;gob_tbl_01900,proc_tbl_00522;15;gob_tbl_00742,dlk_tbl_00265,proc_tbl_01761,dash_tbl_00715,gob_tbl_00404,proc_tbl_00381,std_tbl_00469,gob_tbl_01289,proc_tbl_01109,dlk_ext_00322,proc_ext_00274,gob_ext_00109,dlk_ext_00190,gob_ext_00154,proc_ext_00017
dlk_proceso_0281;4;dash_tbl_01175,dlk_tbl_01607,proc_tbl_01633,gob_tbl_01828;8;std_tbl_02032,gob_tbl_01080,dlk_tbl_00515,gob_tbl_01932,dlk_tbl_02139,dlk_ext_00013,dlk_ext_00376,proc_ext_00359
gob_proceso_0282;3;dash_tbl_01950,dlk_tbl_00219,dlk_tbl_01264;8;gob_tbl_00536,dlk_tbl_00001,gob_tbl_00826,dash_tbl_01018,dlk_tbl_00530,dlk_ext_00308,gob_ext_00297,gob_ext_00097
dlk_proceso_0283;4;dash_tbl_01848,dlk_tbl_01598,dlk_tbl_00579,gob_tbl_01943;12;dlk_tbl_01766,proc_tbl_01983,gob_tbl_01191,dlk_tbl_01707,proc_tbl_02061,dlk_tbl_00373,dash_tbl_01018,dlk_ext_00270,dlk_ext_00374,dlk_ext_00376,gob_ext_00008,gob_ext_00202
dlk_proceso_0284;4;dlk_tbl_01286,dlk_tbl_00256,dlk_tbl_01509,dash_tbl_00993;8;gob_tbl_00905,gob_tbl_00555,gob_tbl_01075,gob_tbl_01984,gob_tbl_00746,gob_ext_00117,proc_ext_00166,ppn_ext_00393
dlk_proceso_0285;3;std_tbl_01874,dlk_tbl_01483,gob_tbl_01593;12;proc_tbl_01317,dash_tbl_00767,gob_tbl_01665,dlk_tbl_00919,m4vw_tbl_00788,dlk_tbl_01386,gob_tbl_01479,dlk_ext_00350,gob_ext_00104,proc_ext_00388,gob_ext_00020,dlk_ext_00118
dlk_proceso_0286;6;gob_tbl_00133,gob_tbl_00863,gob_tbl_00212,m4vw_tbl_00934,dlk_tbl_00435,dlk_tbl_01894;12;gob_tbl_01700,dash_tbl_01163,gob_tbl_01389,dlk_tbl_00908,gob_tbl_01795,gob_tbl_00393,gob_tbl_01431,dlk_ext_00140,dlk_ext_00238,gob_ext_00363,dlk_ext_00253,dlk_ext_00282
gob_proceso_0287;4;ppn_tbl_01614,dlk_tbl_01815,proc_tbl_00301,m4vw_tbl_01940;12;proc_tbl_01472,gob_tbl_02124,proc_tbl_00799,gob_tbl_00233,gob_tbl_01920,gob_tbl_01410,dlk_tbl_01091,proc_ext_00359,proc_ext_00274,gob_ext_00220,dlk_ext_00092,dlk_ext_00234
gob_proceso_0288;3;dlk_tbl_01471,dlk_tbl_00539,proc_tbl_01444;8;gob_tbl_01846,proc_tbl_00169,gob_tbl_01974,gob_tbl_00793,std_tbl_00262,dlk_ext_00403,m4vw_ext_00047,dlk_ext_00323
gob_proceso_0289;6;dlk_tbl_01888,gob_tbl_00208,dlk_tbl_01695,dlk_tbl_01425,dlk_tbl_01760,dash_tbl_00676;12;dlk_tbl_01867,gob_tbl_01387,dlk_tbl_00409,proc_tbl_01363,gob_tbl_01821,gob_tbl_01786,dash_tbl_01476,dash_ext_00333,dlk_ext_00201,dlk_ext_00112,gob_ext_00284,gob_ext_00149
dlk_proceso_0290;5;proc_tbl_00954,m4vw_tbl_01577,proc_tbl_01596,gob_tbl_00883,gob_tbl_00826;7;dlk_tbl_01826,dlk_tbl_01601,gob_tbl_00811,dlk_tbl_01404,std_ext_00093,std_ext_00409,gob_ext_00104
proc_proceso_0291;7;std_tbl_00215,dlk_tbl_01009,dlk_tbl_00068,proc_tbl_02086,gob_tbl_00498,gob_tbl_00330,dlk_tbl_01969;10;m4vw_tbl_01344,gob_tbl_01912,dlk_tbl_01471,dlk_tbl_01463,gob_tbl_01191,gob_tbl_00642,gob_ext_00098,proc_ext_00344,gob_ext_00246,dlk_ext_00105
dlk_proceso_0292;6;dash_tbl_01487,dlk_tbl_00782,proc_tbl_00874,proc_tbl_01659,dlk_tbl_00116,dlk_tbl_01725;10;dash_tbl_02093,dlk_tbl_00070,gob_tbl_01191,dash_tbl_01937,proc_tbl_00876,ppn_tbl_01942,gob_ext_00154,dlk_ext_00057,dlk_ext_00121,gob_ext_00336
proc_proceso_0293;4;gob_tbl_00024,dash_tbl_01669,dlk_tbl_01335,dash_tbl_00639;3;dlk_tbl_00741,gob_tbl_00122,dlk_ext_00264
dlk_proceso_0294;6;proc_tbl_00989,proc_tbl_01673,proc_tbl_01327,dlk_tbl_01153,gob_tbl_00544,gob_tbl_01465;4;dlk_tbl_01622,dash_tbl_00076,gob_ext_00318,ppn_ext_00383
proc_proceso_0295;4;dlk_tbl_00418,gob_tbl_00858,ppn_tbl_00872,dlk_tbl_01810;13;dlk_tbl_00984,gob_tbl_01998,std_tbl_00481,gob_tbl_01266,dlk_tbl_01561,proc_tbl_01628,proc_tbl_01569,dlk_ext_00353,dlk_ext_00376,gob_ext_00378,gob_ext_00075,dlk_ext_00375,proc_ext_00319
dlk_proceso_0296;6;dlk_tbl_00815,gob_tbl_01364,gob_tbl_01082,dlk_tbl_01552,proc_tbl_01510,dlk_tbl_00599;11;dlk_tbl_00720,gob_tbl_00498,dlk_tbl_01699,proc_tbl_02008,dlk_tbl_01091,dash_tbl_00842,dash_ext_00327,dlk_ext_00277,gob_ext_00020,dlk_ext_00404,gob_ext_00296
dlk_proceso_0297;5;gob_tbl_01685,proc_tbl_02158,gob_tbl_01331,dlk_tbl_01919,proc_tbl_01687;13;gob_tbl_01849,dlk_tbl_01004,gob_tbl_00003,m4sco_tbl_02081,dlk_tbl_01605,dash_tbl_00951,gob_tbl_01540,dash_ext_00055,proc_ext_00302,dlk_ext_00272,dlk_ext_00121,gob_ext_00147,ppn_ext_00393
dlk_proceso_0298;4;gob_tbl_01158,gob_tbl_01959,m4vw_tbl_01427,gob_tbl_00543;6;gob_tbl_00605,gob_tbl_01532,dlk_tbl_01580,proc_ext_00307,gob_ext_00085,dlk_ext_00126
dlk_proceso_0299;5;proc_tbl_01638,gob_tbl_01857,gob_tbl_01422,dlk_tbl_01130,ppn_tbl_00636;5;gob_tbl_00096,std_tbl_02141,dlk_tbl_00048,proc_ext_00067,dlk_ext_00217
dash_proceso_0300;3;dlk_tbl_00732,gob_tbl_00536,gob_tbl_01531;4;proc_tbl_01616,dlk_tbl_01973,gob_ext_00339,dlk_ext_00290
gob_proceso_0301;6;proc_tbl_02111,dash_tbl_00013,gob_tbl_00422,proc_tbl_00618,gob_tbl_00032,dlk_tbl_00546;4;m4vw_tbl_00635,dlk_tbl_01166,dlk_ext_00283,gob_ext_00039
gob_proceso_0302;5;gob_tbl_00739,gob_tbl_00746,dlk_tbl_00273,dlk_tbl_01548,dlk_tbl_00281;11;dlk_tbl_00408,dash_tbl_00399,dlk_tbl_00996,gob_tbl_01025,gob_tbl_00014,gob_tbl_01794,gob_ext_00407,dash_ext_00345,proc_ext_00267,proc_ext_00186,gob_ext_00097
dlk_proceso_0303;6;gob_tbl_01000,dlk_tbl_01231,gob_tbl_01735,dlk_tbl_01807,proc_tbl_00169,dlk_tbl_00526;9;dash_tbl_00529,m4sco_tbl_01373,dlk_tbl_01215,proc_tbl_00295,dlk_tbl_01092,gob_ext_00204,gob_ext_00273,dlk_ext_00212,std_ext_00125
proc_proceso_0304;2;proc_tbl_00947,gob_tbl_00444;13;proc_tbl_01946,gob_tbl_01819,gob_tbl_01849,gob_tbl_00117,gob_tbl_02060,m4vw_tbl_00635,dlk_tbl_00681,dlk_ext_00079,proc_ext_00099,dlk_ext_00256,m4vw_ext_00047,gob_ext_00371,gob_ext_00122
gob_proceso_0305;4;dlk_tbl_01684,proc_tbl_01321,dlk_tbl_00540,gob_tbl_00735;12;gob_tbl_00895,dlk_tbl_00067,gob_tbl_01014,dash_tbl_01667,gob_tbl_01532,proc_tbl_01024,dash_tbl_00547,gob_ext_00356,dlk_ext_00304,dlk_ext_00111,dlk_ext_00377,gob_ext_00312
dlk_proceso_0306;7;dlk_tbl_00943,gob_tbl_00003,dlk_tbl_00156,dlk_tbl_00681,gob_tbl_00538,dash_tbl_00414,proc_tbl_00765;10;dlk_tbl_00112,dlk_tbl_01793,std_tbl_01495,dash_tbl_02010,gob_tbl_01389,proc_tbl_00009,dash_ext_00116,dlk_ext_00322,dlk_ext_00282,gob_ext_00142
proc_proceso_0307;5;proc_tbl_00861,std_tbl_00703,gob_tbl_02118,dash_tbl_01424,gob_tbl_01660;10;m4sco_tbl_01072,gob_tbl_01025,gob_tbl_00192,dash_tbl_00414,dash_tbl_00449,proc_tbl_00361,gob_ext_00334,dlk_ext_00096,gob_ext_00021,proc_ext_00401
gob_proceso_0308;3;proc_tbl_00750,dlk_tbl_01469,gob_tbl_00862;10;m4vw_tbl_01564,dlk_tbl_01448,m4sco_tbl_01072,dlk_tbl_01205,dash_tbl_00755,dlk_tbl_01677,dlk_ext_00068,dlk_ext_00253,proc_ext_00029,dash_ext_00333
dlk_proceso_0309;3;m4sco_tbl_00242,gob_tbl_00550,gob_tbl_01155;17;gob_tbl_01408,proc_tbl_00677,proc_tbl_00954,gob_tbl_01518,dash_tbl_00665,gob_tbl_00572,dash_tbl_00986,gob_tbl_00468,proc_tbl_00478,gob_tbl_00928,proc_ext_00054,m4sco_ext_00157,dlk_ext_00245,gob_ext_00026,gob_ext_00021,gob_ext_00098,proc_ext_00022
gob_proceso_0310;4;gob_tbl_01125,dlk_tbl_00851,proc_tbl_01538,gob_tbl_01838;7;proc_tbl_01461,gob_tbl_00411,gob_tbl_01981,dlk_tbl_01723,gob_ext_00202,dlk_ext_00277,dlk_ext_00068
dlk_proceso_0311;3;gob_tbl_02146,dlk_tbl_01557,gob_tbl_00445;6;gob_tbl_01696,dash_tbl_00223,std_tbl_00979,dlk_ext_00271,dlk_ext_00325,gob_ext_00351
proc_proceso_0312;6;proc_tbl_01472,dash_tbl_00046,gob_tbl_00292,dlk_tbl_00420,m4vw_tbl_01342,gob_tbl_00532;6;gob_tbl_01724,dlk_tbl_01273,dlk_tbl_00198,dlk_ext_00224,proc_ext_00099,dlk_ext_00217
dlk_proceso_0313;7;gob_tbl_01451,gob_tbl_01142,gob_tbl_00991,proc_tbl_00876,proc_tbl_02149,dlk_tbl_01797,dlk_tbl_01382;9;std_tbl_00203,gob_tbl_01440,gob_tbl_01260,dash_tbl_01950,dlk_tbl_02058,gob_ext_00021,proc_ext_00344,dlk_ext_00250,dlk_ext_00096
gob_proceso_0314;4;dlk_tbl_00882,dlk_tbl_02154,proc_tbl_01796,gob_tbl_01361;13;dlk_tbl_01230,gob_tbl_00306,dlk_tbl_01722,gob_tbl_00722,gob_tbl_00572,gob_tbl_01029,proc_tbl_01430,dlk_ext_00105,dlk_ext_00250,m4vw_ext_00263,ppn_ext_00239,std_ext_00409,gob_ext_00142
dlk_proceso_0315;4;proc_tbl_00569,proc_tbl_01579,gob_tbl_01405,gob_tbl_01497;9;dlk_tbl_01132,gob_tbl_00330,gob_tbl_00648,proc_tbl_01921,dlk_tbl_01245,gob_ext_00081,proc_ext_00362,proc_ext_00346,dlk_ext_00264
dlk_proceso_0316;5;gob_tbl_01998,proc_tbl_00327,gob_tbl_01635,dlk_tbl_00867,gob_tbl_00969;12;dash_tbl_01268,gob_tbl_02148,gob_tbl_01908,gob_tbl_00608,dlk_tbl_01023,gob_tbl_00893,gob_tbl_00410,gob_ext_00026,dlk_ext_00126,gob_ext_00222,dlk_ext_00190,dlk_ext_00129
dlk_proceso_0317;4;dlk_tbl_00019,gob_tbl_00945,gob_tbl_00200,ppn_tbl_01065;6;gob_tbl_00549,dlk_tbl_01509,dlk_tbl_00273,gob_ext_00297,gob_ext_00406,gob_ext_00301
dlk_proceso_0318;5;proc_tbl_01494,dash_tbl_00038,dash_tbl_00075,gob_tbl_01283,gob_tbl_01970;9;dash_tbl_00983,dlk_tbl_01184,dlk_tbl_00644,gob_tbl_02030,dlk_tbl_00776,proc_ext_00145,proc_ext_00344,dash_ext_00055,dash_ext_00355
dash_proceso_0319;3;dlk_tbl_02138,gob_tbl_01852,gob_tbl_00716;6;dlk_tbl_00428,dash_tbl_00953,gob_tbl_01289,dlk_ext_00076,gob_ext_00301,dlk_ext_00277
dlk_proceso_0320;5;m4sco_tbl_01403,gob_tbl_00413,proc_tbl_01452,gob_tbl_01453,dlk_tbl_00113;9;proc_tbl_00103,dlk_tbl_00048,dlk_tbl_00187,gob_tbl_00604,dash_tbl_01299,dlk_ext_00322,dlk_ext_00111,proc_ext_00065,dlk_ext_00216
dlk_proceso_0321;5;dlk_tbl_01016,gob_tbl_01137,dlk_tbl_00495,dlk_tbl_01602,proc_tbl_01569;5;gob_tbl_01146,gob_tbl_01225,dlk_tbl_01592,proc_ext_00401,gob_ext_00078
gob_proceso_0322;2;dlk_tbl_00728,dlk_tbl_01519;20;gob_tbl_01697,dlk_tbl_01074,proc_tbl_01768,dlk_tbl_01672,gob_tbl_00828,dlk_tbl_01793,dlk_tbl_01273,gob_tbl_01379,proc_tbl_01946,gob_tbl_01554,dash_tbl_00559,dlk_tbl_00263,m4vw_ext_00263,gob_ext_00147,dlk_ext_00111,dlk_ext_00011,m4sco_ext_00157,dlk_ext_00397,dash_ext_00355,dlk_ext_00234
dlk_proceso_0323;4;dlk_tbl_01875,std_tbl_00790,gob_tbl_01346,dlk_tbl_01561;12;gob_tbl_01310,gob_tbl_00549,dash_tbl_01131,gob_tbl_00898,dlk_tbl_02009,m4vw_tbl_01627,gob_tbl_00532,gob_ext_00194,proc_ext_00067,dlk_ext_00382,gob_ext_00336,std_ext_00093
gob_proceso_0324;5;dlk_tbl_01004,gob_tbl_01328,dlk_tbl_01511,gob_tbl_00808,dlk_tbl_01850;13;dlk_tbl_01736,dlk_tbl_02062,dlk_tbl_01223,gob_tbl_00152,dlk_tbl_00206,gob_tbl_00713,gob_tbl_01451,gob_ext_00371,gob_ext_00295,proc_ext_00086,ppn_ext_00207,dlk_ext_00304,proc_ext_00102
dlk_proceso_0325;2;dlk_tbl_01788,proc_tbl_01322;7;dlk_tbl_01592,dash_tbl_01057,dlk_tbl_01555,proc_tbl_00816,dlk_ext_00140,m4sco_ext_00157,gob_ext_00071
proc_proceso_0326;4;gob_tbl_00459,dlk_tbl_01714,proc_tbl_00085,dlk_tbl_01169;9;dlk_tbl_02062,dlk_tbl_00775,dlk_tbl_00341,dash_tbl_00967,gob_tbl_00389,gob_ext_00153,dlk_ext_00095,proc_ext_00072,dlk_ext_00032
proc_proceso_0327;5;gob_tbl_01710,dash_tbl_00806,gob_tbl_02024,gob_tbl_00140,dlk_tbl_01047;8;proc_tbl_00729,dlk_tbl_01132,proc_tbl_00653,proc_tbl_00486,gob_tbl_01260,dlk_ext_00140,ppn_ext_00393,dlk_ext_00304
dlk_proceso_0328;2;gob_tbl_00108,gob_tbl_00836;8;gob_tbl_02127,dlk_tbl_01291,dash_tbl_01320,gob_tbl_01365,std_tbl_01302,dlk_ext_00271,dlk_ext_00224,dlk_ext_00066
gob_proceso_0329;6;gob_tbl_01261,dash_tbl_01259,dlk_tbl_01291,gob_tbl_01242,dlk_tbl_00209,dlk_tbl_01281;9;dlk_tbl_01164,dlk_tbl_01967,proc_tbl_00663,gob_tbl_01265,gob_tbl_01410,dlk_ext_00225,proc_ext_00267,dlk_ext_00396,m4sco_ext_00004
proc_proceso_0330;4;m4sco_tbl_00805,gob_tbl_01108,proc_tbl_00287,dlk_tbl_00779;14;gob_tbl_01078,gob_tbl_02134,dlk_tbl_00131,dlk_tbl_00697,dlk_tbl_01924,gob_tbl_01922,gob_tbl_00624,gob_tbl_01415,gob_ext_00008,dash_ext_00200,dlk_ext_00115,proc_ext_00099,gob_ext_00222,dlk_ext_00342
dash_proceso_0331;3;ppn_tbl_00443,gob_tbl_00516,gob_tbl_01861;17;proc_tbl_00473,gob_tbl_01158,gob_tbl_01348,gob_tbl_01632,dlk_tbl_00284,gob_tbl_01440,dlk_tbl_01273,gob_tbl_01288,dlk_tbl_00266,gob_tbl_00356,gob_ext_00269,dlk_ext_00158,proc_ext_00029,gob_ext_00071,gob_ext_00042,dash_ext_00335,gob_ext_00371
dash_proceso_0332;2;gob_tbl_01855,dlk_tbl_01711;13;gob_tbl_00972,gob_tbl_00488,dlk_tbl_00225,proc_tbl_00729,dlk_tbl_00240,dlk_tbl_01231,std_tbl_00246,dlk_ext_00217,dlk_ext_00184,gob_ext_00363,gob_ext_00395,dlk_ext_00066,gob_ext_00150
dlk_proceso_0333;4;gob_tbl_00698,gob_tbl_00535,gob_tbl_01668,gob_tbl_00904;10;gob_tbl_00498,dlk_tbl_01562,gob_tbl_00141,dash_tbl_00767,dlk_tbl_02122,proc_tbl_00885,dlk_ext_00370,m4sco_ext_00265,dlk_ext_00068,dlk_ext_00281
dlk_proceso_0334;4;proc_tbl_01631,dlk_tbl_00424,dlk_tbl_01400,gob_tbl_01378;4;dlk_tbl_01887,gob_tbl_01105,dlk_ext_00108,proc_ext_00015
proc_proceso_0335;3;dlk_tbl_00074,gob_tbl_01221,dlk_tbl_00428;5;dlk_tbl_01505,m4sco_tbl_01072,proc_tbl_00797,proc_ext_00362,dlk_ext_00040
gob_proceso_0336;6;gob_tbl_01181,dlk_tbl_00101,dlk_tbl_00216,dlk_tbl_01882,dlk_tbl_00051,dlk_tbl_00254;6;gob_tbl_00671,dlk_tbl_01723,gob_tbl_01520,dlk_ext_00308,gob_ext_00258,dlk_ext_00070
gob_proceso_0337;3;proc_tbl_00869,gob_tbl_00264,dlk_tbl_01723;14;dlk_tbl_01725,proc_tbl_00191,proc_tbl_01654,gob_tbl_00689,proc_tbl_01913,dlk_tbl_01602,gob_tbl_00802,dlk_tbl_01199,dlk_ext_00136,m4sco_ext_00219,gob_ext_00042,gob_ext_00369,dlk_ext_00325,gob_ext_00071
gob_proceso_0338;4;proc_tbl_00007,m4vw_tbl_01426,m4sco_tbl_01455,gob_tbl_00192;7;gob_tbl_00783,proc_tbl_01596,gob_tbl_00507,dlk_tbl_01215,gob_ext_00252,std_ext_00074,dlk_ext_00375
gob_proceso_0339;4;gob_tbl_00915,gob_tbl_01150,dash_tbl_00399,dlk_tbl_00485;12;gob_tbl_00057,dlk_tbl_00533,dlk_tbl_00757,gob_tbl_01347,dlk_tbl_00183,dash_tbl_01326,dash_tbl_00487,gob_ext_00214,dlk_ext_00224,dlk_ext_00225,dlk_ext_00232,gob_ext_00178
gob_proceso_0340;7;gob_tbl_00881,gob_tbl_01284,dash_tbl_00953,gob_tbl_01872,std_tbl_00319,dash_tbl_01290,gob_tbl_00332;9;dlk_tbl_00610,dlk_tbl_01231,dlk_tbl_01313,gob_tbl_00104,dlk_tbl_00219,proc_ext_00022,dlk_ext_00249,gob_ext_00372,gob_ext_00085
gob_proceso_0341;4;dlk_tbl_01312,dlk_tbl_00017,dlk_tbl_00005,dash_tbl_01051;11;dlk_tbl_01372,ppn_tbl_00632,gob_tbl_01524,std_tbl_00703,proc_tbl_01416,gob_tbl_01333,gob_ext_00218,proc_ext_00267,gob_ext_00254,m4sco_ext_00157,gob_ext_00077
gob_proceso_0342;3;dlk_tbl_00655,dash_tbl_01018,gob_tbl_00748;8;dash_tbl_00449,gob_tbl_00498,proc_tbl_00554,std_tbl_00545,proc_tbl_01322,dlk_ext_00394,gob_ext_00073,gob_ext_00098
dlk_proceso_0343;3;dlk_tbl_01770,proc_tbl_01308,m4sco_tbl_00562;13;gob_tbl_00624,gob_tbl_01786,dlk_tbl_01677,gob_tbl_01341,gob_tbl_01155,gob_tbl_02065,dlk_tbl_01023,std_ext_00409,gob_ext_00390,dlk_ext_00096,gob_ext_00197,gob_ext_00150,gob_ext_00123
gob_proceso_0344;6;dlk_tbl_02052,gob_tbl_01656,proc_tbl_00318,gob_tbl_01431,dlk_tbl_01028,proc_tbl_02096;9;dlk_tbl_00019,dlk_tbl_00281,dlk_tbl_00127,dash_tbl_00845,dash_tbl_01906,dlk_ext_00213,dlk_ext_00014,gob_ext_00147,gob_ext_00273
dlk_proceso_0345;2;std_tbl_01224,dlk_tbl_01314;12;dlk_tbl_00563,proc_tbl_01068,dlk_tbl_01223,proc_tbl_00191,dlk_tbl_00112,gob_tbl_00572,gob_tbl_01250,dlk_ext_00232,proc_ext_00177,gob_ext_00117,dlk_ext_00018,proc_ext_00260
gob_proceso_0346;3;dlk_tbl_01599,dlk_tbl_00631,proc_tbl_01621;9;ppn_tbl_01942,dlk_tbl_01166,dlk_tbl_00939,gob_tbl_00003,gob_tbl_01261,dlk_ext_00083,gob_ext_00243,proc_ext_00300,dash_ext_00050
proc_proceso_0347;5;dlk_tbl_01132,dash_tbl_01201,gob_tbl_00188,dlk_tbl_01715,gob_tbl_00395;7;m4vw_tbl_00034,proc_tbl_02006,dlk_tbl_01722,dlk_tbl_01793,dlk_ext_00113,dlk_ext_00037,gob_ext_00021
dlk_proceso_0348;6;dlk_tbl_00145,proc_tbl_00583,gob_tbl_00918,gob_tbl_01413,dlk_tbl_00699,dash_tbl_01380;6;gob_tbl_00718,gob_tbl_01794,dash_tbl_00986,dlk_ext_00293,std_ext_00409,proc_ext_00274
dlk_proceso_0349;3;ppn_tbl_00427,dlk_tbl_01244,m4vw_tbl_00868;11;gob_tbl_00402,gob_tbl_01685,gob_tbl_00261,proc_tbl_01306,gob_tbl_01489,std_tbl_00440,gob_ext_00268,gob_ext_00071,dlk_ext_00002,gob_ext_00365,gob_ext_00406
dlk_proceso_0350;3;gob_tbl_01102,proc_tbl_01174,dlk_tbl_01088;9;proc_tbl_00799,dlk_tbl_01166,gob_tbl_01697,dlk_tbl_01458,gob_tbl_00738,proc_ext_00300,dlk_ext_00112,gob_ext_00202,dlk_ext_00376
proc_proceso_0351;7;gob_tbl_01558,gob_tbl_00194,gob_tbl_01948,dash_tbl_00557,proc_tbl_01759,proc_tbl_01052,gob_tbl_00747;11;dlk_tbl_00927,dlk_tbl_02099,dash_tbl_01848,gob_tbl_00985,ppn_tbl_00427,m4vw_tbl_01962,gob_ext_00315,gob_ext_00204,gob_ext_00341,dlk_ext_00272,gob_ext_00141
gob_proceso_0352;2;dlk_tbl_01371,dlk_tbl_00574;7;dash_tbl_00838,dlk_tbl_00610,proc_tbl_00519,m4vw_tbl_01342,gob_ext_00356,gob_ext_00077,dlk_ext_00066
dash_proceso_0353;6;dlk_tbl_01404,dash_tbl_00967,dlk_tbl_02036,std_tbl_01941,std_tbl_00262,gob_tbl_00153;4;dlk_tbl_00815,gob_tbl_00286,proc_ext_00302,gob_ext_00361
proc_proceso_0354;4;dlk_tbl_00474,gob_tbl_01554,gob_tbl_00884,dlk_tbl_00159;6;std_tbl_00734,gob_tbl_00701,dlk_tbl_00984,dlk_ext_00111,std_ext_00261,dlk_ext_00276
gob_proceso_0355;7;proc_tbl_01936,gob_tbl_00226,gob_tbl_01029,std_tbl_01956,gob_tbl_01931,dlk_tbl_00409,dlk_tbl_01008;15;gob_tbl_01489,gob_tbl_00792,m4vw_tbl_01249,dlk_tbl_00960,dlk_tbl_01402,gob_tbl_01232,gob_tbl_00791,gob_tbl_01665,dlk_tbl_01982,gob_ext_00042,gob_ext_00208,dlk_ext_00271,dlk_ext_00256,proc_ext_00170,dlk_ext_00111
dlk_proceso_0356;6;dlk_tbl_01858,dlk_tbl_01718,dash_tbl_02010,dlk_tbl_01803,dlk_tbl_00199,proc_tbl_00374;11;proc_tbl_00093,dlk_tbl_01695,dlk_tbl_02009,dlk_tbl_01715,gob_tbl_01149,dlk_tbl_01887,proc_ext_00337,gob_ext_00214,dash_ext_00200,dlk_ext_00308,proc_ext_00300
gob_proceso_0357;5;gob_tbl_01115,std_tbl_00431,dlk_tbl_01129,gob_tbl_01241,std_tbl_00429;12;dlk_tbl_00437,ppn_tbl_01508,dlk_tbl_01655,gob_tbl_00406,dash_tbl_01259,gob_tbl_00586,dlk_tbl_00563,gob_ext_00215,dlk_ext_00112,gob_ext_00142,gob_ext_00336,gob_ext_00064
gob_proceso_0358;2;gob_tbl_01608,proc_tbl_00812;7;dlk_tbl_01676,dlk_tbl_00563,gob_tbl_00204,proc_tbl_01430,gob_ext_00152,gob_ext_00202,proc_ext_00029
dlk_proceso_0359;3;gob_tbl_02037,dlk_tbl_00277,dash_tbl_01731;4;dlk_tbl_02099,gob_tbl_00718,gob_ext_00081,proc_ext_00067
dlk_proceso_0360;7;gob_tbl_01480,gob_tbl_00202,gob_tbl_00558,gob_tbl_00411,gob_tbl_01410,proc_tbl_01701,gob_tbl_02044;9;dlk_tbl_00495,dlk_tbl_01988,dlk_tbl_00048,dash_tbl_00641,proc_tbl_01472,ppn_ext_00393,proc_ext_00358,gob_ext_00258,dlk_ext_00397
dlk_proceso_0361;3;proc_tbl_01737,dash_tbl_01020,gob_tbl_01963;4;proc_tbl_01809,dlk_tbl_01205,proc_ext_00306,gob_ext_00202
proc_proceso_0362;3;dash_tbl_01802,dlk_tbl_01407,gob_tbl_01974;4;dash_tbl_02075,dash_tbl_00487,dlk_ext_00270,gob_ext_00392
proc_proceso_0363;3;gob_tbl_00248,dlk_tbl_01467,gob_tbl_00305;12;gob_tbl_01357,gob_tbl_01696,proc_tbl_00569,gob_tbl_01754,proc_tbl_00677,gob_tbl_00995,std_tbl_01353,gob_ext_00275,dlk_ext_00324,gob_ext_00152,gob_ext_00406,std_ext_00023
gob_proceso_0364;5;gob_tbl_01042,dlk_tbl_00341,proc_tbl_00936,gob_tbl_01106,dlk_tbl_01945;8;dlk_tbl_00778,gob_tbl_01665,dlk_tbl_02025,dash_tbl_00449,dlk_tbl_01823,dlk_ext_00324,proc_ext_00177,gob_ext_00097
dlk_proceso_0365;2;dlk_tbl_00794,dlk_tbl_00235;9;dash_tbl_00042,dlk_tbl_01818,gob_tbl_01078,proc_tbl_01421,dlk_tbl_01823,proc_ext_00326,gob_ext_00063,gob_ext_00097,gob_ext_00199
proc_proceso_0366;4;dash_tbl_00956,ppn_tbl_01447,gob_tbl_00096,dlk_tbl_01877;10;dlk_tbl_00697,dlk_tbl_01850,gob_tbl_01062,dlk_tbl_00966,m4sco_tbl_00115,gob_tbl_00985,ppn_ext_00239,proc_ext_00326,dlk_ext_00193,dash_ext_00043
gob_proceso_0367;3;gob_tbl_01128,dlk_tbl_00509,proc_tbl_02001;13;gob_tbl_01015,proc_tbl_02111,gob_tbl_00524,dlk_tbl_00852,gob_tbl_01096,dlk_tbl_01866,dlk_tbl_01100,dash_ext_00259,dlk_ext_00070,dlk_ext_00172,gob_ext_00406,gob_ext_00205,proc_ext_00344
proc_proceso_0368;3;gob_tbl_00286,gob_tbl_01193,proc_tbl_01748;13;proc_tbl_01654,proc_tbl_01782,dlk_tbl_01407,dlk_tbl_00313,dlk_tbl_01356,gob_tbl_01767,dlk_tbl_00757,dlk_ext_00253,dlk_ext_00225,dlk_ext_00068,dlk_ext_00156,dash_ext_00333,proc_ext_00015
dlk_proceso_0369;3;m4vw_tbl_00813,gob_tbl_01101,dash_tbl_01275;9;gob_tbl_00186,dlk_tbl_01088,gob_tbl_02012,dlk_tbl_00187,gob_tbl_01191,gob_ext_00194,dlk_ext_00308,proc_ext_00244,dlk_ext_00404
dlk_proceso_0370;5;gob_tbl_00941,gob_tbl_01840,dash_tbl_01056,dlk_tbl_00870,dlk_tbl_00819;5;proc_tbl_01946,dlk_tbl_00493,dlk_tbl_00302,dlk_ext_00330,dlk_ext_00283
gob_proceso_0371;5;proc_tbl_00466,proc_tbl_00513,proc_tbl_00687,dlk_tbl_00683,dlk_tbl_00564;13;proc_tbl_00903,dlk_tbl_00259,gob_tbl_01451,dlk_tbl_00706,m4sco_tbl_00601,dlk_tbl_02106,dlk_tbl_00437,proc_ext_00196,dlk_ext_00037,m4vw_ext_00386,dlk_ext_00391,gob_ext_00085,dlk_ext_00348
dlk_proceso_0372;2;dlk_tbl_01670,std_tbl_00396;12;proc_tbl_01936,proc_tbl_01490,proc_tbl_00750,gob_tbl_00558,gob_tbl_00504,dlk_tbl_01255,gob_tbl_02124,gob_ext_00075,dlk_ext_00304,proc_ext_00099,dlk_ext_00231,dlk_ext_00038
dlk_proceso_0373;5;gob_tbl_01794,gob_tbl_02013,gob_tbl_01922,proc_tbl_01616,gob_tbl_01111;9;gob_tbl_00748,dlk_tbl_00815,dash_tbl_01320,gob_tbl_00671,gob_tbl_00922,dlk_ext_00006,dlk_ext_00377,gob_ext_00258,gob_ext_00226
gob_proceso_0374;6;std_tbl_00497,dlk_tbl_00974,proc_tbl_01576,dlk_tbl_01034,gob_tbl_00786,gob_tbl_01094;16;proc_tbl_01068,dlk_tbl_00059,gob_tbl_02033,proc_tbl_01751,gob_tbl_01554,m4sco_tbl_00807,m4vw_tbl_01940,dash_tbl_00767,gob_tbl_01014,proc_ext_00300,dlk_ext_00216,dlk_ext_00052,gob_ext_00410,gob_ext_00361,dlk_ext_00084,gob_ext_00406
gob_proceso_0375;5;proc_tbl_00621,gob_tbl_00138,dlk_tbl_00530,dlk_tbl_00848,gob_tbl_00480;8;gob_tbl_00025,gob_tbl_02020,gob_tbl_01652,dlk_tbl_02050,dlk_tbl_01428,dlk_ext_00308,gob_ext_00336,std_ext_00230
gob_proceso_0376;5;proc_tbl_00135,dlk_tbl_01217,gob_tbl_00828,gob_tbl_00457,proc_tbl_01574;5;gob_tbl_00407,dlk_tbl_01866,gob_tbl_01498,std_ext_00287,dlk_ext_00092
gob_proceso_0377;3;gob_tbl_01738,gob_tbl_01058,dlk_tbl_01019;13;dash_tbl_01513,gob_tbl_01333,m4sco_tbl_00809,proc_tbl_00082,dlk_tbl_00711,proc_tbl_01755,dlk_tbl_00071,dlk_ext_00317,gob_ext_00080,gob_ext_00336,dlk_ext_00232,dlk_ext_00225,dash_ext_00291
gob_proceso_0378;5;gob_tbl_00347,gob_tbl_01781,gob_tbl_02046,dlk_tbl_01985,dash_tbl_00614;7;dlk_tbl_01164,dlk_tbl_02063,proc_tbl_02149,gob_tbl_00269,gob_ext_00356,gob_ext_00406,gob_ext_00371
dlk_proceso_0379;3;dlk_tbl_00694,gob_tbl_00591,proc_tbl_00571;14;dlk_tbl_01691,proc_tbl_00594,gob_tbl_01696,std_tbl_00920,gob_tbl_01155,proc_tbl_02029,gob_tbl_01237,m4sco_tbl_01072,dlk_ext_00375,m4vw_ext_00047,proc_ext_00326,gob_ext_00153,gob_ext_00194,m4sco_ext_00265
dash_proceso_0380;5;dlk_tbl_00454,dlk_tbl_00506,gob_tbl_00136,dlk_tbl_00514,dlk_tbl_00239;9;gob_tbl_00276,proc_tbl_00160,dlk_tbl_01715,gob_tbl_01307,dash_tbl_01131,dlk_ext_00353,proc_ext_00102,dlk_ext_00217,dlk_ext_00391
dlk_proceso_0381;3;dash_tbl_00619,gob_tbl_00811,gob_tbl_00300;11;gob_tbl_00898,gob_tbl_01700,dlk_tbl_00155,gob_tbl_00161,dlk_tbl_01255,proc_tbl_00361,gob_ext_00275,dlk_ext_00285,proc_ext_00168,gob_ext_00162,m4vw_ext_00183
gob_proceso_0382;5;proc_tbl_02008,dlk_tbl_01528,dlk_tbl_01399,dlk_tbl_00672,dlk_tbl_00533;10;gob_tbl_00835,gob_tbl_00994,dlk_tbl_01797,dlk_tbl_01293,dlk_tbl_01954,gob_tbl_02108,std_ext_00051,proc_ext_00274,m4vw_ext_00263,gob_ext_00361
gob_proceso_0383;7;dlk_tbl_01087,gob_tbl_01724,dlk_tbl_01293,gob_tbl_00972,proc_tbl_01194,proc_tbl_00903,dlk_tbl_01971;20;gob_tbl_00389,dlk_tbl_01952,gob_tbl_01821,ppn_tbl_01503,gob_tbl_02030,gob_tbl_00338,gob_tbl_01397,dlk_tbl_01113,dlk_tbl_00437,dlk_tbl_01206,proc_tbl_02126,dlk_tbl_02099,dlk_ext_00068,gob_ext_00036,gob_ext_00149,gob_ext_00288,dlk_ext_00377,dlk_ext_00193,gob_ext_00073,dash_ext_00364
gob_proceso_0384;6;proc_tbl_00963,gob_tbl_00592,gob_tbl_01333,proc_tbl_00841,m4sco_tbl_00612,dash_tbl_01323;6;dlk_tbl_00927,proc_tbl_00992,proc_tbl_00687,m4sco_ext_00265,dlk_ext_00124,gob_ext_00356
dash_proceso_0385;2;proc_tbl_01359,dlk_tbl_01526;15;gob_tbl_01062,gob_tbl_00379,gob_tbl_01210,gob_tbl_00828,gob_tbl_02134,gob_tbl_00611,dlk_tbl_01803,proc_tbl_02042,dlk_tbl_01850,dlk_ext_00350,gob_ext_00141,gob_ext_00341,gob_ext_00175,gob_ext_00296,dlk_ext_00136
gob_proceso_0386;5;dlk_tbl_01736,dlk_tbl_01081,proc_tbl_01412,gob_tbl_00490,m4vw_tbl_01478;10;gob_tbl_00881,gob_tbl_01232,dlk_tbl_01793,dash_tbl_01976,proc_tbl_02143,proc_tbl_01878,dlk_ext_00066,dlk_ext_00136,gob_ext_00316,proc_ext_00326
gob_proceso_0387;2;proc_tbl_01154,dlk_tbl_00527;4;gob_tbl_01837,dlk_tbl_01662,dash_ext_00187,dash_ext_00335
dlk_proceso_0388;5;proc_tbl_00031,gob_tbl_01653,dlk_tbl_01791,dlk_tbl_00224,proc_tbl_01157;9;dlk_tbl_00044,gob_tbl_01795,dlk_tbl_01691,dlk_tbl_00183,dlk_tbl_01291,gob_ext_00336,dlk_ext_00133,dlk_ext_00213,m4sco_ext_00157
proc_proceso_0389;7;gob_tbl_00356,proc_tbl_00804,dlk_tbl_00211,dlk_tbl_01778,gob_tbl_00186,proc_tbl_01204,gob_tbl_01742;10;gob_tbl_02047,gob_tbl_01144,dash_tbl_00414,gob_tbl_01031,proc_tbl_00386,dlk_tbl_02088,proc_ext_00177,gob_ext_00042,dlk_ext_00118,gob_ext_00153
gob_proceso_0390;5;dlk_tbl_01010,proc_tbl_00312,m4sco_tbl_01553,gob_tbl_00661,dlk_tbl_00001;8;dlk_tbl_00975,dlk_tbl_01205,gob_tbl_00233,dlk_tbl_00852,proc_tbl_01946,gob_ext_00318,std_ext_00230,dash_ext_00144
dlk_proceso_0391;7;dlk_tbl_00090,dlk_tbl_01595,gob_tbl_00368,dash_tbl_02054,gob_tbl_01678,dlk_tbl_01944,dlk_tbl_01070;9;dlk_tbl_01184,gob_tbl_01352,gob_tbl_02033,m4vw_tbl_01032,gob_tbl_00873,m4vw_ext_00386,gob_ext_00141,dlk_ext_00221,dash_ext_00030
gob_proceso_0392;4;m4vw_tbl_00879,dlk_tbl_00762,dlk_tbl_00996,dlk_tbl_00622;4;proc_tbl_00296,proc_tbl_01141,ppn_ext_00393,dlk_ext_00066
gob_proceso_0393;4;gob_tbl_01489,dlk_tbl_00627,gob_tbl_01889,dash_tbl_00887;6;gob_tbl_01914,proc_tbl_01152,proc_tbl_01782,gob_ext_00019,gob_ext_00269,gob_ext_00122
gob_proceso_0394;2;dlk_tbl_00227,dash_tbl_01507;5;dash_tbl_01667,dlk_tbl_01034,gob_tbl_00839,dlk_ext_00217,gob_ext_00064
dash_proceso_0395;5;gob_tbl_01836,proc_tbl_02145,m4vw_tbl_00380,gob_tbl_00738,gob_tbl_02132;17;dlk_tbl_00255,gob_tbl_01451,gob_tbl_01932,gob_tbl_01049,dlk_tbl_00198,gob_tbl_00785,dlk_tbl_02116,dlk_tbl_00259,dlk_tbl_01458,std_tbl_02084,gob_ext_00154,dlk_ext_00285,gob_ext_00295,proc_ext_00267,gob_ext_00063,proc_ext_00067,dlk_ext_00126
dash_proceso_0396;7;dlk_tbl_00131,ppn_tbl_00632,dlk_tbl_00778,m4vw_tbl_02120,gob_tbl_00464,dlk_tbl_01719,dlk_tbl_01876;10;dlk_tbl_01092,dlk_tbl_01723,gob_tbl_01908,gob_tbl_00606,dlk_tbl_00645,proc_tbl_01167,gob_ext_00141,gob_ext_00147,dash_ext_00333,dlk_ext_00156
gob_proceso_0397;4;gob_tbl_00555,dash_tbl_01300,proc_tbl_00432,gob_tbl_01747;7;m4vw_tbl_01392,gob_tbl_01837,gob_tbl_01830,dlk_tbl_00474,proc_ext_00086,dlk_ext_00293,proc_ext_00346
proc_proceso_0398;8;proc_tbl_01843,gob_tbl_00195,ppn_tbl_00196,proc_tbl_00466,dlk_tbl_01750,gob_tbl_00560,m4sco_tbl_01095,dlk_tbl_00484;23;dlk_tbl_01027,dlk_tbl_00216,dlk_tbl_01797,std_tbl_01353,dlk_tbl_00526,std_tbl_00246,dash_tbl_01536,proc_tbl_02156,proc_tbl_00569,gob_tbl_00411,dlk_tbl_00326,proc_tbl_02061,gob_tbl_01324,gob_ext_00361,gob_ext_00063,dlk_ext_00113,gob_ext_00167,dlk_ext_00084,gob_ext_00194,proc_ext_00161,dlk_ext_00126,proc_ext_00099,dlk_ext_00317
gob_proceso_0399;5;dlk_tbl_01625,proc_tbl_00270,dlk_tbl_00193,gob_tbl_01477,dlk_tbl_01965;7;dlk_tbl_01548,proc_tbl_01692,dlk_tbl_00070,proc_tbl_01544,dlk_ext_00040,gob_ext_00063,dash_ext_00223
gob_proceso_0400;3;m4vw_tbl_01863,dlk_tbl_01775,proc_tbl_00283;11;proc_tbl_01141,dlk_tbl_01338,std_tbl_00203,dlk_tbl_01745,proc_tbl_01730,dlk_tbl_01736,dlk_ext_00294,proc_ext_00132,gob_ext_00134,m4sco_ext_00004,dlk_ext_00397
gob_proceso_0401;3;dlk_tbl_01617,proc_tbl_01809,proc_tbl_01420;12;m4vw_tbl_01564,proc_tbl_01544,gob_tbl_01794,std_tbl_01495,m4vw_tbl_01342,dlk_tbl_01599,proc_tbl_00952,dlk_ext_00212,dlk_ext_00234,dlk_ext_00232,dlk_ext_00040,dash_ext_00191
dlk_proceso_0402;3;gob_tbl_00442,gob_tbl_00280,gob_tbl_01220;9;proc_tbl_00432,dlk_tbl_00209,proc_tbl_00374,m4vw_tbl_00008,dlk_tbl_01842,gob_ext_00273,m4sco_ext_00219,dlk_ext_00083,gob_ext_00243
gob_proceso_0403;4;gob_tbl_00285,gob_tbl_00161,proc_tbl_01642,dash_tbl_01089;7;ppn_tbl_00443,proc_tbl_01567,gob_tbl_00238,gob_tbl_02114,dlk_ext_00403,dash_ext_00030,dash_ext_00131
proc_proceso_0404;7;dlk_tbl_00059,proc_tbl_00693,proc_tbl_01068,dlk_tbl_01504,proc_tbl_01640,gob_tbl_00702,proc_tbl_00899;11;gob_tbl_00464,dlk_tbl_01255,std_tbl_00359,gob_tbl_00871,gob_tbl_01932,dlk_tbl_01273,dlk_ext_00331,gob_ext_00269,gob_ext_00278,dlk_ext_00044,gob_ext_00406
gob_proceso_0405;7;dlk_tbl_02073,gob_tbl_01347,dlk_tbl_00939,gob_tbl_00088,proc_tbl_00110,gob_tbl_01310,dlk_tbl_01001;20;proc_tbl_02149,gob_tbl_01998,dlk_tbl_01699,proc_tbl_00168,dlk_tbl_00430,ppn_tbl_00636,proc_tbl_00952,gob_tbl_00884,dash_tbl_01018,proc_tbl_00043,gob_tbl_00194,dlk_tbl_01160,dlk_ext_00052,m4sco_ext_00157,gob_ext_00226,dlk_ext_00121,m4vw_ext_00047,gob_ext_00110,dlk_ext_00232,dlk_ext_00251
gob_proceso_0406;3;gob_tbl_00290,gob_tbl_01253,gob_tbl_00873;6;gob_tbl_00233,dlk_tbl_00441,gob_tbl_01829,gob_ext_00110,gob_ext_00202,gob_ext_00152
dlk_proceso_0407;5;gob_tbl_01883,dlk_tbl_02109,proc_tbl_01755,dlk_tbl_00850,dlk_tbl_01313;19;dlk_tbl_01219,gob_tbl_01185,gob_tbl_01963,gob_tbl_00464,dlk_tbl_01231,gob_tbl_00402,std_tbl_00545,gob_tbl_01250,dash_tbl_02089,dlk_tbl_00672,proc_tbl_01730,dlk_ext_00276,dlk_ext_00060,gob_ext_00389,dash_ext_00005,gob_ext_00399,dlk_ext_00221,dash_ext_00200,ppn_ext_00048
gob_proceso_0408;2;gob_tbl_00990,dlk_tbl_01847;7;gob_tbl_00476,dash_tbl_02089,dash_tbl_00614,dlk_tbl_01511,dlk_ext_00391,gob_ext_00336,dlk_ext_00234
dlk_proceso_0409;4;gob_tbl_01408,proc_tbl_01098,dlk_tbl_01457,dlk_tbl_01709;10;gob_tbl_01930,dash_tbl_01131,std_tbl_01874,dlk_tbl_02016,gob_tbl_01753,gob_tbl_01618,gob_ext_00033,dlk_ext_00113,dlk_ext_00044,dlk_ext_00105
proc_proceso_0410;4;dash_tbl_01763,proc_tbl_01330,dash_tbl_00625,gob_tbl_01671;11;proc_tbl_00849,m4vw_tbl_01627,gob_tbl_02071,gob_tbl_00700,dlk_tbl_00489,m4sco_tbl_01899,proc_ext_00168,dlk_ext_00189,gob_ext_00194,proc_ext_00017,m4vw_ext_00347
gob_proceso_0411;4;proc_tbl_01141,gob_tbl_01786,dlk_tbl_00988,dlk_tbl_01708;7;gob_tbl_02021,dlk_tbl_00401,gob_tbl_01934,gob_tbl_00611,gob_ext_00056,m4vw_ext_00047,dlk_ext_00002
dlk_proceso_0412;6;gob_tbl_01865,dash_tbl_00942,dash_tbl_01320,gob_tbl_00389,dlk_tbl_01463,m4vw_tbl_00034;13;proc_tbl_01141,dlk_tbl_01691,dlk_tbl_00711,gob_tbl_00094,dlk_tbl_01547,dlk_tbl_01784,gob_tbl_00773,dash_ext_00345,gob_ext_00242,m4vw_ext_00183,gob_ext_00369,m4sco_ext_00219,gob_ext_00141
dlk_proceso_0413;3;dash_tbl_00137,dlk_tbl_01401,dlk_tbl_01309;13;gob_tbl_02128,dlk_tbl_00401,gob_tbl_00280,std_tbl_00814,dlk_tbl_02088,proc_tbl_01336,proc_tbl_00952,gob_ext_00021,gob_ext_00295,proc_ext_00132,gob_ext_00356,dlk_ext_00044,gob_ext_00199
gob_proceso_0414;7;dlk_tbl_02028,gob_tbl_00130,proc_tbl_00037,dash_tbl_01623,gob_tbl_00531,gob_tbl_01236,dlk_tbl_00844;11;dlk_tbl_02109,gob_tbl_00643,dlk_tbl_01297,dlk_tbl_02135,dash_tbl_00767,std_tbl_00703,gob_ext_00371,gob_ext_00402,gob_ext_00361,gob_ext_00214,dlk_ext_00037
gob_proceso_0415;5;gob_tbl_01282,dash_tbl_01053,dlk_tbl_01740,proc_tbl_00381,dlk_tbl_01539;17;gob_tbl_00286,dlk_tbl_01511,dlk_tbl_01760,proc_tbl_00181,dlk_tbl_01817,proc_tbl_00073,gob_tbl_00498,dlk_tbl_00175,dlk_tbl_01973,gob_tbl_02160,gob_ext_00406,dlk_ext_00181,proc_ext_00385,dlk_ext_00014,std_ext_00125,dlk_ext_00382,m4sco_ext_00004
dlk_proceso_0416;7;gob_tbl_00731,gob_tbl_01031,gob_tbl_01388,dlk_tbl_00265,gob_tbl_00278,gob_tbl_00853,gob_tbl_01693;9;gob_tbl_02071,gob_tbl_01593,gob_tbl_00269,gob_tbl_01158,proc_tbl_01946,dash_ext_00116,gob_ext_00109,dash_ext_00335,dlk_ext_00044
dlk_proceso_0417;4;gob_tbl_01192,std_tbl_01353,gob_tbl_01696,dash_tbl_01063;6;std_tbl_00920,dlk_tbl_01526,ppn_tbl_01942,proc_ext_00302,dlk_ext_00105,std_ext_00125
dlk_proceso_0418;5;gob_tbl_00523,gob_tbl_00468,gob_tbl_01319,dlk_tbl_00878,gob_tbl_01704;17;proc_tbl_01024,dash_tbl_00983,dlk_tbl_01160,gob_tbl_01365,dlk_tbl_01010,std_tbl_00575,gob_tbl_01208,dlk_tbl_01526,std_tbl_00215,gob_tbl_02013,gob_ext_00194,proc_ext_00022,proc_ext_00337,proc_ext_00029,dlk_ext_00184,dash_ext_00355,gob_ext_00218
dash_proceso_0419;5;dlk_tbl_00669,gob_tbl_02065,dlk_tbl_01555,gob_tbl_01049,gob_tbl_00642;7;dlk_tbl_01722,gob_tbl_00536,gob_tbl_00900,gob_tbl_00413,proc_ext_00306,dlk_ext_00304,dash_ext_00030
dlk_proceso_0420;5;dlk_tbl_02018,proc_tbl_00528,gob_tbl_01324,proc_tbl_01960,proc_tbl_00877;12;proc_tbl_00989,dlk_tbl_02080,dlk_tbl_00077,dlk_tbl_00666,proc_tbl_01751,dlk_tbl_00943,dlk_tbl_01434,gob_ext_00142,gob_ext_00122,gob_ext_00363,dlk_ext_00234,m4sco_ext_00157
dlk_proceso_0421;2;std_tbl_01433,dlk_tbl_01933;6;gob_tbl_01665,gob_tbl_00924,gob_tbl_00994,dlk_ext_00137,proc_ext_00302,gob_ext_00021
dash_proceso_0422;5;gob_tbl_01532,gob_tbl_01905,dash_tbl_00275,dlk_tbl_02058,gob_tbl_00802;16;gob_tbl_00759,proc_tbl_00381,gob_tbl_01389,gob_tbl_01284,proc_tbl_00328,gob_tbl_00475,dlk_tbl_00199,gob_tbl_01228,gob_tbl_00269,gob_ext_00077,dlk_ext_00277,proc_ext_00255,gob_ext_00301,std_ext_00125,dlk_ext_00270,gob_ext_00026
dlk_proceso_0423;6;gob_tbl_02153,gob_tbl_01366,gob_tbl_01801,gob_tbl_01209,gob_tbl_01787,dash_tbl_01057;15;dlk_tbl_01269,gob_tbl_01408,gob_tbl_01210,dlk_tbl_01807,gob_tbl_00642,dlk_tbl_00433,gob_tbl_01128,gob_tbl_02071,dlk_tbl_00683,proc_ext_00166,dlk_ext_00133,gob_ext_00365,proc_ext_00001,gob_ext_00110,proc_ext_00352
dlk_proceso_0424;2;dlk_tbl_02157,proc_tbl_00888;15;gob_tbl_01830,dlk_tbl_02058,gob_tbl_00286,gob_tbl_01943,gob_tbl_01181,gob_tbl_01146,dlk_tbl_02106,gob_tbl_02041,gob_tbl_01932,gob_ext_00008,gob_ext_00007,proc_ext_00067,gob_ext_00127,gob_ext_00175,dlk_ext_00105
gob_proceso_0425;6;dlk_tbl_00711,proc_tbl_01152,dash_tbl_00767,ppn_tbl_01213,proc_tbl_00615,dlk_tbl_00823;13;gob_tbl_02059,gob_tbl_01364,dlk_tbl_00682,dlk_tbl_02121,dlk_tbl_00824,std_tbl_01224,proc_tbl_01563,dlk_ext_00283,proc_ext_00028,std_ext_00051,dlk_ext_00317,dlk_ext_00304,gob_ext_00089
gob_proceso_0426;8;proc_tbl_00119,gob_tbl_00406,gob_tbl_01767,proc_tbl_00144,gob_tbl_00388,proc_tbl_01114,gob_tbl_01260,gob_tbl_00150;5;dlk_tbl_01765,gob_tbl_01236,gob_tbl_01549,gob_ext_00097,proc_ext_00015
dlk_proceso_0427;3;proc_tbl_01716,dlk_tbl_00044,gob_tbl_00180;14;gob_tbl_01986,dlk_tbl_01143,dlk_tbl_00711,gob_tbl_01795,gob_tbl_02033,proc_tbl_01768,gob_tbl_00476,gob_tbl_00395,dlk_ext_00404,gob_ext_00071,dash_ext_00259,gob_ext_00218,dlk_ext_00283,proc_ext_00398
gob_proceso_0428;5;dlk_tbl_01276,gob_tbl_00910,gob_tbl_00488,dlk_tbl_00719,proc_tbl_00925;7;proc_tbl_01621,gob_tbl_00589,dlk_tbl_01714,proc_tbl_00312,dlk_ext_00108,gob_ext_00202,dlk_ext_00281
dlk_proceso_0429;6;dlk_tbl_01411,dlk_tbl_00247,dlk_tbl_01502,proc_tbl_02130,proc_tbl_01303,proc_tbl_00165;13;proc_tbl_00659,dash_tbl_02010,dlk_tbl_02009,dlk_tbl_02135,dlk_tbl_01987,gob_tbl_01608,gob_tbl_00136,gob_ext_00117,dlk_ext_00323,gob_ext_00303,proc_ext_00359,gob_ext_00021,proc_ext_00244
dash_proceso_0430;6;proc_tbl_00797,proc_tbl_01317,gob_tbl_01033,gob_tbl_01630,dlk_tbl_02135,ppn_tbl_01901;21;gob_tbl_00363,gob_tbl_01158,dlk_tbl_01881,gob_tbl_00608,dlk_tbl_00323,gob_tbl_00671,gob_tbl_00822,gob_tbl_01210,dlk_tbl_00501,gob_tbl_01970,dlk_tbl_01338,proc_tbl_02086,ppn_ext_00393,dash_ext_00049,proc_ext_00302,gob_ext_00007,gob_ext_00027,dlk_ext_00253,gob_ext_00336,dlk_ext_00342,gob_ext_00078
dlk_proceso_0431;5;dlk_tbl_01814,dash_tbl_00529,dlk_tbl_02052,m4vw_tbl_00935,dlk_tbl_01867;8;gob_tbl_01825,gob_tbl_00096,dash_tbl_01953,dlk_tbl_00235,gob_tbl_01307,dlk_ext_00115,dlk_ext_00133,ppn_ext_00048
gob_proceso_0432;6;gob_tbl_01337,dlk_tbl_01067,gob_tbl_02104,std_tbl_01990,gob_tbl_00835,dlk_tbl_00970;4;dlk_tbl_01745,dash_tbl_01833,gob_ext_00289,dlk_ext_00058
dlk_proceso_0433;5;gob_tbl_00021,dash_tbl_01892,m4vw_tbl_01564,dlk_tbl_00477,dash_tbl_00293;12;proc_tbl_00955,dash_tbl_01848,dlk_tbl_00183,gob_tbl_01590,std_tbl_00920,dlk_tbl_00331,ppn_tbl_00911,gob_ext_00208,dlk_ext_00040,gob_ext_00139,dash_ext_00335,m4vw_ext_00386
gob_proceso_0434;6;dash_tbl_00597,dlk_tbl_00158,dlk_tbl_00912,dlk_tbl_00824,proc_tbl_01109,dlk_tbl_02107;10;dash_tbl_00449,proc_tbl_01694,gob_tbl_00558,dlk_tbl_01672,dlk_tbl_00339,gob_tbl_01060,dlk_ext_00213,dlk_ext_00066,gob_ext_00019,dlk_ext_00253
gob_proceso_0435;5;gob_tbl_00325,gob_tbl_02002,dlk_tbl_01866,gob_tbl_00238,dlk_tbl_00314;7;dash_tbl_01456,dlk_tbl_01286,dlk_tbl_01777,proc_tbl_00744,dlk_ext_00181,proc_ext_00352,dlk_ext_00411
dash_proceso_0436;5;gob_tbl_00620,gob_tbl_00467,gob_tbl_00995,gob_tbl_02014,m4vw_tbl_01560;8;dlk_tbl_01292,dlk_tbl_01636,dlk_tbl_01104,dlk_tbl_01954,dlk_tbl_01519,dlk_ext_00282,gob_ext_00064,gob_ext_00021
gob_proceso_0437;3;dlk_tbl_00010,gob_tbl_00679,dlk_tbl_00092;11;gob_tbl_00700,gob_tbl_00201,gob_tbl_00584,gob_tbl_00667,dash_tbl_02089,gob_tbl_00998,ppn_ext_00239,ppn_ext_00393,dlk_ext_00382,dlk_ext_00277,proc_ext_00067
dlk_proceso_0438;6;dash_tbl_01473,gob_tbl_01383,dlk_tbl_01100,dlk_tbl_01037,dash_tbl_01456,proc_tbl_00243;9;dlk_tbl_01750,dlk_tbl_00984,gob_tbl_00395,gob_tbl_01252,proc_tbl_02158,proc_ext_00255,std_ext_00409,gob_ext_00039,dlk_ext_00342
gob_proceso_0439;3;gob_tbl_00772,proc_tbl_00079,dlk_tbl_00690;14;gob_tbl_01966,gob_tbl_01076,gob_tbl_01349,dlk_tbl_01784,dlk_tbl_01601,gob_tbl_00129,gob_tbl_00081,std_tbl_01302,dlk_ext_00133,gob_ext_00235,dlk_ext_00231,dlk_ext_00331,gob_ext_00027,dlk_ext_00037
gob_proceso_0440;2;std_tbl_00545,dlk_tbl_01136;7;gob_tbl_00264,dlk_tbl_01269,dash_tbl_00676,gob_tbl_01998,gob_ext_00081,proc_ext_00398,gob_ext_00064
dlk_proceso_0441;7;dlk_tbl_01680,dash_tbl_00670,dlk_tbl_02004,dlk_tbl_00666,dlk_tbl_00962,gob_tbl_00269,gob_tbl_00922;11;gob_tbl_01384,gob_tbl_02015,gob_tbl_00891,gob_tbl_00174,std_tbl_01224,dlk_tbl_00453,dlk_ext_00096,dlk_ext_00250,proc_ext_00102,gob_ext_00361,dlk_ext_00040
dlk_proceso_0442;2;gob_tbl_01211,dlk_tbl_01084;10;dash_tbl_01822,gob_tbl_00862,gob_tbl_00241,gob_tbl_00387,dash_tbl_00942,gob_tbl_00647,dlk_ext_00264,dlk_ext_00375,dlk_ext_00374,proc_ext_00102
dlk_proceso_0443;5;gob_tbl_01048,gob_tbl_00045,dash_tbl_01163,gob_tbl_01103,gob_tbl_00375;14;gob_tbl_00764,dlk_tbl_01935,gob_tbl_01388,gob_tbl_00411,gob_tbl_00081,dlk_tbl_01588,gob_tbl_02047,dash_tbl_00344,gob_ext_00110,dlk_ext_00014,dlk_ext_00253,m4vw_ext_00347,dlk_ext_00121,dlk_ext_00397
gob_proceso_0444;5;gob_tbl_00173,gob_tbl_00764,gob_tbl_00461,proc_tbl_01003,gob_tbl_00759;4;gob_tbl_00053,dlk_tbl_00815,std_ext_00125,proc_ext_00145
dlk_proceso_0445;5;proc_tbl_00361,gob_tbl_00818,gob_tbl_01237,dlk_tbl_01441,gob_tbl_00648;7;proc_tbl_01936,dash_tbl_01976,dash_tbl_02007,dash_tbl_00503,proc_ext_00086,proc_ext_00346,gob_ext_00296
gob_proceso_0446;6;dlk_tbl_01967,gob_tbl_01202,m4vw_tbl_02092,proc_tbl_01171,proc_tbl_02066,dlk_tbl_01999;15;dlk_tbl_00878,gob_tbl_01014,proc_tbl_01510,proc_tbl_01921,gob_tbl_00253,proc_tbl_00328,proc_tbl_01983,dash_tbl_01513,gob_tbl_00826,dlk_ext_00126,proc_ext_00186,dlk_ext_00375,dlk_ext_00256,dlk_ext_00374,proc_ext_00306
proc_proceso_0447;4;dlk_tbl_00859,dlk_tbl_00205,gob_tbl_00201,dlk_tbl_00907;9;gob_tbl_02059,proc_tbl_01946,dlk_tbl_01719,gob_tbl_01830,gob_tbl_00333,dash_ext_00345,dlk_ext_00126,proc_ext_00388,dlk_ext_00133
gob_proceso_0448;2;dlk_tbl_01398,gob_tbl_01697;15;dlk_tbl_01599,dlk_tbl_01832,gob_tbl_01489,dash_tbl_00372,proc_tbl_01461,proc_tbl_00936,dlk_tbl_00882,gob_tbl_01062,gob_tbl_00965,dlk_ext_00232,proc_ext_00260,dlk_ext_00391,gob_ext_00071,proc_ext_00168,gob_ext_00361
gob_proceso_0449;6;dlk_tbl_01683,gob_tbl_00052,dlk_tbl_01435,gob_tbl_00166,gob_tbl_01354,dlk_tbl_01256;15;gob_tbl_00758,dlk_tbl_01557,dash_tbl_01667,dash_tbl_00075,gob_tbl_02076,m4vw_tbl_01197,dlk_tbl_01602,gob_tbl_00028,gob_tbl_01776,gob_ext_00268,m4sco_ext_00265,proc_ext_00160,dlk_ext_00279,gob_ext_00081,gob_ext_00349
dlk_proceso_0450;4;gob_tbl_01252,dlk_tbl_00982,std_tbl_00440,ppn_tbl_02090;4;gob_tbl_01566,dlk_tbl_01793,dlk_ext_00331,dash_ext_00333
gob_proceso_0451;2;dash_tbl_00665,dlk_tbl_00833;6;gob_tbl_00300,std_tbl_00203,gob_tbl_00643,gob_ext_00073,proc_ext_00344,gob_ext_00021
gob_proceso_0452;3;dash_tbl_01315,proc_tbl_00663,gob_tbl_01225;11;proc_tbl_02070,gob_tbl_00097,dlk_tbl_00913,dlk_tbl_00068,m4vw_tbl_01644,ppn_tbl_01942,dlk_ext_00317,dlk_ext_00105,proc_ext_00185,gob_ext_00389,gob_ext_00205
dash_proceso_0453;6;dash_tbl_00626,dlk_tbl_02009,dlk_tbl_00308,gob_tbl_00656,dlk_tbl_01402,proc_tbl_01692;9;proc_tbl_02042,proc_tbl_02061,gob_tbl_00388,dlk_tbl_01850,proc_tbl_01759,proc_ext_00311,dlk_ext_00217,dlk_ext_00293,dlk_ext_00095
dlk_proceso_0454;5;dlk_tbl_00425,dlk_tbl_01839,dlk_tbl_02078,gob_tbl_01044,proc_tbl_00473;10;gob_tbl_01260,dlk_tbl_00234,std_tbl_01990,dlk_tbl_00815,dlk_tbl_00574,dlk_tbl_01935,proc_ext_00260,dlk_ext_00293,gob_ext_00258,dash_ext_00187
gob_proceso_0455;3;gob_tbl_01285,proc_tbl_00366,dash_tbl_01639;8;gob_tbl_00141,dlk_tbl_01129,gob_tbl_01261,dlk_tbl_01757,proc_tbl_02125,proc_ext_00160,gob_ext_00036,dlk_ext_00232
proc_proceso_0456;2;m4vw_tbl_01962,proc_tbl_01782;7;dlk_tbl_00313,proc_tbl_00952,dlk_tbl_01745,dlk_tbl_00121,dlk_ext_00129,proc_ext_00381,gob_ext_00141
dlk_proceso_0457;5;dlk_tbl_01017,gob_tbl_00164,dlk_tbl_01023,dlk_tbl_01255,gob_tbl_01189;17;gob_tbl_01914,dash_tbl_01513,gob_tbl_02051,dlk_tbl_01845,proc_tbl_02117,dash_tbl_02010,std_tbl_01666,dlk_tbl_01677,gob_tbl_01543,dlk_tbl_00279,m4vw_ext_00347,gob_ext_00109,gob_ext_00077,gob_ext_00208,dlk_ext_00394,proc_ext_00177,dlk_ext_00328
gob_proceso_0458;6;dash_tbl_00372,gob_tbl_00020,gob_tbl_01752,gob_tbl_00122,dash_tbl_00771,dlk_tbl_01085;12;dlk_tbl_01297,gob_tbl_01025,gob_tbl_01914,gob_tbl_00379,dlk_tbl_00927,dlk_tbl_01276,dlk_tbl_00683,dlk_ext_00360,gob_ext_00371,dlk_ext_00228,std_ext_00409,dlk_ext_00184
gob_proceso_0459;4;m4sco_tbl_00807,proc_tbl_00854,std_tbl_01263,dlk_tbl_00370;8;proc_tbl_00486,gob_tbl_00000,proc_tbl_01713,gob_tbl_01934,dlk_tbl_00067,dash_ext_00191,gob_ext_00392,gob_ext_00275
dlk_proceso_0460;5;dlk_tbl_00441,dlk_tbl_00382,proc_tbl_00358,dlk_tbl_00016,proc_tbl_00856;10;dlk_tbl_00458,proc_tbl_00419,dash_tbl_01057,dlk_tbl_00120,dlk_tbl_00482,gob_tbl_00722,dlk_ext_00224,gob_ext_00139,dlk_ext_00231,dlk_ext_00190
proc_proceso_0461;7;dash_tbl_01833,gob_tbl_00456,gob_tbl_01105,dlk_tbl_00437,dlk_tbl_02056,m4sco_tbl_01899,dlk_tbl_01826;10;dlk_tbl_00613,dlk_tbl_00489,dlk_tbl_00324,gob_tbl_02153,dlk_tbl_00781,gob_tbl_01984,dlk_ext_00105,dlk_ext_00328,gob_ext_00371,gob_ext_00258
dlk_proceso_0462;4;dlk_tbl_00740,proc_tbl_00093,dash_tbl_00294,gob_tbl_01349;10;proc_tbl_01550,gob_tbl_00735,dlk_tbl_01113,gob_tbl_00764,dlk_tbl_00984,dlk_tbl_00819,dlk_ext_00271,proc_ext_00101,dlk_ext_00105,dlk_ext_00257
dash_proceso_0463;5;dlk_tbl_01772,proc_tbl_01521,dlk_tbl_00831,m4vw_tbl_01344,dlk_tbl_00458;7;gob_tbl_00754,proc_tbl_01569,dlk_tbl_00373,gob_tbl_00726,gob_ext_00392,m4vw_ext_00386,proc_ext_00274
gob_proceso_0464;2;dlk_tbl_00733,proc_tbl_02119;8;gob_tbl_01191,gob_tbl_01498,dlk_tbl_02157,dlk_tbl_00256,gob_tbl_00233,proc_ext_00311,gob_ext_00295,gob_ext_00349
dash_proceso_0465;4;gob_tbl_01146,gob_tbl_01357,m4vw_tbl_01644,gob_tbl_01329;4;proc_tbl_01321,dash_tbl_01487,gob_ext_00254,proc_ext_00398
gob_proceso_0466;4;dlk_tbl_02106,dlk_tbl_00063,dlk_tbl_01609,gob_tbl_00940;6;dash_tbl_01180,dlk_tbl_01467,dlk_tbl_00843,m4sco_ext_00219,gob_ext_00349,m4vw_ext_00188
dlk_proceso_0467;3;gob_tbl_01986,gob_tbl_00261,proc_tbl_00322;9;dlk_tbl_02058,dash_tbl_00953,proc_tbl_01090,dlk_tbl_01814,dlk_tbl_00913,dlk_ext_00253,dash_ext_00291,dlk_ext_00324,proc_ext_00321
proc_proceso_0468;5;dlk_tbl_01982,std_tbl_01464,gob_tbl_00959,dlk_tbl_01954,dlk_tbl_02016;14;dlk_tbl_01414,dash_tbl_00767,gob_tbl_01835,gob_tbl_00742,gob_tbl_00229,gob_tbl_00333,proc_tbl_00381,dlk_tbl_00970,dlk_ext_00155,gob_ext_00081,dash_ext_00335,gob_ext_00085,gob_ext_00064,proc_ext_00102
dlk_proceso_0469;4;gob_tbl_00072,gob_tbl_01022,ppn_tbl_00018,proc_tbl_01005;8;dlk_tbl_00260,dlk_tbl_01875,gob_tbl_01497,dlk_tbl_01293,gob_tbl_02118,dlk_ext_00158,dlk_ext_00184,gob_ext_00152
dlk_proceso_0470;8;gob_tbl_01984,gob_tbl_00189,gob_tbl_01210,proc_tbl_01939,gob_tbl_02127,gob_tbl_01914,proc_tbl_02156,dlk_tbl_01978;14;gob_tbl_01829,dlk_tbl_01439,m4sco_tbl_00736,dlk_tbl_00719,proc_tbl_00653,dlk_tbl_01428,dlk_tbl_00706,gob_tbl_00817,dlk_ext_00217,gob_ext_00284,dlk_ext_00076,dlk_ext_00304,dash_ext_00355,dlk_ext_00014
gob_proceso_0471;4;proc_tbl_01527,gob_tbl_00929,dlk_tbl_00198,dlk_tbl_00390;13;gob_tbl_02071,dlk_tbl_00331,gob_tbl_01332,dash_tbl_00806,std_tbl_01871,proc_tbl_01359,gob_tbl_00402,gob_ext_00312,gob_ext_00019,gob_ext_00214,dlk_ext_00137,m4sco_ext_00157,gob_ext_00284
dlk_proceso_0472;5;proc_tbl_01167,gob_tbl_00317,dlk_tbl_00780,std_tbl_01145,gob_tbl_00004;17;dlk_tbl_01168,dlk_tbl_01273,ppn_tbl_00427,dash_tbl_01868,dlk_tbl_00277,dlk_tbl_02082,gob_tbl_01549,dlk_tbl_01369,gob_tbl_01981,dlk_tbl_01016,dlk_ext_00397,proc_ext_00274,dlk_ext_00382,proc_ext_00086,dlk_ext_00394,gob_ext_00142,gob_ext_00252
proc_proceso_0473;4;gob_tbl_00125,proc_tbl_02026,gob_tbl_02160,gob_tbl_01706;10;gob_tbl_00586,dlk_tbl_00409,gob_tbl_00560,proc_tbl_02111,gob_tbl_01477,dlk_tbl_00526,gob_ext_00197,gob_ext_00138,dash_ext_00030,gob_ext_00312
dlk_proceso_0474;5;gob_tbl_01957,gob_tbl_01301,gob_tbl_00094,std_tbl_01375,dlk_tbl_01996;10;ppn_tbl_01061,dlk_tbl_00762,dlk_tbl_01459,dlk_tbl_00408,proc_tbl_01154,gob_tbl_01488,gob_ext_00252,proc_ext_00388,dlk_ext_00000,dlk_ext_00201
proc_proceso_0475;6;dlk_tbl_00321,dlk_tbl_00047,dlk_tbl_01164,gob_tbl_01492,dlk_tbl_00649,gob_tbl_00713;6;gob_tbl_00253,dlk_tbl_01811,proc_tbl_01936,m4sco_ext_00157,gob_ext_00301,proc_ext_00099
dlk_proceso_0476;5;dlk_tbl_00383,dlk_tbl_01414,gob_tbl_00402,dlk_tbl_01612,dlk_tbl_01496;12;dlk_tbl_00756,proc_tbl_01620,gob_tbl_01237,dash_tbl_00487,proc_tbl_01621,gob_tbl_01221,gob_tbl_00147,std_ext_00093,gob_ext_00197,dlk_ext_00113,gob_ext_00305,m4sco_ext_00265
dlk_proceso_0477;3;dlk_tbl_01160,dlk_tbl_01813,dlk_tbl_00581;13;dlk_tbl_01338,gob_tbl_01991,gob_tbl_00479,proc_tbl_01755,proc_tbl_00925,dlk_tbl_01376,proc_tbl_01306,dash_ext_00259,dlk_ext_00285,dlk_ext_00370,gob_ext_00410,m4sco_ext_00265,gob_ext_00407
gob_proceso_0478;6;dlk_tbl_01789,gob_tbl_00496,gob_tbl_00128,proc_tbl_00594,gob_tbl_01795,gob_tbl_00524;9;gob_tbl_00406,gob_tbl_00388,gob_tbl_00746,gob_tbl_01480,gob_tbl_01389,dlk_ext_00052,gob_ext_00152,proc_ext_00233,dlk_ext_00354
gob_proceso_0479;4;gob_tbl_02129,gob_tbl_00041,dlk_tbl_00613,gob_tbl_01123;12;gob_tbl_01724,proc_tbl_01359,dlk_tbl_02140,gob_tbl_00853,gob_tbl_01408,dlk_tbl_01797,gob_tbl_01515,gob_ext_00378,dlk_ext_00190,dlk_ext_00293,gob_ext_00402,dlk_ext_00408
dlk_proceso_0480;4;dlk_tbl_00067,gob_tbl_00100,proc_tbl_02097,gob_tbl_00505;12;gob_tbl_01957,gob_tbl_02142,proc_tbl_02061,dlk_tbl_01135,m4vw_tbl_00934,proc_tbl_01936,dash_tbl_00626,proc_ext_00168,dlk_ext_00105,dlk_ext_00010,gob_ext_00036,gob_ext_00117
gob_proceso_0481;5;gob_tbl_02041,dlk_tbl_01245,gob_tbl_00608,dlk_tbl_00975,m4sco_tbl_00115;9;proc_tbl_01045,dlk_tbl_00613,gob_tbl_01846,dlk_tbl_01916,gob_tbl_00006,proc_ext_00267,gob_ext_00152,proc_ext_00177,gob_ext_00315
gob_proceso_0482;2;dlk_tbl_00593,std_tbl_00575;10;dlk_tbl_00823,gob_tbl_00164,proc_tbl_02001,gob_tbl_02144,dlk_tbl_01511,m4vw_tbl_01342,dlk_ext_00111,gob_ext_00175,dlk_ext_00324,dlk_ext_00325
dlk_proceso_0483;4;proc_tbl_01913,dash_tbl_01279,dlk_tbl_00966,gob_tbl_01220;4;dlk_tbl_00401,dlk_tbl_02040,dash_ext_00333,dlk_ext_00277
gob_proceso_0484;6;dlk_tbl_01997,dlk_tbl_00369,gob_tbl_01516,std_tbl_01871,gob_tbl_01663,dlk_tbl_01280;10;proc_tbl_02061,gob_tbl_01957,dlk_tbl_01561,gob_tbl_01022,gob_tbl_00898,gob_tbl_02071,gob_ext_00071,m4sco_ext_00265,gob_ext_00410,dash_ext_00335
gob_proceso_0485;4;proc_tbl_01490,gob_tbl_00517,std_tbl_00638,gob_tbl_01221;8;dlk_tbl_01718,dash_tbl_00806,gob_tbl_01022,dlk_tbl_00400,dlk_tbl_00540,dlk_ext_00251,dlk_ext_00360,proc_ext_00177
proc_proceso_0486;5;dlk_tbl_00518,proc_tbl_01461,gob_tbl_01265,proc_tbl_01240,gob_tbl_02067;10;gob_tbl_00558,proc_tbl_01466,m4sco_tbl_01072,dlk_tbl_01132,gob_tbl_00985,proc_tbl_01204,proc_ext_00302,dlk_ext_00002,gob_ext_00147,dlk_ext_00257
proc_proceso_0487;2;dlk_tbl_01092,dlk_tbl_01766;9;dash_tbl_01380,gob_tbl_01250,gob_tbl_01365,dash_tbl_00639,dlk_tbl_00525,proc_ext_00346,ppn_ext_00393,dlk_ext_00271,gob_ext_00254
dlk_proceso_0488;4;gob_tbl_02128,dlk_tbl_01714,gob_tbl_00053,dash_tbl_01893;6;dlk_tbl_00323,dlk_tbl_01215,gob_tbl_00739,dlk_ext_00044,gob_ext_00192,dlk_ext_00290
proc_proceso_0489;8;dlk_tbl_00132,m4vw_tbl_00635,gob_tbl_00097,gob_tbl_00609,dlk_tbl_01278,gob_tbl_01895,gob_tbl_00696,proc_tbl_00992;23;dlk_tbl_00622,gob_tbl_02015,gob_tbl_00946,gob_tbl_02021,m4vw_tbl_01506,gob_tbl_01076,gob_tbl_02127,dlk_tbl_00974,gob_tbl_01618,proc_tbl_01579,std_tbl_01666,std_tbl_01779,gob_tbl_01246,dlk_ext_00126,dlk_ext_00083,gob_ext_00399,proc_ext_00065,m4vw_ext_00183,dlk_ext_00376,dlk_ext_00010,dlk_ext_00248,proc_ext_00380,dlk_ext_00013
dlk_proceso_0490;4;dlk_tbl_01223,gob_tbl_01741,gob_tbl_01216,gob_tbl_01844;10;gob_tbl_01284,std_tbl_00215,dlk_tbl_00501,dlk_tbl_00694,m4vw_tbl_01947,dlk_tbl_01875,proc_ext_00196,gob_ext_00208,gob_ext_00258,dlk_ext_00105
proc_proceso_0491;5;proc_tbl_00677,gob_tbl_00766,gob_tbl_00820,gob_tbl_00023,gob_tbl_00700;8;dlk_tbl_00599,gob_tbl_00758,proc_tbl_00849,std_tbl_00440,dlk_tbl_00939,gob_ext_00008,dlk_ext_00136,gob_ext_00371
proc_proceso_0492;3;proc_tbl_00055,gob_tbl_00397,proc_tbl_01421;14;gob_tbl_02159,dlk_tbl_01435,dlk_tbl_00048,dlk_tbl_00962,proc_tbl_00082,dlk_tbl_01023,ppn_tbl_00680,dlk_tbl_00364,proc_ext_00244,dlk_ext_00234,dlk_ext_00325,dash_ext_00364,dlk_ext_00040,dlk_ext_00403
gob_proceso_0493;6;dlk_tbl_00471,gob_tbl_00057,dlk_tbl_01955,dlk_tbl_01811,dlk_tbl_00279,gob_tbl_00257;15;std_tbl_01990,proc_tbl_01363,gob_tbl_01357,dlk_tbl_00610,dlk_tbl_01457,proc_tbl_01121,gob_tbl_02114,gob_tbl_00253,proc_tbl_01035,gob_ext_00318,proc_ext_00344,dlk_ext_00304,m4sco_ext_00265,dlk_ext_00052,ppn_ext_00239
dlk_proceso_0494;3;dash_tbl_00344,dlk_tbl_01636,dash_tbl_00561;13;gob_tbl_00608,gob_tbl_00157,dlk_tbl_01826,dlk_tbl_00704,dlk_tbl_01944,gob_tbl_00122,gob_tbl_00588,gob_ext_00139,proc_ext_00114,dlk_ext_00394,dlk_ext_00382,gob_ext_00064,gob_ext_00222
gob_proceso_0495;2;gob_tbl_01859,dlk_tbl_01987;9;dlk_tbl_01439,gob_tbl_01648,proc_tbl_00709,gob_tbl_00511,std_tbl_01229,dlk_ext_00232,gob_ext_00020,std_ext_00023,dlk_ext_00016
gob_proceso_0496;6;gob_tbl_01930,gob_tbl_01196,gob_tbl_01250,dlk_tbl_00298,gob_tbl_01908,dlk_tbl_02121;16;gob_tbl_00186,gob_tbl_00611,dlk_tbl_00784,dlk_tbl_00113,dlk_tbl_01832,dlk_tbl_01414,dlk_tbl_00622,proc_tbl_01701,gob_tbl_00895,dash_ext_00116,proc_ext_00168,proc_ext_00358,dlk_ext_00231,m4vw_ext_00347,dash_ext_00333,gob_ext_00027
proc_proceso_0497;6;gob_tbl_00567,dlk_tbl_00770,gob_tbl_01830,gob_tbl_01239,dlk_tbl_00510,gob_tbl_01390;13;dlk_tbl_01190,dlk_tbl_00593,gob_tbl_00000,dlk_tbl_00757,dlk_tbl_00070,dlk_tbl_01758,dlk_tbl_00824,dlk_ext_00348,dlk_ext_00129,std_ext_00230,gob_ext_00175,gob_ext_00080,gob_ext_00075
dlk_proceso_0498;2;dlk_tbl_00309,dlk_tbl_01436;12;gob_tbl_00461,proc_tbl_00799,gob_tbl_01060,dash_tbl_01175,gob_tbl_01393,m4vw_tbl_00635,gob_tbl_00941,dash_ext_00333,dlk_ext_00113,gob_ext_00141,gob_ext_00410,gob_ext_00194
dlk_proceso_0499;5;ppn_tbl_01942,dlk_tbl_01458,dlk_tbl_01079,proc_tbl_01585,gob_tbl_00688;16;dlk_tbl_00155,proc_tbl_01694,dash_tbl_00763,dlk_tbl_00485,gob_tbl_01182,gob_tbl_01060,gob_tbl_01837,dlk_tbl_00938,dlk_tbl_01245,dlk_ext_00330,dlk_ext_00083,dlk_ext_00323,dlk_ext_00377,proc_ext_00017,dlk_ext_00324,gob_ext_00198
