DAG;NumTablasAlimenta;TablasAlimenta;NumTablasAlimentan;TablasAlimentan
dlk_proceso_0000;4;dlk_tbl_01412,m4sco_tbl_00236,gob_tbl_01879,gob_tbl_02714;10;dash_tbl_00063,dlk_tbl_03628,dash_tbl_03320,gob_tbl_00212,proc_tbl_00513,dash_tbl_00604,proc_ext_00197,dlk_ext_00221,gob_ext_00183,proc_ext_00496
gob_proceso_0001;7;dlk_tbl_01976,dash_tbl_00063,dlk_tbl_00467,gob_tbl_01215,gob_tbl_03691,gob_tbl_00197,dlk_tbl_01688;10;dlk_tbl_00205,dlk_tbl_02087,dlk_tbl_01302,dlk_tbl_00238,proc_tbl_03750,gob_tbl_01308,proc_ext_00124,proc_ext_00207,std_ext_00295,dlk_ext_00308
dlk_proceso_0002;5;m4vw_tbl_01665,gob_tbl_02977,dlk_tbl_02131,gob_tbl_02470,gob_tbl_02753;8;dlk_tbl_01690,proc_tbl_02616,proc_tbl_01914,dlk_tbl_03063,dlk_tbl_03704,gob_ext_00329,dash_ext_00204,gob_ext_00091
dash_proceso_0003;3;gob_tbl_02348,dash_tbl_02104,proc_tbl_01160;12;dlk_tbl_04399,gob_tbl_00088,dlk_tbl_01875,gob_tbl_00197,gob_tbl_01044,proc_tbl_03891,dlk_tbl_00245,dlk_ext_00319,gob_ext_00584,gob_ext_00147,dlk_ext_00099,gob_ext_00524
dash_proceso_0004;4;dlk_tbl_00089,gob_tbl_01935,dash_tbl_01730,gob_tbl_03409;8;dlk_tbl_00720,proc_tbl_03683,proc_tbl_01597,gob_tbl_04102,gob_tbl_04323,dlk_ext_00340,gob_ext_00029,proc_ext_00102
dlk_proceso_0005;2;proc_tbl_01392,dlk_tbl_02702;15;gob_tbl_03050,dlk_tbl_00393,gob_tbl_03417,dlk_tbl_02530,dlk_tbl_03490,dlk_tbl_00043,gob_tbl_02442,std_tbl_03420,dlk_tbl_03536,proc_ext_00102,gob_ext_00239,dlk_ext_00561,proc_ext_00401,dlk_ext_00484,dlk_ext_00025
dash_proceso_0006;6;proc_tbl_03778,dlk_tbl_04344,gob_tbl_02462,gob_tbl_03663,dlk_tbl_04180,dlk_tbl_00987;8;ppn_tbl_01551,dlk_tbl_02623,gob_tbl_01830,dlk_tbl_03219,dash_tbl_04183,dlk_ext_00344,dlk_ext_00405,gob_ext_00246
gob_proceso_0007;4;dlk_tbl_01493,gob_tbl_01034,gob_tbl_01402,gob_tbl_01483;10;gob_tbl_00332,dlk_tbl_02166,dlk_tbl_00077,dlk_tbl_02179,dlk_tbl_02586,gob_tbl_03127,gob_ext_00029,proc_ext_00555,dash_ext_00525,gob_ext_00275
dash_proceso_0008;3;dlk_tbl_01654,proc_tbl_00209,gob_tbl_01737;14;gob_tbl_01314,gob_tbl_00010,gob_tbl_02845,proc_tbl_02264,dlk_tbl_02561,dash_tbl_00213,proc_tbl_02517,dlk_tbl_03568,dash_ext_00008,dlk_ext_00505,dlk_ext_00469,gob_ext_00097,dlk_ext_00344,dlk_ext_00081
gob_proceso_0009;3;gob_tbl_00479,gob_tbl_02399,dash_tbl_02958;12;dlk_tbl_01901,gob_tbl_02153,gob_tbl_01945,dlk_tbl_00706,dlk_tbl_04357,proc_tbl_04472,dlk_tbl_03640,proc_ext_00010,proc_ext_00381,dash_ext_00442,dlk_ext_00418,std_ext_00060
proc_proceso_0010;2;gob_tbl_01081,dlk_tbl_01060;12;std_tbl_02319,gob_tbl_03808,proc_tbl_02580,gob_tbl_02494,dash_tbl_00020,gob_tbl_01265,gob_tbl_02698,dlk_ext_00319,dlk_ext_00231,gob_ext_00393,std_ext_00057,dlk_ext_00634
gob_proceso_0011;6;dlk_tbl_01812,dlk_tbl_03302,proc_tbl_00059,dash_tbl_01602,proc_tbl_03310,dash_tbl_04177;10;dlk_tbl_00854,gob_tbl_01433,gob_tbl_03195,gob_tbl_04274,gob_tbl_03678,m4vw_tbl_01624,dlk_ext_00407,dlk_ext_00344,proc_ext_00560,dlk_ext_00066
dlk_proceso_0012;3;proc_tbl_01998,gob_tbl_01195,proc_tbl_03564;6;dlk_tbl_01594,gob_tbl_01369,gob_tbl_04425,dlk_ext_00424,proc_ext_00506,std_ext_00512
dash_proceso_0013;4;gob_tbl_04480,dlk_tbl_03984,proc_tbl_00248,dlk_tbl_02811;7;gob_tbl_00726,gob_tbl_02646,gob_tbl_00982,gob_tbl_01735,dlk_ext_00323,gob_ext_00117,dash_ext_00514
dash_proceso_0014;6;dlk_tbl_02886,dlk_tbl_01538,m4vw_tbl_03226,dlk_tbl_03225,gob_tbl_04321,gob_tbl_00788;13;gob_tbl_01560,dlk_tbl_03952,m4vw_tbl_03101,gob_tbl_03450,gob_tbl_00531,gob_tbl_04036,ppn_tbl_03486,proc_ext_00502,gob_ext_00521,dlk_ext_00302,dlk_ext_00221,dlk_ext_00006,proc_ext_00612
proc_proceso_0015;8;dlk_tbl_02834,dlk_tbl_02512,proc_tbl_02112,proc_tbl_03251,dlk_tbl_02558,dlk_tbl_02583,dlk_tbl_04332,dlk_tbl_00596;6;dlk_tbl_03834,gob_tbl_03731,dlk_tbl_00263,dlk_ext_00561,gob_ext_00393,dlk_ext_00501
dlk_proceso_0016;4;dlk_tbl_00308,dlk_tbl_02405,dlk_tbl_00385,gob_tbl_02075;6;gob_tbl_00549,dlk_tbl_02033,proc_tbl_03971,dlk_ext_00281,gob_ext_00524,dash_ext_00203
proc_proceso_0017;3;dlk_tbl_02205,proc_tbl_03474,gob_tbl_01244;5;dlk_tbl_04330,gob_tbl_01880,dlk_tbl_04131,proc_ext_00192,gob_ext_00023
dlk_proceso_0018;7;std_tbl_01184,proc_tbl_03776,dlk_tbl_03717,dlk_tbl_00475,dlk_tbl_00547,gob_tbl_00531,gob_tbl_03918;10;dash_tbl_02930,gob_tbl_03751,dlk_tbl_00592,dlk_tbl_01359,proc_tbl_02755,gob_tbl_04142,proc_ext_00527,m4sco_ext_00569,dash_ext_00574,dlk_ext_00173
proc_proceso_0019;3;dlk_tbl_00004,dlk_tbl_02092,gob_tbl_01176;9;dash_tbl_02233,gob_tbl_02989,proc_tbl_00765,gob_tbl_04062,dlk_tbl_04212,dlk_ext_00340,proc_ext_00225,proc_ext_00241,dash_ext_00312
dlk_proceso_0020;2;dash_tbl_03436,dlk_tbl_00592;15;proc_tbl_02816,gob_tbl_03210,gob_tbl_02406,gob_tbl_00745,m4vw_tbl_03114,gob_tbl_02096,gob_tbl_02641,proc_tbl_00157,gob_tbl_00558,proc_ext_00327,ppn_ext_00216,dash_ext_00514,dlk_ext_00188,proc_ext_00121,gob_ext_00106
gob_proceso_0021;6;gob_tbl_04208,gob_tbl_01208,gob_tbl_00122,gob_tbl_02768,dlk_tbl_00577,dlk_tbl_00436;21;gob_tbl_00530,dlk_tbl_00782,dlk_tbl_04381,gob_tbl_03733,gob_tbl_02414,dash_tbl_03132,gob_tbl_00814,ppn_tbl_00121,dlk_tbl_03970,dlk_tbl_04378,proc_tbl_04288,dlk_tbl_01963,proc_ext_00502,proc_ext_00327,gob_ext_00110,gob_ext_00615,dlk_ext_00405,gob_ext_00412,dlk_ext_00262,proc_ext_00065,gob_ext_00373
gob_proceso_0022;4;dlk_tbl_01158,proc_tbl_03013,dash_tbl_03635,proc_tbl_02717;7;dlk_tbl_04160,gob_tbl_04024,proc_tbl_02816,gob_tbl_04364,dlk_ext_00400,std_ext_00618,gob_ext_00523
gob_proceso_0023;2;proc_tbl_03042,dlk_tbl_02197;5;dlk_tbl_00470,gob_tbl_01120,proc_tbl_00725,std_ext_00237,dash_ext_00141
gob_proceso_0024;8;gob_tbl_01335,proc_tbl_01515,dlk_tbl_01192,dash_tbl_01682,dlk_tbl_01767,gob_tbl_02630,dlk_tbl_02083,gob_tbl_02270;19;proc_tbl_01422,gob_tbl_01621,m4vw_tbl_01700,dlk_tbl_01434,proc_tbl_01734,m4vw_tbl_01895,dlk_tbl_00326,gob_tbl_00071,std_tbl_03075,dlk_tbl_02968,m4sco_tbl_02163,proc_ext_00000,dash_ext_00008,proc_ext_00316,std_ext_00598,gob_ext_00252,proc_ext_00635,proc_ext_00463,proc_ext_00435
dlk_proceso_0025;2;gob_tbl_03682,m4vw_tbl_04045;15;m4sco_tbl_03755,gob_tbl_04364,proc_tbl_02913,dlk_tbl_01291,dlk_tbl_00936,gob_tbl_04081,dash_tbl_01721,gob_tbl_03105,dlk_tbl_02524,gob_ext_00259,gob_ext_00615,dlk_ext_00365,dlk_ext_00221,std_ext_00057,dlk_ext_00262
gob_proceso_0026;4;dlk_tbl_04373,gob_tbl_02935,gob_tbl_03278,dlk_tbl_00668;4;gob_tbl_01511,dlk_tbl_03568,gob_ext_00029,gob_ext_00333
gob_proceso_0027;4;gob_tbl_00966,gob_tbl_02022,dlk_tbl_03104,dlk_tbl_04383;4;gob_tbl_03248,proc_tbl_01132,gob_ext_00029,proc_ext_00298
gob_proceso_0028;8;gob_tbl_00845,dash_tbl_01039,dlk_tbl_00999,proc_tbl_04008,gob_tbl_00437,gob_tbl_03266,gob_tbl_03582,proc_tbl_02124;10;proc_tbl_03897,gob_tbl_03179,dlk_tbl_02621,gob_tbl_03387,dash_tbl_00739,gob_tbl_04367,dlk_ext_00179,dlk_ext_00488,dlk_ext_00407,dash_ext_00490
proc_proceso_0029;3;dlk_tbl_01130,dlk_tbl_00048,gob_tbl_01415;12;std_tbl_03420,dlk_tbl_02613,dlk_tbl_03658,dlk_tbl_01892,gob_tbl_01432,gob_tbl_02758,gob_tbl_02850,dlk_ext_00335,proc_ext_00211,dlk_ext_00438,dlk_ext_00092,gob_ext_00412
gob_proceso_0030;5;dash_tbl_00628,gob_tbl_04263,gob_tbl_02317,dlk_tbl_01942,gob_tbl_00222;7;dlk_tbl_02356,proc_tbl_01896,gob_tbl_03918,gob_tbl_03249,gob_ext_00279,proc_ext_00146,gob_ext_00223
dlk_proceso_0031;5;dlk_tbl_00205,gob_tbl_03965,gob_tbl_00052,std_tbl_02419,gob_tbl_02806;14;gob_tbl_02708,proc_tbl_01471,dlk_tbl_04314,dash_tbl_00053,dlk_tbl_00168,gob_tbl_00332,proc_tbl_01332,gob_tbl_00576,dash_ext_00008,dlk_ext_00071,gob_ext_00417,std_ext_00606,gob_ext_00366,gob_ext_00164
proc_proceso_0032;5;dlk_tbl_03998,proc_tbl_02008,gob_tbl_04122,gob_tbl_03260,gob_tbl_04032;8;dlk_tbl_00646,dlk_tbl_01187,dash_tbl_01863,dlk_tbl_01755,dlk_tbl_01099,gob_ext_00313,gob_ext_00261,gob_ext_00139
gob_proceso_0033;4;dlk_tbl_00249,dash_tbl_01958,gob_tbl_02715,std_tbl_01319;12;m4vw_tbl_01017,dlk_tbl_01434,dash_tbl_02487,std_tbl_04285,gob_tbl_00795,gob_tbl_01723,proc_tbl_02048,proc_ext_00121,gob_ext_00110,dash_ext_00514,dlk_ext_00174,gob_ext_00313
dash_proceso_0034;8;gob_tbl_03426,dlk_tbl_00861,gob_tbl_03590,gob_tbl_03850,proc_tbl_01883,dash_tbl_03407,dlk_tbl_01917,proc_tbl_00902;9;dlk_tbl_00242,dlk_tbl_02573,gob_tbl_00384,gob_tbl_01497,gob_tbl_01308,gob_ext_00591,dlk_ext_00438,gob_ext_00523,dlk_ext_00179
gob_proceso_0035;7;gob_tbl_03067,gob_tbl_02479,dlk_tbl_03524,dlk_tbl_03028,gob_tbl_03189,gob_tbl_01876,gob_tbl_02422;9;proc_tbl_00135,dash_tbl_02009,dlk_tbl_01152,dlk_tbl_02119,dash_tbl_01961,std_ext_00057,gob_ext_00186,dlk_ext_00503,proc_ext_00121
dlk_proceso_0036;8;gob_tbl_02773,dlk_tbl_04159,gob_tbl_03202,gob_tbl_00833,dlk_tbl_01424,gob_tbl_01031,dlk_tbl_01099,dlk_tbl_03795;24;gob_tbl_04363,dlk_tbl_03490,gob_tbl_01191,dlk_tbl_04005,gob_tbl_01443,dlk_tbl_03071,gob_tbl_00932,dlk_tbl_02822,gob_tbl_03253,gob_tbl_01204,dlk_tbl_01460,proc_tbl_00304,gob_tbl_02364,proc_tbl_01941,dlk_ext_00170,dash_ext_00456,dlk_ext_00092,gob_ext_00202,std_ext_00517,dash_ext_00574,dlk_ext_00137,dlk_ext_00340,dlk_ext_00087,proc_ext_00055
gob_proceso_0037;3;gob_tbl_02704,dash_tbl_01799,dlk_tbl_04067;6;gob_tbl_02593,gob_tbl_03796,dash_tbl_02958,gob_ext_00036,dlk_ext_00488,dlk_ext_00503
gob_proceso_0038;6;proc_tbl_03565,gob_tbl_01239,gob_tbl_04087,dlk_tbl_03779,dlk_tbl_02496,proc_tbl_01309;9;gob_tbl_00889,gob_tbl_02093,dlk_tbl_01199,proc_tbl_02010,dash_tbl_01870,dlk_ext_00304,gob_ext_00453,proc_ext_00381,gob_ext_00572
dlk_proceso_0039;3;dlk_tbl_02617,gob_tbl_00430,gob_tbl_02926;13;dlk_tbl_01320,dlk_tbl_02156,dlk_tbl_03672,dash_tbl_02662,gob_tbl_00175,gob_tbl_01522,std_tbl_02431,std_ext_00510,gob_ext_00361,std_ext_00237,gob_ext_00029,proc_ext_00461,gob_ext_00384
proc_proceso_0040;5;dlk_tbl_03942,proc_tbl_00926,gob_tbl_03516,dlk_tbl_03653,gob_tbl_02089;10;dash_tbl_03698,std_tbl_01499,dlk_tbl_04035,dash_tbl_02352,dlk_tbl_03117,dlk_tbl_01472,gob_ext_00548,proc_ext_00014,dlk_ext_00087,gob_ext_00271
gob_proceso_0041;4;dlk_tbl_03190,dash_tbl_03385,gob_tbl_01120,dlk_tbl_01933;11;dlk_tbl_01912,dlk_tbl_02379,gob_tbl_01088,dash_tbl_02986,gob_tbl_03317,gob_tbl_00175,proc_ext_00506,gob_ext_00558,gob_ext_00058,dlk_ext_00162,dlk_ext_00081
gob_proceso_0042;2;gob_tbl_02044,dlk_tbl_02960;8;gob_tbl_04367,proc_tbl_02400,dlk_tbl_03025,gob_tbl_02714,gob_tbl_00654,ppn_ext_00046,dlk_ext_00340,proc_ext_00146
gob_proceso_0043;4;dlk_tbl_00138,dash_tbl_00045,proc_tbl_00313,gob_tbl_04214;8;proc_tbl_01759,proc_tbl_04452,dlk_tbl_00263,proc_tbl_03346,dlk_tbl_02137,std_ext_00295,dlk_ext_00113,dlk_ext_00081
dlk_proceso_0044;4;proc_tbl_03061,dlk_tbl_03079,proc_tbl_02412,dlk_tbl_04034;12;m4sco_tbl_04290,gob_tbl_01737,dlk_tbl_03717,std_tbl_01203,gob_tbl_00874,m4vw_tbl_03250,gob_tbl_02531,dlk_ext_00087,dlk_ext_00348,gob_ext_00223,dash_ext_00514,std_ext_00517
dlk_proceso_0045;2;dlk_tbl_00241,dlk_tbl_02164;20;gob_tbl_02595,m4vw_tbl_02284,dlk_tbl_01710,dlk_tbl_00478,gob_tbl_02180,gob_tbl_04384,dlk_tbl_02381,ppn_tbl_01551,proc_tbl_00034,gob_tbl_00982,dlk_tbl_04357,gob_tbl_03463,gob_ext_00112,dlk_ext_00092,gob_ext_00465,dash_ext_00633,proc_ext_00535,gob_ext_00334,dlk_ext_00590,gob_ext_00412
dash_proceso_0046;5;dlk_tbl_02439,dlk_tbl_03254,dash_tbl_02986,dash_tbl_00294,proc_tbl_03231;8;gob_tbl_00196,dlk_tbl_02049,dlk_tbl_01513,dlk_tbl_03184,gob_tbl_00190,dlk_ext_00306,proc_ext_00241,dlk_ext_00066
dlk_proceso_0047;5;proc_tbl_00494,proc_tbl_01286,dlk_tbl_01311,m4vw_tbl_00821,dlk_tbl_03041;7;dlk_tbl_02803,dlk_tbl_04195,proc_tbl_04301,dlk_tbl_00152,std_ext_00057,dlk_ext_00503,dash_ext_00420
dlk_proceso_0048;6;gob_tbl_04376,dlk_tbl_03408,std_tbl_00288,gob_tbl_01256,gob_tbl_03533,proc_tbl_00474;5;gob_tbl_00273,dlk_tbl_01963,dlk_tbl_00168,dlk_ext_00251,gob_ext_00491
gob_proceso_0049;3;dlk_tbl_00665,dlk_tbl_03573,proc_tbl_02562;13;gob_tbl_02845,dlk_tbl_02530,dash_tbl_02695,gob_tbl_04173,std_tbl_01664,gob_tbl_03468,proc_tbl_01681,gob_ext_00497,dlk_ext_00154,dlk_ext_00509,gob_ext_00462,dlk_ext_00440,proc_ext_00055
gob_proceso_0050;7;proc_tbl_00517,gob_tbl_01147,gob_tbl_01667,gob_tbl_00717,proc_tbl_01669,gob_tbl_02660,proc_tbl_03945;10;gob_tbl_00549,dlk_tbl_01874,dlk_tbl_02814,dlk_tbl_00354,dlk_tbl_02360,gob_tbl_02435,dash_ext_00514,m4sco_ext_00565,dlk_ext_00161,gob_ext_00375
gob_proceso_0051;4;dlk_tbl_00986,gob_tbl_01844,dlk_tbl_01912,gob_tbl_00549;11;dlk_tbl_03395,gob_tbl_02170,gob_tbl_02114,dash_tbl_03729,dlk_tbl_01747,dlk_tbl_01798,proc_ext_00103,proc_ext_00150,gob_ext_00252,dlk_ext_00621,dash_ext_00420
proc_proceso_0052;4;dlk_tbl_00850,proc_tbl_00640,gob_tbl_01292,proc_tbl_01146;10;std_tbl_00707,gob_tbl_02351,dlk_tbl_00839,proc_tbl_04435,dash_tbl_03765,gob_tbl_00190,dash_ext_00240,std_ext_00587,dash_ext_00492,gob_ext_00334
dlk_proceso_0053;4;dlk_tbl_01823,dlk_tbl_02156,proc_tbl_02603,dlk_tbl_03200;8;dlk_tbl_02670,proc_tbl_00753,dlk_tbl_00086,gob_tbl_03237,proc_tbl_02392,gob_ext_00521,dash_ext_00514,gob_ext_00073
dlk_proceso_0054;3;std_tbl_01470,m4sco_tbl_03627,gob_tbl_00040;6;gob_tbl_01800,proc_tbl_02737,gob_tbl_03279,dlk_ext_00165,gob_ext_00415,dash_ext_00574
dlk_proceso_0055;5;dlk_tbl_01295,proc_tbl_03425,gob_tbl_03715,gob_tbl_00321,dlk_tbl_03994;11;dash_tbl_03320,proc_tbl_00846,dlk_tbl_00226,dlk_tbl_00436,dlk_tbl_01687,proc_tbl_03891,dlk_ext_00006,proc_ext_00430,std_ext_00510,m4vw_ext_00056,proc_ext_00555
dlk_proceso_0056;7;dash_tbl_00554,proc_tbl_02308,dlk_tbl_03147,dlk_tbl_02090,gob_tbl_00796,proc_tbl_00626,gob_tbl_02961;10;proc_tbl_01941,proc_tbl_03989,gob_tbl_02174,dlk_tbl_03834,proc_tbl_03497,dash_tbl_01001,proc_ext_00468,gob_ext_00522,proc_ext_00102,proc_ext_00461
dash_proceso_0057;4;gob_tbl_00203,proc_tbl_03007,std_tbl_00840,dlk_tbl_01684;8;gob_tbl_03665,proc_tbl_02640,m4sco_tbl_04382,gob_tbl_03874,dlk_tbl_03831,proc_ext_00213,proc_ext_00010,dlk_ext_00349
gob_proceso_0058;3;dlk_tbl_04427,dlk_tbl_00614,proc_tbl_00716;14;gob_tbl_03078,dash_tbl_03320,gob_tbl_01071,proc_tbl_02392,std_tbl_00237,dlk_tbl_04313,gob_tbl_02297,gob_tbl_01580,gob_ext_00369,proc_ext_00435,gob_ext_00254,proc_ext_00597,dlk_ext_00423,gob_ext_00022
gob_proceso_0059;3;gob_tbl_03566,std_tbl_00672,dlk_tbl_04000;11;dash_tbl_00411,dash_tbl_01951,gob_tbl_00637,dlk_tbl_00715,dlk_tbl_00393,gob_tbl_02688,gob_ext_00151,m4vw_ext_00447,ppn_ext_00526,gob_ext_00252,gob_ext_00412
dlk_proceso_0060;5;gob_tbl_01950,gob_tbl_00612,dash_tbl_03288,proc_tbl_00963,gob_tbl_02798;10;dlk_tbl_01974,dlk_tbl_02584,dash_tbl_04096,dlk_tbl_01080,dlk_tbl_02049,dlk_tbl_02561,dlk_ext_00614,proc_ext_00010,dlk_ext_00304,gob_ext_00591
dlk_proceso_0061;2;gob_tbl_04274,dlk_tbl_01211;13;std_tbl_03840,gob_tbl_04205,proc_tbl_00402,gob_tbl_03067,dlk_tbl_01594,dlk_tbl_00768,dlk_tbl_02229,m4sco_ext_00565,proc_ext_00124,dlk_ext_00344,dlk_ext_00403,dash_ext_00032,dlk_ext_00419
proc_proceso_0062;2;dash_tbl_04309,dlk_tbl_04317;15;gob_tbl_01658,std_tbl_03075,dlk_tbl_00096,std_tbl_03166,dash_tbl_01768,gob_tbl_00851,m4vw_tbl_01327,dlk_tbl_00584,dlk_tbl_02887,proc_ext_00316,gob_ext_00449,gob_ext_00453,gob_ext_00402,gob_ext_00254,dlk_ext_00302
dlk_proceso_0063;4;m4sco_tbl_01340,gob_tbl_01811,proc_tbl_03497,dash_tbl_04199;9;proc_tbl_02604,m4vw_tbl_03250,dlk_tbl_02159,gob_tbl_01249,dlk_tbl_04007,dlk_ext_00276,dlk_ext_00134,gob_ext_00029,gob_ext_00261
gob_proceso_0064;4;dlk_tbl_03001,dash_tbl_00935,gob_tbl_02401,dlk_tbl_02803;9;dlk_tbl_01873,proc_tbl_02221,dlk_tbl_00322,dlk_tbl_00606,gob_tbl_02430,gob_ext_00604,dlk_ext_00231,dlk_ext_00264,proc_ext_00298
dash_proceso_0065;6;std_tbl_04285,dash_tbl_02695,dlk_tbl_01589,gob_tbl_03381,dlk_tbl_00997,dlk_tbl_01709;9;gob_tbl_04404,dlk_tbl_00787,m4sco_tbl_03218,gob_tbl_03038,gob_tbl_03416,dlk_ext_00264,gob_ext_00042,gob_ext_00250,std_ext_00618
dlk_proceso_0066;5;ppn_tbl_02672,dlk_tbl_00097,dlk_tbl_02013,gob_tbl_04123,dash_tbl_00746;8;proc_tbl_02940,proc_tbl_02703,gob_tbl_00197,proc_tbl_03862,proc_tbl_01706,gob_ext_00278,dlk_ext_00238,dlk_ext_00025
dash_proceso_0067;8;gob_tbl_00884,dash_tbl_01632,gob_tbl_00178,gob_tbl_03517,dlk_tbl_03201,gob_tbl_04084,dlk_tbl_01975,gob_tbl_00312;23;dlk_tbl_02166,gob_tbl_02056,gob_tbl_02377,dash_tbl_01728,dlk_tbl_02557,gob_tbl_03693,gob_tbl_02111,gob_tbl_03605,dlk_tbl_02968,ppn_tbl_01245,gob_tbl_02639,proc_tbl_04082,dash_tbl_03111,dlk_ext_00066,m4vw_ext_00559,dlk_ext_00482,proc_ext_00157,dash_ext_00492,gob_ext_00524,gob_ext_00369,dlk_ext_00122,dlk_ext_00303,proc_ext_00457
gob_proceso_0068;4;gob_tbl_00858,proc_tbl_02336,dlk_tbl_00008,proc_tbl_02108;10;dlk_tbl_00961,proc_tbl_00165,dlk_tbl_04105,dlk_tbl_04479,dlk_tbl_00606,gob_tbl_03249,dlk_ext_00005,dlk_ext_00593,dlk_ext_00280,gob_ext_00090
dlk_proceso_0069;5;gob_tbl_00454,dlk_tbl_03623,dlk_tbl_01814,dash_tbl_01666,gob_tbl_03578;8;gob_tbl_01844,gob_tbl_01294,proc_tbl_03360,proc_tbl_00157,dlk_tbl_02492,dash_ext_00633,proc_ext_00487,gob_ext_00275
dash_proceso_0070;5;dlk_tbl_01578,dlk_tbl_00381,proc_tbl_00224,dlk_tbl_03831,proc_tbl_03360;8;dlk_tbl_03059,std_tbl_03832,dash_tbl_00320,dlk_tbl_02946,proc_tbl_03539,dlk_ext_00272,std_ext_00060,dlk_ext_00509
dlk_proceso_0071;3;dash_tbl_03667,gob_tbl_01042,dlk_tbl_00137;6;dlk_tbl_03298,dash_tbl_01186,dlk_tbl_02693,dlk_ext_00144,gob_ext_00615,dlk_ext_00136
gob_proceso_0072;5;dlk_tbl_01966,gob_tbl_01222,proc_tbl_03405,gob_tbl_03047,dlk_tbl_02159;9;dlk_tbl_00574,gob_tbl_01694,dlk_tbl_00017,dlk_tbl_00606,dash_tbl_00039,dlk_ext_00469,dlk_ext_00268,proc_ext_00632,gob_ext_00572
dash_proceso_0073;6;dlk_tbl_01974,gob_tbl_01113,gob_tbl_03899,ppn_tbl_02433,gob_tbl_02684,dlk_tbl_02035;12;dlk_tbl_02530,dash_tbl_00648,proc_tbl_03474,gob_tbl_01838,dlk_tbl_00542,dlk_tbl_00899,dlk_tbl_03060,dlk_ext_00093,proc_ext_00020,dlk_ext_00390,dlk_ext_00180,dlk_ext_00118
gob_proceso_0074;6;proc_tbl_03633,dlk_tbl_00322,gob_tbl_03435,proc_tbl_01995,gob_tbl_03808,gob_tbl_01322;9;dlk_tbl_02254,proc_tbl_02625,gob_tbl_04393,dlk_tbl_01646,dlk_tbl_03128,dlk_ext_00253,proc_ext_00030,dash_ext_00394,dlk_ext_00177
proc_proceso_0075;4;std_tbl_01782,gob_tbl_01636,gob_tbl_02078,gob_tbl_03102;7;gob_tbl_04187,dlk_tbl_02159,gob_tbl_03918,dlk_tbl_03354,dlk_ext_00407,proc_ext_00241,proc_ext_00146
dlk_proceso_0076;7;proc_tbl_02943,gob_tbl_00687,gob_tbl_00127,dlk_tbl_02777,gob_tbl_00775,dash_tbl_03342,gob_tbl_02965;10;dlk_tbl_00500,gob_tbl_03563,proc_tbl_03675,gob_tbl_02442,gob_tbl_03463,gob_tbl_00890,gob_ext_00199,proc_ext_00430,dash_ext_00203,dlk_ext_00335
gob_proceso_0077;6;gob_tbl_00024,proc_tbl_01329,gob_tbl_03642,dlk_tbl_04269,gob_tbl_00156,dlk_tbl_02285;13;gob_tbl_04444,gob_tbl_01860,dlk_tbl_02886,gob_tbl_03237,gob_tbl_01128,proc_tbl_01202,proc_tbl_02580,dlk_ext_00634,dlk_ext_00501,proc_ext_00632,gob_ext_00494,dlk_ext_00418,gob_ext_00105
gob_proceso_0078;2;gob_tbl_01246,dlk_tbl_01475;15;dlk_tbl_02446,dlk_tbl_01839,gob_tbl_02806,dlk_tbl_00686,gob_tbl_03987,ppn_tbl_00121,gob_tbl_01725,proc_tbl_04107,gob_tbl_00401,dlk_ext_00621,proc_ext_00612,gob_ext_00558,gob_ext_00581,dlk_ext_00418,proc_ext_00298
dlk_proceso_0079;8;dlk_tbl_00099,dlk_tbl_02248,dlk_tbl_03792,dlk_tbl_03632,gob_tbl_03785,gob_tbl_03893,dlk_tbl_00815,dlk_tbl_02040;7;gob_tbl_01829,gob_tbl_03382,dlk_tbl_00733,gob_tbl_02452,gob_ext_00175,dash_ext_00299,dlk_ext_00340
dlk_proceso_0080;6;gob_tbl_00350,proc_tbl_03884,gob_tbl_02160,gob_tbl_03088,proc_tbl_03149,gob_tbl_01224;9;gob_tbl_01964,dlk_tbl_02355,gob_tbl_04251,dlk_tbl_03357,gob_tbl_04173,gob_ext_00626,dash_ext_00201,dlk_ext_00238,dlk_ext_00132
gob_proceso_0081;6;gob_tbl_04486,dash_tbl_04133,gob_tbl_02283,dlk_tbl_02712,gob_tbl_00465,dlk_tbl_01472;9;proc_tbl_02982,dlk_tbl_02432,dlk_tbl_01325,gob_tbl_03838,proc_tbl_00360,gob_ext_00613,std_ext_00510,m4vw_ext_00359,gob_ext_00524
gob_proceso_0082;3;proc_tbl_01724,proc_tbl_03243,dlk_tbl_02468;8;gob_tbl_01696,gob_tbl_03902,dlk_tbl_01720,gob_tbl_00930,dlk_tbl_04193,gob_ext_00023,dlk_ext_00173,dlk_ext_00437
gob_proceso_0083;4;dlk_tbl_03777,dash_tbl_02800,gob_tbl_02189,proc_tbl_03138;14;gob_tbl_03768,gob_tbl_01524,dash_tbl_00780,dlk_tbl_01901,proc_tbl_02726,gob_tbl_00215,gob_tbl_01029,gob_tbl_03050,gob_ext_00460,proc_ext_00468,gob_ext_00067,gob_ext_00199,proc_ext_00597,proc_ext_00430
dlk_proceso_0084;4;gob_tbl_00231,dlk_tbl_01209,gob_tbl_03344,gob_tbl_02321;10;dlk_tbl_03301,dlk_tbl_03204,dlk_tbl_01411,proc_tbl_03877,gob_tbl_00874,dash_tbl_00063,proc_ext_00119,dlk_ext_00162,gob_ext_00259,gob_ext_00029
dlk_proceso_0085;4;dlk_tbl_02231,dlk_tbl_03298,dash_tbl_03464,dlk_tbl_00356;10;std_tbl_00428,dlk_tbl_02577,dlk_tbl_00538,ppn_tbl_01245,dlk_tbl_03046,gob_tbl_03676,dlk_ext_00179,dlk_ext_00400,gob_ext_00521,proc_ext_00014
gob_proceso_0086;5;dlk_tbl_00564,gob_tbl_04443,gob_tbl_02268,proc_tbl_03482,dash_tbl_01678;4;gob_tbl_00437,dlk_tbl_02623,dlk_ext_00563,gob_ext_00478
dlk_proceso_0087;5;gob_tbl_03171,std_tbl_01150,proc_tbl_01771,dash_tbl_01018,gob_tbl_02378;15;gob_tbl_04367,gob_tbl_03011,proc_tbl_03048,dlk_tbl_00337,dlk_tbl_02919,gob_tbl_04272,dlk_tbl_03677,dlk_tbl_01791,dlk_tbl_00658,gob_ext_00091,dlk_ext_00344,proc_ext_00192,dlk_ext_00125,gob_ext_00615,dlk_ext_00066
dlk_proceso_0088;2;proc_tbl_03155,gob_tbl_02599;8;gob_tbl_00465,dlk_tbl_02812,gob_tbl_00131,dlk_tbl_01542,dlk_tbl_03104,gob_ext_00609,dlk_ext_00025,std_ext_00587
dlk_proceso_0089;6;dlk_tbl_01807,dash_tbl_02739,dlk_tbl_03967,gob_tbl_00468,gob_tbl_00820,gob_tbl_01314;21;dash_tbl_01915,dlk_tbl_00577,dlk_tbl_01739,proc_tbl_02539,gob_tbl_02189,m4sco_tbl_03627,dash_tbl_02277,dlk_tbl_00297,dlk_tbl_04257,dlk_tbl_00785,dash_tbl_03320,dlk_tbl_00677,gob_ext_00481,gob_ext_00604,dlk_ext_00170,gob_ext_00254,dlk_ext_00152,proc_ext_00527,dlk_ext_00505,dlk_ext_00501,dlk_ext_00064
dlk_proceso_0090;5;dlk_tbl_04164,dlk_tbl_03790,dlk_tbl_01187,dlk_tbl_03658,gob_tbl_03561;14;dlk_tbl_00381,proc_tbl_03851,dlk_tbl_00188,gob_tbl_00225,proc_tbl_00359,dlk_tbl_03900,gob_tbl_01611,dlk_tbl_02123,gob_ext_00491,proc_ext_00427,dlk_ext_00563,proc_ext_00266,dlk_ext_00294,std_ext_00060
dash_proceso_0091;5;gob_tbl_04375,gob_tbl_01512,gob_tbl_01894,gob_tbl_01071,proc_tbl_02389;12;proc_tbl_03269,gob_tbl_03084,dlk_tbl_04196,ppn_tbl_03431,dlk_tbl_03699,gob_tbl_00179,dlk_tbl_01420,gob_ext_00200,dlk_ext_00434,proc_ext_00004,dlk_ext_00244,gob_ext_00208
proc_proceso_0092;5;dash_tbl_02767,dlk_tbl_00086,gob_tbl_02116,gob_tbl_01778,proc_tbl_01469;14;gob_tbl_01207,std_tbl_02540,dlk_tbl_01599,dlk_tbl_02619,dlk_tbl_03452,gob_tbl_02831,proc_tbl_01587,dlk_tbl_00720,gob_ext_00366,dlk_ext_00177,dlk_ext_00396,dlk_ext_00602,dlk_ext_00403,gob_ext_00022
dlk_proceso_0093;6;proc_tbl_01280,std_tbl_01744,dlk_tbl_01882,proc_tbl_01254,proc_tbl_02505,gob_tbl_03327;6;gob_tbl_01931,dash_tbl_00653,proc_tbl_02311,dlk_ext_00622,dlk_ext_00253,gob_ext_00042
proc_proceso_0094;6;gob_tbl_03824,gob_tbl_01586,gob_tbl_01751,proc_tbl_01697,dlk_tbl_00496,gob_tbl_01389;13;dlk_tbl_02803,dlk_tbl_02123,proc_tbl_00581,dlk_tbl_02413,gob_tbl_00751,gob_tbl_04339,dlk_tbl_00785,dlk_ext_00424,dlk_ext_00264,dlk_ext_00284,std_ext_00237,gob_ext_00627,proc_ext_00487
dash_proceso_0095;6;dlk_tbl_01495,dlk_tbl_00810,dlk_tbl_00124,dash_tbl_04096,gob_tbl_02096,gob_tbl_00969;9;proc_tbl_00172,dlk_tbl_00978,gob_tbl_01230,dlk_tbl_03680,gob_tbl_02823,dlk_ext_00193,gob_ext_00608,dlk_ext_00515,dlk_ext_00221
dlk_proceso_0096;5;dlk_tbl_01986,gob_tbl_03741,dlk_tbl_03674,dlk_tbl_02817,dash_tbl_03708;5;gob_tbl_03210,proc_tbl_00283,gob_tbl_01339,dash_ext_00203,gob_ext_00147
dlk_proceso_0097;5;gob_tbl_02259,gob_tbl_03377,dlk_tbl_00267,dlk_tbl_03159,dash_tbl_02387;7;gob_tbl_03563,proc_tbl_01145,gob_tbl_03807,dlk_tbl_03573,proc_ext_00298,gob_ext_00524,dlk_ext_00438
dlk_proceso_0098;6;dash_tbl_02021,dlk_tbl_04391,dlk_tbl_01740,proc_tbl_03503,proc_tbl_00903,proc_tbl_00786;8;dlk_tbl_01514,gob_tbl_03809,gob_tbl_03077,gob_tbl_03723,gob_tbl_04364,dlk_ext_00286,dlk_ext_00048,gob_ext_00385
proc_proceso_0099;4;gob_tbl_03522,gob_tbl_04216,proc_tbl_03055,proc_tbl_00692;9;gob_tbl_02698,proc_tbl_01681,std_tbl_00840,dlk_tbl_03717,dlk_tbl_01589,gob_ext_00049,std_ext_00057,dlk_ext_00304,gob_ext_00460
gob_proceso_0100;2;m4vw_tbl_03424,dlk_tbl_00698;5;dash_tbl_01682,gob_tbl_04267,proc_tbl_00620,proc_ext_00381,gob_ext_00478
dlk_proceso_0101;4;proc_tbl_03868,gob_tbl_02990,std_tbl_02431,dlk_tbl_02889;7;gob_tbl_04228,gob_tbl_04411,dash_tbl_02985,dlk_tbl_03624,dlk_ext_00099,dlk_ext_00268,dlk_ext_00585
dlk_proceso_0102;7;dlk_tbl_00964,gob_tbl_03350,dlk_tbl_00226,dlk_tbl_02291,gob_tbl_00930,gob_tbl_00212,proc_tbl_01972;15;proc_tbl_02979,gob_tbl_03664,dlk_tbl_03493,dlk_tbl_01495,gob_tbl_04339,dlk_tbl_00152,gob_tbl_04389,m4vw_tbl_01281,gob_tbl_01722,proc_ext_00632,gob_ext_00222,dash_ext_00008,gob_ext_00091,proc_ext_00146,gob_ext_00334
gob_proceso_0103;4;gob_tbl_02309,dlk_tbl_00347,dlk_tbl_00041,gob_tbl_03664;8;gob_tbl_00050,gob_tbl_01489,gob_tbl_01349,proc_tbl_00753,dlk_tbl_02416,std_ext_00044,gob_ext_00107,gob_ext_00175
gob_proceso_0104;3;gob_tbl_00866,gob_tbl_04098,proc_tbl_04467;13;m4sco_tbl_00727,dash_tbl_00526,proc_tbl_02668,gob_tbl_00416,gob_tbl_03723,dlk_tbl_02914,gob_tbl_00685,dlk_ext_00304,dash_ext_00354,gob_ext_00507,gob_ext_00283,proc_ext_00611,dash_ext_00299
dlk_proceso_0105;6;dlk_tbl_03637,dlk_tbl_01168,gob_tbl_04025,gob_tbl_00012,proc_tbl_03662,dlk_tbl_03959;9;dlk_tbl_03147,proc_tbl_01822,dlk_tbl_02216,dash_tbl_03752,dlk_tbl_00660,proc_ext_00316,gob_ext_00558,dlk_ext_00177,gob_ext_00592
dlk_proceso_0106;2;gob_tbl_02295,dash_tbl_01904;13;dlk_tbl_01902,gob_tbl_00311,gob_tbl_00186,dlk_tbl_00152,dlk_tbl_01788,dlk_tbl_02049,gob_tbl_02987,gob_ext_00458,dlk_ext_00400,dlk_ext_00092,gob_ext_00091,dlk_ext_00236,dlk_ext_00154
gob_proceso_0107;3;dlk_tbl_00645,proc_tbl_00427,dlk_tbl_02852;13;gob_tbl_02078,proc_tbl_01329,gob_tbl_03056,dlk_tbl_00017,dlk_tbl_02950,gob_tbl_00822,gob_tbl_00057,dlk_ext_00452,gob_ext_00615,gob_ext_00247,dlk_ext_00398,dlk_ext_00228,gob_ext_00366
dash_proceso_0108;3;gob_tbl_03279,std_tbl_00855,gob_tbl_00268;9;gob_tbl_00587,gob_tbl_01289,gob_tbl_03199,dash_tbl_00970,gob_tbl_01278,ppn_ext_00046,gob_ext_00110,gob_ext_00465,dlk_ext_00244
gob_proceso_0109;3;dlk_tbl_04487,gob_tbl_02028,gob_tbl_00651;12;gob_tbl_03221,gob_tbl_01643,m4vw_tbl_03943,m4vw_tbl_03250,std_tbl_00338,gob_tbl_02429,dlk_tbl_03337,dlk_ext_00488,dlk_ext_00477,proc_ext_00555,dlk_ext_00011,proc_ext_00124
gob_proceso_0110;4;dlk_tbl_00552,gob_tbl_02255,dash_tbl_01485,proc_tbl_01132;5;gob_tbl_03107,proc_tbl_01854,proc_tbl_02703,dlk_ext_00113,gob_ext_00584
dlk_proceso_0111;2;m4vw_tbl_03875,dlk_tbl_00927;6;gob_tbl_02921,dlk_tbl_01291,dlk_tbl_02341,gob_ext_00247,m4vw_ext_00056,dlk_ext_00122
dlk_proceso_0112;2;gob_tbl_03097,gob_tbl_00149;15;gob_tbl_02768,gob_tbl_04142,gob_tbl_01314,dlk_tbl_01963,std_tbl_02215,gob_tbl_02331,dash_tbl_02147,m4vw_tbl_04306,dlk_tbl_01358,proc_ext_00555,gob_ext_00603,gob_ext_00450,m4vw_ext_00429,gob_ext_00186,gob_ext_00545
proc_proceso_0113;4;gob_tbl_01397,dash_tbl_02059,gob_tbl_02445,gob_tbl_02639;17;dlk_tbl_02305,dlk_tbl_04145,gob_tbl_02214,gob_tbl_00118,dlk_tbl_02637,dlk_tbl_01670,dash_tbl_00198,dlk_tbl_04220,m4vw_tbl_03655,gob_tbl_00295,gob_ext_00608,gob_ext_00572,dlk_ext_00493,gob_ext_00252,proc_ext_00555,dlk_ext_00634,dlk_ext_00071
gob_proceso_0114;2;m4sco_tbl_04068,gob_tbl_01997;5;gob_tbl_03941,dlk_tbl_00068,dlk_tbl_02119,dlk_ext_00081,gob_ext_00049
dlk_proceso_0115;2;gob_tbl_02748,dlk_tbl_01918;7;gob_tbl_04364,proc_tbl_00797,dlk_tbl_03555,gob_tbl_00363,gob_ext_00022,dlk_ext_00344,dlk_ext_00634
gob_proceso_0116;4;gob_tbl_00932,proc_tbl_03109,dlk_tbl_02458,dash_tbl_00456;9;proc_tbl_04058,dlk_tbl_04193,proc_tbl_02369,std_tbl_03420,dlk_tbl_02164,gob_ext_00164,dlk_ext_00162,gob_ext_00120,gob_ext_00084
gob_proceso_0117;4;proc_tbl_02144,std_tbl_00307,dlk_tbl_00901,proc_tbl_02221;13;gob_tbl_02329,dlk_tbl_00418,gob_tbl_02593,std_tbl_00211,proc_tbl_03683,dlk_tbl_02216,proc_tbl_01784,m4sco_ext_00565,dlk_ext_00190,dash_ext_00299,proc_ext_00553,proc_ext_00014,gob_ext_00058
gob_proceso_0118;6;std_tbl_04462,proc_tbl_02146,dlk_tbl_00694,proc_tbl_02604,proc_tbl_01792,dlk_tbl_00234;10;dash_tbl_02986,gob_tbl_01143,dlk_tbl_02140,dash_tbl_03320,gob_tbl_04294,proc_tbl_00826,gob_ext_00524,dlk_ext_00118,gob_ext_00176,dlk_ext_00390
dlk_proceso_0119;5;gob_tbl_01414,gob_tbl_04165,dlk_tbl_02722,gob_tbl_01787,gob_tbl_02510;13;dlk_tbl_00009,gob_tbl_02460,gob_tbl_02669,m4vw_tbl_00853,dlk_tbl_00092,gob_tbl_01566,gob_tbl_01079,gob_ext_00494,gob_ext_00187,dlk_ext_00037,std_ext_00587,dlk_ext_00513,gob_ext_00607
dlk_proceso_0120;4;proc_tbl_00015,proc_tbl_02939,dlk_tbl_03280,dlk_tbl_00553;6;gob_tbl_03011,dlk_tbl_02176,m4sco_tbl_00743,gob_ext_00367,gob_ext_00069,dlk_ext_00306
dlk_proceso_0121;3;dlk_tbl_04086,proc_tbl_04190,gob_tbl_03433;13;dlk_tbl_02432,std_tbl_02605,dlk_tbl_00242,dlk_tbl_01467,proc_tbl_01792,proc_tbl_03120,dlk_tbl_04013,gob_ext_00116,dlk_ext_00228,proc_ext_00324,proc_ext_00408,dash_ext_00633,dash_ext_00018
dlk_proceso_0122;6;gob_tbl_00729,dlk_tbl_01932,dlk_tbl_03597,dlk_tbl_00382,std_tbl_02215,gob_tbl_01537;15;proc_tbl_02366,dlk_tbl_02536,proc_tbl_03269,proc_tbl_02016,gob_tbl_01207,gob_tbl_01713,gob_tbl_00108,proc_tbl_01428,dlk_tbl_01599,gob_ext_00126,dlk_ext_00319,dlk_ext_00407,proc_ext_00508,gob_ext_00467,gob_ext_00494
dash_proceso_0123;5;proc_tbl_00878,dlk_tbl_01513,dlk_tbl_01546,gob_tbl_02657,proc_tbl_04055;5;proc_tbl_02897,gob_tbl_04300,dlk_tbl_01165,dlk_ext_00407,proc_ext_00632
gob_proceso_0124;5;dlk_tbl_02339,gob_tbl_04010,dash_tbl_04268,gob_tbl_01657,dlk_tbl_01518;10;dlk_tbl_02485,gob_tbl_02519,gob_tbl_01257,dlk_tbl_00460,dlk_tbl_02496,gob_tbl_02323,gob_ext_00042,gob_ext_00412,dlk_ext_00262,gob_ext_00084
proc_proceso_0125;4;dlk_tbl_03403,dlk_tbl_04200,proc_tbl_03453,dlk_tbl_01315;8;gob_tbl_02462,dlk_tbl_00956,gob_tbl_00506,std_tbl_02582,gob_tbl_03678,proc_ext_00178,gob_ext_00200,gob_ext_00609
dlk_proceso_0126;4;gob_tbl_02780,proc_tbl_01498,dlk_tbl_03295,gob_tbl_03253;9;gob_tbl_02789,m4sco_tbl_00236,proc_tbl_02749,gob_tbl_02815,gob_tbl_01128,dlk_ext_00034,dlk_ext_00319,proc_ext_00150,gob_ext_00507
gob_proceso_0127;3;gob_tbl_00102,dlk_tbl_02835,gob_tbl_00732;14;dlk_tbl_02889,proc_tbl_01153,dlk_tbl_01047,dlk_tbl_01755,gob_tbl_02893,gob_tbl_01270,dlk_tbl_03536,gob_tbl_03056,gob_ext_00591,dlk_ext_00398,proc_ext_00401,proc_ext_00632,gob_ext_00227,gob_ext_00603
proc_proceso_0128;7;dlk_tbl_03277,gob_tbl_02546,proc_tbl_03727,gob_tbl_01349,gob_tbl_00610,dlk_tbl_03976,dlk_tbl_01442;9;dlk_tbl_03956,gob_tbl_01088,dlk_tbl_00500,gob_tbl_01931,gob_tbl_02862,dash_ext_00420,dash_ext_00354,dlk_ext_00485,dlk_ext_00586
dlk_proceso_0129;6;proc_tbl_04412,dlk_tbl_03817,dlk_tbl_01296,gob_tbl_03091,proc_tbl_00591,proc_tbl_03313;10;dlk_tbl_01199,dlk_tbl_03352,dlk_tbl_01675,dlk_tbl_02485,m4vw_tbl_04037,dlk_tbl_01712,proc_ext_00506,dlk_ext_00137,std_ext_00587,dlk_ext_00025
gob_proceso_0130;4;dlk_tbl_00328,dlk_tbl_00442,dlk_tbl_01564,gob_tbl_00823;10;dash_tbl_03436,gob_tbl_02362,dlk_tbl_01038,dlk_tbl_01940,gob_tbl_03050,dlk_tbl_01550,gob_ext_00615,gob_ext_00370,proc_ext_00197,gob_ext_00110
dlk_proceso_0131;4;dlk_tbl_01240,std_tbl_00338,dlk_tbl_03996,gob_tbl_02874;11;dash_tbl_03320,ppn_tbl_01245,dlk_tbl_02211,dlk_tbl_04012,gob_tbl_03387,m4sco_tbl_03125,proc_ext_00457,gob_ext_00022,m4sco_ext_00094,gob_ext_00451,gob_ext_00208
gob_proceso_0132;6;dlk_tbl_02559,dlk_tbl_03530,gob_tbl_00781,gob_tbl_00076,gob_tbl_02521,gob_tbl_04217;15;gob_tbl_03556,dlk_tbl_00183,proc_tbl_00777,gob_tbl_03534,gob_tbl_00745,m4sco_tbl_03218,gob_tbl_00937,dlk_tbl_02647,dlk_tbl_02110,dlk_ext_00284,dlk_ext_00136,proc_ext_00197,proc_ext_00047,gob_ext_00524,gob_ext_00187
gob_proceso_0133;5;gob_tbl_03476,dlk_tbl_00750,dlk_tbl_01127,gob_tbl_03481,dlk_tbl_03527;7;gob_tbl_00718,dlk_tbl_03981,m4vw_tbl_03943,gob_tbl_04428,std_ext_00044,gob_ext_00301,dash_ext_00540
proc_proceso_0134;5;gob_tbl_02872,gob_tbl_00103,proc_tbl_01833,proc_tbl_01854,proc_tbl_00670;7;dash_tbl_03820,dlk_tbl_00548,dash_tbl_03583,dlk_tbl_03059,proc_ext_00178,m4vw_ext_00359,gob_ext_00035
dlk_proceso_0135;4;dlk_tbl_00188,dlk_tbl_02570,gob_tbl_03287,gob_tbl_01021;9;dash_tbl_03858,dlk_tbl_02842,gob_tbl_04148,gob_tbl_02758,m4sco_tbl_01196,proc_ext_00597,proc_ext_00328,proc_ext_00324,gob_ext_00279
dlk_proceso_0136;4;dlk_tbl_03857,dlk_tbl_00388,dlk_tbl_03568,gob_tbl_01241;13;dlk_tbl_02801,proc_tbl_03388,dlk_tbl_00755,dlk_tbl_02613,proc_tbl_04492,dlk_tbl_03603,gob_tbl_01773,dash_ext_00008,gob_ext_00351,gob_ext_00370,dlk_ext_00052,m4sco_ext_00565,std_ext_00618
dlk_proceso_0137;3;dlk_tbl_02637,proc_tbl_03726,proc_tbl_03113;7;gob_tbl_02912,m4sco_tbl_04290,dlk_tbl_02841,dlk_tbl_01291,dlk_ext_00284,gob_ext_00453,proc_ext_00324
proc_proceso_0138;6;gob_tbl_00370,gob_tbl_00789,gob_tbl_03626,gob_tbl_00502,gob_tbl_01457,dlk_tbl_00708;9;std_tbl_00062,dlk_tbl_03568,dlk_tbl_01612,m4sco_tbl_01763,proc_tbl_03539,proc_ext_00461,gob_ext_00626,dlk_ext_00179,proc_ext_00508
proc_proceso_0139;6;proc_tbl_01002,proc_tbl_02571,gob_tbl_04226,dlk_tbl_01383,gob_tbl_00377,gob_tbl_03673;10;dlk_tbl_01434,gob_tbl_01861,dlk_tbl_01099,proc_tbl_03559,dlk_tbl_03845,dlk_tbl_04246,dlk_ext_00403,dlk_ext_00133,gob_ext_00523,gob_ext_00393
gob_proceso_0140;6;gob_tbl_02075,proc_tbl_03437,proc_tbl_03683,proc_tbl_02910,dlk_tbl_04287,gob_tbl_00481;10;gob_tbl_03639,proc_tbl_02562,gob_tbl_01716,gob_tbl_02331,dlk_tbl_01229,proc_tbl_02737,dlk_ext_00304,dlk_ext_00238,std_ext_00360,gob_ext_00049
gob_proceso_0141;2;dlk_tbl_03562,gob_tbl_01264;9;dash_tbl_00737,gob_tbl_04213,m4sco_tbl_04069,dlk_tbl_02340,gob_tbl_03888,gob_ext_00337,dlk_ext_00093,gob_ext_00223,gob_ext_00186
dlk_proceso_0142;6;m4sco_tbl_00499,gob_tbl_03596,dlk_tbl_02579,gob_tbl_02970,gob_tbl_03616,dlk_tbl_00749;9;gob_tbl_03725,dash_tbl_00280,dlk_tbl_00850,dlk_tbl_02227,dash_tbl_00792,dlk_ext_00472,gob_ext_00626,dlk_ext_00305,gob_ext_00481
gob_proceso_0143;7;gob_tbl_01006,std_tbl_00252,dash_tbl_03016,proc_tbl_03269,dlk_tbl_00478,dlk_tbl_01718,dlk_tbl_01229;9;dlk_tbl_04143,dlk_tbl_03890,gob_tbl_02687,dlk_tbl_02187,gob_tbl_00666,m4sco_ext_00565,dlk_ext_00432,gob_ext_00331,dlk_ext_00270
dlk_proceso_0144;5;gob_tbl_03737,gob_tbl_03822,dlk_tbl_02273,gob_tbl_02720,dlk_tbl_02653;14;dash_tbl_03837,dlk_tbl_00748,gob_tbl_02437,gob_tbl_03435,dash_tbl_04223,gob_tbl_01524,proc_tbl_03508,dlk_tbl_01858,std_ext_00445,proc_ext_00207,dlk_ext_00308,proc_ext_00506,dlk_ext_00066,gob_ext_00117
proc_proceso_0145;4;proc_tbl_00920,gob_tbl_00330,dlk_tbl_00755,dlk_tbl_03762;10;m4sco_tbl_03609,dash_tbl_03320,gob_tbl_02088,dash_tbl_04166,gob_tbl_03870,std_tbl_01300,dlk_ext_00284,gob_ext_00051,gob_ext_00100,dash_ext_00141
dlk_proceso_0146;3;dash_tbl_02937,dash_tbl_03438,dlk_tbl_03456;13;gob_tbl_04186,dlk_tbl_01550,std_tbl_02431,gob_tbl_00311,proc_tbl_00281,dlk_tbl_02037,gob_tbl_02189,gob_ext_00145,dlk_ext_00009,dlk_ext_00571,proc_ext_00146,dlk_ext_00011,proc_ext_00055
dlk_proceso_0147;3;gob_tbl_04292,proc_tbl_04473,gob_tbl_01921;11;dlk_tbl_03029,dash_tbl_04185,gob_tbl_03563,dlk_tbl_01311,gob_tbl_02461,dlk_tbl_00668,proc_ext_00010,gob_ext_00562,gob_ext_00581,gob_ext_00567,gob_ext_00198
dlk_proceso_0148;2;proc_tbl_03912,std_tbl_02572;7;dash_tbl_00285,dlk_tbl_02501,m4sco_tbl_02504,gob_tbl_01355,gob_ext_00530,dlk_ext_00390,dlk_ext_00152
gob_proceso_0149;5;dash_tbl_04091,m4vw_tbl_03826,dlk_tbl_03704,dlk_tbl_01347,gob_tbl_01560;10;proc_tbl_04209,dlk_tbl_04383,gob_tbl_01840,dash_tbl_02385,proc_tbl_00458,dlk_tbl_03955,std_ext_00512,dlk_ext_00262,proc_ext_00063,dlk_ext_00634
dlk_proceso_0150;6;dlk_tbl_04424,gob_tbl_03589,gob_tbl_01969,gob_tbl_02744,dash_tbl_02802,gob_tbl_03797;4;gob_tbl_02240,gob_tbl_01628,proc_ext_00157,dlk_ext_00477
dlk_proceso_0151;4;gob_tbl_01144,gob_tbl_01868,gob_tbl_01353,dlk_tbl_00453;10;gob_tbl_03605,gob_tbl_00885,dlk_tbl_01295,gob_tbl_01391,gob_tbl_01657,dlk_tbl_02501,gob_ext_00100,std_ext_00510,dlk_ext_00165,dlk_ext_00282
gob_proceso_0152;5;gob_tbl_01403,dlk_tbl_00643,dash_tbl_03111,dash_tbl_04362,gob_tbl_01179;15;gob_tbl_03103,gob_tbl_01657,gob_tbl_03414,dash_tbl_04070,dlk_tbl_01719,dlk_tbl_02293,gob_tbl_02364,std_tbl_02066,gob_tbl_00468,dash_ext_00456,dlk_ext_00133,gob_ext_00393,proc_ext_00332,m4vw_ext_00447,proc_ext_00178
dlk_proceso_0153;3;gob_tbl_00832,m4sco_tbl_00863,std_tbl_01102;14;gob_tbl_04113,proc_tbl_00819,gob_tbl_00566,dash_tbl_02549,gob_tbl_02521,proc_tbl_02562,dash_tbl_01194,gob_tbl_04444,proc_ext_00241,dash_ext_00514,m4vw_ext_00359,dlk_ext_00353,dlk_ext_00284,dlk_ext_00323
dlk_proceso_0154;3;gob_tbl_01490,gob_tbl_02153,gob_tbl_00410;9;gob_tbl_02593,gob_tbl_02283,gob_tbl_00637,gob_tbl_00192,std_tbl_02066,gob_ext_00548,dlk_ext_00304,dlk_ext_00179,gob_ext_00497
gob_proceso_0155;8;proc_tbl_00826,dlk_tbl_00843,proc_tbl_02366,gob_tbl_00240,m4vw_tbl_04114,proc_tbl_04194,dlk_tbl_03485,proc_tbl_02054;10;gob_tbl_04210,dlk_tbl_02245,dash_tbl_00020,dlk_tbl_03015,gob_tbl_03448,dlk_tbl_03277,dlk_ext_00410,proc_ext_00010,gob_ext_00615,dlk_ext_00499
dlk_proceso_0156;8;m4vw_tbl_04306,dlk_tbl_02413,dash_tbl_03176,proc_tbl_00983,m4vw_tbl_01677,proc_tbl_03891,dlk_tbl_00154,dlk_tbl_02822;10;proc_tbl_03862,dlk_tbl_02725,proc_tbl_03727,gob_tbl_00939,dlk_tbl_04314,dlk_tbl_01932,dlk_ext_00262,proc_ext_00457,dash_ext_00203,gob_ext_00208
gob_proceso_0157;4;dlk_tbl_02384,proc_tbl_02982,dash_tbl_01109,dlk_tbl_00680;10;std_tbl_03220,std_tbl_00946,dlk_tbl_03981,dlk_tbl_01481,gob_tbl_03516,proc_tbl_00054,gob_ext_00031,dlk_ext_00477,m4vw_ext_00056,std_ext_00044
proc_proceso_0158;6;dlk_tbl_02501,proc_tbl_00172,dlk_tbl_01642,gob_tbl_01107,gob_tbl_03065,gob_tbl_01458;13;gob_tbl_02657,gob_tbl_01879,dlk_tbl_03998,gob_tbl_01128,dlk_tbl_04141,gob_tbl_03561,dash_tbl_03837,proc_ext_00555,dlk_ext_00152,dlk_ext_00434,dash_ext_00514,dlk_ext_00585,gob_ext_00609
gob_proceso_0159;6;gob_tbl_03829,dlk_tbl_04328,gob_tbl_02007,proc_tbl_02374,proc_tbl_03743,dlk_tbl_01267;9;gob_tbl_04425,dlk_tbl_02179,gob_tbl_01278,gob_tbl_00939,dash_tbl_03455,dlk_ext_00547,gob_ext_00467,proc_ext_00010,dlk_ext_00469
gob_proceso_0160;3;gob_tbl_03329,dash_tbl_03404,std_tbl_02162;9;gob_tbl_02876,gob_tbl_02329,proc_tbl_00224,dlk_tbl_02090,proc_tbl_04202,dlk_ext_00469,dlk_ext_00276,dlk_ext_00434,proc_ext_00611
proc_proceso_0161;3;dlk_tbl_02936,proc_tbl_00359,dlk_tbl_02375;12;gob_tbl_02260,dlk_tbl_00860,dlk_tbl_00854,gob_tbl_03102,dash_tbl_00604,proc_tbl_00209,dlk_tbl_00205,gob_ext_00591,gob_ext_00384,dlk_ext_00392,dlk_ext_00353,gob_ext_00147
proc_proceso_0162;4;gob_tbl_00951,dlk_tbl_00244,gob_tbl_02845,proc_tbl_02057;11;dash_tbl_00699,gob_tbl_00367,gob_tbl_00705,dash_tbl_00047,gob_tbl_03736,dlk_tbl_01434,dlk_ext_00093,dash_ext_00442,ppn_ext_00046,dash_ext_00299,dlk_ext_00099
dlk_proceso_0163;3;dlk_tbl_02878,dlk_tbl_02084,dlk_tbl_00113;9;dash_tbl_02742,dash_tbl_02995,std_tbl_01377,dlk_tbl_02405,dlk_tbl_01277,dlk_ext_00154,dlk_ext_00174,gob_ext_00601,dlk_ext_00389
proc_proceso_0164;2;gob_tbl_02606,dlk_tbl_03034;12;gob_tbl_02531,gob_tbl_00421,dlk_tbl_00945,gob_tbl_01824,proc_tbl_00457,dlk_tbl_01619,gob_tbl_03825,gob_ext_00267,dlk_ext_00284,gob_ext_00273,dlk_ext_00515,proc_ext_00063
dash_proceso_0165;4;gob_tbl_00490,proc_tbl_02551,dash_tbl_01600,gob_tbl_03261;10;dlk_tbl_02244,dash_tbl_02920,gob_tbl_00131,dlk_tbl_00029,gob_tbl_01173,dlk_tbl_01812,gob_ext_00186,dlk_ext_00304,dlk_ext_00284,dlk_ext_00571
dlk_proceso_0166;2;gob_tbl_03338,gob_tbl_01800;7;dlk_tbl_03072,dlk_tbl_00782,gob_tbl_03798,proc_tbl_00091,std_ext_00517,proc_ext_00589,gob_ext_00596
dlk_proceso_0167;6;gob_tbl_02911,gob_tbl_01207,std_tbl_02605,proc_tbl_03388,dash_tbl_03520,proc_tbl_02580;15;dlk_tbl_01149,gob_tbl_02660,dlk_tbl_02946,proc_tbl_04132,dlk_tbl_04385,dash_tbl_02802,dlk_tbl_00893,dlk_tbl_00646,dlk_tbl_01156,std_ext_00594,gob_ext_00460,dlk_ext_00037,dlk_ext_00501,proc_ext_00487,gob_ext_00042
dlk_proceso_0168;5;dlk_tbl_04471,dash_tbl_01444,std_tbl_02830,dlk_tbl_02530,dlk_tbl_02705;15;dash_tbl_03320,dlk_tbl_01136,gob_tbl_01030,dash_tbl_02417,proc_tbl_03255,dlk_tbl_02341,dlk_tbl_03660,m4vw_tbl_01327,gob_tbl_00405,proc_ext_00468,dlk_ext_00320,dlk_ext_00407,dlk_ext_00062,dash_ext_00620,proc_ext_00121
dash_proceso_0169;6;gob_tbl_02481,gob_tbl_01603,gob_tbl_02039,gob_tbl_02106,dlk_tbl_02244,proc_tbl_00434;11;gob_tbl_02460,dlk_tbl_00347,dlk_tbl_02333,dash_tbl_00554,gob_tbl_00413,dlk_tbl_04026,gob_ext_00545,gob_ext_00036,std_ext_00510,gob_ext_00393,proc_ext_00207
dash_proceso_0170;2;gob_tbl_02158,dlk_tbl_00790;10;dlk_tbl_02080,gob_tbl_04032,dlk_tbl_00227,dlk_tbl_03092,dlk_tbl_04207,gob_tbl_04227,dash_ext_00620,dlk_ext_00061,dlk_ext_00093,dlk_ext_00397
dlk_proceso_0171;3;gob_tbl_03515,gob_tbl_01167,m4vw_tbl_03943;10;gob_tbl_02700,dlk_tbl_01710,gob_tbl_02741,proc_tbl_02993,dash_tbl_03439,gob_tbl_02657,gob_ext_00153,dlk_ext_00253,gob_ext_00111,dlk_ext_00238
proc_proceso_0172;4;gob_tbl_02904,gob_tbl_03238,proc_tbl_00090,gob_tbl_03783;6;gob_tbl_04448,dash_tbl_01583,dlk_tbl_01979,gob_ext_00202,proc_ext_00496,dlk_ext_00257
dlk_proceso_0173;3;dlk_tbl_03802,proc_tbl_03716,proc_tbl_01425;13;dlk_tbl_00738,gob_tbl_01058,dlk_tbl_04191,proc_tbl_00777,dash_tbl_02147,gob_tbl_00506,gob_tbl_03379,dlk_ext_00469,dash_ext_00456,dash_ext_00256,gob_ext_00567,dlk_ext_00365,dlk_ext_00093
gob_proceso_0174;6;gob_tbl_02477,gob_tbl_01500,dlk_tbl_03072,gob_tbl_02420,m4vw_tbl_03993,m4vw_tbl_02428;11;gob_tbl_02056,gob_tbl_02160,dlk_tbl_00538,proc_tbl_00878,dash_tbl_00697,dlk_tbl_04195,dlk_ext_00303,dlk_ext_00566,proc_ext_00324,dash_ext_00008,proc_ext_00010
dlk_proceso_0175;4;proc_tbl_03966,gob_tbl_04348,m4vw_tbl_02945,dlk_tbl_04451;17;proc_tbl_02816,dlk_tbl_01851,gob_tbl_01458,dash_tbl_01951,gob_tbl_03685,gob_tbl_03918,gob_tbl_02622,dlk_tbl_03029,gob_tbl_04444,dlk_tbl_01401,ppn_ext_00046,dlk_ext_00012,m4vw_ext_00559,dlk_ext_00108,gob_ext_00222,gob_ext_00366,gob_ext_00524
gob_proceso_0176;6;m4vw_tbl_02628,gob_tbl_01044,gob_tbl_03331,gob_tbl_01036,gob_tbl_01570,dash_tbl_04166;4;proc_tbl_02568,proc_tbl_03313,dlk_ext_00501,gob_ext_00524
dlk_proceso_0177;4;gob_tbl_02934,dlk_tbl_03692,dlk_tbl_02034,proc_tbl_01615;3;gob_tbl_00722,gob_tbl_03987,dlk_ext_00549
gob_proceso_0178;5;gob_tbl_02093,dlk_tbl_01360,dlk_tbl_00006,proc_tbl_00919,gob_tbl_01937;7;gob_tbl_01511,gob_tbl_03326,gob_tbl_03278,dlk_tbl_02087,gob_ext_00609,proc_ext_00316,gob_ext_00049
gob_proceso_0179;5;gob_tbl_04172,dlk_tbl_00498,gob_tbl_03706,gob_tbl_03066,dash_tbl_01015;7;gob_tbl_02382,gob_tbl_01894,dlk_tbl_02681,dlk_tbl_00001,gob_ext_00412,dlk_ext_00006,gob_ext_00415
dash_proceso_0180;6;dlk_tbl_00862,dlk_tbl_04197,proc_tbl_01486,dlk_tbl_00973,proc_tbl_01989,dlk_tbl_04365;11;gob_tbl_01021,gob_tbl_02367,dlk_tbl_01358,dlk_tbl_01940,gob_tbl_00215,gob_tbl_04468,proc_ext_00121,gob_ext_00524,gob_ext_00250,dlk_ext_00162,proc_ext_00146
proc_proceso_0181;7;m4vw_tbl_04037,proc_tbl_04219,gob_tbl_00190,dlk_tbl_02887,gob_tbl_01169,gob_tbl_00131,dlk_tbl_00868;11;proc_tbl_01309,dlk_tbl_00514,dlk_tbl_02360,gob_tbl_01843,dlk_tbl_00886,dlk_tbl_03536,gob_ext_00604,proc_ext_00124,dlk_ext_00503,gob_ext_00279,dlk_ext_00319
dlk_proceso_0182;2;gob_tbl_00909,dlk_tbl_03814;13;gob_tbl_03328,dlk_tbl_03942,dlk_tbl_04211,gob_tbl_01862,gob_tbl_00472,dlk_tbl_02594,proc_tbl_04040,gob_ext_00591,gob_ext_00465,dlk_ext_00012,std_ext_00510,proc_ext_00527,gob_ext_00609
gob_proceso_0183;2;gob_tbl_02947,proc_tbl_01326;15;proc_tbl_00059,m4sco_tbl_02091,gob_tbl_02473,dash_tbl_02662,dlk_tbl_03705,dlk_tbl_03981,gob_tbl_04444,gob_tbl_04087,dlk_tbl_00608,dlk_ext_00434,dlk_ext_00264,m4sco_ext_00529,std_ext_00044,proc_ext_00207,dash_ext_00201
gob_proceso_0184;4;gob_tbl_03107,dlk_tbl_03927,gob_tbl_00415,gob_tbl_03581;7;proc_tbl_01640,proc_tbl_01681,proc_tbl_01610,dash_tbl_04070,gob_ext_00494,gob_ext_00250,proc_ext_00192
proc_proceso_0185;2;std_tbl_00896,dash_tbl_02070;13;gob_tbl_02906,gob_tbl_00639,gob_tbl_03540,dash_tbl_01583,gob_tbl_02056,std_tbl_04139,gob_tbl_03905,gob_ext_00331,gob_ext_00309,gob_ext_00351,std_ext_00517,gob_ext_00139,gob_ext_00415
dlk_proceso_0186;8;m4sco_tbl_02527,gob_tbl_03987,dash_tbl_03560,dlk_tbl_01363,dash_tbl_01061,dlk_tbl_03358,dlk_tbl_01712,gob_tbl_02125;14;dlk_tbl_02067,dash_tbl_03885,dlk_tbl_02179,gob_tbl_01625,dlk_tbl_01199,proc_tbl_03509,dlk_tbl_03298,gob_tbl_03045,gob_ext_00458,std_ext_00587,dlk_ext_00320,gob_ext_00202,gob_ext_00479,gob_ext_00544
dlk_proceso_0187;6;dlk_tbl_01544,dlk_tbl_01980,dash_tbl_03193,gob_tbl_03158,dlk_tbl_02509,std_tbl_02567;9;dlk_tbl_04145,gob_tbl_00685,gob_tbl_01698,dlk_tbl_03133,proc_tbl_03896,gob_ext_00120,gob_ext_00003,gob_ext_00176,dlk_ext_00459
dlk_proceso_0188;5;gob_tbl_03011,dlk_tbl_04026,dlk_tbl_03118,gob_tbl_01685,gob_tbl_01884;8;gob_tbl_01519,dlk_tbl_00221,proc_tbl_01672,gob_tbl_02025,dlk_tbl_00783,proc_ext_00401,dlk_ext_00284,gob_ext_00591
dlk_proceso_0189;4;proc_tbl_03178,gob_tbl_00611,gob_tbl_01886,dash_tbl_04218;4;dash_tbl_00780,gob_tbl_03576,gob_ext_00186,std_ext_00594
dlk_proceso_0190;5;gob_tbl_01077,dash_tbl_04374,dlk_tbl_02786,gob_tbl_02861,proc_tbl_01221;12;dlk_tbl_01277,dlk_tbl_01588,proc_tbl_02146,dlk_tbl_04195,ppn_tbl_01245,gob_tbl_00975,dlk_tbl_00326,proc_ext_00327,dlk_ext_00221,dlk_ext_00424,dlk_ext_00585,gob_ext_00321
gob_proceso_0191;6;gob_tbl_02838,gob_tbl_04083,gob_tbl_01494,gob_tbl_00104,proc_tbl_01422,dlk_tbl_01984;9;dlk_tbl_01118,dlk_tbl_01786,dlk_tbl_03094,gob_tbl_01143,gob_tbl_02965,std_ext_00606,gob_ext_00135,m4vw_ext_00429,dlk_ext_00485
dlk_proceso_0192;2;proc_tbl_00412,gob_tbl_02843;7;dlk_tbl_01098,dlk_tbl_00124,gob_tbl_02430,dlk_tbl_01627,dlk_ext_00340,dlk_ext_00108,dlk_ext_00317
gob_proceso_0193;3;m4sco_tbl_02029,dlk_tbl_02225,dlk_tbl_01171;14;gob_tbl_01628,gob_tbl_01526,std_tbl_00338,dlk_tbl_03495,gob_tbl_00530,gob_tbl_01676,gob_tbl_01120,dlk_tbl_02425,proc_ext_00000,dlk_ext_00297,gob_ext_00491,dlk_ext_00113,dlk_ext_00407,gob_ext_00261
dlk_proceso_0194;2;proc_tbl_02581,gob_tbl_04233;12;proc_tbl_02398,proc_tbl_03453,dash_tbl_02931,dash_tbl_01094,gob_tbl_01079,gob_tbl_02109,gob_tbl_01676,dlk_ext_00133,dlk_ext_00188,gob_ext_00096,gob_ext_00625,proc_ext_00527
dlk_proceso_0195;4;proc_tbl_03559,dlk_tbl_01675,dlk_tbl_00170,dlk_tbl_00925;10;gob_tbl_04367,dlk_tbl_00681,gob_tbl_00310,gob_tbl_03651,gob_tbl_00129,gob_tbl_01829,gob_ext_00022,dlk_ext_00165,dash_ext_00018,gob_ext_00091
dash_proceso_0196;4;dlk_tbl_03694,dash_tbl_03208,gob_tbl_03685,gob_tbl_01639;13;dash_tbl_03650,dlk_tbl_01037,gob_tbl_00711,proc_tbl_03346,dlk_tbl_01850,proc_tbl_01784,dlk_tbl_01359,gob_ext_00465,dash_ext_00203,gob_ext_00153,gob_ext_00036,gob_ext_00313,gob_ext_00254
proc_proceso_0197;7;gob_tbl_03212,dlk_tbl_03981,proc_tbl_00931,dlk_tbl_02655,gob_tbl_02761,gob_tbl_04325,gob_tbl_03330;11;gob_tbl_00050,dash_tbl_00554,dlk_tbl_00036,std_tbl_04360,gob_tbl_00426,gob_tbl_04292,std_ext_00057,dlk_ext_00144,gob_ext_00581,gob_ext_00415,gob_ext_00441
dlk_proceso_0198;5;dlk_tbl_02491,dash_tbl_02209,proc_tbl_00110,dash_tbl_04240,dlk_tbl_02548;8;dlk_tbl_01841,dlk_tbl_03280,gob_tbl_01070,proc_tbl_01221,dash_tbl_01468,gob_ext_00465,dash_ext_00032,dlk_ext_00066
proc_proceso_0199;6;proc_tbl_03509,gob_tbl_01151,gob_tbl_01725,std_tbl_03396,proc_tbl_01272,std_tbl_00211;11;dlk_tbl_00297,m4sco_tbl_02534,gob_tbl_01824,dlk_tbl_03184,dlk_tbl_03028,dash_tbl_03700,dash_ext_00514,proc_ext_00327,gob_ext_00544,gob_ext_00183,gob_ext_00476
dash_proceso_0200;6;gob_tbl_02331,proc_tbl_00702,dlk_tbl_03900,gob_tbl_02478,gob_tbl_02315,proc_tbl_03872;4;gob_tbl_03484,dlk_tbl_00095,dlk_ext_00099,gob_ext_00541
dlk_proceso_0201;4;proc_tbl_01332,dlk_tbl_02456,dlk_tbl_04195,gob_tbl_02745;7;dlk_tbl_00276,gob_tbl_01131,gob_tbl_00549,proc_tbl_02112,gob_ext_00626,gob_ext_00100,dlk_ext_00085
dlk_proceso_0202;6;gob_tbl_02499,proc_tbl_04283,gob_tbl_01220,gob_tbl_03084,gob_tbl_01003,gob_tbl_03563;16;dlk_tbl_01064,dash_tbl_00938,gob_tbl_03534,gob_tbl_00892,gob_tbl_00817,dlk_tbl_03071,gob_tbl_02477,gob_tbl_02542,dlk_tbl_03527,proc_ext_00327,gob_ext_00384,gob_ext_00524,dlk_ext_00066,proc_ext_00555,gob_ext_00479,gob_ext_00100
gob_proceso_0203;6;gob_tbl_02472,dlk_tbl_00595,dash_tbl_00365,proc_tbl_00934,proc_tbl_00169,gob_tbl_03684;15;dlk_tbl_00356,dlk_tbl_02405,dlk_tbl_04314,gob_tbl_02938,gob_tbl_02521,dlk_tbl_00740,dlk_tbl_04261,gob_tbl_01620,proc_tbl_03982,gob_ext_00338,m4sco_ext_00569,dlk_ext_00083,dlk_ext_00048,gob_ext_00409,dlk_ext_00444
dlk_proceso_0204;6;dash_tbl_02325,proc_tbl_02024,dlk_tbl_02032,dlk_tbl_00688,dash_tbl_03645,std_tbl_02567;9;gob_tbl_00975,gob_tbl_03000,gob_tbl_01864,proc_tbl_00947,m4sco_tbl_02797,dlk_ext_00144,dlk_ext_00488,gob_ext_00260,proc_ext_00612
dlk_proceso_0205;5;dlk_tbl_02037,gob_tbl_01865,gob_tbl_01502,gob_tbl_03181,gob_tbl_01294;14;gob_tbl_00949,gob_tbl_04482,dlk_tbl_00571,gob_tbl_02367,gob_tbl_03067,dlk_tbl_02341,dlk_tbl_00290,m4vw_tbl_01674,dlk_ext_00538,gob_ext_00223,dlk_ext_00165,proc_ext_00146,gob_ext_00096,dash_ext_00633
dlk_proceso_0206;3;proc_tbl_03880,dlk_tbl_01569,std_tbl_00867;14;gob_tbl_04142,dlk_tbl_03631,dash_tbl_02387,gob_tbl_03556,dlk_tbl_00152,dlk_tbl_00941,dlk_tbl_03142,gob_tbl_00930,proc_ext_00401,dlk_ext_00407,dash_ext_00456,proc_ext_00140,proc_ext_00074,dlk_ext_00173
dlk_proceso_0207;8;dlk_tbl_03954,dlk_tbl_03092,gob_tbl_02514,gob_tbl_01900,dlk_tbl_01588,dlk_tbl_00351,dlk_tbl_00913,dlk_tbl_02543;14;gob_tbl_02462,dlk_tbl_04108,proc_tbl_00878,dlk_tbl_00460,dlk_tbl_04020,gob_tbl_01611,dlk_tbl_04104,gob_tbl_00215,dash_ext_00203,ppn_ext_00504,gob_ext_00223,gob_ext_00176,gob_ext_00313,gob_ext_00145
dlk_proceso_0208;4;proc_tbl_00458,dlk_tbl_04246,proc_tbl_04250,dlk_tbl_03099;3;dlk_tbl_00897,proc_tbl_01200,m4sco_ext_00565
proc_proceso_0209;4;gob_tbl_03192,gob_tbl_02774,m4sco_tbl_03609,std_tbl_00428;4;dlk_tbl_02289,m4sco_tbl_02091,gob_ext_00105,std_ext_00618
proc_proceso_0210;3;dlk_tbl_00738,proc_tbl_00444,proc_tbl_04054;11;proc_tbl_03474,dlk_tbl_00393,dash_tbl_00229,dash_tbl_02658,proc_tbl_04040,dlk_tbl_01873,gob_ext_00223,dlk_ext_00122,dlk_ext_00539,std_ext_00606,dlk_ext_00272
dlk_proceso_0211;5;gob_tbl_02612,ppn_tbl_00644,gob_tbl_02111,dash_tbl_00532,m4sco_tbl_02091;17;dlk_tbl_02680,dlk_tbl_00698,gob_tbl_02989,gob_tbl_00127,dlk_tbl_02381,dlk_tbl_02841,dlk_tbl_02087,proc_tbl_00640,gob_tbl_04148,gob_tbl_02900,proc_ext_00468,gob_ext_00451,gob_ext_00259,dlk_ext_00180,dlk_ext_00006,gob_ext_00479,dash_ext_00425
dash_proceso_0212;4;proc_tbl_01454,gob_tbl_02269,dlk_tbl_04108,dlk_tbl_02302;10;dlk_tbl_02347,dlk_tbl_01577,dlk_tbl_03956,dlk_tbl_00503,proc_tbl_00983,gob_tbl_02314,dash_ext_00525,m4sco_ext_00565,dlk_ext_00434,std_ext_00044
dlk_proceso_0213;7;dlk_tbl_03631,dlk_tbl_03368,gob_tbl_04402,gob_tbl_03774,proc_tbl_01406,dash_tbl_02592,m4sco_tbl_01872;10;dlk_tbl_01920,gob_tbl_03000,proc_tbl_01053,dlk_tbl_03640,dlk_tbl_00766,proc_tbl_02562,dlk_ext_00118,std_ext_00512,dlk_ext_00142,gob_ext_00523
proc_proceso_0214;6;dash_tbl_02147,dlk_tbl_04352,m4vw_tbl_01700,gob_tbl_00145,gob_tbl_03246,dlk_tbl_02561;10;proc_tbl_03868,dash_tbl_03176,dlk_tbl_01484,m4sco_tbl_02163,dlk_tbl_03020,dlk_tbl_00380,proc_ext_00408,dlk_ext_00165,ppn_ext_00526,dlk_ext_00285
dlk_proceso_0215;4;dlk_tbl_02819,proc_tbl_01645,proc_tbl_03889,dlk_tbl_02634;4;ppn_tbl_04162,gob_tbl_02461,proc_ext_00263,dlk_ext_00344
dlk_proceso_0216;2;dlk_tbl_01897,gob_tbl_00705;10;dlk_tbl_03168,dash_tbl_03288,gob_tbl_03078,ppn_tbl_00922,std_tbl_00252,dlk_tbl_01158,dlk_ext_00231,m4sco_ext_00569,dash_ext_00514,gob_ext_00250
dlk_proceso_0217;5;dlk_tbl_03112,dlk_tbl_03059,gob_tbl_04468,dlk_tbl_01889,dlk_tbl_02370;8;dlk_tbl_04029,m4vw_tbl_01665,gob_tbl_03377,gob_tbl_04192,gob_tbl_04001,gob_ext_00584,proc_ext_00328,proc_ext_00146
dlk_proceso_0218;5;proc_tbl_00536,dlk_tbl_02449,proc_tbl_03873,proc_tbl_04044,proc_tbl_03896;7;dlk_tbl_03900,gob_tbl_00501,proc_tbl_03048,gob_tbl_01722,dlk_ext_00269,gob_ext_00194,gob_ext_00163
dlk_proceso_0219;4;dlk_tbl_01050,dlk_tbl_00276,gob_tbl_00291,gob_tbl_00711;17;proc_tbl_02737,gob_tbl_02912,m4vw_tbl_03943,gob_tbl_02058,gob_tbl_03096,std_tbl_04285,gob_tbl_00911,dlk_tbl_02253,gob_tbl_03273,gob_tbl_03789,gob_ext_00029,dlk_ext_00221,gob_ext_00399,dash_ext_00203,dlk_ext_00424,dlk_ext_00101,dlk_ext_00538
gob_proceso_0220;2;dlk_tbl_01013,proc_tbl_00304;12;dlk_tbl_03389,dlk_tbl_03281,dash_tbl_03921,proc_tbl_01771,dlk_tbl_02852,gob_tbl_00966,proc_tbl_00819,proc_ext_00435,dlk_ext_00407,gob_ext_00135,gob_ext_00608,gob_ext_00208
dlk_proceso_0221;3;gob_tbl_01278,gob_tbl_00874,gob_tbl_04364;12;dlk_tbl_03139,gob_tbl_00674,dlk_tbl_02623,dlk_tbl_04061,gob_tbl_01394,gob_tbl_02970,gob_tbl_00624,dlk_ext_00440,dlk_ext_00012,gob_ext_00625,std_ext_00232,gob_ext_00379
dash_proceso_0222;5;gob_tbl_04161,dlk_tbl_01836,gob_tbl_00216,gob_tbl_02490,dlk_tbl_04184;17;gob_tbl_03691,std_tbl_00392,gob_tbl_00131,dlk_tbl_00258,proc_tbl_01464,gob_tbl_04411,dlk_tbl_00347,proc_tbl_00373,dlk_tbl_01434,dlk_tbl_01947,gob_ext_00313,dlk_ext_00407,dlk_ext_00099,gob_ext_00467,dlk_ext_00503,dlk_ext_00571,dlk_ext_00009
gob_proceso_0223;3;dlk_tbl_02738,proc_tbl_00846,std_tbl_01203;8;gob_tbl_03237,gob_tbl_03454,gob_tbl_00247,dlk_tbl_01350,dlk_tbl_00803,gob_ext_00333,gob_ext_00581,dlk_ext_00264
dlk_proceso_0224;5;dlk_tbl_00839,proc_tbl_03897,dlk_tbl_03932,dlk_tbl_03173,proc_tbl_04256;5;dlk_tbl_03209,dlk_tbl_00386,dlk_tbl_01874,proc_ext_00131,m4vw_ext_00359
proc_proceso_0225;6;gob_tbl_04060,gob_tbl_00364,dlk_tbl_02258,dlk_tbl_00470,gob_tbl_02427,dlk_tbl_00945;4;gob_tbl_03246,dlk_tbl_01513,dash_ext_00214,dlk_ext_00398
proc_proceso_0226;8;gob_tbl_00892,gob_tbl_02769,dash_tbl_02898,dlk_tbl_02851,gob_tbl_02121,proc_tbl_00482,proc_tbl_01734,dlk_tbl_04167;5;std_tbl_03009,gob_tbl_04393,proc_tbl_02837,gob_ext_00110,dlk_ext_00488
dlk_proceso_0227;5;gob_tbl_00510,gob_tbl_02879,gob_tbl_03598,std_tbl_01885,dlk_tbl_01014;10;dlk_tbl_00436,std_tbl_00856,gob_tbl_02756,gob_tbl_02698,dlk_tbl_00668,gob_tbl_03448,dlk_ext_00634,proc_ext_00339,proc_ext_00421,dash_ext_00490
gob_proceso_0228;4;m4sco_tbl_01977,dlk_tbl_01831,gob_tbl_02790,proc_tbl_02313;6;gob_tbl_00303,gob_tbl_01800,gob_tbl_03435,gob_ext_00110,dlk_ext_00092,dlk_ext_00262
proc_proceso_0229;6;gob_tbl_01251,proc_tbl_00924,dlk_tbl_01084,dlk_tbl_02236,gob_tbl_03576,proc_tbl_00593;9;dlk_tbl_01858,dlk_tbl_03538,proc_tbl_02881,dlk_tbl_01141,dlk_tbl_03919,dlk_ext_00006,gob_ext_00200,std_ext_00057,gob_ext_00023
dlk_proceso_0230;4;dlk_tbl_02107,dlk_tbl_00344,dlk_tbl_04105,gob_tbl_02921;14;gob_tbl_02796,dlk_tbl_00505,gob_tbl_02532,gob_tbl_00179,proc_tbl_01466,gob_tbl_02259,proc_tbl_01568,dlk_tbl_00958,dlk_ext_00634,dash_ext_00568,gob_ext_00453,gob_ext_00334,dlk_ext_00396,dlk_ext_00012
dlk_proceso_0231;5;dlk_tbl_02232,dash_tbl_00627,gob_tbl_03902,gob_tbl_00690,dlk_tbl_00337;8;proc_tbl_01780,dlk_tbl_02275,gob_tbl_03074,dlk_tbl_02050,dlk_tbl_02946,dlk_ext_00634,m4sco_ext_00569,dlk_ext_00133
gob_proceso_0232;3;proc_tbl_03763,dlk_tbl_01717,gob_tbl_04249;10;dlk_tbl_03046,gob_tbl_01691,gob_tbl_04289,proc_tbl_01792,gob_tbl_02180,dlk_tbl_04401,gob_ext_00416,gob_ext_00222,gob_ext_00613,gob_ext_00409
dash_proceso_0233;6;gob_tbl_02507,gob_tbl_01910,m4sco_tbl_03134,gob_tbl_00273,gob_tbl_03458,gob_tbl_01715;9;gob_tbl_04323,gob_tbl_01483,dlk_tbl_01991,dash_tbl_01649,gob_tbl_03719,gob_ext_00412,gob_ext_00462,gob_ext_00112,dlk_ext_00251
gob_proceso_0234;5;dlk_tbl_01293,gob_tbl_02642,std_tbl_02540,proc_tbl_00360,dlk_tbl_03668;11;gob_tbl_02687,dlk_tbl_04378,proc_tbl_02979,ppn_tbl_04469,proc_tbl_02134,dlk_tbl_01209,dlk_ext_00345,dlk_ext_00144,dash_ext_00160,proc_ext_00004,std_ext_00510
dlk_proceso_0235;6;dlk_tbl_01400,proc_tbl_00473,dlk_tbl_04410,dlk_tbl_01237,dlk_tbl_03955,dlk_tbl_02074;10;dlk_tbl_01199,std_tbl_01635,gob_tbl_02243,gob_tbl_03343,gob_tbl_04100,dash_tbl_01602,proc_ext_00532,dlk_ext_00365,dlk_ext_00228,dash_ext_00039
gob_proceso_0236;3;std_tbl_03747,proc_tbl_01762,dlk_tbl_04079;5;gob_tbl_00042,proc_tbl_04209,gob_tbl_01270,gob_ext_00379,dlk_ext_00422
dlk_proceso_0237;3;dlk_tbl_04413,proc_tbl_03164,proc_tbl_01585;13;dlk_tbl_04245,dlk_tbl_02692,gob_tbl_00795,gob_tbl_03253,dlk_tbl_03460,proc_tbl_04275,dlk_tbl_01798,dlk_ext_00563,gob_ext_00033,dlk_ext_00253,dlk_ext_00418,dlk_ext_00585,dlk_ext_00195
gob_proceso_0238;4;gob_tbl_01336,dlk_tbl_01382,dlk_tbl_02664,dash_tbl_04002;5;dlk_tbl_03357,dlk_tbl_01588,dash_tbl_03934,dlk_ext_00064,dlk_ext_00325
gob_proceso_0239;5;dlk_tbl_00632,proc_tbl_02235,dlk_tbl_00238,proc_tbl_01283,proc_tbl_01153;10;std_tbl_01888,dlk_tbl_01240,dlk_tbl_04086,gob_tbl_00950,gob_tbl_01394,m4sco_tbl_04059,dlk_ext_00093,dash_ext_00032,gob_ext_00227,proc_ext_00636
dlk_proceso_0240;4;proc_tbl_01941,gob_tbl_01908,proc_tbl_03975,dlk_tbl_02648;11;gob_tbl_02121,gob_tbl_02502,dlk_tbl_00652,proc_tbl_00457,proc_tbl_02008,gob_tbl_01312,proc_ext_00292,gob_ext_00630,dlk_ext_00434,gob_ext_00545,dash_ext_00201
gob_proceso_0241;6;proc_tbl_04265,dlk_tbl_02506,gob_tbl_03951,gob_tbl_02148,gob_tbl_01128,gob_tbl_01274;9;proc_tbl_00034,std_tbl_00629,gob_tbl_03262,dlk_tbl_02324,dlk_tbl_03956,gob_ext_00073,dlk_ext_00081,dlk_ext_00340,dlk_ext_00418
gob_proceso_0242;4;dlk_tbl_03695,dlk_tbl_00146,gob_tbl_00071,dash_tbl_03553;14;dash_tbl_03320,proc_tbl_02723,dash_tbl_00063,proc_tbl_02881,gob_tbl_00948,dlk_tbl_00000,dlk_tbl_04125,dlk_tbl_01739,dlk_ext_00509,dlk_ext_00025,dlk_ext_00137,proc_ext_00487,gob_ext_00619,m4vw_ext_00363
gob_proceso_0243;6;dlk_tbl_04408,dlk_tbl_03390,gob_tbl_01181,gob_tbl_02928,gob_tbl_00492,dlk_tbl_00046;8;gob_tbl_04468,gob_tbl_02612,dlk_tbl_02456,dash_tbl_03553,gob_tbl_00911,dlk_ext_00516,dash_ext_00214,proc_ext_00435
proc_proceso_0244;3;gob_tbl_02030,std_tbl_03294,gob_tbl_02332;12;gob_tbl_04062,dlk_tbl_00205,dlk_tbl_04109,gob_tbl_00492,m4sco_tbl_01977,gob_tbl_03670,gob_tbl_04001,gob_ext_00116,proc_ext_00131,gob_ext_00058,dlk_ext_00477,gob_ext_00271
gob_proceso_0245;3;dlk_tbl_03744,dlk_tbl_00539,proc_tbl_02418;12;dlk_tbl_03799,gob_tbl_01248,gob_tbl_03422,dash_tbl_04096,gob_tbl_04032,gob_tbl_03330,dlk_tbl_01449,gob_ext_00090,dlk_ext_00133,std_ext_00510,dlk_ext_00188,dlk_ext_00061
proc_proceso_0246;5;gob_tbl_01070,proc_tbl_01780,m4sco_tbl_03607,dlk_tbl_03757,gob_tbl_02489;8;dlk_tbl_00596,proc_tbl_00786,dlk_tbl_01365,dash_tbl_01863,gob_tbl_02575,dash_ext_00354,dlk_ext_00221,gob_ext_00110
dlk_proceso_0247;4;dlk_tbl_04336,dlk_tbl_00607,dash_tbl_02795,dash_tbl_02932;17;dash_tbl_02804,gob_tbl_03771,dlk_tbl_01845,gob_tbl_02364,dlk_tbl_00679,gob_tbl_01003,gob_tbl_02006,dlk_tbl_04029,dlk_tbl_00503,dlk_tbl_03131,gob_ext_00460,dash_ext_00514,gob_ext_00399,gob_ext_00249,m4vw_ext_00359,dlk_ext_00262,dlk_ext_00390
proc_proceso_0248;5;dlk_tbl_02680,dash_tbl_02328,gob_tbl_04324,dlk_tbl_00859,dash_tbl_02813;4;proc_tbl_00786,gob_tbl_03649,dlk_ext_00144,dlk_ext_00585
dlk_proceso_0249;4;gob_tbl_02276,dlk_tbl_00709,dlk_tbl_00323,dlk_tbl_03952;10;dlk_tbl_00568,dlk_tbl_04355,dlk_tbl_01708,proc_tbl_01672,gob_tbl_04402,gob_tbl_03605,dlk_ext_00437,proc_ext_00030,dlk_ext_00284,gob_ext_00033
dlk_proceso_0250;5;dlk_tbl_03919,dlk_tbl_04147,dlk_tbl_02218,std_tbl_02582,dash_tbl_00824;17;dlk_tbl_00276,gob_tbl_02934,dlk_tbl_00550,gob_tbl_00286,gob_tbl_02622,gob_tbl_00403,gob_tbl_00795,dlk_tbl_04388,gob_tbl_03411,dlk_tbl_03830,gob_ext_00352,dlk_ext_00340,dlk_ext_00281,proc_ext_00121,proc_ext_00636,dash_ext_00008,std_ext_00295
dlk_proceso_0251;4;gob_tbl_02214,proc_tbl_01750,dlk_tbl_01172,proc_tbl_01503;6;gob_tbl_04214,dash_tbl_00772,gob_tbl_01647,dlk_ext_00340,dash_ext_00201,dlk_ext_00422
gob_proceso_0252;2;std_tbl_02177,dlk_tbl_02167;5;proc_tbl_00919,dash_tbl_02147,proc_tbl_03889,dash_ext_00214,gob_ext_00279
gob_proceso_0253;6;dash_tbl_02587,dlk_tbl_02978,gob_tbl_03570,gob_tbl_03031,gob_tbl_01180,dlk_tbl_03924;9;dlk_tbl_01634,gob_tbl_03602,dlk_tbl_03998,dlk_tbl_02402,ppn_tbl_01551,gob_ext_00591,gob_ext_00175,dlk_ext_00378,dash_ext_00160
gob_proceso_0254;2;dlk_tbl_00324,dlk_tbl_04416;7;dlk_tbl_03998,std_tbl_03229,gob_tbl_02128,proc_tbl_02604,dlk_ext_00285,dlk_ext_00466,dash_ext_00240
gob_proceso_0255;2;gob_tbl_04428,gob_tbl_02191;6;m4vw_tbl_01746,m4sco_tbl_04290,gob_tbl_02174,gob_ext_00475,gob_ext_00036,dash_ext_00008
dlk_proceso_0256;3;dlk_tbl_01462,dlk_tbl_01596,proc_tbl_00741;17;gob_tbl_04124,proc_tbl_04190,gob_tbl_03249,proc_tbl_02600,gob_tbl_01398,dlk_tbl_02613,dlk_tbl_03323,dlk_tbl_02946,dlk_tbl_01670,std_tbl_01885,dlk_ext_00037,gob_ext_00143,gob_ext_00049,ppn_ext_00216,gob_ext_00023,dlk_ext_00285,proc_ext_00430
dlk_proceso_0257;7;dash_tbl_03455,gob_tbl_00735,gob_tbl_00616,gob_tbl_02443,proc_tbl_01464,dlk_tbl_02324,proc_tbl_00174;6;dlk_tbl_04097,gob_tbl_03216,gob_tbl_03929,gob_ext_00163,m4vw_ext_00559,gob_ext_00369
proc_proceso_0258;7;proc_tbl_02529,gob_tbl_00341,proc_tbl_00028,gob_tbl_04273,proc_tbl_01200,proc_tbl_01866,proc_tbl_03507;9;dlk_tbl_01874,gob_tbl_00759,gob_tbl_03286,dlk_tbl_00668,m4sco_tbl_01196,gob_ext_00458,dlk_ext_00382,dlk_ext_00469,dlk_ext_00152
gob_proceso_0259;6;dlk_tbl_00965,dash_tbl_01076,gob_tbl_03356,gob_tbl_02590,gob_tbl_00528,dash_tbl_00047;12;dlk_tbl_03227,proc_tbl_01672,gob_tbl_02149,gob_tbl_04142,dlk_tbl_04135,gob_tbl_04320,gob_tbl_03602,proc_ext_00496,dlk_ext_00169,proc_ext_00047,gob_ext_00212,dlk_ext_00323
proc_proceso_0260;3;dash_tbl_03451,proc_tbl_01903,dlk_tbl_04077;12;proc_tbl_04003,gob_tbl_01848,dlk_tbl_01305,dlk_tbl_00606,proc_tbl_02146,gob_tbl_00271,proc_tbl_03375,gob_ext_00479,proc_ext_00242,std_ext_00057,gob_ext_00007,std_ext_00443
dash_proceso_0261;6;gob_tbl_02373,dlk_tbl_01629,gob_tbl_02552,gob_tbl_00674,gob_tbl_04409,proc_tbl_04203;6;dlk_tbl_02244,gob_tbl_03594,gob_tbl_02022,proc_ext_00408,gob_ext_00013,dlk_ext_00148
gob_proceso_0262;3;gob_tbl_02686,gob_tbl_04252,dlk_tbl_01581;11;proc_tbl_01317,dlk_tbl_04424,gob_tbl_01590,m4sco_tbl_04290,gob_tbl_03483,dlk_tbl_03501,dlk_ext_00424,gob_ext_00460,m4sco_ext_00529,dlk_ext_00215,dlk_ext_00388
dlk_proceso_0263;6;gob_tbl_01023,dlk_tbl_00414,dlk_tbl_03054,dlk_tbl_03812,proc_tbl_03130,dlk_tbl_00055;6;dlk_tbl_03869,proc_tbl_02296,dlk_tbl_01578,dlk_ext_00551,dash_ext_00574,gob_ext_00481
dlk_proceso_0264;6;gob_tbl_03725,dlk_tbl_04232,dlk_tbl_02652,proc_tbl_01428,dash_tbl_04049,dlk_tbl_02434;10;proc_tbl_01981,dlk_tbl_01874,proc_tbl_03947,gob_tbl_02744,gob_tbl_03074,gob_tbl_00838,dash_ext_00299,proc_ext_00528,dash_ext_00149,gob_ext_00126
gob_proceso_0265;5;gob_tbl_02682,gob_tbl_01007,gob_tbl_00747,gob_tbl_02850,dlk_tbl_03894;4;dlk_tbl_00230,gob_tbl_03049,dash_ext_00540,dlk_ext_00134
gob_proceso_0266;6;m4vw_tbl_00487,gob_tbl_01526,gob_tbl_04303,dash_tbl_00285,gob_tbl_00880,dlk_tbl_04354;10;dlk_tbl_01942,gob_tbl_02698,dash_tbl_02316,gob_tbl_03174,proc_tbl_03509,gob_tbl_03594,proc_ext_00414,dlk_ext_00161,gob_ext_00110,std_ext_00044
proc_proceso_0267;4;dlk_tbl_00009,dlk_tbl_04160,gob_tbl_00061,gob_tbl_02750;11;gob_tbl_03135,gob_tbl_03602,m4sco_tbl_00236,dlk_tbl_00227,gob_tbl_00520,gob_tbl_02461,dlk_ext_00561,dlk_ext_00001,proc_ext_00430,proc_ext_00496,dlk_ext_00348
gob_proceso_0268;7;gob_tbl_04168,gob_tbl_03445,m4vw_tbl_03114,dlk_tbl_03577,dlk_tbl_04349,dash_tbl_00967,dlk_tbl_02670;6;proc_tbl_04275,dlk_tbl_01562,gob_tbl_02718,dlk_ext_00501,gob_ext_00393,dlk_ext_00012
dash_proceso_0269;7;dlk_tbl_04111,gob_tbl_01204,dlk_tbl_03551,dlk_tbl_01062,gob_tbl_03591,dlk_tbl_04460,gob_tbl_01121;9;gob_tbl_00407,gob_tbl_02775,gob_tbl_02734,dash_tbl_02368,dlk_tbl_00086,gob_ext_00370,dlk_ext_00093,gob_ext_00465,dlk_ext_00180
gob_proceso_0270;4;dlk_tbl_03986,dlk_tbl_02033,dlk_tbl_00957,dlk_tbl_01420;11;dlk_tbl_02594,gob_tbl_01143,gob_tbl_01204,dlk_tbl_03447,dash_tbl_00051,dlk_tbl_01517,gob_ext_00533,gob_ext_00629,gob_ext_00252,gob_ext_00523,proc_ext_00047
dlk_proceso_0271;2;gob_tbl_03569,dlk_tbl_02130;4;dlk_tbl_03637,gob_tbl_01811,std_ext_00618,gob_ext_00301
dash_proceso_0272;5;std_tbl_02105,proc_tbl_04288,gob_tbl_00112,gob_tbl_01131,gob_tbl_02212;8;dlk_tbl_03804,proc_tbl_01528,gob_tbl_04161,dlk_tbl_01084,std_tbl_00252,gob_ext_00222,std_ext_00517,gob_ext_00523
gob_proceso_0273;2;dlk_tbl_02689,gob_tbl_04011;12;gob_tbl_00303,gob_tbl_02956,gob_tbl_03664,dlk_tbl_00996,dlk_tbl_02341,dash_tbl_01061,dash_tbl_00063,proc_ext_00496,dlk_ext_00303,dash_ext_00633,dlk_ext_00602,dlk_ext_00174
gob_proceso_0274;5;dlk_tbl_03962,gob_tbl_03595,gob_tbl_01905,dlk_tbl_03793,proc_tbl_02909;7;gob_tbl_02542,dash_tbl_03820,gob_tbl_04464,proc_tbl_04021,proc_ext_00211,gob_ext_00127,std_ext_00237
gob_proceso_0275;3;gob_tbl_00516,gob_tbl_03678,gob_tbl_00243;9;dash_tbl_00456,dlk_tbl_01359,dlk_tbl_04241,m4vw_tbl_01733,proc_tbl_02010,gob_ext_00313,m4sco_ext_00565,gob_ext_00033,gob_ext_00467
gob_proceso_0276;4;dlk_tbl_00585,gob_tbl_01696,gob_tbl_00087,gob_tbl_00795;10;gob_tbl_02170,dlk_tbl_03869,proc_tbl_00826,proc_tbl_02397,dlk_tbl_02067,dlk_tbl_04207,gob_ext_00369,proc_ext_00074,gob_ext_00200,gob_ext_00265
dlk_proceso_0277;8;m4vw_tbl_01281,proc_tbl_04356,gob_tbl_02103,std_tbl_01604,dlk_tbl_01651,dlk_tbl_01214,dlk_tbl_04475,dlk_tbl_02611;24;dlk_tbl_04115,dlk_tbl_04056,dash_tbl_01768,dlk_tbl_03927,dlk_tbl_03998,gob_tbl_03213,gob_tbl_01012,dash_tbl_04016,proc_tbl_03819,dlk_tbl_02355,gob_tbl_04142,dlk_tbl_02370,dash_tbl_00053,gob_tbl_04367,std_ext_00232,dash_ext_00141,proc_ext_00506,proc_ext_00010,dlk_ext_00231,dash_ext_00240,gob_ext_00507,gob_ext_00096,dlk_ext_00505,dlk_ext_00048
dlk_proceso_0278;8;proc_tbl_04058,gob_tbl_01416,gob_tbl_01559,dlk_tbl_03153,dlk_tbl_02656,m4sco_tbl_02182,dlk_tbl_03393,dlk_tbl_00535;5;dlk_tbl_01481,dlk_tbl_02281,dlk_tbl_00208,gob_ext_00252,dlk_ext_00308
gob_proceso_0279;5;gob_tbl_01380,gob_tbl_00801,gob_tbl_00357,std_tbl_01553,dash_tbl_01431;11;dlk_tbl_00046,gob_tbl_00937,proc_tbl_04435,dlk_tbl_04282,dlk_tbl_02722,gob_tbl_00857,proc_ext_00435,proc_ext_00430,gob_ext_00604,dlk_ext_00563,gob_ext_00494
dlk_proceso_0280;4;m4sco_tbl_00980,dlk_tbl_02043,dlk_tbl_01612,gob_tbl_00401;11;dlk_tbl_00505,dlk_tbl_01920,dlk_tbl_00276,dlk_tbl_01812,proc_tbl_02398,gob_tbl_01745,gob_ext_00260,dlk_ext_00390,dash_ext_00442,dash_ext_00312,std_ext_00295
dash_proceso_0281;2;proc_tbl_03638,dlk_tbl_00301;20;dlk_tbl_01279,m4sco_tbl_02415,gob_tbl_02675,gob_tbl_02025,dlk_tbl_01527,dash_tbl_03252,dash_tbl_03455,dlk_tbl_02456,dlk_tbl_01229,dlk_tbl_01099,dash_tbl_00888,dlk_tbl_03839,gob_ext_00412,dash_ext_00540,gob_ext_00520,proc_ext_00502,dlk_ext_00304,dlk_ext_00404,dlk_ext_00280,proc_ext_00121
gob_proceso_0282;4;dlk_tbl_02087,dlk_tbl_03380,dlk_tbl_00514,m4sco_tbl_04308;12;gob_tbl_00219,dlk_tbl_00152,gob_tbl_01861,dlk_tbl_02692,gob_tbl_04446,dlk_tbl_01302,proc_tbl_02010,dash_ext_00394,dlk_ext_00221,gob_ext_00596,proc_ext_00103,ppn_ext_00504
dash_proceso_0283;5;gob_tbl_03669,dlk_tbl_04341,dlk_tbl_01165,proc_tbl_04417,dlk_tbl_01401;19;proc_tbl_01784,gob_tbl_00764,gob_tbl_01314,std_tbl_04442,proc_tbl_02915,gob_tbl_00832,dlk_tbl_04261,gob_tbl_03031,gob_tbl_02519,gob_tbl_02610,gob_tbl_00551,dlk_ext_00590,dlk_ext_00495,dlk_ext_00488,gob_ext_00151,gob_ext_00591,gob_ext_00252,gob_ext_00460,dlk_ext_00185
dlk_proceso_0284;4;proc_tbl_03336,dlk_tbl_02432,dlk_tbl_00562,gob_tbl_01554;11;dash_tbl_00780,dlk_tbl_02966,dlk_tbl_00425,dlk_tbl_00158,proc_tbl_02816,gob_tbl_00911,dlk_ext_00466,std_ext_00057,dlk_ext_00066,gob_ext_00580,proc_ext_00597
dlk_proceso_0285;2;dlk_tbl_01852,dash_tbl_02417;15;dlk_tbl_01269,dlk_tbl_00077,gob_tbl_04339,gob_tbl_04363,gob_tbl_03174,dlk_tbl_00564,dlk_tbl_00124,dlk_tbl_01627,dlk_tbl_02171,dlk_ext_00389,proc_ext_00121,std_ext_00237,dlk_ext_00501,dlk_ext_00173,gob_ext_00147
gob_proceso_0286;5;dlk_tbl_00279,gob_tbl_02442,dlk_tbl_03871,dlk_tbl_01206,dash_tbl_00270;12;dlk_tbl_03555,dlk_tbl_01550,gob_tbl_00546,gob_tbl_02528,gob_tbl_02876,dlk_tbl_00168,dlk_tbl_01689,dlk_ext_00403,proc_ext_00468,gob_ext_00370,gob_ext_00417,proc_ext_00506
gob_proceso_0287;3;proc_tbl_02967,proc_tbl_03093,dlk_tbl_02061;9;dlk_tbl_02763,proc_tbl_00172,dlk_tbl_01809,dlk_tbl_02882,dash_tbl_03016,dlk_ext_00538,proc_ext_00218,dlk_ext_00407,dlk_ext_00113
dlk_proceso_0288;6;gob_tbl_02246,gob_tbl_03751,gob_tbl_02314,gob_tbl_01248,proc_tbl_01367,dlk_tbl_03410;6;gob_tbl_00718,dlk_tbl_03471,proc_tbl_02809,gob_ext_00548,dlk_ext_00405,gob_ext_00260
dlk_proceso_0289;5;dlk_tbl_02736,dlk_tbl_02204,std_tbl_03978,gob_tbl_01815,dlk_tbl_01000;7;dlk_tbl_00351,dlk_tbl_03979,dlk_tbl_03384,dlk_tbl_04347,std_ext_00587,m4sco_ext_00610,dlk_ext_00438
proc_proceso_0290;3;proc_tbl_03878,gob_tbl_01213,gob_tbl_00974;12;dlk_tbl_03740,dlk_tbl_03623,dlk_tbl_00927,proc_tbl_02296,gob_tbl_03415,dlk_tbl_03367,proc_tbl_00034,gob_ext_00260,gob_ext_00334,proc_ext_00624,gob_ext_00608,dlk_ext_00251
proc_proceso_0291;8;gob_tbl_03466,gob_tbl_04335,gob_tbl_00602,gob_tbl_01197,gob_tbl_01161,dlk_tbl_02959,gob_tbl_01790,dlk_tbl_00881;14;gob_tbl_03103,dlk_tbl_00500,std_tbl_04156,dlk_tbl_00714,gob_tbl_01458,gob_tbl_03798,dash_tbl_02795,dlk_tbl_03811,proc_ext_00430,dlk_ext_00501,gob_ext_00334,dash_ext_00008,proc_ext_00528,dlk_ext_00418
dlk_proceso_0292;5;dlk_tbl_01801,proc_tbl_00134,proc_tbl_01971,gob_tbl_00618,dlk_tbl_00944;9;dlk_tbl_01588,gob_tbl_03249,dash_tbl_01600,gob_tbl_04464,proc_tbl_02719,dlk_ext_00115,gob_ext_00036,dash_ext_00514,m4sco_ext_00314
dash_proceso_0293;5;dash_tbl_00422,gob_tbl_00802,gob_tbl_00533,proc_tbl_00165,dlk_tbl_00258;15;gob_tbl_00299,dlk_tbl_03079,dlk_tbl_03498,dash_tbl_04066,gob_tbl_02331,gob_tbl_02575,gob_tbl_00612,gob_tbl_00343,dlk_tbl_00715,proc_ext_00461,gob_ext_00521,dlk_ext_00353,dlk_ext_00174,dash_ext_00312,gob_ext_00145
gob_proceso_0294;8;dlk_tbl_01152,m4vw_tbl_02957,dlk_tbl_02211,dlk_tbl_01573,gob_tbl_00894,dlk_tbl_03429,proc_tbl_02048,gob_tbl_03448;5;dash_tbl_02487,std_tbl_00773,dlk_tbl_02053,dlk_ext_00320,dlk_ext_00578
gob_proceso_0295;4;dlk_tbl_00865,dlk_tbl_04450,dlk_tbl_00013,std_tbl_03840;13;proc_tbl_00920,dlk_tbl_00395,dash_tbl_02070,gob_tbl_02473,gob_tbl_00007,dlk_tbl_01779,dlk_tbl_01688,dash_ext_00256,gob_ext_00409,dlk_ext_00537,dlk_ext_00177,dash_ext_00420,dlk_ext_00054
dlk_proceso_0296;5;gob_tbl_04093,gob_tbl_03413,dash_tbl_01753,gob_tbl_02031,proc_tbl_01474;7;gob_tbl_03988,gob_tbl_03341,gob_tbl_01252,gob_tbl_03570,gob_ext_00627,gob_ext_00031,gob_ext_00139
dash_proceso_0297;2;gob_tbl_03325,proc_tbl_01471;7;gob_tbl_03756,gob_tbl_01316,gob_tbl_00674,dlk_tbl_01851,gob_ext_00615,dlk_ext_00323,gob_ext_00042
proc_proceso_0298;5;proc_tbl_02266,gob_tbl_03224,dash_tbl_01668,gob_tbl_02045,dlk_tbl_03173;13;gob_tbl_02593,gob_tbl_04433,ppn_tbl_03543,proc_tbl_00736,gob_tbl_04102,dlk_tbl_00755,dlk_tbl_02609,dash_ext_00201,proc_ext_00636,dash_ext_00256,dlk_ext_00410,gob_ext_00091,std_ext_00044
proc_proceso_0299;6;dlk_tbl_03844,gob_tbl_00726,gob_tbl_03272,proc_tbl_00763,dlk_tbl_01739,proc_tbl_04132;15;dlk_tbl_01991,m4sco_tbl_00459,gob_tbl_01837,dlk_tbl_01517,proc_tbl_02345,proc_tbl_02703,dlk_tbl_00936,dlk_tbl_03961,dlk_tbl_03354,gob_ext_00486,m4sco_ext_00569,proc_ext_00457,proc_ext_00103,std_ext_00044,gob_ext_00073
dlk_proceso_0300;4;dlk_tbl_00960,gob_tbl_01173,proc_tbl_01231,gob_tbl_04448;9;gob_tbl_04213,dlk_tbl_01460,gob_tbl_03441,dlk_tbl_00505,gob_tbl_03594,gob_ext_00322,dash_ext_00574,gob_ext_00287,dash_ext_00425
dlk_proceso_0301;3;gob_tbl_01284,dlk_tbl_02361,gob_tbl_00962;13;dlk_tbl_02360,dlk_tbl_03680,proc_tbl_02816,gob_tbl_03067,dlk_tbl_04167,dash_tbl_03910,dlk_tbl_00961,proc_ext_00535,dlk_ext_00286,dlk_ext_00066,dlk_ext_00134,gob_ext_00626,dlk_ext_00113
dash_proceso_0302;4;gob_tbl_00635,gob_tbl_02297,dlk_tbl_03961,dlk_tbl_03620;11;gob_tbl_00219,proc_tbl_02711,proc_tbl_02264,dlk_tbl_04014,ppn_tbl_04392,gob_tbl_02904,proc_ext_00597,dash_ext_00018,dlk_ext_00173,dash_ext_00312,gob_ext_00451
gob_proceso_0303;7;gob_tbl_03045,gob_tbl_03207,dlk_tbl_00342,gob_tbl_04117,dash_tbl_03820,dlk_tbl_01093,dlk_tbl_02779;20;dlk_tbl_00964,proc_tbl_02101,gob_tbl_04050,dlk_tbl_00958,dlk_tbl_01383,gob_tbl_01787,dlk_tbl_01152,std_tbl_02605,gob_tbl_02796,dlk_tbl_03447,dlk_tbl_03462,proc_tbl_02008,gob_ext_00117,dlk_ext_00585,dlk_ext_00400,dlk_ext_00284,dlk_ext_00571,dlk_ext_00403,gob_ext_00275,dlk_ext_00272
gob_proceso_0304;3;m4sco_tbl_03218,gob_tbl_01519,gob_tbl_04366;8;gob_tbl_00108,dlk_tbl_03830,gob_tbl_04032,proc_tbl_02357,dash_tbl_01186,dlk_ext_00054,dlk_ext_00426,dlk_ext_00403
gob_proceso_0305;7;dlk_tbl_01805,proc_tbl_03419,gob_tbl_00420,gob_tbl_00075,gob_tbl_01191,gob_tbl_02448,proc_tbl_02616;9;gob_tbl_03703,proc_tbl_04219,dlk_tbl_00850,gob_tbl_01104,dlk_tbl_01084,dlk_ext_00066,dlk_ext_00294,gob_ext_00182,dlk_ext_00230
gob_proceso_0306;6;dlk_tbl_02288,dlk_tbl_00339,gob_tbl_03888,gob_tbl_00573,gob_tbl_00363,dlk_tbl_03606;4;proc_tbl_01422,proc_tbl_01528,dash_ext_00018,dash_ext_00008
proc_proceso_0307;8;m4sco_tbl_04382,proc_tbl_04476,gob_tbl_03275,dlk_tbl_02242,proc_tbl_01752,dash_tbl_03752,dlk_tbl_01992,proc_tbl_02010;19;dlk_tbl_03163,dlk_tbl_00068,dash_tbl_00526,gob_tbl_01535,gob_tbl_03665,gob_tbl_04433,dlk_tbl_03967,gob_tbl_00484,dash_tbl_03921,gob_tbl_02486,gob_tbl_02088,gob_ext_00260,proc_ext_00457,dlk_ext_00230,dlk_ext_00392,dlk_ext_00438,gob_ext_00453,dash_ext_00274,gob_ext_00153
dlk_proceso_0308;2;proc_tbl_03523,proc_tbl_02188;12;dlk_tbl_03378,gob_tbl_04445,std_tbl_02064,gob_tbl_00145,proc_tbl_00736,gob_tbl_02900,dlk_tbl_02476,dlk_ext_00547,gob_ext_00222,gob_ext_00331,gob_ext_00522,dlk_ext_00034
dlk_proceso_0309;6;proc_tbl_04474,dlk_tbl_00177,proc_tbl_01528,dlk_tbl_04130,gob_tbl_02129,proc_tbl_03306;4;gob_tbl_03665,dlk_tbl_01688,dlk_ext_00281,dlk_ext_00093
proc_proceso_0310;4;gob_tbl_04267,gob_tbl_03050,gob_tbl_03580,std_tbl_00206;14;proc_tbl_02640,gob_tbl_02863,gob_tbl_02295,proc_tbl_03155,dash_tbl_01961,proc_tbl_00457,dlk_tbl_00505,dash_tbl_00772,gob_ext_00260,gob_ext_00143,gob_ext_00626,gob_ext_00450,std_ext_00060,gob_ext_00383
gob_proceso_0311;4;dlk_tbl_01656,ppn_tbl_01245,gob_tbl_01535,dlk_tbl_04193;4;proc_tbl_00900,proc_tbl_03836,dlk_ext_00012,gob_ext_00191
dlk_proceso_0312;6;gob_tbl_00734,dash_tbl_00210,gob_tbl_00985,dash_tbl_01508,dlk_tbl_01234,gob_tbl_00101;10;dlk_tbl_01765,dlk_tbl_03323,dlk_tbl_02545,dlk_tbl_03865,proc_tbl_03683,gob_tbl_01611,dlk_ext_00470,dlk_ext_00396,dlk_ext_00244,proc_ext_00611
gob_proceso_0313;4;gob_tbl_02042,proc_tbl_04152,dash_tbl_01405,gob_tbl_01676;9;gob_tbl_02143,dlk_tbl_01874,gob_tbl_00639,proc_tbl_00015,proc_tbl_03315,gob_ext_00287,proc_ext_00401,dlk_ext_00125,dlk_ext_00319
proc_proceso_0314;6;m4vw_tbl_03707,dlk_tbl_03839,gob_tbl_02396,dash_tbl_00039,dlk_tbl_01263,dlk_tbl_02896;13;dlk_tbl_03400,dlk_tbl_01357,dlk_tbl_01670,gob_tbl_03103,dash_tbl_00431,gob_tbl_01151,gob_tbl_01394,dlk_ext_00407,dlk_ext_00440,gob_ext_00603,proc_ext_00131,dlk_ext_00025,dlk_ext_00054
gob_proceso_0315;7;m4sco_tbl_02447,dlk_tbl_00594,dlk_tbl_03601,proc_tbl_02154,std_tbl_03832,m4vw_tbl_00873,proc_tbl_02095;1;gob_tbl_03736
dlk_proceso_0316;5;dlk_tbl_02067,gob_tbl_01361,proc_tbl_01027,gob_tbl_01355,gob_tbl_03165;13;gob_tbl_01458,proc_tbl_02261,proc_tbl_00059,gob_tbl_02278,gob_tbl_02427,dash_tbl_02070,dlk_tbl_02421,dlk_ext_00012,gob_ext_00277,proc_ext_00063,proc_ext_00316,dlk_ext_00190,gob_ext_00120
proc_proceso_0317;5;dlk_tbl_04118,dlk_tbl_01853,gob_tbl_02667,dash_tbl_03650,gob_tbl_03215;10;proc_tbl_03877,proc_tbl_00015,gob_tbl_00637,dlk_tbl_01492,dlk_tbl_02253,gob_tbl_00194,dlk_ext_00066,gob_ext_00552,gob_ext_00379,gob_ext_00199
gob_proceso_0318;4;gob_tbl_02776,dlk_tbl_00698,proc_tbl_03012,gob_tbl_03213;3;std_tbl_01541,dash_tbl_01863,dash_ext_00514
gob_proceso_0319;2;dlk_tbl_02524,dlk_tbl_04051;8;gob_tbl_01607,gob_tbl_02715,gob_tbl_04062,proc_tbl_01534,gob_tbl_01035,gob_ext_00476,gob_ext_00110,m4sco_ext_00019
dlk_proceso_0320;2;gob_tbl_04315,dash_tbl_00597;10;gob_tbl_02113,dlk_tbl_02019,dlk_tbl_00757,gob_tbl_00530,proc_tbl_03734,dash_tbl_04070,gob_ext_00208,proc_ext_00487,dlk_ext_00537,dlk_ext_00325
gob_proceso_0321;4;gob_tbl_03756,std_tbl_02326,gob_tbl_02907,dash_tbl_02658;11;gob_tbl_01394,m4sco_tbl_02504,gob_tbl_04428,gob_tbl_03665,proc_tbl_02338,std_tbl_03420,dlk_ext_00306,dlk_ext_00165,gob_ext_00250,dash_ext_00568,dlk_ext_00488
dash_proceso_0322;4;dlk_tbl_02140,gob_tbl_04340,gob_tbl_00191,dlk_tbl_04134;11;gob_tbl_01657,gob_tbl_03876,gob_tbl_04227,gob_tbl_02096,dlk_tbl_00872,proc_tbl_02008,gob_ext_00613,dlk_ext_00396,gob_ext_00630,gob_ext_00625,dlk_ext_00294
gob_proceso_0323;4;proc_tbl_02881,gob_tbl_02367,gob_tbl_04403,dash_tbl_00888;10;dlk_tbl_02123,dlk_tbl_04408,dlk_tbl_00895,gob_tbl_00131,gob_tbl_02756,gob_tbl_04300,gob_ext_00331,gob_ext_00613,dash_ext_00018,gob_ext_00441
dlk_proceso_0324;4;gob_tbl_00162,gob_tbl_01843,gob_tbl_03122,gob_tbl_02815;12;dlk_tbl_00645,std_tbl_00840,gob_tbl_02348,std_tbl_02177,gob_tbl_04367,gob_tbl_00143,dlk_tbl_02801,gob_ext_00145,m4vw_ext_00041,gob_ext_00200,gob_ext_00301,dlk_ext_00304
proc_proceso_0325;6;dlk_tbl_02651,dash_tbl_02368,gob_tbl_00340,dlk_tbl_02953,dash_tbl_01334,dlk_tbl_02294;15;proc_tbl_03675,gob_tbl_01257,gob_tbl_03951,dash_tbl_00597,dlk_tbl_03394,gob_tbl_03728,gob_tbl_00974,dlk_tbl_00241,gob_tbl_04395,gob_ext_00580,dlk_ext_00495,proc_ext_00421,dlk_ext_00165,proc_ext_00004,gob_ext_00361
dlk_proceso_0326;6;dash_tbl_04478,dlk_tbl_03532,proc_tbl_01053,dash_tbl_01095,gob_tbl_04113,gob_tbl_00993;4;dlk_tbl_03620,gob_tbl_00666,dlk_ext_00133,dash_ext_00008
dlk_proceso_0327;2;dlk_tbl_00954,dash_tbl_02199;8;dlk_tbl_02050,dlk_tbl_00182,proc_tbl_01125,dlk_tbl_00004,dash_tbl_02986,gob_ext_00222,gob_ext_00584,dlk_ext_00397
gob_proceso_0328;4;gob_tbl_01832,gob_tbl_02376,gob_tbl_04251,dlk_tbl_02475;10;dlk_tbl_04135,dlk_tbl_04277,dlk_tbl_02819,dlk_tbl_00915,gob_tbl_00185,dlk_tbl_03116,dlk_ext_00300,dlk_ext_00634,proc_ext_00461,dlk_ext_00179
gob_proceso_0329;8;gob_tbl_03911,dlk_tbl_03152,dash_tbl_03427,dlk_tbl_03140,proc_tbl_02455,gob_tbl_02578,gob_tbl_00050,dlk_tbl_03293;23;dlk_tbl_02225,dlk_tbl_00460,gob_tbl_02056,gob_tbl_01264,dlk_tbl_04253,m4sco_tbl_02504,proc_tbl_01726,gob_tbl_01490,dlk_tbl_02834,dlk_tbl_03257,dlk_tbl_04141,dlk_tbl_03063,proc_tbl_00983,dlk_ext_00115,gob_ext_00022,m4sco_ext_00565,dlk_ext_00282,dlk_ext_00177,gob_ext_00613,dlk_ext_00503,dash_ext_00514,gob_ext_00202,gob_ext_00350
proc_proceso_0330;4;proc_tbl_00806,proc_tbl_00314,gob_tbl_04170,proc_tbl_01046;14;dlk_tbl_02692,proc_tbl_02264,proc_tbl_03300,proc_tbl_03523,gob_tbl_03414,proc_tbl_00920,dlk_tbl_03835,gob_tbl_01574,gob_ext_00406,gob_ext_00058,gob_ext_00126,gob_ext_00313,dlk_ext_00407,dlk_ext_00602
dlk_proceso_0331;5;dlk_tbl_04378,dlk_tbl_02729,gob_tbl_03670,dlk_tbl_02234,dlk_tbl_04357;16;dlk_tbl_01801,dlk_tbl_02421,gob_tbl_03174,gob_tbl_04364,gob_tbl_03265,gob_tbl_03957,gob_tbl_00937,gob_tbl_01526,dlk_tbl_01276,gob_ext_00042,dlk_ext_00122,gob_ext_00191,gob_ext_00155,dlk_ext_00054,proc_ext_00016,dlk_ext_00006
dlk_proceso_0332;6;dlk_tbl_03136,dlk_tbl_03222,gob_tbl_01189,gob_tbl_02170,dash_tbl_01186,dlk_tbl_02239;10;dlk_tbl_03349,dlk_tbl_01831,gob_tbl_02900,gob_tbl_01526,dash_tbl_01018,dlk_tbl_03619,dlk_ext_00009,std_ext_00517,m4sco_ext_00565,dlk_ext_00335
proc_proceso_0333;5;dlk_tbl_03624,gob_tbl_01539,proc_tbl_04353,dash_tbl_00697,ppn_tbl_01820;8;gob_tbl_02025,proc_tbl_02903,gob_tbl_01574,dash_tbl_02931,gob_tbl_02781,dlk_ext_00344,proc_ext_00328,dlk_ext_00068
dlk_proceso_0334;6;dlk_tbl_01701,gob_tbl_01356,dlk_tbl_02828,gob_tbl_00759,proc_tbl_01568,gob_tbl_02829;13;dlk_tbl_04266,gob_tbl_00497,dash_tbl_04066,dlk_tbl_01250,dash_tbl_02601,dlk_tbl_03368,dlk_tbl_01946,gob_ext_00023,dlk_ext_00174,dlk_ext_00340,dlk_ext_00071,gob_ext_00313,proc_ext_00414
proc_proceso_0335;4;dlk_tbl_01983,dlk_tbl_04322,gob_tbl_01838,gob_tbl_01049;13;ppn_tbl_00578,dlk_tbl_00550,dlk_tbl_02474,proc_tbl_03877,gob_tbl_00370,gob_tbl_00334,m4vw_tbl_01700,gob_ext_00202,gob_ext_00163,dlk_ext_00634,gob_ext_00460,proc_ext_00636,gob_ext_00105
gob_proceso_0336;6;gob_tbl_00299,proc_tbl_00537,gob_tbl_04171,proc_tbl_00953,gob_tbl_01817,proc_tbl_02994;9;gob_tbl_00407,dlk_tbl_04261,dlk_tbl_03962,dlk_tbl_00393,dlk_tbl_00436,gob_ext_00530,proc_ext_00119,dlk_ext_00348,dash_ext_00312
dlk_proceso_0337;3;dlk_tbl_01619,gob_tbl_00271,dlk_tbl_03584;13;gob_tbl_04364,dlk_tbl_01710,dlk_tbl_02281,dlk_tbl_00037,proc_tbl_04327,gob_tbl_03918,dlk_tbl_02648,proc_ext_00468,gob_ext_00086,proc_ext_00124,dash_ext_00514,dlk_ext_00493,dlk_ext_00515
gob_proceso_0338;3;gob_tbl_03135,gob_tbl_00811,proc_tbl_01419;11;proc_tbl_02357,ppn_tbl_01551,proc_tbl_00304,gob_tbl_01711,dlk_tbl_02305,dlk_tbl_00391,dlk_ext_00306,dlk_ext_00571,gob_ext_00367,dlk_ext_00162,proc_ext_00157
dlk_proceso_0339;5;dlk_tbl_02127,dlk_tbl_01479,gob_tbl_03441,dlk_tbl_02041,gob_tbl_01826;8;proc_tbl_00157,dlk_tbl_02991,gob_tbl_02773,dlk_tbl_01269,dlk_tbl_00124,gob_ext_00481,dlk_ext_00064,gob_ext_00373
gob_proceso_0340;2;dlk_tbl_01670,gob_tbl_00173;7;dlk_tbl_00706,dash_tbl_03837,gob_tbl_01306,gob_tbl_02201,dlk_ext_00002,gob_ext_00198,gob_ext_00548
dash_proceso_0341;7;gob_tbl_01190,proc_tbl_02867,m4vw_tbl_03860,gob_tbl_00476,proc_tbl_01202,dlk_tbl_02119,gob_tbl_00445;15;proc_tbl_01471,gob_tbl_04405,gob_tbl_01455,gob_tbl_00405,gob_tbl_03098,gob_tbl_03974,dash_tbl_03645,gob_tbl_03741,gob_tbl_01410,gob_ext_00126,dlk_ext_00062,gob_ext_00271,dlk_ext_00190,dash_ext_00420,proc_ext_00207
dlk_proceso_0342;3;gob_tbl_01659,dlk_tbl_02226,gob_tbl_03115;4;dlk_tbl_00785,dash_tbl_02592,gob_ext_00278,dlk_ext_00405
proc_proceso_0343;4;dlk_tbl_02555,gob_tbl_01658,dlk_tbl_03660,proc_tbl_02391;7;gob_tbl_02595,gob_tbl_01770,dlk_tbl_02485,dlk_tbl_01115,dlk_ext_00583,gob_ext_00615,dlk_ext_00190
gob_proceso_0344;3;gob_tbl_02984,proc_tbl_04003,dlk_tbl_02757;9;gob_tbl_02089,dlk_tbl_02561,gob_tbl_02256,dlk_tbl_02901,ppn_tbl_00644,dash_ext_00201,dlk_ext_00064,gob_ext_00460,gob_ext_00023
dlk_proceso_0345;3;dlk_tbl_01068,dlk_tbl_00014,dlk_tbl_01404;10;proc_tbl_04492,dlk_tbl_00166,dlk_tbl_02925,dlk_tbl_03839,ppn_tbl_01551,dlk_tbl_03846,gob_ext_00091,m4sco_ext_00610,dlk_ext_00634,gob_ext_00080
dlk_proceso_0346;2;dlk_tbl_00800,dlk_tbl_03983;5;proc_tbl_03559,dlk_tbl_00339,proc_tbl_03564,dash_ext_00018,gob_ext_00373
gob_proceso_0347;6;dlk_tbl_03852,gob_tbl_00870,gob_tbl_03654,dlk_tbl_03230,dash_tbl_01085,gob_tbl_03038;10;gob_tbl_01997,proc_tbl_02112,dlk_tbl_00720,proc_tbl_01125,dlk_tbl_00923,dlk_tbl_02555,gob_ext_00279,dlk_ext_00238,dlk_ext_00561,gob_ext_00441
dlk_proceso_0348;3;proc_tbl_01108,dlk_tbl_04262,dash_tbl_00358;5;dlk_tbl_04451,gob_tbl_01147,gob_tbl_00762,gob_ext_00153,m4sco_ext_00565
proc_proceso_0349;3;dlk_tbl_00408,gob_tbl_02799,dlk_tbl_00277;9;gob_tbl_04291,gob_tbl_00616,proc_tbl_01896,dash_tbl_01925,dlk_tbl_00242,dlk_ext_00134,dash_ext_00240,dash_ext_00633,dlk_ext_00071
dlk_proceso_0350;3;dash_tbl_01001,proc_tbl_01699,dlk_tbl_01288;6;proc_tbl_04194,dash_tbl_04223,dash_tbl_03671,dlk_ext_00264,dlk_ext_00388,gob_ext_00222
gob_proceso_0351;4;dlk_tbl_00677,dlk_tbl_04485,gob_tbl_00196,proc_tbl_04307;7;dlk_tbl_00524,gob_tbl_02259,proc_tbl_00640,dlk_tbl_03025,proc_ext_00065,dash_ext_00525,proc_ext_00468
dash_proceso_0352;4;dlk_tbl_03063,dlk_tbl_04297,dlk_tbl_02520,dlk_tbl_04158;14;m4sco_tbl_02534,proc_tbl_02327,proc_tbl_01784,dlk_tbl_03511,proc_tbl_03360,gob_tbl_02748,m4vw_tbl_02284,m4vw_tbl_04140,dlk_ext_00464,gob_ext_00198,std_ext_00606,gob_ext_00084,gob_ext_00189,gob_ext_00486
dlk_proceso_0353;8;proc_tbl_00283,dlk_tbl_00419,m4vw_tbl_03311,gob_tbl_00637,dlk_tbl_01766,gob_tbl_01364,std_tbl_00583,proc_tbl_02723;23;proc_tbl_03223,gob_tbl_03030,dlk_tbl_01785,gob_tbl_03263,dlk_tbl_00574,gob_tbl_02111,std_tbl_00252,dash_tbl_00213,m4sco_tbl_00770,dlk_tbl_00418,dlk_tbl_02591,proc_tbl_00300,gob_tbl_00417,gob_ext_00198,dlk_ext_00440,dlk_ext_00028,dlk_ext_00113,std_ext_00044,gob_ext_00050,dlk_ext_00377,dlk_ext_00396,dlk_ext_00304,gob_ext_00603
proc_proceso_0354;2;gob_tbl_04419,gob_tbl_03646;15;dlk_tbl_03994,proc_tbl_00744,gob_tbl_02708,proc_tbl_03321,dash_tbl_02601,gob_tbl_00566,gob_tbl_01020,gob_tbl_01723,dlk_tbl_00423,proc_ext_00430,gob_ext_00465,dash_ext_00149,dlk_ext_00538,gob_ext_00023,gob_ext_00453
proc_proceso_0355;3;proc_tbl_02271,dlk_tbl_04097,gob_tbl_00722;11;dlk_tbl_03624,dlk_tbl_00328,dlk_tbl_03631,gob_tbl_02502,gob_tbl_04057,proc_tbl_01428,dlk_ext_00561,proc_ext_00124,gob_ext_00558,gob_ext_00393,dlk_ext_00087
dash_proceso_0356;4;dlk_tbl_01501,dlk_tbl_03198,dlk_tbl_00029,gob_tbl_01592;11;dlk_tbl_00790,gob_tbl_00141,dlk_tbl_01642,dlk_tbl_04220,dlk_tbl_03804,gob_tbl_02479,gob_ext_00105,gob_ext_00191,gob_ext_00467,dlk_ext_00144,dlk_ext_00426
gob_proceso_0357;4;gob_tbl_01258,proc_tbl_00673,dlk_tbl_03469,gob_tbl_01735;11;m4vw_tbl_01895,gob_tbl_02377,dlk_tbl_01932,dlk_tbl_00089,gob_tbl_02660,m4vw_tbl_03943,dash_ext_00525,proc_ext_00327,dlk_ext_00238,gob_ext_00112,proc_ext_00171
proc_proceso_0358;4;gob_tbl_00269,proc_tbl_00439,gob_tbl_02667,std_tbl_04139;3;dlk_tbl_02634,gob_tbl_01790,proc_ext_00332
dlk_proceso_0359;5;proc_tbl_03309,dlk_tbl_04141,proc_tbl_00140,dlk_tbl_00803,dlk_tbl_01765;8;gob_tbl_03237,gob_tbl_03665,proc_tbl_02400,proc_tbl_03675,proc_tbl_00325,gob_ext_00279,proc_ext_00292,gob_ext_00491
dash_proceso_0360;5;gob_tbl_03263,dash_tbl_04066,gob_tbl_00515,gob_tbl_01523,dash_tbl_02012;8;dlk_tbl_01589,gob_tbl_00331,gob_tbl_03712,gob_tbl_02051,proc_tbl_02261,dlk_ext_00434,gob_ext_00552,gob_ext_00239
dlk_proceso_0361;7;dlk_tbl_04131,gob_tbl_02560,dlk_tbl_03019,dlk_tbl_03953,dash_tbl_04458,dash_tbl_03252,proc_tbl_02005;11;gob_tbl_03327,proc_tbl_02108,dlk_tbl_01139,dlk_tbl_01845,proc_tbl_04288,gob_tbl_00760,dash_ext_00540,ppn_ext_00504,gob_ext_00199,dlk_ext_00407,gob_ext_00393
gob_proceso_0362;5;gob_tbl_01859,dlk_tbl_03571,dash_tbl_03883,dlk_tbl_00077,gob_tbl_02243;17;dlk_tbl_02694,gob_tbl_00838,gob_tbl_00687,dlk_tbl_02176,gob_tbl_03703,dlk_tbl_00538,gob_tbl_00962,dlk_tbl_02090,dlk_tbl_00137,dash_tbl_02385,dash_ext_00456,gob_ext_00080,dlk_ext_00280,gob_ext_00545,proc_ext_00463,dlk_ext_00262,gob_ext_00544
dlk_proceso_0363;4;gob_tbl_01333,gob_tbl_00570,proc_tbl_00457,dlk_tbl_03367;4;proc_tbl_04132,dlk_tbl_01365,gob_ext_00584,proc_ext_00218
dlk_proceso_0364;5;gob_tbl_03406,dlk_tbl_00827,dlk_tbl_01955,proc_tbl_01587,dlk_tbl_02801;17;proc_tbl_00786,std_tbl_02431,gob_tbl_00426,gob_tbl_00511,gob_tbl_00718,dlk_tbl_04224,dlk_tbl_02341,gob_tbl_04065,dlk_tbl_02090,dlk_tbl_04284,dlk_ext_00403,std_ext_00232,proc_ext_00140,dlk_ext_00505,proc_ext_00435,gob_ext_00247,gob_ext_00523
proc_proceso_0365;4;proc_tbl_01148,gob_tbl_02051,gob_tbl_02699,dlk_tbl_01078;10;gob_tbl_04226,gob_tbl_02046,dlk_tbl_02119,gob_tbl_01611,dash_tbl_02352,dash_tbl_00526,dlk_ext_00469,dlk_ext_00303,dlk_ext_00006,gob_ext_00042
gob_proceso_0366;3;proc_tbl_01797,std_tbl_00392,gob_tbl_03567;4;dlk_tbl_01496,dlk_tbl_02882,std_ext_00445,dlk_ext_00188
dlk_proceso_0367;3;m4vw_tbl_00525,ppn_tbl_04162,std_tbl_01421;12;proc_tbl_00110,dlk_tbl_03804,gob_tbl_02088,m4sco_tbl_03627,gob_tbl_04292,dlk_tbl_00542,gob_tbl_00751,gob_ext_00558,proc_ext_00328,dlk_ext_00319,gob_ext_00462,gob_ext_00202
dlk_proceso_0368;5;m4vw_tbl_02249,dlk_tbl_00031,dlk_tbl_04266,proc_tbl_01784,dlk_tbl_01584;7;m4sco_tbl_02307,dlk_tbl_02530,gob_tbl_02160,dlk_tbl_03641,gob_ext_00413,gob_ext_00183,gob_ext_00519
dlk_proceso_0369;5;dlk_tbl_01748,dash_tbl_02487,dlk_tbl_00354,gob_tbl_03264,gob_tbl_00580;5;gob_tbl_00822,dash_tbl_00229,dlk_tbl_00182,m4vw_ext_00447,proc_ext_00339
dlk_proceso_0370;3;dlk_tbl_02358,gob_tbl_00195,gob_tbl_03847;17;gob_tbl_04239,proc_tbl_01706,dlk_tbl_01277,dlk_tbl_03926,dlk_tbl_03865,dash_tbl_04016,dash_tbl_02767,dlk_tbl_03139,dlk_tbl_01101,dlk_tbl_00686,gob_ext_00467,dlk_ext_00585,gob_ext_00478,gob_ext_00147,dlk_ext_00136,proc_ext_00391,proc_ext_00381
dlk_proceso_0371;2;gob_tbl_03081,gob_tbl_01218;5;proc_tbl_03743,dlk_tbl_03976,gob_tbl_00890,dlk_ext_00622,dash_ext_00574
gob_proceso_0372;2;proc_tbl_02554,dlk_tbl_01839;13;gob_tbl_01879,dlk_tbl_01940,dlk_tbl_01720,proc_tbl_00830,dlk_tbl_00562,m4sco_tbl_02797,gob_tbl_00407,gob_ext_00379,dlk_ext_00390,dash_ext_00514,std_ext_00594,dlk_ext_00142,gob_ext_00596
proc_proceso_0373;5;m4vw_tbl_02186,gob_tbl_00767,gob_tbl_03463,gob_tbl_03506,gob_tbl_02262;13;dlk_tbl_03136,dlk_tbl_02248,m4vw_tbl_03250,gob_tbl_00911,dlk_tbl_03641,std_tbl_01637,dlk_tbl_03631,gob_ext_00450,gob_ext_00183,dash_ext_00018,dash_ext_00442,dlk_ext_00501,gob_ext_00261
dash_proceso_0374;4;dlk_tbl_03614,proc_tbl_01408,dlk_tbl_01037,dlk_tbl_03619;4;gob_tbl_00930,gob_tbl_00814,dlk_ext_00378,dlk_ext_00466
proc_proceso_0375;7;dlk_tbl_02077,proc_tbl_02178,gob_tbl_00265,dlk_tbl_00667,dlk_tbl_00642,gob_tbl_02220,gob_tbl_01679;10;gob_tbl_01848,gob_tbl_02109,gob_tbl_03665,gob_tbl_01641,gob_tbl_00817,gob_tbl_00476,std_ext_00606,dlk_ext_00547,gob_ext_00279,dlk_ext_00054
gob_proceso_0376;6;dlk_tbl_01343,dlk_tbl_01205,dlk_tbl_00905,dlk_tbl_01047,gob_tbl_02114,gob_tbl_00700;13;gob_tbl_02030,dlk_tbl_00469,m4vw_tbl_02284,gob_tbl_00007,dlk_tbl_01449,gob_tbl_03417,dlk_tbl_00124,gob_ext_00151,proc_ext_00457,dlk_ext_00304,gob_ext_00260,gob_ext_00212,gob_ext_00202
dlk_proceso_0377;3;dlk_tbl_00689,dlk_tbl_01325,dash_tbl_03167;8;gob_tbl_01502,dash_tbl_03921,dlk_tbl_01209,dlk_tbl_01567,m4vw_tbl_00487,ppn_ext_00526,gob_ext_00567,dlk_ext_00125
dash_proceso_0378;3;gob_tbl_04176,proc_tbl_01370,gob_tbl_04350;17;gob_tbl_01592,dlk_tbl_01325,dlk_tbl_02361,dlk_tbl_03511,dash_tbl_01907,dlk_tbl_04167,dlk_tbl_03357,m4vw_tbl_02992,gob_tbl_03761,dlk_tbl_01946,proc_ext_00157,dlk_ext_00294,proc_ext_00131,gob_ext_00467,dash_ext_00018,dlk_ext_00389,gob_ext_00252
proc_proceso_0379;2;gob_tbl_00126,proc_tbl_03457;15;dlk_tbl_03339,m4sco_tbl_03609,proc_tbl_04219,gob_tbl_02295,gob_tbl_00311,gob_tbl_00506,proc_tbl_03776,gob_tbl_00633,gob_tbl_00225,dlk_ext_00092,gob_ext_00042,m4vw_ext_00041,dlk_ext_00634,dlk_ext_00347,gob_ext_00247
dlk_proceso_0380;2;dash_tbl_00752,gob_tbl_00153;15;m4vw_tbl_00650,gob_tbl_00098,gob_tbl_00143,dlk_tbl_03142,proc_tbl_00457,dlk_tbl_00954,proc_tbl_04054,gob_tbl_00799,dlk_tbl_00036,dlk_ext_00505,gob_ext_00135,dlk_ext_00257,gob_ext_00507,proc_ext_00146,gob_ext_00475
dlk_proceso_0381;4;dlk_tbl_03865,gob_tbl_01999,dlk_tbl_01166,gob_tbl_03665;9;proc_tbl_00953,proc_tbl_01741,gob_tbl_01855,gob_tbl_03050,proc_tbl_02580,gob_ext_00105,gob_ext_00491,gob_ext_00630,gob_ext_00233
dlk_proceso_0382;6;dlk_tbl_04248,dlk_tbl_01867,gob_tbl_01114,dlk_tbl_02432,proc_tbl_02398,proc_tbl_01563;4;ppn_tbl_02672,dlk_tbl_03044,dlk_ext_00002,gob_ext_00202
gob_proceso_0383;2;dlk_tbl_03869,dlk_tbl_01979;10;dlk_tbl_02602,dash_tbl_01668,proc_tbl_01738,dlk_tbl_02236,ppn_tbl_00644,dlk_tbl_00748,gob_ext_00613,gob_ext_00259,dlk_ext_00284,dlk_ext_00418
dlk_proceso_0384;5;gob_tbl_01848,gob_tbl_00760,gob_tbl_00877,dlk_tbl_03657,std_tbl_03806;12;std_tbl_04156,dlk_tbl_00356,dlk_tbl_00663,gob_tbl_01595,gob_tbl_01198,proc_tbl_02073,proc_tbl_01818,gob_ext_00260,dlk_ext_00123,dlk_ext_00422,std_ext_00057,gob_ext_00058
dlk_proceso_0385;4;proc_tbl_02257,gob_tbl_03703,dlk_tbl_02929,gob_tbl_03415;7;dash_tbl_02009,dlk_tbl_02187,gob_tbl_01314,dlk_tbl_01720,gob_ext_00112,gob_ext_00013,dlk_ext_00052
dlk_proceso_0386;6;gob_tbl_00638,gob_tbl_01020,dlk_tbl_04280,gob_tbl_03058,gob_tbl_02938,gob_tbl_01764;6;proc_tbl_00541,dash_tbl_03858,dlk_tbl_01774,gob_ext_00036,proc_ext_00597,proc_ext_00171
dash_proceso_0387;7;proc_tbl_00731,gob_tbl_01227,dash_tbl_01951,dlk_tbl_02752,dlk_tbl_00696,gob_tbl_03461,dlk_tbl_04014;9;dlk_tbl_00850,gob_tbl_02018,dash_tbl_01061,proc_tbl_02397,dlk_tbl_03834,m4sco_ext_00610,gob_ext_00279,gob_ext_00331,gob_ext_00233
gob_proceso_0388;6;gob_tbl_03991,gob_tbl_01842,proc_tbl_00622,gob_tbl_00080,dash_tbl_00440,dlk_tbl_03271;8;dlk_tbl_02456,dlk_tbl_01765,gob_tbl_00882,dlk_tbl_01476,gob_tbl_00071,proc_ext_00225,proc_ext_00414,dlk_ext_00012
dlk_proceso_0389;6;proc_tbl_02525,proc_tbl_00447,gob_tbl_02754,dlk_tbl_03659,gob_tbl_00128,gob_tbl_04015;11;dlk_tbl_01578,gob_tbl_03838,proc_tbl_01478,gob_tbl_02973,gob_tbl_01910,gob_tbl_02060,proc_ext_00004,dash_ext_00456,gob_ext_00522,gob_ext_00351,dlk_ext_00340
dlk_proceso_0390;9;gob_tbl_03242,dlk_tbl_02629,proc_tbl_00569,dlk_tbl_00556,gob_tbl_03534,gob_tbl_01531,gob_tbl_02292,dlk_tbl_02492,dlk_tbl_02644;14;gob_tbl_02514,proc_tbl_01792,proc_tbl_03726,dlk_tbl_03998,gob_tbl_02461,gob_tbl_02315,proc_tbl_01236,dlk_tbl_03025,dash_ext_00018,proc_ext_00339,m4vw_ext_00447,dlk_ext_00054,dlk_ext_00083,proc_ext_00435
dlk_proceso_0391;8;gob_tbl_02975,proc_tbl_00513,proc_tbl_02783,gob_tbl_04488,gob_tbl_01821,gob_tbl_02710,dlk_tbl_02381,dlk_tbl_02602;7;dlk_tbl_00703,dlk_tbl_01412,proc_tbl_01307,dlk_tbl_02851,dlk_ext_00488,gob_ext_00265,proc_ext_00611
gob_proceso_0392;3;dlk_tbl_03917,gob_tbl_01271,gob_tbl_03949;4;dlk_tbl_03841,proc_tbl_01202,dlk_ext_00190,dlk_ext_00330
dlk_proceso_0393;5;dash_tbl_00214,dlk_tbl_02126,proc_tbl_01919,gob_tbl_02069,dlk_tbl_02464;4;gob_tbl_02393,gob_tbl_00437,dash_ext_00525,proc_ext_00065
proc_proceso_0394;7;proc_tbl_04435,dlk_tbl_04196,dlk_tbl_00540,std_tbl_02222,m4vw_tbl_03745,dash_tbl_04129,gob_tbl_03275;9;std_tbl_03420,proc_tbl_02568,gob_tbl_02022,gob_tbl_00491,dlk_tbl_00998,proc_ext_00124,dlk_ext_00538,dlk_ext_00081,dlk_ext_00410
dlk_proceso_0395;6;gob_tbl_03312,proc_tbl_02643,ppn_tbl_02157,gob_tbl_02808,dash_tbl_02792,proc_tbl_03898;15;dlk_tbl_00163,gob_tbl_01868,dlk_tbl_02135,dash_tbl_01602,gob_tbl_02160,gob_tbl_02521,dlk_tbl_02141,dlk_tbl_00183,gob_tbl_01764,dlk_ext_00038,dlk_ext_00280,dlk_ext_00503,gob_ext_00467,gob_ext_00309,gob_ext_00572
gob_proceso_0396;4;gob_tbl_00316,dash_tbl_01468,std_tbl_00251,dlk_tbl_00043;14;dash_tbl_04150,gob_tbl_00795,gob_tbl_01959,proc_tbl_04040,gob_tbl_03253,gob_tbl_01244,dlk_tbl_03956,gob_tbl_03517,dlk_ext_00407,dash_ext_00039,gob_ext_00479,gob_ext_00100,gob_ext_00603,proc_ext_00461
gob_proceso_0397;3;gob_tbl_03651,proc_tbl_01465,gob_tbl_00450;11;gob_tbl_02018,dlk_tbl_04000,dlk_tbl_01315,gob_tbl_03888,gob_tbl_03514,dash_tbl_01155,dlk_ext_00614,gob_ext_00191,dlk_ext_00501,dlk_ext_00006,gob_ext_00265
gob_proceso_0398;4;proc_tbl_03982,gob_tbl_03268,dlk_tbl_01939,gob_tbl_03929;17;std_tbl_00555,dlk_tbl_00297,std_tbl_01133,dlk_tbl_02648,dlk_tbl_02187,dash_tbl_04177,dlk_tbl_01550,gob_tbl_01110,dlk_tbl_00540,dlk_tbl_01187,gob_ext_00036,gob_ext_00050,dash_ext_00008,gob_ext_00626,dlk_ext_00306,gob_ext_00029,gob_ext_00491
proc_proceso_0399;2;dlk_tbl_03348,proc_tbl_02633;20;std_tbl_01828,dlk_tbl_01141,gob_tbl_00450,proc_tbl_02668,gob_tbl_00566,gob_tbl_00101,gob_tbl_01859,dlk_tbl_03112,gob_tbl_00129,ppn_tbl_00794,gob_tbl_03664,gob_tbl_04320,dlk_ext_00344,gob_ext_00089,dlk_ext_00137,gob_ext_00460,gob_ext_00384,gob_ext_00267,m4sco_ext_00094,proc_ext_00055
gob_proceso_0400;6;proc_tbl_00272,dlk_tbl_04270,dlk_tbl_01928,dlk_tbl_01785,gob_tbl_00379,gob_tbl_02532;6;dlk_tbl_01014,gob_tbl_01659,dlk_tbl_03473,dlk_ext_00389,gob_ext_00022,ppn_ext_00504
dlk_proceso_0401;3;gob_tbl_03365,gob_tbl_02113,gob_tbl_04318;8;proc_tbl_00304,gob_tbl_01241,gob_tbl_03522,dlk_tbl_03112,dlk_tbl_03337,proc_ext_00518,dlk_ext_00180,gob_ext_00208
dlk_proceso_0402;3;gob_tbl_00529,gob_tbl_02138,gob_tbl_01590;14;dlk_tbl_04284,dlk_tbl_04270,gob_tbl_03682,dash_tbl_02199,dlk_tbl_00748,gob_tbl_00155,gob_tbl_01821,gob_tbl_02675,gob_ext_00552,gob_ext_00271,gob_ext_00069,proc_ext_00211,dlk_ext_00093,proc_ext_00235
dash_proceso_0403;7;dlk_tbl_02135,dlk_tbl_01285,gob_tbl_04019,gob_tbl_03249,dlk_tbl_02892,gob_tbl_02351,gob_tbl_02306;4;dash_tbl_00628,proc_tbl_00591,dlk_ext_00152,proc_ext_00430
gob_proceso_0404;2;dlk_tbl_04479,dlk_tbl_01359;10;gob_tbl_00760,dlk_tbl_00524,proc_tbl_00819,gob_tbl_00299,gob_tbl_04165,gob_tbl_04189,gob_ext_00091,gob_ext_00507,dlk_ext_00432,gob_ext_00524
dlk_proceso_0405;5;gob_tbl_04163,gob_tbl_00508,m4sco_tbl_02307,gob_tbl_01040,gob_tbl_01628;17;proc_tbl_03565,proc_tbl_00233,proc_tbl_03559,proc_tbl_00776,dlk_tbl_03952,gob_tbl_01860,dash_tbl_03752,gob_tbl_02113,dlk_tbl_03842,dash_tbl_00653,proc_ext_00421,dlk_ext_00269,gob_ext_00049,dlk_ext_00179,m4sco_ext_00094,dlk_ext_00083,gob_ext_00023
dlk_proceso_0406;8;gob_tbl_03355,ppn_tbl_01956,gob_tbl_03105,proc_tbl_02903,dlk_tbl_01601,dlk_tbl_00166,dlk_tbl_02638,proc_tbl_03877;10;gob_tbl_01247,dlk_tbl_01472,proc_tbl_01299,gob_tbl_03003,gob_tbl_00143,gob_tbl_03664,dlk_ext_00125,dash_ext_00633,dlk_ext_00410,dlk_ext_00469
gob_proceso_0407;3;gob_tbl_02486,dash_tbl_00792,dlk_tbl_02536;10;dlk_tbl_03471,dlk_tbl_00319,gob_tbl_03590,gob_tbl_00271,proc_tbl_00376,gob_tbl_00369,proc_ext_00327,dlk_ext_00503,gob_ext_00399,proc_ext_00401
gob_proceso_0408;3;dlk_tbl_00586,gob_tbl_04178,gob_tbl_03030;14;std_tbl_02582,gob_tbl_03534,std_tbl_02105,gob_tbl_01618,gob_tbl_03414,std_tbl_04285,dlk_tbl_00326,dash_tbl_00933,dlk_ext_00505,proc_ext_00121,gob_ext_00412,dash_ext_00203,dash_ext_00141,gob_ext_00091
gob_proceso_0409;6;proc_tbl_00373,dlk_tbl_03799,std_tbl_01888,gob_tbl_04339,dlk_tbl_00977,gob_tbl_01960;6;proc_tbl_01160,gob_tbl_02299,dlk_tbl_03963,std_ext_00587,dlk_ext_00335,dlk_ext_00563
dlk_proceso_0410;7;gob_tbl_02858,proc_tbl_00228,m4sco_tbl_03611,dlk_tbl_01411,gob_tbl_04258,dlk_tbl_00092,proc_tbl_00972;1;proc_tbl_03525
dlk_proceso_0411;3;gob_tbl_00950,m4sco_tbl_00743,dlk_tbl_00841;14;dlk_tbl_03558,dash_tbl_02021,gob_tbl_01244,dash_tbl_00746,dlk_tbl_03821,gob_tbl_00932,gob_tbl_00173,dlk_tbl_00113,gob_ext_00107,dlk_ext_00108,dlk_ext_00538,gob_ext_00479,gob_ext_00260,proc_ext_00457
gob_proceso_0412;4;gob_tbl_01024,dlk_tbl_00001,proc_tbl_01769,dash_tbl_02671;7;gob_tbl_01113,proc_tbl_02903,dlk_tbl_01718,dlk_tbl_04159,dlk_ext_00251,dlk_ext_00388,gob_ext_00301
dlk_proceso_0413;3;proc_tbl_00054,gob_tbl_04192,dlk_tbl_00287;4;dlk_tbl_02416,dlk_tbl_02179,dlk_ext_00586,gob_ext_00183
dash_proceso_0414;2;gob_tbl_00405,ppn_tbl_00922;13;dlk_tbl_02288,dlk_tbl_00987,gob_tbl_01248,dlk_tbl_02041,m4sco_tbl_00727,dash_tbl_00721,proc_tbl_00544,gob_ext_00475,dlk_ext_00501,gob_ext_00479,dlk_ext_00422,gob_ext_00520,m4vw_ext_00429
dlk_proceso_0415;6;gob_tbl_04064,gob_tbl_00836,gob_tbl_00798,gob_tbl_00566,dlk_tbl_03914,proc_tbl_00302;13;dlk_tbl_01601,gob_tbl_02427,gob_tbl_03409,m4vw_tbl_00487,dlk_tbl_04451,proc_tbl_00455,gob_tbl_02362,gob_ext_00453,std_ext_00057,dlk_ext_00122,gob_ext_00441,gob_ext_00275,proc_ext_00192
dlk_proceso_0416;8;gob_tbl_03547,proc_tbl_03048,dlk_tbl_04379,gob_tbl_01135,proc_tbl_00011,dlk_tbl_02647,m4sco_tbl_02504,gob_tbl_00118;5;gob_tbl_01876,dash_tbl_02352,dlk_tbl_02722,proc_ext_00171,dlk_ext_00388
gob_proceso_0417;5;dlk_tbl_04347,std_tbl_01488,m4vw_tbl_00853,dlk_tbl_01331,dlk_tbl_01798;10;dlk_tbl_02294,dlk_tbl_03721,dlk_tbl_01359,dlk_tbl_01229,dlk_tbl_00714,dlk_tbl_03112,proc_ext_00324,gob_ext_00393,gob_ext_00331,gob_ext_00049
gob_proceso_0418;4;gob_tbl_00990,dlk_tbl_03861,dlk_tbl_01045,gob_tbl_01185;6;m4vw_tbl_00026,gob_tbl_03567,m4vw_tbl_01017,gob_ext_00497,gob_ext_00105,dash_ext_00514
proc_proceso_0419;3;gob_tbl_02775,dlk_tbl_01527,dlk_tbl_01357;9;gob_tbl_03903,dlk_tbl_00489,gob_tbl_02006,dlk_tbl_03062,proc_tbl_04275,gob_ext_00033,dlk_ext_00396,proc_ext_00298,dlk_ext_00469
dash_proceso_0420;6;gob_tbl_03652,dlk_tbl_01808,proc_tbl_03035,gob_tbl_04110,proc_tbl_02482,dlk_tbl_03764;4;dlk_tbl_02171,dlk_tbl_00089,gob_ext_00366,proc_ext_00343
gob_proceso_0421;3;dlk_tbl_00085,dlk_tbl_03170,dlk_tbl_02356;15;gob_tbl_03233,dlk_tbl_03225,dlk_tbl_00356,gob_tbl_03191,proc_tbl_00947,gob_tbl_01891,dlk_tbl_02825,gob_tbl_03174,dlk_tbl_01282,dash_ext_00274,gob_ext_00022,gob_ext_00352,std_ext_00057,gob_ext_00494,proc_ext_00266
dlk_proceso_0422;3;gob_tbl_04316,gob_tbl_01524,dlk_tbl_03240;9;dlk_tbl_00571,dlk_tbl_00086,dlk_tbl_01324,std_tbl_04156,proc_tbl_03815,std_ext_00445,gob_ext_00233,dlk_ext_00365,dlk_ext_00400
gob_proceso_0423;4;dlk_tbl_00785,m4vw_tbl_03882,gob_tbl_04094,dlk_tbl_01459;7;dlk_tbl_00956,gob_tbl_03312,gob_tbl_03174,gob_tbl_04251,proc_ext_00496,proc_ext_00000,dlk_ext_00503
gob_proceso_0424;5;proc_tbl_04351,dlk_tbl_03908,dlk_tbl_01742,gob_tbl_04276,dlk_tbl_04188;5;gob_tbl_04318,gob_tbl_02184,dlk_tbl_02167,dlk_ext_00340,proc_ext_00327
proc_proceso_0425;5;gob_tbl_03514,dlk_tbl_02049,dlk_tbl_03721,dlk_tbl_00245,dash_tbl_02995;14;dlk_tbl_03378,gob_tbl_00722,dlk_tbl_00436,gob_tbl_04065,gob_tbl_03409,dash_tbl_02930,proc_tbl_00224,gob_tbl_02721,m4vw_ext_00056,dlk_ext_00290,gob_ext_00451,dlk_ext_00228,gob_ext_00386,dlk_ext_00087
dlk_proceso_0426;4;gob_tbl_04439,dlk_tbl_02908,gob_tbl_02435,dlk_tbl_02709;11;dash_tbl_00628,std_tbl_04030,dlk_tbl_03963,gob_tbl_02452,dlk_tbl_03059,dlk_tbl_02166,gob_ext_00479,proc_ext_00427,dlk_ext_00377,dlk_ext_00229,dlk_ext_00188
gob_proceso_0427;4;proc_tbl_04452,proc_tbl_03554,std_tbl_00979,proc_tbl_02264;4;dlk_tbl_01099,gob_tbl_00832,dash_ext_00018,proc_ext_00070
gob_proceso_0428;2;dlk_tbl_03475,ppn_tbl_01255;12;proc_tbl_04169,gob_tbl_00529,dash_tbl_03934,proc_tbl_02266,dlk_tbl_03142,dlk_tbl_03994,gob_tbl_00618,m4sco_ext_00542,proc_ext_00102,dash_ext_00128,dash_ext_00008,gob_ext_00110
proc_proceso_0429;4;gob_tbl_01880,gob_tbl_02646,dlk_tbl_00096,dash_tbl_00604;4;proc_tbl_02112,gob_tbl_03000,gob_ext_00067,gob_ext_00350
proc_proceso_0430;6;gob_tbl_00275,dlk_tbl_02763,dlk_tbl_00992,gob_tbl_02426,gob_tbl_03487,dlk_tbl_04018;9;dlk_tbl_02110,proc_tbl_01585,gob_tbl_02208,dlk_tbl_02950,dlk_tbl_02485,proc_ext_00004,dash_ext_00088,dlk_ext_00093,gob_ext_00279
proc_proceso_0431;7;dlk_tbl_01594,dlk_tbl_02000,dlk_tbl_02176,gob_tbl_01936,gob_tbl_00756,proc_tbl_02010,proc_tbl_00753;9;dlk_tbl_01496,dlk_tbl_04101,gob_tbl_01891,gob_tbl_01131,dlk_tbl_01168,dash_ext_00456,dlk_ext_00006,proc_ext_00336,dlk_ext_00009
proc_proceso_0432;4;dlk_tbl_01638,dlk_tbl_01982,proc_tbl_04022,proc_tbl_02979;7;std_tbl_00856,dlk_tbl_03025,gob_tbl_00426,std_tbl_03229,m4sco_ext_00529,gob_ext_00450,dash_ext_00574
proc_proceso_0433;7;proc_tbl_02015,dlk_tbl_04312,m4sco_tbl_00049,gob_tbl_00185,gob_tbl_00219,dlk_tbl_01066,std_tbl_01262;15;dlk_tbl_03460,dlk_tbl_01982,dlk_tbl_00208,dlk_tbl_02929,gob_tbl_03328,gob_tbl_01910,proc_tbl_03778,gob_tbl_02378,m4sco_tbl_00164,dlk_ext_00505,gob_ext_00524,dlk_ext_00025,gob_ext_00259,dlk_ext_00170,gob_ext_00609
gob_proceso_0434;4;proc_tbl_01898,dlk_tbl_03599,gob_tbl_01112,gob_tbl_03687;6;dlk_tbl_02778,proc_tbl_00953,dlk_tbl_02558,std_ext_00598,dlk_ext_00113,gob_ext_00520
gob_proceso_0435;2;gob_tbl_01306,dlk_tbl_01019;5;dlk_tbl_03139,gob_tbl_03888,gob_tbl_03448,proc_ext_00171,proc_ext_00506
dlk_proceso_0436;2;gob_tbl_04323,dlk_tbl_03236;8;gob_tbl_02730,proc_tbl_03255,dlk_tbl_04489,proc_tbl_02993,dash_tbl_03553,proc_ext_00045,dlk_ext_00037,dlk_ext_00303
dash_proceso_0437;4;std_tbl_03550,dlk_tbl_02179,proc_tbl_00305,dlk_tbl_03863;6;dlk_tbl_00351,gob_tbl_04187,dlk_tbl_00241,gob_ext_00628,proc_ext_00124,gob_ext_00022
gob_proceso_0438;4;gob_tbl_02608,gob_tbl_03995,gob_tbl_01016,dash_tbl_00229;5;dlk_tbl_02099,gob_tbl_04323,dlk_tbl_01291,proc_ext_00414,dlk_ext_00188
dlk_proceso_0439;4;std_tbl_02081,m4vw_tbl_00026,proc_tbl_01025,dlk_tbl_02609;10;proc_tbl_04250,dlk_tbl_04379,gob_tbl_03733,gob_tbl_04393,gob_tbl_01729,gob_tbl_02781,gob_ext_00147,dlk_ext_00071,std_ext_00443,gob_ext_00265
gob_proceso_0440;6;std_tbl_02394,gob_tbl_00114,proc_tbl_02625,dlk_tbl_00309,proc_tbl_02345,dlk_tbl_03332;11;dlk_tbl_03063,gob_tbl_00832,gob_tbl_02088,gob_tbl_04032,gob_tbl_04060,dlk_tbl_00893,gob_ext_00544,dlk_ext_00549,proc_ext_00121,dlk_ext_00423,dlk_ext_00340
dlk_proceso_0441;4;proc_tbl_00232,gob_tbl_00527,gob_tbl_02873,gob_tbl_00010;11;gob_tbl_02490,gob_tbl_04389,dlk_tbl_03793,gob_tbl_00654,proc_tbl_02922,dlk_tbl_03219,dlk_ext_00179,dlk_ext_00017,dlk_ext_00311,gob_ext_00301,std_ext_00044
gob_proceso_0442;4;dlk_tbl_00182,dlk_tbl_00886,proc_tbl_02320,proc_tbl_03964;6;dash_tbl_03442,dlk_tbl_03944,gob_tbl_02175,dlk_ext_00269,gob_ext_00191,dash_ext_00454
dlk_proceso_0443;3;gob_tbl_04340,dlk_tbl_02166,dlk_tbl_02814;6;proc_tbl_01883,proc_tbl_04040,proc_tbl_00034,gob_ext_00379,proc_ext_00158,dlk_ext_00231
proc_proceso_0444;8;gob_tbl_04289,dlk_tbl_00978,proc_tbl_04181,gob_tbl_00311,dlk_tbl_00787,gob_tbl_03273,dlk_tbl_02508,proc_tbl_02400;5;gob_tbl_00506,dlk_tbl_04396,dlk_tbl_03801,gob_ext_00091,gob_ext_00036
dlk_proceso_0445;5;gob_tbl_03949,dlk_tbl_02245,proc_tbl_02296,dash_tbl_00053,gob_tbl_00657;8;dlk_tbl_02424,gob_tbl_00799,gob_tbl_00838,dash_tbl_02117,dlk_tbl_00524,proc_ext_00010,proc_ext_00391,dlk_ext_00297
dlk_proceso_0446;4;dash_tbl_02751,m4vw_tbl_00650,dlk_tbl_01318,proc_tbl_01736;11;dlk_tbl_02512,m4vw_tbl_04140,dlk_tbl_04336,dash_tbl_04268,gob_tbl_02018,std_tbl_01828,dlk_ext_00282,dlk_ext_00549,dlk_ext_00340,dash_ext_00514,dlk_ext_00503
dlk_proceso_0447;3;dlk_tbl_04490,gob_tbl_04433,dash_tbl_03439;12;dash_tbl_01396,dlk_tbl_03140,proc_tbl_03453,gob_tbl_01618,gob_tbl_02774,m4sco_tbl_00499,dlk_tbl_02530,gob_ext_00275,dlk_ext_00092,gob_ext_00227,dlk_ext_00066,gob_ext_00458
dlk_proceso_0448;4;gob_tbl_01957,std_tbl_04047,dash_tbl_04299,dlk_tbl_03094;7;proc_tbl_01370,dlk_tbl_03079,dlk_tbl_03811,proc_tbl_03897,gob_ext_00371,dlk_ext_00501,gob_ext_00412
dash_proceso_0449;6;dlk_tbl_00462,m4vw_tbl_02284,dlk_tbl_01634,gob_tbl_01620,dlk_tbl_02187,gob_tbl_00870;9;dlk_tbl_04410,dlk_tbl_00905,dlk_tbl_03452,proc_tbl_01046,dlk_tbl_03603,dlk_ext_00012,gob_ext_00416,dlk_ext_00440,dlk_ext_00115
gob_proceso_0450;4;proc_tbl_03444,gob_tbl_02734,dlk_tbl_03821,proc_tbl_03862;10;dlk_tbl_03353,gob_tbl_04279,m4sco_tbl_01196,dlk_tbl_01229,dlk_tbl_02155,gob_tbl_03270,dlk_ext_00424,proc_ext_00207,gob_ext_00441,dash_ext_00160
dlk_proceso_0451;3;proc_tbl_00072,gob_tbl_03100,dlk_tbl_04261;11;gob_tbl_00331,dash_tbl_01082,gob_tbl_02853,dlk_tbl_03168,ppn_tbl_02457,dash_tbl_01396,dlk_ext_00323,dlk_ext_00154,gob_ext_00613,gob_ext_00080,dlk_ext_00179
proc_proceso_0452;6;proc_tbl_03610,dlk_tbl_01774,dlk_tbl_00187,dlk_tbl_01878,proc_tbl_03592,dlk_tbl_03575;4;gob_tbl_03874,gob_tbl_01698,gob_ext_00191,gob_ext_00223
proc_proceso_0453;6;gob_tbl_03798,gob_tbl_02556,dash_tbl_03765,proc_tbl_00522,gob_tbl_01216,gob_tbl_02746;4;gob_tbl_01864,proc_tbl_00758,proc_ext_00506,dlk_ext_00622
gob_proceso_0454;2;dlk_tbl_04284,dlk_tbl_01963;15;proc_tbl_02213,gob_tbl_03888,gob_tbl_02256,dlk_tbl_02623,proc_tbl_03267,dash_tbl_01600,proc_tbl_01761,m4sco_tbl_02163,dlk_tbl_02137,proc_ext_00528,gob_ext_00321,proc_ext_00150,dlk_ext_00563,gob_ext_00120,gob_ext_00415
dlk_proceso_0455;6;proc_tbl_00106,dash_tbl_00721,std_tbl_00724,dash_tbl_02117,proc_tbl_02389,gob_tbl_02735;9;dlk_tbl_00113,gob_tbl_01659,dlk_tbl_01460,dlk_tbl_01963,dlk_tbl_03079,gob_ext_00596,gob_ext_00189,gob_ext_00260,m4sco_ext_00565
gob_proceso_0456;5;std_tbl_02467,dlk_tbl_03395,dlk_tbl_03699,proc_tbl_02369,gob_tbl_03454;13;gob_tbl_00521,gob_tbl_03056,std_tbl_01262,dlk_tbl_00399,dash_tbl_03858,proc_tbl_02108,dlk_tbl_04277,gob_ext_00361,dash_ext_00240,dlk_ext_00071,dlk_ext_00501,gob_ext_00462,dlk_ext_00115
dlk_proceso_0457;2;gob_tbl_01990,dlk_tbl_04033;9;proc_tbl_03546,dlk_tbl_02548,dlk_tbl_00875,dlk_tbl_03677,gob_tbl_01934,dlk_ext_00184,proc_ext_00070,std_ext_00443,dlk_ext_00377
dlk_proceso_0458;2;proc_tbl_00035,gob_tbl_03127;8;std_tbl_02097,dlk_tbl_02946,proc_tbl_01053,dlk_tbl_02887,dash_tbl_00063,dlk_ext_00634,gob_ext_00523,dash_ext_00039
dash_proceso_0459;5;gob_tbl_03904,dlk_tbl_02577,dlk_tbl_04415,dlk_tbl_00424,gob_tbl_03199;15;dlk_tbl_01982,dlk_tbl_02041,dlk_tbl_02978,dlk_tbl_01708,dlk_tbl_04195,dlk_tbl_02649,dlk_tbl_02693,gob_tbl_01676,m4vw_tbl_00853,dlk_ext_00220,dash_ext_00008,dash_ext_00039,dlk_ext_00347,dlk_ext_00547,dlk_ext_00323
dash_proceso_0460;6;dlk_tbl_01492,dlk_tbl_02372,dlk_tbl_03615,std_tbl_00812,dlk_tbl_03033,dlk_tbl_00589;10;dlk_tbl_01093,proc_tbl_00620,proc_tbl_01162,gob_tbl_02661,proc_tbl_02400,proc_tbl_00878,dlk_ext_00006,dlk_ext_00133,gob_ext_00350,proc_ext_00573
dlk_proceso_0461;4;m4sco_tbl_02624,gob_tbl_03465,gob_tbl_00817,dlk_tbl_02693;4;gob_tbl_02893,dlk_tbl_00514,dlk_ext_00108,gob_ext_00486
dlk_proceso_0462;4;dlk_tbl_02598,dlk_tbl_03555,dlk_tbl_02733,dlk_tbl_01350;9;dash_tbl_04096,proc_tbl_01563,gob_tbl_04315,dlk_tbl_02234,dlk_tbl_02034,proc_ext_00242,dlk_ext_00144,dlk_ext_00229,proc_ext_00020
dlk_proceso_0463;6;dlk_tbl_03803,proc_tbl_01761,dlk_tbl_00235,dlk_tbl_04104,proc_tbl_04477,dlk_tbl_02841;5;dlk_tbl_01387,dlk_tbl_03140,proc_tbl_00622,proc_ext_00124,std_ext_00510
dlk_proceso_0464;6;dlk_tbl_04311,dlk_tbl_03958,gob_tbl_03518,std_tbl_01683,gob_tbl_00426,dash_tbl_01393;4;gob_tbl_03074,dlk_tbl_03777,gob_ext_00385,gob_ext_00023
gob_proceso_0465;6;dlk_tbl_01098,m4sco_tbl_02534,gob_tbl_01414,dlk_tbl_00625,gob_tbl_02036,gob_tbl_03000;5;gob_tbl_03590,dlk_tbl_01819,gob_tbl_01713,gob_ext_00013,dlk_ext_00306
dash_proceso_0466;3;dash_tbl_01371,std_tbl_04370,proc_tbl_00695;9;dash_tbl_03837,dlk_tbl_01357,gob_tbl_03210,std_tbl_03840,proc_tbl_00091,dash_ext_00514,gob_ext_00520,std_ext_00594,gob_ext_00615
gob_proceso_0467;3;gob_tbl_01438,dlk_tbl_01758,gob_tbl_03529;12;dlk_tbl_00936,proc_tbl_03776,dlk_tbl_00542,dlk_tbl_03680,dlk_tbl_03672,gob_tbl_01173,dlk_tbl_02226,gob_ext_00458,gob_ext_00474,gob_ext_00151,std_ext_00517,gob_ext_00313
dlk_proceso_0468;5;dash_tbl_00461,m4vw_tbl_03359,dlk_tbl_02253,dlk_tbl_01856,proc_tbl_00023;7;gob_tbl_03171,dlk_tbl_01365,dlk_tbl_00538,dlk_tbl_04357,dlk_ext_00081,proc_ext_00178,gob_ext_00523
dlk_proceso_0469;4;dash_tbl_03921,gob_tbl_02905,gob_tbl_02312,gob_tbl_03605;10;dlk_tbl_00002,dlk_tbl_00254,dlk_tbl_01599,gob_tbl_02022,gob_tbl_01628,dlk_tbl_01171,gob_ext_00536,dlk_ext_00236,dlk_ext_00378,dlk_ext_00122
gob_proceso_0470;4;dlk_tbl_03305,dlk_tbl_00204,dlk_tbl_00915,dlk_tbl_04035;6;dlk_tbl_00606,proc_tbl_03617,m4vw_tbl_03943,gob_ext_00522,dlk_ext_00590,proc_ext_00103
dlk_proceso_0471;6;gob_tbl_02519,gob_tbl_04099,dlk_tbl_04229,dlk_tbl_00805,gob_tbl_01491,dlk_tbl_00681;10;gob_tbl_02758,gob_tbl_02565,gob_tbl_01685,gob_tbl_02891,dlk_tbl_01217,std_tbl_03916,dlk_ext_00387,gob_ext_00627,dlk_ext_00037,gob_ext_00584
dlk_proceso_0472;6;dash_tbl_01583,proc_tbl_02678,dlk_tbl_00326,gob_tbl_03422,gob_tbl_01877,gob_tbl_01871;6;dlk_tbl_00077,dash_tbl_02325,gob_tbl_03260,proc_ext_00414,proc_ext_00463,dlk_ext_00578
proc_proceso_0473;2;gob_tbl_02698,dlk_tbl_03545;20;gob_tbl_01751,proc_tbl_01125,gob_tbl_03207,dlk_tbl_02663,dlk_tbl_01963,dlk_tbl_02788,gob_tbl_02367,gob_tbl_01173,m4vw_tbl_03745,dlk_tbl_00503,dash_tbl_00935,dlk_tbl_01387,gob_ext_00609,gob_ext_00449,dlk_ext_00340,proc_ext_00435,m4sco_ext_00610,dash_ext_00018,gob_ext_00341,gob_ext_00022
dash_proceso_0474;5;dlk_tbl_03511,m4sco_tbl_00770,gob_tbl_02196,proc_tbl_01557,dlk_tbl_03354;13;gob_tbl_00705,gob_tbl_01964,proc_tbl_03048,gob_tbl_02058,gob_tbl_03000,dash_tbl_03455,gob_tbl_02700,dash_ext_00540,gob_ext_00209,dlk_ext_00403,dlk_ext_00052,dlk_ext_00470,dash_ext_00394
dlk_proceso_0475;5;m4vw_tbl_02194,gob_tbl_03276,gob_tbl_03480,dlk_tbl_01646,gob_tbl_01348;8;dlk_tbl_02619,dlk_tbl_03799,dlk_tbl_00000,gob_tbl_00722,m4vw_tbl_02284,dash_ext_00018,dlk_ext_00325,dlk_ext_00006
gob_proceso_0476;4;proc_tbl_02816,dlk_tbl_00380,dash_tbl_03214,dlk_tbl_02694;3;gob_tbl_01787,dash_tbl_02962,dlk_ext_00516
dlk_proceso_0477;6;gob_tbl_00261,gob_tbl_01487,dash_tbl_01626,dlk_tbl_04012,dlk_tbl_01116,gob_tbl_01188;11;gob_tbl_04213,dash_tbl_03455,proc_tbl_03897,dlk_tbl_00564,dlk_tbl_00395,gob_tbl_03307,gob_ext_00361,dlk_ext_00422,proc_ext_00555,gob_ext_00584,gob_ext_00460
dlk_proceso_0478;4;proc_tbl_00588,dlk_tbl_03163,dash_tbl_01509,gob_tbl_02743;6;gob_tbl_02973,proc_tbl_02571,gob_tbl_03570,gob_ext_00033,dlk_ext_00048,dlk_ext_00319
gob_proceso_0479;4;dlk_tbl_02355,dlk_tbl_01525,gob_tbl_02497,dlk_tbl_00852;3;dlk_tbl_00589,m4vw_tbl_01677,dlk_ext_00602
proc_proceso_0480;3;dlk_tbl_03374,gob_tbl_03216,gob_tbl_01432;12;ppn_tbl_03486,dlk_tbl_01382,dlk_tbl_04033,proc_tbl_02717,gob_tbl_00759,dash_tbl_04478,dlk_tbl_03802,gob_ext_00239,dlk_ext_00220,dlk_ext_00622,dlk_ext_00262,gob_ext_00151
dlk_proceso_0481;6;dlk_tbl_03689,dlk_tbl_00489,dlk_tbl_01673,proc_tbl_03472,dlk_tbl_04314,dlk_tbl_03603;10;proc_tbl_01797,dlk_tbl_00142,gob_tbl_03343,gob_tbl_01631,gob_tbl_01865,gob_tbl_00114,gob_ext_00625,dlk_ext_00400,dlk_ext_00281,dlk_ext_00038
dlk_proceso_0482;9;dlk_tbl_00557,dlk_tbl_02951,dlk_tbl_03146,dlk_tbl_03452,gob_tbl_01650,std_tbl_00946,dlk_tbl_02820,gob_tbl_00882,proc_tbl_00157;14;dlk_tbl_03722,gob_tbl_00299,dlk_tbl_01577,dlk_tbl_03926,dlk_tbl_02889,std_tbl_02572,dlk_tbl_01874,gob_tbl_01124,proc_ext_00435,proc_ext_00124,proc_ext_00026,dash_ext_00258,proc_ext_00506,gob_ext_00023
proc_proceso_0483;3;dlk_tbl_01708,proc_tbl_03255,gob_tbl_03292;10;gob_tbl_03949,gob_tbl_03217,gob_tbl_00717,dlk_tbl_02234,dlk_tbl_00783,gob_tbl_00401,m4vw_ext_00359,std_ext_00232,dlk_ext_00025,gob_ext_00100
proc_proceso_0484;2;gob_tbl_04186,dlk_tbl_01461;8;dash_tbl_00746,gob_tbl_00719,dlk_tbl_02279,dlk_tbl_00991,gob_tbl_02744,gob_ext_00194,dlk_ext_00318,gob_ext_00091
gob_proceso_0485;2;gob_tbl_01247,gob_tbl_00093;7;proc_tbl_03002,proc_tbl_00172,dlk_tbl_03558,dlk_tbl_03917,m4sco_ext_00542,dash_ext_00456,gob_ext_00261
dlk_proceso_0486;5;gob_tbl_04148,dlk_tbl_01426,dlk_tbl_01291,dash_tbl_03990,gob_tbl_00403;9;m4vw_tbl_01895,proc_tbl_04400,dash_tbl_03583,gob_tbl_01012,dlk_tbl_00595,gob_ext_00022,std_ext_00057,gob_ext_00329,gob_ext_00222
dlk_proceso_0487;4;proc_tbl_03014,gob_tbl_00483,gob_tbl_00887,dlk_tbl_04420;6;dlk_tbl_01874,dlk_tbl_00608,dlk_tbl_01496,gob_ext_00254,dlk_ext_00304,proc_ext_00589
gob_proceso_0488;6;dash_tbl_03604,gob_tbl_04073,gob_tbl_03049,dlk_tbl_03979,dlk_tbl_03830,gob_tbl_00247;5;dlk_tbl_04390,dash_tbl_01961,proc_tbl_00640,gob_ext_00615,gob_ext_00029
dash_proceso_0489;4;dlk_tbl_00916,dlk_tbl_00994,gob_tbl_04291,dlk_tbl_00221;13;gob_tbl_04178,dlk_tbl_00925,proc_tbl_03592,dash_tbl_00746,gob_tbl_02769,m4vw_tbl_01700,proc_tbl_02571,gob_ext_00450,proc_ext_00468,proc_ext_00414,proc_ext_00242,proc_ext_00461,dlk_ext_00174
proc_proceso_0490;8;dlk_tbl_02137,dlk_tbl_03459,proc_tbl_01048,dlk_tbl_02942,dlk_tbl_02363,dash_tbl_00184,gob_tbl_01520,proc_tbl_00038;23;dlk_tbl_01269,std_tbl_00629,dlk_tbl_00782,std_tbl_03294,dlk_tbl_03063,dlk_tbl_03357,gob_tbl_01204,gob_tbl_04323,dlk_tbl_03490,gob_tbl_01349,dlk_tbl_03256,dlk_tbl_03830,dlk_tbl_01149,dlk_ext_00634,gob_ext_00313,gob_ext_00110,dash_ext_00514,gob_ext_00139,proc_ext_00487,dlk_ext_00539,gob_ext_00187,gob_ext_00222,dash_ext_00425
proc_proceso_0491;5;dlk_tbl_00150,dlk_tbl_01384,m4sco_tbl_02857,dlk_tbl_04441,gob_tbl_03535;19;m4vw_tbl_01895,proc_tbl_00588,dash_tbl_04096,gob_tbl_02853,dash_tbl_02487,gob_tbl_01394,dash_tbl_04218,dlk_tbl_03511,gob_tbl_01407,dlk_tbl_03201,dlk_tbl_04330,gob_ext_00106,gob_ext_00147,proc_ext_00047,dlk_ext_00009,dlk_ext_00113,proc_ext_00171,gob_ext_00107,gob_ext_00331
gob_proceso_0492;2;proc_tbl_02016,dlk_tbl_03345;12;dlk_tbl_01412,gob_tbl_03191,dlk_tbl_02037,dlk_tbl_01099,proc_tbl_03868,dlk_tbl_01979,proc_tbl_02875,gob_ext_00003,proc_ext_00427,gob_ext_00259,dlk_ext_00152,gob_ext_00465
gob_proceso_0493;5;gob_tbl_00368,gob_tbl_02410,proc_tbl_00828,proc_tbl_03546,gob_tbl_02423;17;gob_tbl_04298,dlk_tbl_02049,ppn_tbl_01551,dlk_tbl_00997,gob_tbl_03925,proc_tbl_00217,proc_tbl_02723,gob_tbl_03991,dash_tbl_02209,m4vw_tbl_01677,gob_ext_00522,gob_ext_00110,dlk_ext_00472,proc_ext_00411,std_ext_00606,gob_ext_00458,dlk_ext_00195
dlk_proceso_0494;5;dash_tbl_01261,gob_tbl_00448,gob_tbl_04404,proc_tbl_01480,dlk_tbl_02202;5;gob_tbl_01349,dlk_tbl_01550,gob_tbl_03515,gob_ext_00545,gob_ext_00609
dlk_proceso_0495;4;dash_tbl_00579,gob_tbl_02622,gob_tbl_03056,gob_tbl_02969;4;gob_tbl_02452,gob_tbl_02657,dlk_ext_00516,dlk_ext_00488
proc_proceso_0496;4;dash_tbl_01334,ppn_tbl_00813,gob_tbl_03758,gob_tbl_02860;10;proc_tbl_01145,gob_tbl_02769,dlk_tbl_03352,gob_tbl_04205,gob_tbl_00133,gob_tbl_03275,proc_ext_00506,dlk_ext_00174,proc_ext_00487,proc_ext_00047
dlk_proceso_0497;5;dash_tbl_00699,dlk_tbl_04013,gob_tbl_03074,gob_tbl_01110,gob_tbl_02365;7;std_tbl_00067,gob_tbl_02690,dlk_tbl_03668,gob_tbl_04142,dlk_ext_00092,dlk_ext_00257,proc_ext_00171
dlk_proceso_0498;5;dash_tbl_03622,dlk_tbl_03285,dlk_tbl_02019,gob_tbl_03383,gob_tbl_04310;7;proc_tbl_02909,gob_tbl_04376,proc_tbl_03873,dlk_tbl_03368,dlk_ext_00400,dlk_ext_00017,dlk_ext_00319
proc_proceso_0499;3;dlk_tbl_01710,dlk_tbl_01962,dlk_tbl_04061;9;dash_tbl_00422,gob_tbl_03848,proc_tbl_02635,proc_tbl_02217,dlk_tbl_02305,std_ext_00232,proc_ext_00506,gob_ext_00619,dlk_ext_00053
dlk_proceso_0500;3;dlk_tbl_00469,dlk_tbl_04381,gob_tbl_02301;15;gob_tbl_01722,proc_tbl_03005,gob_tbl_03678,gob_tbl_00818,dlk_tbl_00860,gob_tbl_02396,dlk_tbl_02244,dlk_tbl_00260,dlk_tbl_00994,dlk_ext_00129,proc_ext_00119,gob_ext_00260,dlk_ext_00436,gob_ext_00413,gob_ext_00187
proc_proceso_0501;3;dash_tbl_01776,dlk_tbl_03205,dlk_tbl_02062;12;gob_tbl_03026,dlk_tbl_02474,gob_tbl_03691,dlk_tbl_02968,dlk_tbl_03644,proc_tbl_04283,std_tbl_00855,gob_ext_00371,gob_ext_00629,dash_ext_00240,dash_ext_00312,dlk_ext_00509
gob_proceso_0502;3;gob_tbl_03221,dlk_tbl_04174,proc_tbl_03750;9;gob_tbl_00975,proc_tbl_01200,dlk_tbl_00636,dlk_tbl_03641,ppn_tbl_04153,proc_ext_00427,gob_ext_00182,dlk_ext_00340,gob_ext_00615
gob_proceso_0503;4;dlk_tbl_00393,gob_tbl_01391,dash_tbl_03283,dlk_tbl_00897;10;gob_tbl_02116,gob_tbl_01868,dlk_tbl_03954,dlk_tbl_04195,proc_tbl_03525,dlk_tbl_03586,gob_ext_00191,gob_ext_00417,gob_ext_00369,gob_ext_00209
dlk_proceso_0504;3;gob_tbl_00098,gob_tbl_02856,gob_tbl_01729;13;dash_tbl_02059,gob_tbl_02025,dlk_tbl_00660,dlk_tbl_01819,gob_tbl_00407,proc_tbl_03898,dlk_tbl_03666,dlk_ext_00281,proc_ext_00010,dlk_ext_00251,dlk_ext_00017,dlk_ext_00064,m4sco_ext_00529
dlk_proceso_0505;2;dlk_tbl_00959,dlk_tbl_04135;8;dlk_tbl_02991,std_tbl_00773,dlk_tbl_00841,gob_tbl_02849,dash_tbl_03214,proc_ext_00401,dlk_ext_00180,dash_ext_00018
dlk_proceso_0506;6;dlk_tbl_03881,dlk_tbl_01529,ppn_tbl_03488,dlk_tbl_01516,gob_tbl_01580,dlk_tbl_04207;13;gob_tbl_00587,std_tbl_02003,std_tbl_01828,gob_tbl_00816,dlk_tbl_02725,gob_tbl_03767,gob_tbl_01526,proc_ext_00435,dlk_ext_00488,dlk_ext_00006,gob_ext_00494,gob_ext_00261,proc_ext_00063
dlk_proceso_0507;6;gob_tbl_02916,dlk_tbl_03258,gob_tbl_02465,dlk_tbl_01946,gob_tbl_00624,gob_tbl_00851;15;dlk_tbl_03201,gob_tbl_00906,gob_tbl_01458,dlk_tbl_00927,std_tbl_01203,dlk_tbl_03254,gob_tbl_01698,proc_tbl_02108,proc_tbl_02257,gob_ext_00441,proc_ext_00597,dlk_ext_00344,gob_ext_00607,gob_ext_00520,dlk_ext_00262
gob_proceso_0508;8;gob_tbl_00345,dlk_tbl_04005,dlk_tbl_01913,gob_tbl_01029,gob_tbl_03648,dlk_tbl_00009,gob_tbl_03087,dlk_tbl_03867;9;dlk_tbl_01980,dlk_tbl_02434,dlk_tbl_01651,std_tbl_02003,dlk_tbl_02991,gob_ext_00370,gob_ext_00613,dlk_ext_00503,dash_ext_00205
dlk_proceso_0509;4;dlk_tbl_00130,proc_tbl_02228,gob_tbl_02238,gob_tbl_00094;4;dash_tbl_03167,dash_tbl_04150,dlk_ext_00053,gob_ext_00465
dlk_proceso_0510;5;dlk_tbl_02275,proc_tbl_03095,dlk_tbl_00683,gob_tbl_00952,dlk_tbl_00879;4;dlk_tbl_03219,gob_tbl_00700,dlk_ext_00071,gob_ext_00524
proc_proceso_0511;6;gob_tbl_01394,std_tbl_03166,gob_tbl_02278,proc_tbl_02052,dlk_tbl_03804,std_tbl_02666;12;dash_tbl_02751,gob_tbl_03445,dlk_tbl_00571,gob_tbl_04364,gob_tbl_01936,dlk_tbl_03901,dlk_tbl_01423,gob_ext_00530,gob_ext_00089,dlk_ext_00262,gob_ext_00313,dlk_ext_00048
dlk_proceso_0512;6;dash_tbl_01890,dash_tbl_01768,gob_tbl_00889,gob_tbl_01521,dlk_tbl_01033,gob_tbl_02511;16;dlk_tbl_03853,dash_tbl_00792,gob_tbl_02721,gob_tbl_02329,std_tbl_03144,gob_tbl_00908,proc_tbl_04492,proc_tbl_02172,proc_tbl_04264,dash_ext_00240,dlk_ext_00515,dlk_ext_00397,dlk_ext_00062,std_ext_00057,gob_ext_00176,dlk_ext_00161
proc_proceso_0513;5;dlk_tbl_04313,proc_tbl_02539,dlk_tbl_02736,proc_tbl_03360,gob_tbl_01789;8;dlk_tbl_04005,gob_tbl_02542,proc_tbl_02554,gob_tbl_02297,proc_tbl_00507,gob_ext_00199,dlk_ext_00585,gob_ext_00191
gob_proceso_0514;3;proc_tbl_03086,dlk_tbl_03206,std_tbl_01300;10;gob_tbl_01713,gob_tbl_00799,dlk_tbl_00683,std_tbl_03075,proc_tbl_00963,gob_tbl_01227,proc_ext_00327,dlk_ext_00515,proc_ext_00461,gob_ext_00029
dlk_proceso_0515;2;gob_tbl_01373,dlk_tbl_02493;5;dlk_tbl_00843,gob_tbl_02597,gob_tbl_00332,dlk_ext_00389,gob_ext_00615
proc_proceso_0516;6;m4sco_tbl_04290,gob_tbl_00506,dlk_tbl_02842,gob_tbl_04455,gob_tbl_00543,gob_tbl_02894;5;dlk_tbl_01765,gob_tbl_03154,proc_tbl_01097,dlk_ext_00537,proc_ext_00502
gob_proceso_0517;3;m4vw_tbl_04140,gob_tbl_04062,gob_tbl_01574;14;dlk_tbl_04193,gob_tbl_00185,gob_tbl_03483,dlk_tbl_01992,dlk_tbl_04398,dlk_tbl_03674,dlk_tbl_01495,gob_tbl_03918,std_ext_00060,gob_ext_00475,dash_ext_00149,m4sco_ext_00529,dlk_ext_00422,dlk_ext_00538
gob_proceso_0518;4;proc_tbl_02974,gob_tbl_03366,dlk_tbl_00991,gob_tbl_03265;3;gob_tbl_01438,gob_tbl_02378,proc_ext_00527
dlk_proceso_0519;6;proc_tbl_04017,std_tbl_01635,gob_tbl_03736,proc_tbl_02311,dlk_tbl_03068,gob_tbl_00256;9;dlk_tbl_02825,gob_tbl_01398,dlk_tbl_01913,dash_tbl_01600,dlk_tbl_01720,proc_ext_00636,gob_ext_00379,gob_ext_00296,gob_ext_00361
dlk_proceso_0520;3;gob_tbl_01310,proc_tbl_02517,gob_tbl_03467;9;gob_tbl_02334,gob_tbl_03576,gob_tbl_01304,gob_tbl_04213,dlk_tbl_04061,dlk_ext_00561,proc_ext_00327,proc_ext_00597,m4vw_ext_00056
dlk_proceso_0521;4;gob_tbl_04411,proc_tbl_01372,proc_tbl_01818,gob_tbl_03434;12;m4vw_tbl_03655,dash_tbl_03647,gob_tbl_01204,dlk_tbl_04109,dash_tbl_01057,dlk_tbl_00606,dlk_tbl_03677,gob_ext_00465,dlk_ext_00002,dlk_ext_00382,dlk_ext_00538,gob_ext_00451
gob_proceso_0522;7;dash_tbl_03968,m4sco_tbl_00164,std_tbl_03392,proc_tbl_02386,proc_tbl_02085,gob_tbl_00310,proc_tbl_02287;6;dlk_tbl_03834,proc_tbl_03710,dlk_tbl_03695,proc_ext_00508,dlk_ext_00348,dash_ext_00456
dlk_proceso_0523;2;gob_tbl_01691,gob_tbl_00175;7;dlk_tbl_03131,dlk_tbl_02811,gob_tbl_00759,gob_tbl_03570,dlk_ext_00257,m4vw_ext_00056,gob_ext_00246
dlk_proceso_0524;3;dlk_tbl_04245,gob_tbl_03479,dlk_tbl_02050;4;proc_tbl_01374,gob_tbl_00639,dlk_ext_00087,gob_ext_00413
dlk_proceso_0525;5;gob_tbl_04434,dlk_tbl_02840,gob_tbl_03630,dlk_tbl_04127,gob_tbl_01119;8;dlk_tbl_01786,proc_tbl_00248,proc_tbl_02902,proc_tbl_01797,proc_tbl_03898,proc_ext_00298,std_ext_00587,proc_ext_00468
proc_proceso_0526;7;dash_tbl_01870,gob_tbl_02263,gob_tbl_01089,dash_tbl_03110,dash_tbl_03928,dlk_tbl_01901,dlk_tbl_01055;9;gob_tbl_01204,dlk_tbl_02049,gob_tbl_01391,proc_tbl_00069,dlk_tbl_00596,gob_ext_00369,gob_ext_00107,dlk_ext_00270,gob_ext_00013
proc_proceso_0527;3;gob_tbl_03960,proc_tbl_00360,dlk_tbl_04119;9;dlk_tbl_03620,dlk_tbl_04451,dlk_tbl_03302,proc_tbl_02048,dlk_tbl_00778,gob_ext_00022,dlk_ext_00564,dlk_ext_00251,gob_ext_00524
proc_proceso_0528;6;dlk_tbl_04106,dlk_tbl_03977,gob_tbl_03363,dlk_tbl_01887,dlk_tbl_00396,proc_tbl_00432;4;gob_tbl_03670,dash_tbl_02385,dlk_ext_00174,proc_ext_00508
dlk_proceso_0529;6;gob_tbl_00598,dlk_tbl_03187,std_tbl_01435,dlk_tbl_00409,dlk_tbl_02254,dlk_tbl_03495;10;std_tbl_03916,dlk_tbl_02356,gob_tbl_03725,gob_tbl_03506,gob_tbl_02622,dlk_tbl_02653,dash_ext_00631,gob_ext_00548,proc_ext_00636,dlk_ext_00503
dlk_proceso_0530;2;gob_tbl_03519,gob_tbl_01713;12;gob_tbl_02470,gob_tbl_01729,proc_tbl_01866,proc_tbl_02881,dlk_tbl_01362,m4sco_tbl_03755,dlk_tbl_01783,gob_ext_00007,gob_ext_00417,dlk_ext_00410,dlk_ext_00251,std_ext_00295
proc_proceso_0531;4;dash_tbl_04070,gob_tbl_03179,proc_tbl_02683,proc_tbl_04326;7;gob_tbl_04205,gob_tbl_03753,m4vw_tbl_02284,std_tbl_03392,dlk_ext_00515,dlk_ext_00221,dlk_ext_00407
dlk_proceso_0532;4;gob_tbl_02219,m4sco_tbl_01763,proc_tbl_03989,dlk_tbl_00917;12;dlk_tbl_04424,gob_tbl_02078,dlk_tbl_04361,proc_tbl_04275,gob_tbl_03687,gob_tbl_01215,dlk_tbl_04305,dash_ext_00018,gob_ext_00164,gob_ext_00619,gob_ext_00189,dlk_ext_00484
proc_proceso_0533;3;m4vw_tbl_01004,dlk_tbl_04359,dlk_tbl_01118;13;std_tbl_04462,gob_tbl_01204,dlk_tbl_00936,ppn_tbl_00794,proc_tbl_03778,dlk_tbl_00124,std_tbl_01541,gob_ext_00449,dlk_ext_00300,dlk_ext_00470,dlk_ext_00509,dlk_ext_00503,proc_ext_00010
gob_proceso_0534;6;dlk_tbl_02303,dlk_tbl_01893,dlk_tbl_02663,gob_tbl_01270,dlk_tbl_03628,gob_tbl_00215;4;dlk_tbl_01992,dlk_tbl_01362,proc_ext_00102,gob_ext_00592
dash_proceso_0535;4;gob_tbl_04036,dash_tbl_00346,gob_tbl_00906,dlk_tbl_03510;7;gob_tbl_00887,std_tbl_01133,dlk_tbl_03614,dlk_tbl_03277,gob_ext_00491,dash_ext_00008,gob_ext_00552
dlk_proceso_0536;4;proc_tbl_01366,gob_tbl_02139,proc_tbl_02247,gob_tbl_03289;6;gob_tbl_02912,gob_tbl_01316,gob_tbl_00638,gob_ext_00147,gob_ext_00126,dlk_ext_00469
gob_proceso_0537;6;gob_tbl_03789,dlk_tbl_02065,proc_tbl_01736,dash_tbl_02233,dlk_tbl_02230,gob_tbl_01035;15;dlk_tbl_03116,dlk_tbl_03692,gob_tbl_03344,proc_tbl_04250,dash_tbl_00554,gob_tbl_00520,std_tbl_02488,dlk_tbl_00658,gob_tbl_00334,gob_ext_00450,dlk_ext_00118,dlk_ext_00291,dlk_ext_00113,std_ext_00044,gob_ext_00265
dlk_proceso_0538;2;gob_tbl_03174,gob_tbl_02250;13;gob_tbl_00718,proc_tbl_02108,gob_tbl_02542,proc_tbl_00725,gob_tbl_02768,proc_tbl_02940,gob_tbl_03850,proc_ext_00211,dlk_ext_00304,proc_ext_00435,dash_ext_00492,proc_ext_00010,dash_ext_00442
dash_proceso_0539;4;dlk_tbl_02615,dlk_tbl_01562,proc_tbl_04169,gob_tbl_02713;7;dlk_tbl_00872,dlk_tbl_01708,dash_tbl_02958,gob_tbl_03470,m4sco_ext_00610,dlk_ext_00390,gob_ext_00601
dlk_proceso_0540;4;gob_tbl_02299,gob_tbl_01323,proc_tbl_00599,gob_tbl_02377;7;dash_tbl_02795,gob_tbl_00080,proc_tbl_02903,dash_tbl_01721,gob_ext_00049,dlk_ext_00108,proc_ext_00102
dlk_proceso_0541;6;proc_tbl_04040,gob_tbl_01032,dash_tbl_02371,gob_tbl_00774,dlk_tbl_04465,gob_tbl_04230;6;gob_tbl_03031,dlk_tbl_02788,m4sco_tbl_03636,proc_ext_00192,dlk_ext_00503,dash_ext_00149
dlk_proceso_0542;3;gob_tbl_00639,proc_tbl_04154,gob_tbl_03988;11;gob_tbl_01800,proc_tbl_01146,dlk_tbl_03225,dlk_tbl_01922,dlk_tbl_01401,dlk_tbl_00872,std_ext_00587,gob_ext_00271,proc_ext_00408,std_ext_00295,dlk_ext_00561
proc_proceso_0543;5;dash_tbl_01927,gob_tbl_00058,gob_tbl_00501,dlk_tbl_02791,dlk_tbl_04388;14;proc_tbl_01653,gob_tbl_00560,gob_tbl_01723,dlk_tbl_00661,gob_tbl_03387,gob_tbl_04436,proc_tbl_00482,gob_tbl_01131,gob_ext_00486,gob_ext_00183,std_ext_00606,dash_ext_00456,dlk_ext_00438,gob_ext_00351
gob_proceso_0544;8;dlk_tbl_02971,dlk_tbl_01542,dlk_tbl_03835,gob_tbl_04279,dash_tbl_02742,gob_tbl_01964,gob_tbl_03103,dlk_tbl_03818;9;proc_tbl_02562,gob_tbl_00534,proc_tbl_00692,gob_tbl_02490,gob_tbl_03649,dash_ext_00214,proc_ext_00468,proc_ext_00487,gob_ext_00567
gob_proceso_0545;6;gob_tbl_04457,gob_tbl_00295,m4vw_tbl_03655,gob_tbl_01289,gob_tbl_01835,dlk_tbl_00663;8;gob_tbl_02256,gob_tbl_00816,proc_tbl_02146,dash_tbl_00280,dlk_tbl_04195,gob_ext_00536,m4sco_ext_00529,proc_ext_00391
proc_proceso_0546;7;proc_tbl_02203,dlk_tbl_02832,gob_tbl_01572,proc_tbl_04009,gob_tbl_03191,gob_tbl_04226,dlk_tbl_02584;4;dlk_tbl_00496,gob_tbl_03569,proc_ext_00636,dlk_ext_00593
gob_proceso_0547;6;dash_tbl_02082,dlk_tbl_03754,dlk_tbl_03296,gob_tbl_00117,dlk_tbl_00289,dlk_tbl_00158;13;dlk_tbl_01542,gob_tbl_04213,dash_tbl_02118,gob_tbl_03796,dlk_tbl_03791,m4vw_tbl_01674,gob_tbl_03591,gob_ext_00409,dash_ext_00394,proc_ext_00010,dlk_ext_00290,proc_ext_00235,proc_ext_00207
dlk_proceso_0548;5;gob_tbl_03364,dlk_tbl_03586,dlk_tbl_00809,dlk_tbl_04431,m4vw_tbl_01092;5;gob_tbl_04094,proc_tbl_03868,gob_tbl_02521,std_ext_00587,proc_ext_00103
dlk_proceso_0549;5;gob_tbl_01510,dlk_tbl_01550,dlk_tbl_00943,proc_tbl_02409,dash_tbl_02962;8;gob_tbl_02465,gob_tbl_02667,dlk_tbl_01594,dlk_tbl_03384,gob_tbl_01506,dlk_ext_00432,gob_ext_00252,gob_ext_00412
gob_proceso_0550;8;std_tbl_01828,gob_tbl_01970,dlk_tbl_01484,gob_tbl_02673,gob_tbl_02201,dash_tbl_02522,gob_tbl_01891,dlk_tbl_03558;7;dash_tbl_03671,dlk_tbl_04344,gob_tbl_01337,dlk_tbl_00971,dlk_ext_00002,dlk_ext_00006,m4sco_ext_00610
proc_proceso_0551;3;dash_tbl_03208,proc_tbl_02600,dlk_tbl_00503;9;dlk_tbl_04254,gob_tbl_02440,m4sco_tbl_00049,gob_tbl_00966,gob_tbl_02373,dlk_ext_00115,dlk_ext_00054,proc_ext_00140,dash_ext_00354
dlk_proceso_0552;4;std_tbl_00237,gob_tbl_04464,gob_tbl_03556,proc_tbl_00544;6;gob_tbl_02109,dlk_tbl_02811,dlk_tbl_00910,gob_ext_00153,gob_ext_00105,dlk_ext_00006
gob_proceso_0553;4;proc_tbl_02635,dlk_tbl_02080,dlk_tbl_01418,dlk_tbl_01973;11;dlk_tbl_00204,proc_tbl_02616,proc_tbl_00670,proc_tbl_04181,gob_tbl_00335,dlk_tbl_00488,proc_ext_00401,proc_ext_00292,dlk_ext_00344,dlk_ext_00438,gob_ext_00126
proc_proceso_0554;3;dlk_tbl_02788,gob_tbl_03119,gob_tbl_01860;8;gob_tbl_00516,dlk_tbl_02729,dlk_tbl_03568,dlk_tbl_00910,dlk_tbl_01285,dlk_ext_00634,dlk_ext_00099,gob_ext_00409
dlk_proceso_0555;3;dlk_tbl_00352,dlk_tbl_03640,dlk_tbl_00571;5;gob_tbl_01663,gob_tbl_01559,proc_tbl_01613,std_ext_00618,dash_ext_00595
proc_proceso_0556;7;proc_tbl_03947,dlk_tbl_00505,gob_tbl_01703,dlk_tbl_00208,gob_tbl_02789,dlk_tbl_02659,dlk_tbl_02424;15;m4vw_tbl_03101,dlk_tbl_03369,dlk_tbl_04456,dlk_tbl_00668,gob_tbl_01246,dlk_tbl_01979,gob_tbl_01725,dlk_tbl_02165,proc_tbl_00934,dash_ext_00196,proc_ext_00121,m4vw_ext_00359,proc_ext_00573,gob_ext_00402,gob_ext_00022
proc_proceso_0557;3;dlk_tbl_03370,proc_tbl_03933,dlk_tbl_01235;15;gob_tbl_02478,dlk_tbl_00386,gob_tbl_02657,dlk_tbl_01073,m4sco_tbl_04069,dlk_tbl_00168,gob_tbl_04457,gob_tbl_01611,gob_tbl_04376,dlk_ext_00549,gob_ext_00279,proc_ext_00242,gob_ext_00491,gob_ext_00465,gob_ext_00372
dlk_proceso_0558;5;std_tbl_03220,proc_tbl_01447,gob_tbl_01341,gob_tbl_03248,m4sco_tbl_01993;11;gob_tbl_00501,dlk_tbl_03821,gob_tbl_04062,gob_tbl_01257,dash_tbl_02800,dlk_tbl_02772,gob_ext_00608,dlk_ext_00134,dlk_ext_00344,dlk_ext_00505,dlk_ext_00228
proc_proceso_0559;7;gob_tbl_00139,gob_tbl_03082,dlk_tbl_04006,proc_tbl_02213,dlk_tbl_04075,gob_tbl_02383,dlk_tbl_01606;4;gob_tbl_02981,gob_tbl_01287,gob_ext_00153,dash_ext_00442
dlk_proceso_0560;2;dlk_tbl_00079,dash_tbl_03505;5;gob_tbl_00974,gob_tbl_01131,dlk_tbl_03739,dlk_ext_00434,dlk_ext_00308
dlk_proceso_0561;5;dash_tbl_00518,gob_tbl_00816,proc_tbl_04295,dash_tbl_03583,dlk_tbl_01111;7;gob_tbl_02160,dash_tbl_00653,dlk_tbl_04101,proc_tbl_01125,proc_ext_00339,dlk_ext_00388,gob_ext_00275
dlk_proceso_0562;7;proc_tbl_02568,dlk_tbl_01593,gob_tbl_01163,dash_tbl_04150,gob_tbl_01399,proc_tbl_01075,m4sco_tbl_01390;11;dlk_tbl_02140,std_tbl_02419,dlk_tbl_01819,gob_tbl_04405,dash_tbl_00967,dlk_tbl_04118,gob_ext_00530,dlk_ext_00459,gob_ext_00164,dlk_ext_00006,dash_ext_00039
proc_proceso_0563;6;dlk_tbl_04020,proc_tbl_00300,proc_tbl_02782,gob_tbl_02495,proc_tbl_03539,dlk_tbl_00703;6;ppn_tbl_04469,gob_tbl_02323,proc_tbl_02054,dlk_ext_00469,dlk_ext_00388,m4sco_ext_00529
gob_proceso_0564;4;gob_tbl_03768,dash_tbl_01396,dlk_tbl_03133,gob_tbl_04161;11;dlk_tbl_00201,dlk_tbl_01634,dash_tbl_04016,gob_tbl_02025,dlk_tbl_03501,dlk_tbl_01140,dlk_ext_00294,dlk_ext_00238,std_ext_00512,dlk_ext_00006,gob_ext_00182
dlk_proceso_0565;9;dlk_tbl_03950,dash_tbl_00728,gob_tbl_00375,dlk_tbl_02869,gob_tbl_01967,proc_tbl_02134,dlk_tbl_02343,dash_tbl_04242,gob_tbl_03195;14;dlk_tbl_02370,dlk_tbl_03511,gob_tbl_00940,dash_tbl_02387,gob_tbl_03476,dlk_tbl_00769,proc_tbl_00272,dlk_tbl_00328,gob_ext_00497,proc_ext_00157,gob_ext_00552,dlk_ext_00340,dlk_ext_00579,std_ext_00057
dlk_proceso_0566;6;gob_tbl_01369,gob_tbl_02304,proc_tbl_00438,dlk_tbl_01273,proc_tbl_02837,dash_tbl_00739;6;m4vw_tbl_00282,dlk_tbl_01684,dlk_tbl_03349,dlk_ext_00377,std_ext_00618,std_ext_00295
gob_proceso_0567;5;gob_tbl_04157,gob_tbl_00807,gob_tbl_03782,dlk_tbl_01687,dash_tbl_02601;8;proc_tbl_04477,gob_tbl_01647,gob_tbl_01222,dlk_tbl_00998,dlk_tbl_00319,dash_ext_00203,gob_ext_00035,proc_ext_00555
gob_proceso_0568;8;gob_tbl_00189,gob_tbl_00939,dlk_tbl_00230,gob_tbl_03290,dlk_tbl_01565,proc_tbl_00069,std_tbl_00067,gob_tbl_00669;24;gob_tbl_03929,dlk_tbl_01591,proc_tbl_00402,proc_tbl_00692,proc_tbl_04219,dlk_tbl_03657,dlk_tbl_00381,gob_tbl_02519,gob_tbl_00575,gob_tbl_01339,proc_tbl_01299,dlk_tbl_02254,proc_tbl_02389,dash_tbl_00933,proc_ext_00263,dlk_ext_00303,dlk_ext_00428,gob_ext_00609,gob_ext_00366,gob_ext_00200,dlk_ext_00571,gob_ext_00613,dlk_ext_00318,gob_ext_00393
dlk_proceso_0569;5;dlk_tbl_00319,dlk_tbl_03126,dash_tbl_02471,dlk_tbl_00601,proc_tbl_03508;15;dlk_tbl_00998,dlk_tbl_01496,dlk_tbl_01446,dlk_tbl_00073,proc_tbl_04474,gob_tbl_00468,dlk_tbl_02966,dlk_tbl_03816,proc_tbl_03143,dlk_ext_00390,gob_ext_00334,gob_ext_00086,proc_ext_00336,dash_ext_00633,proc_ext_00502
dlk_proceso_0570;7;proc_tbl_02668,dlk_tbl_00460,dlk_tbl_00769,gob_tbl_00088,proc_tbl_03531,gob_tbl_02891,dlk_tbl_01793;15;dlk_tbl_02100,gob_tbl_02462,proc_tbl_04492,dlk_tbl_02223,gob_tbl_00133,dlk_tbl_01765,proc_tbl_02580,dash_tbl_00184,m4sco_tbl_04290,proc_ext_00225,dlk_ext_00113,gob_ext_00023,gob_ext_00334,gob_ext_00212,dlk_ext_00564
dlk_proceso_0571;6;dlk_tbl_03389,dlk_tbl_00538,proc_tbl_00519,proc_tbl_03241,proc_tbl_00383,dlk_tbl_02919;13;gob_tbl_02437,gob_tbl_00647,std_tbl_02444,dlk_tbl_00046,std_tbl_02066,dash_tbl_01870,gob_tbl_01432,dlk_ext_00561,gob_ext_00273,dlk_ext_00323,dlk_ext_00537,gob_ext_00609,dlk_ext_00505
gob_proceso_0572;2;gob_tbl_02088,dlk_tbl_01259;15;gob_tbl_03808,dash_tbl_01958,proc_tbl_04301,dlk_tbl_01642,dlk_tbl_01562,dlk_tbl_00608,dash_tbl_00532,dlk_tbl_02343,gob_tbl_01862,dlk_ext_00340,dlk_ext_00226,gob_ext_00460,gob_ext_00629,dlk_ext_00515,dlk_ext_00137
gob_proceso_0573;8;dash_tbl_03064,dlk_tbl_02836,gob_tbl_00633,dlk_tbl_01627,dlk_tbl_03131,gob_tbl_03940,proc_tbl_03375,dlk_tbl_03641;10;dash_tbl_00746,gob_tbl_03770,gob_tbl_03725,dlk_tbl_00646,std_tbl_03144,dlk_tbl_03629,m4sco_ext_00610,dlk_ext_00585,dash_ext_00008,std_ext_00237
dlk_proceso_0574;5;dash_tbl_02826,dlk_tbl_03787,dash_tbl_03698,gob_tbl_03317,dlk_tbl_04092;4;gob_tbl_03725,dlk_tbl_04424,gob_ext_00474,dlk_ext_00228
dash_proceso_0575;5;std_tbl_01074,gob_tbl_00343,dlk_tbl_01086,dash_tbl_03442,dlk_tbl_02425;9;gob_tbl_03011,gob_tbl_00857,gob_tbl_02715,gob_tbl_00566,dlk_tbl_02852,gob_ext_00029,dlk_ext_00557,gob_ext_00379,gob_ext_00049
dlk_proceso_0576;5;std_tbl_01499,dlk_tbl_02451,gob_tbl_00384,dash_tbl_01598,proc_tbl_01640;9;gob_tbl_01314,dlk_tbl_04344,dlk_tbl_03932,dlk_tbl_01459,gob_tbl_03937,dash_ext_00514,gob_ext_00049,dash_ext_00312,gob_ext_00091
dlk_proceso_0577;5;proc_tbl_02668,dlk_tbl_03460,dlk_tbl_00895,gob_tbl_04228,dlk_tbl_01141;16;gob_tbl_03003,dlk_tbl_00658,proc_tbl_01148,gob_tbl_04335,dlk_tbl_03060,proc_tbl_01146,dlk_tbl_02141,dlk_tbl_02223,std_tbl_03294,dlk_ext_00270,proc_ext_00218,gob_ext_00475,gob_ext_00029,dlk_ext_00365,gob_ext_00519,std_ext_00587
proc_proceso_0578;6;dlk_tbl_01496,dlk_tbl_03150,dlk_tbl_03985,proc_tbl_00684,dlk_tbl_01689,gob_tbl_00908;16;gob_tbl_00907,gob_tbl_00932,gob_tbl_03725,proc_tbl_01307,proc_tbl_01376,gob_tbl_01698,proc_tbl_01317,dlk_tbl_03732,dlk_tbl_00606,dash_ext_00018,proc_ext_00535,gob_ext_00029,proc_ext_00401,dash_ext_00631,dlk_ext_00440,dlk_ext_00294
dlk_proceso_0579;5;std_tbl_03916,gob_tbl_01711,dlk_tbl_01755,dlk_tbl_03901,dlk_tbl_03244;13;proc_tbl_02633,proc_tbl_03319,dlk_tbl_00152,dlk_tbl_04053,proc_tbl_01661,dlk_tbl_00805,gob_tbl_02956,dlk_ext_00229,std_ext_00587,gob_ext_00481,gob_ext_00479,gob_ext_00615,proc_ext_00047
gob_proceso_0580;5;dlk_tbl_02762,proc_tbl_01693,dlk_tbl_01786,gob_tbl_02544,dash_tbl_00378;10;dash_tbl_00422,gob_tbl_00231,dlk_tbl_00182,gob_tbl_02675,dlk_tbl_00297,gob_tbl_00506,proc_ext_00506,dlk_ext_00472,gob_ext_00035,m4sco_ext_00623
dash_proceso_0581;4;gob_tbl_00018,gob_tbl_03935,dlk_tbl_00740,gob_tbl_02342;8;dash_tbl_00229,gob_tbl_00155,gob_tbl_00818,dlk_tbl_03412,dlk_tbl_02770,dash_ext_00299,gob_ext_00491,gob_ext_00321
proc_proceso_0582;4;m4sco_tbl_03755,gob_tbl_04198,dlk_tbl_03020,gob_tbl_01716;9;dlk_tbl_02474,proc_tbl_01784,dlk_tbl_04304,proc_tbl_02816,proc_tbl_02412,proc_ext_00435,dlk_ext_00118,proc_ext_00171,dlk_ext_00195
gob_proceso_0583;5;dlk_tbl_01892,dash_tbl_01907,dlk_tbl_03197,gob_tbl_04371,gob_tbl_01934;12;dlk_tbl_04141,gob_tbl_00939,dlk_tbl_00470,proc_tbl_03872,std_tbl_02431,gob_tbl_04094,dlk_tbl_03490,dlk_ext_00142,gob_ext_00029,dlk_ext_00340,dlk_ext_00025,proc_ext_00266
proc_proceso_0584;4;dlk_tbl_00142,dlk_tbl_00451,std_tbl_04027,dlk_tbl_00298;7;gob_tbl_03103,gob_tbl_02255,dlk_tbl_02623,gob_tbl_01543,dlk_ext_00614,gob_ext_00369,dlk_ext_00469
dash_proceso_0585;6;dlk_tbl_02573,dlk_tbl_01330,dlk_tbl_02216,dlk_tbl_00936,dlk_tbl_02890,gob_tbl_01439;6;gob_tbl_00215,std_tbl_02431,gob_tbl_00751,gob_ext_00497,gob_ext_00478,gob_ext_00449
dlk_proceso_0586;2;gob_tbl_02941,dlk_tbl_01648;12;dlk_tbl_00740,proc_tbl_04356,dlk_tbl_00297,gob_tbl_03706,dash_tbl_02385,gob_tbl_02472,gob_tbl_00406,proc_ext_00124,gob_ext_00239,gob_ext_00329,dlk_ext_00081,proc_ext_00327
dash_proceso_0587;8;dash_tbl_03320,proc_tbl_02787,dlk_tbl_01858,gob_tbl_00864,gob_tbl_04394,dlk_tbl_02165,m4vw_tbl_00485,gob_tbl_04389;19;gob_tbl_01167,dlk_tbl_01529,gob_tbl_00129,proc_tbl_01792,dlk_tbl_03927,dash_tbl_00579,dash_tbl_00526,proc_tbl_02112,gob_tbl_01239,dlk_tbl_01140,dlk_tbl_00996,gob_ext_00592,proc_ext_00401,dlk_ext_00579,dlk_ext_00353,gob_ext_00369,gob_ext_00112,dash_ext_00204,std_ext_00587
dlk_proceso_0588;6;gob_tbl_01834,dlk_tbl_03357,proc_tbl_00620,dlk_tbl_04456,dlk_tbl_04304,dash_tbl_02359;11;dlk_tbl_02037,gob_tbl_02353,dash_tbl_02813,gob_tbl_01204,proc_tbl_00110,gob_tbl_03991,dlk_ext_00099,gob_ext_00399,proc_ext_00242,m4vw_ext_00359,dlk_ext_00446
dlk_proceso_0589;8;dlk_tbl_04149,gob_tbl_01864,dlk_tbl_04085,dlk_tbl_02589,gob_tbl_02924,dlk_tbl_01591,gob_tbl_04175,gob_tbl_03848;10;proc_tbl_00035,gob_tbl_03097,gob_tbl_04363,gob_tbl_03387,gob_tbl_00985,dlk_tbl_02099,proc_ext_00336,dlk_ext_00134,gob_ext_00580,proc_ext_00327
dash_proceso_0590;3;proc_tbl_02073,dlk_tbl_00701,dlk_tbl_02055;12;gob_tbl_04446,gob_tbl_01106,gob_tbl_03217,dlk_tbl_01786,dlk_tbl_03032,std_tbl_00583,gob_tbl_02088,proc_ext_00171,dlk_ext_00340,dlk_ext_00303,dlk_ext_00306,dlk_ext_00066
gob_proceso_0591;3;gob_tbl_01705,gob_tbl_01266,gob_tbl_01011;17;gob_tbl_00162,dlk_tbl_02166,dlk_tbl_03524,std_tbl_00773,dlk_tbl_00390,gob_tbl_02949,dlk_tbl_04379,std_tbl_01637,gob_tbl_03664,std_tbl_00672,std_ext_00044,dash_ext_00059,proc_ext_00339,dlk_ext_00061,dlk_ext_00132,proc_ext_00102,dlk_ext_00034
dlk_proceso_0592;4;dash_tbl_00603,dash_tbl_02009,dlk_tbl_00264,dash_tbl_03749;6;gob_tbl_01658,dlk_tbl_00289,proc_tbl_01995,gob_ext_00250,dlk_ext_00188,dlk_ext_00052
dash_proceso_0593;2;proc_tbl_01451,dlk_tbl_01275;12;gob_tbl_00490,gob_tbl_01341,gob_tbl_00618,dlk_tbl_03395,dlk_tbl_00200,gob_tbl_03798,gob_tbl_03703,gob_ext_00100,dlk_ext_00557,gob_ext_00448,proc_ext_00381,dlk_ext_00179
gob_proceso_0594;4;ppn_tbl_01551,dlk_tbl_00918,gob_tbl_02184,gob_tbl_04089;10;dlk_tbl_03777,dlk_tbl_01400,dlk_tbl_03020,gob_tbl_00446,dlk_tbl_00843,dash_tbl_00721,dlk_ext_00264,std_ext_00512,gob_ext_00100,dlk_ext_00378
gob_proceso_0595;2;dlk_tbl_03291,dash_tbl_00317;6;gob_tbl_03771,gob_tbl_00117,dlk_tbl_03777,gob_ext_00416,dlk_ext_00224,dlk_ext_00053
dlk_proceso_0596;2;gob_tbl_00257,dlk_tbl_04031;15;gob_tbl_04334,dlk_tbl_02438,dlk_tbl_01920,dlk_tbl_03162,dlk_tbl_03349,dlk_tbl_03856,gob_tbl_03379,dlk_tbl_02459,gob_tbl_01837,gob_ext_00541,gob_ext_00582,gob_ext_00164,dlk_ext_00561,gob_ext_00023,proc_ext_00146
gob_proceso_0597;7;dlk_tbl_03185,proc_tbl_00825,gob_tbl_01644,gob_tbl_01497,gob_tbl_03602,proc_tbl_01914,dlk_tbl_01279;10;dlk_tbl_03092,gob_tbl_01437,dlk_tbl_00013,gob_tbl_04436,dlk_tbl_01831,dash_tbl_03934,dlk_ext_00174,gob_ext_00202,gob_ext_00476,proc_ext_00047
gob_proceso_0598;3;dash_tbl_03132,dash_tbl_02804,proc_tbl_02327;9;gob_tbl_03725,dlk_tbl_02887,dlk_tbl_00489,dlk_tbl_03499,gob_tbl_02642,gob_ext_00409,dlk_ext_00484,dlk_ext_00281,gob_ext_00259
gob_proceso_0599;3;proc_tbl_03108,gob_tbl_03775,std_tbl_03980;13;dlk_tbl_00778,dlk_tbl_01567,gob_tbl_00384,dlk_tbl_00146,gob_tbl_01248,m4sco_tbl_03607,dlk_tbl_01000,dlk_ext_00001,gob_ext_00007,dlk_ext_00154,dlk_ext_00396,gob_ext_00259,proc_ext_00381
dlk_proceso_0600;3;gob_tbl_00407,proc_tbl_01681,dlk_tbl_01193;11;dlk_tbl_00564,gob_tbl_02696,proc_tbl_03945,proc_tbl_01272,dlk_tbl_03197,gob_tbl_01337,proc_ext_00435,proc_ext_00457,dlk_ext_00230,gob_ext_00367,ppn_ext_00046
gob_proceso_0601;7;gob_tbl_03307,gob_tbl_00186,dlk_tbl_03432,gob_tbl_01847,dash_tbl_01057,gob_tbl_03270,m4vw_tbl_01105;9;gob_tbl_00131,gob_tbl_00173,dlk_tbl_00606,dlk_tbl_03395,dlk_tbl_01851,proc_ext_00506,gob_ext_00384,dlk_ext_00444,dlk_ext_00330
dlk_proceso_0602;4;dlk_tbl_00768,gob_tbl_00369,dlk_tbl_00766,dlk_tbl_00849;12;dlk_tbl_00292,dlk_tbl_00834,proc_tbl_03862,dlk_tbl_02523,gob_tbl_04444,gob_tbl_04142,dlk_tbl_03277,gob_ext_00277,dlk_ext_00571,gob_ext_00227,proc_ext_00157,gob_ext_00412
gob_proceso_0603;5;dash_tbl_03864,gob_tbl_04179,proc_tbl_03143,gob_tbl_00435,dlk_tbl_02340;9;gob_tbl_04455,gob_tbl_04274,gob_tbl_01840,proc_tbl_02017,dlk_tbl_00606,gob_ext_00562,std_ext_00587,proc_ext_00158,dash_ext_00201
gob_proceso_0604;4;gob_tbl_02597,proc_tbl_01653,gob_tbl_03017,proc_tbl_04293;7;gob_tbl_04439,dlk_tbl_03490,dlk_tbl_01963,dlk_tbl_04379,gob_ext_00548,dlk_ext_00177,proc_ext_00171
gob_proceso_0605;7;std_tbl_03175,dlk_tbl_00292,m4vw_tbl_00495,gob_tbl_00293,dlk_tbl_03732,dlk_tbl_04038,std_tbl_02444;9;dash_tbl_03729,gob_tbl_01834,dash_tbl_01087,dlk_tbl_01269,dash_tbl_03671,gob_ext_00252,dash_ext_00633,gob_ext_00366,dlk_ext_00281
gob_proceso_0606;2;ppn_tbl_01545,dlk_tbl_03491;15;dlk_tbl_04200,dlk_tbl_03153,dlk_tbl_01126,gob_tbl_00506,proc_tbl_01784,proc_tbl_02338,proc_tbl_01653,gob_tbl_03119,dlk_tbl_01093,dash_ext_00633,dlk_ext_00308,dlk_ext_00307,gob_ext_00548,dash_ext_00312,dlk_ext_00400
dlk_proceso_0607;4;gob_tbl_03382,gob_tbl_04491,gob_tbl_01686,dash_tbl_02094;10;gob_tbl_03433,ppn_tbl_00121,gob_tbl_03237,gob_tbl_03682,proc_tbl_00931,gob_tbl_01380,dlk_ext_00269,dlk_ext_00230,proc_ext_00391,proc_ext_00047
proc_proceso_0608;8;gob_tbl_02956,gob_tbl_00155,gob_tbl_02781,gob_tbl_00367,dash_tbl_00526,gob_tbl_02893,proc_tbl_03002,dlk_tbl_00675;19;dlk_tbl_01798,dlk_tbl_04204,dash_tbl_02487,dlk_tbl_01481,gob_tbl_03224,dlk_tbl_04388,gob_tbl_03489,std_tbl_01150,proc_tbl_00394,proc_tbl_03933,gob_tbl_04334,dlk_ext_00317,dlk_ext_00390,gob_ext_00278,proc_ext_00414,dlk_ext_00470,dlk_ext_00505,gob_ext_00334,proc_ext_00047
gob_proceso_0609;4;gob_tbl_03347,std_tbl_02319,gob_tbl_00955,gob_tbl_04142;6;dlk_tbl_00881,gob_tbl_02688,dlk_tbl_00646,dlk_ext_00590,gob_ext_00609,proc_ext_00527
dlk_proceso_0610;7;dlk_tbl_04355,dlk_tbl_01140,proc_tbl_04080,dlk_tbl_03172,gob_tbl_00417,dlk_tbl_01448,proc_tbl_01303;10;dlk_tbl_03637,proc_tbl_01792,dlk_tbl_00997,dlk_tbl_02127,dash_tbl_04299,proc_tbl_00846,dlk_ext_00005,m4sco_ext_00565,dlk_ext_00348,proc_ext_00612
gob_proceso_0611;8;gob_tbl_01012,dlk_tbl_02026,dash_tbl_03794,proc_tbl_02101,dlk_tbl_00910,gob_tbl_04334,dlk_tbl_03972,dlk_tbl_03471;24;dlk_tbl_00787,gob_tbl_03056,dlk_tbl_00356,dlk_tbl_02285,dlk_tbl_02996,gob_tbl_00219,dlk_tbl_02659,gob_tbl_04001,gob_tbl_00590,dlk_tbl_04000,dlk_tbl_00805,gob_tbl_01106,dlk_tbl_01839,dlk_tbl_02591,dlk_ext_00180,proc_ext_00427,gob_ext_00252,dlk_ext_00563,dash_ext_00204,proc_ext_00487,gob_ext_00342,dash_ext_00149,dash_ext_00160,gob_ext_00536
gob_proceso_0612;5;gob_tbl_02380,dlk_tbl_03907,dlk_tbl_00524,gob_tbl_00911,dash_tbl_01301;12;dlk_tbl_01130,dlk_tbl_03849,dlk_tbl_03456,dash_tbl_02193,proc_tbl_00035,gob_tbl_03213,gob_tbl_03056,gob_ext_00608,proc_ext_00632,gob_ext_00413,gob_ext_00313,dlk_ext_00152
dlk_proceso_0613;3;ppn_tbl_03486,proc_tbl_01749,dlk_tbl_00691;13;gob_tbl_01647,proc_tbl_02994,dlk_tbl_03963,dlk_tbl_04330,proc_tbl_00826,dash_tbl_03520,gob_tbl_04102,std_ext_00057,gob_ext_00379,dlk_ext_00170,proc_ext_00171,proc_ext_00242,proc_ext_00102
dlk_proceso_0614;4;gob_tbl_03753,gob_tbl_03085,dlk_tbl_00854,dlk_tbl_02053;10;dlk_tbl_03496,dlk_tbl_00004,gob_tbl_03213,gob_tbl_04459,proc_tbl_02943,dlk_tbl_04147,proc_ext_00140,proc_ext_00146,gob_ext_00453,gob_ext_00279
gob_proceso_0615;2;proc_tbl_01134,dlk_tbl_01623;12;dlk_tbl_03308,dlk_tbl_03284,gob_tbl_02595,gob_tbl_04407,dlk_tbl_01712,gob_tbl_00682,gob_tbl_02661,dlk_ext_00303,dlk_ext_00403,proc_ext_00457,gob_ext_00558,dlk_ext_00034
proc_proceso_0616;6;dash_tbl_02944,dlk_tbl_00748,dlk_tbl_01223,gob_tbl_02906,proc_tbl_00135,dlk_tbl_00847;10;dlk_tbl_01382,dlk_tbl_03780,dash_tbl_00532,dash_tbl_03858,dash_tbl_03921,proc_tbl_02318,dash_ext_00633,gob_ext_00402,dlk_ext_00174,dlk_ext_00071
dlk_proceso_0617;3;m4sco_tbl_02988,dlk_tbl_02681,dlk_tbl_01947;11;gob_tbl_00587,gob_tbl_00367,dlk_tbl_00607,gob_tbl_02382,gob_tbl_02283,dlk_tbl_02421,gob_ext_00050,gob_ext_00163,dash_ext_00633,proc_ext_00457,std_ext_00057
gob_proceso_0618;6;dlk_tbl_04305,gob_tbl_01756,dlk_tbl_00723,dash_tbl_00005,gob_tbl_03828,dlk_tbl_02229;6;dlk_tbl_03846,proc_tbl_01498,gob_tbl_02349,dlk_ext_00083,dlk_ext_00009,proc_ext_00336
gob_proceso_0619;4;dlk_tbl_00609,dlk_tbl_02674,dlk_tbl_03301,std_tbl_00629;11;gob_tbl_02595,dlk_tbl_01234,dlk_tbl_01946,gob_tbl_02688,dlk_tbl_02372,gob_tbl_03450,gob_ext_00520,proc_ext_00004,m4vw_ext_00447,proc_ext_00030,proc_ext_00102
dlk_proceso_0620;3;dlk_tbl_03773,gob_tbl_00406,dlk_tbl_00996;11;proc_tbl_03388,dlk_tbl_04053,gob_tbl_02022,gob_tbl_03925,dash_tbl_02716,dlk_tbl_03188,dlk_ext_00251,gob_ext_00130,gob_ext_00110,dlk_ext_00390,gob_ext_00562
proc_proceso_0621;4;gob_tbl_02718,gob_tbl_00831,dash_tbl_03810,dlk_tbl_00662;7;gob_tbl_02332,gob_tbl_04249,gob_tbl_03401,proc_tbl_03474,dlk_ext_00579,gob_ext_00050,proc_ext_00502
dlk_proceso_0622;3;proc_tbl_03397,proc_tbl_04275,dlk_tbl_00660;13;gob_tbl_00147,dlk_tbl_04344,gob_tbl_01855,gob_tbl_01438,dlk_tbl_03777,dash_tbl_02868,dlk_tbl_04130,std_ext_00057,proc_ext_00055,dlk_ext_00173,dlk_ext_00320,proc_ext_00532,gob_ext_00334
proc_proceso_0623;4;dlk_tbl_00512,dlk_tbl_04211,gob_tbl_01829,dlk_tbl_02968;13;m4vw_tbl_02284,gob_tbl_03974,std_tbl_02431,dlk_tbl_01793,gob_tbl_00109,gob_tbl_00093,dlk_tbl_03168,proc_ext_00468,m4vw_ext_00429,dlk_ext_00547,gob_ext_00246,gob_ext_00524,dash_ext_00514
dash_proceso_0624;6;gob_tbl_03724,dlk_tbl_04234,gob_tbl_00413,proc_tbl_02922,gob_tbl_00590,dash_tbl_00220;10;proc_tbl_01585,gob_tbl_00153,m4vw_tbl_04052,dlk_tbl_00660,proc_tbl_01303,dlk_tbl_00837,dlk_ext_00549,proc_ext_00468,m4vw_ext_00056,gob_ext_00023
dlk_proceso_0625;7;dlk_tbl_03490,dlk_tbl_03963,proc_tbl_00777,dash_tbl_03304,dlk_tbl_00073,dash_tbl_02747,dash_tbl_02895;6;ppn_tbl_03486,dash_tbl_02322,dlk_tbl_00646,ppn_ext_00046,dlk_ext_00066,dash_ext_00274
proc_proceso_0626;5;dlk_tbl_00136,gob_tbl_00387,proc_tbl_04271,gob_tbl_00109,std_tbl_02883;13;proc_tbl_03862,proc_tbl_00622,dash_tbl_03752,gob_tbl_03723,dlk_tbl_00292,dlk_tbl_03976,m4sco_tbl_03627,gob_ext_00415,proc_ext_00506,dlk_ext_00188,proc_ext_00065,dlk_ext_00229,dash_ext_00540
dlk_proceso_0627;3;gob_tbl_03123,dlk_tbl_00733,gob_tbl_02721;12;gob_tbl_02839,dlk_tbl_04420,dlk_tbl_03305,dlk_tbl_01562,dlk_tbl_01984,dlk_tbl_04336,gob_tbl_01167,gob_ext_00476,proc_ext_00026,gob_ext_00107,dlk_ext_00170,gob_ext_00261
gob_proceso_0628;5;dash_tbl_00404,gob_tbl_03160,gob_tbl_01647,dlk_tbl_04074,dlk_tbl_02062;11;gob_tbl_01512,gob_tbl_00948,dlk_tbl_04420,dlk_tbl_02936,dlk_tbl_01359,gob_tbl_02093,gob_ext_00558,proc_ext_00487,gob_ext_00250,gob_ext_00522,gob_ext_00212
dlk_proceso_0629;3;dlk_tbl_00168,gob_tbl_02531,dlk_tbl_01940;8;proc_tbl_00084,dash_tbl_03752,gob_tbl_03874,gob_tbl_00506,gob_tbl_03479,dlk_ext_00244,dlk_ext_00305,dash_ext_00160
dlk_proceso_0630;6;dlk_tbl_02086,gob_tbl_03859,dlk_tbl_01991,proc_tbl_00233,dash_tbl_02888,gob_tbl_02224;4;gob_tbl_02114,dlk_tbl_01573,dlk_ext_00052,gob_ext_00522
dash_proceso_0631;4;dlk_tbl_03718,gob_tbl_03693,gob_tbl_00949,proc_tbl_03617;7;dash_tbl_00746,gob_tbl_04189,dlk_tbl_00382,gob_tbl_03651,gob_ext_00441,gob_ext_00209,dlk_ext_00593
proc_proceso_0632;5;gob_tbl_03992,dlk_tbl_03402,gob_tbl_00929,gob_tbl_02626,dlk_tbl_01149;17;gob_tbl_03678,dlk_tbl_04135,proc_tbl_03186,dlk_tbl_00352,gob_tbl_01364,std_tbl_02222,dlk_tbl_02370,dlk_tbl_03720,gob_tbl_02093,dlk_tbl_02788,proc_ext_00063,dlk_ext_00257,gob_ext_00151,dlk_ext_00300,m4sco_ext_00569,gob_ext_00479,gob_ext_00629
gob_proceso_0633;4;dlk_tbl_01996,dlk_tbl_01965,dlk_tbl_00200,dash_tbl_02193;9;gob_tbl_03189,gob_tbl_02860,gob_tbl_02510,proc_tbl_03043,gob_tbl_01572,gob_ext_00519,gob_ext_00029,dlk_ext_00493,dlk_ext_00285
dlk_proceso_0634;4;gob_tbl_03314,dlk_tbl_03015,dlk_tbl_01827,dash_tbl_03587;4;proc_tbl_04219,dlk_tbl_03072,gob_ext_00249,dlk_ext_00495
gob_proceso_0635;2;dash_tbl_03334,gob_tbl_03006;8;dlk_tbl_01344,gob_tbl_02860,proc_tbl_03999,proc_tbl_03346,gob_tbl_02364,dlk_ext_00382,proc_ext_00030,proc_ext_00119
gob_proceso_0636;3;gob_tbl_03585,dlk_tbl_02871,dlk_tbl_02272;8;proc_tbl_03375,dash_tbl_03621,std_tbl_02431,dlk_tbl_04246,dlk_tbl_00419,gob_ext_00105,gob_ext_00080,dash_ext_00258
gob_proceso_0637;4;gob_tbl_04395,gob_tbl_01802,proc_tbl_03815,dlk_tbl_02076;10;std_tbl_03969,dlk_tbl_00319,gob_tbl_04448,dlk_tbl_03800,dash_tbl_01468,dlk_tbl_01878,gob_ext_00254,gob_ext_00584,dlk_ext_00053,gob_ext_00247
dlk_proceso_0638;6;proc_tbl_03321,dlk_tbl_00837,gob_tbl_02437,proc_tbl_02133,proc_tbl_02286,gob_tbl_00551;15;dash_tbl_00047,dlk_tbl_02274,gob_tbl_03273,dash_tbl_02813,dlk_tbl_00460,gob_tbl_01868,dlk_tbl_01813,gob_tbl_01960,proc_tbl_00325,gob_ext_00384,gob_ext_00096,proc_ext_00496,proc_ext_00461,std_ext_00445,dlk_ext_00276
proc_proceso_0639;8;dlk_tbl_00022,gob_tbl_02987,dlk_tbl_01126,gob_tbl_00303,dash_tbl_01961,dlk_tbl_02631,proc_tbl_02732,dash_tbl_00938;19;dash_tbl_00461,dlk_tbl_02127,dlk_tbl_03981,gob_tbl_00286,dlk_tbl_04051,dlk_tbl_02725,dlk_tbl_03956,proc_tbl_00248,gob_tbl_03307,dlk_tbl_04380,gob_tbl_03809,proc_ext_00000,dlk_ext_00113,proc_ext_00421,proc_ext_00487,gob_ext_00604,proc_ext_00210,gob_ext_00467,dlk_ext_00571
proc_proceso_0640;2;gob_tbl_00497,dlk_tbl_01788;7;dlk_tbl_02244,gob_tbl_01135,gob_tbl_00718,dash_tbl_02322,dash_ext_00420,gob_ext_00135,gob_ext_00313
gob_proceso_0641;4;gob_tbl_00666,dlk_tbl_02265,gob_tbl_01930,dlk_tbl_01841;10;dlk_tbl_03568,gob_tbl_02025,dlk_tbl_04410,std_tbl_04139,dlk_tbl_00124,gob_tbl_01314,gob_ext_00145,dlk_ext_00238,proc_ext_00171,proc_ext_00461
gob_proceso_0642;6;proc_tbl_01909,proc_tbl_02875,dlk_tbl_03362,gob_tbl_01723,proc_tbl_04492,dlk_tbl_00409;13;gob_tbl_02317,dlk_tbl_02978,gob_tbl_03207,dlk_tbl_01172,gob_tbl_00143,gob_tbl_00274,dlk_tbl_00961,gob_ext_00603,proc_ext_00527,gob_ext_00524,proc_ext_00500,gob_ext_00507,gob_ext_00334
dlk_proceso_0643;6;proc_tbl_00761,dlk_tbl_00201,gob_tbl_03809,dlk_tbl_01434,dash_tbl_03194,gob_tbl_00530;10;gob_tbl_03903,dash_tbl_00063,dlk_tbl_01542,dlk_tbl_03834,gob_tbl_01247,gob_tbl_02477,dlk_ext_00154,dlk_ext_00546,dash_ext_00540,gob_ext_00164
dlk_proceso_0644;3;m4sco_tbl_03500,dlk_tbl_03492,dlk_tbl_03394;9;proc_tbl_03315,dash_tbl_02021,gob_tbl_04186,dlk_tbl_01293,gob_tbl_03264,gob_ext_00384,gob_ext_00261,gob_ext_00049,gob_ext_00331
dlk_proceso_0645;8;dlk_tbl_03811,gob_tbl_03379,dash_tbl_02930,dlk_tbl_03696,gob_tbl_00274,gob_tbl_03728,gob_tbl_02152,dlk_tbl_04115;5;proc_tbl_04022,proc_tbl_00725,proc_tbl_02635,gob_ext_00331,gob_ext_00147
gob_proceso_0646;2;gob_tbl_01138,gob_tbl_01388;13;dlk_tbl_03740,m4vw_tbl_01895,gob_tbl_01876,dlk_tbl_02577,dlk_tbl_04347,dash_tbl_01057,proc_tbl_03559,proc_ext_00535,dlk_ext_00188,dlk_ext_00585,dlk_ext_00144,gob_ext_00033,gob_ext_00462
dash_proceso_0647;6;dash_tbl_02650,ppn_tbl_04153,dlk_tbl_02770,dlk_tbl_02206,gob_tbl_03154,dlk_tbl_04101;21;gob_tbl_03324,gob_tbl_00795,dlk_tbl_04277,gob_tbl_03435,proc_tbl_00313,proc_tbl_01221,gob_tbl_00407,dash_tbl_02322,dlk_tbl_01823,gob_tbl_00231,gob_tbl_02511,proc_tbl_00233,gob_ext_00209,dlk_ext_00262,gob_ext_00287,gob_ext_00031,dlk_ext_00142,gob_ext_00248,dlk_ext_00012,gob_ext_00022,std_ext_00060
dash_proceso_0648;3;gob_tbl_04422,gob_tbl_02174,dlk_tbl_01054;14;gob_tbl_02519,proc_tbl_02550,gob_tbl_01657,gob_tbl_04100,gob_tbl_03642,proc_tbl_04202,dlk_tbl_03846,gob_tbl_04389,gob_ext_00246,proc_ext_00030,dlk_ext_00281,dash_ext_00201,gob_ext_00486,dlk_ext_00602
proc_proceso_0649;7;dlk_tbl_02645,dlk_tbl_02281,proc_tbl_01671,gob_tbl_03903,proc_tbl_02338,gob_tbl_03512,dlk_tbl_01282;10;proc_tbl_02915,gob_tbl_04163,gob_tbl_02698,gob_tbl_02353,std_tbl_00629,proc_tbl_00281,proc_ext_00612,gob_ext_00023,gob_ext_00415,gob_ext_00545
dlk_proceso_0650;2;dlk_tbl_01819,m4sco_tbl_04372;9;dash_tbl_04066,gob_tbl_00332,dlk_tbl_00936,dlk_tbl_03631,dash_tbl_03167,dlk_ext_00325,dash_ext_00420,dlk_ext_00437,gob_ext_00029
gob_proceso_0651;5;gob_tbl_03843,gob_tbl_00202,dlk_tbl_02621,proc_tbl_03513,gob_tbl_02706;5;std_tbl_01377,dash_tbl_00627,gob_tbl_00070,gob_ext_00449,dlk_ext_00319
dlk_proceso_0652;3;gob_tbl_01124,dash_tbl_00477,proc_tbl_03734;5;gob_tbl_04425,dlk_tbl_01481,gob_tbl_01436,gob_ext_00271,gob_ext_00366
gob_proceso_0653;4;m4sco_tbl_02877,gob_tbl_02690,std_tbl_00062,gob_tbl_01106;13;gob_tbl_03217,proc_tbl_01272,proc_tbl_02749,gob_tbl_03616,gob_tbl_04168,dlk_tbl_03772,dash_tbl_02800,gob_ext_00406,dlk_ext_00165,m4sco_ext_00610,dlk_ext_00245,dlk_ext_00238,gob_ext_00379
dlk_proceso_0654;7;gob_tbl_03008,dlk_tbl_00371,proc_tbl_00329,dash_tbl_01795,gob_tbl_02818,proc_tbl_00402,gob_tbl_02161;10;dlk_tbl_01567,gob_tbl_00310,gob_tbl_00575,std_tbl_00060,dash_tbl_03752,dlk_tbl_02836,gob_ext_00558,proc_ext_00430,gob_ext_00486,dash_ext_00204
gob_proceso_0655;4;dlk_tbl_00493,proc_tbl_01571,gob_tbl_02912,proc_tbl_01597;7;gob_tbl_01526,proc_tbl_03778,proc_tbl_01706,dlk_tbl_03485,gob_ext_00208,gob_ext_00249,gob_ext_00013
gob_proceso_0656;7;dlk_tbl_04136,proc_tbl_02172,dlk_tbl_03257,dlk_tbl_00844,gob_tbl_04338,m4vw_tbl_01043,proc_tbl_03999;10;proc_tbl_01792,dlk_tbl_01209,gob_tbl_03414,proc_tbl_03042,dlk_tbl_04297,dlk_tbl_00723,dash_ext_00394,std_ext_00510,proc_ext_00047,gob_ext_00100
dlk_proceso_0657;3;dlk_tbl_02692,std_tbl_01379,gob_tbl_02923;9;dlk_tbl_03298,gob_tbl_01506,proc_tbl_03898,gob_tbl_03605,dlk_tbl_02274,proc_ext_00004,proc_ext_00635,dlk_ext_00162,m4sco_ext_00565
gob_proceso_0658;2;gob_tbl_00762,gob_tbl_04124;9;gob_tbl_03151,std_tbl_03396,gob_tbl_04375,dlk_tbl_00396,gob_tbl_04024,proc_ext_00074,dash_ext_00442,gob_ext_00608,dash_ext_00008
dash_proceso_0659;6;dlk_tbl_02545,proc_tbl_00776,dlk_tbl_03139,dlk_tbl_03846,gob_tbl_02473,proc_tbl_00455;12;proc_tbl_00300,gob_tbl_04279,dash_tbl_02070,dlk_tbl_02360,proc_tbl_00224,proc_tbl_01540,proc_tbl_02345,proc_ext_00121,dlk_ext_00243,gob_ext_00581,dlk_ext_00539,proc_ext_00146
proc_proceso_0660;8;gob_tbl_01230,m4sco_tbl_00727,dlk_tbl_01352,gob_tbl_00710,dlk_tbl_00296,dlk_tbl_01902,proc_tbl_01182,gob_tbl_01219;19;proc_tbl_04219,dlk_tbl_01078,dlk_tbl_04241,proc_tbl_02397,dlk_tbl_04304,gob_tbl_03379,m4vw_tbl_00853,gob_tbl_02715,dlk_tbl_01946,m4vw_tbl_01092,gob_tbl_01855,gob_ext_00080,dlk_ext_00488,gob_ext_00049,proc_ext_00030,proc_ext_00140,dash_ext_00109,m4sco_ext_00529,gob_ext_00271
proc_proceso_0661;3;proc_tbl_00504,gob_tbl_03333,std_tbl_02097;13;proc_tbl_03010,dlk_tbl_03568,proc_tbl_03610,std_tbl_02605,dlk_tbl_04108,gob_tbl_02612,dlk_tbl_01315,gob_ext_00384,proc_ext_00597,gob_ext_00379,proc_ext_00241,dlk_ext_00590,dlk_ext_00006
proc_proceso_0662;5;gob_tbl_03182,proc_tbl_04327,gob_tbl_04418,dlk_tbl_01302,gob_tbl_01611;13;gob_tbl_00637,proc_tbl_04169,gob_tbl_00882,gob_tbl_03767,dlk_tbl_03305,gob_tbl_02927,proc_tbl_03509,dlk_ext_00132,dlk_ext_00284,dash_ext_00514,dlk_ext_00424,dash_ext_00574,gob_ext_00615
proc_proceso_0663;3;dlk_tbl_03834,gob_tbl_03905,dlk_tbl_00056;12;gob_tbl_00558,dlk_tbl_01851,gob_tbl_03600,proc_tbl_02633,proc_tbl_04406,dlk_tbl_04224,dlk_tbl_01228,gob_ext_00321,proc_ext_00468,gob_ext_00176,gob_ext_00105,gob_ext_00567
proc_proceso_0664;6;gob_tbl_02429,dlk_tbl_03629,proc_tbl_03300,dlk_tbl_03780,proc_tbl_01849,m4vw_tbl_01895;9;std_tbl_01541,gob_tbl_00331,dlk_tbl_00632,gob_tbl_01566,proc_tbl_02048,proc_ext_00225,dash_ext_00574,gob_ext_00458,dlk_ext_00387
dlk_proceso_0665;8;gob_tbl_03247,gob_tbl_03656,proc_tbl_01622,gob_tbl_00472,gob_tbl_01781,gob_tbl_00262,dlk_tbl_04206,gob_tbl_02963;10;proc_tbl_02846,dlk_tbl_00606,proc_tbl_02357,dash_tbl_00721,dlk_tbl_02061,gob_tbl_03221,dash_ext_00394,gob_ext_00479,gob_ext_00222,dlk_ext_00472
gob_proceso_0666;2;gob_tbl_00523,dlk_tbl_03496;7;dash_tbl_04129,dlk_tbl_00708,gob_tbl_02965,dlk_tbl_02832,proc_ext_00573,gob_ext_00361,gob_ext_00153
dlk_proceso_0667;4;proc_tbl_00480,gob_tbl_00719,proc_tbl_04358,gob_tbl_01445;11;proc_tbl_01200,gob_tbl_02912,gob_tbl_01810,dlk_tbl_00414,dlk_tbl_00163,dlk_tbl_01527,dlk_ext_00122,gob_ext_00507,dlk_ext_00503,proc_ext_00045,gob_ext_00138
gob_proceso_0668;7;dlk_tbl_04254,dlk_tbl_02620,gob_tbl_03733,dlk_tbl_01386,dash_tbl_00213,gob_tbl_01680,dlk_tbl_03369;9;dlk_tbl_03634,gob_tbl_01058,gob_tbl_03191,dlk_tbl_03816,dlk_tbl_01496,std_ext_00587,dlk_ext_00571,gob_ext_00153,dash_ext_00490
gob_proceso_0669;5;m4vw_tbl_00282,gob_tbl_00042,dlk_tbl_04438,proc_tbl_01558,proc_tbl_03946;8;proc_tbl_00903,std_tbl_03294,dash_tbl_01602,proc_tbl_01329,dlk_tbl_03967,dlk_ext_00188,proc_ext_00527,gob_ext_00279
dlk_proceso_0670;5;gob_tbl_00751,gob_tbl_03262,proc_tbl_01738,proc_tbl_02550,dash_tbl_03681;12;gob_tbl_02120,dlk_tbl_02498,gob_tbl_01773,dlk_tbl_01976,dlk_tbl_00008,gob_tbl_01227,dlk_tbl_01269,dlk_ext_00118,proc_ext_00414,dlk_ext_00038,gob_ext_00409,gob_ext_00024
dash_proceso_0671;2;gob_tbl_00654,gob_tbl_03948;9;m4vw_tbl_04052,gob_tbl_03381,dlk_tbl_01199,proc_tbl_03878,dlk_tbl_01953,dash_ext_00088,gob_ext_00279,proc_ext_00381,proc_ext_00146
dlk_proceso_0672;4;gob_tbl_03957,dlk_tbl_01467,dlk_tbl_03036,dash_tbl_01775;11;gob_tbl_02893,gob_tbl_03154,dlk_tbl_02176,dash_tbl_01583,dlk_tbl_01164,proc_tbl_03186,dlk_ext_00505,gob_ext_00352,dlk_ext_00188,dlk_ext_00272,dlk_ext_00169
proc_proceso_0673;2;dlk_tbl_01233,dlk_tbl_02594;7;gob_tbl_02935,dlk_tbl_01978,gob_tbl_01247,proc_tbl_03868,dlk_ext_00280,gob_ext_00254,proc_ext_00636
dlk_proceso_0674;5;proc_tbl_01794,dlk_tbl_00971,proc_tbl_00394,proc_tbl_00318,dash_tbl_03080;8;proc_tbl_02188,std_tbl_01133,dlk_tbl_04029,proc_tbl_02411,m4sco_tbl_02163,gob_ext_00022,dash_ext_00008,gob_ext_00591
gob_proceso_0675;2;gob_tbl_04205,dlk_tbl_02772;15;proc_tbl_03743,dlk_tbl_03349,std_tbl_03978,m4vw_tbl_01700,dlk_tbl_00351,gob_tbl_02823,dlk_tbl_00077,proc_tbl_02397,dlk_tbl_02820,gob_ext_00246,dlk_ext_00113,dlk_ext_00118,gob_ext_00520,proc_ext_00014,proc_ext_00150
gob_proceso_0676;5;proc_tbl_01652,std_tbl_00060,dash_tbl_03906,gob_tbl_03701,dash_tbl_03910;7;dlk_tbl_00659,dlk_tbl_00425,gob_tbl_01308,gob_tbl_03533,gob_ext_00603,dlk_ext_00144,dlk_ext_00291
proc_proceso_0677;4;gob_tbl_01830,gob_tbl_02541,dlk_tbl_03060,gob_tbl_01803;6;dlk_tbl_04195,gob_tbl_01522,proc_tbl_01640,gob_ext_00584,proc_ext_00047,dash_ext_00018
proc_proceso_0678;8;dlk_tbl_00259,dlk_tbl_02063,dlk_tbl_02155,gob_tbl_02595,proc_tbl_00016,gob_tbl_04447,gob_tbl_02180,gob_tbl_00100;24;dlk_tbl_02176,gob_tbl_00932,gob_tbl_04213,gob_tbl_02139,gob_tbl_02462,proc_tbl_02008,proc_tbl_04058,dlk_tbl_03354,dlk_tbl_03446,gob_tbl_04436,dlk_tbl_04195,dlk_tbl_00470,gob_tbl_03682,dlk_tbl_01561,dlk_ext_00634,dlk_ext_00280,dash_ext_00540,proc_ext_00241,gob_ext_00450,gob_ext_00478,gob_ext_00393,dlk_ext_00345,dash_ext_00442,m4sco_ext_00529
dash_proceso_0679;3;dlk_tbl_01953,dlk_tbl_03412,gob_tbl_01079;5;gob_tbl_00950,proc_tbl_02235,gob_tbl_03838,gob_ext_00259,gob_ext_00584
gob_proceso_0680;4;gob_tbl_01707,gob_tbl_00647,proc_tbl_01260,gob_tbl_02240;11;dash_tbl_00346,dlk_tbl_04456,gob_tbl_00904,dlk_tbl_01718,dlk_tbl_01172,dlk_tbl_03890,dlk_ext_00269,gob_ext_00460,dlk_ext_00125,gob_ext_00202,gob_ext_00453
gob_proceso_0681;5;gob_tbl_04286,proc_tbl_03319,dlk_tbl_01450,gob_tbl_02002,gob_tbl_01100;5;dlk_tbl_02887,dlk_tbl_03926,dlk_tbl_00200,dlk_ext_00434,proc_ext_00178
gob_proceso_0682;3;m4sco_tbl_03125,proc_tbl_04301,gob_tbl_01407;9;gob_tbl_00407,dlk_tbl_00168,gob_tbl_03596,std_tbl_03608,dlk_tbl_00078,dlk_ext_00190,dash_ext_00357,gob_ext_00153,dlk_ext_00549
dlk_proceso_0683;3;dlk_tbl_00509,gob_tbl_01091,ppn_tbl_00794;6;dlk_tbl_01164,dash_tbl_00554,gob_tbl_04404,gob_ext_00481,gob_ext_00208,dlk_ext_00389
dash_proceso_0684;6;dlk_tbl_00423,dlk_tbl_02347,dlk_tbl_00617,gob_tbl_03923,gob_tbl_01159,ppn_tbl_02457;6;proc_tbl_00741,gob_tbl_04333,dlk_tbl_02141,dlk_ext_00614,proc_ext_00391,gob_ext_00625
dlk_proceso_0685;7;proc_tbl_00736,dlk_tbl_03180,dlk_tbl_00605,dash_tbl_00107,dlk_tbl_02459,ppn_tbl_03431,dlk_tbl_01083;9;gob_tbl_03484,dlk_tbl_03072,dlk_tbl_02363,std_tbl_02431,dlk_tbl_00308,dlk_ext_00368,dlk_ext_00390,gob_ext_00331,dlk_ext_00231
dlk_proceso_0686;3;gob_tbl_03145,gob_tbl_02168,dlk_tbl_03549;14;gob_tbl_01667,gob_tbl_03648,gob_tbl_00341,gob_tbl_01177,dlk_tbl_04130,dlk_tbl_03816,proc_tbl_00359,dlk_tbl_01589,dlk_ext_00028,gob_ext_00558,ppn_ext_00526,dlk_ext_00304,gob_ext_00453,dlk_ext_00006
dlk_proceso_0687;6;gob_tbl_02362,proc_tbl_03526,dlk_tbl_01813,gob_tbl_00533,proc_tbl_00044,m4sco_tbl_01196;4;dlk_tbl_02811,dlk_tbl_02416,dash_ext_00109,gob_ext_00331
gob_proceso_0688;3;proc_tbl_00797,gob_tbl_00416,gob_tbl_01252;5;dlk_tbl_03367,gob_tbl_00857,dlk_tbl_04013,gob_ext_00022,dlk_ext_00390
dlk_proceso_0689;6;gob_tbl_03341,gob_tbl_02528,gob_tbl_01694,m4sco_tbl_01427,dlk_tbl_04235,gob_tbl_02675;4;proc_tbl_00507,proc_tbl_03509,dlk_ext_00509,proc_ext_00421
dlk_proceso_0690;5;dash_tbl_01863,gob_tbl_01198,std_tbl_01242,gob_tbl_02056,gob_tbl_01777;5;proc_tbl_01749,proc_tbl_02017,gob_tbl_01183,std_ext_00237,gob_ext_00399
proc_proceso_0691;5;ppn_tbl_02880,dash_tbl_01094,proc_tbl_02500,gob_tbl_01257,m4vw_tbl_02020;9;gob_tbl_02860,proc_tbl_02910,proc_tbl_03319,proc_tbl_03155,gob_tbl_01860,gob_ext_00412,proc_ext_00030,gob_ext_00629,dlk_ext_00513
gob_proceso_0692;6;dlk_tbl_02436,gob_tbl_01756,std_tbl_04360,gob_tbl_03767,m4sco_tbl_01430,std_tbl_00193;9;proc_tbl_00545,gob_tbl_04447,dlk_tbl_03180,gob_tbl_03073,dlk_tbl_00964,gob_ext_00478,gob_ext_00084,proc_ext_00178,gob_ext_00023
dash_proceso_0693;4;dlk_tbl_02151,gob_tbl_01549,dlk_tbl_00871,proc_tbl_01290;7;proc_tbl_00034,proc_tbl_01587,dlk_tbl_04053,dlk_tbl_00099,dlk_ext_00113,gob_ext_00626,ppn_ext_00504
dlk_proceso_0694;2;dlk_tbl_02337,proc_tbl_00900;7;dlk_tbl_03046,gob_tbl_00993,dlk_tbl_00263,gob_tbl_01745,dlk_ext_00469,dlk_ext_00634,proc_ext_00457
dlk_proceso_0695;5;dash_tbl_03613,dash_tbl_01082,gob_tbl_00546,dlk_tbl_03679,dash_tbl_04432;14;dlk_tbl_03337,gob_tbl_01207,dlk_tbl_02381,gob_tbl_02292,gob_tbl_02452,dlk_tbl_01434,proc_tbl_04271,gob_tbl_03154,gob_ext_00524,dlk_ext_00365,gob_ext_00613,std_ext_00060,gob_ext_00473,dash_ext_00312
dash_proceso_0696;4;dlk_tbl_04380,dash_tbl_03069,dlk_tbl_00443,dash_tbl_00737;7;gob_tbl_02724,gob_tbl_00196,dash_tbl_02070,dlk_tbl_00706,proc_ext_00146,dash_ext_00149,proc_ext_00502
dlk_proceso_0697;7;dlk_tbl_01517,gob_tbl_04298,gob_tbl_02079,gob_tbl_01804,gob_tbl_00066,dash_tbl_00704,proc_tbl_00315;9;gob_tbl_03448,dash_tbl_00397,dlk_tbl_01362,gob_tbl_01008,dlk_tbl_04130,gob_ext_00252,gob_ext_00254,gob_ext_00260,dlk_ext_00262
dlk_proceso_0698;8;dlk_tbl_00714,dlk_tbl_03866,dlk_tbl_03051,gob_tbl_01251,proc_tbl_02518,dlk_tbl_00027,gob_tbl_02251,dlk_tbl_02402;10;dlk_tbl_04379,proc_tbl_01759,dlk_tbl_03920,gob_tbl_03151,gob_tbl_03318,dash_tbl_02147,gob_ext_00233,gob_ext_00562,dash_ext_00525,dash_ext_00088
dash_proceso_0699;3;dlk_tbl_00180,proc_tbl_02902,gob_tbl_01552;9;gob_tbl_02007,gob_tbl_03192,m4vw_tbl_01624,m4vw_tbl_01327,dlk_tbl_02156,dash_ext_00312,dlk_ext_00231,gob_ext_00399,dlk_ext_00614
dlk_proceso_0700;4;dlk_tbl_02183,dash_tbl_02450,proc_tbl_03043,dlk_tbl_02618;7;gob_tbl_01213,gob_tbl_02251,dlk_tbl_03271,dlk_tbl_01867,dlk_ext_00549,proc_ext_00411,dlk_ext_00011
dlk_proceso_0701;8;proc_tbl_01375,proc_tbl_01926,m4sco_tbl_02797,gob_tbl_04414,gob_tbl_04042,dlk_tbl_04143,dlk_tbl_01449,dash_tbl_03322;19;gob_tbl_02260,m4sco_tbl_03755,gob_tbl_00197,gob_tbl_02148,proc_tbl_01534,dlk_tbl_01275,gob_tbl_00639,gob_tbl_03925,gob_tbl_04421,dlk_tbl_01953,proc_tbl_04327,gob_ext_00609,dash_ext_00201,gob_ext_00089,gob_ext_00143,gob_ext_00409,dash_ext_00633,dlk_ext_00464,std_ext_00512
proc_proceso_0702;6;dlk_tbl_00254,std_tbl_00159,m4vw_tbl_00914,dlk_tbl_00297,gob_tbl_01660,dlk_tbl_03720;13;dash_tbl_02325,std_tbl_02419,gob_tbl_00892,ppn_tbl_03543,proc_tbl_00035,dlk_tbl_03963,dash_tbl_00280,dlk_ext_00348,dlk_ext_00306,gob_ext_00406,gob_ext_00247,dlk_ext_00378,gob_ext_00147
gob_proceso_0703;3;gob_tbl_02632,gob_tbl_02870,gob_tbl_01899;9;m4sco_tbl_01872,dlk_tbl_02050,gob_tbl_01077,std_tbl_03916,dlk_tbl_04424,dlk_ext_00516,proc_ext_00158,gob_ext_00029,proc_ext_00124
proc_proceso_0704;4;gob_tbl_04100,gob_tbl_00948,dlk_tbl_01305,dlk_tbl_02110;6;dlk_tbl_01690,dash_tbl_04066,dlk_tbl_03821,dlk_ext_00513,gob_ext_00191,gob_ext_00441
proc_proceso_0705;4;proc_tbl_03005,dlk_tbl_01857,dlk_tbl_01850,proc_tbl_00791;12;dlk_tbl_00004,std_tbl_00583,m4sco_tbl_02793,gob_tbl_00950,dlk_tbl_01675,dlk_tbl_04282,gob_tbl_00274,proc_ext_00427,gob_ext_00250,dlk_ext_00108,proc_ext_00171,dlk_ext_00320
dlk_proceso_0706;8;gob_tbl_03748,gob_tbl_03417,gob_tbl_03340,gob_tbl_01104,gob_tbl_02593,gob_tbl_04320,dlk_tbl_03023,dlk_tbl_00246;6;dlk_tbl_00264,dlk_tbl_02627,dlk_tbl_02127,gob_ext_00562,gob_ext_00393,dlk_ext_00129
dash_proceso_0707;2;gob_tbl_02884,dlk_tbl_03644;12;dlk_tbl_02864,gob_tbl_01945,dlk_tbl_03354,gob_tbl_03796,gob_tbl_02301,proc_tbl_04008,gob_tbl_01751,dash_ext_00454,proc_ext_00063,gob_ext_00523,dlk_ext_00509,gob_ext_00462
dlk_proceso_0708;2;std_tbl_01924,gob_tbl_02839;10;proc_tbl_01749,gob_tbl_01884,gob_tbl_02044,proc_tbl_04288,proc_tbl_04194,std_tbl_04030,dlk_ext_00482,dlk_ext_00048,gob_ext_00175,gob_ext_00198
dlk_proceso_0709;6;gob_tbl_03387,proc_tbl_02676,dlk_tbl_01028,dlk_tbl_01779,gob_tbl_00793,std_tbl_03009;4;gob_tbl_03768,dash_tbl_00737,dash_ext_00354,dlk_ext_00505
dlk_proceso_0710;6;dash_tbl_00223,dlk_tbl_03739,dlk_tbl_01115,dlk_tbl_03163,dlk_tbl_00151,gob_tbl_03542;13;dlk_tbl_01731,dlk_tbl_01517,proc_tbl_00402,dash_tbl_03193,gob_tbl_03289,gob_tbl_03381,gob_tbl_03796,proc_ext_00343,dlk_ext_00403,proc_ext_00316,dlk_ext_00353,dlk_ext_00006,proc_ext_00030
gob_proceso_0711;4;proc_tbl_03121,dlk_tbl_02305,gob_tbl_01609,dash_tbl_02931;4;gob_tbl_01437,proc_tbl_00736,gob_ext_00116,gob_ext_00609
proc_proceso_0712;4;dlk_tbl_03044,gob_tbl_00362,gob_tbl_00982,dlk_tbl_02725;13;proc_tbl_03559,dlk_tbl_03666,gob_tbl_02039,proc_tbl_01456,dlk_tbl_04145,proc_tbl_01153,dash_tbl_03439,dlk_ext_00062,proc_ext_00316,gob_ext_00451,gob_ext_00601,gob_ext_00613,dlk_ext_00444
dlk_proceso_0713;7;gob_tbl_01806,dlk_tbl_01702,dlk_tbl_03025,proc_tbl_00842,dlk_tbl_00449,dash_tbl_02980,proc_tbl_01456;9;gob_tbl_03848,proc_tbl_02311,proc_tbl_00402,gob_tbl_03081,gob_tbl_04274,gob_ext_00271,gob_ext_00522,dash_ext_00442,proc_ext_00207
gob_proceso_0714;5;dlk_tbl_01599,dlk_tbl_01056,gob_tbl_01345,gob_tbl_00623,gob_tbl_01342;5;dash_tbl_02012,dlk_tbl_00595,dlk_tbl_02416,dlk_ext_00320,dlk_ext_00017
dlk_proceso_0715;6;gob_tbl_03854,dlk_tbl_02771,proc_tbl_01741,gob_tbl_03210,dash_tbl_01155,gob_tbl_03203;16;gob_tbl_02862,dash_tbl_02059,proc_tbl_02726,gob_tbl_04239,gob_tbl_03089,gob_tbl_03824,gob_tbl_03594,dlk_tbl_00182,std_tbl_01664,dlk_ext_00123,gob_ext_00530,std_ext_00594,dlk_ext_00002,gob_ext_00301,gob_ext_00520,dlk_ext_00062
gob_proceso_0716;6;dlk_tbl_01952,dlk_tbl_00036,dlk_tbl_03538,gob_tbl_01722,gob_tbl_01058,gob_tbl_01409;10;dlk_tbl_01073,dlk_tbl_04345,gob_tbl_03534,dash_tbl_04166,dlk_tbl_01324,dash_tbl_00603,dlk_ext_00230,gob_ext_00521,gob_ext_00465,gob_ext_00321
gob_proceso_0717;2;dlk_tbl_03680,gob_tbl_02700;9;gob_tbl_00273,dlk_tbl_03495,gob_tbl_00143,proc_tbl_03055,dlk_tbl_00151,dlk_ext_00602,dash_ext_00442,gob_ext_00486,gob_ext_00523
dlk_proceso_0718;4;gob_tbl_02697,dlk_tbl_02805,proc_tbl_01236,proc_tbl_02357;17;gob_tbl_01157,gob_tbl_00374,gob_tbl_01389,dash_tbl_01626,dash_tbl_02813,gob_tbl_03463,m4sco_tbl_00236,gob_tbl_00760,dlk_tbl_00865,dlk_tbl_04277,gob_ext_00374,dash_ext_00214,gob_ext_00259,dlk_ext_00054,dlk_ext_00272,dash_ext_00018,dlk_ext_00398
dash_proceso_0719;2;gob_tbl_00147,dlk_tbl_03399;7;dlk_tbl_00897,dlk_tbl_03492,dlk_tbl_01269,proc_tbl_04022,dlk_ext_00099,gob_ext_00261,dlk_ext_00280
gob_proceso_0720;4;gob_tbl_03098,gob_tbl_02256,dlk_tbl_01851,std_tbl_00773;6;proc_tbl_03306,m4sco_tbl_02954,gob_tbl_02002,gob_ext_00613,gob_ext_00412,dlk_ext_00092
dash_proceso_0721;6;dlk_tbl_03772,gob_tbl_01840,std_tbl_02066,gob_tbl_04294,gob_tbl_04102,proc_tbl_02737;10;gob_tbl_04226,dlk_tbl_01984,dash_tbl_00051,proc_tbl_00233,gob_tbl_03463,gob_tbl_03605,gob_ext_00301,gob_ext_00584,dlk_ext_00129,gob_ext_00100
dlk_proceso_0722;5;gob_tbl_01395,dash_tbl_02865,dash_tbl_03700,proc_tbl_01759,dlk_tbl_00425;8;gob_tbl_02263,dlk_tbl_02801,gob_tbl_02597,proc_tbl_03164,ppn_tbl_01551,dash_ext_00631,gob_ext_00375,dlk_ext_00012
proc_proceso_0723;6;m4vw_tbl_01624,proc_tbl_00471,proc_tbl_04440,dlk_tbl_00621,gob_tbl_03141,gob_tbl_01436;6;dlk_tbl_01357,gob_tbl_02351,dlk_tbl_02736,gob_ext_00412,dlk_ext_00602,std_ext_00295
dash_proceso_0724;6;gob_tbl_04071,gob_tbl_03870,dash_tbl_00981,dlk_tbl_04390,proc_tbl_00361,dash_tbl_02385;10;proc_tbl_00819,std_tbl_00629,dlk_tbl_02524,gob_tbl_01222,gob_tbl_02599,gob_tbl_02373,dash_ext_00240,dlk_ext_00547,gob_ext_00080,gob_ext_00361
gob_proceso_0725;5;dlk_tbl_03378,dlk_tbl_04483,gob_tbl_00225,proc_tbl_01123,gob_tbl_01618;12;dlk_tbl_00453,dlk_tbl_03429,gob_tbl_01647,dash_tbl_03645,proc_tbl_03523,dlk_tbl_00595,std_tbl_01242,gob_ext_00153,gob_ext_00036,dlk_ext_00537,proc_ext_00014,gob_ext_00524
dlk_proceso_0726;6;gob_tbl_01232,dlk_tbl_01922,proc_tbl_00758,proc_tbl_02726,ppn_tbl_03537,proc_tbl_01059;9;gob_tbl_02987,dash_tbl_03436,dlk_tbl_01229,proc_tbl_00394,proc_tbl_02235,gob_ext_00198,gob_ext_00022,dlk_ext_00165,dlk_ext_00193
dlk_proceso_0727;7;gob_tbl_01770,gob_tbl_01433,dlk_tbl_01277,proc_tbl_01610,dlk_tbl_00572,dlk_tbl_00163,dlk_tbl_00002;9;dlk_tbl_03958,gob_tbl_03616,gob_tbl_04394,dlk_tbl_00956,gob_tbl_00018,dlk_ext_00173,dlk_ext_00353,dlk_ext_00537,gob_ext_00475
proc_proceso_0728;3;gob_tbl_01477,proc_tbl_01065,dlk_tbl_00608;5;dlk_tbl_02634,dlk_tbl_00308,gob_tbl_03618,dlk_ext_00388,dlk_ext_00538
gob_proceso_0729;5;dlk_tbl_03168,proc_tbl_02614,dlk_tbl_03833,gob_tbl_03746,gob_tbl_02849;8;dash_tbl_01018,ppn_tbl_01956,gob_tbl_00801,gob_tbl_00529,gob_tbl_03135,dlk_ext_00136,gob_ext_00058,proc_ext_00103
dash_proceso_0730;7;gob_tbl_00218,gob_tbl_02027,dlk_tbl_02136,dlk_tbl_01378,proc_tbl_01981,dlk_tbl_01845,dlk_tbl_03856;6;dash_tbl_02716,proc_tbl_01469,proc_tbl_00171,proc_ext_00430,dlk_ext_00173,gob_ext_00200
proc_proceso_0731;3;proc_tbl_00325,proc_tbl_01896,dlk_tbl_04191;13;dlk_tbl_02637,gob_tbl_03594,dlk_tbl_01099,gob_tbl_04148,dlk_tbl_00782,gob_tbl_01580,dlk_tbl_01944,dlk_ext_00001,gob_ext_00351,proc_ext_00532,proc_ext_00612,proc_ext_00435,dlk_ext_00226
gob_proceso_0732;2;gob_tbl_03318,proc_tbl_02004;10;proc_tbl_04264,dlk_tbl_03961,gob_tbl_04419,gob_tbl_02260,dlk_tbl_03206,dlk_tbl_03831,gob_ext_00458,dlk_ext_00538,ppn_ext_00504,gob_ext_00313
proc_proceso_0733;5;dlk_tbl_01358,gob_tbl_02120,dash_tbl_00280,dlk_tbl_00606,dlk_tbl_01156;7;dlk_tbl_00235,gob_tbl_00745,proc_tbl_00172,m4sco_tbl_01427,gob_ext_00604,dlk_ext_00195,gob_ext_00522
proc_proceso_0734;6;dash_tbl_01212,gob_tbl_00484,dlk_tbl_01136,dlk_tbl_00834,dlk_tbl_01452,gob_tbl_00818;6;dlk_tbl_02141,dlk_tbl_02892,dlk_tbl_04220,gob_ext_00474,gob_ext_00486,ppn_ext_00021
gob_proceso_0735;4;gob_tbl_03335,dlk_tbl_00239,gob_tbl_02688,dlk_tbl_03142;10;proc_tbl_00172,dash_tbl_02795,dlk_tbl_00631,gob_tbl_04065,gob_tbl_03330,dlk_tbl_04164,dlk_ext_00136,gob_ext_00524,dlk_ext_00170,dlk_ext_00583
gob_proceso_0736;3;dlk_tbl_00390,gob_tbl_03930,std_tbl_04030;14;dlk_tbl_01228,gob_tbl_00615,proc_tbl_02311,dlk_tbl_01166,dash_tbl_02070,dlk_tbl_03689,gob_tbl_04292,dlk_tbl_01562,gob_ext_00222,proc_ext_00435,dlk_ext_00410,gob_ext_00189,gob_ext_00334,gob_ext_00271
gob_proceso_0737;4;ppn_tbl_02466,proc_tbl_00725,dlk_tbl_02498,dlk_tbl_01923;4;m4sco_tbl_02182,proc_tbl_00744,gob_ext_00450,proc_ext_00146
dlk_proceso_0738;3;gob_tbl_01824,proc_tbl_00171,dlk_tbl_01929;14;dlk_tbl_03861,dash_tbl_02549,gob_tbl_04213,dlk_tbl_04246,proc_tbl_03243,dlk_tbl_04127,dlk_tbl_01285,proc_tbl_00353,dash_ext_00633,dlk_ext_00173,dlk_ext_00547,gob_ext_00584,std_ext_00618,gob_ext_00441
dlk_proceso_0739;5;m4vw_tbl_01017,dlk_tbl_01067,dlk_tbl_04241,gob_tbl_01243,dlk_tbl_03169;9;dlk_tbl_02449,dlk_tbl_04390,dlk_tbl_04302,gob_tbl_00491,dlk_tbl_02613,dash_ext_00442,gob_ext_00058,dlk_ext_00052,dash_ext_00633
dash_proceso_0740;6;dlk_tbl_04466,gob_tbl_03096,dlk_tbl_00574,dlk_tbl_03421,gob_tbl_01443,dlk_tbl_00466;11;dlk_tbl_03104,gob_tbl_02260,gob_tbl_02051,dlk_tbl_03168,gob_tbl_01964,dlk_tbl_01452,gob_ext_00029,dlk_ext_00513,gob_ext_00049,dlk_ext_00113,gob_ext_00187
dlk_proceso_0741;6;dlk_tbl_01747,dlk_tbl_03447,dash_tbl_02716,dlk_tbl_00567,std_tbl_02760,ppn_tbl_00578;15;proc_tbl_00457,dlk_tbl_00703,dlk_tbl_01187,gob_tbl_02597,gob_tbl_01764,dlk_tbl_01382,dlk_tbl_02033,proc_tbl_02580,dlk_tbl_04167,proc_ext_00401,dlk_ext_00434,gob_ext_00200,gob_ext_00379,proc_ext_00103,proc_ext_00158
gob_proceso_0742;8;gob_tbl_02758,dlk_tbl_02513,dlk_tbl_04215,gob_tbl_03483,dash_tbl_00704,gob_tbl_01265,gob_tbl_03468,gob_tbl_01441;9;gob_tbl_02448,gob_tbl_00286,proc_tbl_03425,dlk_tbl_01492,proc_tbl_01750,gob_ext_00386,gob_ext_00384,gob_ext_00523,gob_ext_00033
dlk_proceso_0743;4;proc_tbl_02821,gob_tbl_00940,gob_tbl_03156,gob_tbl_01745;4;dlk_tbl_01201,dash_tbl_02009,proc_ext_00030,gob_ext_00584
dlk_proceso_0744;6;dlk_tbl_01874,dash_tbl_01413,dlk_tbl_00659,gob_tbl_01607,dlk_tbl_02586,dlk_tbl_04396;9;dash_tbl_01904,gob_tbl_01173,proc_tbl_02616,gob_tbl_00334,dlk_tbl_02825,dash_ext_00204,proc_ext_00616,ppn_ext_00216,dlk_ext_00054
dlk_proceso_0745;5;gob_tbl_04397,dlk_tbl_02685,ppn_tbl_04392,gob_tbl_02335,dash_tbl_02282;19;dlk_tbl_02476,gob_tbl_02044,gob_tbl_01824,gob_tbl_01110,proc_tbl_02943,dlk_tbl_01022,dash_tbl_00752,dlk_tbl_04038,dlk_tbl_02127,gob_tbl_02641,dlk_tbl_00124,gob_ext_00107,proc_ext_00555,gob_ext_00619,dlk_ext_00306,gob_ext_00530,gob_ext_00628,dlk_ext_00561,gob_ext_00139
dlk_proceso_0746;6;dash_tbl_04183,gob_tbl_02542,proc_tbl_04082,dlk_tbl_00253,dlk_tbl_01351,gob_tbl_02173;10;gob_tbl_00615,gob_tbl_01124,dlk_tbl_02805,proc_tbl_02616,proc_tbl_03346,gob_tbl_01800,dash_ext_00420,dlk_ext_00294,gob_ext_00572,dlk_ext_00108
gob_proceso_0747;4;dlk_tbl_02946,proc_tbl_03525,dlk_tbl_02976,dlk_tbl_01809;9;gob_tbl_00405,proc_tbl_03267,dlk_tbl_02659,proc_tbl_01585,dlk_tbl_02053,gob_ext_00288,dlk_ext_00001,dlk_ext_00348,proc_ext_00381
dlk_proceso_0748;5;gob_tbl_01630,dlk_tbl_02964,dlk_tbl_04255,dlk_tbl_02421,gob_tbl_03484;7;dlk_tbl_02623,dlk_tbl_00048,dash_tbl_03322,dash_tbl_00628,dlk_ext_00133,dash_ext_00490,gob_ext_00520
dlk_proceso_0749;8;gob_tbl_03217,proc_tbl_02703,gob_tbl_03825,dlk_tbl_04385,gob_tbl_03723,proc_tbl_02526,gob_tbl_02210,proc_tbl_02824;14;dlk_tbl_00740,dlk_tbl_01357,dlk_tbl_02360,gob_tbl_01336,dash_tbl_03820,dash_tbl_03176,gob_tbl_02745,gob_tbl_03761,dlk_ext_00345,dlk_ext_00398,gob_ext_00271,dash_ext_00514,gob_ext_00252,std_ext_00594
proc_proceso_0750;4;proc_tbl_01616,std_tbl_00641,dlk_tbl_03281,dlk_tbl_01732;9;proc_tbl_01466,proc_tbl_03223,gob_tbl_03494,gob_tbl_02025,m4sco_tbl_02163,dlk_ext_00226,dlk_ext_00621,dlk_ext_00152,gob_ext_00474
dlk_proceso_0751;6;gob_tbl_00003,gob_tbl_04057,gob_tbl_03823,dlk_tbl_00782,gob_tbl_00808,gob_tbl_01566;9;gob_tbl_02781,gob_tbl_02224,proc_tbl_03966,gob_tbl_04189,gob_tbl_03731,proc_ext_00150,gob_ext_00584,dlk_ext_00378,gob_ext_00523
dlk_proceso_0752;4;gob_tbl_00754,dlk_tbl_03800,dlk_tbl_01417,dlk_tbl_03841;10;gob_tbl_00299,m4sco_tbl_01427,gob_tbl_04281,gob_tbl_00108,dlk_tbl_02216,proc_tbl_03375,dlk_ext_00499,gob_ext_00604,std_ext_00510,dlk_ext_00066
dash_proceso_0753;6;proc_tbl_01307,gob_tbl_03697,gob_tbl_03129,gob_tbl_02502,gob_tbl_03712,dash_tbl_02388;6;gob_tbl_01830,proc_tbl_04008,proc_tbl_00753,proc_ext_00242,proc_ext_00414,dlk_ext_00165
gob_proceso_0754;6;proc_tbl_03836,gob_tbl_01543,gob_tbl_03807,dash_tbl_04223,gob_tbl_01316,dlk_tbl_01561;4;dlk_tbl_02050,dash_tbl_04299,proc_ext_00327,dlk_ext_00418
gob_proceso_0755;3;gob_tbl_02796,dlk_tbl_02289,std_tbl_03211;15;gob_tbl_00633,gob_tbl_03286,dlk_tbl_01955,gob_tbl_01787,dlk_tbl_00095,gob_tbl_01505,dlk_tbl_04143,gob_tbl_02093,dlk_tbl_03469,gob_ext_00581,std_ext_00360,dlk_ext_00177,gob_ext_00380,gob_ext_00275,dlk_ext_00167
dlk_proceso_0756;5;std_tbl_02252,dlk_tbl_00804,dlk_tbl_00349,dlk_tbl_00242,proc_tbl_02922;7;gob_tbl_00271,dash_tbl_00554,std_tbl_01664,proc_tbl_02101,proc_ext_00131,dlk_ext_00174,dlk_ext_00173
dlk_proceso_0757;3;gob_tbl_04081,dash_tbl_00411,dlk_tbl_03913;9;gob_tbl_04411,std_tbl_01828,dlk_tbl_00105,dlk_tbl_01893,dlk_tbl_00290,dlk_ext_00621,proc_ext_00119,dlk_ext_00459,dlk_ext_00169
dlk_proceso_0758;2;dlk_tbl_01362,proc_tbl_00336;10;dlk_tbl_02545,dlk_tbl_01851,dlk_tbl_01199,dlk_tbl_02577,dlk_tbl_00041,std_tbl_00252,gob_ext_00110,std_ext_00232,dlk_ext_00025,proc_ext_00401
dlk_proceso_0759;3;dlk_tbl_03039,gob_tbl_01536,dlk_tbl_01714;12;proc_tbl_01260,gob_tbl_03381,proc_tbl_02635,gob_tbl_03974,gob_tbl_01113,dlk_tbl_03284,dlk_tbl_03983,gob_ext_00086,dlk_ext_00054,dash_ext_00525,dlk_ext_00404,gob_ext_00479
proc_proceso_0760;3;dlk_tbl_00082,gob_tbl_02452,gob_tbl_01298;14;proc_tbl_00091,dlk_tbl_00936,dlk_tbl_00322,gob_tbl_02300,proc_tbl_03360,proc_tbl_03776,dlk_tbl_04193,proc_tbl_03734,gob_ext_00107,dash_ext_00394,gob_ext_00321,dlk_ext_00238,proc_ext_00020,gob_ext_00521
dlk_proceso_0761;6;dlk_tbl_03446,dash_tbl_03711,dlk_tbl_03256,gob_tbl_00575,dlk_tbl_02403,dlk_tbl_04053;15;dash_tbl_00898,gob_tbl_00203,gob_tbl_01506,proc_tbl_02221,std_tbl_01541,proc_tbl_04209,dlk_tbl_03857,dlk_tbl_01164,gob_tbl_03290,proc_ext_00192,proc_ext_00427,dlk_ext_00231,dlk_ext_00122,proc_ext_00457,gob_ext_00111
gob_proceso_0762;6;gob_tbl_04405,dash_tbl_02298,gob_tbl_02853,gob_tbl_02441,gob_tbl_04369,gob_tbl_04454;6;dlk_tbl_04438,dlk_tbl_00965,dlk_tbl_03637,gob_ext_00582,gob_ext_00460,dlk_ext_00389
gob_proceso_0763;3;gob_tbl_03022,std_tbl_03420,gob_tbl_04227;9;gob_tbl_04010,dlk_tbl_02361,proc_tbl_01515,gob_tbl_04368,gob_tbl_04019,dlk_ext_00169,gob_ext_00417,dlk_ext_00123,dlk_ext_00547
dlk_proceso_0764;4;dlk_tbl_03944,dlk_tbl_03666,dash_tbl_03621,dash_tbl_03647;12;gob_tbl_02989,gob_tbl_03282,dlk_tbl_00708,dash_tbl_04185,gob_tbl_01403,dlk_tbl_02107,dash_tbl_02012,dlk_ext_00294,proc_ext_00225,dlk_ext_00477,proc_ext_00468,dlk_ext_00136
dash_proceso_0765;2;gob_tbl_00368,gob_tbl_03326;13;dlk_tbl_00297,gob_tbl_00332,proc_tbl_04386,gob_tbl_01323,dlk_tbl_00241,gob_tbl_02578,proc_tbl_00716,gob_ext_00275,proc_ext_00343,dash_ext_00203,dlk_ext_00012,dlk_ext_00432,gob_ext_00380
gob_proceso_0766;5;gob_tbl_00838,dlk_tbl_03890,gob_tbl_00057,gob_tbl_02349,std_tbl_03229;7;dlk_tbl_01400,m4vw_tbl_03882,dash_tbl_01915,dlk_tbl_00244,proc_ext_00197,std_ext_00510,gob_ext_00199
dash_proceso_0767;3;dash_tbl_01925,proc_tbl_02185,gob_tbl_04043;7;dlk_tbl_01424,proc_tbl_03482,dash_tbl_01583,gob_tbl_00666,dlk_ext_00388,gob_ext_00003,dlk_ext_00424
proc_proceso_0768;5;dlk_tbl_00671,dlk_tbl_04144,dlk_tbl_03204,gob_tbl_02150,dlk_tbl_03339;15;gob_tbl_02315,gob_tbl_01859,dlk_tbl_00567,proc_tbl_00157,gob_tbl_01403,dlk_tbl_00124,gob_tbl_01389,proc_tbl_00072,dlk_tbl_01513,gob_ext_00168,m4vw_ext_00359,proc_ext_00427,std_ext_00618,dlk_ext_00571,proc_ext_00435
dlk_proceso_0769;6;dlk_tbl_00646,dash_tbl_01385,dash_tbl_01194,gob_tbl_02382,proc_tbl_01097,dlk_tbl_03209;6;ppn_tbl_03931,dlk_tbl_03395,dlk_tbl_02068,dlk_ext_00388,gob_ext_00127,std_ext_00587
dlk_proceso_0770;4;dlk_tbl_00488,gob_tbl_04210,gob_tbl_03303,gob_tbl_01576;8;std_tbl_02582,proc_tbl_02837,gob_tbl_02477,gob_tbl_03506,dash_tbl_00358,gob_ext_00187,proc_ext_00178,dlk_ext_00516
proc_proceso_0771;5;std_tbl_02488,dlk_tbl_00891,gob_tbl_00372,dlk_tbl_01968,dlk_tbl_01344;13;dlk_tbl_02293,proc_tbl_03419,gob_tbl_03533,dlk_tbl_00787,proc_tbl_02112,dlk_tbl_00839,dlk_tbl_00961,gob_ext_00164,proc_ext_00635,dlk_ext_00185,dlk_ext_00152,gob_ext_00460,gob_ext_00182
gob_proceso_0772;3;gob_tbl_02727,proc_tbl_01796,ppn_tbl_04469;6;gob_tbl_02849,std_tbl_00428,gob_tbl_02382,gob_ext_00460,gob_ext_00287,proc_ext_00242
gob_proceso_0773;2;dlk_tbl_04319,gob_tbl_01238;5;dlk_tbl_02513,gob_tbl_01891,proc_tbl_03851,m4vw_ext_00559,gob_ext_00164
dlk_proceso_0774;3;proc_tbl_03090,dlk_tbl_01825,dlk_tbl_03709;11;gob_tbl_01876,dash_tbl_03583,dash_tbl_00047,dlk_tbl_03116,dlk_tbl_01965,gob_tbl_01713,dlk_ext_00123,proc_ext_00004,dash_ext_00454,proc_ext_00496,proc_ext_00468
proc_proceso_0775;4;gob_tbl_02503,dlk_tbl_02476,dlk_tbl_02864,dlk_tbl_00720;12;ppn_tbl_01551,proc_tbl_00692,dash_tbl_02368,dlk_tbl_02689,dlk_tbl_02585,gob_tbl_03477,dash_tbl_03234,dash_ext_00492,proc_ext_00055,dlk_ext_00390,gob_ext_00265,dlk_ext_00006
gob_proceso_0776;3;dlk_tbl_03116,dlk_tbl_04361,proc_tbl_01478;8;ppn_tbl_04162,gob_tbl_00974,dash_tbl_02795,proc_tbl_00819,dlk_tbl_00298,proc_ext_00589,proc_ext_00327,proc_ext_00496
gob_proceso_0777;4;proc_tbl_02072,ppn_tbl_04090,dlk_tbl_02866,dash_tbl_03351;5;proc_tbl_01761,gob_tbl_03413,dlk_tbl_02425,dlk_ext_00220,proc_ext_00207
dlk_proceso_0778;3;gob_tbl_00764,proc_tbl_01010,gob_tbl_04368;6;dlk_tbl_03071,dlk_tbl_03705,m4vw_tbl_01895,gob_ext_00384,proc_ext_00000,gob_ext_00191
dash_proceso_0779;2;dlk_tbl_03498,proc_tbl_01299;9;gob_tbl_03038,gob_tbl_00417,m4vw_tbl_04306,gob_tbl_02608,dlk_tbl_01253,gob_ext_00227,dlk_ext_00257,dlk_ext_00170,proc_ext_00508
dlk_proceso_0780;5;gob_tbl_03838,gob_tbl_02430,proc_tbl_00765,gob_tbl_00560,gob_tbl_01816;13;m4sco_tbl_01993,gob_tbl_01566,gob_tbl_03103,gob_tbl_01265,dlk_tbl_02090,gob_tbl_01024,dash_tbl_02662,proc_ext_00324,gob_ext_00619,proc_ext_00121,proc_ext_00263,dash_ext_00514,dlk_ext_00113
gob_proceso_0781;5;gob_tbl_00064,proc_tbl_02538,dlk_tbl_00676,dash_tbl_03858,dlk_tbl_03117;4;proc_tbl_03155,dash_tbl_01018,gob_ext_00361,proc_ext_00020
proc_proceso_0782;4;dlk_tbl_00399,gob_tbl_03892,m4sco_tbl_00459,gob_tbl_02918;12;dash_tbl_00554,dlk_tbl_02566,dash_tbl_00220,proc_tbl_04301,gob_tbl_00952,dlk_tbl_03620,gob_tbl_00369,gob_ext_00533,dlk_ext_00505,gob_ext_00176,proc_ext_00589,dlk_ext_00062
gob_proceso_0783;6;gob_tbl_03037,dlk_tbl_00706,dlk_tbl_00923,std_tbl_00707,gob_tbl_03540,gob_tbl_01862;15;m4vw_tbl_02576,m4vw_tbl_03226,proc_tbl_00199,gob_tbl_01505,proc_tbl_00318,dlk_tbl_00834,dlk_tbl_00354,gob_tbl_01663,dlk_tbl_03551,proc_ext_00146,proc_ext_00457,dlk_ext_00053,gob_ext_00519,dlk_ext_00188,gob_ext_00379
dlk_proceso_0784;8;std_tbl_02064,gob_tbl_03477,gob_tbl_02109,dlk_tbl_02360,dlk_tbl_00105,dlk_tbl_03938,dlk_tbl_00017,gob_tbl_01410;5;dash_tbl_04299,dlk_tbl_02579,proc_tbl_02809,dlk_ext_00093,dlk_ext_00085
proc_proceso_0785;3;gob_tbl_04436,gob_tbl_00576,dlk_tbl_00630;12;gob_tbl_01011,gob_tbl_01862,dlk_tbl_03901,dlk_tbl_02340,gob_tbl_03664,dash_tbl_02009,dlk_tbl_03063,dlk_ext_00389,m4sco_ext_00094,proc_ext_00324,proc_ext_00435,dlk_ext_00418
dlk_proceso_0786;5;proc_tbl_01069,dlk_tbl_03686,gob_tbl_01547,proc_tbl_03851,dash_tbl_02277;17;dash_tbl_02407,std_tbl_01262,proc_tbl_02108,proc_tbl_00828,dash_tbl_03438,gob_tbl_02870,gob_tbl_00969,dlk_tbl_03976,gob_tbl_00379,dlk_tbl_02248,dlk_ext_00081,gob_ext_00112,dlk_ext_00614,dash_ext_00620,gob_ext_00467,dlk_ext_00515,gob_ext_00143
gob_proceso_0787;4;proc_tbl_02469,proc_tbl_00033,gob_tbl_03371,gob_tbl_00441;9;gob_tbl_02044,dlk_tbl_02869,dlk_tbl_02092,dlk_tbl_03773,gob_tbl_00255,dlk_ext_00099,gob_ext_00105,gob_ext_00601,m4vw_ext_00359
dlk_proceso_0788;5;dlk_tbl_01873,proc_tbl_00353,std_tbl_04103,std_tbl_03608,gob_tbl_01511;14;std_tbl_01683,gob_tbl_03725,dlk_tbl_01841,std_tbl_00392,proc_tbl_03164,proc_tbl_00172,proc_tbl_04126,dlk_tbl_01152,gob_ext_00626,gob_ext_00591,dlk_ext_00390,gob_ext_00334,dlk_ext_00389,dlk_ext_00547
dlk_proceso_0789;6;gob_tbl_01088,dlk_tbl_00652,proc_tbl_00030,gob_tbl_02759,dlk_tbl_01064,dlk_tbl_01368;12;dlk_tbl_03530,gob_tbl_03665,gob_tbl_00407,dlk_tbl_02971,dlk_tbl_02659,dlk_tbl_00956,gob_tbl_03731,dlk_ext_00017,proc_ext_00102,dlk_ext_00424,gob_ext_00261,dlk_ext_00001
dash_proceso_0790;5;gob_tbl_01959,dlk_tbl_04029,gob_tbl_02973,gob_tbl_02395,dlk_tbl_03352;10;gob_tbl_03484,gob_tbl_02687,gob_tbl_02219,proc_tbl_02146,gob_tbl_01204,dlk_tbl_02179,dash_ext_00425,dlk_ext_00061,dash_ext_00312,dlk_ext_00325
dlk_proceso_0791;5;dlk_tbl_02557,dlk_tbl_04121,dlk_tbl_04259,gob_tbl_00144,dash_tbl_02701;14;gob_tbl_01044,gob_tbl_03356,gob_tbl_02927,proc_tbl_00015,dlk_tbl_02421,gob_tbl_04237,gob_tbl_02575,dlk_tbl_00200,gob_ext_00036,proc_ext_00121,dash_ext_00088,proc_ext_00421,gob_ext_00544,dlk_ext_00188
dlk_proceso_0792;6;dlk_tbl_01073,gob_tbl_02661,dlk_tbl_04277,std_tbl_02679,proc_tbl_02719,gob_tbl_02641;10;std_tbl_02066,dlk_tbl_03835,dlk_tbl_01424,dash_tbl_01925,gob_tbl_01943,gob_tbl_01314,std_ext_00512,dlk_ext_00325,dash_ext_00420,gob_ext_00474
dlk_proceso_0793;6;std_tbl_01664,std_tbl_04156,dlk_tbl_00783,gob_tbl_03786,dash_tbl_00051,gob_tbl_01008;6;dlk_tbl_01874,gob_tbl_03529,proc_tbl_02366,dlk_ext_00405,dlk_ext_00547,gob_ext_00479
dlk_proceso_0794;6;dlk_tbl_02847,gob_tbl_02636,gob_tbl_00521,gob_tbl_03922,gob_tbl_00822,gob_tbl_04065;4;gob_tbl_01658,proc_tbl_02095,gob_ext_00254,proc_ext_00010
dlk_proceso_0795;2;gob_tbl_02927,dlk_tbl_02627;9;gob_tbl_02255,proc_tbl_03093,dlk_tbl_02609,gob_tbl_02269,dlk_tbl_03147,gob_ext_00369,gob_ext_00375,proc_ext_00336,proc_ext_00573
dlk_proceso_0796;5;gob_tbl_04050,dlk_tbl_00956,gob_tbl_00108,proc_tbl_00217,dlk_tbl_03528;12;dlk_tbl_01718,proc_tbl_01750,proc_tbl_02374,proc_tbl_03405,dlk_tbl_04056,dlk_tbl_00941,gob_tbl_03598,dlk_ext_00485,dash_ext_00008,gob_ext_00415,dlk_ext_00286,m4vw_ext_00447
gob_proceso_0797;3;dlk_tbl_02190,ppn_tbl_03543,dlk_tbl_00658;7;dlk_tbl_02890,gob_tbl_04292,dash_tbl_02387,gob_tbl_01333,ppn_ext_00046,gob_ext_00198,dlk_ext_00602
gob_proceso_0798;6;dlk_tbl_02613,gob_tbl_02724,dlk_tbl_01944,proc_tbl_03076,proc_tbl_00784,dlk_tbl_02484;15;dlk_tbl_02598,dlk_tbl_03142,dash_tbl_02407,gob_tbl_04459,gob_tbl_00291,gob_tbl_03737,std_tbl_00252,dlk_tbl_01594,dlk_tbl_01731,gob_ext_00393,gob_ext_00441,gob_ext_00476,dlk_ext_00387,gob_ext_00259,gob_ext_00151
dlk_proceso_0799;5;proc_tbl_04221,dlk_tbl_04145,dlk_tbl_04296,dash_tbl_01649,gob_tbl_01287;10;m4sco_tbl_03627,dash_tbl_01915,gob_tbl_03808,dlk_tbl_04284,std_tbl_03211,dlk_tbl_00971,dlk_ext_00195,dlk_ext_00190,gob_ext_00601,proc_ext_00632
dlk_proceso_0800;4;dlk_tbl_02333,dlk_tbl_01985,std_tbl_04041,proc_tbl_03052;11;gob_tbl_04367,gob_tbl_01249,proc_tbl_02568,dlk_tbl_01963,gob_tbl_00774,gob_tbl_00726,gob_ext_00086,std_ext_00510,proc_ext_00535,gob_ext_00628,gob_ext_00371
proc_proceso_0801;4;gob_tbl_01321,gob_tbl_00192,gob_tbl_03594,dlk_tbl_01577;13;dlk_tbl_02811,gob_tbl_02941,gob_tbl_04422,dash_tbl_02450,dlk_tbl_00631,dlk_tbl_00276,dlk_tbl_00385,std_ext_00237,dlk_ext_00173,gob_ext_00007,dash_ext_00088,m4vw_ext_00356,std_ext_00057
dlk_proceso_0802;5;proc_tbl_01655,dash_tbl_01482,gob_tbl_03600,dlk_tbl_01038,dlk_tbl_00715;8;dlk_tbl_00433,dlk_tbl_03023,gob_tbl_02473,dash_tbl_03635,dlk_tbl_04056,dlk_ext_00123,gob_ext_00106,m4sco_ext_00094
dlk_proceso_0803;3;proc_tbl_03186,dlk_tbl_02833,proc_tbl_00779;6;dlk_tbl_02484,proc_tbl_01374,gob_tbl_03312,proc_ext_00414,gob_ext_00106,gob_ext_00393
dlk_proceso_0804;4;m4vw_tbl_01869,gob_tbl_02025,gob_tbl_01595,gob_tbl_03077;14;dlk_tbl_03456,dash_tbl_02895,gob_tbl_03312,std_tbl_04103,dash_tbl_01863,dlk_tbl_01293,gob_tbl_00948,proc_tbl_01597,dash_ext_00514,std_ext_00232,proc_ext_00381,gob_ext_00153,dlk_ext_00144,dlk_ext_00294
dlk_proceso_0805;7;gob_tbl_01621,dlk_tbl_01978,proc_tbl_03372,gob_tbl_04342,proc_tbl_04126,dlk_tbl_02596,dash_tbl_01915;9;dlk_tbl_00733,dlk_tbl_01315,proc_tbl_02816,dlk_tbl_03571,dlk_tbl_02361,dlk_ext_00382,gob_ext_00023,dlk_ext_00400,dlk_ext_00505
gob_proceso_0806;8;dash_tbl_00771,std_tbl_02972,gob_tbl_04384,gob_tbl_03024,gob_tbl_03196,dlk_tbl_00542,dlk_tbl_03297,dlk_tbl_01906;14;gob_tbl_03936,dlk_tbl_01383,gob_tbl_02441,gob_tbl_03213,dlk_tbl_01638,dlk_tbl_02615,dlk_tbl_03337,proc_tbl_00217,dlk_ext_00185,gob_ext_00615,proc_ext_00343,gob_ext_00175,proc_ext_00316,gob_ext_00239
dlk_proceso_0807;6;gob_tbl_01861,gob_tbl_02461,dlk_tbl_02925,dlk_tbl_03740,dlk_tbl_03349,gob_tbl_00355;10;gob_tbl_03796,dlk_tbl_00276,dash_tbl_02695,dlk_tbl_01269,gob_tbl_01207,dlk_tbl_02449,dlk_ext_00317,gob_ext_00023,std_ext_00057,dlk_ext_00177
proc_proceso_0808;6;dlk_tbl_03956,dlk_tbl_02014,gob_tbl_04173,gob_tbl_00331,dash_tbl_03752,gob_tbl_00421;5;proc_tbl_00091,proc_tbl_00028,dlk_tbl_02638,dlk_ext_00434,dlk_ext_00622
dlk_proceso_0809;6;dlk_tbl_02825,dlk_tbl_01514,proc_tbl_01994,m4sco_tbl_02954,dlk_tbl_00181,dash_tbl_04238;4;gob_tbl_00192,m4vw_tbl_01624,std_ext_00044,dlk_ext_00466
gob_proceso_0810;7;dlk_tbl_03845,gob_tbl_02175,dlk_tbl_00239,std_tbl_02003,gob_tbl_03489,dlk_tbl_02192,gob_tbl_01625;10;dash_tbl_03320,gob_tbl_01035,m4sco_tbl_03627,dlk_tbl_02291,proc_tbl_03966,proc_tbl_01792,gob_ext_00406,dlk_ext_00387,gob_ext_00379,proc_ext_00435
proc_proceso_0811;4;dlk_tbl_00152,dlk_tbl_01690,proc_tbl_00545,proc_tbl_00019;4;dlk_tbl_01351,dash_tbl_02471,dlk_ext_00382,dlk_ext_00634
gob_proceso_0812;4;gob_tbl_01090,m4vw_tbl_02992,dlk_tbl_00778,dlk_tbl_02408;6;dlk_tbl_00201,gob_tbl_03995,gob_tbl_00560,dlk_ext_00244,gob_ext_00619,gob_ext_00629
dash_proceso_0813;3;gob_tbl_02708,proc_tbl_00281,m4vw_tbl_01733;9;dash_tbl_03671,dlk_tbl_00720,proc_tbl_01741,dlk_tbl_00241,gob_tbl_02143,proc_ext_00343,dash_ext_00128,dash_ext_00214,gob_ext_00351
dash_proceso_0814;5;dlk_tbl_03886,gob_tbl_01249,gob_tbl_03879,ppn_tbl_00649,gob_tbl_01727;15;gob_tbl_02174,dlk_tbl_04262,gob_tbl_02973,dlk_tbl_00571,std_tbl_04156,proc_tbl_03321,dlk_tbl_01902,dlk_tbl_00078,gob_tbl_04267,dlk_ext_00614,proc_ext_00316,dlk_ext_00390,dlk_ext_00092,dlk_ext_00231,gob_ext_00630
gob_proceso_0815;2;proc_tbl_02350,gob_tbl_00332;6;gob_tbl_02170,gob_tbl_01855,dlk_tbl_04119,dash_ext_00456,dlk_ext_00129,gob_ext_00331
dlk_proceso_0816;2;gob_tbl_03714,dlk_tbl_03308;5;dlk_tbl_04035,dash_tbl_01142,gob_tbl_04387,proc_ext_00102,ppn_ext_00216
gob_proceso_0817;6;gob_tbl_00491,dash_tbl_03729,dlk_tbl_03501,dlk_tbl_02310,gob_tbl_03470,m4sco_tbl_04059;4;gob_tbl_01044,gob_tbl_00256,gob_ext_00548,gob_ext_00478
gob_proceso_0818;3;proc_tbl_03267,proc_tbl_03521,dlk_tbl_00119;11;gob_tbl_01628,gob_tbl_02111,gob_tbl_00774,proc_tbl_01780,gob_tbl_04342,gob_tbl_00874,std_ext_00510,dlk_ext_00184,gob_ext_00530,gob_ext_00147,dash_ext_00568
dash_proceso_0819;6;proc_tbl_03784,m4vw_tbl_03101,dash_tbl_00772,proc_tbl_02607,dlk_tbl_04204,proc_tbl_01672;9;gob_tbl_02595,gob_tbl_00149,gob_tbl_01287,gob_tbl_01745,proc_tbl_03750,gob_ext_00608,gob_ext_00277,ppn_ext_00216,proc_ext_00468
proc_proceso_0820;3;gob_tbl_03233,proc_tbl_02940,gob_tbl_03937;8;proc_tbl_00233,gob_tbl_02612,gob_tbl_00332,gob_tbl_01908,dlk_tbl_03985,proc_ext_00381,dlk_ext_00005,proc_ext_00339
gob_proceso_0821;3;dash_tbl_02662,proc_tbl_00376,dlk_tbl_01605;9;proc_tbl_01681,gob_tbl_00497,m4vw_tbl_03943,gob_tbl_01628,dlk_tbl_01646,dlk_ext_00547,dlk_ext_00621,dlk_ext_00062,dlk_ext_00113
gob_proceso_0822;3;dlk_tbl_01719,dlk_tbl_03926,gob_tbl_02862;9;gob_tbl_01864,dlk_tbl_00390,gob_tbl_01868,dlk_tbl_02842,proc_tbl_03726,gob_ext_00599,proc_ext_00171,m4sco_ext_00569,proc_ext_00535
dash_proceso_0823;3;gob_tbl_03259,dlk_tbl_00429,gob_tbl_01816;13;std_tbl_01435,gob_tbl_03102,std_tbl_02883,gob_tbl_02462,dlk_tbl_04053,dlk_tbl_00414,gob_tbl_03678,proc_ext_00468,proc_ext_00102,proc_ext_00527,gob_ext_00372,gob_ext_00600,dlk_ext_00403
gob_proceso_0824;5;proc_tbl_04426,dlk_tbl_03323,gob_tbl_02143,dash_tbl_03234,proc_tbl_00876;8;gob_tbl_01694,dlk_tbl_04246,proc_tbl_03778,m4vw_tbl_03943,gob_tbl_03703,dash_ext_00454,dlk_ext_00311,gob_ext_00329
gob_proceso_0825;4;gob_tbl_01773,gob_tbl_04146,gob_tbl_02981,gob_tbl_00194;8;dlk_tbl_01517,gob_tbl_03929,gob_tbl_01314,proc_tbl_03108,dlk_tbl_00910,dash_ext_00577,dlk_ext_00115,dlk_ext_00485
dlk_proceso_0826;4;proc_tbl_02915,proc_tbl_04400,proc_tbl_04078,gob_tbl_00984;17;proc_tbl_02568,gob_tbl_00050,proc_tbl_01558,std_tbl_02066,std_tbl_03053,gob_tbl_02688,dlk_tbl_01709,proc_tbl_04473,proc_tbl_01699,dlk_tbl_03044,m4vw_ext_00480,dlk_ext_00377,gob_ext_00029,gob_ext_00023,dlk_ext_00238,proc_ext_00316,dlk_ext_00001
dlk_proceso_0827;5;gob_tbl_03974,dash_tbl_01117,gob_tbl_00582,gob_tbl_02677,gob_tbl_03730;7;dlk_tbl_01269,dlk_tbl_01000,proc_tbl_04283,dash_tbl_02920,dash_ext_00256,dlk_ext_00282,gob_ext_00143
dlk_proceso_0828;3;gob_tbl_01455,dlk_tbl_00418,gob_tbl_02406;13;dlk_tbl_02680,dlk_tbl_02049,proc_tbl_02723,proc_tbl_00030,gob_tbl_03591,dlk_tbl_04245,proc_tbl_03897,dlk_ext_00282,dlk_ext_00319,proc_ext_00461,dash_ext_00128,dash_ext_00442,gob_ext_00143
proc_proceso_0829;6;dash_tbl_03885,dlk_tbl_03032,dlk_tbl_01423,gob_tbl_04243,gob_tbl_04407,gob_tbl_02565;4;gob_tbl_01029,dlk_tbl_02014,gob_ext_00383,dash_ext_00514
gob_proceso_0830;6;dash_tbl_01087,m4vw_tbl_01178,dash_tbl_02868,gob_tbl_00857,dlk_tbl_03502,dlk_tbl_03672;4;proc_tbl_01866,proc_tbl_02054,gob_ext_00558,dlk_ext_00424
proc_proceso_0831;6;m4vw_tbl_01338,dlk_tbl_03579,proc_tbl_02537,dlk_tbl_01988,dlk_tbl_03376,gob_tbl_03449;10;gob_tbl_02753,dlk_tbl_04111,dash_tbl_00597,gob_tbl_02056,gob_tbl_02927,gob_tbl_03278,dlk_ext_00085,dlk_ext_00137,proc_ext_00146,dlk_ext_00294
proc_proceso_0832;6;dlk_tbl_04063,dlk_tbl_01324,dlk_tbl_01446,dlk_tbl_03124,gob_tbl_02823,m4vw_tbl_00988;13;dlk_tbl_03072,dlk_tbl_04006,dash_tbl_03622,dlk_tbl_03496,dlk_tbl_04195,gob_tbl_02351,proc_tbl_01866,gob_ext_00479,gob_ext_00486,gob_ext_00110,gob_ext_00239,dlk_ext_00389,proc_ext_00218
dlk_proceso_0833;4;gob_tbl_03183,ppn_tbl_01072,dlk_tbl_02100,proc_tbl_00947;8;gob_tbl_00718,proc_tbl_04435,gob_tbl_02143,gob_tbl_02630,gob_tbl_03317,dlk_ext_00621,dlk_ext_00081,ppn_ext_00526
gob_proceso_0834;5;dash_tbl_00320,dlk_tbl_03128,std_tbl_02827,gob_tbl_02741,dlk_tbl_00860;16;std_tbl_03916,gob_tbl_04189,gob_tbl_02448,gob_tbl_02503,dlk_tbl_01037,gob_tbl_00570,gob_tbl_00764,dlk_tbl_03391,dlk_tbl_03240,gob_ext_00198,dlk_ext_00215,dash_ext_00577,dlk_ext_00483,dlk_ext_00538,gob_ext_00627,std_ext_00237
proc_proceso_0835;6;dlk_tbl_00883,dlk_tbl_04231,gob_tbl_00718,gob_tbl_02765,proc_tbl_00400,dlk_tbl_01791;9;gob_tbl_03605,gob_tbl_03221,proc_tbl_00581,gob_tbl_04455,dlk_tbl_02413,dlk_ext_00503,proc_ext_00532,gob_ext_00176,std_ext_00237
dlk_proceso_0836;8;dash_tbl_00653,dlk_tbl_01476,dlk_tbl_02998,dlk_tbl_03493,proc_tbl_01822,dash_tbl_04095,dash_tbl_01225,gob_tbl_01943;6;gob_tbl_02351,dlk_tbl_01475,dlk_tbl_04415,m4sco_ext_00623,dlk_ext_00493,dlk_ext_00012
gob_proceso_0837;4;std_tbl_01637,dlk_tbl_04116,dlk_tbl_01731,gob_tbl_03423;6;dash_tbl_02009,dash_tbl_02813,dlk_tbl_00073,gob_ext_00153,proc_ext_00266,gob_ext_00091
dlk_proceso_0838;5;dlk_tbl_02516,dlk_tbl_02446,proc_tbl_00744,dlk_tbl_01772,proc_tbl_02967;10;dlk_tbl_04260,gob_tbl_03379,gob_tbl_01391,gob_tbl_00468,dash_tbl_00532,gob_tbl_01800,gob_ext_00627,dlk_ext_00006,dlk_ext_00161,dlk_ext_00229
dlk_proceso_0839;3;gob_tbl_00685,dlk_tbl_03677,gob_tbl_01063;9;gob_tbl_02765,proc_tbl_03474,proc_tbl_00091,gob_tbl_02863,dash_tbl_03111,gob_ext_00029,dash_ext_00240,dlk_ext_00276,dlk_ext_00389
proc_proceso_0840;3;gob_tbl_02149,dash_tbl_02011,dlk_tbl_02983;12;proc_tbl_01480,proc_tbl_01681,dlk_tbl_02164,proc_tbl_01792,gob_tbl_00906,ppn_tbl_02157,dlk_tbl_02340,dlk_ext_00215,proc_ext_00457,dlk_ext_00144,gob_ext_00049,dlk_ext_00071
dlk_proceso_0841;3;dlk_tbl_00260,dlk_tbl_03552,dlk_tbl_02068;12;dlk_tbl_01199,gob_tbl_01322,dlk_tbl_03901,gob_tbl_01910,gob_tbl_02698,dlk_tbl_03624,ppn_tbl_02157,gob_ext_00058,proc_ext_00332,dash_ext_00312,gob_ext_00321,gob_ext_00051
proc_proceso_0842;3;dlk_tbl_00250,std_tbl_03021,dlk_tbl_03705;10;gob_tbl_01970,dlk_tbl_02179,proc_tbl_01926,gob_tbl_00802,gob_tbl_01931,gob_tbl_00857,dlk_ext_00290,gob_ext_00600,dlk_ext_00294,gob_ext_00375
proc_proceso_0843;4;dash_tbl_00848,gob_tbl_00869,dash_tbl_02352,dlk_tbl_03337;8;dlk_tbl_02339,gob_tbl_03312,gob_tbl_01931,dlk_tbl_01516,dlk_tbl_04105,dlk_ext_00318,gob_ext_00246,proc_ext_00124
dlk_proceso_0844;4;dlk_tbl_00968,std_tbl_00664,dash_tbl_01533,dlk_tbl_03722;8;dash_tbl_03752,dlk_tbl_01172,gob_tbl_01191,gob_tbl_04292,m4vw_tbl_01700,gob_ext_00613,dlk_ext_00410,std_ext_00044
gob_proceso_0845;7;dlk_tbl_04282,gob_tbl_01312,dlk_tbl_01210,gob_tbl_01837,dlk_tbl_04112,gob_tbl_04333,gob_tbl_03026;9;proc_tbl_03474,proc_tbl_00106,proc_tbl_03497,gob_tbl_01091,proc_tbl_03507,dash_ext_00540,dash_ext_00258,dash_ext_00492,dlk_ext_00087
dlk_proceso_0846;8;proc_tbl_04406,dash_tbl_00397,dash_tbl_01721,dlk_tbl_00227,dlk_tbl_03219,gob_tbl_02102,gob_tbl_02364,dlk_tbl_04076;24;gob_tbl_04444,dash_tbl_00603,gob_tbl_01660,gob_tbl_00864,std_tbl_01102,proc_tbl_00455,dlk_tbl_03744,dlk_tbl_02936,dlk_tbl_00677,dash_tbl_03080,gob_tbl_00299,dlk_tbl_01118,gob_tbl_01147,dlk_tbl_03168,gob_ext_00003,proc_ext_00004,dlk_ext_00485,dlk_ext_00551,dash_ext_00354,dash_ext_00514,gob_ext_00629,dlk_ext_00319,gob_ext_00279,dlk_ext_00174
gob_proceso_0847;8;dash_tbl_00554,gob_tbl_01579,proc_tbl_02198,proc_tbl_04151,gob_tbl_00348,gob_tbl_04138,proc_tbl_04209,dlk_tbl_03702;5;dlk_tbl_00326,proc_tbl_00402,dlk_tbl_03025,dlk_ext_00590,gob_ext_00029
dlk_proceso_0848;5;dlk_tbl_02952,proc_tbl_00581,dash_tbl_01142,dlk_tbl_02649,dlk_tbl_00563;8;m4vw_tbl_03826,gob_tbl_00331,gob_tbl_01207,dlk_tbl_04282,gob_tbl_02597,dlk_ext_00099,dlk_ext_00161,proc_ext_00463
gob_proceso_0849;5;dlk_tbl_00395,dlk_tbl_00568,gob_tbl_02997,gob_tbl_03398,dash_tbl_01692;8;proc_tbl_00360,gob_tbl_00311,proc_tbl_01075,gob_tbl_02911,proc_tbl_04301,dlk_ext_00515,dlk_ext_00001,proc_ext_00632
dlk_proceso_0850;4;gob_tbl_03450,dlk_tbl_02181,dlk_tbl_04449,gob_tbl_03805;8;dlk_tbl_00163,m4vw_tbl_03424,gob_tbl_02351,gob_tbl_03563,m4vw_tbl_03311,m4vw_ext_00056,dash_ext_00018,dlk_ext_00294
proc_proceso_0851;6;gob_tbl_03548,gob_tbl_04237,m4sco_tbl_02793,gob_tbl_02290,dlk_tbl_01453,gob_tbl_03157;13;proc_tbl_03243,proc_tbl_00819,dlk_tbl_01350,dlk_tbl_01115,dlk_tbl_04317,gob_tbl_01284,proc_tbl_01750,proc_ext_00381,dlk_ext_00002,m4vw_ext_00356,gob_ext_00458,proc_ext_00192,gob_ext_00260
gob_proceso_0852;2;dlk_tbl_03062,proc_tbl_02848;7;dash_tbl_00220,gob_tbl_01698,std_tbl_02431,dash_tbl_01907,proc_ext_00518,gob_ext_00155,gob_ext_00366
dlk_proceso_0853;3;gob_tbl_02414,dash_tbl_04225,gob_tbl_01810;13;gob_tbl_02160,proc_tbl_02600,gob_tbl_04480,gob_tbl_03824,gob_tbl_02926,gob_tbl_03366,proc_tbl_01202,gob_ext_00608,m4vw_ext_00559,dlk_ext_00081,dash_ext_00258,proc_ext_00506,dash_ext_00312
dlk_proceso_0854;3;gob_tbl_01846,dlk_tbl_03541,dlk_tbl_02071;13;proc_tbl_03482,gob_tbl_01686,proc_tbl_02374,gob_tbl_01071,dlk_tbl_00681,gob_tbl_01694,dash_tbl_00020,dlk_ext_00048,gob_ext_00313,gob_ext_00003,m4vw_ext_00447,dlk_ext_00085,proc_ext_00030
dlk_proceso_0855;2;gob_tbl_01304,gob_tbl_00975;5;dlk_tbl_04020,gob_tbl_03506,m4sco_tbl_04069,proc_ext_00074,std_ext_00057
gob_proceso_0856;5;dash_tbl_01721,gob_tbl_04444,dlk_tbl_00941,m4vw_tbl_01327,dash_tbl_02985;5;dlk_tbl_00351,dlk_tbl_03201,gob_tbl_02030,gob_ext_00370,gob_ext_00385
gob_proceso_0857;3;gob_tbl_04367,proc_tbl_02217,dlk_tbl_00713;9;std_tbl_02105,dlk_tbl_01315,dlk_tbl_03614,dash_tbl_02958,gob_tbl_02714,gob_ext_00474,gob_ext_00627,gob_ext_00479,gob_ext_00227
dlk_proceso_0858;3;proc_tbl_00074,std_tbl_01133,dlk_tbl_02098;9;gob_tbl_03264,gob_tbl_00587,dlk_tbl_02702,proc_tbl_02993,proc_tbl_04264,dlk_ext_00136,gob_ext_00120,dlk_ext_00092,dlk_ext_00001
dlk_proceso_0859;2;dlk_tbl_03634,dlk_tbl_00548;10;gob_tbl_02796,gob_tbl_02462,gob_tbl_01131,dlk_tbl_01056,gob_tbl_02734,gob_tbl_03067,dlk_ext_00444,gob_ext_00233,proc_ext_00527,proc_ext_00263
dlk_proceso_0860;3;gob_tbl_04482,dlk_tbl_01320,gob_tbl_02128;13;proc_tbl_00983,gob_tbl_02941,dlk_tbl_03926,dlk_tbl_02340,gob_tbl_02756,dlk_tbl_04130,gob_tbl_01112,dash_ext_00141,gob_ext_00096,gob_ext_00393,gob_ext_00481,proc_ext_00010,dlk_ext_00323
dlk_proceso_0861;4;dlk_tbl_01201,dlk_tbl_04430,dlk_tbl_01481,std_tbl_03688;4;dlk_tbl_00470,proc_tbl_00038,dlk_ext_00190,proc_ext_00553
dash_proceso_0862;3;dlk_tbl_02914,dlk_tbl_01170,proc_tbl_01881;13;dash_tbl_04095,proc_tbl_00300,gob_tbl_01169,gob_tbl_02873,dash_tbl_00704,dlk_tbl_01495,gob_tbl_02452,dlk_ext_00433,dash_ext_00633,gob_ext_00227,gob_ext_00412,dash_ext_00196,dlk_ext_00404
gob_proceso_0863;5;proc_tbl_01317,dlk_tbl_01199,proc_tbl_04182,dlk_tbl_00686,dash_tbl_02515;13;dlk_tbl_02360,dlk_tbl_00661,m4vw_tbl_01700,dlk_tbl_02408,dlk_tbl_02291,dlk_tbl_01786,dlk_tbl_03614,proc_ext_00597,gob_ext_00374,proc_ext_00457,dlk_ext_00184,gob_ext_00628,gob_ext_00524
proc_proceso_0864;3;std_tbl_04039,gob_tbl_03416,gob_tbl_01916;14;gob_tbl_02478,dlk_tbl_02722,dlk_tbl_02833,dlk_tbl_01942,m4sco_tbl_02844,gob_tbl_02354,proc_tbl_01307,proc_tbl_03143,m4vw_ext_00359,m4sco_ext_00542,dlk_ext_00551,dlk_ext_00002,dlk_ext_00403,dlk_ext_00621
dash_proceso_0865;6;gob_tbl_00921,gob_tbl_00730,dlk_tbl_00678,gob_tbl_02058,dlk_tbl_00899,gob_tbl_03643;6;gob_tbl_01289,dlk_tbl_03835,gob_tbl_00118,dlk_ext_00179,gob_ext_00406,gob_ext_00458
gob_proceso_0866;5;gob_tbl_00070,gob_tbl_02731,gob_tbl_03639,gob_tbl_02329,proc_tbl_02017;13;gob_tbl_03247,gob_tbl_01618,gob_tbl_02595,m4vw_tbl_02628,gob_tbl_01070,gob_tbl_03936,proc_tbl_02124,gob_ext_00519,dash_ext_00203,gob_ext_00601,dlk_ext_00389,gob_ext_00073,gob_ext_00100
proc_proceso_0867;2;gob_tbl_03766,gob_tbl_01041;6;dlk_tbl_01357,dlk_tbl_04109,gob_tbl_02201,gob_ext_00321,gob_ext_00524,gob_ext_00288
proc_proceso_0868;7;gob_tbl_00266,gob_tbl_01643,proc_tbl_04202,gob_tbl_03418,proc_tbl_02411,gob_tbl_03731,gob_tbl_03106;15;dlk_tbl_01538,gob_tbl_04258,gob_tbl_00299,gob_tbl_00822,gob_tbl_01713,m4sco_tbl_01427,gob_tbl_02641,proc_tbl_00161,dash_tbl_02592,dash_ext_00204,dlk_ext_00382,gob_ext_00600,proc_ext_00047,dash_ext_00299,gob_ext_00036
dlk_proceso_0869;4;dlk_tbl_03813,gob_tbl_00587,dlk_tbl_00661,dlk_tbl_01532;13;dlk_tbl_00150,dlk_tbl_03791,dash_tbl_00461,dlk_tbl_04038,dlk_tbl_04245,gob_tbl_01497,dlk_tbl_00322,dlk_ext_00407,gob_ext_00592,dlk_ext_00436,gob_ext_00417,gob_ext_00007,dlk_ext_00400
gob_proceso_0870;7;gob_tbl_01157,dlk_tbl_02566,gob_tbl_00928,dlk_tbl_00068,m4vw_tbl_01746,dlk_tbl_04331,dash_tbl_02691;10;dlk_tbl_03072,dash_tbl_03320,gob_tbl_01034,proc_tbl_01706,gob_tbl_00575,dlk_tbl_03568,proc_ext_00427,dlk_ext_00404,gob_ext_00386,dlk_ext_00396
gob_proceso_0871;3;dlk_tbl_04253,gob_tbl_02330,dash_tbl_04016;11;dlk_tbl_03118,gob_tbl_03903,gob_tbl_00506,gob_tbl_03576,proc_tbl_01672,gob_tbl_03058,gob_ext_00033,gob_ext_00613,gob_ext_00275,std_ext_00060,dash_ext_00420
dlk_proceso_0872;4;proc_tbl_02588,gob_tbl_02145,gob_tbl_02563,dlk_tbl_01101;4;gob_tbl_02781,dlk_tbl_03357,gob_ext_00629,proc_ext_00506
gob_proceso_0873;2;dlk_tbl_01460,dlk_tbl_02574;8;dlk_tbl_00460,gob_tbl_02769,dlk_tbl_01793,proc_tbl_01866,dlk_tbl_03718,gob_ext_00415,gob_ext_00029,dlk_ext_00561
dlk_proceso_0874;6;gob_tbl_01175,gob_tbl_02006,dlk_tbl_03384,proc_tbl_04453,gob_tbl_01354,gob_tbl_04281;13;gob_tbl_00502,dlk_tbl_01228,proc_tbl_04194,gob_tbl_04064,gob_tbl_02045,dlk_tbl_02339,proc_tbl_02172,std_ext_00443,dlk_ext_00001,dlk_ext_00123,dlk_ext_00438,dlk_ext_00062,proc_ext_00461
dlk_proceso_0875;5;proc_tbl_00486,gob_tbl_02687,gob_tbl_02404,dash_tbl_03738,proc_tbl_04107;14;gob_tbl_04239,gob_tbl_01945,dlk_tbl_03890,dlk_tbl_00183,dlk_tbl_04416,dlk_tbl_02833,proc_tbl_02320,gob_tbl_00321,proc_ext_00401,gob_ext_00105,dlk_ext_00400,dlk_ext_00291,proc_ext_00430,gob_ext_00562
proc_proceso_0876;6;dlk_tbl_02955,gob_tbl_03040,dlk_tbl_00613,m4vw_tbl_02576,dlk_tbl_04401,gob_tbl_03073;10;dash_tbl_03455,gob_tbl_00497,gob_tbl_02984,dlk_tbl_01720,dlk_tbl_01836,dash_tbl_03110,proc_ext_00339,gob_ext_00558,dlk_ext_00593,gob_ext_00289
dash_proceso_0877;3;gob_tbl_03874,gob_tbl_01663,dlk_tbl_01381;10;dlk_tbl_02878,dlk_tbl_01929,dash_tbl_03304,gob_tbl_03381,proc_tbl_03255,gob_tbl_00530,gob_ext_00252,dlk_ext_00418,gob_ext_00313,dash_ext_00620
dlk_proceso_0878;5;dlk_tbl_02764,dash_tbl_01728,dlk_tbl_00693,gob_tbl_03443,dlk_tbl_03227;7;std_tbl_02222,dlk_tbl_01382,std_tbl_01604,dlk_tbl_01758,proc_ext_00468,dlk_ext_00190,dlk_ext_00304
dlk_proceso_0879;3;gob_tbl_02831,proc_tbl_03710,dlk_tbl_03759;6;dlk_tbl_02239,m4vw_tbl_02628,dlk_tbl_03705,dash_ext_00214,m4sco_ext_00529,gob_ext_00393
dlk_proceso_0880;4;dlk_tbl_02416,dash_tbl_02948,dlk_tbl_04048,proc_tbl_02809;9;gob_tbl_03649,dash_tbl_02059,gob_tbl_03364,dlk_tbl_04135,gob_tbl_02490,gob_ext_00603,dlk_ext_00472,m4vw_ext_00559,dlk_ext_00516
gob_proceso_0881;3;gob_tbl_02785,proc_tbl_00199,gob_tbl_04387;13;gob_tbl_01287,dlk_tbl_03206,dlk_tbl_03152,gob_tbl_01745,gob_tbl_01861,gob_tbl_00266,dlk_tbl_00879,dlk_ext_00583,dlk_ext_00167,dlk_ext_00226,dash_ext_00540,dlk_ext_00464,gob_ext_00370
proc_proceso_0882;5;dlk_tbl_01387,dlk_tbl_04345,std_tbl_03504,dlk_tbl_03284,dlk_tbl_01139;8;gob_tbl_01505,proc_tbl_03971,dash_tbl_02592,gob_tbl_04334,dlk_tbl_01229,proc_ext_00171,dlk_ext_00284,gob_ext_00351
dlk_proceso_0883;3;dlk_tbl_02772,dlk_tbl_02807,gob_tbl_04187;13;gob_tbl_00624,gob_tbl_02111,dlk_tbl_03025,dlk_tbl_02084,gob_tbl_03215,proc_tbl_02668,std_tbl_02215,ppn_ext_00526,dlk_ext_00087,proc_ext_00611,dlk_ext_00488,gob_ext_00334,dlk_ext_00281
gob_proceso_0884;2;gob_tbl_00799,dlk_tbl_00263;6;dlk_tbl_04143,proc_tbl_02338,dlk_tbl_01315,dlk_ext_00011,dlk_ext_00264,gob_ext_00227
proc_proceso_0885;7;dlk_tbl_01504,proc_tbl_01726,dlk_tbl_01217,dlk_tbl_04056,dlk_tbl_02553,std_tbl_04442,proc_tbl_04264;10;dlk_tbl_04035,dlk_tbl_00686,proc_tbl_01706,gob_tbl_00894,gob_tbl_02364,proc_tbl_04190,proc_ext_00411,gob_ext_00278,dlk_ext_00170,gob_ext_00607
dash_proceso_0886;6;dash_tbl_00284,dlk_tbl_00757,gob_tbl_01226,dlk_tbl_00584,gob_tbl_01582,gob_tbl_03941;6;gob_tbl_00802,dlk_tbl_03152,dash_tbl_00220,std_ext_00057,gob_ext_00399,ppn_ext_00504
dlk_proceso_0887;6;gob_tbl_03887,dlk_tbl_01096,gob_tbl_02280,gob_tbl_02494,proc_tbl_02640,gob_tbl_03855;10;dlk_tbl_01325,gob_tbl_01621,m4sco_tbl_03607,gob_tbl_03798,dlk_tbl_04145,dlk_tbl_04479,proc_ext_00016,ppn_ext_00504,dash_ext_00032,proc_ext_00506
dlk_proceso_0888;5;dlk_tbl_02171,dlk_tbl_00386,gob_tbl_02564,dlk_tbl_03572,dlk_tbl_03473;13;dlk_tbl_00099,dlk_tbl_03020,dlk_tbl_01963,m4sco_tbl_00863,dlk_tbl_02137,proc_tbl_01027,dlk_tbl_00503,m4vw_ext_00359,dlk_ext_00634,dash_ext_00490,dlk_ext_00304,dlk_ext_00400,proc_ext_00435
dlk_proceso_0889;3;dlk_tbl_02274,dlk_tbl_04088,dlk_tbl_00875;6;dlk_tbl_03981,dash_tbl_00220,dlk_tbl_03689,gob_ext_00386,gob_ext_00521,dlk_ext_00340
dlk_proceso_0890;5;gob_tbl_03625,dash_tbl_01313,dash_tbl_00431,dlk_tbl_03827,gob_tbl_01662;8;gob_tbl_00266,dlk_tbl_03841,proc_tbl_02703,dlk_tbl_00000,dlk_tbl_03865,gob_ext_00366,dlk_ext_00012,dlk_ext_00488
gob_proceso_0891;6;gob_tbl_00904,dlk_tbl_03920,proc_tbl_01706,gob_tbl_03078,proc_tbl_02392,dlk_tbl_01250;10;gob_tbl_04165,dash_tbl_03111,dlk_tbl_01382,m4vw_tbl_03745,dlk_tbl_01475,gob_tbl_01848,dlk_ext_00397,dlk_ext_00390,gob_ext_00031,dlk_ext_00179
gob_proceso_0892;5;gob_tbl_01154,gob_tbl_03936,dlk_tbl_04007,proc_tbl_02846,gob_tbl_02730;10;dlk_tbl_03634,dash_tbl_03635,dash_tbl_02387,proc_tbl_01202,dlk_tbl_01481,gob_tbl_00153,gob_ext_00080,gob_ext_00023,dlk_ext_00238,dlk_ext_00602
dlk_proceso_0893;2;gob_tbl_03228,gob_tbl_03237;10;dash_tbl_02522,m4vw_tbl_01338,proc_tbl_02411,gob_tbl_00070,gob_tbl_02758,proc_tbl_00846,proc_ext_00119,proc_ext_00635,dlk_ext_00365,proc_ext_00146
proc_proceso_0894;5;dlk_tbl_03781,gob_tbl_04425,proc_tbl_04386,gob_tbl_02393,dlk_tbl_03842;12;dlk_tbl_01019,gob_tbl_02138,gob_tbl_01181,proc_tbl_02993,dlk_tbl_03573,gob_tbl_04323,proc_tbl_00541,gob_ext_00364,proc_ext_00487,gob_ext_00342,dlk_ext_00062,proc_ext_00391
dlk_proceso_0895;3;gob_tbl_02454,gob_tbl_03282,gob_tbl_00520;9;gob_tbl_02462,std_tbl_01300,dlk_tbl_01481,gob_tbl_02758,gob_tbl_00654,dlk_ext_00053,gob_ext_00591,dlk_ext_00392,dlk_ext_00602
gob_proceso_0896;7;gob_tbl_00907,gob_tbl_01437,dash_tbl_00648,gob_tbl_03089,gob_tbl_04023,dlk_tbl_04224,proc_tbl_03819;20;dlk_tbl_01561,dlk_tbl_00660,gob_tbl_02125,dlk_tbl_00022,proc_tbl_01272,gob_tbl_00674,dlk_tbl_03552,dlk_tbl_04143,gob_tbl_01969,dlk_tbl_03496,dlk_tbl_00276,proc_tbl_00673,m4sco_ext_00569,dlk_ext_00423,dlk_ext_00012,proc_ext_00119,dlk_ext_00388,proc_ext_00435,dlk_ext_00398,gob_ext_00090
gob_proceso_0897;3;dlk_tbl_02966,dlk_tbl_00893,dlk_tbl_04489;9;m4sco_tbl_00863,gob_tbl_00147,gob_tbl_01215,gob_tbl_02354,proc_tbl_00402,gob_ext_00275,proc_ext_00178,dlk_ext_00349,m4sco_ext_00255
gob_proceso_0898;3;proc_tbl_03593,dlk_tbl_01253,dlk_tbl_04125;9;gob_tbl_02630,gob_tbl_00362,gob_tbl_00700,dlk_tbl_01277,proc_tbl_01145,gob_ext_00450,dlk_ext_00571,dlk_ext_00226,dlk_ext_00113
proc_proceso_0899;5;m4sco_tbl_02899,gob_tbl_03057,gob_tbl_02334,gob_tbl_02784,gob_tbl_01757;13;std_tbl_01633,dlk_tbl_00574,gob_tbl_02698,dlk_tbl_01170,proc_tbl_01059,ppn_tbl_00121,dlk_tbl_01136,dash_ext_00490,dlk_ext_00238,gob_ext_00386,gob_ext_00626,gob_ext_00467,proc_ext_00527
proc_proceso_0900;8;dlk_tbl_00021,proc_tbl_01103,gob_tbl_01631,dlk_tbl_03391,gob_tbl_01614,gob_tbl_04046,dlk_tbl_00872,proc_tbl_04244;24;m4vw_tbl_01895,gob_tbl_01773,gob_tbl_01256,gob_tbl_01024,gob_tbl_01402,dlk_tbl_00895,gob_tbl_03895,gob_tbl_03260,gob_tbl_01183,dlk_tbl_00163,dlk_tbl_03917,gob_tbl_04294,dash_tbl_04133,gob_tbl_03366,gob_ext_00186,dlk_ext_00230,proc_ext_00324,gob_ext_00409,proc_ext_00157,std_ext_00060,dlk_ext_00009,dlk_ext_00123,m4vw_ext_00056,proc_ext_00241
gob_proceso_0901;4;dlk_tbl_02293,proc_tbl_00084,dlk_tbl_00116,proc_tbl_02483;3;gob_tbl_02785,gob_tbl_03221,gob_ext_00379
dlk_proceso_0902;4;dlk_tbl_00619,gob_tbl_04272,proc_tbl_01530,proc_tbl_02397;8;gob_tbl_01042,dash_tbl_04066,gob_tbl_01848,dlk_tbl_00180,dlk_tbl_00658,dash_ext_00240,dlk_ext_00188,dlk_ext_00001
dlk_proceso_0903;3;gob_tbl_04213,dlk_tbl_04212,gob_tbl_03328;9;gob_tbl_01868,proc_tbl_01587,gob_tbl_04170,gob_tbl_02259,dlk_tbl_02586,dlk_ext_00345,dlk_ext_00516,gob_ext_00581,gob_ext_00364
dlk_proceso_0904;5;proc_tbl_01376,gob_tbl_04393,gob_tbl_04300,dlk_tbl_03801,dlk_tbl_01228;12;gob_tbl_00189,gob_tbl_03664,dlk_tbl_02343,proc_tbl_03405,gob_tbl_02823,dlk_tbl_04204,proc_tbl_02411,gob_ext_00361,proc_ext_00055,gob_ext_00089,dash_ext_00525,dlk_ext_00115
proc_proceso_0905;3;gob_tbl_02353,gob_tbl_03838,gob_tbl_00143;8;dlk_tbl_00535,dlk_tbl_00572,gob_tbl_04292,dlk_tbl_01164,dlk_tbl_01152,gob_ext_00600,dlk_ext_00304,proc_ext_00518
dlk_proceso_0906;3;gob_tbl_02863,gob_tbl_01575,proc_tbl_00148;5;dlk_tbl_02991,proc_tbl_01849,gob_tbl_01777,dlk_ext_00509,dlk_ext_00238
gob_proceso_0907;6;dash_tbl_02316,dlk_tbl_02950,gob_tbl_00558,dlk_tbl_00433,dlk_tbl_01760,gob_tbl_04445;10;gob_tbl_04454,gob_tbl_02831,dlk_tbl_02493,dlk_tbl_04077,dlk_tbl_04118,gob_tbl_01621,proc_ext_00336,gob_ext_00247,std_ext_00512,gob_ext_00629
dlk_proceso_0908;3;std_tbl_01633,dlk_tbl_02778,dlk_tbl_02132;9;dash_tbl_00051,proc_tbl_01672,proc_tbl_01914,dlk_tbl_03955,gob_tbl_00141,gob_ext_00033,dlk_ext_00440,proc_ext_00411,dlk_ext_00319
gob_proceso_0909;7;ppn_tbl_03931,proc_tbl_00507,gob_tbl_04484,gob_tbl_03771,dlk_tbl_03788,dlk_tbl_01949,proc_tbl_02913;9;m4vw_tbl_01281,dlk_tbl_03942,proc_tbl_03889,gob_tbl_02093,proc_tbl_03014,m4vw_ext_00356,proc_ext_00327,gob_ext_00120,gob_ext_00301
dlk_proceso_0910;2;dlk_tbl_02123,gob_tbl_03544;8;gob_tbl_02477,dlk_tbl_04388,dlk_tbl_01517,gob_tbl_01685,m4vw_tbl_03311,dlk_ext_00319,std_ext_00057,gob_ext_00246
proc_proceso_0911;6;proc_tbl_03223,dlk_tbl_01401,gob_tbl_02794,proc_tbl_01534,gob_tbl_04028,proc_tbl_00389;4;dlk_tbl_00613,dlk_tbl_02137,dlk_ext_00602,dash_ext_00312
dlk_proceso_0912;2;dlk_tbl_04155,gob_tbl_01339;12;m4sco_tbl_00863,dlk_tbl_02254,dlk_tbl_02176,gob_tbl_02854,dlk_tbl_03924,gob_tbl_03676,dlk_tbl_00297,dlk_ext_00564,dlk_ext_00516,gob_ext_00107,proc_ext_00461,proc_ext_00401
dlk_proceso_0913;3;gob_tbl_01026,gob_tbl_03713,dlk_tbl_01920;8;dlk_tbl_03773,gob_tbl_02714,gob_tbl_00534,proc_tbl_02357,gob_tbl_01006,proc_ext_00414,dlk_ext_00634,gob_ext_00212
gob_proceso_0914;5;dlk_tbl_00183,dlk_tbl_00095,gob_tbl_00179,gob_tbl_00123,gob_tbl_04278;8;dlk_tbl_01634,dlk_tbl_00152,dlk_tbl_02176,dlk_tbl_00987,gob_tbl_03017,dlk_ext_00174,proc_ext_00468,std_ext_00057
dash_proceso_0915;4;gob_tbl_04377,gob_tbl_01122,dlk_tbl_03791,proc_tbl_03274;12;gob_tbl_01663,gob_tbl_03228,dash_tbl_00579,gob_tbl_00811,gob_tbl_02893,std_tbl_04139,gob_tbl_03940,m4sco_ext_00569,gob_ext_00592,gob_ext_00168,std_ext_00510,gob_ext_00183
gob_proceso_0916;5;dlk_tbl_01269,proc_tbl_03018,gob_tbl_01143,proc_tbl_01556,dlk_tbl_01938;4;gob_tbl_03341,dlk_tbl_02725,dash_ext_00631,dlk_ext_00571
proc_proceso_0917;5;gob_tbl_04236,dlk_tbl_03997,dash_tbl_03934,std_tbl_01473,dlk_tbl_01297;8;proc_tbl_03947,gob_tbl_03049,gob_tbl_03741,proc_tbl_01761,dlk_tbl_02274,dlk_ext_00231,gob_ext_00366,dlk_ext_00133
dlk_proceso_0918;6;gob_tbl_03796,gob_tbl_04346,dlk_tbl_00631,proc_tbl_03315,dash_tbl_00780,dlk_tbl_02619;4;gob_tbl_03011,proc_tbl_03186,proc_ext_00527,gob_ext_00591
gob_proceso_0919;4;dlk_tbl_03184,gob_tbl_03939,gob_tbl_03070,m4vw_tbl_03250;6;dash_tbl_02751,dlk_tbl_00276,dlk_tbl_01501,dlk_ext_00340,proc_ext_00124,std_ext_00517
dlk_proceso_0920;4;dlk_tbl_04463,gob_tbl_00032,dlk_tbl_02122,proc_tbl_02855;6;dlk_tbl_03739,dlk_tbl_03184,gob_tbl_02283,proc_ext_00055,dlk_ext_00319,dlk_ext_00177
dlk_proceso_0921;5;gob_tbl_00682,gob_tbl_03494,dlk_tbl_00559,dlk_tbl_00081,dlk_tbl_00452;12;gob_tbl_01391,proc_tbl_00692,dlk_tbl_03104,gob_tbl_01855,dash_tbl_00317,proc_tbl_00753,dlk_tbl_00740,gob_ext_00386,m4sco_ext_00610,gob_ext_00050,gob_ext_00208,gob_ext_00254
dlk_proceso_0922;3;dlk_tbl_01567,dash_tbl_00655,dlk_tbl_03232;12;gob_tbl_03031,std_tbl_04462,dash_tbl_03111,dlk_tbl_03524,proc_tbl_04275,dlk_tbl_00017,proc_tbl_00171,std_ext_00594,dlk_ext_00617,dlk_ext_00066,dash_ext_00018,dlk_ext_00087
dlk_proceso_0923;7;gob_tbl_01698,dlk_tbl_01276,proc_tbl_03675,gob_tbl_00615,std_tbl_03909,dlk_tbl_00290,proc_tbl_02023;9;dlk_tbl_02978,proc_tbl_00983,dlk_tbl_04379,gob_tbl_03855,dlk_tbl_01878,std_ext_00044,gob_ext_00630,gob_ext_00533,dlk_ext_00092
dlk_proceso_0924;5;gob_tbl_00160,gob_tbl_02460,gob_tbl_03618,gob_tbl_03428,dlk_tbl_00550;7;gob_tbl_00071,gob_tbl_03454,gob_tbl_03328,proc_tbl_00224,proc_ext_00004,dlk_ext_00294,dlk_ext_00426
gob_proceso_0925;6;std_tbl_00555,std_tbl_03075,gob_tbl_02766,dlk_tbl_00995,m4sco_tbl_04069,dlk_tbl_02223;10;gob_tbl_01787,gob_tbl_03825,dlk_tbl_01831,gob_tbl_00286,gob_tbl_03371,dlk_tbl_02801,ppn_ext_00216,dlk_ext_00085,dash_ext_00204,dlk_ext_00621
proc_proceso_0926;5;dlk_tbl_00989,gob_tbl_03770,gob_tbl_00065,dlk_tbl_03853,proc_tbl_00034;15;dlk_tbl_03200,dash_tbl_02471,dlk_tbl_03777,dlk_tbl_00899,dlk_tbl_03919,proc_tbl_02903,gob_tbl_01008,dlk_tbl_00895,gob_tbl_01204,gob_ext_00153,m4vw_ext_00447,gob_ext_00366,dlk_ext_00400,proc_ext_00535,gob_ext_00460
gob_proceso_0927;8;m4vw_tbl_03148,dlk_tbl_03299,gob_tbl_01506,dash_tbl_02920,gob_tbl_00745,proc_tbl_00819,gob_tbl_02440,dlk_tbl_03557;24;proc_tbl_03274,gob_tbl_00654,dlk_tbl_00875,gob_tbl_02593,dlk_tbl_00681,gob_tbl_03246,dlk_tbl_02061,proc_tbl_01027,proc_tbl_01780,dlk_tbl_03146,dlk_tbl_04159,dlk_tbl_03150,dash_tbl_00554,dlk_tbl_00263,proc_ext_00518,dlk_ext_00133,gob_ext_00033,dlk_ext_00419,dash_ext_00203,dlk_ext_00469,gob_ext_00630,proc_ext_00427,dlk_ext_00132,gob_ext_00223
dash_proceso_0928;3;gob_tbl_03401,dlk_tbl_04429,proc_tbl_00541;17;dlk_tbl_03471,proc_tbl_01200,gob_tbl_03770,dlk_tbl_01853,std_tbl_00629,gob_tbl_03196,gob_tbl_03045,dlk_tbl_02136,dlk_tbl_03059,proc_tbl_01456,m4vw_ext_00447,proc_ext_00414,gob_ext_00227,proc_ext_00468,dash_ext_00490,proc_ext_00327,dlk_ext_00244
gob_proceso_0929;3;m4sco_tbl_02415,gob_tbl_03386,gob_tbl_03430;14;proc_tbl_03164,dlk_tbl_00646,gob_tbl_03141,gob_tbl_04318,gob_tbl_03915,gob_tbl_03022,gob_tbl_03533,proc_tbl_01849,proc_ext_00332,proc_ext_00381,gob_ext_00139,m4vw_ext_00041,gob_ext_00260,proc_ext_00131
dlk_proceso_0930;6;gob_tbl_00129,dlk_tbl_02207,dlk_tbl_02169,gob_tbl_03361,dlk_tbl_03973,dlk_tbl_02585;9;gob_tbl_03664,gob_tbl_02051,gob_tbl_01224,dlk_tbl_04086,dash_tbl_02739,dlk_ext_00311,dlk_ext_00125,dlk_ext_00459,dlk_ext_00538
gob_proceso_0931;3;dlk_tbl_03769,dlk_tbl_02115,m4sco_tbl_02844;8;gob_tbl_02872,gob_tbl_04102,gob_tbl_04249,dlk_tbl_00538,dlk_tbl_03861,gob_ext_00040,dlk_ext_00161,dlk_ext_00382
gob_proceso_0932;4;proc_tbl_00091,dlk_tbl_03373,dlk_tbl_03690,gob_tbl_00829;7;dlk_tbl_01320,dlk_tbl_04014,dlk_tbl_01542,dlk_tbl_04035,dlk_ext_00634,proc_ext_00102,dlk_ext_00220
dash_proceso_0933;2;gob_tbl_03324,dash_tbl_00933;6;proc_tbl_00090,gob_tbl_03022,dlk_tbl_02230,dlk_ext_00229,proc_ext_00207,dlk_ext_00144
gob_proceso_0934;5;dlk_tbl_00712,gob_tbl_01489,dlk_tbl_00636,dlk_tbl_01005,dlk_tbl_02227;9;dlk_tbl_02591,dash_tbl_01870,gob_tbl_03483,gob_tbl_00930,std_tbl_00338,dlk_ext_00614,proc_ext_00435,dlk_ext_00446,gob_ext_00326
proc_proceso_0935;2;gob_tbl_00374,gob_tbl_02917;7;gob_tbl_02208,gob_tbl_02351,gob_tbl_03145,proc_tbl_02010,std_ext_00510,gob_ext_00619,gob_ext_00187
dlk_proceso_0936;4;gob_tbl_02046,proc_tbl_02993,gob_tbl_02696,proc_tbl_02711;7;dlk_tbl_02621,dlk_tbl_02459,dlk_tbl_02014,dash_tbl_01137,gob_ext_00386,dash_ext_00454,dlk_ext_00617
dlk_proceso_0937;6;gob_tbl_00890,gob_tbl_02933,dash_tbl_00565,gob_tbl_02300,dash_tbl_01137,gob_tbl_01183;13;dlk_tbl_01980,dlk_tbl_03493,dlk_tbl_02919,std_tbl_01553,gob_tbl_03506,gob_tbl_03987,dlk_tbl_03034,gob_ext_00393,dlk_ext_00304,dlk_ext_00493,gob_ext_00036,dlk_ext_00410,gob_ext_00450
gob_proceso_0938;3;proc_tbl_01145,dlk_tbl_01783,dash_tbl_02322;7;proc_tbl_02017,dlk_tbl_04313,dlk_tbl_00152,dlk_tbl_00942,dash_ext_00312,proc_ext_00263,gob_ext_00212
dlk_proceso_0939;5;gob_tbl_02569,gob_tbl_03343,gob_tbl_01931,dlk_tbl_02047,dlk_tbl_03188;10;gob_tbl_03595,dlk_tbl_00755,dlk_tbl_00390,dlk_tbl_02229,dlk_tbl_02439,dlk_tbl_01357,dlk_ext_00585,proc_ext_00121,gob_ext_00572,dlk_ext_00257
dlk_proceso_0940;7;std_tbl_03969,gob_tbl_04189,gob_tbl_02237,dlk_tbl_01365,gob_tbl_03676,proc_tbl_00830,dlk_tbl_00333;1;dlk_tbl_00322
dlk_proceso_0941;6;proc_tbl_02318,dlk_tbl_03536,gob_tbl_02669,dlk_tbl_04343,dash_tbl_02118,dlk_tbl_03612;8;gob_tbl_01735,dlk_tbl_00997,gob_tbl_03056,dlk_tbl_02779,gob_tbl_01580,dlk_ext_00136,gob_ext_00474,dlk_ext_00230
dlk_proceso_0942;8;gob_tbl_04421,gob_tbl_02740,proc_tbl_03316,ppn_tbl_00207,dlk_tbl_02591,proc_tbl_04329,m4vw_tbl_04052,m4vw_tbl_04461;14;m4vw_tbl_01869,dlk_tbl_01788,dlk_tbl_02067,dlk_tbl_01073,gob_tbl_01051,gob_tbl_03307,gob_tbl_01937,proc_tbl_03531,dlk_ext_00378,dlk_ext_00571,dlk_ext_00325,dash_ext_00492,std_ext_00237,gob_ext_00458
dlk_proceso_0943;4;dlk_tbl_02141,dlk_tbl_04481,proc_tbl_02859,dlk_tbl_01440;4;dlk_tbl_01812,gob_tbl_00506,m4sco_ext_00455,gob_ext_00072
dlk_proceso_0944;3;m4vw_tbl_03359,dlk_tbl_00078,proc_tbl_03137;11;proc_tbl_01456,gob_tbl_00310,dlk_tbl_04449,proc_tbl_03633,dlk_tbl_00661,dlk_tbl_01731,gob_ext_00127,dlk_ext_00585,gob_ext_00329,dlk_ext_00078,m4vw_ext_00056
gob_proceso_0945;4;gob_tbl_00286,gob_tbl_03003,proc_tbl_01174,std_tbl_03053;12;gob_tbl_02829,gob_tbl_04113,proc_tbl_01587,gob_tbl_04165,gob_tbl_01891,gob_tbl_03248,dlk_tbl_03140,gob_ext_00351,dlk_ext_00515,gob_ext_00521,gob_ext_00023,proc_ext_00000
dash_proceso_0946;3;proc_tbl_04021,dlk_tbl_02810,proc_tbl_02897;12;gob_tbl_00993,dlk_tbl_03200,gob_tbl_00330,proc_tbl_02816,dash_tbl_03752,dash_tbl_00554,dlk_tbl_03527,gob_ext_00519,dlk_ext_00282,dlk_ext_00335,dash_ext_00018,gob_ext_00049
proc_proceso_0947;2;gob_tbl_01337,dlk_tbl_03400;7;proc_tbl_03617,gob_tbl_01110,dlk_tbl_00390,gob_tbl_01549,dlk_ext_00092,dash_ext_00274,gob_ext_00326
dlk_proceso_0948;2;proc_tbl_01346,std_tbl_01470;5;dash_tbl_00463,gob_tbl_03191,dlk_tbl_04345,dlk_ext_00477,gob_ext_00519
gob_proceso_0949;4;dlk_tbl_01022,gob_tbl_02323,dlk_tbl_01463,std_tbl_01377;6;dlk_tbl_01013,dash_tbl_04049,gob_tbl_02422,dash_ext_00631,gob_ext_00086,gob_ext_00145
dlk_proceso_0950;3;dlk_tbl_01164,gob_tbl_00534,dlk_tbl_01507;11;proc_tbl_02580,dlk_tbl_01965,std_tbl_00707,gob_tbl_00405,dlk_tbl_02725,proc_tbl_00283,dlk_ext_00513,dlk_ext_00477,proc_ext_00555,dlk_ext_00484,dlk_ext_00085
gob_proceso_0951;6;dlk_tbl_04137,dlk_tbl_02707,dlk_tbl_02480,dash_tbl_03083,gob_tbl_02756,gob_tbl_02665;4;ppn_tbl_03543,dlk_tbl_02110,gob_ext_00448,gob_ext_00227
proc_proceso_0952;5;dlk_tbl_02279,dlk_tbl_04109,dlk_tbl_00742,m4vw_tbl_01674,gob_tbl_00600;12;dlk_tbl_00187,proc_tbl_00383,gob_tbl_00156,gob_tbl_03074,dlk_tbl_04424,dash_tbl_03505,gob_tbl_01003,dlk_ext_00400,m4sco_ext_00569,gob_ext_00608,gob_ext_00107,gob_ext_00450
gob_proceso_0953;3;dlk_tbl_01987,gob_tbl_01608,dlk_tbl_03970;4;gob_tbl_04444,gob_tbl_01861,gob_ext_00139,dash_ext_00141
dash_proceso_0954;6;m4sco_tbl_03636,gob_tbl_03411,gob_tbl_03876,dlk_tbl_02812,dlk_tbl_02623,gob_tbl_00335;16;gob_tbl_01832,proc_tbl_04219,proc_tbl_00541,dash_tbl_03752,gob_tbl_04062,dlk_tbl_00691,gob_tbl_00312,gob_tbl_00974,dash_tbl_00198,dash_ext_00394,gob_ext_00156,proc_ext_00131,proc_ext_00119,dlk_ext_00484,dlk_ext_00006,gob_ext_00584
dlk_proceso_0955;3;proc_tbl_01540,gob_tbl_04222,dlk_tbl_03029;8;std_tbl_01242,gob_tbl_02575,proc_tbl_01202,dlk_tbl_01005,dash_tbl_00967,dlk_ext_00001,gob_ext_00163,gob_ext_00364
gob_proceso_0956;4;dlk_tbl_03245,dlk_tbl_03462,gob_tbl_04423,gob_tbl_02533;6;gob_tbl_02724,gob_tbl_00179,gob_tbl_04394,gob_ext_00191,dlk_ext_00424,dash_ext_00525
gob_proceso_0957;3;gob_tbl_02463,dlk_tbl_03071,gob_tbl_01308;13;gob_tbl_04142,dlk_tbl_03920,proc_tbl_00819,gob_tbl_04032,proc_tbl_03778,gob_tbl_02661,dlk_tbl_03830,dlk_ext_00503,dlk_ext_00335,dlk_ext_00311,dlk_ext_00464,dlk_ext_00392,gob_ext_00497
dlk_proceso_0958;6;std_tbl_03144,gob_tbl_02390,dlk_tbl_03353,gob_tbl_03649,gob_tbl_00120,gob_tbl_03895;6;dlk_tbl_02878,dlk_tbl_04427,gob_tbl_04065,dlk_ext_00123,gob_ext_00194,proc_ext_00121
dlk_proceso_0959;6;dlk_tbl_02485,gob_tbl_02038,dlk_tbl_01720,std_tbl_01541,dash_tbl_00366,gob_tbl_03742;12;proc_tbl_03683,dlk_tbl_03979,dash_tbl_01076,m4vw_tbl_01327,dlk_tbl_00462,dlk_tbl_00205,dlk_tbl_02254,dlk_ext_00347,dlk_ext_00538,gob_ext_00259,dlk_ext_00129,dash_ext_00574
dlk_proceso_0960;5;gob_tbl_01522,dlk_tbl_02523,dlk_tbl_00391,proc_tbl_01466,gob_tbl_00025;8;dlk_tbl_03139,m4vw_tbl_03707,gob_tbl_02351,gob_tbl_01438,dlk_tbl_00301,proc_ext_00171,gob_ext_00409,gob_ext_00413
proc_proceso_0961;8;gob_tbl_01009,dlk_tbl_02882,gob_tbl_02610,gob_tbl_02575,proc_tbl_03735,proc_tbl_02344,gob_tbl_03556,proc_tbl_00464;6;gob_tbl_03870,gob_tbl_01781,gob_tbl_04043,gob_ext_00523,dlk_ext_00136,std_ext_00618
dlk_proceso_0962;2;dlk_tbl_02241,dlk_tbl_01328;10;proc_tbl_01272,dlk_tbl_03168,dlk_tbl_02589,m4vw_tbl_03993,dlk_tbl_04158,dlk_tbl_02211,dlk_ext_00605,proc_ext_00327,gob_ext_00182,gob_ext_00399
dash_proceso_0963;4;dlk_tbl_03588,dlk_tbl_02379,gob_tbl_04024,dlk_tbl_02885;11;gob_tbl_03119,dlk_tbl_00099,gob_tbl_02120,dlk_tbl_02464,proc_tbl_01174,gob_tbl_03712,std_ext_00598,gob_ext_00486,gob_ext_00460,gob_ext_00351,gob_ext_00301
gob_proceso_0964;7;dlk_tbl_04220,dlk_tbl_04260,proc_tbl_01125,dlk_tbl_03161,dlk_tbl_02341,gob_tbl_00634,dlk_tbl_02453;9;gob_tbl_00624,gob_tbl_02535,proc_tbl_03947,dlk_tbl_01747,dlk_tbl_02099,dlk_ext_00108,dlk_ext_00133,dlk_ext_00291,dash_ext_00633
dlk_proceso_0965;6;gob_tbl_01051,dash_tbl_00970,gob_tbl_04363,gob_tbl_03915,gob_tbl_00141,dash_tbl_02407;4;dlk_tbl_03136,gob_tbl_00866,std_ext_00232,std_ext_00295
gob_proceso_0966;4;ppn_tbl_00121,proc_tbl_01695,dash_tbl_04185,dlk_tbl_03816;10;gob_tbl_01314,dlk_tbl_04212,gob_tbl_03030,dlk_tbl_04415,gob_tbl_01188,dlk_tbl_04241,dlk_ext_00617,ppn_ext_00526,dlk_ext_00477,dash_ext_00543
dlk_proceso_0967;5;dlk_tbl_03162,std_tbl_01129,dlk_tbl_01548,dlk_tbl_03004,gob_tbl_01398;5;dash_tbl_02021,dlk_tbl_00783,dlk_tbl_01449,gob_ext_00334,dlk_ext_00503
proc_proceso_0968;4;gob_tbl_01945,gob_tbl_01268,dash_tbl_00898,dlk_tbl_03046;6;gob_tbl_03317,dlk_tbl_01205,gob_tbl_00690,proc_ext_00241,proc_ext_00030,dlk_ext_00108
dash_proceso_0969;5;dash_tbl_03906,gob_tbl_02060,dlk_tbl_00976,dlk_tbl_01555,gob_tbl_03719;12;proc_tbl_01866,proc_tbl_01174,gob_tbl_01936,dlk_tbl_03369,dlk_tbl_02485,gob_tbl_03483,gob_tbl_03774,gob_ext_00596,dash_ext_00354,proc_ext_00124,dlk_ext_00484,dlk_ext_00634
proc_proceso_0970;4;dlk_tbl_00961,dash_tbl_00835,gob_tbl_02195,proc_tbl_03235;3;proc_tbl_01221,gob_tbl_04447,gob_ext_00313
dlk_proceso_0971;2;gob_tbl_03414,gob_tbl_02208;6;gob_tbl_00582,dlk_tbl_00652,proc_tbl_00402,gob_ext_00222,gob_ext_00067,dash_ext_00514
dlk_proceso_0972;3;gob_tbl_02346,gob_tbl_03177,dash_tbl_02549;13;dlk_tbl_04383,dlk_tbl_00868,gob_tbl_02927,dlk_tbl_00168,gob_tbl_00590,gob_tbl_02923,gob_tbl_01959,gob_ext_00371,gob_ext_00279,gob_ext_00252,gob_ext_00460,dlk_ext_00012,dlk_ext_00002
dash_proceso_0973;2;gob_tbl_01641,gob_tbl_03286;9;proc_tbl_00504,dlk_tbl_03624,gob_tbl_02921,gob_tbl_03685,gob_tbl_01650,gob_ext_00313,proc_ext_00045,dlk_ext_00144,dlk_ext_00323
dash_proceso_0974;3;gob_tbl_00656,gob_tbl_03239,dlk_tbl_03027;12;gob_tbl_02129,dash_tbl_03647,ppn_tbl_00578,gob_tbl_03838,proc_tbl_00777,gob_tbl_04198,gob_tbl_02342,dlk_ext_00539,dlk_ext_00017,m4vw_ext_00447,dlk_ext_00488,ppn_ext_00526
dlk_proceso_0975;2;proc_tbl_00398,dlk_tbl_01429;15;ppn_tbl_03543,dash_tbl_01863,proc_tbl_02023,gob_tbl_00814,dlk_tbl_02623,gob_tbl_00764,dash_tbl_00737,proc_tbl_02266,gob_tbl_00129,gob_ext_00100,dlk_ext_00549,dlk_ext_00101,gob_ext_00106,dlk_ext_00466,gob_ext_00164
dlk_proceso_0976;2;dlk_tbl_02991,gob_tbl_04470;8;proc_tbl_04492,gob_tbl_01832,gob_tbl_02473,proc_tbl_02568,dlk_tbl_02126,dlk_ext_00066,proc_ext_00457,dlk_ext_00188
gob_proceso_0977;3;std_tbl_04004,proc_tbl_00176,gob_tbl_00912;9;proc_tbl_02982,dlk_tbl_02864,proc_tbl_01125,dlk_tbl_01440,dlk_tbl_00961,gob_ext_00608,proc_ext_00121,gob_ext_00159,gob_ext_00467
gob_proceso_0978;7;proc_tbl_02755,proc_tbl_01613,gob_tbl_04001,dlk_tbl_01743,dlk_tbl_02996,gob_tbl_02989,gob_tbl_02535;9;dlk_tbl_02887,dlk_tbl_03839,std_tbl_03294,dlk_tbl_04427,gob_tbl_00745,dlk_ext_00093,dlk_ext_00440,dlk_ext_00590,dash_ext_00059
dlk_proceso_0979;4;dlk_tbl_04399,dlk_tbl_03499,gob_tbl_02999,gob_tbl_02018;12;dlk_tbl_00862,dlk_tbl_03348,dlk_tbl_04297,dlk_tbl_00681,gob_tbl_00590,dlk_tbl_02484,dash_tbl_03214,gob_ext_00198,gob_ext_00097,gob_ext_00100,proc_ext_00427,dlk_ext_00006
dash_proceso_0980;2;gob_tbl_01948,gob_tbl_04459;12;dash_tbl_04049,gob_tbl_00939,proc_tbl_01059,gob_tbl_03210,gob_tbl_03247,gob_tbl_00266,gob_tbl_02174,proc_ext_00103,proc_ext_00611,gob_ext_00246,dlk_ext_00340,dlk_ext_00469
dlk_proceso_0981;2;gob_tbl_01030,gob_tbl_04120;13;proc_tbl_02008,dlk_tbl_04195,gob_tbl_00080,dlk_tbl_03997,dlk_tbl_00279,dlk_tbl_01747,dash_tbl_00597,gob_ext_00013,gob_ext_00058,gob_ext_00520,gob_ext_00609,gob_ext_00613,gob_ext_00380
gob_proceso_0982;6;gob_tbl_02728,gob_tbl_00446,gob_tbl_02854,proc_tbl_03010,dlk_tbl_03849,dlk_tbl_00942;13;dlk_tbl_03370,gob_tbl_00178,gob_tbl_01502,dash_tbl_03729,gob_tbl_00269,gob_tbl_02769,dlk_tbl_03932,m4sco_ext_00094,dlk_ext_00071,gob_ext_00521,proc_ext_00632,gob_ext_00458,proc_ext_00010
gob_proceso_0983;4;dlk_tbl_01875,proc_tbl_02261,m4sco_tbl_02163,proc_tbl_00167;10;proc_tbl_01971,dlk_tbl_03791,dlk_tbl_00757,gob_tbl_03127,gob_tbl_00484,proc_tbl_03306,gob_ext_00222,gob_ext_00112,dlk_ext_00593,gob_ext_00176
dlk_proceso_0984;6;proc_tbl_01162,dlk_tbl_00958,gob_tbl_00125,dash_tbl_03478,dash_tbl_00020,dlk_tbl_01754;4;dlk_tbl_04088,dlk_tbl_03717,dlk_ext_00071,dlk_ext_00308
proc_proceso_0985;5;proc_tbl_00161,proc_tbl_01374,gob_tbl_01177,gob_tbl_00115,dlk_tbl_02001;16;proc_tbl_00828,dash_tbl_03885,proc_tbl_01998,dlk_tbl_00959,dlk_tbl_04118,dash_tbl_03729,gob_tbl_02769,proc_tbl_00919,gob_tbl_01698,m4vw_ext_00041,dlk_ext_00344,gob_ext_00486,gob_ext_00072,dash_ext_00358,gob_ext_00439,gob_ext_00475
dlk_proceso_0986;7;dlk_tbl_02200,gob_tbl_00007,proc_tbl_03346,gob_tbl_02260,proc_tbl_03120,proc_tbl_02749,dash_tbl_01052;11;dlk_tbl_01056,dash_tbl_03553,gob_tbl_03639,gob_tbl_00465,proc_tbl_01374,dash_tbl_01018,dash_ext_00514,proc_ext_00457,proc_ext_00026,dlk_ext_00002,dlk_ext_00537
gob_proceso_0987;4;gob_tbl_01505,gob_tbl_03574,gob_tbl_02354,gob_tbl_02949;4;proc_tbl_01896,gob_tbl_01879,dlk_ext_00170,dlk_ext_00066
proc_proceso_0988;4;gob_tbl_00937,gob_tbl_02547,dlk_tbl_03661,gob_tbl_03760;4;dlk_tbl_02370,proc_tbl_03897,proc_ext_00457,gob_ext_00441
dlk_proceso_0989;7;dlk_tbl_04337,dlk_tbl_00306,proc_tbl_03440,gob_tbl_02900,gob_tbl_00334,std_tbl_00856,gob_tbl_03761;9;gob_tbl_00144,proc_tbl_01534,gob_tbl_03290,gob_tbl_02856,dlk_tbl_04328,dlk_ext_00291,dlk_ext_00353,std_ext_00594,dash_ext_00358
dlk_proceso_0990;5;dlk_tbl_01080,proc_tbl_03971,proc_tbl_00561,dlk_tbl_01911,gob_tbl_00083;8;dlk_tbl_02573,proc_tbl_03683,gob_tbl_03084,gob_tbl_02743,ppn_tbl_00649,gob_ext_00143,dlk_ext_00509,dlk_ext_00470
gob_proceso_0991;4;dlk_tbl_04257,dlk_tbl_02099,proc_tbl_01661,gob_tbl_00885;11;gob_tbl_01114,dlk_tbl_04489,proc_tbl_02024,gob_tbl_00615,gob_tbl_02744,gob_tbl_04102,gob_ext_00591,gob_ext_00217,std_ext_00517,proc_ext_00435,dlk_ext_00571
gob_proceso_0992;3;dlk_tbl_02267,dash_tbl_03837,dash_tbl_00463;4;dlk_tbl_03920,std_tbl_01541,dlk_ext_00064,gob_ext_00164
gob_proceso_0993;6;dlk_tbl_00998,dlk_tbl_01954,dash_tbl_00198,dash_tbl_00327,gob_tbl_03151,dash_tbl_03671;13;gob_tbl_01969,dash_tbl_03883,proc_tbl_01332,gob_tbl_02856,m4vw_tbl_02628,gob_tbl_02741,dlk_tbl_03232,dlk_ext_00344,dlk_ext_00325,dlk_ext_00245,gob_ext_00265,gob_ext_00208,gob_ext_00198
gob_proceso_0994;5;dlk_tbl_04398,gob_tbl_01855,gob_tbl_00511,m4sco_tbl_01617,gob_tbl_02876;8;gob_tbl_02541,dlk_tbl_03718,dlk_tbl_03677,gob_tbl_01314,gob_tbl_01842,gob_ext_00441,dlk_ext_00353,dlk_ext_00025
dlk_proceso_0995;6;gob_tbl_00255,dlk_tbl_04330,gob_tbl_04239,dlk_tbl_00037,dlk_tbl_00500,proc_tbl_04472;15;gob_tbl_03733,proc_tbl_00373,gob_tbl_03066,std_tbl_04360,gob_tbl_02364,dlk_tbl_00356,dlk_tbl_03456,dlk_tbl_01525,dlk_tbl_02340,proc_ext_00074,gob_ext_00613,dlk_ext_00005,dlk_ext_00583,proc_ext_00636,proc_ext_00496
dlk_proceso_0996;5;gob_tbl_00132,dlk_tbl_00000,gob_tbl_03925,dlk_tbl_00111,gob_tbl_04437;7;dlk_tbl_03927,proc_tbl_03610,std_tbl_03392,dlk_tbl_01819,proc_ext_00632,dlk_ext_00226,dash_ext_00214
dash_proceso_0997;8;dlk_tbl_02901,gob_tbl_04201,gob_tbl_02142,dlk_tbl_04302,gob_tbl_04247,dlk_tbl_00679,dlk_tbl_04072,dlk_tbl_02474;9;proc_tbl_01528,proc_tbl_00157,gob_tbl_00610,proc_tbl_01796,gob_tbl_01505,dlk_ext_00388,gob_ext_00301,gob_ext_00271,gob_ext_00523
dlk_proceso_0998;2;gob_tbl_00814,gob_tbl_00278;7;std_tbl_02222,dlk_tbl_01567,gob_tbl_01312,proc_tbl_02726,dlk_ext_00319,dash_ext_00543,gob_ext_00415
dash_proceso_0999;6;gob_tbl_00133,dlk_tbl_01704,gob_tbl_04446,m4sco_tbl_02654,std_tbl_04128,dlk_tbl_02438;13;dlk_tbl_01992,proc_tbl_01941,dlk_tbl_00150,proc_tbl_00438,gob_tbl_01698,proc_tbl_04476,gob_tbl_03576,gob_ext_00022,gob_ext_00371,proc_ext_00506,m4sco_ext_00455,gob_ext_00626,gob_ext_00042
