DAG;NumTablasAlimenta;TablasAlimenta;NumTablasAlimentan;TablasAlimentan
dlk_proceso_0000;6;proc_tbl_01766,dlk_tbl_02290,dlk_tbl_00538,proc_tbl_01349,dlk_tbl_00998,gob_tbl_01167;16;dlk_tbl_01332,gob_tbl_01154,dlk_tbl_02136,dlk_tbl_00656,gob_tbl_01748,gob_tbl_00397,dlk_tbl_01757,proc_tbl_00979,std_tbl_01484,dlk_ext_00030,gob_ext_00279,proc_ext_00252,dash_ext_00149,dlk_ext_00142,gob_ext_00236,gob_ext_00084
dlk_proceso_0001;8;dlk_tbl_00796,dlk_tbl_01727,gob_tbl_00601,gob_tbl_00555,dash_tbl_00072,gob_tbl_01327,dash_tbl_00220,m4sco_tbl_00106;14;gob_tbl_01850,gob_tbl_00964,dlk_tbl_01944,proc_tbl_01477,dash_tbl_00809,proc_tbl_00801,gob_tbl_01946,gob_tbl_01726,dlk_ext_00102,gob_ext_00022,gob_ext_00059,dash_ext_00149,dlk_ext_00216,dlk_ext_00107
proc_proceso_0002;5;proc_tbl_01585,gob_tbl_00102,proc_tbl_00994,dlk_tbl_00876,dlk_tbl_01696;12;dlk_tbl_02137,dlk_tbl_00368,dash_tbl_01825,dash_tbl_00646,gob_tbl_01762,m4vw_tbl_00982,gob_tbl_01805,gob_ext_00258,gob_ext_00261,gob_ext_00233,m4sco_ext_00072,dlk_ext_00107
dlk_proceso_0003;4;dlk_tbl_01180,std_tbl_00327,gob_tbl_01138,gob_tbl_01859;10;proc_tbl_01646,proc_tbl_00856,gob_tbl_00363,proc_tbl_00681,proc_tbl_01817,proc_tbl_00247,dlk_ext_00024,gob_ext_00290,gob_ext_00204,dlk_ext_00107
dlk_proceso_0004;4;m4vw_tbl_00274,gob_tbl_01836,gob_tbl_01867,gob_tbl_02174;10;gob_tbl_00940,gob_tbl_00707,dlk_tbl_00803,proc_tbl_00113,dlk_tbl_01366,gob_tbl_00343,proc_ext_00175,dlk_ext_00116,m4vw_ext_00277,dlk_ext_00143
gob_proceso_0005;6;gob_tbl_01934,dlk_tbl_01612,gob_tbl_00216,gob_tbl_01024,gob_tbl_00677,dlk_tbl_00564;4;gob_tbl_00815,gob_tbl_01327,gob_ext_00273,dash_ext_00134
dash_proceso_0006;5;gob_tbl_00612,gob_tbl_00767,proc_tbl_01594,dlk_tbl_00571,proc_tbl_00955;8;dlk_tbl_02124,m4sco_tbl_01701,gob_tbl_01655,dlk_tbl_01348,proc_tbl_00525,dlk_ext_00074,proc_ext_00243,dlk_ext_00156
dlk_proceso_0007;2;gob_tbl_01446,dlk_tbl_01679;7;dlk_tbl_01176,proc_tbl_00979,dlk_tbl_01165,gob_tbl_01634,proc_ext_00221,gob_ext_00042,gob_ext_00092
dash_proceso_0008;3;dash_tbl_00205,gob_tbl_01811,dlk_tbl_00203;11;dlk_tbl_01135,proc_tbl_00658,proc_tbl_01251,dlk_tbl_01045,proc_tbl_02292,gob_tbl_00588,m4vw_ext_00070,dlk_ext_00144,gob_ext_00020,proc_ext_00267,dlk_ext_00216
proc_proceso_0009;2;dlk_tbl_01061,proc_tbl_02033;7;dlk_tbl_01604,gob_tbl_01724,dlk_tbl_02185,gob_tbl_01502,dlk_ext_00255,dlk_ext_00143,proc_ext_00207
proc_proceso_0010;3;proc_tbl_00853,dash_tbl_01142,gob_tbl_01640;17;dlk_tbl_00830,gob_tbl_01746,dlk_tbl_01405,gob_tbl_02176,gob_tbl_01292,dlk_tbl_00828,gob_tbl_00773,gob_tbl_00176,dlk_tbl_01970,dlk_tbl_00000,gob_ext_00093,dash_ext_00152,m4vw_ext_00150,proc_ext_00037,proc_ext_00001,dlk_ext_00107,gob_ext_00273
gob_proceso_0011;5;dlk_tbl_00824,dlk_tbl_00442,gob_tbl_01047,gob_tbl_00639,dlk_tbl_00547;11;dlk_tbl_00498,dlk_tbl_02136,gob_tbl_01748,dash_tbl_00182,std_tbl_01294,gob_tbl_00763,std_ext_00076,gob_ext_00110,gob_ext_00171,dlk_ext_00260,gob_ext_00164
dlk_proceso_0012;4;dash_tbl_01638,gob_tbl_02117,gob_tbl_00635,proc_tbl_00412;7;gob_tbl_02040,dash_tbl_02241,proc_tbl_01630,gob_tbl_00031,dlk_ext_00098,gob_ext_00234,std_ext_00025
dlk_proceso_0013;4;gob_tbl_02029,proc_tbl_00703,dlk_tbl_00187,dlk_tbl_01003;10;dlk_tbl_00504,gob_tbl_01394,gob_tbl_00400,m4vw_tbl_00279,dash_tbl_01166,dlk_tbl_00770,dlk_ext_00202,dlk_ext_00183,dash_ext_00136,proc_ext_00207
dash_proceso_0014;5;gob_tbl_00032,gob_tbl_01237,std_tbl_02123,gob_tbl_02111,dash_tbl_00914;4;gob_tbl_00109,gob_tbl_02176,gob_ext_00190,dlk_ext_00030
dlk_proceso_0015;4;dash_tbl_01104,dlk_tbl_01333,dlk_tbl_01802,std_tbl_01560;9;proc_tbl_01369,dlk_tbl_01686,dlk_tbl_00504,gob_tbl_01870,dash_tbl_01036,gob_ext_00029,m4vw_ext_00150,ppn_ext_00182,proc_ext_00187
proc_proceso_0016;6;gob_tbl_01622,gob_tbl_02091,proc_tbl_01434,gob_tbl_00186,dash_tbl_02012,dash_tbl_00073;11;dlk_tbl_00263,proc_tbl_00488,gob_tbl_00343,std_tbl_01480,dlk_tbl_00701,std_tbl_01600,proc_ext_00170,gob_ext_00293,dlk_ext_00218,dlk_ext_00295,std_ext_00076
dlk_proceso_0017;2;proc_tbl_02215,proc_tbl_01922;4;gob_tbl_02255,gob_tbl_00249,dlk_ext_00116,dlk_ext_00232
dlk_proceso_0018;5;dlk_tbl_00284,dlk_tbl_01928,proc_tbl_01259,dlk_tbl_00228,gob_tbl_01597;10;dlk_tbl_01704,proc_tbl_01296,gob_tbl_01735,dlk_tbl_00166,gob_tbl_01601,gob_tbl_00218,dash_ext_00149,dlk_ext_00097,dlk_ext_00250,gob_ext_00110
gob_proceso_0019;3;dlk_tbl_01372,dlk_tbl_01541,proc_tbl_00435;13;gob_tbl_01632,dash_tbl_01239,gob_tbl_00705,gob_tbl_00919,gob_tbl_00555,dlk_tbl_02208,m4vw_tbl_00279,dlk_ext_00263,gob_ext_00239,dlk_ext_00202,dlk_ext_00033,gob_ext_00199,dlk_ext_00143
gob_proceso_0020;2;m4sco_tbl_00091,gob_tbl_01666;9;gob_tbl_00699,proc_tbl_02087,gob_tbl_01888,proc_tbl_00856,dash_tbl_00752,dlk_ext_00083,gob_ext_00138,gob_ext_00173,dash_ext_00152
dlk_proceso_0021;5;proc_tbl_01276,std_tbl_00806,proc_tbl_02158,proc_tbl_02153,dlk_tbl_01815;7;dlk_tbl_00295,dlk_tbl_01404,gob_tbl_01771,gob_tbl_02054,dash_ext_00039,proc_ext_00123,dlk_ext_00183
gob_proceso_0022;8;dlk_tbl_02138,gob_tbl_02181,proc_tbl_00188,gob_tbl_00235,dlk_tbl_02011,dash_tbl_00986,gob_tbl_01115,gob_tbl_00592;6;dlk_tbl_01727,gob_tbl_00291,dlk_tbl_01696,dlk_ext_00044,gob_ext_00172,gob_ext_00108
dlk_proceso_0023;4;dlk_tbl_00269,proc_tbl_00214,gob_tbl_01384,gob_tbl_00999;4;dlk_tbl_02085,gob_tbl_00549,std_ext_00262,gob_ext_00059
dlk_proceso_0024;4;dlk_tbl_00879,dlk_tbl_01100,gob_tbl_00834,proc_tbl_00718;6;gob_tbl_00235,gob_tbl_01069,m4vw_tbl_00606,dlk_ext_00144,gob_ext_00270,dlk_ext_00024
dlk_proceso_0025;4;proc_tbl_01438,dlk_tbl_01949,dlk_tbl_01280,gob_tbl_00378;7;gob_tbl_01184,gob_tbl_01283,dash_tbl_01571,gob_tbl_01534,dlk_ext_00085,dlk_ext_00251,dlk_ext_00162
dash_proceso_0026;4;gob_tbl_01069,gob_tbl_00125,dlk_tbl_02128,proc_tbl_01397;6;gob_tbl_02089,dlk_tbl_00936,gob_tbl_00897,gob_ext_00042,dash_ext_00009,gob_ext_00165
gob_proceso_0027;5;proc_tbl_00512,gob_tbl_00409,std_tbl_01282,dlk_tbl_00734,proc_tbl_01193;11;gob_tbl_00235,dash_tbl_01027,gob_tbl_01341,gob_tbl_01035,proc_tbl_00408,dlk_tbl_02079,gob_ext_00198,dlk_ext_00148,m4vw_ext_00277,gob_ext_00059,dlk_ext_00012
dlk_proceso_0028;2;dlk_tbl_02024,dlk_tbl_01892;12;dlk_tbl_02136,dlk_tbl_01709,gob_tbl_01138,dlk_tbl_01055,dlk_tbl_01206,proc_tbl_01473,gob_tbl_01308,proc_ext_00210,dlk_ext_00107,gob_ext_00092,dlk_ext_00091,gob_ext_00111
gob_proceso_0029;6;proc_tbl_01990,dlk_tbl_00098,gob_tbl_01551,dash_tbl_00950,dlk_tbl_01923,proc_tbl_00586;6;gob_tbl_00956,dlk_tbl_00628,dlk_tbl_01861,gob_ext_00110,dlk_ext_00087,dlk_ext_00091
proc_proceso_0030;3;dlk_tbl_01698,dlk_tbl_00855,gob_tbl_02018;7;dlk_tbl_01055,proc_tbl_00352,gob_tbl_01786,gob_tbl_00481,gob_ext_00270,m4vw_ext_00150,dlk_ext_00005
proc_proceso_0031;4;proc_tbl_01163,gob_tbl_00070,gob_tbl_02104,gob_tbl_01431;4;dlk_tbl_00159,proc_tbl_00918,gob_ext_00058,proc_ext_00231
proc_proceso_0032;4;dash_tbl_00018,dlk_tbl_00293,dlk_tbl_00111,proc_tbl_02116;12;dlk_tbl_01964,m4vw_tbl_00274,gob_tbl_00977,dlk_tbl_00776,gob_tbl_00931,dlk_tbl_02284,dlk_tbl_01387,gob_ext_00273,gob_ext_00059,proc_ext_00008,dlk_ext_00156,dlk_ext_00222
dlk_proceso_0033;5;dlk_tbl_01554,m4vw_tbl_01358,gob_tbl_00349,gob_tbl_01430,dlk_tbl_01387;12;dlk_tbl_01491,dlk_tbl_02151,dlk_tbl_01929,m4vw_tbl_01076,proc_tbl_00210,proc_tbl_00885,gob_tbl_01985,dlk_ext_00257,gob_ext_00229,dlk_ext_00102,gob_ext_00284,dlk_ext_00244
dlk_proceso_0034;6;m4vw_tbl_01326,dlk_tbl_00891,gob_tbl_01708,dlk_tbl_02032,gob_tbl_01090,dlk_tbl_01471;15;dlk_tbl_02015,dlk_tbl_00498,proc_tbl_01528,gob_tbl_01625,proc_tbl_01908,gob_tbl_00328,m4vw_tbl_00630,gob_tbl_01154,proc_tbl_01722,dlk_ext_00091,gob_ext_00279,dash_ext_00039,dlk_ext_00030,gob_ext_00234,proc_ext_00197
proc_proceso_0035;3;gob_tbl_00027,proc_tbl_01125,dash_tbl_00829;11;ppn_tbl_00782,gob_tbl_02108,proc_tbl_02194,dlk_tbl_00166,proc_tbl_00137,dlk_tbl_00093,gob_ext_00194,gob_ext_00204,dlk_ext_00116,gob_ext_00205,gob_ext_00261
gob_proceso_0036;3;gob_tbl_01303,gob_tbl_00162,dlk_tbl_02286;12;gob_tbl_01946,dash_tbl_01064,dash_tbl_01345,gob_tbl_01279,gob_tbl_01035,m4vw_tbl_01326,dlk_tbl_00779,gob_ext_00173,dlk_ext_00030,dlk_ext_00162,proc_ext_00211,dlk_ext_00036
gob_proceso_0037;7;proc_tbl_00472,proc_tbl_01532,proc_tbl_02125,proc_tbl_00651,dlk_tbl_00743,proc_tbl_00004,proc_tbl_01225;9;gob_tbl_00644,dlk_tbl_01472,gob_tbl_00176,dlk_tbl_01699,gob_tbl_01706,gob_ext_00056,gob_ext_00099,proc_ext_00123,gob_ext_00189
dlk_proceso_0038;3;dlk_tbl_00074,dash_tbl_00740,gob_tbl_02281;13;dlk_tbl_01366,std_tbl_01220,proc_tbl_00856,dlk_tbl_01449,dlk_tbl_01723,m4sco_tbl_01081,gob_tbl_00652,dlk_ext_00090,dlk_ext_00116,proc_ext_00252,dlk_ext_00140,dlk_ext_00044,dlk_ext_00250
proc_proceso_0039;6;dlk_tbl_01261,dlk_tbl_01903,dlk_tbl_01757,dlk_tbl_01564,gob_tbl_01703,gob_tbl_00397;6;gob_tbl_01106,dash_tbl_01027,gob_tbl_01033,dlk_ext_00085,dlk_ext_00183,dlk_ext_00295
gob_proceso_0040;7;dlk_tbl_00036,proc_tbl_00780,proc_tbl_01098,dlk_tbl_00682,proc_tbl_00211,dlk_tbl_01668,gob_tbl_00053;10;gob_tbl_00764,gob_tbl_02101,ppn_tbl_00782,gob_tbl_02273,gob_tbl_01859,proc_tbl_00918,dlk_ext_00091,dlk_ext_00183,gob_ext_00092,dlk_ext_00005
dlk_proceso_0041;4;m4sco_tbl_00711,std_tbl_01192,m4vw_tbl_00606,gob_tbl_00409;12;std_tbl_01088,dash_tbl_00026,m4sco_tbl_01464,gob_tbl_00393,dlk_tbl_00044,dlk_tbl_01102,proc_tbl_02115,gob_ext_00276,gob_ext_00161,dlk_ext_00073,gob_ext_00198,dlk_ext_00083
dlk_proceso_0042;6;proc_tbl_01596,gob_tbl_01151,gob_tbl_00147,proc_tbl_02014,dlk_tbl_00385,dlk_tbl_00529;8;dlk_tbl_01687,proc_tbl_00049,gob_tbl_00997,gob_tbl_01048,dlk_tbl_01233,gob_ext_00093,gob_ext_00110,m4vw_ext_00277
dlk_proceso_0043;2;proc_tbl_01297,dlk_tbl_00696;15;gob_tbl_01870,gob_tbl_00162,proc_tbl_00305,dlk_tbl_01604,dlk_tbl_01749,gob_tbl_00548,dlk_tbl_01086,m4sco_tbl_01847,gob_tbl_01201,gob_ext_00047,dlk_ext_00278,gob_ext_00084,gob_ext_00164,proc_ext_00008,dlk_ext_00035
gob_proceso_0044;5;gob_tbl_00246,dlk_tbl_00324,m4sco_tbl_00384,proc_tbl_01393,gob_tbl_01097;11;gob_tbl_00343,dlk_tbl_00554,proc_tbl_01486,dlk_tbl_00174,dash_tbl_00497,gob_tbl_01373,dlk_ext_00143,dlk_ext_00295,proc_ext_00037,dlk_ext_00214,dlk_ext_00186
dlk_proceso_0045;6;proc_tbl_01317,dlk_tbl_00263,proc_tbl_00256,dash_tbl_01582,proc_tbl_00273,dlk_tbl_02247;10;gob_tbl_00725,gob_tbl_01460,dlk_tbl_00180,gob_tbl_01230,dlk_tbl_00248,ppn_tbl_01148,gob_ext_00198,dlk_ext_00253,dlk_ext_00244,dlk_ext_00156
gob_proceso_0046;5;dlk_tbl_01858,gob_tbl_01683,proc_tbl_00769,gob_tbl_02048,gob_tbl_01706;13;proc_tbl_01546,gob_tbl_00006,std_tbl_01294,dlk_tbl_00945,dlk_tbl_01109,dlk_tbl_00097,dlk_tbl_00270,gob_ext_00125,dlk_ext_00216,gob_ext_00137,proc_ext_00053,gob_ext_00171,proc_ext_00037
dlk_proceso_0047;5;gob_tbl_00218,proc_tbl_00488,gob_tbl_00892,dlk_tbl_01992,dlk_tbl_01590;12;gob_tbl_02225,dlk_tbl_01944,gob_tbl_00290,gob_tbl_00259,gob_tbl_00407,gob_tbl_00277,gob_tbl_00416,proc_ext_00207,gob_ext_00273,proc_ext_00292,proc_ext_00158,gob_ext_00171
dlk_proceso_0048;3;gob_tbl_00023,dlk_tbl_01755,proc_tbl_02087;9;gob_tbl_01167,dlk_tbl_01819,gob_tbl_02269,proc_tbl_00503,m4sco_tbl_01701,gob_ext_00238,gob_ext_00209,gob_ext_00163,dlk_ext_00035
dlk_proceso_0049;2;gob_tbl_01164,gob_tbl_00109;4;dlk_tbl_01574,dlk_tbl_00438,gob_ext_00283,dlk_ext_00116
dash_proceso_0050;6;m4vw_tbl_01152,std_tbl_01240,std_tbl_01718,gob_tbl_02108,gob_tbl_01603,dlk_tbl_00030;9;proc_tbl_01284,dlk_tbl_01986,m4vw_tbl_01448,gob_tbl_00934,std_tbl_01220,gob_ext_00161,gob_ext_00154,proc_ext_00197,dash_ext_00149
gob_proceso_0051;2;dlk_tbl_01406,dlk_tbl_01728;13;dlk_tbl_00264,dash_tbl_00321,gob_tbl_00318,proc_tbl_01145,gob_tbl_00199,gob_tbl_01914,gob_tbl_01253,proc_ext_00060,dlk_ext_00263,gob_ext_00283,ppn_ext_00182,dlk_ext_00153,gob_ext_00289
gob_proceso_0052;3;dlk_tbl_01829,proc_tbl_00903,proc_tbl_00559;13;dlk_tbl_01371,gob_tbl_01591,gob_tbl_02096,proc_tbl_01842,std_tbl_00473,dlk_tbl_02151,m4sco_tbl_02016,dash_ext_00149,dlk_ext_00162,proc_ext_00060,dlk_ext_00035,dlk_ext_00216,proc_ext_00119
gob_proceso_0053;4;dlk_tbl_00391,dash_tbl_02149,std_tbl_01156,proc_tbl_00896;13;dlk_tbl_02182,dlk_tbl_02079,dlk_tbl_01100,proc_tbl_01526,dash_tbl_01856,gob_tbl_00162,dash_tbl_01973,m4vw_ext_00032,gob_ext_00173,dlk_ext_00033,dlk_ext_00206,proc_ext_00001,gob_ext_00069
proc_proceso_0054;5;gob_tbl_01906,dash_tbl_01361,gob_tbl_02068,dlk_tbl_00261,gob_tbl_00465;14;gob_tbl_01339,m4sco_tbl_01063,gob_tbl_01325,gob_tbl_01052,proc_tbl_01466,dlk_tbl_00395,dlk_tbl_02079,gob_tbl_01956,gob_ext_00125,dlk_ext_00074,gob_ext_00169,dlk_ext_00135,proc_ext_00175,std_ext_00054
gob_proceso_0055;6;dlk_tbl_02202,dlk_tbl_01304,gob_tbl_00441,dlk_tbl_02155,gob_tbl_00893,dlk_tbl_00500;13;dlk_tbl_00554,dlk_tbl_01769,proc_tbl_02125,dlk_tbl_00792,gob_tbl_01499,proc_tbl_01521,dash_tbl_00220,gob_ext_00059,gob_ext_00293,proc_ext_00207,dlk_ext_00035,gob_ext_00029,gob_ext_00111
proc_proceso_0056;7;gob_tbl_01122,dlk_tbl_01275,gob_tbl_01126,gob_tbl_01107,dash_tbl_00182,gob_tbl_00156,gob_tbl_00118;11;gob_tbl_02263,dlk_tbl_01396,dlk_tbl_01912,std_tbl_01505,dlk_tbl_00168,proc_tbl_01379,proc_ext_00081,dlk_ext_00281,dlk_ext_00073,dlk_ext_00080,gob_ext_00233
dash_proceso_0057;8;gob_tbl_01184,dlk_tbl_00477,dlk_tbl_01822,dlk_tbl_00605,dash_tbl_01550,dash_tbl_00962,gob_tbl_00797,gob_tbl_00450;9;dlk_tbl_01524,dlk_tbl_01218,proc_tbl_00867,m4vw_tbl_00279,dlk_tbl_01920,gob_ext_00234,dlk_ext_00268,gob_ext_00286,proc_ext_00001
gob_proceso_0058;3;gob_tbl_01066,proc_tbl_01763,proc_tbl_02056;6;gob_tbl_01626,gob_tbl_01303,proc_tbl_00568,gob_ext_00273,gob_ext_00059,dlk_ext_00102
dlk_proceso_0059;4;gob_tbl_00573,dlk_tbl_00738,proc_tbl_00247,proc_tbl_00001;10;dlk_tbl_01116,gob_tbl_00232,dlk_tbl_01270,dlk_tbl_00358,gob_tbl_00797,gob_tbl_02200,gob_ext_00020,gob_ext_00233,ppn_ext_00182,proc_ext_00267
dlk_proceso_0060;8;dlk_tbl_02036,m4sco_tbl_02075,dlk_tbl_02086,proc_tbl_00887,proc_tbl_00750,dash_tbl_00871,dlk_tbl_00736,gob_tbl_01726;7;std_tbl_00894,proc_tbl_01456,gob_tbl_00854,gob_tbl_01870,dlk_ext_00130,dlk_ext_00285,dlk_ext_00245
dlk_proceso_0061;5;gob_tbl_00995,std_tbl_00515,gob_tbl_00969,gob_tbl_01313,dlk_tbl_00376;16;gob_tbl_01323,dash_tbl_00762,dlk_tbl_00025,std_tbl_01041,proc_tbl_00137,gob_tbl_00057,dlk_tbl_00153,gob_tbl_00956,gob_tbl_01376,gob_ext_00173,dlk_ext_00218,gob_ext_00205,dash_ext_00168,gob_ext_00092,dlk_ext_00278,dlk_ext_00251
dlk_proceso_0062;6;dlk_tbl_00569,proc_tbl_01034,proc_tbl_01848,gob_tbl_02285,proc_tbl_00078,dlk_tbl_00724;16;proc_tbl_01172,gob_tbl_01164,proc_tbl_01157,proc_tbl_00307,gob_tbl_00742,gob_tbl_00441,dlk_tbl_00174,m4sco_tbl_02069,gob_tbl_00382,dash_ext_00287,gob_ext_00198,dlk_ext_00007,dlk_ext_00102,m4vw_ext_00150,std_ext_00212,gob_ext_00228
dlk_proceso_0063;7;dlk_tbl_01360,std_tbl_02106,proc_tbl_00337,gob_tbl_00669,dlk_tbl_02052,dlk_tbl_00684,dash_tbl_00133;10;gob_tbl_00492,gob_tbl_01035,std_tbl_00473,dash_tbl_02230,proc_tbl_00192,dlk_tbl_01920,gob_ext_00111,dlk_ext_00248,proc_ext_00026,dlk_ext_00202
dlk_proceso_0064;7;dlk_tbl_00936,dlk_tbl_00204,gob_tbl_02209,dash_tbl_02199,gob_tbl_00925,proc_tbl_02195,dlk_tbl_00687;6;dlk_tbl_00800,proc_tbl_00769,dlk_tbl_02247,dlk_ext_00255,dlk_ext_00038,dlk_ext_00244
dlk_proceso_0065;4;dlk_tbl_01750,dash_tbl_02020,proc_tbl_00863,gob_tbl_00818;9;gob_tbl_00489,gob_tbl_01376,proc_tbl_00286,dash_tbl_01255,gob_tbl_00476,dlk_ext_00216,dlk_ext_00253,gob_ext_00169,dlk_ext_00222
dash_proceso_0066;8;proc_tbl_02261,dash_tbl_00469,gob_tbl_00868,m4vw_tbl_01869,dlk_tbl_02070,gob_tbl_00437,dlk_tbl_00904,gob_tbl_00348;10;m4sco_tbl_00015,dlk_tbl_00017,dlk_tbl_00786,dash_tbl_01064,ppn_tbl_01148,dlk_tbl_01607,gob_ext_00171,dlk_ext_00140,gob_ext_00204,m4sco_ext_00072
gob_proceso_0067;4;dlk_tbl_00873,dlk_tbl_00325,dlk_tbl_00803,gob_tbl_01845;10;dlk_tbl_01892,m4vw_tbl_00982,gob_tbl_00765,gob_tbl_01889,dlk_tbl_00945,gob_tbl_00343,gob_ext_00279,dlk_ext_00135,proc_ext_00231,dlk_ext_00160
dlk_proceso_0068;3;dlk_tbl_00704,gob_tbl_01202,dlk_tbl_00422;5;m4sco_tbl_00040,dlk_tbl_01387,gob_tbl_01913,dlk_ext_00263,dlk_ext_00184
proc_proceso_0069;2;gob_tbl_00725,dlk_tbl_00104;15;gob_tbl_02176,gob_tbl_00236,gob_tbl_00951,dash_tbl_01247,ppn_tbl_02235,dash_tbl_01185,gob_tbl_01859,dlk_tbl_01269,gob_tbl_00722,dlk_ext_00250,dlk_ext_00159,gob_ext_00234,dlk_ext_00095,gob_ext_00057,dlk_ext_00281
dlk_proceso_0070;2;gob_tbl_01684,gob_tbl_02246;7;dash_tbl_00299,proc_tbl_00079,gob_tbl_02091,gob_tbl_00291,gob_ext_00238,gob_ext_00286,std_ext_00054
proc_proceso_0071;3;gob_tbl_01843,gob_tbl_00649,dlk_tbl_01652;9;dlk_tbl_01731,dlk_tbl_00873,dash_tbl_00073,dlk_tbl_01966,dlk_tbl_00480,gob_ext_00089,gob_ext_00105,gob_ext_00254,gob_ext_00198
gob_proceso_0072;4;gob_tbl_01914,dlk_tbl_00012,gob_tbl_00459,gob_tbl_01645;13;gob_tbl_01859,gob_tbl_02242,gob_tbl_00643,gob_tbl_01026,gob_tbl_00058,gob_tbl_00450,gob_tbl_02092,dlk_ext_00223,gob_ext_00265,proc_ext_00123,dlk_ext_00033,dlk_ext_00036,dash_ext_00003
dlk_proceso_0073;5;dlk_tbl_01371,proc_tbl_01155,proc_tbl_02026,gob_tbl_00790,dlk_tbl_01390;12;dlk_tbl_00770,proc_tbl_00658,gob_tbl_01606,dlk_tbl_01943,m4vw_tbl_01933,m4sco_tbl_01847,proc_tbl_01259,dlk_ext_00162,gob_ext_00042,dash_ext_00077,proc_ext_00246,dlk_ext_00090
dlk_proceso_0074;8;gob_tbl_01876,gob_tbl_01016,std_tbl_01957,dlk_tbl_00089,gob_tbl_00083,m4sco_tbl_01886,gob_tbl_01805,proc_tbl_00716;19;dlk_tbl_00734,gob_tbl_00981,dlk_tbl_00248,dlk_tbl_01520,gob_tbl_00805,proc_tbl_00987,gob_tbl_00343,gob_tbl_00660,dlk_tbl_01183,dlk_tbl_01275,dlk_tbl_02188,dlk_ext_00214,dash_ext_00039,dlk_ext_00183,proc_ext_00267,gob_ext_00137,dlk_ext_00124,gob_ext_00293,dlk_ext_00156
gob_proceso_0075;2;gob_tbl_00642,dlk_tbl_00842;10;dlk_tbl_01877,gob_tbl_01195,dash_tbl_00659,dash_tbl_00655,dlk_tbl_01700,dlk_tbl_02072,gob_ext_00111,dlk_ext_00156,gob_ext_00125,dlk_ext_00253
dlk_proceso_0076;6;gob_tbl_01173,gob_tbl_00763,dlk_tbl_02184,proc_tbl_01401,dash_tbl_00454,proc_tbl_02292;6;proc_tbl_00900,dlk_tbl_00024,gob_tbl_01616,std_ext_00212,gob_ext_00261,gob_ext_00040
gob_proceso_0077;6;gob_tbl_01927,gob_tbl_00981,gob_tbl_01669,gob_tbl_00318,std_tbl_01511,dash_tbl_01147;11;m4sco_tbl_01463,proc_tbl_02194,dlk_tbl_01520,gob_tbl_01048,dlk_tbl_00633,dlk_tbl_01809,dlk_ext_00268,dlk_ext_00075,dlk_ext_00035,dlk_ext_00264,gob_ext_00229
dlk_proceso_0078;7;gob_tbl_00610,proc_tbl_02031,dash_tbl_02293,gob_tbl_01707,proc_tbl_02233,proc_tbl_01628,dlk_tbl_01861;10;gob_tbl_01499,proc_tbl_00440,proc_tbl_01465,gob_tbl_01035,proc_tbl_00273,dlk_tbl_01119,std_ext_00054,proc_ext_00100,dlk_ext_00094,gob_ext_00258
dash_proceso_0079;6;dlk_tbl_00303,dlk_tbl_00846,proc_tbl_01382,gob_tbl_01894,gob_tbl_01502,proc_tbl_02144;11;dlk_tbl_01011,gob_tbl_01840,dlk_tbl_01433,proc_tbl_01935,dlk_tbl_01175,ppn_tbl_01375,dlk_ext_00251,proc_ext_00231,dlk_ext_00216,proc_ext_00141,gob_ext_00041
dash_proceso_0080;3;gob_tbl_01985,gob_tbl_02179,dlk_tbl_00866;13;dlk_tbl_00093,gob_tbl_02187,gob_tbl_00905,proc_tbl_00535,std_tbl_01252,gob_tbl_00721,gob_tbl_00140,gob_ext_00293,gob_ext_00161,dlk_ext_00097,dlk_ext_00044,dlk_ext_00046,gob_ext_00110
gob_proceso_0081;4;dash_tbl_00366,gob_tbl_00817,gob_tbl_00919,gob_tbl_01331;11;ppn_tbl_00980,gob_tbl_01735,dash_tbl_01550,dash_tbl_00646,dlk_tbl_00110,proc_tbl_01157,m4vw_ext_00032,ppn_ext_00182,dlk_ext_00278,gob_ext_00110,m4vw_ext_00070
gob_proceso_0082;6;dlk_tbl_00882,gob_tbl_02268,dlk_tbl_01080,proc_tbl_02126,proc_tbl_00408,gob_tbl_00199;4;dlk_tbl_01987,gob_tbl_00176,gob_ext_00294,gob_ext_00068
dlk_proceso_0083;5;dlk_tbl_00346,gob_tbl_00446,dlk_tbl_01954,gob_tbl_00713,gob_tbl_01793;7;proc_tbl_01960,dash_tbl_00497,gob_tbl_02176,gob_tbl_00432,gob_ext_00173,proc_ext_00065,proc_ext_00231
dlk_proceso_0084;4;dlk_tbl_01580,gob_tbl_01182,proc_tbl_00972,dlk_tbl_01087;13;dlk_tbl_00221,gob_tbl_01226,dash_tbl_00976,dash_tbl_01083,dash_tbl_00809,proc_tbl_01660,dlk_tbl_02052,gob_ext_00164,gob_ext_00225,gob_ext_00093,proc_ext_00167,gob_ext_00058,gob_ext_00050
gob_proceso_0085;6;gob_tbl_02092,gob_tbl_01256,proc_tbl_01620,gob_tbl_01238,m4sco_tbl_01235,dlk_tbl_01947;13;gob_tbl_01502,gob_tbl_00118,dlk_tbl_00059,gob_tbl_00176,gob_tbl_00639,gob_tbl_00290,dlk_tbl_01844,dlk_ext_00248,proc_ext_00008,dlk_ext_00201,gob_ext_00092,gob_ext_00173,dlk_ext_00073
dlk_proceso_0086;6;dash_tbl_01479,std_tbl_00371,dlk_tbl_01245,dlk_tbl_00587,dlk_tbl_00212,gob_tbl_01242;12;dlk_tbl_01270,proc_tbl_00856,dash_tbl_00646,gob_tbl_00868,gob_tbl_00669,gob_tbl_00441,dlk_tbl_00387,gob_ext_00137,proc_ext_00008,dlk_ext_00044,proc_ext_00246,gob_ext_00172
gob_proceso_0087;4;gob_tbl_02255,gob_tbl_00815,dlk_tbl_01440,gob_tbl_01130;6;std_tbl_02123,dlk_tbl_02197,dash_tbl_02157,dlk_ext_00216,dlk_ext_00263,dlk_ext_00185
gob_proceso_0088;2;dlk_tbl_01332,proc_tbl_01653;7;dlk_tbl_01529,gob_tbl_00336,gob_tbl_00670,gob_tbl_00231,gob_ext_00293,dlk_ext_00006,gob_ext_00042
dlk_proceso_0089;3;dash_tbl_01345,gob_tbl_00705,dlk_tbl_01929;13;std_tbl_01535,gob_tbl_01606,proc_tbl_01284,dash_tbl_02130,gob_tbl_02122,dlk_tbl_00174,dlk_tbl_01348,proc_ext_00170,dlk_ext_00007,dlk_ext_00144,gob_ext_00270,gob_ext_00069,gob_ext_00110
dash_proceso_0090;8;dlk_tbl_02156,dlk_tbl_00678,dlk_tbl_01720,dlk_tbl_00342,proc_tbl_01630,proc_tbl_01848,m4vw_tbl_01076,gob_tbl_01605;24;dash_tbl_01234,dash_tbl_01211,dlk_tbl_00870,dlk_tbl_00467,gob_tbl_02133,gob_tbl_00756,dlk_tbl_01802,dlk_tbl_00855,proc_tbl_00886,gob_tbl_01661,dlk_tbl_01405,std_tbl_00638,dlk_tbl_00477,gob_tbl_01595,dlk_ext_00160,dash_ext_00039,dlk_ext_00104,gob_ext_00233,dlk_ext_00044,dlk_ext_00030,gob_ext_00270,gob_ext_00236,proc_ext_00060,gob_ext_00042
proc_proceso_0091;3;gob_tbl_02002,gob_tbl_01409,dlk_tbl_01407;6;dlk_tbl_01778,dlk_tbl_00684,dlk_tbl_00830,gob_ext_00273,dlk_ext_00156,dlk_ext_00249
dlk_proceso_0092;5;dlk_tbl_01038,ppn_tbl_00479,proc_tbl_02238,proc_tbl_00885,dash_tbl_00190;8;dash_tbl_01377,dlk_tbl_01877,proc_tbl_00867,gob_tbl_02273,dlk_tbl_00724,gob_ext_00241,proc_ext_00207,ppn_ext_00182
proc_proceso_0093;5;dlk_tbl_01423,proc_tbl_00307,dash_tbl_01079,gob_tbl_00312,dash_tbl_00908;7;gob_tbl_01137,dlk_tbl_00696,proc_tbl_01117,proc_tbl_01153,dlk_ext_00263,dlk_ext_00102,gob_ext_00179
dlk_proceso_0094;2;gob_tbl_01634,gob_tbl_00003;7;dlk_tbl_01829,dash_tbl_01783,proc_tbl_00867,dlk_tbl_00637,proc_ext_00292,dlk_ext_00006,m4vw_ext_00126
dlk_proceso_0095;8;gob_tbl_01197,gob_tbl_01838,proc_tbl_01369,gob_tbl_01072,ppn_tbl_01158,dlk_tbl_00264,dlk_tbl_01719,dlk_tbl_00837;19;dlk_tbl_00529,gob_tbl_01625,dlk_tbl_02284,gob_tbl_02043,gob_tbl_00140,gob_tbl_01664,dlk_tbl_00357,gob_tbl_00061,ppn_tbl_01148,dlk_tbl_01679,proc_tbl_00853,dlk_ext_00257,proc_ext_00252,gob_ext_00057,dlk_ext_00184,dash_ext_00003,proc_ext_00292,dlk_ext_00295,gob_ext_00093
dlk_proceso_0096;7;gob_tbl_01309,std_tbl_02121,gob_tbl_02276,gob_tbl_00722,proc_tbl_01832,proc_tbl_00840,gob_tbl_00561;9;dash_tbl_01255,gob_tbl_00317,gob_tbl_00176,proc_tbl_01379,proc_tbl_00255,gob_ext_00084,gob_ext_00068,dlk_ext_00033,dlk_ext_00097
dlk_proceso_0097;2;std_tbl_01884,m4sco_tbl_02069;10;ppn_tbl_02201,gob_tbl_02276,gob_tbl_02228,gob_tbl_00039,gob_tbl_00199,gob_tbl_01889,proc_ext_00103,dlk_ext_00002,dlk_ext_00097,gob_ext_00293
gob_proceso_0098;5;dlk_tbl_01704,gob_tbl_00322,dlk_tbl_01328,dlk_tbl_00786,dlk_tbl_00171;5;dlk_tbl_01121,gob_tbl_01230,dlk_tbl_02284,proc_ext_00175,dlk_ext_00006
dlk_proceso_0099;4;dlk_tbl_00059,gob_tbl_01714,gob_tbl_00209,proc_tbl_02194;4;gob_tbl_00694,dlk_tbl_01121,gob_ext_00215,dlk_ext_00085
dlk_proceso_0100;4;gob_tbl_02135,dlk_tbl_01700,dash_tbl_00115,gob_tbl_00006;12;proc_tbl_01866,gob_tbl_00895,gob_tbl_00450,gob_tbl_01248,std_tbl_00598,dlk_tbl_01883,proc_tbl_02158,dlk_ext_00201,gob_ext_00179,dlk_ext_00218,gob_ext_00225,gob_ext_00042
gob_proceso_0101;3;proc_tbl_00253,dlk_tbl_00821,dash_tbl_01924;12;gob_tbl_00317,gob_tbl_00988,dlk_tbl_00098,dash_tbl_00359,dlk_tbl_00375,dlk_tbl_02124,dash_tbl_00299,m4vw_ext_00070,dlk_ext_00036,gob_ext_00063,gob_ext_00165,gob_ext_00125
dlk_proceso_0102;5;std_tbl_01553,dlk_tbl_00025,proc_tbl_01874,proc_tbl_01866,proc_tbl_01495;5;gob_tbl_01028,ppn_tbl_02235,dlk_tbl_01986,gob_ext_00261,gob_ext_00215
dlk_proceso_0103;4;std_tbl_02252,gob_tbl_01533,proc_tbl_00889,dlk_tbl_01732;11;proc_tbl_01474,dlk_tbl_00837,dlk_tbl_01332,gob_tbl_01409,dlk_tbl_01133,dlk_tbl_00637,std_ext_00151,dlk_ext_00038,gob_ext_00172,dlk_ext_00085,gob_ext_00047
dlk_proceso_0104;3;dash_tbl_02059,proc_tbl_00257,dlk_tbl_00727;6;proc_tbl_00654,m4vw_tbl_00982,dlk_tbl_00387,gob_ext_00198,dlk_ext_00285,dlk_ext_00153
proc_proceso_0105;3;gob_tbl_00456,dlk_tbl_00458,dlk_tbl_00811;14;gob_tbl_00981,dash_tbl_00864,dash_tbl_02132,dlk_tbl_00848,dlk_tbl_01087,dlk_tbl_00529,dlk_tbl_01712,gob_tbl_00114,gob_ext_00169,std_ext_00237,dash_ext_00168,gob_ext_00066,dlk_ext_00143,proc_ext_00200
dlk_proceso_0106;3;gob_tbl_01052,dlk_tbl_00591,dlk_tbl_00828;9;gob_tbl_02205,m4vw_tbl_00680,dash_tbl_01783,proc_tbl_00230,dash_tbl_01219,gob_ext_00020,dlk_ext_00140,gob_ext_00258,gob_ext_00234
proc_proceso_0107;6;gob_tbl_02264,dlk_tbl_00753,gob_tbl_00356,proc_tbl_02233,dlk_tbl_01860,dlk_tbl_00757;21;dash_tbl_01999,dash_tbl_00073,proc_tbl_00557,dash_tbl_00917,dlk_tbl_00843,gob_tbl_02242,dlk_tbl_00184,dlk_tbl_01328,dash_tbl_02130,proc_tbl_00671,gob_tbl_01889,dlk_tbl_00551,gob_ext_00270,dlk_ext_00295,dlk_ext_00143,dlk_ext_00259,dlk_ext_00220,proc_ext_00119,proc_ext_00008,proc_ext_00120,dlk_ext_00251
proc_proceso_0108;5;dlk_tbl_01071,dlk_tbl_00941,gob_tbl_02260,dlk_tbl_01062,gob_tbl_01118;5;dlk_tbl_01135,dash_tbl_01211,proc_tbl_01215,dlk_ext_00249,gob_ext_00270
dlk_proceso_0109;5;dlk_tbl_01176,dash_tbl_00507,dash_tbl_01247,dlk_tbl_01233,std_tbl_01930;11;gob_tbl_00553,gob_tbl_01976,proc_tbl_00781,proc_tbl_01473,dash_tbl_01018,dlk_tbl_00913,gob_ext_00225,dlk_ext_00223,dlk_ext_00083,dlk_ext_00157,proc_ext_00081
dlk_proceso_0110;2;dash_tbl_00131,gob_tbl_00489;12;gob_tbl_02187,gob_tbl_02176,dlk_tbl_01365,dlk_tbl_02197,gob_tbl_01341,gob_tbl_00797,proc_tbl_02116,proc_ext_00060,dlk_ext_00088,dlk_ext_00251,dlk_ext_00102,proc_ext_00243
dlk_proceso_0111;5;dlk_tbl_01500,ppn_tbl_00782,std_tbl_00333,gob_tbl_01952,proc_tbl_01456;12;gob_tbl_00794,proc_tbl_00238,gob_tbl_00039,gob_tbl_01619,dlk_tbl_00550,gob_tbl_01593,gob_tbl_01706,dlk_ext_00285,dlk_ext_00097,gob_ext_00092,gob_ext_00062,dlk_ext_00085
dlk_proceso_0112;2;gob_tbl_01035,dlk_tbl_01425;13;gob_tbl_01243,gob_tbl_01303,std_tbl_00237,dlk_tbl_01723,gob_tbl_00910,gob_tbl_01066,dlk_tbl_00878,gob_ext_00234,gob_ext_00068,gob_ext_00042,proc_ext_00288,proc_ext_00177,proc_ext_00282
dlk_proceso_0113;3;dash_tbl_00849,proc_tbl_00233,gob_tbl_01835;9;dlk_tbl_01501,gob_tbl_00925,dlk_tbl_01970,dlk_tbl_01731,dlk_tbl_01288,gob_ext_00179,dlk_ext_00144,dlk_ext_00140,dlk_ext_00130
dlk_proceso_0114;3;m4sco_tbl_02016,gob_tbl_00191,dlk_tbl_01925;9;dlk_tbl_01559,dash_tbl_00884,gob_tbl_02200,std_tbl_01480,dlk_tbl_00873,dlk_ext_00159,dlk_ext_00033,proc_ext_00037,gob_ext_00189
gob_proceso_0115;4;std_tbl_00405,gob_tbl_02037,gob_tbl_00920,gob_tbl_01655;11;std_tbl_00333,gob_tbl_02129,dlk_tbl_02137,gob_tbl_00383,gob_tbl_01836,dash_tbl_02132,m4vw_ext_00126,dlk_ext_00251,dlk_ext_00135,gob_ext_00215,dlk_ext_00075
dlk_proceso_0116;6;dlk_tbl_02175,gob_tbl_01995,gob_tbl_00278,dash_tbl_01042,gob_tbl_00977,gob_tbl_01762;8;dlk_tbl_01421,gob_tbl_00939,gob_tbl_01785,gob_tbl_01913,proc_tbl_00210,gob_ext_00173,dash_ext_00192,dlk_ext_00232
proc_proceso_0117;3;gob_tbl_01772,proc_tbl_00604,proc_tbl_01092;13;proc_tbl_01765,gob_tbl_00348,gob_tbl_00935,gob_tbl_01106,gob_tbl_01603,proc_tbl_00544,dlk_tbl_00368,dlk_ext_00285,gob_ext_00069,gob_ext_00208,dlk_ext_00153,dlk_ext_00248,dlk_ext_00023
dlk_proceso_0118;7;dlk_tbl_01203,gob_tbl_01744,dlk_tbl_01723,gob_tbl_01343,dlk_tbl_02042,m4vw_tbl_00630,proc_tbl_01787;6;gob_tbl_01605,gob_tbl_00201,std_tbl_01600,gob_ext_00092,dlk_ext_00142,dlk_ext_00295
gob_proceso_0119;7;proc_tbl_00049,gob_tbl_01715,gob_tbl_01647,gob_tbl_01325,proc_tbl_01078,dlk_tbl_00471,proc_tbl_00978;15;proc_tbl_01660,gob_tbl_01458,dlk_tbl_00132,dlk_tbl_01654,gob_tbl_00988,std_tbl_00067,gob_tbl_00969,dlk_tbl_01918,dlk_tbl_02015,dlk_ext_00030,gob_ext_00019,gob_ext_00204,gob_ext_00108,proc_ext_00207,gob_ext_00050
dlk_proceso_0120;5;dlk_tbl_02151,m4sco_tbl_00040,proc_tbl_00305,gob_tbl_01767,gob_tbl_00160;13;gob_tbl_01443,dlk_tbl_00482,dlk_tbl_01773,dlk_tbl_02065,gob_tbl_00549,gob_tbl_00141,dash_tbl_02127,dlk_ext_00124,proc_ext_00119,gob_ext_00161,gob_ext_00261,dash_ext_00168,dlk_ext_00268
gob_proceso_0121;6;dlk_tbl_00183,proc_tbl_01157,gob_tbl_00661,gob_tbl_01937,dlk_tbl_00913,dlk_tbl_01614;6;proc_tbl_01474,dlk_tbl_01986,std_tbl_01511,dlk_ext_00085,proc_ext_00187,gob_ext_00020
proc_proceso_0122;3;gob_tbl_01106,gob_tbl_00355,gob_tbl_00313;6;gob_tbl_01283,gob_tbl_00209,dlk_tbl_01459,dlk_ext_00006,dash_ext_00136,dlk_ext_00024
dash_proceso_0123;7;gob_tbl_02271,proc_tbl_00928,m4vw_tbl_00207,dlk_tbl_01574,dlk_tbl_01926,dash_tbl_00666,gob_tbl_00069;11;gob_tbl_02064,dlk_tbl_00269,dlk_tbl_00168,dlk_tbl_01768,dlk_tbl_00704,dlk_tbl_01986,proc_ext_00008,gob_ext_00138,dash_ext_00269,dlk_ext_00244,m4sco_ext_00072
proc_proceso_0124;2;m4sco_tbl_00745,gob_tbl_01253;5;proc_tbl_00435,gob_tbl_01684,gob_tbl_01683,dlk_ext_00218,dlk_ext_00107
dlk_proceso_0125;3;dlk_tbl_01649,dash_tbl_00685,dlk_tbl_01959;9;dlk_tbl_00739,gob_tbl_01033,gob_tbl_01444,gob_tbl_01160,gob_tbl_02174,dlk_ext_00095,gob_ext_00063,proc_ext_00288,dlk_ext_00135
proc_proceso_0126;5;dlk_tbl_01721,dlk_tbl_01993,dlk_tbl_02222,dlk_tbl_00560,gob_tbl_00968;9;dlk_tbl_01858,dlk_tbl_00743,gob_tbl_01279,dlk_tbl_01459,dash_tbl_02132,gob_ext_00233,dlk_ext_00295,dlk_ext_00024,gob_ext_00294
gob_proceso_0127;7;dlk_tbl_01404,dlk_tbl_00633,dash_tbl_00700,dash_tbl_00359,dlk_tbl_00915,std_tbl_01294,gob_tbl_01144;11;dlk_tbl_00945,gob_tbl_00034,proc_tbl_00352,dash_tbl_01300,proc_tbl_01054,dlk_tbl_01278,proc_ext_00252,dlk_ext_00010,dlk_ext_00142,proc_ext_00064,dlk_ext_00035
dash_proceso_0128;5;dash_tbl_01450,gob_tbl_00244,dlk_tbl_01449,m4vw_tbl_01837,dlk_tbl_00585;15;dlk_tbl_00263,proc_tbl_00863,gob_tbl_01894,dlk_tbl_01045,gob_tbl_01352,dash_tbl_02059,dlk_tbl_01485,proc_tbl_00832,dlk_tbl_01030,dlk_ext_00006,dlk_ext_00162,dlk_ext_00245,gob_ext_00236,dlk_ext_00285,m4vw_ext_00150
proc_proceso_0129;7;std_tbl_01854,dlk_tbl_01562,gob_tbl_00381,gob_tbl_00541,proc_tbl_01565,dlk_tbl_01615,dlk_tbl_01738;6;proc_tbl_01311,proc_tbl_02115,dlk_tbl_01277,proc_ext_00112,dlk_ext_00016,gob_ext_00286
dash_proceso_0130;5;gob_tbl_00363,gob_tbl_01748,gob_tbl_01946,proc_tbl_02009,dash_tbl_00720;12;dlk_tbl_01552,gob_tbl_01689,dlk_tbl_01987,gob_tbl_00502,dlk_tbl_00743,dlk_tbl_01883,proc_tbl_01516,dash_ext_00269,dlk_ext_00257,dlk_ext_00028,gob_ext_00205,gob_ext_00092
proc_proceso_0131;3;dash_tbl_01974,dlk_tbl_01893,proc_tbl_01321;9;gob_tbl_00392,proc_tbl_01391,dlk_tbl_01947,dlk_tbl_01176,dlk_tbl_00827,gob_ext_00273,dlk_ext_00107,dash_ext_00133,gob_ext_00171
dlk_proceso_0132;6;gob_tbl_01522,gob_tbl_02200,dlk_tbl_01782,gob_tbl_00404,gob_tbl_00486,dlk_tbl_01405;10;dlk_tbl_01858,dlk_tbl_00385,dlk_tbl_02053,gob_tbl_00793,proc_tbl_02144,dash_tbl_00050,dlk_ext_00250,gob_ext_00261,gob_ext_00019,gob_ext_00125
dlk_proceso_0133;6;dash_tbl_00809,proc_tbl_01798,dash_tbl_01219,proc_tbl_02223,dlk_tbl_00075,dlk_tbl_00675;13;m4sco_tbl_01246,gob_tbl_01351,dlk_tbl_00368,m4sco_tbl_00169,gob_tbl_02101,dlk_tbl_01612,gob_tbl_01597,proc_ext_00221,gob_ext_00041,dlk_ext_00006,proc_ext_00128,gob_ext_00189,m4vw_ext_00070
dlk_proceso_0134;3;dlk_tbl_01264,dlk_tbl_00270,gob_tbl_01785;13;dlk_tbl_00599,dlk_tbl_02065,gob_tbl_01128,dlk_tbl_01700,dash_tbl_00321,std_tbl_00371,gob_tbl_01066,gob_ext_00069,proc_ext_00008,gob_ext_00261,dlk_ext_00295,gob_ext_00279,std_ext_00054
dlk_proceso_0135;3;dlk_tbl_00052,dlk_tbl_01773,dlk_tbl_00068;6;std_tbl_01051,gob_tbl_01786,dlk_tbl_00390,dlk_ext_00206,gob_ext_00042,proc_ext_00128
dlk_proceso_0136;4;proc_tbl_00289,gob_tbl_01857,dlk_tbl_02170,gob_tbl_00895;7;proc_tbl_01153,gob_tbl_01952,dlk_tbl_00493,dlk_tbl_01792,dash_ext_00287,dlk_ext_00033,dlk_ext_00143
proc_proceso_0137;5;dlk_tbl_01983,proc_tbl_01344,dlk_tbl_00626,dlk_tbl_01288,gob_tbl_01889;9;gob_tbl_00277,dlk_tbl_02284,proc_tbl_01401,dash_tbl_01545,m4vw_tbl_01410,dlk_ext_00006,dlk_ext_00097,gob_ext_00020,dlk_ext_00005
proc_proceso_0138;5;dlk_tbl_01654,gob_tbl_00812,proc_tbl_02266,gob_tbl_01518,dlk_tbl_00848;7;proc_tbl_00305,gob_tbl_00055,dlk_tbl_00827,dlk_tbl_01792,dlk_ext_00249,proc_ext_00119,gob_ext_00173
dash_proceso_0139;2;gob_tbl_00328,std_tbl_00202;8;dlk_tbl_00300,proc_tbl_01478,proc_tbl_00087,dlk_tbl_02141,m4vw_tbl_00274,proc_ext_00141,gob_ext_00029,dlk_ext_00033
dlk_proceso_0140;5;proc_tbl_01690,m4vw_tbl_01896,gob_tbl_00935,gob_tbl_01169,dlk_tbl_00080;13;dlk_tbl_01942,dlk_tbl_01278,dlk_tbl_02093,proc_tbl_00354,dlk_tbl_01071,dash_tbl_01753,proc_tbl_01312,dlk_ext_00285,m4sco_ext_00031,gob_ext_00105,proc_ext_00187,gob_ext_00258,dlk_ext_00216
gob_proceso_0141;6;gob_tbl_01005,dash_tbl_00448,proc_tbl_00389,gob_tbl_01742,dlk_tbl_02154,dlk_tbl_00221;13;proc_tbl_00042,gob_tbl_02228,gob_tbl_02244,gob_tbl_01044,dash_tbl_00345,ppn_tbl_01158,dlk_tbl_01406,gob_ext_00189,dash_ext_00067,dlk_ext_00206,dash_ext_00168,gob_ext_00179,dlk_ext_00143
gob_proceso_0142;4;dlk_tbl_01938,gob_tbl_00953,proc_tbl_00681,gob_tbl_01806;10;gob_tbl_00410,dlk_tbl_00395,ppn_tbl_02206,gob_tbl_00643,dash_tbl_00975,dlk_tbl_01868,dash_ext_00051,gob_ext_00041,dlk_ext_00224,dlk_ext_00216
gob_proceso_0143;6;dash_tbl_02214,dlk_tbl_01000,gob_tbl_01547,gob_tbl_02099,proc_tbl_00435,dlk_tbl_00861;10;dash_tbl_01142,dlk_tbl_00375,gob_tbl_01651,dlk_tbl_01678,gob_tbl_02242,gob_tbl_01684,proc_ext_00243,gob_ext_00209,dlk_ext_00148,proc_ext_00100
proc_proceso_0144;7;m4sco_tbl_01905,gob_tbl_01323,dlk_tbl_00388,dlk_tbl_01809,dlk_tbl_00146,dlk_tbl_02226,dlk_tbl_01114;9;gob_tbl_00988,gob_tbl_00553,std_tbl_01600,dlk_tbl_01491,gob_tbl_00956,gob_ext_00041,dash_ext_00149,dlk_ext_00201,dash_ext_00067
gob_proceso_0145;3;gob_tbl_00916,dash_tbl_00795,gob_tbl_00416;9;proc_tbl_01546,gob_tbl_01283,gob_tbl_00613,dlk_tbl_01445,std_tbl_00373,gob_ext_00236,dlk_ext_00038,gob_ext_00047,gob_ext_00254
gob_proceso_0146;4;proc_tbl_01765,dlk_tbl_01140,gob_tbl_01642,gob_tbl_00481;4;dlk_tbl_01124,proc_tbl_01991,dlk_ext_00102,dlk_ext_00263
proc_proceso_0147;6;dlk_tbl_00866,proc_tbl_00832,gob_tbl_00439,proc_tbl_00309,dlk_tbl_00234,proc_tbl_00226;10;proc_tbl_02087,gob_tbl_00393,dlk_tbl_00093,proc_tbl_00352,gob_tbl_00009,dlk_tbl_00339,gob_ext_00169,proc_ext_00065,gob_ext_00163,dlk_ext_00116
gob_proceso_0148;3;dash_tbl_01974,dlk_tbl_01945,gob_tbl_00613;11;proc_tbl_00087,proc_tbl_01379,gob_tbl_00061,dlk_tbl_01267,proc_tbl_00730,gob_tbl_01683,dlk_ext_00295,proc_ext_00170,dlk_ext_00216,gob_ext_00029,dlk_ext_00148
dlk_proceso_0149;5;proc_tbl_01191,gob_tbl_01775,dash_tbl_00917,dlk_tbl_00463,gob_tbl_00406;13;proc_tbl_00255,m4sco_tbl_02069,dlk_tbl_00937,dlk_tbl_01295,proc_tbl_01145,m4sco_tbl_01886,proc_tbl_01349,dlk_ext_00232,m4sco_ext_00031,dlk_ext_00206,dlk_ext_00153,gob_ext_00173,dlk_ext_00094
proc_proceso_0150;3;proc_tbl_02270,dlk_tbl_01232,dlk_tbl_01025;13;dlk_tbl_01802,dlk_tbl_02284,dlk_tbl_01562,dash_tbl_01862,dlk_tbl_02053,gob_tbl_01238,dlk_tbl_01727,dash_ext_00127,dlk_ext_00178,dlk_ext_00024,gob_ext_00110,dash_ext_00136,dlk_ext_00244
dlk_proceso_0151;3;dlk_tbl_00766,proc_tbl_00580,dlk_tbl_01285;13;std_tbl_00402,dlk_tbl_02197,gob_tbl_01800,dlk_tbl_01654,dlk_tbl_00983,gob_tbl_01758,dlk_tbl_01808,dlk_ext_00156,dlk_ext_00295,dash_ext_00003,dlk_ext_00245,gob_ext_00165,proc_ext_00141
dlk_proceso_0152;5;gob_tbl_02080,dlk_tbl_01008,gob_tbl_00114,proc_tbl_01935,dlk_tbl_00252;13;gob_tbl_01376,dlk_tbl_01604,dlk_tbl_00413,gob_tbl_01748,gob_tbl_00989,proc_tbl_00695,proc_tbl_01438,proc_ext_00043,gob_ext_00226,m4vw_ext_00126,dash_ext_00149,proc_ext_00123,proc_ext_00170
proc_proceso_0153;2;gob_tbl_00958,dlk_tbl_00830;15;proc_tbl_00192,dash_tbl_02168,gob_tbl_00952,dlk_tbl_01019,dlk_tbl_02138,gob_tbl_02200,dlk_tbl_02015,gob_tbl_01946,dlk_tbl_02189,proc_ext_00103,dlk_ext_00216,gob_ext_00171,dlk_ext_00143,dash_ext_00149,dlk_ext_00268
dlk_proceso_0154;8;dlk_tbl_02188,dash_tbl_01085,gob_tbl_00988,dash_tbl_00220,proc_tbl_00255,proc_tbl_01265,gob_tbl_00476,std_tbl_02234;24;dlk_tbl_01278,gob_tbl_00334,proc_tbl_00955,dlk_tbl_01654,dlk_tbl_01773,dlk_tbl_00633,gob_tbl_01139,gob_tbl_01254,proc_tbl_01438,gob_tbl_00767,proc_tbl_02223,gob_tbl_02191,std_tbl_01957,gob_tbl_01431,gob_ext_00204,dlk_ext_00101,dlk_ext_00010,gob_ext_00059,std_ext_00237,proc_ext_00037,dlk_ext_00159,dlk_ext_00227,gob_ext_00205,proc_ext_00267
dlk_proceso_0155;5;dlk_tbl_01515,gob_tbl_01637,gob_tbl_00939,proc_tbl_02109,gob_tbl_01443;8;gob_tbl_00528,proc_tbl_00016,dlk_tbl_00783,std_tbl_02034,gob_tbl_01655,proc_ext_00292,proc_ext_00123,m4vw_ext_00032
proc_proceso_0156;7;dlk_tbl_02143,gob_tbl_00993,dlk_tbl_00208,gob_tbl_00014,std_tbl_00593,gob_tbl_00136,dash_tbl_01713;9;dlk_tbl_00080,gob_tbl_02179,proc_tbl_01834,gob_tbl_00944,ppn_tbl_02206,dlk_ext_00005,dlk_ext_00295,gob_ext_00041,ppn_ext_00235
gob_proceso_0157;4;std_tbl_00149,proc_tbl_01991,proc_tbl_01251,dash_tbl_02004;10;dlk_tbl_00391,gob_tbl_01946,proc_tbl_01297,gob_tbl_01502,gob_tbl_00784,dash_tbl_01234,gob_ext_00145,gob_ext_00261,proc_ext_00112,gob_ext_00069
dlk_proceso_0158;2;dlk_tbl_01015,dlk_tbl_02186;15;gob_tbl_00160,gob_tbl_00444,gob_tbl_02023,dlk_tbl_01678,dash_tbl_02132,dlk_tbl_00368,gob_tbl_01224,gob_tbl_00528,gob_tbl_01060,dlk_ext_00183,gob_ext_00092,dlk_ext_00153,proc_ext_00187,dlk_ext_00248,dlk_ext_00097
dlk_proceso_0159;7;dlk_tbl_01447,dash_tbl_01255,gob_tbl_01904,gob_tbl_00060,proc_tbl_01311,dlk_tbl_00095,proc_tbl_01307;1;proc_tbl_01609
dlk_proceso_0160;2;gob_tbl_01984,proc_tbl_00814;8;proc_tbl_02116,gob_tbl_00216,std_tbl_02227,gob_tbl_01917,dlk_tbl_01496,dlk_ext_00263,gob_ext_00226,dlk_ext_00116
dlk_proceso_0161;5;gob_tbl_01841,dlk_tbl_00430,proc_tbl_02081,gob_tbl_01786,proc_tbl_01576;13;proc_tbl_01324,dlk_tbl_02124,dlk_tbl_00171,proc_tbl_00503,gob_tbl_01517,gob_tbl_01864,gob_tbl_01005,dlk_ext_00160,dlk_ext_00088,dlk_ext_00193,dash_ext_00134,std_ext_00262,dlk_ext_00220
gob_proceso_0162;4;dlk_tbl_00693,dlk_tbl_00390,dlk_tbl_00921,gob_tbl_00268;12;gob_tbl_00294,dlk_tbl_01652,dlk_tbl_02197,dlk_tbl_02182,gob_tbl_02174,gob_tbl_01138,dlk_tbl_01612,m4sco_ext_00031,proc_ext_00141,m4vw_ext_00150,gob_ext_00180,gob_ext_00164
dash_proceso_0163;6;gob_tbl_00647,proc_tbl_00640,m4sco_tbl_00709,proc_tbl_00238,dash_tbl_00050,dash_tbl_00960;10;proc_tbl_00608,dlk_tbl_00946,dlk_tbl_01121,proc_tbl_01546,proc_tbl_01594,proc_tbl_00306,dlk_ext_00091,dlk_ext_00285,gob_ext_00229,m4vw_ext_00032
dlk_proceso_0164;4;dash_tbl_00659,gob_tbl_02259,proc_tbl_01609,gob_tbl_01566;5;gob_tbl_00635,proc_tbl_00718,gob_tbl_00393,std_ext_00076,dlk_ext_00263
dlk_proceso_0165;3;dlk_tbl_00701,gob_tbl_01799,proc_tbl_01546;9;dlk_tbl_01792,gob_tbl_02187,gob_tbl_02242,dlk_tbl_00008,dlk_tbl_00842,gob_ext_00050,proc_ext_00170,dlk_ext_00116,gob_ext_00021
dash_proceso_0166;6;dlk_tbl_02044,gob_tbl_02277,dlk_tbl_02169,gob_tbl_00989,dash_tbl_01592,dlk_tbl_00170;11;dlk_tbl_00341,gob_tbl_00124,gob_tbl_00181,gob_tbl_01561,dlk_tbl_01871,proc_tbl_01193,gob_ext_00169,dlk_ext_00193,dash_ext_00134,dlk_ext_00244,dlk_ext_00268
gob_proceso_0167;6;dash_tbl_01556,gob_tbl_02043,dlk_tbl_01944,dlk_tbl_01520,gob_tbl_00952,dlk_tbl_00341;15;ppn_tbl_02235,dlk_tbl_01212,proc_tbl_01092,gob_tbl_00536,dlk_tbl_02134,dlk_tbl_01818,gob_tbl_00235,gob_tbl_01499,dlk_tbl_00310,proc_ext_00027,dlk_ext_00016,gob_ext_00294,dlk_ext_00148,gob_ext_00084,proc_ext_00119
proc_proceso_0168;4;m4sco_tbl_01075,gob_tbl_00163,dlk_tbl_00698,proc_tbl_00215;11;dlk_tbl_01943,dlk_tbl_01860,gob_tbl_01060,dlk_tbl_01523,dash_tbl_00321,proc_tbl_01585,dlk_ext_00033,gob_ext_00188,dlk_ext_00220,gob_ext_00042,gob_ext_00189
dlk_proceso_0169;5;gob_tbl_00548,gob_tbl_01608,dlk_tbl_00576,gob_tbl_00382,proc_tbl_00338;8;dlk_tbl_02041,dlk_tbl_02167,dlk_tbl_01738,gob_tbl_00102,gob_tbl_01432,gob_ext_00284,gob_ext_00068,dlk_ext_00080
dash_proceso_0170;5;dash_tbl_00315,dlk_tbl_00017,dlk_tbl_01816,gob_tbl_00392,dlk_tbl_01607;7;proc_tbl_00211,dlk_tbl_01925,gob_tbl_00053,proc_tbl_01528,dlk_ext_00144,proc_ext_00052,proc_ext_00064
dash_proceso_0171;6;gob_tbl_01936,dlk_tbl_01207,gob_tbl_01813,gob_tbl_00399,dash_tbl_01972,gob_tbl_00350;12;dash_tbl_02130,dash_tbl_00884,dlk_tbl_01932,proc_tbl_00651,proc_tbl_01690,dash_tbl_01300,proc_tbl_00087,dlk_ext_00005,dash_ext_00009,gob_ext_00020,gob_ext_00063,proc_ext_00128
gob_proceso_0172;5;proc_tbl_00487,gob_tbl_01711,gob_tbl_02110,proc_tbl_01426,gob_tbl_00383;7;proc_tbl_01473,proc_tbl_02019,proc_tbl_01213,proc_tbl_00192,dlk_ext_00264,dlk_ext_00024,dlk_ext_00160
gob_proceso_0173;5;proc_tbl_01994,gob_tbl_00516,gob_tbl_00414,gob_tbl_01236,dash_tbl_00957;7;gob_tbl_00394,gob_tbl_00441,proc_tbl_01546,dash_tbl_01239,gob_ext_00113,gob_ext_00189,gob_ext_00021
dlk_proceso_0174;9;dlk_tbl_00024,gob_tbl_01664,gob_tbl_00556,m4vw_tbl_01190,proc_tbl_01213,gob_tbl_01527,dlk_tbl_00090,m4vw_tbl_02250,proc_tbl_01012;14;gob_tbl_00999,gob_tbl_00916,gob_tbl_01452,dlk_tbl_02094,gob_tbl_00777,dlk_tbl_01926,dlk_tbl_00324,dlk_tbl_01590,dlk_ext_00183,gob_ext_00294,dlk_ext_00144,dlk_ext_00116,gob_ext_00169,dlk_ext_00253
dlk_proceso_0175;5;proc_tbl_00900,dlk_tbl_01427,m4sco_tbl_01056,dlk_tbl_00174,gob_tbl_02054;10;dlk_tbl_01217,gob_tbl_00450,gob_tbl_01761,dlk_tbl_01676,proc_tbl_01583,gob_tbl_00328,proc_ext_00123,gob_ext_00261,gob_ext_00110,dlk_ext_00135
dlk_proceso_0176;6;proc_tbl_00173,dlk_tbl_01006,gob_tbl_01624,dlk_tbl_01293,gob_tbl_00135,dlk_tbl_01687;6;dlk_tbl_02015,std_tbl_00371,dlk_tbl_01587,proc_ext_00288,gob_ext_00057,dlk_ext_00036
gob_proceso_0177;4;gob_tbl_01290,dash_tbl_01036,m4vw_tbl_01898,gob_tbl_00466;6;dlk_tbl_01105,gob_tbl_01605,gob_tbl_01298,dlk_ext_00160,dlk_ext_00036,gob_ext_00164
dlk_proceso_0178;7;dlk_tbl_01429,gob_tbl_01308,proc_tbl_00227,proc_tbl_01473,gob_tbl_01356,dlk_tbl_00194,gob_tbl_00627;6;proc_tbl_00867,m4vw_tbl_01869,dlk_tbl_01709,gob_ext_00125,gob_ext_00161,gob_ext_00179
dash_proceso_0179;3;proc_tbl_01790,gob_tbl_00648,dash_tbl_02198;11;dlk_tbl_01667,m4vw_tbl_00207,proc_tbl_01125,gob_tbl_01343,dlk_tbl_00539,gob_tbl_01353,gob_ext_00165,dlk_ext_00260,gob_ext_00069,gob_ext_00099,gob_ext_00020
dlk_proceso_0180;2;gob_tbl_02164,gob_tbl_01807;12;dlk_tbl_01269,std_tbl_00067,dash_tbl_01381,gob_tbl_01870,dlk_tbl_01899,m4sco_tbl_00384,dlk_tbl_00891,gob_ext_00209,dlk_ext_00202,proc_ext_00243,dlk_ext_00083,gob_ext_00171
dlk_proceso_0181;6;dlk_tbl_01699,dlk_tbl_00870,gob_tbl_01359,gob_tbl_01561,dash_tbl_01753,gob_tbl_00461;11;dash_tbl_01545,dlk_tbl_01654,gob_tbl_01046,dlk_tbl_01599,gob_tbl_00643,dlk_tbl_00861,gob_ext_00068,gob_ext_00041,dlk_ext_00216,proc_ext_00292,proc_ext_00128
gob_proceso_0182;4;dlk_tbl_00495,dlk_tbl_02197,proc_tbl_01528,dlk_tbl_00715;11;proc_tbl_00233,dlk_tbl_01445,gob_tbl_00397,dlk_tbl_02079,m4sco_tbl_01063,dlk_tbl_00921,gob_ext_00208,gob_ext_00272,dlk_ext_00083,proc_ext_00197,dash_ext_00168
proc_proceso_0183;6;m4sco_tbl_01729,gob_tbl_01395,dlk_tbl_00105,dlk_tbl_01453,dlk_tbl_02279,gob_tbl_02225;10;proc_tbl_01690,proc_tbl_01585,dlk_tbl_01552,dlk_tbl_00869,proc_tbl_00137,std_tbl_01789,dlk_ext_00024,dlk_ext_00116,gob_ext_00069,dash_ext_00077
dlk_proceso_0184;4;dlk_tbl_01808,dlk_tbl_00151,dlk_tbl_01435,gob_tbl_01800;6;proc_tbl_01251,proc_tbl_01565,dlk_tbl_00715,gob_ext_00209,proc_ext_00282,gob_ext_00063
dash_proceso_0185;6;dash_tbl_00165,gob_tbl_00860,dash_tbl_01377,gob_tbl_00058,dlk_tbl_01386,std_tbl_00638;15;gob_tbl_02150,proc_tbl_00049,dlk_tbl_00847,proc_tbl_01413,dlk_tbl_01183,m4vw_tbl_00279,dlk_tbl_00385,proc_tbl_01716,dlk_tbl_01635,dlk_ext_00263,dlk_ext_00030,gob_ext_00204,proc_ext_00026,dlk_ext_00090,dlk_ext_00216
dlk_proceso_0186;6;proc_tbl_01895,dash_tbl_00046,dlk_tbl_00429,proc_tbl_00062,proc_tbl_01751,gob_tbl_01137;6;dlk_tbl_02290,dlk_tbl_00539,dlk_tbl_01491,proc_ext_00008,dlk_ext_00101,gob_ext_00179
proc_proceso_0187;6;gob_tbl_01863,gob_tbl_00108,dlk_tbl_00153,proc_tbl_00785,gob_tbl_00099,gob_tbl_01400;10;std_tbl_01705,gob_tbl_00164,dlk_tbl_01278,dlk_tbl_01858,gob_tbl_00124,gob_tbl_01995,dlk_ext_00278,gob_ext_00199,proc_ext_00120,proc_ext_00141
gob_proceso_0188;6;dlk_tbl_01737,dlk_tbl_01918,dlk_tbl_02208,dlk_tbl_00609,dash_tbl_01205,dlk_tbl_01636;5;gob_tbl_00135,gob_tbl_00456,std_tbl_00401,dlk_ext_00251,dlk_ext_00035
dash_proceso_0189;4;gob_tbl_00940,proc_tbl_00996,std_tbl_01220,gob_tbl_01483;4;gob_tbl_01398,dlk_tbl_01445,dlk_ext_00139,m4sco_ext_00072
dlk_proceso_0190;2;gob_tbl_01442,std_tbl_00634;12;proc_tbl_01170,m4sco_tbl_00426,gob_tbl_02122,proc_tbl_01117,dlk_tbl_01449,proc_tbl_01834,proc_tbl_01766,dash_ext_00077,gob_ext_00239,gob_ext_00234,proc_ext_00177,dlk_ext_00035
dlk_proceso_0191;5;gob_tbl_00277,gob_tbl_01414,dlk_tbl_01133,gob_tbl_01271,dlk_tbl_00526;12;dlk_tbl_02015,dlk_tbl_01604,proc_tbl_01473,dlk_tbl_00734,m4sco_tbl_01627,gob_tbl_00070,dlk_tbl_00843,std_ext_00262,dlk_ext_00132,dlk_ext_00091,dash_ext_00269,proc_ext_00246
gob_proceso_0192;5;gob_tbl_02131,dlk_tbl_02162,dlk_tbl_01347,gob_tbl_00676,gob_tbl_02040;7;gob_tbl_00794,proc_tbl_02159,dlk_tbl_01429,dlk_tbl_00727,gob_ext_00108,dlk_ext_00201,gob_ext_00226
dlk_proceso_0193;3;std_tbl_01873,m4sco_tbl_02221,m4vw_tbl_01674;12;proc_tbl_00900,gob_tbl_00540,dlk_tbl_01769,dlk_tbl_00375,gob_tbl_01408,proc_tbl_01630,gob_tbl_01952,gob_ext_00179,dlk_ext_00206,dlk_ext_00263,dash_ext_00149,dlk_ext_00088
gob_proceso_0194;4;gob_tbl_01224,dlk_tbl_00527,m4vw_tbl_00279,gob_tbl_00419;4;gob_tbl_01683,dlk_tbl_01429,gob_ext_00279,proc_ext_00252
gob_proceso_0195;2;gob_tbl_01004,std_tbl_00575;13;dlk_tbl_00167,std_tbl_00714,m4sco_tbl_01063,gob_tbl_02200,gob_tbl_01016,gob_tbl_02051,gob_tbl_01046,dlk_ext_00193,dash_ext_00133,gob_ext_00204,gob_ext_00225,dlk_ext_00116,dlk_ext_00117
dlk_proceso_0196;6;dlk_tbl_01745,gob_tbl_00323,dlk_tbl_01277,proc_tbl_01911,dash_tbl_00475,dlk_tbl_01986;4;dlk_tbl_01759,dash_tbl_00026,proc_ext_00187,dlk_ext_00094
gob_proceso_0197;2;gob_tbl_00788,proc_tbl_00979;15;gob_tbl_01106,gob_tbl_01394,dlk_tbl_01721,dlk_tbl_01993,dash_tbl_00433,proc_tbl_01312,gob_tbl_00418,proc_tbl_00490,gob_tbl_00702,gob_ext_00110,dlk_ext_00030,proc_ext_00037,dlk_ext_00143,gob_ext_00189,dlk_ext_00295
dlk_proceso_0198;3;dlk_tbl_00827,dlk_tbl_02148,gob_tbl_00789;13;gob_tbl_01800,gob_tbl_00756,dlk_tbl_01797,dlk_tbl_01671,dlk_tbl_00357,dlk_tbl_02243,dlk_tbl_00963,gob_ext_00164,gob_ext_00286,gob_ext_00284,dlk_ext_00183,gob_ext_00092,std_ext_00079
dlk_proceso_0199;5;gob_tbl_00129,gob_tbl_01779,dash_tbl_02207,dlk_tbl_01045,gob_tbl_00826;4;dlk_tbl_00121,dlk_tbl_01390,m4vw_ext_00277,gob_ext_00286
gob_proceso_0200;3;dlk_tbl_02134,dash_tbl_01670,gob_tbl_00672;14;proc_tbl_00016,proc_tbl_01514,gob_tbl_01084,std_tbl_00373,dlk_tbl_01348,dlk_tbl_00758,gob_tbl_01651,dash_tbl_00182,dlk_ext_00285,dlk_ext_00006,dash_ext_00039,proc_ext_00141,dlk_ext_00030,gob_ext_00047
dlk_proceso_0201;4;dlk_tbl_00374,gob_tbl_00741,dlk_tbl_01316,dlk_tbl_01501;9;gob_tbl_01052,gob_tbl_02190,proc_tbl_00604,gob_tbl_00134,dlk_tbl_01920,dlk_ext_00036,dlk_ext_00007,proc_ext_00043,dlk_ext_00006
dlk_proceso_0202;7;proc_tbl_00113,dash_tbl_01856,gob_tbl_01591,dlk_tbl_01218,dlk_tbl_00579,gob_tbl_02005,dlk_tbl_02025;11;proc_tbl_00568,dash_tbl_00665,dlk_tbl_00787,gob_tbl_01187,proc_tbl_01438,proc_tbl_01495,dlk_ext_00159,m4vw_ext_00126,dlk_ext_00216,proc_ext_00207,dash_ext_00114
gob_proceso_0203;6;gob_tbl_01032,m4sco_tbl_01063,proc_tbl_00535,dlk_tbl_00637,gob_tbl_00567,gob_tbl_00545;15;gob_tbl_01497,m4sco_tbl_02221,dlk_tbl_00527,dlk_tbl_01831,proc_tbl_02125,dlk_tbl_01186,proc_tbl_00929,dlk_tbl_00843,proc_tbl_01874,proc_ext_00221,proc_ext_00052,dash_ext_00168,dlk_ext_00030,gob_ext_00110,dlk_ext_00044
dlk_proceso_0204;5;dlk_tbl_01481,proc_tbl_00042,dash_tbl_00497,gob_tbl_00708,std_tbl_00473;15;std_tbl_00515,m4sco_tbl_00426,proc_tbl_01660,dlk_tbl_00302,dlk_tbl_00776,gob_tbl_00191,proc_tbl_00260,dlk_tbl_02015,dlk_tbl_01116,gob_ext_00029,dlk_ext_00295,dlk_ext_00012,dlk_ext_00024,gob_ext_00234,dlk_ext_00251
gob_proceso_0205;6;gob_tbl_00773,proc_tbl_00200,m4vw_tbl_00505,gob_tbl_00231,proc_tbl_01514,gob_tbl_01200;10;proc_tbl_01962,dlk_tbl_00667,gob_tbl_00699,dash_tbl_00809,gob_tbl_00096,gob_tbl_00567,dlk_ext_00116,dlk_ext_00094,dash_ext_00077,gob_ext_00171
dash_proceso_0206;3;proc_tbl_02019,proc_tbl_02013,dlk_tbl_01940;6;gob_tbl_02193,dlk_tbl_02015,m4vw_tbl_01326,dlk_ext_00216,gob_ext_00041,dlk_ext_00005
gob_proceso_0207;4;gob_tbl_01373,gob_tbl_00549,proc_tbl_01851,dash_tbl_02241;12;std_tbl_01041,m4sco_tbl_00745,gob_tbl_01714,dash_tbl_00436,proc_tbl_01370,dlk_tbl_01453,proc_tbl_01790,gob_ext_00239,gob_ext_00110,dlk_ext_00268,proc_ext_00027,gob_ext_00290
gob_proceso_0208;3;gob_tbl_00692,dash_tbl_00584,dlk_tbl_00180;12;gob_tbl_01007,dlk_tbl_00796,gob_tbl_01689,proc_tbl_01697,gob_tbl_01881,dlk_tbl_00569,gob_tbl_01605,gob_ext_00089,dlk_ext_00142,proc_ext_00211,dlk_ext_00080,proc_ext_00053
dash_proceso_0209;7;gob_tbl_01812,gob_tbl_01595,std_tbl_02237,gob_tbl_02090,m4vw_tbl_00735,dlk_tbl_01129,dlk_tbl_02065;9;dlk_tbl_02136,proc_tbl_01170,proc_tbl_01456,dlk_tbl_00626,proc_tbl_00004,gob_ext_00069,proc_ext_00210,dlk_ext_00263,dlk_ext_00102
proc_proceso_0210;2;m4sco_tbl_01847,gob_tbl_02218;5;dlk_tbl_02136,gob_tbl_01139,dlk_tbl_00297,m4sco_ext_00045,dlk_ext_00251
gob_proceso_0211;3;gob_tbl_00330,dlk_tbl_00550,dlk_tbl_00123;7;gob_tbl_01956,proc_tbl_01257,m4vw_tbl_01933,dash_tbl_00976,dlk_ext_00281,dlk_ext_00088,dlk_ext_00140
proc_proceso_0212;5;dlk_tbl_00508,gob_tbl_01127,dlk_tbl_01403,gob_tbl_00927,dlk_tbl_02204;8;gob_tbl_01126,gob_tbl_01470,dlk_tbl_00391,proc_tbl_01312,gob_tbl_01334,gob_ext_00108,dlk_ext_00244,dlk_ext_00251
dlk_proceso_0213;6;dlk_tbl_00262,gob_tbl_00597,proc_tbl_01296,proc_tbl_02097,proc_tbl_00542,gob_tbl_00009;9;dlk_tbl_01694,dlk_tbl_01883,gob_tbl_00952,gob_tbl_00774,gob_tbl_00839,std_ext_00262,dlk_ext_00285,proc_ext_00060,gob_ext_00236
proc_proceso_0214;3;gob_tbl_01950,gob_tbl_01777,gob_tbl_00019;9;dash_tbl_02293,gob_tbl_01616,dlk_tbl_01421,dash_tbl_00219,gob_tbl_00754,dlk_ext_00146,dlk_ext_00257,gob_ext_00057,m4vw_ext_00070
proc_proceso_0215;2;std_tbl_01789,gob_tbl_00984;20;std_tbl_02234,dash_tbl_00655,dlk_tbl_01677,gob_tbl_01531,proc_tbl_01830,dlk_tbl_02188,proc_tbl_00488,dlk_tbl_00835,gob_tbl_00804,dlk_tbl_00513,dlk_tbl_01723,gob_tbl_01888,dlk_ext_00121,dlk_ext_00156,m4sco_ext_00031,gob_ext_00241,gob_ext_00057,proc_ext_00141,gob_ext_00138,proc_ext_00008
gob_proceso_0216;8;dlk_tbl_00517,proc_tbl_00196,dlk_tbl_02282,gob_tbl_00528,dlk_tbl_02165,gob_tbl_01953,gob_tbl_00723,dlk_tbl_01635;5;dash_tbl_02132,proc_tbl_00337,gob_tbl_02176,proc_ext_00175,dlk_ext_00073
gob_proceso_0217;3;dlk_tbl_00474,gob_tbl_00596,gob_tbl_00291;13;m4sco_tbl_01063,gob_tbl_01793,proc_tbl_01091,proc_tbl_01251,dlk_tbl_01421,dlk_tbl_01778,proc_tbl_01422,gob_ext_00147,gob_ext_00125,gob_ext_00163,dash_ext_00067,gob_ext_00293,dlk_ext_00087
proc_proceso_0218;7;dlk_tbl_01178,dlk_tbl_00933,std_tbl_01814,gob_tbl_01512,dlk_tbl_00480,dlk_tbl_00184,gob_tbl_00897;10;dash_tbl_00584,gob_tbl_01362,gob_tbl_01325,proc_tbl_00979,proc_tbl_01456,proc_tbl_01576,gob_ext_00286,proc_ext_00141,gob_ext_00047,proc_ext_00167
dlk_proceso_0219;5;dlk_tbl_01217,gob_tbl_00057,dlk_tbl_01965,gob_tbl_00964,dlk_tbl_00084;17;gob_tbl_00143,dash_tbl_01571,dlk_tbl_00105,dash_tbl_00182,proc_tbl_00137,proc_tbl_01324,dlk_tbl_00398,gob_tbl_01195,gob_tbl_02273,dlk_tbl_00807,dlk_ext_00250,dlk_ext_00083,dlk_ext_00030,gob_ext_00068,gob_ext_00209,gob_ext_00056,dlk_ext_00102
dlk_proceso_0220;3;dash_tbl_01897,proc_tbl_01849,dlk_tbl_00663;13;dlk_tbl_00748,dlk_tbl_01710,dash_tbl_00436,gob_tbl_00335,dlk_tbl_00684,proc_tbl_01628,gob_tbl_00199,gob_ext_00105,gob_ext_00276,dlk_ext_00140,dlk_ext_00130,gob_ext_00172,gob_ext_00241
gob_proceso_0221;5;dlk_tbl_01524,dash_tbl_01350,dlk_tbl_01966,dlk_tbl_01319,proc_tbl_01340;10;gob_tbl_01872,gob_tbl_00742,m4vw_tbl_00959,gob_tbl_00382,dlk_tbl_01968,gob_tbl_00363,gob_ext_00270,dlk_ext_00156,dlk_ext_00024,dlk_ext_00080
dash_proceso_0222;3;dlk_tbl_01030,dlk_tbl_01419,gob_tbl_01490;13;gob_tbl_01308,dlk_tbl_01654,gob_tbl_00235,dlk_tbl_01964,proc_tbl_01766,dlk_tbl_01233,dlk_tbl_01366,dlk_ext_00148,dlk_ext_00046,dlk_ext_00090,dash_ext_00114,dash_ext_00077,dash_ext_00127
gob_proceso_0223;5;gob_tbl_01963,dlk_tbl_02088,gob_tbl_02273,dlk_tbl_02119,dash_tbl_00054;11;dlk_tbl_00344,dlk_tbl_01453,ppn_tbl_01158,dlk_tbl_00093,proc_tbl_01153,gob_tbl_01400,dlk_ext_00139,dlk_ext_00160,gob_ext_00194,gob_ext_00110,gob_ext_00019
dlk_proceso_0224;4;dlk_tbl_01567,proc_tbl_02083,dlk_tbl_00167,dlk_tbl_00899;11;dash_tbl_00975,dlk_tbl_00347,gob_tbl_00644,proc_tbl_01098,gob_tbl_00596,dlk_tbl_00248,proc_ext_00141,proc_ext_00008,dlk_ext_00090,proc_ext_00081,gob_ext_00290
dlk_proceso_0225;6;dlk_tbl_01260,gob_tbl_02140,dlk_tbl_00581,gob_tbl_02288,dlk_tbl_00375,dlk_tbl_01389;11;dash_tbl_00046,dlk_tbl_00827,gob_tbl_01364,gob_tbl_00485,std_tbl_00401,dlk_tbl_01554,m4sco_ext_00181,dash_ext_00149,dash_ext_00134,gob_ext_00068,dlk_ext_00006
gob_proceso_0226;3;dlk_tbl_01677,std_tbl_02192,dlk_tbl_00949;13;dlk_tbl_00787,std_tbl_00373,dlk_tbl_01481,gob_tbl_00997,dlk_tbl_01178,gob_tbl_01032,gob_tbl_00450,proc_ext_00176,proc_ext_00011,dlk_ext_00038,gob_ext_00066,gob_ext_00171,dlk_ext_00156
dlk_proceso_0227;3;dlk_tbl_02182,dlk_tbl_00755,dlk_tbl_00890;17;dlk_tbl_01449,gob_tbl_01708,gob_tbl_02078,gob_tbl_01913,dlk_tbl_01861,dlk_tbl_01524,gob_tbl_01618,std_tbl_00373,dash_tbl_02241,std_tbl_01220,gob_ext_00042,std_ext_00212,m4vw_ext_00126,gob_ext_00063,dlk_ext_00116,dash_ext_00136,proc_ext_00043
gob_proceso_0228;6;dlk_tbl_01165,gob_tbl_01196,proc_tbl_01466,gob_tbl_00728,dlk_tbl_01717,proc_tbl_01695;4;dlk_tbl_00879,gob_tbl_02040,proc_ext_00211,dlk_ext_00097
proc_proceso_0229;8;dlk_tbl_00128,dash_tbl_00965,m4vw_tbl_01462,dlk_tbl_00127,gob_tbl_00804,proc_tbl_01902,dlk_tbl_00943,gob_tbl_01289;14;std_tbl_02237,dash_tbl_00219,gob_tbl_01724,proc_tbl_02076,gob_tbl_01044,dlk_tbl_01210,gob_tbl_01130,dlk_tbl_01175,gob_ext_00279,gob_ext_00050,proc_ext_00043,dlk_ext_00251,dlk_ext_00278,dlk_ext_00102
gob_proceso_0230;3;proc_tbl_00306,gob_tbl_01864,dash_tbl_01571;9;proc_tbl_01810,proc_tbl_02261,gob_tbl_00441,gob_tbl_01998,gob_tbl_00456,dlk_ext_00156,gob_ext_00137,gob_ext_00165,proc_ext_00027
gob_proceso_0231;4;proc_tbl_00706,gob_tbl_00777,gob_tbl_02269,proc_tbl_02216;13;proc_tbl_00535,proc_tbl_00049,proc_tbl_01415,proc_tbl_00640,dlk_tbl_01929,proc_tbl_01948,dlk_tbl_00673,gob_ext_00190,gob_ext_00163,dlk_ext_00183,gob_ext_00284,gob_ext_00199,proc_ext_00043
dlk_proceso_0232;6;gob_tbl_01956,gob_tbl_00765,gob_tbl_01978,std_tbl_00478,gob_tbl_00002,dlk_tbl_01662;10;m4sco_tbl_02069,dash_tbl_00659,gob_tbl_00851,proc_tbl_00487,proc_tbl_01344,dlk_tbl_01275,gob_ext_00063,dlk_ext_00184,gob_ext_00059,dlk_ext_00135
gob_proceso_0233;5;gob_tbl_01740,gob_tbl_01489,proc_tbl_01054,dlk_tbl_00166,dlk_tbl_01121;14;dash_tbl_01693,proc_tbl_00047,dlk_tbl_01778,gob_tbl_00431,m4vw_tbl_01190,dlk_tbl_02167,dlk_tbl_01723,dlk_tbl_01267,gob_ext_00189,dlk_ext_00250,dlk_ext_00263,gob_ext_00171,gob_ext_00294,gob_ext_00283
dlk_proceso_0234;5;dlk_tbl_01468,dlk_tbl_00582,gob_tbl_02265,gob_tbl_01881,dlk_tbl_00005;7;dlk_tbl_00827,dlk_tbl_00269,dlk_tbl_00385,m4sco_tbl_01891,dash_ext_00096,gob_ext_00108,dlk_ext_00090
dlk_proceso_0235;4;proc_tbl_01839,gob_tbl_00510,dlk_tbl_01540,dlk_tbl_00460;13;proc_tbl_00681,gob_tbl_00893,dash_tbl_01924,dlk_tbl_00907,dlk_tbl_01979,dlk_tbl_01207,dlk_tbl_01668,proc_ext_00141,gob_ext_00092,gob_ext_00169,dlk_ext_00034,gob_ext_00289,gob_ext_00022
gob_proceso_0236;2;gob_tbl_00266,gob_tbl_01339;20;dlk_tbl_00800,gob_tbl_00774,proc_tbl_01521,gob_tbl_02218,dlk_tbl_01757,std_tbl_01088,proc_tbl_02195,dash_tbl_01205,dash_tbl_00028,gob_tbl_01706,dlk_tbl_00084,dlk_tbl_01932,dash_ext_00003,gob_ext_00093,dlk_ext_00075,gob_ext_00019,proc_ext_00119,dlk_ext_00247,gob_ext_00173,dlk_ext_00183
gob_proceso_0237;4;proc_tbl_01091,gob_tbl_01530,gob_tbl_00660,gob_tbl_01840;7;dlk_tbl_01390,dlk_tbl_02065,dlk_tbl_00724,gob_tbl_02242,ppn_ext_00182,dlk_ext_00156,gob_ext_00198
gob_proceso_0238;5;gob_tbl_01454,gob_tbl_01980,proc_tbl_01181,dlk_tbl_00807,proc_tbl_01113;8;gob_tbl_01623,proc_tbl_00352,gob_tbl_01033,gob_tbl_01271,proc_tbl_02270,gob_ext_00290,gob_ext_00284,gob_ext_00022
gob_proceso_0239;6;dlk_tbl_02142,proc_tbl_02258,proc_tbl_01493,gob_tbl_02082,gob_tbl_01274,gob_tbl_00065;13;dlk_tbl_00341,gob_tbl_00061,dlk_tbl_01058,dlk_tbl_00225,gob_tbl_01318,gob_tbl_01601,dlk_tbl_01657,dlk_ext_00098,gob_ext_00254,gob_ext_00161,dlk_ext_00006,proc_ext_00175,std_ext_00054
proc_proceso_0240;5;gob_tbl_00290,ppn_tbl_00980,gob_tbl_02176,dlk_tbl_01641,dash_tbl_00712;7;gob_tbl_00553,dlk_tbl_01177,gob_tbl_01518,dlk_tbl_02279,proc_ext_00001,gob_ext_00047,m4vw_ext_00126
dlk_proceso_0241;3;gob_tbl_00502,dlk_tbl_01885,gob_tbl_00617;9;dlk_tbl_00870,dlk_tbl_02186,dlk_tbl_02249,proc_tbl_00007,gob_tbl_02122,gob_ext_00066,gob_ext_00029,dlk_ext_00006,proc_ext_00141
proc_proceso_0242;6;dlk_tbl_00628,dash_tbl_02152,proc_tbl_01697,dlk_tbl_01581,dlk_tbl_02055,std_tbl_00326;10;proc_tbl_01810,dlk_tbl_01222,dash_tbl_00220,gob_tbl_01325,gob_tbl_01502,std_tbl_01051,dlk_ext_00201,gob_ext_00236,dlk_ext_00263,dash_ext_00127
gob_proceso_0243;6;gob_tbl_00833,gob_tbl_01539,proc_tbl_00379,dlk_tbl_01831,dlk_tbl_02280,gob_tbl_02262;16;dash_tbl_01381,dash_tbl_01255,proc_tbl_00769,gob_tbl_01772,dlk_tbl_02240,dlk_tbl_00696,dlk_tbl_01006,dash_tbl_00700,dlk_tbl_01829,gob_ext_00226,dlk_ext_00183,gob_ext_00125,proc_ext_00112,dlk_ext_00245,dlk_ext_00035,dlk_ext_00107
proc_proceso_0244;2;dlk_tbl_00000,gob_tbl_00967;12;gob_tbl_00601,proc_tbl_00196,dlk_tbl_01459,dash_tbl_01974,gob_tbl_00997,dlk_tbl_02103,proc_tbl_00042,dlk_ext_00146,dlk_ext_00280,dlk_ext_00227,gob_ext_00068,dlk_ext_00024
dlk_proceso_0245;5;dlk_tbl_00798,dlk_tbl_01095,dash_tbl_00537,gob_tbl_00453,gob_tbl_00294;7;dlk_tbl_01599,dlk_tbl_02197,gob_tbl_00931,proc_tbl_00522,dlk_ext_00102,dlk_ext_00285,proc_ext_00043
dlk_proceso_0246;6;proc_tbl_02245,dlk_tbl_01212,proc_tbl_00841,proc_tbl_00918,proc_tbl_01474,dlk_tbl_02166;10;std_tbl_01511,proc_tbl_01181,proc_tbl_00568,gob_tbl_01337,gob_tbl_01164,dlk_tbl_00727,proc_ext_00001,gob_ext_00254,dash_ext_00287,dash_ext_00168
gob_proceso_0247;4;proc_tbl_01465,gob_tbl_00141,dlk_tbl_00449,ppn_tbl_02206;10;proc_tbl_02195,dlk_tbl_01405,proc_tbl_01324,proc_tbl_00260,gob_tbl_02276,gob_tbl_00627,dlk_ext_00248,proc_ext_00252,gob_ext_00059,dlk_ext_00094
proc_proceso_0248;4;ppn_tbl_02139,dash_tbl_01020,dlk_tbl_02137,dlk_tbl_02071;4;std_tbl_00292,gob_tbl_01327,dlk_ext_00253,dlk_ext_00117
dlk_proceso_0249;6;gob_tbl_00394,gob_tbl_00287,dlk_tbl_01731,m4sco_tbl_01198,proc_tbl_01385,gob_tbl_02022;10;dlk_tbl_00628,dlk_tbl_00970,proc_tbl_01466,gob_tbl_01648,dlk_tbl_00846,dlk_tbl_00966,m4vw_ext_00150,proc_ext_00004,gob_ext_00092,gob_ext_00042
gob_proceso_0250;2;gob_tbl_00690,m4vw_tbl_01374;15;gob_tbl_00545,dlk_tbl_01372,m4sco_tbl_00384,std_tbl_01252,dlk_tbl_02188,proc_tbl_01215,m4vw_tbl_01896,dlk_tbl_00566,dlk_tbl_02057,dlk_ext_00130,ppn_ext_00182,gob_ext_00190,proc_ext_00211,dlk_ext_00080,dlk_ext_00216
dash_proceso_0251;4;gob_tbl_02276,dlk_tbl_01611,dlk_tbl_01844,gob_tbl_00445;12;dlk_tbl_00547,proc_tbl_00542,proc_tbl_00896,proc_tbl_00706,dlk_tbl_01295,std_tbl_01088,gob_tbl_02242,dlk_ext_00248,dash_ext_00077,proc_ext_00177,dlk_ext_00216,gob_ext_00273
dlk_proceso_0252;4;dlk_tbl_00484,proc_tbl_01378,m4sco_tbl_01464,dash_tbl_01973;10;proc_tbl_02083,std_tbl_02237,ppn_tbl_02201,proc_tbl_02120,proc_tbl_00007,proc_tbl_01349,gob_ext_00234,gob_ext_00163,dlk_ext_00038,gob_ext_00111
dash_proceso_0253;4;gob_tbl_00951,dlk_tbl_00632,dlk_tbl_00267,proc_tbl_01519;14;dash_tbl_00475,gob_tbl_00199,dlk_tbl_02065,gob_tbl_00812,dlk_tbl_01588,dlk_tbl_01808,gob_tbl_00476,dlk_tbl_00800,proc_ext_00100,gob_ext_00209,proc_ext_00175,dlk_ext_00214,gob_ext_00294,gob_ext_00093
proc_proceso_0254;4;gob_tbl_01292,dlk_tbl_02229,gob_tbl_01398,dlk_tbl_01124;6;dlk_tbl_00830,std_tbl_01220,gob_tbl_01995,dlk_ext_00278,proc_ext_00052,gob_ext_00228
dlk_proceso_0255;8;proc_tbl_02160,proc_tbl_01284,dlk_tbl_01599,dlk_tbl_01050,gob_tbl_00418,dash_tbl_02147,gob_tbl_01623,gob_tbl_00865;24;gob_tbl_02251,gob_tbl_02187,dlk_tbl_01121,proc_tbl_01617,dlk_tbl_01858,gob_tbl_00931,dlk_tbl_00945,dlk_tbl_02124,dlk_tbl_01405,dash_tbl_01027,proc_tbl_00853,dash_tbl_00073,gob_tbl_00176,dlk_tbl_00342,proc_ext_00081,gob_ext_00137,gob_ext_00179,proc_ext_00001,dlk_ext_00101,proc_ext_00100,dlk_ext_00023,dlk_ext_00245,gob_ext_00189,proc_ext_00246
dash_proceso_0256;5;dlk_tbl_01795,dlk_tbl_01792,gob_tbl_00425,dlk_tbl_00423,dlk_tbl_02053;7;dash_tbl_00046,proc_tbl_02083,gob_tbl_01150,dlk_tbl_01818,gob_ext_00233,dlk_ext_00090,dlk_ext_00013
proc_proceso_0257;2;dlk_tbl_01987,dlk_tbl_00802;10;dlk_tbl_02094,proc_tbl_00276,m4vw_tbl_00452,dlk_tbl_00945,dlk_tbl_01959,gob_tbl_00418,dlk_ext_00248,m4vw_ext_00032,gob_ext_00125,dlk_ext_00153
dlk_proceso_0258;2;gob_tbl_00096,dlk_tbl_00298;5;dlk_tbl_01541,dash_tbl_00433,dash_tbl_00028,gob_ext_00226,dlk_ext_00216
gob_proceso_0259;5;m4sco_tbl_01272,dlk_tbl_01494,gob_tbl_01341,dlk_tbl_00347,gob_tbl_00285;19;gob_tbl_02191,dlk_tbl_02052,proc_tbl_01251,dlk_tbl_01176,dlk_tbl_01688,proc_tbl_00625,gob_tbl_01339,dlk_tbl_00000,proc_tbl_00929,dlk_tbl_00796,proc_tbl_00557,gob_ext_00270,gob_ext_00092,dlk_ext_00121,dlk_ext_00083,dlk_ext_00162,proc_ext_00243,proc_ext_00123,gob_ext_00163
dlk_proceso_0260;2;gob_tbl_00011,dlk_tbl_02057;6;dlk_tbl_00942,m4vw_tbl_01837,proc_tbl_01438,dash_ext_00009,dlk_ext_00095,dlk_ext_00232
gob_proceso_0261;5;dlk_tbl_01498,dash_tbl_00345,dash_tbl_00888,dash_tbl_00175,gob_tbl_01656;9;gob_tbl_01437,dlk_tbl_00807,dlk_tbl_01501,dlk_tbl_00802,gob_tbl_00825,gob_ext_00125,gob_ext_00225,proc_ext_00004,dlk_ext_00101
gob_proceso_0262;5;dlk_tbl_01691,proc_tbl_00737,gob_tbl_01160,gob_tbl_01070,dlk_tbl_00650;13;dlk_tbl_01176,proc_tbl_00718,m4vw_tbl_00279,dlk_tbl_01747,dlk_tbl_00293,dlk_tbl_02050,m4vw_tbl_00353,gob_ext_00293,dlk_ext_00006,gob_ext_00279,dash_ext_00009,gob_ext_00040,gob_ext_00068
proc_proceso_0263;5;ppn_tbl_00258,std_tbl_01039,std_tbl_01041,gob_tbl_01776,proc_tbl_00654;7;gob_tbl_00330,gob_tbl_02276,dlk_tbl_02052,dlk_tbl_01121,gob_ext_00147,std_ext_00025,dlk_ext_00122
gob_proceso_0264;6;dlk_tbl_00243,proc_tbl_01478,gob_tbl_00222,gob_tbl_00232,dlk_tbl_02240,dlk_tbl_02146;11;gob_tbl_00014,std_tbl_01088,dlk_tbl_01709,dash_tbl_01476,dlk_tbl_01966,proc_tbl_00286,gob_ext_00093,proc_ext_00008,proc_ext_00292,gob_ext_00063,dash_ext_00039
proc_proceso_0265;3;gob_tbl_01216,dlk_tbl_01710,dlk_tbl_02212;5;dlk_tbl_00807,gob_tbl_01900,dlk_tbl_01686,gob_ext_00110,gob_ext_00029
gob_proceso_0266;5;dlk_tbl_01445,gob_tbl_00912,m4vw_tbl_00680,dlk_tbl_00963,dash_tbl_00864;7;dlk_tbl_00302,std_tbl_02192,gob_tbl_00984,gob_tbl_00492,gob_ext_00041,dlk_ext_00074,dlk_ext_00253
dlk_proceso_0267;3;proc_tbl_00801,dash_tbl_01239,dlk_tbl_02267;8;std_tbl_00911,gob_tbl_02287,dlk_tbl_02035,gob_tbl_01320,dlk_tbl_00370,std_ext_00079,proc_ext_00011,dlk_ext_00088
proc_proceso_0268;5;gob_tbl_01981,proc_tbl_01415,dlk_tbl_01270,gob_tbl_01879,gob_tbl_00403;8;gob_tbl_00689,dash_tbl_01219,gob_tbl_02209,dlk_tbl_01573,dlk_tbl_02015,proc_ext_00187,gob_ext_00270,dlk_ext_00250
dlk_proceso_0269;7;m4sco_tbl_01891,gob_tbl_01337,dlk_tbl_01688,m4vw_tbl_01955,proc_tbl_00778,gob_tbl_01143,dlk_tbl_00248;1;gob_tbl_01634
proc_proceso_0270;5;dash_tbl_00992,gob_tbl_01392,gob_tbl_01046,gob_tbl_00275,gob_tbl_00947;14;gob_tbl_02000,proc_tbl_00119,gob_tbl_02101,gob_tbl_00109,dlk_tbl_01515,dash_tbl_00584,dlk_tbl_01929,dlk_tbl_01421,proc_ext_00267,dlk_ext_00223,dlk_ext_00201,gob_ext_00137,dlk_ext_00116,gob_ext_00084
dash_proceso_0271;7;dlk_tbl_01694,proc_tbl_01960,gob_tbl_01188,proc_tbl_02010,gob_tbl_01613,gob_tbl_00670,dlk_tbl_00159;11;proc_tbl_00319,dlk_tbl_00302,dlk_tbl_01449,proc_tbl_01628,proc_tbl_00051,dlk_tbl_00852,gob_ext_00042,dlk_ext_00116,dlk_ext_00033,proc_ext_00187,dlk_ext_00257
dlk_proceso_0272;3;gob_tbl_01073,dash_tbl_01825,gob_tbl_01461;13;dash_tbl_01247,dash_tbl_00072,dlk_tbl_01496,dlk_tbl_00973,gob_tbl_00974,gob_tbl_00596,std_tbl_00894,proc_ext_00221,dlk_ext_00244,m4vw_ext_00126,dlk_ext_00116,gob_ext_00198,dlk_ext_00023
dlk_proceso_0273;3;dlk_tbl_01472,gob_tbl_01334,gob_tbl_01458;14;dlk_tbl_02212,dlk_tbl_01183,dash_tbl_00623,dlk_tbl_00511,dash_tbl_00665,gob_tbl_00235,proc_tbl_00841,dlk_tbl_02124,dlk_ext_00036,dlk_ext_00085,dlk_ext_00006,dlk_ext_00012,dlk_ext_00033,gob_ext_00169
dlk_proceso_0274;4;dlk_tbl_00513,dlk_tbl_00197,gob_tbl_00189,gob_tbl_01451;6;dlk_tbl_01087,dlk_tbl_01304,dlk_tbl_01227,dlk_ext_00034,proc_ext_00167,gob_ext_00273
dlk_proceso_0275;4;std_tbl_01931,gob_tbl_02129,gob_tbl_01578,gob_tbl_01672;8;dlk_tbl_01720,dlk_tbl_01687,proc_tbl_00840,gob_tbl_01917,gob_tbl_00400,dlk_ext_00260,gob_ext_00069,gob_ext_00198
gob_proceso_0276;2;gob_tbl_02096,dash_tbl_00595;9;dlk_tbl_00471,gob_tbl_00833,dlk_tbl_02137,gob_tbl_02242,proc_tbl_00173,dlk_ext_00005,dlk_ext_00030,dlk_ext_00280,dlk_ext_00033
gob_proceso_0277;5;gob_tbl_00245,proc_tbl_00886,proc_tbl_00319,dlk_tbl_00269,gob_tbl_01761;4;dlk_tbl_01058,dlk_tbl_01449,dlk_ext_00091,dlk_ext_00227
dlk_proceso_0278;5;proc_tbl_01558,dlk_tbl_01227,dlk_tbl_00599,gob_tbl_01208,gob_tbl_01639;8;dlk_tbl_02151,dlk_tbl_00261,gob_tbl_02248,proc_tbl_00192,dlk_tbl_01757,gob_ext_00228,gob_ext_00084,dlk_ext_00159
gob_proceso_0279;8;dlk_tbl_00937,dlk_tbl_00295,gob_tbl_01230,gob_tbl_01509,dlk_tbl_01788,dash_tbl_01300,dash_tbl_01589,dash_tbl_02230;9;proc_tbl_01842,dlk_tbl_00848,dlk_tbl_01612,gob_tbl_00070,proc_tbl_01401,gob_ext_00270,m4vw_ext_00070,dlk_ext_00083,std_ext_00054
dlk_proceso_0280;4;gob_tbl_02067,dlk_tbl_00554,proc_tbl_01117,gob_tbl_01631;4;dash_tbl_02230,dlk_tbl_01588,dlk_ext_00206,dlk_ext_00046
dlk_proceso_0281;4;dlk_tbl_01791,dlk_tbl_00836,gob_tbl_00543,dash_tbl_01214;8;gob_tbl_02122,gob_tbl_00926,gob_tbl_00363,gob_tbl_01160,gob_tbl_00419,gob_ext_00057,dlk_ext_00091,dlk_ext_00000
dash_proceso_0282;4;dlk_tbl_01037,gob_tbl_01601,dlk_tbl_00566,dlk_tbl_01588;10;proc_tbl_02266,gob_tbl_00114,dlk_tbl_02204,proc_tbl_02258,proc_tbl_00568,gob_tbl_01044,dlk_ext_00253,dlk_ext_00156,gob_ext_00286,dlk_ext_00140
dlk_proceso_0283;2;gob_tbl_00850,gob_tbl_01675;7;proc_tbl_01842,gob_tbl_01794,dlk_tbl_01723,dlk_tbl_01071,gob_ext_00110,dlk_ext_00073,dlk_ext_00232
dlk_proceso_0284;4;gob_tbl_00360,gob_tbl_01648,dlk_tbl_01278,ppn_tbl_01971;12;gob_tbl_01123,proc_tbl_00137,dlk_tbl_02138,proc_tbl_01393,std_tbl_01041,gob_tbl_00676,m4sco_tbl_01235,gob_ext_00240,gob_ext_00169,proc_ext_00043,proc_ext_00197,dlk_ext_00107
dlk_proceso_0285;6;gob_tbl_01364,proc_tbl_00730,gob_tbl_00421,proc_tbl_01804,dash_tbl_00420,dlk_tbl_01109;11;dlk_tbl_01105,gob_tbl_00543,gob_tbl_00060,dlk_tbl_00883,m4sco_tbl_00426,std_tbl_02192,gob_ext_00226,dlk_ext_00030,gob_ext_00236,dlk_ext_00162,dlk_ext_00232
dlk_proceso_0286;5;proc_tbl_00178,gob_tbl_00181,gob_tbl_01499,proc_tbl_00819,proc_tbl_01853;8;proc_tbl_01842,dlk_tbl_01629,dlk_tbl_00482,gob_tbl_01786,dlk_tbl_01815,dash_ext_00096,gob_ext_00236,dlk_ext_00046
proc_proceso_0287;5;gob_tbl_00784,std_tbl_01505,proc_tbl_02180,gob_tbl_01833,dlk_tbl_01657;16;dlk_tbl_01723,gob_tbl_01327,gob_tbl_00817,dlk_tbl_01013,dlk_tbl_00123,dash_tbl_00321,dlk_tbl_00776,dash_tbl_00046,gob_tbl_01499,gob_ext_00041,m4vw_ext_00277,gob_ext_00068,gob_ext_00093,dash_ext_00003,dash_ext_00152,dlk_ext_00010
dlk_proceso_0288;3;dlk_tbl_01659,gob_tbl_00431,gob_tbl_01625;11;proc_tbl_00781,gob_tbl_01028,dlk_tbl_01189,proc_tbl_01145,dlk_tbl_01014,proc_tbl_02195,gob_ext_00261,dlk_ext_00013,dash_ext_00152,gob_ext_00111,gob_ext_00291
dlk_proceso_0289;2;dlk_tbl_00688,proc_tbl_00749;7;proc_tbl_00840,dlk_tbl_00572,gob_tbl_01090,proc_tbl_02083,proc_ext_00011,gob_ext_00093,m4vw_ext_00150
dlk_proceso_0290;6;proc_tbl_00657,dash_tbl_01910,m4vw_tbl_00179,dlk_tbl_02094,proc_tbl_01397,gob_tbl_02000;6;gob_tbl_00136,gob_tbl_01182,gob_tbl_00419,gob_ext_00179,dash_ext_00051,m4vw_ext_00126
gob_proceso_0291;4;dlk_tbl_01433,dash_tbl_01598,gob_tbl_01875,dlk_tbl_00906;10;dash_tbl_00809,dlk_tbl_01709,dlk_tbl_00792,gob_tbl_01469,dlk_tbl_00921,dlk_tbl_01203,gob_ext_00273,std_ext_00237,dash_ext_00009,gob_ext_00029
gob_proceso_0292;5;dlk_tbl_00224,gob_tbl_00810,proc_tbl_01312,dash_tbl_00433,gob_tbl_01248;11;gob_tbl_01870,gob_tbl_01138,proc_tbl_00119,gob_tbl_01978,gob_tbl_01522,gob_tbl_01900,dlk_ext_00121,dash_ext_00269,gob_ext_00179,dlk_ext_00102,gob_ext_00209
gob_proceso_0293;3;gob_tbl_00217,dlk_tbl_00966,dlk_tbl_01733;11;dash_tbl_01361,gob_tbl_01159,gob_tbl_01518,gob_tbl_00927,gob_tbl_01845,dlk_tbl_00085,dlk_ext_00048,proc_ext_00177,gob_ext_00059,m4vw_ext_00032,gob_ext_00294
proc_proceso_0294;4;gob_tbl_01394,proc_tbl_00594,gob_tbl_00831,gob_tbl_02007;8;gob_tbl_01551,gob_tbl_00038,dash_tbl_00875,dlk_tbl_01071,dlk_tbl_01453,ppn_ext_00182,gob_ext_00029,gob_ext_00040
dash_proceso_0295;2;std_tbl_01600,dlk_tbl_01162;7;dlk_tbl_00998,dlk_tbl_02094,gob_tbl_01672,gob_tbl_00014,m4sco_ext_00045,dlk_ext_00117,dash_ext_00133
proc_proceso_0296;7;gob_tbl_01306,gob_tbl_01939,dlk_tbl_01676,gob_tbl_00055,dlk_tbl_02015,dash_tbl_01082,dlk_tbl_00653;9;gob_tbl_00335,dlk_tbl_00729,gob_tbl_02251,dlk_tbl_00288,dash_tbl_01219,dlk_ext_00201,dlk_ext_00117,std_ext_00151,dlk_ext_00130
gob_proceso_0297;2;dlk_tbl_01421,gob_tbl_00652;9;dash_tbl_00497,dlk_tbl_01485,gob_tbl_00363,dash_tbl_01301,dlk_tbl_00830,gob_ext_00171,proc_ext_00243,gob_ext_00137,dlk_ext_00216
dlk_proceso_0298;4;gob_tbl_02287,dlk_tbl_02275,dash_tbl_01281,dash_tbl_01621;12;gob_tbl_00881,gob_tbl_02228,dlk_tbl_00913,proc_tbl_01958,m4vw_tbl_01076,dlk_tbl_01529,gob_tbl_01460,gob_ext_00019,m4vw_ext_00277,gob_ext_00125,dlk_ext_00253,gob_ext_00233
gob_proceso_0299;3;std_tbl_02107,dlk_tbl_00878,gob_tbl_01758;13;dash_tbl_01064,dash_tbl_01281,dash_tbl_00035,gob_tbl_01508,m4vw_tbl_01955,gob_tbl_00793,proc_tbl_01438,dlk_ext_00139,proc_ext_00141,gob_ext_00194,dlk_ext_00140,gob_ext_00111,gob_ext_00213
dlk_proceso_0300;2;dlk_tbl_01665,gob_tbl_02248;7;dlk_tbl_01568,gob_tbl_00134,gob_tbl_00409,gob_tbl_00456,gob_ext_00261,dlk_ext_00278,gob_ext_00041
gob_proceso_0301;7;gob_tbl_01828,proc_tbl_00695,proc_tbl_01172,dlk_tbl_01781,dlk_tbl_00387,gob_tbl_01996,proc_tbl_00092;20;proc_tbl_00718,dlk_tbl_01903,proc_tbl_01908,gob_tbl_01517,gob_tbl_02140,dlk_tbl_00477,gob_tbl_00794,dash_tbl_00884,std_tbl_01505,dlk_tbl_01485,proc_tbl_01321,dlk_tbl_02025,std_ext_00054,dlk_ext_00036,gob_ext_00273,gob_ext_00092,gob_ext_00138,dlk_ext_00005,proc_ext_00128,proc_ext_00207
gob_proceso_0302;6;dash_tbl_01602,dlk_tbl_01552,gob_tbl_00859,gob_tbl_00611,gob_tbl_00944,dlk_tbl_00874;13;dlk_tbl_01559,gob_tbl_00775,dash_tbl_01783,gob_tbl_02051,proc_tbl_00900,proc_tbl_00801,dash_tbl_01300,dlk_ext_00091,gob_ext_00276,dash_ext_00067,gob_ext_00225,dlk_ext_00248,dlk_ext_00206
dlk_proceso_0303;2;dlk_tbl_01819,dash_tbl_00340;15;gob_tbl_00833,dlk_tbl_01562,gob_tbl_01268,gob_tbl_01846,dlk_tbl_00858,proc_tbl_01646,dlk_tbl_01552,proc_tbl_00730,proc_tbl_00226,dlk_ext_00250,proc_ext_00119,proc_ext_00292,m4vw_ext_00032,gob_ext_00057,dlk_ext_00074
dash_proceso_0304;8;gob_tbl_00534,gob_tbl_00071,gob_tbl_00615,gob_tbl_00367,gob_tbl_02231,dlk_tbl_02079,dash_tbl_00691,dlk_tbl_01368;14;std_tbl_01505,gob_tbl_01578,proc_tbl_01456,dlk_tbl_01942,dlk_tbl_00945,dlk_tbl_00110,proc_tbl_02270,proc_tbl_00192,proc_ext_00175,dlk_ext_00143,gob_ext_00062,dlk_ext_00091,gob_ext_00059,gob_ext_00233
dlk_proceso_0305;3;dlk_tbl_01014,dlk_tbl_01135,m4sco_tbl_01569;4;dlk_tbl_02057,gob_tbl_00721,dlk_ext_00230,m4vw_ext_00032
gob_proceso_0306;6;proc_tbl_01466,dlk_tbl_01266,dlk_tbl_00620,m4vw_tbl_00982,dlk_tbl_00551,dlk_tbl_00552;16;dlk_tbl_00582,gob_tbl_00043,dash_tbl_00990,gob_tbl_00818,dlk_tbl_00204,gob_tbl_01517,gob_tbl_00139,gob_tbl_01029,gob_tbl_01201,dlk_ext_00073,dlk_ext_00245,dlk_ext_00253,gob_ext_00110,dash_ext_00152,dlk_ext_00083,proc_ext_00001
dlk_proceso_0307;5;dlk_tbl_00368,dlk_tbl_00413,proc_tbl_02115,gob_tbl_02232,gob_tbl_00881;8;dlk_tbl_02274,proc_tbl_00955,proc_tbl_00918,gob_tbl_01813,gob_tbl_01160,dash_ext_00287,gob_ext_00286,gob_ext_00293
dlk_proceso_0308;5;gob_tbl_00317,proc_tbl_00192,gob_tbl_01241,proc_tbl_00177,dlk_tbl_00395;10;gob_tbl_02163,std_tbl_00717,gob_tbl_01182,dlk_tbl_00526,m4sco_tbl_01235,dlk_tbl_00052,dlk_ext_00140,gob_ext_00228,gob_ext_00147,proc_ext_00065
proc_proceso_0309;4;dlk_tbl_00852,dlk_tbl_01209,proc_tbl_01457,gob_tbl_01416;11;gob_tbl_00773,dash_tbl_01550,dlk_tbl_01523,proc_tbl_01262,gob_tbl_01794,dash_tbl_01974,dlk_ext_00117,proc_ext_00211,dlk_ext_00090,gob_ext_00273,dlk_ext_00255
dlk_proceso_0310;4;gob_tbl_00877,dlk_tbl_00590,gob_tbl_01941,proc_tbl_02210;10;gob_tbl_00926,dlk_tbl_00025,dlk_tbl_00005,dash_tbl_01338,dlk_tbl_01116,gob_tbl_01417,dlk_ext_00130,std_ext_00212,gob_ext_00069,gob_ext_00057
dlk_proceso_0311;4;gob_tbl_00540,gob_tbl_00372,dash_tbl_00518,gob_tbl_01460;10;dlk_tbl_01635,dlk_tbl_01710,dlk_tbl_01428,dlk_tbl_01636,dlk_tbl_01218,dlk_tbl_01102,dlk_ext_00218,gob_ext_00236,m4vw_ext_00150,gob_ext_00161
dlk_proceso_0312;6;m4sco_tbl_00991,gob_tbl_02257,dlk_tbl_01189,proc_tbl_00308,std_tbl_01535,gob_tbl_01283;9;proc_tbl_02116,proc_tbl_01307,dash_tbl_00884,proc_tbl_00233,dlk_tbl_00830,gob_ext_00019,gob_ext_00105,proc_ext_00037,proc_ext_00043
gob_proceso_0313;2;dlk_tbl_00759,dlk_tbl_00332;5;dlk_tbl_01537,dlk_tbl_00579,gob_tbl_01605,dlk_ext_00023,gob_ext_00105
gob_proceso_0314;5;gob_tbl_00618,m4sco_tbl_01081,gob_tbl_00124,dlk_tbl_02124,proc_tbl_02120;4;dlk_tbl_00587,proc_tbl_01213,dlk_ext_00216,proc_ext_00123
dlk_proceso_0315;6;gob_tbl_01044,dash_tbl_01301,proc_tbl_00047,proc_tbl_00514,gob_tbl_00631,dash_tbl_02196;15;m4sco_tbl_01246,gob_tbl_00549,std_tbl_01480,gob_tbl_01683,gob_tbl_01226,dlk_tbl_01986,gob_tbl_01325,gob_tbl_00006,dlk_tbl_01749,proc_ext_00008,gob_ext_00294,proc_ext_00170,proc_ext_00037,gob_ext_00225,dlk_ext_00222
dlk_proceso_0316;4;gob_tbl_00152,gob_tbl_01168,gob_tbl_01417,std_tbl_01967;11;dlk_tbl_00295,gob_tbl_01090,dlk_tbl_00599,dlk_tbl_00870,proc_tbl_00697,gob_tbl_00164,proc_ext_00246,dlk_ext_00140,proc_ext_00231,gob_ext_00189,dlk_ext_00085
proc_proceso_0317;7;dlk_tbl_00857,m4sco_tbl_01467,dlk_tbl_01131,dash_tbl_01693,dlk_tbl_00223,m4sco_tbl_01681,dash_tbl_00103;1;gob_tbl_02122
gob_proceso_0318;4;gob_tbl_01823,proc_tbl_01001,gob_tbl_00491,dlk_tbl_00800;11;gob_tbl_01238,gob_tbl_01310,gob_tbl_02066,dlk_tbl_01183,dlk_tbl_01524,gob_tbl_02257,gob_ext_00019,gob_ext_00198,gob_ext_00058,dlk_ext_00130,gob_ext_00241
dash_proceso_0319;8;proc_tbl_00210,gob_tbl_00444,dlk_tbl_02291,dlk_tbl_01989,proc_tbl_01021,dash_tbl_00088,dlk_tbl_00496,proc_tbl_01658;6;proc_tbl_00215,dlk_tbl_02284,gob_tbl_00343,dash_ext_00192,dlk_ext_00156,gob_ext_00047
dlk_proceso_0320;4;dlk_tbl_02274,dlk_tbl_00667,gob_tbl_01043,dlk_tbl_00498;7;gob_tbl_02029,gob_tbl_01639,dash_tbl_01592,dlk_tbl_00095,gob_ext_00105,std_ext_00262,dlk_ext_00206
gob_proceso_0321;5;dlk_tbl_02272,dash_tbl_00028,m4vw_tbl_01436,gob_tbl_00280,gob_tbl_02102;10;dlk_tbl_02290,dlk_tbl_00059,gob_tbl_00186,proc_tbl_00718,dlk_tbl_02057,proc_tbl_02195,dlk_ext_00250,dlk_ext_00191,dash_ext_00152,gob_ext_00111
gob_proceso_0322;6;proc_tbl_00016,gob_tbl_00674,proc_tbl_01660,proc_tbl_01486,dash_tbl_00172,dlk_tbl_00239;13;gob_tbl_01980,dlk_tbl_00513,dlk_tbl_01676,dlk_tbl_01757,m4sco_tbl_02221,dlk_tbl_01260,m4vw_tbl_00452,gob_ext_00145,std_ext_00054,dlk_ext_00278,dlk_ext_00109,gob_ext_00173,dlk_ext_00227
dlk_proceso_0323;6;m4vw_tbl_01933,dlk_tbl_00464,dlk_tbl_01768,dlk_tbl_01273,dlk_tbl_00656,proc_tbl_02219;4;gob_tbl_00825,proc_tbl_00113,dlk_ext_00159,proc_ext_00200
dlk_proceso_0324;5;m4sco_tbl_01250,dash_tbl_00679,m4sco_tbl_01354,dlk_tbl_01011,gob_tbl_00101;11;dlk_tbl_00734,gob_tbl_01772,dlk_tbl_01568,dash_tbl_00740,dlk_tbl_01189,gob_tbl_02077,dlk_ext_00035,gob_ext_00019,dlk_ext_00220,dlk_ext_00242,dlk_ext_00201
dlk_proceso_0325;7;gob_tbl_01287,dash_tbl_01693,dash_tbl_01503,gob_tbl_00094,proc_tbl_00880,dlk_tbl_01573,proc_tbl_01314;6;gob_tbl_00191,gob_tbl_00002,std_tbl_00664,dlk_ext_00244,dlk_ext_00160,gob_ext_00270
gob_proceso_0326;3;gob_tbl_01226,gob_tbl_01007,dlk_tbl_01916;9;dlk_tbl_00300,proc_tbl_00769,gob_tbl_00176,gob_tbl_01633,gob_tbl_01807,proc_ext_00004,dlk_ext_00153,dlk_ext_00035,gob_ext_00105
dlk_proceso_0327;5;dlk_tbl_00138,proc_tbl_01477,dash_tbl_02084,m4vw_tbl_00452,gob_tbl_00364;12;dlk_tbl_00599,dlk_tbl_00787,gob_tbl_00002,proc_tbl_00087,dlk_tbl_01333,dlk_tbl_00423,gob_tbl_00988,dlk_ext_00090,gob_ext_00213,dlk_ext_00248,dash_ext_00217,gob_ext_00042
dlk_proceso_0328;2;gob_tbl_01626,dlk_tbl_00085;7;dlk_tbl_01124,m4sco_tbl_00384,proc_tbl_02292,gob_tbl_01605,gob_ext_00092,dlk_ext_00117,dlk_ext_00263
proc_proceso_0329;4;dlk_tbl_01942,gob_tbl_01302,dash_tbl_00066,dash_tbl_00436;6;dlk_tbl_02280,proc_tbl_00781,dash_tbl_01783,gob_ext_00021,dlk_ext_00281,gob_ext_00198
gob_proceso_0330;7;dash_tbl_00499,dlk_tbl_02183,std_tbl_01322,dlk_tbl_00154,dlk_tbl_01183,dash_tbl_00193,gob_tbl_00140;10;dlk_tbl_02137,proc_tbl_01101,gob_tbl_01936,gob_tbl_00232,gob_tbl_01325,dash_tbl_01972,dlk_ext_00162,dlk_ext_00251,gob_ext_00179,m4vw_ext_00126
gob_proceso_0331;4;dlk_tbl_00297,dlk_tbl_01943,gob_tbl_01159,gob_tbl_01536;10;dlk_tbl_01577,dlk_tbl_02203,proc_tbl_00695,gob_tbl_01292,dlk_tbl_00558,dlk_tbl_01445,dash_ext_00009,gob_ext_00284,dlk_ext_00006,proc_ext_00158
proc_proceso_0332;7;dlk_tbl_00546,dlk_tbl_01643,gob_tbl_01890,m4sco_tbl_01584,gob_tbl_01531,dlk_tbl_00572,gob_tbl_00037;6;dlk_tbl_01797,gob_tbl_00690,dlk_tbl_00339,gob_ext_00154,gob_ext_00241,gob_ext_00204
dlk_proceso_0333;5;dash_tbl_02045,gob_tbl_01023,gob_tbl_01254,gob_tbl_00825,proc_tbl_01170;5;dlk_tbl_00413,gob_tbl_02228,proc_tbl_00730,gob_ext_00180,dlk_ext_00140
gob_proceso_0334;7;std_tbl_01484,dlk_tbl_01096,proc_tbl_00781,dlk_tbl_00607,gob_tbl_00662,gob_tbl_01306,proc_tbl_01249;10;gob_tbl_01771,proc_tbl_01307,proc_tbl_02010,gob_tbl_00553,dlk_tbl_01577,dlk_tbl_01058,dlk_ext_00091,dlk_ext_00095,m4vw_ext_00070,dlk_ext_00183
gob_proceso_0335;5;dlk_tbl_01773,gob_tbl_01888,dlk_tbl_00493,gob_tbl_00281,gob_tbl_01048;8;gob_tbl_00613,dash_tbl_01147,gob_tbl_00380,dlk_tbl_00068,dlk_tbl_00946,m4vw_ext_00070,gob_ext_00294,proc_ext_00177
dlk_proceso_0336;6;dash_tbl_00321,proc_tbl_01257,gob_tbl_01482,dlk_tbl_01769,std_tbl_00242,gob_tbl_01633;11;proc_tbl_01506,gob_tbl_02200,dlk_tbl_01109,gob_tbl_02140,dlk_tbl_02143,gob_tbl_01412,dlk_ext_00160,dlk_ext_00295,dlk_ext_00014,dlk_ext_00268,dash_ext_00127
dlk_proceso_0337;4;gob_tbl_01901,dash_tbl_00710,gob_tbl_00588,dlk_tbl_02049;11;dlk_tbl_02053,dlk_tbl_00254,gob_tbl_00573,dlk_tbl_01983,proc_tbl_01646,dash_tbl_00475,gob_ext_00145,proc_ext_00004,dlk_ext_00121,gob_ext_00110,m4vw_ext_00150
dlk_proceso_0338;4;dash_tbl_02224,proc_tbl_00544,gob_tbl_00602,dlk_tbl_00021;12;proc_tbl_00286,m4sco_tbl_01847,dlk_tbl_00858,std_tbl_00369,dlk_tbl_00734,m4sco_tbl_01056,dlk_tbl_00907,dlk_ext_00257,proc_ext_00004,gob_ext_00236,dlk_ext_00184,dlk_ext_00046
gob_proceso_0339;4;ppn_tbl_02017,dlk_tbl_00225,proc_tbl_01324,proc_tbl_00087;4;gob_tbl_00407,gob_tbl_00555,gob_ext_00110,dlk_ext_00024
dlk_proceso_0340;6;gob_tbl_01724,dlk_tbl_01149,dlk_tbl_00858,proc_tbl_00013,dash_tbl_00623,gob_tbl_02263;9;dlk_tbl_00187,dlk_tbl_00368,dlk_tbl_01587,dlk_tbl_00344,dlk_tbl_00052,dlk_ext_00073,dlk_ext_00030,dlk_ext_00280,dlk_ext_00222
dash_proceso_0341;5;gob_tbl_00501,gob_tbl_01689,gob_tbl_00756,dlk_tbl_00945,gob_tbl_02112;8;dlk_tbl_00311,dlk_tbl_01929,dash_tbl_02214,dash_tbl_00884,dlk_tbl_01909,proc_ext_00026,gob_ext_00084,dlk_ext_00035
dlk_proceso_0342;6;proc_tbl_00530,dlk_tbl_00923,gob_tbl_01299,gob_tbl_02205,gob_tbl_00185,ppn_tbl_01764;15;dlk_tbl_00000,dash_tbl_00433,dlk_tbl_00800,dlk_tbl_01791,proc_tbl_01960,proc_tbl_00608,dlk_tbl_00310,dlk_tbl_00843,dash_tbl_01693,dlk_ext_00148,gob_ext_00042,proc_ext_00119,dlk_ext_00245,dlk_ext_00013,dlk_ext_00036
gob_proceso_0343;5;dlk_tbl_00729,gob_tbl_00120,dlk_tbl_01488,dlk_tbl_02136,gob_tbl_00229;10;dlk_tbl_00736,dlk_tbl_01332,dlk_tbl_01868,m4sco_tbl_01847,gob_tbl_01522,m4sco_tbl_00106,gob_ext_00234,proc_ext_00043,dlk_ext_00121,gob_ext_00189
dlk_proceso_0344;6;std_tbl_01252,gob_tbl_02228,proc_tbl_01171,dash_tbl_00976,proc_tbl_00987,dlk_tbl_00847;15;proc_tbl_02058,dash_tbl_02214,dlk_tbl_02184,dash_tbl_00345,dlk_tbl_02057,proc_tbl_01262,gob_tbl_00839,gob_tbl_01238,std_tbl_00149,m4vw_ext_00070,gob_ext_00233,dlk_ext_00121,gob_ext_00236,dlk_ext_00095,dlk_ext_00036
gob_proceso_0345;8;gob_tbl_02066,gob_tbl_01026,std_tbl_00598,gob_tbl_02150,dash_tbl_00922,dash_tbl_01338,dlk_tbl_01119,gob_tbl_01780;5;proc_tbl_02270,std_tbl_00515,proc_tbl_00307,gob_ext_00093,dlk_ext_00013
dlk_proceso_0346;2;gob_tbl_01123,gob_tbl_01223;6;dlk_tbl_01673,dlk_tbl_01818,m4sco_tbl_01354,dlk_ext_00007,dlk_ext_00160,gob_ext_00125
dlk_proceso_0347;4;std_tbl_00664,std_tbl_00717,gob_tbl_00621,dash_tbl_00884;6;gob_tbl_00265,dlk_tbl_00341,gob_tbl_01624,gob_ext_00229,gob_ext_00164,gob_ext_00279
dash_proceso_0348;6;dlk_tbl_01951,gob_tbl_00249,std_tbl_00292,dlk_tbl_00213,dlk_tbl_02001,dlk_tbl_01099;13;dash_tbl_01255,gob_tbl_02099,proc_tbl_00955,dlk_tbl_02184,m4vw_tbl_01982,dash_tbl_00507,gob_tbl_01384,dlk_ext_00153,gob_ext_00208,gob_ext_00125,proc_ext_00221,dlk_ext_00024,gob_ext_00110
gob_proceso_0349;2;dlk_tbl_01678,dlk_tbl_00732;7;gob_tbl_00014,proc_tbl_00771,gob_tbl_00925,dlk_tbl_00937,dash_ext_00051,gob_ext_00189,gob_ext_00194
proc_proceso_0350;4;proc_tbl_00772,dlk_tbl_01411,dlk_tbl_00250,gob_tbl_00775;13;gob_tbl_00977,dlk_tbl_00151,gob_tbl_01017,dlk_tbl_02103,gob_tbl_00895,dlk_tbl_01332,gob_tbl_00126,dlk_ext_00160,gob_ext_00189,m4vw_ext_00032,gob_ext_00240,gob_ext_00254,gob_ext_00198
dlk_proceso_0351;4;gob_tbl_00506,dlk_tbl_00470,proc_tbl_00119,gob_tbl_01094;12;gob_tbl_01164,dlk_tbl_01030,gob_tbl_01953,proc_tbl_01495,dlk_tbl_01649,dlk_tbl_00807,dlk_tbl_02136,gob_ext_00236,dlk_ext_00030,gob_ext_00291,dlk_ext_00251,gob_ext_00105
gob_proceso_0352;5;gob_tbl_01351,gob_tbl_01504,dlk_tbl_00304,ppn_tbl_01179,gob_tbl_01770;12;gob_tbl_01238,gob_tbl_00317,dash_tbl_02241,proc_tbl_01887,gob_tbl_00163,proc_tbl_00210,gob_tbl_01002,gob_ext_00291,gob_ext_00041,ppn_ext_00182,dlk_ext_00104,dash_ext_00192
dlk_proceso_0353;6;dash_tbl_01166,dlk_tbl_01818,dlk_tbl_00686,dlk_tbl_01102,ppn_tbl_01734,dlk_tbl_00768;10;dlk_tbl_01217,dash_tbl_01621,proc_tbl_02144,dlk_tbl_02204,gob_tbl_00235,dlk_tbl_00250,m4vw_ext_00070,dlk_ext_00116,dlk_ext_00159,gob_ext_00084
proc_proceso_0354;2;gob_tbl_01279,gob_tbl_02030;6;m4vw_tbl_00505,dlk_tbl_00937,gob_tbl_00934,dlk_ext_00280,proc_ext_00103,proc_ext_00119
proc_proceso_0355;4;proc_tbl_00240,dlk_tbl_01970,gob_tbl_01318,dlk_tbl_01019;14;proc_tbl_00273,gob_tbl_00765,gob_tbl_01708,gob_tbl_01981,dlk_tbl_02028,gob_tbl_01298,dash_tbl_00712,dlk_tbl_02278,dlk_ext_00143,gob_ext_00111,gob_ext_00284,proc_ext_00065,m4vw_ext_00070,dash_ext_00269
proc_proceso_0356;7;gob_tbl_01913,proc_tbl_00320,dlk_tbl_00344,gob_tbl_01872,gob_tbl_01437,dlk_tbl_02105,std_tbl_01335;11;dlk_tbl_00787,proc_tbl_02083,dlk_tbl_01269,proc_tbl_01660,dlk_tbl_00807,gob_tbl_00096,dash_ext_00136,gob_ext_00125,std_ext_00025,gob_ext_00113,gob_ext_00209
proc_proceso_0357;3;dlk_tbl_02028,proc_tbl_01215,proc_tbl_00929;9;gob_tbl_00249,gob_tbl_00674,dlk_tbl_00879,gob_tbl_00707,gob_tbl_00135,gob_ext_00021,dash_ext_00168,gob_ext_00161,gob_ext_00209
dlk_proceso_0358;7;gob_tbl_01827,proc_tbl_01570,gob_tbl_00316,gob_tbl_00742,gob_tbl_00746,gob_tbl_01735,gob_tbl_01111;9;dlk_tbl_02098,proc_tbl_00769,proc_tbl_00525,gob_tbl_00520,dlk_tbl_00423,dlk_ext_00230,dash_ext_00009,gob_ext_00229,proc_ext_00043
dlk_proceso_0359;8;dlk_tbl_01295,dash_tbl_01545,proc_tbl_01383,dlk_tbl_00770,dlk_tbl_00954,gob_tbl_02163,dlk_tbl_00869,m4vw_tbl_00283;5;dash_tbl_01064,dlk_tbl_01677,dlk_tbl_00423,gob_ext_00279,dlk_ext_00140
dlk_proceso_0360;7;dlk_tbl_00462,gob_tbl_01268,proc_tbl_01057,dash_tbl_01475,dlk_tbl_01396,dlk_tbl_01686,gob_tbl_00447;4;dlk_tbl_01491,gob_tbl_02163,proc_ext_00001,dlk_ext_00159
gob_proceso_0361;4;gob_tbl_01754,dlk_tbl_00973,dlk_tbl_00907,dash_tbl_00010;9;dlk_tbl_00269,gob_tbl_01683,ppn_tbl_00386,proc_tbl_01385,proc_tbl_00305,dlk_ext_00185,gob_ext_00029,dlk_ext_00013,gob_ext_00022
gob_proceso_0362;4;proc_tbl_01101,dlk_tbl_00883,dlk_tbl_00574,gob_tbl_01103;4;dlk_tbl_01439,gob_tbl_00794,dlk_ext_00023,gob_ext_00173
proc_proceso_0363;4;proc_tbl_01716,gob_tbl_00721,gob_tbl_00747,std_tbl_00237;9;dlk_tbl_01965,gob_tbl_02276,std_tbl_00717,gob_tbl_01137,proc_tbl_01790,dlk_ext_00088,proc_ext_00123,dlk_ext_00030,dlk_ext_00006
gob_proceso_0364;3;std_tbl_00117,dash_tbl_01185,dlk_tbl_00351;13;proc_tbl_00629,gob_tbl_00543,dlk_tbl_00736,dlk_tbl_01071,dlk_tbl_00827,dlk_tbl_01175,proc_tbl_01617,dlk_ext_00116,dlk_ext_00101,proc_ext_00210,gob_ext_00180,dlk_ext_00227,gob_ext_00145
gob_proceso_0365;4;proc_tbl_01074,dlk_tbl_02046,proc_tbl_00856,dlk_tbl_01877;14;dlk_tbl_00370,dlk_tbl_01206,gob_tbl_00217,gob_tbl_01499,gob_tbl_02078,proc_tbl_00822,proc_tbl_02236,dash_tbl_00046,dlk_ext_00216,std_ext_00054,dlk_ext_00097,gob_ext_00226,gob_ext_00273,m4vw_ext_00070
dash_proceso_0366;5;dlk_tbl_01221,proc_tbl_00568,dlk_tbl_01346,dlk_tbl_00329,gob_tbl_02051;8;gob_tbl_00043,gob_tbl_01706,gob_tbl_00070,dlk_tbl_01176,dlk_tbl_00913,proc_ext_00167,dlk_ext_00095,gob_ext_00293
gob_proceso_0367;8;dash_tbl_02213,gob_tbl_01534,proc_tbl_00314,dlk_tbl_01549,dlk_tbl_02185,gob_tbl_01444,dlk_tbl_00539,proc_tbl_01958;9;dlk_tbl_02138,dlk_tbl_00180,gob_tbl_00756,proc_tbl_02195,gob_tbl_01605,gob_ext_00190,gob_ext_00042,dash_ext_00152,proc_ext_00065
dlk_proceso_0368;3;gob_tbl_00702,dlk_tbl_00288,dlk_tbl_00482;14;proc_tbl_00352,gob_tbl_01619,gob_tbl_01208,gob_tbl_00784,dash_tbl_01247,proc_tbl_00255,m4sco_tbl_01063,dlk_tbl_01447,dlk_ext_00202,dlk_ext_00117,dlk_ext_00097,gob_ext_00093,dlk_ext_00268,dash_ext_00168
dlk_proceso_0369;6;dlk_tbl_00719,dlk_tbl_01712,dlk_tbl_02254,dlk_tbl_02050,dlk_tbl_00739,dlk_tbl_01428;12;dlk_tbl_01121,dlk_tbl_01055,dlk_tbl_01587,dlk_tbl_02057,dlk_tbl_00068,dash_tbl_01166,gob_tbl_01066,dash_ext_00269,gob_ext_00058,gob_ext_00199,gob_ext_00084,proc_ext_00100
dash_proceso_0370;2;gob_tbl_01049,gob_tbl_00034;7;dlk_tbl_01791,dlk_tbl_02279,dlk_tbl_00385,dlk_tbl_00607,dash_ext_00149,proc_ext_00043,gob_ext_00273
gob_proceso_0371;5;gob_tbl_02064,gob_tbl_00134,gob_tbl_01028,dlk_tbl_01491,proc_tbl_00577;7;proc_tbl_01077,dlk_tbl_01178,proc_tbl_01092,dlk_tbl_02188,dlk_ext_00285,gob_ext_00147,dlk_ext_00130
proc_proceso_0372;3;dash_tbl_02173,proc_tbl_00671,dlk_tbl_00130;13;gob_tbl_00643,gob_tbl_01107,gob_tbl_02051,proc_tbl_00544,proc_tbl_01473,dlk_tbl_00684,gob_tbl_02218,dlk_ext_00135,gob_ext_00238,dash_ext_00039,gob_ext_00190,proc_ext_00100,dlk_ext_00232
dash_proceso_0373;3;dlk_tbl_00583,gob_tbl_02061,proc_tbl_01391;17;gob_tbl_01619,dlk_tbl_01328,gob_tbl_00767,dlk_tbl_02284,proc_tbl_00049,gob_tbl_00596,dlk_tbl_01045,std_tbl_01220,dlk_tbl_02202,gob_tbl_02251,dlk_ext_00104,dlk_ext_00245,gob_ext_00089,dlk_ext_00160,gob_ext_00062,gob_ext_00225,std_ext_00212
proc_proceso_0374;4;dash_tbl_00665,dlk_tbl_01459,gob_tbl_00043,dlk_tbl_00619;6;dlk_tbl_00187,dlk_tbl_01316,proc_tbl_00718,gob_ext_00092,gob_ext_00164,gob_ext_00276
gob_proceso_0375;6;dlk_tbl_01068,proc_tbl_01962,dlk_tbl_00563,dlk_tbl_00339,gob_tbl_00195,gob_tbl_00116;6;gob_tbl_00129,dlk_tbl_00225,gob_tbl_00624,gob_ext_00137,dlk_ext_00186,std_ext_00054
dlk_proceso_0376;4;dlk_tbl_00361,gob_tbl_01880,dlk_tbl_01673,gob_tbl_01150;4;proc_tbl_00307,dlk_tbl_01529,proc_ext_00292,dlk_ext_00074
proc_proceso_0377;5;dlk_tbl_00148,gob_tbl_01513,dlk_tbl_01871,std_tbl_00401,proc_tbl_00198;5;m4vw_tbl_00279,dlk_tbl_01102,dlk_tbl_01346,dlk_ext_00183,dlk_ext_00102
dlk_proceso_0378;6;std_tbl_00714,proc_tbl_01145,proc_tbl_00354,gob_tbl_02251,gob_tbl_00126,gob_tbl_02008;6;std_tbl_02237,dash_tbl_01582,gob_tbl_01613,dash_ext_00155,dash_ext_00067,dlk_ext_00048
proc_proceso_0379;3;gob_tbl_01680,dash_tbl_01204,dlk_tbl_01725;13;proc_tbl_01902,dash_tbl_00193,gob_tbl_01430,dlk_tbl_00870,dlk_tbl_00263,dlk_tbl_01877,gob_tbl_00489,dash_ext_00217,dlk_ext_00146,dlk_ext_00083,proc_ext_00282,gob_ext_00057,gob_ext_00164
dlk_proceso_0380;3;dlk_tbl_00427,dlk_tbl_00902,dash_tbl_01234;4;dlk_tbl_02052,proc_tbl_00286,gob_ext_00236,gob_ext_00189
gob_proceso_0381;6;dlk_tbl_02141,dlk_tbl_01559,dlk_tbl_00898,gob_tbl_00961,proc_tbl_01110,proc_tbl_01722;10;gob_tbl_01442,dlk_tbl_00090,gob_tbl_00643,gob_tbl_01518,dlk_tbl_00509,gob_tbl_00483,proc_ext_00026,gob_ext_00099,dash_ext_00051,dlk_ext_00201
gob_proceso_0382;4;gob_tbl_00336,dlk_tbl_00438,gob_tbl_00424,dlk_tbl_01365;7;dlk_tbl_01058,dlk_tbl_01912,m4vw_tbl_01067,proc_tbl_00306,dash_ext_00155,proc_ext_00123,dlk_ext_00006
dlk_proceso_0383;4;gob_tbl_00578,dash_tbl_00428,gob_tbl_01610,dlk_tbl_01342;3;m4sco_tbl_01056,gob_tbl_00934,proc_ext_00123
dlk_proceso_0384;3;gob_tbl_01651,dlk_tbl_00678,gob_tbl_00909;9;gob_tbl_00421,dlk_tbl_01548,dlk_tbl_01782,gob_tbl_01640,dlk_tbl_00304,gob_ext_00254,ppn_ext_00182,dlk_ext_00224,gob_ext_00294
gob_proceso_0385;3;gob_tbl_00045,gob_tbl_01154,gob_tbl_02217;13;dash_tbl_01972,gob_tbl_00939,dlk_tbl_00111,dlk_tbl_01554,gob_tbl_01417,ppn_tbl_02206,gob_tbl_01707,dash_ext_00039,gob_ext_00198,dlk_ext_00216,proc_ext_00119,proc_ext_00267,dlk_ext_00124
dlk_proceso_0386;5;dlk_tbl_01496,gob_tbl_01969,dlk_tbl_00398,gob_tbl_01031,dlk_tbl_01587;16;proc_tbl_00535,dlk_tbl_00768,dlk_tbl_01907,dlk_tbl_00166,proc_tbl_00177,gob_tbl_01601,m4vw_tbl_01436,proc_tbl_00832,dlk_tbl_00187,dlk_ext_00244,gob_ext_00261,proc_ext_00187,dlk_ext_00085,proc_ext_00243,gob_ext_00042,proc_ext_00004
gob_proceso_0387;6;dlk_tbl_01263,dlk_tbl_01671,gob_tbl_01650,dlk_tbl_01907,dlk_tbl_01366,gob_tbl_00400;15;std_tbl_00443,std_tbl_01294,gob_tbl_01325,proc_tbl_00542,dlk_tbl_00059,dlk_tbl_01966,dlk_tbl_00907,dlk_tbl_00827,gob_tbl_00006,dash_ext_00127,gob_ext_00270,gob_ext_00113,dlk_ext_00216,dlk_ext_00285,proc_ext_00207
dlk_proceso_0388;7;dlk_tbl_00942,gob_tbl_02191,dlk_tbl_02243,dash_tbl_01083,gob_tbl_02187,m4vw_tbl_00271,dlk_tbl_00357;9;gob_tbl_00355,gob_tbl_00647,dlk_tbl_00732,gob_tbl_01248,dash_tbl_01693,gob_ext_00291,proc_ext_00043,dlk_ext_00082,proc_ext_00001
gob_proceso_0389;2;gob_tbl_01632,dlk_tbl_02189;9;gob_tbl_01821,dlk_tbl_01288,proc_tbl_01690,gob_tbl_00164,dlk_tbl_01907,proc_ext_00292,proc_ext_00120,gob_ext_00058,proc_ext_00027
dash_proceso_0390;7;dlk_tbl_01525,gob_tbl_01120,gob_tbl_00641,gob_tbl_00041,dlk_tbl_01563,gob_tbl_00407,gob_tbl_00839;10;dlk_tbl_01552,dlk_tbl_01926,proc_tbl_01519,dash_tbl_01586,std_tbl_01789,dlk_tbl_02154,gob_ext_00092,dlk_ext_00095,dlk_ext_00090,gob_ext_00205
proc_proceso_0391;6;proc_tbl_00697,m4sco_tbl_00426,proc_tbl_02159,gob_tbl_00343,dash_tbl_00026,gob_tbl_00699;4;dlk_tbl_00184,m4vw_tbl_00505,m4sco_ext_00045,gob_ext_00234
dlk_proceso_0392;5;gob_tbl_01455,gob_tbl_02256,proc_tbl_01658,m4vw_tbl_00353,gob_tbl_00930;9;dash_tbl_00838,dlk_tbl_01965,dlk_tbl_01791,gob_tbl_00383,dlk_tbl_01694,dlk_ext_00095,gob_ext_00291,proc_ext_00187,gob_ext_00209
dlk_proceso_0393;5;gob_tbl_00492,proc_tbl_00276,proc_tbl_02236,gob_tbl_00816,proc_tbl_00230;12;gob_tbl_00934,dash_tbl_00088,proc_tbl_01153,dash_tbl_00133,dash_tbl_01582,std_tbl_01873,gob_tbl_01237,std_ext_00054,gob_ext_00189,gob_ext_00266,gob_ext_00169,dlk_ext_00201
dlk_proceso_0394;6;std_tbl_01739,dash_tbl_00655,dlk_tbl_01055,gob_tbl_01298,gob_tbl_01517,dlk_tbl_02178;16;dlk_tbl_00579,dash_tbl_00315,proc_tbl_00557,gob_tbl_00741,gob_tbl_01901,dash_tbl_01621,proc_tbl_02058,gob_tbl_02000,dlk_tbl_00498,gob_ext_00154,gob_ext_00169,dlk_ext_00143,dlk_ext_00090,proc_ext_00120,gob_ext_00099,gob_ext_00241
dash_proceso_0395;4;dash_tbl_00077,dlk_tbl_00033,gob_tbl_02047,gob_tbl_01408;10;gob_tbl_00444,dlk_tbl_00823,dlk_tbl_00688,dlk_tbl_01189,proc_tbl_01874,dlk_tbl_00684,dlk_ext_00024,proc_ext_00100,gob_ext_00019,gob_ext_00161
gob_proceso_0396;5;gob_tbl_00086,dlk_tbl_02167,dlk_tbl_02113,gob_tbl_01730,gob_tbl_02289;14;dash_tbl_01783,gob_tbl_02023,m4vw_tbl_01374,gob_tbl_01664,proc_tbl_00535,gob_tbl_01069,gob_tbl_00100,proc_tbl_02076,gob_ext_00294,dlk_ext_00191,gob_ext_00093,dlk_ext_00185,proc_ext_00037,proc_ext_00158
dlk_proceso_0397;5;proc_tbl_00007,proc_tbl_00744,proc_tbl_00286,std_tbl_01051,proc_tbl_00260;16;proc_tbl_01585,dlk_tbl_01371,gob_tbl_01353,proc_tbl_01521,proc_tbl_01091,m4vw_tbl_01933,gob_tbl_01123,gob_tbl_00699,dlk_tbl_02197,gob_ext_00171,gob_ext_00108,gob_ext_00204,dlk_ext_00121,dlk_ext_00073,m4sco_ext_00181,proc_ext_00112
dlk_proceso_0398;6;dlk_tbl_00467,dlk_tbl_01747,dlk_tbl_01258,proc_tbl_01526,gob_tbl_00553,dlk_tbl_00802;4;gob_tbl_01303,std_tbl_01553,gob_ext_00084,proc_ext_00026
proc_proceso_0399;6;gob_tbl_01803,gob_tbl_01402,proc_tbl_00503,gob_tbl_02089,gob_tbl_01774,dlk_tbl_02027;15;gob_tbl_01409,proc_tbl_00542,dash_tbl_01589,dlk_tbl_00084,dlk_tbl_01929,m4vw_tbl_01933,gob_tbl_01325,gob_tbl_00323,dlk_tbl_00949,dlk_ext_00007,gob_ext_00163,dlk_ext_00024,gob_ext_00113,dash_ext_00039,gob_ext_00047
proc_proceso_0400;5;gob_tbl_01376,gob_tbl_00143,std_tbl_02034,dlk_tbl_02093,gob_tbl_01418;8;dlk_tbl_00174,dash_tbl_02293,gob_tbl_00218,gob_tbl_00536,dlk_tbl_00005,gob_ext_00069,dash_ext_00192,gob_ext_00019
dlk_proceso_0401;5;dash_tbl_01543,dlk_tbl_01186,dlk_tbl_01388,dlk_tbl_01105,gob_tbl_00031;8;dlk_tbl_01564,gob_tbl_01341,gob_tbl_01292,gob_tbl_01446,std_tbl_01553,dlk_ext_00232,gob_ext_00163,dash_ext_00192
gob_proceso_0402;2;m4vw_tbl_01067,dlk_tbl_00504;15;gob_tbl_02257,proc_tbl_01249,dlk_tbl_00696,m4vw_tbl_00279,gob_tbl_02133,dlk_tbl_00075,gob_tbl_00694,gob_tbl_01507,dash_tbl_00720,gob_ext_00283,gob_ext_00291,dlk_ext_00160,m4vw_ext_00150,dlk_ext_00280,dlk_ext_00153
dlk_proceso_0403;4;gob_tbl_00393,gob_tbl_00176,gob_tbl_01616,dlk_tbl_01132;3;dlk_tbl_01189,dlk_tbl_01109,std_ext_00212
dash_proceso_0404;3;dlk_tbl_00110,m4vw_tbl_01305,dlk_tbl_01575;14;proc_tbl_01213,gob_tbl_02039,dlk_tbl_01700,dlk_tbl_00857,proc_tbl_00488,gob_tbl_01601,dlk_tbl_01015,dash_tbl_01345,m4vw_ext_00126,dlk_ext_00156,dlk_ext_00227,dlk_ext_00253,gob_ext_00042,dash_ext_00192
gob_proceso_0405;2;gob_tbl_01618,std_tbl_01480;4;dlk_tbl_01861,gob_tbl_01373,dlk_ext_00260,gob_ext_00020
proc_proceso_0406;6;gob_tbl_00432,gob_tbl_01593,dlk_tbl_01644,gob_tbl_01093,dlk_tbl_00310,dlk_tbl_00558;11;gob_tbl_00336,gob_tbl_00775,dlk_tbl_00462,gob_tbl_01706,dlk_tbl_01590,gob_tbl_01811,gob_ext_00261,gob_ext_00198,gob_ext_00233,dash_ext_00009,dash_ext_00133
gob_proceso_0407;3;gob_tbl_02172,gob_tbl_00948,gob_tbl_02190;13;gob_tbl_00394,dlk_tbl_01757,gob_tbl_00206,dlk_tbl_01959,dlk_tbl_01030,dlk_tbl_02138,gob_tbl_01730,proc_ext_00100,dlk_ext_00117,dlk_ext_00218,dlk_ext_00162,dash_ext_00009,dlk_ext_00253
gob_proceso_0408;7;proc_tbl_00872,gob_tbl_00161,gob_tbl_00799,gob_tbl_00259,proc_tbl_01229,gob_tbl_00910,gob_tbl_01146;9;dlk_tbl_01396,proc_tbl_02261,dlk_tbl_00342,dlk_tbl_01749,dlk_tbl_01421,proc_ext_00187,gob_ext_00196,proc_ext_00053,dlk_ext_00102
dlk_proceso_0409;6;dlk_tbl_01568,gob_tbl_01507,dlk_tbl_01679,dlk_tbl_01231,dash_tbl_00975,gob_tbl_01824;12;gob_tbl_02287,dlk_tbl_01058,proc_tbl_01697,dlk_tbl_01453,proc_tbl_00319,dlk_tbl_00310,dlk_tbl_00509,gob_ext_00291,dlk_ext_00117,gob_ext_00057,m4vw_ext_00032,gob_ext_00165
dlk_proceso_0410;5;gob_tbl_00926,dlk_tbl_01577,gob_tbl_00905,gob_tbl_01089,dlk_tbl_02098;12;gob_tbl_00997,gob_tbl_01771,proc_tbl_00979,gob_tbl_01956,std_tbl_00473,gob_tbl_02257,ppn_tbl_01367,proc_ext_00275,gob_ext_00179,m4vw_ext_00032,dlk_ext_00295,proc_ext_00158
dlk_proceso_0411;4;gob_tbl_00536,gob_tbl_01917,gob_tbl_00377,dlk_tbl_01682;7;gob_tbl_01353,std_tbl_00067,gob_tbl_02131,gob_tbl_01706,dlk_ext_00023,proc_ext_00052,dlk_ext_00109
dash_proceso_0412;8;gob_tbl_00417,gob_tbl_01108,gob_tbl_02101,gob_tbl_01794,dlk_tbl_00044,gob_tbl_00531,dlk_tbl_00823,gob_tbl_01161;10;gob_tbl_00419,dlk_tbl_01332,gob_tbl_02257,dlk_tbl_02278,proc_tbl_01487,dlk_tbl_00150,gob_ext_00215,gob_ext_00199,dlk_ext_00232,proc_ext_00141
dlk_proceso_0413;7;m4sco_tbl_00015,ppn_tbl_01367,gob_tbl_01084,gob_tbl_01555,proc_tbl_01579,gob_tbl_02122,ppn_tbl_02073;4;dlk_tbl_01006,dlk_tbl_00464,dlk_ext_00030,dlk_ext_00012
gob_proceso_0414;5;proc_tbl_00932,dlk_tbl_01912,gob_tbl_01243,gob_tbl_00139,gob_tbl_02244;11;gob_tbl_01122,proc_tbl_01514,proc_tbl_01960,dlk_tbl_00830,proc_tbl_00955,gob_tbl_00343,dlk_ext_00263,dlk_ext_00159,dlk_ext_00083,std_ext_00151,dlk_ext_00268
dlk_proceso_0415;2;dlk_tbl_01175,dlk_tbl_02035;6;gob_tbl_00897,gob_tbl_00775,m4vw_tbl_00353,gob_ext_00113,dash_ext_00039,dash_ext_00009
dlk_proceso_0416;3;std_tbl_00614,gob_tbl_00774,dlk_tbl_01058;12;proc_tbl_01397,gob_tbl_01953,dash_tbl_00752,m4vw_tbl_01448,gob_tbl_02205,dlk_tbl_00036,std_tbl_02237,dlk_ext_00075,gob_ext_00169,gob_ext_00047,gob_ext_00063,gob_ext_00059
dlk_proceso_0417;5;dlk_tbl_01752,gob_tbl_01128,gob_tbl_00805,gob_tbl_01796,dlk_tbl_01116;8;proc_tbl_00273,gob_tbl_01518,dlk_tbl_00513,gob_tbl_00101,gob_tbl_01044,dash_ext_00127,gob_ext_00234,dlk_ext_00244
dlk_proceso_0418;7;std_tbl_00373,dlk_tbl_00144,proc_tbl_00924,proc_tbl_00063,dlk_tbl_01692,gob_tbl_00645,std_tbl_00751;15;gob_tbl_00934,std_tbl_00067,dlk_tbl_00684,gob_tbl_00765,dlk_tbl_00786,proc_tbl_00260,dlk_tbl_01944,proc_tbl_00230,dlk_tbl_01210,gob_ext_00022,dlk_ext_00006,gob_ext_00084,proc_ext_00123,gob_ext_00068,dlk_ext_00140
gob_proceso_0419;6;dlk_tbl_01291,dlk_tbl_01975,gob_tbl_01508,proc_tbl_00514,proc_tbl_00272,dash_tbl_02157;6;dlk_tbl_02183,dlk_tbl_00302,dlk_tbl_01411,gob_ext_00270,dash_ext_00127,dlk_ext_00278
dlk_proceso_0420;7;m4sco_tbl_01464,gob_tbl_00282,dlk_tbl_00511,gob_tbl_00365,gob_tbl_01059,dlk_tbl_00093,gob_tbl_00485;9;gob_tbl_00775,dlk_tbl_02204,gob_tbl_01913,proc_tbl_01994,dlk_tbl_00267,std_ext_00212,gob_ext_00063,dlk_ext_00148,dlk_ext_00035
gob_proceso_0421;6;gob_tbl_02077,dash_tbl_00875,gob_tbl_01033,dash_tbl_01286,gob_tbl_01244,proc_tbl_00668;10;m4vw_tbl_01076,gob_tbl_02265,dlk_tbl_01885,gob_tbl_00394,dlk_tbl_00800,dash_tbl_01255,dlk_ext_00268,dash_ext_00192,dlk_ext_00216,proc_ext_00100
dlk_proceso_0422;6;gob_tbl_00380,gob_tbl_00644,dlk_tbl_01820,dlk_tbl_02072,ppn_tbl_01375,dlk_tbl_00150;10;dlk_tbl_01678,gob_tbl_01069,proc_tbl_01312,proc_tbl_01473,gob_tbl_02095,m4vw_tbl_01410,std_ext_00054,dlk_ext_00007,proc_ext_00187,gob_ext_00019
dlk_proceso_0423;5;dlk_tbl_00302,gob_tbl_00457,dash_tbl_02168,gob_tbl_01882,gob_tbl_01353;14;gob_tbl_02242,gob_tbl_01230,dlk_tbl_01686,proc_tbl_01074,dlk_tbl_01037,gob_tbl_02005,gob_tbl_01672,std_tbl_00717,gob_ext_00228,gob_ext_00236,dlk_ext_00260,gob_ext_00029,dlk_ext_00278,gob_ext_00147
gob_proceso_0424;4;proc_tbl_00051,proc_tbl_00524,dlk_tbl_01797,gob_tbl_00483;10;gob_tbl_01618,dash_tbl_00710,dlk_tbl_02119,gob_tbl_00162,gob_tbl_01352,proc_tbl_00301,gob_ext_00215,gob_ext_00279,dlk_ext_00121,proc_ext_00243
proc_proceso_0425;9;gob_tbl_00164,gob_tbl_00521,dlk_tbl_00358,gob_tbl_02023,proc_tbl_01379,dlk_tbl_01013,m4sco_tbl_00169,gob_tbl_00934,dlk_tbl_01206;14;dlk_tbl_01071,proc_tbl_00900,dash_tbl_01878,dlk_tbl_00637,dlk_tbl_00937,dash_tbl_00584,dlk_tbl_01275,dlk_tbl_01861,gob_ext_00291,dlk_ext_00140,dash_ext_00051,dlk_ext_00191,gob_ext_00225,ppn_ext_00182
dlk_proceso_0426;4;proc_tbl_01817,proc_tbl_00761,proc_tbl_01842,dlk_tbl_01053;8;gob_tbl_01661,dlk_tbl_01757,gob_tbl_00381,gob_tbl_01010,proc_tbl_00900,dlk_ext_00116,dlk_ext_00124,proc_ext_00170
dlk_proceso_0427;7;gob_tbl_01141,gob_tbl_01352,proc_tbl_00137,dlk_tbl_00938,proc_tbl_00525,proc_tbl_00490,dlk_tbl_01267;11;dlk_tbl_01371,dlk_tbl_00768,dlk_tbl_00059,dash_tbl_01475,gob_tbl_01547,gob_tbl_00447,gob_ext_00125,dash_ext_00009,dash_ext_00077,dlk_ext_00033,gob_ext_00261
proc_proceso_0428;5;dlk_tbl_00008,dlk_tbl_01380,dlk_tbl_01883,std_tbl_01705,dash_tbl_00219;13;gob_tbl_02190,gob_tbl_01666,gob_tbl_01007,dlk_tbl_01677,gob_tbl_00457,proc_tbl_00210,gob_tbl_02285,proc_ext_00060,dlk_ext_00085,dlk_ext_00220,gob_ext_00198,dlk_ext_00013,m4vw_ext_00150
gob_proceso_0429;8;gob_tbl_00956,dlk_tbl_02103,dlk_tbl_00748,gob_tbl_01771,proc_tbl_01153,dlk_tbl_00455,ppn_tbl_00386,gob_tbl_02078;5;proc_tbl_01583,dash_tbl_01361,gob_tbl_00804,dlk_ext_00006,dlk_ext_00245
gob_proceso_0430;6;dlk_tbl_00168,gob_tbl_00985,gob_tbl_00643,dlk_tbl_01964,proc_tbl_00867,dash_tbl_02127;10;std_tbl_00894,proc_tbl_00004,dlk_tbl_02011,gob_tbl_01953,dlk_tbl_01055,dlk_tbl_00970,dlk_ext_00245,dlk_ext_00255,proc_ext_00207,dlk_ext_00156
gob_proceso_0431;6;ppn_tbl_02235,proc_tbl_00020,ppn_tbl_02201,proc_tbl_00519,dash_tbl_00155,proc_tbl_01887;16;proc_tbl_00525,dlk_tbl_01405,gob_tbl_00191,gob_tbl_00363,gob_tbl_01779,dash_tbl_00700,dlk_tbl_01114,gob_tbl_00410,dlk_tbl_01932,m4vw_ext_00032,m4sco_ext_00072,dlk_ext_00159,proc_ext_00008,dash_ext_00149,dlk_ext_00268,gob_ext_00019
dlk_proceso_0432;3;dlk_tbl_01988,dlk_tbl_02211,dash_tbl_01999;14;proc_tbl_01817,dlk_tbl_01121,gob_tbl_02122,gob_tbl_02164,gob_tbl_01469,dlk_tbl_00376,gob_tbl_00788,dlk_tbl_00097,gob_ext_00110,proc_ext_00243,dlk_ext_00117,dlk_ext_00268,dlk_ext_00263,dash_ext_00134
dlk_proceso_0433;3;gob_tbl_00854,proc_tbl_00434,proc_tbl_01583;10;gob_tbl_01995,gob_tbl_01320,gob_tbl_01624,dlk_tbl_00937,dlk_tbl_00212,dlk_tbl_01459,gob_ext_00293,proc_ext_00008,m4vw_ext_00070,m4vw_ext_00126
gob_proceso_0434;8;gob_tbl_00265,dash_tbl_01064,proc_tbl_00658,gob_tbl_00048,proc_tbl_00440,m4sco_tbl_01510,gob_tbl_00997,m4vw_tbl_00959;9;ppn_tbl_02235,dlk_tbl_01831,dash_tbl_00659,gob_tbl_02251,gob_tbl_01551,gob_ext_00239,m4vw_ext_00032,proc_ext_00060,proc_ext_00004
dash_proceso_0435;4;dlk_tbl_01979,dash_tbl_01381,dlk_tbl_00844,gob_tbl_00145;4;dlk_tbl_01673,dlk_tbl_01515,m4sco_ext_00181,dlk_ext_00222
gob_proceso_0436;3;dash_tbl_00838,gob_tbl_01855,dlk_tbl_01709;7;dlk_tbl_00097,dlk_tbl_01741,dlk_tbl_00843,std_tbl_00894,dlk_ext_00005,m4sco_ext_00181,dlk_ext_00024
gob_proceso_0437;7;gob_tbl_00793,std_tbl_00443,proc_tbl_01921,m4sco_tbl_01865,gob_tbl_01022,gob_tbl_00201,gob_tbl_02003;9;dlk_tbl_00059,gob_tbl_01760,gob_tbl_00418,dlk_tbl_01699,gob_tbl_00977,dlk_ext_00005,m4sco_ext_00031,gob_ext_00047,dlk_ext_00214
dlk_proceso_0438;5;gob_tbl_00039,gob_tbl_02242,dlk_tbl_00792,gob_tbl_00296,gob_tbl_01002;14;gob_tbl_00285,m4vw_tbl_01462,gob_tbl_01308,proc_tbl_01790,proc_tbl_01990,gob_tbl_00812,dlk_tbl_00937,gob_tbl_00163,dlk_ext_00006,dash_ext_00096,dlk_ext_00122,proc_ext_00267,proc_ext_00187,dlk_ext_00253
dlk_proceso_0439;2;dlk_tbl_00835,gob_tbl_02095;9;gob_tbl_02217,m4vw_tbl_00982,std_tbl_02192,proc_tbl_00924,proc_tbl_00286,dlk_ext_00160,dlk_ext_00091,proc_ext_00103,gob_ext_00270
gob_proceso_0440;2;gob_tbl_01900,dlk_tbl_01065;15;dlk_tbl_02146,gob_tbl_01613,dlk_tbl_01757,dlk_tbl_02105,gob_tbl_00135,gob_tbl_00100,dlk_tbl_01232,dlk_tbl_01987,proc_tbl_01922,dlk_ext_00156,dlk_ext_00259,gob_ext_00179,gob_ext_00099,dlk_ext_00227,proc_ext_00037
proc_proceso_0441;4;gob_tbl_01017,dlk_tbl_00311,m4sco_tbl_00589,dlk_tbl_00983;4;gob_tbl_01613,gob_tbl_00592,gob_ext_00254,m4vw_ext_00150
dlk_proceso_0442;6;dash_tbl_01878,gob_tbl_02100,gob_tbl_00100,gob_tbl_00851,gob_tbl_01199,dlk_tbl_01177;13;dlk_tbl_00830,gob_tbl_00694,proc_tbl_01866,std_tbl_00405,dash_tbl_00965,dlk_tbl_01332,dlk_tbl_02134,gob_ext_00209,proc_ext_00197,dlk_ext_00005,gob_ext_00057,gob_ext_00213,dlk_ext_00034
gob_proceso_0443;4;dlk_tbl_02118,std_tbl_00894,dash_tbl_01018,dlk_tbl_01604;10;dlk_tbl_00846,std_tbl_00845,gob_tbl_01618,proc_tbl_01834,dlk_tbl_02162,dlk_tbl_00157,m4vw_ext_00150,proc_ext_00064,proc_ext_00231,proc_ext_00043
dlk_proceso_0444;3;gob_tbl_01320,gob_tbl_01619,proc_tbl_00451;12;gob_tbl_01364,m4sco_tbl_00426,dlk_tbl_00248,gob_tbl_01417,proc_tbl_00769,gob_tbl_01325,gob_tbl_00107,dlk_ext_00007,gob_ext_00291,dash_ext_00168,dlk_ext_00010,dlk_ext_00028
dlk_proceso_0445;4;gob_tbl_01136,dlk_tbl_00076,dlk_tbl_00970,dash_tbl_00600;14;dlk_tbl_01721,proc_tbl_01493,gob_tbl_00142,gob_tbl_00912,dlk_tbl_01124,dash_tbl_01582,m4sco_tbl_01891,dlk_tbl_00936,dlk_ext_00102,proc_ext_00243,std_ext_00079,proc_ext_00210,proc_ext_00231,dlk_ext_00184
dlk_proceso_0446;6;proc_tbl_01521,dash_tbl_00158,gob_tbl_00570,dash_tbl_01027,dlk_tbl_02038,dlk_tbl_01899;10;gob_tbl_00006,dlk_tbl_00963,gob_tbl_00818,dlk_tbl_00250,gob_tbl_00294,dlk_tbl_02284,proc_ext_00103,gob_ext_00063,dlk_ext_00244,ppn_ext_00182
dash_proceso_0447;2;dash_tbl_00731,dlk_tbl_00901;7;dlk_tbl_00187,dlk_tbl_00736,dlk_tbl_01346,gob_tbl_00642,gob_ext_00171,dlk_ext_00251,gob_ext_00208
dlk_proceso_0448;4;proc_tbl_00415,dlk_tbl_00121,dash_tbl_01492,dlk_tbl_01134;4;dlk_tbl_00008,gob_tbl_01376,dlk_ext_00248,proc_ext_00123
gob_proceso_0449;5;gob_tbl_00107,dlk_tbl_00509,std_tbl_00067,proc_tbl_01355,proc_tbl_01262;16;m4vw_tbl_00279,gob_tbl_02176,proc_tbl_01609,gob_tbl_01863,dlk_tbl_00684,gob_tbl_00831,m4vw_tbl_01933,dash_tbl_00046,dlk_tbl_01372,dlk_ext_00097,proc_ext_00197,dlk_ext_00255,dlk_ext_00044,gob_ext_00163,dlk_ext_00280,dash_ext_00127
proc_proceso_0450;8;gob_tbl_00794,proc_tbl_01506,dlk_tbl_01756,gob_tbl_01195,proc_tbl_02063,gob_tbl_00931,gob_tbl_01663,gob_tbl_01469;9;dash_tbl_01064,proc_tbl_01495,dlk_tbl_00941,gob_tbl_01026,dlk_tbl_00760,gob_ext_00189,dlk_ext_00091,dlk_ext_00140,dlk_ext_00156
proc_proceso_0451;4;gob_tbl_01060,dlk_tbl_00494,dash_tbl_01586,std_tbl_00402;10;dlk_tbl_02165,dlk_tbl_02284,dlk_tbl_02229,gob_tbl_00905,gob_tbl_00416,dash_tbl_01582,dlk_ext_00034,dlk_ext_00044,proc_ext_00158,dlk_ext_00140
proc_proceso_0452;6;m4sco_tbl_01463,m4vw_tbl_01448,gob_tbl_00523,dash_tbl_00990,dlk_tbl_00783,proc_tbl_00079;11;gob_tbl_02040,dlk_tbl_02041,dlk_tbl_00180,proc_tbl_01516,proc_tbl_00352,dlk_tbl_00878,dlk_ext_00143,dash_ext_00155,proc_ext_00120,gob_ext_00261,gob_ext_00291
gob_proceso_0453;2;gob_tbl_01826,dlk_tbl_02283;10;dlk_tbl_01877,proc_tbl_01385,gob_tbl_00839,dash_tbl_00072,gob_tbl_01708,gob_tbl_00232,gob_ext_00068,dlk_ext_00185,dlk_ext_00012,dlk_ext_00157
dlk_proceso_0454;6;dash_tbl_00035,gob_tbl_01362,dlk_tbl_00097,dlk_tbl_00029,dlk_tbl_00843,std_tbl_01088;6;gob_tbl_02257,gob_tbl_00290,dlk_tbl_00591,gob_ext_00154,m4vw_ext_00126,dlk_ext_00250
gob_proceso_0455;4;dlk_tbl_01523,dlk_tbl_00760,proc_tbl_00608,gob_tbl_01870;13;dlk_tbl_01365,proc_tbl_02144,gob_tbl_01017,gob_tbl_01028,m4vw_tbl_00353,dlk_tbl_01011,gob_tbl_02090,proc_ext_00081,proc_ext_00043,proc_ext_00128,proc_ext_00252,dlk_ext_00268,dlk_ext_00083
proc_proceso_0456;6;gob_tbl_01661,dlk_tbl_01932,gob_tbl_00791,dlk_tbl_00808,gob_tbl_02006,gob_tbl_01399;11;dlk_tbl_00387,dlk_tbl_01411,dash_tbl_00584,gob_tbl_01253,m4sco_tbl_01112,gob_tbl_00916,proc_ext_00231,gob_ext_00194,proc_ext_00011,dlk_ext_00080,gob_ext_00173
dlk_proceso_0457;8;ppn_tbl_01148,dlk_tbl_02239,dlk_tbl_00758,gob_tbl_01139,dlk_tbl_00946,m4vw_tbl_01410,dlk_tbl_02284,std_tbl_02253;23;gob_tbl_01026,dash_tbl_00131,dlk_tbl_02274,gob_tbl_01539,dlk_tbl_00375,m4sco_tbl_00709,dlk_tbl_01360,dlk_tbl_01524,dash_tbl_02198,gob_tbl_02265,gob_tbl_00291,gob_tbl_01777,proc_tbl_01456,dlk_ext_00202,dlk_ext_00036,dlk_ext_00085,gob_ext_00164,dlk_ext_00259,std_ext_00129,dlk_ext_00216,m4vw_ext_00150,gob_ext_00172,dlk_ext_00078
gob_proceso_0458;4;gob_tbl_00689,dlk_tbl_01544,gob_tbl_01702,gob_tbl_00251;4;gob_tbl_00788,proc_tbl_00896,dash_ext_00067,dash_ext_00009
dash_proceso_0459;3;dlk_tbl_02041,dlk_tbl_00726,dlk_tbl_01801;11;gob_tbl_01182,dlk_tbl_01581,gob_tbl_02190,dash_tbl_00050,dlk_tbl_00025,dlk_tbl_00241,dlk_ext_00156,dlk_ext_00124,proc_ext_00027,gob_ext_00019,dlk_ext_00102
dlk_proceso_0460;3;proc_tbl_00625,gob_tbl_01029,gob_tbl_00971;9;dlk_tbl_00792,dash_tbl_01234,proc_tbl_00577,dlk_tbl_01612,std_tbl_01957,gob_ext_00291,dlk_ext_00083,dlk_ext_00248,gob_ext_00208
dash_proceso_0461;6;proc_tbl_00822,gob_tbl_02039,m4sco_tbl_01701,dash_tbl_00331,dlk_tbl_00132,dlk_tbl_01667;16;dlk_tbl_00743,dash_tbl_00046,dlk_tbl_00783,gob_tbl_00041,dash_tbl_02230,std_tbl_01294,gob_tbl_00365,dlk_tbl_00477,dlk_tbl_01717,proc_ext_00252,proc_ext_00112,dash_ext_00067,dlk_ext_00005,dlk_ext_00097,dash_ext_00217,dash_ext_00287
proc_proceso_0462;5;dlk_tbl_01968,dlk_tbl_01997,proc_tbl_01830,proc_tbl_00622,gob_tbl_01470;14;dash_tbl_02173,dlk_tbl_00842,dlk_tbl_02280,dlk_tbl_01403,gob_tbl_00492,gob_tbl_02108,dlk_tbl_01907,dash_tbl_00321,dlk_ext_00253,dlk_ext_00185,dlk_ext_00216,gob_ext_00137,gob_ext_00057,proc_ext_00176
dlk_proceso_0463;3;dlk_tbl_02203,gob_tbl_01201,std_tbl_02227;13;proc_tbl_00568,dlk_tbl_01986,dlk_tbl_01124,dash_tbl_01479,dlk_tbl_01691,dlk_tbl_00375,gob_tbl_00549,dlk_ext_00095,dlk_ext_00036,proc_ext_00207,gob_ext_00273,dlk_ext_00143,dash_ext_00067
gob_proceso_0464;2;gob_tbl_00038,dlk_tbl_02145;10;gob_tbl_02225,proc_tbl_01296,std_tbl_00326,gob_tbl_01127,dlk_tbl_00827,dlk_tbl_01277,proc_ext_00043,dlk_ext_00250,std_ext_00054,proc_ext_00243
dash_proceso_0465;3;dlk_tbl_00241,gob_tbl_01961,gob_tbl_00122;9;proc_tbl_00042,dash_tbl_02214,dlk_tbl_00579,dlk_tbl_00184,dash_tbl_00028,proc_ext_00001,dlk_ext_00153,gob_ext_00047,dlk_ext_00035
proc_proceso_0466;8;gob_tbl_00533,gob_tbl_01497,dash_tbl_01211,dlk_tbl_00636,gob_tbl_00061,dash_tbl_00396,dlk_tbl_00157,dash_tbl_00646;10;dlk_tbl_00933,gob_tbl_01794,dlk_tbl_00715,gob_tbl_00291,proc_tbl_00434,dlk_tbl_02197,proc_ext_00221,proc_ext_00001,dlk_ext_00117,gob_ext_00261
dlk_proceso_0467;3;dlk_tbl_01920,proc_tbl_01810,dash_tbl_02130;6;gob_tbl_00281,gob_tbl_01517,dlk_tbl_01682,dash_ext_00067,dlk_ext_00107,gob_ext_00293
proc_proceso_0468;7;gob_tbl_00334,proc_tbl_01743,m4vw_tbl_01194,m4sco_tbl_01112,proc_tbl_01617,gob_tbl_00562,proc_tbl_01834;9;gob_tbl_01302,gob_tbl_01946,dlk_tbl_01903,dash_tbl_01083,dash_tbl_02214,proc_ext_00100,dlk_ext_00030,dlk_ext_00143,proc_ext_00060
dlk_proceso_0469;6;gob_tbl_00764,gob_tbl_01852,gob_tbl_00410,dash_tbl_01315,gob_tbl_00520,proc_tbl_01098;9;proc_tbl_00671,dash_tbl_01377,ppn_tbl_01158,m4sco_tbl_01063,std_tbl_00478,dlk_ext_00222,gob_ext_00194,gob_ext_00113,m4vw_ext_00126
proc_proceso_0470;6;gob_tbl_00974,dlk_tbl_01420,dash_tbl_01174,gob_tbl_00820,proc_tbl_01487,proc_tbl_00557;15;std_tbl_01252,dlk_tbl_01406,std_tbl_01789,gob_tbl_00383,proc_tbl_00049,gob_tbl_00450,gob_tbl_01461,dlk_tbl_01523,dlk_tbl_00157,std_ext_00054,dlk_ext_00073,gob_ext_00110,m4sco_ext_00072,proc_ext_00037,m4vw_ext_00277
gob_proceso_0471;4;proc_tbl_00629,dlk_tbl_00300,gob_tbl_01850,dlk_tbl_02114;10;dlk_tbl_01954,gob_tbl_00931,dlk_tbl_00000,gob_tbl_01619,dlk_tbl_00036,dlk_tbl_02011,dlk_ext_00143,gob_ext_00291,gob_ext_00270,dash_ext_00134
dash_proceso_0472;5;dash_tbl_00532,gob_tbl_01606,dlk_tbl_00056,gob_tbl_01976,gob_tbl_00236;7;gob_tbl_01230,gob_tbl_01499,gob_tbl_02095,dlk_tbl_02182,dlk_ext_00090,dlk_ext_00251,gob_ext_00198
dlk_proceso_0473;3;gob_tbl_00624,dlk_tbl_01868,gob_tbl_01412;12;dlk_tbl_00554,gob_tbl_00027,dlk_tbl_00170,proc_tbl_00063,gob_tbl_00601,dlk_tbl_01000,dlk_tbl_01365,dash_ext_00133,dash_ext_00136,dash_ext_00269,dlk_ext_00013,proc_ext_00011
gob_proceso_0474;4;dlk_tbl_01348,dlk_tbl_00362,gob_tbl_01452,m4sco_tbl_01627;9;dlk_tbl_01959,dlk_tbl_01233,gob_tbl_00489,gob_tbl_01107,std_tbl_02234,gob_ext_00225,gob_ext_00270,proc_ext_00053,dlk_ext_00220
gob_proceso_0475;4;dlk_tbl_02021,gob_tbl_02133,gob_tbl_00616,dlk_tbl_02085;9;gob_tbl_00114,dash_tbl_00436,dlk_tbl_00081,dlk_tbl_00261,proc_tbl_01145,gob_ext_00270,gob_ext_00110,gob_ext_00057,gob_ext_00291
proc_proceso_0476;5;proc_tbl_01646,gob_tbl_01310,proc_tbl_01077,dlk_tbl_01210,proc_tbl_01948;8;gob_tbl_00450,dlk_tbl_01993,dlk_tbl_00197,m4sco_tbl_01701,dlk_tbl_01988,dash_ext_00217,dlk_ext_00183,gob_ext_00069
dlk_proceso_0477;3;dlk_tbl_01736,dlk_tbl_00254,dlk_tbl_02060;11;dlk_tbl_00696,gob_tbl_00152,dash_tbl_01545,dlk_tbl_00757,proc_tbl_00924,gob_tbl_01901,m4vw_ext_00070,dlk_ext_00259,dash_ext_00003,dlk_ext_00035,gob_ext_00165
dlk_proceso_0478;3;dlk_tbl_00082,gob_tbl_01040,dlk_tbl_02278;4;gob_tbl_02064,dlk_tbl_01635,dlk_ext_00295,gob_ext_00273
gob_proceso_0479;4;dlk_tbl_01537,gob_tbl_00335,dlk_tbl_01759,dash_tbl_02132;4;dlk_tbl_01641,gob_tbl_02000,m4sco_ext_00031,dlk_ext_00227
dlk_proceso_0480;6;gob_tbl_01424,gob_tbl_01846,gob_tbl_01572,dlk_tbl_01441,dlk_tbl_00081,proc_tbl_02058;12;dlk_tbl_00075,gob_tbl_00670,gob_tbl_00561,gob_tbl_01539,gob_tbl_01033,m4sco_tbl_01235,dlk_tbl_01710,dlk_ext_00143,dlk_ext_00116,m4vw_ext_00070,dlk_ext_00073,dash_ext_00096
dlk_proceso_0481;4;gob_tbl_01941,dash_tbl_00683,gob_tbl_01919,gob_tbl_01187;7;proc_tbl_01609,gob_tbl_00489,dlk_tbl_00269,proc_tbl_00718,dlk_ext_00183,proc_ext_00065,dlk_ext_00260
dash_proceso_0482;4;proc_tbl_02062,dlk_tbl_01977,gob_tbl_00694,dlk_tbl_01330;9;proc_tbl_01908,dlk_tbl_00783,gob_tbl_00850,proc_tbl_00781,dash_tbl_00685,gob_ext_00050,gob_ext_00190,gob_ext_00286,gob_ext_00234
dlk_proceso_0483;4;dash_tbl_00752,gob_tbl_01542,gob_tbl_00142,proc_tbl_01413;7;dlk_tbl_01366,dlk_tbl_00807,gob_tbl_02122,dlk_tbl_01912,m4vw_ext_00032,gob_ext_00041,dlk_ext_00184
dlk_proceso_0484;5;proc_tbl_00862,m4sco_tbl_01246,gob_tbl_01336,dash_tbl_00762,m4sco_tbl_01685;12;dash_tbl_00219,dlk_tbl_01755,dash_tbl_01825,gob_tbl_00365,dlk_tbl_01717,dlk_tbl_01491,dlk_tbl_02279,dlk_ext_00153,dash_ext_00133,dlk_ext_00218,gob_ext_00234,proc_ext_00292
dash_proceso_0485;8;proc_tbl_01516,gob_tbl_00754,dash_tbl_00603,dlk_tbl_00112,dlk_tbl_00022,dlk_tbl_00064,gob_tbl_00206,std_tbl_00911;5;gob_tbl_01151,proc_tbl_02120,gob_tbl_02018,gob_ext_00189,std_ext_00054
proc_proceso_0486;6;dlk_tbl_01357,proc_tbl_00352,proc_tbl_02076,gob_tbl_00733,gob_tbl_01557,proc_tbl_00771;9;proc_tbl_00900,gob_tbl_01325,gob_tbl_00399,dash_tbl_02132,gob_tbl_01623,dlk_ext_00144,dlk_ext_00248,gob_ext_00270,dlk_ext_00075
gob_proceso_0487;6;dlk_tbl_01222,gob_tbl_02161,dlk_tbl_00673,dlk_tbl_01741,dlk_tbl_00776,gob_tbl_02193;4;proc_tbl_00972,gob_tbl_00450,gob_ext_00069,dlk_ext_00251
gob_proceso_0488;2;std_tbl_00845,dlk_tbl_01329;7;gob_tbl_00969,proc_tbl_00354,gob_tbl_00290,gob_tbl_00291,dlk_ext_00191,gob_ext_00213,gob_ext_00137
gob_proceso_0489;4;dash_tbl_01476,proc_tbl_00301,gob_tbl_01363,dlk_tbl_01909;12;dlk_tbl_01907,dlk_tbl_00167,proc_tbl_01506,gob_tbl_01268,dlk_tbl_00783,proc_tbl_00192,dlk_tbl_00579,ppn_ext_00182,dlk_ext_00250,proc_ext_00207,gob_ext_00019,gob_ext_00092
dlk_proceso_0490;2;dlk_tbl_01778,gob_tbl_00411;7;dlk_tbl_01529,gob_tbl_02200,dlk_tbl_00913,gob_tbl_00083,proc_ext_00141,dlk_ext_00075,gob_ext_00270
gob_proceso_0491;8;gob_tbl_01760,dlk_tbl_01629,gob_tbl_00565,gob_tbl_01821,proc_tbl_00522,dlk_tbl_01529,m4vw_tbl_01982,gob_tbl_01746;6;gob_tbl_01237,gob_tbl_00676,gob_tbl_00201,gob_ext_00180,gob_ext_00229,gob_ext_00125
gob_proceso_0492;3;dlk_tbl_01538,dlk_tbl_00787,gob_tbl_00707;9;dash_tbl_00584,dlk_tbl_00599,proc_tbl_00230,gob_tbl_00916,proc_tbl_02292,dlk_ext_00142,dlk_ext_00035,gob_ext_00198,dlk_ext_00080
proc_proceso_0493;4;dlk_tbl_01009,dlk_tbl_01269,gob_tbl_01010,gob_tbl_01228;6;gob_tbl_01073,dlk_tbl_02038,gob_tbl_00444,dlk_ext_00223,dlk_ext_00295,dlk_ext_00214
gob_proceso_0494;3;dash_tbl_02171,gob_tbl_01784,gob_tbl_00813;11;dlk_tbl_01371,proc_tbl_01466,dlk_tbl_02094,dlk_tbl_01280,gob_tbl_02002,dlk_tbl_00963,proc_ext_00065,dash_ext_00067,dlk_ext_00033,proc_ext_00026,dlk_ext_00183
dash_proceso_0495;5;dlk_tbl_02074,dlk_tbl_00468,dlk_tbl_01439,dlk_tbl_01749,gob_tbl_02177;8;proc_tbl_01609,gob_tbl_01458,dash_tbl_00433,dlk_tbl_00693,dlk_tbl_01686,dash_ext_00155,dlk_ext_00033,dlk_ext_00005
dlk_proceso_0496;5;proc_tbl_01422,dlk_tbl_01548,proc_tbl_01908,dlk_tbl_01086,dash_tbl_01862;11;gob_tbl_00988,dash_tbl_01219,dash_tbl_00321,gob_tbl_01872,dlk_tbl_00482,gob_tbl_00956,proc_ext_00043,dash_ext_00067,dlk_ext_00080,dlk_ext_00033,dlk_ext_00159
dash_proceso_0497;2;gob_tbl_01915,dash_tbl_00299;6;dlk_tbl_01912,gob_tbl_00553,dlk_tbl_00482,gob_ext_00063,dlk_ext_00007,dlk_ext_00203
gob_proceso_0498;5;gob_tbl_01998,gob_tbl_01518,dlk_tbl_02249,proc_tbl_01370,dlk_tbl_00370;12;proc_tbl_02087,dlk_tbl_01677,proc_tbl_01660,proc_tbl_01317,gob_tbl_00432,gob_tbl_01268,gob_tbl_00491,dlk_ext_00007,gob_ext_00279,dlk_ext_00263,gob_ext_00294,dlk_ext_00248
gob_proceso_0499;6;std_tbl_00369,gob_tbl_01432,dash_tbl_01783,dlk_tbl_01485,proc_tbl_02220,dlk_tbl_00779;6;proc_tbl_00580,dlk_tbl_01687,gob_tbl_00925,dlk_ext_00278,std_ext_00054,gob_ext_00283
