DAG;NumTablasAlimenta;TablasAlimenta;NumTablasAlimentan;TablasAlimentan
dlk_proceso_0000;6;dlk_tbl_02502,dash_tbl_00014,dash_tbl_04339,dlk_tbl_00950,gob_tbl_02137,gob_tbl_03216;11;dlk_tbl_01957,gob_tbl_00662,dlk_tbl_00679,gob_tbl_02662,gob_tbl_03259,gob_tbl_01217,dlk_ext_00283,ppn_ext_00109,proc_ext_00092,dlk_ext_00126,dlk_ext_00523
gob_proceso_0001;8;dlk_tbl_02103,gob_tbl_03588,dash_tbl_00347,gob_tbl_00267,dash_tbl_04020,dlk_tbl_03187,gob_tbl_04215,gob_tbl_01461;10;gob_tbl_00004,gob_tbl_00739,dash_tbl_00262,gob_tbl_03718,proc_tbl_02627,proc_tbl_02724,dash_ext_00366,gob_ext_00353,dlk_ext_00456,gob_ext_00668
dlk_proceso_0002;5;gob_tbl_03165,dlk_tbl_04279,gob_tbl_01746,gob_tbl_02247,m4vw_tbl_02691;12;proc_tbl_02220,dlk_tbl_02572,dlk_tbl_03727,dlk_tbl_01360,dlk_tbl_03248,gob_tbl_03649,gob_tbl_02843,gob_ext_00517,gob_ext_00325,gob_ext_00233,gob_ext_00592,proc_ext_00379
proc_proceso_0003;5;gob_tbl_02273,gob_tbl_01125,m4sco_tbl_00280,gob_tbl_03015,dlk_tbl_02520;11;proc_tbl_04060,dlk_tbl_02554,dlk_tbl_01566,gob_tbl_01968,gob_tbl_03762,gob_tbl_02322,dash_ext_00302,m4sco_ext_00305,gob_ext_00303,proc_ext_00559,gob_ext_00293
proc_proceso_0004;7;dash_tbl_02095,std_tbl_03287,gob_tbl_02685,dlk_tbl_02293,gob_tbl_03064,m4vw_tbl_02971,gob_tbl_03095;9;gob_tbl_02108,gob_tbl_02872,dlk_tbl_01941,dlk_tbl_01685,gob_tbl_02634,m4vw_ext_00137,dlk_ext_00023,dlk_ext_00024,proc_ext_00064
gob_proceso_0005;5;dlk_tbl_01055,gob_tbl_02059,proc_tbl_02337,dlk_tbl_00306,dlk_tbl_04421;8;dlk_tbl_01472,dlk_tbl_00681,std_tbl_04107,gob_tbl_03490,gob_tbl_01964,dlk_ext_00478,std_ext_00424,dlk_ext_00666
dlk_proceso_0006;6;std_tbl_04196,dlk_tbl_02488,gob_tbl_02575,gob_tbl_00997,proc_tbl_00694,dlk_tbl_00730;6;gob_tbl_03193,dash_tbl_01284,dlk_tbl_01822,ppn_ext_00109,dlk_ext_00591,std_ext_00597
dlk_proceso_0007;4;dlk_tbl_02237,proc_tbl_04083,dlk_tbl_00411,proc_tbl_01784;10;dlk_tbl_03370,std_tbl_02348,proc_tbl_02546,dlk_tbl_00484,dlk_tbl_03141,dlk_tbl_03049,gob_ext_00486,proc_ext_00663,gob_ext_00131,proc_ext_00327
gob_proceso_0008;4;dash_tbl_01353,gob_tbl_00268,gob_tbl_04148,gob_tbl_04386;10;dlk_tbl_03822,dlk_tbl_02242,gob_tbl_00973,gob_tbl_02232,dlk_tbl_00078,proc_tbl_03041,dlk_ext_00291,gob_ext_00280,gob_ext_00502,gob_ext_00622
dlk_proceso_0009;3;dash_tbl_04190,proc_tbl_01948,dlk_tbl_02605;17;dlk_tbl_04030,gob_tbl_01441,m4sco_tbl_01174,dlk_tbl_03213,gob_tbl_03221,dlk_tbl_02427,gob_tbl_00129,dlk_tbl_01630,dash_tbl_01564,gob_tbl_04283,gob_ext_00718,dlk_ext_00554,proc_ext_00345,dlk_ext_00710,proc_ext_00582,dlk_ext_00349,gob_ext_00139
dlk_proceso_0010;4;proc_tbl_03378,gob_tbl_00243,dlk_tbl_02189,gob_tbl_02121;8;dlk_tbl_01129,gob_tbl_02693,gob_tbl_00830,gob_tbl_01770,proc_tbl_01152,dash_ext_00008,dlk_ext_00637,gob_ext_00129
gob_proceso_0011;3;dlk_tbl_02703,dlk_tbl_03554,gob_tbl_01482;9;dlk_tbl_01164,dash_tbl_02315,gob_tbl_01233,proc_tbl_01123,dlk_tbl_00447,dlk_ext_00197,dash_ext_00746,proc_ext_00648,m4sco_ext_00037
gob_proceso_0012;7;dlk_tbl_02440,gob_tbl_03078,proc_tbl_04124,dlk_tbl_02959,dash_tbl_04372,gob_tbl_01321,dlk_tbl_01446;9;dlk_tbl_04230,dlk_tbl_03887,proc_tbl_03973,proc_tbl_02792,proc_tbl_02519,gob_ext_00497,gob_ext_00223,proc_ext_00559,dlk_ext_00121
dlk_proceso_0013;5;gob_tbl_00648,m4sco_tbl_00465,gob_tbl_03112,dlk_tbl_03647,dlk_tbl_01137;13;gob_tbl_02491,std_tbl_00103,gob_tbl_03977,dlk_tbl_03215,gob_tbl_02516,proc_tbl_02051,dlk_tbl_04402,dlk_ext_00048,dlk_ext_00024,gob_ext_00188,gob_ext_00338,gob_ext_00539,dlk_ext_00720
proc_proceso_0014;4;m4sco_tbl_02161,proc_tbl_00042,gob_tbl_01591,gob_tbl_02529;13;gob_tbl_04159,dlk_tbl_02352,gob_tbl_00922,dash_tbl_04274,dash_tbl_01240,dash_tbl_01068,gob_tbl_03915,dash_ext_00746,dash_ext_00063,proc_ext_00707,dlk_ext_00252,dlk_ext_00022,gob_ext_00172
gob_proceso_0015;3;dash_tbl_02171,gob_tbl_01838,gob_tbl_02481;4;dlk_tbl_00507,dlk_tbl_02533,gob_ext_00165,proc_ext_00552
gob_proceso_0016;5;dlk_tbl_00515,gob_tbl_01035,dlk_tbl_00002,ppn_tbl_00113,gob_tbl_02032;15;m4sco_tbl_02803,dlk_tbl_03932,dlk_tbl_00380,proc_tbl_02496,proc_tbl_00597,dash_tbl_01171,gob_tbl_03171,dlk_tbl_00437,proc_tbl_00902,dlk_ext_00561,dash_ext_00020,dash_ext_00403,gob_ext_00119,gob_ext_00172,std_ext_00194
gob_proceso_0017;5;std_tbl_01872,proc_tbl_03456,gob_tbl_02049,gob_tbl_03276,dlk_tbl_03256;16;proc_tbl_00840,m4vw_tbl_03556,dash_tbl_02914,dlk_tbl_00996,proc_tbl_00407,dlk_tbl_02135,proc_tbl_02649,gob_tbl_04385,gob_tbl_04330,gob_ext_00461,dash_ext_00529,proc_ext_00415,proc_ext_00234,dlk_ext_00712,ppn_ext_00256,dlk_ext_00276
dlk_proceso_0018;3;gob_tbl_00537,dlk_tbl_04050,dash_tbl_03039;6;proc_tbl_00719,m4vw_tbl_01116,dlk_tbl_01211,dash_ext_00636,gob_ext_00669,proc_ext_00641
dlk_proceso_0019;6;dash_tbl_03173,proc_tbl_01414,proc_tbl_00960,dlk_tbl_04140,gob_tbl_03056,gob_tbl_02040;11;gob_tbl_03963,dlk_tbl_00890,dlk_tbl_03726,dlk_tbl_02172,gob_tbl_03247,proc_tbl_02091,dlk_ext_00278,ppn_ext_00163,gob_ext_00134,proc_ext_00555,gob_ext_00166
gob_proceso_0020;3;m4vw_tbl_01581,gob_tbl_02581,gob_tbl_01666;9;dlk_tbl_04087,gob_tbl_03670,dlk_tbl_03203,dlk_tbl_02294,m4vw_tbl_02263,dash_ext_00241,dlk_ext_00570,gob_ext_00512,proc_ext_00649
gob_proceso_0021;5;dash_tbl_04170,dlk_tbl_04400,dash_tbl_00463,dash_tbl_01499,dash_tbl_01292;8;proc_tbl_00298,dlk_tbl_01266,gob_tbl_03415,dlk_tbl_01162,dlk_tbl_00681,dlk_ext_00176,gob_ext_00338,dash_ext_00331
dlk_proceso_0022;2;dlk_tbl_03750,gob_tbl_03866;6;dlk_tbl_03120,m4vw_tbl_02707,dlk_tbl_01360,dlk_ext_00618,dash_ext_00636,dlk_ext_00121
gob_proceso_0023;4;proc_tbl_01732,proc_tbl_00295,dlk_tbl_02633,dlk_tbl_01578;7;proc_tbl_00976,dlk_tbl_02222,dlk_tbl_03176,gob_tbl_01911,dlk_ext_00665,gob_ext_00662,dash_ext_00285
dash_proceso_0024;3;dash_tbl_00790,gob_tbl_03104,dlk_tbl_03520;13;gob_tbl_02877,dlk_tbl_01725,dash_tbl_02071,dlk_tbl_01806,gob_tbl_03331,dlk_tbl_03727,dlk_tbl_00466,dash_ext_00078,gob_ext_00727,gob_ext_00167,dlk_ext_00347,gob_ext_00168,gob_ext_00533
dash_proceso_0025;8;dlk_tbl_00527,gob_tbl_01053,gob_tbl_04057,m4sco_tbl_01715,dlk_tbl_02235,dlk_tbl_01908,gob_tbl_03286,dash_tbl_01733;24;std_tbl_02477,m4vw_tbl_02057,gob_tbl_03942,proc_tbl_04425,dlk_tbl_00765,dash_tbl_02399,dlk_tbl_00020,dlk_tbl_03395,gob_tbl_04390,dash_tbl_02107,dash_tbl_02041,dlk_tbl_03356,dlk_tbl_03277,gob_tbl_00621,gob_ext_00686,dlk_ext_00169,proc_ext_00370,gob_ext_00010,dash_ext_00411,gob_ext_00525,gob_ext_00353,proc_ext_00535,dlk_ext_00561,dlk_ext_00074
dlk_proceso_0026;8;gob_tbl_03741,dlk_tbl_02286,gob_tbl_04179,dlk_tbl_00237,dlk_tbl_02826,gob_tbl_04313,ppn_tbl_01538,dlk_tbl_00924;5;dlk_tbl_04163,dash_tbl_02318,dlk_tbl_02396,dash_ext_00366,gob_ext_00735
proc_proceso_0027;5;dlk_tbl_02379,gob_tbl_00222,dash_tbl_01294,proc_tbl_02726,proc_tbl_02363;8;proc_tbl_02657,gob_tbl_02173,dlk_tbl_02421,gob_tbl_00869,gob_tbl_04245,gob_ext_00506,gob_ext_00189,gob_ext_00010
proc_proceso_0028;6;gob_tbl_03736,ppn_tbl_03044,dlk_tbl_00907,dlk_tbl_03932,dlk_tbl_01927,std_tbl_02360;15;dash_tbl_04274,gob_tbl_04371,gob_tbl_03145,dlk_tbl_03513,proc_tbl_00788,dash_tbl_00519,gob_tbl_01522,proc_tbl_03378,dash_tbl_01299,gob_ext_00272,dash_ext_00160,m4vw_ext_00655,dash_ext_00050,dash_ext_00017,proc_ext_00345
gob_proceso_0029;8;proc_tbl_02259,gob_tbl_00974,gob_tbl_02083,gob_tbl_00057,gob_tbl_02485,dlk_tbl_04346,proc_tbl_03506,gob_tbl_02207;23;proc_tbl_01955,gob_tbl_03310,gob_tbl_02126,dlk_tbl_02918,dlk_tbl_01786,gob_tbl_00738,proc_tbl_00610,gob_tbl_00454,dlk_tbl_01812,gob_tbl_03254,gob_tbl_00939,dlk_tbl_02785,dlk_tbl_00480,dlk_ext_00164,gob_ext_00228,proc_ext_00555,dlk_ext_00267,dlk_ext_00738,dash_ext_00302,gob_ext_00668,gob_ext_00532,dlk_ext_00251,gob_ext_00055
gob_proceso_0030;4;dlk_tbl_02120,gob_tbl_01333,dlk_tbl_00279,gob_tbl_01210;9;proc_tbl_01067,gob_tbl_03201,dlk_tbl_04312,gob_tbl_02012,proc_tbl_04174,proc_ext_00464,proc_ext_00379,dlk_ext_00031,dlk_ext_00530
gob_proceso_0031;8;proc_tbl_04425,gob_tbl_02763,gob_tbl_01112,proc_tbl_02366,proc_tbl_02690,gob_tbl_02257,gob_tbl_02386,proc_tbl_00254;19;dlk_tbl_03240,gob_tbl_04326,dlk_tbl_01501,gob_tbl_02420,gob_tbl_00228,gob_tbl_03107,dash_tbl_02041,gob_tbl_04388,gob_tbl_03574,dlk_tbl_01374,dash_tbl_01253,dlk_ext_00174,dlk_ext_00522,dlk_ext_00719,gob_ext_00392,gob_ext_00566,dlk_ext_00393,dlk_ext_00567,ppn_ext_00109
proc_proceso_0032;6;dlk_tbl_01552,gob_tbl_04064,gob_tbl_02725,gob_tbl_04222,gob_tbl_02579,gob_tbl_03944;15;dlk_tbl_02537,proc_tbl_01423,gob_tbl_00606,gob_tbl_00985,gob_tbl_00188,dlk_tbl_03715,dlk_tbl_00020,dlk_tbl_01352,dlk_tbl_02077,dash_ext_00270,gob_ext_00381,proc_ext_00064,gob_ext_00405,proc_ext_00061,gob_ext_00211
gob_proceso_0033;2;dlk_tbl_01550,gob_tbl_03775;15;gob_tbl_00513,proc_tbl_02343,gob_tbl_01473,gob_tbl_03065,dlk_tbl_00645,gob_tbl_00504,m4vw_tbl_02769,gob_tbl_01829,dlk_tbl_00466,proc_ext_00555,dlk_ext_00453,gob_ext_00341,proc_ext_00648,std_ext_00294,proc_ext_00631
dlk_proceso_0034;7;gob_tbl_04224,dlk_tbl_00959,proc_tbl_00664,dlk_tbl_01710,gob_tbl_00849,dlk_tbl_04039,dlk_tbl_00624;9;gob_tbl_03787,gob_tbl_00334,dlk_tbl_01590,gob_tbl_00233,gob_tbl_01087,gob_ext_00233,dash_ext_00671,dlk_ext_00362,proc_ext_00745
dlk_proceso_0035;5;dash_tbl_00250,dlk_tbl_01445,gob_tbl_03645,gob_tbl_01145,gob_tbl_00554;10;dlk_tbl_00595,gob_tbl_03170,proc_tbl_03088,dlk_tbl_03356,gob_tbl_01076,proc_tbl_04011,dlk_ext_00352,dlk_ext_00625,dlk_ext_00095,dlk_ext_00048
dlk_proceso_0036;3;dash_tbl_01253,dlk_tbl_01258,dash_tbl_04175;5;gob_tbl_02316,proc_tbl_03681,dlk_tbl_00436,dlk_ext_00440,proc_ext_00514
dash_proceso_0037;2;proc_tbl_03883,gob_tbl_00504;8;gob_tbl_02934,gob_tbl_00696,dlk_tbl_03630,dlk_tbl_01354,gob_tbl_03661,gob_ext_00154,gob_ext_00503,std_ext_00290
gob_proceso_0038;6;dlk_tbl_04003,gob_tbl_03640,gob_tbl_00737,dash_tbl_01038,gob_tbl_00746,gob_tbl_03344;13;dlk_tbl_04378,gob_tbl_00188,gob_tbl_00524,dlk_tbl_02586,dash_tbl_03825,gob_tbl_02745,gob_tbl_03864,gob_ext_00161,dlk_ext_00567,proc_ext_00724,m4vw_ext_00482,dlk_ext_00719,dlk_ext_00448
gob_proceso_0039;4;dlk_tbl_01510,gob_tbl_01322,dlk_tbl_01229,dlk_tbl_03701;9;dlk_tbl_00369,gob_tbl_01305,proc_tbl_02285,std_tbl_01449,dlk_tbl_00279,gob_ext_00216,gob_ext_00094,m4sco_ext_00305,dlk_ext_00352
dash_proceso_0040;6;gob_tbl_00803,gob_tbl_01847,gob_tbl_01487,gob_tbl_01726,gob_tbl_00214,std_tbl_02507;9;dlk_tbl_00202,dlk_tbl_00856,dash_tbl_00879,dlk_tbl_03035,dlk_tbl_00382,gob_ext_00341,gob_ext_00718,dlk_ext_00666,dlk_ext_00465
dlk_proceso_0041;4;gob_tbl_02381,dlk_tbl_00540,gob_tbl_01989,dlk_tbl_03818;6;gob_tbl_01968,dlk_tbl_01490,dlk_tbl_02476,dash_ext_00302,dlk_ext_00023,dash_ext_00017
proc_proceso_0042;7;dlk_tbl_00036,proc_tbl_04257,dlk_tbl_02541,dash_tbl_01507,proc_tbl_00692,dlk_tbl_02933,gob_tbl_02245;4;dlk_tbl_01238,dlk_tbl_01555,dlk_ext_00628,dlk_ext_00519
dlk_proceso_0043;2;dlk_tbl_03127,dash_tbl_04208;20;gob_tbl_00656,gob_tbl_00425,gob_tbl_00752,gob_tbl_01493,dlk_tbl_01238,gob_tbl_02033,ppn_tbl_04084,gob_tbl_04243,gob_tbl_02398,dash_tbl_01859,gob_tbl_00869,dlk_tbl_01004,gob_ext_00301,dash_ext_00299,dlk_ext_00287,gob_ext_00195,gob_ext_00688,proc_ext_00705,proc_ext_00724,proc_ext_00745
gob_proceso_0044;4;dlk_tbl_01006,gob_tbl_03430,dlk_tbl_00117,dlk_tbl_03222;17;gob_tbl_00822,dlk_tbl_04365,gob_tbl_04286,dlk_tbl_00848,gob_tbl_02134,gob_tbl_04283,dlk_tbl_02930,dash_tbl_02081,proc_tbl_01248,gob_tbl_03983,gob_ext_00083,dash_ext_00469,dlk_ext_00603,gob_ext_00539,dash_ext_00096,dlk_ext_00375,gob_ext_00280
dash_proceso_0045;4;dlk_tbl_01787,gob_tbl_01771,gob_tbl_00696,dlk_tbl_03504;12;dlk_tbl_01802,gob_tbl_02011,dlk_tbl_04335,gob_tbl_01332,gob_tbl_00687,m4vw_tbl_02691,dlk_tbl_02172,dash_ext_00008,gob_ext_00374,dlk_ext_00545,dlk_ext_00500,m4sco_ext_00653
dlk_proceso_0046;4;dlk_tbl_03919,dlk_tbl_02167,dlk_tbl_04233,gob_tbl_02610;4;dlk_tbl_02362,gob_tbl_01871,dlk_ext_00720,proc_ext_00535
dlk_proceso_0047;2;proc_tbl_00249,dlk_tbl_01154;9;proc_tbl_00186,dlk_tbl_01063,dlk_tbl_03725,m4sco_tbl_01484,dlk_tbl_04263,dlk_ext_00716,gob_ext_00214,dlk_ext_00251,dlk_ext_00121
gob_proceso_0048;3;gob_tbl_04014,m4sco_tbl_04414,dlk_tbl_02770;11;gob_tbl_02181,proc_tbl_00249,dlk_tbl_03582,dlk_tbl_02677,dlk_tbl_02555,m4sco_tbl_04241,proc_ext_00415,gob_ext_00385,dlk_ext_00730,proc_ext_00327,proc_ext_00427
gob_proceso_0049;6;gob_tbl_01703,m4vw_tbl_03556,std_tbl_01841,gob_tbl_01200,gob_tbl_03656,gob_tbl_00313;16;dlk_tbl_00329,dash_tbl_03246,gob_tbl_03817,gob_tbl_01201,gob_tbl_00873,dash_tbl_03074,dash_tbl_00274,m4sco_tbl_02803,dlk_tbl_02739,proc_ext_00505,dlk_ext_00545,gob_ext_00338,proc_ext_00559,proc_ext_00343,dlk_ext_00643,gob_ext_00480
proc_proceso_0050;4;dash_tbl_02612,dlk_tbl_00823,std_tbl_03592,dlk_tbl_04166;12;proc_tbl_02184,gob_tbl_04162,dash_tbl_01212,gob_tbl_02512,dlk_tbl_04285,gob_tbl_00606,gob_tbl_00554,std_ext_00726,dlk_ext_00545,proc_ext_00593,dash_ext_00285,dlk_ext_00531
proc_proceso_0051;5;gob_tbl_02462,dlk_tbl_03346,m4vw_tbl_03839,dash_tbl_01105,dlk_tbl_00718;14;dlk_tbl_02272,m4vw_tbl_03876,proc_tbl_00631,gob_tbl_00512,gob_tbl_02296,dlk_tbl_01360,proc_tbl_01123,dlk_tbl_03887,dlk_ext_00596,proc_ext_00396,gob_ext_00474,gob_ext_00231,gob_ext_00139,gob_ext_00263
proc_proceso_0052;5;dlk_tbl_01583,m4sco_tbl_02447,gob_tbl_00862,dash_tbl_01257,gob_tbl_03233;17;dlk_tbl_04163,dlk_tbl_04396,gob_tbl_01598,dlk_tbl_01375,proc_tbl_03163,gob_tbl_02872,dlk_tbl_01525,dlk_tbl_02226,gob_tbl_00417,gob_tbl_00606,dlk_ext_00312,proc_ext_00370,dlk_ext_00567,gob_ext_00188,dlk_ext_00126,dlk_ext_00612,proc_ext_00333
gob_proceso_0053;3;dlk_tbl_03057,dlk_tbl_04335,gob_tbl_02614;9;dash_tbl_02107,gob_tbl_03820,m4sco_tbl_02800,dash_tbl_02738,dlk_tbl_03219,proc_ext_00460,proc_ext_00582,proc_ext_00734,dlk_ext_00174
dlk_proceso_0054;2;gob_tbl_01233,std_tbl_00721;6;gob_tbl_02823,dlk_tbl_01385,proc_tbl_03924,gob_ext_00376,gob_ext_00616,dash_ext_00404
dlk_proceso_0055;4;proc_tbl_00245,gob_tbl_02258,gob_tbl_00656,proc_tbl_02653;7;gob_tbl_03047,proc_tbl_00673,dlk_tbl_02897,proc_tbl_03924,proc_ext_00731,dlk_ext_00545,proc_ext_00713
dlk_proceso_0056;4;proc_tbl_02370,proc_tbl_03973,dlk_tbl_02026,dlk_tbl_02222;13;gob_tbl_04313,dlk_tbl_04037,dlk_tbl_03382,dlk_tbl_04312,gob_tbl_00831,dlk_tbl_00645,dlk_tbl_03647,dlk_ext_00553,gob_ext_00402,proc_ext_00641,dash_ext_00241,gob_ext_00677,dash_ext_00419
dash_proceso_0057;5;dash_tbl_01554,gob_tbl_02255,dlk_tbl_03785,gob_tbl_02238,dlk_tbl_01653;15;m4sco_tbl_00642,gob_tbl_01704,gob_tbl_00835,proc_tbl_01329,gob_tbl_01323,dlk_tbl_02908,dash_tbl_00318,gob_tbl_01497,dlk_tbl_02930,std_ext_00194,std_ext_00726,gob_ext_00127,gob_ext_00056,gob_ext_00532,gob_ext_00718
proc_proceso_0058;4;proc_tbl_01193,dlk_tbl_00680,dlk_tbl_02414,dlk_tbl_03891;7;proc_tbl_03673,std_tbl_02076,gob_tbl_00667,gob_tbl_03857,proc_ext_00711,proc_ext_00684,gob_ext_00093
proc_proceso_0059;4;dash_tbl_01212,gob_tbl_01728,dlk_tbl_02145,dlk_tbl_03505;7;proc_tbl_00978,dlk_tbl_04133,dlk_tbl_02929,gob_tbl_03645,gob_ext_00329,proc_ext_00559,gob_ext_00015
dlk_proceso_0060;7;dash_tbl_00145,dash_tbl_00092,proc_tbl_03833,proc_tbl_01402,proc_tbl_01443,gob_tbl_02296,dlk_tbl_04015;9;gob_tbl_00581,gob_tbl_01746,dlk_tbl_01375,dlk_tbl_03805,gob_tbl_03438,proc_ext_00705,m4sco_ext_00037,dlk_ext_00522,proc_ext_00265
dlk_proceso_0061;4;proc_tbl_00799,proc_tbl_02902,dlk_tbl_03071,dash_tbl_02003;10;gob_tbl_01871,dlk_tbl_00001,dlk_tbl_02736,gob_tbl_04209,gob_tbl_03452,dlk_tbl_03665,gob_ext_00512,std_ext_00153,gob_ext_00551,gob_ext_00517
proc_proceso_0062;2;gob_tbl_00611,proc_tbl_02277;6;gob_tbl_03817,dlk_tbl_03511,proc_tbl_04047,gob_ext_00668,gob_ext_00443,gob_ext_00341
proc_proceso_0063;7;dlk_tbl_00239,gob_tbl_02405,proc_tbl_01582,gob_tbl_03819,dlk_tbl_02762,dlk_tbl_00604,gob_tbl_00722;15;dash_tbl_00221,gob_tbl_01652,dash_tbl_01469,gob_tbl_01542,gob_tbl_02954,gob_tbl_02316,gob_tbl_04289,dlk_tbl_04240,gob_tbl_04326,dlk_ext_00098,dlk_ext_00637,proc_ext_00705,proc_ext_00064,dlk_ext_00251,proc_ext_00460
dlk_proceso_0064;3;gob_tbl_00296,gob_tbl_01291,dlk_tbl_00217;17;gob_tbl_01542,proc_tbl_02740,dlk_tbl_00571,dash_tbl_02853,gob_tbl_00927,gob_tbl_03232,dlk_tbl_03545,gob_tbl_00024,dlk_tbl_01431,gob_tbl_01882,gob_ext_00328,m4vw_ext_00147,dlk_ext_00400,proc_ext_00483,dlk_ext_00710,gob_ext_00544,gob_ext_00168
dash_proceso_0065;4;gob_tbl_01736,proc_tbl_00356,dlk_tbl_00257,m4vw_tbl_02522;7;gob_tbl_00305,gob_tbl_01264,m4sco_tbl_00133,proc_tbl_01319,dlk_ext_00355,dash_ext_00722,dash_ext_00432
dlk_proceso_0066;4;dlk_tbl_03437,dlk_tbl_01595,gob_tbl_00875,gob_tbl_03977;7;dlk_tbl_02850,dash_tbl_02947,dash_tbl_04175,dash_tbl_03161,dlk_ext_00561,gob_ext_00381,gob_ext_00376
proc_proceso_0067;3;gob_tbl_02292,dlk_tbl_01941,proc_tbl_01152;11;dlk_tbl_02835,gob_tbl_03942,dash_tbl_01733,dlk_tbl_03057,dlk_tbl_04039,dash_tbl_04153,gob_ext_00172,dlk_ext_00644,dlk_ext_00450,gob_ext_00620,gob_ext_00590
gob_proceso_0068;5;m4sco_tbl_00475,dash_tbl_02050,proc_tbl_03764,dlk_tbl_03030,dlk_tbl_00408;16;proc_tbl_00744,dlk_tbl_03351,dlk_tbl_03085,dlk_tbl_00317,gob_tbl_03296,gob_tbl_02265,dlk_tbl_03234,gob_tbl_02823,gob_tbl_02100,m4sco_ext_00018,dlk_ext_00681,dlk_ext_00027,proc_ext_00009,dlk_ext_00493,gob_ext_00188,proc_ext_00704
dash_proceso_0069;5;dlk_tbl_01002,dlk_tbl_03224,gob_tbl_02210,gob_tbl_04112,dlk_tbl_01373;15;proc_tbl_02001,gob_tbl_02825,gob_tbl_03678,dlk_tbl_02663,dlk_tbl_00518,proc_tbl_03345,dlk_tbl_01589,dlk_tbl_04251,ppn_tbl_04084,dlk_ext_00600,gob_ext_00391,proc_ext_00406,gob_ext_00155,std_ext_00153,dlk_ext_00171
dash_proceso_0070;7;proc_tbl_03487,ppn_tbl_01338,proc_tbl_02606,proc_tbl_03261,gob_tbl_03472,dlk_tbl_00187,dlk_tbl_03339;4;gob_tbl_03517,dash_tbl_00893,dlk_ext_00740,dlk_ext_00553
gob_proceso_0071;5;std_tbl_01651,m4vw_tbl_03398,proc_tbl_00510,gob_tbl_02324,dlk_tbl_02759;10;gob_tbl_03020,gob_tbl_03260,dlk_tbl_02932,dlk_tbl_00674,proc_tbl_02944,proc_tbl_01609,dash_ext_00638,gob_ext_00057,m4sco_ext_00634,dlk_ext_00516
proc_proceso_0072;3;gob_tbl_03166,dlk_tbl_03868,proc_tbl_00070;8;dlk_tbl_02831,gob_tbl_03490,gob_tbl_03788,gob_tbl_00211,dlk_tbl_00602,dash_ext_00529,ppn_ext_00109,gob_ext_00043
proc_proceso_0073;4;gob_tbl_00334,dlk_tbl_03197,dash_tbl_02246,proc_tbl_00555;12;gob_tbl_01145,dlk_tbl_01073,dlk_tbl_02573,dash_tbl_01118,gob_tbl_00201,gob_tbl_02609,gob_tbl_01882,gob_ext_00443,proc_ext_00064,dlk_ext_00121,dlk_ext_00607,gob_ext_00353
proc_proceso_0074;5;gob_tbl_02659,gob_tbl_03169,proc_tbl_04117,dlk_tbl_00909,proc_tbl_03739;14;dlk_tbl_01971,gob_tbl_00233,gob_tbl_00838,dlk_tbl_03292,gob_tbl_03966,dlk_tbl_01072,dlk_tbl_00018,proc_tbl_00370,m4sco_ext_00653,proc_ext_00140,gob_ext_00662,proc_ext_00734,dlk_ext_00267,dlk_ext_00084
dlk_proceso_0075;9;gob_tbl_01678,gob_tbl_00393,dlk_tbl_00099,dlk_tbl_02387,dlk_tbl_03199,dlk_tbl_03749,m4vw_tbl_03547,dlk_tbl_02996,dlk_tbl_02931;14;gob_tbl_04021,gob_tbl_03399,gob_tbl_03667,proc_tbl_00356,dlk_tbl_01403,dash_tbl_00583,proc_tbl_04223,dash_tbl_02648,dlk_ext_00581,dash_ext_00005,dlk_ext_00085,dlk_ext_00447,dlk_ext_00714,dlk_ext_00643
dash_proceso_0076;3;gob_tbl_00455,dlk_tbl_00666,dlk_tbl_01750;14;proc_tbl_01638,gob_tbl_01233,dlk_tbl_02816,proc_tbl_03713,dlk_tbl_04230,dlk_tbl_04311,proc_tbl_00934,gob_tbl_04057,dlk_ext_00174,dlk_ext_00531,m4sco_ext_00634,proc_ext_00064,dlk_ext_00347,gob_ext_00503
dlk_proceso_0077;3;m4sco_tbl_01148,gob_tbl_04111,dlk_tbl_02974;4;proc_tbl_02627,gob_tbl_00939,gob_ext_00571,gob_ext_00119
dlk_proceso_0078;2;proc_tbl_00341,proc_tbl_03692;5;proc_tbl_03927,proc_tbl_01194,proc_tbl_01067,proc_ext_00670,dlk_ext_00703
dlk_proceso_0079;4;gob_tbl_00667,std_tbl_00395,gob_tbl_01279,gob_tbl_02316;14;dash_tbl_00219,dash_tbl_03332,std_tbl_01070,m4sco_tbl_02456,gob_tbl_02126,dlk_tbl_02099,dlk_tbl_02118,gob_tbl_01333,dlk_ext_00614,gob_ext_00131,dlk_ext_00567,dash_ext_00366,dash_ext_00394,std_ext_00679
gob_proceso_0080;2;dash_tbl_00362,gob_tbl_02917;9;proc_tbl_01711,dash_tbl_03933,gob_tbl_02323,gob_tbl_00981,gob_tbl_01964,gob_ext_00055,m4vw_ext_00560,dash_ext_00063,dlk_ext_00222
gob_proceso_0081;6;gob_tbl_00430,gob_tbl_02988,dlk_tbl_00566,gob_tbl_03616,dlk_tbl_03727,dlk_tbl_02233;6;gob_tbl_01504,proc_tbl_01639,proc_tbl_03890,dlk_ext_00298,gob_ext_00083,proc_ext_00684
proc_proceso_0082;4;gob_tbl_03238,dlk_tbl_02844,dlk_tbl_00084,proc_tbl_03483;5;std_tbl_04363,std_tbl_02477,gob_tbl_01184,proc_ext_00713,dlk_ext_00257
gob_proceso_0083;6;dlk_tbl_03356,proc_tbl_04246,dlk_tbl_01009,gob_tbl_04231,dash_tbl_01862,proc_tbl_02511;9;dlk_tbl_00589,proc_tbl_04344,dash_tbl_03039,dlk_tbl_00394,gob_tbl_00883,proc_ext_00670,dlk_ext_00703,gob_ext_00210,dlk_ext_00142
gob_proceso_0084;6;proc_tbl_02945,gob_tbl_01649,proc_tbl_00277,gob_tbl_01731,dash_tbl_03803,proc_tbl_02686;10;dlk_tbl_02311,dlk_tbl_00863,dlk_tbl_03859,dlk_tbl_01688,proc_tbl_04397,std_tbl_02858,dlk_ext_00488,dlk_ext_00044,dlk_ext_00637,gob_ext_00735
dash_proceso_0085;2;m4vw_tbl_02754,proc_tbl_00984;12;gob_tbl_03651,proc_tbl_04268,dash_tbl_03143,proc_tbl_03576,dash_tbl_01369,gob_tbl_03813,dlk_tbl_02646,gob_ext_00688,dlk_ext_00600,gob_ext_00442,proc_ext_00464,proc_ext_00582
dlk_proceso_0086;5;m4vw_tbl_01850,dlk_tbl_04405,proc_tbl_04055,dlk_tbl_01383,dlk_tbl_04277;12;gob_tbl_02392,gob_tbl_00233,gob_tbl_01064,dlk_tbl_03495,std_tbl_03451,gob_tbl_01500,proc_tbl_02773,dlk_ext_00244,dlk_ext_00628,gob_ext_00216,dlk_ext_00085,dash_ext_00638
gob_proceso_0087;7;dlk_tbl_04025,dlk_tbl_04321,dlk_tbl_01074,dlk_tbl_01366,dlk_tbl_01833,gob_tbl_03521,dlk_tbl_00676;9;dlk_tbl_04090,ppn_tbl_04142,dlk_tbl_00266,proc_tbl_02902,dlk_tbl_03952,dlk_ext_00561,dlk_ext_00352,proc_ext_00745,proc_ext_00193
gob_proceso_0088;3;dlk_tbl_04293,dlk_tbl_02625,dash_tbl_00142;12;gob_tbl_01797,dash_tbl_01723,dlk_tbl_00980,dlk_tbl_00645,dlk_tbl_03981,gob_tbl_03963,dlk_tbl_01282,gob_ext_00131,gob_ext_00353,proc_ext_00535,std_ext_00694,gob_ext_00503
gob_proceso_0089;4;gob_tbl_00444,dlk_tbl_00180,gob_tbl_00154,gob_tbl_02359;7;gob_tbl_00304,m4sco_tbl_02942,dlk_tbl_02975,proc_tbl_02002,gob_ext_00341,dlk_ext_00317,dlk_ext_00685
proc_proceso_0090;4;gob_tbl_00402,dlk_tbl_02157,gob_tbl_04147,dlk_tbl_03771;11;gob_tbl_02958,dlk_tbl_03814,dash_tbl_00250,proc_tbl_01776,gob_tbl_02264,proc_tbl_04373,dlk_ext_00500,gob_ext_00166,gob_ext_00263,dlk_ext_00564,dlk_ext_00038
dash_proceso_0091;3;proc_tbl_03496,m4vw_tbl_01425,dlk_tbl_02396;13;gob_tbl_02000,dlk_tbl_04402,dlk_tbl_02897,gob_tbl_04138,dash_tbl_02650,proc_tbl_01702,dlk_tbl_02584,gob_ext_00154,dlk_ext_00596,gob_ext_00236,dlk_ext_00031,proc_ext_00140,dlk_ext_00628
gob_proceso_0092;8;dlk_tbl_02022,gob_tbl_04256,dlk_tbl_02906,dlk_tbl_04227,gob_tbl_00807,dlk_tbl_02734,proc_tbl_00788,proc_tbl_02030;19;dash_tbl_02081,gob_tbl_00270,dlk_tbl_02527,gob_tbl_01995,dash_tbl_03099,dlk_tbl_00492,dlk_tbl_03277,gob_tbl_02108,dlk_tbl_03340,dlk_tbl_03611,dlk_tbl_02679,dlk_ext_00024,m4sco_ext_00305,std_ext_00424,dlk_ext_00196,dlk_ext_00652,gob_ext_00214,dash_ext_00659,dash_ext_00299
dlk_proceso_0093;4;gob_tbl_03986,gob_tbl_02166,proc_tbl_03239,dlk_tbl_00445;7;dlk_tbl_01222,gob_tbl_00965,gob_tbl_03734,gob_tbl_02895,gob_ext_00676,dlk_ext_00197,gob_ext_00295
dlk_proceso_0094;5;gob_tbl_03906,gob_tbl_02367,m4vw_tbl_03876,dlk_tbl_00252,dlk_tbl_01357;17;dlk_tbl_03450,dlk_tbl_01057,m4vw_tbl_03547,gob_tbl_03763,m4vw_tbl_00653,m4sco_tbl_01174,gob_tbl_02708,dlk_tbl_00125,gob_tbl_00530,gob_tbl_02949,gob_ext_00542,gob_ext_00161,dash_ext_00659,gob_ext_00341,dash_ext_00160,proc_ext_00040,dlk_ext_00021
dlk_proceso_0095;4;dlk_tbl_03382,m4vw_tbl_03412,gob_tbl_01132,dlk_tbl_03351;7;dlk_tbl_03271,dlk_tbl_03455,dlk_tbl_01924,gob_tbl_02526,m4sco_ext_00037,dlk_ext_00300,dlk_ext_00553
gob_proceso_0096;3;dlk_tbl_00438,dlk_tbl_00143,dlk_tbl_00843;8;gob_tbl_03160,proc_tbl_04225,gob_tbl_00051,dash_tbl_00790,gob_tbl_03077,gob_ext_00480,proc_ext_00327,dash_ext_00636
gob_proceso_0097;4;dlk_tbl_00397,gob_tbl_02591,proc_tbl_04065,dash_tbl_00693;6;gob_tbl_00514,dlk_tbl_04314,proc_tbl_02849,gob_ext_00172,gob_ext_00129,dash_ext_00399
gob_proceso_0098;5;gob_tbl_01020,gob_tbl_03037,dlk_tbl_01111,gob_tbl_00709,gob_tbl_03915;10;gob_tbl_00974,gob_tbl_00687,gob_tbl_00964,dlk_tbl_04103,dlk_tbl_00592,gob_tbl_04159,dlk_ext_00079,gob_ext_00617,gob_ext_00055,dlk_ext_00095
gob_proceso_0099;4;gob_tbl_00620,gob_tbl_01887,dlk_tbl_02006,dlk_tbl_02438;14;m4vw_tbl_01225,dlk_tbl_00756,dash_tbl_02964,gob_tbl_01217,dlk_tbl_02233,dlk_tbl_02383,dlk_tbl_02505,gob_tbl_01687,proc_ext_00709,proc_ext_00559,gob_ext_00686,dash_ext_00722,dlk_ext_00164,dlk_ext_00612
gob_proceso_0100;5;dlk_tbl_03502,dlk_tbl_04281,gob_tbl_01245,gob_tbl_04380,dash_tbl_02704;15;dlk_tbl_01234,gob_tbl_01226,gob_tbl_00024,m4vw_tbl_03556,std_tbl_04196,dlk_tbl_00765,gob_tbl_00514,gob_tbl_02173,gob_tbl_00573,dash_ext_00411,m4sco_ext_00125,dlk_ext_00059,dlk_ext_00079,proc_ext_00061,ppn_ext_00496
dlk_proceso_0101;4;gob_tbl_03553,dlk_tbl_03974,dlk_tbl_01492,proc_tbl_03776;8;m4sco_tbl_04016,gob_tbl_03064,dash_tbl_00893,gob_tbl_03201,gob_tbl_03492,dash_ext_00096,proc_ext_00360,gob_ext_00579
dlk_proceso_0102;5;gob_tbl_00270,dlk_tbl_03211,dlk_tbl_02952,dlk_tbl_02900,proc_tbl_03901;13;gob_tbl_03896,dlk_tbl_03343,gob_tbl_00819,dlk_tbl_04118,dlk_tbl_03595,gob_tbl_01882,dlk_tbl_02365,dlk_ext_00196,gob_ext_00512,dlk_ext_00680,m4sco_ext_00018,gob_ext_00489,dlk_ext_00190
dlk_proceso_0103;3;gob_tbl_01384,gob_tbl_01917,dlk_tbl_01349;9;gob_tbl_00402,dash_tbl_02003,gob_tbl_02108,gob_tbl_01796,gob_tbl_00944,dlk_ext_00531,dlk_ext_00401,gob_ext_00159,std_ext_00153
dlk_proceso_0104;2;dlk_tbl_00317,gob_tbl_04096;12;gob_tbl_04399,proc_tbl_03125,gob_tbl_01358,gob_tbl_04101,std_tbl_02566,proc_tbl_01303,proc_tbl_03673,m4vw_ext_00655,dlk_ext_00584,dlk_ext_00349,dlk_ext_00495,dash_ext_00510
dlk_proceso_0105;3;proc_tbl_00473,dash_tbl_02122,proc_tbl_01186;15;gob_tbl_03517,gob_tbl_02174,dlk_tbl_01561,std_tbl_02426,proc_tbl_00368,gob_tbl_03201,gob_tbl_00528,gob_tbl_02064,m4vw_tbl_03998,gob_ext_00395,dlk_ext_00710,dlk_ext_00091,gob_ext_00668,std_ext_00153,gob_ext_00480
gob_proceso_0106;2;dlk_tbl_02007,dlk_tbl_02588;8;gob_tbl_00974,dlk_tbl_03333,gob_tbl_01427,gob_tbl_00355,proc_tbl_02902,proc_ext_00695,proc_ext_00649,std_ext_00549
dash_proceso_0107;7;gob_tbl_01327,gob_tbl_04138,gob_tbl_01011,dlk_tbl_02330,dlk_tbl_00823,dlk_tbl_00497,dash_tbl_03003;1;gob_tbl_00638
gob_proceso_0108;3;dlk_tbl_00645,dash_tbl_01196,gob_tbl_03652;12;dlk_tbl_02839,dlk_tbl_02205,proc_tbl_01609,std_tbl_00721,gob_tbl_03761,dlk_tbl_04220,dlk_tbl_02445,gob_ext_00324,dlk_ext_00457,dlk_ext_00298,gob_ext_00280,gob_ext_00166
dash_proceso_0109;2;gob_tbl_02593,dlk_tbl_00876;12;gob_tbl_04204,dash_tbl_02650,gob_tbl_03965,dlk_tbl_02886,dash_tbl_00879,proc_tbl_02289,dash_tbl_02964,gob_ext_00105,gob_ext_00479,dlk_ext_00453,proc_ext_00033,gob_ext_00475
gob_proceso_0110;4;dash_tbl_00925,dlk_tbl_02537,gob_tbl_03573,gob_tbl_04063;7;dlk_tbl_02248,dlk_tbl_04362,dlk_tbl_01157,dash_tbl_00545,gob_ext_00749,dash_ext_00675,proc_ext_00650
gob_proceso_0111;5;proc_tbl_03371,gob_tbl_01704,std_tbl_02558,dash_tbl_04054,gob_tbl_03642;17;gob_tbl_01021,proc_tbl_00370,gob_tbl_01344,proc_tbl_04246,gob_tbl_03851,dlk_tbl_00540,gob_tbl_03796,dash_tbl_03394,m4sco_tbl_01148,proc_tbl_04221,gob_ext_00718,std_ext_00694,gob_ext_00093,proc_ext_00705,std_ext_00679,gob_ext_00134,dlk_ext_00658
dlk_proceso_0112;2;dlk_tbl_00856,proc_tbl_02339;10;dlk_tbl_01163,dlk_tbl_00202,gob_tbl_02745,proc_tbl_00976,m4sco_tbl_01593,gob_tbl_03404,dlk_ext_00569,std_ext_00726,gob_ext_00161,proc_ext_00009
proc_proceso_0113;5;dlk_tbl_00828,gob_tbl_03306,dlk_tbl_02873,proc_tbl_01102,gob_tbl_02113;10;gob_tbl_04286,gob_tbl_00922,gob_tbl_00737,gob_tbl_01441,dash_tbl_01171,dlk_tbl_02799,gob_ext_00159,gob_ext_00471,dash_ext_00467,dlk_ext_00038
dash_proceso_0114;6;gob_tbl_01615,proc_tbl_00818,dlk_tbl_03631,gob_tbl_00478,dlk_tbl_00771,gob_tbl_03162;11;gob_tbl_00544,gob_tbl_03047,gob_tbl_02234,proc_tbl_03928,dlk_tbl_02170,proc_tbl_00179,dash_ext_00467,gob_ext_00708,proc_ext_00092,dlk_ext_00110,dlk_ext_00116
proc_proceso_0115;2;dash_tbl_02081,dlk_tbl_02279;15;dash_tbl_03140,dlk_tbl_00945,gob_tbl_03488,proc_tbl_00597,proc_tbl_00816,dlk_tbl_03194,dlk_tbl_01528,proc_tbl_01347,proc_tbl_01603,dlk_ext_00603,gob_ext_00422,gob_ext_00662,dlk_ext_00519,gob_ext_00203,std_ext_00128
gob_proceso_0116;3;proc_tbl_01451,gob_tbl_00714,dash_tbl_02429;6;dlk_tbl_03887,dlk_tbl_02638,gob_tbl_00688,proc_ext_00697,gob_ext_00167,gob_ext_00228
dlk_proceso_0117;5;gob_tbl_01662,gob_tbl_02528,dlk_tbl_02055,proc_tbl_03709,dlk_tbl_03343;7;dlk_tbl_03887,dlk_tbl_02695,gob_tbl_00201,ppn_tbl_02065,proc_ext_00559,dlk_ext_00222,gob_ext_00057
gob_proceso_0118;4;dash_tbl_01667,dash_tbl_02413,gob_tbl_02716,gob_tbl_02089;10;gob_tbl_00591,gob_tbl_00830,gob_tbl_00652,proc_tbl_02960,dlk_tbl_00229,dlk_tbl_04308,std_ext_00424,dlk_ext_00291,gob_ext_00055,dlk_ext_00519
dash_proceso_0119;4;proc_tbl_02355,dlk_tbl_02555,dlk_tbl_02729,dlk_tbl_04085;10;dlk_tbl_01079,gob_tbl_02530,m4sco_tbl_04113,gob_tbl_02647,gob_tbl_02491,dlk_tbl_01820,proc_ext_00379,gob_ext_00151,dlk_ext_00681,dlk_ext_00347
dlk_proceso_0120;2;dlk_tbl_03953,dlk_tbl_00841;9;gob_tbl_00464,dlk_tbl_01360,dlk_tbl_03228,gob_tbl_04283,dlk_tbl_01490,gob_ext_00662,proc_ext_00745,std_ext_00194,dlk_ext_00174
dlk_proceso_0121;2;dlk_tbl_01406,proc_tbl_04242;8;gob_tbl_03121,gob_tbl_00873,gob_tbl_03081,m4sco_tbl_04016,gob_tbl_01758,proc_ext_00745,dlk_ext_00595,gob_ext_00443
dlk_proceso_0122;7;dlk_tbl_03214,dlk_tbl_03846,gob_tbl_01813,proc_tbl_04195,gob_tbl_04109,dlk_tbl_01387,proc_tbl_03530;6;gob_tbl_03607,gob_tbl_02487,gob_tbl_03280,gob_ext_00573,gob_ext_00089,std_ext_00424
dlk_proceso_0123;4;dlk_tbl_00579,gob_tbl_01424,gob_tbl_02388,gob_tbl_03817;11;gob_tbl_03300,gob_tbl_03597,gob_tbl_01170,dlk_tbl_03520,dlk_tbl_00286,dash_tbl_01212,gob_ext_00423,dlk_ext_00110,dash_ext_00285,dash_ext_00186,gob_ext_00732
gob_proceso_0124;4;gob_tbl_03369,dlk_tbl_01490,m4sco_tbl_01753,ppn_tbl_00640;4;ppn_tbl_04084,dlk_tbl_03185,gob_ext_00261,std_ext_00597
proc_proceso_0125;2;proc_tbl_03227,dlk_tbl_02904;15;dlk_tbl_01315,dash_tbl_01984,m4sco_tbl_01753,proc_tbl_03303,dash_tbl_01840,gob_tbl_03493,dash_tbl_02278,gob_tbl_00360,dlk_tbl_03697,m4vw_ext_00664,dash_ext_00636,dlk_ext_00355,m4vw_ext_00014,proc_ext_00711,gob_ext_00139
dash_proceso_0126;6;dlk_tbl_01694,proc_tbl_01612,proc_tbl_02412,dlk_tbl_03725,gob_tbl_02402,gob_tbl_00314;9;dlk_tbl_01679,dash_tbl_02318,dlk_tbl_02067,gob_tbl_03467,std_tbl_03251,gob_ext_00533,dlk_ext_00085,dlk_ext_00069,proc_ext_00224
dlk_proceso_0127;2;dlk_tbl_02133,gob_tbl_00452;12;proc_tbl_00597,dlk_tbl_00945,gob_tbl_00213,gob_tbl_03300,gob_tbl_00530,dlk_tbl_00851,dash_tbl_03489,gob_ext_00512,gob_ext_00226,ppn_ext_00256,dash_ext_00432,gob_ext_00245
proc_proceso_0128;4;proc_tbl_02228,std_tbl_01514,dlk_tbl_00940,gob_tbl_03389;9;gob_tbl_02273,proc_tbl_00984,dlk_tbl_01729,proc_tbl_02830,gob_tbl_02949,gob_ext_00361,std_ext_00194,gob_ext_00442,proc_ext_00648
gob_proceso_0129;3;dlk_tbl_02027,m4sco_tbl_00043,gob_tbl_02825;13;dash_tbl_01257,gob_tbl_02481,dlk_tbl_03443,dlk_tbl_03327,dlk_tbl_02475,ppn_tbl_00853,proc_tbl_03776,proc_ext_00265,dlk_ext_00149,gob_ext_00353,proc_ext_00705,std_ext_00726,proc_ext_00684
dash_proceso_0130;3;dlk_tbl_00202,dlk_tbl_03191,gob_tbl_01504;17;dlk_tbl_03017,gob_tbl_02232,dlk_tbl_01177,gob_tbl_03902,gob_tbl_03819,dlk_tbl_01584,gob_tbl_00452,dash_tbl_03636,dash_tbl_00262,gob_tbl_02292,dlk_ext_00556,gob_ext_00431,proc_ext_00370,dash_ext_00299,dash_ext_00066,proc_ext_00238,dlk_ext_00680
proc_proceso_0131;4;dlk_tbl_02786,gob_tbl_04217,gob_tbl_01838,dlk_tbl_04123;12;dlk_tbl_04347,gob_tbl_00845,gob_tbl_00034,dash_tbl_00276,dlk_tbl_00074,gob_tbl_02165,dlk_tbl_01688,gob_ext_00245,dlk_ext_00400,ppn_ext_00717,gob_ext_00165,proc_ext_00588
dlk_proceso_0132;2;dlk_tbl_00525,dlk_tbl_03691;12;gob_tbl_02137,gob_tbl_03674,dlk_tbl_00566,proc_tbl_02091,dlk_tbl_00699,gob_tbl_02614,gob_tbl_00524,gob_ext_00662,ppn_ext_00717,dash_ext_00469,dlk_ext_00352,dlk_ext_00632
gob_proceso_0133;5;dlk_tbl_02833,gob_tbl_00892,proc_tbl_02058,dlk_tbl_03662,dlk_tbl_03333;8;gob_tbl_03095,gob_tbl_04155,dlk_tbl_02835,dlk_tbl_02736,proc_tbl_04331,gob_ext_00708,dlk_ext_00561,gob_ext_00232
dlk_proceso_0134;3;proc_tbl_01545,dlk_tbl_01033,proc_tbl_00136;11;proc_tbl_03163,proc_tbl_04298,gob_tbl_00667,gob_tbl_00644,dlk_tbl_02904,gob_tbl_02888,gob_ext_00046,dlk_ext_00543,std_ext_00153,dlk_ext_00742,proc_ext_00433
dlk_proceso_0135;8;dlk_tbl_00065,dlk_tbl_00359,gob_tbl_03283,proc_tbl_02999,dlk_tbl_04341,gob_tbl_01000,gob_tbl_00814,dash_tbl_03067;10;gob_tbl_03221,gob_tbl_03238,proc_tbl_04379,gob_tbl_01848,dlk_tbl_02437,proc_tbl_03152,ppn_ext_00109,dlk_ext_00523,proc_ext_00711,gob_ext_00166
gob_proceso_0136;8;dlk_tbl_00316,gob_tbl_01828,gob_tbl_02845,std_tbl_02667,m4vw_tbl_01155,gob_tbl_04211,dash_tbl_01127,dlk_tbl_03735;9;gob_tbl_00919,gob_tbl_00834,dlk_tbl_04050,gob_tbl_02857,dash_tbl_01602,gob_ext_00410,dlk_ext_00637,dlk_ext_00308,proc_ext_00415
gob_proceso_0137;3;gob_tbl_03145,dlk_tbl_02018,dlk_tbl_01972;11;dash_tbl_01541,gob_tbl_03734,dlk_tbl_01406,gob_tbl_03156,gob_tbl_01132,gob_tbl_00688,dlk_ext_00509,dlk_ext_00034,dlk_ext_00215,dlk_ext_00720,dlk_ext_00605
dlk_proceso_0138;3;gob_tbl_02484,proc_tbl_03466,gob_tbl_03171;15;dlk_tbl_00699,gob_tbl_03438,dlk_tbl_02525,dash_tbl_02327,proc_tbl_03239,proc_tbl_00148,gob_tbl_03280,gob_tbl_02834,gob_tbl_00973,proc_ext_00433,dlk_ext_00519,dlk_ext_00643,dlk_ext_00098,dash_ext_00659,gob_ext_00209
gob_proceso_0139;6;ppn_tbl_02065,proc_tbl_00409,dash_tbl_01400,dlk_tbl_02909,dlk_tbl_00651,proc_tbl_03757;4;gob_tbl_02340,dlk_tbl_02205,gob_ext_00263,gob_ext_00494
dlk_proceso_0140;6;gob_tbl_00622,proc_tbl_02657,proc_tbl_03673,dlk_tbl_00670,gob_tbl_02571,proc_tbl_01870;15;m4sco_tbl_01753,gob_tbl_00573,gob_tbl_01450,proc_tbl_00342,gob_tbl_02671,gob_tbl_01316,gob_tbl_01020,dlk_tbl_01590,m4vw_tbl_00049,dash_ext_00520,gob_ext_00566,dash_ext_00699,gob_ext_00159,gob_ext_00007,gob_ext_00708
dash_proceso_0141;2;proc_tbl_01511,gob_tbl_04388;15;proc_tbl_00585,gob_tbl_04064,std_tbl_00371,dash_tbl_03294,m4vw_tbl_02971,m4vw_tbl_03556,dlk_tbl_02438,gob_tbl_00253,dlk_tbl_01528,dash_ext_00659,proc_ext_00202,proc_ext_00641,gob_ext_00378,proc_ext_00649,gob_ext_00544
proc_proceso_0142;5;dlk_tbl_00851,dlk_tbl_01139,dlk_tbl_00283,gob_tbl_01682,std_tbl_03148;5;gob_tbl_00746,gob_tbl_00845,gob_tbl_00554,m4vw_ext_00072,dlk_ext_00164
gob_proceso_0143;3;gob_tbl_02843,proc_tbl_01875,dlk_tbl_01719;14;std_tbl_02335,dash_tbl_02015,m4sco_tbl_04076,gob_tbl_01322,std_tbl_03714,dlk_tbl_00216,dlk_tbl_03961,proc_tbl_00647,gob_ext_00727,dlk_ext_00019,dlk_ext_00212,dlk_ext_00744,gob_ext_00735,dash_ext_00285
dlk_proceso_0144;5;dash_tbl_01283,dash_tbl_02717,dlk_tbl_01026,dlk_tbl_01454,gob_tbl_02512;7;dlk_tbl_00792,dlk_tbl_03329,dlk_tbl_04118,gob_tbl_04088,gob_ext_00369,gob_ext_00216,gob_ext_00617
dlk_proceso_0145;5;dlk_tbl_00181,proc_tbl_01868,gob_tbl_00763,gob_tbl_03698,dash_tbl_00373;14;dash_tbl_02107,gob_tbl_01934,std_tbl_02558,gob_tbl_00811,gob_tbl_03022,dlk_tbl_04044,dash_tbl_01041,dlk_tbl_02663,proc_ext_00075,gob_ext_00043,dash_ext_00334,gob_ext_00696,proc_ext_00514,proc_ext_00064
proc_proceso_0146;3;dlk_tbl_04102,gob_tbl_02544,dlk_tbl_00993;14;proc_tbl_03245,dlk_tbl_00756,dlk_tbl_03052,gob_tbl_01003,dash_tbl_04161,dlk_tbl_02200,proc_tbl_02674,dlk_tbl_03821,gob_ext_00737,dlk_ext_00720,gob_ext_00378,std_ext_00237,ppn_ext_00109,dlk_ext_00553
proc_proceso_0147;8;dlk_tbl_00380,dlk_tbl_01091,gob_tbl_00234,dlk_tbl_04194,ppn_tbl_02780,proc_tbl_00561,gob_tbl_00764,gob_tbl_00434;19;proc_tbl_03475,gob_tbl_01086,gob_tbl_01687,dlk_tbl_04277,dlk_tbl_03680,gob_tbl_03900,gob_tbl_02480,m4vw_tbl_03939,proc_tbl_02761,dlk_tbl_02781,proc_tbl_03921,dlk_ext_00607,gob_ext_00249,dlk_ext_00354,dash_ext_00339,proc_ext_00704,dash_ext_00403,gob_ext_00662,std_ext_00726
proc_proceso_0148;6;dlk_tbl_03407,proc_tbl_01066,dlk_tbl_04145,dash_tbl_03055,gob_tbl_01277,dash_tbl_01122;13;dlk_tbl_01447,dlk_tbl_00587,dash_tbl_03311,proc_tbl_03755,dlk_tbl_01551,gob_tbl_03912,gob_tbl_00543,gob_ext_00532,dlk_ext_00348,gob_ext_00422,gob_ext_00231,m4sco_ext_00125,gob_ext_00431
dlk_proceso_0149;3;std_tbl_01096,dash_tbl_04181,dlk_tbl_01057;14;dlk_tbl_02212,dlk_tbl_01397,dlk_tbl_04396,gob_tbl_01032,gob_tbl_02842,proc_tbl_03202,proc_tbl_03555,dlk_tbl_00484,gob_ext_00662,gob_ext_00166,proc_ext_00064,dlk_ext_00142,dlk_ext_00643,dash_ext_00310
dlk_proceso_0150;3;gob_tbl_02491,gob_tbl_03024,proc_tbl_02091;9;dash_tbl_03559,dlk_tbl_02118,gob_tbl_02821,m4sco_tbl_03091,gob_tbl_04035,gob_ext_00662,gob_ext_00517,dash_ext_00671,dash_ext_00529
gob_proceso_0151;6;gob_tbl_03813,gob_tbl_03454,dlk_tbl_03784,proc_tbl_00485,dash_tbl_00893,gob_tbl_03195;9;dlk_tbl_02284,dlk_tbl_03624,gob_tbl_03064,gob_tbl_04411,m4sco_tbl_02803,proc_ext_00663,gob_ext_00599,ppn_ext_00256,gob_ext_00383
gob_proceso_0152;6;gob_tbl_03029,dlk_tbl_02856,dlk_tbl_02595,proc_tbl_03874,dlk_tbl_02495,gob_tbl_04264;11;proc_tbl_02357,dlk_tbl_03340,dlk_tbl_00588,proc_tbl_02430,dash_tbl_01240,gob_tbl_00548,gob_ext_00566,std_ext_00726,dlk_ext_00169,dlk_ext_00086,proc_ext_00335
gob_proceso_0153;3;gob_tbl_01061,ppn_tbl_00866,dlk_tbl_02682;11;dash_tbl_01038,dlk_tbl_02918,gob_tbl_00964,proc_tbl_03759,dlk_tbl_00055,gob_tbl_00916,dlk_ext_00472,m4sco_ext_00634,dash_ext_00302,dlk_ext_00643,dlk_ext_00174
gob_proceso_0154;4;dash_tbl_02351,dash_tbl_03636,dlk_tbl_00423,dash_tbl_00416;10;gob_tbl_03305,gob_tbl_04254,dlk_tbl_04037,std_tbl_03379,gob_tbl_01860,dlk_tbl_01990,gob_ext_00590,proc_ext_00684,gob_ext_00356,gob_ext_00255
dlk_proceso_0155;3;dlk_tbl_03213,dash_tbl_00583,gob_tbl_00304;14;gob_tbl_02082,gob_tbl_02173,m4vw_tbl_04349,gob_tbl_03916,dlk_tbl_02658,gob_tbl_01770,dlk_tbl_03701,dlk_tbl_01957,proc_ext_00433,m4sco_ext_00305,gob_ext_00181,gob_ext_00172,dlk_ext_00142,proc_ext_00064
proc_proceso_0156;6;gob_tbl_00969,dlk_tbl_03491,dlk_tbl_02829,dlk_tbl_04062,gob_tbl_02607,m4vw_tbl_04384;9;dlk_tbl_03735,dlk_tbl_03855,proc_tbl_04407,dlk_tbl_03355,gob_tbl_03254,gob_ext_00268,gob_ext_00544,dash_ext_00529,dash_ext_00339
gob_proceso_0157;8;gob_tbl_03525,proc_tbl_01295,gob_tbl_03945,proc_tbl_00292,gob_tbl_03089,dlk_tbl_03017,proc_tbl_00165,gob_tbl_03912;14;gob_tbl_02867,m4vw_tbl_03985,m4vw_tbl_02263,gob_tbl_00951,dlk_tbl_01063,gob_tbl_00696,dlk_tbl_02182,dlk_tbl_00045,proc_ext_00695,gob_ext_00045,m4sco_ext_00305,gob_ext_00609,gob_ext_00672,dlk_ext_00519
dash_proceso_0158;8;gob_tbl_03158,dlk_tbl_03978,gob_tbl_02021,gob_tbl_02042,gob_tbl_02710,gob_tbl_02406,proc_tbl_02944,dlk_tbl_00259;9;dlk_tbl_04099,gob_tbl_03851,m4sco_tbl_03400,dash_tbl_00011,dlk_tbl_01583,gob_ext_00539,gob_ext_00123,dlk_ext_00465,dlk_ext_00625
dlk_proceso_0159;2;gob_tbl_03925,proc_tbl_01577;7;gob_tbl_03121,gob_tbl_03288,gob_tbl_02196,proc_tbl_04024,dash_ext_00394,proc_ext_00705,proc_ext_00514
dlk_proceso_0160;2;gob_tbl_01720,dlk_tbl_02765;7;dlk_tbl_00912,dlk_tbl_00196,proc_tbl_01607,gob_tbl_02093,dlk_ext_00687,proc_ext_00033,dlk_ext_00465
gob_proceso_0161;4;dlk_tbl_00707,std_tbl_02788,dlk_tbl_02294,dlk_tbl_00290;7;dash_tbl_00545,gob_tbl_03544,gob_tbl_00428,dlk_tbl_03628,proc_ext_00415,dash_ext_00722,dlk_ext_00363
dlk_proceso_0162;2;dlk_tbl_01802,proc_tbl_02001;7;gob_tbl_00763,dlk_tbl_02572,dlk_tbl_03447,dlk_tbl_00381,dlk_ext_00091,gob_ext_00390,dlk_ext_00618
dlk_proceso_0163;5;dash_tbl_04149,dlk_tbl_00938,dlk_tbl_01115,std_tbl_04034,dlk_tbl_04005;14;dlk_tbl_02233,dash_tbl_00302,dlk_tbl_04351,proc_tbl_00031,gob_tbl_03326,gob_tbl_03586,m4vw_tbl_03675,dlk_tbl_03846,dlk_ext_00660,dlk_ext_00613,dlk_ext_00401,dash_ext_00302,proc_ext_00725,gob_ext_00592
proc_proceso_0164;8;dlk_tbl_03708,gob_tbl_04199,gob_tbl_03274,m4vw_tbl_02057,dash_tbl_03411,dlk_tbl_01961,dash_tbl_02071,proc_tbl_01639;23;gob_tbl_01401,dlk_tbl_04185,gob_tbl_03257,dlk_tbl_00397,m4sco_tbl_00663,dash_tbl_01541,gob_tbl_04040,dlk_tbl_04213,dlk_tbl_02620,dash_tbl_02947,m4vw_tbl_04239,gob_tbl_03608,gob_tbl_03956,std_ext_00153,dlk_ext_00215,dlk_ext_00027,gob_ext_00178,gob_ext_00043,dlk_ext_00352,proc_ext_00416,gob_ext_00696,dash_ext_00698,dlk_ext_00291
gob_proceso_0165;4;gob_tbl_01829,dlk_tbl_03291,dash_tbl_02681,gob_tbl_02766;10;proc_tbl_00976,dlk_tbl_03981,dash_tbl_01940,dash_tbl_00565,dlk_tbl_03061,dlk_tbl_01458,proc_ext_00588,dlk_ext_00169,dash_ext_00746,dlk_ext_00564
dlk_proceso_0166;2;dlk_tbl_04271,proc_tbl_00038;8;dlk_tbl_01589,dlk_tbl_03754,proc_tbl_00578,gob_tbl_00922,std_tbl_04146,gob_ext_00577,dlk_ext_00111,gob_ext_00475
gob_proceso_0167;6;proc_tbl_02792,dlk_tbl_03253,proc_tbl_04370,gob_tbl_02578,gob_tbl_03603,gob_tbl_01598;11;gob_tbl_01003,gob_tbl_02273,dlk_tbl_02908,dlk_tbl_02525,gob_tbl_00901,gob_tbl_03832,gob_ext_00295,gob_ext_00662,proc_ext_00684,dlk_ext_00554,gob_ext_00010
gob_proceso_0168;6;gob_tbl_00626,ppn_tbl_03264,dlk_tbl_04185,proc_tbl_01673,gob_tbl_03083,dlk_tbl_00750;10;dash_tbl_02648,gob_tbl_00590,dlk_tbl_03017,gob_tbl_00746,std_tbl_03148,dlk_tbl_02354,dlk_ext_00628,gob_ext_00735,proc_ext_00711,dlk_ext_00511
dlk_proceso_0169;6;dlk_tbl_01561,dash_tbl_02072,dlk_tbl_00089,gob_tbl_02905,gob_tbl_03331,ppn_tbl_04142;10;gob_tbl_02575,gob_tbl_03574,dlk_tbl_00691,proc_tbl_03713,gob_tbl_03733,dlk_tbl_00446,dlk_ext_00190,dlk_ext_00355,proc_ext_00464,m4sco_ext_00653
dlk_proceso_0170;4;dash_tbl_01604,dlk_tbl_00868,dlk_tbl_00679,gob_tbl_00453;4;dash_tbl_02478,dlk_tbl_00899,gob_ext_00055,proc_ext_00427
dlk_proceso_0171;6;gob_tbl_00621,gob_tbl_01226,gob_tbl_01464,gob_tbl_01046,dlk_tbl_03096,proc_tbl_03626;10;gob_tbl_04063,dlk_tbl_01360,proc_tbl_02761,dash_tbl_00221,proc_tbl_00630,std_tbl_00371,gob_ext_00210,ppn_ext_00256,gob_ext_00000,gob_ext_00662
dlk_proceso_0172;2;dlk_tbl_03990,proc_tbl_00069;5;dlk_tbl_03006,dlk_tbl_02580,dlk_tbl_01488,gob_ext_00233,gob_ext_00429
proc_proceso_0173;6;proc_tbl_01173,dlk_tbl_00208,dlk_tbl_03548,gob_tbl_04198,dlk_tbl_02819,proc_tbl_00509;9;gob_tbl_02614,dlk_tbl_03106,dlk_tbl_00447,gob_tbl_00458,gob_tbl_03038,dlk_ext_00723,gob_ext_00356,dlk_ext_00600,dlk_ext_00034
proc_proceso_0174;4;dash_tbl_03082,dlk_tbl_01967,proc_tbl_03659,gob_tbl_01796;7;gob_tbl_01907,dlk_tbl_03595,gob_tbl_04302,dlk_tbl_00216,dash_ext_00699,proc_ext_00061,gob_ext_00571
proc_proceso_0175;5;gob_tbl_01346,dlk_tbl_01576,dlk_tbl_02646,proc_tbl_04375,gob_tbl_04080;12;dlk_tbl_01957,gob_tbl_00923,gob_tbl_03667,proc_tbl_00042,dlk_tbl_04108,proc_tbl_01923,gob_tbl_02992,dlk_ext_00596,dlk_ext_00111,dlk_ext_00748,gob_ext_00381,dlk_ext_00685
proc_proceso_0176;3;gob_tbl_03160,proc_tbl_03087,dlk_tbl_02598;15;gob_tbl_03670,dlk_tbl_00918,gob_tbl_02392,proc_tbl_04024,dlk_tbl_03523,proc_tbl_02091,proc_tbl_01873,proc_tbl_00809,dlk_tbl_04322,dlk_ext_00612,gob_ext_00431,gob_ext_00131,dlk_ext_00313,dlk_ext_00493,gob_ext_00216
gob_proceso_0177;3;dash_tbl_04075,dlk_tbl_00167,dlk_tbl_00598;14;std_tbl_04034,dash_tbl_02046,gob_tbl_02485,gob_tbl_02346,gob_tbl_02469,gob_tbl_03734,m4sco_tbl_00740,gob_tbl_02560,gob_ext_00161,proc_ext_00695,gob_ext_00749,proc_ext_00555,gob_ext_00165,proc_ext_00514
gob_proceso_0178;6;dlk_tbl_01763,gob_tbl_00530,dlk_tbl_02936,gob_tbl_01600,std_tbl_02874,gob_tbl_03310;13;dash_tbl_04054,gob_tbl_03959,proc_tbl_02073,proc_tbl_02657,gob_tbl_02823,m4sco_tbl_02456,proc_tbl_04223,ppn_ext_00496,gob_ext_00010,dlk_ext_00196,dlk_ext_00485,proc_ext_00707,gob_ext_00156
dlk_proceso_0179;7;dash_tbl_00541,m4sco_tbl_03374,dlk_tbl_02439,gob_tbl_01801,gob_tbl_00702,proc_tbl_00584,dlk_tbl_02939;6;gob_tbl_00482,m4sco_tbl_04353,gob_tbl_01092,dlk_ext_00012,gob_ext_00617,gob_ext_00431
proc_proceso_0180;4;gob_tbl_03415,dlk_tbl_00387,dlk_tbl_02525,dash_tbl_03182;7;gob_tbl_00534,gob_tbl_01153,dlk_tbl_02501,gob_tbl_01828,proc_ext_00370,gob_ext_00272,dash_ext_00017
dlk_proceso_0181;6;dlk_tbl_04357,gob_tbl_02085,dlk_tbl_02862,gob_tbl_02791,gob_tbl_01518,proc_tbl_00553;9;dlk_tbl_04365,gob_tbl_03081,gob_tbl_00490,dlk_tbl_00930,proc_tbl_02948,dlk_ext_00652,dlk_ext_00611,gob_ext_00566,ppn_ext_00099
gob_proceso_0182;3;gob_tbl_00258,dlk_tbl_04187,gob_tbl_03065;12;gob_tbl_02282,std_tbl_00005,dlk_tbl_03370,proc_tbl_03352,dlk_tbl_03184,proc_tbl_00476,dlk_tbl_03495,std_ext_00470,proc_ext_00360,dash_ext_00050,gob_ext_00088,dlk_ext_00024
proc_proceso_0183;5;dlk_tbl_03178,dlk_tbl_01551,gob_tbl_01243,gob_tbl_01301,gob_tbl_03535;8;m4sco_tbl_02803,dlk_tbl_01802,dlk_tbl_01762,proc_tbl_01545,proc_tbl_01342,gob_ext_00057,proc_ext_00064,std_ext_00470
gob_proceso_0184;5;dlk_tbl_02472,dash_tbl_03428,gob_tbl_01808,dlk_tbl_03984,dlk_tbl_02629;17;dlk_tbl_04233,gob_tbl_01218,dlk_tbl_04263,proc_tbl_01752,dlk_tbl_01959,gob_tbl_03698,dlk_tbl_01812,dash_tbl_01432,dlk_tbl_01205,gob_tbl_01687,dash_ext_00411,gob_ext_00058,proc_ext_00152,dlk_ext_00254,dlk_ext_00710,gob_ext_00599,gob_ext_00622
proc_proceso_0185;3;dlk_tbl_00025,proc_tbl_03231,dlk_tbl_02672;9;gob_tbl_03648,dlk_tbl_01089,gob_tbl_01522,dlk_tbl_01713,dlk_tbl_03743,gob_ext_00378,gob_ext_00057,dash_ext_00020,dlk_ext_00642
gob_proceso_0186;2;gob_tbl_00697,gob_tbl_00939;7;dlk_tbl_00587,dlk_tbl_02472,gob_tbl_00937,dlk_tbl_00681,dlk_ext_00284,dlk_ext_00569,gob_ext_00188
dlk_proceso_0187;6;gob_tbl_01869,gob_tbl_02275,dlk_tbl_04285,gob_tbl_03674,dlk_tbl_02242,dlk_tbl_03742;15;gob_tbl_00122,m4vw_tbl_02754,gob_tbl_03480,dlk_tbl_02694,gob_tbl_03048,gob_tbl_02614,gob_tbl_02623,dlk_tbl_01640,dlk_tbl_04230,dlk_ext_00625,gob_ext_00314,gob_ext_00172,gob_ext_00357,dash_ext_00302,dlk_ext_00273
dlk_proceso_0188;9;gob_tbl_01698,gob_tbl_01934,gob_tbl_01264,dash_tbl_03294,dlk_tbl_02580,gob_tbl_02053,gob_tbl_00066,gob_tbl_02165,gob_tbl_03235;14;dlk_tbl_00780,dlk_tbl_00572,gob_tbl_03324,dlk_tbl_01312,proc_tbl_00772,dlk_tbl_03141,gob_tbl_03920,gob_tbl_02381,dash_ext_00659,gob_ext_00172,gob_ext_00503,gob_ext_00696,dlk_ext_00576,dash_ext_00078
gob_proceso_0189;6;gob_tbl_03440,gob_tbl_03747,dash_tbl_02004,dlk_tbl_01126,gob_tbl_01433,dash_tbl_01793;4;proc_tbl_02342,dlk_tbl_02334,proc_ext_00157,dlk_ext_00355
gob_proceso_0190;6;dlk_tbl_02751,gob_tbl_03992,gob_tbl_02480,dlk_tbl_02513,gob_tbl_00056,proc_tbl_04066;10;dash_tbl_00170,dlk_tbl_04139,proc_tbl_00443,dlk_tbl_00239,dlk_tbl_02865,gob_tbl_02310,gob_ext_00668,dlk_ext_00085,gob_ext_00123,gob_ext_00002
gob_proceso_0191;4;std_tbl_00159,dlk_tbl_01106,m4vw_tbl_00958,proc_tbl_00368;12;gob_tbl_03608,gob_tbl_01482,gob_tbl_01907,gob_tbl_02093,gob_tbl_01149,proc_tbl_02849,gob_tbl_01836,gob_ext_00088,dlk_ext_00720,dlk_ext_00453,dlk_ext_00025,proc_ext_00650
proc_proceso_0192;6;dlk_tbl_03442,dlk_tbl_02594,dlk_tbl_03157,ppn_tbl_04061,proc_tbl_02302,dlk_tbl_02932;15;gob_tbl_04179,proc_tbl_01873,std_tbl_01449,gob_tbl_03047,dlk_tbl_02682,proc_tbl_01319,proc_tbl_01747,dlk_tbl_03234,gob_tbl_04368,gob_ext_00166,gob_ext_00188,dash_ext_00096,dash_ext_00638,gob_ext_00572,dlk_ext_00023
proc_proceso_0193;6;proc_tbl_00443,gob_tbl_02138,dlk_tbl_01341,gob_tbl_02636,dlk_tbl_02077,dash_tbl_01001;15;dlk_tbl_01352,dlk_tbl_00074,dlk_tbl_00180,gob_tbl_01398,dlk_tbl_00698,dlk_tbl_04419,dlk_tbl_02390,gob_tbl_01720,gob_tbl_00464,dlk_ext_00146,gob_ext_00249,gob_ext_00402,proc_ext_00514,proc_ext_00731,gob_ext_00228
dash_proceso_0194;3;dlk_tbl_01806,proc_tbl_00407,gob_tbl_04267;11;dlk_tbl_03871,dash_tbl_04051,proc_tbl_01545,dlk_tbl_00593,proc_tbl_02840,m4sco_tbl_02800,dlk_ext_00375,gob_ext_00043,dash_ext_00520,dlk_ext_00029,gob_ext_00526
dlk_proceso_0195;3;proc_tbl_01958,dlk_tbl_04007,dash_tbl_02043;12;dlk_tbl_03120,dash_tbl_03055,dlk_tbl_04171,m4vw_tbl_03756,dlk_tbl_00863,proc_tbl_00948,dash_tbl_00560,gob_ext_00039,dlk_ext_00355,dash_ext_00404,dlk_ext_00023,gob_ext_00295
proc_proceso_0196;5;proc_tbl_00719,dlk_tbl_04070,dlk_tbl_02737,gob_tbl_03633,dlk_tbl_03131;12;gob_tbl_03458,gob_tbl_03272,dlk_tbl_03957,dlk_tbl_00217,ppn_tbl_04061,m4sco_tbl_00954,dash_tbl_02327,gob_ext_00589,dlk_ext_00308,dlk_ext_00197,std_ext_00726,gob_ext_00328
dlk_proceso_0197;2;gob_tbl_02654,gob_tbl_00105;5;dlk_tbl_00540,gob_tbl_00544,dash_tbl_01491,dlk_ext_00283,gob_ext_00094
proc_proceso_0198;3;gob_tbl_01023,dash_tbl_00633,gob_tbl_00831;13;gob_tbl_03358,proc_tbl_01010,gob_tbl_03419,dlk_tbl_01734,gob_tbl_01774,gob_tbl_00687,gob_tbl_00073,dlk_ext_00511,gob_ext_00501,dlk_ext_00644,dlk_ext_00703,std_ext_00424,proc_ext_00433
gob_proceso_0199;4;gob_tbl_01749,gob_tbl_03136,proc_tbl_01272,std_tbl_04226;13;proc_tbl_01873,dlk_tbl_02904,gob_tbl_00581,gob_tbl_00206,dlk_tbl_03749,dlk_tbl_00279,dlk_tbl_03153,gob_ext_00489,gob_ext_00376,gob_ext_00431,gob_ext_00263,dlk_ext_00453,gob_ext_00539
proc_proceso_0200;6;dlk_tbl_01128,dlk_tbl_02807,dlk_tbl_00147,gob_tbl_00425,dash_tbl_02632,dash_tbl_00801;10;m4vw_tbl_01365,proc_tbl_01123,gob_tbl_03461,dlk_tbl_00001,dash_tbl_03954,proc_tbl_00578,dlk_ext_00371,m4sco_ext_00037,gob_ext_00088,gob_ext_00385
gob_proceso_0201;4;dlk_tbl_00447,dash_tbl_01661,dlk_tbl_00745,dlk_tbl_00787;10;dlk_tbl_03854,gob_tbl_04245,gob_tbl_00922,gob_tbl_03906,proc_tbl_01702,proc_tbl_03755,dlk_ext_00596,dlk_ext_00485,dlk_ext_00196,gob_ext_00662
dlk_proceso_0202;6;dlk_tbl_00335,dlk_tbl_00466,gob_tbl_04035,gob_tbl_03221,dlk_tbl_04276,gob_tbl_02708;6;gob_tbl_02491,gob_tbl_02783,dlk_tbl_03887,proc_ext_00221,proc_ext_00650,proc_ext_00483
dlk_proceso_0203;6;proc_tbl_01067,dlk_tbl_03134,dlk_tbl_03436,m4vw_tbl_04349,dlk_tbl_03377,dlk_tbl_03994;13;gob_tbl_00883,dlk_tbl_01990,gob_tbl_00413,proc_tbl_03069,gob_tbl_03415,proc_tbl_01582,dlk_tbl_03727,dlk_ext_00254,proc_ext_00552,proc_ext_00327,gob_ext_00405,std_ext_00153,dlk_ext_00495
dlk_proceso_0204;4;proc_tbl_02660,gob_tbl_02899,dlk_tbl_00900,gob_tbl_01556;12;dlk_tbl_04237,gob_tbl_03967,dlk_tbl_03952,dlk_tbl_01552,gob_tbl_00667,dlk_tbl_02200,gob_tbl_02615,gob_ext_00288,gob_ext_00537,gob_ext_00747,dlk_ext_00644,gob_ext_00206
gob_proceso_0205;6;dash_tbl_01902,gob_tbl_01921,proc_tbl_03494,dash_tbl_02733,gob_tbl_00543,gob_tbl_00752;11;dlk_tbl_00950,gob_tbl_03779,m4vw_tbl_02971,dlk_tbl_01211,dlk_tbl_01460,dlk_tbl_01192,gob_ext_00324,dlk_ext_00545,gob_ext_00503,m4vw_ext_00147,proc_ext_00684
dlk_proceso_0206;3;dlk_tbl_02621,dlk_tbl_02835,gob_tbl_00343;9;dlk_tbl_01655,dlk_tbl_01470,proc_tbl_01633,gob_tbl_00253,ppn_tbl_02203,dash_ext_00334,dlk_ext_00652,dlk_ext_00240,gob_ext_00749
proc_proceso_0207;6;ppn_tbl_00658,dlk_tbl_01608,gob_tbl_01947,gob_tbl_04398,gob_tbl_02450,dash_tbl_01984;10;gob_tbl_01703,proc_tbl_01565,gob_tbl_01522,dlk_tbl_00756,gob_tbl_02528,gob_tbl_02597,dlk_ext_00603,dlk_ext_00079,dlk_ext_00625,gob_ext_00056
dash_proceso_0208;4;gob_tbl_02164,dlk_tbl_03715,dlk_tbl_03716,proc_tbl_00934;8;gob_tbl_03415,dlk_tbl_02354,dlk_tbl_02750,proc_tbl_01545,proc_tbl_04042,dlk_ext_00146,gob_ext_00378,gob_ext_00106
gob_proceso_0209;4;proc_tbl_02946,dlk_tbl_00468,dlk_tbl_02349,gob_tbl_02499;8;dash_tbl_00870,dlk_tbl_03139,gob_tbl_03648,dash_tbl_00219,dlk_tbl_00162,proc_ext_00152,dlk_ext_00561,dlk_ext_00495
dlk_proceso_0210;5;gob_tbl_00305,dlk_tbl_02135,dlk_tbl_00602,gob_tbl_03237,dlk_tbl_02620;9;gob_tbl_01398,dash_tbl_02548,gob_tbl_02143,gob_tbl_02098,proc_tbl_02945,proc_ext_00649,proc_ext_00013,ppn_ext_00304,proc_ext_00498
gob_proceso_0211;5;dlk_tbl_02972,gob_tbl_04286,ppn_tbl_01783,dash_tbl_02648,dash_tbl_01904;16;dlk_tbl_01937,gob_tbl_00190,dlk_tbl_00065,dash_tbl_01444,gob_tbl_02485,dlk_tbl_03365,gob_tbl_01854,dlk_tbl_00812,dlk_tbl_01812,dlk_ext_00680,proc_ext_00633,dlk_ext_00468,m4vw_ext_00072,dlk_ext_00253,dlk_ext_00174,dlk_ext_00363
dlk_proceso_0212;6;dash_tbl_03026,std_tbl_04383,m4vw_tbl_02723,proc_tbl_02761,std_tbl_02994,std_tbl_00837;11;dlk_tbl_03418,dash_tbl_02911,gob_tbl_03672,dlk_tbl_02279,gob_tbl_00544,dlk_tbl_00681,gob_ext_00015,gob_ext_00151,dlk_ext_00556,m4sco_ext_00653,dlk_ext_00563
dlk_proceso_0213;3;proc_tbl_03940,dlk_tbl_00312,dlk_tbl_00726;11;proc_tbl_02361,gob_tbl_03226,gob_tbl_01401,proc_tbl_03016,dlk_tbl_03771,gob_tbl_02822,std_ext_00237,gob_ext_00551,dash_ext_00207,gob_ext_00161,dlk_ext_00081
gob_proceso_0214;7;dlk_tbl_03146,gob_tbl_00819,gob_tbl_01523,dlk_tbl_02675,gob_tbl_00269,gob_tbl_01232,gob_tbl_02824;20;dlk_tbl_00000,dlk_tbl_01930,dlk_tbl_02488,proc_tbl_04298,gob_tbl_02534,gob_tbl_03813,gob_tbl_00516,gob_tbl_00702,dlk_tbl_04062,gob_tbl_03024,gob_tbl_03488,gob_tbl_01749,proc_ext_00705,gob_ext_00182,m4sco_ext_00037,proc_ext_00641,gob_ext_00000,dash_ext_00722,dlk_ext_00610,dlk_ext_00174
dlk_proceso_0215;5;gob_tbl_00821,dlk_tbl_02569,dlk_tbl_02989,dlk_tbl_00684,dlk_tbl_01260;4;dlk_tbl_01237,dlk_tbl_03263,proc_ext_00140,gob_ext_00319
dlk_proceso_0216;3;dlk_tbl_00349,gob_tbl_02297,gob_tbl_04291;12;gob_tbl_00923,proc_tbl_03643,dash_tbl_01175,proc_tbl_01152,gob_tbl_04164,gob_tbl_03116,dlk_tbl_00832,dash_ext_00285,dlk_ext_00611,dash_ext_00446,gob_ext_00248,proc_ext_00064
gob_proceso_0217;4;gob_tbl_00635,std_tbl_01449,std_tbl_03251,dlk_tbl_01470;5;gob_tbl_03488,std_tbl_01096,dlk_tbl_01488,proc_ext_00711,gob_ext_00166
gob_proceso_0218;5;m4sco_tbl_01015,dlk_tbl_00926,dash_tbl_00256,gob_tbl_00490,dlk_tbl_03699;7;std_tbl_02802,dlk_tbl_02572,dlk_tbl_00335,dash_tbl_00142,proc_ext_00695,dlk_ext_00197,dlk_ext_00283
dlk_proceso_0219;2;gob_tbl_00552,dash_tbl_02709;15;proc_tbl_02342,std_tbl_03148,gob_tbl_01537,dlk_tbl_00827,gob_tbl_01659,m4sco_tbl_00043,m4vw_tbl_03398,gob_tbl_03519,dlk_tbl_00720,dash_ext_00050,gob_ext_00263,dlk_ext_00716,dlk_ext_00632,gob_ext_00441,dlk_ext_00389
gob_proceso_0220;3;dlk_tbl_04092,gob_tbl_00212,dlk_tbl_01529;8;proc_tbl_00168,gob_tbl_01836,gob_tbl_03879,dlk_tbl_03057,gob_tbl_03923,dlk_ext_00493,dlk_ext_00742,proc_ext_00309
dlk_proceso_0221;3;gob_tbl_00288,gob_tbl_01048,gob_tbl_02389;13;proc_tbl_00582,dlk_tbl_01381,dlk_tbl_02555,dlk_tbl_01655,dash_tbl_03026,dlk_tbl_04079,dlk_tbl_01745,dash_ext_00017,dlk_ext_00703,dash_ext_00302,dlk_ext_00278,m4vw_ext_00137,dash_ext_00674
dlk_proceso_0222;4;std_tbl_01207,proc_tbl_01601,gob_tbl_03426,gob_tbl_00547;10;dlk_tbl_02556,dlk_tbl_00055,gob_tbl_04283,gob_tbl_02916,dlk_tbl_00812,proc_tbl_03152,dlk_ext_00034,dlk_ext_00644,gob_ext_00443,dlk_ext_00149
dlk_proceso_0223;4;gob_tbl_03457,gob_tbl_03073,dash_tbl_02364,dlk_tbl_00929;7;std_tbl_02994,dlk_tbl_02205,gob_tbl_01344,proc_tbl_00009,gob_ext_00236,gob_ext_00402,gob_ext_00007
gob_proceso_0224;2;dlk_tbl_00947,dash_tbl_02369;12;gob_tbl_00100,dlk_tbl_01990,gob_tbl_01746,gob_tbl_02696,proc_tbl_03245,gob_tbl_02608,dash_tbl_01462,dlk_ext_00174,ppn_ext_00717,dlk_ext_00308,dlk_ext_00583,dlk_ext_00448
dlk_proceso_0225;3;dash_tbl_03962,gob_tbl_03212,dash_tbl_02470;13;dlk_tbl_04237,dlk_tbl_00805,std_tbl_04146,gob_tbl_02031,proc_tbl_01320,m4vw_tbl_01658,m4vw_tbl_02057,dash_ext_00299,gob_ext_00662,std_ext_00237,gob_ext_00058,gob_ext_00338,dlk_ext_00179
dash_proceso_0226;3;gob_tbl_02094,std_tbl_00601,dlk_tbl_02045;12;proc_tbl_01320,gob_tbl_03649,dlk_tbl_00500,gob_tbl_01869,dlk_tbl_02776,dlk_tbl_04220,dlk_tbl_00588,m4vw_ext_00664,proc_ext_00731,dlk_ext_00257,dlk_ext_00652,proc_ext_00152
proc_proceso_0227;6;gob_tbl_04105,m4sco_tbl_00740,proc_tbl_04059,gob_tbl_00379,dlk_tbl_03637,dlk_tbl_02118;16;proc_tbl_03494,gob_tbl_01020,dash_tbl_03550,proc_tbl_00871,m4sco_tbl_00383,gob_tbl_02053,dlk_tbl_00387,gob_tbl_02420,gob_tbl_04006,proc_ext_00483,proc_ext_00745,std_ext_00694,gob_ext_00105,dlk_ext_00618,std_ext_00549,dlk_ext_00545
gob_proceso_0228;3;gob_tbl_03892,proc_tbl_01022,gob_tbl_03845;5;dash_tbl_01902,dlk_tbl_01972,m4sco_tbl_04353,gob_ext_00341,proc_ext_00594
proc_proceso_0229;3;dlk_tbl_01389,gob_tbl_01785,proc_tbl_01884;5;gob_tbl_02640,dlk_tbl_01383,dlk_tbl_03453,gob_ext_00380,dash_ext_00636
dash_proceso_0230;7;dlk_tbl_00930,gob_tbl_03947,dlk_tbl_00018,dlk_tbl_02880,dlk_tbl_02035,gob_tbl_00858,gob_tbl_03684;6;dlk_tbl_02437,gob_tbl_02033,proc_tbl_00555,gob_ext_00592,proc_ext_00684,proc_ext_00327
gob_proceso_0231;4;m4vw_tbl_01849,gob_tbl_03257,dash_tbl_04413,proc_tbl_03088;7;proc_tbl_00630,dlk_tbl_01606,m4vw_tbl_02754,dlk_tbl_03346,dash_ext_00411,proc_ext_00152,gob_ext_00405
proc_proceso_0232;3;dlk_tbl_03938,gob_tbl_04012,gob_tbl_00051;4;ppn_tbl_01267,gob_tbl_00974,gob_ext_00295,dlk_ext_00126
dlk_proceso_0233;4;gob_tbl_01166,dash_tbl_00932,dlk_tbl_03249,dlk_tbl_02817;14;gob_tbl_01996,dash_tbl_01108,dlk_tbl_00540,gob_tbl_03105,dash_tbl_04075,dlk_tbl_03981,proc_tbl_01754,gob_tbl_02536,dash_ext_00008,dlk_ext_00070,dlk_ext_00176,dlk_ext_00023,m4sco_ext_00018,dash_ext_00170
dlk_proceso_0234;5;dlk_tbl_00480,gob_tbl_00309,dlk_tbl_00931,dlk_tbl_01203,gob_tbl_00591;12;proc_tbl_02852,gob_tbl_00343,dlk_tbl_01566,proc_tbl_02361,gob_tbl_02031,dlk_tbl_03711,proc_tbl_03776,dash_ext_00366,gob_ext_00223,dlk_ext_00107,dlk_ext_00176,proc_ext_00650
dlk_proceso_0235;4;m4sco_tbl_02514,proc_tbl_02758,gob_tbl_01247,proc_tbl_00293;11;proc_tbl_01392,gob_tbl_02082,dlk_tbl_02831,gob_tbl_02083,dlk_tbl_02955,proc_tbl_00948,gob_ext_00364,dash_ext_00411,proc_ext_00704,dlk_ext_00312,dlk_ext_00719
dlk_proceso_0236;6;gob_tbl_02760,proc_tbl_02374,dlk_tbl_00045,dlk_tbl_00017,gob_tbl_02963,dlk_tbl_02224;9;dlk_tbl_00900,dlk_tbl_02149,dlk_tbl_02618,dlk_tbl_02641,gob_tbl_02408,gob_ext_00489,proc_ext_00345,dlk_ext_00625,m4vw_ext_00458
gob_proceso_0237;5;gob_tbl_03290,gob_tbl_04426,dlk_tbl_00106,proc_tbl_02451,gob_tbl_02070;5;gob_tbl_03020,dlk_tbl_02383,gob_tbl_01866,m4vw_ext_00482,gob_ext_00088
dlk_proceso_0238;5;m4vw_tbl_02263,dash_tbl_01834,proc_tbl_04373,dlk_tbl_03546,dlk_tbl_00299;9;proc_tbl_02074,dlk_tbl_03504,dlk_tbl_02955,dlk_tbl_01971,dlk_tbl_02378,dash_ext_00175,proc_ext_00562,dlk_ext_00016,m4vw_ext_00072
proc_proceso_0239;3;gob_tbl_01307,dlk_tbl_01150,dlk_tbl_03888;13;dlk_tbl_01113,dlk_tbl_01084,gob_tbl_02534,dash_tbl_02062,gob_tbl_02614,proc_tbl_03239,dash_tbl_02650,dlk_ext_00428,dlk_ext_00511,proc_ext_00514,dlk_ext_00024,dlk_ext_00085,std_ext_00052
dlk_proceso_0240;5;gob_tbl_01450,dash_tbl_03124,dlk_tbl_02431,dlk_tbl_03871,dlk_tbl_03484;8;m4sco_tbl_01015,gob_tbl_03440,gob_tbl_01007,gob_tbl_01304,gob_tbl_04179,gob_ext_00088,proc_ext_00412,dlk_ext_00554
dlk_proceso_0241;3;dlk_tbl_01266,gob_tbl_03847,dlk_tbl_03509;13;dlk_tbl_00380,gob_tbl_01170,dash_tbl_00975,dlk_tbl_00894,gob_tbl_01675,dlk_tbl_03350,proc_tbl_02871,gob_ext_00622,dlk_ext_00436,dlk_ext_00142,dash_ext_00066,m4sco_ext_00634,dlk_ext_00253
proc_proceso_0242;4;dash_tbl_01643,dash_tbl_00686,proc_tbl_02757,dlk_tbl_03181;6;dlk_tbl_02774,dlk_tbl_00215,gob_tbl_02098,proc_ext_00416,gob_ext_00357,dlk_ext_00081
gob_proceso_0243;6;gob_tbl_01261,proc_tbl_00631,dash_tbl_02254,dlk_tbl_03680,dlk_tbl_00449,dlk_tbl_01778;11;dash_tbl_01862,dlk_tbl_01787,dlk_tbl_01735,gob_tbl_00129,dlk_tbl_03205,std_tbl_03375,gob_ext_00088,dash_ext_00397,gob_ext_00105,proc_ext_00546,dlk_ext_00240
gob_proceso_0244;4;dlk_tbl_02908,gob_tbl_04296,dlk_tbl_04351,std_tbl_00629;7;gob_tbl_00874,dlk_tbl_00636,dash_tbl_03954,dlk_tbl_04123,m4vw_ext_00560,dlk_ext_00031,dlk_ext_00085
dash_proceso_0245;3;gob_tbl_04259,proc_tbl_01768,gob_tbl_02563;17;std_tbl_02335,gob_tbl_00621,dlk_tbl_01608,gob_tbl_00667,dlk_tbl_00317,gob_tbl_02706,dlk_tbl_01460,dlk_tbl_01397,gob_tbl_02491,dash_tbl_00801,dlk_ext_00472,dlk_ext_00082,dash_ext_00170,dlk_ext_00680,gob_ext_00214,gob_ext_00233,dash_ext_00698
proc_proceso_0246;5;gob_tbl_00223,proc_tbl_00148,dlk_tbl_02191,gob_tbl_03562,dlk_tbl_02721;9;gob_tbl_01228,gob_tbl_02899,proc_tbl_00485,dlk_tbl_03814,dlk_tbl_02013,gob_ext_00405,gob_ext_00154,gob_ext_00489,dlk_ext_00044
dlk_proceso_0247;5;proc_tbl_02262,dlk_tbl_00860,gob_tbl_01973,gob_tbl_01361,dlk_tbl_04103;8;dlk_tbl_02835,dlk_tbl_01192,dlk_tbl_03468,gob_tbl_00489,gob_tbl_00513,gob_ext_00474,gob_ext_00295,dlk_ext_00719
dash_proceso_0248;2;std_tbl_04363,gob_tbl_03879;15;dlk_tbl_00236,dash_tbl_02814,dlk_tbl_02288,proc_tbl_00966,dlk_tbl_03339,gob_tbl_02053,gob_tbl_00489,m4vw_tbl_04349,gob_tbl_00873,dlk_ext_00044,proc_ext_00464,dlk_ext_00389,dlk_ext_00126,dash_ext_00432,dlk_ext_00199
dash_proceso_0249;2;m4vw_tbl_02691,proc_tbl_00027;12;proc_tbl_04008,gob_tbl_03670,gob_tbl_01869,dlk_tbl_04182,proc_tbl_00854,dash_tbl_00565,gob_tbl_00054,gob_ext_00043,gob_ext_00579,gob_ext_00178,gob_ext_00388,dlk_ext_00086
dlk_proceso_0250;4;gob_tbl_00320,proc_tbl_01571,gob_tbl_03519,dlk_tbl_01018;17;dash_tbl_02072,dlk_tbl_02472,dlk_tbl_00787,gob_tbl_00433,dash_tbl_01041,proc_tbl_03609,proc_tbl_01439,std_tbl_03898,dlk_tbl_03222,proc_tbl_03901,gob_ext_00165,dash_ext_00411,gob_ext_00592,gob_ext_00245,proc_ext_00709,dlk_ext_00344,proc_ext_00152
dlk_proceso_0251;3;gob_tbl_00796,gob_tbl_00190,dlk_tbl_00827;5;gob_tbl_01537,gob_tbl_02623,dlk_tbl_01406,gob_ext_00526,proc_ext_00406
proc_proceso_0252;5;proc_tbl_04344,gob_tbl_03072,dlk_tbl_02127,gob_tbl_03038,dlk_tbl_02295;13;dlk_tbl_03754,gob_tbl_02325,gob_tbl_01504,gob_tbl_02528,dlk_tbl_01605,proc_tbl_02606,proc_tbl_01680,dlk_ext_00656,dlk_ext_00254,dlk_ext_00553,dlk_ext_00516,dlk_ext_00687,gob_ext_00442
dlk_proceso_0253;6;dlk_tbl_01640,gob_tbl_04200,proc_tbl_02498,dlk_tbl_02929,m4sco_tbl_03835,gob_tbl_00708;6;dlk_tbl_00899,dlk_tbl_03418,dlk_tbl_02158,gob_ext_00131,proc_ext_00238,proc_ext_00289
dlk_proceso_0254;3;gob_tbl_02748,gob_tbl_03501,proc_tbl_00218;8;proc_tbl_01067,gob_tbl_01771,gob_tbl_01355,gob_tbl_04156,gob_tbl_02917,dlk_ext_00149,gob_ext_00268,dlk_ext_00322
gob_proceso_0255;5;dash_tbl_00262,dlk_tbl_01164,proc_tbl_03572,gob_tbl_03558,dlk_tbl_02208;12;gob_tbl_02783,gob_tbl_01620,dlk_tbl_02818,gob_tbl_01657,gob_tbl_02032,dlk_tbl_01315,dlk_tbl_03676,dlk_ext_00021,gob_ext_00421,gob_ext_00127,dlk_ext_00371,gob_ext_00376
dlk_proceso_0256;3;gob_tbl_00800,dash_tbl_00033,proc_tbl_01819;14;gob_tbl_01825,dlk_tbl_00050,dlk_tbl_01115,dlk_tbl_01352,gob_tbl_03360,dlk_tbl_01018,dlk_tbl_01406,gob_tbl_02093,proc_ext_00148,dash_ext_00411,proc_ext_00514,dash_ext_00339,gob_ext_00231,gob_ext_00105
proc_proceso_0257;2;proc_tbl_00619,proc_tbl_00772;9;gob_tbl_02042,dlk_tbl_02781,proc_tbl_02758,gob_tbl_00428,dlk_tbl_02283,proc_ext_00684,dlk_ext_00691,dash_ext_00299,dlk_ext_00298
gob_proceso_0258;4;gob_tbl_03811,dlk_tbl_01239,gob_tbl_03250,gob_tbl_00688;14;dash_tbl_02957,dlk_tbl_00065,gob_tbl_01531,dlk_tbl_01608,gob_tbl_01156,dlk_tbl_03017,dlk_tbl_01925,dlk_tbl_01738,dlk_ext_00142,gob_ext_00622,dlk_ext_00347,proc_ext_00396,gob_ext_00263,dash_ext_00403
dlk_proceso_0259;3;dlk_tbl_01397,gob_tbl_01906,gob_tbl_01017;13;gob_tbl_01855,dlk_tbl_02473,gob_tbl_03889,dash_tbl_00416,dlk_tbl_02472,std_tbl_01502,gob_tbl_04224,dlk_ext_00598,gob_ext_00708,proc_ext_00013,dlk_ext_00053,proc_ext_00562,dlk_ext_00576
proc_proceso_0260;6;dlk_tbl_01944,gob_tbl_03733,proc_tbl_02656,gob_tbl_00760,dlk_tbl_00832,gob_tbl_03399;11;gob_tbl_02377,dash_tbl_02351,gob_tbl_00543,gob_tbl_02516,proc_tbl_01782,gob_tbl_02405,gob_ext_00462,dlk_ext_00531,proc_ext_00661,proc_ext_00650,proc_ext_00220
dlk_proceso_0261;2;gob_tbl_02907,m4sco_tbl_01952;6;gob_tbl_01687,proc_tbl_02852,dlk_tbl_00617,dlk_ext_00492,gob_ext_00693,dlk_ext_00023
dlk_proceso_0262;3;gob_tbl_00559,m4vw_tbl_03756,dash_tbl_02947;12;gob_tbl_02010,gob_tbl_00667,m4vw_tbl_04115,gob_tbl_00210,dash_tbl_04051,dlk_tbl_03228,dlk_tbl_01306,dlk_ext_00260,proc_ext_00205,dlk_ext_00021,dash_ext_00698,gob_ext_00132
dlk_proceso_0263;9;dash_tbl_03143,dlk_tbl_04365,dlk_tbl_02689,gob_tbl_00769,gob_tbl_00327,dlk_tbl_00390,dlk_tbl_03791,gob_tbl_01496,gob_tbl_02086;14;dlk_tbl_02080,dlk_tbl_00098,gob_tbl_03912,dlk_tbl_03844,gob_tbl_04326,dlk_tbl_00445,dash_tbl_02171,proc_tbl_03421,dlk_ext_00612,gob_ext_00566,dlk_ext_00311,dlk_ext_00651,proc_ext_00606,std_ext_00185
proc_proceso_0264;6;std_tbl_03375,gob_tbl_03815,proc_tbl_02953,proc_tbl_02562,gob_tbl_00441,dlk_tbl_02930;16;dlk_tbl_00727,gob_tbl_02491,gob_tbl_01947,dlk_tbl_01787,proc_tbl_03231,dlk_tbl_04355,dlk_tbl_02595,std_tbl_01078,gob_tbl_03081,dlk_ext_00561,proc_ext_00416,dlk_ext_00710,dlk_ext_00085,dash_ext_00419,gob_ext_00178,std_ext_00194
gob_proceso_0265;8;m4vw_tbl_03958,dlk_tbl_02820,proc_tbl_00871,gob_tbl_00573,gob_tbl_02985,gob_tbl_03670,dlk_tbl_04139,gob_tbl_00964;9;dash_tbl_01369,gob_tbl_03877,dlk_tbl_02419,dlk_tbl_03123,gob_tbl_03862,proc_ext_00415,gob_ext_00057,gob_ext_00209,dash_ext_00698
proc_proceso_0266;2;gob_tbl_00377,proc_tbl_00582;8;gob_tbl_00198,gob_tbl_01652,gob_tbl_01135,dlk_tbl_01812,gob_tbl_01968,dlk_ext_00196,gob_ext_00083,dash_ext_00117
gob_proceso_0267;3;dlk_tbl_00447,gob_tbl_00203,dlk_tbl_02688;9;gob_tbl_02536,gob_tbl_00288,gob_tbl_03335,dlk_tbl_04070,dlk_tbl_02146,dlk_ext_00642,gob_ext_00353,gob_ext_00480,dlk_ext_00098
gob_proceso_0268;5;dash_tbl_02261,dash_tbl_02548,dash_tbl_01564,dlk_tbl_03696,gob_tbl_01455;16;dlk_tbl_00232,dash_tbl_04292,dash_tbl_03313,gob_tbl_03221,gob_tbl_03965,gob_tbl_01814,proc_tbl_04268,gob_tbl_00402,gob_tbl_02710,proc_ext_00064,dlk_ext_00618,dlk_ext_00349,gob_ext_00303,gob_ext_00268,gob_ext_00357,dlk_ext_00584
proc_proceso_0269;7;dlk_tbl_01789,gob_tbl_01438,gob_tbl_04101,m4sco_tbl_00235,gob_tbl_02223,gob_tbl_02152,gob_tbl_00121;20;dlk_tbl_00683,gob_tbl_01243,dlk_tbl_04365,gob_tbl_01263,dlk_tbl_04070,proc_tbl_00292,gob_tbl_02746,gob_tbl_01854,gob_tbl_03535,gob_tbl_01250,proc_tbl_00970,gob_tbl_00845,dlk_ext_00715,proc_ext_00412,dlk_ext_00387,proc_ext_00092,dlk_ext_00312,dlk_ext_00652,gob_ext_00590,gob_ext_00506
dlk_proceso_0270;2;dlk_tbl_03230,dlk_tbl_01368;8;gob_tbl_01821,dlk_tbl_02564,dlk_tbl_02396,dash_tbl_03825,gob_tbl_00129,dlk_ext_00519,dlk_ext_00362,gob_ext_00544
dlk_proceso_0271;3;dlk_tbl_02009,gob_tbl_01596,dlk_tbl_01708;17;gob_tbl_01433,dlk_tbl_00935,gob_tbl_02893,dash_tbl_01041,dlk_tbl_03255,proc_tbl_00353,dash_tbl_00315,gob_tbl_03454,gob_tbl_03318,ppn_tbl_04104,dlk_ext_00584,dlk_ext_00567,gob_ext_00532,dlk_ext_00222,gob_ext_00127,dlk_ext_00393,dlk_ext_00478
gob_proceso_0272;5;std_tbl_02771,dlk_tbl_03999,proc_tbl_04091,dlk_tbl_03329,m4sco_tbl_00311;5;m4sco_tbl_02084,dlk_tbl_04230,proc_tbl_04280,m4vw_ext_00664,dash_ext_00659
gob_proceso_0273;4;gob_tbl_03816,proc_tbl_03717,gob_tbl_00137,gob_tbl_01513;8;dlk_tbl_02781,std_tbl_02350,dlk_tbl_04030,gob_tbl_00399,dlk_tbl_00484,dlk_ext_00298,gob_ext_00266,gob_ext_00402
proc_proceso_0274;8;proc_tbl_04298,dlk_tbl_02307,gob_tbl_03461,gob_tbl_01580,dlk_tbl_03907,proc_tbl_04110,proc_tbl_00324,gob_tbl_01480;5;gob_tbl_00512,gob_tbl_04096,dash_tbl_00908,dlk_ext_00531,dlk_ext_00459
dlk_proceso_0275;5;proc_tbl_00840,dlk_tbl_00506,gob_tbl_04328,proc_tbl_02110,dlk_tbl_00571;11;proc_tbl_00168,proc_tbl_00972,gob_tbl_01882,dlk_tbl_03150,gob_tbl_02404,gob_tbl_01217,proc_ext_00684,gob_ext_00752,std_ext_00185,proc_ext_00483,gob_ext_00210
dlk_proceso_0276;4;dlk_tbl_01447,m4vw_tbl_01587,gob_tbl_01030,dlk_tbl_01509;4;m4sco_tbl_02199,dlk_tbl_03011,proc_ext_00011,dlk_ext_00436
dash_proceso_0277;7;dash_tbl_02738,gob_tbl_03208,gob_tbl_02104,gob_tbl_01098,proc_tbl_02545,dlk_tbl_02943,proc_tbl_00061;15;gob_tbl_02812,dash_tbl_00221,m4vw_tbl_00123,proc_tbl_02051,proc_tbl_03739,ppn_tbl_03856,gob_tbl_01911,dash_tbl_01862,gob_tbl_00100,proc_ext_00731,dlk_ext_00251,proc_ext_00683,proc_ext_00639,gob_ext_00443,dash_ext_00020
gob_proceso_0278;2;gob_tbl_00141,dash_tbl_02434;8;proc_tbl_01784,gob_tbl_01709,dlk_tbl_02333,dlk_tbl_00926,gob_tbl_03882,dash_ext_00675,proc_ext_00049,gob_ext_00119
proc_proceso_0279;3;dash_tbl_02041,m4vw_tbl_03013,proc_tbl_00655;5;proc_tbl_00905,dash_tbl_02648,dash_tbl_03098,dlk_ext_00468,dlk_ext_00269
dlk_proceso_0280;7;gob_tbl_01527,dlk_tbl_00824,dlk_tbl_01205,dlk_tbl_01589,gob_tbl_00977,gob_tbl_01974,dlk_tbl_00382;10;proc_tbl_04024,gob_tbl_01796,dlk_tbl_01786,gob_tbl_00441,gob_tbl_03538,dlk_tbl_00983,gob_ext_00127,dlk_ext_00029,dlk_ext_00196,proc_ext_00695
dlk_proceso_0281;5;gob_tbl_01409,std_tbl_00103,gob_tbl_00398,gob_tbl_01619,dash_tbl_01300;4;gob_tbl_04247,dlk_tbl_01009,dlk_ext_00605,proc_ext_00140
gob_proceso_0282;4;gob_tbl_03723,dlk_tbl_03650,proc_tbl_00967,gob_tbl_01215;6;dlk_tbl_03395,gob_tbl_00543,dlk_tbl_00784,dlk_ext_00637,dlk_ext_00495,dlk_ext_00276
dlk_proceso_0283;4;dlk_tbl_03719,dash_tbl_00994,dlk_tbl_03289,gob_tbl_00278;12;gob_tbl_00654,m4vw_tbl_02754,dlk_tbl_00098,ppn_tbl_00853,proc_tbl_01818,gob_tbl_02424,dlk_tbl_01018,gob_ext_00489,dash_ext_00339,dash_ext_00299,gob_ext_00245,dash_ext_00366
dlk_proceso_0284;5;dlk_tbl_01412,dlk_tbl_01568,gob_tbl_01620,proc_tbl_03991,gob_tbl_02410;8;proc_tbl_00068,proc_tbl_04119,proc_tbl_02945,gob_tbl_01599,gob_tbl_02323,dlk_ext_00408,dlk_ext_00742,gob_ext_00532
dlk_proceso_0285;2;std_tbl_00016,gob_tbl_00110;12;dlk_tbl_02320,dlk_tbl_03571,dlk_tbl_00065,dlk_tbl_04227,gob_tbl_02811,dash_tbl_03429,proc_tbl_04369,dlk_ext_00576,dlk_ext_00643,dash_ext_00063,proc_ext_00728,dlk_ext_00492
gob_proceso_0286;2;gob_tbl_00878,dlk_tbl_00182;7;dlk_tbl_03691,gob_tbl_02292,proc_tbl_01960,gob_tbl_00457,std_ext_00194,dash_ext_00170,gob_ext_00297
dlk_proceso_0287;3;m4sco_tbl_03174,gob_tbl_01836,proc_tbl_02276;5;dlk_tbl_02569,dlk_tbl_00001,gob_tbl_00534,dlk_ext_00564,dash_ext_00066
proc_proceso_0288;6;dlk_tbl_02301,dash_tbl_00230,gob_tbl_03201,dash_tbl_02017,dlk_tbl_00805,proc_tbl_02253;5;gob_tbl_01482,dlk_tbl_03131,dlk_tbl_02437,dlk_ext_00685,gob_ext_00166
dash_proceso_0289;3;gob_tbl_01939,dlk_tbl_02506,proc_tbl_00191;6;gob_tbl_02183,proc_tbl_01644,proc_tbl_01303,gob_ext_00541,m4sco_ext_00125,proc_ext_00695
dash_proceso_0290;5;gob_tbl_01516,dlk_tbl_00768,dlk_tbl_00421,dlk_tbl_02449,proc_tbl_03620;12;dlk_tbl_00426,gob_tbl_03779,dlk_tbl_02301,gob_tbl_03575,m4sco_tbl_00133,m4vw_tbl_03998,proc_tbl_00485,dlk_ext_00488,dlk_ext_00628,dlk_ext_00047,gob_ext_00526,proc_ext_00115
gob_proceso_0291;5;gob_tbl_03497,gob_tbl_04273,gob_tbl_00505,dlk_tbl_02804,dlk_tbl_01298;8;proc_tbl_01931,dlk_tbl_00456,std_tbl_02802,gob_tbl_03734,std_tbl_04022,gob_ext_00539,proc_ext_00064,std_ext_00424
dash_proceso_0292;4;dlk_tbl_00286,proc_tbl_01960,m4sco_tbl_02084,gob_tbl_00096;6;gob_tbl_03270,dlk_tbl_00894,dlk_tbl_01669,gob_ext_00551,dlk_ext_00174,dlk_ext_00447
dlk_proceso_0293;5;dlk_tbl_01288,gob_tbl_02805,gob_tbl_01907,dlk_tbl_00381,dlk_tbl_03301;14;dlk_tbl_00707,m4sco_tbl_00133,dlk_tbl_03327,gob_tbl_00281,gob_tbl_00543,proc_tbl_00156,dash_tbl_01171,gob_tbl_03396,gob_ext_00480,dash_ext_00698,gob_ext_00261,dlk_ext_00142,dlk_ext_00644,proc_ext_00498
dlk_proceso_0294;5;gob_tbl_04046,gob_tbl_00638,gob_tbl_00227,proc_tbl_01190,gob_tbl_02600;7;gob_tbl_00672,dlk_tbl_03436,gob_tbl_00246,gob_tbl_00173,dash_ext_00722,dlk_ext_00022,dlk_ext_00584
dlk_proceso_0295;3;gob_tbl_03857,gob_tbl_03296,proc_tbl_03028;9;dlk_tbl_03520,dlk_tbl_01844,dash_tbl_03970,dlk_tbl_02027,proc_tbl_04423,dlk_ext_00596,dlk_ext_00298,dlk_ext_00472,dlk_ext_00567
dash_proceso_0296;4;dlk_tbl_02068,dash_tbl_02592,dlk_tbl_02583,dash_tbl_01273;7;proc_tbl_03693,dlk_tbl_04163,dlk_tbl_03011,dlk_tbl_03897,std_ext_00608,gob_ext_00083,proc_ext_00234
dlk_proceso_0297;6;gob_tbl_02732,gob_tbl_01508,gob_tbl_02678,proc_tbl_02752,gob_tbl_02834,proc_tbl_00881;16;gob_tbl_00951,dlk_tbl_03299,dlk_tbl_03176,gob_tbl_01814,gob_tbl_00830,proc_tbl_03643,gob_tbl_01215,gob_tbl_02623,gob_tbl_01314,m4vw_ext_00072,std_ext_00417,dlk_ext_00252,dlk_ext_00023,proc_ext_00663,dlk_ext_00611,dlk_ext_00138
dlk_proceso_0298;5;dlk_tbl_02486,gob_tbl_03156,dash_tbl_03579,gob_tbl_04071,dash_tbl_04128;13;dlk_tbl_01985,gob_tbl_03558,gob_tbl_04300,gob_tbl_00178,proc_tbl_03227,dlk_tbl_02055,proc_tbl_01960,gob_ext_00094,dlk_ext_00277,proc_ext_00546,dlk_ext_00029,dash_ext_00722,dlk_ext_00527
proc_proceso_0299;5;gob_tbl_01040,proc_tbl_00673,proc_tbl_01747,proc_tbl_00610,gob_tbl_03439;12;gob_tbl_03220,proc_tbl_02752,gob_tbl_00085,dash_tbl_03110,dlk_tbl_00802,m4sco_tbl_00743,gob_tbl_00430,dlk_ext_00488,dlk_ext_00447,proc_ext_00559,proc_ext_00498,gob_ext_00223
proc_proceso_0300;4;dlk_tbl_00558,gob_tbl_00614,dlk_tbl_01336,proc_tbl_00040;6;proc_tbl_00871,proc_tbl_01617,dlk_tbl_02409,dlk_ext_00222,gob_ext_00165,proc_ext_00379
gob_proceso_0301;2;dlk_tbl_03282,ppn_tbl_04104;7;dlk_tbl_03604,dlk_tbl_03085,gob_tbl_03419,dash_tbl_01823,gob_ext_00168,dash_ext_00186,dlk_ext_00719
dash_proceso_0302;3;dlk_tbl_02119,dlk_tbl_04317,dlk_tbl_01712;11;gob_tbl_04310,gob_tbl_02924,proc_tbl_01692,std_tbl_01070,gob_tbl_01539,proc_tbl_02878,dlk_ext_00260,dash_ext_00397,dlk_ext_00048,dash_ext_00746,dlk_ext_00449
gob_proceso_0303;6;dlk_tbl_00195,dlk_tbl_01043,proc_tbl_00978,gob_tbl_03864,gob_tbl_03937,gob_tbl_03122;15;proc_tbl_02863,dash_tbl_03186,dlk_tbl_02132,dash_tbl_00879,gob_tbl_02609,dash_tbl_04292,dlk_tbl_01431,gob_tbl_03107,std_tbl_04107,std_ext_00194,dlk_ext_00048,dash_ext_00636,dlk_ext_00561,proc_ext_00535,std_ext_00726
proc_proceso_0304;4;dlk_tbl_03566,gob_tbl_04228,dlk_tbl_00542,dlk_tbl_03002;6;proc_tbl_04124,dlk_tbl_00558,dlk_tbl_00674,gob_ext_00623,proc_ext_00064,gob_ext_00385
dlk_proceso_0305;4;dlk_tbl_00617,gob_tbl_03646,dlk_tbl_01165,dlk_tbl_00794;8;dlk_tbl_00669,gob_tbl_02255,gob_tbl_00160,proc_tbl_00204,std_tbl_01426,proc_ext_00555,dash_ext_00647,dlk_ext_00389
dlk_proceso_0306;2;proc_tbl_02270,dash_tbl_00261;5;gob_tbl_00220,dlk_tbl_00098,dlk_tbl_04185,dlk_ext_00603,dash_ext_00675
gob_proceso_0307;3;proc_tbl_03903,gob_tbl_03762,gob_tbl_04381;15;dlk_tbl_03919,dlk_tbl_00500,gob_tbl_04267,dlk_tbl_03266,dlk_tbl_02589,dlk_tbl_00983,proc_tbl_01819,gob_tbl_02552,gob_tbl_04306,gob_ext_00635,gob_ext_00088,dash_ext_00096,gob_ext_00640,dlk_ext_00740,gob_ext_00718
dash_proceso_0308;2;gob_tbl_04361,gob_tbl_01025;8;dlk_tbl_00157,proc_tbl_02169,proc_tbl_03767,dlk_tbl_02626,gob_tbl_02614,dlk_ext_00116,dlk_ext_00196,dlk_ext_00269
gob_proceso_0309;2;proc_tbl_01816,proc_tbl_03744;12;gob_tbl_02137,gob_tbl_01149,dlk_tbl_01526,dlk_tbl_04275,dlk_tbl_01712,proc_tbl_03692,gob_tbl_04338,dlk_ext_00658,gob_ext_00083,proc_ext_00200,gob_ext_00209,gob_ext_00369
dash_proceso_0310;4;gob_tbl_04165,dlk_tbl_04233,dlk_tbl_02067,gob_tbl_02973;7;dlk_tbl_01080,gob_tbl_02359,dlk_tbl_02433,gob_tbl_01943,gob_ext_00083,dash_ext_00005,proc_ext_00483
proc_proceso_0311;6;gob_tbl_00160,gob_tbl_01435,gob_tbl_03622,gob_tbl_00073,dlk_tbl_00674,dlk_tbl_03760;11;dlk_tbl_00226,gob_tbl_03305,dlk_tbl_03017,gob_tbl_02280,dash_tbl_00014,dlk_tbl_00021,dlk_ext_00680,m4sco_ext_00305,dlk_ext_00371,gob_ext_00592,gob_ext_00623
dlk_proceso_0312;4;dlk_tbl_02818,dlk_tbl_02229,dlk_tbl_01881,dlk_tbl_00083;4;gob_tbl_00922,proc_tbl_01873,dash_ext_00020,ppn_ext_00242
dlk_proceso_0313;4;gob_tbl_03023,dash_tbl_02582,gob_tbl_03829,gob_tbl_01677;12;proc_tbl_02797,dlk_tbl_03395,dlk_tbl_00098,dlk_tbl_01005,dlk_tbl_00983,dlk_tbl_04108,proc_tbl_04011,dlk_ext_00375,dlk_ext_00453,gob_ext_00466,proc_ext_00639,dlk_ext_00607
dlk_proceso_0314;5;gob_tbl_00644,ppn_tbl_01051,gob_tbl_04289,gob_tbl_01376,gob_tbl_04207;8;gob_tbl_03404,gob_tbl_02104,gob_tbl_03507,proc_tbl_01633,gob_tbl_01687,std_ext_00694,gob_ext_00443,dlk_ext_00576
proc_proceso_0315;5;gob_tbl_03514,dash_tbl_03008,dlk_tbl_03006,dlk_tbl_02069,gob_tbl_00581;5;m4vw_tbl_02024,dlk_tbl_01089,m4sco_tbl_03460,gob_ext_00383,gob_ext_00088
dlk_proceso_0316;4;gob_tbl_00169,dlk_tbl_01937,gob_tbl_01339,proc_tbl_03133;8;dlk_tbl_01260,dlk_tbl_03727,gob_tbl_00220,gob_tbl_03129,dlk_tbl_02146,gob_ext_00669,dlk_ext_00527,gob_ext_00443
proc_proceso_0317;5;dlk_tbl_01326,gob_tbl_03268,m4vw_tbl_03412,gob_tbl_03170,dash_tbl_02215;14;dlk_tbl_03223,gob_tbl_01921,proc_tbl_03448,dlk_tbl_01446,gob_tbl_00534,gob_tbl_02636,dlk_tbl_02908,proc_tbl_00079,ppn_ext_00717,dlk_ext_00365,dlk_ext_00273,dlk_ext_00291,gob_ext_00206,dlk_ext_00651
dash_proceso_0318;5;dlk_tbl_02922,dash_tbl_02443,dlk_tbl_01634,proc_tbl_04036,proc_tbl_00186;5;dlk_tbl_03768,gob_tbl_00543,gob_tbl_00360,dlk_ext_00751,dash_ext_00467
proc_proceso_0319;6;std_tbl_03688,dlk_tbl_04377,proc_tbl_00567,std_tbl_02728,gob_tbl_01705,dlk_tbl_01738;5;gob_tbl_01029,dlk_tbl_01492,dlk_tbl_01837,dlk_ext_00561,proc_ext_00415
proc_proceso_0320;4;dash_tbl_01131,dlk_tbl_01691,gob_tbl_03384,gob_tbl_02115;10;dash_tbl_02254,gob_tbl_00321,dlk_tbl_03694,gob_tbl_03171,gob_tbl_01345,gob_tbl_01035,dlk_ext_00269,dlk_ext_00596,dlk_ext_00472,gob_ext_00532
dlk_proceso_0321;2;dlk_tbl_02087,gob_tbl_04315;6;dash_tbl_01252,dlk_tbl_00470,dash_tbl_01859,dlk_ext_00742,gob_ext_00566,proc_ext_00514
gob_proceso_0322;3;std_tbl_01811,gob_tbl_01013,dlk_tbl_03298;17;std_tbl_03934,gob_tbl_01720,gob_tbl_02578,gob_tbl_02316,dlk_tbl_03383,gob_tbl_04112,dash_tbl_00994,dash_tbl_01667,proc_tbl_00510,gob_tbl_00548,dlk_ext_00682,gob_ext_00010,dlk_ext_00086,dlk_ext_00174,gob_ext_00752,gob_ext_00623,gob_ext_00172
dlk_proceso_0323;4;dlk_tbl_04049,dlk_tbl_01306,proc_tbl_03267,gob_tbl_00275;5;m4vw_tbl_03939,gob_tbl_04247,gob_tbl_00724,gob_ext_00227,proc_ext_00464
gob_proceso_0324;2;gob_tbl_03068,gob_tbl_00915;6;std_tbl_03592,gob_tbl_00313,gob_tbl_04354,gob_ext_00353,gob_ext_00266,proc_ext_00061
dlk_proceso_0325;2;std_tbl_00414,dash_tbl_00318;6;gob_tbl_02534,dlk_tbl_03894,gob_tbl_03820,dlk_ext_00138,dash_ext_00117,dash_ext_00008
gob_proceso_0326;4;gob_tbl_02325,dash_tbl_01610,proc_tbl_03769,proc_tbl_02764;6;dash_tbl_00795,gob_tbl_01014,dlk_tbl_00891,gob_ext_00718,dlk_ext_00632,dlk_ext_00607
dash_proceso_0327;2;gob_tbl_04368,proc_tbl_01717;7;dlk_tbl_00856,gob_tbl_00543,dash_tbl_03098,gob_tbl_02879,dash_ext_00366,ppn_ext_00109,dlk_ext_00554
gob_proceso_0328;2;proc_tbl_03613,gob_tbl_01441;8;dash_tbl_03429,gob_tbl_03878,dlk_tbl_00500,gob_tbl_02462,dlk_tbl_01534,gob_ext_00139,gob_ext_00182,dlk_ext_00012
dlk_proceso_0329;6;m4vw_tbl_02025,gob_tbl_00916,proc_tbl_03475,gob_tbl_01798,proc_tbl_03303,dlk_tbl_01411;10;dlk_tbl_01244,dlk_tbl_01336,dlk_tbl_00983,proc_tbl_03563,gob_tbl_00270,gob_tbl_03748,gob_ext_00423,gob_ext_00361,dlk_ext_00600,dash_ext_00638
dlk_proceso_0330;6;dlk_tbl_00459,gob_tbl_00859,dlk_tbl_03804,ppn_tbl_00062,proc_tbl_01303,proc_tbl_00791;8;dlk_tbl_01389,dlk_tbl_01065,dlk_tbl_00018,dash_tbl_02548,proc_tbl_01701,dlk_ext_00021,dlk_ext_00586,proc_ext_00641
dlk_proceso_0331;6;proc_tbl_02977,dlk_tbl_02329,gob_tbl_03380,dlk_tbl_01584,dlk_tbl_02719,dlk_tbl_04255;9;proc_tbl_02180,gob_tbl_00898,proc_tbl_01560,dlk_tbl_03370,gob_tbl_00581,dlk_ext_00628,std_ext_00726,dlk_ext_00447,gob_ext_00223
dlk_proceso_0332;6;dlk_tbl_04201,dlk_tbl_02149,std_tbl_01730,gob_tbl_01657,gob_tbl_03574,gob_tbl_02954;6;dlk_tbl_01844,gob_tbl_03399,gob_tbl_02232,dash_ext_00050,gob_ext_00123,gob_ext_00083
proc_proceso_0333;8;dlk_tbl_02240,dlk_tbl_00492,dlk_tbl_00176,dlk_tbl_02365,dlk_tbl_03676,gob_tbl_03867,proc_tbl_00557,dlk_tbl_03403;19;dlk_tbl_00890,dlk_tbl_02736,gob_tbl_04411,gob_tbl_02392,dlk_tbl_03725,ppn_tbl_00658,gob_tbl_00461,dash_tbl_00494,gob_tbl_00233,gob_tbl_02299,dlk_tbl_03416,gob_ext_00134,dash_ext_00207,dlk_ext_00251,gob_ext_00686,dlk_ext_00023,gob_ext_00154,dlk_ext_00171,gob_ext_00532
dlk_proceso_0334;2;std_tbl_03552,gob_tbl_00652;13;dlk_tbl_00181,proc_tbl_00854,dlk_tbl_01447,dlk_tbl_03376,dlk_tbl_02584,std_tbl_02350,dlk_tbl_03743,std_ext_00424,dlk_ext_00685,proc_ext_00514,gob_ext_00402,dlk_ext_00098,dash_ext_00020
gob_proceso_0335;2;gob_tbl_01877,std_tbl_00517;5;proc_tbl_02830,dlk_tbl_00459,gob_tbl_03695,dlk_ext_00274,dlk_ext_00044
dlk_proceso_0336;2;dlk_tbl_01099,dlk_tbl_01650;5;dash_tbl_03512,dlk_tbl_02860,dlk_tbl_00900,proc_ext_00382,proc_ext_00731
gob_proceso_0337;8;gob_tbl_03048,gob_tbl_00273,gob_tbl_03121,proc_tbl_03693,dlk_tbl_01676,dlk_tbl_01930,dlk_tbl_03823,gob_tbl_01911;5;proc_tbl_01779,dlk_tbl_01393,dlk_tbl_00367,dash_ext_00403,gob_ext_00402
dlk_proceso_0338;4;gob_tbl_04155,dash_tbl_04153,dlk_tbl_02419,dlk_tbl_00367;11;gob_tbl_00457,gob_tbl_02732,dlk_tbl_03279,gob_tbl_03864,dlk_tbl_01260,dlk_tbl_03914,ppn_ext_00109,gob_ext_00307,dash_ext_00659,dash_ext_00235,gob_ext_00264
gob_proceso_0339;7;gob_tbl_03575,dash_tbl_00880,gob_tbl_02416,dash_tbl_02914,proc_tbl_01603,dlk_tbl_02170,dlk_tbl_03185;9;gob_tbl_01523,gob_tbl_03830,gob_tbl_01345,dlk_tbl_02638,proc_tbl_01453,dash_ext_00419,dlk_ext_00522,gob_ext_00083,dlk_ext_00584
dlk_proceso_0340;6;proc_tbl_00793,dlk_tbl_03587,dlk_tbl_04134,dlk_tbl_02739,dlk_tbl_02744,gob_tbl_02597;11;proc_tbl_02773,proc_tbl_04270,dash_tbl_02434,gob_tbl_01275,proc_tbl_04425,dlk_tbl_02682,dlk_ext_00720,gob_ext_00303,gob_ext_00657,m4sco_ext_00018,gob_ext_00693
dlk_proceso_0341;6;gob_tbl_00874,gob_tbl_02271,gob_tbl_02796,dlk_tbl_00297,gob_tbl_01857,gob_tbl_02968;6;proc_tbl_02773,dlk_tbl_02189,dlk_tbl_04382,ppn_ext_00717,dlk_ext_00511,dlk_ext_00276
gob_proceso_0342;4;dash_tbl_02937,gob_tbl_01586,proc_tbl_01024,gob_tbl_02806;4;proc_tbl_01503,gob_tbl_03816,dlk_ext_00176,dash_ext_00339
dlk_proceso_0343;5;proc_tbl_00067,proc_tbl_03386,proc_tbl_03950,gob_tbl_03808,dlk_tbl_01094;12;gob_tbl_03038,dlk_tbl_00037,m4vw_tbl_01116,dlk_tbl_02689,gob_tbl_03361,proc_tbl_03496,dlk_tbl_02747,dlk_ext_00561,gob_ext_00503,proc_ext_00697,gob_ext_00479,dlk_ext_00024
gob_proceso_0344;6;gob_tbl_03051,dlk_tbl_02436,std_tbl_00499,gob_tbl_01280,gob_tbl_03315,proc_tbl_01110;5;gob_tbl_02105,gob_tbl_02870,dlk_tbl_00257,dash_ext_00275,dlk_ext_00543
dash_proceso_0345;7;gob_tbl_04021,gob_tbl_03649,dlk_tbl_02158,dlk_tbl_01745,gob_tbl_02543,dlk_tbl_02332,std_tbl_01759;9;dlk_tbl_03222,gob_tbl_01170,gob_tbl_01860,m4vw_tbl_02971,proc_tbl_01044,dash_ext_00008,m4vw_ext_00458,std_ext_00424,dash_ext_00638
dash_proceso_0346;5;dlk_tbl_01573,gob_tbl_02517,dlk_tbl_02557,gob_tbl_00355,proc_tbl_00989;7;dlk_tbl_02882,ppn_tbl_04001,gob_tbl_03640,dash_tbl_00302,proc_ext_00505,m4sco_ext_00037,dash_ext_00136
proc_proceso_0347;3;gob_tbl_03325,dlk_tbl_02619,dlk_tbl_00456;13;gob_tbl_02098,gob_tbl_03463,m4sco_tbl_02942,gob_tbl_03575,dash_tbl_02318,dlk_tbl_04402,dash_tbl_01741,proc_ext_00580,proc_ext_00705,gob_ext_00708,dash_ext_00529,dlk_ext_00468,dlk_ext_00251
gob_proceso_0348;4;dash_tbl_03086,gob_tbl_03270,ppn_tbl_02203,gob_tbl_01064;11;gob_tbl_00888,gob_tbl_01619,dlk_tbl_03765,proc_tbl_02498,dlk_tbl_02865,dlk_tbl_01526,dash_ext_00510,gob_ext_00443,dlk_ext_00222,gob_ext_00423,dlk_ext_00047
dlk_proceso_0349;2;dlk_tbl_03583,gob_tbl_03543;6;gob_tbl_01978,dash_tbl_01859,std_tbl_03724,dlk_ext_00472,proc_ext_00690,dlk_ext_00298
dlk_proceso_0350;4;dlk_tbl_02206,gob_tbl_00657,dlk_tbl_02781,gob_tbl_02423;9;dlk_tbl_03476,dlk_tbl_01357,dash_tbl_02269,gob_tbl_03667,dlk_tbl_01405,proc_ext_00711,dash_ext_00520,dlk_ext_00142,dash_ext_00299
dlk_proceso_0351;6;dlk_tbl_00569,proc_tbl_02875,dlk_tbl_04312,proc_tbl_03198,dlk_tbl_01390,dlk_tbl_00097;6;dlk_tbl_04276,gob_tbl_02662,dlk_tbl_03680,dlk_ext_00308,ppn_ext_00717,dlk_ext_00196
gob_proceso_0352;4;proc_tbl_02546,dash_tbl_01254,dlk_tbl_01909,gob_tbl_02523;7;dlk_tbl_01220,dlk_tbl_03894,dlk_tbl_00446,gob_tbl_04064,gob_ext_00055,dlk_ext_00377,dlk_ext_00004
dash_proceso_0353;2;dlk_tbl_01084,gob_tbl_00240;6;gob_tbl_01007,dlk_tbl_03453,dlk_tbl_03057,dlk_ext_00126,dlk_ext_00472,proc_ext_00157
gob_proceso_0354;4;dlk_tbl_04406,gob_tbl_00618,gob_tbl_02560,gob_tbl_00580;5;dlk_tbl_04362,dlk_tbl_04098,dlk_tbl_04122,gob_ext_00657,gob_ext_00512
dlk_proceso_0355;5;m4sco_tbl_04241,dlk_tbl_01553,dlk_tbl_03234,ppn_tbl_00346,dlk_tbl_01177;13;m4sco_tbl_02456,dash_tbl_04389,ppn_tbl_04104,proc_tbl_02644,proc_tbl_00704,dash_tbl_02567,dlk_tbl_00064,gob_ext_00381,std_ext_00597,m4sco_ext_00634,dlk_ext_00375,gob_ext_00144,proc_ext_00433
gob_proceso_0356;3;dlk_tbl_01413,m4vw_tbl_01289,proc_tbl_01782;13;proc_tbl_00526,proc_tbl_03776,dlk_tbl_01405,gob_tbl_01766,dlk_tbl_02390,gob_tbl_01995,gob_tbl_03210,gob_ext_00228,gob_ext_00307,gob_ext_00525,proc_ext_00064,dlk_ext_00080,dlk_ext_00691
dlk_proceso_0357;4;proc_tbl_04038,proc_tbl_03989,gob_tbl_00010,proc_tbl_00597;4;dlk_tbl_00962,dlk_tbl_02580,dlk_ext_00596,dash_ext_00419
dash_proceso_0358;3;gob_tbl_03585,proc_tbl_01865,dlk_tbl_04029;9;dash_tbl_01840,gob_tbl_03828,gob_tbl_00949,m4vw_tbl_02489,dlk_tbl_02135,dlk_ext_00478,dlk_ext_00720,gob_ext_00010,dlk_ext_00034
proc_proceso_0359;5;dash_tbl_02567,gob_tbl_03490,dash_tbl_02964,dlk_tbl_02306,dlk_tbl_03799;8;dlk_tbl_00217,gob_tbl_00524,gob_tbl_02105,dash_tbl_01904,dlk_tbl_00860,ppn_ext_00256,gob_ext_00544,dlk_ext_00519
dash_proceso_0360;2;gob_tbl_01206,std_tbl_00577;7;dlk_tbl_03653,dlk_tbl_01478,gob_tbl_03827,std_tbl_03287,gob_ext_00657,gob_ext_00057,m4vw_ext_00458
proc_proceso_0361;3;gob_tbl_02872,gob_tbl_03820,dlk_tbl_00023;13;dlk_tbl_04263,gob_tbl_02603,dlk_tbl_03938,gob_tbl_01215,dlk_tbl_00237,dash_tbl_03746,std_tbl_03592,dlk_ext_00644,dlk_ext_00407,dlk_ext_00511,gob_ext_00303,gob_ext_00571,gob_ext_00129
dlk_proceso_0362;5;proc_tbl_04125,proc_tbl_01830,gob_tbl_01143,gob_tbl_01493,dlk_tbl_00983;12;gob_tbl_03226,gob_tbl_03259,gob_tbl_02126,proc_tbl_04221,dash_tbl_00600,dlk_tbl_00225,dlk_tbl_03978,dash_ext_00235,proc_ext_00200,dlk_ext_00059,gob_ext_00708,dlk_ext_00130
proc_proceso_0363;5;dlk_tbl_03308,proc_tbl_03565,dash_tbl_04019,gob_tbl_00122,gob_tbl_01773;9;gob_tbl_01700,dlk_tbl_00317,gob_tbl_02181,m4sco_tbl_00642,dlk_tbl_03914,proc_ext_00202,dlk_ext_00666,dlk_ext_00561,gob_ext_00245
gob_proceso_0364;5;gob_tbl_00294,dlk_tbl_03745,proc_tbl_03241,gob_tbl_01077,gob_tbl_03540;13;dlk_tbl_01139,proc_tbl_02184,gob_tbl_02868,dlk_tbl_03545,gob_tbl_00441,gob_tbl_02949,dash_tbl_01859,proc_ext_00102,gob_ext_00662,dash_ext_00647,dash_ext_00020,dlk_ext_00389,gob_ext_00177
dlk_proceso_0365;4;gob_tbl_01988,proc_tbl_00905,dlk_tbl_03183,gob_tbl_01049;17;dlk_tbl_00768,dlk_tbl_00549,m4sco_tbl_00642,proc_tbl_02228,dash_tbl_04274,dlk_tbl_02018,dlk_tbl_04167,proc_tbl_00509,proc_tbl_01451,dash_tbl_01610,gob_ext_00307,dlk_ext_00715,gob_ext_00209,gob_ext_00105,proc_ext_00370,dlk_ext_00567,dlk_ext_00225
proc_proceso_0366;5;proc_tbl_00156,gob_tbl_00961,dlk_tbl_01179,dlk_tbl_04192,proc_tbl_03060;5;dlk_tbl_00765,dash_tbl_01859,dlk_tbl_02569,dlk_ext_00215,proc_ext_00550
gob_proceso_0367;6;gob_tbl_03226,std_tbl_04028,dlk_tbl_01237,dash_tbl_03332,dlk_tbl_03602,dlk_tbl_00326;11;gob_tbl_01869,dlk_tbl_01985,gob_tbl_00581,m4vw_tbl_01425,dlk_tbl_04168,gob_tbl_01726,proc_ext_00148,m4sco_ext_00305,dash_ext_00432,gob_ext_00622,gob_ext_00551
dlk_proceso_0368;6;gob_tbl_03831,dlk_tbl_02130,dlk_tbl_02214,gob_tbl_03832,dash_tbl_01146,gob_tbl_03812;13;proc_tbl_00287,dash_tbl_04161,dlk_tbl_04189,std_tbl_02350,gob_tbl_01791,dlk_tbl_03277,dlk_tbl_02149,dlk_ext_00570,dlk_ext_00583,dash_ext_00050,gob_ext_00364,dlk_ext_00269,dlk_ext_00703
dlk_proceso_0369;2;dlk_tbl_01519,dash_tbl_03007;6;dash_tbl_00315,gob_tbl_04173,dlk_tbl_00909,dash_ext_00302,std_ext_00694,gob_ext_00657
dlk_proceso_0370;6;gob_tbl_02670,gob_tbl_03664,dlk_tbl_03321,gob_tbl_00498,gob_tbl_02418,dlk_tbl_01656;6;dash_tbl_02399,dlk_tbl_03888,dlk_tbl_00361,gob_ext_00172,gob_ext_00376,gob_ext_00139
dlk_proceso_0371;3;dlk_tbl_02475,dlk_tbl_00592,proc_tbl_04047;13;m4vw_tbl_03054,gob_tbl_01187,proc_tbl_00584,dash_tbl_00519,dlk_tbl_03453,dlk_tbl_01157,gob_tbl_02377,gob_ext_00223,gob_ext_00471,gob_ext_00039,dlk_ext_00024,proc_ext_00705,dlk_ext_00500
dlk_proceso_0372;5;std_tbl_00734,proc_tbl_03207,gob_tbl_01058,dlk_tbl_01405,dlk_tbl_03854;8;gob_tbl_02008,dash_tbl_01839,dash_tbl_01602,dlk_tbl_03680,dlk_tbl_04394,dlk_ext_00034,dash_ext_00050,gob_ext_00268
gob_proceso_0373;8;proc_tbl_04309,gob_tbl_00323,dlk_tbl_02354,m4vw_tbl_01116,dlk_tbl_03873,std_tbl_03724,dlk_tbl_00020,gob_tbl_01251;24;dash_tbl_02604,gob_tbl_04156,std_tbl_04107,dlk_tbl_01583,dlk_tbl_03886,dlk_tbl_00707,dlk_tbl_00357,gob_tbl_04064,dlk_tbl_01055,dlk_tbl_01909,proc_tbl_04407,gob_tbl_04162,ppn_tbl_03964,proc_tbl_01879,dash_ext_00117,proc_ext_00427,proc_ext_00661,std_ext_00726,gob_ext_00127,dlk_ext_00685,gob_ext_00131,dash_ext_00467,std_ext_00654,dlk_ext_00468
gob_proceso_0374;3;dlk_tbl_00436,std_tbl_03328,dlk_tbl_03721;13;gob_tbl_04006,dlk_tbl_04167,dlk_tbl_00761,proc_tbl_04042,gob_tbl_01302,proc_tbl_01453,proc_tbl_04246,proc_ext_00415,dash_ext_00746,dlk_ext_00454,dash_ext_00604,gob_ext_00010,proc_ext_00382
dlk_proceso_0375;2;gob_tbl_03100,proc_tbl_00649;7;dlk_tbl_00674,gob_tbl_00095,gob_tbl_02282,dash_tbl_04413,m4sco_ext_00634,gob_ext_00297,gob_ext_00264
dlk_proceso_0376;4;gob_tbl_04299,gob_tbl_03936,gob_tbl_03373,gob_tbl_00048;9;dlk_tbl_00451,dlk_tbl_01115,gob_tbl_01161,dlk_tbl_02689,gob_tbl_03473,gob_ext_00293,dlk_ext_00463,proc_ext_00670,gob_ext_00502
dlk_proceso_0377;4;gob_tbl_01756,dlk_tbl_01363,gob_tbl_00088,gob_tbl_01882;6;gob_tbl_01627,dlk_tbl_03978,dlk_tbl_01405,gob_ext_00383,gob_ext_00410,dlk_ext_00595
dlk_proceso_0378;4;gob_tbl_00321,proc_tbl_01893,proc_tbl_00287,proc_tbl_01010;11;gob_tbl_01362,gob_tbl_02879,dlk_tbl_00599,gob_tbl_02388,m4vw_tbl_01155,gob_tbl_03882,dlk_ext_00023,dlk_ext_00081,dlk_ext_00449,m4vw_ext_00137,dash_ext_00334
dash_proceso_0379;3;gob_tbl_04082,gob_tbl_03368,std_tbl_01167;8;gob_tbl_03783,proc_tbl_02749,proc_tbl_00694,gob_tbl_02105,proc_tbl_01744,dlk_ext_00174,dlk_ext_00298,dlk_ext_00300
proc_proceso_0380;5;dlk_tbl_01129,gob_tbl_02647,dlk_tbl_01679,dlk_tbl_01724,proc_tbl_00077;13;gob_tbl_02879,gob_tbl_03807,gob_tbl_02543,dlk_tbl_03969,dlk_tbl_02646,dlk_tbl_01561,dlk_tbl_02882,gob_ext_00119,proc_ext_00709,dlk_ext_00212,dlk_ext_00612,gob_ext_00261,gob_ext_00539
proc_proceso_0381;4;dlk_tbl_00199,dlk_tbl_02838,proc_tbl_03612,gob_tbl_02358;4;m4sco_tbl_00280,proc_tbl_01319,proc_ext_00433,gob_ext_00357
gob_proceso_0382;6;dlk_tbl_01998,gob_tbl_00433,gob_tbl_00082,gob_tbl_04235,dash_tbl_03313,dlk_tbl_00410;4;dlk_tbl_02027,gob_tbl_00831,gob_ext_00156,dash_ext_00310
proc_proceso_0383;6;gob_tbl_00193,proc_tbl_02509,gob_tbl_01652,gob_tbl_04210,dash_tbl_03666,dlk_tbl_02182;6;gob_tbl_04326,proc_tbl_01152,gob_tbl_00882,dash_ext_00722,proc_ext_00379,proc_ext_00555
dlk_proceso_0384;3;gob_tbl_02617,m4vw_tbl_00689,gob_tbl_00396;9;gob_tbl_02732,proc_tbl_00510,dlk_tbl_00792,dlk_tbl_03997,dlk_tbl_00150,proc_ext_00663,gob_ext_00151,dlk_ext_00023,dash_ext_00419
proc_proceso_0385;5;dlk_tbl_03370,dlk_tbl_02570,proc_tbl_03448,std_tbl_03406,proc_tbl_04024;4;proc_tbl_01503,dash_tbl_03392,gob_ext_00376,dlk_ext_00027
proc_proceso_0386;5;gob_tbl_00028,proc_tbl_03539,dlk_tbl_03271,dash_tbl_00340,dlk_tbl_03635;5;proc_tbl_04119,proc_tbl_02184,std_tbl_03287,gob_ext_00413,dlk_ext_00401
gob_proceso_0387;6;dlk_tbl_00112,dlk_tbl_02465,dlk_tbl_03255,dlk_tbl_00596,gob_tbl_02474,std_tbl_02076;9;dash_tbl_01867,dlk_tbl_04185,dlk_tbl_01569,dlk_tbl_03631,proc_tbl_00168,gob_ext_00227,gob_ext_00479,gob_ext_00350,dash_ext_00446
dlk_proceso_0388;2;gob_tbl_02459,dash_tbl_02345;13;gob_tbl_03864,gob_tbl_02028,dlk_tbl_00669,gob_tbl_00906,proc_tbl_01931,gob_tbl_00140,std_tbl_02532,dash_ext_00411,gob_ext_00502,gob_ext_00000,proc_ext_00140,gob_ext_00489,gob_ext_00167
dlk_proceso_0389;2;dash_tbl_02576,gob_tbl_00739;12;dlk_tbl_01393,dlk_tbl_02378,dlk_tbl_04424,gob_tbl_02712,proc_tbl_00476,dlk_tbl_02319,gob_tbl_00803,dlk_ext_00583,gob_ext_00592,dlk_ext_00215,dlk_ext_00440,dlk_ext_00029
dlk_proceso_0390;5;gob_tbl_00188,dlk_tbl_00710,gob_tbl_01814,dlk_tbl_01213,dlk_tbl_02736;11;gob_tbl_03419,gob_tbl_04222,m4sco_tbl_00185,gob_tbl_02608,proc_tbl_03976,dash_tbl_03962,gob_ext_00512,gob_ext_00261,dash_ext_00241,proc_ext_00745,gob_ext_00266
dlk_proceso_0391;3;dlk_tbl_02919,proc_tbl_00731,dlk_tbl_04197;4;gob_tbl_03913,gob_tbl_01813,dlk_ext_00048,dlk_ext_00149
dash_proceso_0392;4;dlk_tbl_01318,dash_tbl_03338,dlk_tbl_03894,gob_tbl_02280;7;gob_tbl_01233,dlk_tbl_03635,dash_tbl_02947,dlk_tbl_03968,gob_ext_00325,proc_ext_00646,gob_ext_00609
dlk_proceso_0393;6;std_tbl_02676,dlk_tbl_00301,gob_tbl_00838,dlk_tbl_00050,dlk_tbl_01922,dlk_tbl_01370;13;proc_tbl_04158,gob_tbl_03369,dash_tbl_03055,gob_tbl_02420,gob_tbl_04162,gob_tbl_00688,gob_tbl_00839,dlk_ext_00197,dlk_ext_00576,dlk_ext_00387,dlk_ext_00625,dash_ext_00432,dlk_ext_00251
gob_proceso_0394;5;dlk_tbl_04308,dlk_tbl_02231,dlk_tbl_00226,proc_tbl_00168,std_tbl_00556;19;gob_tbl_00763,dlk_tbl_00492,gob_tbl_02282,gob_tbl_00513,dlk_tbl_02997,gob_tbl_03280,m4sco_tbl_02803,gob_tbl_00234,std_tbl_01872,dlk_tbl_02055,dlk_tbl_03895,dash_ext_00432,dlk_ext_00251,dash_ext_00534,proc_ext_00641,dash_ext_00647,std_ext_00153,proc_ext_00697,dash_ext_00638
gob_proceso_0395;6;dlk_tbl_02397,gob_tbl_01936,dlk_tbl_01528,gob_tbl_00725,dash_tbl_04408,dlk_tbl_04163;13;dlk_tbl_02736,gob_tbl_00847,gob_tbl_02879,dlk_tbl_00627,proc_tbl_04327,dash_tbl_03354,gob_tbl_03619,ppn_ext_00496,gob_ext_00058,gob_ext_00623,gob_ext_00307,gob_ext_00616,dlk_ext_00519
dlk_proceso_0396;6;ppn_tbl_03964,gob_tbl_02990,gob_tbl_01473,dlk_tbl_02362,gob_tbl_02976,gob_tbl_00194;10;gob_tbl_02815,proc_tbl_01702,gob_tbl_03857,gob_tbl_00554,dlk_tbl_01431,dlk_tbl_04356,gob_ext_00668,dlk_ext_00108,dlk_ext_00511,proc_ext_00646
dash_proceso_0397;6;dlk_tbl_00216,proc_tbl_02218,gob_tbl_00348,proc_tbl_00741,dlk_tbl_02080,gob_tbl_00458;11;gob_tbl_02108,gob_tbl_04040,gob_tbl_02954,std_tbl_00175,proc_tbl_00610,dlk_tbl_03635,gob_ext_00209,gob_ext_00325,gob_ext_00172,gob_ext_00159,proc_ext_00345
proc_proceso_0398;2;dlk_tbl_04168,dlk_tbl_03205;7;dlk_tbl_00868,dash_tbl_02193,dlk_tbl_01139,dlk_tbl_01679,gob_ext_00357,proc_ext_00180,gob_ext_00067
gob_proceso_0399;5;dlk_tbl_00400,std_tbl_01856,proc_tbl_04042,proc_tbl_01873,proc_tbl_02926;14;dlk_tbl_00000,gob_tbl_02468,dash_tbl_02254,dlk_tbl_00171,dlk_tbl_02882,gob_tbl_01061,dlk_tbl_00824,dlk_tbl_03703,gob_ext_00188,dash_ext_00270,dash_ext_00671,dlk_ext_00081,dash_ext_00366,gob_ext_00105
proc_proceso_0400;5;gob_tbl_01993,gob_tbl_01178,proc_tbl_01701,gob_tbl_01367,dlk_tbl_03295;8;gob_tbl_02560,dlk_tbl_01375,gob_tbl_03706,proc_tbl_00992,std_tbl_01096,dlk_ext_00070,gob_ext_00233,dash_ext_00621
proc_proceso_0401;8;proc_tbl_02574,gob_tbl_01371,dash_tbl_03042,proc_tbl_00032,ppn_tbl_04084,dlk_tbl_02564,m4sco_tbl_01230,dash_tbl_01794;7;proc_tbl_01414,proc_tbl_00168,gob_tbl_03733,proc_tbl_03921,ppn_ext_00163,gob_ext_00462,gob_ext_00617
dlk_proceso_0402;5;dlk_tbl_02565,gob_tbl_03254,dlk_tbl_01885,gob_tbl_02585,gob_tbl_00833;12;dash_tbl_00545,dlk_tbl_00286,gob_tbl_00939,gob_tbl_03661,m4sco_tbl_02942,gob_tbl_03864,std_tbl_02683,gob_ext_00288,m4sco_ext_00305,std_ext_00417,gob_ext_00426,gob_ext_00623
dash_proceso_0403;6;dlk_tbl_02556,dlk_tbl_01693,gob_tbl_03142,gob_tbl_02368,m4vw_tbl_00123,gob_tbl_01219;6;proc_tbl_04423,gob_tbl_02126,dlk_tbl_04141,gob_ext_00168,dlk_ext_00253,dash_ext_00051
dlk_proceso_0404;2;gob_tbl_02274,gob_tbl_03452;10;proc_tbl_01625,dlk_tbl_01205,proc_tbl_01010,gob_tbl_04348,proc_tbl_02876,gob_tbl_02105,gob_ext_00589,gob_ext_00159,dlk_ext_00611,dlk_ext_00389
dash_proceso_0405;6;dlk_tbl_03810,dash_tbl_03204,proc_tbl_03151,gob_tbl_04191,gob_tbl_00281,dlk_tbl_00394;16;dlk_tbl_00909,dlk_tbl_00959,proc_tbl_01303,gob_tbl_00214,gob_tbl_02670,dash_tbl_02046,dlk_tbl_02013,gob_tbl_02134,dlk_tbl_03814,dlk_ext_00543,ppn_ext_00163,gob_ext_00336,gob_ext_00127,dlk_ext_00472,gob_ext_00139,gob_ext_00513
gob_proceso_0406;2;gob_tbl_03220,dlk_tbl_03359;15;proc_tbl_01784,dash_tbl_01240,proc_tbl_02051,proc_tbl_03028,gob_tbl_02597,proc_tbl_00079,dlk_tbl_02672,proc_tbl_04268,dlk_tbl_00157,dlk_ext_00561,proc_ext_00033,gob_ext_00264,gob_ext_00749,gob_ext_00124,gob_ext_00735
dlk_proceso_0407;4;dlk_tbl_01519,dash_tbl_02938,dash_tbl_02889,m4sco_tbl_02800;10;dash_tbl_02043,dlk_tbl_01389,dlk_tbl_01133,gob_tbl_00385,proc_tbl_04246,proc_tbl_00650,dlk_ext_00024,gob_ext_00732,gob_ext_00172,gob_ext_00007
dlk_proceso_0408;2;dlk_tbl_02243,dlk_tbl_03223;8;std_tbl_02590,dlk_tbl_00940,proc_tbl_03378,dlk_tbl_04362,gob_tbl_00054,gob_ext_00206,dlk_ext_00651,dlk_ext_00612
dlk_proceso_0409;3;dash_tbl_01284,dash_tbl_01982,dlk_tbl_01845;14;gob_tbl_03763,dlk_tbl_03337,dlk_tbl_03785,proc_tbl_02761,dlk_tbl_03356,dlk_tbl_02439,dlk_tbl_02774,gob_tbl_01358,gob_ext_00353,dash_ext_00722,dash_ext_00160,gob_ext_00494,dlk_ext_00522,dlk_ext_00053
dash_proceso_0410;5;dlk_tbl_01549,dlk_tbl_04314,ppn_tbl_01325,gob_tbl_01418,dlk_tbl_04205;11;gob_tbl_01228,dlk_tbl_03266,gob_tbl_00888,proc_tbl_02204,dlk_tbl_01844,dash_tbl_01733,gob_ext_00119,dlk_ext_00720,gob_ext_00480,gob_ext_00007,gob_ext_00474
gob_proceso_0411;3;dash_tbl_04202,ppn_tbl_01635,dash_tbl_01890;15;dlk_tbl_01129,gob_tbl_02165,gob_tbl_02064,gob_tbl_04096,gob_tbl_04388,m4vw_tbl_03939,gob_tbl_01263,proc_tbl_02848,gob_tbl_01226,gob_ext_00214,gob_ext_00489,gob_ext_00154,dash_ext_00285,gob_ext_00165,dash_ext_00334
dash_proceso_0412;5;dlk_tbl_01824,dlk_tbl_04122,gob_tbl_00817,gob_tbl_01588,dlk_tbl_03309;13;dlk_tbl_02188,dlk_tbl_00863,gob_tbl_02913,gob_tbl_00927,dlk_tbl_02419,proc_tbl_03531,dlk_tbl_01448,gob_ext_00139,std_ext_00153,dlk_ext_00215,gob_ext_00007,gob_ext_00657,proc_ext_00202
proc_proceso_0413;2;dlk_tbl_02521,gob_tbl_03706;20;dlk_tbl_04382,gob_tbl_00796,gob_tbl_04021,gob_tbl_04209,dash_tbl_04149,proc_tbl_00650,gob_tbl_02040,gob_tbl_01020,proc_tbl_02773,gob_tbl_03010,gob_tbl_01398,dlk_tbl_00955,dlk_ext_00347,dlk_ext_00269,dlk_ext_00628,gob_ext_00506,m4vw_ext_00664,gob_ext_00181,proc_ext_00464,gob_ext_00461
proc_proceso_0414;3;gob_tbl_02061,dlk_tbl_01004,proc_tbl_03689;6;gob_tbl_03130,proc_tbl_01994,proc_tbl_01515,dlk_ext_00563,dlk_ext_00531,gob_ext_00353
gob_proceso_0415;3;gob_tbl_02303,gob_tbl_03796,dlk_tbl_04396;12;gob_tbl_00607,gob_tbl_02585,gob_tbl_04063,gob_tbl_02143,gob_tbl_03107,dlk_tbl_00765,proc_tbl_01752,gob_ext_00533,dlk_ext_00126,dlk_ext_00408,gob_ext_00159,dlk_ext_00472
dlk_proceso_0416;3;dlk_tbl_01888,gob_tbl_04422,gob_tbl_03159;6;dlk_tbl_00699,dlk_tbl_00929,gob_tbl_02823,dlk_ext_00543,dlk_ext_00027,proc_ext_00649
dash_proceso_0417;6;dlk_tbl_00328,std_tbl_04186,dlk_tbl_02978,dlk_tbl_02547,dlk_tbl_02101,dlk_tbl_00588;11;gob_tbl_03648,dlk_tbl_03447,gob_tbl_03116,gob_tbl_03525,dlk_tbl_01147,proc_tbl_02073,dash_ext_00117,dlk_ext_00316,dlk_ext_00034,dash_ext_00299,gob_ext_00068
gob_proceso_0418;6;dlk_tbl_03610,gob_tbl_04164,proc_tbl_02797,gob_tbl_00755,gob_tbl_00220,proc_tbl_01479;15;gob_tbl_02872,dlk_tbl_01430,std_tbl_00005,gob_tbl_01567,dlk_tbl_01589,dlk_tbl_04396,proc_tbl_01303,gob_tbl_03649,dlk_tbl_03895,gob_ext_00228,proc_ext_00140,gob_ext_00266,gob_ext_00307,dlk_ext_00016,proc_ext_00102
proc_proceso_0419;3;dlk_tbl_00047,dlk_tbl_00483,dlk_tbl_02641;13;dlk_tbl_01975,dlk_tbl_01561,dash_tbl_04372,gob_tbl_02746,gob_tbl_02913,dash_tbl_01118,gob_tbl_00986,gob_ext_00688,dlk_ext_00637,dlk_ext_00298,dlk_ext_00212,proc_ext_00379,gob_ext_00410
dlk_proceso_0420;7;std_tbl_03941,dlk_tbl_02808,gob_tbl_02082,dlk_tbl_01590,dlk_tbl_03625,dash_tbl_02814,dlk_tbl_01900;11;gob_tbl_03538,std_tbl_03688,gob_tbl_03783,proc_tbl_04158,dlk_tbl_01139,proc_tbl_02970,dlk_ext_00269,gob_ext_00119,proc_ext_00641,gob_ext_00329,dlk_ext_00098
gob_proceso_0421;4;m4vw_tbl_04137,dlk_tbl_00963,gob_tbl_00457,gob_tbl_01626;6;gob_tbl_02105,proc_tbl_04412,proc_tbl_01784,ppn_ext_00163,gob_ext_00227,dlk_ext_00044
dlk_proceso_0422;4;gob_tbl_02609,gob_tbl_03922,m4vw_tbl_03880,dlk_tbl_02352;13;dlk_tbl_00851,gob_tbl_02693,proc_tbl_02758,gob_tbl_04026,gob_tbl_00100,gob_tbl_02159,gob_tbl_01828,dlk_ext_00116,dlk_ext_00457,gob_ext_00321,gob_ext_00475,gob_ext_00405,dlk_ext_00719
dlk_proceso_0423;6;dlk_tbl_03450,proc_tbl_02891,std_tbl_03926,proc_tbl_03710,gob_tbl_03682,gob_tbl_01748;4;dlk_tbl_01211,dash_tbl_01253,dlk_ext_00600,m4vw_ext_00147
gob_proceso_0424;3;dlk_tbl_01417,gob_tbl_02530,dash_tbl_00419;7;dash_tbl_02478,gob_tbl_00464,dlk_tbl_02066,m4vw_tbl_03547,dash_ext_00207,gob_ext_00159,dlk_ext_00074
gob_proceso_0425;6;dlk_tbl_03495,dlk_tbl_03899,gob_tbl_02408,gob_tbl_02867,gob_tbl_03094,dlk_tbl_00625;13;ppn_tbl_04061,gob_tbl_01903,proc_tbl_02546,gob_tbl_03575,gob_tbl_00887,dash_tbl_00870,gob_tbl_03920,gob_ext_00622,dlk_ext_00023,proc_ext_00683,gob_ext_00708,m4sco_ext_00037,gob_ext_00280
gob_proceso_0426;2;gob_tbl_02093,dlk_tbl_00669;6;std_tbl_02326,proc_tbl_03776,gob_tbl_02113,std_ext_00194,gob_ext_00686,dlk_ext_00081
dlk_proceso_0427;2;proc_tbl_00059,gob_tbl_01536;7;proc_tbl_01852,dlk_tbl_00674,dlk_tbl_00843,std_tbl_04196,dlk_ext_00108,gob_ext_00640,dlk_ext_00121
gob_proceso_0428;3;proc_tbl_01423,dlk_tbl_00784,proc_tbl_03202;4;proc_tbl_02773,gob_tbl_02296,dash_ext_00467,dash_ext_00636
gob_proceso_0429;3;dlk_tbl_03093,gob_tbl_03467,proc_tbl_03638;6;dlk_tbl_01506,dlk_tbl_03279,std_tbl_01078,std_ext_00237,m4vw_ext_00014,dlk_ext_00365
gob_proceso_0430;4;m4sco_tbl_00605,dash_tbl_01810,gob_tbl_01903,proc_tbl_01912;7;gob_tbl_03325,dlk_tbl_00542,dlk_tbl_00956,gob_tbl_01125,dash_ext_00467,gob_ext_00696,dlk_ext_00354
dlk_proceso_0431;6;dlk_tbl_03580,dlk_tbl_03904,dash_tbl_01240,proc_tbl_01754,gob_tbl_00534,dlk_tbl_03571;15;gob_tbl_03827,gob_tbl_02137,dlk_tbl_00316,dlk_tbl_00480,gob_tbl_02173,gob_tbl_01371,dlk_tbl_00196,gob_tbl_00965,gob_tbl_03038,dlk_ext_00598,dash_ext_00674,gob_ext_00657,proc_ext_00483,dlk_ext_00204,gob_ext_00402
gob_proceso_0432;3;gob_tbl_02298,dlk_tbl_03527,gob_tbl_01860;12;dlk_tbl_04163,proc_tbl_04319,dlk_tbl_01009,m4vw_tbl_04151,proc_tbl_00816,gob_tbl_00965,dlk_tbl_03513,dlk_ext_00222,proc_ext_00335,gob_ext_00161,dlk_ext_00111,dlk_ext_00519
proc_proceso_0433;7;gob_tbl_03396,gob_tbl_02635,m4vw_tbl_03985,proc_tbl_01453,proc_tbl_01392,dlk_tbl_00762,gob_tbl_00469;11;dlk_tbl_02006,dash_tbl_01253,gob_tbl_04027,gob_tbl_02341,dlk_tbl_02293,gob_tbl_01461,std_ext_00424,gob_ext_00127,proc_ext_00115,proc_ext_00734,dlk_ext_00644
dlk_proceso_0434;3;gob_tbl_01970,dlk_tbl_02448,dlk_tbl_04392;15;dlk_tbl_03395,proc_tbl_01638,dlk_tbl_02894,gob_tbl_01007,gob_tbl_01473,dlk_tbl_02851,gob_tbl_03718,dash_tbl_02884,gob_tbl_02962,dlk_ext_00024,proc_ext_00333,dlk_ext_00625,dlk_ext_00576,dlk_ext_00196,dlk_ext_00174
dlk_proceso_0435;2;gob_tbl_01485,gob_tbl_03687;5;proc_tbl_01503,gob_tbl_03300,dlk_tbl_03846,dlk_ext_00190,dash_ext_00419
dlk_proceso_0436;6;proc_tbl_01681,gob_tbl_00081,std_tbl_03471,dlk_tbl_01929,gob_tbl_03988,dash_tbl_03774;21;gob_tbl_02377,gob_tbl_04264,dlk_tbl_03875,std_tbl_01078,dlk_tbl_00983,gob_tbl_00010,gob_tbl_04131,gob_tbl_00296,dlk_tbl_02930,proc_tbl_04370,gob_tbl_02917,dlk_tbl_00002,dash_ext_00117,gob_ext_00301,gob_ext_00747,gob_ext_00538,proc_ext_00415,dlk_ext_00515,gob_ext_00214,dash_ext_00659,dlk_ext_00108
dlk_proceso_0437;5;gob_tbl_03758,dlk_tbl_02865,gob_tbl_01697,gob_tbl_00177,dash_tbl_01377;13;dlk_tbl_03919,dlk_tbl_00900,dash_tbl_00778,dash_tbl_01108,gob_tbl_03170,dlk_tbl_00876,gob_tbl_02201,dlk_ext_00355,gob_ext_00210,gob_ext_00599,gob_ext_00539,std_ext_00229,gob_ext_00662
dlk_proceso_0438;4;dlk_tbl_04023,gob_tbl_01799,gob_tbl_04366,dlk_tbl_03468;4;dlk_tbl_01383,dlk_tbl_01266,dash_ext_00066,proc_ext_00345
dash_proceso_0439;6;dash_tbl_01351,proc_tbl_02674,gob_tbl_03410,gob_tbl_04330,dlk_tbl_01606,dash_tbl_03550;9;gob_tbl_03779,gob_tbl_01135,proc_tbl_03297,gob_tbl_04112,gob_tbl_03618,dash_ext_00346,dlk_ext_00738,proc_ext_00415,proc_ext_00588
dash_proceso_0440;5;gob_tbl_00844,std_tbl_04244,dlk_tbl_02727,gob_tbl_03154,gob_tbl_03438;14;gob_tbl_02173,dash_tbl_03026,dlk_tbl_03043,gob_tbl_03761,dlk_tbl_03223,dlk_tbl_00064,dlk_tbl_02013,proc_tbl_00238,gob_ext_00364,gob_ext_00127,proc_ext_00483,gob_ext_00532,gob_ext_00737,gob_ext_00461
dlk_proceso_0441;6;dlk_tbl_01555,dlk_tbl_02063,gob_tbl_04094,gob_tbl_01858,dlk_tbl_03518,dlk_tbl_04118;6;proc_tbl_02849,dlk_tbl_00125,gob_tbl_02614,proc_ext_00379,proc_ext_00343,dash_ext_00403
proc_proceso_0442;3;gob_tbl_03324,m4sco_tbl_00743,proc_tbl_03557;13;dash_tbl_00053,ppn_tbl_03856,gob_tbl_00413,dlk_tbl_02354,dlk_tbl_02524,gob_tbl_00548,dlk_tbl_00466,proc_ext_00234,dlk_ext_00240,dlk_ext_00108,dash_ext_00722,dash_ext_00160,dlk_ext_00591
dlk_proceso_0443;4;dlk_tbl_02356,proc_tbl_01818,gob_tbl_01826,proc_tbl_02204;9;dash_tbl_01432,dlk_tbl_02214,dlk_tbl_04056,proc_tbl_02752,gob_tbl_01427,gob_ext_00353,std_ext_00694,gob_ext_00227,dash_ext_00675
gob_proceso_0444;3;gob_tbl_02183,dlk_tbl_01281,m4sco_tbl_04401;7;gob_tbl_03753,dash_tbl_01038,gob_tbl_00700,dlk_tbl_01506,dlk_ext_00276,proc_ext_00011,dlk_ext_00377
gob_proceso_0445;5;gob_tbl_02047,dlk_tbl_03376,dlk_tbl_00612,dlk_tbl_03500,dlk_tbl_00550;9;proc_tbl_01503,proc_tbl_01681,gob_tbl_03169,dlk_tbl_03309,m4sco_tbl_02514,dash_ext_00066,dlk_ext_00440,dlk_ext_00311,dlk_ext_00023
dlk_proceso_0446;5;gob_tbl_02928,dlk_tbl_00899,std_tbl_02335,gob_tbl_00255,proc_tbl_04158;12;dlk_tbl_01476,dlk_tbl_00450,std_tbl_00556,gob_tbl_02793,dlk_tbl_02135,dlk_tbl_04418,std_tbl_01872,gob_ext_00132,gob_ext_00421,dlk_ext_00665,dlk_ext_00652,dlk_ext_00300
proc_proceso_0447;7;dlk_tbl_03743,dlk_tbl_01311,dlk_tbl_02209,dlk_tbl_03103,dlk_tbl_03869,proc_tbl_04397,dlk_tbl_02227;10;gob_tbl_00528,dlk_tbl_00226,dash_tbl_03825,dlk_tbl_03957,dash_tbl_01862,gob_tbl_00688,proc_ext_00582,dlk_ext_00687,gob_ext_00211,dash_ext_00404
proc_proceso_0448;4;dlk_tbl_01786,gob_tbl_03561,gob_tbl_00354,proc_tbl_03508;11;dlk_tbl_00572,dlk_tbl_00636,proc_tbl_00156,dlk_tbl_02449,ppn_tbl_02203,gob_tbl_00240,dlk_ext_00027,gob_ext_00056,gob_ext_00000,dlk_ext_00283,dlk_ext_00401
proc_proceso_0449;8;gob_tbl_00529,proc_tbl_00647,dash_tbl_03186,m4sco_tbl_01484,proc_tbl_00704,m4sco_tbl_01593,dlk_tbl_02385,gob_tbl_01191;14;gob_tbl_03318,gob_tbl_02791,dash_tbl_04175,m4sco_tbl_03431,dlk_tbl_01074,gob_tbl_03029,m4sco_tbl_01242,std_tbl_02858,proc_ext_00745,dlk_ext_00283,dlk_ext_00596,gob_ext_00480,m4vw_ext_00438,gob_ext_00325
gob_proceso_0450;5;proc_tbl_03393,gob_tbl_00015,gob_tbl_01544,dlk_tbl_02400,gob_tbl_03781;8;proc_tbl_03883,dash_tbl_01257,dlk_tbl_02651,std_tbl_02683,gob_tbl_03801,gob_ext_00272,gob_ext_00364,proc_ext_00741
dash_proceso_0451;7;gob_tbl_01866,gob_tbl_02098,gob_tbl_02623,gob_tbl_01003,proc_tbl_03890,proc_tbl_04043,dlk_tbl_00699;9;m4sco_tbl_04414,gob_tbl_04000,gob_tbl_01398,gob_tbl_04204,dlk_tbl_02533,gob_ext_00057,dlk_ext_00545,gob_ext_00513,dlk_ext_00004
gob_proceso_0452;6;dlk_tbl_00152,dlk_tbl_03179,proc_tbl_04280,gob_tbl_03618,dash_tbl_00975,proc_tbl_04269;10;gob_tbl_02730,proc_tbl_03903,gob_tbl_02815,gob_tbl_03831,dlk_tbl_03984,dash_tbl_02345,gob_ext_00667,proc_ext_00559,proc_ext_00289,ppn_ext_00109
dlk_proceso_0453;4;dlk_tbl_02778,gob_tbl_04371,proc_tbl_01905,dlk_tbl_00484;8;dlk_tbl_03919,gob_tbl_02082,dash_tbl_02254,gob_tbl_01219,dlk_tbl_01863,proc_ext_00102,dlk_ext_00347,dlk_ext_00190
dlk_proceso_0454;4;m4sco_tbl_01276,dlk_tbl_02986,dlk_tbl_01585,gob_tbl_01987;5;dash_tbl_02327,dlk_tbl_03218,dlk_tbl_01383,proc_ext_00641,dlk_ext_00612
gob_proceso_0455;2;gob_tbl_01121,proc_tbl_00251;10;dash_tbl_01171,gob_tbl_03250,ppn_tbl_01538,gob_tbl_00939,gob_tbl_00888,proc_tbl_04298,proc_ext_00684,dlk_ext_00300,gob_ext_00319,proc_ext_00649
dlk_proceso_0456;6;dlk_tbl_00523,dlk_tbl_01410,dlk_tbl_03477,proc_tbl_01980,ppn_tbl_04001,gob_tbl_02684;13;gob_tbl_03983,dash_tbl_00560,ppn_tbl_03128,dlk_tbl_00116,gob_tbl_04388,dlk_tbl_03271,m4sco_tbl_00475,proc_ext_00498,gob_ext_00056,gob_ext_00391,dlk_ext_00375,dlk_ext_00276,dash_ext_00419
dlk_proceso_0457;3;dlk_tbl_01765,gob_tbl_03734,proc_tbl_01901;13;proc_tbl_01868,dlk_tbl_01065,gob_tbl_00275,dash_tbl_02017,dash_tbl_02553,dlk_tbl_02987,m4sco_tbl_00740,gob_ext_00380,m4vw_ext_00147,dlk_ext_00079,gob_ext_00662,gob_ext_00106,ppn_ext_00496
proc_proceso_0458;4;gob_tbl_01775,dlk_tbl_01354,dlk_tbl_03513,dlk_tbl_03340;11;gob_tbl_01355,gob_tbl_03817,dlk_tbl_01336,gob_tbl_03827,dash_tbl_02814,gob_tbl_01627,dash_ext_00339,gob_ext_00226,dash_ext_00446,proc_ext_00370,gob_ext_00662
proc_proceso_0459;4;proc_tbl_01744,ppn_tbl_01889,dlk_tbl_03789,dlk_tbl_01665;12;proc_tbl_01342,gob_tbl_02459,gob_tbl_01083,dlk_tbl_03271,gob_tbl_00603,dlk_tbl_01558,proc_tbl_00249,gob_ext_00131,dash_ext_00746,gob_ext_00246,gob_ext_00325,dash_ext_00467
proc_proceso_0460;6;proc_tbl_02002,proc_tbl_00650,gob_tbl_00424,dlk_tbl_03115,dlk_tbl_00575,gob_tbl_04374;6;dlk_tbl_03999,dlk_tbl_04314,gob_tbl_04297,gob_ext_00494,gob_ext_00182,dlk_ext_00632
gob_proceso_0461;4;proc_tbl_01609,gob_tbl_02671,dlk_tbl_03980,std_tbl_02683;7;gob_tbl_03170,dash_tbl_01541,dlk_tbl_03814,gob_tbl_03385,gob_ext_00132,proc_ext_00552,dlk_ext_00487
dlk_proceso_0462;5;gob_tbl_01047,gob_tbl_00922,proc_tbl_00026,dlk_tbl_01795,std_tbl_00005;19;gob_tbl_02879,gob_tbl_00581,proc_tbl_00984,gob_tbl_01023,proc_tbl_03927,dlk_tbl_03624,gob_tbl_03056,dlk_tbl_00451,proc_tbl_01548,proc_tbl_01899,m4vw_tbl_02707,dash_ext_00469,gob_ext_00189,proc_ext_00550,dlk_ext_00084,gob_ext_00443,dlk_ext_00284,dash_ext_00722,dlk_ext_00509
gob_proceso_0463;6;gob_tbl_00183,gob_tbl_01209,m4sco_tbl_03091,dlk_tbl_00955,gob_tbl_02469,dlk_tbl_02200;6;gob_tbl_03404,gob_tbl_01275,dlk_tbl_01534,dash_ext_00510,proc_ext_00713,dlk_ext_00340
dlk_proceso_0464;6;dlk_tbl_00539,dlk_tbl_03118,gob_tbl_00867,gob_tbl_00747,gob_tbl_02173,gob_tbl_03542;15;dlk_tbl_01719,dash_tbl_03954,proc_tbl_03466,proc_tbl_02496,proc_tbl_03989,proc_tbl_02948,proc_tbl_01319,dlk_tbl_03875,m4vw_tbl_03398,dlk_ext_00024,dash_ext_00008,m4vw_ext_00458,gob_ext_00558,gob_ext_00381,dlk_ext_00493
gob_proceso_0465;5;dlk_tbl_01124,proc_tbl_04331,dlk_tbl_01925,dlk_tbl_00493,gob_tbl_02328;14;dash_tbl_00565,dash_tbl_01859,dlk_tbl_00252,dlk_tbl_00420,proc_tbl_00758,gob_tbl_01441,dlk_tbl_03580,proc_tbl_01638,dlk_ext_00347,dlk_ext_00344,dash_ext_00136,ppn_ext_00717,gob_ext_00272,gob_ext_00119
proc_proceso_0466;4;dash_tbl_04274,dlk_tbl_03021,gob_tbl_01774,dlk_tbl_03859;8;gob_tbl_03220,proc_tbl_00333,std_tbl_03778,gob_tbl_04064,m4sco_tbl_02881,gob_ext_00708,gob_ext_00503,gob_ext_00414
dlk_proceso_0467;5;gob_tbl_02742,gob_tbl_01809,dash_tbl_03314,gob_tbl_02142,gob_tbl_02827;7;dlk_tbl_00180,dlk_tbl_00802,proc_tbl_01571,gob_tbl_01821,gob_ext_00233,dlk_ext_00476,dlk_ext_00278
dlk_proceso_0468;6;dlk_tbl_00467,gob_tbl_03538,dlk_tbl_02373,gob_tbl_00732,dlk_tbl_02776,gob_tbl_03288;10;proc_tbl_02289,proc_tbl_00251,proc_tbl_01644,dlk_tbl_03291,gob_tbl_02417,gob_tbl_04393,dlk_ext_00004,dlk_ext_00519,gob_ext_00443,gob_ext_00155
dlk_proceso_0469;8;gob_tbl_03849,dlk_tbl_00000,gob_tbl_02190,gob_tbl_00428,proc_tbl_04011,proc_tbl_01347,proc_tbl_02285,dlk_tbl_02894;6;gob_tbl_03704,dlk_tbl_03919,dlk_tbl_04392,dash_ext_00411,dlk_ext_00710,gob_ext_00210
proc_proceso_0470;5;gob_tbl_00873,proc_tbl_01781,dlk_tbl_03334,gob_tbl_01825,dlk_tbl_03330;12;gob_tbl_02706,dlk_tbl_00542,gob_tbl_00830,gob_tbl_02662,dash_tbl_01432,dlk_tbl_00599,gob_tbl_02710,ppn_ext_00717,proc_ext_00379,dlk_ext_00703,dlk_ext_00401,proc_ext_00697
dlk_proceso_0471;2;dash_tbl_02666,gob_tbl_01395;15;dash_tbl_00274,dlk_tbl_03520,dlk_tbl_03804,dlk_tbl_04201,m4vw_tbl_04349,dlk_tbl_01397,dash_tbl_02062,gob_tbl_01003,dlk_tbl_02894,dlk_ext_00212,dlk_ext_00545,gob_ext_00166,dash_ext_00054,dlk_ext_00352,m4vw_ext_00560
dlk_proceso_0472;2;dash_tbl_02478,proc_tbl_03609;8;std_tbl_02828,gob_tbl_01418,gob_tbl_02104,dlk_tbl_01180,dash_tbl_02937,proc_ext_00064,gob_ext_00708,dlk_ext_00660
dlk_proceso_0473;3;dlk_tbl_03012,dash_tbl_01171,dlk_tbl_02599;4;proc_tbl_00978,proc_tbl_01816,gob_ext_00402,gob_ext_00422
gob_proceso_0474;6;gob_tbl_04009,dlk_tbl_03383,std_tbl_02348,dash_tbl_00570,gob_tbl_03160,m4vw_tbl_01739;11;m4vw_tbl_03412,gob_tbl_00603,dash_tbl_00879,proc_tbl_00272,gob_tbl_02178,dash_tbl_04175,dlk_ext_00251,proc_ext_00673,dlk_ext_00476,dlk_ext_00712,dlk_ext_00048
dlk_proceso_0475;4;std_tbl_03712,dlk_tbl_03367,dash_tbl_00391,m4vw_tbl_00748;10;gob_tbl_03682,proc_tbl_00567,gob_tbl_00428,gob_tbl_00688,dlk_tbl_03476,dlk_tbl_03595,dlk_ext_00656,gob_ext_00056,proc_ext_00335,dlk_ext_00029
proc_proceso_0476;4;proc_tbl_00728,gob_tbl_03473,dlk_tbl_01430,ppn_tbl_03856;11;m4vw_tbl_04115,dlk_tbl_03844,proc_tbl_01067,gob_tbl_03963,dlk_tbl_03895,dlk_tbl_02695,dlk_ext_00149,dlk_ext_00584,dlk_ext_00308,gob_ext_00721,gob_ext_00297
gob_proceso_0477;3;proc_tbl_01644,dlk_tbl_02395,gob_tbl_04340;9;gob_tbl_02872,dlk_tbl_03228,std_tbl_04034,dlk_tbl_02939,gob_tbl_00464,proc_ext_00265,gob_ext_00623,m4sco_ext_00018,dash_ext_00446
dlk_proceso_0478;2;gob_tbl_03967,dash_tbl_02014;12;proc_tbl_01689,dlk_tbl_02149,gob_tbl_00487,gob_tbl_00114,dlk_tbl_01476,proc_tbl_02885,gob_tbl_02924,dash_ext_00020,dlk_ext_00591,proc_ext_00514,gob_ext_00609,std_ext_00694
dash_proceso_0479;3;dlk_tbl_00990,dlk_tbl_03363,dlk_tbl_02156;6;dlk_tbl_01998,proc_tbl_00613,gob_tbl_00916,dlk_ext_00710,dlk_ext_00598,dlk_ext_00730
dlk_proceso_0480;5;gob_tbl_03878,m4sco_tbl_03460,dlk_tbl_00757,dlk_tbl_02965,gob_tbl_03020;11;dash_tbl_01904,dlk_tbl_02495,m4sco_tbl_01015,dlk_tbl_00445,dash_tbl_02717,gob_tbl_04156,gob_ext_00381,dlk_ext_00196,std_ext_00290,gob_ext_00131,dlk_ext_00652
dash_proceso_0481;8;gob_tbl_01926,gob_tbl_02745,proc_tbl_00902,proc_tbl_02701,gob_tbl_02743,dlk_tbl_02492,gob_tbl_03963,dlk_tbl_03663;7;proc_tbl_03069,proc_tbl_02259,gob_tbl_02549,gob_tbl_04300,dlk_ext_00637,dash_ext_00299,gob_ext_00471
gob_proceso_0482;7;dlk_tbl_02527,gob_tbl_00265,dlk_tbl_04098,gob_tbl_02916,dlk_tbl_04322,gob_tbl_03358,dlk_tbl_00282;15;gob_tbl_00472,proc_tbl_02969,proc_tbl_03681,gob_tbl_01098,proc_tbl_01560,dlk_tbl_02242,dlk_tbl_02936,gob_tbl_04063,gob_tbl_04272,proc_ext_00064,m4sco_ext_00634,dlk_ext_00031,gob_ext_00209,proc_ext_00152,dlk_ext_00023
dlk_proceso_0483;6;gob_tbl_01663,dash_tbl_03429,dash_tbl_00574,gob_tbl_00715,std_tbl_03728,gob_tbl_03503;15;dlk_tbl_02736,proc_tbl_03973,gob_tbl_04411,dlk_tbl_00532,proc_tbl_02606,dlk_tbl_00436,gob_tbl_02854,dash_tbl_01369,proc_tbl_01680,dlk_ext_00190,dash_ext_00411,std_ext_00417,dash_ext_00235,dash_ext_00446,gob_ext_00688
dlk_proceso_0484;2;dlk_tbl_00945,dlk_tbl_02471;7;dlk_tbl_04251,proc_tbl_03069,gob_tbl_01756,proc_tbl_03372,gob_ext_00696,dash_ext_00299,dlk_ext_00651
gob_proceso_0485;3;gob_tbl_03402,gob_tbl_00937,dash_tbl_04337;12;proc_tbl_01439,dash_tbl_04175,dlk_tbl_02055,gob_tbl_00464,gob_tbl_02823,dlk_tbl_00983,dash_tbl_03394,ppn_ext_00109,proc_ext_00157,dlk_ext_00628,gob_ext_00506,dash_ext_00136
dlk_proceso_0486;4;dlk_tbl_03798,gob_tbl_01675,dash_tbl_02731,proc_tbl_03275;12;dlk_tbl_03961,dlk_tbl_01360,dlk_tbl_02055,gob_tbl_01766,gob_tbl_04094,gob_tbl_01771,gob_tbl_00847,gob_ext_00579,gob_ext_00620,m4sco_ext_00305,dlk_ext_00545,dash_ext_00054
dlk_proceso_0487;4;proc_tbl_01579,gob_tbl_01379,m4sco_tbl_00663,proc_tbl_02195;10;dlk_tbl_02390,dlk_tbl_02387,dlk_tbl_01481,dlk_tbl_01089,dlk_tbl_01561,gob_tbl_03038,gob_ext_00353,gob_ext_00223,dlk_ext_00174,gob_ext_00338
dlk_proceso_0488;7;std_tbl_02109,gob_tbl_03522,gob_tbl_01422,m4vw_tbl_02344,gob_tbl_00360,dlk_tbl_00518,dlk_tbl_02779;10;gob_tbl_00971,proc_tbl_04221,gob_tbl_02746,proc_tbl_04342,proc_tbl_00526,m4vw_tbl_03939,dlk_ext_00116,ppn_ext_00163,dlk_ext_00118,dash_ext_00536
dash_proceso_0489;7;gob_tbl_01309,dlk_tbl_02378,gob_tbl_00951,proc_tbl_02969,proc_tbl_02649,dlk_tbl_01851,dlk_tbl_00006;4;dlk_tbl_00147,proc_tbl_00388,dlk_ext_00408,dash_ext_00675
gob_proceso_0490;6;gob_tbl_02038,dlk_tbl_01543,gob_tbl_00022,gob_tbl_04258,dlk_tbl_04079,dlk_tbl_01817;11;proc_tbl_02276,gob_tbl_02178,std_tbl_01494,std_tbl_02728,dash_tbl_04149,dlk_tbl_04387,gob_ext_00056,dlk_ext_00448,gob_ext_00735,gob_ext_00668,proc_ext_00370
gob_proceso_0491;8;dlk_tbl_01559,dlk_tbl_01718,gob_tbl_00365,gob_tbl_00855,proc_tbl_00857,dash_tbl_01541,gob_tbl_01378,proc_tbl_02117;7;std_tbl_04196,gob_tbl_01828,dash_tbl_00033,gob_tbl_00268,dlk_ext_00174,proc_ext_00327,proc_ext_00641
proc_proceso_0492;5;dlk_tbl_03240,gob_tbl_04114,gob_tbl_03164,gob_tbl_01962,proc_tbl_00238;14;dash_tbl_00778,std_tbl_02858,gob_tbl_00057,dlk_tbl_00940,gob_tbl_04300,dlk_tbl_03223,dlk_tbl_01244,gob_tbl_01332,gob_ext_00228,gob_ext_00471,proc_ext_00646,gob_ext_00601,std_ext_00549,dash_ext_00659
dlk_proceso_0493;3;dash_tbl_01421,dlk_tbl_02311,gob_tbl_04131;8;gob_tbl_00513,dlk_tbl_03686,gob_tbl_01664,dlk_tbl_00900,gob_tbl_03424,proc_ext_00224,dlk_ext_00656,dlk_ext_00545
dlk_proceso_0494;8;dlk_tbl_01172,std_tbl_02326,gob_tbl_03349,dash_tbl_03568,gob_tbl_02256,dlk_tbl_02338,gob_tbl_02020,m4sco_tbl_01242;19;gob_tbl_01021,dlk_tbl_02781,dlk_tbl_03593,dlk_tbl_03339,gob_tbl_02273,dash_tbl_00778,dlk_tbl_01260,dlk_tbl_02865,dash_tbl_03140,gob_tbl_01500,dlk_tbl_02378,gob_ext_00129,proc_ext_00332,gob_ext_00668,gob_ext_00353,proc_ext_00695,proc_ext_00646,dlk_ext_00069,dlk_ext_00584
dlk_proceso_0495;3;gob_tbl_01120,proc_tbl_01293,proc_tbl_03297;11;dlk_tbl_01244,gob_tbl_01641,gob_tbl_00974,dash_tbl_03746,proc_tbl_04316,dlk_tbl_01930,dash_ext_00339,dlk_ext_00492,gob_ext_00629,gob_ext_00391,gob_ext_00026
dlk_proceso_0496;4;dlk_tbl_02628,gob_tbl_00544,gob_tbl_01135,dlk_tbl_00846;11;dash_tbl_00994,dlk_tbl_04294,dlk_tbl_00587,m4sco_tbl_02803,dlk_tbl_00074,proc_tbl_04344,gob_ext_00359,dlk_ext_00149,gob_ext_00442,gob_ext_00696,gob_ext_00223
dlk_proceso_0497;3;m4vw_tbl_00049,gob_tbl_03627,gob_tbl_04159;9;dlk_tbl_03653,dlk_tbl_03418,gob_tbl_01000,gob_tbl_02271,dlk_tbl_02631,gob_ext_00056,dash_ext_00339,gob_ext_00119,gob_ext_00106
gob_proceso_0498;5;gob_tbl_03591,dash_tbl_03311,dash_tbl_01918,dlk_tbl_03203,gob_tbl_03326;17;proc_tbl_02840,gob_tbl_03857,dlk_tbl_02611,proc_tbl_00706,gob_tbl_02093,gob_tbl_01594,dlk_tbl_02007,dlk_tbl_01463,gob_tbl_01313,gob_tbl_04393,proc_ext_00649,gob_ext_00525,dlk_ext_00595,proc_ext_00075,proc_ext_00011,proc_ext_00580,dlk_ext_00048
gob_proceso_0499;4;gob_tbl_01700,proc_tbl_01320,proc_tbl_04095,proc_tbl_02960;14;gob_tbl_03838,dash_tbl_02050,dlk_tbl_01957,m4sco_tbl_00235,dlk_tbl_02839,gob_tbl_03009,dlk_tbl_00405,proc_tbl_04055,dlk_ext_00456,dlk_ext_00561,proc_ext_00683,gob_ext_00124,gob_ext_00246,gob_ext_00189
gob_proceso_0500;2;dlk_tbl_01381,dlk_tbl_03080;20;dlk_tbl_00357,proc_tbl_02740,gob_tbl_04101,gob_tbl_03783,dlk_tbl_03686,dash_tbl_04051,proc_tbl_04060,gob_tbl_03813,m4sco_tbl_04414,gob_tbl_00453,gob_tbl_00130,dash_tbl_02795,proc_ext_00464,gob_ext_00512,proc_ext_00040,dlk_ext_00352,dlk_ext_00260,proc_ext_00684,std_ext_00549,dlk_ext_00716
proc_proceso_0501;5;gob_tbl_03830,dlk_tbl_03153,gob_tbl_02377,dlk_tbl_03665,dash_tbl_03806;7;dlk_tbl_00018,dlk_tbl_03930,proc_tbl_03378,std_tbl_04146,dash_ext_00746,dlk_ext_00556,gob_ext_00617
gob_proceso_0502;3;gob_tbl_02712,dlk_tbl_01224,dlk_tbl_00756;11;proc_tbl_00077,proc_tbl_01639,dlk_tbl_02894,proc_tbl_02370,gob_tbl_03064,proc_tbl_04425,dlk_ext_00029,dlk_ext_00465,dlk_ext_00269,gob_ext_00324,gob_ext_00319
gob_proceso_0503;5;proc_tbl_02073,gob_tbl_02665,proc_tbl_03016,dlk_tbl_02912,dlk_tbl_04093;13;dash_tbl_01122,dlk_tbl_03387,gob_tbl_01049,proc_tbl_03924,std_tbl_01546,proc_tbl_03152,gob_tbl_02516,gob_ext_00489,dlk_ext_00116,dlk_ext_00024,ppn_ext_00109,gob_ext_00620,gob_ext_00668
dlk_proceso_0504;6;gob_tbl_04236,gob_tbl_00508,dash_tbl_03528,gob_tbl_04130,dash_tbl_03909,dlk_tbl_00595;11;gob_tbl_04063,dlk_tbl_04396,proc_tbl_04223,proc_tbl_04024,dash_tbl_00583,gob_tbl_01522,dlk_ext_00044,std_ext_00185,gob_ext_00622,dlk_ext_00583,gob_ext_00558
dlk_proceso_0505;5;gob_tbl_03446,gob_tbl_00736,gob_tbl_01087,proc_tbl_04068,proc_tbl_02837;7;gob_tbl_03461,gob_tbl_03029,gob_tbl_00830,dlk_tbl_00745,dlk_ext_00680,dlk_ext_00401,proc_ext_00483
gob_proceso_0506;4;dash_tbl_01867,gob_tbl_00869,dash_tbl_04013,dlk_tbl_00330;11;proc_tbl_03643,m4vw_tbl_02489,gob_tbl_03373,dlk_tbl_00143,dlk_tbl_03995,dlk_tbl_00147,gob_ext_00657,gob_ext_00039,std_ext_00229,gob_ext_00701,dlk_ext_00269
dlk_proceso_0507;5;proc_tbl_03245,proc_tbl_00585,dlk_tbl_03144,gob_tbl_03669,gob_tbl_02317;7;m4sco_tbl_03196,dlk_tbl_00044,gob_tbl_02162,std_tbl_04146,dlk_ext_00602,gob_ext_00105,proc_ext_00498
dlk_proceso_0508;6;proc_tbl_00728,dlk_tbl_03541,gob_tbl_02783,gob_tbl_00906,dlk_tbl_00627,gob_tbl_02394;8;gob_tbl_03467,gob_tbl_02843,gob_tbl_02141,proc_tbl_00813,dlk_tbl_01740,proc_ext_00141,dlk_ext_00493,std_ext_00052
dlk_proceso_0509;5;dlk_tbl_01241,dlk_tbl_02836,gob_tbl_01008,dlk_tbl_00691,gob_tbl_00172;13;dlk_tbl_03103,gob_tbl_00552,dash_tbl_00810,dash_tbl_00879,proc_tbl_04125,dlk_tbl_02930,m4sco_tbl_04353,gob_ext_00662,dlk_ext_00375,m4sco_ext_00305,dlk_ext_00602,m4sco_ext_00018,dlk_ext_00318
gob_proceso_0510;7;gob_tbl_01161,proc_tbl_01994,gob_tbl_03672,gob_tbl_03916,gob_tbl_03648,gob_tbl_00779,gob_tbl_00422;15;dlk_tbl_03960,dlk_tbl_02664,proc_tbl_02169,proc_tbl_00799,dlk_tbl_01413,gob_tbl_03519,dash_tbl_03825,gob_tbl_03104,gob_tbl_01860,dlk_ext_00678,proc_ext_00173,gob_ext_00402,gob_ext_00533,proc_ext_00011,dlk_ext_00029
dlk_proceso_0511;3;gob_tbl_01654,std_tbl_04343,ppn_tbl_03128;13;dlk_tbl_03382,gob_tbl_02271,dlk_tbl_01812,dash_tbl_01834,gob_tbl_04156,m4sco_tbl_04076,m4sco_tbl_03835,dlk_ext_00197,dash_ext_00066,proc_ext_00631,gob_ext_00544,gob_ext_00749,dlk_ext_00121
gob_proceso_0512;6;dlk_tbl_00420,dlk_tbl_04304,dlk_tbl_00759,gob_tbl_02079,dlk_tbl_04345,gob_tbl_00701;15;proc_tbl_01097,gob_tbl_00188,gob_tbl_01594,gob_tbl_00281,gob_tbl_00995,dlk_tbl_01165,dash_tbl_01867,gob_tbl_02408,dash_tbl_04051,dlk_ext_00445,dlk_ext_00602,dlk_ext_00400,m4vw_ext_00458,dash_ext_00063,dlk_ext_00269
gob_proceso_0513;6;dlk_tbl_02272,proc_tbl_02357,dlk_tbl_03413,dlk_tbl_02309,dlk_tbl_02140,gob_tbl_03748;6;proc_tbl_04143,dash_tbl_01902,dlk_tbl_04167,dlk_ext_00656,gob_ext_00297,gob_ext_00271
dlk_proceso_0514;3;proc_tbl_03531,gob_tbl_01081,std_tbl_01502;17;dash_tbl_04149,gob_tbl_03671,proc_tbl_00356,gob_tbl_02098,gob_tbl_03654,dlk_tbl_00421,dlk_tbl_00674,dash_tbl_02666,dlk_tbl_03197,proc_tbl_02357,gob_ext_00002,gob_ext_00159,gob_ext_00324,proc_ext_00741,gob_ext_00188,proc_ext_00568,dash_ext_00444
dash_proceso_0515;3;dlk_tbl_00289,dlk_tbl_00910,gob_tbl_02126;6;proc_tbl_01066,dlk_tbl_02311,proc_tbl_03757,gob_ext_00295,proc_ext_00619,gob_ext_00502
dlk_proceso_0516;7;dlk_tbl_03365,m4sco_tbl_00660,proc_tbl_03643,dash_tbl_00872,dlk_tbl_00125,dlk_tbl_03481,gob_tbl_01843;9;gob_tbl_02053,gob_tbl_02763,gob_tbl_03259,dlk_tbl_02150,gob_tbl_03164,ppn_ext_00109,dash_ext_00366,gob_ext_00573,proc_ext_00360
dlk_proceso_0517;5;gob_tbl_01914,dlk_tbl_03529,dlk_tbl_00946,gob_tbl_03335,gob_tbl_01404;8;m4sco_tbl_00465,gob_tbl_02857,dlk_tbl_01106,gob_tbl_03685,proc_tbl_04333,gob_ext_00506,dlk_ext_00196,dlk_ext_00317
gob_proceso_0518;6;m4vw_tbl_01459,dlk_tbl_03085,dlk_tbl_00802,gob_tbl_00363,dlk_tbl_03347,dlk_tbl_03639;6;gob_tbl_01846,dash_tbl_03055,dlk_tbl_02301,gob_ext_00590,dlk_ext_00313,dlk_ext_00408
dlk_proceso_0519;5;std_tbl_03269,dlk_tbl_03516,dlk_tbl_00150,std_tbl_02858,dlk_tbl_04358;17;m4sco_tbl_02447,proc_tbl_01248,dlk_tbl_01431,proc_tbl_00871,gob_tbl_04064,gob_tbl_02417,gob_tbl_03210,gob_tbl_03622,dlk_tbl_00020,gob_tbl_01540,dlk_ext_00196,gob_ext_00599,dash_ext_00722,ppn_ext_00256,dlk_ext_00300,gob_ext_00094,dlk_ext_00174
proc_proceso_0520;5;dlk_tbl_03884,proc_tbl_02515,std_tbl_01119,gob_tbl_01943,proc_tbl_02700;13;gob_tbl_01275,dlk_tbl_01079,proc_tbl_03617,proc_tbl_01732,dlk_tbl_00018,dlk_tbl_01260,gob_tbl_02913,gob_ext_00000,m4vw_ext_00664,dlk_ext_00511,dlk_ext_00222,gob_ext_00248,m4vw_ext_00560
proc_proceso_0521;3;gob_tbl_03232,proc_tbl_01097,dlk_tbl_03327;8;dlk_tbl_00023,proc_tbl_02412,gob_tbl_01382,dlk_tbl_03635,proc_tbl_02169,proc_ext_00102,proc_ext_00683,dlk_ext_00528
dlk_proceso_0522;6;gob_tbl_01278,dlk_tbl_04136,dlk_tbl_04307,dlk_tbl_00713,gob_tbl_02162,dash_tbl_03605;11;dlk_tbl_03968,dash_tbl_02542,dlk_tbl_02390,dlk_tbl_00802,gob_tbl_04254,dlk_tbl_01180,m4sco_ext_00037,dlk_ext_00074,gob_ext_00512,gob_ext_00325,gob_ext_00131
dlk_proceso_0523;3;gob_tbl_02772,proc_tbl_00179,gob_tbl_03619;9;dlk_tbl_03725,gob_tbl_04078,gob_tbl_00608,proc_tbl_00070,m4sco_tbl_00133,dash_ext_00534,dlk_ext_00495,gob_ext_00321,gob_ext_00414
dlk_proceso_0524;4;dlk_tbl_03930,dlk_tbl_01249,gob_tbl_03551,gob_tbl_01332;9;proc_tbl_02073,gob_tbl_01847,dlk_tbl_02601,dlk_tbl_01238,dlk_tbl_04358,dlk_ext_00071,gob_ext_00056,dlk_ext_00079,gob_ext_00718
gob_proceso_0525;3;gob_tbl_03050,gob_tbl_02483,dlk_tbl_03353;8;dlk_tbl_02352,dlk_tbl_03624,proc_tbl_04246,dlk_tbl_01975,gob_tbl_01791,gob_ext_00533,dlk_ext_00710,gob_ext_00010
dlk_proceso_0526;5;m4sco_tbl_03196,dash_tbl_02981,gob_tbl_02031,gob_tbl_00206,std_tbl_03943;8;proc_tbl_00809,m4vw_tbl_04053,dlk_tbl_03243,gob_tbl_00552,gob_tbl_03843,gob_ext_00057,gob_ext_00718,dlk_ext_00044
dlk_proceso_0527;6;gob_tbl_02949,dash_tbl_03394,dlk_tbl_02799,gob_tbl_03779,dlk_tbl_01380,dlk_tbl_00303;10;gob_tbl_01450,dlk_tbl_01387,dlk_tbl_00575,gob_tbl_02424,dlk_tbl_03308,dash_tbl_04404,m4sco_ext_00634,dlk_ext_00091,dlk_ext_00291,gob_ext_00461
dlk_proceso_0528;3;gob_tbl_03247,dlk_tbl_01563,gob_tbl_02812;12;gob_tbl_02815,proc_tbl_04379,dlk_tbl_03719,gob_tbl_01135,dlk_tbl_01569,dlk_tbl_01447,dlk_tbl_02554,dlk_ext_00291,gob_ext_00383,proc_ext_00505,proc_ext_00498,dlk_ext_00716
gob_proceso_0529;3;gob_tbl_01310,gob_tbl_00528,gob_tbl_01218;9;gob_tbl_03817,proc_tbl_00473,gob_tbl_00233,gob_tbl_00608,gob_tbl_03783,dlk_ext_00024,proc_ext_00064,dlk_ext_00349,gob_ext_00056
dlk_proceso_0530;3;dlk_tbl_03108,dlk_tbl_03357,gob_tbl_01597;14;gob_tbl_01011,gob_tbl_01083,gob_tbl_01461,proc_tbl_00352,proc_tbl_03572,proc_tbl_00816,dlk_tbl_03277,proc_tbl_01879,dlk_ext_00142,gob_ext_00364,dlk_ext_00174,proc_ext_00092,proc_ext_00036,dlk_ext_00169
gob_proceso_0531;6;gob_tbl_03302,std_tbl_00864,proc_tbl_01548,gob_tbl_02144,dlk_tbl_03981,dlk_tbl_03109;6;gob_tbl_01098,dlk_tbl_00598,gob_tbl_00452,proc_ext_00220,proc_ext_00695,proc_ext_00345
dlk_proceso_0532;3;dash_tbl_00080,dlk_tbl_03802,dlk_tbl_02687;9;dlk_tbl_02611,proc_tbl_02435,dlk_tbl_00484,gob_tbl_00081,dlk_tbl_02149,gob_ext_00617,gob_ext_00544,dlk_ext_00453,dlk_ext_00660
gob_proceso_0533;3;gob_tbl_03608,gob_tbl_01854,dash_tbl_03933;8;dlk_tbl_00962,proc_tbl_00341,dlk_tbl_03190,dlk_tbl_00000,dlk_tbl_04362,dlk_ext_00362,gob_ext_00735,dlk_ext_00001
dlk_proceso_0534;6;gob_tbl_00413,dlk_tbl_01971,dlk_tbl_03865,dlk_tbl_02225,gob_tbl_04089,gob_tbl_00986;10;gob_tbl_01384,gob_tbl_01170,gob_tbl_01700,gob_tbl_00051,proc_tbl_02073,gob_tbl_04138,gob_ext_00735,gob_ext_00307,proc_ext_00606,dlk_ext_00126
dlk_proceso_0535;3;dlk_tbl_00502,gob_tbl_00482,dlk_tbl_00369;12;dlk_tbl_02235,gob_tbl_02341,proc_tbl_03617,dash_tbl_00541,dlk_tbl_04406,dlk_tbl_00998,dlk_tbl_01249,proc_ext_00289,dlk_ext_00715,dlk_ext_00212,dlk_ext_00519,proc_ext_00745
proc_proceso_0536;2;gob_tbl_02962,dlk_tbl_03190;7;gob_tbl_02173,dlk_tbl_01817,gob_tbl_01275,gob_tbl_03001,gob_ext_00526,gob_ext_00210,gob_ext_00154
proc_proceso_0537;2;dash_tbl_00979,proc_tbl_03125;9;dash_tbl_03143,dash_tbl_03954,dlk_tbl_03639,dlk_tbl_03017,std_tbl_03451,proc_ext_00332,dlk_ext_00347,gob_ext_00000,m4vw_ext_00137
proc_proceso_0538;2;dlk_tbl_01270,dash_tbl_02921;8;gob_tbl_01664,dash_tbl_00264,proc_tbl_00356,gob_tbl_01992,dlk_tbl_00438,dash_ext_00411,dlk_ext_00291,dlk_ext_00104
gob_proceso_0539;2;dlk_tbl_03595,dlk_tbl_00587;10;dlk_tbl_00317,dash_tbl_01240,dlk_tbl_02120,dlk_tbl_01718,m4sco_tbl_00663,std_tbl_01449,proc_ext_00406,proc_ext_00706,dlk_ext_00632,gob_ext_00189
dlk_proceso_0540;3;proc_tbl_01702,proc_tbl_00388,gob_tbl_01537;14;dlk_tbl_02677,gob_tbl_03238,dlk_tbl_01525,gob_tbl_00852,dlk_tbl_02883,dlk_tbl_00143,dlk_tbl_00506,gob_tbl_01949,dash_ext_00062,gob_ext_00106,gob_ext_00443,dlk_ext_00710,proc_ext_00706,dlk_ext_00651
dlk_proceso_0541;5;dlk_tbl_01466,dlk_tbl_04087,dlk_tbl_02288,dlk_tbl_02851,dlk_tbl_03822;4;dlk_tbl_02133,dlk_tbl_00812,dlk_ext_00174,proc_ext_00514
gob_proceso_0542;5;dlk_tbl_04263,m4vw_tbl_00427,dlk_tbl_02624,gob_tbl_03097,gob_tbl_02877;17;gob_tbl_00227,gob_tbl_01791,dlk_tbl_03840,gob_tbl_03171,proc_tbl_02837,dlk_tbl_03686,gob_tbl_02083,gob_tbl_00169,m4vw_tbl_03013,proc_tbl_00775,gob_ext_00544,gob_ext_00443,gob_ext_00245,gob_ext_00383,proc_ext_00535,proc_ext_00234,gob_ext_00539
gob_proceso_0543;3;m4sco_tbl_02102,gob_tbl_01791,dlk_tbl_00074;13;proc_tbl_03352,m4vw_tbl_04115,gob_tbl_03349,dlk_tbl_00699,dash_tbl_02866,dlk_tbl_00770,dlk_tbl_00171,dash_ext_00746,gob_ext_00182,dlk_ext_00703,proc_ext_00514,gob_ext_00422,gob_ext_00571
proc_proceso_0544;5;gob_tbl_01766,gob_tbl_04302,dash_tbl_01415,dlk_tbl_00039,dlk_tbl_00266;12;gob_tbl_01485,dash_tbl_00366,dlk_tbl_02473,dlk_tbl_03293,proc_tbl_02342,gob_tbl_02255,proc_tbl_02969,proc_ext_00040,proc_ext_00157,gob_ext_00151,std_ext_00597,gob_ext_00662
proc_proceso_0545;2;gob_tbl_03465,proc_tbl_02375;10;dlk_tbl_01605,dlk_tbl_03289,dlk_tbl_02987,ppn_tbl_02692,dlk_tbl_03230,proc_tbl_02001,proc_ext_00739,dash_ext_00005,dlk_ext_00531,dlk_ext_00522
proc_proceso_0546;7;dlk_tbl_01478,proc_tbl_02432,proc_tbl_02773,gob_tbl_01475,dash_tbl_01723,dash_tbl_03031,gob_tbl_03896;6;gob_tbl_03273,dlk_tbl_01188,dlk_tbl_03721,gob_ext_00232,proc_ext_00606,gob_ext_00503
dlk_proceso_0547;3;gob_tbl_01362,gob_tbl_00448,gob_tbl_01500;13;gob_tbl_01017,gob_tbl_03323,dlk_tbl_00909,dlk_tbl_00707,dlk_tbl_01043,gob_tbl_00379,proc_tbl_01503,proc_ext_00606,gob_ext_00544,gob_ext_00657,proc_ext_00673,gob_ext_00232,dlk_ext_00322
dash_proceso_0548;5;ppn_tbl_04212,gob_tbl_01372,proc_tbl_02496,dlk_tbl_01420,dlk_tbl_00337;8;proc_tbl_00272,dlk_tbl_03961,dlk_tbl_01383,gob_tbl_03608,gob_tbl_03259,proc_ext_00711,gob_ext_00076,std_ext_00470
dash_proceso_0549;7;proc_tbl_00744,proc_tbl_02051,gob_tbl_01184,std_tbl_04022,dlk_tbl_02383,dlk_tbl_00471,proc_tbl_04290;10;gob_tbl_00606,dlk_tbl_00955,m4vw_tbl_04053,dlk_tbl_04182,dlk_tbl_02986,dlk_tbl_02272,proc_ext_00152,dlk_ext_00742,dlk_ext_00644,gob_ext_00353
dlk_proceso_0550;5;gob_tbl_04040,gob_tbl_04354,gob_tbl_04306,dlk_tbl_02855,dlk_tbl_02886;19;dlk_tbl_03176,dlk_tbl_01237,dash_tbl_00519,gob_tbl_03678,m4sco_tbl_00133,dlk_tbl_04049,dlk_tbl_01360,dash_tbl_02681,proc_tbl_03496,dlk_tbl_03509,dlk_tbl_01489,ppn_ext_00496,dlk_ext_00218,dlk_ext_00528,dlk_ext_00680,proc_ext_00550,proc_ext_00412,gob_ext_00480,dlk_ext_00070
dlk_proceso_0551;5;ppn_tbl_01062,std_tbl_02532,gob_tbl_04297,dlk_tbl_03840,dlk_tbl_02248;7;std_tbl_03251,gob_tbl_03440,dash_tbl_03428,proc_tbl_00816,dlk_ext_00509,gob_ext_00188,dash_ext_00241
dash_proceso_0552;5;dlk_tbl_00532,gob_tbl_01557,dlk_tbl_01637,dlk_tbl_02798,dlk_tbl_01113;14;proc_tbl_01453,proc_tbl_01899,proc_tbl_00460,gob_tbl_02843,dlk_tbl_01205,gob_tbl_04064,gob_tbl_03796,std_tbl_00568,dlk_ext_00342,std_ext_00237,dlk_ext_00171,dlk_ext_00169,gob_ext_00383,gob_ext_00250
dlk_proceso_0553;2;dlk_tbl_01916,dlk_tbl_02631;15;proc_tbl_03245,dlk_tbl_01018,gob_tbl_01882,gob_tbl_00887,dlk_tbl_01975,dlk_tbl_01590,proc_tbl_01019,gob_tbl_02453,gob_tbl_02347,proc_ext_00064,dash_ext_00339,dlk_ext_00554,gob_ext_00479,proc_ext_00606,dlk_ext_00545
dlk_proceso_0554;5;gob_tbl_00100,dash_tbl_02399,gob_tbl_04254,proc_tbl_00533,proc_tbl_02305;9;dlk_tbl_00279,proc_tbl_02357,gob_tbl_00803,dlk_tbl_04396,gob_tbl_03048,dlk_ext_00499,proc_ext_00193,dlk_ext_00349,proc_ext_00064
dlk_proceso_0555;5;dlk_tbl_03155,gob_tbl_04017,gob_tbl_03544,dlk_tbl_04167,gob_tbl_04127;14;ppn_tbl_02692,dlk_tbl_03708,gob_tbl_04366,proc_tbl_02848,dlk_tbl_03255,dlk_tbl_01729,dash_tbl_00545,gob_tbl_01087,gob_ext_00662,m4vw_ext_00458,dlk_ext_00084,proc_ext_00483,gob_ext_00676,ppn_ext_00304
dlk_proceso_0556;3;dlk_tbl_04355,dlk_tbl_03228,gob_tbl_00129;6;gob_tbl_03816,gob_tbl_02872,proc_tbl_02375,proc_ext_00289,dlk_ext_00687,dash_ext_00020
gob_proceso_0557;2;proc_tbl_01690,proc_tbl_01923;12;gob_tbl_04159,proc_tbl_00934,dlk_tbl_03277,dlk_tbl_00208,gob_tbl_00927,dlk_tbl_02619,std_tbl_00556,proc_ext_00345,std_ext_00128,gob_ext_00264,gob_ext_00526,dlk_ext_00371
dash_proceso_0558;4;gob_tbl_01978,proc_tbl_01607,dlk_tbl_03875,dlk_tbl_01990;9;dlk_tbl_00394,dash_tbl_01862,m4vw_tbl_02057,gob_tbl_00121,gob_tbl_02544,proc_ext_00619,dlk_ext_00720,dlk_ext_00023,gob_ext_00161
gob_proceso_0559;5;gob_tbl_03469,m4vw_tbl_00653,dlk_tbl_00357,proc_tbl_03577,dlk_tbl_00703;8;dlk_tbl_01585,m4sco_tbl_00043,proc_tbl_02726,gob_tbl_02732,dlk_tbl_03176,dlk_ext_00644,proc_ext_00220,dlk_ext_00142
gob_proceso_0560;6;gob_tbl_03882,dash_tbl_02034,dlk_tbl_02711,proc_tbl_02194,dlk_tbl_00384,gob_tbl_01452;4;dlk_tbl_00316,dlk_tbl_01710,dlk_ext_00116,gob_ext_00506
dlk_proceso_0561;5;proc_tbl_02342,gob_tbl_01992,proc_tbl_04069,proc_tbl_03948,gob_tbl_00241;11;dash_tbl_03074,m4sco_tbl_00185,dlk_tbl_00955,m4sco_tbl_03460,dlk_tbl_00900,dlk_tbl_03176,proc_ext_00587,gob_ext_00211,gob_ext_00228,proc_ext_00033,m4vw_ext_00521
gob_proceso_0562;6;gob_tbl_04072,gob_tbl_02794,dlk_tbl_02750,dlk_tbl_01085,gob_tbl_00024,gob_tbl_01259;16;proc_tbl_02653,gob_tbl_03667,dash_tbl_03918,m4sco_tbl_02199,gob_tbl_02716,gob_tbl_04130,gob_tbl_03517,proc_tbl_04359,gob_tbl_03318,dlk_ext_00355,dlk_ext_00053,dlk_ext_00710,ppn_ext_00256,dlk_ext_00595,proc_ext_00555,gob_ext_00501
gob_proceso_0563;5;dlk_tbl_03855,gob_tbl_03718,gob_tbl_02312,proc_tbl_02830,m4sco_tbl_03388;13;gob_tbl_00614,gob_tbl_04035,dlk_tbl_00767,dlk_tbl_00789,gob_tbl_00981,gob_tbl_02893,m4vw_tbl_00653,dlk_ext_00567,dlk_ext_00564,dlk_ext_00527,dlk_ext_00493,gob_ext_00735,dash_ext_00207
dlk_proceso_0564;8;gob_tbl_02832,dlk_tbl_02987,dlk_tbl_00637,gob_tbl_01648,gob_tbl_03801,gob_tbl_01217,dlk_tbl_00894,dlk_tbl_01052;5;gob_tbl_00194,dlk_tbl_03932,dlk_tbl_00525,dlk_ext_00176,gob_ext_00590
proc_proceso_0565;5;gob_tbl_00285,gob_tbl_02767,dlk_tbl_00683,dlk_tbl_00308,dlk_tbl_03011;12;dlk_tbl_01634,dash_tbl_02582,dlk_tbl_01476,std_tbl_04107,proc_tbl_02970,gob_tbl_01746,proc_tbl_00460,gob_ext_00696,dlk_ext_00176,proc_ext_00370,dash_ext_00334,dash_ext_00020
gob_proceso_0566;3;dlk_tbl_00390,gob_tbl_03236,dash_tbl_01416;13;gob_tbl_00548,proc_tbl_01609,std_tbl_04146,dlk_tbl_01729,dlk_tbl_03255,m4sco_tbl_04241,dlk_tbl_04275,dash_ext_00529,gob_ext_00592,dlk_ext_00082,gob_ext_00474,proc_ext_00064,gob_ext_00506
proc_proceso_0567;4;gob_tbl_02500,dlk_tbl_02995,gob_tbl_02497,dash_tbl_02697;12;dash_tbl_02429,gob_tbl_01473,dlk_tbl_01370,proc_tbl_01402,gob_tbl_01675,gob_tbl_03142,gob_tbl_03260,dlk_ext_00375,proc_ext_00606,gob_ext_00268,proc_ext_00230,gob_ext_00617
gob_proceso_0568;5;proc_tbl_00429,dlk_tbl_00078,dash_tbl_01369,gob_tbl_02196,gob_tbl_04086;13;dash_tbl_03433,proc_tbl_00353,proc_tbl_02204,proc_tbl_03717,gob_tbl_04360,dlk_tbl_01188,dlk_tbl_04263,gob_ext_00601,dash_ext_00366,dash_ext_00017,std_ext_00424,gob_ext_00178,dash_ext_00186
gob_proceso_0569;3;dlk_tbl_00361,dash_tbl_00778,proc_tbl_02217;13;proc_tbl_01067,dash_tbl_03086,dlk_tbl_04049,gob_tbl_02296,ppn_tbl_03964,gob_tbl_03801,dlk_tbl_00750,std_ext_00424,gob_ext_00402,gob_ext_00228,gob_ext_00026,gob_ext_00693,m4sco_ext_00125
dlk_proceso_0570;3;gob_tbl_02815,gob_tbl_03678,gob_tbl_01846;11;dlk_tbl_04030,gob_tbl_00781,dlk_tbl_04093,dash_tbl_01632,dlk_tbl_00770,gob_tbl_01424,dash_ext_00467,dlk_ext_00658,gob_ext_00506,gob_ext_00383,proc_ext_00332
dlk_proceso_0571;6;m4sco_tbl_03581,dash_tbl_03489,gob_tbl_03404,gob_tbl_01187,gob_tbl_00454,dlk_tbl_01772;10;dlk_tbl_00361,dash_tbl_01400,dlk_tbl_02145,dlk_tbl_01099,dlk_tbl_01223,dlk_tbl_02446,dlk_ext_00306,m4vw_ext_00438,std_ext_00128,gob_ext_00010
dash_proceso_0572;5;dlk_tbl_04275,std_tbl_03852,gob_tbl_01398,dlk_tbl_01777,dash_tbl_02735;9;dlk_tbl_01501,dlk_tbl_04073,gob_tbl_03280,proc_tbl_03152,proc_tbl_02849,ppn_ext_00163,gob_ext_00154,gob_ext_00233,dlk_ext_00100
dlk_proceso_0573;5;gob_tbl_03147,dlk_tbl_03076,dlk_tbl_03470,dlk_tbl_03594,proc_tbl_00526;8;dlk_tbl_03351,proc_tbl_02848,dlk_tbl_01370,gob_tbl_04388,gob_tbl_00122,proc_ext_00713,gob_ext_00168,proc_ext_00663
dlk_proceso_0574;5;ppn_tbl_03856,dlk_tbl_02975,dlk_tbl_03679,proc_tbl_01045,dlk_tbl_04278;11;gob_tbl_02500,proc_tbl_01565,gob_tbl_03651,dlk_tbl_02362,dlk_tbl_02547,gob_tbl_04164,gob_ext_00288,dlk_ext_00463,dlk_ext_00244,proc_ext_00013,dlk_ext_00212
dash_proceso_0575;5;gob_tbl_00804,proc_tbl_03578,gob_tbl_01075,proc_tbl_01938,dlk_tbl_03350;14;m4sco_tbl_01521,gob_tbl_01821,m4vw_tbl_00427,gob_tbl_01087,proc_tbl_04169,dlk_tbl_01526,gob_tbl_02693,dlk_tbl_00239,dlk_ext_00358,dlk_ext_00447,dlk_ext_00519,gob_ext_00268,dlk_ext_00126,dlk_ext_00116
gob_proceso_0576;3;m4vw_tbl_02630,dlk_tbl_01312,dlk_tbl_02075;14;proc_tbl_01439,dlk_tbl_00289,proc_tbl_00597,proc_tbl_02412,dash_tbl_01491,proc_tbl_02374,proc_tbl_01097,dlk_tbl_03367,dlk_ext_00712,dlk_ext_00362,dlk_ext_00685,proc_ext_00412,gob_ext_00261,gob_ext_00386
gob_proceso_0577;8;gob_tbl_02201,std_tbl_03951,gob_tbl_02174,proc_tbl_02753,gob_tbl_03671,dlk_tbl_01977,std_tbl_03004,gob_tbl_03668;10;dlk_tbl_00248,gob_tbl_02710,dlk_tbl_04382,dlk_tbl_03495,gob_tbl_01291,proc_tbl_03713,dlk_ext_00354,dlk_ext_00720,proc_ext_00309,dlk_ext_00107
dash_proceso_0578;3;gob_tbl_03564,dlk_tbl_00765,gob_tbl_03381;11;dlk_tbl_03150,gob_tbl_02371,gob_tbl_04162,std_tbl_00808,std_tbl_01070,gob_tbl_03300,dlk_ext_00375,proc_ext_00731,proc_ext_00460,dlk_ext_00308,dlk_ext_00630
dash_proceso_0579;6;gob_tbl_02143,dlk_tbl_03772,gob_tbl_02404,dlk_tbl_01130,proc_tbl_03842,dlk_tbl_00205;4;dlk_tbl_01324,gob_tbl_01597,dlk_ext_00001,proc_ext_00157
dlk_proceso_0580;6;dash_tbl_04183,proc_tbl_02755,proc_tbl_04305,gob_tbl_00646,dlk_tbl_00405,gob_tbl_03486;10;gob_tbl_01358,proc_tbl_02545,dlk_tbl_04362,gob_tbl_04411,gob_tbl_02794,m4vw_tbl_03398,dlk_ext_00527,gob_ext_00151,gob_ext_00577,gob_ext_00410
dlk_proceso_0581;6;dlk_tbl_00904,gob_tbl_01382,gob_tbl_04261,gob_tbl_00130,m4sco_tbl_01174,gob_tbl_01594;9;gob_tbl_02336,dlk_tbl_02135,dlk_tbl_03215,dlk_tbl_01558,gob_tbl_03107,gob_ext_00264,proc_ext_00695,proc_ext_00092,dash_ext_00638
dlk_proceso_0582;3;dlk_tbl_03907,proc_tbl_04412,proc_tbl_03391;11;dlk_tbl_03894,dlk_tbl_01655,dash_tbl_02947,m4vw_tbl_02723,dash_tbl_02318,dlk_tbl_03919,proc_ext_00559,dlk_ext_00197,gob_ext_00592,dlk_ext_00656,m4vw_ext_00664
dlk_proceso_0583;3;dash_tbl_03970,gob_tbl_02549,gob_tbl_03225;13;gob_tbl_02196,gob_tbl_00441,proc_tbl_01639,gob_tbl_02578,dlk_tbl_03093,dash_tbl_00302,dash_tbl_03512,gob_ext_00068,gob_ext_00129,gob_ext_00749,dlk_ext_00176,gob_ext_00341,dlk_ext_00463
dlk_proceso_0584;2;dlk_tbl_01160,m4vw_tbl_01337;5;gob_tbl_02950,gob_tbl_01200,proc_tbl_00077,dlk_ext_00069,dlk_ext_00522
dlk_proceso_0585;6;gob_tbl_03285,proc_tbl_01342,gob_tbl_04074,dash_tbl_03746,dlk_tbl_03453,dlk_tbl_00895;13;gob_tbl_03779,std_tbl_03375,gob_tbl_01675,dash_tbl_02017,gob_tbl_03718,gob_tbl_03983,dlk_tbl_01922,dash_ext_00187,proc_ext_00370,proc_ext_00379,gob_ext_00364,dlk_ext_00196,gob_ext_00503
dlk_proceso_0586;4;dlk_tbl_02284,dlk_tbl_02016,proc_tbl_03152,proc_tbl_01617;11;dlk_tbl_00766,dlk_tbl_02283,dlk_tbl_04308,gob_tbl_01523,dlk_tbl_04419,std_tbl_04107,std_ext_00194,dlk_ext_00081,dlk_ext_00575,dash_ext_00467,proc_ext_00709
gob_proceso_0587;5;gob_tbl_03920,m4vw_tbl_01658,gob_tbl_00531,proc_tbl_03893,gob_tbl_02718;12;dlk_tbl_03995,gob_tbl_00332,dash_tbl_00879,gob_tbl_00514,dlk_tbl_00637,dlk_tbl_01526,gob_tbl_02872,gob_ext_00503,gob_ext_00558,dlk_ext_00142,gob_ext_00426,proc_ext_00705
dlk_proceso_0588;4;dash_tbl_01602,proc_tbl_03972,gob_tbl_00586,dlk_tbl_04424;7;m4sco_tbl_00954,dlk_tbl_00506,gob_tbl_00552,proc_tbl_04065,proc_ext_00370,dlk_ext_00643,dlk_ext_00347
dlk_proceso_0589;4;dlk_tbl_01913,proc_tbl_00928,dlk_tbl_04108,dlk_tbl_04311;9;proc_tbl_03874,gob_tbl_02623,gob_tbl_00620,dash_tbl_01432,m4vw_tbl_04115,gob_ext_00429,gob_ext_00068,proc_ext_00157,dlk_ext_00625
dlk_proceso_0590;5;proc_tbl_01134,proc_tbl_02863,m4sco_tbl_03435,gob_tbl_00439,gob_tbl_00418;19;dlk_tbl_01004,gob_tbl_02160,gob_tbl_01557,gob_tbl_00360,gob_tbl_02654,gob_tbl_03519,gob_tbl_03419,dlk_tbl_03680,ppn_tbl_02869,dlk_tbl_00595,dlk_tbl_00237,gob_ext_00181,dlk_ext_00576,gob_ext_00369,dlk_ext_00401,gob_ext_00150,dlk_ext_00291,dlk_ext_00252,gob_ext_00236
proc_proceso_0591;5;gob_tbl_01706,dlk_tbl_01725,proc_tbl_00968,std_tbl_02376,proc_tbl_00063;14;gob_tbl_03385,dlk_tbl_01383,dlk_tbl_00899,gob_tbl_04160,gob_tbl_01547,dlk_tbl_02799,proc_tbl_02720,dlk_tbl_01924,dlk_ext_00531,gob_ext_00112,gob_ext_00544,dlk_ext_00044,dlk_ext_00121,dlk_ext_00730
dash_proceso_0592;5;dash_tbl_01839,gob_tbl_03606,dlk_tbl_00196,gob_tbl_02124,gob_tbl_00174;11;gob_tbl_00974,gob_tbl_01184,std_tbl_04107,dlk_tbl_02136,dlk_tbl_02055,proc_tbl_04423,dlk_ext_00455,dash_ext_00467,dlk_ext_00171,proc_ext_00619,dash_ext_00671
gob_proceso_0593;6;gob_tbl_00520,dlk_tbl_00551,dlk_tbl_02244,gob_tbl_00987,gob_tbl_01358,gob_tbl_00700;13;proc_tbl_00009,dlk_tbl_00382,dlk_tbl_02075,gob_tbl_01132,dlk_tbl_01863,dlk_tbl_00104,proc_tbl_03393,dlk_ext_00658,proc_ext_00152,dlk_ext_00021,gob_ext_00640,dlk_ext_00448,dlk_ext_00425
dlk_proceso_0594;2;gob_tbl_04325,proc_tbl_04120;12;dlk_tbl_03000,gob_tbl_02255,dlk_tbl_03907,dlk_tbl_03527,proc_tbl_01853,gob_tbl_00921,dlk_tbl_03520,dlk_ext_00110,gob_ext_00668,proc_ext_00230,gob_ext_00093,dlk_ext_00149
dash_proceso_0595;4;gob_tbl_02642,dlk_tbl_00171,ppn_tbl_02680,gob_tbl_02864;7;dlk_tbl_03219,dlk_tbl_01606,dash_tbl_03433,gob_tbl_04173,proc_ext_00140,proc_ext_00711,gob_ext_00592
proc_proceso_0596;5;proc_tbl_01141,dash_tbl_00594,dash_tbl_03140,dlk_tbl_03697,dlk_tbl_00076;4;m4sco_tbl_01753,dash_tbl_00274,gob_ext_00696,dlk_ext_00149
gob_proceso_0597;2;std_tbl_03510,dlk_tbl_00798;12;dlk_tbl_02908,gob_tbl_02481,gob_tbl_01384,gob_tbl_03064,dlk_tbl_03904,gob_tbl_01758,dlk_tbl_02818,gob_ext_00261,dlk_ext_00642,gob_ext_00517,dlk_ext_00107,gob_ext_00479
dlk_proceso_0598;7;gob_tbl_03913,proc_tbl_01290,gob_tbl_00606,gob_tbl_04178,gob_tbl_02371,gob_tbl_00201,gob_tbl_02534;10;dlk_tbl_03279,dlk_tbl_00367,proc_tbl_03066,proc_tbl_00026,gob_tbl_00109,dlk_tbl_02831,gob_ext_00749,gob_ext_00466,dash_ext_00334,dlk_ext_00569
gob_proceso_0599;6;dlk_tbl_04251,dlk_tbl_00848,gob_tbl_01668,dlk_tbl_03968,gob_tbl_02913,gob_tbl_00781;11;dlk_tbl_03279,gob_tbl_00305,proc_tbl_01625,dlk_tbl_02472,dlk_tbl_00242,ppn_tbl_02692,dash_ext_00698,gob_ext_00151,proc_ext_00594,dlk_ext_00274,gob_ext_00211
dash_proceso_0600;6;gob_tbl_01647,gob_tbl_02105,gob_tbl_01262,gob_tbl_00671,dash_tbl_03354,gob_tbl_03361;21;dlk_tbl_00459,gob_tbl_04017,dash_tbl_00501,dlk_tbl_02295,gob_tbl_00849,gob_tbl_00922,gob_tbl_04354,gob_tbl_00081,ppn_tbl_01267,gob_tbl_03733,proc_tbl_00788,dlk_tbl_00050,dlk_ext_00316,dlk_ext_00625,gob_ext_00513,dlk_ext_00025,gob_ext_00442,gob_ext_00319,dlk_ext_00628,proc_ext_00152,proc_ext_00552
dash_proceso_0601;4;gob_tbl_03272,dlk_tbl_03995,dash_tbl_04404,gob_tbl_01533;10;dlk_tbl_04041,gob_tbl_00482,dlk_tbl_00765,dlk_tbl_02521,dlk_tbl_03984,gob_tbl_03089,std_ext_00726,gob_ext_00159,proc_ext_00092,proc_ext_00370
dlk_proceso_0602;5;gob_tbl_03318,dlk_tbl_00450,m4vw_tbl_02024,gob_tbl_04088,dlk_tbl_02150;14;dlk_tbl_01971,ppn_tbl_04061,dash_tbl_00261,gob_tbl_01540,dlk_tbl_03248,dlk_tbl_01370,dlk_tbl_00286,gob_tbl_03336,gob_ext_00489,dash_ext_00647,dash_ext_00050,dlk_ext_00567,dlk_ext_00365,proc_ext_00152
gob_proceso_0603;3;proc_tbl_04221,gob_tbl_02540,proc_tbl_00503;5;dash_tbl_02561,gob_tbl_00121,proc_tbl_04379,dash_ext_00419,gob_ext_00502
dlk_proceso_0604;4;dlk_tbl_01189,proc_tbl_01535,dlk_tbl_00599,proc_tbl_00786;6;gob_tbl_00058,proc_tbl_04129,gob_tbl_02662,proc_ext_00102,proc_ext_00704,gob_ext_00233
dash_proceso_0605;5;proc_tbl_02430,dash_tbl_00810,proc_tbl_04333,gob_tbl_02655,dash_tbl_01840;10;dlk_tbl_00797,gob_tbl_02597,gob_tbl_02174,dash_tbl_01108,gob_tbl_04072,dlk_tbl_03155,proc_ext_00709,dash_ext_00647,gob_ext_00502,dlk_ext_00389
dlk_proceso_0606;8;gob_tbl_01727,gob_tbl_04173,dlk_tbl_00956,proc_tbl_01329,proc_tbl_04008,proc_tbl_02155,proc_tbl_00009,dlk_tbl_02281;5;gob_tbl_03607,gob_tbl_02842,gob_tbl_04420,dlk_ext_00081,dlk_ext_00029
dlk_proceso_0607;6;gob_tbl_03349,dlk_tbl_03814,dash_tbl_02369,gob_tbl_01334,dlk_tbl_01671,proc_tbl_04214;4;dash_tbl_01400,std_tbl_04022,gob_ext_00106,dlk_ext_00269
dlk_proceso_0608;4;proc_tbl_01979,dlk_tbl_02226,dlk_tbl_02790,gob_tbl_01286;9;proc_tbl_02813,gob_tbl_00268,m4sco_tbl_00235,proc_tbl_03950,dlk_tbl_02395,dash_ext_00636,dlk_ext_00126,dlk_ext_00643,proc_ext_00606
dlk_proceso_0609;4;dlk_tbl_01646,gob_tbl_02518,dlk_tbl_03248,m4vw_tbl_02707;8;gob_tbl_02730,gob_tbl_00138,proc_tbl_00744,proc_tbl_00272,dlk_tbl_02224,dlk_ext_00504,dash_ext_00534,dash_ext_00674
proc_proceso_0610;5;proc_tbl_00460,dlk_tbl_01056,proc_tbl_03767,dlk_tbl_03582,gob_tbl_03493;5;gob_tbl_01461,std_tbl_01804,gob_tbl_00412,proc_ext_00505,dlk_ext_00091
dlk_proceso_0611;7;gob_tbl_01391,std_tbl_04107,proc_tbl_04268,gob_tbl_00675,proc_tbl_02192,gob_tbl_03655,std_tbl_01804;1;dlk_tbl_04140
proc_proceso_0612;4;dlk_tbl_02461,dlk_tbl_03897,dash_tbl_03979,dlk_tbl_02473;10;gob_tbl_03718,dash_tbl_01733,proc_tbl_03531,gob_tbl_00923,proc_tbl_03921,dash_tbl_01252,proc_ext_00173,dlk_ext_00499,dlk_ext_00613,m4vw_ext_00664
gob_proceso_0613;3;dlk_tbl_04126,gob_tbl_02129,dlk_tbl_02096;4;gob_tbl_00496,dlk_tbl_03610,proc_ext_00327,gob_ext_00156
gob_proceso_0614;5;proc_tbl_02789,gob_tbl_03280,gob_tbl_04399,dlk_tbl_01428,dlk_tbl_01169;12;gob_tbl_00845,gob_tbl_02201,gob_tbl_01247,dlk_tbl_03804,gob_tbl_00385,proc_tbl_00156,proc_tbl_02782,gob_ext_00418,gob_ext_00154,dlk_ext_00492,proc_ext_00697,proc_ext_00684
dlk_proceso_0615;2;proc_tbl_02260,gob_tbl_02197;12;dlk_tbl_01410,dlk_tbl_00930,proc_tbl_03378,proc_tbl_00664,std_tbl_04196,gob_tbl_01758,gob_tbl_04035,dlk_ext_00071,dash_ext_00671,gob_ext_00178,dlk_ext_00680,dlk_ext_00710
proc_proceso_0616;5;gob_tbl_00836,dash_tbl_03392,dlk_tbl_00291,gob_tbl_02635,gob_tbl_04245;8;gob_tbl_01547,m4sco_tbl_02199,std_tbl_01096,gob_tbl_00885,dlk_tbl_01260,dash_ext_00066,proc_ext_00140,gob_ext_00571
dash_proceso_0617;6;ppn_tbl_03908,gob_tbl_02991,gob_tbl_01086,std_tbl_02673,gob_tbl_01185,gob_tbl_03956;6;dlk_tbl_00291,gob_tbl_01926,dlk_tbl_02785,gob_ext_00640,gob_ext_00026,dlk_ext_00680
dash_proceso_0618;7;m4vw_tbl_04384,gob_tbl_04395,std_tbl_00336,gob_tbl_02854,dash_tbl_00600,gob_tbl_00128,dash_tbl_00795;20;gob_tbl_02347,dlk_tbl_00367,proc_tbl_01818,gob_tbl_03404,dlk_tbl_03919,proc_tbl_03163,gob_tbl_03813,proc_tbl_01899,gob_tbl_01974,dash_tbl_01642,gob_tbl_03900,gob_tbl_04254,dlk_ext_00034,dlk_ext_00710,gob_ext_00105,dlk_ext_00279,dlk_ext_00031,dlk_ext_00586,dash_ext_00467,gob_ext_00525
gob_proceso_0619;5;dlk_tbl_04099,gob_tbl_01621,dlk_tbl_03653,dlk_tbl_03304,dash_tbl_01741;14;proc_tbl_01010,dlk_tbl_02387,gob_tbl_02491,dlk_tbl_03846,std_tbl_03269,gob_tbl_00534,dlk_tbl_02695,gob_tbl_03358,dlk_ext_00478,dash_ext_00187,proc_ext_00514,gob_ext_00701,dlk_ext_00312,dash_ext_00397
dlk_proceso_0620;5;gob_tbl_00887,proc_tbl_03449,dlk_tbl_01188,dlk_tbl_01222,proc_tbl_02169;9;dlk_tbl_03907,dlk_tbl_00767,gob_tbl_03083,proc_tbl_03393,gob_tbl_03089,dlk_ext_00576,proc_ext_00040,dash_ext_00334,ppn_ext_00717
dash_proceso_0621;5;dlk_tbl_04336,gob_tbl_02526,gob_tbl_03843,proc_tbl_01874,dlk_tbl_01072;16;dlk_tbl_03436,gob_tbl_00659,std_tbl_00016,dlk_tbl_03339,dlk_tbl_02437,dash_tbl_02046,dlk_tbl_01908,gob_tbl_03651,dlk_tbl_00865,dash_ext_00446,gob_ext_00480,dlk_ext_00453,gob_ext_00112,dash_ext_00066,gob_ext_00127,std_ext_00194
dash_proceso_0622;9;gob_tbl_03259,std_tbl_03898,gob_tbl_02424,gob_tbl_04411,dlk_tbl_01975,proc_tbl_01776,gob_tbl_03885,gob_tbl_03019,dlk_tbl_00263;14;gob_tbl_00441,gob_tbl_00109,dash_tbl_00893,gob_tbl_00965,dlk_tbl_02111,gob_tbl_01647,gob_tbl_01344,gob_tbl_00769,proc_ext_00650,gob_ext_00088,dlk_ext_00685,dlk_ext_00363,dlk_ext_00448,gob_ext_00326
dlk_proceso_0623;5;dash_tbl_03949,gob_tbl_03597,gob_tbl_00233,dlk_tbl_01037,gob_tbl_01302;10;dlk_tbl_01448,proc_tbl_04407,proc_tbl_04242,gob_tbl_02386,dash_tbl_03394,gob_tbl_01647,dlk_ext_00048,dlk_ext_00567,dlk_ext_00509,gob_ext_00112
gob_proceso_0624;6;dlk_tbl_03434,gob_tbl_02088,gob_tbl_01027,gob_tbl_03752,dlk_tbl_00912,gob_tbl_01256;10;proc_tbl_00341,dlk_tbl_03727,dlk_tbl_01412,dlk_tbl_02415,dlk_tbl_02818,proc_tbl_00978,gob_ext_00261,gob_ext_00696,dlk_ext_00430,gob_ext_00506
proc_proceso_0625;4;dlk_tbl_01760,gob_tbl_00246,proc_tbl_00742,m4vw_tbl_02148;10;gob_tbl_03501,gob_tbl_02312,dlk_tbl_01971,dash_tbl_01284,dlk_tbl_01326,dlk_tbl_01729,gob_ext_00577,gob_ext_00592,gob_ext_00127,dlk_ext_00218
dlk_proceso_0626;3;dlk_tbl_00774,gob_tbl_01512,gob_tbl_01356;13;dlk_tbl_04062,dash_tbl_03605,gob_tbl_03807,gob_tbl_03864,gob_tbl_01219,proc_tbl_01503,std_tbl_00556,proc_ext_00646,m4vw_ext_00560,gob_ext_00119,gob_ext_00662,gob_ext_00494,dlk_ext_00509
dlk_proceso_0627;2;dlk_tbl_01463,dlk_tbl_03732;8;gob_tbl_02696,gob_tbl_02028,dash_tbl_02413,proc_tbl_02270,dlk_tbl_02150,gob_ext_00385,dlk_ext_00262,dlk_ext_00545
gob_proceso_0628;5;gob_tbl_02822,gob_tbl_00724,dash_tbl_00011,proc_tbl_03759,dlk_tbl_01716;8;dlk_tbl_00699,proc_tbl_04331,dlk_tbl_01090,ppn_tbl_04061,proc_tbl_02074,dlk_ext_00222,gob_ext_00609,dlk_ext_00023
dash_proceso_0629;4;dlk_tbl_01437,dlk_tbl_01442,dlk_tbl_02677,gob_tbl_03722;4;m4sco_tbl_02803,gob_tbl_00973,dlk_ext_00586,gob_ext_00077
gob_proceso_0630;2;dlk_tbl_03445,gob_tbl_00942;12;gob_tbl_01599,dlk_tbl_01437,proc_tbl_01960,dlk_tbl_03844,dlk_tbl_01670,gob_tbl_00573,dlk_tbl_03994,dlk_ext_00387,gob_ext_00422,dash_ext_00411,dlk_ext_00527,dlk_ext_00082
proc_proceso_0631;5;gob_tbl_02895,dash_tbl_00749,dash_tbl_02039,gob_tbl_01965,gob_tbl_03081;7;dlk_tbl_03155,gob_tbl_03280,proc_tbl_00059,gob_tbl_01620,dlk_ext_00628,proc_ext_00230,proc_ext_00152
dlk_proceso_0632;2;gob_tbl_00548,dlk_tbl_01713;6;gob_tbl_00722,proc_tbl_02253,gob_tbl_03748,dlk_ext_00712,gob_ext_00640,proc_ext_00180
dlk_proceso_0633;6;gob_tbl_00952,gob_tbl_01950,proc_tbl_02699,proc_tbl_02627,gob_tbl_00007,dlk_tbl_03425;13;dlk_tbl_03719,gob_tbl_00852,gob_tbl_00425,gob_tbl_02578,dlk_tbl_00045,gob_tbl_01518,dlk_tbl_01018,gob_ext_00002,gob_ext_00551,proc_ext_00427,gob_ext_00391,gob_ext_00429,dlk_ext_00408
dlk_proceso_0634;8;dlk_tbl_01729,gob_tbl_02268,dlk_tbl_03707,dlk_tbl_04410,dlk_tbl_01238,dlk_tbl_03141,gob_tbl_00855,dlk_tbl_01764;23;proc_tbl_00370,m4vw_tbl_04349,gob_tbl_01570,dlk_tbl_03370,dlk_tbl_02409,dash_tbl_04413,dash_tbl_03055,dlk_tbl_01922,dlk_tbl_03818,proc_tbl_00059,dlk_tbl_02472,gob_tbl_02406,proc_tbl_03948,proc_ext_00713,gob_ext_00293,dlk_ext_00575,gob_ext_00131,dlk_ext_00456,gob_ext_00233,gob_ext_00144,gob_ext_00324,dlk_ext_00023,gob_ext_00718
gob_proceso_0635;6;proc_tbl_01625,std_tbl_00808,dash_tbl_02553,dlk_tbl_03337,gob_tbl_00124,gob_tbl_04385;6;dlk_tbl_04118,dlk_tbl_04351,dlk_tbl_03205,dlk_ext_00644,dlk_ext_00576,dash_ext_00534
gob_proceso_0636;3;dlk_tbl_03292,std_tbl_04188,proc_tbl_01899;9;gob_tbl_03519,dash_tbl_02318,dlk_tbl_04347,dlk_tbl_01812,gob_tbl_02732,dlk_ext_00465,dlk_ext_00142,dlk_ext_00500,gob_ext_00182
dlk_proceso_0637;5;gob_tbl_01790,dlk_tbl_01180,dlk_tbl_03177,dlk_tbl_03219,gob_tbl_01517;13;dlk_tbl_01525,proc_tbl_01915,dash_tbl_03636,dlk_tbl_01406,dlk_tbl_03727,dash_tbl_01252,m4sco_tbl_01148,dlk_ext_00712,gob_ext_00657,gob_ext_00261,dash_ext_00446,gob_ext_00623,dlk_ext_00516
gob_proceso_0638;5;proc_tbl_00854,dlk_tbl_01419,proc_tbl_00613,proc_tbl_00012,gob_tbl_03644;14;proc_tbl_00978,dlk_tbl_00950,gob_tbl_02271,gob_tbl_00875,gob_tbl_00830,m4sco_tbl_00743,dlk_tbl_00116,dlk_tbl_02449,std_ext_00194,gob_ext_00662,proc_ext_00370,gob_ext_00188,proc_ext_00697,proc_ext_00582
gob_proceso_0639;7;dash_tbl_02927,gob_tbl_00616,gob_tbl_03424,dlk_tbl_00913,gob_tbl_00109,std_tbl_02477,proc_tbl_00630;9;dlk_tbl_02383,gob_tbl_00609,gob_tbl_00134,std_tbl_04107,gob_tbl_00105,gob_ext_00350,gob_ext_00388,proc_ext_00568,dlk_ext_00618
dash_proceso_0640;5;gob_tbl_04249,gob_tbl_00711,gob_tbl_01034,gob_tbl_00716,dlk_tbl_00432;8;dlk_tbl_04185,dlk_tbl_04332,dlk_tbl_00710,gob_tbl_03695,m4vw_tbl_00427,std_ext_00424,dlk_ext_00485,dlk_ext_00720
gob_proceso_0641;5;dlk_tbl_02984,dash_tbl_03433,gob_tbl_02160,gob_tbl_00826,dlk_tbl_02390;4;gob_tbl_03671,gob_tbl_03575,gob_ext_00461,dlk_ext_00628
gob_proceso_0642;3;dlk_tbl_01792,gob_tbl_00944,gob_tbl_02706;6;gob_tbl_01025,m4vw_tbl_03054,dlk_tbl_02188,gob_ext_00288,dlk_ext_00723,gob_ext_00055
dash_proceso_0643;6;gob_tbl_03009,dash_tbl_04350,gob_tbl_03360,proc_tbl_03040,dlk_tbl_03090,dash_tbl_00545;9;proc_tbl_00298,gob_tbl_00737,proc_tbl_03531,dash_tbl_00790,dlk_tbl_00959,dlk_ext_00318,dlk_ext_00363,dlk_ext_00022,dlk_ext_00251
dash_proceso_0644;7;dlk_tbl_04229,gob_tbl_02198,gob_tbl_03480,gob_tbl_03787,gob_tbl_01060,proc_tbl_01565,gob_tbl_01182;6;dlk_tbl_02932,dlk_tbl_01472,std_tbl_02802,gob_ext_00288,gob_ext_00233,gob_ext_00437
gob_proceso_0645;5;m4vw_tbl_04115,gob_tbl_04045,gob_tbl_01274,proc_tbl_00031,dlk_tbl_03881;10;dlk_tbl_01628,proc_tbl_03836,dlk_tbl_01589,std_tbl_02994,std_tbl_02673,gob_tbl_04207,gob_ext_00151,proc_ext_00483,dlk_ext_00048,gob_ext_00502
proc_proceso_0646;5;dash_tbl_01212,dash_tbl_01340,proc_tbl_02074,dlk_tbl_01181,dlk_tbl_01236;10;gob_tbl_01836,proc_tbl_03041,gob_tbl_02888,dlk_tbl_00894,proc_tbl_00809,gob_tbl_03105,proc_ext_00695,proc_ext_00649,proc_ext_00559,dash_ext_00659
dlk_proceso_0647;2;dlk_tbl_00021,proc_tbl_02519;6;dlk_tbl_02631,dlk_tbl_00959,dlk_tbl_03327,dlk_ext_00104,proc_ext_00360,m4vw_ext_00072
gob_proceso_0648;6;m4vw_tbl_04151,proc_tbl_00101,ppn_tbl_00546,gob_tbl_01396,dlk_tbl_04418,gob_tbl_02893;11;m4vw_tbl_04115,dlk_tbl_00471,gob_tbl_02060,gob_tbl_03493,gob_tbl_04256,proc_tbl_00163,dlk_ext_00596,dlk_ext_00743,dlk_ext_00448,dlk_ext_00449,proc_ext_00709
proc_proceso_0649;4;gob_tbl_00114,dash_tbl_00879,dlk_tbl_01028,dash_tbl_01252;12;dlk_tbl_01326,proc_tbl_04407,gob_tbl_03695,gob_tbl_02870,dlk_tbl_01126,std_tbl_02728,std_tbl_04028,dlk_ext_00685,gob_ext_00297,gob_ext_00271,m4sco_ext_00305,gob_ext_00338
dlk_proceso_0650;6;gob_tbl_02097,gob_tbl_01622,ppn_tbl_00029,gob_tbl_01770,proc_tbl_01246,gob_tbl_03138;6;dash_tbl_02927,gob_tbl_00296,proc_tbl_00582,m4sco_ext_00305,proc_ext_00219,dlk_ext_00632
proc_proceso_0651;5;dlk_tbl_01151,gob_tbl_04287,dlk_tbl_00891,gob_tbl_03305,dlk_tbl_00549;7;dlk_tbl_01470,dlk_tbl_02993,gob_tbl_03208,dash_tbl_01986,gob_ext_00443,m4vw_ext_00560,gob_ext_00431
dlk_proceso_0652;6;proc_tbl_02435,gob_tbl_03783,gob_tbl_03534,dlk_tbl_03032,dlk_tbl_03061,gob_tbl_02008;11;dlk_tbl_04192,gob_tbl_03417,dlk_tbl_02513,proc_tbl_00960,gob_tbl_00708,proc_tbl_03297,dash_ext_00446,dlk_ext_00316,gob_ext_00232,std_ext_00229,dlk_ext_00079
gob_proceso_0653;3;dlk_tbl_01569,proc_tbl_03126,std_tbl_02590;7;gob_tbl_01396,dlk_tbl_04070,gob_tbl_03632,dlk_tbl_02200,std_ext_00424,proc_ext_00036,dlk_ext_00563
dlk_proceso_0654;2;dlk_tbl_02538,gob_tbl_01547;8;dash_tbl_01507,proc_tbl_00934,gob_tbl_01198,dlk_tbl_01177,dlk_tbl_02831,gob_ext_00288,m4vw_ext_00438,dlk_ext_00685
dlk_proceso_0655;2;dash_tbl_00276,dlk_tbl_03206;10;dlk_tbl_03150,dash_tbl_01807,dash_tbl_03161,proc_tbl_01878,dlk_tbl_02750,proc_tbl_02724,gob_ext_00590,gob_ext_00083,dlk_ext_00269,dlk_ext_00142
dlk_proceso_0656;6;dlk_tbl_02618,std_tbl_00175,dash_tbl_03099,dlk_tbl_03537,dlk_tbl_02136,dlk_tbl_03705;15;gob_tbl_00284,m4sco_tbl_03084,gob_tbl_01035,gob_tbl_02485,gob_tbl_00830,std_tbl_00135,std_tbl_04363,dlk_tbl_02975,m4sco_tbl_02881,gob_ext_00045,dlk_ext_00274,dlk_ext_00561,dlk_ext_00554,dlk_ext_00436,ppn_ext_00109
proc_proceso_0657;3;dlk_tbl_03284,gob_tbl_04156,gob_tbl_01996;11;gob_tbl_02623,gob_tbl_01035,proc_tbl_01474,gob_tbl_00822,dlk_tbl_00065,dlk_tbl_03141,gob_ext_00261,dlk_ext_00244,dlk_ext_00240,dlk_ext_00453,gob_ext_00303
dash_proceso_0658;5;dlk_tbl_00695,proc_tbl_02644,dlk_tbl_02132,gob_tbl_02539,proc_tbl_01265;8;dlk_tbl_03593,dlk_tbl_00021,dlk_tbl_03984,dash_tbl_01214,dlk_tbl_04396,gob_ext_00380,gob_ext_00592,dash_ext_00469
dash_proceso_0659;2;proc_tbl_04060,proc_tbl_04369;6;dash_tbl_02254,gob_tbl_00529,dlk_tbl_03491,dlk_ext_00158,gob_ext_00094,proc_ext_00092
dash_proceso_0660;2;proc_tbl_03921,proc_tbl_01439;8;dlk_tbl_04194,dlk_tbl_02473,gob_tbl_02328,dlk_tbl_01734,gob_tbl_03640,dlk_ext_00509,dlk_ext_00019,dlk_ext_00084
gob_proceso_0661;7;gob_tbl_03417,gob_tbl_00659,gob_tbl_02154,m4sco_tbl_00642,dash_tbl_00358,dlk_tbl_00680,dash_tbl_03161;9;gob_tbl_03966,gob_tbl_03053,dlk_tbl_03134,proc_tbl_00238,proc_tbl_03609,dlk_ext_00174,proc_ext_00695,proc_ext_00724,dlk_ext_00612
dlk_proceso_0662;6;dlk_tbl_04189,dlk_tbl_02241,dlk_tbl_01458,proc_tbl_02749,gob_tbl_00628,dlk_tbl_04294;6;gob_tbl_03677,gob_tbl_00654,dlk_tbl_00950,dlk_ext_00751,dlk_ext_00044,dlk_ext_00108
proc_proceso_0663;3;proc_tbl_02267,dlk_tbl_03281,std_tbl_03379;11;dash_tbl_02213,proc_tbl_02852,gob_tbl_03147,proc_tbl_03757,dash_tbl_03746,gob_tbl_02100,m4sco_ext_00018,gob_ext_00088,proc_ext_00593,gob_ext_00216,proc_ext_00646
dlk_proceso_0664;4;gob_tbl_03935,gob_tbl_03262,gob_tbl_00331,gob_tbl_03862;10;gob_tbl_00379,dash_tbl_04172,dlk_tbl_03139,gob_tbl_02671,std_tbl_02477,gob_tbl_01487,dlk_ext_00527,m4sco_ext_00653,dash_ext_00020,dlk_ext_00570
dlk_proceso_0665;3;dlk_tbl_00890,dlk_tbl_02445,gob_tbl_02622;13;gob_tbl_00696,gob_tbl_02187,proc_tbl_01819,gob_tbl_00821,gob_tbl_02766,m4sco_tbl_01593,dlk_tbl_01650,gob_ext_00326,dlk_ext_00260,dlk_ext_00680,gob_ext_00708,dlk_ext_00034,proc_ext_00670
proc_proceso_0666;3;dash_tbl_03420,dash_tbl_00200,gob_tbl_02346;10;gob_tbl_02916,m4vw_tbl_02971,gob_tbl_00137,dlk_tbl_02689,proc_tbl_00799,dlk_tbl_03888,m4vw_ext_00655,dlk_ext_00680,gob_ext_00150,dash_ext_00235
dlk_proceso_0667;7;dlk_tbl_02601,gob_tbl_02823,dlk_tbl_01605,m4sco_tbl_02456,proc_tbl_03614,dlk_tbl_00108,gob_tbl_01088;11;dlk_tbl_04332,m4vw_tbl_03547,m4sco_tbl_01952,m4sco_tbl_01683,dlk_tbl_00935,gob_tbl_00739,dash_ext_00529,dlk_ext_00142,dlk_ext_00048,proc_ext_00731,dash_ext_00419
dlk_proceso_0668;5;gob_tbl_02693,gob_tbl_04121,dlk_tbl_02205,m4vw_tbl_02769,gob_tbl_03942;7;gob_tbl_00852,gob_tbl_01053,gob_tbl_01422,gob_tbl_03517,dash_ext_00722,gob_ext_00026,dlk_ext_00531
dlk_proceso_0669;5;dlk_tbl_00500,proc_tbl_02948,proc_tbl_03036,gob_tbl_03946,proc_tbl_01520;9;dlk_tbl_02894,dlk_tbl_04145,proc_tbl_03555,gob_tbl_03089,dlk_tbl_00466,dlk_ext_00548,dlk_ext_00687,gob_ext_00410,dlk_ext_00348
gob_proceso_0670;3;dlk_tbl_01534,dlk_tbl_01360,dash_tbl_01769;4;dlk_tbl_00216,gob_tbl_00667,gob_ext_00326,proc_ext_00684
proc_proceso_0671;5;dlk_tbl_03805,dlk_tbl_01012,gob_tbl_02108,dash_tbl_04172,gob_tbl_01687;17;dash_tbl_00315,std_tbl_03634,proc_tbl_03149,gob_tbl_02659,dlk_tbl_00551,dlk_tbl_01162,gob_tbl_02528,gob_tbl_00738,dlk_tbl_00900,dlk_tbl_01033,std_ext_00726,proc_ext_00514,gob_ext_00361,gob_ext_00303,dash_ext_00432,gob_ext_00533,gob_ext_00127
gob_proceso_0672;7;dash_tbl_00685,dlk_tbl_03824,gob_tbl_00189,proc_tbl_01204,gob_tbl_00378,proc_tbl_02114,gob_tbl_01954;11;proc_tbl_01868,dlk_tbl_02354,proc_tbl_03717,dlk_tbl_00468,gob_tbl_02636,gob_tbl_03936,dlk_ext_00146,dlk_ext_00174,gob_ext_00479,gob_ext_00093,dash_ext_00604
dlk_proceso_0673;7;dlk_tbl_00116,dlk_tbl_02839,dash_tbl_00908,dash_tbl_00322,gob_tbl_00406,m4sco_tbl_03084,gob_tbl_02090;15;gob_tbl_02696,dlk_tbl_01820,dlk_tbl_00023,dash_tbl_02576,gob_tbl_02499,gob_tbl_01310,std_tbl_03778,dlk_tbl_01142,dash_tbl_03528,dlk_ext_00499,gob_ext_00228,dlk_ext_00323,gob_ext_00364,dlk_ext_00240,ppn_ext_00496
dlk_proceso_0674;5;dash_tbl_03027,dlk_tbl_01107,gob_tbl_01149,gob_tbl_01156,dlk_tbl_01831;17;proc_tbl_02184,gob_tbl_00028,dlk_tbl_01729,gob_tbl_00241,dlk_tbl_03897,dlk_tbl_01584,gob_tbl_02245,dlk_tbl_02009,gob_tbl_03226,dlk_tbl_02939,dlk_ext_00044,dlk_ext_00591,gob_ext_00325,proc_ext_00433,gob_ext_00246,proc_ext_00416,dlk_ext_00408
proc_proceso_0675;5;dlk_tbl_02308,gob_tbl_02460,gob_tbl_02979,proc_tbl_01920,gob_tbl_02181;5;dlk_tbl_01383,dash_tbl_03429,dlk_tbl_00851,gob_ext_00479,gob_ext_00693
dlk_proceso_0676;3;proc_tbl_00495,proc_tbl_03479,dlk_tbl_01864;13;gob_tbl_02730,gob_tbl_02845,gob_tbl_03022,gob_tbl_03538,gob_tbl_03410,proc_tbl_00156,dlk_tbl_02116,dlk_ext_00637,dlk_ext_00116,proc_ext_00724,gob_ext_00261,gob_ext_00729,m4sco_ext_00305
gob_proceso_0677;4;gob_tbl_00058,dlk_tbl_00842,gob_tbl_01627,dlk_tbl_03106;6;std_tbl_00601,gob_tbl_03419,dlk_tbl_01561,dlk_ext_00086,dlk_ext_00522,dlk_ext_00465
proc_proceso_0678;2;dash_tbl_01940,dlk_tbl_04030;6;dlk_tbl_04347,proc_tbl_00854,gob_tbl_03048,gob_ext_00263,std_ext_00194,dlk_ext_00146
gob_proceso_0679;3;dlk_tbl_02572,m4vw_tbl_03482,m4sco_tbl_00383;8;gob_tbl_04371,proc_tbl_02702,gob_tbl_02392,gob_tbl_00442,proc_tbl_00238,dlk_ext_00308,dlk_ext_00645,dlk_ext_00174
dlk_proceso_0680;5;dash_tbl_00170,ppn_tbl_02692,gob_tbl_01674,gob_tbl_03695,gob_tbl_00603;9;proc_tbl_01818,dash_tbl_02567,dlk_tbl_03809,gob_tbl_01591,dlk_tbl_03340,std_ext_00052,proc_ext_00646,dlk_ext_00023,gob_ext_00747
dlk_proceso_0681;3;dlk_tbl_02230,dlk_tbl_02139,gob_tbl_04027;13;gob_tbl_04040,gob_tbl_01652,gob_tbl_01436,dlk_tbl_02501,dlk_tbl_01205,dlk_tbl_01844,dlk_tbl_00484,dlk_ext_00400,gob_ext_00657,dlk_ext_00720,dlk_ext_00130,dlk_ext_00710,gob_ext_00272
dash_proceso_0682;2;dash_tbl_02911,dlk_tbl_03176;7;proc_tbl_01503,gob_tbl_03058,gob_tbl_02998,gob_tbl_00377,dlk_ext_00091,proc_ext_00724,dash_ext_00647
dlk_proceso_0683;3;gob_tbl_02219,gob_tbl_01575,gob_tbl_00300;8;dash_tbl_03098,gob_tbl_04006,proc_tbl_04055,dlk_tbl_02332,gob_tbl_00227,dash_ext_00419,dlk_ext_00430,proc_ext_00238
dlk_proceso_0684;8;gob_tbl_02264,gob_tbl_03786,gob_tbl_03001,gob_tbl_04310,dlk_tbl_00153,dlk_tbl_03498,dlk_tbl_01735,dlk_tbl_03102;23;dlk_tbl_04382,dlk_tbl_02272,dlk_tbl_00846,proc_tbl_01873,dlk_tbl_01360,dlk_tbl_00955,gob_tbl_00620,gob_tbl_00644,dlk_tbl_03096,dlk_tbl_03213,gob_tbl_03585,dlk_tbl_03376,dash_tbl_00142,dlk_ext_00158,gob_ext_00195,m4vw_ext_00655,dlk_ext_00685,proc_ext_00075,dlk_ext_00130,gob_ext_00341,dlk_ext_00680,dlk_ext_00448,proc_ext_00646
gob_proceso_0685;6;dlk_tbl_00698,gob_tbl_00512,dlk_tbl_03601,dlk_tbl_00446,gob_tbl_00927,gob_tbl_00284;9;gob_tbl_03201,gob_tbl_02038,gob_tbl_04393,proc_tbl_00972,gob_tbl_00100,gob_ext_00353,gob_ext_00616,gob_ext_00178,gob_ext_00601
gob_proceso_0686;4;gob_tbl_00835,dlk_tbl_01959,dlk_tbl_00350,dash_tbl_03512;4;dlk_tbl_00420,dlk_tbl_00636,dlk_ext_00121,m4sco_ext_00125
dlk_proceso_0687;6;dlk_tbl_04230,gob_tbl_00690,proc_tbl_03372,proc_tbl_01951,dlk_tbl_02505,gob_tbl_02924;15;gob_tbl_01215,gob_tbl_03072,dlk_tbl_01385,dlk_tbl_01863,dlk_tbl_02929,gob_tbl_03446,proc_tbl_04309,dlk_tbl_02688,gob_tbl_00458,dlk_ext_00600,gob_ext_00325,proc_ext_00555,dash_ext_00302,ppn_ext_00496,gob_ext_00599
gob_proceso_0688;3;gob_tbl_00385,dlk_tbl_03726,dlk_tbl_01331;12;dlk_tbl_03932,dash_tbl_02567,gob_tbl_01556,dash_tbl_01212,dlk_tbl_00726,std_tbl_04188,gob_tbl_04420,dlk_ext_00567,gob_ext_00263,proc_ext_00193,dlk_ext_00748,gob_ext_00329
gob_proceso_0689;5;dlk_tbl_01815,gob_tbl_00228,gob_tbl_02718,dlk_tbl_00812,proc_tbl_04223;19;dlk_tbl_01729,std_tbl_01167,dlk_tbl_01100,dlk_tbl_00050,dash_tbl_01940,gob_tbl_00090,m4sco_tbl_02447,gob_tbl_02310,gob_tbl_03607,gob_tbl_01263,proc_tbl_03539,dash_ext_00310,dlk_ext_00257,dlk_ext_00687,proc_ext_00695,gob_ext_00045,dlk_ext_00457,dlk_ext_00023,proc_ext_00546
dlk_proceso_0690;6;gob_tbl_00687,gob_tbl_02422,proc_tbl_03005,gob_tbl_02052,gob_tbl_02925,dlk_tbl_00319;16;gob_tbl_02282,dash_tbl_02981,gob_tbl_03065,dlk_tbl_04263,dlk_tbl_00397,dlk_tbl_02641,dlk_tbl_04251,m4sco_tbl_01753,gob_tbl_01497,std_ext_00424,dlk_ext_00478,dlk_ext_00111,dlk_ext_00447,gob_ext_00383,dlk_ext_00171,gob_ext_00402
proc_proceso_0691;3;proc_tbl_01044,proc_tbl_02852,dlk_tbl_02427;6;dlk_tbl_00266,gob_tbl_02054,gob_tbl_02647,dlk_ext_00703,gob_ext_00494,dash_ext_00467
dash_proceso_0692;6;gob_tbl_01848,dlk_tbl_03523,proc_tbl_00474,dlk_tbl_00593,proc_tbl_01915,proc_tbl_00712;6;dlk_tbl_02908,proc_tbl_01948,gob_tbl_03841,gob_ext_00280,gob_ext_00378,gob_ext_00443
gob_proceso_0693;5;dlk_tbl_03459,m4vw_tbl_02407,gob_tbl_00662,m4vw_tbl_03278,gob_tbl_03983;14;std_tbl_03951,proc_tbl_03893,dlk_tbl_01735,dash_tbl_01862,dash_tbl_00322,proc_tbl_04242,gob_tbl_01184,dlk_tbl_02438,gob_ext_00668,std_ext_00679,dlk_ext_00218,dlk_ext_00561,gob_ext_00422,gob_ext_00261
dash_proceso_0694;4;dlk_tbl_03628,dlk_tbl_00094,dlk_tbl_01036,dlk_tbl_00064;11;proc_tbl_01923,dlk_tbl_02378,dlk_tbl_00525,proc_tbl_00324,dlk_tbl_03329,dlk_tbl_02987,gob_ext_00727,dlk_ext_00472,gob_ext_00210,proc_ext_00546,dlk_ext_00108
gob_proceso_0695;2;dlk_tbl_01489,dash_tbl_00999;10;proc_tbl_00871,gob_tbl_03104,proc_tbl_02969,gob_tbl_04283,std_tbl_03852,gob_tbl_03454,dlk_ext_00352,gob_ext_00177,gob_ext_00077,dlk_ext_00196
gob_proceso_0696;6;proc_tbl_00091,gob_tbl_03397,gob_tbl_01539,dash_tbl_02313,gob_tbl_03848,gob_tbl_02401;11;proc_tbl_02058,dlk_tbl_03994,dlk_tbl_01352,gob_tbl_01112,gob_tbl_01522,m4sco_tbl_02942,dlk_ext_00578,std_ext_00128,proc_ext_00433,proc_ext_00036,dash_ext_00446
gob_proceso_0697;4;proc_tbl_03062,gob_tbl_02185,std_tbl_01308,gob_tbl_03685;9;gob_tbl_02678,proc_tbl_01010,dlk_tbl_00572,dlk_tbl_00484,dlk_tbl_02188,dlk_ext_00284,gob_ext_00667,gob_ext_00437,proc_ext_00648
dlk_proceso_0698;3;dlk_tbl_02411,dash_tbl_00815,dash_tbl_00941;9;gob_tbl_01597,proc_tbl_04047,proc_tbl_03069,dlk_tbl_02583,gob_tbl_02160,gob_ext_00083,m4sco_ext_00653,proc_ext_00695,dlk_ext_00738
gob_proceso_0699;5;gob_tbl_03137,gob_tbl_01335,dash_tbl_02650,gob_tbl_01201,dlk_tbl_02982;8;std_tbl_03148,dlk_tbl_00266,proc_tbl_02343,dlk_tbl_04136,dlk_tbl_00493,dash_ext_00066,proc_ext_00641,dlk_ext_00600
dlk_proceso_0700;5;dlk_tbl_04141,dlk_tbl_00104,proc_tbl_03555,proc_tbl_03576,gob_tbl_00889;14;gob_tbl_01307,dlk_tbl_04067,gob_tbl_00652,m4vw_tbl_03398,gob_tbl_01482,dlk_tbl_03960,m4vw_tbl_03998,gob_tbl_02121,gob_ext_00007,ppn_ext_00717,gob_ext_00475,dlk_ext_00021,dlk_ext_00024,m4vw_ext_00560
dlk_proceso_0701;4;gob_tbl_03047,std_tbl_03549,dlk_tbl_02756,gob_tbl_04262;5;m4sco_tbl_03837,m4vw_tbl_02024,dash_tbl_01340,dlk_ext_00628,std_ext_00424
proc_proceso_0702;8;dlk_tbl_01660,dlk_tbl_00008,std_tbl_00536,std_tbl_03971,dlk_tbl_04056,dlk_tbl_00224,dlk_tbl_01506,dash_tbl_02112;7;gob_tbl_00393,gob_tbl_02154,gob_tbl_04199,dlk_tbl_04396,gob_ext_00589,gob_ext_00067,gob_ext_00326
dlk_proceso_0703;2;std_tbl_00146,dlk_tbl_00720;7;proc_tbl_02752,std_tbl_01546,dlk_tbl_02619,dlk_tbl_01630,dlk_ext_00091,dlk_ext_00278,proc_ext_00220
dlk_proceso_0704;6;dlk_tbl_03793,gob_tbl_00914,gob_tbl_04180,gob_tbl_00516,proc_tbl_01931,gob_tbl_02923;12;std_tbl_04188,gob_tbl_03233,gob_tbl_02381,dash_tbl_01610,dlk_tbl_00637,gob_tbl_03038,gob_tbl_03024,gob_ext_00718,gob_ext_00688,dlk_ext_00651,dlk_ext_00377,dlk_ext_00563
dlk_proceso_0705;3;gob_tbl_01999,dlk_tbl_03427,gob_tbl_01313;6;gob_tbl_00739,dlk_tbl_03059,dlk_tbl_03093,gob_ext_00166,gob_ext_00402,dlk_ext_00682
dlk_proceso_0706;4;dlk_tbl_02661,gob_tbl_03654,gob_tbl_01014,gob_tbl_00845;12;dash_tbl_03979,dlk_tbl_00787,gob_tbl_00309,dlk_tbl_01925,gob_tbl_00552,gob_tbl_00355,dash_tbl_00872,proc_ext_00332,gob_ext_00466,gob_ext_00182,proc_ext_00587,dlk_ext_00034
proc_proceso_0707;3;m4sco_tbl_02768,gob_tbl_00034,proc_tbl_03993;12;dlk_tbl_03459,gob_tbl_01522,dlk_tbl_03495,proc_tbl_03563,m4sco_tbl_02803,dlk_tbl_01555,dlk_tbl_03647,proc_ext_00332,gob_ext_00376,dash_ext_00671,gob_ext_00228,m4sco_ext_00305
dlk_proceso_0708;6;dlk_tbl_02897,dash_tbl_01068,gob_tbl_02696,gob_tbl_01021,gob_tbl_00118,proc_tbl_03792;16;proc_tbl_02627,gob_tbl_01358,dlk_tbl_01694,gob_tbl_04368,dlk_tbl_00930,gob_tbl_04064,gob_tbl_03166,gob_tbl_04250,dlk_tbl_03191,dlk_ext_00680,gob_ext_00325,dash_ext_00419,dash_ext_00698,gob_ext_00668,gob_ext_00376,dash_ext_00334
gob_proceso_0709;3;dash_tbl_00107,proc_tbl_00723,proc_tbl_00992;9;dlk_tbl_02513,dlk_tbl_01012,gob_tbl_03221,dlk_tbl_03134,proc_tbl_03776,dlk_ext_00478,gob_ext_00105,std_ext_00259,gob_ext_00181
gob_proceso_0710;5;gob_tbl_00806,dlk_tbl_03929,m4sco_tbl_01255,dlk_tbl_01042,gob_tbl_02536;8;dlk_tbl_04182,dlk_tbl_02556,proc_tbl_04011,gob_tbl_01145,gob_tbl_03072,dash_ext_00270,proc_ext_00695,gob_ext_00026
gob_proceso_0711;6;dlk_tbl_00735,dash_tbl_02866,proc_tbl_02720,dlk_tbl_01558,dash_tbl_03860,gob_tbl_03130;10;gob_tbl_03288,m4vw_tbl_00115,proc_tbl_02285,gob_tbl_02388,gob_tbl_03238,dlk_tbl_01693,dlk_ext_00456,proc_ext_00683,proc_ext_00396,proc_ext_00649
proc_proceso_0712;5;gob_tbl_03517,proc_tbl_00353,gob_tbl_00401,gob_tbl_00524,dlk_tbl_04203;5;dlk_tbl_00350,dlk_tbl_03760,dlk_tbl_03686,dlk_ext_00567,dlk_ext_00322
dlk_proceso_0713;2;gob_tbl_00173,dlk_tbl_02531;15;dash_tbl_00494,gob_tbl_03851,gob_tbl_01497,gob_tbl_01726,dlk_tbl_04276,gob_tbl_03419,gob_tbl_01035,gob_tbl_00090,gob_tbl_04330,gob_ext_00233,gob_ext_00735,dash_ext_00187,dash_ext_00050,gob_ext_00159,gob_ext_00167
proc_proceso_0714;3;gob_tbl_00973,gob_tbl_03526,gob_tbl_00822;13;proc_tbl_00136,proc_tbl_02875,gob_tbl_03619,gob_tbl_04052,gob_tbl_03761,m4sco_tbl_01242,m4sco_tbl_01148,ppn_ext_00256,dlk_ext_00091,dlk_ext_00023,dlk_ext_00142,proc_ext_00379,dash_ext_00621
dlk_proceso_0715;3;gob_tbl_01953,dlk_tbl_02146,gob_tbl_01263;9;dlk_tbl_03491,gob_tbl_02196,dlk_tbl_02099,dlk_tbl_00074,dlk_tbl_02188,gob_ext_00246,dash_ext_00534,dlk_ext_00308,gob_ext_00159
proc_proceso_0716;3;dlk_tbl_04182,proc_tbl_01614,gob_tbl_00339;4;dlk_tbl_01410,m4sco_tbl_02881,gob_ext_00307,proc_ext_00546
gob_proceso_0717;3;proc_tbl_01101,gob_tbl_03788,gob_tbl_03841;8;gob_tbl_01475,proc_tbl_00623,proc_tbl_00042,dlk_tbl_00000,m4sco_tbl_00954,gob_ext_00376,gob_ext_00369,gob_ext_00181
dash_proceso_0718;7;gob_tbl_02011,gob_tbl_02060,proc_tbl_02871,gob_tbl_04116,dash_tbl_01672,proc_tbl_01560,proc_tbl_04174;15;proc_tbl_03069,proc_tbl_03475,m4vw_tbl_02057,proc_tbl_02412,dlk_tbl_02436,dash_tbl_01273,gob_tbl_01843,gob_tbl_00939,dlk_tbl_02492,dash_ext_00207,proc_ext_00382,dlk_ext_00273,std_ext_00194,dlk_ext_00024,proc_ext_00673
proc_proceso_0719;7;gob_tbl_03683,dlk_tbl_02437,dlk_tbl_01572,gob_tbl_00211,dlk_tbl_01481,dlk_tbl_01985,dlk_tbl_03443;9;gob_tbl_01964,gob_tbl_00869,dlk_tbl_01399,dlk_tbl_01922,gob_tbl_02487,gob_ext_00228,proc_ext_00709,dlk_ext_00149,dlk_ext_00642
gob_proceso_0720;5;dlk_tbl_01629,gob_tbl_00576,dlk_tbl_03194,proc_tbl_04169,dlk_tbl_03416;17;dlk_tbl_00996,gob_tbl_01049,gob_tbl_01540,proc_tbl_03612,dlk_tbl_00950,gob_tbl_03896,gob_tbl_02300,gob_tbl_02746,proc_tbl_01868,dlk_tbl_03190,dlk_ext_00449,gob_ext_00431,std_ext_00194,dlk_ext_00244,gob_ext_00123,dash_ext_00207,proc_ext_00498
dash_proceso_0721;4;dlk_tbl_03175,gob_tbl_02934,proc_tbl_01879,proc_tbl_02901;13;dlk_tbl_00540,proc_tbl_02074,proc_tbl_01114,std_tbl_01502,gob_tbl_01860,gob_tbl_00995,gob_tbl_04267,gob_ext_00045,gob_ext_00272,dlk_ext_00146,gob_ext_00405,std_ext_00726,dlk_ext_00744
dlk_proceso_0722;4;std_tbl_01546,dlk_tbl_02476,proc_tbl_00333,gob_tbl_03364;8;m4vw_tbl_03556,gob_tbl_01978,dlk_tbl_01063,gob_tbl_02108,dlk_tbl_03691,dash_ext_00671,gob_ext_00233,gob_ext_00732
dlk_proceso_0723;6;gob_tbl_01304,gob_tbl_04052,gob_tbl_00991,dlk_tbl_03034,gob_tbl_01401,dlk_tbl_01892;13;gob_tbl_00051,gob_tbl_01170,gob_tbl_01394,proc_tbl_03149,dlk_tbl_02586,dlk_tbl_03727,dlk_tbl_03999,proc_ext_00728,dlk_ext_00126,gob_ext_00410,dlk_ext_00730,gob_ext_00166,proc_ext_00641
dlk_proceso_0724;3;dlk_tbl_02611,gob_tbl_02100,gob_tbl_04247;9;std_tbl_01804,dlk_tbl_02233,proc_tbl_00871,std_tbl_01308,dlk_tbl_00604,dlk_ext_00643,dash_ext_00213,gob_ext_00245,gob_ext_00749
dlk_proceso_0725;3;gob_tbl_03589,std_tbl_00075,dlk_tbl_03455;9;dlk_tbl_02018,gob_tbl_01302,std_tbl_03898,gob_tbl_01436,dlk_tbl_02133,dlk_ext_00598,gob_ext_00667,dash_ext_00638,dlk_ext_00267
proc_proceso_0726;6;dash_tbl_02542,dlk_tbl_03511,gob_tbl_04323,dash_tbl_03524,gob_tbl_04318,gob_tbl_03567;21;dlk_tbl_00918,dash_tbl_01421,dlk_tbl_01699,dash_tbl_01902,proc_tbl_03658,dlk_tbl_03106,proc_tbl_00409,gob_tbl_01828,dlk_tbl_03929,gob_tbl_03396,dlk_tbl_02987,gob_tbl_02696,m4vw_ext_00014,gob_ext_00512,gob_ext_00319,gob_ext_00538,proc_ext_00728,gob_ext_00599,std_ext_00128,dlk_ext_00687,proc_ext_00396
gob_proceso_0727;8;gob_tbl_01821,dlk_tbl_02520,proc_tbl_01779,std_tbl_02078,gob_tbl_00861,std_tbl_01070,gob_tbl_00404,gob_tbl_00822;19;dlk_tbl_04133,dlk_tbl_04218,dash_tbl_03311,proc_tbl_00287,gob_tbl_00189,proc_tbl_02511,gob_tbl_03168,gob_tbl_03022,dlk_tbl_01352,gob_tbl_01184,dlk_tbl_00956,gob_ext_00385,m4vw_ext_00482,gob_ext_00167,m4sco_ext_00305,dlk_ext_00298,dlk_ext_00375,dlk_ext_00196,dash_ext_00066
gob_proceso_0728;4;dlk_tbl_02153,proc_tbl_02715,proc_tbl_02361,dlk_tbl_02584;11;gob_tbl_00997,dlk_tbl_02664,gob_tbl_01201,gob_tbl_04046,gob_tbl_03992,dlk_tbl_00720,gob_ext_00114,gob_ext_00043,std_ext_00052,dlk_ext_00509,gob_ext_00151
dlk_proceso_0729;3;dlk_tbl_01670,dlk_tbl_03768,proc_tbl_03751;4;gob_tbl_00422,proc_tbl_02058,dlk_ext_00665,gob_ext_00105
gob_proceso_0730;6;gob_tbl_03326,dash_tbl_00870,dlk_tbl_03887,gob_tbl_02044,gob_tbl_01737,m4sco_tbl_03431;9;dlk_tbl_03897,proc_tbl_04303,gob_tbl_03318,gob_tbl_02098,dlk_tbl_02354,std_ext_00726,gob_ext_00325,gob_ext_00039,proc_ext_00064
dlk_proceso_0731;4;m4sco_tbl_02847,proc_tbl_01696,dlk_tbl_03299,gob_tbl_03323;11;dlk_tbl_00940,dlk_tbl_02466,dlk_tbl_01944,gob_tbl_04088,dlk_tbl_01222,m4sco_tbl_00235,gob_ext_00088,gob_ext_00297,dlk_ext_00079,proc_ext_00498,proc_ext_00483
dlk_proceso_0732;2;dlk_tbl_00236,std_tbl_00911;5;gob_tbl_01700,gob_tbl_02183,proc_tbl_01960,proc_ext_00498,gob_ext_00422
dlk_proceso_0733;8;ppn_tbl_01755,dlk_tbl_01501,dash_tbl_03200,dlk_tbl_01403,proc_tbl_01692,dlk_tbl_02785,dlk_tbl_01631,dlk_tbl_00751;14;dlk_tbl_01937,gob_tbl_01035,ppn_tbl_03264,std_tbl_04196,dlk_tbl_01229,dlk_tbl_00157,gob_tbl_04105,gob_tbl_02179,gob_ext_00622,dlk_ext_00278,gob_ext_00662,std_ext_00194,proc_ext_00202,proc_ext_00684
dlk_proceso_0734;6;dlk_tbl_01231,gob_tbl_03079,dlk_tbl_03049,dash_tbl_01440,gob_tbl_03923,proc_tbl_00460;10;gob_tbl_00939,dlk_tbl_02242,dlk_tbl_00745,std_tbl_00601,gob_tbl_03259,dlk_tbl_00308,gob_ext_00696,dlk_ext_00643,dlk_ext_00074,proc_ext_00690
proc_proceso_0735;5;gob_tbl_03101,dlk_tbl_00572,std_tbl_03474,dlk_tbl_02188,dlk_tbl_02479;5;dash_tbl_04404,proc_tbl_01560,gob_tbl_01963,gob_ext_00381,dlk_ext_00632
dash_proceso_0736;6;gob_tbl_01949,dlk_tbl_02421,gob_tbl_00158,gob_tbl_04420,dash_tbl_01175,gob_tbl_03192;13;dash_tbl_02478,dash_tbl_00810,gob_tbl_02255,dlk_tbl_02475,dlk_tbl_04263,dash_tbl_03182,gob_tbl_02047,dash_ext_00467,gob_ext_00599,dlk_ext_00710,dlk_ext_00576,dlk_ext_00519,gob_ext_00538
dlk_proceso_0737;5;gob_tbl_00820,std_tbl_01636,dlk_tbl_01071,gob_tbl_02870,gob_tbl_02552;10;dlk_tbl_01266,gob_tbl_03801,dash_tbl_02559,gob_tbl_03170,gob_tbl_03335,proc_tbl_03563,dlk_ext_00710,gob_ext_00422,dlk_ext_00612,gob_ext_00124
dlk_proceso_0738;2;dlk_tbl_03043,dlk_tbl_00918;8;ppn_tbl_04104,dash_tbl_00790,proc_tbl_04143,proc_tbl_00156,dash_tbl_01440,gob_ext_00203,gob_ext_00195,proc_ext_00140
dlk_proceso_0739;6;dlk_tbl_03914,dlk_tbl_04347,proc_tbl_02304,gob_tbl_01964,gob_tbl_02741,gob_tbl_00041;11;gob_tbl_03095,dlk_tbl_01154,dlk_tbl_00099,dlk_tbl_04218,proc_tbl_03531,dlk_tbl_02687,dlk_ext_00190,dlk_ext_00024,dlk_ext_00126,gob_ext_00191,gob_ext_00181
dlk_proceso_0740;4;gob_tbl_01570,gob_tbl_02323,gob_tbl_02134,std_tbl_02287;9;std_tbl_03375,gob_tbl_00878,gob_tbl_01007,dlk_tbl_02759,dlk_tbl_03884,dlk_ext_00116,gob_ext_00228,proc_ext_00064,dash_ext_00534
dlk_proceso_0741;3;dash_tbl_00501,gob_tbl_02940,dash_tbl_02193;7;dlk_tbl_00078,gob_tbl_00688,gob_tbl_01201,dlk_tbl_02750,dlk_ext_00743,dlk_ext_00495,proc_ext_00152
gob_proceso_0742;3;dlk_tbl_02966,gob_tbl_00682,dlk_tbl_01093;11;dlk_tbl_01694,gob_tbl_02274,gob_tbl_03047,dlk_tbl_01908,proc_tbl_02773,gob_tbl_02949,proc_ext_00606,dlk_ext_00006,proc_ext_00205,gob_ext_00231,proc_ext_00705
dlk_proceso_0743;5;proc_tbl_00775,dlk_tbl_03809,m4sco_tbl_03720,proc_tbl_02393,proc_tbl_01752;4;proc_tbl_01931,gob_tbl_03089,proc_ext_00684,std_ext_00153
dlk_proceso_0744;7;dlk_tbl_00037,gob_tbl_03931,gob_tbl_03965,dlk_tbl_02319,dlk_tbl_04367,proc_tbl_03702,dlk_tbl_01343;15;proc_tbl_00578,gob_tbl_02405,dlk_tbl_02440,m4vw_tbl_02024,proc_tbl_00353,dlk_tbl_00484,dlk_tbl_03011,gob_tbl_04130,dlk_tbl_00150,gob_ext_00480,dlk_ext_00121,dlk_ext_00527,gob_ext_00517,dlk_ext_00142,gob_ext_00150
proc_proceso_0745;3;dash_tbl_02147,proc_tbl_01852,proc_tbl_01194;11;proc_tbl_02302,proc_tbl_02613,dlk_tbl_02188,proc_tbl_00647,proc_tbl_02511,gob_tbl_00620,proc_ext_00102,proc_ext_00706,proc_ext_00360,ppn_ext_00109,gob_ext_00718
dlk_proceso_0746;3;dlk_tbl_00119,gob_tbl_03731,dlk_tbl_01079;12;proc_tbl_00719,gob_tbl_03107,gob_tbl_03783,dlk_tbl_03459,dash_tbl_02254,dlk_tbl_03289,dlk_tbl_03150,gob_ext_00489,proc_ext_00011,dlk_ext_00044,dlk_ext_00273,m4sco_ext_00018
dlk_proceso_0747;4;m4vw_tbl_01365,dlk_tbl_03139,dlk_tbl_01628,dlk_tbl_00338;12;gob_tbl_02775,gob_tbl_02905,gob_tbl_03779,dlk_tbl_01136,dlk_tbl_02466,gob_tbl_02097,dash_tbl_02050,proc_ext_00707,dlk_ext_00371,std_ext_00417,proc_ext_00550,proc_ext_00684
proc_proceso_0748;5;dlk_tbl_00761,dlk_tbl_01016,dlk_tbl_00139,proc_tbl_04379,gob_tbl_02453;14;dlk_tbl_00143,proc_tbl_03613,dash_tbl_00778,gob_tbl_00178,proc_tbl_01140,dash_tbl_02735,dlk_tbl_04402,dlk_tbl_00851,dlk_ext_00712,std_ext_00726,proc_ext_00221,dlk_ext_00079,gob_ext_00662,gob_ext_00329
gob_proceso_0749;2;gob_tbl_02037,proc_tbl_02813;12;gob_tbl_01947,gob_tbl_02958,gob_tbl_02424,gob_tbl_01857,gob_tbl_01473,gob_tbl_02823,gob_tbl_02115,std_ext_00290,m4sco_ext_00305,proc_ext_00433,gob_ext_00233,proc_ext_00040
dash_proceso_0750;4;gob_tbl_01305,dlk_tbl_03293,dlk_tbl_02444,ppn_tbl_01267;4;gob_tbl_00233,dash_tbl_02648,proc_ext_00343,proc_ext_00370
dlk_proceso_0751;5;dlk_tbl_01431,dlk_tbl_04240,gob_tbl_02420,dlk_tbl_04355,m4sco_tbl_03400;11;m4vw_tbl_04151,dlk_tbl_00099,gob_tbl_01170,dlk_tbl_04265,gob_tbl_03923,proc_tbl_03202,dlk_ext_00567,proc_ext_00483,ppn_ext_00163,dlk_ext_00352,gob_ext_00466
dlk_proceso_0752;6;proc_tbl_00068,gob_tbl_01664,dash_tbl_03905,gob_tbl_03462,proc_tbl_01886,gob_tbl_00590;6;gob_tbl_02718,gob_tbl_00534,dlk_tbl_01137,dlk_ext_00511,gob_ext_00735,dlk_ext_00472
proc_proceso_0753;3;dash_tbl_02795,gob_tbl_02178,proc_tbl_00623;12;m4sco_tbl_00475,proc_tbl_01505,proc_tbl_02902,gob_tbl_03397,dlk_tbl_04108,dlk_tbl_00380,dlk_tbl_02987,dlk_ext_00472,ppn_ext_00304,proc_ext_00559,gob_ext_00106,dlk_ext_00142
gob_proceso_0754;6;dlk_tbl_03075,dlk_tbl_04090,gob_tbl_02239,gob_tbl_03753,proc_tbl_04248,dlk_tbl_00797;13;gob_tbl_00198,proc_tbl_03836,dlk_tbl_01971,proc_tbl_02194,dlk_tbl_03629,gob_tbl_03305,gob_tbl_00776,proc_ext_00433,m4sco_ext_00125,gob_ext_00688,dlk_ext_00306,proc_ext_00498,dash_ext_00136
dlk_proceso_0755;5;dash_tbl_01118,dash_tbl_02005,proc_tbl_03409,m4sco_tbl_02199,dlk_tbl_01408;7;gob_tbl_01963,proc_tbl_01633,dlk_tbl_04265,gob_tbl_01619,proc_ext_00498,gob_ext_00159,dlk_ext_00478
gob_proceso_0756;6;gob_tbl_02392,dlk_tbl_01162,dlk_tbl_03362,dlk_tbl_03570,std_tbl_01896,gob_tbl_01275;10;gob_tbl_00763,dlk_tbl_00507,gob_tbl_00652,dash_tbl_02429,gob_tbl_02388,dlk_tbl_02135,gob_ext_00353,dlk_ext_00584,gob_ext_00551,dlk_ext_00583
dlk_proceso_0757;6;gob_tbl_00464,m4vw_tbl_02321,proc_tbl_02970,dlk_tbl_01005,dlk_tbl_02066,proc_tbl_02596;11;std_tbl_03951,gob_tbl_01861,proc_tbl_01019,dlk_tbl_01552,gob_tbl_01098,dlk_tbl_04230,gob_ext_00058,dlk_ext_00710,gob_ext_00026,gob_ext_00357,dlk_ext_00715
dlk_proceso_0758;8;gob_tbl_03300,dash_tbl_02315,proc_tbl_03800,gob_tbl_02958,gob_tbl_02821,gob_tbl_00632,proc_tbl_00917,gob_tbl_01641;24;dlk_tbl_01561,dlk_tbl_00017,proc_tbl_03673,dlk_tbl_03011,dlk_tbl_01343,proc_tbl_03563,dash_tbl_01672,dash_tbl_04417,dlk_tbl_00899,dlk_tbl_00863,gob_tbl_00314,proc_tbl_03641,proc_tbl_04425,dlk_tbl_02850,dlk_ext_00652,proc_ext_00345,gob_ext_00708,dlk_ext_00495,dlk_ext_00217,dlk_ext_00600,proc_ext_00173,proc_ext_00580,dlk_ext_00278,dlk_ext_00218
dlk_proceso_0759;2;dlk_tbl_02482,gob_tbl_04216;5;dash_tbl_00574,dlk_tbl_03476,dlk_tbl_02492,gob_ext_00159,dlk_ext_00569
gob_proceso_0760;8;dlk_tbl_03982,gob_tbl_04252,dash_tbl_02213,gob_tbl_01991,dlk_tbl_00677,dlk_tbl_02941,dlk_tbl_02013,ppn_tbl_00853;7;gob_tbl_00363,proc_tbl_02260,gob_tbl_03236,gob_tbl_03963,dlk_ext_00308,dlk_ext_00012,dlk_ext_00651
dlk_proceso_0761;4;proc_tbl_03770,dlk_tbl_00589,gob_tbl_02888,dlk_tbl_00364;11;proc_tbl_00061,proc_tbl_03757,gob_tbl_01450,dlk_tbl_03153,proc_tbl_01633,proc_tbl_03352,dash_ext_00403,proc_ext_00695,gob_ext_00405,m4sco_ext_00125,proc_ext_00193
gob_proceso_0762;3;m4sco_tbl_04353,proc_tbl_00578,dlk_tbl_03826;13;gob_tbl_02872,proc_tbl_02204,dash_tbl_03746,dlk_tbl_03725,dash_tbl_03512,gob_tbl_01943,gob_tbl_03288,gob_ext_00544,gob_ext_00480,proc_ext_00415,gob_ext_00402,proc_ext_00739,dash_ext_00017
dlk_proceso_0763;2;dlk_tbl_01935,dlk_tbl_00935;10;dlk_tbl_04187,m4vw_tbl_02754,dash_tbl_01840,m4sco_tbl_02102,gob_tbl_02647,dlk_tbl_01740,gob_ext_00579,gob_ext_00188,dlk_ext_00685,dlk_ext_00273
dash_proceso_0764;7;proc_tbl_01386,gob_tbl_00834,proc_tbl_01319,dlk_tbl_04032,dash_tbl_00511,proc_tbl_00538,gob_tbl_01296;15;gob_tbl_03992,proc_tbl_02361,gob_tbl_00241,proc_tbl_00485,gob_tbl_02767,dlk_tbl_00394,dlk_tbl_03434,gob_tbl_03235,gob_tbl_03812,m4vw_ext_00560,proc_ext_00702,gob_ext_00474,proc_ext_00092,gob_ext_00486,dlk_ext_00400
dash_proceso_0765;8;gob_tbl_02535,dlk_tbl_04282,dlk_tbl_01065,gob_tbl_00886,dlk_tbl_01655,dlk_tbl_01472,gob_tbl_01468,std_tbl_03850;5;gob_tbl_04216,proc_tbl_03833,gob_tbl_01082,m4sco_ext_00305,proc_ext_00728
gob_proceso_0766;6;dlk_tbl_03952,proc_tbl_01039,dlk_tbl_00727,dlk_tbl_02446,dash_tbl_03598,proc_tbl_01883;11;gob_tbl_03397,gob_tbl_02310,dlk_tbl_00329,dash_tbl_02003,proc_tbl_04298,dash_tbl_02650,dlk_ext_00311,proc_ext_00505,dlk_ext_00556,dlk_ext_00500,gob_ext_00494
proc_proceso_0767;6;dlk_tbl_03317,gob_tbl_02793,gob_tbl_01477,std_tbl_03584,dlk_tbl_03545,proc_tbl_04119;6;gob_tbl_02917,proc_tbl_02852,gob_tbl_00365,dlk_ext_00744,gob_ext_00414,dlk_ext_00628
dash_proceso_0768;3;gob_tbl_00738,dash_tbl_00366,gob_tbl_02441;4;gob_tbl_02578,dlk_tbl_03343,proc_ext_00092,gob_ext_00010
proc_proceso_0769;7;proc_tbl_04303,dlk_tbl_01117,dlk_tbl_03700,gob_tbl_00678,std_tbl_03778,dlk_tbl_02116,gob_tbl_03828;9;gob_tbl_03072,gob_tbl_00543,proc_tbl_02496,dash_tbl_04417,gob_tbl_03380,gob_ext_00359,proc_ext_00650,dash_ext_00187,dlk_ext_00048
proc_proceso_0770;3;dlk_tbl_01476,dlk_tbl_02211,proc_tbl_03976;11;gob_tbl_00834,dlk_tbl_00850,dlk_tbl_00335,m4vw_tbl_00705,dlk_tbl_01806,dash_tbl_03433,dlk_ext_00398,dlk_ext_00408,dlk_ext_00110,gob_ext_00566,proc_ext_00332
dash_proceso_0771;4;m4vw_tbl_04239,dlk_tbl_02882,dlk_tbl_01399,dlk_tbl_01328;9;dlk_tbl_03341,gob_tbl_02895,proc_tbl_00655,dash_tbl_04153,dash_tbl_02081,gob_ext_00272,dlk_ext_00681,dlk_ext_00687,dash_ext_00446
dlk_proceso_0772;5;gob_tbl_00487,m4vw_tbl_01465,dlk_tbl_03969,gob_tbl_00888,ppn_tbl_02869;8;dlk_tbl_03189,dlk_tbl_01331,proc_tbl_01194,gob_tbl_01798,gob_tbl_03920,dlk_ext_00100,m4vw_ext_00147,dlk_ext_00720
dlk_proceso_0773;7;gob_tbl_02131,gob_tbl_02340,std_tbl_00019,gob_tbl_02487,dlk_tbl_00943,dlk_tbl_00046,gob_tbl_03677;10;gob_tbl_03023,gob_tbl_01641,gob_tbl_01322,gob_tbl_00392,gob_tbl_01989,gob_tbl_03306,dash_ext_00066,std_ext_00424,dash_ext_00186,dlk_ext_00025
gob_proceso_0774;6;gob_tbl_03911,dlk_tbl_00093,m4sco_tbl_02881,dlk_tbl_03035,gob_tbl_03870,dash_tbl_00717;4;dlk_tbl_04351,std_tbl_02109,std_ext_00290,proc_ext_00684
dlk_proceso_0775;4;proc_tbl_04106,dlk_tbl_01467,dlk_tbl_04177,gob_tbl_01659;4;gob_tbl_03813,dlk_tbl_01154,dlk_ext_00614,std_ext_00549
proc_proceso_0776;2;dlk_tbl_02747,gob_tbl_03432;7;gob_tbl_01869,gob_tbl_00822,dlk_tbl_04168,proc_tbl_01505,dlk_ext_00047,gob_ext_00139,gob_ext_00551
proc_proceso_0777;6;dlk_tbl_04356,m4sco_tbl_03917,dash_tbl_04004,gob_tbl_04018,dlk_tbl_03630,proc_tbl_00325;16;dlk_tbl_02294,gob_tbl_02916,dlk_tbl_04230,dlk_tbl_01164,proc_tbl_02511,dlk_tbl_01895,dlk_tbl_02664,dlk_tbl_03582,dlk_tbl_04396,proc_ext_00433,dlk_ext_00212,gob_ext_00736,gob_ext_00718,dlk_ext_00548,dlk_ext_00742,gob_ext_00165
dlk_proceso_0778;4;gob_tbl_03113,dash_tbl_01214,dlk_tbl_01374,proc_tbl_03405;7;dlk_tbl_01476,dash_tbl_01253,gob_tbl_03851,dash_tbl_01491,gob_ext_00551,dlk_ext_00342,dlk_ext_00269
proc_proceso_0779;6;proc_tbl_00151,gob_tbl_01842,gob_tbl_00634,gob_tbl_03260,gob_tbl_01198,dlk_tbl_02887;4;dash_tbl_01862,gob_tbl_02512,dlk_ext_00605,dlk_ext_00111
gob_proceso_0780;3;gob_tbl_01407,dlk_tbl_02831,std_tbl_02828;10;dlk_tbl_00266,gob_tbl_00845,dlk_tbl_00480,proc_tbl_04331,proc_tbl_02184,gob_tbl_01659,dash_ext_00063,dlk_ext_00463,proc_ext_00360,gob_ext_00381
dlk_proceso_0781;8;gob_tbl_00054,dash_tbl_00030,gob_tbl_04152,dlk_tbl_01393,dlk_tbl_01924,proc_tbl_04334,dlk_tbl_02175,proc_tbl_00970;5;gob_tbl_03467,dlk_tbl_02605,gob_tbl_00737,gob_ext_00402,dlk_ext_00146
dash_proceso_0782;6;dlk_tbl_02955,ppn_tbl_04324,proc_tbl_00272,dlk_tbl_02910,dlk_tbl_04171,gob_tbl_04160;6;gob_tbl_00614,gob_tbl_00687,gob_tbl_03404,dlk_ext_00027,gob_ext_00735,gob_ext_00057
proc_proceso_0783;6;gob_tbl_03902,dlk_tbl_00462,dlk_tbl_03821,dlk_tbl_02283,dlk_tbl_03863,proc_tbl_03975;4;gob_tbl_03896,dlk_tbl_03351,gob_ext_00055,std_ext_00128
dlk_proceso_0784;3;dlk_tbl_00953,gob_tbl_02384,gob_tbl_01611;8;m4vw_tbl_02489,gob_tbl_03038,gob_tbl_01398,proc_tbl_00966,gob_tbl_01035,dlk_ext_00656,proc_ext_00415,dash_ext_00339
proc_proceso_0785;4;dash_tbl_01592,proc_tbl_02840,gob_tbl_02187,dlk_tbl_00440;13;gob_tbl_04159,dlk_tbl_02063,dlk_tbl_01180,dlk_tbl_00500,gob_tbl_00687,proc_tbl_03464,dlk_tbl_02189,dlk_ext_00742,gob_ext_00383,gob_ext_00105,dlk_ext_00349,dlk_ext_00276,gob_ext_00055
dlk_proceso_0786;4;dash_tbl_00521,m4vw_tbl_01225,proc_tbl_03119,dlk_tbl_03624;12;dlk_tbl_01244,gob_tbl_01232,proc_tbl_03241,std_tbl_03766,dlk_tbl_01136,proc_tbl_02616,gob_tbl_00524,dash_ext_00241,m4sco_ext_00125,gob_ext_00708,dash_ext_00160,gob_ext_00263
gob_proceso_0787;5;dlk_tbl_02573,gob_tbl_00003,gob_tbl_01268,dash_tbl_01757,dlk_tbl_02106;13;gob_tbl_00667,m4vw_tbl_04391,gob_tbl_01921,m4sco_tbl_04353,proc_tbl_00061,gob_tbl_03906,dlk_tbl_01558,proc_ext_00202,gob_ext_00124,dlk_ext_00044,proc_ext_00157,dlk_ext_00313,dlk_ext_00511
dash_proceso_0788;7;proc_tbl_04225,proc_tbl_00163,dlk_tbl_02442,gob_tbl_04338,dash_tbl_01807,gob_tbl_01624,gob_tbl_00417;9;gob_tbl_02708,gob_tbl_03671,dlk_tbl_00480,dash_tbl_01068,gob_tbl_02234,dash_ext_00302,dlk_ext_00387,gob_ext_00565,dash_ext_00444
dlk_proceso_0789;3;dlk_tbl_03341,gob_tbl_00607,dlk_tbl_02568;17;dlk_tbl_00617,dlk_tbl_02570,dlk_tbl_01975,dlk_tbl_00337,gob_tbl_01989,dlk_tbl_03443,dash_tbl_02604,proc_tbl_01781,dash_tbl_02632,gob_tbl_01059,dash_ext_00050,std_ext_00290,proc_ext_00535,proc_ext_00157,gob_ext_00181,dlk_ext_00453,dlk_ext_00126
dlk_proceso_0790;6;dlk_tbl_02694,proc_tbl_03836,dlk_tbl_04033,gob_tbl_01007,dlk_tbl_04352,gob_tbl_00919;11;gob_tbl_02907,gob_tbl_01780,proc_tbl_00251,std_tbl_01449,proc_tbl_03717,proc_tbl_01601,dlk_ext_00716,gob_ext_00112,gob_ext_00178,dash_ext_00404,dlk_ext_00375
gob_proceso_0791;6;dlk_tbl_04265,dlk_tbl_03189,dash_tbl_01823,dlk_tbl_00344,dlk_tbl_00564,gob_tbl_00535;10;proc_tbl_00260,dlk_tbl_00436,gob_tbl_00688,dash_tbl_02081,std_tbl_04146,dlk_tbl_01057,dlk_ext_00644,gob_ext_00718,gob_ext_00236,gob_ext_00010
gob_proceso_0792;6;gob_tbl_02951,dlk_tbl_03063,dlk_tbl_02467,dlk_tbl_02774,m4vw_tbl_03312,proc_tbl_00783;9;dlk_tbl_00171,dlk_tbl_00507,gob_tbl_03669,proc_tbl_03487,dlk_tbl_04192,dlk_ext_00598,dlk_ext_00111,dlk_ext_00149,m4vw_ext_00014
proc_proceso_0793;8;dlk_tbl_01686,gob_tbl_02903,gob_tbl_01498,dash_tbl_00315,dlk_tbl_03025,dlk_tbl_00307,m4vw_tbl_03111,dash_tbl_04292;19;gob_tbl_02398,dlk_tbl_03537,m4vw_tbl_00958,gob_tbl_00688,std_tbl_02076,dash_tbl_01118,gob_tbl_00228,dlk_tbl_01109,dlk_tbl_04126,dlk_tbl_01328,gob_tbl_03542,gob_ext_00210,dash_ext_00017,dlk_ext_00095,proc_ext_00075,dlk_ext_00456,dlk_ext_00034,dlk_ext_00584,dash_ext_00020
proc_proceso_0794;5;gob_tbl_03252,gob_tbl_03107,gob_tbl_02019,std_tbl_00371,gob_tbl_00431;9;gob_tbl_01808,gob_tbl_02636,gob_tbl_00413,dash_tbl_00092,gob_tbl_04063,dlk_ext_00548,m4vw_ext_00122,dlk_ext_00084,proc_ext_00559
dlk_proceso_0795;6;m4sco_tbl_04076,gob_tbl_00442,gob_tbl_04000,gob_tbl_02291,gob_tbl_02236,proc_tbl_03782;9;dlk_tbl_01957,gob_tbl_03209,gob_tbl_02381,dlk_tbl_01164,gob_tbl_04009,gob_ext_00374,gob_ext_00686,proc_ext_00606,gob_ext_00662
gob_proceso_0796;3;gob_tbl_00639,dlk_tbl_01919,dlk_tbl_03485;14;gob_tbl_00609,gob_tbl_00305,dlk_tbl_03395,dlk_tbl_02116,gob_tbl_01166,dlk_tbl_00199,dlk_tbl_00421,dlk_tbl_00695,dlk_ext_00022,dlk_ext_00448,gob_ext_00105,dlk_ext_00060,proc_ext_00695,dash_ext_00698
dlk_proceso_0797;4;gob_tbl_02603,gob_tbl_00004,gob_tbl_01083,dlk_tbl_03773;12;gob_tbl_01626,dlk_tbl_03017,gob_tbl_00939,dash_tbl_00315,dash_tbl_02043,gob_tbl_04097,dlk_tbl_04275,gob_ext_00155,ppn_ext_00717,proc_ext_00152,dlk_ext_00453,dlk_ext_00031
dlk_proceso_0798;4;proc_tbl_01069,gob_tbl_03385,proc_tbl_00144,dash_tbl_04154;12;dlk_tbl_02387,proc_tbl_03378,dlk_tbl_00289,dash_tbl_02315,dlk_tbl_04230,gob_tbl_03397,dlk_tbl_00139,ppn_ext_00099,gob_ext_00429,proc_ext_00345,gob_ext_00385,m4vw_ext_00655
gob_proceso_0799;4;proc_tbl_01633,gob_tbl_02141,gob_tbl_00665,dlk_tbl_01385;4;ppn_tbl_00062,gob_tbl_03280,gob_ext_00609,gob_ext_00727
dlk_proceso_0800;6;std_tbl_03766,proc_tbl_01503,proc_tbl_01195,dlk_tbl_00754,dlk_tbl_00403,gob_tbl_00847;13;dlk_tbl_04220,gob_tbl_01359,proc_tbl_02891,dlk_tbl_00856,gob_tbl_02742,dlk_tbl_03871,dlk_tbl_04335,gob_ext_00640,dlk_ext_00316,gob_ext_00127,gob_ext_00413,gob_ext_00154,gob_ext_00007
dlk_proceso_0801;6;dlk_tbl_02915,gob_tbl_01721,proc_tbl_02382,gob_tbl_03053,gob_tbl_03955,dlk_tbl_04234;9;proc_tbl_03202,gob_tbl_02166,dlk_tbl_01237,dlk_tbl_00500,dlk_tbl_03509,ppn_ext_00109,gob_ext_00752,m4vw_ext_00458,m4vw_ext_00560
dlk_proceso_0802;4;dlk_tbl_01740,std_tbl_04081,gob_tbl_03827,proc_tbl_02849;7;dash_tbl_02071,dlk_tbl_03629,dlk_tbl_04294,dash_tbl_02318,gob_ext_00434,proc_ext_00559,dlk_ext_00561
proc_proceso_0803;3;proc_tbl_03563,m4vw_tbl_02489,dlk_tbl_00244;13;gob_tbl_03992,gob_tbl_01378,gob_tbl_02105,proc_tbl_04169,gob_tbl_04245,gob_tbl_01991,m4vw_tbl_04151,gob_ext_00094,dash_ext_00411,dlk_ext_00445,dlk_ext_00060,gob_ext_00369,proc_ext_00690
dlk_proceso_0804;4;dlk_tbl_03629,proc_tbl_04266,dlk_tbl_04044,proc_tbl_02180;10;ppn_tbl_03964,m4vw_tbl_01155,gob_tbl_00644,gob_tbl_04072,proc_tbl_02509,gob_tbl_03845,proc_ext_00289,gob_ext_00183,std_ext_00052,gob_ext_00410
dlk_proceso_0805;2;std_tbl_03536,proc_tbl_01297;12;gob_tbl_01275,dlk_tbl_02396,gob_tbl_02098,gob_tbl_04026,proc_tbl_01548,gob_tbl_02635,proc_tbl_04305,proc_ext_00650,gob_ext_00566,dlk_ext_00298,gob_ext_00154,proc_ext_00550
dash_proceso_0806;6;std_tbl_01804,gob_tbl_03210,dlk_tbl_03414,proc_tbl_03617,dlk_tbl_03754,proc_tbl_03641;4;gob_tbl_00304,dlk_tbl_02309,dlk_ext_00472,dlk_ext_00059
dash_proceso_0807;4;m4vw_tbl_03054,dlk_tbl_00060,dash_tbl_00560,proc_tbl_01928;6;m4vw_tbl_01155,gob_tbl_03121,gob_tbl_00513,dlk_ext_00098,gob_ext_00696,gob_ext_00622
proc_proceso_0808;3;gob_tbl_03022,proc_tbl_00825,gob_tbl_01434;12;gob_tbl_00869,gob_tbl_02282,dlk_tbl_00167,gob_tbl_00220,dlk_tbl_04192,dash_tbl_03803,std_tbl_00601,dlk_ext_00436,gob_ext_00662,dlk_ext_00196,dash_ext_00054,proc_ext_00219
proc_proceso_0809;3;dlk_tbl_03123,gob_tbl_01197,m4sco_tbl_02942;7;proc_tbl_03448,dlk_tbl_00681,dlk_tbl_00364,gob_tbl_00883,gob_ext_00590,dlk_ext_00312,proc_ext_00559
proc_proceso_0810;3;dlk_tbl_01820,gob_tbl_02159,gob_tbl_01599;4;gob_tbl_00603,dlk_tbl_00666,dlk_ext_00509,m4vw_ext_00655
proc_proceso_0811;8;m4sco_tbl_02202,gob_tbl_04232,m4sco_tbl_04113,dlk_tbl_03014,gob_tbl_00126,dlk_tbl_01221,dash_tbl_04031,dash_tbl_03690;7;dlk_tbl_01529,proc_tbl_03275,dlk_tbl_04126,proc_tbl_00059,gob_ext_00640,dash_ext_00160,proc_ext_00514
proc_proceso_0812;4;proc_tbl_03421,gob_tbl_01323,gob_tbl_03877,proc_tbl_02848;8;dlk_tbl_00759,gob_tbl_00859,dash_tbl_03666,gob_tbl_01396,gob_tbl_01061,dlk_ext_00108,gob_ext_00293,dlk_ext_00121
dlk_proceso_0813;4;proc_tbl_03621,ppn_tbl_01235,proc_tbl_00298,gob_tbl_02310;9;dash_tbl_00979,gob_tbl_03410,gob_tbl_03415,dlk_tbl_02448,gob_tbl_00922,proc_ext_00157,gob_ext_00374,m4sco_ext_00634,dlk_ext_00085
gob_proceso_0814;8;gob_tbl_01316,gob_tbl_03336,dash_tbl_00302,gob_tbl_04283,dlk_tbl_03765,dlk_tbl_00071,dash_tbl_02892,gob_tbl_04157;7;gob_tbl_01517,gob_tbl_04366,gob_tbl_01842,dlk_tbl_03647,gob_ext_00127,gob_ext_00701,std_ext_00290
proc_proceso_0815;7;proc_tbl_03927,gob_tbl_01314,gob_tbl_02322,proc_tbl_00809,gob_tbl_00095,dlk_tbl_01073,dash_tbl_01983;4;std_tbl_02673,proc_tbl_03893,dash_ext_00366,m4sco_ext_00653
dash_proceso_0816;4;dash_tbl_02604,proc_tbl_00476,dlk_tbl_04010,proc_tbl_01966;10;gob_tbl_00687,dash_tbl_00262,dlk_tbl_02338,gob_tbl_01149,std_tbl_03148,std_tbl_01494,gob_ext_00105,dlk_ext_00027,dlk_ext_00576,gob_ext_00686
proc_proceso_0817;5;dlk_tbl_00013,gob_tbl_03135,proc_tbl_01269,dlk_tbl_02333,std_tbl_00135;11;proc_tbl_03163,gob_tbl_01497,dash_tbl_03354,proc_tbl_02740,gob_tbl_02210,dlk_tbl_03416,gob_ext_00068,std_ext_00694,dlk_ext_00116,dlk_ext_00291,dlk_ext_00651
gob_proceso_0818;3;m4vw_tbl_03998,gob_tbl_03010,gob_tbl_01743;13;gob_tbl_03640,proc_tbl_04106,proc_tbl_03638,dlk_tbl_02641,gob_tbl_04209,gob_tbl_00034,gob_tbl_01791,dlk_ext_00543,dlk_ext_00034,proc_ext_00745,gob_ext_00422,gob_ext_00338,proc_ext_00036
dlk_proceso_0819;3;proc_tbl_00706,dlk_tbl_01613,proc_tbl_03928;13;std_tbl_03766,proc_tbl_02660,dlk_tbl_01922,proc_tbl_00245,gob_tbl_00124,proc_tbl_04425,proc_tbl_00251,gob_ext_00233,dash_ext_00636,gob_ext_00383,dash_ext_00638,dlk_ext_00742,dlk_ext_00118
gob_proceso_0820;5;gob_tbl_03441,dlk_tbl_04218,dlk_tbl_00426,gob_tbl_01742,m4sco_tbl_03033;13;gob_tbl_03079,gob_tbl_02144,dash_tbl_00416,dlk_tbl_00562,dlk_tbl_01244,dash_tbl_01602,dlk_tbl_00710,dlk_ext_00578,gob_ext_00353,gob_ext_00551,gob_ext_00248,dash_ext_00529,dlk_ext_00430
gob_proceso_0821;5;gob_tbl_04058,m4vw_tbl_03423,proc_tbl_01562,dlk_tbl_01063,dash_tbl_04403;8;dash_tbl_01377,proc_tbl_02902,dlk_tbl_02251,gob_tbl_03473,dash_tbl_03026,dlk_ext_00430,gob_ext_00232,proc_ext_00552
gob_proceso_0822;7;gob_tbl_00608,std_tbl_02802,dlk_tbl_00161,dlk_tbl_03625,dlk_tbl_02463,gob_tbl_00209,proc_tbl_01248;1;gob_tbl_04156
dash_proceso_0823;6;dlk_tbl_02186,dlk_tbl_03418,gob_tbl_00985,gob_tbl_02282,gob_tbl_02425,ppn_tbl_02777;6;dlk_tbl_03960,proc_tbl_00650,gob_tbl_03467,dash_ext_00722,proc_ext_00343,proc_ext_00220
dlk_proceso_0824;3;proc_tbl_03345,gob_tbl_03422,dlk_tbl_03961;6;proc_tbl_02596,dlk_tbl_03011,m4sco_tbl_00663,dash_ext_00235,gob_ext_00381,dlk_ext_00269
dlk_proceso_0825;3;dlk_tbl_03167,std_tbl_00568,gob_tbl_03018;9;m4sco_tbl_02768,dlk_tbl_01072,dlk_tbl_02984,gob_tbl_00916,gob_tbl_01580,dlk_ext_00095,ppn_ext_00717,dlk_ext_00373,gob_ext_00544
dlk_proceso_0826;2;dlk_tbl_00766,dlk_tbl_02658;8;dlk_tbl_03329,proc_tbl_01303,dlk_tbl_02414,gob_tbl_02144,dlk_tbl_02531,dlk_ext_00428,gob_ext_00007,dlk_ext_00146
proc_proceso_0827;4;dlk_tbl_00162,dlk_tbl_02664,dlk_tbl_00829,dash_tbl_04161;12;gob_tbl_02406,gob_tbl_00392,dlk_tbl_00247,gob_tbl_01598,gob_tbl_03857,m4vw_tbl_03998,gob_tbl_04215,gob_ext_00188,gob_ext_00718,gob_ext_00236,dlk_ext_00281,dlk_ext_00024
gob_proceso_0828;5;proc_tbl_02613,dlk_tbl_03957,dlk_tbl_03960,gob_tbl_03262,dlk_tbl_03476;8;std_tbl_04107,gob_tbl_01361,proc_tbl_02001,dlk_tbl_03984,gob_tbl_00255,gob_ext_00544,dlk_ext_00607,dlk_ext_00082
gob_proceso_0829;3;gob_tbl_02645,gob_tbl_03117,dlk_tbl_00329;12;dlk_tbl_03355,dlk_tbl_04382,m4vw_tbl_01155,dlk_tbl_02589,gob_tbl_03404,proc_tbl_00059,ppn_tbl_00346,dlk_ext_00027,gob_ext_00617,gob_ext_00622,gob_ext_00718,dash_ext_00636
gob_proceso_0830;3;dlk_tbl_00753,gob_tbl_03661,gob_tbl_01350;12;gob_tbl_01232,proc_tbl_00881,dlk_tbl_01778,dlk_tbl_00089,gob_tbl_01947,gob_tbl_04243,gob_tbl_03828,gob_ext_00002,dlk_ext_00218,m4sco_ext_00018,dlk_ext_00081,gob_ext_00039
proc_proceso_0831;6;dlk_tbl_00248,dlk_tbl_00792,proc_tbl_00813,gob_tbl_01159,gob_tbl_01355,dash_tbl_01876;21;gob_tbl_01263,gob_tbl_00659,gob_tbl_03608,gob_tbl_01911,dlk_tbl_02594,dash_tbl_02967,gob_tbl_04380,dlk_tbl_02524,gob_tbl_00847,dlk_tbl_02882,gob_tbl_03288,proc_tbl_00555,gob_ext_00479,gob_ext_00480,proc_ext_00140,gob_ext_00057,m4sco_ext_00653,dlk_ext_00278,gob_ext_00708,dlk_ext_00044,proc_ext_00724
gob_proceso_0832;2;dlk_tbl_01837,dash_tbl_00494;9;gob_tbl_00888,gob_tbl_00309,dlk_tbl_00020,gob_tbl_03923,m4vw_tbl_03482,dlk_ext_00091,dlk_ext_00174,gob_ext_00271,dash_ext_00469
dash_proceso_0833;5;proc_tbl_01114,proc_tbl_04423,gob_tbl_02842,gob_tbl_01471,gob_tbl_01956;5;m4sco_tbl_02456,m4vw_tbl_02769,dlk_tbl_04073,dash_ext_00446,dlk_ext_00085
dlk_proceso_0834;3;dlk_tbl_00789,gob_tbl_00210,dlk_tbl_03593;5;gob_tbl_02323,dlk_tbl_00408,dlk_tbl_02473,gob_ext_00353,dlk_ext_00519
proc_proceso_0835;4;gob_tbl_00883,gob_tbl_00609,dlk_tbl_01942,dlk_tbl_01163;7;gob_tbl_00534,proc_tbl_02435,gob_tbl_01327,gob_tbl_03038,dlk_ext_00260,dlk_ext_00730,gob_ext_00431
gob_proceso_0836;6;gob_tbl_02608,gob_tbl_01271,gob_tbl_00477,gob_tbl_04329,std_tbl_01623,gob_tbl_01029;11;dlk_tbl_01089,dlk_tbl_03228,dlk_tbl_01561,gob_tbl_02487,m4vw_tbl_02025,dlk_tbl_04079,std_ext_00194,gob_ext_00144,dash_ext_00699,proc_ext_00483,dash_ext_00604
dlk_proceso_0837;2;gob_tbl_01059,proc_tbl_01955;7;proc_tbl_04119,gob_tbl_02916,dlk_tbl_03085,std_tbl_03778,dash_ext_00411,dlk_ext_00048,gob_ext_00376
proc_proceso_0838;3;proc_tbl_00488,gob_tbl_03651,gob_tbl_00412;9;gob_tbl_03851,dlk_tbl_00330,m4sco_tbl_04076,gob_tbl_03094,m4sco_tbl_03033,dlk_ext_00363,dlk_ext_00029,dlk_ext_00069,gob_ext_00250
proc_proceso_0839;8;dlk_tbl_01133,gob_tbl_03463,std_tbl_04146,dlk_tbl_01688,dlk_tbl_03387,proc_tbl_01878,gob_tbl_02092,dlk_tbl_04253;7;dlk_tbl_02378,dlk_tbl_00899,gob_tbl_00240,gob_tbl_04206,dlk_ext_00472,dlk_ext_00298,ppn_ext_00496
gob_proceso_0840;3;dlk_tbl_03322,dlk_tbl_01946,gob_tbl_01250;8;proc_tbl_03872,dlk_tbl_02851,gob_tbl_01210,dlk_tbl_00161,proc_tbl_03499,dash_ext_00235,ppn_ext_00109,gob_ext_00154
gob_proceso_0841;4;dash_tbl_01986,proc_tbl_03713,dlk_tbl_00127,dlk_tbl_02433;8;dlk_tbl_03299,gob_tbl_00073,proc_tbl_00655,gob_tbl_02032,proc_tbl_01505,gob_ext_00093,gob_ext_00708,dlk_ext_00257
gob_proceso_0842;5;std_tbl_03934,gob_tbl_03209,proc_tbl_00260,gob_tbl_02992,proc_tbl_00204;7;dlk_tbl_01525,gob_tbl_01061,dlk_tbl_00236,gob_tbl_04297,m4vw_ext_00655,gob_ext_00226,dlk_ext_00095
proc_proceso_0843;5;dash_tbl_01491,m4sco_tbl_00954,gob_tbl_00877,dlk_tbl_01090,gob_tbl_00971;4;gob_tbl_03649,gob_tbl_03492,dash_ext_00331,dlk_ext_00164
gob_proceso_0844;4;dlk_tbl_01762,gob_tbl_00178,dlk_tbl_03150,dash_tbl_03795;8;gob_tbl_03325,dlk_tbl_00598,proc_tbl_04042,gob_tbl_01471,m4sco_tbl_00475,dlk_ext_00637,gob_ext_00617,dash_ext_00659
dash_proceso_0845;2;dlk_tbl_02980,dlk_tbl_03686;7;gob_tbl_01226,gob_tbl_04180,gob_tbl_02388,dlk_tbl_01908,proc_ext_00152,gob_ext_00503,dlk_ext_00611
proc_proceso_0846;6;gob_tbl_01456,dlk_tbl_01282,proc_tbl_02896,dlk_tbl_03823,proc_tbl_02184,dlk_tbl_03929;4;dlk_tbl_01129,dash_tbl_02937,dlk_ext_00651,gob_ext_00154
gob_proceso_0847;3;m4sco_tbl_02803,gob_tbl_02809,dlk_tbl_03895;6;gob_tbl_01210,gob_tbl_00396,gob_tbl_01145,dlk_ext_00687,dlk_ext_00212,std_ext_00128
proc_proceso_0848;7;gob_tbl_00811,dlk_tbl_01525,gob_tbl_04132,dlk_tbl_01054,dlk_tbl_04378,gob_tbl_02457,gob_tbl_03600;4;gob_tbl_00531,dlk_tbl_01977,gob_ext_00501,gob_ext_00307
gob_proceso_0849;7;gob_tbl_00375,gob_tbl_01788,m4sco_tbl_01618,m4sco_tbl_00185,gob_tbl_04393,dlk_tbl_00998,gob_tbl_02299;10;dlk_tbl_00930,dlk_tbl_02120,gob_tbl_00048,proc_tbl_02253,dash_tbl_03314,proc_tbl_01931,ppn_ext_00109,proc_ext_00559,ppn_ext_00304,dlk_ext_00048
dash_proceso_0850;8;gob_tbl_02347,dash_tbl_00479,dash_tbl_03954,proc_tbl_02885,dash_tbl_00897,proc_tbl_01680,dlk_tbl_03711,dlk_tbl_04288;19;ppn_tbl_03264,gob_tbl_01828,gob_tbl_03073,dlk_tbl_00050,dlk_tbl_01919,dlk_tbl_02486,m4vw_tbl_04349,dash_tbl_00979,gob_tbl_00822,dlk_tbl_04347,dlk_tbl_02918,dlk_ext_00561,gob_ext_00589,gob_ext_00261,proc_ext_00505,gob_ext_00599,dlk_ext_00398,gob_ext_00139,gob_ext_00231
dlk_proceso_0851;5;gob_tbl_04097,dlk_tbl_03515,dlk_tbl_03120,dlk_tbl_01223,dlk_tbl_00415;19;dash_tbl_01823,dash_tbl_02046,gob_tbl_03841,gob_tbl_01968,dlk_tbl_00945,m4vw_tbl_03556,dlk_tbl_02776,gob_tbl_01970,proc_tbl_03874,m4vw_tbl_03675,proc_tbl_02194,gob_ext_00338,dlk_ext_00509,proc_ext_00559,dash_ext_00419,dlk_ext_00545,dlk_ext_00197,gob_ext_00010,dlk_ext_00473
dlk_proceso_0852;6;proc_tbl_01457,dash_tbl_03596,dlk_tbl_02651,dlk_tbl_03703,gob_tbl_01758,gob_tbl_01170;4;gob_tbl_02082,dash_tbl_03550,dlk_ext_00027,proc_ext_00033
proc_proceso_0853;5;dlk_tbl_02846,gob_tbl_00901,dlk_tbl_01176,dlk_tbl_04073,gob_tbl_00489;14;gob_tbl_00573,dlk_tbl_01713,gob_tbl_03695,proc_tbl_01548,dlk_tbl_03907,dash_tbl_00521,gob_tbl_02481,proc_tbl_03991,dlk_ext_00111,proc_ext_00332,gob_ext_00501,proc_ext_00555,dlk_ext_00022,gob_ext_00461
proc_proceso_0854;3;dlk_tbl_01685,dlk_tbl_00767,gob_tbl_03858;11;gob_tbl_01471,gob_tbl_02406,gob_tbl_04422,gob_tbl_01250,m4sco_tbl_00475,dlk_tbl_03859,gob_ext_00385,gob_ext_00434,m4vw_ext_00655,gob_ext_00620,gob_ext_00182
dlk_proceso_0855;9;proc_tbl_02029,m4vw_tbl_00705,dlk_tbl_01910,proc_tbl_04295,dash_tbl_00035,dlk_tbl_01895,dlk_tbl_03180,proc_tbl_03924,proc_tbl_00352;14;dlk_tbl_03271,dlk_tbl_01018,gob_tbl_04267,gob_tbl_03718,dlk_tbl_00792,dlk_tbl_01113,dlk_tbl_03057,dash_tbl_02261,gob_ext_00480,dlk_ext_00632,gob_ext_00216,gob_ext_00341,dlk_ext_00222,dlk_ext_00710
gob_proceso_0856;4;dash_tbl_01444,dlk_tbl_04332,gob_tbl_00898,gob_tbl_01497;4;gob_tbl_03276,dash_tbl_03314,dlk_ext_00554,gob_ext_00544
gob_proceso_0857;6;dash_tbl_03825,gob_tbl_02314,gob_tbl_01388,gob_tbl_02787,gob_tbl_00514,proc_tbl_02023;16;proc_tbl_02511,dash_tbl_02921,dlk_tbl_03637,gob_tbl_02126,gob_tbl_04354,gob_tbl_01201,proc_tbl_01069,dash_tbl_00790,proc_tbl_02073,dlk_ext_00527,proc_ext_00234,gob_ext_00688,gob_ext_00385,gob_ext_00696,gob_ext_00479,gob_ext_00131
proc_proceso_0858;2;proc_tbl_04364,proc_tbl_00086;7;proc_tbl_00788,dlk_tbl_04294,gob_tbl_02963,dlk_tbl_03785,gob_ext_00573,dlk_ext_00613,proc_ext_00412
dlk_proceso_0859;5;gob_tbl_02048,dlk_tbl_00770,dlk_tbl_01822,gob_tbl_00140,dash_tbl_01432;9;proc_tbl_01931,dlk_tbl_00064,gob_tbl_02428,gob_tbl_03542,proc_tbl_02192,gob_ext_00172,dlk_ext_00274,dlk_ext_00146,gob_ext_00668
dlk_proceso_0860;3;gob_tbl_00496,dlk_tbl_03611,proc_tbl_00966;13;m4vw_tbl_03958,proc_tbl_00460,proc_tbl_00905,dash_tbl_02964,dlk_tbl_01089,dlk_tbl_01490,dlk_tbl_03960,dlk_ext_00703,dlk_ext_00053,dash_ext_00534,proc_ext_00734,gob_ext_00341,dash_ext_00604
gob_proceso_0861;8;dlk_tbl_00437,dlk_tbl_02883,proc_tbl_00491,m4sco_tbl_00133,gob_tbl_03838,proc_tbl_00976,gob_tbl_02859,dlk_tbl_02251;9;gob_tbl_02097,proc_tbl_00647,dlk_tbl_03725,gob_tbl_00100,dlk_tbl_01922,dlk_ext_00628,proc_ext_00140,gob_ext_00131,dlk_ext_00201
dash_proceso_0862;6;gob_tbl_02391,gob_tbl_03229,gob_tbl_00435,gob_tbl_02403,std_tbl_01494,dash_tbl_00274;11;gob_tbl_04411,gob_tbl_02979,m4vw_tbl_04115,gob_tbl_02128,dlk_tbl_01169,dlk_tbl_00308,dlk_ext_00196,proc_ext_00370,std_ext_00417,dlk_ext_00556,gob_ext_00551
dlk_proceso_0863;6;gob_tbl_03458,gob_tbl_00399,proc_tbl_00342,m4sco_tbl_00642,m4sco_tbl_04016,dlk_tbl_01227;11;proc_tbl_01503,gob_tbl_02534,dlk_tbl_02619,gob_tbl_01156,dlk_tbl_02135,gob_tbl_00859,proc_ext_00238,proc_ext_00230,proc_ext_00483,gob_ext_00667,dlk_ext_00611
gob_proceso_0864;4;dlk_tbl_02504,gob_tbl_02634,gob_tbl_03889,gob_tbl_03763;7;gob_tbl_03454,gob_tbl_02060,gob_tbl_01200,dlk_tbl_02182,gob_ext_00329,proc_ext_00200,proc_ext_00238
dlk_proceso_0865;5;dlk_tbl_00643,dlk_tbl_01147,dlk_tbl_00903,proc_tbl_00948,dlk_tbl_01100;7;dash_tbl_04274,dlk_tbl_02513,gob_tbl_01277,proc_tbl_00061,dlk_ext_00567,ppn_ext_00109,std_ext_00194
dlk_proceso_0866;2;m4vw_tbl_03939,gob_tbl_01968;7;gob_tbl_02000,gob_tbl_00448,dash_tbl_00519,dlk_tbl_02472,std_ext_00726,gob_ext_00239,dlk_ext_00491
dlk_proceso_0867;6;gob_tbl_04360,dlk_tbl_04382,gob_tbl_02998,dash_tbl_01859,gob_tbl_00920,proc_tbl_04129;5;gob_tbl_01598,dlk_tbl_03810,proc_tbl_03836,dash_ext_00520,ppn_ext_00496
gob_proceso_0868;4;gob_tbl_00513,gob_tbl_03807,gob_tbl_00155,proc_tbl_02252;10;gob_tbl_03385,gob_tbl_00622,gob_tbl_02552,m4vw_tbl_02707,dlk_tbl_00894,gob_tbl_03280,dash_ext_00020,dlk_ext_00053,dlk_ext_00130,dlk_ext_00570
proc_proceso_0869;4;proc_tbl_03737,gob_tbl_00472,std_tbl_03634,gob_tbl_01567;6;proc_tbl_02432,gob_tbl_03831,gob_tbl_02177,proc_ext_00140,gob_ext_00442,dlk_ext_00212
dlk_proceso_0870;4;gob_tbl_01495,gob_tbl_03273,dlk_tbl_00271,dlk_tbl_00522;12;proc_tbl_00353,dlk_tbl_00598,gob_tbl_01286,proc_tbl_00905,gob_tbl_03525,gob_tbl_02487,gob_tbl_04422,gob_ext_00214,gob_ext_00538,dlk_ext_00192,proc_ext_00327,gob_ext_00579
dlk_proceso_0871;4;proc_tbl_00192,gob_tbl_02033,gob_tbl_01344,m4sco_tbl_01714;13;dlk_tbl_02836,gob_tbl_00634,gob_tbl_00228,dlk_tbl_03185,gob_tbl_01641,gob_tbl_00776,std_tbl_04196,gob_ext_00245,dlk_ext_00252,dlk_ext_00318,gob_ext_00657,gob_ext_00103,gob_ext_00010
proc_proceso_0872;3;dlk_tbl_02501,dash_tbl_01199,dlk_tbl_04402;11;dlk_tbl_01534,gob_tbl_02216,dash_tbl_02853,dlk_tbl_02651,std_tbl_00568,dlk_tbl_00894,proc_ext_00416,dlk_ext_00082,dlk_ext_00712,dlk_ext_00720,dlk_ext_00278
proc_proceso_0873;4;gob_tbl_02494,proc_tbl_00184,gob_tbl_03401,gob_tbl_00830;7;dlk_tbl_03846,proc_tbl_04043,dlk_tbl_01975,dash_tbl_00315,m4vw_ext_00560,gob_ext_00701,gob_ext_00503
proc_proceso_0874;2;proc_tbl_01364,dlk_tbl_00242;7;dlk_tbl_01585,proc_tbl_02545,dlk_tbl_00143,dlk_tbl_00157,gob_ext_00369,dlk_ext_00348,gob_ext_00120
gob_proceso_0875;3;gob_tbl_03492,proc_tbl_03352,dlk_tbl_01812;9;gob_tbl_00922,dlk_tbl_04201,dlk_tbl_03716,std_tbl_04146,dlk_tbl_04144,proc_ext_00670,gob_ext_00223,dlk_ext_00269,proc_ext_00384
dlk_proceso_0876;7;gob_tbl_03478,gob_tbl_00132,dlk_tbl_04193,gob_tbl_01359,dlk_tbl_00247,dlk_tbl_02508,dlk_tbl_02550;10;dlk_tbl_00587,proc_tbl_01545,dash_tbl_01299,proc_tbl_04344,gob_tbl_03488,gob_tbl_04209,dlk_ext_00081,proc_ext_00157,dlk_ext_00110,gob_ext_00592
dash_proceso_0877;4;dlk_tbl_02036,dlk_tbl_00372,gob_tbl_00090,gob_tbl_00852;9;dash_tbl_02884,gob_tbl_04156,dlk_tbl_02463,dlk_tbl_01933,std_tbl_02590,dlk_ext_00515,dlk_ext_00591,gob_ext_00210,ppn_ext_00109
gob_proceso_0878;4;gob_tbl_01522,dlk_tbl_02454,dash_tbl_02561,dlk_tbl_00386;4;dlk_tbl_00765,dlk_tbl_00797,gob_ext_00272,dlk_ext_00363
proc_proceso_0879;2;gob_tbl_02417,proc_tbl_01287;15;dlk_tbl_03484,dlk_tbl_00217,gob_tbl_02232,proc_tbl_02285,proc_tbl_02945,dash_tbl_02957,gob_tbl_01493,proc_tbl_04246,dlk_tbl_01961,gob_ext_00434,proc_ext_00649,dash_ext_00404,dlk_ext_00445,gob_ext_00503,dlk_ext_00448
gob_proceso_0880;8;dash_tbl_00207,dlk_tbl_01669,dlk_tbl_00166,gob_tbl_02177,dash_tbl_04417,gob_tbl_03070,std_tbl_04184,gob_tbl_01168;19;m4sco_tbl_03033,dlk_tbl_01458,dlk_tbl_04402,std_tbl_00016,gob_tbl_01698,dlk_tbl_03356,dash_tbl_00979,gob_tbl_01170,gob_tbl_00611,proc_tbl_00086,gob_tbl_01869,proc_ext_00514,dlk_ext_00473,dash_ext_00604,gob_ext_00367,m4vw_ext_00664,gob_ext_00295,dlk_ext_00618,proc_ext_00734
gob_proceso_0881;7;dlk_tbl_00996,dlk_tbl_01800,dlk_tbl_02466,gob_tbl_01531,dlk_tbl_02956,gob_tbl_01684,dlk_tbl_00470;9;gob_tbl_02821,dlk_tbl_01942,dlk_tbl_03355,proc_tbl_01285,gob_tbl_01183,dlk_ext_00012,m4vw_ext_00482,dlk_ext_00283,dlk_ext_00069
dlk_proceso_0882;3;dlk_tbl_00229,dlk_tbl_04133,dlk_tbl_02125;13;dash_tbl_03746,gob_tbl_01989,dash_tbl_02039,gob_tbl_03325,std_tbl_00837,proc_tbl_01955,dlk_tbl_02438,proc_ext_00382,gob_ext_00350,dlk_ext_00121,gob_ext_00139,dlk_ext_00723,gob_ext_00216
dlk_proceso_0883;3;gob_tbl_03366,gob_tbl_02054,gob_tbl_02398;11;dlk_tbl_01406,gob_tbl_00887,proc_tbl_02649,std_tbl_01804,proc_tbl_00409,gob_tbl_01542,gob_ext_00055,gob_ext_00592,dlk_ext_00158,dlk_ext_00584,m4vw_ext_00458
gob_proceso_0884;4;gob_tbl_03316,gob_tbl_02640,gob_tbl_01345,dlk_tbl_02409;11;dlk_tbl_02808,dlk_tbl_02739,gob_tbl_02368,dlk_tbl_04122,gob_tbl_02968,proc_tbl_03572,m4vw_ext_00655,m4vw_ext_00137,gob_ext_00494,dlk_ext_00611,proc_ext_00741
proc_proceso_0885;6;dlk_tbl_02320,gob_tbl_02551,gob_tbl_00392,dlk_tbl_02638,dlk_tbl_03444,gob_tbl_04301;11;dlk_tbl_02661,gob_tbl_03816,gob_tbl_04064,proc_tbl_04024,proc_tbl_01639,gob_tbl_00393,gob_ext_00501,dlk_ext_00174,dash_ext_00136,m4vw_ext_00482,dash_ext_00394
proc_proceso_0886;8;proc_tbl_01505,dlk_tbl_01574,proc_tbl_00370,std_tbl_01426,gob_tbl_02834,dash_tbl_03795,m4sco_tbl_03837,dlk_tbl_04387;14;gob_tbl_03986,std_tbl_03148,gob_tbl_00309,gob_tbl_03538,gob_tbl_04386,gob_tbl_02210,gob_tbl_00814,dlk_tbl_03995,gob_ext_00002,dlk_ext_00618,proc_ext_00333,proc_ext_00588,dlk_ext_00447,dash_ext_00746
dlk_proceso_0887;3;gob_tbl_03244,dlk_tbl_00780,gob_tbl_01995;9;gob_tbl_00641,gob_tbl_02381,dlk_tbl_04182,gob_tbl_00776,dlk_tbl_04144,dlk_ext_00257,dlk_ext_00306,dlk_ext_00215,dlk_ext_00276
dlk_proceso_0888;5;gob_tbl_02730,gob_tbl_00332,dlk_tbl_03114,gob_tbl_04320,gob_tbl_01897;14;dlk_tbl_03255,dlk_tbl_03258,dlk_tbl_00636,gob_tbl_02047,gob_tbl_00862,dlk_tbl_02672,dash_tbl_01904,gob_tbl_03965,dlk_ext_00495,gob_ext_00667,gob_ext_00381,proc_ext_00739,proc_ext_00745,gob_ext_00127
gob_proceso_0889;3;gob_tbl_01827,std_tbl_02532,dlk_tbl_00131;12;dlk_tbl_02330,dlk_tbl_00045,proc_tbl_02194,gob_tbl_01869,dash_tbl_03200,gob_tbl_02020,std_tbl_01804,dash_ext_00604,gob_ext_00423,dlk_ext_00217,dash_ext_00310,proc_ext_00550
gob_proceso_0890;5;dlk_tbl_01109,dlk_tbl_02898,gob_tbl_03058,dash_tbl_00896,dlk_tbl_01144;14;gob_tbl_04426,gob_tbl_00332,dash_tbl_03954,dlk_tbl_03727,gob_tbl_00048,gob_tbl_02417,m4sco_tbl_03835,proc_tbl_04425,dash_ext_00675,proc_ext_00092,dlk_ext_00607,m4sco_ext_00653,gob_ext_00188,gob_ext_00466
dlk_proceso_0891;3;dlk_tbl_03266,gob_tbl_04390,proc_tbl_01140;13;gob_tbl_00520,gob_tbl_02422,m4sco_tbl_00743,gob_tbl_00323,gob_tbl_02462,dlk_tbl_00297,dlk_tbl_02810,dlk_ext_00197,dash_ext_00638,dlk_ext_00516,gob_ext_00537,dlk_ext_00522,dlk_ext_00612
proc_proceso_0892;2;m4vw_tbl_01524,dlk_tbl_00936;13;dlk_tbl_02886,dlk_tbl_02918,proc_tbl_03421,dlk_tbl_02116,dlk_tbl_04419,gob_tbl_00270,proc_tbl_00758,gob_ext_00203,dlk_ext_00543,gob_ext_00422,dlk_ext_00556,std_ext_00237,gob_ext_00083
dlk_proceso_0893;2;dlk_tbl_03997,ppn_tbl_03533;20;gob_tbl_02048,dlk_tbl_00001,dlk_tbl_01063,gob_tbl_02187,dlk_tbl_03190,dlk_tbl_00522,gob_tbl_00634,dash_tbl_03433,m4sco_tbl_02447,gob_tbl_03268,proc_tbl_01069,dash_tbl_03918,dlk_ext_00643,dlk_ext_00712,std_ext_00052,gob_ext_00441,gob_ext_00129,gob_ext_00617,gob_ext_00592,dlk_ext_00371
dash_proceso_0894;7;dash_tbl_03861,gob_tbl_04326,dash_tbl_02784,dlk_tbl_00850,dlk_tbl_00374,gob_tbl_02615,dlk_tbl_03132;15;dlk_tbl_00020,dlk_tbl_00367,dlk_tbl_02439,proc_tbl_01290,dlk_tbl_01558,proc_tbl_03893,dlk_tbl_03304,dlk_tbl_01244,dlk_tbl_03545,dlk_ext_00023,gob_ext_00057,proc_ext_00406,gob_ext_00058,proc_ext_00370,dlk_ext_00465
proc_proceso_0895;2;gob_tbl_03342,proc_tbl_04327;6;dlk_tbl_03520,proc_tbl_03152,gob_tbl_03116,gob_ext_00326,dlk_ext_00023,dash_ext_00394
dlk_proceso_0896;5;gob_tbl_02857,dash_tbl_00219,ppn_tbl_00729,gob_tbl_02064,dlk_tbl_02993;9;gob_tbl_01359,dash_tbl_00315,gob_tbl_00591,m4sco_tbl_01952,dlk_tbl_03011,dash_ext_00078,dlk_ext_00108,std_ext_00424,gob_ext_00429
proc_proceso_0897;6;gob_tbl_02950,m4vw_tbl_00120,gob_tbl_03092,gob_tbl_00923,dlk_tbl_04037,gob_tbl_03667;11;dlk_tbl_01360,dash_tbl_03124,dash_tbl_00717,m4sco_tbl_00663,dlk_tbl_00020,dlk_tbl_02817,gob_ext_00272,dlk_ext_00355,dlk_ext_00312,dlk_ext_00025,gob_ext_00395
dlk_proceso_0898;5;gob_tbl_02868,gob_tbl_02811,gob_tbl_04006,gob_tbl_03105,gob_tbl_00839;14;proc_tbl_01386,proc_tbl_02690,gob_tbl_03648,gob_tbl_04063,dlk_tbl_00349,dlk_tbl_02149,dlk_tbl_01526,gob_tbl_01687,gob_ext_00571,gob_ext_00056,dlk_ext_00743,gob_ext_00572,gob_ext_00542,gob_ext_00182
dlk_proceso_0899;4;gob_tbl_02336,gob_tbl_03623,dlk_tbl_03059,dlk_tbl_03263;14;proc_tbl_02789,proc_tbl_04327,proc_tbl_04083,dlk_tbl_01266,proc_tbl_04331,proc_tbl_03612,proc_tbl_04125,dash_tbl_01068,dlk_ext_00312,dlk_ext_00138,proc_ext_00745,proc_ext_00409,gob_ext_00572,dlk_ext_00048
dlk_proceso_0900;3;gob_tbl_02510,proc_tbl_01474,proc_tbl_01515;14;dash_tbl_01421,dlk_tbl_03520,dlk_tbl_01574,proc_tbl_02204,dlk_tbl_00910,dlk_tbl_00266,dash_tbl_01212,dash_tbl_02369,m4vw_ext_00482,dlk_ext_00448,dlk_ext_00743,dlk_ext_00091,gob_ext_00378,proc_ext_00683
gob_proceso_0901;3;dlk_tbl_02176,gob_tbl_03738,proc_tbl_03755;13;dlk_tbl_03175,gob_tbl_01092,proc_tbl_04069,gob_tbl_00739,dash_tbl_00276,gob_tbl_01675,m4vw_tbl_03111,gob_ext_00189,dlk_ext_00607,dlk_ext_00680,dash_ext_00659,dlk_ext_00600,dlk_ext_00465
gob_proceso_0902;4;proc_tbl_03615,gob_tbl_01183,gob_tbl_01709,dlk_tbl_04237;6;dash_tbl_00686,gob_tbl_00105,gob_tbl_02746,dash_ext_00241,dlk_ext_00349,dlk_ext_00048
dlk_proceso_0903;7;m4sco_tbl_01521,dlk_tbl_04176,gob_tbl_04300,dlk_tbl_00681,m4vw_tbl_03790,dlk_tbl_00962,dlk_tbl_02111;9;dlk_tbl_00823,gob_tbl_03302,gob_tbl_01482,m4sco_tbl_02161,dash_tbl_02443,dlk_ext_00500,dlk_ext_00643,gob_ext_00123,gob_ext_00622
dlk_proceso_0904;6;dlk_tbl_02810,dlk_tbl_01805,gob_tbl_02639,gob_tbl_01780,dlk_tbl_02589,gob_tbl_01532;10;std_tbl_03724,dash_tbl_01757,gob_tbl_03262,dlk_tbl_00286,gob_tbl_04354,dlk_tbl_03330,gob_ext_00010,gob_ext_00236,proc_ext_00384,dlk_ext_00344
proc_proceso_0905;6;dash_tbl_02722,dlk_tbl_03172,dlk_tbl_00225,gob_tbl_00102,gob_tbl_03488,dlk_tbl_02816;4;dlk_tbl_02663,gob_tbl_01798,proc_ext_00580,dlk_ext_00069
dlk_proceso_0906;2;dlk_tbl_00451,dlk_tbl_03355;8;gob_tbl_01843,dash_tbl_02254,gob_tbl_01424,dlk_tbl_04230,proc_tbl_02194,dlk_ext_00449,dlk_ext_00196,proc_ext_00695
proc_proceso_0907;2;gob_tbl_03419,gob_tbl_00310;6;dlk_tbl_00466,proc_tbl_01067,proc_tbl_01571,dlk_ext_00079,dash_ext_00366,proc_ext_00234
gob_proceso_0908;6;dash_tbl_02318,dlk_tbl_01192,dlk_tbl_02056,gob_tbl_04026,gob_tbl_00777,dlk_tbl_01566;5;dlk_tbl_01631,dlk_tbl_00983,std_tbl_02994,dlk_ext_00478,dash_ext_00241
gob_proceso_0909;4;gob_tbl_02458,dash_tbl_02050,dlk_tbl_04144,dash_tbl_01632;7;dlk_tbl_03030,dlk_tbl_02295,dash_tbl_02413,dlk_tbl_02182,m4vw_ext_00122,gob_ext_00248,dlk_ext_00652
dlk_proceso_0910;4;dlk_tbl_04219,gob_tbl_01707,dash_tbl_04051,dash_tbl_03074;9;gob_tbl_02019,std_tbl_03951,dash_tbl_04149,gob_tbl_01736,dlk_tbl_01028,gob_ext_00443,proc_ext_00683,dlk_ext_00500,gob_ext_00701
dlk_proceso_0911;7;gob_tbl_04243,std_tbl_00087,dlk_tbl_00052,gob_tbl_01153,dlk_tbl_00863,gob_tbl_02265,proc_tbl_04143;10;gob_tbl_02398,dlk_tbl_00558,proc_tbl_02945,gob_tbl_01219,proc_tbl_03681,dlk_tbl_01478,std_ext_00424,dlk_ext_00098,dlk_ext_00298,ppn_ext_00242
dlk_proceso_0912;4;dash_tbl_03918,dlk_tbl_01981,proc_tbl_04359,dlk_tbl_00215;4;gob_tbl_03762,gob_tbl_02760,dlk_ext_00317,m4vw_ext_00122
gob_proceso_0913;4;dlk_tbl_02524,gob_tbl_03408,gob_tbl_03193,gob_tbl_03660;10;dlk_tbl_01578,dlk_tbl_00962,dlk_tbl_03470,dlk_tbl_01065,gob_tbl_00472,proc_tbl_03643,dlk_ext_00174,dlk_ext_00614,gob_ext_00039,gob_ext_00443
gob_proceso_0914;2;proc_tbl_02878,gob_tbl_00882;7;dlk_tbl_02362,dash_tbl_02041,gob_tbl_00296,proc_tbl_01776,m4sco_ext_00653,dlk_ext_00038,gob_ext_00501
proc_proceso_0915;2;gob_tbl_00138,gob_tbl_04204;10;dash_tbl_00565,dlk_tbl_01383,std_tbl_00556,proc_tbl_03494,gob_tbl_03438,gob_tbl_00687,proc_ext_00689,proc_ext_00646,dlk_ext_00169,gob_ext_00191
dash_proceso_0916;3;gob_tbl_03851,gob_tbl_03217,gob_tbl_02012;17;m4vw_tbl_03423,gob_tbl_01098,gob_tbl_04000,gob_tbl_01436,proc_tbl_04195,gob_tbl_03349,gob_tbl_04385,gob_tbl_03462,dlk_tbl_00900,proc_tbl_04120,dlk_ext_00660,dlk_ext_00400,dash_ext_00020,dlk_ext_00029,std_ext_00153,gob_ext_00039,proc_ext_00327
dash_proceso_0917;5;dlk_tbl_02663,proc_tbl_01616,dlk_tbl_01863,dlk_tbl_00055,gob_tbl_03834;8;dlk_tbl_02739,gob_tbl_03779,dlk_tbl_00451,dash_tbl_01751,proc_tbl_00251,gob_ext_00168,dlk_ext_00276,gob_ext_00216
gob_proceso_0918;5;proc_tbl_02343,gob_tbl_03797,dash_tbl_03246,dlk_tbl_01352,gob_tbl_02746;13;proc_tbl_03494,proc_tbl_02370,dlk_tbl_01566,proc_tbl_00184,dlk_tbl_03153,gob_tbl_04046,proc_tbl_02830,gob_ext_00443,proc_ext_00064,ppn_ext_00109,dlk_ext_00495,dlk_ext_00322,dlk_ext_00317
dlk_proceso_0919;4;dlk_tbl_00980,dlk_tbl_03395,proc_tbl_01689,dlk_tbl_01835;12;gob_tbl_01003,dlk_tbl_03635,gob_tbl_01161,dash_tbl_03429,dlk_tbl_03846,dash_tbl_03512,std_tbl_03148,gob_ext_00056,dlk_ext_00034,dash_ext_00671,dash_ext_00698,dlk_ext_00637
dlk_proceso_0920;2;gob_tbl_00654,std_tbl_04260;13;dlk_tbl_02565,gob_tbl_00288,proc_tbl_04309,dlk_tbl_02583,gob_tbl_02923,proc_tbl_00647,gob_tbl_01599,dlk_ext_00082,dlk_ext_00081,dlk_ext_00448,proc_ext_00064,m4vw_ext_00014,proc_ext_00555
proc_proceso_0921;2;proc_tbl_03066,dlk_tbl_03777;15;gob_tbl_02954,gob_tbl_01860,gob_tbl_04207,dlk_tbl_02378,dlk_tbl_01509,proc_tbl_01579,proc_tbl_01560,m4sco_tbl_00133,dash_tbl_02567,std_ext_00679,dlk_ext_00081,std_ext_00424,proc_ext_00606,dlk_ext_00687,dlk_ext_00425
proc_proceso_0922;4;dlk_tbl_02860,gob_tbl_01797,dash_tbl_04389,m4vw_tbl_00115;9;proc_tbl_02637,proc_tbl_01392,gob_tbl_02392,dlk_tbl_00484,dlk_tbl_03468,gob_ext_00139,dlk_ext_00095,proc_ext_00332,dlk_ext_00053
proc_proceso_0923;4;dlk_tbl_02168,proc_tbl_03910,dlk_tbl_00098,dlk_tbl_03000;8;proc_tbl_01515,dash_tbl_04417,proc_tbl_03755,gob_tbl_02105,dlk_tbl_00350,proc_ext_00705,proc_ext_00568,gob_ext_00609
dlk_proceso_0924;2;dash_tbl_00221,gob_tbl_03077;12;gob_tbl_00830,dlk_tbl_03157,gob_tbl_00304,gob_tbl_02745,gob_tbl_01821,dlk_tbl_02189,proc_tbl_00772,dash_ext_00446,proc_ext_00711,gob_ext_00288,gob_ext_00139,gob_ext_00319
gob_proceso_0925;4;gob_tbl_02662,gob_tbl_02879,proc_tbl_00733,gob_tbl_03507;13;dlk_tbl_03215,m4vw_tbl_04391,std_tbl_00864,dash_tbl_03200,dlk_tbl_01942,gob_tbl_02223,dash_tbl_01499,dash_ext_00160,dlk_ext_00171,dlk_ext_00449,gob_ext_00503,dlk_ext_00472,proc_ext_00535
gob_proceso_0926;6;proc_tbl_00758,m4vw_tbl_04391,gob_tbl_01722,gob_tbl_02841,dlk_tbl_01080,proc_tbl_02616;11;dlk_tbl_01762,dash_tbl_04404,dlk_tbl_00993,m4vw_tbl_02971,dlk_tbl_00846,dlk_tbl_03263,gob_ext_00573,gob_ext_00089,dlk_ext_00710,proc_ext_00695,gob_ext_00480
gob_proceso_0927;4;dlk_tbl_02936,dlk_tbl_01803,gob_tbl_03599,gob_tbl_03168;13;m4sco_tbl_00133,proc_tbl_00584,dlk_tbl_00361,dlk_tbl_04037,dlk_tbl_01489,dlk_tbl_03822,gob_tbl_01048,gob_ext_00228,proc_ext_00713,gob_ext_00388,proc_ext_00745,gob_ext_00749,dlk_ext_00738
dash_proceso_0928;4;gob_tbl_02428,dlk_tbl_00486,m4vw_tbl_03675,dlk_tbl_03996;7;gob_tbl_02079,ppn_tbl_02203,dlk_tbl_00037,dlk_tbl_03150,gob_ext_00353,dash_ext_00334,proc_ext_00220
dlk_proceso_0929;2;dlk_tbl_02695,gob_tbl_02331;5;gob_tbl_00057,proc_tbl_00655,gob_tbl_02481,gob_ext_00123,gob_ext_00055
dlk_proceso_0930;3;gob_tbl_03966,dlk_tbl_00001,gob_tbl_03590;10;dlk_tbl_03780,gob_tbl_02716,dlk_tbl_01724,dlk_tbl_02476,gob_tbl_01345,dlk_tbl_00187,dash_ext_00334,gob_ext_00599,gob_ext_00002,dlk_ext_00456
proc_proceso_0931;2;gob_tbl_01436,gob_tbl_02300;12;gob_tbl_01652,dash_tbl_02735,gob_tbl_01394,dlk_tbl_04311,gob_tbl_00453,std_tbl_03379,gob_tbl_03121,dlk_ext_00218,std_ext_00290,dlk_ext_00146,gob_ext_00405,gob_ext_00437
proc_proceso_0932;2;gob_tbl_01542,gob_tbl_03129;8;dlk_tbl_03546,gob_tbl_01855,ppn_tbl_02869,dlk_tbl_03961,dlk_tbl_02759,dlk_ext_00111,dlk_ext_00146,proc_ext_00514
gob_proceso_0933;5;proc_tbl_00376,proc_tbl_03681,dlk_tbl_00982,dlk_tbl_00507,dlk_tbl_02334;7;m4sco_tbl_04353,dlk_tbl_00286,gob_tbl_03380,proc_tbl_01818,gob_ext_00172,dlk_ext_00281,std_ext_00417
proc_proceso_0934;5;proc_tbl_02669,proc_tbl_04284,dlk_tbl_02415,proc_tbl_01638,dash_tbl_00565;5;dlk_tbl_00797,dlk_tbl_01162,dlk_tbl_02338,proc_ext_00690,gob_ext_00718
dlk_proceso_0935;3;gob_tbl_04078,std_tbl_02426,dash_tbl_00351;17;gob_tbl_02239,dlk_tbl_01844,proc_tbl_01955,gob_tbl_02137,gob_tbl_02303,gob_tbl_00255,m4sco_tbl_01952,dlk_tbl_02682,dash_tbl_03042,dlk_tbl_02912,dash_ext_00175,dlk_ext_00097,dlk_ext_00651,m4sco_ext_00125,gob_ext_00272,dlk_ext_00079,gob_ext_00329
gob_proceso_0936;5;dash_tbl_01469,dlk_tbl_03569,dlk_tbl_01089,gob_tbl_01050,dlk_tbl_00044;14;proc_tbl_00871,gob_tbl_04045,proc_tbl_04047,dlk_tbl_03205,dlk_tbl_04347,gob_tbl_01700,gob_tbl_01773,dash_tbl_01867,m4vw_ext_00438,dlk_ext_00715,dash_ext_00096,dlk_ext_00485,dlk_ext_00082,dlk_ext_00023
proc_proceso_0937;5;dash_tbl_01108,gob_tbl_01138,dash_tbl_02884,proc_tbl_03320,dlk_tbl_01448;17;proc_tbl_01173,proc_tbl_00967,gob_tbl_02088,dlk_tbl_03891,gob_tbl_03129,dlk_tbl_01930,proc_tbl_00673,gob_tbl_03079,dlk_tbl_02473,dlk_tbl_01306,dlk_ext_00317,gob_ext_00268,proc_ext_00711,proc_ext_00683,proc_ext_00646,dash_ext_00285,proc_ext_00546
gob_proceso_0938;4;gob_tbl_01092,dlk_tbl_04220,dlk_tbl_02533,gob_tbl_02341;17;gob_tbl_00140,gob_tbl_02353,dlk_tbl_01142,gob_tbl_03325,dlk_tbl_00759,proc_tbl_02849,gob_tbl_02578,gob_tbl_02368,gob_tbl_02783,gob_tbl_00667,gob_ext_00429,proc_ext_00706,dlk_ext_00492,dash_ext_00170,dlk_ext_00748,gob_ext_00288,gob_ext_00003
dlk_proceso_0939;6;dash_tbl_02327,dlk_tbl_02172,gob_tbl_03265,dlk_tbl_02163,dlk_tbl_02212,m4vw_tbl_01348;9;gob_tbl_00738,gob_tbl_04368,gob_tbl_03467,proc_tbl_03836,proc_tbl_00871,gob_ext_00359,proc_ext_00649,gob_ext_00708,proc_ext_00370
dlk_proceso_0940;2;dash_tbl_01642,gob_tbl_00111;13;dlk_tbl_02446,dash_tbl_00274,gob_tbl_00737,gob_tbl_01452,dlk_tbl_00456,dlk_tbl_03346,dlk_tbl_03383,dlk_ext_00240,dlk_ext_00059,dlk_ext_00504,dlk_ext_00269,dlk_ext_00710,dlk_ext_00176
dlk_proceso_0941;6;gob_tbl_01861,gob_tbl_00253,dlk_tbl_03184,gob_tbl_01483,dlk_tbl_01031,dash_tbl_00053;6;dash_tbl_03918,ppn_tbl_04084,gob_tbl_01418,dlk_ext_00070,gob_ext_00112,dlk_ext_00024
proc_proceso_0942;5;dash_tbl_02698,proc_tbl_01103,dash_tbl_01751,dlk_tbl_04427,dlk_tbl_00563;10;proc_tbl_01173,gob_tbl_00873,gob_tbl_01597,gob_tbl_00838,gob_tbl_04162,gob_tbl_03955,gob_ext_00677,std_ext_00194,dlk_ext_00142,gob_ext_00263
proc_proceso_0943;3;dlk_tbl_04394,dash_tbl_04077,dlk_tbl_01157;12;dlk_tbl_04126,std_tbl_03004,gob_tbl_04245,dlk_tbl_02513,gob_tbl_01842,gob_tbl_00246,proc_tbl_02194,gob_ext_00533,dlk_ext_00021,dlk_ext_00586,gob_ext_00461,dlk_ext_00192
gob_proceso_0944;2;gob_tbl_04100,gob_tbl_00197;7;proc_tbl_01607,proc_tbl_01319,std_tbl_01502,dlk_tbl_00767,proc_ext_00157,m4vw_ext_00072,gob_ext_00426
proc_proceso_0945;2;gob_tbl_02028,dlk_tbl_01957;12;dlk_tbl_01738,gob_tbl_02481,proc_tbl_01503,gob_tbl_00634,dash_tbl_02938,gob_tbl_00520,gob_tbl_02417,gob_ext_00264,dlk_ext_00456,proc_ext_00049,gob_ext_00076,dlk_ext_00354
dash_proceso_0946;6;std_tbl_01078,dlk_tbl_02595,gob_tbl_01997,dlk_tbl_03277,dlk_tbl_02372,proc_tbl_04342;6;dlk_tbl_01925,dash_tbl_03008,gob_tbl_02998,gob_ext_00701,gob_ext_00139,proc_ext_00345
proc_proceso_0947;5;dash_tbl_00264,gob_tbl_04162,proc_tbl_03532,dlk_tbl_02801,m4sco_tbl_02447;5;gob_tbl_04422,dlk_tbl_03211,dlk_tbl_01063,gob_ext_00599,dlk_ext_00455
dlk_proceso_0948;4;dlk_tbl_04376,gob_tbl_03560,dlk_tbl_00562,proc_tbl_02724;5;dlk_tbl_00674,dlk_tbl_01845,gob_tbl_04046,dlk_ext_00556,dlk_ext_00472
gob_proceso_0949;5;gob_tbl_01945,std_tbl_03451,gob_tbl_00981,gob_tbl_01871,dlk_tbl_03188;14;gob_tbl_03221,dlk_tbl_02182,std_tbl_00629,gob_tbl_03169,dash_tbl_02364,m4vw_tbl_01849,dlk_tbl_03500,gob_tbl_03944,dlk_ext_00628,gob_ext_00056,proc_ext_00673,dlk_ext_00047,dlk_ext_00291,gob_ext_00525
gob_proceso_0950;4;dlk_tbl_01630,gob_tbl_02353,proc_tbl_01285,dlk_tbl_03844;7;dash_tbl_02017,proc_tbl_01195,gob_tbl_01456,dlk_tbl_00522,m4sco_ext_00653,dlk_ext_00317,dlk_ext_00545
gob_proceso_0951;5;dlk_tbl_04135,dlk_tbl_00072,dlk_tbl_01894,gob_tbl_01530,gob_tbl_03900;8;dlk_tbl_03346,dlk_tbl_00046,dlk_tbl_03279,proc_tbl_03297,gob_tbl_02020,dash_ext_00310,dlk_ext_00751,dash_ext_00270
dlk_proceso_0952;3;dlk_tbl_03853,dlk_tbl_01486,dash_tbl_03110;4;gob_tbl_03670,gob_tbl_01999,proc_ext_00741,gob_ext_00144
gob_proceso_0953;8;dlk_tbl_01211,gob_tbl_01695,proc_tbl_02861,dlk_tbl_00773,std_tbl_03714,dlk_tbl_03886,gob_tbl_02587,gob_tbl_00921;5;dlk_tbl_00894,dlk_tbl_03502,dlk_tbl_00125,dash_ext_00063,gob_ext_00494
gob_proceso_0954;6;dlk_tbl_02554,dlk_tbl_01315,gob_tbl_04150,gob_tbl_04155,dlk_tbl_01526,proc_tbl_00972;10;gob_tbl_03081,dlk_tbl_02804,dlk_tbl_03868,dash_tbl_01400,proc_tbl_02412,gob_tbl_00702,proc_ext_00646,gob_ext_00139,gob_ext_00353,dlk_ext_00291
dlk_proceso_0955;2;proc_tbl_03041,proc_tbl_03163;7;dlk_tbl_03818,gob_tbl_02899,dlk_tbl_02569,dlk_tbl_00765,dlk_ext_00719,dlk_ext_00742,dash_ext_00675
gob_proceso_0956;6;gob_tbl_02775,m4vw_tbl_04053,dlk_tbl_01244,dlk_tbl_01699,gob_tbl_03045,gob_tbl_01429;10;dlk_tbl_01352,proc_tbl_02374,gob_tbl_00576,gob_tbl_02805,dlk_tbl_01552,proc_tbl_02876,gob_ext_00693,proc_ext_00220,dash_ext_00467,dlk_ext_00312
gob_proceso_0957;3;gob_tbl_01963,dlk_tbl_03052,proc_tbl_01832;12;gob_tbl_01264,gob_tbl_01700,dash_tbl_01862,gob_tbl_02462,proc_tbl_00584,gob_tbl_03992,gob_tbl_03519,dlk_ext_00478,dlk_ext_00393,dash_ext_00208,dlk_ext_00528,dlk_ext_00448
gob_proceso_0958;2;gob_tbl_02490,proc_tbl_02250;5;dlk_tbl_00023,proc_tbl_02562,proc_tbl_01560,gob_ext_00297,m4sco_ext_00018
gob_proceso_0959;4;gob_tbl_00461,dlk_tbl_04362,gob_tbl_02128,gob_tbl_03794;6;dlk_tbl_03298,gob_tbl_02012,dlk_tbl_02472,gob_ext_00295,dlk_ext_00024,proc_ext_00689
gob_proceso_0960;6;proc_tbl_02876,dash_tbl_02278,gob_tbl_02123,dash_tbl_02493,dlk_tbl_04041,dlk_tbl_02249;11;gob_tbl_02331,gob_tbl_00922,gob_tbl_03171,dash_tbl_03354,dlk_tbl_01528,m4vw_tbl_01658,gob_ext_00735,dlk_ext_00197,gob_ext_00662,dlk_ext_00644,gob_ext_00233
proc_proceso_0961;6;dlk_tbl_02850,gob_tbl_02380,dash_tbl_01041,gob_tbl_03704,gob_tbl_01880,gob_tbl_00198;13;proc_tbl_01571,gob_tbl_00516,dlk_tbl_00899,dash_tbl_00778,dlk_tbl_00959,gob_tbl_00838,dlk_tbl_01089,proc_ext_00011,gob_ext_00233,dlk_ext_00456,gob_ext_00216,dlk_ext_00516,dlk_ext_00104
dash_proceso_0962;4;dlk_tbl_03604,dlk_tbl_01375,proc_tbl_04407,gob_tbl_02290;7;dlk_tbl_00993,gob_tbl_02824,dlk_tbl_01802,gob_tbl_02322,proc_ext_00734,gob_ext_00189,gob_ext_00565
gob_proceso_0963;5;gob_tbl_00933,gob_tbl_02935,gob_tbl_02890,proc_tbl_04316,dlk_tbl_00231;8;gob_tbl_02032,gob_tbl_03454,dlk_tbl_02882,proc_tbl_02613,dlk_tbl_04218,dlk_ext_00079,proc_ext_00663,dlk_ext_00556
dlk_proceso_0964;3;dlk_tbl_02577,gob_tbl_01394,gob_tbl_02983;12;dlk_tbl_03679,gob_tbl_03422,dlk_tbl_01835,dash_tbl_00583,gob_tbl_01064,dlk_tbl_03516,dlk_tbl_01716,gob_ext_00350,dlk_ext_00048,dlk_ext_00632,dlk_ext_00652,dlk_ext_00107
gob_proceso_0965;8;dlk_tbl_01460,dlk_tbl_00232,proc_tbl_02705,proc_tbl_00389,gob_tbl_03586,dash_tbl_02967,proc_tbl_01969,m4sco_tbl_01683;5;dlk_tbl_01437,dash_tbl_03246,dlk_tbl_02365,dlk_ext_00596,gob_ext_00330
dlk_proceso_0966;4;gob_tbl_00134,gob_tbl_00641,dlk_tbl_00988,dash_tbl_02559;12;dlk_tbl_03593,gob_tbl_03142,m4sco_tbl_01148,std_tbl_01636,ppn_tbl_01062,gob_tbl_04395,gob_tbl_01861,proc_ext_00498,gob_ext_00353,gob_ext_00039,dlk_ext_00243,gob_ext_00489
dlk_proceso_0967;7;std_tbl_02566,gob_tbl_01855,dlk_tbl_02652,gob_tbl_00164,gob_tbl_02179,proc_tbl_01123,dlk_tbl_03258;1;gob_tbl_00392
gob_proceso_0968;7;dlk_tbl_03447,dlk_tbl_04213,dlk_tbl_02266,gob_tbl_00085,dash_tbl_02503,gob_tbl_00949,dlk_tbl_01933;9;gob_tbl_01032,gob_tbl_02012,gob_tbl_01209,ppn_tbl_02869,dash_tbl_01904,proc_ext_00265,gob_ext_00640,proc_ext_00140,dlk_ext_00477
gob_proceso_0969;5;proc_tbl_00816,proc_tbl_02289,gob_tbl_02602,proc_tbl_02713,gob_tbl_02216;8;proc_tbl_01453,gob_tbl_01621,dlk_tbl_03329,dlk_tbl_02045,dash_tbl_02261,dlk_ext_00291,proc_ext_00140,proc_ext_00157
gob_proceso_0970;7;proc_tbl_03499,proc_tbl_02637,std_tbl_00661,dlk_tbl_04067,dlk_tbl_02586,gob_tbl_03761,dlk_tbl_00782;11;proc_tbl_04055,gob_tbl_01461,gob_tbl_01398,gob_tbl_01395,proc_tbl_01893,gob_tbl_03441,proc_ext_00483,gob_ext_00007,dlk_ext_00069,proc_ext_00433,gob_ext_00350
dash_proceso_0971;4;gob_tbl_01891,proc_tbl_02740,dlk_tbl_03390,std_tbl_00734;13;dlk_tbl_03337,dash_tbl_01421,dlk_tbl_04037,dlk_tbl_00956,gob_tbl_02104,gob_tbl_02983,gob_tbl_00281,dlk_ext_00108,dlk_ext_00751,dash_ext_00698,gob_ext_00668,dash_ext_00160,dlk_ext_00012
gob_proceso_0972;2;dlk_tbl_01104,dash_tbl_02015;15;m4sco_tbl_00743,proc_tbl_00742,dlk_tbl_04118,gob_tbl_02098,dlk_tbl_02855,dash_tbl_01723,dlk_tbl_00768,gob_tbl_01322,dlk_tbl_01583,dlk_ext_00192,dlk_ext_00751,gob_ext_00223,gob_ext_00245,proc_ext_00115,dlk_ext_00034
gob_proceso_0973;2;gob_tbl_03116,dlk_tbl_00157;8;dash_tbl_03026,dlk_tbl_03708,proc_tbl_02260,dlk_tbl_03624,gob_tbl_00760,m4vw_ext_00664,dash_ext_00302,dlk_ext_00143
dlk_proceso_0974;7;gob_tbl_04017,dlk_tbl_01932,dash_tbl_01299,gob_tbl_04348,proc_tbl_01095,gob_tbl_04206,dash_tbl_03098;4;gob_tbl_01367,dlk_tbl_01448,dash_ext_00008,std_ext_00194
dlk_proceso_0975;6;proc_tbl_02961,proc_tbl_01330,dlk_tbl_00865,gob_tbl_02468,gob_tbl_04409,dlk_tbl_03279;12;proc_tbl_02849,gob_tbl_02100,proc_tbl_02515,gob_tbl_00927,proc_tbl_01123,dlk_tbl_01104,gob_tbl_02422,dash_ext_00403,dlk_ext_00499,dlk_ext_00457,dlk_ext_00651,gob_ext_00429
dlk_proceso_0976;3;proc_tbl_00079,gob_tbl_03959,dlk_tbl_01761;7;dlk_tbl_02739,proc_tbl_00251,gob_tbl_03009,gob_tbl_00313,dlk_ext_00024,proc_ext_00220,gob_ext_00249
dlk_proceso_0977;5;dlk_tbl_01317,gob_tbl_04272,dlk_tbl_03183,dash_tbl_02269,proc_tbl_03464;8;proc_tbl_03769,dash_tbl_04020,std_tbl_04363,proc_tbl_03539,proc_tbl_03991,dlk_ext_00287,gob_ext_00043,proc_ext_00582
dlk_proceso_0978;6;gob_tbl_01228,proc_tbl_03658,dlk_tbl_02918,dlk_tbl_00785,gob_tbl_02811,gob_tbl_04415;4;dlk_tbl_02646,m4sco_tbl_01015,ppn_ext_00109,std_ext_00424
dlk_proceso_0979;7;dlk_tbl_02626,dash_tbl_00519,gob_tbl_04250,gob_tbl_00965,gob_tbl_00668,proc_tbl_03242,proc_tbl_04270;10;gob_tbl_01233,dash_tbl_02911,gob_tbl_01433,gob_tbl_03986,gob_tbl_00883,dlk_tbl_01203,dlk_ext_00530,dlk_ext_00079,proc_ext_00697,gob_ext_00609
dlk_proceso_0980;3;dlk_tbl_02464,dlk_tbl_01202,gob_tbl_00995;11;m4sco_tbl_00280,m4vw_tbl_00115,dash_tbl_00142,dlk_tbl_03855,dlk_tbl_03295,dlk_tbl_01326,dlk_ext_00212,gob_ext_00245,std_ext_00128,dlk_ext_00468,gob_ext_00150
dlk_proceso_0981;5;gob_tbl_03632,proc_tbl_03872,dlk_tbl_01136,gob_tbl_02000,gob_tbl_04416;11;dlk_tbl_03725,gob_tbl_02410,gob_tbl_02824,dash_tbl_02429,dlk_tbl_04033,gob_tbl_01611,gob_ext_00209,proc_ext_00684,dlk_ext_00253,proc_ext_00670,dlk_ext_00543
dlk_proceso_0982;4;proc_tbl_03348,dlk_tbl_02643,proc_tbl_01767,m4vw_tbl_01898;7;dlk_tbl_01892,gob_tbl_00197,gob_tbl_03966,gob_tbl_00769,gob_ext_00708,gob_ext_00261,gob_ext_00000
proc_proceso_0983;8;dlk_tbl_01645,dlk_tbl_02714,gob_tbl_00615,dash_tbl_02062,dash_tbl_02957,gob_tbl_01427,proc_tbl_03149,proc_tbl_02702;7;m4vw_tbl_02971,dlk_tbl_00598,gob_tbl_01854,gob_tbl_02232,gob_ext_00182,gob_ext_00364,dlk_ext_00610
gob_proceso_0984;6;gob_tbl_00672,gob_tbl_02455,proc_tbl_03069,proc_tbl_02220,gob_tbl_02010,dlk_tbl_01734;4;proc_tbl_00042,m4vw_tbl_03547,dlk_ext_00528,dlk_ext_00576
dlk_proceso_0985;3;dlk_tbl_04002,proc_tbl_00884,dash_tbl_01462;8;m4vw_tbl_04053,dlk_tbl_01306,dlk_tbl_04098,gob_tbl_02895,dlk_tbl_04182,dlk_ext_00149,ppn_ext_00304,gob_ext_00490
proc_proceso_0986;4;dlk_tbl_03694,proc_tbl_01019,dlk_tbl_03215,gob_tbl_00213;12;dash_tbl_00315,gob_tbl_02100,dash_tbl_00879,proc_tbl_02749,dlk_tbl_02007,proc_tbl_02637,gob_tbl_02481,proc_ext_00683,gob_ext_00749,dash_ext_00050,dlk_ext_00048,gob_ext_00329
proc_proceso_0987;5;dlk_tbl_01220,dlk_tbl_01488,dlk_tbl_01976,proc_tbl_02782,dlk_tbl_02997;8;gob_tbl_01843,proc_tbl_04091,ppn_tbl_04061,proc_tbl_00984,dlk_tbl_01341,gob_ext_00045,gob_ext_00735,m4sco_ext_00018
proc_proceso_0988;3;gob_tbl_01082,dash_tbl_01208,dash_tbl_03559;13;gob_tbl_03649,gob_tbl_04264,proc_tbl_04295,dlk_tbl_03999,dash_tbl_02003,proc_tbl_04038,dlk_tbl_02027,m4vw_ext_00438,dlk_ext_00612,dlk_ext_00098,gob_ext_00055,gob_ext_00123,gob_ext_00506
dlk_proceso_0989;4;gob_tbl_02232,dlk_tbl_01234,dlk_tbl_01324,dlk_tbl_01158;6;dlk_tbl_02966,dlk_tbl_01975,proc_tbl_01095,dlk_ext_00022,gob_ext_00620,gob_ext_00191
dash_proceso_0990;3;dash_tbl_03657,gob_tbl_00481,gob_tbl_01032;13;dlk_tbl_04203,gob_tbl_02033,gob_tbl_03107,m4vw_tbl_02148,dlk_tbl_00549,proc_tbl_02117,dlk_tbl_01129,dlk_ext_00269,dlk_ext_00023,gob_ext_00189,proc_ext_00641,proc_ext_00695,gob_ext_00246
dlk_proceso_0991;6;dash_tbl_03987,dlk_tbl_03218,gob_tbl_04048,dlk_tbl_04419,dash_tbl_03307,gob_tbl_01216;16;dlk_tbl_00266,gob_tbl_00054,gob_tbl_02879,gob_tbl_00859,proc_tbl_02773,dlk_tbl_02251,gob_tbl_03262,dlk_tbl_01142,dlk_tbl_02930,dlk_ext_00240,gob_ext_00599,dlk_ext_00583,dlk_ext_00605,dlk_ext_00023,gob_ext_00195,dlk_ext_00564
proc_proceso_0992;2;gob_tbl_03607,gob_tbl_04209;9;gob_tbl_01345,m4sco_tbl_02803,proc_tbl_04269,gob_tbl_03226,gob_tbl_02079,dlk_ext_00111,dlk_ext_00643,dlk_ext_00251,gob_ext_00161
gob_proceso_0993;5;std_tbl_00957,std_tbl_02350,gob_tbl_02516,dash_tbl_02853,dlk_tbl_03046;14;dlk_tbl_04139,dash_tbl_03074,dlk_tbl_00438,proc_tbl_02724,dlk_tbl_04304,proc_tbl_04038,gob_tbl_00995,proc_tbl_04060,gob_ext_00577,gob_ext_00441,dash_ext_00008,proc_ext_00061,dlk_ext_00317,gob_ext_00381
dlk_proceso_0994;8;gob_tbl_00885,gob_tbl_00345,dash_tbl_02107,gob_tbl_03730,dlk_tbl_02221,dlk_tbl_02452,dlk_tbl_03106,gob_tbl_00149;10;dash_tbl_03433,gob_tbl_04286,dlk_tbl_02987,gob_tbl_01963,std_tbl_02858,gob_tbl_04009,dlk_ext_00024,ppn_ext_00496,m4sco_ext_00634,gob_ext_00083
gob_proceso_0995;5;proc_tbl_04319,dash_tbl_02046,dlk_tbl_01844,proc_tbl_01853,dlk_tbl_02099;5;dlk_tbl_01815,dlk_tbl_02525,dlk_tbl_03414,dlk_ext_00453,proc_ext_00152
dlk_proceso_0996;3;dlk_tbl_00636,gob_tbl_03729,gob_tbl_01540;8;dlk_tbl_03894,gob_tbl_01947,gob_tbl_03268,proc_tbl_02366,gob_tbl_03446,gob_ext_00692,gob_ext_00357,dlk_ext_00218
dlk_proceso_0997;4;gob_tbl_00776,std_tbl_02151,dlk_tbl_03780,dlk_tbl_03243;10;dlk_tbl_01073,gob_tbl_00807,dlk_tbl_04118,dlk_tbl_03184,dash_tbl_02193,dlk_tbl_01526,dlk_ext_00632,proc_ext_00193,dlk_ext_00373,m4vw_ext_00438
gob_proceso_0998;6;gob_tbl_02234,dlk_tbl_01142,dlk_tbl_04238,proc_tbl_01711,dlk_tbl_02668,gob_tbl_02920;6;dlk_tbl_01238,gob_tbl_00220,gob_tbl_03019,std_ext_00726,std_ext_00128,dlk_ext_00628
gob_proceso_0999;4;dash_tbl_03319,dlk_tbl_02679,gob_tbl_01076,gob_tbl_03740;10;ppn_tbl_00113,dash_tbl_02914,gob_tbl_00528,gob_tbl_02693,std_tbl_04107,gob_tbl_01621,proc_ext_00416,gob_ext_00338,dlk_ext_00553,proc_ext_00289
