DAG;NumTablasAlimenta;TablasAlimenta;NumTablasAlimentan;TablasAlimentan
dash_proceso_0000;2;dlk_tbl_00606,gob_tbl_00941;15;dlk_tbl_00702,dlk_tbl_00104,dlk_tbl_02125,proc_tbl_00971,proc_tbl_01307,gob_tbl_01416,gob_tbl_00678,proc_tbl_01738,dash_tbl_00352,dlk_ext_00011,gob_ext_00323,dash_ext_00103,dlk_ext_00418,dlk_ext_00429,dlk_ext_00319
gob_proceso_0001;5;dlk_tbl_00262,proc_tbl_00234,dlk_tbl_00726,dash_tbl_00468,dlk_tbl_02123;12;dlk_tbl_01100,dash_tbl_01762,dash_tbl_01799,dlk_tbl_00620,dash_tbl_00822,dash_tbl_00275,dlk_tbl_02114,gob_ext_00037,proc_ext_00191,proc_ext_00182,gob_ext_00306,gob_ext_00321
gob_proceso_0002;5;dlk_tbl_00524,dash_tbl_00261,gob_tbl_00684,dlk_tbl_01814,gob_tbl_01487;10;gob_tbl_02106,proc_tbl_01167,proc_tbl_01812,dlk_tbl_00599,dlk_tbl_01694,dlk_tbl_01760,gob_ext_00321,m4sco_ext_00166,dlk_ext_00230,gob_ext_00365
dash_proceso_0003;4;proc_tbl_02043,dlk_tbl_02129,proc_tbl_00537,gob_tbl_01204;14;gob_tbl_00005,dash_tbl_00290,gob_tbl_00514,gob_tbl_00973,gob_tbl_00974,dlk_tbl_01951,dlk_tbl_01553,dlk_tbl_01500,dlk_ext_00213,gob_ext_00128,gob_ext_00376,dlk_ext_00205,gob_ext_00097,dlk_ext_00172
proc_proceso_0004;4;proc_tbl_00242,gob_tbl_00379,dlk_tbl_00756,dlk_tbl_01281;10;dlk_tbl_00303,dash_tbl_00290,gob_tbl_01160,gob_tbl_01000,dash_tbl_00089,proc_tbl_00364,dlk_ext_00180,proc_ext_00234,dash_ext_00189,gob_ext_00121
dlk_proceso_0005;5;dlk_tbl_00363,gob_tbl_00595,gob_tbl_01502,dlk_tbl_00026,std_tbl_01733;9;dlk_tbl_00245,gob_tbl_01420,dlk_tbl_01027,dlk_tbl_00566,dlk_tbl_01471,gob_ext_00270,dlk_ext_00429,dlk_ext_00421,dash_ext_00320
gob_proceso_0006;3;dlk_tbl_00810,dlk_tbl_01695,dlk_tbl_01329;9;gob_tbl_00251,proc_tbl_00156,ppn_tbl_00804,gob_tbl_01122,gob_tbl_01051,gob_ext_00306,dlk_ext_00399,dlk_ext_00233,gob_ext_00187
proc_proceso_0007;5;proc_tbl_01714,gob_tbl_00077,dlk_tbl_00969,dlk_tbl_01123,gob_tbl_01743;4;gob_tbl_01929,gob_tbl_01911,gob_ext_00270,dash_ext_00007
gob_proceso_0008;3;gob_tbl_01346,gob_tbl_00677,dlk_tbl_00408;11;std_tbl_00683,dlk_tbl_00026,dlk_tbl_01321,gob_tbl_02085,gob_tbl_01689,gob_tbl_01192,gob_ext_00400,dash_ext_00092,std_ext_00022,dlk_ext_00325,gob_ext_00147
proc_proceso_0009;4;dlk_tbl_00620,gob_tbl_01689,gob_tbl_01586,proc_tbl_01645;7;proc_tbl_01343,gob_tbl_01438,proc_tbl_00079,dash_tbl_01955,gob_ext_00099,dlk_ext_00106,gob_ext_00031
gob_proceso_0010;2;gob_tbl_02080,gob_tbl_00663;7;gob_tbl_00076,gob_tbl_00080,dlk_tbl_02026,gob_tbl_00231,dash_ext_00007,dash_ext_00092,dlk_ext_00302
gob_proceso_0011;9;dlk_tbl_01493,gob_tbl_00435,proc_tbl_01628,proc_tbl_01988,proc_tbl_01512,dlk_tbl_00586,dlk_tbl_01488,dlk_tbl_00953,gob_tbl_00916;14;dash_tbl_00755,dlk_tbl_01490,dlk_tbl_01392,dlk_tbl_00721,gob_tbl_00598,gob_tbl_01194,dlk_tbl_01858,dlk_tbl_02026,gob_ext_00102,gob_ext_00207,m4vw_ext_00218,gob_ext_00145,gob_ext_00391,dlk_ext_00071
gob_proceso_0012;4;dlk_tbl_02102,dlk_tbl_00707,proc_tbl_00266,dlk_tbl_00144;4;m4vw_tbl_00679,m4sco_tbl_01736,gob_ext_00146,dlk_ext_00174
dlk_proceso_0013;3;proc_tbl_01946,dash_tbl_01666,dlk_tbl_01771;12;gob_tbl_01848,gob_tbl_00763,proc_tbl_00014,dash_tbl_02079,proc_tbl_00090,gob_tbl_01354,m4vw_tbl_00879,dlk_ext_00171,gob_ext_00108,dlk_ext_00136,dlk_ext_00300,gob_ext_00137
gob_proceso_0014;6;gob_tbl_01649,dlk_tbl_00631,dlk_tbl_00143,dlk_tbl_00567,proc_tbl_02022,dlk_tbl_01485;13;gob_tbl_01806,dlk_tbl_00439,gob_tbl_01650,proc_tbl_00921,gob_tbl_01105,std_tbl_00366,dlk_tbl_00887,dlk_ext_00361,m4vw_ext_00088,dlk_ext_00113,gob_ext_00048,gob_ext_00376,dash_ext_00070
dash_proceso_0015;2;dash_tbl_00082,gob_tbl_00360;13;dlk_tbl_01486,gob_tbl_00477,dash_tbl_00730,proc_tbl_01659,gob_tbl_01719,dlk_tbl_00239,gob_tbl_01834,gob_ext_00147,gob_ext_00313,dlk_ext_00302,dash_ext_00103,gob_ext_00376,m4vw_ext_00218
dash_proceso_0016;2;dlk_tbl_00361,dlk_tbl_00523;12;gob_tbl_00697,dlk_tbl_00735,dlk_tbl_00631,m4vw_tbl_01287,gob_tbl_01930,gob_tbl_00035,gob_tbl_00841,dlk_ext_00425,dlk_ext_00118,gob_ext_00184,dlk_ext_00181,dlk_ext_00056
dash_proceso_0017;2;gob_tbl_01402,dlk_tbl_02037;9;dlk_tbl_01041,dlk_tbl_00871,gob_tbl_00830,gob_tbl_01906,dlk_tbl_00424,dlk_ext_00254,proc_ext_00110,dlk_ext_00150,gob_ext_00031
gob_proceso_0018;3;gob_tbl_00378,dlk_tbl_01772,dlk_tbl_00999;6;dlk_tbl_01858,gob_tbl_00076,gob_tbl_01300,dash_ext_00103,proc_ext_00043,gob_ext_00216
gob_proceso_0019;5;dlk_tbl_01445,gob_tbl_00616,gob_tbl_00016,ppn_tbl_00350,proc_tbl_01237;9;gob_tbl_01459,gob_tbl_01877,gob_tbl_01509,m4sco_tbl_02002,m4vw_tbl_01024,dlk_ext_00421,dlk_ext_00150,dlk_ext_00300,gob_ext_00357
dlk_proceso_0020;6;dlk_tbl_01107,gob_tbl_01677,proc_tbl_01126,dlk_tbl_02127,dlk_tbl_01278,proc_tbl_02007;15;dlk_tbl_00376,dlk_tbl_02063,dash_tbl_00041,proc_tbl_01608,dash_tbl_00743,dlk_tbl_01935,m4vw_tbl_01915,dlk_tbl_01490,dlk_tbl_00466,gob_ext_00404,m4vw_ext_00264,dlk_ext_00433,std_ext_00054,gob_ext_00028,std_ext_00022
dlk_proceso_0021;3;gob_tbl_00433,dlk_tbl_00968,proc_tbl_01871;13;dlk_tbl_00860,gob_tbl_00920,proc_tbl_00453,dlk_tbl_01798,gob_tbl_00032,gob_tbl_01881,dlk_tbl_01669,dlk_ext_00325,proc_ext_00327,gob_ext_00087,proc_ext_00331,proc_ext_00424,gob_ext_00128
gob_proceso_0022;5;dlk_tbl_01184,gob_tbl_00138,gob_tbl_00633,proc_tbl_00771,dlk_tbl_00868;15;dlk_tbl_01138,proc_tbl_00971,gob_tbl_01093,gob_tbl_00021,std_tbl_00683,m4sco_tbl_00193,gob_tbl_00655,gob_tbl_00297,std_tbl_00115,dash_ext_00240,dlk_ext_00163,dlk_ext_00381,gob_ext_00028,gob_ext_00332,dlk_ext_00069
gob_proceso_0023;4;gob_tbl_01603,gob_tbl_00839,gob_tbl_00514,dlk_tbl_01457;17;m4vw_tbl_00279,dash_tbl_00642,dlk_tbl_00797,gob_tbl_02175,dlk_tbl_00523,proc_tbl_01143,dlk_tbl_00239,dlk_tbl_01040,proc_tbl_00511,gob_tbl_00328,gob_ext_00047,gob_ext_00048,dlk_ext_00265,dash_ext_00278,gob_ext_00140,dlk_ext_00370,gob_ext_00028
dash_proceso_0024;6;gob_tbl_01625,dlk_tbl_01429,dash_tbl_00357,dlk_tbl_01798,dlk_tbl_02099,proc_tbl_01213;10;gob_tbl_01744,gob_tbl_00682,proc_tbl_01900,proc_tbl_01606,gob_tbl_00427,gob_tbl_00133,gob_ext_00177,gob_ext_00074,gob_ext_00102,dash_ext_00092
dlk_proceso_0025;5;proc_tbl_01634,gob_tbl_00808,gob_tbl_01401,gob_tbl_00073,m4vw_tbl_01793;12;ppn_tbl_00025,gob_tbl_01906,dlk_tbl_01331,dlk_tbl_01879,gob_tbl_00270,dlk_tbl_00634,dlk_tbl_01536,proc_ext_00339,proc_ext_00424,proc_ext_00191,dlk_ext_00412,dlk_ext_00418
dlk_proceso_0026;5;dlk_tbl_02170,proc_tbl_00758,dlk_tbl_01071,gob_tbl_01256,proc_tbl_00744;9;dlk_tbl_01536,gob_tbl_00297,dlk_tbl_01121,std_tbl_00115,dlk_tbl_00187,gob_ext_00042,m4vw_ext_00362,dlk_ext_00125,gob_ext_00200
dlk_proceso_0027;3;gob_tbl_00709,gob_tbl_00348,proc_tbl_02028;11;dlk_tbl_01475,gob_tbl_00571,dash_tbl_01236,dlk_tbl_00524,dash_tbl_01724,m4vw_tbl_01145,gob_ext_00126,gob_ext_00177,gob_ext_00304,dlk_ext_00109,gob_ext_00085
gob_proceso_0028;5;gob_tbl_00135,gob_tbl_00009,dash_tbl_01106,dlk_tbl_01843,dlk_tbl_01857;8;dash_tbl_01690,gob_tbl_00126,dlk_tbl_01489,proc_tbl_00459,dlk_tbl_00713,dlk_ext_00163,dlk_ext_00180,dlk_ext_00173
dlk_proceso_0029;4;dlk_tbl_02172,gob_tbl_00556,dlk_tbl_00409,dlk_tbl_01908;12;std_tbl_00091,dlk_tbl_00012,dlk_tbl_01046,proc_tbl_00367,dlk_tbl_01598,gob_tbl_00885,gob_tbl_00299,dash_ext_00266,std_ext_00311,gob_ext_00284,proc_ext_00417,dlk_ext_00214
dlk_proceso_0030;2;dlk_tbl_01866,gob_tbl_01201;7;gob_tbl_02175,proc_tbl_00986,dash_tbl_00065,proc_tbl_02148,dlk_ext_00058,std_ext_00022,gob_ext_00200
gob_proceso_0031;7;dlk_tbl_01770,gob_tbl_00889,gob_tbl_01642,dlk_tbl_00197,dlk_tbl_00439,dlk_tbl_00534,gob_tbl_01354;9;dlk_tbl_01584,proc_tbl_00359,dlk_tbl_01417,proc_tbl_01264,ppn_tbl_00958,dlk_ext_00347,gob_ext_00041,gob_ext_00128,dash_ext_00017
dlk_proceso_0032;5;gob_tbl_00083,dlk_tbl_00605,gob_tbl_02175,gob_tbl_01726,gob_tbl_02090;5;gob_tbl_00289,dlk_tbl_00395,proc_tbl_00200,dlk_ext_00004,gob_ext_00152
gob_proceso_0033;5;gob_tbl_00769,proc_tbl_00980,gob_tbl_01252,dlk_tbl_00496,proc_tbl_00159;7;std_tbl_00366,proc_tbl_01039,proc_tbl_00265,gob_tbl_00228,proc_ext_00231,gob_ext_00396,dash_ext_00320
gob_proceso_0034;3;proc_tbl_01159,dlk_tbl_00582,gob_tbl_00710;6;dlk_tbl_00625,gob_tbl_01830,dash_tbl_00072,gob_ext_00384,dlk_ext_00136,dlk_ext_00148
gob_proceso_0035;2;proc_tbl_00338,proc_tbl_01456;5;gob_tbl_01524,gob_tbl_00514,gob_tbl_01114,gob_ext_00107,dlk_ext_00213
gob_proceso_0036;2;dlk_tbl_01516,proc_tbl_00573;4;dlk_tbl_00860,gob_tbl_02049,dlk_ext_00328,gob_ext_00252
dlk_proceso_0037;3;gob_tbl_01715,gob_tbl_01234,proc_tbl_02030;13;dlk_tbl_01378,gob_tbl_00521,dlk_tbl_00397,m4sco_tbl_00196,dlk_tbl_00052,gob_tbl_01911,gob_tbl_01977,gob_ext_00374,gob_ext_00047,gob_ext_00376,dlk_ext_00242,dlk_ext_00214,dash_ext_00070
gob_proceso_0038;5;gob_tbl_01203,proc_tbl_01819,gob_tbl_01778,gob_tbl_01373,m4vw_tbl_01579;10;gob_tbl_00249,gob_tbl_00076,proc_tbl_02042,proc_tbl_01198,proc_tbl_00643,gob_tbl_01861,m4sco_ext_00164,gob_ext_00281,dlk_ext_00328,m4vw_ext_00264
gob_proceso_0039;6;gob_tbl_00167,gob_tbl_00411,dlk_tbl_00779,dash_tbl_00288,gob_tbl_01930,dlk_tbl_01747;9;proc_tbl_01566,dlk_tbl_00407,gob_tbl_01968,dlk_tbl_00117,proc_tbl_00071,dlk_ext_00205,dlk_ext_00213,gob_ext_00216,proc_ext_00222
gob_proceso_0040;3;dash_tbl_01803,gob_tbl_02183,gob_tbl_01753;12;dlk_tbl_01285,gob_tbl_00121,dlk_tbl_00778,gob_tbl_00028,gob_tbl_01441,dlk_tbl_02116,gob_tbl_02147,dlk_ext_00388,gob_ext_00107,gob_ext_00268,dlk_ext_00106,dash_ext_00278
dash_proceso_0041;7;dash_tbl_01762,proc_tbl_00825,dash_tbl_01796,dash_tbl_01077,gob_tbl_00932,proc_tbl_01390,gob_tbl_02018;11;gob_tbl_01349,proc_tbl_00226,gob_tbl_00248,gob_tbl_00821,dlk_tbl_01322,dlk_tbl_00798,gob_ext_00083,dash_ext_00279,m4sco_ext_00164,gob_ext_00102,dlk_ext_00265
dlk_proceso_0042;5;dash_tbl_01623,dlk_tbl_01250,dash_tbl_01562,dlk_tbl_02031,gob_tbl_01397;8;dlk_tbl_00452,gob_tbl_01400,gob_tbl_00693,gob_tbl_01543,std_tbl_01823,dlk_ext_00079,dlk_ext_00406,dlk_ext_00302
gob_proceso_0043;6;dlk_tbl_02142,gob_tbl_00046,gob_tbl_00821,gob_tbl_00253,dlk_tbl_00325,gob_tbl_01480;15;gob_tbl_01656,gob_tbl_00834,gob_tbl_01611,dlk_tbl_00625,proc_tbl_01959,dlk_tbl_02169,gob_tbl_01446,dlk_tbl_02127,gob_tbl_00314,dash_ext_00156,gob_ext_00119,dlk_ext_00254,dlk_ext_00053,gob_ext_00236,gob_ext_00400
proc_proceso_0044;6;proc_tbl_01314,gob_tbl_00223,proc_tbl_01017,gob_tbl_01692,dlk_tbl_01154,gob_tbl_02179;4;m4sco_tbl_00820,std_tbl_01841,dash_ext_00258,dlk_ext_00006
proc_proceso_0045;3;proc_tbl_02016,proc_tbl_02150,dash_tbl_01590;13;gob_tbl_00372,gob_tbl_01473,proc_tbl_00190,dlk_tbl_00887,gob_tbl_00076,gob_tbl_01739,gob_tbl_01767,dlk_ext_00136,gob_ext_00284,gob_ext_00047,gob_ext_00286,dlk_ext_00427,dlk_ext_00053
dlk_proceso_0046;3;dlk_tbl_01378,m4sco_tbl_01428,gob_tbl_02181;9;proc_tbl_01384,proc_tbl_01844,proc_tbl_02022,dlk_tbl_00707,dlk_tbl_00892,gob_ext_00057,gob_ext_00140,dlk_ext_00352,dlk_ext_00069
gob_proceso_0047;5;dash_tbl_00622,proc_tbl_01813,gob_tbl_01769,proc_tbl_01380,proc_tbl_00895;8;proc_tbl_00084,dlk_tbl_01638,gob_tbl_00076,dlk_tbl_01142,dash_tbl_00440,std_ext_00311,dlk_ext_00148,dash_ext_00103
dlk_proceso_0048;3;dlk_tbl_01031,gob_tbl_01266,proc_tbl_01573;11;dlk_tbl_01564,dlk_tbl_01941,dlk_tbl_01351,dash_tbl_01731,gob_tbl_00957,gob_tbl_01231,gob_ext_00245,dlk_ext_00297,dlk_ext_00265,dlk_ext_00109,dlk_ext_00289
proc_proceso_0049;3;dlk_tbl_02182,dlk_tbl_00694,dlk_tbl_02077;13;gob_tbl_00603,dlk_tbl_00670,dlk_tbl_00259,gob_tbl_01642,dash_tbl_01404,dlk_tbl_00625,proc_tbl_01978,gob_ext_00146,gob_ext_00262,dash_ext_00151,proc_ext_00061,dlk_ext_00347,dlk_ext_00335
gob_proceso_0050;3;gob_tbl_01911,dlk_tbl_01535,dlk_tbl_00615;8;gob_tbl_00759,gob_tbl_00584,gob_tbl_01146,gob_tbl_01881,dash_tbl_01809,dlk_ext_00297,proc_ext_00288,m4vw_ext_00218
proc_proceso_0051;4;dlk_tbl_01271,gob_tbl_00747,proc_tbl_01412,std_tbl_00565;10;gob_tbl_00167,dlk_tbl_00500,gob_tbl_01969,proc_tbl_01691,dlk_tbl_00515,dlk_tbl_00554,dlk_ext_00163,m4sco_ext_00164,dlk_ext_00401,dlk_ext_00276
dlk_proceso_0052;5;dlk_tbl_01620,gob_tbl_00118,proc_tbl_01012,proc_tbl_00995,dlk_tbl_00516;17;gob_tbl_00767,m4sco_tbl_01032,std_tbl_01898,gob_tbl_01616,proc_tbl_00915,gob_tbl_00215,gob_tbl_00964,gob_tbl_01725,dlk_tbl_01872,gob_tbl_01459,dlk_ext_00421,dlk_ext_00412,dlk_ext_00318,dlk_ext_00023,dlk_ext_00302,gob_ext_00342,gob_ext_00354
proc_proceso_0053;3;dlk_tbl_01392,dlk_tbl_00815,std_tbl_01817;12;dash_tbl_01028,dlk_tbl_01589,gob_tbl_00678,dlk_tbl_01359,dlk_tbl_01273,proc_tbl_00459,dash_tbl_00335,gob_ext_00392,gob_ext_00404,dlk_ext_00101,gob_ext_00321,dlk_ext_00190
dash_proceso_0054;4;dlk_tbl_01111,gob_tbl_01496,dlk_tbl_01868,gob_tbl_02010;9;gob_tbl_01304,dlk_tbl_00219,gob_tbl_01292,gob_tbl_00498,dlk_tbl_01483,gob_ext_00008,gob_ext_00369,proc_ext_00424,dash_ext_00103
dlk_proceso_0055;2;dlk_tbl_00388,gob_tbl_00177;13;dlk_tbl_01510,dlk_tbl_01950,gob_tbl_00963,dlk_tbl_00835,dlk_tbl_00429,dlk_tbl_01232,dlk_tbl_02146,gob_ext_00032,gob_ext_00269,gob_ext_00306,gob_ext_00184,proc_ext_00390,dlk_ext_00155
gob_proceso_0056;4;gob_tbl_01053,gob_tbl_00994,dash_tbl_00624,proc_tbl_01681;10;dash_tbl_01742,dlk_tbl_01001,gob_tbl_00653,gob_tbl_01778,gob_tbl_00761,dlk_tbl_01957,m4sco_ext_00164,dash_ext_00103,dlk_ext_00416,proc_ext_00383
dlk_proceso_0057;5;dlk_tbl_01486,dlk_tbl_01383,gob_tbl_01319,gob_tbl_00121,dlk_tbl_01268;16;gob_tbl_02189,gob_tbl_01079,gob_tbl_02163,gob_tbl_00435,gob_tbl_00321,dlk_tbl_02023,dash_tbl_01762,dlk_tbl_00557,dash_tbl_01189,gob_ext_00357,gob_ext_00128,dlk_ext_00370,proc_ext_00247,dlk_ext_00318,dlk_ext_00254,gob_ext_00200
dlk_proceso_0058;4;proc_tbl_02042,ppn_tbl_00766,gob_tbl_00896,dlk_tbl_01951;7;dlk_tbl_01071,dlk_tbl_01387,gob_tbl_00681,gob_tbl_01576,dlk_ext_00106,dash_ext_00070,dlk_ext_00150
dash_proceso_0059;5;std_tbl_01709,dlk_tbl_01325,dlk_tbl_02133,dlk_tbl_00893,dash_tbl_02009;13;dlk_tbl_02188,gob_tbl_00270,gob_tbl_00809,dlk_tbl_02130,std_tbl_01942,dlk_tbl_00878,proc_tbl_00732,dlk_ext_00067,dash_ext_00075,dlk_ext_00352,gob_ext_00121,dlk_ext_00106,proc_ext_00253
dlk_proceso_0060;5;m4sco_tbl_00907,gob_tbl_01083,gob_tbl_01839,dlk_tbl_01345,std_tbl_00092;12;dlk_tbl_00819,gob_tbl_01304,gob_tbl_02165,gob_tbl_02100,gob_tbl_00687,gob_tbl_01551,gob_tbl_00576,gob_ext_00257,proc_ext_00349,gob_ext_00236,gob_ext_00031,dlk_ext_00429
dlk_proceso_0061;7;proc_tbl_02104,gob_tbl_01446,gob_tbl_00492,dlk_tbl_00465,dlk_tbl_01730,dlk_tbl_00632,dlk_tbl_00173;6;dlk_tbl_01387,gob_tbl_01205,proc_tbl_01686,gob_ext_00376,dlk_ext_00053,dlk_ext_00419
dlk_proceso_0062;5;dlk_tbl_00402,dlk_tbl_01273,proc_tbl_00023,dlk_tbl_00984,gob_tbl_01021;8;dlk_tbl_02035,gob_tbl_01347,proc_tbl_00338,dlk_tbl_01964,dlk_tbl_00303,std_ext_00311,dlk_ext_00180,proc_ext_00162
dash_proceso_0063;4;std_tbl_01235,gob_tbl_01066,dlk_tbl_00803,dlk_tbl_01367;4;dash_tbl_02138,gob_tbl_01015,gob_ext_00149,dlk_ext_00029
dlk_proceso_0064;4;gob_tbl_01056,dlk_tbl_01049,dlk_tbl_00421,gob_tbl_01290;4;dlk_tbl_00434,dlk_tbl_00757,gob_ext_00410,gob_ext_00185
proc_proceso_0065;5;gob_tbl_02110,gob_tbl_01416,gob_tbl_01800,dlk_tbl_01033,dlk_tbl_00208;8;gob_tbl_01727,dlk_tbl_00869,dlk_tbl_02133,gob_tbl_01802,gob_tbl_02165,gob_ext_00286,gob_ext_00117,gob_ext_00031
dlk_proceso_0066;4;dlk_tbl_02173,gob_tbl_00666,dlk_tbl_01306,gob_tbl_00080;7;dlk_tbl_00172,dash_tbl_00261,m4vw_tbl_01177,dlk_tbl_00507,dlk_ext_00426,gob_ext_00395,gob_ext_00216
proc_proceso_0067;6;gob_tbl_00326,gob_tbl_01094,m4vw_tbl_01287,dlk_tbl_01125,gob_tbl_00774,proc_tbl_00501;9;proc_tbl_01039,gob_tbl_00018,dlk_tbl_00999,gob_tbl_01719,m4sco_tbl_01736,dlk_ext_00129,proc_ext_00222,proc_ext_00210,gob_ext_00108
dlk_proceso_0068;3;dlk_tbl_01816,dlk_tbl_02192,gob_tbl_01113;13;proc_tbl_00781,gob_tbl_00427,dlk_tbl_01857,dlk_tbl_01957,dash_tbl_00198,gob_tbl_02191,gob_tbl_00663,gob_ext_00400,proc_ext_00298,dlk_ext_00325,dash_ext_00070,dlk_ext_00398,dlk_ext_00233
dlk_proceso_0069;6;gob_tbl_02165,dlk_tbl_01453,proc_tbl_01435,std_tbl_00484,std_tbl_00394,gob_tbl_01627;4;proc_tbl_00708,gob_tbl_00410,gob_ext_00095,proc_ext_00141
gob_proceso_0070;5;dlk_tbl_02072,gob_tbl_00438,dash_tbl_02140,m4sco_tbl_01295,dlk_tbl_01470;9;dlk_tbl_00636,proc_tbl_01450,gob_tbl_00116,gob_tbl_01561,dlk_tbl_00627,dlk_ext_00314,dlk_ext_00230,dlk_ext_00341,m4sco_ext_00164
dlk_proceso_0071;3;gob_tbl_00487,m4sco_tbl_01736,gob_tbl_01699;11;dlk_tbl_00395,proc_tbl_01143,gob_tbl_01509,gob_tbl_00789,dlk_tbl_00467,gob_tbl_01073,dlk_ext_00302,gob_ext_00083,std_ext_00311,m4vw_ext_00038,dlk_ext_00416
proc_proceso_0072;3;gob_tbl_01272,gob_tbl_02011,gob_tbl_00964;5;dlk_tbl_00110,dlk_tbl_00329,dlk_tbl_01694,dlk_ext_00319,m4vw_ext_00218
gob_proceso_0073;5;proc_tbl_01172,ppn_tbl_01754,dlk_tbl_00424,gob_tbl_00171,dlk_tbl_00762;19;gob_tbl_01791,dlk_tbl_00027,gob_tbl_01093,dlk_tbl_01366,gob_tbl_01226,dlk_tbl_01687,dlk_tbl_00374,proc_tbl_02105,dlk_tbl_02076,m4sco_tbl_00122,dash_tbl_01484,gob_ext_00130,dlk_ext_00416,dash_ext_00360,proc_ext_00327,dash_ext_00258,proc_ext_00247,dlk_ext_00314,gob_ext_00216
proc_proceso_0074;4;dlk_tbl_01415,dlk_tbl_00221,gob_tbl_00880,dlk_tbl_00110;14;gob_tbl_01578,gob_tbl_01188,dlk_tbl_01217,std_tbl_00229,gob_tbl_01684,gob_tbl_01656,gob_tbl_00113,dash_tbl_02167,dlk_ext_00073,gob_ext_00152,gob_ext_00395,proc_ext_00217,proc_ext_00390,gob_ext_00187
gob_proceso_0075;3;dlk_tbl_00395,dlk_tbl_02061,dlk_tbl_00541;9;dash_tbl_01465,m4sco_tbl_00196,dlk_tbl_00045,proc_tbl_00151,dlk_tbl_00439,dlk_ext_00106,gob_ext_00332,gob_ext_00396,ppn_ext_00351
dlk_proceso_0076;2;dash_tbl_01337,gob_tbl_01127;13;m4sco_tbl_00196,dlk_tbl_01490,dash_tbl_01955,dash_tbl_02157,gob_tbl_00680,gob_tbl_00896,proc_tbl_01315,gob_ext_00329,dlk_ext_00046,m4vw_ext_00088,dlk_ext_00421,dlk_ext_00303,proc_ext_00222
gob_proceso_0077;6;proc_tbl_00114,dlk_tbl_00056,dlk_tbl_00504,dash_tbl_02065,proc_tbl_01343,dash_tbl_00205;15;gob_tbl_01093,gob_tbl_01833,gob_tbl_00736,std_tbl_00115,dlk_tbl_01950,dlk_tbl_01987,dlk_tbl_00026,gob_tbl_00841,dlk_tbl_00245,proc_ext_00043,gob_ext_00272,gob_ext_00220,gob_ext_00128,dlk_ext_00228,gob_ext_00147
gob_proceso_0078;6;dlk_tbl_01652,proc_tbl_02120,gob_tbl_00403,gob_tbl_00652,dlk_tbl_00553,proc_tbl_00022;4;dash_tbl_00158,dlk_tbl_00869,dlk_ext_00214,m4vw_ext_00218
proc_proceso_0079;2;proc_tbl_00102,gob_tbl_00973;9;gob_tbl_01218,dlk_tbl_01030,gob_tbl_00419,dlk_tbl_01698,dash_tbl_00158,dlk_ext_00173,gob_ext_00117,dash_ext_00250,gob_ext_00365
dlk_proceso_0080;4;gob_tbl_01820,gob_tbl_01226,dlk_tbl_01138,dlk_tbl_00866;8;gob_tbl_01927,dlk_tbl_00239,dlk_tbl_00782,dlk_tbl_02185,gob_tbl_00314,gob_ext_00102,dlk_ext_00199,gob_ext_00140
gob_proceso_0081;3;gob_tbl_00269,dash_tbl_01183,dash_tbl_01513;13;gob_tbl_00964,gob_tbl_02178,dlk_tbl_00496,std_tbl_00976,dlk_tbl_01331,gob_tbl_00891,gob_tbl_00410,gob_ext_00117,gob_ext_00198,gob_ext_00121,dlk_ext_00420,proc_ext_00293,gob_ext_00268
dlk_proceso_0082;3;dlk_tbl_02146,gob_tbl_02107,dlk_tbl_01601;13;gob_tbl_00924,gob_tbl_01678,proc_tbl_01714,gob_tbl_00699,gob_tbl_00035,dlk_tbl_01352,m4vw_tbl_00279,dlk_ext_00180,gob_ext_00414,dlk_ext_00133,dlk_ext_00213,gob_ext_00120,dash_ext_00103
gob_proceso_0083;4;dlk_tbl_01993,proc_tbl_02094,dlk_tbl_01497,dash_tbl_01189;10;gob_tbl_01906,dash_tbl_02057,gob_tbl_01078,gob_tbl_01304,gob_tbl_00201,dlk_tbl_01142,dlk_ext_00230,dlk_ext_00333,dlk_ext_00361,proc_ext_00288
dlk_proceso_0084;4;m4sco_tbl_01442,dlk_tbl_01536,dash_tbl_01197,gob_tbl_01886;10;dlk_tbl_01003,dlk_tbl_00778,dlk_tbl_01322,dlk_tbl_02160,dlk_tbl_00236,gob_tbl_01094,dlk_ext_00318,dlk_ext_00214,m4sco_ext_00166,gob_ext_00350
proc_proceso_0085;4;dlk_tbl_01921,m4vw_tbl_00272,dlk_tbl_00241,gob_tbl_01194;6;dash_tbl_01776,dlk_tbl_01434,gob_tbl_01848,dlk_ext_00381,gob_ext_00342,dash_ext_00430
dlk_proceso_0086;6;gob_tbl_00852,std_tbl_00098,dlk_tbl_01893,gob_tbl_02177,gob_tbl_00580,gob_tbl_01086;15;gob_tbl_00848,gob_tbl_02054,gob_tbl_01267,dlk_tbl_00582,proc_tbl_01512,dlk_tbl_00917,gob_tbl_01622,gob_tbl_01161,gob_tbl_01346,gob_ext_00093,dlk_ext_00418,gob_ext_00350,gob_ext_00365,proc_ext_00339,gob_ext_00090
dlk_proceso_0087;6;dlk_tbl_01003,dlk_tbl_00161,gob_tbl_02027,dash_tbl_01028,gob_tbl_01192,dlk_tbl_02012;16;dash_tbl_00440,gob_tbl_01469,gob_tbl_00514,dlk_tbl_00638,gob_tbl_00759,proc_tbl_00995,dlk_tbl_00869,gob_tbl_02180,gob_tbl_01505,gob_ext_00286,gob_ext_00060,gob_ext_00049,gob_ext_00128,dlk_ext_00071,dlk_ext_00420,dash_ext_00435
gob_proceso_0088;2;dlk_tbl_01858,dash_tbl_01185;9;dlk_tbl_00999,dash_tbl_01404,dlk_tbl_02014,gob_tbl_00490,dlk_tbl_00262,m4vw_ext_00088,gob_ext_00082,dlk_ext_00065,gob_ext_00334
dlk_proceso_0089;3;gob_tbl_00085,gob_tbl_00258,gob_tbl_00649;13;dlk_tbl_01144,dlk_tbl_01536,dlk_tbl_01940,proc_tbl_00459,gob_tbl_00556,gob_tbl_01131,dlk_tbl_00293,m4sco_ext_00408,gob_ext_00187,gob_ext_00332,dlk_ext_00203,dlk_ext_00419,dlk_ext_00214
dash_proceso_0090;2;gob_tbl_01292,dlk_tbl_01411;5;proc_tbl_00800,proc_tbl_00391,dlk_tbl_01121,dlk_ext_00419,proc_ext_00182
gob_proceso_0091;7;dlk_tbl_00450,gob_tbl_00836,gob_tbl_02068,dlk_tbl_00075,gob_tbl_01979,dlk_tbl_01595,dlk_tbl_00152;4;proc_tbl_00991,dlk_tbl_01884,gob_ext_00028,gob_ext_00332
dlk_proceso_0092;8;dlk_tbl_00293,dlk_tbl_01321,proc_tbl_00066,gob_tbl_01260,gob_tbl_00963,dlk_tbl_01356,gob_tbl_00885,gob_tbl_01249;7;dlk_tbl_00146,gob_tbl_00269,proc_tbl_00564,gob_tbl_01544,gob_ext_00097,dlk_ext_00432,gob_ext_00146
dlk_proceso_0093;3;gob_tbl_00863,dlk_tbl_00746,gob_tbl_01333;9;dlk_tbl_01475,dlk_tbl_01852,gob_tbl_01622,dash_tbl_01526,dlk_tbl_01821,dlk_ext_00335,dlk_ext_00418,proc_ext_00239,proc_ext_00331
gob_proceso_0094;4;gob_tbl_01833,gob_tbl_02109,dash_tbl_01690,dlk_tbl_00429;9;gob_tbl_01361,gob_tbl_01405,dlk_tbl_01344,dlk_tbl_01303,proc_tbl_00915,dlk_ext_00318,gob_ext_00270,gob_ext_00301,std_ext_00022
gob_proceso_0095;6;dash_tbl_00037,gob_tbl_01004,dlk_tbl_01190,dlk_tbl_01142,std_tbl_01823,gob_tbl_01262;9;gob_tbl_00748,proc_tbl_01973,dlk_tbl_00482,gob_tbl_01699,m4vw_tbl_00252,gob_ext_00123,gob_ext_00304,gob_ext_00086,proc_ext_00246
dash_proceso_0096;6;proc_tbl_01223,gob_tbl_01211,gob_tbl_00078,gob_tbl_00309,dlk_tbl_01424,proc_tbl_01088;9;proc_tbl_02028,dash_tbl_00335,dlk_tbl_00235,proc_tbl_01307,dlk_tbl_00533,gob_ext_00130,dlk_ext_00297,proc_ext_00158,dlk_ext_00080
dash_proceso_0097;5;gob_tbl_01357,gob_tbl_00512,dash_tbl_00406,gob_tbl_01806,gob_tbl_01914;19;dlk_tbl_01598,gob_tbl_01682,dlk_tbl_01940,dash_tbl_00624,gob_tbl_01193,dlk_tbl_01321,dlk_tbl_01575,dlk_tbl_01601,gob_tbl_01784,gob_tbl_00486,dlk_tbl_00274,gob_ext_00184,dlk_ext_00233,dlk_ext_00428,gob_ext_00049,gob_ext_00312,gob_ext_00226,dash_ext_00007,dlk_ext_00389
dlk_proceso_0098;4;dlk_tbl_00235,ppn_tbl_01038,dlk_tbl_02087,dlk_tbl_00987;9;gob_tbl_01593,dlk_tbl_01902,proc_tbl_00986,dlk_tbl_01281,std_tbl_01863,dlk_ext_00125,dlk_ext_00370,dlk_ext_00136,proc_ext_00127
dlk_proceso_0099;5;proc_tbl_00564,dlk_tbl_01501,dlk_tbl_00794,dlk_tbl_00393,gob_tbl_00912;12;dash_tbl_01724,dlk_tbl_01060,dash_tbl_00373,dash_tbl_00416,dlk_tbl_01466,gob_tbl_00659,gob_tbl_00247,dlk_ext_00358,dlk_ext_00076,m4vw_ext_00088,proc_ext_00064,dlk_ext_00154
dlk_proceso_0100;5;dlk_tbl_01132,dlk_tbl_02051,gob_tbl_01160,dlk_tbl_01953,dash_tbl_02098;12;dlk_tbl_01639,gob_tbl_00018,gob_tbl_00113,gob_tbl_01723,dlk_tbl_00718,proc_tbl_00265,gob_tbl_02017,gob_ext_00081,dlk_ext_00427,gob_ext_00078,gob_ext_00072,dlk_ext_00319
dash_proceso_0101;7;dlk_tbl_00414,std_tbl_00911,gob_tbl_01374,dlk_tbl_00007,dlk_tbl_00323,gob_tbl_00311,dlk_tbl_00245;10;gob_tbl_00796,dlk_tbl_01530,m4sco_tbl_01295,gob_tbl_00660,std_tbl_01713,gob_tbl_01114,gob_ext_00122,proc_ext_00141,dlk_ext_00129,gob_ext_00157
proc_proceso_0102;3;gob_tbl_01229,dlk_tbl_00280,gob_tbl_01212;9;gob_tbl_00460,gob_tbl_00550,dash_tbl_00155,dlk_tbl_00627,gob_tbl_01234,proc_ext_00246,dlk_ext_00190,dlk_ext_00370,m4sco_ext_00166
gob_proceso_0103;4;gob_tbl_01648,gob_tbl_00088,dlk_tbl_01316,gob_tbl_00802;6;dlk_tbl_01503,m4sco_tbl_01635,proc_tbl_02042,dlk_ext_00203,dlk_ext_00036,proc_ext_00331
gob_proceso_0104;5;dlk_tbl_01340,dlk_tbl_00871,dlk_tbl_01372,gob_tbl_00268,dlk_tbl_00934;8;dlk_tbl_01481,dlk_tbl_00900,gob_tbl_02024,dash_tbl_00335,gob_tbl_00855,gob_ext_00295,dlk_ext_00302,gob_ext_00268
dlk_proceso_0105;6;gob_tbl_00061,dlk_tbl_00399,gob_tbl_01379,gob_tbl_01087,dlk_tbl_00612,gob_tbl_01725;6;gob_tbl_01767,gob_tbl_01354,dlk_tbl_00447,dlk_ext_00427,gob_ext_00177,dlk_ext_00136
dlk_proceso_0106;4;dlk_tbl_02101,m4sco_tbl_01619,proc_tbl_00057,proc_tbl_00459;17;dlk_tbl_02185,proc_tbl_01566,proc_tbl_02030,dlk_tbl_00532,gob_tbl_00454,dlk_tbl_00611,dlk_tbl_02096,dash_tbl_00047,dlk_tbl_01275,dlk_tbl_00746,gob_ext_00236,dlk_ext_00101,dlk_ext_00401,gob_ext_00369,dlk_ext_00388,gob_ext_00005,proc_ext_00061
gob_proceso_0107;6;dlk_tbl_02004,gob_tbl_01682,proc_tbl_00256,proc_tbl_01545,dlk_tbl_00783,dlk_tbl_02188;10;dash_tbl_01430,proc_tbl_00825,gob_tbl_00736,gob_tbl_01719,dlk_tbl_01694,m4sco_tbl_01461,dlk_ext_00429,gob_ext_00295,dlk_ext_00016,proc_ext_00339
dlk_proceso_0108;5;proc_tbl_00230,proc_tbl_00437,dash_tbl_01318,gob_tbl_00116,gob_tbl_01045;14;dlk_tbl_01457,dlk_tbl_01875,dlk_tbl_00452,gob_tbl_02049,dash_tbl_01183,dlk_tbl_01149,gob_tbl_01616,dash_tbl_02141,dlk_ext_00213,ppn_ext_00405,m4sco_ext_00164,gob_ext_00008,dlk_ext_00370,proc_ext_00162
dash_proceso_0109;6;gob_tbl_02074,gob_tbl_00888,m4vw_tbl_01926,dash_tbl_00755,proc_tbl_01096,std_tbl_01898;6;m4vw_tbl_00252,gob_tbl_00521,std_tbl_01863,dlk_ext_00169,gob_ext_00337,dlk_ext_00416
proc_proceso_0110;4;gob_tbl_00989,dlk_tbl_00658,gob_tbl_01626,proc_tbl_01865;10;std_tbl_01825,gob_tbl_00321,gob_tbl_00028,dlk_tbl_00881,dlk_tbl_01993,gob_tbl_01441,gob_ext_00117,gob_ext_00332,dlk_ext_00011,std_ext_00237
proc_proceso_0111;7;proc_tbl_00341,dlk_tbl_00428,gob_tbl_00150,dlk_tbl_00186,gob_tbl_00243,dlk_tbl_01758,gob_tbl_00873;20;proc_tbl_00995,gob_tbl_01231,proc_tbl_00441,dash_tbl_01440,gob_tbl_00142,dlk_tbl_01169,dash_tbl_00205,proc_tbl_01237,m4vw_tbl_00345,proc_tbl_02168,gob_tbl_01703,ppn_tbl_00332,gob_ext_00227,dlk_ext_00296,proc_ext_00178,gob_ext_00208,gob_ext_00216,dlk_ext_00203,dash_ext_00317,gob_ext_00332
gob_proceso_0112;5;dlk_tbl_00466,gob_tbl_01349,gob_tbl_00727,proc_tbl_00137,dlk_tbl_01221;5;gob_tbl_01272,dlk_tbl_00817,proc_tbl_00800,dash_ext_00320,gob_ext_00200
gob_proceso_0113;5;dlk_tbl_00807,dlk_tbl_00751,dlk_tbl_01151,gob_tbl_00761,gob_tbl_00667;10;dlk_tbl_00161,proc_tbl_01711,gob_tbl_01413,m4vw_tbl_01177,proc_tbl_00995,gob_tbl_00598,dlk_ext_00233,gob_ext_00208,gob_ext_00269,gob_ext_00365
dlk_proceso_0114;3;dlk_tbl_00696,m4sco_tbl_00884,dlk_tbl_00513;14;gob_tbl_01587,gob_tbl_00324,dlk_tbl_00388,gob_tbl_02163,dlk_tbl_01950,gob_tbl_00055,dlk_tbl_00405,gob_tbl_01723,dlk_ext_00352,proc_ext_00234,dlk_ext_00181,gob_ext_00185,gob_ext_00005,dlk_ext_00401
gob_proceso_0115;5;proc_tbl_00948,dlk_tbl_00434,gob_tbl_01225,dlk_tbl_00773,dlk_tbl_01305;5;gob_tbl_00488,dash_tbl_00275,dlk_tbl_01259,m4sco_ext_00166,gob_ext_00334
proc_proceso_0116;5;dlk_tbl_01981,gob_tbl_01612,gob_tbl_02134,dlk_tbl_00303,proc_tbl_01602;7;dash_tbl_00457,gob_tbl_01773,gob_tbl_00446,dlk_tbl_00757,proc_ext_00178,gob_ext_00117,dlk_ext_00111
proc_proceso_0117;9;dlk_tbl_00669,dlk_tbl_01263,dlk_tbl_01570,proc_tbl_01838,gob_tbl_01389,dlk_tbl_00134,gob_tbl_02112,gob_tbl_01073,dlk_tbl_01100;14;gob_tbl_00142,dlk_tbl_02133,gob_tbl_01684,proc_tbl_00781,dlk_tbl_00695,dlk_tbl_01202,dlk_tbl_00051,proc_tbl_01901,gob_ext_00321,gob_ext_00304,dlk_ext_00194,dash_ext_00317,dlk_ext_00276,dash_ext_00250
gob_proceso_0118;3;dlk_tbl_01095,gob_tbl_01454,gob_tbl_00738;14;proc_tbl_01233,gob_tbl_01386,gob_tbl_02189,proc_tbl_00511,dlk_tbl_00027,gob_tbl_01436,dlk_tbl_01598,proc_tbl_00646,proc_ext_00424,gob_ext_00097,std_ext_00237,dlk_ext_00352,gob_ext_00123,gob_ext_00126
dlk_proceso_0119;4;gob_tbl_00550,proc_tbl_00545,gob_tbl_00833,dlk_tbl_01530;17;dlk_tbl_00942,gob_tbl_00356,dlk_tbl_00819,dlk_tbl_00238,dlk_tbl_01694,gob_tbl_01192,m4sco_tbl_01619,gob_tbl_01413,gob_tbl_01225,dlk_tbl_00401,proc_ext_00043,dlk_ext_00425,dlk_ext_00265,dlk_ext_00426,dlk_ext_00310,dlk_ext_00377,gob_ext_00028
gob_proceso_0120;2;m4vw_tbl_00538,gob_tbl_00339;12;dash_tbl_02092,gob_tbl_01502,proc_tbl_00049,proc_tbl_01134,gob_tbl_02135,gob_tbl_00356,gob_tbl_01078,dash_ext_00260,gob_ext_00376,dlk_ext_00125,proc_ext_00062,dlk_ext_00098
dlk_proceso_0121;3;gob_tbl_00719,dlk_tbl_00906,dlk_tbl_02026;14;gob_tbl_01272,proc_tbl_00071,dash_tbl_02044,gob_tbl_00356,gob_tbl_01349,gob_tbl_00121,std_tbl_00375,dlk_tbl_00044,dlk_ext_00406,dlk_ext_00307,dlk_ext_00020,gob_ext_00186,gob_ext_00072,dlk_ext_00213
proc_proceso_0122;2;gob_tbl_01119,gob_tbl_00185;12;gob_tbl_00818,dlk_tbl_02005,dlk_tbl_00127,dlk_tbl_00670,dlk_tbl_00186,dlk_tbl_01598,dlk_tbl_01144,dlk_ext_00297,dlk_ext_00003,gob_ext_00126,proc_ext_00383,std_ext_00134
dlk_proceso_0123;6;gob_tbl_00165,proc_tbl_01659,proc_tbl_01890,gob_tbl_01984,proc_tbl_00637,gob_tbl_00232;10;dlk_tbl_01439,dlk_tbl_00120,dlk_tbl_00148,dash_tbl_01617,proc_tbl_01900,dlk_tbl_01031,proc_ext_00327,std_ext_00311,dlk_ext_00302,proc_ext_00043
proc_proceso_0124;5;dash_tbl_01002,proc_tbl_00425,dlk_tbl_02160,proc_tbl_00265,dash_tbl_01116;14;gob_tbl_02093,gob_tbl_01292,dlk_tbl_00641,dash_tbl_01465,dlk_tbl_01382,gob_tbl_00785,gob_tbl_00808,gob_tbl_01347,dlk_ext_00116,gob_ext_00404,dash_ext_00240,gob_ext_00185,gob_ext_00321,dlk_ext_00039
dlk_proceso_0125;4;dash_tbl_01761,proc_tbl_00723,dlk_tbl_01215,dlk_tbl_01210;8;gob_tbl_01723,gob_tbl_01916,proc_tbl_01491,gob_tbl_01719,dash_tbl_01555,dlk_ext_00333,dlk_ext_00280,gob_ext_00270
gob_proceso_0126;4;proc_tbl_01070,gob_tbl_01685,dlk_tbl_00286,dash_tbl_02157;7;gob_tbl_00619,gob_tbl_02093,dlk_tbl_00762,dlk_tbl_00500,gob_ext_00382,gob_ext_00117,dash_ext_00320
dash_proceso_0127;6;proc_tbl_00986,dlk_tbl_00715,m4vw_tbl_01162,dlk_tbl_01130,dlk_tbl_01640,dlk_tbl_01749;16;std_tbl_00683,proc_tbl_00931,gob_tbl_00678,dlk_tbl_01303,gob_tbl_01775,dlk_tbl_00363,dlk_tbl_01463,gob_tbl_00840,m4vw_tbl_00279,gob_ext_00342,gob_ext_00027,dlk_ext_00125,dlk_ext_00416,dlk_ext_00106,dash_ext_00266,dlk_ext_00142
dlk_proceso_0128;5;proc_tbl_01566,dlk_tbl_01639,gob_tbl_00328,dlk_tbl_00515,dlk_tbl_01805;19;gob_tbl_02024,gob_tbl_01538,dlk_tbl_00346,dlk_tbl_01607,gob_tbl_00957,dlk_tbl_01437,dlk_tbl_00849,gob_tbl_00728,dlk_tbl_00871,proc_tbl_01164,gob_tbl_01587,gob_ext_00207,gob_ext_00018,dlk_ext_00416,std_ext_00277,dlk_ext_00368,gob_ext_00032,dlk_ext_00432,dash_ext_00100
proc_proceso_0129;3;gob_tbl_01971,gob_tbl_01370,proc_tbl_00404;14;gob_tbl_00313,m4vw_tbl_01915,gob_tbl_01767,gob_tbl_00427,dlk_tbl_00300,gob_tbl_02107,gob_tbl_00433,dlk_tbl_01843,gob_ext_00384,dlk_ext_00180,proc_ext_00062,dash_ext_00278,gob_ext_00137,gob_ext_00095
dlk_proceso_0130;2;dlk_tbl_00464,dlk_tbl_02130;6;dash_tbl_00271,dash_tbl_00743,proc_tbl_00151,dlk_ext_00211,gob_ext_00208,dlk_ext_00335
dlk_proceso_0131;5;gob_tbl_01836,std_tbl_01855,gob_tbl_01739,proc_tbl_01315,gob_tbl_02178;14;dlk_tbl_02005,dash_tbl_00357,gob_tbl_01748,gob_tbl_00445,gob_tbl_01505,proc_tbl_01729,proc_tbl_02022,gob_tbl_00490,std_ext_00022,dash_ext_00250,dlk_ext_00265,gob_ext_00130,m4sco_ext_00034,gob_ext_00185
proc_proceso_0132;2;gob_tbl_01936,dlk_tbl_00902;8;dash_tbl_01722,dlk_tbl_01433,dash_tbl_00559,proc_tbl_01931,gob_tbl_01824,gob_ext_00374,dlk_ext_00190,dlk_ext_00228
proc_proceso_0133;5;m4vw_tbl_00679,dlk_tbl_01468,gob_tbl_00455,dash_tbl_00373,proc_tbl_01912;4;dlk_tbl_01584,proc_tbl_01865,gob_ext_00306,dlk_ext_00144
proc_proceso_0134;4;dlk_tbl_01317,gob_tbl_02015,gob_tbl_01850,proc_tbl_00168;13;gob_tbl_01386,proc_tbl_00456,proc_tbl_01264,m4sco_tbl_00196,dlk_tbl_01882,dlk_tbl_00494,gob_tbl_00974,gob_ext_00097,dlk_ext_00174,gob_ext_00400,gob_ext_00099,gob_ext_00184,dlk_ext_00398
dlk_proceso_0135;3;dlk_tbl_00705,dlk_tbl_01285,gob_tbl_01837;9;proc_tbl_02097,dlk_tbl_01489,dash_tbl_00559,dlk_tbl_01195,gob_tbl_01160,gob_ext_00304,gob_ext_00268,proc_ext_00390,gob_ext_00198
proc_proceso_0136;2;gob_tbl_01916,dlk_tbl_02166;5;gob_tbl_01476,gob_tbl_00080,dlk_tbl_01970,dlk_ext_00003,dlk_ext_00150
dlk_proceso_0137;5;dlk_tbl_01207,dlk_tbl_00146,proc_tbl_00931,gob_tbl_01441,dlk_tbl_00238;11;proc_tbl_00391,gob_tbl_01886,gob_tbl_01755,dlk_tbl_00946,gob_tbl_00719,proc_tbl_00412,gob_ext_00187,gob_ext_00108,dlk_ext_00203,dlk_ext_00133,dlk_ext_00406
gob_proceso_0138;4;dlk_tbl_01594,gob_tbl_01464,gob_tbl_02089,dash_tbl_01555;7;gob_tbl_01509,gob_tbl_01272,proc_tbl_01712,proc_tbl_02186,gob_ext_00371,dlk_ext_00265,dlk_ext_00368
dlk_proceso_0139;6;dash_tbl_02044,proc_tbl_01460,dlk_tbl_01883,dlk_tbl_01895,gob_tbl_00765,dlk_tbl_00734;9;proc_tbl_01223,gob_tbl_00821,gob_tbl_01587,gob_tbl_01767,dlk_tbl_02072,dlk_ext_00315,gob_ext_00376,dlk_ext_00065,gob_ext_00343
dlk_proceso_0140;7;gob_tbl_00446,gob_tbl_01418,gob_tbl_00318,dash_tbl_01369,proc_tbl_01137,m4sco_tbl_01635,m4sco_tbl_01461;10;proc_tbl_01120,gob_tbl_00759,dlk_tbl_00034,gob_tbl_01220,dlk_tbl_00303,proc_tbl_00643,gob_ext_00048,dlk_ext_00125,std_ext_00277,proc_ext_00331
dlk_proceso_0141;6;gob_tbl_00113,proc_tbl_01074,dlk_tbl_00287,gob_tbl_00247,gob_tbl_01830,gob_tbl_01943;15;dlk_tbl_01935,proc_tbl_01253,proc_tbl_01102,dlk_tbl_00672,dlk_tbl_00099,dash_tbl_01761,dlk_tbl_01387,gob_tbl_01288,proc_tbl_01167,dlk_ext_00133,gob_ext_00074,dlk_ext_00171,gob_ext_00026,dlk_ext_00174,dlk_ext_00053
gob_proceso_0142;4;dlk_tbl_00853,dlk_tbl_00784,gob_tbl_00063,dlk_tbl_02103;6;gob_tbl_00728,dlk_tbl_00447,dlk_tbl_00262,dlk_ext_00101,dash_ext_00070,m4sco_ext_00096
dlk_proceso_0143;7;gob_tbl_02149,dlk_tbl_01997,dlk_tbl_00944,dlk_tbl_01434,dlk_tbl_00928,gob_tbl_00423,gob_tbl_00736;11;proc_tbl_01838,gob_tbl_01806,proc_tbl_00921,dlk_tbl_01521,proc_tbl_01198,dlk_tbl_01316,dlk_ext_00021,dash_ext_00070,gob_ext_00208,dash_ext_00240,dlk_ext_00432
dlk_proceso_0144;3;dlk_tbl_02036,dash_tbl_00656,dlk_tbl_00630;8;dlk_tbl_01966,gob_tbl_02000,gob_tbl_01697,dlk_tbl_01772,dlk_tbl_01305,proc_ext_00345,std_ext_00237,gob_ext_00207
dlk_proceso_0145;6;dash_tbl_01542,std_tbl_01998,dlk_tbl_00842,gob_tbl_00108,dash_tbl_01840,dlk_tbl_01992;13;gob_tbl_00438,dash_tbl_00642,dlk_tbl_00869,m4vw_tbl_00489,dlk_tbl_00264,dash_tbl_00947,gob_tbl_00251,dlk_ext_00325,gob_ext_00074,gob_ext_00304,gob_ext_00048,gob_ext_00031,dlk_ext_00023
dash_proceso_0146;4;proc_tbl_01959,gob_tbl_01218,std_tbl_01265,std_tbl_01175;4;dlk_tbl_00172,gob_tbl_01906,dlk_ext_00302,dlk_ext_00420
gob_proceso_0147;4;dlk_tbl_00824,dlk_tbl_00557,m4vw_tbl_01177,gob_tbl_02193;7;dlk_tbl_02173,gob_tbl_01431,gob_tbl_00828,gob_tbl_00837,dash_ext_00360,dlk_ext_00412,std_ext_00022
dlk_proceso_0148;6;dlk_tbl_00390,gob_tbl_00314,gob_tbl_01989,dlk_tbl_01925,dlk_tbl_00938,gob_tbl_00320;4;dlk_tbl_01489,gob_tbl_01051,dlk_ext_00398,dash_ext_00241
dlk_proceso_0149;5;gob_tbl_02060,proc_tbl_01711,dash_tbl_01644,gob_tbl_02137,gob_tbl_01785;13;gob_tbl_00420,dlk_tbl_00782,dlk_tbl_01503,m4vw_tbl_02041,dlk_tbl_01046,dash_tbl_00191,gob_tbl_00717,gob_ext_00332,gob_ext_00086,gob_ext_00270,gob_ext_00126,dlk_ext_00389,dlk_ext_00428
gob_proceso_0150;6;dlk_tbl_00878,gob_tbl_00785,gob_tbl_01124,proc_tbl_01901,gob_tbl_01267,proc_tbl_01269;6;proc_tbl_00643,gob_tbl_00888,gob_tbl_00328,dash_ext_00092,ppn_ext_00112,gob_ext_00313
gob_proceso_0151;3;dash_tbl_01801,proc_tbl_00520,dlk_tbl_00161;14;dlk_tbl_00782,std_tbl_00091,gob_tbl_01192,dlk_tbl_01316,dlk_tbl_01011,gob_tbl_01446,proc_tbl_00744,gob_tbl_01084,dlk_ext_00106,dash_ext_00250,std_ext_00311,gob_ext_00220,proc_ext_00417,dlk_ext_00058
dlk_proceso_0152;4;dlk_tbl_00533,dlk_tbl_00123,dlk_tbl_01716,gob_tbl_01312;6;proc_tbl_01039,gob_tbl_00571,gob_tbl_00337,dlk_ext_00421,dash_ext_00278,dlk_ext_00125
proc_proceso_0153;4;gob_tbl_00291,proc_tbl_00071,dlk_tbl_00147,dlk_tbl_00099;7;m4vw_tbl_01024,proc_tbl_01978,gob_tbl_01181,m4vw_tbl_01162,gob_ext_00384,proc_ext_00222,dlk_ext_00223
dlk_proceso_0154;2;gob_tbl_00410,gob_tbl_01697;15;dlk_tbl_00414,proc_tbl_00384,proc_tbl_00386,gob_tbl_00106,gob_tbl_00717,dlk_tbl_01060,gob_tbl_00775,dlk_tbl_00773,dash_tbl_01924,dlk_ext_00328,gob_ext_00321,dlk_ext_00172,gob_ext_00126,dlk_ext_00315,dlk_ext_00432
dlk_proceso_0155;6;m4sco_tbl_02122,gob_tbl_01157,dash_tbl_01440,dlk_tbl_01387,proc_tbl_01491,dlk_tbl_00629;6;dlk_tbl_02170,dlk_tbl_01479,gob_tbl_00677,dlk_ext_00314,gob_ext_00117,proc_ext_00239
proc_proceso_0156;5;gob_tbl_00164,m4vw_tbl_01928,proc_tbl_00342,gob_tbl_01563,gob_tbl_00206;13;gob_tbl_01820,dlk_tbl_00044,dlk_tbl_01735,dash_tbl_00647,gob_tbl_01083,dash_tbl_02071,dash_tbl_01724,gob_ext_00126,gob_ext_00238,m4sco_ext_00034,gob_ext_00093,gob_ext_00227,gob_ext_00185
proc_proceso_0157;3;gob_tbl_01532,gob_tbl_01561,gob_tbl_00528;9;dash_tbl_02044,gob_tbl_02060,dlk_tbl_01151,gob_tbl_00748,dlk_tbl_00803,gob_ext_00286,dash_ext_00282,gob_ext_00085,dash_ext_00092
dlk_proceso_0158;4;dlk_tbl_00336,dlk_tbl_01756,dlk_tbl_01657,gob_tbl_01386;12;gob_tbl_01822,dash_tbl_00273,dlk_tbl_00011,gob_tbl_00403,dlk_tbl_00819,proc_tbl_01254,dlk_tbl_00849,gob_ext_00055,gob_ext_00117,proc_ext_00293,dlk_ext_00418,gob_ext_00356
proc_proceso_0159;4;dlk_tbl_02083,ppn_tbl_00990,gob_tbl_00809,dlk_tbl_01382;11;dash_tbl_01006,dash_tbl_00457,dash_tbl_00089,std_tbl_00911,dlk_tbl_01410,gob_tbl_01719,gob_ext_00257,gob_ext_00323,gob_ext_00313,dash_ext_00159,dash_ext_00188
dash_proceso_0160;4;dlk_tbl_00641,std_tbl_01393,dlk_tbl_00119,dlk_tbl_00627;10;proc_tbl_01654,dlk_tbl_00308,gob_tbl_00964,m4vw_tbl_01903,gob_tbl_01684,dlk_tbl_01568,dlk_ext_00406,gob_ext_00245,dlk_ext_00065,gob_ext_00085
gob_proceso_0161;6;dlk_tbl_00233,gob_tbl_00576,dlk_tbl_00015,dlk_tbl_01344,proc_tbl_01729,gob_tbl_02024;11;dlk_tbl_00523,dlk_tbl_00713,gob_tbl_00330,gob_tbl_00736,gob_tbl_02080,proc_tbl_01039,proc_ext_00013,gob_ext_00108,dlk_ext_00275,gob_ext_00284,gob_ext_00140
gob_proceso_0162;3;proc_tbl_01323,proc_tbl_02148,proc_tbl_01517;5;std_tbl_01907,gob_tbl_02181,proc_tbl_01573,dlk_ext_00315,dlk_ext_00432
gob_proceso_0163;7;dlk_tbl_01786,proc_tbl_00200,dash_tbl_00647,gob_tbl_00497,m4sco_tbl_00949,dlk_tbl_01954,proc_tbl_00991;10;gob_tbl_01848,gob_tbl_01073,dash_tbl_00443,dlk_tbl_01584,gob_tbl_00889,dlk_tbl_00300,gob_ext_00147,std_ext_00054,gob_ext_00049,dlk_ext_00273
dlk_proceso_0164;6;proc_tbl_01777,dlk_tbl_01849,dlk_tbl_00634,dlk_tbl_00695,dash_tbl_00918,dlk_tbl_01887;9;gob_tbl_01969,dlk_tbl_00148,gob_tbl_01963,dlk_tbl_01251,proc_tbl_02148,gob_ext_00128,dlk_ext_00203,gob_ext_00404,dlk_ext_00318
proc_proceso_0165;3;gob_tbl_00974,gob_tbl_01918,dlk_tbl_02184;12;gob_tbl_02175,proc_tbl_01390,proc_tbl_01286,gob_tbl_01249,dlk_tbl_00452,gob_tbl_02045,std_tbl_01109,dlk_ext_00412,gob_ext_00130,dlk_ext_00305,dlk_ext_00380,dlk_ext_00144
dlk_proceso_0166;3;dlk_tbl_01633,dlk_tbl_01047,proc_tbl_00386;9;ppn_tbl_01038,dlk_tbl_01534,dash_tbl_00457,dlk_tbl_00757,dlk_tbl_00782,gob_ext_00152,gob_ext_00256,dlk_ext_00386,proc_ext_00246
proc_proceso_0167;3;proc_tbl_01171,dlk_tbl_00374,gob_tbl_00935;10;dlk_tbl_01908,dash_tbl_00070,gob_tbl_01346,proc_tbl_00404,proc_tbl_01307,gob_tbl_01234,gob_ext_00400,dash_ext_00092,std_ext_00054,proc_ext_00344
dlk_proceso_0168;4;gob_tbl_00777,dash_tbl_01556,dlk_tbl_01342,proc_tbl_02006;10;dlk_tbl_01191,gob_tbl_02156,gob_tbl_00939,dlk_tbl_01121,gob_tbl_00400,dlk_tbl_00374,gob_ext_00117,dlk_ext_00265,dlk_ext_00389,dlk_ext_00163
proc_proceso_0169;8;gob_tbl_00462,proc_tbl_02168,dash_tbl_00457,std_tbl_00128,dlk_tbl_00860,dash_tbl_02071,dlk_tbl_01995,gob_tbl_01362;23;gob_tbl_01420,gob_tbl_00556,dlk_tbl_01760,gob_tbl_00436,std_tbl_01175,dlk_tbl_01047,proc_tbl_01912,dlk_tbl_02125,dlk_tbl_01951,dlk_tbl_00026,dlk_tbl_00044,gob_tbl_00177,dlk_tbl_00187,proc_ext_00062,gob_ext_00117,dash_ext_00156,proc_ext_00061,dash_ext_00241,gob_ext_00031,dlk_ext_00265,dlk_ext_00173,gob_ext_00404,gob_ext_00413
proc_proceso_0170;4;proc_tbl_00503,proc_tbl_01134,dlk_tbl_00355,gob_tbl_00055;3;dlk_tbl_00104,dlk_tbl_00868,dlk_ext_00412
dlk_proceso_0171;6;dash_tbl_00673,gob_tbl_01719,gob_tbl_00603,dlk_tbl_00387,dlk_tbl_02014,dlk_tbl_00793;21;ppn_tbl_01038,gob_tbl_01146,proc_tbl_02097,gob_tbl_00940,proc_tbl_00391,dlk_tbl_00148,gob_tbl_00742,gob_tbl_00448,gob_tbl_01962,proc_tbl_01376,dlk_tbl_00707,dlk_tbl_01331,gob_ext_00313,dlk_ext_00347,gob_ext_00321,gob_ext_00342,gob_ext_00256,gob_ext_00334,dlk_ext_00190,dlk_ext_00254,gob_ext_00208
gob_proceso_0172;7;gob_tbl_00281,dash_tbl_00443,dlk_tbl_01443,dlk_tbl_00847,gob_tbl_00383,gob_tbl_00377,gob_tbl_00244;10;gob_tbl_00678,proc_tbl_01039,gob_tbl_00249,gob_tbl_00763,dlk_tbl_01792,dlk_tbl_01702,dash_ext_00241,gob_ext_00128,std_ext_00084,dlk_ext_00036
dlk_proceso_0173;3;dash_tbl_00741,m4vw_tbl_01599,dlk_tbl_00946;11;gob_tbl_00967,dlk_tbl_00735,dash_tbl_00440,proc_tbl_00971,dlk_tbl_01953,dlk_tbl_02146,dlk_ext_00325,gob_ext_00322,std_ext_00311,gob_ext_00393,gob_ext_00018
dlk_proceso_0174;3;gob_tbl_00371,gob_tbl_01118,dlk_tbl_00052;12;gob_tbl_00754,gob_tbl_00435,proc_tbl_01307,gob_tbl_01719,dash_tbl_00909,dlk_tbl_01534,dlk_tbl_01904,proc_ext_00431,gob_ext_00216,std_ext_00311,gob_ext_00371,gob_ext_00384
proc_proceso_0175;3;proc_tbl_01072,proc_tbl_00827,dlk_tbl_01341;17;dash_tbl_00959,gob_tbl_00989,gob_tbl_01551,dlk_tbl_01316,dlk_tbl_00510,dlk_tbl_00819,gob_tbl_01304,gob_tbl_01685,dlk_tbl_00093,proc_tbl_00977,gob_ext_00012,dlk_ext_00172,dash_ext_00422,gob_ext_00382,gob_ext_00262,dash_ext_00258,gob_ext_00107
dlk_proceso_0176;4;proc_tbl_00095,dash_tbl_01722,dlk_tbl_01957,proc_tbl_02158;11;proc_tbl_01973,dlk_tbl_01751,proc_tbl_00573,dlk_tbl_01169,dlk_tbl_01504,gob_tbl_01089,dlk_ext_00010,dlk_ext_00098,dlk_ext_00276,dlk_ext_00275,proc_ext_00339
gob_proceso_0177;4;gob_tbl_01737,dlk_tbl_02029,gob_tbl_02135,proc_tbl_01944;13;gob_tbl_01422,dash_tbl_00070,gob_tbl_01533,gob_tbl_00313,gob_tbl_01818,m4vw_tbl_00679,gob_tbl_01918,gob_ext_00382,gob_ext_00227,dlk_ext_00104,gob_ext_00268,dlk_ext_00389,dlk_ext_00302
gob_proceso_0178;5;gob_tbl_00699,proc_tbl_01746,proc_tbl_00412,std_tbl_01863,gob_tbl_00107;8;dash_tbl_02092,gob_tbl_00005,proc_tbl_00463,dlk_tbl_01698,proc_tbl_00362,gob_ext_00404,gob_ext_00121,gob_ext_00184
gob_proceso_0179;6;dlk_tbl_00001,gob_tbl_02115,dlk_tbl_00908,dlk_tbl_00062,dlk_tbl_00333,dlk_tbl_02166;15;gob_tbl_00351,gob_tbl_00812,proc_tbl_01171,dash_tbl_01556,proc_tbl_01583,dlk_tbl_01964,dlk_tbl_00026,gob_tbl_01284,gob_tbl_01523,dlk_ext_00363,gob_ext_00350,dlk_ext_00172,dash_ext_00070,dlk_ext_00205,std_ext_00022
proc_proceso_0180;3;gob_tbl_02155,dlk_tbl_01875,gob_tbl_00222;6;gob_tbl_00941,m4vw_tbl_01348,dlk_tbl_01933,dlk_ext_00361,gob_ext_00187,std_ext_00277
dash_proceso_0181;4;proc_tbl_01408,proc_tbl_00971,dash_tbl_01294,gob_tbl_02020;10;gob_tbl_02062,dlk_tbl_00900,m4sco_tbl_00907,gob_tbl_01053,gob_tbl_01626,dlk_tbl_01601,dlk_ext_00328,gob_ext_00031,gob_ext_00126,dlk_ext_00428
dash_proceso_0182;6;gob_tbl_00572,dlk_tbl_00044,proc_tbl_01559,dlk_tbl_01598,gob_tbl_01929,gob_tbl_02132;15;dlk_tbl_01527,gob_tbl_01822,dlk_tbl_01500,gob_tbl_00055,dlk_tbl_01433,gob_tbl_01266,dlk_tbl_00045,std_tbl_01863,gob_tbl_02191,gob_ext_00121,dlk_ext_00233,dash_ext_00070,gob_ext_00392,dlk_ext_00398,dlk_ext_00352
gob_proceso_0183;4;gob_tbl_01899,gob_tbl_00521,proc_tbl_01550,dlk_tbl_01694;11;dlk_tbl_02077,gob_tbl_01416,gob_tbl_02049,dlk_tbl_01046,dlk_tbl_02031,dlk_tbl_00956,dlk_ext_00416,dlk_ext_00432,dlk_ext_00161,gob_ext_00153,dlk_ext_00169
dlk_proceso_0184;4;proc_tbl_00364,gob_tbl_00201,gob_tbl_00688,m4vw_tbl_01903;7;dlk_tbl_01933,dlk_tbl_00815,dash_tbl_01189,proc_tbl_01209,dlk_ext_00094,proc_ext_00178,gob_ext_00262
gob_proceso_0185;5;gob_tbl_00074,proc_tbl_00972,gob_tbl_00255,dash_tbl_00416,dlk_tbl_00183;7;proc_tbl_01645,dash_tbl_02079,gob_tbl_00957,gob_tbl_00055,proc_ext_00178,dlk_ext_00142,gob_ext_00207
dash_proceso_0186;4;dlk_tbl_01008,dash_tbl_00947,dlk_tbl_01471,proc_tbl_00151;10;gob_tbl_01010,dlk_tbl_01884,gob_tbl_01822,dash_tbl_00070,dlk_tbl_00034,dlk_tbl_00532,gob_ext_00404,dlk_ext_00429,gob_ext_00216,dash_ext_00089
dlk_proceso_0187;5;dlk_tbl_00993,dlk_tbl_00038,dlk_tbl_00101,gob_tbl_00789,gob_tbl_00851;5;dlk_tbl_01687,proc_tbl_00391,dlk_tbl_00956,proc_ext_00043,dash_ext_00070
gob_proceso_0188;6;dlk_tbl_00050,proc_tbl_00213,dlk_tbl_00389,proc_tbl_00260,dash_tbl_00070,dlk_tbl_02125;9;ppn_tbl_00832,dlk_tbl_00554,gob_tbl_00228,gob_tbl_01090,dash_tbl_00549,dlk_ext_00233,gob_ext_00095,gob_ext_00262,proc_ext_00013
proc_proceso_0189;6;gob_tbl_00111,proc_tbl_01255,gob_tbl_01361,dash_tbl_00047,dlk_tbl_01191,gob_tbl_02147;6;dlk_tbl_01783,m4vw_tbl_01043,dlk_tbl_00104,gob_ext_00157,proc_ext_00182,gob_ext_00208
gob_proceso_0190;5;dlk_tbl_01437,gob_tbl_01994,dash_tbl_00674,proc_tbl_00322,dlk_tbl_02034;14;std_tbl_01235,dash_tbl_01427,dlk_tbl_00286,dlk_tbl_01151,proc_tbl_00014,gob_tbl_01569,gob_tbl_00675,dlk_tbl_01372,gob_ext_00304,gob_ext_00123,gob_ext_00186,std_ext_00022,dlk_ext_00307,dlk_ext_00136
dash_proceso_0191;8;dash_tbl_00041,dlk_tbl_00308,proc_tbl_01520,gob_tbl_00225,dlk_tbl_00685,proc_tbl_00643,proc_tbl_01059,gob_tbl_01748;5;gob_tbl_00873,dlk_tbl_01444,dlk_tbl_01624,gob_ext_00121,dlk_ext_00426
gob_proceso_0192;4;dlk_tbl_00187,dlk_tbl_01062,gob_tbl_00975,proc_tbl_01102;6;gob_tbl_01454,dlk_tbl_01489,proc_tbl_01391,gob_ext_00350,dlk_ext_00318,dlk_ext_00125
dlk_proceso_0193;5;dlk_tbl_00900,dlk_tbl_01781,dlk_tbl_01965,gob_tbl_00067,dlk_tbl_01902;8;gob_tbl_00415,dash_tbl_00585,proc_tbl_00256,dlk_tbl_00344,gob_tbl_00053,dash_ext_00070,dlk_ext_00223,gob_ext_00200
proc_proceso_0194;5;dlk_tbl_01163,gob_tbl_00693,gob_tbl_01755,gob_tbl_00380,dlk_tbl_00636;10;dlk_tbl_00145,gob_tbl_01227,proc_tbl_00991,proc_tbl_01456,proc_tbl_00386,dlk_tbl_00494,dlk_ext_00044,gob_ext_00074,dash_ext_00435,gob_ext_00220
dlk_proceso_0195;6;dash_tbl_01600,dlk_tbl_01444,proc_tbl_01450,dlk_tbl_00334,gob_tbl_00445,proc_tbl_01845;10;dlk_tbl_00259,gob_tbl_01836,dlk_tbl_01471,gob_tbl_01346,proc_tbl_01363,proc_tbl_00563,dlk_ext_00106,dlk_ext_00230,dlk_ext_00073,gob_ext_00284
dlk_proceso_0196;6;gob_tbl_00894,dlk_tbl_01040,gob_tbl_00136,gob_tbl_02017,std_tbl_02119,dlk_tbl_00701;6;proc_tbl_00256,dash_tbl_00624,gob_tbl_00727,m4sco_ext_00096,dlk_ext_00233,gob_ext_00321
dlk_proceso_0197;5;gob_tbl_00337,dlk_tbl_00574,dlk_tbl_01540,gob_tbl_00687,gob_tbl_00610;13;dlk_tbl_02128,std_tbl_00229,gob_tbl_01413,dlk_tbl_01493,proc_tbl_00991,dlk_tbl_00346,std_tbl_01942,dlk_ext_00181,dlk_ext_00035,gob_ext_00391,gob_ext_00126,m4vw_ext_00264,dlk_ext_00347
gob_proceso_0198;7;dlk_tbl_00942,dlk_tbl_00031,proc_tbl_00226,proc_tbl_00014,dlk_tbl_01624,dash_tbl_00207,gob_tbl_01099;15;dlk_tbl_00927,gob_tbl_00528,gob_tbl_01832,proc_tbl_01363,dlk_tbl_01447,gob_tbl_00330,gob_tbl_01218,gob_tbl_02055,gob_tbl_01313,dlk_ext_00205,dash_ext_00240,dlk_ext_00328,m4vw_ext_00362,dlk_ext_00296,gob_ext_00121
gob_proceso_0199;9;gob_tbl_00195,gob_tbl_00904,gob_tbl_01347,std_tbl_00426,std_tbl_01156,dlk_tbl_02128,dlk_tbl_01641,dash_tbl_01799,dash_tbl_01236;14;gob_tbl_00372,gob_tbl_00299,m4vw_tbl_00279,dlk_tbl_01191,gob_tbl_02038,m4vw_tbl_00901,m4vw_tbl_01348,proc_tbl_00618,dlk_ext_00098,dlk_ext_00065,dlk_ext_00003,gob_ext_00290,gob_ext_00032,gob_ext_00201
dlk_proceso_0200;3;proc_tbl_00795,ppn_tbl_00843,gob_tbl_01400;4;dlk_tbl_01351,gob_tbl_01413,proc_ext_00288,dlk_ext_00044
gob_proceso_0201;2;gob_tbl_01740,gob_tbl_02187;12;proc_tbl_01171,gob_tbl_00185,gob_tbl_00021,proc_tbl_00723,gob_tbl_00749,gob_tbl_01073,proc_tbl_01691,gob_ext_00008,std_ext_00022,dlk_ext_00211,dash_ext_00100,gob_ext_00391
gob_proceso_0202;7;proc_tbl_02139,dlk_tbl_01447,dlk_tbl_00554,gob_tbl_00486,dlk_tbl_01564,dlk_tbl_01230,dash_tbl_00997;11;dlk_tbl_01378,gob_tbl_00379,dlk_tbl_01366,gob_tbl_01723,dlk_tbl_02012,dlk_tbl_01121,dlk_ext_00214,dlk_ext_00335,dash_ext_00215,m4sco_ext_00096,dlk_ext_00307
proc_proceso_0203;6;gob_tbl_00126,gob_tbl_00703,proc_tbl_00791,dash_tbl_01279,dlk_tbl_00482,dlk_tbl_00522;10;std_tbl_01898,proc_tbl_00723,dlk_tbl_00303,dlk_tbl_01490,gob_tbl_01405,dlk_tbl_00331,dlk_ext_00380,proc_ext_00247,gob_ext_00262,dlk_ext_00148
dlk_proceso_0204;4;gob_tbl_00160,m4vw_tbl_02161,gob_tbl_01718,gob_tbl_00035;6;gob_tbl_00837,gob_tbl_00107,m4vw_tbl_01287,dlk_ext_00235,gob_ext_00312,m4sco_ext_00164
dash_proceso_0205;4;dlk_tbl_00209,m4vw_tbl_01228,gob_tbl_00937,gob_tbl_01026;9;dlk_tbl_00286,gob_tbl_02047,gob_tbl_01446,dlk_tbl_00944,dlk_tbl_01847,gob_ext_00404,gob_ext_00005,dlk_ext_00035,dlk_ext_00172
proc_proceso_0206;7;std_tbl_01110,dlk_tbl_02023,dlk_tbl_00721,gob_tbl_00048,dlk_tbl_00381,proc_tbl_01583,dlk_tbl_01504;4;dlk_tbl_02096,proc_tbl_01315,gob_ext_00208,gob_ext_00177
dlk_proceso_0207;3;gob_tbl_00614,dash_tbl_00385,dlk_tbl_00162;11;gob_tbl_01226,gob_tbl_01058,dlk_tbl_02014,proc_tbl_01688,gob_tbl_01436,dlk_tbl_00524,gob_ext_00117,dlk_ext_00421,dlk_ext_00214,gob_ext_00306,dlk_ext_00307
dlk_proceso_0208;2;dlk_tbl_00531,dlk_tbl_00495;15;gob_tbl_00460,proc_tbl_01450,proc_tbl_01171,gob_tbl_00808,gob_tbl_01181,dlk_tbl_00388,gob_tbl_00530,gob_tbl_02093,dlk_tbl_00221,dlk_ext_00116,gob_ext_00384,dlk_ext_00144,gob_ext_00083,gob_ext_00001,gob_ext_00229
dash_proceso_0209;8;std_tbl_00317,dlk_tbl_02032,dlk_tbl_00562,gob_tbl_01909,gob_tbl_00539,dash_tbl_01724,m4vw_tbl_01355,proc_tbl_01835;6;proc_tbl_01974,dlk_tbl_00507,std_tbl_01554,dlk_ext_00044,dlk_ext_00242,dlk_ext_00420
dlk_proceso_0210;5;gob_tbl_00181,std_tbl_00753,gob_tbl_01523,dlk_tbl_01217,dash_tbl_01451;14;proc_tbl_00226,gob_tbl_00957,gob_tbl_01505,proc_tbl_02159,dlk_tbl_01885,dlk_tbl_00034,dlk_tbl_01321,dlk_tbl_01675,gob_ext_00225,gob_ext_00204,gob_ext_00259,dlk_ext_00302,dlk_ext_00003,gob_ext_00107
dlk_proceso_0211;3;std_tbl_00683,gob_tbl_00133,gob_tbl_00000;9;gob_tbl_01487,dash_tbl_01799,gob_tbl_00116,gob_tbl_01968,dash_tbl_00290,gob_ext_00354,dlk_ext_00079,gob_ext_00093,dash_ext_00092
gob_proceso_0212;3;dlk_tbl_01150,dlk_tbl_00027,gob_tbl_00763;13;dlk_tbl_01263,dlk_tbl_01568,dlk_tbl_00979,gob_tbl_00410,dlk_tbl_00239,gob_tbl_00249,dlk_tbl_01567,gob_ext_00117,gob_ext_00184,dlk_ext_00291,ppn_ext_00183,dash_ext_00340,gob_ext_00200
gob_proceso_0213;6;dash_tbl_01320,gob_tbl_01986,dlk_tbl_00992,gob_tbl_01658,proc_tbl_00391,dlk_tbl_01787;16;dlk_tbl_01870,dlk_tbl_00524,gob_tbl_01422,dlk_tbl_01568,gob_tbl_02027,dlk_tbl_01158,dash_tbl_00624,dlk_tbl_00612,dlk_tbl_02096,dlk_ext_00111,dlk_ext_00056,gob_ext_00434,dlk_ext_00205,gob_ext_00268,dlk_ext_00004,gob_ext_00184
dash_proceso_0214;8;gob_tbl_01188,std_tbl_01554,proc_tbl_00722,gob_tbl_00321,dash_tbl_00124,proc_tbl_01880,proc_tbl_01448,std_tbl_00607;19;dash_tbl_00205,dash_tbl_00642,gob_tbl_00231,proc_tbl_00862,dlk_tbl_02096,m4sco_tbl_01032,dlk_tbl_00130,proc_tbl_00623,dlk_tbl_01163,proc_tbl_00739,dlk_tbl_01804,gob_ext_00204,gob_ext_00008,proc_ext_00110,gob_ext_00057,gob_ext_00146,dash_ext_00050,gob_ext_00257,dlk_ext_00296
proc_proceso_0215;4;proc_tbl_01588,proc_tbl_01039,proc_tbl_01167,gob_tbl_00347;10;m4vw_tbl_00279,dlk_tbl_00757,dlk_tbl_01417,m4vw_tbl_01052,proc_tbl_01254,dlk_tbl_00236,dlk_ext_00006,dlk_ext_00254,dlk_ext_00341,dash_ext_00430
gob_proceso_0216;6;m4sco_tbl_02002,proc_tbl_00176,dlk_tbl_00376,gob_tbl_01630,gob_tbl_00237,dlk_tbl_01759;10;dash_tbl_01484,gob_tbl_01231,dlk_tbl_01607,proc_tbl_00386,dlk_tbl_01251,dlk_tbl_00259,gob_ext_00284,proc_ext_00339,gob_ext_00404,m4sco_ext_00164
proc_proceso_0217;4;proc_tbl_00665,gob_tbl_01613,dash_tbl_01358,dlk_tbl_01030;7;dlk_tbl_00725,dlk_tbl_00187,gob_tbl_01226,gob_tbl_01626,gob_ext_00001,gob_ext_00086,gob_ext_00032
proc_proceso_0218;5;dlk_tbl_00792,dlk_tbl_02069,gob_tbl_00356,gob_tbl_01131,dlk_tbl_00086;10;gob_tbl_01234,dlk_tbl_02088,m4vw_tbl_01145,dlk_tbl_02188,dlk_tbl_02096,dlk_tbl_01047,dlk_ext_00235,dlk_ext_00428,dash_ext_00156,dlk_ext_00181
dlk_proceso_0219;5;dlk_tbl_01966,dlk_tbl_00816,gob_tbl_01891,gob_tbl_00392,dlk_tbl_01568;8;gob_tbl_00118,dash_tbl_00954,gob_tbl_02058,dlk_tbl_01392,dash_tbl_01465,gob_ext_00102,dlk_ext_00296,gob_ext_00286
gob_proceso_0220;7;dash_tbl_01558,gob_tbl_00596,dlk_tbl_01991,dlk_tbl_01904,proc_tbl_01686,gob_tbl_00920,gob_tbl_00826;10;gob_tbl_01192,dlk_tbl_00831,gob_tbl_00888,dlk_tbl_00507,gob_tbl_00074,gob_tbl_01811,gob_ext_00184,gob_ext_00147,m4sco_ext_00164,dlk_ext_00419
proc_proceso_0221;5;proc_tbl_02086,proc_tbl_01286,std_tbl_01539,gob_tbl_02038,gob_tbl_02191;10;dlk_tbl_01970,proc_tbl_00856,proc_tbl_01583,dash_tbl_01722,m4sco_tbl_01360,dlk_tbl_01661,dlk_ext_00015,dlk_ext_00116,gob_ext_00306,gob_ext_00216
dash_proceso_0222;4;dlk_tbl_00472,m4vw_tbl_00879,dlk_tbl_01065,gob_tbl_00837;11;dash_tbl_00474,gob_tbl_01243,dash_tbl_00585,gob_tbl_00165,proc_tbl_01128,dlk_tbl_01322,dlk_ext_00180,proc_ext_00339,std_ext_00054,gob_ext_00206,gob_ext_00313
dlk_proceso_0223;4;gob_tbl_01219,gob_tbl_00479,m4sco_tbl_00469,proc_tbl_02159;8;dlk_tbl_00395,dlk_tbl_01792,dlk_tbl_00798,gob_tbl_00609,proc_tbl_00159,dlk_ext_00233,dash_ext_00092,std_ext_00311
gob_proceso_0224;5;gob_tbl_00502,dlk_tbl_01366,dlk_tbl_01885,dlk_tbl_01970,dlk_tbl_00752;17;dlk_tbl_00872,gob_tbl_01131,gob_tbl_01036,proc_tbl_00456,gob_tbl_01740,dash_tbl_00070,dlk_tbl_01352,std_tbl_01713,dlk_tbl_01202,gob_tbl_01277,m4sco_ext_00164,dlk_ext_00318,proc_ext_00383,gob_ext_00227,gob_ext_00091,gob_ext_00001,gob_ext_00085
dash_proceso_0225;4;gob_tbl_01744,gob_tbl_02100,dlk_tbl_00491,gob_tbl_00939;12;dlk_tbl_00815,dlk_tbl_01788,proc_tbl_01581,proc_tbl_00265,dlk_tbl_00720,dash_tbl_00622,dlk_tbl_00094,dlk_ext_00401,dash_ext_00240,dlk_ext_00065,gob_ext_00027,dlk_ext_00432
dlk_proceso_0226;8;dlk_tbl_00045,dlk_tbl_01584,gob_tbl_01580,m4vw_tbl_01199,proc_tbl_02025,dlk_tbl_00648,proc_tbl_00977,gob_tbl_01537;24;gob_tbl_00854,gob_tbl_01420,dlk_tbl_00506,gob_tbl_02045,gob_tbl_00530,gob_tbl_00009,gob_tbl_00243,gob_tbl_00748,gob_tbl_01347,gob_tbl_01418,gob_tbl_00410,proc_tbl_02070,ppn_tbl_01565,dash_tbl_00275,dlk_ext_00076,dlk_ext_00248,gob_ext_00281,gob_ext_00343,dlk_ext_00302,dash_ext_00241,proc_ext_00110,proc_ext_00043,dlk_ext_00006,dlk_ext_00150
proc_proceso_0227;3;dash_tbl_01495,proc_tbl_01546,gob_tbl_01399;11;gob_tbl_00576,dash_tbl_01888,proc_tbl_01691,ppn_tbl_01038,proc_tbl_01391,dash_tbl_01465,dlk_ext_00094,gob_ext_00262,dlk_ext_00039,dlk_ext_00135,dash_ext_00317
dlk_proceso_0228;3;gob_tbl_00349,gob_tbl_02190,dlk_tbl_00540;7;dash_tbl_01840,gob_tbl_00839,gob_tbl_01293,gob_tbl_01240,dlk_ext_00347,gob_ext_00337,proc_ext_00043
dlk_proceso_0229;4;dlk_tbl_00691,dlk_tbl_01646,gob_tbl_00010,dlk_tbl_01621;10;gob_tbl_01431,ppn_tbl_00843,gob_tbl_01822,gob_tbl_00680,m4vw_tbl_01599,dlk_tbl_00429,dlk_ext_00328,dlk_ext_00276,dlk_ext_00363,dlk_ext_00073
dlk_proceso_0230;3;dlk_tbl_00625,dash_tbl_02057,dlk_tbl_01176;12;m4sco_tbl_01461,dlk_tbl_00661,dash_tbl_01189,proc_tbl_01813,dlk_tbl_01054,gob_tbl_00930,dlk_tbl_01872,ppn_ext_00405,dash_ext_00103,gob_ext_00185,dlk_ext_00297,gob_ext_00369
dlk_proceso_0231;5;proc_tbl_00217,gob_tbl_02047,dlk_tbl_01332,dlk_tbl_01001,dlk_tbl_01406;10;gob_tbl_00530,std_tbl_00179,proc_tbl_01777,proc_tbl_00459,dlk_tbl_00670,gob_tbl_00659,proc_ext_00288,m4vw_ext_00218,gob_ext_00108,gob_ext_00031
proc_proceso_0232;3;gob_tbl_02091,dash_tbl_01484,dlk_tbl_01467;14;gob_tbl_00889,dlk_tbl_00308,gob_tbl_02149,gob_tbl_00883,dlk_tbl_00734,proc_tbl_01856,proc_tbl_00856,proc_tbl_01959,gob_ext_00208,gob_ext_00008,gob_ext_00321,gob_ext_00284,dlk_ext_00169,gob_ext_00184
dlk_proceso_0233;2;gob_tbl_01662,gob_tbl_00754;6;gob_tbl_01587,dlk_tbl_01921,gob_tbl_02074,gob_ext_00122,gob_ext_00123,dlk_ext_00265
dlk_proceso_0234;5;dlk_tbl_01359,dash_tbl_00246,gob_tbl_00728,dlk_tbl_02185,dlk_tbl_02096;8;gob_tbl_01078,gob_tbl_00035,std_tbl_00683,m4sco_tbl_00469,gob_tbl_00678,gob_ext_00413,proc_ext_00061,gob_ext_00323
dlk_proceso_0235;2;gob_tbl_02106,dlk_tbl_00278;15;dlk_tbl_00044,gob_tbl_00061,dlk_tbl_01316,dlk_tbl_00636,dlk_tbl_00245,gob_tbl_02081,dash_tbl_00072,dash_tbl_00468,gob_tbl_00351,dlk_ext_00302,std_ext_00237,proc_ext_00417,gob_ext_00434,proc_ext_00345,dash_ext_00188
dlk_proceso_0236;6;m4vw_tbl_01013,proc_tbl_00861,proc_tbl_00604,dlk_tbl_00029,gob_tbl_00218,std_tbl_00845;6;dlk_tbl_01071,dlk_tbl_00536,dash_tbl_01526,dlk_ext_00160,gob_ext_00207,dlk_ext_00291
gob_proceso_0237;4;gob_tbl_00891,dash_tbl_01327,dlk_tbl_00617,std_tbl_00591;7;proc_tbl_01143,gob_tbl_02024,gob_tbl_00588,gob_tbl_02049,m4sco_ext_00166,dlk_ext_00213,dlk_ext_00053
proc_proceso_0238;5;gob_tbl_00841,dlk_tbl_02169,dlk_tbl_00264,gob_tbl_01007,dlk_tbl_01202;8;proc_tbl_01566,gob_tbl_01188,dlk_tbl_01046,gob_tbl_00774,gob_tbl_00400,m4vw_ext_00088,dlk_ext_00233,gob_ext_00031
proc_proceso_0239;3;dlk_tbl_01847,gob_tbl_00581,proc_tbl_01782;9;proc_tbl_00190,gob_tbl_00454,dlk_tbl_00999,dlk_tbl_01568,proc_tbl_00781,dlk_ext_00427,dlk_ext_00233,dash_ext_00422,dlk_ext_00363
gob_proceso_0240;5;proc_tbl_01876,proc_tbl_01264,gob_tbl_01381,gob_tbl_00698,gob_tbl_00240;13;gob_tbl_00719,dlk_tbl_00636,proc_tbl_00991,dash_tbl_02008,gob_tbl_00330,gob_tbl_01630,dash_tbl_01006,proc_ext_00105,dlk_ext_00169,dlk_ext_00039,dlk_ext_00335,gob_ext_00052,proc_ext_00253
proc_proceso_0241;8;gob_tbl_00597,m4sco_tbl_01961,dlk_tbl_01174,gob_tbl_01774,proc_tbl_00668,gob_tbl_01593,proc_tbl_00105,std_tbl_01432;10;dlk_tbl_01896,gob_tbl_01487,dash_tbl_01762,dlk_tbl_01905,proc_tbl_00980,dlk_tbl_01947,proc_ext_00417,dlk_ext_00004,proc_ext_00234,dlk_ext_00276
dlk_proceso_0242;4;std_tbl_01023,dlk_tbl_01705,gob_tbl_00657,gob_tbl_01388;14;gob_tbl_02187,proc_tbl_01448,std_tbl_00591,dlk_tbl_02072,dlk_tbl_00241,proc_tbl_01450,gob_tbl_02055,dash_tbl_01742,gob_ext_00049,dlk_ext_00307,gob_ext_00304,dlk_ext_00003,proc_ext_00417,dlk_ext_00418
dlk_proceso_0243;5;dlk_tbl_01152,gob_tbl_01338,gob_tbl_01732,gob_tbl_01010,proc_tbl_01844;7;gob_tbl_00121,dlk_tbl_00764,gob_tbl_01543,dash_tbl_00443,gob_ext_00128,proc_ext_00267,proc_ext_00234
gob_proceso_0244;6;gob_tbl_02053,gob_tbl_00659,dlk_tbl_00430,dlk_tbl_00956,ppn_tbl_00958,gob_tbl_01146;4;gob_tbl_01723,dlk_tbl_00779,m4vw_ext_00362,dlk_ext_00080
gob_proceso_0245;7;gob_tbl_01438,dlk_tbl_01636,gob_tbl_00749,gob_tbl_02000,dlk_tbl_01567,dlk_tbl_00670,std_tbl_00375;1;proc_tbl_00986
dlk_proceso_0246;6;dlk_tbl_01011,proc_tbl_01020,dlk_tbl_01707,gob_tbl_01616,ppn_tbl_00332,gob_tbl_00848;16;m4vw_tbl_00538,dlk_tbl_00612,dlk_tbl_00705,gob_tbl_00454,dlk_tbl_01621,proc_tbl_00791,dash_tbl_01724,proc_tbl_02139,gob_tbl_00328,dlk_ext_00023,gob_ext_00117,proc_ext_00246,dlk_ext_00426,gob_ext_00364,dlk_ext_00214,m4vw_ext_00218
dlk_proceso_0247;4;dlk_tbl_02126,gob_tbl_00905,dash_tbl_02092,gob_tbl_01472;11;gob_tbl_02011,dlk_tbl_00999,dlk_tbl_00286,dlk_tbl_01092,dlk_tbl_00740,gob_tbl_01755,gob_ext_00120,dash_ext_00070,dlk_ext_00035,proc_ext_00255,dlk_ext_00416
dlk_proceso_0248;4;gob_tbl_01765,gob_tbl_01075,gob_tbl_01693,proc_tbl_02105;14;std_tbl_00753,gob_tbl_01379,dlk_tbl_00853,m4sco_tbl_00122,proc_tbl_01126,gob_tbl_01561,dash_tbl_02071,dlk_tbl_00329,proc_ext_00331,proc_ext_00344,dlk_ext_00416,dlk_ext_00194,gob_ext_00143,gob_ext_00107
gob_proceso_0249;2;dash_tbl_01006,dlk_tbl_00094;8;gob_tbl_01104,gob_tbl_00841,gob_tbl_00454,gob_tbl_00985,gob_tbl_02047,gob_ext_00177,gob_ext_00334,dlk_ext_00193
dlk_proceso_0250;8;dlk_tbl_00917,gob_tbl_00682,gob_tbl_00470,m4sco_tbl_01282,std_tbl_01109,proc_tbl_00799,m4vw_tbl_01310,proc_tbl_00877;24;dlk_tbl_01470,gob_tbl_01266,gob_tbl_00684,gob_tbl_00316,dlk_tbl_00737,dash_tbl_00205,dlk_tbl_01443,gob_tbl_00885,dlk_tbl_01953,gob_tbl_00410,dlk_tbl_01344,proc_tbl_00623,dlk_tbl_00750,gob_tbl_00555,dlk_ext_00432,dash_ext_00278,gob_ext_00304,gob_ext_00269,gob_ext_00147,gob_ext_00122,dlk_ext_00302,gob_ext_00026,m4vw_ext_00088,gob_ext_00126
dlk_proceso_0251;4;dlk_tbl_01195,dlk_tbl_00611,m4sco_tbl_01025,gob_tbl_01660;10;gob_tbl_00063,dlk_tbl_00034,proc_tbl_01566,dlk_tbl_00872,dash_tbl_01762,dlk_tbl_02114,dash_ext_00050,proc_ext_00263,gob_ext_00090,gob_ext_00128
gob_proceso_0252;5;dlk_tbl_01605,proc_tbl_00535,gob_tbl_01328,std_tbl_01109,gob_tbl_01078;8;dlk_tbl_00817,dlk_tbl_00979,dlk_tbl_00059,dlk_tbl_00434,dash_tbl_01028,dash_ext_00435,dlk_ext_00416,dlk_ext_00135
gob_proceso_0253;5;gob_tbl_00140,dlk_tbl_00120,gob_tbl_00924,gob_tbl_01679,gob_tbl_00483;7;dash_tbl_00047,dlk_tbl_01217,dlk_tbl_01997,dash_tbl_01298,proc_ext_00246,gob_ext_00186,gob_ext_00204
gob_proceso_0254;6;proc_tbl_00033,dash_tbl_00788,proc_tbl_00856,gob_tbl_01103,dlk_tbl_01331,dlk_tbl_00702;10;gob_tbl_01833,proc_tbl_01209,dlk_tbl_01270,proc_tbl_01573,dlk_tbl_01488,gob_tbl_00353,dlk_ext_00150,dlk_ext_00233,proc_ext_00062,gob_ext_00404
dash_proceso_0255;2;proc_tbl_01082,gob_tbl_01861;12;dlk_tbl_00992,proc_tbl_02186,dlk_tbl_00480,dlk_tbl_01992,proc_tbl_01368,proc_tbl_00604,dlk_tbl_01132,proc_ext_00339,dash_ext_00070,gob_ext_00304,gob_ext_00128,gob_ext_00042
dlk_proceso_0256;2;gob_tbl_01773,proc_tbl_00362;13;dlk_tbl_02061,gob_tbl_00894,dlk_tbl_00601,gob_tbl_00588,proc_tbl_00520,dash_tbl_01571,dlk_tbl_02063,gob_ext_00185,gob_ext_00047,gob_ext_00146,dlk_ext_00370,dlk_ext_00419,m4sco_ext_00166
proc_proceso_0257;4;gob_tbl_00834,dlk_tbl_01967,proc_tbl_00613,gob_tbl_00319;10;proc_tbl_01368,gob_tbl_01226,gob_tbl_00185,dlk_tbl_00782,dlk_tbl_00784,m4vw_tbl_01310,dlk_ext_00421,gob_ext_00140,gob_ext_00395,dlk_ext_00328
gob_proceso_0258;8;proc_tbl_01014,dlk_tbl_01638,proc_tbl_01414,proc_tbl_00081,proc_tbl_01133,std_tbl_01247,dlk_tbl_01208,dlk_tbl_01896;19;dlk_tbl_00204,dlk_tbl_02125,gob_tbl_00222,dlk_tbl_02126,dash_tbl_00656,m4vw_tbl_01177,dlk_tbl_01568,dlk_tbl_01985,gob_tbl_00010,gob_tbl_01697,std_tbl_01680,dlk_ext_00190,gob_ext_00270,dlk_ext_00211,gob_ext_00227,gob_ext_00128,gob_ext_00149,gob_ext_00252,gob_ext_00400
dash_proceso_0259;6;dlk_tbl_01882,dlk_tbl_00532,std_tbl_01713,dlk_tbl_01553,gob_tbl_01723,dash_tbl_01430;4;dlk_tbl_00180,proc_tbl_01363,std_ext_00311,proc_ext_00217
dlk_proceso_0260;3;proc_tbl_01363,gob_tbl_02013,dlk_tbl_01905;9;gob_tbl_01053,proc_tbl_01134,dash_tbl_02079,dlk_tbl_00429,gob_tbl_01671,gob_ext_00060,gob_ext_00204,dlk_ext_00305,dlk_ext_00381
proc_proceso_0261;6;dash_tbl_02008,proc_tbl_01120,dlk_tbl_00259,dlk_tbl_01527,dash_tbl_00585,gob_tbl_00415;10;dlk_tbl_00117,gob_tbl_01689,proc_tbl_00213,gob_tbl_00248,dlk_tbl_00153,gob_tbl_00936,gob_ext_00343,dlk_ext_00205,dlk_ext_00296,std_ext_00311
proc_proceso_0262;5;gob_tbl_00716,dash_tbl_01298,dlk_tbl_01180,gob_tbl_01906,gob_tbl_00420;4;gob_tbl_02015,gob_tbl_00174,gob_ext_00342,gob_ext_00313
dlk_proceso_0263;4;gob_tbl_01122,dlk_tbl_01064,m4vw_tbl_00489,gob_tbl_00118;8;gob_tbl_01370,dlk_tbl_00956,gob_tbl_02024,dlk_tbl_00030,gob_tbl_00974,gob_ext_00355,dash_ext_00103,dlk_ext_00116
proc_proceso_0264;5;proc_tbl_01710,dlk_tbl_02088,proc_tbl_02164,gob_tbl_00248,dash_tbl_00089;10;std_tbl_01651,gob_tbl_01569,dlk_tbl_00346,proc_tbl_01890,proc_tbl_00800,dlk_tbl_00424,gob_ext_00126,m4vw_ext_00088,dlk_ext_00169,proc_ext_00178
dlk_proceso_0265;4;dlk_tbl_01481,gob_tbl_01205,gob_tbl_01703,gob_tbl_00263;12;gob_tbl_00659,dash_tbl_01722,proc_tbl_00412,dlk_tbl_00815,gob_tbl_02107,dlk_tbl_00051,m4sco_tbl_00193,gob_ext_00028,dlk_ext_00228,dlk_ext_00071,dlk_ext_00172,dash_ext_00435
dlk_proceso_0266;4;gob_tbl_01115,gob_tbl_00125,dlk_tbl_00593,dlk_tbl_01792;13;proc_tbl_01448,dlk_tbl_01940,gob_tbl_01349,dlk_tbl_01138,dlk_tbl_00782,gob_tbl_00598,dlk_tbl_00044,proc_ext_00217,gob_ext_00130,proc_ext_00178,dlk_ext_00352,dlk_ext_00044,gob_ext_00031
dlk_proceso_0267;2;dash_tbl_01664,proc_tbl_00714;15;proc_tbl_00412,dash_tbl_01236,dlk_tbl_01515,dlk_tbl_00452,gob_tbl_01824,proc_tbl_00995,gob_tbl_00222,dlk_tbl_01071,dlk_tbl_01453,gob_ext_00120,dlk_ext_00416,gob_ext_00391,gob_ext_00270,gob_ext_00102,proc_ext_00158
gob_proceso_0268;7;gob_tbl_00419,dlk_tbl_01889,m4vw_tbl_00544,proc_tbl_00923,dlk_tbl_01037,proc_tbl_00442,dlk_tbl_00943;11;dlk_tbl_01497,gob_tbl_00398,proc_tbl_01171,gob_tbl_00989,dash_tbl_00457,dash_tbl_01407,proc_ext_00263,dlk_ext_00242,gob_ext_00146,gob_ext_00323,m4vw_ext_00088
dlk_proceso_0269;2;dlk_tbl_01463,std_tbl_00216;5;gob_tbl_01703,dash_tbl_00357,dlk_tbl_01149,gob_ext_00184,gob_ext_00117
gob_proceso_0270;6;gob_tbl_01114,gob_tbl_01807,dash_tbl_02124,proc_tbl_00305,dlk_tbl_00914,dlk_tbl_01365;6;dlk_tbl_01966,dash_tbl_01337,m4sco_tbl_01961,dlk_ext_00046,dash_ext_00258,dlk_ext_00297
proc_proceso_0271;6;gob_tbl_01874,dash_tbl_00155,dlk_tbl_01751,dlk_tbl_00690,dlk_tbl_01165,gob_tbl_00270;16;std_tbl_01110,proc_tbl_00923,proc_tbl_01167,gob_tbl_01229,dlk_tbl_01169,proc_tbl_01842,proc_tbl_00190,gob_tbl_01642,dlk_tbl_01497,proc_ext_00247,dlk_ext_00302,dlk_ext_00023,std_ext_00022,gob_ext_00400,gob_ext_00126,gob_ext_00313
dlk_proceso_0272;3;proc_tbl_01224,proc_tbl_01080,gob_tbl_00724;13;m4vw_tbl_01862,m4vw_tbl_00279,std_tbl_00683,m4sco_tbl_00712,gob_tbl_00076,m4sco_tbl_00294,dlk_tbl_01598,dlk_ext_00163,gob_ext_00313,proc_ext_00234,dlk_ext_00094,gob_ext_00343,dlk_ext_00044
gob_proceso_0273;2;std_tbl_01519,dash_tbl_00711;5;gob_tbl_01194,dlk_tbl_00235,gob_tbl_01272,gob_ext_00337,dlk_ext_00419
dlk_proceso_0274;5;dlk_tbl_00012,dlk_tbl_00672,dlk_tbl_01853,dash_tbl_01296,gob_tbl_01795;8;dlk_tbl_02170,dlk_tbl_00630,dlk_tbl_00866,dlk_tbl_00762,proc_tbl_01286,gob_ext_00404,dlk_ext_00233,dash_ext_00340
gob_proceso_0275;8;dlk_tbl_00117,proc_tbl_00384,proc_tbl_00418,dlk_tbl_01721,gob_tbl_02019,dash_tbl_00158,dlk_tbl_00480,m4vw_tbl_01043;14;dlk_tbl_01257,gob_tbl_00920,proc_tbl_01865,dlk_tbl_00130,dlk_tbl_01434,dlk_tbl_00887,dlk_tbl_01624,proc_tbl_01856,dlk_ext_00361,gob_ext_00410,gob_ext_00081,gob_ext_00138,gob_ext_00047,dlk_ext_00109
dlk_proceso_0276;5;dlk_tbl_00093,dlk_tbl_00182,dlk_tbl_00811,gob_tbl_01214,proc_tbl_02084;8;gob_tbl_00470,proc_tbl_00535,dlk_tbl_01263,dlk_tbl_00725,dlk_tbl_01760,gob_ext_00132,dlk_ext_00314,dlk_ext_00420
dlk_proceso_0277;8;gob_tbl_01544,dlk_tbl_01987,gob_tbl_01547,dlk_tbl_01232,dlk_tbl_01669,dlk_tbl_00945,dlk_tbl_00731,gob_tbl_02081;19;proc_tbl_00033,std_tbl_00683,dlk_tbl_02072,dlk_tbl_02142,gob_tbl_00530,dlk_tbl_02117,gob_tbl_02177,dlk_tbl_01047,dlk_tbl_02034,dlk_tbl_01893,dlk_tbl_01001,dlk_ext_00273,gob_ext_00085,gob_ext_00005,gob_ext_00012,dlk_ext_00297,gob_ext_00131,dlk_ext_00193,gob_ext_00122
gob_proceso_0278;2;dlk_tbl_00239,gob_tbl_01051;20;gob_tbl_02060,gob_tbl_00912,gob_tbl_00243,gob_tbl_01741,gob_tbl_01848,proc_tbl_01838,dash_tbl_00155,dlk_tbl_00522,gob_tbl_00370,dlk_tbl_01702,dlk_tbl_01663,proc_tbl_00758,dash_ext_00241,gob_ext_00117,gob_ext_00187,gob_ext_00355,dlk_ext_00150,gob_ext_00270,proc_ext_00247,m4sco_ext_00096
dlk_proceso_0279;3;dlk_tbl_00212,dash_tbl_00406,dlk_tbl_01964;12;gob_tbl_01300,gob_tbl_00337,ppn_tbl_01038,dash_tbl_00822,std_tbl_00461,dlk_tbl_00480,dlk_tbl_00819,proc_ext_00246,dash_ext_00007,gob_ext_00093,gob_ext_00170,dash_ext_00409
gob_proceso_0280;5;gob_tbl_00996,dash_tbl_01141,dash_tbl_00559,dlk_tbl_00499,dlk_tbl_01896;17;gob_tbl_01078,proc_tbl_00008,proc_tbl_00458,gob_tbl_01204,dlk_tbl_01534,dlk_tbl_01868,proc_tbl_00768,gob_tbl_01927,gob_tbl_00326,gob_tbl_00356,gob_ext_00085,dlk_ext_00065,dlk_ext_00325,dlk_ext_00150,dlk_ext_00420,dlk_ext_00214,dlk_ext_00169
dlk_proceso_0281;3;proc_tbl_01048,dash_tbl_02075,gob_tbl_00930;10;proc_tbl_01922,dlk_tbl_02125,dlk_tbl_00235,dlk_tbl_00629,gob_tbl_01984,gob_tbl_00896,proc_ext_00222,dlk_ext_00150,gob_ext_00179,gob_ext_00175
proc_proceso_0282;4;dash_tbl_00959,gob_tbl_01509,dash_tbl_01888,gob_tbl_01894;11;dlk_tbl_00847,dlk_tbl_00526,proc_tbl_00417,gob_tbl_02163,gob_tbl_00118,proc_tbl_02118,dlk_ext_00308,gob_ext_00147,dash_ext_00240,dlk_ext_00419,dlk_ext_00071
dlk_proceso_0283;2;m4sco_tbl_00294,proc_tbl_00458;13;gob_tbl_00321,gob_tbl_01613,gob_tbl_01401,dash_tbl_02057,gob_tbl_01693,proc_tbl_01171,dlk_tbl_01905,proc_ext_00246,m4vw_ext_00088,gob_ext_00208,gob_ext_00355,gob_ext_00313,proc_ext_00127
gob_proceso_0284;3;std_tbl_00998,gob_tbl_00343,m4vw_tbl_01024;4;gob_tbl_01632,proc_tbl_01978,proc_ext_00383,proc_ext_00043
gob_proceso_0285;5;dlk_tbl_01500,dlk_tbl_00720,gob_tbl_00796,dlk_tbl_01060,proc_tbl_00897;8;gob_tbl_00018,dlk_tbl_01675,proc_tbl_02148,proc_tbl_02153,proc_tbl_01842,dash_ext_00103,gob_ext_00272,dlk_ext_00044
gob_proceso_0286;4;proc_tbl_01196,dlk_tbl_01061,dlk_tbl_02131,m4vw_tbl_01145;17;gob_tbl_01739,gob_tbl_00697,dlk_tbl_01492,dlk_tbl_00286,dash_tbl_01664,proc_tbl_00799,dlk_tbl_01675,dlk_tbl_00784,dash_tbl_01799,proc_tbl_01560,proc_ext_00239,dlk_ext_00335,dlk_ext_00427,gob_ext_00200,dash_ext_00151,dlk_ext_00412,gob_ext_00130
proc_proceso_0287;2;gob_tbl_00575,gob_tbl_01848;13;gob_tbl_01405,dlk_tbl_00093,dlk_tbl_01933,proc_tbl_01213,dlk_tbl_02173,m4vw_tbl_00163,dlk_tbl_01309,gob_ext_00187,std_ext_00022,dlk_ext_00412,gob_ext_00055,gob_ext_00281,gob_ext_00286
gob_proceso_0288;4;dlk_tbl_01239,gob_tbl_01476,gob_tbl_00449,proc_tbl_00577;6;gob_tbl_00111,dlk_tbl_01263,gob_tbl_01719,dash_ext_00103,dlk_ext_00056,proc_ext_00182
proc_proceso_0289;3;proc_tbl_01978,proc_tbl_01368,dlk_tbl_00548;14;gob_tbl_00905,gob_tbl_00340,gob_tbl_01104,proc_tbl_00463,gob_tbl_02106,gob_tbl_01361,gob_tbl_01284,gob_tbl_00801,dlk_ext_00242,dlk_ext_00071,dash_ext_00195,dlk_ext_00194,gob_ext_00083,gob_ext_00140
dlk_proceso_0290;6;m4sco_tbl_00312,dlk_tbl_01637,gob_tbl_00775,dlk_tbl_00560,gob_tbl_00854,std_tbl_01942;21;gob_tbl_00653,gob_tbl_01755,dlk_tbl_00611,dlk_tbl_01151,dlk_tbl_01982,gob_tbl_01266,proc_tbl_00915,dlk_tbl_01887,dlk_tbl_00557,gob_tbl_00167,proc_tbl_00017,gob_tbl_01422,dlk_ext_00101,dlk_ext_00368,dlk_ext_00148,m4sco_ext_00166,dlk_ext_00125,gob_ext_00225,gob_ext_00400,proc_ext_00141,gob_ext_00332
proc_proceso_0291;3;gob_tbl_01824,dlk_tbl_00566,gob_tbl_00370;4;gob_tbl_00981,gob_tbl_01818,proc_ext_00255,dlk_ext_00426
dlk_proceso_0292;7;gob_tbl_01818,proc_tbl_01712,gob_tbl_01220,proc_tbl_00921,std_tbl_00461,gob_tbl_00952,dlk_tbl_00267;4;dlk_tbl_01447,proc_tbl_00995,dlk_ext_00297,gob_ext_00376
proc_proceso_0293;6;proc_tbl_00008,proc_tbl_00876,gob_tbl_00004,dlk_tbl_00772,gob_tbl_00413,gob_tbl_00933;11;proc_tbl_01588,m4sco_tbl_00122,dlk_tbl_01257,dlk_tbl_01751,gob_tbl_01585,dlk_tbl_01202,std_ext_00022,dlk_ext_00388,gob_ext_00108,dlk_ext_00065,gob_ext_00225
proc_proceso_0294;2;gob_tbl_00855,gob_tbl_01104;7;gob_tbl_01243,gob_tbl_02027,dlk_tbl_00779,dlk_tbl_00172,dlk_ext_00421,dash_ext_00360,dlk_ext_00023
gob_proceso_0295;4;gob_tbl_01473,std_tbl_01241,proc_tbl_02046,dlk_tbl_00849;7;dlk_tbl_00869,dash_tbl_01474,dash_tbl_01742,gob_tbl_00837,gob_ext_00083,proc_ext_00043,gob_ext_00376
proc_proceso_0296;2;proc_tbl_00068,gob_tbl_01604;4;dlk_tbl_02125,dlk_tbl_00120,dlk_ext_00426,proc_ext_00239
dlk_proceso_0297;3;dash_tbl_01972,dlk_tbl_01173,proc_tbl_01757;11;gob_tbl_01578,dlk_tbl_02061,dlk_tbl_00494,dlk_tbl_01356,gob_tbl_00028,dlk_tbl_01702,dlk_ext_00352,gob_ext_00236,dlk_ext_00065,dash_ext_00360,dlk_ext_00214
dash_proceso_0298;5;gob_tbl_01042,dlk_tbl_00881,gob_tbl_01375,dash_tbl_00780,dlk_tbl_00510;17;dlk_tbl_00012,dlk_tbl_00506,dlk_tbl_02056,gob_tbl_01089,proc_tbl_01286,gob_tbl_01990,gob_tbl_02175,dlk_tbl_00612,proc_tbl_00137,gob_tbl_00281,gob_ext_00354,dlk_ext_00401,dlk_ext_00104,gob_ext_00108,dlk_ext_00172,dlk_ext_00073,gob_ext_00236
dlk_proceso_0299;6;gob_tbl_00460,proc_tbl_01153,proc_tbl_01560,dlk_tbl_01950,dlk_tbl_00819,dlk_tbl_00100;13;dlk_tbl_01092,proc_tbl_00159,gob_tbl_00289,proc_tbl_01517,dlk_tbl_00293,gob_tbl_01402,dlk_tbl_00239,dlk_ext_00427,proc_ext_00110,gob_ext_00208,gob_ext_00392,dlk_ext_00433,dlk_ext_00315
gob_proceso_0300;3;dlk_tbl_01935,proc_tbl_01606,gob_tbl_01405;9;gob_tbl_00284,proc_tbl_00723,gob_tbl_02013,m4vw_tbl_02041,proc_tbl_01068,gob_ext_00033,dlk_ext_00341,gob_ext_00343,gob_ext_00115
dlk_proceso_0301;4;gob_tbl_00149,dlk_tbl_00331,dlk_tbl_01395,proc_tbl_01384;12;gob_tbl_02024,dlk_tbl_00946,proc_tbl_01419,gob_tbl_00542,dash_tbl_01474,gob_tbl_01551,dlk_tbl_00757,dlk_ext_00412,dlk_ext_00368,gob_ext_00128,gob_ext_00147,gob_ext_00400
dlk_proceso_0302;5;gob_tbl_00600,dlk_tbl_00835,gob_tbl_01135,dash_tbl_01752,gob_tbl_00228;8;dash_tbl_02057,dlk_tbl_01433,gob_tbl_01877,gob_tbl_00140,std_tbl_00157,gob_ext_00152,gob_ext_00157,dlk_ext_00418
dlk_proceso_0303;5;gob_tbl_02058,gob_tbl_02144,std_tbl_01841,m4sco_tbl_01360,dash_tbl_00290;12;dash_tbl_00857,dlk_tbl_00274,dlk_tbl_01178,proc_tbl_01097,dash_tbl_01508,dlk_tbl_01846,dlk_tbl_00376,dlk_ext_00114,dlk_ext_00011,gob_ext_00121,dlk_ext_00426,dash_ext_00195
proc_proceso_0304;2;proc_tbl_00951,dlk_tbl_01506;12;dlk_tbl_01854,gob_tbl_01543,proc_tbl_02046,dlk_tbl_01437,dlk_tbl_02125,dlk_tbl_01584,dlk_tbl_00566,dlk_ext_00006,gob_ext_00284,proc_ext_00293,gob_ext_00147,dlk_ext_00375
proc_proceso_0305;4;gob_tbl_00542,proc_tbl_01254,proc_tbl_00838,proc_tbl_01128;8;dlk_tbl_01534,gob_tbl_01292,proc_tbl_01213,gob_tbl_01767,dlk_tbl_00148,gob_ext_00060,dlk_ext_00275,dlk_ext_00106
gob_proceso_0306;5;gob_tbl_01910,dlk_tbl_00277,gob_tbl_00742,dlk_tbl_01884,dlk_tbl_00778;7;dlk_tbl_02103,ppn_tbl_00804,dash_tbl_00191,proc_tbl_00623,gob_ext_00332,gob_ext_00102,dlk_ext_00314
dlk_proceso_0307;3;proc_tbl_02186,gob_tbl_00184,proc_tbl_00315;15;dlk_tbl_02035,proc_tbl_01419,proc_tbl_01450,gob_tbl_01155,dlk_tbl_00430,dash_tbl_02124,dash_tbl_00440,dlk_tbl_00172,dlk_tbl_00927,proc_ext_00431,gob_ext_00207,proc_ext_00267,dlk_ext_00233,dash_ext_00422,dlk_ext_00427
proc_proceso_0308;6;dlk_tbl_02035,gob_tbl_00477,gob_tbl_00354,dlk_tbl_00644,dlk_tbl_01854,gob_tbl_02093;13;gob_tbl_01505,gob_tbl_00514,dlk_tbl_00161,m4vw_tbl_01043,proc_tbl_01856,dlk_tbl_02005,dlk_tbl_00044,dlk_ext_00265,gob_ext_00049,dlk_ext_00406,gob_ext_00261,gob_ext_00026,gob_ext_00365
gob_proceso_0309;6;gob_tbl_00680,gob_tbl_00594,gob_tbl_00021,dash_tbl_00671,gob_tbl_01396,dlk_tbl_00493;6;dlk_tbl_01378,gob_tbl_02074,m4vw_tbl_00279,gob_ext_00126,gob_ext_00225,dlk_ext_00296
gob_proceso_0310;4;gob_tbl_01802,dlk_tbl_01674,dlk_tbl_00870,gob_tbl_02156;10;dlk_tbl_01303,gob_tbl_01051,dlk_tbl_00908,gob_tbl_01422,gob_tbl_00994,proc_tbl_00079,ppn_ext_00112,dlk_ext_00169,dlk_ext_00429,gob_ext_00184
gob_proceso_0311;2;gob_tbl_00697,std_tbl_01548;13;dlk_tbl_01917,m4sco_tbl_00820,gob_tbl_01079,gob_tbl_00365,gob_tbl_00891,dlk_tbl_00745,gob_tbl_01509,gob_ext_00216,dlk_ext_00242,gob_ext_00332,dlk_ext_00190,dlk_ext_00212,gob_ext_00008
dlk_proceso_0312;2;dlk_tbl_00112,dlk_tbl_00798;7;proc_tbl_00114,dash_tbl_01945,dlk_tbl_00590,dlk_tbl_00144,dlk_ext_00171,dlk_ext_00203,gob_ext_00225
dlk_proceso_0313;5;dlk_tbl_00199,gob_tbl_01058,dash_tbl_02079,dash_tbl_01683,dlk_tbl_01101;5;dlk_tbl_00816,gob_tbl_01234,proc_tbl_02120,m4sco_ext_00166,dlk_ext_00003
dlk_proceso_0314;4;gob_tbl_01577,dash_tbl_00954,gob_tbl_00398,dlk_tbl_01098;8;dlk_tbl_00052,gob_tbl_02106,dlk_tbl_01382,std_tbl_01235,dlk_tbl_00130,dlk_ext_00328,proc_ext_00043,proc_ext_00246
dlk_proceso_0315;6;dlk_tbl_02114,gob_tbl_01671,gob_tbl_01304,proc_tbl_01615,proc_tbl_00224,dlk_tbl_01178;11;dlk_tbl_00374,dlk_tbl_01735,gob_tbl_01124,gob_tbl_01051,dlk_tbl_00740,dlk_tbl_01879,dash_ext_00007,gob_ext_00287,proc_ext_00141,dlk_ext_00429,gob_ext_00312
gob_proceso_0316;6;dlk_tbl_00913,gob_tbl_00132,gob_tbl_00660,gob_tbl_00436,m4vw_tbl_00087,gob_tbl_00865;15;gob_tbl_01090,dlk_tbl_00050,gob_tbl_00129,gob_tbl_01036,proc_tbl_00213,gob_tbl_00378,dlk_tbl_00358,proc_tbl_01978,dlk_tbl_01049,dlk_ext_00021,dlk_ext_00302,dash_ext_00258,dlk_ext_00000,dlk_ext_00358,gob_ext_00208
dlk_proceso_0317;4;dlk_tbl_01309,std_tbl_00966,dlk_tbl_00869,dlk_tbl_00329;7;dlk_tbl_00740,std_tbl_01005,gob_tbl_00435,dlk_tbl_01046,std_ext_00084,gob_ext_00102,gob_ext_00055
proc_proceso_0318;3;dlk_tbl_00282,dlk_tbl_01589,dash_tbl_00909;9;dash_tbl_00647,dlk_tbl_01041,dlk_tbl_00629,std_tbl_00366,m4sco_tbl_02122,dlk_ext_00230,dlk_ext_00168,gob_ext_00102,dash_ext_00320
dlk_proceso_0319;3;gob_tbl_00003,dlk_tbl_00599,dlk_tbl_01879;13;gob_tbl_01462,dash_tbl_00070,gob_tbl_01229,dlk_tbl_01889,dlk_tbl_01037,proc_tbl_01711,dlk_tbl_00510,ppn_ext_00183,gob_ext_00102,gob_ext_00086,gob_ext_00126,dlk_ext_00073,dlk_ext_00335
gob_proceso_0320;3;gob_tbl_00324,dash_tbl_00170,gob_tbl_01670;13;gob_tbl_00299,dlk_tbl_00387,dlk_tbl_01965,dlk_tbl_02170,dlk_tbl_01956,gob_tbl_02093,gob_tbl_00427,dlk_ext_00213,dlk_ext_00275,gob_ext_00334,gob_ext_00123,gob_ext_00321,dlk_ext_00370
dlk_proceso_0321;2;dlk_tbl_02114,proc_tbl_00862;12;dlk_tbl_01475,ppn_tbl_00350,dlk_tbl_01316,gob_tbl_00118,dlk_tbl_01993,proc_tbl_02120,dash_tbl_01590,gob_ext_00208,gob_ext_00304,dlk_ext_00214,proc_ext_00293,gob_ext_00198
dlk_proceso_0322;4;dlk_tbl_01257,gob_tbl_01529,gob_tbl_01668,proc_tbl_02073;14;gob_tbl_01075,gob_tbl_01524,dlk_tbl_01786,dlk_tbl_01846,dlk_tbl_00262,gob_tbl_02010,gob_tbl_01079,dlk_tbl_01646,dash_ext_00151,dlk_ext_00044,proc_ext_00346,gob_ext_00411,dlk_ext_00429,m4sco_ext_00164
proc_proceso_0323;2;gob_tbl_01276,dlk_tbl_01872;7;dlk_tbl_00601,std_tbl_01241,proc_tbl_00137,dlk_tbl_00466,dlk_ext_00381,dlk_ext_00426,proc_ext_00077
dlk_proceso_0324;4;proc_tbl_01688,gob_tbl_00005,std_tbl_00115,gob_tbl_00519;7;m4vw_tbl_02041,gob_tbl_00354,gob_tbl_02090,m4sco_tbl_00122,dlk_ext_00169,proc_ext_00390,gob_ext_00119
proc_proceso_0325;3;dlk_tbl_01251,gob_tbl_01063,dlk_tbl_01557;5;proc_tbl_02111,dash_tbl_01337,gob_tbl_00077,dlk_ext_00125,dlk_ext_00073
proc_proceso_0326;4;ppn_tbl_00025,gob_tbl_00689,m4vw_tbl_01915,gob_tbl_01261;7;dlk_tbl_02056,gob_tbl_00550,dlk_tbl_01966,proc_tbl_00991,dlk_ext_00065,dash_ext_00195,std_ext_00277
dlk_proceso_0327;4;gob_tbl_00639,gob_tbl_02045,gob_tbl_01578,m4vw_tbl_00901;6;std_tbl_00591,dlk_tbl_01060,proc_tbl_02022,gob_ext_00122,m4vw_ext_00068,gob_ext_00387
dlk_proceso_0328;5;dlk_tbl_01425,dash_tbl_01404,gob_tbl_00351,proc_tbl_00618,dlk_tbl_00276;13;dlk_tbl_01970,dlk_tbl_00782,dash_tbl_01742,gob_tbl_01697,proc_tbl_01435,gob_tbl_01533,std_tbl_00115,gob_ext_00128,dlk_ext_00065,proc_ext_00013,proc_ext_00110,gob_ext_00060,dash_ext_00430
dlk_proceso_0329;6;dash_tbl_00589,dash_tbl_01700,proc_tbl_00189,proc_tbl_00069,dash_tbl_01742,gob_tbl_00922;11;gob_tbl_00218,dlk_tbl_01858,dlk_tbl_01125,proc_tbl_01711,gob_tbl_00709,dlk_tbl_01366,dlk_ext_00172,dlk_ext_00233,gob_ext_00026,ppn_ext_00112,dlk_ext_00111
dlk_proceso_0330;6;dlk_tbl_01720,dlk_tbl_01507,gob_tbl_00313,gob_tbl_00257,dlk_tbl_01050,ppn_tbl_00552;11;gob_tbl_00228,dlk_tbl_00734,gob_tbl_00808,gob_tbl_01538,proc_tbl_01931,gob_tbl_01272,dlk_ext_00174,gob_ext_00126,gob_ext_00200,dlk_ext_00341,gob_ext_00128
proc_proceso_0331;4;dlk_tbl_01781,dlk_tbl_01330,gob_tbl_01057,gob_tbl_00571;10;dlk_tbl_00745,dlk_tbl_00946,dlk_tbl_02005,dlk_tbl_00034,dlk_tbl_01702,std_tbl_01766,proc_ext_00246,dlk_ext_00171,gob_ext_00270,dlk_ext_00361
proc_proceso_0332;4;dlk_tbl_01136,gob_tbl_00882,proc_tbl_01034,gob_tbl_00490;10;proc_tbl_00923,dlk_tbl_01410,dash_tbl_01294,dlk_tbl_02012,gob_tbl_01971,proc_tbl_00391,gob_ext_00122,dlk_ext_00150,dash_ext_00422,dlk_ext_00303
gob_proceso_0333;2;gob_tbl_00078,dlk_tbl_00507;9;gob_tbl_01773,gob_tbl_00812,dlk_tbl_01330,dlk_tbl_02133,gob_tbl_00010,gob_ext_00391,gob_ext_00099,gob_ext_00157,dlk_ext_00296
dlk_proceso_0334;4;proc_tbl_00890,dlk_tbl_01117,std_tbl_00635,dlk_tbl_02056;10;proc_tbl_01166,proc_tbl_01931,gob_tbl_00939,gob_tbl_01292,gob_tbl_01053,proc_tbl_01959,dlk_ext_00280,dlk_ext_00172,dlk_ext_00307,m4vw_ext_00088
dlk_proceso_0335;3;proc_tbl_00563,gob_tbl_01927,dlk_tbl_01673;4;dash_tbl_02008,dlk_tbl_01064,proc_ext_00234,dlk_ext_00069
dlk_proceso_0336;6;gob_tbl_01827,gob_tbl_00770,dlk_tbl_00872,gob_tbl_00131,gob_tbl_01193,proc_tbl_00049;5;dlk_tbl_02031,dlk_tbl_01426,proc_tbl_01376,dlk_ext_00335,gob_ext_00245
dlk_proceso_0337;4;dash_tbl_01945,gob_tbl_01353,gob_tbl_01811,dlk_tbl_01187;10;std_tbl_01898,dash_tbl_01558,gob_tbl_00903,dlk_tbl_01875,gob_tbl_00218,proc_tbl_02120,proc_ext_00231,gob_ext_00147,gob_ext_00270,gob_ext_00343
proc_proceso_0338;2;std_tbl_00813,gob_tbl_02052;8;dlk_tbl_00925,dlk_tbl_01497,proc_tbl_01712,gob_tbl_00078,dlk_tbl_00395,gob_ext_00321,gob_ext_00060,proc_ext_00246
gob_proceso_0339;2;proc_tbl_00417,dlk_tbl_01270;15;dlk_tbl_01993,proc_tbl_01681,dlk_tbl_01489,gob_tbl_00964,gob_tbl_00024,gob_tbl_00351,gob_tbl_00550,dash_tbl_01924,dlk_tbl_00562,gob_ext_00005,gob_ext_00395,dlk_ext_00265,dlk_ext_00325,m4vw_ext_00218,dlk_ext_00109
proc_proceso_0340;6;proc_tbl_01653,gob_tbl_00760,gob_tbl_00676,dlk_tbl_01259,dlk_tbl_02117,gob_tbl_01000;11;dlk_tbl_00782,m4vw_tbl_01024,dash_tbl_00352,proc_tbl_00744,gob_tbl_00883,dlk_tbl_02063,dlk_ext_00094,gob_ext_00238,gob_ext_00128,gob_ext_00332,gob_ext_00236
dash_proceso_0341;9;dlk_tbl_02136,dlk_tbl_01846,gob_tbl_01277,dash_tbl_00198,std_tbl_00366,gob_tbl_00700,dlk_tbl_00051,dlk_tbl_01985,gob_tbl_00919;14;gob_tbl_01671,std_tbl_01863,dlk_tbl_01479,dlk_tbl_00579,m4sco_tbl_00884,proc_tbl_00520,gob_tbl_00759,gob_tbl_01524,gob_ext_00186,dash_ext_00435,gob_ext_00126,dash_ext_00156,proc_ext_00246,proc_ext_00293
proc_proceso_0342;2;dash_tbl_01809,gob_tbl_01999;12;gob_tbl_01578,proc_tbl_00265,gob_tbl_01784,gob_tbl_00575,dlk_tbl_00363,proc_tbl_01223,proc_tbl_01039,dlk_ext_00053,dlk_ext_00412,proc_ext_00127,dlk_ext_00213,proc_ext_00162
dash_proceso_0343;3;dlk_tbl_01483,std_tbl_00091,std_tbl_01680;6;dlk_tbl_00363,proc_tbl_00799,gob_tbl_01990,m4sco_ext_00034,gob_ext_00382,dlk_ext_00214
gob_proceso_0344;4;std_tbl_01655,proc_tbl_02118,dash_tbl_00474,dlk_tbl_01511;7;dlk_tbl_00866,std_tbl_01519,m4sco_tbl_01442,dash_tbl_00191,gob_ext_00121,dlk_ext_00004,dash_ext_00422
dlk_proceso_0345;3;dlk_tbl_01108,gob_tbl_00530,std_tbl_00651;15;dlk_tbl_01483,gob_tbl_01561,gob_tbl_01155,dash_tbl_01298,dlk_tbl_01111,dlk_tbl_01251,dlk_tbl_02174,dash_tbl_02079,dlk_tbl_01954,gob_ext_00060,gob_ext_00220,gob_ext_00284,proc_ext_00013,dlk_ext_00135,dlk_ext_00069
dlk_proceso_0346;5;dlk_tbl_01607,gob_tbl_00962,dlk_tbl_01873,m4vw_tbl_01960,gob_tbl_01656;4;dlk_tbl_00034,proc_tbl_01686,gob_ext_00179,dlk_ext_00203
dlk_proceso_0347;5;dlk_tbl_00447,std_tbl_01859,dlk_tbl_01771,dlk_tbl_01510,gob_tbl_01076;19;m4sco_tbl_01428,proc_tbl_02158,gob_tbl_01231,dlk_tbl_00430,gob_tbl_00138,proc_tbl_01233,dlk_tbl_00696,proc_tbl_01856,gob_tbl_00249,gob_tbl_00769,gob_tbl_00839,dash_ext_00156,dlk_ext_00176,std_ext_00277,dlk_ext_00429,gob_ext_00126,dash_ext_00435,gob_ext_00342,proc_ext_00331
gob_proceso_0348;7;dlk_tbl_01631,dash_tbl_02141,dash_tbl_01924,dlk_tbl_00401,gob_tbl_00888,gob_tbl_00372,gob_tbl_01881;11;dlk_tbl_01895,dlk_tbl_00601,gob_tbl_01219,dlk_tbl_00638,gob_tbl_00830,proc_tbl_00017,proc_ext_00424,dlk_ext_00194,dash_ext_00340,dlk_ext_00011,proc_ext_00231
dlk_proceso_0349;5;dash_tbl_01350,dlk_tbl_01948,gob_tbl_00592,proc_tbl_00654,dlk_tbl_00405;14;gob_tbl_00748,proc_tbl_01546,dlk_tbl_01843,gob_tbl_01476,dlk_tbl_01483,m4sco_tbl_02002,std_tbl_00091,gob_tbl_01740,gob_ext_00220,dash_ext_00017,gob_ext_00122,gob_ext_00332,dlk_ext_00319,dlk_ext_00423
gob_proceso_0350;5;gob_tbl_01864,gob_tbl_00936,dash_tbl_01549,dash_tbl_01571,dlk_tbl_01417;10;dash_tbl_00065,gob_tbl_01292,proc_tbl_00213,dlk_tbl_00052,gob_tbl_02024,gob_tbl_00774,dlk_ext_00419,gob_ext_00186,proc_ext_00331,dlk_ext_00425
dlk_proceso_0351;3;dlk_tbl_00925,proc_tbl_00739,proc_tbl_01233;13;proc_tbl_00391,gob_tbl_01611,gob_tbl_01718,dash_tbl_01724,gob_tbl_01051,gob_tbl_01193,proc_tbl_00995,gob_ext_00396,std_ext_00237,gob_ext_00074,dlk_ext_00135,dlk_ext_00318,m4sco_ext_00164
dlk_proceso_0352;4;proc_tbl_01164,dash_tbl_01892,dlk_tbl_01582,dlk_tbl_00640;11;gob_tbl_01459,dash_tbl_00440,dlk_tbl_01870,dlk_tbl_00235,dlk_tbl_00925,gob_tbl_01397,gob_ext_00048,gob_ext_00321,proc_ext_00043,dlk_ext_00214,gob_ext_00312
gob_proceso_0353;4;dlk_tbl_01503,dlk_tbl_01439,dlk_tbl_01494,proc_tbl_01654;11;gob_tbl_01122,proc_tbl_01323,proc_tbl_00563,dlk_tbl_02172,std_tbl_01651,gob_tbl_00106,dlk_ext_00289,gob_ext_00108,dlk_ext_00421,m4sco_ext_00166,gob_ext_00342
dlk_proceso_0354;5;gob_tbl_02001,dlk_tbl_00188,dlk_tbl_00452,dlk_tbl_01852,dlk_tbl_00064;10;dlk_tbl_01494,std_tbl_00229,gob_tbl_00281,proc_tbl_01813,gob_tbl_00486,dash_tbl_01028,dash_ext_00195,dash_ext_00279,dlk_ext_00065,dash_ext_00103
dlk_proceso_0355;6;gob_tbl_00451,gob_tbl_00587,dlk_tbl_01661,std_tbl_00976,proc_tbl_00708,proc_tbl_00154;15;dash_tbl_01327,m4sco_tbl_01619,gob_tbl_00396,dlk_tbl_01061,gob_tbl_02021,gob_tbl_00530,dlk_tbl_00405,gob_tbl_00706,proc_tbl_01390,proc_ext_00417,proc_ext_00077,gob_ext_00005,gob_ext_00252,dlk_ext_00133,proc_ext_00331
dlk_proceso_0356;6;proc_tbl_00359,dlk_tbl_02033,dlk_tbl_00422,dlk_tbl_01216,dlk_tbl_00508,dlk_tbl_00104;21;gob_tbl_01531,gob_tbl_01678,proc_tbl_00862,gob_tbl_00060,gob_tbl_00448,proc_tbl_00066,gob_tbl_00808,gob_tbl_00873,dash_tbl_01571,dlk_tbl_00523,dlk_tbl_01142,dlk_tbl_01673,gob_ext_00391,gob_ext_00236,gob_ext_00126,m4sco_ext_00166,dlk_ext_00368,gob_ext_00012,dlk_ext_00144,dlk_ext_00044,dlk_ext_00419
gob_proceso_0357;5;proc_tbl_00704,dlk_tbl_00039,proc_tbl_00623,dlk_tbl_00764,gob_tbl_00471;8;gob_tbl_01204,gob_tbl_01193,gob_tbl_01155,gob_tbl_00684,dlk_tbl_02005,dlk_ext_00171,dlk_ext_00199,gob_ext_00099
gob_proceso_0358;6;gob_tbl_00141,dlk_tbl_01027,dash_tbl_00857,dlk_tbl_01702,gob_tbl_01431,gob_tbl_02163;9;gob_tbl_00561,proc_tbl_01974,dash_tbl_00468,gob_tbl_00675,dash_tbl_00585,dlk_ext_00150,dlk_ext_00265,dlk_ext_00426,gob_ext_00404
gob_proceso_0359;5;gob_tbl_02181,dlk_tbl_01869,proc_tbl_01592,dlk_tbl_01248,dlk_tbl_02063;7;gob_tbl_00410,proc_tbl_00535,std_tbl_00461,dlk_tbl_00762,dlk_ext_00416,gob_ext_00037,gob_ext_00128
gob_proceso_0360;4;proc_tbl_01209,gob_tbl_02082,gob_tbl_01952,dlk_tbl_00178;13;gob_tbl_01968,gob_tbl_01613,gob_tbl_01413,gob_tbl_00891,gob_tbl_00149,dlk_tbl_00558,std_tbl_01265,dlk_ext_00412,gob_ext_00392,gob_ext_00306,gob_ext_00200,dlk_ext_00069,gob_ext_00355
dlk_proceso_0361;3;proc_tbl_01826,gob_tbl_01678,dlk_tbl_01982;6;dlk_tbl_00152,gob_tbl_01194,dlk_tbl_01417,gob_ext_00097,gob_ext_00357,dlk_ext_00398
dlk_proceso_0362;5;dlk_tbl_01169,proc_tbl_00194,gob_tbl_00139,dlk_tbl_01385,gob_tbl_01684;16;gob_tbl_00423,gob_tbl_01290,dlk_tbl_01387,dlk_tbl_01760,gob_tbl_00888,dlk_tbl_01756,gob_tbl_00177,gob_tbl_01353,dlk_tbl_01064,gob_ext_00371,gob_ext_00342,dash_ext_00189,proc_ext_00246,proc_ext_00178,proc_ext_00127,dlk_ext_00325
gob_proceso_0363;3;m4vw_tbl_00252,dlk_tbl_02005,dlk_tbl_01289;6;dlk_tbl_01772,std_tbl_01733,dlk_tbl_00466,dlk_ext_00150,dlk_ext_00129,dlk_ext_00180
dlk_proceso_0364;6;dash_tbl_00335,dlk_tbl_01687,dash_tbl_01776,proc_tbl_01419,m4vw_tbl_00279,gob_tbl_00981;15;dlk_tbl_02162,dlk_tbl_00395,gob_tbl_01114,dlk_tbl_01475,dlk_tbl_01905,gob_tbl_00530,gob_tbl_00581,proc_tbl_01777,gob_tbl_02000,gob_ext_00286,proc_ext_00327,dlk_ext_00065,gob_ext_00028,gob_ext_00175,dlk_ext_00305
gob_proceso_0365;4;dlk_tbl_00407,gob_tbl_01552,gob_tbl_00296,dash_tbl_01465;9;ppn_tbl_00025,proc_tbl_00799,dash_tbl_01404,dlk_tbl_01905,gob_tbl_01671,dlk_ext_00106,gob_ext_00332,gob_ext_00376,dlk_ext_00125
dlk_proceso_0366;2;gob_tbl_00790,dlk_tbl_01675;7;gob_tbl_01906,proc_tbl_00442,gob_tbl_00736,dlk_tbl_01382,gob_ext_00147,gob_ext_00208,dlk_ext_00292
dlk_proceso_0367;2;gob_tbl_01522,dlk_tbl_01147;10;dlk_tbl_01121,dlk_tbl_01245,dlk_tbl_02061,dlk_tbl_00611,dlk_tbl_01493,gob_tbl_00106,gob_ext_00395,dlk_ext_00335,dash_ext_00250,dlk_ext_00325
dlk_proceso_0368;7;proc_tbl_00367,std_tbl_00628,gob_tbl_01458,dlk_tbl_00740,gob_tbl_01413,gob_tbl_00053,gob_tbl_00298;4;dlk_tbl_00007,gob_tbl_01689,dlk_ext_00372,gob_ext_00123
dlk_proceso_0369;4;proc_tbl_00781,dash_tbl_01750,gob_tbl_01962,gob_tbl_01877;12;dlk_tbl_00946,dlk_tbl_01245,gob_tbl_00423,dlk_tbl_00439,dash_tbl_01185,gob_tbl_01431,dlk_tbl_00819,gob_ext_00085,gob_ext_00309,dlk_ext_00248,m4vw_ext_00218,dash_ext_00435
gob_proceso_0370;3;dlk_tbl_00757,gob_tbl_00830,gob_tbl_00215;9;gob_tbl_02190,gob_tbl_02049,gob_tbl_01524,gob_tbl_00542,proc_tbl_01323,dlk_ext_00347,std_ext_00311,proc_ext_00417,gob_ext_00332
proc_proceso_0371;5;dash_tbl_00626,dlk_tbl_00518,m4sco_tbl_00193,ppn_tbl_02154,gob_tbl_00653;12;dash_tbl_02138,gob_tbl_00304,dash_tbl_00674,dlk_tbl_01095,proc_tbl_01196,dlk_tbl_00238,gob_tbl_01827,dlk_ext_00386,dlk_ext_00361,gob_ext_00152,gob_ext_00387,dash_ext_00017
dlk_proceso_0372;3;proc_tbl_00915,dlk_tbl_01643,proc_tbl_00463;13;dlk_tbl_01652,dlk_tbl_01047,ppn_tbl_00804,gob_tbl_00542,proc_tbl_00265,gob_tbl_00398,gob_tbl_00169,dlk_ext_00429,gob_ext_00086,gob_ext_00391,gob_ext_00393,m4sco_ext_00164,gob_ext_00220
dlk_proceso_0373;6;dlk_tbl_00030,gob_tbl_01514,gob_tbl_00818,gob_tbl_01524,dash_tbl_00642,gob_tbl_00299;4;dlk_tbl_00064,gob_tbl_00717,dlk_ext_00276,dlk_ext_00381
dlk_proceso_0374;3;proc_tbl_02111,dlk_tbl_01144,gob_tbl_00812;13;proc_tbl_01628,gob_tbl_02175,dlk_tbl_00645,gob_tbl_01362,gob_tbl_00042,dlk_tbl_01121,proc_tbl_01380,gob_ext_00271,gob_ext_00049,gob_ext_00072,m4sco_ext_00164,gob_ext_00404,proc_ext_00061
dash_proceso_0375;6;dlk_tbl_01182,dlk_tbl_00927,dlk_tbl_01499,dlk_tbl_01046,dash_tbl_02095,dash_tbl_01731;13;dlk_tbl_00429,dlk_tbl_01843,gob_tbl_01848,gob_tbl_01732,dash_tbl_02071,gob_tbl_00808,proc_tbl_00971,gob_ext_00304,proc_ext_00158,dlk_ext_00318,gob_ext_00410,dlk_ext_00254,gob_ext_00376
proc_proceso_0376;4;dlk_tbl_01423,gob_tbl_01291,m4vw_tbl_00431,dlk_tbl_01933;6;dlk_tbl_01497,dlk_tbl_00782,proc_tbl_00456,proc_ext_00431,dlk_ext_00289,gob_ext_00306
dash_proceso_0377;4;gob_tbl_00454,gob_tbl_01019,proc_tbl_00190,dlk_tbl_00910;7;dlk_tbl_01101,std_tbl_00982,gob_tbl_01834,dlk_tbl_01620,dlk_ext_00129,dash_ext_00282,dlk_ext_00280
gob_proceso_0378;7;gob_tbl_01403,gob_tbl_01976,dlk_tbl_00204,gob_tbl_01834,gob_tbl_00481,gob_tbl_01810,dlk_tbl_00692;9;gob_tbl_00314,dlk_tbl_01760,proc_tbl_01198,dlk_tbl_02026,dlk_tbl_01274,gob_ext_00385,gob_ext_00060,gob_ext_00123,dlk_ext_00335
dash_proceso_0379;5;m4sco_tbl_00097,gob_tbl_00829,dlk_tbl_01734,dlk_tbl_02078,gob_tbl_01139;10;gob_tbl_01727,proc_tbl_01233,dlk_tbl_00629,gob_tbl_01234,dlk_tbl_00762,gob_tbl_01613,dlk_ext_00233,dash_ext_00151,dlk_ext_00328,gob_ext_00117
proc_proceso_0380;4;dlk_tbl_00219,dlk_tbl_01947,dlk_tbl_00103,gob_tbl_00129;12;dash_tbl_01700,dlk_tbl_01138,gob_tbl_01229,proc_tbl_01223,gob_tbl_00660,gob_tbl_00852,gob_tbl_01135,dlk_ext_00150,dlk_ext_00135,dlk_ext_00352,dlk_ext_00378,dlk_ext_00015
gob_proceso_0381;5;proc_tbl_01143,m4sco_tbl_00820,std_tbl_01200,gob_tbl_01569,proc_tbl_00476;8;dlk_tbl_01669,proc_tbl_00224,proc_tbl_00006,gob_tbl_00716,dlk_tbl_02012,proc_ext_00158,dash_ext_00070,dlk_ext_00423
gob_proceso_0382;5;dlk_tbl_00096,gob_tbl_01227,dash_tbl_00327,dlk_tbl_01301,gob_tbl_01238;19;gob_tbl_00270,gob_tbl_01767,gob_tbl_01822,dlk_tbl_02078,gob_tbl_01668,gob_tbl_00699,dlk_tbl_00510,gob_tbl_00706,proc_tbl_01592,m4vw_tbl_01599,dlk_tbl_01993,dlk_ext_00325,dlk_ext_00372,dlk_ext_00065,gob_ext_00085,dlk_ext_00015,dlk_ext_00318,dash_ext_00188,gob_ext_00400
proc_proceso_0383;5;dlk_tbl_01055,dlk_tbl_01352,dash_tbl_01518,gob_tbl_01576,dlk_tbl_02076;11;gob_tbl_00060,gob_tbl_00985,std_tbl_00683,gob_tbl_01551,dlk_tbl_02014,dlk_tbl_01705,gob_ext_00306,gob_ext_00170,gob_ext_00074,gob_ext_00143,std_ext_00054
gob_proceso_0384;2;gob_tbl_01505,m4vw_tbl_01348;5;proc_tbl_01059,dlk_tbl_00807,proc_tbl_02097,dlk_ext_00148,dlk_ext_00111
dash_proceso_0385;2;gob_tbl_01790,dlk_tbl_01275;6;gob_tbl_01000,proc_tbl_00643,gob_tbl_01916,dash_ext_00089,gob_ext_00207,gob_ext_00126
proc_proceso_0386;4;gob_tbl_02048,dlk_tbl_00500,dlk_tbl_00444,dash_tbl_00271;10;gob_tbl_00528,proc_tbl_01059,std_tbl_01651,dlk_tbl_01673,gob_tbl_01056,dlk_tbl_01445,dlk_ext_00171,dash_ext_00100,gob_ext_00117,dash_ext_00282
dlk_proceso_0387;6;dlk_tbl_01698,gob_tbl_02176,dlk_tbl_01760,gob_tbl_01498,gob_tbl_01093,dlk_tbl_00579;8;dlk_tbl_01589,dash_tbl_01465,gob_tbl_01684,dash_tbl_00671,dash_tbl_01430,dlk_ext_00433,dlk_ext_00352,gob_ext_00126
dlk_proceso_0388;2;gob_tbl_00292,gob_tbl_01585;20;dlk_tbl_01437,dlk_tbl_00434,dlk_tbl_00740,gob_tbl_00530,m4sco_tbl_00712,dlk_tbl_00144,gob_tbl_00852,dlk_tbl_00026,dash_tbl_02157,dash_tbl_02057,dlk_tbl_00707,gob_tbl_02176,gob_ext_00226,dlk_ext_00199,gob_ext_00008,dlk_ext_00386,proc_ext_00043,proc_ext_00013,dlk_ext_00171,dlk_ext_00296
dlk_proceso_0389;6;gob_tbl_01741,dlk_tbl_01324,dlk_tbl_00817,gob_tbl_02189,proc_tbl_00283,gob_tbl_00555;11;gob_tbl_01767,proc_tbl_00931,proc_tbl_02104,dlk_tbl_00522,dlk_tbl_01872,gob_tbl_00321,gob_ext_00185,gob_ext_00227,proc_ext_00210,dlk_ext_00325,dlk_ext_00416
dlk_proceso_0390;2;gob_tbl_00859,dlk_tbl_01041;20;dlk_tbl_00286,dlk_tbl_00506,m4vw_tbl_01302,dlk_tbl_00757,gob_tbl_00297,gob_tbl_00932,gob_tbl_01745,gob_tbl_00118,gob_tbl_01234,gob_tbl_00378,gob_tbl_01833,proc_tbl_00877,dlk_ext_00428,gob_ext_00001,gob_ext_00284,gob_ext_00085,dash_ext_00320,gob_ext_00093,gob_ext_00147,dlk_ext_00076
gob_proceso_0391;4;gob_tbl_00251,gob_tbl_01090,dlk_tbl_01913,gob_tbl_00551;4;dlk_tbl_01866,dlk_tbl_00134,gob_ext_00395,gob_ext_00245
dlk_proceso_0392;2;gob_tbl_01867,proc_tbl_00285;5;dlk_tbl_00893,gob_tbl_02013,dlk_tbl_00361,dlk_ext_00150,proc_ext_00331
dlk_proceso_0393;2;gob_tbl_00655,gob_tbl_01335;15;m4vw_tbl_01287,proc_tbl_00008,dlk_tbl_00480,m4sco_tbl_00193,dlk_tbl_01433,dlk_tbl_00235,dash_tbl_02079,gob_tbl_01422,gob_tbl_01927,dlk_ext_00416,dash_ext_00100,dash_ext_00240,gob_ext_00177,gob_ext_00185,dlk_ext_00318
gob_proceso_0394;5;gob_tbl_01140,dlk_tbl_00797,gob_tbl_00365,dlk_tbl_00729,proc_tbl_01307;10;gob_tbl_01561,dlk_tbl_01488,dlk_tbl_00870,gob_tbl_01114,proc_tbl_01343,gob_tbl_01827,gob_ext_00091,dlk_ext_00101,dlk_ext_00420,gob_ext_00324
dlk_proceso_0395;3;proc_tbl_01394,proc_tbl_00006,gob_tbl_01832;12;gob_tbl_00164,dlk_tbl_01132,gob_tbl_00919,gob_tbl_00268,proc_tbl_01606,dash_tbl_01440,dlk_tbl_01702,std_ext_00237,dlk_ext_00213,dlk_ext_00368,dlk_ext_00002,dash_ext_00100
dlk_proceso_0396;3;gob_tbl_00547,gob_tbl_02108,dlk_tbl_00745;9;dlk_tbl_00900,dlk_tbl_00510,gob_tbl_00109,gob_tbl_00655,dlk_tbl_01149,gob_ext_00329,std_ext_00277,proc_ext_00043,gob_ext_00117
gob_proceso_0397;7;gob_tbl_01728,gob_tbl_01791,proc_tbl_02059,gob_tbl_01240,gob_tbl_01313,dlk_tbl_01932,dlk_tbl_00583;9;dlk_tbl_00495,dlk_tbl_02051,dlk_tbl_00414,gob_tbl_01612,proc_tbl_00217,gob_ext_00226,dlk_ext_00347,gob_ext_00001,dash_ext_00240
dlk_proceso_0398;6;dlk_tbl_00536,gob_tbl_00823,proc_tbl_02097,proc_tbl_02067,m4vw_tbl_00163,gob_tbl_01084;13;dlk_tbl_00430,gob_tbl_00108,gob_tbl_00477,gob_tbl_01362,gob_tbl_00550,gob_tbl_00678,gob_tbl_00116,dlk_ext_00302,gob_ext_00301,dlk_ext_00370,dlk_ext_00318,dlk_ext_00135,gob_ext_00032
gob_proceso_0399;4;gob_tbl_00898,gob_tbl_00250,gob_tbl_00926,dlk_tbl_01475;10;dlk_tbl_01574,gob_tbl_00222,dlk_tbl_01751,proc_tbl_00950,gob_tbl_01452,dlk_tbl_00376,dlk_ext_00148,dlk_ext_00275,gob_ext_00055,gob_ext_00208
gob_proceso_0400;6;gob_tbl_00903,dlk_tbl_00887,dlk_tbl_00733,dash_tbl_00730,proc_tbl_00732,gob_tbl_00174;11;proc_tbl_00151,gob_tbl_00337,dlk_tbl_01964,dlk_tbl_01331,dlk_tbl_01760,proc_tbl_00771,proc_ext_00247,proc_ext_00231,dlk_ext_00230,dlk_ext_00009,dash_ext_00070
dlk_proceso_0401;5;gob_tbl_00967,gob_tbl_00609,proc_tbl_00578,dlk_tbl_01735,dlk_tbl_00867;9;dlk_tbl_00508,proc_tbl_01167,dlk_tbl_00629,m4vw_tbl_01024,ppn_tbl_00958,dlk_ext_00427,m4vw_ext_00088,gob_ext_00001,gob_ext_00321
gob_proceso_0402;8;gob_tbl_00231,dlk_tbl_01398,proc_tbl_01482,dlk_tbl_00965,dlk_tbl_00590,proc_tbl_00368,dlk_tbl_01920,dlk_tbl_00527;14;gob_tbl_00435,dlk_tbl_01598,gob_tbl_00677,m4vw_tbl_00279,gob_tbl_00551,dlk_tbl_01868,gob_tbl_00248,proc_tbl_01172,proc_ext_00344,dlk_ext_00328,dlk_ext_00275,std_ext_00277,gob_ext_00270,dash_ext_00258
dlk_proceso_0403;2;gob_tbl_00396,dlk_tbl_01696;7;proc_tbl_02097,dlk_tbl_01339,gob_tbl_00530,dlk_tbl_01721,gob_ext_00284,gob_ext_00343,dlk_ext_00280
dlk_proceso_0404;5;dash_tbl_01934,dlk_tbl_01804,dash_tbl_01955,dlk_tbl_01092,dlk_tbl_01763;12;dlk_tbl_00267,dlk_tbl_01163,dlk_tbl_02026,dash_tbl_02157,dlk_tbl_01500,dash_tbl_01298,dash_tbl_01590,gob_ext_00128,gob_ext_00117,dlk_ext_00358,m4sco_ext_00408,dlk_ext_00214
proc_proceso_0405;5;gob_tbl_01420,dash_tbl_01958,proc_tbl_01097,dash_tbl_00043,gob_tbl_01937;9;dlk_tbl_00558,gob_tbl_00383,dash_tbl_00743,m4sco_tbl_01032,gob_tbl_00427,proc_ext_00246,gob_ext_00122,dlk_ext_00039,m4vw_ext_00088
gob_proceso_0406;3;gob_tbl_02021,gob_tbl_01300,gob_tbl_01284;9;dlk_tbl_00892,gob_tbl_00436,proc_tbl_00190,proc_tbl_01959,dash_tbl_00622,dlk_ext_00314,gob_ext_00396,dlk_ext_00368,dlk_ext_00433
dlk_proceso_0407;3;gob_tbl_01112,gob_tbl_00957,gob_tbl_00488;4;proc_tbl_01826,dlk_tbl_00500,gob_ext_00376,gob_ext_00032
gob_proceso_0408;3;dlk_tbl_01371,proc_tbl_00084,dlk_tbl_00638;13;dlk_tbl_00757,dlk_tbl_01372,gob_tbl_01000,dlk_tbl_00143,dlk_tbl_01316,gob_tbl_01240,dlk_tbl_01463,gob_ext_00126,proc_ext_00231,dlk_ext_00388,gob_ext_00147,gob_ext_00093,gob_ext_00081
dlk_proceso_0409;4;m4sco_tbl_01996,proc_tbl_00254,dlk_tbl_01788,dash_tbl_01029;5;dlk_tbl_00405,gob_tbl_01603,dlk_tbl_00051,dlk_ext_00144,gob_ext_00391
gob_proceso_0410;5;proc_tbl_00301,dlk_tbl_01490,gob_tbl_00985,dlk_tbl_02116,dlk_tbl_00306;8;std_tbl_00115,dlk_tbl_01553,gob_tbl_01452,gob_tbl_00808,gob_tbl_01529,dlk_ext_00020,dash_ext_00250,proc_ext_00013
proc_proceso_0411;4;gob_tbl_00517,gob_tbl_00024,dash_tbl_00166,gob_tbl_02180;9;gob_tbl_01719,dash_tbl_01440,gob_tbl_01146,gob_tbl_01740,m4vw_tbl_02041,dlk_ext_00296,dlk_ext_00065,dlk_ext_00308,dlk_ext_00150
dlk_proceso_0412;5;proc_tbl_01035,proc_tbl_01856,proc_tbl_01597,gob_tbl_00525,dlk_tbl_01409;16;dlk_tbl_01756,gob_tbl_01476,dlk_tbl_01489,dash_tbl_00047,dlk_tbl_00928,dash_tbl_00352,gob_tbl_00888,gob_tbl_00836,dash_tbl_01558,dash_ext_00409,proc_ext_00234,dlk_ext_00098,dlk_ext_00303,gob_ext_00186,gob_ext_00152,ppn_ext_00112
dlk_proceso_0413;2;dlk_tbl_00725,gob_tbl_00681;10;proc_tbl_00151,gob_tbl_01626,dlk_tbl_02123,m4vw_tbl_01177,dlk_tbl_00887,gob_tbl_00396,gob_ext_00207,gob_ext_00227,dlk_ext_00426,dlk_ext_00154
dlk_proceso_0414;4;dlk_tbl_01808,gob_tbl_00292,gob_tbl_00988,proc_tbl_00800;10;gob_tbl_00889,gob_tbl_00898,gob_tbl_00343,proc_tbl_00995,dlk_tbl_00421,gob_tbl_00415,dash_ext_00317,std_ext_00054,dash_ext_00320,dlk_ext_00135
proc_proceso_0415;3;proc_tbl_01931,dlk_tbl_01477,dash_tbl_02113;17;dlk_tbl_01749,gob_tbl_00010,dlk_tbl_00306,gob_tbl_01971,dlk_tbl_00582,dlk_tbl_01387,gob_tbl_00603,gob_tbl_00299,dlk_tbl_00204,dlk_tbl_00452,proc_ext_00417,gob_ext_00137,dlk_ext_00418,dash_ext_00240,dash_ext_00340,gob_ext_00057,std_ext_00054
proc_proceso_0416;4;dlk_tbl_01983,dlk_tbl_01815,dash_tbl_00065,dlk_tbl_01794;6;gob_tbl_00719,gob_tbl_01487,dlk_tbl_00374,gob_ext_00295,gob_ext_00108,gob_ext_00365
dlk_proceso_0417;6;proc_tbl_01856,dlk_tbl_00978,proc_tbl_00453,gob_tbl_01455,gob_tbl_00018,std_tbl_01701;13;dlk_tbl_00064,dash_tbl_00166,dlk_tbl_00259,proc_tbl_00708,gob_tbl_01036,gob_tbl_02020,gob_tbl_00675,gob_ext_00041,dash_ext_00250,proc_ext_00061,gob_ext_00128,gob_ext_00290,gob_ext_00201
gob_proceso_0418;8;gob_tbl_01622,gob_tbl_00608,ppn_tbl_00804,dlk_tbl_01054,proc_tbl_00210,dlk_tbl_01151,gob_tbl_01822,dlk_tbl_00814;7;proc_tbl_01573,dlk_tbl_00627,gob_tbl_00231,dlk_tbl_00395,gob_ext_00404,proc_ext_00141,gob_ext_00376
gob_proceso_0419;3;dlk_tbl_01299,dlk_tbl_00344,proc_tbl_01253;5;gob_tbl_00932,dlk_tbl_01475,proc_tbl_02007,proc_ext_00030,gob_ext_00095
dlk_proceso_0420;5;gob_tbl_01036,gob_tbl_00883,gob_tbl_01231,dlk_tbl_01629,dlk_tbl_00059;16;gob_tbl_01927,proc_tbl_01973,dlk_tbl_01798,dlk_tbl_01501,std_tbl_01548,gob_tbl_01587,dlk_tbl_01643,dlk_tbl_01506,dlk_tbl_00064,gob_ext_00285,dlk_ext_00113,gob_ext_00410,dlk_ext_00010,gob_ext_00364,dlk_ext_00333,gob_ext_00057
gob_proceso_0421;7;dlk_tbl_01851,dlk_tbl_01783,dlk_tbl_00787,m4vw_tbl_02041,gob_tbl_00106,dlk_tbl_01274,gob_tbl_00249;20;gob_tbl_01914,gob_tbl_00912,dlk_tbl_00875,dash_tbl_01558,gob_tbl_00470,dlk_tbl_01515,proc_tbl_01039,dlk_tbl_01270,dlk_tbl_02036,gob_tbl_01277,proc_tbl_01949,gob_tbl_01999,dlk_ext_00421,dlk_ext_00418,proc_ext_00353,m4vw_ext_00218,gob_ext_00187,gob_ext_00120,dash_ext_00250,dash_ext_00240
gob_proceso_0422;3;dlk_tbl_01085,gob_tbl_02049,gob_tbl_00509;4;gob_tbl_00132,proc_tbl_01363,gob_ext_00184,gob_ext_00185
dlk_proceso_0423;4;gob_tbl_01155,gob_tbl_00042,dlk_tbl_01067,proc_tbl_01009;10;dlk_tbl_01843,dash_tbl_00642,dlk_tbl_00782,proc_tbl_00156,ppn_tbl_01038,gob_tbl_01045,dlk_ext_00302,m4sco_ext_00096,gob_ext_00295,dlk_ext_00378
proc_proceso_0424;8;dlk_tbl_01515,proc_tbl_00921,gob_tbl_00284,dlk_tbl_00782,dlk_tbl_01091,proc_tbl_00899,dlk_tbl_00892,gob_tbl_01280;7;dlk_tbl_01031,dlk_tbl_00630,gob_tbl_01936,dlk_tbl_00605,gob_ext_00272,std_ext_00277,dlk_ext_00006
dash_proceso_0425;4;dlk_tbl_00011,dlk_tbl_01779,dlk_tbl_00236,gob_tbl_01775;11;gob_tbl_00243,dlk_tbl_00824,m4vw_tbl_02041,proc_tbl_01394,m4vw_tbl_00087,gob_tbl_00525,gob_ext_00220,dlk_ext_00230,gob_ext_00001,proc_ext_00013,dlk_ext_00056
gob_proceso_0426;2;proc_tbl_00013,gob_tbl_00662;7;dlk_tbl_00187,proc_tbl_00781,dash_tbl_00918,gob_tbl_01246,proc_ext_00249,m4sco_ext_00164,dlk_ext_00399
dash_proceso_0427;2;dlk_tbl_01222,gob_tbl_00675;6;dlk_tbl_01060,dash_tbl_00211,gob_tbl_01665,gob_ext_00208,proc_ext_00013,gob_ext_00082
gob_proceso_0428;5;proc_tbl_01897,dlk_tbl_00979,dlk_tbl_01870,std_tbl_01766,dlk_tbl_00737;11;gob_tbl_00177,gob_tbl_00539,dlk_tbl_00532,dlk_tbl_00527,gob_tbl_02062,dlk_tbl_02088,gob_ext_00404,dlk_ext_00292,gob_ext_00126,dlk_ext_00307,gob_ext_00147
proc_proceso_0429;2;gob_tbl_01531,gob_tbl_00307;7;dlk_tbl_00670,dash_tbl_00626,gob_tbl_00251,dlk_tbl_00860,dlk_ext_00101,dash_ext_00189,dlk_ext_00389
dash_proceso_0430;4;gob_tbl_01767,gob_tbl_00759,dlk_tbl_01433,proc_tbl_01581;12;dlk_tbl_01144,dlk_tbl_02142,gob_tbl_01514,dlk_tbl_01923,dlk_tbl_01905,dlk_tbl_00214,gob_tbl_02055,gob_ext_00414,dlk_ext_00035,gob_ext_00108,dlk_ext_00039,gob_ext_00107
dlk_proceso_0431;4;gob_tbl_01436,gob_tbl_01614,std_tbl_00229,proc_tbl_01860;11;dlk_tbl_01424,dlk_tbl_00336,gob_tbl_00776,gob_tbl_01204,gob_tbl_01487,gob_tbl_01015,m4vw_ext_00218,gob_ext_00400,gob_ext_00026,proc_ext_00390,dlk_ext_00429
dlk_proceso_0432;4;gob_tbl_00529,gob_tbl_00498,dlk_tbl_01941,proc_tbl_01244;10;gob_tbl_02149,dlk_tbl_01698,std_tbl_01651,proc_tbl_00442,dlk_tbl_00593,gob_tbl_01114,gob_ext_00304,dash_ext_00430,dlk_ext_00053,gob_ext_00074
proc_proceso_0433;2;gob_tbl_01246,gob_tbl_00109;13;dash_tbl_00755,gob_tbl_02020,gob_tbl_00125,proc_tbl_01978,proc_tbl_02120,dlk_tbl_00640,dlk_tbl_00524,gob_ext_00236,dash_ext_00282,proc_ext_00167,dlk_ext_00125,dash_ext_00156,m4vw_ext_00362
dlk_proceso_0434;7;dlk_tbl_01149,ppn_tbl_01565,dlk_tbl_01575,dash_tbl_00275,dlk_tbl_01283,proc_tbl_00017,dlk_tbl_01258;15;m4vw_tbl_01052,gob_tbl_01188,gob_tbl_01791,proc_tbl_00923,gob_tbl_01587,dlk_tbl_00030,dlk_tbl_01966,gob_tbl_00561,std_tbl_00115,gob_ext_00321,dlk_ext_00228,proc_ext_00105,dash_ext_00409,dash_ext_00240,gob_ext_00185
gob_proceso_0435;7;dlk_tbl_01956,dlk_tbl_00040,dlk_tbl_00881,gob_tbl_01780,dash_tbl_02138,gob_tbl_02055,gob_tbl_01969;9;std_tbl_01200,dash_tbl_00954,dlk_tbl_01331,proc_tbl_00418,std_tbl_01393,gob_ext_00208,gob_ext_00149,dlk_ext_00429,dlk_ext_00040
dash_proceso_0436;4;proc_tbl_00310,dlk_tbl_00546,proc_tbl_00156,m4sco_tbl_00122;10;gob_tbl_01357,proc_tbl_00921,gob_tbl_01122,gob_tbl_00940,dlk_tbl_01182,gob_tbl_01800,dlk_ext_00076,proc_ext_00383,proc_ext_00077,gob_ext_00152
dlk_proceso_0437;6;gob_tbl_01587,gob_tbl_00382,dlk_tbl_00850,dlk_tbl_00020,dash_tbl_00072,gob_tbl_01591;15;dlk_tbl_01705,gob_tbl_00446,gob_tbl_01212,dash_tbl_01776,dlk_tbl_00044,proc_tbl_01172,proc_tbl_00977,dlk_tbl_01138,dlk_tbl_00782,dash_ext_00240,gob_ext_00365,dlk_ext_00235,gob_ext_00374,dlk_ext_00328,gob_ext_00369
dlk_proceso_0438;5;gob_tbl_00302,m4sco_tbl_01032,dlk_tbl_00886,gob_tbl_01706,proc_tbl_00646;8;gob_tbl_00547,gob_tbl_00621,dlk_tbl_01530,gob_tbl_00269,proc_tbl_02186,gob_ext_00257,dlk_ext_00419,gob_ext_00410
dash_proceso_0439;4;dlk_tbl_01179,dlk_tbl_00058,proc_tbl_01308,dlk_tbl_00645;4;dlk_tbl_01351,dlk_tbl_00850,gob_ext_00208,dlk_ext_00006
gob_proceso_0440;8;proc_tbl_01376,gob_tbl_00561,proc_tbl_01541,proc_tbl_00650,dash_tbl_01764,dlk_tbl_00180,gob_tbl_00340,gob_tbl_00664;14;proc_tbl_00202,proc_tbl_01017,gob_tbl_01572,gob_tbl_00470,gob_tbl_01272,proc_tbl_02007,std_tbl_01554,m4sco_tbl_00820,gob_ext_00404,dash_ext_00320,gob_ext_00236,dlk_ext_00308,dash_ext_00103,gob_ext_00177
dash_proceso_0441;8;proc_tbl_00950,dash_tbl_01526,gob_tbl_00060,gob_tbl_02151,dlk_tbl_01534,gob_tbl_01610,gob_tbl_00983,dlk_tbl_00494;7;gob_tbl_01906,gob_tbl_02137,proc_tbl_02168,gob_tbl_01192,gob_ext_00128,proc_ext_00110,gob_ext_00119
proc_proceso_0442;3;gob_tbl_00776,proc_tbl_00505,proc_tbl_00805;12;dlk_tbl_01138,proc_tbl_01546,dash_tbl_00642,gob_tbl_01563,dlk_tbl_00523,dlk_tbl_00187,gob_tbl_01249,dlk_ext_00347,dlk_ext_00335,gob_ext_00413,gob_ext_00085,dlk_ext_00205
proc_proceso_0443;6;proc_tbl_01391,dlk_tbl_00145,gob_tbl_00570,dlk_tbl_01245,dlk_tbl_01980,std_tbl_00179;21;gob_tbl_00116,gob_tbl_00324,gob_tbl_01775,dlk_tbl_00148,dlk_tbl_01092,gob_tbl_00141,gob_tbl_01626,dlk_tbl_01493,dash_tbl_02138,dlk_tbl_01497,dlk_tbl_01179,dash_tbl_01495,dlk_ext_00325,dlk_ext_00150,dash_ext_00240,dash_ext_00103,gob_ext_00032,dlk_ext_00118,gob_ext_00304,dlk_ext_00254,gob_ext_00207
dlk_proceso_0444;5;dlk_tbl_01351,gob_tbl_01377,dlk_tbl_00397,gob_tbl_02062,gob_tbl_00316;8;gob_tbl_00598,dash_tbl_01924,proc_tbl_01860,dash_tbl_00072,dlk_tbl_01535,dlk_ext_00307,dlk_ext_00020,gob_ext_00083
dash_proceso_0445;8;dlk_tbl_02143,dlk_tbl_00558,gob_tbl_01963,dlk_tbl_00274,std_tbl_00982,dlk_tbl_01829,gob_tbl_00142,dash_tbl_01508;10;dlk_tbl_01092,dlk_tbl_01493,m4vw_tbl_01599,proc_tbl_01233,dlk_tbl_01804,dlk_tbl_01273,gob_ext_00332,gob_ext_00343,gob_ext_00146,gob_ext_00413
dlk_proceso_0446;4;dlk_tbl_01489,m4sco_tbl_01282,gob_tbl_01346,dash_tbl_01708;11;dash_tbl_02157,proc_tbl_00665,proc_tbl_01012,proc_tbl_00456,gob_tbl_01226,proc_tbl_01653,dlk_ext_00433,gob_ext_00359,dlk_ext_00203,dlk_ext_00302,dlk_ext_00292
dlk_proceso_0447;8;gob_tbl_00297,dash_tbl_01474,dlk_tbl_01121,dlk_tbl_00718,gob_tbl_00717,dlk_tbl_00506,dash_tbl_01828,proc_tbl_00768;7;m4sco_tbl_00122,gob_tbl_01916,dlk_tbl_00735,dash_tbl_00290,proc_ext_00013,dlk_ext_00402,gob_ext_00245
dlk_proceso_0448;3;m4vw_tbl_01052,gob_tbl_00828,gob_tbl_01449;8;gob_tbl_02107,gob_tbl_00378,gob_tbl_00821,gob_tbl_01929,dash_tbl_01404,proc_ext_00331,dlk_ext_00214,gob_ext_00269
gob_proceso_0449;5;dash_tbl_02167,gob_tbl_01650,gob_tbl_01784,dash_tbl_00743,gob_tbl_00353;7;dash_tbl_00959,dlk_tbl_00853,gob_tbl_01473,gob_tbl_00924,proc_ext_00158,dlk_ext_00056,gob_ext_00082
dlk_proceso_0450;4;std_tbl_01825,gob_tbl_00588,gob_tbl_00032,dlk_tbl_00300;4;gob_tbl_01626,dash_tbl_00741,dlk_ext_00388,dlk_ext_00213
proc_proceso_0451;2;proc_tbl_00090,gob_tbl_00678;12;dlk_tbl_01217,gob_tbl_00818,dash_tbl_01465,dlk_tbl_00110,dlk_tbl_01409,dlk_tbl_00782,dlk_tbl_00562,dlk_ext_00378,dlk_ext_00150,dlk_ext_00044,gob_ext_00185,dlk_ext_00023
gob_proceso_0452;3;dlk_tbl_01158,dlk_tbl_00148,dash_tbl_00440;7;dlk_tbl_01574,m4sco_tbl_00193,gob_tbl_00432,proc_tbl_00068,gob_ext_00285,gob_ext_00123,dlk_ext_00039
dlk_proceso_0453;5;gob_tbl_01797,gob_tbl_01161,dash_tbl_01617,gob_tbl_00584,dlk_tbl_00130;8;gob_tbl_00449,gob_tbl_02085,proc_tbl_00977,dlk_tbl_00534,proc_tbl_01307,dash_ext_00422,dlk_ext_00004,proc_ext_00217
gob_proceso_0454;3;gob_tbl_01293,proc_tbl_01334,dash_tbl_00822;17;m4vw_tbl_01862,m4vw_tbl_00489,dlk_tbl_01857,dlk_tbl_01720,gob_tbl_00232,dlk_tbl_00495,proc_tbl_00573,gob_tbl_00761,dlk_tbl_00757,dlk_tbl_02182,dlk_ext_00372,proc_ext_00390,m4vw_ext_00088,dlk_ext_00142,gob_ext_00170,gob_ext_00382,dlk_ext_00193
gob_proceso_0455;2;gob_tbl_01081,m4sco_tbl_00712;7;dlk_tbl_01589,dash_tbl_01828,gob_tbl_00289,m4vw_tbl_01310,dlk_ext_00273,dash_ext_00215,dash_ext_00007
dlk_proceso_0456;5;proc_tbl_01168,proc_tbl_01667,proc_tbl_01738,dlk_tbl_00806,dlk_tbl_00203;10;dlk_tbl_02133,dlk_tbl_00508,dlk_tbl_01356,proc_tbl_01654,gob_tbl_00903,dlk_tbl_00672,dlk_ext_00029,gob_ext_00207,dlk_ext_00056,dlk_ext_00347
dash_proceso_0457;7;proc_tbl_01044,gob_tbl_01422,gob_tbl_00598,gob_tbl_00295,m4vw_tbl_01336,proc_tbl_00441,dlk_tbl_01940;20;gob_tbl_00078,gob_tbl_01226,dlk_tbl_00148,dlk_tbl_00120,dlk_tbl_00059,m4vw_tbl_00272,proc_tbl_01380,gob_tbl_00597,gob_tbl_00864,gob_tbl_02091,proc_tbl_00442,proc_tbl_02145,dlk_ext_00106,dlk_ext_00398,proc_ext_00247,gob_ext_00400,m4sco_ext_00164,dlk_ext_00416,dlk_ext_00378,m4vw_ext_00088
proc_proceso_0458;6;dlk_tbl_00750,proc_tbl_00961,dlk_tbl_01917,gob_tbl_01968,gob_tbl_01478,gob_tbl_00054;6;gob_tbl_01612,gob_tbl_01276,dash_tbl_01189,gob_ext_00272,gob_ext_00140,proc_ext_00061
gob_proceso_0459;3;gob_tbl_01170,gob_tbl_01665,m4vw_tbl_01717;13;proc_tbl_00442,proc_tbl_01546,dlk_tbl_00540,gob_tbl_00255,proc_tbl_02070,ppn_tbl_00843,proc_tbl_01039,dlk_ext_00370,gob_ext_00087,gob_ext_00082,dlk_ext_00056,gob_ext_00047,dlk_ext_00011
gob_proceso_0460;5;proc_tbl_01166,dlk_tbl_01339,dlk_tbl_01492,gob_tbl_01551,dlk_tbl_01574;17;m4vw_tbl_01013,proc_tbl_01659,dlk_tbl_02182,gob_tbl_00177,gob_tbl_00324,gob_tbl_01927,gob_tbl_02053,dlk_tbl_00630,m4vw_tbl_02161,dlk_tbl_00641,gob_ext_00117,m4sco_ext_00166,gob_ext_00284,dlk_ext_00432,gob_ext_00376,dlk_ext_00370,dlk_ext_00065
dlk_proceso_0461;5;proc_tbl_01949,gob_tbl_01069,dlk_tbl_00955,dlk_tbl_00369,gob_tbl_01016;16;proc_tbl_00017,dlk_tbl_02096,proc_tbl_00151,gob_tbl_02055,gob_tbl_01422,dash_tbl_00043,gob_tbl_01543,dlk_tbl_01144,dlk_tbl_00612,dash_ext_00070,gob_ext_00332,gob_ext_00081,proc_ext_00234,dlk_ext_00006,proc_ext_00327,dlk_ext_00427
proc_proceso_0462;3;m4vw_tbl_02171,dash_tbl_01427,dlk_tbl_00172;5;dlk_tbl_00913,dlk_tbl_00532,gob_tbl_01877,gob_ext_00033,gob_ext_00382
gob_proceso_0463;3;gob_tbl_00940,proc_tbl_00511,gob_tbl_01611;9;gob_tbl_01454,proc_tbl_00391,gob_tbl_01079,gob_tbl_00727,dash_tbl_00406,gob_ext_00204,gob_ext_00374,gob_ext_00128,dash_ext_00017
dlk_proceso_0464;3;dlk_tbl_00602,gob_tbl_01462,dlk_tbl_00019;6;dlk_tbl_00914,dlk_tbl_00725,gob_tbl_00761,proc_ext_00013,std_ext_00022,gob_ext_00128
gob_proceso_0465;4;proc_tbl_02145,dlk_tbl_01672,gob_tbl_01768,dash_tbl_00549;7;dlk_tbl_02114,proc_tbl_01368,dlk_tbl_01101,dash_tbl_02138,gob_ext_00177,gob_ext_00365,dash_ext_00422
dash_proceso_0466;7;proc_tbl_00786,dlk_tbl_02174,dlk_tbl_00874,dlk_tbl_01297,dlk_tbl_00568,proc_tbl_00456,proc_tbl_01608;11;gob_tbl_00550,m4sco_tbl_00193,dlk_tbl_00480,dlk_tbl_00645,dlk_tbl_01434,proc_tbl_00315,gob_ext_00354,dlk_ext_00265,gob_ext_00220,dlk_ext_00192,m4sco_ext_00164
gob_proceso_0467;7;gob_tbl_00706,gob_tbl_00330,gob_tbl_00304,proc_tbl_01198,proc_tbl_02153,std_tbl_01311,m4sco_tbl_00970;9;dlk_tbl_01760,dlk_tbl_00819,proc_tbl_01233,gob_tbl_01131,dlk_tbl_00784,gob_ext_00216,dlk_ext_00011,dlk_ext_00233,gob_ext_00108
dlk_proceso_0468;6;m4vw_tbl_01862,dlk_tbl_00875,dlk_tbl_00034,gob_tbl_00448,gob_tbl_00767,dlk_tbl_02162;11;gob_tbl_00475,dlk_tbl_00397,dash_tbl_01590,gob_tbl_02108,m4sco_tbl_01619,dlk_tbl_00395,gob_ext_00226,dlk_ext_00433,gob_ext_00107,dlk_ext_00427,m4sco_ext_00164
proc_proceso_0469;5;dlk_tbl_01479,dlk_tbl_00960,gob_tbl_01288,dash_tbl_00191,dlk_tbl_01322;10;dlk_tbl_00886,dlk_tbl_01378,proc_tbl_01314,gob_tbl_01697,dlk_tbl_00532,m4sco_tbl_00820,dlk_ext_00076,dlk_ext_00160,gob_ext_00146,gob_ext_00342
dlk_proceso_0470;4;dlk_tbl_00346,proc_tbl_01326,gob_tbl_00485,gob_tbl_01975;14;dlk_tbl_01917,gob_tbl_00055,proc_tbl_01314,dlk_tbl_00969,gob_tbl_00894,gob_tbl_00324,m4sco_tbl_01461,dlk_tbl_00235,dlk_ext_00006,gob_ext_00400,gob_ext_00001,proc_ext_00234,dlk_ext_00425,std_ext_00134
dlk_proceso_0471;4;proc_tbl_01812,proc_tbl_00686,gob_tbl_01572,ppn_tbl_00832;10;gob_tbl_01146,gob_tbl_00160,dlk_tbl_00892,proc_tbl_01456,dash_tbl_00065,dlk_tbl_00424,gob_ext_00119,gob_ext_00200,gob_ext_00149,dash_ext_00338
gob_proceso_0472;4;dash_tbl_00929,gob_tbl_00840,dash_tbl_01528,gob_tbl_01878;6;gob_tbl_00077,dlk_tbl_01061,gob_tbl_01155,proc_ext_00061,std_ext_00311,dlk_ext_00302
dlk_proceso_0473;5;dlk_tbl_01821,gob_tbl_01105,gob_tbl_01977,dlk_tbl_01919,dlk_tbl_01410;7;gob_tbl_00053,dash_tbl_00468,gob_tbl_01572,dlk_tbl_02117,dlk_ext_00172,gob_ext_00099,proc_ext_00061
dlk_proceso_0474;3;proc_tbl_02039,proc_tbl_01068,gob_tbl_01452;11;dash_tbl_00755,gob_tbl_00964,m4vw_tbl_01928,dlk_tbl_01475,proc_tbl_00791,dlk_tbl_00627,dlk_ext_00011,gob_ext_00268,dash_ext_00360,gob_ext_00229,dash_ext_00435
proc_proceso_0475;7;gob_tbl_02121,gob_tbl_02064,m4sco_tbl_01364,proc_tbl_01525,gob_tbl_01015,gob_tbl_01632,gob_tbl_01018;10;gob_tbl_00576,std_tbl_00317,gob_tbl_00922,std_tbl_00366,m4sco_tbl_01295,dash_tbl_00166,dlk_ext_00148,dlk_ext_00129,gob_ext_00411,dlk_ext_00205
dlk_proceso_0476;3;std_tbl_01789,dlk_tbl_00601,dlk_tbl_00153;14;dlk_tbl_02088,gob_tbl_00435,m4vw_tbl_02041,dlk_tbl_01771,gob_tbl_01231,dlk_tbl_01426,dlk_tbl_01673,dlk_tbl_01423,dash_ext_00240,dlk_ext_00398,gob_ext_00184,proc_ext_00110,m4vw_ext_00068,dlk_ext_00150
dash_proceso_0477;2;std_tbl_00844,dlk_tbl_01647;15;gob_tbl_01370,gob_tbl_00411,dlk_tbl_00625,dlk_tbl_01584,std_tbl_00683,proc_tbl_01973,gob_tbl_00973,std_tbl_00157,m4vw_tbl_01915,gob_ext_00121,dlk_ext_00361,gob_ext_00126,gob_ext_00343,dash_ext_00258,gob_ext_00295
gob_proceso_0478;5;gob_tbl_00846,gob_tbl_00478,proc_tbl_00036,dlk_tbl_00214,proc_tbl_01974;13;dash_tbl_00273,gob_tbl_00454,gob_tbl_00821,dlk_tbl_01050,gob_tbl_02019,proc_tbl_01343,dlk_tbl_01735,gob_ext_00226,dlk_ext_00368,dlk_ext_00273,dlk_ext_00433,dash_ext_00360,dlk_ext_00341
proc_proceso_0479;2;dlk_tbl_00713,gob_tbl_00028;9;dlk_tbl_01303,dash_tbl_01731,proc_tbl_00637,gob_tbl_00576,dash_tbl_00357,dlk_ext_00125,dlk_ext_00214,dlk_ext_00129,dlk_ext_00098
gob_proceso_0480;3;gob_tbl_01079,dlk_tbl_00831,dlk_tbl_01676;13;m4vw_tbl_02041,dlk_tbl_00506,dlk_tbl_01092,gob_tbl_00610,dlk_tbl_00582,gob_tbl_01748,proc_tbl_01072,dlk_ext_00046,gob_ext_00295,dlk_ext_00399,dlk_ext_00071,dlk_ext_00199,gob_ext_00321
dlk_proceso_0481;4;proc_tbl_01842,std_tbl_01005,gob_tbl_01939,gob_tbl_01089;7;gob_tbl_00759,gob_tbl_00521,gob_tbl_00160,dlk_tbl_01568,dlk_ext_00254,gob_ext_00334,gob_ext_00001
dlk_proceso_0482;4;gob_tbl_01421,dlk_tbl_00358,dlk_tbl_01521,dlk_tbl_01242;14;dlk_tbl_00464,dlk_tbl_00134,gob_tbl_02060,gob_tbl_00525,dlk_tbl_00336,dash_tbl_01664,gob_tbl_02024,gob_tbl_02191,ppn_ext_00112,dlk_ext_00150,proc_ext_00353,gob_ext_00049,dlk_ext_00190,dlk_ext_00073
gob_proceso_0483;4;gob_tbl_01186,std_tbl_01907,m4vw_tbl_00345,dlk_tbl_00797;3;gob_tbl_00957,dlk_tbl_00523,dlk_ext_00076
gob_proceso_0484;3;gob_tbl_00864,std_tbl_02066,m4vw_tbl_01302;8;gob_tbl_01677,dlk_tbl_01263,dash_tbl_01318,gob_tbl_00555,dlk_tbl_01895,gob_ext_00371,gob_ext_00137,gob_ext_00184
dlk_proceso_0485;6;dlk_tbl_00735,std_tbl_00157,dlk_tbl_00220,proc_tbl_00227,gob_tbl_01543,gob_tbl_01745;9;gob_tbl_00250,gob_tbl_01146,m4vw_tbl_01013,gob_tbl_00063,proc_tbl_01376,dlk_ext_00315,gob_ext_00099,gob_ext_00074,dash_ext_00240
gob_proceso_0486;7;dlk_tbl_02040,dlk_tbl_00192,gob_tbl_02050,gob_tbl_01469,gob_tbl_00076,gob_tbl_01990,proc_tbl_01922;20;dlk_tbl_00553,proc_tbl_01126,dlk_tbl_00062,dlk_tbl_01489,gob_tbl_01820,gob_tbl_01073,gob_tbl_01139,m4vw_tbl_00901,dlk_tbl_00465,proc_tbl_02120,gob_tbl_01361,gob_tbl_01665,dash_ext_00007,dlk_ext_00341,dlk_ext_00416,dash_ext_00279,gob_ext_00201,dlk_ext_00420,dlk_ext_00363,std_ext_00277
dlk_proceso_0487;2;gob_tbl_00169,gob_tbl_00748;5;proc_tbl_00084,dlk_tbl_02133,proc_tbl_02168,dash_ext_00151,dash_ext_00070
gob_proceso_0488;5;dlk_tbl_00661,dlk_tbl_01466,gob_tbl_00475,proc_tbl_01973,proc_tbl_02070;8;dash_tbl_00711,m4vw_tbl_01915,dlk_tbl_01908,gob_tbl_00009,m4sco_tbl_00196,proc_ext_00339,dlk_ext_00388,dlk_ext_00016
dash_proceso_0489;4;dlk_tbl_00526,proc_tbl_01831,gob_tbl_01596,gob_tbl_00619;10;dlk_tbl_01040,dlk_tbl_01641,dlk_tbl_02123,proc_tbl_00079,gob_tbl_01063,dash_tbl_01799,m4vw_ext_00218,gob_ext_00225,dlk_ext_00065,gob_ext_00041
proc_proceso_0490;2;gob_tbl_00289,dlk_tbl_01426;7;gob_tbl_01551,gob_tbl_01587,dash_tbl_01724,proc_tbl_01566,gob_ext_00049,gob_ext_00382,dlk_ext_00101
dash_proceso_0491;2;gob_tbl_00400,gob_tbl_01538;13;proc_tbl_00637,gob_tbl_01587,m4vw_tbl_02041,gob_tbl_01056,dash_tbl_02140,gob_tbl_01353,std_tbl_00091,dlk_ext_00098,dash_ext_00189,dlk_ext_00341,gob_ext_00005,dash_ext_00075,proc_ext_00167
dlk_proceso_0492;7;gob_tbl_01181,m4sco_tbl_00196,dash_tbl_02138,proc_tbl_00175,gob_tbl_01243,gob_tbl_01533,proc_tbl_01129;4;gob_tbl_01918,gob_tbl_00243,gob_ext_00284,gob_ext_00321
gob_proceso_0493;6;dlk_tbl_00858,gob_tbl_01727,proc_tbl_01691,dlk_tbl_01663,dlk_tbl_01938,dlk_tbl_01022;10;std_tbl_01863,gob_tbl_01452,gob_tbl_00177,gob_tbl_01272,m4vw_tbl_01915,m4sco_tbl_02122,gob_ext_00102,dlk_ext_00318,dlk_ext_00056,dash_ext_00100
dlk_proceso_0494;5;gob_tbl_00432,gob_tbl_00801,dlk_tbl_01303,proc_tbl_00202,std_tbl_01651;16;dlk_tbl_00323,gob_tbl_00228,gob_tbl_01962,proc_tbl_00520,gob_tbl_01719,proc_tbl_01020,dlk_tbl_01964,dlk_tbl_01893,gob_tbl_02137,std_ext_00022,gob_ext_00057,gob_ext_00047,proc_ext_00383,dash_ext_00159,dlk_ext_00426,proc_ext_00043
proc_proceso_0495;8;dlk_tbl_00127,proc_tbl_00002,gob_tbl_02085,dash_tbl_00352,dlk_tbl_01704,dash_tbl_01206,proc_tbl_00079,dlk_tbl_00467;9;proc_tbl_01034,proc_tbl_00068,gob_tbl_01272,dlk_tbl_01702,dash_tbl_00624,dlk_ext_00065,std_ext_00054,dlk_ext_00046,gob_ext_00124
dash_proceso_0496;4;proc_tbl_01900,dlk_tbl_01618,ppn_tbl_00543,gob_tbl_01609;10;gob_tbl_01361,gob_tbl_00330,dlk_tbl_00466,dash_tbl_01888,dlk_tbl_01351,gob_tbl_00699,gob_ext_00404,gob_ext_00285,dlk_ext_00044,gob_ext_00208
gob_proceso_0497;3;gob_tbl_02054,dash_tbl_01407,gob_tbl_00621;14;m4vw_tbl_01915,gob_tbl_00588,dash_tbl_02065,dlk_tbl_01303,gob_tbl_00777,proc_tbl_01419,dlk_tbl_00566,std_tbl_01247,gob_ext_00047,dlk_ext_00160,dlk_ext_00308,dlk_ext_00144,m4sco_ext_00166,proc_ext_00339
dlk_proceso_0498;6;std_tbl_02152,proc_tbl_00995,std_tbl_00569,dash_tbl_00273,dlk_tbl_01148,gob_tbl_01459;10;gob_tbl_00377,dlk_tbl_02174,gob_tbl_01723,gob_tbl_01820,gob_tbl_02090,std_tbl_01235,gob_ext_00208,gob_ext_00143,proc_ext_00141,gob_ext_00306
gob_proceso_0499;5;proc_tbl_02003,dlk_tbl_01923,gob_tbl_00473,dash_tbl_00211,gob_tbl_00427;12;gob_tbl_00073,dlk_tbl_00303,proc_tbl_01653,gob_tbl_01160,gob_tbl_01820,dlk_tbl_00172,gob_tbl_00749,dlk_ext_00429,dlk_ext_00160,dlk_ext_00129,gob_ext_00343,dash_ext_00320
