DAG;NumTablasAlimenta;TablasAlimenta;NumTablasAlimentan;TablasAlimentan
gob_proceso_0000;4;dlk_tbl_01206,proc_tbl_01735,gob_tbl_03422,dlk_tbl_02696;6;gob_tbl_03617,gob_tbl_02963,gob_tbl_00716,dash_ext_00556,gob_ext_00104,dlk_ext_00021
gob_proceso_0001;6;dlk_tbl_01631,proc_tbl_03484,gob_tbl_00880,dlk_tbl_01553,std_tbl_00414,gob_tbl_03932;9;dlk_tbl_01827,proc_tbl_04028,dlk_tbl_00799,std_tbl_02729,proc_tbl_02737,std_ext_00032,proc_ext_00674,gob_ext_00683,dlk_ext_00625
gob_proceso_0002;6;gob_tbl_02253,proc_tbl_02818,gob_tbl_01808,gob_tbl_02955,dlk_tbl_00298,dlk_tbl_02258;6;gob_tbl_02272,m4sco_tbl_03494,gob_tbl_04054,dlk_ext_00615,dlk_ext_00671,dash_ext_00685
gob_proceso_0003;6;dlk_tbl_02672,gob_tbl_04349,gob_tbl_00612,std_tbl_04035,gob_tbl_00972,dlk_tbl_02250;10;gob_tbl_04360,dash_tbl_03837,dlk_tbl_03582,dlk_tbl_02609,proc_tbl_04490,dlk_tbl_00192,gob_ext_00645,gob_ext_00371,gob_ext_00035,dlk_ext_00692
gob_proceso_0004;4;dlk_tbl_00856,gob_tbl_02872,dlk_tbl_03620,dlk_tbl_02914;12;gob_tbl_00090,gob_tbl_02288,gob_tbl_00934,dash_tbl_02486,dlk_tbl_01249,dlk_tbl_00870,gob_tbl_02668,dlk_ext_00538,gob_ext_00424,proc_ext_00658,gob_ext_00601,dlk_ext_00376
dlk_proceso_0005;5;dlk_tbl_00725,dlk_tbl_03413,dash_tbl_00268,gob_tbl_03117,dlk_tbl_02962;8;dlk_tbl_00163,m4vw_tbl_02160,dlk_tbl_03607,dash_tbl_04246,gob_tbl_00421,gob_ext_00603,gob_ext_00035,gob_ext_00386
proc_proceso_0006;3;gob_tbl_01844,dlk_tbl_02954,dlk_tbl_03412;13;gob_tbl_03102,gob_tbl_01696,dlk_tbl_01118,dlk_tbl_03529,dlk_tbl_02775,gob_tbl_03420,gob_tbl_00754,proc_ext_00309,dash_ext_00160,gob_ext_00004,dlk_ext_00158,dlk_ext_00168,dash_ext_00015
proc_proceso_0007;5;dlk_tbl_02725,gob_tbl_04231,dlk_tbl_00914,dlk_tbl_02997,dlk_tbl_01107;11;dlk_tbl_02145,dlk_tbl_01903,dlk_tbl_02641,dlk_tbl_04247,gob_tbl_02037,dash_tbl_04473,proc_ext_00677,dlk_ext_00505,dlk_ext_00082,dlk_ext_00560,gob_ext_00319
dlk_proceso_0008;7;dlk_tbl_02566,dlk_tbl_03305,proc_tbl_00958,gob_tbl_04116,gob_tbl_03319,proc_tbl_03576,gob_tbl_00108;20;gob_tbl_02587,gob_tbl_03618,gob_tbl_02510,dlk_tbl_04377,gob_tbl_03528,gob_tbl_00904,gob_tbl_00299,dash_tbl_03861,dlk_tbl_02040,proc_tbl_03518,dlk_tbl_04026,dash_tbl_03504,dlk_ext_00552,dlk_ext_00548,dash_ext_00303,dlk_ext_00425,dlk_ext_00376,dlk_ext_00417,dash_ext_00028,dlk_ext_00054
dlk_proceso_0009;7;dlk_tbl_00902,dlk_tbl_02056,gob_tbl_03976,dlk_tbl_03529,gob_tbl_03455,std_tbl_01898,dlk_tbl_00316;9;m4sco_tbl_02001,gob_tbl_00630,gob_tbl_02961,dlk_tbl_04206,gob_tbl_01605,dlk_ext_00134,dlk_ext_00277,dlk_ext_00625,m4vw_ext_00452
dlk_proceso_0010;5;gob_tbl_04138,dlk_tbl_01531,proc_tbl_03134,gob_tbl_04352,dlk_tbl_02939;11;gob_tbl_01718,dlk_tbl_01389,dlk_tbl_02212,dash_tbl_03659,dlk_tbl_00038,dlk_tbl_01877,gob_ext_00152,gob_ext_00135,dlk_ext_00444,gob_ext_00440,gob_ext_00007
gob_proceso_0011;6;dlk_tbl_02059,dlk_tbl_01971,dash_tbl_01488,gob_tbl_02103,dlk_tbl_03540,proc_tbl_03846;6;gob_tbl_02723,dlk_tbl_02503,m4sco_tbl_04479,gob_ext_00087,proc_ext_00270,proc_ext_00547
gob_proceso_0012;8;dlk_tbl_03662,dlk_tbl_01957,m4vw_tbl_01857,dlk_tbl_00828,gob_tbl_01428,m4vw_tbl_02596,gob_tbl_01416,gob_tbl_02238;23;dlk_tbl_02005,gob_tbl_02463,proc_tbl_01318,gob_tbl_04217,proc_tbl_01138,dlk_tbl_02904,dlk_tbl_02690,dlk_tbl_02752,gob_tbl_02700,dlk_tbl_01569,dlk_tbl_02205,dlk_tbl_00538,gob_tbl_01855,std_ext_00205,dlk_ext_00394,dlk_ext_00617,dlk_ext_00155,proc_ext_00092,gob_ext_00371,dlk_ext_00564,dlk_ext_00297,dash_ext_00160,gob_ext_00267
dlk_proceso_0013;4;dlk_tbl_01454,dlk_tbl_00859,dlk_tbl_03944,gob_tbl_02946;10;dlk_tbl_00069,proc_tbl_00499,dlk_tbl_01754,dlk_tbl_02264,dlk_tbl_01118,gob_tbl_02794,gob_ext_00050,gob_ext_00573,proc_ext_00681,gob_ext_00581
dlk_proceso_0014;3;dlk_tbl_01402,std_tbl_03767,dlk_tbl_04431;8;gob_tbl_01297,dash_tbl_01724,dlk_tbl_04319,proc_tbl_02427,proc_tbl_04085,proc_ext_00528,gob_ext_00529,proc_ext_00043
dlk_proceso_0015;3;gob_tbl_01221,ppn_tbl_00515,dlk_tbl_04414;12;dlk_tbl_00918,proc_tbl_03905,proc_tbl_04125,gob_tbl_01051,m4vw_tbl_01857,dash_tbl_00613,dlk_tbl_01758,dlk_ext_00425,dlk_ext_00179,proc_ext_00430,proc_ext_00681,gob_ext_00117
dlk_proceso_0016;6;dash_tbl_00494,dlk_tbl_03671,dlk_tbl_02713,dlk_tbl_00870,proc_tbl_02924,m4vw_tbl_04154;6;dlk_tbl_02651,gob_tbl_01949,proc_tbl_00981,proc_ext_00147,dlk_ext_00425,proc_ext_00414
gob_proceso_0017;3;dash_tbl_00696,proc_tbl_03421,dlk_tbl_01390;4;dlk_tbl_04424,proc_tbl_03061,dlk_ext_00341,dlk_ext_00618
dlk_proceso_0018;4;dlk_tbl_01805,dlk_tbl_00951,dlk_tbl_03452,m4vw_tbl_03777;12;proc_tbl_01258,gob_tbl_01221,proc_tbl_02032,gob_tbl_03005,std_tbl_02173,proc_tbl_03934,dlk_tbl_01704,dlk_ext_00122,gob_ext_00009,dlk_ext_00565,gob_ext_00668,dlk_ext_00475
dlk_proceso_0019;3;gob_tbl_00226,dlk_tbl_03096,proc_tbl_02894;5;gob_tbl_03904,proc_tbl_01633,gob_tbl_03601,dlk_ext_00263,gob_ext_00114
dlk_proceso_0020;3;dlk_tbl_03423,proc_tbl_02464,gob_tbl_03621;8;gob_tbl_01539,dlk_tbl_00265,gob_tbl_04110,gob_tbl_01303,dash_tbl_02558,gob_ext_00592,dash_ext_00446,gob_ext_00056
proc_proceso_0021;4;gob_tbl_01127,gob_tbl_01132,gob_tbl_04106,dlk_tbl_03592;12;dash_tbl_04391,dlk_tbl_00385,gob_tbl_02161,dash_tbl_03502,gob_tbl_03881,dlk_tbl_03248,dlk_tbl_00361,dlk_ext_00425,proc_ext_00697,dash_ext_00252,dlk_ext_00182,gob_ext_00004
dlk_proceso_0022;5;gob_tbl_02882,dlk_tbl_01389,m4sco_tbl_02001,dlk_tbl_04448,dlk_tbl_00893;12;dlk_tbl_04314,proc_tbl_03263,proc_tbl_02731,proc_tbl_01344,gob_tbl_02988,dlk_tbl_00222,dlk_tbl_00775,dlk_ext_00692,gob_ext_00140,gob_ext_00533,gob_ext_00637,gob_ext_00511
dlk_proceso_0023;4;gob_tbl_04140,dlk_tbl_04201,gob_tbl_04313,gob_tbl_03244;17;proc_tbl_03819,proc_tbl_03137,dlk_tbl_02572,proc_tbl_01772,gob_tbl_03552,dlk_tbl_00694,gob_tbl_04488,dlk_tbl_03266,dlk_tbl_04489,dlk_tbl_01565,dlk_ext_00519,std_ext_00094,dlk_ext_00248,dlk_ext_00074,dash_ext_00151,dlk_ext_00493,gob_ext_00630
gob_proceso_0024;5;dlk_tbl_01347,gob_tbl_00710,dlk_tbl_00425,dlk_tbl_02633,dash_tbl_00613;8;gob_tbl_01322,proc_tbl_02809,gob_tbl_00704,dlk_tbl_01159,dlk_tbl_01879,m4sco_ext_00486,gob_ext_00592,gob_ext_00075
gob_proceso_0025;5;proc_tbl_03083,gob_tbl_04223,gob_tbl_04064,gob_tbl_02473,gob_tbl_03262;14;dlk_tbl_00433,gob_tbl_00745,std_tbl_01586,dlk_tbl_01387,dlk_tbl_01891,dlk_tbl_00267,proc_tbl_00349,proc_tbl_04196,m4sco_ext_00031,dlk_ext_00073,dlk_ext_00594,gob_ext_00529,dlk_ext_00012,dlk_ext_00074
gob_proceso_0026;6;m4sco_tbl_01634,dlk_tbl_02138,dlk_tbl_03461,proc_tbl_01592,dlk_tbl_01198,gob_tbl_03843;6;gob_tbl_03431,dash_tbl_04481,m4vw_tbl_00862,gob_ext_00555,gob_ext_00244,dlk_ext_00403
dlk_proceso_0027;5;dash_tbl_04486,proc_tbl_01750,dlk_tbl_00532,dlk_tbl_03578,gob_tbl_00782;10;gob_tbl_03606,gob_tbl_04089,gob_tbl_00932,gob_tbl_03827,proc_tbl_00517,m4vw_tbl_03777,dlk_ext_00625,proc_ext_00665,dash_ext_00160,dlk_ext_00298
dlk_proceso_0028;6;gob_tbl_02206,gob_tbl_03007,proc_tbl_00115,gob_tbl_04144,gob_tbl_04219,std_tbl_03067;5;dash_tbl_00187,gob_tbl_03124,dlk_tbl_00902,std_ext_00672,proc_ext_00043
proc_proceso_0029;6;dlk_tbl_02234,gob_tbl_02704,m4sco_tbl_00170,m4sco_tbl_04245,gob_tbl_02788,proc_tbl_02260;10;gob_tbl_01034,dash_tbl_03401,proc_tbl_02388,dlk_tbl_03071,m4vw_tbl_02395,gob_tbl_00941,dlk_ext_00163,gob_ext_00584,dlk_ext_00122,dlk_ext_00688
proc_proceso_0030;6;gob_tbl_00711,dash_tbl_00269,dlk_tbl_01429,std_tbl_02729,gob_tbl_02837,ppn_tbl_00987;10;dlk_tbl_03367,gob_tbl_02639,dlk_tbl_04441,gob_tbl_02469,dlk_tbl_03250,proc_tbl_01978,gob_ext_00498,dlk_ext_00604,dlk_ext_00635,dlk_ext_00617
gob_proceso_0031;2;gob_tbl_03009,gob_tbl_02012;12;gob_tbl_04250,dlk_tbl_03940,gob_tbl_02984,dlk_tbl_04431,gob_tbl_03946,dlk_tbl_01456,std_tbl_00275,dlk_ext_00217,proc_ext_00385,proc_ext_00414,proc_ext_00437,proc_ext_00687
gob_proceso_0032;6;dash_tbl_00368,dlk_tbl_01133,gob_tbl_00941,proc_tbl_01908,dash_tbl_02803,dlk_tbl_00194;11;dlk_tbl_00095,proc_tbl_01275,gob_tbl_00066,gob_tbl_02955,dlk_tbl_00838,dlk_tbl_04396,ppn_ext_00664,dlk_ext_00403,dlk_ext_00560,gob_ext_00140,dash_ext_00317
dlk_proceso_0033;5;dlk_tbl_00061,dash_tbl_03374,dlk_tbl_04273,dash_tbl_01598,gob_tbl_03110;5;gob_tbl_00741,gob_tbl_02384,gob_tbl_01236,ppn_ext_00664,proc_ext_00333
gob_proceso_0034;2;dlk_tbl_02721,dlk_tbl_01873;12;proc_tbl_02999,dlk_tbl_00890,gob_tbl_04034,dlk_tbl_01965,dlk_tbl_00788,dlk_tbl_00190,dlk_tbl_02564,proc_ext_00399,dlk_ext_00643,gob_ext_00488,gob_ext_00567,m4sco_ext_00656
dlk_proceso_0035;4;dlk_tbl_00443,gob_tbl_01614,dlk_tbl_03578,std_tbl_04038;10;dlk_tbl_02618,gob_tbl_02191,proc_tbl_02342,gob_tbl_03111,dash_tbl_02101,dash_tbl_00187,gob_ext_00694,proc_ext_00258,proc_ext_00282,gob_ext_00601
gob_proceso_0036;5;dlk_tbl_02676,gob_tbl_04475,gob_tbl_02116,dlk_tbl_03458,gob_tbl_02463;7;dlk_tbl_00433,dlk_tbl_00543,proc_tbl_04028,dlk_tbl_00761,gob_ext_00600,gob_ext_00009,gob_ext_00637
gob_proceso_0037;7;m4vw_tbl_00312,dlk_tbl_03939,dlk_tbl_03216,dash_tbl_02167,gob_tbl_01317,dlk_tbl_01351,gob_tbl_02437;6;gob_tbl_01514,proc_tbl_03081,gob_tbl_03682,proc_ext_00665,ppn_ext_00088,dlk_ext_00134
dlk_proceso_0038;3;gob_tbl_03430,std_tbl_01277,gob_tbl_01283;12;std_tbl_03896,gob_tbl_03822,proc_tbl_02787,dlk_tbl_01530,proc_tbl_01721,gob_tbl_04322,gob_tbl_02628,dlk_ext_00632,proc_ext_00665,gob_ext_00421,dlk_ext_00659,dlk_ext_00574
dlk_proceso_0039;7;dash_tbl_00541,gob_tbl_02217,gob_tbl_03340,gob_tbl_00647,m4sco_tbl_00785,dlk_tbl_01843,proc_tbl_02240;15;proc_tbl_03615,gob_tbl_02157,proc_tbl_00019,dlk_tbl_01178,dash_tbl_00457,gob_tbl_01512,dlk_tbl_02891,proc_tbl_00047,dlk_tbl_03278,dlk_ext_00431,dlk_ext_00263,proc_ext_00339,gob_ext_00320,dlk_ext_00512,gob_ext_00007
dash_proceso_0040;3;gob_tbl_00706,gob_tbl_03226,dash_tbl_03362;12;dash_tbl_03053,dlk_tbl_02571,dlk_tbl_03912,dlk_tbl_02529,proc_tbl_01556,gob_tbl_00885,dlk_tbl_01941,m4sco_ext_00656,dlk_ext_00283,dlk_ext_00306,m4vw_ext_00452,dlk_ext_00394
dash_proceso_0041;4;gob_tbl_01709,gob_tbl_04164,gob_tbl_04124,dlk_tbl_04055;4;std_tbl_03796,proc_tbl_02818,dlk_ext_00277,dash_ext_00289
dlk_proceso_0042;7;gob_tbl_04252,dash_tbl_04272,dlk_tbl_03466,dlk_tbl_01607,dlk_tbl_00280,proc_tbl_04325,gob_tbl_02391;9;m4vw_tbl_00312,gob_tbl_04262,gob_tbl_04423,gob_tbl_02245,dlk_tbl_03811,gob_ext_00140,gob_ext_00141,dash_ext_00359,proc_ext_00644
dlk_proceso_0043;5;dash_tbl_01770,dlk_tbl_00744,proc_tbl_01320,m4vw_tbl_01350,proc_tbl_02691;5;dlk_tbl_02049,gob_tbl_02537,m4vw_tbl_04065,proc_ext_00623,dash_ext_00214
dlk_proceso_0044;4;dlk_tbl_02905,proc_tbl_04415,dlk_tbl_02489,gob_tbl_04108;12;dlk_tbl_03172,gob_tbl_02254,gob_tbl_04082,dlk_tbl_01533,gob_tbl_01150,gob_tbl_02903,proc_tbl_03553,gob_ext_00620,proc_ext_00404,dlk_ext_00091,dash_ext_00303,dlk_ext_00422
dlk_proceso_0045;3;proc_tbl_03687,gob_tbl_02615,dlk_tbl_00997;9;dlk_tbl_00824,dlk_tbl_01271,std_tbl_01278,m4vw_tbl_03032,dlk_tbl_00056,dash_ext_00290,dlk_ext_00217,dlk_ext_00158,gob_ext_00667
dlk_proceso_0046;6;dlk_tbl_02302,proc_tbl_00841,gob_tbl_04371,gob_tbl_04033,proc_tbl_00440,gob_tbl_03852;10;proc_tbl_03195,gob_tbl_00932,dash_tbl_01822,dlk_tbl_04378,dlk_tbl_01850,dlk_tbl_01745,gob_ext_00087,dlk_ext_00653,dlk_ext_00286,dlk_ext_00300
gob_proceso_0047;4;dlk_tbl_03757,dlk_tbl_04181,dlk_tbl_02852,gob_tbl_00484;10;m4sco_tbl_01820,dlk_tbl_02958,gob_tbl_02619,gob_tbl_03857,gob_tbl_02663,dash_tbl_03517,proc_ext_00095,dlk_ext_00115,gob_ext_00379,gob_ext_00329
dlk_proceso_0048;6;dash_tbl_03943,dlk_tbl_03515,gob_tbl_04099,proc_tbl_00899,dlk_tbl_03157,gob_tbl_03885;11;proc_tbl_00786,gob_tbl_03118,dlk_tbl_00778,proc_tbl_02084,dlk_tbl_01079,gob_tbl_01756,gob_ext_00038,dlk_ext_00391,gob_ext_00107,dlk_ext_00552,gob_ext_00423
gob_proceso_0049;4;proc_tbl_03016,gob_tbl_00905,gob_tbl_00699,dlk_tbl_00990;11;gob_tbl_03688,dash_tbl_01172,gob_tbl_03555,dlk_tbl_00274,proc_tbl_02653,dlk_tbl_03717,dlk_ext_00123,dash_ext_00303,dlk_ext_00217,gob_ext_00178,dlk_ext_00635
dlk_proceso_0050;4;dlk_tbl_01074,gob_tbl_04113,dlk_tbl_01754,dlk_tbl_03898;6;dlk_tbl_02770,gob_tbl_04350,dlk_tbl_04227,dlk_ext_00548,dlk_ext_00431,dlk_ext_00519
gob_proceso_0051;5;dlk_tbl_01941,dlk_tbl_00378,gob_tbl_03147,dlk_tbl_01233,dlk_tbl_04127;8;proc_tbl_01205,std_tbl_03386,m4sco_tbl_00536,proc_tbl_02052,dlk_tbl_02609,gob_ext_00529,gob_ext_00520,dlk_ext_00445
dlk_proceso_0052;6;dlk_tbl_01891,proc_tbl_01002,gob_tbl_01129,dash_tbl_04481,proc_tbl_02517,proc_tbl_03894;10;dlk_tbl_03238,dash_tbl_02845,dlk_tbl_01981,gob_tbl_01558,gob_tbl_00303,proc_tbl_03101,gob_ext_00288,dash_ext_00252,dlk_ext_00020,gob_ext_00645
gob_proceso_0053;5;dlk_tbl_00267,dlk_tbl_03550,m4vw_tbl_00728,dlk_tbl_00625,proc_tbl_02763;8;ppn_tbl_03233,proc_tbl_01035,proc_tbl_01357,proc_tbl_02625,gob_tbl_02980,dlk_ext_00313,gob_ext_00118,gob_ext_00178
gob_proceso_0054;6;dlk_tbl_02760,gob_tbl_03994,std_tbl_04301,proc_tbl_01448,dlk_tbl_01474,gob_tbl_02320;12;gob_tbl_00521,dash_tbl_00003,dlk_tbl_02202,dlk_tbl_00244,dlk_tbl_00038,gob_tbl_03742,gob_tbl_04089,gob_ext_00152,dlk_ext_00347,dlk_ext_00188,proc_ext_00098,gob_ext_00575
proc_proceso_0055;2;proc_tbl_02802,dlk_tbl_00849;6;proc_tbl_02342,proc_tbl_01293,dlk_tbl_00196,std_ext_00170,gob_ext_00351,dlk_ext_00306
gob_proceso_0056;3;gob_tbl_02243,gob_tbl_00840,dlk_tbl_02541;6;dlk_tbl_01511,dlk_tbl_04336,dlk_tbl_00433,dlk_ext_00436,m4sco_ext_00197,ppn_ext_00072
dlk_proceso_0057;3;gob_tbl_02447,dlk_tbl_00504,gob_tbl_02161;11;gob_tbl_00588,gob_tbl_02279,gob_tbl_02215,dlk_tbl_03004,std_tbl_00574,dash_tbl_04388,dlk_ext_00443,dlk_ext_00373,dlk_ext_00471,dlk_ext_00403,gob_ext_00592
proc_proceso_0058;3;proc_tbl_00519,proc_tbl_00863,dash_tbl_03315;13;gob_tbl_03606,dlk_tbl_00420,proc_tbl_03419,dlk_tbl_02758,dlk_tbl_00949,dlk_tbl_02182,dlk_tbl_02378,dlk_ext_00652,dlk_ext_00306,m4vw_ext_00222,m4sco_ext_00486,gob_ext_00351,dash_ext_00160
dash_proceso_0059;3;dlk_tbl_01294,gob_tbl_03961,proc_tbl_01684;14;dlk_tbl_03931,dlk_tbl_01667,dash_tbl_02764,proc_tbl_01190,gob_tbl_02543,proc_tbl_00623,gob_tbl_00596,gob_tbl_01604,gob_ext_00117,proc_ext_00043,std_ext_00032,dlk_ext_00475,gob_ext_00257,dlk_ext_00391
dlk_proceso_0060;3;dlk_tbl_01048,proc_tbl_03434,proc_tbl_03109;8;dlk_tbl_01037,proc_tbl_02240,dlk_tbl_00939,dlk_tbl_00679,dash_tbl_03997,dlk_ext_00177,proc_ext_00043,gob_ext_00132
dlk_proceso_0061;5;std_tbl_02576,gob_tbl_02716,proc_tbl_02385,dash_tbl_02421,gob_tbl_03382;8;proc_tbl_03366,dlk_tbl_02449,std_tbl_02790,dlk_tbl_00616,dlk_tbl_00805,gob_ext_00506,proc_ext_00644,gob_ext_00131
dlk_proceso_0062;4;proc_tbl_02626,proc_tbl_01966,dlk_tbl_03859,proc_tbl_02376;9;dlk_tbl_02747,proc_tbl_03252,dlk_tbl_00679,gob_tbl_01459,dlk_tbl_01754,gob_ext_00035,dlk_ext_00179,std_ext_00579,dlk_ext_00456
gob_proceso_0063;3;gob_tbl_03344,dlk_tbl_03935,dlk_tbl_00492;11;gob_tbl_02735,gob_tbl_02987,proc_tbl_02750,gob_tbl_04180,proc_tbl_00041,dlk_tbl_02819,dlk_ext_00615,gob_ext_00555,gob_ext_00007,dlk_ext_00263,dlk_ext_00560
dlk_proceso_0064;4;gob_tbl_02857,proc_tbl_00830,gob_tbl_03361,dash_tbl_02434;7;dlk_tbl_03534,std_tbl_04158,dash_tbl_01375,gob_tbl_02892,gob_ext_00117,proc_ext_00027,proc_ext_00547
dlk_proceso_0065;4;m4vw_tbl_00935,proc_tbl_01938,gob_tbl_02896,dlk_tbl_01959;17;dash_tbl_03500,dash_tbl_04326,dlk_tbl_02180,std_tbl_04158,proc_tbl_00556,dlk_tbl_00487,proc_tbl_03133,m4vw_tbl_04497,proc_tbl_01684,dlk_tbl_03584,dlk_ext_00066,gob_ext_00099,dlk_ext_00364,proc_ext_00281,dash_ext_00229,proc_ext_00644,dlk_ext_00306
dlk_proceso_0066;5;proc_tbl_02158,dlk_tbl_03116,gob_tbl_03508,gob_tbl_00772,dlk_tbl_00043;5;std_tbl_01655,std_tbl_02576,proc_tbl_01772,dlk_ext_00493,dash_ext_00015
gob_proceso_0067;2;proc_tbl_02737,dlk_tbl_01896;20;gob_tbl_02892,dlk_tbl_01791,dash_tbl_00811,dash_tbl_00813,proc_tbl_04085,dash_tbl_03119,gob_tbl_01536,dash_tbl_01888,dlk_tbl_03074,dlk_tbl_00533,dlk_tbl_04298,std_tbl_01889,std_ext_00672,gob_ext_00000,dash_ext_00233,dlk_ext_00565,gob_ext_00603,dash_ext_00160,gob_ext_00112,dlk_ext_00332
dlk_proceso_0068;2;dlk_tbl_03123,dlk_tbl_01157;5;dlk_tbl_01402,dlk_tbl_04288,m4vw_tbl_03738,dlk_ext_00296,gob_ext_00165
gob_proceso_0069;4;dlk_tbl_00458,dlk_tbl_02295,dlk_tbl_03296,dash_tbl_04324;6;std_tbl_03812,dlk_tbl_04120,proc_tbl_01290,proc_ext_00547,proc_ext_00437,dlk_ext_00301
dlk_proceso_0070;6;dash_tbl_01480,dash_tbl_04015,proc_tbl_03337,dlk_tbl_00064,gob_tbl_00139,proc_tbl_00191;13;gob_tbl_01817,dlk_tbl_00793,std_tbl_03970,dlk_tbl_02651,dlk_tbl_02067,dlk_tbl_04201,gob_tbl_02381,dash_ext_00446,dash_ext_00501,dlk_ext_00228,m4sco_ext_00595,dlk_ext_00296,gob_ext_00291
proc_proceso_0071;3;gob_tbl_01485,dlk_tbl_00501,dlk_tbl_00291;13;dash_tbl_04013,dlk_tbl_01456,dlk_tbl_01052,dlk_tbl_01387,gob_tbl_04159,dlk_tbl_03564,gob_tbl_00617,dlk_ext_00185,gob_ext_00240,dlk_ext_00393,dlk_ext_00417,dlk_ext_00373,gob_ext_00000
dash_proceso_0072;3;gob_tbl_02476,dlk_tbl_00857,dlk_tbl_04288;12;dash_tbl_01650,dlk_tbl_04378,ppn_tbl_03765,dlk_tbl_01244,m4sco_tbl_00686,proc_tbl_00554,dlk_tbl_00105,gob_ext_00207,dash_ext_00160,proc_ext_00682,dlk_ext_00168,m4sco_ext_00656
proc_proceso_0073;6;dash_tbl_03089,dlk_tbl_00567,gob_tbl_01868,gob_tbl_02337,gob_tbl_04238,gob_tbl_02162;10;gob_tbl_01643,dlk_tbl_03902,proc_tbl_03237,proc_tbl_01956,proc_tbl_00188,gob_tbl_03533,dlk_ext_00538,dlk_ext_00161,proc_ext_00345,dlk_ext_00402
gob_proceso_0074;5;dash_tbl_01269,gob_tbl_03321,dlk_tbl_04365,gob_tbl_02401,proc_tbl_04216;17;gob_tbl_03186,gob_tbl_02943,proc_tbl_03894,dlk_tbl_01992,gob_tbl_04064,dlk_tbl_02659,dlk_tbl_00997,gob_tbl_01712,dlk_tbl_03478,dlk_tbl_00099,dlk_ext_00283,dlk_ext_00493,dlk_ext_00626,m4sco_ext_00031,dlk_ext_00251,std_ext_00672,dash_ext_00321
gob_proceso_0075;5;proc_tbl_03377,dlk_tbl_01370,gob_tbl_02037,m4sco_tbl_02155,gob_tbl_01110;17;dash_tbl_01084,dlk_tbl_02644,gob_tbl_03106,dash_tbl_04151,dlk_tbl_01970,dlk_tbl_01090,dlk_tbl_03639,gob_tbl_02714,dlk_tbl_04332,proc_tbl_02625,gob_ext_00609,dlk_ext_00208,ppn_ext_00549,dlk_ext_00300,gob_ext_00575,dlk_ext_00185,proc_ext_00001
dlk_proceso_0076;5;gob_tbl_03027,dlk_tbl_01763,proc_tbl_02343,dash_tbl_02287,dlk_tbl_02352;8;gob_tbl_02470,proc_tbl_03061,gob_tbl_04074,proc_tbl_00496,dlk_tbl_00599,dash_ext_00030,dlk_ext_00372,ppn_ext_00083
gob_proceso_0077;5;m4sco_tbl_00544,gob_tbl_02718,proc_tbl_01920,proc_tbl_03553,proc_tbl_03893;10;dlk_tbl_04405,dlk_tbl_03120,gob_tbl_01362,gob_tbl_01040,gob_tbl_03852,proc_tbl_02680,dlk_ext_00232,dlk_ext_00470,gob_ext_00140,dash_ext_00047
dlk_proceso_0078;3;dlk_tbl_02529,gob_tbl_01922,dlk_tbl_04067;9;proc_tbl_01427,gob_tbl_01284,proc_tbl_02062,dlk_tbl_00564,proc_tbl_00371,std_ext_00515,proc_ext_00399,gob_ext_00127,proc_ext_00246
dash_proceso_0079;2;proc_tbl_02088,dlk_tbl_04166;15;gob_tbl_01656,dlk_tbl_01557,dlk_tbl_03201,dash_tbl_02863,dlk_tbl_01588,gob_tbl_00716,gob_tbl_00843,dlk_tbl_02600,proc_tbl_03097,dlk_ext_00079,gob_ext_00117,std_ext_00352,gob_ext_00420,proc_ext_00633,dlk_ext_00659
gob_proceso_0080;3;dlk_tbl_01769,dlk_tbl_04056,proc_tbl_04498;8;dlk_tbl_03541,gob_tbl_04303,dlk_tbl_03292,gob_tbl_01658,dlk_tbl_01230,dash_ext_00252,dlk_ext_00108,gob_ext_00367
proc_proceso_0081;9;dlk_tbl_03830,proc_tbl_00041,ppn_tbl_03306,dlk_tbl_02509,dlk_tbl_00509,dash_tbl_01822,dlk_tbl_00824,dlk_tbl_01875,gob_tbl_01453;14;gob_tbl_02469,gob_tbl_01412,gob_tbl_02593,dash_tbl_02237,dlk_tbl_02641,dlk_tbl_00433,gob_tbl_02611,dash_tbl_04324,dlk_ext_00248,dlk_ext_00693,dash_ext_00290,dash_ext_00647,dlk_ext_00467,gob_ext_00262
gob_proceso_0082;5;proc_tbl_00341,dlk_tbl_00512,dlk_tbl_02544,dlk_tbl_02754,dlk_tbl_03082;9;dlk_tbl_03793,gob_tbl_02710,dlk_tbl_01611,dlk_tbl_01081,proc_tbl_00635,proc_ext_00022,gob_ext_00262,proc_ext_00164,dlk_ext_00298
proc_proceso_0083;6;gob_tbl_00232,dlk_tbl_00110,proc_tbl_00055,gob_tbl_00923,gob_tbl_00359,dash_tbl_02764;11;dlk_tbl_01118,gob_tbl_03354,proc_tbl_03368,dlk_tbl_04346,gob_tbl_03682,dlk_tbl_01053,std_ext_00032,ppn_ext_00088,gob_ext_00584,gob_ext_00450,dlk_ext_00373
dlk_proceso_0084;6;dlk_tbl_00757,gob_tbl_03153,dlk_tbl_01114,proc_tbl_03137,dlk_tbl_03936,gob_tbl_03404;10;gob_tbl_03526,gob_tbl_01220,gob_tbl_00390,dash_tbl_03448,dlk_tbl_01965,dlk_tbl_03696,dlk_ext_00111,gob_ext_00684,gob_ext_00575,dlk_ext_00560
dlk_proceso_0085;4;proc_tbl_01567,proc_tbl_00386,gob_tbl_03472,gob_tbl_02649;6;proc_tbl_03097,gob_tbl_01322,dlk_tbl_04314,gob_ext_00555,dlk_ext_00444,dlk_ext_00091
proc_proceso_0086;4;m4sco_tbl_01211,gob_tbl_04456,gob_tbl_01715,proc_tbl_02969;9;gob_tbl_04089,gob_tbl_04255,gob_tbl_02507,dlk_tbl_03460,gob_tbl_02510,dlk_ext_00020,proc_ext_00673,gob_ext_00634,dash_ext_00229
dlk_proceso_0087;5;gob_tbl_02568,std_tbl_04389,proc_tbl_00869,gob_tbl_00090,dash_tbl_03604;7;dlk_tbl_01611,dlk_tbl_04025,dlk_tbl_00638,gob_tbl_03683,dlk_ext_00188,dlk_ext_00208,proc_ext_00658
dlk_proceso_0088;4;dlk_tbl_01336,gob_tbl_02621,proc_tbl_01002,gob_tbl_03160;10;gob_tbl_02956,std_tbl_02213,proc_tbl_00614,dlk_tbl_02555,dlk_tbl_00487,gob_tbl_02699,dlk_ext_00162,dlk_ext_00458,proc_ext_00566,gob_ext_00413
dlk_proceso_0089;7;gob_tbl_00573,dlk_tbl_03952,proc_tbl_02970,proc_tbl_01829,gob_tbl_00450,dash_tbl_02007,dlk_tbl_02136;11;proc_tbl_00151,gob_tbl_01715,dash_tbl_00751,dlk_tbl_02808,dlk_tbl_02448,dlk_tbl_04496,dlk_ext_00661,dlk_ext_00425,dash_ext_00160,gob_ext_00007,dash_ext_00151
dlk_proceso_0090;3;gob_tbl_02795,dlk_tbl_02856,dlk_tbl_03167;15;gob_tbl_04349,proc_tbl_03440,gob_tbl_00578,dlk_tbl_00141,gob_tbl_03373,gob_tbl_01335,proc_tbl_03195,gob_tbl_00007,dlk_tbl_01552,dlk_ext_00407,gob_ext_00481,dash_ext_00247,dlk_ext_00330,dash_ext_00608,proc_ext_00022
gob_proceso_0091;7;dlk_tbl_03399,dash_tbl_03517,dlk_tbl_00099,proc_tbl_02118,gob_tbl_01469,dlk_tbl_01071,dlk_tbl_01420;1;m4sco_tbl_04479
proc_proceso_0092;4;gob_tbl_00260,gob_tbl_04334,gob_tbl_00510,dlk_tbl_03071;11;gob_tbl_01199,dlk_tbl_03949,gob_tbl_04349,dlk_tbl_00308,gob_tbl_00297,dlk_tbl_01590,dlk_ext_00403,proc_ext_00022,dash_ext_00501,dlk_ext_00090,gob_ext_00384
gob_proceso_0093;2;dash_tbl_04476,gob_tbl_02176;12;dlk_tbl_03844,std_tbl_02204,dlk_tbl_01037,dlk_tbl_01381,proc_tbl_01501,dlk_tbl_03372,dlk_tbl_00184,proc_ext_00670,gob_ext_00637,dlk_ext_00213,gob_ext_00483,dlk_ext_00652
dash_proceso_0094;3;proc_tbl_04468,gob_tbl_00818,dlk_tbl_00721;9;m4sco_tbl_02001,dlk_tbl_00190,gob_tbl_04113,proc_tbl_03237,dlk_tbl_03090,dlk_ext_00467,ppn_ext_00072,dlk_ext_00580,std_ext_00572
dlk_proceso_0095;7;proc_tbl_01442,gob_tbl_02154,gob_tbl_02824,dash_tbl_00237,std_tbl_04158,dlk_tbl_03196,std_tbl_02733;10;dlk_tbl_02858,gob_tbl_02111,gob_tbl_00783,proc_tbl_03593,proc_tbl_02118,dlk_tbl_01289,dlk_ext_00526,gob_ext_00117,std_ext_00502,proc_ext_00644
dlk_proceso_0096;2;dlk_tbl_01463,dlk_tbl_04260;12;dlk_tbl_03800,gob_tbl_04349,dlk_tbl_02196,dlk_tbl_03291,gob_tbl_03693,gob_tbl_01482,dlk_tbl_03289,dlk_ext_00093,dlk_ext_00535,dlk_ext_00538,proc_ext_00164,dlk_ext_00108
dash_proceso_0097;4;dash_tbl_03072,dlk_tbl_02205,dlk_tbl_02630,gob_tbl_03876;6;proc_tbl_00640,dash_tbl_03389,dlk_tbl_00564,dlk_ext_00493,std_ext_00455,std_ext_00352
dlk_proceso_0098;4;dlk_tbl_00125,dash_tbl_00156,dlk_tbl_03785,gob_tbl_02521;11;gob_tbl_01817,gob_tbl_02254,dlk_tbl_03898,proc_tbl_00349,dlk_tbl_01615,dlk_tbl_01206,dlk_ext_00679,gob_ext_00106,dlk_ext_00663,dlk_ext_00266,dash_ext_00151
proc_proceso_0099;7;gob_tbl_02038,dlk_tbl_00805,gob_tbl_02500,ppn_tbl_01562,dlk_tbl_04189,proc_tbl_02736,dash_tbl_00979;10;dash_tbl_01942,gob_tbl_01783,proc_tbl_02392,dlk_tbl_04007,gob_tbl_02276,dlk_tbl_03105,gob_ext_00035,gob_ext_00320,dash_ext_00241,gob_ext_00076
proc_proceso_0100;5;std_tbl_02121,dlk_tbl_03582,gob_tbl_00418,gob_tbl_03822,dlk_tbl_02400;12;gob_tbl_02882,dlk_tbl_01343,gob_tbl_01354,ppn_tbl_00240,gob_tbl_01322,gob_tbl_00966,dlk_tbl_01827,gob_ext_00678,dlk_ext_00436,gob_ext_00694,gob_ext_00585,gob_ext_00055
dlk_proceso_0101;6;gob_tbl_03326,gob_tbl_02246,dash_tbl_02065,proc_tbl_01978,dlk_tbl_02021,gob_tbl_00176;15;proc_tbl_00767,dlk_tbl_01232,gob_tbl_00101,gob_tbl_01671,dlk_tbl_04424,dlk_tbl_04139,gob_tbl_02510,gob_tbl_03111,dlk_tbl_00087,dlk_ext_00296,dash_ext_00047,gob_ext_00485,dlk_ext_00643,dlk_ext_00182,gob_ext_00573
dlk_proceso_0102;4;proc_tbl_02353,dlk_tbl_03253,dlk_tbl_01699,proc_tbl_00640;17;dash_tbl_04282,std_tbl_02576,ppn_tbl_04311,gob_tbl_03194,dlk_tbl_01381,gob_tbl_02272,gob_tbl_01737,dlk_tbl_03167,m4sco_tbl_01927,dlk_tbl_00898,dlk_ext_00618,dlk_ext_00308,std_ext_00224,proc_ext_00081,gob_ext_00441,gob_ext_00581,proc_ext_00270
proc_proceso_0103;7;gob_tbl_04047,gob_tbl_02668,gob_tbl_01421,dlk_tbl_00000,dlk_tbl_03074,gob_tbl_03371,proc_tbl_02030;9;dlk_tbl_03877,dlk_tbl_00086,dlk_tbl_02484,proc_tbl_03593,gob_tbl_01428,gob_ext_00051,dash_ext_00252,dash_ext_00496,dash_ext_00305
dash_proceso_0104;4;dlk_tbl_04274,gob_tbl_01732,dlk_tbl_02603,dlk_tbl_00587;10;proc_tbl_01050,dlk_tbl_03480,proc_tbl_01194,m4vw_tbl_04382,dlk_tbl_04496,m4sco_tbl_01820,gob_ext_00176,dlk_ext_00662,proc_ext_00269,std_ext_00572
dlk_proceso_0105;6;dlk_tbl_04410,proc_tbl_01293,dlk_tbl_00722,gob_tbl_03402,gob_tbl_00926,gob_tbl_02475;4;dash_tbl_01375,dlk_tbl_02599,dlk_ext_00662,proc_ext_00147
dlk_proceso_0106;5;dash_tbl_00552,m4sco_tbl_03868,gob_tbl_03761,gob_tbl_01297,dlk_tbl_00675;8;proc_tbl_01854,dlk_tbl_03305,proc_tbl_02417,gob_tbl_03961,ppn_tbl_02945,dash_ext_00647,proc_ext_00355,dlk_ext_00185
dlk_proceso_0107;8;dlk_tbl_00543,dlk_tbl_00180,gob_tbl_02451,proc_tbl_01099,dash_tbl_02117,dlk_tbl_04025,dlk_tbl_02675,gob_tbl_04008;23;gob_tbl_02882,gob_tbl_03373,gob_tbl_00774,gob_tbl_02585,dash_tbl_02540,gob_tbl_02964,proc_tbl_03353,dash_tbl_04473,proc_tbl_03614,proc_tbl_02458,dlk_tbl_01126,gob_tbl_02957,proc_tbl_03862,dlk_ext_00663,m4sco_ext_00486,dlk_ext_00066,dlk_ext_00443,gob_ext_00351,proc_ext_00027,dlk_ext_00691,gob_ext_00280,gob_ext_00613,gob_ext_00578
gob_proceso_0108;2;gob_tbl_02860,gob_tbl_01807;7;std_tbl_00217,dlk_tbl_02291,gob_tbl_04005,dlk_tbl_01206,dlk_ext_00187,gob_ext_00487,dlk_ext_00154
proc_proceso_0109;6;gob_tbl_00008,gob_tbl_01490,gob_tbl_01222,gob_tbl_03365,dlk_tbl_00137,gob_tbl_00350;11;gob_tbl_03033,proc_tbl_02736,dlk_tbl_02441,gob_tbl_00327,dlk_tbl_02822,dlk_tbl_00404,gob_ext_00261,dash_ext_00465,dash_ext_00047,dlk_ext_00301,proc_ext_00665
dlk_proceso_0110;4;dlk_tbl_03364,gob_tbl_02230,dlk_tbl_01579,gob_tbl_01108;11;gob_tbl_03657,dash_tbl_00811,gob_tbl_03373,std_tbl_01596,gob_tbl_03779,m4vw_tbl_03777,dlk_ext_00364,gob_ext_00007,dash_ext_00229,m4sco_ext_00469,dash_ext_00233
gob_proceso_0111;6;ppn_tbl_04311,dlk_tbl_04316,gob_tbl_00555,dlk_tbl_03138,dlk_tbl_01230,dash_tbl_02249;10;proc_tbl_03137,dlk_tbl_00758,dash_tbl_02581,dlk_tbl_04295,gob_tbl_01082,proc_tbl_01358,gob_ext_00302,gob_ext_00007,dlk_ext_00458,dash_ext_00289
dlk_proceso_0112;3;gob_tbl_03805,dash_tbl_03504,gob_tbl_03300;4;dlk_tbl_03313,gob_tbl_01619,ppn_ext_00083,proc_ext_00164
dlk_proceso_0113;3;gob_tbl_01473,dlk_tbl_04195,dash_tbl_00649;7;proc_tbl_01991,dash_tbl_03743,gob_tbl_03857,gob_tbl_02191,proc_ext_00602,gob_ext_00520,gob_ext_00240
gob_proceso_0114;8;gob_tbl_02617,dlk_tbl_01385,gob_tbl_02715,dlk_tbl_00311,dlk_tbl_03530,proc_tbl_04071,proc_tbl_00517,gob_tbl_01477;9;gob_tbl_01676,proc_tbl_01243,dash_tbl_02420,m4vw_tbl_01708,proc_tbl_03215,dlk_ext_00659,dlk_ext_00696,gob_ext_00262,gob_ext_00280
dlk_proceso_0115;5;proc_tbl_03081,dlk_tbl_02477,proc_tbl_01262,gob_tbl_00648,std_tbl_03574;11;m4sco_tbl_03716,gob_tbl_00783,dlk_tbl_00768,proc_tbl_02332,dlk_tbl_00061,dlk_tbl_02578,dlk_ext_00223,proc_ext_00180,std_ext_00032,gob_ext_00038,proc_ext_00563
gob_proceso_0116;4;dash_tbl_00036,gob_tbl_00858,m4vw_tbl_00264,gob_tbl_04079;10;dlk_tbl_02918,dlk_tbl_00960,dlk_tbl_02126,gob_tbl_04470,dlk_tbl_01815,proc_tbl_04028,gob_ext_00592,gob_ext_00240,proc_ext_00633,dash_ext_00151
dlk_proceso_0117;2;gob_tbl_03410,proc_tbl_01848;9;dlk_tbl_02806,dash_tbl_01893,dlk_tbl_01544,gob_tbl_02869,dlk_tbl_01346,dlk_ext_00467,gob_ext_00424,std_ext_00572,dash_ext_00015
dlk_proceso_0118;4;dlk_tbl_01174,gob_tbl_03198,gob_tbl_02515,std_tbl_02148;6;dash_tbl_01724,dlk_tbl_03726,dash_tbl_04326,proc_ext_00404,gob_ext_00135,dlk_ext_00286
dash_proceso_0119;2;dlk_tbl_00788,dlk_tbl_00225;8;dlk_tbl_00871,gob_tbl_02869,dlk_tbl_00324,gob_tbl_01977,proc_tbl_00429,gob_ext_00165,dlk_ext_00125,gob_ext_00280
gob_proceso_0120;4;dlk_tbl_01628,dlk_tbl_01449,std_tbl_02204,dlk_tbl_03490;10;gob_tbl_00097,proc_tbl_02417,gob_tbl_02054,dlk_tbl_01173,dash_tbl_04481,gob_tbl_04369,proc_ext_00216,proc_ext_00602,gob_ext_00645,std_ext_00352
proc_proceso_0121;8;dlk_tbl_01697,dlk_tbl_01968,gob_tbl_03200,dlk_tbl_00186,dlk_tbl_02300,dlk_tbl_01581,gob_tbl_02579,gob_tbl_04376;9;gob_tbl_02430,dlk_tbl_02053,dlk_tbl_00086,gob_tbl_00076,dlk_tbl_00793,dash_ext_00160,proc_ext_00677,ppn_ext_00083,dlk_ext_00635
dash_proceso_0122;4;dash_tbl_00347,std_tbl_00335,dlk_tbl_01693,dash_tbl_03677;6;proc_tbl_02809,dash_tbl_04151,dlk_tbl_03933,gob_ext_00460,dlk_ext_00552,gob_ext_00009
dlk_proceso_0123;2;dlk_tbl_00469,gob_tbl_00966;12;dlk_tbl_04299,dlk_tbl_02468,gob_tbl_04074,proc_tbl_02909,dlk_tbl_02405,gob_tbl_00656,dlk_tbl_00062,dlk_ext_00417,gob_ext_00423,gob_ext_00056,dlk_ext_00068,dlk_ext_00323
dlk_proceso_0124;3;gob_tbl_00147,gob_tbl_03688,gob_tbl_03923;12;gob_tbl_03397,gob_tbl_01880,proc_tbl_00653,dlk_tbl_02920,dlk_tbl_03141,gob_tbl_01690,m4sco_tbl_02001,dash_ext_00160,dlk_ext_00604,gob_ext_00310,proc_ext_00281,gob_ext_00450
dlk_proceso_0125;7;proc_tbl_00786,dlk_tbl_01462,dlk_tbl_01984,dlk_tbl_02200,dlk_tbl_01308,dlk_tbl_01196,gob_tbl_03779;4;proc_tbl_03982,dlk_tbl_01267,dlk_ext_00037,gob_ext_00520
dlk_proceso_0126;2;dlk_tbl_01669,dlk_tbl_03788;13;m4vw_tbl_04154,gob_tbl_01514,dlk_tbl_02520,gob_tbl_03059,proc_tbl_00582,gob_tbl_01904,dlk_tbl_01590,dlk_ext_00456,gob_ext_00186,dlk_ext_00390,gob_ext_00575,dlk_ext_00123,dlk_ext_00298
dlk_proceso_0127;3;gob_tbl_02050,dlk_tbl_02994,proc_tbl_03987;11;proc_tbl_04474,proc_tbl_01457,proc_tbl_02993,dlk_tbl_02591,dlk_tbl_01815,gob_tbl_03536,dlk_ext_00301,dlk_ext_00394,dlk_ext_00330,dlk_ext_00146,gob_ext_00055
dlk_proceso_0128;3;proc_tbl_04041,dlk_tbl_02134,gob_tbl_02884;6;dlk_tbl_02567,gob_tbl_02301,dlk_tbl_01716,dash_ext_00157,gob_ext_00684,proc_ext_00355
dlk_proceso_0129;6;gob_tbl_04271,dlk_tbl_02670,dlk_tbl_03639,dlk_tbl_02135,gob_tbl_00968,dash_tbl_00305;21;gob_tbl_03060,gob_tbl_04086,gob_tbl_00548,dlk_tbl_02291,gob_tbl_01730,gob_tbl_02338,proc_tbl_00088,dlk_tbl_03753,gob_tbl_01034,dlk_tbl_00980,gob_tbl_02046,dash_tbl_04226,dlk_ext_00073,gob_ext_00485,dlk_ext_00594,dlk_ext_00548,gob_ext_00424,gob_ext_00209,dlk_ext_00327,proc_ext_00697,gob_ext_00117
proc_proceso_0130;6;dlk_tbl_02198,gob_tbl_02231,proc_tbl_02460,proc_tbl_03593,proc_tbl_03561,gob_tbl_03884;6;dash_tbl_01942,dash_tbl_00457,dlk_tbl_04314,gob_ext_00573,proc_ext_00339,dlk_ext_00407
proc_proceso_0131;7;gob_tbl_02235,dlk_tbl_04044,dash_tbl_03743,proc_tbl_03000,gob_tbl_02296,dlk_tbl_01544,gob_tbl_03656;10;dlk_tbl_02578,dlk_tbl_02747,proc_tbl_03962,gob_tbl_00450,gob_tbl_03841,gob_tbl_02186,proc_ext_00665,std_ext_00558,proc_ext_00583,dlk_ext_00615
dlk_proceso_0132;6;gob_tbl_03874,proc_tbl_03676,gob_tbl_03981,proc_tbl_03774,dlk_tbl_01621,gob_tbl_02191;15;gob_tbl_01617,gob_tbl_02116,dlk_tbl_01768,gob_tbl_01575,gob_tbl_04256,gob_tbl_01468,dlk_tbl_02693,gob_tbl_03346,dlk_tbl_02698,std_ext_00515,dash_ext_00264,proc_ext_00681,gob_ext_00099,proc_ext_00273,gob_ext_00140
gob_proceso_0133;5;gob_tbl_01804,dash_tbl_03030,gob_tbl_02272,proc_tbl_03467,dlk_tbl_01396;17;dash_tbl_00652,gob_tbl_02663,gob_tbl_03547,dlk_tbl_04096,dlk_tbl_00738,gob_tbl_00476,gob_tbl_02430,dlk_tbl_01456,dlk_tbl_03330,dlk_tbl_01919,dash_ext_00608,gob_ext_00056,gob_ext_00619,gob_ext_00600,gob_ext_00423,dlk_ext_00443,gob_ext_00506
gob_proceso_0134;2;proc_tbl_03690,dlk_tbl_03393;15;dash_tbl_02764,dlk_tbl_01572,dlk_tbl_02322,dash_tbl_03517,dlk_tbl_00430,dlk_tbl_03557,dlk_tbl_01467,proc_tbl_03860,proc_tbl_03332,dlk_ext_00199,dlk_ext_00215,std_ext_00094,dlk_ext_00574,gob_ext_00140,gob_ext_00262
gob_proceso_0135;6;proc_tbl_01852,ppn_tbl_00756,proc_tbl_02530,dlk_tbl_02526,dlk_tbl_04120,dlk_tbl_01308;9;gob_tbl_01617,gob_tbl_02236,dash_tbl_03924,gob_tbl_03954,gob_tbl_02492,proc_ext_00216,dlk_ext_00313,dlk_ext_00472,dlk_ext_00475
gob_proceso_0136;7;dlk_tbl_02578,gob_tbl_01164,gob_tbl_02990,dlk_tbl_01153,gob_tbl_01459,gob_tbl_04505,dash_tbl_00753;9;proc_tbl_02809,dlk_tbl_00918,gob_tbl_03420,proc_tbl_00702,gob_tbl_03776,dlk_ext_00199,gob_ext_00159,gob_ext_00627,dlk_ext_00073
gob_proceso_0137;2;dlk_tbl_03055,gob_tbl_03186;15;dlk_tbl_04067,gob_tbl_02031,gob_tbl_03033,ppn_tbl_02248,m4vw_tbl_00264,proc_tbl_03142,dlk_tbl_02633,dlk_tbl_03074,gob_tbl_02242,gob_ext_00117,gob_ext_00666,dlk_ext_00084,dlk_ext_00458,dlk_ext_00467,dash_ext_00139
proc_proceso_0138;5;gob_tbl_00323,dlk_tbl_03973,ppn_tbl_03054,gob_tbl_02510,gob_tbl_04198;9;gob_tbl_03378,proc_tbl_01455,dlk_tbl_00646,gob_tbl_00928,gob_tbl_01515,proc_ext_00644,gob_ext_00498,proc_ext_00312,dlk_ext_00436
dlk_proceso_0139;4;proc_tbl_03348,gob_tbl_04366,dlk_tbl_04275,gob_tbl_02765;12;proc_tbl_03999,dlk_tbl_03557,gob_tbl_02525,gob_tbl_03127,dlk_tbl_03376,gob_tbl_04122,dlk_tbl_00504,ppn_ext_00664,ppn_ext_00088,dlk_ext_00580,gob_ext_00200,dlk_ext_00642
dlk_proceso_0140;8;dash_tbl_00247,dlk_tbl_02214,dlk_tbl_00289,gob_tbl_01137,gob_tbl_04001,gob_tbl_02828,gob_tbl_00776,dlk_tbl_04052;5;gob_tbl_03792,dash_tbl_02538,gob_tbl_03489,gob_ext_00668,ppn_ext_00072
dlk_proceso_0141;4;gob_tbl_00916,gob_tbl_03776,gob_tbl_03907,dlk_tbl_00028;8;gob_tbl_02372,dlk_tbl_01560,dash_tbl_03362,dash_tbl_00412,dlk_tbl_02441,dlk_ext_00328,dlk_ext_00123,proc_ext_00670
gob_proceso_0142;3;dash_tbl_04426,gob_tbl_02013,dlk_tbl_03543;8;ppn_tbl_03233,std_tbl_04118,gob_tbl_03197,dash_tbl_02926,gob_tbl_03991,dlk_ext_00618,dash_ext_00446,gob_ext_00320
gob_proceso_0143;5;gob_tbl_00029,std_tbl_00103,dlk_tbl_00346,gob_tbl_04285,gob_tbl_02426;7;std_tbl_01916,m4vw_tbl_03163,gob_tbl_03425,dlk_tbl_00023,dlk_ext_00066,gob_ext_00540,gob_ext_00262
gob_proceso_0144;3;gob_tbl_04255,ppn_tbl_02380,dlk_tbl_02567;9;gob_tbl_01317,gob_tbl_02443,dlk_tbl_04431,gob_tbl_03160,dash_tbl_02101,dash_ext_00110,dlk_ext_00624,dlk_ext_00357,gob_ext_00007
dlk_proceso_0145;4;std_tbl_00217,proc_tbl_02312,dlk_tbl_00882,gob_tbl_03623;6;dlk_tbl_02410,dlk_tbl_00685,dash_tbl_04104,dlk_ext_00185,dlk_ext_00466,proc_ext_00495
dlk_proceso_0146;5;dash_tbl_02152,gob_tbl_01609,gob_tbl_03359,dlk_tbl_03844,dash_tbl_00746;12;dlk_tbl_01680,dlk_tbl_02299,gob_tbl_03420,std_tbl_00996,gob_tbl_02465,dlk_tbl_02468,proc_tbl_03774,proc_ext_00437,gob_ext_00302,gob_ext_00506,gob_ext_00291,gob_ext_00209
dlk_proceso_0147;5;dlk_tbl_00286,dlk_tbl_00141,proc_tbl_02354,gob_tbl_03773,dlk_tbl_00035;8;proc_tbl_00499,dlk_tbl_01231,gob_tbl_02957,m4sco_tbl_01927,gob_tbl_02181,dlk_ext_00251,m4sco_ext_00486,proc_ext_00399
gob_proceso_0148;4;dlk_tbl_00039,gob_tbl_02655,gob_tbl_03213,dlk_tbl_03258;13;dash_tbl_03755,gob_tbl_02247,proc_tbl_01825,dlk_tbl_01310,dlk_tbl_00694,dlk_tbl_00913,gob_tbl_01025,dash_ext_00023,dash_ext_00157,dash_ext_00476,proc_ext_00681,gob_ext_00584,dlk_ext_00594
gob_proceso_0149;6;m4vw_tbl_04382,dlk_tbl_00999,proc_tbl_00762,gob_tbl_01086,dlk_tbl_00945,gob_tbl_00832;13;gob_tbl_02679,dlk_tbl_01826,dash_tbl_04268,dlk_tbl_01349,dash_tbl_01038,dlk_tbl_01232,proc_tbl_01258,dlk_ext_00560,gob_ext_00320,gob_ext_00415,dash_ext_00326,proc_ext_00484,proc_ext_00353
proc_proceso_0150;4;dlk_tbl_01647,gob_tbl_03033,gob_tbl_00374,gob_tbl_03019;12;dlk_tbl_00737,m4vw_tbl_03165,proc_tbl_01963,dlk_tbl_00165,gob_tbl_02253,gob_tbl_00428,gob_tbl_02791,gob_ext_00448,gob_ext_00056,dlk_ext_00422,dlk_ext_00052,gob_ext_00045
gob_proceso_0151;8;proc_tbl_02052,dlk_tbl_02683,gob_tbl_04100,gob_tbl_02703,dlk_tbl_00638,dash_tbl_04030,proc_tbl_03897,dlk_tbl_00707;9;dlk_tbl_00487,dash_tbl_01250,gob_tbl_01683,gob_tbl_02799,dlk_tbl_03452,dash_ext_00326,gob_ext_00009,gob_ext_00006,dlk_ext_00155
dash_proceso_0152;7;std_tbl_00441,dlk_tbl_01858,dlk_tbl_00523,proc_tbl_01563,gob_tbl_00221,proc_tbl_00604,gob_tbl_04051;10;dlk_tbl_01000,proc_tbl_00436,proc_tbl_00041,dlk_tbl_00064,dlk_tbl_02920,m4sco_tbl_02821,proc_ext_00665,gob_ext_00483,dlk_ext_00688,dlk_ext_00177
proc_proceso_0153;6;gob_tbl_03333,gob_tbl_00241,dlk_tbl_00397,dlk_tbl_01574,dlk_tbl_01773,m4vw_tbl_03165;6;gob_tbl_02245,dash_tbl_03038,gob_tbl_02595,dlk_ext_00308,std_ext_00224,dlk_ext_00108
proc_proceso_0154;3;proc_tbl_00262,dlk_tbl_03872,std_tbl_02726;12;dash_tbl_00792,dlk_tbl_02085,gob_tbl_01040,proc_tbl_00407,proc_tbl_00496,gob_tbl_04217,dlk_tbl_00542,dlk_ext_00066,dlk_ext_00091,gob_ext_00361,dlk_ext_00283,gob_ext_00360
proc_proceso_0155;6;dlk_tbl_01095,gob_tbl_04269,gob_tbl_00323,gob_tbl_02488,std_tbl_04129,gob_tbl_01887;21;proc_tbl_01182,proc_tbl_02354,dlk_tbl_02646,gob_tbl_02606,gob_tbl_00325,dlk_tbl_04257,dlk_tbl_04424,dlk_tbl_01971,dlk_tbl_00353,dash_tbl_02627,dlk_tbl_04307,dlk_tbl_03747,dlk_ext_00012,dlk_ext_00564,dlk_ext_00676,dlk_ext_00557,dlk_ext_00364,dlk_ext_00519,dlk_ext_00097,gob_ext_00329,dlk_ext_00582
dash_proceso_0156;2;proc_tbl_03587,dlk_tbl_03246;9;gob_tbl_01284,proc_tbl_04028,gob_tbl_02272,m4sco_tbl_03716,dash_tbl_02793,std_ext_00579,gob_ext_00630,gob_ext_00584,m4vw_ext_00452
gob_proceso_0157;4;proc_tbl_01765,dlk_tbl_00220,gob_tbl_03600,dlk_tbl_00826;7;dash_tbl_01268,dlk_tbl_00646,dlk_tbl_02412,gob_tbl_03545,gob_ext_00113,dlk_ext_00651,dlk_ext_00560
dash_proceso_0158;7;dlk_tbl_02397,proc_tbl_03819,dlk_tbl_00964,dlk_tbl_03309,proc_tbl_03415,gob_tbl_02735,dlk_tbl_04374;10;ppn_tbl_02380,dlk_tbl_02040,gob_tbl_01510,proc_tbl_01182,gob_tbl_03127,proc_tbl_02357,dlk_ext_00536,proc_ext_00043,dlk_ext_00020,dlk_ext_00298
gob_proceso_0159;2;proc_tbl_01989,dlk_tbl_02182;10;proc_tbl_01863,dash_tbl_04157,dlk_tbl_03778,proc_tbl_01065,gob_tbl_01928,dash_tbl_03714,proc_ext_00077,gob_ext_00555,gob_ext_00038,gob_ext_00075
dlk_proceso_0160;4;proc_tbl_02977,gob_tbl_00303,dlk_tbl_04386,dlk_tbl_04091;13;dlk_tbl_01588,gob_tbl_02095,gob_tbl_01180,dlk_tbl_01302,dlk_tbl_02858,dash_tbl_04059,dlk_tbl_04287,dlk_ext_00393,gob_ext_00035,proc_ext_00665,dlk_ext_00552,gob_ext_00555,proc_ext_00245
dlk_proceso_0161;4;dash_tbl_00921,gob_tbl_02443,proc_tbl_01854,m4sco_tbl_02029;6;proc_tbl_01777,dlk_tbl_00083,dlk_tbl_04337,dlk_ext_00635,dlk_ext_00020,proc_ext_00145
dash_proceso_0162;3;dlk_tbl_02767,m4vw_tbl_00011,gob_tbl_00671;9;dlk_tbl_02559,dlk_tbl_01613,gob_tbl_01868,gob_tbl_03358,proc_tbl_03615,dlk_ext_00322,dlk_ext_00390,dlk_ext_00039,gob_ext_00140
dlk_proceso_0163;5;proc_tbl_00622,gob_tbl_04058,dlk_tbl_00994,dlk_tbl_04227,gob_tbl_03664;12;dlk_tbl_03952,gob_tbl_01643,gob_tbl_03700,dlk_tbl_03900,proc_tbl_01358,dlk_tbl_00056,m4sco_tbl_03616,dlk_ext_00093,dlk_ext_00364,dlk_ext_00306,gob_ext_00257,dlk_ext_00253
gob_proceso_0164;4;dlk_tbl_01313,dlk_tbl_00542,proc_tbl_00130,dlk_tbl_03231;6;gob_tbl_02111,gob_tbl_02497,dlk_tbl_02641,gob_ext_00178,gob_ext_00529,gob_ext_00117
proc_proceso_0165;6;gob_tbl_00925,dlk_tbl_03299,dlk_tbl_01343,dlk_tbl_00694,dlk_tbl_00664,m4sco_tbl_02370;6;gob_tbl_04164,dlk_tbl_00690,dlk_tbl_01758,dlk_ext_00574,dlk_ext_00632,gob_ext_00050
dlk_proceso_0166;7;proc_tbl_03166,proc_tbl_00452,gob_tbl_00874,dash_tbl_03498,dlk_tbl_01906,dlk_tbl_01727,dlk_tbl_01806;9;dlk_tbl_01805,gob_tbl_04435,proc_tbl_03348,dlk_tbl_01052,dlk_tbl_02115,dlk_ext_00073,ppn_ext_00616,gob_ext_00473,m4sco_ext_00656
dlk_proceso_0167;7;dlk_tbl_03279,dlk_tbl_03520,gob_tbl_04249,proc_tbl_01578,proc_tbl_03965,proc_tbl_04327,m4vw_tbl_00689;10;std_tbl_01208,proc_tbl_01241,gob_tbl_03981,dlk_tbl_01272,gob_tbl_00540,dash_tbl_02538,proc_ext_00658,dlk_ext_00301,gob_ext_00619,dlk_ext_00213
gob_proceso_0168;5;m4vw_tbl_02395,dlk_tbl_04072,dlk_tbl_04094,proc_tbl_01377,dash_tbl_00052;8;proc_tbl_00210,dlk_tbl_03181,proc_tbl_02342,std_tbl_00800,dlk_tbl_01361,proc_ext_00092,dash_ext_00201,dash_ext_00023
dlk_proceso_0169;3;gob_tbl_03766,dash_tbl_00681,proc_tbl_00006;8;gob_tbl_03213,gob_tbl_00584,dlk_tbl_00295,m4sco_tbl_02706,dlk_tbl_01030,gob_ext_00481,gob_ext_00056,dlk_ext_00443
dlk_proceso_0170;9;dlk_tbl_03685,gob_tbl_01228,proc_tbl_03426,gob_tbl_01242,dlk_tbl_01381,dash_tbl_04059,gob_tbl_02219,dash_tbl_04061,proc_tbl_04125;14;gob_tbl_04456,dlk_tbl_01547,gob_tbl_02700,gob_tbl_00632,m4sco_tbl_04479,gob_tbl_02878,gob_tbl_04256,gob_tbl_00874,gob_ext_00473,dlk_ext_00020,proc_ext_00355,dlk_ext_00308,dlk_ext_00298,dlk_ext_00679
gob_proceso_0171;5;gob_tbl_00327,dlk_tbl_02773,gob_tbl_00299,dlk_tbl_01800,dlk_tbl_04162;11;dlk_tbl_02115,dlk_tbl_04396,dlk_tbl_01229,gob_tbl_01880,gob_tbl_04418,gob_tbl_01237,gob_ext_00262,gob_ext_00655,ppn_ext_00616,gob_ext_00041,dlk_ext_00471
proc_proceso_0172;4;gob_tbl_02124,gob_tbl_01236,gob_tbl_02435,dlk_tbl_00208;12;gob_tbl_02800,dlk_tbl_00038,dlk_tbl_00064,gob_tbl_02794,gob_tbl_00928,dlk_tbl_04413,m4vw_tbl_03079,std_ext_00358,gob_ext_00302,gob_ext_00350,gob_ext_00540,gob_ext_00474
proc_proceso_0173;5;proc_tbl_02731,gob_tbl_00402,dlk_tbl_00651,dlk_tbl_00683,dlk_tbl_02291;5;dlk_tbl_01175,proc_tbl_01377,dlk_tbl_00750,gob_ext_00056,proc_ext_00316
dlk_proceso_0174;5;gob_tbl_01751,m4vw_tbl_03759,gob_tbl_03567,dash_tbl_02127,gob_tbl_03308;12;gob_tbl_00548,proc_tbl_00107,gob_tbl_03003,proc_tbl_01275,dlk_tbl_02299,gob_tbl_01284,gob_tbl_03514,gob_ext_00291,gob_ext_00280,dlk_ext_00548,proc_ext_00690,std_ext_00672
proc_proceso_0175;4;dlk_tbl_01037,gob_tbl_01070,gob_tbl_03960,gob_tbl_00203;12;gob_tbl_04317,gob_tbl_01423,dlk_tbl_03393,std_tbl_01277,dash_tbl_00246,proc_tbl_03440,dlk_tbl_03478,dlk_ext_00604,dash_ext_00324,dlk_ext_00403,gob_ext_00056,gob_ext_00541
dlk_proceso_0176;4;gob_tbl_03311,dlk_tbl_01790,gob_tbl_02306,proc_tbl_01395;12;dlk_tbl_02509,proc_tbl_01472,proc_tbl_02069,gob_tbl_00351,dlk_tbl_01577,dlk_tbl_02307,gob_tbl_01736,dlk_ext_00671,dlk_ext_00328,proc_ext_00043,dash_ext_00303,gob_ext_00302
gob_proceso_0177;5;gob_tbl_01690,dlk_tbl_02153,dash_tbl_03714,dlk_tbl_03698,gob_tbl_01051;10;gob_tbl_01254,gob_tbl_02094,dlk_tbl_01758,m4sco_tbl_02155,gob_tbl_00510,dlk_tbl_03476,dash_ext_00317,dlk_ext_00330,gob_ext_00668,dlk_ext_00663
proc_proceso_0178;8;dlk_tbl_04053,gob_tbl_02345,proc_tbl_01836,proc_tbl_01744,gob_tbl_03012,dash_tbl_03599,gob_tbl_00577,dash_tbl_03418;24;dlk_tbl_00447,dash_tbl_04278,gob_tbl_02794,dlk_tbl_03416,m4vw_tbl_02711,proc_tbl_01358,dlk_tbl_04139,gob_tbl_02186,gob_tbl_00927,dash_tbl_01813,proc_tbl_02129,gob_tbl_00129,m4vw_tbl_04065,dlk_tbl_03312,gob_ext_00498,proc_ext_00404,dlk_ext_00298,gob_ext_00630,gob_ext_00541,gob_ext_00225,dlk_ext_00693,dlk_ext_00422,gob_ext_00371,dlk_ext_00213
gob_proceso_0179;3;gob_tbl_01748,dlk_tbl_02740,gob_tbl_03345;12;std_tbl_03715,gob_tbl_02111,dash_tbl_00081,gob_tbl_02798,gob_tbl_03679,dlk_tbl_01638,dlk_tbl_02455,gob_ext_00261,std_ext_00455,ppn_ext_00026,ppn_ext_00396,dlk_ext_00475
gob_proceso_0180;7;proc_tbl_01932,std_tbl_02361,gob_tbl_03221,proc_tbl_00271,gob_tbl_03432,dlk_tbl_01272,gob_tbl_03063;1;std_tbl_01447
gob_proceso_0181;6;dlk_tbl_00195,proc_tbl_01556,dlk_tbl_02771,proc_tbl_02082,proc_tbl_02968,dash_tbl_02823;15;dash_tbl_00015,gob_tbl_00049,std_tbl_03224,dlk_tbl_03004,dash_tbl_00585,dash_tbl_00895,dlk_tbl_01786,proc_tbl_01367,gob_tbl_00122,gob_ext_00581,dlk_ext_00493,proc_ext_00399,dlk_ext_00213,dlk_ext_00407,dlk_ext_00254
dlk_proceso_0182;4;proc_tbl_01091,dlk_tbl_02504,proc_tbl_01623,proc_tbl_03140;7;dlk_tbl_04170,dlk_tbl_00478,gob_tbl_03319,dlk_tbl_03952,dlk_ext_00472,dlk_ext_00142,std_ext_00455
dlk_proceso_0183;5;dlk_tbl_01815,gob_tbl_01928,dlk_tbl_00853,gob_tbl_04204,gob_tbl_02095;17;gob_tbl_00339,dlk_tbl_00603,proc_tbl_00604,gob_tbl_02710,dlk_tbl_00140,dlk_tbl_04383,proc_tbl_03435,proc_tbl_02499,proc_tbl_03583,proc_tbl_00499,dlk_ext_00635,proc_ext_00369,dlk_ext_00475,dlk_ext_00691,gob_ext_00310,dlk_ext_00661,dash_ext_00160
gob_proceso_0184;2;dlk_tbl_01792,gob_tbl_00026;7;gob_tbl_04494,gob_tbl_01235,std_tbl_00734,proc_tbl_00623,dlk_ext_00021,dash_ext_00465,proc_ext_00340
gob_proceso_0185;5;dlk_tbl_01975,gob_tbl_04011,gob_tbl_04110,dlk_tbl_00433,dlk_tbl_00385;11;gob_tbl_03420,dlk_tbl_00918,dlk_tbl_02461,gob_tbl_03660,proc_tbl_02490,dlk_tbl_04133,dash_ext_00233,dlk_ext_00362,proc_ext_00180,gob_ext_00544,gob_ext_00320
dash_proceso_0186;2;dlk_tbl_04185,gob_tbl_01632;10;gob_tbl_01295,gob_tbl_03703,dlk_tbl_02295,gob_tbl_00203,m4vw_tbl_00732,dlk_tbl_01682,dlk_ext_00108,dash_ext_00317,gob_ext_00124,dlk_ext_00266
gob_proceso_0187;5;gob_tbl_02453,proc_tbl_01234,dlk_tbl_02045,dlk_tbl_01039,proc_tbl_01991;7;gob_tbl_02892,proc_tbl_01340,dlk_tbl_02536,gob_tbl_03378,dlk_ext_00451,gob_ext_00442,proc_ext_00602
proc_proceso_0188;5;gob_tbl_03640,gob_tbl_00928,proc_tbl_04248,gob_tbl_00924,dlk_tbl_01520;8;dlk_tbl_00657,dlk_tbl_02433,dlk_tbl_02702,dlk_tbl_03521,dlk_tbl_00286,gob_ext_00461,gob_ext_00262,gob_ext_00259
dlk_proceso_0189;6;gob_tbl_02293,gob_tbl_04358,gob_tbl_04018,dlk_tbl_03343,gob_tbl_01121,proc_tbl_00290;16;dlk_tbl_01173,gob_tbl_00360,gob_tbl_04305,dlk_tbl_04056,gob_tbl_01573,ppn_tbl_03408,gob_tbl_03285,proc_tbl_03446,gob_tbl_03192,dlk_ext_00301,gob_ext_00420,dlk_ext_00154,proc_ext_00172,dash_ext_00608,proc_ext_00583,m4sco_ext_00595
dlk_proceso_0190;5;gob_tbl_01658,dlk_tbl_01667,dlk_tbl_02049,dlk_tbl_02325,dlk_tbl_01590;13;gob_tbl_01673,gob_tbl_04351,dlk_tbl_03859,dash_tbl_00733,gob_tbl_01284,proc_tbl_00477,dlk_tbl_01157,dlk_ext_00251,gob_ext_00363,dlk_ext_00074,gob_ext_00280,dlk_ext_00073,dlk_ext_00445
dlk_proceso_0191;3;dlk_tbl_00846,dlk_tbl_04186,dlk_tbl_01626;14;dlk_tbl_00244,proc_tbl_03593,dlk_tbl_00911,dlk_tbl_03952,dash_tbl_04355,proc_tbl_00836,dlk_tbl_03189,proc_tbl_02999,gob_ext_00244,gob_ext_00450,gob_ext_00262,dlk_ext_00427,dlk_ext_00272,dlk_ext_00519
proc_proceso_0192;2;gob_tbl_01016,gob_tbl_02384;12;gob_tbl_04384,gob_tbl_02881,std_tbl_02213,dlk_tbl_02947,proc_tbl_03832,dlk_tbl_00721,dlk_tbl_00480,dlk_ext_00376,dlk_ext_00365,dlk_ext_00464,dlk_ext_00185,dlk_ext_00253
proc_proceso_0193;5;gob_tbl_02678,gob_tbl_00067,gob_tbl_01020,proc_tbl_03263,m4sco_tbl_02225;13;proc_tbl_04196,dlk_tbl_01677,dlk_tbl_01530,std_tbl_02058,gob_tbl_00858,gob_tbl_03682,proc_tbl_02369,m4sco_ext_00033,dash_ext_00151,gob_ext_00231,dlk_ext_00635,dlk_ext_00470,gob_ext_00014
proc_proceso_0194;5;dash_tbl_02926,dlk_tbl_01811,gob_tbl_02079,dlk_tbl_00740,proc_tbl_03647;16;dlk_tbl_00564,ppn_tbl_02976,gob_tbl_03665,m4vw_tbl_01445,dlk_tbl_02151,gob_tbl_03606,dlk_tbl_00161,dlk_tbl_01253,dlk_tbl_01611,dlk_ext_00390,gob_ext_00424,dlk_ext_00187,gob_ext_00694,gob_ext_00057,dash_ext_00023,dash_ext_00252
gob_proceso_0195;3;gob_tbl_00591,dlk_tbl_04194,gob_tbl_01730;13;gob_tbl_03293,proc_tbl_01886,gob_tbl_02283,dlk_tbl_02108,gob_tbl_01658,dlk_tbl_00244,gob_tbl_01459,gob_ext_00259,dlk_ext_00657,gob_ext_00075,gob_ext_00645,proc_ext_00681,dlk_ext_00301
dlk_proceso_0196;5;proc_tbl_03454,dlk_tbl_01229,dlk_tbl_03035,dash_tbl_02407,dash_tbl_03546;7;gob_tbl_03693,proc_tbl_02371,dlk_tbl_00280,proc_tbl_04028,gob_ext_00630,dlk_ext_00177,dlk_ext_00380
proc_proceso_0197;2;dlk_tbl_02018,gob_tbl_02076;13;m4vw_tbl_03759,dlk_tbl_00677,dlk_tbl_00690,gob_tbl_00292,dash_tbl_03322,dlk_tbl_01531,dash_tbl_02953,proc_ext_00164,dash_ext_00647,gob_ext_00050,proc_ext_00633,gob_ext_00413,dlk_ext_00688
proc_proceso_0198;5;dlk_tbl_01401,dlk_tbl_00370,dash_tbl_02538,dlk_tbl_02425,dlk_tbl_00933;10;m4vw_tbl_04430,dlk_tbl_01030,dlk_tbl_03048,proc_tbl_04304,dlk_tbl_02910,gob_tbl_00974,dlk_ext_00137,dlk_ext_00622,dlk_ext_00073,dlk_ext_00560
dlk_proceso_0199;5;dlk_tbl_03525,gob_tbl_01248,gob_tbl_01212,std_tbl_01655,proc_tbl_01391;8;gob_tbl_01807,dash_tbl_03672,dlk_tbl_02455,gob_tbl_02476,gob_tbl_03508,gob_ext_00490,gob_ext_00415,gob_ext_00135
dlk_proceso_0200;5;proc_tbl_00256,dlk_tbl_00657,proc_tbl_01541,dash_tbl_04022,dlk_tbl_03314;17;dlk_tbl_02758,gob_tbl_01075,gob_tbl_02254,gob_tbl_01164,std_tbl_01363,std_tbl_04450,proc_tbl_01455,proc_tbl_01772,gob_tbl_02565,proc_tbl_02354,gob_ext_00050,proc_ext_00153,proc_ext_00192,gob_ext_00498,gob_ext_00041,std_ext_00515,dlk_ext_00250
gob_proceso_0201;5;dlk_tbl_00308,m4sco_tbl_00837,gob_tbl_03398,dash_tbl_02682,m4vw_tbl_00455;8;dlk_tbl_03172,gob_tbl_04363,m4vw_tbl_03759,proc_tbl_03974,dlk_tbl_04458,gob_ext_00302,std_ext_00094,proc_ext_00531
gob_proceso_0202;5;dash_tbl_02406,dlk_tbl_01546,dlk_tbl_00171,proc_tbl_02062,m4sco_tbl_02382;12;proc_tbl_01138,dash_tbl_01006,dlk_tbl_03096,gob_tbl_02215,proc_tbl_03271,gob_tbl_03361,dlk_tbl_01638,gob_ext_00694,dlk_ext_00074,gob_ext_00634,dlk_ext_00169,dlk_ext_00091
proc_proceso_0203;3;dlk_tbl_03473,proc_tbl_00992,proc_tbl_03325;13;std_tbl_02213,gob_tbl_01319,proc_tbl_02118,ppn_tbl_01286,gob_tbl_03207,dlk_tbl_00160,gob_tbl_03579,gob_ext_00416,gob_ext_00584,dlk_ext_00123,gob_ext_00056,gob_ext_00570,gob_ext_00534
gob_proceso_0204;2;gob_tbl_03956,dlk_tbl_01144;6;dlk_tbl_04206,gob_tbl_01834,gob_tbl_01291,gob_ext_00413,m4sco_ext_00469,gob_ext_00329
proc_proceso_0205;2;gob_tbl_00665,gob_tbl_00989;7;dlk_tbl_00531,gob_tbl_04277,dlk_tbl_01682,dash_tbl_04342,gob_ext_00424,dlk_ext_00394,dash_ext_00303
dash_proceso_0206;2;gob_tbl_02975,gob_tbl_02936;10;dlk_tbl_01845,dlk_tbl_04026,gob_tbl_01834,dlk_tbl_04496,gob_tbl_00772,std_tbl_02358,proc_ext_00484,dash_ext_00447,gob_ext_00204,proc_ext_00414
dlk_proceso_0207;7;proc_tbl_00258,dlk_tbl_04148,dlk_tbl_01965,gob_tbl_00481,dlk_tbl_02229,gob_tbl_01325,proc_tbl_03840;20;gob_tbl_03961,gob_tbl_02650,proc_tbl_01166,proc_tbl_03104,dash_tbl_03672,gob_tbl_04232,dlk_tbl_01337,dash_tbl_03791,dlk_tbl_03113,gob_tbl_02031,gob_tbl_00546,proc_tbl_04433,gob_ext_00637,proc_ext_00355,dlk_ext_00653,gob_ext_00424,gob_ext_00132,gob_ext_00584,dlk_ext_00298,proc_ext_00399
proc_proceso_0208;4;proc_tbl_03535,gob_tbl_00687,dlk_tbl_01881,dlk_tbl_02305;4;proc_tbl_02787,gob_tbl_03963,gob_ext_00637,dlk_ext_00198
gob_proceso_0209;8;dlk_tbl_00181,gob_tbl_00428,proc_tbl_03636,dlk_tbl_03769,dlk_tbl_02813,gob_tbl_03159,dlk_tbl_03180,dlk_tbl_04383;6;ppn_tbl_03306,gob_tbl_03211,dlk_tbl_01624,gob_ext_00186,dlk_ext_00407,proc_ext_00092
gob_proceso_0210;3;dlk_tbl_02640,dlk_tbl_03608,m4vw_tbl_01802;11;dlk_tbl_02520,gob_tbl_03649,dlk_tbl_02308,gob_tbl_04240,gob_tbl_04270,gob_tbl_03841,dlk_ext_00097,gob_ext_00196,dlk_ext_00407,proc_ext_00674,std_ext_00032
gob_proceso_0211;3;proc_tbl_00239,proc_tbl_00477,dlk_tbl_03288;7;dlk_tbl_00509,dash_tbl_00569,dash_tbl_02538,proc_tbl_01293,dlk_ext_00427,proc_ext_00690,gob_ext_00087
gob_proceso_0212;6;dlk_tbl_02212,dlk_tbl_00983,gob_tbl_03904,proc_tbl_03368,proc_tbl_01580,gob_tbl_03059;9;gob_tbl_01696,dash_tbl_00792,dlk_tbl_02544,proc_tbl_02220,gob_tbl_01434,gob_ext_00506,proc_ext_00399,gob_ext_00292,proc_ext_00353
gob_proceso_0213;5;dlk_tbl_02431,proc_tbl_04329,dlk_tbl_03266,gob_tbl_03836,dlk_tbl_04220;5;gob_tbl_02399,proc_tbl_04125,dlk_tbl_03090,proc_ext_00602,gob_ext_00577
gob_proceso_0214;6;gob_tbl_03734,gob_tbl_02826,gob_tbl_01696,dlk_tbl_01976,proc_tbl_02041,dlk_tbl_00201;6;dlk_tbl_03135,dlk_tbl_00849,proc_tbl_00801,proc_ext_00623,dlk_ext_00607,gob_ext_00630
dlk_proceso_0215;4;dlk_tbl_01867,proc_tbl_04004,gob_tbl_01495,dlk_tbl_01122;7;gob_tbl_02488,dash_tbl_04495,gob_tbl_02990,gob_tbl_03354,dlk_ext_00054,gob_ext_00117,dlk_ext_00296
dlk_proceso_0216;7;dash_tbl_00015,gob_tbl_01341,dlk_tbl_00288,std_tbl_01502,gob_tbl_03298,dlk_tbl_02883,gob_tbl_02830;10;proc_tbl_03647,dash_tbl_01411,gob_tbl_00858,dlk_tbl_00685,gob_tbl_03323,dlk_tbl_01429,dlk_ext_00467,dash_ext_00685,proc_ext_00022,gob_ext_00019
dlk_proceso_0217;2;gob_tbl_02090,dlk_tbl_00666;15;gob_tbl_03044,gob_tbl_02211,gob_tbl_00358,dlk_tbl_00654,dlk_tbl_01875,gob_tbl_01737,m4sco_tbl_04439,dash_tbl_01942,dlk_tbl_02115,gob_ext_00178,proc_ext_00681,dash_ext_00139,gob_ext_00113,gob_ext_00516,gob_ext_00487
gob_proceso_0218;3;dash_tbl_01516,dlk_tbl_02044,gob_tbl_00563;6;proc_tbl_00290,gob_tbl_02419,dash_tbl_02558,dlk_ext_00068,proc_ext_00589,gob_ext_00540
dlk_proceso_0219;5;std_tbl_01916,dash_tbl_03652,gob_tbl_03701,proc_tbl_03883,dash_tbl_01024;8;dlk_tbl_02170,gob_tbl_01856,gob_tbl_03222,dlk_tbl_03161,gob_tbl_02957,dlk_ext_00285,dash_ext_00151,gob_ext_00559
gob_proceso_0220;5;gob_tbl_04461,proc_tbl_02853,gob_tbl_01726,gob_tbl_04103,proc_tbl_03614;10;dlk_tbl_00501,dlk_tbl_03301,dlk_tbl_03295,dash_tbl_04171,m4sco_tbl_02051,gob_tbl_01209,dlk_ext_00217,proc_ext_00180,dlk_ext_00296,gob_ext_00234
dlk_proceso_0221;3;gob_tbl_04243,dlk_tbl_04032,gob_tbl_01671;11;gob_tbl_00422,dlk_tbl_04455,proc_tbl_02158,dash_tbl_01813,m4vw_tbl_01708,proc_tbl_01185,gob_ext_00343,dlk_ext_00526,gob_ext_00165,dlk_ext_00263,proc_ext_00316
dlk_proceso_0222;2;m4vw_tbl_03214,proc_tbl_02636;7;proc_tbl_01002,gob_tbl_01690,gob_tbl_04285,proc_tbl_01757,dlk_ext_00012,proc_ext_00553,ppn_ext_00088
gob_proceso_0223;2;dash_tbl_01999,dlk_tbl_03486;15;gob_tbl_00331,gob_tbl_01491,dlk_tbl_01396,dash_tbl_03837,dlk_tbl_03384,dlk_tbl_01206,dash_tbl_03240,gob_tbl_01748,dlk_tbl_01533,gob_ext_00667,proc_ext_00385,dlk_ext_00653,dlk_ext_00283,dlk_ext_00020,proc_ext_00525
dlk_proceso_0224;7;dlk_tbl_00881,dlk_tbl_00608,gob_tbl_01928,gob_tbl_01311,gob_tbl_02186,dash_tbl_04157,proc_tbl_02063;11;dash_tbl_03502,gob_tbl_02111,ppn_tbl_03990,gob_tbl_03397,dlk_tbl_02224,dlk_tbl_00542,gob_ext_00351,gob_ext_00423,gob_ext_00131,dash_ext_00015,gob_ext_00683
gob_proceso_0225;5;gob_tbl_00446,dlk_tbl_02757,dlk_tbl_01953,dlk_tbl_01529,dlk_tbl_02429;9;dlk_tbl_00542,dlk_tbl_02546,gob_tbl_02959,gob_tbl_02568,proc_tbl_01455,gob_ext_00104,gob_ext_00520,dlk_ext_00376,m4sco_ext_00595
gob_proceso_0226;4;dlk_tbl_03958,gob_tbl_03855,gob_tbl_03978,proc_tbl_02304;6;std_tbl_00334,dlk_tbl_02244,gob_tbl_02480,gob_ext_00117,dash_ext_00252,dlk_ext_00018
gob_proceso_0227;6;gob_tbl_01004,gob_tbl_04159,dlk_tbl_04168,dlk_tbl_00616,gob_tbl_02497,gob_tbl_01535;9;m4vw_tbl_03032,gob_tbl_01947,proc_tbl_01869,proc_tbl_00230,dlk_tbl_03479,gob_ext_00424,dlk_ext_00301,gob_ext_00386,gob_ext_00114
dlk_proceso_0228;2;dlk_tbl_02614,proc_tbl_01869;4;gob_tbl_03186,m4sco_tbl_01517,dlk_ext_00557,proc_ext_00238
dlk_proceso_0229;5;gob_tbl_00383,gob_tbl_02587,gob_tbl_02323,gob_tbl_01282,dlk_tbl_00978;5;gob_tbl_03993,dash_tbl_02863,gob_tbl_04351,gob_ext_00064,gob_ext_00668
gob_proceso_0230;7;dlk_tbl_03026,gob_tbl_04212,dlk_tbl_02693,dlk_tbl_03607,gob_tbl_03983,gob_tbl_03429,gob_tbl_02483;9;dash_tbl_02319,gob_tbl_02231,m4sco_tbl_02225,dlk_tbl_01972,dlk_tbl_00196,gob_ext_00056,gob_ext_00630,dlk_ext_00137,gob_ext_00473
gob_proceso_0231;6;dlk_tbl_01879,gob_tbl_01712,gob_tbl_03816,dash_tbl_01787,dlk_tbl_03465,dlk_tbl_02659;4;proc_tbl_00371,proc_tbl_03979,dlk_ext_00522,proc_ext_00238
dlk_proceso_0232;6;dlk_tbl_03622,dash_tbl_00743,dlk_tbl_03347,dash_tbl_01268,dlk_tbl_03068,dlk_tbl_01251;21;proc_tbl_00349,gob_tbl_04366,gob_tbl_02227,gob_tbl_03164,gob_tbl_00450,dlk_tbl_02732,dlk_tbl_01544,dash_tbl_01117,dlk_tbl_03052,dlk_tbl_00038,dlk_tbl_02541,dlk_tbl_00204,proc_ext_00271,gob_ext_00473,dlk_ext_00362,dlk_ext_00390,dlk_ext_00115,gob_ext_00078,gob_ext_00310,m4vw_ext_00318,gob_ext_00395
dash_proceso_0233;5;dlk_tbl_02060,proc_tbl_01213,dlk_tbl_00988,dlk_tbl_02207,gob_tbl_01089;14;dlk_tbl_00949,dlk_tbl_04139,dlk_tbl_03670,dlk_tbl_00990,gob_tbl_01637,m4vw_tbl_01350,proc_tbl_03101,gob_tbl_02869,gob_ext_00262,dlk_ext_00431,dlk_ext_00562,gob_ext_00410,dlk_ext_00185,dlk_ext_00331
proc_proceso_0234;5;proc_tbl_01757,proc_tbl_03856,proc_tbl_03440,gob_tbl_01837,dlk_tbl_03114;16;proc_tbl_01836,dash_tbl_00672,gob_tbl_01799,gob_tbl_00772,gob_tbl_03994,proc_tbl_00407,gob_tbl_01651,dash_tbl_03077,dlk_tbl_03279,dlk_ext_00215,proc_ext_00665,gob_ext_00386,dash_ext_00496,dash_ext_00025,dash_ext_00647,dlk_ext_00376
dlk_proceso_0235;7;dlk_tbl_03763,dlk_tbl_04017,gob_tbl_02593,ppn_tbl_00240,gob_tbl_02422,dlk_tbl_03073,m4sco_tbl_01685;10;gob_tbl_01504,m4vw_tbl_00050,gob_tbl_00807,std_tbl_00332,dash_tbl_03089,gob_tbl_03207,dlk_ext_00084,dlk_ext_00625,dlk_ext_00394,std_ext_00672
proc_proceso_0236;4;dash_tbl_00961,proc_tbl_00598,dlk_tbl_01615,dash_tbl_01186;13;gob_tbl_02009,gob_tbl_04317,dlk_tbl_02172,gob_tbl_04011,dash_tbl_02850,gob_tbl_02826,dlk_tbl_00069,dlk_ext_00679,gob_ext_00244,gob_ext_00516,dash_ext_00042,gob_ext_00176,proc_ext_00583
dlk_proceso_0237;4;dlk_tbl_04284,proc_tbl_00287,dlk_tbl_00013,dlk_tbl_02439;10;gob_tbl_01392,proc_tbl_00816,dlk_tbl_00295,gob_tbl_00384,proc_tbl_04411,proc_tbl_03888,dlk_ext_00188,std_ext_00352,gob_ext_00242,proc_ext_00690
dlk_proceso_0238;2;gob_tbl_03835,gob_tbl_00594;13;dlk_tbl_02920,dlk_tbl_00385,gob_tbl_02708,gob_tbl_03547,dlk_tbl_04364,dlk_tbl_04386,proc_tbl_03208,proc_ext_00192,proc_ext_00385,dlk_ext_00307,gob_ext_00539,dlk_ext_00313,gob_ext_00231
gob_proceso_0239;5;dlk_tbl_03307,dash_tbl_02917,gob_tbl_02091,dash_tbl_02843,dlk_tbl_03918;19;dlk_tbl_00272,gob_tbl_03176,proc_tbl_01966,proc_tbl_01556,m4vw_tbl_00689,dash_tbl_00347,proc_tbl_03350,gob_tbl_02247,dlk_tbl_01531,gob_tbl_04334,dash_tbl_02481,dlk_ext_00227,dash_ext_00317,gob_ext_00384,dlk_ext_00080,proc_ext_00665,dlk_ext_00366,dlk_ext_00443,dlk_ext_00346
proc_proceso_0240;6;proc_tbl_00242,gob_tbl_04303,gob_tbl_03570,proc_tbl_00556,gob_tbl_00865,proc_tbl_03173;11;dlk_tbl_03082,dlk_tbl_01853,dlk_tbl_03608,m4sco_tbl_03616,dlk_tbl_01891,gob_tbl_01209,std_ext_00224,proc_ext_00399,gob_ext_00291,dlk_ext_00607,dlk_ext_00445
proc_proceso_0241;3;proc_tbl_04101,dlk_tbl_00102,gob_tbl_00843;12;proc_tbl_00451,dash_tbl_02407,gob_tbl_02107,dash_tbl_02953,gob_tbl_02131,gob_tbl_04240,gob_tbl_01010,dash_ext_00151,gob_ext_00634,gob_ext_00482,proc_ext_00369,gob_ext_00087
gob_proceso_0242;5;gob_tbl_01026,gob_tbl_03693,gob_tbl_00884,dlk_tbl_03201,proc_tbl_03270;8;dlk_tbl_02954,dlk_tbl_02776,gob_tbl_04390,proc_tbl_04125,proc_tbl_03375,dlk_ext_00692,dlk_ext_00208,dlk_ext_00376
dlk_proceso_0243;4;dlk_tbl_01139,gob_tbl_04214,dlk_tbl_01588,proc_tbl_00956;12;gob_tbl_00398,dlk_tbl_01061,gob_tbl_01284,gob_tbl_03600,dlk_tbl_03573,proc_tbl_02528,dlk_tbl_02149,dlk_ext_00538,proc_ext_00681,gob_ext_00544,gob_ext_00230,dlk_ext_00121
gob_proceso_0244;6;gob_tbl_01604,dlk_tbl_00071,dash_tbl_04283,gob_tbl_02934,gob_tbl_02482,dlk_tbl_03255;11;dlk_tbl_01169,gob_tbl_03507,dlk_tbl_01446,dash_tbl_00963,proc_tbl_02604,dlk_tbl_02179,dlk_ext_00652,gob_ext_00386,dash_ext_00157,gob_ext_00291,proc_ext_00589
proc_proceso_0245;5;dlk_tbl_04452,dash_tbl_00457,dlk_tbl_01704,dash_tbl_02850,dlk_tbl_00353;8;dlk_tbl_04315,dash_tbl_04030,gob_tbl_01741,dlk_tbl_00964,dlk_tbl_01552,dlk_ext_00519,dlk_ext_00582,proc_ext_00673
gob_proceso_0246;3;m4vw_tbl_04076,dlk_tbl_03049,gob_tbl_02027;12;dash_tbl_03119,dlk_tbl_04361,dlk_tbl_02145,dlk_tbl_01054,dlk_tbl_04480,proc_tbl_01035,dlk_tbl_00660,dlk_ext_00517,dlk_ext_00390,dash_ext_00608,dlk_ext_00074,dash_ext_00496
proc_proceso_0247;4;dash_tbl_01540,gob_tbl_00927,gob_tbl_00199,dash_tbl_01191;6;dlk_tbl_02918,gob_tbl_01977,dlk_tbl_02592,proc_ext_00385,dlk_ext_00523,std_ext_00352
dlk_proceso_0248;6;gob_tbl_01689,dlk_tbl_02424,std_tbl_00355,std_tbl_01263,dlk_tbl_00679,dlk_tbl_03395;11;proc_tbl_03104,gob_tbl_04369,dlk_tbl_02102,ppn_tbl_00240,dlk_tbl_02620,proc_tbl_01111,gob_ext_00416,gob_ext_00117,dash_ext_00160,dlk_ext_00530,gob_ext_00461
dlk_proceso_0249;3;gob_tbl_04393,proc_tbl_00210,dlk_tbl_02026;12;gob_tbl_03701,gob_tbl_02320,dash_tbl_04073,gob_tbl_00046,m4vw_tbl_00050,dlk_tbl_02336,proc_tbl_00230,dlk_ext_00155,gob_ext_00581,dash_ext_00151,dlk_ext_00492,dash_ext_00229
dlk_proceso_0250;7;gob_tbl_01291,dlk_tbl_01337,gob_tbl_04294,dlk_tbl_02910,dlk_tbl_01361,gob_tbl_02881,m4vw_tbl_02741;9;dash_tbl_03604,dlk_tbl_02259,dlk_tbl_01255,proc_tbl_02983,gob_tbl_03160,dlk_ext_00661,gob_ext_00035,dlk_ext_00535,gob_ext_00106
proc_proceso_0251;2;dlk_tbl_00344,dlk_tbl_02732;6;gob_tbl_01674,dash_tbl_02701,dlk_tbl_01499,proc_ext_00147,dlk_ext_00185,dlk_ext_00223
proc_proceso_0252;3;dlk_tbl_02159,dlk_tbl_03695,dlk_tbl_02484;9;dlk_tbl_02018,proc_tbl_02260,gob_tbl_02617,proc_tbl_00256,dash_tbl_03847,gob_ext_00038,dlk_ext_00082,gob_ext_00056,dash_ext_00586
gob_proceso_0253;3;dlk_tbl_00620,gob_tbl_00578,std_tbl_03568;9;gob_tbl_01718,dlk_tbl_03476,gob_tbl_01254,proc_tbl_01182,proc_tbl_01318,proc_ext_00681,gob_ext_00112,dlk_ext_00115,dlk_ext_00074
dlk_proceso_0254;2;gob_tbl_02024,dlk_tbl_03417;5;gob_tbl_01933,gob_tbl_00969,proc_tbl_01431,gob_ext_00457,std_ext_00170
dlk_proceso_0255;4;gob_tbl_03597,gob_tbl_00464,dlk_tbl_00814,gob_tbl_00145;6;dash_tbl_00552,dlk_tbl_02825,std_tbl_01447,dlk_ext_00605,gob_ext_00262,gob_ext_00485
dash_proceso_0256;3;dlk_tbl_03178,gob_tbl_01505,dlk_tbl_03867;13;dlk_tbl_02887,gob_tbl_03643,gob_tbl_02697,dash_tbl_00979,gob_tbl_02193,dlk_tbl_00306,gob_tbl_00367,gob_ext_00378,dlk_ext_00277,m4sco_ext_00033,gob_ext_00630,dlk_ext_00293,proc_ext_00258
dash_proceso_0257;5;dlk_tbl_00053,proc_tbl_01537,gob_tbl_02563,dash_tbl_01610,proc_tbl_04043;5;dlk_tbl_00678,dlk_tbl_00567,dlk_tbl_02004,m4vw_ext_00452,dash_ext_00446
dlk_proceso_0258;3;gob_tbl_02383,gob_tbl_02832,proc_tbl_02418;9;dash_tbl_03957,dlk_tbl_03584,std_tbl_03896,proc_tbl_03903,dlk_tbl_03522,dlk_ext_00366,dlk_ext_00217,gob_ext_00124,gob_ext_00361
dlk_proceso_0259;3;gob_tbl_03177,gob_tbl_03536,m4vw_tbl_03527;8;gob_tbl_00588,ppn_tbl_02380,dlk_tbl_03279,gob_tbl_02794,gob_tbl_01673,gob_ext_00609,ppn_ext_00072,dlk_ext_00625
dash_proceso_0260;6;dlk_tbl_02098,m4vw_tbl_01720,dlk_tbl_01707,gob_tbl_03964,dlk_tbl_02600,std_tbl_02130;13;dlk_tbl_01267,dlk_tbl_02224,dlk_tbl_00166,gob_tbl_02573,dlk_tbl_02644,gob_tbl_02746,proc_tbl_04421,dlk_ext_00403,gob_ext_00438,gob_ext_00520,dash_ext_00496,dlk_ext_00097,dlk_ext_00574
gob_proceso_0261;4;gob_tbl_01651,dlk_tbl_03829,proc_tbl_03353,gob_tbl_03634;4;proc_tbl_00709,proc_tbl_03965,gob_ext_00561,gob_ext_00343
dash_proceso_0262;6;m4vw_tbl_03316,dlk_tbl_02833,gob_tbl_01056,gob_tbl_01444,dlk_tbl_03290,dash_tbl_04278;15;dlk_tbl_04084,dlk_tbl_01475,std_tbl_00574,dash_tbl_00629,dlk_tbl_01677,gob_tbl_03960,proc_tbl_03712,gob_tbl_01922,gob_tbl_02283,gob_ext_00119,gob_ext_00386,m4sco_ext_00486,gob_ext_00621,dlk_ext_00277,dash_ext_00289
proc_proceso_0263;3;gob_tbl_04006,gob_tbl_01509,gob_tbl_01987;13;gob_tbl_02815,dlk_tbl_01114,gob_tbl_04018,dlk_tbl_01997,m4sco_tbl_03013,proc_tbl_02636,gob_tbl_00034,dlk_ext_00494,dlk_ext_00519,dlk_ext_00582,dash_ext_00305,gob_ext_00630,proc_ext_00172
dlk_proceso_0264;5;dlk_tbl_00498,proc_tbl_02739,dlk_tbl_00329,dlk_tbl_02751,gob_tbl_00021;9;gob_tbl_02206,gob_tbl_02649,dash_tbl_03046,dash_tbl_00609,proc_tbl_00622,gob_ext_00666,gob_ext_00410,proc_ext_00553,dash_ext_00139
gob_proceso_0265;8;dlk_tbl_04266,gob_tbl_04500,m4vw_tbl_01116,dlk_tbl_02197,gob_tbl_02573,dlk_tbl_01835,m4vw_tbl_03006,dlk_tbl_04478;7;dlk_tbl_04493,dlk_tbl_04353,dash_tbl_04104,gob_tbl_02827,dlk_ext_00394,gob_ext_00442,dlk_ext_00519
gob_proceso_0266;4;proc_tbl_00635,gob_tbl_02311,proc_tbl_00547,dash_tbl_03241;9;proc_tbl_04293,proc_tbl_01721,gob_tbl_01604,gob_tbl_04086,dlk_tbl_01764,gob_ext_00159,std_ext_00224,gob_ext_00291,dash_ext_00305
proc_proceso_0267;3;m4vw_tbl_04066,gob_tbl_02647,dlk_tbl_04170;6;dlk_tbl_00324,dlk_tbl_03749,dlk_tbl_01826,dlk_ext_00696,proc_ext_00673,gob_ext_00124
proc_proceso_0268;6;dlk_tbl_03947,gob_tbl_01365,gob_tbl_00655,dlk_tbl_00063,m4sco_tbl_01819,dlk_tbl_03702;10;dlk_tbl_02159,dlk_tbl_03499,dlk_tbl_03605,gob_tbl_03514,gob_tbl_04198,dash_tbl_00372,proc_ext_00043,dash_ext_00025,dlk_ext_00223,ppn_ext_00088
dlk_proceso_0269;3;gob_tbl_03678,proc_tbl_04211,gob_tbl_02171;4;dlk_tbl_00679,gob_tbl_03675,proc_ext_00602,proc_ext_00687
gob_proceso_0270;3;proc_tbl_03237,dlk_tbl_04364,dlk_tbl_03534;7;gob_tbl_00145,proc_tbl_04071,dlk_tbl_02559,dlk_tbl_03556,gob_ext_00178,gob_ext_00211,dlk_ext_00237
dlk_proceso_0271;6;dash_tbl_02003,proc_tbl_00349,proc_tbl_04304,gob_tbl_00942,dash_tbl_02481,dlk_tbl_02005;9;gob_tbl_01862,proc_tbl_00174,dlk_tbl_01240,gob_tbl_03986,gob_tbl_01839,dlk_ext_00445,dlk_ext_00168,gob_ext_00694,dlk_ext_00263
dlk_proceso_0272;6;dlk_tbl_02811,m4sco_tbl_03013,dlk_tbl_01045,proc_tbl_01455,proc_tbl_01023,proc_tbl_04451;6;dlk_tbl_01046,gob_tbl_04233,dlk_tbl_02474,gob_ext_00343,gob_ext_00363,dlk_ext_00375
dlk_proceso_0273;3;proc_tbl_04184,gob_tbl_01452,dlk_tbl_04149;15;dash_tbl_01424,dash_tbl_02889,gob_tbl_02766,gob_tbl_01834,gob_tbl_03904,m4sco_tbl_04132,gob_tbl_03154,gob_tbl_00985,dlk_tbl_02915,dlk_ext_00632,dlk_ext_00223,gob_ext_00099,proc_ext_00528,dlk_ext_00018,dash_ext_00586
gob_proceso_0274;6;gob_tbl_03468,gob_tbl_02348,proc_tbl_03121,dlk_tbl_02362,proc_tbl_02629,dlk_tbl_03781;15;dash_tbl_01424,gob_tbl_02684,gob_tbl_00723,gob_tbl_01977,gob_tbl_02800,gob_tbl_01485,dlk_tbl_00071,gob_tbl_03751,dlk_tbl_00171,std_ext_00579,dlk_ext_00002,dlk_ext_00560,std_ext_00432,dlk_ext_00607,proc_ext_00658
gob_proceso_0275;5;gob_tbl_03985,gob_tbl_03722,dlk_tbl_00178,dlk_tbl_00447,gob_tbl_01104;10;gob_tbl_03752,dlk_tbl_01253,dash_tbl_00305,proc_tbl_01630,dash_tbl_04228,dlk_tbl_03540,proc_ext_00531,proc_ext_00001,proc_ext_00602,dlk_ext_00306
gob_proceso_0276;4;gob_tbl_03437,proc_tbl_01207,ppn_tbl_00641,gob_tbl_00500;3;dlk_tbl_00980,dlk_tbl_01162,gob_ext_00106
proc_proceso_0277;8;gob_tbl_04403,gob_tbl_01913,gob_tbl_03560,dlk_tbl_02365,dlk_tbl_00475,gob_tbl_04363,gob_tbl_03723,gob_tbl_00413;24;gob_tbl_02350,dlk_tbl_00244,dlk_tbl_01467,proc_tbl_03380,dash_tbl_00412,dash_tbl_00797,dlk_tbl_00333,gob_tbl_00129,dlk_tbl_03696,gob_tbl_02579,gob_tbl_01016,dlk_tbl_03641,dlk_tbl_02702,gob_tbl_01756,dlk_ext_00037,proc_ext_00531,dash_ext_00608,dlk_ext_00638,proc_ext_00537,dlk_ext_00390,proc_ext_00665,ppn_ext_00396,dash_ext_00046,gob_ext_00379
proc_proceso_0278;5;dlk_tbl_00483,dash_tbl_03369,gob_tbl_04180,dash_tbl_01105,m4vw_tbl_01445;8;dash_tbl_00305,gob_tbl_02227,dlk_tbl_04185,proc_tbl_03854,gob_tbl_03699,dlk_ext_00445,gob_ext_00577,gob_ext_00581
gob_proceso_0279;7;dlk_tbl_01970,gob_tbl_00417,gob_tbl_00839,proc_tbl_00948,gob_tbl_03665,dlk_tbl_03447,dlk_tbl_00361;6;dlk_tbl_02115,dash_tbl_02764,gob_tbl_02857,proc_ext_00195,gob_ext_00135,dlk_ext_00526
gob_proceso_0280;4;dlk_tbl_00539,dlk_tbl_02631,proc_tbl_04215,dlk_tbl_02307;10;gob_tbl_02022,dlk_tbl_00469,dlk_tbl_00866,proc_tbl_03125,gob_tbl_00488,dlk_tbl_00953,proc_ext_00547,proc_ext_00195,gob_ext_00541,gob_ext_00577
dlk_proceso_0281;4;dlk_tbl_03390,dlk_tbl_02310,gob_tbl_02607,dash_tbl_04104;10;dlk_tbl_00852,dlk_tbl_00592,dlk_tbl_01941,dash_tbl_00790,dlk_tbl_03042,dlk_tbl_01866,ppn_ext_00616,dlk_ext_00552,gob_ext_00056,dlk_ext_00676
dlk_proceso_0282;8;dash_tbl_03847,gob_tbl_02943,dlk_tbl_00748,dlk_tbl_03135,proc_tbl_02129,gob_tbl_01779,gob_tbl_01303,gob_tbl_03804;23;gob_tbl_03643,proc_tbl_00519,gob_tbl_03326,dlk_tbl_04314,proc_tbl_04208,gob_tbl_03050,dlk_tbl_03488,dlk_tbl_01264,gob_tbl_04303,dash_tbl_02558,std_tbl_04301,dlk_tbl_02702,gob_tbl_00325,dlk_ext_00625,gob_ext_00577,dlk_ext_00296,dlk_ext_00624,dlk_ext_00179,gob_ext_00334,proc_ext_00309,m4sco_ext_00197,dlk_ext_00300,gob_ext_00379
dash_proceso_0283;5;gob_tbl_02381,proc_tbl_00581,dlk_tbl_01415,std_tbl_00800,gob_tbl_04256;12;gob_tbl_01444,dlk_tbl_00621,dlk_tbl_01850,gob_tbl_02584,gob_tbl_03003,dash_tbl_02863,gob_tbl_03323,dlk_ext_00535,dlk_ext_00580,dlk_ext_00654,dash_ext_00556,dash_ext_00524
proc_proceso_0284;3;gob_tbl_02462,proc_tbl_03974,m4sco_tbl_01998;5;gob_tbl_00704,gob_tbl_02022,dlk_tbl_00882,gob_ext_00165,dlk_ext_00615
dlk_proceso_0285;4;dlk_tbl_01042,dash_tbl_02420,gob_tbl_04400,gob_tbl_01451;5;dlk_tbl_01992,dlk_tbl_03906,dlk_tbl_02529,std_ext_00032,gob_ext_00609
dlk_proceso_0286;2;proc_tbl_01290,dlk_tbl_01951;10;ppn_tbl_01636,gob_tbl_01837,dlk_tbl_00204,dlk_tbl_01483,dlk_tbl_03279,gob_tbl_02634,std_ext_00672,dlk_ext_00443,gob_ext_00441,gob_ext_00629
dash_proceso_0287;4;m4vw_tbl_03079,dlk_tbl_03638,dash_tbl_01171,gob_tbl_02282;11;gob_tbl_03682,dlk_tbl_00504,gob_tbl_01017,proc_tbl_00436,dash_tbl_00629,proc_tbl_02354,gob_ext_00278,gob_ext_00584,dlk_ext_00564,dlk_ext_00020,gob_ext_00461
dlk_proceso_0288;3;gob_tbl_03122,dash_tbl_00231,proc_tbl_03257;10;gob_tbl_00176,gob_tbl_00158,dlk_tbl_01489,dlk_tbl_01980,ppn_tbl_03765,dlk_tbl_00035,dlk_ext_00650,gob_ext_00009,dash_ext_00289,std_ext_00358
dlk_proceso_0289;6;proc_tbl_04083,dlk_tbl_04455,proc_tbl_03615,gob_tbl_02616,proc_tbl_01063,dash_tbl_02657;6;gob_tbl_02981,proc_tbl_03237,m4sco_tbl_00544,dash_ext_00214,dlk_ext_00173,gob_ext_00234
dlk_proceso_0290;4;gob_tbl_02457,dlk_tbl_02244,proc_tbl_00082,proc_tbl_00257;9;proc_tbl_03862,proc_tbl_01002,dash_tbl_00652,gob_tbl_03156,gob_tbl_00002,dash_ext_00151,dlk_ext_00249,dash_ext_00047,gob_ext_00555
gob_proceso_0291;4;proc_tbl_01825,dlk_tbl_01475,gob_tbl_02513,dash_tbl_01797;7;dlk_tbl_03490,gob_tbl_02241,dash_tbl_02039,proc_tbl_03459,gob_ext_00045,proc_ext_00239,proc_ext_00414
gob_proceso_0292;6;proc_tbl_01145,proc_tbl_00188,dash_tbl_02780,gob_tbl_00367,dlk_tbl_00691,std_tbl_01988;11;gob_tbl_00928,proc_tbl_01194,gob_tbl_02837,gob_tbl_00528,dash_tbl_03240,gob_tbl_01555,proc_ext_00697,proc_ext_00508,std_ext_00148,gob_ext_00629,dlk_ext_00052
proc_proceso_0293;4;proc_tbl_02549,m4vw_tbl_02416,m4sco_tbl_03609,dlk_tbl_01652;9;dash_tbl_03909,dash_tbl_04048,dash_tbl_01724,dash_tbl_03975,gob_tbl_04256,dlk_ext_00294,gob_ext_00561,dlk_ext_00560,m4sco_ext_00197
dlk_proceso_0294;3;gob_tbl_02411,dlk_tbl_02344,gob_tbl_03148;13;gob_tbl_02619,dlk_tbl_02126,gob_tbl_02276,dlk_tbl_03327,dlk_tbl_04406,gob_tbl_01469,proc_tbl_02357,ppn_ext_00088,gob_ext_00555,gob_ext_00009,dlk_ext_00306,dlk_ext_00188,gob_ext_00473
dash_proceso_0295;5;gob_tbl_02980,gob_tbl_02331,gob_tbl_03106,gob_tbl_03139,proc_tbl_01185;10;dash_tbl_02556,proc_tbl_00517,gob_tbl_02554,dash_tbl_02007,dlk_tbl_00788,dlk_tbl_03944,gob_ext_00490,gob_ext_00087,dlk_ext_00330,dlk_ext_00162
dash_proceso_0296;8;dlk_tbl_03066,dlk_tbl_04482,dlk_tbl_00480,proc_tbl_02458,dlk_tbl_01688,proc_tbl_00406,proc_tbl_01431,gob_tbl_02011;14;dash_tbl_02953,gob_tbl_01043,dlk_tbl_02819,m4vw_tbl_00862,dlk_tbl_02693,dlk_tbl_03584,gob_tbl_01514,gob_tbl_03425,gob_ext_00507,gob_ext_00107,gob_ext_00319,dlk_ext_00433,dlk_ext_00662,gob_ext_00050
proc_proceso_0297;5;dash_tbl_03483,dlk_tbl_04377,std_tbl_03355,dlk_tbl_00023,gob_tbl_03967;8;proc_tbl_02894,gob_tbl_02095,ppn_tbl_02805,gob_tbl_02792,proc_tbl_03332,dlk_ext_00604,gob_ext_00000,gob_ext_00533
gob_proceso_0298;3;dlk_tbl_01264,dash_tbl_03513,dlk_tbl_04424;12;proc_tbl_04433,dlk_tbl_02108,gob_tbl_04019,gob_tbl_00601,dlk_tbl_03941,gob_tbl_00046,dlk_tbl_00042,ppn_ext_00088,proc_ext_00583,proc_ext_00195,gob_ext_00541,dlk_ext_00580
gob_proceso_0299;5;std_tbl_03839,m4vw_tbl_00259,gob_tbl_03617,gob_tbl_04483,dlk_tbl_01560;8;proc_tbl_03636,gob_tbl_00656,gob_tbl_00833,dlk_tbl_00729,dlk_tbl_00737,dash_ext_00446,dlk_ext_00643,dlk_ext_00347
dash_proceso_0300;2;dash_tbl_01494,dash_tbl_03681;5;dlk_tbl_00190,dlk_tbl_00284,std_tbl_02576,proc_ext_00681,dash_ext_00015
dlk_proceso_0301;2;gob_tbl_03269,gob_tbl_01356;20;proc_tbl_00449,std_tbl_02660,dlk_tbl_01520,dlk_tbl_03820,gob_tbl_01741,gob_tbl_03430,gob_tbl_02749,proc_tbl_01299,dlk_tbl_01053,dlk_tbl_00265,gob_tbl_04349,dlk_tbl_03390,std_ext_00170,gob_ext_00343,dlk_ext_00403,gob_ext_00575,proc_ext_00681,dlk_ext_00330,dlk_ext_00659,gob_ext_00410
dlk_proceso_0302;3;dash_tbl_03837,proc_tbl_00589,std_tbl_00489;5;gob_tbl_00145,gob_tbl_00704,proc_tbl_02985,proc_ext_00172,proc_ext_00180
gob_proceso_0303;5;dlk_tbl_03376,dlk_tbl_02474,gob_tbl_00934,dlk_tbl_01661,dlk_tbl_01931;15;gob_tbl_00434,gob_tbl_01548,gob_tbl_04082,gob_tbl_04334,gob_tbl_02276,dlk_tbl_03941,dlk_tbl_01446,dlk_tbl_03620,ppn_tbl_02945,gob_ext_00474,dlk_ext_00615,gob_ext_00196,dlk_ext_00652,dlk_ext_00296,proc_ext_00697
proc_proceso_0304;4;m4sco_tbl_04439,gob_tbl_01723,dlk_tbl_00917,gob_tbl_00129;13;dlk_tbl_02529,gob_tbl_03782,dlk_tbl_04413,proc_tbl_03018,ppn_tbl_02189,dlk_tbl_03279,dlk_tbl_01663,dlk_ext_00643,dlk_ext_00373,proc_ext_00147,gob_ext_00140,dlk_ext_00657,dlk_ext_00625
gob_proceso_0305;3;gob_tbl_00804,proc_tbl_02192,proc_tbl_04501;15;dlk_tbl_01126,dash_tbl_03743,dlk_tbl_01965,gob_tbl_00650,gob_tbl_04100,gob_tbl_02798,gob_tbl_03186,gob_tbl_03752,dlk_tbl_01153,dlk_ext_00526,std_ext_00515,dlk_ext_00624,proc_ext_00255,dlk_ext_00090,dlk_ext_00215
dash_proceso_0306;5;dlk_tbl_00140,dlk_tbl_02120,gob_tbl_02619,dlk_tbl_01566,std_tbl_01278;12;gob_tbl_00972,gob_tbl_03794,proc_tbl_03676,proc_tbl_01765,gob_tbl_02712,proc_tbl_03444,gob_tbl_01654,gob_ext_00267,std_ext_00032,proc_ext_00528,gob_ext_00637,gob_ext_00343
gob_proceso_0307;4;gob_tbl_02242,proc_tbl_00626,m4vw_tbl_03496,gob_tbl_04384;10;std_tbl_01216,gob_tbl_03754,gob_tbl_02193,dash_tbl_01822,gob_tbl_03547,proc_tbl_02427,dash_ext_00160,gob_ext_00570,dlk_ext_00565,gob_ext_00506
dlk_proceso_0308;6;gob_tbl_02093,proc_tbl_01138,dlk_tbl_04348,dlk_tbl_01126,dlk_tbl_03726,gob_tbl_00682;4;gob_tbl_02919,dash_tbl_01268,dash_ext_00647,dlk_ext_00662
proc_proceso_0309;8;proc_tbl_01358,dash_tbl_01007,dlk_tbl_03747,dlk_tbl_00120,dash_tbl_01460,gob_tbl_03794,gob_tbl_01705,gob_tbl_02329;24;gob_tbl_00577,gob_tbl_02384,gob_tbl_00942,gob_tbl_02230,gob_tbl_02510,dlk_tbl_01238,dlk_tbl_01162,proc_tbl_04433,gob_tbl_03012,proc_tbl_03215,std_tbl_00766,dash_tbl_00534,dlk_tbl_03395,gob_tbl_00076,gob_ext_00619,dlk_ext_00115,gob_ext_00055,std_ext_00502,dlk_ext_00433,dash_ext_00446,dlk_ext_00155,dlk_ext_00074,dlk_ext_00560,gob_ext_00291
dlk_proceso_0310;3;dlk_tbl_00844,proc_tbl_02524,dlk_tbl_00016;9;dlk_tbl_01093,dlk_tbl_04386,dlk_tbl_00141,dlk_tbl_00542,dash_tbl_00494,gob_ext_00442,dash_ext_00023,std_ext_00358,dash_ext_00160
dlk_proceso_0311;5;gob_tbl_01417,dlk_tbl_01456,dlk_tbl_00878,gob_tbl_01895,m4sco_tbl_03494;7;gob_tbl_02443,gob_tbl_03086,proc_tbl_03676,gob_tbl_02885,gob_ext_00513,dash_ext_00305,gob_ext_00118
dash_proceso_0312;3;dlk_tbl_02644,dlk_tbl_02166,dlk_tbl_01612;9;gob_tbl_03700,dlk_tbl_01475,dlk_tbl_01716,gob_tbl_03640,proc_tbl_01852,gob_ext_00057,gob_ext_00584,gob_ext_00378,gob_ext_00302
gob_proceso_0313;5;dlk_tbl_02265,dlk_tbl_04335,m4sco_tbl_03031,gob_tbl_03948,dlk_tbl_02669;10;ppn_tbl_03306,gob_tbl_01236,dlk_tbl_01000,dlk_tbl_03753,m4vw_tbl_04076,gob_tbl_02480,dash_ext_00015,dlk_ext_00277,dlk_ext_00249,gob_ext_00055
gob_proceso_0314;2;gob_tbl_01668,std_tbl_00392;7;dlk_tbl_01874,gob_tbl_01130,dlk_tbl_02947,gob_tbl_03776,dlk_ext_00073,gob_ext_00645,gob_ext_00426
gob_proceso_0315;6;dlk_tbl_00750,std_tbl_03191,proc_tbl_01258,dlk_tbl_00311,dlk_tbl_01489,dlk_tbl_01687;15;gob_tbl_04187,gob_tbl_03147,m4vw_tbl_02395,gob_tbl_02684,gob_tbl_00659,proc_tbl_03636,dlk_tbl_03071,gob_tbl_01362,dlk_tbl_02017,proc_ext_00147,std_ext_00579,dlk_ext_00535,gob_ext_00448,dash_ext_00015,ppn_ext_00083
dlk_proceso_0316;3;dlk_tbl_03445,std_tbl_02774,std_tbl_03080;11;dlk_tbl_03347,dash_tbl_01665,gob_tbl_03920,gob_tbl_01606,dlk_tbl_03941,dash_tbl_01433,dlk_ext_00002,gob_ext_00226,proc_ext_00430,gob_ext_00319,m4sco_ext_00469
proc_proceso_0317;3;proc_tbl_02417,dlk_tbl_02752,dlk_tbl_03556;14;gob_tbl_01339,proc_tbl_03081,dash_tbl_01186,std_tbl_04038,gob_tbl_01718,proc_tbl_03966,gob_tbl_04008,gob_tbl_04016,dlk_ext_00406,dlk_ext_00215,dlk_ext_00020,gob_ext_00511,dash_ext_00157,m4sco_ext_00469
dlk_proceso_0318;7;gob_tbl_03648,std_tbl_01586,proc_tbl_03170,gob_tbl_04484,gob_tbl_02768,proc_tbl_00742,gob_tbl_03086;9;gob_tbl_02663,dlk_tbl_03639,dash_tbl_04330,dlk_tbl_04273,dash_tbl_01738,gob_ext_00487,proc_ext_00081,gob_ext_00107,gob_ext_00302
dlk_proceso_0319;5;gob_tbl_01458,std_tbl_01306,gob_tbl_00470,gob_tbl_02584,gob_tbl_03489;4;proc_tbl_01500,proc_tbl_00499,dlk_ext_00327,dlk_ext_00594
dash_proceso_0320;3;gob_tbl_01510,std_tbl_04425,dlk_tbl_02958;4;gob_tbl_03881,gob_tbl_02037,dash_ext_00151,dlk_ext_00560
dlk_proceso_0321;4;gob_tbl_00395,dlk_tbl_01629,gob_tbl_04263,dash_tbl_02454;11;dlk_tbl_01973,dlk_tbl_00225,dlk_tbl_04429,gob_tbl_02836,dash_tbl_00963,gob_tbl_00735,dash_ext_00290,gob_ext_00400,dlk_ext_00300,m4vw_ext_00193,dash_ext_00556
gob_proceso_0322;3;std_tbl_04077,dlk_tbl_00197,proc_tbl_02427;13;dlk_tbl_01343,dlk_tbl_04341,gob_tbl_01732,proc_tbl_02809,dlk_tbl_01564,std_tbl_01596,dlk_tbl_00875,dlk_ext_00560,gob_ext_00267,gob_ext_00280,dlk_ext_00679,dlk_ext_00509,proc_ext_00588
gob_proceso_0323;4;dlk_tbl_03416,std_tbl_01216,gob_tbl_00060,dlk_tbl_00142;6;gob_tbl_00198,gob_tbl_02893,dlk_tbl_02218,gob_ext_00585,proc_ext_00339,dash_ext_00447
dash_proceso_0324;4;gob_tbl_03675,std_tbl_00986,dash_tbl_00751,dlk_tbl_00415;6;std_tbl_02774,gob_tbl_02457,gob_tbl_02269,dlk_ext_00146,std_ext_00094,dlk_ext_00458
gob_proceso_0325;5;dash_tbl_01316,dash_tbl_03077,dlk_tbl_01745,proc_tbl_02705,gob_tbl_00639;8;dlk_tbl_03530,dlk_tbl_01054,gob_tbl_00046,ppn_tbl_03870,m4vw_tbl_02596,dash_ext_00335,proc_ext_00345,proc_ext_00537
dlk_proceso_0326;8;gob_tbl_02799,proc_tbl_03787,gob_tbl_03022,dlk_tbl_03381,dlk_tbl_02057,dlk_tbl_02275,dlk_tbl_04447,dash_tbl_02789;7;gob_tbl_03078,dlk_tbl_02651,gob_tbl_01751,dlk_tbl_03908,dlk_ext_00191,gob_ext_00127,gob_ext_00344
dlk_proceso_0327;6;proc_tbl_02440,proc_tbl_01205,dlk_tbl_00261,dash_tbl_00003,gob_tbl_02014,proc_tbl_01265;10;dlk_tbl_03025,proc_tbl_00230,dlk_tbl_01687,gob_tbl_02832,dlk_tbl_00564,dlk_tbl_00333,dlk_ext_00565,gob_ext_00544,gob_ext_00603,proc_ext_00092
gob_proceso_0328;2;dlk_tbl_03204,dlk_tbl_01885;5;gob_tbl_01112,dlk_tbl_02702,dlk_tbl_02566,dlk_ext_00472,proc_ext_00670
dlk_proceso_0329;6;proc_tbl_04012,dlk_tbl_03912,dlk_tbl_03052,proc_tbl_04310,dlk_tbl_01557,dlk_tbl_03598;15;gob_tbl_03058,dlk_tbl_03608,dlk_tbl_04487,dlk_tbl_02108,proc_tbl_02737,m4vw_tbl_04331,gob_tbl_01865,gob_tbl_00157,gob_tbl_04095,dlk_ext_00020,dlk_ext_00356,dash_ext_00303,dash_ext_00321,gob_ext_00473,ppn_ext_00664
proc_proceso_0330;6;dlk_tbl_03584,dlk_tbl_03476,dlk_tbl_01589,proc_tbl_04411,gob_tbl_00868,m4vw_tbl_03163;10;dlk_tbl_00551,gob_tbl_01060,dash_tbl_00921,dash_tbl_04282,gob_tbl_04369,dlk_tbl_03138,gob_ext_00487,dash_ext_00476,m4sco_ext_00469,proc_ext_00528
dlk_proceso_0331;8;dlk_tbl_00775,dash_tbl_03158,proc_tbl_00407,gob_tbl_00014,dash_tbl_04254,dlk_tbl_01276,dash_tbl_00373,gob_tbl_00904;19;dlk_tbl_01372,gob_tbl_04232,dlk_tbl_03768,proc_tbl_02385,dlk_tbl_00410,gob_tbl_02934,gob_tbl_02573,dlk_tbl_03537,gob_tbl_01632,gob_tbl_03810,gob_tbl_03122,gob_ext_00019,proc_ext_00583,proc_ext_00414,gob_ext_00114,dlk_ext_00296,dlk_ext_00373,dash_ext_00023,ppn_ext_00295
dlk_proceso_0332;5;gob_tbl_02794,gob_tbl_02687,gob_tbl_03996,proc_tbl_02985,dlk_tbl_02177;14;dlk_tbl_00990,gob_tbl_01514,gob_tbl_02987,proc_tbl_00449,proc_tbl_04357,dlk_tbl_00150,proc_tbl_02332,dlk_tbl_03090,dlk_ext_00471,dlk_ext_00679,gob_ext_00140,gob_ext_00076,gob_ext_00114,gob_ext_00567
dash_proceso_0333;4;gob_tbl_01075,proc_tbl_02042,gob_tbl_03436,gob_tbl_01154;12;proc_tbl_01342,dlk_tbl_00994,dlk_tbl_02040,gob_tbl_02857,dlk_tbl_02727,gob_tbl_00823,proc_tbl_03440,dlk_ext_00079,gob_ext_00292,dash_ext_00608,m4sco_ext_00469,proc_ext_00043
gob_proceso_0334;4;proc_tbl_00558,dash_tbl_04135,m4sco_tbl_00837,m4vw_tbl_03351;9;gob_tbl_01804,dlk_tbl_00385,gob_tbl_02476,gob_tbl_01112,dlk_tbl_02336,gob_ext_00344,dlk_ext_00328,ppn_ext_00088,proc_ext_00282
dlk_proceso_0335;4;proc_tbl_01714,gob_tbl_02525,dlk_tbl_01061,proc_tbl_03142;4;dash_tbl_00895,dlk_tbl_03641,proc_ext_00633,dash_ext_00524
proc_proceso_0336;4;gob_tbl_01508,gob_tbl_00787,gob_tbl_02606,dlk_tbl_03464;4;m4sco_tbl_02225,gob_tbl_01180,dlk_ext_00253,gob_ext_00378
gob_proceso_0337;4;dlk_tbl_03051,gob_tbl_03242,gob_tbl_01734,gob_tbl_02276;12;dlk_tbl_01628,m4sco_tbl_02821,gob_tbl_02031,gob_tbl_03963,proc_tbl_02906,m4sco_tbl_02637,gob_tbl_00546,dlk_ext_00394,gob_ext_00634,std_ext_00352,gob_ext_00450,gob_ext_00209
proc_proceso_0338;4;proc_tbl_00376,std_tbl_01662,dlk_tbl_03477,gob_tbl_02594;12;std_tbl_01216,gob_tbl_01152,gob_tbl_00393,dash_tbl_01247,dash_tbl_01316,dash_tbl_00534,proc_tbl_03261,gob_ext_00320,dash_ext_00047,dlk_ext_00347,std_ext_00515,gob_ext_00135
gob_proceso_0339;2;dash_tbl_04388,dlk_tbl_03785;15;gob_tbl_01548,proc_tbl_01138,dlk_tbl_00654,proc_tbl_01537,gob_tbl_00776,proc_tbl_01066,gob_tbl_01397,dlk_tbl_02244,gob_tbl_02563,dlk_ext_00366,proc_ext_00404,dash_ext_00151,gob_ext_00336,dlk_ext_00286,dlk_ext_00373
dlk_proceso_0340;3;m4sco_tbl_03218,dash_tbl_03975,dlk_tbl_01266;12;proc_tbl_01050,dlk_tbl_03641,proc_tbl_04235,proc_tbl_01207,dash_tbl_03504,dlk_tbl_00380,proc_tbl_01836,gob_ext_00506,ppn_ext_00083,gob_ext_00261,gob_ext_00351,dlk_ext_00493
gob_proceso_0341;5;dlk_tbl_03995,gob_tbl_00096,dlk_tbl_01611,dash_tbl_00672,proc_tbl_04085;16;dlk_tbl_03670,dlk_tbl_04496,dlk_tbl_01279,dlk_tbl_02330,proc_tbl_00709,gob_tbl_02408,proc_tbl_02392,dlk_tbl_03296,dlk_tbl_01891,dlk_ext_00061,gob_ext_00329,gob_ext_00448,dlk_ext_00519,dash_ext_00214,gob_ext_00152,gob_ext_00606
gob_proceso_0342;5;gob_tbl_01718,gob_tbl_01571,dash_tbl_04048,gob_tbl_02557,gob_tbl_00046;15;dash_tbl_00753,gob_tbl_03751,proc_tbl_00343,proc_tbl_03162,dlk_tbl_01349,proc_tbl_03593,std_tbl_04078,gob_tbl_02161,gob_tbl_04428,proc_ext_00537,dlk_ext_00296,proc_ext_00404,dlk_ext_00365,dlk_ext_00394,gob_ext_00384
proc_proceso_0343;5;gob_tbl_03450,std_tbl_01691,dlk_tbl_01876,dlk_tbl_02203,m4vw_tbl_00077;16;dlk_tbl_03266,dlk_tbl_01613,gob_tbl_03779,dlk_tbl_04346,std_tbl_00766,dlk_tbl_01588,gob_tbl_01673,gob_tbl_01737,dash_tbl_02728,proc_ext_00673,dlk_ext_00443,proc_ext_00180,gob_ext_00141,proc_ext_00623,gob_ext_00416,dash_ext_00290
proc_proceso_0344;6;proc_tbl_03281,proc_tbl_02720,m4sco_tbl_00366,dash_tbl_04339,gob_tbl_03427,std_tbl_00332;13;dash_tbl_00649,dlk_tbl_04377,dlk_tbl_01694,gob_tbl_02772,proc_tbl_01367,dlk_tbl_01530,dash_tbl_02982,gob_ext_00459,dlk_ext_00535,proc_ext_00355,dlk_ext_00679,dlk_ext_00554,dlk_ext_00341
dlk_proceso_0345;8;dlk_tbl_03569,gob_tbl_02714,proc_tbl_02909,gob_tbl_02816,proc_tbl_03712,gob_tbl_00025,gob_tbl_01335,dlk_tbl_03753;9;dlk_tbl_01092,dlk_tbl_01233,proc_tbl_01455,dash_tbl_04205,gob_tbl_04005,gob_ext_00000,dlk_ext_00580,dash_ext_00446,dlk_ext_00189
dlk_proceso_0346;5;gob_tbl_00716,gob_tbl_00488,proc_tbl_02084,dlk_tbl_03312,gob_tbl_04488;9;gob_tbl_01760,dlk_tbl_03384,dlk_tbl_02690,gob_tbl_03331,gob_tbl_03293,gob_ext_00584,gob_ext_00106,ppn_ext_00664,dlk_ext_00458
gob_proceso_0347;6;gob_tbl_03708,ppn_tbl_00356,dlk_tbl_02812,dlk_tbl_02586,dlk_tbl_00900,proc_tbl_01746;6;gob_tbl_03007,proc_tbl_01243,dlk_tbl_03130,gob_ext_00630,dash_ext_00647,dlk_ext_00458
gob_proceso_0348;3;proc_tbl_02097,dlk_tbl_02066,dlk_tbl_02151;13;std_tbl_03839,std_tbl_02719,proc_tbl_00467,dlk_tbl_02203,dash_tbl_03743,ppn_tbl_02185,dlk_tbl_01238,dlk_ext_00475,proc_ext_00270,gob_ext_00087,gob_ext_00627,gob_ext_00668,proc_ext_00255
dlk_proceso_0349;6;gob_tbl_00688,gob_tbl_00314,dlk_tbl_03959,dlk_tbl_00621,dlk_tbl_00160,dash_tbl_02992;15;dlk_tbl_00265,proc_tbl_01864,proc_tbl_01753,gob_tbl_00712,dash_tbl_01371,proc_tbl_00429,gob_tbl_01755,gob_tbl_00398,dlk_tbl_00138,dash_ext_00447,dlk_ext_00443,dlk_ext_00615,gob_ext_00440,dlk_ext_00564,dash_ext_00412
dlk_proceso_0350;5;gob_tbl_01831,dlk_tbl_00165,proc_tbl_00929,proc_tbl_03610,dlk_tbl_00405;12;proc_tbl_00558,dlk_tbl_00270,gob_tbl_03397,dash_tbl_00003,proc_tbl_00018,proc_tbl_01182,dash_tbl_00187,dlk_ext_00357,ppn_ext_00083,gob_ext_00485,dlk_ext_00301,ppn_ext_00295
proc_proceso_0351;6;dlk_tbl_03710,proc_tbl_02388,dash_tbl_00372,gob_tbl_01451,gob_tbl_00796,gob_tbl_03643;10;gob_tbl_03562,dlk_tbl_00478,proc_tbl_01099,gob_tbl_02746,proc_tbl_03866,gob_tbl_02955,proc_ext_00673,dash_ext_00030,dlk_ext_00263,gob_ext_00178
dlk_proceso_0352;4;gob_tbl_00183,dlk_tbl_00850,dash_tbl_00246,dlk_tbl_04177;10;gob_tbl_01020,gob_tbl_02959,dlk_tbl_03115,dlk_tbl_00501,proc_tbl_03613,dlk_tbl_01747,gob_ext_00480,gob_ext_00055,ppn_ext_00396,dlk_ext_00061
dlk_proceso_0353;8;dlk_tbl_02449,gob_tbl_02470,dlk_tbl_01244,dash_tbl_02101,gob_tbl_03273,gob_tbl_00211,dlk_tbl_01260,std_tbl_03728;9;proc_tbl_01414,dlk_tbl_00678,gob_tbl_00321,gob_tbl_01195,gob_tbl_03398,dlk_ext_00643,dash_ext_00289,gob_ext_00440,ppn_ext_00616
dlk_proceso_0354;5;proc_tbl_00836,gob_tbl_01925,gob_tbl_02583,proc_tbl_00020,dlk_tbl_01383;10;gob_tbl_01536,dlk_tbl_02905,dlk_tbl_03456,dlk_tbl_00138,dlk_tbl_01835,gob_tbl_00359,dlk_ext_00580,gob_ext_00200,gob_ext_00131,proc_ext_00682
gob_proceso_0355;6;dlk_tbl_02891,dlk_tbl_02025,gob_tbl_00065,gob_tbl_02194,gob_tbl_04167,proc_tbl_00245;5;dlk_tbl_00161,gob_tbl_03884,dlk_tbl_02393,dash_ext_00303,gob_ext_00204
dlk_proceso_0356;3;gob_tbl_04267,proc_tbl_04321,proc_tbl_04399;15;dlk_tbl_04072,gob_tbl_01404,gob_tbl_03176,dlk_tbl_04096,dlk_tbl_03296,dash_tbl_01250,dash_tbl_04171,gob_tbl_02014,gob_tbl_04407,dlk_ext_00565,gob_ext_00127,gob_ext_00584,dlk_ext_00433,dlk_ext_00174,gob_ext_00441
gob_proceso_0357;5;gob_tbl_01321,gob_tbl_04407,proc_tbl_03709,gob_tbl_03552,dlk_tbl_02915;4;proc_tbl_02969,gob_tbl_02859,dlk_ext_00322,proc_ext_00660
proc_proceso_0358;7;dash_tbl_00700,gob_tbl_01817,dlk_tbl_03521,dlk_tbl_02106,gob_tbl_02848,dlk_tbl_03093,proc_tbl_03318;20;proc_tbl_02894,dlk_tbl_03219,dlk_tbl_02040,proc_tbl_02731,dlk_tbl_01970,dlk_tbl_03384,dlk_tbl_00978,gob_tbl_04309,gob_tbl_03881,dlk_tbl_00620,gob_tbl_02494,gob_tbl_00279,proc_ext_00255,gob_ext_00329,gob_ext_00009,gob_ext_00507,proc_ext_00670,dlk_ext_00643,gob_ext_00481,gob_ext_00225
dlk_proceso_0359;5;dash_tbl_03755,proc_tbl_00282,gob_tbl_01587,gob_tbl_00167,proc_tbl_03265;12;gob_tbl_04267,proc_tbl_01448,dlk_tbl_00960,dlk_tbl_00551,dlk_tbl_00983,gob_tbl_01914,proc_tbl_00230,gob_ext_00176,gob_ext_00006,dlk_ext_00142,dlk_ext_00066,std_ext_00170
dlk_proceso_0360;5;dlk_tbl_04093,m4sco_tbl_02810,dlk_tbl_00497,gob_tbl_02972,gob_tbl_03754;15;dlk_tbl_01569,gob_tbl_00157,std_tbl_02966,dlk_tbl_00056,dlk_tbl_03941,gob_tbl_04358,gob_tbl_03625,gob_tbl_01239,proc_tbl_02414,dash_ext_00447,gob_ext_00135,gob_ext_00482,proc_ext_00022,gob_ext_00584,gob_ext_00592
dlk_proceso_0361;7;gob_tbl_02957,dlk_tbl_00200,gob_tbl_00315,dlk_tbl_00761,dash_tbl_02953,dash_tbl_00553,dlk_tbl_00513;11;gob_tbl_03062,dlk_tbl_02925,gob_tbl_02667,dlk_tbl_01879,m4sco_tbl_03609,proc_tbl_02158,std_ext_00170,dlk_ext_00564,dlk_ext_00162,gob_ext_00598,dlk_ext_00166
gob_proceso_0362;2;ppn_tbl_02189,std_tbl_00561;6;dlk_tbl_02915,gob_tbl_04317,dlk_tbl_00482,dlk_ext_00560,dlk_ext_00475,proc_ext_00682
proc_proceso_0363;8;proc_tbl_02605,dlk_tbl_02255,std_tbl_02861,gob_tbl_01150,gob_tbl_03649,gob_tbl_01082,dlk_tbl_04380,m4vw_tbl_02707;14;dlk_tbl_00676,dash_tbl_04268,m4vw_tbl_02070,dlk_tbl_02292,proc_tbl_03535,m4vw_tbl_03214,gob_tbl_03748,gob_tbl_00417,m4sco_ext_00469,proc_ext_00673,dlk_ext_00364,gob_ext_00601,gob_ext_00004,gob_ext_00055
gob_proceso_0364;4;gob_tbl_04491,gob_tbl_03618,dlk_tbl_00677,dlk_tbl_00654;7;proc_tbl_00245,dlk_tbl_00380,dlk_tbl_02918,gob_tbl_00484,dlk_ext_00552,dlk_ext_00300,dlk_ext_00365
gob_proceso_0365;4;dlk_tbl_00821,dlk_tbl_01115,dlk_tbl_03619,gob_tbl_04016;7;dlk_tbl_02397,dlk_tbl_03844,proc_tbl_01714,m4sco_tbl_04190,dash_ext_00160,dlk_ext_00296,gob_ext_00423
dlk_proceso_0366;4;dlk_tbl_00410,dlk_tbl_04046,dlk_tbl_01897,dlk_tbl_03824;12;dlk_tbl_01629,proc_tbl_03366,dlk_tbl_03066,dlk_tbl_00274,dlk_tbl_00222,gob_tbl_00417,dlk_tbl_03940,dlk_ext_00691,proc_ext_00175,dash_ext_00290,gob_ext_00490,ppn_ext_00083
dlk_proceso_0367;4;dlk_tbl_01859,gob_tbl_02131,dlk_tbl_01387,proc_tbl_04199;5;ppn_tbl_02945,gob_tbl_04213,std_tbl_02733,dlk_ext_00293,dlk_ext_00471
proc_proceso_0368;4;gob_tbl_00424,proc_tbl_01098,proc_tbl_04356,gob_tbl_00325;6;gob_tbl_00752,gob_tbl_02704,dash_tbl_03089,dlk_ext_00676,std_ext_00672,dash_ext_00465
dlk_proceso_0369;4;dlk_tbl_01903,dlk_tbl_00306,m4sco_tbl_02239,gob_tbl_02078;10;dlk_tbl_02544,proc_tbl_03041,dlk_tbl_00497,dash_tbl_00790,gob_tbl_02272,dlk_tbl_01230,proc_ext_00478,ppn_ext_00664,dlk_ext_00365,gob_ext_00009
dash_proceso_0370;5;gob_tbl_00507,gob_tbl_00358,dlk_tbl_01270,dlk_tbl_02233,gob_tbl_03302;12;gob_tbl_03420,proc_tbl_03674,dlk_tbl_00056,gob_tbl_01388,dlk_tbl_00013,dash_tbl_04278,gob_tbl_03542,dlk_ext_00322,dash_ext_00139,dlk_ext_00560,dash_ext_00160,dash_ext_00447
proc_proceso_0371;2;dlk_tbl_02378,gob_tbl_01324;8;gob_tbl_01902,gob_tbl_01040,proc_tbl_02731,dash_tbl_00495,gob_tbl_03754,dash_ext_00568,proc_ext_00690,gob_ext_00051
dlk_proceso_0372;6;dlk_tbl_00758,proc_tbl_01484,ppn_tbl_01534,proc_tbl_03758,gob_tbl_00224,proc_tbl_03905;10;gob_tbl_03994,dlk_tbl_00808,gob_tbl_02350,m4vw_tbl_01810,gob_tbl_04349,gob_tbl_03273,dlk_ext_00604,dlk_ext_00526,gob_ext_00612,gob_ext_00211
dlk_proceso_0373;3;dlk_tbl_02547,dlk_tbl_02608,dlk_tbl_03260;11;dash_tbl_03929,dash_tbl_02575,gob_tbl_04034,gob_tbl_03403,proc_tbl_02088,proc_tbl_03866,dlk_ext_00458,gob_ext_00441,proc_ext_00566,gob_ext_00423,dlk_ext_00283
dlk_proceso_0374;7;gob_tbl_03085,gob_tbl_01597,dlk_tbl_01093,dlk_tbl_01467,dlk_tbl_00340,dlk_tbl_03653,dash_tbl_04457;20;std_tbl_02660,dlk_tbl_02153,gob_tbl_04470,gob_tbl_00772,gob_tbl_00026,proc_tbl_04021,gob_tbl_01164,std_tbl_03896,gob_tbl_03606,dlk_tbl_03933,gob_tbl_03960,dlk_tbl_01874,gob_ext_00055,proc_ext_00437,dlk_ext_00236,gob_ext_00152,dlk_ext_00394,proc_ext_00462,gob_ext_00474,proc_ext_00414
dlk_proceso_0375;5;dash_tbl_03807,dlk_tbl_02599,dlk_tbl_01946,gob_tbl_03103,dlk_tbl_03179;8;gob_tbl_01236,dlk_tbl_02864,m4sco_tbl_01685,dash_tbl_03924,gob_tbl_03841,gob_ext_00483,proc_ext_00369,proc_ext_00081
gob_proceso_0376;2;dlk_tbl_00439,std_tbl_01223;12;dash_tbl_01591,m4vw_tbl_02395,dlk_tbl_04314,gob_tbl_01259,gob_tbl_03754,dlk_tbl_00980,proc_tbl_02278,gob_ext_00242,proc_ext_00081,gob_ext_00645,gob_ext_00482,dlk_ext_00328
proc_proceso_0377;5;dlk_tbl_04487,gob_tbl_01067,dlk_tbl_03456,proc_tbl_00702,dlk_tbl_02796;12;gob_tbl_04187,m4vw_tbl_03165,m4vw_tbl_01116,dlk_tbl_03239,dlk_tbl_01090,proc_tbl_03008,gob_tbl_04232,proc_ext_00633,gob_ext_00575,dlk_ext_00475,dash_ext_00110,proc_ext_00345
dlk_proceso_0378;2;gob_tbl_02349,dlk_tbl_00148;9;dlk_tbl_02484,dlk_tbl_02325,dlk_tbl_01030,proc_tbl_02418,dash_tbl_00813,dash_ext_00496,proc_ext_00147,gob_ext_00630,proc_ext_00022
dlk_proceso_0379;5;dlk_tbl_00603,dash_tbl_02689,gob_tbl_03411,gob_tbl_02028,dlk_tbl_00918;13;ppn_tbl_02783,gob_tbl_04428,dash_tbl_04226,gob_tbl_00339,gob_tbl_00820,gob_tbl_00169,dlk_tbl_04200,m4vw_ext_00318,dlk_ext_00635,ppn_ext_00026,gob_ext_00487,gob_ext_00603,gob_ext_00117
gob_proceso_0380;5;dlk_tbl_00190,m4vw_tbl_00862,dlk_tbl_03795,proc_tbl_04196,dlk_tbl_02387;15;dlk_tbl_02295,dlk_tbl_01078,proc_tbl_00946,dlk_tbl_00316,gob_tbl_03356,proc_tbl_04451,proc_tbl_04329,dlk_tbl_04492,proc_tbl_01448,proc_ext_00171,gob_ext_00489,dlk_ext_00445,dlk_ext_00522,gob_ext_00645,dlk_ext_00560
proc_proceso_0381;6;dlk_tbl_02126,proc_tbl_00419,dlk_tbl_00676,dlk_tbl_00087,gob_tbl_00466,dash_tbl_01435;4;gob_tbl_01606,dlk_tbl_00023,proc_ext_00589,std_ext_00094
dash_proceso_0382;3;dlk_tbl_01791,dash_tbl_00652,gob_tbl_01017;9;gob_tbl_04232,dlk_tbl_04203,dash_tbl_00495,dash_tbl_04155,proc_tbl_03758,dlk_ext_00142,dlk_ext_00626,proc_ext_00255,dlk_ext_00296
proc_proceso_0383;2;gob_tbl_04289,gob_tbl_04308;15;dlk_tbl_00143,dash_tbl_01911,gob_tbl_00507,dlk_tbl_00678,gob_tbl_02176,dlk_tbl_04264,dlk_tbl_01240,dlk_tbl_00882,gob_tbl_00067,std_ext_00148,dash_ext_00586,gob_ext_00645,dlk_ext_00493,gob_ext_00620,dash_ext_00290
gob_proceso_0384;3;std_tbl_01657,gob_tbl_03547,gob_tbl_03786;15;proc_tbl_04230,dash_tbl_02237,gob_tbl_00695,dlk_tbl_02389,dlk_tbl_02126,dlk_tbl_03844,dlk_tbl_02725,dash_tbl_00652,gob_tbl_01536,proc_ext_00339,proc_ext_00658,gob_ext_00438,gob_ext_00124,gob_ext_00000,gob_ext_00457
dlk_proceso_0385;5;dash_tbl_00005,dlk_tbl_04353,proc_tbl_03133,dlk_tbl_01008,gob_tbl_02355;7;gob_tbl_03010,gob_tbl_03344,gob_tbl_04074,dlk_tbl_02244,proc_ext_00660,m4vw_ext_00318,dlk_ext_00090
proc_proceso_0386;4;dlk_tbl_02200,dlk_tbl_00628,dlk_tbl_03596,gob_tbl_01760;13;dash_tbl_01172,dlk_tbl_01381,proc_tbl_01275,m4sco_tbl_03031,std_tbl_01596,gob_tbl_02893,ppn_tbl_01286,dlk_ext_00347,gob_ext_00485,proc_ext_00147,gob_ext_00637,proc_ext_00353,dlk_ext_00458
dlk_proceso_0387;3;gob_tbl_03591,proc_tbl_03039,proc_tbl_02658;9;gob_tbl_04036,dlk_tbl_02360,dlk_tbl_03049,dlk_tbl_01337,dash_tbl_00003,dlk_ext_00445,gob_ext_00621,dlk_ext_00263,dlk_ext_00365
dlk_proceso_0388;7;gob_tbl_02815,gob_tbl_01047,gob_tbl_03667,gob_tbl_01364,proc_tbl_03862,gob_tbl_01964,gob_tbl_00144;10;gob_tbl_02150,dlk_tbl_01874,dlk_tbl_04091,proc_tbl_01035,dash_tbl_01591,dlk_tbl_01544,gob_ext_00620,gob_ext_00336,proc_ext_00633,gob_ext_00280
dlk_proceso_0389;4;dash_tbl_04355,dlk_tbl_01670,m4vw_tbl_01708,dlk_tbl_02043;4;dlk_tbl_01552,proc_tbl_03614,gob_ext_00511,proc_ext_00180
dlk_proceso_0390;5;dlk_tbl_03531,dash_tbl_01461,dlk_tbl_03733,gob_tbl_01933,dlk_tbl_04489;11;dlk_tbl_03710,dash_tbl_02627,proc_tbl_01852,dash_tbl_01186,dlk_tbl_01917,dlk_tbl_03069,gob_ext_00262,proc_ext_00282,dlk_ext_00652,gob_ext_00683,dash_ext_00160
dlk_proceso_0391;4;dlk_tbl_01466,dlk_tbl_00069,gob_tbl_02301,proc_tbl_03208;11;proc_tbl_03594,proc_tbl_03446,ppn_tbl_03054,proc_tbl_01958,dash_tbl_01999,dlk_tbl_04314,dlk_ext_00663,proc_ext_00665,gob_ext_00262,dlk_ext_00657,dlk_ext_00054
gob_proceso_0392;3;proc_tbl_04421,dlk_tbl_00531,gob_tbl_01064;12;dlk_tbl_01081,dlk_tbl_00814,dlk_tbl_00526,m4vw_tbl_03165,proc_tbl_04404,gob_tbl_03019,dlk_tbl_03933,dlk_ext_00012,dlk_ext_00471,dlk_ext_00283,dlk_ext_00115,dlk_ext_00535
dlk_proceso_0393;4;gob_tbl_00607,proc_tbl_04199,gob_tbl_01736,gob_tbl_04305;13;dlk_tbl_01467,std_tbl_03191,dlk_tbl_00333,m4vw_tbl_03032,dlk_tbl_01629,gob_tbl_01504,gob_tbl_02963,gob_ext_00561,proc_ext_00258,gob_ext_00257,proc_ext_00690,dlk_ext_00679,dlk_ext_00365
dlk_proceso_0394;5;dlk_tbl_04375,dlk_tbl_01533,dlk_tbl_02591,proc_tbl_04427,gob_tbl_00213;19;std_tbl_01586,gob_tbl_03293,gob_tbl_03285,dlk_tbl_00678,gob_tbl_03100,dlk_tbl_00078,dlk_tbl_01153,gob_tbl_03298,gob_tbl_04238,dlk_tbl_00482,gob_tbl_02996,dlk_ext_00162,dlk_ext_00154,proc_ext_00644,std_ext_00170,gob_ext_00038,ppn_ext_00664,gob_ext_00351,dlk_ext_00451
dlk_proceso_0395;4;dlk_tbl_02262,dlk_tbl_03696,gob_tbl_02831,dlk_tbl_03239;10;dlk_tbl_02112,dash_tbl_02701,std_tbl_03168,proc_tbl_04471,ppn_tbl_02805,proc_tbl_02625,dlk_ext_00635,dlk_ext_00074,proc_ext_00462,dlk_ext_00166
dash_proceso_0396;7;proc_tbl_02369,gob_tbl_03986,proc_tbl_04179,dlk_tbl_01497,dlk_tbl_04111,gob_tbl_01123,dlk_tbl_00799;11;m4vw_tbl_04497,gob_tbl_03967,proc_tbl_00830,dlk_tbl_01394,std_tbl_02576,proc_tbl_00869,dash_ext_00465,std_ext_00094,proc_ext_00043,ppn_ext_00072,dash_ext_00290
gob_proceso_0397;2;gob_tbl_03124,gob_tbl_03358;12;gob_tbl_03588,dlk_tbl_02035,gob_tbl_03063,gob_tbl_02710,dash_tbl_04151,dlk_tbl_01628,proc_tbl_04196,gob_ext_00087,proc_ext_00164,dlk_ext_00097,dash_ext_00305,std_ext_00352
dlk_proceso_0398;3;proc_tbl_00771,dlk_tbl_04333,gob_tbl_02964;9;dlk_tbl_02410,gob_tbl_01548,dlk_tbl_03138,gob_tbl_02766,gob_tbl_01482,gob_ext_00440,gob_ext_00397,dlk_ext_00517,gob_ext_00485
dlk_proceso_0399;4;dlk_tbl_03076,gob_tbl_03112,proc_tbl_03854,gob_tbl_02902;7;gob_tbl_00655,dash_tbl_00081,dlk_tbl_00038,gob_tbl_02642,gob_ext_00460,gob_ext_00336,gob_ext_00473
dlk_proceso_0400;7;gob_tbl_01549,gob_tbl_04459,dlk_tbl_01599,gob_tbl_03044,gob_tbl_03111,std_tbl_01352,proc_tbl_03056;15;proc_tbl_00830,dlk_tbl_00329,dlk_tbl_02389,gob_tbl_03996,dlk_tbl_02582,dlk_tbl_04153,m4vw_tbl_02741,gob_tbl_02960,proc_tbl_00623,dlk_ext_00330,gob_ext_00141,dlk_ext_00470,gob_ext_00637,gob_ext_00481,dlk_ext_00614
dlk_proceso_0401;7;gob_tbl_02781,proc_tbl_03901,dash_tbl_00813,gob_tbl_02289,dlk_tbl_01972,dlk_tbl_02145,dash_tbl_03659;9;dlk_tbl_04314,gob_tbl_00540,dash_tbl_00277,dash_tbl_04226,std_tbl_03080,gob_ext_00000,gob_ext_00007,proc_ext_00665,gob_ext_00006
gob_proceso_0402;5;gob_tbl_04234,dlk_tbl_01624,dlk_tbl_03229,proc_tbl_02648,dlk_tbl_03910;14;gob_tbl_02519,dlk_tbl_01805,gob_tbl_00843,gob_tbl_03775,dlk_tbl_00201,gob_tbl_02756,gob_tbl_03675,dlk_tbl_01415,dlk_ext_00301,proc_ext_00164,gob_ext_00262,dash_ext_00586,std_ext_00358,dlk_ext_00272
dlk_proceso_0403;3;proc_tbl_01111,dlk_tbl_04176,dlk_tbl_02501;15;m4vw_tbl_00862,dlk_tbl_04050,gob_tbl_01710,dlk_tbl_02177,m4sco_tbl_03716,dash_tbl_03909,gob_tbl_02465,gob_tbl_02714,gob_tbl_03365,dash_ext_00317,gob_ext_00561,dlk_ext_00659,gob_ext_00076,gob_ext_00460,proc_ext_00345
dash_proceso_0404;2;dlk_tbl_01680,dlk_tbl_00184;13;gob_tbl_03373,dlk_tbl_02702,dlk_tbl_03115,dlk_tbl_01511,gob_tbl_03005,gob_tbl_03985,dlk_tbl_04412,gob_ext_00613,gob_ext_00009,dlk_ext_00182,dlk_ext_00444,gob_ext_00600,dlk_ext_00403
gob_proceso_0405;2;dlk_tbl_03581,dlk_tbl_03499;13;proc_tbl_02084,ppn_tbl_03990,proc_tbl_01832,dlk_tbl_04039,dlk_tbl_01231,dash_tbl_00118,dlk_tbl_00757,gob_ext_00009,gob_ext_00107,dash_ext_00229,gob_ext_00051,std_ext_00352,dlk_ext_00560
dlk_proceso_0406;3;dlk_tbl_00643,dlk_tbl_04412,gob_tbl_03528;12;dlk_tbl_01267,dlk_tbl_00045,m4sco_tbl_00536,gob_tbl_04191,dash_tbl_04059,proc_tbl_00020,dlk_tbl_00838,dlk_ext_00189,dlk_ext_00622,dash_ext_00233,gob_ext_00049,gob_ext_00351
dash_proceso_0407;6;gob_tbl_02257,gob_tbl_03736,gob_tbl_03127,dlk_tbl_01996,dash_tbl_01665,dlk_tbl_02468;4;proc_tbl_02985,dlk_tbl_02503,m4sco_ext_00469,m4sco_ext_00486
dlk_proceso_0408;4;gob_tbl_03431,proc_tbl_03518,gob_tbl_03635,gob_tbl_02874;5;proc_tbl_03337,gob_tbl_00656,proc_tbl_02427,gob_ext_00176,dlk_ext_00470
gob_proceso_0409;5;dlk_tbl_01400,dlk_tbl_02646,dash_tbl_02110,gob_tbl_04438,gob_tbl_03533;7;gob_tbl_01673,proc_tbl_02062,dash_tbl_04246,gob_tbl_01767,dlk_ext_00065,gob_ext_00336,proc_ext_00281
dlk_proceso_0410;7;dash_tbl_03240,gob_tbl_03848,gob_tbl_01812,dlk_tbl_01503,proc_tbl_03613,dlk_tbl_03120,dlk_tbl_00579;11;dlk_tbl_02503,gob_tbl_00299,dash_tbl_00118,dash_tbl_01888,gob_tbl_01486,dash_tbl_03791,dlk_ext_00277,gob_ext_00490,gob_ext_00050,proc_ext_00255,dash_ext_00317
dlk_proceso_0411;5;gob_tbl_00783,gob_tbl_01393,gob_tbl_04187,dlk_tbl_02006,gob_tbl_01119;16;gob_tbl_03425,proc_tbl_00174,proc_tbl_02875,gob_tbl_01221,gob_tbl_01034,gob_tbl_03198,gob_tbl_02456,proc_tbl_03690,dlk_tbl_00778,proc_ext_00238,gob_ext_00629,gob_ext_00278,proc_ext_00484,proc_ext_00437,dlk_ext_00372,dlk_ext_00166
gob_proceso_0412;3;proc_tbl_00294,dlk_tbl_00970,gob_tbl_01706;15;proc_tbl_03208,gob_tbl_03884,dlk_tbl_04413,dlk_tbl_00953,gob_tbl_04369,gob_tbl_02419,gob_tbl_01831,proc_tbl_02088,dlk_tbl_03844,m4vw_ext_00452,proc_ext_00525,gob_ext_00302,dlk_ext_00115,dlk_ext_00296,std_ext_00545
dlk_proceso_0413;2;dlk_tbl_02709,gob_tbl_03729;8;proc_tbl_02427,gob_tbl_00829,dash_tbl_04457,dash_tbl_00920,dlk_tbl_02771,proc_ext_00095,gob_ext_00441,gob_ext_00009
dlk_proceso_0414;8;gob_tbl_00007,proc_tbl_03903,std_tbl_00835,gob_tbl_02869,dlk_tbl_03802,gob_tbl_03555,proc_tbl_00600,m4vw_tbl_00031;14;dash_tbl_02940,proc_tbl_01664,gob_tbl_03102,dlk_tbl_01543,dlk_tbl_00079,dlk_tbl_01198,proc_tbl_03056,dlk_tbl_02431,dlk_ext_00005,std_ext_00205,dlk_ext_00403,dash_ext_00252,dlk_ext_00304,dlk_ext_00625
dlk_proceso_0415;5;gob_tbl_00460,gob_tbl_00693,gob_tbl_00697,gob_tbl_04188,gob_tbl_01409;8;proc_tbl_03826,dlk_tbl_02200,dash_tbl_00813,gob_tbl_02293,dash_tbl_02748,dlk_ext_00073,dlk_ext_00615,dlk_ext_00574
dlk_proceso_0416;6;dlk_tbl_03223,proc_tbl_03446,dlk_tbl_03327,dlk_tbl_00304,m4vw_tbl_01810,gob_tbl_02143;10;gob_tbl_03154,gob_tbl_04232,gob_tbl_00303,gob_tbl_01902,gob_tbl_03175,gob_tbl_01322,proc_ext_00282,proc_ext_00508,dlk_ext_00217,gob_ext_00450
proc_proceso_0417;5;gob_tbl_00885,proc_tbl_01439,proc_tbl_02188,dash_tbl_01368,gob_tbl_00769;4;gob_tbl_02710,dlk_tbl_00980,ppn_ext_00396,dlk_ext_00519
proc_proceso_0418;3;proc_tbl_04432,gob_tbl_00528,gob_tbl_02183;8;gob_tbl_04350,dlk_tbl_04347,proc_tbl_03636,dlk_tbl_01139,gob_tbl_03103,gob_ext_00485,std_ext_00170,m4vw_ext_00040
gob_proceso_0419;5;m4vw_tbl_01088,proc_tbl_00490,dlk_tbl_03341,std_tbl_03896,proc_tbl_02332;14;gob_tbl_02903,gob_tbl_01536,dlk_tbl_01196,dlk_tbl_00197,gob_tbl_04444,std_tbl_02576,gob_tbl_01034,dlk_tbl_03534,gob_ext_00473,gob_ext_00379,gob_ext_00424,gob_ext_00132,proc_ext_00355,gob_ext_00474
gob_proceso_0420;5;proc_tbl_03790,gob_tbl_02033,dlk_tbl_00027,dlk_tbl_01915,dash_tbl_01911;7;dlk_tbl_01875,gob_tbl_01104,dlk_tbl_00902,dlk_tbl_00970,dlk_ext_00314,dlk_ext_00364,dlk_ext_00372
dash_proceso_0421;5;gob_tbl_00810,gob_tbl_01019,gob_tbl_03751,proc_tbl_03441,dlk_tbl_02294;14;dash_tbl_02839,dlk_tbl_01815,dash_tbl_04155,dash_tbl_04420,proc_tbl_03261,dlk_tbl_00875,gob_tbl_02253,dlk_tbl_03972,dlk_ext_00364,dlk_ext_00654,proc_ext_00697,dlk_ext_00693,proc_ext_00508,gob_ext_00448
dlk_proceso_0422;8;dlk_tbl_04298,dlk_tbl_02335,dlk_tbl_01841,gob_tbl_02932,gob_tbl_01339,gob_tbl_03449,gob_tbl_02866,dlk_tbl_01078;9;gob_tbl_00314,std_tbl_01586,dlk_tbl_01240,gob_tbl_02967,gob_tbl_03794,dlk_ext_00275,dlk_ext_00154,dash_ext_00556,dlk_ext_00294
gob_proceso_0423;4;gob_tbl_01141,dlk_tbl_02929,gob_tbl_00879,gob_tbl_01149;9;gob_tbl_00648,gob_tbl_04262,proc_tbl_00429,dlk_tbl_00078,proc_tbl_03647,gob_ext_00631,dlk_ext_00213,dlk_ext_00521,gob_ext_00320
dash_proceso_0424;3;dlk_tbl_03890,proc_tbl_01367,gob_tbl_00993;9;gob_tbl_03333,dlk_tbl_02200,gob_tbl_00402,proc_tbl_01457,dlk_tbl_01704,dlk_ext_00297,gob_ext_00334,gob_ext_00035,dlk_ext_00538
dlk_proceso_0425;4;gob_tbl_04122,dlk_tbl_01527,dash_tbl_03038,gob_tbl_02950;6;gob_tbl_00968,dlk_tbl_04257,dlk_tbl_02203,gob_ext_00262,gob_ext_00329,std_ext_00515
dlk_proceso_0426;6;gob_tbl_02565,gob_tbl_03487,m4vw_tbl_04065,gob_tbl_03099,dash_tbl_01635,proc_tbl_01907;12;proc_tbl_01367,gob_tbl_01933,proc_tbl_00290,dlk_tbl_00805,gob_tbl_04036,gob_tbl_03792,gob_tbl_03688,dlk_ext_00162,proc_ext_00665,gob_ext_00448,gob_ext_00474,dash_ext_00109
gob_proceso_0427;3;gob_tbl_02511,dlk_tbl_04287,gob_tbl_01284;12;gob_tbl_00815,gob_tbl_01108,gob_tbl_00596,proc_tbl_04329,dlk_tbl_04094,gob_tbl_01064,proc_tbl_00869,gob_ext_00441,proc_ext_00043,gob_ext_00424,dlk_ext_00185,proc_ext_00633
dlk_proceso_0428;5;m4sco_tbl_03716,gob_tbl_01217,gob_tbl_00659,dlk_tbl_01200,dlk_tbl_00078;16;dash_tbl_02538,dash_tbl_03077,dlk_tbl_01761,proc_tbl_00781,std_tbl_00414,gob_tbl_03111,gob_tbl_04494,dlk_tbl_03581,proc_tbl_00709,gob_ext_00420,gob_ext_00533,dlk_ext_00425,gob_ext_00541,proc_ext_00345,std_ext_00672,dlk_ext_00538
gob_proceso_0429;4;dlk_tbl_03126,dash_tbl_00637,std_tbl_01916,dlk_tbl_01314;11;proc_tbl_04075,proc_tbl_03826,proc_tbl_03208,gob_tbl_01617,dlk_tbl_02842,gob_tbl_01637,dlk_ext_00314,dlk_ext_00154,gob_ext_00533,dlk_ext_00182,proc_ext_00345
dlk_proceso_0430;2;proc_tbl_02589,std_tbl_00471;12;proc_tbl_00377,gob_tbl_03925,gob_tbl_02230,gob_tbl_03542,proc_tbl_04199,dash_tbl_00495,gob_tbl_02328,proc_ext_00192,dlk_ext_00652,dlk_ext_00189,dlk_ext_00615,gob_ext_00259
proc_proceso_0431;4;gob_tbl_00995,dlk_tbl_01874,dlk_tbl_04175,dlk_tbl_03278;6;dash_tbl_02286,gob_tbl_02791,proc_tbl_03614,dash_ext_00047,dlk_ext_00471,gob_ext_00440
dlk_proceso_0432;4;dash_tbl_03957,gob_tbl_04020,gob_tbl_01072,gob_tbl_02372;10;std_tbl_02008,gob_tbl_02606,proc_tbl_03208,gob_tbl_03667,dlk_tbl_02168,dlk_tbl_00678,dlk_ext_00565,dash_ext_00359,dlk_ext_00296,gob_ext_00379
gob_proceso_0433;3;dash_tbl_02023,dlk_tbl_03171,gob_tbl_01239;13;proc_tbl_00287,proc_tbl_01439,proc_tbl_03576,proc_tbl_03261,dlk_tbl_02149,gob_tbl_02779,gob_tbl_04369,gob_ext_00379,dlk_ext_00376,m4sco_ext_00197,dash_ext_00338,proc_ext_00092,dlk_ext_00166
dash_proceso_0434;3;gob_tbl_03259,std_tbl_01436,dlk_tbl_00571;13;gob_tbl_01718,m4vw_tbl_01513,dlk_tbl_01970,m4vw_tbl_01857,gob_tbl_03547,std_tbl_00489,gob_tbl_00279,dlk_ext_00237,dlk_ext_00582,dlk_ext_00215,gob_ext_00348,m4sco_ext_00595,dash_ext_00025
dlk_proceso_0435;2;gob_tbl_02749,gob_tbl_01404;9;dlk_tbl_03206,dash_tbl_01142,dlk_tbl_01456,dash_tbl_00864,gob_tbl_01725,dlk_ext_00375,proc_ext_00682,gob_ext_00619,gob_ext_00196
gob_proceso_0436;6;gob_tbl_00310,gob_tbl_02122,gob_tbl_04350,dlk_tbl_03025,proc_tbl_03821,gob_tbl_02611;4;dlk_tbl_03937,dash_tbl_01813,gob_ext_00262,gob_ext_00498
dlk_proceso_0437;4;dash_tbl_04205,proc_tbl_01077,proc_tbl_01204,dlk_tbl_03248;10;dlk_tbl_03151,dlk_tbl_00480,gob_tbl_02554,gob_tbl_00818,proc_tbl_03261,dlk_tbl_01210,dlk_ext_00445,dlk_ext_00129,gob_ext_00118,dash_ext_00046
gob_proceso_0438;5;dlk_tbl_03564,dlk_tbl_00357,gob_tbl_03023,gob_tbl_00780,gob_tbl_03783;4;dash_tbl_02280,gob_tbl_00699,gob_ext_00013,dlk_ext_00562
dlk_proceso_0439;4;dlk_tbl_01079,gob_tbl_02303,dlk_tbl_03491,gob_tbl_02366;10;proc_tbl_03144,proc_tbl_02737,proc_tbl_04125,gob_tbl_03946,gob_tbl_00868,gob_tbl_04020,dlk_ext_00134,dash_ext_00252,gob_ext_00096,dash_ext_00151
dlk_proceso_0440;7;proc_tbl_02373,gob_tbl_00472,dlk_tbl_00431,gob_tbl_00617,proc_tbl_02528,gob_tbl_01412,proc_tbl_00088;6;dlk_tbl_03299,dlk_tbl_01542,dlk_tbl_04328,dlk_ext_00074,dlk_ext_00552,dlk_ext_00223
gob_proceso_0441;5;dlk_tbl_04413,dlk_tbl_00535,gob_tbl_02022,dlk_tbl_01379,gob_tbl_03686;8;m4sco_tbl_01820,proc_tbl_01288,dlk_tbl_00028,proc_tbl_00020,gob_tbl_03425,gob_ext_00457,dlk_ext_00427,gob_ext_00645
dlk_proceso_0442;5;dlk_tbl_01552,dlk_tbl_03151,dlk_tbl_03877,dash_tbl_02845,dlk_tbl_01146;10;gob_tbl_01914,dlk_tbl_00045,gob_tbl_04269,ppn_tbl_02380,proc_tbl_01735,dlk_tbl_02925,gob_ext_00587,dlk_ext_00347,std_ext_00579,gob_ext_00485
dlk_proceso_0443;5;proc_tbl_02169,dlk_tbl_03705,dash_tbl_03502,gob_tbl_04182,dash_tbl_04027;16;dlk_tbl_02758,gob_tbl_02293,dash_tbl_01371,dlk_tbl_01881,gob_tbl_01137,dlk_tbl_02074,gob_tbl_02841,proc_tbl_03862,proc_tbl_01205,dash_ext_00229,dlk_ext_00445,proc_ext_00673,dlk_ext_00663,gob_ext_00004,gob_ext_00099,gob_ext_00483
gob_proceso_0444;8;dash_tbl_04155,gob_tbl_03682,gob_tbl_01939,gob_tbl_02469,proc_tbl_01892,dlk_tbl_02825,gob_tbl_01666,gob_tbl_02119;14;gob_tbl_03044,dlk_tbl_02901,ppn_tbl_03054,dlk_tbl_01361,gob_tbl_03822,dlk_tbl_04288,gob_tbl_04233,dlk_tbl_01337,std_ext_00224,proc_ext_00245,dlk_ext_00624,dlk_ext_00375,dlk_ext_00191,gob_ext_00159
gob_proceso_0445;6;dash_tbl_00733,dlk_tbl_00086,dlk_tbl_01329,dlk_tbl_01175,std_tbl_00766,gob_tbl_01644;11;ppn_tbl_02805,m4vw_tbl_00011,gob_tbl_03699,proc_tbl_02750,proc_tbl_00436,dlk_tbl_01483,dlk_ext_00185,dlk_ext_00005,gob_ext_00457,gob_ext_00529,dlk_ext_00097
dash_proceso_0446;3;gob_tbl_01057,dash_tbl_00662,dlk_tbl_03334;8;dlk_tbl_04458,gob_tbl_02638,dash_tbl_00703,gob_tbl_02716,gob_tbl_03658,gob_ext_00329,dlk_ext_00300,gob_ext_00292
proc_proceso_0447;4;gob_tbl_01756,gob_tbl_01937,proc_tbl_01742,dlk_tbl_00602;10;dash_tbl_03847,dlk_tbl_02501,gob_tbl_03468,gob_tbl_03857,dlk_tbl_00197,gob_tbl_03365,m4vw_ext_00452,proc_ext_00281,dlk_ext_00285,gob_ext_00609
proc_proceso_0448;3;gob_tbl_03323,dlk_tbl_00328,gob_tbl_02539;13;dash_tbl_03089,proc_tbl_01063,gob_tbl_02882,gob_tbl_01656,gob_tbl_04192,m4vw_tbl_02569,proc_tbl_01472,dlk_ext_00012,dlk_ext_00456,gob_ext_00113,gob_ext_00196,dlk_ext_00298,ppn_ext_00088
dlk_proceso_0449;7;dlk_tbl_02516,m4vw_tbl_01940,dlk_tbl_03892,gob_tbl_04276,dash_tbl_04281,ppn_tbl_03990,gob_tbl_03285;1;dlk_tbl_02317
proc_proceso_0450;4;dlk_tbl_03394,gob_tbl_03383,dlk_tbl_00944,gob_tbl_00877;10;dlk_tbl_00543,dlk_tbl_02567,gob_tbl_01987,m4vw_tbl_03851,gob_tbl_01130,dlk_tbl_03890,proc_ext_00092,dlk_ext_00322,gob_ext_00200,dlk_ext_00232
gob_proceso_0451;3;dlk_tbl_03174,gob_tbl_02560,gob_tbl_03425;13;dlk_tbl_01257,gob_tbl_03600,proc_tbl_01742,dlk_tbl_02609,dlk_tbl_02986,gob_tbl_00923,gob_tbl_01303,gob_ext_00575,dash_ext_00446,dlk_ext_00376,dlk_ext_00150,dash_ext_00110,proc_ext_00239
dlk_proceso_0452;4;proc_tbl_02072,dlk_tbl_00369,gob_tbl_01392,dlk_tbl_01280;4;dlk_tbl_04335,gob_tbl_02788,dlk_ext_00169,std_ext_00148
proc_proceso_0453;7;gob_tbl_01362,dlk_tbl_01076,ppn_tbl_00159,proc_tbl_01194,gob_tbl_02174,gob_tbl_00650,dlk_tbl_04063;15;gob_tbl_04198,gob_tbl_01453,proc_tbl_04421,gob_tbl_00325,gob_tbl_03646,gob_tbl_03549,gob_tbl_01839,gob_tbl_04242,gob_tbl_03640,proc_ext_00043,gob_ext_00035,gob_ext_00038,gob_ext_00645,gob_ext_00413,gob_ext_00117
dlk_proceso_0454;4;dash_tbl_02951,proc_tbl_03243,dash_tbl_03833,gob_tbl_01199;10;proc_tbl_00047,proc_tbl_01138,gob_tbl_04089,dlk_tbl_01731,gob_tbl_03822,dlk_tbl_02822,dlk_ext_00362,dlk_ext_00174,gob_ext_00546,gob_ext_00319
gob_proceso_0455;2;proc_tbl_00322,std_tbl_01550;7;dash_tbl_03938,dlk_tbl_00276,dlk_tbl_03799,gob_tbl_01510,m4vw_ext_00040,gob_ext_00087,dlk_ext_00615
dlk_proceso_0456;4;proc_tbl_03188,gob_tbl_03801,gob_tbl_01737,dash_tbl_02556;12;gob_tbl_03657,dlk_tbl_03534,gob_tbl_01001,dash_tbl_02101,dlk_tbl_04440,gob_tbl_02714,proc_tbl_03832,proc_ext_00043,dlk_ext_00298,dlk_ext_00688,dash_ext_00317,gob_ext_00440
gob_proceso_0457;4;dlk_tbl_01134,std_tbl_03637,gob_tbl_01209,gob_tbl_02247;8;gob_tbl_02595,dlk_tbl_03413,gob_tbl_01654,gob_tbl_01812,dlk_tbl_00675,dlk_ext_00676,gob_ext_00009,dlk_ext_00560
dlk_proceso_0458;9;dlk_tbl_01443,proc_tbl_01315,proc_tbl_04471,gob_tbl_01512,dlk_tbl_02662,gob_tbl_01492,gob_tbl_00421,gob_tbl_00952,gob_tbl_02786;14;gob_tbl_04187,m4vw_tbl_03214,proc_tbl_03709,gob_tbl_01985,dlk_tbl_02145,dlk_tbl_00852,proc_tbl_01956,dash_tbl_02689,dlk_ext_00380,proc_ext_00508,proc_ext_00682,gob_ext_00637,gob_ext_00178,dash_ext_00447
dash_proceso_0459;3;dlk_tbl_00570,dlk_tbl_01169,dlk_tbl_02172;8;gob_tbl_00916,gob_tbl_04082,dlk_tbl_03811,gob_tbl_03450,proc_tbl_03166,dlk_ext_00526,dlk_ext_00626,dlk_ext_00108
gob_proceso_0460;7;std_tbl_01596,proc_tbl_01884,gob_tbl_01683,dash_tbl_01109,dlk_tbl_01094,m4vw_tbl_00399,m4vw_tbl_01713;11;gob_tbl_03552,dlk_tbl_03482,dlk_tbl_02197,dlk_tbl_02170,gob_tbl_04444,gob_tbl_03009,gob_ext_00099,dash_ext_00409,gob_ext_00694,proc_ext_00670,proc_ext_00172
gob_proceso_0461;3;proc_tbl_03271,gob_tbl_01049,dlk_tbl_03172;9;dlk_tbl_03910,gob_tbl_00076,gob_tbl_01127,dash_tbl_02689,gob_tbl_01522,gob_ext_00423,dash_ext_00476,gob_ext_00489,gob_ext_00483
dlk_proceso_0462;5;gob_tbl_01686,gob_tbl_04014,gob_tbl_01027,dlk_tbl_03289,ppn_tbl_02222;17;proc_tbl_01580,gob_tbl_03542,dlk_tbl_01120,dlk_tbl_02218,dlk_tbl_01875,gob_tbl_04491,gob_tbl_02174,dlk_tbl_00175,gob_tbl_02329,proc_tbl_03166,dlk_ext_00679,dash_ext_00046,dlk_ext_00641,gob_ext_00280,gob_ext_00637,dlk_ext_00671,proc_ext_00646
gob_proceso_0463;7;dlk_tbl_03478,gob_tbl_03414,dlk_tbl_04147,gob_tbl_04390,dlk_tbl_03537,gob_tbl_01224,gob_tbl_03955;6;gob_tbl_02399,proc_tbl_01147,gob_tbl_00384,dlk_ext_00635,gob_ext_00440,dlk_ext_00505
gob_proceso_0464;3;dash_tbl_03566,gob_tbl_01847,proc_tbl_03144;8;gob_tbl_04238,gob_tbl_01686,dash_tbl_02845,dlk_tbl_03525,gob_tbl_01575,gob_ext_00450,dash_ext_00139,dlk_ext_00693
dlk_proceso_0465;5;proc_tbl_00445,proc_tbl_04150,dlk_tbl_02808,gob_tbl_00829,gob_tbl_02523;9;dash_tbl_03732,dash_tbl_03652,dlk_tbl_03024,proc_tbl_00174,proc_tbl_01190,gob_ext_00637,std_ext_00672,proc_ext_00282,dash_ext_00685
gob_proceso_0466;3;dlk_tbl_03205,dlk_tbl_00068,dash_tbl_02386;5;proc_tbl_03965,dlk_tbl_04314,dlk_tbl_00078,proc_ext_00282,dlk_ext_00111
dlk_proceso_0467;4;gob_tbl_02798,proc_tbl_01096,gob_tbl_02688,gob_tbl_01518;9;proc_tbl_00869,proc_tbl_04107,m4vw_tbl_02596,proc_tbl_00263,gob_tbl_03920,gob_ext_00329,dlk_ext_00298,gob_ext_00384,dlk_ext_00604
dlk_proceso_0468;7;proc_tbl_02809,dash_tbl_04045,proc_tbl_01974,gob_tbl_00012,proc_tbl_04370,proc_tbl_00491,proc_tbl_00104;10;dlk_tbl_00532,dash_tbl_01038,proc_tbl_01991,gob_tbl_00716,dash_tbl_00003,proc_tbl_01746,dlk_ext_00505,dlk_ext_00037,dlk_ext_00582,gob_ext_00683
dash_proceso_0469;2;proc_tbl_01633,proc_tbl_03108;15;dlk_tbl_01464,gob_tbl_03836,proc_tbl_02069,gob_tbl_01774,dlk_tbl_00057,m4vw_tbl_00862,dlk_tbl_00280,dlk_tbl_01792,dlk_tbl_00068,dlk_ext_00505,dlk_ext_00632,dash_ext_00160,dlk_ext_00357,gob_ext_00529,dlk_ext_00466
gob_proceso_0470;4;gob_tbl_01471,dash_tbl_01371,dlk_tbl_02438,gob_tbl_03102;13;dlk_tbl_03150,gob_tbl_01180,dlk_tbl_02403,std_tbl_04425,dash_tbl_00345,dlk_tbl_01768,m4sco_tbl_04245,ppn_ext_00083,dash_ext_00324,dlk_ext_00142,gob_ext_00384,proc_ext_00345,gob_ext_00087
dlk_proceso_0471;5;gob_tbl_00815,dlk_tbl_01877,dlk_tbl_04197,dlk_tbl_02844,gob_tbl_02450;7;proc_tbl_01077,gob_tbl_01058,dlk_tbl_04284,dlk_tbl_00478,gob_ext_00200,gob_ext_00577,gob_ext_00420
proc_proceso_0472;6;proc_tbl_04090,dlk_tbl_03129,gob_tbl_02034,gob_tbl_00049,gob_tbl_04009,ppn_tbl_02945;4;dlk_tbl_00160,dlk_tbl_02126,dlk_ext_00425,gob_ext_00421
dlk_proceso_0473;6;dash_tbl_02581,proc_tbl_04130,dlk_tbl_02743,dlk_tbl_02190,gob_tbl_04003,dlk_tbl_02083;10;dlk_tbl_00498,dlk_tbl_01652,proc_tbl_01258,dlk_tbl_01628,dash_tbl_00961,gob_tbl_03293,dash_ext_00532,gob_ext_00112,proc_ext_00665,gob_ext_00178
gob_proceso_0474;2;dash_tbl_01366,gob_tbl_03485;4;dlk_tbl_01188,dlk_tbl_00994,dlk_ext_00548,dlk_ext_00108
gob_proceso_0475;6;proc_tbl_00720,dlk_tbl_03141,dash_tbl_04339,m4sco_tbl_00590,gob_tbl_01654,proc_tbl_03433;15;gob_tbl_00815,dlk_tbl_01874,ppn_tbl_01534,dlk_tbl_02431,dash_tbl_00070,gob_tbl_02716,dlk_tbl_04201,m4sco_tbl_02706,dlk_tbl_00564,gob_ext_00141,dlk_ext_00548,gob_ext_00006,dlk_ext_00018,gob_ext_00684,proc_ext_00495
gob_proceso_0476;2;gob_tbl_03633,dash_tbl_03349;6;gob_tbl_00693,gob_tbl_00727,dlk_tbl_02295,gob_ext_00140,dlk_ext_00174,gob_ext_00440
dlk_proceso_0477;4;gob_tbl_04460,proc_tbl_03101,dlk_tbl_00478,gob_tbl_03919;4;dlk_tbl_01464,ppn_tbl_03580,dlk_ext_00254,gob_ext_00448
dlk_proceso_0478;8;dlk_tbl_02364,gob_tbl_03304,gob_tbl_00656,gob_tbl_04029,dlk_tbl_02147,gob_tbl_04270,dlk_tbl_01173,dash_tbl_00442;9;m4sco_tbl_02821,dash_tbl_04388,dlk_tbl_01302,dlk_tbl_01874,dash_tbl_03566,proc_ext_00164,ppn_ext_00083,ppn_ext_00088,dlk_ext_00475
gob_proceso_0479;6;dash_tbl_02624,dlk_tbl_02870,gob_tbl_02784,std_tbl_02938,dlk_tbl_00042,gob_tbl_01388;11;m4sco_tbl_02810,ppn_tbl_00987,dlk_tbl_00222,gob_tbl_03088,gob_tbl_01522,gob_tbl_00155,proc_ext_00333,dlk_ext_00624,dash_ext_00015,dlk_ext_00365,dash_ext_00405
proc_proceso_0480;3;dlk_tbl_01012,dlk_tbl_00747,std_tbl_00479;17;gob_tbl_03489,gob_tbl_03750,dlk_tbl_00378,dlk_tbl_04440,dlk_tbl_01287,gob_tbl_00577,gob_tbl_03842,dlk_tbl_03702,proc_tbl_01111,proc_tbl_00210,dlk_ext_00676,dlk_ext_00054,dash_ext_00447,dlk_ext_00505,proc_ext_00316,dash_ext_00160,proc_ext_00355
gob_proceso_0481;5;dash_tbl_01015,gob_tbl_01865,dlk_tbl_01602,m4vw_tbl_00381,dlk_tbl_00127;4;gob_tbl_01525,gob_tbl_02877,proc_ext_00171,dlk_ext_00538
gob_proceso_0482;3;dlk_tbl_02582,gob_tbl_02241,dlk_tbl_03048;5;ppn_tbl_03408,gob_tbl_03232,dlk_tbl_01557,proc_ext_00665,dlk_ext_00394
gob_proceso_0483;4;gob_tbl_03991,gob_tbl_04499,gob_tbl_03841,proc_tbl_03977;10;dlk_tbl_01923,proc_tbl_03353,dash_tbl_00572,dlk_tbl_03076,dash_tbl_03755,gob_tbl_00711,gob_ext_00420,dash_ext_00139,std_ext_00672,gob_ext_00209
proc_proceso_0484;5;dlk_tbl_03913,proc_tbl_02900,gob_tbl_02746,proc_tbl_04145,gob_tbl_03663;14;dlk_tbl_02317,gob_tbl_00708,dlk_tbl_03292,dlk_tbl_01497,dlk_tbl_03831,dlk_tbl_04274,gob_tbl_01295,gob_tbl_01408,dash_ext_00647,dlk_ext_00331,proc_ext_00171,dlk_ext_00417,m4sco_ext_00031,dlk_ext_00253
proc_proceso_0485;2;dlk_tbl_01083,gob_tbl_03558;7;gob_tbl_02554,gob_tbl_00396,dlk_tbl_04348,dlk_tbl_04431,dlk_ext_00663,dlk_ext_00286,gob_ext_00051
dlk_proceso_0486;4;gob_tbl_02965,proc_tbl_03215,dlk_tbl_02911,dlk_tbl_00646;6;dash_tbl_03755,gob_tbl_00927,dlk_tbl_01874,dlk_ext_00580,dlk_ext_00142,dlk_ext_00574
dlk_proceso_0487;6;gob_tbl_04207,gob_tbl_01755,std_tbl_02790,dlk_tbl_03724,m4vw_tbl_02070,gob_tbl_00360;11;gob_tbl_00754,gob_tbl_03468,dlk_tbl_04408,proc_tbl_01556,gob_tbl_00374,dash_tbl_03504,proc_ext_00092,dlk_ext_00304,dlk_ext_00565,dlk_ext_00643,gob_ext_00017
dlk_proceso_0488;5;gob_tbl_03571,m4sco_tbl_01561,proc_tbl_01675,gob_tbl_02930,std_tbl_00996;8;gob_tbl_02337,dlk_tbl_00131,proc_tbl_02062,gob_tbl_02193,dlk_tbl_01337,gob_ext_00637,std_ext_00515,gob_ext_00575
proc_proceso_0489;6;gob_tbl_03234,gob_tbl_04237,gob_tbl_01979,proc_tbl_03869,gob_tbl_00331,dlk_tbl_01465;8;dlk_tbl_04335,gob_tbl_02930,gob_tbl_00101,dlk_tbl_03049,proc_tbl_01739,dlk_ext_00182,gob_ext_00280,proc_ext_00404
gob_proceso_0490;6;dlk_tbl_03181,proc_tbl_02394,proc_tbl_03249,dlk_tbl_02620,dlk_tbl_03091,proc_tbl_01900;10;std_tbl_01502,gob_tbl_01070,gob_tbl_04223,gob_tbl_00741,gob_tbl_01121,gob_tbl_01834,m4sco_ext_00197,gob_ext_00127,std_ext_00148,proc_ext_00658
proc_proceso_0491;8;gob_tbl_01600,dlk_tbl_02641,proc_tbl_01780,gob_tbl_01322,dlk_tbl_01625,gob_tbl_03328,gob_tbl_03538,gob_tbl_00530;5;dash_tbl_00187,dlk_tbl_01126,gob_tbl_03673,proc_ext_00399,gob_ext_00637
dlk_proceso_0492;5;dlk_tbl_00274,gob_tbl_00715,proc_tbl_01753,dash_tbl_04073,dlk_tbl_00661;8;dlk_tbl_00039,dash_tbl_02940,dlk_tbl_00244,proc_tbl_00558,dlk_tbl_03212,dlk_ext_00552,dlk_ext_00548,gob_ext_00497
dash_proceso_0493;6;dlk_tbl_00173,gob_tbl_03497,gob_tbl_03287,gob_tbl_00969,gob_tbl_01555,proc_tbl_00770;13;gob_tbl_02708,dlk_tbl_00100,dlk_tbl_01499,gob_tbl_00907,proc_tbl_02363,gob_tbl_01085,gob_tbl_01522,dlk_ext_00283,dlk_ext_00185,dash_ext_00157,dlk_ext_00115,std_ext_00094,gob_ext_00506
dlk_proceso_0494;2;gob_tbl_02368,dlk_tbl_00545;7;gob_tbl_01831,dlk_tbl_00042,dlk_tbl_01437,dlk_tbl_01973,dlk_ext_00296,dlk_ext_00294,dlk_ext_00061
gob_proceso_0495;3;proc_tbl_02068,proc_tbl_01457,gob_tbl_01785;14;dash_tbl_03500,dlk_tbl_00069,dlk_tbl_04102,gob_tbl_02408,gob_tbl_03528,proc_tbl_04150,dlk_tbl_00062,gob_tbl_02054,dlk_ext_00115,dlk_ext_00084,dlk_ext_00492,dlk_ext_00562,dlk_ext_00037,std_ext_00628
gob_proceso_0496;3;dlk_tbl_03024,dlk_tbl_02067,gob_tbl_04422;7;dlk_tbl_00661,dash_tbl_01250,proc_tbl_01377,dlk_tbl_03941,gob_ext_00555,dlk_ext_00651,ppn_ext_00664
gob_proceso_0497;2;dlk_tbl_01314,dash_tbl_02237;7;dlk_tbl_02920,dash_tbl_00696,proc_tbl_00784,dlk_tbl_00337,dlk_ext_00365,proc_ext_00623,dlk_ext_00182
dlk_proceso_0498;6;std_tbl_04010,gob_tbl_00794,dlk_tbl_00736,gob_tbl_00152,gob_tbl_03694,proc_tbl_01378;9;dlk_tbl_00425,dash_tbl_02850,dlk_tbl_03702,gob_tbl_04086,dlk_tbl_00013,dlk_ext_00693,dlk_ext_00330,dlk_ext_00298,dash_ext_00151
gob_proceso_0499;6;gob_tbl_02612,dlk_tbl_01446,dlk_tbl_00301,proc_tbl_03611,dlk_tbl_01052,gob_tbl_00034;13;gob_tbl_02241,gob_tbl_03911,gob_tbl_00330,dlk_tbl_01761,dlk_tbl_00651,gob_tbl_02710,gob_tbl_02272,gob_ext_00561,gob_ext_00629,dlk_ext_00571,std_ext_00672,proc_ext_00484,dlk_ext_00653
proc_proceso_0500;4;std_tbl_00334,proc_tbl_03230,dash_tbl_01285,dlk_tbl_00731;4;gob_tbl_02794,gob_tbl_03110,proc_ext_00478,gob_ext_00045
gob_proceso_0501;6;dlk_tbl_03850,gob_tbl_01576,gob_tbl_03185,gob_tbl_03396,std_tbl_03642,dlk_tbl_03206;13;proc_tbl_01869,gob_tbl_02296,gob_tbl_02841,dlk_tbl_00432,dash_tbl_02127,gob_tbl_03752,dash_tbl_02280,proc_ext_00677,gob_ext_00637,gob_ext_00511,gob_ext_00050,proc_ext_00690,dlk_ext_00571
proc_proceso_0502;8;dlk_tbl_02081,dlk_tbl_03717,proc_tbl_02432,gob_tbl_03043,dlk_tbl_00416,gob_tbl_04142,gob_tbl_01125,gob_tbl_03373;14;dash_tbl_00457,dlk_tbl_03731,gob_tbl_01831,proc_tbl_01684,proc_tbl_01863,gob_tbl_00693,std_tbl_04129,gob_tbl_01222,dlk_ext_00364,dlk_ext_00122,gob_ext_00473,dash_ext_00151,gob_ext_00351,gob_ext_00485
dlk_proceso_0503;5;std_tbl_03691,gob_tbl_01323,dlk_tbl_01511,dlk_tbl_04087,dlk_tbl_02102;10;dlk_tbl_00274,dash_tbl_03755,gob_tbl_03976,gob_tbl_01388,gob_tbl_02272,gob_tbl_01514,proc_ext_00430,gob_ext_00683,gob_ext_00101,proc_ext_00153
gob_proceso_0504;6;dash_tbl_00423,proc_tbl_01332,gob_tbl_02645,dlk_tbl_01882,gob_tbl_00752,proc_tbl_00126;6;dlk_tbl_04257,dlk_tbl_01030,gob_tbl_02186,proc_ext_00164,proc_ext_00147,dlk_ext_00625
dlk_proceso_0505;5;dlk_tbl_04387,ppn_tbl_02783,dlk_tbl_01120,gob_tbl_01952,proc_tbl_03853;8;proc_tbl_00436,proc_tbl_01190,m4sco_tbl_03031,gob_tbl_00007,proc_tbl_00174,proc_ext_00092,dlk_ext_00283,dash_ext_00290
dlk_proceso_0506;4;proc_tbl_00946,gob_tbl_01440,gob_tbl_02107,gob_tbl_00233;17;gob_tbl_04232,std_tbl_00574,proc_tbl_04141,proc_tbl_04004,dlk_tbl_03800,dash_tbl_01461,dlk_tbl_03941,gob_tbl_00075,proc_tbl_02809,gob_tbl_02348,dlk_ext_00073,dlk_ext_00066,gob_ext_00561,dash_ext_00247,dlk_ext_00625,ppn_ext_00026,dlk_ext_00181
dlk_proceso_0507;6;dlk_tbl_01279,gob_tbl_00040,gob_tbl_00154,m4vw_tbl_04430,proc_tbl_01318,proc_tbl_01863;4;gob_tbl_03397,gob_tbl_02443,gob_ext_00561,gob_ext_00603
dlk_proceso_0508;7;dlk_tbl_03670,dlk_tbl_03130,dlk_tbl_01271,gob_tbl_01493,dlk_tbl_02210,m4sco_tbl_01399,gob_tbl_03232;9;gob_tbl_02510,std_tbl_03834,gob_tbl_02466,dlk_tbl_02291,gob_tbl_00067,dlk_ext_00155,dlk_ext_00272,m4vw_ext_00452,gob_ext_00584
dlk_proceso_0509;3;dlk_tbl_00266,dash_tbl_01861,dlk_tbl_02590;8;dlk_tbl_03334,dlk_tbl_02879,gob_tbl_00049,dlk_tbl_03622,dlk_tbl_01279,dlk_ext_00155,gob_ext_00603,proc_ext_00192
dash_proceso_0510;6;dlk_tbl_03906,gob_tbl_01161,dlk_tbl_00526,proc_tbl_00773,dlk_tbl_00938,gob_tbl_00520;16;gob_tbl_02095,dlk_tbl_00194,gob_tbl_02507,gob_tbl_02340,std_tbl_00355,dash_tbl_01024,dlk_tbl_01314,dlk_tbl_02409,gob_tbl_01905,proc_ext_00153,ppn_ext_00083,dlk_ext_00394,dlk_ext_00466,dash_ext_00465,dlk_ext_00372,dlk_ext_00373
gob_proceso_0511;7;ppn_tbl_02485,dash_tbl_04473,proc_tbl_03036,proc_tbl_02114,dlk_tbl_02598,dash_tbl_03585,proc_tbl_03999;10;proc_tbl_02705,proc_tbl_03945,gob_tbl_02144,dlk_tbl_01899,dlk_tbl_04314,dlk_tbl_00501,dlk_ext_00693,dash_ext_00047,gob_ext_00601,dlk_ext_00364
gob_proceso_0512;5;dash_tbl_04379,dlk_tbl_02654,dash_tbl_02656,gob_tbl_02817,gob_tbl_03058;10;dlk_tbl_03128,gob_tbl_01010,dlk_tbl_01727,proc_tbl_03182,dlk_tbl_01418,dash_tbl_01411,gob_ext_00106,gob_ext_00319,gob_ext_00280,dash_ext_00465
dlk_proceso_0513;7;gob_tbl_00389,dlk_tbl_03014,dlk_tbl_04102,dlk_tbl_02412,gob_tbl_00060,dlk_tbl_03245,dash_tbl_02935;1;dlk_tbl_02292
gob_proceso_0514;5;gob_tbl_04233,proc_tbl_00984,dash_tbl_01990,m4sco_tbl_01304,proc_tbl_03523;8;dlk_tbl_00168,gob_tbl_00450,dlk_tbl_03076,gob_tbl_01515,proc_tbl_00451,proc_ext_00690,gob_ext_00426,proc_ext_00022
proc_proceso_0515;5;m4vw_tbl_02512,dlk_tbl_01811,dash_tbl_00073,gob_tbl_01656,gob_tbl_02797;16;dlk_tbl_01875,gob_tbl_02554,gob_tbl_01164,proc_tbl_00257,proc_tbl_00088,gob_tbl_04082,proc_tbl_03894,gob_tbl_01834,dlk_tbl_00896,dlk_ext_00693,dash_ext_00447,dash_ext_00229,gob_ext_00196,gob_ext_00559,std_ext_00170,dash_ext_00446
gob_proceso_0516;5;dlk_tbl_04318,gob_tbl_00809,proc_tbl_00801,dlk_tbl_01950,dlk_tbl_03264;9;gob_tbl_03514,dlk_tbl_02547,dlk_tbl_02544,dash_tbl_01942,gob_tbl_02874,gob_ext_00675,dlk_ext_00571,proc_ext_00164,dlk_ext_00659
dash_proceso_0517;4;ppn_tbl_01595,dlk_tbl_03292,dash_tbl_03891,gob_tbl_03679;10;dlk_tbl_03844,proc_tbl_04196,gob_tbl_01013,dash_tbl_01334,dash_tbl_02701,proc_tbl_04172,gob_ext_00127,gob_ext_00694,m4sco_ext_00469,gob_ext_00038
proc_proceso_0518;3;proc_tbl_03018,gob_tbl_03514,dlk_tbl_01944;9;gob_tbl_04124,dlk_tbl_02865,dash_tbl_00790,proc_tbl_04092,dlk_tbl_01159,gob_ext_00485,dlk_ext_00322,dlk_ext_00538,gob_ext_00645
proc_proceso_0519;3;dlk_tbl_02347,gob_tbl_00822,dash_tbl_00569;9;proc_tbl_03039,dash_tbl_03566,dash_tbl_00652,proc_tbl_00558,gob_tbl_03822,proc_ext_00674,gob_ext_00051,dlk_ext_00347,dlk_ext_00390
gob_proceso_0520;6;m4sco_tbl_00973,proc_tbl_00486,gob_tbl_02215,gob_tbl_04368,gob_tbl_03194,dlk_tbl_03933;6;gob_tbl_02443,dash_tbl_02486,dash_tbl_02627,dash_ext_00446,gob_ext_00487,std_ext_00572
gob_proceso_0521;4;gob_tbl_02840,gob_tbl_03624,proc_tbl_00212,dlk_tbl_02775;11;gob_tbl_01856,dlk_tbl_04194,proc_tbl_01900,dlk_tbl_04375,dlk_tbl_02758,proc_tbl_01537,dlk_ext_00347,proc_ext_00644,gob_ext_00498,gob_ext_00479,proc_ext_00274
gob_proceso_0522;8;dlk_tbl_00143,gob_tbl_04121,dlk_tbl_04241,dash_tbl_03929,gob_tbl_01834,dlk_tbl_00625,dlk_tbl_00166,dlk_tbl_04247;7;proc_tbl_04141,dash_tbl_02889,dash_tbl_03997,dlk_tbl_01973,dlk_ext_00652,gob_ext_00482,dlk_ext_00306
dlk_proceso_0523;7;dash_tbl_01006,proc_tbl_01938,gob_tbl_02877,dlk_tbl_02221,dlk_tbl_01267,gob_tbl_02428,gob_tbl_02031;11;proc_tbl_00623,gob_tbl_01928,gob_tbl_02495,dash_tbl_03924,dlk_tbl_04336,gob_tbl_01319,dlk_ext_00548,dash_ext_00023,dash_ext_00317,gob_ext_00587,dlk_ext_00341
dash_proceso_0524;4;dlk_tbl_03718,gob_tbl_00044,gob_tbl_03630,proc_tbl_01243;13;dash_tbl_03566,gob_tbl_02465,std_tbl_03220,m4sco_tbl_01193,gob_tbl_01362,dlk_tbl_02087,gob_tbl_01319,dlk_ext_00308,dlk_ext_00538,gob_ext_00240,gob_ext_00575,gob_ext_00242,gob_ext_00479
dlk_proceso_0525;5;m4vw_tbl_03738,gob_tbl_00444,ppn_tbl_02404,std_tbl_03439,gob_tbl_04174;17;dlk_tbl_00599,gob_tbl_02794,dlk_tbl_00729,proc_tbl_01358,m4vw_tbl_00399,m4vw_tbl_00862,std_tbl_03386,proc_tbl_00836,gob_tbl_01027,proc_tbl_01832,dlk_ext_00182,proc_ext_00339,gob_ext_00140,dlk_ext_00635,dlk_ext_00691,dlk_ext_00622,dlk_ext_00653
dlk_proceso_0526;4;gob_tbl_03192,gob_tbl_02697,gob_tbl_04436,gob_tbl_04054;13;dlk_tbl_03138,gob_tbl_01632,gob_tbl_01756,gob_tbl_00144,gob_tbl_00910,gob_tbl_00916,dlk_tbl_02484,dlk_ext_00283,proc_ext_00547,gob_ext_00117,dlk_ext_00574,gob_ext_00481,gob_ext_00637
gob_proceso_0527;5;std_tbl_03224,std_tbl_02226,gob_tbl_02456,dlk_tbl_00564,gob_tbl_04089;13;dlk_tbl_02920,dash_tbl_00813,std_tbl_00414,dlk_tbl_02106,dlk_tbl_00420,dlk_tbl_01389,dlk_tbl_02362,std_ext_00672,proc_ext_00596,dlk_ext_00653,gob_ext_00511,dlk_ext_00074,dlk_ext_00250
dash_proceso_0528;5;gob_tbl_02157,gob_tbl_04409,gob_tbl_03002,gob_tbl_01894,proc_tbl_03375;7;proc_tbl_02332,proc_tbl_00020,dlk_tbl_00964,std_tbl_02673,gob_ext_00489,gob_ext_00240,ppn_ext_00072
dlk_proceso_0529;4;dlk_tbl_01572,proc_tbl_04248,gob_tbl_04435,dlk_tbl_00293;12;dlk_tbl_03639,proc_tbl_01672,dlk_tbl_02255,proc_tbl_00362,proc_tbl_03375,m4vw_tbl_00011,gob_tbl_02668,dash_ext_00303,dlk_ext_00308,proc_ext_00043,gob_ext_00474,gob_ext_00481
dlk_proceso_0530;2;dash_tbl_04151,std_tbl_02622;15;dlk_tbl_02564,gob_tbl_04494,m4sco_tbl_00686,gob_tbl_01486,dlk_tbl_01090,dlk_tbl_03915,std_tbl_02938,proc_tbl_01166,gob_tbl_04240,gob_ext_00165,dlk_ext_00121,proc_ext_00644,dlk_ext_00250,dash_ext_00247,dlk_ext_00390
dlk_proceso_0531;6;gob_tbl_03798,dlk_tbl_02518,m4sco_tbl_00686,dlk_tbl_01170,gob_tbl_03222,dlk_tbl_03238;10;proc_tbl_04071,dlk_tbl_02218,gob_tbl_01164,dlk_tbl_00694,dlk_tbl_02142,std_tbl_04389,proc_ext_00246,gob_ext_00428,proc_ext_00216,dlk_ext_00626
dlk_proceso_0532;5;gob_tbl_03993,gob_tbl_02408,gob_tbl_01673,std_tbl_02374,gob_tbl_01643;17;proc_tbl_04068,proc_tbl_03878,dlk_tbl_02262,dash_tbl_01247,m4sco_tbl_01193,gob_tbl_03345,dash_tbl_03861,dlk_tbl_04168,dash_tbl_02764,m4sco_tbl_01927,dlk_ext_00248,gob_ext_00348,gob_ext_00442,dash_ext_00446,dlk_ext_00012,dlk_ext_00625,gob_ext_00637
dlk_proceso_0533;6;gob_tbl_04423,dlk_tbl_00182,proc_tbl_00537,dlk_tbl_02196,dlk_tbl_02035,dash_tbl_01738;11;proc_tbl_02208,gob_tbl_01057,dash_tbl_02689,dlk_tbl_03049,gob_tbl_02714,dash_tbl_00207,dlk_ext_00538,dlk_ext_00237,proc_ext_00644,ppn_ext_00083,dlk_ext_00308
gob_proceso_0534;3;dash_tbl_00070,dlk_tbl_02346,proc_tbl_02625;12;dlk_tbl_00039,dlk_tbl_04094,std_tbl_02374,dlk_tbl_04050,proc_tbl_01439,gob_tbl_03996,gob_tbl_04182,gob_ext_00684,dash_ext_00010,dlk_ext_00651,gob_ext_00384,dlk_ext_00625
dlk_proceso_0535;4;gob_tbl_03360,dlk_tbl_01068,dlk_tbl_03474,gob_tbl_03211;6;m4sco_tbl_03031,gob_tbl_03402,gob_tbl_01440,gob_ext_00140,dlk_ext_00347,dlk_ext_00341
dlk_proceso_0536;8;std_tbl_00955,std_tbl_00215,dlk_tbl_00283,dlk_tbl_00685,gob_tbl_01639,gob_tbl_01783,proc_tbl_02490,gob_tbl_03646;19;dlk_tbl_03556,gob_tbl_03009,gob_tbl_02122,dlk_tbl_01162,gob_tbl_03545,dash_tbl_03418,gob_tbl_01195,proc_tbl_01318,gob_tbl_03359,dash_tbl_01371,proc_tbl_03056,dlk_ext_00594,dlk_ext_00249,gob_ext_00131,dlk_ext_00470,std_ext_00358,dlk_ext_00356,dash_ext_00556,proc_ext_00644
dlk_proceso_0537;3;ppn_tbl_01830,gob_tbl_02211,gob_tbl_01618;8;dlk_tbl_03251,dlk_tbl_00890,gob_tbl_00904,dlk_tbl_00223,dash_tbl_00813,dash_ext_00157,gob_ext_00584,gob_ext_00413
dash_proceso_0538;3;dlk_tbl_00168,gob_tbl_01525,dlk_tbl_04446;17;dlk_tbl_02112,dlk_tbl_00420,proc_tbl_03182,dlk_tbl_02822,gob_tbl_01057,dash_tbl_04151,dlk_tbl_01083,gob_tbl_02554,dlk_tbl_01170,dash_tbl_03338,dlk_ext_00217,gob_ext_00276,gob_ext_00288,dlk_ext_00097,dash_ext_00015,gob_ext_00601,dlk_ext_00155
gob_proceso_0539;6;gob_tbl_02419,dlk_tbl_03409,dlk_tbl_00897,gob_tbl_01059,dlk_tbl_02308,proc_tbl_03444;13;dlk_tbl_00326,gob_tbl_02515,gob_tbl_04187,dlk_tbl_04314,gob_tbl_00548,std_tbl_01263,std_tbl_03834,gob_ext_00424,dlk_ext_00091,gob_ext_00637,dlk_ext_00005,gob_ext_00575,std_ext_00515
gob_proceso_0540;5;dlk_tbl_03169,gob_tbl_03495,std_tbl_00930,gob_tbl_03579,dlk_tbl_02297;14;dlk_tbl_01379,proc_tbl_01472,dlk_tbl_01456,dash_tbl_02237,m4vw_tbl_03032,m4sco_tbl_00785,dash_tbl_01911,gob_tbl_01741,dlk_ext_00237,dlk_ext_00263,gob_ext_00559,gob_ext_00637,dash_ext_00305,gob_ext_00056
proc_proceso_0541;3;dash_tbl_01969,gob_tbl_00754,gob_tbl_01112;11;gob_tbl_03923,dlk_tbl_01647,gob_tbl_03545,gob_tbl_03005,dlk_tbl_02609,gob_tbl_03555,gob_ext_00384,dlk_ext_00635,dlk_ext_00362,dlk_ext_00643,gob_ext_00479
gob_proceso_0542;5;gob_tbl_02150,dlk_tbl_03731,dlk_tbl_00204,m4vw_tbl_00732,dlk_tbl_02036;9;dlk_tbl_01289,proc_tbl_01954,dlk_tbl_01030,std_tbl_00485,gob_tbl_03383,dlk_ext_00253,dlk_ext_00314,gob_ext_00481,dlk_ext_00625
proc_proceso_0543;4;gob_tbl_02550,m4vw_tbl_02847,dlk_tbl_00669,gob_tbl_03164;10;dlk_tbl_01557,dash_tbl_02917,dlk_tbl_03540,gob_tbl_04011,gob_tbl_03955,dlk_tbl_04412,gob_ext_00119,dlk_ext_00187,gob_ext_00210,dlk_ext_00012
dlk_proceso_0544;3;dash_tbl_02314,dlk_tbl_00272,proc_tbl_01432;12;gob_tbl_01937,gob_tbl_02996,dlk_tbl_02251,gob_tbl_00818,gob_tbl_01597,dash_tbl_03714,dash_tbl_01724,gob_ext_00311,dlk_ext_00458,proc_ext_00682,dlk_ext_00074,dlk_ext_00576
dlk_proceso_0545;6;dash_tbl_02281,proc_tbl_01227,dash_tbl_03803,proc_tbl_00449,gob_tbl_02193,gob_tbl_03280;10;gob_tbl_01362,dlk_tbl_03619,gob_tbl_00066,gob_tbl_01618,dlk_tbl_03460,m4sco_tbl_02694,proc_ext_00195,dlk_ext_00614,dlk_ext_00116,dlk_ext_00272
gob_proceso_0546;3;dlk_tbl_02690,gob_tbl_03294,dlk_tbl_01192;12;dlk_tbl_00758,dlk_tbl_00621,dash_tbl_00457,gob_tbl_02329,gob_tbl_00910,proc_tbl_00663,proc_tbl_02464,gob_ext_00630,dlk_ext_00394,dlk_ext_00313,dlk_ext_00300,dlk_ext_00422
proc_proceso_0547;3;dlk_tbl_02259,proc_tbl_03519,dlk_tbl_02330;8;proc_tbl_01050,proc_tbl_03471,dlk_tbl_03299,dlk_tbl_01178,std_tbl_03642,gob_ext_00489,dlk_ext_00331,dlk_ext_00526
dlk_proceso_0548;2;dash_tbl_04330,proc_tbl_02875;6;gob_tbl_00601,m4vw_tbl_01116,proc_tbl_02894,gob_ext_00135,proc_ext_00271,gob_ext_00320
dlk_proceso_0549;6;m4sco_tbl_04132,gob_tbl_01947,dlk_tbl_00056,dlk_tbl_04354,dlk_tbl_00717,gob_tbl_00202;4;proc_tbl_00256,dlk_tbl_01850,dlk_ext_00574,dlk_ext_00662
gob_proceso_0550;7;dlk_tbl_02806,dash_tbl_01348,gob_tbl_00422,proc_tbl_02270,dlk_tbl_04394,proc_tbl_00377,gob_tbl_01918;4;dlk_tbl_01443,gob_tbl_03744,dash_ext_00025,dash_ext_00446
dlk_proceso_0551;6;dash_tbl_02627,gob_tbl_02667,gob_tbl_00719,dash_tbl_03389,gob_tbl_01741,gob_tbl_00085;21;gob_tbl_03489,gob_tbl_02595,dlk_tbl_04094,proc_tbl_03610,dlk_tbl_02471,gob_tbl_02238,gob_tbl_02436,gob_tbl_02963,std_tbl_01662,gob_tbl_00928,dlk_tbl_03830,gob_tbl_03226,dash_ext_00608,gob_ext_00280,proc_ext_00602,gob_ext_00017,gob_ext_00585,gob_ext_00415,dash_ext_00556,gob_ext_00004,dash_ext_00214
gob_proceso_0552;5;proc_tbl_04467,gob_tbl_02109,gob_tbl_01710,dlk_tbl_00453,gob_tbl_02339;16;gob_tbl_00952,gob_tbl_03333,dlk_tbl_02256,dlk_tbl_00168,dlk_tbl_04275,gob_tbl_03661,dlk_tbl_03314,gob_tbl_00818,gob_tbl_03776,gob_ext_00280,gob_ext_00424,dash_ext_00279,dlk_ext_00505,dash_ext_00532,proc_ext_00682,dlk_ext_00349
proc_proceso_0553;6;dash_tbl_01038,proc_tbl_01700,dlk_tbl_00161,proc_tbl_02553,m4sco_tbl_01273,dlk_tbl_00976;6;dlk_tbl_01124,dlk_tbl_00657,proc_tbl_03056,std_ext_00224,dash_ext_00524,dlk_ext_00190
dlk_proceso_0554;2;dash_tbl_02664,dlk_tbl_00111;6;proc_tbl_00499,proc_tbl_00019,gob_tbl_03925,dlk_ext_00021,dlk_ext_00066,gob_ext_00204
gob_proceso_0555;7;gob_tbl_04504,dlk_tbl_04396,dlk_tbl_02125,dlk_tbl_01422,gob_tbl_03725,gob_tbl_03921,dlk_tbl_02559;9;dlk_tbl_01314,gob_tbl_01847,dash_tbl_02407,dlk_tbl_01292,gob_tbl_04099,gob_ext_00262,proc_ext_00404,gob_ext_00683,dlk_ext_00248
gob_proceso_0556;6;proc_tbl_01664,dlk_tbl_00765,dlk_tbl_00892,gob_tbl_02466,dash_tbl_02661,gob_tbl_03397;21;gob_tbl_02337,proc_tbl_01886,proc_tbl_03097,gob_tbl_03699,gob_tbl_03994,proc_tbl_01111,dlk_tbl_00852,dlk_tbl_01076,dlk_tbl_01699,proc_tbl_02332,proc_tbl_03037,m4sco_tbl_02382,gob_ext_00000,dlk_ext_00286,gob_ext_00645,dlk_ext_00402,dlk_ext_00433,dash_ext_00160,proc_ext_00670,gob_ext_00420,dlk_ext_00390
proc_proceso_0557;5;gob_tbl_00903,proc_tbl_00371,gob_tbl_03683,gob_tbl_02928,gob_tbl_02285;14;gob_tbl_04434,std_tbl_03191,dlk_tbl_02844,dlk_tbl_03972,dlk_tbl_02396,gob_tbl_00819,dlk_tbl_01875,gob_tbl_00754,dlk_ext_00058,dlk_ext_00470,gob_ext_00099,proc_ext_00281,dlk_ext_00431,dlk_ext_00445
dlk_proceso_0558;7;proc_tbl_02653,gob_tbl_03335,gob_tbl_02800,dash_tbl_01591,gob_tbl_03406,gob_tbl_03118,gob_tbl_02494;9;gob_tbl_01646,gob_tbl_02119,gob_tbl_01417,m4vw_tbl_04382,gob_tbl_03776,dash_ext_00030,dlk_ext_00551,gob_ext_00482,gob_ext_00104
gob_proceso_0559;6;dlk_tbl_01310,gob_tbl_02988,dlk_tbl_04406,std_tbl_01749,dlk_tbl_00861,gob_tbl_04119;15;m4vw_tbl_00935,dlk_tbl_01628,gob_tbl_03177,dlk_tbl_03952,dlk_tbl_01903,dash_tbl_02940,proc_tbl_03712,gob_tbl_03904,dash_tbl_03369,gob_ext_00240,dlk_ext_00624,gob_ext_00611,gob_ext_00000,std_ext_00352,gob_ext_00575
gob_proceso_0560;5;dash_tbl_01033,dlk_tbl_01526,gob_tbl_01943,dlk_tbl_02405,proc_tbl_02948;17;gob_tbl_00122,dlk_tbl_01206,dlk_tbl_01971,dlk_tbl_01276,proc_tbl_00242,dlk_tbl_03541,dlk_tbl_03589,dlk_tbl_03778,proc_tbl_02069,dash_tbl_01942,dlk_ext_00530,dash_ext_00015,gob_ext_00483,proc_ext_00478,dash_ext_00229,dlk_ext_00347,dlk_ext_00300
dash_proceso_0561;5;dlk_tbl_00128,proc_tbl_01956,dlk_tbl_01524,dlk_tbl_04295,gob_tbl_00521;8;gob_tbl_03600,dlk_tbl_02670,gob_tbl_00941,dlk_tbl_03413,proc_tbl_01177,proc_ext_00369,dlk_ext_00652,gob_ext_00420
proc_proceso_0562;5;gob_tbl_04019,dlk_tbl_00326,gob_tbl_00109,gob_tbl_01539,dash_tbl_03909;11;gob_tbl_03600,dash_tbl_03418,dlk_tbl_03556,dash_tbl_01969,gob_tbl_00464,proc_tbl_01501,gob_ext_00695,dash_ext_00317,dash_ext_00139,ppn_ext_00088,dlk_ext_00300
dlk_proceso_0563;4;dlk_tbl_02256,proc_tbl_04028,dlk_tbl_00117,dlk_tbl_00206;3;gob_tbl_03060,dlk_tbl_03831,proc_ext_00543
dlk_proceso_0564;4;dash_tbl_02316,dash_tbl_02146,gob_tbl_00741,dlk_tbl_04320;10;std_tbl_03715,dash_tbl_00753,gob_tbl_01748,dash_tbl_00368,gob_tbl_00688,gob_tbl_01506,dlk_ext_00217,gob_ext_00141,gob_ext_00529,dlk_ext_00523
dlk_proceso_0565;2;dlk_tbl_03998,proc_tbl_01958;5;dlk_tbl_04017,proc_tbl_01836,gob_tbl_04488,gob_ext_00561,gob_ext_00500
gob_proceso_0566;3;gob_tbl_01840,gob_tbl_02724,gob_tbl_03175;9;gob_tbl_01297,dlk_tbl_02852,dlk_tbl_04299,proc_tbl_03897,gob_tbl_01943,dlk_ext_00624,gob_ext_00319,gob_ext_00529,dlk_ext_00530
dlk_proceso_0567;2;dlk_tbl_02092,dlk_tbl_01759;10;dlk_tbl_01950,dlk_tbl_03525,proc_tbl_01145,dlk_tbl_02752,dlk_tbl_02501,gob_tbl_00144,proc_ext_00339,dlk_ext_00272,dlk_ext_00061,gob_ext_00045
dlk_proceso_0568;2;gob_tbl_02533,dlk_tbl_04114;13;gob_tbl_01856,dlk_tbl_00933,dlk_tbl_03216,proc_tbl_01832,dlk_tbl_01758,ppn_tbl_03765,gob_tbl_02587,proc_ext_00665,gob_ext_00288,gob_ext_00448,gob_ext_00036,proc_ext_00437,gob_ext_00620
proc_proceso_0569;5;dlk_tbl_01645,dlk_tbl_02336,dlk_tbl_03707,dlk_tbl_01327,dash_tbl_02913;17;gob_tbl_03528,gob_tbl_03925,dlk_tbl_04197,dlk_tbl_02541,dlk_tbl_01120,proc_tbl_02069,dlk_tbl_01733,gob_tbl_03570,proc_tbl_02809,gob_tbl_03562,dlk_ext_00084,dlk_ext_00692,gob_ext_00140,dlk_ext_00346,dlk_ext_00652,dlk_ext_00445,dlk_ext_00679
gob_proceso_0570;8;gob_tbl_03176,proc_tbl_02016,gob_tbl_04428,dlk_tbl_02180,gob_tbl_01606,dlk_tbl_02807,dlk_tbl_02572,gob_tbl_01646;23;gob_tbl_00769,dash_tbl_02657,dlk_tbl_01544,proc_tbl_01063,dlk_tbl_03466,gob_tbl_00522,gob_tbl_00874,proc_tbl_01863,dlk_tbl_03399,gob_tbl_02963,gob_tbl_00417,gob_tbl_02191,dlk_tbl_02773,gob_ext_00124,gob_ext_00683,proc_ext_00528,dlk_ext_00313,gob_ext_00695,dash_ext_00556,ppn_ext_00083,gob_ext_00135,gob_ext_00529,dlk_ext_00521
proc_proceso_0571;4;dlk_tbl_00959,gob_tbl_00540,dash_tbl_01890,proc_tbl_00018;8;proc_tbl_03854,dlk_tbl_02551,dlk_tbl_04055,dlk_tbl_04168,proc_tbl_01342,dlk_ext_00381,dlk_ext_00185,dlk_ext_00493
dlk_proceso_0572;4;gob_tbl_00764,dash_tbl_00557,dlk_tbl_03488,dlk_tbl_03871;6;proc_tbl_00255,proc_tbl_01395,dlk_tbl_00195,dash_ext_00279,gob_ext_00210,dlk_ext_00090
dlk_proceso_0573;3;dlk_tbl_00618,dlk_tbl_01849,dlk_tbl_03189;12;m4vw_tbl_01183,dash_tbl_00920,gob_tbl_01504,dlk_tbl_03288,proc_tbl_02062,gob_tbl_02792,dlk_tbl_04314,gob_ext_00485,dlk_ext_00163,proc_ext_00528,dash_ext_00023,dash_ext_00247
dlk_proceso_0574;5;dlk_tbl_00898,dlk_tbl_02263,dash_tbl_03338,dlk_tbl_01274,dlk_tbl_01923;7;proc_tbl_03905,gob_tbl_01322,proc_tbl_01386,dlk_tbl_00223,gob_ext_00036,dlk_ext_00306,dlk_ext_00069
proc_proceso_0575;4;dash_tbl_00636,proc_tbl_00253,proc_tbl_02548,dlk_tbl_02461;7;std_tbl_01916,dlk_tbl_01860,dash_tbl_04135,std_tbl_00739,dlk_ext_00380,dlk_ext_00417,dlk_ext_00330
gob_proceso_0576;5;dash_tbl_00363,gob_tbl_01995,proc_tbl_04210,dlk_tbl_01846,gob_tbl_03146;14;gob_tbl_02846,dlk_tbl_01544,dlk_tbl_03608,dlk_tbl_02546,gob_tbl_01001,proc_tbl_03854,dlk_tbl_02891,dlk_tbl_03753,dlk_ext_00330,dlk_ext_00417,proc_ext_00589,gob_ext_00645,gob_ext_00498,gob_ext_00637
dlk_proceso_0577;4;dlk_tbl_02251,dlk_tbl_00912,dash_tbl_04296,dlk_tbl_01300;9;dlk_tbl_00532,dlk_tbl_00492,gob_tbl_02090,dlk_tbl_03090,dlk_tbl_02771,dlk_ext_00198,gob_ext_00280,dlk_ext_00493,dlk_ext_00189
dash_proceso_0578;8;gob_tbl_02944,gob_tbl_02472,gob_tbl_02859,ppn_tbl_01419,dlk_tbl_02423,dash_tbl_00435,dash_tbl_02889,gob_tbl_04082;14;dlk_tbl_01532,gob_tbl_00993,dlk_tbl_01124,m4vw_tbl_02160,dash_tbl_02316,dlk_tbl_02567,gob_tbl_03991,m4sco_tbl_00544,gob_ext_00420,dlk_ext_00034,std_ext_00224,proc_ext_00353,gob_ext_00481,gob_ext_00655
gob_proceso_0579;2;gob_tbl_01011,gob_tbl_02907;7;proc_tbl_01457,proc_tbl_01869,gob_tbl_01388,gob_tbl_03750,gob_ext_00117,dlk_ext_00422,dlk_ext_00676
proc_proceso_0580;8;dash_tbl_01878,gob_tbl_00819,dlk_tbl_00988,dlk_tbl_00138,proc_tbl_04235,dlk_tbl_01545,gob_tbl_02495,m4vw_tbl_00219;14;gob_tbl_03842,dlk_tbl_03151,gob_tbl_02124,gob_tbl_03506,proc_tbl_03056,m4sco_tbl_03031,proc_tbl_02414,proc_tbl_01869,m4sco_ext_00656,gob_ext_00534,std_ext_00672,dash_ext_00647,gob_ext_00559,proc_ext_00195
proc_proceso_0581;5;dlk_tbl_01761,dlk_tbl_01031,dlk_tbl_02396,dlk_tbl_02047,gob_tbl_00009;7;proc_tbl_00517,gob_tbl_02791,dlk_tbl_01302,dlk_tbl_04314,dlk_ext_00471,proc_ext_00399,dlk_ext_00625
dlk_proceso_0582;3;gob_tbl_01548,gob_tbl_02777,proc_tbl_00554;4;dlk_tbl_00283,dlk_tbl_03541,ppn_ext_00549,dlk_ext_00375
proc_proceso_0583;4;gob_tbl_04057,proc_tbl_04141,dlk_tbl_04458,dash_tbl_01413;14;dlk_tbl_04177,gob_tbl_03124,proc_tbl_01938,dlk_tbl_03578,dash_tbl_01650,gob_tbl_01412,proc_tbl_03081,dlk_tbl_00000,ppn_ext_00083,gob_ext_00584,proc_ext_00281,gob_ext_00240,proc_ext_00644,dlk_ext_00122
proc_proceso_0584;6;dlk_tbl_00493,dlk_tbl_03275,proc_tbl_04395,std_tbl_02173,gob_tbl_00907,proc_tbl_02104;6;m4vw_tbl_00011,gob_tbl_02820,std_tbl_02213,dlk_ext_00535,dash_ext_00151,gob_ext_00045
proc_proceso_0585;7;gob_tbl_02890,dlk_tbl_02216,proc_tbl_03228,gob_tbl_02677,dlk_tbl_01181,gob_tbl_03010,gob_tbl_03858;9;gob_tbl_01209,gob_tbl_00394,gob_tbl_02554,proc_tbl_03083,gob_tbl_03617,proc_ext_00528,proc_ext_00547,dash_ext_00289,dlk_ext_00327
proc_proceso_0586;8;proc_tbl_04442,gob_tbl_04098,gob_tbl_01295,gob_tbl_00393,gob_tbl_02974,gob_tbl_02588,gob_tbl_01430,dlk_tbl_02156;24;gob_tbl_03062,gob_tbl_01979,dlk_tbl_01874,dlk_tbl_03756,dlk_tbl_00480,dlk_tbl_01175,dlk_tbl_02620,gob_tbl_03879,proc_tbl_02648,proc_tbl_03790,dlk_tbl_01853,dash_tbl_03089,std_tbl_02290,dlk_tbl_04299,dlk_ext_00093,dlk_ext_00037,dlk_ext_00301,dash_ext_00305,dlk_ext_00552,proc_ext_00282,dlk_ext_00187,std_ext_00032,dlk_ext_00617,proc_ext_00670
dash_proceso_0587;2;dlk_tbl_02061,dash_tbl_02982;15;dash_tbl_04013,dlk_tbl_02651,gob_tbl_01180,dlk_tbl_01521,dash_tbl_03714,dlk_tbl_04173,dlk_tbl_02255,dlk_tbl_03172,dash_tbl_04155,proc_ext_00670,dlk_ext_00643,ppn_ext_00083,dlk_ext_00330,proc_ext_00282,gob_ext_00418
dash_proceso_0588;5;gob_tbl_02919,gob_tbl_02519,dlk_tbl_02170,dlk_tbl_04346,gob_tbl_00454;7;proc_tbl_00709,gob_tbl_03003,proc_tbl_03614,m4vw_tbl_03165,dlk_ext_00625,gob_ext_00459,dash_ext_00023
dlk_proceso_0589;6;dlk_tbl_04492,proc_tbl_01501,gob_tbl_03050,gob_tbl_04074,std_tbl_04290,std_tbl_01215;9;dash_tbl_03011,dash_tbl_01171,dlk_tbl_00229,dash_tbl_01105,proc_tbl_02977,dash_ext_00229,dlk_ext_00403,gob_ext_00004,proc_ext_00644
dlk_proceso_0590;5;gob_tbl_00476,gob_tbl_01036,gob_tbl_01649,proc_tbl_00252,dlk_tbl_03320;7;gob_tbl_04384,gob_tbl_03775,dash_tbl_01084,dlk_tbl_03589,dlk_ext_00503,proc_ext_00681,dlk_ext_00431
dlk_proceso_0591;4;dash_tbl_03668,gob_tbl_02164,dlk_tbl_00527,gob_tbl_04224;7;dlk_tbl_01464,dlk_tbl_02267,dlk_tbl_02145,proc_tbl_04012,proc_ext_00345,proc_ext_00282,proc_ext_00682
gob_proceso_0592;6;proc_tbl_03469,dlk_tbl_00276,proc_tbl_00623,m4vw_tbl_02160,gob_tbl_01468,dlk_tbl_03811;10;dlk_tbl_02651,gob_tbl_01637,gob_tbl_02247,dlk_tbl_03799,proc_tbl_01721,gob_tbl_03003,dash_ext_00447,dlk_ext_00313,proc_ext_00478,proc_ext_00086
proc_proceso_0593;5;gob_tbl_03881,dlk_tbl_02918,gob_tbl_02415,gob_tbl_01993,dlk_tbl_00150;10;dlk_tbl_00353,dlk_tbl_01638,dlk_tbl_00849,dlk_tbl_03113,gob_tbl_02746,dlk_tbl_04396,std_ext_00455,proc_ext_00164,dlk_ext_00296,proc_ext_00153
proc_proceso_0594;5;proc_tbl_00318,gob_tbl_01328,proc_tbl_03586,gob_tbl_00309,dash_tbl_01433;7;gob_tbl_03361,gob_tbl_01112,gob_tbl_02619,gob_tbl_01028,dash_ext_00025,gob_ext_00415,proc_ext_00195
dlk_proceso_0595;5;proc_tbl_02680,dlk_tbl_04257,dlk_tbl_04453,dlk_tbl_03272,gob_tbl_03864;9;dlk_tbl_04181,gob_tbl_00989,dash_tbl_01797,gob_tbl_01928,dlk_tbl_02092,proc_ext_00175,proc_ext_00043,gob_ext_00428,dlk_ext_00519
dlk_proceso_0596;5;std_tbl_01479,gob_tbl_02413,gob_tbl_00076,gob_tbl_00624,dlk_tbl_02267;19;proc_tbl_00496,dash_tbl_03401,gob_tbl_04494,proc_tbl_03862,gob_tbl_03321,dlk_tbl_00280,gob_tbl_02245,dlk_tbl_02180,dlk_tbl_02145,gob_tbl_00422,proc_tbl_02069,gob_ext_00559,dash_ext_00586,gob_ext_00310,dlk_ext_00002,dlk_ext_00037,dlk_ext_00169,dlk_ext_00065,std_ext_00224
gob_proceso_0597;4;dlk_tbl_03632,gob_tbl_03346,proc_tbl_01197,dlk_tbl_02770;10;gob_tbl_02391,gob_tbl_00108,proc_tbl_01182,dlk_tbl_04297,dlk_tbl_02501,dash_tbl_01219,gob_ext_00045,gob_ext_00165,m4vw_ext_00514,dlk_ext_00362
dlk_proceso_0598;3;dlk_tbl_01231,dlk_tbl_03680,proc_tbl_02897;9;dlk_tbl_00420,gob_tbl_02607,gob_tbl_01486,dash_tbl_01433,dlk_tbl_00675,dlk_ext_00275,dlk_ext_00073,dlk_ext_00011,dlk_ext_00182
dlk_proceso_0599;4;gob_tbl_00708,dlk_tbl_00568,dlk_tbl_00001,m4vw_tbl_01513;5;proc_tbl_00709,dash_tbl_01999,dlk_tbl_03844,gob_ext_00529,gob_ext_00584
dlk_proceso_0600;4;gob_tbl_02527,gob_tbl_02745,dlk_tbl_00975,dlk_tbl_00576;11;dash_tbl_00789,dlk_tbl_01625,gob_tbl_03955,gob_tbl_02274,m4sco_tbl_03616,gob_tbl_03370,gob_ext_00000,ppn_ext_00088,dlk_ext_00493,dlk_ext_00443,gob_ext_00234
dlk_proceso_0601;5;dash_tbl_00250,gob_tbl_01130,proc_tbl_00854,dash_tbl_04342,gob_tbl_03764;5;dlk_tbl_01266,gob_tbl_01977,gob_tbl_02923,gob_ext_00395,dlk_ext_00188
dlk_proceso_0602;2;proc_tbl_01241,ppn_tbl_02851;7;dlk_tbl_02067,dlk_tbl_03181,gob_tbl_02272,gob_tbl_00807,gob_ext_00598,gob_ext_00075,dlk_ext_00191
dlk_proceso_0603;4;dlk_tbl_00511,dlk_tbl_04429,gob_tbl_03744,dlk_tbl_00295;11;gob_tbl_00794,dlk_tbl_01818,dlk_tbl_01231,gob_tbl_02539,dlk_tbl_03475,dlk_tbl_00168,proc_ext_00658,gob_ext_00511,dlk_ext_00622,ppn_ext_00088,dlk_ext_00061
dlk_proceso_0604;7;dlk_tbl_03282,dlk_tbl_00977,dlk_tbl_02520,proc_tbl_01960,gob_tbl_04280,proc_tbl_03108,proc_tbl_00107;11;gob_tbl_01604,dlk_tbl_03076,dlk_tbl_00461,gob_tbl_02961,dlk_tbl_02134,gob_tbl_02990,proc_ext_00602,gob_ext_00051,dash_ext_00229,proc_ext_00077,gob_ext_00231
dlk_proceso_0605;5;gob_tbl_02554,m4vw_tbl_04331,gob_tbl_01354,dlk_tbl_01437,m4vw_tbl_01183;5;dlk_tbl_00333,dlk_tbl_04347,dlk_tbl_01747,gob_ext_00113,dlk_ext_00519
dlk_proceso_0606;6;gob_tbl_04312,dash_tbl_00920,dlk_tbl_01653,dlk_tbl_02398,proc_tbl_00230,m4sco_tbl_01820;9;dlk_tbl_01572,dlk_tbl_03863,gob_tbl_04242,gob_tbl_02595,gob_tbl_00804,dash_ext_00317,dlk_ext_00091,gob_ext_00196,dlk_ext_00362
dlk_proceso_0607;6;dash_tbl_04228,dlk_tbl_01287,dlk_tbl_02925,gob_tbl_04317,gob_tbl_04322,dash_tbl_01650;10;gob_tbl_03600,dash_tbl_03652,dlk_tbl_02398,gob_tbl_01444,proc_tbl_01207,dash_tbl_00552,gob_ext_00056,dlk_ext_00571,dlk_ext_00467,m4sco_ext_00656
gob_proceso_0608;2;dlk_tbl_01053,dlk_tbl_04336;6;gob_tbl_00656,dlk_tbl_01697,dlk_tbl_04134,gob_ext_00630,dlk_ext_00443,gob_ext_00459
proc_proceso_0609;4;proc_tbl_01376,dlk_tbl_03778,gob_tbl_00883,gob_tbl_00991;7;proc_tbl_00517,dlk_tbl_00196,m4sco_tbl_02821,dlk_tbl_02265,gob_ext_00587,gob_ext_00348,proc_ext_00195
dlk_proceso_0610;6;proc_tbl_01344,gob_tbl_04225,proc_tbl_03104,gob_tbl_01058,dash_tbl_01893,dlk_tbl_01935;10;dlk_tbl_00875,proc_tbl_01567,proc_tbl_00663,dash_tbl_02065,dlk_tbl_02036,dlk_tbl_00721,gob_ext_00045,dlk_ext_00365,gob_ext_00124,m4vw_ext_00452
dlk_proceso_0611;3;gob_tbl_00321,dlk_tbl_01584,gob_tbl_03857;8;proc_tbl_04125,proc_tbl_03261,gob_tbl_01164,dash_tbl_03352,gob_tbl_02955,dlk_ext_00458,dlk_ext_00168,dlk_ext_00253
proc_proceso_0612;5;proc_tbl_00463,dlk_tbl_00606,proc_tbl_02998,std_tbl_01208,proc_tbl_02363;15;dlk_tbl_02156,dlk_tbl_04080,gob_tbl_01324,dlk_tbl_01754,dlk_tbl_02142,m4sco_tbl_03716,gob_tbl_01440,gob_tbl_03663,dlk_tbl_03178,dlk_ext_00643,gob_ext_00592,gob_ext_00630,dash_ext_00015,dlk_ext_00604,dlk_ext_00390
dlk_proceso_0613;7;gob_tbl_00546,proc_tbl_00362,gob_tbl_03078,gob_tbl_03925,gob_tbl_03385,gob_tbl_02827,proc_tbl_00667;9;gob_tbl_00297,dlk_tbl_02159,gob_tbl_02329,proc_tbl_01869,dlk_tbl_02308,gob_ext_00386,dash_ext_00556,dlk_ext_00535,dlk_ext_00662
dlk_proceso_0614;3;dlk_tbl_02949,gob_tbl_02100,gob_tbl_01259;13;proc_tbl_01932,dash_tbl_03338,dlk_tbl_01853,gob_tbl_04212,dash_tbl_01878,dlk_tbl_01253,dash_tbl_02953,gob_ext_00196,proc_ext_00270,gob_ext_00667,dlk_ext_00394,dlk_ext_00181,m4sco_ext_00595
dlk_proceso_0615;4;std_tbl_03220,gob_tbl_02595,dlk_tbl_00860,dlk_tbl_03297;7;dlk_tbl_01533,std_tbl_02790,proc_tbl_03854,m4sco_tbl_03031,gob_ext_00371,gob_ext_00014,dlk_ext_00505
gob_proceso_0616;3;dlk_tbl_01775,dlk_tbl_01543,dash_tbl_03424;4;dash_tbl_02407,gob_tbl_02892,dlk_ext_00306,dlk_ext_00642
dlk_proceso_0617;3;dlk_tbl_00324,dlk_tbl_02822,proc_tbl_03888;9;dlk_tbl_00266,gob_tbl_03660,dlk_tbl_00960,gob_tbl_03701,ppn_tbl_03408,dlk_ext_00108,proc_ext_00239,gob_ext_00009,dlk_ext_00431
proc_proceso_0618;2;proc_tbl_01177,dlk_tbl_02252;20;std_tbl_04389,gob_tbl_01073,m4sco_tbl_01820,dlk_tbl_01467,std_tbl_01691,proc_tbl_03826,dlk_tbl_03941,dlk_tbl_01923,gob_tbl_03176,std_tbl_01916,dlk_tbl_04353,m4sco_tbl_04479,gob_ext_00117,dlk_ext_00174,proc_ext_00180,dlk_ext_00380,dlk_ext_00275,dlk_ext_00249,ppn_ext_00072,m4sco_ext_00595
gob_proceso_0619;3;proc_tbl_03435,gob_tbl_01839,dlk_tbl_01521;13;dlk_tbl_03251,std_tbl_01263,gob_tbl_04470,dlk_tbl_01266,gob_tbl_00991,dlk_tbl_03733,dlk_tbl_02578,dlk_ext_00517,std_ext_00558,dlk_ext_00643,dlk_ext_00417,proc_ext_00677,dlk_ext_00154
gob_proceso_0620;5;dlk_tbl_02742,dlk_tbl_02868,dlk_tbl_02814,proc_tbl_01357,gob_tbl_02663;16;proc_tbl_00349,gob_tbl_01335,gob_tbl_02419,gob_tbl_01658,gob_tbl_02510,gob_tbl_01224,dlk_tbl_00571,std_tbl_00800,gob_tbl_00167,gob_ext_00329,dlk_ext_00037,dlk_ext_00346,gob_ext_00348,dlk_ext_00582,gob_ext_00117,dlk_ext_00662
dlk_proceso_0621;5;dlk_tbl_03557,dlk_tbl_03479,proc_tbl_00943,proc_tbl_04115,dash_tbl_00187;5;dlk_tbl_00182,gob_tbl_03601,proc_tbl_02208,gob_ext_00461,gob_ext_00007
dlk_proceso_0622;4;gob_tbl_01901,dlk_tbl_02986,dlk_tbl_00153,dlk_tbl_02801;10;proc_tbl_01138,dlk_tbl_04168,std_tbl_03834,dlk_tbl_03952,dlk_tbl_00142,proc_tbl_01717,dlk_ext_00662,dlk_ext_00188,dash_ext_00465,proc_ext_00623
gob_proceso_0623;5;gob_tbl_02841,dlk_tbl_03972,std_tbl_04078,gob_tbl_00302,gob_tbl_04397;7;dlk_tbl_01437,dash_tbl_01084,dlk_tbl_01198,proc_tbl_03712,gob_ext_00561,m4sco_ext_00656,gob_ext_00400
dlk_proceso_0624;2;dlk_tbl_02317,gob_tbl_03953;10;gob_tbl_01167,dash_tbl_01250,proc_tbl_01243,gob_tbl_01322,gob_tbl_02615,dlk_tbl_01349,gob_ext_00529,gob_ext_00113,dlk_ext_00407,dlk_ext_00560
dlk_proceso_0625;2;gob_tbl_03136,gob_tbl_03003;13;gob_tbl_03028,dlk_tbl_03094,dlk_tbl_00852,gob_tbl_00776,dlk_tbl_00866,proc_tbl_00006,dlk_tbl_03203,gob_ext_00244,gob_ext_00629,dlk_ext_00306,gob_ext_00262,gob_ext_00695,m4sco_ext_00593
proc_proceso_0626;5;gob_tbl_03493,dlk_tbl_03793,dash_tbl_02540,gob_tbl_02175,proc_tbl_02829;13;dlk_tbl_02168,gob_tbl_02525,dlk_tbl_03384,dlk_tbl_04222,gob_tbl_00698,dlk_tbl_00280,proc_tbl_00041,gob_ext_00141,dlk_ext_00381,dlk_ext_00574,gob_ext_00577,gob_ext_00363,m4sco_ext_00656
dlk_proceso_0627;4;dlk_tbl_01627,proc_tbl_04163,gob_tbl_02399,dlk_tbl_02004;4;proc_tbl_02626,gob_tbl_01902,dlk_ext_00571,proc_ext_00665
dlk_proceso_0628;5;dash_tbl_02922,dlk_tbl_01798,gob_tbl_04000,dlk_tbl_01106,dash_tbl_01551;9;dlk_tbl_01682,dlk_tbl_02641,dlk_tbl_01530,dlk_tbl_04139,gob_tbl_04240,gob_ext_00117,dlk_ext_00615,proc_ext_00537,proc_ext_00164
proc_proceso_0629;3;dlk_tbl_02532,dlk_tbl_00317,dlk_tbl_01743;11;gob_tbl_03946,proc_tbl_02629,gob_tbl_03646,proc_tbl_00149,dash_tbl_00749,dash_tbl_03755,dlk_ext_00136,dlk_ext_00298,dash_ext_00556,proc_ext_00682,gob_ext_00055
dlk_proceso_0630;2;dlk_tbl_02871,gob_tbl_04233;9;dlk_tbl_03161,dlk_tbl_00324,proc_tbl_03421,gob_tbl_00211,gob_tbl_03273,dlk_ext_00509,gob_ext_00637,dlk_ext_00185,dlk_ext_00651
dlk_proceso_0631;6;dash_tbl_01942,gob_tbl_00351,m4vw_tbl_03889,dash_tbl_03838,dlk_tbl_04378,std_tbl_00485;21;dlk_tbl_00288,dlk_tbl_02852,gob_tbl_02215,std_tbl_02358,proc_tbl_01907,dash_tbl_03077,dash_tbl_00963,dash_tbl_03743,dlk_tbl_02040,dlk_tbl_00978,dlk_tbl_02643,proc_tbl_02908,proc_ext_00281,proc_ext_00681,gob_ext_00555,gob_ext_00529,dlk_ext_00327,dlk_ext_00306,dlk_ext_00346,gob_ext_00675,proc_ext_00462
proc_proceso_0632;6;dlk_tbl_03968,dlk_tbl_01403,dlk_tbl_00100,proc_tbl_01021,proc_tbl_03366,gob_tbl_01573;6;dlk_tbl_03292,dlk_tbl_02099,dash_tbl_02661,dlk_ext_00286,gob_ext_00490,gob_ext_00573
dlk_proceso_0633;4;gob_tbl_01261,std_tbl_03812,gob_tbl_02268,dash_tbl_02728;12;dlk_tbl_01975,dlk_tbl_03578,dlk_tbl_03303,proc_tbl_04021,dlk_tbl_01747,proc_tbl_01281,gob_tbl_00548,proc_ext_00282,dlk_ext_00232,gob_ext_00178,gob_ext_00087,proc_ext_00312
proc_proceso_0634;4;gob_tbl_03310,gob_tbl_03356,dlk_tbl_03927,dlk_tbl_04307;14;dlk_tbl_01302,gob_tbl_01715,gob_tbl_00783,dlk_tbl_03225,proc_tbl_01021,gob_tbl_01034,dash_tbl_03011,gob_tbl_03723,dlk_ext_00394,m4vw_ext_00452,proc_ext_00192,dlk_ext_00536,dlk_ext_00307,gob_ext_00000
dlk_proceso_0635;3;gob_tbl_03887,gob_tbl_04095,dlk_tbl_04464;13;dlk_tbl_02918,gob_tbl_02507,dlk_tbl_03509,proc_tbl_02906,m4vw_tbl_02769,dash_tbl_03315,proc_tbl_03758,dlk_ext_00517,dlk_ext_00323,dlk_ext_00365,proc_ext_00001,gob_ext_00176,dlk_ext_00179
dlk_proceso_0636;3;gob_tbl_01767,dlk_tbl_03463,dlk_tbl_02546;4;dlk_tbl_00093,dlk_tbl_01891,dlk_ext_00624,dlk_ext_00191
gob_proceso_0637;3;gob_tbl_00692,gob_tbl_03563,gob_tbl_04416;14;dlk_tbl_04133,gob_tbl_02366,gob_tbl_02150,dlk_tbl_01126,dash_tbl_00372,gob_tbl_03643,dlk_tbl_00023,gob_tbl_02037,proc_ext_00353,ppn_ext_00083,gob_ext_00587,proc_ext_00095,gob_ext_00243,gob_ext_00196
dlk_proceso_0638;4;m4sco_tbl_03021,dlk_tbl_04328,dash_tbl_02498,m4vw_tbl_00193;7;dlk_tbl_03399,proc_tbl_02985,dlk_tbl_00035,proc_tbl_02304,gob_ext_00620,proc_ext_00043,gob_ext_00603
dlk_proceso_0639;3;gob_tbl_00522,dlk_tbl_03274,dlk_tbl_01722;14;dash_tbl_00979,gob_tbl_04506,gob_tbl_02227,gob_tbl_03754,dlk_tbl_00960,gob_tbl_03060,gob_tbl_01417,gob_tbl_03621,gob_ext_00384,proc_ext_00383,gob_ext_00497,dlk_ext_00298,dlk_ext_00635,dlk_ext_00493
dash_proceso_0640;5;gob_tbl_02318,proc_tbl_03459,gob_tbl_00827,proc_tbl_00529,gob_tbl_02876;14;gob_tbl_01834,dlk_tbl_01860,gob_tbl_01985,gob_tbl_03606,dlk_tbl_03320,dash_tbl_02982,proc_tbl_00908,proc_tbl_02818,gob_ext_00288,std_ext_00224,proc_ext_00589,dash_ext_00501,dash_ext_00524,proc_ext_00164
dlk_proceso_0641;3;dlk_tbl_03235,dlk_tbl_01809,m4sco_tbl_02821;10;dlk_tbl_04496,m4sco_tbl_04479,proc_tbl_03263,dlk_tbl_01577,dlk_tbl_01670,dash_tbl_01142,dlk_ext_00625,dlk_ext_00149,dlk_ext_00365,gob_ext_00497
dlk_proceso_0642;6;proc_tbl_02223,gob_tbl_01914,proc_tbl_00550,dlk_tbl_03745,gob_tbl_02350,gob_tbl_01136;9;proc_tbl_03353,proc_tbl_03426,std_tbl_04290,m4vw_tbl_00264,dlk_tbl_02918,dash_ext_00446,dlk_ext_00179,dash_ext_00303,dlk_ext_00074
proc_proceso_0643;3;gob_tbl_04470,dlk_tbl_01530,proc_tbl_00037;4;gob_tbl_01587,dlk_tbl_04335,dash_ext_00359,gob_ext_00291
dash_proceso_0644;3;dlk_tbl_01577,dlk_tbl_03303,dlk_tbl_02681;13;gob_tbl_02800,gob_tbl_02091,gob_tbl_03455,dlk_tbl_00620,proc_tbl_03614,dlk_tbl_00112,dash_tbl_04355,dlk_ext_00538,dlk_ext_00574,gob_ext_00461,dlk_ext_00376,gob_ext_00540,proc_ext_00164
dash_proceso_0645;3;dlk_tbl_00549,dlk_tbl_00906,dlk_tbl_01853;9;m4vw_tbl_04076,dlk_tbl_02202,gob_tbl_02674,gob_tbl_01451,dlk_tbl_04133,proc_ext_00316,dlk_ext_00179,std_ext_00206,dlk_ext_00066
proc_proceso_0646;4;dlk_tbl_00365,dlk_tbl_00919,dlk_tbl_04340,proc_tbl_02562;6;gob_tbl_01506,proc_tbl_01205,dlk_tbl_01153,gob_ext_00488,proc_ext_00644,dash_ext_00501
gob_proceso_0647;6;proc_tbl_00709,dlk_tbl_00848,gob_tbl_02628,dash_tbl_00703,gob_tbl_03562,proc_tbl_04469;4;proc_tbl_01377,dlk_tbl_00380,dash_ext_00324,proc_ext_00383
proc_proceso_0648;5;m4sco_tbl_04218,dlk_tbl_03509,dash_tbl_00759,dlk_tbl_02858,gob_tbl_00396;5;dash_tbl_01007,dlk_tbl_00209,dlk_tbl_02603,gob_ext_00013,ppn_ext_00083
proc_proceso_0649;6;proc_tbl_01382,dlk_tbl_01118,gob_tbl_02635,proc_tbl_01407,dlk_tbl_04332,dash_tbl_02575;11;dlk_tbl_02252,m4vw_tbl_03214,dlk_tbl_00388,gob_tbl_02668,dlk_tbl_00579,dlk_tbl_00599,dlk_ext_00322,dlk_ext_00054,proc_ext_00355,proc_ext_00164,dash_ext_00289
dlk_proceso_0650;5;proc_tbl_01066,dlk_tbl_02651,gob_tbl_01796,gob_tbl_01725,dlk_tbl_01845;14;m4vw_tbl_03214,proc_tbl_01455,dash_tbl_04495,gob_tbl_00874,gob_tbl_04428,dash_tbl_01878,dlk_tbl_01631,dlk_tbl_00380,gob_ext_00645,std_ext_00170,gob_ext_00694,dash_ext_00685,dlk_ext_00328,dlk_ext_00574
dlk_proceso_0651;4;dlk_tbl_00838,gob_tbl_03828,dlk_tbl_01373,gob_tbl_02613;11;dash_tbl_01999,gob_tbl_01237,proc_tbl_00724,gob_tbl_00745,dlk_tbl_02732,gob_tbl_03750,dlk_ext_00560,dlk_ext_00093,dlk_ext_00144,dlk_ext_00557,dlk_ext_00168
dlk_proceso_0652;7;dlk_tbl_00795,proc_tbl_01496,dlk_tbl_03612,proc_tbl_03762,proc_tbl_04306,proc_tbl_03784,gob_tbl_04213;20;dash_tbl_02843,dlk_tbl_04314,gob_tbl_01817,proc_tbl_03056,dlk_tbl_00828,gob_tbl_03547,dlk_tbl_02412,dlk_tbl_02852,gob_tbl_01646,std_tbl_04449,dlk_tbl_00333,proc_tbl_03832,proc_ext_00404,gob_ext_00045,std_ext_00572,proc_ext_00669,dlk_ext_00313,dlk_ext_00580,dlk_ext_00571,gob_ext_00244
dlk_proceso_0653;3;ppn_tbl_01945,gob_tbl_03156,dash_tbl_00572;13;std_tbl_01568,proc_tbl_04230,m4sco_tbl_04132,dlk_tbl_03503,gob_tbl_03323,gob_tbl_01034,gob_tbl_00546,ppn_ext_00664,dlk_ext_00373,dlk_ext_00155,gob_ext_00540,dlk_ext_00444,dlk_ext_00296
gob_proceso_0654;7;gob_tbl_03706,std_tbl_00275,dlk_tbl_00131,dlk_tbl_01345,gob_tbl_03719,gob_tbl_02585,gob_tbl_02480;1;gob_tbl_01548
dash_proceso_0655;5;gob_tbl_00601,dlk_tbl_03573,gob_tbl_04034,proc_tbl_00767,dlk_tbl_04503;5;std_tbl_03637,gob_tbl_04086,gob_tbl_01817,dlk_ext_00283,gob_ext_00140
dlk_proceso_0656;3;gob_tbl_01025,dlk_tbl_04454,dlk_tbl_04050;13;dlk_tbl_03972,dlk_tbl_01094,dash_tbl_00442,dlk_tbl_04265,dlk_tbl_03541,gob_tbl_03373,dash_tbl_00813,dlk_ext_00530,gob_ext_00278,dlk_ext_00679,proc_ext_00195,dash_ext_00685,std_ext_00148
dlk_proceso_0657;4;dlk_tbl_03931,gob_tbl_00516,dash_tbl_01724,gob_tbl_01001;4;dlk_tbl_04152,gob_tbl_02779,dash_ext_00447,dlk_ext_00347
dash_proceso_0658;3;dash_tbl_01888,proc_tbl_04404,gob_tbl_02867;14;gob_tbl_03682,gob_tbl_02191,proc_tbl_02016,proc_tbl_00558,gob_tbl_02678,gob_tbl_04014,proc_tbl_01145,proc_tbl_03636,dlk_ext_00407,dlk_ext_00330,proc_ext_00665,dash_ext_00405,dash_ext_00447,dlk_ext_00066
gob_proceso_0659;2;dlk_tbl_02199,dlk_tbl_03503;13;gob_tbl_01058,gob_tbl_00833,dash_tbl_00036,gob_tbl_03649,dlk_tbl_01000,proc_tbl_02829,dlk_tbl_01611,dlk_ext_00322,dlk_ext_00594,gob_ext_00009,gob_ext_00570,std_ext_00032,proc_ext_00669
proc_proceso_0660;5;gob_tbl_03748,dlk_tbl_01827,dash_tbl_03011,dlk_tbl_03155,gob_tbl_02522;8;gob_tbl_04099,gob_tbl_00468,gob_tbl_03234,proc_tbl_01063,gob_tbl_01364,gob_ext_00541,dlk_ext_00505,gob_ext_00420
gob_proceso_0661;5;dlk_tbl_04251,dlk_tbl_03689,dlk_tbl_01218,dlk_tbl_04319,gob_tbl_04086;14;proc_tbl_03593,gob_tbl_03661,gob_tbl_04164,dlk_tbl_01809,dlk_tbl_00912,dlk_tbl_01874,dlk_tbl_02835,gob_tbl_04095,proc_ext_00478,gob_ext_00196,gob_ext_00176,dlk_ext_00012,gob_ext_00473,dlk_ext_00406
dlk_proceso_0662;8;gob_tbl_02723,proc_tbl_02220,m4vw_tbl_03889,gob_tbl_03879,gob_tbl_02379,dlk_tbl_00270,ppn_tbl_01286,proc_tbl_03438;6;proc_tbl_04310,dash_tbl_01635,dlk_tbl_00977,gob_ext_00013,gob_ext_00087,std_ext_00032
dlk_proceso_0663;6;gob_tbl_01151,gob_tbl_01905,gob_tbl_02089,proc_tbl_01630,proc_tbl_02178,gob_tbl_02144;11;dlk_tbl_04314,gob_tbl_02876,gob_tbl_00697,dlk_tbl_02529,dlk_tbl_00933,dlk_tbl_03584,gob_ext_00016,gob_ext_00203,dash_ext_00010,dash_ext_00247,gob_ext_00101
gob_proceso_0664;3;gob_tbl_03886,gob_tbl_02623,gob_tbl_03549;9;gob_tbl_00692,dash_tbl_03119,dlk_tbl_00980,gob_tbl_03009,dlk_tbl_00795,gob_ext_00259,ppn_ext_00083,proc_ext_00404,dash_ext_00409
dlk_proceso_0665;5;gob_tbl_04418,dash_tbl_01247,dlk_tbl_00057,dlk_tbl_02299,proc_tbl_01500;13;gob_tbl_02111,proc_tbl_00407,dash_tbl_03659,gob_tbl_02480,dlk_tbl_01613,m4sco_tbl_00544,dlk_tbl_02520,dash_ext_00290,dlk_ext_00323,gob_ext_00280,gob_ext_00395,gob_ext_00481,proc_ext_00602
dlk_proceso_0666;3;gob_tbl_03357,gob_tbl_03954,proc_tbl_00263;9;proc_tbl_00519,dlk_tbl_02067,proc_tbl_03421,dash_tbl_03791,m4vw_tbl_03165,m4vw_ext_00318,proc_ext_00355,dlk_ext_00248,dlk_ext_00552
proc_proceso_0667;3;std_tbl_03970,dlk_tbl_03291,dlk_tbl_00660;8;std_tbl_00414,dash_tbl_02982,gob_tbl_03185,dlk_tbl_00526,gob_tbl_03197,gob_ext_00384,dash_ext_00647,dlk_ext_00477
dlk_proceso_0668;2;gob_tbl_01237,proc_tbl_03979;8;gob_tbl_03993,proc_tbl_01315,gob_tbl_00815,dlk_tbl_02503,gob_tbl_03649,dlk_ext_00372,proc_ext_00665,dlk_ext_00445
dash_proceso_0669;2;dlk_tbl_00962,proc_tbl_01299;4;dlk_tbl_01815,gob_tbl_03192,dash_ext_00317,proc_ext_00690
dash_proceso_0670;6;proc_tbl_02854,dash_tbl_03631,gob_tbl_03808,dlk_tbl_01620,gob_tbl_00774,dlk_tbl_01948;6;gob_tbl_03391,dlk_tbl_03049,dlk_tbl_02947,std_ext_00094,gob_ext_00363,m4vw_ext_00452
gob_proceso_0671;6;dlk_tbl_00045,std_tbl_02213,proc_tbl_01782,dlk_tbl_04080,dash_tbl_00179,dlk_tbl_02782;6;gob_tbl_01412,dlk_tbl_03478,dlk_tbl_02115,dash_ext_00608,dash_ext_00405,gob_ext_00261
dlk_proceso_0672;5;gob_tbl_00825,proc_tbl_01386,dlk_tbl_01681,dash_tbl_02064,gob_tbl_03625;17;gob_tbl_04475,dlk_tbl_02145,dash_tbl_01797,proc_tbl_02985,gob_tbl_03810,dlk_tbl_00482,dlk_tbl_03048,gob_tbl_03699,gob_tbl_02475,proc_tbl_03195,dlk_ext_00417,proc_ext_00164,gob_ext_00500,proc_ext_00589,dash_ext_00290,dash_ext_00109,dlk_ext_00018
dlk_proceso_0673;7;gob_tbl_01794,gob_tbl_03792,proc_tbl_03329,dlk_tbl_01912,proc_tbl_02069,proc_tbl_02983,proc_tbl_02899;10;dlk_tbl_03735,gob_tbl_01020,gob_tbl_02565,dlk_tbl_01973,gob_tbl_00934,dlk_tbl_01936,dlk_ext_00074,dlk_ext_00061,dlk_ext_00002,proc_ext_00644
dlk_proceso_0674;4;dlk_tbl_01000,dlk_tbl_02920,dash_tbl_04097,dlk_tbl_03387;4;proc_tbl_02363,gob_tbl_00548,dlk_ext_00671,std_ext_00432
gob_proceso_0675;7;dash_tbl_03064,proc_tbl_00842,dlk_tbl_02931,dlk_tbl_03330,dash_tbl_04326,std_tbl_00971,dlk_tbl_00615;10;gob_tbl_02957,dlk_tbl_02559,proc_tbl_03415,dlk_tbl_04206,dash_tbl_04391,dlk_tbl_00397,dlk_ext_00300,gob_ext_00428,gob_ext_00351,gob_ext_00104
gob_proceso_0676;5;gob_tbl_03107,proc_tbl_00518,gob_tbl_02933,gob_tbl_04183,gob_tbl_00075;8;dlk_tbl_02275,dlk_tbl_03559,dlk_tbl_01249,m4vw_tbl_00732,dlk_tbl_02954,gob_ext_00408,std_ext_00672,gob_ext_00630
gob_proceso_0677;3;gob_tbl_01904,gob_tbl_03542,dash_tbl_03352;11;gob_tbl_04461,dlk_tbl_03717,gob_tbl_04122,proc_tbl_00371,gob_tbl_04250,proc_tbl_01357,proc_ext_00508,gob_ext_00440,gob_ext_00051,dlk_ext_00467,dlk_ext_00552
gob_proceso_0678;3;gob_tbl_02634,dlk_tbl_00313,gob_tbl_01226;17;gob_tbl_03323,gob_tbl_01284,ppn_tbl_02945,dlk_tbl_00978,proc_tbl_01500,dlk_tbl_00004,dlk_tbl_00168,dlk_tbl_03584,dlk_tbl_02566,gob_tbl_03661,dlk_ext_00052,gob_ext_00487,gob_ext_00420,dlk_ext_00519,proc_ext_00345,dlk_ext_00155,gob_ext_00280
dlk_proceso_0679;3;gob_tbl_02674,dlk_tbl_00172,gob_tbl_04472;6;gob_tbl_01870,dlk_tbl_00564,gob_tbl_02254,m4sco_ext_00469,dlk_ext_00466,dlk_ext_00618
dlk_proceso_0680;4;m4sco_tbl_00730,gob_tbl_02245,proc_tbl_00644,dlk_tbl_00503;6;dlk_tbl_01716,gob_tbl_04352,dlk_tbl_00882,dlk_ext_00123,dlk_ext_00199,dash_ext_00214
dlk_proceso_0681;6;proc_tbl_03866,dash_tbl_02701,gob_tbl_00723,dash_tbl_02486,gob_tbl_03506,dlk_tbl_03768;11;dlk_tbl_02218,dlk_tbl_03913,proc_tbl_01357,gob_tbl_04309,dlk_tbl_03114,proc_tbl_03594,gob_ext_00448,ppn_ext_00026,proc_ext_00669,std_ext_00579,gob_ext_00064
gob_proceso_0682;5;dlk_tbl_03284,proc_tbl_01498,proc_tbl_02020,gob_tbl_00580,proc_tbl_00781;8;proc_tbl_01205,proc_tbl_03888,gob_tbl_02444,dlk_tbl_02954,gob_tbl_04054,dlk_ext_00298,dlk_ext_00594,dlk_ext_00444
proc_proceso_0683;6;gob_tbl_01506,dlk_tbl_00112,std_tbl_03501,dlk_tbl_02085,m4vw_tbl_04209,dlk_tbl_00658;10;dlk_tbl_04149,dash_tbl_01024,gob_tbl_00888,gob_tbl_00995,proc_tbl_01320,dash_tbl_02319,gob_ext_00585,proc_ext_00255,dlk_ext_00381,gob_ext_00584
dlk_proceso_0684;6;proc_tbl_03342,dlk_tbl_01030,dlk_tbl_03512,std_tbl_03715,dlk_tbl_01967,dlk_tbl_00214;9;dlk_tbl_04454,dlk_tbl_00525,gob_tbl_03354,gob_tbl_01514,dlk_tbl_01162,dash_ext_00160,ppn_ext_00088,dlk_ext_00174,dash_ext_00524
gob_proceso_0685;8;gob_tbl_03809,dlk_tbl_02389,gob_tbl_01481,dlk_tbl_00592,dlk_tbl_01160,dlk_tbl_02115,dlk_tbl_03236,dlk_tbl_01041;24;proc_tbl_01772,gob_tbl_02716,gob_tbl_00129,gob_tbl_03410,dlk_tbl_03150,dlk_tbl_03478,proc_tbl_03446,gob_tbl_00818,dlk_tbl_01531,gob_tbl_02595,dlk_tbl_04275,proc_tbl_03353,gob_tbl_03244,dlk_tbl_03384,dlk_ext_00364,dlk_ext_00198,gob_ext_00440,gob_ext_00064,dlk_ext_00451,dlk_ext_00248,ppn_ext_00396,proc_ext_00355,dlk_ext_00492,dlk_ext_00090
proc_proceso_0686;6;dlk_tbl_00380,dlk_tbl_04441,dlk_tbl_04024,gob_tbl_00834,gob_tbl_00670,gob_tbl_01536;10;dlk_tbl_02776,gob_tbl_01606,dlk_tbl_01778,dlk_tbl_00319,dlk_tbl_03069,gob_tbl_02867,dlk_ext_00122,gob_ext_00178,gob_ext_00448,dlk_ext_00403
dlk_proceso_0687;8;gob_tbl_02261,gob_tbl_02960,gob_tbl_02402,m4vw_tbl_02652,gob_tbl_01073,proc_tbl_01374,proc_tbl_02132,gob_tbl_02638;19;proc_tbl_02906,gob_tbl_03396,gob_tbl_02827,proc_tbl_03832,std_tbl_02733,dash_tbl_04278,proc_tbl_02260,dlk_tbl_00870,dash_tbl_00238,dlk_tbl_02365,dlk_tbl_00397,dlk_ext_00115,gob_ext_00064,dlk_ext_00591,gob_ext_00645,dash_ext_00556,proc_ext_00195,dlk_ext_00618,gob_ext_00457
dlk_proceso_0688;3;dlk_tbl_04222,proc_tbl_03125,dlk_tbl_04203;13;dlk_tbl_03916,dlk_tbl_01971,proc_tbl_01664,dlk_tbl_00705,gob_tbl_02150,gob_tbl_02351,gob_tbl_01220,gob_ext_00630,gob_ext_00131,dlk_ext_00298,dlk_ext_00174,dlk_ext_00187,dash_ext_00524
gob_proceso_0689;6;dash_tbl_02478,gob_tbl_01189,dlk_tbl_04264,dlk_tbl_04337,proc_tbl_02315,proc_tbl_03332;11;dlk_tbl_03534,gob_tbl_04390,dash_tbl_02748,dlk_tbl_01253,m4vw_tbl_03214,gob_tbl_01307,proc_ext_00098,m4sco_ext_00197,gob_ext_00507,dlk_ext_00313,dlk_ext_00433
dlk_proceso_0690;6;dlk_tbl_02000,gob_tbl_03752,gob_tbl_02996,gob_tbl_04292,dash_tbl_03045,gob_tbl_01307;6;dlk_tbl_03295,dlk_tbl_02218,std_tbl_04062,proc_ext_00495,proc_ext_00043,dlk_ext_00054
dash_proceso_0691;4;gob_tbl_03088,dlk_tbl_02842,gob_tbl_00177,dlk_tbl_03480;14;m4sco_tbl_02706,dash_tbl_01999,dlk_tbl_03115,dash_tbl_02538,dash_tbl_03053,proc_tbl_03894,dash_tbl_00081,gob_tbl_00723,gob_ext_00384,dlk_ext_00406,dash_ext_00647,dlk_ext_00362,dlk_ext_00188,dlk_ext_00389
gob_proceso_0692;5;gob_tbl_03379,std_tbl_01872,dlk_tbl_02168,dash_tbl_00790,gob_tbl_03429;14;proc_tbl_02508,dash_tbl_03714,gob_tbl_00752,proc_tbl_01243,std_tbl_03224,gob_tbl_00967,dlk_tbl_02807,gob_tbl_03669,gob_ext_00428,proc_ext_00383,dlk_ext_00635,dlk_ext_00330,gob_ext_00529,dlk_ext_00021
gob_proceso_0693;3;dlk_tbl_03992,gob_tbl_03197,gob_tbl_01934;9;dlk_tbl_00828,dlk_tbl_01702,gob_tbl_01926,proc_tbl_02369,gob_tbl_01307,gob_ext_00483,proc_ext_00508,dash_ext_00025,std_ext_00672
gob_proceso_0694;4;gob_tbl_03015,std_tbl_04450,dlk_tbl_04347,proc_tbl_03252;10;gob_tbl_04108,gob_tbl_00026,proc_tbl_03337,proc_tbl_02041,m4sco_tbl_02821,dlk_tbl_04396,dlk_ext_00250,gob_ext_00127,dash_ext_00524,dlk_ext_00122
dlk_proceso_0695;3;dlk_tbl_00337,dlk_tbl_03900,gob_tbl_01582;13;dlk_tbl_04264,dlk_tbl_03490,gob_tbl_00145,dlk_tbl_01559,dlk_tbl_03129,dlk_tbl_02572,dlk_tbl_03569,gob_ext_00016,dlk_ext_00394,gob_ext_00265,dlk_ext_00552,dlk_ext_00643,gob_ext_00329
dlk_proceso_0696;6;gob_tbl_02963,std_tbl_02552,gob_tbl_00505,dlk_tbl_02113,gob_tbl_00630,dlk_tbl_04131;9;proc_tbl_01496,gob_tbl_02792,proc_tbl_01567,gob_tbl_01726,proc_tbl_03419,dlk_ext_00407,std_ext_00432,gob_ext_00051,dash_ext_00214
proc_proceso_0697;3;gob_tbl_03254,dash_tbl_01398,gob_tbl_01245;4;gob_tbl_00769,gob_tbl_02230,gob_ext_00637,gob_ext_00668
dlk_proceso_0698;4;gob_tbl_02981,std_tbl_01425,m4sco_tbl_02941,gob_tbl_00611;8;dash_tbl_04355,dlk_tbl_02474,gob_tbl_00989,dlk_tbl_01758,gob_tbl_01783,std_ext_00515,gob_ext_00442,dlk_ext_00372
dlk_proceso_0699;2;dlk_tbl_00610,gob_tbl_00745;9;dlk_tbl_04126,dlk_tbl_03817,dlk_tbl_01178,dlk_tbl_02166,gob_tbl_00359,dlk_ext_00417,dash_ext_00568,dlk_ext_00198,gob_ext_00694
dlk_proceso_0700;4;proc_tbl_00354,proc_tbl_03037,proc_tbl_01795,gob_tbl_02838;6;gob_tbl_03852,proc_tbl_03982,dlk_tbl_00857,dlk_ext_00260,gob_ext_00004,gob_ext_00257
dash_proceso_0701;3;gob_tbl_03276,gob_tbl_03149,gob_tbl_02209;6;gob_tbl_04369,gob_tbl_04308,dlk_tbl_01790,dlk_ext_00381,proc_ext_00282,gob_ext_00428
gob_proceso_0702;2;gob_tbl_01450,dlk_tbl_03367;9;dlk_tbl_00587,gob_tbl_02253,gob_tbl_00389,gob_tbl_02996,gob_tbl_02161,dash_ext_00157,proc_ext_00281,dlk_ext_00097,proc_ext_00164
dash_proceso_0703;8;dlk_tbl_03020,dash_tbl_02940,gob_tbl_04040,dash_tbl_02096,dlk_tbl_01257,gob_tbl_01678,gob_tbl_00185,dash_tbl_02133;23;dash_tbl_03791,dlk_tbl_01162,dlk_tbl_03347,gob_tbl_01011,dash_tbl_03659,gob_tbl_01491,proc_tbl_01757,dlk_tbl_01173,dlk_tbl_00915,gob_tbl_01043,proc_tbl_01954,std_tbl_00485,proc_tbl_01700,dlk_ext_00097,gob_ext_00196,gob_ext_00329,proc_ext_00255,gob_ext_00242,gob_ext_00076,dlk_ext_00189,gob_ext_00637,gob_ext_00101,dlk_ext_00494
dash_proceso_0704;8;dash_tbl_03500,dlk_tbl_01955,dlk_tbl_04314,gob_tbl_00704,gob_tbl_02577,dlk_tbl_00915,dash_tbl_02359,gob_tbl_02981;10;dlk_tbl_03972,dash_tbl_01316,proc_tbl_03215,gob_tbl_00520,dlk_tbl_00280,dlk_tbl_01499,dlk_ext_00191,gob_ext_00371,dlk_ext_00551,gob_ext_00038
proc_proceso_0705;6;gob_tbl_00876,dlk_tbl_03042,proc_tbl_02505,gob_tbl_01674,dlk_tbl_03565,gob_tbl_00735;4;gob_tbl_01064,dlk_tbl_02297,proc_ext_00665,gob_ext_00114
dlk_proceso_0706;5;gob_tbl_00889,dash_tbl_00106,dlk_tbl_03756,dlk_tbl_00095,dlk_tbl_04300;15;dash_tbl_00811,gob_tbl_00596,dlk_tbl_02047,ppn_tbl_01833,proc_tbl_03459,proc_tbl_00300,gob_tbl_01082,gob_tbl_03110,gob_tbl_01164,gob_ext_00056,ppn_ext_00088,dlk_ext_00618,proc_ext_00255,dlk_ext_00090,dlk_ext_00054
dlk_proceso_0707;6;dlk_tbl_00777,dash_tbl_00701,gob_tbl_03842,dlk_tbl_00890,dlk_tbl_02747,proc_tbl_02392;11;gob_tbl_04057,gob_tbl_00754,proc_tbl_00020,dlk_tbl_00729,gob_tbl_03294,proc_tbl_01035,dash_ext_00556,gob_ext_00361,dlk_ext_00535,proc_ext_00589,dlk_ext_00232
proc_proceso_0708;5;m4sco_tbl_03575,dlk_tbl_02901,gob_tbl_01246,gob_tbl_02820,dlk_tbl_04332;10;gob_tbl_02746,dlk_tbl_00660,dlk_tbl_03820,gob_tbl_02703,gob_tbl_02078,dlk_tbl_01054,dlk_ext_00188,gob_ext_00049,dlk_ext_00696,dlk_ext_00425
gob_proceso_0709;5;dlk_tbl_02292,dash_tbl_01570,dlk_tbl_00808,dash_tbl_04171,dlk_tbl_03092;15;dlk_tbl_04056,dlk_tbl_01464,gob_tbl_03606,gob_tbl_02253,gob_tbl_04351,dlk_tbl_04385,dlk_tbl_01124,gob_tbl_02095,gob_tbl_02500,proc_ext_00547,gob_ext_00078,proc_ext_00195,proc_ext_00333,gob_ext_00007,dlk_ext_00636
dlk_proceso_0710;4;gob_tbl_04217,dlk_tbl_04153,dash_tbl_02916,gob_tbl_01434;17;gob_tbl_04422,gob_tbl_00843,gob_tbl_02634,dlk_tbl_00737,dash_tbl_01433,gob_tbl_00299,dlk_tbl_04314,dlk_tbl_00599,dlk_tbl_04336,dlk_tbl_01761,gob_ext_00497,dash_ext_00046,dlk_ext_00607,gob_ext_00045,dlk_ext_00625,gob_ext_00645,dlk_ext_00657
proc_proceso_0711;2;dash_tbl_04165,gob_tbl_03481;9;ppn_tbl_02666,dlk_tbl_00740,gob_tbl_01016,gob_tbl_03665,dlk_tbl_04336,gob_ext_00056,proc_ext_00053,std_ext_00435,dash_ext_00586
proc_proceso_0712;6;dlk_tbl_04221,dash_tbl_02286,dlk_tbl_02108,dlk_tbl_04152,gob_tbl_02019,gob_tbl_00791;6;std_tbl_02576,gob_tbl_04250,gob_tbl_02944,gob_ext_00292,dlk_ext_00659,std_ext_00205
dlk_proceso_0713;2;gob_tbl_02759,dash_tbl_01101;4;dlk_tbl_02322,proc_tbl_01580,gob_ext_00329,gob_ext_00280
gob_proceso_0714;2;dlk_tbl_00388,gob_tbl_02236;9;gob_tbl_03310,dlk_tbl_02833,dlk_tbl_02224,proc_tbl_00547,dlk_tbl_04175,dlk_ext_00552,gob_ext_00230,ppn_ext_00083,dlk_ext_00256
gob_proceso_0715;3;m4sco_tbl_01158,dlk_tbl_00209,dlk_tbl_01483;9;dlk_tbl_01875,proc_tbl_01717,gob_tbl_00279,gob_tbl_00389,gob_tbl_01587,proc_ext_00665,m4vw_ext_00337,proc_ext_00238,dlk_ext_00298
gob_proceso_0716;3;gob_tbl_00823,dlk_tbl_01803,dash_tbl_01424;4;gob_tbl_01760,dlk_tbl_01790,std_ext_00545,dash_ext_00447
dash_proceso_0717;5;dlk_tbl_01850,proc_tbl_03860,gob_tbl_02632,std_tbl_01363,gob_tbl_03293;7;gob_tbl_03273,dlk_tbl_03477,gob_tbl_04198,gob_tbl_04122,gob_ext_00209,dlk_ext_00217,proc_ext_00202
gob_proceso_0718;3;dash_tbl_01698,dlk_tbl_04359,gob_tbl_03336;11;dlk_tbl_02170,gob_tbl_00279,gob_tbl_02507,gob_tbl_03100,proc_tbl_03215,dlk_tbl_03726,dlk_ext_00177,dlk_ext_00372,dlk_ext_00129,dash_ext_00317,gob_ext_00051
dlk_proceso_0719;3;proc_tbl_02055,gob_tbl_01380,gob_tbl_01482;13;gob_tbl_03015,proc_tbl_00474,proc_tbl_03008,dlk_tbl_01218,std_tbl_03796,dlk_tbl_00950,proc_tbl_03832,proc_ext_00623,proc_ext_00437,dlk_ext_00505,gob_ext_00262,dlk_ext_00322,proc_ext_00271
gob_proceso_0720;3;dash_tbl_00891,ppn_tbl_02976,proc_tbl_04230;13;dlk_tbl_02547,proc_tbl_01243,gob_tbl_03857,gob_tbl_03028,gob_tbl_01837,gob_tbl_02165,dlk_tbl_00482,gob_ext_00442,gob_ext_00132,dlk_ext_00122,dlk_ext_00376,gob_ext_00278,m4sco_ext_00593
dlk_proceso_0721;6;dlk_tbl_01733,gob_tbl_00695,dlk_tbl_03203,gob_tbl_01438,gob_tbl_03062,gob_tbl_03378;6;proc_tbl_03647,dlk_tbl_03556,dlk_tbl_00385,dash_ext_00405,proc_ext_00508,gob_ext_00426
gob_proceso_0722;4;dlk_tbl_01353,dlk_tbl_00296,dlk_tbl_00094,proc_tbl_01487;4;proc_tbl_01035,dlk_tbl_02643,dlk_ext_00657,dlk_ext_00538
proc_proceso_0723;2;proc_tbl_04109,proc_tbl_01384;7;dlk_tbl_00976,m4sco_tbl_02029,dash_tbl_00895,m4vw_tbl_03443,gob_ext_00186,std_ext_00094,proc_ext_00147
gob_proceso_0724;4;dash_tbl_02889,gob_tbl_03645,gob_tbl_02700,gob_tbl_01593;5;gob_tbl_01236,m4vw_tbl_04065,std_tbl_03355,dlk_ext_00365,proc_ext_00478
gob_proceso_0725;3;m4vw_tbl_00050,gob_tbl_01013,dash_tbl_00118;9;gob_tbl_01922,gob_tbl_02231,dlk_tbl_00826,gob_tbl_03009,dash_tbl_01433,dash_ext_00324,dlk_ext_00391,dash_ext_00524,dlk_ext_00445
gob_proceso_0726;3;dlk_tbl_02228,dash_tbl_00227,dash_tbl_00864;4;gob_tbl_02981,proc_tbl_03518,dlk_ext_00134,gob_ext_00257
gob_proceso_0727;6;dlk_tbl_03004,proc_tbl_00627,dlk_tbl_01716,gob_tbl_00218,proc_tbl_02266,std_tbl_02058;16;proc_tbl_01633,proc_tbl_03261,gob_tbl_02874,gob_tbl_03293,dash_tbl_00714,dlk_tbl_01475,dash_tbl_02039,dlk_tbl_03689,gob_tbl_01380,proc_ext_00345,dash_ext_00405,dlk_ext_00283,dlk_ext_00066,dash_ext_00025,dlk_ext_00237,gob_ext_00592
dlk_proceso_0728;5;dlk_tbl_02467,dlk_tbl_02702,gob_tbl_01040,gob_tbl_04244,dlk_tbl_03212;14;proc_tbl_03866,dlk_tbl_01083,gob_tbl_02231,proc_tbl_03894,gob_tbl_02563,gob_tbl_02521,dlk_tbl_00229,gob_tbl_03111,dash_ext_00465,proc_ext_00658,gob_ext_00606,ppn_ext_00072,dlk_ext_00580,proc_ext_00164
dlk_proceso_0729;6;gob_tbl_03825,proc_tbl_00473,proc_tbl_03265,dlk_tbl_03641,proc_tbl_01641,gob_tbl_01085;9;gob_tbl_04100,proc_tbl_03440,dlk_tbl_04288,gob_tbl_04308,dlk_tbl_02833,dlk_ext_00445,proc_ext_00437,gob_ext_00186,dlk_ext_00323
gob_proceso_0730;2;m4sco_tbl_04190,gob_tbl_03451;9;ppn_tbl_02976,gob_tbl_03923,proc_tbl_01714,m4sco_tbl_01998,dlk_tbl_00063,dash_ext_00338,dlk_ext_00493,gob_ext_00637,dlk_ext_00217
dlk_proceso_0731;6;dlk_tbl_02321,gob_tbl_01601,m4sco_tbl_03616,proc_tbl_03008,dlk_tbl_01821,gob_tbl_03772;13;dlk_tbl_03312,proc_tbl_01063,dlk_tbl_03290,dash_tbl_03803,gob_tbl_01261,gob_tbl_01510,proc_tbl_00212,gob_ext_00112,dlk_ext_00471,gob_ext_00329,dlk_ext_00518,proc_ext_00414,std_ext_00455
proc_proceso_0732;3;dlk_tbl_02017,gob_tbl_00718,proc_tbl_03419;11;dash_tbl_01171,gob_tbl_00595,gob_tbl_02846,gob_tbl_04231,std_tbl_00766,gob_tbl_01934,dash_ext_00229,gob_ext_00487,gob_ext_00070,gob_ext_00292,dlk_ext_00134
dlk_proceso_0733;5;proc_tbl_01721,proc_tbl_04202,gob_tbl_01060,dlk_tbl_02075,proc_tbl_00058;7;proc_tbl_02312,proc_tbl_02490,dlk_tbl_01628,dlk_tbl_00625,gob_ext_00546,dlk_ext_00054,proc_ext_00147
dlk_proceso_0734;3;proc_tbl_00633,dlk_tbl_00939,proc_tbl_02604;12;gob_tbl_01905,dlk_tbl_02234,gob_tbl_03436,gob_tbl_01504,dlk_tbl_01041,dlk_tbl_00128,proc_tbl_03350,dlk_ext_00493,proc_ext_00092,dlk_ext_00313,proc_ext_00273,gob_ext_00423
gob_proceso_0735;5;dlk_tbl_01638,dlk_tbl_04302,proc_tbl_01523,proc_tbl_04107,dash_tbl_02863;13;proc_tbl_03440,proc_tbl_00019,proc_tbl_00781,gob_tbl_03876,gob_tbl_00176,gob_tbl_01922,gob_tbl_00462,dlk_ext_00052,dlk_ext_00154,dlk_ext_00185,gob_ext_00262,dlk_ext_00624,gob_ext_00165
gob_proceso_0736;8;dlk_tbl_03372,dlk_tbl_03199,dlk_tbl_02761,dlk_tbl_00273,proc_tbl_04143,dlk_tbl_00333,gob_tbl_03588,gob_tbl_00462;10;dlk_tbl_01624,dlk_tbl_03334,std_tbl_03637,gob_tbl_01236,dlk_tbl_01030,proc_tbl_00252,dlk_ext_00061,dlk_ext_00021,proc_ext_00053,gob_ext_00460
dlk_proceso_0737;3;gob_tbl_01856,proc_tbl_00593,gob_tbl_03283;13;dlk_tbl_04361,gob_tbl_01515,ppn_tbl_02185,dlk_tbl_03299,gob_tbl_01444,dash_tbl_01084,dlk_tbl_00153,dlk_ext_00653,gob_ext_00107,dlk_ext_00091,dash_ext_00229,gob_ext_00487,proc_ext_00537
proc_proceso_0738;5;std_tbl_00894,proc_tbl_03899,proc_tbl_03268,dlk_tbl_02571,dlk_tbl_02580;4;gob_tbl_01880,gob_tbl_01856,gob_ext_00603,proc_ext_00385
dlk_proceso_0739;2;proc_tbl_01703,dash_tbl_02558;4;dlk_tbl_03488,dlk_tbl_01544,ppn_ext_00072,gob_ext_00584
dlk_proceso_0740;6;gob_tbl_00157,dash_tbl_00364,proc_tbl_02880,proc_tbl_01050,proc_tbl_01014,dlk_tbl_01178;10;gob_tbl_02176,dlk_tbl_02852,dash_tbl_01371,proc_tbl_00931,std_tbl_01044,dlk_tbl_00175,dash_ext_00447,gob_ext_00371,proc_ext_00184,m4sco_ext_00469
gob_proceso_0741;2;dlk_tbl_02855,proc_tbl_01190;6;dlk_tbl_00501,gob_tbl_02046,dlk_tbl_00385,std_ext_00502,proc_ext_00525,dash_ext_00496
proc_proceso_0742;2;dlk_tbl_01851,dlk_tbl_01559;10;m4vw_tbl_00901,dlk_tbl_03074,dlk_tbl_04072,dlk_tbl_00694,dlk_tbl_00113,dlk_tbl_02166,gob_ext_00056,proc_ext_00281,proc_ext_00508,m4sco_ext_00031
gob_proceso_0743;5;dlk_tbl_02087,proc_tbl_03730,dlk_tbl_02327,gob_tbl_02010,gob_tbl_00066;11;dlk_tbl_00621,gob_tbl_01075,proc_tbl_03674,gob_tbl_00417,gob_tbl_03720,proc_tbl_03142,gob_ext_00506,dlk_ext_00356,std_ext_00672,gob_ext_00240,dash_ext_00608
dlk_proceso_0744;2;dlk_tbl_03115,gob_tbl_03770;7;dash_tbl_04060,gob_tbl_02031,m4vw_tbl_03095,dlk_tbl_04302,ppn_ext_00396,dash_ext_00496,ppn_ext_00295
dlk_proceso_0745;3;proc_tbl_00084,gob_tbl_02288,dlk_tbl_02592;12;gob_tbl_01199,proc_tbl_02691,gob_tbl_02283,gob_tbl_03991,dlk_tbl_03928,dlk_tbl_00160,dash_tbl_03389,ppn_ext_00083,gob_ext_00114,std_ext_00032,gob_ext_00506,dlk_ext_00604
dash_proceso_0746;6;dlk_tbl_01692,gob_tbl_04192,dash_tbl_03046,gob_tbl_02792,dlk_tbl_03150,std_tbl_04449;21;gob_tbl_00858,gob_tbl_01444,dlk_tbl_04087,dlk_tbl_02234,dlk_tbl_00599,dlk_tbl_00420,gob_tbl_02745,proc_tbl_00467,ppn_tbl_03765,dash_tbl_00070,gob_tbl_04351,gob_tbl_02254,proc_ext_00633,dlk_ext_00493,dlk_ext_00275,gob_ext_00140,dash_ext_00290,gob_ext_00132,dlk_ext_00688,gob_ext_00209,dlk_ext_00187
dlk_proceso_0747;2;dlk_tbl_00336,std_tbl_02080;9;dlk_tbl_02717,gob_tbl_04086,dlk_tbl_01464,gob_tbl_04064,gob_tbl_02587,gob_ext_00178,dlk_ext_00294,proc_ext_00658,m4vw_ext_00318
proc_proceso_0748;5;gob_tbl_04239,gob_tbl_00967,dlk_tbl_01309,gob_tbl_00588,dlk_tbl_03711;5;gob_tbl_03489,gob_tbl_03526,dlk_tbl_01528,gob_ext_00424,dlk_ext_00692
dlk_proceso_0749;3;proc_tbl_01585,dlk_tbl_00079,dlk_tbl_00803;14;gob_tbl_02181,dlk_tbl_00057,gob_tbl_00991,gob_tbl_03884,gob_tbl_02272,gob_tbl_01010,gob_tbl_02568,dlk_tbl_01139,dash_ext_00110,dlk_ext_00037,ppn_ext_00396,proc_ext_00192,gob_ext_00152,dlk_ext_00372
proc_proceso_0750;5;dash_tbl_03217,dlk_tbl_00284,proc_tbl_02187,dlk_tbl_01962,proc_tbl_03713;8;gob_tbl_03904,gob_tbl_01741,proc_tbl_01684,gob_tbl_02955,dash_tbl_01969,gob_ext_00045,gob_ext_00666,proc_ext_00245
dlk_proceso_0751;4;proc_tbl_01603,dash_tbl_02137,proc_tbl_00437,gob_tbl_02491;12;proc_tbl_00018,dlk_tbl_01530,dash_tbl_02689,dlk_tbl_01249,gob_tbl_02401,dlk_tbl_03918,proc_tbl_03353,dlk_ext_00536,dlk_ext_00174,gob_ext_00204,gob_ext_00104,dlk_ext_00466
proc_proceso_0752;3;dlk_tbl_00113,gob_tbl_02442,gob_tbl_04262;5;dlk_tbl_04168,gob_tbl_03323,dlk_tbl_01126,dlk_ext_00346,dlk_ext_00313
proc_proceso_0753;6;dlk_tbl_02536,dlk_tbl_01823,dlk_tbl_03251,dash_tbl_02888,m4sco_tbl_00855,gob_tbl_00251;15;gob_tbl_00883,proc_tbl_02985,dlk_tbl_03998,proc_tbl_01265,dlk_tbl_03916,gob_tbl_02663,gob_tbl_01658,dlk_tbl_03490,ppn_tbl_00756,gob_ext_00498,dlk_ext_00293,gob_ext_00600,dlk_ext_00390,dlk_ext_00286,dlk_ext_00108
proc_proceso_0754;6;dlk_tbl_01302,gob_tbl_03660,dlk_tbl_01542,proc_tbl_02908,dash_tbl_04013,gob_tbl_01155;9;dlk_tbl_00095,gob_tbl_02272,dlk_tbl_01874,gob_tbl_03420,proc_tbl_04443,gob_ext_00620,dash_ext_00447,gob_ext_00114,gob_ext_00473
dlk_proceso_0755;2;gob_tbl_03363,gob_tbl_04506;6;gob_tbl_03044,gob_tbl_00325,std_tbl_03224,gob_ext_00448,dlk_ext_00571,dash_ext_00023
dash_proceso_0756;2;dlk_tbl_00729,gob_tbl_03827;4;gob_tbl_02987,dlk_tbl_00892,dash_ext_00160,dlk_ext_00054
dlk_proceso_0757;3;dlk_tbl_00778,proc_tbl_00499,dlk_tbl_04338;9;m4vw_tbl_03165,gob_tbl_04444,gob_tbl_02946,dlk_tbl_00353,proc_tbl_03261,dlk_ext_00651,ppn_ext_00083,gob_ext_00575,dlk_ext_00538
dlk_proceso_0758;4;dash_tbl_03247,dlk_tbl_04286,proc_tbl_00149,dlk_tbl_02040;13;proc_tbl_01293,std_tbl_02574,proc_tbl_00451,gob_tbl_03403,ppn_tbl_03408,proc_tbl_01484,proc_tbl_00282,std_ext_00352,gob_ext_00165,dash_ext_00023,dlk_ext_00085,dash_ext_00264,dash_ext_00447
gob_proceso_0759;2;dlk_tbl_01081,dlk_tbl_04265;6;dash_tbl_03077,dlk_tbl_03049,dash_tbl_02656,proc_ext_00355,std_ext_00515,gob_ext_00438
dlk_proceso_0760;5;proc_tbl_01102,gob_tbl_00394,gob_tbl_00033,dlk_tbl_03930,gob_tbl_00954;13;dlk_tbl_01921,gob_tbl_02815,proc_tbl_01384,dlk_tbl_00175,gob_tbl_01995,gob_tbl_00067,dlk_tbl_00261,dash_ext_00556,gob_ext_00329,dlk_ext_00671,dlk_ext_00526,proc_ext_00273,proc_ext_00309
proc_proceso_0761;6;dlk_tbl_03626,gob_tbl_00091,dlk_tbl_03740,gob_tbl_03984,std_tbl_03168,dlk_tbl_02570;8;gob_tbl_00611,gob_tbl_00462,m4vw_tbl_03032,gob_tbl_01307,dash_tbl_03803,dlk_ext_00535,dlk_ext_00177,proc_ext_00382
dlk_proceso_0762;5;gob_tbl_01410,gob_tbl_00506,dlk_tbl_03806,dash_tbl_01824,dlk_tbl_03227;11;m4vw_tbl_01810,gob_tbl_03991,dlk_tbl_02151,proc_tbl_02625,dlk_tbl_00045,dash_tbl_02850,dash_ext_00446,gob_ext_00489,dash_ext_00496,dash_ext_00586,dlk_ext_00635
gob_proceso_0763;6;proc_tbl_02999,dlk_tbl_00680,gob_tbl_01128,proc_tbl_02787,dlk_tbl_00845,proc_tbl_04279;6;gob_tbl_03545,std_tbl_00334,gob_tbl_01136,gob_ext_00055,gob_ext_00426,dlk_ext_00154
proc_proceso_0764;3;dlk_tbl_04493,dash_tbl_00895,gob_tbl_00684;14;gob_tbl_00656,dash_tbl_00743,dlk_tbl_02506,proc_tbl_02490,proc_tbl_03375,dlk_tbl_02643,proc_tbl_02169,dlk_tbl_00206,dash_ext_00160,dlk_ext_00266,dlk_ext_00331,std_ext_00558,gob_ext_00667,dlk_ext_00179
dlk_proceso_0765;3;gob_tbl_00562,dlk_tbl_04173,gob_tbl_03741;9;gob_tbl_00718,proc_tbl_00486,dlk_tbl_00140,dlk_tbl_04295,gob_tbl_02663,gob_ext_00573,proc_ext_00682,dlk_ext_00565,dlk_ext_00591
proc_proceso_0766;6;gob_tbl_01296,proc_tbl_00436,dlk_tbl_01910,dash_tbl_04463,gob_tbl_04169,gob_tbl_01774;10;dlk_tbl_00431,dash_tbl_02421,m4sco_tbl_01820,dash_tbl_01461,dlk_tbl_03992,gob_tbl_04232,gob_ext_00442,proc_ext_00404,gob_ext_00203,proc_ext_00081
dlk_proceso_0767;6;gob_tbl_03403,gob_tbl_01902,dlk_tbl_03539,dlk_tbl_00551,proc_tbl_02989,gob_tbl_01338;6;dlk_tbl_03503,gob_tbl_02507,dash_tbl_03914,std_ext_00689,dlk_ext_00471,m4vw_ext_00452
dash_proceso_0768;5;gob_tbl_02699,proc_tbl_00940,dash_tbl_01752,dlk_tbl_04367,dlk_tbl_01660;17;proc_tbl_00449,gob_tbl_03946,gob_tbl_00560,std_tbl_04010,dlk_tbl_04257,dash_tbl_03943,gob_tbl_02116,gob_tbl_01025,proc_tbl_00517,gob_tbl_04352,gob_ext_00075,dash_ext_00647,gob_ext_00361,dash_ext_00289,ppn_ext_00664,gob_ext_00360,gob_ext_00388
proc_proceso_0769;6;gob_tbl_04250,dlk_tbl_00514,dash_tbl_00059,gob_tbl_02892,dash_tbl_02249,gob_tbl_01152;10;gob_tbl_00090,proc_tbl_04471,proc_tbl_02875,gob_tbl_03112,dlk_tbl_03082,gob_tbl_00292,dash_ext_00229,dlk_ext_00166,dash_ext_00446,dash_ext_00305
dlk_proceso_0770;4;dash_tbl_00873,gob_tbl_03420,ppn_tbl_03765,gob_tbl_04160;5;std_tbl_00485,proc_tbl_01455,dlk_tbl_00538,dlk_ext_00470,dlk_ext_00467
gob_proceso_0771;7;dlk_tbl_01768,proc_tbl_02445,dlk_tbl_03684,gob_tbl_03699,dlk_tbl_01702,gob_tbl_02351,gob_tbl_00243;6;dlk_tbl_03114,proc_tbl_04115,dlk_tbl_00120,ppn_ext_00342,proc_ext_00602,dlk_ext_00391
dlk_proceso_0772;2;proc_tbl_02032,dlk_tbl_00602;6;dlk_tbl_01230,proc_tbl_02604,proc_tbl_01703,gob_ext_00384,dash_ext_00046,gob_ext_00056
dash_proceso_0773;2;m4vw_tbl_03032,gob_tbl_04031;9;dlk_tbl_01876,gob_tbl_01360,dlk_tbl_00272,dlk_tbl_02325,dlk_tbl_04133,gob_ext_00485,gob_ext_00645,proc_ext_00027,proc_ext_00043
dlk_proceso_0774;4;dlk_tbl_01292,dash_tbl_02284,gob_tbl_00390,dlk_tbl_01054;11;proc_tbl_00786,dlk_tbl_03532,proc_tbl_00908,gob_tbl_03122,dlk_tbl_01877,dlk_tbl_00069,std_ext_00148,dlk_ext_00574,gob_ext_00544,dlk_ext_00443,dash_ext_00446
dlk_proceso_0775;5;dlk_tbl_00461,dlk_tbl_04299,dlk_tbl_00619,dlk_tbl_04362,dlk_tbl_01394;15;gob_tbl_01082,dlk_tbl_01771,dlk_tbl_00182,gob_tbl_04352,gob_tbl_02037,dlk_tbl_02910,gob_tbl_01221,gob_tbl_03721,gob_tbl_02960,dash_ext_00608,gob_ext_00637,dlk_ext_00108,dash_ext_00015,dlk_ext_00372,dlk_ext_00347
dlk_proceso_0776;3;gob_tbl_03601,gob_tbl_02650,dlk_tbl_01569;8;gob_tbl_03085,proc_tbl_01077,dlk_tbl_01381,dlk_tbl_03082,proc_tbl_03332,dash_ext_00025,dlk_ext_00403,gob_ext_00064
proc_proceso_0777;4;dlk_tbl_01682,proc_tbl_03061,dlk_tbl_02618,gob_tbl_00426;7;dlk_tbl_01446,gob_tbl_03920,proc_tbl_01063,dlk_tbl_01557,dlk_ext_00653,gob_ext_00485,dlk_ext_00254
dash_proceso_0778;5;gob_tbl_01235,gob_tbl_01776,dlk_tbl_03572,dash_tbl_03732,dlk_tbl_00482;13;gob_tbl_02655,proc_tbl_03583,gob_tbl_03600,dlk_tbl_00856,gob_tbl_00394,dlk_tbl_04111,dlk_tbl_03272,dash_ext_00303,std_ext_00545,dlk_ext_00301,proc_ext_00171,gob_ext_00619,dlk_ext_00535
dlk_proceso_0779;4;proc_tbl_01340,dlk_tbl_01168,proc_tbl_04002,dash_tbl_01084;6;gob_tbl_04051,dlk_tbl_01511,gob_tbl_02841,dlk_ext_00526,dlk_ext_00641,gob_ext_00601
proc_proceso_0780;3;dash_tbl_00207,proc_tbl_03145,dlk_tbl_02564;4;gob_tbl_02492,gob_tbl_02943,proc_ext_00681,m4sco_ext_00469
dlk_proceso_0781;7;dlk_tbl_03301,dlk_tbl_00922,dlk_tbl_02776,dlk_tbl_02367,dash_tbl_03210,dlk_tbl_03704,dash_tbl_02531;9;gob_tbl_02827,gob_tbl_02588,gob_tbl_04358,dlk_tbl_02135,gob_tbl_02792,gob_ext_00438,proc_ext_00437,dash_ext_00321,dlk_ext_00217
gob_proceso_0782;7;gob_tbl_03462,dlk_tbl_04480,dash_tbl_02487,dlk_tbl_02074,proc_tbl_04357,std_tbl_04118,gob_tbl_02791;10;gob_tbl_02466,dlk_tbl_02717,dlk_tbl_01337,dlk_tbl_02646,dash_tbl_02845,gob_tbl_04183,proc_ext_00325,gob_ext_00561,dash_ext_00214,gob_ext_00117
dlk_proceso_0783;5;gob_tbl_01032,dash_tbl_03193,gob_tbl_03980,std_tbl_00162,dlk_tbl_01176;12;dlk_tbl_02214,std_tbl_04010,gob_tbl_04470,proc_tbl_03553,dlk_tbl_01950,gob_tbl_00076,dlk_tbl_00525,proc_ext_00531,proc_ext_00478,gob_ext_00075,dash_ext_00025,proc_ext_00677
gob_proceso_0784;3;dlk_tbl_02991,gob_tbl_02356,dlk_tbl_03949;8;dlk_tbl_01589,dlk_tbl_00346,gob_tbl_03683,dlk_tbl_00599,gob_tbl_04074,dlk_ext_00651,gob_ext_00667,gob_ext_00683
gob_proceso_0785;4;gob_tbl_03669,dlk_tbl_03250,gob_tbl_04343,gob_tbl_02878;12;dlk_tbl_01882,gob_tbl_03640,dlk_tbl_00668,dlk_tbl_03596,gob_tbl_02191,m4sco_tbl_00544,proc_tbl_02414,dlk_ext_00304,proc_ext_00665,dlk_ext_00125,std_ext_00435,dlk_ext_00097
dlk_proceso_0786;5;proc_tbl_01288,dlk_tbl_03128,m4vw_tbl_00901,proc_tbl_02545,dash_tbl_03924;19;dash_tbl_04135,dlk_tbl_02608,proc_tbl_03444,dlk_tbl_01992,dash_tbl_03997,ppn_tbl_00641,gob_tbl_02303,gob_tbl_00152,m4sco_tbl_02029,gob_tbl_04255,dlk_tbl_03550,dlk_ext_00125,dlk_ext_00254,ppn_ext_00088,proc_ext_00669,dash_ext_00524,dlk_ext_00341,gob_ext_00584,gob_ext_00438
gob_proceso_0787;3;proc_tbl_00255,proc_tbl_00174,gob_tbl_03354;4;dlk_tbl_02145,gob_tbl_01164,dash_ext_00235,gob_ext_00230
dlk_proceso_0788;4;m4vw_tbl_00798,proc_tbl_00285,m4sco_tbl_01927,proc_tbl_01864;10;proc_tbl_03712,gob_tbl_03099,dash_tbl_04151,dlk_tbl_04274,gob_tbl_02515,gob_tbl_00858,dlk_ext_00052,gob_ext_00379,gob_ext_00117,proc_ext_00043
dlk_proceso_0789;6;proc_tbl_00663,proc_tbl_04293,dlk_tbl_02502,gob_tbl_01799,dlk_tbl_03797,gob_tbl_00228;10;gob_tbl_04435,proc_tbl_04172,gob_tbl_03063,proc_tbl_03444,gob_tbl_04317,ppn_tbl_04258,dlk_ext_00625,gob_ext_00457,proc_ext_00589,proc_ext_00333
dlk_proceso_0790;3;gob_tbl_04240,dlk_tbl_04206,gob_tbl_03703;11;gob_tbl_03436,gob_tbl_02014,gob_tbl_02272,gob_tbl_02447,dash_tbl_02003,dash_tbl_00701,dash_ext_00160,dlk_ext_00304,dlk_ext_00686,m4vw_ext_00514,dlk_ext_00652
proc_proceso_0791;6;proc_tbl_02371,dlk_tbl_03799,dlk_tbl_00192,dlk_tbl_00802,dlk_tbl_04405,ppn_tbl_03408;21;gob_tbl_02543,gob_tbl_03455,dlk_tbl_01860,dlk_tbl_03529,std_tbl_04290,dash_tbl_00613,proc_tbl_03097,dlk_tbl_02633,gob_tbl_01804,proc_tbl_01871,dlk_tbl_03231,dash_tbl_02101,gob_ext_00428,gob_ext_00117,dash_ext_00268,gob_ext_00529,dash_ext_00143,dlk_ext_00185,gob_ext_00262,dlk_ext_00011,dlk_ext_00618
dash_proceso_0792;3;gob_tbl_02111,proc_tbl_00019,gob_tbl_01701;13;gob_tbl_01305,gob_tbl_02254,dlk_tbl_00760,gob_tbl_04277,proc_tbl_03945,dlk_tbl_04102,dlk_tbl_03384,gob_ext_00014,dlk_ext_00607,gob_ext_00473,gob_ext_00559,dlk_ext_00277,dlk_ext_00018
dlk_proceso_0793;5;std_tbl_03834,proc_tbl_01179,gob_tbl_03388,gob_tbl_00155,gob_tbl_02328;7;gob_tbl_02194,gob_tbl_04089,dlk_tbl_01763,dlk_tbl_03387,gob_ext_00302,dlk_ext_00635,gob_ext_00482
gob_proceso_0794;7;dlk_tbl_02441,dlk_tbl_00605,dlk_tbl_02086,dlk_tbl_01022,dash_tbl_00609,dash_tbl_01375,gob_tbl_00560;4;dlk_tbl_03702,gob_tbl_03825,m4sco_ext_00656,dlk_ext_00185
gob_proceso_0795;4;proc_tbl_02778,proc_tbl_02271,proc_tbl_04466,gob_tbl_01983;6;proc_tbl_02104,dlk_tbl_00035,gob_tbl_04250,dlk_ext_00676,dlk_ext_00654,ppn_ext_00664
gob_proceso_0796;2;dlk_tbl_00438,dlk_tbl_01695;5;dlk_tbl_01530,dash_tbl_00156,dlk_tbl_02683,gob_ext_00506,gob_ext_00379
dlk_proceso_0797;3;gob_tbl_03650,dlk_tbl_01333,dlk_tbl_03040;8;dlk_tbl_04437,proc_tbl_03583,proc_tbl_03195,proc_tbl_03982,gob_tbl_00109,dash_ext_00305,gob_ext_00485,dlk_ext_00061
gob_proceso_0798;6;dlk_tbl_04385,gob_tbl_04345,gob_tbl_00566,gob_tbl_01842,dash_tbl_00714,dlk_tbl_04096;16;gob_tbl_02959,dlk_tbl_00023,dlk_tbl_01877,dlk_tbl_03299,proc_tbl_00593,gob_tbl_02247,gob_tbl_00464,dlk_tbl_00361,gob_tbl_00695,gob_ext_00152,dlk_ext_00163,m4vw_ext_00514,gob_ext_00629,gob_ext_00488,dlk_ext_00582,gob_ext_00019
gob_proceso_0799;6;dlk_tbl_03880,gob_tbl_03627,dlk_tbl_01528,proc_tbl_02734,dash_tbl_04495,dlk_tbl_02978;6;gob_tbl_02639,gob_tbl_03335,dlk_tbl_00063,gob_ext_00438,gob_ext_00280,gob_ext_00587
dash_proceso_0800;2;dlk_tbl_03928,proc_tbl_01427;10;dlk_tbl_01950,dlk_tbl_00369,gob_tbl_03746,dash_tbl_02002,dlk_tbl_04136,dlk_tbl_03785,gob_ext_00017,gob_ext_00450,gob_ext_00637,dlk_ext_00128
dash_proceso_0801;5;gob_tbl_03544,std_tbl_03796,ppn_tbl_04258,gob_tbl_00936,gob_tbl_00307;5;dlk_tbl_00980,gob_tbl_04122,gob_tbl_00323,gob_ext_00684,dlk_ext_00162
dlk_proceso_0802;3;gob_tbl_00158,dlk_tbl_03475,dlk_tbl_01372;9;gob_tbl_00029,dlk_tbl_02265,dlk_tbl_01162,proc_tbl_04321,dlk_tbl_03456,gob_ext_00019,dlk_ext_00443,ppn_ext_00083,dlk_ext_00091
dlk_proceso_0803;3;gob_tbl_03629,gob_tbl_03207,gob_tbl_03370;13;dlk_tbl_03757,proc_tbl_01829,gob_tbl_03357,gob_tbl_00932,proc_tbl_00947,gob_tbl_03955,gob_tbl_02563,proc_ext_00449,gob_ext_00267,dlk_ext_00162,gob_ext_00645,gob_ext_00262,proc_ext_00001
gob_proceso_0804;6;dlk_tbl_01103,dlk_tbl_00223,dlk_tbl_00913,gob_tbl_02054,proc_tbl_03966,gob_tbl_03057;9;dlk_tbl_03582,gob_tbl_00815,gob_tbl_03627,proc_tbl_02734,proc_tbl_01386,gob_ext_00428,dlk_ext_00296,gob_ext_00460,dash_ext_00047
gob_proceso_0805;6;m4vw_tbl_03851,dlk_tbl_00487,dlk_tbl_02865,dlk_tbl_03651,dash_tbl_00585,dlk_tbl_04229;15;gob_tbl_01943,proc_tbl_02985,gob_tbl_02981,proc_tbl_03037,dlk_tbl_00757,gob_tbl_02687,dlk_tbl_01092,m4vw_tbl_00455,dlk_tbl_01546,proc_ext_00404,gob_ext_00176,proc_ext_00271,gob_ext_00438,dlk_ext_00142,dlk_ext_00037
dlk_proceso_0806;8;proc_tbl_01065,gob_tbl_03331,gob_tbl_00002,gob_tbl_02642,proc_tbl_02730,dlk_tbl_03971,gob_tbl_00384,dlk_tbl_01238;6;dash_tbl_00534,dlk_tbl_02858,dlk_tbl_04206,dlk_ext_00477,dlk_ext_00357,dlk_ext_00294
dlk_proceso_0807;6;dlk_tbl_00387,proc_tbl_04208,proc_tbl_03380,m4sco_tbl_02755,gob_tbl_04191,m4vw_tbl_04037;10;proc_tbl_02737,dlk_tbl_04464,dlk_tbl_03274,proc_tbl_01241,dash_tbl_03566,proc_tbl_04279,proc_ext_00596,dlk_ext_00512,dlk_ext_00624,gob_ext_00415
gob_proceso_0808;6;gob_tbl_02324,gob_tbl_00205,gob_tbl_04259,gob_tbl_02201,dash_tbl_00412,dlk_tbl_00338;6;gob_tbl_03665,dlk_tbl_04493,gob_tbl_02443,dlk_ext_00066,gob_ext_00087,dlk_ext_00182
dlk_proceso_0809;4;gob_tbl_01312,dlk_tbl_00705,proc_tbl_01583,proc_tbl_02128;9;proc_tbl_01241,proc_tbl_00151,dlk_tbl_02825,dlk_tbl_02986,dlk_tbl_03150,std_ext_00672,proc_ext_00596,std_ext_00545,proc_ext_00043
dlk_proceso_0810;7;gob_tbl_02744,gob_tbl_00468,dash_tbl_04268,dlk_tbl_02179,dlk_tbl_00502,m4sco_tbl_02637,gob_tbl_03060;9;gob_tbl_01844,m4vw_tbl_02769,dash_tbl_01219,proc_tbl_01439,dlk_tbl_00549,gob_ext_00343,gob_ext_00630,dlk_ext_00622,dlk_ext_00512
dlk_proceso_0811;3;dlk_tbl_02973,dlk_tbl_03047,gob_tbl_01005;11;dlk_tbl_02852,proc_tbl_03142,dlk_tbl_00587,gob_tbl_00774,dlk_tbl_02582,gob_tbl_03536,dash_ext_00586,proc_ext_00383,gob_ext_00440,proc_ext_00665,gob_ext_00575
gob_proceso_0812;3;m4sco_tbl_01193,std_tbl_00739,gob_tbl_02048;6;ppn_tbl_02945,gob_tbl_02463,dlk_tbl_01564,gob_ext_00497,dlk_ext_00643,gob_ext_00415
dlk_proceso_0813;6;gob_tbl_02956,proc_tbl_00030,dlk_tbl_02142,gob_tbl_02995,dash_tbl_00121,dlk_tbl_01289;9;dlk_tbl_00284,gob_tbl_03110,gob_tbl_00472,gob_tbl_02688,dlk_tbl_01079,dlk_ext_00250,gob_ext_00261,gob_ext_00483,dash_ext_00446
dlk_proceso_0814;5;gob_tbl_00254,gob_tbl_00974,proc_tbl_01298,gob_tbl_01994,dash_tbl_01250;8;gob_tbl_03198,dash_tbl_00920,dlk_tbl_00385,dlk_tbl_02170,proc_tbl_03966,gob_ext_00645,dlk_ext_00250,dlk_ext_00189
proc_proceso_0815;4;std_tbl_01568,std_tbl_03551,dlk_tbl_04117,gob_tbl_03029;6;gob_tbl_01985,gob_tbl_00510,dlk_tbl_02564,gob_ext_00267,dlk_ext_00551,dlk_ext_00652
proc_proceso_0816;5;gob_tbl_00632,dlk_tbl_00062,proc_tbl_00631,proc_tbl_00189,gob_tbl_00292;8;dlk_tbl_03049,proc_tbl_03862,dlk_tbl_01090,dlk_tbl_01114,gob_tbl_01305,dlk_ext_00005,dlk_ext_00294,dash_ext_00151
proc_proceso_0817;2;gob_tbl_01195,dlk_tbl_03075;20;m4sco_tbl_03716,gob_tbl_03697,dash_tbl_04015,gob_tbl_02419,gob_tbl_03703,dlk_tbl_01157,dash_tbl_04226,dlk_tbl_02871,dash_tbl_00003,dlk_tbl_01061,gob_tbl_00772,gob_tbl_03558,gob_ext_00694,dlk_ext_00166,dash_ext_00241,dlk_ext_00054,dlk_ext_00591,std_ext_00224,proc_ext_00147,gob_ext_00415
gob_proceso_0818;6;dlk_tbl_00982,dash_tbl_01478,dlk_tbl_03863,gob_tbl_01167,dlk_tbl_03482,dlk_tbl_03324;6;proc_tbl_04443,std_tbl_01550,gob_tbl_02242,gob_ext_00587,std_ext_00572,proc_ext_00022
proc_proceso_0819;5;dlk_tbl_00852,dash_tbl_02793,m4vw_tbl_03443,proc_tbl_02278,gob_tbl_01018;5;dash_tbl_04481,m4vw_tbl_03889,dlk_tbl_00361,gob_ext_00350,dlk_ext_00364
gob_proceso_0820;5;gob_tbl_02923,dlk_tbl_01330,dlk_tbl_02149,gob_tbl_01838,gob_tbl_02912;10;dlk_tbl_03488,proc_tbl_02342,gob_tbl_00331,dlk_tbl_00737,gob_tbl_04192,gob_tbl_02984,dlk_ext_00552,gob_ext_00507,dlk_ext_00691,gob_ext_00019
gob_proceso_0821;4;proc_tbl_02071,proc_tbl_02862,dlk_tbl_00875,dlk_tbl_01793;6;dlk_tbl_01843,dlk_tbl_04094,gob_tbl_00034,dlk_ext_00158,dlk_ext_00389,dlk_ext_00177
proc_proceso_0822;4;gob_tbl_03721,dash_tbl_01142,m4vw_tbl_04323,dash_tbl_00081;10;gob_tbl_03792,dlk_tbl_04496,gob_tbl_02274,gob_tbl_03629,dlk_tbl_01845,dlk_tbl_02599,gob_ext_00006,dlk_ext_00054,dash_ext_00501,proc_ext_00246
proc_proceso_0823;4;dlk_tbl_03161,m4sco_tbl_00536,dlk_tbl_04128,dlk_tbl_02393;7;dash_tbl_04171,dlk_tbl_01279,dlk_tbl_00707,proc_tbl_01265,proc_ext_00495,dlk_ext_00091,std_ext_00558
proc_proceso_0824;5;dlk_tbl_01778,proc_tbl_03594,dlk_tbl_03951,gob_tbl_03391,gob_tbl_01515;13;dlk_tbl_03478,gob_tbl_03127,proc_tbl_03888,proc_tbl_04075,dlk_tbl_03405,dlk_tbl_03490,dlk_tbl_01206,gob_ext_00230,dlk_ext_00622,gob_ext_00361,gob_ext_00450,gob_ext_00371,gob_ext_00117
proc_proceso_0825;7;dlk_tbl_00831,gob_tbl_00851,proc_tbl_03674,gob_tbl_00583,gob_tbl_04392,gob_tbl_03882,proc_tbl_02750;9;proc_tbl_01179,dash_tbl_03791,proc_tbl_02069,gob_tbl_00818,dash_tbl_03938,dlk_ext_00519,dlk_ext_00199,gob_ext_00112,gob_ext_00334
proc_proceso_0826;3;dlk_tbl_02879,proc_tbl_00391,gob_tbl_01679;12;dlk_tbl_03334,dlk_tbl_01972,dlk_tbl_03928,dlk_tbl_00721,dlk_tbl_00983,gob_tbl_02896,proc_tbl_01472,dash_ext_00046,proc_ext_00437,gob_ext_00634,dlk_ext_00662,dlk_ext_00676
proc_proceso_0827;6;dlk_tbl_02643,gob_tbl_01301,dlk_tbl_01349,proc_tbl_00467,dlk_tbl_01470,dlk_tbl_02555;10;proc_tbl_00252,dlk_tbl_00493,dlk_tbl_00951,dash_tbl_00790,proc_tbl_00830,dlk_tbl_02641,gob_ext_00050,gob_ext_00051,dlk_ext_00429,dash_ext_00151
gob_proceso_0828;6;ppn_tbl_03580,gob_tbl_01397,gob_tbl_03813,dlk_tbl_00265,dlk_tbl_00163,proc_tbl_00320;10;gob_tbl_01380,gob_tbl_01690,gob_tbl_03023,gob_tbl_03852,dlk_tbl_01919,gob_tbl_00144,gob_ext_00343,dash_ext_00264,dlk_ext_00020,dlk_ext_00115
gob_proceso_0829;4;dlk_tbl_03800,proc_tbl_03195,dlk_tbl_01921,proc_tbl_00981;10;dlk_tbl_01090,proc_tbl_02343,gob_tbl_01151,gob_tbl_03879,dlk_tbl_01602,dlk_tbl_00181,gob_ext_00225,gob_ext_00004,dlk_ext_00037,ppn_ext_00396
dlk_proceso_0830;7;gob_tbl_04291,gob_tbl_03661,gob_tbl_01135,gob_tbl_03657,proc_tbl_01871,gob_tbl_03595,dlk_tbl_03105;20;dlk_tbl_00160,dlk_tbl_00660,gob_tbl_04086,gob_tbl_00993,proc_tbl_02278,gob_tbl_03358,dlk_tbl_02040,dlk_tbl_02747,proc_tbl_04125,gob_tbl_04249,dlk_tbl_00095,gob_tbl_04255,dlk_ext_00185,gob_ext_00481,gob_ext_00209,ppn_ext_00664,proc_ext_00437,dlk_ext_00341,dash_ext_00290,dlk_ext_00162
gob_proceso_0831;4;gob_tbl_01883,dlk_tbl_02698,gob_tbl_01009,dlk_tbl_04126;7;gob_tbl_04350,dlk_tbl_02555,proc_tbl_00784,dlk_tbl_02295,dlk_ext_00250,proc_ext_00175,ppn_ext_00026
proc_proceso_0832;6;ppn_tbl_02805,gob_tbl_01486,dlk_tbl_01786,dash_tbl_04081,proc_tbl_03492,dash_tbl_00637;6;gob_tbl_03700,dlk_tbl_02389,dlk_tbl_02591,dlk_ext_00187,gob_ext_00009,dash_ext_00110
dlk_proceso_0833;2;std_tbl_00119,gob_tbl_00339;8;gob_tbl_03775,proc_tbl_00559,proc_tbl_00362,gob_tbl_00693,gob_tbl_01756,proc_ext_00043,proc_ext_00495,dlk_ext_00301
dlk_proceso_0834;5;proc_tbl_02762,dlk_tbl_03541,proc_tbl_01909,dlk_tbl_02112,dash_tbl_04226;8;gob_tbl_00874,dash_tbl_04151,dlk_tbl_02004,proc_tbl_04471,gob_tbl_02612,gob_ext_00487,dlk_ext_00034,gob_ext_00064
dlk_proceso_0835;5;dlk_tbl_03017,dash_tbl_02280,proc_tbl_04075,gob_tbl_00465,dlk_tbl_00105;12;dash_tbl_02581,proc_tbl_00343,gob_tbl_00348,std_tbl_01363,dlk_tbl_04478,dlk_tbl_03395,m4vw_tbl_01713,proc_ext_00633,proc_ext_00282,gob_ext_00386,dash_ext_00252,m4vw_ext_00452
dash_proceso_0836;3;gob_tbl_00928,gob_tbl_01080,proc_tbl_01035;9;gob_tbl_03300,gob_tbl_02704,dlk_tbl_04413,dlk_tbl_01389,dlk_tbl_02335,proc_ext_00681,dlk_ext_00115,gob_ext_00386,gob_ext_00485
proc_proceso_0837;5;proc_tbl_00931,dlk_tbl_03989,gob_tbl_02836,dlk_tbl_00134,dlk_tbl_00960;14;dlk_tbl_01680,proc_tbl_01869,gob_tbl_00907,dash_tbl_00813,std_tbl_00441,m4vw_tbl_04037,dlk_tbl_02743,proc_tbl_01537,dlk_ext_00526,gob_ext_00045,dlk_ext_00161,gob_ext_00609,gob_ext_00630,dash_ext_00412
dlk_proceso_0838;8;gob_tbl_01305,gob_tbl_01789,dash_tbl_02039,dlk_tbl_03845,proc_tbl_01087,gob_tbl_02139,gob_tbl_01029,ppn_tbl_00146;19;proc_tbl_03518,dlk_tbl_03992,gob_tbl_02923,gob_tbl_04280,proc_tbl_03170,dlk_tbl_01569,gob_tbl_00424,proc_tbl_04028,dlk_tbl_00235,dash_tbl_01285,dlk_tbl_02166,dlk_ext_00215,dlk_ext_00394,gob_ext_00041,gob_ext_00460,dlk_ext_00346,std_ext_00170,dlk_ext_00122,dlk_ext_00564
dlk_proceso_0839;4;dlk_tbl_01694,proc_tbl_00724,dlk_tbl_01210,dlk_tbl_00098;7;dash_tbl_00495,gob_tbl_03273,gob_tbl_01632,gob_tbl_03994,dlk_ext_00643,proc_ext_00547,gob_ext_00438
gob_proceso_0840;6;proc_tbl_04092,dash_tbl_04282,gob_tbl_04434,proc_tbl_00847,gob_tbl_02094,dlk_tbl_02971;16;m4vw_tbl_00219,dlk_tbl_01000,dlk_tbl_03071,dlk_tbl_03129,dlk_tbl_04136,gob_tbl_01539,gob_tbl_02525,proc_tbl_03097,gob_tbl_03385,proc_ext_00646,gob_ext_00598,proc_ext_00670,dlk_ext_00605,dlk_ext_00189,gob_ext_00038,proc_ext_00043
gob_proceso_0841;4;proc_tbl_03814,dlk_tbl_00937,proc_tbl_00342,dlk_tbl_03219;9;ppn_tbl_03580,dash_tbl_00701,dlk_tbl_02397,proc_tbl_01190,dlk_tbl_01079,gob_ext_00045,gob_ext_00416,gob_ext_00398,gob_ext_00075
gob_proceso_0842;8;gob_tbl_02984,gob_tbl_00806,dash_tbl_03401,gob_tbl_03606,dlk_tbl_02099,dash_tbl_01813,proc_tbl_01622,dlk_tbl_04178;14;dash_tbl_00963,dash_tbl_01024,gob_tbl_03822,gob_tbl_04403,dlk_tbl_00057,dash_tbl_01109,gob_tbl_01284,gob_tbl_00302,gob_ext_00009,dlk_ext_00443,gob_ext_00487,proc_ext_00665,gob_ext_00075,proc_ext_00171
dlk_proceso_0843;4;gob_tbl_02279,gob_tbl_01423,dlk_tbl_02448,proc_tbl_03183;10;dash_tbl_03517,dlk_tbl_02640,proc_tbl_01487,dlk_tbl_02200,gob_tbl_03835,dlk_tbl_03090,proc_ext_00255,gob_ext_00539,gob_ext_00627,std_ext_00352
gob_proceso_0844;3;std_tbl_02673,gob_tbl_01619,dlk_tbl_00980;13;gob_tbl_01412,gob_tbl_04390,proc_tbl_00558,gob_tbl_03953,dlk_tbl_01396,gob_tbl_03629,dlk_tbl_03780,gob_ext_00113,gob_ext_00655,gob_ext_00329,gob_ext_00059,gob_ext_00226,dlk_ext_00466
dlk_proceso_0845;5;gob_tbl_00101,dlk_tbl_04134,proc_tbl_02414,proc_tbl_00887,proc_tbl_04474;8;gob_tbl_02786,dlk_tbl_02059,gob_tbl_02497,dlk_tbl_00802,dash_tbl_02661,dash_ext_00447,gob_ext_00351,gob_ext_00101
proc_proceso_0846;4;gob_tbl_03005,dash_tbl_03760,gob_tbl_01220,gob_tbl_04036;13;gob_tbl_04423,dash_tbl_02689,proc_tbl_00499,dlk_tbl_04412,gob_tbl_02981,dlk_tbl_02641,proc_tbl_04101,gob_ext_00694,dash_ext_00524,dlk_ext_00466,dlk_ext_00456,proc_ext_00658,proc_ext_00437
dlk_proceso_0847;6;gob_tbl_03267,dash_tbl_04193,dlk_tbl_04372,dlk_tbl_03405,gob_tbl_02537,proc_tbl_01275;4;proc_tbl_03263,dlk_tbl_03229,proc_ext_00682,dlk_ext_00108
dlk_proceso_0848;5;dash_tbl_00749,gob_tbl_03942,dlk_tbl_03069,dlk_tbl_00083,proc_tbl_03982;14;dlk_tbl_03190,gob_tbl_03855,dlk_tbl_00244,dlk_tbl_04056,ppn_tbl_00641,dlk_tbl_00064,gob_tbl_00968,dash_tbl_01911,gob_ext_00004,proc_ext_00589,gob_ext_00655,dlk_ext_00445,dash_ext_00568,dlk_ext_00125
dlk_proceso_0849;4;dash_tbl_03791,proc_tbl_02601,dlk_tbl_01758,dlk_tbl_00949;10;proc_tbl_01487,gob_tbl_01994,proc_tbl_02517,gob_tbl_03669,dlk_tbl_04126,dash_tbl_03424,std_ext_00672,dlk_ext_00686,dlk_ext_00123,dlk_ext_00296
dlk_proceso_0850;4;dash_tbl_00017,m4sco_tbl_02722,dlk_tbl_00867,gob_tbl_00965;7;gob_tbl_00089,std_tbl_04158,proc_tbl_01960,proc_tbl_01991,gob_ext_00176,gob_ext_00371,gob_ext_00426
dlk_proceso_0851;6;dash_tbl_03322,gob_tbl_02009,gob_tbl_01554,gob_tbl_01214,proc_tbl_03317,gob_tbl_00597;5;proc_tbl_02392,dlk_tbl_00778,dlk_tbl_03334,gob_ext_00000,gob_ext_00627
gob_proceso_0852;5;dash_tbl_03914,dlk_tbl_04023,dlk_tbl_02341,ppn_tbl_03442,gob_tbl_02665;9;dlk_tbl_00195,dlk_tbl_01590,dlk_tbl_02471,proc_tbl_00342,proc_tbl_00020,gob_ext_00140,gob_ext_00575,gob_ext_00099,gob_ext_00694
proc_proceso_0853;8;dlk_tbl_00575,proc_tbl_01147,proc_tbl_00947,gob_tbl_03818,dlk_tbl_01507,proc_tbl_03209,dlk_tbl_01165,gob_tbl_04419;23;dlk_tbl_03219,dlk_tbl_03926,dlk_tbl_00915,dlk_tbl_00960,dlk_tbl_03204,gob_tbl_02031,dash_tbl_03038,dlk_tbl_00911,gob_tbl_02024,dlk_tbl_03299,dlk_tbl_01162,dlk_tbl_02400,dlk_tbl_03115,gob_ext_00668,dlk_ext_00470,std_ext_00352,dlk_ext_00054,dlk_ext_00436,gob_ext_00009,gob_ext_00350,dash_ext_00264,dlk_ext_00093,gob_ext_00473
dash_proceso_0854;7;gob_tbl_02015,gob_tbl_04398,gob_tbl_01359,proc_tbl_00051,dlk_tbl_03460,dlk_tbl_01565,dlk_tbl_00533;9;dlk_tbl_03464,dlk_tbl_03330,gob_tbl_01011,gob_tbl_00884,dlk_tbl_03282,dlk_ext_00406,dlk_ext_00686,proc_ext_00238,dash_ext_00110
dlk_proceso_0855;6;dlk_tbl_04137,gob_tbl_03950,dash_tbl_01172,dlk_tbl_03988,gob_tbl_00888,dash_tbl_00495;12;dlk_tbl_02409,dlk_tbl_03305,proc_tbl_00290,proc_tbl_02739,gob_tbl_02827,gob_tbl_03960,dlk_tbl_02364,m4sco_ext_00469,gob_ext_00165,dlk_ext_00066,dash_ext_00023,proc_ext_00673
dlk_proceso_0856;5;dlk_tbl_00235,dlk_tbl_03589,dlk_tbl_03735,proc_tbl_00784,dash_tbl_04420;8;dash_tbl_02728,dash_tbl_01942,m4sco_tbl_00536,dlk_tbl_02901,gob_tbl_00674,dlk_ext_00632,dash_ext_00305,dash_ext_00151
gob_proceso_0857;2;gob_tbl_04502,std_tbl_02290;20;proc_tbl_03690,gob_tbl_00122,proc_tbl_02924,dlk_tbl_01860,proc_tbl_01190,dlk_tbl_02643,dlk_tbl_00336,gob_tbl_01011,dlk_tbl_02455,gob_tbl_03003,dash_tbl_01250,proc_tbl_00947,dlk_ext_00526,dlk_ext_00509,dlk_ext_00237,dash_ext_00015,dash_ext_00290,dlk_ext_00376,dlk_ext_00003,dlk_ext_00306
dlk_proceso_0858;4;gob_tbl_03810,gob_tbl_00817,proc_tbl_01326,dlk_tbl_02232;4;dlk_tbl_03771,gob_tbl_03752,dlk_ext_00445,dlk_ext_00427
gob_proceso_0859;8;gob_tbl_03815,gob_tbl_02766,gob_tbl_03407,proc_tbl_03583,gob_tbl_02444,m4vw_tbl_01201,dash_tbl_00345,gob_tbl_02708;7;dlk_tbl_01429,std_tbl_03439,m4sco_tbl_00544,dlk_tbl_04088,dlk_ext_00346,gob_ext_00483,proc_ext_00383
dlk_proceso_0860;7;dlk_tbl_00404,gob_tbl_00596,proc_tbl_03380,dlk_tbl_01331,gob_tbl_02492,proc_tbl_00114,proc_tbl_04021;10;dlk_tbl_01602,dash_tbl_02421,gob_tbl_02184,proc_tbl_00786,gob_tbl_03010,proc_tbl_01956,dlk_ext_00625,dash_ext_00252,dlk_ext_00468,dlk_ext_00346
dlk_proceso_0861;5;gob_tbl_02274,dlk_tbl_01055,gob_tbl_02987,gob_tbl_02679,dlk_tbl_02887;8;gob_tbl_00601,gob_tbl_03319,dlk_tbl_04374,gob_tbl_01209,dlk_tbl_02336,gob_ext_00104,dlk_ext_00638,proc_ext_00001
gob_proceso_0862;6;gob_tbl_03590,gob_tbl_00198,gob_tbl_00089,gob_tbl_00595,dash_tbl_02898,dlk_tbl_01464;11;gob_tbl_03106,m4sco_tbl_01927,dlk_tbl_01274,gob_tbl_02756,dlk_tbl_02125,gob_tbl_01748,gob_ext_00413,gob_ext_00186,dlk_ext_00662,dlk_ext_00477,gob_ext_00440
gob_proceso_0863;6;dash_tbl_01828,proc_tbl_04490,proc_tbl_01441,gob_tbl_00833,gob_tbl_03946,gob_tbl_03526;13;dash_tbl_02728,dash_tbl_01698,dlk_tbl_04320,std_tbl_04301,gob_tbl_01643,proc_tbl_02315,dlk_tbl_00758,gob_ext_00498,dash_ext_00268,dlk_ext_00298,gob_ext_00288,gob_ext_00165,proc_ext_00081
gob_proceso_0864;5;dlk_tbl_03926,std_tbl_03187,gob_tbl_02507,gob_tbl_00807,m4sco_tbl_02694;7;proc_tbl_01777,dlk_tbl_04336,m4vw_tbl_00399,dash_tbl_01424,gob_ext_00490,dlk_ext_00020,ppn_ext_00396
dlk_proceso_0865;5;gob_tbl_04369,gob_tbl_02046,proc_tbl_00136,dlk_tbl_01616,gob_tbl_00565;13;dlk_tbl_01758,dlk_tbl_02087,dlk_tbl_02067,gob_tbl_00952,dlk_tbl_00959,gob_tbl_04256,dlk_tbl_02125,dash_ext_00465,dlk_ext_00365,gob_ext_00050,dlk_ext_00179,gob_ext_00056,gob_ext_00114
dash_proceso_0866;3;gob_tbl_04381,dlk_tbl_01090,std_tbl_02966;17;gob_tbl_02515,gob_tbl_02165,dash_tbl_02575,gob_tbl_01335,gob_tbl_01817,dlk_tbl_02646,std_tbl_00739,dlk_tbl_01162,dlk_tbl_01759,dlk_tbl_02018,gob_ext_00585,std_ext_00094,dash_ext_00496,proc_ext_00216,proc_ext_00478,dlk_ext_00263,gob_ext_00695
gob_proceso_0867;5;dlk_tbl_02433,dlk_tbl_00866,proc_tbl_02906,dlk_tbl_02053,gob_tbl_01522;8;dlk_tbl_03747,dash_tbl_01371,gob_tbl_03808,gob_tbl_01059,dlk_tbl_00337,gob_ext_00348,dlk_ext_00417,gob_ext_00240
gob_proceso_0868;5;gob_tbl_02849,dash_tbl_02002,dlk_tbl_01919,std_tbl_01889,proc_tbl_03041;11;dlk_tbl_00023,proc_tbl_03256,std_tbl_01363,dash_tbl_04473,gob_tbl_03751,dash_tbl_00003,dash_ext_00214,dash_ext_00647,gob_ext_00481,dlk_ext_00208,gob_ext_00009
dlk_proceso_0869;5;gob_tbl_00712,proc_tbl_00816,gob_tbl_04462,dlk_tbl_03532,proc_tbl_00653;7;gob_tbl_00624,std_tbl_02121,dlk_tbl_01793,proc_tbl_02897,gob_ext_00055,dlk_ext_00174,dlk_ext_00676
dlk_proceso_0870;2;proc_tbl_00048,m4sco_tbl_02141;5;dlk_tbl_03347,gob_tbl_03904,gob_tbl_02140,proc_ext_00147,proc_ext_00589
dlk_proceso_0871;7;gob_tbl_01043,dlk_tbl_01784,gob_tbl_00080,gob_tbl_02756,proc_tbl_01182,dlk_tbl_03277,proc_tbl_01772;9;dlk_tbl_01039,gob_tbl_02111,dlk_tbl_04284,dlk_tbl_02758,gob_tbl_02435,dlk_ext_00604,proc_ext_00281,gob_ext_00261,dash_ext_00317
dlk_proceso_0872;6;gob_tbl_02334,gob_tbl_01719,dash_tbl_03837,gob_tbl_02684,dash_tbl_01148,dlk_tbl_00427;9;proc_tbl_01580,gob_tbl_02688,gob_tbl_02391,gob_tbl_04369,dlk_tbl_04007,dash_ext_00685,gob_ext_00487,gob_ext_00479,gob_ext_00196
dlk_proceso_0873;7;dlk_tbl_02895,dash_tbl_00629,dlk_tbl_03603,dash_tbl_02105,std_tbl_04062,ppn_tbl_01636,dlk_tbl_02551;9;dlk_tbl_04257,gob_tbl_04113,proc_tbl_02734,gob_tbl_00754,gob_tbl_03752,dash_ext_00023,dlk_ext_00300,gob_ext_00440,std_ext_00579
dlk_proceso_0874;5;dlk_tbl_03522,proc_tbl_00451,std_tbl_02446,dlk_tbl_01997,gob_tbl_02514;7;dlk_tbl_01565,proc_tbl_00300,m4vw_tbl_04076,ppn_tbl_01286,dlk_ext_00642,dlk_ext_00607,proc_ext_00399
proc_proceso_0875;4;gob_tbl_03875,ppn_tbl_02185,dlk_tbl_03771,proc_tbl_00278;7;dlk_tbl_02177,gob_tbl_03629,proc_tbl_01864,dash_tbl_03672,gob_ext_00240,dash_ext_00405,dlk_ext_00091
dlk_proceso_0876;4;dlk_tbl_02534,std_tbl_03143,dlk_tbl_01747,gob_tbl_02893;5;dlk_tbl_04072,dlk_tbl_03626,dlk_tbl_04493,gob_ext_00423,dlk_ext_00492
proc_proceso_0877;6;gob_tbl_04070,dlk_tbl_02738,gob_tbl_04360,dash_tbl_00408,gob_tbl_02163,dlk_tbl_03384;13;proc_tbl_01567,gob_tbl_03058,gob_tbl_04113,dlk_tbl_00042,gob_tbl_02716,dash_tbl_04157,dlk_tbl_03584,dlk_ext_00381,dlk_ext_00538,gob_ext_00426,proc_ext_00430,gob_ext_00007,dlk_ext_00052
gob_proceso_0878;3;gob_tbl_02165,dlk_tbl_00886,std_tbl_02719;12;gob_tbl_02919,dlk_tbl_00618,ppn_tbl_01595,proc_tbl_02055,dlk_tbl_01403,dash_tbl_02850,gob_tbl_00595,dlk_ext_00403,gob_ext_00196,gob_ext_00488,dlk_ext_00189,proc_ext_00269
proc_proceso_0879;3;proc_tbl_01342,gob_tbl_04277,m4vw_tbl_03095;12;dlk_tbl_00975,gob_tbl_01004,dlk_tbl_00744,proc_tbl_03674,gob_tbl_02687,gob_tbl_03679,gob_tbl_01167,dlk_ext_00306,dash_ext_00305,dlk_ext_00580,dlk_ext_00654,proc_ext_00528
dlk_proceso_0880;4;gob_tbl_02140,gob_tbl_00634,proc_tbl_02195,gob_tbl_01617;7;dash_tbl_00652,gob_tbl_00716,gob_tbl_03606,gob_tbl_01493,dlk_ext_00519,dlk_ext_00266,dlk_ext_00443
dlk_proceso_0881;2;proc_tbl_00300,gob_tbl_03510;13;std_tbl_02574,dash_tbl_03498,dlk_tbl_03055,dlk_tbl_01781,proc_tbl_00582,gob_tbl_01013,proc_tbl_00499,std_ext_00352,proc_ext_00258,dlk_ext_00263,dlk_ext_00373,proc_ext_00547,dash_ext_00214
gob_proceso_0882;6;gob_tbl_02602,dlk_tbl_00737,gob_tbl_00524,dlk_tbl_00678,dlk_tbl_03094,gob_tbl_02873;10;m4vw_tbl_02160,gob_tbl_00972,gob_tbl_02745,dlk_tbl_02291,dlk_tbl_03702,gob_tbl_01926,dlk_ext_00565,dlk_ext_00365,dlk_ext_00277,dlk_ext_00661
gob_proceso_0883;5;dlk_tbl_02360,gob_tbl_01360,proc_tbl_03428,gob_tbl_01605,gob_tbl_01766;12;dlk_tbl_02455,dlk_tbl_02555,gob_tbl_01444,m4vw_tbl_02395,m4vw_tbl_00011,dash_tbl_01797,proc_tbl_04474,gob_ext_00587,dlk_ext_00548,dash_ext_00685,gob_ext_00004,gob_ext_00598
gob_proceso_0884;2;dlk_tbl_02717,gob_tbl_02959;5;gob_tbl_01086,proc_tbl_01187,gob_tbl_01880,proc_ext_00596,dlk_ext_00189
gob_proceso_0885;5;gob_tbl_03545,dlk_tbl_03090,gob_tbl_02846,dlk_tbl_00525,dlk_tbl_04007;8;dlk_tbl_03698,gob_tbl_02784,dash_tbl_01433,dlk_tbl_01279,dash_tbl_02558,dlk_ext_00080,gob_ext_00506,proc_ext_00553
gob_proceso_0886;7;dlk_tbl_03820,dlk_tbl_01814,proc_tbl_00409,dlk_tbl_01564,dlk_tbl_03915,ppn_tbl_03870,gob_tbl_01855;1;gob_tbl_00923
gob_proceso_0887;4;std_tbl_00642,m4sco_tbl_01517,proc_tbl_01166,gob_tbl_02465;17;dlk_tbl_04314,dlk_tbl_00628,gob_tbl_00398,dlk_tbl_03771,gob_tbl_01880,gob_tbl_04368,dlk_tbl_00062,proc_tbl_03636,gob_tbl_02242,dlk_tbl_03622,dlk_ext_00493,dlk_ext_00061,dlk_ext_00005,dlk_ext_00066,gob_ext_00101,gob_ext_00064,std_ext_00148
dash_proceso_0888;4;dash_tbl_03938,dlk_tbl_04408,proc_tbl_03826,dlk_tbl_03505;7;proc_tbl_01190,dlk_tbl_00153,dlk_tbl_03364,proc_tbl_01836,gob_ext_00334,proc_ext_00238,dlk_ext_00328
proc_proceso_0889;3;proc_tbl_00812,proc_tbl_02277,dlk_tbl_04039;13;dlk_tbl_00093,gob_tbl_00155,proc_tbl_01772,dlk_tbl_02971,gob_tbl_03841,gob_tbl_02749,gob_tbl_04095,gob_ext_00292,std_ext_00224,proc_ext_00665,dlk_ext_00330,gob_ext_00585,gob_ext_00619
dlk_proceso_0890;6;gob_tbl_01203,dlk_tbl_00768,dash_tbl_02313,gob_tbl_00049,dlk_tbl_01866,dlk_tbl_01188;11;m4vw_tbl_03165,proc_tbl_01035,dash_tbl_01398,proc_tbl_01836,proc_tbl_02088,dlk_tbl_01611,proc_ext_00355,std_ext_00672,dash_ext_00303,dlk_ext_00661,dlk_ext_00093
dlk_proceso_0891;7;dlk_tbl_02819,gob_tbl_04494,dlk_tbl_02092,std_tbl_00734,dlk_tbl_00911,dash_tbl_00963,dash_tbl_00236;15;dlk_tbl_02578,gob_tbl_02488,dlk_tbl_03169,proc_tbl_01166,gob_tbl_00199,gob_tbl_02585,dlk_tbl_04253,dash_tbl_02167,dlk_tbl_00551,dlk_ext_00427,gob_ext_00424,ppn_ext_00083,gob_ext_00630,gob_ext_00262,dlk_ext_00443
dlk_proceso_0892;5;gob_tbl_01010,proc_tbl_02273,proc_tbl_00645,proc_tbl_01929,gob_tbl_00281;10;proc_tbl_03982,gob_tbl_01643,proc_tbl_00499,gob_tbl_03836,gob_tbl_02543,m4sco_tbl_02755,dlk_ext_00475,proc_ext_00690,gob_ext_00152,gob_ext_00343
proc_proceso_0893;5;std_tbl_02008,proc_tbl_03962,gob_tbl_00330,dlk_tbl_02390,gob_tbl_02967;17;proc_tbl_01664,std_tbl_00332,m4sco_tbl_03868,gob_tbl_03293,dlk_tbl_01474,ppn_tbl_03408,gob_tbl_02457,dlk_tbl_01965,std_tbl_02729,gob_tbl_02885,proc_ext_00528,gob_ext_00655,ppn_ext_00088,gob_ext_00587,gob_ext_00529,dlk_ext_00626,gob_ext_00585
dlk_proceso_0894;3;dlk_tbl_03628,proc_tbl_03878,gob_tbl_01034;12;dlk_tbl_02387,dash_tbl_03668,gob_tbl_02619,gob_tbl_02957,proc_tbl_01065,dlk_tbl_03417,dlk_tbl_01818,gob_ext_00209,gob_ext_00426,gob_ext_00457,proc_ext_00510,m4vw_ext_00452
dash_proceso_0895;5;dlk_tbl_01240,proc_tbl_00908,ppn_tbl_03511,dlk_tbl_04437,gob_tbl_04477;11;std_tbl_01425,dlk_tbl_03490,dlk_tbl_04053,dlk_tbl_00267,m4sco_tbl_02706,gob_tbl_04156,dlk_ext_00503,dlk_ext_00548,gob_ext_00280,gob_ext_00104,gob_ext_00575
dlk_proceso_0896;7;gob_tbl_03057,proc_tbl_02610,dlk_tbl_00779,dlk_tbl_01159,gob_tbl_03154,gob_tbl_00348,dlk_tbl_00420;9;dlk_tbl_01612,std_tbl_03400,gob_tbl_00155,gob_tbl_01224,gob_tbl_03545,dash_ext_00235,dlk_ext_00330,gob_ext_00055,dash_ext_00160
dash_proceso_0897;4;dlk_tbl_00135,dash_tbl_03672,gob_tbl_02753,gob_tbl_02886;5;gob_tbl_01203,dash_tbl_01411,gob_tbl_03010,gob_ext_00498,gob_ext_00055
dlk_proceso_0898;3;gob_tbl_02340,proc_tbl_01672,dlk_tbl_00871;6;gob_tbl_00321,gob_tbl_03646,proc_tbl_00051,proc_ext_00043,dash_ext_00447,ppn_ext_00083
dlk_proceso_0899;3;proc_tbl_00474,dlk_tbl_04236,gob_tbl_00279;12;gob_tbl_01237,dlk_tbl_03282,dlk_tbl_00814,dlk_tbl_03216,proc_tbl_04141,dash_tbl_01942,gob_tbl_03100,std_ext_00352,dlk_ext_00538,dlk_ext_00169,dlk_ext_00322,gob_ext_00101
gob_proceso_0900;3;gob_tbl_01880,proc_tbl_00010,proc_tbl_02686;14;gob_tbl_00450,std_tbl_01596,proc_tbl_03375,gob_tbl_01674,proc_tbl_00582,dlk_tbl_02057,gob_tbl_03354,dlk_tbl_04453,gob_ext_00203,proc_ext_00528,dlk_ext_00136,dlk_ext_00174,gob_ext_00609,gob_ext_00520
dlk_proceso_0901;5;dlk_tbl_00175,dlk_tbl_00430,dash_tbl_01924,ppn_tbl_03233,dlk_tbl_02410;9;gob_tbl_01776,std_tbl_02226,proc_tbl_00653,dash_tbl_04048,gob_tbl_03100,gob_ext_00288,gob_ext_00378,dlk_ext_00475,proc_ext_00589
proc_proceso_0902;8;proc_tbl_00054,gob_tbl_03516,dlk_tbl_03190,dlk_tbl_03084,proc_tbl_00713,dlk_tbl_01255,gob_tbl_00122,dlk_tbl_00690;14;proc_tbl_03097,dlk_tbl_01139,m4vw_tbl_02569,dlk_tbl_04094,dlk_tbl_02108,gob_tbl_01237,gob_tbl_04106,gob_tbl_00647,proc_ext_00281,dlk_ext_00557,dlk_ext_00625,dlk_ext_00248,proc_ext_00633,proc_ext_00673
dlk_proceso_0903;6;gob_tbl_02283,ppn_tbl_02248,dlk_tbl_01961,dlk_tbl_01981,gob_tbl_04373,dlk_tbl_04465;9;gob_tbl_01305,dash_tbl_00636,gob_tbl_02890,proc_tbl_02312,dlk_tbl_00512,gob_ext_00089,gob_ext_00497,dlk_ext_00215,std_ext_00094
dash_proceso_0904;5;proc_tbl_01954,proc_tbl_03350,gob_tbl_01862,dlk_tbl_01069,gob_tbl_00097;8;gob_tbl_03864,gob_tbl_02867,proc_tbl_03081,proc_tbl_00981,proc_tbl_02610,gob_ext_00019,gob_ext_00152,gob_ext_00230
dash_proceso_0905;6;proc_tbl_02499,dlk_tbl_00038,gob_tbl_03028,proc_tbl_01717,gob_tbl_01930,dash_tbl_02319;6;ppn_tbl_01286,dash_tbl_02863,dlk_tbl_04203,gob_ext_00334,dlk_ext_00477,gob_ext_00480
dlk_proceso_0906;3;dlk_tbl_04417,gob_tbl_03920,dlk_tbl_01936;11;gob_tbl_03699,proc_tbl_00486,dlk_tbl_04050,dlk_tbl_00086,gob_tbl_00413,dlk_tbl_04067,dash_ext_00289,proc_ext_00022,dlk_ext_00365,dash_ext_00476,dash_ext_00109
dlk_proceso_0907;5;std_tbl_02574,gob_tbl_04242,gob_tbl_01558,dlk_tbl_01594,dlk_tbl_03457;17;gob_tbl_02699,dlk_tbl_01647,dlk_tbl_03204,gob_tbl_04191,dlk_tbl_02767,dlk_tbl_00111,proc_tbl_01367,proc_tbl_01633,ppn_tbl_02945,std_tbl_01657,gob_ext_00428,proc_ext_00430,proc_ext_00531,dlk_ext_00565,std_ext_00032,gob_ext_00045,gob_ext_00009
gob_proceso_0908;3;proc_tbl_00559,gob_tbl_02377,gob_tbl_03782;13;dash_tbl_01888,gob_tbl_04214,gob_tbl_03699,dlk_tbl_03850,gob_tbl_03078,proc_tbl_00581,gob_tbl_00942,gob_ext_00000,dlk_ext_00554,ppn_ext_00664,dlk_ext_00346,dlk_ext_00347,proc_ext_00164
gob_proceso_0909;5;dlk_tbl_02073,dlk_tbl_02375,dlk_tbl_01519,dlk_tbl_00004,dlk_tbl_02695;7;dash_tbl_02953,dlk_tbl_00431,dlk_tbl_04487,dlk_tbl_02651,dash_ext_00321,ppn_ext_00396,dlk_ext_00535
proc_proceso_0910;3;proc_tbl_02508,dlk_tbl_01355,dlk_tbl_01532;11;gob_tbl_01034,gob_tbl_00565,gob_tbl_03034,dash_tbl_00636,dash_tbl_02661,dlk_tbl_02509,gob_ext_00230,gob_ext_00112,gob_ext_00344,dlk_ext_00256,m4sco_ext_00656
dlk_proceso_0911;3;gob_tbl_03963,gob_tbl_01640,proc_tbl_00957;5;proc_tbl_03869,m4vw_tbl_02652,dlk_tbl_01694,proc_ext_00681,dlk_ext_00565
dlk_proceso_0912;7;dlk_tbl_03780,dlk_tbl_03524,gob_tbl_00434,gob_tbl_00024,gob_tbl_01097,dlk_tbl_03831,proc_tbl_03065;11;dlk_tbl_01153,gob_tbl_01632,dash_tbl_02982,dash_tbl_03418,dlk_tbl_00857,dlk_tbl_00913,dlk_ext_00034,dash_ext_00317,dlk_ext_00073,dlk_ext_00144,gob_ext_00483
gob_proceso_0913;5;dlk_tbl_02921,dlk_tbl_03453,gob_tbl_02430,proc_tbl_01801,proc_tbl_02342;16;gob_tbl_04255,gob_tbl_04428,proc_tbl_01832,proc_tbl_01742,gob_tbl_00818,gob_tbl_02759,dlk_tbl_02501,gob_tbl_02013,gob_tbl_00865,proc_ext_00681,gob_ext_00555,std_ext_00579,dlk_ext_00362,proc_ext_00462,gob_ext_00457,dash_ext_00305
dlk_proceso_0914;7;proc_tbl_03097,gob_tbl_02597,gob_tbl_02269,proc_tbl_03256,gob_tbl_03697,m4vw_tbl_04507,dlk_tbl_01046;10;dlk_tbl_01464,gob_tbl_02714,dlk_tbl_03928,gob_tbl_03425,gob_tbl_03961,dlk_tbl_02555,gob_ext_00450,dlk_ext_00676,gob_ext_00577,gob_ext_00361
dlk_proceso_0915;8;dlk_tbl_03817,dlk_tbl_01418,dlk_tbl_01982,dlk_tbl_03070,dash_tbl_03119,dash_tbl_01334,gob_tbl_02543,gob_tbl_00586;14;gob_tbl_03383,proc_tbl_04474,gob_tbl_04292,proc_tbl_01852,dlk_tbl_02570,proc_tbl_01498,dlk_tbl_04067,gob_tbl_01842,dlk_ext_00347,dlk_ext_00177,dash_ext_00025,dlk_ext_00443,gob_ext_00561,gob_ext_00384
dash_proceso_0916;3;proc_tbl_01728,dlk_tbl_03001,dash_tbl_00811;9;gob_tbl_02955,gob_tbl_00745,gob_tbl_01902,gob_tbl_01224,proc_tbl_02908,gob_ext_00350,dlk_ext_00688,gob_ext_00489,gob_ext_00371
gob_proceso_0917;5;gob_tbl_01514,dlk_tbl_01184,dlk_tbl_03554,dlk_tbl_02264,gob_tbl_04401;13;dlk_tbl_01572,gob_tbl_00708,gob_tbl_03667,dlk_tbl_04300,dlk_tbl_01896,dlk_tbl_00736,dlk_tbl_01982,gob_ext_00329,dlk_ext_00018,dlk_ext_00552,gob_ext_00225,gob_ext_00567,dlk_ext_00111
dlk_proceso_0918;3;dlk_tbl_03225,gob_tbl_02712,dlk_tbl_03902;9;dlk_tbl_02438,dlk_tbl_01206,dlk_tbl_00265,dlk_tbl_02441,proc_tbl_01541,dash_ext_00139,dlk_ext_00185,dlk_ext_00471,dlk_ext_00069
dash_proceso_0919;2;dash_tbl_00277,dlk_tbl_03849;7;gob_tbl_01043,gob_tbl_03635,proc_tbl_00037,proc_tbl_02909,dlk_ext_00456,dlk_ext_00591,dash_ext_00303
dlk_proceso_0920;4;gob_tbl_01319,dlk_tbl_02496,m4sco_tbl_02810,dlk_tbl_02835;10;gob_tbl_00596,dlk_tbl_01615,std_tbl_04129,dash_tbl_00003,std_tbl_03168,dlk_tbl_01343,dlk_ext_00067,proc_ext_00589,proc_ext_00566,dash_ext_00338
dlk_proceso_0921;4;gob_tbl_04161,gob_tbl_02710,gob_tbl_00216,dlk_tbl_01663;6;proc_tbl_01187,proc_tbl_03866,dlk_tbl_00068,dlk_ext_00185,proc_ext_00633,dash_ext_00229
proc_proceso_0922;5;gob_tbl_00169,dlk_tbl_04361,dlk_tbl_00872,gob_tbl_01729,dash_tbl_03692;9;dlk_tbl_04429,dlk_tbl_01196,gob_tbl_03005,gob_tbl_00066,proc_tbl_04196,dlk_ext_00635,dlk_ext_00212,dlk_ext_00034,dlk_ext_00346
gob_proceso_0923;3;proc_tbl_00582,dlk_tbl_02758,gob_tbl_01985;4;gob_tbl_01706,gob_tbl_00394,dash_ext_00434,dlk_ext_00155
dlk_proceso_0924;2;dlk_tbl_01499,gob_tbl_03034;15;dash_tbl_00813,dash_tbl_04326,dlk_tbl_01546,dlk_tbl_01483,gob_tbl_04422,proc_tbl_00342,dlk_tbl_02005,dlk_tbl_04482,dash_tbl_02953,dlk_ext_00313,proc_ext_00092,gob_ext_00581,proc_ext_00081,gob_ext_00261,gob_ext_00541
dlk_proceso_0925;2;gob_tbl_04146,gob_tbl_00910;8;gob_tbl_01668,proc_tbl_04344,gob_tbl_01726,dlk_tbl_03212,gob_tbl_04504,gob_ext_00578,std_ext_00432,gob_ext_00384
proc_proceso_0926;2;dlk_tbl_01538,m4vw_tbl_00234;12;gob_tbl_00033,dlk_tbl_00175,dlk_tbl_02493,dash_tbl_01171,gob_tbl_01028,gob_tbl_03727,proc_tbl_01886,gob_ext_00006,dlk_ext_00632,ppn_ext_00083,dash_ext_00015,proc_ext_00673
gob_proceso_0927;5;gob_tbl_00116,dlk_tbl_02834,dash_tbl_04069,gob_tbl_02561,dlk_tbl_01826;14;dlk_tbl_01327,gob_tbl_00507,dlk_tbl_01381,dlk_tbl_01470,m4sco_tbl_04479,gob_tbl_01239,m4sco_tbl_02001,dlk_tbl_04136,gob_ext_00278,ppn_ext_00396,gob_ext_00559,gob_ext_00016,gob_ext_00627,gob_ext_00489
gob_proceso_0928;6;gob_tbl_03470,dash_tbl_02452,gob_tbl_02772,dlk_tbl_01764,proc_tbl_03132,proc_tbl_02979;6;proc_tbl_03337,m4sco_tbl_02755,gob_tbl_02650,std_ext_00672,m4sco_ext_00486,dlk_ext_00174
dlk_proceso_0929;4;gob_tbl_01762,std_tbl_02077,dlk_tbl_03339,gob_tbl_04402;7;proc_tbl_03332,dlk_tbl_01845,proc_tbl_04071,dlk_tbl_04206,dlk_ext_00365,dlk_ext_00208,gob_ext_00302
dlk_proceso_0930;5;gob_tbl_03823,proc_tbl_01414,proc_tbl_04172,dash_tbl_01117,std_tbl_02660;7;gob_tbl_01100,gob_tbl_03645,dlk_tbl_01959,dash_tbl_03030,proc_ext_00269,proc_ext_00081,proc_ext_00658
gob_proceso_0931;4;dash_tbl_03053,dlk_tbl_00760,dlk_tbl_03559,dlk_tbl_00222;11;dlk_tbl_01972,dlk_tbl_02925,proc_tbl_03860,dlk_tbl_02775,dlk_tbl_04206,proc_tbl_01050,dlk_ext_00562,dlk_ext_00653,dlk_ext_00169,gob_ext_00051,gob_ext_00009
dlk_proceso_0932;5;dlk_tbl_02218,gob_tbl_02779,gob_tbl_01254,std_tbl_01044,dlk_tbl_00763;7;proc_tbl_01197,dlk_tbl_02212,proc_tbl_03142,dlk_tbl_00680,dlk_ext_00217,dlk_ext_00020,ppn_ext_00549
dlk_proceso_0933;6;dlk_tbl_01648,dlk_tbl_01781,gob_tbl_01504,gob_tbl_02254,dlk_tbl_02322,proc_tbl_03182;11;dash_tbl_01247,dlk_tbl_03670,dash_tbl_04282,gob_tbl_01510,dlk_tbl_04386,dlk_tbl_01875,gob_ext_00606,gob_ext_00473,dlk_ext_00039,dlk_ext_00100,proc_ext_00602
dlk_proceso_0934;8;dlk_tbl_01731,dlk_tbl_00793,gob_tbl_00998,proc_tbl_01832,m4sco_tbl_02051,proc_tbl_00400,gob_tbl_01844,std_tbl_02358;14;gob_tbl_04322,proc_tbl_00230,gob_tbl_01412,dlk_tbl_01379,dlk_tbl_03017,gob_tbl_00359,m4sco_tbl_01820,dlk_tbl_00087,dlk_ext_00074,dlk_ext_00604,dlk_ext_00364,dlk_ext_00301,proc_ext_00531,gob_ext_00196
gob_proceso_0935;3;gob_tbl_01405,proc_tbl_00041,dlk_tbl_01841;14;dlk_tbl_00768,gob_tbl_01026,gob_tbl_02594,dlk_tbl_00038,std_tbl_01278,dash_tbl_00979,gob_tbl_03267,dash_tbl_03352,std_ext_00515,dlk_ext_00314,gob_ext_00683,dash_ext_00476,gob_ext_00438,gob_ext_00127
dlk_proceso_0936;3;gob_tbl_02326,proc_tbl_04042,proc_tbl_00151;17;proc_tbl_03899,dlk_tbl_01860,gob_tbl_01870,dlk_tbl_03126,dash_tbl_02581,dlk_tbl_02921,dlk_tbl_03556,dlk_tbl_04314,m4vw_tbl_00234,ppn_tbl_01595,dlk_ext_00517,proc_ext_00602,dash_ext_00321,proc_ext_00687,dash_ext_00160,dlk_ext_00451,gob_ext_00506
dlk_proceso_0937;2;dash_tbl_02298,dlk_tbl_01162;13;gob_tbl_03547,dlk_tbl_03931,dlk_tbl_02920,gob_tbl_03591,gob_tbl_00934,dlk_tbl_01631,gob_tbl_02014,dlk_ext_00155,proc_ext_00508,dlk_ext_00223,proc_ext_00053,gob_ext_00265,gob_ext_00612
dlk_proceso_0938;2;gob_tbl_02937,dlk_tbl_03739;20;std_tbl_03691,dlk_tbl_00564,dlk_tbl_00668,gob_tbl_03669,gob_tbl_02184,gob_tbl_02227,dlk_tbl_01181,gob_tbl_03506,dlk_tbl_00308,dlk_tbl_03928,gob_tbl_03508,dlk_tbl_01068,dash_ext_00556,ppn_ext_00396,proc_ext_00309,dlk_ext_00551,gob_ext_00421,gob_ext_00291,gob_ext_00489,dlk_ext_00624
dlk_proceso_0939;6;dash_tbl_00792,std_tbl_01447,proc_tbl_04123,gob_tbl_01140,gob_tbl_03911,gob_tbl_01252;13;dlk_tbl_00244,dlk_tbl_02920,dlk_tbl_02592,dlk_tbl_03747,dlk_tbl_03172,dlk_tbl_03282,proc_tbl_01963,dlk_ext_00493,proc_ext_00383,gob_ext_00483,gob_ext_00075,gob_ext_00488,gob_ext_00203
dlk_proceso_0940;7;proc_tbl_00614,dash_tbl_04246,dlk_tbl_04133,m4vw_tbl_02123,dlk_tbl_00133,gob_tbl_00727,dlk_tbl_01003;9;gob_tbl_02944,dlk_tbl_00160,dlk_tbl_03739,m4vw_tbl_03777,dlk_tbl_04367,std_ext_00032,dash_ext_00568,dlk_ext_00458,gob_ext_00257
proc_proceso_0941;7;proc_tbl_04443,dash_tbl_00789,gob_tbl_03655,gob_tbl_00022,gob_tbl_01740,dlk_tbl_00132,dlk_tbl_01771;4;dlk_tbl_00497,gob_tbl_04100,dlk_ext_00626,dlk_ext_00560
dlk_proceso_0942;2;gob_tbl_00673,dlk_tbl_00668;7;proc_tbl_02354,dash_tbl_03240,gob_tbl_03588,dlk_tbl_04482,proc_ext_00690,std_ext_00094,gob_ext_00127
proc_proceso_0943;5;gob_tbl_00820,proc_tbl_03162,proc_tbl_00074,dlk_tbl_04084,gob_tbl_02885;8;dlk_tbl_03272,gob_tbl_04036,dlk_tbl_01521,dlk_tbl_02294,proc_tbl_03261,dlk_ext_00079,gob_ext_00280,proc_ext_00484
gob_proceso_0944;3;dash_tbl_00238,m4vw_tbl_03184,gob_tbl_01393;10;dlk_tbl_00539,gob_tbl_00650,proc_tbl_00136,dlk_tbl_02633,gob_tbl_00807,dash_tbl_00873,gob_ext_00577,proc_ext_00484,dlk_ext_00445,dlk_ext_00286
gob_proceso_0945;6;gob_tbl_03742,proc_tbl_04068,ppn_tbl_01833,dlk_tbl_00229,dash_tbl_01411,dlk_tbl_01899;12;dlk_tbl_02844,dlk_tbl_00808,dash_tbl_02286,gob_tbl_00591,gob_tbl_00884,proc_tbl_03894,proc_tbl_00519,dash_ext_00496,gob_ext_00473,dlk_ext_00155,proc_ext_00195,gob_ext_00210
proc_proceso_0946;5;m4sco_tbl_02535,dlk_tbl_00909,std_tbl_03400,m4sco_tbl_00124,dlk_tbl_01980;7;proc_tbl_03894,dash_tbl_02845,gob_tbl_01539,m4sco_tbl_01998,proc_ext_00282,dlk_ext_00372,gob_ext_00684
dlk_proceso_0947;3;gob_tbl_01926,dlk_tbl_01986,proc_tbl_01963;12;proc_tbl_00242,gob_tbl_01097,gob_tbl_04435,proc_tbl_00631,dlk_tbl_02991,dlk_tbl_02322,gob_tbl_04100,dlk_ext_00492,dlk_ext_00188,gob_ext_00367,gob_ext_00489,dlk_ext_00519
dlk_proceso_0948;6;gob_tbl_03895,dlk_tbl_03313,dlk_tbl_03749,std_tbl_01256,dlk_tbl_02785,gob_tbl_03720;10;proc_tbl_00257,std_tbl_03168,dlk_tbl_02844,dash_tbl_03030,proc_tbl_03832,gob_tbl_03555,gob_ext_00599,dlk_ext_00097,std_ext_00205,gob_ext_00569
dlk_proceso_0949;7;dlk_tbl_04088,proc_tbl_02479,gob_tbl_00548,dash_tbl_03448,gob_tbl_04444,gob_tbl_01100,dlk_tbl_02403;9;gob_tbl_02708,gob_tbl_01167,m4sco_tbl_00837,gob_tbl_00923,gob_tbl_02411,gob_ext_00473,dlk_ext_00185,gob_ext_00152,ppn_ext_00083
proc_proceso_0950;6;proc_tbl_00403,gob_tbl_00985,gob_tbl_00755,gob_tbl_01180,dash_tbl_01113,dlk_tbl_04315;6;gob_tbl_00046,gob_tbl_02749,dlk_tbl_03541,dlk_ext_00250,gob_ext_00159,std_ext_00358
dlk_proceso_0951;6;dlk_tbl_03940,dlk_tbl_02864,gob_tbl_03392,dlk_tbl_01973,proc_tbl_02927,proc_tbl_01659;10;proc_tbl_03614,gob_tbl_00591,dlk_tbl_00897,gob_tbl_00630,dlk_tbl_01936,gob_tbl_00022,dlk_ext_00314,dash_ext_00476,dlk_ext_00643,gob_ext_00176
dlk_proceso_0952;3;m4sco_tbl_02706,gob_tbl_00375,gob_tbl_01816;13;dlk_tbl_00131,gob_tbl_04082,dlk_tbl_03296,dash_tbl_02359,dlk_tbl_01761,m4vw_tbl_01116,dlk_tbl_03795,ppn_ext_00072,dlk_ext_00121,dash_ext_00241,dlk_ext_00155,gob_ext_00620,gob_ext_00483
dash_proceso_0953;2;dlk_tbl_01547,dlk_tbl_02942;9;gob_tbl_02885,gob_tbl_00874,dlk_tbl_04493,dlk_tbl_01144,gob_tbl_04418,gob_ext_00038,dlk_ext_00108,dlk_ext_00403,dlk_ext_00136
dlk_proceso_0954;7;gob_tbl_04309,dlk_tbl_03654,gob_tbl_00411,dlk_tbl_02609,dash_tbl_00797,dlk_tbl_03873,dlk_tbl_02493;9;proc_tbl_03016,dlk_tbl_03696,dash_tbl_03837,std_tbl_02576,dlk_tbl_03113,gob_ext_00131,dlk_ext_00509,dlk_ext_00296,dlk_ext_00406
dlk_proceso_0955;4;dlk_tbl_03605,proc_tbl_01788,dlk_tbl_04136,m4sco_tbl_04479;8;dlk_tbl_01162,std_tbl_01425,dlk_tbl_03347,gob_tbl_03392,gob_tbl_01239,m4sco_ext_00469,dlk_ext_00208,dlk_ext_00526
dlk_proceso_0956;5;std_tbl_00574,proc_tbl_01281,ppn_tbl_02666,gob_tbl_01202,gob_tbl_03644;12;gob_tbl_04462,dlk_tbl_01107,gob_tbl_03722,gob_tbl_04142,dash_tbl_04420,std_tbl_03642,dlk_tbl_02567,dlk_ext_00174,dlk_ext_00074,proc_ext_00589,dlk_ext_00191,proc_ext_00172
dlk_proceso_0957;6;ppn_tbl_00072,dlk_tbl_02459,gob_tbl_00508,dlk_tbl_01992,gob_tbl_01143,gob_tbl_00297;10;gob_tbl_00330,std_tbl_01550,gob_tbl_01644,gob_tbl_03542,gob_tbl_01307,dlk_tbl_02197,dlk_ext_00052,dlk_ext_00521,dlk_ext_00362,m4vw_ext_00337
dlk_proceso_0958;3;dlk_tbl_04026,gob_tbl_03507,dlk_tbl_04496;9;proc_tbl_03208,proc_tbl_00047,gob_tbl_00421,dlk_tbl_00592,dlk_tbl_00125,gob_ext_00585,dlk_ext_00294,dlk_ext_00662,gob_ext_00629
gob_proceso_0959;4;gob_tbl_00032,dlk_tbl_02503,dlk_tbl_01818,dash_tbl_02839;6;dlk_tbl_02396,proc_tbl_00842,proc_tbl_02315,dlk_ext_00129,proc_ext_00255,gob_ext_00351
gob_proceso_0960;6;dash_tbl_04391,ppn_tbl_02804,dlk_tbl_03908,gob_tbl_03727,gob_tbl_01426,dlk_tbl_04253;6;gob_tbl_01925,gob_tbl_00687,m4sco_tbl_02001,dlk_ext_00154,dlk_ext_00346,ppn_ext_00072
dlk_proceso_0961;4;proc_tbl_04433,dlk_tbl_03941,gob_tbl_00249,gob_tbl_01870;7;dlk_tbl_01232,gob_tbl_03852,proc_tbl_04004,dash_tbl_01942,dlk_ext_00691,dash_ext_00139,gob_ext_00448
gob_proceso_0962;4;proc_tbl_02542,dlk_tbl_02202,gob_tbl_02692,dlk_tbl_04341;5;gob_tbl_02269,gob_tbl_02831,gob_tbl_03103,dlk_ext_00564,dlk_ext_00093
proc_proceso_0963;6;proc_tbl_03548,proc_tbl_04344,dash_tbl_01062,dlk_tbl_01124,proc_tbl_03471,gob_tbl_00698;6;proc_tbl_03230,dlk_tbl_03073,dlk_tbl_00195,gob_ext_00420,std_ext_00515,gob_ext_00131
proc_proceso_0964;4;dlk_tbl_04139,dlk_tbl_03666,gob_tbl_01163,proc_tbl_03268;11;gob_tbl_00331,dash_tbl_03924,proc_tbl_03270,m4sco_tbl_04479,gob_tbl_03333,dlk_tbl_02571,dlk_ext_00519,dlk_ext_00470,gob_ext_00013,dash_ext_00143,proc_ext_00508
dlk_proceso_0965;3;proc_tbl_00343,proc_tbl_02671,dlk_tbl_00093;13;m4sco_tbl_01158,gob_tbl_03391,ppn_tbl_03580,proc_tbl_00653,gob_tbl_01748,dlk_tbl_03718,gob_tbl_04475,dlk_ext_00422,dlk_ext_00443,proc_ext_00255,dlk_ext_00149,gob_ext_00612,dlk_ext_00116
gob_proceso_0966;6;dlk_tbl_01249,dlk_tbl_00319,dlk_tbl_03916,proc_tbl_01739,dlk_tbl_02506,dlk_tbl_02224;4;dlk_tbl_03521,dlk_tbl_02641,gob_ext_00424,gob_ext_00329
gob_proceso_0967;2;dlk_tbl_00538,m4vw_tbl_02769;7;dlk_tbl_03040,dash_tbl_01269,gob_tbl_02463,dlk_tbl_04287,proc_ext_00043,gob_ext_00683,dlk_ext_00301
proc_proceso_0968;6;dlk_tbl_00092,dlk_tbl_04445,dlk_tbl_00896,gob_tbl_02903,dlk_tbl_01232,std_tbl_03737;13;dlk_tbl_04203,ppn_tbl_00641,gob_tbl_02933,dlk_tbl_04185,gob_tbl_02184,dlk_tbl_01118,dlk_tbl_00328,gob_ext_00442,gob_ext_00645,dash_ext_00268,proc_ext_00175,dlk_ext_00512,gob_ext_00348
proc_proceso_0969;6;dlk_tbl_02471,dlk_tbl_04112,gob_tbl_03750,std_tbl_03087,proc_tbl_03261,gob_tbl_02639;13;gob_tbl_02272,dlk_tbl_00945,gob_tbl_04376,dash_tbl_01990,dlk_tbl_01390,proc_tbl_02392,proc_tbl_01664,gob_ext_00645,dash_ext_00279,gob_ext_00009,proc_ext_00673,dlk_ext_00054,gob_ext_00000
dlk_proceso_0970;3;proc_tbl_01472,dlk_tbl_03969,dlk_tbl_00432;9;dlk_tbl_00660,dlk_tbl_02895,proc_tbl_00300,ppn_tbl_02783,dlk_tbl_02360,dlk_ext_00391,dlk_ext_00286,gob_ext_00637,dash_ext_00264
dash_proceso_0971;4;gob_tbl_04232,proc_tbl_01187,gob_tbl_03100,proc_tbl_00164;4;std_tbl_04158,gob_tbl_00942,dlk_ext_00686,dlk_ext_00327
dlk_proceso_0972;6;dash_tbl_00534,std_tbl_03386,proc_tbl_01406,gob_tbl_02621,dlk_tbl_01369,gob_tbl_00382;4;proc_tbl_04199,proc_tbl_02312,gob_ext_00292,dlk_ext_00662
gob_proceso_0973;3;gob_tbl_01575,dlk_tbl_00196,dash_tbl_04261;6;dlk_tbl_01624,dlk_tbl_03584,dlk_tbl_01935,dlk_ext_00301,proc_ext_00589,dlk_ext_00253
dlk_proceso_0974;2;dlk_tbl_03113,gob_tbl_00726;12;gob_tbl_02577,dash_tbl_02096,gob_tbl_01914,dlk_tbl_04094,dlk_tbl_04348,std_tbl_02374,gob_tbl_02642,proc_ext_00495,proc_ext_00673,proc_ext_00043,dlk_ext_00277,dlk_ext_00296
gob_proceso_0975;5;gob_tbl_04156,proc_tbl_01777,dlk_tbl_02455,gob_tbl_03602,proc_tbl_00456;9;proc_tbl_03866,proc_tbl_00836,dlk_tbl_00526,dlk_tbl_03940,dlk_tbl_00431,dlk_ext_00381,dash_ext_00303,gob_ext_00265,gob_ext_00320
gob_proceso_0976;4;gob_tbl_03922,dlk_tbl_04440,dlk_tbl_01711,proc_tbl_03934;4;gob_tbl_03679,proc_tbl_03101,dash_ext_00143,proc_ext_00633
dlk_proceso_0977;2;dash_tbl_03098,gob_tbl_00398;5;dlk_tbl_00172,dash_tbl_02953,dlk_tbl_04084,std_ext_00205,dlk_ext_00686
dash_proceso_0978;5;gob_tbl_03658,dlk_tbl_00599,proc_tbl_00352,m4vw_tbl_01608,proc_tbl_04485;7;gob_tbl_01319,std_tbl_00766,proc_tbl_00781,dash_tbl_01738,gob_ext_00694,gob_ext_00683,dlk_ext_00604
dlk_proceso_0979;3;dlk_tbl_01860,proc_tbl_01476,dlk_tbl_00244;6;gob_tbl_00260,m4sco_tbl_03021,gob_tbl_00787,dlk_ext_00521,dlk_ext_00381,gob_ext_00127
proc_proceso_0980;2;gob_tbl_00674,gob_tbl_00459;6;m4sco_tbl_00973,dlk_tbl_02364,gob_tbl_00139,gob_ext_00555,dlk_ext_00364,dlk_ext_00071
dlk_proceso_0981;2;dash_tbl_02748,dlk_tbl_01613;20;gob_tbl_00924,dlk_tbl_02461,gob_tbl_03770,dlk_tbl_00668,dlk_tbl_01891,gob_tbl_00969,gob_tbl_03640,gob_tbl_01812,gob_tbl_02841,dlk_tbl_03413,dlk_tbl_00707,dash_tbl_03924,proc_ext_00271,gob_ext_00343,dlk_ext_00394,gob_ext_00038,dlk_ext_00108,dlk_ext_00012,dash_ext_00015,gob_ext_00400
gob_proceso_0982;5;dlk_tbl_01253,gob_tbl_03131,gob_tbl_03673,gob_tbl_01637,gob_tbl_04105;10;dlk_tbl_03863,dlk_tbl_03540,dash_tbl_00187,dlk_tbl_01483,gob_tbl_00389,m4vw_tbl_01088,gob_ext_00598,dash_ext_00042,dash_ext_00412,dlk_ext_00493
dlk_proceso_0983;3;proc_tbl_02993,gob_tbl_03152,proc_tbl_01886;6;gob_tbl_00991,gob_tbl_04444,gob_tbl_01108,gob_ext_00683,m4sco_ext_00593,dlk_ext_00445
dlk_proceso_0984;9;std_tbl_00401,dlk_tbl_02333,dlk_tbl_03577,dlk_tbl_02904,proc_tbl_00496,dlk_tbl_02947,dlk_tbl_01092,proc_tbl_02208,gob_tbl_01491;14;proc_tbl_00593,proc_tbl_03037,proc_tbl_02304,m4sco_tbl_01927,gob_tbl_03226,gob_tbl_00226,proc_tbl_04310,proc_tbl_03492,gob_ext_00645,gob_ext_00555,dlk_ext_00189,dash_ext_00405,dlk_ext_00116,gob_ext_00196
proc_proceso_0985;4;proc_tbl_03286,proc_tbl_00047,proc_tbl_01131,gob_tbl_03775;3;std_tbl_03224,dlk_tbl_02252,proc_ext_00690
dlk_proceso_0986;3;gob_tbl_02475,gob_tbl_01225,dash_tbl_03861;14;m4vw_tbl_03165,dlk_tbl_02693,dlk_tbl_01146,dash_tbl_02386,gob_tbl_03984,gob_tbl_00330,dash_tbl_00813,dlk_tbl_02833,gob_ext_00675,gob_ext_00363,gob_ext_00141,dlk_ext_00283,proc_ext_00202,dash_ext_00317
gob_proceso_0987;3;gob_tbl_02961,dlk_tbl_02409,gob_tbl_01156;9;dlk_tbl_01394,ppn_tbl_01636,proc_tbl_03018,dlk_tbl_02170,gob_tbl_03852,dash_ext_00025,gob_ext_00336,dash_ext_00317,gob_ext_00262
proc_proceso_0988;5;dlk_tbl_04049,gob_tbl_02181,proc_tbl_02357,dlk_tbl_00950,gob_tbl_02436;12;gob_tbl_02215,std_tbl_02790,dlk_tbl_03556,dlk_tbl_00483,gob_tbl_02430,dash_tbl_00236,dlk_tbl_02713,gob_ext_00075,proc_ext_00681,gob_ext_00176,gob_ext_00561,dlk_ext_00429
gob_proceso_0989;2;gob_tbl_00448,gob_tbl_01642;10;dlk_tbl_00385,dlk_tbl_01464,dlk_tbl_01809,dlk_tbl_00545,dlk_tbl_00087,gob_tbl_01362,gob_ext_00423,dlk_ext_00134,proc_ext_00404,gob_ext_00013
proc_proceso_0990;2;gob_tbl_01676,dlk_tbl_03295;7;dlk_tbl_01381,std_tbl_01447,gob_tbl_03663,dlk_tbl_00045,dlk_ext_00625,proc_ext_00665,proc_ext_00553
gob_proceso_0991;3;dlk_tbl_01346,gob_tbl_04005,gob_tbl_02309;11;dlk_tbl_01464,gob_tbl_00402,dlk_tbl_04026,proc_tbl_00300,dlk_tbl_03763,proc_tbl_00287,gob_ext_00634,gob_ext_00089,gob_ext_00371,proc_ext_00092,dlk_ext_00659
gob_proceso_0992;4;gob_tbl_00123,gob_tbl_01028,gob_tbl_04351,proc_tbl_00248;6;gob_tbl_02463,dash_tbl_00613,dlk_tbl_03670,proc_ext_00531,gob_ext_00423,dash_ext_00447
dlk_proceso_0993;5;dlk_tbl_03202,dlk_tbl_01917,gob_tbl_03700,proc_tbl_00429,dlk_tbl_02727;7;gob_tbl_02413,proc_tbl_04125,std_tbl_03386,dlk_tbl_04127,gob_ext_00103,gob_ext_00050,dlk_ext_00470
dash_proceso_0994;6;dash_tbl_01219,m4vw_tbl_02569,gob_tbl_03746,dlk_tbl_03937,gob_tbl_01949,gob_tbl_00932;10;dlk_tbl_01329,m4vw_tbl_03165,gob_tbl_04122,gob_tbl_01606,proc_tbl_01788,gob_tbl_02242,dlk_ext_00185,dlk_ext_00079,gob_ext_00320,dlk_ext_00580
dlk_proceso_0995;6;dlk_tbl_04297,gob_tbl_02952,dlk_tbl_04200,dlk_tbl_00953,dash_tbl_03997,dlk_tbl_01677;6;gob_tbl_02585,gob_tbl_00421,dlk_tbl_03995,gob_ext_00511,dash_ext_00324,proc_ext_00690
gob_proceso_0996;4;gob_tbl_00584,gob_tbl_01408,gob_tbl_03789,dash_tbl_04060;11;gob_tbl_02893,proc_tbl_02906,gob_tbl_01856,dash_tbl_02889,proc_tbl_03676,gob_tbl_01901,std_ext_00205,dlk_ext_00468,gob_ext_00336,proc_ext_00670,gob_ext_00204
gob_proceso_0997;4;proc_tbl_03865,gob_tbl_02227,m4vw_tbl_04497,gob_tbl_02184;6;dlk_tbl_01343,dlk_tbl_03900,dlk_tbl_03695,dlk_ext_00661,dlk_ext_00314,proc_ext_00537
dlk_proceso_0998;6;m4vw_tbl_02711,gob_tbl_00379,proc_tbl_03832,gob_tbl_02338,dlk_tbl_00738,gob_tbl_01977;4;proc_tbl_01556,dlk_tbl_02770,gob_ext_00278,gob_ext_00577
dlk_proceso_0999;3;proc_tbl_03945,proc_tbl_03917,gob_tbl_02685;8;gob_tbl_02037,gob_tbl_02475,proc_tbl_00517,dlk_tbl_01519,dash_tbl_00979,gob_ext_00487,dlk_ext_00467,gob_ext_00561
