DAG;NumTablasAlimenta;TablasAlimenta;NumTablasAlimentan;TablasAlimentan
proc_proceso_0000;4;proc_tbl_00349,gob_tbl_00605,m4sco_tbl_00121,gob_tbl_02972;13;proc_tbl_00612,gob_tbl_02102,dlk_tbl_01407,gob_tbl_00295,dlk_tbl_01089,dlk_tbl_00078,dlk_tbl_02583,dlk_ext_00516,gob_ext_00223,proc_ext_00407,gob_ext_00163,gob_ext_00551,gob_ext_00297
dlk_proceso_0001;3;gob_tbl_04440,ppn_tbl_03252,proc_tbl_03289;5;dlk_tbl_01188,dlk_tbl_04386,dlk_tbl_04043,gob_ext_00032,dlk_ext_00481
dlk_proceso_0002;5;gob_tbl_01875,m4sco_tbl_01860,gob_tbl_00876,gob_tbl_01330,gob_tbl_04095;11;dlk_tbl_03575,dlk_tbl_00015,proc_tbl_00549,dlk_tbl_03900,m4vw_tbl_03375,gob_tbl_01563,dlk_ext_00559,gob_ext_00375,m4sco_ext_00232,gob_ext_00324,proc_ext_00287
dlk_proceso_0003;4;dlk_tbl_02753,dlk_tbl_02628,gob_tbl_03706,dlk_tbl_03099;6;gob_tbl_01075,dlk_tbl_02862,proc_tbl_02083,proc_ext_00436,proc_ext_00308,gob_ext_00163
dlk_proceso_0004;8;gob_tbl_04196,dlk_tbl_02278,proc_tbl_02908,dlk_tbl_00811,dlk_tbl_03835,dlk_tbl_02354,gob_tbl_04294,dlk_tbl_00266;10;gob_tbl_03374,gob_tbl_02177,dash_tbl_03904,dlk_tbl_03623,dlk_tbl_03624,gob_tbl_00487,dlk_ext_00616,proc_ext_00019,dlk_ext_00134,gob_ext_00412
dlk_proceso_0005;5;proc_tbl_01138,gob_tbl_03048,gob_tbl_00445,gob_tbl_03333,dlk_tbl_03954;17;proc_tbl_03918,m4vw_tbl_02706,dlk_tbl_03643,gob_tbl_03105,dlk_tbl_03966,proc_tbl_01567,gob_tbl_03982,dlk_tbl_03095,dlk_tbl_00712,dlk_tbl_02848,gob_ext_00535,gob_ext_00644,gob_ext_00182,gob_ext_00383,dlk_ext_00314,dlk_ext_00061,dlk_ext_00266
proc_proceso_0006;7;dlk_tbl_01690,gob_tbl_01676,proc_tbl_02735,gob_tbl_03867,dash_tbl_03596,dlk_tbl_01054,gob_tbl_01387;10;dlk_tbl_00292,dlk_tbl_04224,dlk_tbl_02013,m4vw_tbl_01813,proc_tbl_02252,gob_tbl_04449,dash_ext_00565,gob_ext_00324,proc_ext_00157,proc_ext_00206
gob_proceso_0007;8;dlk_tbl_00523,gob_tbl_02418,dlk_tbl_01722,std_tbl_03793,dash_tbl_03009,gob_tbl_00654,proc_tbl_03420,gob_tbl_02856;14;ppn_tbl_02707,dlk_tbl_00240,proc_tbl_02799,proc_tbl_03146,gob_tbl_03757,proc_tbl_04010,dlk_tbl_02826,gob_tbl_02447,dlk_ext_00562,gob_ext_00328,gob_ext_00241,gob_ext_00409,gob_ext_00593,dlk_ext_00670
dlk_proceso_0008;6;dlk_tbl_04346,gob_tbl_03663,dlk_tbl_00163,dlk_tbl_01048,gob_tbl_02555,proc_tbl_03790;9;proc_tbl_00941,proc_tbl_02678,dlk_tbl_00795,dlk_tbl_00162,m4vw_tbl_02706,dlk_ext_00597,dash_ext_00187,gob_ext_00368,proc_ext_00624
gob_proceso_0009;3;dlk_tbl_04372,gob_tbl_03002,gob_tbl_01273;15;proc_tbl_01610,gob_tbl_00243,gob_tbl_03764,dlk_tbl_00951,gob_tbl_01431,dash_tbl_03261,gob_tbl_01998,std_tbl_03339,gob_tbl_01360,proc_ext_00626,gob_ext_00551,dlk_ext_00530,gob_ext_00148,proc_ext_00343,dlk_ext_00555
gob_proceso_0010;4;gob_tbl_03935,gob_tbl_03659,dlk_tbl_01037,dlk_tbl_03476;7;proc_tbl_02501,proc_tbl_00205,ppn_tbl_00355,dlk_tbl_04434,dlk_ext_00143,dlk_ext_00652,proc_ext_00231
dash_proceso_0011;7;dlk_tbl_02217,std_tbl_03498,gob_tbl_02109,proc_tbl_01776,ppn_tbl_01943,dlk_tbl_01748,gob_tbl_02111;9;gob_tbl_00656,dash_tbl_00883,dash_tbl_00340,m4vw_tbl_00347,gob_tbl_02872,dlk_ext_00098,dash_ext_00625,dlk_ext_00381,dlk_ext_00519
proc_proceso_0012;2;dash_tbl_03783,gob_tbl_00861;15;dlk_tbl_02977,gob_tbl_01373,proc_tbl_01857,dlk_tbl_04412,dash_tbl_00399,dlk_tbl_02379,gob_tbl_02818,gob_tbl_01708,dlk_tbl_00738,gob_ext_00508,dlk_ext_00083,gob_ext_00577,dlk_ext_00134,dlk_ext_00469,gob_ext_00279
dash_proceso_0013;9;dlk_tbl_02578,gob_tbl_02117,proc_tbl_03918,dlk_tbl_02334,dlk_tbl_02444,dlk_tbl_04012,ppn_tbl_02866,gob_tbl_02594,proc_tbl_00128;14;std_tbl_02458,dlk_tbl_02474,proc_tbl_03401,dlk_tbl_04454,dlk_tbl_02030,dlk_tbl_04406,gob_tbl_02648,gob_tbl_03053,proc_ext_00385,dlk_ext_00381,gob_ext_00043,m4sco_ext_00627,dlk_ext_00354,gob_ext_00032
proc_proceso_0014;5;dash_tbl_00157,dlk_tbl_04276,dlk_tbl_00712,gob_tbl_01470,gob_tbl_01685;19;proc_tbl_02979,dash_tbl_03609,dlk_tbl_01089,dlk_tbl_02245,dlk_tbl_03288,std_tbl_04428,dlk_tbl_00737,dlk_tbl_01927,gob_tbl_00729,dlk_tbl_00722,proc_tbl_02252,gob_ext_00570,dlk_ext_00134,dash_ext_00461,gob_ext_00646,std_ext_00350,dlk_ext_00193,dlk_ext_00578,gob_ext_00170
gob_proceso_0015;6;proc_tbl_00396,dlk_tbl_04425,dlk_tbl_02568,gob_tbl_00745,dlk_tbl_03972,gob_tbl_04202;6;proc_tbl_00988,gob_tbl_04357,dlk_tbl_03400,gob_ext_00383,dlk_ext_00244,proc_ext_00527
dash_proceso_0016;3;dlk_tbl_04159,dash_tbl_02709,dlk_tbl_02525;13;proc_tbl_01318,proc_tbl_01865,dlk_tbl_03074,dlk_tbl_02602,proc_tbl_01143,gob_tbl_00166,gob_tbl_03184,gob_ext_00570,dlk_ext_00663,proc_ext_00624,dlk_ext_00036,gob_ext_00112,gob_ext_00320
dash_proceso_0017;4;gob_tbl_03862,proc_tbl_03768,dlk_tbl_02272,gob_tbl_04173;7;dlk_tbl_01883,dash_tbl_00726,gob_tbl_02170,dlk_tbl_00293,dash_ext_00461,dlk_ext_00441,dash_ext_00258
gob_proceso_0018;6;proc_tbl_01547,gob_tbl_02891,proc_tbl_02491,gob_tbl_03649,proc_tbl_04422,dash_tbl_01482;15;dlk_tbl_02369,dlk_tbl_04349,gob_tbl_03788,gob_tbl_03368,dash_tbl_03904,gob_tbl_03071,proc_tbl_02888,proc_tbl_02577,dlk_tbl_01836,gob_ext_00018,dlk_ext_00277,gob_ext_00650,dlk_ext_00010,gob_ext_00382,dlk_ext_00623
proc_proceso_0019;4;dash_tbl_00725,proc_tbl_03538,dlk_tbl_02076,gob_tbl_03683;11;m4sco_tbl_03550,dlk_tbl_03144,gob_tbl_02581,gob_tbl_03418,dlk_tbl_03579,gob_tbl_01833,dlk_ext_00635,proc_ext_00683,dlk_ext_00036,dlk_ext_00125,gob_ext_00328
dash_proceso_0020;5;dlk_tbl_01412,std_tbl_04344,dlk_tbl_01072,std_tbl_03339,proc_tbl_02992;8;dlk_tbl_04217,dash_tbl_03000,dlk_tbl_00296,proc_tbl_03490,gob_tbl_03363,dlk_ext_00001,gob_ext_00535,gob_ext_00189
dlk_proceso_0021;5;gob_tbl_01366,dash_tbl_01845,ppn_tbl_01093,gob_tbl_02019,gob_tbl_03589;8;gob_tbl_01024,ppn_tbl_01294,std_tbl_01080,proc_tbl_00769,dlk_tbl_03948,proc_ext_00523,dlk_ext_00598,gob_ext_00356
proc_proceso_0022;5;dlk_tbl_01155,proc_tbl_01857,dlk_tbl_04331,gob_tbl_00284,dlk_tbl_04356;13;dash_tbl_01174,m4sco_tbl_04378,dlk_tbl_03031,dlk_tbl_00478,gob_tbl_04079,dlk_tbl_02056,gob_tbl_00831,gob_ext_00018,m4sco_ext_00571,gob_ext_00320,dlk_ext_00082,proc_ext_00272,dash_ext_00325
gob_proceso_0023;8;gob_tbl_02847,ppn_tbl_00820,dlk_tbl_02991,dlk_tbl_00301,dlk_tbl_01221,dlk_tbl_01536,dlk_tbl_00322,dlk_tbl_02397;5;gob_tbl_01350,gob_tbl_00028,gob_tbl_01433,dlk_ext_00054,dash_ext_00159
proc_proceso_0024;8;dlk_tbl_04269,gob_tbl_02172,dlk_tbl_01280,gob_tbl_02067,gob_tbl_00251,proc_tbl_01367,dlk_tbl_01870,gob_tbl_01822;23;dash_tbl_03942,dlk_tbl_02161,gob_tbl_01253,dlk_tbl_03486,proc_tbl_00291,proc_tbl_01972,dlk_tbl_01932,proc_tbl_00509,dash_tbl_04467,gob_tbl_02139,gob_tbl_01800,gob_tbl_01498,gob_tbl_04066,std_ext_00338,gob_ext_00214,proc_ext_00050,gob_ext_00344,dlk_ext_00095,gob_ext_00358,gob_ext_00091,dlk_ext_00663,dlk_ext_00588,proc_ext_00173
proc_proceso_0025;5;proc_tbl_01754,dlk_tbl_01852,dlk_tbl_02769,dlk_tbl_01728,proc_tbl_01380;7;dash_tbl_03563,dlk_tbl_02398,std_tbl_04114,gob_tbl_02069,gob_ext_00677,gob_ext_00672,dlk_ext_00579
dlk_proceso_0026;4;gob_tbl_00262,gob_tbl_00455,gob_tbl_04452,dlk_tbl_02896;10;gob_tbl_00466,gob_tbl_02234,dlk_tbl_03564,dlk_tbl_03535,dlk_tbl_03433,m4vw_tbl_02868,dlk_ext_00116,dlk_ext_00481,dlk_ext_00352,dlk_ext_00381
gob_proceso_0027;5;gob_tbl_01768,dlk_tbl_03034,dlk_tbl_04319,gob_tbl_03698,gob_tbl_03882;10;proc_tbl_01538,gob_tbl_03912,gob_tbl_01510,gob_tbl_00983,dlk_tbl_04465,gob_tbl_00987,gob_ext_00276,dlk_ext_00312,dlk_ext_00381,gob_ext_00576
proc_proceso_0028;4;dlk_tbl_01714,dash_tbl_02432,gob_tbl_04470,dash_tbl_02487;4;proc_tbl_03664,dlk_tbl_01041,dlk_ext_00322,gob_ext_00263
gob_proceso_0029;5;gob_tbl_00865,dlk_tbl_02977,dlk_tbl_02879,dlk_tbl_02963,gob_tbl_02359;5;dlk_tbl_01765,dlk_tbl_02387,gob_tbl_01254,dlk_ext_00144,gob_ext_00139
gob_proceso_0030;3;gob_tbl_00975,dlk_tbl_00606,dlk_tbl_03893;14;dlk_tbl_02816,dlk_tbl_00326,gob_tbl_02934,proc_tbl_02978,dlk_tbl_02729,dlk_tbl_02531,dlk_tbl_04437,dash_tbl_03138,dlk_ext_00372,proc_ext_00294,dlk_ext_00057,proc_ext_00013,std_ext_00338,dash_ext_00567
gob_proceso_0031;6;dlk_tbl_01249,ppn_tbl_02488,dlk_tbl_04227,proc_tbl_00342,dlk_tbl_02922,dash_tbl_04129;15;m4vw_tbl_02108,m4sco_tbl_00563,dash_tbl_02363,dlk_tbl_01091,proc_tbl_02333,dlk_tbl_03985,gob_tbl_02529,gob_tbl_03368,dlk_tbl_03657,gob_ext_00393,dlk_ext_00277,gob_ext_00219,gob_ext_00012,proc_ext_00186,gob_ext_00607
gob_proceso_0032;7;dash_tbl_01793,gob_tbl_01718,dlk_tbl_04308,dlk_tbl_02018,dlk_tbl_01732,gob_tbl_01227,gob_tbl_02094;4;proc_tbl_04259,gob_tbl_02781,dlk_ext_00465,dlk_ext_00007
proc_proceso_0033;8;gob_tbl_02959,gob_tbl_01881,dlk_tbl_01960,gob_tbl_02408,proc_tbl_01489,gob_tbl_00226,gob_tbl_04171,dlk_tbl_03724;19;dlk_tbl_02310,gob_tbl_03165,proc_tbl_00844,dlk_tbl_01891,proc_tbl_01754,gob_tbl_02658,gob_tbl_03982,gob_tbl_03145,proc_tbl_03772,dlk_tbl_02870,gob_tbl_03238,dlk_ext_00266,gob_ext_00164,dlk_ext_00193,dlk_ext_00120,gob_ext_00420,dlk_ext_00660,gob_ext_00263,dlk_ext_00031
dlk_proceso_0034;4;gob_tbl_01796,dash_tbl_00461,gob_tbl_01015,proc_tbl_04303;13;dlk_tbl_00159,gob_tbl_02459,dlk_tbl_03072,std_tbl_03339,gob_tbl_00097,gob_tbl_03148,dash_tbl_00883,proc_ext_00186,gob_ext_00375,proc_ext_00624,gob_ext_00356,m4vw_ext_00643,proc_ext_00287
proc_proceso_0035;6;dash_tbl_02639,dlk_tbl_01634,gob_tbl_00942,gob_tbl_04168,dlk_tbl_01385,proc_tbl_04387;6;proc_tbl_03928,dash_tbl_03875,gob_tbl_02378,proc_ext_00203,m4vw_ext_00101,proc_ext_00490
gob_proceso_0036;6;proc_tbl_02078,proc_tbl_02429,dash_tbl_04367,gob_tbl_03451,gob_tbl_04271,dlk_tbl_03456;6;gob_tbl_00581,proc_tbl_03118,std_tbl_00219,dash_ext_00212,gob_ext_00383,gob_ext_00133
dlk_proceso_0037;3;dlk_tbl_02128,dash_tbl_03200,gob_tbl_00945;9;proc_tbl_01198,dlk_tbl_00094,dlk_tbl_03198,proc_tbl_02473,gob_tbl_00455,dash_ext_00461,proc_ext_00458,dlk_ext_00102,gob_ext_00279
gob_proceso_0038;2;dlk_tbl_03315,gob_tbl_04394;6;gob_tbl_00729,proc_tbl_00870,ppn_tbl_00611,dlk_ext_00685,dlk_ext_00218,dlk_ext_00337
dlk_proceso_0039;3;gob_tbl_03603,proc_tbl_03445,gob_tbl_00374;4;dlk_tbl_00337,dlk_tbl_01290,gob_ext_00497,proc_ext_00186
dlk_proceso_0040;6;proc_tbl_00377,gob_tbl_01586,std_tbl_02210,dlk_tbl_00105,m4vw_tbl_02093,std_tbl_00744;9;proc_tbl_01031,dlk_tbl_00761,gob_tbl_02059,dlk_tbl_01131,dlk_tbl_04302,m4sco_ext_00232,std_ext_00402,dlk_ext_00004,gob_ext_00508
dlk_proceso_0041;4;dlk_tbl_00650,gob_tbl_00206,gob_tbl_01666,gob_tbl_02619;6;dlk_tbl_00457,dlk_tbl_03373,gob_tbl_03937,gob_ext_00554,proc_ext_00318,dlk_ext_00284
dlk_proceso_0042;2;gob_tbl_01726,proc_tbl_00988;6;proc_tbl_03566,gob_tbl_04408,dlk_tbl_03160,dlk_ext_00536,dlk_ext_00542,gob_ext_00257
dlk_proceso_0043;6;dlk_tbl_00365,gob_tbl_01159,dlk_tbl_01277,dlk_tbl_03144,gob_tbl_00971,gob_tbl_00525;6;dlk_tbl_02633,gob_tbl_00566,gob_tbl_01934,proc_ext_00327,proc_ext_00030,gob_ext_00012
proc_proceso_0044;5;dlk_tbl_01887,proc_tbl_00629,gob_tbl_03613,gob_tbl_03767,dlk_tbl_02716;7;dlk_tbl_00969,dlk_tbl_02831,gob_tbl_00618,gob_tbl_03815,gob_ext_00252,std_ext_00350,dlk_ext_00430
dash_proceso_0045;4;gob_tbl_02424,dlk_tbl_03479,m4sco_tbl_02020,dlk_tbl_02664;4;gob_tbl_00647,proc_tbl_02990,dlk_ext_00144,gob_ext_00126
proc_proceso_0046;2;proc_tbl_01153,dlk_tbl_02474;6;m4sco_tbl_00498,std_tbl_02686,gob_tbl_02610,dlk_ext_00634,gob_ext_00256,gob_ext_00303
dlk_proceso_0047;4;gob_tbl_02153,gob_tbl_02734,dlk_tbl_02313,gob_tbl_00289;11;dlk_tbl_03985,dlk_tbl_02525,gob_tbl_04241,proc_tbl_04060,dlk_tbl_03693,gob_tbl_03593,proc_ext_00287,dlk_ext_00285,gob_ext_00518,gob_ext_00524,proc_ext_00446
proc_proceso_0048;5;gob_tbl_00922,proc_tbl_01645,gob_tbl_00916,dash_tbl_02622,dlk_tbl_04368;8;gob_tbl_00469,dlk_tbl_01746,dlk_tbl_00158,dlk_tbl_04389,dash_tbl_03183,dlk_ext_00516,dash_ext_00625,gob_ext_00517
gob_proceso_0049;8;gob_tbl_03708,gob_tbl_00475,gob_tbl_00732,gob_tbl_00533,gob_tbl_01160,dlk_tbl_01805,dlk_tbl_02287,dlk_tbl_00183;5;proc_tbl_01857,dlk_tbl_02723,gob_tbl_00920,dash_ext_00480,dlk_ext_00349
gob_proceso_0050;8;gob_tbl_02107,dlk_tbl_01704,gob_tbl_01183,gob_tbl_00414,gob_tbl_03368,dlk_tbl_01898,dlk_tbl_00505,gob_tbl_00873;6;proc_tbl_02383,dash_tbl_03009,dash_tbl_04158,dlk_ext_00590,dlk_ext_00081,dlk_ext_00360
gob_proceso_0051;2;dash_tbl_04101,dlk_tbl_02142;6;dlk_tbl_00014,gob_tbl_04426,gob_tbl_03243,gob_ext_00651,dlk_ext_00036,gob_ext_00541
dlk_proceso_0052;4;gob_tbl_00345,dlk_tbl_00217,m4sco_tbl_04145,gob_tbl_03740;10;gob_tbl_04278,proc_tbl_02247,proc_tbl_04365,gob_tbl_01833,std_tbl_00534,dlk_tbl_02626,gob_ext_00346,m4sco_ext_00107,dlk_ext_00431,gob_ext_00329
dash_proceso_0053;6;dlk_tbl_02862,proc_tbl_02607,dlk_tbl_02826,gob_tbl_00463,dlk_tbl_00187,gob_tbl_03738;13;gob_tbl_02529,gob_tbl_04334,gob_tbl_00822,dlk_tbl_04037,gob_tbl_04093,gob_tbl_00710,gob_tbl_00989,dash_ext_00056,gob_ext_00366,dlk_ext_00309,proc_ext_00287,gob_ext_00563,ppn_ext_00585
dlk_proceso_0054;3;gob_tbl_00822,gob_tbl_00469,gob_tbl_00950;9;dlk_tbl_00478,dash_tbl_00172,gob_tbl_00620,dlk_tbl_02569,gob_tbl_00252,gob_ext_00576,proc_ext_00407,gob_ext_00122,dlk_ext_00615
proc_proceso_0055;6;dlk_tbl_03874,proc_tbl_00279,dlk_tbl_00966,dash_tbl_00368,dlk_tbl_01584,gob_tbl_04241;8;dlk_tbl_02128,dlk_tbl_01359,m4vw_tbl_02853,gob_tbl_00561,gob_tbl_01124,dlk_ext_00590,proc_ext_00069,gob_ext_00027
dash_proceso_0056;3;dlk_tbl_04448,proc_tbl_00834,proc_tbl_03190;13;dlk_tbl_03216,dash_tbl_02416,gob_tbl_03529,m4sco_tbl_00563,gob_tbl_04079,dlk_tbl_02738,dlk_tbl_01297,dlk_ext_00134,dash_ext_00480,gob_ext_00371,dlk_ext_00145,dlk_ext_00481,gob_ext_00640
dlk_proceso_0057;4;dlk_tbl_01912,gob_tbl_02254,dash_tbl_03590,proc_tbl_01042;11;dlk_tbl_02569,proc_tbl_00280,gob_tbl_00599,std_tbl_03711,dlk_tbl_00878,proc_tbl_01367,gob_ext_00044,dlk_ext_00073,m4sco_ext_00273,dlk_ext_00453,proc_ext_00206
gob_proceso_0058;7;dlk_tbl_00943,gob_tbl_01618,dlk_tbl_04182,gob_tbl_04023,dlk_tbl_00440,gob_tbl_03089,proc_tbl_01460;15;ppn_tbl_00596,dlk_tbl_04120,dlk_tbl_03166,dlk_tbl_00855,gob_tbl_00938,dlk_tbl_02654,gob_tbl_03171,proc_tbl_02918,dlk_tbl_00287,dlk_ext_00180,dlk_ext_00678,gob_ext_00673,dlk_ext_00587,dlk_ext_00035,dash_ext_00493
gob_proceso_0059;4;dlk_tbl_00324,gob_tbl_02497,dlk_tbl_04282,proc_tbl_00103;9;proc_tbl_04060,gob_tbl_01929,dash_tbl_01595,dlk_tbl_04263,proc_tbl_00441,std_ext_00338,proc_ext_00025,dash_ext_00480,dlk_ext_00431
dlk_proceso_0060;4;gob_tbl_01566,gob_tbl_01247,dlk_tbl_01743,dash_tbl_03953;4;dash_tbl_01523,gob_tbl_02638,proc_ext_00591,gob_ext_00551
gob_proceso_0061;4;dlk_tbl_00701,dash_tbl_01677,gob_tbl_03578,proc_tbl_03976;12;std_tbl_02686,gob_tbl_00097,gob_tbl_01988,dlk_tbl_02357,std_tbl_04080,gob_tbl_04121,dlk_tbl_03721,proc_ext_00272,dlk_ext_00656,dlk_ext_00074,std_ext_00194,gob_ext_00375
dlk_proceso_0062;6;dlk_tbl_02410,proc_tbl_00095,dlk_tbl_02852,proc_tbl_01097,gob_tbl_00243,dlk_tbl_00171;16;ppn_tbl_03964,dlk_tbl_03628,gob_tbl_00483,dlk_tbl_00570,proc_tbl_02472,std_tbl_03431,dlk_tbl_00363,dlk_tbl_00078,dlk_tbl_00740,dash_ext_00348,gob_ext_00254,proc_ext_00343,dash_ext_00212,dlk_ext_00441,dash_ext_00311,dlk_ext_00361
gob_proceso_0063;3;gob_tbl_02545,gob_tbl_03227,dlk_tbl_01023;4;dash_tbl_03542,dash_tbl_00402,dlk_ext_00211,proc_ext_00611
dlk_proceso_0064;4;dlk_tbl_03890,m4sco_tbl_03467,proc_tbl_01814,dlk_tbl_02389;10;dlk_tbl_00686,proc_tbl_03348,dlk_tbl_03715,dash_tbl_00705,proc_tbl_00074,dlk_tbl_00326,m4sco_ext_00253,gob_ext_00358,proc_ext_00327,gob_ext_00605
gob_proceso_0065;3;gob_tbl_03688,dash_tbl_03561,dlk_tbl_01559;11;dlk_tbl_01899,gob_tbl_00467,dlk_tbl_03975,gob_tbl_00238,dlk_tbl_01301,gob_tbl_00308,dlk_ext_00377,dlk_ext_00414,dlk_ext_00211,gob_ext_00306,gob_ext_00577
dlk_proceso_0066;2;dlk_tbl_02212,gob_tbl_04077;10;gob_tbl_03122,gob_tbl_02412,dlk_tbl_02151,dlk_tbl_00027,dlk_tbl_04427,dlk_tbl_02831,gob_ext_00283,dlk_ext_00516,dlk_ext_00336,proc_ext_00229
proc_proceso_0067;2;proc_tbl_03512,dash_tbl_02034;7;proc_tbl_04348,gob_tbl_02827,std_tbl_02686,proc_tbl_00099,dlk_ext_00119,gob_ext_00139,proc_ext_00626
dlk_proceso_0068;6;dlk_tbl_04454,dlk_tbl_01599,gob_tbl_03780,ppn_tbl_00596,dlk_tbl_01491,gob_tbl_03947;10;gob_tbl_03244,dlk_tbl_04127,proc_tbl_01537,gob_tbl_03755,dlk_tbl_00228,dlk_tbl_02889,proc_ext_00013,proc_ext_00399,dlk_ext_00542,proc_ext_00097
dlk_proceso_0069;3;proc_tbl_01332,gob_tbl_04250,gob_tbl_00982;11;dlk_tbl_04356,dlk_tbl_00432,dlk_tbl_01504,gob_tbl_01115,gob_tbl_02699,dash_tbl_01197,gob_ext_00375,dlk_ext_00530,dlk_ext_00034,gob_ext_00363,dlk_ext_00666
dlk_proceso_0070;2;dlk_tbl_03715,dlk_tbl_04067;13;gob_tbl_00386,proc_tbl_03116,gob_tbl_00631,dlk_tbl_00022,gob_tbl_04242,dlk_tbl_03841,proc_tbl_00901,proc_ext_00009,dlk_ext_00337,gob_ext_00576,gob_ext_00090,dash_ext_00486,gob_ext_00582
proc_proceso_0071;4;gob_tbl_03250,dash_tbl_02580,dlk_tbl_01126,gob_tbl_00233;6;dlk_tbl_02862,dash_tbl_03542,dlk_tbl_04360,proc_ext_00222,dash_ext_00676,std_ext_00165
dlk_proceso_0072;4;dlk_tbl_04036,gob_tbl_00236,proc_tbl_03401,dlk_tbl_00249;11;dlk_tbl_03568,m4vw_tbl_03973,gob_tbl_01917,dlk_tbl_03353,gob_tbl_04242,gob_tbl_01015,dlk_ext_00036,dlk_ext_00616,proc_ext_00357,gob_ext_00417,ppn_ext_00289
gob_proceso_0073;6;gob_tbl_00912,gob_tbl_00462,std_tbl_02481,dlk_tbl_01735,dlk_tbl_04249,proc_tbl_03006;6;dlk_tbl_02787,std_tbl_04080,m4vw_tbl_01813,m4sco_ext_00404,gob_ext_00141,dlk_ext_00134
gob_proceso_0074;6;gob_tbl_02910,dlk_tbl_01832,dlk_tbl_00480,gob_tbl_01757,dlk_tbl_00155,dlk_tbl_04052;10;gob_tbl_01997,dlk_tbl_03660,gob_tbl_01726,m4vw_tbl_00763,dlk_tbl_01556,dash_tbl_03138,dash_ext_00679,dlk_ext_00238,dlk_ext_00632,gob_ext_00220
dlk_proceso_0075;6;gob_tbl_00706,proc_tbl_01003,dash_tbl_00653,dlk_tbl_01788,proc_tbl_04328,dash_tbl_00883;11;gob_tbl_00411,dash_tbl_02749,gob_tbl_00702,gob_tbl_02163,gob_tbl_04215,dlk_tbl_00432,gob_ext_00543,proc_ext_00024,dlk_ext_00476,dlk_ext_00355,dlk_ext_00481
dlk_proceso_0076;2;gob_tbl_03495,std_tbl_03793;20;m4vw_tbl_04088,gob_tbl_02144,dash_tbl_03924,proc_tbl_03836,proc_tbl_03877,dlk_tbl_01301,gob_tbl_03825,dlk_tbl_02897,gob_tbl_02502,gob_tbl_01206,dlk_tbl_01195,gob_tbl_01317,dlk_ext_00014,gob_ext_00607,proc_ext_00370,dash_ext_00040,proc_ext_00399,dlk_ext_00245,dash_ext_00212,gob_ext_00582
dash_proceso_0077;5;dlk_tbl_02237,dlk_tbl_02763,dlk_tbl_00558,dlk_tbl_01597,dlk_tbl_00514;11;dlk_tbl_01832,gob_tbl_01831,proc_tbl_02931,dlk_tbl_00055,std_tbl_02759,gob_tbl_02827,dlk_ext_00488,proc_ext_00287,gob_ext_00475,gob_ext_00686,dash_ext_00056
dlk_proceso_0078;3;gob_tbl_01439,gob_tbl_00395,std_tbl_02712;14;m4vw_tbl_03395,dlk_tbl_02642,dlk_tbl_01344,dash_tbl_04347,gob_tbl_00669,dlk_tbl_01228,proc_tbl_02336,dlk_tbl_02369,gob_ext_00297,ppn_ext_00401,dlk_ext_00081,dash_ext_00311,dlk_ext_00516,dlk_ext_00423
gob_proceso_0079;6;gob_tbl_03887,gob_tbl_01502,dlk_tbl_02000,proc_tbl_03510,dlk_tbl_04257,dlk_tbl_02520;10;dash_tbl_00277,proc_tbl_02552,proc_tbl_01578,gob_tbl_02239,proc_tbl_03097,proc_tbl_03677,dlk_ext_00010,std_ext_00338,dlk_ext_00160,gob_ext_00604
gob_proceso_0080;4;gob_tbl_03103,dlk_tbl_03256,gob_tbl_02648,m4sco_tbl_00773;9;m4vw_tbl_02108,gob_tbl_02836,gob_tbl_01201,dlk_tbl_00189,dlk_tbl_02796,gob_ext_00358,proc_ext_00424,dlk_ext_00655,dlk_ext_00224
dlk_proceso_0081;2;dlk_tbl_02708,gob_tbl_01235;8;m4vw_tbl_01010,m4sco_tbl_01860,gob_tbl_03847,m4vw_tbl_01196,dlk_tbl_00968,proc_ext_00290,dlk_ext_00423,dlk_ext_00555
dlk_proceso_0082;6;dlk_tbl_02037,proc_tbl_01476,gob_tbl_03184,dlk_tbl_00855,proc_tbl_02506,dash_tbl_01951;11;dlk_tbl_03223,dash_tbl_03752,dlk_tbl_00886,proc_tbl_03110,gob_tbl_02976,dash_tbl_01331,gob_ext_00326,gob_ext_00166,gob_ext_00140,dlk_ext_00098,dlk_ext_00473
dash_proceso_0083;7;gob_tbl_01929,std_tbl_03114,proc_tbl_01673,gob_tbl_04272,proc_tbl_01804,gob_tbl_00559,dash_tbl_00727;15;proc_tbl_02469,gob_tbl_02484,dlk_tbl_01449,dlk_tbl_01544,proc_tbl_02333,gob_tbl_01346,gob_tbl_00289,gob_tbl_03186,gob_tbl_02271,proc_ext_00626,ppn_ext_00319,dlk_ext_00355,dash_ext_00325,dlk_ext_00361,proc_ext_00287
proc_proceso_0084;2;gob_tbl_02012,dash_tbl_01740;13;proc_tbl_01343,dlk_tbl_01729,gob_tbl_02074,proc_tbl_01673,dlk_tbl_01452,dash_tbl_01858,dlk_tbl_01519,dlk_ext_00597,gob_ext_00221,dlk_ext_00109,gob_ext_00435,dlk_ext_00592,dlk_ext_00031
dash_proceso_0085;4;dlk_tbl_04345,proc_tbl_04149,m4sco_tbl_04296,dlk_tbl_03889;13;m4vw_tbl_04260,dlk_tbl_02822,gob_tbl_03837,dlk_tbl_00965,gob_tbl_03354,dlk_tbl_03353,proc_tbl_00980,gob_ext_00445,proc_ext_00013,gob_ext_00364,dlk_ext_00589,gob_ext_00686,gob_ext_00543
proc_proceso_0086;2;dlk_tbl_04029,gob_tbl_04194;6;proc_tbl_02501,proc_tbl_01516,gob_tbl_00192,gob_ext_00328,proc_ext_00272,gob_ext_00561
proc_proceso_0087;6;dash_tbl_03674,dash_tbl_00627,dlk_tbl_02330,proc_tbl_01848,m4vw_tbl_01196,dlk_tbl_02531;11;gob_tbl_03011,dlk_tbl_02688,gob_tbl_02316,dlk_tbl_02907,gob_tbl_00069,proc_tbl_00190,gob_ext_00283,dlk_ext_00089,dlk_ext_00211,gob_ext_00686,proc_ext_00539
dash_proceso_0088;4;dlk_tbl_01764,dlk_tbl_03948,gob_tbl_00254,dash_tbl_02306;10;gob_tbl_02957,dlk_tbl_04132,proc_tbl_04337,proc_tbl_01283,dlk_tbl_03878,dlk_tbl_01862,gob_ext_00215,proc_ext_00684,ppn_ext_00653,proc_ext_00501
dlk_proceso_0089;4;dash_tbl_04453,gob_tbl_03318,proc_tbl_00806,dlk_tbl_02803;14;proc_tbl_02952,proc_tbl_02469,dlk_tbl_03684,gob_tbl_00165,gob_tbl_01346,gob_tbl_02790,dlk_tbl_04349,dlk_tbl_04099,proc_ext_00286,dlk_ext_00521,gob_ext_00540,gob_ext_00264,gob_ext_00328,gob_ext_00221
gob_proceso_0090;5;gob_tbl_04390,gob_tbl_03857,dlk_tbl_02150,ppn_tbl_00560,dlk_tbl_00590;14;gob_tbl_01856,proc_tbl_00204,dlk_tbl_00512,gob_tbl_00307,dlk_tbl_04308,proc_tbl_03931,proc_tbl_03230,gob_tbl_03011,gob_ext_00215,dash_ext_00127,dlk_ext_00168,proc_ext_00046,proc_ext_00437,dlk_ext_00251
dlk_proceso_0091;6;dlk_tbl_01763,proc_tbl_00333,gob_tbl_02489,proc_tbl_02003,dlk_tbl_02926,dash_tbl_04376;11;dlk_tbl_02943,dlk_tbl_04180,dlk_tbl_01068,gob_tbl_01076,gob_tbl_03571,gob_tbl_03080,gob_ext_00183,gob_ext_00328,dlk_ext_00434,dlk_ext_00526,proc_ext_00013
dlk_proceso_0092;5;dlk_tbl_01548,dlk_tbl_04210,dash_tbl_01174,gob_tbl_00581,dash_tbl_00151;12;dlk_tbl_01312,gob_tbl_00915,gob_tbl_03488,gob_tbl_00371,gob_tbl_02658,dlk_tbl_03031,gob_tbl_01560,proc_ext_00523,gob_ext_00672,ppn_ext_00289,dlk_ext_00035,gob_ext_00111
dlk_proceso_0093;3;gob_tbl_03136,gob_tbl_04371,gob_tbl_02342;6;dlk_tbl_02369,proc_tbl_00211,dlk_tbl_03365,gob_ext_00306,dash_ext_00270,dlk_ext_00516
dash_proceso_0094;6;gob_tbl_02241,proc_tbl_03772,gob_tbl_00918,dlk_tbl_01435,dlk_tbl_00511,std_tbl_03700;11;dash_tbl_02782,proc_tbl_02385,gob_tbl_01346,gob_tbl_03837,dlk_tbl_02520,dlk_tbl_03458,gob_ext_00366,dash_ext_00480,dlk_ext_00008,dlk_ext_00566,dlk_ext_00365
dlk_proceso_0095;5;dlk_tbl_00162,gob_tbl_01375,gob_tbl_02196,m4vw_tbl_04088,proc_tbl_03616;14;dash_tbl_00224,proc_tbl_02577,dlk_tbl_03562,proc_tbl_03366,gob_tbl_00818,gob_tbl_03430,dlk_tbl_04234,dlk_tbl_01686,proc_ext_00483,gob_ext_00018,gob_ext_00256,dash_ext_00586,gob_ext_00543,gob_ext_00541
gob_proceso_0096;5;dlk_tbl_00005,gob_tbl_02070,std_tbl_01203,dlk_tbl_03951,dlk_tbl_02897;7;ppn_tbl_01294,proc_tbl_01187,dlk_tbl_03766,gob_tbl_00223,gob_ext_00646,dash_ext_00679,dlk_ext_00081
proc_proceso_0097;4;gob_tbl_02875,dlk_tbl_03909,dlk_tbl_04236,gob_tbl_00711;13;dlk_tbl_01597,gob_tbl_03815,gob_tbl_03618,gob_tbl_04077,dash_tbl_00705,dlk_tbl_04223,proc_tbl_00562,proc_ext_00432,gob_ext_00027,gob_ext_00478,proc_ext_00407,dlk_ext_00136,gob_ext_00393
dlk_proceso_0098;6;dash_tbl_02903,dlk_tbl_02981,dash_tbl_02653,proc_tbl_02888,proc_tbl_02650,gob_tbl_00114;6;proc_tbl_02036,gob_tbl_02619,gob_tbl_02818,dash_ext_00565,dlk_ext_00120,dlk_ext_00034
proc_proceso_0099;3;gob_tbl_02143,gob_tbl_02504,m4vw_tbl_02868;4;gob_tbl_02079,dlk_tbl_01910,m4vw_ext_00515,dlk_ext_00314
gob_proceso_0100;3;gob_tbl_00702,dlk_tbl_00699,dlk_tbl_00713;15;gob_tbl_01225,dlk_tbl_04287,dlk_tbl_01359,proc_tbl_01817,std_tbl_02179,dlk_tbl_03196,std_tbl_02686,dlk_tbl_03470,ppn_tbl_03164,dlk_ext_00089,gob_ext_00214,proc_ext_00626,gob_ext_00195,dash_ext_00675,dlk_ext_00057
proc_proceso_0101;5;gob_tbl_01035,gob_tbl_00375,proc_tbl_01959,dlk_tbl_01615,dash_tbl_03577;12;gob_tbl_02146,dlk_tbl_00931,dlk_tbl_00118,dlk_tbl_00955,gob_tbl_02891,dlk_tbl_03216,proc_tbl_00509,gob_ext_00500,gob_ext_00497,proc_ext_00531,gob_ext_00018,dlk_ext_00516
gob_proceso_0102;5;std_tbl_01230,gob_tbl_02394,gob_tbl_03359,gob_tbl_03300,gob_tbl_00580;7;proc_tbl_00074,dlk_tbl_02914,gob_tbl_03096,proc_tbl_00454,proc_ext_00601,proc_ext_00030,dlk_ext_00589
dlk_proceso_0103;6;std_tbl_00343,proc_tbl_03650,dlk_tbl_03988,dlk_tbl_00292,dash_tbl_02072,gob_tbl_03237;11;dlk_tbl_02677,gob_tbl_00782,gob_tbl_03045,proc_tbl_02173,gob_tbl_01997,proc_tbl_02840,gob_ext_00373,dash_ext_00485,gob_ext_00223,dash_ext_00325,dlk_ext_00037
dlk_proceso_0104;7;m4vw_tbl_01110,proc_tbl_00046,proc_tbl_01916,std_tbl_00219,gob_tbl_01977,dlk_tbl_01215,proc_tbl_02336;9;gob_tbl_00967,proc_tbl_02315,gob_tbl_00052,dlk_tbl_01271,dlk_tbl_04393,ppn_ext_00058,proc_ext_00206,gob_ext_00158,dlk_ext_00592
dash_proceso_0105;3;dlk_tbl_00076,proc_tbl_02446,gob_tbl_00831;11;dlk_tbl_03771,proc_tbl_04060,proc_tbl_02333,gob_tbl_03757,gob_tbl_01258,dlk_tbl_02293,gob_ext_00256,gob_ext_00681,gob_ext_00573,dlk_ext_00057,dash_ext_00325
dlk_proceso_0106;5;gob_tbl_02131,proc_tbl_02990,dash_tbl_04467,gob_tbl_02867,dlk_tbl_00780;14;gob_tbl_00331,dlk_tbl_02435,m4vw_tbl_02108,gob_tbl_02059,gob_tbl_01680,gob_tbl_03455,dlk_tbl_01078,gob_tbl_00295,dlk_ext_00034,dlk_ext_00506,proc_ext_00013,gob_ext_00269,proc_ext_00385,dlk_ext_00045
dlk_proceso_0107;4;dlk_tbl_00313,gob_tbl_02032,gob_tbl_02733,dlk_tbl_04213;7;gob_tbl_00783,gob_tbl_03571,dlk_tbl_00838,gob_tbl_02059,dlk_ext_00061,dlk_ext_00116,dlk_ext_00440
dlk_proceso_0108;3;m4sco_tbl_01522,dlk_tbl_02202,dlk_tbl_02364;10;gob_tbl_01165,proc_tbl_03915,proc_tbl_02570,std_tbl_02179,ppn_tbl_03280,dlk_tbl_00490,gob_ext_00219,dlk_ext_00217,gob_ext_00511,proc_ext_00421
dlk_proceso_0109;4;gob_tbl_02166,dlk_tbl_01808,m4vw_tbl_01528,gob_tbl_03864;12;gob_tbl_01964,dlk_tbl_02371,gob_tbl_00595,dlk_tbl_00621,dlk_tbl_03801,std_tbl_02697,dlk_tbl_01597,gob_ext_00651,proc_ext_00498,proc_ext_00447,proc_ext_00332,proc_ext_00028
gob_proceso_0110;6;gob_tbl_02382,dash_tbl_01687,dlk_tbl_01219,gob_tbl_00768,dlk_tbl_02851,proc_tbl_02023;12;dlk_tbl_00601,dlk_tbl_00413,std_tbl_01286,dlk_tbl_00401,dlk_tbl_03948,proc_tbl_02169,dlk_tbl_04247,dlk_ext_00006,std_ext_00438,dlk_ext_00459,proc_ext_00231,proc_ext_00097
proc_proceso_0111;2;dlk_tbl_01166,dlk_tbl_04030;9;gob_tbl_00853,dlk_tbl_03681,std_tbl_02353,dash_tbl_03081,dlk_tbl_03802,dlk_ext_00001,dlk_ext_00386,dlk_ext_00003,gob_ext_00636
gob_proceso_0112;3;proc_tbl_01085,gob_tbl_03135,proc_tbl_01710;14;dlk_tbl_02013,dlk_tbl_00296,dash_tbl_02311,dlk_tbl_03988,gob_tbl_03079,dlk_tbl_00362,dlk_tbl_03198,gob_tbl_02144,gob_ext_00602,proc_ext_00682,gob_ext_00543,gob_ext_00544,dlk_ext_00053,dlk_ext_00045
gob_proceso_0113;5;proc_tbl_02314,dlk_tbl_04132,gob_tbl_02983,dash_tbl_00234,gob_tbl_02620;4;gob_tbl_03815,dlk_tbl_01749,dash_ext_00586,proc_ext_00531
gob_proceso_0114;7;proc_tbl_03604,dlk_tbl_04220,gob_tbl_01574,gob_tbl_03570,gob_tbl_02640,gob_tbl_03811,dlk_tbl_03365;15;dash_tbl_02685,dlk_tbl_00965,gob_tbl_00308,gob_tbl_00053,proc_tbl_00279,gob_tbl_03096,gob_tbl_01625,dlk_tbl_00898,dlk_tbl_04071,m4vw_ext_00101,gob_ext_00636,dlk_ext_00516,dlk_ext_00079,dlk_ext_00530,proc_ext_00227
proc_proceso_0115;3;proc_tbl_04324,dash_tbl_00809,gob_tbl_02537;13;gob_tbl_03136,dlk_tbl_03066,dlk_tbl_00401,gob_tbl_03637,proc_tbl_03976,dlk_tbl_00674,dlk_tbl_04435,dlk_ext_00660,dlk_ext_00516,m4sco_ext_00571,dlk_ext_00035,gob_ext_00528,gob_ext_00393
dlk_proceso_0116;9;gob_tbl_04363,gob_tbl_00177,proc_tbl_03178,gob_tbl_01105,dlk_tbl_00819,proc_tbl_03161,proc_tbl_00930,gob_tbl_04064,gob_tbl_02533;14;dash_tbl_00554,dlk_tbl_04257,proc_tbl_02931,proc_tbl_04065,dash_tbl_00787,dlk_tbl_00077,dlk_tbl_00134,gob_tbl_02794,dlk_ext_00045,proc_ext_00028,dlk_ext_00487,gob_ext_00105,dlk_ext_00596,gob_ext_00223
dlk_proceso_0117;2;gob_tbl_00257,dlk_tbl_03622;13;gob_tbl_04208,dlk_tbl_01418,dash_tbl_03261,gob_tbl_04147,m4vw_tbl_02834,proc_tbl_00816,dlk_tbl_02566,gob_ext_00551,dash_ext_00565,proc_ext_00378,dlk_ext_00506,proc_ext_00078,proc_ext_00009
dlk_proceso_0118;4;proc_tbl_02567,dash_tbl_00758,gob_tbl_00130,gob_tbl_01339;14;dlk_tbl_00419,dlk_tbl_03647,gob_tbl_03011,dash_tbl_00172,gob_tbl_00728,dash_tbl_01356,dlk_tbl_02213,dlk_tbl_01127,gob_ext_00580,gob_ext_00541,dlk_ext_00562,proc_ext_00176,dlk_ext_00309,dlk_ext_00532
gob_proceso_0119;5;proc_tbl_01342,gob_tbl_01820,proc_tbl_03632,dlk_tbl_01290,dlk_tbl_02895;11;gob_tbl_02144,dlk_tbl_02320,gob_tbl_01298,gob_tbl_01233,dash_tbl_02671,ppn_tbl_03964,dlk_ext_00525,gob_ext_00303,dlk_ext_00597,dlk_ext_00081,gob_ext_00022
gob_proceso_0120;6;dlk_tbl_00271,dlk_tbl_00453,proc_tbl_00117,gob_tbl_03426,gob_tbl_01937,dlk_tbl_03520;5;dash_tbl_02453,m4sco_tbl_01771,dlk_tbl_03373,proc_ext_00421,gob_ext_00491
dlk_proceso_0121;2;dlk_tbl_04177,std_tbl_01200;7;std_tbl_04114,dlk_tbl_00187,gob_tbl_02109,gob_tbl_01818,proc_ext_00171,ppn_ext_00255,gob_ext_00012
dlk_proceso_0122;4;dlk_tbl_03721,dlk_tbl_03411,gob_tbl_02146,dlk_tbl_00136;10;dlk_tbl_03592,dlk_tbl_03378,std_tbl_00610,dlk_tbl_01397,proc_tbl_00549,proc_tbl_02445,proc_ext_00446,proc_ext_00030,dlk_ext_00174,dash_ext_00146
dlk_proceso_0123;4;dlk_tbl_02573,dlk_tbl_01421,dlk_tbl_02750,dlk_tbl_02789;6;gob_tbl_01151,dlk_tbl_00808,dlk_tbl_02764,dash_ext_00258,m4vw_ext_00513,dlk_ext_00299
proc_proceso_0124;5;dash_tbl_01611,gob_tbl_01115,dlk_tbl_00077,gob_tbl_00907,dlk_tbl_00019;10;dlk_tbl_00126,proc_tbl_03664,proc_tbl_00741,dlk_tbl_04284,proc_tbl_00029,gob_tbl_00130,gob_ext_00122,gob_ext_00091,dash_ext_00311,dlk_ext_00559
dlk_proceso_0125;5;gob_tbl_02125,proc_tbl_01753,dlk_tbl_01100,proc_tbl_00168,dlk_tbl_01861;8;proc_tbl_03632,gob_tbl_01652,gob_tbl_03071,gob_tbl_00923,proc_tbl_00279,dash_ext_00480,proc_ext_00437,dash_ext_00311
dlk_proceso_0126;3;std_tbl_01080,dlk_tbl_00186,gob_tbl_01258;13;proc_tbl_03812,dlk_tbl_02436,dlk_tbl_01452,gob_tbl_01826,gob_tbl_03296,gob_tbl_00179,gob_tbl_00983,proc_ext_00407,dlk_ext_00459,gob_ext_00651,dlk_ext_00245,dlk_ext_00038,gob_ext_00680
proc_proceso_0127;5;dlk_tbl_03391,dlk_tbl_03902,gob_tbl_02703,proc_tbl_03527,gob_tbl_01821;10;dlk_tbl_03795,dlk_tbl_01126,gob_tbl_01539,dlk_tbl_00024,ppn_tbl_02022,proc_tbl_02819,dlk_ext_00238,m4sco_ext_00439,gob_ext_00321,gob_ext_00650
dlk_proceso_0128;6;dlk_tbl_02428,proc_tbl_00482,m4vw_tbl_03557,proc_tbl_02904,dlk_tbl_03463,dlk_tbl_01304;11;dlk_tbl_03658,dlk_tbl_00136,std_tbl_04333,dlk_tbl_00290,gob_tbl_03523,dlk_tbl_00432,dlk_ext_00208,dlk_ext_00174,gob_ext_00557,dlk_ext_00599,proc_ext_00407
proc_proceso_0129;3;dlk_tbl_01695,dlk_tbl_01933,gob_tbl_00160;12;dlk_tbl_02389,dash_tbl_01146,gob_tbl_03354,gob_tbl_00984,dlk_tbl_03733,std_tbl_01794,gob_tbl_03882,dlk_ext_00386,dlk_ext_00360,gob_ext_00409,gob_ext_00368,gob_ext_00364
dlk_proceso_0130;5;gob_tbl_00230,gob_tbl_01800,gob_tbl_02863,dash_tbl_01709,gob_tbl_03516;17;dlk_tbl_01862,gob_tbl_00889,gob_tbl_04191,dlk_tbl_00163,proc_tbl_01042,ppn_tbl_01949,proc_tbl_02941,gob_tbl_02661,dash_tbl_03852,dlk_tbl_04437,dash_ext_00270,gob_ext_00650,dlk_ext_00349,dash_ext_00243,gob_ext_00080,gob_ext_00393,dlk_ext_00014
gob_proceso_0131;5;gob_tbl_03907,dlk_tbl_03205,dash_tbl_02751,m4sco_tbl_02250,dash_tbl_00688;13;dash_tbl_04074,dash_tbl_00242,dlk_tbl_01599,dlk_tbl_00546,gob_tbl_00275,dlk_tbl_02822,gob_tbl_01060,gob_ext_00205,gob_ext_00279,dlk_ext_00036,dash_ext_00565,dlk_ext_00459,proc_ext_00222
proc_proceso_0132;5;gob_tbl_01384,dlk_tbl_01246,m4sco_tbl_01139,dlk_tbl_00840,gob_tbl_03586;12;dlk_tbl_01445,dlk_tbl_02354,gob_tbl_01890,gob_tbl_00868,gob_tbl_03937,dlk_tbl_03551,gob_tbl_02905,gob_ext_00543,proc_ext_00591,dlk_ext_00081,dlk_ext_00408,dlk_ext_00345
gob_proceso_0133;4;dlk_tbl_02816,gob_tbl_03043,gob_tbl_03435,proc_tbl_02915;7;dlk_tbl_03981,dlk_tbl_03003,dlk_tbl_00904,gob_tbl_00696,dash_ext_00307,gob_ext_00636,gob_ext_00491
proc_proceso_0134;3;gob_tbl_00430,dlk_tbl_02427,std_tbl_01867;11;dash_tbl_03547,gob_tbl_03136,gob_tbl_03620,gob_tbl_02800,gob_tbl_01105,proc_tbl_01678,dlk_ext_00587,dash_ext_00676,gob_ext_00594,dlk_ext_00596,dlk_ext_00381
dlk_proceso_0135;3;dlk_tbl_04399,dash_tbl_01540,gob_tbl_03442;17;gob_tbl_01720,dlk_tbl_00917,dlk_tbl_04287,proc_tbl_00901,gob_tbl_02613,gob_tbl_03275,dlk_tbl_04386,dash_tbl_02618,gob_tbl_01352,gob_tbl_01067,gob_ext_00150,dash_ext_00581,gob_ext_00497,gob_ext_00673,gob_ext_00297,dash_ext_00258,proc_ext_00129
proc_proceso_0136;5;dlk_tbl_03288,gob_tbl_03269,proc_tbl_01426,gob_tbl_00327,ppn_tbl_03666;14;gob_tbl_01981,gob_tbl_02395,proc_tbl_03533,gob_tbl_02084,proc_tbl_04293,gob_tbl_02505,dlk_tbl_01021,std_tbl_01286,proc_ext_00171,gob_ext_00112,dlk_ext_00656,gob_ext_00237,dlk_ext_00076,ppn_ext_00289
gob_proceso_0137;3;gob_tbl_04203,dlk_tbl_02062,dlk_tbl_01576;13;proc_tbl_02206,proc_tbl_02164,gob_tbl_03269,gob_tbl_02181,std_tbl_01203,gob_tbl_04294,dlk_tbl_00004,dlk_ext_00236,gob_ext_00576,dlk_ext_00038,dlk_ext_00481,dlk_ext_00405,dlk_ext_00408
gob_proceso_0138;2;gob_tbl_01819,gob_tbl_01478;8;dlk_tbl_03046,gob_tbl_03036,gob_tbl_04064,dlk_tbl_01132,ppn_tbl_01294,gob_ext_00582,gob_ext_00214,gob_ext_00658
dlk_proceso_0139;6;m4vw_tbl_02068,dash_tbl_04009,gob_tbl_01694,dlk_tbl_00804,gob_tbl_03788,gob_tbl_03737;15;std_tbl_00534,dlk_tbl_02335,dlk_tbl_01746,dlk_tbl_03826,proc_tbl_02315,gob_tbl_00807,dlk_tbl_01836,dash_tbl_04367,dlk_tbl_01634,dlk_ext_00522,dash_ext_00613,dlk_ext_00193,dlk_ext_00037,gob_ext_00356,gob_ext_00163
dash_proceso_0140;6;gob_tbl_01961,dlk_tbl_03504,gob_tbl_01130,dlk_tbl_03054,gob_tbl_04186,dlk_tbl_01383;10;proc_tbl_03607,dlk_tbl_02803,gob_tbl_03327,proc_tbl_02325,dlk_tbl_00318,m4vw_tbl_00389,proc_ext_00171,dash_ext_00676,gob_ext_00364,dlk_ext_00193
gob_proceso_0141;2;std_tbl_02225,m4vw_tbl_03395;10;dlk_tbl_03154,gob_tbl_00817,dlk_tbl_02202,gob_tbl_01977,dlk_tbl_01854,dlk_tbl_02047,dlk_ext_00265,dash_ext_00051,dash_ext_00212,gob_ext_00661
dlk_proceso_0142;4;dlk_tbl_00296,dlk_tbl_02509,m4vw_tbl_04054,gob_tbl_03805;7;gob_tbl_02872,ppn_tbl_00195,proc_tbl_04387,proc_tbl_00283,dash_ext_00397,gob_ext_00262,gob_ext_00524
dlk_proceso_0143;2;dlk_tbl_03249,gob_tbl_00624;6;proc_tbl_02799,dash_tbl_00191,dlk_tbl_00387,gob_ext_00214,dlk_ext_00558,gob_ext_00412
dlk_proceso_0144;3;m4vw_tbl_03973,gob_tbl_00734,gob_tbl_00223;5;gob_tbl_04381,dlk_tbl_03034,dlk_tbl_02895,m4vw_ext_00115,proc_ext_00343
dlk_proceso_0145;4;std_tbl_03525,gob_tbl_00286,gob_tbl_01416,dlk_tbl_02947;4;dlk_tbl_03301,dash_tbl_03674,gob_ext_00582,dlk_ext_00414
proc_proceso_0146;6;dlk_tbl_00315,gob_tbl_02243,dlk_tbl_00458,gob_tbl_03865,gob_tbl_02233,gob_tbl_01907;6;gob_tbl_01866,dlk_tbl_03185,dlk_tbl_03005,dlk_ext_00538,dlk_ext_00081,dlk_ext_00652
dlk_proceso_0147;2;std_tbl_00348,dlk_tbl_00510;10;dlk_tbl_00570,proc_tbl_00842,gob_tbl_01800,gob_tbl_01201,dlk_tbl_01629,dash_tbl_01223,gob_ext_00605,gob_ext_00594,proc_ext_00113,dash_ext_00127
gob_proceso_0148;2;std_tbl_02255,gob_tbl_04469;13;gob_tbl_03489,gob_tbl_01895,dlk_tbl_01131,dlk_tbl_00485,proc_tbl_03356,dlk_tbl_03319,gob_tbl_03481,std_ext_00622,gob_ext_00256,gob_ext_00063,dlk_ext_00175,std_ext_00201,dash_ext_00492
proc_proceso_0149;3;proc_tbl_00941,dlk_tbl_01727,dlk_tbl_02375;9;dlk_tbl_03599,dlk_tbl_00217,gob_tbl_03041,gob_tbl_00132,dlk_tbl_03902,dash_ext_00270,dlk_ext_00616,dlk_ext_00119,gob_ext_00607
dash_proceso_0150;3;gob_tbl_03152,gob_tbl_03077,proc_tbl_02645;12;gob_tbl_02555,gob_tbl_01423,ppn_tbl_02022,gob_tbl_03122,dlk_tbl_01629,ppn_tbl_00926,dlk_tbl_03829,proc_ext_00025,dlk_ext_00361,dlk_ext_00595,dlk_ext_00134,dash_ext_00638
proc_proceso_0151;6;dlk_tbl_02855,dlk_tbl_02676,gob_tbl_04408,dlk_tbl_02369,gob_tbl_03219,proc_tbl_02264;9;dlk_tbl_04432,gob_tbl_04230,dlk_tbl_04300,proc_tbl_03646,proc_tbl_01972,proc_ext_00019,dash_ext_00127,dlk_ext_00098,gob_ext_00044
dlk_proceso_0152;5;gob_tbl_00176,dash_tbl_02110,dlk_tbl_00388,proc_tbl_00824,dash_tbl_00717;14;gob_tbl_00026,proc_tbl_00280,dlk_tbl_02870,std_tbl_00866,gob_tbl_02196,ppn_tbl_01790,gob_tbl_00540,gob_tbl_00179,dlk_ext_00597,gob_ext_00110,gob_ext_00580,dlk_ext_00411,proc_ext_00539,ppn_ext_00583
gob_proceso_0153;6;dlk_tbl_02848,gob_tbl_00794,gob_tbl_01550,dlk_tbl_02056,dlk_tbl_01681,dlk_tbl_00617;6;gob_tbl_02356,gob_tbl_01478,dlk_tbl_04247,dlk_ext_00251,std_ext_00338,dlk_ext_00124
dlk_proceso_0154;8;dlk_tbl_03734,dlk_tbl_02188,gob_tbl_02944,std_tbl_00892,dlk_tbl_03392,dlk_tbl_04359,dlk_tbl_00135,proc_tbl_04183;6;dlk_tbl_01692,gob_tbl_00216,proc_tbl_03401,dlk_ext_00233,proc_ext_00490,gob_ext_00442
dlk_proceso_0155;5;gob_tbl_03092,gob_tbl_01168,dlk_tbl_02564,gob_tbl_03148,proc_tbl_03931;7;gob_tbl_00165,dlk_tbl_03988,proc_tbl_00333,ppn_tbl_00355,m4vw_ext_00643,dlk_ext_00381,gob_ext_00164
gob_proceso_0156;5;dlk_tbl_01889,dlk_tbl_00743,proc_tbl_00661,dash_tbl_03952,gob_tbl_03073;8;dlk_tbl_00063,dash_tbl_02775,dash_tbl_02311,dlk_tbl_00163,dlk_tbl_00137,dlk_ext_00590,dlk_ext_00569,gob_ext_00576
dlk_proceso_0157;3;dlk_tbl_04284,dlk_tbl_02906,dlk_tbl_02402;14;gob_tbl_00214,dlk_tbl_03735,gob_tbl_01151,dlk_tbl_03680,dlk_tbl_03710,dlk_tbl_02018,m4vw_tbl_04260,dlk_tbl_00823,dlk_ext_00098,dlk_ext_00342,proc_ext_00621,dlk_ext_00073,gob_ext_00573,gob_ext_00551
gob_proceso_0158;4;gob_tbl_01106,gob_tbl_03045,dlk_tbl_01266,proc_tbl_03946;8;gob_tbl_00248,dlk_tbl_02955,dlk_tbl_00795,std_tbl_01063,dlk_tbl_00965,dlk_ext_00659,dlk_ext_00381,dlk_ext_00440
dlk_proceso_0159;3;proc_tbl_02167,gob_tbl_01917,gob_tbl_00920;11;dash_tbl_01715,gob_tbl_03048,proc_tbl_00227,dlk_tbl_01870,gob_tbl_00669,dash_tbl_02643,gob_ext_00582,dlk_ext_00405,gob_ext_00122,proc_ext_00294,dlk_ext_00083
gob_proceso_0160;6;dlk_tbl_02756,dlk_tbl_04120,gob_tbl_00830,std_tbl_03127,gob_tbl_03528,dlk_tbl_03634;13;dlk_tbl_01249,gob_tbl_01046,m4vw_tbl_00763,dlk_tbl_03391,proc_tbl_04033,proc_tbl_03584,gob_tbl_02339,gob_ext_00373,gob_ext_00669,gob_ext_00090,m4sco_ext_00232,dlk_ext_00228,dlk_ext_00355
dlk_proceso_0161;5;dlk_tbl_02741,proc_tbl_02345,gob_tbl_03912,proc_tbl_04310,dlk_tbl_00078;4;gob_tbl_04438,dash_tbl_04222,dash_ext_00565,gob_ext_00383
gob_proceso_0162;6;dlk_tbl_00055,gob_tbl_00393,proc_tbl_00816,m4vw_tbl_00282,gob_tbl_00538,gob_tbl_03813;10;gob_tbl_03971,proc_tbl_01343,dlk_tbl_03310,dlk_tbl_01852,gob_tbl_03094,dlk_tbl_00296,dlk_ext_00118,proc_ext_00385,dlk_ext_00014,dlk_ext_00109
dlk_proceso_0163;7;proc_tbl_00999,gob_tbl_03526,gob_tbl_02139,dlk_tbl_03684,gob_tbl_00429,dash_tbl_03991,proc_tbl_01928;15;dlk_tbl_01983,dlk_tbl_00650,proc_tbl_00098,m4vw_tbl_00660,gob_tbl_02243,dlk_tbl_02531,gob_tbl_00887,dlk_tbl_03975,proc_tbl_02315,dlk_ext_00175,gob_ext_00604,dlk_ext_00662,gob_ext_00614,dlk_ext_00199,dlk_ext_00180
dlk_proceso_0164;5;proc_tbl_04089,dlk_tbl_00073,gob_tbl_00372,gob_tbl_03820,dlk_tbl_00225;10;dlk_tbl_03850,dlk_tbl_04304,gob_tbl_02731,dlk_tbl_02299,dash_tbl_00787,gob_tbl_01885,dash_ext_00461,gob_ext_00366,dlk_ext_00199,dlk_ext_00396
proc_proceso_0165;6;dlk_tbl_01399,dlk_tbl_03449,dlk_tbl_02328,gob_tbl_00839,proc_tbl_02252,gob_tbl_00367;10;gob_tbl_04355,proc_tbl_02819,gob_tbl_01755,gob_tbl_00989,dlk_tbl_04434,dlk_tbl_04030,gob_ext_00269,dlk_ext_00408,dlk_ext_00337,dash_ext_00613
gob_proceso_0166;4;proc_tbl_00205,proc_tbl_04330,proc_tbl_00584,gob_tbl_04097;6;dash_tbl_00354,m4vw_tbl_02490,dlk_tbl_03905,gob_ext_00163,dash_ext_00492,gob_ext_00198
dlk_proceso_0167;5;proc_tbl_02494,gob_tbl_00275,dlk_tbl_03319,gob_tbl_01044,dash_tbl_03597;14;gob_tbl_03435,proc_tbl_04365,dlk_tbl_00523,gob_tbl_00577,dlk_tbl_03987,std_tbl_00017,gob_tbl_03134,dlk_tbl_00569,m4sco_ext_00232,proc_ext_00203,gob_ext_00264,proc_ext_00407,dlk_ext_00061,gob_ext_00041
gob_proceso_0168;4;dlk_tbl_03746,dlk_tbl_04298,dlk_tbl_03997,gob_tbl_02405;7;gob_tbl_02794,dlk_tbl_04012,gob_tbl_00145,dash_tbl_03561,dlk_ext_00525,gob_ext_00320,gob_ext_00593
dlk_proceso_0169;3;proc_tbl_03989,proc_tbl_00775,dlk_tbl_03373;14;dlk_tbl_02677,proc_tbl_02680,dlk_tbl_01359,dash_tbl_00872,gob_tbl_03982,dlk_tbl_02389,gob_tbl_03135,dlk_tbl_02855,dlk_ext_00274,dlk_ext_00597,std_ext_00350,dlk_ext_00665,gob_ext_00346,proc_ext_00682
gob_proceso_0170;7;gob_tbl_04207,dlk_tbl_02601,gob_tbl_02459,gob_tbl_01954,gob_tbl_01998,dlk_tbl_01217,dlk_tbl_00496;10;dlk_tbl_01889,gob_tbl_02806,dlk_tbl_00241,dlk_tbl_01781,m4vw_tbl_03375,proc_tbl_00741,gob_ext_00219,proc_ext_00556,dlk_ext_00405,dlk_ext_00431
gob_proceso_0171;6;dash_tbl_01356,dlk_tbl_00792,gob_tbl_03571,dlk_tbl_02873,proc_tbl_01873,dlk_tbl_01477;10;dlk_tbl_00078,proc_tbl_02169,std_tbl_02115,gob_tbl_02529,proc_tbl_03925,dlk_tbl_02310,gob_ext_00223,gob_ext_00373,dlk_ext_00599,std_ext_00609
dlk_proceso_0172;7;dlk_tbl_01101,gob_tbl_00449,gob_tbl_03468,dlk_tbl_00118,m4vw_tbl_03775,dlk_tbl_01445,m4sco_tbl_01731;1;proc_tbl_01198
dlk_proceso_0173;4;dlk_tbl_00963,dlk_tbl_01580,dlk_tbl_00674,gob_tbl_03629;11;proc_tbl_02888,dlk_tbl_01984,gob_tbl_01602,proc_tbl_03420,gob_tbl_02102,proc_tbl_00099,dash_ext_00480,proc_ext_00367,gob_ext_00214,dlk_ext_00315,dlk_ext_00236
dlk_proceso_0174;2;dlk_tbl_00199,gob_tbl_02391;9;proc_tbl_01187,proc_tbl_00088,proc_tbl_03113,gob_tbl_02394,dash_tbl_01272,dlk_ext_00391,gob_ext_00680,gob_ext_00048,dash_ext_00676
gob_proceso_0175;4;dlk_tbl_00269,dlk_tbl_03575,gob_tbl_00915,dash_tbl_03194;9;gob_tbl_04382,gob_tbl_02326,dlk_tbl_02028,dash_tbl_03000,gob_tbl_03300,gob_ext_00195,gob_ext_00557,dlk_ext_00434,dash_ext_00485
proc_proceso_0176;6;std_tbl_01224,gob_tbl_01370,dlk_tbl_02945,proc_tbl_01514,proc_tbl_02039,dlk_tbl_01120;10;gob_tbl_03511,gob_tbl_03629,dlk_tbl_03817,dlk_tbl_01383,gob_tbl_02878,ppn_tbl_00147,proc_ext_00013,gob_ext_00366,gob_ext_00133,dlk_ext_00162
dlk_proceso_0177;8;dlk_tbl_02858,gob_tbl_01046,dlk_tbl_03005,gob_tbl_03614,gob_tbl_01071,proc_tbl_03607,dlk_tbl_01589,gob_tbl_00179;19;dlk_tbl_04302,gob_tbl_04385,dlk_tbl_03290,dlk_tbl_04139,gob_tbl_01531,dlk_tbl_03515,std_tbl_02232,proc_tbl_01031,gob_tbl_03171,dlk_tbl_04027,proc_tbl_01766,proc_ext_00327,dlk_ext_00118,dlk_ext_00134,dash_ext_00613,m4sco_ext_00472,proc_ext_00601,gob_ext_00047,gob_ext_00497
gob_proceso_0178;4;proc_tbl_00099,proc_tbl_02041,gob_tbl_01834,proc_tbl_02383;7;gob_tbl_01720,proc_tbl_03263,gob_tbl_00559,proc_tbl_00901,proc_ext_00055,proc_ext_00539,dlk_ext_00076
gob_proceso_0179;3;std_tbl_00435,gob_tbl_01390,dlk_tbl_00352;4;dlk_tbl_03988,dlk_tbl_00432,dlk_ext_00652,dlk_ext_00083
gob_proceso_0180;3;gob_tbl_00559,m4vw_tbl_01813,gob_tbl_02540;13;gob_tbl_03813,gob_tbl_00776,dlk_tbl_03762,gob_tbl_02154,gob_tbl_01036,proc_tbl_00124,dlk_tbl_03776,dlk_ext_00134,gob_ext_00320,dlk_ext_00064,dlk_ext_00175,dlk_ext_00578,ppn_ext_00585
proc_proceso_0181;3;dlk_tbl_01329,proc_tbl_00542,dlk_tbl_03125;9;proc_tbl_00576,proc_tbl_01516,gob_tbl_03682,dash_tbl_02308,dlk_tbl_02569,dlk_ext_00098,gob_ext_00464,dlk_ext_00031,gob_ext_00264
dlk_proceso_0182;6;dash_tbl_02995,dlk_tbl_03984,dlk_tbl_03576,gob_tbl_03804,dlk_tbl_02259,m4sco_tbl_03233;6;gob_tbl_02125,proc_tbl_01355,dlk_tbl_00240,proc_ext_00171,proc_ext_00443,proc_ext_00332
dash_proceso_0183;3;m4sco_tbl_02539,gob_tbl_02956,gob_tbl_02059;12;dlk_tbl_01432,gob_tbl_01551,gob_tbl_00374,proc_tbl_00000,dash_tbl_03131,dlk_tbl_00855,gob_tbl_03145,gob_ext_00503,dash_ext_00676,std_ext_00402,dlk_ext_00014,dlk_ext_00228
proc_proceso_0184;2;dlk_tbl_04179,dlk_tbl_01891;10;dash_tbl_03814,dlk_tbl_00024,proc_tbl_02938,gob_tbl_02958,std_tbl_02353,gob_tbl_01666,dlk_ext_00516,proc_ext_00113,proc_ext_00055,dlk_ext_00092
gob_proceso_0185;5;dlk_tbl_01210,gob_tbl_04124,dlk_tbl_00071,proc_tbl_03422,dash_tbl_01633;7;proc_tbl_01753,gob_tbl_03837,dlk_tbl_03260,std_tbl_04005,proc_ext_00055,proc_ext_00626,dlk_ext_00175
dlk_proceso_0186;3;dash_tbl_02665,gob_tbl_03494,proc_tbl_01671;17;dlk_tbl_03735,dlk_tbl_02245,gob_tbl_04072,dlk_tbl_02789,dash_tbl_00936,gob_tbl_03011,proc_tbl_03268,proc_tbl_02247,dlk_tbl_03975,dlk_tbl_03870,gob_ext_00644,dlk_ext_00190,dash_ext_00397,dlk_ext_00015,gob_ext_00303,gob_ext_00090,gob_ext_00029
dlk_proceso_0187;8;gob_tbl_04413,gob_tbl_01016,proc_tbl_00124,dlk_tbl_04140,proc_tbl_00197,dlk_tbl_03185,proc_tbl_04235,proc_tbl_02673;10;proc_tbl_04008,gob_tbl_04155,dlk_tbl_01515,gob_tbl_03126,dlk_tbl_01121,gob_tbl_00885,dlk_ext_00007,gob_ext_00133,dlk_ext_00415,dlk_ext_00453
dlk_proceso_0188;2;dlk_tbl_01940,dlk_tbl_02095;9;dlk_tbl_03029,proc_tbl_00486,gob_tbl_04438,proc_tbl_04112,dash_tbl_03799,dlk_ext_00361,dash_ext_00282,dlk_ext_00451,gob_ext_00090
dlk_proceso_0189;7;gob_tbl_02305,m4sco_tbl_01005,gob_tbl_02651,gob_tbl_00133,gob_tbl_04419,dlk_tbl_01407,m4sco_tbl_02031;9;dlk_tbl_02569,gob_tbl_02537,dlk_tbl_03515,dlk_tbl_00719,gob_tbl_03412,dlk_ext_00391,dlk_ext_00499,dlk_ext_00354,proc_ext_00523
dlk_proceso_0190;7;gob_tbl_02878,dlk_tbl_01053,dlk_tbl_01604,dlk_tbl_02279,proc_tbl_02063,gob_tbl_00835,dlk_tbl_01692;9;dlk_tbl_03185,dlk_tbl_03927,dlk_tbl_01782,dlk_tbl_03095,dlk_tbl_02750,proc_ext_00624,gob_ext_00371,dash_ext_00461,dlk_ext_00520
dash_proceso_0191;6;proc_tbl_03439,dlk_tbl_01310,gob_tbl_00060,m4sco_tbl_02687,dlk_tbl_00843,gob_tbl_04085;10;gob_tbl_02117,ppn_tbl_01294,dash_tbl_01197,dlk_tbl_04018,dlk_tbl_03644,dlk_tbl_01059,proc_ext_00539,dlk_ext_00558,dlk_ext_00562,dlk_ext_00081
proc_proceso_0192;5;gob_tbl_01103,gob_tbl_00092,gob_tbl_00212,gob_tbl_02872,dlk_tbl_02579;17;gob_tbl_01129,gob_tbl_02378,gob_tbl_01060,proc_tbl_04010,dlk_tbl_02895,dlk_tbl_02407,std_tbl_01080,gob_tbl_00410,dlk_tbl_04454,gob_tbl_03847,gob_ext_00673,gob_ext_00561,dlk_ext_00522,gob_ext_00328,proc_ext_00436,gob_ext_00316,proc_ext_00300
dlk_proceso_0193;5;dlk_tbl_00707,gob_tbl_00857,dash_tbl_02307,proc_tbl_03355,dlk_tbl_02147;14;ppn_tbl_02707,proc_tbl_02132,gob_tbl_02957,gob_tbl_01964,gob_tbl_02194,dlk_tbl_02355,ppn_tbl_02451,gob_tbl_00631,gob_ext_00658,proc_ext_00113,gob_ext_00241,m4vw_ext_00161,dlk_ext_00061,dlk_ext_00210
dlk_proceso_0194;5;gob_tbl_00122,dash_tbl_00623,dlk_tbl_00904,gob_tbl_03523,gob_tbl_00716;7;gob_tbl_02925,proc_tbl_01638,gob_tbl_00831,dlk_tbl_03568,gob_ext_00018,dlk_ext_00284,dlk_ext_00315
dlk_proceso_0195;3;dash_tbl_02994,proc_tbl_00909,std_tbl_01364;13;dlk_tbl_03750,gob_tbl_01591,dash_tbl_03542,m4vw_tbl_01786,proc_tbl_02888,gob_tbl_01298,gob_tbl_02794,dash_ext_00676,gob_ext_00540,proc_ext_00013,proc_ext_00227,dlk_ext_00431,proc_ext_00290
gob_proceso_0196;3;std_tbl_03446,dlk_tbl_03444,ppn_tbl_02184;14;gob_tbl_00577,gob_tbl_00207,std_tbl_03675,gob_tbl_00814,dlk_tbl_00061,proc_tbl_02164,dlk_tbl_02728,gob_tbl_03426,gob_ext_00221,proc_ext_00186,dlk_ext_00433,dlk_ext_00116,dlk_ext_00578,proc_ext_00222
dlk_proceso_0197;6;proc_tbl_01323,gob_tbl_00991,gob_tbl_03105,dlk_tbl_02677,gob_tbl_02939,dlk_tbl_02024;10;gob_tbl_00455,gob_tbl_04288,dlk_tbl_00022,std_tbl_00064,dlk_tbl_01634,proc_tbl_00144,dlk_ext_00430,dlk_ext_00616,proc_ext_00290,std_ext_00512
dash_proceso_0198;3;dash_tbl_00939,ppn_tbl_03432,dlk_tbl_00522;6;gob_tbl_02498,proc_tbl_00529,proc_tbl_00754,std_ext_00338,gob_ext_00672,gob_ext_00435
gob_proceso_0199;4;gob_tbl_00635,dash_tbl_03828,dlk_tbl_01147,gob_tbl_00116;7;dlk_tbl_01007,m4vw_tbl_00639,dlk_tbl_00699,dlk_tbl_03276,dash_ext_00051,dash_ext_00565,gob_ext_00477
dlk_proceso_0200;5;dlk_tbl_03361,m4vw_tbl_00347,proc_tbl_01698,dlk_tbl_00403,dlk_tbl_03680;12;proc_tbl_00909,gob_tbl_00351,dlk_tbl_02870,gob_tbl_00636,gob_tbl_04202,dash_tbl_02674,gob_tbl_02144,dlk_ext_00426,gob_ext_00080,dlk_ext_00137,gob_ext_00577,gob_ext_00500
dash_proceso_0201;8;gob_tbl_03815,proc_tbl_00821,proc_tbl_02786,proc_tbl_00847,gob_tbl_04219,dash_tbl_03970,dlk_tbl_00951,std_tbl_01063;23;m4sco_tbl_02009,proc_tbl_03931,ppn_tbl_00195,dlk_tbl_02647,gob_tbl_03352,gob_tbl_03804,proc_tbl_03855,proc_tbl_02164,gob_tbl_01036,proc_tbl_00477,dash_tbl_01646,dlk_tbl_02724,gob_tbl_01539,gob_ext_00576,proc_ext_00682,dlk_ext_00499,gob_ext_00475,dlk_ext_00431,dlk_ext_00345,dlk_ext_00167,dlk_ext_00641,gob_ext_00387,gob_ext_00032
gob_proceso_0202;5;dlk_tbl_03379,proc_tbl_01313,gob_tbl_02140,gob_tbl_02757,std_tbl_02701;8;dlk_tbl_02263,dash_tbl_03298,dlk_tbl_04237,dlk_tbl_00137,gob_tbl_04363,dash_ext_00281,dlk_ext_00538,gob_ext_00371
dlk_proceso_0203;5;dash_tbl_01162,dash_tbl_03814,dash_tbl_01197,proc_tbl_02515,gob_tbl_02987;13;dlk_tbl_01536,proc_tbl_03201,std_tbl_00075,gob_tbl_00832,gob_tbl_04093,dlk_tbl_02221,gob_tbl_03342,dlk_ext_00144,dlk_ext_00314,dlk_ext_00121,gob_ext_00375,dlk_ext_00365,gob_ext_00324
dlk_proceso_0204;6;proc_tbl_03615,dlk_tbl_04082,gob_tbl_03269,proc_tbl_01324,dlk_tbl_01626,dlk_tbl_03235;5;proc_tbl_04354,dlk_tbl_04083,gob_tbl_00783,gob_ext_00500,dlk_ext_00031
dlk_proceso_0205;4;dlk_tbl_04253,dlk_tbl_00478,dlk_tbl_01542,std_tbl_01173;4;dash_tbl_00402,gob_tbl_01214,dlk_ext_00057,proc_ext_00357
dlk_proceso_0206;2;dlk_tbl_03223,dlk_tbl_03876;7;dash_tbl_01793,proc_tbl_04281,gob_tbl_01036,gob_tbl_04144,gob_ext_00068,dlk_ext_00521,dlk_ext_00616
dlk_proceso_0207;3;proc_tbl_00741,proc_tbl_04047,dlk_tbl_00068;13;dlk_tbl_04136,gob_tbl_03764,proc_tbl_03677,dlk_tbl_03647,dlk_tbl_00829,gob_tbl_01803,dlk_tbl_00196,dlk_ext_00077,gob_ext_00249,gob_ext_00646,gob_ext_00442,dlk_ext_00386,m4sco_ext_00232
proc_proceso_0208;4;dlk_tbl_02344,gob_tbl_03213,dlk_tbl_02871,gob_tbl_03838;9;gob_tbl_00016,dlk_tbl_00292,proc_tbl_01779,gob_tbl_04128,proc_tbl_04324,dlk_ext_00525,gob_ext_00344,gob_ext_00088,gob_ext_00346
dlk_proceso_0209;6;dlk_tbl_00413,gob_tbl_01095,gob_tbl_01335,proc_tbl_01163,proc_tbl_01343,dlk_tbl_04046;13;std_tbl_03114,gob_tbl_03219,gob_tbl_00991,gob_tbl_00364,std_tbl_00348,dlk_tbl_02082,gob_tbl_03272,gob_ext_00263,proc_ext_00186,gob_ext_00602,gob_ext_00576,proc_ext_00527,gob_ext_00673
dlk_proceso_0210;6;dlk_tbl_01774,gob_tbl_00671,gob_tbl_03287,proc_tbl_03914,proc_tbl_03777,gob_tbl_00778;21;dlk_tbl_02858,proc_tbl_01848,gob_tbl_02163,dlk_tbl_01536,gob_tbl_04157,dash_tbl_04321,dlk_tbl_02761,dlk_tbl_00686,ppn_tbl_00611,gob_tbl_00945,gob_tbl_01879,gob_tbl_00131,std_ext_00165,std_ext_00350,dlk_ext_00351,proc_ext_00357,gob_ext_00669,std_ext_00512,gob_ext_00067,dlk_ext_00587,dlk_ext_00349
gob_proceso_0211;4;gob_tbl_01969,dash_tbl_03026,gob_tbl_00141,gob_tbl_01321;9;m4vw_tbl_03557,proc_tbl_03566,proc_tbl_04004,dlk_tbl_02119,gob_tbl_04278,dlk_ext_00454,ppn_ext_00289,std_ext_00350,dlk_ext_00082
proc_proceso_0212;3;gob_tbl_02913,m4vw_tbl_00639,gob_tbl_00799;13;std_tbl_00435,proc_tbl_04008,gob_tbl_03926,gob_tbl_04241,dlk_tbl_02048,gob_tbl_01977,proc_tbl_03393,proc_ext_00171,gob_ext_00658,dlk_ext_00081,dlk_ext_00352,m4vw_ext_00101,dlk_ext_00162
dlk_proceso_0213;3;proc_tbl_01893,dlk_tbl_04148,proc_tbl_01143;13;gob_tbl_02102,dlk_tbl_01145,proc_tbl_00377,dlk_tbl_03889,std_tbl_00435,dlk_tbl_00329,gob_tbl_03352,proc_ext_00496,dlk_ext_00144,dlk_ext_00017,proc_ext_00332,gob_ext_00139,dlk_ext_00108
dlk_proceso_0214;8;gob_tbl_03171,dlk_tbl_02636,gob_tbl_02658,dlk_tbl_00760,dlk_tbl_00025,ppn_tbl_04441,dlk_tbl_02602,dlk_tbl_03870;9;gob_tbl_02638,gob_tbl_03430,dlk_tbl_03240,gob_tbl_00679,m4vw_tbl_02821,proc_ext_00504,dlk_ext_00430,gob_ext_00661,proc_ext_00019
gob_proceso_0215;5;std_tbl_02104,gob_tbl_03847,gob_tbl_00341,dlk_tbl_02500,gob_tbl_01319;7;std_tbl_03936,gob_tbl_03076,m4sco_tbl_01860,dlk_tbl_04162,dlk_ext_00597,dlk_ext_00391,gob_ext_00346
dlk_proceso_0216;4;gob_tbl_03819,dlk_tbl_02997,dlk_tbl_02260,proc_tbl_02660;14;gob_tbl_02976,gob_tbl_02321,proc_tbl_03113,m4vw_tbl_04017,ppn_tbl_00560,dlk_tbl_01965,gob_tbl_00026,gob_tbl_01843,dash_ext_00298,dlk_ext_00098,gob_ext_00475,dlk_ext_00538,dlk_ext_00440,dlk_ext_00160
dlk_proceso_0217;6;dlk_tbl_00258,dlk_tbl_04056,proc_tbl_04268,gob_tbl_02211,dlk_tbl_01169,gob_tbl_03008;15;proc_tbl_00549,proc_tbl_01396,gob_tbl_01378,dlk_tbl_04180,dlk_tbl_03902,proc_tbl_03445,gob_tbl_04202,gob_tbl_00374,proc_tbl_02441,proc_ext_00357,dlk_ext_00516,dlk_ext_00336,dlk_ext_00386,proc_ext_00069,dlk_ext_00119
dlk_proceso_0218;4;proc_tbl_02812,proc_tbl_04123,dlk_tbl_03046,proc_tbl_01152;3;dlk_tbl_00960,proc_tbl_03224,gob_ext_00257
dlk_proceso_0219;7;dlk_tbl_01515,dlk_tbl_00823,dlk_tbl_02452,gob_tbl_00299,ppn_tbl_03164,dlk_tbl_02151,gob_tbl_04038;11;dlk_tbl_01808,gob_tbl_01996,proc_tbl_01775,dlk_tbl_02844,dash_tbl_00335,dlk_tbl_01131,gob_ext_00477,gob_ext_00148,dlk_ext_00351,gob_ext_00366,gob_ext_00500
gob_proceso_0220;3;gob_tbl_04262,dlk_tbl_01696,gob_tbl_00108;14;gob_tbl_02317,proc_tbl_02466,dlk_tbl_01716,dlk_tbl_04216,dlk_tbl_01899,gob_tbl_00278,gob_tbl_04363,dash_tbl_00191,gob_ext_00252,proc_ext_00684,dash_ext_00002,dlk_ext_00560,dlk_ext_00522,dlk_ext_00685
gob_proceso_0221;2;gob_tbl_04152,proc_tbl_00181;10;m4sco_tbl_00789,proc_tbl_02819,dlk_tbl_01219,gob_tbl_01598,std_tbl_01230,dlk_tbl_01662,dlk_ext_00566,gob_ext_00044,ppn_ext_00653,dlk_ext_00361
proc_proceso_0222;3;proc_tbl_03019,dlk_tbl_02066,gob_tbl_00673;8;dash_tbl_04158,dlk_tbl_00200,gob_tbl_02305,gob_tbl_03374,gob_tbl_02361,dlk_ext_00265,dlk_ext_00337,gob_ext_00570
dlk_proceso_0223;3;std_tbl_04339,proc_tbl_02499,dlk_tbl_02081;14;proc_tbl_03849,m4sco_tbl_02901,std_tbl_01679,proc_tbl_01367,proc_tbl_04293,gob_tbl_03618,gob_tbl_03461,dlk_tbl_02554,gob_ext_00554,dlk_ext_00120,dlk_ext_00592,dlk_ext_00162,dlk_ext_00199,m4sco_ext_00253
dlk_proceso_0224;6;dlk_tbl_01603,proc_tbl_04322,proc_tbl_01419,gob_tbl_04209,dlk_tbl_03371,gob_tbl_00679;12;gob_tbl_02555,dlk_tbl_01407,gob_tbl_03002,gob_tbl_00865,gob_tbl_00989,gob_tbl_03578,dash_tbl_04453,dlk_ext_00381,proc_ext_00458,proc_ext_00683,dlk_ext_00120,dlk_ext_00144
dlk_proceso_0225;2;std_tbl_03132,dlk_tbl_01797;12;dlk_tbl_04279,dlk_tbl_02056,proc_tbl_04169,gob_tbl_00891,dlk_tbl_02437,dash_tbl_01045,gob_tbl_01253,gob_ext_00320,gob_ext_00306,gob_ext_00011,dlk_ext_00429,gob_ext_00541
dlk_proceso_0226;6;ppn_tbl_00355,gob_tbl_03809,dlk_tbl_03068,gob_tbl_02079,proc_tbl_01915,dash_tbl_00553;21;dlk_tbl_01302,proc_tbl_03309,dash_tbl_00730,gob_tbl_03071,dash_tbl_02308,gob_tbl_02768,dlk_tbl_00587,proc_tbl_01323,gob_tbl_04264,gob_tbl_01479,dlk_tbl_03893,gob_tbl_04357,m4sco_ext_00273,dlk_ext_00175,proc_ext_00458,dlk_ext_00588,dash_ext_00056,dlk_ext_00144,dlk_ext_00285,dlk_ext_00525,std_ext_00165
dash_proceso_0227;2;ppn_tbl_01911,proc_tbl_03030;5;dlk_tbl_04013,dlk_tbl_00271,std_tbl_01679,dlk_ext_00136,dlk_ext_00265
dash_proceso_0228;5;dlk_tbl_02715,proc_tbl_04361,proc_tbl_03348,proc_tbl_01684,m4vw_tbl_02853;5;gob_tbl_02905,gob_tbl_00216,dlk_tbl_00056,dlk_ext_00525,dlk_ext_00431
dash_proceso_0229;6;dlk_tbl_04032,proc_tbl_03765,dlk_tbl_01524,dlk_tbl_02047,gob_tbl_03080,dash_tbl_01974;13;dlk_tbl_04465,m4vw_tbl_04122,dlk_tbl_03983,dlk_tbl_01290,gob_tbl_03129,dlk_tbl_03766,proc_tbl_02406,ppn_ext_00255,proc_ext_00113,gob_ext_00329,dlk_ext_00037,gob_ext_00214,gob_ext_00254
gob_proceso_0230;4;gob_tbl_03505,dlk_tbl_00589,gob_tbl_04155,dlk_tbl_02392;6;proc_tbl_00901,gob_tbl_01919,dlk_tbl_02572,gob_ext_00346,dlk_ext_00526,gob_ext_00575
gob_proceso_0231;6;gob_tbl_02807,gob_tbl_04230,proc_tbl_01573,dlk_tbl_01030,std_tbl_04383,gob_tbl_03274;10;dash_tbl_03852,proc_tbl_01914,dlk_tbl_01452,dash_tbl_03298,dash_tbl_01415,std_tbl_02327,gob_ext_00528,dash_ext_00040,dlk_ext_00431,proc_ext_00030
dlk_proceso_0232;6;gob_tbl_01206,proc_tbl_02532,dlk_tbl_01927,dlk_tbl_01520,gob_tbl_01276,dlk_tbl_03839;10;gob_tbl_00256,gob_tbl_03847,gob_tbl_03253,proc_tbl_02931,gob_tbl_00214,dash_tbl_01434,dlk_ext_00381,dlk_ext_00230,gob_ext_00262,gob_ext_00182
dlk_proceso_0233;2;dlk_tbl_01185,dlk_tbl_02920;9;dlk_tbl_02013,dlk_tbl_03144,gob_tbl_02878,proc_tbl_01719,dlk_tbl_03390,dlk_ext_00213,gob_ext_00605,dlk_ext_00525,dlk_ext_00499
proc_proceso_0234;5;dlk_tbl_01667,dlk_tbl_02479,gob_tbl_00857,gob_tbl_03497,std_tbl_04080;17;dash_tbl_02616,dlk_tbl_04182,dlk_tbl_02358,dlk_tbl_03720,proc_tbl_00128,dlk_tbl_03587,dlk_tbl_02907,proc_tbl_03065,dlk_tbl_04284,dlk_tbl_02723,dlk_ext_00396,dlk_ext_00670,gob_ext_00215,dlk_ext_00143,proc_ext_00294,dlk_ext_00007,dlk_ext_00233
dlk_proceso_0235;6;gob_tbl_04415,gob_tbl_01315,dash_tbl_01632,dlk_tbl_01913,m4vw_tbl_00660,dlk_tbl_01494;13;gob_tbl_03545,proc_tbl_04008,dlk_tbl_01383,gob_tbl_03273,gob_tbl_03171,dlk_tbl_02668,dlk_tbl_00886,gob_ext_00375,dlk_ext_00619,gob_ext_00022,dash_ext_00056,gob_ext_00541,proc_ext_00504
proc_proceso_0236;4;dash_tbl_00720,dlk_tbl_00555,dlk_tbl_02192,dash_tbl_02739;11;dlk_tbl_02569,dlk_tbl_00925,proc_tbl_02167,gob_tbl_02338,proc_tbl_02036,dlk_tbl_03798,m4vw_ext_00515,dlk_ext_00167,proc_ext_00242,proc_ext_00078,dlk_ext_00098
dlk_proceso_0237;6;dlk_tbl_02286,dlk_tbl_00476,dlk_tbl_02511,gob_tbl_00678,proc_tbl_00881,dlk_tbl_01059;6;gob_tbl_04334,ppn_tbl_04031,dlk_tbl_00874,dlk_ext_00079,gob_ext_00295,proc_ext_00444
gob_proceso_0238;3;gob_tbl_00964,gob_tbl_03896,dlk_tbl_03922;12;gob_tbl_01560,proc_tbl_00482,proc_tbl_03201,gob_tbl_03374,dlk_tbl_04370,proc_tbl_03646,gob_tbl_00568,dlk_ext_00430,dlk_ext_00664,gob_ext_00673,dash_ext_00212,proc_ext_00028
gob_proceso_0239;5;gob_tbl_00256,dlk_tbl_01699,proc_tbl_04281,m4vw_tbl_02001,dlk_tbl_00023;7;dlk_tbl_02569,std_tbl_02255,gob_tbl_00559,gob_tbl_02463,proc_ext_00025,dlk_ext_00415,ppn_ext_00534
proc_proceso_0240;3;dlk_tbl_02236,gob_tbl_01403,proc_tbl_01789;6;proc_tbl_00227,gob_tbl_01076,gob_tbl_02972,dlk_ext_00659,gob_ext_00468,gob_ext_00540
dlk_proceso_0241;2;proc_tbl_01483,proc_tbl_01244;4;dlk_tbl_03353,gob_tbl_02661,dlk_ext_00060,gob_ext_00279
proc_proceso_0242;8;dlk_tbl_02503,dlk_tbl_01888,dlk_tbl_01316,gob_tbl_03383,dlk_tbl_03588,gob_tbl_04134,m4sco_tbl_00667,dlk_tbl_04162;6;dlk_tbl_04308,gob_tbl_04126,dlk_tbl_00401,gob_ext_00106,dlk_ext_00430,proc_ext_00504
dash_proceso_0243;2;std_tbl_01533,gob_tbl_03477;7;m4vw_tbl_01427,dlk_tbl_02082,gob_tbl_01947,dash_tbl_02643,gob_ext_00328,gob_ext_00220,proc_ext_00129
dlk_proceso_0244;3;proc_tbl_03853,dlk_tbl_02277,dlk_tbl_01751;13;gob_tbl_02806,gob_tbl_01967,proc_tbl_00571,dash_tbl_00753,proc_tbl_02472,gob_tbl_00206,std_tbl_04117,dlk_ext_00391,gob_ext_00304,dash_ext_00040,std_ext_00457,dlk_ext_00087,dlk_ext_00526
dlk_proceso_0245;3;ppn_tbl_02663,gob_tbl_00887,dlk_tbl_02297;13;dlk_tbl_03380,dash_tbl_00452,gob_tbl_02980,proc_tbl_04235,proc_tbl_04293,m4vw_tbl_03277,dlk_tbl_03475,proc_ext_00009,dlk_ext_00526,dlk_ext_00441,dlk_ext_00081,dlk_ext_00239,dlk_ext_00120
proc_proceso_0246;2;proc_tbl_03499,dash_tbl_04343;6;proc_tbl_01638,m4vw_tbl_03973,dlk_tbl_01692,dlk_ext_00034,gob_ext_00366,dlk_ext_00120
gob_proceso_0247;6;dlk_tbl_02309,proc_tbl_04060,gob_tbl_00358,gob_tbl_01879,ppn_tbl_02604,dlk_tbl_01898;9;dash_tbl_01897,gob_tbl_01806,dlk_tbl_02621,dlk_tbl_03940,proc_tbl_00316,dash_ext_00392,gob_ext_00387,gob_ext_00528,proc_ext_00327
proc_proceso_0248;6;dlk_tbl_03665,dlk_tbl_00317,dash_tbl_00603,dlk_tbl_03475,dlk_tbl_00048,proc_tbl_04098;6;gob_tbl_04245,gob_tbl_01795,dlk_tbl_00031,dlk_ext_00405,dlk_ext_00372,dlk_ext_00494
proc_proceso_0249;7;dash_tbl_02696,proc_tbl_01719,dash_tbl_00993,gob_tbl_00849,std_tbl_00472,gob_tbl_01455,gob_tbl_00631;9;dlk_tbl_00965,gob_tbl_04228,proc_tbl_04365,dlk_tbl_01693,gob_tbl_00013,gob_ext_00371,dlk_ext_00629,proc_ext_00501,dlk_ext_00081
proc_proceso_0250;6;dlk_tbl_01725,gob_tbl_00833,dash_tbl_03347,dlk_tbl_00270,gob_tbl_02502,dlk_tbl_00719;6;dlk_tbl_02654,dlk_tbl_03716,dlk_tbl_04255,gob_ext_00366,gob_ext_00329,std_ext_00350
gob_proceso_0251;6;gob_tbl_00620,dlk_tbl_04349,proc_tbl_01472,proc_tbl_03635,gob_tbl_02784,dlk_tbl_02145;10;gob_tbl_03253,proc_tbl_03605,dlk_tbl_01746,dlk_tbl_02514,dlk_tbl_04335,m4sco_tbl_01005,gob_ext_00133,dlk_ext_00459,dlk_ext_00136,proc_ext_00030
gob_proceso_0252;4;dlk_tbl_02221,gob_tbl_04199,gob_tbl_00647,dlk_tbl_02609;10;dlk_tbl_02237,dlk_tbl_02850,gob_tbl_01527,proc_tbl_01775,proc_tbl_02560,dlk_tbl_01218,gob_ext_00517,gob_ext_00048,m4sco_ext_00571,gob_ext_00170
dlk_proceso_0253;5;dlk_tbl_03564,gob_tbl_02257,dash_tbl_01595,gob_tbl_02690,gob_tbl_04351;7;dlk_tbl_01781,proc_tbl_00941,gob_tbl_02332,dlk_tbl_04012,gob_ext_00148,dlk_ext_00459,dlk_ext_00522
proc_proceso_0254;3;gob_tbl_01835,gob_tbl_02804,gob_tbl_02808;6;gob_tbl_03050,gob_tbl_04208,gob_tbl_04072,dash_ext_00281,gob_ext_00068,dash_ext_00033
gob_proceso_0255;5;gob_tbl_01211,gob_tbl_02599,proc_tbl_00754,proc_tbl_04447,dlk_tbl_01302;8;proc_tbl_01938,dlk_tbl_01780,proc_tbl_00769,dlk_tbl_02514,gob_tbl_01869,dlk_ext_00143,dlk_ext_00408,proc_ext_00024
dlk_proceso_0256;4;gob_tbl_00051,gob_tbl_01853,dlk_tbl_01583,proc_tbl_02445;10;dlk_tbl_04036,dlk_tbl_02864,proc_tbl_03201,dlk_tbl_01301,proc_tbl_01260,dlk_tbl_00686,m4sco_ext_00439,gob_ext_00528,gob_ext_00580,dlk_ext_00431
dlk_proceso_0257;3;dlk_tbl_04416,dlk_tbl_01300,dash_tbl_01737;14;dlk_tbl_01823,dlk_tbl_02964,gob_tbl_00982,proc_tbl_04116,gob_tbl_00215,dlk_tbl_00187,dlk_tbl_00152,dlk_tbl_00968,gob_ext_00576,gob_ext_00661,proc_ext_00203,dlk_ext_00017,gob_ext_00223,m4vw_ext_00115
proc_proceso_0258;3;dlk_tbl_03770,gob_tbl_00248,dash_tbl_01931;10;dlk_tbl_02048,dash_tbl_03892,proc_tbl_00205,gob_tbl_02603,dlk_tbl_02865,dlk_tbl_02583,dlk_ext_00076,dlk_ext_00118,gob_ext_00383,dlk_ext_00057
dlk_proceso_0259;2;dlk_tbl_02213,m4vw_tbl_03395;5;proc_tbl_00748,proc_tbl_02137,gob_tbl_00437,proc_ext_00290,proc_ext_00421
gob_proceso_0260;3;dlk_tbl_02149,dlk_tbl_03478,proc_tbl_02840;9;dlk_tbl_02049,dlk_tbl_03207,proc_tbl_02978,dlk_tbl_01888,dlk_tbl_02764,dash_ext_00258,proc_ext_00591,gob_ext_00541,proc_ext_00624
dlk_proceso_0261;3;gob_tbl_03709,dlk_tbl_00777,gob_tbl_01806;9;gob_tbl_03085,gob_tbl_03480,dash_tbl_03183,gob_tbl_03606,gob_tbl_00295,dlk_ext_00299,proc_ext_00340,dlk_ext_00589,proc_ext_00682
gob_proceso_0262;8;dlk_tbl_03276,gob_tbl_02893,std_tbl_00709,gob_tbl_00684,std_tbl_00548,gob_tbl_03273,dlk_tbl_02940,dash_tbl_03067;10;dlk_tbl_00523,gob_tbl_04066,proc_tbl_02164,gob_tbl_03089,proc_tbl_00524,proc_tbl_00881,gob_ext_00577,gob_ext_00128,m4sco_ext_00439,dlk_ext_00230
dlk_proceso_0263;2;ppn_tbl_03964,gob_tbl_01498;7;dlk_tbl_00235,dlk_tbl_02780,proc_tbl_01671,dlk_tbl_03444,proc_ext_00030,gob_ext_00110,dlk_ext_00238
gob_proceso_0264;7;gob_tbl_03792,dlk_tbl_04045,gob_tbl_03244,dlk_tbl_00304,dlk_tbl_04029,gob_tbl_03450,dlk_tbl_02106;4;proc_tbl_04116,dash_tbl_03596,gob_ext_00672,gob_ext_00202
gob_proceso_0265;3;dlk_tbl_04109,dlk_tbl_01328,gob_tbl_01708;9;dlk_tbl_03411,gob_tbl_04449,gob_tbl_01598,dlk_tbl_02780,dlk_tbl_01983,dlk_ext_00520,proc_ext_00624,dlk_ext_00337,dlk_ext_00240
dlk_proceso_0266;2;dlk_tbl_00490,gob_tbl_03024;12;m4vw_tbl_00660,gob_tbl_01360,proc_tbl_01355,dash_tbl_03242,gob_tbl_02257,gob_tbl_01881,dlk_tbl_03762,gob_ext_00582,dlk_ext_00345,dlk_ext_00597,dlk_ext_00079,proc_ext_00611
proc_proceso_0267;4;dlk_tbl_01121,gob_tbl_01525,gob_tbl_01640,gob_tbl_00018;10;dash_tbl_01307,gob_tbl_04278,dlk_tbl_02000,dash_tbl_01944,gob_tbl_02731,dlk_tbl_04105,dlk_ext_00284,dlk_ext_00168,dlk_ext_00280,gob_ext_00223
dash_proceso_0268;8;dash_tbl_01272,dlk_tbl_04393,dlk_tbl_01910,dlk_tbl_04451,dlk_tbl_02714,dash_tbl_01045,dash_tbl_01991,dlk_tbl_03519;9;dlk_tbl_02299,proc_tbl_04104,proc_tbl_02992,dlk_tbl_01326,gob_tbl_02783,gob_ext_00065,proc_ext_00171,gob_ext_00018,dlk_ext_00245
gob_proceso_0269;2;proc_tbl_02315,dlk_tbl_04270;7;dlk_tbl_01780,dlk_tbl_04279,dlk_tbl_00751,gob_tbl_00670,proc_ext_00624,dlk_ext_00299,gob_ext_00614
dlk_proceso_0270;3;proc_tbl_00517,proc_tbl_03326,gob_tbl_01895;8;gob_tbl_00559,dlk_tbl_04323,gob_tbl_02655,dash_tbl_02127,dlk_tbl_02428,proc_ext_00171,dlk_ext_00506,proc_ext_00523
dlk_proceso_0271;6;dlk_tbl_00229,dlk_tbl_04283,gob_tbl_02057,dlk_tbl_04013,dlk_tbl_00425,proc_tbl_02669;9;dlk_tbl_01780,gob_tbl_03961,gob_tbl_03426,dlk_tbl_02569,dash_tbl_01415,dlk_ext_00144,gob_ext_00269,dlk_ext_00538,ppn_ext_00289
proc_proceso_0272;5;gob_tbl_01213,gob_tbl_03595,gob_tbl_02827,dlk_tbl_00306,dlk_tbl_02371;8;dlk_tbl_01391,m4vw_tbl_01978,dlk_tbl_00240,dlk_tbl_01354,gob_tbl_01612,gob_ext_00383,dlk_ext_00641,gob_ext_00524
dlk_proceso_0273;2;dlk_tbl_01123,gob_tbl_02434;5;dash_tbl_03942,gob_tbl_00278,proc_tbl_01673,proc_ext_00050,dlk_ext_00217
gob_proceso_0274;5;std_tbl_04428,proc_tbl_02136,gob_tbl_03016,dlk_tbl_03255,gob_tbl_01919;4;gob_tbl_01531,gob_tbl_01373,dlk_ext_00003,dlk_ext_00277
gob_proceso_0275;4;gob_tbl_03454,dlk_tbl_00338,ppn_tbl_01790,dlk_tbl_02996;7;dlk_tbl_01887,proc_tbl_01097,proc_tbl_03309,gob_tbl_02007,dash_ext_00187,gob_ext_00573,gob_ext_00543
dlk_proceso_0276;4;gob_tbl_03652,dlk_tbl_03552,proc_tbl_03004,proc_tbl_01569;5;dlk_tbl_03893,dlk_tbl_00761,gob_tbl_01361,gob_ext_00503,gob_ext_00256
gob_proceso_0277;6;dash_tbl_01377,proc_tbl_03211,gob_tbl_01964,dlk_tbl_02780,dlk_tbl_00657,gob_tbl_02033;4;gob_tbl_04294,dash_tbl_01585,dash_ext_00187,dlk_ext_00095
gob_proceso_0278;4;proc_tbl_01880,m4vw_tbl_00237,dlk_tbl_03844,dash_tbl_01117;11;dlk_tbl_04037,dlk_tbl_01670,dlk_tbl_04067,proc_tbl_00098,proc_tbl_02445,dlk_tbl_01597,dash_ext_00187,dlk_ext_00562,gob_ext_00249,dash_ext_00613,dlk_ext_00116
proc_proceso_0279;5;dlk_tbl_03198,gob_tbl_00069,dlk_tbl_02040,gob_tbl_01232,dlk_tbl_03927;5;proc_tbl_04422,dlk_tbl_01209,dlk_tbl_00914,m4vw_ext_00161,gob_ext_00366
dlk_proceso_0280;7;dlk_tbl_01877,dlk_tbl_00757,gob_tbl_02283,dlk_tbl_03217,gob_tbl_02518,gob_tbl_04147,gob_tbl_01809;9;dlk_tbl_00390,dlk_tbl_01391,proc_tbl_02016,gob_tbl_04362,dlk_tbl_02076,gob_ext_00012,dlk_ext_00670,m4sco_ext_00107,dlk_ext_00562
gob_proceso_0281;3;gob_tbl_00810,dlk_tbl_02433,dlk_tbl_02760;15;proc_tbl_00244,gob_tbl_01602,proc_tbl_03113,gob_tbl_02610,dlk_tbl_01670,dlk_tbl_04032,gob_tbl_00550,dash_tbl_00725,dash_tbl_00717,std_ext_00350,gob_ext_00575,gob_ext_00320,dlk_ext_00076,gob_ext_00316,ppn_ext_00319
gob_proceso_0282;6;std_tbl_02969,gob_tbl_01560,dlk_tbl_01234,std_tbl_00970,dlk_tbl_01745,dlk_tbl_03221;10;gob_tbl_00794,proc_tbl_03116,dlk_tbl_00119,dlk_tbl_04234,ppn_tbl_01294,gob_tbl_00467,gob_ext_00067,dlk_ext_00663,gob_ext_00328,gob_ext_00604
gob_proceso_0283;6;proc_tbl_00680,gob_tbl_01648,dlk_tbl_02748,std_tbl_04164,dlk_tbl_03337,gob_tbl_00334;11;proc_tbl_00291,gob_tbl_04450,dlk_tbl_03817,proc_tbl_04410,dlk_tbl_03720,proc_tbl_00144,gob_ext_00264,proc_ext_00157,proc_ext_00097,gob_ext_00366,std_ext_00512
gob_proceso_0284;3;dlk_tbl_00708,dash_tbl_03305,std_tbl_00312;9;dlk_tbl_04148,proc_tbl_01374,proc_tbl_02252,gob_tbl_03053,dlk_tbl_03539,gob_ext_00551,dlk_ext_00137,gob_ext_00188,dlk_ext_00361
proc_proceso_0285;2;dash_tbl_02423,gob_tbl_03461;5;gob_tbl_03129,dlk_tbl_02852,dlk_tbl_01267,dlk_ext_00317,dlk_ext_00587
dlk_proceso_0286;7;dlk_tbl_03381,gob_tbl_01389,dlk_tbl_02745,proc_tbl_03877,gob_tbl_00728,gob_tbl_01431,gob_tbl_03345;10;gob_tbl_04147,gob_tbl_02800,proc_tbl_02336,std_tbl_01173,gob_tbl_01839,proc_tbl_00524,std_ext_00350,gob_ext_00018,dlk_ext_00352,gob_ext_00651
dlk_proceso_0287;3;dlk_tbl_02100,dash_tbl_04074,gob_tbl_00864;13;dash_tbl_01216,gob_tbl_02596,dlk_tbl_03697,gob_tbl_01079,gob_tbl_03630,proc_tbl_03263,dlk_tbl_01870,dlk_ext_00386,gob_ext_00328,gob_ext_00543,gob_ext_00048,proc_ext_00385,dlk_ext_00559
gob_proceso_0288;4;gob_tbl_02154,dlk_tbl_00134,dlk_tbl_02112,proc_tbl_01184;12;gob_tbl_01012,gob_tbl_03134,dlk_tbl_03996,gob_tbl_02718,gob_tbl_02933,dlk_tbl_02789,gob_tbl_01317,proc_ext_00601,dlk_ext_00668,dash_ext_00625,gob_ext_00366,dlk_ext_00003
dlk_proceso_0289;8;gob_tbl_03018,dash_tbl_03752,dlk_tbl_03628,dash_tbl_00320,gob_tbl_02180,dlk_tbl_03636,dlk_tbl_03920,gob_tbl_02923;5;proc_tbl_01567,dlk_tbl_01240,proc_tbl_03019,gob_ext_00316,proc_ext_00527
proc_proceso_0290;6;dlk_tbl_01021,gob_tbl_02880,std_tbl_00075,gob_tbl_01826,gob_tbl_01791,dlk_tbl_01847;4;std_tbl_00534,gob_tbl_01361,proc_ext_00385,dash_ext_00341
gob_proceso_0291;4;proc_tbl_00576,dlk_tbl_00972,gob_tbl_00336,dlk_tbl_02155;4;dash_tbl_00245,proc_tbl_02819,dlk_ext_00355,dlk_ext_00372
dlk_proceso_0292;2;dlk_tbl_03747,dlk_tbl_00073;12;gob_tbl_03090,dlk_tbl_01870,dlk_tbl_01246,proc_tbl_02441,gob_tbl_03103,dlk_tbl_00823,dash_tbl_03183,gob_ext_00295,dlk_ext_00175,dlk_ext_00092,gob_ext_00276,gob_ext_00032
dash_proceso_0293;4;proc_tbl_00173,gob_tbl_01109,dlk_tbl_00356,gob_tbl_02830;10;dlk_tbl_00657,proc_tbl_03065,gob_tbl_02670,dlk_tbl_04292,gob_tbl_03398,dlk_tbl_03221,dlk_ext_00060,dlk_ext_00337,dlk_ext_00481,proc_ext_00357
dlk_proceso_0294;3;dash_tbl_00383,proc_tbl_03598,proc_tbl_03349;15;dlk_tbl_01340,dash_tbl_02721,m4sco_tbl_02901,dlk_tbl_02679,gob_tbl_00138,gob_tbl_01739,dash_tbl_02416,dash_tbl_00993,dash_tbl_03183,dlk_ext_00361,gob_ext_00163,gob_ext_00220,dlk_ext_00440,dlk_ext_00152,dlk_ext_00509
gob_proceso_0295;3;std_tbl_02232,gob_tbl_00853,gob_tbl_03386;14;dlk_tbl_03988,gob_tbl_02928,proc_tbl_03604,proc_tbl_00205,dlk_tbl_04206,dash_tbl_03756,m4vw_tbl_02606,proc_tbl_01838,proc_ext_00380,gob_ext_00594,dlk_ext_00648,m4sco_ext_00472,dlk_ext_00117,dlk_ext_00075
dlk_proceso_0296;2;dlk_tbl_01413,std_tbl_00323;4;dash_tbl_02311,gob_tbl_02067,proc_ext_00444,proc_ext_00294
dlk_proceso_0297;5;dlk_tbl_00221,std_tbl_01627,dash_tbl_03754,dlk_tbl_00512,gob_tbl_04312;13;dlk_tbl_04465,m4vw_tbl_01196,dash_tbl_01146,std_tbl_03498,dlk_tbl_04400,m4vw_tbl_03277,dlk_tbl_02822,dlk_ext_00525,dlk_ext_00239,m4vw_ext_00643,dlk_ext_00337,gob_ext_00320,gob_ext_00658
dlk_proceso_0298;5;dash_tbl_02404,gob_tbl_00521,dlk_tbl_01590,proc_tbl_04273,proc_tbl_00369;7;proc_tbl_00529,gob_tbl_02561,proc_tbl_01357,gob_tbl_01720,gob_ext_00223,proc_ext_00206,dlk_ext_00265
dlk_proceso_0299;5;dash_tbl_02725,dlk_tbl_03703,dlk_tbl_03658,proc_tbl_03377,dash_tbl_03904;7;dlk_tbl_02095,gob_tbl_01008,gob_tbl_00289,dlk_tbl_01271,gob_ext_00264,dlk_ext_00629,proc_ext_00626
dlk_proceso_0300;5;gob_tbl_04264,proc_tbl_00066,dash_tbl_03834,dlk_tbl_00146,dlk_tbl_01904;12;gob_tbl_01254,proc_tbl_00509,gob_tbl_03986,dlk_tbl_02797,dlk_tbl_01018,dlk_tbl_03920,gob_tbl_02426,dlk_ext_00070,dlk_ext_00476,gob_ext_00644,proc_ext_00483,gob_ext_00576
dlk_proceso_0301;6;dlk_tbl_01474,dlk_tbl_03568,gob_tbl_03755,gob_tbl_04340,dlk_tbl_01499,std_tbl_03669;15;gob_tbl_01317,dlk_tbl_04335,ppn_tbl_00147,gob_tbl_03986,gob_tbl_03162,dlk_tbl_03270,dlk_tbl_03908,dlk_tbl_04309,proc_tbl_01610,dlk_ext_00178,gob_ext_00477,gob_ext_00202,proc_ext_00332,gob_ext_00524,proc_ext_00078
dlk_proceso_0302;4;gob_tbl_02197,proc_tbl_01480,gob_tbl_01902,dlk_tbl_00087;4;gob_tbl_03368,dlk_tbl_02761,dlk_ext_00335,dlk_ext_00136
proc_proceso_0303;2;gob_tbl_03753,gob_tbl_03306;10;proc_tbl_02385,dlk_tbl_04240,gob_tbl_04415,m4vw_tbl_02085,dlk_tbl_04427,dlk_tbl_03660,dlk_ext_00109,proc_ext_00443,gob_ext_00661,gob_ext_00148
gob_proceso_0304;5;dlk_tbl_00924,std_tbl_01061,dash_tbl_03000,gob_tbl_03236,proc_tbl_01116;4;dlk_tbl_02585,gob_tbl_01151,dlk_ext_00174,proc_ext_00444
gob_proceso_0305;6;gob_tbl_01652,dlk_tbl_02968,dash_tbl_03138,gob_tbl_04462,dlk_tbl_03378,dlk_tbl_04001;21;gob_tbl_00145,gob_tbl_04192,gob_tbl_00122,gob_tbl_01422,dash_tbl_00705,proc_tbl_01684,gob_tbl_01539,dlk_tbl_00261,proc_tbl_03723,m4sco_tbl_04296,dlk_tbl_02380,proc_tbl_01658,gob_ext_00221,gob_ext_00189,dash_ext_00388,dash_ext_00613,std_ext_00338,gob_ext_00018,gob_ext_00543,gob_ext_00661,dlk_ext_00060
proc_proceso_0306;7;gob_tbl_02227,gob_tbl_02356,m4vw_tbl_00433,dlk_tbl_01878,proc_tbl_01537,gob_tbl_03883,dlk_tbl_02742;9;dlk_tbl_01746,gob_tbl_00983,gob_tbl_04266,dlk_tbl_04257,proc_tbl_04259,gob_ext_00435,gob_ext_00383,proc_ext_00385,m4vw_ext_00400
gob_proceso_0307;2;gob_tbl_04288,gob_tbl_00439;15;dlk_tbl_00963,dash_tbl_03626,gob_tbl_03279,std_tbl_02458,dlk_tbl_03905,gob_tbl_00436,dlk_tbl_01022,proc_tbl_03510,proc_tbl_02915,dlk_ext_00073,dlk_ext_00598,proc_ext_00385,gob_ext_00576,proc_ext_00242,gob_ext_00065
dash_proceso_0308;3;proc_tbl_02842,dlk_tbl_03166,dlk_tbl_03158;13;dlk_tbl_02101,proc_tbl_04252,dlk_tbl_00602,dlk_tbl_03681,gob_tbl_01579,dlk_tbl_00506,gob_tbl_00663,dlk_ext_00312,dlk_ext_00265,dlk_ext_00061,gob_ext_00139,proc_ext_00447,dash_ext_00212
gob_proceso_0309;5;dlk_tbl_04034,gob_tbl_03926,dlk_tbl_03648,gob_tbl_00698,dlk_tbl_03985;9;dlk_tbl_03396,proc_tbl_02819,m4vw_tbl_01010,gob_tbl_00865,proc_tbl_01483,gob_ext_00524,gob_ext_00188,dlk_ext_00265,gob_ext_00192
gob_proceso_0310;5;gob_tbl_04111,dlk_tbl_02585,m4vw_tbl_00102,proc_tbl_00739,dlk_tbl_00129;13;dlk_tbl_01271,std_tbl_01286,dlk_tbl_01647,dlk_tbl_00203,dlk_tbl_02274,gob_tbl_01129,gob_tbl_01874,gob_ext_00283,proc_ext_00206,proc_ext_00272,dlk_ext_00081,gob_ext_00384,dash_ext_00613
gob_proceso_0311;7;dash_tbl_01905,dlk_tbl_01765,dlk_tbl_00015,gob_tbl_04172,gob_tbl_00295,gob_tbl_03259,dlk_tbl_01026;11;proc_tbl_00349,m4vw_tbl_03557,dash_tbl_03081,dash_tbl_01216,dlk_tbl_03040,gob_tbl_04042,gob_ext_00686,dlk_ext_00053,gob_ext_00435,gob_ext_00090,std_ext_00649
dlk_proceso_0312;6;dlk_tbl_00592,dash_tbl_00473,dash_tbl_02721,gob_tbl_01438,dlk_tbl_02717,gob_tbl_02675;6;gob_tbl_03088,dash_tbl_00787,proc_tbl_01179,gob_ext_00148,gob_ext_00088,proc_ext_00340
gob_proceso_0313;3;proc_tbl_04398,proc_tbl_00788,dash_tbl_02538;13;dlk_tbl_03568,gob_tbl_01641,gob_tbl_01612,proc_tbl_03146,dlk_tbl_00258,dlk_tbl_00187,dlk_tbl_00158,gob_ext_00650,gob_ext_00269,dlk_ext_00538,proc_ext_00173,dlk_ext_00525,proc_ext_00030
dlk_proceso_0314;3;dlk_tbl_02398,dash_tbl_03131,proc_tbl_01992;8;std_tbl_03827,dlk_tbl_00721,ppn_tbl_04031,gob_tbl_00559,dlk_tbl_00761,dlk_ext_00525,dlk_ext_00596,dlk_ext_00431
dlk_proceso_0315;6;std_tbl_00253,gob_tbl_03184,gob_tbl_04251,gob_tbl_03243,gob_tbl_01049,gob_tbl_00967;9;std_tbl_01038,gob_tbl_01721,gob_tbl_01178,dlk_tbl_02758,gob_tbl_04430,gob_ext_00491,dlk_ext_00431,dlk_ext_00260,dlk_ext_00315
dash_proceso_0316;4;dlk_tbl_04231,dlk_tbl_01400,proc_tbl_01762,gob_tbl_03944;7;dlk_tbl_02159,dlk_tbl_03592,proc_tbl_02560,dash_tbl_00787,dlk_ext_00265,dlk_ext_00441,gob_ext_00304
proc_proceso_0317;8;gob_tbl_00704,proc_tbl_03035,dash_tbl_01816,proc_tbl_04317,gob_tbl_03354,gob_tbl_01720,gob_tbl_02029,dlk_tbl_01629;14;dlk_tbl_01711,dlk_tbl_04045,std_tbl_00690,gob_tbl_03105,gob_tbl_00294,gob_tbl_03881,gob_tbl_00649,gob_tbl_03135,gob_ext_00128,dlk_ext_00372,dlk_ext_00001,dlk_ext_00118,proc_ext_00367,proc_ext_00413
dlk_proceso_0318;4;dlk_tbl_04119,dlk_tbl_03470,gob_tbl_01568,dlk_tbl_01975;10;proc_tbl_01184,gob_tbl_02948,proc_tbl_00941,dlk_tbl_04427,dlk_tbl_01619,dlk_tbl_01896,gob_ext_00477,dlk_ext_00007,gob_ext_00658,gob_ext_00636
gob_proceso_0319;5;dlk_tbl_02679,proc_tbl_00752,gob_tbl_00937,gob_tbl_04078,proc_tbl_00980;8;gob_tbl_00311,dlk_tbl_03874,dlk_tbl_00249,gob_tbl_02378,gob_tbl_01159,dlk_ext_00665,dlk_ext_00280,dlk_ext_00193
dlk_proceso_0320;8;gob_tbl_00216,dlk_tbl_00137,gob_tbl_03087,gob_tbl_02069,gob_tbl_02921,gob_tbl_00556,proc_tbl_01437,dlk_tbl_03338;9;proc_tbl_01190,dlk_tbl_04046,dlk_tbl_03817,dlk_tbl_01960,gob_tbl_00384,gob_ext_00371,dlk_ext_00116,proc_ext_00683,proc_ext_00186
proc_proceso_0321;6;dlk_tbl_03517,proc_tbl_01635,dlk_tbl_04232,gob_tbl_02054,ppn_tbl_03601,dlk_tbl_03283;11;gob_tbl_02361,dlk_tbl_01336,gob_tbl_04208,std_tbl_00610,dlk_tbl_00602,dlk_tbl_00189,gob_ext_00375,dlk_ext_00648,m4vw_ext_00161,dlk_ext_00138,gob_ext_00594
dlk_proceso_0322;3;std_tbl_01490,gob_tbl_03637,gob_tbl_00174;6;ppn_tbl_01943,proc_tbl_00867,m4vw_tbl_04035,gob_ext_00065,proc_ext_00050,ppn_ext_00289
gob_proceso_0323;2;proc_tbl_00464,dlk_tbl_01908;6;proc_tbl_00115,gob_tbl_02872,gob_tbl_02340,gob_ext_00247,proc_ext_00272,gob_ext_00543
dlk_proceso_0324;2;dlk_tbl_02572,proc_tbl_02810;7;proc_tbl_04146,gob_tbl_00093,proc_tbl_02002,dash_tbl_00993,dlk_ext_00323,dash_ext_00581,gob_ext_00658
gob_proceso_0325;7;gob_tbl_02209,dash_tbl_02127,gob_tbl_02516,gob_tbl_01204,dlk_tbl_01801,dlk_tbl_00572,gob_tbl_03117;20;gob_tbl_03389,dlk_tbl_03130,dlk_tbl_02742,dlk_tbl_00240,gob_tbl_04334,dash_tbl_01216,gob_tbl_04134,gob_tbl_00785,gob_tbl_00894,dlk_tbl_01383,proc_tbl_00988,proc_tbl_02383,dlk_ext_00312,proc_ext_00097,dlk_ext_00245,dlk_ext_00280,gob_ext_00316,dlk_ext_00001,proc_ext_00591,dlk_ext_00506
gob_proceso_0326;8;proc_tbl_01492,dlk_tbl_03980,dlk_tbl_00962,gob_tbl_04245,dlk_tbl_03472,dlk_tbl_03049,dlk_tbl_03260,gob_tbl_03332;19;proc_tbl_02990,proc_tbl_00291,dlk_tbl_00261,gob_tbl_03815,dlk_tbl_03459,std_tbl_04164,dlk_tbl_02379,gob_tbl_01982,dlk_tbl_02720,gob_tbl_02058,m4vw_tbl_04260,gob_ext_00133,proc_ext_00173,dlk_ext_00590,dlk_ext_00578,proc_ext_00327,dlk_ext_00408,gob_ext_00383,gob_ext_00570
gob_proceso_0327;5;proc_tbl_03627,gob_tbl_01405,dlk_tbl_00633,dlk_tbl_02765,gob_tbl_03491;10;dlk_tbl_00468,gob_tbl_03089,dlk_tbl_00271,dash_tbl_03597,dlk_tbl_04120,gob_tbl_01498,dlk_ext_00398,dlk_ext_00057,proc_ext_00626,gob_ext_00651
gob_proceso_0328;4;gob_tbl_03134,gob_tbl_01872,proc_tbl_00407,dlk_tbl_03776;6;proc_tbl_03898,proc_tbl_04060,dlk_tbl_01271,dlk_ext_00236,gob_ext_00329,gob_ext_00364
dlk_proceso_0329;3;gob_tbl_03186,dlk_tbl_00198,std_tbl_02759;8;dlk_tbl_02764,dlk_tbl_02237,proc_tbl_03107,gob_tbl_03332,m4vw_tbl_01427,gob_ext_00241,gob_ext_00672,dash_ext_00486
dlk_proceso_0330;6;gob_tbl_02629,gob_tbl_00841,gob_tbl_01069,dlk_tbl_00126,dlk_tbl_01032,dlk_tbl_01391;13;gob_tbl_00133,gob_tbl_03344,dlk_tbl_02440,proc_tbl_00940,gob_tbl_00341,proc_tbl_02949,proc_tbl_03976,dash_ext_00565,gob_ext_00279,gob_ext_00221,dlk_ext_00481,dlk_ext_00003,gob_ext_00543
dlk_proceso_0331;6;gob_tbl_01058,dlk_tbl_01942,dlk_tbl_00255,proc_tbl_02588,gob_tbl_01527,dash_tbl_03081;10;ppn_tbl_00862,dlk_tbl_01548,dlk_tbl_01155,dlk_tbl_04189,gob_tbl_00782,gob_tbl_03495,gob_ext_00252,m4vw_ext_00400,dlk_ext_00135,gob_ext_00463
dlk_proceso_0332;2;gob_tbl_03653,dash_tbl_01987;10;dlk_tbl_01983,gob_tbl_00259,ppn_tbl_00862,gob_tbl_01612,dlk_tbl_03667,proc_tbl_00629,gob_ext_00071,gob_ext_00110,gob_ext_00330,gob_ext_00605
dlk_proceso_0333;6;dlk_tbl_02293,dlk_tbl_03433,gob_tbl_02477,std_tbl_00064,gob_tbl_00630,dlk_tbl_03959;11;gob_tbl_02109,dlk_tbl_01504,gob_tbl_03491,dlk_tbl_02572,std_tbl_04339,proc_tbl_01703,dlk_ext_00125,proc_ext_00203,proc_ext_00399,dlk_ext_00076,dash_ext_00307
proc_proceso_0334;6;gob_tbl_02267,dash_tbl_04041,gob_tbl_03372,proc_tbl_02938,gob_tbl_02326,dlk_tbl_03303;16;dlk_tbl_02728,dlk_tbl_00067,gob_tbl_03237,dlk_tbl_00933,gob_tbl_01598,dlk_tbl_03362,m4sco_tbl_02539,gob_tbl_01321,dash_tbl_01974,gob_ext_00279,std_ext_00350,gob_ext_00141,dlk_ext_00381,dash_ext_00480,std_ext_00165,proc_ext_00206
dlk_proceso_0335;5;proc_tbl_02795,gob_tbl_03187,gob_tbl_03203,gob_tbl_04355,dlk_tbl_03987;9;dash_tbl_02312,proc_tbl_03777,gob_tbl_02176,dlk_tbl_02161,dlk_tbl_04434,gob_ext_00503,dlk_ext_00008,dlk_ext_00372,dlk_ext_00230
gob_proceso_0336;4;gob_tbl_04424,gob_tbl_00776,gob_tbl_02832,gob_tbl_03633;6;gob_tbl_00556,dash_tbl_01677,gob_tbl_03041,dash_ext_00187,dlk_ext_00408,gob_ext_00543
gob_proceso_0337;4;proc_tbl_00305,dlk_tbl_00829,dlk_tbl_00976,gob_tbl_01456;7;gob_tbl_03011,dlk_tbl_04465,gob_tbl_00749,gob_tbl_00723,dlk_ext_00193,dlk_ext_00655,dlk_ext_00522
dlk_proceso_0338;5;proc_tbl_02005,gob_tbl_02372,dlk_tbl_03141,gob_tbl_03017,std_tbl_03346;8;proc_tbl_03950,gob_tbl_03412,dlk_tbl_00590,dlk_tbl_02822,std_tbl_02179,gob_ext_00303,dash_ext_00270,dlk_ext_00337
dlk_proceso_0339;3;dlk_tbl_01020,gob_tbl_02899,dlk_tbl_04471;9;gob_tbl_01568,dlk_tbl_02551,dlk_tbl_02797,gob_tbl_03606,gob_tbl_01579,dlk_ext_00376,proc_ext_00287,gob_ext_00646,std_ext_00338
dlk_proceso_0340;5;dlk_tbl_01451,proc_tbl_00400,gob_tbl_03612,dlk_tbl_02320,gob_tbl_02561;8;gob_tbl_02835,gob_tbl_03058,proc_tbl_02252,dlk_tbl_04105,proc_tbl_03293,gob_ext_00267,gob_ext_00605,proc_ext_00385
dlk_proceso_0341;6;dlk_tbl_00565,gob_tbl_03968,gob_tbl_02463,dlk_tbl_01337,dlk_tbl_00689,gob_tbl_03956;4;proc_tbl_03918,dlk_tbl_04308,dlk_ext_00641,proc_ext_00353
dlk_proceso_0342;3;dlk_tbl_00859,gob_tbl_03167,proc_tbl_00325;6;dlk_tbl_00740,std_tbl_00017,dlk_tbl_01588,dlk_ext_00590,gob_ext_00614,m4sco_ext_00232
dlk_proceso_0343;4;gob_tbl_02281,m4sco_tbl_03550,proc_tbl_00539,dash_tbl_01401;4;proc_tbl_00930,gob_tbl_00749,dlk_ext_00361,dlk_ext_00100
proc_proceso_0344;4;gob_tbl_04450,gob_tbl_01659,dlk_tbl_02156,gob_tbl_01361;14;proc_tbl_00988,gob_tbl_04288,dlk_tbl_02369,dlk_tbl_02161,dash_tbl_03417,dlk_tbl_02583,proc_tbl_02167,dlk_tbl_03246,gob_ext_00252,std_ext_00402,ppn_ext_00255,dash_ext_00502,m4vw_ext_00115,ppn_ext_00534
proc_proceso_0345;2;proc_tbl_01087,dash_tbl_02416;12;dlk_tbl_00855,gob_tbl_00733,dash_tbl_02685,dlk_tbl_00071,gob_tbl_02999,dlk_tbl_01878,gob_tbl_00130,gob_ext_00570,gob_ext_00364,gob_ext_00150,gob_ext_00667,gob_ext_00420
dlk_proceso_0346;6;dash_tbl_03434,gob_tbl_00544,gob_tbl_00888,proc_tbl_01327,std_tbl_03655,gob_tbl_02316;12;dlk_tbl_04427,dlk_tbl_02407,proc_tbl_02962,dlk_tbl_02410,dlk_tbl_03714,gob_tbl_04075,gob_tbl_03368,dlk_ext_00199,gob_ext_00276,gob_ext_00570,proc_ext_00113,dash_ext_00187
gob_proceso_0347;2;gob_tbl_03794,dlk_tbl_02831;8;gob_tbl_01968,dlk_tbl_04360,dlk_tbl_00109,gob_tbl_02094,gob_tbl_01422,proc_ext_00272,dlk_ext_00021,proc_ext_00531
dlk_proceso_0348;5;gob_tbl_02420,dlk_tbl_02379,proc_tbl_02325,dash_tbl_01331,dlk_tbl_04184;17;gob_tbl_02957,dlk_tbl_01277,dlk_tbl_03311,std_tbl_00040,gob_tbl_01982,gob_tbl_02091,dlk_tbl_02737,proc_tbl_04365,proc_tbl_02478,gob_tbl_01501,dlk_ext_00037,dlk_ext_00138,dlk_ext_00081,ppn_ext_00319,proc_ext_00399,std_ext_00194,proc_ext_00490
dash_proceso_0349;6;dlk_tbl_03424,dlk_tbl_02288,dlk_tbl_02113,gob_tbl_00566,gob_tbl_00294,dlk_tbl_01205;10;dlk_tbl_00761,dlk_tbl_00425,proc_tbl_04281,dlk_tbl_04279,dash_tbl_00856,dlk_tbl_03938,proc_ext_00176,dlk_ext_00031,dash_ext_00625,dash_ext_00425
dlk_proceso_0350;6;gob_tbl_02208,gob_tbl_03050,dlk_tbl_01344,gob_tbl_04049,gob_tbl_02536,proc_tbl_03678;16;gob_tbl_02158,dash_tbl_02130,gob_tbl_03937,gob_tbl_02361,dlk_tbl_03888,dlk_tbl_03568,dlk_tbl_03863,ppn_tbl_00611,proc_tbl_03723,gob_ext_00366,dash_ext_00146,dlk_ext_00076,ppn_ext_00534,gob_ext_00252,proc_ext_00385,dlk_ext_00632
proc_proceso_0351;3;dlk_tbl_00036,dlk_tbl_02871,dlk_tbl_02805;9;dlk_tbl_01246,gob_tbl_02254,gob_tbl_03642,dlk_tbl_02049,gob_tbl_02340,gob_ext_00188,dlk_ext_00233,dlk_ext_00655,dlk_ext_00109
gob_proceso_0352;6;gob_tbl_02530,ppn_tbl_00926,dlk_tbl_03555,gob_tbl_02373,proc_tbl_01186,proc_tbl_03536;5;gob_tbl_04072,gob_tbl_00868,proc_tbl_04252,dlk_ext_00313,dlk_ext_00145
dlk_proceso_0353;6;proc_tbl_00273,gob_tbl_00346,gob_tbl_00692,gob_tbl_03682,dash_tbl_03098,dlk_tbl_01920;16;proc_tbl_02678,dlk_tbl_00170,dlk_tbl_01418,proc_tbl_00123,gob_tbl_03883,gob_tbl_01534,dlk_tbl_03519,dlk_tbl_00392,gob_tbl_02133,gob_ext_00517,dlk_ext_00596,gob_ext_00279,gob_ext_00219,gob_ext_00479,gob_ext_00529,dlk_ext_00579
gob_proceso_0354;4;dlk_tbl_01145,gob_tbl_01306,dlk_tbl_01903,proc_tbl_03452;7;gob_tbl_03780,dlk_tbl_04119,proc_tbl_04293,m4sco_tbl_02250,gob_ext_00328,gob_ext_00018,gob_ext_00163
dlk_proceso_0355;2;proc_tbl_03421,dlk_tbl_02082;7;dlk_tbl_01417,dash_tbl_01611,dlk_tbl_02679,gob_tbl_00873,ppn_ext_00534,gob_ext_00636,proc_ext_00097
gob_proceso_0356;2;dlk_tbl_04335,proc_tbl_01459;13;gob_tbl_03102,m4sco_tbl_02250,gob_tbl_04313,gob_tbl_02877,proc_tbl_02083,dash_tbl_00519,dash_tbl_01543,dash_ext_00676,dlk_ext_00431,dash_ext_00146,dlk_ext_00137,dlk_ext_00116,gob_ext_00614
gob_proceso_0357;6;gob_tbl_04238,gob_tbl_03212,gob_tbl_03496,proc_tbl_02331,dlk_tbl_03705,dlk_tbl_02884;4;dash_tbl_03814,gob_tbl_00987,proc_ext_00186,gob_ext_00366
proc_proceso_0358;4;proc_tbl_01454,dlk_tbl_01854,std_tbl_01466,proc_tbl_04439;7;dlk_tbl_04120,dlk_tbl_03476,gob_tbl_04142,gob_tbl_01346,gob_ext_00223,gob_ext_00316,gob_ext_00672
gob_proceso_0359;2;dlk_tbl_03382,dash_tbl_03892;12;gob_tbl_01211,gob_tbl_00818,dash_tbl_01709,gob_tbl_00525,dlk_tbl_02310,gob_tbl_03002,dlk_tbl_02202,m4sco_ext_00232,dlk_ext_00152,dlk_ext_00579,gob_ext_00219,proc_ext_00446
dash_proceso_0360;6;dlk_tbl_02621,gob_tbl_03070,gob_tbl_04072,dlk_tbl_02730,gob_tbl_03247,gob_tbl_00410;11;gob_tbl_00174,dlk_tbl_00697,dlk_tbl_03844,dlk_tbl_01629,dlk_tbl_02293,gob_tbl_00351,dlk_ext_00656,gob_ext_00320,gob_ext_00252,dlk_ext_00037,gob_ext_00551
dlk_proceso_0361;5;dlk_tbl_02770,gob_tbl_03739,proc_tbl_02262,std_tbl_00877,gob_tbl_02092;4;dlk_tbl_03951,gob_tbl_00141,dlk_ext_00440,gob_ext_00256
gob_proceso_0362;4;dlk_tbl_04216,gob_tbl_02317,gob_tbl_00906,gob_tbl_02666;6;m4vw_tbl_02480,proc_tbl_02438,gob_tbl_02146,proc_ext_00436,gob_ext_00551,gob_ext_00220
gob_proceso_0363;6;gob_tbl_02182,ppn_tbl_00195,dlk_tbl_00643,gob_tbl_01598,gob_tbl_03137,ppn_tbl_00285;10;gob_tbl_02356,dlk_tbl_02297,proc_tbl_01345,dlk_tbl_01172,dlk_tbl_04243,gob_tbl_02774,dlk_ext_00193,dlk_ext_00619,dlk_ext_00314,dash_ext_00187
gob_proceso_0364;5;proc_tbl_03404,dlk_tbl_00537,gob_tbl_03020,dlk_tbl_00318,dlk_tbl_00408;16;dash_tbl_03852,proc_tbl_04089,dlk_tbl_00409,gob_tbl_01809,gob_tbl_01720,gob_tbl_02361,gob_tbl_01649,dlk_tbl_03908,dlk_tbl_01896,gob_ext_00329,gob_ext_00393,dlk_ext_00453,dash_ext_00461,dlk_ext_00579,proc_ext_00287,dash_ext_00056
gob_proceso_0365;3;dlk_tbl_03075,gob_tbl_04144,dlk_tbl_01238;17;proc_tbl_01184,proc_tbl_01454,gob_tbl_00595,dlk_tbl_01172,gob_tbl_00238,std_tbl_02430,dlk_tbl_03623,gob_tbl_02757,dlk_tbl_03005,dlk_tbl_00186,gob_ext_00474,dlk_ext_00284,dlk_ext_00109,proc_ext_00447,dlk_ext_00210,dash_ext_00631,dlk_ext_00552
gob_proceso_0366;6;gob_tbl_00527,dash_tbl_00406,dash_tbl_00905,gob_tbl_03982,dlk_tbl_00094,gob_tbl_00148;13;gob_tbl_02921,dlk_tbl_03142,gob_tbl_01724,gob_tbl_00410,dlk_tbl_04148,dlk_tbl_00592,gob_tbl_02103,proc_ext_00186,dlk_ext_00014,gob_ext_00646,dash_ext_00480,gob_ext_00221,dlk_ext_00553
proc_proceso_0367;2;dlk_tbl_00220,gob_tbl_02528;15;dash_tbl_01415,dlk_tbl_02047,m4vw_tbl_01621,dlk_tbl_03776,dlk_tbl_03031,dlk_tbl_04247,gob_tbl_03815,dlk_tbl_01899,dlk_tbl_00446,dlk_ext_00337,dash_ext_00613,dlk_ext_00123,gob_ext_00508,gob_ext_00570,dlk_ext_00211
gob_proceso_0368;4;gob_tbl_02681,gob_tbl_03621,proc_tbl_01198,ppn_tbl_02122;7;proc_tbl_03915,proc_tbl_02472,dlk_tbl_00650,dlk_tbl_03872,gob_ext_00331,proc_ext_00173,dlk_ext_00008
gob_proceso_0369;6;m4vw_tbl_01950,gob_tbl_01856,dlk_tbl_01932,dash_tbl_00340,proc_tbl_00006,std_tbl_04039;9;gob_tbl_03461,std_tbl_01465,proc_tbl_01698,proc_tbl_01959,dlk_tbl_00317,proc_ext_00078,gob_ext_00363,dlk_ext_00271,dash_ext_00565
dash_proceso_0370;3;proc_tbl_01707,proc_tbl_00454,dlk_tbl_04083;7;gob_tbl_00295,gob_tbl_01563,dlk_tbl_03600,dash_tbl_02798,proc_ext_00527,gob_ext_00172,dash_ext_00348
gob_proceso_0371;3;dlk_tbl_03766,dlk_tbl_01209,proc_tbl_00321;9;gob_tbl_03096,dlk_tbl_00478,dlk_tbl_03310,proc_tbl_02132,gob_tbl_01834,dlk_ext_00233,gob_ext_00561,gob_ext_00112,dlk_ext_00260
dlk_proceso_0372;4;dlk_tbl_01156,gob_tbl_04126,dlk_tbl_03069,dlk_tbl_01486;4;dlk_tbl_01781,dlk_tbl_00293,gob_ext_00110,proc_ext_00380
dlk_proceso_0373;4;dlk_tbl_01369,gob_tbl_00497,proc_tbl_04391,dlk_tbl_03644;7;gob_tbl_03471,dlk_tbl_02224,gob_tbl_02281,std_tbl_03132,gob_ext_00661,gob_ext_00383,proc_ext_00399
dash_proceso_0374;8;proc_tbl_01260,proc_tbl_01051,dlk_tbl_02222,proc_tbl_03861,gob_tbl_00599,gob_tbl_00451,dash_tbl_01756,proc_tbl_03730;24;gob_tbl_03041,gob_tbl_02975,gob_tbl_04355,proc_tbl_01753,dash_tbl_02624,gob_tbl_03813,dlk_tbl_02114,dash_tbl_00872,dash_tbl_00191,dlk_tbl_01249,dlk_tbl_01983,dlk_tbl_02112,m4sco_tbl_01771,dlk_tbl_04368,proc_ext_00421,proc_ext_00327,gob_ext_00257,dlk_ext_00615,gob_ext_00303,dlk_ext_00299,gob_ext_00658,gob_ext_00065,dash_ext_00307,gob_ext_00163
proc_proceso_0375;4;gob_tbl_04430,dlk_tbl_03142,std_tbl_00871,dlk_tbl_01693;11;gob_tbl_00632,gob_tbl_00093,dlk_tbl_02330,dash_tbl_02624,gob_tbl_01422,dash_tbl_02312,dlk_ext_00034,dlk_ext_00315,dlk_ext_00598,gob_ext_00303,gob_ext_00406
dlk_proceso_0376;2;dash_tbl_00753,gob_tbl_00973;15;dash_tbl_03953,dlk_tbl_00946,dash_tbl_00277,proc_tbl_03772,dlk_tbl_04003,dlk_tbl_02282,gob_tbl_01373,gob_tbl_00646,gob_tbl_00581,gob_ext_00570,proc_ext_00171,dlk_ext_00003,proc_ext_00444,dlk_ext_00652,gob_ext_00329
dlk_proceso_0377;4;gob_tbl_02793,gob_tbl_00303,dlk_tbl_02575,dlk_tbl_01188;4;dlk_tbl_01971,dlk_tbl_03095,dash_ext_00348,std_ext_00622
dash_proceso_0378;8;std_tbl_01119,std_tbl_03063,gob_tbl_00636,dlk_tbl_03623,dlk_tbl_03863,gob_tbl_03159,gob_tbl_02558,gob_tbl_00467;9;dlk_tbl_04000,gob_tbl_02880,dash_tbl_03852,dash_tbl_01715,dlk_tbl_01278,proc_ext_00671,proc_ext_00009,dlk_ext_00123,dlk_ext_00160
dlk_proceso_0379;5;gob_tbl_00302,std_tbl_04005,gob_tbl_02074,gob_tbl_01792,dlk_tbl_00189;7;dash_tbl_02721,dlk_tbl_01670,proc_tbl_03211,gob_tbl_00778,dlk_ext_00059,dash_ext_00638,m4sco_ext_00439
dlk_proceso_0380;3;gob_tbl_01285,dlk_tbl_00228,gob_tbl_03639;8;dlk_tbl_00270,gob_tbl_02484,proc_tbl_03309,dlk_tbl_02695,proc_tbl_00325,dlk_ext_00008,gob_ext_00382,dlk_ext_00017
gob_proceso_0381;2;gob_tbl_00192,proc_tbl_03928;10;dlk_tbl_00488,gob_tbl_02839,gob_tbl_03477,dash_tbl_02696,proc_tbl_00562,proc_tbl_02680,dlk_ext_00428,gob_ext_00044,dlk_ext_00579,dlk_ext_00462
proc_proceso_0382;4;gob_tbl_01011,gob_tbl_02395,gob_tbl_01803,dlk_tbl_00969;6;gob_tbl_01672,gob_tbl_03461,dlk_tbl_00203,gob_ext_00247,dlk_ext_00516,proc_ext_00203
gob_proceso_0383;6;gob_tbl_01637,gob_tbl_03489,proc_tbl_03343,proc_tbl_01508,gob_tbl_03484,dash_tbl_03417;11;gob_tbl_00635,ppn_tbl_02707,gob_tbl_04072,dlk_tbl_03005,gob_tbl_02280,dlk_tbl_04451,ppn_ext_00585,dlk_ext_00224,ppn_ext_00058,dash_ext_00461,proc_ext_00097
dlk_proceso_0384;5;gob_tbl_04456,dlk_tbl_01278,dlk_tbl_03878,dlk_tbl_03745,gob_tbl_00733;13;dlk_tbl_00829,ppn_tbl_00879,dlk_tbl_01172,proc_tbl_01762,dlk_tbl_01773,proc_tbl_00644,proc_tbl_02936,proc_ext_00287,dlk_ext_00451,gob_ext_00320,proc_ext_00066,dlk_ext_00522,gob_ext_00346
proc_proceso_0385;4;gob_tbl_01236,proc_tbl_01798,dlk_tbl_01094,gob_tbl_01025;4;dlk_tbl_00652,dlk_tbl_00134,dlk_ext_00061,gob_ext_00303
gob_proceso_0386;3;gob_tbl_03695,m4sco_tbl_00789,gob_tbl_04445;14;m4sco_tbl_00045,dlk_tbl_04393,gob_tbl_03813,gob_tbl_03651,gob_tbl_03354,gob_tbl_02281,dlk_tbl_02187,dlk_tbl_04001,dlk_ext_00592,dlk_ext_00598,dlk_ext_00100,dash_ext_00325,gob_ext_00563,dash_ext_00676
dlk_proceso_0387;5;dash_tbl_03239,gob_tbl_02788,gob_tbl_02253,gob_tbl_03430,dash_tbl_01715;8;dlk_tbl_03029,proc_tbl_01122,gob_tbl_00987,m4vw_tbl_04035,dlk_tbl_01290,std_ext_00649,std_ext_00338,std_ext_00359
dash_proceso_0388;4;dlk_tbl_01172,gob_tbl_00132,dlk_tbl_04434,dlk_tbl_04437;6;proc_tbl_03404,dlk_tbl_01743,std_tbl_01286,dash_ext_00033,dlk_ext_00070,dlk_ext_00411
gob_proceso_0389;6;dash_tbl_00201,dlk_tbl_02258,dlk_tbl_00965,gob_tbl_04215,dlk_tbl_02011,gob_tbl_03328;4;gob_tbl_01652,proc_tbl_03860,dlk_ext_00685,gob_ext_00303
dlk_proceso_0390;6;gob_tbl_03764,dlk_tbl_00665,gob_tbl_00782,dlk_tbl_01588,std_tbl_00534,gob_tbl_00669;21;dlk_tbl_02602,dlk_tbl_01132,proc_tbl_01638,proc_tbl_00418,dlk_tbl_04406,gob_tbl_01885,m4vw_tbl_02449,dash_tbl_03563,dlk_tbl_02997,m4sco_tbl_02901,dlk_tbl_01953,gob_tbl_03096,proc_ext_00300,dlk_ext_00499,dlk_ext_00634,dlk_ext_00314,gob_ext_00672,proc_ext_00078,gob_ext_00435,proc_ext_00009,proc_ext_00683
proc_proceso_0391;7;gob_tbl_02035,gob_tbl_01996,gob_tbl_01214,proc_tbl_04373,proc_tbl_00557,gob_tbl_03620,dlk_tbl_00158;10;proc_tbl_01914,proc_tbl_04365,dlk_tbl_00229,gob_tbl_03937,gob_tbl_00647,dlk_tbl_04103,dlk_ext_00120,gob_ext_00215,gob_ext_00263,dlk_ext_00659
gob_proceso_0392;5;gob_tbl_02638,gob_tbl_00079,gob_tbl_03906,m4sco_tbl_03843,dlk_tbl_04011;5;dlk_tbl_01417,m4vw_tbl_03304,std_tbl_03827,proc_ext_00025,gob_ext_00328
dlk_proceso_0393;7;ppn_tbl_03280,dlk_tbl_02246,dash_tbl_03631,gob_tbl_03025,dlk_tbl_03551,gob_tbl_00770,proc_tbl_03065;1;gob_tbl_00108
gob_proceso_0394;5;gob_tbl_03986,std_tbl_01794,dlk_tbl_03507,dlk_tbl_02907,gob_tbl_04313;17;gob_tbl_03477,gob_tbl_04077,m4vw_tbl_01427,gob_tbl_01000,proc_tbl_00046,gob_tbl_03838,gob_tbl_03135,dash_tbl_01897,gob_tbl_02074,dlk_tbl_04372,dlk_ext_00685,dash_ext_00676,dlk_ext_00098,m4vw_ext_00400,dlk_ext_00034,gob_ext_00650,gob_ext_00382
proc_proceso_0395;5;dlk_tbl_01953,gob_tbl_00384,proc_tbl_00265,dash_tbl_01812,dlk_tbl_03901;19;dlk_tbl_00388,gob_tbl_04042,gob_tbl_00179,dlk_tbl_02750,gob_tbl_02651,dlk_tbl_02030,dlk_tbl_03839,gob_tbl_01592,dlk_tbl_00476,proc_tbl_02441,gob_tbl_03001,gob_ext_00295,proc_ext_00490,dash_ext_00033,gob_ext_00503,gob_ext_00507,proc_ext_00028,ppn_ext_00534,dlk_ext_00685
gob_proceso_0396;6;dlk_tbl_02198,dlk_tbl_03055,dlk_tbl_01268,proc_tbl_03419,gob_tbl_01422,gob_tbl_03854;10;gob_tbl_03999,dlk_tbl_02398,dlk_tbl_02435,dash_tbl_00402,dlk_tbl_03850,proc_tbl_01873,gob_ext_00080,gob_ext_00503,gob_ext_00016,dlk_ext_00451
proc_proceso_0397;4;dash_tbl_01146,dlk_tbl_04360,gob_tbl_04382,dlk_tbl_03897;6;dlk_tbl_01876,m4vw_tbl_04316,proc_tbl_01838,gob_ext_00375,gob_ext_00686,dlk_ext_00309
gob_proceso_0398;6;proc_tbl_04354,proc_tbl_02016,gob_tbl_03473,dlk_tbl_01363,gob_tbl_01284,dlk_tbl_03562;9;dash_tbl_03904,gob_tbl_01843,proc_tbl_01707,dlk_tbl_02302,gob_tbl_03243,proc_ext_00009,gob_ext_00503,gob_ext_00497,std_ext_00649
proc_proceso_0399;3;gob_tbl_02905,gob_tbl_00359,std_tbl_02691;9;gob_tbl_02109,dash_tbl_03953,gob_tbl_02828,gob_tbl_03096,gob_tbl_00882,gob_ext_00642,dlk_ext_00553,dlk_ext_00494,gob_ext_00545
gob_proceso_0400;3;dlk_tbl_00329,proc_tbl_02190,gob_tbl_00450;13;gob_tbl_02422,gob_tbl_00893,gob_tbl_03457,gob_tbl_01164,dlk_tbl_02803,dlk_tbl_00134,dlk_tbl_00925,dlk_ext_00266,dlk_ext_00136,dash_ext_00612,dlk_ext_00440,gob_ext_00435,gob_ext_00650
proc_proceso_0401;5;proc_tbl_01935,proc_tbl_00524,dlk_tbl_00031,dlk_tbl_01090,gob_tbl_00608;12;gob_tbl_00256,dash_tbl_04367,dlk_tbl_02964,dlk_tbl_02889,m4vw_tbl_00766,proc_tbl_02083,gob_tbl_02064,gob_ext_00018,proc_ext_00443,dlk_ext_00322,std_ext_00165,dlk_ext_00092
dlk_proceso_0402;3;proc_tbl_02918,dash_tbl_02616,proc_tbl_00416;12;dlk_tbl_01910,gob_tbl_03805,proc_tbl_00477,ppn_tbl_00879,gob_tbl_04381,dlk_tbl_03144,dlk_tbl_01337,dash_ext_00675,dlk_ext_00134,dlk_ext_00152,std_ext_00194,dlk_ext_00351
dlk_proceso_0403;3;dash_tbl_00277,proc_tbl_02493,gob_tbl_03094;6;std_tbl_04117,ppn_tbl_03963,proc_tbl_00562,gob_ext_00575,gob_ext_00593,std_ext_00402
gob_proceso_0404;5;gob_tbl_00030,dash_tbl_04414,proc_tbl_00043,gob_tbl_02597,gob_tbl_04167;4;gob_tbl_00662,dlk_tbl_03168,proc_ext_00683,gob_ext_00306
proc_proceso_0405;4;dash_tbl_01464,dlk_tbl_01154,dash_tbl_01643,m4vw_tbl_01717;3;dlk_tbl_00152,gob_tbl_00336,dlk_ext_00001
proc_proceso_0406;3;dlk_tbl_01341,proc_tbl_04190,proc_tbl_00797;15;dlk_tbl_03552,m4sco_tbl_00773,dlk_tbl_04279,gob_tbl_01361,gob_tbl_02059,proc_tbl_02493,gob_tbl_04167,dash_tbl_02916,dlk_tbl_02121,dash_ext_00676,dlk_ext_00662,dlk_ext_00589,proc_ext_00489,gob_ext_00651,gob_ext_00329
gob_proceso_0407;7;dlk_tbl_03760,gob_tbl_04463,gob_tbl_01289,dlk_tbl_04139,dlk_tbl_04198,dlk_tbl_00641,dlk_tbl_04444;1;dlk_tbl_03400
gob_proceso_0408;5;dlk_tbl_03681,gob_tbl_01993,dlk_tbl_04370,gob_tbl_02774,dlk_tbl_03787;19;gob_tbl_01895,m4sco_tbl_04296,dlk_tbl_01421,gob_tbl_03492,gob_tbl_01315,dlk_tbl_01774,dlk_tbl_01609,dlk_tbl_03984,gob_tbl_02378,dlk_tbl_02509,gob_tbl_00497,gob_ext_00164,gob_ext_00163,gob_ext_00575,dlk_ext_00280,gob_ext_00535,dlk_ext_00260,gob_ext_00373,gob_ext_00257
gob_proceso_0409;3;gob_tbl_01628,dlk_tbl_03160,dlk_tbl_03189;4;dlk_tbl_03749,proc_tbl_00454,gob_ext_00686,dlk_ext_00144
dlk_proceso_0410;5;dlk_tbl_02205,proc_tbl_00571,gob_tbl_03509,proc_tbl_00002,dlk_tbl_03307;17;gob_tbl_04385,proc_tbl_02486,gob_tbl_02542,dash_tbl_00519,gob_tbl_02144,gob_tbl_03058,gob_tbl_03473,dlk_tbl_01147,proc_tbl_00247,m4sco_tbl_03550,proc_ext_00013,dlk_ext_00315,gob_ext_00041,gob_ext_00139,dlk_ext_00168,dlk_ext_00536,gob_ext_00090
dlk_proceso_0411;2;proc_tbl_01587,gob_tbl_00646;7;proc_tbl_03263,dlk_tbl_01548,gob_tbl_03186,dlk_tbl_00186,dlk_ext_00322,dlk_ext_00454,dlk_ext_00431
dash_proceso_0412;5;dlk_tbl_00740,gob_tbl_01980,gob_tbl_01442,gob_tbl_03398,dash_tbl_00242;14;dlk_tbl_02350,gob_tbl_00656,gob_tbl_01579,dlk_tbl_00261,gob_tbl_00386,dlk_tbl_00823,dlk_tbl_03438,proc_tbl_01817,dlk_ext_00451,dash_ext_00625,dlk_ext_00083,gob_ext_00316,dlk_ext_00144,gob_ext_00246
dlk_proceso_0413;6;gob_tbl_03686,gob_tbl_03824,dlk_tbl_00890,gob_tbl_01620,dash_tbl_00070,dlk_tbl_03436;9;gob_tbl_04250,proc_tbl_01199,dlk_tbl_00650,ppn_tbl_00156,dlk_tbl_00924,dlk_ext_00118,dlk_ext_00499,gob_ext_00393,dlk_ext_00381
proc_proceso_0414;3;proc_tbl_04365,dlk_tbl_01432,dlk_tbl_03573;6;gob_tbl_02356,gob_tbl_02928,proc_tbl_01935,dlk_ext_00081,gob_ext_00580,gob_ext_00139
gob_proceso_0415;2;gob_tbl_03513,gob_tbl_01967;10;dash_tbl_04367,dlk_tbl_01432,gob_tbl_03819,dlk_tbl_02369,proc_tbl_02607,dlk_tbl_04416,dlk_ext_00660,gob_ext_00575,dlk_ext_00574,gob_ext_00650
dlk_proceso_0416;4;proc_tbl_00492,dlk_tbl_00022,gob_tbl_01001,dlk_tbl_00119;14;dlk_tbl_03392,gob_tbl_03426,gob_tbl_02439,proc_tbl_00247,std_tbl_00958,gob_tbl_03606,dlk_tbl_03776,gob_tbl_01856,proc_ext_00259,proc_ext_00413,gob_ext_00686,dlk_ext_00589,dlk_ext_00322,dlk_ext_00313
gob_proceso_0417;5;gob_tbl_03028,dlk_tbl_04287,gob_tbl_04019,proc_tbl_00247,std_tbl_02353;7;gob_tbl_02131,dlk_tbl_01412,proc_tbl_04112,dlk_tbl_01670,gob_ext_00561,gob_ext_00110,proc_ext_00437
dlk_proceso_0418;6;gob_tbl_02625,dlk_tbl_01240,dlk_tbl_02367,gob_tbl_01009,proc_tbl_01779,proc_tbl_03334;4;proc_tbl_00043,proc_tbl_03331,proc_ext_00013,dash_ext_00311
dlk_proceso_0419;2;dash_tbl_00335,dlk_tbl_02557;8;dlk_tbl_02273,dlk_tbl_01132,gob_tbl_02254,proc_tbl_02441,gob_tbl_03719,gob_ext_00328,m4sco_ext_00232,ppn_ext_00204
proc_proceso_0420;6;m4sco_tbl_02475,dash_tbl_01518,m4sco_tbl_01654,gob_tbl_01833,dlk_tbl_03311,proc_tbl_02527;6;proc_tbl_00247,gob_tbl_03266,gob_tbl_03709,gob_ext_00593,proc_ext_00206,gob_ext_00475
dash_proceso_0421;7;m4vw_tbl_02108,gob_tbl_00953,m4vw_tbl_02085,dlk_tbl_01630,gob_tbl_00903,std_tbl_00552,proc_tbl_01596;4;gob_tbl_03048,proc_tbl_04170,dlk_ext_00670,gob_ext_00450
dlk_proceso_0422;4;proc_tbl_02635,dlk_tbl_01354,dlk_tbl_00921,gob_tbl_01850;6;gob_tbl_01827,dlk_tbl_00078,gob_tbl_02177,proc_ext_00030,dlk_ext_00381,std_ext_00457
gob_proceso_0423;4;dlk_tbl_00387,gob_tbl_02097,gob_tbl_00106,gob_tbl_03225;12;gob_tbl_00212,dlk_tbl_02945,dlk_tbl_04055,dash_tbl_00172,proc_tbl_03605,proc_tbl_03211,gob_tbl_03971,dlk_ext_00665,gob_ext_00246,proc_ext_00025,gob_ext_00543,gob_ext_00310
gob_proceso_0424;3;gob_tbl_02248,gob_tbl_01720,dlk_tbl_03625;12;dlk_tbl_02202,proc_tbl_01529,proc_tbl_02904,dlk_tbl_01609,proc_tbl_03925,dlk_tbl_01359,gob_tbl_03079,gob_ext_00166,gob_ext_00148,dlk_ext_00054,dlk_ext_00034,gob_ext_00435
dash_proceso_0425;6;dlk_tbl_01098,proc_tbl_01914,proc_tbl_03556,dlk_tbl_03196,gob_tbl_00961,dlk_tbl_02960;10;m4vw_tbl_01010,gob_tbl_03757,dlk_tbl_01172,proc_tbl_01323,gob_tbl_03335,gob_tbl_01827,dlk_ext_00175,gob_ext_00651,proc_ext_00046,std_ext_00165
gob_proceso_0426;7;gob_tbl_02937,gob_tbl_02512,dash_tbl_01503,proc_tbl_01374,dlk_tbl_03910,gob_tbl_02655,proc_tbl_00316;11;dlk_tbl_02302,dlk_tbl_03315,gob_tbl_03461,dlk_tbl_01504,gob_tbl_02059,dlk_tbl_03519,m4vw_ext_00515,gob_ext_00575,gob_ext_00375,proc_ext_00424,gob_ext_00249
gob_proceso_0427;2;dlk_tbl_02013,dlk_tbl_03323;20;dlk_tbl_00874,proc_tbl_02406,proc_tbl_03349,proc_tbl_03113,dlk_tbl_03520,proc_tbl_01460,gob_tbl_01640,dlk_tbl_01878,gob_tbl_00678,dlk_tbl_03388,m4sco_tbl_02901,proc_tbl_02336,proc_ext_00050,dlk_ext_00522,gob_ext_00677,gob_ext_00252,gob_ext_00071,gob_ext_00582,gob_ext_00686,dash_ext_00480
dlk_proceso_0428;4;gob_tbl_04242,dlk_tbl_04237,gob_tbl_04278,dash_tbl_03626;3;dlk_tbl_03715,dash_tbl_02685,dlk_ext_00494
dlk_proceso_0429;5;gob_tbl_00836,dash_tbl_04118,proc_tbl_02365,gob_tbl_04334,gob_tbl_03150;10;proc_tbl_03650,dash_tbl_03773,dlk_tbl_03438,dlk_tbl_01556,gob_tbl_01713,dlk_tbl_01131,dlk_ext_00213,gob_ext_00215,dlk_ext_00119,gob_ext_00673
dlk_proceso_0430;5;dlk_tbl_00261,m4sco_tbl_03271,proc_tbl_02552,gob_tbl_04042,gob_tbl_03313;13;dlk_tbl_01765,dash_tbl_02702,dlk_tbl_00446,gob_tbl_02370,dlk_tbl_02964,gob_tbl_04072,dlk_tbl_02399,gob_ext_00466,dlk_ext_00579,dlk_ext_00175,proc_ext_00046,dlk_ext_00081,std_ext_00470
proc_proceso_0431;6;proc_tbl_00058,proc_tbl_01034,dlk_tbl_01923,gob_tbl_04058,proc_tbl_03308,dlk_tbl_00020;11;gob_tbl_02928,dlk_tbl_01854,dlk_tbl_00804,dlk_tbl_03458,proc_tbl_01558,gob_tbl_00810,dlk_ext_00211,gob_ext_00027,dlk_ext_00313,dlk_ext_00102,dash_ext_00187
dlk_proceso_0432;4;proc_tbl_02384,dlk_tbl_02710,m4vw_tbl_01624,dash_tbl_02985;4;dlk_tbl_02626,gob_tbl_02069,dlk_ext_00230,gob_ext_00658
dash_proceso_0433;3;proc_tbl_03974,proc_tbl_02953,dlk_tbl_03758;4;gob_tbl_00632,std_tbl_00534,std_ext_00350,proc_ext_00157
dlk_proceso_0434;2;dlk_tbl_04406,ppn_tbl_00139;15;dlk_tbl_04418,gob_tbl_03328,dlk_tbl_02335,dash_tbl_03904,dlk_tbl_04336,gob_tbl_03815,proc_tbl_01318,dlk_tbl_02440,gob_tbl_04403,dlk_ext_00245,dlk_ext_00629,gob_ext_00044,dlk_ext_00098,dlk_ext_00589,dlk_ext_00598
dlk_proceso_0435;3;dash_tbl_04222,ppn_tbl_03302,m4sco_tbl_00045;8;gob_tbl_02125,gob_tbl_04239,gob_tbl_00288,proc_tbl_01873,dlk_tbl_01386,std_ext_00622,proc_ext_00332,std_ext_00201
gob_proceso_0436;3;dlk_tbl_03121,gob_tbl_04137,gob_tbl_01947;9;gob_tbl_00903,dlk_tbl_02554,gob_tbl_02124,dlk_tbl_01599,dash_tbl_01471,proc_ext_00483,dlk_ext_00154,gob_ext_00674,dlk_ext_00526
dlk_proceso_0437;5;dlk_tbl_01913,dlk_tbl_02719,dlk_tbl_04244,dlk_tbl_02302,gob_tbl_03554;8;dlk_tbl_04323,gob_tbl_04097,dlk_tbl_00292,proc_tbl_01873,proc_tbl_01538,gob_ext_00085,dash_ext_00638,proc_ext_00332
proc_proceso_0438;7;dlk_tbl_00241,gob_tbl_03894,proc_tbl_01668,proc_tbl_00612,proc_tbl_03151,dash_tbl_01062,m4vw_tbl_03774;4;dlk_tbl_01520,std_tbl_02458,dlk_ext_00134,ppn_ext_00289
gob_proceso_0439;4;gob_tbl_01348,gob_tbl_02194,gob_tbl_02670,dlk_tbl_03660;12;dlk_tbl_01172,proc_tbl_03263,gob_tbl_02394,gob_tbl_01582,gob_tbl_02625,dlk_tbl_00701,dlk_tbl_03623,dash_ext_00072,dlk_ext_00035,dash_ext_00581,ppn_ext_00534,dlk_ext_00008
dlk_proceso_0440;5;dash_tbl_01057,gob_tbl_01081,proc_tbl_02261,dash_tbl_03834,dlk_tbl_02030;17;gob_tbl_03136,dlk_tbl_04036,std_tbl_00690,dlk_tbl_04417,gob_tbl_01739,gob_tbl_03199,gob_tbl_00411,ppn_tbl_00862,proc_tbl_00010,gob_tbl_03023,gob_ext_00306,gob_ext_00674,dlk_ext_00211,gob_ext_00068,dlk_ext_00014,gob_ext_00543,gob_ext_00393
dlk_proceso_0441;2;proc_tbl_04081,dlk_tbl_03647;5;dash_tbl_02127,dlk_tbl_02583,gob_tbl_02257,gob_ext_00202,gob_ext_00672
gob_proceso_0442;4;gob_tbl_00535,proc_tbl_02385,gob_tbl_04466,gob_tbl_00502;4;gob_tbl_01247,dlk_tbl_02789,dash_ext_00679,dlk_ext_00522
dlk_proceso_0443;3;gob_tbl_00142,dlk_tbl_03057,proc_tbl_03915;11;proc_tbl_02261,dlk_tbl_02216,gob_tbl_01618,dlk_tbl_02295,gob_tbl_00466,gob_tbl_00631,gob_ext_00018,m4sco_ext_00232,dlk_ext_00587,gob_ext_00651,dlk_ext_00136
gob_proceso_0444;7;gob_tbl_03932,dlk_tbl_00061,dlk_tbl_03428,dlk_tbl_01609,gob_tbl_01079,proc_tbl_03140,dlk_tbl_03181;11;gob_tbl_02067,dlk_tbl_02997,dlk_tbl_00565,gob_tbl_02139,proc_tbl_01815,dlk_tbl_04421,dash_ext_00258,gob_ext_00540,gob_ext_00500,dlk_ext_00193,ppn_ext_00401
dlk_proceso_0445;4;dash_tbl_03563,m4vw_tbl_01621,dlk_tbl_03940,dash_tbl_00515;9;dlk_tbl_03221,gob_tbl_01917,gob_tbl_04245,proc_tbl_03343,gob_tbl_03214,ppn_ext_00401,dlk_ext_00352,dlk_ext_00274,dlk_ext_00312
dlk_proceso_0446;6;proc_tbl_02819,gob_tbl_02711,proc_tbl_02592,gob_tbl_01941,gob_tbl_00528,gob_tbl_01014;8;proc_tbl_01489,m4sco_tbl_03977,gob_tbl_03135,dlk_tbl_04127,dash_tbl_00402,dlk_ext_00193,gob_ext_00603,dlk_ext_00007
dash_proceso_0447;3;dlk_tbl_03380,gob_tbl_03180,dlk_tbl_03981;13;gob_tbl_03080,proc_tbl_01607,gob_tbl_00345,dlk_tbl_04356,gob_tbl_00223,std_tbl_01286,dash_tbl_02801,gob_ext_00371,dash_ext_00159,proc_ext_00683,dlk_ext_00081,proc_ext_00157,dlk_ext_00652
dlk_proceso_0448;5;gob_tbl_04133,proc_tbl_04185,gob_tbl_01493,proc_tbl_02362,gob_tbl_03053;15;dash_tbl_03183,dlk_tbl_02997,proc_tbl_00173,gob_tbl_04404,m4sco_tbl_01731,gob_tbl_02340,dlk_tbl_00329,dlk_tbl_02865,dlk_tbl_04067,gob_ext_00511,gob_ext_00150,gob_ext_00306,dash_ext_00341,dlk_ext_00381,gob_ext_00257
gob_proceso_0449;4;gob_tbl_01724,dlk_tbl_04087,gob_tbl_02576,dlk_tbl_03029;17;dlk_tbl_04263,dash_tbl_04222,gob_tbl_00865,dlk_tbl_00924,proc_tbl_03414,dlk_tbl_03644,dlk_tbl_00478,proc_tbl_01097,proc_tbl_04008,ppn_tbl_02707,dash_ext_00480,dlk_ext_00616,proc_ext_00242,dlk_ext_00553,dlk_ext_00081,std_ext_00609,gob_ext_00570
dlk_proceso_0450;3;dlk_tbl_02571,proc_tbl_03879,gob_tbl_00314;10;dlk_tbl_03056,dlk_tbl_03476,gob_tbl_02422,gob_tbl_02059,gob_tbl_00308,gob_tbl_01151,gob_ext_00018,dlk_ext_00629,dlk_ext_00662,proc_ext_00624
gob_proceso_0451;4;gob_tbl_02338,gob_tbl_00012,proc_tbl_03262,gob_tbl_03474;4;dlk_tbl_04037,dash_tbl_00443,proc_ext_00624,gob_ext_00537
gob_proceso_0452;3;gob_tbl_02615,proc_tbl_03919,dlk_tbl_04336;13;dash_tbl_03131,proc_tbl_00940,proc_tbl_00562,proc_tbl_01545,dlk_tbl_02654,gob_tbl_04049,dlk_tbl_03848,dlk_ext_00536,dlk_ext_00660,dlk_ext_00118,gob_ext_00646,dlk_ext_00003,dlk_ext_00193
dlk_proceso_0453;4;gob_tbl_02126,gob_tbl_04211,dlk_tbl_04068,proc_tbl_01353;17;gob_tbl_00165,dlk_tbl_03520,gob_tbl_03237,dash_tbl_03970,gob_tbl_03882,dash_tbl_02346,gob_tbl_01981,gob_tbl_03477,dlk_tbl_02149,gob_tbl_00723,proc_ext_00222,dlk_ext_00210,ppn_ext_00289,proc_ext_00203,gob_ext_00686,proc_ext_00019,dlk_ext_00354
dash_proceso_0454;4;dlk_tbl_01113,proc_tbl_00190,dlk_tbl_00638,dlk_tbl_02245;8;proc_tbl_01489,dash_tbl_02127,dlk_tbl_03507,dlk_tbl_02062,proc_tbl_04259,gob_ext_00524,dlk_ext_00414,gob_ext_00084
gob_proceso_0455;7;gob_tbl_00894,dlk_tbl_04136,gob_tbl_00723,dlk_tbl_03710,proc_tbl_00029,gob_tbl_02935,gob_tbl_02019;1;gob_tbl_00166
dlk_proceso_0456;6;gob_tbl_01783,dlk_tbl_00056,dlk_tbl_01371,m4vw_tbl_00127,proc_tbl_03295,gob_tbl_00436;10;gob_tbl_04312,proc_tbl_04235,gob_tbl_00371,gob_tbl_03807,dash_tbl_01677,gob_tbl_00649,dlk_ext_00075,dlk_ext_00193,dlk_ext_00285,dlk_ext_00376
dlk_proceso_0457;4;proc_tbl_03840,gob_tbl_00131,dlk_tbl_02310,gob_tbl_00140;13;dlk_tbl_00015,dlk_tbl_02151,dlk_tbl_02683,dlk_tbl_02159,gob_tbl_03435,dlk_tbl_04015,dash_tbl_02432,std_ext_00350,dlk_ext_00031,proc_ext_00407,dlk_ext_00081,dlk_ext_00426,dlk_ext_00293
proc_proceso_0458;5;dlk_tbl_00526,dlk_tbl_02407,dlk_tbl_00290,dash_tbl_00452,dash_tbl_02685;9;gob_tbl_00502,gob_tbl_03553,proc_tbl_01367,gob_tbl_03073,gob_tbl_04077,proc_ext_00458,gob_ext_00269,gob_ext_00278,gob_ext_00541
dlk_proceso_0459;2;gob_tbl_00053,gob_tbl_04024;5;dlk_tbl_03198,gob_tbl_04207,dlk_tbl_04274,gob_ext_00189,dlk_ext_00312
gob_proceso_0460;4;dlk_tbl_02917,std_tbl_00765,dlk_tbl_01989,dlk_tbl_03960;8;dlk_tbl_01399,gob_tbl_03477,dlk_tbl_02379,dash_tbl_01644,dlk_tbl_02642,dlk_ext_00414,gob_ext_00686,gob_ext_00508
dlk_proceso_0461;3;dlk_tbl_01662,dash_tbl_01099,gob_tbl_01828;9;gob_tbl_03805,dlk_tbl_00855,gob_tbl_02498,dlk_tbl_02977,dlk_tbl_04389,dlk_ext_00144,gob_ext_00250,dlk_ext_00037,dlk_ext_00441
gob_proceso_0462;5;dlk_tbl_03514,proc_tbl_02469,dash_tbl_02767,dlk_tbl_01195,dlk_tbl_04417;9;gob_tbl_01554,gob_tbl_02608,dlk_tbl_00721,std_tbl_04005,proc_tbl_04010,dlk_ext_00322,dlk_ext_00597,gob_ext_00016,dlk_ext_00137
gob_proceso_0463;5;gob_tbl_01130,dlk_tbl_03992,proc_tbl_02673,dlk_tbl_04210,proc_tbl_04033;16;gob_tbl_04415,proc_tbl_00687,std_tbl_00892,dash_tbl_02311,gob_tbl_00060,gob_tbl_01470,dlk_tbl_01371,gob_tbl_00256,dlk_tbl_00762,dlk_ext_00118,dlk_ext_00668,ppn_ext_00401,dlk_ext_00174,proc_ext_00000,dlk_ext_00210,dlk_ext_00003
gob_proceso_0464;4;dlk_tbl_00934,gob_tbl_00798,dash_tbl_02311,gob_tbl_00370;14;proc_tbl_02840,proc_tbl_02247,dash_tbl_02916,std_tbl_00978,dlk_tbl_03255,gob_tbl_02980,dlk_tbl_04073,proc_tbl_03736,gob_ext_00091,gob_ext_00141,proc_ext_00097,dlk_ext_00652,dlk_ext_00376,dlk_ext_00386
proc_proceso_0465;4;gob_tbl_03581,gob_tbl_03937,dash_tbl_01176,gob_tbl_00979;9;dlk_tbl_01477,proc_tbl_02915,dlk_tbl_02270,dlk_tbl_03714,dash_tbl_01646,m4sco_ext_00253,gob_ext_00328,proc_ext_00206,gob_ext_00111
gob_proceso_0466;9;gob_tbl_01473,m4vw_tbl_04316,dlk_tbl_01397,dlk_tbl_00721,proc_tbl_00644,dlk_tbl_03209,gob_tbl_04239,dlk_tbl_00104,dlk_tbl_00390;14;gob_tbl_03073,gob_tbl_00438,dlk_tbl_00994,dlk_tbl_02779,dlk_tbl_00852,proc_tbl_02660,dlk_tbl_01619,proc_tbl_01814,dlk_ext_00462,gob_ext_00477,proc_ext_00300,dlk_ext_00245,dlk_ext_00519,gob_ext_00554
dlk_proceso_0467;4;gob_tbl_01129,dlk_tbl_01018,proc_tbl_02967,proc_tbl_03533;6;dlk_tbl_02750,gob_tbl_04245,gob_tbl_01843,dlk_ext_00391,dlk_ext_00516,gob_ext_00112
proc_proceso_0468;6;dlk_tbl_01631,gob_tbl_00551,m4vw_tbl_04035,dlk_tbl_04341,dlk_tbl_03139,m4vw_tbl_02951;9;dash_tbl_00366,gob_tbl_03613,dlk_tbl_04020,gob_tbl_03244,gob_tbl_03570,proc_ext_00227,gob_ext_00445,gob_ext_00215,std_ext_00338
proc_proceso_0469;7;dlk_tbl_00569,gob_tbl_00703,dlk_tbl_04286,dlk_tbl_00235,proc_tbl_02400,gob_tbl_02928,dlk_tbl_00838;9;gob_tbl_02447,dlk_tbl_00304,dlk_tbl_02436,std_tbl_02178,dlk_tbl_01629,dlk_ext_00422,dlk_ext_00034,gob_ext_00303,proc_ext_00025
gob_proceso_0470;3;dlk_tbl_02161,dlk_tbl_03458,gob_tbl_02596;9;proc_tbl_03263,dlk_tbl_04110,dlk_tbl_01773,proc_tbl_03014,dlk_tbl_01400,dlk_ext_00004,dlk_ext_00381,dlk_ext_00138,dash_ext_00212
dlk_proceso_0471;3;std_tbl_01372,proc_tbl_01610,gob_tbl_01829;8;gob_tbl_00275,gob_tbl_03001,proc_tbl_03309,dlk_tbl_00134,dlk_tbl_02789,dash_ext_00056,dash_ext_00187,dash_ext_00676
dlk_proceso_0472;5;m4sco_tbl_00107,gob_tbl_02614,gob_tbl_03296,gob_tbl_03322,gob_tbl_01075;19;std_tbl_02686,proc_tbl_00941,dlk_tbl_01940,gob_tbl_02378,dlk_tbl_01926,dlk_tbl_03661,std_tbl_01063,dlk_tbl_04349,dash_tbl_00191,dlk_tbl_00951,gob_tbl_00561,gob_ext_00406,dlk_ext_00337,dlk_ext_00251,dlk_ext_00193,gob_ext_00543,proc_ext_00019,dlk_ext_00516,dash_ext_00341
gob_proceso_0473;4;gob_tbl_02304,dlk_tbl_02534,dlk_tbl_00722,dlk_tbl_04015;11;dlk_tbl_03680,gob_tbl_01724,gob_tbl_01109,dlk_tbl_03166,gob_tbl_04315,dash_tbl_03942,dlk_ext_00118,gob_ext_00112,dash_ext_00565,gob_ext_00110,proc_ext_00527
dlk_proceso_0474;2;dlk_tbl_00392,dlk_tbl_01311;5;dlk_tbl_03839,gob_tbl_00030,gob_tbl_01718,dlk_ext_00175,proc_ext_00367
dlk_proceso_0475;7;gob_tbl_04285,gob_tbl_00165,proc_tbl_04318,gob_tbl_00185,dash_tbl_03447,proc_tbl_04396,gob_tbl_00683;11;gob_tbl_03051,gob_tbl_01095,dlk_tbl_00485,dlk_tbl_04406,proc_tbl_02532,proc_tbl_03931,dlk_ext_00275,proc_ext_00539,dash_ext_00033,gob_ext_00672,gob_ext_00110
proc_proceso_0476;5;ppn_tbl_04214,gob_tbl_01241,proc_tbl_02700,dlk_tbl_04156,gob_tbl_03869;11;dlk_tbl_03240,std_tbl_01173,proc_tbl_00940,dash_tbl_03875,std_tbl_03127,proc_tbl_01906,proc_ext_00171,dlk_ext_00193,dash_ext_00282,proc_ext_00069,proc_ext_00683
dlk_proceso_0477;6;dlk_tbl_01983,dlk_tbl_02187,gob_tbl_02984,dlk_tbl_04304,gob_tbl_01064,dlk_tbl_01999;10;dlk_tbl_04277,gob_tbl_00731,proc_tbl_02989,proc_tbl_01596,dlk_tbl_02313,gob_tbl_03415,dash_ext_00397,dlk_ext_00317,dlk_ext_00619,dlk_ext_00665
dlk_proceso_0478;3;std_tbl_03086,proc_tbl_00867,proc_tbl_03784;8;dlk_tbl_01402,dlk_tbl_01391,proc_tbl_01489,proc_tbl_03404,gob_tbl_03313,gob_ext_00198,dash_ext_00056,ppn_ext_00204
gob_proceso_0479;4;ppn_tbl_03052,dlk_tbl_00457,proc_tbl_01252,dlk_tbl_03535;9;dlk_tbl_00388,proc_tbl_00941,gob_tbl_03296,dlk_tbl_03154,gob_tbl_02533,gob_ext_00604,ppn_ext_00534,dlk_ext_00074,gob_ext_00371
dlk_proceso_0480;5;dlk_tbl_03387,gob_tbl_03808,dlk_tbl_00601,gob_tbl_01008,gob_tbl_00983;9;m4vw_tbl_01070,dlk_tbl_02221,gob_tbl_03682,proc_tbl_02962,dlk_tbl_02609,gob_ext_00535,dlk_ext_00271,dash_ext_00270,gob_ext_00517
gob_proceso_0481;5;gob_tbl_03297,gob_tbl_01510,dlk_tbl_01193,proc_tbl_01073,m4vw_tbl_00072;8;proc_tbl_00612,dlk_tbl_01983,gob_tbl_03659,dash_tbl_02985,proc_tbl_00197,gob_ext_00163,proc_ext_00556,dlk_ext_00083
dlk_proceso_0482;5;proc_tbl_02744,dlk_tbl_00825,dlk_tbl_01623,proc_tbl_03110,proc_tbl_02570;8;dlk_tbl_01107,dlk_tbl_04465,dlk_tbl_00392,dlk_tbl_01131,dash_tbl_04041,dlk_ext_00134,std_ext_00350,dlk_ext_00293
proc_proceso_0483;5;dlk_tbl_04418,proc_tbl_02148,dash_tbl_02553,dlk_tbl_01883,gob_tbl_00670;16;gob_tbl_01065,m4vw_tbl_00389,proc_tbl_01374,gob_tbl_01071,dlk_tbl_00014,gob_tbl_00923,dlk_tbl_02864,proc_tbl_01776,gob_tbl_02484,dlk_ext_00174,dlk_ext_00315,proc_ext_00186,dlk_ext_00293,dlk_ext_00144,proc_ext_00490,dlk_ext_00299
proc_proceso_0484;7;dlk_tbl_01657,gob_tbl_01843,proc_tbl_04280,proc_tbl_04295,dlk_tbl_00545,gob_tbl_03670,proc_tbl_00803;6;dlk_tbl_02187,dlk_tbl_03816,dlk_tbl_02742,dlk_ext_00036,dlk_ext_00665,dlk_ext_00265
gob_proceso_0485;2;dlk_tbl_02269,dlk_tbl_00514;6;dlk_tbl_00118,dlk_tbl_03548,gob_tbl_02470,gob_ext_00551,dlk_ext_00391,gob_ext_00549
gob_proceso_0486;8;dlk_tbl_02216,dlk_tbl_03832,dlk_tbl_00267,dlk_tbl_02273,dlk_tbl_01488,ppn_tbl_00156,gob_tbl_02176,gob_tbl_01945;7;gob_tbl_03317,proc_tbl_02285,proc_tbl_01909,dlk_tbl_04132,gob_ext_00362,dash_ext_00159,dlk_ext_00396
dlk_proceso_0487;3;gob_tbl_01017,gob_tbl_03032,proc_tbl_00089;8;m4sco_tbl_01731,dlk_tbl_02803,dlk_tbl_02520,proc_tbl_00377,dash_tbl_01146,gob_ext_00636,std_ext_00165,proc_ext_00556
dlk_proceso_0488;5;std_tbl_03153,proc_tbl_03928,dlk_tbl_03713,dlk_tbl_01926,dlk_tbl_00090;12;dlk_tbl_01474,proc_tbl_02063,dlk_tbl_04356,dash_tbl_04129,dlk_tbl_04300,dlk_tbl_00077,ppn_tbl_03916,dlk_ext_00372,gob_ext_00133,dlk_ext_00391,proc_ext_00523,proc_ext_00682
proc_proceso_0489;8;gob_tbl_02058,dash_tbl_03924,gob_tbl_03930,dlk_tbl_00274,dash_tbl_01257,dlk_tbl_03544,dlk_tbl_00546,proc_tbl_03664;14;dlk_tbl_00761,dlk_tbl_02296,gob_tbl_04126,gob_tbl_01806,dlk_tbl_01290,gob_tbl_02057,gob_tbl_02227,gob_tbl_02790,dlk_ext_00558,dash_ext_00586,dash_ext_00270,dlk_ext_00598,gob_ext_00331,dlk_ext_00337
proc_proceso_0490;7;proc_tbl_03106,dlk_tbl_03400,dlk_tbl_03220,dlk_tbl_00149,dlk_tbl_02988,proc_tbl_01990,proc_tbl_01567;11;dash_tbl_01303,gob_tbl_04079,dash_tbl_00659,gob_tbl_00631,proc_tbl_04439,dlk_tbl_04454,dlk_ext_00230,gob_ext_00254,gob_ext_00570,std_ext_00457,proc_ext_00378
gob_proceso_0491;2;gob_tbl_00456,gob_tbl_00386;20;gob_tbl_01243,dlk_tbl_03829,std_tbl_01286,dlk_tbl_04231,dlk_tbl_00721,dlk_tbl_02745,dlk_tbl_01746,gob_tbl_00308,gob_tbl_00421,dlk_tbl_03315,dlk_tbl_02716,gob_tbl_02939,dlk_ext_00440,proc_ext_00013,gob_ext_00170,gob_ext_00524,dlk_ext_00124,gob_ext_00442,dlk_ext_00076,gob_ext_00650
gob_proceso_0492;2;dlk_tbl_02464,dlk_tbl_00300;6;gob_tbl_03578,std_tbl_03114,proc_tbl_01374,proc_ext_00591,proc_ext_00069,dlk_ext_00530
gob_proceso_0493;6;dash_tbl_01840,dlk_tbl_04243,dlk_tbl_04277,std_tbl_00690,std_tbl_03761,dlk_tbl_01807;11;gob_tbl_01352,gob_tbl_00138,proc_tbl_01028,dlk_tbl_02569,proc_tbl_04365,gob_tbl_02154,dlk_ext_00193,gob_ext_00026,dlk_ext_00092,dlk_ext_00506,dash_ext_00397
dlk_proceso_0494;3;gob_tbl_02975,dlk_tbl_02802,dlk_tbl_01593;8;gob_tbl_03757,dash_tbl_00070,dlk_tbl_00134,dlk_tbl_01126,gob_tbl_02059,dlk_ext_00355,dlk_ext_00655,proc_ext_00227
gob_proceso_0495;2;dlk_tbl_04265,dlk_tbl_01924;7;gob_tbl_01866,gob_tbl_00259,proc_tbl_04387,dlk_tbl_04132,gob_ext_00651,ppn_ext_00534,dlk_ext_00144
gob_proceso_0496;6;m4sco_tbl_04378,gob_tbl_00474,dlk_tbl_01716,gob_tbl_01591,gob_tbl_03149,std_tbl_01256;15;dlk_tbl_02330,gob_tbl_01044,dlk_tbl_04162,gob_tbl_03854,ppn_tbl_02122,gob_tbl_04186,proc_tbl_03566,gob_tbl_03619,gob_tbl_00729,dlk_ext_00349,dlk_ext_00036,gob_ext_00576,dash_ext_00307,gob_ext_00517,proc_ext_00078
gob_proceso_0497;3;dlk_tbl_04107,m4sco_tbl_00563,gob_tbl_02007;9;gob_tbl_00885,m4vw_tbl_00763,dlk_tbl_02884,dlk_tbl_00061,proc_tbl_03439,dlk_ext_00525,gob_ext_00543,gob_ext_00310,dlk_ext_00199
dlk_proceso_0498;3;dlk_tbl_01665,m4vw_tbl_01427,dlk_tbl_01340;6;gob_tbl_01555,gob_tbl_00577,gob_tbl_01919,dash_ext_00567,dlk_ext_00003,dash_ext_00325
proc_proceso_0499;3;proc_tbl_04375,gob_tbl_04362,dlk_tbl_01312;13;gob_tbl_03570,dlk_tbl_04100,dlk_tbl_03091,gob_tbl_02957,gob_tbl_00013,dlk_tbl_02688,dlk_tbl_00281,ppn_ext_00534,proc_ext_00527,proc_ext_00055,dash_ext_00040,gob_ext_00450,proc_ext_00025
gob_proceso_0500;4;proc_tbl_00486,proc_tbl_01108,gob_tbl_02524,dlk_tbl_03962;4;proc_tbl_01460,proc_tbl_02349,dlk_ext_00355,dlk_ext_00376
gob_proceso_0501;3;gob_tbl_00832,gob_tbl_02877,gob_tbl_03182;14;proc_tbl_04310,gob_tbl_02781,dlk_tbl_02135,gob_tbl_02891,dlk_tbl_01778,dlk_tbl_00974,dlk_tbl_00409,dlk_tbl_00118,gob_ext_00686,dlk_ext_00251,dlk_ext_00522,gob_ext_00257,dash_ext_00565,dlk_ext_00074
gob_proceso_0502;4;gob_tbl_03957,gob_tbl_00493,gob_tbl_04385,gob_tbl_01701;7;dlk_tbl_02220,gob_tbl_04362,gob_tbl_02542,gob_tbl_01115,dlk_ext_00386,proc_ext_00601,dlk_ext_00074
proc_proceso_0503;3;gob_tbl_01462,proc_tbl_02492,proc_tbl_01179;11;gob_tbl_04469,dlk_tbl_03185,dash_tbl_03447,proc_tbl_01710,dash_tbl_02404,dash_tbl_02702,dash_ext_00341,gob_ext_00575,dlk_ext_00659,gob_ext_00661,gob_ext_00237
gob_proceso_0504;5;dash_tbl_00402,dlk_tbl_03640,dlk_tbl_00468,dlk_tbl_02071,gob_tbl_01602;19;dlk_tbl_01248,dlk_tbl_02850,gob_tbl_00853,dlk_tbl_01458,proc_tbl_02039,dlk_tbl_02221,gob_tbl_01723,dlk_tbl_04205,proc_tbl_03566,dlk_tbl_03226,gob_tbl_00451,gob_ext_00524,proc_ext_00407,gob_ext_00497,std_ext_00609,gob_ext_00112,dlk_ext_00441,m4sco_ext_00232,std_ext_00359
gob_proceso_0505;4;dash_tbl_04347,gob_tbl_00059,gob_tbl_01831,proc_tbl_03033;12;gob_tbl_01579,dlk_tbl_02051,gob_tbl_02754,dash_tbl_02072,gob_tbl_00138,dash_tbl_00172,proc_tbl_02810,dlk_ext_00434,dlk_ext_00579,gob_ext_00254,dash_ext_00298,proc_ext_00024
dlk_proceso_0506;3;gob_tbl_01934,gob_tbl_04135,dlk_tbl_00700;9;m4sco_tbl_04290,gob_tbl_02447,proc_tbl_02577,dlk_tbl_01351,gob_tbl_01258,dlk_ext_00670,gob_ext_00544,dlk_ext_00292,gob_ext_00011
dlk_proceso_0507;5;gob_tbl_02883,m4sco_tbl_00397,m4vw_tbl_03304,proc_tbl_04358,dlk_tbl_00977;13;gob_tbl_04404,dlk_tbl_03716,m4sco_tbl_00789,dlk_tbl_03367,gob_tbl_04313,dlk_tbl_00499,gob_tbl_00857,dlk_ext_00408,gob_ext_00642,dlk_ext_00559,ppn_ext_00401,proc_ext_00242,gob_ext_00248
dlk_proceso_0508;5;gob_tbl_04342,dash_tbl_04325,dash_tbl_00735,dlk_tbl_02811,gob_tbl_02999;11;gob_tbl_03363,proc_tbl_01252,proc_tbl_00562,std_tbl_00744,dlk_tbl_01268,dlk_tbl_01746,gob_ext_00471,m4vw_ext_00161,proc_ext_00327,proc_ext_00157,gob_ext_00096
dlk_proceso_0509;7;dlk_tbl_00947,dlk_tbl_02864,proc_tbl_01392,dash_tbl_00172,dlk_tbl_03264,dlk_tbl_02859,gob_tbl_04150;20;dash_tbl_01500,gob_tbl_04256,dlk_tbl_00686,gob_tbl_02195,dlk_tbl_04465,dlk_tbl_01696,dlk_tbl_02121,dlk_tbl_04418,gob_tbl_01720,proc_tbl_00574,ppn_tbl_00879,dash_tbl_00366,dlk_ext_00381,dlk_ext_00372,gob_ext_00247,gob_ext_00220,dlk_ext_00315,ppn_ext_00401,dlk_ext_00599,dlk_ext_00100
dlk_proceso_0510;3;m4sco_tbl_03399,proc_tbl_04195,dlk_tbl_00955;6;dlk_tbl_00419,gob_tbl_03489,dlk_tbl_01781,proc_ext_00229,gob_ext_00148,proc_ext_00046
gob_proceso_0511;3;dlk_tbl_04138,gob_tbl_03360,proc_tbl_04116;6;std_tbl_02686,gob_tbl_03032,dash_tbl_02308,dlk_ext_00386,dlk_ext_00365,dlk_ext_00659
gob_proceso_0512;4;gob_tbl_02103,dlk_tbl_00761,dash_tbl_02841,std_tbl_02468;12;gob_tbl_03126,gob_tbl_00814,dash_tbl_00727,gob_tbl_00810,dlk_tbl_03985,gob_tbl_01431,dash_tbl_02311,proc_ext_00186,gob_ext_00316,std_ext_00402,dash_ext_00270,dlk_ext_00542
gob_proceso_0513;5;proc_tbl_04337,dlk_tbl_01308,dlk_tbl_02682,gob_tbl_01092,dash_tbl_03645;15;dlk_tbl_01368,gob_tbl_03272,gob_tbl_03248,dash_tbl_03970,dlk_tbl_01041,proc_tbl_00204,gob_tbl_00429,dash_tbl_00956,gob_tbl_03203,dash_ext_00567,gob_ext_00128,gob_ext_00524,dlk_ext_00135,dlk_ext_00061,dlk_ext_00685
gob_proceso_0514;6;proc_tbl_00283,dlk_tbl_00994,proc_tbl_02473,proc_tbl_02656,dlk_tbl_03040,gob_tbl_00989;12;proc_tbl_01762,gob_tbl_00259,dlk_tbl_02848,proc_tbl_02441,gob_tbl_02008,gob_tbl_03488,dlk_tbl_03735,dlk_ext_00323,gob_ext_00276,proc_ext_00302,dash_ext_00348,dlk_ext_00592
dlk_proceso_0515;4;gob_tbl_01314,gob_tbl_00097,dlk_tbl_01359,gob_tbl_00487;17;gob_tbl_00864,gob_tbl_00630,dlk_tbl_01870,m4vw_tbl_00766,gob_tbl_01901,dlk_tbl_00073,gob_tbl_03926,proc_tbl_03293,dlk_tbl_03007,gob_tbl_02878,dlk_ext_00451,gob_ext_00577,gob_ext_00605,gob_ext_00250,proc_ext_00483,dlk_ext_00655,dash_ext_00033
dlk_proceso_0516;6;gob_tbl_02168,dlk_tbl_03600,dash_tbl_01664,gob_tbl_02837,proc_tbl_04252,gob_tbl_03012;9;proc_tbl_02251,dlk_tbl_00643,dlk_tbl_02355,dlk_tbl_01337,dlk_tbl_04412,gob_ext_00362,proc_ext_00290,gob_ext_00551,gob_ext_00192
gob_proceso_0517;2;gob_tbl_02610,gob_tbl_02347;10;gob_tbl_01739,dlk_tbl_04182,dlk_tbl_03733,dash_tbl_00310,gob_tbl_03345,dlk_tbl_01797,dlk_ext_00354,gob_ext_00310,dlk_ext_00481,m4vw_ext_00513
dlk_proceso_0518;6;dlk_tbl_03394,dash_tbl_00642,gob_tbl_03939,dlk_tbl_03459,dlk_tbl_03448,dash_tbl_00936;16;dlk_tbl_02320,gob_tbl_00467,dlk_tbl_03323,dash_tbl_02767,gob_tbl_03554,gob_tbl_02885,dlk_tbl_02399,gob_tbl_00896,proc_tbl_03772,proc_ext_00039,dlk_ext_00589,dlk_ext_00124,dlk_ext_00239,dlk_ext_00251,dlk_ext_00342,dlk_ext_00558
dash_proceso_0519;6;dlk_tbl_03922,gob_tbl_03085,gob_tbl_04388,gob_tbl_00422,std_tbl_03675,ppn_tbl_02443;11;gob_tbl_00861,dash_tbl_02725,dash_tbl_01272,dlk_tbl_01663,gob_tbl_03122,dlk_tbl_04050,dlk_ext_00597,dlk_ext_00233,dlk_ext_00245,dash_ext_00625,gob_ext_00375
dlk_proceso_0520;5;gob_tbl_02646,gob_tbl_03785,dlk_tbl_04302,gob_tbl_02439,gob_tbl_03407;12;m4vw_tbl_03375,gob_tbl_03237,dlk_tbl_04427,dlk_tbl_00297,dlk_tbl_03684,dlk_tbl_04274,proc_tbl_01283,gob_ext_00594,dlk_ext_00035,dlk_ext_00230,gob_ext_00172,gob_ext_00090
proc_proceso_0521;5;dlk_tbl_02965,gob_tbl_02662,gob_tbl_02800,gob_tbl_03471,gob_tbl_00588;16;dlk_tbl_00904,gob_tbl_01213,dlk_tbl_03362,gob_tbl_04362,dlk_tbl_01910,dlk_tbl_00187,gob_tbl_01922,dash_tbl_01216,gob_tbl_00421,gob_ext_00304,gob_ext_00133,std_ext_00194,dlk_ext_00354,proc_ext_00370,dlk_ext_00355,m4sco_ext_00232
proc_proceso_0522;6;dlk_tbl_01182,gob_tbl_01253,dlk_tbl_03690,gob_tbl_00742,gob_tbl_02120,gob_tbl_02123;9;dlk_tbl_02299,proc_tbl_00190,gob_tbl_02612,dlk_tbl_01302,dlk_tbl_02844,proc_ext_00203,dlk_ext_00008,gob_ext_00371,dlk_ext_00530
gob_proceso_0523;6;gob_tbl_01194,dlk_tbl_00011,std_tbl_02199,proc_tbl_03736,dlk_tbl_00790,gob_tbl_00218;11;dlk_tbl_02128,proc_tbl_02819,gob_tbl_04353,dlk_tbl_02778,dlk_tbl_01663,dlk_tbl_00009,dlk_ext_00138,gob_ext_00184,dlk_ext_00193,dlk_ext_00095,proc_ext_00242
proc_proceso_0524;6;gob_tbl_00016,std_tbl_03711,dash_tbl_03945,dash_tbl_01043,proc_tbl_00398,dash_tbl_02749;13;dlk_tbl_04094,gob_tbl_00889,gob_tbl_00831,dlk_tbl_01425,gob_tbl_02614,dlk_tbl_03962,dlk_tbl_04263,dlk_ext_00168,gob_ext_00543,gob_ext_00248,dash_ext_00492,proc_ext_00013,dlk_ext_00178
gob_proceso_0525;2;gob_tbl_02361,proc_tbl_02352;7;dlk_tbl_02642,dash_tbl_02423,gob_tbl_03621,dlk_tbl_01782,gob_ext_00326,m4vw_ext_00400,gob_ext_00316
gob_proceso_0526;6;gob_tbl_01608,dlk_tbl_03594,gob_tbl_04016,dlk_tbl_04100,gob_tbl_00895,dlk_tbl_00470;4;proc_tbl_00444,dash_tbl_03814,dash_ext_00675,gob_ext_00303
dash_proceso_0527;3;gob_tbl_02586,dlk_tbl_03859,dlk_tbl_02964;4;std_tbl_04051,dlk_tbl_03469,dash_ext_00243,dlk_ext_00635
dash_proceso_0528;6;dlk_tbl_03072,proc_tbl_00227,gob_tbl_04366,proc_tbl_00431,dlk_tbl_00203,dash_tbl_02363;5;dlk_tbl_02399,gob_tbl_00559,proc_tbl_03784,proc_ext_00611,dlk_ext_00081
dlk_proceso_0529;5;ppn_tbl_01294,dlk_tbl_02435,proc_tbl_03104,dlk_tbl_02587,proc_tbl_03858;7;dash_tbl_01756,gob_tbl_04288,gob_tbl_00209,gob_tbl_02070,gob_ext_00221,gob_ext_00112,dash_ext_00307
dlk_proceso_0530;5;dlk_tbl_03817,dlk_tbl_04279,gob_tbl_00112,dlk_tbl_02850,std_tbl_00658;4;gob_tbl_01579,gob_tbl_02489,gob_ext_00478,dlk_ext_00599
dlk_proceso_0531;2;proc_tbl_00154,gob_tbl_04125;10;gob_tbl_03374,gob_tbl_02740,gob_tbl_03825,dlk_tbl_04229,dash_tbl_00519,gob_tbl_02180,dlk_ext_00516,gob_ext_00326,gob_ext_00517,dlk_ext_00299
proc_proceso_0532;5;proc_tbl_01909,gob_tbl_02768,dlk_tbl_02623,std_tbl_01274,gob_tbl_01539;14;dlk_tbl_01886,gob_tbl_01988,proc_tbl_00612,proc_tbl_03840,dlk_tbl_03797,dlk_tbl_00931,gob_tbl_03958,gob_tbl_00580,gob_ext_00268,gob_ext_00466,dlk_ext_00538,dlk_ext_00509,gob_ext_00468,gob_ext_00263
gob_proceso_0533;3;proc_tbl_00489,gob_tbl_02099,gob_tbl_02813;6;dlk_tbl_00719,dlk_tbl_03644,dash_tbl_00399,gob_ext_00278,proc_ext_00539,dlk_ext_00521
gob_proceso_0534;4;gob_tbl_04121,dlk_tbl_02894,dlk_tbl_03486,dlk_tbl_02357;4;dlk_tbl_04393,dlk_tbl_01807,dash_ext_00480,gob_ext_00524
dash_proceso_0535;7;dash_tbl_03298,dlk_tbl_02159,gob_tbl_01167,gob_tbl_00710,gob_tbl_03036,proc_tbl_03193,proc_tbl_02486;1;gob_tbl_01855
gob_proceso_0536;6;dlk_tbl_03290,dlk_tbl_03797,dlk_tbl_01068,proc_tbl_02116,proc_tbl_00774,m4vw_tbl_04122;8;proc_tbl_03584,gob_tbl_01352,dlk_tbl_01126,dlk_tbl_02907,gob_tbl_01289,gob_ext_00466,dlk_ext_00516,dlk_ext_00372
dlk_proceso_0537;6;proc_tbl_03917,gob_tbl_02017,dlk_tbl_02437,gob_tbl_01441,gob_tbl_03744,dash_tbl_04070;16;dlk_tbl_02859,gob_tbl_00967,dlk_tbl_03992,gob_tbl_02808,gob_tbl_04191,gob_tbl_01438,dlk_tbl_02565,dlk_tbl_02357,proc_tbl_00901,std_ext_00338,m4sco_ext_00232,dlk_ext_00542,gob_ext_00306,dlk_ext_00322,gob_ext_00164,proc_ext_00370
dlk_proceso_0538;4;dash_tbl_02950,proc_tbl_03898,dlk_tbl_04037,proc_tbl_00844;9;gob_tbl_01800,dlk_tbl_04012,dlk_tbl_04240,dlk_tbl_00055,proc_tbl_03156,gob_ext_00661,dash_ext_00056,dash_ext_00325,dlk_ext_00422
proc_proceso_0539;7;dlk_tbl_04040,proc_tbl_04299,gob_tbl_01151,gob_tbl_04192,dlk_tbl_04189,gob_tbl_02927,proc_tbl_02466;9;gob_tbl_00018,gob_tbl_00093,dlk_tbl_04148,gob_tbl_03807,gob_tbl_03978,gob_ext_00475,gob_ext_00188,gob_ext_00636,dash_ext_00056
gob_proceso_0540;3;dash_tbl_00846,gob_tbl_03167,dlk_tbl_03390;8;m4sco_tbl_02901,proc_tbl_03191,gob_tbl_00625,proc_tbl_01775,gob_tbl_00466,gob_ext_00278,dlk_ext_00210,proc_ext_00407
dlk_proceso_0541;2;std_tbl_00082,dash_tbl_03234;6;dlk_tbl_03353,dlk_tbl_03438,dlk_tbl_01359,dlk_ext_00481,dlk_ext_00665,gob_ext_00420
dlk_proceso_0542;6;gob_tbl_00259,dlk_tbl_00405,dlk_tbl_03109,dlk_tbl_02870,dlk_tbl_03831,dash_tbl_03759;5;gob_tbl_02043,m4vw_tbl_01621,gob_tbl_02883,dlk_ext_00360,dlk_ext_00190
dlk_proceso_0543;6;dlk_tbl_00432,proc_tbl_04464,gob_tbl_02195,dlk_tbl_03901,dlk_tbl_02966,gob_tbl_03492;4;gob_tbl_03359,proc_tbl_00128,proc_ext_00206,dlk_ext_00634
gob_proceso_0544;4;dlk_tbl_00597,dlk_tbl_01742,gob_tbl_02874,dlk_tbl_04460;11;gob_tbl_01697,m4vw_tbl_03375,gob_tbl_03275,dlk_tbl_00118,dash_tbl_04041,dlk_tbl_00329,gob_ext_00366,gob_ext_00205,proc_ext_00539,proc_ext_00287,proc_ext_00407
gob_proceso_0545;2;dlk_tbl_01305,std_tbl_00548;7;dlk_tbl_01209,proc_tbl_03858,gob_tbl_02582,gob_tbl_03497,dlk_ext_00662,dlk_ext_00641,dlk_ext_00061
proc_proceso_0546;3;dlk_tbl_00120,dlk_tbl_04386,dlk_tbl_03168;9;dlk_tbl_00677,gob_tbl_00945,gob_tbl_03819,dlk_tbl_03329,gob_tbl_02672,gob_ext_00524,proc_ext_00539,dash_ext_00638,gob_ext_00202
dash_proceso_0547;8;gob_tbl_00238,std_tbl_03936,dlk_tbl_01948,gob_tbl_01282,dash_tbl_02242,proc_tbl_03425,dlk_tbl_03177,dlk_tbl_03469;23;gob_tbl_04186,gob_tbl_01254,dlk_tbl_02865,dlk_tbl_01021,dlk_tbl_02286,dlk_tbl_02907,gob_tbl_02818,gob_tbl_01652,dlk_tbl_03776,proc_tbl_01419,proc_tbl_00754,proc_tbl_01857,gob_tbl_02768,proc_ext_00242,proc_ext_00684,proc_ext_00186,gob_ext_00375,dlk_ext_00381,gob_ext_00604,dlk_ext_00616,dlk_ext_00685,gob_ext_00582,proc_ext_00300
dash_proceso_0548;2;dash_tbl_01237,gob_tbl_03429;9;gob_tbl_01996,dlk_tbl_02907,dlk_tbl_02357,dlk_tbl_00027,gob_tbl_01652,gob_ext_00366,proc_ext_00496,gob_ext_00371,dash_ext_00388
dlk_proceso_0549;6;proc_tbl_03128,gob_tbl_01067,proc_tbl_04364,dash_tbl_00985,dlk_tbl_02006,dlk_tbl_02845;11;dash_tbl_04376,dlk_tbl_02051,dlk_tbl_03638,dlk_tbl_04243,gob_tbl_03103,dlk_tbl_03034,gob_ext_00214,dlk_ext_00053,gob_ext_00658,dlk_ext_00630,dlk_ext_00487
dash_proceso_0550;5;dlk_tbl_02296,proc_tbl_02002,gob_tbl_02376,gob_tbl_04086,proc_tbl_04459;10;proc_tbl_02190,dash_tbl_03631,gob_tbl_03175,dlk_tbl_02049,gob_tbl_03248,gob_tbl_03043,dlk_ext_00199,dlk_ext_00082,dlk_ext_00516,dlk_ext_00079
dlk_proceso_0551;5;gob_tbl_02193,gob_tbl_01408,gob_tbl_03238,gob_tbl_03155,proc_tbl_01083;7;dlk_tbl_03456,gob_tbl_00428,dlk_tbl_04300,m4vw_tbl_01427,proc_ext_00050,proc_ext_00444,gob_ext_00133
gob_proceso_0552;5;dlk_tbl_03888,dlk_tbl_04108,dlk_tbl_01267,gob_tbl_01582,dlk_tbl_01749;11;gob_tbl_00339,dlk_tbl_02310,proc_tbl_02325,dlk_tbl_02682,dlk_tbl_01271,proc_tbl_04391,dlk_ext_00233,dlk_ext_00352,dlk_ext_00481,dlk_ext_00652,proc_ext_00290
proc_proceso_0553;5;dlk_tbl_04292,gob_tbl_03757,gob_tbl_02223,gob_tbl_01988,proc_tbl_00529;9;proc_tbl_01529,m4vw_tbl_02706,gob_tbl_01008,dlk_tbl_02522,dlk_tbl_00468,dlk_ext_00623,dlk_ext_00431,dlk_ext_00629,dlk_ext_00125
dlk_proceso_0554;6;proc_tbl_03229,dlk_tbl_01763,gob_tbl_01448,dlk_tbl_01481,proc_tbl_00418,proc_tbl_03331;6;dlk_tbl_01599,gob_tbl_02058,dlk_tbl_03829,dlk_ext_00175,dlk_ext_00659,gob_ext_00576
dlk_proceso_0555;7;dlk_tbl_01670,gob_tbl_00339,gob_tbl_02792,dlk_tbl_00602,proc_tbl_01446,gob_tbl_00427,proc_tbl_03293;15;gob_tbl_01241,gob_tbl_02655,proc_tbl_04106,gob_tbl_03718,gob_tbl_01820,gob_tbl_02827,proc_tbl_02438,gob_tbl_03805,dlk_tbl_03387,dlk_ext_00635,m4vw_ext_00400,proc_ext_00290,std_ext_00201,dlk_ext_00616,gob_ext_00150
proc_proceso_0556;6;proc_tbl_01571,gob_tbl_03082,dash_tbl_02674,dlk_tbl_02027,dlk_tbl_01544,gob_tbl_01973;13;dlk_tbl_01778,dlk_tbl_03362,dlk_tbl_01277,dash_tbl_00191,std_tbl_00435,gob_tbl_03210,m4vw_tbl_01786,dlk_ext_00361,std_ext_00402,std_ext_00649,proc_ext_00626,gob_ext_00219,dlk_ext_00322
gob_proceso_0557;4;m4sco_tbl_01149,gob_tbl_04438,dlk_tbl_01222,proc_tbl_04160;12;gob_tbl_04256,gob_tbl_02370,gob_tbl_00595,dlk_tbl_03714,dash_tbl_03679,gob_tbl_00599,ppn_tbl_00560,dash_ext_00675,dlk_ext_00569,m4sco_ext_00253,dash_ext_00586,gob_ext_00220
dlk_proceso_0558;3;proc_tbl_03796,proc_tbl_02829,dlk_tbl_01404;5;dash_tbl_03924,dlk_tbl_02569,gob_tbl_01869,dlk_ext_00081,std_ext_00608
dlk_proceso_0559;3;proc_tbl_03316,dlk_tbl_01228,gob_tbl_01322;9;proc_tbl_01668,gob_tbl_03641,dlk_tbl_04292,proc_tbl_01928,dlk_tbl_04132,dlk_ext_00168,gob_ext_00604,dlk_ext_00415,gob_ext_00133
gob_proceso_0560;5;dlk_tbl_00886,dlk_tbl_01263,proc_tbl_03402,dash_tbl_04076,dash_tbl_01415;4;dlk_tbl_00426,gob_tbl_01907,dlk_ext_00451,gob_ext_00065
dash_proceso_0561;5;dlk_tbl_01985,gob_tbl_00568,std_tbl_01679,dash_tbl_03423,gob_tbl_01739;9;dlk_tbl_03850,m4vw_tbl_04267,dlk_tbl_02440,gob_tbl_03180,dlk_tbl_01263,dlk_ext_00031,gob_ext_00543,proc_ext_00458,gob_ext_00435
dlk_proceso_0562;4;std_tbl_00978,gob_tbl_00021,std_tbl_04026,gob_tbl_00927;10;proc_tbl_03033,gob_tbl_00375,gob_tbl_02029,gob_tbl_01258,gob_tbl_00259,gob_tbl_04278,ppn_ext_00534,dlk_ext_00542,proc_ext_00019,dlk_ext_00659
proc_proceso_0563;3;m4vw_tbl_03277,dlk_tbl_03624,proc_tbl_03818;13;dash_tbl_03904,gob_tbl_01346,std_tbl_00871,gob_tbl_00791,proc_tbl_02482,gob_tbl_00876,gob_tbl_01582,dlk_ext_00285,dlk_ext_00562,dlk_ext_00095,dlk_ext_00144,dlk_ext_00116,gob_ext_00686
dlk_proceso_0564;8;std_tbl_04225,gob_tbl_02010,dash_tbl_00519,gob_tbl_00583,dlk_tbl_03823,gob_tbl_02790,proc_tbl_03911,proc_tbl_02680;19;std_tbl_01173,dlk_tbl_03592,dlk_tbl_01154,gob_tbl_03593,gob_tbl_04401,dlk_tbl_03472,proc_tbl_03635,gob_tbl_03159,proc_tbl_01419,proc_tbl_03836,proc_tbl_02992,gob_ext_00614,gob_ext_00479,proc_ext_00231,gob_ext_00543,std_ext_00338,dlk_ext_00057,gob_ext_00500,std_ext_00609
proc_proceso_0565;6;dash_tbl_02312,proc_tbl_02414,std_tbl_00578,dash_tbl_02556,proc_tbl_03366,ppn_tbl_00879;10;gob_tbl_04181,gob_tbl_00450,dlk_tbl_02011,dlk_tbl_04154,dlk_tbl_02571,gob_tbl_04413,gob_ext_00223,gob_ext_00310,gob_ext_00091,gob_ext_00163
dash_proceso_0566;3;gob_tbl_03995,gob_tbl_02542,gob_tbl_02911;9;gob_tbl_01806,dlk_tbl_02396,gob_tbl_04228,dlk_tbl_02849,gob_tbl_02176,std_ext_00165,dlk_ext_00007,dlk_ext_00433,dlk_ext_00481
gob_proceso_0567;3;dlk_tbl_03216,dlk_tbl_02647,dlk_tbl_00424;12;dash_tbl_03242,gob_tbl_01929,dlk_tbl_02621,dlk_tbl_00969,dlk_tbl_01743,gob_tbl_02091,proc_tbl_01202,dlk_ext_00313,dlk_ext_00136,dlk_ext_00352,gob_ext_00256,gob_ext_00551
gob_proceso_0568;7;dlk_tbl_04397,dlk_tbl_00902,proc_tbl_03464,std_tbl_04409,dash_tbl_02782,gob_tbl_03145,dlk_tbl_00231;4;dlk_tbl_02380,dlk_tbl_04212,dash_ext_00270,dlk_ext_00230
gob_proceso_0569;5;gob_tbl_01839,gob_tbl_00252,proc_tbl_01570,dlk_tbl_04055,proc_tbl_03299;17;dlk_tbl_03673,gob_tbl_03247,gob_tbl_01049,dlk_tbl_00271,gob_tbl_01384,proc_tbl_03931,gob_tbl_03176,dlk_tbl_00898,dlk_tbl_02461,proc_tbl_03678,gob_ext_00249,dlk_ext_00317,dash_ext_00568,dlk_ext_00618,proc_ext_00216,gob_ext_00248,gob_ext_00303
dlk_proceso_0570;4;proc_tbl_00115,dlk_tbl_02380,dlk_tbl_04436,dlk_tbl_02797;6;dlk_tbl_00652,dlk_tbl_04115,dlk_tbl_03476,gob_ext_00491,dlk_ext_00034,ppn_ext_00204
dlk_proceso_0571;5;dash_tbl_02671,dlk_tbl_01581,dlk_tbl_02844,gob_tbl_01440,dash_tbl_01216;14;gob_tbl_01487,dlk_tbl_02428,gob_tbl_03023,dlk_tbl_03587,gob_tbl_02133,dlk_tbl_02717,dlk_tbl_03226,proc_tbl_03736,gob_ext_00140,dlk_ext_00178,dlk_ext_00352,dlk_ext_00440,dlk_ext_00228,dlk_ext_00623
dlk_proceso_0572;7;dlk_tbl_02689,proc_tbl_02961,dash_tbl_00366,dlk_tbl_01429,gob_tbl_00437,dlk_tbl_03483,gob_tbl_00344;1;dash_tbl_00277
dlk_proceso_0573;6;dlk_tbl_03286,dlk_tbl_03246,gob_tbl_02517,dlk_tbl_03933,dash_tbl_01358,dlk_tbl_00412;21;dash_tbl_01543,dlk_tbl_04043,gob_tbl_02818,dlk_tbl_00281,dlk_tbl_03476,dlk_tbl_02873,gob_tbl_01298,ppn_tbl_02122,gob_tbl_00989,dlk_tbl_02955,dash_tbl_00993,dlk_tbl_02496,gob_ext_00503,dash_ext_00586,proc_ext_00013,dlk_ext_00057,dlk_ext_00087,dlk_ext_00060,gob_ext_00468,proc_ext_00483,dlk_ext_00352
gob_proceso_0574;2;std_tbl_04051,dlk_tbl_01507;7;proc_tbl_03635,proc_tbl_02560,dlk_tbl_03246,gob_tbl_00771,gob_ext_00464,gob_ext_00366,dlk_ext_00233
dlk_proceso_0575;2;dlk_tbl_04205,dash_tbl_03242;10;gob_tbl_00166,dash_tbl_01897,gob_tbl_00830,dlk_tbl_02399,gob_tbl_04314,dlk_tbl_00686,dlk_ext_00082,dlk_ext_00597,proc_ext_00272,proc_ext_00046
dlk_proceso_0576;2;gob_tbl_01958,dlk_tbl_00570;15;dlk_tbl_04465,dlk_tbl_01780,m4sco_tbl_02009,dlk_tbl_04043,proc_tbl_03946,dash_tbl_04442,gob_tbl_03147,dlk_tbl_02119,gob_tbl_02774,proc_ext_00242,m4sco_ext_00571,dash_ext_00565,dlk_ext_00178,gob_ext_00088,dlk_ext_00228
proc_proceso_0577;3;dlk_tbl_04092,dlk_tbl_01780,m4vw_tbl_02823;12;proc_tbl_00486,gob_tbl_01017,proc_tbl_03772,proc_tbl_01635,ppn_tbl_02866,gob_tbl_03195,gob_tbl_03045,gob_ext_00450,dlk_ext_00017,gob_ext_00593,dlk_ext_00038,dlk_ext_00031
dlk_proceso_0578;6;proc_tbl_03116,gob_tbl_01721,dlk_tbl_01619,gob_tbl_00885,dlk_tbl_03291,gob_tbl_02124;12;dlk_tbl_00274,dlk_tbl_02503,dash_tbl_01257,dash_tbl_01388,dlk_tbl_01948,proc_tbl_03161,gob_tbl_01442,gob_ext_00326,gob_ext_00016,dlk_ext_00405,dlk_ext_00352,dlk_ext_00244
gob_proceso_0579;4;proc_tbl_01906,proc_tbl_01605,proc_tbl_02228,dlk_tbl_01674;6;dlk_tbl_00823,proc_tbl_00350,gob_tbl_01833,dlk_ext_00098,gob_ext_00254,dlk_ext_00081
gob_proceso_0580;6;gob_tbl_01601,dlk_tbl_03061,gob_tbl_01672,ppn_tbl_02854,proc_tbl_00144,gob_tbl_01531;6;gob_tbl_02661,gob_tbl_00216,dlk_tbl_00633,gob_ext_00263,gob_ext_00517,gob_ext_00580
dlk_proceso_0581;3;proc_tbl_03884,gob_tbl_00998,dlk_tbl_01458;11;gob_tbl_02340,proc_tbl_02486,gob_tbl_01247,gob_tbl_00166,gob_tbl_00635,gob_tbl_02690,gob_ext_00163,proc_ext_00489,gob_ext_00576,gob_ext_00278,gob_ext_00582
dash_proceso_0582;3;dlk_tbl_01546,proc_tbl_02942,gob_tbl_01298;13;dlk_tbl_01862,dash_tbl_01845,dlk_tbl_01246,dlk_tbl_02642,dlk_tbl_03647,gob_tbl_00818,proc_tbl_04337,gob_ext_00214,dlk_ext_00355,gob_ext_00067,proc_ext_00046,dash_ext_00270,std_ext_00350
dash_proceso_0583;8;gob_tbl_01255,gob_tbl_00929,gob_tbl_00085,dlk_tbl_04099,gob_tbl_03041,gob_tbl_03122,proc_tbl_00870,proc_tbl_03707;24;gob_tbl_01666,proc_tbl_01992,proc_tbl_03410,dlk_tbl_01101,dlk_tbl_00077,dlk_tbl_01863,gob_tbl_03926,gob_tbl_03629,dlk_tbl_03967,std_tbl_01490,dlk_tbl_04053,proc_tbl_01357,gob_tbl_03237,dlk_tbl_03337,gob_ext_00047,dlk_ext_00579,dash_ext_00581,dash_ext_00461,proc_ext_00489,gob_ext_00088,dlk_ext_00045,dlk_ext_00116,dlk_ext_00352,gob_ext_00577
proc_proceso_0584;6;gob_tbl_02740,gob_tbl_03602,gob_tbl_03488,gob_tbl_00628,dlk_tbl_03583,gob_tbl_01955;15;dlk_tbl_01975,proc_tbl_01719,dlk_tbl_03448,proc_tbl_01838,gob_tbl_03218,dlk_tbl_02796,dlk_tbl_01670,dlk_tbl_00838,m4vw_tbl_02480,proc_ext_00055,dlk_ext_00098,gob_ext_00686,dlk_ext_00530,gob_ext_00189,dlk_ext_00315
dash_proceso_0585;6;dlk_tbl_01622,proc_tbl_00441,proc_tbl_03410,proc_tbl_02438,proc_tbl_02876,dash_tbl_04468;15;dlk_tbl_00966,dlk_tbl_00626,dlk_tbl_03717,dlk_tbl_02095,dlk_tbl_02157,ppn_tbl_03916,dash_tbl_04321,dlk_tbl_01887,dlk_tbl_03198,dlk_ext_00014,proc_ext_00447,gob_ext_00148,proc_ext_00424,dlk_ext_00451,gob_ext_00219
dlk_proceso_0586;6;gob_tbl_03267,dlk_tbl_02186,proc_tbl_01661,gob_tbl_00483,gob_tbl_03642,dash_tbl_01111;6;proc_tbl_01596,gob_tbl_03018,gob_tbl_02837,proc_ext_00097,dlk_ext_00312,gob_ext_00252
gob_proceso_0587;6;gob_tbl_03112,gob_tbl_04181,dlk_tbl_01712,gob_tbl_03866,gob_tbl_04163,gob_tbl_00891;6;dlk_tbl_03668,dlk_tbl_03933,dash_tbl_02432,dlk_ext_00660,dash_ext_00613,gob_ext_00507
gob_proceso_0588;3;dlk_tbl_04007,proc_tbl_00769,proc_tbl_03855;12;gob_tbl_02832,gob_tbl_03906,std_tbl_02179,proc_tbl_00816,dash_tbl_00402,proc_tbl_00491,dash_tbl_00787,gob_ext_00475,dlk_ext_00597,dlk_ext_00434,dlk_ext_00615,ppn_ext_00289
gob_proceso_0589;5;gob_tbl_03867,proc_tbl_00986,gob_tbl_02060,proc_tbl_00091,std_tbl_00622;10;gob_tbl_03426,gob_tbl_02207,dlk_tbl_04216,dash_tbl_01197,dlk_tbl_02142,gob_tbl_03651,proc_ext_00523,proc_ext_00024,gob_ext_00321,dlk_ext_00516
gob_proceso_0590;6;gob_tbl_01956,m4vw_tbl_04267,dlk_tbl_02096,dlk_tbl_00925,gob_tbl_01963,gob_tbl_02958;16;gob_tbl_02582,dash_tbl_00366,dash_tbl_00354,dlk_tbl_01221,proc_tbl_04281,proc_tbl_01318,gob_tbl_01178,dlk_tbl_02780,proc_tbl_03678,dash_ext_00388,dash_ext_00307,gob_ext_00189,dlk_ext_00629,gob_ext_00658,gob_ext_00420,proc_ext_00308
proc_proceso_0591;7;gob_tbl_03769,dlk_tbl_00543,dlk_tbl_02583,gob_tbl_00164,gob_tbl_02086,dlk_tbl_03508,dlk_tbl_04472;6;proc_tbl_02499,proc_tbl_02333,gob_tbl_03169,dash_ext_00567,gob_ext_00651,proc_ext_00157
dlk_proceso_0592;6;dlk_tbl_01705,gob_tbl_04079,dash_tbl_00607,dlk_tbl_04053,dlk_tbl_00738,dlk_tbl_02355;9;dlk_tbl_00274,dlk_tbl_04148,gob_tbl_04404,dash_tbl_00515,gob_tbl_03184,proc_ext_00287,gob_ext_00672,proc_ext_00025,dlk_ext_00003
gob_proceso_0593;4;gob_tbl_03169,gob_tbl_01006,dash_tbl_01136,dlk_tbl_00946;10;dlk_tbl_00385,gob_tbl_03932,gob_tbl_00620,std_tbl_01256,dlk_tbl_01986,proc_tbl_03725,proc_ext_00458,proc_ext_00539,gob_ext_00043,gob_ext_00554
proc_proceso_0594;2;dlk_tbl_03531,gob_tbl_01352;12;dash_tbl_01653,gob_tbl_02521,dlk_tbl_03246,gob_tbl_04315,gob_tbl_00256,gob_tbl_04241,dlk_tbl_00626,dlk_ext_00098,gob_ext_00650,dash_ext_00631,gob_ext_00184,dlk_ext_00665
dlk_proceso_0595;5;proc_tbl_04297,dlk_tbl_01782,proc_tbl_00648,proc_tbl_01825,gob_tbl_04048;10;dlk_tbl_03181,dlk_tbl_03091,m4vw_tbl_01010,dlk_tbl_03315,dlk_tbl_03337,dlk_tbl_03901,dlk_ext_00659,dlk_ext_00031,gob_ext_00686,dlk_ext_00525
dlk_proceso_0596;6;gob_tbl_03480,dlk_tbl_00415,dlk_tbl_02290,gob_tbl_02699,gob_tbl_03389,dlk_tbl_00573;12;dlk_tbl_01971,gob_tbl_02529,proc_tbl_02819,gob_tbl_00600,dlk_tbl_03400,gob_tbl_00662,dlk_tbl_01041,dlk_ext_00434,dlk_ext_00102,proc_ext_00318,gob_ext_00576,gob_ext_00382
gob_proceso_0597;5;proc_tbl_02887,dlk_tbl_01077,proc_tbl_00736,dlk_tbl_02411,proc_tbl_00204;13;proc_tbl_00396,dash_tbl_02685,dlk_tbl_00269,gob_tbl_00896,dlk_tbl_02082,dlk_tbl_03587,proc_tbl_01171,gob_ext_00329,gob_ext_00276,gob_ext_00644,dlk_ext_00010,gob_ext_00321,gob_ext_00018
gob_proceso_0598;4;dlk_tbl_03204,proc_tbl_01767,gob_tbl_00052,gob_tbl_04066;12;dlk_tbl_02855,proc_tbl_04439,proc_tbl_02384,gob_tbl_00887,proc_tbl_04252,proc_tbl_01152,dlk_tbl_02642,gob_ext_00110,ppn_ext_00534,dlk_ext_00061,gob_ext_00374,dlk_ext_00542
dlk_proceso_0599;3;gob_tbl_04256,dlk_tbl_02200,gob_tbl_03958;14;gob_tbl_01947,dlk_tbl_02601,std_tbl_03617,dlk_tbl_03996,gob_tbl_00057,dlk_tbl_03367,proc_tbl_01323,gob_tbl_02586,dlk_ext_00284,dash_ext_00675,dlk_ext_00354,dlk_ext_00137,proc_ext_00421,dlk_ext_00045
dlk_proceso_0600;3;dlk_tbl_00944,dlk_tbl_02993,gob_tbl_02050;15;dlk_tbl_03476,dash_tbl_02725,dlk_tbl_00616,dlk_tbl_03594,std_tbl_03010,gob_tbl_00021,dlk_tbl_00360,dlk_tbl_03638,gob_tbl_01373,proc_ext_00490,gob_ext_00215,dlk_ext_00134,gob_ext_00316,m4vw_ext_00161,dlk_ext_00562
dlk_proceso_0601;3;dlk_tbl_02857,proc_tbl_02501,gob_tbl_03192;12;gob_tbl_04079,dash_tbl_04158,dlk_tbl_00587,gob_tbl_02032,gob_tbl_00080,dash_tbl_01223,m4vw_tbl_01786,dlk_ext_00317,gob_ext_00254,dlk_ext_00354,gob_ext_00018,dlk_ext_00095
proc_proceso_0602;5;proc_tbl_00193,m4vw_tbl_03369,gob_tbl_00207,dlk_tbl_02632,gob_tbl_00663;7;dlk_tbl_02433,proc_tbl_03723,m4sco_tbl_01771,dlk_tbl_00613,proc_ext_00097,dlk_ext_00559,gob_ext_00681
dash_proceso_0603;4;gob_tbl_03384,dlk_tbl_03579,dash_tbl_02775,m4sco_tbl_02401;12;dlk_tbl_03400,dlk_tbl_00650,dlk_tbl_02440,gob_tbl_00733,gob_tbl_02484,dlk_tbl_04454,gob_tbl_02497,gob_ext_00267,dlk_ext_00070,dlk_ext_00562,dash_ext_00638,dlk_ext_00074
gob_proceso_0604;5;gob_tbl_00990,dash_tbl_02235,dash_tbl_00956,dlk_tbl_01334,gob_tbl_01968;8;dlk_tbl_03469,dash_tbl_01756,dlk_tbl_00077,dlk_tbl_01484,gob_tbl_04431,proc_ext_00173,dlk_ext_00596,dlk_ext_00108
gob_proceso_0605;5;gob_tbl_03606,dlk_tbl_03668,std_tbl_03232,dlk_tbl_00828,dlk_tbl_03750;5;gob_tbl_02880,proc_tbl_02421,dlk_tbl_00119,dlk_ext_00525,gob_ext_00330
dlk_proceso_0606;5;dlk_tbl_03438,proc_tbl_01187,dlk_tbl_02282,dlk_tbl_00547,gob_tbl_03731;5;dlk_tbl_02947,dlk_tbl_03647,proc_tbl_00128,dlk_ext_00360,dash_ext_00392
dlk_proceso_0607;7;gob_tbl_03608,proc_tbl_00827,dash_tbl_00779,dlk_tbl_03802,dlk_tbl_01288,gob_tbl_04306,gob_tbl_01795;10;proc_tbl_03818,dlk_tbl_03130,proc_tbl_01935,dlk_tbl_03388,ppn_tbl_02707,m4sco_tbl_00563,dlk_ext_00354,gob_ext_00221,dlk_ext_00230,gob_ext_00491
dlk_proceso_0608;4;gob_tbl_01501,gob_tbl_02088,dlk_tbl_03440,dash_tbl_02141;4;dlk_tbl_00084,gob_tbl_04064,dash_ext_00270,gob_ext_00387
dash_proceso_0609;3;dlk_tbl_00899,dash_tbl_01653,dlk_tbl_01886;13;dlk_tbl_04399,gob_tbl_01997,gob_tbl_01996,dash_tbl_02624,proc_tbl_00477,std_tbl_00548,proc_tbl_03604,proc_ext_00458,proc_ext_00300,dlk_ext_00100,proc_ext_00490,proc_ext_00197,dlk_ext_00481
gob_proceso_0610;3;gob_tbl_02460,dash_tbl_02746,m4vw_tbl_02480;14;dlk_tbl_01986,gob_tbl_03053,dlk_tbl_02764,gob_tbl_03171,dash_tbl_04226,dlk_tbl_00031,proc_tbl_01353,dlk_tbl_01018,dlk_ext_00118,dlk_ext_00075,dlk_ext_00453,dlk_ext_00211,dlk_ext_00668,dlk_ext_00245
proc_proceso_0611;4;gob_tbl_00438,proc_tbl_04130,dlk_tbl_00621,m4vw_tbl_00389;10;std_tbl_02327,ppn_tbl_04031,gob_tbl_02470,gob_tbl_03016,dash_tbl_01858,gob_tbl_03053,gob_ext_00223,gob_ext_00551,dlk_ext_00224,proc_ext_00318
dash_proceso_0612;4;dlk_tbl_02270,gob_tbl_03093,dash_tbl_00310,dlk_tbl_00360;4;dlk_tbl_01836,gob_tbl_00215,m4vw_ext_00643,gob_ext_00387
dlk_proceso_0613;6;dlk_tbl_00499,dlk_tbl_01452,gob_tbl_03990,dlk_tbl_02341,gob_tbl_01738,std_tbl_00610;15;dlk_tbl_00020,gob_tbl_02140,proc_tbl_02918,dlk_tbl_02621,dlk_tbl_00546,dlk_tbl_01432,dlk_tbl_02286,dlk_tbl_04221,gob_tbl_01659,dlk_ext_00251,dlk_ext_00536,gob_ext_00110,dlk_ext_00579,proc_ext_00009,std_ext_00201
dlk_proceso_0614;3;dlk_tbl_02135,gob_tbl_04113,std_tbl_02686;8;proc_tbl_02667,proc_tbl_03019,gob_tbl_03986,proc_tbl_04410,gob_tbl_02064,std_ext_00622,dlk_ext_00076,proc_ext_00030
gob_proceso_0615;2;proc_tbl_01142,gob_tbl_01378;15;gob_tbl_04445,proc_tbl_02333,gob_tbl_01320,dlk_tbl_02736,dlk_tbl_01240,gob_tbl_03296,dlk_tbl_03475,gob_tbl_04312,dlk_tbl_03382,dlk_ext_00081,std_ext_00350,m4sco_ext_00107,proc_ext_00176,std_ext_00338,dash_ext_00187
dash_proceso_0616;5;proc_tbl_03849,gob_tbl_00987,proc_tbl_01275,dlk_tbl_04154,gob_tbl_02581;14;dlk_tbl_00606,dash_tbl_00717,gob_tbl_00839,m4sco_tbl_01731,dlk_tbl_02621,proc_tbl_03950,proc_tbl_01754,gob_tbl_00026,proc_ext_00308,gob_ext_00254,gob_ext_00262,proc_ext_00332,proc_ext_00327,gob_ext_00508
dlk_proceso_0617;3;dlk_tbl_01519,dlk_tbl_00518,dlk_tbl_02668;8;gob_tbl_03325,dlk_tbl_00470,gob_tbl_01440,gob_tbl_04165,proc_tbl_02352,gob_ext_00088,proc_ext_00206,dlk_ext_00415
proc_proceso_0618;2;gob_tbl_03385,proc_tbl_03037;6;proc_tbl_00153,gob_tbl_00561,gob_tbl_03708,proc_ext_00353,proc_ext_00206,gob_ext_00139
dlk_proceso_0619;9;dlk_tbl_02240,dlk_tbl_01730,m4vw_tbl_04260,dash_tbl_00726,gob_tbl_01551,gob_tbl_02608,dlk_tbl_02698,dash_tbl_01543,gob_tbl_00749;14;dash_tbl_04367,dlk_tbl_02844,dlk_tbl_02668,gob_tbl_01247,std_tbl_01224,dlk_tbl_03980,proc_tbl_03860,proc_tbl_03777,dlk_ext_00558,proc_ext_00227,dlk_ext_00277,proc_ext_00019,dlk_ext_00098,gob_ext_00594
dlk_proceso_0620;6;gob_tbl_00619,dlk_tbl_03856,dash_tbl_01858,dash_tbl_02535,gob_tbl_00373,gob_tbl_01125;4;gob_tbl_00013,dlk_tbl_01468,gob_ext_00042,dlk_ext_00054
gob_proceso_0621;3;gob_tbl_03179,dlk_tbl_01781,dash_tbl_00096;12;dlk_tbl_01556,dash_tbl_01257,gob_tbl_00214,dlk_tbl_01802,gob_tbl_03351,ppn_tbl_00820,proc_tbl_00369,dlk_ext_00516,dash_ext_00493,gob_ext_00128,ppn_ext_00534,std_ext_00165
dlk_proceso_0622;4;dlk_tbl_00898,gob_tbl_03076,proc_tbl_03925,dlk_tbl_01351;10;proc_tbl_04281,dlk_tbl_00808,dash_tbl_00191,m4vw_tbl_02108,std_tbl_02080,gob_tbl_03894,dlk_ext_00655,dlk_ext_00616,dlk_ext_00430,gob_ext_00304
proc_proceso_0623;6;dlk_tbl_04206,dlk_tbl_00506,gob_tbl_03718,gob_tbl_04188,gob_tbl_02791,dlk_tbl_03559;10;std_tbl_00877,gob_tbl_01381,dlk_tbl_02048,gob_tbl_00466,dlk_tbl_03517,m4vw_tbl_03369,gob_ext_00594,dlk_ext_00317,proc_ext_00000,dlk_ext_00538
dlk_proceso_0624;3;proc_tbl_02799,std_tbl_03827,ppn_tbl_02929;13;dlk_tbl_02387,gob_tbl_03237,gob_tbl_01254,gob_tbl_03042,dlk_tbl_01877,gob_tbl_02835,dlk_tbl_01634,proc_ext_00399,dlk_ext_00598,proc_ext_00624,gob_ext_00524,dlk_ext_00137,dlk_ext_00299
gob_proceso_0625;8;std_tbl_00017,proc_tbl_02251,dlk_tbl_04073,gob_tbl_02412,proc_tbl_03871,proc_tbl_02349,dlk_tbl_03506,dlk_tbl_03222;19;gob_tbl_02422,gob_tbl_00364,dlk_tbl_00740,dlk_tbl_00925,gob_tbl_00793,proc_tbl_03510,gob_tbl_00662,gob_tbl_01981,m4vw_tbl_04316,gob_tbl_00256,dlk_tbl_00020,proc_ext_00009,dash_ext_00631,gob_ext_00262,dlk_ext_00481,dlk_ext_00081,dash_ext_00258,dash_ext_00638,dlk_ext_00428
gob_proceso_0626;5;gob_tbl_02249,proc_tbl_00579,dlk_tbl_04380,gob_tbl_01065,dlk_tbl_03515;8;ppn_tbl_03963,gob_tbl_01395,dlk_tbl_02018,dash_tbl_03970,dlk_tbl_01399,m4vw_ext_00115,gob_ext_00246,dlk_ext_00487
gob_proceso_0627;3;proc_tbl_02482,gob_tbl_02546,proc_tbl_02667;8;dlk_tbl_00963,dash_tbl_03305,dlk_tbl_02683,gob_tbl_01178,proc_tbl_04317,ppn_ext_00534,gob_ext_00328,m4vw_ext_00115
gob_proceso_0628;5;gob_tbl_00239,dlk_tbl_02886,gob_tbl_02954,std_tbl_03534,dlk_tbl_02299;8;dlk_tbl_01340,dlk_tbl_02644,gob_tbl_03344,gob_tbl_04449,gob_tbl_03442,gob_ext_00163,dlk_ext_00081,dlk_ext_00116
gob_proceso_0629;8;proc_tbl_00459,gob_tbl_03462,dlk_tbl_00326,gob_tbl_02098,gob_tbl_01086,gob_tbl_01000,proc_tbl_02055,gob_tbl_01869;9;dlk_tbl_04432,gob_tbl_03744,gob_tbl_02248,dlk_tbl_00962,dlk_tbl_02644,dlk_ext_00038,gob_ext_00356,proc_ext_00290,dlk_ext_00120
gob_proceso_0630;7;gob_tbl_01411,dlk_tbl_01170,dlk_tbl_02399,dlk_tbl_04120,gob_tbl_01706,gob_tbl_00793,std_tbl_02430;9;dlk_tbl_02864,gob_tbl_03926,dlk_tbl_03521,dlk_tbl_02873,gob_tbl_00672,gob_ext_00508,proc_ext_00287,gob_ext_00419,dlk_ext_00616
dlk_proceso_0631;3;gob_tbl_04405,proc_tbl_03923,gob_tbl_01362;13;proc_tbl_02560,dlk_tbl_03456,dlk_tbl_00356,std_tbl_03617,std_tbl_01466,proc_tbl_00517,dlk_tbl_02024,dlk_ext_00285,dlk_ext_00560,dlk_ext_00217,dlk_ext_00418,gob_ext_00257,gob_ext_00667
proc_proceso_0632;4;gob_tbl_00984,gob_tbl_00540,gob_tbl_01901,dlk_tbl_03735;7;std_tbl_04005,gob_tbl_01973,dlk_tbl_04061,gob_tbl_02619,dlk_ext_00035,dlk_ext_00530,dlk_ext_00180
proc_proceso_0633;5;std_tbl_00614,gob_tbl_03845,dlk_tbl_01995,dlk_tbl_00067,dlk_tbl_01239;7;gob_tbl_01115,gob_tbl_03265,dash_tbl_01136,gob_tbl_00733,dlk_ext_00522,ppn_ext_00534,dlk_ext_00365
gob_proceso_0634;4;dlk_tbl_01418,dash_tbl_02457,gob_tbl_04404,gob_tbl_03231;17;dlk_tbl_03337,gob_tbl_01892,gob_tbl_03105,gob_tbl_02957,proc_tbl_02949,gob_tbl_04382,gob_tbl_01411,gob_tbl_02267,gob_tbl_02447,dlk_tbl_01686,dash_ext_00187,dash_ext_00056,gob_ext_00215,dlk_ext_00193,proc_ext_00539,proc_ext_00490,dlk_ext_00136
dash_proceso_0635;5;dlk_tbl_00812,gob_tbl_02044,dlk_tbl_02038,gob_tbl_03618,proc_tbl_01865;8;proc_tbl_01396,dash_tbl_01632,dlk_tbl_00024,dash_tbl_02725,m4sco_tbl_01526,m4sco_ext_00232,gob_ext_00651,dlk_ext_00558
dlk_proceso_0636;3;gob_tbl_01036,gob_tbl_01076,dlk_tbl_02713;11;proc_tbl_01638,dlk_tbl_04224,gob_tbl_03807,dlk_tbl_04180,dash_tbl_03298,dlk_tbl_02066,dash_ext_00565,gob_ext_00371,m4sco_ext_00439,gob_ext_00686,dlk_ext_00135
proc_proceso_0637;4;dlk_tbl_02747,dlk_tbl_01606,gob_tbl_00328,dash_tbl_01471;10;dlk_tbl_03198,proc_tbl_02383,dash_tbl_00993,proc_tbl_04373,gob_tbl_00923,dlk_tbl_00004,dash_ext_00056,gob_ext_00575,dash_ext_00492,std_ext_00359
dlk_proceso_0638;2;dlk_tbl_01556,gob_tbl_03978;12;gob_tbl_00783,dlk_tbl_03758,proc_tbl_01347,dlk_tbl_00004,gob_tbl_00384,dlk_tbl_04056,gob_tbl_00016,m4sco_ext_00439,m4vw_ext_00515,gob_ext_00368,m4sco_ext_00571,gob_ext_00262
gob_proceso_0639;6;dlk_tbl_00376,dlk_tbl_00694,std_tbl_02458,gob_tbl_02271,dlk_tbl_02627,gob_tbl_00364;15;dlk_tbl_03013,gob_tbl_01405,proc_tbl_01668,proc_tbl_02190,gob_tbl_03785,dlk_tbl_02335,m4vw_tbl_03277,dlk_tbl_03314,dlk_tbl_02013,dlk_ext_00209,gob_ext_00511,gob_ext_00279,m4vw_ext_00643,dlk_ext_00355,dlk_ext_00178
dlk_proceso_0640;7;gob_tbl_00561,dlk_tbl_01617,dlk_tbl_01761,dash_tbl_03197,m4vw_tbl_04175,dlk_tbl_04221,gob_tbl_02498;15;gob_tbl_02818,dash_tbl_03563,dash_tbl_03814,gob_tbl_03935,gob_tbl_02043,dlk_tbl_02310,m4vw_tbl_03395,gob_tbl_01917,dlk_tbl_03816,proc_ext_00222,proc_ext_00353,gob_ext_00677,gob_ext_00561,gob_ext_00163,dlk_ext_00648
dash_proceso_0641;7;dlk_tbl_03060,gob_tbl_00595,std_tbl_00113,dlk_tbl_03872,proc_tbl_04065,gob_tbl_00897,dlk_tbl_01326;10;gob_tbl_03162,gob_tbl_02793,dlk_tbl_03283,gob_tbl_01269,proc_tbl_04322,gob_tbl_03273,ppn_ext_00534,dlk_ext_00481,m4sco_ext_00273,dash_ext_00033
dlk_proceso_0642;6;dash_tbl_02053,gob_tbl_03656,dlk_tbl_00426,proc_tbl_02381,ppn_tbl_02451,dlk_tbl_03336;4;proc_tbl_00940,dlk_tbl_03886,gob_ext_00541,gob_ext_00420
gob_proceso_0643;3;gob_tbl_03465,dlk_tbl_00293,dlk_tbl_02413;13;dlk_tbl_02525,dlk_tbl_02621,dlk_tbl_00478,dash_tbl_01356,dlk_tbl_01302,gob_tbl_03275,std_tbl_03114,proc_ext_00055,dlk_ext_00144,gob_ext_00475,m4sco_ext_00232,m4vw_ext_00515,dlk_ext_00037
gob_proceso_0644;5;gob_tbl_03172,gob_tbl_02015,dash_tbl_02318,dlk_tbl_02617,dlk_tbl_01248;19;gob_tbl_01964,dlk_tbl_02221,gob_tbl_02439,dlk_tbl_03029,dlk_tbl_02274,dash_tbl_01158,dash_tbl_03952,gob_tbl_03567,dlk_tbl_00084,dlk_tbl_00453,gob_tbl_01236,gob_ext_00149,gob_ext_00140,dlk_ext_00597,dlk_ext_00396,dlk_ext_00134,gob_ext_00658,dlk_ext_00144,dlk_ext_00322
gob_proceso_0645;3;dlk_tbl_04217,dash_tbl_00787,m4vw_tbl_00815;6;dlk_tbl_02095,proc_tbl_02660,dlk_tbl_02587,dlk_ext_00558,dlk_ext_00095,dash_ext_00392
proc_proceso_0646;3;gob_tbl_03088,std_tbl_00382,dlk_tbl_02693;9;proc_tbl_00850,dash_tbl_02643,dlk_tbl_00014,gob_tbl_02774,ppn_tbl_00611,dlk_ext_00116,proc_ext_00447,gob_ext_00669,dlk_ext_00659
gob_proceso_0647;3;proc_tbl_00291,proc_tbl_02543,dlk_tbl_03994;11;dlk_tbl_01391,dlk_tbl_02922,dlk_tbl_04115,dlk_tbl_03661,gob_tbl_04430,dlk_tbl_04406,gob_ext_00477,dlk_ext_00599,m4vw_ext_00643,gob_ext_00247,proc_ext_00229
proc_proceso_0648;6;gob_tbl_03532,dash_tbl_00582,gob_tbl_03537,gob_tbl_03457,dlk_tbl_01663,dlk_tbl_03673;4;dlk_tbl_03396,dash_tbl_00705,dlk_ext_00431,dlk_ext_00095
dlk_proceso_0649;5;m4sco_tbl_04290,dlk_tbl_01104,std_tbl_03453,dlk_tbl_01504,dlk_tbl_02732;9;dash_tbl_04129,dlk_tbl_02272,dash_tbl_01523,dlk_tbl_01337,gob_tbl_01829,proc_ext_00009,gob_ext_00269,dlk_ext_00266,gob_ext_00575
gob_proceso_0650;3;dlk_tbl_04374,proc_tbl_00280,gob_tbl_00213;13;dash_tbl_03834,std_tbl_02210,gob_tbl_03053,gob_tbl_03593,gob_tbl_02984,gob_tbl_02370,proc_tbl_02169,ppn_ext_00534,dlk_ext_00211,dlk_ext_00036,dash_ext_00586,gob_ext_00503,proc_ext_00539
dlk_proceso_0651;5;gob_tbl_02980,dlk_tbl_04127,dlk_tbl_03543,proc_tbl_04259,m4sco_tbl_00222;10;gob_tbl_01996,gob_tbl_02057,gob_tbl_03094,dlk_tbl_01823,proc_tbl_01454,gob_tbl_02818,dlk_ext_00175,gob_ext_00241,dlk_ext_00313,dlk_ext_00668
dlk_proceso_0652;6;gob_tbl_03363,gob_tbl_03481,gob_tbl_01625,gob_tbl_02415,gob_tbl_04157,proc_tbl_02301;10;dlk_tbl_04036,dlk_tbl_03166,std_tbl_04114,proc_tbl_02472,dlk_tbl_02129,gob_tbl_00857,gob_ext_00667,gob_ext_00642,dlk_ext_00590,dlk_ext_00293
gob_proceso_0653;2;dlk_tbl_00446,proc_tbl_03039;8;gob_tbl_01058,gob_tbl_01164,dlk_tbl_03803,gob_tbl_02614,dlk_tbl_02796,dlk_ext_00391,gob_ext_00366,dlk_ext_00494
gob_proceso_0654;5;gob_tbl_03199,dlk_tbl_00685,gob_tbl_03415,dash_tbl_02065,proc_tbl_02485;5;dlk_tbl_03760,dash_tbl_03561,dash_tbl_03852,gob_ext_00435,dlk_ext_00245
proc_proceso_0655;5;m4sco_tbl_03977,gob_tbl_00353,gob_tbl_01191,ppn_tbl_02215,proc_tbl_02137;13;dlk_tbl_03715,dlk_tbl_00425,proc_tbl_03796,gob_tbl_03076,gob_tbl_02596,gob_tbl_04271,dash_tbl_03596,dlk_ext_00108,gob_ext_00412,gob_ext_00182,dlk_ext_00522,dash_ext_00388,dlk_ext_00361
dash_proceso_0656;5;gob_tbl_02521,dlk_tbl_03848,dash_tbl_03228,proc_tbl_04200,gob_tbl_03175;11;proc_tbl_02904,ppn_tbl_02929,dash_tbl_03542,dlk_tbl_04018,dlk_tbl_01458,dlk_tbl_02716,gob_ext_00658,gob_ext_00358,dlk_ext_00391,dlk_ext_00076,dash_ext_00613
dash_proceso_0657;8;dlk_tbl_04263,dlk_tbl_04003,dlk_tbl_03376,proc_tbl_02467,proc_tbl_00211,dlk_tbl_02633,dlk_tbl_02089,dash_tbl_00224;14;proc_tbl_01952,gob_tbl_01235,proc_tbl_00842,dlk_tbl_02440,dlk_tbl_00235,dash_tbl_01062,dlk_tbl_02186,dlk_tbl_04223,gob_ext_00593,proc_ext_00399,dlk_ext_00372,gob_ext_00320,dlk_ext_00659,proc_ext_00013
dlk_proceso_0658;6;dlk_tbl_00330,dlk_tbl_00109,dlk_tbl_01107,gob_tbl_01744,gob_tbl_03272,dlk_tbl_04300;10;dlk_tbl_02865,dlk_tbl_04166,dlk_tbl_01999,gob_tbl_02239,gob_tbl_04191,proc_tbl_00088,dlk_ext_00274,gob_ext_00356,proc_ext_00458,gob_ext_00044
gob_proceso_0659;2;gob_tbl_02649,dlk_tbl_01443;8;proc_tbl_02494,dash_tbl_02685,proc_tbl_03201,dlk_tbl_00003,dlk_tbl_00699,gob_ext_00249,proc_ext_00078,gob_ext_00593
proc_proceso_0660;4;gob_tbl_03961,std_tbl_00958,gob_tbl_00411,gob_tbl_00923;13;proc_tbl_01406,gob_tbl_03480,gob_tbl_04211,dlk_tbl_04012,gob_tbl_01081,gob_tbl_00308,gob_tbl_01289,dlk_ext_00037,dlk_ext_00162,gob_ext_00071,proc_ext_00458,gob_ext_00582,gob_ext_00387
gob_proceso_0661;6;proc_tbl_00010,gob_tbl_00167,gob_tbl_02550,proc_tbl_04293,proc_tbl_03460,proc_tbl_01741;6;dlk_tbl_03373,gob_tbl_01996,proc_tbl_02915,gob_ext_00150,dlk_ext_00174,gob_ext_00148
dlk_proceso_0662;4;gob_tbl_02046,dlk_tbl_02004,m4vw_tbl_03694,dlk_tbl_01368;4;dlk_tbl_02764,m4sco_tbl_04145,gob_ext_00090,dlk_ext_00418
proc_proceso_0663;4;gob_tbl_00893,dlk_tbl_01336,gob_tbl_01299,dash_tbl_01212;11;proc_tbl_02607,gob_tbl_02545,gob_tbl_03167,gob_tbl_03332,dlk_tbl_04212,gob_tbl_00684,dlk_ext_00372,dlk_ext_00079,dlk_ext_00083,gob_ext_00508,proc_ext_00327
gob_proceso_0664;3;dlk_tbl_01394,gob_tbl_02291,gob_tbl_00814;15;gob_tbl_03629,proc_tbl_03790,dlk_tbl_04434,proc_tbl_03677,gob_tbl_03084,gob_tbl_04334,gob_tbl_04261,gob_tbl_02891,dlk_tbl_01449,gob_ext_00551,dlk_ext_00430,proc_ext_00527,proc_ext_00272,dlk_ext_00590,gob_ext_00537
proc_proceso_0665;4;m4vw_tbl_02160,dlk_tbl_04166,proc_tbl_01141,dlk_tbl_01056;6;proc_tbl_01028,gob_tbl_01941,proc_tbl_02343,dlk_ext_00315,proc_ext_00498,dlk_ext_00010
proc_proceso_0666;4;gob_tbl_02170,gob_tbl_02839,proc_tbl_01148,proc_tbl_03282;4;gob_tbl_03344,gob_tbl_01395,dlk_ext_00245,proc_ext_00436
dlk_proceso_0667;4;gob_tbl_00676,proc_tbl_02285,dlk_tbl_02738,gob_tbl_02541;4;dlk_tbl_01120,dlk_tbl_01871,gob_ext_00646,gob_ext_00278
gob_proceso_0668;6;proc_tbl_00503,dlk_tbl_03693,gob_tbl_02613,std_tbl_01702,gob_tbl_01769,gob_tbl_00037;8;dlk_tbl_04465,std_tbl_01553,proc_tbl_04459,proc_tbl_03106,dlk_tbl_00874,dash_ext_00565,gob_ext_00042,proc_ext_00539
gob_proceso_0669;3;dlk_tbl_03762,dash_tbl_00705,dlk_tbl_01965;12;proc_tbl_02938,gob_tbl_03529,dlk_tbl_02890,gob_tbl_01064,proc_tbl_03201,dlk_tbl_03291,gob_tbl_00793,std_ext_00402,gob_ext_00139,gob_ext_00651,dlk_ext_00597,gob_ext_00262
gob_proceso_0670;2;gob_tbl_00609,dlk_tbl_03100;12;dlk_tbl_03091,m4sco_tbl_00404,gob_tbl_00577,dash_tbl_02348,dlk_tbl_01832,dash_tbl_02903,dlk_tbl_03396,gob_ext_00091,proc_ext_00436,dlk_ext_00335,dlk_ext_00277,dlk_ext_00134
proc_proceso_0671;2;proc_tbl_02203,gob_tbl_01269;8;gob_tbl_01389,m4vw_tbl_01427,dlk_tbl_02578,gob_tbl_01422,dlk_tbl_01007,dlk_ext_00522,proc_ext_00421,proc_ext_00030
proc_proceso_0672;5;dash_tbl_02616,dlk_tbl_04307,proc_tbl_04329,dlk_tbl_04180,m4sco_tbl_00404;10;dlk_tbl_02165,gob_tbl_02597,m4vw_tbl_01196,proc_tbl_02501,dlk_tbl_00094,dlk_tbl_04073,dash_ext_00243,dlk_ext_00542,dlk_ext_00588,dash_ext_00485
proc_proceso_0673;5;dlk_tbl_02387,dlk_tbl_04021,gob_tbl_00209,proc_tbl_03748,gob_tbl_01866;12;dlk_tbl_03797,gob_tbl_01298,dlk_tbl_02871,proc_tbl_02949,gob_tbl_04415,dlk_tbl_04206,m4sco_tbl_03324,gob_ext_00686,dlk_ext_00145,dlk_ext_00271,dlk_ext_00405,gob_ext_00263
dlk_proceso_0674;3;proc_tbl_01365,std_tbl_01465,gob_tbl_01594;8;m4vw_tbl_02001,proc_tbl_01419,gob_tbl_02806,gob_tbl_01701,dlk_tbl_01519,dlk_ext_00564,dlk_ext_00299,dlk_ext_00175
gob_proceso_0675;5;gob_tbl_03176,proc_tbl_02406,dlk_tbl_03362,dash_tbl_00784,dlk_tbl_04433;7;dlk_tbl_00158,gob_tbl_01269,gob_tbl_03294,dlk_tbl_01371,dlk_ext_00415,gob_ext_00188,m4sco_ext_00439
gob_proceso_0676;6;ppn_tbl_00862,gob_tbl_01557,gob_tbl_00783,dlk_tbl_01650,proc_tbl_02173,gob_tbl_02280;9;dlk_tbl_01913,dash_tbl_00939,gob_tbl_01795,proc_tbl_03858,proc_tbl_03107,dash_ext_00397,std_ext_00338,m4vw_ext_00513,gob_ext_00420
dlk_proceso_0677;5;dlk_tbl_00686,dlk_tbl_04427,dash_tbl_04090,gob_tbl_00928,proc_tbl_03943;14;dlk_tbl_03121,dlk_tbl_01074,gob_tbl_02356,dlk_tbl_03539,dlk_tbl_01576,dlk_tbl_03476,gob_tbl_00428,gob_tbl_03148,gob_ext_00027,dash_ext_00282,std_ext_00470,gob_ext_00011,dlk_ext_00598,dlk_ext_00230
dlk_proceso_0678;3;gob_tbl_00034,proc_tbl_03702,gob_tbl_00080;10;dlk_tbl_01888,dlk_tbl_03226,dlk_tbl_01238,std_tbl_04350,dlk_tbl_00055,proc_tbl_02167,dlk_ext_00538,gob_ext_00497,dlk_ext_00360,dlk_ext_00108
dlk_proceso_0679;3;dlk_tbl_02114,dlk_tbl_03786,dlk_tbl_03996;12;gob_tbl_01360,gob_tbl_04157,ppn_tbl_01790,dlk_tbl_01344,proc_tbl_00741,proc_tbl_03116,gob_tbl_02658,gob_ext_00464,proc_ext_00171,gob_ext_00642,dlk_ext_00635,dlk_ext_00134
dlk_proceso_0680;4;dash_tbl_01434,dlk_tbl_02683,gob_tbl_01549,dlk_tbl_01127;12;dlk_tbl_01271,m4sco_tbl_01860,dlk_tbl_01302,dash_tbl_01664,proc_tbl_00398,proc_tbl_03107,proc_tbl_02645,dlk_ext_00414,dlk_ext_00494,ppn_ext_00401,gob_ext_00283,std_ext_00350
dlk_proceso_0681;5;m4vw_tbl_01070,gob_tbl_01226,dlk_tbl_03592,gob_tbl_00731,gob_tbl_02694;8;gob_tbl_03986,proc_tbl_02660,dlk_tbl_03600,dlk_tbl_01778,std_tbl_04333,gob_ext_00674,gob_ext_00507,dlk_ext_00476
dlk_proceso_0682;6;ppn_tbl_02022,dlk_tbl_01535,ppn_tbl_00611,dlk_tbl_01700,dlk_tbl_03350,dash_tbl_01388;13;dlk_tbl_02455,dash_tbl_00340,dlk_tbl_02797,dash_tbl_00277,dlk_tbl_02736,dash_tbl_01358,proc_tbl_02466,gob_ext_00276,dlk_ext_00137,gob_ext_00012,proc_ext_00318,gob_ext_00500,dlk_ext_00487
dash_proceso_0683;6;gob_tbl_03119,gob_tbl_01165,gob_tbl_02574,gob_tbl_03279,gob_tbl_00379,dlk_tbl_00419;4;gob_tbl_03825,gob_tbl_04288,gob_ext_00363,dlk_ext_00656
dlk_proceso_0684;7;dlk_tbl_00008,dlk_tbl_02496,gob_tbl_02806,proc_tbl_00687,dlk_tbl_00957,proc_tbl_00664,proc_tbl_03941;4;gob_tbl_04147,std_tbl_00435,dlk_ext_00453,dlk_ext_00522
dlk_proceso_0685;5;proc_tbl_00350,dash_tbl_01223,dlk_tbl_03022,gob_tbl_01752,dlk_tbl_01862;15;gob_tbl_01439,dlk_tbl_04034,gob_tbl_03135,gob_tbl_03088,dash_tbl_03347,gob_tbl_03041,dlk_tbl_02864,gob_tbl_03093,gob_tbl_01496,gob_ext_00373,proc_ext_00287,proc_ext_00682,gob_ext_00018,gob_ext_00661,dlk_ext_00596
dlk_proceso_0686;7;proc_tbl_03558,dlk_tbl_03771,dlk_tbl_04309,dlk_tbl_04043,dlk_tbl_04229,proc_tbl_03118,gob_tbl_02948;10;proc_tbl_03107,dlk_tbl_00022,proc_tbl_01152,dlk_tbl_04037,dlk_tbl_02859,proc_tbl_02285,dlk_ext_00285,gob_ext_00572,dash_ext_00461,dlk_ext_00562
dlk_proceso_0687;4;proc_tbl_02132,dash_tbl_02624,dlk_tbl_00737,gob_tbl_01810;6;proc_tbl_01345,m4vw_tbl_03304,gob_tbl_01273,gob_ext_00508,m4sco_ext_00571,proc_ext_00591
gob_proceso_0688;6;proc_tbl_02560,dash_tbl_01307,gob_tbl_01554,proc_tbl_00520,proc_tbl_01345,gob_tbl_03051;11;proc_tbl_02840,gob_tbl_00656,gob_tbl_02540,dash_tbl_02495,proc_tbl_02352,proc_tbl_01055,std_ext_00609,dlk_ext_00440,gob_ext_00497,gob_ext_00104,dlk_ext_00006
dlk_proceso_0689;5;gob_tbl_00764,dlk_tbl_03712,dlk_tbl_02688,dlk_tbl_03154,dlk_tbl_02028;14;proc_tbl_01323,dlk_tbl_02852,gob_tbl_03043,dash_tbl_02624,dlk_tbl_01488,gob_tbl_02420,dlk_tbl_01634,dlk_tbl_03900,dlk_ext_00059,dlk_ext_00210,proc_ext_00624,dlk_ext_00037,dash_ext_00243,dlk_ext_00245
gob_proceso_0690;4;gob_tbl_01381,dlk_tbl_03699,dlk_tbl_02256,gob_tbl_02833;13;gob_tbl_02911,dlk_tbl_04000,dlk_tbl_01219,dash_tbl_01050,dlk_tbl_02186,dash_tbl_04367,std_tbl_00978,dlk_ext_00516,dlk_ext_00579,gob_ext_00582,gob_ext_00183,gob_ext_00551,dlk_ext_00178
gob_proceso_0691;8;gob_tbl_04426,gob_tbl_00771,gob_tbl_00513,gob_tbl_01395,dlk_tbl_03821,ppn_tbl_02707,gob_tbl_04096,gob_tbl_02970;10;dlk_tbl_02147,gob_tbl_03698,proc_tbl_00847,dlk_tbl_01971,dlk_tbl_02628,dlk_tbl_00381,ppn_ext_00204,proc_ext_00222,proc_ext_00490,dlk_ext_00087
dash_proceso_0692;6;dash_tbl_03891,dash_tbl_01500,proc_tbl_04187,dlk_tbl_02644,dlk_tbl_03717,gob_tbl_00311;15;gob_tbl_01973,dash_tbl_02377,dlk_tbl_04412,dlk_tbl_00701,ppn_tbl_00879,gob_tbl_02373,dash_tbl_00753,gob_tbl_03629,gob_tbl_01462,gob_ext_00594,proc_ext_00490,dlk_ext_00408,dlk_ext_00098,dlk_ext_00618,ppn_ext_00319
proc_proceso_0693;4;m4vw_tbl_02834,dlk_tbl_02021,proc_tbl_01295,ppn_tbl_01082;6;proc_tbl_01915,dlk_tbl_03539,gob_tbl_03398,gob_ext_00316,dlk_ext_00405,dlk_ext_00610
dash_proceso_0694;4;dash_tbl_03942,gob_tbl_04431,dlk_tbl_04020,dlk_tbl_02785;6;m4sco_tbl_01860,gob_tbl_01105,dlk_tbl_04448,proc_ext_00332,dlk_ext_00670,dlk_ext_00138
gob_proceso_0695;2;gob_tbl_03619,proc_tbl_00940;10;dlk_tbl_02997,gob_tbl_02120,gob_tbl_03136,m4sco_tbl_00045,gob_tbl_01102,dlk_tbl_00904,gob_ext_00148,gob_ext_00012,dlk_ext_00434,gob_ext_00248
gob_proceso_0696;5;proc_tbl_02773,gob_tbl_00371,dlk_tbl_00161,gob_tbl_01496,dlk_tbl_01089;8;dlk_tbl_04036,gob_tbl_03043,gob_tbl_00286,dlk_tbl_04045,dlk_tbl_00071,proc_ext_00069,gob_ext_00577,dlk_ext_00309
dlk_proceso_0697;2;dlk_tbl_00860,dlk_tbl_02274;8;gob_tbl_00428,dlk_tbl_01486,gob_tbl_03899,dlk_tbl_00318,proc_tbl_04365,gob_ext_00112,proc_ext_00443,dlk_ext_00641
gob_proceso_0698;2;dlk_tbl_04258,dash_tbl_02377;7;proc_tbl_00909,gob_tbl_03020,dash_tbl_00191,proc_tbl_01409,gob_ext_00139,ppn_ext_00255,dlk_ext_00665
gob_proceso_0699;3;proc_tbl_00591,gob_tbl_04403,dash_tbl_03852;11;dash_tbl_02841,dlk_tbl_02755,gob_tbl_01586,gob_tbl_02800,dash_tbl_01737,ppn_tbl_02022,gob_ext_00373,dlk_ext_00635,gob_ext_00474,gob_ext_00475,dlk_ext_00168
gob_proceso_0700;5;proc_tbl_01678,gob_tbl_01564,dlk_tbl_00309,dlk_tbl_00003,dash_tbl_02643;8;proc_tbl_01419,gob_tbl_01320,gob_tbl_03926,dlk_tbl_04416,gob_tbl_00692,dlk_ext_00086,dlk_ext_00440,proc_ext_00684
gob_proceso_0701;3;m4sco_tbl_04006,gob_tbl_02171,dlk_tbl_02513;13;proc_tbl_03348,dlk_tbl_01802,dlk_tbl_03337,gob_tbl_03398,m4sco_tbl_04296,gob_tbl_00341,proc_tbl_04280,gob_ext_00478,gob_ext_00346,std_ext_00338,gob_ext_00475,gob_ext_00491,proc_ext_00550
dlk_proceso_0702;5;gob_tbl_03344,dlk_tbl_01218,gob_tbl_02276,proc_tbl_03921,gob_tbl_03485;9;gob_tbl_03757,proc_tbl_04010,gob_tbl_00386,dash_tbl_00234,gob_tbl_02835,dash_ext_00056,proc_ext_00078,gob_ext_00593,gob_ext_00310
dlk_proceso_0703;6;dlk_tbl_04432,proc_tbl_03778,proc_tbl_01084,dlk_tbl_01876,proc_tbl_02343,gob_tbl_01723;10;gob_tbl_01527,dash_tbl_03183,dlk_tbl_04120,proc_tbl_02132,dlk_tbl_04393,dash_tbl_03662,dash_ext_00281,dash_ext_00307,gob_ext_00551,dlk_ext_00652
dlk_proceso_0704;4;dash_tbl_00150,gob_tbl_03327,m4vw_tbl_01921,gob_tbl_02771;7;dlk_tbl_03592,dlk_tbl_03762,gob_tbl_02684,dlk_tbl_02906,dash_ext_00305,gob_ext_00252,proc_ext_00287
proc_proceso_0705;6;gob_tbl_02374,std_tbl_00035,std_tbl_04333,dlk_tbl_00594,proc_tbl_03518,dlk_tbl_01851;11;gob_tbl_01233,gob_tbl_04102,proc_tbl_01396,dash_tbl_02127,gob_tbl_03237,gob_tbl_01469,dlk_ext_00381,gob_ext_00279,dlk_ext_00516,gob_ext_00686,gob_ext_00366
gob_proceso_0706;5;gob_tbl_01982,gob_tbl_02163,dlk_tbl_02508,dlk_tbl_03341,dlk_tbl_04071;7;dlk_tbl_00031,gob_tbl_01917,gob_tbl_03618,proc_tbl_01673,proc_ext_00302,dlk_ext_00154,dash_ext_00056
gob_proceso_0707;4;dlk_tbl_02600,gob_tbl_01734,dlk_tbl_04161,dlk_tbl_00484;12;proc_tbl_02262,gob_tbl_00791,dlk_tbl_00681,gob_tbl_01361,gob_tbl_01462,gob_tbl_03589,dlk_tbl_04013,gob_ext_00577,dlk_ext_00337,proc_ext_00294,gob_ext_00254,dlk_ext_00239
dlk_proceso_0708;5;dlk_tbl_03938,proc_tbl_01658,dlk_tbl_01939,dlk_tbl_02761,dash_tbl_02346;15;dlk_tbl_03362,proc_tbl_03349,gob_tbl_03809,dlk_tbl_02320,gob_tbl_00663,dash_tbl_02130,dlk_tbl_01660,gob_tbl_01236,dlk_tbl_03476,dlk_ext_00587,dlk_ext_00569,gob_ext_00128,proc_ext_00624,dash_ext_00270,dlk_ext_00079
dlk_proceso_0709;3;gob_tbl_04320,proc_tbl_04106,gob_tbl_04128;13;gob_tbl_01791,dlk_tbl_03850,dlk_tbl_02534,gob_tbl_02045,gob_tbl_03524,dlk_tbl_04180,proc_tbl_03452,dlk_ext_00309,gob_ext_00166,dash_ext_00485,gob_ext_00524,proc_ext_00242,std_ext_00359
dlk_proceso_0710;2;gob_tbl_01469,dlk_tbl_01613;8;gob_tbl_00831,m4vw_tbl_04122,dlk_tbl_04000,gob_tbl_01411,gob_tbl_01159,proc_ext_00025,dlk_ext_00336,proc_ext_00009
gob_proceso_0711;6;dlk_tbl_03749,m4sco_tbl_01428,gob_tbl_00640,gob_tbl_02447,dlk_tbl_01871,std_tbl_00447;16;dash_tbl_01897,dlk_tbl_03124,proc_tbl_04328,proc_tbl_01084,proc_tbl_00629,gob_tbl_02140,m4vw_tbl_02108,dlk_tbl_01326,dlk_tbl_03817,gob_ext_00563,dlk_ext_00076,dlk_ext_00145,dash_ext_00341,dash_ext_00486,gob_ext_00140,std_ext_00359
dlk_proceso_0712;6;gob_tbl_02045,gob_tbl_01207,dlk_tbl_01900,gob_tbl_03842,dash_tbl_04158,proc_tbl_03309;10;dlk_tbl_03139,dash_tbl_01897,gob_tbl_02619,dlk_tbl_01520,gob_tbl_03159,dash_tbl_00787,dlk_ext_00210,dlk_ext_00152,dlk_ext_00175,dlk_ext_00516
gob_proceso_0713;7;std_tbl_01220,dlk_tbl_00202,gob_tbl_01612,m4vw_tbl_03375,dash_tbl_00872,gob_tbl_00649,gob_tbl_00911;11;dlk_tbl_04240,gob_tbl_00647,std_tbl_01286,gob_tbl_02316,dlk_tbl_02156,gob_tbl_00257,proc_ext_00378,dash_ext_00051,dlk_ext_00530,dlk_ext_00574,gob_ext_00561
gob_proceso_0714;4;dash_tbl_01333,gob_tbl_02234,proc_tbl_04104,proc_tbl_00564;11;dlk_tbl_02161,gob_tbl_04077,dlk_tbl_02509,dlk_tbl_01432,proc_tbl_02961,gob_tbl_01299,dlk_ext_00230,dlk_ext_00559,dlk_ext_00313,dlk_ext_00619,gob_ext_00358
proc_proceso_0715;5;gob_tbl_00666,proc_tbl_02265,gob_tbl_01128,dash_tbl_03403,proc_tbl_02704;11;dlk_tbl_04356,std_tbl_02697,proc_tbl_04387,std_tbl_00877,gob_tbl_00238,proc_tbl_02992,gob_ext_00366,gob_ext_00214,gob_ext_00371,dlk_ext_00473,gob_ext_00563
dlk_proceso_0716;6;dlk_tbl_03388,dlk_tbl_02720,proc_tbl_03812,gob_tbl_03899,dlk_tbl_00598,gob_tbl_02321;10;dlk_tbl_01277,dlk_tbl_02320,proc_tbl_04422,m4sco_tbl_02009,gob_tbl_03300,gob_tbl_02084,dlk_ext_00670,dlk_ext_00616,gob_ext_00110,dlk_ext_00266
dlk_proceso_0717;5;gob_tbl_00065,gob_tbl_03545,dlk_tbl_03130,dlk_tbl_02796,dlk_tbl_00488;9;std_tbl_04428,dlk_tbl_03826,proc_tbl_00948,ppn_tbl_01949,dlk_tbl_00019,gob_ext_00065,proc_ext_00013,dlk_ext_00560,dlk_ext_00014
gob_proceso_0718;6;proc_tbl_01134,dlk_tbl_02723,gob_tbl_00380,proc_tbl_00153,gob_tbl_00028,gob_tbl_00026;13;gob_tbl_03053,dlk_tbl_04308,ppn_tbl_00879,gob_tbl_03070,gob_tbl_04202,dlk_tbl_04139,dlk_tbl_01290,gob_ext_00614,gob_ext_00080,gob_ext_00012,gob_ext_00508,dlk_ext_00473,dlk_ext_00526
dash_proceso_0719;3;proc_tbl_02611,gob_tbl_01002,dlk_tbl_01936;5;dash_tbl_01523,dlk_tbl_02947,dlk_tbl_03507,dash_ext_00493,dash_ext_00586
proc_proceso_0720;5;gob_tbl_01250,dlk_tbl_02642,proc_tbl_00417,dlk_tbl_03443,gob_tbl_00531;13;gob_tbl_00145,gob_tbl_02054,dlk_tbl_02864,dlk_tbl_01603,dlk_tbl_04205,dash_tbl_03138,dlk_tbl_03458,gob_ext_00363,dash_ext_00676,gob_ext_00563,dash_ext_00147,proc_ext_00527,dlk_ext_00162
dlk_proceso_0721;3;proc_tbl_00562,gob_tbl_01254,gob_tbl_01178;10;dlk_tbl_01983,gob_tbl_02878,dash_tbl_03320,proc_tbl_03976,dlk_tbl_02977,dlk_tbl_04139,gob_ext_00090,proc_ext_00272,proc_ext_00229,dash_ext_00486
dash_proceso_0722;4;gob_tbl_01118,proc_tbl_00049,dash_tbl_02453,gob_tbl_01233;7;dlk_tbl_03469,gob_tbl_03119,dlk_tbl_01548,gob_tbl_04390,proc_ext_00039,dash_ext_00392,gob_ext_00419
gob_proceso_0723;4;dlk_tbl_04103,dash_tbl_00554,dlk_tbl_02569,dlk_tbl_00394;10;dlk_tbl_04240,gob_tbl_03279,proc_tbl_04089,proc_tbl_03946,gob_tbl_01335,proc_tbl_04010,gob_ext_00249,dash_ext_00311,gob_ext_00500,dlk_ext_00431
dash_proceso_0724;5;proc_tbl_04348,m4vw_tbl_03779,dlk_tbl_00586,dlk_tbl_01484,dlk_tbl_00027;8;gob_tbl_00848,dlk_tbl_03531,proc_tbl_02918,dlk_tbl_00855,gob_tbl_02521,gob_ext_00658,gob_ext_00463,dlk_ext_00597
gob_proceso_0725;4;dlk_tbl_03714,proc_tbl_03101,gob_tbl_00145,dlk_tbl_00884;4;proc_tbl_04422,gob_tbl_04403,gob_ext_00105,gob_ext_00383
gob_proceso_0726;2;proc_tbl_04317,gob_tbl_02563;8;proc_tbl_01392,dlk_tbl_03543,gob_tbl_03805,dlk_tbl_02081,proc_tbl_00752,gob_ext_00252,gob_ext_00551,gob_ext_00669
gob_proceso_0727;6;gob_tbl_01060,gob_tbl_04401,dlk_tbl_04240,proc_tbl_01357,gob_tbl_02612,gob_tbl_02935;8;dlk_tbl_00504,proc_tbl_00574,gob_tbl_03408,dash_tbl_02307,dlk_tbl_00512,gob_ext_00139,dlk_ext_00641,std_ext_00438
gob_proceso_0728;5;proc_tbl_01817,gob_tbl_04075,gob_tbl_00981,dlk_tbl_04131,dash_tbl_03547;14;gob_tbl_00299,m4vw_tbl_02853,gob_tbl_04446,std_tbl_03153,dlk_tbl_00067,proc_tbl_03401,dlk_tbl_03387,gob_tbl_04211,m4vw_ext_00161,std_ext_00350,proc_ext_00340,proc_ext_00206,dlk_ext_00081,dlk_ext_00451
dlk_proceso_0729;4;gob_tbl_02835,dlk_tbl_04218,gob_tbl_03325,m4vw_tbl_01270;11;proc_tbl_01073,dlk_tbl_03905,dlk_tbl_02156,gob_tbl_02541,dlk_tbl_00324,proc_tbl_02228,gob_ext_00551,dlk_ext_00251,gob_ext_00507,dlk_ext_00285,gob_ext_00044
dlk_proceso_0730;5;dlk_tbl_01746,gob_tbl_00013,dlk_tbl_03733,gob_tbl_00656,dlk_tbl_00196;19;dlk_tbl_04232,dlk_tbl_02435,dlk_tbl_00090,dash_tbl_04367,proc_tbl_01992,std_tbl_00040,dlk_tbl_04013,proc_tbl_03898,gob_tbl_04133,dlk_tbl_02605,std_tbl_02353,m4sco_ext_00273,dlk_ext_00125,gob_ext_00263,dlk_ext_00418,proc_ext_00078,dlk_ext_00193,dlk_ext_00230,gob_ext_00604
gob_proceso_0731;3;proc_tbl_00842,proc_tbl_00086,dlk_tbl_03886;11;dash_tbl_00787,proc_tbl_03349,gob_tbl_02339,dlk_tbl_01351,std_tbl_01867,gob_tbl_00979,dash_ext_00056,proc_ext_00624,gob_ext_00672,gob_ext_00198,m4vw_ext_00515
dlk_proceso_0732;3;dlk_tbl_00826,gob_tbl_02809,gob_tbl_03719;13;gob_tbl_00800,gob_tbl_01046,gob_tbl_01795,gob_tbl_02305,proc_tbl_01914,dlk_tbl_03647,gob_tbl_03937,gob_ext_00219,gob_ext_00651,gob_ext_00249,dlk_ext_00408,proc_ext_00113,gob_ext_00358
dlk_proceso_0733;3;gob_tbl_01530,proc_tbl_02284,dlk_tbl_00381;8;dlk_tbl_03863,proc_tbl_03201,gob_tbl_03825,gob_tbl_02856,dlk_tbl_02955,proc_ext_00407,dlk_ext_00145,std_ext_00338
dlk_proceso_0734;6;proc_tbl_00935,dlk_tbl_02219,gob_tbl_03971,dlk_tbl_04061,proc_tbl_01541,dlk_tbl_04022;9;gob_tbl_01378,gob_tbl_01996,dlk_tbl_01452,proc_tbl_01798,gob_tbl_00275,dlk_ext_00199,dash_ext_00270,proc_ext_00229,gob_ext_00503
gob_proceso_0735;2;gob_tbl_02582,gob_tbl_00817;10;dlk_tbl_03644,dash_tbl_00705,gob_tbl_03582,dash_tbl_00151,dlk_tbl_01026,gob_tbl_04186,gob_ext_00614,gob_ext_00673,dlk_ext_00670,proc_ext_00013
gob_proceso_0736;3;dlk_tbl_02930,gob_tbl_03084,dlk_tbl_01259;8;std_tbl_02759,gob_tbl_01941,proc_tbl_02904,gob_tbl_02347,std_tbl_02225,dlk_ext_00352,dlk_ext_00114,proc_ext_00436
gob_proceso_0737;4;proc_tbl_01190,dlk_tbl_01561,gob_tbl_00949,gob_tbl_01818;12;dlk_tbl_03988,dlk_tbl_03800,ppn_tbl_01949,proc_tbl_01152,proc_tbl_01318,gob_tbl_02342,gob_tbl_00731,std_ext_00338,gob_ext_00658,proc_ext_00229,dlk_ext_00034,gob_ext_00368
dash_proceso_0738;5;proc_tbl_02962,gob_tbl_02505,gob_tbl_00169,proc_tbl_00850,proc_tbl_00755;5;dlk_tbl_01732,gob_tbl_03764,gob_tbl_02094,m4vw_ext_00101,ppn_ext_00514
proc_proceso_0739;6;dlk_tbl_03967,dlk_tbl_02590,gob_tbl_04275,gob_tbl_00785,gob_tbl_01325,gob_tbl_03021;13;dlk_tbl_02011,dlk_tbl_02244,dash_tbl_00787,proc_tbl_00227,dlk_tbl_01878,dlk_tbl_03821,gob_tbl_03567,gob_ext_00362,proc_ext_00030,gob_ext_00215,gob_ext_00090,gob_ext_00261,dash_ext_00613
gob_proceso_0740;2;proc_tbl_01202,gob_tbl_03317;7;gob_tbl_03488,dlk_tbl_03315,m4vw_tbl_01427,gob_tbl_04097,dash_ext_00613,dlk_ext_00553,dlk_ext_00440
dlk_proceso_0741;4;proc_tbl_01775,gob_tbl_04353,proc_tbl_00244,proc_tbl_04169;6;m4sco_tbl_00996,dlk_tbl_04140,proc_tbl_02014,proc_ext_00028,gob_ext_00183,gob_ext_00269
gob_proceso_0742;6;dlk_tbl_01114,gob_tbl_00791,gob_tbl_01697,dlk_tbl_00655,proc_tbl_03646,dlk_tbl_01468;10;gob_tbl_03807,dlk_tbl_02004,dlk_tbl_00825,gob_tbl_01265,dlk_tbl_03472,gob_tbl_00233,dash_ext_00625,dlk_ext_00003,gob_ext_00326,proc_ext_00357
dlk_proceso_0743;2;proc_tbl_00423,gob_tbl_00651;13;gob_tbl_00469,gob_tbl_00630,dlk_tbl_01700,std_tbl_03114,dlk_tbl_03966,proc_tbl_00128,gob_tbl_03162,dlk_ext_00180,m4sco_ext_00439,gob_ext_00215,dlk_ext_00538,std_ext_00457,gob_ext_00448
dlk_proceso_0744;5;dlk_tbl_02551,dlk_tbl_02943,gob_tbl_04315,dlk_tbl_00240,gob_tbl_04057;10;dlk_tbl_02688,dlk_tbl_01781,std_tbl_01837,dlk_tbl_03472,gob_tbl_02176,proc_tbl_02942,proc_ext_00009,gob_ext_00406,proc_ext_00286,proc_ext_00176
dlk_proceso_0745;4;gob_tbl_03147,dlk_tbl_01896,gob_tbl_02470,proc_tbl_01444;12;proc_tbl_02190,proc_tbl_03151,gob_tbl_04124,proc_tbl_02952,gob_tbl_03203,dlk_tbl_03697,gob_tbl_01937,gob_ext_00220,dlk_ext_00314,dash_ext_00581,gob_ext_00366,proc_ext_00340
gob_proceso_0746;5;gob_tbl_03108,dlk_tbl_02121,gob_tbl_03529,dlk_tbl_00995,proc_tbl_00460;5;dlk_tbl_02106,dash_tbl_02639,dlk_tbl_03031,dlk_ext_00652,proc_ext_00601
dlk_proceso_0747;3;gob_tbl_03567,gob_tbl_00288,proc_tbl_03584;6;gob_tbl_02316,dlk_tbl_02511,proc_tbl_02167,gob_ext_00346,std_ext_00402,proc_ext_00050
gob_proceso_0748;3;dlk_tbl_03716,gob_tbl_04014,proc_tbl_03224;9;dlk_tbl_00523,std_tbl_01063,dlk_tbl_00458,dash_tbl_02674,proc_tbl_03097,dlk_ext_00342,dash_ext_00348,dlk_ext_00239,gob_ext_00321
proc_proceso_0749;7;gob_tbl_04093,dlk_tbl_03810,gob_tbl_03751,dlk_tbl_02743,dlk_tbl_04458,std_tbl_04114,dash_tbl_00399;9;proc_tbl_00940,gob_tbl_01800,gob_tbl_01441,dlk_tbl_03521,proc_tbl_02167,gob_ext_00018,dlk_ext_00317,gob_ext_00582,proc_ext_00025
dlk_proceso_0750;6;gob_tbl_02934,proc_tbl_04402,dlk_tbl_04018,dlk_tbl_01297,std_tbl_01038,gob_tbl_00796;9;m4vw_tbl_02085,dlk_tbl_03005,gob_tbl_02054,gob_tbl_02067,dlk_tbl_03515,proc_ext_00378,proc_ext_00424,gob_ext_00417,proc_ext_00206
dlk_proceso_0751;6;proc_tbl_01558,dlk_tbl_01509,dlk_tbl_04412,dlk_tbl_03826,dlk_tbl_01966,proc_tbl_03725;11;std_tbl_04428,ppn_tbl_02854,gob_tbl_00057,dlk_tbl_03966,gob_tbl_01204,proc_tbl_00181,dash_ext_00676,std_ext_00201,dlk_ext_00398,dlk_ext_00381,dash_ext_00311
gob_proceso_0752;3;dlk_tbl_03638,gob_tbl_00932,proc_tbl_02652;10;dash_tbl_03081,gob_tbl_03175,m4vw_tbl_02085,proc_tbl_00754,gob_tbl_03418,dlk_tbl_03249,dlk_ext_00431,std_ext_00165,gob_ext_00575,proc_ext_00683
gob_proceso_0753;3;gob_tbl_02298,gob_tbl_00863,gob_tbl_01024;7;gob_tbl_02806,proc_tbl_02819,dlk_tbl_02626,dlk_tbl_03829,gob_ext_00435,proc_ext_00171,gob_ext_00658
dlk_proceso_0754;4;dlk_tbl_01022,gob_tbl_01433,dash_tbl_03679,dash_tbl_04321;4;dlk_tbl_04083,gob_tbl_03103,dash_ext_00270,dlk_ext_00083
dlk_proceso_0755;3;m4sco_tbl_01733,gob_tbl_00802,dlk_tbl_02051;11;dlk_tbl_03624,dlk_tbl_02295,dlk_tbl_03640,gob_tbl_00645,gob_tbl_01233,dlk_tbl_00681,proc_ext_00231,ppn_ext_00534,gob_ext_00249,dlk_ext_00405,dash_ext_00631
dlk_proceso_0756;4;dash_tbl_03183,gob_tbl_01946,dlk_tbl_00931,gob_tbl_03569;11;gob_tbl_04426,dlk_tbl_03981,dlk_tbl_01983,dlk_tbl_04138,gob_tbl_04097,dlk_tbl_03987,gob_ext_00575,gob_ext_00450,gob_ext_00551,gob_ext_00517,dlk_ext_00542
gob_proceso_0757;4;dlk_tbl_01575,gob_tbl_04443,gob_tbl_03342,dlk_tbl_00378;13;gob_tbl_02911,dlk_tbl_00274,gob_tbl_03279,gob_tbl_02418,ppn_tbl_02122,dlk_tbl_01613,m4vw_tbl_04122,dlk_ext_00630,std_ext_00359,dlk_ext_00352,dlk_ext_00459,ppn_ext_00653,gob_ext_00219
proc_proceso_0758;5;dlk_tbl_00615,proc_tbl_02300,gob_tbl_02366,dlk_tbl_02914,gob_tbl_01487;8;proc_tbl_02918,gob_tbl_03398,dlk_tbl_03844,dlk_tbl_03535,gob_tbl_00609,proc_ext_00458,dlk_ext_00035,dlk_ext_00240
gob_proceso_0759;6;dash_tbl_02152,gob_tbl_00807,dlk_tbl_03353,proc_tbl_00088,proc_tbl_03097,dlk_tbl_04311;9;ppn_tbl_00879,gob_tbl_03477,proc_tbl_01252,dlk_tbl_04427,dlk_tbl_00217,proc_ext_00176,dlk_ext_00102,proc_ext_00684,ppn_ext_00514
dlk_proceso_0760;4;dlk_tbl_03880,proc_tbl_03414,dlk_tbl_04234,gob_tbl_02294;7;dlk_tbl_00019,proc_tbl_02657,dlk_tbl_00324,dlk_tbl_00965,dlk_ext_00260,gob_ext_00686,dash_ext_00146
dlk_proceso_0761;8;dlk_tbl_04110,gob_tbl_02836,proc_tbl_03254,dlk_tbl_04105,gob_tbl_00210,gob_tbl_00138,dlk_tbl_00268,m4sco_tbl_00996;14;dlk_tbl_03572,gob_tbl_03926,dlk_tbl_00933,dash_tbl_00787,proc_tbl_00539,proc_tbl_02992,gob_tbl_00386,dlk_tbl_03555,proc_ext_00527,gob_ext_00651,gob_ext_00252,gob_ext_00412,dlk_ext_00095,dlk_ext_00175
proc_proceso_0762;2;gob_tbl_03374,proc_tbl_00691;15;proc_tbl_02148,dash_tbl_03773,proc_tbl_02660,proc_tbl_03404,gob_tbl_00042,dlk_tbl_01770,m4sco_tbl_04059,gob_tbl_00289,dlk_tbl_02789,gob_ext_00278,ppn_ext_00204,gob_ext_00420,dlk_ext_00323,gob_ext_00442,gob_ext_00339
dlk_proceso_0763;6;dlk_tbl_01683,proc_tbl_01766,gob_tbl_03830,proc_tbl_04176,dlk_tbl_03245,gob_tbl_00481;16;gob_tbl_02832,dlk_tbl_01371,dlk_tbl_01920,dlk_tbl_01660,std_tbl_04114,ppn_tbl_01294,proc_tbl_01758,dlk_tbl_01312,gob_tbl_00216,dlk_ext_00095,dlk_ext_00372,dlk_ext_00519,gob_ext_00362,dlk_ext_00532,dlk_ext_00260,dash_ext_00187
dlk_proceso_0764;5;gob_tbl_02817,std_tbl_02025,dlk_tbl_03226,dlk_tbl_03044,dlk_tbl_02514;14;gob_tbl_03332,gob_tbl_02382,proc_tbl_02173,dlk_tbl_02889,gob_tbl_03718,dash_tbl_01664,gob_tbl_03971,gob_tbl_00223,dlk_ext_00589,proc_ext_00013,m4sco_ext_00232,proc_ext_00446,proc_ext_00407,gob_ext_00254
gob_proceso_0765;4;dlk_tbl_00401,proc_tbl_01815,dash_tbl_03542,dlk_tbl_00014;10;dlk_tbl_03600,gob_tbl_01517,proc_tbl_03931,proc_tbl_02285,dlk_tbl_01749,gob_tbl_00865,std_ext_00201,dlk_ext_00143,gob_ext_00112,gob_ext_00279
gob_proceso_0766;2;dlk_tbl_00507,gob_tbl_01320;13;dlk_tbl_00208,gob_tbl_00097,gob_tbl_02422,dlk_tbl_02743,proc_tbl_01578,dlk_tbl_04454,dlk_tbl_01418,gob_ext_00316,dlk_ext_00098,dlk_ext_00312,gob_ext_00320,gob_ext_00576,dlk_ext_00274
dlk_proceso_0767;2;gob_tbl_00032,proc_tbl_02825;9;proc_tbl_01607,gob_tbl_03894,dlk_tbl_00722,dlk_tbl_04386,gob_tbl_03096,dlk_ext_00569,dlk_ext_00566,dlk_ext_00121,dlk_ext_00522
gob_proceso_0768;3;proc_tbl_02247,dlk_tbl_00143,dlk_tbl_03301;9;dlk_tbl_00159,dlk_tbl_01032,proc_tbl_02164,proc_tbl_00098,proc_tbl_03510,dlk_ext_00431,proc_ext_00591,proc_ext_00113,dlk_ext_00121
dlk_proceso_0769;4;gob_tbl_02661,proc_tbl_03605,gob_tbl_02971,dlk_tbl_03572;13;proc_tbl_00687,gob_tbl_02861,dlk_tbl_04013,m4vw_tbl_04316,dlk_tbl_00507,gob_tbl_02648,dlk_tbl_01101,gob_ext_00166,dlk_ext_00245,gob_ext_00012,dlk_ext_00522,dlk_ext_00521,dash_ext_00282
gob_proceso_0770;6;dlk_tbl_04000,gob_tbl_03357,proc_tbl_03156,dlk_tbl_03047,proc_tbl_00875,gob_tbl_01012;4;proc_tbl_04047,gob_tbl_02774,proc_ext_00539,dlk_ext_00144
proc_proceso_0771;2;proc_tbl_00464,dash_tbl_04442;9;gob_tbl_02102,gob_tbl_04188,gob_tbl_00386,dlk_tbl_02138,dlk_tbl_00457,std_ext_00350,dlk_ext_00473,gob_ext_00128,proc_ext_00444
dlk_proceso_0772;5;proc_tbl_04201,gob_tbl_02529,gob_tbl_00672,dlk_tbl_02849,gob_tbl_04091;7;gob_tbl_01498,gob_tbl_02806,gob_tbl_03613,gob_tbl_04077,dlk_ext_00391,dlk_ext_00299,gob_ext_00554
dlk_proceso_0773;4;ppn_tbl_00494,std_tbl_04350,gob_tbl_02431,gob_tbl_03358;10;proc_tbl_01134,dash_tbl_03183,dlk_tbl_03141,dlk_tbl_00616,dlk_tbl_03955,dash_tbl_00717,dlk_ext_00081,m4sco_ext_00232,dlk_ext_00309,std_ext_00609
dlk_proceso_0774;3;dash_tbl_01585,proc_tbl_00574,dlk_tbl_01301;9;m4vw_tbl_04260,gob_tbl_01721,dlk_tbl_03158,gob_tbl_00953,std_tbl_02562,gob_ext_00554,gob_ext_00148,dlk_ext_00411,dlk_ext_00516
dlk_proceso_0775;7;dlk_tbl_02892,dash_tbl_03320,gob_tbl_00272,dash_tbl_03773,dlk_tbl_03851,proc_tbl_03950,dash_tbl_00354;6;gob_tbl_03429,dlk_tbl_04189,gob_tbl_00716,gob_ext_00650,proc_ext_00222,gob_ext_00183
gob_proceso_0776;4;gob_tbl_01680,dlk_tbl_03643,dlk_tbl_00626,gob_tbl_03215;10;gob_tbl_02827,proc_tbl_00128,proc_tbl_02799,m4sco_tbl_01291,gob_tbl_00525,gob_tbl_00583,proc_ext_00523,gob_ext_00329,gob_ext_00517,gob_ext_00252
gob_proceso_0777;3;dlk_tbl_01962,gob_tbl_01957,gob_tbl_04357;5;dlk_tbl_02780,std_tbl_02115,dlk_tbl_02627,dlk_ext_00579,gob_ext_00279
gob_proceso_0778;3;dash_tbl_01177,dash_tbl_02618,proc_tbl_02637;6;dash_tbl_00340,gob_tbl_03718,gob_tbl_02131,dlk_ext_00428,dlk_ext_00641,proc_ext_00206
dlk_proceso_0779;5;proc_tbl_01181,gob_tbl_01423,gob_tbl_03641,dlk_tbl_03487,gob_tbl_02042;7;proc_tbl_02888,dlk_tbl_00523,dlk_tbl_01249,dlk_tbl_00129,dlk_ext_00481,dlk_ext_00352,dlk_ext_00525
gob_proceso_0780;6;dlk_tbl_01505,gob_tbl_02158,gob_tbl_01102,m4vw_tbl_01786,gob_tbl_00471,gob_tbl_01755;15;gob_tbl_01982,gob_tbl_00060,dlk_tbl_00229,dlk_tbl_02716,proc_tbl_01684,gob_tbl_02976,proc_tbl_03976,dlk_tbl_00068,m4vw_tbl_02480,dlk_ext_00386,gob_ext_00202,gob_ext_00382,gob_ext_00442,dlk_ext_00598,dlk_ext_00597
dlk_proceso_0781;3;gob_tbl_02266,dash_tbl_02916,proc_tbl_01179;12;dash_tbl_00856,gob_tbl_00466,gob_tbl_04405,gob_tbl_01106,proc_tbl_03632,gob_tbl_00372,gob_tbl_01346,dlk_ext_00082,dlk_ext_00185,dlk_ext_00347,std_ext_00201,gob_ext_00320
dlk_proceso_0782;2;proc_tbl_04461,gob_tbl_02370;8;gob_tbl_02208,dlk_tbl_03379,m4vw_tbl_03375,gob_tbl_00920,std_tbl_01349,gob_ext_00508,gob_ext_00262,dlk_ext_00274
dlk_proceso_0783;6;gob_tbl_02972,proc_tbl_03490,gob_tbl_02450,gob_tbl_02091,gob_tbl_02772,proc_tbl_02169;16;dlk_tbl_00271,gob_tbl_01284,dlk_tbl_00914,gob_tbl_03511,gob_tbl_00835,dash_tbl_01846,dlk_tbl_04432,gob_tbl_00776,gob_tbl_03637,gob_ext_00329,gob_ext_00304,dlk_ext_00592,gob_ext_00042,dlk_ext_00057,gob_ext_00672,dlk_ext_00313
dash_proceso_0784;6;gob_tbl_03123,dlk_tbl_02292,gob_tbl_02909,gob_tbl_01894,dlk_tbl_02787,dlk_tbl_01830;16;dlk_tbl_00163,dlk_tbl_04053,proc_tbl_00875,gob_tbl_01289,dlk_tbl_00650,gob_tbl_01178,gob_tbl_00771,gob_tbl_02530,gob_tbl_01574,dlk_ext_00134,gob_ext_00673,std_ext_00165,dlk_ext_00564,gob_ext_00262,gob_ext_00018,gob_ext_00346
gob_proceso_0785;4;gob_tbl_00756,gob_tbl_02783,proc_tbl_01355,dash_tbl_01897;8;dlk_tbl_04448,gob_tbl_01901,gob_tbl_01563,m4vw_tbl_02480,proc_tbl_03777,gob_ext_00503,dlk_ext_00516,dlk_ext_00616
dlk_proceso_0786;3;dlk_tbl_03493,gob_tbl_02183,gob_tbl_01225;8;dash_tbl_03138,std_tbl_02199,dlk_tbl_00792,dlk_tbl_02947,dlk_tbl_02048,gob_ext_00148,dlk_ext_00168,gob_ext_00554
gob_proceso_0787;7;dlk_tbl_00880,m4sco_tbl_00397,gob_tbl_01124,proc_tbl_02386,proc_tbl_01019,proc_tbl_02036,gob_tbl_02754;11;m4sco_tbl_00121,dlk_tbl_00235,gob_tbl_01539,dash_tbl_02432,proc_tbl_03566,gob_tbl_00605,dash_ext_00631,proc_ext_00222,proc_ext_00229,proc_ext_00621,m4vw_ext_00400
dlk_proceso_0788;4;gob_tbl_02672,dlk_tbl_00917,proc_tbl_01952,gob_tbl_01292;4;dash_tbl_01257,gob_tbl_01433,dlk_ext_00538,dlk_ext_00116
gob_proceso_0789;3;gob_tbl_04381,dlk_tbl_02201,gob_tbl_01264;11;dlk_tbl_00068,gob_tbl_01929,dash_tbl_01088,dlk_tbl_00163,dash_tbl_01585,dlk_tbl_02870,gob_ext_00042,gob_ext_00257,gob_ext_00297,dlk_ext_00352,gob_ext_00507
gob_proceso_0790;3;gob_tbl_02731,dlk_tbl_00004,dlk_tbl_02766;12;dlk_tbl_01960,proc_tbl_00562,m4vw_tbl_03557,proc_tbl_00517,gob_tbl_03018,dlk_tbl_02389,proc_tbl_00103,gob_ext_00393,dlk_ext_00251,proc_ext_00626,dlk_ext_00317,dlk_ext_00049
gob_proceso_0791;3;dash_tbl_02722,proc_tbl_03201,gob_tbl_01532;15;gob_tbl_00351,gob_tbl_00535,proc_tbl_02656,proc_tbl_01668,gob_tbl_00868,dlk_tbl_02237,dlk_tbl_01782,m4vw_tbl_02108,proc_tbl_02953,gob_ext_00112,dlk_ext_00588,gob_ext_00639,gob_ext_00528,gob_ext_00384,gob_ext_00122
gob_proceso_0792;3;std_tbl_03617,proc_tbl_00444,m4vw_tbl_02465;13;proc_tbl_03211,gob_tbl_04188,std_tbl_03936,dlk_tbl_00722,gob_tbl_00732,proc_tbl_03654,dlk_tbl_02569,proc_ext_00272,gob_ext_00419,dash_ext_00348,dash_ext_00675,m4sco_ext_00273,proc_ext_00030
proc_proceso_0793;4;dlk_tbl_01823,dlk_tbl_04094,dlk_tbl_04411,gob_tbl_03685;14;dlk_tbl_03476,dash_tbl_02801,gob_tbl_02361,dlk_tbl_00267,gob_tbl_00525,proc_tbl_00291,dlk_tbl_00071,std_tbl_02179,dlk_ext_00355,dlk_ext_00138,dlk_ext_00391,dlk_ext_00579,gob_ext_00170,gob_ext_00507
dlk_proceso_0794;7;proc_tbl_00477,proc_tbl_00491,std_tbl_03431,dash_tbl_00659,gob_tbl_03437,gob_tbl_00882,gob_tbl_00851;9;gob_tbl_02109,gob_tbl_01319,proc_tbl_02501,dash_tbl_03542,dlk_tbl_04148,dash_ext_00679,dlk_ext_00553,dash_ext_00485,dlk_ext_00168
dlk_proceso_0795;4;dlk_tbl_03521,gob_tbl_00696,dlk_tbl_01131,proc_tbl_01229;10;proc_tbl_02132,dash_tbl_02487,proc_tbl_02501,dlk_tbl_02736,gob_tbl_04415,dlk_tbl_02461,dash_ext_00127,gob_ext_00464,dlk_ext_00162,dash_ext_00051
dlk_proceso_0796;6;proc_tbl_03500,std_tbl_01691,gob_tbl_03412,gob_tbl_03312,dlk_tbl_02049,gob_tbl_02933;9;dlk_tbl_01780,gob_tbl_01855,dlk_tbl_02573,dlk_tbl_01971,dlk_tbl_04277,gob_ext_00150,dash_ext_00485,m4sco_ext_00484,dlk_ext_00162
gob_proceso_0797;5;gob_tbl_01157,dlk_tbl_03013,dlk_tbl_02220,gob_tbl_01713,dlk_tbl_01747;16;dlk_tbl_04032,dlk_tbl_00189,dlk_tbl_02274,gob_tbl_02382,dash_tbl_02767,proc_tbl_03452,m4vw_tbl_04088,dash_tbl_03991,gob_tbl_03454,proc_ext_00626,m4vw_ext_00515,dlk_ext_00031,proc_ext_00684,gob_ext_00500,proc_ext_00527,dlk_ext_00010
dlk_proceso_0798;7;dlk_tbl_03908,m4vw_tbl_02821,dlk_tbl_00759,dlk_tbl_01066,proc_tbl_02882,dlk_tbl_01899,gob_tbl_03351;9;dlk_tbl_04139,std_tbl_01245,gob_tbl_02176,dlk_tbl_03800,dlk_tbl_03170,gob_ext_00330,dlk_ext_00618,gob_ext_00642,gob_ext_00198
dlk_proceso_0799;6;gob_tbl_03210,dash_tbl_00246,gob_tbl_03090,gob_tbl_02403,gob_tbl_03241,gob_tbl_02598;13;dlk_tbl_01340,gob_tbl_03589,dlk_tbl_00855,dlk_tbl_02369,proc_tbl_00316,gob_tbl_01997,dlk_tbl_03216,gob_ext_00576,dlk_ext_00035,gob_ext_00316,dash_ext_00675,dlk_ext_00060,gob_ext_00374
gob_proceso_0800;4;gob_tbl_01453,dlk_tbl_03806,gob_tbl_03011,dlk_tbl_03841;7;gob_tbl_04191,dash_tbl_01050,ppn_tbl_02443,dlk_tbl_02106,m4sco_ext_00232,proc_ext_00682,gob_ext_00658
dash_proceso_0801;6;m4sco_tbl_02631,m4vw_tbl_01614,dlk_tbl_03124,gob_tbl_02390,std_tbl_02329,gob_tbl_02133;10;dlk_tbl_03336,gob_tbl_03641,dlk_tbl_04269,dlk_tbl_02090,dlk_tbl_00081,dlk_tbl_02522,dlk_ext_00208,gob_ext_00065,dlk_ext_00481,std_ext_00512
dlk_proceso_0802;3;dlk_tbl_01562,gob_tbl_03001,proc_tbl_01636;14;dlk_tbl_01593,ppn_tbl_02707,dlk_tbl_00217,gob_tbl_00635,gob_tbl_03389,std_tbl_01150,dlk_tbl_04400,dlk_tbl_00655,proc_ext_00327,dlk_ext_00136,dlk_ext_00555,gob_ext_00018,proc_ext_00203,gob_ext_00642
dlk_proceso_0803;7;gob_tbl_00577,dlk_tbl_01425,proc_tbl_01424,dlk_tbl_03720,dlk_tbl_02919,gob_tbl_01892,gob_tbl_03208;4;gob_tbl_00206,std_tbl_02178,gob_ext_00535,gob_ext_00303
proc_proceso_0804;4;gob_tbl_01436,gob_tbl_01513,proc_tbl_00000,gob_tbl_00260;7;gob_tbl_03015,gob_tbl_02459,dlk_tbl_02129,gob_tbl_04137,gob_ext_00215,dlk_ext_00351,dlk_ext_00076
dlk_proceso_0805;2;dash_tbl_01785,dlk_tbl_02822;12;gob_tbl_04430,gob_tbl_02913,dlk_tbl_00914,dlk_tbl_03693,dlk_tbl_02896,proc_tbl_02252,gob_tbl_04079,dlk_ext_00277,gob_ext_00065,gob_ext_00192,gob_ext_00263,std_ext_00165
dlk_proceso_0806;5;proc_tbl_01283,dash_tbl_04204,dlk_tbl_02244,gob_tbl_03157,dash_tbl_04407;8;dlk_tbl_00250,proc_tbl_02819,m4vw_tbl_01196,gob_tbl_01563,gob_tbl_01981,dlk_ext_00081,gob_ext_00435,gob_ext_00065
dlk_proceso_0807;5;dlk_tbl_01971,dlk_tbl_00007,dlk_tbl_01091,gob_tbl_02718,dlk_tbl_02004;15;dlk_tbl_01745,proc_tbl_02493,dlk_tbl_02407,dlk_tbl_02293,std_tbl_01203,gob_tbl_00651,dlk_tbl_00020,gob_tbl_01159,dlk_tbl_04067,gob_ext_00464,proc_ext_00682,dlk_ext_00659,dlk_ext_00089,gob_ext_00636,dlk_ext_00574
gob_proceso_0808;5;gob_tbl_01784,dlk_tbl_04338,dash_tbl_01523,gob_tbl_00718,dlk_tbl_01463;7;dlk_tbl_02313,dlk_tbl_02964,dlk_tbl_00924,dash_tbl_00735,dlk_ext_00525,gob_ext_00133,proc_ext_00407
dlk_proceso_0809;4;std_tbl_02080,dlk_tbl_02726,dlk_tbl_03801,dlk_tbl_01777;11;dlk_tbl_01520,proc_tbl_01324,gob_tbl_01264,gob_tbl_03219,proc_tbl_02704,dlk_tbl_01780,proc_ext_00229,dlk_ext_00118,gob_ext_00262,gob_ext_00383,dlk_ext_00522
dlk_proceso_0810;7;dash_tbl_03791,dlk_tbl_04400,dlk_tbl_01849,proc_tbl_03268,gob_tbl_00428,gob_tbl_00278,dlk_tbl_00900;6;gob_tbl_03825,gob_tbl_02460,dlk_tbl_03905,proc_ext_00009,m4vw_ext_00515,proc_ext_00385
gob_proceso_0811;6;dlk_tbl_04028,dlk_tbl_02077,std_tbl_02697,proc_tbl_02931,std_tbl_02178,dlk_tbl_03885;5;gob_tbl_02294,proc_tbl_04106,dlk_tbl_02320,dlk_ext_00434,dlk_ext_00315
proc_proceso_0812;2;dlk_tbl_01979,dash_tbl_01158;12;gob_tbl_04188,proc_tbl_03723,gob_tbl_01096,dash_tbl_02725,gob_tbl_00212,dlk_tbl_01888,dlk_tbl_03448,dlk_ext_00322,ppn_ext_00534,dlk_ext_00596,gob_ext_00306,dlk_ext_00015
dlk_proceso_0813;6;dlk_tbl_00001,proc_tbl_01409,dlk_tbl_01047,dlk_tbl_02319,dlk_tbl_00297,gob_tbl_00889;9;gob_tbl_00832,dlk_tbl_04437,gob_tbl_00729,gob_tbl_02529,gob_tbl_02373,proc_ext_00132,dlk_ext_00589,dlk_ext_00559,gob_ext_00375
gob_proceso_0814;3;dlk_tbl_00852,dlk_tbl_01918,gob_tbl_02332;9;dlk_tbl_00293,dlk_tbl_02049,dlk_tbl_01417,gob_tbl_00052,proc_tbl_01673,gob_ext_00607,dlk_ext_00098,dlk_ext_00381,proc_ext_00157
dlk_proceso_0815;3;proc_tbl_03191,gob_tbl_04062,proc_tbl_01152;12;dash_tbl_03924,gob_tbl_01843,gob_tbl_00619,proc_tbl_02810,gob_tbl_01373,gob_tbl_02559,gob_tbl_00437,dash_ext_00486,dash_ext_00638,dash_ext_00325,dlk_ext_00137,gob_ext_00594
proc_proceso_0816;3;gob_tbl_03102,dlk_tbl_02462,gob_tbl_01922;5;gob_tbl_01501,proc_tbl_03334,dlk_tbl_02024,proc_ext_00683,proc_ext_00357
dlk_proceso_0817;8;dlk_tbl_00009,gob_tbl_00715,proc_tbl_02979,m4sco_tbl_02752,dash_tbl_02912,proc_tbl_02978,gob_tbl_01641,dlk_tbl_03007;6;gob_tbl_03214,dlk_tbl_02565,m4sco_tbl_02020,gob_ext_00500,dlk_ext_00135,gob_ext_00297
dlk_proceso_0818;3;dlk_tbl_00188,dlk_tbl_03587,dlk_tbl_01467;8;gob_tbl_01879,dlk_tbl_02977,m4vw_tbl_02853,gob_tbl_00745,gob_tbl_01792,std_ext_00338,gob_ext_00320,std_ext_00165
gob_proceso_0819;2;ppn_tbl_00147,proc_tbl_00695;15;gob_tbl_01885,dlk_tbl_00478,gob_tbl_00026,std_tbl_01256,gob_tbl_03545,proc_tbl_04235,dash_tbl_03547,dlk_tbl_04435,gob_tbl_03971,gob_ext_00577,gob_ext_00410,proc_ext_00407,proc_ext_00684,gob_ext_00686,dash_ext_00617
dlk_proceso_0820;5;dlk_tbl_04323,proc_tbl_02814,dlk_tbl_03396,dlk_tbl_00746,dlk_tbl_02566;14;gob_tbl_03398,proc_tbl_00549,dlk_tbl_00997,dash_tbl_01216,dlk_tbl_02765,dlk_tbl_01391,gob_tbl_02784,dlk_tbl_02334,std_ext_00201,dash_ext_00565,gob_ext_00529,proc_ext_00436,dlk_ext_00312,dlk_ext_00355
proc_proceso_0821;8;m4vw_tbl_01978,gob_tbl_03174,dlk_tbl_00287,dlk_tbl_02134,proc_tbl_03654,dlk_tbl_03314,dlk_tbl_00033,dlk_tbl_00479;19;dlk_tbl_00874,dlk_tbl_03841,dlk_tbl_03249,proc_tbl_01567,gob_tbl_04440,m4sco_tbl_00121,gob_tbl_04294,proc_tbl_04183,dlk_tbl_02895,std_tbl_00113,gob_tbl_00034,gob_ext_00192,dash_ext_00510,dash_ext_00581,dlk_ext_00659,proc_ext_00227,ppn_ext_00319,dlk_ext_00118,dlk_ext_00519
proc_proceso_0822;3;gob_tbl_03406,gob_tbl_01398,dlk_tbl_03031;14;dlk_tbl_03198,dlk_tbl_02213,gob_tbl_01957,ppn_tbl_00596,gob_tbl_03389,dlk_tbl_04304,dlk_tbl_04043,dash_tbl_02985,dlk_ext_00037,proc_ext_00318,dlk_ext_00251,dash_ext_00298,dlk_ext_00552,dlk_ext_00441
dash_proceso_0823;2;dlk_tbl_01863,gob_tbl_03728;4;proc_tbl_00066,std_tbl_01794,dash_ext_00127,dlk_ext_00035
dlk_proceso_0824;6;dlk_tbl_00200,dlk_tbl_02890,proc_tbl_00039,dlk_tbl_01616,gob_tbl_01534,dlk_tbl_03056;4;gob_tbl_02340,proc_tbl_02469,gob_ext_00198,std_ext_00338
dlk_proceso_0825;9;proc_tbl_03723,dlk_tbl_00681,dlk_tbl_01660,dash_tbl_00992,dlk_tbl_03329,dlk_tbl_00332,gob_tbl_01855,gob_tbl_02340,dash_tbl_00856;14;dlk_tbl_02873,m4vw_tbl_04316,dash_tbl_01897,gob_tbl_01479,dlk_tbl_02769,dlk_tbl_02587,gob_tbl_00122,dlk_tbl_04286,dlk_ext_00109,proc_ext_00013,proc_ext_00302,dlk_ext_00315,gob_ext_00478,gob_ext_00139
gob_proceso_0826;2;ppn_tbl_02289,gob_tbl_00625;7;gob_tbl_03477,gob_tbl_04171,dlk_tbl_03013,dlk_tbl_01836,gob_ext_00158,proc_ext_00626,dash_ext_00679
gob_proceso_0827;4;dlk_tbl_00913,dlk_tbl_00616,gob_tbl_03418,proc_tbl_01868;7;gob_tbl_03794,dash_tbl_04442,gob_tbl_01957,std_tbl_00472,dash_ext_00638,gob_ext_00605,gob_ext_00029
dlk_proceso_0828;4;dlk_tbl_03611,dlk_tbl_02350,gob_tbl_03704,gob_tbl_00801;10;proc_tbl_03877,gob_tbl_02054,dlk_tbl_01690,gob_tbl_04042,dash_tbl_03674,gob_tbl_02980,gob_ext_00363,dlk_ext_00037,ppn_ext_00534,gob_ext_00573
dlk_proceso_0829;4;gob_tbl_00750,proc_tbl_03356,proc_tbl_02949,proc_tbl_03566;10;dlk_tbl_01172,gob_tbl_02405,std_tbl_00472,gob_tbl_02705,gob_tbl_02326,dash_tbl_01471,dlk_ext_00313,dlk_ext_00665,m4vw_ext_00643,gob_ext_00257
dlk_proceso_0830;5;dash_tbl_03781,gob_tbl_03335,proc_tbl_03687,gob_tbl_01842,dlk_tbl_00668;11;gob_tbl_02447,gob_tbl_02033,dlk_tbl_02522,dash_tbl_01905,dlk_tbl_04094,dlk_tbl_03680,gob_ext_00247,dlk_ext_00121,dlk_ext_00038,gob_ext_00269,ppn_ext_00204
dlk_proceso_0831;5;dash_tbl_03782,gob_tbl_04208,gob_tbl_02705,gob_tbl_02824,gob_tbl_00466;19;m4vw_tbl_01070,gob_tbl_03642,gob_tbl_02196,gob_tbl_01214,gob_tbl_00651,proc_tbl_01187,dlk_tbl_02683,proc_tbl_04195,dash_tbl_03799,std_tbl_02562,gob_tbl_02484,gob_ext_00651,gob_ext_00561,gob_ext_00150,dlk_ext_00315,gob_ext_00214,dlk_ext_00660,gob_ext_00455,gob_ext_00192
dlk_proceso_0832;4;gob_tbl_01563,gob_tbl_03251,gob_tbl_03701,gob_tbl_04266;12;proc_tbl_01034,gob_tbl_02528,dlk_tbl_03029,gob_tbl_00373,dlk_tbl_02213,proc_tbl_01426,proc_tbl_01083,proc_ext_00407,dlk_ext_00662,ppn_ext_00585,dlk_ext_00218,gob_ext_00517
gob_proceso_0833;3;dlk_tbl_01836,dlk_tbl_01778,proc_tbl_03610;8;dlk_tbl_01280,gob_tbl_03484,gob_tbl_01560,dlk_tbl_00914,gob_tbl_00013,m4sco_ext_00253,m4sco_ext_00472,proc_ext_00490
dlk_proceso_0834;4;proc_tbl_03393,m4sco_tbl_04233,dash_tbl_03580,gob_tbl_04446;10;dlk_tbl_01801,gob_tbl_03429,gob_tbl_02883,gob_tbl_00778,dlk_tbl_03390,m4sco_tbl_01139,dlk_ext_00284,gob_ext_00163,dlk_ext_00574,dlk_ext_00118
dlk_proceso_0835;4;dlk_tbl_02522,proc_tbl_00948,gob_tbl_01251,gob_tbl_03248;7;dlk_tbl_00589,dash_tbl_00705,dlk_tbl_02399,gob_tbl_03792,gob_ext_00177,dlk_ext_00668,dlk_ext_00178
proc_proceso_0836;6;dash_tbl_00191,m4vw_tbl_02606,m4vw_tbl_04017,proc_tbl_01638,m4sco_tbl_04059,proc_tbl_04289;12;ppn_tbl_02443,gob_tbl_00176,gob_tbl_02019,gob_tbl_00732,dlk_tbl_03576,gob_tbl_04186,gob_tbl_03149,gob_ext_00645,dlk_ext_00598,dlk_ext_00086,dlk_ext_00251,gob_ext_00170
proc_proceso_0837;7;dlk_tbl_01430,gob_tbl_03218,dlk_tbl_00504,dlk_tbl_03170,gob_tbl_00724,gob_tbl_00298,dlk_tbl_03059;1;gob_tbl_01058
dlk_proceso_0838;6;gob_tbl_02442,proc_tbl_02881,gob_tbl_00331,dlk_tbl_01417,proc_tbl_02441,dlk_tbl_03091;21;m4sco_tbl_03550,proc_tbl_02164,proc_tbl_03190,gob_tbl_03058,dash_tbl_01633,dlk_tbl_01617,gob_tbl_02326,gob_tbl_04401,gob_tbl_03076,proc_tbl_02206,gob_tbl_04404,gob_tbl_03184,proc_ext_00197,dlk_ext_00381,dash_ext_00051,dlk_ext_00014,gob_ext_00650,gob_ext_00215,dlk_ext_00598,gob_ext_00636,dlk_ext_00077
gob_proceso_0839;6;dlk_tbl_02454,m4sco_tbl_02185,m4vw_tbl_01010,m4sco_tbl_00498,dlk_tbl_02846,gob_tbl_01649;6;gob_tbl_00869,proc_tbl_01857,gob_tbl_04294,dlk_ext_00391,gob_ext_00262,gob_ext_00633
gob_proceso_0840;3;gob_tbl_03553,gob_tbl_01208,dlk_tbl_01984;14;dlk_tbl_00480,dlk_tbl_00626,proc_tbl_02552,std_tbl_00064,std_tbl_00690,gob_tbl_01996,gob_tbl_01206,gob_tbl_03247,proc_ext_00421,gob_ext_00393,gob_ext_00450,dash_ext_00565,gob_ext_00328,proc_ext_00078
dlk_proceso_0841;6;dlk_tbl_03789,dlk_tbl_03833,dlk_tbl_04429,gob_tbl_03195,dlk_tbl_03927,proc_tbl_04291;13;dlk_tbl_01391,proc_tbl_03928,dlk_tbl_02129,dlk_tbl_01773,gob_tbl_01796,gob_tbl_01208,dlk_tbl_00526,dlk_ext_00588,dash_ext_00565,dlk_ext_00154,dash_ext_00258,gob_ext_00068,std_ext_00165
dlk_proceso_0842;4;dlk_tbl_02955,gob_tbl_02426,dlk_tbl_00604,gob_tbl_04002;7;dlk_tbl_00960,proc_tbl_00197,dlk_tbl_01512,proc_tbl_01152,gob_ext_00027,gob_ext_00371,dlk_ext_00520
dlk_proceso_0843;6;proc_tbl_03560,dlk_tbl_01808,gob_tbl_03079,std_tbl_01553,proc_tbl_01976,proc_tbl_00901;10;gob_tbl_00728,gob_tbl_02909,dash_tbl_02624,proc_tbl_03500,dlk_tbl_01536,dlk_tbl_01022,dlk_ext_00162,dlk_ext_00108,proc_ext_00624,dlk_ext_00277
dlk_proceso_0844;7;dlk_tbl_01414,gob_tbl_02548,proc_tbl_00047,std_tbl_02115,proc_tbl_03257,gob_tbl_02484,gob_tbl_00536;10;gob_tbl_00278,proc_tbl_01409,gob_tbl_01799,proc_tbl_01992,dlk_tbl_00478,dlk_tbl_01780,dlk_ext_00175,proc_ext_00399,dlk_ext_00077,dlk_ext_00098
dlk_proceso_0845;5;gob_tbl_00448,dash_tbl_02659,gob_tbl_00264,dlk_tbl_02476,dlk_tbl_03850;4;gob_tbl_02957,dlk_tbl_02428,dlk_ext_00516,gob_ext_00410
gob_proceso_0846;3;gob_tbl_03038,gob_tbl_02422,gob_tbl_03015;9;dlk_tbl_02112,gob_tbl_00206,dash_tbl_01111,dlk_tbl_00960,dlk_tbl_02273,proc_ext_00332,dlk_ext_00199,proc_ext_00447,gob_ext_00018
dash_proceso_0847;6;dash_tbl_02214,dlk_tbl_03027,proc_tbl_01199,gob_tbl_04025,dlk_tbl_02554,gob_tbl_02026;6;dash_tbl_03261,dlk_tbl_00296,dlk_tbl_02145,proc_ext_00227,gob_ext_00303,gob_ext_00326
gob_proceso_0848;3;dlk_tbl_02101,dash_tbl_00772,gob_tbl_02794;8;dlk_tbl_03905,dlk_tbl_00217,gob_tbl_01803,dlk_tbl_00650,dlk_tbl_03888,dash_ext_00638,gob_ext_00604,dash_ext_00243
proc_proceso_0849;4;gob_tbl_00093,dlk_tbl_02157,proc_tbl_03691,dlk_tbl_02105;4;gob_tbl_04430,dlk_tbl_02462,gob_ext_00252,gob_ext_00478
gob_proceso_0850;4;dlk_tbl_01647,gob_tbl_03253,gob_tbl_01242,proc_tbl_03285;7;dlk_tbl_01078,gob_tbl_04063,dlk_tbl_03623,dlk_tbl_00499,dlk_ext_00284,gob_ext_00667,dlk_ext_00579
gob_proceso_0851;6;std_tbl_00040,dlk_tbl_04309,dlk_tbl_00208,dlk_tbl_03397,gob_tbl_02322,dlk_tbl_02335;4;dlk_tbl_04434,proc_tbl_04089,gob_ext_00126,proc_ext_00055
dlk_proceso_0852;3;dlk_tbl_01309,dlk_tbl_02138,dlk_tbl_02048;11;m4vw_tbl_01624,proc_tbl_03598,gob_tbl_01017,dlk_tbl_02565,proc_tbl_01460,gob_tbl_00632,gob_ext_00219,gob_ext_00575,dlk_ext_00590,gob_ext_00554,dlk_ext_00265
dlk_proceso_0853;4;ppn_tbl_02982,dlk_tbl_02692,gob_tbl_01682,gob_tbl_00837;4;dlk_tbl_02380,gob_tbl_00895,dlk_ext_00659,dlk_ext_00145
dlk_proceso_0854;5;gob_tbl_01393,dash_tbl_03692,dlk_tbl_02758,dlk_tbl_01675,dlk_tbl_03413;5;dlk_tbl_01126,proc_tbl_00006,gob_tbl_03117,gob_ext_00262,dlk_ext_00266
dash_proceso_0855;6;dlk_tbl_03074,proc_tbl_00074,dlk_tbl_01864,m4vw_tbl_02898,m4vw_tbl_00575,m4sco_tbl_03324;6;m4sco_tbl_01291,dlk_tbl_04417,dlk_tbl_03832,dash_ext_00567,dlk_ext_00381,dlk_ext_00451
proc_proceso_0856;7;gob_tbl_01164,dlk_tbl_02973,proc_tbl_02678,dlk_tbl_01041,gob_tbl_01027,dlk_tbl_03661,dlk_tbl_00634;6;gob_tbl_00212,dlk_tbl_00109,proc_tbl_03211,dlk_ext_00598,gob_ext_00475,gob_ext_00018
proc_proceso_0857;6;proc_tbl_02333,dlk_tbl_00081,dlk_tbl_00337,dlk_tbl_04050,gob_tbl_00530,dlk_tbl_02526;16;proc_tbl_00280,dlk_tbl_01259,dlk_tbl_03476,proc_tbl_01034,proc_tbl_02445,gob_tbl_01964,dlk_tbl_03362,gob_tbl_01194,dlk_tbl_04302,proc_ext_00113,dlk_ext_00144,dlk_ext_00522,dlk_ext_00168,gob_ext_00667,dlk_ext_00499,dlk_ext_00430
dash_proceso_0858;2;proc_tbl_00184,proc_tbl_01004;5;gob_tbl_01462,dlk_tbl_00686,dlk_tbl_01271,gob_ext_00214,gob_ext_00326
dlk_proceso_0859;6;dlk_tbl_02736,dlk_tbl_02162,gob_tbl_02510,dlk_tbl_01033,proc_tbl_00549,dlk_tbl_04027;9;gob_tbl_04069,gob_tbl_03926,ppn_tbl_03964,proc_tbl_02345,dlk_tbl_03185,proc_ext_00378,gob_ext_00326,dlk_ext_00430,proc_ext_00458
gob_proceso_0860;5;dlk_tbl_01655,dlk_tbl_01402,dlk_tbl_01802,dlk_tbl_03549,dlk_tbl_00997;17;dlk_tbl_01239,dlk_tbl_03985,dlk_tbl_03078,gob_tbl_02144,gob_tbl_03529,proc_tbl_03268,gob_tbl_02794,dlk_tbl_04269,ppn_tbl_03963,ppn_tbl_02854,dlk_ext_00616,proc_ext_00367,dash_ext_00586,dlk_ext_00238,gob_ext_00614,dlk_ext_00086,gob_ext_00475
gob_proceso_0861;2;dlk_tbl_02436,gob_tbl_01511;15;proc_tbl_03925,dash_tbl_02432,dlk_tbl_02743,gob_tbl_03042,m4sco_tbl_01526,gob_tbl_00975,gob_tbl_03359,gob_tbl_02180,gob_tbl_02877,dash_ext_00676,dlk_ext_00598,proc_ext_00050,dash_ext_00625,dlk_ext_00473,proc_ext_00611
dlk_proceso_0862;3;dlk_tbl_03966,dlk_tbl_01410,dlk_tbl_02591;8;gob_tbl_00785,proc_tbl_04348,gob_tbl_01411,dlk_tbl_03997,dlk_tbl_03611,gob_ext_00320,proc_ext_00504,dlk_ext_00678
gob_proceso_0863;2;dash_tbl_01088,dlk_tbl_03697;6;dlk_tbl_01326,proc_tbl_00940,dlk_tbl_04395,dlk_ext_00641,dlk_ext_00077,proc_ext_00078
gob_proceso_0864;3;dlk_tbl_00908,gob_tbl_03929,dlk_tbl_03722;8;dlk_tbl_03141,m4vw_tbl_01717,dlk_tbl_02964,dash_tbl_03756,gob_tbl_01164,std_ext_00350,gob_ext_00563,proc_ext_00682
dash_proceso_0865;8;proc_tbl_02417,m4sco_tbl_01771,gob_tbl_02229,dlk_tbl_00363,gob_tbl_04327,dlk_tbl_03900,gob_tbl_03162,gob_tbl_02339;14;proc_tbl_03464,dlk_tbl_01326,dlk_tbl_00855,dash_tbl_04222,std_tbl_03525,dlk_tbl_02600,gob_tbl_00649,proc_tbl_00153,gob_ext_00673,m4vw_ext_00643,dlk_ext_00178,dlk_ext_00100,gob_ext_00517,proc_ext_00113
dash_proceso_0866;4;dlk_tbl_01669,std_tbl_00866,dash_tbl_02801,proc_tbl_00919;9;dlk_tbl_01336,gob_tbl_02163,gob_tbl_02019,dlk_tbl_01832,dash_tbl_00366,ppn_ext_00653,gob_ext_00614,dlk_ext_00001,dlk_ext_00481
dlk_proceso_0867;3;gob_tbl_00175,dlk_tbl_02843,dash_tbl_03875;11;gob_tbl_04415,dlk_tbl_01899,gob_tbl_04379,gob_tbl_00450,std_tbl_00323,std_tbl_04339,gob_ext_00018,proc_ext_00446,dlk_ext_00251,m4vw_ext_00101,ppn_ext_00058
proc_proceso_0868;2;gob_tbl_01579,gob_tbl_00083;6;gob_tbl_04058,dash_tbl_02696,dlk_tbl_00721,gob_ext_00219,m4vw_ext_00161,gob_ext_00214
dlk_proceso_0869;6;gob_tbl_00057,gob_tbl_02559,dlk_tbl_00063,proc_tbl_03405,gob_tbl_03524,dash_tbl_03799;16;dlk_tbl_04046,dlk_tbl_03874,dlk_tbl_04386,proc_tbl_02989,gob_tbl_02370,dlk_tbl_00966,dlk_tbl_01603,proc_tbl_00325,dlk_tbl_02000,gob_ext_00088,gob_ext_00183,gob_ext_00090,dlk_ext_00522,dlk_ext_00152,dlk_ext_00125,gob_ext_00356
dlk_proceso_0870;6;dlk_tbl_01497,dlk_tbl_02860,gob_tbl_00869,gob_tbl_03427,dlk_tbl_01884,gob_tbl_04449;15;gob_tbl_04272,dlk_tbl_01145,proc_tbl_03748,dash_tbl_03320,proc_tbl_03646,gob_tbl_03553,dlk_tbl_03521,gob_tbl_01809,dash_tbl_03242,std_ext_00457,dlk_ext_00440,dlk_ext_00210,gob_ext_00080,gob_ext_00464,gob_ext_00507
proc_proceso_0871;6;std_tbl_02179,gob_tbl_00662,dlk_tbl_02295,dlk_tbl_01135,gob_tbl_03585,dlk_tbl_03955;12;gob_tbl_00442,dlk_tbl_01054,gob_tbl_03015,gob_tbl_03123,dlk_tbl_02797,gob_tbl_03082,dlk_tbl_02764,dlk_ext_00233,dlk_ext_00284,proc_ext_00013,dlk_ext_00152,gob_ext_00128
dlk_proceso_0872;2;proc_tbl_03113,proc_tbl_04146;13;proc_tbl_03790,proc_tbl_01134,dlk_tbl_01400,dlk_tbl_02221,gob_tbl_03492,dlk_tbl_02213,dlk_tbl_00626,dlk_ext_00574,proc_ext_00097,dlk_ext_00038,dlk_ext_00434,dlk_ext_00081,gob_ext_00018
gob_proceso_0873;6;std_tbl_01150,gob_tbl_00682,gob_tbl_03062,dlk_tbl_02605,gob_tbl_02974,m4vw_tbl_02490;21;gob_tbl_04449,gob_tbl_00386,dlk_tbl_02940,dlk_tbl_04162,dlk_tbl_00203,proc_tbl_02203,proc_tbl_03931,gob_tbl_00577,dlk_tbl_01507,std_tbl_03793,gob_tbl_04385,proc_tbl_02949,dlk_ext_00462,dlk_ext_00136,proc_ext_00229,gob_ext_00331,gob_ext_00366,proc_ext_00242,dlk_ext_00616,dash_ext_00341,gob_ext_00042
dlk_proceso_0874;7;dlk_tbl_00495,gob_tbl_01981,dlk_tbl_00100,dlk_tbl_03310,dlk_tbl_04389,dlk_tbl_04326,gob_tbl_03868;6;dlk_tbl_00719,gob_tbl_03426,dlk_tbl_03245,ppn_ext_00653,dlk_ext_00224,dlk_ext_00525
proc_proceso_0875;3;dlk_tbl_02932,dlk_tbl_00409,dlk_tbl_00501;11;proc_tbl_02819,dlk_tbl_03115,dlk_tbl_01279,gob_tbl_00131,gob_tbl_03468,dlk_tbl_03486,proc_ext_00287,gob_ext_00681,proc_ext_00332,dash_ext_00510,dlk_ext_00191
dlk_proceso_0876;5;proc_tbl_02238,dlk_tbl_01642,proc_tbl_00858,gob_tbl_02239,proc_tbl_00423;19;proc_tbl_03584,dlk_tbl_01971,gob_tbl_03465,dlk_tbl_01391,proc_tbl_01152,gob_tbl_01175,gob_tbl_04241,gob_tbl_01433,proc_tbl_00509,dlk_tbl_01041,gob_tbl_00148,dlk_ext_00034,proc_ext_00504,dash_ext_00675,m4vw_ext_00161,ppn_ext_00401,gob_ext_00651,gob_ext_00419,proc_ext_00531
dlk_proceso_0877;3;dlk_tbl_02218,dash_tbl_03662,proc_tbl_00675;12;dlk_tbl_01112,dlk_tbl_01728,dlk_tbl_04052,dash_tbl_01099,gob_tbl_01579,dlk_tbl_02940,dlk_tbl_00381,proc_ext_00624,gob_ext_00435,dash_ext_00187,gob_ext_00276,dlk_ext_00592
dlk_proceso_0878;4;gob_tbl_03582,gob_tbl_04314,dlk_tbl_02368,proc_tbl_01938;10;gob_tbl_02954,gob_tbl_00052,dlk_tbl_03710,gob_tbl_04208,std_tbl_01203,gob_tbl_02359,dlk_ext_00516,dlk_ext_00441,gob_ext_00346,proc_ext_00186
dlk_proceso_0879;3;dlk_tbl_01639,dash_tbl_01644,dlk_tbl_03064;6;proc_tbl_01815,gob_tbl_01706,dlk_tbl_01849,dash_ext_00388,dlk_ext_00299,gob_ext_00155
gob_proceso_0880;4;gob_tbl_00308,proc_tbl_01122,proc_tbl_00516,dash_tbl_01050;3;dlk_tbl_03908,proc_tbl_00909,proc_ext_00030
dlk_proceso_0881;4;dlk_tbl_03416,dash_tbl_03696,proc_tbl_01838,gob_tbl_03278;10;dlk_tbl_04109,std_tbl_02430,gob_tbl_00428,gob_tbl_03328,dlk_tbl_02816,gob_tbl_03589,std_ext_00200,gob_ext_00188,gob_ext_00334,dash_ext_00675
dash_proceso_0882;6;dlk_tbl_01132,gob_tbl_04246,gob_tbl_03630,dlk_tbl_00587,dlk_tbl_02165,gob_tbl_02781;13;dlk_tbl_00217,dlk_tbl_03555,dlk_tbl_01878,dash_tbl_02912,gob_tbl_00030,dash_tbl_01905,dlk_tbl_01971,proc_ext_00624,dlk_ext_00035,std_ext_00608,gob_ext_00541,dlk_ext_00061,gob_ext_00303
dlk_proceso_0883;5;proc_tbl_01318,gob_tbl_01457,dlk_tbl_01287,gob_tbl_02378,dlk_tbl_03281;4;gob_tbl_02394,ppn_tbl_03666,gob_ext_00576,gob_ext_00535
proc_proceso_0884;4;proc_tbl_02275,proc_tbl_01516,gob_tbl_01201,dlk_tbl_00361;7;gob_tbl_02813,gob_tbl_01095,dlk_tbl_00235,dash_tbl_03547,dlk_ext_00598,gob_ext_00202,proc_ext_00222
proc_proceso_0885;6;m4vw_tbl_00766,dash_tbl_01646,gob_tbl_00671,proc_tbl_00111,proc_tbl_01529,dlk_tbl_01512;12;gob_tbl_00887,dlk_tbl_00526,dlk_tbl_02369,dlk_tbl_03568,gob_tbl_04093,gob_tbl_01265,dlk_tbl_03992,dash_ext_00243,dlk_ext_00266,dlk_ext_00376,dlk_ext_00057,dlk_ext_00285
dash_proceso_0886;3;proc_tbl_03230,proc_tbl_04410,proc_tbl_00959;12;gob_tbl_01325,proc_tbl_03855,proc_tbl_01825,std_tbl_04428,dlk_tbl_02135,gob_tbl_03670,gob_tbl_03899,dlk_ext_00045,proc_ext_00206,dlk_ext_00036,proc_ext_00624,ppn_ext_00653
dlk_proceso_0887;6;dlk_tbl_02461,dlk_tbl_02889,proc_tbl_01171,gob_tbl_00868,std_tbl_02231,proc_tbl_02472;4;gob_tbl_01592,dlk_tbl_01623,dlk_ext_00434,dlk_ext_00185
dlk_proceso_0888;3;dlk_tbl_01859,dash_tbl_02130,proc_tbl_00263;8;gob_tbl_02405,gob_tbl_00609,dlk_tbl_00823,dash_tbl_00705,proc_tbl_02349,dlk_ext_00199,gob_ext_00189,dlk_ext_00652
gob_proceso_0889;3;gob_tbl_00041,proc_tbl_01396,m4vw_tbl_03340;12;proc_tbl_00741,proc_tbl_03293,ppn_tbl_03052,gob_tbl_00566,gob_tbl_02086,dlk_tbl_02578,dlk_tbl_01900,gob_ext_00524,proc_ext_00531,gob_ext_00080,dlk_ext_00314,m4vw_ext_00101
gob_proceso_0890;5;proc_tbl_02337,gob_tbl_02409,dlk_tbl_01770,gob_tbl_03188,dlk_tbl_02815;10;ppn_tbl_04214,gob_tbl_01479,dlk_tbl_03874,gob_tbl_03484,gob_tbl_01582,gob_tbl_00864,gob_ext_00366,proc_ext_00294,dlk_ext_00376,gob_ext_00126
dlk_proceso_0891;2;dlk_tbl_00786,proc_tbl_03860;6;proc_tbl_00197,gob_tbl_02536,proc_tbl_00006,dlk_ext_00038,gob_ext_00575,ppn_ext_00534
gob_proceso_0892;5;std_tbl_02174,dlk_tbl_03258,proc_tbl_02456,gob_tbl_03202,dlk_tbl_01824;4;dash_tbl_00335,dlk_tbl_03841,std_ext_00649,gob_ext_00412
dlk_proceso_0893;2;gob_tbl_01885,gob_tbl_01475;7;dlk_tbl_02155,dlk_tbl_01746,gob_tbl_03332,dlk_tbl_02437,dlk_ext_00566,dlk_ext_00271,proc_ext_00216
dlk_proceso_0894;5;gob_tbl_02084,gob_tbl_03807,m4sco_tbl_01291,dlk_tbl_00485,dlk_tbl_02396;13;proc_tbl_02315,std_tbl_02327,dash_tbl_04376,dlk_tbl_03521,std_tbl_02179,dlk_tbl_01369,proc_tbl_03263,gob_ext_00177,dlk_ext_00553,gob_ext_00368,gob_ext_00346,dlk_ext_00398,gob_ext_00303
dlk_proceso_0895;6;gob_tbl_03522,gob_tbl_01029,proc_tbl_00391,dlk_tbl_02838,gob_tbl_02684,dash_tbl_01656;10;gob_tbl_01335,dlk_tbl_00840,gob_tbl_01008,gob_tbl_01258,gob_tbl_00302,gob_tbl_04125,dlk_ext_00034,proc_ext_00069,dlk_ext_00408,dlk_ext_00082
dlk_proceso_0896;3;proc_tbl_02762,dlk_tbl_01773,dash_tbl_03756;9;proc_tbl_00516,proc_tbl_03500,dlk_tbl_03396,dlk_tbl_03521,m4vw_tbl_01010,gob_ext_00225,dlk_ext_00663,gob_ext_00067,dash_ext_00072
dlk_proceso_0897;7;dlk_tbl_02189,dash_tbl_03261,dlk_tbl_02455,proc_tbl_03120,dlk_tbl_03530,gob_tbl_01137,gob_tbl_00026;20;proc_tbl_02036,dlk_tbl_03337,dlk_tbl_01683,dash_tbl_03674,gob_tbl_02102,gob_tbl_01264,dlk_tbl_03850,proc_tbl_03949,proc_tbl_00247,gob_tbl_04186,dlk_tbl_04352,dlk_tbl_03388,dlk_ext_00476,gob_ext_00112,dlk_ext_00665,proc_ext_00186,proc_ext_00483,proc_ext_00287,gob_ext_00324,dlk_ext_00422
dlk_proceso_0898;4;proc_tbl_01930,gob_tbl_00166,dlk_tbl_00878,dlk_tbl_00960;10;dlk_tbl_01854,gob_tbl_02163,proc_tbl_01485,gob_tbl_00876,ppn_tbl_02707,proc_tbl_01460,dlk_ext_00234,dlk_ext_00094,dlk_ext_00123,dash_ext_00298
proc_proceso_0899;8;proc_tbl_03263,dash_tbl_00443,gob_tbl_03913,dlk_tbl_03115,gob_tbl_00896,dlk_tbl_00508,gob_tbl_04228,proc_tbl_01811;14;dlk_tbl_03521,gob_tbl_02233,dlk_tbl_02479,dlk_tbl_03507,dlk_tbl_01862,dlk_tbl_02626,dash_tbl_04442,gob_tbl_03511,proc_ext_00683,gob_ext_00172,gob_ext_00042,proc_ext_00399,dlk_ext_00073,dlk_ext_00520
gob_proceso_0900;5;dlk_tbl_01078,gob_tbl_02885,gob_tbl_01382,dlk_tbl_02090,gob_tbl_03546;8;dlk_tbl_01590,gob_tbl_02208,dlk_tbl_02309,dlk_tbl_03684,gob_tbl_01325,proc_ext_00242,gob_ext_00420,dash_ext_00461
proc_proceso_0901;4;dlk_tbl_01074,gob_tbl_02207,dlk_tbl_00084,proc_tbl_01461;12;gob_tbl_03435,proc_tbl_02352,proc_tbl_00491,gob_tbl_03333,dlk_tbl_03361,gob_tbl_01968,dlk_tbl_03449,dlk_ext_00116,gob_ext_00328,dlk_ext_00075,dlk_ext_00134,proc_ext_00385
dlk_proceso_0902;6;gob_tbl_00714,dlk_tbl_00781,gob_tbl_03501,dlk_tbl_03873,gob_tbl_03294,gob_tbl_03214;9;dash_tbl_00553,dlk_tbl_02865,dash_tbl_00727,gob_tbl_04423,gob_tbl_02681,dlk_ext_00415,dash_ext_00675,dlk_ext_00516,dlk_ext_00119
dash_proceso_0903;7;dlk_tbl_01296,dash_tbl_04226,gob_tbl_01350,proc_tbl_02087,gob_tbl_00618,dash_tbl_01944,proc_tbl_03934;15;dlk_tbl_03075,proc_tbl_03268,dlk_tbl_03163,dlk_tbl_02993,gob_tbl_02528,proc_tbl_04337,m4vw_tbl_04088,gob_tbl_00979,gob_tbl_00733,dlk_ext_00315,std_ext_00350,dlk_ext_00516,dlk_ext_00352,proc_ext_00601,dash_ext_00270
dlk_proceso_0904;3;gob_tbl_03266,dlk_tbl_00762,dlk_tbl_03822;13;dlk_tbl_03985,gob_tbl_03180,dlk_tbl_01397,dlk_tbl_04427,gob_tbl_04142,dlk_tbl_00808,gob_tbl_01346,dlk_ext_00559,gob_ext_00686,m4vw_ext_00400,dlk_ext_00481,gob_ext_00363,gob_ext_00326
dlk_proceso_0905;7;dlk_tbl_00110,dlk_tbl_02737,proc_tbl_01192,dlk_tbl_00933,gob_tbl_02595,dlk_tbl_03270,proc_tbl_02164;4;gob_tbl_02976,dlk_tbl_02335,dlk_ext_00191,m4sco_ext_00232
proc_proceso_0906;8;dlk_tbl_04332,dash_tbl_00500,gob_tbl_03165,dlk_tbl_03676,dlk_tbl_02695,ppn_tbl_02073,dlk_tbl_01112,dlk_tbl_04352;14;dlk_tbl_03874,gob_tbl_03272,dlk_tbl_00324,gob_tbl_03825,gob_tbl_03457,dlk_tbl_01995,proc_tbl_04348,dlk_tbl_02778,gob_ext_00640,dlk_ext_00144,gob_ext_00202,dlk_ext_00228,dlk_ext_00597,gob_ext_00156
dlk_proceso_0907;5;dash_tbl_03482,proc_tbl_04010,gob_tbl_03042,proc_tbl_04004,dlk_tbl_03163;12;gob_tbl_01513,dash_tbl_01176,dlk_tbl_02313,dlk_tbl_03144,gob_tbl_00885,proc_tbl_04365,dlk_tbl_01193,gob_ext_00463,gob_ext_00252,ppn_ext_00534,dlk_ext_00134,dlk_ext_00081
proc_proceso_0908;4;proc_tbl_02777,dlk_tbl_02779,gob_tbl_00938,dlk_tbl_03083;7;gob_tbl_03738,dlk_tbl_04417,dlk_tbl_02743,m4sco_tbl_01860,m4vw_ext_00643,dlk_ext_00462,dlk_ext_00473
gob_proceso_0909;4;gob_tbl_04379,gob_tbl_01243,dash_tbl_00465,proc_tbl_01545;10;dlk_tbl_02030,gob_tbl_03593,gob_tbl_03868,dlk_tbl_03927,dash_tbl_02416,gob_tbl_01254,proc_ext_00173,gob_ext_00192,dash_ext_00586,ppn_ext_00653
dlk_proceso_0910;7;proc_tbl_01485,proc_tbl_00098,std_tbl_01994,dlk_tbl_00637,gob_tbl_01175,gob_tbl_03837,std_tbl_04117;9;dlk_tbl_01589,proc_tbl_02041,dlk_tbl_00924,proc_tbl_01673,std_tbl_03153,dlk_ext_00037,proc_ext_00501,proc_ext_00287,proc_ext_00539
gob_proceso_0911;4;gob_tbl_03741,dlk_tbl_02425,dlk_tbl_02850,dlk_tbl_02755;4;gob_tbl_03718,proc_tbl_01472,gob_ext_00249,m4sco_ext_00253
dash_proceso_0912;8;proc_tbl_02589,dlk_tbl_01262,dlk_tbl_04377,m4sco_tbl_00563,gob_tbl_00800,dlk_tbl_02778,std_tbl_02327,dlk_tbl_04153;7;gob_tbl_03958,dash_tbl_00992,gob_tbl_03529,gob_tbl_00868,dash_ext_00127,proc_ext_00601,gob_ext_00177
dlk_proceso_0913;7;gob_tbl_02388,dlk_tbl_02119,dlk_tbl_00276,dlk_tbl_00974,dlk_tbl_01686,dlk_tbl_02483,gob_tbl_03825;9;dlk_tbl_03829,gob_tbl_02705,dlk_tbl_02299,std_tbl_01286,gob_tbl_01058,dlk_ext_00560,proc_ext_00458,m4vw_ext_00161,dlk_ext_00623
dlk_proceso_0914;4;dlk_tbl_00808,gob_tbl_00767,dash_tbl_01846,gob_tbl_03593;14;dlk_tbl_02218,gob_tbl_03809,gob_tbl_02948,m4vw_tbl_03779,dlk_tbl_01999,ppn_tbl_02122,gob_tbl_00052,gob_tbl_01416,m4vw_ext_00515,proc_ext_00227,gob_ext_00497,m4sco_ext_00439,dlk_ext_00623,proc_ext_00483
dlk_proceso_0915;3;dlk_tbl_00054,proc_tbl_02577,gob_tbl_01799;14;proc_tbl_03349,gob_tbl_03203,proc_tbl_04329,m4sco_tbl_03843,dlk_tbl_00840,proc_tbl_03836,dlk_tbl_03373,dash_tbl_04321,gob_ext_00196,dash_ext_00392,dlk_ext_00376,dlk_ext_00274,dlk_ext_00519,dlk_ext_00119
dlk_proceso_0916;3;std_tbl_03010,dlk_tbl_00170,proc_tbl_03743;12;gob_tbl_01479,proc_tbl_01485,gob_tbl_02913,gob_tbl_01720,dlk_tbl_03428,dlk_tbl_00699,gob_tbl_03986,dlk_ext_00469,dlk_ext_00408,dlk_ext_00345,gob_ext_00320,m4sco_ext_00472
dlk_proceso_0917;3;dash_tbl_03689,dlk_tbl_00152,ppn_tbl_01180;4;dlk_tbl_01421,dlk_tbl_01340,proc_ext_00287,dlk_ext_00562
proc_proceso_0918;6;gob_tbl_01572,dlk_tbl_03240,dlk_tbl_02268,dlk_tbl_03591,gob_tbl_01096,dlk_tbl_00914;9;dlk_tbl_00638,dlk_tbl_02736,dlk_tbl_04448,dlk_tbl_00329,gob_tbl_02450,dlk_ext_00076,dlk_ext_00345,dlk_ext_00589,dlk_ext_00191
gob_proceso_0919;3;gob_tbl_03895,gob_tbl_02043,ppn_tbl_03916;9;gob_tbl_01433,gob_tbl_02581,gob_tbl_03023,dash_tbl_02643,gob_tbl_02883,dlk_ext_00143,dlk_ext_00376,gob_ext_00188,dlk_ext_00083
gob_proceso_0920;3;dlk_tbl_03983,dlk_tbl_04274,dlk_tbl_01970;13;dlk_tbl_03893,dlk_tbl_03714,dlk_tbl_01883,proc_tbl_00509,gob_tbl_04126,gob_tbl_01322,dash_tbl_04325,dlk_ext_00224,dash_ext_00613,dlk_ext_00213,gob_ext_00214,proc_ext_00539,gob_ext_00263
dlk_proceso_0921;7;gob_tbl_02075,gob_tbl_01827,proc_tbl_02989,gob_tbl_03265,dlk_tbl_02729,gob_tbl_04102,gob_tbl_04392;10;dlk_tbl_03880,proc_tbl_02825,gob_tbl_00132,gob_tbl_01568,gob_tbl_02593,dash_tbl_00354,gob_ext_00324,gob_ext_00371,dlk_ext_00391,proc_ext_00437
dash_proceso_0922;7;dlk_tbl_02544,gob_tbl_00567,dlk_tbl_02820,dash_tbl_02702,gob_tbl_03726,gob_tbl_03292,dlk_tbl_00854;10;proc_tbl_00263,dlk_tbl_02879,gob_tbl_01666,std_tbl_00064,gob_tbl_03175,dlk_tbl_03246,dlk_ext_00423,dlk_ext_00007,dlk_ext_00070,gob_ext_00220
dlk_proceso_0923;2;dash_tbl_02798,m4vw_tbl_02706;7;gob_tbl_03570,dash_tbl_01585,dash_tbl_01197,gob_tbl_00897,dlk_ext_00538,dlk_ext_00433,dlk_ext_00015
dlk_proceso_0924;7;dlk_tbl_02924,gob_tbl_03763,proc_tbl_00509,gob_tbl_02946,dlk_tbl_01552,gob_tbl_02818,dlk_tbl_00747;10;proc_tbl_01775,dlk_tbl_03463,gob_tbl_03250,gob_tbl_00243,proc_tbl_01710,dlk_tbl_02270,gob_ext_00371,dlk_ext_00010,proc_ext_00498,proc_ext_00370
dlk_proceso_0925;3;dlk_tbl_04223,dlk_tbl_01925,gob_tbl_03071;17;m4sco_tbl_00563,dlk_tbl_02902,gob_tbl_00801,proc_tbl_03405,gob_tbl_02059,proc_tbl_04410,dash_tbl_01358,gob_tbl_04294,proc_tbl_00291,proc_tbl_03510,dlk_ext_00542,m4vw_ext_00643,dash_ext_00613,proc_ext_00078,dlk_ext_00036,dash_ext_00187,proc_ext_00229
dlk_proceso_0926;2;gob_tbl_00442,proc_tbl_02478;4;std_tbl_02225,gob_tbl_02176,gob_ext_00517,dlk_ext_00451
dlk_proceso_0927;3;dash_tbl_03409,proc_tbl_01538,gob_tbl_00420;9;dlk_tbl_03716,gob_tbl_04301,dlk_tbl_00626,gob_tbl_00625,dlk_tbl_01445,gob_ext_00412,dash_ext_00676,dash_ext_00675,gob_ext_00106
gob_proceso_0928;6;gob_tbl_00178,m4sco_tbl_01526,dash_tbl_02348,dlk_tbl_01449,dlk_tbl_03066,gob_tbl_04063;9;gob_tbl_00475,dash_tbl_03183,dlk_tbl_04021,dlk_tbl_02679,dash_tbl_02363,gob_ext_00306,dlk_ext_00152,dlk_ext_00081,dlk_ext_00345
dlk_proceso_0929;2;dlk_tbl_01161,m4vw_tbl_01261;13;m4vw_tbl_02853,gob_tbl_03119,proc_tbl_03229,proc_tbl_00847,gob_tbl_02439,dlk_tbl_04282,gob_tbl_01973,gob_ext_00085,dlk_ext_00381,proc_ext_00206,dlk_ext_00031,dlk_ext_00618,dlk_ext_00081
gob_proceso_0930;4;proc_tbl_03949,gob_tbl_01373,gob_tbl_04142,dash_tbl_00245;12;gob_tbl_01285,dlk_tbl_03337,dlk_tbl_04437,dlk_tbl_02355,dlk_tbl_01520,dlk_tbl_00163,proc_tbl_03452,proc_ext_00332,dlk_ext_00516,gob_ext_00215,gob_ext_00304,gob_ext_00150
dash_proceso_0931;5;m4vw_tbl_04248,gob_tbl_01379,gob_tbl_04191,gob_tbl_01144,dlk_tbl_04421;14;m4vw_tbl_01427,gob_tbl_02171,std_tbl_01220,dlk_tbl_01986,dlk_tbl_04105,gob_tbl_01957,proc_tbl_01345,gob_tbl_00734,dash_ext_00298,proc_ext_00523,proc_ext_00216,gob_ext_00248,gob_ext_00551,proc_ext_00437
gob_proceso_0932;7;gob_tbl_00232,gob_tbl_01689,dlk_tbl_02565,dlk_tbl_03965,dlk_tbl_01386,gob_tbl_02177,gob_tbl_00541;11;gob_tbl_01525,proc_tbl_02063,dlk_tbl_03587,dlk_tbl_02873,dlk_tbl_01310,gob_tbl_04245,dlk_ext_00135,proc_ext_00353,proc_ext_00490,dlk_ext_00352,gob_ext_00535
proc_proceso_0933;4;dlk_tbl_04369,dlk_tbl_00795,gob_tbl_04301,dlk_tbl_03367;8;gob_tbl_00868,gob_tbl_02442,dlk_tbl_00934,proc_tbl_02167,proc_tbl_03118,dlk_ext_00465,dlk_ext_00345,gob_ext_00614
dlk_proceso_0934;5;gob_tbl_00848,dlk_tbl_03667,gob_tbl_01592,dlk_tbl_01271,dlk_tbl_00385;9;dash_tbl_04442,std_tbl_00978,gob_tbl_00411,std_tbl_01063,proc_tbl_01914,dlk_ext_00178,dlk_ext_00345,dlk_ext_00526,dlk_ext_00596
gob_proceso_0935;4;dlk_tbl_02448,dlk_tbl_00874,dlk_tbl_03795,gob_tbl_00818;11;gob_tbl_00817,proc_tbl_00542,gob_tbl_00868,gob_tbl_02542,gob_tbl_03887,dash_tbl_03773,gob_ext_00651,std_ext_00609,gob_ext_00497,gob_ext_00104,gob_ext_00012
dash_proceso_0936;6;m4vw_tbl_02449,dlk_tbl_03502,gob_tbl_00585,gob_tbl_02727,dlk_tbl_00281,gob_tbl_01555;9;dlk_tbl_02602,proc_tbl_03224,gob_tbl_01947,dlk_tbl_01603,dash_tbl_01216,dash_ext_00581,gob_ext_00044,dash_ext_00062,dlk_ext_00619
dlk_proceso_0937;2;dlk_tbl_01844,dlk_tbl_02263;20;dlk_tbl_00686,dlk_tbl_04083,dlk_tbl_01414,gob_tbl_01917,gob_tbl_03073,proc_tbl_00486,gob_tbl_01387,proc_tbl_03510,proc_tbl_03107,gob_tbl_01422,dlk_tbl_03826,dash_tbl_00096,gob_ext_00214,proc_ext_00407,dlk_ext_00322,gob_ext_00393,dlk_ext_00372,gob_ext_00170,dlk_ext_00615,gob_ext_00163
gob_proceso_0938;5;dlk_tbl_03800,proc_tbl_01607,gob_tbl_01265,gob_tbl_02584,gob_tbl_02776;17;proc_tbl_02164,gob_tbl_03244,dlk_tbl_00036,dlk_tbl_04393,gob_tbl_03971,gob_tbl_02863,m4sco_tbl_03399,dlk_tbl_03223,gob_tbl_02054,dlk_tbl_03255,dlk_ext_00244,ppn_ext_00401,dlk_ext_00587,dlk_ext_00083,gob_ext_00196,proc_ext_00066,proc_ext_00009
dash_proceso_0939;2;gob_tbl_03455,proc_tbl_03370;6;dlk_tbl_02295,dash_tbl_01471,dlk_tbl_04032,dlk_ext_00381,dlk_ext_00408,gob_ext_00189
proc_proceso_0940;2;gob_tbl_02519,dlk_tbl_02226;15;proc_tbl_01698,gob_tbl_04228,dlk_tbl_01391,std_tbl_00690,proc_tbl_04010,ppn_tbl_02707,proc_tbl_00909,gob_tbl_01982,dash_tbl_00883,gob_ext_00331,dlk_ext_00381,dlk_ext_00193,dash_ext_00325,gob_ext_00032,gob_ext_00450
dlk_proceso_0941;8;m4vw_tbl_01281,gob_tbl_00307,gob_tbl_02360,dlk_tbl_03540,dlk_tbl_03539,proc_tbl_01759,dlk_tbl_00613,proc_tbl_01600;19;gob_tbl_02558,gob_tbl_02266,dlk_tbl_01131,gob_tbl_02176,gob_tbl_00032,m4sco_tbl_01526,gob_tbl_03682,dlk_tbl_00626,gob_tbl_03462,dash_tbl_01471,dlk_tbl_00326,dlk_ext_00233,gob_ext_00263,dlk_ext_00178,dlk_ext_00349,dlk_ext_00211,gob_ext_00375,gob_ext_00674,gob_ext_00295
gob_proceso_0942;4;gob_tbl_00214,gob_tbl_00729,proc_tbl_01031,dlk_tbl_03905;11;gob_tbl_02536,dlk_tbl_02993,gob_tbl_03454,gob_tbl_03788,dash_tbl_00727,dlk_tbl_04021,dash_ext_00307,proc_ext_00447,dlk_ext_00361,gob_ext_00016,dlk_ext_00616
dlk_proceso_0943;5;proc_tbl_00194,proc_tbl_01052,proc_tbl_03998,gob_tbl_00645,gob_tbl_02064;10;dlk_tbl_00501,dlk_tbl_02525,gob_tbl_01513,dlk_tbl_02436,dlk_tbl_03379,dlk_tbl_03900,dlk_ext_00081,dlk_ext_00260,gob_ext_00442,dlk_ext_00459
gob_proceso_0944;8;gob_tbl_00550,dlk_tbl_02523,gob_tbl_03881,dash_tbl_03503,m4vw_tbl_00763,gob_tbl_02957,dlk_tbl_02634,gob_tbl_01360;7;dlk_tbl_03121,gob_tbl_00351,std_tbl_00978,gob_tbl_02234,std_ext_00622,gob_ext_00364,gob_ext_00018
dlk_proceso_0945;3;std_tbl_02562,gob_tbl_02900,gob_tbl_04423;4;proc_tbl_01529,proc_tbl_01480,proc_ext_00186,dlk_ext_00619
gob_proceso_0946;4;dash_tbl_01376,dlk_tbl_03969,proc_tbl_01750,gob_tbl_00600;6;gob_tbl_02418,gob_tbl_02193,gob_tbl_03907,dlk_ext_00665,dash_ext_00613,dlk_ext_00074
proc_proceso_0947;5;dash_tbl_04193,dlk_tbl_00677,proc_tbl_03014,gob_tbl_04165,gob_tbl_03541;14;dlk_tbl_01172,dlk_tbl_01048,dlk_tbl_03872,dlk_tbl_00860,dlk_tbl_01926,gob_tbl_00723,dash_tbl_00402,gob_tbl_01602,dlk_ext_00082,gob_ext_00661,dlk_ext_00670,proc_ext_00186,gob_ext_00677,dlk_ext_00037
dlk_proceso_0948;2;dash_tbl_01303,proc_tbl_01760;8;gob_tbl_03150,m4vw_tbl_02823,gob_tbl_04126,m4sco_tbl_02250,std_tbl_02179,gob_ext_00088,dash_ext_00581,proc_ext_00206
dlk_proceso_0949;7;ppn_tbl_03963,gob_tbl_01874,dash_tbl_01231,dlk_tbl_00968,gob_tbl_03330,dlk_tbl_02902,dlk_tbl_03207;9;dlk_tbl_04421,proc_tbl_00111,dlk_tbl_04166,gob_tbl_02420,gob_tbl_03253,proc_ext_00489,dlk_ext_00134,dlk_ext_00098,dlk_ext_00431
dlk_proceso_0950;9;dlk_tbl_03548,dlk_tbl_03798,proc_tbl_00952,dlk_tbl_00024,dlk_tbl_03095,dlk_tbl_03816,dlk_tbl_02865,gob_tbl_03352,std_tbl_03742;14;dlk_tbl_00480,dlk_tbl_03520,dash_tbl_02432,gob_tbl_03184,gob_tbl_02954,dlk_tbl_04352,proc_tbl_02190,dlk_tbl_03647,dlk_ext_00238,gob_ext_00661,dlk_ext_00579,proc_ext_00009,dlk_ext_00522,proc_ext_00489
gob_proceso_0951;4;proc_tbl_01972,proc_tbl_02083,dlk_tbl_04254,dash_tbl_02507;14;gob_tbl_01420,m4sco_tbl_03467,dlk_tbl_03644,gob_tbl_01973,gob_tbl_02280,m4vw_tbl_02449,gob_tbl_01206,dlk_tbl_04352,dlk_ext_00562,proc_ext_00030,proc_ext_00176,m4sco_ext_00404,dlk_ext_00003,gob_ext_00303
proc_proceso_0952;4;gob_tbl_00421,gob_tbl_03206,proc_tbl_03677,std_tbl_03903;3;proc_tbl_03224,proc_tbl_02343,m4vw_ext_00101
dlk_proceso_0953;7;gob_tbl_02175,gob_tbl_00062,dlk_tbl_03729,gob_tbl_02828,proc_tbl_00125,gob_tbl_00319,proc_tbl_03107;10;proc_tbl_00431,proc_tbl_00748,gob_tbl_00632,gob_tbl_01317,dlk_tbl_01599,gob_tbl_01157,dlk_ext_00423,dlk_ext_00414,gob_ext_00575,gob_ext_00445
dash_proceso_0954;4;dlk_tbl_03829,gob_tbl_03173,std_tbl_01286,gob_tbl_02008;9;dlk_tbl_01114,gob_tbl_02670,dlk_tbl_02444,gob_tbl_01879,dlk_tbl_00621,proc_ext_00206,dlk_ext_00355,dlk_ext_00376,dlk_ext_00265
proc_proceso_0955;4;gob_tbl_01890,gob_tbl_01565,proc_tbl_02206,dlk_tbl_00805;4;std_tbl_04333,gob_tbl_01534,dash_ext_00056,gob_ext_00500
dlk_proceso_0956;3;gob_tbl_04151,dlk_tbl_00050,dlk_tbl_00250;6;proc_tbl_00680,dlk_tbl_00432,gob_tbl_01247,dlk_ext_00597,gob_ext_00580,proc_ext_00437
proc_proceso_0957;5;dlk_tbl_02061,proc_tbl_00434,gob_tbl_00813,dlk_tbl_03143,gob_tbl_04044;8;gob_tbl_02338,gob_tbl_01440,m4vw_tbl_01010,proc_tbl_01935,proc_tbl_04410,dlk_ext_00284,gob_ext_00295,dlk_ext_00558
gob_proceso_0958;8;dlk_tbl_02440,gob_tbl_03126,proc_tbl_02952,dash_tbl_01841,dlk_tbl_04115,dlk_tbl_02118,dlk_tbl_03672,gob_tbl_03133;5;ppn_tbl_00195,proc_tbl_03918,dash_tbl_03347,proc_ext_00171,gob_ext_00658
gob_proceso_0959;3;ppn_tbl_01949,gob_tbl_02976,gob_tbl_02630;11;gob_tbl_02223,proc_tbl_01085,proc_tbl_00190,dlk_tbl_04465,proc_tbl_01152,dash_tbl_04453,std_ext_00359,dash_ext_00581,gob_ext_00642,dlk_ext_00569,ppn_ext_00534
proc_proceso_0960;5;gob_tbl_02102,dlk_tbl_01013,dash_tbl_02495,dlk_tbl_00044,std_tbl_01837;14;dlk_tbl_02848,gob_tbl_01378,dlk_tbl_00033,dlk_tbl_02350,proc_tbl_03836,std_tbl_01490,dlk_tbl_01773,gob_tbl_00732,dlk_ext_00487,m4vw_ext_00513,dash_ext_00638,dlk_ext_00542,dlk_ext_00655,dlk_ext_00014
gob_proceso_0961;2;gob_tbl_03408,dlk_tbl_02626;20;proc_tbl_04176,dlk_tbl_04465,dlk_tbl_02151,dlk_tbl_01556,dlk_tbl_03850,m4vw_tbl_02606,gob_tbl_02559,gob_tbl_01527,proc_tbl_02936,proc_tbl_03796,dlk_tbl_03380,dlk_tbl_02520,proc_ext_00447,gob_ext_00573,gob_ext_00651,gob_ext_00475,m4vw_ext_00161,dash_ext_00072,dlk_ext_00121,gob_ext_00150
dlk_proceso_0962;3;gob_tbl_02323,gob_tbl_03651,proc_tbl_02941;5;dash_tbl_01737,dash_tbl_02721,gob_tbl_00785,gob_ext_00366,gob_ext_00303
gob_proceso_0963;4;proc_tbl_01406,dlk_tbl_02547,proc_tbl_00748,ppn_tbl_04031;13;dlk_tbl_02274,gob_tbl_03430,gob_tbl_01799,gob_tbl_01431,dlk_tbl_01512,dlk_tbl_00199,gob_tbl_00635,dlk_ext_00061,dlk_ext_00081,dlk_ext_00076,dlk_ext_00098,proc_ext_00231,proc_ext_00272
dlk_proceso_0964;4;dlk_tbl_02641,dlk_tbl_00180,gob_tbl_03732,dlk_tbl_03565;7;m4vw_tbl_02108,gob_tbl_02856,gob_tbl_03025,gob_tbl_00016,gob_ext_00511,gob_ext_00226,dlk_ext_00059
dlk_proceso_0965;4;proc_tbl_01703,dlk_tbl_00593,dlk_tbl_00954,gob_tbl_01517;9;gob_tbl_00723,dlk_tbl_01745,gob_tbl_00252,dlk_tbl_04377,proc_tbl_02949,gob_ext_00252,dlk_ext_00076,dlk_ext_00369,gob_ext_00420
proc_proceso_0966;2;dlk_tbl_01189,dlk_tbl_01040;13;m4vw_tbl_02449,dlk_tbl_04406,gob_tbl_01456,dlk_tbl_02081,gob_tbl_00672,proc_tbl_03604,proc_tbl_02002,dlk_ext_00538,proc_ext_00601,gob_ext_00383,gob_ext_00257,proc_ext_00367,gob_ext_00177
dlk_proceso_0967;5;proc_tbl_01882,gob_tbl_01317,gob_tbl_04069,proc_tbl_01506,gob_tbl_03275;8;gob_tbl_00588,dlk_tbl_03130,gob_tbl_00756,dlk_tbl_03337,gob_tbl_01025,gob_ext_00303,proc_ext_00173,dlk_ext_00405
dash_proceso_0968;3;gob_tbl_02144,m4sco_tbl_02901,gob_tbl_02191;8;gob_tbl_01826,dlk_tbl_03379,gob_tbl_01164,dlk_tbl_01172,gob_tbl_00625,gob_ext_00269,gob_ext_00096,gob_ext_00570
dlk_proceso_0969;4;dlk_tbl_02419,gob_tbl_03511,proc_tbl_01039,dlk_tbl_02358;7;dlk_tbl_04263,std_tbl_01224,dlk_tbl_00674,dlk_tbl_02907,gob_ext_00573,gob_ext_00419,dlk_ext_00001
proc_proceso_0970;2;dlk_tbl_01140,dash_tbl_04384;6;dlk_tbl_01613,gob_tbl_02395,dlk_tbl_02600,dlk_ext_00560,std_ext_00338,dlk_ext_00036
dlk_proceso_0971;3;gob_tbl_03364,ppn_tbl_01688,dlk_tbl_04247;11;proc_tbl_02482,gob_tbl_02408,dlk_tbl_01147,dlk_tbl_01488,dlk_tbl_01195,dlk_tbl_03833,dlk_ext_00522,m4vw_ext_00101,gob_ext_00112,gob_ext_00554,gob_ext_00223
dlk_proceso_0972;7;dlk_tbl_00652,proc_tbl_02052,proc_tbl_02204,proc_tbl_02936,dlk_tbl_01133,dlk_tbl_03979,std_tbl_01577;9;dash_tbl_03447,m4vw_tbl_04017,gob_tbl_04327,dlk_tbl_02761,proc_tbl_00058,std_ext_00194,gob_ext_00346,gob_ext_00661,dash_ext_00002
gob_proceso_0973;5;dlk_tbl_02728,dash_tbl_02308,dash_tbl_02324,dlk_tbl_04457,gob_tbl_01787;8;dlk_tbl_03353,gob_tbl_00581,gob_tbl_02594,proc_tbl_04375,gob_tbl_02057,gob_ext_00042,gob_ext_00475,gob_ext_00524
dlk_proceso_0974;4;dash_tbl_00038,gob_tbl_00357,gob_tbl_02861,dlk_tbl_02986;6;gob_tbl_02878,gob_tbl_01946,dlk_tbl_04377,dlk_ext_00271,proc_ext_00437,dlk_ext_00361
dlk_proceso_0975;2;dlk_tbl_03003,std_tbl_01245;5;dlk_tbl_02513,gob_tbl_04306,gob_tbl_01284,gob_ext_00551,proc_ext_00458
dlk_proceso_0976;3;gob_tbl_02181,gob_tbl_03999,dlk_tbl_04420;14;m4sco_tbl_04233,proc_tbl_03931,dlk_tbl_01185,gob_tbl_00233,gob_tbl_01934,dlk_tbl_00508,gob_tbl_00595,dash_tbl_02495,gob_ext_00022,gob_ext_00677,gob_ext_00237,dash_ext_00325,proc_ext_00171,gob_ext_00497
gob_proceso_0977;5;dash_tbl_01447,proc_tbl_02657,dlk_tbl_04255,gob_tbl_01997,proc_tbl_03146;12;gob_tbl_02612,ppn_tbl_00879,proc_tbl_02421,proc_tbl_04354,dlk_tbl_02889,proc_tbl_01775,gob_tbl_01919,dlk_ext_00193,proc_ext_00039,dash_ext_00258,dlk_ext_00619,gob_ext_00420
dlk_proceso_0978;6;dash_tbl_00693,proc_tbl_04170,gob_tbl_02471,gob_tbl_03096,dlk_tbl_04395,dlk_tbl_02230;13;dlk_tbl_02698,dlk_tbl_03198,proc_tbl_01857,gob_tbl_04285,dlk_tbl_02849,dlk_tbl_00068,dash_tbl_03814,dash_ext_00581,dash_ext_00258,std_ext_00165,gob_ext_00464,gob_ext_00570,gob_ext_00475
dlk_proceso_0979;4;gob_tbl_03993,dlk_tbl_03466,dlk_tbl_00751,gob_tbl_02593;7;dlk_tbl_04465,std_tbl_00348,dlk_tbl_03502,proc_tbl_03918,proc_ext_00272,proc_ext_00340,dlk_ext_00217
gob_proceso_0980;4;gob_tbl_03846,dlk_tbl_03599,dlk_tbl_04178,gob_tbl_02925;11;m4sco_tbl_03977,gob_tbl_02610,proc_tbl_03348,dlk_tbl_01023,gob_tbl_03511,dash_tbl_04442,gob_ext_00373,gob_ext_00150,gob_ext_00576,dlk_ext_00045,proc_ext_00340
dlk_proceso_0981;2;dlk_tbl_01007,dlk_tbl_00910;7;dlk_tbl_03436,gob_tbl_03971,m4vw_tbl_02480,dlk_tbl_01417,gob_ext_00475,gob_ext_00149,dlk_ext_00530
dlk_proceso_0982;5;proc_tbl_01772,dlk_tbl_03657,dlk_tbl_02724,dlk_tbl_02764,proc_tbl_02421;4;dlk_tbl_03565,dlk_tbl_02380,std_ext_00622,gob_ext_00149
dash_proceso_0983;7;dlk_tbl_01729,gob_tbl_02351,gob_tbl_02393,dlk_tbl_03574,dlk_tbl_04435,gob_tbl_03023,std_tbl_01349;9;dlk_tbl_02621,dlk_tbl_00737,m4vw_tbl_00639,dlk_tbl_00158,dlk_tbl_03246,std_ext_00338,dlk_ext_00230,gob_ext_00466,dlk_ext_00008
dlk_proceso_0984;6;gob_tbl_00351,gob_tbl_04261,gob_tbl_02303,proc_tbl_04008,proc_tbl_03836,dlk_tbl_02224;9;proc_tbl_01750,gob_tbl_01919,dlk_tbl_01948,dash_tbl_00172,proc_tbl_03349,std_ext_00350,gob_ext_00410,ppn_ext_00401,gob_ext_00593
dash_proceso_0985;3;dash_tbl_03284,gob_tbl_01346,m4vw_tbl_04455;14;proc_tbl_01152,dash_tbl_00246,dlk_tbl_01876,proc_tbl_00844,proc_tbl_03853,dlk_tbl_01970,proc_tbl_01342,dlk_tbl_00077,gob_ext_00672,proc_ext_00287,dlk_ext_00070,dlk_ext_00061,gob_ext_00196,gob_ext_00252
proc_proceso_0986;5;proc_tbl_04174,gob_tbl_01338,gob_tbl_04141,gob_tbl_00532,gob_tbl_00215;11;dlk_tbl_01619,gob_tbl_03147,dlk_tbl_00898,dlk_tbl_02780,gob_tbl_00833,proc_tbl_03039,dash_ext_00397,ppn_ext_00585,dlk_ext_00271,dlk_ext_00081,proc_ext_00370
dlk_proceso_0987;2;proc_tbl_00101,proc_tbl_04305;12;proc_tbl_00741,dlk_tbl_01908,dlk_tbl_00478,dlk_tbl_00840,std_tbl_01794,dlk_tbl_02313,proc_tbl_04293,gob_ext_00219,gob_ext_00339,proc_ext_00432,dlk_ext_00519,dlk_ext_00634
dlk_proceso_0988;2;dlk_tbl_00362,m4sco_tbl_02009;9;proc_tbl_01480,proc_tbl_00524,dlk_tbl_00746,gob_tbl_00782,dlk_tbl_02849,gob_ext_00366,gob_ext_00192,dlk_ext_00361,gob_ext_00320
dlk_proceso_0989;4;dlk_tbl_03321,gob_tbl_03111,gob_tbl_04084,dlk_tbl_04212;12;proc_tbl_03946,dlk_tbl_00761,std_tbl_00978,dlk_tbl_03927,gob_tbl_02426,gob_tbl_01389,proc_tbl_00644,proc_ext_00308,std_ext_00338,proc_ext_00176,dlk_ext_00251,dlk_ext_00116
gob_proceso_0990;6;dlk_tbl_01711,dlk_tbl_03803,dlk_tbl_03975,dlk_tbl_01736,dlk_tbl_03078,dash_tbl_03441;15;ppn_tbl_00611,gob_tbl_01044,gob_tbl_04415,proc_tbl_02300,proc_tbl_01323,gob_tbl_01453,gob_tbl_00148,gob_tbl_03330,dlk_tbl_03851,dash_ext_00461,dlk_ext_00431,proc_ext_00437,dlk_ext_00008,dlk_ext_00193,gob_ext_00673
dash_proceso_0991;6;proc_tbl_04112,dlk_tbl_01279,gob_tbl_03058,dlk_tbl_01986,proc_tbl_01347,dash_tbl_00730;6;dlk_tbl_03938,proc_tbl_01454,std_tbl_01224,dlk_ext_00670,gob_ext_00639,dlk_ext_00175
proc_proceso_0992;5;gob_tbl_00632,gob_tbl_02869,gob_tbl_02603,dlk_tbl_04224,proc_tbl_01758;8;dlk_tbl_01593,dlk_tbl_02605,dlk_tbl_01926,dlk_tbl_02392,gob_tbl_04042,dlk_ext_00210,gob_ext_00500,dlk_ext_00354
dlk_proceso_0993;4;gob_tbl_01420,dlk_tbl_00159,dlk_tbl_01495,dlk_tbl_00697;7;proc_tbl_01347,dlk_tbl_02846,dlk_tbl_03290,gob_tbl_03652,dlk_ext_00526,m4vw_ext_00643,ppn_ext_00585
proc_proceso_0994;7;gob_tbl_00042,dlk_tbl_03671,proc_tbl_02014,std_tbl_01245,proc_tbl_00123,dlk_tbl_03727,gob_tbl_00182;6;gob_tbl_03332,gob_tbl_00630,dlk_tbl_02263,proc_ext_00446,gob_ext_00263,gob_ext_00524
dlk_proceso_0995;8;gob_tbl_01479,proc_tbl_01578,std_tbl_02549,dash_tbl_02053,dlk_tbl_01450,dlk_tbl_01293,dlk_tbl_02129,gob_tbl_04197;19;gob_tbl_01881,ppn_tbl_03052,dlk_tbl_03760,proc_tbl_04402,gob_tbl_04261,dlk_tbl_03003,proc_tbl_02252,dlk_tbl_02682,gob_tbl_00729,proc_tbl_03836,dlk_tbl_01542,dash_ext_00625,gob_ext_00112,gob_ext_00269,dlk_ext_00076,dlk_ext_00345,gob_ext_00215,gob_ext_00435,proc_ext_00173
gob_proceso_0996;3;proc_tbl_01055,dlk_tbl_02654,dlk_tbl_04465;9;dlk_tbl_01802,gob_tbl_00299,std_tbl_00548,gob_tbl_04390,proc_tbl_00542,proc_ext_00009,gob_ext_00088,gob_ext_00576,proc_ext_00436
dlk_proceso_0997;3;dlk_tbl_04143,proc_tbl_01028,gob_tbl_01651;12;gob_tbl_02281,gob_tbl_00374,dash_tbl_01518,gob_tbl_01919,proc_tbl_02429,gob_tbl_01016,std_tbl_02179,std_ext_00359,dlk_ext_00086,gob_ext_00607,dlk_ext_00092,dlk_ext_00083
gob_proceso_0998;3;gob_tbl_01521,dlk_tbl_02998,dash_tbl_03609;7;dash_tbl_03759,proc_tbl_01355,gob_tbl_00669,proc_tbl_04089,gob_ext_00375,dlk_ext_00494,dash_ext_00493
dlk_proceso_0999;2;gob_tbl_03129,gob_tbl_00845;5;std_tbl_02562,gob_tbl_02124,gob_tbl_00209,dlk_ext_00284,gob_ext_00241
