DAG;NumTablasAlimenta;TablasAlimenta;NumTablasAlimentan;TablasAlimentan
proc_proceso_0000;4;dash_tbl_03614,gob_tbl_02208,dlk_tbl_02416,std_tbl_02841;8;gob_tbl_01192,gob_tbl_02495,dlk_tbl_00344,dlk_tbl_02019,gob_tbl_04408,gob_ext_00369,dlk_ext_00339,dlk_ext_00222
dlk_proceso_0001;5;proc_tbl_03661,gob_tbl_00574,gob_tbl_00107,gob_tbl_04172,dlk_tbl_02104;4;dlk_tbl_02869,gob_tbl_00109,m4sco_ext_00679,dlk_ext_00098
gob_proceso_0002;5;dlk_tbl_00119,dash_tbl_01740,dlk_tbl_03778,gob_tbl_02144,dlk_tbl_02119;16;gob_tbl_01192,gob_tbl_04189,dash_tbl_00329,dlk_tbl_03198,gob_tbl_02771,dlk_tbl_03343,dlk_tbl_01078,proc_tbl_04275,gob_tbl_03566,gob_ext_00325,proc_ext_00392,gob_ext_00032,gob_ext_00591,dash_ext_00433,dlk_ext_00461,dlk_ext_00705
dlk_proceso_0003;5;gob_tbl_01994,gob_tbl_01227,proc_tbl_01401,dlk_tbl_01020,dlk_tbl_02241;12;dlk_tbl_01079,dlk_tbl_00490,dlk_tbl_04114,gob_tbl_00887,gob_tbl_04193,gob_tbl_01736,gob_tbl_03432,dlk_ext_00691,proc_ext_00336,gob_ext_00325,gob_ext_00401,std_ext_00560
dlk_proceso_0004;3;gob_tbl_02072,dlk_tbl_02359,proc_tbl_00414;7;dlk_tbl_02627,dlk_tbl_00302,dlk_tbl_00712,gob_tbl_01565,dash_ext_00046,gob_ext_00607,gob_ext_00574
gob_proceso_0005;3;gob_tbl_03026,gob_tbl_01086,dlk_tbl_00393;6;dlk_tbl_00471,proc_tbl_01854,dash_tbl_00729,dlk_ext_00517,ppn_ext_00073,dlk_ext_00494
gob_proceso_0006;4;proc_tbl_00421,dlk_tbl_02854,proc_tbl_03437,gob_tbl_01689;10;dash_tbl_02805,gob_tbl_04005,dlk_tbl_04206,gob_tbl_03856,gob_tbl_00295,gob_tbl_02607,gob_ext_00037,dlk_ext_00201,dlk_ext_00444,ppn_ext_00143
dlk_proceso_0007;5;gob_tbl_03894,proc_tbl_01866,dlk_tbl_00174,dlk_tbl_04215,dlk_tbl_02583;10;dash_tbl_04166,gob_tbl_04343,dlk_tbl_01661,dlk_tbl_02180,dash_tbl_00522,dlk_tbl_04467,gob_ext_00557,m4vw_ext_00108,proc_ext_00459,gob_ext_00408
gob_proceso_0008;8;proc_tbl_00155,dlk_tbl_03837,gob_tbl_00760,dlk_tbl_02627,std_tbl_01414,gob_tbl_02037,dlk_tbl_03080,dlk_tbl_03382;23;gob_tbl_00574,dlk_tbl_03676,dash_tbl_03646,gob_tbl_03163,dash_tbl_02870,dlk_tbl_04207,gob_tbl_01700,dlk_tbl_03540,dash_tbl_02537,dlk_tbl_04241,dlk_tbl_00739,dlk_tbl_03805,dlk_tbl_00461,dlk_ext_00005,gob_ext_00052,dlk_ext_00516,proc_ext_00197,gob_ext_00174,gob_ext_00094,m4vw_ext_00249,dlk_ext_00711,proc_ext_00383,dlk_ext_00293
gob_proceso_0009;5;gob_tbl_01286,gob_tbl_01106,proc_tbl_02399,dlk_tbl_01226,dash_tbl_01940;12;gob_tbl_01126,proc_tbl_01564,dlk_tbl_03284,dash_tbl_01997,dash_tbl_02066,proc_tbl_01348,gob_tbl_03115,gob_ext_00486,gob_ext_00616,gob_ext_00578,dlk_ext_00475,dash_ext_00091
dlk_proceso_0010;3;dash_tbl_00378,proc_tbl_00301,std_tbl_00180;13;gob_tbl_00166,gob_tbl_02144,gob_tbl_00382,dlk_tbl_02028,gob_tbl_00227,proc_tbl_01726,proc_tbl_03785,gob_ext_00424,proc_ext_00181,gob_ext_00106,gob_ext_00318,gob_ext_00116,gob_ext_00187
dlk_proceso_0011;5;m4vw_tbl_01247,gob_tbl_01528,std_tbl_00912,dlk_tbl_00359,proc_tbl_02358;9;dlk_tbl_00662,proc_tbl_03669,dlk_tbl_04467,dlk_tbl_02777,gob_tbl_02139,dlk_ext_00580,dlk_ext_00186,dlk_ext_00119,gob_ext_00417
dash_proceso_0012;6;dlk_tbl_01449,gob_tbl_00884,gob_tbl_03752,gob_tbl_00120,dlk_tbl_01863,dlk_tbl_01403;10;proc_tbl_04175,m4vw_tbl_04108,dlk_tbl_00578,proc_tbl_02033,dash_tbl_00329,dlk_tbl_04064,dash_ext_00490,proc_ext_00232,gob_ext_00001,dlk_ext_00101
dlk_proceso_0013;4;gob_tbl_01636,gob_tbl_03850,dlk_tbl_00069,dash_tbl_00522;4;gob_tbl_00075,dlk_tbl_04032,proc_ext_00536,gob_ext_00591
dash_proceso_0014;4;dlk_tbl_03278,dlk_tbl_02860,gob_tbl_01304,dlk_tbl_02261;7;gob_tbl_03059,std_tbl_03740,gob_tbl_01976,dlk_tbl_02799,gob_ext_00316,proc_ext_00413,dlk_ext_00668
proc_proceso_0015;6;proc_tbl_02734,dash_tbl_00412,dlk_tbl_00571,gob_tbl_01523,dlk_tbl_00456,dlk_tbl_02850;13;proc_tbl_00881,dlk_tbl_02993,proc_tbl_00983,dlk_tbl_03056,gob_tbl_02693,dlk_tbl_01224,gob_tbl_03544,gob_ext_00212,gob_ext_00530,dash_ext_00036,dlk_ext_00561,proc_ext_00085,gob_ext_00625
dash_proceso_0016;2;dash_tbl_02229,gob_tbl_03756;10;proc_tbl_02819,dlk_tbl_01325,dlk_tbl_00149,m4vw_tbl_00790,gob_tbl_03362,gob_tbl_01273,proc_ext_00181,proc_ext_00406,dlk_ext_00015,dlk_ext_00493
gob_proceso_0017;4;dlk_tbl_03490,gob_tbl_01663,m4vw_tbl_03560,dash_tbl_00125;3;dlk_tbl_03233,dlk_tbl_00612,dlk_ext_00388
dlk_proceso_0018;5;gob_tbl_01485,dlk_tbl_00987,dlk_tbl_01146,m4sco_tbl_03491,gob_tbl_02755;15;gob_tbl_01434,gob_tbl_03426,dash_tbl_01898,proc_tbl_01550,std_tbl_00177,gob_tbl_03596,proc_tbl_03385,dlk_tbl_01224,gob_tbl_01301,gob_ext_00037,dlk_ext_00444,dash_ext_00549,proc_ext_00243,gob_ext_00633,dlk_ext_00485
dlk_proceso_0019;6;proc_tbl_04322,dlk_tbl_03472,dlk_tbl_04410,gob_tbl_00789,dlk_tbl_02093,dash_tbl_02959;10;proc_tbl_03641,gob_tbl_02443,proc_tbl_03104,dlk_tbl_02440,proc_tbl_00446,proc_tbl_04427,dlk_ext_00342,proc_ext_00054,dlk_ext_00111,dlk_ext_00395
dlk_proceso_0020;6;gob_tbl_00967,dlk_tbl_01894,dlk_tbl_01922,dash_tbl_01063,proc_tbl_01225,proc_tbl_01860;10;dlk_tbl_02718,gob_tbl_00079,dlk_tbl_01190,dlk_tbl_03316,gob_tbl_02756,proc_tbl_00725,gob_ext_00630,dlk_ext_00259,proc_ext_00639,dlk_ext_00024
dlk_proceso_0021;4;gob_tbl_01332,gob_tbl_03651,dlk_tbl_03505,proc_tbl_04175;11;proc_tbl_00833,proc_tbl_00529,m4sco_tbl_03491,dlk_tbl_02571,gob_tbl_03782,dlk_tbl_03374,proc_ext_00416,gob_ext_00052,dlk_ext_00703,dlk_ext_00235,gob_ext_00318
gob_proceso_0022;5;gob_tbl_02540,dlk_tbl_00920,gob_tbl_00548,gob_tbl_03167,dlk_tbl_04460;16;gob_tbl_02224,proc_tbl_00042,gob_tbl_00005,gob_tbl_03159,dlk_tbl_00662,proc_tbl_00186,proc_tbl_03203,gob_tbl_00670,m4sco_tbl_03491,gob_ext_00244,dlk_ext_00192,ppn_ext_00629,gob_ext_00238,proc_ext_00189,dash_ext_00567,gob_ext_00252
gob_proceso_0023;2;dash_tbl_01830,gob_tbl_02871;10;proc_tbl_02390,dlk_tbl_00290,gob_tbl_03464,dash_tbl_00148,proc_tbl_00170,dlk_tbl_03663,dlk_ext_00227,gob_ext_00327,gob_ext_00161,dlk_ext_00351
dlk_proceso_0024;4;gob_tbl_02172,gob_tbl_00598,m4vw_tbl_01412,gob_tbl_03515;9;gob_tbl_02693,gob_tbl_02747,proc_tbl_00960,dlk_tbl_00126,dlk_tbl_00401,dlk_ext_00051,gob_ext_00316,proc_ext_00177,dlk_ext_00066
dlk_proceso_0025;7;dash_tbl_02207,dlk_tbl_01786,std_tbl_00271,dlk_tbl_01418,dlk_tbl_04336,dlk_tbl_00515,dlk_tbl_00682;9;gob_tbl_00681,dash_tbl_00458,dlk_tbl_00979,dlk_tbl_00562,dlk_tbl_00674,proc_ext_00297,dlk_ext_00192,proc_ext_00389,dash_ext_00060
gob_proceso_0026;6;gob_tbl_04106,dlk_tbl_00317,gob_tbl_02011,dlk_tbl_00816,dlk_tbl_02212,gob_tbl_03652;11;proc_tbl_01258,dlk_tbl_04443,dlk_tbl_00165,std_tbl_03113,dlk_tbl_02334,proc_tbl_04262,gob_ext_00229,proc_ext_00083,dlk_ext_00006,dlk_ext_00377,gob_ext_00044
gob_proceso_0027;5;dlk_tbl_02782,std_tbl_02643,gob_tbl_01924,dlk_tbl_03763,gob_tbl_01511;10;proc_tbl_04262,gob_tbl_00720,dlk_tbl_04231,gob_tbl_00899,gob_tbl_01561,proc_tbl_00785,dlk_ext_00609,gob_ext_00557,dlk_ext_00239,dlk_ext_00141
dlk_proceso_0028;5;dlk_tbl_00998,dlk_tbl_03675,dlk_tbl_01586,gob_tbl_02603,gob_tbl_00275;12;gob_tbl_03115,proc_tbl_03123,proc_tbl_00519,dlk_tbl_02624,dlk_tbl_00409,gob_tbl_00384,dlk_tbl_00580,dlk_ext_00448,dlk_ext_00444,gob_ext_00287,gob_ext_00591,proc_ext_00406
proc_proceso_0029;3;gob_tbl_02198,gob_tbl_01901,proc_tbl_03767;6;gob_tbl_01324,dlk_tbl_03248,dlk_tbl_00675,gob_ext_00672,gob_ext_00468,dash_ext_00025
gob_proceso_0030;3;gob_tbl_00360,gob_tbl_02131,dlk_tbl_00466;12;gob_tbl_03426,dlk_tbl_03136,gob_tbl_02701,dlk_tbl_02380,dlk_tbl_02050,m4vw_tbl_04244,proc_tbl_00569,dlk_ext_00434,dlk_ext_00713,gob_ext_00316,proc_ext_00459,dlk_ext_00466
dlk_proceso_0031;6;dlk_tbl_02611,gob_tbl_02322,proc_tbl_00293,dlk_tbl_00201,gob_tbl_02120,dlk_tbl_00152;13;dlk_tbl_02067,dlk_tbl_00096,dlk_tbl_03229,dlk_tbl_03531,dlk_tbl_03923,dash_tbl_02821,dlk_tbl_00515,gob_ext_00338,dlk_ext_00479,dlk_ext_00361,proc_ext_00392,proc_ext_00690,gob_ext_00185
dlk_proceso_0032;2;gob_tbl_00649,gob_tbl_00173;12;dash_tbl_03749,proc_tbl_02837,dlk_tbl_03513,dash_tbl_00523,dlk_tbl_03697,gob_tbl_02815,proc_tbl_01444,gob_ext_00585,proc_ext_00328,proc_ext_00413,dlk_ext_00603,std_ext_00560
dlk_proceso_0033;2;dlk_tbl_02121,proc_tbl_00217;10;proc_tbl_01425,dlk_tbl_04304,proc_tbl_04029,dlk_tbl_03374,dlk_tbl_02280,proc_tbl_02410,dash_ext_00282,gob_ext_00184,proc_ext_00657,dlk_ext_00565
dlk_proceso_0034;3;dash_tbl_01402,proc_tbl_01123,dlk_tbl_03233;9;dlk_tbl_00996,proc_tbl_03053,proc_tbl_03366,dlk_tbl_00459,std_tbl_04089,gob_ext_00365,gob_ext_00318,gob_ext_00179,gob_ext_00008
proc_proceso_0035;8;gob_tbl_00417,dlk_tbl_02016,dlk_tbl_04414,gob_tbl_02669,dlk_tbl_02839,dlk_tbl_03373,gob_tbl_00836,proc_tbl_01815;9;gob_tbl_03963,gob_tbl_00583,gob_tbl_04222,dlk_tbl_01557,proc_tbl_02424,dlk_ext_00022,gob_ext_00116,dlk_ext_00496,gob_ext_00014
proc_proceso_0036;3;dlk_tbl_04330,dlk_tbl_02180,gob_tbl_00267;12;dlk_tbl_02106,m4sco_tbl_02043,dlk_tbl_01946,proc_tbl_01444,gob_tbl_02265,proc_tbl_01419,dlk_tbl_03136,m4sco_ext_00679,dlk_ext_00051,gob_ext_00678,gob_ext_00442,dlk_ext_00028
dlk_proceso_0037;3;dlk_tbl_04471,dash_tbl_03268,dlk_tbl_02050;6;gob_tbl_04309,dlk_tbl_00604,dlk_tbl_03865,gob_ext_00112,dlk_ext_00386,dlk_ext_00407
gob_proceso_0038;4;ppn_tbl_01182,dlk_tbl_01177,dlk_tbl_00454,gob_tbl_01295;6;dlk_tbl_02979,dlk_tbl_03696,dlk_tbl_03561,m4vw_ext_00249,proc_ext_00674,gob_ext_00400
dlk_proceso_0039;4;std_tbl_04239,dlk_tbl_01458,gob_tbl_02065,std_tbl_00253;12;proc_tbl_03900,std_tbl_02468,dash_tbl_02676,std_tbl_04171,gob_tbl_01322,dlk_tbl_03099,proc_tbl_01121,proc_ext_00639,dlk_ext_00584,proc_ext_00643,proc_ext_00336,gob_ext_00500
proc_proceso_0040;2;gob_tbl_03073,dlk_tbl_00609;12;dash_tbl_03851,proc_tbl_03294,proc_tbl_02551,gob_tbl_00282,dlk_tbl_00503,dlk_tbl_04300,dlk_tbl_00510,gob_ext_00410,gob_ext_00625,gob_ext_00161,gob_ext_00574,dlk_ext_00448
gob_proceso_0041;8;dash_tbl_02006,dlk_tbl_00782,dash_tbl_01982,std_tbl_01584,gob_tbl_02031,dlk_tbl_01385,gob_tbl_00334,gob_tbl_00398;23;dlk_tbl_02930,gob_tbl_01270,dlk_tbl_04231,dash_tbl_03269,dlk_tbl_03382,dlk_tbl_03786,gob_tbl_01128,dlk_tbl_01933,gob_tbl_01374,proc_tbl_02677,dlk_tbl_02064,dlk_tbl_02680,dlk_tbl_01363,gob_ext_00440,proc_ext_00077,proc_ext_00413,std_ext_00188,dlk_ext_00603,ppn_ext_00360,dlk_ext_00411,gob_ext_00362,proc_ext_00643,gob_ext_00408
gob_proceso_0042;6;gob_tbl_02153,dash_tbl_03579,proc_tbl_03142,ppn_tbl_01255,gob_tbl_02098,proc_tbl_01804;15;dlk_tbl_03914,proc_tbl_02366,gob_tbl_01543,dlk_tbl_01256,dlk_tbl_03809,std_tbl_01370,std_tbl_04348,dlk_tbl_04231,dash_tbl_03611,proc_ext_00566,m4vw_ext_00450,dlk_ext_00434,gob_ext_00694,proc_ext_00062,gob_ext_00615
proc_proceso_0043;3;dlk_tbl_02092,gob_tbl_02527,dlk_tbl_01282;14;proc_tbl_02532,dlk_tbl_03909,gob_tbl_02934,gob_tbl_03782,dlk_tbl_02891,dlk_tbl_01404,dlk_tbl_01941,dlk_tbl_02759,proc_ext_00429,gob_ext_00498,dlk_ext_00388,gob_ext_00038,dlk_ext_00386,dlk_ext_00277
gob_proceso_0044;6;gob_tbl_02000,dlk_tbl_02201,gob_tbl_02858,proc_tbl_01454,gob_tbl_02516,gob_tbl_03393;15;proc_tbl_02366,dlk_tbl_01253,proc_tbl_00526,proc_tbl_01510,gob_tbl_03511,dlk_tbl_04156,gob_tbl_02751,gob_tbl_04359,dlk_tbl_00911,gob_ext_00586,dlk_ext_00225,proc_ext_00150,dlk_ext_00068,proc_ext_00404,dlk_ext_00274
proc_proceso_0045;6;dlk_tbl_01943,gob_tbl_00362,proc_tbl_01564,gob_tbl_03927,dlk_tbl_02292,gob_tbl_01604;4;std_tbl_00945,gob_tbl_02079,dlk_ext_00308,proc_ext_00383
dlk_proceso_0046;4;dlk_tbl_04091,dlk_tbl_03814,dlk_tbl_01512,dlk_tbl_02728;6;gob_tbl_03784,gob_tbl_02898,dlk_tbl_00096,proc_ext_00021,proc_ext_00427,dlk_ext_00529
dlk_proceso_0047;2;proc_tbl_01518,m4vw_tbl_01067;12;dlk_tbl_03732,gob_tbl_01374,dlk_tbl_01624,m4sco_tbl_02776,m4sco_tbl_03166,gob_tbl_01171,dlk_tbl_03198,proc_ext_00077,dlk_ext_00461,m4vw_ext_00670,proc_ext_00157,proc_ext_00659
gob_proceso_0048;5;dash_tbl_03269,dlk_tbl_02828,gob_tbl_01612,proc_tbl_03518,std_tbl_04116;14;gob_tbl_03370,proc_tbl_02295,dlk_tbl_03256,dlk_tbl_01617,proc_tbl_03900,dash_tbl_01198,gob_tbl_03227,gob_tbl_01299,gob_ext_00162,dlk_ext_00147,proc_ext_00137,dash_ext_00533,dlk_ext_00374,dlk_ext_00228
dlk_proceso_0049;4;gob_tbl_03829,dash_tbl_00944,gob_tbl_01545,gob_tbl_02788;7;proc_tbl_02231,proc_tbl_04457,dlk_tbl_03191,dlk_tbl_03542,dlk_ext_00235,dash_ext_00046,gob_ext_00079
proc_proceso_0050;8;gob_tbl_03187,gob_tbl_03509,dlk_tbl_02885,gob_tbl_03059,dlk_tbl_04064,dlk_tbl_01468,dlk_tbl_01792,dlk_tbl_02484;9;dlk_tbl_00695,dlk_tbl_00913,dlk_tbl_00206,dlk_tbl_02891,gob_tbl_02269,dlk_ext_00445,gob_ext_00224,ppn_ext_00489,dash_ext_00513
dlk_proceso_0051;3;dlk_tbl_04365,dlk_tbl_02387,gob_tbl_04093;14;gob_tbl_02394,proc_tbl_02648,gob_tbl_00812,dash_tbl_01962,dlk_tbl_01432,proc_tbl_01519,gob_tbl_03094,dash_tbl_02942,dlk_ext_00305,dlk_ext_00068,dlk_ext_00178,gob_ext_00563,proc_ext_00242,dlk_ext_00276
dlk_proceso_0052;5;dlk_tbl_03860,proc_tbl_01094,m4sco_tbl_02637,dlk_tbl_02931,dlk_tbl_02691;9;dash_tbl_02312,dlk_tbl_03874,gob_tbl_03211,gob_tbl_04338,gob_tbl_03292,dlk_ext_00288,gob_ext_00100,gob_ext_00704,dlk_ext_00293
proc_proceso_0053;3;gob_tbl_01188,dash_tbl_02699,dlk_tbl_02415;9;proc_tbl_00809,gob_tbl_02154,dlk_tbl_01091,gob_tbl_01057,dlk_tbl_02046,gob_ext_00498,dlk_ext_00700,gob_ext_00058,gob_ext_00008
gob_proceso_0054;4;dlk_tbl_03232,dash_tbl_00577,gob_tbl_00607,gob_tbl_01193;12;gob_tbl_02735,gob_tbl_02923,proc_tbl_03591,dlk_tbl_03877,proc_tbl_02922,dlk_tbl_02359,dlk_tbl_02732,gob_ext_00056,proc_ext_00376,gob_ext_00486,dlk_ext_00356,gob_ext_00532
gob_proceso_0055;4;proc_tbl_04004,gob_tbl_00719,dlk_tbl_01960,std_tbl_00802;9;dlk_tbl_01863,dlk_tbl_01809,gob_tbl_02788,gob_tbl_01346,gob_tbl_01876,gob_ext_00149,dlk_ext_00022,gob_ext_00019,proc_ext_00508
dlk_proceso_0056;5;dlk_tbl_00151,gob_tbl_00934,dlk_tbl_02005,dlk_tbl_00777,proc_tbl_04038;10;gob_tbl_03464,gob_tbl_02904,dlk_tbl_00913,gob_tbl_03030,proc_tbl_03870,gob_tbl_04475,gob_ext_00241,dlk_ext_00453,gob_ext_00350,gob_ext_00663
dlk_proceso_0057;3;dlk_tbl_03657,gob_tbl_01041,m4vw_tbl_00790;12;std_tbl_00894,gob_tbl_04271,dlk_tbl_04206,dlk_tbl_03853,dlk_tbl_02515,dlk_tbl_04264,dash_tbl_04165,gob_ext_00607,dlk_ext_00195,dlk_ext_00078,proc_ext_00290,gob_ext_00612
dlk_proceso_0058;3;proc_tbl_01747,m4vw_tbl_04052,dlk_tbl_02176;13;dlk_tbl_02759,gob_tbl_01180,std_tbl_04125,proc_tbl_01662,proc_tbl_00176,proc_tbl_00566,gob_tbl_04270,dash_ext_00152,proc_ext_00150,gob_ext_00130,dlk_ext_00098,proc_ext_00518,dlk_ext_00681
gob_proceso_0059;6;gob_tbl_03181,gob_tbl_02775,dlk_tbl_04442,dlk_tbl_00106,dlk_tbl_00113,dlk_tbl_00036;6;dlk_tbl_03951,std_tbl_02346,dlk_tbl_03872,dash_ext_00046,dlk_ext_00499,gob_ext_00510
dash_proceso_0060;6;gob_tbl_01074,dlk_tbl_02472,gob_tbl_00284,dlk_tbl_03786,proc_tbl_03006,m4vw_tbl_03708;15;gob_tbl_02040,gob_tbl_01227,gob_tbl_02788,gob_tbl_03626,ppn_tbl_04230,dash_tbl_03749,gob_tbl_01303,dlk_tbl_01302,dlk_tbl_00823,dlk_ext_00471,gob_ext_00318,gob_ext_00706,gob_ext_00321,dlk_ext_00195,proc_ext_00427
gob_proceso_0061;6;proc_tbl_00718,dlk_tbl_02189,dlk_tbl_04332,dlk_tbl_01933,proc_tbl_03053,dlk_tbl_00373;9;gob_tbl_00538,dlk_tbl_04443,proc_tbl_01388,proc_tbl_03178,dash_tbl_03851,dash_ext_00549,gob_ext_00334,dlk_ext_00308,dlk_ext_00453
dlk_proceso_0062;4;dlk_tbl_01065,proc_tbl_02318,proc_tbl_03988,gob_tbl_02299;6;dlk_tbl_03145,dlk_tbl_02728,gob_tbl_01179,gob_ext_00688,proc_ext_00443,proc_ext_00392
proc_proceso_0063;7;proc_tbl_03032,gob_tbl_03880,proc_tbl_01251,dash_tbl_03309,dash_tbl_04455,std_tbl_02393,dlk_tbl_04236;11;dlk_tbl_00156,gob_tbl_01469,dash_tbl_04068,gob_tbl_03536,gob_tbl_00266,gob_tbl_01167,dlk_ext_00580,dlk_ext_00015,gob_ext_00149,gob_ext_00379,gob_ext_00273
proc_proceso_0064;6;gob_tbl_03115,dlk_tbl_00536,dlk_tbl_02451,gob_tbl_01744,proc_tbl_03825,dlk_tbl_03941;15;dlk_tbl_00312,proc_tbl_04427,gob_tbl_00641,dlk_tbl_03137,dlk_tbl_00393,gob_tbl_03692,proc_tbl_03116,proc_tbl_00171,gob_tbl_02992,m4vw_ext_00670,dlk_ext_00465,m4vw_ext_00289,proc_ext_00183,gob_ext_00151,dlk_ext_00713
dash_proceso_0065;5;dlk_tbl_01503,proc_tbl_03217,dlk_tbl_04042,gob_tbl_00209,dlk_tbl_03807;4;dlk_tbl_00056,gob_tbl_01736,gob_ext_00156,dlk_ext_00711
gob_proceso_0066;5;dlk_tbl_01916,std_tbl_03902,dlk_tbl_01549,dlk_tbl_04139,dlk_tbl_02622;4;gob_tbl_00297,gob_tbl_01865,gob_ext_00252,ppn_ext_00487
dash_proceso_0067;3;proc_tbl_03054,gob_tbl_03903,dlk_tbl_02578;13;dlk_tbl_01190,gob_tbl_00115,proc_tbl_00744,gob_tbl_00574,dlk_tbl_01475,proc_tbl_00960,dlk_tbl_04480,dash_ext_00593,gob_ext_00400,dlk_ext_00627,dlk_ext_00119,dlk_ext_00359,dlk_ext_00293
gob_proceso_0068;3;gob_tbl_04153,dlk_tbl_04206,gob_tbl_02139;9;proc_tbl_01519,dlk_tbl_02854,proc_tbl_03023,dlk_tbl_01416,dlk_tbl_02627,dlk_ext_00133,gob_ext_00224,dash_ext_00646,dlk_ext_00342
dlk_proceso_0069;3;gob_tbl_02025,dlk_tbl_02932,proc_tbl_03107;6;dlk_tbl_02565,gob_tbl_00545,dlk_tbl_04051,dlk_ext_00482,proc_ext_00118,gob_ext_00630
gob_proceso_0070;6;dlk_tbl_01254,dlk_tbl_04311,std_tbl_02053,dlk_tbl_00208,gob_tbl_01665,dlk_tbl_00830;10;proc_tbl_02003,proc_tbl_00650,proc_tbl_03849,proc_tbl_02710,gob_tbl_03067,m4sco_tbl_02374,gob_ext_00011,dlk_ext_00473,proc_ext_00693,dash_ext_00309
proc_proceso_0071;8;gob_tbl_02012,proc_tbl_02531,dash_tbl_02581,proc_tbl_03621,proc_tbl_01143,proc_tbl_01158,m4vw_tbl_00565,gob_tbl_00988;6;dlk_tbl_04330,dlk_tbl_01606,gob_tbl_01567,proc_ext_00107,proc_ext_00183,gob_ext_00678
proc_proceso_0072;4;gob_tbl_00298,m4sco_tbl_02776,gob_tbl_03718,dlk_tbl_02494;7;gob_tbl_02460,dlk_tbl_02839,proc_tbl_01762,gob_tbl_03342,gob_ext_00161,gob_ext_00625,dlk_ext_00436
dlk_proceso_0073;2;gob_tbl_01214,m4vw_tbl_02802;9;gob_tbl_00313,gob_tbl_01738,dlk_tbl_00584,std_tbl_01370,gob_tbl_04026,dlk_ext_00354,gob_ext_00638,gob_ext_00470,dlk_ext_00466
dlk_proceso_0074;4;gob_tbl_01290,proc_tbl_04134,proc_tbl_04148,dash_tbl_00226;4;proc_tbl_03440,proc_tbl_02287,dlk_ext_00496,dlk_ext_00517
dash_proceso_0075;3;gob_tbl_02638,gob_tbl_01722,dlk_tbl_01264;10;dlk_tbl_00839,gob_tbl_03644,proc_tbl_03023,proc_tbl_03053,dlk_tbl_03235,dash_tbl_03724,proc_ext_00621,gob_ext_00285,ppn_ext_00489,dash_ext_00046
gob_proceso_0076;5;dlk_tbl_03513,gob_tbl_01211,dlk_tbl_03593,dlk_tbl_02608,proc_tbl_04237;16;dlk_tbl_02891,gob_tbl_04163,gob_tbl_03350,gob_tbl_02715,gob_tbl_02668,dlk_tbl_00876,dlk_tbl_01220,gob_tbl_02731,dash_tbl_01288,gob_ext_00320,proc_ext_00232,dlk_ext_00386,proc_ext_00281,proc_ext_00297,gob_ext_00486,ppn_ext_00505
proc_proceso_0077;6;dlk_tbl_02817,proc_tbl_01949,dlk_tbl_04218,dash_tbl_01962,gob_tbl_04123,dash_tbl_04220;15;dlk_tbl_02722,gob_tbl_03756,gob_tbl_01469,dlk_tbl_02578,dlk_tbl_01710,dlk_tbl_02484,dlk_tbl_00160,dlk_tbl_01363,gob_tbl_02788,gob_ext_00372,dash_ext_00046,gob_ext_00612,dlk_ext_00308,gob_ext_00037,dlk_ext_00186
proc_proceso_0078;3;gob_tbl_02276,std_tbl_01905,dash_tbl_03277;12;dlk_tbl_04277,std_tbl_02941,std_tbl_03008,proc_tbl_03900,dlk_tbl_00149,gob_tbl_00978,proc_tbl_00234,dlk_ext_00650,gob_ext_00464,dlk_ext_00610,dash_ext_00558,gob_ext_00510
dlk_proceso_0079;3;dlk_tbl_01843,dlk_tbl_02884,dash_tbl_02655;9;gob_tbl_03067,gob_tbl_02086,gob_tbl_03976,m4sco_tbl_01782,gob_tbl_03186,dlk_ext_00141,dlk_ext_00448,dlk_ext_00344,dlk_ext_00186
dlk_proceso_0080;4;gob_tbl_03205,dash_tbl_03713,dlk_tbl_01111,gob_tbl_02452;10;dash_tbl_01279,dash_tbl_03749,dlk_tbl_03754,gob_tbl_00959,gob_tbl_00045,gob_tbl_03703,proc_ext_00243,gob_ext_00680,dlk_ext_00136,proc_ext_00416
proc_proceso_0081;6;std_tbl_03008,gob_tbl_02206,dlk_tbl_00232,proc_tbl_00969,dash_tbl_00411,proc_tbl_03332;13;proc_tbl_02260,gob_tbl_02007,gob_tbl_02103,dlk_tbl_00830,gob_tbl_02693,gob_tbl_00179,dlk_tbl_01627,dlk_ext_00445,gob_ext_00607,dlk_ext_00700,gob_ext_00370,gob_ext_00223,dlk_ext_00411
dlk_proceso_0082;4;gob_tbl_03680,gob_tbl_00829,gob_tbl_04344,gob_tbl_01336;17;gob_tbl_00807,dash_tbl_02068,proc_tbl_02532,gob_tbl_00579,gob_tbl_04425,dlk_tbl_00462,dlk_tbl_00294,dlk_tbl_03274,dash_tbl_02316,gob_tbl_04153,gob_ext_00581,gob_ext_00468,gob_ext_00081,gob_ext_00607,gob_ext_00585,gob_ext_00624,proc_ext_00455
dlk_proceso_0083;2;gob_tbl_01165,proc_tbl_01954;20;dlk_tbl_03093,gob_tbl_01469,dlk_tbl_04284,dlk_tbl_02649,gob_tbl_01907,proc_tbl_02480,proc_tbl_03900,dlk_tbl_02968,dlk_tbl_04411,gob_tbl_03263,gob_tbl_02507,dlk_tbl_02047,gob_ext_00332,dlk_ext_00677,gob_ext_00295,dlk_ext_00258,dlk_ext_00199,gob_ext_00320,gob_ext_00633,dlk_ext_00222
gob_proceso_0084;2;proc_tbl_02402,dlk_tbl_03647;12;gob_tbl_02226,dlk_tbl_02280,dlk_tbl_01651,proc_tbl_04029,proc_tbl_03060,m4vw_tbl_00565,dlk_tbl_00394,proc_ext_00146,proc_ext_00495,dlk_ext_00228,gob_ext_00346,gob_ext_00578
gob_proceso_0085;6;gob_tbl_02154,gob_tbl_02349,gob_tbl_01660,dlk_tbl_02372,gob_tbl_03406,gob_tbl_00982;10;dash_tbl_04306,dlk_tbl_00489,m4sco_tbl_02810,dlk_tbl_00792,dash_tbl_03450,dash_tbl_01719,gob_ext_00476,dlk_ext_00033,gob_ext_00295,dlk_ext_00210
gob_proceso_0086;5;proc_tbl_01023,gob_tbl_03370,gob_tbl_00652,proc_tbl_02295,dash_tbl_01898;14;dash_tbl_02960,gob_tbl_00275,proc_tbl_00881,gob_tbl_00266,gob_tbl_04405,gob_tbl_00382,dash_tbl_01354,dlk_tbl_00283,dlk_ext_00359,m4vw_ext_00108,gob_ext_00418,proc_ext_00146,dlk_ext_00391,proc_ext_00243
dlk_proceso_0087;5;proc_tbl_02202,dash_tbl_00329,gob_tbl_02166,std_tbl_01377,proc_tbl_03556;12;gob_tbl_00892,dlk_tbl_00047,dlk_tbl_04124,dlk_tbl_04255,gob_tbl_03115,gob_tbl_00085,gob_tbl_03141,ppn_ext_00360,dlk_ext_00469,gob_ext_00037,gob_ext_00694,dlk_ext_00262
gob_proceso_0088;3;dlk_tbl_04115,dlk_tbl_02490,dash_tbl_00781;9;m4sco_tbl_01461,gob_tbl_00370,std_tbl_00945,gob_tbl_04093,dlk_tbl_03944,gob_ext_00702,gob_ext_00044,proc_ext_00054,gob_ext_00184
gob_proceso_0089;2;proc_tbl_01817,gob_tbl_00314;9;gob_tbl_02690,dash_tbl_00520,m4sco_tbl_00343,dlk_tbl_00582,dlk_tbl_04135,dlk_ext_00335,dlk_ext_00700,dlk_ext_00496,proc_ext_00090
dlk_proceso_0090;2;dlk_tbl_01610,dash_tbl_02379;15;dlk_tbl_04300,dlk_tbl_00304,dlk_tbl_04218,gob_tbl_01709,dlk_tbl_00878,dash_tbl_01621,proc_tbl_03092,gob_tbl_00887,dash_tbl_01293,gob_ext_00252,std_ext_00188,gob_ext_00223,proc_ext_00526,dlk_ext_00393,proc_ext_00181
gob_proceso_0091;3;m4sco_tbl_03898,gob_tbl_01980,m4sco_tbl_01560;14;gob_tbl_03261,gob_tbl_00445,proc_tbl_00217,gob_tbl_01113,proc_tbl_00716,gob_tbl_04030,gob_tbl_03066,gob_tbl_03266,gob_ext_00615,dlk_ext_00502,ppn_ext_00489,proc_ext_00169,proc_ext_00328,dlk_ext_00110
dlk_proceso_0092;6;dlk_tbl_00631,gob_tbl_01000,gob_tbl_02633,gob_tbl_02604,dash_tbl_01099,dash_tbl_03036;5;dlk_tbl_00677,gob_tbl_00602,gob_tbl_00738,gob_ext_00633,proc_ext_00290
gob_proceso_0093;8;dlk_tbl_01305,gob_tbl_01899,dlk_tbl_00818,gob_tbl_01836,dlk_tbl_01589,dlk_tbl_03709,dlk_tbl_02820,dlk_tbl_03317;10;dlk_tbl_02578,dlk_tbl_03899,std_tbl_00268,proc_tbl_04342,gob_tbl_00288,dlk_tbl_03941,dlk_ext_00681,gob_ext_00248,proc_ext_00506,gob_ext_00401
dash_proceso_0094;3;dlk_tbl_03209,m4vw_tbl_03960,gob_tbl_00313;11;gob_tbl_03879,proc_tbl_00705,dlk_tbl_00022,proc_tbl_02132,gob_tbl_00803,dlk_tbl_04210,proc_ext_00508,proc_ext_00164,dlk_ext_00374,dlk_ext_00711,dlk_ext_00043
dlk_proceso_0095;3;gob_tbl_04379,m4vw_tbl_04127,dlk_tbl_02599;11;dlk_tbl_01175,gob_tbl_01176,gob_tbl_04397,m4sco_tbl_02029,dlk_tbl_00979,proc_tbl_02202,proc_ext_00416,dlk_ext_00222,gob_ext_00618,gob_ext_00014,proc_ext_00337
dlk_proceso_0096;5;dlk_tbl_02023,proc_tbl_02772,gob_tbl_01872,dlk_tbl_04009,gob_tbl_03417;12;dlk_tbl_01753,dlk_tbl_01557,gob_tbl_03055,dlk_tbl_00666,proc_tbl_00866,gob_tbl_00935,m4vw_tbl_04244,gob_ext_00031,dlk_ext_00160,dlk_ext_00084,dlk_ext_00308,gob_ext_00673
gob_proceso_0097;5;dlk_tbl_02178,dlk_tbl_01328,proc_tbl_01239,dlk_tbl_01966,proc_tbl_03104;12;gob_tbl_01577,proc_tbl_00301,m4sco_tbl_04100,dash_tbl_03620,dlk_tbl_00359,gob_tbl_02534,dlk_tbl_04264,gob_ext_00049,gob_ext_00498,dlk_ext_00537,dash_ext_00710,proc_ext_00654
gob_proceso_0098;2;std_tbl_00930,gob_tbl_02553;8;m4vw_tbl_03654,gob_tbl_03910,proc_tbl_03405,dlk_tbl_04480,dash_tbl_01490,gob_ext_00538,gob_ext_00688,gob_ext_00468
dash_proceso_0099;5;gob_tbl_00032,dlk_tbl_00732,gob_tbl_02834,dlk_tbl_00791,dlk_tbl_00237;16;dlk_tbl_04149,proc_tbl_04275,dlk_tbl_02566,gob_tbl_04095,dlk_tbl_01008,gob_tbl_03441,gob_tbl_03953,gob_tbl_02889,proc_tbl_01401,proc_ext_00055,dlk_ext_00345,proc_ext_00416,dash_ext_00046,gob_ext_00651,gob_ext_00097,proc_ext_00406
dlk_proceso_0100;8;dash_tbl_01820,gob_tbl_03691,gob_tbl_03957,dlk_tbl_02891,dash_tbl_01260,dash_tbl_01344,dlk_tbl_04290,gob_tbl_00432;10;std_tbl_02360,dlk_tbl_03649,dlk_tbl_04176,dlk_tbl_01651,dlk_tbl_01656,dash_tbl_00648,m4vw_ext_00670,dlk_ext_00294,proc_ext_00171,dlk_ext_00210
dlk_proceso_0101;4;gob_tbl_04245,gob_tbl_01751,dlk_tbl_01809,gob_tbl_00335;4;dash_tbl_00553,gob_tbl_04343,dlk_ext_00127,dlk_ext_00453
proc_proceso_0102;5;m4vw_tbl_03654,gob_tbl_01562,dlk_tbl_01201,std_tbl_02510,dlk_tbl_01579;14;proc_tbl_01168,dlk_tbl_01156,m4sco_tbl_02776,gob_tbl_02760,proc_tbl_01909,dlk_tbl_02843,gob_tbl_03653,gob_tbl_00751,dlk_ext_00015,gob_ext_00184,gob_ext_00149,gob_ext_00100,dlk_ext_00305,dlk_ext_00475
dlk_proceso_0103;5;dlk_tbl_02222,dash_tbl_02197,dash_tbl_04087,m4vw_tbl_03698,dlk_tbl_01926;11;gob_tbl_04270,gob_tbl_02496,proc_tbl_04249,std_tbl_02475,dlk_tbl_01948,proc_tbl_03345,dlk_ext_00453,dlk_ext_00711,dlk_ext_00342,gob_ext_00661,gob_ext_00519
dlk_proceso_0104;3;proc_tbl_00881,std_tbl_04094,gob_tbl_04397;7;dlk_tbl_00434,dlk_tbl_01297,dlk_tbl_02999,dlk_tbl_00734,dlk_ext_00098,dlk_ext_00024,gob_ext_00464
dash_proceso_0105;2;gob_tbl_00085,dlk_tbl_02047;5;dlk_tbl_00152,gob_tbl_02747,proc_tbl_01519,gob_ext_00327,gob_ext_00346
gob_proceso_0106;6;dlk_tbl_01632,gob_tbl_01269,gob_tbl_02514,proc_tbl_02455,dash_tbl_03572,proc_tbl_01706;11;dlk_tbl_04015,dlk_tbl_02557,gob_tbl_01513,proc_tbl_00406,gob_tbl_00586,dlk_tbl_02573,proc_ext_00139,gob_ext_00576,dash_ext_00020,dlk_ext_00051,gob_ext_00585
gob_proceso_0107;2;gob_tbl_00936,gob_tbl_00321;4;gob_tbl_02377,gob_tbl_00353,dlk_ext_00178,dlk_ext_00662
dash_proceso_0108;3;gob_tbl_02059,dlk_tbl_01615,dash_tbl_03149;8;proc_tbl_01548,gob_tbl_02892,dlk_tbl_00510,dlk_tbl_01330,gob_tbl_02227,proc_ext_00263,gob_ext_00716,proc_ext_00621
dlk_proceso_0109;5;gob_tbl_02791,dlk_tbl_01432,gob_tbl_00238,gob_tbl_04095,proc_tbl_02390;7;dlk_tbl_02578,dash_tbl_00148,gob_tbl_03586,dlk_tbl_04258,dlk_ext_00051,gob_ext_00059,m4vw_ext_00289
gob_proceso_0110;5;dlk_tbl_03337,gob_tbl_04360,gob_tbl_00425,gob_tbl_01345,m4vw_tbl_00616;4;proc_tbl_03445,proc_tbl_00693,gob_ext_00130,dash_ext_00275
proc_proceso_0111;4;dlk_tbl_04443,dlk_tbl_02088,gob_tbl_00768,gob_tbl_03083;6;dlk_tbl_02783,gob_tbl_03971,dlk_tbl_01861,gob_ext_00122,dlk_ext_00397,gob_ext_00044
dlk_proceso_0112;2;proc_tbl_03592,gob_tbl_02378;6;proc_tbl_01289,dlk_tbl_01933,dlk_tbl_02611,dlk_ext_00039,dlk_ext_00335,gob_ext_00630
gob_proceso_0113;3;proc_tbl_02328,proc_tbl_02157,dlk_tbl_02417;14;proc_tbl_01094,gob_tbl_03571,gob_tbl_02322,gob_tbl_03968,dlk_tbl_01508,dlk_tbl_03874,m4vw_tbl_03714,gob_tbl_02832,gob_ext_00706,dash_ext_00490,dlk_ext_00344,dlk_ext_00201,dash_ext_00409,proc_ext_00171
dash_proceso_0114;5;gob_tbl_01415,proc_tbl_01272,m4vw_tbl_00958,gob_tbl_02764,std_tbl_01118;14;proc_tbl_02033,gob_tbl_02496,dlk_tbl_02590,dlk_tbl_04098,dash_tbl_01576,gob_tbl_00425,dlk_tbl_01010,gob_tbl_04398,dlk_ext_00201,gob_ext_00661,proc_ext_00383,dlk_ext_00600,dash_ext_00409,proc_ext_00077
gob_proceso_0115;3;gob_tbl_04072,gob_tbl_01513,dash_tbl_01288;11;gob_tbl_00655,dlk_tbl_00653,gob_tbl_01895,std_tbl_02510,dash_tbl_01402,gob_tbl_02507,dash_ext_00409,gob_ext_00716,ppn_ext_00505,gob_ext_00503,dlk_ext_00391
gob_proceso_0116;8;proc_tbl_00249,dlk_tbl_00850,dlk_tbl_03546,dlk_tbl_00743,m4vw_tbl_01110,dlk_tbl_02846,gob_tbl_03146,proc_tbl_01506;5;proc_tbl_01816,dlk_tbl_03278,proc_tbl_02969,dlk_ext_00089,gob_ext_00224
proc_proceso_0117;6;m4vw_tbl_03637,gob_tbl_00892,dlk_tbl_02185,gob_tbl_01696,dash_tbl_02996,std_tbl_00259;15;proc_tbl_02825,dash_tbl_02321,gob_tbl_03319,m4vw_tbl_04108,dlk_tbl_00707,gob_tbl_00297,gob_tbl_00282,gob_tbl_02524,dash_tbl_01609,dash_ext_00096,dash_ext_00172,m4vw_ext_00108,dlk_ext_00444,gob_ext_00672,dlk_ext_00714
dlk_proceso_0118;8;gob_tbl_02524,gob_tbl_00002,dlk_tbl_00489,gob_tbl_02438,dlk_tbl_01692,proc_tbl_03445,dlk_tbl_02244,dlk_tbl_03991;7;gob_tbl_00166,proc_tbl_01519,gob_tbl_02138,proc_tbl_00519,dash_ext_00490,proc_ext_00413,proc_ext_00416
gob_proceso_0119;2;dash_tbl_02944,gob_tbl_03910;20;proc_tbl_02819,dlk_tbl_00344,proc_tbl_03553,proc_tbl_01123,dlk_tbl_03282,gob_tbl_00826,gob_tbl_01465,proc_tbl_03142,dash_tbl_02676,dash_tbl_02316,dlk_tbl_02968,dlk_tbl_02140,dlk_ext_00668,dlk_ext_00258,dlk_ext_00359,m4vw_ext_00108,gob_ext_00321,m4sco_ext_00412,proc_ext_00413,dlk_ext_00125
dlk_proceso_0120;4;dash_tbl_00291,dlk_tbl_03492,dlk_tbl_00204,gob_tbl_03618;11;std_tbl_02827,dlk_tbl_03672,proc_tbl_02936,dlk_tbl_01964,gob_tbl_00751,gob_tbl_02394,gob_ext_00574,gob_ext_00524,proc_ext_00169,gob_ext_00617,dlk_ext_00147
proc_proceso_0121;5;dlk_tbl_01884,gob_tbl_01605,dlk_tbl_00646,gob_tbl_01780,std_tbl_03740;7;dlk_tbl_00386,dlk_tbl_00823,dlk_tbl_02372,dlk_tbl_02732,dlk_ext_00194,dlk_ext_00681,dlk_ext_00385
proc_proceso_0122;4;gob_tbl_00651,dlk_tbl_01947,dlk_tbl_03990,proc_tbl_01816;8;dlk_tbl_02095,dlk_tbl_03737,gob_tbl_00046,proc_tbl_00101,gob_tbl_01440,dlk_ext_00136,gob_ext_00229,dash_ext_00256
gob_proceso_0123;2;gob_tbl_02195,gob_tbl_00755;7;gob_tbl_00901,dlk_tbl_00633,proc_tbl_03012,proc_tbl_03934,gob_ext_00415,dash_ext_00309,gob_ext_00174
dlk_proceso_0124;4;std_tbl_02382,dlk_tbl_01181,gob_tbl_02815,proc_tbl_04459;12;gob_tbl_00884,gob_tbl_00115,gob_tbl_04193,proc_tbl_03565,std_tbl_00247,dash_tbl_03650,dlk_tbl_00237,dlk_ext_00141,m4vw_ext_00249,proc_ext_00562,gob_ext_00212,gob_ext_00168
dlk_proceso_0125;3;std_tbl_04125,gob_tbl_02488,dlk_tbl_00034;6;ppn_tbl_02863,std_tbl_02393,dash_tbl_01354,dlk_ext_00390,gob_ext_00168,proc_ext_00177
gob_proceso_0126;8;gob_tbl_03216,proc_tbl_01069,dlk_tbl_01175,dlk_tbl_00352,dlk_tbl_03528,m4sco_tbl_04024,dlk_tbl_03801,ppn_tbl_01257;10;dlk_tbl_00631,proc_tbl_02550,proc_tbl_01507,gob_tbl_03598,gob_tbl_00216,gob_tbl_00475,dlk_ext_00204,gob_ext_00424,gob_ext_00115,proc_ext_00150
gob_proceso_0127;2;dash_tbl_04286,proc_tbl_00164;7;gob_tbl_03159,dash_tbl_03646,gob_tbl_01907,dlk_tbl_03490,proc_ext_00040,dlk_ext_00331,dlk_ext_00395
proc_proceso_0128;4;dlk_tbl_00236,dlk_tbl_04278,dash_tbl_00118,gob_tbl_01758;11;dlk_tbl_02627,dlk_tbl_01224,dlk_tbl_03260,proc_tbl_00162,proc_tbl_01393,dlk_tbl_01330,gob_ext_00410,gob_ext_00704,dlk_ext_00516,gob_ext_00206,dlk_ext_00655
dlk_proceso_0129;5;gob_tbl_00738,dlk_tbl_00534,dlk_tbl_03996,proc_tbl_01734,gob_tbl_02291;14;dash_tbl_03970,dlk_tbl_01966,std_tbl_01952,dlk_tbl_04010,gob_tbl_00018,dlk_tbl_02625,dlk_tbl_03990,std_tbl_00408,dlk_ext_00606,dlk_ext_00496,dlk_ext_00561,dash_ext_00046,proc_ext_00382,gob_ext_00080
dlk_proceso_0130;4;dash_tbl_03839,dlk_tbl_02204,gob_tbl_02859,dlk_tbl_04071;7;proc_tbl_02541,gob_tbl_01565,gob_tbl_00892,dlk_tbl_02437,proc_ext_00215,dlk_ext_00565,proc_ext_00157
dlk_proceso_0131;5;gob_tbl_04023,dlk_tbl_00022,gob_tbl_03694,gob_tbl_00277,proc_tbl_00101;8;gob_tbl_03469,dlk_tbl_03249,gob_tbl_03954,gob_tbl_02621,dlk_tbl_03948,dlk_ext_00537,dlk_ext_00141,proc_ext_00131
dash_proceso_0132;4;dlk_tbl_04376,proc_tbl_02877,proc_tbl_01766,dlk_tbl_01220;9;dlk_tbl_01651,dash_tbl_02997,proc_tbl_02853,gob_tbl_00473,gob_tbl_04003,proc_ext_00118,gob_ext_00591,gob_ext_00014,gob_ext_00179
dash_proceso_0133;5;dlk_tbl_03824,gob_tbl_01301,dlk_tbl_00312,dlk_tbl_01095,dash_tbl_01890;14;dash_tbl_02830,gob_tbl_01342,gob_tbl_00372,dlk_tbl_00582,dlk_tbl_04240,dlk_tbl_01753,dlk_tbl_02709,dlk_tbl_01174,gob_ext_00135,dlk_ext_00160,gob_ext_00577,dlk_ext_00636,gob_ext_00615,gob_ext_00362
dlk_proceso_0134;6;dlk_tbl_03000,proc_tbl_03327,gob_tbl_01071,ppn_tbl_03193,gob_tbl_03733,dash_tbl_00916;9;proc_tbl_03817,gob_tbl_00638,dlk_tbl_04196,dlk_tbl_00533,dlk_tbl_00890,dlk_ext_00113,dlk_ext_00485,gob_ext_00170,dlk_ext_00200
gob_proceso_0135;2;dlk_tbl_01987,dash_tbl_00523;10;dash_tbl_00057,dlk_tbl_02169,proc_tbl_02344,dlk_tbl_02947,gob_tbl_00506,proc_tbl_00624,dlk_ext_00451,gob_ext_00352,gob_ext_00680,dlk_ext_00274
dlk_proceso_0136;7;dlk_tbl_04107,gob_tbl_03566,dlk_tbl_00911,dash_tbl_01578,dlk_tbl_00600,gob_tbl_03267,dlk_tbl_02575;15;dlk_tbl_00601,gob_tbl_02347,dlk_tbl_02640,gob_tbl_00704,proc_tbl_01348,gob_tbl_01590,dlk_tbl_03095,dlk_tbl_02474,m4sco_tbl_03898,gob_ext_00104,dlk_ext_00414,gob_ext_00680,proc_ext_00057,gob_ext_00185,gob_ext_00620
dash_proceso_0137;4;gob_tbl_03689,dlk_tbl_00673,gob_tbl_04205,dlk_tbl_02045;8;dlk_tbl_02803,gob_tbl_04221,gob_tbl_01668,dlk_tbl_03872,gob_tbl_00864,dash_ext_00642,dlk_ext_00496,gob_ext_00401
dash_proceso_0138;4;dlk_tbl_02457,dlk_tbl_00116,gob_tbl_04080,gob_tbl_00139;12;proc_tbl_02383,dlk_tbl_04434,gob_tbl_03984,dlk_tbl_02703,gob_tbl_00981,gob_tbl_02377,proc_tbl_03623,dlk_ext_00339,ppn_ext_00489,dash_ext_00701,proc_ext_00189,gob_ext_00320
dlk_proceso_0139;7;dlk_tbl_03016,proc_tbl_02879,proc_tbl_01810,gob_tbl_00233,std_tbl_03930,gob_tbl_03589,proc_tbl_01945;1;gob_tbl_03079
dlk_proceso_0140;2;proc_tbl_03111,dlk_tbl_00449;6;gob_tbl_01811,proc_tbl_02772,m4vw_tbl_00958,ppn_ext_00143,dlk_ext_00448,std_ext_00560
dlk_proceso_0141;6;dlk_tbl_02392,gob_tbl_01659,gob_tbl_00614,dlk_tbl_03577,proc_tbl_00629,dlk_tbl_02748;15;gob_tbl_00445,dlk_tbl_04060,gob_tbl_01500,dlk_tbl_02955,gob_tbl_03726,dlk_tbl_00126,dlk_tbl_03657,gob_tbl_04412,dlk_tbl_03064,dash_ext_00549,gob_ext_00273,proc_ext_00131,dlk_ext_00089,dlk_ext_00603,dlk_ext_00064
gob_proceso_0142;8;gob_tbl_03330,dlk_tbl_00539,dash_tbl_02203,dlk_tbl_03630,gob_tbl_02013,gob_tbl_01266,gob_tbl_02651,std_tbl_01613;10;dlk_tbl_04316,std_tbl_00794,gob_tbl_00238,dlk_tbl_04448,dlk_tbl_02067,gob_tbl_03058,gob_ext_00187,proc_ext_00666,dlk_ext_00199,dlk_ext_00203
gob_proceso_0143;4;dlk_tbl_03731,gob_tbl_01685,dlk_tbl_03810,gob_tbl_03058;6;gob_tbl_04270,dlk_tbl_03191,proc_tbl_04029,proc_ext_00126,gob_ext_00187,gob_ext_00206
dlk_proceso_0144;5;proc_tbl_03817,proc_tbl_01858,gob_tbl_03497,gob_tbl_03449,gob_tbl_04070;4;gob_tbl_00353,gob_tbl_02286,dlk_ext_00431,gob_ext_00400
proc_proceso_0145;7;dlk_tbl_02193,dlk_tbl_03531,dlk_tbl_01645,gob_tbl_01459,gob_tbl_02934,dash_tbl_00585,dlk_tbl_00296;6;dlk_tbl_00914,dlk_tbl_02824,proc_tbl_00885,gob_ext_00273,gob_ext_00680,proc_ext_00169
dlk_proceso_0146;6;gob_tbl_00364,proc_tbl_03583,dlk_tbl_02675,gob_tbl_02962,gob_tbl_03464,dlk_tbl_00868;5;proc_tbl_02354,gob_tbl_00981,gob_tbl_00079,gob_ext_00596,dlk_ext_00402
dlk_proceso_0147;3;gob_tbl_02546,dlk_tbl_02415,dlk_tbl_01682;11;std_tbl_03930,dash_tbl_03765,dlk_tbl_02743,m4sco_tbl_01782,gob_tbl_03298,gob_tbl_02418,gob_ext_00694,dlk_ext_00109,dash_ext_00701,gob_ext_00179,proc_ext_00281
dlk_proceso_0148;6;proc_tbl_00104,ppn_tbl_02293,gob_tbl_04136,gob_tbl_02094,dlk_tbl_04109,gob_tbl_00272;6;dash_tbl_01198,gob_tbl_03040,dash_tbl_03231,dlk_ext_00377,gob_ext_00097,dlk_ext_00600
dash_proceso_0149;7;gob_tbl_01664,dash_tbl_03736,m4sco_tbl_02374,gob_tbl_02701,std_tbl_01650,dlk_tbl_02977,dlk_tbl_02482;10;gob_tbl_04000,gob_tbl_04371,gob_tbl_00145,dlk_tbl_00677,gob_tbl_02646,gob_tbl_01214,gob_ext_00226,gob_ext_00449,dlk_ext_00448,gob_ext_00378
dash_proceso_0150;2;dlk_tbl_02112,dlk_tbl_00020;9;dlk_tbl_03901,dlk_tbl_03670,proc_tbl_01027,dlk_tbl_02803,gob_tbl_04065,dlk_ext_00374,proc_ext_00508,gob_ext_00165,proc_ext_00281
proc_proceso_0151;5;gob_tbl_03409,dlk_tbl_00246,gob_tbl_01721,proc_tbl_02740,gob_tbl_00946;14;dlk_tbl_00677,dash_tbl_02006,gob_tbl_03298,ppn_tbl_01196,dlk_tbl_04365,gob_tbl_04333,gob_tbl_02496,std_tbl_01998,std_ext_00534,std_ext_00188,dlk_ext_00523,m4sco_ext_00340,dlk_ext_00144,dlk_ext_00687
gob_proceso_0152;4;gob_tbl_04440,dlk_tbl_04352,dlk_tbl_03454,gob_tbl_01343;6;dlk_tbl_01923,proc_tbl_00220,dlk_tbl_02373,gob_ext_00633,gob_ext_00229,gob_ext_00252
dlk_proceso_0153;4;dlk_tbl_01349,dlk_tbl_03049,gob_tbl_02785,gob_tbl_02265;10;gob_tbl_03184,dlk_tbl_01190,proc_tbl_03900,gob_tbl_03544,gob_tbl_00579,dlk_tbl_01671,dlk_ext_00385,proc_ext_00658,dlk_ext_00153,dlk_ext_00101
dlk_proceso_0154;7;gob_tbl_02992,gob_tbl_03750,proc_tbl_04391,dlk_tbl_02580,gob_tbl_04283,gob_tbl_03482,m4sco_tbl_00745;9;gob_tbl_01714,proc_tbl_03648,dash_tbl_03269,gob_tbl_00325,dlk_tbl_02353,dlk_ext_00093,ppn_ext_00306,dlk_ext_00144,dlk_ext_00068
dlk_proceso_0155;6;gob_tbl_01695,std_tbl_04047,dlk_tbl_02247,gob_tbl_00579,gob_tbl_01580,proc_tbl_01191;9;proc_tbl_00358,dlk_tbl_00369,gob_tbl_03158,std_tbl_01370,gob_tbl_00783,dlk_ext_00425,gob_ext_00088,proc_ext_00146,dlk_ext_00302
dlk_proceso_0156;3;dlk_tbl_00528,gob_tbl_02953,m4vw_tbl_00592;9;gob_tbl_00059,ppn_tbl_02293,dlk_tbl_00601,proc_tbl_01348,dash_tbl_03188,proc_ext_00177,dlk_ext_00668,dlk_ext_00451,dlk_ext_00098
proc_proceso_0157;3;gob_tbl_00433,dlk_tbl_04329,dlk_tbl_02955;11;gob_tbl_01299,gob_tbl_02396,dlk_tbl_04135,gob_tbl_03584,dlk_tbl_00855,gob_tbl_02791,proc_ext_00657,gob_ext_00284,gob_ext_00318,dlk_ext_00305,dlk_ext_00368
dash_proceso_0158;3;dlk_tbl_01628,proc_tbl_01764,gob_tbl_04388;11;proc_tbl_02297,proc_tbl_03366,gob_tbl_00254,gob_tbl_03588,gob_tbl_00362,gob_tbl_01408,gob_ext_00400,dlk_ext_00511,gob_ext_00370,dlk_ext_00259,m4sco_ext_00421
proc_proceso_0159;6;dlk_tbl_03631,gob_tbl_00923,gob_tbl_02814,proc_tbl_02338,dlk_tbl_00401,dlk_tbl_02373;9;gob_tbl_04153,gob_tbl_01435,dlk_tbl_01970,dash_tbl_03749,dlk_tbl_00507,dlk_ext_00195,std_ext_00188,dlk_ext_00015,proc_ext_00290
gob_proceso_0160;4;dlk_tbl_00717,dash_tbl_01559,dlk_tbl_00986,dlk_tbl_02419;12;dlk_tbl_00534,m4sco_tbl_02605,dash_tbl_02447,std_tbl_04048,dlk_tbl_04207,dlk_tbl_01687,dlk_tbl_00852,gob_ext_00052,gob_ext_00318,dash_ext_00020,dlk_ext_00584,proc_ext_00055
dash_proceso_0161;6;dlk_tbl_02560,ppn_tbl_02615,dlk_tbl_02664,dash_tbl_03891,dlk_tbl_04155,gob_tbl_03163;6;proc_tbl_01474,dlk_tbl_04253,proc_tbl_04324,gob_ext_00023,gob_ext_00509,gob_ext_00612
gob_proceso_0162;5;gob_tbl_02973,gob_tbl_02693,gob_tbl_02618,proc_tbl_01291,gob_tbl_00959;5;gob_tbl_00685,dlk_tbl_03130,gob_tbl_00826,gob_ext_00081,gob_ext_00618
dlk_proceso_0163;5;dash_tbl_03419,dlk_tbl_02106,proc_tbl_00643,dlk_tbl_03975,std_tbl_01497;8;m4vw_tbl_04017,dlk_tbl_02028,gob_tbl_01751,dlk_tbl_04184,dash_tbl_02006,proc_ext_00213,proc_ext_00085,dlk_ext_00445
dlk_proceso_0164;3;dlk_tbl_02687,dlk_tbl_00070,gob_tbl_01394;9;std_tbl_00287,gob_tbl_03733,dlk_tbl_01710,gob_tbl_01700,gob_tbl_00898,proc_ext_00177,dlk_ext_00700,proc_ext_00067,proc_ext_00150
gob_proceso_0165;4;dash_tbl_00477,dlk_tbl_03801,dlk_tbl_01475,gob_tbl_00514;17;dlk_tbl_02440,gob_tbl_00190,gob_tbl_00095,m4sco_tbl_04100,proc_tbl_00512,dlk_tbl_00818,proc_tbl_01421,gob_tbl_00904,dlk_tbl_00676,proc_tbl_01457,dash_ext_00020,proc_ext_00157,dlk_ext_00606,dlk_ext_00537,gob_ext_00327,proc_ext_00399,proc_ext_00146
gob_proceso_0166;2;dlk_tbl_04240,gob_tbl_00655;10;dlk_tbl_04419,std_tbl_00912,dlk_tbl_01802,dlk_tbl_02766,gob_tbl_03370,dlk_tbl_02803,gob_ext_00097,proc_ext_00427,gob_ext_00470,dlk_ext_00386
dlk_proceso_0167;5;gob_tbl_01918,proc_tbl_01448,dash_tbl_02822,m4sco_tbl_03813,dlk_tbl_02266;9;proc_tbl_03885,gob_tbl_00811,dlk_tbl_00905,gob_tbl_01849,gob_tbl_01053,dlk_ext_00199,m4vw_ext_00108,gob_ext_00680,ppn_ext_00505
proc_proceso_0168;5;dlk_tbl_04312,proc_tbl_03950,dash_tbl_03620,proc_tbl_02285,dlk_tbl_01055;8;gob_tbl_03030,gob_tbl_03953,gob_tbl_00442,dlk_tbl_02587,gob_tbl_00956,gob_ext_00124,gob_ext_00634,dlk_ext_00448
proc_proceso_0169;3;dlk_tbl_04132,dlk_tbl_01711,dlk_tbl_02164;7;dlk_tbl_00695,dlk_tbl_04336,gob_tbl_00771,gob_tbl_04097,dlk_ext_00015,gob_ext_00229,m4sco_ext_00004
dlk_proceso_0170;9;dlk_tbl_00625,dlk_tbl_02722,dlk_tbl_03629,dlk_tbl_02614,dash_tbl_01019,dash_tbl_03806,gob_tbl_04178,dlk_tbl_03360,gob_tbl_04291;14;dlk_tbl_03816,dlk_tbl_01222,dlk_tbl_00662,dlk_tbl_01220,gob_tbl_03643,proc_tbl_00624,dlk_tbl_01852,gob_tbl_02496,dlk_ext_00186,gob_ext_00316,dash_ext_00271,std_ext_00205,gob_ext_00665,ppn_ext_00629
dash_proceso_0171;4;dash_tbl_03851,dlk_tbl_00543,proc_tbl_02541,gob_tbl_02807;17;proc_tbl_04248,gob_tbl_02690,dlk_tbl_04135,dash_tbl_02197,dlk_tbl_04246,gob_tbl_00009,dlk_tbl_01712,dlk_tbl_00163,proc_tbl_00526,dash_tbl_03081,gob_ext_00672,gob_ext_00212,dlk_ext_00391,dash_ext_00246,dlk_ext_00511,gob_ext_00661,dlk_ext_00313
dlk_proceso_0172;3;dlk_tbl_02389,proc_tbl_01821,gob_tbl_01704;5;dash_tbl_01556,dlk_tbl_02573,gob_tbl_02113,dlk_ext_00481,gob_ext_00320
dlk_proceso_0173;4;proc_tbl_04421,gob_tbl_03171,m4sco_tbl_02249,gob_tbl_03858;8;gob_tbl_03067,dlk_tbl_01525,dlk_tbl_02140,gob_tbl_01660,gob_tbl_03468,dash_ext_00547,gob_ext_00684,std_ext_00497
dlk_proceso_0174;5;m4sco_tbl_02458,gob_tbl_00798,proc_tbl_00040,dlk_tbl_03064,gob_tbl_03144;10;gob_tbl_04270,gob_tbl_01000,dlk_tbl_01326,gob_tbl_02377,gob_tbl_00952,gob_tbl_02124,gob_ext_00248,gob_ext_00470,gob_ext_00161,m4vw_ext_00403
gob_proceso_0175;9;gob_tbl_00844,dlk_tbl_03260,gob_tbl_03784,dlk_tbl_00754,gob_tbl_03102,dlk_tbl_02341,proc_tbl_01658,dlk_tbl_03871,dlk_tbl_03155;14;gob_tbl_02733,proc_tbl_03053,gob_tbl_02094,dlk_tbl_02189,dlk_tbl_00489,dlk_tbl_01557,gob_tbl_03067,gob_tbl_03066,gob_ext_00224,dlk_ext_00603,gob_ext_00102,gob_ext_00661,gob_ext_00607,dlk_ext_00374
gob_proceso_0176;6;proc_tbl_02433,proc_tbl_03526,dlk_tbl_03070,dlk_tbl_03017,dlk_tbl_01852,proc_tbl_03011;6;dlk_tbl_00776,gob_tbl_01203,gob_tbl_00095,gob_ext_00415,dlk_ext_00714,dlk_ext_00078
gob_proceso_0177;5;dlk_tbl_01326,proc_tbl_03038,gob_tbl_01580,gob_tbl_03811,proc_tbl_00084;4;dash_tbl_01534,proc_tbl_00276,gob_ext_00038,m4vw_ext_00108
proc_proceso_0178;3;dlk_tbl_03201,dlk_tbl_00478,dlk_tbl_03949;14;proc_tbl_00895,proc_tbl_02002,m4vw_tbl_01050,dash_tbl_04165,proc_tbl_03583,proc_tbl_03849,dlk_tbl_03745,dlk_tbl_00015,gob_ext_00121,dlk_ext_00448,dash_ext_00020,dash_ext_00558,gob_ext_00049,proc_ext_00639
dash_proceso_0179;2;dlk_tbl_02998,gob_tbl_02277;7;proc_tbl_03359,gob_tbl_03094,dlk_tbl_02093,dlk_tbl_02334,gob_ext_00381,gob_ext_00229,dlk_ext_00668
proc_proceso_0180;5;dash_tbl_04256,gob_tbl_03626,gob_tbl_01398,gob_tbl_02562,proc_tbl_03785;9;dlk_tbl_04418,dash_tbl_03896,dlk_tbl_00144,gob_tbl_03788,gob_tbl_01745,gob_ext_00327,gob_ext_00251,gob_ext_00097,dlk_ext_00313
gob_proceso_0181;4;dlk_tbl_02777,dlk_tbl_03137,gob_tbl_02294,dlk_tbl_04461;11;gob_tbl_00700,proc_tbl_03495,gob_tbl_02406,proc_tbl_00963,proc_tbl_04012,dash_tbl_03650,dlk_ext_00119,dlk_ext_00359,std_ext_00534,dlk_ext_00677,gob_ext_00661
dlk_proceso_0182;3;proc_tbl_02168,gob_tbl_02309,m4sco_tbl_00021;13;dlk_tbl_04437,gob_tbl_01108,gob_tbl_00027,gob_tbl_01565,dash_tbl_03620,dash_tbl_02588,gob_tbl_01007,dlk_ext_00652,proc_ext_00654,gob_ext_00688,proc_ext_00566,proc_ext_00220,dlk_ext_00588
gob_proceso_0183;4;gob_tbl_02017,proc_tbl_02763,dlk_tbl_00490,gob_tbl_01844;9;proc_tbl_02600,gob_tbl_01709,gob_tbl_00579,dlk_tbl_03108,proc_tbl_03200,gob_ext_00174,dlk_ext_00703,gob_ext_00333,dlk_ext_00341
dlk_proceso_0184;6;dash_tbl_01423,gob_tbl_00418,proc_tbl_00714,gob_tbl_03895,gob_tbl_00114,proc_tbl_02958;15;proc_tbl_00983,gob_tbl_03536,gob_tbl_00703,gob_tbl_01171,gob_tbl_02712,dlk_tbl_01661,gob_tbl_03653,gob_tbl_04382,gob_tbl_03756,gob_ext_00532,dlk_ext_00407,dlk_ext_00125,gob_ext_00362,gob_ext_00052,ppn_ext_00573
dash_proceso_0185;5;gob_tbl_02087,proc_tbl_03120,gob_tbl_01374,gob_tbl_00826,gob_tbl_01062;17;gob_tbl_00506,proc_tbl_01597,gob_tbl_02652,proc_tbl_02135,dlk_tbl_00852,dlk_tbl_02001,gob_tbl_01865,proc_tbl_00796,gob_tbl_04136,gob_tbl_04368,dlk_ext_00451,gob_ext_00618,dlk_ext_00227,dash_ext_00046,dlk_ext_00414,proc_ext_00383,dlk_ext_00222
dlk_proceso_0186;2;dlk_tbl_04039,proc_tbl_02620;13;gob_tbl_00702,gob_tbl_01638,std_tbl_02510,std_tbl_02941,gob_tbl_02406,gob_tbl_01969,m4sco_tbl_00082,gob_ext_00076,gob_ext_00498,dash_ext_00593,gob_ext_00638,std_ext_00599,std_ext_00560
dash_proceso_0187;4;gob_tbl_00702,gob_tbl_04202,gob_tbl_03494,dlk_tbl_02479;8;dlk_tbl_03425,dlk_tbl_02911,dlk_tbl_03155,dlk_tbl_02392,gob_tbl_00583,gob_ext_00116,dlk_ext_00153,proc_ext_00054
proc_proceso_0188;2;gob_tbl_03141,proc_tbl_03920;7;gob_tbl_04475,gob_tbl_02498,dlk_tbl_02180,gob_tbl_03703,dash_ext_00182,gob_ext_00401,dlk_ext_00005
dash_proceso_0189;4;dash_tbl_02816,dash_tbl_00737,dash_tbl_01961,dlk_tbl_00644;4;dlk_tbl_00401,dlk_tbl_00182,dash_ext_00046,dlk_ext_00600
dash_proceso_0190;4;dlk_tbl_03224,dlk_tbl_00735,dlk_tbl_01073,gob_tbl_00638;10;proc_tbl_02595,dlk_tbl_00584,dlk_tbl_02843,gob_tbl_02690,dlk_tbl_02034,proc_tbl_03429,gob_ext_00672,dlk_ext_00583,gob_ext_00206,dlk_ext_00479
gob_proceso_0191;5;dlk_tbl_01054,proc_tbl_00983,m4sco_tbl_04429,gob_tbl_02970,proc_tbl_03922;10;gob_tbl_02347,gob_tbl_01542,gob_tbl_03146,dlk_tbl_00680,proc_tbl_01032,gob_tbl_00198,gob_ext_00149,gob_ext_00014,dash_ext_00309,proc_ext_00181
gob_proceso_0192;5;proc_tbl_03379,gob_tbl_01991,dlk_tbl_00823,gob_tbl_03357,proc_tbl_04326;14;dlk_tbl_01334,dlk_tbl_02888,dlk_tbl_01156,dash_tbl_00424,std_tbl_04047,gob_tbl_01040,dash_tbl_00429,m4vw_tbl_00958,gob_ext_00379,gob_ext_00515,proc_ext_00413,dlk_ext_00113,dlk_ext_00425,std_ext_00671
proc_proceso_0193;2;gob_tbl_02711,dlk_tbl_03892;13;dlk_tbl_00510,gob_tbl_03879,proc_tbl_00919,dlk_tbl_03582,dlk_tbl_02355,dlk_tbl_03347,dlk_tbl_01129,dlk_ext_00018,gob_ext_00253,dlk_ext_00211,dlk_ext_00676,dlk_ext_00697,gob_ext_00327
gob_proceso_0194;4;gob_tbl_03967,proc_tbl_03253,std_tbl_03487,dlk_tbl_02404;13;dlk_tbl_00347,dlk_tbl_03830,dlk_tbl_00187,dlk_tbl_01222,dlk_tbl_03000,dlk_tbl_03293,m4vw_tbl_03654,gob_ext_00312,dash_ext_00046,dlk_ext_00066,m4sco_ext_00007,gob_ext_00645,dlk_ext_00711
proc_proceso_0195;4;dlk_tbl_03461,gob_tbl_02607,dlk_tbl_03210,dlk_tbl_03474;9;gob_tbl_02992,gob_tbl_02138,dlk_tbl_02561,proc_tbl_00881,gob_tbl_01524,std_ext_00560,dlk_ext_00603,proc_ext_00181,dlk_ext_00201
proc_proceso_0196;4;dlk_tbl_00961,gob_tbl_03098,gob_tbl_03212,dlk_tbl_00587;12;gob_tbl_02443,proc_tbl_02232,dash_tbl_01046,gob_tbl_00975,proc_tbl_00042,dlk_tbl_00962,gob_tbl_02139,gob_ext_00653,dlk_ext_00368,dlk_ext_00388,gob_ext_00557,dlk_ext_00681
gob_proceso_0197;2;m4vw_tbl_00431,gob_tbl_04117;10;proc_tbl_01289,dlk_tbl_01778,proc_tbl_00650,gob_tbl_01721,dlk_tbl_01601,gob_tbl_00685,ppn_ext_00360,gob_ext_00362,dash_ext_00544,gob_ext_00624
proc_proceso_0198;6;dlk_tbl_03869,gob_tbl_00779,std_tbl_04073,dlk_tbl_03341,gob_tbl_03483,dlk_tbl_01761;12;dlk_tbl_00582,gob_tbl_00094,gob_tbl_01132,gob_tbl_03254,gob_tbl_03739,dlk_tbl_03542,gob_tbl_02040,proc_ext_00674,ppn_ext_00143,dlk_ext_00677,gob_ext_00117,dlk_ext_00359
gob_proceso_0199;5;dlk_tbl_04223,dlk_tbl_01325,proc_tbl_02936,dlk_tbl_00479,proc_tbl_00963;9;dash_tbl_03765,proc_tbl_00062,dlk_tbl_02556,dlk_tbl_03663,dlk_tbl_01282,gob_ext_00212,dash_ext_00710,gob_ext_00321,dlk_ext_00043
gob_proceso_0200;5;m4vw_tbl_00403,gob_tbl_02747,proc_tbl_03405,dlk_tbl_03985,dlk_tbl_02609;13;gob_tbl_00235,gob_tbl_03479,dlk_tbl_03830,proc_tbl_01367,dlk_tbl_04231,gob_tbl_04123,dlk_tbl_01891,proc_ext_00090,proc_ext_00183,proc_ext_00367,proc_ext_00177,dlk_ext_00335,dash_ext_00558
dash_proceso_0201;3;std_tbl_02413,dash_tbl_02213,std_tbl_00247;11;proc_tbl_04427,proc_tbl_03920,dlk_tbl_04135,gob_tbl_00959,dlk_tbl_01993,dlk_tbl_02045,proc_ext_00348,dlk_ext_00537,dlk_ext_00005,proc_ext_00405,dash_ext_00096
dlk_proceso_0202;2;gob_tbl_01389,dlk_tbl_00619;9;proc_tbl_03345,dash_tbl_03269,gob_tbl_02988,dash_tbl_03873,gob_tbl_02086,std_ext_00534,gob_ext_00224,gob_ext_00260,gob_ext_00159
dlk_proceso_0203;5;m4sco_tbl_02810,dash_tbl_00736,gob_tbl_01654,gob_tbl_01407,m4sco_tbl_02303;7;gob_tbl_00027,dlk_tbl_02611,std_tbl_00253,dlk_tbl_01329,ppn_ext_00487,proc_ext_00107,dash_ext_00549
dlk_proceso_0204;3;dash_tbl_02960,proc_tbl_02425,gob_tbl_01608;14;dash_tbl_00057,dlk_tbl_03909,gob_tbl_03362,dash_tbl_01719,gob_tbl_04023,dlk_tbl_00074,dlk_tbl_04211,gob_tbl_01392,dash_ext_00558,gob_ext_00117,dlk_ext_00465,dlk_ext_00010,gob_ext_00673,gob_ext_00350
gob_proceso_0205;5;gob_tbl_02443,gob_tbl_00117,dlk_tbl_02353,gob_tbl_03879,gob_tbl_00521;5;proc_tbl_02877,gob_tbl_00704,dlk_tbl_01064,dash_ext_00409,proc_ext_00146
gob_proceso_0206;6;m4vw_tbl_01670,dash_tbl_03045,proc_tbl_04248,dlk_tbl_03056,m4vw_tbl_02196,gob_tbl_03989;5;dlk_tbl_00633,gob_tbl_03102,gob_tbl_03378,dlk_ext_00393,dlk_ext_00700
dlk_proceso_0207;4;gob_tbl_01591,proc_tbl_00058,dlk_tbl_03543,dlk_tbl_02052;12;proc_tbl_04099,std_tbl_02510,dlk_tbl_03020,proc_tbl_00853,gob_tbl_03842,gob_tbl_00372,gob_tbl_01976,dlk_ext_00047,dlk_ext_00393,dlk_ext_00496,dlk_ext_00013,dlk_ext_00136
proc_proceso_0208;8;dlk_tbl_01946,dlk_tbl_03926,dlk_tbl_03243,dlk_tbl_02961,dlk_tbl_00676,dash_tbl_04041,dlk_tbl_02993,std_tbl_01268;5;dlk_tbl_00873,gob_tbl_01083,gob_tbl_00621,proc_ext_00566,dlk_ext_00537
proc_proceso_0209;5;dlk_tbl_01885,gob_tbl_03774,gob_tbl_00603,dlk_tbl_00147,dlk_tbl_01365;4;dlk_tbl_00070,m4vw_tbl_01110,dlk_ext_00144,dlk_ext_00411
proc_proceso_0210;5;proc_tbl_02033,gob_tbl_01350,dlk_tbl_03395,gob_tbl_04235,dlk_tbl_04253;16;proc_tbl_02974,gob_tbl_00952,dlk_tbl_01671,dlk_tbl_02846,dlk_tbl_02437,proc_tbl_03530,gob_tbl_01543,gob_tbl_00308,std_tbl_00591,gob_ext_00121,ppn_ext_00629,gob_ext_00102,dlk_ext_00703,dlk_ext_00005,gob_ext_00553,dlk_ext_00435
dlk_proceso_0211;7;gob_tbl_04433,std_tbl_00660,gob_tbl_03601,gob_tbl_04445,gob_tbl_00027,dlk_tbl_00599,dlk_tbl_02337;20;dlk_tbl_02872,proc_tbl_00866,dlk_tbl_01964,dash_tbl_04068,gob_tbl_02289,dlk_tbl_02076,dlk_tbl_03779,gob_tbl_03680,gob_tbl_04453,dash_tbl_03403,gob_tbl_01895,dlk_tbl_03075,dash_ext_00646,dlk_ext_00411,dlk_ext_00386,proc_ext_00181,gob_ext_00704,gob_ext_00174,proc_ext_00197,gob_ext_00206
dlk_proceso_0212;3;dash_tbl_01395,dlk_tbl_00102,gob_tbl_03261;9;proc_tbl_00365,gob_tbl_00308,m4vw_tbl_04243,gob_tbl_01266,gob_tbl_01758,gob_ext_00116,dash_ext_00646,dlk_ext_00687,proc_ext_00181
dlk_proceso_0213;7;dlk_tbl_03747,dlk_tbl_03042,dlk_tbl_00633,dlk_tbl_02115,proc_tbl_04342,proc_tbl_02705,proc_tbl_02539;9;gob_tbl_01400,proc_tbl_01510,dlk_tbl_00676,dlk_tbl_01097,proc_tbl_02202,proc_ext_00157,std_ext_00092,dlk_ext_00496,dlk_ext_00308
dlk_proceso_0214;6;proc_tbl_03126,gob_tbl_04085,dash_tbl_01476,std_tbl_02146,proc_tbl_03530,gob_tbl_03739;16;gob_tbl_00719,dlk_tbl_00215,dlk_tbl_01755,gob_tbl_01295,gob_tbl_02540,dash_tbl_00250,gob_tbl_02952,gob_tbl_00193,dlk_tbl_04311,dlk_ext_00537,dlk_ext_00551,dash_ext_00558,proc_ext_00336,gob_ext_00338,proc_ext_00689,proc_ext_00083
dash_proceso_0215;7;dash_tbl_01089,gob_tbl_00112,proc_tbl_04096,dlk_tbl_00481,gob_tbl_04203,dlk_tbl_03796,gob_tbl_03826;9;ppn_tbl_02615,proc_tbl_03053,gob_tbl_03118,proc_tbl_03291,dash_tbl_01578,m4vw_ext_00692,dlk_ext_00395,dlk_ext_00136,gob_ext_00568
dlk_proceso_0216;4;gob_tbl_01919,dlk_tbl_02442,dlk_tbl_01250,dlk_tbl_01363;13;dlk_tbl_01547,dlk_tbl_04147,dash_tbl_00522,std_tbl_02475,gob_tbl_00032,dlk_tbl_02359,dlk_tbl_02125,m4vw_ext_00265,proc_ext_00579,dlk_ext_00043,gob_ext_00148,gob_ext_00236,gob_ext_00285
dlk_proceso_0217;5;dlk_tbl_02809,gob_tbl_03148,dash_tbl_03231,proc_tbl_01360,proc_tbl_02648;11;gob_tbl_03266,gob_tbl_03160,dash_tbl_02229,gob_tbl_01738,gob_tbl_03058,gob_tbl_01751,dlk_ext_00711,dlk_ext_00676,gob_ext_00329,gob_ext_00611,dlk_ext_00101
gob_proceso_0218;5;dlk_tbl_00775,proc_tbl_00557,proc_tbl_04059,dlk_tbl_00733,gob_tbl_03762;10;proc_tbl_02260,proc_tbl_02297,dlk_tbl_01674,gob_tbl_01996,dlk_tbl_01786,dlk_tbl_00255,proc_ext_00666,gob_ext_00248,dash_ext_00490,dlk_ext_00024
gob_proceso_0219;5;dlk_tbl_00096,gob_tbl_00194,gob_tbl_01187,proc_tbl_01754,proc_tbl_00772;4;proc_tbl_02598,gob_tbl_02682,gob_ext_00486,dlk_ext_00026
gob_proceso_0220;4;gob_tbl_00094,dash_tbl_03334,gob_tbl_02767,dlk_tbl_01218;10;gob_tbl_02768,gob_tbl_00002,gob_tbl_00166,dlk_tbl_00207,gob_tbl_03115,dlk_tbl_02351,gob_ext_00410,proc_ext_00621,dlk_ext_00064,gob_ext_00129
dlk_proceso_0221;6;dlk_tbl_01616,dlk_tbl_00068,proc_tbl_02400,dlk_tbl_00584,gob_tbl_03353,gob_tbl_02875;6;gob_tbl_00552,gob_tbl_03286,dlk_tbl_03786,dlk_ext_00660,dlk_ext_00368,proc_ext_00657
dlk_proceso_0222;6;gob_tbl_03800,dlk_tbl_00093,gob_tbl_00322,dlk_tbl_00874,ppn_tbl_00387,proc_tbl_01694;4;dlk_tbl_03049,gob_tbl_02507,dlk_ext_00294,dlk_ext_00228
dlk_proceso_0223;8;ppn_tbl_02863,gob_tbl_00827,proc_tbl_03761,dlk_tbl_00764,proc_tbl_01726,dash_tbl_01466,gob_tbl_00442,gob_tbl_00251;24;proc_tbl_01272,dlk_tbl_02095,gob_tbl_02239,m4sco_tbl_04426,gob_tbl_00698,gob_tbl_00179,gob_tbl_01980,std_tbl_03270,gob_tbl_01713,gob_tbl_04013,m4sco_tbl_03117,gob_tbl_02430,std_tbl_02706,gob_tbl_00811,gob_ext_00149,gob_ext_00618,proc_ext_00564,gob_ext_00439,gob_ext_00545,gob_ext_00088,dlk_ext_00099,dlk_ext_00239,dlk_ext_00463,dash_ext_00256
dash_proceso_0224;6;gob_tbl_02245,dlk_tbl_03534,m4sco_tbl_00397,proc_tbl_01348,proc_tbl_01774,dlk_tbl_00004;6;dlk_tbl_04176,dlk_tbl_00819,gob_tbl_03692,ppn_ext_00360,dlk_ext_00158,dlk_ext_00656
proc_proceso_0225;5;dlk_tbl_01948,gob_tbl_01552,gob_tbl_00538,dlk_tbl_00337,dlk_tbl_00979;12;dash_tbl_04417,gob_tbl_03662,gob_tbl_03826,proc_tbl_01796,gob_tbl_01983,proc_tbl_01588,dlk_tbl_03130,m4sco_ext_00458,dlk_ext_00315,dlk_ext_00583,dlk_ext_00683,gob_ext_00124
proc_proceso_0226;4;gob_tbl_01108,dash_tbl_02068,proc_tbl_00276,gob_tbl_03554;5;gob_tbl_03067,dlk_tbl_01201,m4sco_tbl_02776,dlk_ext_00043,gob_ext_00320
gob_proceso_0227;3;proc_tbl_01834,gob_tbl_02723,dlk_tbl_04307;5;proc_tbl_03775,proc_tbl_04251,ppn_tbl_03202,dlk_ext_00222,gob_ext_00321
dlk_proceso_0228;4;dash_tbl_03970,std_tbl_00894,dlk_tbl_02543,dlk_tbl_02753;4;dlk_tbl_02074,dlk_tbl_00483,gob_ext_00202,dlk_ext_00609
gob_proceso_0229;4;gob_tbl_04359,dlk_tbl_01119,dlk_tbl_03961,dash_tbl_01727;7;proc_tbl_00306,gob_tbl_00032,gob_tbl_02788,gob_tbl_02522,proc_ext_00150,proc_ext_00459,dlk_ext_00351
dlk_proceso_0230;3;gob_tbl_04046,dlk_tbl_03561,gob_tbl_03797;12;gob_tbl_01523,dlk_tbl_00558,dlk_tbl_01750,dlk_tbl_02046,gob_tbl_02027,dlk_tbl_02732,proc_tbl_02727,dash_ext_00558,gob_ext_00446,gob_ext_00184,proc_ext_00383,gob_ext_00477
gob_proceso_0231;2;proc_tbl_04288,dlk_tbl_03899;7;gob_tbl_00190,proc_tbl_00718,dash_tbl_01715,dlk_tbl_03179,gob_ext_00212,dlk_ext_00160,gob_ext_00327
dlk_proceso_0232;3;gob_tbl_03228,m4vw_tbl_00723,dash_tbl_02517;13;gob_tbl_01462,dlk_tbl_01254,dlk_tbl_00394,proc_tbl_03275,gob_tbl_03441,gob_tbl_02751,m4sco_tbl_02636,dlk_ext_00461,dlk_ext_00597,gob_ext_00320,dash_ext_00626,dlk_ext_00569,dlk_ext_00279
proc_proceso_0233;2;proc_tbl_00529,proc_tbl_00551;9;gob_tbl_00613,gob_tbl_02503,dash_tbl_02134,gob_tbl_00537,dlk_tbl_00748,proc_ext_00383,proc_ext_00263,proc_ext_00181,proc_ext_00157
dash_proceso_0234;5;gob_tbl_01040,dash_tbl_03790,dlk_tbl_01882,gob_tbl_00552,gob_tbl_01625;8;gob_tbl_01440,dlk_tbl_02387,dlk_tbl_04365,dash_tbl_04182,gob_tbl_00396,gob_ext_00130,dlk_ext_00652,proc_ext_00171
proc_proceso_0235;6;proc_tbl_01453,dlk_tbl_03463,proc_tbl_00977,std_tbl_00976,dlk_tbl_02429,dlk_tbl_01641;13;dlk_tbl_02921,gob_tbl_04160,gob_tbl_00721,dlk_tbl_01181,proc_tbl_03616,gob_tbl_02124,dlk_tbl_03901,gob_ext_00180,dlk_ext_00024,dash_ext_00152,gob_ext_00365,gob_ext_00612,gob_ext_00001
dlk_proceso_0236;2;std_tbl_02544,dlk_tbl_02897;13;dlk_tbl_00855,proc_tbl_02696,dlk_tbl_00688,dlk_tbl_01318,dlk_tbl_03191,gob_tbl_01625,dlk_tbl_00379,dlk_ext_00069,dlk_ext_00066,dash_ext_00710,dlk_ext_00274,dlk_ext_00125,dlk_ext_00691
dlk_proceso_0237;2;dash_tbl_01814,proc_tbl_00948;8;dlk_tbl_03239,gob_tbl_02646,proc_tbl_01806,proc_tbl_02167,gob_tbl_02502,dlk_ext_00482,gob_ext_00454,proc_ext_00572
proc_proceso_0238;3;gob_tbl_03172,gob_tbl_02672,std_tbl_01649;8;dlk_tbl_03899,gob_tbl_00032,gob_tbl_02756,gob_tbl_00981,gob_tbl_04257,dash_ext_00558,dlk_ext_00676,gob_ext_00520
dash_proceso_0239;2;dlk_tbl_01155,proc_tbl_02813;13;dlk_tbl_01701,proc_tbl_03085,dlk_tbl_03042,dlk_tbl_00503,proc_tbl_02868,gob_tbl_01865,dlk_tbl_04241,std_ext_00188,gob_ext_00607,dlk_ext_00228,gob_ext_00424,dlk_ext_00445,dash_ext_00256
proc_proceso_0240;6;proc_tbl_00225,proc_tbl_03092,dlk_tbl_00532,dlk_tbl_02461,dlk_tbl_02744,dlk_tbl_02199;21;dlk_tbl_03933,gob_tbl_00328,dash_tbl_01940,gob_tbl_02143,dlk_tbl_01064,gob_tbl_02065,gob_tbl_02852,m4vw_tbl_04243,gob_tbl_01803,gob_tbl_01722,proc_tbl_03377,proc_tbl_01806,gob_ext_00362,ppn_ext_00143,dlk_ext_00582,proc_ext_00077,dlk_ext_00101,dash_ext_00172,dlk_ext_00022,dash_ext_00190,ppn_ext_00300
gob_proceso_0241;4;gob_tbl_02411,gob_tbl_01499,proc_tbl_04170,proc_tbl_03010;12;proc_tbl_01774,gob_tbl_00094,dlk_tbl_01024,dlk_tbl_02304,gob_tbl_02991,gob_tbl_02804,dlk_tbl_03732,gob_ext_00370,gob_ext_00044,gob_ext_00663,dlk_ext_00386,proc_ext_00146
dash_proceso_0242;7;proc_tbl_01505,dlk_tbl_02367,dlk_tbl_03853,gob_tbl_01759,std_tbl_00940,dlk_tbl_03018,proc_tbl_00573;4;dlk_tbl_00996,gob_tbl_03272,proc_ext_00169,gob_ext_00630
proc_proceso_0243;6;dlk_tbl_01753,dlk_tbl_04411,dlk_tbl_03755,m4sco_tbl_00422,dlk_tbl_00394,gob_tbl_01720;6;dlk_tbl_00690,gob_tbl_01270,dlk_tbl_03582,gob_ext_00149,proc_ext_00383,dlk_ext_00523
dash_proceso_0244;4;gob_tbl_03703,dlk_tbl_00157,gob_tbl_03109,proc_tbl_00897;3;dlk_tbl_03642,proc_tbl_01393,dlk_ext_00026
dlk_proceso_0245;3;gob_tbl_01092,dlk_tbl_02978,ppn_tbl_02833;13;dlk_tbl_04304,gob_tbl_02272,std_tbl_03740,gob_tbl_00282,std_tbl_03863,ppn_tbl_01376,gob_tbl_00702,gob_ext_00191,dlk_ext_00101,proc_ext_00242,proc_ext_00455,gob_ext_00038,gob_ext_00316
dlk_proceso_0246;7;proc_tbl_01806,dlk_tbl_01703,proc_tbl_00650,dlk_tbl_03402,gob_tbl_04254,dlk_tbl_03642,dlk_tbl_03857;11;std_tbl_00945,gob_tbl_03267,dlk_tbl_01755,dlk_tbl_04037,gob_tbl_02143,dlk_tbl_00580,dlk_ext_00632,gob_ext_00678,dash_ext_00646,proc_ext_00472,gob_ext_00187
dash_proceso_0247;5;dlk_tbl_00501,dlk_tbl_02334,dlk_tbl_03603,proc_tbl_03565,proc_tbl_02410;14;dlk_tbl_00953,gob_tbl_02103,gob_tbl_02147,gob_tbl_04050,dlk_tbl_04039,dlk_tbl_01885,proc_tbl_01445,gob_tbl_03691,gob_ext_00244,proc_ext_00657,dlk_ext_00445,dash_ext_00096,dash_ext_00710,dlk_ext_00390
gob_proceso_0248;5;dlk_tbl_03868,m4vw_tbl_04017,dlk_tbl_03951,dlk_tbl_01138,proc_tbl_02149;7;m4sco_tbl_04282,dash_tbl_02942,dlk_tbl_02525,dlk_tbl_02933,dlk_ext_00053,proc_ext_00559,dlk_ext_00676
proc_proceso_0249;5;dlk_tbl_01292,dlk_tbl_03872,dlk_tbl_00472,proc_tbl_03674,dlk_tbl_00280;8;dlk_tbl_01900,dash_tbl_02655,dash_tbl_02944,gob_tbl_00898,dash_tbl_04021,proc_ext_00566,ppn_ext_00360,dlk_ext_00411
dash_proceso_0250;6;dlk_tbl_00804,dash_tbl_02321,dlk_tbl_03213,dlk_tbl_02076,proc_tbl_03938,gob_tbl_04297;10;dlk_tbl_04135,proc_tbl_01669,dlk_tbl_00468,proc_tbl_03550,gob_tbl_00145,std_tbl_00945,dlk_ext_00247,gob_ext_00044,proc_ext_00150,m4vw_ext_00030
gob_proceso_0251;6;dlk_tbl_03619,proc_tbl_01808,proc_tbl_00188,gob_tbl_03856,dlk_tbl_00229,gob_tbl_00254;4;gob_tbl_03878,gob_tbl_00079,dash_ext_00558,gob_ext_00318
proc_proceso_0252;4;dlk_tbl_02505,dlk_tbl_02216,dash_tbl_00747,gob_tbl_02476;17;dlk_tbl_01966,gob_tbl_00800,dlk_tbl_01432,proc_tbl_01425,proc_tbl_03133,dlk_tbl_01022,proc_tbl_03900,dlk_tbl_02661,dlk_tbl_02355,dlk_tbl_04112,dlk_ext_00047,gob_ext_00539,gob_ext_00699,dlk_ext_00398,std_ext_00092,gob_ext_00104,proc_ext_00177
proc_proceso_0253;5;dash_tbl_02937,gob_tbl_03055,gob_tbl_00308,proc_tbl_01854,gob_tbl_03562;15;gob_tbl_01165,gob_tbl_02721,proc_tbl_02984,dlk_tbl_03582,gob_tbl_04408,gob_tbl_01895,dlk_tbl_03706,gob_tbl_03739,gob_tbl_03184,dash_ext_00433,gob_ext_00130,proc_ext_00349,dlk_ext_00274,dlk_ext_00668,dash_ext_00091
dlk_proceso_0254;6;gob_tbl_02725,gob_tbl_02555,gob_tbl_01699,m4sco_tbl_03434,proc_tbl_02644,dlk_tbl_01904;10;gob_tbl_02653,dlk_tbl_01156,dlk_tbl_00147,proc_tbl_01072,proc_tbl_01401,gob_tbl_04036,gob_ext_00260,gob_ext_00563,proc_ext_00367,gob_ext_00267
dlk_proceso_0255;2;dash_tbl_03624,dlk_tbl_02026;7;proc_tbl_01821,proc_tbl_01806,dlk_tbl_04352,gob_tbl_00613,gob_ext_00581,dlk_ext_00475,gob_ext_00418
dash_proceso_0256;2;m4vw_tbl_04130,m4vw_tbl_01009;15;dlk_tbl_02319,dlk_tbl_01330,proc_tbl_02455,proc_tbl_02796,dlk_tbl_01477,proc_tbl_03023,gob_tbl_01590,dlk_tbl_01894,std_tbl_02146,dlk_ext_00517,proc_ext_00126,dlk_ext_00133,gob_ext_00418,dlk_ext_00127,proc_ext_00654
gob_proceso_0257;8;gob_tbl_00952,gob_tbl_01546,dlk_tbl_03779,std_tbl_00835,dlk_tbl_02215,gob_tbl_00191,gob_tbl_03362,gob_tbl_00706;14;proc_tbl_02541,dlk_tbl_03252,proc_tbl_03934,dlk_tbl_03995,dlk_tbl_00347,gob_tbl_04271,dash_tbl_01898,std_tbl_01984,gob_ext_00159,dlk_ext_00444,dlk_ext_00592,gob_ext_00538,dlk_ext_00681,dlk_ext_00315
proc_proceso_0258;4;proc_tbl_03890,gob_tbl_01173,m4vw_tbl_00671,dlk_tbl_03986;8;dlk_tbl_02783,gob_tbl_04450,proc_tbl_00306,dlk_tbl_04209,dlk_tbl_04056,dlk_ext_00211,dlk_ext_00496,ppn_ext_00306
gob_proceso_0259;3;dlk_tbl_01224,m4vw_tbl_01707,gob_tbl_02130;12;gob_tbl_00295,proc_tbl_03922,dlk_tbl_01079,dlk_tbl_03311,gob_tbl_00649,dash_tbl_04165,dlk_tbl_00891,gob_ext_00161,ppn_ext_00489,dlk_ext_00390,dash_ext_00646,m4vw_ext_00692
dlk_proceso_0260;5;gob_tbl_02576,gob_tbl_02829,gob_tbl_04276,gob_tbl_00285,m4sco_tbl_03608;5;std_tbl_04125,gob_tbl_02867,dlk_tbl_02359,dlk_ext_00305,dlk_ext_00676
dlk_proceso_0261;3;proc_tbl_01791,dlk_tbl_01052,gob_tbl_03976;11;proc_tbl_00885,dash_tbl_03727,gob_tbl_03974,dlk_tbl_01629,proc_tbl_04294,proc_tbl_01603,gob_ext_00104,dlk_ext_00326,gob_ext_00510,gob_ext_00630,gob_ext_00273
proc_proceso_0262;4;dlk_tbl_03244,dlk_tbl_00269,gob_tbl_03541,dlk_tbl_03140;11;gob_tbl_04003,gob_tbl_02779,gob_tbl_00154,gob_tbl_01106,gob_tbl_03864,dash_tbl_02066,dash_ext_00271,gob_ext_00449,proc_ext_00054,gob_ext_00470,dlk_ext_00610
gob_proceso_0263;2;dlk_tbl_00240,proc_tbl_03553;12;dlk_tbl_03257,gob_tbl_02856,gob_tbl_02747,gob_tbl_02567,dlk_tbl_02088,gob_tbl_01873,dlk_tbl_00167,ppn_ext_00489,dash_ext_00433,m4sco_ext_00007,dash_ext_00642,dlk_ext_00714
proc_proceso_0264;4;gob_tbl_02952,std_tbl_03627,gob_tbl_03451,dlk_tbl_02357;10;gob_tbl_02779,proc_tbl_00705,m4sco_tbl_02810,gob_tbl_00538,dlk_tbl_01190,gob_tbl_02976,gob_ext_00081,dlk_ext_00393,gob_ext_00538,dlk_ext_00531
dlk_proceso_0265;5;dlk_tbl_02985,proc_tbl_01529,gob_tbl_04438,gob_tbl_02946,dlk_tbl_01627;4;proc_tbl_03969,dlk_tbl_02095,gob_ext_00702,gob_ext_00191
dlk_proceso_0266;2;proc_tbl_03503,dlk_tbl_01025;7;dlk_tbl_03057,gob_tbl_01537,dlk_tbl_00379,dlk_tbl_00731,gob_ext_00634,dlk_ext_00592,gob_ext_00224
dlk_proceso_0267;3;gob_tbl_01842,gob_tbl_02147,dlk_tbl_00100;6;gob_tbl_00803,dlk_tbl_01391,dlk_tbl_01783,dlk_ext_00444,dlk_ext_00465,dash_ext_00036
dlk_proceso_0268;5;dlk_tbl_04051,proc_tbl_01822,ppn_tbl_03794,gob_tbl_00007,dlk_tbl_01024;14;gob_tbl_03067,dlk_tbl_03707,proc_tbl_00983,gob_tbl_02131,dlk_tbl_02617,proc_tbl_03746,gob_tbl_04201,gob_tbl_02934,dlk_ext_00411,dlk_ext_00201,dlk_ext_00192,gob_ext_00503,dash_ext_00544,dlk_ext_00551
gob_proceso_0269;6;std_tbl_00067,dlk_tbl_04439,dlk_tbl_03893,dash_tbl_03403,std_tbl_02432,gob_tbl_03804;6;dlk_tbl_00633,dlk_tbl_02405,gob_tbl_02039,dash_ext_00208,proc_ext_00657,proc_ext_00281
dlk_proceso_0270;9;std_tbl_01998,gob_tbl_01536,gob_tbl_00621,std_tbl_03386,dlk_tbl_04328,dlk_tbl_03421,dlk_tbl_03498,dlk_tbl_01671,gob_tbl_01709;14;gob_tbl_00892,proc_tbl_02837,dlk_tbl_02148,dlk_tbl_03505,dlk_tbl_02061,dash_tbl_01166,proc_tbl_00907,dlk_tbl_00813,gob_ext_00553,gob_ext_00334,gob_ext_00702,dlk_ext_00313,proc_ext_00263,dlk_ext_00444
dlk_proceso_0271;4;dlk_tbl_00516,dlk_tbl_04104,proc_tbl_01598,gob_tbl_03336;12;dash_tbl_04306,dlk_tbl_02666,gob_tbl_02568,gob_tbl_01227,proc_tbl_03775,dlk_tbl_00089,dlk_tbl_03670,dlk_ext_00592,ppn_ext_00629,dlk_ext_00210,dlk_ext_00714,dlk_ext_00660
dlk_proceso_0272;3;gob_tbl_02496,dlk_tbl_00813,dlk_tbl_00570;9;dlk_tbl_01390,gob_tbl_01914,gob_tbl_02928,m4vw_tbl_04243,gob_tbl_00371,gob_ext_00104,dlk_ext_00095,proc_ext_00657,gob_ext_00038
proc_proceso_0273;4;dlk_tbl_01923,gob_tbl_03003,gob_tbl_03673,gob_tbl_02396;11;gob_tbl_02224,gob_tbl_02206,dlk_tbl_02169,gob_tbl_04050,proc_tbl_02677,gob_tbl_03321,gob_ext_00624,dlk_ext_00186,dlk_ext_00435,dlk_ext_00535,dlk_ext_00255
proc_proceso_0274;6;m4sco_tbl_02605,gob_tbl_03441,m4vw_tbl_04385,gob_tbl_04474,gob_tbl_03215,m4vw_tbl_04243;21;gob_tbl_02851,proc_tbl_00289,gob_tbl_00521,gob_tbl_01924,dash_tbl_03749,m4sco_tbl_02043,gob_tbl_00094,m4vw_tbl_01009,dlk_tbl_02335,gob_tbl_03184,dlk_tbl_02869,gob_tbl_03192,dlk_ext_00026,gob_ext_00440,proc_ext_00054,gob_ext_00486,proc_ext_00443,dlk_ext_00227,dlk_ext_00024,gob_ext_00244,gob_ext_00708
gob_proceso_0275;3;dash_tbl_02526,std_tbl_04048,std_tbl_00453;4;gob_tbl_03457,dlk_tbl_01302,proc_ext_00426,proc_ext_00566
gob_proceso_0276;2;gob_tbl_02200,gob_tbl_01077;5;dlk_tbl_01792,dlk_tbl_03410,gob_tbl_03182,dlk_ext_00610,gob_ext_00229
gob_proceso_0277;3;dlk_tbl_03635,gob_tbl_03028,gob_tbl_00812;13;gob_tbl_03883,dlk_tbl_03649,proc_tbl_00853,dlk_tbl_00582,dlk_tbl_02274,gob_tbl_03507,gob_tbl_03044,dlk_ext_00425,dlk_ext_00359,proc_ext_00690,gob_ext_00100,dlk_ext_00395,dlk_ext_00473
dlk_proceso_0278;7;dash_tbl_01708,gob_tbl_02554,dlk_tbl_04384,proc_tbl_03567,gob_tbl_03025,gob_tbl_03186,gob_tbl_04110;20;dash_tbl_01982,gob_tbl_02878,gob_tbl_03639,dlk_tbl_03191,proc_tbl_00104,dlk_tbl_01581,gob_tbl_00826,gob_tbl_01980,gob_tbl_00334,gob_tbl_02972,dlk_tbl_02752,proc_tbl_00301,gob_ext_00267,std_ext_00671,dlk_ext_00668,gob_ext_00492,ppn_ext_00629,proc_ext_00559,dash_ext_00701,ppn_ext_00143
dlk_proceso_0279;5;proc_tbl_00939,m4vw_tbl_01630,gob_tbl_00216,gob_tbl_00023,gob_tbl_00800;13;proc_tbl_00446,gob_tbl_03223,dlk_tbl_03631,dlk_tbl_01753,gob_tbl_00314,proc_tbl_02757,dlk_tbl_02112,dlk_ext_00516,proc_ext_00621,std_ext_00218,proc_ext_00328,dlk_ext_00481,gob_ext_00651
proc_proceso_0280;6;gob_tbl_01936,dlk_tbl_04255,gob_tbl_00081,gob_tbl_00033,gob_tbl_02568,std_tbl_03597;4;proc_tbl_00939,gob_tbl_01057,proc_ext_00508,dlk_ext_00078
dlk_proceso_0281;9;std_tbl_02468,m4sco_tbl_00041,gob_tbl_00077,gob_tbl_00925,dlk_tbl_04295,proc_tbl_00464,dlk_tbl_03252,dlk_tbl_02708,dlk_tbl_01993;14;gob_tbl_00417,proc_tbl_02366,dlk_tbl_01972,dlk_tbl_00542,dlk_tbl_00302,proc_tbl_00105,std_tbl_00177,dlk_tbl_01885,gob_ext_00116,gob_ext_00419,proc_ext_00715,dlk_ext_00543,dash_ext_00590,gob_ext_00601
gob_proceso_0282;4;dash_tbl_01973,proc_tbl_00938,gob_tbl_00926,m4vw_tbl_03431;12;gob_tbl_02668,dlk_tbl_00658,gob_tbl_01209,gob_tbl_04362,dlk_tbl_04223,dlk_tbl_03676,dlk_tbl_01385,gob_ext_00168,dash_ext_00646,dlk_ext_00388,gob_ext_00618,dlk_ext_00341
dlk_proceso_0283;7;dlk_tbl_03754,proc_tbl_04262,dlk_tbl_01494,dash_tbl_01690,dash_tbl_04182,proc_tbl_04035,gob_tbl_00405;20;dlk_tbl_01361,dlk_tbl_02125,dlk_tbl_03462,dlk_tbl_00356,gob_tbl_00783,dlk_tbl_00401,dlk_tbl_00674,gob_tbl_03353,m4sco_tbl_00484,dlk_tbl_02519,dlk_tbl_03027,gob_tbl_02973,gob_ext_00611,gob_ext_00174,proc_ext_00040,dlk_ext_00528,ppn_ext_00143,dlk_ext_00366,dash_ext_00190,dlk_ext_00018
gob_proceso_0284;6;gob_tbl_01213,proc_tbl_01620,dlk_tbl_02041,proc_tbl_03051,gob_tbl_01450,dlk_tbl_04341;15;proc_tbl_01588,gob_tbl_00050,gob_tbl_04086,dash_tbl_02619,m4vw_tbl_01247,m4vw_tbl_00671,dash_tbl_03269,m4sco_tbl_02462,dlk_tbl_01378,dash_ext_00593,gob_ext_00440,gob_ext_00329,dlk_ext_00603,gob_ext_00365,std_ext_00092
proc_proceso_0285;2;dlk_tbl_02233,gob_tbl_00870;7;dlk_tbl_03944,dash_tbl_00138,proc_tbl_01125,gob_tbl_03088,dlk_ext_00026,proc_ext_00376,dlk_ext_00068
gob_proceso_0286;8;proc_tbl_04430,proc_tbl_03862,dash_tbl_03873,gob_tbl_01944,gob_tbl_04014,dlk_tbl_00462,dlk_tbl_01352,ppn_tbl_02572;23;dlk_tbl_03992,dlk_tbl_02045,dlk_tbl_03414,gob_tbl_00325,proc_tbl_00785,dlk_tbl_02732,gob_tbl_03052,dlk_tbl_00599,gob_tbl_00298,dlk_tbl_03830,dash_tbl_02203,gob_tbl_04157,gob_tbl_03544,dlk_ext_00466,gob_ext_00358,proc_ext_00243,gob_ext_00653,gob_ext_00180,proc_ext_00657,dlk_ext_00569,dlk_ext_00024,dlk_ext_00368,proc_ext_00242
gob_proceso_0287;4;dlk_tbl_03855,dlk_tbl_03529,dlk_tbl_04259,dlk_tbl_00142;12;gob_tbl_00475,dash_tbl_03074,gob_tbl_02396,dlk_tbl_04088,gob_tbl_04343,dlk_tbl_02910,proc_tbl_00796,gob_ext_00401,dlk_ext_00276,proc_ext_00383,gob_ext_00520,gob_ext_00628
dlk_proceso_0288;3;gob_tbl_00214,dlk_tbl_04010,gob_tbl_03296;9;dash_tbl_04166,proc_tbl_00821,gob_tbl_01101,dlk_tbl_03561,dlk_tbl_00571,gob_ext_00224,dlk_ext_00377,gob_ext_00130,gob_ext_00630
dlk_proceso_0289;4;gob_tbl_00815,gob_tbl_02831,dlk_tbl_01971,dlk_tbl_00290;7;dlk_tbl_04350,proc_tbl_00276,gob_tbl_00887,gob_tbl_00184,proc_ext_00107,dlk_ext_00237,dlk_ext_00119
dlk_proceso_0290;4;dlk_tbl_00497,gob_tbl_01400,proc_tbl_00213,dlk_tbl_00672;12;dlk_tbl_00543,dlk_tbl_00674,dash_tbl_03407,proc_tbl_00363,dlk_tbl_04218,gob_tbl_00730,std_tbl_03597,gob_ext_00191,gob_ext_00625,gob_ext_00320,gob_ext_00607,m4vw_ext_00403
dlk_proceso_0291;6;proc_tbl_01673,gob_tbl_02521,gob_tbl_00395,proc_tbl_01495,dash_tbl_00817,gob_tbl_01261;11;gob_tbl_00720,dlk_tbl_03208,dlk_tbl_02933,proc_tbl_02912,m4sco_tbl_01782,gob_tbl_04379,proc_ext_00150,dlk_ext_00204,m4vw_ext_00462,gob_ext_00327,gob_ext_00168
dlk_proceso_0292;4;dlk_tbl_02783,dlk_tbl_02762,dlk_tbl_00903,gob_tbl_03978;5;dlk_tbl_03836,proc_tbl_00796,dlk_tbl_03853,dlk_ext_00610,dlk_ext_00305
dash_proceso_0293;5;gob_tbl_00045,proc_tbl_00256,dash_tbl_04076,gob_tbl_00697,dlk_tbl_03923;14;dlk_tbl_00230,proc_tbl_03104,gob_tbl_01685,dlk_tbl_03381,dlk_tbl_01097,dlk_tbl_03948,gob_tbl_00621,dlk_tbl_02189,dlk_ext_00386,proc_ext_00621,proc_ext_00413,dlk_ext_00561,proc_ext_00666,dlk_ext_00411
gob_proceso_0294;4;gob_tbl_01058,dlk_tbl_01362,dlk_tbl_03535,gob_tbl_02317;6;gob_tbl_02692,gob_tbl_01176,gob_tbl_02377,gob_ext_00257,dlk_ext_00069,gob_ext_00087
dlk_proceso_0295;2;proc_tbl_01796,dlk_tbl_02635;5;dlk_tbl_02114,dlk_tbl_00479,gob_tbl_00538,proc_ext_00243,dash_ext_00490
proc_proceso_0296;5;dash_tbl_03074,dlk_tbl_04018,dlk_tbl_02982,gob_tbl_03821,gob_tbl_04146;8;proc_tbl_03237,dlk_tbl_02341,dlk_tbl_00849,gob_tbl_03552,proc_tbl_01184,proc_ext_00328,proc_ext_00290,gob_ext_00224
dash_proceso_0297;8;dlk_tbl_00409,dlk_tbl_02893,m4sco_tbl_02283,gob_tbl_02702,dlk_tbl_00010,proc_tbl_02773,gob_tbl_02348,dlk_tbl_01008;5;gob_tbl_00095,std_tbl_02403,m4sco_tbl_02458,dlk_ext_00356,dlk_ext_00640
gob_proceso_0298;7;proc_tbl_02344,proc_tbl_01798,std_tbl_00177,dlk_tbl_00677,gob_tbl_04019,dlk_tbl_02422,proc_tbl_02260;9;dlk_tbl_03827,dlk_tbl_00855,dlk_tbl_03421,dlk_tbl_02401,gob_tbl_00541,dlk_ext_00388,gob_ext_00080,gob_ext_00075,gob_ext_00503
dlk_proceso_0299;4;gob_tbl_01132,dlk_tbl_00696,ppn_tbl_01538,m4sco_tbl_04282;12;proc_tbl_02729,gob_tbl_01565,gob_tbl_04412,proc_tbl_02295,dlk_tbl_01711,dlk_tbl_03232,dash_tbl_01727,gob_ext_00241,proc_ext_00621,gob_ext_00617,dlk_ext_00481,proc_ext_00429
dlk_proceso_0300;3;dash_tbl_02965,proc_tbl_00799,dlk_tbl_00572;17;dash_tbl_03478,gob_tbl_04405,m4vw_tbl_04381,gob_tbl_01570,dlk_tbl_03017,gob_tbl_01157,dlk_tbl_01547,dlk_tbl_01237,gob_tbl_04183,dlk_tbl_02385,dlk_ext_00225,gob_ext_00684,m4sco_ext_00193,gob_ext_00611,dash_ext_00091,proc_ext_00167,gob_ext_00694
proc_proceso_0301;5;dlk_tbl_00872,dlk_tbl_03576,gob_tbl_01355,dlk_tbl_01540,proc_tbl_03775;7;gob_tbl_02269,gob_tbl_02406,proc_tbl_02696,gob_tbl_01346,gob_ext_00661,proc_ext_00336,dlk_ext_00662
dlk_proceso_0302;2;dlk_tbl_04119,dlk_tbl_00688;10;gob_tbl_04321,dlk_tbl_03917,m4vw_tbl_00610,dlk_tbl_04296,m4sco_tbl_04426,dlk_tbl_02995,gob_ext_00330,dlk_ext_00652,dash_ext_00409,gob_ext_00634
dlk_proceso_0303;5;dlk_tbl_00206,std_tbl_00922,gob_tbl_04034,dash_tbl_03502,proc_tbl_00566;7;proc_tbl_01419,dlk_tbl_01554,dlk_tbl_00377,dlk_tbl_00509,proc_ext_00263,dlk_ext_00482,dlk_ext_00294
dash_proceso_0304;5;dlk_tbl_00255,proc_tbl_03998,proc_tbl_02232,dlk_tbl_00071,gob_tbl_03984;19;proc_tbl_00324,dash_tbl_02296,gob_tbl_01996,dlk_tbl_02019,proc_tbl_02260,gob_tbl_02690,proc_tbl_00414,dlk_tbl_03914,dlk_tbl_03224,dlk_tbl_00951,dlk_tbl_04241,gob_ext_00129,gob_ext_00161,dlk_ext_00144,dlk_ext_00363,dlk_ext_00542,dlk_ext_00535,gob_ext_00241,dlk_ext_00039
gob_proceso_0305;2;gob_tbl_02923,dash_tbl_00057;7;std_tbl_02643,dlk_tbl_04219,gob_tbl_02806,gob_tbl_01179,dlk_ext_00210,dlk_ext_00136,gob_ext_00159
dlk_proceso_0306;4;dlk_tbl_01383,gob_tbl_01813,gob_tbl_00050,m4vw_tbl_02038;8;dlk_tbl_00876,ppn_tbl_02293,dlk_tbl_02334,proc_tbl_01669,gob_tbl_04368,proc_ext_00062,dash_ext_00020,gob_ext_00702
dlk_proceso_0307;4;gob_tbl_01242,gob_tbl_01799,gob_tbl_03773,dlk_tbl_02913;7;dlk_tbl_04135,dlk_tbl_00152,dlk_tbl_02982,proc_tbl_02100,dlk_ext_00700,dlk_ext_00676,dlk_ext_00133
gob_proceso_0308;3;dash_tbl_03911,proc_tbl_03712,dlk_tbl_03945;13;dlk_tbl_00201,dlk_tbl_01525,gob_tbl_01811,std_tbl_02827,dlk_tbl_03000,m4vw_tbl_00431,dlk_tbl_04280,dlk_ext_00356,proc_ext_00040,ppn_ext_00143,dlk_ext_00687,dlk_ext_00331,dlk_ext_00308
gob_proceso_0309;7;proc_tbl_03701,dlk_tbl_00511,gob_tbl_03715,gob_tbl_04380,std_tbl_02943,dlk_tbl_01972,std_tbl_03931;6;gob_tbl_01210,gob_tbl_03393,dlk_tbl_03832,gob_ext_00191,gob_ext_00415,gob_ext_00333
proc_proceso_0310;4;gob_tbl_00541,dash_tbl_00822,std_tbl_03455,gob_tbl_01921;6;gob_tbl_00783,gob_tbl_04450,gob_tbl_02511,proc_ext_00406,dlk_ext_00465,dlk_ext_00066
dlk_proceso_0311;5;dash_tbl_04078,dlk_tbl_03075,proc_tbl_02368,proc_tbl_00851,proc_tbl_03287;5;gob_tbl_00423,dlk_tbl_04218,proc_tbl_01401,dlk_ext_00160,proc_ext_00131
dlk_proceso_0312;5;proc_tbl_03009,dlk_tbl_01824,gob_tbl_03298,gob_tbl_02663,gob_tbl_04408;8;proc_tbl_03345,dash_tbl_01115,proc_tbl_02080,gob_tbl_03953,dlk_tbl_03486,dlk_ext_00395,proc_ext_00040,gob_ext_00557
dash_proceso_0313;7;dlk_tbl_04373,gob_tbl_03716,m4vw_tbl_02795,dlk_tbl_00452,gob_tbl_02210,proc_tbl_02327,gob_tbl_00318;11;proc_tbl_00087,proc_tbl_01789,gob_tbl_00117,dash_tbl_02821,gob_tbl_01040,proc_tbl_02036,dlk_ext_00496,proc_ext_00131,proc_ext_00328,gob_ext_00037,gob_ext_00209
dash_proceso_0314;7;dlk_tbl_03235,dlk_tbl_00999,dlk_tbl_00083,dlk_tbl_04334,dash_tbl_00805,gob_tbl_00506,dlk_tbl_02678;15;dlk_tbl_02484,dlk_tbl_02519,dlk_tbl_01156,gob_tbl_01389,dlk_tbl_02351,dlk_tbl_00004,gob_tbl_03895,m4sco_tbl_01560,dlk_tbl_02680,dlk_ext_00528,gob_ext_00702,proc_ext_00428,dlk_ext_00109,gob_ext_00625,dlk_ext_00691
dash_proceso_0315;2;proc_tbl_00162,gob_tbl_00282;7;dlk_tbl_01908,gob_tbl_00423,dlk_tbl_04361,dlk_tbl_01014,dlk_ext_00697,gob_ext_00168,dlk_ext_00683
proc_proceso_0316;5;gob_tbl_02282,proc_tbl_01186,gob_tbl_02332,gob_tbl_00613,dlk_tbl_00510;14;dlk_tbl_02169,proc_tbl_02539,gob_tbl_00091,ppn_tbl_01657,m4vw_tbl_01110,dlk_tbl_04304,gob_tbl_04327,dlk_tbl_02437,dlk_ext_00160,gob_ext_00673,dlk_ext_00393,gob_ext_00088,gob_ext_00241,gob_ext_00273
gob_proceso_0317;3;gob_tbl_03333,gob_tbl_04314,proc_tbl_03424;6;gob_tbl_02916,dlk_tbl_01052,proc_tbl_02080,proc_ext_00054,proc_ext_00392,proc_ext_00536
proc_proceso_0318;3;gob_tbl_04065,proc_tbl_02365,gob_tbl_02162;15;gob_tbl_03536,gob_tbl_02491,dlk_tbl_00352,dlk_tbl_04010,dlk_tbl_00069,dlk_tbl_04365,dlk_tbl_01618,gob_tbl_02823,std_tbl_00984,dlk_ext_00279,m4sco_ext_00004,gob_ext_00442,dlk_ext_00227,gob_ext_00059,dlk_ext_00481
proc_proceso_0319;4;dlk_tbl_02441,dlk_tbl_00221,proc_tbl_00713,proc_tbl_04028;4;std_tbl_04383,dlk_tbl_03816,dash_ext_00046,gob_ext_00174
gob_proceso_0320;4;dlk_tbl_01097,dash_tbl_04138,dlk_tbl_02122,gob_tbl_04022;5;proc_tbl_02594,dlk_tbl_01391,dlk_tbl_00855,dlk_ext_00101,gob_ext_00156
dlk_proceso_0321;2;gob_tbl_03174,proc_tbl_02738;8;dlk_tbl_01361,dlk_tbl_00532,gob_tbl_03310,std_tbl_03008,std_tbl_00984,proc_ext_00406,dlk_ext_00222,gob_ext_00370
proc_proceso_0322;2;gob_tbl_04145,gob_tbl_00473;13;gob_tbl_00904,gob_tbl_04477,gob_tbl_01865,m4sco_tbl_02029,dlk_tbl_03768,gob_tbl_04005,gob_tbl_03791,gob_ext_00334,dlk_ext_00511,dash_ext_00547,dlk_ext_00609,gob_ext_00307,gob_ext_00191
dlk_proceso_0323;3;std_tbl_01473,proc_tbl_02853,gob_tbl_02495;13;proc_tbl_02142,dlk_tbl_00470,dlk_tbl_02095,gob_tbl_02286,gob_tbl_03464,proc_tbl_01669,gob_tbl_02130,gob_ext_00261,gob_ext_00410,gob_ext_00037,gob_ext_00396,proc_ext_00146,proc_ext_00674
dlk_proceso_0324;7;dash_tbl_02316,proc_tbl_01238,dlk_tbl_01323,gob_tbl_03987,gob_tbl_00278,dlk_tbl_01185,gob_tbl_01066;9;dlk_tbl_00373,gob_tbl_03015,gob_tbl_03262,gob_tbl_02686,dlk_tbl_03373,proc_ext_00501,gob_ext_00318,dlk_ext_00194,dlk_ext_00010
proc_proceso_0325;5;dlk_tbl_01102,dlk_tbl_02918,dlk_tbl_00588,gob_tbl_00547,m4sco_tbl_01456;11;proc_tbl_01603,gob_tbl_00556,gob_tbl_01794,dlk_tbl_00580,proc_tbl_00718,gob_tbl_00856,dlk_ext_00366,dlk_ext_00448,gob_ext_00545,gob_ext_00162,proc_ext_00564
gob_proceso_0326;5;proc_tbl_01548,dlk_tbl_01618,gob_tbl_01788,dlk_tbl_02645,gob_tbl_00728;10;gob_tbl_03484,std_tbl_01856,gob_tbl_03348,gob_tbl_01996,proc_tbl_00799,dash_tbl_01814,proc_ext_00290,proc_ext_00054,dlk_ext_00514,gob_ext_00270
proc_proceso_0327;3;dlk_tbl_02248,gob_tbl_00756,dlk_tbl_04310;9;std_tbl_04048,dlk_tbl_01430,gob_tbl_03541,dlk_tbl_03460,dlk_tbl_02335,dlk_ext_00199,gob_ext_00464,proc_ext_00189,proc_ext_00181
dash_proceso_0328;6;gob_tbl_01342,gob_tbl_01230,dlk_tbl_01594,dlk_tbl_00535,dlk_tbl_00582,proc_tbl_01600;11;proc_tbl_01069,dash_tbl_00577,proc_tbl_01764,gob_tbl_00779,gob_tbl_03296,dlk_tbl_00662,dlk_ext_00196,gob_ext_00307,m4sco_ext_00458,dlk_ext_00101,gob_ext_00698
gob_proceso_0329;3;dlk_tbl_03622,gob_tbl_02641,ppn_tbl_02660;11;std_tbl_02544,proc_tbl_02912,dlk_tbl_03763,gob_tbl_04368,dlk_tbl_03311,dlk_tbl_03065,proc_ext_00605,proc_ext_00328,gob_ext_00601,dlk_ext_00516,dash_ext_00221
proc_proceso_0330;2;gob_tbl_04428,dash_tbl_03759;15;gob_tbl_00583,gob_tbl_03301,dlk_tbl_03035,proc_tbl_02236,dlk_tbl_03770,m4sco_tbl_03898,std_tbl_02544,gob_tbl_04321,dash_tbl_00520,dlk_ext_00584,gob_ext_00049,gob_ext_00634,dlk_ext_00314,proc_ext_00501,proc_ext_00062
dlk_proceso_0331;4;proc_tbl_00234,dlk_tbl_01426,dlk_tbl_00905,dlk_tbl_00474;12;dlk_tbl_01987,gob_tbl_01876,gob_tbl_04153,proc_tbl_00744,gob_tbl_02039,dlk_tbl_00662,proc_tbl_01789,proc_ext_00579,dash_ext_00558,dlk_ext_00511,dlk_ext_00676,gob_ext_00086
gob_proceso_0332;4;dlk_tbl_00581,proc_tbl_01723,dlk_tbl_02658,gob_tbl_03644;12;dash_tbl_01997,dlk_tbl_00680,dlk_tbl_02649,dlk_tbl_00953,gob_tbl_02859,gob_tbl_01484,gob_tbl_00205,proc_ext_00621,ppn_ext_00505,dlk_ext_00512,gob_ext_00440,gob_ext_00568
dlk_proceso_0333;5;dlk_tbl_01417,dlk_tbl_00304,gob_tbl_00793,proc_tbl_02101,proc_tbl_04228;11;dlk_tbl_01262,dlk_tbl_02884,proc_tbl_02260,dlk_tbl_03899,dash_tbl_03307,gob_tbl_02621,proc_ext_00416,proc_ext_00055,proc_ext_00328,gob_ext_00031,m4sco_ext_00458
dlk_proceso_0334;4;gob_tbl_04204,dlk_tbl_02258,gob_tbl_02682,dlk_tbl_00918;11;dash_tbl_00916,dlk_tbl_03433,dlk_tbl_01120,proc_tbl_02969,gob_tbl_02057,dlk_tbl_02238,gob_ext_00241,gob_ext_00332,dlk_ext_00015,gob_ext_00044,gob_ext_00224
dlk_proceso_0335;5;dlk_tbl_03803,proc_tbl_02287,dlk_tbl_03129,gob_tbl_02917,gob_tbl_03394;7;gob_tbl_00670,gob_tbl_03974,dlk_tbl_00366,dlk_tbl_01256,dlk_ext_00158,m4vw_ext_00108,gob_ext_00180
dlk_proceso_0336;5;gob_tbl_02128,dash_tbl_01741,proc_tbl_04049,dlk_tbl_01215,dlk_tbl_01602;16;gob_tbl_03336,gob_tbl_00702,dlk_tbl_01403,proc_tbl_03178,dlk_tbl_03454,gob_tbl_01398,gob_tbl_01207,proc_tbl_00859,proc_tbl_01766,ppn_ext_00360,dlk_ext_00064,dlk_ext_00603,gob_ext_00223,gob_ext_00379,proc_ext_00150,dash_ext_00701
dlk_proceso_0337;4;dash_tbl_01293,m4vw_tbl_01009,dlk_tbl_00953,gob_tbl_01812;12;dlk_tbl_00232,gob_tbl_01338,dlk_tbl_02047,dlk_tbl_03474,m4sco_tbl_00422,gob_tbl_00608,dlk_tbl_04209,gob_ext_00285,dlk_ext_00627,dlk_ext_00386,dash_ext_00567,dlk_ext_00640
dlk_proceso_0338;3;m4vw_tbl_01045,gob_tbl_02967,dlk_tbl_00972;12;gob_tbl_00145,dlk_tbl_00167,dlk_tbl_00255,std_tbl_01268,proc_tbl_00234,gob_tbl_00361,gob_tbl_01462,gob_ext_00532,dash_ext_00091,gob_ext_00145,gob_ext_00440,gob_ext_00509
dash_proceso_0339;6;gob_tbl_00192,dash_tbl_02085,gob_tbl_01171,proc_tbl_00750,gob_tbl_02165,dash_tbl_02997;16;m4vw_tbl_00592,dlk_tbl_00708,gob_tbl_04095,dlk_tbl_00625,m4vw_tbl_04017,dash_tbl_02597,dlk_tbl_00563,gob_tbl_00072,dlk_tbl_04225,gob_ext_00168,dlk_ext_00531,proc_ext_00146,dlk_ext_00431,dlk_ext_00711,proc_ext_00107,gob_ext_00229
proc_proceso_0340;5;proc_tbl_00504,gob_tbl_03748,gob_tbl_02966,gob_tbl_04160,dlk_tbl_01617;19;std_tbl_00044,gob_tbl_02814,dash_tbl_03156,dlk_tbl_02759,gob_tbl_04233,dlk_tbl_02718,dash_tbl_01534,ppn_tbl_02020,gob_tbl_01532,dlk_tbl_02380,dlk_tbl_03273,proc_ext_00054,gob_ext_00661,gob_ext_00257,ppn_ext_00360,dlk_ext_00068,dlk_ext_00652,dlk_ext_00499,dash_ext_00271
dlk_proceso_0341;2;proc_tbl_01928,gob_tbl_03677;7;gob_tbl_00877,dlk_tbl_02019,dlk_tbl_03472,proc_tbl_00529,m4vw_ext_00108,dash_ext_00036,proc_ext_00666
proc_proceso_0342;4;gob_tbl_01912,gob_tbl_03584,gob_tbl_01889,gob_tbl_00864;13;proc_tbl_03591,gob_tbl_00842,gob_tbl_00196,proc_tbl_03178,gob_tbl_02406,gob_tbl_01709,gob_tbl_03342,dlk_ext_00436,proc_ext_00090,m4sco_ext_00340,dlk_ext_00178,gob_ext_00545,proc_ext_00263
dlk_proceso_0343;5;gob_tbl_01619,proc_tbl_03493,proc_tbl_04007,dlk_tbl_02284,dlk_tbl_02700;4;proc_tbl_02584,dash_tbl_03403,proc_ext_00057,proc_ext_00564
dash_proceso_0344;5;gob_tbl_00730,dlk_tbl_01006,proc_tbl_03206,dlk_tbl_02954,gob_tbl_01096;7;dlk_tbl_02339,dlk_tbl_02945,gob_tbl_01844,dlk_tbl_00542,dlk_ext_00711,dlk_ext_00393,dash_ext_00547
dlk_proceso_0345;5;dlk_tbl_02081,proc_tbl_00435,dlk_tbl_03057,dash_tbl_02830,dlk_tbl_04279;10;proc_tbl_03581,dash_tbl_01043,dash_tbl_02699,proc_tbl_03550,dlk_tbl_04176,dlk_tbl_03582,gob_ext_00532,dlk_ext_00499,proc_ext_00155,gob_ext_00400
proc_proceso_0346;3;dlk_tbl_00910,dlk_tbl_01030,dlk_tbl_02061;12;proc_tbl_02455,dlk_tbl_02052,gob_tbl_02489,gob_tbl_03417,gob_tbl_02102,dlk_tbl_02373,gob_tbl_01842,gob_ext_00372,m4sco_ext_00679,gob_ext_00400,dlk_ext_00603,dlk_ext_00499
dlk_proceso_0347;2;dlk_tbl_04144,dlk_tbl_02947;6;dlk_tbl_01194,dash_tbl_03839,gob_tbl_03263,dlk_ext_00041,dlk_ext_00368,dlk_ext_00481
dlk_proceso_0348;4;ppn_tbl_04340,proc_tbl_02279,dlk_tbl_01281,dlk_tbl_01857;7;dlk_tbl_00206,dlk_tbl_02415,gob_tbl_01017,dlk_tbl_04206,proc_ext_00281,dlk_ext_00199,gob_ext_00156
dlk_proceso_0349;5;dash_tbl_03265,dlk_tbl_01470,dlk_tbl_01652,dash_tbl_03640,gob_tbl_04163;14;dlk_tbl_03423,dlk_tbl_02689,gob_tbl_03787,dlk_tbl_01472,dlk_tbl_01390,dlk_tbl_00828,proc_tbl_02912,gob_tbl_03175,dlk_ext_00071,dlk_ext_00192,gob_ext_00185,dlk_ext_00411,dlk_ext_00561,dlk_ext_00465
gob_proceso_0350;4;gob_tbl_03328,dlk_tbl_01031,dlk_tbl_00875,dlk_tbl_04060;10;gob_tbl_02460,proc_tbl_03111,m4sco_tbl_03207,gob_tbl_00060,dlk_tbl_00661,dlk_tbl_02713,dlk_ext_00186,dlk_ext_00374,gob_ext_00145,dlk_ext_00342
dlk_proceso_0351;2;gob_tbl_04189,gob_tbl_03723;12;dash_tbl_02547,dlk_tbl_01264,gob_tbl_01709,proc_tbl_00526,dlk_tbl_02948,gob_tbl_03588,dlk_tbl_04387,proc_ext_00337,gob_ext_00577,gob_ext_00545,ppn_ext_00480,gob_ext_00014
proc_proceso_0352;5;dash_tbl_03765,dlk_tbl_01222,dlk_tbl_03937,proc_tbl_01917,dlk_tbl_02099;12;dash_tbl_03611,gob_tbl_00154,gob_tbl_03757,gob_tbl_02747,dlk_tbl_00625,dlk_tbl_03021,proc_tbl_03280,dlk_ext_00368,dlk_ext_00186,dlk_ext_00444,dlk_ext_00147,dash_ext_00046
dlk_proceso_0353;3;gob_tbl_02733,gob_tbl_02272,dash_tbl_00436;6;gob_tbl_02814,gob_tbl_00419,dlk_tbl_00517,dlk_ext_00398,std_ext_00188,dash_ext_00409
proc_proceso_0354;5;gob_tbl_03162,dash_tbl_00639,dlk_tbl_00819,dlk_tbl_02019,dlk_tbl_03831;7;proc_tbl_03123,gob_tbl_02489,dlk_tbl_00631,gob_tbl_03536,proc_ext_00459,proc_ext_00077,dash_ext_00282
gob_proceso_0355;6;dlk_tbl_02713,std_tbl_01967,gob_tbl_02654,dlk_tbl_03929,gob_tbl_00861,dlk_tbl_01372;4;gob_tbl_01565,dash_tbl_03891,dash_ext_00558,m4sco_ext_00679
gob_proceso_0356;4;std_tbl_03915,dlk_tbl_04121,dash_tbl_02030,gob_tbl_03953;7;dlk_tbl_00533,dlk_tbl_03519,std_tbl_02544,m4sco_tbl_02896,proc_ext_00197,std_ext_00599,std_ext_00497
proc_proceso_0357;4;gob_tbl_00602,proc_tbl_03387,dash_tbl_02188,dash_tbl_03721;13;dlk_tbl_00507,dlk_tbl_00841,proc_tbl_02344,dlk_tbl_00532,dlk_tbl_01156,dlk_tbl_01843,gob_tbl_03084,proc_ext_00055,gob_ext_00498,gob_ext_00104,gob_ext_00638,proc_ext_00107,dash_ext_00020
proc_proceso_0358;4;proc_tbl_02855,dlk_tbl_00303,proc_tbl_01382,gob_tbl_03479;8;proc_tbl_01746,dlk_tbl_02563,gob_tbl_01980,gob_tbl_01180,dlk_tbl_02722,proc_ext_00157,proc_ext_00131,dash_ext_00060
dlk_proceso_0359;5;proc_tbl_04031,gob_tbl_03420,dlk_tbl_04184,gob_tbl_02916,gob_tbl_02667;12;proc_tbl_01956,gob_tbl_01728,gob_tbl_04157,dlk_tbl_00102,std_tbl_00894,dlk_tbl_02824,gob_tbl_02226,dlk_ext_00622,dlk_ext_00496,dlk_ext_00531,dlk_ext_00652,dlk_ext_00199
dlk_proceso_0360;3;proc_tbl_01088,m4sco_tbl_01428,gob_tbl_03363;6;gob_tbl_01041,gob_tbl_03047,dlk_tbl_00578,dlk_ext_00700,proc_ext_00324,gob_ext_00334
dlk_proceso_0361;6;gob_tbl_01932,dlk_tbl_00160,proc_tbl_03338,std_tbl_03295,dlk_tbl_00865,gob_tbl_00898;16;dash_tbl_01402,dlk_tbl_04448,gob_tbl_00046,dlk_tbl_03513,std_tbl_02053,gob_tbl_03964,dlk_tbl_02243,gob_tbl_03378,gob_tbl_02507,gob_ext_00378,dlk_ext_00603,proc_ext_00367,proc_ext_00057,dlk_ext_00705,gob_ext_00112,gob_ext_00075
dlk_proceso_0362;2;gob_tbl_02616,gob_tbl_04221;12;proc_tbl_01734,gob_tbl_03968,m4vw_tbl_02802,dlk_tbl_00979,dlk_tbl_02034,gob_tbl_00663,dlk_tbl_04384,proc_ext_00413,dlk_ext_00101,proc_ext_00508,proc_ext_00572,gob_ext_00618
dlk_proceso_0363;6;proc_tbl_00065,dash_tbl_00429,dlk_tbl_01547,dlk_tbl_04392,gob_tbl_00166,gob_tbl_03908;6;gob_tbl_02641,std_tbl_04048,dlk_tbl_04470,dlk_ext_00050,gob_ext_00571,m4vw_ext_00462
gob_proceso_0364;2;gob_tbl_00845,gob_tbl_02171;8;dlk_tbl_00849,dlk_tbl_01155,gob_tbl_02878,dlk_tbl_00562,dlk_tbl_01563,gob_ext_00149,dlk_ext_00141,gob_ext_00430
dlk_proceso_0365;4;gob_tbl_04267,gob_tbl_03607,gob_tbl_02878,dlk_tbl_01783;4;dlk_tbl_02664,dlk_tbl_00680,gob_ext_00456,proc_ext_00343
proc_proceso_0366;3;gob_tbl_03979,gob_tbl_01484,dash_tbl_01648;14;gob_tbl_02787,gob_tbl_03957,dlk_tbl_03699,proc_tbl_00834,proc_tbl_04029,dlk_tbl_01624,gob_tbl_00194,dlk_tbl_04255,gob_ext_00081,proc_ext_00328,dlk_ext_00627,dlk_ext_00385,proc_ext_00150,proc_ext_00154
proc_proceso_0367;4;proc_tbl_03506,gob_tbl_01248,dlk_tbl_03460,proc_tbl_00960;11;gob_tbl_00887,proc_tbl_01457,gob_tbl_01924,gob_tbl_00826,gob_tbl_02239,gob_tbl_00649,gob_ext_00044,proc_ext_00146,dlk_ext_00542,gob_ext_00179,dlk_ext_00078
dash_proceso_0368;5;dlk_tbl_02190,ppn_tbl_02642,dash_tbl_03628,gob_tbl_01976,m4sco_tbl_02029;15;dlk_tbl_02140,dlk_tbl_01941,proc_tbl_00143,dlk_tbl_01022,dlk_tbl_02640,dlk_tbl_03675,dlk_tbl_00578,gob_tbl_04023,dlk_tbl_00852,proc_ext_00416,gob_ext_00634,gob_ext_00410,gob_ext_00672,gob_ext_00585,dlk_ext_00305
gob_proceso_0369;6;proc_tbl_04269,gob_tbl_03197,dlk_tbl_00665,dlk_tbl_00731,dlk_tbl_00699,dlk_tbl_00527;9;ppn_tbl_03014,gob_tbl_01625,dash_tbl_00568,dlk_tbl_00478,gob_tbl_03653,dlk_ext_00345,gob_ext_00509,proc_ext_00107,dlk_ext_00610
proc_proceso_0370;2;gob_tbl_00683,proc_tbl_01541;13;gob_tbl_03158,gob_tbl_02788,dash_tbl_02188,std_tbl_00247,gob_tbl_00007,gob_tbl_00210,gob_tbl_03262,gob_ext_00212,gob_ext_00209,gob_ext_00607,gob_ext_00486,proc_ext_00232,gob_ext_00224
proc_proceso_0371;5;dlk_tbl_03570,dash_tbl_03450,m4sco_tbl_02896,proc_tbl_04251,proc_tbl_01839;15;dlk_tbl_03075,dlk_tbl_00167,dash_tbl_03334,std_tbl_04305,gob_tbl_03881,gob_tbl_02693,dlk_tbl_00746,gob_tbl_03878,proc_tbl_03023,dlk_ext_00305,dlk_ext_00711,dash_ext_00246,gob_ext_00372,ppn_ext_00480,gob_ext_00212
gob_proceso_0372;3;dlk_tbl_00562,dash_tbl_04299,dlk_tbl_00167;9;dlk_tbl_02222,dlk_tbl_02275,dash_tbl_01690,dlk_tbl_01155,proc_tbl_01401,gob_ext_00019,gob_ext_00161,dash_ext_00091,gob_ext_00122
gob_proceso_0373;2;dlk_tbl_02125,gob_tbl_00842;7;dlk_tbl_03962,dlk_tbl_01097,gob_tbl_00647,gob_tbl_00538,gob_ext_00613,gob_ext_00381,dlk_ext_00262
gob_proceso_0374;4;dlk_tbl_00852,proc_tbl_00879,dlk_tbl_02355,proc_tbl_03685;6;dlk_tbl_02248,gob_tbl_00586,dlk_tbl_01616,gob_ext_00680,dlk_ext_00359,gob_ext_00539
dlk_proceso_0375;4;dlk_tbl_01174,dlk_tbl_03282,dlk_tbl_00409,dlk_tbl_02091;10;std_tbl_01271,m4sco_tbl_02776,proc_tbl_02354,gob_tbl_02138,gob_tbl_00974,dlk_tbl_00438,gob_ext_00059,m4sco_ext_00193,dlk_ext_00374,dlk_ext_00147
dash_proceso_0376;4;dlk_tbl_03612,gob_tbl_04226,dlk_tbl_03198,dlk_tbl_01749;4;std_tbl_04073,dlk_tbl_03418,dash_ext_00231,gob_ext_00556
proc_proceso_0377;3;dlk_tbl_01581,proc_tbl_01235,gob_tbl_02908;17;dlk_tbl_00850,gob_tbl_04189,proc_tbl_02738,proc_tbl_01003,dlk_tbl_01100,proc_tbl_04175,dash_tbl_02192,gob_tbl_00981,proc_tbl_03669,std_tbl_04048,gob_ext_00362,gob_ext_00244,dlk_ext_00225,gob_ext_00618,dlk_ext_00305,gob_ext_00625,dash_ext_00282
dlk_proceso_0378;7;std_tbl_01433,dlk_tbl_02158,proc_tbl_00064,gob_tbl_01561,gob_tbl_02113,proc_tbl_04273,proc_tbl_04029;10;proc_tbl_00040,dlk_tbl_02341,gob_tbl_03393,dlk_tbl_03374,dlk_tbl_00764,gob_tbl_02418,dlk_ext_00517,gob_ext_00338,gob_ext_00104,m4vw_ext_00403
dlk_proceso_0379;5;dlk_tbl_03867,dlk_tbl_03859,dlk_tbl_03130,dlk_tbl_03955,dlk_tbl_02938;14;dlk_tbl_02846,proc_tbl_04164,dlk_tbl_00784,std_tbl_02053,gob_tbl_03321,gob_tbl_03254,proc_tbl_03010,std_tbl_03480,dlk_ext_00359,gob_ext_00206,dlk_ext_00147,gob_ext_00162,proc_ext_00564,dlk_ext_00407
gob_proceso_0380;2;dash_tbl_03121,dash_tbl_03611;7;proc_tbl_00960,m4vw_tbl_03276,gob_tbl_02377,m4sco_tbl_01782,gob_ext_00202,dlk_ext_00393,m4sco_ext_00007
dlk_proceso_0381;7;gob_tbl_00915,proc_tbl_03043,dlk_tbl_02535,proc_tbl_01148,dlk_tbl_02743,dlk_tbl_01946,gob_tbl_02989;10;dlk_tbl_01775,dlk_tbl_04284,gob_tbl_00075,gob_tbl_02301,gob_tbl_02596,dash_tbl_02207,dash_ext_00549,m4sco_ext_00412,dlk_ext_00482,gob_ext_00486
proc_proceso_0382;3;proc_tbl_00725,gob_tbl_01903,dlk_tbl_00843;14;proc_tbl_02100,gob_tbl_03158,dlk_tbl_01329,gob_tbl_03432,proc_tbl_02696,std_tbl_03602,proc_tbl_03550,gob_tbl_02012,proc_ext_00536,gob_ext_00520,dlk_ext_00485,proc_ext_00669,gob_ext_00378,gob_ext_00630
gob_proceso_0383;4;proc_tbl_00319,gob_tbl_00492,proc_tbl_02343,proc_tbl_04141;12;proc_tbl_04101,gob_tbl_00073,dlk_tbl_00479,dlk_tbl_02518,dlk_tbl_01237,gob_tbl_03589,dash_tbl_02066,gob_ext_00224,dlk_ext_00499,gob_ext_00312,dlk_ext_00388,dlk_ext_00677
gob_proceso_0384;7;dlk_tbl_03613,gob_tbl_02756,gob_tbl_04371,dlk_tbl_03065,gob_tbl_00266,proc_tbl_00853,proc_tbl_00726;10;dlk_tbl_03805,dlk_tbl_04434,gob_tbl_00586,proc_tbl_01519,m4vw_tbl_02032,dlk_tbl_03836,dlk_ext_00377,proc_ext_00508,gob_ext_00209,dash_ext_00467
gob_proceso_0385;6;dlk_tbl_03676,proc_tbl_00062,dash_tbl_03970,proc_tbl_02142,dlk_tbl_00776,gob_tbl_03411;10;gob_tbl_01980,gob_tbl_01066,gob_tbl_01469,ppn_tbl_01196,ppn_tbl_01255,m4sco_tbl_03898,gob_ext_00661,gob_ext_00292,gob_ext_00538,m4vw_ext_00692
dlk_proceso_0386;3;dlk_tbl_02481,dash_tbl_04263,gob_tbl_02465;13;dlk_tbl_00022,dlk_tbl_04259,gob_tbl_02524,gob_tbl_02208,dlk_tbl_00116,gob_tbl_03484,dash_tbl_02792,gob_ext_00704,gob_ext_00161,proc_ext_00392,dlk_ext_00308,gob_ext_00440,gob_ext_00250
dlk_proceso_0387;2;proc_tbl_01827,dlk_tbl_01557;15;proc_tbl_03332,gob_tbl_01914,dash_tbl_03231,gob_tbl_00724,gob_tbl_01803,dlk_tbl_02088,dash_tbl_02745,gob_tbl_03843,proc_tbl_03294,gob_ext_00115,dlk_ext_00084,gob_ext_00168,dlk_ext_00668,gob_ext_00509,gob_ext_00170
dlk_proceso_0388;7;std_tbl_03863,dlk_tbl_02408,gob_tbl_01303,dlk_tbl_01162,std_tbl_01271,proc_tbl_04275,proc_tbl_02582;9;std_tbl_00253,gob_tbl_03821,proc_tbl_01401,proc_tbl_04268,proc_tbl_02470,dlk_ext_00178,dash_ext_00409,proc_ext_00572,gob_ext_00023
proc_proceso_0389;3;gob_tbl_03432,gob_tbl_03766,proc_tbl_00447;13;gob_tbl_03691,gob_tbl_00097,gob_tbl_04409,proc_tbl_04134,proc_tbl_03777,gob_tbl_03174,gob_tbl_02186,dlk_ext_00335,proc_ext_00367,gob_ext_00229,gob_ext_00515,gob_ext_00156,dlk_ext_00391
dash_proceso_0390;8;gob_tbl_02857,dlk_tbl_04124,dlk_tbl_02474,dlk_tbl_00882,gob_tbl_03678,gob_tbl_02570,proc_tbl_04318,dlk_tbl_00260;7;dlk_tbl_00680,gob_tbl_03131,dlk_tbl_01378,dlk_tbl_02056,dlk_ext_00600,dlk_ext_00411,dash_ext_00544
gob_proceso_0391;4;gob_tbl_03878,dlk_tbl_04113,gob_tbl_03426,dlk_tbl_03799;7;dlk_tbl_03734,proc_tbl_04062,dlk_tbl_01363,proc_tbl_03217,proc_ext_00654,dlk_ext_00211,dash_ext_00593
gob_proceso_0392;7;dlk_tbl_02587,proc_tbl_02135,gob_tbl_03940,gob_tbl_04298,dlk_tbl_00814,dlk_tbl_03331,gob_tbl_03815;6;dlk_tbl_04468,gob_tbl_01983,dlk_tbl_01904,m4vw_ext_00670,proc_ext_00605,gob_ext_00229
dlk_proceso_0393;5;gob_tbl_02027,gob_tbl_04412,proc_tbl_01862,gob_tbl_01850,dlk_tbl_03617;7;dash_tbl_03002,dlk_tbl_00261,dash_tbl_01877,proc_tbl_03053,gob_ext_00161,gob_ext_00546,dlk_ext_00465
dlk_proceso_0394;5;gob_tbl_02347,gob_tbl_00242,dlk_tbl_03076,gob_tbl_04363,dlk_tbl_00996;7;dlk_tbl_02525,dlk_tbl_02499,dlk_tbl_00206,proc_tbl_03761,dlk_ext_00499,std_ext_00599,dash_ext_00513
gob_proceso_0395;8;dash_tbl_01534,gob_tbl_04193,dlk_tbl_01080,m4vw_tbl_02794,dlk_tbl_03220,dlk_tbl_00709,gob_tbl_02685,dash_tbl_02890;9;dlk_tbl_01030,dlk_tbl_00830,dlk_tbl_01712,m4vw_tbl_04381,dlk_tbl_04144,proc_ext_00139,gob_ext_00212,ppn_ext_00143,proc_ext_00438
gob_proceso_0396;4;dlk_tbl_01915,gob_tbl_04453,m4sco_tbl_04386,dlk_tbl_01275;17;dlk_tbl_02752,gob_tbl_01638,proc_tbl_03686,gob_tbl_01230,gob_tbl_01751,gob_tbl_01758,proc_tbl_04268,dlk_tbl_03835,proc_tbl_00504,proc_tbl_04404,ppn_ext_00300,proc_ext_00107,dlk_ext_00386,dlk_ext_00210,dlk_ext_00714,std_ext_00534,dlk_ext_00407
dlk_proceso_0397;5;proc_tbl_01368,gob_tbl_03030,dlk_tbl_03995,dlk_tbl_04316,dlk_tbl_01750;8;gob_tbl_04203,dlk_tbl_03260,dlk_tbl_03730,dlk_tbl_01908,dlk_tbl_04132,ppn_ext_00489,gob_ext_00008,dlk_ext_00465
gob_proceso_0398;5;gob_tbl_01631,proc_tbl_00292,dlk_tbl_00130,dash_tbl_04232,dlk_tbl_03725;17;proc_tbl_00101,gob_tbl_02857,dlk_tbl_03246,proc_tbl_00796,gob_tbl_04362,dash_tbl_01354,dash_tbl_01402,gob_tbl_01788,dlk_tbl_02846,dlk_tbl_03252,gob_ext_00498,proc_ext_00000,gob_ext_00617,dash_ext_00046,dlk_ext_00050,gob_ext_00663,proc_ext_00157
dlk_proceso_0399;3;proc_tbl_01597,dlk_tbl_02910,gob_tbl_02852;14;dlk_tbl_01581,proc_tbl_00980,dlk_tbl_04208,proc_tbl_03621,dlk_tbl_00380,gob_tbl_00282,dlk_tbl_01325,gob_tbl_04388,dlk_ext_00200,proc_ext_00413,gob_ext_00252,dlk_ext_00691,dlk_ext_00308,gob_ext_00625
dlk_proceso_0400;2;std_tbl_02323,gob_tbl_03396;20;gob_tbl_00372,proc_tbl_02036,gob_tbl_02603,gob_tbl_03494,m4vw_tbl_04185,dlk_tbl_03220,proc_tbl_01238,gob_tbl_01049,gob_tbl_03370,dlk_tbl_01581,dlk_tbl_02737,dash_tbl_03508,dlk_ext_00444,proc_ext_00383,dlk_ext_00351,dash_ext_00590,proc_ext_00118,gob_ext_00365,dlk_ext_00022,gob_ext_00223
dash_proceso_0401;7;proc_tbl_00919,dash_tbl_02597,gob_tbl_02226,dlk_tbl_02640,dlk_tbl_04069,gob_tbl_01739,m4sco_tbl_01461;11;dlk_tbl_03937,gob_tbl_02396,dlk_tbl_01843,proc_tbl_01706,gob_tbl_03077,gob_tbl_01227,dlk_ext_00668,gob_ext_00379,dlk_ext_00451,gob_ext_00161,dlk_ext_00425
gob_proceso_0402;6;gob_tbl_03468,std_tbl_03887,dlk_tbl_00416,dlk_tbl_01687,gob_tbl_04343,dlk_tbl_00129;11;gob_tbl_01374,gob_tbl_00649,proc_tbl_00188,dlk_tbl_03198,m4vw_tbl_01357,gob_tbl_02511,dash_ext_00309,gob_ext_00539,gob_ext_00420,gob_ext_00476,dash_ext_00072
proc_proceso_0403;3;proc_tbl_03123,dlk_tbl_02436,proc_tbl_03447;6;gob_tbl_01577,dash_tbl_02068,dlk_tbl_02334,dlk_ext_00453,proc_ext_00290,gob_ext_00273
dlk_proceso_0404;4;dlk_tbl_02243,dlk_tbl_02397,m4vw_tbl_04395,dlk_tbl_01959;10;gob_tbl_02898,dlk_tbl_00625,proc_tbl_02550,gob_tbl_01532,dlk_tbl_03099,gob_tbl_04079,dash_ext_00549,gob_ext_00134,dlk_ext_00511,dash_ext_00548
proc_proceso_0405;3;dlk_tbl_04289,dlk_tbl_01891,proc_tbl_04234;4;gob_tbl_03716,std_tbl_01268,gob_ext_00014,dlk_ext_00465
proc_proceso_0406;6;dlk_tbl_01634,gob_tbl_01170,gob_tbl_02301,proc_tbl_02922,gob_tbl_00060,dlk_tbl_03288;15;dlk_tbl_01472,dlk_tbl_00056,dlk_tbl_02046,dlk_tbl_00010,dlk_tbl_02457,gob_tbl_03263,gob_tbl_01074,m4vw_tbl_04052,dlk_tbl_02557,gob_ext_00102,dash_ext_00091,gob_ext_00065,gob_ext_00224,gob_ext_00673,dash_ext_00046
gob_proceso_0407;3;dash_tbl_00355,dlk_tbl_00163,gob_tbl_01800;4;gob_tbl_03673,m4vw_tbl_04128,m4vw_ext_00450,dlk_ext_00395
dash_proceso_0408;3;dlk_tbl_01359,dlk_tbl_00540,gob_tbl_03469;13;gob_tbl_00267,dlk_tbl_04411,dlk_tbl_02335,proc_tbl_00569,proc_tbl_02868,gob_tbl_02873,dlk_tbl_00732,gob_ext_00179,gob_ext_00212,gob_ext_00122,gob_ext_00607,dlk_ext_00279,dash_ext_00182
proc_proceso_0409;4;gob_tbl_03820,dlk_tbl_00347,gob_tbl_01893,gob_tbl_03361;6;std_tbl_02053,proc_tbl_00834,gob_tbl_04080,dlk_ext_00465,gob_ext_00112,dlk_ext_00374
proc_proceso_0410;8;gob_tbl_04033,dlk_tbl_00828,dlk_tbl_02330,gob_tbl_04008,dlk_tbl_00014,proc_tbl_01643,dlk_tbl_02281,dash_tbl_03033;14;dlk_tbl_02481,gob_tbl_00812,gob_tbl_00395,proc_tbl_01726,dash_tbl_02493,dlk_tbl_04107,gob_tbl_00081,dlk_tbl_00511,dash_ext_00020,dlk_ext_00584,dlk_ext_00136,gob_ext_00578,dlk_ext_00109,dlk_ext_00398
gob_proceso_0411;3;proc_tbl_00833,dlk_tbl_01312,gob_tbl_04441;12;gob_tbl_03571,dlk_tbl_00300,dlk_tbl_01097,std_tbl_00894,dash_tbl_00424,gob_tbl_01721,gob_tbl_01842,gob_ext_00161,proc_ext_00508,dlk_ext_00502,gob_ext_00418,proc_ext_00506
dlk_proceso_0412;8;gob_tbl_03263,gob_tbl_03598,proc_tbl_03372,dlk_tbl_01329,gob_tbl_02489,gob_tbl_04195,proc_tbl_01647,gob_tbl_02314;14;dlk_tbl_01014,m4sco_tbl_02029,dlk_tbl_03373,gob_tbl_01165,proc_tbl_01827,gob_tbl_00095,dash_tbl_04256,std_tbl_00200,dlk_ext_00354,dlk_ext_00144,dlk_ext_00676,gob_ext_00568,dlk_ext_00436,gob_ext_00059
gob_proceso_0413;7;std_tbl_02346,dlk_tbl_02613,dlk_tbl_00239,proc_tbl_01003,dlk_tbl_01777,gob_tbl_00111,dlk_tbl_04208;11;gob_tbl_02646,proc_tbl_03053,gob_tbl_01211,gob_tbl_02073,dlk_tbl_02093,dlk_tbl_00666,proc_ext_00177,dlk_ext_00043,dlk_ext_00499,proc_ext_00526,gob_ext_00612
dlk_proceso_0414;6;dlk_tbl_00792,dlk_tbl_02230,gob_tbl_03738,gob_tbl_02512,dlk_tbl_02579,dlk_tbl_02114;6;dlk_tbl_02389,gob_tbl_04344,dlk_tbl_02440,dlk_ext_00711,proc_ext_00536,gob_ext_00586
dlk_proceso_0415;4;dash_tbl_03508,dlk_tbl_01103,dlk_tbl_02718,dlk_tbl_00505;10;gob_tbl_01342,gob_tbl_03744,gob_tbl_03821,proc_tbl_00879,std_tbl_01268,proc_tbl_02433,gob_ext_00680,gob_ext_00103,gob_ext_00023,gob_ext_00379
dlk_proceso_0416;6;dash_tbl_00648,dlk_tbl_03699,dlk_tbl_02746,dlk_tbl_01413,ppn_tbl_02020,gob_tbl_01533;6;dlk_tbl_00921,gob_tbl_04095,gob_tbl_03645,dlk_ext_00609,gob_ext_00229,dlk_ext_00354
proc_proceso_0417;4;gob_tbl_00370,dlk_tbl_03191,dlk_tbl_02263,dash_tbl_02066;11;gob_tbl_02217,gob_tbl_02278,proc_tbl_01603,dlk_tbl_01674,proc_tbl_00276,dlk_tbl_02280,gob_ext_00184,gob_ext_00417,dlk_ext_00101,dlk_ext_00511,dlk_ext_00597
dlk_proceso_0418;2;proc_tbl_01510,gob_tbl_00900;13;dash_tbl_03946,proc_tbl_03053,dlk_tbl_00168,dlk_tbl_02680,std_tbl_00453,dlk_tbl_03198,dlk_tbl_00509,dlk_ext_00310,gob_ext_00661,dlk_ext_00640,m4vw_ext_00692,gob_ext_00630,gob_ext_00596
proc_proceso_0419;3;m4sco_tbl_00082,proc_tbl_01258,proc_tbl_03007;6;gob_tbl_02607,gob_tbl_00514,gob_tbl_02139,gob_ext_00122,dash_ext_00433,dlk_ext_00652
dlk_proceso_0420;4;dlk_tbl_02350,dlk_tbl_00181,dlk_tbl_01520,dlk_tbl_01237;11;dlk_tbl_00830,proc_tbl_03085,dlk_tbl_01508,std_tbl_04239,dlk_tbl_00690,m4sco_tbl_02810,dlk_ext_00160,gob_ext_00672,dlk_ext_00677,dlk_ext_00315,gob_ext_00563
gob_proceso_0421;7;proc_tbl_01875,gob_tbl_04338,proc_tbl_01315,dlk_tbl_04284,gob_tbl_00964,gob_tbl_02388,dash_tbl_00933;4;gob_tbl_02224,dlk_tbl_01710,dlk_ext_00537,dlk_ext_00686
dlk_proceso_0422;8;gob_tbl_01811,gob_tbl_02801,gob_tbl_04222,dlk_tbl_01701,gob_tbl_02861,dlk_tbl_01775,dlk_tbl_02223,proc_tbl_03844;14;dlk_tbl_01908,dash_tbl_00817,proc_tbl_01644,gob_tbl_00721,gob_tbl_04321,gob_tbl_00298,dlk_tbl_02478,proc_tbl_02132,dlk_ext_00368,dlk_ext_00569,proc_ext_00230,dlk_ext_00354,gob_ext_00320,dlk_ext_00386
dlk_proceso_0423;6;gob_tbl_01611,dash_tbl_04306,dash_tbl_01221,dlk_tbl_02345,proc_tbl_00042,proc_tbl_00650;8;dash_tbl_00553,gob_tbl_03733,std_tbl_02544,proc_tbl_04324,dlk_tbl_02474,dlk_ext_00465,dlk_ext_00569,gob_ext_00206
dlk_proceso_0424;2;dlk_tbl_00434,dlk_tbl_00891;8;gob_tbl_03769,dlk_tbl_01111,dlk_tbl_03872,dlk_tbl_04060,gob_tbl_00190,std_ext_00599,gob_ext_00185,gob_ext_00240
gob_proceso_0425;4;gob_tbl_00877,proc_tbl_03574,dlk_tbl_01861,std_tbl_04140;7;gob_tbl_01590,dlk_tbl_04081,dlk_tbl_03226,m4sco_tbl_02283,dlk_ext_00529,dlk_ext_00022,gob_ext_00581
dlk_proceso_0426;5;dash_tbl_00968,std_tbl_03568,dlk_tbl_03663,proc_tbl_03203,dlk_tbl_03303;9;std_tbl_02941,proc_tbl_00917,proc_tbl_01367,gob_tbl_01057,dlk_tbl_00732,dlk_ext_00609,gob_ext_00244,dlk_ext_00274,gob_ext_00224
dlk_proceso_0427;6;ppn_tbl_02255,dlk_tbl_03444,dlk_tbl_01482,ppn_tbl_01189,std_tbl_03480,dlk_tbl_03218;10;dlk_tbl_01950,gob_tbl_01532,dlk_tbl_04053,dash_tbl_04103,gob_tbl_03750,m4vw_tbl_01630,gob_ext_00532,proc_ext_00349,gob_ext_00484,gob_ext_00080
dlk_proceso_0428;3;dash_tbl_02909,dlk_tbl_00128,dlk_tbl_00487;6;dlk_tbl_01855,gob_tbl_01266,dlk_tbl_01362,dlk_ext_00485,proc_ext_00085,gob_ext_00312
dlk_proceso_0429;4;dlk_tbl_02110,dlk_tbl_02242,gob_tbl_03368,dlk_tbl_01463;6;proc_tbl_02183,dash_tbl_02588,gob_tbl_01484,m4sco_ext_00007,dlk_ext_00006,dlk_ext_00199
dash_proceso_0430;8;std_tbl_00448,gob_tbl_01849,dlk_tbl_00126,gob_tbl_00886,dlk_tbl_00066,dlk_tbl_04196,gob_tbl_00049,dlk_tbl_00990;24;gob_tbl_03821,gob_tbl_00559,dash_tbl_02006,gob_tbl_02430,dlk_tbl_01318,gob_tbl_03370,dlk_tbl_00584,dlk_tbl_00197,dlk_tbl_02515,proc_tbl_00354,dlk_tbl_03853,proc_tbl_01643,dash_tbl_03765,dlk_tbl_01615,proc_ext_00213,gob_ext_00161,m4vw_ext_00108,dlk_ext_00485,proc_ext_00272,ppn_ext_00143,dlk_ext_00377,dlk_ext_00294,gob_ext_00333,dlk_ext_00496
gob_proceso_0431;3;gob_tbl_01299,gob_tbl_00831,gob_tbl_01192;12;dlk_tbl_00542,dlk_tbl_02499,proc_tbl_04029,gob_tbl_03254,dlk_tbl_04295,proc_tbl_01401,gob_tbl_01570,dash_ext_00549,proc_ext_00405,proc_ext_00666,proc_ext_00572,proc_ext_00506
dlk_proceso_0432;4;proc_tbl_01032,proc_tbl_02864,dlk_tbl_00749,gob_tbl_03320;12;dash_tbl_03838,gob_tbl_04292,proc_tbl_00365,dlk_tbl_03421,dash_tbl_02197,dlk_tbl_02847,dash_tbl_00916,proc_ext_00367,gob_ext_00333,proc_ext_00077,proc_ext_00062,gob_ext_00001
dash_proceso_0433;4;proc_tbl_03994,proc_tbl_03916,proc_tbl_04126,dlk_tbl_00642;10;proc_tbl_00701,proc_tbl_04101,gob_tbl_04005,dash_tbl_00523,gob_tbl_03030,gob_tbl_00783,dlk_ext_00158,proc_ext_00055,dlk_ext_00588,proc_ext_00459
dlk_proceso_0434;6;gob_tbl_02394,proc_tbl_02592,gob_tbl_04013,gob_tbl_02477,proc_tbl_01229,dlk_tbl_02565;10;gob_tbl_00111,gob_tbl_00685,dlk_tbl_00847,dlk_tbl_01194,gob_tbl_03266,gob_tbl_00140,gob_ext_00620,proc_ext_00659,proc_ext_00657,gob_ext_00212
proc_proceso_0435;5;dlk_tbl_01404,proc_tbl_01474,dlk_tbl_02485,gob_tbl_03769,m4vw_tbl_03276;4;gob_tbl_04183,gob_tbl_03427,proc_ext_00150,dlk_ext_00469
proc_proceso_0436;5;std_tbl_04171,proc_tbl_02895,gob_tbl_03514,gob_tbl_02082,gob_tbl_01623;13;dash_tbl_02959,gob_tbl_01392,dlk_tbl_01589,dlk_tbl_01190,gob_tbl_03626,gob_tbl_01965,dlk_tbl_01265,dlk_ext_00279,dlk_ext_00681,dlk_ext_00099,proc_ext_00526,dash_ext_00558,gob_ext_00253
dlk_proceso_0437;7;gob_tbl_04271,dash_tbl_00088,proc_tbl_04473,gob_tbl_01876,proc_tbl_03549,std_tbl_00025,gob_tbl_00175;10;dlk_tbl_02047,gob_tbl_04189,gob_tbl_00154,gob_tbl_02272,dash_tbl_02271,dash_tbl_01423,dlk_ext_00516,gob_ext_00161,dlk_ext_00064,dash_ext_00646
proc_proceso_0438;3;gob_tbl_00248,dlk_tbl_03374,dlk_tbl_01838;6;dlk_tbl_04260,gob_tbl_01543,gob_tbl_03584,dlk_ext_00610,dlk_ext_00385,m4vw_ext_00692
proc_proceso_0439;3;dlk_tbl_04191,proc_tbl_01125,gob_tbl_01179;12;gob_tbl_02396,proc_tbl_02327,proc_tbl_03900,gob_tbl_02086,dlk_tbl_00474,gob_tbl_02607,m4vw_tbl_01670,dlk_ext_00199,dlk_ext_00535,gob_ext_00525,gob_ext_00478,dlk_ext_00259
dash_proceso_0440;7;proc_tbl_01147,dash_tbl_01955,dash_tbl_00761,dlk_tbl_02818,gob_tbl_02423,dash_tbl_03081,gob_tbl_00554;4;dlk_tbl_02243,dash_tbl_02674,gob_ext_00576,std_ext_00560
gob_proceso_0441;4;gob_tbl_03052,dlk_tbl_02999,std_tbl_03972,proc_tbl_00028;8;dlk_tbl_00852,proc_tbl_02168,dlk_tbl_01172,dlk_tbl_00633,dlk_tbl_02026,dlk_ext_00502,proc_ext_00171,gob_ext_00161
dlk_proceso_0442;6;proc_tbl_00345,gob_tbl_01455,dlk_tbl_03720,dlk_tbl_00333,dlk_tbl_03933,dlk_tbl_03742;10;dash_tbl_00561,dlk_tbl_02481,std_tbl_01984,gob_tbl_02789,gob_tbl_02286,dlk_tbl_00620,dash_ext_00036,gob_ext_00168,dlk_ext_00199,gob_ext_00486
gob_proceso_0443;3;dlk_tbl_01246,gob_tbl_04444,std_tbl_00133;12;gob_tbl_00433,dlk_tbl_00918,gob_tbl_02488,proc_tbl_00365,proc_tbl_00569,gob_tbl_04095,gob_tbl_00432,dlk_ext_00580,dlk_ext_00305,proc_ext_00197,gob_ext_00486,dlk_ext_00339
gob_proceso_0444;5;dlk_tbl_03229,dlk_tbl_03580,gob_tbl_01101,gob_tbl_00703,dlk_tbl_02793;9;gob_tbl_03826,dlk_tbl_02070,gob_tbl_02027,gob_tbl_04095,proc_tbl_02399,gob_ext_00094,gob_ext_00044,gob_ext_00672,dlk_ext_00039
proc_proceso_0445;5;dlk_tbl_00090,dash_tbl_02456,dash_tbl_03132,gob_tbl_03266,dlk_tbl_00675;7;gob_tbl_02801,m4vw_tbl_01675,dlk_tbl_01219,dlk_tbl_02753,proc_ext_00055,proc_ext_00169,gob_ext_00417
dlk_proceso_0446;3;dash_tbl_03735,dlk_tbl_04105,proc_tbl_00186;13;proc_tbl_01518,dlk_tbl_02680,std_tbl_02941,gob_tbl_04360,dlk_tbl_04361,dlk_tbl_01869,proc_tbl_00809,gob_ext_00520,proc_ext_00404,dlk_ext_00494,gob_ext_00620,gob_ext_00168,dash_ext_00152
dash_proceso_0447;5;dlk_tbl_02056,dlk_tbl_04367,dlk_tbl_00784,dlk_tbl_02500,dash_tbl_03702;16;dlk_tbl_03519,gob_tbl_02239,gob_tbl_02057,dash_tbl_02792,proc_tbl_01239,gob_tbl_03689,proc_tbl_01957,dlk_tbl_04064,gob_tbl_02391,gob_ext_00180,dlk_ext_00302,gob_ext_00615,std_ext_00534,gob_ext_00498,dlk_ext_00703,gob_ext_00645
dlk_proceso_0448;6;dlk_tbl_01477,dlk_tbl_04088,proc_tbl_01437,dash_tbl_02942,dash_tbl_04166,gob_tbl_00954;9;proc_tbl_00983,dash_tbl_03891,gob_tbl_00433,dlk_tbl_02339,gob_tbl_02686,dlk_ext_00326,proc_ext_00150,proc_ext_00438,gob_ext_00325
proc_proceso_0449;6;dlk_tbl_02533,proc_tbl_03440,gob_tbl_02880,dlk_tbl_03329,dlk_tbl_03840,proc_tbl_00171;6;dash_tbl_02517,gob_tbl_03044,gob_tbl_02889,gob_ext_00440,proc_ext_00443,dlk_ext_00587
gob_proceso_0450;2;dlk_tbl_00593,dlk_tbl_00013;12;proc_tbl_03817,ppn_tbl_03202,proc_tbl_00365,dlk_tbl_01606,dlk_tbl_03099,dlk_tbl_02026,gob_tbl_00097,gob_ext_00229,m4vw_ext_00249,gob_ext_00318,gob_ext_00408,dlk_ext_00499
gob_proceso_0451;6;proc_tbl_00895,ppn_tbl_03667,dlk_tbl_01436,gob_tbl_02111,gob_tbl_00440,gob_tbl_03760;8;proc_tbl_03870,dlk_tbl_04393,m4sco_tbl_03207,gob_tbl_00617,dlk_tbl_00011,gob_ext_00557,dlk_ext_00305,gob_ext_00630
gob_proceso_0452;4;dlk_tbl_02385,dlk_tbl_01661,dlk_tbl_02449,proc_tbl_00199;13;gob_tbl_03584,ppn_tbl_02293,dlk_tbl_03909,dlk_tbl_01551,gob_tbl_00864,dlk_tbl_02924,dlk_tbl_03635,dlk_ext_00499,gob_ext_00350,gob_ext_00532,dlk_ext_00368,dlk_ext_00664,dlk_ext_00502
proc_proceso_0453;3;dlk_tbl_00015,dlk_tbl_00224,gob_tbl_03983;6;gob_tbl_01303,proc_tbl_01706,proc_tbl_03338,proc_ext_00171,gob_ext_00509,m4vw_ext_00670
proc_proceso_0454;4;gob_tbl_00906,proc_tbl_00796,gob_tbl_04011,gob_tbl_02823;11;gob_tbl_01484,dash_tbl_03502,proc_tbl_02450,dlk_tbl_00470,dlk_tbl_01880,gob_tbl_02606,ppn_ext_00629,dlk_ext_00199,dash_ext_00558,gob_ext_00510,dlk_ext_00315
dlk_proceso_0455;4;gob_tbl_03655,proc_tbl_02695,proc_tbl_00499,gob_tbl_02126;5;proc_tbl_01368,gob_tbl_01604,dlk_tbl_02993,proc_ext_00566,gob_ext_00037
proc_proceso_0456;5;dlk_tbl_00420,dlk_tbl_03595,gob_tbl_02621,gob_tbl_00072,dlk_tbl_04015;14;gob_tbl_01996,gob_tbl_01543,gob_tbl_03953,proc_tbl_02344,dlk_tbl_01185,dlk_tbl_00151,gob_tbl_01053,dlk_tbl_01882,dlk_ext_00469,gob_ext_00174,dlk_ext_00141,dlk_ext_00262,dlk_ext_00444,gob_ext_00038
dlk_proceso_0457;4;dlk_tbl_04142,dash_tbl_01522,gob_tbl_00328,std_tbl_04089;6;gob_tbl_03588,gob_tbl_03544,proc_tbl_02600,gob_ext_00381,gob_ext_00044,gob_ext_00229
dlk_proceso_0458;5;gob_tbl_01161,dlk_tbl_03477,m4sco_tbl_03117,dash_tbl_03478,gob_tbl_03456;7;gob_tbl_03645,gob_tbl_02881,dash_tbl_03074,dlk_tbl_02092,gob_ext_00449,gob_ext_00685,dlk_ext_00444
dlk_proceso_0459;7;dlk_tbl_03257,std_tbl_03365,proc_tbl_03345,dash_tbl_03727,dlk_tbl_01521,proc_tbl_02362,dlk_tbl_01245;20;proc_tbl_01243,dash_tbl_02262,proc_tbl_01267,dash_tbl_01333,m4sco_tbl_02283,proc_tbl_00084,dlk_tbl_00300,gob_tbl_02054,gob_tbl_01277,std_tbl_01497,dlk_tbl_02910,gob_tbl_03094,proc_ext_00290,gob_ext_00166,gob_ext_00273,gob_ext_00097,gob_ext_00378,proc_ext_00220,gob_ext_00381,proc_ext_00150
dash_proceso_0460;4;proc_tbl_02569,proc_tbl_03275,dash_tbl_00138,gob_tbl_00518;7;gob_tbl_03241,dlk_tbl_01802,gob_tbl_03668,dlk_tbl_03923,std_ext_00205,m4vw_ext_00289,dlk_ext_00222
dash_proceso_0461;3;dash_tbl_00622,gob_tbl_01469,gob_tbl_01462;9;dlk_tbl_03096,std_tbl_02544,dlk_tbl_00304,gob_tbl_00297,gob_tbl_03664,proc_ext_00382,gob_ext_00706,dlk_ext_00039,dlk_ext_00436
gob_proceso_0462;4;dash_tbl_00183,gob_tbl_00426,proc_tbl_01200,dlk_tbl_03358;4;gob_tbl_04250,proc_tbl_01798,dlk_ext_00305,dlk_ext_00089
dlk_proceso_0463;6;proc_tbl_01289,dlk_tbl_03962,gob_tbl_00361,gob_tbl_02454,proc_tbl_00143,gob_tbl_04362;13;dlk_tbl_04135,gob_tbl_03058,dlk_tbl_01323,gob_tbl_01128,gob_tbl_01558,std_tbl_00259,dash_tbl_02950,dlk_ext_00542,dlk_ext_00119,dlk_ext_00374,proc_ext_00392,gob_ext_00620,dlk_ext_00294
proc_proceso_0464;4;gob_tbl_01180,gob_tbl_03015,dlk_tbl_04449,gob_tbl_02086;4;dash_tbl_03727,proc_tbl_01506,dlk_ext_00609,dlk_ext_00551
gob_proceso_0465;5;dash_tbl_00250,gob_tbl_03545,proc_tbl_02136,dlk_tbl_03423,gob_tbl_04313;5;dlk_tbl_00211,proc_tbl_03200,dlk_tbl_03252,dlk_ext_00395,dlk_ext_00335
dlk_proceso_0466;2;dlk_tbl_01172,dlk_tbl_00503;7;gob_tbl_00196,proc_tbl_01519,gob_tbl_03304,dlk_tbl_03114,gob_ext_00103,gob_ext_00625,gob_ext_00187
dlk_proceso_0467;4;dlk_tbl_02963,gob_tbl_00635,gob_tbl_00989,proc_tbl_03089;10;dlk_tbl_01237,gob_tbl_03342,gob_tbl_04005,dlk_tbl_00601,gob_tbl_03482,gob_tbl_01668,gob_ext_00145,proc_ext_00243,gob_ext_00678,proc_ext_00427
gob_proceso_0468;3;m4vw_tbl_03714,gob_tbl_02692,dlk_tbl_00294;6;dash_tbl_02467,proc_tbl_04446,std_tbl_01998,dlk_ext_00069,gob_ext_00698,dlk_ext_00393
gob_proceso_0469;2;dlk_tbl_01319,dlk_tbl_00376;8;m4vw_tbl_04127,gob_tbl_04178,gob_tbl_00060,std_tbl_04140,dlk_tbl_00732,dlk_ext_00225,dlk_ext_00390,gob_ext_00325
dlk_proceso_0470;4;proc_tbl_01029,dlk_tbl_02732,dlk_tbl_01302,gob_tbl_02221;12;dlk_tbl_00873,std_tbl_04281,gob_tbl_00194,dlk_tbl_02357,proc_tbl_01603,gob_tbl_02593,gob_tbl_01311,proc_ext_00437,proc_ext_00197,proc_ext_00459,dlk_ext_00652,dash_ext_00025
dash_proceso_0471;3;gob_tbl_01698,dlk_tbl_00931,dlk_tbl_03208;8;dlk_tbl_01933,gob_tbl_00617,proc_tbl_01147,dlk_tbl_00296,gob_tbl_00506,gob_ext_00088,dlk_ext_00395,proc_ext_00171
dash_proceso_0472;4;dlk_tbl_01366,dlk_tbl_01297,gob_tbl_00263,gob_tbl_02542;9;proc_tbl_02541,proc_tbl_03287,proc_tbl_02819,dlk_tbl_03454,dlk_tbl_01547,gob_ext_00121,gob_ext_00159,ppn_ext_00489,proc_ext_00171
dlk_proceso_0473;6;proc_tbl_00368,dlk_tbl_03770,gob_tbl_02606,dlk_tbl_02907,dlk_tbl_01681,m4vw_tbl_02971;13;dlk_tbl_02334,proc_tbl_03913,gob_tbl_01872,dlk_tbl_04439,ppn_tbl_00606,proc_tbl_01564,dlk_tbl_02708,m4vw_ext_00249,dlk_ext_00481,gob_ext_00492,gob_ext_00323,std_ext_00497,gob_ext_00618
gob_proceso_0474;5;dlk_tbl_00444,m4sco_tbl_00679,dlk_tbl_03381,gob_tbl_00205,m4vw_tbl_01357;9;gob_tbl_03168,dlk_tbl_01755,dash_tbl_03004,proc_tbl_04427,dash_tbl_03258,dlk_ext_00089,dlk_ext_00302,gob_ext_00229,dash_ext_00231
proc_proceso_0475;5;dlk_tbl_04225,gob_tbl_01130,dlk_tbl_00024,gob_tbl_03993,proc_tbl_02551;13;gob_tbl_01112,dlk_tbl_04255,dlk_tbl_02177,dlk_tbl_00470,dlk_tbl_02416,dlk_tbl_03580,dash_tbl_04220,dlk_ext_00582,dash_ext_00590,dlk_ext_00425,proc_ext_00413,dlk_ext_00133,dlk_ext_00523
dlk_proceso_0476;6;gob_tbl_01938,proc_tbl_02610,dlk_tbl_01100,std_tbl_03349,proc_tbl_01076,dash_tbl_03517;13;gob_tbl_00574,dlk_tbl_03208,dlk_tbl_03103,gob_tbl_03321,dlk_tbl_02519,dlk_tbl_03018,gob_tbl_04338,gob_ext_00128,gob_ext_00184,dlk_ext_00656,dlk_ext_00315,gob_ext_00187,dash_ext_00558
gob_proceso_0477;5;gob_tbl_01902,m4sco_tbl_02681,gob_tbl_02928,gob_tbl_04450,gob_tbl_01841;11;gob_tbl_00095,gob_tbl_01876,gob_tbl_02988,dlk_tbl_00178,proc_tbl_03495,dlk_tbl_04304,gob_ext_00638,proc_ext_00328,dlk_ext_00239,gob_ext_00185,m4vw_ext_00108
gob_proceso_0478;6;dash_tbl_03704,proc_tbl_00043,dash_tbl_00424,dlk_tbl_00869,ppn_tbl_03638,dlk_tbl_00666;11;gob_tbl_03953,gob_tbl_01346,proc_tbl_03844,gob_tbl_02278,proc_tbl_03377,dlk_tbl_03923,dlk_ext_00341,proc_ext_00131,dash_ext_00701,gob_ext_00212,dash_ext_00409
proc_proceso_0479;4;dlk_tbl_03390,gob_tbl_00698,proc_tbl_02384,gob_tbl_02418;7;dlk_tbl_03103,dlk_tbl_03087,dlk_tbl_02918,dash_tbl_01752,dlk_ext_00691,dlk_ext_00502,gob_ext_00699
dlk_proceso_0480;2;proc_tbl_03581,gob_tbl_02133;6;gob_tbl_03979,gob_tbl_01720,proc_tbl_01003,dlk_ext_00676,dash_ext_00046,dlk_ext_00069
dlk_proceso_0481;2;dlk_tbl_03719,dlk_tbl_00951;9;gob_tbl_03788,dlk_tbl_04285,gob_tbl_01400,gob_tbl_00325,dlk_tbl_04104,gob_ext_00212,proc_ext_00404,gob_ext_00149,dlk_ext_00210
proc_proceso_0482;5;dlk_tbl_01840,gob_tbl_01906,gob_tbl_02377,gob_tbl_01828,gob_tbl_02224;14;proc_tbl_02354,gob_tbl_02873,dash_tbl_01198,proc_tbl_03384,dlk_tbl_03374,gob_tbl_02522,gob_tbl_02859,dlk_tbl_01380,gob_ext_00498,dlk_ext_00583,dash_ext_00152,dlk_ext_00305,proc_ext_00242,gob_ext_00180
dash_proceso_0483;6;dlk_tbl_03068,dash_tbl_01609,dlk_tbl_00632,dlk_tbl_03247,dlk_tbl_01950,dash_tbl_00825;15;dlk_tbl_03021,gob_tbl_03245,gob_tbl_02774,proc_tbl_00772,gob_tbl_02804,dlk_tbl_02627,gob_tbl_03211,dlk_tbl_01753,dlk_tbl_00168,gob_ext_00238,gob_ext_00539,std_ext_00560,gob_ext_00607,gob_ext_00358,dlk_ext_00511
dlk_proceso_0484;7;gob_tbl_01558,gob_tbl_02269,dlk_tbl_01431,proc_tbl_00170,dlk_tbl_01656,std_tbl_01370,dash_tbl_00767;10;dlk_tbl_03961,gob_tbl_00328,dlk_tbl_00165,dlk_tbl_01103,dlk_tbl_03208,dlk_tbl_02008,gob_ext_00333,dlk_ext_00194,dash_ext_00550,gob_ext_00702
gob_proceso_0485;3;dlk_tbl_01150,m4vw_tbl_00131,dlk_tbl_01038;12;gob_tbl_03245,dash_tbl_01019,gob_tbl_02349,proc_tbl_02610,dlk_tbl_02518,gob_tbl_01040,dlk_tbl_03250,proc_ext_00243,proc_ext_00181,gob_ext_00106,proc_ext_00139,gob_ext_00417
dlk_proceso_0486;8;gob_tbl_00046,proc_tbl_03666,dlk_tbl_02847,gob_tbl_02716,gob_tbl_03397,dlk_tbl_00231,gob_tbl_00455,gob_tbl_03348;24;dash_tbl_01940,m4sco_tbl_02605,proc_tbl_00170,dlk_tbl_01792,dlk_tbl_00010,gob_tbl_03536,gob_tbl_02027,gob_tbl_02423,gob_tbl_01695,dlk_tbl_02459,proc_tbl_02343,dlk_tbl_02401,dlk_tbl_00708,dlk_tbl_04411,gob_ext_00149,gob_ext_00346,dlk_ext_00142,gob_ext_00477,gob_ext_00161,dlk_ext_00239,dlk_ext_00237,dlk_ext_00502,proc_ext_00055,dlk_ext_00359
gob_proceso_0487;3;dlk_tbl_01447,proc_tbl_01874,gob_tbl_01515;6;dlk_tbl_00283,dlk_tbl_03373,gob_tbl_02934,dlk_ext_00588,gob_ext_00168,dlk_ext_00344
proc_proceso_0488;4;proc_tbl_01748,dlk_tbl_02170,std_tbl_03693,dlk_tbl_02315;11;gob_tbl_03182,gob_tbl_02086,proc_tbl_00566,gob_tbl_01101,dlk_tbl_00168,m4vw_tbl_02127,proc_ext_00154,gob_ext_00257,gob_ext_00074,dlk_ext_00069,gob_ext_00168
proc_proceso_0489;3;gob_tbl_02124,dash_tbl_01491,gob_tbl_00647;14;dlk_tbl_01557,dlk_tbl_01755,proc_tbl_00834,dash_tbl_00378,dash_tbl_02262,gob_tbl_04292,dlk_tbl_02121,gob_tbl_00635,proc_ext_00177,dlk_ext_00395,gob_ext_00292,dlk_ext_00451,dash_ext_00060,gob_ext_00628
gob_proceso_0490;3;proc_tbl_03012,dlk_tbl_03540,dlk_tbl_04346;13;gob_tbl_02138,proc_tbl_03495,std_tbl_03113,gob_tbl_03507,gob_tbl_03184,gob_tbl_01660,dlk_tbl_00326,gob_ext_00042,dlk_ext_00361,dlk_ext_00294,dlk_ext_00186,m4sco_ext_00283,dlk_ext_00395
dlk_proceso_0491;4;gob_tbl_03974,gob_tbl_03189,gob_tbl_02069,dlk_tbl_03428;12;m4sco_tbl_03813,dlk_tbl_03944,m4sco_tbl_00402,ppn_tbl_02863,m4vw_tbl_01630,gob_tbl_00115,m4sco_tbl_01428,dash_ext_00046,proc_ext_00230,gob_ext_00476,dlk_ext_00528,dlk_ext_00286
proc_proceso_0492;5;dash_tbl_03896,gob_tbl_03679,gob_tbl_02779,dlk_tbl_00379,gob_tbl_04183;8;gob_tbl_00382,dlk_tbl_00034,gob_tbl_00476,std_tbl_02544,dash_tbl_03646,proc_ext_00150,std_ext_00599,proc_ext_00383
gob_proceso_0493;3;proc_tbl_02288,gob_tbl_00009,dash_tbl_00549;9;dlk_tbl_02201,std_tbl_03270,dlk_tbl_03809,gob_tbl_01826,gob_tbl_02991,proc_ext_00438,gob_ext_00080,proc_ext_00077,dlk_ext_00211
gob_proceso_0494;7;proc_tbl_03527,gob_tbl_03310,m4sco_tbl_00595,gob_tbl_03475,dlk_tbl_00896,gob_tbl_03223,dlk_tbl_01308;4;gob_tbl_01446,dlk_tbl_01802,gob_ext_00420,dlk_ext_00496
dlk_proceso_0495;5;dlk_tbl_04420,gob_tbl_00831,gob_tbl_03313,dlk_tbl_02530,proc_tbl_03746;5;dlk_tbl_00690,gob_tbl_00192,dlk_tbl_01525,gob_ext_00032,gob_ext_00295
gob_proceso_0496;3;dlk_tbl_00626,ppn_tbl_01837,gob_tbl_04425;10;gob_tbl_03084,gob_tbl_01126,proc_tbl_00132,gob_tbl_02151,gob_tbl_03668,gob_tbl_04233,proc_ext_00131,dlk_ext_00448,gob_ext_00034,dlk_ext_00109
dash_proceso_0497;3;m4sco_tbl_04462,dlk_tbl_03943,std_tbl_04198;13;dash_tbl_02262,dlk_tbl_00792,proc_tbl_02855,dlk_tbl_04439,gob_tbl_02568,gob_tbl_03350,gob_tbl_02486,gob_ext_00442,gob_ext_00212,dlk_ext_00691,gob_ext_00538,dlk_ext_00636,proc_ext_00349
dlk_proceso_0498;6;proc_tbl_03870,gob_tbl_01259,dlk_tbl_00909,gob_tbl_02409,dlk_tbl_04396,gob_tbl_00390;10;dash_tbl_03269,gob_tbl_02511,dlk_tbl_00731,dash_tbl_03749,gob_tbl_04397,dlk_tbl_04434,gob_ext_00509,m4vw_ext_00108,dash_ext_00309,gob_ext_00229
dlk_proceso_0499;4;gob_tbl_03182,dlk_tbl_04129,proc_tbl_00948,proc_tbl_02096;10;gob_tbl_02553,proc_tbl_00519,dlk_tbl_03663,dlk_tbl_01855,gob_tbl_02768,gob_tbl_04477,gob_ext_00087,proc_ext_00416,ppn_ext_00489,proc_ext_00375
gob_proceso_0500;7;gob_tbl_01605,dlk_tbl_04468,dlk_tbl_00257,dlk_tbl_01091,std_tbl_01767,dlk_tbl_02048,gob_tbl_02781;1;gob_tbl_02496
proc_proceso_0501;3;gob_tbl_00985,proc_tbl_00569,gob_tbl_00193;12;dlk_tbl_02809,dlk_tbl_01361,dash_tbl_04182,dash_tbl_02068,dlk_tbl_00865,gob_tbl_03821,dlk_tbl_00612,proc_ext_00157,m4vw_ext_00289,m4vw_ext_00670,dlk_ext_00199,gob_ext_00012
dash_proceso_0502;5;dash_tbl_01752,dash_tbl_00656,gob_tbl_01488,dlk_tbl_03470,dlk_tbl_00820;5;dlk_tbl_04258,m4vw_tbl_03654,dlk_tbl_03519,dlk_ext_00465,dlk_ext_00262
gob_proceso_0503;6;dlk_tbl_00876,dlk_tbl_02759,gob_tbl_03575,dlk_tbl_03682,proc_tbl_00809,proc_tbl_02729;10;dlk_tbl_02415,dlk_tbl_01217,dlk_tbl_03136,gob_tbl_04438,gob_tbl_01803,gob_tbl_00670,proc_ext_00169,gob_ext_00698,gob_ext_00509,dlk_ext_00496
dlk_proceso_0504;3;std_tbl_00268,dash_tbl_01490,gob_tbl_03659;13;m4sco_tbl_02303,gob_tbl_04161,dlk_tbl_00896,proc_tbl_01607,m4sco_tbl_04426,proc_tbl_02080,gob_tbl_03554,dlk_ext_00211,m4vw_ext_00670,proc_ext_00297,dlk_ext_00344,dlk_ext_00391,dash_ext_00567
proc_proceso_0505;5;gob_tbl_02444,dlk_tbl_01676,proc_tbl_04168,m4sco_tbl_02043,proc_tbl_02677;7;proc_tbl_00645,gob_tbl_02406,dash_tbl_03970,dlk_tbl_03576,dlk_ext_00194,proc_ext_00281,std_ext_00188
gob_proceso_0506;2;gob_tbl_01543,gob_tbl_02421;15;dlk_tbl_03229,dlk_tbl_03872,gob_tbl_01689,dlk_tbl_01703,gob_tbl_01040,m4vw_tbl_02795,gob_tbl_03219,gob_tbl_01659,dlk_tbl_01024,std_ext_00188,dlk_ext_00089,ppn_ext_00480,proc_ext_00367,gob_ext_00316,gob_ext_00238
gob_proceso_0507;5;gob_tbl_02975,dash_tbl_02719,dash_tbl_02745,dlk_tbl_00019,gob_tbl_02564;8;dlk_tbl_02115,gob_tbl_02377,gob_tbl_01638,gob_tbl_00432,proc_tbl_03327,dlk_ext_00119,gob_ext_00422,gob_ext_00486
proc_proceso_0508;4;dlk_tbl_00383,gob_tbl_04151,gob_tbl_01075,gob_tbl_01825;17;dlk_tbl_04384,dlk_tbl_04091,gob_tbl_03738,m4sco_tbl_03491,gob_tbl_02917,gob_tbl_02509,proc_tbl_01337,gob_tbl_00205,dlk_tbl_04064,dlk_tbl_01297,dlk_ext_00227,dlk_ext_00496,dlk_ext_00385,dash_ext_00544,proc_ext_00215,dlk_ext_00274,proc_ext_00131
dash_proceso_0509;7;dlk_tbl_00054,ppn_tbl_00336,dlk_tbl_01697,dash_tbl_02994,gob_tbl_03500,dlk_tbl_03776,gob_tbl_02058;6;dlk_tbl_01030,proc_tbl_03913,gob_tbl_02612,proc_ext_00604,proc_ext_00570,gob_ext_00486
gob_proceso_0510;8;gob_tbl_01867,dlk_tbl_02095,gob_tbl_02391,gob_tbl_03088,gob_tbl_03175,gob_tbl_02559,gob_tbl_04152,dlk_tbl_03909;24;dlk_tbl_03240,gob_tbl_04252,dlk_tbl_00764,gob_tbl_01488,dlk_tbl_00510,gob_tbl_01062,gob_tbl_04074,m4vw_tbl_01009,proc_tbl_02912,gob_tbl_02882,gob_tbl_01665,dash_tbl_03727,gob_tbl_00755,proc_tbl_04092,gob_ext_00680,proc_ext_00137,gob_ext_00316,dash_ext_00433,proc_ext_00579,m4vw_ext_00289,std_ext_00560,gob_ext_00168,proc_ext_00406,gob_ext_00292
proc_proceso_0511;5;dlk_tbl_03956,dlk_tbl_03355,proc_tbl_00544,gob_tbl_02182,dlk_tbl_02074;7;gob_tbl_02733,proc_tbl_03565,gob_tbl_00898,gob_tbl_00072,dash_ext_00590,gob_ext_00484,gob_ext_00049
dlk_proceso_0512;5;dlk_tbl_03965,dash_tbl_00122,proc_tbl_03029,dash_tbl_04319,dlk_tbl_02707;15;dlk_tbl_01972,m4vw_tbl_04128,std_tbl_02827,gob_tbl_00906,gob_tbl_03601,proc_tbl_02819,gob_tbl_00949,ppn_tbl_02615,dlk_tbl_01206,dash_ext_00190,dlk_ext_00053,proc_ext_00455,dash_ext_00246,gob_ext_00320,proc_ext_00501
dlk_proceso_0513;6;gob_tbl_02503,gob_tbl_00846,proc_tbl_00212,dlk_tbl_02957,std_tbl_00945,gob_tbl_01939;15;gob_tbl_03353,dlk_tbl_00631,dlk_tbl_03690,gob_tbl_03762,dlk_tbl_00717,m4sco_tbl_00595,dlk_tbl_00865,gob_tbl_01944,gob_tbl_03066,dlk_ext_00101,m4sco_ext_00412,m4sco_ext_00340,dlk_ext_00109,proc_ext_00336,proc_ext_00213
dlk_proceso_0514;4;proc_tbl_03112,dlk_tbl_00309,dlk_tbl_02356,gob_tbl_04370;9;gob_tbl_02570,dlk_tbl_01219,dlk_tbl_03458,gob_tbl_02807,gob_tbl_01611,dlk_ext_00277,proc_ext_00405,gob_ext_00478,dlk_ext_00676
dlk_proceso_0515;6;proc_tbl_00526,dlk_tbl_01104,proc_tbl_03377,gob_tbl_03600,proc_tbl_02161,proc_tbl_01705;6;proc_tbl_02080,proc_tbl_02209,dash_tbl_00520,dlk_ext_00178,proc_ext_00220,dash_ext_00046
dlk_proceso_0516;6;std_tbl_03594,proc_tbl_03234,gob_tbl_00342,dlk_tbl_03932,dlk_tbl_04458,ppn_tbl_00262;6;proc_tbl_02003,gob_tbl_00538,proc_tbl_00169,proc_ext_00169,gob_ext_00316,gob_ext_00539
dash_proceso_0517;5;dlk_tbl_02948,proc_tbl_01137,ppn_tbl_01257,dlk_tbl_03127,m4sco_tbl_00159;7;m4sco_tbl_04462,dlk_tbl_00373,gob_tbl_00430,dlk_tbl_04119,dlk_ext_00561,gob_ext_00563,proc_ext_00508
dlk_proceso_0518;4;dlk_tbl_03835,gob_tbl_03798,dlk_tbl_02044,proc_tbl_03550;4;ppn_tbl_03794,dash_tbl_04166,dlk_ext_00302,std_ext_00534
gob_proceso_0519;6;gob_tbl_00233,dlk_tbl_03830,proc_tbl_03925,dlk_tbl_02894,std_tbl_00589,dlk_tbl_02921;6;dlk_tbl_00039,dlk_tbl_00953,gob_tbl_02289,dlk_ext_00385,gob_ext_00706,dash_ext_00490
proc_proceso_0520;4;dlk_tbl_00092,gob_tbl_03559,gob_tbl_02406,gob_tbl_00311;7;dlk_tbl_01852,m4vw_tbl_04052,dash_tbl_01344,gob_tbl_01758,dlk_ext_00517,dlk_ext_00600,gob_ext_00483
dash_proceso_0521;3;dlk_tbl_02799,proc_tbl_02105,dlk_tbl_01439;15;gob_tbl_04309,gob_tbl_00812,dlk_tbl_03248,std_tbl_00443,proc_tbl_00365,proc_tbl_01646,dlk_tbl_03871,dlk_tbl_02803,gob_tbl_03784,gob_ext_00530,gob_ext_00486,gob_ext_00510,dlk_ext_00294,proc_ext_00428,proc_ext_00648
dash_proceso_0522;7;gob_tbl_02735,dlk_tbl_02009,dlk_tbl_03293,dlk_tbl_00076,gob_tbl_00537,proc_tbl_02837,dlk_tbl_00168;10;gob_tbl_03350,gob_tbl_03879,dlk_tbl_04418,proc_tbl_01348,proc_tbl_02696,gob_tbl_03281,gob_ext_00556,dash_ext_00433,gob_ext_00321,gob_ext_00148
dlk_proceso_0523;3;gob_tbl_03143,gob_tbl_03100,dlk_tbl_02557;13;std_tbl_02841,proc_tbl_02260,gob_tbl_03788,proc_tbl_00645,gob_tbl_01389,dlk_tbl_01091,proc_tbl_01957,gob_ext_00303,dlk_ext_00502,dlk_ext_00660,gob_ext_00023,proc_ext_00055,ppn_ext_00306
dlk_proceso_0524;3;proc_tbl_00924,gob_tbl_02591,gob_tbl_03843;13;dash_tbl_01293,dlk_tbl_00532,dlk_tbl_04439,dlk_tbl_02963,std_tbl_02346,dlk_tbl_01628,dlk_tbl_02737,ppn_ext_00573,dlk_ext_00499,ppn_ext_00045,dlk_ext_00588,gob_ext_00212,dlk_ext_00200
dlk_proceso_0525;2;proc_tbl_01773,gob_tbl_03841;15;proc_tbl_03900,gob_tbl_02246,dlk_tbl_02694,dash_tbl_03764,gob_tbl_03497,proc_tbl_01529,gob_tbl_03184,gob_tbl_03494,proc_tbl_00948,ppn_ext_00489,dash_ext_00549,gob_ext_00694,gob_ext_00100,ppn_ext_00505,dash_ext_00547
dash_proceso_0526;7;dlk_tbl_00410,gob_tbl_02900,gob_tbl_01039,dlk_tbl_00715,dlk_tbl_00463,dlk_tbl_03183,dlk_tbl_04242;10;ppn_tbl_03656,gob_tbl_02665,gob_tbl_02438,gob_tbl_02698,dlk_tbl_00483,dlk_tbl_01671,dlk_ext_00714,gob_ext_00651,gob_ext_00323,proc_ext_00150
gob_proceso_0527;5;gob_tbl_04111,gob_tbl_04364,dlk_tbl_03316,gob_tbl_00687,proc_tbl_04324;9;std_tbl_02941,gob_tbl_00537,gob_tbl_02788,gob_tbl_03181,dlk_tbl_00672,dlk_ext_00195,std_ext_00188,gob_ext_00130,proc_ext_00472
gob_proceso_0528;6;gob_tbl_03124,dlk_tbl_00742,dlk_tbl_04209,gob_tbl_01244,dlk_tbl_03020,gob_tbl_03520;10;dlk_tbl_03382,dlk_tbl_02778,std_tbl_00247,proc_tbl_03437,dlk_tbl_02211,ppn_tbl_01544,dlk_ext_00302,ppn_ext_00143,proc_ext_00643,gob_ext_00241
gob_proceso_0529;4;proc_tbl_01588,dlk_tbl_00270,gob_tbl_01763,proc_tbl_04427;13;gob_tbl_03376,proc_tbl_01949,gob_tbl_01527,gob_tbl_02607,gob_tbl_00988,gob_tbl_01311,gob_tbl_01865,gob_ext_00628,dash_ext_00060,gob_ext_00252,dlk_ext_00377,gob_ext_00116,proc_ext_00137
dlk_proceso_0530;5;dlk_tbl_00006,dash_tbl_01263,gob_tbl_00704,dash_tbl_01666,dash_tbl_03764;19;dlk_tbl_00037,gob_tbl_00783,gob_tbl_01227,gob_tbl_03168,dlk_tbl_01463,std_tbl_00177,proc_tbl_03849,proc_tbl_00447,gob_tbl_04014,m4vw_tbl_02795,dlk_tbl_04279,dlk_ext_00078,gob_ext_00285,dlk_ext_00235,proc_ext_00349,gob_ext_00076,gob_ext_00520,dlk_ext_00277,m4sco_ext_00340
dlk_proceso_0531;8;dash_tbl_01504,gob_tbl_00161,gob_tbl_00700,gob_tbl_01149,dash_tbl_02214,dash_tbl_03153,gob_tbl_01053,proc_tbl_01974;9;m4vw_tbl_03604,gob_tbl_01394,gob_tbl_03296,proc_tbl_01518,gob_tbl_01721,gob_ext_00468,dlk_ext_00565,gob_ext_00122,proc_ext_00021
gob_proceso_0532;6;dlk_tbl_04285,gob_tbl_01113,gob_tbl_02049,gob_tbl_00476,proc_tbl_01737,dlk_tbl_03828;6;dlk_tbl_02995,gob_tbl_00538,dlk_tbl_01986,dlk_ext_00194,dlk_ext_00583,gob_ext_00702
proc_proceso_0533;4;std_tbl_04348,dlk_tbl_03928,gob_tbl_01803,dash_tbl_02493;5;dlk_tbl_02451,gob_tbl_02693,dlk_tbl_00201,dlk_ext_00393,proc_ext_00266
proc_proceso_0534;2;ppn_tbl_04230,dlk_tbl_02903;7;gob_tbl_00048,std_tbl_03270,gob_tbl_00628,gob_tbl_03266,gob_ext_00665,dash_ext_00567,gob_ext_00525
dash_proceso_0535;5;proc_tbl_04122,proc_tbl_02796,proc_tbl_03900,proc_tbl_01571,gob_tbl_03757;8;dlk_tbl_00470,dlk_tbl_04020,dlk_tbl_02694,std_tbl_03299,proc_tbl_01510,dlk_ext_00687,gob_ext_00320,gob_ext_00442
dash_proceso_0536;6;proc_tbl_01805,std_tbl_03389,gob_tbl_04302,proc_tbl_03743,dlk_tbl_03087,gob_tbl_04174;6;gob_tbl_02278,dlk_tbl_01888,dlk_tbl_00979,dlk_ext_00473,proc_ext_00242,proc_ext_00428
gob_proceso_0537;4;dlk_tbl_04464,proc_tbl_01574,dlk_tbl_04265,dlk_tbl_02784;9;proc_tbl_01945,proc_tbl_02877,dlk_tbl_02429,proc_tbl_00809,gob_tbl_01590,gob_ext_00038,gob_ext_00114,proc_ext_00604,dash_ext_00701
dlk_proceso_0538;6;dlk_tbl_00035,gob_tbl_02486,gob_tbl_03548,gob_tbl_02596,proc_tbl_04062,m4vw_tbl_01036;15;gob_tbl_02756,gob_tbl_04298,proc_tbl_02644,dlk_tbl_03414,gob_tbl_03895,std_tbl_01984,gob_tbl_03784,dash_tbl_00429,dlk_tbl_03492,gob_ext_00037,gob_ext_00312,dlk_ext_00315,ppn_ext_00045,dlk_ext_00436,dlk_ext_00395
proc_proceso_0539;3;dlk_tbl_01081,gob_tbl_03954,gob_tbl_00978;4;std_tbl_03594,dlk_tbl_01174,gob_ext_00320,gob_ext_00618
gob_proceso_0540;4;gob_tbl_01978,dlk_tbl_01755,gob_tbl_02227,dash_tbl_04021;10;dlk_tbl_01888,dlk_tbl_02634,dlk_tbl_03657,gob_tbl_01210,dlk_tbl_02732,gob_tbl_03131,gob_ext_00187,gob_ext_00520,gob_ext_00223,ppn_ext_00629
dlk_proceso_0541;5;dlk_tbl_00315,dlk_tbl_01387,gob_tbl_00115,proc_tbl_01027,proc_tbl_02167;13;gob_tbl_04380,gob_tbl_00927,m4vw_tbl_03604,dash_tbl_01117,std_tbl_02323,gob_tbl_01090,gob_tbl_01350,dlk_ext_00411,dlk_ext_00194,gob_ext_00695,proc_ext_00605,dlk_ext_00377,dlk_ext_00668
dlk_proceso_0542;3;dash_tbl_01502,dlk_tbl_02649,gob_tbl_02395;11;dlk_tbl_03108,dash_tbl_04455,gob_tbl_00704,dash_tbl_01131,dlk_tbl_03018,dlk_tbl_03080,dlk_ext_00457,proc_ext_00290,ppn_ext_00073,gob_ext_00001,gob_ext_00206
dlk_proceso_0543;6;dlk_tbl_00914,dlk_tbl_02634,dlk_tbl_02933,gob_tbl_02780,dlk_tbl_00341,gob_tbl_02138;16;dlk_tbl_02732,proc_tbl_03384,dlk_tbl_04149,proc_tbl_03010,m4vw_tbl_01247,m4sco_tbl_02776,dlk_tbl_02417,gob_tbl_00974,dlk_tbl_00677,dlk_ext_00192,gob_ext_00539,gob_ext_00042,std_ext_00092,gob_ext_00620,dlk_ext_00517,proc_ext_00413
gob_proceso_0544;4;dlk_tbl_00524,gob_tbl_03834,gob_tbl_03544,dlk_tbl_02798;6;gob_tbl_03536,proc_tbl_02695,gob_tbl_01736,gob_ext_00253,gob_ext_00665,dlk_ext_00196
proc_proceso_0545;5;dlk_tbl_03335,proc_tbl_02754,dash_tbl_00797,proc_tbl_03934,dlk_tbl_01190;10;gob_tbl_01058,std_tbl_01967,gob_tbl_02162,dlk_tbl_02769,proc_tbl_01949,gob_tbl_03610,gob_ext_00596,proc_ext_00181,gob_ext_00417,proc_ext_00526
dash_proceso_0546;8;gob_tbl_01085,gob_tbl_00597,gob_tbl_00586,dlk_tbl_04399,gob_tbl_03342,gob_tbl_00030,proc_tbl_02529,proc_tbl_02704;19;gob_tbl_02768,dlk_tbl_03252,gob_tbl_01496,dlk_tbl_03542,dlk_tbl_00764,dlk_tbl_01111,gob_tbl_02785,gob_tbl_04011,gob_tbl_01374,dlk_tbl_01378,gob_tbl_04136,dlk_ext_00194,proc_ext_00605,gob_ext_00316,gob_ext_00240,gob_ext_00191,dlk_ext_00587,gob_ext_00285,proc_ext_00157
gob_proceso_0547;3;dlk_tbl_01472,dlk_tbl_01624,gob_tbl_02062;14;dash_tbl_02030,gob_tbl_01832,proc_tbl_03053,dlk_tbl_03625,gob_tbl_03866,dlk_tbl_00507,dlk_tbl_01403,gob_tbl_04133,proc_ext_00169,gob_ext_00440,gob_ext_00034,gob_ext_00578,gob_ext_00347,dlk_ext_00276
proc_proceso_0548;5;gob_tbl_03319,ppn_tbl_01298,gob_tbl_00299,dlk_tbl_00124,proc_tbl_03537;8;dlk_tbl_00168,gob_tbl_02831,m4vw_tbl_04244,gob_tbl_03497,dash_tbl_00412,dlk_ext_00516,ppn_ext_00629,dlk_ext_00237
gob_proceso_0549;5;dlk_tbl_02623,proc_tbl_04400,gob_tbl_01496,gob_tbl_00430,dlk_tbl_04387;19;dlk_tbl_03114,gob_tbl_01469,gob_tbl_03174,gob_tbl_03376,gob_tbl_02272,std_tbl_00259,gob_tbl_02511,dlk_tbl_01010,gob_tbl_02131,dlk_tbl_00261,dlk_tbl_03157,gob_ext_00417,std_ext_00560,gob_ext_00269,dlk_ext_00344,dlk_ext_00686,dlk_ext_00411,dlk_ext_00712,gob_ext_00032
dlk_proceso_0550;4;dash_tbl_04190,dlk_tbl_00127,ppn_tbl_01544,proc_tbl_00363;13;gob_tbl_03979,dlk_tbl_01750,proc_tbl_00354,proc_tbl_03550,dlk_tbl_03097,dlk_tbl_01014,gob_tbl_00027,dlk_ext_00192,gob_ext_00624,dash_ext_00409,gob_ext_00241,proc_ext_00621,dlk_ext_00125
gob_proceso_0551;4;dlk_tbl_01716,dlk_tbl_01274,dlk_tbl_02661,dash_tbl_01997;10;gob_tbl_01996,gob_tbl_00272,gob_tbl_02844,dlk_tbl_02777,dlk_tbl_03284,dlk_tbl_01678,gob_ext_00553,gob_ext_00651,gob_ext_00362,dlk_ext_00064
dlk_proceso_0552;3;gob_tbl_00288,gob_tbl_00445,gob_tbl_03524;4;proc_tbl_01371,proc_tbl_02376,ppn_ext_00073,dlk_ext_00204
dash_proceso_0553;7;gob_tbl_01210,dlk_tbl_04479,dash_tbl_04465,gob_tbl_03147,dash_tbl_03322,dlk_tbl_03809,proc_tbl_01284;6;std_tbl_01929,dlk_tbl_03311,dash_tbl_04076,gob_ext_00303,dlk_ext_00068,dlk_ext_00026
proc_proceso_0554;5;dlk_tbl_03865,gob_tbl_03821,dlk_tbl_04260,dlk_tbl_04246,gob_tbl_03168;12;dash_tbl_01288,std_tbl_02835,dash_tbl_02548,proc_tbl_01510,dlk_tbl_01025,m4sco_tbl_01782,dlk_tbl_02178,gob_ext_00184,dash_ext_00433,proc_ext_00324,dlk_ext_00195,dlk_ext_00600
dash_proceso_0555;4;dash_tbl_01046,std_tbl_02152,proc_tbl_02513,dlk_tbl_02717;7;gob_tbl_03030,dash_tbl_00862,gob_tbl_03645,gob_tbl_03181,gob_ext_00624,dash_ext_00467,proc_ext_00021
dlk_proceso_0556;2;proc_tbl_00243,proc_tbl_03392;6;gob_tbl_03536,gob_tbl_02094,dlk_tbl_00202,dlk_ext_00022,dlk_ext_00144,dlk_ext_00203
dlk_proceso_0557;3;gob_tbl_01223,gob_tbl_00901,dlk_tbl_03239;6;dlk_tbl_00782,dlk_tbl_03232,dlk_tbl_01922,gob_ext_00618,proc_ext_00085,proc_ext_00215
dash_proceso_0558;5;m4sco_tbl_02427,dlk_tbl_00344,dlk_tbl_00080,ppn_tbl_03889,dash_tbl_02950;14;gob_tbl_04065,ppn_tbl_01298,dlk_tbl_02440,gob_tbl_02831,dlk_tbl_03872,dlk_tbl_02370,gob_tbl_03788,dlk_tbl_02737,gob_ext_00031,gob_ext_00248,dlk_ext_00274,dash_ext_00547,gob_ext_00124,dlk_ext_00294
dash_proceso_0559;6;dlk_tbl_00241,gob_tbl_01729,dlk_tbl_03105,dlk_tbl_04056,dash_tbl_03128,gob_tbl_00583;10;ppn_tbl_00889,gob_tbl_00198,proc_tbl_02135,dlk_tbl_01951,proc_tbl_02295,dlk_tbl_00463,dlk_ext_00194,proc_ext_00189,dlk_ext_00125,gob_ext_00316
dash_proceso_0560;5;dlk_tbl_02624,dlk_tbl_02311,dlk_tbl_03939,gob_tbl_02039,dlk_tbl_00470;16;proc_tbl_02298,gob_tbl_02715,dlk_tbl_00754,proc_tbl_03164,dlk_tbl_02993,gob_tbl_00664,dlk_tbl_04266,proc_tbl_02343,gob_tbl_03789,proc_ext_00367,gob_ext_00418,gob_ext_00148,dlk_ext_00222,gob_ext_00166,proc_ext_00197,gob_ext_00346
gob_proceso_0561;6;gob_tbl_03177,dlk_tbl_02254,dlk_tbl_02306,dlk_tbl_04156,gob_tbl_04252,std_tbl_02941;10;gob_tbl_00288,proc_tbl_03111,gob_tbl_02836,gob_tbl_03957,proc_tbl_03424,dlk_tbl_01617,dash_ext_00558,dlk_ext_00005,gob_ext_00097,dlk_ext_00047
dash_proceso_0562;3;gob_tbl_00757,gob_tbl_02473,ppn_tbl_01375;6;dlk_tbl_02583,proc_tbl_01084,dlk_tbl_04115,m4vw_ext_00289,gob_ext_00185,dlk_ext_00664
dash_proceso_0563;3;gob_tbl_01441,proc_tbl_02639,gob_tbl_00659;11;dlk_tbl_04002,dash_tbl_03646,m4vw_tbl_04243,dlk_tbl_00986,dlk_tbl_04091,proc_tbl_03549,gob_ext_00241,dlk_ext_00029,gob_ext_00625,gob_ext_00285,gob_ext_00440
dlk_proceso_0564;5;gob_tbl_02749,gob_tbl_03668,proc_tbl_01107,dash_tbl_02134,gob_tbl_01152;7;dash_tbl_02270,gob_tbl_03773,dlk_tbl_02106,proc_tbl_02929,ppn_ext_00306,gob_ext_00037,proc_ext_00536
proc_proceso_0565;4;dash_tbl_02883,proc_tbl_04058,gob_tbl_02129,proc_tbl_03154;12;gob_tbl_01460,proc_tbl_01662,dash_tbl_03081,dlk_tbl_04241,m4vw_tbl_04185,gob_tbl_04008,dlk_tbl_01702,gob_ext_00607,gob_ext_00477,proc_ext_00605,gob_ext_00318,proc_ext_00501
dlk_proceso_0566;5;gob_tbl_00079,gob_tbl_00525,m4sco_tbl_04100,dlk_tbl_00601,gob_tbl_00235;14;gob_tbl_00141,gob_tbl_00469,gob_tbl_01057,gob_tbl_04093,dlk_tbl_03561,std_tbl_01767,gob_tbl_00769,gob_tbl_01188,dlk_ext_00043,gob_ext_00585,dlk_ext_00294,m4sco_ext_00458,gob_ext_00159,gob_ext_00318
dlk_proceso_0567;5;dlk_tbl_01986,proc_tbl_02696,proc_tbl_00618,dlk_tbl_01219,gob_tbl_02063;14;dlk_tbl_00231,gob_tbl_01193,dlk_tbl_01712,dlk_tbl_01970,std_tbl_02475,gob_tbl_03536,dlk_tbl_04351,dash_tbl_03839,dlk_ext_00687,dlk_ext_00089,dlk_ext_00194,proc_ext_00488,proc_ext_00501,gob_ext_00464
dlk_proceso_0568;2;proc_tbl_02600,proc_tbl_04249;7;dlk_tbl_00056,dlk_tbl_01378,std_tbl_03365,gob_tbl_01738,dlk_ext_00537,std_ext_00599,gob_ext_00212
dash_proceso_0569;4;dlk_tbl_00300,gob_tbl_00508,gob_tbl_01577,gob_tbl_00860;3;dlk_tbl_01181,dash_tbl_01131,proc_ext_00405
dlk_proceso_0570;2;gob_tbl_01451,gob_tbl_01983;6;gob_tbl_00898,proc_tbl_00693,dlk_tbl_01755,dlk_ext_00043,proc_ext_00290,dlk_ext_00335
proc_proceso_0571;3;gob_tbl_03435,dlk_tbl_03122,dlk_tbl_02329;8;dlk_tbl_03635,proc_tbl_01023,dlk_tbl_00070,std_tbl_00575,dlk_tbl_03095,m4vw_ext_00450,gob_ext_00115,gob_ext_00145
proc_proceso_0572;5;dlk_tbl_01064,gob_tbl_01287,gob_tbl_01965,dash_tbl_04431,dlk_tbl_03599;7;dlk_tbl_00056,gob_tbl_00801,gob_tbl_01179,dlk_tbl_03229,dlk_ext_00600,ppn_ext_00489,dlk_ext_00368
gob_proceso_0573;7;gob_tbl_00500,m4vw_tbl_01050,proc_tbl_02480,gob_tbl_00811,gob_tbl_02856,proc_tbl_01168,gob_tbl_03688;9;m4vw_tbl_04052,dlk_tbl_04356,dlk_tbl_04053,gob_tbl_02377,gob_tbl_04327,dash_ext_00309,dlk_ext_00277,dlk_ext_00517,gob_ext_00532
gob_proceso_0574;5;proc_tbl_01124,gob_tbl_03388,dash_tbl_01234,dlk_tbl_02659,proc_tbl_01989;14;dlk_tbl_04341,proc_tbl_00809,proc_tbl_00447,gob_tbl_01803,dlk_tbl_01449,gob_tbl_01405,dlk_tbl_01330,dlk_tbl_03799,gob_ext_00161,dlk_ext_00359,gob_ext_00087,gob_ext_00680,dlk_ext_00686,gob_ext_00415
proc_proceso_0575;8;gob_tbl_04003,proc_tbl_01957,dlk_tbl_03563,gob_tbl_02042,gob_tbl_00641,dlk_tbl_00230,dlk_tbl_00550,gob_tbl_03005;23;dlk_tbl_01732,proc_tbl_01603,dlk_tbl_02315,dash_tbl_01962,dlk_tbl_04315,proc_tbl_03054,dlk_tbl_01900,gob_tbl_02409,gob_tbl_04145,gob_tbl_00956,gob_tbl_02269,gob_tbl_00136,dash_tbl_03517,dlk_ext_00523,gob_ext_00556,gob_ext_00338,dash_ext_00309,proc_ext_00508,ppn_ext_00306,gob_ext_00702,gob_ext_00563,gob_ext_00576,dash_ext_00490
dlk_proceso_0576;6;dash_tbl_02674,gob_tbl_01228,gob_tbl_01725,gob_tbl_02534,dlk_tbl_02211,gob_tbl_00867;9;dlk_tbl_03306,dlk_tbl_00230,proc_tbl_01662,dlk_tbl_00051,dlk_tbl_03732,proc_ext_00526,dlk_ext_00583,proc_ext_00375,dlk_ext_00368
gob_proceso_0577;7;gob_tbl_01140,gob_tbl_02987,proc_tbl_00519,gob_tbl_00372,gob_tbl_00720,proc_tbl_02887,gob_tbl_00975;11;gob_tbl_03350,dlk_tbl_02578,dlk_tbl_01403,dlk_tbl_04401,dlk_tbl_00296,proc_tbl_03023,dlk_ext_00136,dlk_ext_00194,proc_ext_00213,gob_ext_00645,gob_ext_00601
dash_proceso_0578;3;dlk_tbl_04304,m4vw_tbl_03221,gob_tbl_00769;6;gob_tbl_04325,dlk_tbl_04179,dlk_tbl_01141,proc_ext_00054,proc_ext_00459,proc_ext_00572
dlk_proceso_0579;2;gob_tbl_04317,dlk_tbl_00351;8;gob_tbl_02349,proc_tbl_02598,proc_tbl_00234,proc_tbl_00406,gob_tbl_00670,gob_ext_00612,dlk_ext_00493,dlk_ext_00583
dlk_proceso_0580;4;proc_tbl_03717,proc_tbl_01909,std_tbl_02506,dlk_tbl_01913;10;dlk_tbl_02799,proc_tbl_01143,dlk_tbl_03869,dlk_tbl_02743,dlk_tbl_00487,gob_tbl_03124,dlk_ext_00089,ppn_ext_00300,proc_ext_00404,dlk_ext_00158
dlk_proceso_0581;4;std_tbl_00947,dlk_tbl_03364,gob_tbl_02690,gob_tbl_00227;12;proc_tbl_03053,dash_tbl_01740,dlk_tbl_03220,dlk_tbl_03391,proc_tbl_03565,dash_tbl_01115,proc_tbl_00917,gob_ext_00104,dlk_ext_00444,gob_ext_00673,dlk_ext_00026,gob_ext_00122
dlk_proceso_0582;5;dash_tbl_02990,gob_tbl_00560,gob_tbl_00854,dash_tbl_00561,dlk_tbl_02737;5;dlk_tbl_00849,m4sco_tbl_02427,gob_tbl_03292,ppn_ext_00629,dash_ext_00309
proc_proceso_0583;3;std_tbl_00044,dash_tbl_01059,std_tbl_03982;9;std_tbl_01271,gob_tbl_00442,gob_tbl_02246,dash_tbl_03611,dlk_tbl_01595,gob_ext_00442,proc_ext_00337,dlk_ext_00222,proc_ext_00658
dlk_proceso_0584;9;dlk_tbl_00623,proc_tbl_00186,dlk_tbl_03022,dlk_tbl_04020,dlk_tbl_03346,gob_tbl_04325,proc_tbl_00488,gob_tbl_01713,ppn_tbl_00606;14;gob_tbl_02606,dlk_tbl_02847,gob_tbl_01980,dlk_tbl_04119,dlk_tbl_00735,proc_tbl_02362,proc_tbl_01147,dlk_tbl_03551,gob_ext_00214,proc_ext_00654,dash_ext_00549,dlk_ext_00276,dlk_ext_00315,gob_ext_00202
gob_proceso_0585;6;ppn_tbl_00889,std_tbl_00408,gob_tbl_00222,gob_tbl_01049,dash_tbl_00123,gob_tbl_02988;6;proc_tbl_01686,gob_tbl_01441,proc_tbl_02729,proc_ext_00605,dlk_ext_00537,proc_ext_00472
proc_proceso_0586;8;proc_tbl_01607,dlk_tbl_01920,dlk_tbl_02894,dlk_tbl_01964,dash_tbl_01279,m4vw_tbl_04407,dlk_tbl_00219,dlk_tbl_03734;7;gob_tbl_02596,dlk_tbl_01014,dlk_tbl_00527,dlk_tbl_02095,gob_ext_00174,dlk_ext_00686,dlk_ext_00051
dlk_proceso_0587;5;dlk_tbl_04448,dlk_tbl_01378,dlk_tbl_02469,gob_tbl_00136,gob_tbl_01765;16;dlk_tbl_00849,dlk_tbl_04098,dlk_tbl_04209,std_tbl_02053,proc_tbl_04249,proc_tbl_02541,dlk_tbl_02257,gob_tbl_00372,gob_tbl_04201,dlk_ext_00195,dlk_ext_00656,proc_ext_00614,dash_ext_00271,dlk_ext_00711,std_ext_00560,gob_ext_00400
dlk_proceso_0588;5;proc_tbl_04092,gob_tbl_02511,dlk_tbl_01784,dlk_tbl_00878,proc_tbl_02595;7;gob_tbl_04477,dlk_tbl_01926,proc_tbl_04012,proc_tbl_02705,proc_ext_00669,dlk_ext_00636,gob_ext_00079
proc_proceso_0589;3;dlk_tbl_00507,dlk_tbl_02924,m4sco_tbl_01061;13;dlk_tbl_03095,gob_tbl_02252,dash_tbl_03121,proc_tbl_00809,gob_tbl_03223,dlk_tbl_00024,dlk_tbl_01915,ppn_ext_00489,gob_ext_00373,dash_ext_00567,dlk_ext_00466,gob_ext_00684,dlk_ext_00461
gob_proceso_0590;4;proc_tbl_00252,dlk_tbl_03992,dlk_tbl_04227,gob_tbl_02593;6;gob_tbl_00179,gob_tbl_03552,dlk_tbl_03246,dlk_ext_00374,dlk_ext_00178,dlk_ext_00024
gob_proceso_0591;5;dash_tbl_02262,dlk_tbl_01159,dlk_tbl_03095,dlk_tbl_01688,proc_tbl_03169;8;gob_tbl_00030,std_tbl_01584,gob_tbl_02725,dlk_tbl_00096,dlk_tbl_04042,gob_ext_00418,dash_ext_00046,gob_ext_00224
dlk_proceso_0592;4;dlk_tbl_04472,ppn_tbl_03656,dlk_tbl_02742,std_tbl_03602;6;gob_tbl_03052,dlk_tbl_04411,dlk_tbl_00468,gob_ext_00477,dash_ext_00547,m4vw_ext_00670
gob_proceso_0593;2;gob_tbl_02927,dash_tbl_01397;15;dlk_tbl_03114,std_tbl_02323,proc_tbl_03323,dlk_tbl_03965,gob_tbl_03181,gob_tbl_01745,gob_tbl_03894,gob_tbl_02206,gob_tbl_03464,dlk_ext_00391,dlk_ext_00609,dlk_ext_00499,gob_ext_00224,gob_ext_00665,proc_ext_00167
dlk_proceso_0594;6;gob_tbl_01464,dlk_tbl_03533,proc_tbl_04055,dlk_tbl_03306,proc_tbl_01267,proc_tbl_03325;13;dash_tbl_02150,proc_tbl_04251,gob_tbl_04292,proc_tbl_02757,dash_tbl_00520,gob_tbl_02245,proc_tbl_00306,gob_ext_00224,dlk_ext_00089,gob_ext_00059,dlk_ext_00314,gob_ext_00709,dlk_ext_00195
dlk_proceso_0595;6;dlk_tbl_00847,dlk_tbl_04207,dlk_tbl_00748,m4sco_tbl_00484,proc_tbl_00176,dlk_tbl_00305;10;proc_tbl_03527,gob_tbl_02641,gob_tbl_00946,dlk_tbl_01869,m4sco_tbl_02303,gob_tbl_03262,proc_ext_00336,dlk_ext_00686,gob_ext_00440,gob_ext_00628
dlk_proceso_0596;4;proc_tbl_02333,gob_tbl_03214,dlk_tbl_01427,m4sco_tbl_00343;6;proc_tbl_01381,m4sco_tbl_02283,dlk_tbl_00855,gob_ext_00645,dlk_ext_00700,gob_ext_00509
gob_proceso_0597;5;proc_tbl_03312,gob_tbl_03047,dlk_tbl_00485,gob_tbl_03963,gob_tbl_01575;8;dlk_tbl_02185,gob_tbl_00251,dlk_tbl_01671,gob_tbl_02057,proc_tbl_03674,gob_ext_00525,gob_ext_00379,dlk_ext_00204
proc_proceso_0598;6;ppn_tbl_01376,gob_tbl_02724,gob_tbl_03378,dash_tbl_02116,gob_tbl_01465,gob_tbl_01537;10;gob_tbl_01280,dlk_tbl_01363,proc_tbl_04473,gob_tbl_01969,dlk_tbl_01687,gob_tbl_04085,gob_ext_00234,proc_ext_00658,dlk_ext_00606,gob_ext_00630
gob_proceso_0599;6;m4sco_tbl_03207,gob_tbl_00091,dlk_tbl_01592,dlk_tbl_00471,dlk_tbl_00310,gob_tbl_01283;4;dash_tbl_02066,gob_tbl_02143,gob_ext_00001,m4vw_ext_00017
dlk_proceso_0600;8;proc_tbl_01051,gob_tbl_00439,gob_tbl_03279,dlk_tbl_01642,gob_tbl_02567,dlk_tbl_00468,gob_tbl_04102,dlk_tbl_03966;24;proc_tbl_01239,dash_tbl_02959,dlk_tbl_01120,gob_tbl_03211,gob_tbl_02507,gob_tbl_01270,dash_tbl_03046,proc_tbl_02368,gob_tbl_04008,gob_tbl_04408,std_tbl_03113,dash_tbl_03620,dash_tbl_01221,proc_tbl_00058,gob_ext_00665,std_ext_00188,gob_ext_00241,dlk_ext_00676,ppn_ext_00143,proc_ext_00392,dlk_ext_00668,dlk_ext_00528,proc_ext_00427,dlk_ext_00494
proc_proceso_0601;3;gob_tbl_02502,gob_tbl_01724,dlk_tbl_03290;11;gob_tbl_02668,gob_tbl_01202,gob_tbl_04338,dash_tbl_04220,proc_tbl_00435,dlk_tbl_02766,gob_ext_00165,dlk_ext_00068,dlk_ext_00109,std_ext_00497,gob_ext_00206
gob_proceso_0602;4;proc_tbl_02002,dlk_tbl_00407,m4vw_tbl_02032,dlk_tbl_00692;4;dlk_tbl_02671,gob_tbl_02653,proc_ext_00171,gob_ext_00226
dlk_proceso_0603;6;dlk_tbl_02169,gob_tbl_03376,dlk_tbl_00634,dash_tbl_00381,dlk_tbl_00051,dlk_tbl_04211;21;gob_tbl_00995,gob_tbl_04201,proc_tbl_00358,gob_tbl_03744,gob_tbl_01464,gob_tbl_03083,dlk_tbl_03505,dlk_tbl_02979,gob_tbl_01552,gob_tbl_03030,m4sco_tbl_02776,gob_tbl_03510,proc_ext_00126,gob_ext_00241,gob_ext_00576,gob_ext_00106,gob_ext_00486,dash_ext_00567,dlk_ext_00395,gob_ext_00170,gob_ext_00086
gob_proceso_0604;4;gob_tbl_04001,dlk_tbl_03564,proc_tbl_03305,proc_tbl_02528;13;dlk_tbl_03540,dlk_tbl_02442,proc_tbl_04400,dlk_tbl_02783,gob_tbl_02332,gob_tbl_03161,dash_tbl_02547,proc_ext_00438,proc_ext_00643,proc_ext_00169,dash_ext_00409,dash_ext_00060,gob_ext_00202
proc_proceso_0605;2;dlk_tbl_00752,dlk_tbl_03488;7;m4sco_tbl_01456,dlk_tbl_04468,gob_tbl_00628,proc_tbl_00101,m4vw_ext_00692,dash_ext_00256,m4vw_ext_00462
dlk_proceso_0606;2;gob_tbl_02084,dlk_tbl_00047;6;dlk_tbl_02783,gob_tbl_02010,dlk_tbl_01254,proc_ext_00413,dlk_ext_00119,proc_ext_00215
dlk_proceso_0607;3;gob_tbl_02673,dlk_tbl_03078,proc_tbl_02862;12;proc_tbl_04045,proc_tbl_03495,proc_tbl_02620,std_tbl_01370,dlk_tbl_01512,proc_tbl_04391,proc_tbl_00969,dlk_ext_00687,gob_ext_00044,proc_ext_00242,proc_ext_00559,gob_ext_00295
gob_proceso_0608;7;dlk_tbl_03936,gob_tbl_04200,proc_tbl_03151,gob_tbl_04030,gob_tbl_03751,dlk_tbl_03836,proc_tbl_01637;1;gob_tbl_00704
proc_proceso_0609;5;proc_tbl_00512,dlk_tbl_00921,proc_tbl_04045,dlk_tbl_03404,gob_tbl_01795;16;gob_tbl_00242,gob_tbl_00698,gob_tbl_03784,gob_tbl_01803,gob_tbl_01580,dlk_tbl_01064,gob_tbl_00751,proc_tbl_03565,dash_tbl_01890,gob_ext_00161,proc_ext_00263,proc_ext_00297,dlk_ext_00039,proc_ext_00150,dlk_ext_00660,dlk_ext_00024
dash_proceso_0610;4;dlk_tbl_04210,dash_tbl_02117,gob_tbl_01122,dash_tbl_04187;17;gob_tbl_03216,dlk_tbl_01712,gob_tbl_04257,gob_tbl_03342,gob_tbl_00216,gob_tbl_02139,gob_tbl_02239,proc_tbl_01382,std_tbl_04048,gob_tbl_00493,dlk_ext_00322,dash_ext_00549,proc_ext_00189,proc_ext_00643,dlk_ext_00344,dlk_ext_00407,dash_ext_00558
dlk_proceso_0611;3;gob_tbl_00017,dlk_tbl_01677,m4sco_tbl_00402;11;gob_tbl_03791,dash_tbl_01534,proc_tbl_02912,dash_tbl_04021,gob_tbl_04005,gob_tbl_00136,dlk_ext_00366,proc_ext_00455,gob_ext_00059,gob_ext_00509,dash_ext_00549
dlk_proceso_0612;2;dlk_tbl_02218,dash_tbl_03258;12;proc_tbl_00980,proc_tbl_03924,gob_tbl_02857,gob_tbl_01865,gob_tbl_00783,gob_tbl_02832,gob_tbl_02540,dlk_ext_00502,gob_ext_00114,dlk_ext_00493,proc_ext_00657,gob_ext_00104
dlk_proceso_0613;6;proc_tbl_02267,proc_tbl_03591,dlk_tbl_03249,dash_tbl_00158,gob_tbl_02240,proc_tbl_00324;12;dlk_tbl_01297,std_tbl_00453,gob_tbl_03350,dlk_tbl_03981,dlk_tbl_00543,dlk_tbl_02359,dlk_tbl_02090,dash_ext_00271,proc_ext_00536,dlk_ext_00451,proc_ext_00376,dlk_ext_00622
dlk_proceso_0614;4;proc_tbl_01822,proc_tbl_00446,gob_tbl_00670,gob_tbl_02906;10;dlk_tbl_02515,dlk_tbl_00748,gob_tbl_01709,dlk_tbl_01934,dash_tbl_01820,dlk_tbl_02178,gob_ext_00145,gob_ext_00418,gob_ext_00538,dlk_ext_00078
dlk_proceso_0615;3;dlk_tbl_02666,proc_tbl_00859,dash_tbl_01719;14;dlk_tbl_02964,proc_tbl_03053,gob_tbl_00840,dlk_tbl_02589,std_tbl_04177,dlk_tbl_00764,dlk_tbl_02955,dlk_tbl_01329,std_ext_00497,gob_ext_00206,gob_ext_00248,gob_ext_00261,proc_ext_00243,gob_ext_00102
dlk_proceso_0616;5;proc_tbl_02331,dlk_tbl_03573,dlk_tbl_01900,m4sco_tbl_01016,dlk_tbl_03981;13;dlk_tbl_01482,dlk_tbl_04104,std_tbl_00287,dlk_tbl_01557,dlk_tbl_02803,gob_tbl_04086,dash_tbl_01504,dash_ext_00549,dlk_ext_00351,proc_ext_00126,proc_ext_00406,gob_ext_00379,dlk_ext_00531
dlk_proceso_0617;5;dlk_tbl_01275,proc_tbl_02080,dlk_tbl_01410,dlk_tbl_01361,gob_tbl_03161;7;dlk_tbl_01797,dlk_tbl_03239,gob_tbl_03733,gob_tbl_03084,dash_ext_00567,proc_ext_00328,proc_ext_00157
dlk_proceso_0618;4;gob_tbl_01356,dash_tbl_03002,dlk_tbl_02275,gob_tbl_00605;9;proc_tbl_01603,proc_tbl_01184,dlk_tbl_00487,proc_tbl_02710,gob_tbl_00766,proc_ext_00197,gob_ext_00097,dlk_ext_00308,gob_ext_00484
dash_proceso_0619;5;dlk_tbl_02064,gob_tbl_01743,dlk_tbl_03901,dlk_tbl_01409,proc_tbl_04377;12;gob_tbl_01122,gob_tbl_01876,dlk_tbl_01606,gob_tbl_04425,proc_tbl_03385,proc_tbl_03969,dlk_tbl_01319,proc_ext_00272,gob_ext_00673,gob_ext_00694,gob_ext_00633,dlk_ext_00537
gob_proceso_0620;8;ppn_tbl_03014,proc_tbl_00941,gob_tbl_04086,gob_tbl_02804,gob_tbl_01434,dlk_tbl_01732,dlk_tbl_00172,dlk_tbl_01778;14;gob_tbl_02438,std_tbl_02943,gob_tbl_00724,dash_tbl_03614,gob_tbl_02721,proc_tbl_02958,dlk_tbl_01197,proc_tbl_02366,gob_ext_00106,dlk_ext_00099,proc_ext_00169,dash_ext_00020,proc_ext_00406,proc_ext_00392
dlk_proceso_0621;2;dlk_tbl_03711,dlk_tbl_01001;9;gob_tbl_00630,proc_tbl_03591,dlk_tbl_03690,gob_tbl_00139,gob_tbl_01394,proc_ext_00654,gob_ext_00044,dlk_ext_00603,gob_ext_00170
gob_proceso_0622;3;dlk_tbl_02319,dlk_tbl_01776,std_tbl_04308;9;gob_tbl_01400,dlk_tbl_01254,gob_tbl_00179,proc_tbl_02631,dlk_tbl_01601,proc_ext_00506,proc_ext_00272,proc_ext_00077,proc_ext_00230
dlk_proceso_0623;3;dlk_tbl_01034,gob_tbl_02250,gob_tbl_03308;13;m4sco_tbl_00422,gob_tbl_00097,dlk_tbl_02499,gob_tbl_03342,dlk_tbl_01379,dlk_tbl_03155,dash_tbl_03838,proc_ext_00090,gob_ext_00538,gob_ext_00707,dlk_ext_00279,dlk_ext_00664,proc_ext_00392
dlk_proceso_0624;7;m4sco_tbl_00929,dlk_tbl_02979,gob_tbl_01568,dlk_tbl_01262,gob_tbl_04303,gob_tbl_01781,proc_tbl_03061;11;gob_tbl_03147,dlk_tbl_00386,dlk_tbl_00149,dlk_tbl_02484,gob_tbl_02549,dlk_tbl_00376,gob_ext_00484,dlk_ext_00502,dlk_ext_00098,proc_ext_00131,dlk_ext_00425
dlk_proceso_0625;4;dlk_tbl_04006,gob_tbl_01392,gob_tbl_00154,gob_tbl_00330;6;gob_tbl_01270,gob_tbl_04202,gob_tbl_00475,gob_ext_00151,proc_ext_00337,gob_ext_00520
dlk_proceso_0626;6;dlk_tbl_00546,proc_tbl_03383,dash_tbl_01576,dlk_tbl_00612,dlk_tbl_02545,gob_tbl_00274;15;dlk_tbl_02786,gob_tbl_00704,dlk_tbl_01845,dlk_tbl_01971,gob_tbl_04450,dlk_tbl_00239,dlk_tbl_01093,dlk_tbl_03064,gob_tbl_03094,dlk_ext_00479,proc_ext_00413,gob_ext_00624,gob_ext_00699,gob_ext_00364,dlk_ext_00196
dlk_proceso_0627;6;gob_tbl_03457,gob_tbl_00097,dlk_tbl_01197,dlk_tbl_01587,dlk_tbl_01606,proc_tbl_02036;8;gob_tbl_03067,dlk_tbl_02484,dlk_tbl_01120,dash_tbl_01740,gob_tbl_00384,gob_ext_00253,dash_ext_00567,gob_ext_00250
dlk_proceso_0628;8;gob_tbl_02851,dlk_tbl_01712,proc_tbl_03324,m4vw_tbl_04108,proc_tbl_02298,dash_tbl_00902,dlk_tbl_00339,dlk_tbl_04054;19;gob_tbl_01465,dlk_tbl_01622,m4vw_tbl_04052,dash_tbl_03724,gob_tbl_02714,gob_tbl_02788,proc_tbl_04262,dlk_tbl_03926,gob_tbl_01758,proc_tbl_01662,proc_tbl_00643,proc_ext_00220,dlk_ext_00199,proc_ext_00243,gob_ext_00216,gob_ext_00334,dash_ext_00558,dlk_ext_00351,gob_ext_00320
dlk_proceso_0629;4;dash_tbl_03307,gob_tbl_03292,gob_tbl_03139,proc_tbl_01603;7;gob_tbl_01013,proc_tbl_01382,gob_tbl_03115,ppn_tbl_01298,dlk_ext_00461,gob_ext_00694,gob_ext_00476
gob_proceso_0630;4;dash_tbl_01333,m4vw_tbl_00610,dlk_tbl_03097,proc_tbl_02940;7;gob_tbl_00751,dlk_tbl_02201,gob_tbl_01751,dlk_tbl_01776,dlk_ext_00196,gob_ext_00415,m4sco_ext_00007
gob_proceso_0631;2;gob_tbl_02552,proc_tbl_01669;7;gob_tbl_02434,gob_tbl_03554,m4sco_tbl_00679,dlk_tbl_03198,gob_ext_00415,dlk_ext_00448,ppn_ext_00480
gob_proceso_0632;5;gob_tbl_03536,dlk_tbl_03225,gob_tbl_02602,gob_tbl_00396,gob_tbl_01590;17;gob_tbl_00009,gob_tbl_02000,dlk_tbl_03402,gob_tbl_02693,dash_tbl_03705,dash_tbl_03772,gob_tbl_03766,gob_tbl_01085,gob_tbl_01996,gob_tbl_00812,gob_ext_00633,dlk_ext_00565,gob_ext_00698,proc_ext_00077,dash_ext_00558,gob_ext_00252,gob_ext_00644
dlk_proceso_0633;5;ppn_tbl_03202,gob_tbl_03987,gob_tbl_03196,dlk_tbl_03458,proc_tbl_01925;5;gob_tbl_02253,dlk_tbl_04351,dlk_tbl_00474,std_ext_00218,dash_ext_00036
dlk_proceso_0634;3;dlk_tbl_03462,gob_tbl_03886,gob_tbl_00657;12;dash_tbl_04256,dash_tbl_03896,proc_tbl_03237,proc_tbl_02308,gob_tbl_01545,dlk_tbl_00999,gob_tbl_00685,gob_ext_00492,proc_ext_00290,gob_ext_00628,gob_ext_00044,dlk_ext_00071
gob_proceso_0635;4;proc_tbl_03758,gob_tbl_03883,dlk_tbl_03250,gob_tbl_01007;7;dlk_tbl_04115,proc_tbl_02584,proc_tbl_01267,dash_tbl_01339,gob_ext_00130,dlk_ext_00305,gob_ext_00323
gob_proceso_0636;6;m4vw_tbl_00392,proc_tbl_00744,gob_tbl_01327,proc_tbl_03547,dlk_tbl_00427,gob_tbl_04061;10;proc_tbl_03777,gob_tbl_04005,dlk_tbl_01710,proc_tbl_01705,m4sco_tbl_04386,proc_tbl_04288,proc_ext_00605,gob_ext_00663,gob_ext_00333,dlk_ext_00005
proc_proceso_0637;6;gob_tbl_04270,proc_tbl_01644,gob_tbl_00787,dlk_tbl_01911,dlk_tbl_00283,proc_tbl_00502;10;gob_tbl_02139,dlk_tbl_04361,dash_tbl_00781,proc_tbl_01474,gob_tbl_02973,dlk_tbl_00359,gob_ext_00261,proc_ext_00263,proc_ext_00021,gob_ext_00424
dlk_proceso_0638;6;dlk_tbl_02995,gob_tbl_01013,proc_tbl_03623,m4sco_tbl_00029,std_tbl_00795,proc_tbl_03294;6;gob_tbl_02065,dlk_tbl_04032,dlk_tbl_02035,gob_ext_00087,gob_ext_00716,gob_ext_00212
proc_proceso_0639;5;proc_tbl_00980,m4vw_tbl_00146,gob_tbl_04463,gob_tbl_03866,dash_tbl_01667;9;dash_tbl_00805,dlk_tbl_02777,gob_tbl_00267,proc_tbl_02727,gob_tbl_02596,dlk_ext_00542,gob_ext_00486,proc_ext_00220,gob_ext_00124
dlk_proceso_0640;4;dash_tbl_02467,dlk_tbl_03732,std_tbl_02360,proc_tbl_02336;8;dlk_tbl_00108,proc_tbl_01573,gob_tbl_03168,gob_tbl_02276,proc_tbl_03359,proc_ext_00367,proc_ext_00118,gob_ext_00116
gob_proceso_0641;5;dash_tbl_04068,gob_tbl_04005,dlk_tbl_04067,dlk_tbl_03471,dlk_tbl_00661;8;gob_tbl_04450,dash_tbl_01785,gob_tbl_00856,std_tbl_04239,proc_tbl_01474,dash_ext_00231,dlk_ext_00394,m4vw_ext_00249
dash_proceso_0642;2;gob_tbl_04292,gob_tbl_04161;6;gob_tbl_02641,dlk_tbl_03039,dash_tbl_01063,gob_ext_00327,dlk_ext_00259,dlk_ext_00425
gob_proceso_0643;5;m4vw_tbl_04128,proc_tbl_01871,dash_tbl_04103,proc_tbl_01114,gob_tbl_00493;14;dlk_tbl_03439,m4vw_tbl_04052,gob_tbl_00703,gob_tbl_03645,proc_tbl_01425,gob_tbl_01212,gob_tbl_02377,dash_tbl_02192,dlk_ext_00475,gob_ext_00400,proc_ext_00131,proc_ext_00336,gob_ext_00509,dlk_ext_00398
proc_proceso_0644;3;dlk_tbl_02501,dlk_tbl_03781,proc_tbl_00917;14;dlk_tbl_00280,dlk_tbl_01655,proc_tbl_01272,dash_tbl_04256,dlk_tbl_01852,dlk_tbl_03374,dlk_tbl_01656,proc_tbl_02344,dlk_ext_00186,proc_ext_00416,gob_ext_00607,ppn_ext_00360,dlk_ext_00125,dlk_ext_00259
dlk_proceso_0645;4;gob_tbl_02653,gob_tbl_02889,gob_tbl_04084,dlk_tbl_01022;14;gob_tbl_02785,proc_tbl_00917,gob_tbl_02626,gob_tbl_02060,dlk_tbl_01237,gob_tbl_02511,gob_tbl_01849,dlk_tbl_01030,dlk_ext_00580,dash_ext_00490,gob_ext_00418,dlk_ext_00609,gob_ext_00464,ppn_ext_00360
dlk_proceso_0646;6;dlk_tbl_00437,dlk_tbl_01133,gob_tbl_00388,dlk_tbl_04053,gob_tbl_02040,gob_tbl_02060;10;dlk_tbl_02728,dlk_tbl_03603,dlk_tbl_00890,proc_tbl_02754,gob_tbl_02633,dlk_tbl_01010,dlk_ext_00436,proc_ext_00428,gob_ext_00476,proc_ext_00426
dlk_proceso_0647;6;proc_tbl_03384,dlk_tbl_00734,dlk_tbl_00849,dlk_tbl_02573,proc_tbl_00494,m4vw_tbl_03919;16;dlk_tbl_00221,proc_tbl_03934,gob_tbl_04343,dash_tbl_01890,gob_tbl_01663,dash_tbl_00797,gob_tbl_00372,dlk_tbl_02993,dlk_tbl_00578,gob_ext_00087,gob_ext_00217,gob_ext_00358,gob_ext_00124,dlk_ext_00310,gob_ext_00149,gob_ext_00115
dlk_proceso_0648;5;gob_tbl_00710,proc_tbl_00645,proc_tbl_03134,gob_tbl_03687,gob_tbl_04150;14;proc_tbl_04457,gob_tbl_01000,gob_tbl_00812,dlk_tbl_04350,dlk_tbl_03872,dlk_tbl_00241,dlk_tbl_02891,dlk_tbl_04458,ppn_ext_00573,gob_ext_00684,dlk_ext_00687,proc_ext_00562,dlk_ext_00013,dlk_ext_00453
gob_proceso_0649;3;proc_tbl_04063,dlk_tbl_01509,proc_tbl_01160;9;gob_tbl_03703,dlk_tbl_01417,dlk_tbl_03696,dlk_tbl_01508,proc_tbl_04430,gob_ext_00284,gob_ext_00316,dlk_ext_00397,proc_ext_00107
dlk_proceso_0650;6;gob_tbl_03726,gob_tbl_04309,proc_tbl_04294,dlk_tbl_04274,gob_tbl_01969,gob_tbl_03499;13;gob_tbl_02108,gob_tbl_00514,m4sco_tbl_01560,gob_tbl_02808,std_tbl_01856,proc_tbl_01874,proc_tbl_04473,proc_ext_00383,gob_ext_00124,gob_ext_00088,dlk_ext_00068,gob_ext_00596,gob_ext_00238
gob_proceso_0651;3;dlk_tbl_02566,proc_tbl_01746,dlk_tbl_01614;9;dlk_tbl_02442,gob_tbl_03124,dash_tbl_00183,dlk_tbl_03529,dlk_tbl_01606,dlk_ext_00113,proc_ext_00215,gob_ext_00694,dlk_ext_00603
proc_proceso_0652;3;dlk_tbl_01438,gob_tbl_02486,dlk_tbl_02761;9;dlk_tbl_00588,dlk_tbl_01823,dash_tbl_03764,dash_tbl_00458,proc_tbl_03085,dlk_ext_00028,gob_ext_00532,gob_ext_00633,gob_ext_00052
dlk_proceso_0653;4;gob_tbl_03782,dlk_tbl_00680,proc_tbl_02354,dlk_tbl_01790;11;std_tbl_03365,dlk_tbl_00206,gob_tbl_00475,proc_tbl_01600,std_tbl_04239,gob_tbl_03783,gob_ext_00520,dlk_ext_00204,dlk_ext_00481,m4sco_ext_00007,proc_ext_00387
dlk_proceso_0654;5;std_tbl_01672,dlk_tbl_03481,proc_tbl_01626,dlk_tbl_00513,dlk_tbl_03768;8;dlk_tbl_02019,dlk_tbl_00615,m4vw_tbl_00740,gob_tbl_02489,gob_tbl_00720,gob_ext_00585,dlk_ext_00600,gob_ext_00042
proc_proceso_0655;4;dlk_tbl_00615,dlk_tbl_00207,proc_tbl_01204,m4vw_tbl_03604;10;proc_tbl_03870,gob_tbl_02693,gob_tbl_00978,gob_tbl_04152,dlk_tbl_00197,gob_tbl_04343,gob_ext_00184,dlk_ext_00580,gob_ext_00574,dlk_ext_00664
dlk_proceso_0656;3;dash_tbl_00729,gob_tbl_04097,gob_tbl_02698;9;dlk_tbl_03809,proc_tbl_02738,dlk_tbl_01583,proc_tbl_03085,gob_tbl_02665,dlk_ext_00194,gob_ext_00252,gob_ext_00162,proc_ext_00118
gob_proceso_0657;4;dlk_tbl_02563,gob_tbl_03430,dlk_tbl_00202,gob_tbl_02731;10;gob_tbl_03784,proc_tbl_03123,dlk_tbl_03731,dlk_tbl_03048,proc_tbl_00169,gob_tbl_02063,gob_ext_00056,gob_ext_00224,dlk_ext_00496,dash_ext_00590
proc_proceso_0658;2;gob_tbl_01633,dlk_tbl_03912;8;gob_tbl_03143,proc_tbl_02912,proc_tbl_02455,proc_tbl_01069,m4vw_tbl_04016,dash_ext_00490,dlk_ext_00537,gob_ext_00184
dlk_proceso_0659;2;proc_tbl_02424,dlk_tbl_00483;5;m4sco_tbl_04426,dlk_tbl_00352,gob_tbl_03664,dlk_ext_00222,dlk_ext_00496
gob_proceso_0660;3;m4vw_tbl_01851,m4vw_tbl_01675,gob_tbl_04353;7;gob_tbl_01462,dlk_tbl_04468,gob_tbl_01631,gob_tbl_01450,proc_ext_00290,gob_ext_00032,proc_ext_00167
proc_proceso_0661;2;dash_tbl_02523,dlk_tbl_00031;7;std_tbl_00660,gob_tbl_03223,dlk_tbl_00090,proc_tbl_01646,gob_ext_00370,proc_ext_00443,gob_ext_00168
proc_proceso_0662;3;gob_tbl_01164,proc_tbl_00245,gob_tbl_01979;9;gob_tbl_02991,dlk_tbl_00672,gob_tbl_03733,dlk_tbl_03951,proc_tbl_03305,gob_ext_00373,gob_ext_00491,gob_ext_00176,proc_ext_00131
dlk_proceso_0663;8;gob_tbl_03401,dlk_tbl_00880,dash_tbl_02264,dlk_tbl_02935,dash_tbl_04417,gob_tbl_01914,gob_tbl_02194,proc_tbl_01770;10;dash_tbl_01848,dlk_tbl_01241,proc_tbl_02532,gob_tbl_00433,gob_tbl_04095,dlk_tbl_01852,dlk_ext_00569,std_ext_00188,gob_ext_00624,gob_ext_00059
gob_proceso_0664;5;dlk_tbl_03226,dlk_tbl_04176,proc_tbl_00997,gob_tbl_01446,dlk_tbl_03222;11;dlk_tbl_00182,dlk_tbl_02092,gob_tbl_02900,dlk_tbl_03947,gob_tbl_01077,dlk_tbl_01594,gob_ext_00620,gob_ext_00112,dash_ext_00467,gob_ext_00449,dash_ext_00549
dlk_proceso_0665;6;dlk_tbl_01601,gob_tbl_02771,proc_tbl_03925,dlk_tbl_02148,dlk_tbl_03452,gob_tbl_00689;9;proc_tbl_01444,proc_tbl_03051,gob_tbl_00370,dash_tbl_03704,gob_tbl_01813,dlk_ext_00341,gob_ext_00464,gob_ext_00581,gob_ext_00415
gob_proceso_0666;6;gob_tbl_02741,dlk_tbl_03251,dash_tbl_01198,dlk_tbl_02688,m4sco_tbl_02636,dash_tbl_00357;16;proc_tbl_02936,gob_tbl_00552,dlk_tbl_02518,gob_tbl_04152,dash_tbl_00183,gob_tbl_01938,dlk_tbl_00711,gob_tbl_01434,proc_tbl_03089,dlk_ext_00528,proc_ext_00328,dlk_ext_00089,gob_ext_00184,gob_ext_00424,gob_ext_00546,dlk_ext_00391
dlk_proceso_0667;5;gob_tbl_00297,dlk_tbl_01678,gob_tbl_02159,dlk_tbl_01330,dlk_tbl_01683;7;gob_tbl_01205,dlk_tbl_03274,dlk_tbl_00852,m4sco_tbl_02427,gob_ext_00418,dlk_ext_00010,proc_ext_00654
proc_proceso_0668;3;dlk_tbl_04366,gob_tbl_02849,gob_tbl_00109;6;m4vw_tbl_00099,gob_tbl_02069,gob_tbl_02604,dash_ext_00550,gob_ext_00601,gob_ext_00229
dlk_proceso_0669;2;dlk_tbl_02925,dlk_tbl_04323;13;dlk_tbl_01047,dash_tbl_00765,dlk_tbl_03965,dlk_tbl_03027,dlk_tbl_00144,gob_tbl_04222,dash_tbl_00123,dlk_ext_00064,gob_ext_00555,dlk_ext_00660,gob_ext_00273,dash_ext_00558,m4sco_ext_00007
dlk_proceso_0670;5;proc_tbl_04339,dash_tbl_00686,gob_tbl_01530,gob_tbl_01212,dlk_tbl_03805;9;dlk_tbl_00462,proc_tbl_02455,gob_tbl_01944,dlk_tbl_03458,dlk_tbl_00056,dlk_ext_00465,proc_ext_00526,dlk_ext_00569,gob_ext_00124
dash_proceso_0671;5;proc_tbl_01388,gob_tbl_03653,m4vw_tbl_00858,dlk_tbl_01129,std_tbl_00375;16;dlk_tbl_02341,proc_tbl_02450,gob_tbl_04003,proc_tbl_02205,dlk_tbl_00472,gob_tbl_01758,dlk_tbl_00828,dlk_tbl_00763,dash_tbl_02271,gob_ext_00191,gob_ext_00174,proc_ext_00055,gob_ext_00688,gob_ext_00023,gob_ext_00611,dlk_ext_00451
dlk_proceso_0672;7;dlk_tbl_01396,gob_tbl_03812,proc_tbl_00531,dlk_tbl_03973,dash_tbl_02407,dlk_tbl_00187,dlk_tbl_01139;15;dash_tbl_01136,dash_tbl_03704,dlk_tbl_02678,dlk_tbl_01363,dlk_tbl_03763,dlk_tbl_02955,gob_tbl_03146,gob_tbl_03906,dlk_tbl_00942,gob_ext_00145,gob_ext_00097,gob_ext_00176,dlk_ext_00436,gob_ext_00538,gob_ext_00400
gob_proceso_0673;3;dash_tbl_02848,proc_tbl_03133,std_tbl_03658;6;dlk_tbl_01326,dlk_tbl_00732,gob_tbl_03692,dlk_ext_00315,gob_ext_00510,gob_ext_00651
dlk_proceso_0674;2;gob_tbl_04372,dlk_tbl_02519;7;proc_tbl_02232,dlk_tbl_02743,dash_tbl_00686,dlk_tbl_00780,dlk_ext_00435,dlk_ext_00522,dlk_ext_00359
gob_proceso_0675;4;m4vw_tbl_03297,dlk_tbl_01888,m4sco_tbl_00955,gob_tbl_03219;10;dlk_tbl_01120,dlk_tbl_00819,gob_tbl_01865,dash_tbl_01423,gob_tbl_01283,dlk_tbl_01391,gob_ext_00011,dash_ext_00182,gob_ext_00638,proc_ext_00290
dlk_proceso_0676;8;dash_tbl_00340,proc_tbl_03366,dash_tbl_01715,dlk_tbl_01285,gob_tbl_04213,gob_tbl_01209,gob_tbl_02252,dlk_tbl_02173;6;gob_tbl_03791,dlk_tbl_01840,proc_tbl_01862,dash_ext_00025,dlk_ext_00125,proc_ext_00614
gob_proceso_0677;3;dlk_tbl_02964,proc_tbl_01233,gob_tbl_01157;11;dlk_tbl_00562,dlk_tbl_02565,gob_tbl_04388,gob_tbl_03040,std_tbl_00247,dlk_tbl_01757,proc_ext_00413,proc_ext_00272,proc_ext_00495,gob_ext_00707,m4vw_ext_00030
gob_proceso_0678;6;gob_tbl_03406,gob_tbl_04233,dlk_tbl_01995,proc_tbl_04099,gob_tbl_04390,gob_tbl_01203;10;dash_tbl_00722,gob_tbl_01914,proc_tbl_01600,dlk_tbl_04311,dlk_tbl_02345,proc_tbl_02936,proc_ext_00139,proc_ext_00077,gob_ext_00307,dash_ext_00547
dlk_proceso_0679;4;dlk_tbl_03670,ppn_tbl_01196,gob_tbl_00196,gob_tbl_03079;4;dlk_tbl_01385,dlk_tbl_03799,dlk_ext_00341,gob_ext_00555
proc_proceso_0680;6;gob_tbl_02832,gob_tbl_03254,dlk_tbl_02703,gob_tbl_02097,dlk_tbl_00695,dlk_tbl_00377;11;dlk_tbl_01275,gob_tbl_04093,gob_tbl_02278,gob_tbl_03370,dlk_tbl_02046,dlk_tbl_02753,gob_ext_00145,dlk_ext_00535,m4sco_ext_00007,dlk_ext_00228,dlk_ext_00660
gob_proceso_0681;3;dlk_tbl_01340,dlk_tbl_03918,dlk_tbl_03103;6;dlk_tbl_03438,proc_tbl_02866,gob_tbl_02377,dlk_ext_00147,gob_ext_00241,gob_ext_00234
proc_proceso_0682;4;dlk_tbl_03069,dlk_tbl_02689,dlk_tbl_04194,gob_tbl_02981;7;dlk_tbl_01594,dlk_tbl_04280,dlk_tbl_00979,dlk_tbl_04015,gob_ext_00338,dash_ext_00105,dlk_ext_00274
dlk_proceso_0683;4;gob_tbl_00353,dlk_tbl_02561,dash_tbl_03650,gob_tbl_01883;10;gob_tbl_00308,dlk_tbl_01589,gob_tbl_00361,gob_tbl_00120,proc_tbl_00087,dlk_tbl_01410,dlk_ext_00535,gob_ext_00400,proc_ext_00336,dlk_ext_00274
dlk_proceso_0684;9;dash_tbl_03354,dlk_tbl_03125,dlk_tbl_03516,proc_tbl_02105,gob_tbl_04409,dlk_tbl_03753,dlk_tbl_01869,dlk_tbl_02251,proc_tbl_01519;14;gob_tbl_02102,gob_tbl_04153,gob_tbl_00559,dlk_tbl_04279,dash_tbl_01814,dlk_tbl_03595,gob_tbl_01780,dlk_tbl_03837,dlk_ext_00561,dlk_ext_00199,proc_ext_00169,proc_ext_00405,proc_ext_00376,m4sco_ext_00340
dlk_proceso_0685;5;std_tbl_00443,ppn_tbl_00350,dash_tbl_03946,proc_tbl_01958,gob_tbl_03350;13;gob_tbl_00073,gob_tbl_01730,gob_tbl_02606,std_tbl_02403,proc_tbl_00155,dlk_tbl_04184,gob_tbl_01058,dlk_ext_00047,dlk_ext_00469,dlk_ext_00051,dlk_ext_00543,dlk_ext_00211,dlk_ext_00204
dlk_proceso_0686;4;gob_tbl_01467,gob_tbl_04118,dlk_tbl_04135,gob_tbl_01240;14;dlk_tbl_03741,gob_tbl_04193,dlk_tbl_02926,proc_tbl_01381,proc_tbl_03294,proc_tbl_02772,gob_tbl_03174,m4vw_tbl_00486,gob_ext_00400,ppn_ext_00360,dlk_ext_00466,gob_ext_00688,std_ext_00188,dash_ext_00231
dlk_proceso_0687;3;proc_tbl_00105,gob_tbl_02412,gob_tbl_04137;6;gob_tbl_02690,gob_tbl_02804,dlk_tbl_03732,gob_ext_00240,dlk_ext_00386,dlk_ext_00686
gob_proceso_0688;2;gob_tbl_02612,gob_tbl_02632;13;proc_tbl_01909,dlk_tbl_00532,gob_tbl_00864,dlk_tbl_00394,proc_tbl_03674,gob_tbl_04195,gob_tbl_03691,dash_ext_00433,gob_ext_00212,dlk_ext_00393,dlk_ext_00050,gob_ext_00112,dlk_ext_00322
proc_proceso_0689;3;dlk_tbl_03311,gob_tbl_00279,m4sco_tbl_00678;5;proc_tbl_01289,dlk_tbl_02717,gob_tbl_02347,gob_ext_00651,dlk_ext_00425
dash_proceso_0690;2;gob_tbl_01070,dlk_tbl_00326;20;dlk_tbl_01628,gob_tbl_02865,dlk_tbl_00661,dlk_tbl_01583,proc_tbl_00220,proc_tbl_02354,dlk_tbl_00202,dlk_tbl_00157,dlk_tbl_04277,proc_tbl_00718,gob_tbl_02174,dlk_tbl_02759,m4sco_ext_00193,dlk_ext_00043,dlk_ext_00024,gob_ext_00672,dash_ext_00020,dlk_ext_00178,dlk_ext_00098,dlk_ext_00247
gob_proceso_0691;8;gob_tbl_02840,std_tbl_02827,proc_tbl_00132,dlk_tbl_03453,gob_tbl_00419,gob_tbl_03160,dlk_tbl_03343,dlk_tbl_02872;10;gob_tbl_01849,m4sco_tbl_00929,gob_tbl_03509,gob_tbl_00704,proc_tbl_02343,proc_tbl_01068,gob_ext_00532,dlk_ext_00407,dlk_ext_00482,gob_ext_00708
dlk_proceso_0692;3;dlk_tbl_03636,gob_tbl_00496,dlk_tbl_04057;14;dlk_tbl_00839,dlk_tbl_02777,dlk_tbl_04467,proc_tbl_03294,std_tbl_01952,dash_tbl_02822,gob_tbl_04370,gob_tbl_03520,proc_ext_00495,ppn_ext_00300,dlk_ext_00335,dlk_ext_00374,gob_ext_00212,gob_ext_00312
dash_proceso_0693;5;gob_tbl_00856,gob_tbl_00063,proc_tbl_00576,dlk_tbl_04149,proc_tbl_00480;5;gob_tbl_03673,dlk_tbl_00022,gob_tbl_00946,gob_ext_00678,proc_ext_00658
dlk_proceso_0694;8;dlk_tbl_04217,dlk_tbl_04301,proc_tbl_01444,dlk_tbl_00558,gob_tbl_03643,dlk_tbl_03090,gob_tbl_03427,dlk_tbl_00165;9;std_tbl_00375,gob_tbl_01484,gob_tbl_01392,gob_tbl_01301,dlk_tbl_00515,dash_ext_00060,dash_ext_00544,dlk_ext_00294,dash_ext_00036
dash_proceso_0695;3;proc_tbl_01958,dlk_tbl_01331,dlk_tbl_03917;11;gob_tbl_03773,std_tbl_00794,dlk_tbl_02451,gob_tbl_03464,gob_tbl_00002,dlk_tbl_03809,dlk_ext_00603,dlk_ext_00160,dash_ext_00036,gob_ext_00541,gob_ext_00442
dlk_proceso_0696;6;proc_tbl_02912,dash_tbl_01043,proc_tbl_02320,gob_tbl_04327,dash_tbl_01136,proc_tbl_01445;4;gob_tbl_00952,proc_tbl_02365,dash_ext_00701,proc_ext_00349
proc_proceso_0697;5;dlk_tbl_01651,gob_tbl_04173,gob_tbl_03466,gob_tbl_02495,dash_tbl_01599;5;dlk_tbl_02389,gob_tbl_02673,gob_tbl_00081,gob_ext_00250,proc_ext_00536
dlk_proceso_0698;3;dlk_tbl_02238,dlk_tbl_04197,gob_tbl_00145;9;dlk_tbl_03585,gob_tbl_01743,proc_tbl_02584,gob_tbl_03205,dlk_tbl_02675,proc_ext_00570,std_ext_00599,gob_ext_00238,proc_ext_00243
gob_proceso_0699;5;gob_tbl_03195,dlk_tbl_02446,dlk_tbl_02752,std_tbl_03416,dlk_tbl_01386;10;dlk_tbl_01363,dash_tbl_00520,gob_tbl_02791,std_tbl_00177,dlk_tbl_01947,proc_tbl_01437,dlk_ext_00211,gob_ext_00617,dlk_ext_00390,dlk_ext_00453
dash_proceso_0700;4;proc_tbl_04237,dlk_tbl_03947,dlk_tbl_01411,dlk_tbl_00491;6;dlk_tbl_02839,dlk_tbl_04278,dlk_tbl_04357,gob_ext_00442,dlk_ext_00089,proc_ext_00230
dlk_proceso_0701;7;dlk_tbl_04416,gob_tbl_03326,m4vw_tbl_01296,dlk_tbl_02778,dlk_tbl_02914,dlk_tbl_00563,gob_tbl_03158;4;std_tbl_00976,dlk_tbl_00674,ppn_ext_00487,dlk_ext_00516
dlk_proceso_0702;4;gob_tbl_01907,dlk_tbl_02405,gob_tbl_00545,m4vw_tbl_04381;10;dlk_tbl_03208,gob_tbl_02711,dlk_tbl_04215,proc_tbl_02480,dlk_tbl_02484,gob_tbl_03409,dlk_ext_00089,gob_ext_00624,gob_ext_00510,dlk_ext_00276
dlk_proceso_0703;2;dlk_tbl_00841,proc_tbl_01457;12;proc_tbl_03495,gob_tbl_01590,dash_tbl_04256,gob_tbl_04178,dlk_tbl_03454,dlk_tbl_02370,gob_tbl_02483,dlk_ext_00465,dlk_ext_00064,m4vw_ext_00462,dlk_ext_00305,gob_ext_00611
dlk_proceso_0704;5;dlk_tbl_01595,dlk_tbl_03649,std_tbl_03710,proc_tbl_00824,gob_tbl_03557;5;dash_tbl_04220,dlk_tbl_03252,gob_tbl_02487,proc_ext_00189,gob_ext_00379
dlk_proceso_0705;4;dlk_tbl_02986,proc_tbl_03023,gob_tbl_00766,gob_tbl_02507;10;dlk_tbl_02359,gob_tbl_04327,dlk_tbl_02907,gob_tbl_03319,gob_tbl_00433,gob_tbl_04072,m4sco_ext_00007,gob_ext_00191,dlk_ext_00609,gob_ext_00145
dlk_proceso_0706;6;dlk_tbl_00195,gob_tbl_00190,proc_tbl_02003,gob_tbl_02882,proc_tbl_02550,gob_tbl_03664;10;dlk_tbl_02353,dlk_tbl_00776,dlk_tbl_01601,dlk_tbl_01904,dlk_tbl_02783,proc_tbl_03007,ppn_ext_00489,gob_ext_00546,proc_ext_00213,proc_ext_00085
gob_proceso_0707;4;proc_tbl_03194,dash_tbl_04120,m4vw_tbl_00135,proc_tbl_01002;12;gob_tbl_02057,gob_tbl_01435,dlk_tbl_03831,proc_tbl_00306,proc_tbl_00881,gob_tbl_00959,proc_tbl_00435,dlk_ext_00050,proc_ext_00291,dlk_ext_00453,gob_ext_00330,dlk_ext_00199
dlk_proceso_0708;8;dash_tbl_02296,gob_tbl_02219,dlk_tbl_04219,proc_tbl_01422,proc_tbl_03110,dlk_tbl_02259,proc_tbl_01859,dash_tbl_02271;19;gob_tbl_04013,gob_tbl_01270,gob_tbl_02774,dlk_tbl_03260,dlk_tbl_01318,dlk_tbl_00953,proc_tbl_00101,proc_tbl_03291,dlk_tbl_02110,dlk_tbl_02995,dlk_tbl_02515,std_ext_00671,gob_ext_00484,gob_ext_00114,gob_ext_00415,gob_ext_00187,dlk_ext_00111,dlk_ext_00204,dlk_ext_00482
proc_proceso_0709;9;dlk_tbl_00788,dlk_tbl_02617,dlk_tbl_04419,proc_tbl_00086,dlk_tbl_03273,dlk_tbl_03942,std_tbl_01384,dlk_tbl_01391,proc_tbl_02308;14;dlk_tbl_00509,gob_tbl_03071,dlk_tbl_03068,proc_tbl_03138,dlk_tbl_03442,dlk_tbl_02337,gob_tbl_04131,proc_tbl_00368,proc_ext_00654,proc_ext_00536,proc_ext_00154,gob_ext_00641,gob_ext_00521,dlk_ext_00386
dlk_proceso_0710;3;proc_tbl_03164,dlk_tbl_01772,dlk_tbl_04434;14;gob_tbl_04153,proc_tbl_03142,dlk_tbl_02185,dash_tbl_01043,gob_tbl_04343,dlk_tbl_00764,dlk_tbl_04135,gob_tbl_03644,dash_ext_00433,proc_ext_00657,gob_ext_00680,dlk_ext_00024,proc_ext_00643,dlk_ext_00255
dlk_proceso_0711;5;proc_tbl_03521,proc_tbl_00716,dlk_tbl_00596,dash_tbl_01486,dash_tbl_03422;7;dlk_tbl_04135,dlk_tbl_02931,dlk_tbl_03355,proc_tbl_00750,dlk_ext_00098,gob_ext_00381,dash_ext_00409
proc_proceso_0712;5;gob_tbl_00005,dlk_tbl_03021,proc_tbl_00244,dlk_tbl_03741,dlk_tbl_03816;8;dlk_tbl_04209,gob_tbl_02908,gob_tbl_03059,dlk_tbl_04410,gob_tbl_00856,gob_ext_00048,gob_ext_00187,proc_ext_00508
dlk_proceso_0713;6;gob_tbl_00806,proc_tbl_01526,dlk_tbl_03114,dlk_tbl_03672,dash_tbl_00458,gob_tbl_02364;11;dlk_tbl_00662,dlk_tbl_01418,dlk_tbl_03709,dlk_tbl_04207,dlk_tbl_03852,gob_tbl_00583,gob_ext_00524,dlk_ext_00201,dlk_ext_00425,gob_ext_00464,proc_ext_00278
dlk_proceso_0714;4;proc_tbl_02532,gob_tbl_02175,dash_tbl_01848,gob_tbl_04050;7;proc_tbl_01121,dlk_tbl_01641,proc_tbl_01810,dlk_tbl_03830,gob_ext_00238,dlk_ext_00603,gob_ext_00042
gob_proceso_0715;3;dlk_tbl_01760,proc_tbl_01035,proc_tbl_00693;6;dlk_tbl_02216,dlk_tbl_01172,dlk_tbl_03021,dlk_ext_00064,dlk_ext_00394,gob_ext_00234
gob_proceso_0716;3;gob_tbl_03846,dlk_tbl_01379,gob_tbl_01730;12;dlk_tbl_02345,dlk_tbl_00534,gob_tbl_01590,dlk_tbl_02350,proc_tbl_02288,proc_tbl_02333,std_tbl_02510,std_ext_00560,dlk_ext_00204,dlk_ext_00713,gob_ext_00704,dlk_ext_00697
gob_proceso_0717;3;dlk_tbl_03256,gob_tbl_01311,dlk_tbl_00182;6;proc_tbl_02819,dash_tbl_00944,gob_tbl_02522,dlk_ext_00247,dlk_ext_00435,gob_ext_00418
gob_proceso_0718;3;dlk_tbl_00400,dlk_tbl_00380,gob_tbl_01638;9;dlk_tbl_02373,proc_tbl_03934,gob_tbl_02775,proc_tbl_00244,dlk_tbl_04091,dlk_ext_00359,m4sco_ext_00412,dlk_ext_00649,dlk_ext_00341
dlk_proceso_0719;4;gob_tbl_02187,proc_tbl_00786,dlk_tbl_03400,gob_tbl_03369;8;gob_tbl_02878,proc_tbl_02142,gob_tbl_03152,gob_tbl_02027,gob_tbl_00755,dlk_ext_00141,dlk_ext_00514,proc_ext_00120
dlk_proceso_0720;2;dlk_tbl_02876,dlk_tbl_02902;20;gob_tbl_03263,dlk_tbl_02557,gob_tbl_03829,proc_tbl_00932,dlk_tbl_04328,dlk_tbl_00167,dlk_tbl_02204,gob_tbl_02693,gob_tbl_03664,proc_tbl_02532,dlk_tbl_02334,proc_tbl_01949,gob_ext_00486,gob_ext_00329,dlk_ext_00039,gob_ext_00680,gob_ext_00202,dlk_ext_00377,dlk_ext_00315,std_ext_00599
dlk_proceso_0721;4;gob_tbl_00965,gob_tbl_01679,dlk_tbl_01864,proc_tbl_00306;8;gob_tbl_03968,dlk_tbl_01111,proc_tbl_03717,dlk_tbl_01390,proc_tbl_00293,dlk_ext_00461,dlk_ext_00047,dlk_ext_00308
gob_proceso_0722;2;dlk_tbl_04082,dlk_tbl_01093;8;dlk_tbl_03634,gob_tbl_02186,dlk_tbl_03190,proc_tbl_03178,gob_tbl_01893,dlk_ext_00517,dlk_ext_00089,proc_ext_00669
dlk_proceso_0723;4;dash_tbl_04165,gob_tbl_02179,dash_tbl_03156,gob_tbl_00681;17;dlk_tbl_01616,dash_tbl_02321,proc_tbl_01307,dash_tbl_02581,gob_tbl_01299,proc_tbl_00917,dash_tbl_02517,proc_tbl_02936,dlk_tbl_02372,dlk_tbl_02369,gob_ext_00241,proc_ext_00281,proc_ext_00197,gob_ext_00706,proc_ext_00055,gob_ext_00145,dlk_ext_00225
proc_proceso_0724;4;dlk_tbl_03176,gob_tbl_04405,std_tbl_04272,dlk_tbl_02758;6;gob_tbl_02276,gob_tbl_01980,dlk_tbl_02440,dlk_ext_00636,gob_ext_00148,std_ext_00188
proc_proceso_0725;6;dash_tbl_00000,dlk_tbl_03832,dlk_tbl_00185,dlk_tbl_00780,dlk_tbl_03582,dlk_tbl_02145;16;dlk_tbl_01087,dlk_tbl_00763,gob_tbl_02775,dlk_tbl_01753,m4vw_tbl_03654,gob_tbl_01283,proc_tbl_03527,gob_tbl_01625,dlk_tbl_02666,dlk_ext_00147,gob_ext_00555,dlk_ext_00277,gob_ext_00509,dlk_ext_00302,gob_ext_00162,dlk_ext_00584
dlk_proceso_0726;4;gob_tbl_01879,gob_tbl_01273,gob_tbl_03318,std_tbl_00575;7;proc_tbl_00062,dlk_tbl_02247,dash_tbl_01019,gob_tbl_02686,proc_ext_00506,dlk_ext_00368,gob_ext_00503
proc_proceso_0727;4;dlk_tbl_03096,gob_tbl_01460,dlk_tbl_03697,dlk_tbl_02290;6;proc_tbl_03104,gob_tbl_00361,gob_tbl_03464,dlk_ext_00305,proc_ext_00399,gob_ext_00379
dlk_proceso_0728;3;dlk_tbl_04354,gob_tbl_02715,dlk_tbl_03696;11;ppn_tbl_03014,dlk_tbl_04468,gob_tbl_04276,gob_tbl_03845,dlk_tbl_04434,dlk_tbl_03096,dlk_ext_00542,proc_ext_00131,dlk_ext_00597,gob_ext_00672,gob_ext_00116
proc_proceso_0729;5;proc_tbl_00399,proc_tbl_04451,gob_tbl_03789,gob_tbl_03013,gob_tbl_00801;7;dlk_tbl_01671,proc_tbl_00223,gob_tbl_03974,dlk_tbl_00167,dlk_ext_00341,gob_ext_00338,dlk_ext_00050
gob_proceso_0730;7;proc_tbl_00078,gob_tbl_01082,dlk_tbl_01953,m4vw_tbl_04159,dash_tbl_03238,dlk_tbl_00674,std_tbl_01733;4;dlk_tbl_04042,proc_tbl_01779,gob_ext_00081,dash_ext_00190
gob_proceso_0731;6;proc_tbl_02363,proc_tbl_00220,dash_tbl_03646,gob_tbl_01831,dash_tbl_00103,dash_tbl_03501;9;gob_tbl_02496,dlk_tbl_00206,dlk_tbl_00172,gob_tbl_01193,std_tbl_01968,dash_ext_00208,gob_ext_00624,gob_ext_00541,dlk_ext_00331
gob_proceso_0732;4;gob_tbl_00316,dlk_tbl_00413,dlk_tbl_00890,proc_tbl_01870;10;dlk_tbl_00300,dlk_tbl_01302,dlk_tbl_03711,gob_tbl_00095,dlk_tbl_02247,m4sco_tbl_03117,dlk_ext_00499,gob_ext_00267,dlk_ext_00160,dlk_ext_00357
dlk_proceso_0733;2;proc_tbl_00705,gob_tbl_02951;12;proc_tbl_04262,std_tbl_00268,dlk_tbl_03075,gob_tbl_02804,dlk_tbl_04064,dlk_tbl_03840,dlk_tbl_02355,dlk_ext_00460,dlk_ext_00005,dlk_ext_00095,dlk_ext_00391,dlk_ext_00588
gob_proceso_0734;3;gob_tbl_03665,dlk_tbl_00658,proc_tbl_01779;5;dlk_tbl_01671,dlk_tbl_03625,std_tbl_00668,proc_ext_00404,dlk_ext_00173
proc_proceso_0735;2;dlk_tbl_00873,dlk_tbl_03519;5;gob_tbl_02788,dlk_tbl_03779,dlk_tbl_02753,dlk_ext_00522,gob_ext_00442
dlk_proceso_0736;7;dlk_tbl_03433,dlk_tbl_00218,gob_tbl_00949,gob_tbl_03321,dlk_tbl_01702,gob_tbl_02151,gob_tbl_01897;9;gob_tbl_00442,std_tbl_02544,dlk_tbl_04365,gob_tbl_00811,dlk_tbl_04176,gob_ext_00449,gob_ext_00100,gob_ext_00260,dlk_ext_00259
dlk_proceso_0737;3;dlk_tbl_00215,dlk_tbl_02420,dash_tbl_02447;13;gob_tbl_02858,proc_tbl_00919,proc_tbl_03746,proc_tbl_00714,gob_tbl_01074,gob_tbl_02663,gob_tbl_01567,gob_ext_00563,dlk_ext_00196,dlk_ext_00276,proc_ext_00057,proc_ext_00290,proc_ext_00230
gob_proceso_0738;6;dlk_tbl_00089,gob_tbl_00184,proc_tbl_01243,dlk_tbl_02280,gob_tbl_03610,gob_tbl_02668;6;dlk_tbl_01468,gob_tbl_03330,gob_tbl_01668,dlk_ext_00482,dlk_ext_00523,dlk_ext_00569
dlk_proceso_0739;6;gob_tbl_01338,dash_tbl_03875,gob_tbl_00753,gob_tbl_02278,gob_tbl_02789,gob_tbl_00832;16;proc_tbl_00569,gob_tbl_03077,gob_tbl_00552,dlk_tbl_01888,dlk_tbl_00780,gob_tbl_03025,dlk_tbl_02907,gob_tbl_02540,gob_tbl_03821,dlk_ext_00119,dlk_ext_00357,proc_ext_00404,gob_ext_00161,dlk_ext_00447,gob_ext_00202,gob_ext_00417
gob_proceso_0740;4;dash_tbl_00348,dlk_tbl_02683,gob_tbl_00721,dlk_tbl_03099;10;gob_tbl_03336,proc_tbl_03553,m4sco_tbl_02636,m4vw_tbl_04052,std_tbl_01584,proc_tbl_01806,dlk_ext_00022,dash_ext_00701,gob_ext_00420,dlk_ext_00425
dash_proceso_0741;2;proc_tbl_00932,dlk_tbl_03555;6;gob_tbl_00864,std_tbl_03455,proc_tbl_03527,dlk_ext_00024,gob_ext_00470,gob_ext_00338
gob_proceso_0742;5;dlk_tbl_01596,dlk_tbl_02273,dlk_tbl_00037,gob_tbl_04044,std_tbl_04177;4;gob_tbl_02693,gob_tbl_04026,dlk_ext_00279,gob_ext_00191
dlk_proceso_0743;6;dlk_tbl_04112,dlk_tbl_01390,dlk_tbl_03438,dlk_tbl_04258,m4vw_tbl_00740,std_tbl_04454;15;proc_tbl_04287,dash_tbl_03269,dlk_tbl_03311,dlk_tbl_02315,dlk_tbl_02783,gob_tbl_00216,dash_tbl_01609,proc_tbl_02424,dlk_tbl_00601,dlk_ext_00650,gob_ext_00585,gob_ext_00145,gob_ext_00634,gob_ext_00673,proc_ext_00657
dlk_proceso_0744;6;proc_tbl_01452,gob_tbl_01483,gob_tbl_02898,gob_tbl_02976,proc_tbl_01068,m4sco_tbl_01231;4;gob_tbl_03393,gob_tbl_04345,dlk_ext_00712,proc_ext_00107
dlk_proceso_0745;4;proc_tbl_00785,dlk_tbl_02736,gob_tbl_03034,dlk_tbl_03707;10;gob_tbl_04027,dlk_tbl_02185,gob_tbl_01101,dlk_tbl_01802,dlk_tbl_01190,gob_tbl_02511,gob_ext_00663,proc_ext_00536,dlk_ext_00051,proc_ext_00367
proc_proceso_0746;3;gob_tbl_02787,dlk_tbl_01988,m4sco_tbl_02462;12;gob_tbl_03292,dlk_tbl_00113,dlk_tbl_00126,proc_tbl_04224,gob_tbl_01026,gob_tbl_03496,dash_tbl_04417,proc_ext_00382,dash_ext_00096,ppn_ext_00487,dash_ext_00190,gob_ext_00365
dlk_proceso_0747;4;dlk_tbl_01409,gob_tbl_02972,m4vw_tbl_00391,proc_tbl_02710;6;dlk_tbl_04064,gob_tbl_00877,proc_tbl_00276,gob_ext_00318,dlk_ext_00609,dlk_ext_00700
gob_proceso_0748;5;std_tbl_01309,gob_tbl_03692,gob_tbl_04456,gob_tbl_01169,dlk_tbl_04356;10;m4vw_tbl_00616,dlk_tbl_03642,dlk_tbl_00056,proc_tbl_02704,gob_tbl_04193,gob_tbl_03971,proc_ext_00559,gob_ext_00212,dlk_ext_00461,gob_ext_00651
gob_proceso_0749;4;dlk_tbl_00178,gob_tbl_03787,gob_tbl_00803,dash_tbl_01517;6;gob_tbl_02124,dash_tbl_00781,std_tbl_04198,dlk_ext_00393,dlk_ext_00015,gob_ext_00214
dlk_proceso_0750;3;proc_tbl_03116,dash_tbl_02792,dlk_tbl_02001;6;dlk_tbl_00572,gob_tbl_03596,dlk_tbl_02359,proc_ext_00146,proc_ext_00383,gob_ext_00303
gob_proceso_0751;7;proc_tbl_02558,m4vw_tbl_03569,gob_tbl_03507,dlk_tbl_03351,dlk_tbl_02155,dash_tbl_02619,dash_tbl_02821;9;dash_tbl_02548,dash_tbl_02719,proc_tbl_03305,std_tbl_00259,dlk_tbl_00732,proc_ext_00177,gob_ext_00556,proc_ext_00169,dlk_ext_00411
gob_proceso_0752;5;gob_tbl_01435,proc_tbl_02727,gob_tbl_00762,dlk_tbl_04357,dlk_tbl_04467;17;gob_tbl_00079,gob_tbl_03645,dlk_tbl_04449,dlk_tbl_04191,gob_tbl_03797,gob_tbl_03084,ppn_tbl_01544,dlk_tbl_02389,gob_tbl_00783,gob_tbl_02314,gob_ext_00112,gob_ext_00365,dash_ext_00046,dlk_ext_00109,gob_ext_00168,dlk_ext_00622,dlk_ext_00015
dlk_proceso_0753;5;dlk_tbl_00533,dlk_tbl_02765,proc_tbl_03340,proc_tbl_01300,gob_tbl_03609;8;gob_tbl_00608,ppn_tbl_02660,dlk_tbl_00717,gob_tbl_03468,dlk_tbl_03561,dash_ext_00549,gob_ext_00665,proc_ext_00657
dlk_proceso_0754;4;gob_tbl_02324,gob_tbl_03044,gob_tbl_01057,gob_tbl_03094;8;gob_tbl_00703,gob_tbl_03409,dlk_tbl_00572,gob_tbl_03072,proc_tbl_04342,gob_ext_00709,gob_ext_00630,gob_ext_00087
proc_proceso_0755;7;gob_tbl_03639,proc_tbl_00087,proc_tbl_02450,gob_tbl_02184,proc_tbl_03476,gob_tbl_01216,gob_tbl_01818;9;proc_tbl_04275,gob_tbl_01938,dlk_tbl_03017,m4vw_tbl_04017,dash_tbl_04165,gob_ext_00229,proc_ext_00689,proc_ext_00399,dlk_ext_00144
dlk_proceso_0756;6;m4sco_tbl_04462,gob_tbl_02220,gob_tbl_04000,proc_tbl_04394,std_tbl_01127,proc_tbl_03085;6;dlk_tbl_00792,dash_tbl_03620,gob_tbl_01435,gob_ext_00121,gob_ext_00372,ppn_ext_00505
dlk_proceso_0757;4;gob_tbl_04075,dlk_tbl_01717,dash_tbl_01166,gob_tbl_00382;10;proc_tbl_01822,dlk_tbl_00487,std_tbl_03270,dlk_tbl_01380,m4sco_tbl_02043,proc_tbl_02730,gob_ext_00076,gob_ext_00486,ppn_ext_00300,dlk_ext_00407
dlk_proceso_0758;3;dlk_tbl_04241,proc_tbl_00012,dash_tbl_01582;13;gob_tbl_04145,dlk_tbl_03632,proc_tbl_01233,gob_tbl_02804,m4sco_tbl_02283,gob_tbl_02832,gob_tbl_00288,dlk_ext_00603,gob_ext_00100,dash_ext_00091,proc_ext_00281,dash_ext_00233,gob_ext_00117
gob_proceso_0759;5;gob_tbl_00467,dash_tbl_03063,gob_tbl_03532,dash_tbl_00553,m4vw_tbl_00385;8;gob_tbl_01179,dash_tbl_01982,gob_tbl_02377,gob_tbl_01180,gob_tbl_04003,dlk_ext_00393,proc_ext_00518,std_ext_00497
gob_proceso_0760;3;proc_tbl_01320,proc_tbl_02594,proc_tbl_02974;10;proc_tbl_03746,gob_tbl_00395,dlk_tbl_03351,gob_tbl_01270,gob_tbl_03175,gob_tbl_01577,gob_ext_00707,dlk_ext_00609,m4sco_ext_00421,gob_ext_00223
dlk_proceso_0761;3;dlk_tbl_00108,dlk_tbl_00349,dlk_tbl_02471;11;gob_tbl_02831,m4sco_tbl_03207,proc_tbl_00907,gob_tbl_00313,dash_tbl_03046,dash_tbl_03517,dlk_ext_00471,dlk_ext_00603,gob_ext_00270,dlk_ext_00609,proc_ext_00654
dlk_proceso_0762;4;dlk_tbl_01797,dash_tbl_01131,gob_tbl_02881,dlk_tbl_03459;4;gob_tbl_00405,dlk_tbl_03907,gob_ext_00159,proc_ext_00495
dlk_proceso_0763;3;dlk_tbl_01554,dlk_tbl_03137,dlk_tbl_01908;4;dlk_tbl_04255,gob_tbl_03729,gob_ext_00578,dlk_ext_00022
dlk_proceso_0764;6;proc_tbl_02842,gob_tbl_02143,gob_tbl_00724,dlk_tbl_03904,gob_tbl_00608,gob_tbl_02430;13;dlk_tbl_00979,dlk_tbl_01224,gob_tbl_01996,dlk_tbl_04439,dlk_tbl_01639,dlk_tbl_01162,dlk_tbl_02666,gob_ext_00574,dlk_ext_00469,dlk_ext_00098,proc_ext_00077,dlk_ext_00411,m4vw_ext_00108
dlk_proceso_0765;4;dlk_tbl_02769,gob_tbl_00141,dlk_tbl_00150,gob_tbl_02217;4;dlk_tbl_04246,dash_tbl_02463,gob_ext_00212,gob_ext_00159
gob_proceso_0766;8;proc_tbl_01278,gob_tbl_04157,dlk_tbl_03274,gob_tbl_02289,gob_tbl_02679,gob_tbl_01364,dlk_tbl_01942,gob_tbl_02340;6;dlk_tbl_02008,dlk_tbl_02589,proc_tbl_00853,dlk_ext_00153,gob_ext_00418,dlk_ext_00444
dlk_proceso_0767;6;dlk_tbl_00530,gob_tbl_02768,dlk_tbl_03185,gob_tbl_03040,gob_tbl_00331,proc_tbl_02984;10;std_tbl_03455,gob_tbl_02534,gob_tbl_03321,dlk_tbl_03140,gob_tbl_02988,dlk_tbl_02839,dlk_ext_00622,dlk_ext_00542,gob_ext_00688,dlk_ext_00125
dlk_proceso_0768;4;dlk_tbl_01253,gob_tbl_00893,gob_tbl_02867,gob_tbl_02808;11;std_tbl_03594,proc_tbl_03377,gob_tbl_03205,std_tbl_01856,proc_tbl_01367,gob_tbl_02881,dlk_ext_00411,ppn_ext_00480,m4vw_ext_00108,gob_ext_00539,proc_ext_00536
gob_proceso_0769;2;gob_tbl_00460,gob_tbl_03552;12;dlk_tbl_04361,proc_tbl_00028,gob_tbl_03826,gob_tbl_01803,dlk_tbl_03022,dlk_tbl_03635,dlk_tbl_02024,dlk_ext_00186,dlk_ext_00377,proc_ext_00126,gob_ext_00625,dlk_ext_00368
proc_proceso_0770;2;dlk_tbl_00942,dlk_tbl_03959;8;gob_tbl_03146,gob_tbl_00649,gob_tbl_02395,proc_tbl_01646,gob_tbl_00700,dlk_ext_00686,gob_ext_00145,gob_ext_00449
dlk_proceso_0771;6;gob_tbl_01990,proc_tbl_01184,dlk_tbl_01802,gob_tbl_03906,dlk_tbl_00074,gob_tbl_01593;10;ppn_tbl_03014,proc_tbl_04288,gob_tbl_00812,gob_tbl_03750,dlk_tbl_00699,gob_tbl_02086,dash_ext_00558,dlk_ext_00225,dlk_ext_00110,gob_ext_00104
dlk_proceso_0772;5;gob_tbl_01756,dlk_tbl_02046,proc_tbl_00821,std_tbl_01881,gob_tbl_02812;16;proc_tbl_02696,dlk_tbl_03000,dlk_tbl_03981,dlk_tbl_02964,proc_tbl_01368,dlk_tbl_00409,std_tbl_00259,proc_tbl_00871,gob_tbl_03894,dlk_ext_00068,dlk_ext_00361,proc_ext_00382,gob_ext_00596,proc_ext_00459,dlk_ext_00359,gob_ext_00408
gob_proceso_0773;3;gob_tbl_01408,dash_tbl_03705,dlk_tbl_00928;11;gob_tbl_04013,dlk_tbl_00202,gob_tbl_04397,dlk_tbl_02440,dlk_tbl_00612,proc_tbl_03666,dlk_ext_00377,dash_ext_00558,dlk_ext_00237,gob_ext_00557,m4vw_ext_00249
dlk_proceso_0774;2;m4vw_tbl_02015,proc_tbl_03538;4;gob_tbl_04145,gob_tbl_02693,gob_ext_00320,m4sco_ext_00004
gob_proceso_0775;6;gob_tbl_02235,dash_tbl_01493,gob_tbl_02079,dash_tbl_02676,gob_tbl_03523,gob_tbl_02774;10;dlk_tbl_00780,dlk_tbl_01583,dlk_tbl_04057,dlk_tbl_04300,proc_tbl_02763,m4vw_tbl_04381,gob_ext_00320,m4sco_ext_00679,proc_ext_00177,m4sco_ext_00340
dlk_proceso_0776;2;dlk_tbl_02589,proc_tbl_02631;12;dlk_tbl_02164,dash_tbl_03132,dlk_tbl_01391,proc_tbl_02002,gob_tbl_03115,gob_tbl_01736,dlk_tbl_02753,proc_ext_00242,gob_ext_00253,dlk_ext_00026,proc_ext_00336,dlk_ext_00494
dlk_proceso_0777;4;std_tbl_01952,dlk_tbl_04229,dlk_tbl_03512,gob_tbl_03496;10;gob_tbl_04370,dlk_tbl_01129,proc_tbl_03300,proc_tbl_00406,dlk_tbl_02500,gob_tbl_01944,gob_ext_00532,proc_ext_00328,gob_ext_00524,dlk_ext_00099
proc_proceso_0778;8;gob_tbl_03227,proc_tbl_00624,dlk_tbl_00883,dlk_tbl_03157,std_tbl_01968,dash_tbl_03772,std_tbl_02706,dlk_tbl_03737;24;dlk_tbl_02074,gob_tbl_03571,gob_tbl_00460,gob_tbl_00607,dlk_tbl_00847,gob_tbl_02723,dlk_tbl_00533,dlk_tbl_00315,gob_tbl_01342,gob_tbl_00346,dlk_tbl_00830,gob_tbl_02186,std_tbl_04125,dlk_tbl_01891,dlk_ext_00447,proc_ext_00146,dlk_ext_00636,gob_ext_00415,m4vw_ext_00692,gob_ext_00709,gob_ext_00620,dlk_ext_00078,dlk_ext_00194,dlk_ext_00461
proc_proceso_0779;2;gob_tbl_02806,dash_tbl_01556;8;std_tbl_00589,gob_tbl_01569,dlk_tbl_00501,dlk_tbl_02718,gob_tbl_02716,dlk_ext_00465,dlk_ext_00308,proc_ext_00150
dlk_proceso_0780;4;ppn_tbl_03958,proc_tbl_02236,dash_tbl_03847,gob_tbl_00992;13;dlk_tbl_00849,gob_tbl_03841,gob_tbl_03953,proc_tbl_03924,dash_tbl_03132,gob_tbl_03174,m4vw_tbl_01036,gob_ext_00318,proc_ext_00336,proc_ext_00197,proc_ext_00181,gob_ext_00245,proc_ext_00085
gob_proceso_0781;3;dlk_tbl_03289,gob_tbl_03808,gob_tbl_00384;14;dlk_tbl_00818,dlk_tbl_03755,gob_tbl_03328,dash_tbl_01490,dlk_tbl_03105,gob_tbl_04252,proc_tbl_00104,gob_tbl_00751,proc_ext_00438,dlk_ext_00314,gob_ext_00151,gob_ext_00651,proc_ext_00183,dash_ext_00701
gob_proceso_0782;3;dlk_tbl_02386,proc_tbl_01646,gob_tbl_00935;4;proc_tbl_02734,dlk_tbl_00665,dlk_ext_00050,gob_ext_00149
dlk_proceso_0783;7;gob_tbl_00904,gob_tbl_01910,dlk_tbl_02508,dlk_tbl_02089,gob_tbl_01977,dlk_tbl_00356,gob_tbl_03301;9;std_tbl_00591,proc_tbl_00217,gob_tbl_00703,dlk_tbl_01971,proc_tbl_03142,gob_ext_00159,gob_ext_00206,dlk_ext_00397,dash_ext_00490
gob_proceso_0784;5;gob_tbl_00048,proc_tbl_02132,gob_tbl_02375,gob_tbl_03072,dlk_tbl_02518;4;gob_tbl_03124,proc_tbl_02936,gob_ext_00162,gob_ext_00234
dlk_proceso_0785;2;gob_tbl_02428,dlk_tbl_00711;6;dlk_tbl_03944,dlk_tbl_00855,gob_tbl_02898,gob_ext_00350,gob_ext_00620,gob_ext_00672
gob_proceso_0786;8;gob_tbl_01440,gob_tbl_00210,dlk_tbl_02014,gob_tbl_03539,dash_tbl_02256,dlk_tbl_03542,proc_tbl_00885,proc_tbl_01507;10;gob_tbl_03895,gob_tbl_02239,proc_tbl_01252,dlk_tbl_00731,dlk_tbl_01319,gob_tbl_03330,dash_ext_00046,dlk_ext_00676,proc_ext_00171,dlk_ext_00703
proc_proceso_0787;5;proc_tbl_02231,dlk_tbl_00149,gob_tbl_01570,dlk_tbl_00620,gob_tbl_00371;5;dlk_tbl_04135,gob_tbl_03554,proc_tbl_03686,gob_ext_00052,proc_ext_00183
proc_proceso_0788;4;gob_tbl_03241,gob_tbl_04079,proc_tbl_03777,proc_tbl_03641;11;dlk_tbl_02216,dlk_tbl_04255,dlk_tbl_00246,dlk_tbl_02457,dlk_tbl_00224,dlk_tbl_02034,dlk_ext_00210,gob_ext_00212,gob_ext_00214,dlk_ext_00125,dlk_ext_00479
gob_proceso_0789;8;dlk_tbl_01553,gob_tbl_03152,dash_tbl_01339,dlk_tbl_00156,proc_tbl_01048,gob_tbl_01176,gob_tbl_01819,proc_tbl_04101;6;proc_tbl_01023,dlk_tbl_00732,gob_tbl_02604,gob_ext_00312,dlk_ext_00356,dlk_ext_00201
gob_proceso_0790;5;gob_tbl_00974,dlk_tbl_00770,gob_tbl_03645,gob_tbl_03066,dlk_tbl_01249;7;dlk_tbl_01950,dlk_tbl_04135,gob_tbl_03665,dlk_tbl_04010,proc_ext_00055,dlk_ext_00461,proc_ext_00085
gob_proceso_0791;5;dlk_tbl_04238,gob_tbl_00995,dlk_tbl_03048,dlk_tbl_03634,dlk_tbl_03380;17;dlk_tbl_02244,dlk_tbl_00034,std_tbl_02510,proc_tbl_00917,proc_tbl_03885,dash_tbl_03891,gob_tbl_02725,dash_tbl_01397,m4vw_tbl_03465,dlk_tbl_03274,gob_ext_00365,proc_ext_00427,gob_ext_00556,dlk_ext_00511,proc_ext_00167,gob_ext_00115,dlk_ext_00199
dlk_proceso_0792;4;proc_tbl_03935,dlk_tbl_00189,dlk_tbl_03861,proc_tbl_03448;14;proc_tbl_02480,dash_tbl_03891,proc_tbl_00363,gob_tbl_00030,proc_tbl_00824,dlk_tbl_00676,gob_tbl_00254,dlk_tbl_00717,dlk_ext_00603,gob_ext_00145,gob_ext_00707,gob_ext_00184,dlk_ext_00010,gob_ext_00706
gob_proceso_0793;4;gob_tbl_00495,gob_tbl_01353,dash_tbl_01621,proc_tbl_02598;14;dlk_tbl_00509,gob_tbl_02286,dlk_tbl_03975,gob_tbl_03272,dlk_tbl_02783,dlk_tbl_04069,dash_tbl_02463,dlk_tbl_00510,gob_ext_00191,proc_ext_00131,dash_ext_00646,ppn_ext_00143,dlk_ext_00481,proc_ext_00506
dash_proceso_0794;5;dlk_tbl_03625,std_tbl_01640,gob_tbl_04424,gob_tbl_00771,dlk_tbl_00144;12;ppn_tbl_01196,dash_tbl_03759,dlk_tbl_04015,gob_tbl_04163,gob_tbl_00114,dlk_tbl_02722,proc_tbl_01706,proc_ext_00348,dlk_ext_00359,dlk_ext_00677,dlk_ext_00022,gob_ext_00699
proc_proceso_0795;5;dlk_tbl_03246,dlk_tbl_01098,dlk_tbl_01014,m4vw_tbl_04154,gob_tbl_00325;4;gob_tbl_01106,dlk_tbl_03065,gob_ext_00075,dlk_ext_00050
dlk_proceso_0796;4;dlk_tbl_04040,std_tbl_03795,dlk_tbl_00653,proc_tbl_01393;5;dash_tbl_02447,proc_tbl_02984,dlk_tbl_01888,proc_ext_00508,dlk_ext_00537
gob_proceso_0797;4;proc_tbl_00415,gob_tbl_04026,proc_tbl_01419,dlk_tbl_02140;7;dash_tbl_03614,dash_tbl_01731,dlk_tbl_00837,gob_tbl_00117,proc_ext_00266,dlk_ext_00186,ppn_ext_00505
dlk_proceso_0798;6;dlk_tbl_01194,dash_tbl_03119,gob_tbl_00887,gob_tbl_00469,proc_tbl_02584,dlk_tbl_02300;6;dlk_tbl_01761,dlk_tbl_03803,gob_tbl_03680,gob_ext_00229,dlk_ext_00435,gob_ext_00464
proc_proceso_0799;4;gob_tbl_04043,dlk_tbl_03690,dlk_tbl_00517,gob_tbl_03511;8;dlk_tbl_00231,proc_tbl_02738,dlk_tbl_03899,gob_tbl_03536,gob_tbl_00154,gob_ext_00130,dlk_ext_00315,gob_ext_00442
dlk_proceso_0800;6;dlk_tbl_02625,gob_tbl_03159,dlk_tbl_02478,gob_tbl_04257,gob_tbl_04083,gob_tbl_00073;10;gob_tbl_00395,dlk_tbl_03101,gob_tbl_00836,gob_tbl_01071,proc_tbl_03553,dlk_tbl_01100,proc_ext_00083,gob_ext_00373,gob_ext_00696,dlk_ext_00024
gob_proceso_0801;6;dlk_tbl_03852,dlk_tbl_01217,dlk_tbl_03921,dlk_tbl_01855,dlk_tbl_01880,dlk_tbl_03050;5;gob_tbl_01742,dlk_tbl_04039,m4vw_tbl_02032,dlk_ext_00344,dlk_ext_00095
proc_proceso_0802;4;gob_tbl_02626,gob_tbl_00783,gob_tbl_02586,dlk_tbl_01583;10;proc_tbl_02696,proc_tbl_04234,dlk_tbl_02910,gob_tbl_03052,gob_tbl_00097,dlk_tbl_04010,gob_ext_00241,dlk_ext_00005,ppn_ext_00143,proc_ext_00367
proc_proceso_0803;2;dlk_tbl_02448,proc_tbl_02574;9;gob_tbl_02378,dlk_tbl_03220,dlk_tbl_03486,proc_tbl_00938,gob_tbl_00783,dlk_ext_00668,dlk_ext_00089,gob_ext_00358,gob_ext_00625
dlk_proceso_0804;2;dash_tbl_00121,dlk_tbl_02034;8;gob_tbl_01304,proc_tbl_01706,gob_tbl_04026,dlk_tbl_02158,proc_tbl_02287,gob_ext_00498,dlk_ext_00204,gob_ext_00161
dlk_proceso_0805;3;proc_tbl_02874,proc_tbl_04446,gob_tbl_02460;12;proc_tbl_02344,dlk_tbl_00873,gob_tbl_01188,dlk_tbl_01217,gob_tbl_00308,proc_tbl_02704,gob_tbl_02755,std_ext_00560,proc_ext_00604,gob_ext_00417,gob_ext_00122,gob_ext_00301
proc_proceso_0806;4;dash_tbl_02726,dlk_tbl_03344,gob_tbl_02652,std_tbl_02403;17;dlk_tbl_00534,gob_tbl_01996,dlk_tbl_04277,dlk_tbl_03017,proc_tbl_00526,gob_tbl_00545,dlk_tbl_01617,dlk_tbl_03404,std_tbl_03795,gob_tbl_02981,gob_ext_00581,proc_ext_00605,dash_ext_00025,gob_ext_00334,proc_ext_00349,std_ext_00188,dlk_ext_00211
dlk_proceso_0807;6;gob_tbl_01768,dlk_tbl_01525,dlk_tbl_04300,m4sco_tbl_01782,gob_tbl_01277,dlk_tbl_02067;10;dlk_tbl_01220,proc_tbl_03537,gob_tbl_03820,dash_tbl_04165,gob_tbl_03545,proc_tbl_04457,gob_ext_00400,proc_ext_00083,gob_ext_00695,dlk_ext_00512
proc_proceso_0808;4;gob_tbl_00567,proc_tbl_00640,dlk_tbl_01060,std_tbl_03150;13;dlk_tbl_02930,gob_tbl_01537,proc_tbl_01267,dlk_tbl_00096,proc_tbl_04459,gob_tbl_01499,proc_tbl_00042,gob_ext_00644,dlk_ext_00035,m4sco_ext_00412,dlk_ext_00512,dlk_ext_00010,gob_ext_00350
proc_proceso_0809;8;dlk_tbl_04180,dlk_tbl_03827,gob_tbl_04158,dlk_tbl_01145,gob_tbl_03788,dlk_tbl_02670,proc_tbl_03291,dlk_tbl_03284;19;dlk_tbl_02350,gob_tbl_03588,dlk_tbl_02986,proc_tbl_04055,gob_tbl_01374,dlk_tbl_00582,gob_tbl_01446,gob_tbl_02641,gob_tbl_04374,proc_tbl_03518,dlk_tbl_03768,dlk_ext_00425,dlk_ext_00335,ppn_ext_00045,gob_ext_00187,dlk_ext_00561,dlk_ext_00473,proc_ext_00126,proc_ext_00197
gob_proceso_0810;5;gob_tbl_02371,m4sco_tbl_00367,gob_tbl_00140,gob_tbl_02797,gob_tbl_03408;16;proc_tbl_02631,dlk_tbl_01888,gob_tbl_02418,dlk_tbl_03852,proc_tbl_01239,dlk_tbl_04032,dash_tbl_02597,dash_tbl_01339,dash_tbl_03847,dlk_ext_00668,dlk_ext_00425,dlk_ext_00194,dlk_ext_00098,dlk_ext_00677,dlk_ext_00627,dlk_ext_00315
proc_proceso_0811;5;dlk_tbl_02274,dlk_tbl_00837,gob_tbl_01963,dlk_tbl_01206,dlk_tbl_02004;11;dlk_tbl_01775,dash_tbl_03724,dlk_tbl_04289,dlk_tbl_00792,proc_tbl_01337,dlk_tbl_03260,dlk_ext_00537,proc_ext_00263,gob_ext_00156,gob_ext_00688,proc_ext_00215
proc_proceso_0812;4;gob_tbl_01873,gob_tbl_00611,dash_tbl_00722,gob_tbl_04133;9;gob_tbl_02272,dlk_tbl_00754,dash_tbl_00061,gob_tbl_01659,proc_tbl_01134,dlk_ext_00078,gob_ext_00301,gob_ext_00545,gob_ext_00577
dash_proceso_0813;4;dlk_tbl_02137,m4vw_tbl_04293,gob_tbl_02057,dlk_tbl_03190;10;gob_tbl_00583,gob_tbl_02714,std_tbl_03594,dlk_tbl_03248,gob_tbl_01605,dlk_tbl_02201,dlk_ext_00186,proc_ext_00154,ppn_ext_00629,gob_ext_00318
dlk_proceso_0814;2;dlk_tbl_03425,dlk_tbl_03170;13;dlk_tbl_02828,dash_tbl_01648,proc_tbl_03685,gob_tbl_01058,dlk_tbl_02647,gob_tbl_01057,dlk_tbl_03675,ppn_ext_00073,dlk_ext_00039,proc_ext_00416,proc_ext_00501,proc_ext_00674,proc_ext_00062
dlk_proceso_0815;3;dlk_tbl_01563,gob_tbl_03084,gob_tbl_03964;11;dlk_tbl_03973,dlk_tbl_04278,proc_tbl_00960,gob_tbl_00038,gob_tbl_01976,proc_tbl_04169,dash_ext_00558,dlk_ext_00125,dash_ext_00020,dlk_ext_00700,dlk_ext_00435
gob_proceso_0816;7;gob_tbl_04477,gob_tbl_03571,dlk_tbl_01492,gob_tbl_02601,dlk_tbl_04277,gob_tbl_03783,dash_tbl_02192;15;gob_tbl_00803,dash_tbl_01046,gob_tbl_00703,proc_tbl_02738,gob_tbl_02788,gob_tbl_03279,gob_tbl_03353,dlk_tbl_00675,gob_tbl_04270,dlk_ext_00394,dlk_ext_00494,dlk_ext_00315,gob_ext_00048,dlk_ext_00354,gob_ext_00707
dlk_proceso_0817;6;proc_tbl_03660,gob_tbl_01714,gob_tbl_02055,gob_tbl_02022,gob_tbl_04131,dlk_tbl_01011;9;proc_tbl_02539,gob_tbl_01736,gob_tbl_02124,dlk_tbl_02177,std_tbl_00180,dash_ext_00072,gob_ext_00206,proc_ext_00281,gob_ext_00241
dlk_proceso_0818;3;dlk_tbl_03039,gob_tbl_00628,dlk_tbl_02629;9;proc_tbl_03123,gob_tbl_03393,gob_tbl_01223,dlk_tbl_04399,proc_tbl_03104,gob_ext_00179,dlk_ext_00374,ppn_ext_00306,gob_ext_00607
gob_proceso_0819;6;proc_tbl_03230,dlk_tbl_00555,dlk_tbl_00281,std_tbl_00264,std_tbl_01514,std_tbl_01771;15;gob_tbl_00807,dlk_tbl_02799,dlk_tbl_03835,proc_tbl_02969,gob_tbl_02175,std_tbl_00253,dlk_tbl_03486,std_tbl_00443,proc_tbl_01607,dlk_ext_00068,proc_ext_00040,dlk_ext_00194,proc_ext_00183,m4vw_ext_00450,dlk_ext_00461
proc_proceso_0820;4;gob_tbl_02307,gob_tbl_04389,dlk_tbl_04476,gob_tbl_03281;10;dlk_tbl_00928,gob_tbl_03216,gob_tbl_00952,dlk_tbl_00711,dlk_tbl_00872,dlk_tbl_01681,proc_ext_00566,dlk_ext_00652,proc_ext_00230,dlk_ext_00660
dlk_proceso_0821;2;std_tbl_00668,dlk_tbl_01845;8;proc_tbl_01519,proc_tbl_01272,dash_tbl_01731,dlk_tbl_00441,dlk_tbl_02440,gob_ext_00486,gob_ext_00644,dlk_ext_00479
gob_proceso_0822;4;proc_tbl_01680,gob_tbl_02811,dlk_tbl_02930,dlk_tbl_02083;13;gob_tbl_04362,dlk_tbl_01634,dash_tbl_01063,gob_tbl_02801,dlk_tbl_00584,dlk_tbl_00339,proc_tbl_02969,dlk_ext_00610,dlk_ext_00474,dlk_ext_00141,dlk_ext_00597,proc_ext_00055,ppn_ext_00629
dlk_proceso_0823;6;dlk_tbl_00707,dlk_tbl_02075,m4vw_tbl_04243,dash_tbl_00061,gob_tbl_03272,proc_tbl_04268;9;gob_tbl_00425,dlk_tbl_00489,m4vw_tbl_01630,proc_tbl_03237,dlk_tbl_00185,proc_ext_00383,dlk_ext_00451,gob_ext_00530,proc_ext_00506
dash_proceso_0824;7;m4vw_tbl_03465,proc_tbl_03885,dlk_tbl_01079,dlk_tbl_00708,dlk_tbl_03473,dlk_tbl_04437,dash_tbl_01115;11;gob_tbl_02496,dlk_tbl_00676,proc_tbl_00171,gob_tbl_01374,dlk_tbl_02315,dlk_tbl_01911,dlk_ext_00582,gob_ext_00620,gob_ext_00008,dlk_ext_00652,proc_ext_00336
dlk_proceso_0825;2;gob_tbl_01083,gob_tbl_04374;6;proc_tbl_01827,gob_tbl_03186,gob_tbl_04388,gob_ext_00184,proc_ext_00690,dlk_ext_00196
gob_proceso_0826;2;dash_tbl_00765,gob_tbl_01684;12;dlk_tbl_02622,dlk_tbl_04071,proc_tbl_03775,dlk_tbl_03226,dlk_tbl_04419,gob_tbl_01106,gob_tbl_04153,gob_ext_00323,gob_ext_00672,gob_ext_00312,proc_ext_00263,gob_ext_00333
proc_proceso_0827;6;gob_tbl_00338,dlk_tbl_03936,dlk_tbl_04403,dash_tbl_02588,dlk_tbl_03414,gob_tbl_03822;12;gob_tbl_03131,dlk_tbl_01410,gob_tbl_02626,gob_tbl_04133,dlk_tbl_01857,dash_tbl_01397,dlk_tbl_00570,gob_ext_00122,gob_ext_00417,gob_ext_00180,proc_ext_00230,gob_ext_00370
dlk_proceso_0828;6;std_tbl_00055,proc_tbl_02757,dlk_tbl_00366,gob_tbl_02246,dlk_tbl_00973,gob_tbl_03367;4;dlk_tbl_00160,proc_tbl_02855,m4sco_ext_00458,dlk_ext_00200
dash_proceso_0829;7;gob_tbl_02656,std_tbl_01984,proc_tbl_04224,dlk_tbl_00369,dlk_tbl_01887,dlk_tbl_00667,gob_tbl_03409;9;gob_tbl_00063,dash_tbl_03450,dlk_tbl_02614,dlk_tbl_00479,gob_tbl_03726,gob_ext_00530,proc_ext_00077,gob_ext_00241,dlk_ext_00609
gob_proceso_0830;6;gob_tbl_00018,proc_tbl_02929,dash_tbl_01785,proc_tbl_00223,gob_tbl_02483,gob_tbl_03173;13;gob_tbl_03507,dlk_tbl_01410,gob_tbl_00982,proc_tbl_02101,proc_tbl_02287,dlk_tbl_03836,gob_tbl_01058,gob_ext_00611,gob_ext_00224,gob_ext_00145,proc_ext_00242,dlk_ext_00662,dlk_ext_00022
dlk_proceso_0831;6;proc_tbl_02650,m4sco_tbl_04077,dlk_tbl_00636,dash_tbl_00148,dash_tbl_01310,m4sco_tbl_04335;4;gob_tbl_02536,gob_tbl_02466,proc_ext_00389,gob_ext_00601
gob_proceso_0832;3;dlk_tbl_02571,gob_tbl_03091,gob_tbl_01270;15;dlk_tbl_03573,gob_tbl_00547,dlk_tbl_02457,dlk_tbl_01197,dlk_tbl_03697,gob_tbl_02496,gob_tbl_04189,std_tbl_04089,dlk_tbl_03220,dlk_ext_00681,proc_ext_00413,proc_ext_00266,gob_ext_00422,dlk_ext_00047,dlk_ext_00066
proc_proceso_0833;2;proc_tbl_03138,dlk_tbl_03952;7;dlk_tbl_00218,proc_tbl_02343,dash_tbl_03851,gob_tbl_03175,proc_ext_00495,dlk_ext_00431,dlk_ext_00391
dlk_proceso_0834;6;gob_tbl_01399,gob_tbl_03184,std_tbl_03113,dlk_tbl_00461,dlk_tbl_01010,proc_tbl_00966;11;dlk_tbl_00972,dlk_tbl_01627,proc_tbl_01032,dlk_tbl_01264,dash_tbl_02942,gob_tbl_01496,gob_ext_00184,gob_ext_00644,dlk_ext_00119,proc_ext_00666,gob_ext_00162
dlk_proceso_0835;4;dlk_tbl_01241,dlk_tbl_03897,gob_tbl_03980,dlk_tbl_01012;13;dlk_tbl_01120,gob_tbl_02269,gob_tbl_03083,ppn_tbl_01257,gob_tbl_02711,gob_tbl_04317,gob_tbl_00638,dlk_ext_00664,dlk_ext_00660,dlk_ext_00255,gob_ext_00187,dash_ext_00036,std_ext_00205
dlk_proceso_0836;3;dlk_tbl_04480,proc_tbl_03849,proc_tbl_04358;7;dlk_tbl_00257,gob_tbl_00048,dlk_tbl_00855,gob_tbl_04267,m4vw_ext_00289,proc_ext_00324,gob_ext_00270
dlk_proceso_0837;7;gob_tbl_03417,dlk_tbl_02035,dlk_tbl_02369,gob_tbl_00741,gob_tbl_03264,dlk_tbl_01195,proc_tbl_01937;1;dlk_tbl_00356
dash_proceso_0838;7;gob_tbl_00685,gob_tbl_01975,proc_tbl_01371,gob_tbl_04402,dash_tbl_01807,gob_tbl_02770,proc_tbl_02577;9;gob_tbl_01342,gob_tbl_02395,dash_tbl_00357,proc_tbl_00105,dlk_tbl_01900,gob_ext_00702,dlk_ext_00186,gob_ext_00498,dash_ext_00309
dlk_proceso_0839;2;dlk_tbl_00758,gob_tbl_01996;7;gob_tbl_00807,dlk_tbl_03421,gob_tbl_00518,gob_tbl_01721,gob_ext_00295,gob_ext_00415,gob_ext_00541
proc_proceso_0840;8;dlk_tbl_01018,dlk_tbl_03585,proc_tbl_01178,dlk_tbl_02750,dlk_tbl_02590,proc_tbl_01381,dlk_tbl_02968,dlk_tbl_02499;9;gob_tbl_01969,dlk_tbl_04132,gob_tbl_00362,dlk_tbl_02405,proc_tbl_00064,dlk_ext_00051,dlk_ext_00711,gob_ext_00088,gob_ext_00032
dlk_proceso_0841;2;proc_tbl_01144,gob_tbl_02077;8;gob_tbl_03644,proc_tbl_00907,proc_tbl_00252,gob_tbl_01322,m4vw_tbl_00790,gob_ext_00102,gob_ext_00285,m4sco_ext_00679
gob_proceso_0842;7;gob_tbl_01801,dlk_tbl_03792,dash_tbl_00862,dash_tbl_02118,proc_tbl_00871,proc_tbl_02383,gob_tbl_03031;9;dash_tbl_02262,gob_tbl_01071,dlk_tbl_01922,proc_tbl_00212,dlk_tbl_00369,gob_ext_00325,dlk_ext_00113,gob_ext_00578,dlk_ext_00516
dlk_proceso_0843;4;gob_tbl_00807,dlk_tbl_02919,gob_tbl_02899,dlk_tbl_04315;3;m4sco_tbl_03434,dlk_tbl_03949,gob_ext_00212
gob_proceso_0844;3;gob_tbl_00075,gob_tbl_02760,dlk_tbl_00386;9;proc_tbl_01673,gob_tbl_02873,gob_tbl_02973,proc_tbl_02598,dash_tbl_02197,dlk_ext_00235,dlk_ext_00606,dlk_ext_00308,dlk_ext_00010
dlk_proceso_0845;2;dlk_tbl_00261,gob_tbl_00956;8;dash_tbl_02118,dlk_tbl_00570,dlk_tbl_03961,dlk_tbl_03473,dlk_tbl_03827,gob_ext_00097,proc_ext_00181,gob_ext_00530
gob_proceso_0846;5;gob_tbl_02498,gob_tbl_03192,proc_tbl_00289,gob_tbl_02021,gob_tbl_01531;10;proc_tbl_00960,proc_tbl_00220,dlk_tbl_00780,gob_tbl_03544,proc_tbl_02036,gob_tbl_00845,gob_ext_00121,std_ext_00497,proc_ext_00376,dlk_ext_00385
dash_proceso_0847;6;dlk_tbl_04406,dlk_tbl_02302,dlk_tbl_03551,dlk_tbl_02515,dlk_tbl_02070,proc_tbl_03802;10;dlk_tbl_02099,gob_tbl_01346,proc_tbl_00948,gob_tbl_00495,proc_tbl_00897,dlk_tbl_00999,dlk_ext_00339,proc_ext_00526,gob_ext_00484,proc_ext_00131
dlk_proceso_0848;3;gob_tbl_01832,dlk_tbl_01823,dlk_tbl_04143;12;std_tbl_04073,gob_tbl_02007,std_tbl_04454,gob_tbl_03769,m4sco_tbl_00679,dlk_tbl_03049,proc_tbl_00223,dlk_ext_00425,proc_ext_00383,dlk_ext_00668,gob_ext_00688,dash_ext_00256
gob_proceso_0849;4;dlk_tbl_00137,gob_tbl_03681,proc_tbl_04404,m4vw_tbl_04355;3;std_tbl_03982,dlk_tbl_02169,gob_ext_00541
proc_proceso_0850;4;dlk_tbl_01710,dlk_tbl_04192,dlk_tbl_02945,proc_tbl_02980;6;proc_tbl_01680,dash_tbl_02271,gob_tbl_02867,dlk_ext_00043,gob_ext_00212,gob_ext_00321
gob_proceso_0851;7;dlk_tbl_02401,proc_tbl_03969,dlk_tbl_01316,dlk_tbl_03236,gob_tbl_03854,dash_tbl_02870,std_tbl_02228;10;gob_tbl_03680,dlk_tbl_03799,gob_tbl_04374,dash_tbl_00522,m4vw_tbl_02032,proc_tbl_03126,dlk_ext_00141,gob_ext_00267,dlk_ext_00305,gob_ext_00524
dlk_proceso_0852;5;gob_tbl_01635,gob_tbl_03586,gob_tbl_01835,gob_tbl_02844,ppn_tbl_04216;9;gob_tbl_02667,proc_tbl_00104,dash_tbl_02657,proc_tbl_00853,proc_tbl_03565,gob_ext_00644,dlk_ext_00359,gob_ext_00253,gob_ext_00323
gob_proceso_0853;2;gob_tbl_01280,dlk_tbl_00746;7;proc_tbl_02338,proc_tbl_03385,dash_tbl_02312,gob_tbl_03165,dash_ext_00558,gob_ext_00079,dash_ext_00590
dlk_proceso_0854;2;gob_tbl_03001,dash_tbl_02805;12;gob_tbl_03750,dash_tbl_01890,dlk_tbl_01710,gob_tbl_01096,gob_tbl_03643,dlk_tbl_01701,proc_tbl_03126,gob_ext_00400,dash_ext_00701,dlk_ext_00359,dlk_ext_00582,dlk_ext_00471
dlk_proceso_0855;5;dlk_tbl_02008,gob_tbl_03968,proc_tbl_02051,gob_tbl_02381,dlk_tbl_04002;8;proc_tbl_03616,dlk_tbl_00265,dlk_tbl_02114,m4vw_tbl_03637,dlk_tbl_04010,proc_ext_00157,dlk_ext_00359,m4vw_ext_00030
gob_proceso_0856;5;dash_tbl_02150,dlk_tbl_00580,dlk_tbl_00962,proc_tbl_02730,gob_tbl_03605;7;gob_tbl_01214,proc_tbl_02866,dlk_tbl_00261,gob_tbl_03184,dlk_ext_00481,gob_ext_00539,dlk_ext_00022
dlk_proceso_0857;2;m4vw_tbl_04016,dlk_tbl_00273;4;dlk_tbl_01964,dlk_tbl_03682,gob_ext_00011,dlk_ext_00535
gob_proceso_0858;6;gob_tbl_02886,dlk_tbl_04147,dlk_tbl_01674,proc_tbl_03314,dash_tbl_03019,dlk_tbl_01896;9;proc_tbl_00101,proc_tbl_01307,gob_tbl_03205,dlk_tbl_02061,dlk_tbl_01753,gob_ext_00415,dlk_ext_00305,proc_ext_00297,dlk_ext_00098
dash_proceso_0859;8;proc_tbl_01134,gob_tbl_01794,gob_tbl_01205,dlk_tbl_00855,dash_tbl_02537,dlk_tbl_02339,gob_tbl_03823,gob_tbl_02102;7;proc_tbl_02696,dlk_tbl_03080,dlk_tbl_01330,gob_tbl_03808,gob_ext_00166,gob_ext_00244,dlk_ext_00314
gob_proceso_0860;7;gob_tbl_02286,gob_tbl_01369,dlk_tbl_04320,gob_tbl_03399,proc_tbl_02237,dlk_tbl_03391,dlk_tbl_03695;15;dlk_tbl_02968,gob_tbl_03784,gob_tbl_02406,dlk_tbl_02557,gob_tbl_00190,dlk_tbl_04056,dlk_tbl_03190,dlk_tbl_01330,std_tbl_03602,dlk_ext_00700,gob_ext_00362,dlk_ext_00010,dlk_ext_00084,dlk_ext_00444,proc_ext_00126
gob_proceso_0861;5;dash_tbl_00323,dlk_tbl_04214,gob_tbl_01700,gob_tbl_04382,gob_tbl_02141;15;m4sco_tbl_02283,gob_tbl_03953,dlk_tbl_03871,proc_tbl_04268,gob_tbl_03552,proc_tbl_01779,gob_tbl_00094,dlk_tbl_02204,gob_tbl_01543,gob_ext_00628,dlk_ext_00407,dlk_ext_00691,dlk_ext_00225,dlk_ext_00395,proc_ext_00090
dlk_proceso_0862;6;gob_tbl_00840,gob_tbl_01567,dlk_tbl_03248,proc_tbl_02866,gob_tbl_01501,gob_tbl_03165;13;gob_tbl_02017,gob_tbl_02460,proc_tbl_01258,dash_tbl_01930,dlk_tbl_00187,proc_tbl_02868,gob_tbl_02226,proc_ext_00157,gob_ext_00273,dash_ext_00020,gob_ext_00477,dlk_ext_00388,proc_ext_00197
gob_proceso_0863;3;proc_tbl_02078,gob_tbl_03283,gob_tbl_04475;6;gob_tbl_02226,dlk_tbl_00066,gob_tbl_03044,dlk_ext_00447,m4vw_ext_00692,proc_ext_00605
proc_proceso_0864;3;dlk_tbl_03606,proc_tbl_01084,gob_tbl_00927;13;proc_tbl_01588,proc_tbl_01564,proc_tbl_02161,dlk_tbl_00830,gob_tbl_03263,proc_tbl_03164,dlk_tbl_01948,dlk_ext_00050,dlk_ext_00623,gob_ext_00074,gob_ext_00316,dlk_ext_00341,dlk_ext_00374
dlk_proceso_0865;8;proc_tbl_04369,dlk_tbl_01347,dlk_tbl_01757,dlk_tbl_00026,gob_tbl_02538,dlk_tbl_00739,gob_tbl_03352,dlk_tbl_02304;7;dash_tbl_03579,proc_tbl_01032,std_tbl_00268,dlk_tbl_03570,m4sco_ext_00340,dlk_ext_00258,proc_ext_00666
gob_proceso_0866;8;gob_tbl_03118,dlk_tbl_01508,gob_tbl_04432,proc_tbl_01420,dlk_tbl_02926,proc_tbl_02868,dlk_tbl_03259,dlk_tbl_01047;24;gob_tbl_03651,dlk_tbl_03289,dlk_tbl_01642,gob_tbl_01130,dlk_tbl_00393,dash_tbl_00549,dash_tbl_03132,dlk_tbl_02599,dlk_tbl_00633,gob_tbl_04226,gob_tbl_00783,dash_tbl_00553,dlk_tbl_02385,dlk_tbl_03836,ppn_ext_00360,gob_ext_00244,dlk_ext_00066,gob_ext_00532,gob_ext_00415,dlk_ext_00606,proc_ext_00054,dash_ext_00433,proc_ext_00399,dlk_ext_00089
gob_proceso_0867;8;gob_tbl_03588,gob_tbl_02071,dlk_tbl_03522,gob_tbl_01028,dlk_tbl_01489,dlk_tbl_02351,gob_tbl_01017,proc_tbl_04337;10;dash_tbl_00118,proc_tbl_03294,dlk_tbl_03595,dash_tbl_01354,dash_tbl_02134,proc_tbl_00203,dlk_ext_00063,gob_ext_00672,gob_ext_00170,gob_ext_00226
dlk_proceso_0868;4;dlk_tbl_01430,proc_tbl_03999,dlk_tbl_02803,gob_tbl_03671;17;gob_tbl_00952,proc_tbl_02887,gob_tbl_03361,proc_tbl_03023,gob_tbl_01660,dlk_tbl_02689,dlk_tbl_00373,gob_tbl_04111,m4vw_tbl_02127,proc_tbl_01048,dlk_ext_00569,dlk_ext_00068,gob_ext_00130,gob_ext_00209,dlk_ext_00385,gob_ext_00145,proc_ext_00278
proc_proceso_0869;6;gob_tbl_03842,dlk_tbl_01380,gob_tbl_01321,dlk_tbl_00669,dlk_tbl_04415,dlk_tbl_02440;4;dlk_tbl_00535,gob_tbl_04309,proc_ext_00150,gob_ext_00423
dlk_proceso_0870;5;dlk_tbl_01478,dlk_tbl_01535,gob_tbl_02464,proc_tbl_03686,gob_tbl_02721;16;gob_tbl_01066,dlk_tbl_01627,dlk_tbl_02016,proc_tbl_02331,dash_tbl_03759,proc_tbl_03151,dash_tbl_01719,dash_tbl_04417,dlk_tbl_03251,std_ext_00205,dash_ext_00046,gob_ext_00509,gob_ext_00307,dlk_ext_00499,proc_ext_00690,proc_ext_00107
proc_proceso_0871;4;gob_tbl_00950,gob_tbl_02522,gob_tbl_02628,std_tbl_00332;11;gob_tbl_03420,gob_tbl_04345,proc_tbl_03592,dlk_tbl_03454,dlk_tbl_01347,proc_tbl_04427,proc_ext_00171,gob_ext_00702,gob_ext_00347,proc_ext_00062,ppn_ext_00629
dlk_proceso_0872;2;dash_tbl_01877,proc_tbl_00701;7;dlk_tbl_03096,proc_tbl_01839,gob_tbl_04095,std_tbl_04239,dlk_ext_00194,dlk_ext_00028,gob_ext_00184
dlk_proceso_0873;5;proc_tbl_02630,gob_tbl_00943,proc_tbl_04457,dlk_tbl_00604,dash_tbl_01109;13;dash_tbl_03806,proc_tbl_01507,dlk_tbl_02273,std_tbl_00591,proc_tbl_01519,m4sco_tbl_03117,dlk_tbl_00413,gob_ext_00273,dash_ext_00036,dlk_ext_00493,proc_ext_00213,dlk_ext_00119,proc_ext_00495
dlk_proceso_0874;8;std_tbl_00498,dlk_tbl_02911,gob_tbl_02845,dlk_tbl_00637,proc_tbl_01762,gob_tbl_03262,dlk_tbl_01846,gob_tbl_02310;23;dash_tbl_04220,gob_tbl_03812,std_tbl_00253,dlk_tbl_04223,dash_tbl_01715,gob_tbl_02756,dash_tbl_03502,dash_tbl_00088,proc_tbl_01382,proc_tbl_01956,proc_tbl_03392,proc_tbl_00062,dlk_tbl_00873,proc_ext_00131,dlk_ext_00196,dash_ext_00549,proc_ext_00232,dlk_ext_00344,dlk_ext_00053,proc_ext_00177,gob_ext_00379,gob_ext_00702,gob_ext_00553
gob_proceso_0875;6;gob_tbl_01026,dlk_tbl_02901,gob_tbl_02712,m4sco_tbl_00773,gob_tbl_02751,dlk_tbl_03848;16;gob_tbl_02951,gob_tbl_01533,gob_tbl_02603,proc_tbl_01184,dlk_tbl_04064,proc_tbl_03900,dlk_tbl_00746,gob_tbl_02788,gob_tbl_01545,gob_ext_00707,gob_ext_00184,proc_ext_00443,dlk_ext_00466,dlk_ext_00561,gob_ext_00524,gob_ext_00486
dlk_proceso_0876;4;proc_tbl_01033,dlk_tbl_03948,gob_tbl_00258,proc_tbl_01307;14;gob_tbl_00756,dlk_tbl_00376,proc_tbl_03151,dlk_tbl_03343,gob_tbl_01464,gob_tbl_02934,dlk_tbl_04341,gob_tbl_01280,proc_ext_00605,dash_ext_00256,dlk_ext_00444,dlk_ext_00141,std_ext_00188,dlk_ext_00499
proc_proceso_0877;4;proc_tbl_03180,proc_tbl_02398,gob_tbl_01892,dash_tbl_03724;10;gob_tbl_03953,dlk_tbl_01786,proc_tbl_03164,proc_tbl_03338,dlk_tbl_03191,proc_tbl_00435,gob_ext_00484,m4vw_ext_00462,gob_ext_00696,gob_ext_00252
proc_proceso_0878;6;dash_tbl_02547,gob_tbl_04074,dlk_tbl_03136,std_tbl_02160,gob_tbl_00751,dlk_tbl_02335;9;gob_tbl_03894,proc_tbl_04400,gob_tbl_03544,gob_tbl_04408,dlk_tbl_04350,gob_ext_00430,gob_ext_00400,gob_ext_00422,gob_ext_00145
dlk_proceso_0879;3;gob_tbl_02904,dlk_tbl_03027,gob_tbl_03590;13;gob_tbl_03219,gob_tbl_02013,dlk_tbl_01472,dlk_tbl_02019,dlk_tbl_02386,gob_tbl_02682,proc_tbl_03988,dlk_ext_00255,gob_ext_00180,dlk_ext_00664,gob_ext_00261,dlk_ext_00361,dlk_ext_00683
gob_proceso_0880;5;dlk_tbl_01935,gob_tbl_01443,gob_tbl_02325,gob_tbl_03510,dlk_tbl_03683;7;proc_tbl_03641,dlk_tbl_02083,dlk_tbl_00849,proc_tbl_01620,dlk_ext_00436,proc_ext_00658,dash_ext_00558
proc_proceso_0881;2;proc_tbl_03300,std_tbl_03270;7;dlk_tbl_01014,proc_tbl_00701,dlk_tbl_00409,dlk_tbl_02471,gob_ext_00661,std_ext_00092,dlk_ext_00064
dash_proceso_0882;5;dlk_tbl_03467,dlk_tbl_01256,dlk_tbl_01471,dlk_tbl_00913,dlk_tbl_03179;19;dlk_tbl_04295,gob_tbl_04412,gob_tbl_00263,gob_tbl_00277,gob_tbl_00579,gob_tbl_03336,proc_tbl_00645,dlk_tbl_03244,dash_tbl_01293,dlk_tbl_00942,proc_tbl_00866,dash_ext_00409,proc_ext_00337,dlk_ext_00113,gob_ext_00187,dlk_ext_00335,dlk_ext_00411,dlk_ext_00359,dlk_ext_00482
dlk_proceso_0883;4;dash_tbl_03046,dash_tbl_02225,proc_tbl_04164,proc_tbl_00908;4;gob_tbl_00405,dash_tbl_00429,proc_ext_00564,proc_ext_00177
dash_proceso_0884;2;dlk_tbl_01927,gob_tbl_04250;9;dlk_tbl_03948,dlk_tbl_00582,gob_tbl_03175,gob_tbl_02139,proc_tbl_02402,dlk_ext_00305,dlk_ext_00516,proc_ext_00579,std_ext_00599
proc_proceso_0885;3;dlk_tbl_00459,dlk_tbl_03240,gob_tbl_03211;12;gob_tbl_04193,proc_tbl_00217,gob_tbl_02272,gob_tbl_02138,gob_tbl_02012,gob_tbl_01192,proc_tbl_00104,gob_ext_00557,gob_ext_00019,dlk_ext_00022,dlk_ext_00390,gob_ext_00364
gob_proceso_0886;4;gob_tbl_00423,gob_tbl_04378,gob_tbl_00475,dlk_tbl_00993;11;gob_tbl_04181,gob_tbl_02272,proc_tbl_00718,proc_tbl_02819,m4vw_tbl_03654,gob_tbl_02282,dlk_ext_00026,gob_ext_00519,proc_ext_00150,gob_ext_00574,gob_ext_00087
gob_proceso_0887;5;gob_tbl_03245,gob_tbl_03977,m4sco_tbl_00098,dlk_tbl_03793,dash_tbl_03004;8;proc_tbl_04427,dlk_tbl_03719,dlk_tbl_00987,dlk_tbl_00872,proc_tbl_03674,dlk_ext_00201,proc_ext_00040,dlk_ext_00093
dash_proceso_0888;6;dlk_tbl_02694,proc_tbl_01232,dlk_tbl_01516,gob_tbl_01090,gob_tbl_01693,proc_tbl_03237;9;dlk_tbl_03634,dlk_tbl_04184,dlk_tbl_01431,gob_tbl_04345,dlk_tbl_01757,m4vw_ext_00670,m4vw_ext_00450,proc_ext_00230,std_ext_00560
proc_proceso_0889;2;gob_tbl_03371,gob_tbl_03228;8;gob_tbl_00222,proc_tbl_01233,gob_tbl_04136,dlk_tbl_00305,gob_tbl_02873,dlk_ext_00469,gob_ext_00612,gob_ext_00576
dlk_proceso_0890;2;dlk_tbl_03041,dlk_tbl_03410;12;gob_tbl_02952,gob_tbl_00242,gob_tbl_02409,dlk_tbl_01079,dlk_tbl_00775,dlk_tbl_04064,dlk_tbl_02104,dlk_ext_00196,proc_ext_00343,gob_ext_00645,gob_ext_00130,gob_ext_00581
gob_proceso_0891;5;gob_tbl_01405,gob_tbl_03271,proc_tbl_02209,dlk_tbl_04037,dash_tbl_01358;17;dlk_tbl_01554,std_tbl_03150,gob_tbl_03821,proc_tbl_01300,gob_tbl_01071,dlk_tbl_00461,dlk_tbl_00855,dlk_tbl_02353,m4vw_tbl_04243,dlk_tbl_01933,proc_ext_00243,proc_ext_00171,proc_ext_00163,gob_ext_00470,proc_ext_00085,dlk_ext_00393,dlk_ext_00388
gob_proceso_0892;6;proc_tbl_01425,gob_tbl_03086,proc_tbl_03648,std_tbl_01056,proc_tbl_01421,gob_tbl_01565;13;gob_tbl_02349,dash_tbl_00458,proc_tbl_01866,proc_tbl_03051,gob_tbl_00811,dash_tbl_02068,proc_tbl_01267,proc_ext_00243,gob_ext_00503,gob_ext_00270,gob_ext_00187,dash_ext_00072,proc_ext_00605
gob_proceso_0893;5;dlk_tbl_00839,dlk_tbl_04114,gob_tbl_03370,gob_tbl_01276,proc_tbl_02205;13;dlk_tbl_04468,dlk_tbl_02230,proc_tbl_03550,gob_tbl_00372,gob_tbl_01057,gob_tbl_01689,gob_tbl_00277,gob_ext_00440,dlk_ext_00147,gob_ext_00577,m4sco_ext_00412,dlk_ext_00482,std_ext_00205
dlk_proceso_0894;6;dlk_tbl_00302,gob_tbl_03971,gob_tbl_00630,gob_tbl_01931,dlk_tbl_02024,gob_tbl_02800;15;gob_tbl_02395,dlk_tbl_01888,gob_tbl_02889,proc_tbl_01510,dlk_tbl_00516,m4sco_tbl_02776,proc_tbl_02984,dlk_tbl_01671,proc_tbl_00786,dlk_ext_00039,dash_ext_00433,gob_ext_00134,gob_ext_00248,proc_ext_00169,m4vw_ext_00108
dlk_proceso_0895;5;dlk_tbl_04361,proc_tbl_01573,std_tbl_02915,dash_tbl_02463,gob_tbl_00327;12;gob_tbl_02857,dlk_tbl_02515,dlk_tbl_01671,dash_tbl_03839,gob_tbl_02536,gob_tbl_02540,dash_tbl_03231,gob_ext_00059,dlk_ext_00089,proc_ext_00055,proc_ext_00392,gob_ext_00212
dlk_proceso_0896;5;gob_tbl_02865,gob_tbl_00617,proc_tbl_01793,dlk_tbl_02843,gob_tbl_00278;9;gob_tbl_03703,proc_tbl_01474,gob_tbl_02904,gob_tbl_04201,proc_tbl_01989,dlk_ext_00668,dlk_ext_00141,gob_ext_00097,dlk_ext_00390
gob_proceso_0897;6;std_tbl_00794,gob_tbl_03131,dlk_tbl_02684,proc_tbl_00228,gob_tbl_00838,dlk_tbl_03874;5;gob_tbl_01605,proc_tbl_03280,dlk_tbl_03564,gob_ext_00486,gob_ext_00617
dlk_proceso_0898;2;dlk_tbl_01105,dlk_tbl_01622;6;dlk_tbl_03540,dash_tbl_00458,gob_tbl_02151,dlk_ext_00473,dlk_ext_00274,m4sco_ext_00458
dlk_proceso_0899;4;dlk_tbl_00056,gob_tbl_02686,proc_tbl_02969,gob_tbl_02352;4;gob_tbl_04297,dlk_tbl_04218,dlk_ext_00582,dlk_ext_00453
gob_proceso_0900;4;proc_tbl_01005,proc_tbl_00991,dlk_tbl_02492,gob_tbl_03729;12;proc_tbl_04004,dlk_tbl_03939,dlk_tbl_00914,gob_tbl_04424,proc_tbl_02365,dlk_tbl_03438,gob_tbl_02138,m4vw_ext_00462,gob_ext_00049,dlk_ext_00691,gob_ext_00250,proc_ext_00290
proc_proceso_0901;6;proc_tbl_00358,dlk_tbl_02680,dlk_tbl_00454,gob_tbl_04186,dlk_tbl_00690,gob_tbl_02487;9;dash_tbl_02229,dlk_tbl_03709,m4vw_tbl_01050,gob_tbl_01132,dlk_tbl_02769,gob_ext_00478,proc_ext_00621,dlk_ext_00237,gob_ext_00307
dlk_proceso_0902;6;gob_tbl_04027,gob_tbl_00981,std_tbl_03299,dlk_tbl_04351,dlk_tbl_02869,proc_tbl_00365;6;proc_tbl_03203,proc_tbl_03849,ppn_tbl_02615,gob_ext_00578,gob_ext_00694,dlk_ext_00247
gob_proceso_0903;3;dash_tbl_01354,dlk_tbl_01833,dash_tbl_01718;13;gob_tbl_01096,m4vw_tbl_01036,gob_tbl_02027,dlk_tbl_04365,gob_tbl_00827,dlk_tbl_01153,proc_tbl_03743,dlk_ext_00448,gob_ext_00500,gob_ext_00202,proc_ext_00343,dash_ext_00590,gob_ext_00665
gob_proceso_0904;3;dlk_tbl_02525,gob_tbl_00038,dlk_tbl_03525;9;gob_tbl_04360,dlk_tbl_00070,m4sco_tbl_01061,dlk_tbl_01846,proc_tbl_02414,dlk_ext_00010,gob_ext_00329,dlk_ext_00662,gob_ext_00630
dlk_proceso_0905;4;std_tbl_01992,dlk_tbl_03819,dlk_tbl_04266,dash_tbl_00888;4;dlk_tbl_02392,std_tbl_04171,proc_ext_00690,gob_ext_00568
dlk_proceso_0906;5;proc_tbl_02974,std_tbl_00287,gob_tbl_01826,proc_tbl_00169,dash_tbl_03749;14;gob_tbl_03953,gob_tbl_04440,m4vw_tbl_04349,gob_tbl_03733,gob_tbl_02289,std_tbl_00332,dlk_tbl_02752,dlk_tbl_01347,dlk_ext_00195,gob_ext_00552,dash_ext_00549,gob_ext_00132,dlk_ext_00222,m4vw_ext_00692
dlk_proceso_0907;5;gob_tbl_02504,gob_tbl_02439,proc_tbl_01252,gob_tbl_00810,gob_tbl_01865;14;dlk_tbl_03776,dlk_tbl_03872,m4vw_tbl_01851,dlk_tbl_01325,std_tbl_01998,std_tbl_03740,proc_tbl_00573,gob_tbl_02394,proc_ext_00290,m4vw_ext_00462,gob_ext_00234,gob_ext_00378,gob_ext_00145,gob_ext_00410
gob_proceso_0908;2;gob_tbl_04469,gob_tbl_03067;10;gob_tbl_03263,proc_tbl_01114,dlk_tbl_01964,dash_tbl_00568,proc_tbl_01088,gob_tbl_03769,gob_ext_00379,m4vw_ext_00450,gob_ext_00224,gob_ext_00601
gob_proceso_0909;5;gob_tbl_02342,dlk_tbl_00438,gob_tbl_03780,proc_tbl_03429,dlk_tbl_01156;19;proc_tbl_03592,dlk_tbl_03232,gob_tbl_01212,proc_tbl_01937,gob_tbl_00698,dlk_tbl_03836,gob_tbl_02406,dlk_tbl_04442,gob_tbl_01668,gob_tbl_00046,proc_tbl_01564,proc_ext_00438,dash_ext_00096,m4sco_ext_00412,gob_ext_00284,gob_ext_00500,gob_ext_00476,ppn_ext_00629,dlk_ext_00069
gob_proceso_0910;6;dlk_tbl_03672,m4vw_tbl_04185,dlk_tbl_01334,dlk_tbl_01294,gob_tbl_03997,proc_tbl_04012;4;dlk_tbl_04458,gob_tbl_03219,gob_ext_00048,gob_ext_00519
gob_proceso_0911;6;std_tbl_04305,dlk_tbl_02380,proc_tbl_02470,m4vw_tbl_04349,dlk_tbl_02766,dlk_tbl_02824;10;dash_tbl_01279,dash_tbl_00888,dlk_tbl_02930,dash_tbl_03231,proc_tbl_04101,gob_tbl_03109,dash_ext_00710,gob_ext_00012,dlk_ext_00039,gob_ext_00641
dlk_proceso_0912;3;gob_tbl_02108,gob_tbl_00404,dlk_tbl_04478;4;gob_tbl_00295,dlk_tbl_04323,dlk_ext_00584,proc_ext_00083
gob_proceso_0913;3;gob_tbl_01208,gob_tbl_00664,dlk_tbl_02720;9;gob_tbl_04153,gob_tbl_04195,gob_tbl_03362,proc_tbl_00162,proc_tbl_00199,gob_ext_00525,gob_ext_00596,dlk_ext_00314,gob_ext_00716
dash_proceso_0914;2;dash_tbl_02270,dlk_tbl_04436;5;dlk_tbl_04334,gob_tbl_03895,gob_tbl_00192,gob_ext_00145,gob_ext_00229
dlk_proceso_0915;4;proc_tbl_03485,dlk_tbl_02257,proc_tbl_03385,dlk_tbl_01313;3;gob_tbl_03511,proc_tbl_02338,gob_ext_00709
gob_proceso_0916;8;m4vw_tbl_00110,dash_tbl_03255,proc_tbl_03178,gob_tbl_04321,dlk_tbl_03944,ppn_tbl_03771,proc_tbl_03495,dlk_tbl_03728;14;gob_tbl_04343,dlk_tbl_02050,gob_tbl_02690,m4vw_tbl_01851,gob_tbl_01207,std_tbl_03568,proc_tbl_00866,dlk_tbl_00818,gob_ext_00318,gob_ext_00162,dash_ext_00558,gob_ext_00149,gob_ext_00468,dlk_ext_00385
gob_proceso_0917;4;dlk_tbl_01416,dlk_tbl_01934,dlk_tbl_03037,gob_tbl_02054;4;proc_tbl_04251,proc_tbl_01272,gob_ext_00212,gob_ext_00301
proc_proceso_0918;6;dlk_tbl_03402,gob_tbl_03662,dlk_tbl_00691,dlk_tbl_04231,dash_tbl_04331,proc_tbl_02297;4;dlk_tbl_01431,dlk_tbl_04180,gob_ext_00224,gob_ext_00417
gob_proceso_0919;3;proc_tbl_03323,dlk_tbl_00197,dlk_tbl_04032;11;gob_tbl_03673,m4vw_tbl_01110,dlk_tbl_01602,gob_tbl_00783,dlk_tbl_01014,gob_tbl_02349,dash_ext_00036,gob_ext_00241,gob_ext_00145,gob_ext_00159,dlk_ext_00592
dlk_proceso_0920;7;gob_tbl_00556,dlk_tbl_02370,proc_tbl_01337,dlk_tbl_04393,dlk_tbl_01141,gob_tbl_00179,gob_tbl_02268;9;dlk_tbl_03606,gob_tbl_01467,proc_tbl_01859,std_tbl_01992,dlk_tbl_04155,dlk_ext_00144,gob_ext_00023,gob_ext_00229,gob_ext_00415
dlk_proceso_0921;4;dlk_tbl_01551,gob_tbl_01745,dash_tbl_00052,dlk_tbl_03543;10;m4vw_tbl_02127,gob_tbl_00254,proc_tbl_01620,proc_tbl_01084,std_tbl_01856,proc_tbl_01267,dlk_ext_00514,proc_ext_00077,gob_ext_00430,dlk_ext_00294
dlk_proceso_0922;2;dlk_tbl_01566,gob_tbl_01500;20;dash_tbl_02068,gob_tbl_02953,gob_tbl_03261,proc_tbl_02819,dlk_tbl_01703,proc_tbl_01875,gob_tbl_01979,dash_tbl_00944,gob_tbl_00235,gob_tbl_00396,gob_tbl_00827,proc_tbl_02327,dlk_ext_00537,dlk_ext_00043,gob_ext_00615,gob_ext_00097,gob_ext_00159,dash_ext_00271,dlk_ext_00026,proc_ext_00488
gob_proceso_0923;7;dash_tbl_01015,dlk_tbl_04350,gob_tbl_03071,proc_tbl_00684,gob_tbl_04181,dlk_tbl_02090,proc_tbl_03280;4;dlk_tbl_02046,dlk_tbl_03486,gob_ext_00401,gob_ext_00303
gob_proceso_0924;4;dlk_tbl_00627,dlk_tbl_00970,dlk_tbl_00937,dlk_tbl_03877;3;dlk_tbl_01547,dlk_tbl_04280,dlk_ext_00390
dlk_proceso_0925;6;dlk_tbl_02556,proc_tbl_01999,dash_tbl_03407,proc_tbl_01686,gob_tbl_00559,dlk_tbl_01487;11;gob_tbl_03964,gob_tbl_02487,proc_tbl_03648,proc_tbl_00365,gob_tbl_02656,dlk_tbl_03734,gob_ext_00184,dlk_ext_00502,proc_ext_00181,m4vw_ext_00403,dlk_ext_00310
gob_proceso_0926;4;dlk_tbl_00594,gob_tbl_01322,dlk_tbl_01970,dlk_tbl_00008;7;dlk_tbl_02001,dlk_tbl_03781,proc_tbl_00786,gob_tbl_02698,dlk_ext_00274,gob_ext_00180,proc_ext_00278
gob_proceso_0927;4;dlk_tbl_01539,proc_tbl_03722,gob_tbl_01480,gob_tbl_00450;11;dlk_tbl_00636,dlk_tbl_02201,std_tbl_04116,gob_tbl_03733,gob_tbl_00845,gob_tbl_00683,gob_ext_00552,gob_ext_00159,dlk_ext_00531,proc_ext_00242,gob_ext_00538
gob_proceso_0928;6;dlk_tbl_00778,dlk_tbl_01878,gob_tbl_02445,proc_tbl_02819,std_tbl_00200,dlk_tbl_03578;4;gob_tbl_03536,gob_tbl_00975,dlk_ext_00386,gob_ext_00525
gob_proceso_0929;3;proc_tbl_01135,dlk_tbl_03101,gob_tbl_01981;14;dash_tbl_02262,dash_tbl_03749,gob_tbl_02428,dlk_tbl_00286,gob_tbl_00009,proc_tbl_02862,gob_tbl_03718,dlk_tbl_00911,proc_ext_00177,proc_ext_00367,gob_ext_00318,proc_ext_00387,gob_ext_00031,gob_ext_00644
dlk_proceso_0930;3;proc_tbl_00774,gob_tbl_00198,std_tbl_00564;14;m4sco_tbl_00679,std_tbl_00945,gob_tbl_01528,gob_tbl_01085,gob_tbl_03509,dlk_tbl_01174,gob_tbl_02972,dlk_tbl_01566,proc_ext_00040,proc_ext_00281,gob_ext_00184,gob_ext_00161,gob_ext_00229,dlk_ext_00603
dlk_proceso_0931;5;dash_tbl_02790,gob_tbl_02239,gob_tbl_00295,dlk_tbl_02949,gob_tbl_02536;8;dlk_tbl_00986,dlk_tbl_02482,dlk_tbl_04057,proc_tbl_00833,gob_tbl_01736,gob_ext_00618,dlk_ext_00386,dlk_ext_00109
gob_proceso_0932;8;proc_tbl_01142,gob_tbl_00059,dash_tbl_02657,gob_tbl_03446,proc_tbl_00863,proc_tbl_02414,dlk_tbl_00509,gob_tbl_03082;10;proc_tbl_00834,dlk_tbl_02614,proc_tbl_03164,dlk_tbl_03634,dlk_tbl_02125,m4vw_tbl_03654,proc_ext_00021,dlk_ext_00109,dlk_ext_00686,dlk_ext_00393
dlk_proceso_0933;8;gob_tbl_02434,dlk_tbl_00286,dlk_tbl_03035,proc_tbl_04287,m4vw_tbl_01151,proc_tbl_00374,dlk_tbl_00307,dlk_tbl_04081;14;dlk_tbl_04341,gob_tbl_03263,proc_tbl_00799,gob_tbl_00554,dlk_tbl_04197,proc_tbl_02620,dash_tbl_02006,proc_tbl_01094,dlk_ext_00393,dash_ext_00208,proc_ext_00266,dash_ext_00433,proc_ext_00674,dlk_ext_00551
dlk_proceso_0934;6;dlk_tbl_03489,dash_tbl_02018,gob_tbl_03744,dlk_tbl_03745,gob_tbl_03833,gob_tbl_03818;6;dlk_tbl_03021,gob_tbl_00017,gob_tbl_03367,dlk_ext_00691,gob_ext_00365,dlk_ext_00342
dlk_proceso_0935;4;gob_tbl_02826,dlk_tbl_00857,dash_tbl_02548,dlk_tbl_01116;7;dlk_tbl_00674,dlk_tbl_02982,dlk_tbl_00470,dlk_tbl_03425,dlk_ext_00391,gob_ext_00076,gob_ext_00410
dash_proceso_0936;6;dlk_tbl_04413,gob_tbl_03845,gob_tbl_04333,proc_tbl_00907,proc_tbl_03616,proc_tbl_01367;15;gob_tbl_03750,gob_tbl_02278,gob_tbl_02504,dlk_tbl_03683,dlk_tbl_03512,gob_tbl_00267,gob_tbl_01058,dlk_tbl_00830,gob_tbl_01565,dlk_ext_00089,gob_ext_00563,dlk_ext_00687,dlk_ext_00142,gob_ext_00510,m4vw_ext_00450
gob_proceso_0937;3;gob_tbl_03700,gob_tbl_01742,dlk_tbl_04470;15;gob_tbl_02788,dash_tbl_01043,proc_tbl_03592,dlk_tbl_01809,dlk_tbl_00015,std_tbl_01481,proc_tbl_00301,gob_tbl_03174,proc_tbl_01643,gob_ext_00557,dlk_ext_00064,gob_ext_00594,proc_ext_00564,gob_ext_00585,proc_ext_00139
dlk_proceso_0938;4;gob_tbl_01112,std_tbl_04383,gob_tbl_04398,dlk_tbl_02435;14;proc_tbl_02958,gob_tbl_01392,gob_tbl_02488,dlk_tbl_03855,m4sco_tbl_03434,dash_tbl_00520,proc_tbl_01834,gob_tbl_03457,dlk_ext_00029,proc_ext_00404,gob_ext_00161,dlk_ext_00314,dlk_ext_00064,dlk_ext_00561
proc_proceso_0939;6;dlk_tbl_04098,proc_tbl_03359,gob_tbl_01895,dlk_tbl_01941,gob_tbl_01479,dlk_tbl_04452;11;dlk_tbl_00037,ppn_tbl_03202,gob_tbl_00952,dlk_tbl_01681,gob_tbl_03545,dlk_tbl_00452,proc_ext_00657,dlk_ext_00703,std_ext_00092,proc_ext_00416,proc_ext_00281
proc_proceso_0940;2;gob_tbl_04368,dlk_tbl_02709;7;dlk_tbl_04437,gob_tbl_00545,dash_tbl_00767,dash_tbl_00933,dlk_ext_00024,dlk_ext_00465,dlk_ext_00691
dlk_proceso_0941;3;dash_tbl_02739,gob_tbl_02662,dlk_tbl_04167;12;gob_tbl_02307,gob_tbl_02756,dash_tbl_02994,proc_tbl_02433,gob_tbl_01346,gob_tbl_03680,gob_tbl_00978,gob_ext_00618,gob_ext_00012,dlk_ext_00609,dlk_ext_00660,gob_ext_00352
dlk_proceso_0942;5;dlk_tbl_03145,gob_tbl_01542,dash_tbl_01731,dlk_tbl_00662,dlk_tbl_03706;11;dlk_tbl_03078,dlk_tbl_01362,gob_tbl_00548,gob_tbl_04080,proc_tbl_00170,gob_tbl_00227,dash_ext_00409,dash_ext_00182,dlk_ext_00600,dlk_ext_00569,dlk_ext_00015
gob_proceso_0943;5;gob_tbl_04435,dash_tbl_03413,gob_tbl_03304,std_tbl_01847,dlk_tbl_02156;8;gob_tbl_03750,gob_tbl_04003,gob_tbl_03940,dash_tbl_02192,dash_tbl_03839,gob_ext_00373,gob_ext_00338,proc_ext_00605
dlk_proceso_0944;2;proc_tbl_01072,dlk_tbl_02107;6;gob_tbl_02464,proc_tbl_03767,dlk_tbl_02169,proc_ext_00077,dlk_ext_00374,gob_ext_00130
gob_proceso_0945;5;dlk_tbl_03204,m4vw_tbl_01498,proc_tbl_00406,dlk_tbl_03632,m4sco_tbl_04426;14;ppn_tbl_04340,gob_tbl_03131,gob_tbl_00023,dlk_tbl_02891,gob_tbl_02139,dlk_tbl_04002,gob_tbl_02760,dlk_tbl_04218,gob_ext_00081,proc_ext_00290,dlk_ext_00374,gob_ext_00037,ppn_ext_00360,dlk_ext_00597
proc_proceso_0946;5;proc_tbl_01406,gob_tbl_02186,gob_tbl_01653,proc_tbl_01442,dash_tbl_03838;7;gob_tbl_03842,m4vw_tbl_03604,dlk_tbl_02211,dlk_tbl_03595,dlk_ext_00064,m4vw_ext_00670,gob_ext_00082
dash_proceso_0947;2;gob_tbl_01207,dlk_tbl_03442;7;gob_tbl_01631,dlk_tbl_03224,gob_tbl_02686,dlk_tbl_02939,gob_ext_00301,dlk_ext_00211,gob_ext_00706
proc_proceso_0948;6;gob_tbl_02103,gob_tbl_03876,gob_tbl_04188,dlk_tbl_03135,gob_tbl_03684,dlk_tbl_04423;8;dlk_tbl_04112,gob_tbl_03163,dash_tbl_00357,dlk_tbl_02471,gob_tbl_00836,proc_ext_00349,gob_ext_00620,dlk_ext_00431
gob_proceso_0949;3;gob_tbl_02509,gob_tbl_01314,dlk_tbl_03285;14;proc_tbl_03592,proc_tbl_01401,m4vw_tbl_04185,gob_tbl_03979,gob_tbl_00755,gob_tbl_02460,gob_tbl_00521,dlk_tbl_00441,proc_ext_00669,proc_ext_00000,gob_ext_00381,dlk_ext_00344,proc_ext_00336,gob_ext_00148
proc_proceso_0950;4;dlk_tbl_01335,gob_tbl_04345,proc_tbl_01429,proc_tbl_00834;7;std_tbl_00984,gob_tbl_03820,gob_tbl_01342,dlk_tbl_01845,dash_ext_00271,gob_ext_00464,proc_ext_00383
dlk_proceso_0951;6;m4sco_tbl_03242,gob_tbl_04466,std_tbl_02475,proc_tbl_00866,gob_tbl_03633,gob_tbl_04422;13;gob_tbl_01132,proc_tbl_00714,proc_tbl_01680,dash_tbl_03727,gob_tbl_02774,dlk_tbl_00961,gob_tbl_00048,gob_ext_00449,dlk_ext_00397,proc_ext_00243,dlk_ext_00194,dlk_ext_00158,gob_ext_00165
dash_proceso_0952;5;dlk_tbl_03615,dlk_tbl_01183,dlk_tbl_02177,gob_tbl_02991,gob_tbl_01527;12;dlk_tbl_04418,gob_tbl_02814,dlk_tbl_02482,gob_tbl_04072,dlk_tbl_02561,dlk_tbl_02913,gob_tbl_02139,dlk_ext_00111,proc_ext_00150,dlk_ext_00481,dlk_ext_00368,gob_ext_00520
dlk_proceso_0953;5;proc_tbl_00016,gob_tbl_01163,m4sco_tbl_03166,gob_tbl_02497,dlk_tbl_00153;14;dlk_tbl_00661,proc_tbl_01307,proc_tbl_02183,gob_tbl_03397,gob_tbl_01969,gob_tbl_03843,proc_tbl_00252,dlk_tbl_02799,proc_ext_00197,proc_ext_00290,gob_ext_00180,gob_ext_00486,dlk_ext_00222,proc_ext_00077
proc_proceso_0954;3;dlk_tbl_03108,gob_tbl_02174,dlk_tbl_01951;5;gob_tbl_03691,gob_tbl_03159,proc_tbl_04055,gob_ext_00318,std_ext_00560
dlk_proceso_0955;4;proc_tbl_02376,m4vw_tbl_04244,proc_tbl_00482,gob_tbl_00994;4;dlk_tbl_03068,gob_tbl_03362,proc_ext_00169,gob_ext_00611
dlk_proceso_0956;3;dlk_tbl_04264,dash_tbl_02312,proc_tbl_02838;5;dash_tbl_04120,dlk_tbl_04323,gob_tbl_02859,dlk_ext_00359,gob_ext_00563
dlk_proceso_0957;4;dash_tbl_00520,gob_tbl_03587,dash_tbl_00568,dlk_tbl_02437;6;gob_tbl_03548,gob_tbl_00075,dlk_tbl_04472,proc_ext_00427,gob_ext_00698,proc_ext_00243
gob_proceso_0958;7;dlk_tbl_00542,proc_tbl_00939,dlk_tbl_01037,dlk_tbl_00441,dlk_tbl_01572,gob_tbl_02253,dlk_tbl_00555;9;dlk_tbl_04191,gob_tbl_01965,gob_tbl_03639,m4vw_tbl_03604,dlk_tbl_02824,dlk_ext_00583,gob_ext_00708,dlk_ext_00288,dlk_ext_00022
gob_proceso_0959;3;dlk_tbl_04401,dash_tbl_00654,m4sco_tbl_01236;6;gob_tbl_03409,dlk_tbl_01095,proc_tbl_02531,gob_ext_00161,gob_ext_00333,gob_ext_00607
dlk_proceso_0960;5;gob_tbl_03791,gob_tbl_01199,dlk_tbl_00389,m4vw_tbl_00099,dlk_tbl_01691;7;dlk_tbl_02223,proc_tbl_00164,dlk_tbl_03805,dlk_tbl_00712,gob_ext_00223,dlk_ext_00551,gob_ext_00329
dlk_proceso_0961;3;gob_tbl_01736,proc_tbl_03315,std_tbl_00759;5;gob_tbl_01101,gob_tbl_01684,gob_tbl_02607,proc_ext_00090,dlk_ext_00359
dlk_proceso_0962;3;std_tbl_02835,gob_tbl_01738,gob_tbl_04162;14;gob_tbl_01165,dlk_tbl_00096,dash_tbl_04087,proc_tbl_01154,gob_tbl_02010,dlk_tbl_04124,gob_tbl_03500,gob_tbl_02966,gob_ext_00080,dlk_ext_00153,gob_ext_00362,dlk_ext_00425,proc_ext_00146,dlk_ext_00627
dash_proceso_0963;3;dlk_tbl_01639,proc_tbl_00354,dlk_tbl_02305;8;proc_tbl_03922,dlk_tbl_01302,gob_tbl_00719,gob_tbl_00982,gob_tbl_01698,dlk_ext_00656,gob_ext_00530,gob_ext_00617
gob_proceso_0964;2;dlk_tbl_02028,gob_tbl_01126;6;proc_tbl_01382,dlk_tbl_04470,gob_tbl_03903,dlk_ext_00569,proc_ext_00526,dlk_ext_00465
dlk_proceso_0965;3;gob_tbl_03864,gob_tbl_01306,gob_tbl_00663;11;dlk_tbl_01183,dash_tbl_01522,gob_tbl_02512,gob_tbl_03267,dlk_tbl_01761,m4sco_tbl_00343,dlk_ext_00482,gob_ext_00117,gob_ext_00617,gob_ext_00556,dlk_ext_00461
dlk_proceso_0966;5;dlk_tbl_00763,gob_tbl_00346,gob_tbl_01532,dash_tbl_04199,dlk_tbl_02671;7;gob_tbl_00308,gob_tbl_03703,gob_tbl_04153,proc_tbl_03674,dlk_ext_00640,gob_ext_00320,dlk_ext_00664
dash_proceso_0967;6;gob_tbl_01524,dlk_tbl_02585,dash_tbl_01117,dlk_tbl_03106,gob_tbl_01668,dlk_tbl_02453;15;dlk_tbl_01750,proc_tbl_03641,dlk_tbl_03939,dlk_tbl_01970,dlk_tbl_04156,dlk_tbl_02335,gob_tbl_02443,dlk_tbl_01792,std_tbl_04305,gob_ext_00378,proc_ext_00643,dash_ext_00025,proc_ext_00243,dlk_ext_00385,gob_ext_00418
dlk_proceso_0968;4;dlk_tbl_02647,ppn_tbl_01657,proc_tbl_01956,gob_tbl_01324;4;dlk_tbl_01078,proc_tbl_01258,dlk_ext_00258,gob_ext_00694
dlk_proceso_0969;6;dlk_tbl_00011,dlk_tbl_04418,gob_tbl_02073,dlk_tbl_03888,gob_tbl_02549,proc_tbl_01042;21;dlk_tbl_00224,gob_tbl_00892,gob_tbl_00886,gob_tbl_01122,gob_tbl_00583,gob_tbl_03750,dlk_tbl_03240,dash_tbl_03765,gob_tbl_00398,dlk_tbl_00420,dash_tbl_01019,m4vw_tbl_02795,gob_ext_00524,proc_ext_00566,dlk_ext_00606,gob_ext_00509,proc_ext_00501,dlk_ext_00005,dlk_ext_00335,dlk_ext_00029,gob_ext_00478
dlk_proceso_0970;5;proc_tbl_03882,proc_tbl_02100,dash_tbl_00957,dlk_tbl_02081,dlk_tbl_01087;11;gob_tbl_03788,proc_tbl_01123,gob_tbl_01828,proc_tbl_00363,dlk_tbl_00010,dlk_tbl_03599,gob_ext_00684,dlk_ext_00393,dlk_ext_00395,dlk_ext_00368,dlk_ext_00363
proc_proceso_0971;4;proc_tbl_01789,proc_tbl_03669,gob_tbl_01346,proc_tbl_01829;13;gob_tbl_00545,dlk_tbl_02004,proc_tbl_01827,dlk_tbl_00600,proc_tbl_04324,dlk_tbl_03892,dlk_tbl_00341,gob_ext_00476,gob_ext_00056,dash_ext_00590,gob_ext_00134,proc_ext_00383,dlk_ext_00374
gob_proceso_0972;5;proc_tbl_00694,proc_tbl_04169,gob_tbl_02892,gob_tbl_01351,gob_tbl_00899;8;dlk_tbl_03951,gob_tbl_02027,dlk_tbl_00008,proc_tbl_00406,proc_tbl_03203,dlk_ext_00461,gob_ext_00285,gob_ext_00699
dlk_proceso_0973;3;gob_tbl_00451,gob_tbl_03286,dash_tbl_01930;14;gob_tbl_03497,gob_tbl_03088,proc_tbl_01348,dlk_tbl_00921,gob_tbl_01295,dlk_tbl_02580,dash_tbl_01115,dash_tbl_02909,proc_ext_00131,m4sco_ext_00007,dlk_ext_00687,gob_ext_00628,gob_ext_00175,ppn_ext_00306
dlk_proceso_0974;8;dlk_tbl_00578,std_tbl_01021,dlk_tbl_00465,gob_tbl_01886,gob_tbl_02983,proc_tbl_02234,gob_tbl_03398,gob_tbl_03302;24;gob_tbl_02788,gob_tbl_00978,proc_tbl_00368,dlk_tbl_00373,dlk_tbl_01616,gob_tbl_00205,gob_tbl_01049,m4vw_tbl_00671,dlk_tbl_02008,gob_tbl_04201,gob_tbl_02849,gob_tbl_01728,proc_tbl_03314,dlk_tbl_01988,proc_ext_00654,proc_ext_00413,dlk_ext_00681,gob_ext_00362,gob_ext_00321,gob_ext_00323,proc_ext_00429,dlk_ext_00374,gob_ext_00568,proc_ext_00472
dlk_proceso_0975;6;gob_tbl_02010,gob_tbl_01202,gob_tbl_02665,proc_tbl_01662,gob_tbl_00971,m4sco_tbl_01853;11;gob_tbl_02857,proc_tbl_01272,std_tbl_04348,gob_tbl_02989,gob_tbl_03864,gob_tbl_02423,dlk_ext_00714,std_ext_00560,dlk_ext_00676,gob_ext_00273,dlk_ext_00444
proc_proceso_0976;3;gob_tbl_00095,dlk_tbl_03486,proc_tbl_02366;9;std_tbl_00945,gob_tbl_02131,dlk_tbl_03516,dlk_tbl_02263,dash_tbl_03764,proc_ext_00150,m4vw_ext_00670,dlk_ext_00018,ppn_ext_00073
dlk_proceso_0977;7;dlk_tbl_03907,gob_tbl_04447,gob_tbl_04261,gob_tbl_01128,dlk_tbl_03412,dlk_tbl_00712,dlk_tbl_01265;1;gob_tbl_03963
dlk_proceso_0978;4;gob_tbl_04375,dlk_tbl_03062,proc_tbl_03913,dash_tbl_01585;7;dlk_tbl_03049,dlk_tbl_00031,dlk_tbl_04060,dlk_tbl_00165,gob_ext_00628,dlk_ext_00341,gob_ext_00031
gob_proceso_0979;8;std_tbl_04347,dlk_tbl_02361,dlk_tbl_04296,gob_tbl_01004,gob_tbl_02007,gob_tbl_03443,gob_tbl_02123,dlk_tbl_01655;5;gob_tbl_00574,dlk_tbl_03421,std_tbl_03915,dash_ext_00593,gob_ext_00362
gob_proceso_0980;5;dlk_tbl_03914,gob_tbl_01728,dlk_tbl_02107,std_tbl_01341,gob_tbl_01167;16;gob_tbl_03673,std_tbl_01370,dlk_tbl_03985,dash_tbl_00549,dash_tbl_01466,gob_tbl_01327,dlk_tbl_03505,dlk_tbl_00307,proc_tbl_00645,std_ext_00092,dlk_ext_00448,proc_ext_00399,gob_ext_00202,proc_ext_00062,dlk_ext_00561,dlk_ext_00393
proc_proceso_0981;4;proc_tbl_03060,gob_tbl_01569,std_tbl_01481,m4vw_tbl_01555;4;gob_tbl_03826,m4vw_tbl_01296,dlk_ext_00664,gob_ext_00212
dlk_proceso_0982;4;dlk_tbl_00039,dlk_tbl_04247,gob_tbl_02646,gob_tbl_01787;12;dash_tbl_02207,proc_tbl_04249,gob_tbl_00308,std_tbl_00453,proc_tbl_04099,dlk_tbl_00509,gob_tbl_00506,gob_ext_00585,dash_ext_00409,dlk_ext_00385,dash_ext_00590,gob_ext_00624
dlk_proceso_0983;8;dlk_tbl_02191,gob_tbl_03905,proc_tbl_03924,proc_tbl_02520,std_tbl_01735,dlk_tbl_03436,proc_tbl_01769,dlk_tbl_02163;19;gob_tbl_01976,dlk_tbl_02689,dlk_tbl_01617,proc_tbl_01003,dlk_tbl_01201,dlk_tbl_02999,gob_tbl_00081,dlk_tbl_04180,proc_tbl_04028,proc_tbl_00301,proc_tbl_02236,gob_ext_00541,dlk_ext_00211,proc_ext_00215,dlk_ext_00095,gob_ext_00014,gob_ext_00080,gob_ext_00525,gob_ext_00419
proc_proceso_0984;5;dlk_tbl_01985,gob_tbl_02426,gob_tbl_03356,proc_tbl_02183,dlk_tbl_01868;7;m4vw_tbl_04243,gob_tbl_02712,proc_tbl_04318,dlk_tbl_02095,gob_ext_00415,proc_ext_00508,dlk_ext_00071
gob_proceso_0985;6;gob_tbl_02836,gob_tbl_03077,dlk_tbl_03730,proc_tbl_02825,dlk_tbl_01078,std_tbl_00984;16;gob_tbl_03432,gob_tbl_01228,gob_tbl_02073,dlk_tbl_04135,gob_tbl_03396,dlk_tbl_01710,dlk_tbl_00717,dlk_tbl_04240,gob_tbl_02522,dash_ext_00710,dlk_ext_00119,dlk_ext_00089,gob_ext_00557,proc_ext_00181,gob_ext_00031,dlk_ext_00361
dlk_proceso_0986;3;gob_tbl_03881,dlk_tbl_02939,dlk_tbl_02697;7;dlk_tbl_01627,proc_tbl_04268,dlk_tbl_03622,gob_tbl_00760,ppn_ext_00629,m4sco_ext_00007,dlk_ext_00411
dlk_proceso_0987;5;gob_tbl_02181,dash_tbl_03024,dlk_tbl_04280,proc_tbl_01550,dlk_tbl_01629;10;gob_tbl_02606,dlk_tbl_03831,gob_tbl_02981,dlk_tbl_02525,proc_tbl_01518,dash_tbl_01982,gob_ext_00303,gob_ext_00706,gob_ext_00307,dlk_ext_00600
dlk_proceso_0988;5;gob_tbl_02431,proc_tbl_01154,std_tbl_04281,dlk_tbl_02459,gob_tbl_02313;10;dlk_tbl_03095,dlk_tbl_01219,gob_tbl_02867,dlk_tbl_03056,m4vw_tbl_00616,dlk_tbl_03039,gob_ext_00253,gob_ext_00673,dash_ext_00567,gob_ext_00509
gob_proceso_0989;7;gob_tbl_03596,dlk_tbl_03347,dlk_tbl_04179,gob_tbl_04212,dlk_tbl_03339,dlk_tbl_03418,dlk_tbl_04090;15;proc_tbl_00907,dash_tbl_00825,dlk_tbl_03199,dlk_tbl_00037,gob_tbl_03052,proc_tbl_02984,proc_tbl_02231,proc_tbl_01289,gob_tbl_02723,dlk_ext_00136,gob_ext_00624,gob_ext_00134,gob_ext_00088,proc_ext_00459,dlk_ext_00711
gob_proceso_0990;5;gob_tbl_02714,gob_tbl_00001,dlk_tbl_01044,gob_tbl_03558,proc_tbl_01121;15;std_tbl_00443,gob_tbl_02596,dlk_tbl_03805,gob_tbl_01979,m4sco_tbl_01456,proc_tbl_01506,dlk_tbl_02611,std_tbl_03365,dash_tbl_01877,gob_ext_00080,m4vw_ext_00462,dlk_ext_00610,gob_ext_00014,gob_ext_00362,dlk_ext_00395
dash_proceso_0991;4;dlk_tbl_01153,gob_tbl_02920,gob_tbl_00457,dlk_tbl_01373;11;dlk_tbl_01971,dlk_tbl_04009,dlk_tbl_04284,dlk_tbl_00409,gob_tbl_02476,gob_tbl_00433,dlk_ext_00516,gob_ext_00303,dlk_ext_00315,proc_ext_00137,dlk_ext_00461
dlk_proceso_0992;8;proc_tbl_00203,dlk_tbl_02888,dlk_tbl_03199,dash_tbl_01317,dlk_tbl_03415,proc_tbl_02326,dlk_tbl_00211,dlk_tbl_00053;23;gob_tbl_04424,gob_tbl_03653,std_tbl_00668,proc_tbl_03142,gob_tbl_03729,gob_tbl_02174,dlk_tbl_00201,gob_tbl_02086,dlk_tbl_00791,proc_tbl_00529,proc_tbl_02295,m4sco_tbl_01782,dlk_tbl_02718,gob_ext_00673,gob_ext_00484,dlk_ext_00173,dlk_ext_00192,dash_ext_00549,gob_ext_00079,gob_ext_00323,proc_ext_00536,gob_ext_00268,dlk_ext_00211
gob_proceso_0993;5;gob_tbl_02956,gob_tbl_02466,dlk_tbl_03439,dlk_tbl_03504,dlk_tbl_00590;11;dlk_tbl_02201,dlk_tbl_03467,dlk_tbl_02954,gob_tbl_03205,gob_tbl_00085,dlk_tbl_04418,dlk_ext_00377,proc_ext_00621,dlk_ext_00537,proc_ext_00674,gob_ext_00616
gob_proceso_0994;4;gob_tbl_04201,dlk_tbl_03884,dash_tbl_00320,proc_tbl_00808;13;proc_tbl_00983,dlk_tbl_02722,dash_tbl_03322,dlk_tbl_01948,gob_tbl_02540,m4vw_tbl_00671,std_tbl_01856,dlk_ext_00127,dlk_ext_00039,gob_ext_00651,gob_ext_00156,gob_ext_00250,gob_ext_00318
gob_proceso_0995;3;std_tbl_01929,proc_tbl_00003,std_tbl_00591;9;dlk_tbl_02891,dlk_tbl_00918,proc_tbl_03061,proc_tbl_03314,gob_tbl_01567,dlk_ext_00276,gob_ext_00509,proc_ext_00090,dlk_ext_00015
dlk_proceso_0996;6;dlk_tbl_00428,gob_tbl_03375,proc_tbl_03200,dash_tbl_00848,m4vw_tbl_02127,gob_tbl_02905;4;proc_tbl_01419,gob_tbl_03163,gob_ext_00037,gob_ext_00191
dlk_proceso_0997;6;dlk_tbl_04066,gob_tbl_03484,gob_tbl_02491,gob_tbl_01424,m4vw_tbl_00486,dlk_tbl_02786;15;ppn_tbl_02642,dlk_tbl_02680,ppn_tbl_02863,dlk_tbl_00441,gob_tbl_02377,dlk_tbl_00219,dash_tbl_04165,gob_tbl_02987,dlk_tbl_02292,ppn_ext_00360,dlk_ext_00676,proc_ext_00413,gob_ext_00498,dlk_ext_00402,dlk_ext_00469
proc_proceso_0998;5;gob_tbl_04036,dlk_tbl_01120,gob_tbl_04025,dlk_tbl_03093,dlk_tbl_00265;10;dlk_tbl_00572,proc_tbl_03712,gob_tbl_01346,proc_tbl_00853,gob_tbl_02564,gob_tbl_03146,gob_ext_00106,m4vw_ext_00692,proc_ext_00207,gob_ext_00633
dash_proceso_0999;7;dash_tbl_03188,gob_tbl_02873,std_tbl_01856,proc_tbl_00134,gob_tbl_02109,proc_tbl_00727,dlk_tbl_01318;11;dlk_tbl_02609,proc_tbl_03377,dlk_tbl_02158,gob_tbl_00023,gob_tbl_04186,std_tbl_02510,gob_ext_00708,gob_ext_00250,dlk_ext_00522,gob_ext_00423,dlk_ext_00650
