DAG;NumTablasAlimenta;TablasAlimenta;NumTablasAlimentan;TablasAlimentan
dlk_proceso_0000;5;dlk_tbl_00131,dlk_tbl_01222,dlk_tbl_02006,gob_tbl_02879,gob_tbl_02774;7;dlk_tbl_02825,dlk_tbl_01741,proc_tbl_01776,dlk_tbl_02988,gob_ext_00041,dlk_ext_00486,dash_ext_00165
dlk_proceso_0001;2;gob_tbl_03303,dlk_tbl_02700;12;gob_tbl_02228,dlk_tbl_02647,proc_tbl_02772,gob_tbl_00690,gob_tbl_02883,dlk_tbl_02942,dlk_tbl_03161,gob_ext_00425,dlk_ext_00259,gob_ext_00454,gob_ext_00226,proc_ext_00357
dlk_proceso_0002;5;dlk_tbl_01507,dash_tbl_01147,dlk_tbl_00132,dash_tbl_01823,gob_tbl_00467;13;gob_tbl_02192,dlk_tbl_00360,dlk_tbl_01475,proc_tbl_00410,gob_tbl_01380,dlk_tbl_01020,gob_tbl_03084,dlk_ext_00287,dash_ext_00088,dash_ext_00175,dlk_ext_00386,dash_ext_00236,gob_ext_00167
dlk_proceso_0003;2;proc_tbl_00364,gob_tbl_02662;6;gob_tbl_01936,gob_tbl_01336,gob_tbl_01415,gob_ext_00388,gob_ext_00493,dlk_ext_00252
dlk_proceso_0004;6;dlk_tbl_00002,dlk_tbl_02045,gob_tbl_02991,gob_tbl_00553,dlk_tbl_00568,gob_tbl_02560;4;gob_tbl_03082,gob_tbl_02418,m4vw_ext_00307,dlk_ext_00066
dlk_proceso_0005;6;gob_tbl_01288,gob_tbl_03007,proc_tbl_00029,dlk_tbl_02458,dlk_tbl_02459,dash_tbl_01539;12;gob_tbl_01341,dlk_tbl_03032,gob_tbl_00828,dlk_tbl_00732,gob_tbl_01099,proc_tbl_01081,dlk_tbl_00551,gob_ext_00256,gob_ext_00179,dlk_ext_00485,gob_ext_00415,gob_ext_00048
dash_proceso_0006;4;dlk_tbl_02667,gob_tbl_00490,dash_tbl_00830,gob_tbl_02782;11;dlk_tbl_02521,proc_tbl_02178,proc_tbl_00278,std_tbl_02037,gob_tbl_02725,dlk_tbl_00749,dlk_ext_00108,dlk_ext_00375,gob_ext_00011,std_ext_00396,proc_ext_00237
dlk_proceso_0007;4;dlk_tbl_01780,proc_tbl_00644,gob_tbl_02255,gob_tbl_01665;12;dlk_tbl_02272,dash_tbl_01129,proc_tbl_02536,gob_tbl_00019,m4sco_tbl_02836,dlk_tbl_02327,dlk_tbl_02181,dlk_ext_00296,gob_ext_00329,gob_ext_00403,gob_ext_00077,dlk_ext_00284
dash_proceso_0008;4;std_tbl_01576,dlk_tbl_00308,gob_tbl_01593,gob_tbl_02090;12;gob_tbl_02788,dlk_tbl_02004,gob_tbl_00882,dash_tbl_01866,gob_tbl_01006,m4sco_tbl_01570,dlk_tbl_00362,proc_ext_00228,dlk_ext_00164,gob_ext_00194,dlk_ext_00124,gob_ext_00168
gob_proceso_0009;3;dlk_tbl_00153,proc_tbl_00750,proc_tbl_00374;4;gob_tbl_01099,gob_tbl_01435,dlk_ext_00370,gob_ext_00085
proc_proceso_0010;3;gob_tbl_02292,dash_tbl_00215,gob_tbl_01771;13;std_tbl_02154,dlk_tbl_02239,gob_tbl_01521,dlk_tbl_01794,dash_tbl_00921,gob_tbl_02560,gob_tbl_01234,dlk_ext_00075,gob_ext_00201,dlk_ext_00145,proc_ext_00281,dlk_ext_00170,gob_ext_00086
gob_proceso_0011;6;std_tbl_01107,m4vw_tbl_00505,gob_tbl_01790,gob_tbl_02839,gob_tbl_02024,gob_tbl_02517;9;gob_tbl_02554,dlk_tbl_00725,dlk_tbl_02079,gob_tbl_01660,dash_tbl_00946,gob_ext_00490,proc_ext_00032,gob_ext_00392,dlk_ext_00450
proc_proceso_0012;4;gob_tbl_03015,gob_tbl_00054,std_tbl_01803,ppn_tbl_03311;7;gob_tbl_00605,proc_tbl_00410,proc_tbl_01404,dash_tbl_02600,dlk_ext_00450,gob_ext_00446,gob_ext_00017
dlk_proceso_0013;4;m4sco_tbl_02061,dlk_tbl_01543,dlk_tbl_02827,dlk_tbl_01589;10;dash_tbl_02553,gob_tbl_00911,dlk_tbl_00684,dlk_tbl_01961,gob_tbl_01896,dash_tbl_01724,dlk_ext_00375,gob_ext_00449,dlk_ext_00104,dlk_ext_00221
gob_proceso_0014;4;proc_tbl_01982,proc_tbl_01605,dlk_tbl_01686,dlk_tbl_00003;10;gob_tbl_03114,dlk_tbl_01080,proc_tbl_00876,dlk_tbl_01421,dlk_tbl_03266,proc_tbl_03115,dlk_ext_00178,dlk_ext_00298,gob_ext_00097,gob_ext_00417
proc_proceso_0015;7;gob_tbl_02062,dlk_tbl_00453,dlk_tbl_01796,m4sco_tbl_01105,dlk_tbl_00732,dash_tbl_02976,proc_tbl_02393;4;gob_tbl_01038,gob_tbl_03323,proc_ext_00435,dlk_ext_00450
proc_proceso_0016;7;dlk_tbl_02851,std_tbl_02669,gob_tbl_02080,dlk_tbl_02634,m4sco_tbl_01570,proc_tbl_02049,std_tbl_01474;1;proc_tbl_00170
gob_proceso_0017;5;dlk_tbl_02817,dlk_tbl_02007,m4sco_tbl_00880,dash_tbl_01285,proc_tbl_00278;15;dlk_tbl_01900,dlk_tbl_02801,dlk_tbl_02961,proc_tbl_03193,gob_tbl_00196,dash_tbl_00021,gob_tbl_01909,gob_tbl_01339,dlk_tbl_03024,gob_ext_00322,dlk_ext_00126,dash_ext_00265,dlk_ext_00059,gob_ext_00364,proc_ext_00383
gob_proceso_0018;2;std_tbl_00620,gob_tbl_02170;9;m4sco_tbl_00253,gob_tbl_03197,dash_tbl_00626,dlk_tbl_02325,gob_tbl_01737,proc_ext_00218,dlk_ext_00447,dlk_ext_00485,dlk_ext_00093
gob_proceso_0019;3;proc_tbl_00650,proc_tbl_02364,dlk_tbl_00493;5;proc_tbl_00049,proc_tbl_02278,dlk_tbl_03009,proc_ext_00367,proc_ext_00047
gob_proceso_0020;6;proc_tbl_01578,gob_tbl_00371,dlk_tbl_00258,dlk_tbl_01395,gob_tbl_00160,gob_tbl_03287;6;gob_tbl_01401,dash_tbl_00006,dash_tbl_03021,std_ext_00396,gob_ext_00407,dlk_ext_00158
dlk_proceso_0021;4;gob_tbl_02947,proc_tbl_00803,gob_tbl_03103,dlk_tbl_01016;10;gob_tbl_02608,dash_tbl_01866,dlk_tbl_03109,dlk_tbl_01451,gob_tbl_00941,dlk_tbl_02274,dash_ext_00335,gob_ext_00326,dlk_ext_00298,dlk_ext_00486
gob_proceso_0022;3;dlk_tbl_02994,dash_tbl_01560,gob_tbl_00908;14;gob_tbl_00115,proc_tbl_03116,gob_tbl_01701,dlk_tbl_02627,dash_tbl_00460,dlk_tbl_03223,gob_tbl_01075,gob_tbl_00592,dlk_ext_00221,gob_ext_00267,gob_ext_00064,proc_ext_00306,gob_ext_00352,dlk_ext_00296
dlk_proceso_0023;2;m4vw_tbl_00269,gob_tbl_00399;15;gob_tbl_02290,m4vw_tbl_02347,proc_tbl_00346,dash_tbl_00215,gob_tbl_00690,gob_tbl_02983,gob_tbl_03082,dash_tbl_00840,gob_tbl_01991,gob_ext_00406,gob_ext_00051,dlk_ext_00152,gob_ext_00037,proc_ext_00306,proc_ext_00035
proc_proceso_0024;3;gob_tbl_01950,gob_tbl_02304,proc_tbl_02650;12;dlk_tbl_01143,gob_tbl_02326,gob_tbl_01764,dlk_tbl_00285,gob_tbl_01201,dlk_tbl_02380,proc_tbl_02501,proc_ext_00209,gob_ext_00215,m4vw_ext_00451,proc_ext_00054,dlk_ext_00221
dlk_proceso_0025;5;dash_tbl_00028,gob_tbl_01012,dlk_tbl_00263,gob_tbl_02280,dlk_tbl_02970;5;dlk_tbl_00938,m4sco_tbl_00894,dash_tbl_02818,dash_ext_00036,gob_ext_00260
gob_proceso_0026;6;dlk_tbl_00999,gob_tbl_03197,gob_tbl_00781,proc_tbl_00381,proc_tbl_02819,gob_tbl_02960;10;proc_tbl_02693,dash_tbl_01067,gob_tbl_00734,proc_tbl_02341,dlk_tbl_03279,gob_tbl_02908,dlk_ext_00158,dash_ext_00314,gob_ext_00416,gob_ext_00446
proc_proceso_0027;4;proc_tbl_03267,proc_tbl_03190,gob_tbl_02499,gob_tbl_01944;14;gob_tbl_03008,gob_tbl_01093,dash_tbl_00460,gob_tbl_00796,std_tbl_02854,proc_tbl_02276,dlk_tbl_01056,gob_tbl_01301,m4vw_ext_00299,dlk_ext_00413,dlk_ext_00485,gob_ext_00184,dlk_ext_00166,gob_ext_00393
dlk_proceso_0028;3;dlk_tbl_01508,gob_tbl_01843,dlk_tbl_01993;13;gob_tbl_01793,proc_tbl_02852,dlk_tbl_01983,dlk_tbl_03329,gob_tbl_01837,dlk_tbl_02181,dash_tbl_01715,dlk_ext_00440,dlk_ext_00477,dash_ext_00036,dlk_ext_00164,gob_ext_00147,proc_ext_00423
dlk_proceso_0029;6;dlk_tbl_01811,proc_tbl_03159,gob_tbl_01835,dash_tbl_02728,dlk_tbl_01328,gob_tbl_03299;6;gob_tbl_00911,proc_tbl_02247,dash_tbl_00215,gob_ext_00204,gob_ext_00415,proc_ext_00303
dlk_proceso_0030;4;dash_tbl_02929,m4vw_tbl_03065,dlk_tbl_00848,dlk_tbl_03011;7;dlk_tbl_01384,ppn_tbl_01262,std_tbl_00804,gob_tbl_03330,dlk_ext_00292,dlk_ext_00379,dlk_ext_00439
gob_proceso_0031;7;std_tbl_00288,gob_tbl_02248,proc_tbl_01379,gob_tbl_02624,gob_tbl_01462,m4vw_tbl_02685,gob_tbl_01657;9;proc_tbl_02114,dlk_tbl_01113,dlk_tbl_01611,gob_tbl_03171,dash_tbl_03200,dash_ext_00002,proc_ext_00121,dash_ext_00175,gob_ext_00256
dlk_proceso_0032;3;dlk_tbl_02203,dlk_tbl_00125,gob_tbl_02931;8;dash_tbl_00921,dlk_tbl_00810,m4sco_tbl_00305,proc_tbl_01195,proc_tbl_01404,dlk_ext_00221,dash_ext_00165,dash_ext_00433
gob_proceso_0033;7;dlk_tbl_02389,proc_tbl_01246,proc_tbl_01885,proc_tbl_01181,dlk_tbl_02309,gob_tbl_01902,dash_tbl_01216;11;m4vw_tbl_01897,dlk_tbl_03221,gob_tbl_00115,proc_tbl_00138,proc_tbl_00117,gob_tbl_01998,m4vw_ext_00299,gob_ext_00186,dlk_ext_00360,dlk_ext_00343,dlk_ext_00093
dlk_proceso_0034;5;dlk_tbl_01826,proc_tbl_01752,proc_tbl_02088,proc_tbl_01174,dash_tbl_01410;8;dash_tbl_01988,proc_tbl_00906,dlk_tbl_02325,dlk_tbl_01858,dlk_tbl_02183,m4sco_ext_00117,dlk_ext_00079,gob_ext_00388
gob_proceso_0035;5;proc_tbl_01548,gob_tbl_00210,proc_tbl_02381,gob_tbl_02356,dlk_tbl_01449;8;gob_tbl_03102,proc_tbl_00102,dlk_tbl_02592,gob_tbl_01518,dlk_tbl_02578,dlk_ext_00221,gob_ext_00245,gob_ext_00406
dash_proceso_0036;4;proc_tbl_02331,dlk_tbl_00538,gob_tbl_00976,dlk_tbl_01180;4;proc_tbl_00638,std_tbl_00482,dlk_ext_00491,dash_ext_00088
dash_proceso_0037;4;proc_tbl_00191,gob_tbl_02176,dlk_tbl_03026,gob_tbl_00556;12;proc_tbl_02177,gob_tbl_01442,proc_tbl_01555,dlk_tbl_00596,dlk_tbl_00274,dlk_tbl_03195,dlk_tbl_01482,dlk_ext_00316,gob_ext_00258,proc_ext_00032,dlk_ext_00312,gob_ext_00397
dlk_proceso_0038;2;gob_tbl_01002,proc_tbl_01951;6;dlk_tbl_01383,dlk_tbl_03039,gob_tbl_01033,dlk_ext_00402,gob_ext_00097,gob_ext_00207
gob_proceso_0039;3;m4vw_tbl_01897,dlk_tbl_01495,gob_tbl_00031;13;proc_tbl_02881,dlk_tbl_02008,proc_tbl_02845,dlk_tbl_01695,dlk_tbl_03218,dlk_tbl_02162,dlk_tbl_01762,gob_ext_00410,proc_ext_00032,dlk_ext_00101,gob_ext_00490,gob_ext_00361,dlk_ext_00469
proc_proceso_0040;3;dlk_tbl_03310,proc_tbl_01555,dash_tbl_00067;11;gob_tbl_03307,dash_tbl_02903,dlk_tbl_01054,proc_tbl_00550,gob_tbl_03345,gob_tbl_02783,dlk_ext_00486,dlk_ext_00450,dlk_ext_00234,gob_ext_00319,dlk_ext_00469
dlk_proceso_0041;4;proc_tbl_03031,gob_tbl_00519,dlk_tbl_02239,dlk_tbl_01058;6;gob_tbl_00337,dlk_tbl_02623,dlk_tbl_00537,dlk_ext_00292,gob_ext_00040,gob_ext_00364
dash_proceso_0042;4;gob_tbl_02676,proc_tbl_00302,dlk_tbl_00107,gob_tbl_01592;6;dash_tbl_01664,gob_tbl_02228,dlk_tbl_01424,dlk_ext_00470,gob_ext_00323,gob_ext_00458
dlk_proceso_0043;6;gob_tbl_02606,dlk_tbl_03306,proc_tbl_02509,dlk_tbl_00184,dlk_tbl_02704,dlk_tbl_02169;16;dlk_tbl_00727,gob_tbl_01444,dlk_tbl_01160,dash_tbl_02728,gob_tbl_03234,dlk_tbl_02416,dlk_tbl_00581,dlk_tbl_02083,proc_tbl_02213,gob_ext_00150,proc_ext_00443,gob_ext_00204,dlk_ext_00066,m4sco_ext_00462,dlk_ext_00200,std_ext_00212
dlk_proceso_0044;4;gob_tbl_00693,dlk_tbl_03218,gob_tbl_00645,proc_tbl_03297;6;gob_tbl_00525,dlk_tbl_00464,dlk_tbl_02089,gob_ext_00201,dlk_ext_00230,dlk_ext_00409
gob_proceso_0045;4;gob_tbl_01956,proc_tbl_03115,gob_tbl_02302,dlk_tbl_02654;10;gob_tbl_01486,dlk_tbl_02144,dlk_tbl_03032,dlk_tbl_02811,dlk_tbl_01913,gob_tbl_00649,gob_ext_00319,gob_ext_00235,dlk_ext_00250,dlk_ext_00354
gob_proceso_0046;5;proc_tbl_00065,dlk_tbl_03093,gob_tbl_01661,proc_tbl_02342,dash_tbl_01724;5;gob_tbl_02535,std_tbl_01679,gob_tbl_02703,dlk_ext_00142,proc_ext_00359
gob_proceso_0047;5;dlk_tbl_00639,dlk_tbl_03085,dlk_tbl_02968,ppn_tbl_00020,gob_tbl_01457;8;gob_tbl_03040,gob_tbl_01739,proc_tbl_00029,gob_tbl_01952,dlk_tbl_03245,ppn_ext_00255,dlk_ext_00330,dash_ext_00494
gob_proceso_0048;4;gob_tbl_00974,gob_tbl_01141,gob_tbl_02047,gob_tbl_03364;12;proc_tbl_00380,gob_tbl_02583,proc_tbl_00872,gob_tbl_00127,gob_tbl_03082,dash_tbl_01070,dlk_tbl_00812,gob_ext_00425,dlk_ext_00486,gob_ext_00361,dlk_ext_00221,gob_ext_00397
proc_proceso_0049;5;m4vw_tbl_03363,gob_tbl_00257,dlk_tbl_02804,dlk_tbl_02474,proc_tbl_00952;13;dlk_tbl_01783,dlk_tbl_02540,gob_tbl_02073,dash_tbl_03318,dlk_tbl_01278,gob_tbl_02823,dash_tbl_01453,gob_ext_00414,gob_ext_00323,dlk_ext_00489,gob_ext_00053,proc_ext_00139,dlk_ext_00447
gob_proceso_0050;5;gob_tbl_01087,gob_tbl_01973,dlk_tbl_00866,dlk_tbl_00945,gob_tbl_00516;14;std_tbl_02377,gob_tbl_01659,gob_tbl_02571,dlk_tbl_01270,proc_tbl_00117,proc_tbl_01564,dlk_tbl_03174,dlk_tbl_00216,proc_ext_00303,dlk_ext_00349,gob_ext_00361,dlk_ext_00008,proc_ext_00218,dlk_ext_00030
proc_proceso_0051;4;gob_tbl_01253,std_tbl_02204,m4sco_tbl_00894,gob_tbl_01301;3;dlk_tbl_02085,dash_tbl_00775,dlk_ext_00386
gob_proceso_0052;4;dlk_tbl_02942,gob_tbl_01286,gob_tbl_02724,dlk_tbl_02223;4;ppn_tbl_00760,gob_tbl_00018,gob_ext_00490,dlk_ext_00390
proc_proceso_0053;4;dlk_tbl_02758,dlk_tbl_02825,gob_tbl_01061,dlk_tbl_02424;12;dlk_tbl_00225,dlk_tbl_01088,dlk_tbl_02590,dlk_tbl_01895,dlk_tbl_01433,dash_tbl_03021,dlk_tbl_01378,gob_ext_00086,dlk_ext_00330,proc_ext_00121,dlk_ext_00108,dlk_ext_00015
proc_proceso_0054;4;gob_tbl_02219,proc_tbl_02572,gob_tbl_00179,dlk_tbl_01761;10;proc_tbl_00456,m4vw_tbl_00910,dlk_tbl_02003,std_tbl_01385,gob_tbl_02781,proc_tbl_01128,proc_ext_00237,proc_ext_00032,gob_ext_00260,gob_ext_00147
gob_proceso_0055;5;dlk_tbl_02917,dlk_tbl_02201,gob_tbl_02945,gob_tbl_02161,proc_tbl_00579;8;proc_tbl_01443,dlk_tbl_01113,proc_tbl_03073,dlk_tbl_00999,dlk_tbl_00457,dlk_ext_00108,dlk_ext_00400,m4sco_ext_00063
gob_proceso_0056;7;gob_tbl_01192,gob_tbl_00763,dash_tbl_02226,dlk_tbl_00684,gob_tbl_00069,proc_tbl_03167,gob_tbl_00939;15;proc_tbl_02586,dlk_tbl_01503,gob_tbl_01714,dlk_tbl_03320,proc_tbl_01150,dlk_tbl_02474,proc_tbl_00423,gob_tbl_00645,gob_tbl_03188,ppn_ext_00325,dlk_ext_00440,dlk_ext_00261,gob_ext_00021,gob_ext_00322,gob_ext_00120
gob_proceso_0057;2;dlk_tbl_02140,proc_tbl_00446;5;gob_tbl_00911,proc_tbl_01776,std_tbl_00357,m4sco_ext_00072,gob_ext_00364
dlk_proceso_0058;4;gob_tbl_00964,dlk_tbl_02821,proc_tbl_02041,dlk_tbl_03133;14;proc_tbl_01511,dlk_tbl_03004,dlk_tbl_03239,proc_tbl_02718,gob_tbl_01086,dash_tbl_02633,dash_tbl_02515,dlk_tbl_00849,dash_ext_00175,gob_ext_00350,dash_ext_00088,gob_ext_00160,m4vw_ext_00005,dlk_ext_00401
gob_proceso_0059;4;dlk_tbl_00063,dlk_tbl_00812,dlk_tbl_01500,dlk_tbl_02323;8;dlk_tbl_02795,gob_tbl_01286,dlk_tbl_00201,dlk_tbl_02187,gob_tbl_01202,dlk_ext_00353,proc_ext_00070,dlk_ext_00330
dlk_proceso_0060;8;dlk_tbl_03325,std_tbl_02262,gob_tbl_02030,dash_tbl_00822,proc_tbl_00502,proc_tbl_03230,dlk_tbl_03083,dlk_tbl_03272;24;dlk_tbl_00339,dlk_tbl_02007,gob_tbl_03038,gob_tbl_01426,dash_tbl_03044,gob_tbl_02356,dash_tbl_02998,dlk_tbl_01417,dlk_tbl_01487,dlk_tbl_03221,proc_tbl_01700,m4sco_tbl_01105,gob_tbl_00115,dlk_tbl_01313,dlk_ext_00205,dlk_ext_00084,gob_ext_00406,dlk_ext_00341,dlk_ext_00316,gob_ext_00454,proc_ext_00320,dlk_ext_00152,gob_ext_00040,gob_ext_00393
dlk_proceso_0061;2;proc_tbl_01510,dlk_tbl_01454;8;dlk_tbl_00343,proc_tbl_00170,dlk_tbl_02916,dlk_tbl_00051,gob_tbl_00083,gob_ext_00446,dlk_ext_00339,proc_ext_00029
dlk_proceso_0062;3;dlk_tbl_01574,dlk_tbl_00986,gob_tbl_02269;11;gob_tbl_01045,dlk_tbl_01166,gob_tbl_03127,dlk_tbl_00041,proc_tbl_00261,dlk_tbl_02911,dlk_ext_00302,proc_ext_00047,gob_ext_00150,dlk_ext_00221,gob_ext_00346
proc_proceso_0063;5;m4vw_tbl_01901,ppn_tbl_01541,dash_tbl_02876,gob_tbl_02418,dlk_tbl_02369;5;gob_tbl_00120,gob_tbl_02038,proc_tbl_00832,gob_ext_00184,proc_ext_00271
dlk_proceso_0064;5;proc_tbl_03187,dlk_tbl_02002,dlk_tbl_01440,gob_tbl_02134,m4vw_tbl_01506;11;dlk_tbl_00081,m4vw_tbl_03363,dlk_tbl_01383,proc_tbl_02507,gob_tbl_02930,proc_tbl_03066,m4sco_ext_00462,dash_ext_00088,dlk_ext_00348,gob_ext_00387,dlk_ext_00293
proc_proceso_0065;7;dlk_tbl_01274,dlk_tbl_00849,gob_tbl_01954,dlk_tbl_01629,dlk_tbl_01817,dlk_tbl_00580,gob_tbl_00671;11;dash_tbl_02081,m4sco_tbl_01105,std_tbl_00157,gob_tbl_01415,gob_tbl_03103,proc_tbl_02000,dlk_ext_00055,gob_ext_00048,proc_ext_00483,dlk_ext_00284,gob_ext_00243
dlk_proceso_0066;5;dash_tbl_01293,gob_tbl_02430,proc_tbl_01610,dash_tbl_02155,proc_tbl_01427;7;dlk_tbl_02761,gob_tbl_01462,gob_tbl_02680,gob_tbl_00120,dlk_ext_00485,gob_ext_00109,gob_ext_00009
gob_proceso_0067;6;ppn_tbl_01652,dlk_tbl_00234,std_tbl_00590,gob_tbl_00659,gob_tbl_02715,dlk_tbl_03076;9;proc_tbl_00408,proc_tbl_01736,gob_tbl_01339,gob_tbl_00843,gob_tbl_02336,gob_ext_00120,dash_ext_00229,gob_ext_00147,gob_ext_00179
dash_proceso_0068;7;dlk_tbl_01645,dlk_tbl_00459,std_tbl_02785,gob_tbl_02073,dlk_tbl_00045,gob_tbl_01531,gob_tbl_01202;9;dlk_tbl_01170,gob_tbl_01871,gob_tbl_02557,proc_tbl_00818,gob_tbl_01593,gob_ext_00201,dlk_ext_00375,dlk_ext_00450,gob_ext_00168
gob_proceso_0069;6;ppn_tbl_00286,gob_tbl_01837,gob_tbl_03189,dlk_tbl_01186,dlk_tbl_00879,dlk_tbl_02232;15;dlk_tbl_00725,gob_tbl_00118,gob_tbl_00721,dlk_tbl_01317,gob_tbl_01672,dlk_tbl_00986,proc_tbl_02294,std_tbl_02785,gob_tbl_00561,proc_ext_00461,proc_ext_00139,dlk_ext_00049,dlk_ext_00149,gob_ext_00245,dlk_ext_00108
gob_proceso_0070;5;gob_tbl_01989,dash_tbl_01095,dlk_tbl_01622,proc_tbl_00159,dlk_tbl_02869;19;dlk_tbl_01133,dlk_tbl_02917,dlk_tbl_00972,gob_tbl_02468,gob_tbl_01769,gob_tbl_03354,dlk_tbl_02630,proc_tbl_02574,dash_tbl_00176,dlk_tbl_01270,gob_tbl_01075,gob_ext_00144,proc_ext_00058,dlk_ext_00366,proc_ext_00246,m4vw_ext_00307,proc_ext_00237,proc_ext_00029,proc_ext_00467
dlk_proceso_0071;6;gob_tbl_03114,gob_tbl_02622,m4vw_tbl_03126,proc_tbl_00619,gob_tbl_01621,proc_tbl_01320;13;dlk_tbl_02913,dlk_tbl_02811,proc_tbl_01919,gob_tbl_01030,gob_tbl_02340,dlk_tbl_01275,dash_tbl_01704,gob_ext_00263,gob_ext_00203,gob_ext_00176,gob_ext_00258,gob_ext_00226,proc_ext_00271
gob_proceso_0072;2;dlk_tbl_01514,dlk_tbl_01302;12;dlk_tbl_02344,gob_tbl_00504,dlk_tbl_03070,dash_tbl_00785,dlk_tbl_01603,gob_tbl_02843,proc_tbl_01630,proc_ext_00467,dlk_ext_00284,gob_ext_00168,gob_ext_00397,dlk_ext_00221
dlk_proceso_0073;6;dash_tbl_02773,ppn_tbl_01766,dash_tbl_01717,proc_tbl_02543,dlk_tbl_03155,gob_tbl_01588;10;dlk_tbl_02201,gob_tbl_01240,dlk_tbl_01789,gob_tbl_01026,gob_tbl_00488,dlk_tbl_03275,proc_ext_00047,dlk_ext_00079,proc_ext_00443,ppn_ext_00227
dlk_proceso_0074;4;std_tbl_01497,dlk_tbl_03242,std_tbl_00692,dlk_tbl_02263;7;gob_tbl_00856,gob_tbl_03286,dlk_tbl_02912,gob_tbl_02552,dlk_ext_00145,proc_ext_00467,dlk_ext_00158
proc_proceso_0075;2;dlk_tbl_02809,gob_tbl_03255;7;gob_tbl_01207,gob_tbl_00856,gob_tbl_01029,dlk_tbl_00411,std_ext_00317,dlk_ext_00262,gob_ext_00241
dlk_proceso_0076;3;proc_tbl_02518,dlk_tbl_01565,gob_tbl_01484;9;dash_tbl_02155,dlk_tbl_01100,dlk_tbl_00954,dlk_tbl_00622,gob_tbl_00084,gob_ext_00275,dlk_ext_00450,dlk_ext_00068,proc_ext_00367
gob_proceso_0077;8;dlk_tbl_02119,gob_tbl_00709,proc_tbl_02712,dash_tbl_01397,dash_tbl_02053,gob_tbl_01065,proc_tbl_00410,dash_tbl_01810;7;gob_tbl_03262,gob_tbl_01138,dlk_tbl_02563,gob_tbl_01521,gob_ext_00322,dash_ext_00494,gob_ext_00468
gob_proceso_0078;3;dlk_tbl_03014,dlk_tbl_00817,dash_tbl_02362;9;proc_tbl_02695,gob_tbl_01918,gob_tbl_00701,gob_tbl_01301,dlk_tbl_02140,gob_ext_00067,gob_ext_00094,dlk_ext_00348,gob_ext_00097
gob_proceso_0079;8;dash_tbl_00168,m4vw_tbl_02199,gob_tbl_03307,dlk_tbl_02660,dlk_tbl_00762,gob_tbl_01599,dlk_tbl_01047,dlk_tbl_01900;14;gob_tbl_01985,gob_tbl_00845,dlk_tbl_03175,gob_tbl_01405,gob_tbl_01889,proc_tbl_01188,gob_tbl_02047,gob_tbl_02285,dlk_ext_00316,dlk_ext_00353,dlk_ext_00390,proc_ext_00218,gob_ext_00186,proc_ext_00181
dash_proceso_0080;3;dlk_tbl_01158,gob_tbl_00595,std_tbl_02808;4;proc_tbl_01150,dlk_tbl_01080,proc_ext_00271,dash_ext_00265
proc_proceso_0081;4;dlk_tbl_02233,dlk_tbl_01886,gob_tbl_00955,gob_tbl_00882;6;dash_tbl_01715,dlk_tbl_00355,gob_tbl_02717,dlk_ext_00330,dlk_ext_00378,proc_ext_00383
gob_proceso_0082;5;dlk_tbl_01450,dlk_tbl_02151,m4vw_tbl_00621,gob_tbl_01436,gob_tbl_01659;11;dash_tbl_02477,dlk_tbl_00704,gob_tbl_02189,dlk_tbl_00812,dlk_tbl_02940,std_tbl_01385,dlk_ext_00485,proc_ext_00058,dlk_ext_00164,gob_ext_00053,gob_ext_00326
proc_proceso_0083;4;gob_tbl_00086,gob_tbl_02615,gob_tbl_00248,gob_tbl_01662;7;gob_tbl_01747,dlk_tbl_02002,gob_tbl_02258,dlk_tbl_00296,gob_ext_00050,ppn_ext_00255,proc_ext_00206
dlk_proceso_0084;6;dash_tbl_03318,dlk_tbl_00670,dlk_tbl_02128,ppn_tbl_00905,gob_tbl_02594,dlk_tbl_01171;13;dlk_tbl_00496,dlk_tbl_00954,dlk_tbl_02110,proc_tbl_01749,gob_tbl_03341,gob_tbl_00768,dash_tbl_01398,gob_ext_00151,dlk_ext_00368,gob_ext_00441,dash_ext_00001,std_ext_00286,dlk_ext_00110
dlk_proceso_0085;4;dash_tbl_01684,dlk_tbl_03025,proc_tbl_00403,dlk_tbl_03206;13;gob_tbl_03286,gob_tbl_02001,dlk_tbl_01190,dlk_tbl_01194,dlk_tbl_02935,gob_tbl_01036,dlk_tbl_02121,m4vw_ext_00005,proc_ext_00249,std_ext_00004,gob_ext_00342,dlk_ext_00250,dlk_ext_00008
proc_proceso_0086;5;dash_tbl_02078,dlk_tbl_03290,dlk_tbl_01641,dash_tbl_02818,dlk_tbl_00728;12;gob_tbl_01592,m4sco_tbl_01119,proc_tbl_02893,gob_tbl_00345,std_tbl_03271,gob_tbl_00605,dlk_tbl_03328,dlk_ext_00038,gob_ext_00150,gob_ext_00223,dlk_ext_00371,dlk_ext_00413
proc_proceso_0087;3;dlk_tbl_02492,gob_tbl_02964,gob_tbl_00385;9;gob_tbl_02613,proc_tbl_02088,dlk_tbl_00622,gob_tbl_02788,gob_tbl_00069,dlk_ext_00107,dlk_ext_00108,dlk_ext_00330,gob_ext_00201
proc_proceso_0088;8;dlk_tbl_00622,dlk_tbl_01161,dlk_tbl_01740,gob_tbl_01335,dlk_tbl_01020,gob_tbl_00651,proc_tbl_00585,std_tbl_01025;5;proc_tbl_00658,gob_tbl_01985,dlk_tbl_00732,std_ext_00103,dash_ext_00140
dlk_proceso_0089;4;dlk_tbl_02912,gob_tbl_02962,dlk_tbl_01434,gob_tbl_02336;10;gob_tbl_02024,gob_tbl_00182,gob_tbl_00356,gob_tbl_02523,dash_tbl_00176,gob_tbl_00398,gob_ext_00097,dlk_ext_00015,dash_ext_00111,gob_ext_00225
proc_proceso_0090;3;gob_tbl_02888,dlk_tbl_01542,m4vw_tbl_02347;11;dlk_tbl_01109,gob_tbl_00930,gob_tbl_02829,gob_tbl_02620,dlk_tbl_01428,gob_tbl_00211,dlk_ext_00059,dlk_ext_00202,std_ext_00317,gob_ext_00441,dash_ext_00488
dlk_proceso_0091;2;dlk_tbl_02400,gob_tbl_01680;12;dlk_tbl_00060,dlk_tbl_03142,gob_tbl_01315,gob_tbl_00332,gob_tbl_02789,std_tbl_01242,dlk_tbl_00334,proc_ext_00271,proc_ext_00404,dlk_ext_00489,proc_ext_00228,dlk_ext_00008
dlk_proceso_0092;2;dash_tbl_02295,dlk_tbl_02972;5;proc_tbl_00893,dlk_tbl_01883,dlk_tbl_00812,proc_ext_00029,std_ext_00212
dlk_proceso_0093;2;std_tbl_00366,gob_tbl_03257;4;m4vw_tbl_03217,dlk_tbl_00725,gob_ext_00009,dlk_ext_00491
proc_proceso_0094;5;dlk_tbl_03078,gob_tbl_01127,std_tbl_01242,gob_tbl_00552,gob_tbl_02117;7;dlk_tbl_03249,gob_tbl_03341,gob_tbl_01230,gob_tbl_03185,proc_ext_00027,dlk_ext_00143,proc_ext_00022
gob_proceso_0095;2;m4vw_tbl_03344,proc_tbl_02113;5;proc_tbl_00715,dlk_tbl_01378,dlk_tbl_00224,dlk_ext_00093,proc_ext_00467
gob_proceso_0096;6;proc_tbl_01999,dash_tbl_02729,proc_tbl_00943,proc_tbl_03352,dlk_tbl_01674,std_tbl_01073;9;gob_tbl_01426,std_tbl_01697,gob_tbl_01122,gob_tbl_02011,dlk_tbl_00625,dlk_ext_00330,proc_ext_00306,dash_ext_00355,proc_ext_00220
dlk_proceso_0097;4;gob_tbl_01876,gob_tbl_03336,dlk_tbl_02485,proc_tbl_01849;14;dlk_tbl_01413,m4vw_tbl_01101,proc_tbl_02645,gob_tbl_03088,gob_tbl_01356,dash_tbl_02411,ppn_tbl_00896,gob_tbl_02775,dlk_ext_00262,gob_ext_00151,gob_ext_00319,dlk_ext_00439,proc_ext_00139,gob_ext_00493
dash_proceso_0098;3;proc_tbl_02652,gob_tbl_00295,gob_tbl_02444;9;gob_tbl_01925,proc_tbl_01430,dlk_tbl_02901,gob_tbl_02676,proc_tbl_02261,gob_ext_00224,dash_ext_00036,gob_ext_00040,gob_ext_00363
gob_proceso_0099;7;gob_tbl_02157,gob_tbl_01737,dlk_tbl_02077,dlk_tbl_03279,dlk_tbl_03315,dlk_tbl_00551,gob_tbl_01213;4;dlk_tbl_03209,gob_tbl_03292,proc_ext_00220,proc_ext_00279
dlk_proceso_0100;6;gob_tbl_02205,dlk_tbl_02982,gob_tbl_02066,gob_tbl_01225,gob_tbl_02288,gob_tbl_02580;6;m4sco_tbl_02218,proc_tbl_00410,dlk_tbl_00375,gob_ext_00363,proc_ext_00383,dlk_ext_00055
gob_proceso_0101;4;dlk_tbl_01615,gob_tbl_01210,gob_tbl_02069,dlk_tbl_03092;10;dlk_tbl_02800,dlk_tbl_03209,dlk_tbl_01930,dash_tbl_00647,m4vw_tbl_01535,gob_tbl_03008,dlk_ext_00090,dlk_ext_00381,gob_ext_00329,proc_ext_00181
dash_proceso_0102;3;dlk_tbl_03170,proc_tbl_02858,dlk_tbl_02190;9;dlk_tbl_00805,dlk_tbl_01428,gob_tbl_01627,gob_tbl_00645,dlk_tbl_02380,gob_ext_00403,proc_ext_00281,dash_ext_00044,dlk_ext_00166
gob_proceso_0103;2;dlk_tbl_02688,dlk_tbl_02452;15;gob_tbl_02789,dlk_tbl_02478,dlk_tbl_01194,gob_tbl_01607,m4sco_tbl_00305,dlk_tbl_00919,gob_tbl_02855,gob_tbl_01142,dlk_tbl_00304,dash_ext_00190,dlk_ext_00170,m4vw_ext_00451,dlk_ext_00110,dlk_ext_00123,gob_ext_00235
gob_proceso_0104;6;dlk_tbl_01979,gob_tbl_01230,proc_tbl_00441,gob_tbl_02334,proc_tbl_01614,proc_tbl_01911;10;gob_tbl_01130,gob_tbl_03015,gob_tbl_03259,proc_tbl_01367,dlk_tbl_01609,dlk_tbl_02627,gob_ext_00086,dash_ext_00175,gob_ext_00392,gob_ext_00363
proc_proceso_0105;4;gob_tbl_01831,gob_tbl_00574,proc_tbl_01072,m4sco_tbl_02436;11;dlk_tbl_02244,dash_tbl_02155,proc_tbl_01443,proc_tbl_00821,gob_tbl_01485,dlk_tbl_01696,gob_ext_00020,gob_ext_00037,dlk_ext_00469,dlk_ext_00185,std_ext_00214
gob_proceso_0106;2;gob_tbl_01234,dlk_tbl_02820;6;dlk_tbl_03174,gob_tbl_02322,dlk_tbl_00359,dlk_ext_00185,proc_ext_00058,gob_ext_00135
gob_proceso_0107;2;gob_tbl_02879,gob_tbl_02721;8;gob_tbl_02149,gob_tbl_02957,gob_tbl_02412,dlk_tbl_00500,gob_tbl_01254,dlk_ext_00440,gob_ext_00125,dlk_ext_00316
dlk_proceso_0108;8;proc_tbl_03022,dash_tbl_01209,proc_tbl_01324,dlk_tbl_02754,dlk_tbl_02183,gob_tbl_02397,proc_tbl_01467,proc_tbl_01946;5;proc_tbl_01478,dlk_tbl_02325,dlk_tbl_00237,gob_ext_00387,m4sco_ext_00117
dlk_proceso_0109;8;proc_tbl_00837,gob_tbl_01769,gob_tbl_01734,dlk_tbl_02245,proc_tbl_01490,gob_tbl_00530,gob_tbl_02559,dlk_tbl_01284;7;dlk_tbl_00679,dlk_tbl_00201,m4sco_tbl_01863,dlk_tbl_02828,proc_ext_00246,gob_ext_00363,m4sco_ext_00072
gob_proceso_0110;2;proc_tbl_01797,dlk_tbl_00041;6;dlk_tbl_01178,dash_tbl_00395,dlk_tbl_01378,m4vw_ext_00173,dlk_ext_00409,dash_ext_00165
dlk_proceso_0111;3;proc_tbl_01252,dash_tbl_01744,gob_tbl_03185;13;dlk_tbl_02201,dlk_tbl_03070,dlk_tbl_03214,dlk_tbl_00706,gob_tbl_03162,gob_tbl_02750,gob_tbl_02922,proc_ext_00139,dlk_ext_00366,gob_ext_00340,proc_ext_00162,proc_ext_00056,dlk_ext_00262
dash_proceso_0112;3;dlk_tbl_02916,std_tbl_02581,gob_tbl_01947;11;dlk_tbl_02911,dash_tbl_03061,proc_tbl_00417,gob_tbl_01505,gob_tbl_03079,gob_tbl_03140,gob_ext_00186,gob_ext_00437,dlk_ext_00354,proc_ext_00237,dlk_ext_00166
dlk_proceso_0113;3;gob_tbl_00499,dlk_tbl_00816,dlk_tbl_01017;10;dash_tbl_01095,gob_tbl_02782,gob_tbl_02415,proc_tbl_00765,proc_tbl_02257,dlk_tbl_01163,proc_ext_00279,dash_ext_00335,gob_ext_00053,gob_ext_00179
dlk_proceso_0114;5;dlk_tbl_02935,gob_tbl_02722,gob_tbl_00925,gob_tbl_01907,dash_tbl_01600;4;dlk_tbl_02916,dlk_tbl_02905,gob_ext_00410,gob_ext_00322
proc_proceso_0115;3;proc_tbl_01168,dlk_tbl_02451,gob_tbl_02562;11;dlk_tbl_00224,dlk_tbl_01937,proc_tbl_01567,gob_tbl_01304,std_tbl_02854,dlk_tbl_02901,dlk_ext_00316,proc_ext_00484,dlk_ext_00079,gob_ext_00179,dlk_ext_00296
proc_proceso_0116;7;dlk_tbl_02105,gob_tbl_02254,dlk_tbl_02735,dlk_tbl_02675,m4vw_tbl_00056,dlk_tbl_01228,gob_tbl_01069;9;gob_tbl_02285,dlk_tbl_03150,dlk_tbl_02124,proc_tbl_02893,dash_tbl_01617,gob_ext_00191,std_ext_00317,proc_ext_00282,gob_ext_00415
dash_proceso_0117;2;gob_tbl_00211,dlk_tbl_03150;5;dlk_tbl_01372,dlk_tbl_01963,dlk_tbl_00207,dlk_ext_00089,m4sco_ext_00063
dlk_proceso_0118;7;dlk_tbl_01899,proc_tbl_00793,gob_tbl_00435,dlk_tbl_01648,proc_tbl_02386,dash_tbl_03000,dlk_tbl_03348;6;proc_tbl_00410,gob_tbl_00018,dlk_tbl_00116,dash_ext_00002,gob_ext_00420,m4sco_ext_00462
dlk_proceso_0119;6;gob_tbl_01647,proc_tbl_01329,gob_tbl_00280,gob_tbl_03233,gob_tbl_00382,proc_tbl_02574;10;gob_tbl_01711,gob_tbl_00472,gob_tbl_01839,proc_tbl_00231,dlk_tbl_00655,proc_tbl_00087,dlk_ext_00440,dlk_ext_00313,dlk_ext_00338,dlk_ext_00060
dlk_proceso_0120;8;dlk_tbl_03130,dlk_tbl_03222,proc_tbl_02530,dlk_tbl_03357,proc_tbl_01749,proc_tbl_00669,proc_tbl_00940,dlk_tbl_00265;23;gob_tbl_01793,gob_tbl_03240,proc_tbl_00380,dlk_tbl_01979,gob_tbl_02722,dash_tbl_02876,gob_tbl_02956,ppn_tbl_01052,dlk_tbl_00834,gob_tbl_02496,gob_tbl_02468,proc_tbl_02092,dlk_tbl_00815,gob_ext_00028,dlk_ext_00353,gob_ext_00334,gob_ext_00191,dlk_ext_00268,dlk_ext_00188,gob_ext_00243,dlk_ext_00427,gob_ext_00223,dash_ext_00433
dlk_proceso_0121;5;gob_tbl_02847,gob_tbl_01392,gob_tbl_00697,proc_tbl_01727,dlk_tbl_00207;14;gob_tbl_01048,proc_tbl_00958,dlk_tbl_00218,gob_tbl_00645,dlk_tbl_02198,gob_tbl_01793,dlk_tbl_00091,dlk_tbl_01551,dlk_ext_00368,proc_ext_00318,proc_ext_00102,dash_ext_00239,dlk_ext_00386,m4sco_ext_00072
dlk_proceso_0122;7;dlk_tbl_01616,ppn_tbl_02921,dlk_tbl_00091,gob_tbl_00189,proc_tbl_00170,dlk_tbl_02327,dlk_tbl_00596;4;gob_tbl_01947,dlk_tbl_01678,gob_ext_00351,proc_ext_00249
dlk_proceso_0123;5;dash_tbl_02556,proc_tbl_02900,std_tbl_00747,m4vw_tbl_02658,proc_tbl_00758;12;gob_tbl_00992,m4sco_tbl_00128,dlk_tbl_01194,dlk_tbl_00972,dlk_tbl_01482,m4sco_tbl_02447,m4vw_tbl_00135,gob_ext_00490,dlk_ext_00217,dlk_ext_00045,dlk_ext_00084,dlk_ext_00401
dlk_proceso_0124;6;dlk_tbl_02619,gob_tbl_00350,dlk_tbl_00705,gob_tbl_01093,dlk_tbl_02378,dlk_tbl_01428;9;dlk_tbl_02713,gob_tbl_00485,gob_tbl_00645,dlk_tbl_02124,ppn_tbl_00760,proc_ext_00404,dlk_ext_00149,dlk_ext_00378,gob_ext_00387
gob_proceso_0125;4;proc_tbl_02533,dlk_tbl_02815,dlk_tbl_01183,dlk_tbl_00740;10;proc_tbl_00795,dlk_tbl_02325,gob_tbl_00069,dlk_tbl_00782,gob_tbl_00108,dlk_tbl_01198,dlk_ext_00081,gob_ext_00009,dlk_ext_00390,gob_ext_00468
gob_proceso_0126;5;ppn_tbl_03048,gob_tbl_00432,dlk_tbl_00252,dlk_tbl_02578,dlk_tbl_01579;14;dlk_tbl_03218,proc_tbl_02034,gob_tbl_01048,std_tbl_02037,proc_tbl_00855,dlk_tbl_00773,gob_tbl_01835,proc_tbl_01128,dlk_ext_00066,dash_ext_00175,dlk_ext_00189,gob_ext_00392,gob_ext_00017,proc_ext_00228
dlk_proceso_0127;4;std_tbl_00520,proc_tbl_01478,std_tbl_00035,dlk_tbl_01820;4;gob_tbl_02865,gob_tbl_03122,m4sco_ext_00063,proc_ext_00237
dlk_proceso_0128;2;gob_tbl_00915,gob_tbl_01521;12;proc_tbl_02257,gob_tbl_00859,gob_tbl_01065,dlk_tbl_00987,dlk_tbl_00532,dlk_tbl_01808,proc_tbl_00818,gob_ext_00407,gob_ext_00099,proc_ext_00228,dlk_ext_00347,dlk_ext_00469
dlk_proceso_0129;2;dlk_tbl_00513,dlk_tbl_02682;8;dlk_tbl_00459,gob_tbl_00514,dlk_tbl_02795,gob_tbl_00398,m4vw_tbl_01494,gob_ext_00040,gob_ext_00260,dlk_ext_00010
gob_proceso_0130;7;ppn_tbl_02542,dlk_tbl_00806,dlk_tbl_02511,proc_tbl_03146,dlk_tbl_01656,gob_tbl_02602,dlk_tbl_01483;10;std_tbl_01078,gob_tbl_01627,dlk_tbl_01990,dlk_tbl_01383,proc_tbl_00764,gob_tbl_01672,gob_ext_00241,dlk_ext_00095,gob_ext_00186,proc_ext_00367
gob_proceso_0131;4;gob_tbl_02192,gob_tbl_01976,proc_tbl_00980,dlk_tbl_02807;11;gob_tbl_01288,gob_tbl_01485,gob_tbl_02983,gob_tbl_01380,gob_tbl_01861,gob_tbl_01660,gob_ext_00147,gob_ext_00053,proc_ext_00306,proc_ext_00303,gob_ext_00415
gob_proceso_0132;7;gob_tbl_03259,gob_tbl_03356,dash_tbl_02914,gob_tbl_01339,gob_tbl_01354,gob_tbl_00752,gob_tbl_02552;1;dlk_tbl_02675
dlk_proceso_0133;2;dlk_tbl_02796,gob_tbl_02983;4;dlk_tbl_02907,gob_tbl_00823,gob_ext_00414,gob_ext_00322
proc_proceso_0134;3;std_tbl_02188,dlk_tbl_02504,gob_tbl_03168;14;dlk_tbl_00966,dlk_tbl_00107,gob_tbl_00445,proc_tbl_00607,dlk_tbl_01858,gob_tbl_00437,proc_tbl_01150,proc_tbl_01690,dlk_ext_00370,dlk_ext_00463,gob_ext_00137,dlk_ext_00170,gob_ext_00406,proc_ext_00320
gob_proceso_0135;5;gob_tbl_01134,gob_tbl_01229,proc_tbl_01815,dlk_tbl_02752,dlk_tbl_01731;17;gob_tbl_02332,dlk_tbl_00171,gob_tbl_00241,gob_tbl_02460,dlk_tbl_00683,gob_tbl_03364,dlk_tbl_02704,dlk_tbl_01139,gob_tbl_02582,gob_tbl_02862,gob_ext_00085,proc_ext_00382,gob_ext_00097,gob_ext_00053,dlk_ext_00284,dlk_ext_00221,proc_ext_00029
dlk_proceso_0136;4;dlk_tbl_01783,gob_tbl_00877,gob_tbl_01694,dlk_tbl_00738;14;gob_tbl_00098,dlk_tbl_02422,gob_tbl_02033,gob_tbl_02048,gob_tbl_01672,dlk_tbl_00719,proc_tbl_00431,dlk_tbl_02688,gob_ext_00475,gob_ext_00241,dlk_ext_00353,dash_ext_00433,dlk_ext_00292,gob_ext_00260
dlk_proceso_0137;3;gob_tbl_02941,gob_tbl_02694,gob_tbl_03270;11;proc_tbl_01195,std_tbl_00635,std_tbl_02446,gob_tbl_02783,gob_tbl_02216,dlk_tbl_01783,dlk_ext_00110,dlk_ext_00450,gob_ext_00085,dlk_ext_00217,dlk_ext_00348
proc_proceso_0138;2;gob_tbl_00055,gob_tbl_03294;7;gob_tbl_02924,gob_tbl_01651,dlk_tbl_02325,gob_tbl_03114,gob_ext_00186,gob_ext_00475,gob_ext_00037
dlk_proceso_0139;6;ppn_tbl_01052,dash_tbl_03254,dlk_tbl_02713,gob_tbl_00180,dlk_tbl_02287,dlk_tbl_00316;4;proc_tbl_02494,gob_tbl_00465,proc_ext_00484,proc_ext_00318
gob_proceso_0140;8;dlk_tbl_01465,dlk_tbl_03055,dlk_tbl_00321,proc_tbl_00361,gob_tbl_01912,dlk_tbl_01762,gob_tbl_02385,gob_tbl_00990;23;dlk_tbl_02379,proc_tbl_02494,proc_tbl_03321,std_tbl_02797,gob_tbl_00192,dlk_tbl_02068,gob_tbl_03263,gob_tbl_00118,gob_tbl_01764,gob_tbl_01694,dlk_tbl_01245,dlk_tbl_02657,dlk_tbl_01783,gob_ext_00342,dash_ext_00190,m4sco_ext_00117,proc_ext_00091,proc_ext_00022,dlk_ext_00197,dlk_ext_00330,dash_ext_00140,gob_ext_00387,dlk_ext_00188
gob_proceso_0141;3;dlk_tbl_01513,gob_tbl_02582,std_tbl_00635;9;gob_tbl_02174,gob_tbl_01000,gob_tbl_01415,gob_tbl_00976,m4sco_tbl_03186,dlk_ext_00087,std_ext_00396,gob_ext_00201,dlk_ext_00296
dlk_proceso_0142;3;dlk_tbl_00537,gob_tbl_02470,dlk_tbl_01807;8;proc_tbl_03159,gob_tbl_03227,std_tbl_01872,m4vw_tbl_00012,dlk_tbl_01058,dlk_ext_00289,dlk_ext_00330,dlk_ext_00124
dlk_proceso_0143;5;dlk_tbl_03224,dlk_tbl_00220,dlk_tbl_00791,proc_tbl_00283,gob_tbl_00076;8;gob_tbl_03277,dlk_tbl_03004,dlk_tbl_00643,gob_tbl_03035,gob_tbl_01760,dash_ext_00232,proc_ext_00228,dlk_ext_00360
proc_proceso_0144;3;gob_tbl_00688,dlk_tbl_00971,dlk_tbl_02264;9;dlk_tbl_01204,gob_tbl_01029,gob_tbl_01442,dlk_tbl_02689,dlk_tbl_00725,gob_ext_00085,dlk_ext_00474,gob_ext_00041,proc_ext_00430
dlk_proceso_0145;4;dlk_tbl_01088,dlk_tbl_00581,proc_tbl_03260,dlk_tbl_01620;6;gob_tbl_01592,dlk_tbl_00945,dlk_tbl_01990,dash_ext_00445,gob_ext_00028,gob_ext_00135
gob_proceso_0146;3;gob_tbl_00776,proc_tbl_03136,proc_tbl_01116;13;dlk_tbl_02474,dlk_tbl_01231,dash_tbl_01664,proc_tbl_02881,dlk_tbl_02905,gob_tbl_02235,dash_tbl_00822,proc_ext_00047,dlk_ext_00219,dlk_ext_00075,dlk_ext_00385,dlk_ext_00066,dlk_ext_00293
gob_proceso_0147;7;std_tbl_02343,gob_tbl_00114,gob_tbl_00155,dlk_tbl_02655,dlk_tbl_01369,dlk_tbl_01124,dlk_tbl_01305;9;gob_tbl_00096,dlk_tbl_02183,proc_tbl_00906,dlk_tbl_01826,dlk_tbl_01733,gob_ext_00363,dlk_ext_00157,dlk_ext_00477,proc_ext_00484
dlk_proceso_0148;2;gob_tbl_01526,gob_tbl_01169;15;dlk_tbl_00704,dash_tbl_01684,dlk_tbl_01708,dlk_tbl_00477,gob_tbl_01694,dlk_tbl_02198,dlk_tbl_02098,dlk_tbl_00036,std_tbl_00520,gob_ext_00160,gob_ext_00050,dlk_ext_00378,gob_ext_00345,gob_ext_00135,dlk_ext_00093
dlk_proceso_0149;6;dlk_tbl_01166,dlk_tbl_01076,gob_tbl_01596,proc_tbl_01840,std_tbl_00133,gob_tbl_02944;4;dlk_tbl_02584,dlk_tbl_02072,gob_ext_00017,dash_ext_00088
gob_proceso_0150;3;gob_tbl_00402,dash_tbl_00582,proc_tbl_01146;9;dlk_tbl_02784,dlk_tbl_00101,gob_tbl_02356,std_tbl_01211,m4vw_tbl_01120,gob_ext_00179,dlk_ext_00427,dlk_ext_00089,proc_ext_00237
dlk_proceso_0151;5;std_tbl_01512,gob_tbl_01254,gob_tbl_02985,gob_tbl_00353,m4vw_tbl_00778;14;std_tbl_01385,dash_tbl_00646,dlk_tbl_02806,proc_tbl_00607,gob_tbl_01556,dash_tbl_01287,dash_tbl_00461,gob_tbl_01859,dlk_ext_00400,dlk_ext_00123,proc_ext_00246,dlk_ext_00261,m4vw_ext_00005,dlk_ext_00202
gob_proceso_0152;6;gob_tbl_00741,gob_tbl_02725,proc_tbl_03337,gob_tbl_01995,gob_tbl_00349,proc_tbl_01128;10;gob_tbl_02662,gob_tbl_02864,gob_tbl_03364,gob_tbl_01837,gob_tbl_00688,gob_tbl_03148,dash_ext_00269,gob_ext_00350,proc_ext_00032,proc_ext_00228
dlk_proceso_0153;3;gob_tbl_00652,ppn_tbl_00503,gob_tbl_00140;13;dash_tbl_00946,dlk_tbl_01054,gob_tbl_01976,gob_tbl_02175,dlk_tbl_01811,proc_tbl_01128,proc_tbl_02507,gob_ext_00351,std_ext_00159,gob_ext_00211,proc_ext_00237,proc_ext_00271,dlk_ext_00199
dash_proceso_0154;5;dlk_tbl_00112,dlk_tbl_03266,proc_tbl_02177,dash_tbl_01348,proc_tbl_00231;11;gob_tbl_01117,gob_tbl_03035,std_tbl_02132,gob_tbl_01111,gob_tbl_02850,gob_tbl_02813,proc_ext_00383,gob_ext_00260,dlk_ext_00066,proc_ext_00139,dlk_ext_00124
dlk_proceso_0155;6;dash_tbl_00946,proc_tbl_00431,gob_tbl_00534,dlk_tbl_02801,gob_tbl_01189,dlk_tbl_00484;11;dlk_tbl_01780,m4sco_tbl_02218,dlk_tbl_01609,m4sco_tbl_02426,gob_tbl_00761,gob_tbl_03122,dlk_ext_00178,dlk_ext_00055,gob_ext_00037,dash_ext_00488,gob_ext_00151
gob_proceso_0156;5;gob_tbl_00983,m4vw_tbl_00922,proc_tbl_00558,dash_tbl_00478,dlk_tbl_02625;12;dash_tbl_02471,dlk_tbl_02004,proc_tbl_00906,dlk_tbl_00358,dlk_tbl_00773,gob_tbl_02429,gob_tbl_02170,proc_ext_00047,dlk_ext_00428,gob_ext_00350,proc_ext_00206,dlk_ext_00221
dash_proceso_0157;4;proc_tbl_02408,dash_tbl_00461,gob_tbl_02235,dlk_tbl_00739;12;dlk_tbl_02835,proc_tbl_02589,dlk_tbl_00477,proc_tbl_00390,dlk_tbl_00732,dlk_tbl_00480,gob_tbl_02996,proc_ext_00206,proc_ext_00271,gob_ext_00403,dlk_ext_00230,dash_ext_00445
gob_proceso_0158;4;proc_tbl_03321,proc_tbl_03129,dlk_tbl_00810,gob_tbl_00017;6;dash_tbl_00215,gob_tbl_00983,dlk_tbl_02979,gob_ext_00468,dlk_ext_00459,dash_ext_00389
gob_proceso_0159;3;dlk_tbl_02638,dlk_tbl_01407,std_tbl_02797;9;proc_tbl_00314,gob_tbl_02960,dlk_tbl_01378,dlk_tbl_01300,dash_tbl_02411,gob_ext_00109,dash_ext_00128,gob_ext_00097,proc_ext_00228
gob_proceso_0160;3;dlk_tbl_02926,std_tbl_02070,m4vw_tbl_00831;9;gob_tbl_01791,gob_tbl_02656,dlk_tbl_00032,gob_tbl_02626,dlk_tbl_01487,dlk_ext_00087,dlk_ext_00100,dlk_ext_00316,dlk_ext_00185
dlk_proceso_0161;3;dlk_tbl_02588,gob_tbl_00083,proc_tbl_01558;12;proc_tbl_03184,dlk_tbl_00790,dash_tbl_00946,std_tbl_02601,gob_tbl_00983,proc_tbl_03080,dlk_tbl_02801,gob_ext_00151,dlk_ext_00330,proc_ext_00246,proc_ext_00022,proc_ext_00281
dlk_proceso_0162;4;dlk_tbl_03152,m4vw_tbl_02687,proc_tbl_02487,gob_tbl_00548;11;gob_tbl_02062,dlk_tbl_03004,dlk_tbl_01244,gob_tbl_01426,gob_tbl_00241,std_tbl_00129,proc_ext_00237,gob_ext_00151,std_ext_00396,dlk_ext_00221,gob_ext_00011
dlk_proceso_0163;7;proc_tbl_00951,dlk_tbl_02227,dlk_tbl_02306,dlk_tbl_01678,dlk_tbl_02975,dlk_tbl_00665,dlk_tbl_00313;9;dlk_tbl_00945,dlk_tbl_02744,dlk_tbl_01887,proc_tbl_02738,dlk_tbl_00663,gob_ext_00415,gob_ext_00490,gob_ext_00363,dlk_ext_00093
dlk_proceso_0164;6;dlk_tbl_01420,dlk_tbl_02420,gob_tbl_01137,proc_tbl_01776,dlk_tbl_01963,dash_tbl_02577;9;gob_tbl_01517,gob_tbl_03144,gob_tbl_02310,dlk_tbl_02529,std_tbl_01697,proc_ext_00271,gob_ext_00452,dlk_ext_00390,gob_ext_00203
gob_proceso_0165;4;gob_tbl_00163,dash_tbl_01184,gob_tbl_03062,gob_tbl_00208;8;proc_tbl_02640,gob_tbl_00526,std_tbl_01474,gob_tbl_02192,proc_tbl_00844,proc_ext_00294,dash_ext_00432,dlk_ext_00185
gob_proceso_0166;6;dash_tbl_02477,gob_tbl_02996,dlk_tbl_01959,gob_tbl_01316,proc_tbl_03143,gob_tbl_00427;15;gob_tbl_01255,gob_tbl_01301,std_tbl_03225,dlk_tbl_00834,dlk_tbl_00063,dlk_tbl_02420,gob_tbl_02547,dlk_tbl_01935,dlk_tbl_01781,gob_ext_00364,gob_ext_00099,gob_ext_00053,dash_ext_00384,gob_ext_00187,gob_ext_00346
proc_proceso_0167;8;proc_tbl_00821,gob_tbl_01118,gob_tbl_03102,dlk_tbl_01340,proc_tbl_02494,gob_tbl_02576,dlk_tbl_01586,dlk_tbl_02215;5;dlk_tbl_02505,gob_tbl_01463,dash_tbl_00028,proc_ext_00237,proc_ext_00127
proc_proceso_0168;6;gob_tbl_02814,gob_tbl_01800,ppn_tbl_03246,dash_tbl_00593,gob_tbl_01760,dlk_tbl_01571;16;gob_tbl_00768,gob_tbl_02280,dlk_tbl_02416,gob_tbl_02850,dlk_tbl_02050,gob_tbl_03346,dlk_tbl_01801,dlk_tbl_02283,dlk_tbl_03109,dlk_ext_00330,dlk_ext_00368,dash_ext_00073,m4vw_ext_00307,proc_ext_00304,dlk_ext_00354,gob_ext_00466
gob_proceso_0169;3;gob_tbl_00755,proc_tbl_01511,dlk_tbl_00834;13;dash_tbl_03050,gob_tbl_00158,gob_tbl_01164,dlk_tbl_01298,gob_tbl_02212,gob_tbl_02496,gob_tbl_01909,gob_ext_00256,gob_ext_00135,gob_ext_00000,gob_ext_00144,dlk_ext_00402,gob_ext_00263
dlk_proceso_0170;3;gob_tbl_01942,std_tbl_02338,proc_tbl_00862;10;proc_tbl_01277,proc_tbl_00381,gob_tbl_00018,dlk_tbl_02540,dlk_tbl_03033,dlk_tbl_02664,gob_ext_00454,dlk_ext_00316,gob_ext_00340,gob_ext_00137
dlk_proceso_0171;3;dlk_tbl_01190,dlk_tbl_00218,gob_tbl_01792;14;gob_tbl_02906,dlk_tbl_02128,gob_tbl_01891,gob_tbl_00398,dash_tbl_02690,gob_tbl_03308,dlk_tbl_02072,dlk_tbl_03290,dlk_ext_00368,dlk_ext_00386,proc_ext_00304,proc_ext_00282,dlk_ext_00470,dlk_ext_00460
dlk_proceso_0172;3;dash_tbl_00566,proc_tbl_01331,dlk_tbl_00683;11;dlk_tbl_00236,gob_tbl_00878,m4sco_tbl_00128,dash_tbl_00004,dlk_tbl_02916,gob_tbl_02649,dlk_ext_00272,dlk_ext_00450,dlk_ext_00418,gob_ext_00283,dlk_ext_00298
dlk_proceso_0173;7;proc_tbl_02000,proc_tbl_00820,dlk_tbl_01836,gob_tbl_01739,gob_tbl_02438,gob_tbl_02456,m4sco_tbl_01523;9;m4vw_tbl_01515,dlk_tbl_02086,gob_tbl_01027,dlk_tbl_02776,dlk_tbl_03245,gob_ext_00053,dlk_ext_00095,gob_ext_00225,proc_ext_00237
proc_proceso_0174;3;gob_tbl_01936,dlk_tbl_03249,gob_tbl_02885;8;gob_tbl_03040,std_tbl_01211,dlk_tbl_03078,dash_tbl_01591,gob_tbl_01985,dlk_ext_00390,dash_ext_00229,gob_ext_00113
gob_proceso_0175;3;proc_tbl_00336,dlk_tbl_02805,dlk_tbl_00154;17;gob_tbl_01214,dlk_tbl_00079,gob_tbl_00432,proc_tbl_02875,dlk_tbl_01781,dlk_tbl_00351,gob_tbl_01660,gob_tbl_02781,gob_tbl_01709,gob_tbl_01315,m4sco_ext_00074,dlk_ext_00296,gob_ext_00429,gob_ext_00041,proc_ext_00047,dlk_ext_00400,gob_ext_00135
dlk_proceso_0176;4;dlk_tbl_00237,dlk_tbl_02506,gob_tbl_02149,dash_tbl_03050;4;gob_tbl_02240,gob_tbl_01980,gob_ext_00135,dlk_ext_00123
dlk_proceso_0177;6;dash_tbl_03134,proc_tbl_03073,dlk_tbl_02555,dlk_tbl_02961,gob_tbl_02632,dlk_tbl_03057;9;gob_tbl_00172,proc_tbl_01736,dlk_tbl_02401,gob_tbl_02304,dlk_tbl_02293,gob_ext_00329,gob_ext_00393,dlk_ext_00277,dlk_ext_00338
gob_proceso_0178;2;dlk_tbl_01346,gob_tbl_01371;5;gob_tbl_01659,gob_tbl_00442,gob_tbl_01859,dash_ext_00433,dash_ext_00239
dlk_proceso_0179;5;dlk_tbl_03028,dlk_tbl_00101,gob_tbl_00843,dlk_tbl_02486,gob_tbl_00886;16;gob_tbl_02960,dlk_tbl_02807,gob_tbl_03291,gob_tbl_01311,dash_tbl_03105,proc_tbl_01257,dash_tbl_01724,proc_tbl_00758,dash_tbl_00395,proc_ext_00031,proc_ext_00127,dlk_ext_00450,dlk_ext_00370,gob_ext_00340,gob_ext_00332,proc_ext_00139
dlk_proceso_0180;2;gob_tbl_03182,gob_tbl_01439;8;dlk_tbl_01098,gob_tbl_02620,gob_tbl_01755,dlk_tbl_01878,dlk_tbl_00722,gob_ext_00323,gob_ext_00144,m4vw_ext_00193
dash_proceso_0181;5;gob_tbl_02663,gob_tbl_00414,dlk_tbl_00867,gob_tbl_01326,dlk_tbl_02913;8;dlk_tbl_02684,dlk_tbl_03091,gob_tbl_01627,gob_tbl_00442,gob_tbl_03287,proc_ext_00180,dlk_ext_00371,dlk_ext_00112
dlk_proceso_0182;3;dlk_tbl_01408,gob_tbl_00439,dlk_tbl_02303;7;gob_tbl_03139,dash_tbl_00004,dlk_tbl_00805,gob_tbl_00396,gob_ext_00415,dash_ext_00175,gob_ext_00465
dlk_proceso_0183;3;dlk_tbl_01136,gob_tbl_01660,gob_tbl_02554;14;proc_tbl_01252,gob_tbl_02090,dlk_tbl_01609,proc_tbl_02596,gob_tbl_01804,gob_tbl_00605,gob_tbl_00279,dlk_tbl_02905,dlk_ext_00354,gob_ext_00223,proc_ext_00181,proc_ext_00383,dlk_ext_00055,m4sco_ext_00074
proc_proceso_0184;5;gob_tbl_02029,dlk_tbl_01154,dlk_tbl_02313,gob_tbl_00931,dlk_tbl_01559;16;proc_tbl_02114,dlk_tbl_01604,gob_tbl_01235,dash_tbl_01934,dlk_tbl_03109,gob_tbl_00911,gob_tbl_03292,dlk_tbl_00224,dlk_tbl_03224,gob_ext_00241,gob_ext_00387,gob_ext_00406,proc_ext_00383,gob_ext_00097,dlk_ext_00422,proc_ext_00246
dlk_proceso_0185;3;gob_tbl_01861,dlk_tbl_01695,dlk_tbl_02476;9;dlk_tbl_03109,proc_tbl_02494,proc_tbl_02530,m4vw_tbl_01515,dlk_tbl_03242,gob_ext_00361,dlk_ext_00386,gob_ext_00017,gob_ext_00011
proc_proceso_0186;7;gob_tbl_00192,dash_tbl_02246,gob_tbl_02498,m4vw_tbl_01802,gob_tbl_03107,gob_tbl_00707,gob_tbl_02864;9;gob_tbl_00609,dlk_tbl_01571,dlk_tbl_02825,gob_tbl_00856,gob_tbl_01782,dlk_ext_00330,gob_ext_00135,std_ext_00317,dash_ext_00265
gob_proceso_0187;4;dash_tbl_01597,dlk_tbl_03090,gob_tbl_00442,proc_tbl_01323;17;dash_tbl_00460,proc_tbl_00789,proc_tbl_01554,dash_tbl_01397,dlk_tbl_03032,gob_tbl_00823,dlk_tbl_02932,dlk_tbl_00814,gob_tbl_01619,dlk_tbl_02039,dlk_ext_00185,dlk_ext_00189,proc_ext_00022,gob_ext_00011,gob_ext_00086,dlk_ext_00440,std_ext_00317
gob_proceso_0188;4;gob_tbl_02139,gob_tbl_02462,gob_tbl_01389,proc_tbl_02693;6;dlk_tbl_03138,dlk_tbl_03191,dlk_tbl_02726,dlk_ext_00101,dash_ext_00355,dlk_ext_00379
dlk_proceso_0189;6;dlk_tbl_00368,gob_tbl_02766,dlk_tbl_01322,dash_tbl_01765,proc_tbl_00417,dash_tbl_00090;4;dlk_tbl_01434,std_tbl_02154,proc_ext_00027,dash_ext_00036
proc_proceso_0190;3;gob_tbl_02952,dlk_tbl_00811,dlk_tbl_01961;8;gob_tbl_01767,proc_tbl_03041,gob_tbl_00674,proc_tbl_00261,proc_tbl_02092,dlk_ext_00145,dlk_ext_00491,dlk_ext_00055
proc_proceso_0191;7;gob_tbl_02127,dlk_tbl_01708,dlk_tbl_01880,dlk_tbl_00080,dlk_tbl_01549,dlk_tbl_00422,dlk_tbl_00068;15;dlk_tbl_02379,dlk_tbl_00334,proc_tbl_02250,dlk_tbl_02416,proc_tbl_02278,dlk_tbl_01941,std_tbl_00268,dlk_tbl_00537,proc_tbl_01812,dlk_ext_00379,gob_ext_00067,dlk_ext_00205,dlk_ext_00287,gob_ext_00387,dlk_ext_00066
dash_proceso_0192;6;dash_tbl_00455,gob_tbl_01881,dlk_tbl_00243,dlk_tbl_01472,gob_tbl_02348,gob_tbl_02607;16;gob_tbl_01069,proc_tbl_00394,gob_tbl_02469,dlk_tbl_01552,gob_tbl_02560,gob_tbl_01907,proc_tbl_00476,gob_tbl_00228,dlk_tbl_00537,dlk_ext_00287,dlk_ext_00402,gob_ext_00194,proc_ext_00139,proc_ext_00047,dlk_ext_00188,proc_ext_00271
gob_proceso_0193;2;gob_tbl_03366,gob_tbl_01111;10;m4vw_tbl_01529,proc_tbl_00143,m4sco_tbl_00128,gob_tbl_02774,dlk_tbl_00571,dlk_tbl_01914,gob_ext_00323,dlk_ext_00108,dlk_ext_00312,proc_ext_00237
gob_proceso_0194;5;gob_tbl_01553,gob_tbl_00897,gob_tbl_03013,m4sco_tbl_00205,dlk_tbl_01575;10;dlk_tbl_00154,gob_tbl_02666,dlk_tbl_00236,gob_tbl_03071,dlk_tbl_02355,dlk_tbl_01824,dlk_ext_00370,gob_ext_00224,dlk_ext_00075,dlk_ext_00107
dlk_proceso_0195;2;gob_tbl_00190,dash_tbl_02965;6;proc_tbl_00456,dash_tbl_00711,gob_tbl_02191,proc_ext_00303,dlk_ext_00250,dash_ext_00163
dlk_proceso_0196;6;dash_tbl_02886,dash_tbl_02986,proc_tbl_01869,gob_tbl_01992,proc_tbl_00001,dlk_tbl_02144;10;dlk_tbl_02787,gob_tbl_00279,gob_tbl_01627,dlk_tbl_03024,gob_tbl_01905,gob_tbl_01356,std_ext_00317,dlk_ext_00093,dlk_ext_00312,dash_ext_00445
proc_proceso_0197;5;proc_tbl_02481,m4sco_tbl_02587,dlk_tbl_02707,dash_tbl_01446,std_tbl_02751;8;dlk_tbl_01103,gob_tbl_00983,std_tbl_02854,gob_tbl_00788,gob_tbl_02170,proc_ext_00367,dlk_ext_00123,dash_ext_00111
dlk_proceso_0198;3;proc_tbl_00476,dlk_tbl_03121,dash_tbl_02600;9;proc_tbl_00342,proc_tbl_00764,proc_tbl_02518,gob_tbl_03203,dlk_tbl_00643,m4vw_ext_00005,dash_ext_00389,gob_ext_00135,gob_ext_00040
dash_proceso_0199;4;m4vw_tbl_00611,gob_tbl_00941,gob_tbl_02966,dlk_tbl_00989;12;gob_tbl_00985,gob_tbl_03203,gob_tbl_02300,std_tbl_01242,dlk_tbl_01731,gob_tbl_02189,dlk_tbl_01113,dash_ext_00433,gob_ext_00406,gob_ext_00144,m4sco_ext_00495,dlk_ext_00189
gob_proceso_0200;7;dlk_tbl_02579,gob_tbl_02256,dlk_tbl_02422,dlk_tbl_00782,proc_tbl_01857,gob_tbl_01581,dlk_tbl_02238;10;dash_tbl_03021,gob_tbl_01012,gob_tbl_00526,dlk_tbl_02524,std_tbl_01025,gob_tbl_01592,dlk_ext_00371,gob_ext_00172,dash_ext_00269,gob_ext_00332
proc_proceso_0201;2;gob_tbl_01996,gob_tbl_02194;7;gob_tbl_00574,dlk_tbl_02004,proc_tbl_01605,proc_tbl_01478,dash_ext_00002,dlk_ext_00219,proc_ext_00318
dlk_proceso_0202;4;dash_tbl_01132,gob_tbl_01643,gob_tbl_01709,proc_tbl_00686;17;dlk_tbl_00351,proc_tbl_02213,gob_tbl_00608,dlk_tbl_01299,std_tbl_01373,dash_tbl_00111,dash_tbl_02710,dlk_tbl_02627,proc_tbl_02095,m4vw_tbl_00232,gob_ext_00403,dlk_ext_00386,gob_ext_00410,proc_ext_00206,m4vw_ext_00394,proc_ext_00359,gob_ext_00097
dlk_proceso_0203;3;std_tbl_02154,gob_tbl_00356,std_tbl_00892;12;proc_tbl_00764,dlk_tbl_02713,proc_tbl_01528,m4vw_tbl_00778,dash_tbl_03200,proc_tbl_01849,gob_tbl_02918,dlk_ext_00262,gob_ext_00144,gob_ext_00017,dlk_ext_00052,gob_ext_00097
gob_proceso_0204;3;dlk_tbl_00377,dlk_tbl_01424,proc_tbl_02585;9;gob_tbl_02164,gob_tbl_01891,gob_tbl_02512,proc_tbl_01727,gob_tbl_02065,dlk_ext_00456,gob_ext_00350,dlk_ext_00069,proc_ext_00237
dlk_proceso_0205;6;dlk_tbl_01433,dlk_tbl_01475,gob_tbl_01707,proc_tbl_01681,proc_tbl_00733,dash_tbl_01738;10;dlk_tbl_00207,dlk_tbl_01357,gob_tbl_01026,dlk_tbl_00296,proc_tbl_01257,proc_tbl_01167,dlk_ext_00068,dlk_ext_00439,dlk_ext_00356,dlk_ext_00238
dlk_proceso_0206;8;dlk_tbl_00498,gob_tbl_00673,dash_tbl_02094,gob_tbl_03322,std_tbl_00136,dash_tbl_02145,proc_tbl_00928,dlk_tbl_01873;9;gob_tbl_00414,ppn_tbl_01766,m4sco_tbl_00253,dlk_tbl_03199,proc_tbl_01422,dlk_ext_00457,dlk_ext_00166,gob_ext_00048,gob_ext_00429
proc_proceso_0207;6;dlk_tbl_00895,dlk_tbl_01716,dlk_tbl_03282,dlk_tbl_02646,proc_tbl_00731,dlk_tbl_00676;10;gob_tbl_00746,dlk_tbl_02241,gob_tbl_00843,gob_tbl_01316,gob_tbl_01835,gob_tbl_01909,proc_ext_00029,gob_ext_00245,gob_ext_00160,dlk_ext_00428
proc_proceso_0208;2;dlk_tbl_02181,dlk_tbl_00139;5;proc_tbl_00389,gob_tbl_03244,dlk_tbl_01507,gob_ext_00414,dlk_ext_00330
gob_proceso_0209;6;gob_tbl_00044,dlk_tbl_02760,proc_tbl_00204,gob_tbl_01237,dash_tbl_00703,dlk_tbl_02138;21;dlk_tbl_03251,m4vw_tbl_02347,dash_tbl_01476,proc_tbl_02589,dlk_tbl_01939,std_tbl_01011,gob_tbl_02770,dlk_tbl_02907,dlk_tbl_00376,proc_tbl_01303,proc_tbl_01478,dlk_tbl_02866,dlk_ext_00015,proc_ext_00318,gob_ext_00172,dlk_ext_00457,gob_ext_00352,dlk_ext_00093,gob_ext_00191,dlk_ext_00424,gob_ext_00490
gob_proceso_0210;5;gob_tbl_03343,gob_tbl_00994,gob_tbl_01632,gob_tbl_00592,dash_tbl_01471;8;dlk_tbl_00296,gob_tbl_02165,gob_tbl_03323,gob_tbl_03234,dlk_tbl_00207,gob_ext_00207,gob_ext_00350,gob_ext_00186
proc_proceso_0211;6;proc_tbl_01083,proc_tbl_01825,gob_tbl_00290,dash_tbl_00489,proc_tbl_00912,m4vw_tbl_01515;13;gob_tbl_01944,gob_tbl_01896,proc_tbl_00560,gob_tbl_02159,proc_tbl_01962,dlk_tbl_01565,gob_tbl_01694,dash_ext_00488,m4vw_ext_00307,dlk_ext_00025,dlk_ext_00075,dlk_ext_00485,gob_ext_00137
gob_proceso_0212;7;dlk_tbl_01053,gob_tbl_00802,proc_tbl_00260,dash_tbl_02802,gob_tbl_01126,gob_tbl_03262,gob_tbl_03160;11;std_tbl_00000,gob_tbl_01405,dash_tbl_03021,dash_tbl_01934,gob_tbl_00526,dlk_tbl_00116,dlk_ext_00277,gob_ext_00452,dlk_ext_00250,proc_ext_00435,dash_ext_00229
proc_proceso_0213;4;gob_tbl_02186,std_tbl_02166,dlk_tbl_01391,gob_tbl_03071;10;dlk_tbl_03209,dlk_tbl_00282,proc_tbl_00049,dash_tbl_00070,gob_tbl_00158,m4sco_tbl_00894,gob_ext_00361,gob_ext_00085,gob_ext_00352,dlk_ext_00254
proc_proceso_0214;5;dlk_tbl_02173,gob_tbl_00372,ppn_tbl_00896,dlk_tbl_00506,gob_tbl_02953;12;dlk_tbl_02546,dlk_tbl_00777,gob_tbl_01177,dlk_tbl_00464,gob_tbl_00678,std_tbl_02927,proc_tbl_03219,dlk_ext_00378,dlk_ext_00309,dlk_ext_00185,proc_ext_00382,dash_ext_00229
dlk_proceso_0215;5;dlk_tbl_03119,dlk_tbl_00518,proc_tbl_01582,proc_tbl_00138,m4sco_tbl_00524;12;proc_tbl_00660,proc_tbl_00390,dash_tbl_02096,dlk_tbl_02579,gob_tbl_01764,dlk_tbl_00883,dlk_tbl_01836,dlk_ext_00477,m4vw_ext_00307,dlk_ext_00065,gob_ext_00466,dash_ext_00389
gob_proceso_0216;4;dlk_tbl_03296,gob_tbl_01117,std_tbl_01477,m4vw_tbl_00135;9;proc_tbl_01150,dlk_tbl_02293,m4vw_tbl_01120,gob_tbl_02850,proc_tbl_02841,gob_ext_00393,dlk_ext_00124,gob_ext_00407,dlk_ext_00284
dlk_proceso_0217;3;gob_tbl_01745,dlk_tbl_01377,dlk_tbl_01421;14;proc_tbl_00161,proc_tbl_03243,gob_tbl_01075,gob_tbl_02708,gob_tbl_00674,dlk_tbl_03016,dash_tbl_02253,dlk_tbl_02325,dlk_ext_00089,proc_ext_00443,dlk_ext_00008,dash_ext_00001,gob_ext_00037,gob_ext_00397
dlk_proceso_0218;2;std_tbl_02955,ppn_tbl_01040;9;gob_tbl_03114,proc_tbl_00408,std_tbl_02204,dlk_tbl_03209,gob_tbl_00222,dlk_ext_00075,std_ext_00159,proc_ext_00467,dlk_ext_00371
dlk_proceso_0219;2;dlk_tbl_01429,dlk_tbl_01056;7;dlk_tbl_00449,dlk_tbl_02617,gob_tbl_02890,dash_tbl_03264,dlk_ext_00145,std_ext_00159,gob_ext_00393
dlk_proceso_0220;6;proc_tbl_02257,dlk_tbl_02297,dlk_tbl_01008,dlk_tbl_02371,gob_tbl_02022,proc_tbl_01919;6;dlk_tbl_00588,dlk_tbl_01817,dlk_tbl_03135,gob_ext_00125,gob_ext_00106,dlk_ext_00368
dlk_proceso_0221;3;ppn_tbl_00636,proc_tbl_01355,gob_tbl_02291;13;std_tbl_01360,proc_tbl_00715,gob_tbl_01671,dlk_tbl_03118,dlk_tbl_00945,proc_tbl_00803,gob_tbl_00734,proc_ext_00304,gob_ext_00244,dlk_ext_00185,gob_ext_00374,dlk_ext_00413,proc_ext_00047
proc_proceso_0222;6;gob_tbl_00507,std_tbl_01358,gob_tbl_02789,gob_tbl_01642,dlk_tbl_00462,gob_tbl_01938;10;dlk_tbl_00854,dash_tbl_02692,dlk_tbl_03245,gob_tbl_01553,gob_tbl_02192,gob_tbl_02248,dash_ext_00239,gob_ext_00446,dlk_ext_00087,gob_ext_00429
gob_proceso_0223;4;dlk_tbl_03067,dlk_tbl_03365,std_tbl_01044,dlk_tbl_01502;12;gob_tbl_02566,proc_tbl_01815,gob_tbl_02864,gob_tbl_02897,m4vw_tbl_01751,proc_tbl_00456,dlk_tbl_01264,dlk_ext_00089,proc_ext_00056,dlk_ext_00149,std_ext_00344,gob_ext_00263
gob_proceso_0224;6;dlk_tbl_00440,dlk_tbl_00464,dash_tbl_00626,gob_tbl_00166,dlk_tbl_01488,proc_tbl_02095;9;dlk_tbl_02994,dlk_tbl_01272,dash_tbl_00946,dlk_tbl_00328,gob_tbl_01662,gob_ext_00147,dash_ext_00269,dlk_ext_00368,proc_ext_00192
gob_proceso_0225;4;proc_tbl_01461,dlk_tbl_02217,gob_tbl_02541,proc_tbl_03193;7;gob_tbl_03013,dlk_tbl_01402,gob_tbl_02855,dlk_tbl_01557,m4vw_ext_00451,proc_ext_00483,proc_ext_00228
dlk_proceso_0226;2;dlk_tbl_01313,dlk_tbl_02963;9;dlk_tbl_02916,dlk_tbl_03310,dlk_tbl_01054,dlk_tbl_02617,proc_tbl_03115,gob_ext_00425,gob_ext_00053,dash_ext_00389,dlk_ext_00330
gob_proceso_0227;6;dlk_tbl_00657,gob_tbl_00193,dlk_tbl_02723,gob_tbl_02922,proc_tbl_02294,dlk_tbl_02180;11;m4vw_tbl_01687,dlk_tbl_00422,dash_tbl_03264,dlk_tbl_00311,proc_tbl_02810,gob_tbl_02523,gob_ext_00150,gob_ext_00490,std_ext_00103,gob_ext_00352,gob_ext_00053
dlk_proceso_0228;5;proc_tbl_02875,dlk_tbl_02563,gob_tbl_03052,dlk_tbl_02493,gob_tbl_00504;5;dlk_tbl_01378,gob_tbl_01405,gob_tbl_01280,proc_ext_00320,gob_ext_00151
dash_proceso_0229;5;dash_tbl_00312,gob_tbl_02889,dlk_tbl_02014,dash_tbl_01988,dlk_tbl_02993;10;dlk_tbl_00719,dlk_tbl_02244,gob_tbl_02101,dash_tbl_01067,gob_tbl_02033,gob_tbl_01960,proc_ext_00404,proc_ext_00467,gob_ext_00351,gob_ext_00018
dlk_proceso_0230;5;gob_tbl_03355,proc_tbl_02277,gob_tbl_03362,dlk_tbl_00497,gob_tbl_01179;5;dash_tbl_01715,gob_tbl_02219,dlk_tbl_02353,proc_ext_00249,dash_ext_00128
dlk_proceso_0231;5;proc_tbl_03006,gob_tbl_00827,proc_tbl_02091,proc_tbl_02824,dlk_tbl_00666;17;proc_tbl_01849,std_tbl_00293,dlk_tbl_01695,dlk_tbl_02578,dlk_tbl_01372,dlk_tbl_02190,dlk_tbl_01879,dlk_tbl_00097,gob_tbl_02221,dlk_tbl_03016,gob_ext_00414,dlk_ext_00219,dlk_ext_00301,proc_ext_00237,proc_ext_00016,proc_ext_00435,proc_ext_00092
gob_proceso_0232;5;dlk_tbl_01542,gob_tbl_02483,proc_tbl_01015,std_tbl_02051,dlk_tbl_03036;12;gob_tbl_02192,dlk_tbl_00391,gob_tbl_00845,m4sco_tbl_00631,proc_tbl_02475,proc_tbl_00935,gob_tbl_00465,dlk_ext_00055,gob_ext_00018,dlk_ext_00188,dlk_ext_00375,gob_ext_00099
proc_proceso_0233;4;gob_tbl_02156,proc_tbl_02536,dlk_tbl_02611,dlk_tbl_00523;8;dlk_tbl_00537,proc_tbl_01966,gob_tbl_02770,dlk_tbl_00462,proc_tbl_01478,dlk_ext_00268,gob_ext_00283,gob_ext_00182
dlk_proceso_0234;2;gob_tbl_03347,dlk_tbl_00523;15;gob_tbl_01936,dlk_tbl_01475,gob_tbl_01680,proc_tbl_03274,proc_tbl_00150,dlk_tbl_02619,dlk_tbl_03174,proc_tbl_02463,dlk_tbl_00038,gob_ext_00053,dlk_ext_00030,dlk_ext_00292,dlk_ext_00142,dlk_ext_00185,std_ext_00159
dash_proceso_0235;4;dlk_tbl_02465,gob_tbl_00746,dlk_tbl_02200,gob_tbl_03037;9;dlk_tbl_02704,dlk_tbl_02376,proc_tbl_02501,gob_tbl_02104,dlk_tbl_02825,gob_ext_00406,dlk_ext_00349,dlk_ext_00259,dlk_ext_00066
proc_proceso_0236;5;dlk_tbl_00343,gob_tbl_01759,dash_tbl_01732,gob_tbl_01193,proc_tbl_01469;7;gob_tbl_01859,dlk_tbl_00236,dlk_tbl_02401,m4vw_tbl_02857,dlk_ext_00280,dlk_ext_00210,gob_ext_00167
dlk_proceso_0237;4;dlk_tbl_02528,gob_tbl_02706,m4sco_tbl_03186,dlk_tbl_02689;8;gob_tbl_01689,dash_tbl_01397,dlk_tbl_00655,dlk_tbl_03339,gob_tbl_02080,gob_ext_00040,proc_ext_00359,gob_ext_00194
gob_proceso_0238;9;proc_tbl_01813,gob_tbl_01839,dlk_tbl_02068,proc_tbl_02392,dash_tbl_02747,gob_tbl_01361,gob_tbl_02439,gob_tbl_02052,gob_tbl_03241;14;proc_tbl_02000,gob_tbl_00924,dlk_tbl_01302,dlk_tbl_02072,gob_tbl_00190,gob_tbl_03127,gob_tbl_01985,dash_tbl_02249,dlk_ext_00149,dlk_ext_00100,dash_ext_00175,dlk_ext_00284,gob_ext_00017,dlk_ext_00081
gob_proceso_0239;3;gob_tbl_01201,gob_tbl_01486,proc_tbl_02738;4;dlk_tbl_00037,dash_tbl_00822,gob_ext_00097,gob_ext_00393
dlk_proceso_0240;3;gob_tbl_01701,dlk_tbl_01927,proc_tbl_02755;8;dlk_tbl_00218,dlk_tbl_00429,dlk_tbl_00625,gob_tbl_00651,dlk_tbl_01037,dlk_ext_00079,proc_ext_00127,proc_ext_00423
gob_proceso_0241;4;gob_tbl_03144,dlk_tbl_00291,gob_tbl_00533,gob_tbl_00887;7;dlk_tbl_02376,dlk_tbl_03024,proc_tbl_03219,gob_tbl_01151,dlk_ext_00368,proc_ext_00247,proc_ext_00029
gob_proceso_0242;6;gob_tbl_00721,dash_tbl_00233,gob_tbl_02651,dlk_tbl_00727,dlk_tbl_00491,dash_tbl_02502;6;dlk_tbl_01098,dlk_tbl_01957,dash_tbl_00775,gob_ext_00017,gob_ext_00151,std_ext_00214
gob_proceso_0243;4;dlk_tbl_00085,std_tbl_02337,dlk_tbl_01968,proc_tbl_01584;11;std_tbl_00315,dash_tbl_00775,dlk_tbl_03009,proc_tbl_03136,gob_tbl_02174,proc_tbl_02875,proc_ext_00249,m4sco_ext_00063,proc_ext_00430,gob_ext_00397,gob_ext_00465
proc_proceso_0244;5;ppn_tbl_02018,proc_tbl_01798,gob_tbl_03131,proc_tbl_00531,dlk_tbl_00835;16;gob_tbl_02252,gob_tbl_00437,gob_tbl_00752,dlk_tbl_00777,dlk_tbl_00051,dlk_tbl_02424,gob_tbl_01207,gob_tbl_03241,proc_tbl_03143,dlk_ext_00185,gob_ext_00077,ppn_ext_00325,gob_ext_00137,dash_ext_00140,gob_ext_00327,dlk_ext_00030
proc_proceso_0245;2;proc_tbl_03283,dlk_tbl_02344;15;dlk_tbl_00954,proc_tbl_02778,dlk_tbl_03109,gob_tbl_00752,gob_tbl_02165,ppn_tbl_02921,proc_tbl_02480,gob_tbl_02897,proc_tbl_01999,gob_ext_00454,gob_ext_00184,gob_ext_00051,gob_ext_00416,dlk_ext_00330,gob_ext_00329
gob_proceso_0246;4;dlk_tbl_00744,proc_tbl_01929,gob_tbl_01631,dlk_tbl_02231;14;gob_tbl_02575,dlk_tbl_02313,dlk_tbl_02730,gob_tbl_00645,dash_tbl_02976,dlk_tbl_00469,gob_tbl_00651,gob_tbl_02665,proc_ext_00318,gob_ext_00082,dlk_ext_00200,m4vw_ext_00299,dlk_ext_00368,gob_ext_00406
proc_proceso_0247;4;dlk_tbl_03010,proc_tbl_03041,gob_tbl_00929,dlk_tbl_02054;7;gob_tbl_00978,gob_tbl_01046,gob_tbl_02409,dash_tbl_02929,dlk_ext_00450,gob_ext_00125,gob_ext_00006
dlk_proceso_0248;4;dlk_tbl_00682,dash_tbl_02311,dash_tbl_02856,dash_tbl_00267;17;gob_tbl_01909,gob_tbl_02248,dlk_tbl_01574,dlk_tbl_03209,dlk_tbl_02008,dlk_tbl_03029,gob_tbl_02336,gob_tbl_02428,proc_tbl_00893,dlk_tbl_01917,gob_ext_00118,proc_ext_00467,dlk_ext_00330,dlk_ext_00295,gob_ext_00040,std_ext_00317,proc_ext_00105
gob_proceso_0249;5;gob_tbl_00690,dlk_tbl_02895,gob_tbl_00662,proc_tbl_00715,dlk_tbl_00024;13;dash_tbl_01988,proc_tbl_00832,dlk_tbl_02977,dlk_tbl_01783,dlk_tbl_02590,gob_tbl_01192,gob_tbl_00098,dlk_ext_00164,proc_ext_00218,std_ext_00317,proc_ext_00279,dlk_ext_00084,proc_ext_00328
dlk_proceso_0250;6;gob_tbl_00642,gob_tbl_02429,gob_tbl_00926,gob_tbl_01199,gob_tbl_03333,gob_tbl_01517;16;dlk_tbl_00676,dlk_tbl_01136,gob_tbl_00124,dlk_tbl_00428,dlk_tbl_01977,dash_tbl_02818,gob_tbl_00345,dlk_tbl_02242,gob_tbl_00982,dlk_ext_00477,dash_ext_00175,dlk_ext_00065,proc_ext_00035,gob_ext_00332,dlk_ext_00145,proc_ext_00246
dlk_proceso_0251;4;dash_tbl_00868,dash_tbl_02745,proc_tbl_00906,dlk_tbl_01633;7;proc_tbl_00162,std_tbl_02797,dlk_tbl_00207,dash_tbl_03264,gob_ext_00352,dlk_ext_00098,dlk_ext_00371
proc_proceso_0252;3;gob_tbl_03023,gob_tbl_02598,dlk_tbl_00355;13;proc_tbl_01021,dlk_tbl_01321,dlk_tbl_00040,gob_tbl_03366,dlk_tbl_01010,m4vw_tbl_00563,gob_tbl_01356,proc_ext_00047,dlk_ext_00059,dlk_ext_00301,gob_ext_00329,gob_ext_00415,gob_ext_00458
gob_proceso_0253;2;gob_tbl_00761,dlk_tbl_00586;9;dlk_tbl_00745,gob_tbl_00301,dlk_tbl_02264,dlk_tbl_00224,gob_tbl_02149,dlk_ext_00234,m4vw_ext_00307,std_ext_00004,proc_ext_00359
gob_proceso_0254;4;gob_tbl_02315,gob_tbl_01583,gob_tbl_02855,dlk_tbl_00400;12;dash_tbl_00921,dlk_tbl_03117,gob_tbl_00356,gob_tbl_02448,gob_tbl_01316,m4sco_tbl_01570,gob_tbl_02635,dlk_ext_00261,gob_ext_00406,dlk_ext_00330,gob_ext_00223,dlk_ext_00152
proc_proceso_0255;6;gob_tbl_03051,gob_tbl_02434,dlk_tbl_02787,dlk_tbl_00815,proc_tbl_00102,dlk_tbl_02098;10;gob_tbl_00445,dlk_tbl_03288,proc_tbl_03143,dlk_tbl_03221,dlk_tbl_02003,gob_tbl_02282,proc_ext_00148,dlk_ext_00289,dlk_ext_00136,gob_ext_00260
dlk_proceso_0256;3;gob_tbl_02720,dlk_tbl_01527,gob_tbl_02148;14;dlk_tbl_00333,proc_tbl_00759,gob_tbl_02594,dlk_tbl_03315,dlk_tbl_00126,gob_tbl_00605,dlk_tbl_00426,dlk_tbl_01586,gob_ext_00109,dlk_ext_00145,proc_ext_00282,proc_ext_00192,proc_ext_00220,dash_ext_00389
dlk_proceso_0257;4;gob_tbl_01142,gob_tbl_01405,dash_tbl_00681,proc_tbl_02645;4;dlk_tbl_00900,dlk_tbl_01636,dlk_ext_00219,proc_ext_00467
dash_proceso_0258;4;gob_tbl_00664,m4sco_tbl_00557,proc_tbl_00839,m4vw_tbl_03350;6;dash_tbl_00386,gob_tbl_02216,dlk_tbl_02696,dlk_ext_00112,dlk_ext_00230,dlk_ext_00178
proc_proceso_0259;2;m4vw_tbl_02673,gob_tbl_02409;8;dlk_tbl_01609,dlk_tbl_00551,proc_tbl_03143,dash_tbl_01333,dlk_tbl_01090,gob_ext_00425,dlk_ext_00025,gob_ext_00454
dlk_proceso_0260;4;dlk_tbl_00881,gob_tbl_00735,dash_tbl_01412,gob_tbl_02621;13;dlk_tbl_02086,proc_tbl_02091,dlk_tbl_00682,dash_tbl_01617,dlk_tbl_00296,dlk_tbl_02084,std_tbl_00119,std_ext_00396,dlk_ext_00217,proc_ext_00031,dlk_ext_00463,gob_ext_00350,dlk_ext_00485
dlk_proceso_0261;7;gob_tbl_00873,dlk_tbl_01010,dlk_tbl_00916,gob_tbl_00483,m4vw_tbl_01494,dlk_tbl_02015,gob_tbl_00985;6;dlk_tbl_00666,gob_tbl_03097,proc_tbl_01605,dlk_ext_00386,gob_ext_00253,gob_ext_00244
dash_proceso_0262;6;dlk_tbl_00285,std_tbl_01697,ppn_tbl_00319,std_tbl_01943,dlk_tbl_00745,proc_tbl_01550;13;gob_tbl_01588,dash_tbl_01934,m4vw_tbl_01751,dlk_tbl_03057,gob_tbl_03013,gob_tbl_00527,proc_tbl_03180,gob_ext_00114,dlk_ext_00480,dlk_ext_00089,dlk_ext_00353,m4vw_ext_00451,gob_ext_00392
gob_proceso_0263;6;proc_tbl_01422,dlk_tbl_03120,dash_tbl_02637,gob_tbl_02666,dlk_tbl_02298,gob_tbl_02324;13;proc_tbl_00191,gob_tbl_00527,std_tbl_00052,gob_tbl_01177,dash_tbl_01295,dlk_tbl_01194,dlk_tbl_02627,proc_ext_00281,m4sco_ext_00117,dlk_ext_00390,gob_ext_00226,dlk_ext_00015,dlk_ext_00450
dlk_proceso_0264;2;dlk_tbl_00981,gob_tbl_02164;5;dlk_tbl_01609,dash_tbl_00489,dlk_tbl_02379,m4sco_ext_00495,dlk_ext_00079
dlk_proceso_0265;4;gob_tbl_01064,dlk_tbl_01801,dlk_tbl_00282,dlk_tbl_01498;6;gob_tbl_02196,proc_tbl_00957,proc_tbl_02289,dlk_ext_00219,gob_ext_00329,dlk_ext_00284
dlk_proceso_0266;6;gob_tbl_01255,m4sco_tbl_00305,dlk_tbl_02664,proc_tbl_00387,ppn_tbl_00198,dlk_tbl_02163;11;dlk_tbl_00304,dlk_tbl_03248,proc_tbl_00423,dash_tbl_00455,gob_tbl_02562,std_tbl_02154,m4sco_ext_00063,dash_ext_00433,proc_ext_00318,gob_ext_00258,dlk_ext_00401
dlk_proceso_0267;5;gob_tbl_01393,dlk_tbl_00383,gob_tbl_01619,dlk_tbl_01378,std_tbl_00064;14;gob_tbl_01075,proc_tbl_00759,gob_tbl_02056,std_tbl_02601,ppn_tbl_02018,dash_tbl_00785,proc_tbl_00789,dlk_tbl_01160,m4vw_ext_00369,dlk_ext_00440,dlk_ext_00185,gob_ext_00364,gob_ext_00007,dash_ext_00239
dlk_proceso_0268;5;gob_tbl_01125,dlk_tbl_02457,dlk_tbl_02089,proc_tbl_00087,gob_tbl_03226;13;proc_tbl_02519,dlk_tbl_02806,gob_tbl_01986,dlk_tbl_01572,dlk_tbl_00169,gob_tbl_01936,dlk_tbl_02627,dlk_ext_00489,gob_ext_00039,dlk_ext_00145,dlk_ext_00123,dlk_ext_00149,gob_ext_00041
dlk_proceso_0269;3;dlk_tbl_03251,proc_tbl_02289,gob_tbl_00099;6;dlk_tbl_01993,proc_tbl_02158,dlk_tbl_03201,gob_ext_00191,proc_ext_00029,gob_ext_00329
dlk_proceso_0270;2;dash_tbl_01955,gob_tbl_01207;9;proc_tbl_01849,dlk_tbl_00388,dash_tbl_01266,dlk_tbl_00653,dlk_tbl_00207,gob_ext_00037,gob_ext_00297,dlk_ext_00219,dlk_ext_00055
proc_proceso_0271;6;gob_tbl_03081,proc_tbl_01414,ppn_tbl_00760,dlk_tbl_01587,gob_tbl_02017,ppn_tbl_03089;8;ppn_tbl_01766,proc_tbl_03063,gob_tbl_00640,gob_tbl_00179,gob_tbl_01903,dlk_ext_00349,gob_ext_00097,dlk_ext_00469
gob_proceso_0272;4;gob_tbl_03203,std_tbl_01679,dlk_tbl_00847,dash_tbl_02514;10;dlk_tbl_01682,gob_tbl_00714,dlk_tbl_02085,m4vw_tbl_01529,gob_tbl_00645,gob_tbl_03189,gob_ext_00037,gob_ext_00332,proc_ext_00442,dash_ext_00111
dlk_proceso_0273;3;proc_tbl_03053,proc_tbl_01675,gob_tbl_01667;6;dlk_tbl_03242,proc_tbl_01128,std_tbl_00583,proc_ext_00027,dlk_ext_00087,dlk_ext_00409
dlk_proceso_0274;6;dlk_tbl_00587,dlk_tbl_00365,gob_tbl_03122,gob_tbl_02108,gob_tbl_02948,proc_tbl_00888;13;dash_tbl_00626,proc_tbl_02114,dlk_tbl_00713,m4vw_tbl_01101,dlk_tbl_01826,gob_tbl_02374,gob_tbl_03240,gob_ext_00201,dash_ext_00088,gob_ext_00113,dlk_ext_00124,m4vw_ext_00299,gob_ext_00150
gob_proceso_0275;6;std_tbl_00692,dlk_tbl_00230,dlk_tbl_00730,dlk_tbl_01663,dlk_tbl_00668,gob_tbl_02237;13;dlk_tbl_01450,dlk_tbl_01990,dash_tbl_01974,gob_tbl_01971,std_tbl_02785,ppn_tbl_03027,gob_tbl_03015,gob_ext_00452,dlk_ext_00068,gob_ext_00241,m4sco_ext_00117,dlk_ext_00093,gob_ext_00283
dlk_proceso_0276;5;dlk_tbl_03316,dlk_tbl_02286,proc_tbl_02695,dlk_tbl_01098,gob_tbl_00223;12;proc_tbl_02261,gob_tbl_03132,dlk_tbl_01836,proc_tbl_02114,gob_tbl_01666,dlk_tbl_02478,dlk_tbl_01010,proc_ext_00027,proc_ext_00359,dlk_ext_00166,gob_ext_00151,gob_ext_00415
gob_proceso_0277;6;dash_tbl_03265,std_tbl_01191,proc_tbl_01307,dlk_tbl_02951,dash_tbl_02959,gob_tbl_01585;16;gob_tbl_03102,gob_tbl_02127,gob_tbl_01435,dlk_tbl_00794,dlk_tbl_00220,gob_tbl_02348,proc_tbl_01815,dlk_tbl_01888,dash_tbl_03077,dash_ext_00314,dash_ext_00128,gob_ext_00319,proc_ext_00192,dlk_ext_00289,dash_ext_00002,gob_ext_00050
proc_proceso_0278;4;gob_tbl_02101,proc_tbl_00818,dash_tbl_01338,proc_tbl_01145;10;dash_tbl_00478,dlk_tbl_00457,proc_tbl_01625,gob_tbl_03364,dlk_tbl_00848,dlk_tbl_02880,gob_ext_00137,gob_ext_00329,dlk_ext_00075,gob_ext_00270
dlk_proceso_0279;8;dash_tbl_01653,m4sco_tbl_02305,proc_tbl_01265,std_tbl_01626,gob_tbl_02612,gob_tbl_01775,std_tbl_00590,dash_tbl_02081;5;dlk_tbl_01753,dlk_tbl_03067,proc_tbl_00560,m4vw_ext_00394,proc_ext_00453
dlk_proceso_0280;3;dlk_tbl_01394,gob_tbl_00412,gob_tbl_02326;5;gob_tbl_01426,std_tbl_00702,dlk_tbl_00484,gob_ext_00114,proc_ext_00228
dash_proceso_0281;2;std_tbl_00850,dlk_tbl_02236;13;proc_tbl_02595,dlk_tbl_00889,gob_tbl_01415,gob_tbl_00062,gob_tbl_02613,dlk_tbl_01434,proc_tbl_01637,std_ext_00212,gob_ext_00040,dash_ext_00044,gob_ext_00283,proc_ext_00324,gob_ext_00113
dlk_proceso_0282;4;dlk_tbl_00790,gob_tbl_01431,gob_tbl_01261,dlk_tbl_00724;9;ppn_tbl_01262,dlk_tbl_02086,proc_tbl_01548,dlk_tbl_00808,gob_tbl_00755,gob_ext_00223,dlk_ext_00408,dlk_ext_00112,dlk_ext_00402
dlk_proceso_0283;3;gob_tbl_01480,dlk_tbl_00246,dlk_tbl_00201;9;gob_tbl_01239,proc_tbl_03193,std_tbl_03173,dash_tbl_00215,proc_tbl_01555,dlk_ext_00439,gob_ext_00203,proc_ext_00029,dlk_ext_00309
dlk_proceso_0284;4;dlk_tbl_02540,dlk_tbl_00081,proc_tbl_01774,proc_tbl_01670;7;dlk_tbl_01175,gob_tbl_01876,dash_tbl_03021,gob_tbl_00574,gob_ext_00326,dlk_ext_00386,dlk_ext_00110
proc_proceso_0285;2;gob_tbl_03108,proc_tbl_00729;15;dlk_tbl_00036,gob_tbl_02269,dlk_tbl_02682,gob_tbl_02663,gob_tbl_00734,gob_tbl_02956,gob_tbl_01833,dash_tbl_00766,gob_tbl_02185,dlk_ext_00348,dlk_ext_00413,m4sco_ext_00074,dlk_ext_00185,dlk_ext_00059,gob_ext_00322
gob_proceso_0286;4;dlk_tbl_02321,dlk_tbl_00043,gob_tbl_02902,dlk_tbl_02623;13;dlk_tbl_01489,gob_tbl_01767,proc_tbl_01379,proc_tbl_01068,proc_tbl_02494,gob_tbl_02170,dlk_tbl_01334,dlk_ext_00166,gob_ext_00099,dlk_ext_00145,m4vw_ext_00173,dash_ext_00034,dlk_ext_00096
gob_proceso_0287;4;dlk_tbl_03142,proc_tbl_02475,dlk_tbl_02103,gob_tbl_02995;6;proc_tbl_02413,dlk_tbl_03349,gob_tbl_01546,gob_ext_00364,dlk_ext_00202,m4vw_ext_00005
gob_proceso_0288;3;dlk_tbl_00748,dlk_tbl_00500,proc_tbl_00013;12;dlk_tbl_02935,proc_tbl_00278,dlk_tbl_00945,proc_tbl_02936,gob_tbl_01521,dlk_tbl_01808,std_tbl_00277,proc_ext_00209,dlk_ext_00313,gob_ext_00397,gob_ext_00223,dlk_ext_00379
proc_proceso_0289;5;proc_tbl_02510,std_tbl_00452,std_tbl_00393,dlk_tbl_01153,dlk_tbl_02974;9;proc_tbl_01736,gob_tbl_01002,dlk_tbl_00449,dlk_tbl_02085,gob_tbl_01030,dlk_ext_00033,m4sco_ext_00462,dlk_ext_00390,proc_ext_00139
gob_proceso_0290;7;dlk_tbl_00388,proc_tbl_02810,m4vw_tbl_00012,gob_tbl_00936,gob_tbl_00212,dlk_tbl_00110,dlk_tbl_01779;15;gob_tbl_02626,dlk_tbl_00358,std_tbl_00892,dlk_tbl_01016,dlk_tbl_00900,dlk_tbl_03223,dlk_tbl_00026,dlk_tbl_02303,gob_tbl_02931,dlk_ext_00015,dash_ext_00236,gob_ext_00135,proc_ext_00453,dlk_ext_00158,proc_ext_00318
gob_proceso_0291;6;dash_tbl_01617,dlk_tbl_02979,std_tbl_00157,dash_tbl_00570,gob_tbl_01834,gob_tbl_02111;6;std_tbl_00268,dlk_tbl_00972,gob_tbl_02545,ppn_ext_00227,m4sco_ext_00117,dlk_ext_00183
dlk_proceso_0292;7;dlk_tbl_00954,dlk_tbl_01004,m4sco_tbl_03231,gob_tbl_02115,gob_tbl_00124,gob_tbl_00823,proc_tbl_01269;20;dlk_tbl_01160,gob_tbl_02365,dlk_tbl_00805,gob_tbl_02750,gob_tbl_03114,dlk_tbl_02821,gob_tbl_02512,proc_tbl_01307,gob_tbl_01110,dash_tbl_02155,gob_tbl_00249,dlk_tbl_01829,dlk_ext_00385,gob_ext_00323,gob_ext_00475,proc_ext_00047,dlk_ext_00219,proc_ext_00209,gob_ext_00407,proc_ext_00443
gob_proceso_0293;3;proc_tbl_02893,gob_tbl_00098,dlk_tbl_03281;4;gob_tbl_00688,gob_tbl_00298,gob_ext_00387,proc_ext_00047
proc_proceso_0294;6;proc_tbl_03219,proc_tbl_00423,gob_tbl_02013,proc_tbl_00235,gob_tbl_01438,gob_tbl_00801;11;m4sco_tbl_00305,gob_tbl_00297,proc_tbl_00242,gob_tbl_02996,proc_tbl_00820,dlk_tbl_02208,gob_ext_00097,std_ext_00317,gob_ext_00387,dlk_ext_00298,gob_ext_00351
dlk_proceso_0295;6;gob_tbl_03345,proc_tbl_03340,proc_tbl_02653,gob_tbl_00325,dlk_tbl_01923,gob_tbl_01000;6;gob_tbl_00145,gob_tbl_00499,gob_tbl_00050,proc_ext_00328,gob_ext_00051,gob_ext_00179
proc_proceso_0296;4;proc_tbl_01916,dlk_tbl_00092,dash_tbl_03044,dash_tbl_01452;8;proc_tbl_00214,dlk_tbl_01152,dlk_tbl_02821,dlk_tbl_01297,gob_tbl_01439,gob_ext_00216,dlk_ext_00401,gob_ext_00387
dlk_proceso_0297;3;gob_tbl_00057,gob_tbl_00256,dash_tbl_02184;14;gob_tbl_00084,gob_tbl_01415,dlk_tbl_03098,dlk_tbl_03329,proc_tbl_01072,dlk_tbl_02942,proc_tbl_00836,dlk_tbl_00296,dlk_ext_00079,dash_ext_00140,dlk_ext_00062,proc_ext_00359,proc_ext_00121,dlk_ext_00183
dlk_proceso_0298;5;dlk_tbl_02761,gob_tbl_02583,gob_tbl_01607,std_tbl_02316,gob_tbl_02677;12;dash_tbl_02768,proc_tbl_00030,gob_tbl_03008,std_tbl_02601,dlk_tbl_01786,dlk_tbl_00916,m4vw_tbl_02687,dlk_ext_00477,proc_ext_00304,dash_ext_00034,dlk_ext_00439,gob_ext_00201
dash_proceso_0299;6;dlk_tbl_02756,dlk_tbl_02009,dash_tbl_00413,proc_tbl_02586,dlk_tbl_02359,dlk_tbl_01278;5;dash_tbl_02150,proc_tbl_02464,gob_tbl_01791,proc_ext_00303,dlk_ext_00486
dash_proceso_0300;6;proc_tbl_00324,dlk_tbl_01611,dlk_tbl_01022,proc_tbl_00857,dlk_tbl_00841,dlk_tbl_01572;6;proc_tbl_00030,gob_tbl_00813,dlk_tbl_02787,dlk_ext_00093,m4sco_ext_00063,dlk_ext_00079
dlk_proceso_0301;3;m4sco_tbl_02836,dlk_tbl_00653,gob_tbl_03148;14;dlk_tbl_02085,gob_tbl_01201,m4sco_tbl_00557,proc_tbl_03283,dlk_tbl_02035,gob_tbl_02469,dlk_tbl_03325,gob_tbl_02564,gob_ext_00260,gob_ext_00437,gob_ext_00326,dlk_ext_00107,dlk_ext_00292,dlk_ext_00366
gob_proceso_0302;3;dlk_tbl_01895,dlk_tbl_00725,proc_tbl_02759;10;dlk_tbl_03049,dlk_tbl_00672,gob_tbl_02823,gob_tbl_01909,dlk_tbl_01990,m4vw_tbl_01050,dlk_ext_00285,gob_ext_00009,proc_ext_00047,dlk_ext_00293
dlk_proceso_0303;5;gob_tbl_02174,dlk_tbl_02085,std_tbl_00495,gob_tbl_02432,proc_tbl_00718;7;dlk_tbl_00537,dlk_tbl_01780,gob_tbl_00977,gob_tbl_01777,dlk_ext_00469,proc_ext_00483,dlk_ext_00450
gob_proceso_0304;5;proc_tbl_02570,gob_tbl_02374,dlk_tbl_01109,dlk_tbl_00428,gob_tbl_03220;13;dlk_tbl_01963,gob_tbl_02715,proc_tbl_00117,dlk_tbl_01935,gob_tbl_02064,gob_tbl_01526,gob_tbl_02460,dlk_ext_00015,ppn_ext_00255,dlk_ext_00302,std_ext_00159,dash_ext_00088,gob_ext_00414
gob_proceso_0305;2;proc_tbl_00869,gob_tbl_02656;7;proc_tbl_02266,proc_tbl_00093,gob_tbl_03139,dlk_tbl_02454,proc_ext_00483,gob_ext_00094,dlk_ext_00347
dlk_proceso_0306;7;proc_tbl_03072,gob_tbl_00788,gob_tbl_02005,gob_tbl_03099,dlk_tbl_02406,dash_tbl_01333,gob_tbl_02019;9;gob_tbl_02956,gob_tbl_00931,dlk_tbl_03133,dlk_tbl_00537,gob_tbl_01925,proc_ext_00294,gob_ext_00329,dlk_ext_00189,proc_ext_00328
proc_proceso_0307;4;dlk_tbl_01692,dlk_tbl_02125,dash_tbl_02123,dlk_tbl_01851;11;ppn_tbl_00503,ppn_tbl_01052,dlk_tbl_02619,gob_tbl_01199,proc_tbl_01555,proc_tbl_00389,dlk_ext_00059,m4sco_ext_00117,gob_ext_00326,proc_ext_00404,proc_ext_00148
gob_proceso_0308;2;dlk_tbl_01334,dlk_tbl_03004;9;gob_tbl_02534,gob_tbl_00534,gob_tbl_00746,gob_tbl_01463,dash_tbl_00461,proc_ext_00324,gob_ext_00099,dlk_ext_00401,gob_ext_00146
proc_proceso_0309;6;dlk_tbl_02147,dlk_tbl_00838,gob_tbl_01036,proc_tbl_01690,gob_tbl_01743,dash_tbl_00647;13;proc_tbl_03059,gob_tbl_00054,proc_tbl_02466,dlk_tbl_00034,dlk_tbl_01160,proc_tbl_03046,dash_tbl_03034,gob_ext_00387,gob_ext_00465,proc_ext_00181,gob_ext_00350,gob_ext_00449,std_ext_00159
dlk_proceso_0310;8;proc_tbl_01404,dash_tbl_00775,dlk_tbl_02396,dlk_tbl_01722,m4sco_tbl_02503,m4vw_tbl_02314,gob_tbl_00061,m4vw_tbl_01687;6;gob_tbl_00931,gob_tbl_01288,proc_tbl_02386,dlk_ext_00284,m4vw_ext_00451,gob_ext_00449
gob_proceso_0311;5;gob_tbl_00599,std_tbl_00244,dlk_tbl_02207,gob_tbl_02813,dlk_tbl_00708;5;m4sco_tbl_01119,dlk_tbl_03049,dlk_tbl_02007,gob_ext_00011,gob_ext_00017
proc_proceso_0312;5;gob_tbl_02984,std_tbl_03225,dlk_tbl_02911,proc_tbl_00463,dlk_tbl_01178;13;gob_tbl_02019,dash_tbl_02745,dlk_tbl_01856,gob_tbl_00977,dlk_tbl_00450,dlk_tbl_02183,std_tbl_01373,dash_ext_00013,dlk_ext_00402,proc_ext_00383,proc_ext_00070,dlk_ext_00368,dlk_ext_00234
gob_proceso_0313;2;proc_tbl_01882,proc_tbl_00123;9;dash_tbl_03105,dlk_tbl_00580,dlk_tbl_00657,proc_tbl_02392,dlk_tbl_02760,dlk_ext_00089,dlk_ext_00038,dlk_ext_00448,dlk_ext_00261
gob_proceso_0314;6;dlk_tbl_00225,m4sco_tbl_00470,dlk_tbl_00203,dlk_tbl_01399,std_tbl_00217,proc_tbl_00765;6;gob_tbl_02228,gob_tbl_02964,gob_tbl_03244,gob_ext_00144,gob_ext_00097,dlk_ext_00108
gob_proceso_0315;7;dlk_tbl_02786,gob_tbl_00576,gob_tbl_02765,dlk_tbl_01096,gob_tbl_03100,dlk_tbl_01459,proc_tbl_01043;9;dash_tbl_01338,dlk_tbl_00554,dash_tbl_00016,gob_tbl_03147,gob_tbl_01356,dlk_ext_00152,dash_ext_00175,gob_ext_00345,proc_ext_00220
gob_proceso_0316;4;proc_tbl_03141,dlk_tbl_01562,gob_tbl_00108,proc_tbl_02531;7;gob_tbl_01694,dash_tbl_02477,dlk_tbl_01965,dash_tbl_02818,dlk_ext_00178,dlk_ext_00093,dlk_ext_00219
dlk_proceso_0317;5;gob_tbl_02853,gob_tbl_02741,gob_tbl_03001,gob_tbl_01164,dlk_tbl_02840;19;gob_tbl_02665,dlk_tbl_02328,dash_tbl_01926,dlk_tbl_01217,std_tbl_00000,gob_tbl_01660,dash_tbl_02081,ppn_tbl_01766,dlk_tbl_02758,gob_tbl_02513,proc_tbl_00150,gob_ext_00414,gob_ext_00397,gob_ext_00020,proc_ext_00484,dlk_ext_00259,dlk_ext_00257,gob_ext_00086,proc_ext_00376
dash_proceso_0318;6;dash_tbl_02270,dlk_tbl_03117,proc_tbl_02949,proc_tbl_01784,dlk_tbl_00661,dlk_tbl_01282;6;dlk_tbl_02325,dash_tbl_00489,gob_tbl_01876,dash_ext_00036,gob_ext_00363,proc_ext_00423
gob_proceso_0319;5;dlk_tbl_02550,gob_tbl_00907,gob_tbl_03158,gob_tbl_00988,dash_tbl_01306;7;dash_tbl_00021,dlk_tbl_00805,dlk_tbl_02590,gob_tbl_00680,proc_ext_00139,gob_ext_00194,dlk_ext_00450
proc_proceso_0320;6;dlk_tbl_01247,dash_tbl_00601,dlk_tbl_00450,gob_tbl_00106,gob_tbl_01556,gob_tbl_01466;5;gob_tbl_02340,gob_tbl_02228,dlk_tbl_03315,dlk_ext_00413,gob_ext_00182
gob_proceso_0321;7;std_tbl_02319,dlk_tbl_00486,gob_tbl_03308,gob_tbl_02569,dlk_tbl_01537,dlk_tbl_01972,dlk_tbl_02035;1;dash_tbl_00006
gob_proceso_0322;3;gob_tbl_00485,gob_tbl_00347,gob_tbl_00438;11;dlk_tbl_01598,proc_tbl_01763,gob_tbl_01662,dash_tbl_02155,gob_tbl_02624,dlk_tbl_01867,gob_ext_00297,proc_ext_00271,dlk_ext_00142,gob_ext_00340,dlk_ext_00178
gob_proceso_0323;2;dash_tbl_02838,dlk_tbl_00722;7;dlk_tbl_02424,gob_tbl_02575,proc_tbl_02863,dlk_tbl_02895,dlk_ext_00170,dlk_ext_00166,dash_ext_00445
gob_proceso_0324;4;gob_tbl_00120,proc_tbl_01250,proc_tbl_01263,proc_tbl_00109;7;gob_tbl_03298,gob_tbl_00637,ppn_tbl_01652,gob_tbl_03364,gob_ext_00403,dlk_ext_00108,gob_ext_00253
dlk_proceso_0325;4;gob_tbl_00695,dlk_tbl_00479,dlk_tbl_01143,dlk_tbl_02872;6;proc_tbl_02307,dlk_tbl_01153,gob_tbl_00890,gob_ext_00048,std_ext_00214,std_ext_00396
dash_proceso_0326;3;dlk_tbl_01283,gob_tbl_01650,dlk_tbl_03165;6;dlk_tbl_02297,dlk_tbl_01914,std_tbl_02204,gob_ext_00297,dlk_ext_00469,dash_ext_00175
gob_proceso_0327;4;dlk_tbl_02003,dash_tbl_00517,dlk_tbl_01503,dlk_tbl_02835;4;gob_tbl_00530,gob_tbl_00372,dash_ext_00175,gob_ext_00266
dlk_proceso_0328;5;gob_tbl_02557,gob_tbl_03157,gob_tbl_01651,gob_tbl_02064,dlk_tbl_01634;16;proc_tbl_01555,dlk_tbl_01154,gob_tbl_00297,proc_tbl_00957,gob_tbl_00717,dlk_tbl_02098,dlk_tbl_01337,dlk_tbl_00919,gob_tbl_02864,dash_ext_00133,dash_ext_00445,gob_ext_00436,proc_ext_00181,dlk_ext_00089,gob_ext_00147,dlk_ext_00145
dlk_proceso_0329;2;gob_tbl_00992,dlk_tbl_02920;9;proc_tbl_00644,proc_tbl_02652,proc_tbl_02589,dlk_tbl_00137,dlk_tbl_01297,dlk_ext_00055,dlk_ext_00313,dlk_ext_00330,gob_ext_00387
proc_proceso_0330;6;proc_tbl_02672,dlk_tbl_00995,dash_tbl_01441,dlk_tbl_00444,gob_tbl_02300,gob_tbl_02874;5;dash_tbl_01600,dlk_tbl_02707,dlk_tbl_01559,proc_ext_00092,dlk_ext_00197
dlk_proceso_0331;3;gob_tbl_01896,gob_tbl_02859,proc_tbl_01091;14;gob_tbl_00736,dlk_tbl_01696,gob_tbl_02427,gob_tbl_01709,gob_tbl_00754,proc_tbl_00638,proc_tbl_00381,dlk_tbl_01066,gob_ext_00319,gob_ext_00161,gob_ext_00011,dlk_ext_00185,gob_ext_00168,dash_ext_00265
dlk_proceso_0332;2;gob_tbl_01952,dash_tbl_00240;13;gob_tbl_00492,dlk_tbl_01451,dlk_tbl_02835,gob_tbl_01976,gob_tbl_02702,m4sco_tbl_00894,gob_tbl_01205,dlk_ext_00152,dlk_ext_00049,dlk_ext_00368,gob_ext_00161,gob_ext_00187,dlk_ext_00123
dlk_proceso_0333;4;proc_tbl_00150,dash_tbl_01352,gob_tbl_02608,dash_tbl_00021;10;proc_tbl_01919,proc_tbl_00364,gob_tbl_02462,proc_tbl_00559,dlk_tbl_01829,gob_tbl_00768,dlk_ext_00112,gob_ext_00241,gob_ext_00415,proc_ext_00399
dlk_proceso_0334;2;gob_tbl_03164,proc_tbl_02020;12;proc_tbl_03116,dash_tbl_00979,gob_tbl_02228,proc_tbl_01864,dlk_tbl_01990,dlk_tbl_01913,dlk_tbl_00708,dlk_ext_00123,proc_ext_00367,m4sco_ext_00072,dlk_ext_00440,dash_ext_00445
gob_proceso_0335;5;dlk_tbl_00169,gob_tbl_01671,dash_tbl_02998,gob_tbl_01077,dlk_tbl_01547;4;dash_tbl_00898,gob_tbl_01099,dlk_ext_00238,dash_ext_00111
gob_proceso_0336;4;gob_tbl_01757,m4vw_tbl_01296,proc_tbl_01259,gob_tbl_00950;14;dlk_tbl_01633,gob_tbl_00160,gob_tbl_00181,gob_tbl_01229,gob_tbl_01442,m4vw_tbl_02314,proc_tbl_02213,dlk_tbl_01166,dlk_ext_00189,proc_ext_00031,dlk_ext_00231,gob_ext_00346,dash_ext_00229,proc_ext_00282
dlk_proceso_0337;3;gob_tbl_02469,dlk_tbl_02484,dlk_tbl_02726;11;gob_tbl_02829,gob_tbl_03202,gob_tbl_02813,m4sco_tbl_02172,gob_tbl_00592,dash_tbl_03264,dash_ext_00488,gob_ext_00441,gob_ext_00201,gob_ext_00113,dlk_ext_00358
proc_proceso_0338;4;dash_tbl_00508,proc_tbl_03080,proc_tbl_01520,dlk_tbl_00698;6;gob_tbl_03097,proc_tbl_01908,std_tbl_01011,gob_ext_00352,dash_ext_00165,proc_ext_00304
proc_proceso_0339;6;dlk_tbl_02325,gob_tbl_01666,proc_tbl_01257,gob_tbl_01104,dash_tbl_02210,dash_tbl_00646;4;dlk_tbl_00477,dlk_tbl_02505,std_ext_00317,dash_ext_00445
gob_proceso_0340;5;gob_tbl_01729,dlk_tbl_00014,proc_tbl_00338,gob_tbl_00165,m4vw_tbl_03176;8;proc_tbl_01736,proc_tbl_00273,std_tbl_01140,gob_tbl_00182,gob_tbl_02170,gob_ext_00037,dlk_ext_00145,dlk_ext_00015
gob_proceso_0341;4;gob_tbl_02987,gob_tbl_01925,dash_tbl_00711,dlk_tbl_00411;4;proc_tbl_03116,dlk_tbl_00934,gob_ext_00182,gob_ext_00466
dlk_proceso_0342;5;gob_tbl_00309,std_tbl_03285,gob_tbl_03099,gob_tbl_03202,gob_tbl_03291;9;dash_tbl_02477,gob_tbl_01029,dash_tbl_02094,gob_tbl_00994,dlk_tbl_02713,dlk_ext_00469,proc_ext_00016,dlk_ext_00087,dlk_ext_00183
dlk_proceso_0343;3;dlk_tbl_01084,dash_tbl_00846,gob_tbl_00332;11;dash_tbl_00593,dlk_tbl_00713,dlk_tbl_02173,gob_tbl_01859,gob_tbl_02255,gob_tbl_02269,gob_ext_00167,gob_ext_00452,dlk_ext_00178,dlk_ext_00353,gob_ext_00147
dlk_proceso_0344;5;dlk_tbl_02395,gob_tbl_02896,dlk_tbl_00487,dash_tbl_01453,dlk_tbl_00089;13;dlk_tbl_00459,gob_tbl_00886,gob_tbl_02356,gob_tbl_02176,dash_tbl_01501,dlk_tbl_02861,dlk_tbl_02630,dlk_ext_00055,dlk_ext_00081,dlk_ext_00178,dlk_ext_00108,proc_ext_00484,gob_ext_00351
dlk_proceso_0345;6;proc_tbl_00960,gob_tbl_01463,dlk_tbl_00679,gob_tbl_03163,dlk_tbl_00625,gob_tbl_00027;4;dlk_tbl_02979,gob_tbl_00370,dlk_ext_00486,dlk_ext_00448
gob_proceso_0346;7;dlk_tbl_00339,dlk_tbl_02042,gob_tbl_01403,dash_tbl_02471,dash_tbl_01366,dlk_tbl_00426,proc_tbl_02863;9;dlk_tbl_01244,proc_tbl_02518,proc_tbl_01447,gob_tbl_00584,gob_tbl_01148,dlk_ext_00316,m4sco_ext_00072,gob_ext_00160,dash_ext_00129
dash_proceso_0347;2;dlk_tbl_00032,proc_tbl_02349;13;gob_tbl_00608,dlk_tbl_00954,dash_tbl_01704,dlk_tbl_01983,proc_tbl_02225,dlk_tbl_01503,dlk_tbl_02281,proc_ext_00092,gob_ext_00187,dlk_ext_00450,dlk_ext_00107,proc_ext_00195,gob_ext_00085
gob_proceso_0348;3;gob_tbl_01341,proc_tbl_03305,gob_tbl_01505;17;dlk_tbl_02784,dlk_tbl_01024,std_tbl_00357,gob_tbl_03038,gob_tbl_02897,dlk_tbl_02713,dlk_tbl_02761,dash_tbl_02577,gob_tbl_02889,gob_tbl_02418,dash_ext_00305,proc_ext_00192,gob_ext_00406,proc_ext_00365,dlk_ext_00219,dash_ext_00111,dlk_ext_00439
dlk_proceso_0349;4;dlk_tbl_00918,dlk_tbl_00209,dlk_tbl_00363,gob_tbl_00615;10;gob_tbl_03104,dlk_tbl_00916,dlk_tbl_03258,gob_tbl_00690,proc_tbl_01919,std_tbl_02107,dash_ext_00314,proc_ext_00328,proc_ext_00228,gob_ext_00204
proc_proceso_0350;3;dlk_tbl_02279,proc_tbl_01847,proc_tbl_02043;6;gob_tbl_02547,dlk_tbl_02479,gob_tbl_02814,dlk_ext_00353,proc_ext_00453,dlk_ext_00368
proc_proceso_0351;4;dlk_tbl_00603,gob_tbl_02915,dlk_tbl_00677,dlk_tbl_03329;14;gob_tbl_00678,gob_tbl_00196,dlk_tbl_01817,proc_tbl_02278,dlk_tbl_00937,gob_tbl_00499,gob_tbl_01790,gob_tbl_02924,dash_ext_00488,gob_ext_00194,std_ext_00103,proc_ext_00056,dlk_ext_00025,proc_ext_00430
proc_proceso_0352;8;proc_tbl_01908,gob_tbl_01782,proc_tbl_00967,dash_tbl_00395,gob_tbl_00369,dlk_tbl_02083,dlk_tbl_02849,dlk_tbl_00604;14;m4vw_tbl_00056,proc_tbl_01083,gob_tbl_02608,gob_tbl_00548,gob_tbl_02170,gob_tbl_00561,m4vw_tbl_02347,dlk_tbl_02474,dlk_ext_00068,gob_ext_00319,gob_ext_00086,proc_ext_00271,std_ext_00212,proc_ext_00306
proc_proceso_0353;4;gob_tbl_02958,dlk_tbl_02832,gob_tbl_01859,dlk_tbl_01219;13;dlk_tbl_03247,dlk_tbl_00728,proc_tbl_02695,dash_tbl_02728,gob_tbl_01280,gob_tbl_00228,gob_tbl_03346,dlk_ext_00197,proc_ext_00318,dash_ext_00111,dash_ext_00140,gob_ext_00283,dash_ext_00034
proc_proceso_0354;4;proc_tbl_02604,gob_tbl_01115,gob_tbl_01787,gob_tbl_01019;7;gob_tbl_01099,gob_tbl_01505,gob_tbl_00786,dlk_tbl_02605,gob_ext_00377,gob_ext_00086,dlk_ext_00450
proc_proceso_0355;6;gob_tbl_00751,proc_tbl_00270,gob_tbl_00337,dlk_tbl_03235,gob_tbl_01685,gob_tbl_02680;15;dlk_tbl_02144,std_tbl_01455,dlk_tbl_01139,dlk_tbl_02561,gob_tbl_00678,std_tbl_02171,m4sco_tbl_00247,gob_tbl_02222,dlk_tbl_03269,dlk_ext_00178,proc_ext_00467,gob_ext_00425,ppn_ext_00325,gob_ext_00021,gob_ext_00276
proc_proceso_0356;2;dash_tbl_00447,gob_tbl_00448;10;proc_tbl_00185,dlk_tbl_01571,dlk_tbl_02504,dlk_tbl_02617,dlk_tbl_01298,gob_tbl_01898,proc_ext_00105,m4sco_ext_00072,dlk_ext_00358,proc_ext_00303
gob_proceso_0357;4;std_tbl_02037,dlk_tbl_03098,dlk_tbl_00362,std_tbl_03173;13;proc_tbl_02572,dlk_tbl_00815,gob_tbl_00796,dash_tbl_01862,gob_tbl_01401,gob_tbl_02248,gob_tbl_02964,dlk_ext_00381,m4vw_ext_00307,gob_ext_00050,dlk_ext_00366,proc_ext_00282,proc_ext_00029
gob_proceso_0358;4;dlk_tbl_01291,m4vw_tbl_01877,gob_tbl_01689,dlk_tbl_01842;10;gob_tbl_02783,proc_tbl_01422,proc_tbl_03184,proc_tbl_00261,proc_tbl_00853,dlk_tbl_00904,dlk_ext_00477,dlk_ext_00217,proc_ext_00058,dash_ext_00432
dash_proceso_0359;3;dlk_tbl_03209,gob_tbl_01026,m4vw_tbl_01751;13;proc_tbl_00278,dlk_tbl_00523,dash_tbl_01132,gob_tbl_01304,dlk_tbl_01098,gob_tbl_00099,gob_tbl_02228,proc_ext_00016,proc_ext_00249,proc_ext_00032,gob_ext_00150,dash_ext_00133,dlk_ext_00075
dlk_proceso_0360;4;proc_tbl_00529,dlk_tbl_00966,gob_tbl_02613,dlk_tbl_00874;7;gob_tbl_02995,gob_tbl_02431,gob_tbl_01036,dlk_tbl_03181,dash_ext_00269,gob_ext_00201,proc_ext_00181
dlk_proceso_0361;2;dlk_tbl_00567,gob_tbl_02112;6;gob_tbl_02649,gob_tbl_02005,dlk_tbl_01830,proc_ext_00435,dlk_ext_00123,dlk_ext_00482
proc_proceso_0362;6;proc_tbl_00433,gob_tbl_00151,gob_tbl_00807,gob_tbl_01540,dlk_tbl_03042,gob_tbl_00301;16;gob_tbl_02462,std_tbl_02785,dlk_tbl_02035,dlk_tbl_00458,dash_tbl_02742,gob_tbl_02149,gob_tbl_00577,gob_tbl_02537,gob_tbl_01444,dlk_ext_00477,gob_ext_00364,proc_ext_00249,gob_ext_00392,dlk_ext_00284,proc_ext_00228,gob_ext_00109
dlk_proceso_0363;2;dlk_tbl_02647,proc_tbl_00774;4;dlk_tbl_00716,dlk_tbl_00588,dash_ext_00433,gob_ext_00346
gob_proceso_0364;3;m4vw_tbl_02857,gob_tbl_03082,dlk_tbl_03300;9;dlk_tbl_01166,dlk_tbl_01899,proc_tbl_02778,dlk_tbl_01696,gob_tbl_01301,gob_ext_00322,dash_ext_00034,gob_ext_00346,dlk_ext_00052
dash_proceso_0365;4;dlk_tbl_00005,gob_tbl_02352,dash_tbl_01172,dlk_tbl_00272;7;dash_tbl_02081,std_tbl_00217,dlk_tbl_01018,gob_tbl_02781,gob_ext_00151,dlk_ext_00312,proc_ext_00271
proc_proceso_0366;6;gob_tbl_00072,gob_tbl_00019,dlk_tbl_02028,dlk_tbl_02260,dlk_tbl_02848,gob_tbl_02168;13;gob_tbl_02839,gob_tbl_02580,proc_tbl_00423,proc_tbl_01195,gob_tbl_03257,proc_tbl_00340,dlk_tbl_01162,gob_ext_00329,dash_ext_00236,dlk_ext_00124,std_ext_00214,dlk_ext_00010,dlk_ext_00368
dlk_proceso_0367;6;dlk_tbl_02546,gob_tbl_01315,dlk_tbl_00276,gob_tbl_00923,dlk_tbl_02674,dlk_tbl_01879;4;gob_tbl_01985,dlk_tbl_02784,dlk_ext_00124,dlk_ext_00112
dlk_proceso_0368;5;gob_tbl_00656,std_tbl_00293,gob_tbl_00475,dlk_tbl_01609,gob_tbl_01712;4;gob_tbl_00858,m4sco_tbl_00247,dlk_ext_00108,dlk_ext_00371
dlk_proceso_0369;6;dlk_tbl_01413,dash_tbl_01464,gob_tbl_02212,dash_tbl_00186,dlk_tbl_01878,dash_tbl_03077;5;dlk_tbl_01957,proc_tbl_03353,dash_tbl_01823,gob_ext_00388,dlk_ext_00368
dlk_proceso_0370;5;dlk_tbl_00704,proc_tbl_01868,dlk_tbl_01628,dlk_tbl_01319,proc_tbl_00933;8;dlk_tbl_03279,gob_tbl_00211,dlk_tbl_01503,dash_tbl_00478,gob_tbl_00145,proc_ext_00070,dash_ext_00335,gob_ext_00141
gob_proceso_0371;3;gob_tbl_02566,gob_tbl_01799,dlk_tbl_02630;4;proc_tbl_02341,dlk_tbl_01808,dlk_ext_00202,proc_ext_00022
gob_proceso_0372;2;dlk_tbl_00753,proc_tbl_00660;10;gob_tbl_02221,gob_tbl_01423,gob_tbl_00298,gob_tbl_02732,dlk_tbl_02287,dlk_tbl_02138,gob_ext_00363,dlk_ext_00285,gob_ext_00006,dlk_ext_00448
proc_proceso_0373;4;gob_tbl_01239,dlk_tbl_00036,dlk_tbl_01601,proc_tbl_01068;13;dlk_tbl_00625,gob_tbl_01255,proc_tbl_02289,gob_tbl_00475,dash_tbl_03253,dlk_tbl_01479,dlk_tbl_01740,gob_ext_00452,gob_ext_00392,gob_ext_00397,dlk_ext_00469,dlk_ext_00401,dlk_ext_00033
dash_proceso_0374;6;proc_tbl_00825,gob_tbl_02196,gob_tbl_00144,dlk_tbl_02242,dlk_tbl_00040,dlk_tbl_02901;9;dlk_tbl_00663,gob_tbl_00062,proc_tbl_00324,dlk_tbl_01543,dlk_tbl_02684,gob_ext_00201,dlk_ext_00234,gob_ext_00184,dlk_ext_00015
proc_proceso_0375;5;gob_tbl_01683,gob_tbl_00648,dash_tbl_01501,dlk_tbl_00405,dlk_tbl_01260;12;dash_tbl_00593,dash_tbl_01765,proc_tbl_00658,gob_tbl_00890,dlk_tbl_02497,gob_tbl_02681,gob_tbl_03346,gob_ext_00020,gob_ext_00466,dlk_ext_00166,dash_ext_00071,proc_ext_00359
gob_proceso_0376;8;gob_tbl_00909,dlk_tbl_00863,gob_tbl_02939,dlk_tbl_02508,m4vw_tbl_00743,dlk_tbl_00007,gob_tbl_00222,gob_tbl_03147;19;dlk_tbl_02351,dlk_tbl_01090,dlk_tbl_02182,gob_tbl_01234,proc_tbl_00644,dlk_tbl_02780,dlk_tbl_02187,ppn_tbl_00286,dlk_tbl_01017,dlk_tbl_01297,dlk_tbl_00265,proc_ext_00058,dlk_ext_00447,gob_ext_00481,gob_ext_00028,dlk_ext_00330,dlk_ext_00079,dlk_ext_00166,dlk_ext_00248
dlk_proceso_0377;5;gob_tbl_01905,gob_tbl_03240,dlk_tbl_03317,gob_tbl_02844,dlk_tbl_01552;8;dlk_tbl_03112,dash_tbl_00785,proc_tbl_01999,dlk_tbl_00665,proc_tbl_02392,dlk_ext_00386,dash_ext_00133,dlk_ext_00289
gob_proceso_0378;5;dlk_tbl_02762,gob_tbl_02790,ppn_tbl_01262,proc_tbl_02141,dlk_tbl_02988;19;dlk_tbl_03221,dlk_tbl_03325,dash_tbl_00681,dlk_tbl_02004,dlk_tbl_02376,std_tbl_02204,dlk_tbl_02578,gob_tbl_01077,dlk_tbl_00655,gob_tbl_02948,proc_tbl_00715,dlk_ext_00068,gob_ext_00410,dlk_ext_00075,dlk_ext_00316,proc_ext_00148,gob_ext_00406,gob_ext_00364,dlk_ext_00408
proc_proceso_0379;7;proc_tbl_00420,gob_tbl_00965,dlk_tbl_02320,gob_tbl_02788,proc_tbl_00273,dlk_tbl_02072,dash_tbl_00474;10;gob_tbl_02291,dlk_tbl_02286,dlk_tbl_02035,proc_tbl_01812,dlk_tbl_00449,gob_tbl_03084,dlk_ext_00202,dlk_ext_00112,proc_ext_00467,dlk_ext_00062
dlk_proceso_0380;7;gob_tbl_01330,proc_tbl_00342,dlk_tbl_02812,gob_tbl_01631,dlk_tbl_03161,std_tbl_00613,proc_tbl_00389;9;gob_tbl_02429,dlk_tbl_00039,dlk_tbl_00459,gob_tbl_02610,dlk_tbl_00365,proc_ext_00029,dlk_ext_00024,gob_ext_00039,dash_ext_00433
dlk_proceso_0381;4;dash_tbl_02472,dash_tbl_02329,dash_tbl_00460,gob_tbl_02731;5;dlk_tbl_01551,proc_tbl_00906,proc_tbl_02480,dlk_ext_00219,gob_ext_00040
proc_proceso_0382;6;gob_tbl_00609,dash_tbl_00419,m4vw_tbl_02317,proc_tbl_02114,gob_tbl_00717,dlk_tbl_01935;15;dlk_tbl_01551,gob_tbl_03341,std_tbl_02751,std_tbl_02785,gob_tbl_01030,gob_tbl_02554,gob_tbl_02334,proc_tbl_00410,gob_tbl_00069,dlk_ext_00060,dash_ext_00488,gob_ext_00113,dlk_ext_00418,proc_ext_00443,dlk_ext_00330
gob_proceso_0383;4;proc_tbl_01224,proc_tbl_02589,dlk_tbl_01376,dlk_tbl_01350;7;dlk_tbl_01194,dash_tbl_03264,m4vw_tbl_01101,gob_tbl_01606,proc_ext_00423,m4vw_ext_00299,gob_ext_00018
gob_proceso_0384;4;gob_tbl_00177,gob_tbl_02865,dash_tbl_02633,gob_tbl_00589;12;proc_tbl_02858,proc_tbl_01812,gob_tbl_00712,proc_tbl_00560,gob_tbl_01261,m4vw_tbl_00012,dlk_tbl_03092,proc_ext_00282,dlk_ext_00378,dlk_ext_00231,proc_ext_00376,proc_ext_00271
gob_proceso_0385;8;dlk_tbl_03112,dlk_tbl_02627,proc_tbl_02464,gob_tbl_01747,dlk_tbl_03252,dash_tbl_01266,dlk_tbl_01309,gob_tbl_02798;7;dlk_tbl_00493,gob_tbl_02136,std_tbl_01373,dlk_tbl_00079,m4vw_ext_00173,dlk_ext_00126,dlk_ext_00210
dash_proceso_0386;4;gob_tbl_02635,gob_tbl_02850,dlk_tbl_00773,gob_tbl_02240;14;m4sco_tbl_02061,gob_tbl_03234,dlk_tbl_01509,proc_tbl_02114,m4vw_tbl_00743,std_tbl_01373,gob_tbl_00465,gob_tbl_02214,dash_ext_00128,gob_ext_00263,proc_ext_00318,gob_ext_00113,dlk_ext_00330,dash_ext_00036
dlk_proceso_0387;4;dash_tbl_02411,dlk_tbl_00458,gob_tbl_00451,dlk_tbl_00819;10;gob_tbl_02164,gob_tbl_03286,gob_tbl_01709,ppn_tbl_00896,dlk_tbl_01830,gob_tbl_00828,dlk_ext_00402,dlk_ext_00284,dlk_ext_00401,dlk_ext_00154
dlk_proceso_0388;8;gob_tbl_02074,gob_tbl_02665,dlk_tbl_02870,gob_tbl_00845,gob_tbl_02610,dlk_tbl_00113,proc_tbl_01443,dlk_tbl_02421;19;gob_tbl_00019,gob_tbl_02960,proc_tbl_01355,std_tbl_02927,gob_tbl_02575,dlk_tbl_03032,proc_tbl_02307,gob_tbl_00249,m4sco_tbl_01119,gob_tbl_03196,gob_tbl_01026,std_ext_00212,dlk_ext_00272,std_ext_00103,dash_ext_00389,dash_ext_00488,gob_ext_00053,dash_ext_00073,gob_ext_00000
gob_proceso_0389;8;gob_tbl_00329,gob_tbl_00226,dlk_tbl_03223,gob_tbl_03342,m4vw_tbl_01101,gob_tbl_02711,gob_tbl_03198,m4vw_tbl_03213;19;gob_tbl_00634,gob_tbl_01423,m4sco_tbl_00188,gob_tbl_00337,gob_tbl_00694,dlk_tbl_01489,proc_tbl_01355,dlk_tbl_01913,proc_tbl_01894,dlk_tbl_02265,gob_tbl_00575,dlk_ext_00368,gob_ext_00345,dlk_ext_00157,dash_ext_00163,dlk_ext_00280,dlk_ext_00089,ppn_ext_00255,dash_ext_00175
dlk_proceso_0390;6;dash_tbl_03210,proc_tbl_01188,gob_tbl_00352,proc_tbl_01277,dlk_tbl_00571,gob_tbl_03244;12;ppn_tbl_00286,gob_tbl_00827,dlk_tbl_01571,dlk_tbl_02787,gob_tbl_02248,dash_tbl_02230,dash_tbl_01810,dlk_ext_00476,proc_ext_00435,dlk_ext_00447,dlk_ext_00234,gob_ext_00150
proc_proceso_0391;7;dlk_tbl_01212,dash_tbl_01974,gob_tbl_00594,dlk_tbl_02387,gob_tbl_01606,proc_tbl_02852,gob_tbl_02890;10;dlk_tbl_02667,m4sco_tbl_00253,dlk_tbl_02140,gob_tbl_02285,gob_tbl_02580,proc_tbl_01703,gob_ext_00345,dash_ext_00071,gob_ext_00493,dlk_ext_00219
gob_proceso_0392;4;gob_tbl_00345,gob_tbl_02437,dlk_tbl_02384,gob_tbl_02038;10;dlk_tbl_01076,dlk_tbl_00081,proc_tbl_01605,gob_tbl_00664,proc_tbl_01146,dlk_tbl_01678,dlk_ext_00428,std_ext_00396,gob_ext_00050,dlk_ext_00075
proc_proceso_0393;3;std_tbl_02132,dlk_tbl_01741,gob_tbl_01344;5;dlk_tbl_01780,dash_tbl_01184,gob_tbl_03332,dlk_ext_00089,gob_ext_00053
dlk_proceso_0394;4;dlk_tbl_01256,proc_tbl_02036,gob_tbl_01991,gob_tbl_00525;4;gob_tbl_01517,gob_tbl_00697,gob_ext_00283,dlk_ext_00149
dlk_proceso_0395;5;dlk_tbl_03029,dlk_tbl_01155,dlk_tbl_01173,dlk_tbl_00457,dlk_tbl_02565;10;gob_tbl_01134,gob_tbl_00640,dlk_tbl_02590,gob_tbl_00592,std_tbl_02051,gob_tbl_01613,gob_ext_00137,gob_ext_00387,dlk_ext_00293,ppn_ext_00255
gob_proceso_0396;4;proc_tbl_02603,proc_tbl_01966,dlk_tbl_00515,proc_tbl_00699;7;dlk_tbl_01482,dlk_tbl_00281,dash_tbl_03200,gob_tbl_02928,proc_ext_00032,gob_ext_00179,dlk_ext_00015
gob_proceso_0397;6;gob_tbl_01442,m4vw_tbl_01827,dlk_tbl_02861,dlk_tbl_02522,gob_tbl_02740,m4vw_tbl_01920;8;dlk_tbl_01983,dlk_tbl_00229,dlk_tbl_02526,ppn_tbl_00760,m4sco_tbl_01523,dlk_ext_00079,gob_ext_00297,dash_ext_00073
proc_proceso_0398;4;proc_tbl_00920,m4sco_tbl_00253,dlk_tbl_00710,dlk_tbl_01794;10;dlk_tbl_02688,gob_tbl_03147,proc_tbl_00423,gob_tbl_02269,gob_tbl_00799,gob_tbl_02610,dash_ext_00384,dlk_ext_00368,gob_ext_00458,dash_ext_00190
gob_proceso_0399;4;dlk_tbl_01781,dlk_tbl_00105,gob_tbl_01039,gob_tbl_01311;12;dlk_tbl_01204,gob_tbl_02108,gob_tbl_01201,gob_tbl_00950,proc_tbl_02091,dlk_tbl_02500,gob_tbl_02698,gob_ext_00037,dlk_ext_00302,dlk_ext_00158,gob_ext_00061,proc_ext_00435
dlk_proceso_0400;3;dlk_tbl_00471,dlk_tbl_01102,gob_tbl_02564;9;m4sco_tbl_02587,dlk_tbl_02627,dlk_tbl_00848,dlk_tbl_01256,proc_tbl_02307,dlk_ext_00298,gob_ext_00465,dlk_ext_00491,proc_ext_00484
dlk_proceso_0401;8;dlk_tbl_03109,gob_tbl_02616,dlk_tbl_01160,proc_tbl_02463,ppn_tbl_00421,proc_tbl_02718,dlk_tbl_01756,dash_tbl_03154;6;dlk_tbl_01495,std_tbl_00546,dlk_tbl_02807,gob_ext_00135,dlk_ext_00473,gob_ext_00086
dlk_proceso_0402;5;proc_tbl_01325,dash_tbl_02867,dash_tbl_02710,gob_tbl_02937,proc_tbl_00871;7;gob_tbl_03132,proc_tbl_00818,gob_tbl_00978,dlk_tbl_00603,m4sco_ext_00072,gob_ext_00082,proc_ext_00032
dlk_proceso_0403;6;dash_tbl_00006,dash_tbl_02267,m4vw_tbl_01533,dlk_tbl_01051,dash_tbl_01892,gob_tbl_00526;6;gob_tbl_01286,dash_tbl_00460,gob_tbl_02699,gob_ext_00086,dlk_ext_00205,proc_ext_00102
dlk_proceso_0404;3;gob_tbl_03074,gob_tbl_01613,dash_tbl_01406;5;std_tbl_00583,dlk_tbl_01346,m4vw_tbl_02410,dlk_ext_00368,gob_ext_00151
dlk_proceso_0405;4;proc_tbl_02946,dash_tbl_03177,dlk_tbl_00271,dlk_tbl_01162;11;dlk_tbl_03209,gob_tbl_00761,gob_tbl_02622,std_tbl_02601,gob_tbl_01029,gob_tbl_01707,dlk_ext_00349,proc_ext_00031,gob_ext_00215,gob_ext_00135,dlk_ext_00026
dash_proceso_0406;2;gob_tbl_00344,gob_tbl_01203;5;dlk_tbl_00772,proc_tbl_02357,gob_tbl_01164,proc_ext_00367,dash_ext_00073
dlk_proceso_0407;5;proc_tbl_00239,gob_tbl_00930,dash_tbl_01295,dlk_tbl_02440,dash_tbl_03021;8;gob_tbl_01046,gob_tbl_02613,dlk_tbl_02353,gob_tbl_03205,dash_tbl_01338,gob_ext_00161,dlk_ext_00134,proc_ext_00029
gob_proceso_0408;8;dlk_tbl_01268,gob_tbl_00009,proc_tbl_03066,dash_tbl_00766,gob_tbl_00289,dlk_tbl_03003,std_tbl_02601,dash_tbl_03253;7;m4vw_tbl_01296,dlk_tbl_00753,gob_tbl_00807,m4vw_tbl_01364,std_ext_00212,proc_ext_00318,proc_ext_00467
proc_proceso_0409;4;dash_tbl_02150,dlk_tbl_00034,gob_tbl_01960,proc_tbl_02830;12;dlk_tbl_01923,dlk_tbl_02368,gob_tbl_02191,gob_tbl_02956,gob_tbl_00856,proc_tbl_00323,dlk_tbl_00038,dlk_ext_00217,gob_ext_00040,gob_ext_00086,proc_ext_00359,dlk_ext_00289
dlk_proceso_0410;6;dlk_tbl_00970,proc_tbl_02480,dlk_tbl_01103,dlk_tbl_01758,dlk_tbl_02086,dash_tbl_02230;21;gob_tbl_02722,dlk_tbl_00041,dlk_tbl_01783,gob_tbl_01027,proc_tbl_01605,proc_tbl_01325,m4vw_tbl_03363,gob_tbl_01596,dlk_tbl_03029,proc_tbl_00836,gob_tbl_03140,dlk_tbl_00653,proc_ext_00435,dash_ext_00175,gob_ext_00011,gob_ext_00417,proc_ext_00148,dash_ext_00088,gob_ext_00161,dlk_ext_00284,gob_ext_00201
gob_proceso_0411;6;dlk_tbl_00367,gob_tbl_01788,dlk_tbl_02241,m4vw_tbl_01535,dlk_tbl_01557,gob_tbl_01419;15;dlk_tbl_02086,gob_tbl_03158,dlk_tbl_02202,gob_tbl_02922,gob_tbl_01936,dlk_tbl_00732,dlk_tbl_00622,gob_tbl_01301,dlk_tbl_00934,dlk_ext_00348,dlk_ext_00390,gob_ext_00041,m4vw_ext_00451,gob_ext_00322,dlk_ext_00371
dlk_proceso_0412;4;gob_tbl_01828,dlk_tbl_03261,dlk_tbl_01175,gob_tbl_01094;4;gob_tbl_01077,gob_tbl_02699,dash_ext_00229,gob_ext_00040
dlk_proceso_0413;3;dlk_tbl_01042,proc_tbl_00030,proc_tbl_02120;6;m4vw_tbl_01877,dlk_tbl_03279,m4vw_tbl_01364,gob_ext_00446,std_ext_00103,dlk_ext_00123
dash_proceso_0414;6;dlk_tbl_02784,proc_tbl_02399,dlk_tbl_01272,gob_tbl_01918,gob_tbl_00828,dlk_tbl_01003;9;dlk_tbl_00285,dlk_tbl_02730,gob_tbl_02164,dlk_tbl_01913,dlk_tbl_03239,gob_ext_00406,gob_ext_00017,dlk_ext_00185,m4vw_ext_00299
gob_proceso_0415;2;dash_tbl_00979,proc_tbl_00008;9;proc_tbl_02178,gob_tbl_01311,gob_tbl_00584,m4vw_tbl_02549,dlk_tbl_02223,proc_ext_00467,ppn_ext_00255,dlk_ext_00124,dlk_ext_00149
gob_proceso_0416;3;m4sco_tbl_02218,ppn_tbl_01967,dash_tbl_02405;13;dlk_tbl_01388,dash_tbl_00785,dlk_tbl_01838,dlk_tbl_00304,std_tbl_02130,dlk_tbl_01020,gob_tbl_01952,dlk_ext_00199,dlk_ext_00200,dlk_ext_00262,m4vw_ext_00411,m4vw_ext_00331,dlk_ext_00298
proc_proceso_0417;7;dlk_tbl_01458,dlk_tbl_00074,gob_tbl_00694,gob_tbl_02104,proc_tbl_00260,gob_tbl_03097,dlk_tbl_02272;11;gob_tbl_00061,gob_tbl_00412,dash_tbl_02556,dlk_tbl_00311,gob_tbl_00156,dlk_tbl_02723,dlk_ext_00089,dlk_ext_00019,gob_ext_00135,dlk_ext_00197,proc_ext_00320
dlk_proceso_0418;3;gob_tbl_01236,m4vw_tbl_01238,gob_tbl_02558;8;dlk_tbl_00773,gob_tbl_02894,dlk_tbl_00469,dlk_tbl_00512,gob_tbl_02269,proc_ext_00430,gob_ext_00351,dash_ext_00140
dlk_proceso_0419;6;gob_tbl_00856,gob_tbl_02056,dlk_tbl_02780,dlk_tbl_03349,dlk_tbl_00023,dlk_tbl_01271;16;dlk_tbl_00672,gob_tbl_01286,dlk_tbl_01682,dash_tbl_00775,gob_tbl_00398,gob_tbl_03002,dash_tbl_01580,gob_tbl_02326,dlk_tbl_01899,proc_ext_00032,gob_ext_00114,dlk_ext_00157,gob_ext_00340,proc_ext_00181,dash_ext_00419,std_ext_00212
proc_proceso_0420;5;gob_tbl_02431,dlk_tbl_02121,dlk_tbl_01569,gob_tbl_02142,gob_tbl_02868;4;dlk_tbl_01275,gob_tbl_00284,proc_ext_00032,proc_ext_00306
dash_proceso_0421;3;m4vw_tbl_02549,dlk_tbl_02526,dlk_tbl_02520;11;gob_tbl_02897,dlk_tbl_01298,proc_tbl_00585,dlk_tbl_02297,gob_tbl_00264,dlk_tbl_02146,gob_ext_00161,gob_ext_00201,dlk_ext_00338,dlk_ext_00285,proc_ext_00430
gob_proceso_0422;6;gob_tbl_02686,dlk_tbl_00562,dash_tbl_02690,dlk_tbl_02592,dlk_tbl_03214,proc_tbl_01590;5;dlk_tbl_01372,gob_tbl_01229,gob_tbl_00108,gob_ext_00446,gob_ext_00244
dlk_proceso_0423;8;dlk_tbl_01525,gob_tbl_00514,proc_tbl_02109,dlk_tbl_02454,proc_tbl_01021,proc_tbl_00390,gob_tbl_01978,proc_tbl_01816;23;proc_tbl_02120,gob_tbl_03198,gob_tbl_00415,proc_tbl_01869,gob_tbl_00859,dlk_tbl_02486,gob_tbl_02612,gob_tbl_03291,proc_tbl_00789,gob_tbl_00948,dash_tbl_01441,dlk_tbl_01961,dlk_tbl_01923,gob_ext_00329,m4sco_ext_00063,gob_ext_00425,dlk_ext_00010,dlk_ext_00124,dash_ext_00013,gob_ext_00114,gob_ext_00085,proc_ext_00228,gob_ext_00263
proc_proceso_0424;5;gob_tbl_03227,m4vw_tbl_02887,gob_tbl_02159,proc_tbl_00117,proc_tbl_00346;15;dlk_tbl_01244,gob_tbl_00690,gob_tbl_00098,dlk_tbl_01503,proc_tbl_02041,gob_tbl_03336,gob_tbl_02883,dlk_tbl_01557,proc_tbl_02480,gob_ext_00393,gob_ext_00020,gob_ext_00007,gob_ext_00260,gob_ext_00086,gob_ext_00361
gob_proceso_0425;6;std_tbl_01062,dlk_tbl_01838,dlk_tbl_00641,dlk_tbl_00429,proc_tbl_00958,proc_tbl_00073;6;proc_tbl_01528,dash_tbl_01184,gob_tbl_00106,dlk_ext_00108,dlk_ext_00262,gob_ext_00150
dlk_proceso_0426;6;proc_tbl_01700,proc_tbl_03124,gob_tbl_03232,gob_tbl_02894,dlk_tbl_03058,proc_tbl_02596;10;gob_tbl_03008,dlk_tbl_01024,gob_tbl_00688,proc_tbl_01797,gob_tbl_00335,gob_tbl_00298,dash_ext_00389,dlk_ext_00447,dlk_ext_00491,dlk_ext_00010
dlk_proceso_0427;2;proc_tbl_02507,gob_tbl_02189;6;gob_tbl_00332,dash_tbl_01765,proc_tbl_02980,gob_ext_00363,std_ext_00344,proc_ext_00206
dlk_proceso_0428;8;dlk_tbl_01841,dlk_tbl_00777,dlk_tbl_02877,proc_tbl_00700,dlk_tbl_03314,gob_tbl_02402,gob_tbl_01185,proc_tbl_00935;23;dlk_tbl_01008,proc_tbl_02536,dlk_tbl_03026,gob_tbl_00155,proc_tbl_03190,dlk_tbl_00704,dash_tbl_02471,dlk_tbl_03155,gob_tbl_02698,gob_tbl_02608,gob_tbl_01504,dlk_tbl_00571,dlk_tbl_02625,dash_ext_00269,dlk_ext_00477,dlk_ext_00480,gob_ext_00260,gob_ext_00067,gob_ext_00323,dash_ext_00002,proc_ext_00218,gob_ext_00321,dlk_ext_00427
dash_proceso_0429;4;gob_tbl_02027,dlk_tbl_01032,proc_tbl_01468,dlk_tbl_01013;4;ppn_tbl_00760,gob_tbl_02930,dlk_ext_00456,proc_ext_00318
gob_proceso_0430;5;gob_tbl_02165,gob_tbl_01755,proc_tbl_00541,dlk_tbl_01479,dlk_tbl_03106;15;proc_tbl_00731,proc_tbl_01524,gob_tbl_03104,proc_tbl_03274,dlk_tbl_01013,dlk_tbl_01723,dlk_tbl_01337,dlk_tbl_02817,dlk_tbl_01753,proc_ext_00029,proc_ext_00058,dlk_ext_00157,proc_ext_00237,gob_ext_00099,gob_ext_00260
gob_proceso_0431;3;dlk_tbl_00206,dlk_tbl_00512,std_tbl_00082;12;dlk_tbl_01290,proc_tbl_02881,gob_tbl_00337,gob_tbl_02019,gob_tbl_00561,gob_tbl_02192,dlk_tbl_01696,dash_ext_00314,gob_ext_00397,dlk_ext_00145,dlk_ext_00123,proc_ext_00058
gob_proceso_0432;6;proc_tbl_00380,gob_tbl_02214,dlk_tbl_02544,dlk_tbl_00779,gob_tbl_02425,gob_tbl_01853;5;gob_tbl_01177,gob_tbl_00445,gob_tbl_01669,gob_ext_00323,ppn_ext_00255
dlk_proceso_0433;6;dlk_tbl_00510,dlk_tbl_00468,gob_tbl_03263,dlk_tbl_02642,dlk_tbl_01176,dlk_tbl_01390;6;gob_tbl_00577,dlk_tbl_00101,gob_tbl_02090,gob_ext_00429,dlk_ext_00090,dlk_ext_00485
proc_proceso_0434;7;gob_tbl_03111,gob_tbl_02703,gob_tbl_00902,dlk_tbl_02744,gob_tbl_01027,proc_tbl_02250,gob_tbl_03276;9;dlk_tbl_01502,gob_tbl_01030,dlk_tbl_00023,gob_tbl_02135,dlk_tbl_02086,dlk_ext_00358,proc_ext_00303,dash_ext_00088,dlk_ext_00296
gob_proceso_0435;2;dlk_tbl_01789,gob_tbl_03208;6;gob_tbl_02409,gob_tbl_00181,dlk_tbl_02891,proc_ext_00156,gob_ext_00223,proc_ext_00304
gob_proceso_0436;5;dlk_tbl_00655,dash_tbl_02692,gob_tbl_01975,proc_tbl_00408,dlk_tbl_03091;5;m4sco_tbl_00894,gob_tbl_02469,gob_tbl_00662,dash_ext_00190,proc_ext_00251
proc_proceso_0437;4;dlk_tbl_01969,gob_tbl_01075,dlk_tbl_00227,proc_tbl_00162;4;dlk_tbl_00428,dlk_tbl_02916,gob_ext_00215,proc_ext_00198
dlk_proceso_0438;7;dlk_tbl_01204,proc_tbl_03046,gob_tbl_00890,dlk_tbl_00496,proc_tbl_01630,gob_tbl_02575,gob_tbl_01770;10;dlk_tbl_02303,gob_tbl_00099,dlk_tbl_03174,dlk_tbl_02660,gob_tbl_02255,gob_tbl_03131,std_ext_00344,gob_ext_00263,gob_ext_00403,dlk_ext_00023
dlk_proceso_0439;4;std_tbl_01746,dlk_tbl_00938,gob_tbl_01006,proc_tbl_03319;9;dlk_tbl_02416,gob_tbl_01356,dash_tbl_03021,dlk_tbl_01074,gob_tbl_01026,proc_ext_00435,dlk_ext_00015,dlk_ext_00185,gob_ext_00167
dash_proceso_0440;6;dlk_tbl_02224,std_tbl_01211,dlk_tbl_00588,dlk_tbl_01382,gob_tbl_00948,dlk_tbl_01074;16;gob_tbl_02788,gob_tbl_00182,dlk_tbl_00110,dlk_tbl_01489,ppn_tbl_01967,dash_tbl_02876,gob_tbl_00649,m4vw_tbl_00621,dlk_tbl_02932,gob_ext_00332,dlk_ext_00158,gob_ext_00406,proc_ext_00281,dlk_ext_00010,dlk_ext_00347,dlk_ext_00166
gob_proceso_0441;4;gob_tbl_02906,proc_tbl_01303,dlk_tbl_02182,dlk_tbl_03094;10;gob_tbl_01540,gob_tbl_01077,dlk_tbl_00265,m4vw_tbl_00012,gob_tbl_01304,dlk_tbl_01271,proc_ext_00303,m4vw_ext_00307,gob_ext_00266,gob_ext_00053
dlk_proceso_0442;8;gob_tbl_02100,proc_tbl_02063,std_tbl_00991,dlk_tbl_02792,gob_tbl_02398,dlk_tbl_00359,gob_tbl_03295,dlk_tbl_00481;6;dlk_tbl_01160,gob_tbl_01936,gob_tbl_02613,gob_ext_00352,gob_ext_00466,std_ext_00004
dlk_proceso_0443;3;proc_tbl_01720,dlk_tbl_00146,proc_tbl_02273;15;dlk_tbl_01963,dlk_tbl_02806,dlk_tbl_01291,gob_tbl_00877,gob_tbl_03204,proc_tbl_02178,dlk_tbl_01407,proc_tbl_00323,dlk_tbl_02163,dlk_ext_00353,gob_ext_00364,dlk_ext_00093,dlk_ext_00015,proc_ext_00209,proc_ext_00279
dlk_proceso_0444;8;dlk_tbl_01090,dlk_tbl_01318,dlk_tbl_01034,gob_tbl_02373,gob_tbl_01971,gob_tbl_00320,dlk_tbl_00771,gob_tbl_01437;24;proc_tbl_01257,gob_tbl_01650,gob_tbl_00279,gob_tbl_00594,gob_tbl_01839,gob_tbl_00610,m4sco_tbl_00524,gob_tbl_01069,dlk_tbl_00285,gob_tbl_03277,dlk_tbl_00207,dlk_tbl_00883,dlk_tbl_00034,gob_tbl_01651,dlk_ext_00143,proc_ext_00056,dlk_ext_00469,dlk_ext_00409,std_ext_00004,gob_ext_00332,gob_ext_00182,gob_ext_00167,dlk_ext_00338,gob_ext_00393
dlk_proceso_0445;3;gob_tbl_01986,m4vw_tbl_00563,gob_tbl_00799;8;dash_tbl_01410,dlk_tbl_01291,gob_tbl_00279,dlk_tbl_01733,gob_tbl_00488,gob_ext_00186,dlk_ext_00089,gob_ext_00334
dlk_proceso_0446;3;dash_tbl_01640,m4sco_tbl_02044,gob_tbl_01205;9;gob_tbl_01230,dlk_tbl_02009,gob_tbl_01976,gob_tbl_03171,proc_tbl_00410,proc_ext_00139,dash_ext_00488,m4vw_ext_00451,gob_ext_00147
dlk_proceso_0447;8;proc_tbl_00261,dlk_tbl_02122,dlk_tbl_02008,ppn_tbl_03027,gob_tbl_00911,dlk_tbl_02403,proc_tbl_03351,dlk_tbl_03169;10;dlk_tbl_02667,dlk_tbl_02727,dlk_tbl_03315,m4sco_tbl_02218,dlk_tbl_00849,gob_tbl_02535,std_ext_00214,proc_ext_00102,proc_ext_00303,gob_ext_00446
gob_proceso_0448;5;gob_tbl_02822,gob_tbl_01777,std_tbl_01078,gob_tbl_00628,proc_tbl_02361;8;proc_tbl_03331,gob_tbl_01189,proc_tbl_02016,gob_tbl_00211,proc_tbl_02488,proc_ext_00365,proc_ext_00047,proc_ext_00121
dlk_proceso_0449;8;std_tbl_01385,gob_tbl_02898,gob_tbl_00118,dlk_tbl_02265,dlk_tbl_03258,gob_tbl_00370,gob_tbl_00130,gob_tbl_00577;24;dlk_tbl_00462,dash_tbl_02311,m4vw_tbl_01897,dlk_tbl_01482,gob_tbl_01343,dlk_tbl_03078,gob_tbl_01075,dlk_tbl_02054,gob_tbl_02192,gob_tbl_02922,gob_tbl_02906,gob_tbl_03346,dlk_tbl_03070,dlk_tbl_01133,dlk_ext_00298,gob_ext_00168,gob_ext_00407,dlk_ext_00330,dlk_ext_00343,dlk_ext_00030,dlk_ext_00164,dash_ext_00335,gob_ext_00151,dlk_ext_00079
dlk_proceso_0450;5;gob_tbl_01499,proc_tbl_01430,dlk_tbl_02076,dlk_tbl_00304,m4sco_tbl_01121;8;gob_tbl_01647,dlk_tbl_01053,dlk_tbl_00580,dlk_tbl_01090,dlk_tbl_03250,dlk_ext_00183,gob_ext_00040,gob_ext_00329
dlk_proceso_0451;4;dlk_tbl_01159,dlk_tbl_02892,dlk_tbl_01636,proc_tbl_00501;10;dlk_tbl_01454,gob_tbl_01075,dlk_tbl_02422,dlk_tbl_00039,gob_tbl_02594,proc_tbl_02501,gob_ext_00346,dlk_ext_00422,dlk_ext_00055,dash_ext_00034
dlk_proceso_0452;6;dlk_tbl_02450,gob_tbl_00561,proc_tbl_03256,m4vw_tbl_03278,gob_tbl_00600,dash_tbl_01719;9;gob_tbl_02431,gob_tbl_00098,gob_tbl_01619,gob_tbl_02228,gob_tbl_01660,dlk_ext_00330,dlk_ext_00108,proc_ext_00220,gob_ext_00099
gob_proceso_0453;3;gob_tbl_02322,dlk_tbl_00274,proc_tbl_02466;13;dlk_tbl_00491,dlk_tbl_02872,dlk_tbl_02035,std_tbl_00217,dlk_tbl_02683,dlk_tbl_02198,dlk_tbl_00296,dlk_ext_00439,gob_ext_00414,proc_ext_00127,dlk_ext_00185,gob_ext_00097,gob_ext_00283
dlk_proceso_0454;2;proc_tbl_01386,proc_tbl_01251;6;gob_tbl_00148,dlk_tbl_01899,dlk_tbl_02891,dash_ext_00013,dlk_ext_00268,proc_ext_00047
dlk_proceso_0455;4;proc_tbl_02093,m4vw_tbl_01418,proc_tbl_00397,dlk_tbl_01114;10;dash_tbl_00070,gob_tbl_02898,proc_tbl_01422,dlk_tbl_00663,proc_tbl_00390,gob_tbl_03215,proc_ext_00324,dlk_ext_00110,m4vw_ext_00411,proc_ext_00139
proc_proceso_0456;2;gob_tbl_01998,gob_tbl_00262;7;dlk_tbl_01964,proc_tbl_01951,proc_tbl_01128,gob_tbl_03102,gob_ext_00167,proc_ext_00435,gob_ext_00275
gob_proceso_0457;4;proc_tbl_01994,dash_tbl_00386,dash_tbl_02631,std_tbl_02927;6;dlk_tbl_01957,dlk_tbl_00834,gob_tbl_00514,dlk_ext_00107,m4vw_ext_00173,proc_ext_00237
dlk_proceso_0458;2;dlk_tbl_02990,gob_tbl_02394;12;proc_tbl_00374,dlk_tbl_00745,gob_tbl_01029,gob_tbl_00127,gob_tbl_00279,dash_tbl_02081,gob_tbl_02789,gob_ext_00233,gob_ext_00364,std_ext_00159,gob_ext_00226,dlk_ext_00025
dlk_proceso_0459;3;dlk_tbl_01432,gob_tbl_02918,m4vw_tbl_01529;13;dash_tbl_02716,gob_tbl_00284,dlk_tbl_03110,gob_tbl_00062,proc_tbl_01128,gob_tbl_03001,proc_tbl_02490,dash_ext_00036,dlk_ext_00401,dlk_ext_00126,dlk_ext_00108,dlk_ext_00075,gob_ext_00226
dlk_proceso_0460;5;gob_tbl_02491,gob_tbl_01122,proc_tbl_01644,gob_tbl_02216,dash_tbl_01067;8;gob_tbl_01077,dash_tbl_03000,m4vw_tbl_01506,dash_tbl_02495,gob_tbl_01770,gob_ext_00086,gob_ext_00168,dlk_ext_00154
proc_proceso_0461;3;gob_tbl_01240,proc_tbl_02640,dash_tbl_02716;17;std_tbl_03225,gob_tbl_01431,gob_tbl_00936,gob_tbl_02956,dlk_tbl_01948,dlk_tbl_02763,dlk_tbl_02704,gob_tbl_01995,dlk_tbl_01113,proc_tbl_01188,gob_ext_00211,dash_ext_00071,proc_ext_00306,dlk_ext_00337,dlk_ext_00254,proc_ext_00399,dlk_ext_00010
dlk_proceso_0462;5;gob_tbl_01594,dlk_tbl_00884,gob_tbl_02012,gob_tbl_02661,dlk_tbl_02831;8;dlk_tbl_01856,dash_tbl_03200,dlk_tbl_02422,gob_tbl_03100,dash_tbl_00647,gob_ext_00436,m4sco_ext_00072,proc_ext_00102
gob_proceso_0463;4;std_tbl_02482,gob_tbl_01029,gob_tbl_01048,gob_tbl_00228;9;dlk_tbl_02831,gob_tbl_01828,proc_tbl_03146,proc_tbl_00560,dlk_tbl_01678,dlk_ext_00231,dlk_ext_00069,proc_ext_00383,dlk_ext_00353
gob_proceso_0464;3;dlk_tbl_00449,dlk_tbl_02353,dash_tbl_00829;14;gob_tbl_00600,m4sco_tbl_01863,gob_tbl_01870,gob_tbl_00297,dlk_tbl_02578,dlk_tbl_00722,dlk_tbl_01551,gob_tbl_02648,proc_ext_00022,dash_ext_00355,gob_ext_00017,dlk_ext_00234,gob_ext_00415,gob_ext_00135
gob_proceso_0465;3;gob_tbl_02126,proc_tbl_01763,proc_tbl_01894;12;dash_tbl_02986,dash_tbl_01600,dash_tbl_00021,m4sco_tbl_00188,m4vw_tbl_00778,gob_tbl_01743,dlk_tbl_01378,dlk_ext_00038,dlk_ext_00145,proc_ext_00249,dlk_ext_00059,dlk_ext_00259
gob_proceso_0466;6;gob_tbl_02135,gob_tbl_03018,dlk_tbl_02417,gob_tbl_02129,gob_tbl_02843,m4sco_tbl_01276;5;proc_tbl_01422,gob_tbl_00325,proc_tbl_00686,dlk_ext_00052,gob_ext_00392
dlk_proceso_0467;2;proc_tbl_00195,dlk_tbl_00141;15;dlk_tbl_00225,dash_tbl_02362,proc_tbl_01919,gob_tbl_01484,dlk_tbl_03334,proc_tbl_00658,m4vw_tbl_02199,dlk_tbl_00429,proc_tbl_03159,gob_ext_00099,dlk_ext_00234,dlk_ext_00055,gob_ext_00334,gob_ext_00223,gob_ext_00086
dlk_proceso_0468;6;dlk_tbl_02206,proc_tbl_01362,proc_tbl_00764,gob_tbl_03358,dlk_tbl_00535,dash_tbl_00742;10;gob_tbl_02336,m4sco_tbl_00128,gob_tbl_01341,gob_tbl_01743,gob_tbl_00331,dlk_tbl_02787,dlk_ext_00480,proc_ext_00047,gob_ext_00207,proc_ext_00247
dlk_proceso_0469;3;dlk_tbl_02997,gob_tbl_00042,dlk_tbl_00187;10;dlk_tbl_00091,proc_tbl_02810,gob_tbl_01111,dash_tbl_01129,dash_tbl_02929,dlk_tbl_01454,gob_ext_00468,proc_ext_00058,dlk_ext_00485,dlk_ext_00124
gob_proceso_0470;8;gob_tbl_03312,dlk_tbl_02605,proc_tbl_00871,proc_tbl_02791,dash_tbl_00785,gob_tbl_02717,dlk_tbl_02763,dlk_tbl_02380;7;gob_tbl_01135,dlk_tbl_00358,dlk_tbl_02265,gob_tbl_00264,dlk_ext_00287,gob_ext_00425,dlk_ext_00123
gob_proceso_0471;3;gob_tbl_00833,std_tbl_02854,gob_tbl_02427;12;dlk_tbl_00218,dlk_tbl_01166,dlk_tbl_01768,gob_tbl_02322,dlk_tbl_03239,dlk_tbl_02046,gob_tbl_02523,proc_ext_00237,dash_ext_00111,dlk_ext_00178,dash_ext_00335,dlk_ext_00222
dlk_proceso_0472;2;dlk_tbl_00962,m4sco_tbl_02172;7;gob_tbl_00434,m4sco_tbl_00894,gob_tbl_02635,proc_tbl_01250,gob_ext_00037,dash_ext_00488,dlk_ext_00199
proc_proceso_0473;3;dlk_tbl_02084,gob_tbl_00630,dlk_tbl_01066;14;gob_tbl_02135,gob_tbl_00331,gob_tbl_02635,gob_tbl_01110,proc_tbl_01850,dlk_tbl_00377,m4vw_tbl_01515,gob_tbl_00196,gob_ext_00094,dlk_ext_00287,m4vw_ext_00299,gob_ext_00468,gob_ext_00225,gob_ext_00490
dlk_proceso_0474;5;dlk_tbl_00026,std_tbl_03293,proc_tbl_02519,gob_tbl_00792,dlk_tbl_00808;7;dlk_tbl_01260,dlk_tbl_01407,m4vw_tbl_01101,dlk_tbl_01899,proc_ext_00102,gob_ext_00342,gob_ext_00263
dlk_proceso_0475;4;gob_tbl_03035,dlk_tbl_01768,gob_tbl_02671,m4sco_tbl_02539;6;gob_tbl_00280,gob_tbl_01110,dlk_tbl_00999,gob_ext_00437,dash_ext_00088,gob_ext_00407
gob_proceso_0476;5;dlk_tbl_01805,gob_tbl_00913,m4sco_tbl_01119,gob_tbl_01791,proc_tbl_01981;4;gob_tbl_01426,dlk_tbl_03249,m4sco_ext_00063,dlk_ext_00370
proc_proceso_0477;6;m4vw_tbl_00232,dlk_tbl_02050,dash_tbl_02249,proc_tbl_00851,dlk_tbl_00542,proc_tbl_01342;21;std_tbl_00991,proc_tbl_02114,dlk_tbl_02619,proc_tbl_01567,gob_tbl_01949,gob_tbl_02101,proc_tbl_01702,proc_tbl_02980,dlk_tbl_03056,dlk_tbl_01895,gob_tbl_00977,gob_tbl_01315,gob_ext_00342,gob_ext_00283,m4vw_ext_00451,proc_ext_00027,gob_ext_00051,dlk_ext_00338,gob_ext_00050,dlk_ext_00477,dlk_ext_00066
gob_proceso_0478;3;dash_tbl_02311,gob_tbl_01099,dlk_tbl_02358;11;gob_tbl_01237,gob_tbl_01336,gob_tbl_02757,gob_tbl_02170,dlk_tbl_01284,std_tbl_01025,dash_ext_00088,proc_ext_00282,gob_ext_00388,dlk_ext_00381,gob_ext_00329
proc_proceso_0479;6;dlk_tbl_00861,gob_tbl_01423,dlk_tbl_03049,dlk_tbl_01612,proc_tbl_01699,dlk_tbl_02124;13;gob_tbl_02737,dlk_tbl_00310,dash_tbl_00822,dlk_tbl_01965,dlk_tbl_03209,proc_tbl_01548,proc_tbl_00390,m4sco_ext_00074,dlk_ext_00460,gob_ext_00363,dlk_ext_00068,gob_ext_00021,gob_ext_00441
dash_proceso_0480;7;ppn_tbl_01057,gob_tbl_01380,dlk_tbl_02293,gob_tbl_00689,dlk_tbl_02505,dlk_tbl_02283,dlk_tbl_02909;4;dash_tbl_00168,gob_tbl_02937,dlk_ext_00081,gob_ext_00283
gob_proceso_0481;6;gob_tbl_01903,proc_tbl_03274,std_tbl_01455,gob_tbl_01426,gob_tbl_01030,dlk_tbl_02281;6;gob_tbl_00697,proc_tbl_02490,gob_tbl_02228,dlk_ext_00183,dlk_ext_00149,gob_ext_00061
gob_proceso_0482;3;dlk_tbl_01990,dlk_tbl_01396,gob_tbl_00634;6;dlk_tbl_00812,gob_tbl_03139,dlk_tbl_00462,dash_ext_00433,dlk_ext_00023,dlk_ext_00108
dlk_proceso_0483;3;gob_tbl_00858,proc_tbl_01363,dlk_tbl_02801;9;dlk_tbl_02925,std_tbl_02262,dlk_tbl_02723,gob_tbl_00770,dlk_tbl_02812,proc_ext_00029,gob_ext_00397,dlk_ext_00330,dlk_ext_00485
dash_proceso_0484;6;dash_tbl_01536,gob_tbl_01045,gob_tbl_00156,proc_tbl_01182,proc_tbl_02873,m4sco_tbl_00614;6;dlk_tbl_01372,gob_tbl_00680,gob_tbl_01918,gob_ext_00458,dash_ext_00140,gob_ext_00406
dlk_proceso_0485;2;dlk_tbl_02099,gob_tbl_02523;10;dlk_tbl_01271,gob_tbl_03202,dlk_tbl_00904,proc_tbl_03031,std_tbl_00850,dash_tbl_02919,gob_ext_00203,gob_ext_00274,dlk_ext_00025,gob_ext_00323
dash_proceso_0486;2;gob_tbl_01980,dlk_tbl_02299;9;gob_tbl_00609,gob_tbl_02148,proc_tbl_02572,dlk_tbl_02999,gob_tbl_00573,dlk_ext_00143,dlk_ext_00439,dlk_ext_00149,gob_ext_00085
proc_proceso_0487;3;gob_tbl_00982,dlk_tbl_00805,gob_tbl_00213;10;dlk_tbl_01708,std_tbl_00052,proc_tbl_00935,gob_tbl_00976,gob_tbl_02788,proc_tbl_00424,dash_ext_00034,dlk_ext_00464,std_ext_00212,gob_ext_00216
gob_proceso_0488;4;gob_tbl_00608,dlk_tbl_01924,dlk_tbl_00716,gob_tbl_00275;10;dash_tbl_01366,dlk_tbl_02973,gob_tbl_00522,gob_tbl_01301,dlk_tbl_00259,proc_tbl_02307,dash_ext_00412,dlk_ext_00145,dlk_ext_00126,dlk_ext_00440
gob_proceso_0489;2;dlk_tbl_00116,dlk_tbl_02933;6;gob_tbl_00648,gob_tbl_02665,dlk_tbl_01858,gob_ext_00414,dlk_ext_00089,proc_ext_00306
dlk_proceso_0490;3;proc_tbl_01470,m4vw_tbl_00797,gob_tbl_02366;11;std_tbl_03225,dlk_tbl_02925,dlk_tbl_01691,gob_tbl_00690,gob_tbl_02560,std_tbl_00620,gob_ext_00392,gob_ext_00169,dlk_ext_00136,dlk_ext_00134,proc_ext_00246
dlk_proceso_0491;5;gob_tbl_01809,dlk_tbl_01300,gob_tbl_00769,dlk_tbl_01041,dlk_tbl_00794;8;gob_tbl_02984,gob_tbl_01743,dlk_tbl_01274,gob_tbl_03355,proc_tbl_03267,dlk_ext_00485,gob_ext_00340,gob_ext_00182
proc_proceso_0492;5;gob_tbl_01669,dlk_tbl_02211,proc_tbl_03180,gob_tbl_00279,gob_tbl_01349;10;proc_tbl_03146,dlk_tbl_01300,dlk_tbl_03113,dlk_tbl_02451,gob_tbl_03096,m4sco_tbl_00614,gob_ext_00327,gob_ext_00414,gob_ext_00406,dlk_ext_00185
gob_proceso_0493;5;proc_tbl_01368,proc_tbl_03063,dlk_tbl_02657,gob_tbl_00303,dash_tbl_02495;19;m4sco_tbl_00524,gob_tbl_01213,dlk_tbl_00236,proc_tbl_02875,gob_tbl_02460,gob_tbl_00084,gob_tbl_00190,m4sco_tbl_02044,std_tbl_02808,std_tbl_02601,gob_tbl_02222,dlk_ext_00170,dlk_ext_00447,proc_ext_00127,dlk_ext_00101,gob_ext_00241,gob_ext_00329,dlk_ext_00062,gob_ext_00322
dlk_proceso_0494;5;gob_tbl_03330,gob_tbl_02415,gob_tbl_03286,dlk_tbl_00623,gob_tbl_02829;16;gob_tbl_01755,gob_tbl_03292,gob_tbl_02444,dlk_tbl_00458,proc_tbl_03031,proc_tbl_01404,gob_tbl_02212,dlk_tbl_00184,dlk_tbl_01691,dlk_ext_00142,dlk_ext_00268,proc_ext_00156,dlk_ext_00124,dlk_ext_00310,proc_ext_00092,dlk_ext_00134
gob_proceso_0495;6;dlk_tbl_00095,std_tbl_02259,gob_tbl_00878,gob_tbl_00859,m4sco_tbl_02871,dlk_tbl_00311;4;dlk_tbl_02504,proc_tbl_00380,gob_ext_00048,gob_ext_00403
proc_proceso_0496;8;dlk_tbl_00469,gob_tbl_01932,gob_tbl_00058,dlk_tbl_00333,dash_tbl_02553,proc_tbl_02357,gob_tbl_03047,gob_tbl_01566;24;dlk_tbl_02590,gob_tbl_02564,proc_tbl_00404,gob_tbl_02613,dlk_tbl_02584,gob_tbl_00516,gob_tbl_01694,gob_tbl_01643,gob_tbl_00978,dlk_tbl_01489,gob_tbl_00985,gob_tbl_03051,gob_tbl_01199,gob_tbl_02635,proc_ext_00121,dlk_ext_00059,proc_ext_00249,dlk_ext_00336,std_ext_00212,dash_ext_00229,gob_ext_00018,dlk_ext_00375,dlk_ext_00230,gob_ext_00241
proc_proceso_0497;4;dash_tbl_01156,dlk_tbl_01220,proc_tbl_02247,gob_tbl_00443;4;gob_tbl_02339,gob_tbl_01485,gob_ext_00319,proc_ext_00303
dlk_proceso_0498;4;dlk_tbl_01217,gob_tbl_00416,dash_tbl_01866,gob_tbl_01304;7;gob_tbl_01254,dlk_tbl_02912,proc_tbl_00958,gob_tbl_02620,dlk_ext_00347,dash_ext_00445,std_ext_00103
dlk_proceso_0499;7;dlk_tbl_00202,dlk_tbl_01778,gob_tbl_00418,dlk_tbl_03017,gob_tbl_01248,gob_tbl_02460,dlk_tbl_03174;11;gob_tbl_01764,dlk_tbl_02208,proc_tbl_01774,std_tbl_01626,dash_tbl_00582,dlk_tbl_01963,dash_ext_00088,proc_ext_00399,gob_ext_00406,std_ext_00159,dlk_ext_00338
gob_proceso_0500;7;dlk_tbl_01374,gob_tbl_00545,gob_tbl_03237,gob_tbl_00680,gob_tbl_00528,dlk_tbl_01638,proc_tbl_03243;6;proc_tbl_02518,proc_tbl_00940,gob_tbl_00027,dlk_ext_00066,dlk_ext_00464,dlk_ext_00386
gob_proceso_0501;2;dlk_tbl_01655,dlk_tbl_02521;12;dlk_tbl_00497,proc_tbl_01797,dlk_tbl_02870,proc_tbl_01188,gob_tbl_01371,proc_tbl_02640,proc_tbl_02114,gob_ext_00097,dlk_ext_00298,dlk_ext_00409,dlk_ext_00038,proc_ext_00139
dash_proceso_0502;6;dlk_tbl_00104,gob_tbl_03101,dash_tbl_03326,gob_tbl_02922,proc_tbl_01703,dlk_tbl_01451;4;dash_tbl_00822,std_tbl_02343,m4vw_ext_00193,gob_ext_00258
dlk_proceso_0503;4;gob_tbl_00598,dlk_tbl_01402,gob_tbl_02221,gob_tbl_00249;11;std_tbl_00100,dash_tbl_01473,gob_tbl_00108,gob_tbl_00222,dlk_tbl_02760,proc_tbl_00935,proc_ext_00324,gob_ext_00332,gob_ext_00352,dlk_ext_00166,proc_ext_00318
dlk_proceso_0504;5;gob_tbl_02033,gob_tbl_02065,proc_tbl_02225,dlk_tbl_01904,gob_tbl_02197;4;gob_tbl_01737,gob_tbl_02252,std_ext_00212,proc_ext_00209
gob_proceso_0505;3;gob_tbl_03005,dash_tbl_01129,dlk_tbl_03216;13;gob_tbl_01991,dlk_tbl_03249,proc_tbl_01555,gob_tbl_01344,dlk_tbl_01413,proc_tbl_01784,gob_tbl_01236,dlk_ext_00010,dash_ext_00163,proc_ext_00181,gob_ext_00283,dlk_ext_00038,gob_ext_00264
proc_proceso_0506;3;gob_tbl_02021,dlk_tbl_03247,dash_tbl_02253;12;dlk_tbl_03011,gob_tbl_01069,gob_tbl_01729,gob_tbl_02032,gob_tbl_01709,dash_tbl_01501,dash_tbl_02710,gob_ext_00109,gob_ext_00397,dlk_ext_00219,m4vw_ext_00451,dlk_ext_00025
dlk_proceso_0507;5;dlk_tbl_00968,gob_tbl_00573,dash_tbl_00963,proc_tbl_00314,gob_tbl_03277;5;gob_tbl_02788,gob_tbl_00859,gob_tbl_02102,dlk_ext_00268,dash_ext_00034
dlk_proceso_0508;3;proc_tbl_00317,dlk_tbl_00259,dash_tbl_00016;11;std_tbl_00635,gob_tbl_00890,gob_tbl_03302,dlk_tbl_00961,gob_tbl_02033,m4sco_tbl_00247,dlk_ext_00084,dlk_ext_00055,dlk_ext_00089,proc_ext_00195,gob_ext_00393
dash_proceso_0509;6;proc_tbl_02833,gob_tbl_03303,gob_tbl_02175,gob_tbl_02643,gob_tbl_00084,gob_tbl_01889;9;proc_tbl_00117,gob_tbl_02557,dash_tbl_03264,gob_tbl_00069,gob_tbl_00292,gob_ext_00429,dlk_ext_00301,ppn_ext_00227,dlk_ext_00010
dlk_proceso_0510;5;m4vw_tbl_00555,dlk_tbl_00010,gob_tbl_02593,gob_tbl_02414,gob_tbl_02649;7;dlk_tbl_03109,dash_tbl_01934,dlk_tbl_02187,gob_tbl_00640,dlk_ext_00316,gob_ext_00329,dlk_ext_00268
gob_proceso_0511;5;gob_tbl_00924,proc_tbl_01864,gob_tbl_02067,gob_tbl_01087,gob_tbl_00734;7;gob_tbl_01760,gob_tbl_03188,dlk_tbl_02619,gob_tbl_02216,gob_ext_00263,gob_ext_00179,proc_ext_00271
dlk_proceso_0512;5;gob_tbl_02924,dlk_tbl_01858,dlk_tbl_01941,proc_tbl_01528,proc_tbl_02881;10;dlk_tbl_02851,dlk_tbl_02401,ppn_tbl_00760,proc_tbl_01404,proc_tbl_02509,dash_tbl_00386,proc_ext_00304,proc_ext_00228,dash_ext_00488,gob_ext_00283
dlk_proceso_0513;5;proc_tbl_02548,std_tbl_00174,gob_tbl_03086,proc_tbl_01273,proc_tbl_00059;5;dlk_tbl_00800,dlk_tbl_00997,gob_tbl_01694,proc_ext_00105,std_ext_00396
dlk_proceso_0514;8;proc_tbl_01875,dlk_tbl_01603,gob_tbl_02957,gob_tbl_02897,std_tbl_00277,gob_tbl_03215,gob_tbl_00142,proc_tbl_02158;5;dlk_tbl_02528,proc_tbl_02113,gob_tbl_02115,dlk_ext_00230,gob_ext_00397
gob_proceso_0515;6;gob_tbl_01987,dlk_tbl_02992,dlk_tbl_01113,dlk_tbl_00787,dash_tbl_02919,dlk_tbl_03269;6;dash_tbl_01934,dlk_tbl_03029,gob_tbl_02104,gob_ext_00245,dlk_ext_00330,std_ext_00317
proc_proceso_0516;4;dlk_tbl_01930,gob_tbl_02639,dlk_tbl_02800,gob_tbl_01138;12;proc_tbl_02213,gob_tbl_01871,gob_tbl_01932,dlk_tbl_01170,gob_tbl_00823,dlk_tbl_01378,dash_tbl_00767,proc_ext_00195,proc_ext_00246,dlk_ext_00298,std_ext_00103,proc_ext_00228
gob_proceso_0517;5;gob_tbl_02750,proc_tbl_02668,dlk_tbl_03195,proc_tbl_02370,proc_tbl_02375;14;dlk_tbl_02619,gob_tbl_01986,dash_tbl_01216,dash_tbl_01410,dlk_tbl_02590,dlk_tbl_01008,dlk_tbl_00800,gob_tbl_01301,dlk_ext_00336,gob_ext_00490,dlk_ext_00170,dlk_ext_00408,proc_ext_00306,dash_ext_00034
gob_proceso_0518;3;dlk_tbl_01577,gob_tbl_01602,dash_tbl_00022;6;gob_tbl_00897,dlk_tbl_02401,dlk_tbl_02500,std_ext_00344,dlk_ext_00400,gob_ext_00322
dlk_proceso_0519;2;proc_tbl_02709,dlk_tbl_01913;7;gob_tbl_01519,dlk_tbl_03310,dlk_tbl_01958,dlk_tbl_02999,proc_ext_00246,dlk_ext_00312,dash_ext_00265
gob_proceso_0520;5;gob_tbl_02620,std_tbl_00702,gob_tbl_03212,proc_tbl_00893,gob_tbl_00674;4;dlk_tbl_00989,gob_tbl_00483,gob_ext_00226,proc_ext_00383
gob_proceso_0521;5;gob_tbl_00956,dlk_tbl_01682,gob_tbl_02803,gob_tbl_02513,dlk_tbl_03069;5;dash_tbl_00395,proc_tbl_03141,dlk_tbl_02800,dash_ext_00163,dlk_ext_00197
proc_proceso_0522;5;std_tbl_00996,dlk_tbl_02106,m4vw_tbl_00379,proc_tbl_01721,gob_tbl_03162;8;gob_tbl_02512,m4vw_tbl_01535,dash_tbl_03021,gob_tbl_01122,gob_tbl_01029,gob_ext_00201,gob_ext_00340,dlk_ext_00081
gob_proceso_0523;4;proc_tbl_02599,dlk_tbl_02208,ppn_tbl_02031,std_tbl_00521;4;gob_tbl_02340,gob_tbl_01677,dlk_ext_00338,dash_ext_00088
dash_proceso_0524;3;proc_tbl_02488,dlk_tbl_03228,dlk_tbl_00927;12;dlk_tbl_02935,dash_tbl_00822,gob_tbl_01903,gob_tbl_02956,dlk_tbl_00360,std_tbl_02259,gob_tbl_00190,gob_ext_00407,dlk_ext_00338,std_ext_00103,dlk_ext_00055,proc_ext_00056
dlk_proceso_0525;6;gob_tbl_01218,ppn_tbl_00183,gob_tbl_01214,dash_tbl_00306,proc_tbl_01545,gob_tbl_03079;10;gob_tbl_02948,ppn_tbl_03089,proc_tbl_00073,dlk_tbl_01565,dlk_tbl_01190,proc_tbl_03166,dlk_ext_00402,dlk_ext_00358,proc_ext_00367,dlk_ext_00185
gob_proceso_0526;3;gob_tbl_03087,dlk_tbl_02659,proc_tbl_00093;9;dlk_tbl_01411,gob_tbl_00189,dlk_tbl_00632,proc_tbl_02490,gob_tbl_03270,dlk_ext_00185,gob_ext_00194,gob_ext_00097,proc_ext_00304
dlk_proceso_0527;3;gob_tbl_01351,gob_tbl_01773,gob_tbl_02967;14;dlk_tbl_01298,gob_tbl_03102,gob_tbl_02175,gob_tbl_02837,proc_tbl_03193,gob_tbl_01725,proc_tbl_02000,ppn_tbl_01766,gob_ext_00346,gob_ext_00020,dlk_ext_00413,dlk_ext_00470,dlk_ext_00272,gob_ext_00241
dash_proceso_0528;3;dash_tbl_00240,gob_tbl_02301,gob_tbl_01144;10;dash_tbl_02742,dlk_tbl_01411,dlk_tbl_02484,gob_tbl_02814,dlk_tbl_01018,proc_tbl_00765,gob_ext_00144,dlk_ext_00166,dlk_ext_00470,gob_ext_00179
gob_proceso_0529;3;proc_tbl_00559,proc_tbl_01447,dlk_tbl_00532;11;dlk_tbl_00537,proc_tbl_01555,proc_tbl_01999,proc_tbl_00940,gob_tbl_00929,dlk_tbl_01783,gob_ext_00204,dlk_ext_00259,gob_ext_00405,gob_ext_00329,dlk_ext_00183
dash_proceso_0530;3;dlk_tbl_02118,m4sco_tbl_00780,dlk_tbl_00348;13;m4vw_tbl_01101,gob_tbl_01332,m4vw_tbl_02777,gob_tbl_02252,m4sco_tbl_01131,dlk_tbl_03365,dlk_tbl_01811,proc_ext_00127,dlk_ext_00062,dlk_ext_00124,gob_ext_00169,dlk_ext_00474,m4vw_ext_00307
gob_proceso_0531;4;dash_tbl_01287,dash_tbl_00591,gob_tbl_00392,gob_tbl_00978;17;dlk_tbl_03033,dlk_tbl_03199,dlk_tbl_01733,proc_tbl_01071,dlk_tbl_02359,dlk_tbl_01762,gob_tbl_02240,dash_tbl_00395,gob_tbl_00813,gob_tbl_03131,gob_ext_00405,dash_ext_00088,gob_ext_00168,dlk_ext_00199,dash_ext_00165,dlk_ext_00300,gob_ext_00187
dlk_proceso_0532;6;dlk_tbl_00624,dash_tbl_01035,proc_tbl_00860,dlk_tbl_01007,gob_tbl_02404,proc_tbl_00875;10;gob_tbl_03299,dlk_tbl_01503,dash_tbl_03021,gob_tbl_02066,gob_tbl_01828,dlk_tbl_01088,proc_ext_00078,gob_ext_00350,dlk_ext_00480,gob_ext_00204
gob_proceso_0533;4;proc_tbl_03289,dlk_tbl_00554,gob_tbl_00909,proc_tbl_00826;7;proc_tbl_01241,proc_tbl_02475,dlk_tbl_01298,dlk_tbl_01914,dlk_ext_00338,dlk_ext_00311,gob_ext_00326
proc_proceso_0534;7;std_tbl_03095,gob_tbl_02310,gob_tbl_03298,dash_tbl_02971,dlk_tbl_01856,dlk_tbl_00171,gob_tbl_00472;11;gob_tbl_00769,std_tbl_02204,proc_tbl_03219,dlk_tbl_00771,dlk_tbl_02578,dash_tbl_00822,dlk_ext_00262,proc_ext_00240,dlk_ext_00338,dlk_ext_00083,gob_ext_00352
proc_proceso_0535;2;gob_tbl_02618,gob_tbl_03104;7;gob_tbl_03292,m4vw_tbl_03217,dlk_tbl_02025,dlk_tbl_00218,gob_ext_00191,dash_ext_00190,dlk_ext_00378
dlk_proceso_0536;6;dlk_tbl_00597,m4vw_tbl_01364,proc_tbl_02845,proc_tbl_01625,dash_tbl_01476,dlk_tbl_01270;6;dlk_tbl_03218,dlk_tbl_01768,gob_tbl_02186,gob_ext_00204,proc_ext_00237,gob_ext_00260
gob_proceso_0537;6;dlk_tbl_03032,dlk_tbl_01748,dlk_tbl_00300,gob_tbl_00127,dlk_tbl_02333,dlk_tbl_01997;11;dlk_tbl_02942,dlk_tbl_00597,gob_tbl_01666,dlk_tbl_03092,dlk_tbl_00034,gob_tbl_03071,proc_ext_00324,dlk_ext_00485,dlk_ext_00381,gob_ext_00405,dlk_ext_00459
proc_proceso_0538;7;gob_tbl_02681,proc_tbl_02501,gob_tbl_02571,gob_tbl_01563,dlk_tbl_03288,dlk_tbl_02524,m4sco_tbl_01618;15;gob_tbl_01134,proc_tbl_01849,dlk_tbl_00945,ppn_tbl_01766,proc_tbl_02277,dlk_tbl_02128,gob_tbl_00015,gob_tbl_02770,proc_tbl_02480,dlk_ext_00033,gob_ext_00315,gob_ext_00179,gob_ext_00167,dlk_ext_00026,gob_ext_00017
dlk_proceso_0539;4;gob_tbl_03145,gob_tbl_02412,proc_tbl_01448,dlk_tbl_01855;12;gob_tbl_02326,gob_tbl_00297,dlk_tbl_03339,gob_tbl_00098,dash_tbl_03264,proc_tbl_00197,gob_tbl_00610,gob_ext_00046,dlk_ext_00093,dlk_ext_00285,dlk_ext_00360,dlk_ext_00126
dlk_proceso_0540;3;gob_tbl_01292,gob_tbl_00181,dash_tbl_03200;13;dlk_tbl_00440,gob_tbl_03188,gob_tbl_02984,gob_tbl_02023,gob_tbl_00504,dlk_tbl_00358,proc_tbl_02488,dash_ext_00002,proc_ext_00022,m4sco_ext_00117,dlk_ext_00025,dlk_ext_00444,proc_ext_00102
proc_proceso_0541;4;gob_tbl_00140,dash_tbl_00176,gob_tbl_01370,std_tbl_01373;4;dlk_tbl_01842,gob_tbl_01164,dlk_ext_00084,dlk_ext_00368
proc_proceso_0542;5;gob_tbl_00378,dlk_tbl_01267,dash_tbl_01398,dlk_tbl_01080,gob_tbl_00712;13;gob_tbl_01760,dlk_tbl_00038,m4vw_tbl_03363,dlk_tbl_03070,dash_tbl_02856,gob_tbl_02855,proc_tbl_01081,dlk_ext_00205,gob_ext_00475,gob_ext_00147,gob_ext_00490,dlk_ext_00400,dlk_ext_00110
dlk_proceso_0543;6;dlk_tbl_03238,gob_tbl_01833,ppn_tbl_02641,dlk_tbl_01023,gob_tbl_02001,proc_tbl_02981;9;proc_tbl_02834,dash_tbl_00775,dlk_tbl_03300,proc_tbl_02490,dlk_tbl_02306,proc_ext_00220,gob_ext_00006,gob_ext_00135,dlk_ext_00123
gob_proceso_0544;8;gob_tbl_01033,dlk_tbl_03009,proc_tbl_02841,dlk_tbl_01710,gob_tbl_03127,dlk_tbl_02748,dlk_tbl_01170,dlk_tbl_01646;5;gob_tbl_00222,proc_tbl_01325,dlk_tbl_02664,dlk_ext_00292,dlk_ext_00474
gob_proceso_0545;2;gob_tbl_00318,dlk_tbl_01206;7;dlk_tbl_02780,gob_tbl_00561,gob_tbl_01588,dlk_tbl_01969,dlk_ext_00008,dlk_ext_00158,dash_ext_00190
gob_proceso_0546;6;dash_tbl_02455,dlk_tbl_02904,gob_tbl_03332,dlk_tbl_02146,dlk_tbl_00152,gob_tbl_02185;6;dlk_tbl_02916,dlk_tbl_02634,gob_tbl_02559,gob_ext_00194,dlk_ext_00292,gob_ext_00097
gob_proceso_0547;5;dlk_tbl_01693,dlk_tbl_00219,gob_tbl_01793,dlk_tbl_02880,m4sco_tbl_03284;10;dlk_tbl_00762,dlk_tbl_02476,gob_tbl_03139,dlk_tbl_01930,dlk_tbl_00184,gob_tbl_00680,dlk_ext_00375,gob_ext_00150,dash_ext_00314,proc_ext_00430
gob_proceso_0548;4;dlk_tbl_01917,dlk_tbl_02977,gob_tbl_00046,gob_tbl_02222;7;gob_tbl_00514,dlk_tbl_02042,dlk_tbl_02308,dlk_tbl_01407,dlk_ext_00380,dlk_ext_00358,m4vw_ext_00331
dlk_proceso_0549;3;gob_tbl_03139,proc_tbl_00947,gob_tbl_02770;9;proc_tbl_01864,gob_tbl_01439,proc_tbl_03180,dlk_tbl_00999,proc_tbl_01555,gob_ext_00028,dlk_ext_00459,dlk_ext_00026,dlk_ext_00205
proc_proceso_0550;2;proc_tbl_01215,proc_tbl_01227;13;gob_tbl_00210,dlk_tbl_02963,gob_tbl_01694,gob_tbl_01077,dash_tbl_01287,gob_tbl_00241,dlk_tbl_02144,dash_ext_00002,dlk_ext_00370,proc_ext_00220,dash_ext_00412,dlk_ext_00145,dlk_ext_00025
dlk_proceso_0551;4;proc_tbl_02261,std_tbl_00315,dlk_tbl_02629,dash_tbl_00840;4;gob_tbl_01767,gob_tbl_00019,dlk_ext_00052,dlk_ext_00385
dlk_proceso_0552;3;gob_tbl_00050,gob_tbl_00121,proc_tbl_03179;9;proc_tbl_00342,gob_tbl_02580,gob_tbl_00530,dlk_tbl_02147,dlk_tbl_01557,dlk_ext_00065,dlk_ext_00386,dlk_ext_00427,dlk_ext_00476
dlk_proceso_0553;4;proc_tbl_00254,gob_tbl_02607,gob_tbl_02143,gob_tbl_00182;9;proc_tbl_02824,dash_tbl_00785,gob_tbl_02315,dlk_tbl_00169,dlk_tbl_01275,dash_ext_00175,dlk_ext_00015,gob_ext_00118,dlk_ext_00197
dlk_proceso_0554;5;gob_tbl_01767,gob_tbl_00678,gob_tbl_01844,dlk_tbl_03192,dlk_tbl_02328;7;dlk_tbl_02085,gob_tbl_01998,dlk_tbl_02379,gob_tbl_00325,dlk_ext_00375,gob_ext_00297,dash_ext_00002
dlk_proceso_0555;2;gob_tbl_03172,dlk_tbl_02932;5;gob_tbl_01400,gob_tbl_03220,gob_tbl_01785,proc_ext_00271,proc_ext_00282
dlk_proceso_0556;6;dlk_tbl_00281,dlk_tbl_01139,proc_tbl_00853,gob_tbl_02075,proc_tbl_02092,gob_tbl_00911;9;dlk_tbl_00580,proc_tbl_01324,dlk_tbl_02827,dlk_tbl_00777,gob_tbl_00735,proc_ext_00399,m4vw_ext_00173,m4sco_ext_00072,ppn_ext_00227
dlk_proceso_0557;5;m4sco_tbl_01863,dlk_tbl_02617,dlk_tbl_02497,dash_tbl_00194,dlk_tbl_02727;8;gob_tbl_01792,dlk_tbl_01428,dlk_tbl_01609,gob_tbl_00084,dlk_tbl_00464,proc_ext_00357,std_ext_00212,dlk_ext_00183
dlk_proceso_0558;4;dlk_tbl_03043,dlk_tbl_02907,dlk_tbl_03068,gob_tbl_00736;10;gob_tbl_03128,proc_tbl_02257,gob_tbl_02186,gob_tbl_01077,gob_tbl_00694,dlk_tbl_02040,proc_ext_00148,gob_ext_00037,dlk_ext_00456,proc_ext_00271
dlk_proceso_0559;5;gob_tbl_01055,proc_tbl_01106,dlk_tbl_00838,gob_tbl_03211,gob_tbl_02461;16;gob_tbl_02571,gob_tbl_03212,gob_tbl_02837,gob_tbl_01243,dlk_tbl_02203,dlk_tbl_00252,std_tbl_00052,ppn_tbl_00025,dlk_tbl_02505,dlk_ext_00062,dash_ext_00129,gob_ext_00207,gob_ext_00094,gob_ext_00334,dash_ext_00175,gob_ext_00407
gob_proceso_0560;4;proc_tbl_00638,gob_tbl_02372,std_tbl_03361,gob_tbl_02705;4;dlk_tbl_03109,dash_tbl_03044,dlk_ext_00358,dlk_ext_00059
gob_proceso_0561;3;dlk_tbl_01852,dlk_tbl_00334,dlk_tbl_01244;14;gob_tbl_00504,std_tbl_00277,dash_tbl_02637,m4sco_tbl_01119,proc_tbl_00832,dlk_tbl_02511,gob_tbl_02356,dlk_tbl_00173,gob_ext_00420,gob_ext_00468,dlk_ext_00330,dlk_ext_00087,dlk_ext_00440,gob_ext_00020
proc_proceso_0562;3;dlk_tbl_03056,proc_tbl_02435,gob_tbl_02781;13;gob_tbl_01442,gob_tbl_01743,gob_tbl_03291,dash_tbl_02253,gob_tbl_03164,gob_tbl_01737,gob_tbl_02425,dlk_ext_00456,std_ext_00103,gob_ext_00191,dlk_ext_00166,dlk_ext_00316,dlk_ext_00142
gob_proceso_0563;5;dlk_tbl_02167,dlk_tbl_00480,dash_tbl_02312,dlk_tbl_00051,dlk_tbl_00632;8;dlk_tbl_00377,dlk_tbl_03090,gob_tbl_01026,proc_tbl_00729,dlk_tbl_00097,dash_ext_00239,gob_ext_00094,gob_ext_00345
dlk_proceso_0564;5;gob_tbl_00409,dlk_tbl_02055,dlk_tbl_01818,gob_tbl_02648,gob_tbl_01522;5;dlk_tbl_01090,gob_tbl_00465,proc_tbl_03274,gob_ext_00146,dlk_ext_00145
dlk_proceso_0565;6;dlk_tbl_00972,std_tbl_01011,dlk_tbl_01808,dlk_tbl_01018,dlk_tbl_01297,dlk_tbl_01208;13;gob_tbl_02964,dlk_tbl_02400,dlk_tbl_03214,dlk_tbl_02009,dlk_tbl_02627,dlk_tbl_02054,dlk_tbl_00037,dlk_ext_00090,dlk_ext_00066,gob_ext_00020,dlk_ext_00378,gob_ext_00364,proc_ext_00035
proc_proceso_0566;3;dlk_tbl_00178,proc_tbl_01445,dlk_tbl_01723;4;gob_tbl_03185,gob_tbl_00145,dlk_ext_00298,dlk_ext_00075
dlk_proceso_0567;5;gob_tbl_00737,gob_tbl_03205,proc_tbl_02938,gob_tbl_02969,m4sco_tbl_01491;7;gob_tbl_01423,std_tbl_00157,dlk_tbl_02667,gob_tbl_00445,gob_ext_00137,gob_ext_00364,gob_ext_00481
proc_proceso_0568;5;gob_tbl_00756,dlk_tbl_02573,dlk_tbl_00097,gob_tbl_02862,m4sco_tbl_02441;5;ppn_tbl_00636,gob_tbl_02608,dlk_tbl_02540,dlk_ext_00400,dlk_ext_00371
gob_proceso_0569;6;gob_tbl_00096,gob_tbl_02733,dlk_tbl_02419,dlk_tbl_01054,gob_tbl_00196,dash_tbl_00111;15;proc_tbl_01167,gob_tbl_01932,gob_tbl_02304,gob_tbl_00250,dash_tbl_03044,dash_tbl_02471,gob_tbl_00589,gob_tbl_02894,dlk_tbl_02878,dlk_ext_00052,proc_ext_00271,proc_ext_00102,dlk_ext_00066,proc_ext_00484,gob_ext_00085
proc_proceso_0570;4;proc_tbl_00294,dlk_tbl_02025,dlk_tbl_02383,dlk_tbl_00616;10;dlk_tbl_00537,gob_tbl_02023,dlk_tbl_01611,gob_tbl_00897,gob_tbl_03153,gob_tbl_02722,proc_ext_00306,dlk_ext_00075,proc_ext_00435,gob_ext_00490
dlk_proceso_0571;3;proc_tbl_01150,dlk_tbl_03039,dlk_tbl_02209;5;dlk_tbl_01965,gob_tbl_01117,gob_tbl_01254,proc_ext_00249,dlk_ext_00313
dlk_proceso_0572;3;dlk_tbl_01691,proc_tbl_01984,m4vw_tbl_03217;14;dlk_tbl_02795,dlk_tbl_02905,proc_tbl_02177,dlk_tbl_00218,gob_tbl_02414,dash_tbl_03000,dlk_tbl_00537,dlk_tbl_02713,dlk_ext_00330,gob_ext_00465,dash_ext_00071,dlk_ext_00402,m4vw_ext_00005,dash_ext_00488
dlk_proceso_0573;4;gob_tbl_02010,ppn_tbl_00025,gob_tbl_01530,gob_tbl_01243;7;gob_tbl_02757,std_tbl_02854,dlk_tbl_00571,proc_tbl_02572,proc_ext_00467,proc_ext_00279,dlk_ext_00098
proc_proceso_0574;8;dlk_tbl_00706,dlk_tbl_01249,dash_tbl_02551,dlk_tbl_01085,proc_tbl_00424,dlk_tbl_01388,gob_tbl_02356,dlk_tbl_00477;14;dlk_tbl_02035,gob_tbl_01709,std_tbl_00944,dlk_tbl_01636,ppn_tbl_01057,dlk_tbl_02727,dlk_tbl_01383,gob_tbl_03040,dash_ext_00071,dlk_ext_00075,gob_ext_00315,m4sco_ext_00072,dlk_ext_00330,dash_ext_00088
dlk_proceso_0575;4;gob_tbl_02737,gob_tbl_01014,dlk_tbl_02376,gob_tbl_02443;8;gob_tbl_03001,dlk_tbl_00184,proc_tbl_00888,gob_tbl_00297,dlk_tbl_00518,gob_ext_00351,dlk_ext_00090,gob_ext_00387
dlk_proceso_0576;3;proc_tbl_02936,dlk_tbl_01037,gob_tbl_00667;13;dlk_tbl_03032,dash_tbl_00021,gob_tbl_03127,dlk_tbl_01407,proc_tbl_01445,gob_tbl_00609,dlk_tbl_02422,proc_ext_00365,proc_ext_00056,dlk_ext_00123,dash_ext_00073,gob_ext_00283,gob_ext_00050
gob_proceso_0577;3;gob_tbl_02332,proc_tbl_02597,gob_tbl_02433;14;dlk_tbl_00515,proc_tbl_01416,gob_tbl_01531,std_tbl_02154,std_tbl_00277,gob_tbl_00466,proc_tbl_02034,dlk_tbl_01212,dlk_ext_00402,dlk_ext_00217,dlk_ext_00380,m4vw_ext_00307,dlk_ext_00460,gob_ext_00490
proc_proceso_0578;7;gob_tbl_00341,dlk_tbl_02296,gob_tbl_02934,dash_tbl_01860,dlk_tbl_03113,proc_tbl_03353,dlk_tbl_01347;4;gob_tbl_02847,gob_tbl_03330,gob_ext_00171,dlk_ext_00292
dash_proceso_0579;6;gob_tbl_01332,proc_tbl_02413,dlk_tbl_02529,gob_tbl_00415,gob_tbl_00522,dlk_tbl_01372;11;gob_tbl_01906,dash_tbl_00582,std_tbl_00064,dlk_tbl_01222,dlk_tbl_02083,proc_tbl_01999,dlk_ext_00368,proc_ext_00399,gob_ext_00191,gob_ext_00406,dlk_ext_00189
gob_proceso_0580;7;dlk_tbl_03016,dlk_tbl_02153,dlk_tbl_00547,gob_tbl_00901,std_tbl_00804,gob_tbl_01038,dlk_tbl_01496;9;gob_tbl_02874,proc_tbl_00423,gob_tbl_02788,gob_tbl_00746,dlk_tbl_00457,dlk_ext_00257,dlk_ext_00205,dlk_ext_00123,dlk_ext_00152
proc_proceso_0581;5;proc_tbl_00969,dlk_tbl_00358,dlk_tbl_01221,gob_tbl_01804,dlk_tbl_00002;4;dlk_tbl_00725,dash_tbl_00267,gob_ext_00215,gob_ext_00475
gob_proceso_0582;5;dlk_tbl_02684,dlk_tbl_00800,std_tbl_00482,dash_tbl_01473,m4sco_tbl_00425;8;dlk_tbl_01411,gob_tbl_02890,dlk_tbl_02275,dlk_tbl_02040,dlk_tbl_02476,gob_ext_00040,gob_ext_00329,dash_ext_00355
dlk_proceso_0583;5;dlk_tbl_01163,gob_tbl_02340,gob_tbl_00813,dlk_tbl_01964,dlk_tbl_03045;16;gob_tbl_00990,dlk_tbl_01394,dlk_tbl_00842,std_tbl_00157,dlk_tbl_02039,dlk_tbl_02654,dlk_tbl_03068,dlk_tbl_00777,dlk_tbl_01297,proc_ext_00139,gob_ext_00321,gob_ext_00340,dlk_ext_00033,dlk_ext_00302,m4vw_ext_00299,dlk_ext_00427
gob_proceso_0584;5;gob_tbl_02794,gob_tbl_00465,dlk_tbl_01928,dlk_tbl_01888,m4sco_tbl_00188;19;ppn_tbl_00905,dlk_tbl_03328,gob_tbl_03153,dlk_tbl_00024,gob_tbl_00069,gob_tbl_00911,dlk_tbl_02421,dlk_tbl_02308,dlk_tbl_00740,dlk_tbl_02454,gob_tbl_02332,dlk_ext_00358,dlk_ext_00296,dlk_ext_00157,proc_ext_00192,dlk_ext_00142,gob_ext_00169,dlk_ext_00122,dlk_ext_00262
proc_proceso_0585;6;dlk_tbl_02925,gob_tbl_02749,proc_tbl_00784,dlk_tbl_01890,dash_tbl_02071,gob_tbl_02719;10;gob_tbl_01787,proc_tbl_00424,proc_tbl_00658,dash_tbl_00681,dlk_tbl_01175,proc_tbl_00456,proc_ext_00237,dlk_ext_00460,dlk_ext_00285,proc_ext_00303
proc_proceso_0586;4;gob_tbl_00637,gob_tbl_03081,proc_tbl_01060,gob_tbl_01639;10;std_tbl_00082,m4sco_tbl_00631,dlk_tbl_00762,dlk_tbl_02727,gob_tbl_03203,gob_tbl_02029,dash_ext_00229,proc_ext_00192,gob_ext_00131,dlk_ext_00330
gob_proceso_0587;8;gob_tbl_01435,proc_tbl_02307,proc_tbl_01718,dlk_tbl_03191,dlk_tbl_01814,proc_tbl_01736,dlk_tbl_01456,proc_tbl_00404;14;gob_tbl_02415,gob_tbl_01907,dlk_tbl_00491,gob_tbl_01635,gob_tbl_01839,gob_tbl_01127,proc_tbl_00170,proc_tbl_00660,gob_ext_00147,dlk_ext_00316,dash_ext_00335,dlk_ext_00075,gob_ext_00441,gob_ext_00120
dash_proceso_0588;5;dlk_tbl_02179,gob_tbl_02698,dlk_tbl_02776,gob_tbl_03038,gob_tbl_01921;8;dlk_tbl_01032,dlk_tbl_01100,gob_tbl_01791,gob_tbl_00799,gob_tbl_01728,dlk_ext_00401,gob_ext_00332,m4sco_ext_00117
gob_proceso_0589;7;ppn_tbl_01063,gob_tbl_00509,dash_tbl_00245,gob_tbl_01538,proc_tbl_03338,gob_tbl_02335,gob_tbl_01931;9;gob_tbl_02541,gob_tbl_01739,dlk_tbl_01993,dlk_tbl_03282,proc_tbl_00410,dlk_ext_00123,gob_ext_00446,proc_ext_00091,dash_ext_00265
gob_proceso_0590;8;dlk_tbl_01977,gob_tbl_00434,dlk_tbl_01489,gob_tbl_02423,dlk_tbl_03320,gob_tbl_02956,dash_tbl_00885,proc_tbl_03059;19;gob_tbl_00534,dlk_tbl_03315,std_tbl_01360,proc_tbl_01331,gob_tbl_00212,gob_tbl_01792,dlk_tbl_03216,gob_tbl_00992,dlk_tbl_02780,dash_tbl_02556,gob_tbl_02468,dlk_ext_00338,proc_ext_00249,proc_ext_00271,dlk_ext_00079,dlk_ext_00075,dlk_ext_00123,dlk_ext_00386,dlk_ext_00025
dlk_proceso_0591;7;std_tbl_01872,gob_tbl_00430,gob_tbl_01728,gob_tbl_02365,dlk_tbl_00691,gob_tbl_03178,dlk_tbl_02999;11;gob_tbl_01583,dlk_tbl_01609,proc_tbl_01999,dlk_tbl_00740,gob_tbl_03255,dlk_tbl_03300,gob_ext_00201,proc_ext_00430,dlk_ext_00261,dlk_ext_00447,proc_ext_00318
dlk_proceso_0592;6;gob_tbl_01561,gob_tbl_00569,gob_tbl_01985,dlk_tbl_01223,proc_tbl_00852,gob_tbl_03128;13;dlk_tbl_01678,dlk_tbl_00790,dlk_tbl_02325,dlk_tbl_01628,std_tbl_02808,gob_tbl_02234,proc_tbl_00380,dash_ext_00002,gob_ext_00321,m4sco_ext_00063,gob_ext_00406,proc_ext_00240,dlk_ext_00284
gob_proceso_0593;4;proc_tbl_01637,proc_tbl_02509,gob_tbl_02837,dash_tbl_01070;3;dlk_tbl_01959,gob_tbl_00610,dlk_ext_00257
dash_proceso_0594;6;proc_tbl_02341,proc_tbl_02950,dlk_tbl_03110,gob_tbl_00975,proc_tbl_02276,gob_tbl_01726;6;gob_tbl_00786,dlk_tbl_01783,gob_tbl_01301,gob_ext_00177,proc_ext_00282,gob_ext_00109
dash_proceso_0595;8;m4sco_tbl_02447,std_tbl_02743,gob_tbl_00148,gob_tbl_02136,gob_tbl_01233,dlk_tbl_00919,gob_tbl_02473,proc_tbl_02697;23;dlk_tbl_00817,std_tbl_02107,gob_tbl_00589,gob_tbl_02537,proc_tbl_01083,gob_tbl_01526,dlk_tbl_02085,proc_tbl_01784,std_tbl_00393,gob_tbl_01662,gob_tbl_00504,proc_tbl_02464,dash_tbl_00395,dlk_ext_00081,gob_ext_00040,gob_ext_00406,dash_ext_00073,gob_ext_00018,proc_ext_00467,dlk_ext_00348,dlk_ext_00386,dlk_ext_00400,dash_ext_00165
proc_proceso_0596;3;gob_tbl_02591,proc_tbl_01365,dlk_tbl_03194;7;dash_tbl_02246,std_tbl_02446,dlk_tbl_00101,gob_tbl_02073,dlk_ext_00360,gob_ext_00346,dlk_ext_00136
proc_proceso_0597;3;proc_tbl_01345,dlk_tbl_01824,proc_tbl_01416;11;dlk_tbl_02242,dash_tbl_01684,gob_tbl_00533,dlk_tbl_01587,dlk_tbl_03093,dlk_tbl_00048,gob_ext_00352,dlk_ext_00330,gob_ext_00260,gob_ext_00085,dash_ext_00335
gob_proceso_0598;2;gob_tbl_02448,proc_tbl_00560;20;gob_tbl_02635,proc_tbl_00928,dlk_tbl_02401,proc_tbl_00529,dlk_tbl_00359,gob_tbl_01627,proc_tbl_00278,dlk_tbl_00038,m4vw_tbl_01364,proc_tbl_01150,dlk_tbl_00274,gob_tbl_02033,dlk_ext_00217,gob_ext_00323,gob_ext_00099,proc_ext_00156,dlk_ext_00440,gob_ext_00067,dlk_ext_00456,gob_ext_00201
proc_proceso_0599;6;gob_tbl_00445,gob_tbl_02628,gob_tbl_01157,dlk_tbl_00663,m4sco_tbl_02739,dlk_tbl_00809;16;gob_tbl_00303,gob_tbl_00736,dlk_tbl_01056,proc_tbl_01524,proc_tbl_02841,dlk_tbl_00023,gob_tbl_02496,dlk_tbl_02895,dlk_tbl_02002,proc_ext_00484,dlk_ext_00068,dash_ext_00389,proc_ext_00156,dlk_ext_00341,std_ext_00159,gob_ext_00245
gob_proceso_0600;3;gob_tbl_01870,gob_tbl_02367,dash_tbl_01425;4;gob_tbl_02149,gob_tbl_00525,gob_ext_00406,proc_ext_00206
proc_proceso_0601;4;gob_tbl_02284,gob_tbl_02191,dlk_tbl_00904,dash_tbl_01281;10;gob_tbl_03038,gob_tbl_01127,dlk_tbl_00722,gob_tbl_00069,gob_tbl_03158,m4sco_tbl_02436,dlk_ext_00126,proc_ext_00228,proc_ext_00031,dlk_ext_00284
gob_proceso_0602;3;gob_tbl_00786,dlk_tbl_01937,dlk_tbl_00039;9;gob_tbl_03346,m4vw_tbl_03363,dlk_tbl_01762,std_tbl_00635,proc_tbl_01430,dlk_ext_00409,m4vw_ext_00362,std_ext_00317,dlk_ext_00485
gob_proceso_0603;6;dlk_tbl_03054,dlk_tbl_01910,dlk_tbl_00772,gob_tbl_01906,proc_tbl_00149,dlk_tbl_01383;5;gob_tbl_03189,dlk_tbl_01283,proc_tbl_02519,ppn_ext_00255,dash_ext_00002
dash_proceso_0604;5;dash_tbl_01704,gob_tbl_01730,dlk_tbl_03181,dlk_tbl_01698,gob_tbl_01149;16;dash_tbl_00647,dlk_tbl_01935,dlk_tbl_02804,std_tbl_02601,dlk_tbl_02082,gob_tbl_01998,dlk_tbl_03070,gob_tbl_02248,std_tbl_00064,dlk_ext_00075,gob_ext_00150,ppn_ext_00227,gob_ext_00144,proc_ext_00303,gob_ext_00407,dlk_ext_00108
proc_proceso_0605;6;dlk_tbl_01884,gob_tbl_00015,gob_tbl_01711,dlk_tbl_01914,std_tbl_02771,proc_tbl_00266;11;gob_tbl_02164,dlk_tbl_03039,gob_tbl_02708,gob_tbl_00372,dlk_tbl_01740,gob_tbl_01110,gob_ext_00171,dlk_ext_00287,gob_ext_00226,gob_ext_00363,proc_ext_00148
dlk_proceso_0606;6;m4sco_tbl_00247,gob_tbl_02282,gob_tbl_01949,dlk_tbl_02940,gob_tbl_03196,m4sco_tbl_01806;10;dlk_tbl_03325,gob_tbl_00574,gob_tbl_00768,proc_tbl_02596,dash_tbl_01724,dlk_tbl_00653,dlk_ext_00486,gob_ext_00241,dlk_ext_00298,dlk_ext_00025
dlk_proceso_0607;6;proc_tbl_01850,proc_tbl_00903,gob_tbl_01082,dash_tbl_03030,dlk_tbl_02082,gob_tbl_00865;10;gob_tbl_02898,dash_tbl_00395,dlk_tbl_00184,dlk_tbl_02619,std_tbl_02955,dlk_tbl_00334,gob_ext_00040,dlk_ext_00024,dlk_ext_00272,proc_ext_00192
gob_proceso_0608;4;dlk_tbl_03245,proc_tbl_00658,dlk_tbl_02568,gob_tbl_00654;6;std_tbl_00583,proc_tbl_00087,m4sco_tbl_00524,dlk_ext_00347,m4sco_ext_00117,proc_ext_00139
dlk_proceso_0609;4;dlk_tbl_01887,proc_tbl_01953,dlk_tbl_01676,gob_tbl_02048;7;dlk_tbl_00842,dash_tbl_00407,proc_tbl_00231,dlk_tbl_02646,dlk_ext_00375,proc_ext_00027,dlk_ext_00448
gob_proceso_0610;3;dlk_tbl_01668,dlk_tbl_01232,gob_tbl_01009;8;dlk_tbl_02180,gob_tbl_02934,dlk_tbl_01645,gob_tbl_00909,gob_tbl_00504,proc_ext_00228,gob_ext_00415,gob_ext_00203
dash_proceso_0611;6;dlk_tbl_02162,proc_tbl_00401,gob_tbl_02978,proc_tbl_00870,proc_tbl_01564,gob_tbl_01332;13;gob_tbl_01463,std_tbl_02797,dlk_tbl_02630,gob_tbl_00415,dlk_tbl_02508,dlk_tbl_00623,dlk_tbl_02420,gob_ext_00352,dlk_ext_00460,dash_ext_00034,dlk_ext_00112,m4vw_ext_00394,dlk_ext_00409
dash_proceso_0612;2;dlk_tbl_02244,dlk_tbl_02057;9;gob_tbl_02104,gob_tbl_01931,proc_tbl_00323,proc_tbl_02653,gob_tbl_00645,gob_ext_00350,gob_ext_00223,proc_ext_00453,dlk_ext_00075
proc_proceso_0613;6;proc_tbl_01123,gob_tbl_02243,gob_tbl_01534,dlk_tbl_01551,gob_tbl_00062,dlk_tbl_02160;9;dlk_tbl_00578,proc_tbl_01555,std_tbl_01576,dash_tbl_03021,proc_tbl_01554,dlk_ext_00126,gob_ext_00283,gob_ext_00406,gob_ext_00319
dlk_proceso_0614;3;dash_tbl_02152,gob_tbl_02087,gob_tbl_00649;14;gob_tbl_01833,dlk_tbl_01166,gob_tbl_01902,gob_tbl_00688,gob_tbl_03226,dlk_tbl_03024,gob_tbl_03342,gob_tbl_02011,dlk_ext_00401,dlk_ext_00183,dlk_ext_00068,dlk_ext_00284,dlk_ext_00293,proc_ext_00192
dlk_proceso_0615;6;dlk_tbl_02039,std_tbl_02736,dlk_tbl_01623,dlk_tbl_00436,gob_tbl_02011,dlk_tbl_01198;10;gob_tbl_02398,dlk_tbl_02592,gob_tbl_01310,dlk_tbl_00588,dlk_tbl_02035,gob_tbl_01112,gob_ext_00137,dlk_ext_00154,dlk_ext_00055,dash_ext_00088
dlk_proceso_0616;6;dlk_tbl_03201,std_tbl_03271,gob_tbl_00917,proc_tbl_00789,dlk_tbl_03118,proc_tbl_00864;9;dash_tbl_03000,dlk_tbl_00081,dash_tbl_02363,dlk_tbl_00954,dlk_tbl_00790,proc_ext_00367,dlk_ext_00234,proc_ext_00148,dlk_ext_00185
dash_proceso_0617;6;gob_tbl_01112,dlk_tbl_01713,gob_tbl_02254,dash_tbl_00011,dash_tbl_01945,dlk_tbl_03012;11;m4sco_tbl_03186,dash_tbl_00406,dash_tbl_01216,gob_tbl_02843,gob_tbl_02024,proc_tbl_01174,proc_ext_00357,proc_ext_00029,gob_ext_00215,m4sco_ext_00063,ppn_ext_00255
gob_proceso_0618;3;gob_tbl_00292,dlk_tbl_01264,gob_tbl_01336;14;dlk_tbl_02209,gob_tbl_01201,dlk_tbl_02623,dlk_tbl_03029,dlk_tbl_01826,gob_tbl_00385,gob_tbl_00430,dlk_tbl_01500,gob_ext_00437,proc_ext_00121,gob_ext_00493,dlk_ext_00285,gob_ext_00067,dlk_ext_00424
dlk_proceso_0619;2;dlk_tbl_02416,dlk_tbl_03138;20;gob_tbl_03262,gob_tbl_02928,proc_tbl_00117,dash_tbl_01156,dash_tbl_00461,dash_tbl_01664,dlk_tbl_01895,dlk_tbl_00358,dlk_tbl_02617,dlk_tbl_02795,gob_tbl_02948,m4vw_tbl_01364,gob_ext_00085,gob_ext_00449,proc_ext_00127,gob_ext_00441,dlk_ext_00277,gob_ext_00429,gob_ext_00147,gob_ext_00387
gob_proceso_0620;6;proc_tbl_00221,gob_tbl_00977,gob_tbl_01343,gob_tbl_02783,gob_tbl_01148,gob_tbl_01177;5;gob_tbl_02853,gob_tbl_02681,gob_tbl_02149,gob_ext_00263,gob_ext_00420
proc_proceso_0621;4;proc_tbl_02413,dash_tbl_00494,gob_tbl_01627,gob_tbl_01898;3;proc_tbl_02251,proc_tbl_02494,proc_ext_00029
gob_proceso_0622;2;dlk_tbl_01231,gob_tbl_01356;7;dash_tbl_00775,dlk_tbl_01601,gob_tbl_02468,dlk_tbl_02940,proc_ext_00430,dlk_ext_00079,gob_ext_00006
gob_proceso_0623;5;dlk_tbl_02198,dlk_tbl_00685,gob_tbl_01658,gob_tbl_00796,dlk_tbl_01402;5;gob_tbl_03147,gob_tbl_03188,gob_tbl_00630,proc_ext_00206,gob_ext_00201
dash_proceso_0624;2;dlk_tbl_02478,dash_tbl_00767;10;gob_tbl_01207,dlk_tbl_02450,ppn_tbl_00183,dlk_tbl_00296,gob_tbl_00823,gob_tbl_00983,gob_ext_00322,dash_ext_00190,gob_ext_00449,gob_ext_00000
gob_proceso_0625;6;gob_tbl_01649,dlk_tbl_01005,m4vw_tbl_03137,m4vw_tbl_02318,gob_tbl_01444,dlk_tbl_02806;9;proc_tbl_00602,dash_tbl_00455,dlk_tbl_01888,dlk_tbl_02371,gob_tbl_02628,dlk_ext_00287,gob_ext_00097,dlk_ext_00370,dlk_ext_00081
gob_proceso_0626;2;dash_tbl_03335,dlk_tbl_00167;6;gob_tbl_01254,dlk_tbl_01170,gob_tbl_01593,proc_ext_00328,gob_ext_00097,proc_ext_00435
dash_proceso_0627;6;gob_tbl_00640,dlk_tbl_00713,gob_tbl_01001,dlk_tbl_00798,proc_tbl_01195,proc_tbl_01567;12;dlk_tbl_00184,gob_tbl_01694,dlk_tbl_03242,gob_tbl_01400,proc_tbl_00394,proc_tbl_02093,gob_tbl_03286,ppn_ext_00227,gob_ext_00235,proc_ext_00318,dlk_ext_00199,proc_ext_00249
dlk_proceso_0628;4;dlk_tbl_00993,dlk_tbl_01867,gob_tbl_02345,dlk_tbl_00883;8;dlk_tbl_01488,dlk_tbl_00304,dlk_tbl_01378,proc_tbl_00093,dlk_tbl_02999,dlk_ext_00015,proc_ext_00324,gob_ext_00458
dash_proceso_0629;2;proc_tbl_01059,dlk_tbl_01595;7;dash_tbl_01719,dlk_tbl_01959,dlk_tbl_02752,gob_tbl_01833,dlk_ext_00158,gob_ext_00167,gob_ext_00109
dash_proceso_0630;3;dlk_tbl_01298,gob_tbl_00327,proc_tbl_01524;14;dlk_tbl_02359,dash_tbl_00245,proc_tbl_02640,dlk_tbl_02961,dash_tbl_02728,dlk_tbl_02233,dlk_tbl_03310,proc_tbl_01303,dlk_ext_00360,dash_ext_00034,gob_ext_00270,dlk_ext_00489,dlk_ext_00373,dlk_ext_00293
gob_proceso_0631;8;dlk_tbl_02973,proc_tbl_01071,dlk_tbl_00229,proc_tbl_02595,dlk_tbl_01544,gob_tbl_02816,dash_tbl_02096,dlk_tbl_01492;5;gob_tbl_03104,gob_tbl_01304,dlk_tbl_00639,ppn_ext_00255,dlk_ext_00093
dlk_proceso_0632;3;dlk_tbl_01865,proc_tbl_02229,dlk_tbl_01312;14;dlk_tbl_00034,gob_tbl_02765,dlk_tbl_00469,ppn_tbl_01063,ppn_tbl_02031,dlk_tbl_02727,proc_tbl_01681,gob_tbl_01104,dash_ext_00165,std_ext_00212,proc_ext_00435,dlk_ext_00440,dlk_ext_00152,dlk_ext_00079
dlk_proceso_0633;4;dlk_tbl_02004,gob_tbl_00549,proc_tbl_00726,dlk_tbl_00122;10;proc_tbl_01478,dlk_tbl_00047,gob_tbl_02102,proc_tbl_02114,proc_tbl_00381,gob_tbl_03038,gob_ext_00223,proc_ext_00306,proc_ext_00249,dlk_ext_00068
dash_proceso_0634;3;gob_tbl_02360,dlk_tbl_03070,dlk_tbl_01786;8;dash_tbl_01366,gob_tbl_03268,gob_tbl_00721,dlk_tbl_00500,dlk_tbl_02076,proc_ext_00367,dlk_ext_00095,dlk_ext_00015
gob_proceso_0635;4;dlk_tbl_01735,dlk_tbl_02330,proc_tbl_00242,dash_tbl_02388;7;gob_tbl_02192,gob_tbl_02470,gob_tbl_01896,dlk_tbl_02403,m4vw_ext_00394,gob_ext_00235,proc_ext_00208
gob_proceso_0636;3;gob_tbl_01280,proc_tbl_00953,gob_tbl_01401;12;dlk_tbl_03174,gob_tbl_01330,dash_tbl_01934,dlk_tbl_00745,gob_tbl_02444,gob_tbl_01077,proc_tbl_02718,dlk_ext_00221,gob_ext_00179,gob_ext_00363,m4vw_ext_00005,dlk_ext_00378
gob_proceso_0637;5;gob_tbl_03323,dlk_tbl_01487,proc_tbl_00175,m4sco_tbl_01131,dlk_tbl_02866;13;proc_tbl_02350,dash_tbl_00386,gob_tbl_00448,gob_tbl_02855,dlk_tbl_02727,proc_tbl_01510,proc_tbl_00906,gob_ext_00041,gob_ext_00215,dlk_ext_00464,gob_ext_00465,dash_ext_00236,dlk_ext_00386
dlk_proceso_0638;2;gob_tbl_02614,gob_tbl_02032;6;gob_tbl_00326,std_tbl_00520,gob_tbl_01791,gob_ext_00186,dlk_ext_00221,gob_ext_00334
dlk_proceso_0639;6;dash_tbl_01893,dash_tbl_00633,dlk_tbl_00606,m4vw_tbl_01120,gob_tbl_01353,dlk_tbl_01049;9;dlk_tbl_01927,gob_tbl_00525,dlk_tbl_01544,gob_tbl_00761,dlk_tbl_02227,proc_ext_00218,ppn_ext_00255,dlk_ext_00447,gob_ext_00258
proc_proceso_0640;5;dlk_tbl_01133,dlk_tbl_00854,dash_tbl_01934,dlk_tbl_01279,proc_tbl_02772;8;proc_tbl_02570,dlk_tbl_00388,gob_tbl_02367,gob_tbl_03005,dlk_tbl_00513,gob_ext_00113,gob_ext_00372,dash_ext_00175
gob_proceso_0641;6;proc_tbl_02453,std_tbl_02701,gob_tbl_01258,gob_tbl_01031,dlk_tbl_02590,dlk_tbl_01957;11;dash_tbl_00395,dlk_tbl_01948,gob_tbl_01804,gob_tbl_00899,gob_tbl_00890,dlk_tbl_00665,dlk_ext_00112,proc_ext_00430,proc_ext_00016,dlk_ext_00298,dlk_ext_00038
dlk_proceso_0642;5;gob_tbl_01871,gob_tbl_00565,dlk_tbl_00224,dlk_tbl_02275,gob_tbl_02534;17;dlk_tbl_00079,proc_tbl_01916,gob_tbl_01149,proc_tbl_02114,dlk_tbl_02181,gob_tbl_01585,proc_tbl_00251,dash_tbl_03000,std_tbl_02797,gob_tbl_02496,dlk_ext_00476,proc_ext_00058,dlk_ext_00447,dash_ext_00044,proc_ext_00246,dash_ext_00140,gob_ext_00466
gob_proceso_0643;6;gob_tbl_01046,gob_tbl_02928,gob_tbl_01200,gob_tbl_01519,dlk_tbl_00147,proc_tbl_02213;9;dlk_tbl_01807,dlk_tbl_01413,dlk_tbl_01489,dlk_tbl_02972,dash_tbl_03061,dlk_ext_00422,dash_ext_00433,dash_ext_00163,gob_ext_00454
proc_proceso_0644;3;dlk_tbl_00373,dlk_tbl_00255,dlk_tbl_03309;8;dlk_tbl_01223,proc_tbl_00380,gob_tbl_02409,gob_tbl_00193,gob_tbl_00222,proc_ext_00279,dash_ext_00044,m4vw_ext_00362
dlk_proceso_0645;2;gob_tbl_00454,gob_tbl_03008;10;dlk_tbl_01808,proc_tbl_02016,dash_tbl_02690,m4vw_tbl_03217,dlk_tbl_01733,gob_tbl_00598,dlk_ext_00330,gob_ext_00466,ppn_ext_00325,m4sco_ext_00063
dlk_proceso_0646;3;dlk_tbl_01795,dlk_tbl_02799,dlk_tbl_00814;13;gob_tbl_01401,proc_tbl_02408,dlk_tbl_02085,gob_tbl_01093,dlk_tbl_00171,std_tbl_02171,gob_tbl_03202,dlk_ext_00060,dlk_ext_00059,proc_ext_00206,gob_ext_00037,gob_ext_00468,dlk_ext_00145
dlk_proceso_0647;3;gob_tbl_02954,dlk_tbl_02769,gob_tbl_01546;8;gob_tbl_01292,proc_tbl_02603,dlk_tbl_02457,m4sco_tbl_02172,gob_tbl_00378,dlk_ext_00485,proc_ext_00105,gob_ext_00323
dlk_proceso_0648;3;std_tbl_01532,gob_tbl_00284,dlk_tbl_00391;9;dlk_tbl_00753,proc_tbl_00947,gob_tbl_02985,proc_tbl_02095,std_tbl_02669,dlk_ext_00238,gob_ext_00364,gob_ext_00245,dlk_ext_00178
gob_proceso_0649;5;gob_tbl_02989,dlk_tbl_00310,proc_tbl_02532,proc_tbl_00197,dlk_tbl_00578;8;dlk_tbl_00835,dash_tbl_01306,dlk_tbl_02203,gob_tbl_00540,gob_tbl_02336,gob_ext_00342,dash_ext_00163,m4sco_ext_00072
dlk_proceso_0650;8;dlk_tbl_03301,gob_tbl_03341,proc_tbl_00824,dash_tbl_02742,gob_tbl_01725,gob_tbl_00437,proc_tbl_00872,dlk_tbl_02116;10;gob_tbl_00843,proc_tbl_00731,dlk_tbl_01204,gob_tbl_00398,proc_tbl_02016,dlk_tbl_01378,proc_ext_00056,dlk_ext_00272,dlk_ext_00257,dlk_ext_00079
proc_proceso_0651;4;proc_tbl_02193,dlk_tbl_00900,gob_tbl_03156,dlk_tbl_02202;4;dlk_tbl_02623,gob_tbl_03140,gob_ext_00405,gob_ext_00011
gob_proceso_0652;6;proc_tbl_01367,dlk_tbl_01411,proc_tbl_00053,proc_tbl_00759,std_tbl_02525,gob_tbl_00298;21;gob_tbl_03023,gob_tbl_01563,gob_tbl_01992,gob_tbl_01505,gob_tbl_02412,gob_tbl_01036,gob_tbl_00690,gob_tbl_02228,proc_tbl_02381,dlk_tbl_01924,dash_tbl_01092,dlk_tbl_01723,proc_ext_00181,dlk_ext_00217,std_ext_00344,dash_ext_00335,proc_ext_00092,dash_ext_00128,gob_ext_00086,std_ext_00212,proc_ext_00304
gob_proceso_0653;2;gob_tbl_02882,gob_tbl_00071;7;gob_tbl_02469,dlk_tbl_02400,gob_tbl_02868,gob_tbl_00442,dlk_ext_00205,gob_ext_00274,dlk_ext_00450
proc_proceso_0654;8;gob_tbl_00264,gob_tbl_02195,gob_tbl_01742,ppn_tbl_03280,dlk_tbl_00722,gob_tbl_00172,dash_tbl_02767,proc_tbl_03149;23;dlk_tbl_01544,gob_tbl_03298,proc_tbl_00404,std_tbl_02797,gob_tbl_00083,gob_tbl_00327,gob_tbl_02648,dlk_tbl_01969,dlk_tbl_02083,gob_tbl_00192,gob_tbl_00488,dlk_tbl_00225,std_tbl_00520,gob_ext_00283,dlk_ext_00123,dlk_ext_00145,std_ext_00344,proc_ext_00220,dlk_ext_00110,gob_ext_00051,dlk_ext_00124,gob_ext_00135,gob_ext_00223
proc_proceso_0655;2;dlk_tbl_03273,dlk_tbl_01733;7;dlk_tbl_00216,gob_tbl_00630,dlk_tbl_02723,proc_tbl_00364,proc_ext_00467,proc_ext_00281,gob_ext_00007
gob_proceso_0656;5;dlk_tbl_01417,dlk_tbl_01384,gob_tbl_02512,gob_tbl_01573,dlk_tbl_00038;4;proc_tbl_00832,gob_tbl_00332,proc_ext_00027,dlk_ext_00284
proc_proceso_0657;3;proc_tbl_00103,m4sco_tbl_01187,proc_tbl_02490;9;gob_tbl_03308,gob_tbl_02164,dash_tbl_02312,dlk_tbl_02520,dlk_tbl_00493,gob_ext_00436,dash_ext_00239,proc_ext_00249,gob_ext_00167
dash_proceso_0658;4;gob_tbl_03359,dlk_tbl_00536,dash_tbl_00618,gob_tbl_00757;14;proc_tbl_01584,dlk_tbl_02713,dlk_tbl_00428,dlk_tbl_02244,dlk_tbl_00225,gob_tbl_01651,dlk_tbl_01178,gob_tbl_01141,std_ext_00159,gob_ext_00393,dlk_ext_00474,gob_ext_00377,dlk_ext_00023,dash_ext_00129
dlk_proceso_0659;6;proc_tbl_01772,gob_tbl_01235,gob_tbl_01909,gob_tbl_00115,dash_tbl_03034,dash_tbl_00406;10;dlk_tbl_02085,proc_tbl_02251,gob_tbl_00353,proc_tbl_02034,dlk_tbl_01421,gob_tbl_00770,dlk_ext_00464,proc_ext_00192,gob_ext_00153,std_ext_00214
dlk_proceso_0660;2;proc_tbl_00077,proc_tbl_01460;6;gob_tbl_01014,dash_tbl_00775,proc_tbl_00872,proc_ext_00435,dash_ext_00001,gob_ext_00393
proc_proceso_0661;4;gob_tbl_02354,gob_tbl_01871,dlk_tbl_00986,gob_tbl_01327;17;dlk_tbl_01054,dlk_tbl_01103,dlk_tbl_01249,proc_tbl_02772,gob_tbl_00833,dlk_tbl_02916,proc_tbl_02273,dlk_tbl_00551,gob_tbl_03343,dlk_tbl_00422,proc_ext_00029,dash_ext_00088,gob_ext_00137,proc_ext_00121,gob_ext_00130,gob_ext_00147,m4sco_ext_00117
gob_proceso_0662;6;gob_tbl_01688,dlk_tbl_00889,dlk_tbl_01940,gob_tbl_02228,dlk_tbl_01568,dash_tbl_01591;10;gob_tbl_02468,proc_tbl_00940,gob_tbl_02048,std_tbl_00546,gob_tbl_00250,proc_tbl_02392,dlk_ext_00221,proc_ext_00271,dlk_ext_00469,dlk_ext_00098
gob_proceso_0663;4;gob_tbl_02547,dlk_tbl_02696,dlk_tbl_01152,dlk_tbl_02187;9;dlk_tbl_02726,proc_tbl_02350,dlk_tbl_03029,m4sco_tbl_02061,proc_tbl_03115,gob_ext_00050,proc_ext_00148,proc_ext_00318,ppn_ext_00227
gob_proceso_0664;4;dlk_tbl_03334,dlk_tbl_02878,dlk_tbl_00564,dlk_tbl_01706;6;proc_tbl_03143,gob_tbl_00279,gob_tbl_01530,m4sco_ext_00072,dash_ext_00229,dash_ext_00001
gob_proceso_0665;7;dlk_tbl_03135,proc_tbl_00949,dlk_tbl_02382,m4vw_tbl_00629,dlk_tbl_01696,proc_tbl_01241,dlk_tbl_02730;20;gob_tbl_02613,dash_tbl_01988,m4vw_tbl_00910,gob_tbl_01112,dlk_tbl_01895,dlk_tbl_02544,gob_tbl_00371,dlk_tbl_00738,dlk_tbl_00440,gob_tbl_01111,proc_tbl_00818,dlk_tbl_01433,proc_ext_00058,dlk_ext_00254,dlk_ext_00301,proc_ext_00047,dlk_ext_00178,dash_ext_00190,dlk_ext_00463,gob_ext_00468
dlk_proceso_0666;2;dlk_tbl_02379,gob_tbl_00527;10;dlk_tbl_02611,dash_tbl_03264,dlk_tbl_00296,dash_tbl_02411,dlk_tbl_00282,dlk_tbl_03272,gob_ext_00403,gob_ext_00171,dlk_ext_00183,dlk_ext_00284
proc_proceso_0667;6;gob_tbl_00575,dlk_tbl_00891,proc_tbl_01970,gob_tbl_00687,dlk_tbl_01275,m4vw_tbl_01050;13;dash_tbl_00508,gob_tbl_01336,proc_tbl_02141,gob_tbl_02268,dlk_tbl_02795,proc_tbl_00793,dlk_tbl_00032,dlk_ext_00126,gob_ext_00067,dlk_ext_00108,gob_ext_00405,gob_ext_00241,proc_ext_00324
gob_proceso_0668;6;std_tbl_02130,dlk_tbl_02795,dlk_tbl_01939,dlk_tbl_00328,gob_tbl_01750,gob_tbl_00322;15;dash_tbl_02742,dlk_tbl_01170,std_tbl_02771,gob_tbl_00069,m4sco_tbl_02739,dlk_tbl_01887,dlk_tbl_01856,gob_tbl_01770,proc_tbl_03187,dlk_ext_00298,dlk_ext_00075,gob_ext_00194,gob_ext_00182,dlk_ext_00230,proc_ext_00029
dlk_proceso_0669;8;proc_tbl_02778,dlk_tbl_00539,dash_tbl_03105,dlk_tbl_01290,proc_tbl_00394,proc_tbl_00238,dlk_tbl_00643,dlk_tbl_01819;19;gob_tbl_02282,gob_tbl_01971,dlk_tbl_02827,dlk_tbl_00973,proc_tbl_02041,dlk_tbl_02116,dlk_tbl_01322,gob_tbl_03164,gob_tbl_01099,gob_tbl_01989,gob_tbl_01301,dlk_ext_00257,gob_ext_00184,gob_ext_00040,dlk_ext_00030,proc_ext_00435,dlk_ext_00075,gob_ext_00053,gob_ext_00263
gob_proceso_0670;6;proc_tbl_02834,gob_tbl_02252,proc_tbl_01167,proc_tbl_00602,dlk_tbl_02040,dlk_tbl_03199;10;dlk_tbl_01337,dlk_tbl_01706,dlk_tbl_01245,dlk_tbl_01228,dlk_tbl_02689,gob_tbl_03276,gob_ext_00169,dlk_ext_00230,gob_ext_00006,dlk_ext_00287
dlk_proceso_0671;3;gob_tbl_01714,gob_tbl_02775,proc_tbl_02980;5;gob_tbl_03313,gob_tbl_01859,dlk_tbl_01552,gob_ext_00021,gob_ext_00169
gob_proceso_0672;6;dlk_tbl_02828,gob_tbl_02407,dlk_tbl_03125,gob_tbl_02268,gob_tbl_01108,proc_tbl_00049;11;gob_tbl_02462,dlk_tbl_02713,gob_tbl_03322,dlk_tbl_03334,dlk_tbl_01525,gob_tbl_01164,dlk_ext_00157,gob_ext_00410,m4vw_ext_00193,dlk_ext_00438,std_ext_00396
dlk_proceso_0673;2;gob_tbl_01624,dlk_tbl_00075;6;dlk_tbl_02417,gob_tbl_03263,gob_tbl_03244,gob_ext_00387,dlk_ext_00075,gob_ext_00106
gob_proceso_0674;5;proc_tbl_00627,dlk_tbl_00914,std_tbl_00546,dlk_tbl_00126,proc_tbl_02278;12;proc_tbl_02819,gob_tbl_02269,dlk_tbl_01208,gob_tbl_00327,dash_tbl_00647,dlk_tbl_01136,dash_tbl_01653,gob_ext_00326,gob_ext_00182,dlk_ext_00477,gob_ext_00364,dash_ext_00163
dlk_proceso_0675;4;dash_tbl_01092,gob_tbl_00540,dash_tbl_00004,dlk_tbl_00376;6;dlk_tbl_02664,dlk_tbl_01088,gob_tbl_02559,gob_ext_00490,dlk_ext_00248,gob_ext_00115
gob_proceso_0676;7;dlk_tbl_01317,gob_tbl_00398,proc_tbl_01962,gob_tbl_02699,std_tbl_01140,gob_tbl_02220,proc_tbl_01822;9;dlk_tbl_03300,dlk_tbl_01842,dlk_tbl_01399,dlk_tbl_03320,ppn_tbl_00025,gob_ext_00109,gob_ext_00387,dlk_ext_00312,gob_ext_00323
dlk_proceso_0677;6;m4sco_tbl_00128,dlk_tbl_01024,dlk_tbl_01321,dlk_tbl_01821,gob_tbl_02823,gob_tbl_01089;9;gob_tbl_02159,dlk_tbl_03310,dlk_tbl_00900,dlk_tbl_00091,dlk_tbl_03169,proc_ext_00461,dlk_ext_00015,dlk_ext_00178,dlk_ext_00066
dlk_proceso_0678;7;gob_tbl_03064,proc_tbl_02266,proc_tbl_01848,dash_tbl_03061,gob_tbl_03040,gob_tbl_02133,dlk_tbl_02079;4;gob_tbl_00610,m4vw_tbl_01050,gob_ext_00322,dlk_ext_00463
gob_proceso_0679;6;gob_tbl_03234,proc_tbl_01409,dash_tbl_02910,gob_tbl_01516,gob_tbl_00066,std_tbl_02107;6;dlk_tbl_01198,gob_tbl_00140,dash_tbl_02053,dlk_ext_00301,gob_ext_00094,dlk_ext_00285
gob_proceso_0680;6;proc_tbl_00607,proc_tbl_00251,dlk_tbl_01754,std_tbl_00119,dash_tbl_00407,dlk_tbl_02368;13;proc_tbl_03304,gob_tbl_00061,dlk_tbl_01459,gob_tbl_02855,dlk_tbl_03209,gob_tbl_02038,gob_tbl_02560,std_ext_00159,gob_ext_00363,gob_ext_00441,proc_ext_00294,gob_ext_00410,gob_ext_00329
dlk_proceso_0681;6;dash_tbl_02903,dash_tbl_00898,dlk_tbl_03207,dlk_tbl_02943,dlk_tbl_01100,gob_tbl_00250;15;dlk_tbl_02368,gob_tbl_00599,dash_tbl_00489,dlk_tbl_02421,gob_tbl_02282,dlk_tbl_00800,dlk_tbl_02417,gob_tbl_02021,dlk_tbl_03011,dash_ext_00111,gob_ext_00085,gob_ext_00006,proc_ext_00249,dlk_ext_00287,proc_ext_00032
dlk_proceso_0682;6;gob_tbl_02516,dash_tbl_01664,gob_tbl_02883,gob_tbl_01672,dlk_tbl_02265,dlk_tbl_01314;15;gob_tbl_02438,gob_tbl_00913,gob_tbl_02108,gob_tbl_01401,dlk_tbl_02241,proc_tbl_03219,dash_tbl_00517,proc_tbl_01555,dlk_tbl_01113,dash_ext_00389,m4vw_ext_00173,dlk_ext_00087,gob_ext_00086,gob_ext_00067,dlk_ext_00378
gob_proceso_0683;2;dlk_tbl_01958,gob_tbl_03153;15;dlk_tbl_02376,gob_tbl_01000,gob_tbl_00115,dlk_tbl_03075,proc_tbl_03352,gob_tbl_02255,proc_tbl_00239,dlk_tbl_01948,gob_tbl_01142,gob_ext_00260,gob_ext_00425,gob_ext_00051,m4sco_ext_00063,proc_ext_00162,m4vw_ext_00299
proc_proceso_0684;3;dash_tbl_02768,gob_tbl_01196,dlk_tbl_03239;14;gob_tbl_01341,dlk_tbl_01020,m4sco_tbl_02061,dlk_tbl_03357,gob_tbl_02142,dlk_tbl_00234,dash_tbl_02910,gob_tbl_01486,m4sco_ext_00462,dlk_ext_00360,dlk_ext_00060,dlk_ext_00069,dlk_ext_00221,dlk_ext_00353
dlk_proceso_0685;3;proc_tbl_00844,dlk_tbl_03275,dlk_tbl_02636;6;gob_tbl_01596,dlk_tbl_00945,proc_tbl_01083,dash_ext_00129,dlk_ext_00123,proc_ext_00467
dash_proceso_0686;5;proc_tbl_00161,proc_tbl_01554,dlk_tbl_00033,dash_tbl_02363,gob_tbl_01854;8;dlk_tbl_02009,dash_tbl_02856,std_tbl_00119,gob_tbl_00735,gob_tbl_02418,dlk_ext_00250,gob_ext_00144,gob_ext_00326
gob_proceso_0687;6;gob_tbl_00145,proc_tbl_02390,gob_tbl_03140,dlk_tbl_02584,dlk_tbl_01289,dlk_tbl_02097;8;gob_tbl_01203,gob_tbl_01854,gob_tbl_01613,proc_tbl_00560,dash_tbl_03200,gob_ext_00346,gob_ext_00466,proc_ext_00032
gob_proceso_0688;2;gob_tbl_00158,proc_tbl_00957;10;gob_tbl_02789,dlk_tbl_01807,gob_tbl_01556,dlk_tbl_00207,dlk_tbl_01114,proc_tbl_02063,dash_ext_00384,gob_ext_00048,gob_ext_00225,gob_ext_00179
dlk_proceso_0689;6;gob_tbl_00473,gob_tbl_01504,dlk_tbl_03024,gob_tbl_00466,dlk_tbl_01753,dlk_tbl_00973;11;gob_tbl_01339,gob_tbl_00584,gob_tbl_02191,gob_tbl_02240,gob_tbl_02737,dlk_tbl_00740,gob_ext_00319,proc_ext_00423,dlk_ext_00347,proc_ext_00209,dash_ext_00190
dlk_proceso_0690;2;dlk_tbl_02131,ppn_tbl_02670;7;dlk_tbl_03003,dlk_tbl_02713,dlk_tbl_01245,dlk_tbl_01010,gob_ext_00329,gob_ext_00397,dlk_ext_00448
dlk_proceso_0691;5;gob_tbl_01764,proc_tbl_02527,gob_tbl_01135,dlk_tbl_01604,std_tbl_01360;10;gob_tbl_02534,proc_tbl_03180,dlk_tbl_00544,dash_tbl_00395,std_tbl_00052,gob_tbl_01694,gob_ext_00392,proc_ext_00102,gob_ext_00329,dlk_ext_00368
proc_proceso_0692;5;dlk_tbl_00137,proc_tbl_03304,gob_tbl_01130,gob_tbl_02285,gob_tbl_02468;9;proc_tbl_02092,dlk_tbl_02089,dlk_tbl_00679,m4vw_tbl_02857,proc_tbl_00073,dlk_ext_00158,dlk_ext_00178,proc_ext_00032,gob_ext_00028
dash_proceso_0693;8;dlk_tbl_00572,gob_tbl_01097,std_tbl_00583,dlk_tbl_00987,dlk_tbl_00236,dash_tbl_01715,dlk_tbl_00360,std_tbl_00052;23;dlk_tbl_01779,gob_tbl_01423,dlk_tbl_01018,dlk_tbl_01609,dlk_tbl_03357,dlk_tbl_02917,gob_tbl_02186,proc_tbl_02819,dlk_tbl_02550,gob_tbl_02613,dlk_tbl_02144,gob_tbl_01351,gob_tbl_03097,dlk_ext_00107,dlk_ext_00444,gob_ext_00235,dlk_ext_00023,dlk_ext_00378,dlk_ext_00313,dlk_ext_00145,proc_ext_00430,proc_ext_00029,proc_ext_00279
dlk_proceso_0694;5;dlk_tbl_03328,dlk_tbl_02561,gob_tbl_03088,gob_tbl_02290,dlk_tbl_03123;16;gob_tbl_00985,std_tbl_03225,std_tbl_00064,std_tbl_00804,dlk_tbl_02744,proc_tbl_00940,dlk_tbl_02486,dlk_tbl_00937,m4sco_tbl_02044,dlk_ext_00081,dlk_ext_00083,gob_ext_00410,gob_ext_00040,gob_ext_00050,proc_ext_00058,proc_ext_00091
gob_proceso_0695;4;dlk_tbl_03175,dlk_tbl_02308,gob_tbl_01485,dlk_tbl_02683;10;dlk_tbl_02039,gob_tbl_03164,gob_tbl_00084,gob_tbl_01038,ppn_tbl_00896,gob_tbl_01792,dlk_ext_00062,gob_ext_00466,gob_ext_00050,gob_ext_00048
proc_proceso_0696;4;dlk_tbl_01832,gob_tbl_01387,gob_tbl_02445,dlk_tbl_00354;4;gob_tbl_02219,dlk_tbl_01993,dlk_ext_00055,gob_ext_00086
proc_proceso_0697;3;gob_tbl_00932,dlk_tbl_00299,dash_tbl_00921;9;gob_tbl_00858,gob_tbl_03291,gob_tbl_00057,std_tbl_01746,dlk_tbl_01678,dlk_ext_00065,gob_ext_00288,dlk_ext_00347,gob_ext_00437
dlk_proceso_0698;6;dlk_tbl_01359,proc_tbl_00550,gob_tbl_00164,gob_tbl_01673,dlk_tbl_00937,gob_tbl_00612;10;dlk_tbl_01789,dlk_tbl_02084,gob_tbl_00926,gob_tbl_02864,gob_tbl_00069,dlk_tbl_01805,gob_ext_00452,dlk_ext_00485,gob_ext_00114,gob_ext_00146
dash_proceso_0699;4;dash_tbl_01926,gob_tbl_02691,proc_tbl_02350,gob_tbl_03268;4;gob_tbl_02157,gob_tbl_02240,dlk_ext_00015,dlk_ext_00081
dlk_proceso_0700;5;dlk_tbl_03019,gob_tbl_00511,dlk_tbl_02923,proc_tbl_00876,proc_tbl_00185;8;proc_tbl_02251,dlk_tbl_03300,dlk_tbl_02974,proc_tbl_01763,dash_tbl_01860,m4vw_ext_00307,gob_ext_00000,dlk_ext_00375
gob_proceso_0701;6;dash_tbl_02826,gob_tbl_01608,gob_tbl_00018,proc_tbl_02034,dlk_tbl_00060,dlk_tbl_02811;13;dash_tbl_01216,gob_tbl_01643,std_tbl_00366,gob_tbl_02620,proc_tbl_01363,dlk_tbl_01636,dlk_tbl_02330,dlk_ext_00408,dlk_ext_00444,dlk_ext_00447,gob_ext_00283,proc_ext_00042,dlk_ext_00250
dlk_proceso_0702;8;dash_tbl_00070,proc_tbl_03116,dlk_tbl_01983,proc_tbl_02793,dlk_tbl_02734,std_tbl_00100,dlk_tbl_01883,gob_tbl_03292;24;gob_tbl_02336,gob_tbl_00610,gob_tbl_02322,gob_tbl_02781,dlk_tbl_02735,gob_tbl_02335,std_tbl_01242,dlk_tbl_00622,gob_tbl_01111,proc_tbl_01072,dlk_tbl_02325,gob_tbl_02737,gob_tbl_01142,dlk_tbl_01789,gob_ext_00388,std_ext_00214,dlk_ext_00301,gob_ext_00194,gob_ext_00168,dlk_ext_00473,dlk_ext_00440,dash_ext_00229,gob_ext_00315,dlk_ext_00123
dlk_proceso_0703;4;gob_tbl_01635,gob_tbl_02023,gob_tbl_00241,gob_tbl_01400;12;dlk_tbl_02664,proc_tbl_03053,gob_tbl_00656,gob_tbl_01745,proc_tbl_01174,proc_tbl_00793,dlk_tbl_01440,proc_ext_00318,dlk_ext_00268,gob_ext_00194,dlk_ext_00296,gob_ext_00388
dlk_proceso_0704;6;dlk_tbl_03339,proc_tbl_01081,proc_tbl_02899,gob_tbl_00605,dlk_tbl_00543,dlk_tbl_02442;13;std_tbl_01497,m4sco_tbl_00253,gob_tbl_01392,gob_tbl_00347,proc_tbl_01584,gob_tbl_02770,gob_tbl_01189,gob_ext_00410,proc_ext_00032,dlk_ext_00460,proc_ext_00162,dlk_ext_00197,proc_ext_00220
gob_proceso_0705;4;dlk_tbl_01509,std_tbl_00000,gob_tbl_00335,gob_tbl_02496;9;dlk_tbl_02811,dlk_tbl_01291,dlk_tbl_01053,dlk_tbl_02776,gob_tbl_00734,dlk_ext_00093,proc_ext_00102,dlk_ext_00456,proc_ext_00047
dlk_proceso_0706;4;dlk_tbl_00296,dlk_tbl_00351,gob_tbl_00998,m4vw_tbl_02777;13;dlk_tbl_01483,dlk_tbl_02807,m4sco_tbl_02436,dlk_tbl_01152,gob_tbl_01248,m4vw_tbl_00910,m4sco_tbl_01119,dash_ext_00002,dash_ext_00111,proc_ext_00453,proc_ext_00047,gob_ext_00086,dlk_ext_00287
dlk_proceso_0707;5;dlk_tbl_02891,gob_tbl_00492,gob_tbl_02537,dash_tbl_02779,dlk_tbl_03324;14;dlk_tbl_00854,proc_tbl_02507,dlk_tbl_01762,gob_tbl_02024,dlk_tbl_00037,proc_tbl_01072,dlk_tbl_01551,proc_tbl_00949,gob_ext_00223,gob_ext_00468,gob_ext_00109,dash_ext_00165,dash_ext_00433,m4vw_ext_00331
dlk_proceso_0708;6;dlk_tbl_02060,m4vw_tbl_01846,m4sco_tbl_02426,gob_tbl_00331,dlk_tbl_02500,dlk_tbl_02058;12;gob_tbl_02135,dlk_tbl_02085,gob_tbl_02746,proc_tbl_01145,proc_tbl_00433,dlk_tbl_02306,dlk_tbl_01299,std_ext_00396,proc_ext_00127,dlk_ext_00098,gob_ext_00097,dlk_ext_00302
dlk_proceso_0709;6;gob_tbl_02258,gob_tbl_02764,proc_tbl_02016,dlk_tbl_03221,dlk_tbl_02884,dlk_tbl_01482;6;std_tbl_01872,gob_tbl_02032,proc_tbl_00273,proc_ext_00220,proc_ext_00209,gob_ext_00244
dlk_proceso_0710;3;gob_tbl_00488,proc_tbl_01702,gob_tbl_02234;8;dash_tbl_01216,dlk_tbl_01748,gob_tbl_00347,gob_tbl_02011,gob_tbl_02618,m4vw_ext_00451,dlk_ext_00370,dlk_ext_00079
proc_proceso_0711;2;proc_tbl_02842,gob_tbl_03188;12;dlk_tbl_03282,gob_tbl_03287,dlk_tbl_00436,gob_tbl_01110,gob_tbl_02428,proc_tbl_00715,dlk_tbl_02761,dash_ext_00129,dash_ext_00335,dlk_ext_00330,m4vw_ext_00331,proc_ext_00127
dlk_proceso_0712;5;dlk_tbl_02351,gob_tbl_01874,gob_tbl_00899,proc_tbl_00456,dlk_tbl_01337;12;dlk_tbl_01895,m4vw_tbl_00778,dash_tbl_01481,dlk_tbl_00588,dlk_tbl_02325,dlk_tbl_00036,dlk_tbl_00313,dash_ext_00013,dlk_ext_00178,m4sco_ext_00063,proc_ext_00279,dlk_ext_00456
dash_proceso_0713;5;dlk_tbl_00544,gob_tbl_00610,gob_tbl_00754,dlk_tbl_01194,dlk_tbl_00961;8;dlk_tbl_00147,gob_tbl_00763,gob_tbl_00465,gob_tbl_02425,gob_tbl_02300,gob_ext_00113,dlk_ext_00185,gob_ext_00364
dlk_proceso_0714;2;dlk_tbl_00088,std_tbl_00944;6;dash_tbl_01453,gob_tbl_02290,dlk_tbl_03245,dlk_ext_00136,proc_ext_00054,dlk_ext_00470
gob_proceso_0715;4;gob_tbl_03236,gob_tbl_02746,dlk_tbl_00287,std_tbl_00268;6;gob_tbl_01036,dlk_tbl_02619,dlk_tbl_02994,proc_ext_00484,proc_ext_00328,dlk_ext_00079
dlk_proceso_0716;6;gob_tbl_01518,gob_tbl_00768,gob_tbl_03354,dlk_tbl_01830,dlk_tbl_00047,dash_tbl_01862;9;gob_tbl_02409,dlk_tbl_00060,gob_tbl_00432,proc_tbl_00170,gob_tbl_01336,proc_ext_00209,gob_ext_00315,dlk_ext_00402,dlk_ext_00312
gob_proceso_0717;3;dlk_tbl_03250,gob_tbl_01493,gob_tbl_01415;13;dlk_tbl_01219,proc_tbl_01071,gob_tbl_01130,gob_tbl_00592,m4vw_tbl_02347,proc_tbl_02063,proc_tbl_00317,dlk_ext_00093,m4vw_ext_00362,dlk_ext_00447,dlk_ext_00124,proc_ext_00029,dlk_ext_00487
dlk_proceso_0718;5;dlk_tbl_00216,gob_tbl_01654,dlk_tbl_01829,gob_tbl_02428,gob_tbl_01151;8;gob_tbl_01214,gob_tbl_02609,proc_tbl_00059,m4sco_tbl_00524,dlk_tbl_02371,gob_ext_00245,dlk_ext_00230,dlk_ext_00124
gob_proceso_0719;5;proc_tbl_03327,dash_tbl_01481,gob_tbl_01891,gob_tbl_00714,dlk_tbl_00749;16;gob_tbl_02429,dash_tbl_02472,dlk_tbl_01948,gob_tbl_00923,gob_tbl_02090,gob_tbl_03008,dash_tbl_02768,dlk_tbl_01940,dash_tbl_00021,dash_ext_00269,gob_ext_00241,dlk_ext_00409,m4vw_ext_00005,gob_ext_00144,gob_ext_00050,gob_ext_00176
dlk_proceso_0720;3;proc_tbl_01812,dlk_tbl_00934,dlk_tbl_01079;14;dlk_tbl_00227,gob_tbl_02243,gob_tbl_00327,gob_tbl_02407,gob_tbl_02535,dlk_tbl_02521,dlk_tbl_01655,gob_tbl_00309,dlk_ext_00447,proc_ext_00139,proc_ext_00281,dash_ext_00140,dash_ext_00314,gob_ext_00425
dlk_proceso_0721;4;gob_tbl_01165,gob_tbl_00326,gob_tbl_00617,dash_tbl_02449;3;dlk_tbl_02623,gob_tbl_02462,proc_ext_00357
dlk_proceso_0722;3;gob_tbl_02026,dlk_tbl_02401,dlk_tbl_00720;14;gob_tbl_02703,gob_tbl_00833,proc_tbl_01303,dlk_tbl_02869,gob_tbl_01403,dash_tbl_02405,dlk_tbl_01088,dash_tbl_00775,dash_ext_00389,proc_ext_00102,dlk_ext_00368,ppn_ext_00325,proc_ext_00220,gob_ext_00017
dlk_proceso_0723;6;dlk_tbl_02714,dlk_tbl_00173,dlk_tbl_00079,dlk_tbl_02110,gob_tbl_00200,dlk_tbl_02355;6;gob_tbl_03292,ppn_tbl_01057,dlk_tbl_00024,gob_ext_00452,proc_ext_00102,m4vw_ext_00307
dlk_proceso_0724;6;ppn_tbl_01375,dlk_tbl_02274,dlk_tbl_03075,dash_tbl_02081,proc_tbl_01308,gob_tbl_01110;10;dlk_tbl_01741,proc_tbl_00431,gob_tbl_02855,gob_tbl_02894,dlk_tbl_01204,proc_tbl_03353,gob_ext_00446,gob_ext_00150,dlk_ext_00284,dlk_ext_00366
proc_proceso_0725;3;gob_tbl_02535,dlk_tbl_01226,dlk_tbl_01948;17;proc_tbl_01059,dlk_tbl_01022,gob_tbl_00640,gob_tbl_03292,proc_tbl_02034,proc_tbl_02261,m4vw_tbl_00831,dlk_tbl_02761,dlk_tbl_01958,proc_tbl_00159,gob_ext_00363,dlk_ext_00450,gob_ext_00160,m4vw_ext_00193,dlk_ext_00390,gob_ext_00283,dlk_ext_00221
dlk_proceso_0726;4;gob_tbl_02545,dlk_tbl_00842,dlk_tbl_03248,proc_tbl_03166;13;gob_tbl_00605,dash_tbl_02094,dlk_tbl_02379,dlk_tbl_01674,dlk_tbl_02744,gob_tbl_02322,gob_tbl_00858,gob_ext_00266,gob_ext_00235,gob_ext_00263,dlk_ext_00170,dlk_ext_00440,gob_ext_00350
dlk_proceso_0727;8;dlk_tbl_02678,gob_tbl_02702,gob_tbl_00182,dlk_tbl_01299,dlk_tbl_00048,proc_tbl_00214,proc_tbl_00675,proc_tbl_00855;23;dash_tbl_00517,gob_tbl_03204,gob_tbl_02290,gob_tbl_02537,gob_tbl_00978,gob_tbl_02628,gob_tbl_01989,dlk_tbl_02424,gob_tbl_02620,dlk_tbl_01514,dlk_tbl_02180,gob_tbl_03308,proc_tbl_01510,dlk_ext_00339,gob_ext_00329,gob_ext_00323,gob_ext_00099,gob_ext_00207,dlk_ext_00079,dlk_ext_00447,proc_ext_00091,gob_ext_00191,dlk_ext_00427
gob_proceso_0728;6;dash_tbl_02846,proc_tbl_02567,proc_tbl_01922,gob_tbl_00396,gob_tbl_01785,dlk_tbl_02644;10;gob_tbl_02956,dlk_tbl_01228,gob_tbl_00526,dlk_tbl_03121,dlk_tbl_00682,dash_tbl_00006,proc_ext_00058,dlk_ext_00341,dlk_ext_00401,dlk_ext_00068
gob_proceso_0729;5;gob_tbl_02908,std_tbl_02446,proc_tbl_01845,std_tbl_02377,dlk_tbl_02467;14;dlk_tbl_02761,gob_tbl_01607,gob_tbl_01685,dlk_tbl_02198,proc_tbl_03129,proc_tbl_00123,dlk_tbl_02619,std_tbl_01576,dash_ext_00034,proc_ext_00376,proc_ext_00294,dlk_ext_00277,ppn_ext_00325,std_ext_00317
dlk_proceso_0730;5;gob_tbl_03346,dash_tbl_03183,dlk_tbl_03151,dlk_tbl_03060,gob_tbl_03360;8;dlk_tbl_03117,proc_tbl_03143,dash_tbl_01704,dlk_tbl_03174,proc_tbl_02510,gob_ext_00243,gob_ext_00329,m4vw_ext_00369
dlk_proceso_0731;6;gob_tbl_02102,m4sco_tbl_00307,m4vw_tbl_02410,gob_tbl_02757,gob_tbl_01933,std_tbl_00129;10;dlk_tbl_00999,dash_tbl_02779,dlk_tbl_01941,dash_tbl_00461,ppn_tbl_02641,m4vw_tbl_01529,gob_ext_00244,dlk_ext_00183,gob_ext_00223,dash_ext_00335
gob_proceso_0732;2;gob_tbl_03096,proc_tbl_00795;9;dlk_tbl_03039,gob_tbl_02248,dlk_tbl_01706,dash_tbl_02078,dlk_tbl_00800,gob_ext_00397,dash_ext_00165,dash_ext_00384,dlk_ext_00101
gob_proceso_0733;6;std_tbl_00357,dlk_tbl_01357,dlk_tbl_01028,dlk_tbl_00384,gob_tbl_00330,dlk_tbl_00134;11;dlk_tbl_02403,dash_tbl_00618,dash_tbl_00979,dlk_tbl_00107,dlk_tbl_01206,gob_tbl_00878,dlk_ext_00347,gob_ext_00224,dash_ext_00190,gob_ext_00018,gob_ext_00077
dlk_proceso_0734;2;gob_tbl_00696,dlk_tbl_02391;20;gob_tbl_00757,dlk_tbl_02627,gob_tbl_01960,dlk_tbl_00091,gob_tbl_02686,gob_tbl_00882,proc_tbl_02307,dlk_tbl_00259,gob_tbl_00605,gob_tbl_01540,dlk_tbl_00523,dlk_tbl_01598,dlk_ext_00134,proc_ext_00192,dlk_ext_00450,dlk_ext_00440,proc_ext_00282,m4vw_ext_00173,dlk_ext_00368,dash_ext_00229
proc_proceso_0735;4;dlk_tbl_00375,dash_tbl_00942,proc_tbl_01705,proc_tbl_03020;10;proc_tbl_00283,proc_tbl_01368,gob_tbl_02609,gob_tbl_02984,dash_tbl_00478,proc_tbl_01798,proc_ext_00318,dlk_ext_00202,gob_ext_00146,proc_ext_00054
gob_proceso_0736;3;dlk_tbl_02479,gob_tbl_01310,gob_tbl_00297;9;gob_tbl_01339,dlk_tbl_02806,dlk_tbl_00724,gob_tbl_02606,proc_tbl_00852,gob_ext_00172,gob_ext_00465,dlk_ext_00100,gob_ext_00421
gob_proceso_0737;4;gob_tbl_02626,dash_tbl_01580,proc_tbl_00836,gob_tbl_03313;3;dlk_tbl_03310,gob_tbl_02282,gob_ext_00387
proc_proceso_0738;2;gob_tbl_02339,dlk_tbl_00997;4;std_tbl_00546,dlk_tbl_01990,dlk_ext_00107,dash_ext_00229
dlk_proceso_0739;5;dlk_tbl_03229,dlk_tbl_00037,dash_tbl_02515,std_tbl_02059,gob_tbl_02137;17;gob_tbl_02415,dlk_tbl_01527,proc_tbl_01215,gob_tbl_01608,dlk_tbl_00339,proc_tbl_01071,proc_tbl_00893,dlk_tbl_00091,gob_tbl_00526,dlk_tbl_00934,gob_ext_00082,dlk_ext_00378,gob_ext_00392,m4sco_ext_00462,proc_ext_00156,gob_ext_00006,dlk_ext_00142
dlk_proceso_0740;3;gob_tbl_01677,gob_tbl_00723,proc_tbl_00832;13;dlk_tbl_00469,dlk_tbl_01066,dash_tbl_00215,gob_tbl_01521,gob_tbl_03292,dlk_tbl_00203,gob_tbl_02737,dlk_ext_00221,proc_ext_00240,gob_ext_00403,proc_ext_00453,gob_ext_00053,proc_ext_00435
proc_proceso_0741;6;dlk_tbl_00094,dlk_tbl_02046,gob_tbl_00584,gob_tbl_01381,gob_tbl_03132,dlk_tbl_01915;11;dlk_tbl_01275,dlk_tbl_02638,dlk_tbl_02905,gob_tbl_02541,proc_tbl_00433,gob_tbl_02336,gob_ext_00151,dlk_ext_00424,dlk_ext_00055,dlk_ext_00460,gob_ext_00177
gob_proceso_0742;7;proc_tbl_02346,proc_tbl_02753,gob_tbl_02679,gob_tbl_03084,gob_tbl_01086,std_tbl_02171,m4sco_tbl_00631;1;gob_tbl_02703
gob_proceso_0743;5;gob_tbl_00078,dlk_tbl_03033,dlk_tbl_01197,proc_tbl_02538,proc_tbl_03331;7;dlk_tbl_00375,dash_tbl_01338,dlk_tbl_02787,gob_tbl_02681,gob_ext_00446,dlk_ext_00254,gob_ext_00135
dlk_proceso_0744;3;dlk_tbl_01965,dlk_tbl_00984,gob_tbl_03204;9;dlk_tbl_02040,dash_tbl_02184,gob_tbl_00645,proc_tbl_01847,dlk_tbl_01611,dlk_ext_00330,dlk_ext_00154,dlk_ext_00132,gob_ext_00184
dash_proceso_0745;5;proc_tbl_00323,dlk_tbl_02489,dash_tbl_03264,gob_tbl_02860,dlk_tbl_00783;11;dlk_tbl_01217,proc_tbl_03353,dlk_tbl_02623,proc_tbl_01470,gob_tbl_01791,gob_tbl_02790,dlk_ext_00158,gob_ext_00086,ppn_ext_00255,gob_ext_00387,dlk_ext_00349
dlk_proceso_0746;6;dash_tbl_02271,gob_tbl_03002,dlk_tbl_02905,gob_tbl_02609,proc_tbl_03184,gob_tbl_03171;16;dlk_tbl_01291,dlk_tbl_00710,gob_tbl_02304,dash_tbl_03326,dash_tbl_02910,gob_tbl_01164,dlk_tbl_00812,dlk_tbl_02667,dlk_tbl_02806,dash_ext_00433,gob_ext_00387,dlk_ext_00219,gob_ext_00097,proc_ext_00027,dlk_ext_00477,dlk_ext_00348
dlk_proceso_0747;6;gob_tbl_00770,gob_tbl_00701,dlk_tbl_01245,proc_tbl_00340,gob_tbl_03302,proc_tbl_02178;10;m4sco_tbl_00188,proc_tbl_00410,dlk_tbl_02098,proc_tbl_03193,dlk_tbl_01696,dlk_tbl_02110,std_ext_00396,dlk_ext_00448,dlk_ext_00108,dash_ext_00445
gob_proceso_0748;6;dlk_tbl_00199,proc_tbl_02251,gob_tbl_02930,gob_tbl_02708,dlk_tbl_00719,dlk_tbl_00672;9;dlk_tbl_01088,proc_tbl_01578,gob_tbl_00548,gob_tbl_00605,gob_tbl_01714,dlk_ext_00360,std_ext_00214,gob_ext_00182,dlk_ext_00485
proc_proceso_0749;6;proc_tbl_00959,m4vw_tbl_00910,gob_tbl_02732,dlk_tbl_01294,dlk_tbl_01598,proc_tbl_00143;4;gob_tbl_02170,gob_tbl_01130,dlk_ext_00164,dlk_ext_00060
