DAG;NumTablasAlimenta;TablasAlimenta;NumTablasAlimentan;TablasAlimentan
gob_proceso_0000;4;dlk_tbl_01253,gob_tbl_01010,ppn_tbl_02244,dlk_tbl_00646;12;dlk_tbl_01197,gob_tbl_01387,gob_tbl_01392,std_tbl_00885,gob_tbl_00147,proc_tbl_01623,dlk_tbl_00592,dlk_ext_00124,dash_ext_00090,dlk_ext_00208,gob_ext_00102,gob_ext_00114
dlk_proceso_0001;4;proc_tbl_02181,gob_tbl_01257,proc_tbl_00522,proc_tbl_01839;14;dash_tbl_01595,gob_tbl_00720,gob_tbl_00221,dlk_tbl_01035,dlk_tbl_00363,gob_tbl_00671,dlk_tbl_01388,dlk_tbl_00773,gob_ext_00148,dash_ext_00142,gob_ext_00023,dlk_ext_00193,proc_ext_00091,dlk_ext_00257
gob_proceso_0002;2;dlk_tbl_01070,std_tbl_01475;6;dlk_tbl_01312,gob_tbl_00514,dlk_tbl_00247,dash_ext_00033,dlk_ext_00109,proc_ext_00026
dlk_proceso_0003;6;gob_tbl_01131,gob_tbl_00052,proc_tbl_00088,proc_tbl_00558,gob_tbl_01850,gob_tbl_00147;10;dlk_tbl_00606,dlk_tbl_02271,gob_tbl_01668,dlk_tbl_01762,gob_tbl_00805,gob_tbl_01089,proc_ext_00147,gob_ext_00036,gob_ext_00063,gob_ext_00248
proc_proceso_0004;7;dlk_tbl_01035,proc_tbl_00246,dlk_tbl_01736,gob_tbl_00818,dlk_tbl_00570,gob_tbl_00173,gob_tbl_02004;4;dlk_tbl_00122,gob_tbl_02066,m4vw_ext_00019,dlk_ext_00130
gob_proceso_0005;5;dlk_tbl_00422,proc_tbl_02272,dlk_tbl_01575,dlk_tbl_00892,m4vw_tbl_01907;14;gob_tbl_01678,gob_tbl_00515,dash_tbl_00202,proc_tbl_00399,gob_tbl_00760,gob_tbl_00390,gob_tbl_00371,gob_tbl_00367,dlk_ext_00246,gob_ext_00151,gob_ext_00043,dlk_ext_00124,gob_ext_00197,dlk_ext_00109
proc_proceso_0006;4;dlk_tbl_01215,dash_tbl_00624,proc_tbl_00587,gob_tbl_00770;4;gob_tbl_00812,gob_tbl_00919,ppn_ext_00211,gob_ext_00194
dlk_proceso_0007;4;gob_tbl_01483,gob_tbl_01028,dash_tbl_02144,proc_tbl_00444;7;gob_tbl_02117,dlk_tbl_01618,proc_tbl_00689,dlk_tbl_00485,gob_ext_00005,dlk_ext_00088,proc_ext_00037
dlk_proceso_0008;6;gob_tbl_02277,dlk_tbl_01452,std_tbl_00089,gob_tbl_00988,proc_tbl_01677,dlk_tbl_00636;16;proc_tbl_01566,dlk_tbl_01368,dlk_tbl_01103,gob_tbl_00923,dlk_tbl_00423,dlk_tbl_02053,proc_tbl_01949,dlk_tbl_01197,gob_tbl_02180,gob_ext_00240,dlk_ext_00125,gob_ext_00066,gob_ext_00036,dash_ext_00142,proc_ext_00184,dash_ext_00052
dlk_proceso_0009;5;dlk_tbl_00197,gob_tbl_00911,dash_tbl_00668,proc_tbl_01878,dlk_tbl_00191;4;gob_tbl_00013,dlk_tbl_01721,ppn_ext_00211,proc_ext_00222
gob_proceso_0010;4;gob_tbl_00699,dlk_tbl_00634,gob_tbl_00822,dlk_tbl_01618;11;gob_tbl_00392,gob_tbl_01116,dlk_tbl_01992,dlk_tbl_01663,gob_tbl_00683,proc_tbl_01601,dlk_ext_00024,gob_ext_00030,dlk_ext_00160,m4sco_ext_00207,dlk_ext_00139
dlk_proceso_0011;4;proc_tbl_00372,gob_tbl_00487,m4sco_tbl_00997,dlk_tbl_01014;7;dlk_tbl_02121,dlk_tbl_02259,gob_tbl_01446,dlk_tbl_00796,dlk_ext_00166,gob_ext_00144,m4vw_ext_00019
gob_proceso_0012;3;dash_tbl_00261,proc_tbl_01662,dlk_tbl_00351;5;gob_tbl_02030,proc_tbl_01119,gob_tbl_00420,gob_ext_00179,proc_ext_00016
dash_proceso_0013;4;m4sco_tbl_01170,dlk_tbl_01503,dlk_tbl_01268,proc_tbl_02163;7;dlk_tbl_01156,dlk_tbl_00947,gob_tbl_01861,gob_tbl_00942,gob_ext_00062,proc_ext_00263,gob_ext_00151
gob_proceso_0014;7;proc_tbl_01692,gob_tbl_01089,dlk_tbl_00929,gob_tbl_00516,dlk_tbl_01050,dlk_tbl_00884,m4vw_tbl_00310;9;dlk_tbl_00913,proc_tbl_02061,dlk_tbl_01602,proc_tbl_00219,dlk_tbl_01721,dlk_ext_00262,gob_ext_00036,gob_ext_00235,gob_ext_00081
gob_proceso_0015;4;dlk_tbl_02016,std_tbl_01635,std_tbl_01889,dlk_tbl_01324;10;dlk_tbl_01804,dash_tbl_01067,gob_tbl_00915,m4vw_tbl_01852,gob_tbl_01834,dash_tbl_00703,dlk_ext_00139,dlk_ext_00191,dlk_ext_00070,gob_ext_00177
dlk_proceso_0016;7;dlk_tbl_00065,gob_tbl_02009,dlk_tbl_00721,dlk_tbl_00579,proc_tbl_01536,gob_tbl_00847,gob_tbl_01456;1;m4vw_tbl_00310
dlk_proceso_0017;5;gob_tbl_00121,gob_tbl_01449,dlk_tbl_00214,proc_tbl_00399,gob_tbl_01532;14;dlk_tbl_01103,dlk_tbl_02251,gob_tbl_01130,dlk_tbl_00016,ppn_tbl_00312,proc_tbl_00383,proc_tbl_01210,std_tbl_02149,dash_ext_00185,gob_ext_00077,dlk_ext_00155,proc_ext_00241,dlk_ext_00048,proc_ext_00234
proc_proceso_0018;3;proc_tbl_01164,gob_tbl_00362,dlk_tbl_01951;11;gob_tbl_00992,proc_tbl_00763,dlk_tbl_00884,std_tbl_02088,proc_tbl_00091,proc_tbl_00463,proc_ext_00015,std_ext_00021,dlk_ext_00193,dlk_ext_00269,dlk_ext_00221
proc_proceso_0019;6;gob_tbl_00903,dlk_tbl_00557,gob_tbl_02110,proc_tbl_01309,dlk_tbl_00602,dlk_tbl_01397;15;gob_tbl_00096,dlk_tbl_01117,gob_tbl_00605,gob_tbl_01786,gob_tbl_01588,std_tbl_01738,dlk_tbl_01803,dlk_tbl_01930,dlk_tbl_01106,gob_ext_00251,dlk_ext_00139,gob_ext_00231,gob_ext_00240,gob_ext_00226,std_ext_00196
gob_proceso_0020;5;dlk_tbl_00844,gob_tbl_00683,dlk_tbl_00146,dlk_tbl_00993,gob_tbl_00974;8;proc_tbl_01967,m4vw_tbl_00218,gob_tbl_02148,dlk_tbl_01961,gob_tbl_00385,proc_ext_00092,dlk_ext_00160,dlk_ext_00228
gob_proceso_0021;4;gob_tbl_00279,gob_tbl_01572,dlk_tbl_00638,dlk_tbl_01969;10;proc_tbl_00558,gob_tbl_01039,dlk_tbl_02264,proc_tbl_00306,dlk_tbl_01964,gob_tbl_01568,dlk_ext_00032,dlk_ext_00228,proc_ext_00241,gob_ext_00102
dlk_proceso_0022;2;gob_tbl_01778,dlk_tbl_02158;12;proc_tbl_02057,proc_tbl_02221,dlk_tbl_01461,gob_tbl_00231,dlk_tbl_01951,dash_tbl_00502,dlk_tbl_02029,dlk_ext_00109,gob_ext_00255,dlk_ext_00139,proc_ext_00017,m4sco_ext_00207
gob_proceso_0023;7;gob_tbl_01769,std_tbl_01942,proc_tbl_01905,gob_tbl_01392,dlk_tbl_01593,proc_tbl_00530,gob_tbl_01833;15;proc_tbl_00206,dlk_tbl_00636,proc_tbl_01820,gob_tbl_01524,proc_tbl_00082,proc_tbl_00527,std_tbl_01258,dlk_tbl_00456,gob_tbl_00918,gob_ext_00258,dash_ext_00142,proc_ext_00175,gob_ext_00187,proc_ext_00015,proc_ext_00108
dash_proceso_0024;6;gob_tbl_00055,proc_tbl_01954,dlk_tbl_01328,dash_tbl_01262,gob_tbl_01690,gob_tbl_00932;12;dlk_tbl_01452,dlk_tbl_01179,dlk_tbl_00999,gob_tbl_01511,gob_tbl_00081,dlk_tbl_01202,proc_tbl_00451,dlk_ext_00262,dlk_ext_00173,gob_ext_00240,gob_ext_00097,dlk_ext_00253
dlk_proceso_0025;7;proc_tbl_01244,dlk_tbl_00199,dlk_tbl_01799,gob_tbl_02074,proc_tbl_00833,dlk_tbl_00368,m4vw_tbl_00784;10;dash_tbl_00489,gob_tbl_00574,proc_tbl_01566,gob_tbl_01639,gob_tbl_01246,gob_tbl_00978,gob_ext_00164,gob_ext_00197,proc_ext_00058,dlk_ext_00172
dlk_proceso_0026;6;dlk_tbl_01842,gob_tbl_00696,dlk_tbl_00474,dlk_tbl_00262,dlk_tbl_00715,dlk_tbl_01952;15;gob_tbl_01758,proc_tbl_00298,dlk_tbl_01324,dlk_tbl_01785,proc_tbl_02272,dlk_tbl_00343,gob_tbl_02066,dlk_tbl_00828,gob_tbl_01910,gob_ext_00005,gob_ext_00201,gob_ext_00197,dlk_ext_00224,proc_ext_00010,gob_ext_00209
proc_proceso_0027;7;gob_tbl_00127,dlk_tbl_00966,dlk_tbl_00242,dlk_tbl_01197,dlk_tbl_00336,dlk_tbl_00531,dlk_tbl_00550;9;dash_tbl_00664,proc_tbl_01898,dlk_tbl_00828,std_tbl_01110,gob_tbl_00720,gob_ext_00158,gob_ext_00101,dlk_ext_00012,dlk_ext_00262
dlk_proceso_0028;3;gob_tbl_02106,gob_tbl_00395,dlk_tbl_01841;13;std_tbl_01675,std_tbl_00012,gob_tbl_00142,dlk_tbl_01587,dlk_tbl_01025,proc_tbl_01402,gob_tbl_01790,proc_ext_00198,dlk_ext_00048,proc_ext_00010,dlk_ext_00098,dlk_ext_00160,std_ext_00006
dlk_proceso_0029;5;proc_tbl_00969,gob_tbl_01001,dlk_tbl_00839,gob_tbl_02160,dash_tbl_01755;8;dash_tbl_00415,proc_tbl_01677,gob_tbl_00236,gob_tbl_01873,proc_tbl_02175,gob_ext_00036,gob_ext_00144,std_ext_00105
dlk_proceso_0030;6;dash_tbl_00430,dlk_tbl_00238,dlk_tbl_01948,gob_tbl_00431,dlk_tbl_00196,gob_tbl_01678;4;proc_tbl_02049,gob_tbl_02137,dlk_ext_00174,dash_ext_00182
gob_proceso_0031;3;dlk_tbl_00598,dlk_tbl_01093,gob_tbl_01062;12;std_tbl_01430,dlk_tbl_01047,dlk_tbl_00220,proc_tbl_02061,dash_tbl_00582,gob_tbl_00021,dlk_tbl_01650,dlk_ext_00044,dlk_ext_00135,gob_ext_00217,proc_ext_00147,dlk_ext_00009
proc_proceso_0032;2;m4sco_tbl_00140,dlk_tbl_02083;13;dlk_tbl_00423,dlk_tbl_01336,dlk_tbl_02245,dlk_tbl_01951,proc_tbl_00652,proc_tbl_00768,gob_tbl_01559,std_ext_00127,dlk_ext_00139,dash_ext_00083,proc_ext_00263,dlk_ext_00130,gob_ext_00187
dlk_proceso_0033;6;gob_tbl_00081,gob_tbl_00629,gob_tbl_00842,dlk_tbl_00067,gob_tbl_02028,dlk_tbl_01998;16;dlk_tbl_02121,dlk_tbl_00019,proc_tbl_00157,dash_tbl_01005,proc_tbl_01566,gob_tbl_01028,dlk_tbl_00045,std_tbl_01458,dlk_tbl_01289,dlk_ext_00135,dlk_ext_00228,gob_ext_00258,dlk_ext_00009,gob_ext_00171,gob_ext_00238,dlk_ext_00124
proc_proceso_0034;8;dlk_tbl_02167,gob_tbl_01090,dlk_tbl_00138,dlk_tbl_00412,gob_tbl_01024,gob_tbl_01477,dlk_tbl_00547,proc_tbl_00880;9;gob_tbl_02257,dlk_tbl_01890,gob_tbl_01459,gob_tbl_02142,gob_tbl_00352,dash_ext_00185,gob_ext_00062,dlk_ext_00172,gob_ext_00100
gob_proceso_0035;5;m4vw_tbl_01989,dlk_tbl_01428,dash_tbl_00750,dlk_tbl_02225,gob_tbl_00275;7;proc_tbl_01470,proc_tbl_01325,gob_tbl_01824,dlk_tbl_01621,proc_ext_00026,gob_ext_00043,dlk_ext_00014
dlk_proceso_0036;4;dash_tbl_00891,gob_tbl_00845,gob_tbl_00486,proc_tbl_01323;9;dlk_tbl_01784,m4vw_tbl_00784,gob_tbl_01010,dlk_tbl_02043,gob_tbl_00503,std_ext_00250,proc_ext_00223,dlk_ext_00246,proc_ext_00126
dlk_proceso_0037;5;dlk_tbl_00536,gob_tbl_01406,gob_tbl_00583,dash_tbl_01870,proc_tbl_01224;14;gob_tbl_01485,dlk_tbl_02025,gob_tbl_00092,ppn_tbl_01404,dash_tbl_01649,gob_tbl_00911,dash_tbl_00624,dlk_tbl_00406,dlk_ext_00064,dlk_ext_00004,dlk_ext_00161,dlk_ext_00002,gob_ext_00158,gob_ext_00011
dlk_proceso_0038;5;dlk_tbl_01346,gob_tbl_01884,proc_tbl_00539,dlk_tbl_01445,dlk_tbl_00749;9;gob_tbl_01068,m4vw_tbl_01133,gob_tbl_00338,dlk_tbl_00282,gob_tbl_01331,proc_ext_00072,std_ext_00250,m4vw_ext_00190,dlk_ext_00229
gob_proceso_0039;3;gob_tbl_00775,dlk_tbl_00168,gob_tbl_00501;9;dlk_tbl_02271,gob_tbl_01303,std_tbl_01009,proc_tbl_00118,proc_tbl_02077,dlk_ext_00249,std_ext_00021,dlk_ext_00133,proc_ext_00015
dlk_proceso_0040;4;gob_tbl_01914,gob_tbl_01363,gob_tbl_00528,dlk_tbl_00893;10;gob_tbl_01446,dlk_tbl_00136,dlk_tbl_01060,proc_tbl_00429,gob_tbl_01099,gob_tbl_00494,gob_ext_00101,dlk_ext_00180,gob_ext_00205,std_ext_00046
dash_proceso_0041;5;m4vw_tbl_00975,dlk_tbl_00798,dlk_tbl_01018,dlk_tbl_00271,dlk_tbl_01846;12;m4sco_tbl_01542,dlk_tbl_01800,dlk_tbl_01962,proc_tbl_00299,proc_tbl_01248,gob_tbl_00147,dlk_tbl_00211,ppn_ext_00056,dlk_ext_00208,gob_ext_00238,proc_ext_00069,dlk_ext_00237
gob_proceso_0042;9;proc_tbl_01823,gob_tbl_01236,std_tbl_02196,gob_tbl_01708,std_tbl_00070,gob_tbl_01022,gob_tbl_00690,dlk_tbl_00253,gob_tbl_01196;14;gob_tbl_01603,gob_tbl_01554,dlk_tbl_00597,dash_tbl_00430,gob_tbl_00462,dlk_tbl_01450,dlk_tbl_01375,dlk_tbl_01794,dlk_ext_00253,dlk_ext_00002,gob_ext_00066,dlk_ext_00064,std_ext_00105,gob_ext_00065
proc_proceso_0043;4;dlk_tbl_02194,dlk_tbl_00998,proc_tbl_00898,gob_tbl_01080;14;gob_tbl_01633,gob_tbl_02247,gob_tbl_00408,dlk_tbl_01556,dlk_tbl_01947,gob_tbl_00442,dash_tbl_00740,proc_tbl_02058,gob_ext_00081,dlk_ext_00014,dlk_ext_00109,dlk_ext_00161,gob_ext_00077,proc_ext_00223
dlk_proceso_0044;2;proc_tbl_02229,dlk_tbl_00693;10;dash_tbl_01649,gob_tbl_01438,gob_tbl_00805,gob_tbl_01834,proc_tbl_00652,dlk_tbl_01146,gob_ext_00102,dlk_ext_00208,proc_ext_00108,dlk_ext_00095
dlk_proceso_0045;5;gob_tbl_00774,proc_tbl_00335,dlk_tbl_02269,gob_tbl_01421,std_tbl_00611;16;gob_tbl_01026,m4vw_tbl_01810,gob_tbl_00497,gob_tbl_00162,dash_tbl_02191,dash_tbl_00170,dash_tbl_00489,gob_tbl_01678,gob_tbl_00945,proc_ext_00026,ppn_ext_00211,dash_ext_00142,gob_ext_00081,dlk_ext_00162,m4vw_ext_00019,gob_ext_00097
dlk_proceso_0046;3;dlk_tbl_02264,gob_tbl_01822,gob_tbl_00367;11;dash_tbl_01674,m4vw_tbl_00927,dlk_tbl_01479,proc_tbl_02181,proc_tbl_00044,gob_tbl_02076,dlk_ext_00109,std_ext_00127,dash_ext_00078,gob_ext_00042,proc_ext_00082
dlk_proceso_0047;4;gob_tbl_01230,m4sco_tbl_02139,dlk_tbl_01156,dlk_tbl_01168;6;dlk_tbl_00401,proc_tbl_02039,gob_tbl_00367,dash_ext_00045,dlk_ext_00167,dlk_ext_00054
proc_proceso_0048;4;dash_tbl_01436,dlk_tbl_00924,gob_tbl_01438,dlk_tbl_01787;7;dlk_tbl_02047,m4vw_tbl_01133,m4vw_tbl_01523,gob_tbl_00011,dlk_ext_00257,gob_ext_00194,dlk_ext_00109
dlk_proceso_0049;4;gob_tbl_01633,proc_tbl_02237,dlk_tbl_00838,std_tbl_00534;10;gob_tbl_00503,gob_tbl_00983,std_tbl_00280,m4vw_tbl_00975,gob_tbl_01139,dlk_tbl_01638,gob_ext_00100,dlk_ext_00237,proc_ext_00137,dlk_ext_00208
dlk_proceso_0050;6;gob_tbl_00886,dlk_tbl_01151,dlk_tbl_01968,gob_tbl_01795,gob_tbl_01712,gob_tbl_01707;9;dlk_tbl_01048,gob_tbl_00879,dlk_tbl_00314,dlk_tbl_01933,dlk_tbl_00955,proc_ext_00263,gob_ext_00038,m4vw_ext_00019,proc_ext_00241
dlk_proceso_0051;3;gob_tbl_00354,gob_tbl_00793,dlk_tbl_00464;8;gob_tbl_01153,std_tbl_01797,proc_tbl_02272,dlk_tbl_00470,proc_tbl_00335,proc_ext_00082,gob_ext_00179,proc_ext_00116
gob_proceso_0052;5;gob_tbl_01559,proc_tbl_00064,gob_tbl_01214,dash_tbl_00150,gob_tbl_01157;12;dlk_tbl_02025,dlk_tbl_00176,dlk_tbl_01452,dlk_tbl_02158,std_tbl_01033,gob_tbl_01914,gob_tbl_02141,dlk_ext_00089,proc_ext_00116,gob_ext_00011,dlk_ext_00203,dlk_ext_00160
dlk_proceso_0053;2;dlk_tbl_00112,std_tbl_01340;4;gob_tbl_00466,dash_tbl_00750,proc_ext_00233,proc_ext_00010
dlk_proceso_0054;6;dlk_tbl_02054,gob_tbl_01280,gob_tbl_01965,m4sco_tbl_02266,dlk_tbl_00865,gob_tbl_00921;9;gob_tbl_01150,std_tbl_00940,proc_tbl_00813,dlk_tbl_01433,gob_tbl_00477,dash_ext_00128,gob_ext_00157,dlk_ext_00161,proc_ext_00233
gob_proceso_0055;6;proc_tbl_01953,dlk_tbl_01065,std_tbl_00850,gob_tbl_01464,gob_tbl_01946,dlk_tbl_00681;10;dash_tbl_01649,proc_tbl_00206,dlk_tbl_00917,gob_tbl_00379,dlk_tbl_01336,dlk_tbl_00894,dlk_ext_00012,gob_ext_00081,dlk_ext_00110,dlk_ext_00269
gob_proceso_0056;3;dlk_tbl_01851,gob_tbl_01096,dlk_tbl_01413;17;dlk_tbl_01025,proc_tbl_01032,dash_tbl_00115,proc_tbl_00274,dlk_tbl_01427,dlk_tbl_01192,gob_tbl_01460,dlk_tbl_00065,dlk_tbl_01145,gob_tbl_00316,proc_ext_00147,gob_ext_00081,dlk_ext_00237,proc_ext_00069,gob_ext_00066,proc_ext_00016,gob_ext_00168
dlk_proceso_0057;4;gob_tbl_00984,dlk_tbl_01471,dlk_tbl_01399,gob_tbl_00141;10;dlk_tbl_02073,dlk_tbl_00384,gob_tbl_01991,proc_tbl_00463,gob_tbl_00477,proc_tbl_00829,gob_ext_00051,std_ext_00127,dlk_ext_00141,dlk_ext_00109
gob_proceso_0058;6;proc_tbl_00424,dlk_tbl_00832,gob_tbl_01786,gob_tbl_02219,gob_tbl_00714,gob_tbl_01000;9;std_tbl_01629,gob_tbl_00440,gob_tbl_01884,dlk_tbl_01097,gob_tbl_00671,gob_ext_00179,gob_ext_00011,proc_ext_00137,proc_ext_00198
gob_proceso_0059;6;dlk_tbl_01936,dlk_tbl_01548,gob_tbl_02140,dlk_tbl_01077,dlk_tbl_01407,dlk_tbl_00687;16;gob_tbl_00555,dash_tbl_01206,gob_tbl_01684,gob_tbl_01356,dlk_tbl_01336,gob_tbl_01568,m4vw_tbl_00523,proc_tbl_01676,dlk_tbl_01259,proc_ext_00082,proc_ext_00241,dash_ext_00050,dlk_ext_00193,dlk_ext_00032,proc_ext_00108,proc_ext_00245
dlk_proceso_0060;8;m4sco_tbl_00806,dlk_tbl_00448,dlk_tbl_01269,dlk_tbl_00495,proc_tbl_00418,proc_tbl_00614,gob_tbl_01422,dlk_tbl_02251;9;dlk_tbl_00094,gob_tbl_00209,dlk_tbl_01837,gob_tbl_01338,proc_tbl_00463,proc_ext_00010,gob_ext_00209,dlk_ext_00178,proc_ext_00015
dlk_proceso_0061;2;dlk_tbl_00079,gob_tbl_01339;9;dlk_tbl_01951,gob_tbl_00300,dlk_tbl_02060,gob_tbl_02062,proc_tbl_00803,proc_ext_00147,proc_ext_00239,dlk_ext_00172,gob_ext_00101
dash_proceso_0062;4;proc_tbl_00588,dlk_tbl_01741,proc_tbl_00564,std_tbl_01033;7;dlk_tbl_00454,dlk_tbl_00273,dlk_tbl_02107,proc_tbl_00206,proc_ext_00184,gob_ext_00258,dlk_ext_00139
dlk_proceso_0063;3;dlk_tbl_01163,gob_tbl_01291,dlk_tbl_00097;13;proc_tbl_01878,m4sco_tbl_00979,gob_tbl_00233,dlk_tbl_01168,gob_tbl_00995,dlk_tbl_00684,gob_tbl_00043,proc_ext_00184,gob_ext_00251,gob_ext_00183,dlk_ext_00048,gob_ext_00227,proc_ext_00072
gob_proceso_0064;5;dash_tbl_01440,gob_tbl_02159,gob_tbl_00504,gob_tbl_00852,dlk_tbl_00711;7;dlk_tbl_01658,gob_tbl_02252,proc_tbl_00496,gob_tbl_00896,dash_ext_00050,dlk_ext_00253,dash_ext_00182
dlk_proceso_0065;5;dlk_tbl_00333,gob_tbl_00292,gob_tbl_02211,proc_tbl_01625,proc_tbl_00761;5;dlk_tbl_01369,proc_tbl_01562,dlk_tbl_01043,gob_ext_00114,gob_ext_00086
gob_proceso_0066;7;dlk_tbl_00060,proc_tbl_02150,gob_tbl_00918,m4vw_tbl_01802,gob_tbl_01315,proc_tbl_02203,proc_tbl_00648;4;gob_tbl_01332,dlk_tbl_00820,gob_ext_00101,gob_ext_00063
dlk_proceso_0067;5;dlk_tbl_00465,proc_tbl_00829,gob_tbl_00605,proc_tbl_00630,gob_tbl_00515;8;dash_tbl_00779,proc_tbl_02007,dlk_tbl_01499,proc_tbl_00976,m4vw_tbl_01810,dlk_ext_00130,gob_ext_00043,proc_ext_00058
gob_proceso_0068;4;gob_tbl_01356,gob_tbl_00727,dlk_tbl_01237,gob_tbl_02254;13;gob_tbl_00031,m4sco_tbl_01391,dlk_tbl_02275,gob_tbl_01438,gob_tbl_00277,gob_tbl_01827,gob_tbl_00609,dlk_ext_00122,dlk_ext_00064,proc_ext_00115,m4sco_ext_00093,proc_ext_00026,gob_ext_00035
proc_proceso_0069;3;gob_tbl_00719,proc_tbl_01640,dlk_tbl_00856;11;proc_tbl_01949,dlk_tbl_00892,gob_tbl_02177,dash_tbl_00202,proc_tbl_00061,gob_tbl_01234,proc_ext_00092,proc_ext_00245,std_ext_00006,dash_ext_00000,gob_ext_00238
dlk_proceso_0070;6;ppn_tbl_01069,gob_tbl_00181,gob_tbl_01699,proc_tbl_00663,gob_tbl_01127,dlk_tbl_01147;6;gob_tbl_00338,gob_tbl_00538,gob_tbl_00842,dlk_ext_00070,dash_ext_00052,proc_ext_00072
dlk_proceso_0071;5;dlk_tbl_02019,dlk_tbl_00745,dlk_tbl_00447,std_tbl_01110,dlk_tbl_01179;12;dlk_tbl_00425,dlk_tbl_00214,dlk_tbl_01794,gob_tbl_01395,dlk_tbl_01969,gob_tbl_01303,std_tbl_01919,gob_ext_00194,gob_ext_00171,gob_ext_00036,gob_ext_00076,ppn_ext_00094
dlk_proceso_0072;4;dash_tbl_01761,dlk_tbl_01043,gob_tbl_00264,gob_tbl_01641;4;dlk_tbl_00889,gob_tbl_00135,gob_ext_00036,gob_ext_00114
dlk_proceso_0073;2;dlk_tbl_00771,gob_tbl_01768;13;dlk_tbl_01772,gob_tbl_00870,proc_tbl_00451,gob_tbl_01991,gob_tbl_00397,m4vw_tbl_00649,proc_tbl_00685,gob_ext_00238,dlk_ext_00020,dlk_ext_00172,gob_ext_00153,dlk_ext_00191,dlk_ext_00024
dlk_proceso_0074;6;gob_tbl_00213,dlk_tbl_01544,gob_tbl_01321,dlk_tbl_01465,dlk_tbl_00669,std_tbl_02088;8;dlk_tbl_00924,dlk_tbl_00321,dlk_tbl_01951,gob_tbl_00879,dlk_tbl_00144,proc_ext_00072,ppn_ext_00103,gob_ext_00035
dash_proceso_0075;6;m4sco_tbl_01542,gob_tbl_00171,dlk_tbl_00145,gob_tbl_00896,dash_tbl_01005,m4sco_tbl_01448;16;proc_tbl_00082,gob_tbl_01833,gob_tbl_01780,gob_tbl_01868,gob_tbl_00361,dlk_tbl_02128,std_tbl_01751,gob_tbl_02080,dlk_tbl_02233,dlk_ext_00014,dlk_ext_00018,gob_ext_00059,gob_ext_00201,gob_ext_00243,proc_ext_00072,dlk_ext_00020
gob_proceso_0076;5;gob_tbl_00805,dlk_tbl_00824,dlk_tbl_02003,dlk_tbl_00766,gob_tbl_00420;11;gob_tbl_01183,m4sco_tbl_02266,gob_tbl_00777,dlk_tbl_00001,proc_tbl_00069,dash_tbl_00792,dlk_ext_00014,proc_ext_00060,dlk_ext_00135,gob_ext_00260,dlk_ext_00180
gob_proceso_0077;2;proc_tbl_01267,gob_tbl_01172;4;gob_tbl_02187,dash_tbl_00750,dlk_ext_00167,std_ext_00105
dlk_proceso_0078;7;gob_tbl_02247,dlk_tbl_01426,dlk_tbl_01434,dlk_tbl_02179,dlk_tbl_01930,dlk_tbl_01725,gob_tbl_01153;9;dlk_tbl_00333,dlk_tbl_00345,std_tbl_00961,proc_tbl_00086,std_tbl_01046,gob_ext_00136,dlk_ext_00160,gob_ext_00066,dlk_ext_00172
gob_proceso_0079;2;ppn_tbl_00794,dlk_tbl_00192;7;m4vw_tbl_00975,dlk_tbl_00469,dlk_tbl_01375,gob_tbl_01665,dlk_ext_00018,gob_ext_00134,dash_ext_00050
dlk_proceso_0080;6;gob_tbl_00518,gob_tbl_01739,dlk_tbl_02186,dlk_tbl_00827,std_tbl_02134,std_tbl_00183;11;proc_tbl_02203,dlk_tbl_01617,dash_tbl_01674,gob_tbl_00397,gob_tbl_00165,gob_tbl_01873,gob_ext_00022,dlk_ext_00163,dash_ext_00033,proc_ext_00092,gob_ext_00183
proc_proceso_0081;6;dlk_tbl_00908,dlk_tbl_01041,m4vw_tbl_00649,gob_tbl_02042,gob_tbl_00938,gob_tbl_02102;10;dlk_tbl_01260,gob_tbl_00831,dlk_tbl_00571,proc_tbl_01194,dlk_tbl_00998,dlk_tbl_00890,dlk_ext_00256,proc_ext_00233,std_ext_00021,dlk_ext_00259
gob_proceso_0082;4;std_tbl_02182,dlk_tbl_00072,m4sco_tbl_02089,dlk_tbl_01411;13;gob_tbl_00770,proc_tbl_01756,proc_tbl_00768,dlk_tbl_01369,dlk_tbl_01188,dash_tbl_00202,gob_tbl_02268,gob_ext_00205,gob_ext_00168,gob_ext_00157,proc_ext_00241,gob_ext_00062,std_ext_00272
proc_proceso_0083;5;gob_tbl_01459,dash_tbl_00164,dlk_tbl_00632,gob_tbl_01748,dash_tbl_00502;14;dlk_tbl_01103,gob_tbl_02015,dlk_tbl_01264,gob_tbl_01039,dlk_tbl_01934,proc_tbl_00104,dlk_tbl_01369,m4vw_tbl_00649,dlk_ext_00109,gob_ext_00209,dlk_ext_00178,dash_ext_00050,proc_ext_00223,proc_ext_00239
dlk_proceso_0084;6;proc_tbl_00958,gob_tbl_02268,gob_tbl_00585,dlk_tbl_00364,dash_tbl_01310,proc_tbl_02037;13;gob_tbl_01547,std_tbl_01501,dlk_tbl_01163,gob_tbl_00671,gob_tbl_01066,dlk_tbl_01155,dlk_tbl_00644,proc_ext_00219,ppn_ext_00103,gob_ext_00097,dash_ext_00033,dash_ext_00220,gob_ext_00028
gob_proceso_0085;5;gob_tbl_01838,dlk_tbl_00314,dash_tbl_00239,dlk_tbl_01146,proc_tbl_01726;8;dlk_tbl_01360,dlk_tbl_00535,dlk_tbl_00773,proc_tbl_00564,m4sco_tbl_01160,proc_ext_00126,gob_ext_00181,proc_ext_00055
gob_proceso_0086;4;gob_tbl_01372,gob_tbl_01780,dlk_tbl_01106,proc_tbl_00327;11;dlk_tbl_00333,gob_tbl_01026,dash_tbl_00046,dlk_tbl_00078,gob_tbl_00977,gob_tbl_02116,proc_ext_00241,dash_ext_00104,gob_ext_00066,gob_ext_00204,proc_ext_00222
gob_proceso_0087;8;gob_tbl_01824,dlk_tbl_00027,proc_tbl_01435,dash_tbl_00053,gob_tbl_00233,m4sco_tbl_00639,dlk_tbl_00093,dlk_tbl_01788;10;dlk_tbl_00816,dlk_tbl_01043,dash_tbl_01067,gob_tbl_01974,dash_tbl_01124,dlk_tbl_01977,std_ext_00196,m4vw_ext_00019,proc_ext_00175,gob_ext_00255
proc_proceso_0088;6;dlk_tbl_00428,dlk_tbl_02223,gob_tbl_00942,gob_tbl_00877,dash_tbl_01271,dlk_tbl_01652;4;dlk_tbl_02179,dash_tbl_00248,gob_ext_00028,ppn_ext_00094
dlk_proceso_0089;6;gob_tbl_01270,gob_tbl_01030,gob_tbl_00022,gob_tbl_00754,dlk_tbl_00167,std_tbl_01258;13;dlk_tbl_01969,proc_tbl_00697,gob_tbl_00944,dlk_tbl_00675,m4vw_tbl_01989,proc_tbl_00091,dash_tbl_02046,dlk_ext_00139,dash_ext_00128,gob_ext_00187,gob_ext_00036,gob_ext_00062,dlk_ext_00163
dlk_proceso_0090;2;dlk_tbl_00553,proc_tbl_01094;15;proc_tbl_02049,dlk_tbl_01043,gob_tbl_00171,m4sco_tbl_00904,std_tbl_01629,gob_tbl_02280,dlk_tbl_02129,dash_tbl_00446,gob_tbl_01747,proc_ext_00239,gob_ext_00148,proc_ext_00010,m4sco_ext_00207,gob_ext_00194,m4vw_ext_00019
dash_proceso_0091;5;dlk_tbl_00111,dlk_tbl_01772,gob_tbl_00479,dlk_tbl_00414,dlk_tbl_00078;12;gob_tbl_01467,std_tbl_01430,dlk_tbl_01679,gob_tbl_01690,gob_tbl_00158,dlk_tbl_01637,gob_tbl_01910,gob_ext_00034,dlk_ext_00018,proc_ext_00241,gob_ext_00086,gob_ext_00071
dlk_proceso_0092;6;proc_tbl_01381,dash_tbl_01644,gob_tbl_00426,proc_tbl_00657,m4sco_tbl_01391,dlk_tbl_01205;6;gob_tbl_00727,dlk_tbl_00136,gob_tbl_02169,proc_ext_00092,gob_ext_00001,gob_ext_00034
dlk_proceso_0093;4;gob_tbl_01740,gob_tbl_01222,dlk_tbl_02249,dlk_tbl_01313;7;gob_tbl_01568,dlk_tbl_00592,dlk_tbl_00344,gob_tbl_01808,m4vw_ext_00019,dlk_ext_00225,gob_ext_00001
dlk_proceso_0094;4;proc_tbl_01123,dlk_tbl_01103,proc_tbl_01862,gob_tbl_00467;14;gob_tbl_00812,gob_tbl_02050,dlk_tbl_00491,gob_tbl_01484,proc_tbl_02256,dlk_tbl_00019,dlk_tbl_00500,gob_tbl_02074,gob_ext_00149,std_ext_00006,dlk_ext_00167,dlk_ext_00160,ppn_ext_00094,proc_ext_00241
gob_proceso_0095;4;gob_tbl_00013,dlk_tbl_00939,proc_tbl_00902,dlk_tbl_01277;8;dlk_tbl_00343,dlk_tbl_00259,gob_tbl_02125,proc_tbl_01129,std_tbl_00309,gob_ext_00205,dlk_ext_00225,dlk_ext_00173
gob_proceso_0096;5;gob_tbl_00237,dlk_tbl_00826,dlk_tbl_00786,proc_tbl_01266,std_tbl_01420;10;gob_tbl_01279,std_tbl_00848,dash_tbl_01716,dlk_tbl_01388,dlk_tbl_02249,gob_tbl_01515,gob_ext_00251,proc_ext_00239,gob_ext_00114,dlk_ext_00139
dlk_proceso_0097;4;proc_tbl_02114,m4vw_tbl_01276,proc_tbl_01815,dlk_tbl_01794;8;proc_tbl_00539,proc_tbl_00548,dlk_tbl_01773,proc_tbl_01580,dlk_tbl_00101,dlk_ext_00172,dash_ext_00220,dlk_ext_00262
dlk_proceso_0098;6;m4vw_tbl_00472,dlk_tbl_01252,gob_tbl_01099,std_tbl_01713,proc_tbl_01656,std_tbl_01451;9;m4vw_tbl_00218,gob_tbl_01460,gob_tbl_01141,proc_tbl_01171,proc_tbl_01898,gob_ext_00086,dlk_ext_00064,gob_ext_00138,dlk_ext_00135
gob_proceso_0099;9;dlk_tbl_01934,gob_tbl_00085,gob_tbl_00200,gob_tbl_01098,dlk_tbl_01638,dash_tbl_01963,proc_tbl_00284,std_tbl_00309,gob_tbl_02030;14;gob_tbl_00018,proc_tbl_00797,gob_tbl_01921,dlk_tbl_02121,dlk_tbl_01087,gob_tbl_01063,dash_tbl_02022,proc_tbl_00505,dlk_ext_00246,dlk_ext_00014,proc_ext_00015,gob_ext_00066,dlk_ext_00123,ppn_ext_00103
proc_proceso_0100;2;proc_tbl_01967,proc_tbl_01290;15;gob_tbl_01873,proc_tbl_01562,proc_tbl_00360,dlk_tbl_00606,dlk_tbl_00908,gob_tbl_01113,proc_tbl_01894,dlk_tbl_01504,dlk_tbl_00695,proc_ext_00061,gob_ext_00164,proc_ext_00241,gob_ext_00248,gob_ext_00043,proc_ext_00223
dlk_proceso_0101;3;gob_tbl_00370,proc_tbl_01330,std_tbl_00718;8;dlk_tbl_00811,dlk_tbl_00871,proc_tbl_00787,gob_tbl_00231,gob_tbl_02174,gob_ext_00005,m4vw_ext_00019,std_ext_00250
proc_proceso_0102;5;gob_tbl_00574,dlk_tbl_02168,gob_tbl_00881,gob_tbl_00499,proc_tbl_01703;14;gob_tbl_00720,proc_tbl_01059,proc_tbl_01114,proc_tbl_01581,std_tbl_00012,gob_tbl_01993,dlk_tbl_01268,proc_tbl_00610,dlk_ext_00018,gob_ext_00066,dlk_ext_00070,proc_ext_00152,gob_ext_00197,gob_ext_00036
proc_proceso_0103;2;dlk_tbl_00950,dlk_tbl_02115;9;dlk_tbl_00858,gob_tbl_01352,gob_tbl_01315,dlk_tbl_02086,gob_tbl_01684,dlk_ext_00253,gob_ext_00043,gob_ext_00035,dlk_ext_00257
dlk_proceso_0104;7;gob_tbl_00862,gob_tbl_01007,gob_tbl_00542,gob_tbl_00050,gob_tbl_00872,dash_tbl_01627,dlk_tbl_00970;1;gob_tbl_01563
gob_proceso_0105;4;proc_tbl_00069,proc_tbl_00478,dash_tbl_00589,gob_tbl_01661;12;std_tbl_01340,dash_tbl_00740,gob_tbl_02104,std_tbl_01009,gob_tbl_01026,dash_tbl_01239,dlk_tbl_00138,dlk_ext_00162,gob_ext_00209,dlk_ext_00256,std_ext_00215,dlk_ext_00139
dash_proceso_0106;3;proc_tbl_00968,gob_tbl_00433,m4vw_tbl_01750;4;proc_tbl_00069,dlk_tbl_02186,gob_ext_00136,gob_ext_00187
dlk_proceso_0107;3;std_tbl_01009,dlk_tbl_00101,proc_tbl_00768;9;proc_tbl_00044,gob_tbl_02074,gob_tbl_01223,gob_tbl_01525,dlk_tbl_01455,gob_ext_00001,proc_ext_00195,dlk_ext_00135,gob_ext_00194
dlk_proceso_0108;5;dlk_tbl_00083,dash_tbl_00100,dlk_tbl_01285,std_tbl_00483,dlk_tbl_00930;14;gob_tbl_02146,dlk_tbl_01487,gob_tbl_00085,proc_tbl_01585,dlk_tbl_01964,gob_tbl_00166,dlk_tbl_01803,dash_tbl_01072,dlk_ext_00032,dlk_ext_00002,proc_ext_00195,gob_ext_00136,m4vw_ext_00019,dash_ext_00156
dash_proceso_0109;3;dash_tbl_00346,dlk_tbl_01100,gob_tbl_01555;4;dlk_tbl_01617,proc_tbl_02221,dlk_ext_00161,gob_ext_00150
dlk_proceso_0110;4;dlk_tbl_00286,proc_tbl_01119,std_tbl_02165,dlk_tbl_01785;14;dlk_tbl_01264,proc_tbl_01498,gob_tbl_01256,dlk_tbl_01930,dlk_tbl_02055,gob_tbl_00158,dlk_tbl_00535,dash_tbl_01334,std_ext_00046,gob_ext_00238,gob_ext_00179,proc_ext_00154,dlk_ext_00020,gob_ext_00066
dlk_proceso_0111;3;gob_tbl_00572,gob_tbl_00216,gob_tbl_01865;5;gob_tbl_01668,gob_tbl_01002,dlk_tbl_00966,gob_ext_00194,gob_ext_00205
gob_proceso_0112;6;dlk_tbl_02230,dlk_tbl_00606,gob_tbl_01722,dlk_tbl_01933,gob_tbl_01395,gob_tbl_01866;9;gob_tbl_00187,proc_tbl_00505,gob_tbl_00135,gob_tbl_01827,gob_tbl_00831,dash_ext_00000,dlk_ext_00135,gob_ext_00227,gob_ext_00134
gob_proceso_0113;4;proc_tbl_01710,dlk_tbl_00684,gob_tbl_01055,proc_tbl_00118;6;dlk_tbl_00146,gob_tbl_01790,gob_tbl_02146,gob_ext_00028,dlk_ext_00002,gob_ext_00157
dlk_proceso_0114;3;gob_tbl_01396,gob_tbl_01116,gob_tbl_01138;12;gob_tbl_00493,dash_tbl_00702,gob_tbl_00983,gob_tbl_00756,gob_tbl_01431,m4vw_tbl_01419,gob_tbl_00633,dlk_ext_00139,dash_ext_00128,gob_ext_00042,gob_ext_00243,dlk_ext_00053
dlk_proceso_0115;5;gob_tbl_01991,std_tbl_00848,gob_tbl_02076,gob_tbl_01181,proc_tbl_01825;8;gob_tbl_00413,dlk_tbl_02207,gob_tbl_01256,std_tbl_01009,gob_tbl_00661,gob_ext_00035,gob_ext_00043,proc_ext_00016
dlk_proceso_0116;3;gob_tbl_02116,proc_tbl_01926,dlk_tbl_00407;13;dlk_tbl_00480,gob_tbl_01000,gob_tbl_00488,dlk_tbl_01772,gob_tbl_00487,proc_tbl_01265,dlk_tbl_01727,gob_ext_00227,dlk_ext_00172,dlk_ext_00173,dash_ext_00104,dlk_ext_00032,dlk_ext_00020
gob_proceso_0117;7;gob_tbl_02021,proc_tbl_01979,proc_tbl_01278,dlk_tbl_01517,proc_tbl_00320,std_tbl_01814,gob_tbl_00350;20;proc_tbl_00120,ppn_tbl_02109,proc_tbl_01756,gob_tbl_00225,std_tbl_01919,dlk_tbl_01041,proc_tbl_02278,gob_tbl_01723,gob_tbl_01711,gob_tbl_01946,dlk_tbl_00357,gob_tbl_00359,m4vw_ext_00019,gob_ext_00071,gob_ext_00112,dlk_ext_00054,gob_ext_00197,std_ext_00215,dlk_ext_00064,gob_ext_00102
dlk_proceso_0118;4;dlk_tbl_00957,gob_tbl_02044,gob_tbl_02146,dlk_tbl_02047;4;gob_tbl_01247,proc_tbl_00473,dlk_ext_00199,gob_ext_00076
proc_proceso_0119;4;gob_tbl_01766,proc_tbl_01118,dlk_tbl_01955,dash_tbl_00552;4;dlk_tbl_00268,m4vw_tbl_00293,dash_ext_00182,dlk_ext_00180
dlk_proceso_0120;3;gob_tbl_01541,dash_tbl_01056,dash_tbl_01674;12;dlk_tbl_00318,dash_tbl_01887,gob_tbl_02116,dlk_tbl_00375,gob_tbl_00264,gob_tbl_01491,proc_tbl_00710,gob_ext_00030,dlk_ext_00014,proc_ext_00195,dlk_ext_00064,gob_ext_00150
dlk_proceso_0121;8;dlk_tbl_00482,gob_tbl_01442,dash_tbl_02087,dlk_tbl_01672,dlk_tbl_00054,proc_tbl_01806,dlk_tbl_00188,dlk_tbl_00109;6;dlk_tbl_01043,proc_tbl_00652,gob_tbl_01486,dlk_ext_00095,proc_ext_00239,dlk_ext_00008
dlk_proceso_0122;4;std_tbl_02120,gob_tbl_01742,gob_tbl_00462,std_tbl_02034;3;gob_tbl_00538,gob_tbl_00315,gob_ext_00036
gob_proceso_0123;6;gob_tbl_00604,proc_tbl_00120,dash_tbl_00446,dlk_tbl_00658,gob_tbl_01582,std_tbl_00302;9;ppn_tbl_00907,gob_tbl_01991,gob_tbl_00087,dash_tbl_00668,dlk_tbl_00247,gob_ext_00189,dlk_ext_00124,dash_ext_00000,gob_ext_00028
dlk_proceso_0124;2;dlk_tbl_02172,std_tbl_00517;8;dlk_tbl_00474,ppn_tbl_01609,dlk_tbl_02136,ppn_tbl_02109,dlk_tbl_01930,gob_ext_00144,dash_ext_00045,dlk_ext_00075
gob_proceso_0125;6;dlk_tbl_01853,dlk_tbl_00554,dlk_tbl_00071,dlk_tbl_00317,proc_tbl_00985,gob_tbl_00923;5;dlk_tbl_00083,gob_tbl_01026,m4vw_tbl_02091,proc_ext_00239,dlk_ext_00032
dlk_proceso_0126;4;dlk_tbl_00747,gob_tbl_00047,dash_tbl_00582,gob_tbl_00413;4;gob_tbl_02030,dlk_tbl_02101,gob_ext_00076,gob_ext_00011
dlk_proceso_0127;5;m4vw_tbl_01523,proc_tbl_00496,proc_tbl_00728,ppn_tbl_01609,dlk_tbl_01519;4;gob_tbl_01995,gob_tbl_00013,dlk_ext_00237,proc_ext_00092
dlk_proceso_0128;2;gob_tbl_00618,dlk_tbl_00738;7;dash_tbl_00750,dash_tbl_02046,gob_tbl_01592,dlk_tbl_02202,gob_ext_00112,proc_ext_00245,gob_ext_00022
dlk_proceso_0129;8;gob_tbl_01767,dlk_tbl_00016,proc_tbl_00180,dlk_tbl_00402,proc_tbl_00808,dash_tbl_00740,dlk_tbl_02222,gob_tbl_01818;24;gob_tbl_01036,proc_tbl_00522,proc_tbl_00965,std_tbl_02196,gob_tbl_00915,dlk_tbl_00357,gob_tbl_00508,gob_tbl_01873,gob_tbl_00385,dlk_tbl_01772,dlk_tbl_01450,dlk_tbl_00365,dash_tbl_01067,dlk_tbl_00317,proc_ext_00115,proc_ext_00137,dlk_ext_00193,dash_ext_00220,dlk_ext_00032,gob_ext_00036,dlk_ext_00048,gob_ext_00034,gob_ext_00153,gob_ext_00148
dlk_proceso_0130;5;dlk_tbl_00348,proc_tbl_00473,gob_tbl_01836,dlk_tbl_00469,dlk_tbl_01811;14;dlk_tbl_01135,gob_tbl_00754,gob_tbl_00350,gob_tbl_01421,gob_tbl_02140,proc_tbl_02175,proc_tbl_01957,gob_tbl_01144,proc_ext_00184,gob_ext_00179,dlk_ext_00125,m4vw_ext_00190,dlk_ext_00246,proc_ext_00239
gob_proceso_0131;5;dash_tbl_00046,dlk_tbl_01680,gob_tbl_01408,proc_tbl_00846,gob_tbl_01718;8;dlk_tbl_02251,gob_tbl_01999,dash_tbl_00552,dlk_tbl_00650,dlk_tbl_01775,gob_ext_00150,proc_ext_00245,gob_ext_00251
gob_proceso_0132;6;m4vw_tbl_00686,gob_tbl_01653,gob_tbl_00460,gob_tbl_00160,proc_tbl_00219,gob_tbl_00507;9;std_tbl_01738,gob_tbl_00960,gob_tbl_01824,gob_tbl_02268,dlk_tbl_01925,proc_ext_00115,gob_ext_00112,gob_ext_00177,dlk_ext_00018
dlk_proceso_0133;8;dlk_tbl_01560,gob_tbl_00601,proc_tbl_01195,std_tbl_01871,gob_tbl_00193,gob_tbl_01233,m4sco_tbl_01939,gob_tbl_00931;7;gob_tbl_00233,std_tbl_01919,dlk_tbl_00966,gob_tbl_00147,proc_ext_00241,dlk_ext_00155,gob_ext_00011
dash_proceso_0134;3;gob_tbl_01092,gob_tbl_00201,dlk_tbl_00937;14;gob_tbl_00221,gob_tbl_01010,gob_tbl_01928,dlk_tbl_02253,gob_tbl_01446,dlk_tbl_00480,proc_tbl_00044,gob_tbl_02000,gob_ext_00066,gob_ext_00242,dlk_ext_00031,std_ext_00021,gob_ext_00187,proc_ext_00016
dlk_proceso_0135;9;dlk_tbl_01349,std_tbl_01493,dlk_tbl_00653,gob_tbl_01288,dlk_tbl_01243,dlk_tbl_00943,gob_tbl_01735,dlk_tbl_02131,gob_tbl_01385;14;proc_tbl_00797,gob_tbl_01722,std_tbl_01751,dlk_tbl_01307,dlk_tbl_01912,gob_tbl_00528,proc_tbl_00120,std_tbl_01738,gob_ext_00081,dlk_ext_00070,dlk_ext_00020,dlk_ext_00089,gob_ext_00179,gob_ext_00022
dlk_proceso_0136;3;dlk_tbl_02029,dlk_tbl_00114,proc_tbl_01158;11;dlk_tbl_00823,proc_tbl_00685,gob_tbl_01528,proc_tbl_00803,proc_tbl_00082,proc_tbl_00595,dlk_ext_00024,proc_ext_00126,dlk_ext_00124,gob_ext_00206,dlk_ext_00261
dlk_proceso_0137;2;std_tbl_01629,dlk_tbl_01154;6;proc_tbl_00558,gob_tbl_01744,gob_tbl_00785,gob_ext_00258,gob_ext_00248,dash_ext_00078
proc_proceso_0138;2;proc_tbl_00383,dlk_tbl_01616;20;dlk_tbl_00401,dlk_tbl_00405,gob_tbl_00919,gob_tbl_00720,dash_tbl_02151,gob_tbl_00304,gob_tbl_00515,dlk_tbl_00095,gob_tbl_01633,gob_tbl_01378,dlk_tbl_01398,dlk_tbl_01604,dlk_ext_00095,ppn_ext_00211,dash_ext_00107,gob_ext_00187,gob_ext_00194,gob_ext_00197,dash_ext_00182,dash_ext_00078
dash_proceso_0139;3;std_tbl_00940,dlk_tbl_01982,dlk_tbl_01509;5;dlk_tbl_01578,gob_tbl_01406,gob_tbl_01698,dlk_ext_00159,dlk_ext_00032
proc_proceso_0140;2;proc_tbl_00576,gob_tbl_01827;13;gob_tbl_01002,gob_tbl_01511,dlk_tbl_00040,proc_tbl_01164,std_tbl_00615,dlk_tbl_01175,gob_tbl_00356,dlk_ext_00146,std_ext_00127,dash_ext_00000,dash_ext_00067,dash_ext_00104,dlk_ext_00269
dlk_proceso_0141;3;gob_tbl_01932,dlk_tbl_00207,dlk_tbl_00381;6;gob_tbl_02174,gob_tbl_01786,gob_tbl_01144,dlk_ext_00262,gob_ext_00005,proc_ext_00152
dlk_proceso_0142;4;std_tbl_00128,dlk_tbl_00406,gob_tbl_00944,dlk_tbl_01203;4;gob_tbl_01603,gob_tbl_00764,proc_ext_00137,gob_ext_00043
dlk_proceso_0143;6;gob_tbl_02066,proc_tbl_01470,gob_tbl_02208,dlk_tbl_01186,std_tbl_00049,proc_tbl_02058;10;gob_tbl_00497,gob_tbl_00362,dash_tbl_00792,gob_tbl_00841,gob_tbl_00277,proc_tbl_00335,dash_ext_00033,gob_ext_00194,dlk_ext_00172,gob_ext_00183
dlk_proceso_0144;8;gob_tbl_00526,gob_tbl_00119,proc_tbl_01589,dlk_tbl_01830,dlk_tbl_00485,gob_tbl_00441,dlk_tbl_01074,proc_tbl_00700;6;dlk_tbl_01312,gob_tbl_00578,gob_tbl_00158,gob_ext_00007,dlk_ext_00267,dlk_ext_00002
dlk_proceso_0145;4;gob_tbl_00003,gob_tbl_01808,gob_tbl_00316,dlk_tbl_01577;9;gob_tbl_02042,proc_tbl_00697,dlk_tbl_00914,dlk_tbl_01844,proc_tbl_00617,dlk_ext_00253,dash_ext_00220,proc_ext_00126,gob_ext_00148
proc_proceso_0146;5;std_tbl_02085,dash_tbl_01835,gob_tbl_01734,dlk_tbl_02107,dlk_tbl_01746;16;proc_tbl_00990,std_tbl_00012,dlk_tbl_00214,std_tbl_01501,gob_tbl_02156,m4sco_tbl_00904,gob_tbl_01063,dash_tbl_01436,dlk_tbl_02212,dlk_ext_00070,dlk_ext_00002,proc_ext_00184,dlk_ext_00172,gob_ext_00179,proc_ext_00115,gob_ext_00071
gob_proceso_0147;3;dlk_tbl_02129,gob_tbl_00621,dlk_tbl_00620;17;gob_tbl_01183,dlk_tbl_01658,dlk_tbl_00780,dlk_tbl_01637,gob_tbl_00897,dlk_tbl_01972,gob_tbl_01584,dlk_tbl_00908,proc_tbl_00120,dlk_tbl_01988,dlk_ext_00203,dlk_ext_00221,dlk_ext_00014,dlk_ext_00133,proc_ext_00082,ppn_ext_00103,dash_ext_00067
gob_proceso_0148;7;dlk_tbl_00234,dash_tbl_00457,dlk_tbl_00607,dlk_tbl_00339,gob_tbl_01002,dlk_tbl_02176,dlk_tbl_00591;4;dlk_tbl_02249,proc_tbl_00088,proc_ext_00099,ppn_ext_00056
dlk_proceso_0149;3;std_tbl_01990,dlk_tbl_01983,dlk_tbl_00563;8;gob_tbl_01144,dlk_tbl_01134,gob_tbl_02067,dlk_tbl_00363,proc_tbl_01265,gob_ext_00194,dlk_ext_00109,dlk_ext_00230
gob_proceso_0150;6;gob_tbl_00899,proc_tbl_00157,dash_tbl_02261,gob_tbl_00836,gob_tbl_00578,gob_tbl_00994;9;gob_tbl_00436,dlk_tbl_01774,gob_tbl_01460,gob_tbl_01130,proc_tbl_01171,dlk_ext_00109,dlk_ext_00041,gob_ext_00101,ppn_ext_00211
proc_proceso_0151;3;proc_tbl_00652,dlk_tbl_00132,gob_tbl_00764;9;proc_tbl_00104,dlk_tbl_01433,dash_tbl_00703,std_tbl_01033,gob_tbl_00394,dlk_ext_00044,gob_ext_00153,dlk_ext_00122,gob_ext_00036
gob_proceso_0152;2;dlk_tbl_00665,gob_tbl_01113;6;dlk_tbl_00122,dash_tbl_02135,proc_tbl_01953,dlk_ext_00004,proc_ext_00137,dlk_ext_00200
dash_proceso_0153;9;dash_tbl_00068,proc_tbl_00061,proc_tbl_01108,dash_tbl_01085,dlk_tbl_00321,dlk_tbl_00311,gob_tbl_00812,dash_tbl_00294,gob_tbl_00625;14;dlk_tbl_01930,gob_tbl_01985,dash_tbl_00589,dash_tbl_01044,dlk_tbl_01190,proc_tbl_01561,gob_tbl_01699,dash_tbl_00446,gob_ext_00205,gob_ext_00270,dlk_ext_00068,dash_ext_00142,proc_ext_00060,std_ext_00272
dlk_proceso_0154;4;gob_tbl_01431,dlk_tbl_02097,dlk_tbl_00810,dlk_tbl_01721;3;m4sco_tbl_01719,gob_tbl_01884,dlk_ext_00088
dlk_proceso_0155;8;dlk_tbl_02270,dlk_tbl_01912,proc_tbl_00476,gob_tbl_00731,gob_tbl_00338,std_tbl_01530,gob_tbl_00324,dlk_tbl_01617;23;dlk_tbl_01048,gob_tbl_00385,m4vw_tbl_00218,std_tbl_02165,proc_tbl_01806,m4vw_tbl_01231,proc_tbl_01823,gob_tbl_01010,gob_tbl_00397,gob_tbl_00769,proc_tbl_01906,std_tbl_01110,gob_tbl_01702,gob_ext_00051,dlk_ext_00267,dash_ext_00104,proc_ext_00236,gob_ext_00164,gob_ext_00243,dlk_ext_00160,gob_ext_00260,gob_ext_00043,dlk_ext_00253
proc_proceso_0156;4;m4sco_tbl_01160,dlk_tbl_01947,gob_tbl_00879,gob_tbl_00762;9;gob_tbl_00770,dlk_tbl_00999,dlk_tbl_02078,dlk_tbl_01297,gob_tbl_01113,dlk_ext_00221,gob_ext_00066,dlk_ext_00141,gob_ext_00227
gob_proceso_0157;7;dlk_tbl_00509,gob_tbl_02142,dlk_tbl_01025,dlk_tbl_02013,dash_tbl_01350,gob_tbl_00776,gob_tbl_01880;9;dash_tbl_01005,m4vw_tbl_00649,proc_tbl_02278,gob_tbl_00580,dlk_tbl_00966,dlk_ext_00246,dlk_ext_00237,gob_ext_00038,dlk_ext_00178
dash_proceso_0158;4;dlk_tbl_01289,gob_tbl_01183,dash_tbl_00265,gob_tbl_02209;10;dlk_tbl_00041,gob_tbl_01711,dlk_tbl_00468,gob_tbl_01286,m4sco_tbl_01170,dlk_tbl_01386,dlk_ext_00166,proc_ext_00137,gob_ext_00023,gob_ext_00043
dash_proceso_0159;4;gob_tbl_02017,gob_tbl_01321,gob_tbl_01724,gob_tbl_00190;17;proc_tbl_01905,gob_tbl_01865,gob_tbl_00560,m4vw_tbl_00784,gob_tbl_01468,dlk_tbl_01103,std_tbl_01501,gob_tbl_01928,dlk_tbl_01353,dlk_tbl_00982,dlk_ext_00160,dlk_ext_00122,dlk_ext_00014,dlk_ext_00041,gob_ext_00227,dlk_ext_00124,dlk_ext_00237
dlk_proceso_0160;4;dlk_tbl_01792,dash_tbl_01716,dash_tbl_01610,dash_tbl_00349;6;proc_tbl_02127,dlk_tbl_00883,m4sco_tbl_01448,dlk_ext_00032,std_ext_00021,std_ext_00006
dash_proceso_0161;7;dlk_tbl_01388,dash_tbl_01984,dlk_tbl_02143,proc_tbl_00996,std_tbl_01751,proc_tbl_00713,gob_tbl_01491;10;dlk_tbl_00453,dlk_tbl_00307,proc_tbl_01557,dlk_tbl_00083,proc_tbl_02229,gob_tbl_02015,dlk_ext_00266,dlk_ext_00180,dlk_ext_00064,gob_ext_00232
gob_proceso_0162;8;gob_tbl_00959,gob_tbl_00209,gob_tbl_00802,std_tbl_02149,gob_tbl_00356,proc_tbl_01325,gob_tbl_01639,gob_tbl_01911;19;dlk_tbl_01146,gob_tbl_01139,dlk_tbl_00998,gob_tbl_01034,gob_tbl_01795,dlk_tbl_01544,proc_tbl_02221,dlk_tbl_01851,proc_tbl_01366,gob_tbl_01356,proc_tbl_00663,gob_ext_00063,gob_ext_00114,gob_ext_00183,dlk_ext_00267,gob_ext_00036,dlk_ext_00130,gob_ext_00030,gob_ext_00043
dlk_proceso_0163;5;proc_tbl_01863,gob_tbl_01758,gob_tbl_01516,dash_tbl_01909,gob_tbl_01187;7;proc_tbl_01015,m4vw_tbl_01231,dlk_tbl_00745,dlk_tbl_00851,proc_ext_00233,gob_ext_00076,dlk_ext_00117
dash_proceso_0164;2;m4sco_tbl_01612,dlk_tbl_01502;7;gob_tbl_00134,gob_tbl_00580,proc_tbl_00284,std_tbl_01919,gob_ext_00251,dlk_ext_00054,gob_ext_00243
dlk_proceso_0165;4;std_tbl_01749,m4sco_tbl_00103,gob_tbl_01333,dlk_tbl_00375;11;dlk_tbl_01600,dlk_tbl_00495,dash_tbl_00294,dash_tbl_00170,proc_tbl_00643,proc_tbl_01557,dlk_ext_00225,dlk_ext_00109,dlk_ext_00160,gob_ext_00043,dlk_ext_00257
dash_proceso_0166;4;gob_tbl_01351,gob_tbl_01603,dash_tbl_00153,gob_tbl_01985;7;dlk_tbl_00917,proc_tbl_00481,dlk_tbl_00072,dlk_tbl_02214,gob_ext_00235,dlk_ext_00249,dlk_ext_00145
dlk_proceso_0167;6;proc_tbl_01580,gob_tbl_00011,gob_tbl_01352,gob_tbl_01588,proc_tbl_01697,dlk_tbl_01045;10;gob_tbl_01695,dlk_tbl_00724,gob_tbl_01592,gob_tbl_02102,ppn_tbl_00533,proc_tbl_00306,gob_ext_00065,gob_ext_00149,gob_ext_00179,dlk_ext_00146
gob_proceso_0168;5;m4vw_tbl_01318,gob_tbl_01460,dlk_tbl_01679,dash_tbl_02198,dlk_tbl_02014;13;gob_tbl_01718,proc_tbl_01164,dash_tbl_00115,gob_tbl_02021,dlk_tbl_00839,proc_tbl_01003,dash_tbl_00566,dlk_ext_00244,dlk_ext_00269,dlk_ext_00178,gob_ext_00258,dlk_ext_00261,m4vw_ext_00019
dlk_proceso_0169;5;gob_tbl_01668,gob_tbl_00977,proc_tbl_01820,gob_tbl_01945,dlk_tbl_02253;13;gob_tbl_00201,dlk_tbl_02194,proc_tbl_01136,proc_tbl_01533,dash_tbl_01180,dlk_tbl_01964,proc_tbl_00335,m4vw_ext_00121,gob_ext_00028,gob_ext_00134,gob_ext_00238,dash_ext_00090,dlk_ext_00124
dash_proceso_0170;2;dash_tbl_01854,proc_tbl_01366;6;gob_tbl_00182,dlk_tbl_00474,dlk_tbl_01253,gob_ext_00238,gob_ext_00101,gob_ext_00232
dash_proceso_0171;5;dlk_tbl_02043,dlk_tbl_00532,dash_tbl_00704,proc_tbl_01856,dash_tbl_01887;10;gob_tbl_01396,gob_tbl_01945,gob_tbl_00085,dlk_tbl_01476,dlk_tbl_01897,dlk_tbl_00254,gob_ext_00077,gob_ext_00204,dash_ext_00050,gob_ext_00194
proc_proceso_0172;6;dlk_tbl_01225,gob_tbl_00978,gob_tbl_01207,proc_tbl_01819,dlk_tbl_02155,gob_tbl_00396;11;dlk_tbl_00122,gob_tbl_00841,proc_tbl_01119,proc_tbl_00029,proc_tbl_00120,proc_tbl_00383,dlk_ext_00048,dlk_ext_00053,dlk_ext_00163,dlk_ext_00225,gob_ext_00036
gob_proceso_0173;4;gob_tbl_00017,gob_tbl_01039,dlk_tbl_01599,dlk_tbl_00139;11;gob_tbl_00872,dlk_tbl_01035,dlk_tbl_00240,dlk_tbl_01093,dash_tbl_00541,dlk_tbl_01626,dlk_ext_00253,proc_ext_00212,dlk_ext_00135,dash_ext_00132,dlk_ext_00140
gob_proceso_0174;6;dlk_tbl_01251,proc_tbl_01957,proc_tbl_01129,dlk_tbl_02206,dlk_tbl_01365,gob_tbl_01966;5;m4vw_tbl_01409,gob_tbl_01786,m4sco_tbl_00374,gob_ext_00227,dlk_ext_00244
gob_proceso_0175;3;gob_tbl_01642,gob_tbl_00967,gob_tbl_00980;13;proc_tbl_00562,proc_tbl_02181,dlk_tbl_00197,gob_tbl_01744,gob_tbl_01540,dlk_tbl_00122,gob_tbl_01807,gob_ext_00028,dlk_ext_00054,dash_ext_00080,gob_ext_00077,gob_ext_00076,gob_ext_00150
dlk_proceso_0176;3;dash_tbl_00901,dlk_tbl_00590,proc_tbl_00631;4;gob_tbl_00785,dash_tbl_01887,gob_ext_00011,dlk_ext_00172
dlk_proceso_0177;3;dlk_tbl_00999,dlk_tbl_00737,gob_tbl_01152;9;gob_tbl_00503,m4sco_tbl_01391,proc_tbl_02175,dash_tbl_00202,gob_tbl_01275,dlk_ext_00191,dlk_ext_00269,gob_ext_00023,gob_ext_00194
dlk_proceso_0178;5;proc_tbl_02130,m4vw_tbl_01508,gob_tbl_01020,gob_tbl_00514,dlk_tbl_00454;14;gob_tbl_01648,gob_tbl_00162,dlk_tbl_01837,proc_tbl_00952,proc_tbl_00496,ppn_tbl_02109,gob_tbl_00352,dlk_tbl_00288,gob_ext_00042,proc_ext_00015,std_ext_00021,dlk_ext_00228,gob_ext_00205,gob_ext_00112
gob_proceso_0179;2;gob_tbl_01511,dash_tbl_00691;10;dlk_tbl_02245,gob_tbl_00938,dlk_tbl_01100,dlk_tbl_01394,dlk_tbl_01618,gob_tbl_01747,gob_ext_00101,dlk_ext_00221,gob_ext_00258,proc_ext_00010
dlk_proceso_0180;7;gob_tbl_00837,dash_tbl_00694,gob_tbl_00212,gob_tbl_01443,gob_tbl_01974,proc_tbl_02227,gob_tbl_02041;15;std_tbl_01355,gob_tbl_02164,dlk_tbl_01841,gob_tbl_01834,gob_tbl_00951,dash_tbl_01659,dlk_tbl_00019,gob_tbl_00021,proc_tbl_00082,dlk_ext_00139,dlk_ext_00075,dlk_ext_00172,ppn_ext_00103,dlk_ext_00221,proc_ext_00082
dlk_proceso_0181;4;gob_tbl_00971,gob_tbl_02035,dlk_tbl_02207,dlk_tbl_01496;6;dlk_tbl_00247,dlk_tbl_01235,dlk_tbl_00745,dlk_ext_00199,gob_ext_00131,gob_ext_00183
dash_proceso_0182;5;m4sco_tbl_00979,dash_tbl_00386,std_tbl_01505,gob_tbl_00752,dlk_tbl_01667;8;dlk_tbl_01621,ppn_tbl_01940,dlk_tbl_01097,proc_tbl_01521,dlk_tbl_00673,dlk_ext_00133,proc_ext_00137,dlk_ext_00257
dash_proceso_0183;5;gob_tbl_01008,gob_tbl_01287,dlk_tbl_00076,gob_tbl_00249,gob_tbl_02033;8;dlk_tbl_00536,std_tbl_01713,gob_tbl_00529,gob_tbl_02169,gob_tbl_01996,dlk_ext_00262,dlk_ext_00225,gob_ext_00243
dlk_proceso_0184;7;dash_tbl_00800,dlk_tbl_01660,gob_tbl_00555,proc_tbl_02175,dlk_tbl_00094,dlk_tbl_02162,gob_tbl_00162;1;dlk_tbl_00455
gob_proceso_0185;8;gob_tbl_01382,gob_tbl_01821,dlk_tbl_00780,gob_tbl_02015,dlk_tbl_00525,gob_tbl_01563,proc_tbl_01042,dlk_tbl_01296;19;std_tbl_01340,gob_tbl_01924,gob_tbl_00182,dlk_tbl_01479,proc_tbl_01756,std_tbl_01990,dlk_tbl_00093,dlk_tbl_01784,dlk_tbl_00857,proc_tbl_02049,proc_tbl_01898,gob_ext_00114,dash_ext_00080,dlk_ext_00262,gob_ext_00062,dlk_ext_00191,dlk_ext_00109,proc_ext_00241,gob_ext_00205
dlk_proceso_0186;4;gob_tbl_00394,dlk_tbl_01111,gob_tbl_00276,dash_tbl_01201;6;dash_tbl_00150,dlk_tbl_00871,gob_tbl_01567,proc_ext_00137,dlk_ext_00203,dash_ext_00033
gob_proceso_0187;5;gob_tbl_01327,gob_tbl_01051,dlk_tbl_01598,m4sco_tbl_00130,gob_tbl_01462;11;gob_tbl_02005,dlk_tbl_00341,dlk_tbl_00384,gob_tbl_01690,gob_tbl_00736,gob_tbl_00528,gob_ext_00265,proc_ext_00010,dlk_ext_00237,gob_ext_00097,dlk_ext_00032
gob_proceso_0188;3;gob_tbl_00250,proc_tbl_00874,proc_tbl_00029;6;dlk_tbl_02249,dlk_tbl_00204,gob_tbl_02146,dlk_ext_00172,gob_ext_00134,dlk_ext_00178
gob_proceso_0189;3;dash_tbl_00443,dlk_tbl_02060,proc_tbl_00073;5;proc_tbl_01820,proc_tbl_01136,dlk_tbl_00681,gob_ext_00251,gob_ext_00101
gob_proceso_0190;3;proc_tbl_00044,dlk_tbl_01469,proc_tbl_00637;4;std_tbl_01635,dlk_tbl_01394,gob_ext_00101,dlk_ext_00249
proc_proceso_0191;3;gob_tbl_02154,gob_tbl_01488,gob_tbl_01405;13;gob_tbl_00561,dlk_tbl_01964,proc_tbl_00902,ppn_tbl_01609,gob_tbl_01527,gob_tbl_00142,proc_tbl_00797,gob_ext_00077,dlk_ext_00096,dlk_ext_00172,dlk_ext_00133,dlk_ext_00163,gob_ext_00168
dlk_proceso_0192;4;proc_tbl_00004,std_tbl_01228,gob_tbl_00677,gob_tbl_01834;14;gob_tbl_01850,gob_tbl_00358,proc_tbl_00643,gob_tbl_01902,dlk_tbl_00204,dash_tbl_01334,dlk_tbl_02019,dlk_tbl_00791,gob_ext_00227,dlk_ext_00088,gob_ext_00030,proc_ext_00223,dlk_ext_00229,gob_ext_00251
dlk_proceso_0193;5;dlk_tbl_01073,gob_tbl_00000,gob_tbl_01254,gob_tbl_01737,dlk_tbl_01574;4;std_tbl_01501,proc_tbl_00562,proc_ext_00216,gob_ext_00028
proc_proceso_0194;6;dlk_tbl_01476,proc_tbl_02049,dash_tbl_02279,gob_tbl_00945,dlk_tbl_00730,gob_tbl_00058;13;dlk_tbl_02063,gob_tbl_00586,dlk_tbl_01353,dlk_tbl_01548,dash_tbl_01539,dash_tbl_00269,gob_tbl_01532,gob_ext_00076,gob_ext_00144,proc_ext_00195,gob_ext_00001,proc_ext_00010,dlk_ext_00135
dlk_proceso_0195;4;dlk_tbl_00475,gob_tbl_00358,dlk_tbl_00680,gob_tbl_00277;4;gob_tbl_02015,proc_tbl_00655,dash_ext_00182,proc_ext_00152
dlk_proceso_0196;4;proc_tbl_01255,dlk_tbl_01121,gob_tbl_00169,dlk_tbl_01925;6;dlk_tbl_01679,gob_tbl_00831,proc_tbl_00817,gob_ext_00251,dash_ext_00220,gob_ext_00011
proc_proceso_0197;5;gob_tbl_02177,dlk_tbl_01400,m4vw_tbl_00032,dash_tbl_02191,gob_tbl_00187;7;proc_tbl_02163,gob_tbl_02219,dlk_tbl_01504,m4vw_tbl_00218,proc_ext_00137,gob_ext_00205,std_ext_00006
gob_proceso_0198;5;gob_tbl_00092,gob_tbl_01304,proc_tbl_01278,gob_tbl_00371,proc_tbl_00809;8;dash_tbl_00205,dlk_tbl_00826,dlk_tbl_01964,gob_tbl_01351,dlk_tbl_00227,gob_ext_00028,dlk_ext_00191,gob_ext_00001
dlk_proceso_0199;5;gob_tbl_01229,dlk_tbl_01857,gob_tbl_01298,gob_tbl_01466,dlk_tbl_02103;5;gob_tbl_01096,std_tbl_01704,proc_tbl_00685,gob_ext_00114,gob_ext_00150
gob_proceso_0200;7;proc_tbl_01425,dlk_tbl_00670,dlk_tbl_00272,gob_tbl_00385,dlk_tbl_00851,gob_tbl_02133,dlk_tbl_00410;9;dlk_tbl_00684,gob_tbl_00977,gob_tbl_02004,dlk_tbl_02194,gob_tbl_00931,gob_ext_00151,dash_ext_00050,dlk_ext_00014,gob_ext_00097
dlk_proceso_0201;4;ppn_tbl_01793,gob_tbl_00733,m4vw_tbl_01373,gob_tbl_01527;4;dlk_tbl_01923,proc_tbl_00808,dlk_ext_00146,gob_ext_00231
gob_proceso_0202;8;gob_tbl_00560,dlk_tbl_02070,dash_tbl_02122,dlk_tbl_00741,gob_tbl_01620,proc_tbl_00224,dlk_tbl_00724,proc_tbl_02145;23;dlk_tbl_00345,m4vw_tbl_00784,proc_tbl_00874,dlk_tbl_00132,gob_tbl_01540,gob_tbl_00538,dash_tbl_00349,m4sco_tbl_01939,m4vw_tbl_01508,proc_tbl_01705,std_tbl_00534,ppn_tbl_01404,dash_tbl_00664,gob_ext_00036,dash_ext_00090,dlk_ext_00193,dlk_ext_00109,dlk_ext_00163,gob_ext_00157,gob_ext_00043,dlk_ext_00200,dash_ext_00078,dash_ext_00182
gob_proceso_0203;4;proc_tbl_00645,dlk_tbl_01120,dlk_tbl_01188,std_tbl_01738;10;dlk_tbl_00333,dash_tbl_02132,proc_tbl_01898,gob_tbl_00352,gob_tbl_02187,dash_tbl_01206,gob_ext_00063,gob_ext_00051,dlk_ext_00018,proc_ext_00010
dlk_proceso_0204;3;dash_tbl_01091,gob_tbl_01338,dlk_tbl_01615;8;gob_tbl_00285,dash_tbl_00261,dlk_tbl_00412,proc_tbl_00710,dlk_tbl_00658,gob_ext_00005,std_ext_00215,std_ext_00127
gob_proceso_0205;3;dlk_tbl_00255,gob_tbl_01101,gob_tbl_00497;11;dlk_tbl_02228,dlk_tbl_00076,gob_tbl_01034,dash_tbl_02122,dash_tbl_00110,gob_tbl_00776,gob_ext_00077,dlk_ext_00014,dash_ext_00107,ppn_ext_00103,dlk_ext_00172
dlk_proceso_0206;6;dlk_tbl_01763,dash_tbl_00172,gob_tbl_01302,proc_tbl_02256,proc_tbl_01970,dlk_tbl_01412;10;proc_tbl_00327,gob_tbl_01694,gob_tbl_00605,dlk_tbl_00259,proc_tbl_00481,dlk_tbl_01869,dlk_ext_00012,gob_ext_00035,dash_ext_00050,gob_ext_00202
dlk_proceso_0207;7;dlk_tbl_01504,proc_tbl_01415,dlk_tbl_01916,dash_tbl_02151,gob_tbl_01867,gob_tbl_00397,gob_tbl_00134;10;m4vw_tbl_01276,dash_tbl_01012,dlk_tbl_00653,gob_tbl_01090,gob_tbl_01019,gob_tbl_02174,gob_ext_00036,gob_ext_00247,dlk_ext_00246,gob_ext_00042
proc_proceso_0208;2;dlk_tbl_00156,std_tbl_00615;10;dlk_tbl_00957,dlk_tbl_00687,proc_tbl_00178,m4sco_tbl_00130,dlk_tbl_01289,dlk_tbl_00167,gob_ext_00179,dlk_ext_00140,gob_ext_00164,gob_ext_00114
proc_proceso_0209;5;dlk_tbl_01259,gob_tbl_00580,proc_tbl_00260,gob_tbl_00232,gob_tbl_01026;17;proc_tbl_01898,gob_tbl_01053,m4vw_tbl_01810,gob_tbl_01883,gob_tbl_00877,proc_tbl_01731,gob_tbl_01720,gob_tbl_00561,dlk_tbl_02019,gob_tbl_00919,gob_ext_00194,std_ext_00127,dlk_ext_00262,dlk_ext_00125,dlk_ext_00133,gob_ext_00270,ppn_ext_00211
dlk_proceso_0210;2;ppn_tbl_02094,dlk_tbl_00401;15;gob_tbl_00295,gob_tbl_02140,gob_tbl_01786,dash_tbl_00205,gob_tbl_01790,dlk_tbl_00351,dlk_tbl_00045,gob_tbl_01579,dlk_tbl_01050,proc_ext_00010,dash_ext_00033,gob_ext_00235,dlk_ext_00161,gob_ext_00238,m4vw_ext_00019
proc_proceso_0211;6;dlk_tbl_01770,dlk_tbl_01988,gob_tbl_02141,dash_tbl_02065,dash_tbl_00154,dash_tbl_01067;4;gob_tbl_01424,dlk_tbl_00247,dlk_ext_00253,gob_ext_00270
dlk_proceso_0212;5;dlk_tbl_01174,proc_tbl_00331,proc_tbl_02147,dlk_tbl_01142,dlk_tbl_01474;19;gob_tbl_00916,gob_tbl_01572,dlk_tbl_01441,gob_tbl_00508,ppn_tbl_01940,gob_tbl_00395,dlk_tbl_00844,gob_tbl_01101,dlk_tbl_00334,proc_tbl_00768,dlk_tbl_00456,dlk_ext_00064,gob_ext_00231,dlk_ext_00165,dlk_ext_00139,proc_ext_00010,gob_ext_00171,gob_ext_00188,gob_ext_00243
proc_proceso_0213;5;dlk_tbl_02281,gob_tbl_00035,m4vw_tbl_00523,proc_tbl_01402,gob_tbl_00859;15;dlk_tbl_01048,dlk_tbl_00448,dash_tbl_02022,dlk_tbl_01727,gob_tbl_01144,dlk_tbl_01197,proc_tbl_00082,dash_tbl_02132,dlk_tbl_01147,gob_ext_00106,gob_ext_00005,gob_ext_00201,dlk_ext_00253,dlk_ext_00135,proc_ext_00115
dash_proceso_0214;4;m4vw_tbl_01231,dlk_tbl_00268,gob_tbl_00960,dash_tbl_01124;4;dlk_tbl_01912,gob_tbl_00031,gob_ext_00029,gob_ext_00101
gob_proceso_0215;7;dlk_tbl_00149,gob_tbl_01910,proc_tbl_00008,dlk_tbl_01176,dlk_tbl_00821,dlk_tbl_01216,dlk_tbl_01235;9;dlk_tbl_00138,gob_tbl_01279,proc_tbl_00451,dlk_tbl_00838,dlk_tbl_00016,dlk_ext_00166,gob_ext_00183,dlk_ext_00193,gob_ext_00042
proc_proceso_0216;5;gob_tbl_01771,dlk_tbl_01732,dlk_tbl_01343,gob_tbl_01570,dlk_tbl_01326;17;dlk_tbl_01587,dlk_tbl_02121,proc_tbl_01032,dlk_tbl_01618,proc_tbl_02221,gob_tbl_01975,gob_tbl_01884,proc_tbl_01129,dlk_tbl_00929,gob_tbl_00221,dlk_ext_00014,dlk_ext_00135,gob_ext_00066,gob_ext_00205,gob_ext_00101,gob_ext_00138,gob_ext_00076
proc_proceso_0217;6;gob_tbl_01594,dlk_tbl_00461,dlk_tbl_02063,gob_tbl_01717,gob_tbl_01891,gob_tbl_01306;13;gob_tbl_02068,dlk_tbl_02281,dlk_tbl_01413,dlk_tbl_00332,gob_tbl_01358,dlk_tbl_00297,dlk_tbl_00348,dlk_ext_00230,proc_ext_00216,gob_ext_00179,proc_ext_00137,gob_ext_00038,std_ext_00021
gob_proceso_0218;5;gob_tbl_00142,gob_tbl_00198,dlk_tbl_01621,gob_tbl_01341,std_tbl_02240;15;dash_tbl_00702,gob_tbl_01396,dlk_tbl_01428,dlk_tbl_00382,proc_tbl_00817,dlk_tbl_02003,ppn_tbl_01069,dlk_tbl_01792,dlk_tbl_00344,proc_ext_00239,gob_ext_00102,dlk_ext_00200,gob_ext_00183,dlk_ext_00172,dlk_ext_00123
gob_proceso_0219;3;dlk_tbl_00019,proc_tbl_00726,gob_tbl_00313;12;std_tbl_02149,gob_tbl_00131,gob_tbl_02232,dash_tbl_00489,dlk_tbl_01968,dash_tbl_00208,m4vw_tbl_01907,dlk_ext_00237,dlk_ext_00130,gob_ext_00153,gob_ext_00183,dlk_ext_00246
dlk_proceso_0220;8;gob_tbl_00087,gob_tbl_01424,dlk_tbl_00117,gob_tbl_01996,m4vw_tbl_01531,ppn_tbl_00308,dlk_tbl_01427,dash_tbl_01012;23;dash_tbl_01334,gob_tbl_00439,gob_tbl_00209,dlk_tbl_02026,proc_tbl_01194,ppn_tbl_01549,dlk_tbl_02178,dash_tbl_01666,gob_tbl_01605,gob_tbl_00426,gob_tbl_00977,dash_tbl_00202,gob_tbl_01141,dlk_ext_00135,gob_ext_00042,gob_ext_00144,dlk_ext_00193,gob_ext_00066,dlk_ext_00025,dlk_ext_00246,dlk_ext_00170,proc_ext_00027,proc_ext_00241
dash_proceso_0221;3;gob_tbl_01687,dash_tbl_01105,ppn_tbl_01444;4;proc_tbl_01697,gob_tbl_00158,proc_ext_00108,dlk_ext_00257
dlk_proceso_0222;5;gob_tbl_00855,dlk_tbl_01489,proc_tbl_00241,dlk_tbl_00889,dlk_tbl_01060;8;m4vw_tbl_01508,proc_tbl_00044,dash_tbl_01091,dlk_tbl_00684,proc_tbl_01557,dlk_ext_00224,gob_ext_00235,dash_ext_00050
dlk_proceso_0223;6;dlk_tbl_00650,gob_tbl_00831,proc_tbl_00973,dlk_tbl_00025,dlk_tbl_00723,gob_tbl_01696;11;gob_tbl_00396,gob_tbl_00951,dlk_tbl_01126,proc_tbl_00174,proc_tbl_00657,gob_tbl_02040,std_ext_00105,gob_ext_00150,proc_ext_00010,gob_ext_00183,dash_ext_00220
dash_proceso_0224;5;dlk_tbl_00955,gob_tbl_01071,dlk_tbl_02101,dlk_tbl_00098,dlk_tbl_00546;7;dlk_tbl_01077,gob_tbl_00013,dlk_tbl_00398,proc_tbl_02058,gob_ext_00043,gob_ext_00206,gob_ext_00197
dlk_proceso_0225;4;proc_tbl_02127,dlk_tbl_02128,dlk_tbl_00041,ppn_tbl_01549;7;gob_tbl_00521,gob_tbl_00092,gob_tbl_00995,gob_tbl_01525,dlk_ext_00133,m4vw_ext_00019,dash_ext_00039
dlk_proceso_0226;5;std_tbl_00049,dash_tbl_01666,dash_tbl_01017,dlk_tbl_00452,gob_tbl_01034;10;gob_tbl_01744,gob_tbl_01579,proc_tbl_01004,dash_tbl_01085,dlk_tbl_00737,dlk_tbl_00406,proc_ext_00016,dlk_ext_00135,dlk_ext_00237,dlk_ext_00271
dlk_proceso_0227;5;gob_tbl_00756,std_tbl_00330,gob_tbl_01063,gob_tbl_01805,proc_tbl_01676;12;m4vw_tbl_01276,gob_tbl_00135,gob_tbl_00189,dlk_tbl_01455,dlk_tbl_01941,proc_tbl_00260,ppn_tbl_00794,std_ext_00127,dash_ext_00142,gob_ext_00038,gob_ext_00097,dlk_ext_00172
gob_proceso_0228;5;dlk_tbl_00036,gob_tbl_00304,gob_tbl_00148,gob_tbl_00305,gob_tbl_00538;17;proc_tbl_00630,std_tbl_00534,gob_tbl_00051,proc_tbl_02163,proc_tbl_00685,gob_tbl_01999,gob_tbl_01980,gob_tbl_00938,gob_tbl_00439,dlk_tbl_00948,dlk_ext_00266,gob_ext_00138,std_ext_00021,m4sco_ext_00207,gob_ext_00100,dlk_ext_00110,dlk_ext_00053
gob_proceso_0229;6;dlk_tbl_02051,proc_tbl_00660,proc_tbl_00861,dash_tbl_00115,dlk_tbl_00007,gob_tbl_01454;11;std_tbl_00534,proc_tbl_00163,gob_tbl_00727,dlk_tbl_00423,dlk_tbl_00684,proc_tbl_00107,gob_ext_00235,dlk_ext_00165,gob_ext_00150,gob_ext_00149,dlk_ext_00161
proc_proceso_0230;3;std_tbl_00353,gob_tbl_02137,dlk_tbl_00210;11;gob_tbl_00212,std_tbl_01990,dash_tbl_01685,gob_tbl_02280,dlk_tbl_01918,gob_tbl_01062,gob_ext_00226,proc_ext_00241,gob_ext_00030,m4sco_ext_00207,proc_ext_00245
dash_proceso_0231;4;proc_tbl_01561,dash_tbl_01417,gob_tbl_01311,proc_tbl_02031;6;dash_tbl_00582,dlk_tbl_00571,gob_tbl_00350,gob_ext_00255,dlk_ext_00145,gob_ext_00081
dlk_proceso_0232;2;dlk_tbl_01095,dlk_tbl_00282;12;gob_tbl_00679,gob_tbl_01980,dlk_tbl_02081,gob_tbl_00959,dlk_tbl_01328,gob_tbl_01339,dlk_tbl_01368,dlk_ext_00191,gob_ext_00101,gob_ext_00238,dlk_ext_00193,proc_ext_00219
gob_proceso_0233;4;gob_tbl_00024,gob_tbl_00919,dlk_tbl_01700,gob_tbl_01238;10;dash_tbl_01334,proc_tbl_01136,dlk_tbl_00455,gob_tbl_01315,proc_tbl_00246,proc_tbl_00327,dlk_ext_00130,proc_ext_00115,proc_ext_00218,gob_ext_00034
gob_proceso_0234;6;proc_tbl_01904,proc_tbl_00697,dlk_tbl_00123,proc_tbl_00091,gob_tbl_01849,dlk_tbl_01184;9;proc_tbl_00965,proc_tbl_00223,gob_tbl_00305,dlk_tbl_01918,gob_tbl_00066,dlk_ext_00014,m4sco_ext_00207,gob_ext_00169,gob_ext_00101
dlk_proceso_0235;4;dlk_tbl_01374,gob_tbl_01613,dlk_tbl_00581,dlk_tbl_01546;9;dlk_tbl_02269,dlk_tbl_02043,dash_tbl_02265,proc_tbl_01898,gob_tbl_00337,dlk_ext_00199,proc_ext_00092,gob_ext_00258,gob_ext_00005
dash_proceso_0236;3;dlk_tbl_01650,gob_tbl_01185,gob_tbl_01551;9;dlk_tbl_01951,gob_tbl_01892,gob_tbl_01914,dash_tbl_02151,gob_tbl_01579,std_ext_00021,gob_ext_00081,dlk_ext_00008,dash_ext_00078
dlk_proceso_0237;5;dlk_tbl_00744,dlk_tbl_01202,dash_tbl_00048,proc_tbl_00742,dash_tbl_00110;19;gob_tbl_00944,gob_tbl_02142,gob_tbl_00392,std_tbl_01033,dlk_tbl_00559,dlk_tbl_02224,m4sco_tbl_01170,gob_tbl_02146,gob_tbl_00951,dlk_tbl_01837,dash_tbl_01273,gob_ext_00158,gob_ext_00136,gob_ext_00036,proc_ext_00026,proc_ext_00175,dlk_ext_00133,dash_ext_00182,dash_ext_00142
proc_proceso_0238;2;gob_tbl_01573,dlk_tbl_02075;10;gob_tbl_00350,m4vw_tbl_01133,dash_tbl_00208,dlk_tbl_01025,m4sco_tbl_00458,dlk_tbl_01037,dlk_ext_00228,gob_ext_00197,dlk_ext_00249,gob_ext_00243
gob_proceso_0239;4;gob_tbl_00195,gob_tbl_01664,dlk_tbl_00040,proc_tbl_00952;9;proc_tbl_00990,dlk_tbl_00027,gob_tbl_01706,proc_tbl_01957,dlk_tbl_01324,std_ext_00127,dlk_ext_00246,dlk_ext_00230,dlk_ext_00024
dash_proceso_0240;5;dlk_tbl_01220,dlk_tbl_01578,dlk_tbl_00297,gob_tbl_01899,gob_tbl_01383;9;dash_tbl_02065,dash_tbl_01109,std_tbl_02120,std_tbl_00611,dlk_tbl_00966,dlk_ext_00191,gob_ext_00179,gob_ext_00171,gob_ext_00227
gob_proceso_0241;5;gob_tbl_02038,proc_tbl_00830,m4vw_tbl_01852,proc_tbl_00409,dash_tbl_00208;8;proc_tbl_00648,dlk_tbl_01621,gob_tbl_01824,dash_tbl_01520,dlk_tbl_00772,gob_ext_00001,proc_ext_00239,dlk_ext_00237
dlk_proceso_0242;2;gob_tbl_01631,dlk_tbl_01211;4;proc_tbl_02272,dlk_tbl_00210,m4vw_ext_00019,gob_ext_00081
gob_proceso_0243;7;gob_tbl_01161,gob_tbl_02157,proc_tbl_02096,gob_tbl_00954,gob_tbl_00654,proc_tbl_01054,std_tbl_01797;20;dlk_tbl_01401,proc_tbl_01244,std_tbl_01420,dlk_tbl_00161,proc_tbl_00647,dlk_tbl_01803,gob_tbl_01712,gob_tbl_00158,dlk_tbl_00948,gob_tbl_01338,dash_tbl_01067,proc_tbl_02163,dlk_ext_00109,dlk_ext_00054,gob_ext_00042,gob_ext_00131,dlk_ext_00008,dlk_ext_00253,dlk_ext_00225,dlk_ext_00244
gob_proceso_0244;2;gob_tbl_01816,dlk_tbl_00619;13;std_tbl_01340,gob_tbl_00356,gob_tbl_01062,gob_tbl_00515,dash_tbl_02191,proc_tbl_00223,dash_tbl_00269,gob_ext_00189,proc_ext_00222,gob_ext_00076,std_ext_00087,proc_ext_00137,gob_ext_00153
dlk_proceso_0245;4;dlk_tbl_01192,dlk_tbl_02071,gob_tbl_00434,proc_tbl_00548;6;dlk_tbl_01041,gob_tbl_00127,std_tbl_01355,dlk_ext_00246,gob_ext_00102,dlk_ext_00172
dash_proceso_0246;6;gob_tbl_00609,gob_tbl_00137,gob_tbl_02232,dlk_tbl_00222,dlk_tbl_01783,gob_tbl_00511;4;proc_tbl_00435,proc_tbl_00617,gob_ext_00007,gob_ext_00151
dlk_proceso_0247;5;dash_tbl_01709,dlk_tbl_01219,gob_tbl_01492,dash_tbl_02123,dlk_tbl_02245;8;gob_tbl_01459,gob_tbl_01634,gob_tbl_01395,gob_tbl_01000,dlk_tbl_02168,gob_ext_00227,proc_ext_00184,gob_ext_00043
dlk_proceso_0248;3;proc_tbl_00797,proc_tbl_02221,dlk_tbl_01107;12;proc_tbl_01905,dlk_tbl_01583,gob_tbl_01769,dlk_tbl_02131,gob_tbl_00831,dlk_tbl_00724,gob_tbl_01247,dlk_ext_00221,proc_ext_00060,gob_ext_00028,dlk_ext_00004,ppn_ext_00211
dlk_proceso_0249;2;std_tbl_01931,dlk_tbl_00934;5;dlk_tbl_00603,dlk_tbl_01197,dash_tbl_02122,gob_ext_00227,std_ext_00272
gob_proceso_0250;6;gob_tbl_01354,dlk_tbl_01479,proc_tbl_02189,dlk_tbl_01630,gob_tbl_00023,dlk_tbl_00341;11;gob_tbl_00373,dlk_tbl_02136,dlk_tbl_01289,gob_tbl_01275,dlk_tbl_01388,dlk_tbl_00868,dlk_ext_00246,dlk_ext_00253,proc_ext_00060,dlk_ext_00199,gob_ext_00034
proc_proceso_0251;6;dlk_tbl_02214,gob_tbl_01759,proc_tbl_01403,gob_tbl_00953,dlk_tbl_00468,dlk_tbl_01193;8;std_tbl_00089,ppn_tbl_01940,dlk_tbl_00452,dlk_tbl_00210,gob_tbl_02015,proc_ext_00091,dash_ext_00220,gob_ext_00036
proc_proceso_0252;3;dlk_tbl_00982,gob_tbl_00622,dash_tbl_02193;7;gob_tbl_00420,m4sco_tbl_00039,dlk_tbl_00345,gob_tbl_01125,gob_ext_00179,dlk_ext_00170,proc_ext_00027
gob_proceso_0253;3;gob_tbl_01540,dash_tbl_01520,dlk_tbl_00059;8;dlk_tbl_01235,gob_tbl_01429,dlk_tbl_00240,dlk_tbl_02026,proc_tbl_02278,dlk_ext_00110,dlk_ext_00163,proc_ext_00241
dlk_proceso_0254;4;dash_tbl_01673,gob_tbl_00215,gob_tbl_01250,gob_tbl_00186;7;gob_tbl_02209,dlk_tbl_00168,gob_tbl_02076,gob_tbl_00618,gob_ext_00149,dash_ext_00156,gob_ext_00206
proc_proceso_0255;3;gob_tbl_00882,dash_tbl_01149,dlk_tbl_00492;11;dlk_tbl_00535,dlk_tbl_01375,m4sco_tbl_01542,gob_tbl_01007,dlk_tbl_01220,gob_tbl_00189,dlk_ext_00098,gob_ext_00036,proc_ext_00092,gob_ext_00179,dlk_ext_00229
dlk_proceso_0256;5;gob_tbl_01567,dlk_tbl_01281,dash_tbl_00659,gob_tbl_00006,proc_tbl_02231;7;dlk_tbl_00948,dash_tbl_00552,gob_tbl_01528,m4vw_tbl_01133,dlk_ext_00135,gob_ext_00035,gob_ext_00076
proc_proceso_0257;4;gob_tbl_00285,gob_tbl_01078,dlk_tbl_01626,gob_tbl_01495;13;dlk_tbl_00816,proc_tbl_01210,dlk_tbl_00078,proc_tbl_01248,dlk_tbl_00343,proc_tbl_00463,std_tbl_01889,gob_ext_00134,gob_ext_00028,dlk_ext_00064,dlk_ext_00048,dlk_ext_00024,dash_ext_00142
gob_proceso_0258;3;gob_tbl_01006,dlk_tbl_00781,dlk_tbl_01543;13;dlk_tbl_00132,gob_tbl_01914,gob_tbl_00953,ppn_tbl_01380,m4vw_tbl_01508,m4vw_tbl_00523,gob_tbl_01270,std_ext_00272,gob_ext_00051,proc_ext_00195,dlk_ext_00253,gob_ext_00102,dlk_ext_00014
proc_proceso_0259;2;gob_tbl_01141,dlk_tbl_01386;9;dash_tbl_01350,dlk_tbl_01519,dlk_tbl_01602,dash_tbl_01105,gob_tbl_01695,dlk_ext_00014,proc_ext_00060,dlk_ext_00163,dlk_ext_00253
proc_proceso_0260;6;dlk_tbl_00037,gob_tbl_00209,gob_tbl_00529,gob_tbl_01234,gob_tbl_01223,gob_tbl_02174;15;dlk_tbl_02228,dlk_tbl_01120,dlk_tbl_01060,dlk_tbl_00027,gob_tbl_02280,dash_tbl_00115,dlk_tbl_01658,gob_tbl_01483,proc_tbl_00710,gob_ext_00076,dlk_ext_00135,gob_ext_00217,dlk_ext_00096,gob_ext_00144,gob_ext_00265
dlk_proceso_0261;4;ppn_tbl_02213,gob_tbl_00129,ppn_tbl_00010,dlk_tbl_01410;6;dlk_tbl_02178,dlk_tbl_00065,dlk_tbl_00381,dash_ext_00128,proc_ext_00091,gob_ext_00022
proc_proceso_0262;3;dlk_tbl_00820,dlk_tbl_01714,proc_tbl_01623;13;dlk_tbl_00692,gob_tbl_02148,dlk_tbl_01179,dlk_tbl_00222,gob_tbl_01999,gob_tbl_01000,dlk_tbl_00332,std_ext_00127,gob_ext_00077,gob_ext_00043,dlk_ext_00110,ppn_ext_00211,m4vw_ext_00190
dlk_proceso_0263;4;proc_tbl_01414,std_tbl_01301,dlk_tbl_01964,dash_tbl_01860;7;gob_tbl_00305,dlk_tbl_00062,dlk_tbl_01727,dlk_tbl_02053,std_ext_00127,dlk_ext_00160,proc_ext_00195
dlk_proceso_0264;3;gob_tbl_00108,dlk_tbl_01461,dlk_tbl_01658;13;gob_tbl_00186,dlk_tbl_00345,std_tbl_00280,proc_tbl_00562,dlk_tbl_02019,dash_tbl_01180,dlk_tbl_01604,dlk_ext_00012,dlk_ext_00230,dlk_ext_00032,dlk_ext_00246,dlk_ext_00014,dash_ext_00033
gob_proceso_0265;6;ppn_tbl_01908,gob_tbl_01494,dlk_tbl_00405,dlk_tbl_01663,dlk_tbl_00288,dlk_tbl_00673;11;std_tbl_01490,dlk_tbl_01336,dlk_tbl_00072,dlk_tbl_01874,gob_tbl_00315,gob_tbl_00440,dlk_ext_00146,gob_ext_00209,gob_ext_00114,dash_ext_00107,dlk_ext_00048
dlk_proceso_0266;4;gob_tbl_01547,gob_tbl_01730,dlk_tbl_01602,dlk_tbl_00868;10;proc_tbl_00713,dlk_tbl_01041,gob_tbl_01438,gob_tbl_02257,dash_tbl_00411,proc_tbl_01558,proc_ext_00137,gob_ext_00038,dlk_ext_00096,dlk_ext_00014
dlk_proceso_0267;2;ppn_tbl_00807,proc_tbl_01782;6;gob_tbl_00193,dlk_tbl_01923,gob_tbl_00275,proc_ext_00263,dlk_ext_00146,std_ext_00272
gob_proceso_0268;6;gob_tbl_00734,gob_tbl_00080,dash_tbl_01334,dlk_tbl_00491,dlk_tbl_00179,gob_tbl_01895;4;m4vw_tbl_00034,proc_tbl_01379,dash_ext_00132,proc_ext_00195
dlk_proceso_0269;2;proc_tbl_01533,dlk_tbl_01803;4;gob_tbl_01303,m4vw_tbl_01852,gob_ext_00066,gob_ext_00086
dlk_proceso_0270;5;proc_tbl_00086,std_tbl_00801,gob_tbl_02125,dlk_tbl_00755,dlk_tbl_01972;8;gob_tbl_02268,gob_tbl_01873,m4sco_tbl_00904,proc_tbl_02018,proc_tbl_01898,dlk_ext_00054,proc_ext_00010,gob_ext_00035
gob_proceso_0271;4;gob_tbl_01958,gob_tbl_01486,gob_tbl_00869,gob_tbl_01213;10;dlk_tbl_01829,proc_tbl_01108,dash_tbl_01520,gob_tbl_00915,gob_tbl_01591,gob_tbl_02232,gob_ext_00179,proc_ext_00060,proc_ext_00061,gob_ext_00183
proc_proceso_0272;4;dlk_tbl_01512,gob_tbl_01826,dlk_tbl_00627,dlk_tbl_01900;7;gob_tbl_01807,gob_tbl_01834,gob_tbl_00186,dlk_tbl_01014,m4sco_ext_00207,dlk_ext_00018,gob_ext_00043
gob_proceso_0273;2;dlk_tbl_01556,dlk_tbl_01126;10;gob_tbl_02044,gob_tbl_01747,gob_tbl_00354,ppn_tbl_02213,proc_tbl_01779,dlk_tbl_01869,dlk_ext_00024,dash_ext_00104,gob_ext_00238,gob_ext_00043
gob_proceso_0274;5;dlk_tbl_02215,gob_tbl_01753,proc_tbl_00795,dlk_tbl_00753,gob_tbl_01467;9;proc_tbl_00815,dash_tbl_00664,gob_tbl_01249,dlk_tbl_01087,gob_tbl_00051,dlk_ext_00123,dlk_ext_00172,dash_ext_00033,ppn_ext_00264
dlk_proceso_0275;2;proc_tbl_02098,std_tbl_01430;15;ppn_tbl_01908,gob_tbl_00439,proc_tbl_02201,gob_tbl_01708,gob_tbl_00709,proc_tbl_01119,dash_tbl_00400,dash_tbl_02132,proc_tbl_01756,dlk_ext_00178,gob_ext_00243,gob_ext_00035,gob_ext_00138,dlk_ext_00191,std_ext_00105
proc_proceso_0276;5;proc_tbl_02201,dlk_tbl_02025,dlk_tbl_01647,dlk_tbl_00695,dlk_tbl_00616;13;proc_tbl_00319,dlk_tbl_01155,gob_tbl_00440,dlk_tbl_01050,gob_tbl_01459,dlk_tbl_01574,gob_tbl_02171,proc_ext_00092,dlk_ext_00041,gob_ext_00148,gob_ext_00144,proc_ext_00058,gob_ext_00043
dlk_proceso_0277;3;gob_tbl_00131,dlk_tbl_02273,m4vw_tbl_00910;9;ppn_tbl_02094,gob_tbl_01980,gob_tbl_00462,dlk_tbl_01106,gob_tbl_02102,dlk_ext_00047,proc_ext_00010,proc_ext_00241,proc_ext_00245
proc_proceso_0278;7;gob_tbl_00359,gob_tbl_01115,proc_tbl_00306,proc_tbl_01920,gob_tbl_00853,proc_tbl_02007,dash_tbl_00389;20;proc_tbl_00985,dlk_tbl_00825,dlk_tbl_01637,gob_tbl_00006,gob_tbl_02124,dlk_tbl_01377,dlk_tbl_02078,dlk_tbl_02186,dlk_tbl_00747,std_tbl_02153,dlk_tbl_01455,gob_tbl_00285,dlk_ext_00173,gob_ext_00036,gob_ext_00035,proc_ext_00223,dlk_ext_00117,proc_ext_00055,m4vw_ext_00019,proc_ext_00241
dlk_proceso_0279;4;dlk_tbl_00573,dlk_tbl_00273,dlk_tbl_00513,gob_tbl_00390;12;gob_tbl_00231,gob_tbl_01828,m4vw_tbl_01419,gob_tbl_00514,dlk_tbl_00054,gob_tbl_01720,gob_tbl_01836,dlk_ext_00096,gob_ext_00153,dlk_ext_00139,dlk_ext_00146,proc_ext_00091
dlk_proceso_0280;4;dlk_tbl_00456,dlk_tbl_01360,gob_tbl_00758,proc_tbl_01535;6;gob_tbl_00621,gob_tbl_01928,dlk_tbl_01897,dash_ext_00107,dlk_ext_00124,gob_ext_00194
dlk_proceso_0281;4;dlk_tbl_00989,proc_tbl_01898,gob_tbl_02257,gob_tbl_00450;3;dlk_tbl_00747,dash_tbl_00552,dlk_ext_00145
gob_proceso_0282;4;dash_tbl_00177,gob_tbl_00503,gob_tbl_00014,gob_tbl_01358;4;gob_tbl_00017,dash_tbl_01012,dash_ext_00000,dash_ext_00142
dlk_proceso_0283;6;dlk_tbl_00772,dlk_tbl_01994,gob_tbl_01068,dlk_tbl_00075,dash_tbl_02082,ppn_tbl_01263;4;dlk_tbl_00781,proc_tbl_02007,dlk_ext_00032,dlk_ext_00172
dlk_proceso_0284;9;gob_tbl_01689,dlk_tbl_01869,gob_tbl_01634,gob_tbl_00635,gob_tbl_01921,dlk_tbl_00866,dlk_tbl_00936,dash_tbl_00432,gob_tbl_00494;14;dlk_tbl_00381,dlk_tbl_01652,gob_tbl_00313,proc_tbl_00274,proc_tbl_00104,dash_tbl_02265,dlk_tbl_01045,dlk_tbl_00989,gob_ext_00081,dash_ext_00090,gob_ext_00169,proc_ext_00092,std_ext_00021,proc_ext_00061
dlk_proceso_0285;4;proc_tbl_00435,gob_tbl_01828,proc_tbl_00689,gob_tbl_00165;9;gob_tbl_01718,dlk_tbl_00247,gob_tbl_00014,dash_tbl_01520,dlk_tbl_02230,m4sco_ext_00207,dlk_ext_00193,proc_ext_00184,ppn_ext_00211
gob_proceso_0286;3;dlk_tbl_02188,m4sco_tbl_01651,dlk_tbl_01353;7;gob_tbl_00023,dash_tbl_01539,dlk_tbl_01638,gob_tbl_01332,std_ext_00196,proc_ext_00239,proc_ext_00115
gob_proceso_0287;5;gob_tbl_02117,proc_tbl_00643,dlk_tbl_00729,dlk_tbl_01992,dlk_tbl_02078;7;proc_tbl_01820,dlk_tbl_00675,dlk_tbl_00755,dlk_tbl_01618,gob_ext_00168,ppn_ext_00103,gob_ext_00153
dlk_proceso_0288;4;dlk_tbl_01583,dlk_tbl_01791,proc_tbl_01817,proc_tbl_00905;10;gob_tbl_01665,dlk_tbl_01452,gob_tbl_00882,dash_tbl_00172,dlk_tbl_00989,gob_tbl_00983,gob_ext_00051,gob_ext_00035,proc_ext_00017,proc_ext_00010
gob_proceso_0289;3;dlk_tbl_00828,dlk_tbl_01087,dlk_tbl_00914;14;gob_tbl_00526,dlk_tbl_01260,dlk_tbl_01550,proc_tbl_01526,m4sco_tbl_01719,proc_tbl_00174,dlk_tbl_00999,dlk_tbl_00796,dlk_ext_00111,gob_ext_00265,gob_ext_00100,dlk_ext_00163,dash_ext_00220,gob_ext_00158
dlk_proceso_0290;5;proc_tbl_00299,dlk_tbl_00254,gob_tbl_02104,gob_tbl_00184,dlk_tbl_00549;12;gob_tbl_00870,proc_tbl_01796,gob_tbl_01286,dlk_tbl_00851,proc_tbl_01224,dlk_tbl_00721,dash_tbl_00783,dash_ext_00083,gob_ext_00149,gob_ext_00028,gob_ext_00036,m4sco_ext_00207
dlk_proceso_0291;4;proc_tbl_01221,gob_tbl_02052,proc_tbl_00537,std_tbl_00840;6;gob_tbl_01668,dlk_tbl_00729,proc_tbl_01820,std_ext_00021,proc_ext_00239,dlk_ext_00014
proc_proceso_0292;4;proc_tbl_00163,std_tbl_01458,proc_tbl_00449,dlk_tbl_01877;5;dlk_tbl_00448,dlk_tbl_00843,gob_tbl_00043,dlk_ext_00048,m4vw_ext_00190
gob_proceso_0293;4;dash_tbl_00269,dlk_tbl_00247,gob_tbl_01665,dlk_tbl_02248;11;proc_tbl_00104,dlk_tbl_00333,dlk_tbl_01441,gob_tbl_00759,dlk_tbl_02121,dlk_tbl_01969,dash_ext_00078,proc_ext_00072,proc_ext_00055,gob_ext_00100,dlk_ext_00203
gob_proceso_0294;5;dash_tbl_00641,gob_tbl_01480,dlk_tbl_00799,dlk_tbl_01671,dlk_tbl_01178;8;gob_tbl_02052,dlk_tbl_00875,gob_tbl_00507,dlk_tbl_01060,dlk_tbl_02275,dash_ext_00033,gob_ext_00022,proc_ext_00254
gob_proceso_0295;4;gob_tbl_02216,gob_tbl_01981,std_tbl_02027,ppn_tbl_02109;10;std_tbl_01530,gob_tbl_01327,dlk_tbl_01106,dlk_tbl_00332,gob_tbl_01344,gob_tbl_01744,dash_ext_00039,dlk_ext_00008,gob_ext_00034,gob_ext_00197
dlk_proceso_0296;5;gob_tbl_00897,dlk_tbl_00935,gob_tbl_01058,dlk_tbl_01377,dash_tbl_02046;5;dlk_tbl_01787,std_tbl_01530,gob_tbl_01062,dlk_ext_00041,dlk_ext_00122
dlk_proceso_0297;3;dlk_tbl_01145,gob_tbl_00066,m4sco_tbl_00296;13;gob_tbl_01758,gob_tbl_01687,dlk_tbl_01410,proc_tbl_01581,dlk_tbl_01353,dash_tbl_01044,dlk_tbl_01545,proc_ext_00137,proc_ext_00108,proc_ext_00263,dlk_ext_00054,dlk_ext_00191,dlk_ext_00109
dlk_proceso_0298;6;dlk_tbl_01342,dlk_tbl_00890,dlk_tbl_01844,dlk_tbl_00307,dlk_tbl_01390,dlk_tbl_00596;6;dlk_tbl_00791,dlk_tbl_00459,dash_tbl_00502,gob_ext_00231,dlk_ext_00109,dlk_ext_00246
gob_proceso_0299;6;dash_tbl_00393,dlk_tbl_00378,dlk_tbl_01775,proc_tbl_01601,gob_tbl_01684,dlk_tbl_00894;10;gob_tbl_00396,ppn_tbl_01404,gob_tbl_00313,dlk_tbl_01060,gob_tbl_00397,gob_tbl_02208,proc_ext_00152,gob_ext_00238,dash_ext_00078,dlk_ext_00166
dlk_proceso_0300;2;dlk_tbl_01729,m4vw_tbl_00676;15;dlk_tbl_00823,gob_tbl_01579,gob_tbl_01383,m4sco_tbl_01170,dlk_tbl_00772,m4sco_tbl_01943,m4vw_tbl_01810,gob_tbl_00392,std_tbl_01814,gob_ext_00179,gob_ext_00077,gob_ext_00028,gob_ext_00270,gob_ext_00081,std_ext_00127
gob_proceso_0301;6;dlk_tbl_01197,dash_tbl_00028,gob_tbl_01858,dlk_tbl_01463,dlk_tbl_02086,std_tbl_02153;11;gob_tbl_01063,proc_tbl_01266,gob_tbl_00050,gob_tbl_01744,proc_tbl_01839,gob_tbl_00439,gob_ext_00114,gob_ext_00086,dash_ext_00104,gob_ext_00084,gob_ext_00235
gob_proceso_0302;2;ppn_tbl_01182,proc_tbl_00445;9;gob_tbl_01438,dlk_tbl_00828,std_tbl_00840,dash_tbl_00033,gob_tbl_01459,dlk_ext_00174,gob_ext_00043,dlk_ext_00170,dlk_ext_00133
dlk_proceso_0303;5;proc_tbl_00610,dash_tbl_02242,proc_tbl_01032,gob_tbl_01584,gob_tbl_01016;15;proc_tbl_00985,gob_tbl_00169,dlk_tbl_01964,dlk_tbl_00132,dlk_tbl_02239,gob_tbl_02146,dlk_tbl_00933,dlk_tbl_01272,dlk_tbl_00982,dlk_ext_00008,std_ext_00105,dlk_ext_00160,dash_ext_00220,gob_ext_00138,dash_ext_00107
dash_proceso_0304;4;gob_tbl_01165,gob_tbl_00995,dash_tbl_00928,dash_tbl_02135;11;gob_tbl_00328,dlk_tbl_00273,proc_tbl_01756,gob_tbl_01139,proc_tbl_00713,gob_tbl_01620,gob_ext_00043,dash_ext_00220,gob_ext_00036,proc_ext_00175,m4vw_ext_00019
dlk_proceso_0305;5;proc_tbl_01362,dlk_tbl_01079,dlk_tbl_02217,gob_tbl_01169,proc_tbl_01059;5;dlk_tbl_02224,gob_tbl_01569,gob_tbl_01131,gob_ext_00187,m4vw_ext_00019
gob_proceso_0306;5;dlk_tbl_01938,dash_tbl_01316,gob_tbl_01872,gob_tbl_01303,gob_tbl_02072;8;gob_tbl_02116,dash_tbl_01091,dash_tbl_00589,std_tbl_02085,dlk_tbl_01097,gob_ext_00030,gob_ext_00238,dlk_ext_00173
dlk_proceso_0307;6;dlk_tbl_00922,proc_tbl_01166,dlk_tbl_01552,gob_tbl_01706,gob_tbl_01807,gob_tbl_01606;5;dlk_tbl_02026,m4vw_tbl_01907,dlk_tbl_02228,dlk_ext_00172,dlk_ext_00024
proc_proceso_0308;3;dlk_tbl_00791,gob_tbl_01242,gob_tbl_01881;8;dlk_tbl_01841,gob_tbl_01532,dlk_tbl_01503,gob_tbl_01096,m4vw_tbl_00218,gob_ext_00168,dlk_ext_00004,gob_ext_00209
dlk_proceso_0309;2;proc_tbl_01731,dlk_tbl_01336;20;std_tbl_00049,dlk_tbl_01121,gob_tbl_01757,gob_tbl_00860,gob_tbl_00915,dlk_tbl_01886,std_tbl_00280,dlk_tbl_01811,gob_tbl_01472,dlk_tbl_01097,proc_tbl_00061,dlk_tbl_01375,gob_ext_00243,dlk_ext_00024,std_ext_00021,dash_ext_00033,gob_ext_00194,dlk_ext_00032,dlk_ext_00172,proc_ext_00092
gob_proceso_0310;5;gob_tbl_00291,gob_tbl_01554,gob_tbl_01693,gob_tbl_00235,gob_tbl_01102;8;dlk_tbl_00512,dlk_tbl_01427,proc_tbl_01521,gob_tbl_02174,dlk_tbl_01964,dlk_ext_00271,gob_ext_00062,std_ext_00272
gob_proceso_0311;6;gob_tbl_02005,gob_tbl_01446,proc_tbl_00815,proc_tbl_01136,ppn_tbl_01232,gob_tbl_02002;21;dash_tbl_02082,gob_tbl_01279,dlk_tbl_01145,proc_tbl_00648,dlk_tbl_01519,dlk_tbl_00681,proc_tbl_01379,gob_tbl_00462,gob_tbl_00187,m4vw_tbl_01419,dlk_tbl_02178,gob_tbl_01000,dash_ext_00067,proc_ext_00254,dash_ext_00128,m4vw_ext_00121,gob_ext_00076,dash_ext_00107,gob_ext_00158,dlk_ext_00178,gob_ext_00164
proc_proceso_0312;5;gob_tbl_01809,dash_tbl_00783,gob_tbl_01915,gob_tbl_00439,gob_tbl_00777;8;gob_tbl_00661,std_tbl_01033,gob_tbl_01834,dash_tbl_01755,gob_tbl_02067,dash_ext_00220,gob_ext_00177,dlk_ext_00246
proc_proceso_0313;4;dlk_tbl_02259,dlk_tbl_00600,std_tbl_01198,dlk_tbl_02192;11;proc_tbl_00104,dash_tbl_01334,dash_tbl_01091,dlk_tbl_00019,proc_tbl_02263,proc_tbl_01831,dlk_ext_00172,dlk_ext_00208,dlk_ext_00139,gob_ext_00179,gob_ext_00210
dlk_proceso_0314;3;dlk_tbl_00421,proc_tbl_01248,dlk_tbl_02023;11;dlk_tbl_01146,proc_tbl_00306,proc_tbl_00335,gob_tbl_01177,dlk_tbl_00072,dlk_tbl_00405,dash_ext_00045,m4sco_ext_00093,gob_ext_00034,gob_ext_00189,gob_ext_00112
proc_proceso_0315;6;gob_tbl_00063,gob_tbl_01591,m4vw_tbl_01950,std_tbl_02200,dlk_tbl_00551,dlk_tbl_01453;10;gob_tbl_01809,gob_tbl_01687,dlk_tbl_01912,dlk_tbl_00966,dlk_tbl_01399,dlk_tbl_01014,gob_ext_00036,proc_ext_00245,gob_ext_00063,gob_ext_00226
gob_proceso_0316;3;dash_tbl_00577,dlk_tbl_00045,dlk_tbl_01375;13;std_tbl_00940,dlk_tbl_01047,gob_tbl_01483,dash_tbl_00552,dlk_tbl_00138,gob_tbl_01010,gob_tbl_01865,dlk_ext_00262,gob_ext_00144,gob_ext_00255,gob_ext_00177,gob_ext_00150,dash_ext_00050
gob_proceso_0317;2;proc_tbl_01756,gob_tbl_01645;12;ppn_tbl_01549,proc_tbl_01032,gob_tbl_01467,dlk_tbl_01360,gob_tbl_01771,dlk_tbl_01952,dlk_tbl_01774,dlk_ext_00135,dlk_ext_00044,dlk_ext_00160,gob_ext_00114,dlk_ext_00221
dlk_proceso_0318;9;gob_tbl_01632,proc_tbl_00481,proc_tbl_02258,dlk_tbl_00030,dlk_tbl_01777,dash_tbl_01072,gob_tbl_01300,proc_tbl_00206,std_tbl_01675;14;gob_tbl_00756,gob_tbl_01720,proc_tbl_00925,gob_tbl_01488,dlk_tbl_01727,dlk_tbl_01426,dash_tbl_00589,dlk_tbl_01941,proc_ext_00184,proc_ext_00195,dlk_ext_00135,dash_ext_00128,dlk_ext_00244,dash_ext_00090
dlk_proceso_0319;3;proc_tbl_00813,gob_tbl_01275,dlk_tbl_01784;5;gob_tbl_01387,dlk_tbl_01804,gob_tbl_01291,gob_ext_00028,dash_ext_00132
gob_proceso_0320;5;gob_tbl_01643,dlk_tbl_00796,gob_tbl_01843,gob_tbl_00325,gob_tbl_02095;12;gob_tbl_01641,gob_tbl_01306,dlk_tbl_00045,std_tbl_00840,dash_tbl_00891,gob_tbl_01924,m4vw_tbl_00293,gob_ext_00238,proc_ext_00195,dlk_ext_00269,gob_ext_00206,gob_ext_00074
gob_proceso_0321;2;m4vw_tbl_00251,dlk_tbl_00500;8;gob_tbl_01298,dlk_tbl_00798,dash_tbl_00750,dlk_tbl_02086,dlk_tbl_01227,dlk_ext_00139,dlk_ext_00130,dlk_ext_00178
gob_proceso_0322;4;dlk_tbl_01245,gob_tbl_02090,gob_tbl_01579,gob_tbl_01150;6;std_tbl_00961,gob_tbl_02154,std_tbl_00012,gob_ext_00036,dlk_ext_00163,gob_ext_00205
dash_proceso_0323;2;dlk_tbl_00941,dlk_tbl_00524;15;proc_tbl_00925,dlk_tbl_00075,proc_tbl_00360,dlk_tbl_01487,dlk_tbl_00670,gob_tbl_00285,gob_tbl_00096,proc_tbl_01015,dlk_tbl_01934,dlk_ext_00256,gob_ext_00038,dlk_ext_00261,gob_ext_00043,dlk_ext_00221,gob_ext_00251
gob_proceso_0324;6;proc_tbl_02077,gob_tbl_00895,gob_tbl_00679,gob_tbl_01790,gob_tbl_02080,gob_tbl_01752;12;gob_tbl_02268,dlk_tbl_01412,gob_tbl_00635,gob_tbl_00462,std_tbl_01713,gob_tbl_01066,dlk_tbl_01368,dlk_ext_00193,dlk_ext_00110,dlk_ext_00191,proc_ext_00040,gob_ext_00158
dlk_proceso_0325;6;dlk_tbl_01590,gob_tbl_01378,dlk_tbl_00778,dlk_tbl_01608,proc_tbl_01576,gob_tbl_00746;8;dlk_tbl_00314,proc_tbl_00299,dlk_tbl_01394,m4vw_tbl_01989,proc_tbl_00105,dlk_ext_00141,dlk_ext_00160,dlk_ext_00020
dlk_proceso_0326;4;dlk_tbl_01829,dlk_tbl_02024,dlk_tbl_01394,std_tbl_00885;11;dlk_tbl_02178,dlk_tbl_01479,gob_tbl_01472,proc_tbl_01677,dash_tbl_00582,std_tbl_02034,proc_ext_00072,gob_ext_00086,gob_ext_00005,dash_ext_00050,dlk_ext_00172
proc_proceso_0327;3;proc_tbl_01194,proc_tbl_02119,gob_tbl_00124;9;gob_tbl_02111,dlk_tbl_00781,proc_tbl_02221,gob_tbl_01515,gob_tbl_01836,proc_ext_00236,gob_ext_00255,dlk_ext_00014,proc_ext_00212
dlk_proceso_0328;4;gob_tbl_00666,dlk_tbl_01081,dlk_tbl_00804,dlk_tbl_00211;4;gob_tbl_01331,dlk_tbl_01672,dash_ext_00185,dlk_ext_00259
gob_proceso_0329;5;dlk_tbl_00519,proc_tbl_00990,std_tbl_00599,gob_tbl_00340,m4sco_tbl_00403;13;gob_tbl_00011,proc_tbl_00424,gob_tbl_01485,proc_tbl_01581,proc_tbl_01004,gob_tbl_00995,std_tbl_02165,dlk_ext_00172,gob_ext_00038,dash_ext_00156,dlk_ext_00018,dlk_ext_00203,dlk_ext_00124
proc_proceso_0330;2;gob_tbl_01332,proc_tbl_00387;9;gob_tbl_01437,dlk_tbl_01121,dlk_tbl_01369,dlk_tbl_01411,gob_tbl_01144,dlk_ext_00018,dlk_ext_00160,dlk_ext_00253,proc_ext_00082
gob_proceso_0331;6;dlk_tbl_00144,dlk_tbl_00343,gob_tbl_00981,dlk_tbl_02243,proc_tbl_00817,dlk_tbl_01264;4;dlk_tbl_00045,dlk_tbl_01763,gob_ext_00097,gob_ext_00036
dlk_proceso_0332;2;gob_tbl_00916,dlk_tbl_01962;15;dash_tbl_00153,std_tbl_01451,gob_tbl_01808,gob_tbl_00731,gob_tbl_01442,proc_tbl_00614,gob_tbl_00931,gob_tbl_00426,proc_tbl_00898,gob_ext_00179,gob_ext_00100,dlk_ext_00118,dlk_ext_00098,dlk_ext_00002,gob_ext_00101
dash_proceso_0333;3;proc_tbl_00084,proc_tbl_00429,dlk_tbl_01977;11;gob_tbl_01240,dlk_tbl_00865,dlk_tbl_01556,proc_tbl_00380,dlk_tbl_01307,gob_tbl_00727,gob_ext_00227,dlk_ext_00018,gob_ext_00194,dash_ext_00067,gob_ext_00206
gob_proceso_0334;3;dlk_tbl_01875,gob_tbl_02036,gob_tbl_00736;4;dlk_tbl_02230,gob_tbl_00316,dlk_ext_00146,dlk_ext_00018
dlk_proceso_0335;6;gob_tbl_00189,dash_tbl_01061,gob_tbl_01522,dlk_tbl_00825,gob_tbl_02199,proc_tbl_00451;10;m4sco_tbl_01939,gob_tbl_02159,gob_tbl_00785,gob_tbl_00462,dlk_tbl_02129,dlk_tbl_00998,gob_ext_00226,gob_ext_00065,gob_ext_00176,dlk_ext_00257
proc_proceso_0336;4;dash_tbl_01283,gob_tbl_00964,gob_tbl_02234,dlk_tbl_00345;9;dlk_tbl_01360,gob_tbl_02072,dlk_tbl_02069,dlk_tbl_00887,gob_tbl_00171,gob_ext_00077,gob_ext_00177,dash_ext_00033,gob_ext_00143
dlk_proceso_0337;3;std_tbl_02032,dlk_tbl_01312,dlk_tbl_00962;9;dlk_tbl_01977,dlk_tbl_00729,gob_tbl_00870,proc_tbl_00655,dlk_tbl_01025,dlk_ext_00237,proc_ext_00037,gob_ext_00112,gob_ext_00260
dash_proceso_0338;6;gob_tbl_00175,gob_tbl_00289,gob_tbl_00229,proc_tbl_00787,gob_tbl_00051,dash_tbl_01180;6;gob_tbl_00899,gob_tbl_00359,m4sco_tbl_00374,dlk_ext_00109,dash_ext_00080,dash_ext_00182
gob_proceso_0339;6;gob_tbl_00709,dlk_tbl_02073,gob_tbl_01720,dash_tbl_00033,gob_tbl_00099,dlk_tbl_01320;6;dash_tbl_00624,dash_tbl_00154,dlk_tbl_01469,dlk_ext_00221,gob_ext_00101,gob_ext_00164
gob_proceso_0340;4;dlk_tbl_00226,dlk_tbl_01447,proc_tbl_01384,proc_tbl_02241;12;dlk_tbl_01544,dlk_tbl_00288,std_tbl_01919,gob_tbl_02174,proc_tbl_02201,dlk_tbl_02055,dlk_tbl_02071,dash_ext_00107,proc_ext_00152,dlk_ext_00193,gob_ext_00081,gob_ext_00063
dlk_proceso_0341;6;gob_tbl_01723,dlk_tbl_01986,gob_tbl_00203,dlk_tbl_00384,proc_tbl_01498,dlk_tbl_00707;4;gob_tbl_01153,dlk_tbl_00329,dlk_ext_00122,dlk_ext_00041
gob_proceso_0342;5;proc_tbl_01796,dlk_tbl_01398,dlk_tbl_02212,proc_tbl_02255,proc_tbl_00576;14;gob_tbl_01879,dlk_tbl_02107,dlk_tbl_01941,dash_tbl_01655,dlk_tbl_00333,gob_tbl_02199,m4sco_tbl_01939,dlk_tbl_00456,dlk_ext_00160,ppn_ext_00264,dlk_ext_00124,dlk_ext_00146,dlk_ext_00257,proc_ext_00245
proc_proceso_0343;6;proc_tbl_00562,dlk_tbl_01209,gob_tbl_00906,proc_tbl_00803,gob_tbl_00477,dlk_tbl_00773;12;gob_tbl_00392,dlk_tbl_00345,gob_tbl_01345,dlk_tbl_01453,gob_tbl_01515,gob_tbl_00212,gob_tbl_01594,dlk_ext_00041,gob_ext_00210,proc_ext_00072,gob_ext_00164,dash_ext_00220
proc_proceso_0344;4;std_tbl_01564,dlk_tbl_00062,gob_tbl_01177,proc_tbl_02267;9;m4vw_tbl_01373,gob_tbl_01344,gob_tbl_00978,dash_tbl_01417,proc_tbl_01561,gob_ext_00226,gob_ext_00265,gob_ext_00043,gob_ext_00112
dlk_proceso_0345;6;m4sco_tbl_01719,gob_tbl_00508,std_tbl_00258,proc_tbl_01831,m4sco_tbl_00904,m4vw_tbl_02091;13;dlk_tbl_00741,dash_tbl_00269,gob_tbl_00727,gob_tbl_01724,dlk_tbl_01637,gob_tbl_01096,dlk_tbl_00773,dlk_ext_00246,dlk_ext_00266,dash_ext_00220,gob_ext_00074,dlk_ext_00253,dlk_ext_00199
dlk_proceso_0346;3;dash_tbl_00243,dlk_tbl_01274,gob_tbl_02187;7;gob_tbl_01246,dlk_tbl_01811,dlk_tbl_01269,gob_tbl_01292,dlk_ext_00160,gob_ext_00194,proc_ext_00152
dlk_proceso_0347;2;dlk_tbl_01272,proc_tbl_00061;8;m4sco_tbl_01391,dlk_tbl_01014,proc_tbl_00710,gob_tbl_02125,dlk_tbl_02271,dlk_ext_00167,gob_ext_00238,dlk_ext_00141
dlk_proceso_0348;6;proc_tbl_01894,dlk_tbl_00423,std_tbl_01295,gob_tbl_00347,dash_tbl_02173,gob_tbl_01128;15;std_tbl_02149,proc_tbl_00120,gob_tbl_00013,proc_tbl_01957,proc_tbl_01108,proc_tbl_00463,dash_tbl_00664,dlk_tbl_01792,dlk_tbl_01519,dlk_ext_00012,gob_ext_00204,proc_ext_00241,dash_ext_00050,proc_ext_00184,proc_ext_00195
dlk_proceso_0349;6;gob_tbl_00488,gob_tbl_02050,gob_tbl_01670,dash_tbl_00735,dlk_tbl_01691,proc_tbl_01478;9;gob_tbl_01981,gob_tbl_02209,gob_tbl_02185,dlk_tbl_01599,gob_tbl_01131,proc_ext_00195,gob_ext_00240,gob_ext_00077,gob_ext_00062
dlk_proceso_0350;6;proc_tbl_00765,dlk_tbl_00102,std_tbl_00355,dlk_tbl_01455,gob_tbl_01189,gob_tbl_01973;13;gob_tbl_02076,proc_tbl_01021,gob_tbl_01348,dlk_tbl_01941,gob_tbl_01880,m4sco_tbl_00520,dlk_tbl_00345,dash_ext_00107,dlk_ext_00048,gob_ext_00106,gob_ext_00205,proc_ext_00108,std_ext_00006
dlk_proceso_0351;3;gob_tbl_01592,gob_tbl_00113,dash_tbl_00878;5;proc_tbl_01926,gob_tbl_01524,std_tbl_00840,gob_ext_00188,dlk_ext_00119
dlk_proceso_0352;5;dlk_tbl_00667,std_tbl_00012,dlk_tbl_00459,proc_tbl_00319,gob_tbl_01861;14;gob_tbl_01068,dash_tbl_01716,proc_tbl_01589,dlk_tbl_00334,gob_tbl_01689,dlk_tbl_00887,proc_tbl_01210,gob_tbl_00569,m4vw_ext_00019,dlk_ext_00054,m4vw_ext_00190,std_ext_00196,dlk_ext_00244,dash_ext_00220
gob_proceso_0353;3;gob_tbl_00490,gob_tbl_01485,proc_tbl_01173;13;gob_tbl_02111,m4sco_tbl_00458,gob_tbl_02074,proc_tbl_00157,proc_tbl_02201,gob_tbl_01603,proc_tbl_01210,proc_ext_00040,gob_ext_00028,gob_ext_00066,proc_ext_00027,gob_ext_00171,gob_ext_00148
proc_proceso_0354;5;dlk_tbl_00230,dlk_tbl_00584,gob_tbl_02164,dlk_tbl_01874,dlk_tbl_00056;8;dash_tbl_01350,m4vw_tbl_01419,gob_tbl_00776,dlk_tbl_00966,gob_tbl_01010,m4vw_ext_00019,gob_ext_00131,gob_ext_00148
proc_proceso_0355;5;dlk_tbl_00318,dlk_tbl_01481,gob_tbl_00863,gob_tbl_00854,m4vw_tbl_00143;8;proc_tbl_00902,dlk_tbl_00375,dash_tbl_00544,gob_tbl_00392,gob_tbl_00328,proc_ext_00241,dlk_ext_00047,dlk_ext_00008
dlk_proceso_0356;5;gob_tbl_00678,gob_tbl_02067,dlk_tbl_00706,dash_tbl_00732,dlk_tbl_02059;17;dlk_tbl_02001,m4sco_tbl_01160,proc_tbl_01309,proc_tbl_01323,gob_tbl_01690,dlk_tbl_02024,dlk_tbl_01412,gob_tbl_00503,dlk_tbl_01964,m4vw_tbl_00649,gob_ext_00036,gob_ext_00043,dlk_ext_00088,dlk_ext_00018,std_ext_00105,dash_ext_00078,dlk_ext_00075
dlk_proceso_0357;7;dlk_tbl_00471,std_tbl_01764,gob_tbl_01924,gob_tbl_01286,dlk_tbl_02178,dlk_tbl_02220,dlk_tbl_00217;10;dlk_tbl_00670,dlk_tbl_01060,gob_tbl_00162,dlk_tbl_00398,dlk_tbl_00607,dlk_tbl_01401,gob_ext_00005,gob_ext_00270,dlk_ext_00014,dlk_ext_00172
proc_proceso_0358;4;proc_tbl_02057,std_tbl_00613,dlk_tbl_00122,dlk_tbl_00455;4;std_tbl_00848,dlk_tbl_00027,proc_ext_00263,dlk_ext_00009
proc_proceso_0359;2;gob_tbl_01472,dlk_tbl_00835;8;gob_tbl_01315,gob_tbl_00945,gob_tbl_00872,dlk_tbl_01630,gob_tbl_01467,proc_ext_00233,gob_ext_00217,dlk_ext_00135
dlk_proceso_0360;7;ppn_tbl_00510,gob_tbl_01249,proc_tbl_01611,dash_tbl_01595,gob_tbl_01571,dlk_tbl_00227,dash_tbl_01044;10;dlk_tbl_02253,gob_tbl_01153,dlk_tbl_02071,dash_tbl_02265,dlk_tbl_01065,gob_tbl_00305,gob_ext_00036,dlk_ext_00130,dlk_ext_00014,dash_ext_00000
gob_proceso_0361;3;dash_tbl_02126,gob_tbl_00493,proc_tbl_01624;12;gob_tbl_02154,dlk_tbl_00857,proc_tbl_01521,gob_tbl_02116,gob_tbl_00350,dash_tbl_01012,std_tbl_01919,gob_ext_00240,gob_ext_00252,proc_ext_00241,dlk_ext_00261,gob_ext_00235
gob_proceso_0362;8;m4vw_tbl_02010,dlk_tbl_01317,gob_tbl_01524,gob_tbl_01682,gob_tbl_01929,dlk_tbl_01628,dlk_tbl_02001,dlk_tbl_00194;9;dash_tbl_01357,m4sco_tbl_01160,gob_tbl_00923,std_tbl_01501,gob_tbl_01288,dlk_ext_00003,proc_ext_00108,gob_ext_00051,m4vw_ext_00121
gob_proceso_0363;6;dlk_tbl_01944,gob_tbl_01813,gob_tbl_00586,proc_tbl_00223,proc_tbl_00419,dash_tbl_01357;12;m4sco_tbl_01939,m4sco_tbl_00788,dlk_tbl_01014,proc_tbl_00473,dlk_tbl_01502,dlk_tbl_00405,gob_tbl_01484,std_ext_00127,gob_ext_00077,dash_ext_00156,dlk_ext_00257,gob_ext_00188
gob_proceso_0364;5;gob_tbl_02156,dlk_tbl_01314,dlk_tbl_02275,dlk_tbl_01389,gob_tbl_01975;14;dlk_tbl_00551,gob_tbl_00870,gob_tbl_01096,gob_tbl_00812,proc_tbl_01623,dlk_tbl_00065,gob_tbl_01038,gob_tbl_01034,gob_ext_00153,gob_ext_00001,gob_ext_00179,gob_ext_00062,gob_ext_00076,gob_ext_00164
gob_proceso_0365;5;dlk_tbl_00192,gob_tbl_00366,gob_tbl_02185,dlk_tbl_00593,dlk_tbl_00592;7;dlk_tbl_02207,dash_tbl_00457,proc_tbl_00819,gob_tbl_00493,gob_ext_00114,gob_ext_00171,dash_ext_00128
dlk_proceso_0366;3;dash_tbl_01122,proc_tbl_01003,gob_tbl_01506;14;m4vw_tbl_01950,proc_tbl_00819,gob_tbl_00441,proc_tbl_00084,gob_tbl_00822,dash_tbl_01627,dlk_tbl_01499,dlk_tbl_00364,dlk_ext_00089,gob_ext_00001,gob_ext_00081,gob_ext_00101,dlk_ext_00257,proc_ext_00116
dlk_proceso_0367;4;gob_tbl_01482,std_tbl_00961,proc_tbl_01558,dlk_tbl_02121;11;gob_tbl_01981,gob_tbl_00831,gob_tbl_01467,dlk_tbl_01616,gob_tbl_01001,gob_tbl_00484,std_ext_00127,dash_ext_00182,gob_ext_00181,gob_ext_00144,proc_ext_00060
gob_proceso_0368;7;dlk_tbl_01637,dlk_tbl_00398,dlk_tbl_01441,dlk_tbl_00920,gob_tbl_01279,proc_tbl_01960,dlk_tbl_01261;9;gob_tbl_02095,std_tbl_02088,dlk_tbl_00459,dlk_tbl_01353,m4vw_tbl_02113,dlk_ext_00014,dash_ext_00107,dlk_ext_00256,dlk_ext_00095
gob_proceso_0369;6;dlk_tbl_01307,dash_tbl_01282,proc_tbl_01210,dlk_tbl_02026,dlk_tbl_00767,gob_tbl_01711;16;dlk_tbl_01972,gob_tbl_00289,dash_tbl_01201,dlk_tbl_00382,gob_tbl_01873,gob_tbl_01540,dlk_tbl_01146,gob_tbl_01062,dlk_tbl_01360,gob_ext_00206,dlk_ext_00170,dlk_ext_00064,gob_ext_00209,dlk_ext_00160,dash_ext_00080,gob_ext_00030
dlk_proceso_0370;4;gob_tbl_01204,dlk_tbl_00692,dlk_tbl_01654,gob_tbl_00926;9;dlk_tbl_01519,dlk_tbl_02197,gob_tbl_01291,dash_tbl_01044,gob_tbl_01028,dlk_ext_00129,gob_ext_00179,dlk_ext_00193,proc_ext_00108
dlk_proceso_0371;7;gob_tbl_01096,dlk_tbl_00512,dlk_tbl_00001,m4sco_tbl_00656,ppn_tbl_01404,dlk_tbl_01607,proc_tbl_02018;15;dlk_tbl_00257,dash_tbl_00541,gob_tbl_00909,dlk_tbl_02086,gob_tbl_01981,std_tbl_00012,gob_tbl_00793,proc_tbl_01905,gob_tbl_00013,dash_ext_00067,proc_ext_00233,proc_ext_00058,gob_ext_00158,dlk_ext_00123,gob_ext_00189
proc_proceso_0372;5;gob_tbl_00466,dlk_tbl_00369,gob_tbl_01702,dlk_tbl_01550,proc_tbl_01171;10;dlk_tbl_00211,gob_tbl_00092,dlk_tbl_01025,proc_tbl_01831,gob_tbl_00063,gob_tbl_01541,dlk_ext_00109,dlk_ext_00160,gob_ext_00066,dlk_ext_00024
gob_proceso_0373;4;gob_tbl_00720,gob_tbl_00438,dlk_tbl_00987,proc_tbl_01114;4;gob_tbl_00108,gob_tbl_02219,dlk_ext_00109,dash_ext_00090
gob_proceso_0374;6;proc_tbl_01088,gob_tbl_01917,dlk_tbl_00161,dlk_tbl_02233,dash_tbl_01913,dlk_tbl_02081;9;proc_tbl_00424,proc_tbl_00009,dlk_tbl_00883,proc_tbl_01662,proc_tbl_02221,dlk_ext_00180,dlk_ext_00008,dlk_ext_00173,dlk_ext_00266
gob_proceso_0375;8;gob_tbl_01036,m4vw_tbl_00074,std_tbl_01299,m4vw_tbl_00293,dlk_tbl_00716,gob_tbl_02169,gob_tbl_00526,dash_tbl_01754;5;proc_tbl_02163,std_tbl_00012,dash_tbl_00489,std_ext_00021,gob_ext_00035
dlk_proceso_0376;4;m4vw_tbl_01371,m4sco_tbl_00039,gob_tbl_00263,dlk_tbl_01688;7;dlk_tbl_00001,gob_tbl_00209,std_tbl_02034,dlk_tbl_02162,proc_ext_00072,gob_ext_00243,dlk_ext_00172
dlk_proceso_0377;8;gob_tbl_01013,dlk_tbl_00334,dlk_tbl_00823,dash_tbl_01903,gob_tbl_00417,ppn_tbl_00814,proc_tbl_01376,dlk_tbl_01450;5;ppn_tbl_01069,m4vw_tbl_00074,gob_tbl_00953,dlk_ext_00269,dlk_ext_00161
proc_proceso_0378;4;gob_tbl_00545,gob_tbl_01928,proc_tbl_01029,proc_tbl_01031;11;dlk_tbl_00665,gob_tbl_00501,std_tbl_02027,proc_tbl_01158,dlk_tbl_01897,gob_tbl_01446,proc_ext_00218,proc_ext_00212,dlk_ext_00003,dash_ext_00182,dlk_ext_00237
gob_proceso_0379;7;dlk_tbl_01976,gob_tbl_02045,std_tbl_01361,proc_tbl_02061,proc_tbl_01083,proc_tbl_00104,proc_tbl_02278;9;dlk_tbl_01434,dlk_tbl_00495,dlk_tbl_00062,m4vw_tbl_00927,gob_tbl_00841,dash_ext_00000,proc_ext_00126,gob_ext_00176,dash_ext_00182
proc_proceso_0380;2;dash_tbl_00792,gob_tbl_01199;7;ppn_tbl_01404,dlk_tbl_02097,dlk_tbl_00597,proc_tbl_00082,gob_ext_00011,m4sco_ext_00207,gob_ext_00144
proc_proceso_0381;6;dlk_tbl_01134,gob_tbl_01468,proc_tbl_00617,dash_tbl_01685,dash_tbl_02132,dlk_tbl_00480;6;dash_tbl_00115,dlk_tbl_00688,gob_tbl_02154,dlk_ext_00120,gob_ext_00144,dash_ext_00067
proc_proceso_0382;2;gob_tbl_01715,dlk_tbl_01137;13;dlk_tbl_00027,dash_tbl_01271,ppn_tbl_00907,gob_tbl_00776,proc_tbl_00819,proc_tbl_00284,ppn_tbl_02094,proc_ext_00040,proc_ext_00195,dash_ext_00067,dlk_ext_00246,dlk_ext_00166,dlk_ext_00225
proc_proceso_0383;7;gob_tbl_00864,gob_tbl_01038,dash_tbl_01743,gob_tbl_01999,proc_tbl_00505,dlk_tbl_01701,gob_tbl_02000;9;dash_tbl_00239,dlk_tbl_01121,gob_tbl_02076,gob_tbl_02125,dash_tbl_00349,gob_ext_00036,dlk_ext_00166,gob_ext_00227,gob_ext_00235
dlk_proceso_0384;3;dlk_tbl_00947,gob_tbl_01064,dlk_tbl_01135;11;gob_tbl_02125,std_tbl_00840,dlk_tbl_01983,proc_tbl_00449,dash_tbl_01854,gob_tbl_01356,gob_ext_00101,dlk_ext_00161,dash_ext_00132,gob_ext_00114,proc_ext_00137
dash_proceso_0385;4;dlk_tbl_01804,dlk_tbl_00917,gob_tbl_00751,proc_tbl_01418;7;dlk_tbl_01156,gob_tbl_00352,dlk_tbl_00839,dlk_tbl_00297,proc_ext_00115,dlk_ext_00172,gob_ext_00148
dash_proceso_0386;2;gob_tbl_01208,gob_tbl_01518;9;gob_tbl_00395,dlk_tbl_01347,gob_tbl_01921,gob_tbl_00085,proc_tbl_00803,gob_ext_00231,dlk_ext_00163,dlk_ext_00180,dlk_ext_00020
gob_proceso_0387;5;gob_tbl_01529,gob_tbl_01140,dlk_tbl_00090,dlk_tbl_02197,proc_tbl_00178;8;proc_tbl_01820,dlk_tbl_02055,dlk_tbl_00868,gob_tbl_00812,gob_tbl_01063,dlk_ext_00053,gob_ext_00209,gob_ext_00034
dash_proceso_0388;5;std_tbl_01919,gob_tbl_00231,ppn_tbl_01380,dlk_tbl_00388,proc_tbl_00527;13;dlk_tbl_00191,proc_tbl_01820,gob_tbl_01724,gob_tbl_00011,dlk_tbl_01014,gob_tbl_00313,gob_tbl_00092,dash_ext_00050,gob_ext_00001,gob_ext_00011,dlk_ext_00024,proc_ext_00037,proc_ext_00239
gob_proceso_0389;8;dlk_tbl_00535,dlk_tbl_00675,dash_tbl_01075,gob_tbl_01331,proc_tbl_00380,gob_tbl_01125,gob_tbl_01980,gob_tbl_01500;9;dlk_tbl_02020,proc_tbl_00713,dlk_tbl_00369,gob_tbl_01872,dlk_tbl_01336,proc_ext_00233,dash_ext_00156,std_ext_00127,proc_ext_00263
dlk_proceso_0390;8;gob_tbl_00133,proc_tbl_01801,std_tbl_00280,dlk_tbl_00597,gob_tbl_01348,gob_tbl_01885,gob_tbl_01868,dlk_tbl_02079;10;dlk_tbl_02025,dlk_tbl_01951,gob_tbl_01699,gob_tbl_00731,dlk_tbl_02121,std_tbl_02088,std_ext_00127,dlk_ext_00172,gob_ext_00258,gob_ext_00270
gob_proceso_0391;4;ppn_tbl_00533,dlk_tbl_01117,dash_tbl_01876,dlk_tbl_02228;11;gob_tbl_00322,dlk_tbl_00204,std_tbl_00840,dash_tbl_00659,proc_tbl_00833,dlk_tbl_01947,dlk_ext_00221,dash_ext_00045,dlk_ext_00178,gob_ext_00066,proc_ext_00108
dlk_proceso_0392;5;dlk_tbl_01918,dlk_tbl_00106,gob_tbl_01893,m4vw_tbl_01537,dlk_tbl_00125;7;gob_tbl_01153,gob_tbl_01901,dlk_tbl_01647,proc_tbl_00326,dlk_ext_00135,gob_ext_00171,dlk_ext_00159
gob_proceso_0393;6;gob_tbl_01859,proc_tbl_00739,dlk_tbl_00453,dlk_tbl_00867,dlk_tbl_01457,gob_tbl_01049;21;proc_tbl_00120,gob_tbl_01484,gob_tbl_00580,dash_tbl_00205,gob_tbl_01200,std_tbl_01493,gob_tbl_01223,dlk_tbl_01324,dlk_tbl_00405,dlk_tbl_00626,dlk_tbl_01972,gob_tbl_01872,gob_ext_00148,std_ext_00272,gob_ext_00206,dlk_ext_00014,std_ext_00250,gob_ext_00144,gob_ext_00051,dash_ext_00050,gob_ext_00038
dlk_proceso_0394;7;gob_tbl_01247,dlk_tbl_00020,dash_tbl_00400,proc_tbl_00082,gob_tbl_00951,m4vw_tbl_00034,gob_tbl_01345;15;dlk_tbl_01503,proc_tbl_00409,dlk_tbl_01787,dlk_tbl_00468,proc_tbl_01898,dlk_tbl_00681,dlk_tbl_01933,gob_tbl_00879,gob_tbl_02252,std_ext_00272,dlk_ext_00096,gob_ext_00028,dash_ext_00000,std_ext_00006,dlk_ext_00141
gob_proceso_0395;6;gob_tbl_02204,std_tbl_01888,dlk_tbl_00948,dlk_tbl_01305,dlk_tbl_00002,proc_tbl_00976;10;dlk_tbl_01788,dlk_tbl_02270,gob_tbl_01497,gob_tbl_00193,gob_tbl_00147,dlk_tbl_01452,gob_ext_00270,dlk_ext_00224,std_ext_00006,dlk_ext_00014
gob_proceso_0396;6;dlk_tbl_01686,gob_tbl_02252,dash_tbl_01241,dash_tbl_02056,gob_tbl_01525,gob_tbl_00785;13;proc_tbl_00643,gob_tbl_01678,m4sco_tbl_01542,dash_tbl_01104,dlk_tbl_02078,std_tbl_01295,dash_tbl_00502,gob_ext_00243,proc_ext_00195,std_ext_00105,proc_ext_00015,gob_ext_00209,gob_ext_00144
dlk_proceso_0397;5;gob_tbl_00873,gob_tbl_01569,gob_tbl_00295,gob_tbl_00782,gob_tbl_00561;8;std_tbl_01301,gob_tbl_00720,dlk_tbl_01654,gob_tbl_02159,dlk_tbl_00222,dlk_ext_00166,gob_ext_00255,dlk_ext_00172
dlk_proceso_0398;8;m4vw_tbl_00218,proc_tbl_01779,dlk_tbl_02238,dlk_tbl_00498,dash_tbl_00415,dlk_tbl_01364,dlk_tbl_00176,dlk_tbl_00672;10;gob_tbl_01780,gob_tbl_01569,proc_tbl_01815,dlk_tbl_01097,dlk_tbl_01305,gob_tbl_01392,proc_ext_00015,proc_ext_00061,gob_ext_00035,proc_ext_00055
gob_proceso_0399;6;dlk_tbl_00323,std_tbl_01896,dlk_tbl_02152,dlk_tbl_01727,dlk_tbl_00470,std_tbl_01614;13;gob_tbl_00490,dash_tbl_02056,dlk_tbl_00020,dash_tbl_00202,std_tbl_01629,proc_tbl_00380,proc_tbl_00722,dash_ext_00052,gob_ext_00148,dlk_ext_00111,dlk_ext_00229,dash_ext_00104,dash_ext_00132
gob_proceso_0400;4;dash_tbl_00489,m4sco_tbl_01943,gob_tbl_01902,dlk_tbl_01011;7;gob_tbl_01395,proc_tbl_01536,proc_tbl_00009,dlk_tbl_00273,gob_ext_00100,dlk_ext_00024,dlk_ext_00020
dash_proceso_0401;3;gob_tbl_00290,gob_tbl_02236,dlk_tbl_00887;11;dlk_tbl_00167,dlk_tbl_00672,proc_tbl_00360,dash_tbl_01627,dash_tbl_02193,gob_tbl_02209,gob_ext_00243,dlk_ext_00024,proc_ext_00108,gob_ext_00101,dlk_ext_00003
dlk_proceso_0402;4;dlk_tbl_01167,gob_tbl_01027,std_tbl_01046,gob_tbl_02183;5;ppn_tbl_00010,dlk_tbl_02079,gob_tbl_00951,dlk_ext_00199,dlk_ext_00249
proc_proceso_0403;4;gob_tbl_01694,gob_tbl_01744,gob_tbl_01978,ppn_tbl_02250;14;gob_tbl_01946,gob_tbl_00949,std_tbl_01919,dlk_tbl_02019,gob_tbl_00006,gob_tbl_01153,gob_tbl_00872,dash_tbl_02132,dlk_ext_00032,proc_ext_00241,gob_ext_00202,dlk_ext_00257,dlk_ext_00135,dlk_ext_00172
proc_proceso_0404;5;gob_tbl_01695,proc_tbl_01265,gob_tbl_02180,proc_tbl_00416,dlk_tbl_00404;12;std_tbl_01033,proc_tbl_00463,dlk_tbl_01509,gob_tbl_00006,gob_tbl_02148,dash_tbl_01044,gob_tbl_01068,dlk_ext_00124,dlk_ext_00024,dash_ext_00185,proc_ext_00082,gob_ext_00030
gob_proceso_0405;4;dlk_tbl_00717,dlk_tbl_00568,gob_tbl_01597,dlk_tbl_00391;6;dash_tbl_00664,dlk_tbl_00067,gob_tbl_02108,gob_ext_00265,m4vw_ext_00019,gob_ext_00076
dash_proceso_0406;5;dlk_tbl_01683,std_tbl_00623,gob_tbl_00021,dlk_tbl_01513,gob_tbl_01143;10;dlk_tbl_01412,dlk_tbl_01994,dlk_tbl_00040,dlk_tbl_00453,dlk_tbl_01672,proc_tbl_00274,dash_ext_00039,dlk_ext_00159,dlk_ext_00123,proc_ext_00245
dlk_proceso_0407;4;dlk_tbl_00377,gob_tbl_00870,proc_tbl_00105,dlk_tbl_02112;9;m4vw_tbl_00649,gob_tbl_00159,dlk_tbl_01367,dash_tbl_01854,dlk_tbl_01097,dlk_ext_00125,gob_ext_00114,dlk_ext_00041,std_ext_00021
dlk_proceso_0408;2;proc_tbl_01004,dlk_tbl_01864;5;m4vw_tbl_01810,dash_tbl_02046,gob_tbl_01555,gob_ext_00011,dlk_ext_00109
gob_proceso_0409;4;dlk_tbl_00382,dlk_tbl_00789,gob_tbl_01728,dlk_tbl_01847;6;dash_tbl_00589,gob_tbl_01315,gob_tbl_01805,gob_ext_00114,gob_ext_00022,dash_ext_00185
dlk_proceso_0410;6;gob_tbl_02148,gob_tbl_02040,gob_tbl_00506,gob_tbl_01089,proc_tbl_01557,gob_tbl_00287;4;dlk_tbl_02055,proc_tbl_02221,dlk_ext_00130,dlk_ext_00141
gob_proceso_0411;4;dlk_tbl_01545,gob_tbl_01191,proc_tbl_01521,dlk_tbl_00871;4;gob_tbl_01639,gob_tbl_01006,gob_ext_00066,dash_ext_00067
dlk_proceso_0412;2;proc_tbl_00331,dlk_tbl_02228;9;m4sco_tbl_01719,proc_tbl_00157,gob_tbl_00017,dash_tbl_00901,dash_tbl_01282,dash_ext_00000,dlk_ext_00111,gob_ext_00131,gob_ext_00028
proc_proceso_0413;5;gob_tbl_00748,proc_tbl_01566,dlk_tbl_02053,gob_tbl_00152,dlk_tbl_01586;4;dlk_tbl_00950,proc_tbl_00481,dlk_ext_00173,dlk_ext_00064
dlk_proceso_0414;6;gob_tbl_02276,dlk_tbl_00743,proc_tbl_01159,proc_tbl_00790,gob_tbl_01053,gob_tbl_01284;11;gob_tbl_01924,gob_tbl_01392,dlk_tbl_01264,dlk_tbl_01792,dlk_tbl_02230,dlk_tbl_01176,dlk_ext_00004,dlk_ext_00160,proc_ext_00058,gob_ext_00134,dlk_ext_00200
gob_proceso_0415;2;proc_tbl_01526,dash_tbl_01104;5;dash_tbl_02056,dash_tbl_01627,proc_tbl_02221,gob_ext_00131,dlk_ext_00191
proc_proceso_0416;5;dash_tbl_02265,gob_tbl_02093,dlk_tbl_00281,gob_tbl_00567,dlk_tbl_01600;19;proc_tbl_00481,proc_tbl_00064,std_tbl_01530,dlk_tbl_01326,m4vw_tbl_00676,proc_tbl_02049,dlk_tbl_02121,std_tbl_02085,proc_tbl_01171,m4vw_tbl_00523,gob_tbl_00301,proc_ext_00108,dlk_ext_00160,dlk_ext_00110,dlk_ext_00014,gob_ext_00210,dlk_ext_00054,proc_ext_00212,gob_ext_00148
gob_proceso_0417;3;dash_tbl_01109,dlk_tbl_00437,gob_tbl_00594;9;dlk_tbl_01700,gob_tbl_00932,dlk_tbl_01057,dlk_tbl_00220,gob_tbl_01068,gob_ext_00011,gob_ext_00043,gob_ext_00066,proc_ext_00184
proc_proceso_0418;6;gob_tbl_00373,dlk_tbl_00843,proc_tbl_01379,gob_tbl_01023,gob_tbl_00575,dlk_tbl_01596;12;dlk_tbl_01388,gob_tbl_01437,m4vw_tbl_02113,dlk_tbl_00866,gob_tbl_01010,dlk_tbl_00192,gob_tbl_00024,proc_ext_00147,gob_ext_00169,gob_ext_00258,dlk_ext_00085,proc_ext_00241
gob_proceso_0419;2;dlk_tbl_01855,gob_tbl_01473;8;gob_tbl_01670,dash_tbl_01595,dlk_tbl_01274,dlk_tbl_00711,gob_tbl_01315,gob_ext_00201,gob_ext_00150,dlk_ext_00269
proc_proceso_0420;7;proc_tbl_00274,dlk_tbl_01297,m4sco_tbl_00458,gob_tbl_01337,dlk_tbl_00256,dlk_tbl_01765,dlk_tbl_02190;10;proc_tbl_00614,proc_tbl_00246,std_tbl_01675,dlk_tbl_00780,dlk_tbl_01097,gob_tbl_02066,proc_ext_00010,gob_ext_00240,gob_ext_00242,proc_ext_00082
gob_proceso_0421;6;dlk_tbl_00240,gob_tbl_01335,dlk_tbl_00329,dlk_tbl_01052,gob_tbl_00915,gob_tbl_02226;8;gob_tbl_01985,gob_tbl_01850,proc_tbl_00029,dlk_tbl_01503,dlk_tbl_00448,dlk_ext_00161,gob_ext_00036,gob_ext_00171
dlk_proceso_0422;2;gob_tbl_00159,gob_tbl_01848;6;gob_tbl_02095,dlk_tbl_00196,proc_tbl_00104,dlk_ext_00246,dlk_ext_00160,gob_ext_00036
dlk_proceso_0423;2;dlk_tbl_02224,dlk_tbl_02048;9;std_tbl_00961,m4sco_tbl_01719,gob_tbl_01298,ppn_tbl_01940,proc_tbl_01898,dlk_ext_00237,dlk_ext_00088,proc_ext_00072,dlk_ext_00178
gob_proceso_0424;2;proc_tbl_00876,dlk_tbl_01086;9;dlk_tbl_01060,gob_tbl_00770,dlk_tbl_00851,ppn_tbl_00907,gob_tbl_01467,dlk_ext_00031,gob_ext_00149,gob_ext_00071,dlk_ext_00173
proc_proceso_0425;8;std_tbl_01704,dlk_tbl_02262,dash_tbl_01655,dash_tbl_01432,std_tbl_01490,gob_tbl_00608,proc_tbl_01987,gob_tbl_00018;19;gob_tbl_01985,std_tbl_01675,gob_tbl_00605,proc_tbl_00476,dlk_tbl_01775,dlk_tbl_00437,dash_tbl_00100,proc_tbl_00657,dlk_tbl_00266,dlk_tbl_00314,gob_tbl_00845,gob_ext_00187,dlk_ext_00166,gob_ext_00260,dlk_ext_00253,dlk_ext_00133,dlk_ext_00109,gob_ext_00131,dlk_ext_00024
proc_proceso_0426;2;dlk_tbl_02161,dlk_tbl_02274;7;dlk_tbl_00851,gob_tbl_00209,dlk_tbl_01353,gob_tbl_01980,dash_ext_00132,dash_ext_00000,gob_ext_00066
gob_proceso_0427;4;dlk_tbl_00045,dlk_tbl_02271,gob_tbl_01344,gob_tbl_00440;8;std_tbl_01629,gob_tbl_02074,dlk_tbl_00730,gob_tbl_02204,gob_tbl_00754,dlk_ext_00139,gob_ext_00157,gob_ext_00171
gob_proceso_0428;5;m4sco_tbl_00520,dlk_tbl_01959,proc_tbl_00888,dlk_tbl_01175,dlk_tbl_02006;14;gob_tbl_02218,dlk_tbl_00843,dlk_tbl_01326,m4vw_tbl_01907,dash_tbl_00577,dlk_tbl_01727,dlk_tbl_00454,dlk_tbl_01897,m4sco_ext_00207,dash_ext_00067,gob_ext_00042,dash_ext_00000,proc_ext_00108,gob_ext_00134
dlk_proceso_0429;3;dlk_tbl_02260,gob_tbl_01319,gob_tbl_00300;11;proc_tbl_01114,dlk_tbl_01186,ppn_tbl_01404,gob_tbl_00173,gob_tbl_01308,proc_tbl_01366,proc_ext_00241,proc_ext_00010,dash_ext_00156,gob_ext_00260,gob_ext_00209
proc_proceso_0430;5;proc_tbl_00647,dash_tbl_00170,std_tbl_01501,gob_tbl_02100,proc_tbl_00077;8;dash_tbl_01539,gob_tbl_01063,gob_tbl_00263,dlk_tbl_01725,dlk_tbl_00757,dlk_ext_00191,dash_ext_00220,gob_ext_00101
gob_proceso_0431;4;proc_tbl_00612,dash_tbl_01322,dlk_tbl_00220,gob_tbl_00361;12;gob_tbl_00945,dlk_tbl_01479,dlk_tbl_01146,gob_tbl_01068,dlk_tbl_01367,proc_tbl_01108,dlk_tbl_02059,dlk_ext_00262,dlk_ext_00095,gob_ext_00081,dlk_ext_00163,dlk_ext_00191
gob_proceso_0432;7;dlk_tbl_02012,dlk_tbl_01359,proc_tbl_01076,gob_tbl_00408,gob_tbl_01565,m4vw_tbl_02113,dlk_tbl_00204;4;dlk_tbl_00273,gob_tbl_01080,gob_ext_00001,dlk_ext_00139
gob_proceso_0433;4;gob_tbl_01622,dlk_tbl_00095,gob_tbl_00521,gob_tbl_02218;4;dlk_tbl_00982,proc_tbl_00657,gob_ext_00171,gob_ext_00035
gob_proceso_0434;4;ppn_tbl_02246,dlk_tbl_00571,gob_tbl_01681,dlk_tbl_02118;4;proc_tbl_00429,dlk_tbl_00747,dash_ext_00156,dlk_ext_00110
gob_proceso_0435;4;proc_tbl_00298,dlk_tbl_00883,dlk_tbl_01369,dlk_tbl_01370;6;dlk_tbl_01637,dlk_tbl_01938,dash_tbl_00150,m4vw_ext_00019,gob_ext_00164,dlk_ext_00031
gob_proceso_0436;4;dlk_tbl_00816,gob_tbl_01066,proc_tbl_00925,gob_tbl_01246;11;gob_tbl_01008,dlk_tbl_01479,gob_tbl_00081,dlk_tbl_01968,dlk_tbl_00065,dlk_tbl_00937,dlk_ext_00160,dlk_ext_00120,dlk_ext_00146,gob_ext_00102,dlk_ext_00172
proc_proceso_0437;7;proc_tbl_00834,gob_tbl_00759,gob_tbl_00849,proc_tbl_02263,gob_tbl_01437,gob_tbl_01781,m4sco_tbl_00725;11;dlk_tbl_00465,dlk_tbl_00596,proc_tbl_01032,dlk_tbl_00665,gob_tbl_01921,dlk_tbl_00781,dlk_ext_00191,proc_ext_00241,dlk_ext_00173,dlk_ext_00135,m4vw_ext_00121
gob_proceso_0438;2;dlk_tbl_01423,dlk_tbl_01132;12;dash_tbl_02082,gob_tbl_00981,gob_tbl_00285,gob_tbl_01711,proc_tbl_02175,gob_tbl_01459,gob_tbl_01809,proc_ext_00072,gob_ext_00066,dlk_ext_00165,dlk_ext_00089,gob_ext_00226
dash_proceso_0439;4;dlk_tbl_01037,proc_tbl_01416,dlk_tbl_01774,gob_tbl_00352;6;gob_tbl_00066,proc_tbl_00790,dlk_tbl_01504,gob_ext_00202,ppn_ext_00094,dlk_ext_00002
dlk_proceso_0440;4;gob_tbl_00872,gob_tbl_00096,gob_tbl_01747,dlk_tbl_02184;7;proc_tbl_00833,gob_tbl_01786,proc_tbl_01054,gob_tbl_00899,gob_ext_00268,dlk_ext_00020,gob_ext_00101
dlk_proceso_0441;6;gob_tbl_00760,gob_tbl_01538,dlk_tbl_00252,proc_tbl_01562,gob_tbl_01256,dash_tbl_00248;10;gob_tbl_01945,gob_tbl_02160,gob_tbl_00462,dlk_tbl_01317,proc_tbl_00383,dlk_tbl_01803,proc_ext_00037,dlk_ext_00070,gob_ext_00036,dlk_ext_00133
dlk_proceso_0442;5;dash_tbl_00566,gob_tbl_00992,std_tbl_00283,dlk_tbl_01175,dash_tbl_01273;8;proc_tbl_00118,proc_tbl_00091,gob_tbl_01836,gob_tbl_00385,dash_tbl_00783,proc_ext_00126,gob_ext_00171,proc_ext_00245
gob_proceso_0443;4;gob_tbl_01515,gob_tbl_00949,dlk_tbl_00357,gob_tbl_02084;12;gob_tbl_02062,proc_tbl_00082,dlk_tbl_02020,dlk_tbl_02269,gob_tbl_01090,gob_tbl_00899,dlk_tbl_02215,dlk_ext_00259,dash_ext_00128,gob_ext_00028,dlk_ext_00246,dlk_ext_00047
dlk_proceso_0444;5;dlk_tbl_02020,gob_tbl_02210,dlk_tbl_01619,dlk_tbl_01368,gob_tbl_01329;8;gob_tbl_00661,gob_tbl_00462,gob_tbl_01240,dash_tbl_01012,dlk_tbl_01197,dlk_ext_00095,gob_ext_00238,gob_ext_00051
proc_proceso_0445;6;dlk_tbl_01401,gob_tbl_01528,gob_tbl_01879,dlk_tbl_00757,gob_tbl_02280,gob_tbl_00436;13;gob_tbl_00909,dlk_tbl_01615,proc_tbl_01581,proc_tbl_00712,m4sco_tbl_00130,proc_tbl_01726,gob_tbl_00385,dlk_ext_00199,dash_ext_00067,dlk_ext_00246,dlk_ext_00088,gob_ext_00260,proc_ext_00184
dlk_proceso_0446;4;dash_tbl_00664,gob_tbl_00682,gob_tbl_00841,gob_tbl_02170;10;gob_tbl_02066,proc_tbl_00463,dlk_tbl_01617,dlk_tbl_00721,m4vw_tbl_01371,gob_tbl_01744,dlk_ext_00041,proc_ext_00040,gob_ext_00062,dlk_ext_00163
dlk_proceso_0447;6;gob_tbl_01484,dlk_tbl_00963,dlk_tbl_00913,gob_tbl_00236,dash_tbl_02195,proc_tbl_00819;9;dash_tbl_01262,proc_tbl_01309,dash_tbl_01417,gob_tbl_01191,proc_tbl_00299,gob_ext_00240,gob_ext_00097,proc_ext_00010,dlk_ext_00120
dash_proceso_0448;7;dash_tbl_01657,dash_tbl_01539,dlk_tbl_01162,gob_tbl_01636,gob_tbl_01240,gob_tbl_02171,gob_tbl_01922;9;proc_tbl_01533,dlk_tbl_01047,gob_tbl_01747,proc_tbl_01265,gob_tbl_02042,dlk_ext_00160,dlk_ext_00165,proc_ext_00239,dlk_ext_00166
gob_proceso_0449;8;dlk_tbl_00912,proc_tbl_01021,dlk_tbl_00384,dash_tbl_01514,proc_tbl_01646,ppn_tbl_00662,gob_tbl_00337,gob_tbl_01292;6;dlk_tbl_00924,proc_tbl_01416,gob_tbl_01319,dlk_ext_00041,gob_ext_00270,dlk_ext_00014
dlk_proceso_0450;2;gob_tbl_00674,dash_tbl_00705;15;proc_tbl_01624,dlk_tbl_00816,m4vw_tbl_00784,dlk_tbl_01471,proc_tbl_02272,dlk_tbl_01289,proc_tbl_00409,dlk_tbl_00924,gob_tbl_01567,proc_ext_00241,m4sco_ext_00207,dash_ext_00220,dlk_ext_00167,gob_ext_00240,gob_ext_00066
proc_proceso_0451;4;m4vw_tbl_01409,dash_tbl_02022,dash_tbl_00005,gob_tbl_01144;10;proc_tbl_00163,gob_tbl_00158,gob_tbl_01668,m4vw_tbl_00472,dlk_tbl_00333,gob_tbl_01588,dash_ext_00220,dlk_ext_00096,std_ext_00196,dash_ext_00067
dash_proceso_0452;7;proc_tbl_00712,gob_tbl_02124,gob_tbl_01883,gob_tbl_00245,dash_tbl_01659,dlk_tbl_01190,proc_tbl_00326;9;gob_tbl_01488,gob_tbl_02105,dlk_tbl_01365,dlk_tbl_00638,proc_tbl_00787,dlk_ext_00130,dlk_ext_00221,proc_ext_00069,dlk_ext_00044
gob_proceso_0453;4;dlk_tbl_02202,dlk_tbl_00257,dlk_tbl_01886,gob_tbl_01873;7;gob_tbl_00081,dlk_tbl_01135,dlk_tbl_01399,std_tbl_00012,dlk_ext_00253,proc_ext_00126,gob_ext_00077
dlk_proceso_0454;8;m4sco_tbl_01212,dlk_tbl_01347,dlk_tbl_01587,gob_tbl_00038,dlk_tbl_01148,gob_tbl_00442,dash_tbl_00703,gob_tbl_01812;5;m4sco_tbl_00788,gob_tbl_00080,dlk_tbl_00191,dlk_ext_00109,gob_ext_00153
dlk_proceso_0455;2;gob_tbl_01605,gob_tbl_01832;7;gob_tbl_00232,gob_tbl_02140,std_tbl_02165,gob_tbl_00926,proc_ext_00061,proc_ext_00069,dlk_ext_00095
gob_proceso_0456;6;dlk_tbl_01937,gob_tbl_00759,gob_tbl_01892,gob_tbl_00315,dash_tbl_00544,dlk_tbl_00590;9;gob_tbl_01303,proc_tbl_01210,dlk_tbl_01126,dash_tbl_01206,dlk_tbl_01192,dlk_ext_00244,gob_ext_00101,proc_ext_00233,dlk_ext_00003
dlk_proceso_0457;4;m4sco_tbl_00788,ppn_tbl_01997,dlk_tbl_00603,gob_tbl_01130;4;gob_tbl_01695,dash_tbl_01334,std_ext_00272,proc_ext_00037
dlk_proceso_0458;3;gob_tbl_00328,proc_tbl_01949,gob_tbl_00633;4;gob_tbl_00906,gob_tbl_01183,gob_ext_00035,dlk_ext_00172
dlk_proceso_0459;4;proc_tbl_00107,dlk_tbl_01487,dlk_tbl_01798,proc_tbl_00763;9;dlk_tbl_00825,dlk_tbl_01050,gob_tbl_01768,dlk_tbl_01035,dlk_tbl_02048,dlk_ext_00180,dlk_ext_00155,gob_ext_00005,dlk_ext_00123
gob_proceso_0460;7;dlk_tbl_00644,dlk_tbl_01553,gob_tbl_01956,gob_tbl_01139,dlk_tbl_00332,gob_tbl_00543,proc_tbl_01393;10;m4vw_tbl_00676,dlk_tbl_02026,gob_tbl_02146,gob_tbl_00805,dlk_tbl_00146,gob_tbl_02280,dlk_ext_00237,gob_ext_00076,gob_ext_00101,proc_ext_00241
gob_proceso_0461;7;gob_tbl_00956,gob_tbl_02062,dlk_tbl_00651,dlk_tbl_01773,dlk_tbl_02055,gob_tbl_00278,dash_tbl_00202;9;std_tbl_02032,proc_tbl_01004,dlk_tbl_01209,dlk_tbl_00616,dash_tbl_00248,gob_ext_00066,proc_ext_00254,gob_ext_00251,dlk_ext_00031
dlk_proceso_0462;3;gob_tbl_00909,proc_tbl_02205,gob_tbl_00565;13;m4vw_tbl_00310,dash_tbl_00126,gob_tbl_01172,gob_tbl_01497,gob_tbl_01141,gob_tbl_00879,gob_tbl_02000,dlk_ext_00167,dlk_ext_00269,dash_ext_00128,gob_ext_00177,gob_ext_00235,gob_ext_00179
gob_proceso_0463;6;gob_tbl_00322,gob_tbl_00484,proc_tbl_02039,proc_tbl_00972,proc_tbl_00174,std_tbl_00042;11;gob_tbl_01579,dlk_tbl_02186,dlk_tbl_00687,dlk_tbl_00955,dlk_tbl_00318,gob_tbl_00842,dlk_ext_00064,dlk_ext_00124,gob_ext_00114,dlk_ext_00139,gob_ext_00148
dlk_proceso_0464;4;ppn_tbl_01940,dlk_tbl_01294,proc_tbl_00991,dlk_tbl_01040;4;dlk_tbl_00884,dlk_tbl_00405,gob_ext_00148,gob_ext_00177
gob_proceso_0465;6;gob_tbl_01698,dlk_tbl_01155,gob_tbl_01497,gob_tbl_00671,gob_tbl_01293,std_tbl_01733;5;gob_tbl_02110,gob_tbl_00640,gob_tbl_00131,proc_ext_00115,gob_ext_00238
dlk_proceso_0466;6;dlk_tbl_00344,m4sco_tbl_00698,dlk_tbl_01227,gob_tbl_02235,proc_tbl_01840,m4vw_tbl_01810;9;gob_tbl_01540,dlk_tbl_00056,proc_tbl_00990,gob_tbl_01006,gob_tbl_00625,gob_ext_00265,gob_ext_00255,gob_ext_00164,proc_ext_00016
gob_proceso_0467;5;dlk_tbl_02011,gob_tbl_00135,dlk_tbl_00244,dlk_tbl_01057,dlk_tbl_02239;7;dlk_tbl_00692,dlk_tbl_01800,gob_tbl_01795,dlk_tbl_00868,proc_ext_00239,dlk_ext_00230,gob_ext_00131
dash_proceso_0468;8;dlk_tbl_01762,dash_tbl_01239,ppn_tbl_00312,dlk_tbl_01048,dlk_tbl_01367,proc_tbl_01439,dlk_tbl_02069,gob_tbl_02108;10;proc_tbl_00874,dlk_tbl_01365,gob_tbl_01880,proc_tbl_00700,gob_tbl_02125,dlk_tbl_00747,gob_ext_00051,dlk_ext_00141,dlk_ext_00018,dlk_ext_00123
dlk_proceso_0469;4;dlk_tbl_00857,gob_tbl_01757,proc_tbl_00595,m4vw_tbl_01669;10;dash_tbl_00740,gob_tbl_01872,gob_tbl_01395,dlk_tbl_02001,proc_tbl_02098,dlk_tbl_01103,gob_ext_00164,gob_ext_00227,dlk_ext_00170,dash_ext_00078
gob_proceso_0470;5;dlk_tbl_00875,dash_tbl_00628,proc_tbl_00556,dlk_tbl_01923,dlk_tbl_00259;14;proc_tbl_01820,gob_tbl_01834,dlk_tbl_01156,dlk_tbl_00268,gob_tbl_00300,proc_tbl_00284,m4vw_tbl_01907,dlk_tbl_00329,gob_ext_00238,ppn_ext_00211,gob_ext_00022,proc_ext_00239,proc_ext_00184,gob_ext_00011
dlk_proceso_0471;6;proc_tbl_00009,gob_tbl_00661,dlk_tbl_01260,proc_tbl_01507,proc_tbl_00376,gob_tbl_00642;9;proc_tbl_01856,gob_tbl_02199,dlk_tbl_01018,m4sco_tbl_00520,dlk_tbl_00492,dash_ext_00128,std_ext_00006,gob_ext_00226,dash_ext_00104
gob_proceso_0472;3;gob_tbl_01019,proc_tbl_01906,proc_tbl_00267;14;proc_tbl_00952,dlk_tbl_02259,std_tbl_00302,proc_tbl_01076,gob_tbl_01665,proc_tbl_00219,gob_tbl_01921,proc_tbl_00965,proc_ext_00060,std_ext_00215,dlk_ext_00230,dlk_ext_00031,proc_ext_00236,dlk_ext_00170
proc_proceso_0473;6;gob_tbl_02068,proc_tbl_00965,dlk_tbl_00185,dlk_tbl_00933,gob_tbl_01200,dlk_tbl_01961;5;dlk_tbl_01874,dlk_tbl_01503,std_tbl_02153,proc_ext_00010,gob_ext_00007
gob_proceso_0474;2;dlk_tbl_00266,dlk_tbl_01082;9;dlk_tbl_00908,gob_tbl_01345,dash_tbl_00541,gob_tbl_01153,gob_tbl_00484,gob_ext_00081,proc_ext_00218,gob_ext_00226,gob_ext_00001
gob_proceso_0475;3;dlk_tbl_00303,dash_tbl_00702,gob_tbl_02111;17;gob_tbl_01821,gob_tbl_01771,gob_tbl_01288,gob_tbl_02268,dash_tbl_00705,dlk_tbl_00638,gob_tbl_01981,dlk_tbl_00889,dlk_tbl_01346,gob_tbl_02004,gob_ext_00042,dlk_ext_00085,gob_ext_00102,gob_ext_00240,gob_ext_00238,proc_ext_00184,dlk_ext_00246
proc_proceso_0476;2;dlk_tbl_01097,proc_tbl_01534;13;gob_tbl_01144,dlk_tbl_00382,dlk_tbl_01259,proc_tbl_01265,dlk_tbl_01951,proc_tbl_00298,gob_tbl_01956,gob_ext_00188,dlk_ext_00004,gob_ext_00028,gob_ext_00007,gob_ext_00255,proc_ext_00069
proc_proceso_0477;7;m4sco_tbl_00374,m4vw_tbl_00927,dlk_tbl_00688,dash_tbl_01649,proc_tbl_01971,dash_tbl_00155,proc_tbl_01585;9;std_tbl_00940,dlk_tbl_01503,dlk_tbl_00469,dlk_tbl_01264,dlk_tbl_00030,gob_ext_00005,gob_ext_00066,dash_ext_00132,dlk_ext_00155
dash_proceso_0478;2;dlk_tbl_00946,gob_tbl_01387;12;proc_tbl_02147,gob_tbl_00674,gob_tbl_01786,std_tbl_01295,dash_tbl_00628,dlk_tbl_01216,dlk_tbl_00332,dlk_ext_00135,gob_ext_00131,gob_ext_00148,proc_ext_00037,dlk_ext_00047
dash_proceso_0479;4;gob_tbl_01776,m4vw_tbl_01133,dlk_tbl_00228,ppn_tbl_00907;4;dlk_tbl_00161,dlk_tbl_00427,proc_ext_00126,dlk_ext_00014
gob_proceso_0480;3;dash_tbl_01206,gob_tbl_01993,dash_tbl_01226;8;gob_tbl_00762,dlk_tbl_00724,dlk_tbl_01274,gob_tbl_02068,proc_tbl_00246,gob_ext_00134,dlk_ext_00160,gob_ext_00101
dlk_proceso_0481;8;gob_tbl_02105,proc_tbl_00900,dlk_tbl_00626,gob_tbl_02138,gob_tbl_01308,dlk_tbl_01433,dash_tbl_00411,gob_tbl_00769;9;std_tbl_00885,dlk_tbl_00343,gob_tbl_00995,proc_tbl_02175,gob_tbl_02038,dlk_ext_00225,gob_ext_00101,dlk_ext_00160,proc_ext_00137
gob_proceso_0482;5;gob_tbl_01429,std_tbl_01355,proc_tbl_00360,gob_tbl_01568,dlk_tbl_01890;7;dlk_tbl_01148,gob_tbl_00926,gob_tbl_00420,gob_tbl_01484,dlk_ext_00130,gob_ext_00114,gob_ext_00005
gob_proceso_0483;5;gob_tbl_01935,dlk_tbl_00136,dlk_tbl_02166,proc_tbl_00655,gob_tbl_00986;12;m4vw_tbl_00472,gob_tbl_01022,gob_tbl_00413,gob_tbl_00359,dlk_tbl_01126,dlk_tbl_02220,gob_tbl_00812,gob_ext_00171,gob_ext_00251,dash_ext_00090,proc_ext_00233,dlk_ext_00230
dlk_proceso_0484;6;gob_tbl_00860,gob_tbl_00640,dlk_tbl_01845,dlk_tbl_00151,gob_tbl_00158,gob_tbl_01745;4;dlk_tbl_00259,gob_tbl_00915,m4sco_ext_00207,proc_ext_00195
gob_proceso_0485;4;dlk_tbl_01837,dlk_tbl_01218,dash_tbl_00541,gob_tbl_01510;14;m4vw_tbl_00293,std_tbl_01751,dlk_tbl_02112,dlk_tbl_01583,gob_tbl_01207,proc_tbl_00331,dlk_tbl_00259,proc_tbl_00973,gob_ext_00242,dlk_ext_00259,std_ext_00087,proc_ext_00116,dlk_ext_00172,dlk_ext_00146
gob_proceso_0486;4;dlk_tbl_01499,dlk_tbl_01941,dlk_tbl_00116,gob_tbl_02064;9;dlk_tbl_00197,dlk_tbl_00524,dlk_tbl_01951,dlk_tbl_02269,gob_tbl_00373,dlk_ext_00163,gob_ext_00205,gob_ext_00043,proc_ext_00010
dlk_proceso_0487;4;gob_tbl_00392,dash_tbl_00205,gob_tbl_00342,dlk_tbl_01137;6;gob_tbl_00661,gob_tbl_01565,dlk_tbl_01360,m4vw_ext_00121,std_ext_00021,std_ext_00127
proc_proceso_0488;4;dlk_tbl_01760,gob_tbl_00043,gob_tbl_00026,dlk_tbl_00015;9;gob_tbl_00621,dlk_tbl_01367,dlk_tbl_00357,gob_tbl_00918,proc_tbl_01580,dlk_ext_00246,gob_ext_00101,dlk_ext_00125,proc_ext_00026
proc_proceso_0489;4;dlk_tbl_00363,m4vw_tbl_01419,gob_tbl_00221,gob_tbl_02008;12;gob_tbl_00441,gob_tbl_01684,dlk_tbl_00999,dash_tbl_01909,gob_tbl_01639,dlk_tbl_00634,std_tbl_01814,proc_ext_00017,gob_ext_00131,proc_ext_00245,dlk_ext_00160,gob_ext_00206
dlk_proceso_0490;3;gob_tbl_00756,dlk_tbl_00427,dlk_tbl_00858;9;proc_tbl_01820,dlk_tbl_00524,dash_tbl_02279,dlk_tbl_01289,dash_tbl_00346,dash_ext_00104,dlk_ext_00191,gob_ext_00177,gob_ext_00007
dlk_proceso_0491;6;dlk_tbl_00811,dlk_tbl_01897,gob_tbl_00708,gob_tbl_01995,dlk_tbl_00559,proc_tbl_01015;4;gob_tbl_00585,dlk_tbl_00687,std_ext_00105,proc_ext_00184
proc_proceso_0492;7;proc_tbl_00463,proc_tbl_00701,gob_tbl_01648,gob_tbl_00182,proc_tbl_00540,dash_tbl_00779,dlk_tbl_01112;11;dlk_tbl_00930,dlk_tbl_00924,gob_tbl_00152,dlk_tbl_00369,gob_tbl_01460,dlk_tbl_00247,gob_ext_00148,dlk_ext_00193,dlk_ext_00041,gob_ext_00169,std_ext_00006
dlk_proceso_0493;4;proc_tbl_01705,gob_tbl_00031,gob_tbl_01882,proc_tbl_00722;9;proc_tbl_01823,dlk_tbl_01556,proc_tbl_02256,gob_tbl_00245,gob_tbl_01991,gob_ext_00164,gob_ext_00255,dlk_ext_00135,gob_ext_00258
dash_proceso_0494;5;dlk_tbl_02223,proc_tbl_02092,dlk_tbl_01217,dlk_tbl_02136,gob_tbl_00166;13;gob_tbl_00162,dlk_tbl_00452,dlk_tbl_01803,proc_tbl_00481,dlk_tbl_00843,gob_tbl_01849,gob_tbl_01809,proc_ext_00263,dlk_ext_00178,proc_ext_00147,dlk_ext_00117,proc_ext_00137,dlk_ext_00246
dlk_proceso_0495;6;dlk_tbl_01800,gob_tbl_00379,dlk_tbl_01789,gob_tbl_00983,dlk_tbl_00365,gob_tbl_00057;16;gob_tbl_02257,proc_tbl_00399,gob_tbl_00433,gob_tbl_02146,dash_tbl_01755,std_tbl_00309,proc_tbl_01032,gob_tbl_00277,dlk_tbl_00884,dlk_ext_00111,gob_ext_00101,gob_ext_00144,gob_ext_00205,dlk_ext_00257,dlk_ext_00008,dlk_ext_00159
dlk_proceso_0496;2;dlk_tbl_00270,gob_tbl_01084;12;gob_tbl_01808,gob_tbl_02226,gob_tbl_00137,dlk_tbl_01546,dlk_tbl_00729,gob_tbl_01974,dlk_tbl_01312,gob_ext_00065,std_ext_00105,proc_ext_00108,gob_ext_00205,gob_ext_00171
dlk_proceso_0497;5;proc_tbl_00710,dlk_tbl_01604,dash_tbl_00126,m4vw_tbl_01927,gob_tbl_01901;10;std_tbl_00280,dash_tbl_01282,m4sco_tbl_02266,dlk_tbl_00557,gob_tbl_02252,dlk_tbl_00062,proc_ext_00072,proc_ext_00137,gob_ext_00077,dlk_ext_00172
dlk_proceso_0498;4;proc_tbl_01581,proc_tbl_00685,dlk_tbl_01047,gob_tbl_00225;11;gob_tbl_01454,dlk_tbl_02115,dlk_tbl_01803,dlk_tbl_00343,gob_tbl_01483,std_tbl_00049,gob_ext_00086,gob_ext_00248,dlk_ext_00166,dlk_ext_00163,dlk_ext_00162
gob_proceso_0499;5;proc_tbl_00637,dlk_tbl_02099,gob_tbl_00569,gob_tbl_00301,dlk_tbl_00425;8;std_tbl_00070,dlk_tbl_00941,dlk_tbl_00348,gob_tbl_01928,dlk_tbl_00711,dash_ext_00185,gob_ext_00258,gob_ext_00043
