DAG;NumTablasAlimenta;TablasAlimenta;NumTablasAlimentan;TablasAlimentan
dash_validador_universal;5;dash_planta_unidad_kpi,dash_planta_jefatura_kpi,dash_planta_incidencia_kpi,dash_planta_contrato_kpi,dash_planta_cargo_kpi;1;m4vw_region_sap
proc_linkedin_learning_report;5;proc_talento_incidencia,proc_talento_posicion_v1,proc_talento_contrato_v1,proc_talento_vacante_v1,proc_talento_meta_v1;2;std_lu_curso_sap,ppn_traslado_1_sap
proc_smu_clbs_sap;6;proc_desempeno_egreso_v1,proc_desempeno_sucursal,proc_desempeno_competencia,proc_desempeno_antiguedad_v1,proc_desempeno_meta,proc_desempeno_ingreso;1;m4vw_posicion_2_sap
dash_formacion;3;dash_formacion_cargo_kpi,dash_formacion_incidencia_kpi,dash_formacion_colaborador_kpi;1;ppn_cargo_2_sap
dlk_health_score;4;dlk_ausentismo_unidad_v1,dlk_ausentismo_curso_v2,dlk_ausentismo_vacante_v2,dlk_ausentismo_cargo;9;ppn_sucursal_1_sap,template_cargo_2_sap,bci_indicador_sap,m4vw_personales_sap,bci_curso_1_sap,m4vw_egreso_sap,bci_convenio_1_sap,std_hr_colaborador_2_sap,std_lu_encuesta_1_sap
dash_nomina_alerta;3;dash_nomina_jefatura_kpi,dash_nomina_contrato_kpi,dash_nomina_colaborador_kpi;4;dlk_ausentismo_unidad_v1,dlk_ausentismo_curso_v2,dlk_ausentismo_vacante_v2,dlk_ausentismo_cargo
dlk_datacamp;6;dlk_seleccion_beca_v2,dlk_seleccion_jefatura_v2,dlk_seleccion_ingreso_v2,dlk_seleccion_sucursal_v1,dlk_seleccion_encuesta,dlk_seleccion_convenio_v2;13;m4sco_brecha_sap,ppn_cargo_1_sap,template_cargo_2_sap,personales_sap,ppn_meta_1_sap,m4bci_vacante_sap,m4sco_centro_costo_1_sap,bci_posicion_sap,m4bci_incidencia_1_sap,m4cci_contrato_sap,template_ingreso_1_sap,std_hr_centro_costo_1_sap,bci_colaborador_1_sap
dlk_sap_homologo_reconocimiento_interno;3;dlk_beneficios_posicion_v2,dlk_beneficios_brecha,dlk_beneficios_egreso_v2;4;m4bci_bono_1_sap,cci_contrato_1_sap,cci_postulante_sap,std_lu_edu_special_sap
gob_familia_cargo_sap;7;gob_egresos_egreso_v1,gob_egresos_evaluacion_v2,gob_egresos_convenio_v1,gob_egresos_indicador_v2,gob_egresos_bono_v1,gob_egresos_postulante,gob_egresos_competencia;9;dlk_ausentismo_cargo,dlk_ausentismo_vacante_v2,dlk_seleccion_convenio_v2,dlk_ausentismo_unidad_v1,dlk_seleccion_encuesta,dlk_ausentismo_curso_v2,dlk_seleccion_sucursal_v1,dlk_beneficios_brecha,m4sco_duties_sap
dlk_sap_homologo_planta_mini_bb;5;dlk_compensaciones_hora_extra_v1,dlk_compensaciones_antiguedad_v2,dlk_compensaciones_contrato_v1,dlk_compensaciones_licencia_v2,dlk_compensaciones_traslado;5;ppn_traslado_1_sap,std_lu_cargo_2_sap,m4vw_posicion_2_sap,m4cci_unidad_sap,template_turno_1_sap
gob_ausentismos_diarios;8;gob_clima_postulante_v1,gob_clima_convenio_v2,gob_clima_egreso_v1,gob_clima_centro_costo_v1,gob_clima_licencia_v2,gob_clima_curso_v2,gob_clima_licencia,gob_clima_antiguedad_v2;19;dlk_ausentismo_vacante_v2,dlk_ausentismo_cargo,dlk_ausentismo_curso_v2,dlk_seleccion_convenio_v2,dlk_ausentismo_unidad_v1,dlk_seleccion_encuesta,dlk_compensaciones_hora_extra_v1,dlk_seleccion_sucursal_v1,dlk_beneficios_brecha,dlk_seleccion_ingreso_v2,dlk_beneficios_posicion_v2,dlk_compensaciones_antiguedad_v2,dlk_compensaciones_contrato_v1,dlk_compensaciones_traslado,dlk_seleccion_jefatura_v2,dlk_seleccion_beca_v2,dlk_beneficios_egreso_v2,dlk_compensaciones_licencia_v2,m4bci_indicador_sap
dash_reportabilidad_ingreso;4;dash_reportabilidad_evaluacion_kpi,dash_reportabilidad_colaborador_kpi,dash_reportabilidad_cargo_kpi,dash_reportabilidad_contrato_kpi;8;gob_clima_convenio_v2,gob_egresos_bono_v1,gob_clima_egreso_v1,gob_clima_curso_v2,gob_clima_centro_costo_v1,gob_egresos_convenio_v1,gob_clima_antiguedad_v2,gob_clima_postulante_v1
gob_qualtrics_formacion;6;gob_riesgo_centro_costo_v2,gob_riesgo_competencia_v1,gob_riesgo_traslado_v2,gob_riesgo_antiguedad_v2,gob_riesgo_contrato_v2,gob_egresos_egreso_v1;20;dlk_beneficios_brecha,dlk_compensaciones_licencia_v2,dlk_compensaciones_antiguedad_v2,dlk_seleccion_jefatura_v2,dlk_compensaciones_contrato_v1,dlk_seleccion_ingreso_v2,dlk_ausentismo_unidad_v1,dlk_compensaciones_hora_extra_v1,dlk_seleccion_encuesta,dlk_seleccion_beca_v2,dlk_ausentismo_vacante_v2,dlk_beneficios_posicion_v2,dlk_seleccion_convenio_v2,dlk_seleccion_sucursal_v1,dlk_beneficios_egreso_v2,dlk_ausentismo_curso_v2,dlk_ausentismo_cargo,dlk_compensaciones_traslado,ppn_traslado_1_sap,m4bci_hora_extra_sap
dash_diversidad_alerta;3;dash_diversidad_contrato_kpi,dash_diversidad_incidencia_kpi,dash_diversidad_colaborador_kpi;14;gob_clima_curso_v2,gob_egresos_convenio_v1,gob_clima_antiguedad_v2,gob_egresos_bono_v1,gob_clima_centro_costo_v1,gob_riesgo_centro_costo_v2,gob_clima_licencia,gob_egresos_postulante,gob_clima_postulante_v1,gob_clima_egreso_v1,gob_riesgo_traslado_v2,gob_riesgo_contrato_v2,gob_egresos_competencia,gob_riesgo_competencia_v1
gob_egresos;7;gob_movilidad_unidad,gob_movilidad_incidencia_v2,gob_movilidad_sucursal,gob_movilidad_vacante,gob_movilidad_egreso_v1,gob_movilidad_contrato,gob_movilidad_traslado_v2;20;dlk_ausentismo_unidad_v1,dlk_beneficios_posicion_v2,dlk_ausentismo_vacante_v2,dlk_seleccion_encuesta,dlk_beneficios_egreso_v2,dlk_seleccion_beca_v2,dlk_ausentismo_curso_v2,dlk_ausentismo_cargo,dlk_compensaciones_contrato_v1,dlk_compensaciones_licencia_v2,dlk_seleccion_sucursal_v1,dlk_seleccion_convenio_v2,dlk_compensaciones_hora_extra_v1,dlk_beneficios_brecha,dlk_compensaciones_traslado,dlk_compensaciones_antiguedad_v2,dlk_seleccion_ingreso_v2,dlk_seleccion_jefatura_v2,template_beca_1_sap,nomina_desempeno_2023_sap
gob_panel_alertas_ssnn;4;gob_capacitacion_licencia_v1,gob_capacitacion_hora_extra_v2,gob_capacitacion_unidad_v1,gob_capacitacion_centro_costo_v2;16;dlk_compensaciones_antiguedad_v2,dlk_ausentismo_cargo,dlk_ausentismo_unidad_v1,dlk_seleccion_convenio_v2,dlk_beneficios_brecha,dlk_compensaciones_licencia_v2,dlk_ausentismo_curso_v2,dlk_beneficios_posicion_v2,dlk_beneficios_egreso_v2,dlk_seleccion_sucursal_v1,dlk_compensaciones_hora_extra_v1,dlk_seleccion_encuesta,dlk_compensaciones_traslado,dlk_seleccion_jefatura_v2,dlk_seleccion_ingreso_v2,m4cci_jefatura_1_sap
proc_linkedin_learning_path_report;2;proc_planta_egreso,proc_planta_traslado_v1;13;gob_clima_convenio_v2,gob_clima_egreso_v1,gob_egresos_bono_v1,gob_riesgo_contrato_v2,gob_clima_antiguedad_v2,gob_clima_postulante_v1,gob_clima_centro_costo_v1,gob_clima_curso_v2,gob_riesgo_traslado_v2,gob_egresos_egreso_v1,gob_egresos_competencia,gob_movilidad_traslado_v2,gob_egresos_postulante
dlk_sap_homologo_capacidades_diferentes;4;dlk_talento_competencia_v2,dlk_talento_beca_v1,dlk_talento_unidad,dlk_talento_brecha_v2;12;m4vw_curso_1_sap,ppn_ingreso_sap,arbol_jerarquico_sap,m4vw_hora_extra_sap,ppn_evaluacion_sap,ppn_familia_cargo_sap,m4vw_egreso_sap,template_licencia_1_sap,cci_convenio_1_sap,std_lu_curso_sap,m4bci_indicador_1_sap,bci_curso_1_sap
dlk_qualtrics;6;dlk_desempeno_postulante,dlk_desempeno_cargo_v2,dlk_desempeno_bono,dlk_desempeno_jefatura,dlk_desempeno_encuesta_v2,dlk_desempeno_unidad;14;m4bci_incidencia_sap,cci_convenio_1_sap,m4sco_centro_costo_1_sap,m4vw_sucursal_sap,bci_competencia_1_sap,m4cci_region_sap,std_lu_incidencia_sap,template_antiguedad_sap,m4sco_bono_1_sap,cci_bono_1_sap,bci_niv_hay_puesto_sap,template_jefatura_sap,std_lu_encuesta_1_sap,m4sco_duties_sap
gob_4talent_proceso_seleccion_hr_reports_sap;4;gob_formacion_licencia_v1,gob_formacion_traslado_v2,gob_formacion_convenio_v1,gob_formacion_curso;23;dlk_ausentismo_cargo,dlk_ausentismo_curso_v2,dlk_compensaciones_traslado,dlk_beneficios_brecha,dlk_ausentismo_vacante_v2,dlk_compensaciones_antiguedad_v2,dlk_seleccion_beca_v2,dlk_seleccion_jefatura_v2,dlk_seleccion_sucursal_v1,dlk_seleccion_encuesta,dlk_seleccion_ingreso_v2,dlk_compensaciones_licencia_v2,dlk_beneficios_egreso_v2,dlk_compensaciones_hora_extra_v1,dlk_talento_beca_v1,dlk_beneficios_posicion_v2,dlk_ausentismo_unidad_v1,dlk_seleccion_convenio_v2,dlk_desempeno_postulante,dlk_compensaciones_contrato_v1,dlk_desempeno_encuesta_v2,dlk_talento_competencia_v2,m4sco_incidencia_sap
gob_cornerstone_colaboradores_sap;6;gob_ausentismo_incidencia_v2,gob_ausentismo_turno,gob_ausentismo_centro_costo_v2,gob_ausentismo_alerta_v1,gob_ausentismo_ingreso,gob_clima_postulante_v1;5;dlk_ausentismo_curso_v2,dlk_ausentismo_unidad_v1,dlk_ausentismo_vacante_v2,dlk_ausentismo_cargo,std_lu_antiguedad_sap
gob_cartera_sn;7;gob_nomina_colaborador_v2,gob_nomina_contrato,gob_nomina_egreso_v2,gob_nomina_meta_v2,gob_nomina_convenio,gob_nomina_beca_v2,gob_nomina_bono_v2;17;dlk_seleccion_convenio_v2,dlk_ausentismo_unidad_v1,dlk_ausentismo_curso_v2,dlk_compensaciones_hora_extra_v1,dlk_beneficios_posicion_v2,dlk_seleccion_beca_v2,dlk_seleccion_encuesta,dlk_compensaciones_licencia_v2,dlk_seleccion_jefatura_v2,dlk_seleccion_ingreso_v2,dlk_beneficios_brecha,dlk_talento_beca_v1,dlk_desempeno_encuesta_v2,dlk_seleccion_sucursal_v1,dlk_ausentismo_cargo,dlk_desempeno_unidad,ppn_centro_costo_sap
dash_seleccion_turno;2;dash_seleccion_colaborador_kpi,dash_seleccion_incidencia_kpi;12;gob_movilidad_vacante,gob_egresos_bono_v1,gob_clima_postulante_v1,gob_egresos_egreso_v1,gob_egresos_evaluacion_v2,gob_egresos_postulante,gob_clima_antiguedad_v2,gob_clima_centro_costo_v1,gob_egresos_competencia,gob_clima_licencia,gob_riesgo_traslado_v2,gob_clima_curso_v2
dlk_sap_homologo_academicos_colaborador;3;dlk_beneficios_contrato_v2,dlk_beneficios_encuesta_v1,dlk_beneficios_contrato;7;m4cci_ingreso_sap,bci_competencia_1_sap,planta_completa_sap,m4vw_vacante_sap,m4vw_posicion_2_sap,socios_sap,m4cci_brecha_sap
dlk_coursera;2;dlk_egresos_incidencia_v1,dlk_egresos_competencia;4;ppn_colaborador_1_sap,ppn_cargo_duty_sap,cat_desempeno_2023_sap,m4cci_ingreso_sap
proc_info_flex_dash_beneficios;2;proc_compensaciones_cargo_v1,proc_compensaciones_incidencia;10;gob_clima_antiguedad_v2,gob_movilidad_vacante,gob_clima_convenio_v2,gob_riesgo_competencia_v1,gob_clima_postulante_v1,gob_egresos_bono_v1,gob_egresos_egreso_v1,gob_ausentismo_turno,gob_egresos_convenio_v1,gob_riesgo_contrato_v2
gob_niveles_R_sap;7;gob_clima_incidencia_v1,gob_clima_indicador,gob_clima_traslado,gob_clima_incidencia_v2,gob_clima_region,gob_clima_vacante_v1,gob_clima_beca_v1;20;dlk_ausentismo_unidad_v1,dlk_seleccion_ingreso_v2,dlk_seleccion_sucursal_v1,dlk_seleccion_convenio_v2,dlk_beneficios_posicion_v2,dlk_compensaciones_contrato_v1,dlk_talento_beca_v1,dlk_ausentismo_cargo,dlk_compensaciones_antiguedad_v2,dlk_ausentismo_vacante_v2,dlk_beneficios_egreso_v2,dlk_seleccion_jefatura_v2,dlk_ausentismo_curso_v2,dlk_beneficios_brecha,dlk_seleccion_encuesta,dlk_desempeno_unidad,dlk_compensaciones_hora_extra_v1,dlk_compensaciones_licencia_v2,dlk_seleccion_beca_v2,m4vw_posicion_2_sap
dlk_sap_homologo_arquetipos;2;dlk_reportabilidad_posicion_v1,dlk_reportabilidad_posicion_v2;12;m4sco_centro_costo_1_sap,m4cci_region_sap,ppn_traslado_1_sap,m4bci_colaborador_2_sap,ppn_cargo_2_sap,template_beca_sap,std_lu_competencia_1_sap,m4cci_contrato_1_sap,m4cci_ingreso_sap,std_hr_alerta_sap,cci_beca_sap,ppn_cargo_1_sap
gob_personales_miami_parche;6;gob_riesgo_ingreso_v2,gob_riesgo_centro_costo,gob_riesgo_competencia_v2,gob_riesgo_licencia_v2,gob_riesgo_curso,gob_riesgo_jefatura_v2;14;dlk_compensaciones_traslado,dlk_desempeno_postulante,dlk_seleccion_encuesta,dlk_ausentismo_unidad_v1,dlk_compensaciones_hora_extra_v1,dlk_beneficios_posicion_v2,dlk_talento_beca_v1,dlk_ausentismo_vacante_v2,dlk_seleccion_convenio_v2,dlk_desempeno_unidad,dlk_ausentismo_curso_v2,dlk_seleccion_sucursal_v1,dlk_seleccion_jefatura_v2,cci_antiguedad_sap
proc_ejemplos_operadores_databricks;3;proc_diversidad_bono_v1,proc_diversidad_hora_extra,proc_diversidad_indicador;19;gob_clima_curso_v2,gob_egresos_convenio_v1,gob_riesgo_contrato_v2,gob_clima_convenio_v2,gob_riesgo_traslado_v2,gob_egresos_competencia,gob_egresos_egreso_v1,gob_egresos_bono_v1,gob_clima_centro_costo_v1,gob_ausentismo_turno,gob_clima_antiguedad_v2,gob_clima_egreso_v1,gob_clima_licencia,gob_ausentismo_incidencia_v2,gob_riesgo_competencia_v1,gob_egresos_postulante,gob_movilidad_contrato,gob_formacion_curso,m4vw_posicion_2_sap
dlk_sap_origen_archivos_csv;4;dlk_movilidad_alerta_v1,dlk_movilidad_bono,dlk_movilidad_evaluacion_v2,dlk_movilidad_licencia;11;m4sco_centro_costo_1_sap,ppn_meta_1_sap,bci_incidencia_1_sap,cci_incidencia_1_sap,std_lu_evaluacion_1_sap,m4sco_convenio_1_sap,std_lu_jefatura_2_sap,cci_colaborador_1_sap,cci_evaluacion_1_sap,m4bci_cargo_2_sap,std_hr_antiguedad_1_sap
gob_feriados_chile;8;gob_capacitacion_contrato_v2,gob_capacitacion_convenio_v1,gob_capacitacion_antiguedad_v2,gob_capacitacion_colaborador_v1,gob_capacitacion_ingreso_v2,gob_capacitacion_egreso,gob_capacitacion_antiguedad,gob_capacitacion_competencia_v2;18;dlk_compensaciones_traslado,dlk_reportabilidad_posicion_v2,dlk_beneficios_posicion_v2,dlk_ausentismo_cargo,dlk_beneficios_brecha,dlk_compensaciones_hora_extra_v1,dlk_seleccion_sucursal_v1,dlk_seleccion_ingreso_v2,dlk_seleccion_convenio_v2,dlk_ausentismo_vacante_v2,dlk_ausentismo_curso_v2,dlk_talento_beca_v1,dlk_ausentismo_unidad_v1,dlk_seleccion_encuesta,dlk_compensaciones_antiguedad_v2,dlk_compensaciones_contrato_v1,m4sco_postulante_sap,bci_antiguedad_1_sap
gob_proceso_seleccion;4;gob_planta_hora_extra_v2,gob_planta_cargo_v1,gob_planta_egreso_v2,gob_planta_jefatura_v2;23;dlk_beneficios_posicion_v2,dlk_seleccion_encuesta,dlk_compensaciones_antiguedad_v2,dlk_ausentismo_unidad_v1,dlk_beneficios_brecha,dlk_seleccion_ingreso_v2,dlk_ausentismo_cargo,dlk_compensaciones_hora_extra_v1,dlk_desempeno_jefatura,dlk_compensaciones_contrato_v1,dlk_desempeno_postulante,dlk_ausentismo_curso_v2,dlk_beneficios_egreso_v2,dlk_compensaciones_traslado,dlk_desempeno_unidad,dlk_seleccion_sucursal_v1,dlk_ausentismo_vacante_v2,dlk_seleccion_jefatura_v2,dlk_talento_beca_v1,dlk_movilidad_bono,dlk_seleccion_beca_v2,socios_sap,std_hr_convenio_1_sap
proc_talento_contrato;6;proc_talento_traslado_v1,proc_talento_encuesta,proc_talento_turno,proc_talento_evaluacion_v1,proc_talento_brecha_v1,proc_talento_ingreso_v1;16;gob_riesgo_traslado_v2,gob_clima_convenio_v2,gob_movilidad_vacante,gob_egresos_postulante,gob_riesgo_contrato_v2,gob_capacitacion_unidad_v1,gob_riesgo_competencia_v1,gob_planta_egreso_v2,gob_egresos_convenio_v1,gob_clima_egreso_v1,gob_riesgo_ingreso_v2,gob_clima_postulante_v1,gob_formacion_curso,gob_movilidad_traslado_v2,gob_capacitacion_licencia_v1,nomina_desempeno_2023_sap
gob_4talent_proceso_seleccion_sap;7;gob_desempeno_beca_v1,gob_desempeno_centro_costo_v2,gob_desempeno_centro_costo,gob_desempeno_ingreso_v2,gob_desempeno_region_v1,gob_desempeno_hora_extra_v2,gob_desempeno_meta_v1;7;dlk_desempeno_postulante,dlk_desempeno_unidad,dlk_desempeno_encuesta_v2,dlk_desempeno_cargo_v2,dlk_desempeno_bono,dlk_desempeno_jefatura,ppn_cargo_2_sap
proc_formacion_incidencia;3;proc_formacion_incidencia_v1,proc_formacion_centro_costo,proc_formacion_cargo;4;gob_formacion_curso,gob_formacion_licencia_v1,gob_formacion_traslado_v2,gob_formacion_convenio_v1
gob_dash_adv_atomico_004_proceso_seleccion_adt;8;gob_ausentismo_sucursal_v1,gob_ausentismo_incidencia,gob_ausentismo_region,gob_ausentismo_egreso_v2,gob_ausentismo_cargo_v2,gob_ausentismo_sucursal,gob_ausentismo_turno_v1,gob_riesgo_ingreso_v2;5;dlk_ausentismo_unidad_v1,dlk_ausentismo_curso_v2,dlk_ausentismo_cargo,dlk_ausentismo_vacante_v2,template_turno_1_sap
dlk_sap_homologo_idiomas;3;dlk_nomina_curso,dlk_nomina_egreso_v1,dlk_nomina_hora_extra;6;m4vw_hora_extra_sap,std_lu_incidencia_sap,socios_sap,m4cci_hora_extra_1_sap,m4sco_cargo_2_sap,std_lu_antiguedad_sap
proc_seleccion_unidad;5;proc_seleccion_curso,proc_seleccion_meta,proc_seleccion_egreso_v1,proc_seleccion_turno,proc_seleccion_antiguedad;10;gob_clima_licencia_v2,gob_egresos_egreso_v1,gob_clima_curso_v2,gob_egresos_bono_v1,gob_riesgo_traslado_v2,gob_formacion_convenio_v1,gob_clima_centro_costo_v1,gob_capacitacion_licencia_v1,gob_ausentismo_turno,gob_clima_licencia
dash_beneficios_unidad;4;dash_beneficios_unidad_kpi,dash_beneficios_jefatura_kpi,dash_beneficios_evaluacion_kpi,dash_beneficios_incidencia_kpi;13;gob_riesgo_competencia_v1,gob_nomina_colaborador_v2,gob_capacitacion_competencia_v2,gob_egresos_egreso_v1,gob_capacitacion_antiguedad_v2,gob_egresos_convenio_v1,gob_movilidad_contrato,gob_egresos_postulante,gob_ausentismo_turno,gob_egresos_competencia,gob_clima_curso_v2,gob_clima_centro_costo_v1,std_lu_incidencia_sap
gob_reportes_directos_sap;6;gob_egresos_vacante_v1,gob_egresos_antiguedad_v1,gob_egresos_cargo_v1,gob_egresos_traslado_v1,gob_egresos_colaborador,gob_egresos_antiguedad_v2;3;dlk_egresos_incidencia_v1,dlk_egresos_competencia,m4cci_ingreso_sap
dlk_edx;5;dlk_compensaciones_postulante_v2,dlk_compensaciones_incidencia_v2,dlk_compensaciones_encuesta_v1,dlk_compensaciones_alerta,dlk_compensaciones_jefatura_v1;6;cci_cargo_2_sap,m4cci_beca_sap,nomina_desempeno_2023_sap,m4vw_posicion_2_sap,m4vw_antiguedad_1_sap,std_lu_contrato_sap
gob_maestro_talento;4;gob_clima_meta,gob_clima_curso_v1,gob_clima_centro_costo,gob_clima_brecha_v2;9;dlk_nomina_curso,dlk_seleccion_jefatura_v2,dlk_compensaciones_contrato_v1,dlk_ausentismo_unidad_v1,dlk_ausentismo_cargo,dlk_ausentismo_vacante_v2,dlk_compensaciones_licencia_v2,dlk_desempeno_postulante,m4vw_unidad_sap
dlk_sap_homologo_egresos;4;dlk_reportabilidad_antiguedad_v1,dlk_reportabilidad_meta,dlk_reportabilidad_encuesta,dlk_reportabilidad_contrato_v1;8;ppn_familia_cargo_sap,m4sco_egreso_1_sap,template_licencia_1_sap,m4cci_ingreso_sap,template_ingreso_1_sap,cci_competencia_sap,m4vw_indicador_sap,template_cargo_2_sap
proc_riesgo_ingreso;6;proc_riesgo_vacante_v1,proc_riesgo_egreso,proc_riesgo_contrato_v1,proc_riesgo_brecha_v1,proc_riesgo_indicador,proc_riesgo_postulante;11;gob_riesgo_contrato_v2,gob_riesgo_competencia_v1,gob_riesgo_curso,gob_riesgo_traslado_v2,gob_riesgo_centro_costo_v2,gob_riesgo_ingreso_v2,gob_riesgo_centro_costo,gob_riesgo_jefatura_v2,gob_riesgo_antiguedad_v2,gob_riesgo_licencia_v2,gob_riesgo_competencia_v2
dash_diversidad_antiguedad;3;dash_diversidad_evaluacion_kpi,dash_diversidad_jefatura_kpi,dash_nomina_jefatura_kpi;3;proc_diversidad_indicador,proc_diversidad_hora_extra,proc_diversidad_bono_v1
dlk_sap_homologo_laborales;2;dlk_movilidad_incidencia,dlk_movilidad_indicador_v2;7;m4cci_ingreso_sap,std_hr_convenio_1_sap,std_lu_brecha_1_sap,m4bci_bono_1_sap,m4sco_beca_1_sap,std_lu_jefatura_2_sap,panel_alertas_ssnn_sap
gob_maestro_talento_sap;7;gob_capacitacion_vacante_v1,gob_capacitacion_jefatura_v1,gob_capacitacion_bono_v1,gob_capacitacion_jefatura_v2,gob_capacitacion_convenio,gob_capacitacion_encuesta,gob_capacitacion_colaborador;18;dlk_beneficios_brecha,dlk_ausentismo_curso_v2,dlk_desempeno_encuesta_v2,dlk_ausentismo_unidad_v1,dlk_beneficios_posicion_v2,dlk_seleccion_jefatura_v2,dlk_seleccion_beca_v2,dlk_seleccion_encuesta,dlk_compensaciones_antiguedad_v2,dlk_compensaciones_hora_extra_v1,dlk_compensaciones_contrato_v1,dlk_beneficios_encuesta_v1,dlk_ausentismo_cargo,dlk_talento_beca_v1,dlk_compensaciones_licencia_v2,dlk_egresos_incidencia_v1,dlk_ausentismo_vacante_v2,m4sco_turno_sap
proc_planta_posicion;2;proc_planta_licencia_v1,proc_planta_cargo;4;gob_planta_cargo_v1,gob_planta_egreso_v2,gob_planta_jefatura_v2,gob_planta_hora_extra_v2
proc_talento_brecha;2;proc_talento_traslado,proc_talento_jefatura_v1;6;gob_formacion_curso,gob_riesgo_antiguedad_v2,gob_egresos_convenio_v1,gob_clima_centro_costo_v1,gob_clima_egreso_v1,gob_movilidad_vacante
gob_dash_adv_atomico_010_procesos_vacantes;5;gob_desempeno_unidad_v2,gob_desempeno_convenio_v1,gob_desempeno_meta_v2,gob_desempeno_traslado,gob_desempeno_vacante;8;dlk_desempeno_jefatura,dlk_desempeno_postulante,dlk_desempeno_unidad,dlk_desempeno_encuesta_v2,dlk_desempeno_bono,dlk_desempeno_cargo_v2,cci_contrato_1_sap,std_lu_meta_1_sap
dlk_sap_homologo_experiencia_previa;3;dlk_formacion_turno_v2,dlk_formacion_traslado_v2,dlk_formacion_ingreso;11;m4cci_unidad_sap,m4bci_sucursal_sap,m4bci_bono_1_sap,m4vw_jefatura_2_sap,m4bci_posicion_1_sap,std_lu_incidencia_sap,cci_contrato_1_sap,bci_competencia_1_sap,m4vw_unidad_sap,cci_egreso_sap,m4sco_postulante_sap
dlk_planta_miami_parche;4;ppn_ausentismos_incidencia,dlk_ausentismo_licencia,dlk_ausentismo_jefatura_v2,dlk_ausentismo_encuesta_v2;7;ppn_cargo_1_sap,cci_evaluacion_1_sap,m4vw_egreso_sap,m4vw_posicion_2_sap,m4vw_hora_extra_sap,m4cci_antiguedad_sap,ppn_traslado_1_sap
dash_nomina_evaluacion;4;dash_nomina_cargo_kpi,dash_nomina_unidad_kpi,dash_nomina_incidencia_kpi,dash_nomina_posicion_kpi;7;gob_nomina_colaborador_v2,gob_nomina_contrato,gob_nomina_convenio,gob_nomina_beca_v2,gob_nomina_meta_v2,gob_nomina_bono_v2,gob_nomina_egreso_v2
dlk_oreilly;5;dlk_seleccion_antiguedad,dlk_seleccion_jefatura,dlk_seleccion_convenio,dlk_seleccion_evaluacion,dlk_seleccion_turno_v1;10;bci_encuesta_sap,m4cci_traslado_sap,std_hr_convenio_1_sap,std_hr_meta_sap,m4sco_brecha_sap,cat_desempeno_2023_sap,cci_encuesta_1_sap,template_vacante_1_sap,bci_bono_sap,std_lu_incidencia_sap
gob_beneficios_licencia;4;gob_beneficios_brecha_v2,gob_beneficios_centro_costo,gob_beneficios_posicion_v2,gob_beneficios_postulante_v1;7;dlk_beneficios_brecha,dlk_beneficios_encuesta_v1,dlk_beneficios_egreso_v2,dlk_beneficios_posicion_v2,dlk_beneficios_contrato_v2,dlk_beneficios_contrato,m4vw_traslado_1_sap
dlk_sap_homologo_planta;2;dlk_egresos_vacante_v2,dlk_egresos_brecha_v1;9;m4cci_ingreso_sap,ppn_colaborador_1_sap,std_lu_encuesta_1_sap,m4cci_incidencia_sap,bci_posicion_2_sap,cci_colaborador_2_sap,m4vw_unidad_sap,ppn_ingreso_sap,cci_brecha_sap
gob_compensaciones_beca;4;gob_compensaciones_traslado,gob_compensaciones_brecha_v1,gob_compensaciones_cargo_v1,gob_compensaciones_postulante_v1;11;dlk_compensaciones_licencia_v2,dlk_compensaciones_traslado,dlk_compensaciones_antiguedad_v2,dlk_compensaciones_hora_extra_v1,dlk_compensaciones_contrato_v1,dlk_compensaciones_jefatura_v1,dlk_compensaciones_alerta,dlk_compensaciones_incidencia_v2,dlk_compensaciones_postulante_v2,bci_traslado_1_sap,std_hr_postulante_1_sap
dlk_clima_convenio;6;dlk_clima_beca_v2,dlk_clima_evaluacion_v1,dlk_clima_jefatura_v2,dlk_clima_meta,dlk_clima_centro_costo_v2,dlk_clima_competencia;8;m4vw_centro_costo_1_sap,m4bci_posicion_1_sap,m4cci_region_sap,personales_sap,m4cci_indicador_sap,ppn_sucursal_1_sap,m4bci_sucursal_sap,std_hr_convenio_1_sap
gob_reportabilidad_posicion;5;gob_reportabilidad_curso_v1,gob_reportabilidad_competencia,gob_reportabilidad_antiguedad_v2,gob_reportabilidad_indicador,gob_reportabilidad_encuesta_v1;7;dlk_reportabilidad_posicion_v1,dlk_reportabilidad_posicion_v2,dlk_reportabilidad_antiguedad_v1,dlk_reportabilidad_meta,dlk_reportabilidad_encuesta,dlk_reportabilidad_contrato_v1,m4sco_centro_costo_1_sap
gob_riesgo_cargo;4;gob_riesgo_cargo_v1,gob_riesgo_egreso,gob_riesgo_cargo,gob_capacitacion_antiguedad;12;dlk_talento_beca_v1,dlk_beneficios_brecha,dlk_seleccion_encuesta,dlk_seleccion_ingreso_v2,dlk_ausentismo_encuesta_v2,dlk_compensaciones_hora_extra_v1,dlk_ausentismo_unidad_v1,dlk_ausentismo_cargo,dlk_beneficios_posicion_v2,dlk_seleccion_beca_v2,dlk_seleccion_convenio_v2,template_evaluacion_1_sap
proc_diversidad_centro_costo;6;proc_diversidad_sucursal,proc_diversidad_meta,proc_diversidad_traslado,proc_diversidad_hora_extra_v1,proc_diversidad_egreso_v1,proc_diversidad_posicion;13;gob_riesgo_jefatura_v2,gob_clima_convenio_v2,gob_riesgo_antiguedad_v2,gob_formacion_curso,gob_egresos_antiguedad_v1,gob_egresos_egreso_v1,gob_clima_postulante_v1,gob_egresos_convenio_v1,gob_capacitacion_competencia_v2,gob_egresos_competencia,gob_riesgo_competencia_v1,gob_riesgo_centro_costo,gob_egresos_bono_v1
proc_movilidad_brecha;3;proc_movilidad_beca,proc_movilidad_evaluacion_v1,proc_movilidad_postulante;6;gob_movilidad_contrato,gob_movilidad_incidencia_v2,gob_movilidad_vacante,gob_movilidad_traslado_v2,gob_movilidad_egreso_v1,gob_movilidad_sucursal
gob_capacitacion_licencia;4;gob_capacitacion_posicion_v1,gob_capacitacion_unidad_v2,gob_capacitacion_hora_extra,gob_capacitacion_indicador_v1;24;dlk_seleccion_ingreso_v2,dlk_compensaciones_contrato_v1,dlk_seleccion_beca_v2,dlk_beneficios_posicion_v2,dlk_seleccion_sucursal_v1,dlk_ausentismo_vacante_v2,dlk_desempeno_encuesta_v2,ppn_ausentismos_incidencia,dlk_compensaciones_antiguedad_v2,dlk_beneficios_brecha,dlk_seleccion_jefatura_v2,dlk_ausentismo_cargo,dlk_compensaciones_hora_extra_v1,dlk_seleccion_encuesta,dlk_ausentismo_unidad_v1,dlk_talento_beca_v1,dlk_seleccion_convenio_v2,dlk_reportabilidad_contrato_v1,dlk_beneficios_encuesta_v1,dlk_compensaciones_licencia_v2,dlk_ausentismo_curso_v2,dlk_compensaciones_traslado,dlk_compensaciones_incidencia_v2,ppn_hora_extra_sap
dash_planta_postulante;4;dash_planta_posicion_kpi,dash_planta_evaluacion_kpi,dash_planta_colaborador_kpi,dash_movilidad_contrato_kpi;8;gob_planta_hora_extra_v2,gob_planta_cargo_v1,gob_planta_egreso_v2,gob_planta_jefatura_v2,proc_planta_licencia_v1,proc_planta_egreso,proc_planta_cargo,proc_planta_traslado_v1
dlk_talento_convenio;5;dlk_talento_antiguedad_v1,dlk_talento_encuesta_v2,dlk_talento_postulante_v2,dlk_talento_region,dlk_talento_curso_v2;6;ppn_competencia_sap,cci_convenio_sap,m4vw_hora_extra_sap,template_brecha_1_sap,std_hr_jefatura_sap,std_hr_indicador_sap
proc_desempeno_antiguedad;3;proc_desempeno_posicion,proc_desempeno_incidencia_v1,proc_desempeno_hora_extra;12;gob_desempeno_centro_costo,gob_desempeno_region_v1,gob_desempeno_ingreso_v2,gob_desempeno_meta_v2,gob_desempeno_centro_costo_v2,gob_desempeno_hora_extra_v2,gob_desempeno_traslado,gob_desempeno_beca_v1,gob_desempeno_meta_v1,gob_desempeno_unidad_v2,gob_desempeno_convenio_v1,gob_desempeno_vacante
dlk_formacion_alerta;5;dlk_formacion_incidencia,dlk_formacion_vacante_v1,dlk_formacion_licencia_v1,dlk_formacion_egreso_v1,dlk_formacion_meta;8;bci_contrato_1_sap,ppn_cargo_1_sap,ppn_encuesta_sap,m4cci_beca_sap,cci_incidencia_1_sap,std_hr_incidencia_1_sap,template_posicion_2_sap,m4sco_duties_sap
dlk_ausentismo_vacante;6;dlk_ausentismo_posicion_v2,dlk_ausentismo_jefatura_v1,dlk_ausentismo_unidad,dlk_ausentismo_region,dlk_ausentismo_posicion_v1,dlk_ausentismo_hora_extra_v1;11;bci_bono_sap,m4bci_sucursal_sap,cci_convenio_1_sap,m4bci_incidencia_1_sap,template_beca_sap,std_lu_vacante_1_sap,std_hr_convenio_1_sap,ppn_meta_1_sap,m4bci_indicador_sap,cci_evaluacion_1_sap,bci_encuesta_sap
dlk_nomina_postulante;4;dlk_nomina_centro_costo_v1,dlk_nomina_incidencia_v2,dlk_nomina_turno_v2,dlk_nomina_brecha_v1;7;m4cci_centro_costo_sap,template_beca_1_sap,m4sco_duties_sap,std_lu_antiguedad_1_sap,m4sco_hora_extra_sap,std_hr_licencia_sap,cci_convenio_1_sap
gob_seleccion_meta;4;gob_seleccion_traslado_v2,gob_seleccion_ingreso_v1,gob_seleccion_hora_extra_v1,gob_seleccion_vacante_v1;12;dlk_seleccion_sucursal_v1,dlk_seleccion_convenio_v2,dlk_seleccion_jefatura_v2,dlk_seleccion_encuesta,dlk_seleccion_beca_v2,dlk_seleccion_ingreso_v2,dlk_seleccion_jefatura,dlk_seleccion_evaluacion,dlk_seleccion_turno_v1,dlk_seleccion_antiguedad,dlk_seleccion_convenio,m4bci_colaborador_sap
gob_beneficios_curso;8;gob_beneficios_competencia_v2,gob_beneficios_traslado,gob_beneficios_cargo,gob_beneficios_jefatura,gob_beneficios_alerta_v2,gob_beneficios_antiguedad_v2,gob_beneficios_posicion,gob_beneficios_alerta;7;dlk_beneficios_encuesta_v1,dlk_beneficios_brecha,dlk_beneficios_egreso_v2,dlk_beneficios_contrato_v2,dlk_beneficios_posicion_v2,dlk_beneficios_contrato,bci_bono_sap
dash_egresos_incidencia;2;dash_egresos_posicion_kpi,dash_egresos_colaborador_kpi;10;gob_egresos_postulante,gob_egresos_bono_v1,gob_egresos_egreso_v1,gob_egresos_antiguedad_v1,gob_egresos_convenio_v1,gob_egresos_colaborador,gob_egresos_indicador_v2,gob_egresos_competencia,gob_egresos_antiguedad_v2,gob_egresos_evaluacion_v2
dash_compensaciones_jefatura;3;dash_compensaciones_colaborador_kpi,dash_compensaciones_cargo_kpi,dash_compensaciones_contrato_kpi;6;gob_compensaciones_traslado,gob_compensaciones_cargo_v1,gob_compensaciones_postulante_v1,proc_compensaciones_cargo_v1,proc_compensaciones_incidencia,gob_compensaciones_brecha_v1
dlk_clima_evaluacion;3;dlk_clima_encuesta_v1,dlk_clima_alerta_v1,dlk_clima_egreso_v2;14;cci_contrato_1_sap,m4bci_indicador_sap,ppn_colaborador_1_sap,m4cci_antiguedad_sap,std_lu_incidencia_sap,m4bci_cargo_2_sap,m4sco_duties_sap,m4sco_centro_costo_1_sap,cci_colaborador_2_sap,cci_convenio_1_sap,m4sco_indicador_1_sap,cci_evaluacion_1_sap,m4vw_posicion_2_sap,std_lu_jefatura_2_sap
proc_reportabilidad_region;2;proc_reportabilidad_alerta_v1,proc_reportabilidad_jefatura;5;gob_reportabilidad_indicador,gob_reportabilidad_curso_v1,gob_reportabilidad_competencia,gob_reportabilidad_antiguedad_v2,gob_reportabilidad_encuesta_v1
dlk_riesgo_traslado;4;dlk_riesgo_licencia_v1,dlk_riesgo_licencia,dlk_riesgo_traslado,dlk_riesgo_cargo_v2;12;std_lu_incidencia_sap,template_cargo_2_sap,m4vw_vacante_sap,bci_encuesta_sap,cci_evaluacion_1_sap,panel_alertas_ssnn_sap,m4bci_posicion_1_sap,std_lu_jefatura_2_sap,m4cci_incidencia_sap,m4cci_ingreso_sap,ppn_meta_1_sap,ppn_hora_extra_sap
gob_diversidad_antiguedad;7;gob_diversidad_contrato,gob_diversidad_brecha_v2,gob_diversidad_hora_extra,gob_diversidad_ingreso_v2,gob_diversidad_alerta_v1,gob_diversidad_brecha,gob_diversidad_sucursal;10;dlk_ausentismo_vacante_v2,dlk_seleccion_sucursal_v1,dlk_beneficios_egreso_v2,dlk_ausentismo_unidad_v1,dlk_desempeno_encuesta_v2,dlk_seleccion_convenio_v2,dlk_beneficios_brecha,dlk_ausentismo_curso_v2,dlk_ausentismo_cargo,cci_contrato_1_sap
dash_movilidad_brecha;2;dash_movilidad_evaluacion_kpi,dash_movilidad_jefatura_kpi;10;gob_movilidad_sucursal,proc_movilidad_evaluacion_v1,gob_movilidad_vacante,gob_movilidad_traslado_v2,gob_movilidad_contrato,proc_movilidad_beca,proc_movilidad_postulante,gob_movilidad_incidencia_v2,gob_movilidad_egreso_v1,gob_movilidad_unidad
gob_capacitacion_meta;5;gob_capacitacion_turno_v2,gob_capacitacion_turno,gob_capacitacion_antiguedad_v1,gob_capacitacion_brecha_v2,gob_capacitacion_encuesta_v1;11;dlk_seleccion_ingreso_v2,dlk_formacion_ingreso,dlk_ausentismo_cargo,dlk_desempeno_postulante,dlk_compensaciones_antiguedad_v2,dlk_seleccion_convenio_v2,dlk_seleccion_sucursal_v1,dlk_compensaciones_contrato_v1,dlk_beneficios_contrato_v2,dlk_desempeno_jefatura,m4cci_beca_sap
dash_planta_beca;5;dash_desempeno_incidencia_kpi,dash_riesgo_contrato_kpi,dash_riesgo_unidad_kpi,dash_talento_evaluacion_kpi,dash_capacitacion_cargo_kpi;8;gob_planta_cargo_v1,proc_planta_cargo,gob_planta_hora_extra_v2,gob_planta_egreso_v2,proc_planta_licencia_v1,proc_planta_traslado_v1,gob_planta_jefatura_v2,proc_planta_egreso
dash_talento_convenio;4;dash_talento_colaborador_kpi,dash_talento_incidencia_kpi,dash_talento_jefatura_kpi,dash_talento_cargo_kpi;13;proc_talento_traslado_v1,proc_talento_ingreso_v1,proc_talento_traslado,proc_talento_contrato_v1,proc_talento_evaluacion_v1,proc_talento_jefatura_v1,proc_talento_posicion_v1,proc_talento_encuesta,proc_talento_meta_v1,proc_talento_vacante_v1,proc_talento_incidencia,proc_talento_turno,proc_talento_brecha_v1
gob_desempeno_evaluacion;7;gob_desempeno_competencia_v2,gob_desempeno_brecha_v2,gob_desempeno_egreso_v2,gob_desempeno_posicion,gob_desempeno_brecha_v1,gob_desempeno_bono_v2,gob_desempeno_region;7;dlk_desempeno_postulante,dlk_desempeno_cargo_v2,dlk_desempeno_unidad,dlk_desempeno_jefatura,dlk_desempeno_encuesta_v2,dlk_desempeno_bono,bci_contrato_1_sap
gob_formacion_centro_costo;3;gob_formacion_unidad_v1,gob_formacion_region,gob_formacion_egreso;9;dlk_formacion_vacante_v1,dlk_formacion_traslado_v2,dlk_formacion_meta,dlk_formacion_licencia_v1,dlk_formacion_ingreso,dlk_formacion_egreso_v1,dlk_formacion_turno_v2,dlk_formacion_incidencia,std_hr_alerta_sap
dlk_ausentismo_beca;4;dlk_ausentismo_ingreso_v1,dlk_ausentismo_sucursal_v2,dlk_ausentismo_evaluacion_v1,dlk_ausentismo_competencia;6;bci_bono_1_sap,template_cargo_2_sap,std_lu_incidencia_sap,m4vw_posicion_2_sap,cci_sucursal_1_sap,ppn_ingreso_sap
proc_nomina_hora_extra;5;proc_nomina_indicador_v1,proc_nomina_traslado_v1,proc_nomina_postulante_v1,proc_nomina_cargo_v1,proc_desempeno_meta;7;gob_nomina_contrato,gob_nomina_meta_v2,gob_nomina_beca_v2,gob_nomina_convenio,gob_nomina_colaborador_v2,gob_nomina_egreso_v2,gob_nomina_bono_v2
dlk_seleccion_ingreso;3;dlk_seleccion_evaluacion_v2,dlk_seleccion_traslado,dlk_seleccion_cargo_v2;13;ppn_postulante_1_sap,m4cci_contrato_sap,m4sco_cargo_2_sap,m4sco_posicion_1_sap,m4vw_egreso_sap,cci_convenio_1_sap,m4cci_unidad_sap,std_lu_incidencia_sap,std_lu_lang_level_sap,m4bci_sucursal_sap,bci_curso_1_sap,std_lu_colaborador_2_sap,m4sco_hora_extra_sap
dlk_beneficios_antiguedad;5;dlk_beneficios_egreso,dlk_beneficios_alerta,dlk_beneficios_region,dlk_beneficios_encuesta_v2,dlk_beneficios_beca_v1;10;std_lu_antiguedad_sap,m4vw_posicion_2_sap,m4bci_beca_sap,m4sco_turno_sap,m4vw_vacante_1_sap,m4bci_indicador_sap,cat_desempeno_2023_sap,template_cargo_2_sap,bci_jefatura_1_sap,std_hr_alerta_sap
dlk_egresos_indicador;2;dlk_egresos_convenio,dlk_egresos_encuesta_v1;4;m4vw_personales_sap,m4vw_egreso_sap,m4cci_beca_sap,std_hr_colaborador_2_sap
dlk_compensaciones_centro_costo;4;dlk_compensaciones_centro_costo_v2,dlk_compensaciones_colaborador,dlk_compensaciones_ingreso_v2,dlk_compensaciones_cargo_v2;13;cci_evaluacion_1_sap,m4cci_ingreso_sap,m4bci_indicador_sap,m4sco_duties_sap,m4bci_colaborador_2_sap,m4cci_sucursal_sap,m4cci_beca_sap,ppn_colaborador_1_sap,m4sco_contrato_1_sap,bci_bono_sap,m4vw_posicion_2_sap,ppn_cargo_duty_sap,std_lu_centro_costo_1_sap
dash_clima_vacante;3;dash_clima_incidencia_kpi,dash_clima_colaborador_kpi,dash_clima_evaluacion_kpi;19;gob_clima_egreso_v1,gob_clima_curso_v2,gob_clima_antiguedad_v2,gob_clima_licencia_v2,gob_clima_convenio_v2,gob_clima_postulante_v1,gob_clima_traslado,gob_clima_centro_costo_v1,gob_clima_incidencia_v2,gob_clima_curso_v1,gob_clima_licencia,gob_clima_vacante_v1,gob_clima_meta,gob_clima_brecha_v2,gob_clima_incidencia_v1,gob_clima_indicador,gob_clima_region,gob_clima_beca_v1,gob_clima_centro_costo
gob_reportabilidad_ingreso;4;gob_reportabilidad_traslado_v2,gob_reportabilidad_sucursal_v1,gob_reportabilidad_egreso,gob_reportabilidad_unidad_v1;7;dlk_reportabilidad_posicion_v2,dlk_reportabilidad_meta,dlk_reportabilidad_contrato_v1,dlk_reportabilidad_encuesta,dlk_reportabilidad_antiguedad_v1,dlk_reportabilidad_posicion_v1,m4cci_ingreso_sap
dlk_riesgo_antiguedad;5;dlk_riesgo_evaluacion_v2,dlk_riesgo_indicador_v1,dlk_riesgo_competencia,dlk_riesgo_postulante,dlk_riesgo_posicion_v1;12;template_postulante_1_sap,std_hr_meta_sap,cci_indicador_sap,template_licencia_1_sap,cci_colaborador_2_sap,std_lu_bono_1_sap,bci_bono_sap,m4bci_colaborador_2_sap,bci_alerta_sap,cci_evaluacion_1_sap,m4sco_brecha_sap,m4sco_turno_sap
dlk_diversidad_cargo;3;dlk_diversidad_traslado,dlk_diversidad_alerta_v2,dlk_diversidad_region_v1;13;m4vw_egreso_sap,ppn_competencia_sap,template_beca_1_sap,nomina_desempeno_2023_sap,m4vw_competencia_sap,std_lu_incid_type_sap,cci_colaborador_2_sap,m4vw_unidad_sap,m4sco_bono_sap,cci_egreso_sap,m4sco_hora_extra_sap,personales_sap,std_hr_antiguedad_sap
gob_movilidad_centro_costo;8;gob_movilidad_encuesta,gob_movilidad_alerta_v1,gob_movilidad_indicador_v1,gob_movilidad_egreso,gob_movilidad_curso_v2,gob_movilidad_alerta_v2,gob_movilidad_indicador_v2,gob_movilidad_sucursal_v1;7;dlk_movilidad_evaluacion_v2,dlk_movilidad_alerta_v1,dlk_movilidad_licencia,dlk_movilidad_indicador_v2,dlk_movilidad_bono,dlk_movilidad_incidencia,template_unidad_sap
dlk_capacitacion_curso;5;dlk_capacitacion_vacante_v1,dlk_capacitacion_indicador,dlk_capacitacion_postulante_v1,dlk_capacitacion_curso,dlk_capacitacion_vacante;11;ppn_meta_1_sap,bci_competencia_1_sap,m4cci_incidencia_1_sap,cci_jefatura_1_sap,template_encuesta_sap,nomina_desempeno_2024_sap,m4cci_sucursal_sap,std_hr_convenio_1_sap,template_licencia_1_sap,m4vw_curso_1_sap,m4cci_encuesta_1_sap
dash_planta_sucursal;3;dash_seleccion_unidad_kpi,dash_ausentismo_contrato_kpi,dash_ausentismo_incidencia_kpi;8;proc_planta_traslado_v1,gob_planta_jefatura_v2,gob_planta_hora_extra_v2,proc_planta_egreso,gob_planta_egreso_v2,gob_planta_cargo_v1,proc_planta_licencia_v1,proc_planta_cargo
dlk_talento_jefatura;3;dlk_talento_vacante_v2,dlk_talento_evaluacion,dlk_talento_centro_costo_v2;9;ausentismo_sf_sap,m4bci_meta_sap,cci_sucursal_sap,m4vw_region_sap,cci_curso_1_sap,ppn_meta_1_sap,cci_evaluacion_1_sap,bci_alerta_1_sap,ppn_bono_1_sap
dlk_desempeno_region;3;dlk_desempeno_contrato_v2,dlk_desempeno_cargo_v1,dlk_desempeno_region;5;template_encuesta_sap,m4sco_convenio_1_sap,template_cargo_1_sap,template_licencia_sap,m4vw_posicion_2_sap
dlk_formacion_vacante;6;dlk_formacion_unidad,dlk_formacion_posicion_v2,dlk_formacion_indicador,dlk_formacion_hora_extra_v2,dlk_formacion_contrato,dlk_formacion_sucursal_v2;5;bci_curso_sap,template_licencia_1_sap,ppn_traslado_1_sap,template_evaluacion_1_sap,m4vw_egreso_sap
dlk_ausentismo_turno;5;dlk_ausentismo_brecha_v1,dlk_ausentismo_traslado_v1,dlk_ausentismo_licencia_v1,ppn_ausentismos_dia,dlk_ausentismo_colaborador_v1;7;bci_indicador_sap,template_beca_1_sap,bci_alerta_1_sap,template_antiguedad_1_sap,m4sco_centro_costo_1_sap,std_hr_antiguedad_1_sap,m4vw_vacante_1_sap
dlk_nomina_egreso;4;dlk_nomina_egreso,dlk_nomina_colaborador_v1,dlk_nomina_sucursal,dlk_nomina_postulante_v2;11;ppn_postulante_1_sap,std_lu_hora_extra_sap,m4bci_meta_sap,bci_competencia_1_sap,bci_encuesta_sap,m4bci_incidencia_1_sap,m4sco_centro_costo_1_sap,template_licencia_1_sap,cci_colaborador_2_sap,m4bci_sucursal_sap,m4cci_ingreso_sap
proc_seleccion_ingreso;2;proc_seleccion_evaluacion_v1,proc_seleccion_evaluacion;4;gob_seleccion_vacante_v1,gob_seleccion_traslado_v2,gob_seleccion_hora_extra_v1,gob_seleccion_ingreso_v1
dash_beneficios_sucursal;2;dash_beneficios_contrato_kpi,dash_beneficios_cargo_kpi;12;gob_beneficios_traslado,gob_beneficios_centro_costo,gob_beneficios_brecha_v2,gob_beneficios_postulante_v1,gob_beneficios_alerta,gob_beneficios_competencia_v2,gob_beneficios_posicion,gob_beneficios_jefatura,gob_beneficios_cargo,gob_beneficios_antiguedad_v2,gob_beneficios_posicion_v2,gob_beneficios_alerta_v2
dlk_egresos_beca;6;dlk_egresos_jefatura_v2,dlk_egresos_colaborador_v1,dlk_egresos_alerta_v1,dlk_egresos_curso_v2,dlk_egresos_indicador_v2,dlk_egresos_region_v1;8;ppn_familia_cargo_sap,m4vw_vacante_1_sap,std_lu_meta_1_sap,m4sco_indicador_1_sap,std_lu_job_sector_sap,cci_evaluacion_1_sap,cci_colaborador_2_sap,template_turno_1_sap
dlk_compensaciones_jefatura;2;dlk_compensaciones_jefatura,dlk_compensaciones_meta_v2;10;personales_sap,m4bci_sucursal_sap,m4cci_beca_sap,m4vw_unidad_1_sap,panel_alertas_ssnn_sap,m4vw_unidad_sap,template_licencia_1_sap,bci_bono_sap,template_evaluacion_1_sap,std_hr_turno_1_sap
dlk_clima_indicador;4;dlk_clima_competencia_v1,dlk_clima_ingreso,dlk_clima_ingreso_v1,dlk_clima_postulante_v2;13;std_lu_posicion_2_sap,std_lu_evaluacion_1_sap,bci_bono_sap,m4cci_sucursal_sap,m4vw_egreso_sap,cci_jefatura_1_sap,template_cargo_1_sap,cci_ingreso_sap,m4cci_ingreso_sap,cci_incidencia_1_sap,m4sco_jefatura_1_sap,cci_evaluacion_1_sap,m4cci_posicion_2_sap
gob_reportabilidad_ingreso_01;5;gob_reportabilidad_ingreso_v2,gob_reportabilidad_centro_costo,gob_reportabilidad_cargo,gob_reportabilidad_ingreso_v1,gob_reportabilidad_vacante_v1;7;dlk_reportabilidad_encuesta,dlk_reportabilidad_contrato_v1,dlk_reportabilidad_meta,dlk_reportabilidad_antiguedad_v1,dlk_reportabilidad_posicion_v2,dlk_reportabilidad_posicion_v1,template_postulante_1_sap
gob_riesgo_region;7;gob_riesgo_evaluacion,gob_riesgo_incidencia_v1,gob_riesgo_meta_v2,gob_riesgo_antiguedad_v1,gob_riesgo_bono,gob_riesgo_posicion_v2,gob_riesgo_sucursal_v1;10;dlk_riesgo_competencia,dlk_riesgo_posicion_v1,dlk_riesgo_traslado,dlk_riesgo_licencia,dlk_riesgo_cargo_v2,dlk_riesgo_licencia_v1,dlk_riesgo_postulante,dlk_riesgo_indicador_v1,dlk_riesgo_evaluacion_v2,m4bci_colaborador_sap
dlk_diversidad_licencia;6;dlk_diversidad_bono,dlk_diversidad_curso_v1,dlk_diversidad_turno,dlk_diversidad_postulante_v2,dlk_diversidad_vacante_v1,dlk_diversidad_jefatura_v1;5;bci_bono_sap,m4sco_duties_sap,m4vw_jefatura_2_sap,m4cci_contrato_sap,std_lu_colaborador_2_sap
dlk_movilidad_ingreso;4;dlk_movilidad_curso,dlk_movilidad_antiguedad_v1,dlk_movilidad_licencia_v1,dlk_compensaciones_centro_costo_v2;6;template_licencia_1_sap,template_cargo_1_sap,bci_brecha_sap,std_hr_convenio_1_sap,ppn_traslado_1_sap,std_lu_incid_type_sap
proc_capacitacion_centro_costo;3;proc_capacitacion_incidencia,proc_capacitacion_brecha_v1,proc_capacitacion_sucursal_v1;15;gob_capacitacion_competencia_v2,gob_capacitacion_contrato_v2,gob_capacitacion_hora_extra,gob_capacitacion_unidad_v1,gob_capacitacion_jefatura_v1,gob_capacitacion_antiguedad_v2,gob_capacitacion_centro_costo_v2,gob_capacitacion_egreso,gob_capacitacion_licencia_v1,gob_capacitacion_turno,gob_capacitacion_turno_v2,gob_capacitacion_encuesta_v1,gob_capacitacion_indicador_v1,gob_capacitacion_ingreso_v2,cci_contrato_1_sap
dlk_planta_hora_extra;2;dlk_planta_colaborador,dlk_planta_turno;6;cci_ingreso_sap,m4sco_r_job_dut_sap,m4vw_competencia_sap,m4bci_indicador_sap,bci_convenio_1_sap,ppn_cargo_duty_sap
dash_talento_ingreso;4;dash_talento_unidad_kpi,dash_talento_posicion_kpi,dash_talento_contrato_kpi,dash_capacitacion_contrato_kpi;9;proc_talento_encuesta,proc_talento_ingreso_v1,proc_talento_traslado_v1,proc_talento_turno,proc_talento_posicion_v1,proc_talento_meta_v1,proc_talento_vacante_v1,proc_talento_jefatura_v1,proc_talento_brecha_v1
dlk_desempeno_brecha;2;dlk_desempeno_ingreso,dlk_desempeno_sucursal_v2;13;template_cargo_2_sap,cci_incidencia_1_sap,template_licencia_1_sap,cci_sucursal_sap,std_lu_colaborador_2_sap,m4sco_postulante_sap,bci_indicador_sap,cci_colaborador_2_sap,m4sco_turno_sap,m4sco_centro_costo_1_sap,nomina_desempeno_2023_sap,bci_bono_sap,template_curso_1_sap
gob_formacion_sucursal;6;gob_formacion_hora_extra_v1,gob_formacion_contrato_v2,gob_formacion_jefatura_v2,gob_formacion_region_v2,gob_formacion_unidad_v2,gob_egresos_antiguedad_v2;12;dlk_formacion_vacante_v1,dlk_formacion_turno_v2,dlk_formacion_ingreso,dlk_formacion_licencia_v1,dlk_formacion_traslado_v2,dlk_formacion_meta,dlk_formacion_incidencia,dlk_formacion_egreso_v1,dlk_formacion_posicion_v2,dlk_formacion_hora_extra_v2,dlk_formacion_indicador,m4cci_ingreso_sap
gob_ausentismo_alerta;6;gob_ausentismo_antiguedad_v2,gob_ausentismo_competencia_v2,gob_ausentismo_hora_extra_v2,gob_ausentismo_hora_extra,gob_ausentismo_centro_costo,gob_reportabilidad_cargo;16;dlk_ausentismo_cargo,dlk_ausentismo_unidad_v1,dlk_ausentismo_curso_v2,dlk_ausentismo_vacante_v2,dlk_ausentismo_unidad,dlk_ausentismo_hora_extra_v1,dlk_ausentismo_jefatura_v1,ppn_ausentismos_incidencia,dlk_ausentismo_posicion_v2,dlk_ausentismo_ingreso_v1,dlk_ausentismo_encuesta_v2,dlk_ausentismo_licencia_v1,dlk_ausentismo_jefatura_v2,dlk_ausentismo_evaluacion_v1,dlk_ausentismo_sucursal_v2,m4bci_curso_sap
gob_nomina_centro_costo;3;gob_nomina_postulante_v2,gob_nomina_bono,gob_nomina_meta_v1;11;dlk_nomina_curso,dlk_nomina_postulante_v2,dlk_nomina_hora_extra,dlk_nomina_sucursal,dlk_nomina_turno_v2,dlk_nomina_brecha_v1,dlk_nomina_colaborador_v1,dlk_nomina_centro_costo_v1,dlk_nomina_egreso_v1,dlk_nomina_egreso,cci_antiguedad_sap
proc_seleccion_posicion;6;proc_seleccion_cargo_v1,proc_seleccion_postulante,proc_seleccion_incidencia_v1,proc_seleccion_posicion_v1,proc_seleccion_encuesta,proc_seleccion_hora_extra_v1;5;gob_seleccion_hora_extra_v1,gob_seleccion_traslado_v2,gob_seleccion_ingreso_v1,gob_seleccion_vacante_v1,std_lu_bono_1_sap
dash_beneficios_convenio;4;dash_beneficios_colaborador_kpi,dash_beneficios_posicion_kpi,dash_riesgo_cargo_kpi,dash_movilidad_unidad_kpi;12;gob_beneficios_cargo,gob_beneficios_competencia_v2,gob_beneficios_alerta,gob_beneficios_jefatura,gob_beneficios_centro_costo,gob_beneficios_postulante_v1,gob_beneficios_posicion_v2,gob_beneficios_traslado,gob_beneficios_antiguedad_v2,gob_beneficios_posicion,gob_beneficios_brecha_v2,gob_beneficios_alerta_v2
dlk_egresos_turno;4;dlk_egresos_brecha,dlk_egresos_ingreso_v1,dlk_egresos_postulante_v1,dlk_egresos_contrato;11;std_hr_competencia_sap,cci_contrato_1_sap,template_licencia_1_sap,m4bci_colaborador_2_sap,m4vw_curso_1_sap,std_hr_alerta_sap,ppn_cargo_duty_sap,m4bci_sucursal_sap,ppn_traslado_1_sap,template_postulante_1_sap,m4vw_egreso_sap
proc_compensaciones_cargo;4;proc_compensaciones_bono,proc_compensaciones_encuesta,proc_compensaciones_colaborador_v1,proc_compensaciones_evaluacion;4;gob_compensaciones_traslado,gob_compensaciones_postulante_v1,gob_compensaciones_cargo_v1,gob_compensaciones_brecha_v1
proc_clima_indicador;3;proc_clima_unidad_v1,proc_clima_egreso,proc_clima_colaborador;17;gob_clima_region,gob_clima_licencia_v2,gob_clima_centro_costo_v1,gob_clima_traslado,gob_clima_curso_v2,gob_clima_egreso_v1,gob_clima_brecha_v2,gob_clima_convenio_v2,gob_clima_antiguedad_v2,gob_clima_incidencia_v2,gob_clima_postulante_v1,gob_clima_meta,gob_clima_centro_costo,gob_clima_licencia,gob_clima_incidencia_v1,gob_clima_indicador,gob_clima_curso_v1
proc_reportabilidad_competencia;2;proc_reportabilidad_cargo_v1,proc_reportabilidad_meta_v1;15;gob_reportabilidad_encuesta_v1,gob_reportabilidad_indicador,gob_reportabilidad_antiguedad_v2,gob_reportabilidad_traslado_v2,gob_reportabilidad_competencia,gob_reportabilidad_curso_v1,gob_reportabilidad_centro_costo,gob_reportabilidad_egreso,gob_reportabilidad_ingreso_v2,gob_reportabilidad_sucursal_v1,gob_reportabilidad_cargo,gob_reportabilidad_vacante_v1,gob_reportabilidad_ingreso_v1,gob_reportabilidad_unidad_v1,ppn_traslado_1_sap
dlk_riesgo_egreso;5;dlk_riesgo_curso_v2,dlk_riesgo_encuesta_v2,dlk_riesgo_sucursal_v1,dlk_riesgo_antiguedad,dlk_riesgo_curso_v1;5;m4cci_competencia_sap,m4cci_ingreso_sap,ppn_centro_costo_sap,cci_incidencia_1_sap,m4sco_turno_sap
dlk_diversidad_alerta;5;dlk_diversidad_colaborador_v2,dlk_diversidad_vacante_v2,dlk_diversidad_licencia,dlk_diversidad_competencia_v1,dlk_diversidad_incidencia;9;m4sco_posicion_1_sap,std_hr_licencia_1_sap,std_hr_convenio_1_sap,cci_vacante_1_sap,cci_jefatura_1_sap,template_curso_1_sap,template_licencia_1_sap,cci_convenio_sap,m4sco_convenio_1_sap
dlk_movilidad_brecha;6;dlk_movilidad_postulante_v1,dlk_movilidad_posicion_v1,dlk_movilidad_sucursal,dlk_movilidad_hora_extra_v1,dlk_movilidad_meta_v1,dlk_movilidad_convenio;9;m4sco_hora_extra_sap,cci_cargo_2_sap,bci_curso_1_sap,m4vw_hora_extra_sap,std_hr_convenio_1_sap,cci_postulante_sap,socios_sap,std_hr_incidencia_1_sap,cci_curso_1_sap
gob_capacitacion_licencia_01;6;gob_capacitacion_postulante_v2,gob_capacitacion_alerta,gob_capacitacion_evaluacion_v1,gob_capacitacion_evaluacion_v2,gob_capacitacion_traslado_v1,gob_capacitacion_convenio_v2;6;dlk_capacitacion_postulante_v1,dlk_capacitacion_vacante_v1,dlk_capacitacion_curso,dlk_capacitacion_vacante,dlk_capacitacion_indicador,m4vw_egreso_sap
dlk_planta_vacante;3;dlk_planta_competencia_v1,dlk_planta_brecha_v1,dlk_planta_turno_v1;14;ppn_meta_1_sap,std_lu_encuesta_1_sap,template_colaborador_2_sap,m4sco_contrato_1_sap,template_licencia_1_sap,m4sco_convenio_1_sap,ppn_region_1_sap,m4cci_beca_sap,m4cci_region_sap,cci_colaborador_2_sap,m4bci_colaborador_1_sap,m4cci_hora_extra_1_sap,m4bci_bono_1_sap,bci_curso_1_sap
dlk_talento_postulante;3;dlk_talento_meta_v2,dlk_talento_contrato_v2,dlk_talento_antiguedad_v2;10;std_hr_convenio_1_sap,cat_desempeno_2023_sap,m4vw_traslado_1_sap,std_lu_job_sector_sap,ppn_cargo_duty_sap,ppn_meta_1_sap,m4sco_jefatura_1_sap,m4vw_meta_sap,m4vw_vacante_1_sap,m4vw_unidad_sap
gob_desempeno_cargo;4;gob_desempeno_egreso,gob_desempeno_traslado_v2,gob_desempeno_colaborador,gob_desempeno_colaborador_v2;12;dlk_desempeno_postulante,dlk_desempeno_unidad,dlk_desempeno_encuesta_v2,dlk_desempeno_cargo_v2,dlk_desempeno_bono,dlk_desempeno_jefatura,dlk_desempeno_region,dlk_desempeno_ingreso,dlk_desempeno_cargo_v1,dlk_desempeno_sucursal_v2,dlk_desempeno_contrato_v2,template_postulante_1_sap
dash_formacion_colaborador;4;dash_formacion_contrato_kpi,dash_formacion_posicion_kpi,dash_formacion_evaluacion_kpi,dash_formacion_unidad_kpi;15;gob_formacion_convenio_v1,gob_formacion_contrato_v2,gob_formacion_licencia_v1,proc_formacion_incidencia_v1,gob_formacion_curso,gob_formacion_traslado_v2,gob_formacion_egreso,gob_formacion_region,gob_formacion_jefatura_v2,proc_formacion_cargo,gob_formacion_region_v2,gob_formacion_unidad_v2,gob_formacion_unidad_v1,proc_formacion_centro_costo,gob_formacion_hora_extra_v1
dlk_ausentismo_competencia;4;dlk_ausentismo_colaborador,dlk_ausentismo_sucursal,dlk_ausentismo_antiguedad,dlk_ausentismo_beca;9;ppn_hora_extra_sap,ppn_unidad_sap,m4vw_evaluacion_1_sap,m4bci_posicion_1_sap,m4bci_cargo_2_sap,template_centro_costo_sap,template_postulante_1_sap,bci_indicador_sap,std_hr_licencia_sap
proc_nomina_centro_costo;5;proc_nomina_egreso,proc_nomina_centro_costo,proc_nomina_bono,proc_nomina_brecha_v1,proc_nomina_bono_v1;10;gob_nomina_meta_v2,gob_nomina_egreso_v2,gob_nomina_beca_v2,gob_nomina_contrato,gob_nomina_bono_v2,gob_nomina_bono,gob_nomina_convenio,gob_nomina_postulante_v2,gob_nomina_colaborador_v2,gob_nomina_meta_v1
gob_seleccion_sucursal;5;gob_seleccion_antiguedad_v1,gob_seleccion_bono_v2,gob_seleccion_colaborador_v2,gob_seleccion_incidencia_v2,gob_seleccion_region_v2;9;dlk_seleccion_beca_v2,dlk_seleccion_ingreso_v2,dlk_seleccion_encuesta,dlk_seleccion_sucursal_v1,dlk_seleccion_convenio_v2,dlk_seleccion_jefatura_v2,dlk_seleccion_evaluacion,dlk_seleccion_antiguedad,m4bci_sucursal_sap
dash_beneficios_jefatura;4;dash_seleccion_jefatura_kpi,dash_egresos_cargo_kpi,dash_ausentismo_posicion_kpi,dash_clima_contrato_kpi;12;gob_beneficios_alerta,gob_beneficios_brecha_v2,gob_beneficios_antiguedad_v2,gob_beneficios_alerta_v2,gob_beneficios_postulante_v1,gob_beneficios_posicion_v2,gob_beneficios_posicion,gob_beneficios_traslado,gob_beneficios_competencia_v2,gob_beneficios_centro_costo,gob_beneficios_cargo,gob_beneficios_jefatura
gob_egresos_sucursal;5;gob_egresos_jefatura,gob_egresos_curso_v2,gob_egresos_unidad,gob_egresos_centro_costo_v1,gob_egresos_unidad_v1;17;dlk_egresos_competencia,dlk_egresos_colaborador_v1,dlk_egresos_encuesta_v1,dlk_egresos_incidencia_v1,dlk_egresos_region_v1,dlk_egresos_brecha_v1,dlk_egresos_ingreso_v1,dlk_egresos_brecha,dlk_egresos_vacante_v2,dlk_egresos_convenio,dlk_egresos_postulante_v1,dlk_egresos_alerta_v1,dlk_egresos_jefatura_v2,dlk_egresos_contrato,dlk_egresos_curso_v2,dlk_egresos_indicador_v2,std_hr_postulante_1_sap
gob_compensaciones_region;6;gob_compensaciones_alerta,gob_compensaciones_postulante_v2,gob_compensaciones_incidencia_v1,gob_compensaciones_posicion_v1,gob_compensaciones_brecha_v2,gob_compensaciones_postulante;9;dlk_compensaciones_contrato_v1,dlk_compensaciones_antiguedad_v2,dlk_compensaciones_traslado,dlk_compensaciones_licencia_v2,dlk_compensaciones_hora_extra_v1,dlk_compensaciones_incidencia_v2,dlk_compensaciones_jefatura_v1,dlk_compensaciones_encuesta_v1,cci_antiguedad_sap
gob_clima_contrato;5;gob_clima_cargo,gob_clima_indicador_v2,gob_clima_hora_extra_v2,gob_clima_evaluacion_v2,gob_clima_posicion;14;dlk_clima_ingreso_v1,dlk_clima_competencia,dlk_clima_centro_costo_v2,dlk_clima_evaluacion_v1,dlk_clima_competencia_v1,dlk_clima_encuesta_v1,dlk_clima_meta,dlk_clima_alerta_v1,dlk_clima_postulante_v2,dlk_clima_jefatura_v2,dlk_clima_ingreso,dlk_clima_beca_v2,dlk_clima_egreso_v2,m4sco_duties_sap
dlk_reportabilidad_posicion;2;dlk_reportabilidad_sucursal_v1,dlk_reportabilidad_competencia_v1;8;ppn_encuesta_sap,m4vw_egreso_sap,template_brecha_1_sap,bci_curso_sap,m4bci_traslado_sap,bci_sucursal_sap,m4sco_duties_sap,cci_ingreso_sap
dlk_riesgo_region;2;dlk_riesgo_vacante_v2,dlk_riesgo_cargo;11;std_lu_encuesta_1_sap,m4sco_centro_costo_1_sap,cci_incidencia_1_sap,template_postulante_1_sap,template_brecha_1_sap,m4vw_posicion_2_sap,bci_curso_1_sap,m4sco_indicador_1_sap,m4sco_traslado_sap,std_hr_alerta_sap,std_hr_antiguedad_sap
proc_diversidad_posicion;5;proc_diversidad_turno,proc_diversidad_region,proc_diversidad_antiguedad_v1,proc_diversidad_turno_v1,proc_diversidad_meta_v1;7;gob_diversidad_brecha,gob_diversidad_ingreso_v2,gob_diversidad_sucursal,gob_diversidad_alerta_v1,gob_diversidad_contrato,gob_diversidad_hora_extra,gob_diversidad_brecha_v2
gob_movilidad_indicador;6;gob_movilidad_jefatura_v1,gob_movilidad_colaborador_v2,gob_movilidad_antiguedad,gob_movilidad_unidad_v2,gob_movilidad_contrato_v2,gob_movilidad_centro_costo_v2;14;dlk_movilidad_licencia_v1,dlk_movilidad_licencia,dlk_movilidad_alerta_v1,dlk_movilidad_meta_v1,dlk_movilidad_bono,dlk_movilidad_indicador_v2,dlk_movilidad_incidencia,dlk_movilidad_antiguedad_v1,dlk_movilidad_curso,dlk_movilidad_hora_extra_v1,dlk_movilidad_sucursal,dlk_movilidad_evaluacion_v2,dlk_movilidad_posicion_v1,m4cci_ingreso_sap
dlk_capacitacion_contrato;3;dlk_capacitacion_unidad_v2,dlk_capacitacion_vacante_v2,dlk_capacitacion_meta_v2;11;cci_evaluacion_1_sap,nomina_desempeno_2023_sap,m4bci_sucursal_sap,std_lu_incidencia_sap,std_lu_vacante_1_sap,m4sco_turno_sap,std_lu_edu_dip_lev_sap,bci_encuesta_sap,ppn_indicador_1_sap,m4sco_centro_costo_1_sap,std_lu_evaluacion_1_sap
dlk_planta_competencia;4;dlk_planta_bono,dlk_planta_unidad_v2,dlk_planta_bono_v2,dlk_planta_sucursal_v2;12;cci_beca_sap,template_licencia_1_sap,template_evaluacion_1_sap,std_lu_ingreso_sap,m4vw_evaluacion_1_sap,ppn_traslado_1_sap,m4vw_posicion_2_sap,m4cci_unidad_sap,cci_contrato_1_sap,m4vw_curso_1_sap,m4sco_turno_sap,cci_incidencia_1_sap
dlk_talento_encuesta;2;dlk_talento_jefatura,dlk_talento_colaborador_v1;4;m4sco_postulante_sap,nomina_desempeno_2023_sap,template_alerta_1_sap,planta_trabajo_sap
proc_desempeno_centro_costo;2;proc_desempeno_egreso,proc_desempeno_bono_v1;16;gob_desempeno_unidad_v2,gob_desempeno_centro_costo,gob_desempeno_beca_v1,gob_desempeno_ingreso_v2,gob_desempeno_colaborador,gob_desempeno_centro_costo_v2,gob_desempeno_vacante,gob_desempeno_bono_v2,gob_desempeno_meta_v2,gob_desempeno_convenio_v1,gob_desempeno_traslado,gob_desempeno_hora_extra_v2,gob_desempeno_competencia_v2,gob_desempeno_region_v1,gob_desempeno_brecha_v2,gob_desempeno_meta_v1
proc_formacion_centro_costo;4;proc_formacion_egreso,proc_formacion_traslado,proc_formacion_encuesta,proc_formacion_turno_v1;7;gob_formacion_egreso,gob_formacion_convenio_v1,gob_formacion_traslado_v2,gob_formacion_unidad_v2,gob_formacion_curso,gob_formacion_region_v2,ppn_traslado_1_sap
proc_ausentismo_antiguedad;3;proc_ausentismo_competencia,proc_ausentismo_meta,proc_ausentismo_unidad;16;gob_ausentismo_sucursal_v1,gob_ausentismo_centro_costo,gob_ausentismo_turno,gob_ausentismo_competencia_v2,gob_ausentismo_incidencia_v2,gob_ausentismo_turno_v1,gob_ausentismo_hora_extra_v2,gob_ausentismo_egreso_v2,gob_ausentismo_region,gob_ausentismo_alerta_v1,gob_ausentismo_hora_extra,gob_ausentismo_centro_costo_v2,gob_ausentismo_ingreso,gob_ausentismo_cargo_v2,gob_ausentismo_antiguedad_v2,m4bci_incidencia_1_sap
gob_nomina_convenio;9;gob_nomina_ingreso,gob_nomina_sucursal_v2,gob_nomina_convenio_v2,gob_nomina_posicion_v1,gob_nomina_alerta_v2,gob_nomina_jefatura,gob_nomina_bono_v1,gob_nomina_vacante_v2,gob_seleccion_antiguedad_v1;12;dlk_nomina_hora_extra,dlk_nomina_egreso,dlk_nomina_brecha_v1,dlk_nomina_sucursal,dlk_nomina_turno_v2,dlk_nomina_egreso_v1,dlk_nomina_curso,dlk_nomina_centro_costo_v1,dlk_nomina_postulante_v2,dlk_nomina_colaborador_v1,dlk_nomina_incidencia_v2,m4bci_meta_sap
gob_seleccion_region;3;gob_seleccion_posicion_v2,gob_seleccion_contrato,gob_seleccion_postulante_v1;14;dlk_seleccion_encuesta,dlk_seleccion_jefatura_v2,dlk_seleccion_evaluacion,dlk_seleccion_sucursal_v1,dlk_seleccion_ingreso_v2,dlk_seleccion_convenio_v2,dlk_seleccion_beca_v2,dlk_seleccion_convenio,dlk_seleccion_antiguedad,dlk_seleccion_turno_v1,dlk_seleccion_cargo_v2,dlk_seleccion_jefatura,dlk_seleccion_traslado,std_lu_edu_special_sap
dash_beneficios_licencia;3;dash_compensaciones_incidencia_kpi,dash_desempeno_posicion_kpi,dash_desempeno_contrato_kpi;12;gob_beneficios_competencia_v2,gob_beneficios_postulante_v1,gob_beneficios_brecha_v2,gob_beneficios_cargo,gob_beneficios_jefatura,gob_beneficios_antiguedad_v2,gob_beneficios_traslado,gob_beneficios_alerta_v2,gob_beneficios_posicion,gob_beneficios_alerta,gob_beneficios_posicion_v2,gob_beneficios_centro_costo
proc_egresos_incidencia;4;proc_egresos_sucursal_v1,proc_egresos_alerta_v1,proc_egresos_cargo,proc_egresos_postulante;18;gob_egresos_colaborador,gob_egresos_convenio_v1,gob_egresos_postulante,gob_egresos_egreso_v1,gob_egresos_bono_v1,gob_egresos_antiguedad_v1,gob_egresos_competencia,gob_egresos_evaluacion_v2,gob_egresos_unidad,gob_egresos_antiguedad_v2,gob_egresos_traslado_v1,gob_egresos_vacante_v1,gob_egresos_indicador_v2,gob_egresos_centro_costo_v1,gob_egresos_cargo_v1,gob_egresos_unidad_v1,gob_egresos_jefatura,gob_egresos_curso_v2
dlk_compensaciones_traslado;2;dlk_compensaciones_contrato_v2,dlk_compensaciones_egreso_v1;6;m4bci_curso_sap,ppn_centro_costo_sap,m4sco_hora_extra_1_sap,m4cci_curso_1_sap,m4sco_cargo_2_sap,m4cci_contrato_1_sap
dlk_clima_indicador_01;2;dlk_clima_evaluacion,dlk_clima_unidad;8;std_hr_licencia_sap,m4sco_jefatura_1_sap,cci_colaborador_2_sap,template_licencia_sap,cci_cargo_2_sap,m4bci_incidencia_1_sap,std_lu_encuesta_1_sap,ppn_evaluacion_sap
dlk_reportabilidad_unidad;6;dlk_reportabilidad_evaluacion,dlk_reportabilidad_colaborador_v2,dlk_reportabilidad_antiguedad,dlk_reportabilidad_egreso,dlk_reportabilidad_brecha_v2,dlk_reportabilidad_postulante;13;m4vw_region_sap,cci_jefatura_1_sap,bci_convenio_1_sap,m4vw_posicion_2_sap,m4sco_bono_1_sap,m4vw_hora_extra_sap,ppn_competencia_sap,cci_incidencia_sap,std_lu_competencia_1_sap,cci_convenio_sap,m4sco_turno_sap,template_antiguedad_1_sap,m4vw_sucursal_sap
dlk_riesgo_evaluacion;2;dlk_riesgo_bono_v1,dlk_riesgo_evaluacion_v1;13;bci_competencia_1_sap,m4bci_vacante_1_sap,bci_encuesta_sap,m4vw_hora_extra_sap,m4sco_cargo_2_sap,template_cargos_sap,m4sco_r_job_dut_sap,m4sco_convenio_1_sap,m4cci_ingreso_sap,nomina_desempeno_2023_sap,m4vw_region_sap,ppn_cargo_1_sap,cci_colaborador_2_sap
dlk_diversidad_competencia;5;dlk_diversidad_alerta,dlk_diversidad_ingreso,dlk_diversidad_hora_extra,dlk_diversidad_bono_v1,dlk_diversidad_sucursal_v1;10;ppn_meta_1_sap,m4cci_competencia_sap,nomina_desempeno_2024_sap,m4vw_region_sap,m4sco_convenio_1_sap,m4bci_posicion_2_sap,std_hr_convenio_1_sap,std_hr_antiguedad_sap,m4cci_beca_sap,m4cci_bono_1_sap
dlk_movilidad_alerta;3;dlk_movilidad_antiguedad,dlk_movilidad_vacante_v2,dlk_movilidad_jefatura;10;cat_desempeno_2023_sap,cci_egreso_sap,m4sco_beca_1_sap,std_lu_cargo_2_sap,ppn_bono_1_sap,cci_colaborador_2_sap,m4bci_incidencia_1_sap,m4sco_convenio_1_sap,nomina_desempeno_2024_sap,ppn_centro_costo_sap
dlk_capacitacion_brecha;4;dlk_capacitacion_colaborador,dlk_capacitacion_meta,dlk_capacitacion_postulante,dlk_capacitacion_encuesta_v2;7;m4cci_incidencia_sap,bci_bono_sap,bci_convenio_1_sap,cat_desempeno_2023_sap,nomina_desempeno_2024_sap,ppn_traslado_1_sap,bci_curso_1_sap
gob_planta_hora_extra;5;gob_planta_incidencia_v1,gob_planta_ingreso_v1,gob_planta_curso_v1,gob_planta_incidencia_v2,gob_planta_competencia_v2;10;dlk_planta_bono,dlk_planta_colaborador,dlk_planta_bono_v2,dlk_planta_unidad_v2,dlk_planta_sucursal_v2,dlk_planta_competencia_v1,dlk_planta_brecha_v1,dlk_planta_turno_v1,dlk_planta_turno,bci_posicion_2_sap
proc_talento_region;2;proc_talento_sucursal,proc_talento_colaborador_v1;9;gob_beneficios_centro_costo,gob_egresos_convenio_v1,gob_reportabilidad_vacante_v1,gob_formacion_curso,gob_desempeno_colaborador,gob_egresos_colaborador,gob_egresos_unidad_v1,gob_reportabilidad_ingreso_v1,gob_nomina_meta_v2
dlk_desempeno_meta;5;dlk_desempeno_alerta_v2,dlk_desempeno_convenio_v1,dlk_desempeno_alerta_v1,dlk_desempeno_jefatura_v1,dlk_desempeno_egreso_v2;13;m4bci_posicion_1_sap,m4vw_vacante_sap,m4cci_incidencia_1_sap,m4sco_postulante_sap,m4sco_incidencia_1_sap,ppn_familia_cargo_sap,std_lu_encuesta_1_sap,bci_competencia_1_sap,m4cci_contrato_sap,cci_indicador_sap,template_antiguedad_1_sap,m4vw_personales_sap,cci_brecha_sap
dlk_formacion_competencia;6;dlk_formacion_beca,dlk_formacion_convenio,dlk_formacion_alerta_v2,dlk_formacion_indicador_v2,dlk_formacion_region_v2,dlk_formacion_alerta;7;std_lu_jefatura_1_sap,bci_bono_sap,m4cci_evaluacion_1_sap,std_lu_contrato_sap,cci_evaluacion_1_sap,m4bci_indicador_sap,m4bci_cargo_2_sap
dlk_ausentismo_curso;2;dlk_ausentismo_vacante,dlk_ausentismo_egreso_v2;11;m4bci_antiguedad_sap,template_postulante_1_sap,std_lu_centro_costo_1_sap,bci_brecha_1_sap,cci_cargo_2_sap,ppn_competencia_sap,m4sco_sucursal_1_sap,ppn_traslado_1_sap,cci_beca_sap,std_lu_edu_diploma_sap,m4cci_ingreso_sap
dlk_nomina_incidencia;2;dlk_nomina_turno_v1,dlk_nomina_convenio;7;m4sco_traslado_sap,m4sco_indicador_1_sap,socios_sap,m4bci_traslado_sap,cci_beca_sap,std_lu_edu_special_sap,m4cci_centro_costo_sap
dlk_seleccion_brecha;2;dlk_seleccion_contrato,dlk_seleccion_incidencia_v2;9;arbol_jerarquico_sap,m4sco_beca_sap,m4sco_jefatura_1_sap,m4bci_meta_sap,cci_evaluacion_1_sap,bci_indicador_sap,m4sco_centro_costo_1_sap,ppn_cargo_2_sap,m4bci_colaborador_2_sap
dlk_beneficios_beca;3;dlk_beneficios_hora_extra_v1,dlk_beneficios_licencia_v2,dlk_beneficios_region_v1;8;m4cci_egreso_sap,bci_bono_sap,bci_niv_hay_puesto_sap,m4vw_egreso_sap,m4sco_centro_costo_1_sap,m4sco_encuesta_1_sap,std_hr_licencia_sap,m4vw_hora_extra_sap
dlk_egresos_antiguedad;2;dlk_egresos_hora_extra_v1,dlk_egresos_alerta;13;m4bci_incidencia_sap,m4vw_beca_sap,std_lu_centro_costo_1_sap,m4vw_personales_sap,m4bci_cargo_2_sap,ppn_sucursal_1_sap,m4sco_convenio_1_sap,cci_competencia_1_sap,m4sco_centro_costo_1_sap,std_lu_job_sector_sap,std_hr_sucursal_1_sap,m4bci_traslado_sap,m4bci_meta_sap
dlk_compensaciones_convenio;5;dlk_compensaciones_ingreso_v1,dlk_compensaciones_colaborador_v1,dlk_compensaciones_jefatura_v2,dlk_compensaciones_beca,dlk_compensaciones_unidad_v1;12;m4bci_beca_sap,cci_contrato_1_sap,std_lu_hora_extra_1_sap,cci_egreso_sap,m4bci_incidencia_sap,template_jefatura_sap,template_brecha_1_sap,cci_antiguedad_sap,std_hr_convenio_1_sap,cci_encuesta_1_sap,cci_competencia_1_sap,std_lu_vacante_1_sap
dlk_clima_meta;6;dlk_clima_posicion_v1,dlk_clima_encuesta_v2,dlk_clima_brecha_v2,dlk_clima_hora_extra,dlk_clima_beca,dlk_clima_vacante;9;m4vw_beca_sap,std_hr_indicador_sap,cci_contrato_1_sap,bci_encuesta_sap,cci_colaborador_2_sap,m4cci_incidencia_sap,m4cci_bono_1_sap,std_lu_incidencia_sap,template_turno_1_sap
dash_reportabilidad_curso;3;dash_reportabilidad_jefatura_kpi,dash_reportabilidad_incidencia_kpi,dash_reportabilidad_posicion_kpi;15;gob_reportabilidad_indicador,gob_reportabilidad_competencia,gob_reportabilidad_traslado_v2,proc_reportabilidad_jefatura,gob_reportabilidad_sucursal_v1,gob_reportabilidad_antiguedad_v2,gob_reportabilidad_unidad_v1,gob_reportabilidad_centro_costo,gob_reportabilidad_cargo,gob_reportabilidad_curso_v1,gob_reportabilidad_vacante_v1,gob_reportabilidad_encuesta_v1,gob_reportabilidad_egreso,gob_reportabilidad_ingreso_v1,gob_reportabilidad_ingreso_v2
gob_riesgo_competencia;6;gob_riesgo_curso_v1,gob_riesgo_posicion,gob_riesgo_alerta,gob_riesgo_unidad_v1,gob_riesgo_convenio_v2,gob_riesgo_convenio;16;dlk_riesgo_evaluacion_v2,dlk_riesgo_indicador_v1,dlk_riesgo_licencia_v1,dlk_riesgo_traslado,dlk_riesgo_posicion_v1,dlk_riesgo_postulante,dlk_riesgo_sucursal_v1,dlk_riesgo_cargo_v2,dlk_riesgo_competencia,dlk_riesgo_vacante_v2,dlk_riesgo_licencia,dlk_riesgo_curso_v2,dlk_riesgo_curso_v1,dlk_riesgo_cargo,cci_contrato_1_sap,m4cci_egreso_sap
dlk_diversidad_jefatura;3;dlk_diversidad_indicador,dlk_diversidad_hora_extra_v1,dlk_diversidad_contrato_v1;10;bci_encuesta_sap,bci_alerta_1_sap,m4cci_curso_1_sap,cci_convenio_sap,m4sco_antiguedad_sap,bci_bono_1_sap,cci_beca_sap,std_lu_incid_type_sap,ppn_traslado_1_sap,m4sco_centro_costo_1_sap
dlk_movilidad_centro_costo;2;dlk_movilidad_jefatura_v2,dlk_movilidad_centro_costo;4;ppn_traslado_1_sap,bci_curso_1_sap,m4vw_posicion_2_sap,m4bci_incidencia_sap
gob_capacitacion_incidencia;7;gob_capacitacion_indicador,gob_capacitacion_meta_v2,gob_capacitacion_jefatura,gob_capacitacion_competencia,gob_capacitacion_meta_v1,gob_capacitacion_sucursal_v1,gob_capacitacion_centro_costo;10;dlk_capacitacion_vacante,dlk_capacitacion_curso,dlk_capacitacion_postulante_v1,dlk_capacitacion_encuesta_v2,dlk_capacitacion_meta,dlk_capacitacion_meta_v2,dlk_capacitacion_vacante_v2,dlk_capacitacion_indicador,dlk_capacitacion_vacante_v1,m4bci_curso_sap
dlk_planta_licencia;3;dlk_planta_brecha,dlk_planta_unidad_v1,dlk_planta_egreso_v2;11;m4vw_antiguedad_1_sap,std_hr_antiguedad_sap,m4sco_duties_sap,cci_brecha_1_sap,std_hr_licencia_sap,ppn_hora_extra_sap,m4cci_incidencia_sap,m4cci_region_sap,m4vw_curso_1_sap,cci_colaborador_2_sap,m4bci_hora_extra_sap
proc_talento_region_01;3;proc_talento_unidad,proc_talento_competencia,proc_talento_beca;15;gob_desempeno_meta_v2,gob_movilidad_contrato,gob_reportabilidad_competencia,gob_formacion_unidad_v2,gob_movilidad_traslado_v2,gob_ausentismo_hora_extra,gob_formacion_egreso,gob_desempeno_beca_v1,gob_clima_centro_costo_v1,gob_clima_curso_v2,gob_movilidad_unidad,gob_egresos_convenio_v1,gob_clima_licencia_v2,gob_egresos_bono_v1,gob_desempeno_region_v1
dlk_desempeno_convenio;2;dlk_desempeno_vacante,dlk_desempeno_hora_extra;8;std_lu_incid_type_sap,m4bci_indicador_sap,cci_incidencia_1_sap,m4sco_sucursal_1_sap,bci_antiguedad_1_sap,m4cci_ingreso_sap,ppn_cargo_1_sap,m4vw_egreso_sap
dlk_formacion_convenio;6;dlk_formacion_licencia_v2,dlk_formacion_colaborador,dlk_formacion_sucursal_v1,dlk_formacion_bono,dlk_formacion_licencia,dlk_formacion_alerta_v1;11;m4sco_postulante_sap,m4sco_centro_costo_1_sap,m4vw_jef_directos_sap,template_evaluacion_1_sap,m4bci_beca_sap,m4cci_region_sap,m4sco_brecha_sap,std_lu_encuesta_1_sap,planta_trabajo_sap,m4bci_licencia_1_sap,std_lu_bono_1_sap
dlk_ausentismo_turno_01;6;dlk_ausentismo_alerta,dlk_ausentismo_convenio_v1,dlk_ausentismo_contrato_v2,dlk_ausentismo_competencia_v2,dlk_ausentismo_egreso_v1,dlk_ausentismo_egreso;11;template_cargo_2_sap,template_postulante_1_sap,ppn_licencia_sap,m4vw_region_sap,cci_incidencia_1_sap,cci_egreso_sap,m4cci_incidencia_sap,std_lu_centro_costo_1_sap,m4cci_bono_1_sap,m4cci_brecha_sap,m4bci_colaborador_sap
dlk_nomina_turno;6;dlk_nomina_region_v2,dlk_nomina_encuesta_v2,dlk_nomina_antiguedad,dlk_nomina_competencia_v1,dlk_nomina_cargo_v1,dlk_nomina_ingreso_v2;9;std_hr_colaborador_2_sap,std_hr_region_1_sap,nomina_desempeno_2023_sap,m4vw_curso_1_sap,std_lu_centro_costo_1_sap,m4bci_incidencia_1_sap,ppn_cargo_1_sap,m4cci_beca_sap,m4cci_ingreso_sap
dlk_seleccion_region;5;dlk_seleccion_indicador_v1,dlk_seleccion_competencia_v1,dlk_seleccion_egreso,dlk_seleccion_vacante,dlk_seleccion_vacante_v2;10;panel_alertas_ssnn_sap,m4sco_bono_1_sap,m4vw_jefatura_2_sap,ppn_traslado_1_sap,std_lu_incid_type_sap,m4vw_egreso_sap,std_hr_meta_1_sap,m4cci_cargo_1_sap,m4sco_duties_sap,std_lu_vacante_1_sap
dlk_beneficios_turno;2;dlk_beneficios_indicador_v2,dlk_beneficios_unidad_v1;8;template_ingreso_1_sap,cci_colaborador_2_sap,template_cargo_1_sap,bci_bono_sap,m4cci_ingreso_sap,std_hr_indicador_sap,m4vw_jef_directos_sap,m4bci_meta_sap
gob_egresos_cargo;5;gob_egresos_turno,gob_egresos_centro_costo_v2,gob_egresos_beca,gob_egresos_indicador,gob_egresos_bono_v2;18;dlk_egresos_alerta_v1,dlk_egresos_jefatura_v2,dlk_egresos_brecha,dlk_egresos_indicador_v2,dlk_egresos_colaborador_v1,dlk_egresos_competencia,dlk_egresos_curso_v2,dlk_egresos_incidencia_v1,dlk_egresos_encuesta_v1,dlk_egresos_postulante_v1,dlk_egresos_region_v1,dlk_egresos_hora_extra_v1,dlk_egresos_convenio,dlk_egresos_vacante_v2,dlk_egresos_brecha_v1,dlk_egresos_ingreso_v1,dlk_egresos_contrato,cci_beca_sap
dlk_compensaciones_alerta;2;dlk_compensaciones_region_v2,dlk_compensaciones_encuesta;7;cci_brecha_sap,m4cci_incidencia_sap,m4bci_cargo_sap,m4bci_bono_1_sap,cci_convenio_sap,std_lu_incid_type_sap,std_hr_colaborador_2_sap
dlk_clima_turno;3;dlk_clima_meta_v1,dlk_clima_alerta_v2,dlk_clima_evaluacion_v2;7;std_hr_convenio_1_sap,m4cci_ingreso_sap,template_antiguedad_sap,bci_curso_sap,cci_antiguedad_sap,ppn_traslado_1_sap,m4sco_postulante_sap
dlk_reportabilidad_postulante;2;dlk_reportabilidad_vacante,dlk_reportabilidad_competencia;10;m4sco_postulante_sap,std_hr_postulante_1_sap,std_lu_cargo_2_sap,m4vw_egreso_sap,std_lu_competencia_1_sap,cci_evaluacion_1_sap,bci_bono_sap,template_licencia_sap,m4cci_competencia_sap,cci_jefatura_1_sap
proc_riesgo_indicador;5;proc_riesgo_licencia_v1,proc_riesgo_centro_costo,proc_riesgo_meta_v1,proc_riesgo_contrato,proc_riesgo_curso_v1;15;gob_riesgo_centro_costo,gob_riesgo_centro_costo_v2,gob_riesgo_competencia_v1,gob_riesgo_curso_v1,gob_riesgo_traslado_v2,gob_riesgo_contrato_v2,gob_riesgo_curso,gob_riesgo_competencia_v2,gob_riesgo_ingreso_v2,gob_riesgo_antiguedad_v2,gob_riesgo_incidencia_v1,gob_riesgo_jefatura_v2,gob_riesgo_evaluacion,gob_riesgo_sucursal_v1,gob_riesgo_antiguedad_v1
dlk_diversidad_licencia_01;5;dlk_diversidad_meta_v1,dlk_diversidad_contrato_v2,dlk_diversidad_egreso_v1,dlk_diversidad_turno_v1,dlk_diversidad_sucursal_v2;13;ppn_traslado_1_sap,bci_encuesta_sap,std_lu_bono_1_sap,m4bci_sucursal_sap,std_hr_competencia_sap,std_lu_ingreso_1_sap,std_hr_antiguedad_sap,m4vw_postulante_1_sap,m4bci_vacante_1_sap,ppn_familia_cargo_sap,ppn_cargo_duty_sap,ppn_hora_extra_sap,template_alerta_1_sap
proc_movilidad_unidad;3;proc_movilidad_centro_costo,proc_movilidad_contrato,proc_movilidad_meta;12;gob_movilidad_unidad,gob_movilidad_sucursal,gob_movilidad_contrato,gob_movilidad_indicador_v1,gob_movilidad_traslado_v2,gob_movilidad_vacante,gob_movilidad_incidencia_v2,gob_movilidad_antiguedad,gob_movilidad_egreso_v1,gob_movilidad_alerta_v2,gob_movilidad_curso_v2,gob_movilidad_indicador_v2
gob_capacitacion_jefatura;4;gob_capacitacion_beca,gob_capacitacion_beca_v1,gob_capacitacion_egreso_v1,gob_capacitacion_traslado_v2;13;dlk_capacitacion_vacante,dlk_capacitacion_postulante_v1,dlk_capacitacion_indicador,dlk_capacitacion_vacante_v2,dlk_capacitacion_encuesta_v2,dlk_capacitacion_curso,dlk_capacitacion_vacante_v1,dlk_capacitacion_unidad_v2,dlk_capacitacion_meta_v2,dlk_capacitacion_meta,dlk_capacitacion_postulante,dlk_capacitacion_colaborador,cci_colaborador_2_sap
dlk_planta_sucursal;4;dlk_planta_incidencia_v2,dlk_planta_contrato_v1,dlk_planta_contrato_v2,dlk_planta_encuesta;10;m4bci_sucursal_sap,cci_colaborador_2_sap,std_lu_edu_diploma_sap,m4sco_centro_costo_1_sap,cci_brecha_sap,m4bci_bono_1_sap,m4vw_posicion_2_sap,std_lu_incidencia_sap,bci_curso_1_sap,m4sco_traslado_sap
gob_talento_curso;8;gob_talento_meta,gob_talento_antiguedad_v2,gob_talento_indicador_v2,gob_talento_sucursal,gob_talento_meta_v2,gob_talento_region,gob_talento_competencia_v1,gob_talento_brecha_v1;14;dlk_talento_beca_v1,dlk_talento_encuesta_v2,dlk_talento_antiguedad_v1,dlk_talento_jefatura,dlk_talento_competencia_v2,dlk_talento_curso_v2,dlk_talento_colaborador_v1,dlk_talento_vacante_v2,dlk_talento_brecha_v2,dlk_talento_antiguedad_v2,dlk_talento_centro_costo_v2,dlk_talento_contrato_v2,dlk_talento_evaluacion,std_lu_meta_1_sap
dlk_desempeno_vacante;6;dlk_desempeno_colaborador,dlk_desempeno_colaborador_v2,dlk_desempeno_antiguedad_v2,dlk_desempeno_incidencia_v2,dlk_desempeno_brecha,dlk_desempeno_contrato;10;std_hr_postulante_1_sap,ppn_traslado_1_sap,cci_antiguedad_sap,nomina_desempeno_2024_sap,cci_vacante_1_sap,template_antiguedad_sap,m4bci_antiguedad_sap,std_lu_bono_1_sap,m4vw_personales_sap,std_lu_centro_costo_1_sap
dlk_formacion_contrato;6;dlk_formacion_encuesta,dlk_formacion_colaborador_v2,dlk_formacion_turno,dlk_formacion_beca_v1,dlk_formacion_region,dlk_formacion_evaluacion_v1;12;m4sco_jefatura_1_sap,m4bci_incidencia_sap,ppn_ingreso_1_sap,std_lu_incidencia_sap,cci_contrato_1_sap,std_lu_edu_dip_lev_sap,m4cci_curso_sap,m4cci_contrato_sap,std_lu_bono_1_sap,bci_turno_sap,template_colaborador_2_sap,std_lu_job_sector_sap
dlk_ausentismo_cargo;5;dlk_ausentismo_brecha,dlk_ausentismo_turno_v2,dlk_ausentismo_incidencia,dlk_ausentismo_posicion,dlk_ausentismo_encuesta_v1;7;std_hr_antiguedad_sap,bci_indicador_sap,m4cci_encuesta_sap,m4sco_duties_sap,std_hr_licencia_sap,m4cci_beca_sap,m4cci_convenio_1_sap
dlk_nomina_postulante_01;3;dlk_nomina_alerta_v1,dlk_nomina_vacante_v1,dlk_nomina_hora_extra_v2;5;m4sco_centro_costo_1_sap,cci_colaborador_2_sap,m4sco_encuesta_1_sap,m4bci_colaborador_sap,bci_antiguedad_1_sap
dlk_seleccion_convenio;6;dlk_seleccion_licencia,dlk_seleccion_beca_v1,dlk_seleccion_competencia_v2,dlk_seleccion_antiguedad_v2,dlk_seleccion_incidencia,dlk_seleccion_beca;4;cci_convenio_1_sap,personales_sap,std_lu_curso_sap,std_lu_bono_1_sap
dlk_beneficios_posicion;5;dlk_beneficios_centro_costo,dlk_beneficios_ingreso_v1,dlk_beneficios_traslado,dlk_beneficios_jefatura_v2,dlk_beneficios_vacante_v1;7;m4bci_colaborador_2_sap,cci_colaborador_2_sap,m4bci_convenio_sap,ppn_traslado_1_sap,std_hr_colaborador_2_sap,template_cargo_1_sap,m4bci_sucursal_sap
gob_egresos_colaborador;4;gob_egresos_meta_v2,gob_egresos_hora_extra,gob_egresos_curso,gob_egresos_hora_extra_v1;19;dlk_egresos_brecha_v1,dlk_egresos_ingreso_v1,dlk_egresos_brecha,dlk_egresos_jefatura_v2,dlk_egresos_encuesta_v1,dlk_egresos_incidencia_v1,dlk_egresos_vacante_v2,dlk_egresos_curso_v2,dlk_egresos_hora_extra_v1,dlk_egresos_indicador_v2,dlk_egresos_alerta_v1,dlk_egresos_convenio,dlk_egresos_competencia,dlk_egresos_colaborador_v1,dlk_egresos_region_v1,dlk_egresos_postulante_v1,dlk_egresos_contrato,dlk_egresos_alerta,std_hr_region_1_sap
dlk_compensaciones_posicion;5;dlk_compensaciones_meta,dlk_compensaciones_unidad,dlk_compensaciones_contrato,dlk_compensaciones_antiguedad,dlk_compensaciones_posicion;4;std_lu_egreso_sap,bci_cargo_2_sap,m4vw_region_sap,bci_posicion_sap
dlk_clima_hora_extra;3;dlk_clima_unidad_v1,dlk_clima_antiguedad_v2,dlk_clima_colaborador_v2;8;m4vw_egreso_sap,m4vw_jefatura_2_sap,cci_ingreso_sap,ppn_cargo_duty_sap,std_hr_meta_sap,ppn_hora_extra_sap,ppn_meta_1_sap,template_beca_1_sap
dlk_reportabilidad_brecha;5;dlk_reportabilidad_vacante_v1,dlk_reportabilidad_bono_v1,dlk_reportabilidad_traslado_v2,dlk_reportabilidad_indicador_v2,dlk_reportabilidad_alerta_v1;6;template_evaluacion_1_sap,std_lu_competencia_1_sap,std_hr_meta_sap,m4bci_vacante_1_sap,cci_beca_sap,bci_colaborador_1_sap
dlk_riesgo_hora_extra;6;dlk_riesgo_licencia_v2,dlk_riesgo_unidad_v1,dlk_riesgo_vacante_v1,dlk_riesgo_postulante_v2,dlk_riesgo_convenio,dlk_riesgo_hora_extra_v2;12;std_lu_incid_type_sap,m4sco_bono_sap,bci_alerta_sap,m4sco_postulante_sap,m4vw_vacante_1_sap,std_lu_incidencia_sap,m4sco_centro_costo_1_sap,bci_bono_sap,template_cargo_2_sap,std_hr_colaborador_2_sap,m4vw_egreso_sap,cci_competencia_1_sap
dlk_diversidad_brecha;4;dlk_diversidad_evaluacion,dlk_diversidad_unidad_v2,dlk_diversidad_region,dlk_diversidad_traslado_v2;14;m4vw_antiguedad_1_sap,m4vw_posicion_2_sap,m4vw_licencia_sap,template_antiguedad_1_sap,personales_sap,std_lu_jefatura_2_sap,cci_contrato_sap,std_hr_competencia_sap,std_lu_antiguedad_sap,m4bci_sucursal_sap,m4vw_egreso_sap,m4cci_ingreso_sap,m4bci_meta_sap,m4cci_region_sap
dash_movilidad_indicador;4;dash_movilidad_incidencia_kpi,dash_movilidad_colaborador_kpi,dash_movilidad_cargo_kpi,dash_movilidad_posicion_kpi;12;gob_movilidad_vacante,gob_movilidad_traslado_v2,gob_movilidad_sucursal,gob_movilidad_contrato,gob_movilidad_unidad,gob_movilidad_incidencia_v2,gob_movilidad_egreso_v1,gob_movilidad_indicador_v2,proc_movilidad_centro_costo,proc_movilidad_beca,gob_movilidad_jefatura_v1,gob_movilidad_indicador_v1
gob_capacitacion_antiguedad;6;gob_capacitacion_cargo_v2,gob_capacitacion_hora_extra_v1,gob_capacitacion_curso,gob_capacitacion_unidad,gob_capacitacion_incidencia,gob_capacitacion_licencia_v2;13;dlk_capacitacion_vacante,dlk_capacitacion_colaborador,dlk_capacitacion_unidad_v2,dlk_capacitacion_vacante_v1,dlk_capacitacion_encuesta_v2,dlk_capacitacion_curso,dlk_capacitacion_postulante,dlk_capacitacion_postulante_v1,dlk_capacitacion_indicador,dlk_capacitacion_meta_v2,dlk_capacitacion_vacante_v2,dlk_capacitacion_meta,m4sco_centro_costo_1_sap
gob_planta_antiguedad;7;gob_planta_cargo_v2,gob_planta_ingreso_v2,gob_planta_unidad,gob_planta_contrato,gob_planta_sucursal_v1,gob_planta_posicion_v2,gob_planta_licencia_v1;16;dlk_planta_incidencia_v2,dlk_planta_sucursal_v2,dlk_planta_colaborador,dlk_planta_unidad_v2,dlk_planta_encuesta,dlk_planta_brecha_v1,dlk_planta_competencia_v1,dlk_planta_contrato_v2,dlk_planta_turno_v1,dlk_planta_bono,dlk_planta_brecha,dlk_planta_bono_v2,dlk_planta_turno,dlk_planta_unidad_v1,dlk_planta_egreso_v2,bci_bono_1_sap
dlk_talento_alerta;2;dlk_talento_incidencia,dlk_talento_encuesta;13;std_lu_meta_1_sap,m4bci_brecha_sap,m4cci_beca_sap,m4sco_duties_sap,cci_colaborador_2_sap,bci_curso_1_sap,m4cci_sucursal_sap,cci_brecha_sap,bci_antiguedad_1_sap,bci_encuesta_sap,template_evaluacion_1_sap,m4vw_egreso_sap,template_turno_1_sap
proc_desempeno_posicion;6;proc_desempeno_turno,proc_desempeno_evaluacion,proc_desempeno_postulante,proc_desempeno_brecha,proc_desempeno_brecha_v1,proc_desempeno_contrato_v1;11;gob_desempeno_beca_v1,gob_desempeno_traslado,gob_desempeno_vacante,gob_desempeno_competencia_v2,gob_desempeno_meta_v2,gob_desempeno_hora_extra_v2,gob_desempeno_brecha_v2,gob_desempeno_convenio_v1,gob_desempeno_region,gob_desempeno_colaborador,gob_desempeno_centro_costo
dlk_formacion_region;2;dlk_formacion_centro_costo_v1,dlk_formacion_unidad_v1;7;m4bci_curso_sap,nomina_desempeno_2023_sap,cci_colaborador_2_sap,m4vw_vacante_1_sap,m4vw_vacante_sap,m4bci_sucursal_sap,template_cargo_2_sap
proc_ausentismo_licencia;4;proc_ausentismo_curso,proc_ausentismo_jefatura_v1,proc_ausentismo_cargo_v1,proc_ausentismo_vacante;8;gob_ausentismo_hora_extra,gob_ausentismo_cargo_v2,gob_ausentismo_turno_v1,gob_ausentismo_turno,gob_ausentismo_incidencia_v2,gob_ausentismo_centro_costo_v2,gob_ausentismo_ingreso,nomina_desempeno_2023_sap
dash_nomina_turno;5;dash_nomina_evaluacion_kpi,dash_capacitacion_evaluacion_kpi,dash_ausentismo_colaborador_kpi,dash_egresos_jefatura_kpi,dash_desempeno_evaluacion_kpi;14;gob_nomina_beca_v2,gob_nomina_convenio,gob_nomina_egreso_v2,gob_nomina_alerta_v2,gob_nomina_contrato,gob_nomina_colaborador_v2,gob_nomina_bono_v2,gob_nomina_postulante_v2,gob_nomina_meta_v2,proc_nomina_centro_costo,gob_nomina_bono,proc_nomina_bono_v1,gob_nomina_bono_v1,std_lu_incidencia_sap
gob_seleccion_region_01;6;gob_seleccion_bono_v1,gob_seleccion_curso,gob_seleccion_region_v1,gob_seleccion_egreso,gob_seleccion_vacante_v2,gob_seleccion_brecha_v2;14;dlk_seleccion_jefatura_v2,dlk_seleccion_ingreso_v2,dlk_seleccion_antiguedad_v2,dlk_seleccion_convenio_v2,dlk_seleccion_encuesta,dlk_seleccion_sucursal_v1,dlk_seleccion_jefatura,dlk_seleccion_antiguedad,dlk_seleccion_beca_v2,dlk_seleccion_evaluacion,dlk_seleccion_cargo_v2,dlk_seleccion_traslado,dlk_seleccion_convenio,m4bci_bono_1_sap
dash_beneficios_antiguedad;3;dash_clima_cargo_kpi,dash_egresos_incidencia_kpi,dash_riesgo_incidencia_kpi;12;gob_beneficios_centro_costo,gob_beneficios_traslado,gob_beneficios_postulante_v1,gob_beneficios_alerta,gob_beneficios_brecha_v2,gob_beneficios_alerta_v2,gob_beneficios_posicion_v2,gob_beneficios_posicion,gob_beneficios_jefatura,gob_beneficios_antiguedad_v2,gob_beneficios_competencia_v2,gob_beneficios_cargo
dlk_egresos_egreso;4;dlk_egresos_ingreso_v2,dlk_egresos_licencia,dlk_egresos_ingreso,dlk_egresos_posicion_v1;7;panel_alertas_ssnn_sap,ppn_cargo_duty_sap,m4cci_ingreso_sap,std_hr_indicador_sap,std_hr_vacante_sap,template_ingreso_1_sap,bci_bono_sap
dlk_compensaciones_jefatura_01;6;dlk_compensaciones_beca_v2,dlk_compensaciones_region,dlk_compensaciones_evaluacion_v2,dlk_compensaciones_sucursal,dlk_compensaciones_alerta_v1,dlk_compensaciones_competencia;5;m4sco_convenio_1_sap,std_hr_meta_sap,m4bci_colaborador_2_sap,m4sco_jefatura_2_sap,bci_bono_sap
dlk_clima_meta_01;4;dlk_clima_incidencia,dlk_clima_ingreso_v2,dlk_clima_posicion_v2,dlk_clima_indicador_v2;10;m4vw_unidad_sap,m4sco_beca_sap,m4bci_colaborador_2_sap,ppn_cargo_duty_sap,bci_alerta_1_sap,ppn_meta_1_sap,m4cci_region_sap,ppn_hora_extra_sap,cci_postulante_sap,std_hr_alerta_sap
dash_reportabilidad_postulante;4;dash_reportabilidad_unidad_kpi,dash_clima_jefatura_kpi,dash_riesgo_evaluacion_kpi,dash_desempeno_cargo_kpi;16;gob_reportabilidad_encuesta_v1,gob_reportabilidad_antiguedad_v2,gob_reportabilidad_cargo,gob_reportabilidad_centro_costo,gob_reportabilidad_competencia,gob_reportabilidad_indicador,gob_reportabilidad_curso_v1,gob_reportabilidad_traslado_v2,proc_reportabilidad_cargo_v1,gob_reportabilidad_ingreso_v1,proc_reportabilidad_jefatura,gob_reportabilidad_unidad_v1,gob_reportabilidad_ingreso_v2,gob_reportabilidad_egreso,gob_reportabilidad_sucursal_v1,proc_reportabilidad_meta_v1
dash_riesgo_evaluacion;3;dash_riesgo_posicion_kpi,dash_riesgo_colaborador_kpi,dash_riesgo_jefatura_kpi;17;gob_riesgo_antiguedad_v1,gob_riesgo_competencia_v1,gob_riesgo_antiguedad_v2,gob_riesgo_centro_costo,gob_riesgo_evaluacion,gob_riesgo_ingreso_v2,gob_riesgo_posicion,gob_riesgo_jefatura_v2,gob_riesgo_curso,proc_riesgo_curso_v1,gob_riesgo_contrato_v2,gob_riesgo_traslado_v2,gob_riesgo_curso_v1,gob_riesgo_licencia_v2,gob_riesgo_centro_costo_v2,gob_riesgo_competencia_v2,gob_riesgo_sucursal_v1
dlk_diversidad_competencia_01;5;dlk_diversidad_cargo,dlk_diversidad_centro_costo,dlk_diversidad_cargo_v2,dlk_diversidad_alerta_v1,dlk_diversidad_bono_v2;14;m4vw_competencia_1_sap,m4cci_cargo_1_sap,bci_competencia_1_sap,std_hr_colaborador_2_sap,ppn_meta_1_sap,std_hr_region_1_sap,std_lu_postulante_1_sap,m4cci_region_sap,std_hr_centro_costo_1_sap,m4cci_contrato_sap,std_hr_licencia_sap,m4vw_egreso_sap,bci_encuesta_sap,template_cargo_2_sap
proc_movilidad_alerta;3;proc_movilidad_incidencia_v1,proc_movilidad_antiguedad_v1,proc_movilidad_region;16;gob_movilidad_unidad,gob_movilidad_antiguedad,gob_movilidad_jefatura_v1,gob_movilidad_egreso_v1,gob_movilidad_traslado_v2,gob_movilidad_contrato,gob_movilidad_vacante,gob_movilidad_sucursal,gob_movilidad_indicador_v1,gob_movilidad_incidencia_v2,gob_movilidad_contrato_v2,gob_movilidad_alerta_v2,gob_movilidad_unidad_v2,gob_movilidad_indicador_v2,gob_movilidad_sucursal_v1,gob_movilidad_curso_v2
dlk_capacitacion_egreso;2;dlk_capacitacion_cargo,dlk_capacitacion_curso_v2;11;m4sco_indicador_1_sap,bci_bono_1_sap,bci_curso_1_sap,ppn_alerta_sap,m4cci_ingreso_sap,m4vw_region_sap,m4bci_sucursal_sap,cci_incidencia_1_sap,m4vw_traslado_1_sap,m4vw_jefatura_2_sap,ppn_colaborador_2_sap
gob_planta_alerta;6;gob_planta_brecha_v2,gob_planta_posicion_v1,gob_planta_hora_extra,gob_planta_egreso,gob_planta_region_v2,gob_planta_curso_v2;13;dlk_planta_turno_v1,dlk_planta_bono_v2,dlk_planta_bono,dlk_planta_unidad_v2,dlk_planta_competencia_v1,dlk_planta_brecha,dlk_planta_encuesta,dlk_planta_unidad_v1,dlk_planta_turno,dlk_planta_sucursal_v2,dlk_planta_brecha_v1,dlk_planta_incidencia_v2,m4vw_posicion_2_sap
dlk_talento_jefatura_01;4;dlk_talento_postulante_v1,dlk_talento_convenio,dlk_talento_convenio_v2,dlk_talento_beca_v2;9;m4vw_vacante_sap,m4sco_bono_1_sap,cci_egreso_1_sap,std_hr_convenio_1_sap,m4sco_duties_sap,std_lu_jefatura_2_sap,cci_colaborador_2_sap,m4bci_sucursal_sap,cci_beca_sap
dlk_desempeno_convenio_01;6;dlk_desempeno_competencia,dlk_desempeno_licencia,dlk_desempeno_centro_costo_v1,dlk_desempeno_evaluacion_v1,dlk_desempeno_colaborador_v1,dlk_desempeno_licencia_v1;12;ppn_cargo_2_sap,cci_antiguedad_sap,template_brecha_1_sap,ppn_competencia_sap,std_hr_licencia_sap,std_hr_colaborador_sap,std_hr_colaborador_2_sap,template_postulante_1_sap,m4cci_contrato_sap,m4cci_incidencia_sap,m4cci_beca_sap,bci_bono_sap
dlk_formacion_contrato_01;2;dlk_formacion_region_v1,dlk_formacion_traslado;12;cci_incidencia_sap,m4sco_antiguedad_sap,std_hr_convenio_1_sap,std_lu_evaluacion_1_sap,bci_antiguedad_sap,ppn_traslado_1_sap,m4sco_bono_1_sap,std_hr_licencia_sap,m4bci_sucursal_sap,ppn_ingreso_sap,std_hr_meta_sap,cci_incidencia_1_sap
dlk_ausentismo_bono;2;dlk_ausentismo_antiguedad_v2,dlk_ausentismo_jefatura;6;bci_incidencia_1_sap,cci_incidencia_1_sap,m4bci_indicador_sap,std_lu_contrato_sap,cci_evaluacion_1_sap,cci_egreso_sap
gob_nomina_posicion;8;gob_nomina_ingreso_v1,gob_nomina_centro_costo_v2,gob_nomina_licencia_v1,gob_nomina_egreso_v1,gob_nomina_cargo_v2,gob_nomina_jefatura_v2,gob_nomina_posicion_v2,gob_nomina_competencia_v2;13;dlk_nomina_egreso_v1,dlk_nomina_encuesta_v2,dlk_nomina_brecha_v1,dlk_nomina_hora_extra_v2,dlk_nomina_sucursal,dlk_nomina_postulante_v2,dlk_nomina_centro_costo_v1,dlk_nomina_egreso,dlk_nomina_hora_extra,dlk_nomina_incidencia_v2,dlk_nomina_colaborador_v1,ppn_traslado_1_sap,m4sco_centro_costo_1_sap
dlk_seleccion_alerta;5;dlk_seleccion_centro_costo_v1,dlk_seleccion_turno,dlk_seleccion_brecha,dlk_seleccion_ingreso_v1,dlk_seleccion_licencia_v2;11;bci_encuesta_sap,ppn_traslado_1_sap,m4cci_ingreso_sap,std_lu_incid_type_sap,m4sco_duties_sap,m4sco_cargo_2_sap,m4bci_incidencia_1_sap,socios_sap,ppn_meta_1_sap,m4sco_turno_sap,arbol_jerarquico_sap
gob_beneficios_egreso;8;gob_beneficios_contrato_v2,gob_beneficios_meta_v1,gob_beneficios_evaluacion_v2,gob_beneficios_egreso,gob_beneficios_curso_v1,gob_beneficios_traslado_v1,gob_beneficios_competencia_v1,gob_beneficios_cargo_v1;15;dlk_beneficios_region,dlk_beneficios_brecha,dlk_beneficios_encuesta_v1,dlk_beneficios_posicion_v2,dlk_beneficios_egreso_v2,dlk_beneficios_ingreso_v1,dlk_beneficios_contrato,dlk_beneficios_contrato_v2,dlk_beneficios_vacante_v1,dlk_beneficios_unidad_v1,dlk_beneficios_encuesta_v2,dlk_beneficios_jefatura_v2,dlk_beneficios_hora_extra_v1,dlk_beneficios_licencia_v2,cci_colaborador_2_sap
dash_egresos_licencia;3;dash_egresos_unidad_kpi,dash_egresos_evaluacion_kpi,dash_egresos_contrato_kpi;22;gob_egresos_bono_v1,gob_egresos_postulante,gob_egresos_jefatura,proc_egresos_alerta_v1,gob_egresos_evaluacion_v2,gob_egresos_competencia,gob_egresos_egreso_v1,gob_egresos_antiguedad_v1,gob_egresos_convenio_v1,gob_egresos_antiguedad_v2,gob_egresos_centro_costo_v2,gob_egresos_vacante_v1,gob_egresos_cargo_v1,gob_egresos_indicador_v2,gob_egresos_centro_costo_v1,gob_egresos_hora_extra_v1,gob_egresos_colaborador,gob_egresos_unidad_v1,gob_egresos_unidad,gob_egresos_curso_v2,gob_egresos_traslado_v1,gob_egresos_beca
dlk_compensaciones_postulante;2;dlk_compensaciones_indicador_v1,dlk_compensaciones_sucursal_v1;8;std_lu_vacante_1_sap,ppn_encuesta_1_sap,std_lu_incidencia_sap,std_country_sap,std_lu_edu_diploma_sap,m4vw_jefatura_2_sap,template_turno_1_sap,bci_bono_sap
gob_clima_evaluacion;3;gob_clima_convenio,gob_clima_indicador_v1,gob_clima_posicion_v1;18;dlk_clima_alerta_v1,dlk_clima_evaluacion_v1,dlk_clima_evaluacion_v2,dlk_clima_egreso_v2,dlk_clima_beca_v2,dlk_clima_jefatura_v2,dlk_clima_postulante_v2,dlk_clima_encuesta_v1,dlk_clima_meta,dlk_clima_beca,dlk_clima_colaborador_v2,dlk_clima_ingreso,dlk_clima_centro_costo_v2,dlk_clima_ingreso_v2,dlk_clima_evaluacion,dlk_clima_ingreso_v1,dlk_clima_competencia,m4sco_traslado_sap
dlk_reportabilidad_competencia;4;dlk_reportabilidad_incidencia_v2,dlk_reportabilidad_cargo_v2,dlk_reportabilidad_centro_costo_v2,dlk_reportabilidad_curso;6;m4cci_cargo_1_sap,template_unidad_sap,m4cci_ingreso_sap,m4sco_centro_costo_1_sap,ppn_traslado_1_sap,m4cci_competencia_sap
dlk_riesgo_meta;7;dlk_riesgo_sucursal_v2,dlk_riesgo_egreso_v1,dlk_riesgo_traslado_v2,dlk_riesgo_ingreso_v2,dlk_riesgo_egreso_v2,dlk_riesgo_region,dlk_formacion_centro_costo_v1;13;std_lu_antiguedad_sap,m4cci_ingreso_sap,bci_bono_sap,cci_brecha_sap,m4vw_curso_1_sap,m4cci_region_sap,m4bci_cargo_2_sap,template_licencia_1_sap,cci_evaluacion_1_sap,ppn_hora_extra_sap,ppn_cargo_1_sap,m4vw_posicion_2_sap,ppn_traslado_1_sap
dlk_diversidad_traslado;5;dlk_diversidad_jefatura_v2,dlk_diversidad_turno_v2,dlk_diversidad_postulante_v1,dlk_diversidad_antiguedad,dlk_diversidad_meta;7;m4cci_ingreso_sap,template_alerta_1_sap,cci_beca_sap,ppn_licencia_1_sap,m4vw_vacante_1_sap,cci_colaborador_2_sap,bci_bono_sap
dash_movilidad_posicion;3;dash_capacitacion_posicion_kpi,dash_desempeno_colaborador_kpi,dash_capacitacion_colaborador_kpi;22;gob_movilidad_sucursal,gob_movilidad_vacante,gob_movilidad_traslado_v2,gob_movilidad_contrato,gob_movilidad_indicador_v1,gob_movilidad_unidad_v2,proc_movilidad_beca,gob_movilidad_alerta_v2,gob_movilidad_egreso_v1,gob_movilidad_sucursal_v1,proc_movilidad_postulante,gob_movilidad_contrato_v2,gob_movilidad_incidencia_v2,gob_movilidad_unidad,gob_movilidad_indicador_v2,proc_movilidad_centro_costo,proc_movilidad_evaluacion_v1,proc_movilidad_contrato,gob_movilidad_colaborador_v2,gob_movilidad_centro_costo_v2,gob_movilidad_curso_v2,m4sco_unidad_1_sap
dlk_capacitacion_posicion;6;dlk_capacitacion_turno_v1,dlk_capacitacion_competencia_v1,dlk_capacitacion_jefatura_v1,dlk_capacitacion_jefatura_v2,dlk_capacitacion_licencia,dlk_planta_contrato_v2;13;std_lu_curso_sap,bci_encuesta_sap,cci_incidencia_1_sap,ppn_evaluacion_sap,cci_colaborador_2_sap,m4vw_personales_sap,std_lu_meta_1_sap,bci_bono_sap,ppn_cargo_duty_sap,m4vw_curso_1_sap,bci_posicion_2_sap,cci_cargo_2_sap,bci_curso_sap
gob_planta_turno;6;gob_planta_antiguedad,gob_planta_convenio_v1,gob_planta_traslado_v2,gob_planta_sucursal,gob_planta_brecha_v1,gob_planta_postulante;17;dlk_planta_contrato_v1,dlk_planta_turno_v1,dlk_planta_contrato_v2,dlk_planta_brecha,dlk_planta_bono,dlk_planta_sucursal_v2,dlk_planta_bono_v2,dlk_planta_colaborador,dlk_planta_turno,dlk_planta_encuesta,dlk_planta_unidad_v2,dlk_planta_incidencia_v2,dlk_planta_brecha_v1,dlk_planta_unidad_v1,dlk_planta_egreso_v2,dlk_planta_competencia_v1,std_lu_competencia_1_sap
proc_talento_competencia;6;proc_talento_sucursal_v1,proc_talento_indicador_v1,proc_talento_convenio_v1,proc_talento_contrato,proc_talento_vacante,proc_talento_jefatura;8;gob_talento_competencia_v1,gob_talento_indicador_v2,gob_talento_region,gob_talento_brecha_v1,gob_talento_sucursal,gob_talento_meta_v2,gob_talento_meta,gob_talento_antiguedad_v2
gob_desempeno_contrato;8;gob_desempeno_egreso_v1,gob_desempeno_incidencia_v2,gob_desempeno_ingreso,gob_desempeno_vacante_v2,gob_desempeno_antiguedad_v2,gob_desempeno_curso_v2,gob_desempeno_evaluacion_v2,gob_desempeno_jefatura_v2;15;dlk_desempeno_unidad,dlk_desempeno_jefatura_v1,dlk_desempeno_sucursal_v2,dlk_desempeno_ingreso,dlk_desempeno_jefatura,dlk_desempeno_encuesta_v2,dlk_desempeno_postulante,dlk_desempeno_licencia_v1,dlk_desempeno_cargo_v1,dlk_desempeno_cargo_v2,dlk_desempeno_bono,dlk_desempeno_incidencia_v2,dlk_desempeno_colaborador_v1,m4bci_cargo_2_sap,std_lu_ingreso_1_sap
gob_formacion_egreso;3;gob_formacion_sucursal_v1,gob_formacion_incidencia_v2,gob_formacion_evaluacion;15;dlk_formacion_vacante_v1,dlk_formacion_meta,dlk_formacion_licencia_v1,dlk_formacion_turno_v2,dlk_formacion_traslado_v2,dlk_formacion_traslado,dlk_formacion_indicador,dlk_formacion_egreso_v1,dlk_formacion_alerta_v2,dlk_formacion_region_v2,dlk_formacion_hora_extra_v2,dlk_formacion_ingreso,dlk_formacion_indicador_v2,dlk_formacion_convenio,m4cci_encuesta_1_sap
gob_ausentismo_alerta_01;4;gob_ausentismo_beca_v2,gob_ausentismo_beca,gob_ausentismo_brecha_v1,gob_ausentismo_ingreso_v2;16;dlk_ausentismo_cargo,dlk_ausentismo_curso_v2,dlk_ausentismo_jefatura_v2,dlk_ausentismo_vacante_v2,dlk_ausentismo_unidad_v1,dlk_ausentismo_jefatura,dlk_ausentismo_unidad,dlk_ausentismo_incidencia,ppn_ausentismos_incidencia,dlk_ausentismo_hora_extra_v1,dlk_ausentismo_alerta,dlk_ausentismo_ingreso_v1,dlk_ausentismo_encuesta_v2,dlk_ausentismo_sucursal,dlk_ausentismo_competencia,cci_altas_futuras_sap
dash_nomina_turno_01;4;dash_diversidad_posicion_kpi,dash_compensaciones_jefatura_kpi,dash_ausentismo_cargo_kpi,dash_capacitacion_incidencia_kpi;13;gob_nomina_convenio,gob_nomina_colaborador_v2,gob_nomina_meta_v2,gob_nomina_beca_v2,gob_nomina_postulante_v2,gob_nomina_jefatura,proc_nomina_bono_v1,gob_nomina_egreso_v2,gob_nomina_bono,gob_nomina_bono_v1,proc_nomina_egreso,gob_nomina_bono_v2,std_hr_colaborador_2_sap
gob_seleccion_bono;5;gob_seleccion_ingreso,gob_seleccion_jefatura_v2,gob_seleccion_ingreso_v2,gob_seleccion_centro_costo_v2,gob_seleccion_licencia;23;dlk_seleccion_beca_v2,dlk_seleccion_sucursal_v1,dlk_seleccion_encuesta,dlk_seleccion_jefatura_v2,dlk_seleccion_convenio,dlk_seleccion_evaluacion,dlk_seleccion_antiguedad_v2,dlk_seleccion_vacante_v2,dlk_seleccion_jefatura,dlk_seleccion_traslado,dlk_seleccion_evaluacion_v2,dlk_seleccion_ingreso_v2,dlk_seleccion_convenio_v2,dlk_seleccion_antiguedad,dlk_seleccion_cargo_v2,dlk_seleccion_turno_v1,dlk_seleccion_turno,dlk_seleccion_incidencia,dlk_seleccion_ingreso_v1,dlk_seleccion_centro_costo_v1,dlk_seleccion_competencia_v2,bci_bono_sap,cci_sucursal_sap
gob_beneficios_traslado;8;gob_beneficios_bono_v1,gob_beneficios_jefatura_v1,gob_beneficios_alerta_v1,gob_beneficios_colaborador_v2,gob_beneficios_turno,gob_beneficios_sucursal_v2,gob_beneficios_vacante_v1,gob_beneficios_competencia;22;dlk_beneficios_encuesta_v1,dlk_beneficios_brecha,dlk_beneficios_posicion_v2,dlk_beneficios_hora_extra_v1,dlk_beneficios_egreso_v2,dlk_beneficios_region,dlk_beneficios_contrato_v2,dlk_beneficios_region_v1,dlk_beneficios_alerta,dlk_beneficios_egreso,dlk_beneficios_contrato,dlk_beneficios_ingreso_v1,dlk_beneficios_unidad_v1,dlk_beneficios_licencia_v2,dlk_beneficios_encuesta_v2,dlk_beneficios_jefatura_v2,dlk_beneficios_vacante_v1,dlk_beneficios_centro_costo,dlk_beneficios_beca_v1,dlk_beneficios_traslado,dlk_beneficios_indicador_v2,m4vw_curso_1_sap
proc_egresos_egreso;7;proc_egresos_brecha_v1,proc_egresos_cargo_v1,proc_egresos_antiguedad_v1,proc_egresos_beca_v1,proc_egresos_alerta,proc_egresos_convenio,proc_talento_traslado;14;gob_egresos_antiguedad_v1,gob_egresos_convenio_v1,gob_egresos_bono_v1,gob_egresos_antiguedad_v2,gob_egresos_postulante,gob_egresos_evaluacion_v2,gob_egresos_competencia,gob_egresos_curso_v2,gob_egresos_unidad_v1,gob_egresos_egreso_v1,gob_egresos_cargo_v1,gob_egresos_unidad,gob_egresos_vacante_v1,gob_egresos_indicador_v2
proc_compensaciones_sucursal;2;proc_compensaciones_turno,proc_compensaciones_brecha;10;gob_compensaciones_traslado,gob_compensaciones_cargo_v1,gob_compensaciones_postulante_v1,gob_compensaciones_incidencia_v1,gob_compensaciones_alerta,gob_compensaciones_brecha_v1,gob_compensaciones_postulante_v2,gob_compensaciones_brecha_v2,gob_compensaciones_posicion_v1,gob_compensaciones_postulante
gob_clima_turno;5;gob_clima_incidencia,gob_clima_licencia_v1,gob_clima_meta_v2,gob_clima_colaborador,gob_clima_bono;21;dlk_clima_beca_v2,dlk_clima_evaluacion_v1,dlk_clima_colaborador_v2,dlk_clima_evaluacion,dlk_clima_evaluacion_v2,dlk_clima_egreso_v2,dlk_clima_meta,dlk_clima_encuesta_v1,dlk_clima_encuesta_v2,dlk_clima_ingreso_v2,dlk_clima_antiguedad_v2,dlk_clima_hora_extra,dlk_clima_competencia,dlk_clima_jefatura_v2,dlk_clima_ingreso_v1,dlk_clima_alerta_v1,dlk_clima_posicion_v1,dlk_clima_competencia_v1,dlk_clima_beca,dlk_clima_postulante_v2,m4sco_duties_sap
proc_reportabilidad_antiguedad;6;proc_reportabilidad_colaborador_v1,proc_reportabilidad_unidad_v1,proc_reportabilidad_egreso,proc_reportabilidad_incidencia_v1,proc_reportabilidad_antiguedad_v1,proc_reportabilidad_convenio;14;gob_reportabilidad_sucursal_v1,gob_reportabilidad_indicador,gob_reportabilidad_ingreso_v1,gob_reportabilidad_antiguedad_v2,gob_reportabilidad_ingreso_v2,gob_reportabilidad_competencia,gob_reportabilidad_egreso,gob_reportabilidad_traslado_v2,gob_reportabilidad_unidad_v1,gob_reportabilidad_vacante_v1,gob_reportabilidad_curso_v1,gob_reportabilidad_encuesta_v1,gob_reportabilidad_centro_costo,gob_reportabilidad_cargo
dlk_riesgo_turno;4;dlk_riesgo_hora_extra,dlk_riesgo_incidencia,dlk_riesgo_incidencia_v1,dlk_riesgo_bono;14;bci_curso_sap,m4sco_traslado_sap,cci_evaluacion_1_sap,bci_alerta_sap,std_hr_colaborador_2_sap,bci_postulante_1_sap,m4bci_region_sap,ppn_alerta_sap,ppn_traslado_1_sap,m4bci_traslado_sap,template_encuesta_sap,ppn_competencia_sap,bci_evaluacion_1_sap,cci_convenio_sap
gob_diversidad_cargo;5;gob_diversidad_ingreso,gob_diversidad_colaborador,gob_diversidad_incidencia_v1,gob_diversidad_convenio_v2,gob_diversidad_colaborador_v2;18;dlk_diversidad_bono,dlk_diversidad_bono_v2,dlk_diversidad_sucursal_v2,dlk_diversidad_traslado,dlk_diversidad_region_v1,dlk_diversidad_meta_v1,dlk_diversidad_colaborador_v2,dlk_diversidad_hora_extra,dlk_diversidad_evaluacion,dlk_diversidad_traslado_v2,dlk_diversidad_contrato_v1,dlk_diversidad_unidad_v2,dlk_diversidad_competencia_v1,dlk_diversidad_alerta_v2,dlk_diversidad_cargo,dlk_diversidad_alerta,dlk_diversidad_jefatura_v1,bci_encuesta_sap
gob_movilidad_encuesta;6;gob_movilidad_cargo,gob_movilidad_evaluacion_v1,gob_movilidad_competencia_v2,gob_movilidad_evaluacion,gob_movilidad_convenio_v1,gob_movilidad_traslado;10;dlk_movilidad_bono,dlk_movilidad_alerta_v1,dlk_movilidad_convenio,dlk_movilidad_indicador_v2,dlk_movilidad_incidencia,dlk_movilidad_curso,dlk_movilidad_evaluacion_v2,dlk_movilidad_antiguedad_v1,dlk_movilidad_licencia,template_cargo_2_sap
gob_capacitacion_cargo;5;gob_capacitacion_egreso_v2,gob_capacitacion_licencia,gob_capacitacion_sucursal_v2,gob_capacitacion_meta,gob_capacitacion_vacante;19;dlk_capacitacion_vacante,dlk_capacitacion_curso,dlk_capacitacion_vacante_v2,dlk_capacitacion_vacante_v1,dlk_capacitacion_colaborador,dlk_capacitacion_postulante_v1,dlk_capacitacion_encuesta_v2,dlk_capacitacion_unidad_v2,dlk_capacitacion_meta,dlk_capacitacion_indicador,dlk_capacitacion_meta_v2,dlk_capacitacion_licencia,dlk_capacitacion_postulante,dlk_capacitacion_competencia_v1,dlk_capacitacion_jefatura_v1,dlk_capacitacion_jefatura_v2,dlk_capacitacion_cargo,dlk_capacitacion_turno_v1,std_lu_incidencia_sap
dash_planta_alerta;3;dash_ausentismo_jefatura_kpi,dash_seleccion_evaluacion_kpi,dash_clima_unidad_kpi;20;gob_planta_cargo_v2,proc_planta_traslado_v1,gob_planta_jefatura_v2,gob_planta_antiguedad,gob_planta_sucursal,gob_planta_curso_v1,gob_planta_hora_extra_v2,proc_planta_cargo,gob_planta_licencia_v1,proc_planta_egreso,gob_planta_cargo_v1,gob_planta_unidad,proc_planta_licencia_v1,gob_planta_region_v2,gob_planta_egreso,gob_planta_posicion_v2,gob_planta_incidencia_v2,gob_planta_egreso_v2,gob_planta_curso_v2,gob_planta_postulante
gob_talento_beca;3;gob_talento_posicion_v1,gob_talento_region_v2,gob_talento_unidad_v2;19;dlk_talento_jefatura,dlk_talento_encuesta_v2,dlk_talento_beca_v1,dlk_talento_antiguedad_v1,dlk_talento_evaluacion,dlk_talento_competencia_v2,dlk_talento_vacante_v2,dlk_talento_curso_v2,dlk_talento_contrato_v2,dlk_talento_centro_costo_v2,dlk_talento_antiguedad_v2,dlk_talento_meta_v2,dlk_talento_beca_v2,dlk_talento_colaborador_v1,dlk_talento_brecha_v2,dlk_talento_convenio_v2,dlk_talento_postulante_v1,dlk_talento_region,bci_competencia_1_sap
dlk_desempeno_contrato;2;dlk_desempeno_curso_v1,dlk_desempeno_centro_costo_v2;10;std_lu_incidencia_sap,cci_colaborador_2_sap,bci_traslado_1_sap,m4vw_hora_extra_sap,template_cargo_2_sap,cat_desempeno_2023_sap,nomina_desempeno_2024_sap,ppn_meta_1_sap,bci_curso_1_sap,bci_bono_sap
dlk_formacion_turno;3;dlk_formacion_brecha_v2,dlk_formacion_jefatura_v2,dlk_formacion_contrato_v1;6;m4vw_beca_sap,cci_encuesta_sap,panel_alertas_ssnn_sap,template_postulante_1_sap,cci_contrato_1_sap,std_hr_meta_sap
proc_ausentismo_unidad;4;proc_ausentismo_centro_costo,proc_ausentismo_colaborador_v1,proc_ausentismo_ingreso_v1,proc_ausentismo_beca_v1;18;gob_ausentismo_turno,gob_ausentismo_alerta_v1,gob_ausentismo_egreso_v2,gob_ausentismo_competencia_v2,gob_ausentismo_ingreso,gob_ausentismo_cargo_v2,gob_ausentismo_sucursal,gob_ausentismo_centro_costo,gob_ausentismo_incidencia_v2,gob_ausentismo_hora_extra_v2,gob_ausentismo_centro_costo_v2,gob_ausentismo_turno_v1,gob_ausentismo_hora_extra,gob_ausentismo_sucursal_v1,gob_ausentismo_antiguedad_v2,gob_ausentismo_region,gob_ausentismo_brecha_v1,gob_ausentismo_beca
dlk_nomina_vacante;5;dlk_nomina_hora_extra_v1,dlk_nomina_sucursal_v1,dlk_nomina_beca_v1,dlk_nomina_beca,dlk_nomina_colaborador_v2;4;m4cci_incidencia_1_sap,m4vw_centro_costo_1_sap,cci_competencia_1_sap,m4vw_personales_sap
proc_seleccion_evaluacion;5;proc_seleccion_region,proc_seleccion_curso_v1,proc_seleccion_encuesta_v1,proc_seleccion_licencia_v1,proc_seleccion_convenio_v1;8;gob_seleccion_traslado_v2,gob_seleccion_vacante_v2,gob_seleccion_licencia,gob_seleccion_antiguedad_v1,gob_seleccion_ingreso_v1,gob_seleccion_hora_extra_v1,gob_seleccion_centro_costo_v2,gob_seleccion_ingreso_v2
gob_beneficios_competencia;6;gob_beneficios_vacante_v2,gob_beneficios_indicador_v1,gob_beneficios_colaborador,gob_beneficios_meta_v2,gob_beneficios_evaluacion_v1,gob_beneficios_curso;16;dlk_beneficios_encuesta_v1,dlk_beneficios_encuesta_v2,dlk_beneficios_egreso_v2,dlk_beneficios_ingreso_v1,dlk_beneficios_brecha,dlk_beneficios_posicion_v2,dlk_beneficios_unidad_v1,dlk_beneficios_contrato,dlk_beneficios_hora_extra_v1,dlk_beneficios_contrato_v2,dlk_beneficios_traslado,dlk_beneficios_egreso,dlk_beneficios_alerta,dlk_beneficios_vacante_v1,dlk_beneficios_centro_costo,std_hr_meta_sap
dash_egresos_unidad;3;dash_desempeno_jefatura_kpi,dash_desempeno_unidad_kpi,dash_compensaciones_posicion_kpi;10;gob_egresos_traslado_v1,gob_egresos_antiguedad_v1,gob_egresos_cargo_v1,gob_egresos_evaluacion_v2,gob_egresos_convenio_v1,gob_egresos_bono_v1,gob_egresos_egreso_v1,gob_egresos_unidad_v1,gob_egresos_competencia,gob_egresos_curso_v2
gob_compensaciones_vacante;4;gob_compensaciones_beca_v2,gob_compensaciones_jefatura_v2,gob_compensaciones_contrato,gob_compensaciones_region_v1;21;dlk_compensaciones_contrato_v1,dlk_compensaciones_jefatura_v1,dlk_compensaciones_antiguedad_v2,dlk_compensaciones_alerta,dlk_compensaciones_hora_extra_v1,dlk_compensaciones_colaborador_v1,dlk_compensaciones_traslado,dlk_compensaciones_licencia_v2,dlk_compensaciones_encuesta_v1,dlk_compensaciones_jefatura_v2,dlk_compensaciones_jefatura,dlk_compensaciones_posicion,dlk_compensaciones_egreso_v1,dlk_compensaciones_ingreso_v2,dlk_compensaciones_postulante_v2,dlk_compensaciones_ingreso_v1,dlk_compensaciones_incidencia_v2,dlk_compensaciones_alerta_v1,dlk_compensaciones_competencia,dlk_compensaciones_colaborador,cci_beca_sap
gob_clima_convenio;6;gob_clima_colaborador_v2,gob_clima_traslado_v1,gob_clima_ingreso_v2,gob_clima_region_v1,gob_clima_cargo_v2,gob_clima_meta_v1;19;dlk_clima_encuesta_v1,dlk_clima_postulante_v2,dlk_clima_competencia,dlk_clima_beca_v2,dlk_clima_competencia_v1,dlk_clima_evaluacion_v1,dlk_clima_antiguedad_v2,dlk_clima_jefatura_v2,dlk_clima_beca,dlk_clima_ingreso_v2,dlk_clima_meta,dlk_clima_ingreso,dlk_clima_evaluacion,dlk_clima_posicion_v1,dlk_clima_evaluacion_v2,dlk_clima_alerta_v1,dlk_clima_hora_extra,dlk_clima_egreso_v2,m4bci_sucursal_sap
dlk_reportabilidad_turno;5;dlk_reportabilidad_convenio,dlk_reportabilidad_cargo_v1,dlk_reportabilidad_jefatura_v1,dlk_reportabilidad_unidad,dlk_reportabilidad_evaluacion_v2;9;template_antiguedad_sap,ppn_traslado_1_sap,bci_bono_sap,bci_alerta_1_sap,cci_egreso_sap,cci_colaborador_2_sap,m4vw_personales_sap,ppn_cargo_duty_sap,bci_traslado_sap
dlk_riesgo_vacante;2;dlk_riesgo_centro_costo_v1,dlk_riesgo_colaborador_v1;9;bci_alerta_sap,m4sco_centro_costo_1_sap,m4vw_traslado_1_sap,bci_indicador_sap,personales_sap,m4cci_jefatura_1_sap,m4bci_colaborador_2_sap,m4cci_encuesta_1_sap,m4bci_incidencia_1_sap
proc_diversidad_competencia;2;proc_diversidad_brecha,proc_diversidad_evaluacion;12;gob_diversidad_brecha_v2,gob_diversidad_colaborador_v2,gob_diversidad_ingreso_v2,gob_diversidad_convenio_v2,gob_diversidad_sucursal,gob_diversidad_ingreso,gob_diversidad_brecha,gob_diversidad_alerta_v1,gob_diversidad_contrato,gob_diversidad_colaborador,gob_diversidad_hora_extra,gob_diversidad_incidencia_v1
proc_movilidad_evaluacion;3;proc_movilidad_turno,proc_movilidad_brecha,proc_movilidad_colaborador;15;gob_movilidad_egreso_v1,gob_movilidad_indicador_v1,gob_movilidad_unidad,gob_movilidad_jefatura_v1,gob_movilidad_vacante,gob_movilidad_traslado_v2,gob_movilidad_incidencia_v2,gob_movilidad_alerta_v2,gob_movilidad_contrato_v2,gob_movilidad_curso_v2,gob_movilidad_indicador_v2,gob_movilidad_contrato,gob_movilidad_antiguedad,gob_movilidad_sucursal_v1,gob_movilidad_sucursal
gob_capacitacion_jefatura_01;8;gob_capacitacion_turno_v1,gob_capacitacion_region,gob_capacitacion_ingreso,gob_capacitacion_evaluacion,gob_capacitacion_brecha_v1,gob_capacitacion_competencia_v1,gob_capacitacion_posicion_v2,gob_capacitacion_cargo_v1;13;dlk_capacitacion_curso,dlk_capacitacion_cargo,dlk_capacitacion_encuesta_v2,dlk_capacitacion_postulante_v1,dlk_capacitacion_meta_v2,dlk_capacitacion_curso_v2,dlk_capacitacion_vacante_v1,dlk_capacitacion_meta,dlk_capacitacion_unidad_v2,dlk_capacitacion_indicador,dlk_capacitacion_vacante,dlk_capacitacion_colaborador,cci_brecha_sap
proc_planta_ingreso;4;proc_planta_convenio_v1,proc_planta_centro_costo,proc_planta_sucursal_v1,proc_planta_evaluacion_v1;13;gob_planta_hora_extra_v2,gob_planta_cargo_v2,gob_planta_cargo_v1,gob_planta_unidad,gob_planta_egreso,gob_planta_region_v2,gob_planta_egreso_v2,gob_planta_incidencia_v1,gob_planta_jefatura_v2,gob_planta_postulante,gob_planta_curso_v1,gob_planta_brecha_v1,gob_planta_antiguedad
gob_talento_indicador;6;gob_talento_evaluacion_v1,gob_talento_licencia_v1,gob_talento_meta_v1,gob_talento_licencia,gob_talento_beca,gob_talento_competencia;11;dlk_talento_brecha_v2,dlk_talento_vacante_v2,dlk_talento_beca_v1,dlk_talento_centro_costo_v2,dlk_talento_contrato_v2,dlk_talento_antiguedad_v2,dlk_talento_convenio_v2,dlk_talento_antiguedad_v1,dlk_talento_competencia_v2,dlk_talento_postulante_v2,template_egreso_1_sap
dlk_desempeno_competencia;6;dlk_desempeno_meta,dlk_desempeno_turno,dlk_desempeno_egreso_v1,dlk_desempeno_traslado_v1,dlk_desempeno_antiguedad_v1,dlk_desempeno_traslado;8;ppn_postulante_1_sap,std_lu_edu_special_sap,m4sco_bono_1_sap,m4vw_evaluacion_1_sap,template_posicion_2_sap,bci_bono_sap,m4bci_posicion_1_sap,m4sco_cargo_2_sap
dlk_formacion_sucursal;3;dlk_formacion_traslado_v1,dlk_formacion_turno_v1,dlk_formacion_unidad;14;m4vw_sucursal_sap,cci_incidencia_1_sap,std_lu_bono_1_sap,std_hr_centro_costo_1_sap,m4bci_licencia_1_sap,planta_trabajo_sap,template_vacante_1_sap,m4cci_curso_1_sap,template_licencia_sap,ppn_bono_1_sap,std_hr_turno_1_sap,bci_encuesta_sap,ppn_traslado_1_sap,std_lu_edu_diploma_sap
dlk_ausentismo_indicador;5;dlk_ausentismo_traslado,dlk_ausentismo_sucursal_v1,dlk_ausentismo_convenio,dlk_ausentismo_meta_v2,dlk_ausentismo_centro_costo;7;m4bci_sucursal_sap,ppn_traslado_1_sap,ppn_region_1_sap,bci_encuesta_sap,ppn_alerta_sap,std_lu_job_sector_sap,planta_trabajo_sap
gob_nomina_posicion_01;8;gob_nomina_licencia_v2,gob_nomina_incidencia,gob_nomina_curso_v2,gob_nomina_jefatura_v1,gob_nomina_egreso,gob_nomina_curso_v1,gob_nomina_brecha,gob_nomina_indicador_v1;20;dlk_nomina_curso,dlk_nomina_colaborador_v1,dlk_nomina_egreso_v1,dlk_nomina_hora_extra_v2,dlk_nomina_beca,dlk_nomina_egreso,dlk_nomina_postulante_v2,dlk_nomina_centro_costo_v1,dlk_nomina_sucursal,dlk_nomina_colaborador_v2,dlk_nomina_brecha_v1,dlk_nomina_region_v2,dlk_nomina_hora_extra,dlk_nomina_incidencia_v2,dlk_nomina_hora_extra_v1,dlk_nomina_ingreso_v2,dlk_nomina_convenio,dlk_nomina_turno_v2,dlk_nomina_competencia_v1,m4bci_cargo_2_sap
dlk_seleccion_ingreso_01;7;dlk_seleccion_postulante,dlk_seleccion_hora_extra,dlk_seleccion_bono,dlk_seleccion_bono_v1,dlk_seleccion_curso,dlk_seleccion_alerta,dlk_desempeno_sucursal_v2;4;m4sco_turno_sap,std_hr_convenio_1_sap,bci_bono_sap,m4bci_indicador_sap
dlk_beneficios_licencia;6;dlk_beneficios_region_v2,dlk_beneficios_curso_v1,dlk_beneficios_competencia_v1,dlk_beneficios_meta_v1,dlk_beneficios_jefatura,dlk_beneficios_incidencia_v1;9;cci_incidencia_1_sap,cci_brecha_sap,template_beca_1_sap,m4bci_indicador_sap,std_lu_edu_diploma_sap,m4bci_traslado_sap,m4vw_traslado_1_sap,std_lu_meta_1_sap,std_hr_alerta_sap
proc_egresos_competencia;6;proc_egresos_encuesta,proc_egresos_curso,proc_egresos_unidad,proc_egresos_licencia,proc_egresos_indicador_v1,proc_egresos_vacante;15;gob_egresos_unidad,gob_egresos_egreso_v1,gob_egresos_bono_v1,gob_egresos_competencia,gob_egresos_convenio_v1,gob_egresos_colaborador,gob_egresos_antiguedad_v2,gob_egresos_postulante,gob_egresos_jefatura,gob_egresos_antiguedad_v1,gob_egresos_indicador_v2,gob_egresos_vacante_v1,gob_egresos_traslado_v1,gob_egresos_bono_v2,gob_egresos_curso_v2
dlk_compensaciones_contrato;6;dlk_compensaciones_cargo_v1,dlk_compensaciones_postulante_v1,dlk_compensaciones_bono,dlk_compensaciones_unidad_v2,dlk_compensaciones_licencia,dlk_compensaciones_postulante;11;nomina_desempeno_2023_sap,m4bci_incidencia_1_sap,bci_curso_sap,ppn_meta_1_sap,cci_contrato_1_sap,m4vw_posicion_2_sap,m4bci_antiguedad_sap,m4bci_colaborador_2_sap,cci_beca_sap,template_beca_1_sap,m4bci_licencia_sap
dlk_clima_unidad;5;dlk_clima_postulante_v1,dlk_clima_antiguedad_v1,dlk_clima_incidencia_v2,dlk_clima_postulante,dlk_clima_licencia_v1;10;m4sco_antiguedad_sap,std_lu_bono_1_sap,bci_encuesta_sap,bci_egreso_sap,m4vw_hora_extra_sap,template_curso_1_sap,std_lu_egreso_sap,template_cargo_2_sap,m4bci_convenio_sap,m4bci_region_1_sap
proc_reportabilidad_turno;2;proc_reportabilidad_encuesta_v1,proc_reportabilidad_brecha_v1;9;gob_reportabilidad_cargo,gob_reportabilidad_egreso,gob_reportabilidad_curso_v1,gob_reportabilidad_competencia,gob_reportabilidad_centro_costo,gob_reportabilidad_traslado_v2,gob_reportabilidad_antiguedad_v2,gob_reportabilidad_indicador,gob_reportabilidad_ingreso_v1
dlk_riesgo_antiguedad_01;2;dlk_riesgo_indicador,dlk_riesgo_incidencia_v2;10;ppn_hora_extra_sap,m4bci_indicador_1_sap,cci_ingreso_sap,ppn_traslado_1_sap,m4vw_sucursal_sap,bci_encuesta_sap,template_licencia_1_sap,bci_niv_hay_puesto_sap,m4vw_region_sap,cci_colaborador_2_sap
gob_diversidad_centro_costo;5;gob_diversidad_competencia_v2,gob_diversidad_contrato_v1,gob_diversidad_cargo_v2,gob_diversidad_traslado_v2,gob_diversidad_centro_costo_v2;11;dlk_diversidad_sucursal_v2,dlk_diversidad_vacante_v2,dlk_diversidad_traslado,dlk_diversidad_unidad_v2,dlk_diversidad_licencia,dlk_diversidad_bono_v1,dlk_diversidad_vacante_v1,dlk_diversidad_sucursal_v1,dlk_diversidad_traslado_v2,dlk_diversidad_contrato_v1,cci_brecha_sap
dash_movilidad_jefatura;3;dash_diversidad_unidad_kpi,dash_seleccion_posicion_kpi,dash_compensaciones_unidad_kpi;13;gob_movilidad_evaluacion,gob_movilidad_curso_v2,gob_movilidad_colaborador_v2,gob_movilidad_traslado_v2,gob_movilidad_egreso_v1,gob_movilidad_centro_costo_v2,gob_movilidad_vacante,gob_movilidad_jefatura_v1,proc_movilidad_postulante,gob_movilidad_contrato,gob_movilidad_incidencia_v2,proc_movilidad_beca,proc_movilidad_centro_costo
dlk_capacitacion_posicion_01;3;dlk_capacitacion_bono,dlk_capacitacion_brecha_v2,dlk_capacitacion_posicion_v1;5;std_lu_edu_special_sap,bci_antiguedad_1_sap,std_hr_licencia_sap,ppn_traslado_1_sap,std_lu_vacante_1_sap
dlk_planta_meta;4;dlk_planta_curso,dlk_planta_ingreso,dlk_planta_licencia_v1,dlk_planta_posicion;13;m4sco_hora_extra_sap,ppn_evaluacion_sap,std_hr_convenio_1_sap,cci_contrato_1_sap,std_lu_centro_costo_1_sap,m4sco_convenio_1_sap,std_lu_colaborador_2_sap,m4sco_traslado_sap,bci_curso_1_sap,ppn_meta_1_sap,m4sco_region_1_sap,m4cci_bono_1_sap,cci_colaborador_2_sap
dash_talento_cargo;5;dash_ausentismo_evaluacion_kpi,dash_seleccion_cargo_kpi,dash_diversidad_cargo_kpi,dash_capacitacion_unidad_kpi,dash_clima_posicion_kpi;10;proc_talento_meta_v1,gob_talento_meta_v2,proc_talento_jefatura_v1,gob_talento_competencia_v1,proc_talento_evaluacion_v1,proc_talento_traslado,proc_talento_encuesta,proc_talento_ingreso_v1,gob_talento_region,gob_talento_sucursal
gob_desempeno_indicador;4;gob_desempeno_turno,gob_desempeno_incidencia,gob_desempeno_indicador_v2,gob_desempeno_antiguedad;13;dlk_desempeno_bono,dlk_desempeno_unidad,dlk_desempeno_contrato_v2,dlk_desempeno_jefatura,dlk_desempeno_colaborador_v2,dlk_desempeno_sucursal_v2,dlk_desempeno_ingreso,dlk_desempeno_postulante,dlk_desempeno_contrato,dlk_desempeno_encuesta_v2,dlk_desempeno_cargo_v2,bci_curso_sap,m4vw_antiguedad_1_sap
gob_formacion_evaluacion;3;gob_formacion_encuesta_v1,gob_formacion_traslado_v1,gob_formacion_meta;14;dlk_formacion_hora_extra_v2,dlk_formacion_incidencia,dlk_formacion_vacante_v1,dlk_formacion_licencia_v1,dlk_formacion_turno_v2,dlk_formacion_unidad_v1,dlk_formacion_egreso_v1,dlk_formacion_contrato,dlk_formacion_region_v2,dlk_formacion_ingreso,dlk_formacion_traslado_v2,dlk_formacion_posicion_v2,dlk_formacion_meta,template_beca_1_sap
gob_ausentismo_postulante;7;gob_ausentismo_sucursal_v2,gob_ausentismo_postulante_v1,gob_ausentismo_unidad_v2,gob_ausentismo_licencia_v2,gob_ausentismo_evaluacion,gob_ausentismo_unidad,gob_ausentismo_cargo;13;dlk_ausentismo_cargo,dlk_ausentismo_vacante_v2,dlk_ausentismo_convenio_v1,dlk_ausentismo_sucursal_v2,dlk_ausentismo_competencia,dlk_ausentismo_brecha_v1,dlk_ausentismo_unidad_v1,dlk_ausentismo_ingreso_v1,dlk_ausentismo_curso_v2,dlk_ausentismo_alerta,dlk_ausentismo_evaluacion_v1,dlk_ausentismo_encuesta_v2,ppn_traslado_1_sap
gob_nomina_convenio_01;3;gob_nomina_alerta,gob_nomina_hora_extra,gob_nomina_posicion;18;dlk_nomina_colaborador_v1,dlk_nomina_beca,dlk_nomina_hora_extra_v2,dlk_nomina_ingreso_v2,dlk_nomina_egreso,dlk_nomina_postulante_v2,dlk_nomina_egreso_v1,dlk_nomina_colaborador_v2,dlk_nomina_incidencia_v2,dlk_nomina_curso,dlk_nomina_sucursal,dlk_nomina_hora_extra,dlk_nomina_turno_v2,dlk_nomina_centro_costo_v1,dlk_nomina_convenio,dlk_nomina_encuesta_v2,dlk_nomina_competencia_v1,bci_sucursal_sap
dlk_seleccion_brecha_01;6;dlk_seleccion_licencia_v1,dlk_seleccion_alerta_v1,dlk_seleccion_colaborador_v1,dlk_seleccion_hora_extra_v1,dlk_seleccion_traslado_v2,dlk_seleccion_brecha_v1;14;cci_encuesta_1_sap,ppn_jefatura_1_sap,std_lu_incidencia_sap,std_lu_incid_type_sap,m4vw_curso_1_sap,m4cci_ingreso_sap,m4sco_centro_costo_1_sap,cci_brecha_sap,template_cargo_sap,std_country_sap,std_lu_vacante_1_sap,ppn_postulante_1_sap,m4vw_posicion_2_sap,bci_bono_sap
proc_beneficios_jefatura;5;proc_beneficios_encuesta,proc_beneficios_region,proc_beneficios_competencia,proc_beneficios_turno,proc_beneficios_licencia_v1;10;gob_beneficios_brecha_v2,gob_beneficios_jefatura,gob_beneficios_competencia_v2,gob_beneficios_centro_costo,gob_beneficios_posicion_v2,gob_beneficios_posicion,gob_beneficios_alerta_v2,gob_beneficios_colaborador_v2,gob_beneficios_traslado,gob_beneficios_antiguedad_v2
gob_egresos_evaluacion;6;gob_egresos_convenio_v2,gob_egresos_alerta_v2,gob_egresos_jefatura_v2,gob_egresos_indicador_v1,gob_egresos_encuesta_v1,gob_egresos_region_v2;23;dlk_egresos_ingreso_v1,dlk_egresos_region_v1,dlk_egresos_competencia,dlk_egresos_brecha_v1,dlk_egresos_encuesta_v1,dlk_egresos_colaborador_v1,dlk_egresos_jefatura_v2,dlk_egresos_hora_extra_v1,dlk_egresos_convenio,dlk_egresos_incidencia_v1,dlk_egresos_alerta,dlk_egresos_alerta_v1,dlk_egresos_brecha,dlk_egresos_contrato,dlk_egresos_indicador_v2,dlk_egresos_curso_v2,dlk_egresos_vacante_v2,dlk_egresos_postulante_v1,dlk_egresos_ingreso_v2,dlk_egresos_ingreso,dlk_egresos_licencia,dlk_egresos_posicion_v1,m4bci_sucursal_sap
dlk_compensaciones_egreso;4;dlk_compensaciones_ingreso,dlk_compensaciones_colaborador_v2,dlk_compensaciones_turno_v2,dlk_compensaciones_curso;5;bci_convenio_sap,cci_colaborador_2_sap,m4bci_curso_sap,ppn_postulante_1_sap,m4cci_ingreso_sap
dlk_clima_unidad_01;3;dlk_clima_contrato,dlk_clima_convenio,dlk_clima_indicador;10;template_turno_1_sap,cci_bono_1_sap,std_lu_evaluacion_1_sap,cci_encuesta_1_sap,m4cci_contrato_sap,template_antiguedad_1_sap,bci_vacante_sap,panel_alertas_ssnn_sap,ppn_cargo_duty_sap,ppn_traslado_1_sap
gob_reportabilidad_sucursal;4;gob_reportabilidad_brecha,gob_reportabilidad_brecha_v1,gob_reportabilidad_indicador_v1,gob_reportabilidad_encuesta;23;dlk_reportabilidad_antiguedad_v1,dlk_reportabilidad_meta,dlk_reportabilidad_posicion_v2,dlk_reportabilidad_cargo_v1,dlk_reportabilidad_encuesta,dlk_reportabilidad_bono_v1,dlk_reportabilidad_posicion_v1,dlk_reportabilidad_alerta_v1,dlk_reportabilidad_contrato_v1,dlk_reportabilidad_curso,dlk_reportabilidad_centro_costo_v2,dlk_reportabilidad_postulante,dlk_reportabilidad_jefatura_v1,dlk_reportabilidad_competencia,dlk_reportabilidad_incidencia_v2,dlk_reportabilidad_convenio,dlk_reportabilidad_cargo_v2,dlk_reportabilidad_vacante_v1,dlk_reportabilidad_vacante,dlk_reportabilidad_unidad,dlk_reportabilidad_competencia_v1,dlk_reportabilidad_indicador_v2,m4cci_incidencia_1_sap
gob_riesgo_curso;5;gob_riesgo_brecha,gob_riesgo_evaluacion_v2,gob_riesgo_beca_v2,gob_riesgo_unidad_v2,gob_riesgo_encuesta;14;dlk_riesgo_cargo,dlk_riesgo_traslado,dlk_riesgo_incidencia,dlk_riesgo_evaluacion_v2,dlk_riesgo_cargo_v2,dlk_riesgo_postulante,dlk_riesgo_antiguedad,dlk_riesgo_evaluacion_v1,dlk_riesgo_licencia_v1,dlk_riesgo_ingreso_v2,dlk_riesgo_posicion_v1,dlk_riesgo_unidad_v1,dlk_riesgo_indicador_v1,ppn_colaborador_1_sap
dlk_diversidad_jefatura_01;6;dlk_diversidad_evaluacion_v2,dlk_diversidad_brecha_v2,dlk_diversidad_encuesta_v2,dlk_diversidad_colaborador,dlk_diversidad_vacante,dlk_diversidad_jefatura;10;ppn_cargo_duty_sap,template_cargos_sap,nomina_desempeno_2024_sap,m4bci_cargo_2_sap,std_lu_edu_special_sap,m4sco_postulante_sap,ppn_traslado_1_sap,cci_convenio_1_sap,bci_licencia_sap,m4cci_ingreso_sap
gob_movilidad_egreso;7;gob_movilidad_antiguedad_v1,gob_movilidad_posicion,gob_movilidad_incidencia,gob_movilidad_hora_extra_v2,gob_movilidad_competencia_v1,gob_movilidad_indicador,gob_capacitacion_convenio;21;dlk_movilidad_curso,dlk_movilidad_indicador_v2,dlk_movilidad_licencia_v1,dlk_movilidad_meta_v1,dlk_movilidad_jefatura_v2,dlk_movilidad_alerta_v1,dlk_movilidad_evaluacion_v2,dlk_movilidad_antiguedad_v1,dlk_movilidad_hora_extra_v1,dlk_movilidad_incidencia,dlk_movilidad_vacante_v2,dlk_movilidad_licencia,dlk_movilidad_bono,dlk_movilidad_sucursal,dlk_movilidad_convenio,dlk_movilidad_posicion_v1,dlk_movilidad_centro_costo,dlk_movilidad_postulante_v1,dlk_movilidad_antiguedad,dlk_movilidad_jefatura,m4vw_vacante_sap
dlk_capacitacion_brecha_01;3;dlk_capacitacion_cargo_v2,dlk_capacitacion_turno_v2,dlk_capacitacion_beca_v1;5;m4sco_turno_sap,bci_evaluacion_1_sap,ppn_meta_1_sap,m4bci_cargo_2_sap,m4bci_convenio_sap
dlk_planta_postulante;4;dlk_planta_region_v2,dlk_planta_region,dlk_planta_posicion_v1,dlk_planta_traslado_v2;14;m4bci_sucursal_1_sap,std_hr_hora_extra_1_sap,std_lu_incidencia_sap,ppn_competencia_sap,cci_beca_sap,m4sco_convenio_1_sap,m4bci_sucursal_sap,m4sco_r_job_dut_sap,ppn_postulante_1_sap,bci_curso_1_sap,m4sco_turno_sap,arbol_jerarquico_sap,bci_encuesta_sap,m4bci_meta_sap
dlk_talento_traslado;5;dlk_talento_bono_v2,dlk_talento_ingreso_v2,dlk_talento_turno_v2,dlk_talento_egreso,dlk_desempeno_contrato;9;template_licencia_1_sap,std_hr_convenio_1_sap,std_lu_jefatura_1_sap,std_lu_incid_type_sap,template_evaluacion_1_sap,cci_indicador_sap,m4vw_posicion_sap,ppn_ingreso_sap,ppn_postulante_1_sap
dlk_desempeno_evaluacion;6;dlk_desempeno_evaluacion,dlk_desempeno_encuesta_v1,dlk_desempeno_curso,dlk_desempeno_contrato_v1,dlk_desempeno_ingreso_v1,dlk_desempeno_sucursal;8;bci_convenio_sap,template_postulante_1_sap,std_lu_contrato_sap,cci_colaborador_2_sap,m4bci_sucursal_sap,bci_turno_1_sap,std_lu_incidencia_sap,cci_curso_1_sap
gob_formacion_traslado;4;gob_formacion_cargo_v1,gob_formacion_convenio_v2,gob_formacion_brecha,gob_formacion_alerta_v1;19;dlk_formacion_turno_v2,dlk_formacion_ingreso,dlk_formacion_posicion_v2,dlk_formacion_turno_v1,dlk_formacion_incidencia,dlk_formacion_egreso_v1,dlk_formacion_convenio,dlk_formacion_traslado_v2,dlk_formacion_meta,dlk_formacion_jefatura_v2,dlk_formacion_colaborador,dlk_formacion_hora_extra_v2,dlk_formacion_indicador,dlk_formacion_region,dlk_formacion_region_v2,dlk_formacion_licencia_v1,dlk_formacion_alerta_v1,dlk_formacion_vacante_v1,cci_colaborador_2_sap
proc_ausentismo_turno;2;proc_ausentismo_antiguedad,proc_ausentismo_licencia;16;gob_ausentismo_ingreso,gob_ausentismo_sucursal_v1,gob_ausentismo_incidencia_v2,gob_ausentismo_egreso_v2,gob_ausentismo_beca,gob_ausentismo_region,gob_ausentismo_competencia_v2,gob_ausentismo_postulante_v1,gob_ausentismo_turno,gob_ausentismo_turno_v1,gob_ausentismo_sucursal,gob_ausentismo_centro_costo_v2,gob_ausentismo_cargo_v2,gob_ausentismo_antiguedad_v2,gob_ausentismo_hora_extra,m4cci_contrato_sap
gob_nomina_colaborador;6;gob_nomina_sucursal_v1,gob_nomina_curso,gob_nomina_evaluacion_v1,gob_nomina_beca,gob_nomina_indicador,gob_nomina_licencia;21;dlk_nomina_incidencia_v2,dlk_nomina_encuesta_v2,dlk_nomina_turno_v1,dlk_nomina_competencia_v1,dlk_nomina_curso,dlk_nomina_hora_extra_v2,dlk_nomina_hora_extra,dlk_nomina_brecha_v1,dlk_nomina_egreso_v1,dlk_nomina_turno_v2,dlk_nomina_centro_costo_v1,dlk_nomina_convenio,dlk_nomina_colaborador_v2,dlk_nomina_beca,dlk_nomina_postulante_v2,dlk_nomina_colaborador_v1,dlk_nomina_egreso,dlk_nomina_sucursal,dlk_nomina_ingreso_v2,dlk_nomina_vacante_v1,cci_convenio_sap
proc_seleccion_convenio;6;proc_seleccion_unidad_v1,proc_seleccion_ingreso_v1,proc_seleccion_vacante,proc_seleccion_competencia,proc_seleccion_brecha_v1,proc_seleccion_contrato;7;gob_seleccion_posicion_v2,gob_seleccion_traslado_v2,gob_seleccion_ingreso_v2,gob_seleccion_hora_extra_v1,gob_seleccion_vacante_v2,gob_seleccion_centro_costo_v2,gob_seleccion_vacante_v1
dlk_beneficios_indicador;4;dlk_beneficios_traslado_v2,dlk_beneficios_antiguedad_v2,dlk_beneficios_unidad,dlk_beneficios_convenio_v2;11;std_lu_curso_sap,cci_convenio_1_sap,ppn_traslado_1_sap,m4cci_unidad_sap,std_hr_centro_costo_1_sap,m4vw_evaluacion_1_sap,m4bci_sucursal_sap,cci_egreso_sap,cci_competencia_1_sap,m4cci_incidencia_1_sap,std_hr_incidencia_1_sap
proc_egresos_contrato;5;proc_egresos_sucursal,proc_egresos_convenio_v1,proc_egresos_region_v1,proc_egresos_jefatura_v1,proc_egresos_indicador;10;gob_egresos_convenio_v1,gob_egresos_bono_v1,gob_egresos_competencia,gob_egresos_antiguedad_v2,gob_egresos_cargo_v1,gob_egresos_curso_v2,gob_egresos_egreso_v1,gob_egresos_unidad,gob_egresos_postulante,gob_egresos_centro_costo_v2
dlk_compensaciones_ingreso;2;dlk_compensaciones_posicion_v1,dlk_compensaciones_incidencia;6;std_lu_incidencia_sap,m4sco_postulante_sap,std_lu_incid_type_sap,cci_antiguedad_sap,std_lu_meta_1_sap,m4bci_hora_extra_sap
dlk_clima_licencia;5;dlk_clima_hora_extra_v1,dlk_clima_contrato_v1,dlk_clima_convenio_v2,dlk_clima_colaborador_v1,dlk_clima_alerta;14;std_lu_incid_type_sap,std_lu_incidencia_sap,std_hr_antiguedad_1_sap,template_cargo_1_sap,m4bci_convenio_sap,bci_indicador_sap,cci_region_1_sap,std_lu_edu_diploma_sap,template_licencia_1_sap,cci_vacante_1_sap,cci_colaborador_2_sap,socios_sap,m4sco_sucursal_1_sap,nomina_desempeno_2023_sap
gob_reportabilidad_centro_costo;5;gob_reportabilidad_turno_v1,gob_reportabilidad_posicion,gob_reportabilidad_meta_v1,gob_reportabilidad_turno_v2,gob_reportabilidad_colaborador_v1;9;dlk_reportabilidad_meta,dlk_reportabilidad_antiguedad,dlk_reportabilidad_antiguedad_v1,dlk_reportabilidad_competencia,dlk_reportabilidad_indicador_v2,dlk_reportabilidad_posicion_v1,dlk_reportabilidad_convenio,dlk_reportabilidad_contrato_v1,cci_hora_extra_1_sap
gob_riesgo_jefatura;3;gob_riesgo_postulante_v1,gob_riesgo_vacante_v2,gob_riesgo_posicion_v1;19;dlk_riesgo_cargo_v2,dlk_riesgo_licencia,dlk_riesgo_centro_costo_v1,dlk_riesgo_evaluacion_v2,dlk_riesgo_posicion_v1,dlk_riesgo_competencia,dlk_riesgo_indicador_v1,dlk_riesgo_incidencia,dlk_riesgo_postulante,dlk_riesgo_egreso_v1,dlk_riesgo_licencia_v1,dlk_riesgo_vacante_v2,dlk_riesgo_cargo,dlk_riesgo_traslado,dlk_riesgo_unidad_v1,dlk_riesgo_incidencia_v1,dlk_riesgo_hora_extra_v2,dlk_riesgo_indicador,m4vw_incidencia_sap
proc_diversidad_sucursal;6;proc_diversidad_sucursal_v1,proc_diversidad_competencia_v1,proc_diversidad_ingreso,proc_diversidad_unidad_v1,proc_diversidad_contrato_v1,proc_diversidad_postulante_v1;7;gob_diversidad_brecha,gob_diversidad_hora_extra,gob_diversidad_convenio_v2,gob_diversidad_ingreso_v2,gob_diversidad_contrato,gob_diversidad_alerta_v1,gob_diversidad_colaborador_v2
proc_movilidad_jefatura;4;proc_movilidad_licencia_v1,proc_movilidad_jefatura,proc_movilidad_curso_v1,proc_movilidad_sucursal;16;gob_movilidad_traslado_v2,gob_movilidad_unidad,gob_movilidad_sucursal,gob_movilidad_vacante,gob_movilidad_contrato_v2,gob_movilidad_contrato,gob_movilidad_indicador_v2,gob_movilidad_curso_v2,gob_movilidad_evaluacion,gob_movilidad_incidencia_v2,gob_movilidad_colaborador_v2,gob_movilidad_egreso_v1,gob_movilidad_jefatura_v1,gob_movilidad_indicador_v1,gob_movilidad_sucursal_v1,gob_movilidad_antiguedad
dlk_capacitacion_encuesta;4;dlk_capacitacion_brecha_v1,dlk_capacitacion_egreso_v1,dlk_capacitacion_sucursal_v1,dlk_capacitacion_ingreso;6;cci_evaluacion_1_sap,m4vw_traslado_1_sap,nomina_desempeno_2023_sap,m4sco_bono_1_sap,ppn_evaluacion_sap,std_hr_indicador_sap
dlk_planta_traslado;2;dlk_planta_convenio_v1,dlk_planta_centro_costo_v2;13;m4sco_centro_costo_1_sap,std_hr_meta_sap,m4cci_ingreso_sap,bci_turno_1_sap,ppn_alerta_sap,m4cci_encuesta_sap,bci_bono_sap,template_ingreso_1_sap,ppn_traslado_1_sap,ppn_ingreso_1_sap,template_cargo_1_sap,template_unidad_sap,template_beca_1_sap
gob_talento_region;6;gob_talento_brecha_v2,gob_talento_antiguedad,gob_talento_bono_v1,gob_talento_vacante,gob_talento_egreso,gob_talento_unidad_v1;23;dlk_talento_centro_costo_v2,dlk_talento_colaborador_v1,dlk_talento_meta_v2,dlk_talento_brecha_v2,dlk_talento_region,dlk_talento_jefatura,dlk_talento_competencia_v2,dlk_talento_antiguedad_v2,dlk_talento_vacante_v2,dlk_talento_postulante_v2,dlk_talento_contrato_v2,dlk_talento_evaluacion,dlk_talento_encuesta_v2,dlk_talento_curso_v2,dlk_talento_beca_v1,dlk_talento_postulante_v1,dlk_talento_antiguedad_v1,dlk_talento_turno_v2,dlk_talento_ingreso_v2,dlk_talento_encuesta,dlk_talento_beca_v2,dlk_talento_incidencia,bci_antiguedad_1_sap
gob_desempeno_centro_costo;3;gob_desempeno_bono,gob_desempeno_unidad,gob_desempeno_convenio_v2;23;dlk_desempeno_bono,dlk_desempeno_contrato,dlk_desempeno_colaborador_v2,dlk_desempeno_encuesta_v2,dlk_desempeno_contrato_v2,dlk_desempeno_postulante,dlk_desempeno_licencia_v1,dlk_desempeno_unidad,dlk_desempeno_jefatura,dlk_desempeno_cargo_v2,dlk_desempeno_incidencia_v2,dlk_desempeno_region,dlk_desempeno_cargo_v1,dlk_desempeno_ingreso,dlk_desempeno_sucursal,dlk_desempeno_sucursal_v2,dlk_desempeno_evaluacion_v1,dlk_desempeno_colaborador_v1,dlk_desempeno_competencia,dlk_desempeno_traslado,dlk_desempeno_centro_costo_v2,dlk_desempeno_vacante,cci_egreso_sap
proc_formacion_posicion;4;proc_formacion_alerta,proc_formacion_brecha,proc_formacion_convenio,proc_formacion_vacante_v1;13;gob_formacion_curso,gob_formacion_convenio_v1,gob_formacion_region,gob_formacion_contrato_v2,gob_formacion_region_v2,gob_formacion_unidad_v2,gob_formacion_hora_extra_v1,gob_formacion_egreso,gob_formacion_encuesta_v1,gob_formacion_sucursal_v1,gob_formacion_unidad_v1,gob_formacion_licencia_v1,template_incidencia_1_sap
gob_ausentismo_vacante;3;gob_ausentismo_competencia_v1,gob_ausentismo_postulante,gob_ausentismo_encuesta_v1;14;dlk_ausentismo_cargo,dlk_ausentismo_vacante_v2,dlk_ausentismo_hora_extra_v1,dlk_ausentismo_curso_v2,dlk_ausentismo_unidad_v1,dlk_ausentismo_alerta,dlk_ausentismo_jefatura_v2,dlk_ausentismo_jefatura,dlk_ausentismo_evaluacion_v1,dlk_ausentismo_unidad,dlk_ausentismo_sucursal_v2,dlk_ausentismo_posicion,dlk_ausentismo_licencia_v1,cci_colaborador_2_sap
dlk_nomina_indicador;2;dlk_nomina_postulante,dlk_nomina_incidencia;14;nomina_desempeno_2023_sap,bci_traslado_1_sap,m4cci_bono_1_sap,bci_bono_sap,m4cci_ingreso_sap,bci_indicador_sap,cci_incidencia_1_sap,cci_convenio_1_sap,m4bci_traslado_sap,m4sco_centro_costo_1_sap,ppn_hora_extra_sap,cci_egreso_sap,std_hr_alerta_sap,cci_postulante_sap
proc_seleccion_centro_costo;5;proc_seleccion_sucursal_v1,proc_seleccion_brecha,proc_seleccion_centro_costo_v1,proc_seleccion_alerta,proc_seleccion_incidencia;11;gob_seleccion_vacante_v2,gob_seleccion_centro_costo_v2,gob_seleccion_licencia,gob_seleccion_vacante_v1,gob_seleccion_hora_extra_v1,gob_seleccion_ingreso_v1,gob_seleccion_traslado_v2,gob_seleccion_ingreso_v2,gob_seleccion_contrato,gob_seleccion_jefatura_v2,gob_seleccion_posicion_v2
dash_beneficios_centro_costo;3;dash_compensaciones_evaluacion_kpi,dash_ausentismo_unidad_kpi,dash_capacitacion_jefatura_kpi;16;gob_beneficios_centro_costo,gob_beneficios_posicion,gob_beneficios_cargo_v1,gob_beneficios_bono_v1,gob_beneficios_cargo,gob_beneficios_competencia_v2,gob_beneficios_traslado,gob_beneficios_alerta_v2,gob_beneficios_alerta_v1,gob_beneficios_brecha_v2,gob_beneficios_jefatura,gob_beneficios_curso_v1,gob_beneficios_meta_v2,gob_beneficios_colaborador,gob_beneficios_postulante_v1,gob_beneficios_alerta
proc_egresos_traslado;3;proc_egresos_evaluacion,proc_egresos_antiguedad,proc_movilidad_licencia_v1;12;gob_egresos_egreso_v1,gob_egresos_competencia,gob_egresos_indicador_v2,gob_egresos_unidad_v1,gob_egresos_convenio_v1,gob_egresos_unidad,gob_egresos_vacante_v1,gob_egresos_antiguedad_v1,gob_egresos_curso_v2,gob_egresos_traslado_v1,gob_egresos_postulante,gob_egresos_bono_v1
gob_compensaciones_antiguedad;8;gob_compensaciones_evaluacion_v2,gob_compensaciones_centro_costo_v1,gob_compensaciones_beca,gob_compensaciones_encuesta,gob_compensaciones_incidencia,gob_compensaciones_egreso_v2,gob_compensaciones_hora_extra_v1,gob_compensaciones_hora_extra_v2;14;dlk_compensaciones_unidad_v2,dlk_compensaciones_antiguedad_v2,dlk_compensaciones_antiguedad,dlk_compensaciones_egreso_v1,dlk_compensaciones_traslado,dlk_compensaciones_postulante_v2,dlk_compensaciones_contrato_v1,dlk_compensaciones_hora_extra_v1,dlk_compensaciones_ingreso_v2,dlk_compensaciones_licencia_v2,dlk_compensaciones_encuesta_v1,dlk_compensaciones_region_v2,dlk_compensaciones_alerta,template_beca_1_sap
proc_clima_hora_extra;5;proc_clima_brecha,proc_clima_traslado,proc_clima_postulante,proc_clima_centro_costo_v1,proc_clima_jefatura_v1;12;gob_clima_vacante_v1,gob_clima_region_v1,gob_clima_traslado,gob_clima_centro_costo_v1,gob_clima_convenio_v2,gob_clima_curso_v2,gob_clima_egreso_v1,gob_clima_postulante_v1,gob_clima_incidencia_v2,gob_clima_centro_costo,gob_clima_indicador,bci_curso_1_sap
dlk_reportabilidad_traslado;2;dlk_reportabilidad_incidencia_v1,dlk_reportabilidad_alerta_v2;9;cci_colaborador_2_sap,personales_sap,m4sco_centro_costo_1_sap,m4bci_incidencia_sap,ppn_colaborador_sap,m4bci_cargo_2_sap,m4sco_duties_sap,std_hr_meta_sap,std_lu_posicion_1_sap
proc_riesgo_region;2;proc_riesgo_unidad,proc_riesgo_region_v1;10;gob_riesgo_centro_costo,gob_riesgo_competencia_v1,gob_riesgo_cargo,gob_riesgo_contrato_v2,gob_riesgo_centro_costo_v2,gob_riesgo_antiguedad_v1,gob_riesgo_sucursal_v1,gob_riesgo_ingreso_v2,gob_riesgo_curso_v1,gob_riesgo_traslado_v2
proc_diversidad_turno;3;proc_diversidad_posicion_v1,proc_diversidad_vacante,proc_diversidad_jefatura_v1;16;gob_diversidad_colaborador_v2,gob_diversidad_incidencia_v1,gob_diversidad_contrato,gob_diversidad_alerta_v1,gob_diversidad_brecha_v2,gob_diversidad_ingreso_v2,gob_diversidad_brecha,gob_diversidad_hora_extra,gob_diversidad_sucursal,gob_diversidad_colaborador,gob_diversidad_convenio_v2,gob_diversidad_ingreso,gob_diversidad_contrato_v1,gob_diversidad_competencia_v2,gob_diversidad_traslado_v2,gob_diversidad_centro_costo_v2
dlk_movilidad_antiguedad;3;dlk_movilidad_jefatura_v1,dlk_movilidad_meta_v2,dlk_movilidad_unidad;13;m4cci_beca_sap,ppn_encuesta_sap,std_lu_incidencia_sap,m4sco_contrato_1_sap,m4bci_antiguedad_sap,bci_curso_1_sap,template_unidad_sap,bci_incidencia_1_sap,cci_encuesta_1_sap,template_postulante_1_sap,ppn_cargo_1_sap,std_hr_colaborador_2_sap,bci_bono_sap
proc_capacitacion_curso;4;proc_capacitacion_meta,proc_capacitacion_competencia,proc_capacitacion_licencia_v1,proc_capacitacion_postulante;6;gob_capacitacion_traslado_v2,gob_capacitacion_contrato_v2,gob_capacitacion_licencia,gob_capacitacion_jefatura_v1,gob_capacitacion_egreso,gob_capacitacion_competencia
gob_planta_sucursal;7;gob_planta_colaborador_v1,gob_planta_antiguedad_v2,gob_planta_unidad_v2,gob_planta_alerta,gob_planta_centro_costo_v2,gob_planta_brecha,gob_planta_indicador;9;dlk_planta_brecha,dlk_planta_colaborador,dlk_planta_competencia_v1,dlk_planta_contrato_v2,dlk_planta_sucursal_v2,dlk_planta_turno_v1,dlk_planta_posicion_v1,dlk_planta_turno,ppn_colaborador_1_sap
gob_talento_competencia;7;gob_talento_convenio,gob_talento_brecha,gob_talento_incidencia_v1,gob_talento_convenio_v2,gob_talento_posicion,gob_talento_postulante_v2,gob_seleccion_centro_costo_v2;20;dlk_talento_beca_v1,dlk_talento_encuesta_v2,dlk_talento_vacante_v2,dlk_talento_brecha_v2,dlk_talento_centro_costo_v2,dlk_talento_antiguedad_v1,dlk_talento_postulante_v2,dlk_talento_beca_v2,dlk_talento_antiguedad_v2,dlk_talento_contrato_v2,dlk_talento_jefatura,dlk_talento_turno_v2,dlk_talento_evaluacion,dlk_talento_colaborador_v1,dlk_talento_curso_v2,dlk_talento_competencia_v2,dlk_talento_postulante_v1,dlk_talento_bono_v2,dlk_talento_region,bci_bono_1_sap
gob_desempeno_cargo_01;8;gob_desempeno_posicion_v2,gob_desempeno_encuesta_v1,gob_desempeno_beca,gob_desempeno_centro_costo_v1,gob_desempeno_posicion_v1,gob_desempeno_indicador_v1,gob_desempeno_ingreso_v1,gob_desempeno_alerta_v2;11;dlk_desempeno_encuesta_v2,dlk_desempeno_cargo_v2,dlk_desempeno_convenio_v1,dlk_desempeno_postulante,dlk_desempeno_contrato,dlk_desempeno_bono,dlk_desempeno_licencia_v1,dlk_desempeno_jefatura,dlk_desempeno_unidad,dlk_desempeno_sucursal_v2,std_lu_job_sector_sap
proc_formacion_antiguedad;4;proc_formacion_evaluacion_v1,proc_formacion_antiguedad,proc_formacion_turno,proc_formacion_postulante_v1;16;gob_formacion_jefatura_v2,gob_formacion_egreso,gob_formacion_curso,gob_formacion_hora_extra_v1,gob_formacion_sucursal_v1,gob_formacion_traslado_v2,gob_formacion_convenio_v1,gob_formacion_contrato_v2,gob_formacion_unidad_v2,gob_formacion_region_v2,gob_formacion_licencia_v1,gob_formacion_region,gob_formacion_unidad_v1,gob_formacion_brecha,gob_formacion_meta,gob_formacion_cargo_v1
gob_ausentismo_hora_extra;6;gob_ausentismo_curso_v1,gob_ausentismo_posicion_v2,gob_ausentismo_alerta,gob_ausentismo_jefatura_v2,gob_ausentismo_posicion,gob_ausentismo_hora_extra_v1;9;dlk_ausentismo_cargo,ppn_ausentismos_incidencia,dlk_ausentismo_competencia,dlk_ausentismo_encuesta_v2,dlk_ausentismo_unidad_v1,dlk_ausentismo_ingreso_v1,dlk_ausentismo_jefatura_v2,dlk_ausentismo_vacante_v2,m4cci_ingreso_sap
proc_nomina_antiguedad;2;proc_nomina_jefatura_v1,proc_nomina_turno;18;gob_nomina_egreso_v2,gob_nomina_contrato,gob_nomina_bono_v2,gob_nomina_meta_v2,gob_nomina_beca_v2,gob_nomina_colaborador_v2,gob_nomina_convenio,gob_nomina_bono_v1,gob_nomina_meta_v1,gob_nomina_posicion_v2,gob_nomina_jefatura_v1,gob_nomina_ingreso_v1,gob_nomina_postulante_v2,gob_nomina_curso_v1,gob_nomina_alerta_v2,gob_nomina_incidencia,gob_nomina_sucursal_v2,gob_nomina_egreso_v1
dash_seleccion_curso;3;dash_seleccion_contrato_kpi,dash_formacion_jefatura_kpi,dash_clima_posicion_kpi;14;gob_seleccion_vacante_v1,gob_seleccion_colaborador_v2,gob_seleccion_vacante_v2,proc_seleccion_meta,proc_seleccion_incidencia_v1,gob_seleccion_ingreso_v2,gob_seleccion_traslado_v2,gob_seleccion_centro_costo_v2,gob_seleccion_hora_extra_v1,gob_seleccion_contrato,gob_seleccion_ingreso_v1,gob_seleccion_posicion_v2,gob_seleccion_jefatura_v2,proc_seleccion_egreso_v1
dlk_beneficios_antiguedad_01;6;dlk_beneficios_colaborador_v1,dlk_beneficios_jefatura_v1,dlk_beneficios_postulante_v1,dlk_beneficios_convenio_v1,dlk_beneficios_licencia,dlk_beneficios_sucursal_v1;10;template_antiguedad_1_sap,m4vw_personales_sap,std_lu_incidencia_sap,m4cci_region_sap,m4vw_sucursal_sap,m4sco_postulante_sap,ppn_traslado_1_sap,template_beca_sap,m4cci_ingreso_sap,cci_ingreso_sap
dlk_egresos_brecha;3;dlk_egresos_unidad_v1,dlk_egresos_jefatura,dlk_egresos_bono_v1;14;std_lu_encuesta_1_sap,m4sco_sucursal_1_sap,m4sco_beca_1_sap,ppn_traslado_1_sap,bci_bono_sap,cci_contrato_1_sap,template_cargo_1_sap,m4sco_bono_1_sap,m4vw_posicion_2_sap,m4bci_meta_sap,cci_evaluacion_1_sap,m4bci_bono_1_sap,template_vacante_1_sap,std_hr_incidencia_1_sap
dlk_compensaciones_sucursal;5;dlk_compensaciones_sucursal_v2,dlk_compensaciones_indicador,dlk_compensaciones_indicador_v2,dlk_compensaciones_region_v1,dlk_compensaciones_evaluacion;6;cci_egreso_sap,m4vw_posicion_2_sap,m4vw_vacante_sap,m4bci_incidencia_1_sap,std_hr_indicador_sap,template_brecha_1_sap
proc_clima_posicion;6;proc_clima_antiguedad,proc_clima_competencia,proc_clima_antiguedad_v1,proc_clima_unidad,proc_clima_evaluacion,proc_clima_competencia_v1;16;gob_clima_licencia,gob_clima_licencia_v2,gob_clima_postulante_v1,gob_clima_traslado,gob_clima_centro_costo_v1,gob_clima_indicador,gob_clima_region,gob_clima_curso_v2,gob_clima_curso_v1,gob_clima_centro_costo,gob_clima_licencia_v1,gob_clima_incidencia_v1,gob_clima_egreso_v1,gob_clima_antiguedad_v2,gob_clima_convenio_v2,gob_clima_beca_v1
proc_reportabilidad_alerta;3;proc_reportabilidad_hora_extra,proc_reportabilidad_region,proc_reportabilidad_curso_v1;8;gob_reportabilidad_ingreso_v2,gob_reportabilidad_posicion,gob_reportabilidad_ingreso_v1,gob_reportabilidad_egreso,gob_reportabilidad_antiguedad_v2,gob_reportabilidad_competencia,gob_reportabilidad_cargo,m4cci_antiguedad_sap
dlk_riesgo_evaluacion_01;6;dlk_riesgo_contrato_v2,dlk_riesgo_jefatura_v2,dlk_riesgo_beca_v1,dlk_riesgo_jefatura_v1,dlk_riesgo_indicador_v2,dlk_riesgo_posicion;5;ppn_duty_sap,m4sco_convenio_1_sap,bci_bono_sap,m4sco_centro_costo_1_sap,bci_alerta_1_sap
gob_diversidad_posicion;8;gob_diversidad_posicion,gob_diversidad_antiguedad_v2,gob_diversidad_curso_v1,gob_diversidad_incidencia,gob_diversidad_antiguedad,gob_diversidad_curso,gob_diversidad_postulante,gob_diversidad_hora_extra_v1;16;dlk_diversidad_cargo,dlk_diversidad_traslado,dlk_diversidad_meta,dlk_diversidad_bono_v2,dlk_diversidad_evaluacion,dlk_diversidad_bono_v1,dlk_diversidad_competencia_v1,dlk_diversidad_region,dlk_diversidad_sucursal_v2,dlk_diversidad_hora_extra,dlk_diversidad_meta_v1,dlk_diversidad_contrato_v1,dlk_diversidad_encuesta_v2,dlk_diversidad_jefatura_v1,dlk_diversidad_unidad_v2,m4vw_competencia_sap
dlk_movilidad_encuesta;4;dlk_movilidad_colaborador,dlk_movilidad_region,dlk_movilidad_competencia_v1,dlk_movilidad_incidencia_v1;13;m4bci_indicador_sap,std_hr_region_1_sap,cci_antiguedad_sap,m4sco_centro_costo_1_sap,ppn_cargo_duty_sap,cci_egreso_sap,cci_vacante_1_sap,std_hr_colaborador_2_sap,template_postulante_1_sap,m4bci_incidencia_1_sap,std_lu_centro_costo_1_sap,std_lu_lang_level_sap,std_hr_incidencia_1_sap
gob_capacitacion_hora_extra;5;gob_capacitacion_contrato_v1,gob_capacitacion_sucursal,gob_capacitacion_encuesta_v2,gob_capacitacion_curso_v1,gob_capacitacion_brecha;14;dlk_capacitacion_encuesta_v2,dlk_capacitacion_postulante_v1,dlk_capacitacion_turno_v1,dlk_capacitacion_colaborador,dlk_capacitacion_postulante,dlk_capacitacion_indicador,dlk_capacitacion_curso,dlk_capacitacion_curso_v2,dlk_capacitacion_vacante_v2,dlk_capacitacion_unidad_v2,dlk_capacitacion_meta,dlk_capacitacion_vacante,std_hr_convenio_1_sap,bci_niv_hay_puesto_sap
gob_planta_incidencia;7;gob_planta_sucursal_v2,gob_planta_alerta_v2,gob_planta_evaluacion_v1,gob_planta_bono_v2,gob_planta_postulante_v2,gob_planta_indicador_v1,gob_desempeno_vacante;24;dlk_planta_bono,dlk_planta_unidad_v1,dlk_planta_turno_v1,dlk_planta_contrato_v2,dlk_planta_turno,dlk_planta_bono_v2,dlk_planta_colaborador,dlk_planta_competencia_v1,dlk_planta_egreso_v2,dlk_planta_brecha_v1,dlk_planta_sucursal_v2,dlk_planta_brecha,dlk_planta_region,dlk_planta_licencia_v1,dlk_planta_traslado_v2,dlk_planta_incidencia_v2,dlk_planta_unidad_v2,dlk_planta_encuesta,dlk_planta_contrato_v1,dlk_planta_centro_costo_v2,dlk_planta_posicion_v1,dlk_planta_posicion,dlk_planta_convenio_v1,m4vw_jefatura_2_sap
dlk_talento_ingreso;3;dlk_talento_evaluacion_v2,dlk_talento_posicion_v2,dlk_talento_posicion_v1;8;m4bci_cargo_2_sap,m4bci_sucursal_sap,bci_brecha_sap,std_lu_incid_type_sap,m4vw_beca_sap,template_turno_1_sap,cci_sucursal_1_sap,std_hr_colaborador_2_sap
proc_desempeno_encuesta;6;proc_desempeno_cargo_v1,proc_desempeno_indicador,proc_desempeno_hora_extra_v1,proc_desempeno_traslado,proc_desempeno_vacante_v1,proc_desempeno_convenio_v1;7;gob_desempeno_meta_v2,gob_desempeno_region_v1,gob_desempeno_region,gob_desempeno_convenio_v1,gob_desempeno_meta_v1,gob_desempeno_competencia_v2,bci_colaborador_1_sap
dlk_formacion_colaborador;4;dlk_formacion_hora_extra_v1,dlk_formacion_beca_v2,dlk_formacion_antiguedad_v2,dlk_formacion_curso_v1;9;m4bci_sucursal_sap,m4sco_incidencia_1_sap,m4sco_posicion_1_sap,std_lu_incid_type_sap,m4sco_hora_extra_1_sap,cci_contrato_1_sap,personales_sap,ppn_traslado_1_sap,m4cci_bono_1_sap
gob_ausentismo_meta;8;gob_ausentismo_convenio,gob_ausentismo_evaluacion_v2,gob_ausentismo_convenio_v1,gob_ausentismo_jefatura,gob_ausentismo_traslado_v1,gob_ausentismo_beca_v1,gob_ausentismo_centro_costo_v1,gob_ausentismo_licencia_v1;9;dlk_ausentismo_jefatura_v2,dlk_ausentismo_unidad_v1,dlk_ausentismo_evaluacion_v1,dlk_ausentismo_cargo,dlk_ausentismo_encuesta_v2,dlk_ausentismo_hora_extra_v1,dlk_ausentismo_curso_v2,dlk_ausentismo_unidad,cci_evaluacion_1_sap
gob_nomina_traslado;6;gob_nomina_antiguedad,gob_nomina_region,gob_nomina_vacante_v1,gob_nomina_traslado,gob_nomina_antiguedad_v2,gob_nomina_region_v1;18;dlk_nomina_ingreso_v2,dlk_nomina_hora_extra,dlk_nomina_turno_v1,dlk_nomina_hora_extra_v2,dlk_nomina_brecha_v1,dlk_nomina_colaborador_v2,dlk_nomina_egreso_v1,dlk_nomina_colaborador_v1,dlk_nomina_egreso,dlk_nomina_sucursal,dlk_nomina_postulante_v2,dlk_nomina_curso,dlk_nomina_encuesta_v2,dlk_nomina_beca,dlk_nomina_beca_v1,dlk_nomina_incidencia_v2,dlk_nomina_competencia_v1,m4cci_beca_sap
proc_seleccion_bono;4;proc_seleccion_egreso,proc_seleccion_bono,proc_seleccion_unidad,proc_seleccion_licencia;7;gob_seleccion_egreso,gob_seleccion_traslado_v2,gob_seleccion_ingreso_v2,gob_seleccion_centro_costo_v2,gob_seleccion_contrato,gob_seleccion_jefatura_v2,gob_seleccion_region_v1
dlk_beneficios_cargo;5;dlk_beneficios_alerta_v2,dlk_beneficios_traslado_v1,dlk_beneficios_posicion,dlk_beneficios_competencia,dlk_beneficios_meta;13;template_cargos_sap,m4bci_meta_sap,m4vw_posicion_2_sap,ppn_cargo_duty_sap,bci_bono_sap,bci_competencia_1_sap,m4bci_posicion_1_sap,m4sco_cargo_2_sap,m4sco_turno_sap,ppn_traslado_1_sap,m4cci_hora_extra_1_sap,std_lu_incidencia_sap,bci_region_1_sap
dlk_egresos_sucursal;4;dlk_egresos_centro_costo,dlk_egresos_convenio_v2,dlk_egresos_contrato_v1,dlk_egresos_unidad_v2;9;m4bci_incidencia_sap,cci_convenio_sap,template_convenio_sap,m4bci_indicador_sap,cci_cargo_2_sap,m4bci_sucursal_sap,std_lu_incidencia_sap,m4vw_posicion_2_sap,template_turno_1_sap
dlk_compensaciones_colaborador;2;dlk_compensaciones_posicion_v2,dlk_compensaciones_vacante_v2;11;m4vw_centro_costo_1_sap,m4bci_sucursal_1_sap,m4bci_incidencia_1_sap,m4vw_hora_extra_sap,m4cci_region_sap,m4vw_turno_sap,std_lu_bono_1_sap,bci_curso_sap,m4bci_postulante_sap,m4sco_centro_costo_1_sap,m4bci_sucursal_sap
proc_clima_colaborador;2;proc_clima_posicion,proc_clima_vacante;8;gob_clima_incidencia_v1,gob_clima_convenio_v2,gob_clima_centro_costo_v1,gob_clima_egreso_v1,gob_clima_vacante_v1,gob_clima_curso_v1,gob_clima_curso_v2,gob_clima_traslado
proc_reportabilidad_cargo;4;proc_reportabilidad_posicion_v1,proc_reportabilidad_colaborador,proc_reportabilidad_meta,proc_reportabilidad_turno_v1;10;gob_reportabilidad_competencia,gob_reportabilidad_egreso,gob_reportabilidad_ingreso_v2,gob_reportabilidad_centro_costo,gob_reportabilidad_antiguedad_v2,gob_reportabilidad_cargo,gob_reportabilidad_vacante_v1,gob_reportabilidad_indicador,gob_reportabilidad_encuesta_v1,cci_vacante_1_sap
dlk_riesgo_beca;6;dlk_riesgo_unidad,dlk_riesgo_ingreso,dlk_riesgo_beca,dlk_riesgo_antiguedad_v2,dlk_riesgo_brecha,dlk_riesgo_encuesta_v1;12;std_lu_incid_type_sap,std_lu_posicion_2_sap,ppn_traslado_1_sap,cci_evaluacion_1_sap,std_lu_centro_costo_1_sap,template_evaluacion_1_sap,m4bci_cargo_2_sap,template_jefatura_sap,m4bci_posicion_1_sap,m4cci_bono_1_sap,std_hr_alerta_sap,planta_trabajo_sap
gob_diversidad_centro_costo_01;4;gob_diversidad_hora_extra_v2,gob_diversidad_bono_v2,gob_diversidad_meta,gob_diversidad_antiguedad_v1;17;dlk_diversidad_traslado,dlk_diversidad_unidad_v2,dlk_diversidad_bono_v2,dlk_diversidad_sucursal_v1,dlk_diversidad_region_v1,dlk_diversidad_region,dlk_diversidad_alerta_v2,dlk_diversidad_sucursal_v2,dlk_diversidad_evaluacion,dlk_diversidad_vacante_v1,dlk_diversidad_hora_extra,dlk_diversidad_traslado_v2,dlk_diversidad_bono,dlk_diversidad_bono_v1,dlk_diversidad_vacante_v2,dlk_diversidad_colaborador_v2,m4vw_region_sap
gob_movilidad_sucursal;4;gob_movilidad_jefatura,gob_movilidad_colaborador_v1,gob_movilidad_region_v1,gob_movilidad_meta_v1;20;dlk_movilidad_licencia,dlk_movilidad_jefatura_v2,dlk_movilidad_jefatura,dlk_movilidad_posicion_v1,dlk_movilidad_bono,dlk_movilidad_alerta_v1,dlk_movilidad_indicador_v2,dlk_movilidad_sucursal,dlk_movilidad_curso,dlk_movilidad_antiguedad,dlk_movilidad_evaluacion_v2,dlk_movilidad_incidencia,dlk_movilidad_antiguedad_v1,dlk_movilidad_centro_costo,dlk_movilidad_vacante_v2,dlk_movilidad_licencia_v1,dlk_movilidad_convenio,dlk_movilidad_meta_v1,std_lu_beca_sap,m4sco_cargo_2_sap
proc_capacitacion_posicion;2;proc_capacitacion_colaborador,proc_capacitacion_antiguedad;17;gob_capacitacion_hora_extra,gob_capacitacion_competencia_v2,gob_capacitacion_turno_v2,gob_capacitacion_egreso,gob_capacitacion_beca_v1,gob_capacitacion_competencia,gob_capacitacion_unidad_v1,gob_capacitacion_convenio,gob_capacitacion_licencia_v1,gob_capacitacion_licencia,gob_capacitacion_jefatura_v1,gob_capacitacion_evaluacion_v2,gob_capacitacion_beca,gob_capacitacion_curso_v1,gob_capacitacion_bono_v1,gob_capacitacion_posicion_v1,gob_capacitacion_indicador_v1
dlk_planta_traslado_01;5;dlk_planta_egreso_v1,dlk_planta_vacante_v2,dlk_planta_evaluacion,dlk_planta_traslado_v1,dlk_planta_indicador_v1;4;std_lu_competencia_1_sap,m4vw_unidad_sap,std_hr_antiguedad_1_sap,ppn_familia_cargo_sap
dash_talento_unidad;1;dash_egresos_colaborador_kpi;20;proc_talento_vacante_v1,gob_talento_antiguedad_v2,proc_talento_encuesta,proc_talento_traslado,proc_talento_contrato_v1,proc_talento_posicion_v1,proc_talento_evaluacion_v1,gob_talento_egreso,gob_talento_region,gob_talento_region_v2,proc_talento_jefatura_v1,proc_talento_traslado_v1,proc_talento_vacante,gob_talento_meta_v2,proc_talento_meta_v1,gob_talento_competencia_v1,gob_talento_sucursal,proc_talento_turno,proc_talento_colaborador_v1,proc_talento_brecha_v1
proc_desempeno_region;2;proc_desempeno_centro_costo,proc_desempeno_licencia;18;gob_desempeno_beca_v1,gob_desempeno_convenio_v1,gob_desempeno_colaborador,gob_desempeno_traslado,gob_desempeno_vacante,gob_desempeno_centro_costo,gob_desempeno_encuesta_v1,gob_desempeno_hora_extra_v2,gob_desempeno_region,gob_desempeno_ingreso_v2,gob_desempeno_brecha_v2,gob_desempeno_meta_v1,gob_desempeno_region_v1,gob_desempeno_colaborador_v2,gob_desempeno_egreso_v1,gob_desempeno_meta_v2,gob_desempeno_jefatura_v2,gob_desempeno_bono_v2
dash_formacion_incidencia;1;dash_compensaciones_unidad_kpi;14;gob_formacion_curso,gob_formacion_contrato_v2,gob_formacion_hora_extra_v1,proc_formacion_alerta,gob_formacion_unidad_v1,gob_formacion_brecha,gob_formacion_egreso,gob_formacion_sucursal_v1,gob_formacion_jefatura_v2,gob_formacion_traslado_v2,gob_formacion_convenio_v1,gob_formacion_meta,proc_formacion_cargo,proc_formacion_centro_costo
gob_ausentismo_meta_01;7;gob_ausentismo_convenio_v2,gob_ausentismo_competencia,gob_ausentismo_vacante,gob_ausentismo_indicador_v2,gob_ausentismo_postulante_v2,gob_ausentismo_indicador,gob_ausentismo_antiguedad_v1;18;dlk_ausentismo_unidad_v1,dlk_ausentismo_ingreso_v1,dlk_ausentismo_posicion_v2,dlk_ausentismo_cargo,dlk_ausentismo_jefatura_v2,dlk_ausentismo_encuesta_v2,dlk_ausentismo_licencia_v1,dlk_ausentismo_sucursal_v2,dlk_ausentismo_colaborador,dlk_ausentismo_vacante_v2,dlk_ausentismo_competencia,dlk_ausentismo_curso_v2,ppn_ausentismos_incidencia,dlk_ausentismo_competencia_v2,dlk_ausentismo_evaluacion_v1,dlk_ausentismo_hora_extra_v1,dlk_ausentismo_alerta,std_hr_alerta_sap
dlk_nomina_cargo;3;dlk_nomina_contrato_v1,dlk_nomina_licencia,dlk_nomina_competencia_v2;9;std_hr_posicion_2_sap,std_lu_incidencia_sap,template_encuesta_sap,m4vw_posicion_2_sap,m4bci_sucursal_sap,template_cargo_2_sap,template_postulante_1_sap,bci_indicador_sap,cci_vacante_1_sap
dlk_seleccion_curso;3;dlk_seleccion_traslado_v1,dlk_seleccion_brecha_v2,dlk_seleccion_ingreso;9;nomina_desempeno_2023_sap,m4vw_personales_sap,nomina_desempeno_2024_sap,m4sco_centro_costo_1_sap,cci_jefatura_1_sap,bci_bono_sap,std_lu_indicador_1_sap,m4bci_sucursal_sap,m4bci_vacante_1_sap
gob_beneficios_vacante;5;gob_beneficios_encuesta,gob_beneficios_evaluacion,gob_beneficios_licencia,gob_beneficios_unidad_v1,gob_beneficios_contrato_v1;14;dlk_beneficios_posicion_v2,dlk_beneficios_egreso,dlk_beneficios_egreso_v2,dlk_beneficios_alerta_v2,dlk_beneficios_brecha,dlk_beneficios_centro_costo,dlk_beneficios_encuesta_v1,dlk_beneficios_antiguedad_v2,dlk_beneficios_indicador_v2,dlk_beneficios_encuesta_v2,dlk_beneficios_contrato_v2,dlk_beneficios_unidad_v1,dlk_beneficios_ingreso_v1,bci_alerta_1_sap
proc_egresos_centro_costo;5;proc_egresos_egreso_v1,proc_egresos_bono,proc_egresos_hora_extra_v1,proc_egresos_centro_costo_v1,proc_egresos_colaborador;6;gob_egresos_curso_v2,gob_egresos_antiguedad_v1,gob_egresos_bono_v1,gob_egresos_traslado_v1,gob_egresos_egreso_v1,gob_egresos_colaborador
gob_compensaciones_vacante_01;6;gob_compensaciones_turno,gob_compensaciones_colaborador,gob_compensaciones_indicador_v2,gob_compensaciones_indicador,gob_compensaciones_bono_v1,gob_compensaciones_traslado_v2;12;dlk_compensaciones_competencia,dlk_compensaciones_licencia_v2,dlk_compensaciones_contrato_v1,dlk_compensaciones_jefatura_v1,dlk_compensaciones_region_v2,dlk_compensaciones_traslado,dlk_compensaciones_antiguedad_v2,dlk_compensaciones_colaborador,dlk_compensaciones_hora_extra_v1,dlk_compensaciones_incidencia_v2,dlk_compensaciones_evaluacion,cci_contrato_1_sap
gob_clima_egreso;8;gob_clima_vacante,gob_clima_postulante_v2,gob_clima_convenio_v1,gob_clima_bono_v1,gob_clima_unidad_v2,gob_clima_sucursal,gob_clima_competencia,gob_clima_brecha;13;dlk_clima_beca,dlk_clima_colaborador_v2,dlk_clima_evaluacion_v1,dlk_clima_competencia,dlk_clima_alerta_v1,dlk_clima_beca_v2,dlk_clima_ingreso_v1,dlk_clima_posicion_v1,dlk_clima_postulante_v2,dlk_clima_unidad,dlk_clima_evaluacion_v2,dlk_clima_evaluacion,cci_incidencia_1_sap
dlk_reportabilidad_hora_extra;4;dlk_reportabilidad_region_v2,dlk_reportabilidad_alerta,dlk_reportabilidad_ingreso,dlk_reportabilidad_hora_extra_v2;14;m4cci_ingreso_sap,m4bci_cargo_sap,m4bci_incidencia_1_sap,cci_colaborador_2_sap,m4sco_turno_sap,std_lu_encuesta_1_sap,m4bci_indicador_1_sap,cci_beca_sap,bci_colaborador_1_sap,m4cci_bono_1_sap,m4vw_colaborador_1_sap,std_lu_contrato_sap,template_postulante_1_sap,m4bci_indicador_sap
proc_riesgo_cargo;3;proc_riesgo_region,proc_riesgo_bono,proc_riesgo_curso;13;gob_riesgo_contrato_v2,gob_riesgo_sucursal_v1,gob_riesgo_jefatura_v2,gob_riesgo_evaluacion,gob_riesgo_posicion,gob_riesgo_curso,gob_riesgo_curso_v1,gob_riesgo_ingreso_v2,gob_riesgo_antiguedad_v2,gob_riesgo_postulante_v1,gob_riesgo_centro_costo_v2,gob_riesgo_traslado_v2,std_lu_hora_extra_sap
proc_diversidad_licencia;2;proc_diversidad_vacante_v1,proc_diversidad_egreso;15;gob_diversidad_ingreso_v2,gob_diversidad_colaborador,gob_diversidad_traslado_v2,gob_diversidad_contrato,gob_diversidad_colaborador_v2,gob_diversidad_antiguedad_v2,gob_diversidad_brecha,gob_diversidad_competencia_v2,gob_diversidad_hora_extra,gob_diversidad_ingreso,gob_diversidad_incidencia_v1,gob_diversidad_antiguedad_v1,gob_diversidad_convenio_v2,gob_diversidad_brecha_v2,gob_diversidad_sucursal
gob_movilidad_convenio;8;gob_movilidad_contrato_v1,gob_movilidad_meta_v2,gob_movilidad_convenio_v2,gob_movilidad_postulante_v1,gob_movilidad_bono_v2,gob_movilidad_alerta,gob_movilidad_ingreso_v2,gob_movilidad_centro_costo;10;dlk_movilidad_evaluacion_v2,dlk_movilidad_bono,dlk_movilidad_postulante_v1,dlk_movilidad_incidencia,dlk_movilidad_antiguedad_v1,dlk_movilidad_licencia,dlk_movilidad_sucursal,dlk_movilidad_convenio,dlk_movilidad_meta_v1,m4vw_traslado_1_sap
dash_capacitacion_bono;1;dash_egresos_unidad_kpi;8;gob_capacitacion_hora_extra,gob_capacitacion_competencia_v2,gob_capacitacion_competencia_v1,gob_capacitacion_unidad_v1,gob_capacitacion_traslado_v2,gob_capacitacion_egreso,gob_capacitacion_contrato_v2,gob_capacitacion_licencia
gob_planta_egreso;7;gob_planta_bono,gob_planta_encuesta_v2,gob_planta_curso,gob_planta_vacante_v1,gob_planta_meta_v2,gob_planta_centro_costo_v1,gob_planta_evaluacion_v2;25;dlk_planta_bono_v2,dlk_planta_unidad_v2,dlk_planta_brecha_v1,dlk_planta_turno_v1,dlk_planta_bono,dlk_planta_posicion,dlk_planta_encuesta,dlk_planta_egreso_v2,dlk_planta_colaborador,dlk_planta_contrato_v2,dlk_planta_sucursal_v2,dlk_planta_turno,dlk_planta_competencia_v1,dlk_planta_posicion_v1,dlk_planta_evaluacion,dlk_planta_brecha,dlk_planta_unidad_v1,dlk_planta_incidencia_v2,dlk_planta_convenio_v1,dlk_planta_region_v2,dlk_planta_region,dlk_planta_licencia_v1,dlk_planta_contrato_v1,m4vw_unidad_sap,m4vw_posicion_sap
dlk_talento_colaborador;4;dlk_talento_antiguedad,dlk_talento_evaluacion_v1,dlk_talento_brecha_v1,dlk_riesgo_evaluacion_v1;13;std_lu_centro_costo_1_sap,cci_evaluacion_1_sap,bci_bono_sap,std_lu_edu_special_sap,m4cci_incidencia_sap,bci_alerta_sap,m4sco_centro_costo_1_sap,std_lu_competencia_1_sap,m4vw_unidad_sap,m4vw_meta_sap,ppn_hora_extra_sap,cci_curso_1_sap,cci_vacante_1_sap
dash_desempeno_alerta;1;dash_riesgo_cargo_kpi;21;gob_desempeno_beca_v1,gob_desempeno_egreso_v2,gob_desempeno_centro_costo,gob_desempeno_meta_v1,gob_desempeno_vacante,gob_desempeno_jefatura_v2,gob_desempeno_convenio_v1,gob_desempeno_unidad_v2,gob_desempeno_ingreso,gob_desempeno_hora_extra_v2,gob_desempeno_colaborador,gob_desempeno_competencia_v2,proc_desempeno_ingreso,gob_desempeno_region_v1,gob_desempeno_meta_v2,gob_desempeno_region,gob_desempeno_curso_v2,gob_desempeno_ingreso_v2,gob_desempeno_bono_v2,gob_desempeno_colaborador_v2,gob_desempeno_traslado_v2
gob_formacion_posicion;7;gob_formacion_indicador_v2,gob_formacion_vacante,gob_formacion_antiguedad_v2,gob_formacion_alerta,gob_formacion_incidencia,gob_formacion_meta_v2,gob_formacion_ingreso;10;dlk_formacion_licencia_v2,dlk_formacion_ingreso,dlk_formacion_traslado_v2,dlk_formacion_meta,dlk_formacion_region,dlk_formacion_colaborador,dlk_formacion_incidencia,dlk_formacion_licencia_v1,m4sco_turno_sap,std_lu_incidencia_1_sap
proc_ausentismo_cargo;5;proc_ausentismo_sucursal_v1,proc_ausentismo_contrato_v1,proc_ausentismo_ingreso,proc_ausentismo_vacante_v1,proc_ausentismo_bono;13;gob_ausentismo_sucursal,gob_ausentismo_centro_costo_v2,gob_ausentismo_incidencia_v2,gob_ausentismo_ingreso,gob_ausentismo_ingreso_v2,gob_ausentismo_beca,gob_ausentismo_turno,gob_ausentismo_hora_extra,gob_ausentismo_turno_v1,gob_ausentismo_evaluacion_v2,gob_ausentismo_cargo_v2,gob_ausentismo_egreso_v2,gob_ausentismo_brecha_v1
gob_nomina_turno;3;gob_nomina_competencia,gob_nomina_encuesta_v2,gob_nomina_unidad;12;dlk_nomina_region_v2,dlk_nomina_centro_costo_v1,dlk_nomina_postulante_v2,dlk_nomina_brecha_v1,dlk_nomina_egreso,dlk_nomina_turno_v2,dlk_nomina_hora_extra_v2,dlk_nomina_hora_extra_v1,dlk_nomina_hora_extra,dlk_nomina_incidencia_v2,dlk_nomina_curso,std_lu_competencia_1_sap
dlk_seleccion_evaluacion;6;dlk_seleccion_meta_v1,dlk_seleccion_region_v1,dlk_seleccion_cargo,dlk_seleccion_hora_extra_v2,dlk_seleccion_region,dlk_seleccion_antiguedad_v1;4;cci_incidencia_sap,bci_alerta_1_sap,ppn_postulante_1_sap,std_hr_licencia_sap
dlk_beneficios_beca_01;4;dlk_beneficios_vacante,dlk_beneficios_colaborador,dlk_beneficios_ingreso_v2,dlk_beneficios_egreso_v1;6;m4vw_antiguedad_1_sap,bci_curso_sap,m4vw_curso_1_sap,m4vw_turno_sap,ppn_meta_1_sap,cci_colaborador_2_sap
dlk_egresos_competencia;5;dlk_egresos_competencia_v2,dlk_egresos_licencia_v1,dlk_egresos_region,dlk_egresos_cargo_v1,dlk_egresos_indicador_v1;9;ppn_traslado_1_sap,ppn_unidad_1_sap,cat_desempeno_2023_sap,m4bci_indicador_sap,std_lu_edu_dip_lev_sap,ppn_cargo_1_sap,std_lu_contrato_sap,m4cci_bono_1_sap,m4vw_centro_costo_1_sap
dash_compensaciones_indicador;2;dash_talento_cargo_kpi,dash_desempeno_jefatura_kpi;22;gob_compensaciones_evaluacion_v2,gob_compensaciones_encuesta,gob_compensaciones_traslado,gob_compensaciones_cargo_v1,gob_compensaciones_colaborador,gob_compensaciones_brecha_v1,gob_compensaciones_postulante_v1,gob_compensaciones_incidencia_v1,proc_compensaciones_incidencia,gob_compensaciones_alerta,gob_compensaciones_turno,gob_compensaciones_beca_v2,gob_compensaciones_brecha_v2,gob_compensaciones_postulante,gob_compensaciones_region_v1,gob_compensaciones_incidencia,gob_compensaciones_egreso_v2,gob_compensaciones_posicion_v1,gob_compensaciones_jefatura_v2,gob_compensaciones_contrato,gob_compensaciones_postulante_v2,proc_compensaciones_evaluacion
proc_clima_jefatura;6;proc_clima_bono_v1,proc_clima_egreso_v1,proc_clima_encuesta_v1,proc_clima_ingreso,proc_clima_turno_v1,proc_clima_centro_costo;6;gob_clima_antiguedad_v2,gob_clima_licencia_v2,gob_clima_traslado,gob_clima_brecha,gob_clima_postulante_v1,gob_clima_incidencia_v2
gob_reportabilidad_cargo;3;gob_reportabilidad_bono_v1,gob_reportabilidad_competencia_v1,gob_reportabilidad_meta_v2;24;dlk_reportabilidad_indicador_v2,dlk_reportabilidad_contrato_v1,dlk_reportabilidad_convenio,dlk_reportabilidad_meta,dlk_reportabilidad_posicion_v1,dlk_reportabilidad_antiguedad,dlk_reportabilidad_cargo_v1,dlk_reportabilidad_encuesta,dlk_reportabilidad_unidad,dlk_reportabilidad_antiguedad_v1,dlk_reportabilidad_bono_v1,dlk_reportabilidad_hora_extra_v2,dlk_reportabilidad_incidencia_v2,dlk_reportabilidad_cargo_v2,dlk_reportabilidad_posicion_v2,dlk_reportabilidad_alerta_v2,dlk_reportabilidad_alerta_v1,dlk_reportabilidad_jefatura_v1,dlk_reportabilidad_competencia,dlk_reportabilidad_evaluacion,dlk_reportabilidad_egreso,dlk_reportabilidad_centro_costo_v2,dlk_reportabilidad_vacante_v1,cci_contrato_1_sap
gob_riesgo_ingreso;4;gob_riesgo_evaluacion_v1,gob_riesgo_ingreso,gob_riesgo_turno_v1,gob_riesgo_turno;16;dlk_riesgo_cargo,dlk_riesgo_traslado,dlk_riesgo_posicion_v1,dlk_riesgo_hora_extra_v2,dlk_riesgo_indicador_v1,dlk_riesgo_postulante,dlk_riesgo_unidad_v1,dlk_riesgo_cargo_v2,dlk_riesgo_competencia,dlk_riesgo_vacante_v2,dlk_riesgo_incidencia,dlk_riesgo_convenio,dlk_riesgo_evaluacion_v2,dlk_riesgo_licencia,cci_beca_sap,std_country_sap
dash_diversidad_centro_costo;1;dash_reportabilidad_colaborador_kpi;12;gob_diversidad_contrato,gob_diversidad_ingreso,gob_diversidad_incidencia_v1,gob_diversidad_brecha,gob_diversidad_sucursal,gob_diversidad_antiguedad_v1,proc_diversidad_bono_v1,gob_diversidad_traslado_v2,gob_diversidad_ingreso_v2,gob_diversidad_contrato_v1,gob_diversidad_colaborador_v2,gob_diversidad_alerta_v1
dlk_movilidad_evaluacion;2;dlk_movilidad_cargo,dlk_movilidad_encuesta_v1;10;m4vw_convenio_sap,cci_colaborador_2_sap,m4sco_traslado_1_sap,m4sco_centro_costo_1_sap,ppn_cargo_duty_sap,bci_bono_sap,m4vw_encuesta_sap,m4bci_sucursal_sap,m4cci_region_sap,m4bci_indicador_sap
dlk_capacitacion_turno;3;dlk_capacitacion_turno,dlk_capacitacion_jefatura,dlk_capacitacion_traslado_v2;6;socios_sap,std_hr_antiguedad_sap,m4sco_hora_extra_sap,bci_bono_sap,std_lu_incid_type_sap,cci_brecha_1_sap
gob_planta_turno_01;6;gob_planta_competencia_v1,gob_planta_turno_v2,gob_planta_meta,gob_planta_posicion,gob_planta_ingreso,gob_planta_region_v1;22;dlk_planta_sucursal_v2,dlk_planta_egreso_v2,dlk_planta_licencia_v1,dlk_planta_contrato_v1,dlk_planta_colaborador,dlk_planta_incidencia_v2,dlk_planta_brecha,dlk_planta_turno,dlk_planta_turno_v1,dlk_planta_bono_v2,dlk_planta_unidad_v1,dlk_planta_region_v2,dlk_planta_contrato_v2,dlk_planta_brecha_v1,dlk_planta_posicion_v1,dlk_planta_encuesta,dlk_planta_egreso_v1,dlk_planta_competencia_v1,dlk_planta_unidad_v2,dlk_planta_posicion,dlk_planta_bono,cci_ingreso_sap
dlk_talento_traslado_01;6;dlk_talento_cargo_v1,dlk_talento_traslado_v1,dlk_talento_incidencia_v2,dlk_talento_incidencia_v1,dlk_talento_vacante,dlk_talento_sucursal_v1;4;cci_competencia_1_sap,m4cci_jefatura_sap,ppn_familia_cargo_sap,std_hr_colaborador_2_sap
dlk_desempeno_evaluacion_01;6;dlk_desempeno_bono_v1,dlk_desempeno_ingreso_v2,dlk_desempeno_turno_v2,dlk_desempeno_incidencia_v1,dlk_desempeno_hora_extra_v2,dlk_desempeno_hora_extra_v1;7;m4cci_beca_sap,m4cci_posicion_1_sap,std_lu_incid_type_sap,cci_region_1_sap,template_sucursal_sap,cci_convenio_sap,cci_evaluacion_1_sap
proc_formacion_posicion_01;4;proc_formacion_competencia,proc_formacion_brecha_v1,proc_formacion_ingreso_v1,proc_formacion_posicion_v1;8;gob_formacion_licencia_v1,gob_formacion_convenio_v1,gob_formacion_region_v2,gob_formacion_curso,gob_formacion_unidad_v2,gob_formacion_egreso,gob_formacion_traslado_v1,gob_formacion_contrato_v2
dash_ausentismo_unidad;1;dash_seleccion_contrato_kpi;19;gob_ausentismo_turno,gob_ausentismo_incidencia_v2,gob_ausentismo_centro_costo_v2,gob_ausentismo_cargo_v2,gob_ausentismo_ingreso,gob_ausentismo_turno_v1,gob_ausentismo_hora_extra_v2,gob_ausentismo_beca_v2,gob_ausentismo_region,gob_ausentismo_competencia_v2,gob_ausentismo_hora_extra,gob_ausentismo_antiguedad_v1,gob_ausentismo_cargo,gob_ausentismo_centro_costo,gob_ausentismo_ingreso_v2,proc_ausentismo_ingreso,gob_ausentismo_antiguedad_v2,gob_ausentismo_incidencia,proc_ausentismo_meta
dlk_nomina_evaluacion;5;dlk_nomina_egreso_v2,dlk_nomina_antiguedad_v2,dlk_nomina_vacante_v2,dlk_nomina_indicador,dlk_nomina_traslado;10;bci_encuesta_sap,std_lu_evaluacion_sap,bci_bono_sap,m4vw_convenio_sap,m4bci_convenio_sap,bci_evaluacion_1_sap,m4vw_unidad_sap,std_hr_indicador_sap,std_lu_edu_dip_lev_sap,std_hr_convenio_1_sap
gob_seleccion_unidad;6;gob_seleccion_brecha_v1,gob_seleccion_incidencia_v1,gob_seleccion_egreso_v2,gob_seleccion_posicion,gob_seleccion_bono,gob_seleccion_postulante_v2;11;dlk_seleccion_evaluacion_v2,dlk_seleccion_licencia_v1,dlk_seleccion_ingreso_v2,dlk_seleccion_encuesta,dlk_seleccion_jefatura_v2,dlk_seleccion_beca_v2,dlk_seleccion_egreso,dlk_seleccion_evaluacion,dlk_seleccion_sucursal_v1,dlk_seleccion_convenio_v2,ausentismo_sf_sap
gob_beneficios_antiguedad;6;gob_beneficios_jefatura_v2,gob_beneficios_region,gob_beneficios_sucursal_v1,gob_beneficios_curso_v2,gob_beneficios_turno_v1,gob_beneficios_antiguedad_v1;24;dlk_beneficios_ingreso_v1,dlk_beneficios_brecha,dlk_beneficios_encuesta_v2,dlk_beneficios_hora_extra_v1,dlk_beneficios_posicion_v2,dlk_beneficios_alerta,dlk_beneficios_egreso_v2,dlk_beneficios_unidad_v1,dlk_beneficios_traslado,dlk_beneficios_centro_costo,dlk_beneficios_jefatura_v2,dlk_beneficios_contrato_v2,dlk_beneficios_region,dlk_beneficios_vacante_v1,dlk_beneficios_licencia_v2,dlk_beneficios_encuesta_v1,dlk_beneficios_contrato,dlk_beneficios_region_v1,dlk_beneficios_antiguedad_v2,dlk_beneficios_indicador_v2,dlk_beneficios_egreso,dlk_beneficios_beca_v1,bci_indicador_sap,m4bci_sucursal_sap
gob_egresos_region;4;gob_egresos_posicion_v2,gob_egresos_brecha_v2,gob_egresos_alerta_v1,gob_egresos_ingreso;10;dlk_egresos_posicion_v1,dlk_egresos_convenio,dlk_egresos_competencia,dlk_egresos_colaborador_v1,dlk_egresos_alerta_v1,dlk_egresos_licencia,dlk_egresos_jefatura_v2,dlk_egresos_encuesta_v1,dlk_egresos_incidencia_v1,m4sco_posicion_2_sap
gob_compensaciones_jefatura;6;gob_compensaciones_centro_costo_v2,gob_compensaciones_region,gob_compensaciones_brecha,gob_compensaciones_indicador_v1,gob_compensaciones_antiguedad_v1,gob_compensaciones_cargo;22;dlk_compensaciones_hora_extra_v1,dlk_compensaciones_colaborador,dlk_compensaciones_contrato_v1,dlk_compensaciones_antiguedad_v2,dlk_compensaciones_jefatura_v1,dlk_compensaciones_traslado,dlk_compensaciones_incidencia_v2,dlk_compensaciones_competencia,dlk_compensaciones_colaborador_v1,dlk_compensaciones_licencia_v2,dlk_compensaciones_sucursal_v2,dlk_compensaciones_cargo_v1,dlk_compensaciones_postulante_v1,dlk_compensaciones_postulante_v2,dlk_compensaciones_region,dlk_compensaciones_postulante,dlk_compensaciones_alerta,dlk_compensaciones_ingreso_v1,dlk_compensaciones_encuesta_v1,dlk_compensaciones_posicion,dlk_compensaciones_beca,bci_indicador_sap
proc_clima_colaborador_01;3;proc_clima_licencia,proc_clima_indicador,proc_clima_bono;11;gob_clima_centro_costo_v1,gob_clima_egreso_v1,gob_clima_traslado,gob_clima_region,gob_clima_licencia,gob_clima_meta,gob_clima_antiguedad_v2,gob_clima_curso_v2,gob_clima_meta_v2,gob_clima_curso_v1,m4vw_turno_sap
gob_reportabilidad_cargo_01;4;gob_reportabilidad_centro_costo_v1,gob_reportabilidad_region,gob_reportabilidad_cargo_v1,gob_clima_posicion_v1;20;dlk_reportabilidad_jefatura_v1,dlk_reportabilidad_encuesta,dlk_reportabilidad_contrato_v1,dlk_reportabilidad_convenio,dlk_reportabilidad_antiguedad_v1,dlk_reportabilidad_cargo_v1,dlk_reportabilidad_hora_extra_v2,dlk_reportabilidad_indicador_v2,dlk_reportabilidad_posicion_v2,dlk_reportabilidad_evaluacion,dlk_reportabilidad_competencia,dlk_reportabilidad_vacante_v1,dlk_reportabilidad_bono_v1,dlk_reportabilidad_traslado_v2,dlk_reportabilidad_meta,dlk_reportabilidad_centro_costo_v2,dlk_reportabilidad_postulante,dlk_reportabilidad_cargo_v2,dlk_reportabilidad_posicion_v1,m4bci_indicador_sap
dlk_riesgo_centro_costo;6;dlk_riesgo_brecha_v2,dlk_riesgo_competencia_v1,dlk_riesgo_alerta,dlk_riesgo_beca_v2,dlk_riesgo_postulante_v1,dlk_riesgo_colaborador_v2;12;bci_curso_1_sap,ppn_ingreso_sap,template_cargos_sap,std_lu_evaluacion_1_sap,ppn_traslado_1_sap,cci_beca_sap,bci_incidencia_sap,m4cci_contrato_sap,m4sco_cargo_2_sap,ppn_cargo_1_sap,std_lu_incidencia_sap,m4vw_hora_extra_sap
dlk_diversidad_meta;5;dlk_diversidad_competencia,dlk_diversidad_egreso,dlk_diversidad_convenio,dlk_diversidad_convenio_v1,dlk_seleccion_turno;4;m4sco_duties_sap,std_lu_jefatura_2_sap,std_hr_convenio_1_sap,template_vacante_1_sap
dlk_movilidad_beca;3;dlk_movilidad_egreso,dlk_movilidad_postulante,dlk_movilidad_convenio_v1;8;cci_ingreso_sap,template_evaluacion_1_sap,m4cci_ingreso_sap,ppn_hora_extra_sap,cci_colaborador_2_sap,ppn_centro_costo_1_sap,std_lu_incidencia_sap,m4bci_vacante_1_sap
dlk_capacitacion_vacante;3;dlk_capacitacion_convenio,dlk_capacitacion_region_v1,dlk_capacitacion_incidencia_v2;7;std_lu_ingreso_1_sap,panel_alertas_ssnn_sap,m4cci_region_sap,cci_contrato_1_sap,std_lu_antiguedad_sap,std_lu_jefatura_2_sap,cci_curso_1_sap
dlk_planta_evaluacion;6;dlk_planta_antiguedad_v2,dlk_planta_indicador,dlk_planta_hora_extra_v1,dlk_planta_posicion_v2,dlk_planta_meta,dlk_planta_beca;11;bci_alerta_1_sap,m4vw_evaluacion_1_sap,m4bci_traslado_sap,m4bci_colaborador_sap,template_licencia_1_sap,m4cci_unidad_sap,planta_completa_sap,m4sco_convenio_1_sap,cci_beca_sap,bci_unidad_1_sap,cci_ingreso_sap
gob_talento_curso_01;5;gob_talento_bono,gob_talento_egreso_v2,gob_talento_bono_v2,gob_talento_jefatura_v1,gob_talento_alerta;14;dlk_talento_region,dlk_talento_colaborador_v1,dlk_talento_beca_v1,dlk_talento_contrato_v2,dlk_talento_vacante_v2,dlk_talento_bono_v2,dlk_talento_cargo_v1,dlk_talento_competencia_v2,dlk_talento_antiguedad_v1,dlk_talento_brecha_v2,dlk_talento_beca_v2,dlk_talento_antiguedad_v2,dlk_talento_jefatura,m4cci_antiguedad_sap
dlk_desempeno_hora_extra;3;dlk_desempeno_jefatura_v2,dlk_desempeno_region_v2,dlk_desempeno_cargo;14;personales_sap,bci_colaborador_1_sap,m4sco_hora_extra_1_sap,planta_trabajo_sap,template_antiguedad_1_sap,m4sco_encuesta_1_sap,bci_bono_sap,cci_jefatura_1_sap,bci_competencia_1_sap,m4bci_posicion_1_sap,m4bci_incidencia_1_sap,cci_curso_1_sap,std_lu_centro_costo_1_sap,ppn_cargo_2_sap
dlk_formacion_ingreso;6;dlk_formacion_jefatura,dlk_formacion_convenio_v2,dlk_formacion_centro_costo,dlk_formacion_evaluacion,dlk_formacion_sucursal,dlk_formacion_cargo;9;std_lu_lang_level_sap,template_unidad_sap,socios_sap,bci_jefatura_1_sap,ppn_sucursal_sap,std_hr_indicador_sap,cci_vacante_sap,m4vw_licencia_sap,m4vw_turno_sap
gob_ausentismo_jefatura;7;gob_ausentismo_colaborador_v2,gob_ausentismo_region_v1,gob_ausentismo_colaborador,gob_ausentismo_contrato,gob_ausentismo_encuesta,gob_ausentismo_antiguedad,gob_ausentismo_jefatura_v1;11;dlk_ausentismo_evaluacion_v1,dlk_ausentismo_cargo,dlk_ausentismo_curso_v2,dlk_ausentismo_alerta,dlk_ausentismo_hora_extra_v1,dlk_ausentismo_unidad_v1,dlk_ausentismo_incidencia,dlk_ausentismo_jefatura_v2,dlk_ausentismo_encuesta_v1,dlk_ausentismo_vacante_v2,m4vw_turno_sap
dlk_nomina_brecha;4;dlk_nomina_contrato,dlk_nomina_curso_v2,dlk_nomina_posicion_v1,dlk_nomina_ingreso;11;std_hr_alerta_sap,bci_traslado_sap,bci_brecha_sap,cci_beca_sap,bci_cargo_2_sap,template_licencia_sap,m4vw_egreso_1_sap,m4vw_region_sap,m4cci_bono_1_sap,m4bci_indicador_sap,m4cci_contrato_sap
proc_seleccion_ingreso_01;6;proc_seleccion_region_v1,proc_seleccion_jefatura_v1,proc_seleccion_bono_v1,proc_seleccion_indicador_v1,proc_seleccion_antiguedad_v1,proc_seleccion_contrato_v1;14;gob_seleccion_traslado_v2,gob_seleccion_antiguedad_v1,gob_seleccion_posicion_v2,gob_seleccion_ingreso_v2,gob_seleccion_jefatura_v2,gob_seleccion_centro_costo_v2,gob_seleccion_bono_v1,gob_seleccion_licencia,gob_seleccion_region_v1,gob_seleccion_hora_extra_v1,gob_seleccion_contrato,gob_seleccion_egreso,gob_seleccion_ingreso_v1,gob_seleccion_vacante_v2
gob_beneficios_brecha;3;gob_beneficios_unidad_v2,gob_beneficios_unidad,gob_beneficios_antiguedad;11;dlk_beneficios_ingreso_v1,dlk_beneficios_antiguedad_v2,dlk_beneficios_egreso_v2,dlk_beneficios_alerta,dlk_beneficios_unidad_v1,dlk_beneficios_encuesta_v2,dlk_beneficios_egreso,dlk_beneficios_contrato,dlk_beneficios_contrato_v2,dlk_beneficios_brecha,m4cci_beca_sap
dlk_egresos_encuesta;6;dlk_egresos_postulante_v2,dlk_egresos_beca_v1,dlk_egresos_incidencia,dlk_egresos_encuesta_v2,dlk_egresos_posicion,dlk_egresos_traslado_v2;11;m4bci_indicador_sap,ppn_familia_cargo_sap,template_beca_1_sap,ppn_ingreso_sap,std_lu_edu_dip_lev_sap,std_lu_meta_1_sap,ppn_evaluacion_sap,m4sco_sucursal_1_sap,std_lu_centro_costo_1_sap,nomina_desempeno_2023_sap,cci_cargo_2_sap
dash_compensaciones_beca;1;dash_seleccion_incidencia_kpi;14;gob_compensaciones_cargo_v1,gob_compensaciones_brecha_v2,proc_compensaciones_incidencia,gob_compensaciones_postulante_v1,gob_compensaciones_region_v1,gob_compensaciones_alerta,gob_compensaciones_brecha_v1,proc_compensaciones_bono,gob_compensaciones_postulante_v2,gob_compensaciones_jefatura_v2,gob_compensaciones_indicador,proc_compensaciones_cargo_v1,gob_compensaciones_traslado_v2,gob_compensaciones_brecha
dlk_clima_ingreso;4;dlk_clima_antiguedad,dlk_clima_traslado,dlk_clima_centro_costo,dlk_clima_sucursal;14;bci_bono_sap,cci_beca_sap,ppn_colaborador_1_sap,m4cci_incidencia_1_sap,m4sco_encuesta_1_sap,std_lu_incidencia_sap,m4sco_turno_sap,m4sco_indicador_1_sap,m4bci_antiguedad_sap,std_hr_meta_sap,m4bci_incidencia_1_sap,template_licencia_sap,ppn_traslado_1_sap,m4cci_bono_1_sap
proc_reportabilidad_incidencia;2;proc_reportabilidad_region_v1,proc_reportabilidad_jefatura_v1;12;gob_reportabilidad_vacante_v1,gob_reportabilidad_ingreso_v2,gob_reportabilidad_egreso,gob_reportabilidad_antiguedad_v2,gob_reportabilidad_posicion,gob_reportabilidad_cargo,gob_reportabilidad_ingreso_v1,gob_reportabilidad_sucursal_v1,gob_reportabilidad_competencia,gob_reportabilidad_encuesta_v1,gob_reportabilidad_unidad_v1,gob_reportabilidad_encuesta
gob_riesgo_convenio;5;gob_riesgo_hora_extra_v2,gob_riesgo_contrato_v1,gob_riesgo_indicador_v2,gob_riesgo_indicador,gob_riesgo_alerta_v2;15;dlk_riesgo_brecha,dlk_riesgo_evaluacion_v2,dlk_riesgo_licencia_v1,dlk_riesgo_posicion_v1,dlk_riesgo_indicador_v1,dlk_riesgo_bono,dlk_riesgo_incidencia,dlk_riesgo_competencia_v1,dlk_riesgo_egreso_v1,dlk_riesgo_cargo_v2,dlk_riesgo_vacante_v2,dlk_riesgo_centro_costo_v1,dlk_riesgo_licencia,dlk_riesgo_postulante,cci_egreso_sap
dlk_diversidad_bono;5;dlk_diversidad_contrato,dlk_diversidad_brecha,dlk_diversidad_encuesta,dlk_diversidad_sucursal,dlk_diversidad_competencia_v2;8;ppn_traslado_1_sap,nomina_desempeno_2023_sap,std_lu_egreso_sap,std_lu_bono_1_sap,m4cci_ingreso_sap,m4vw_posicion_2_sap,m4sco_vacante_1_sap,m4sco_incidencia_sap
dlk_movilidad_indicador;5;dlk_movilidad_alerta_v2,dlk_movilidad_vacante_v1,dlk_movilidad_curso_v2,dlk_movilidad_vacante,dlk_movilidad_brecha;5;ppn_competencia_sap,m4bci_brecha_sap,bci_curso_1_sap,std_lu_encuesta_1_sap,cci_cargo_2_sap
dlk_capacitacion_vacante_01;6;dlk_capacitacion_region,dlk_capacitacion_unidad_v1,dlk_capacitacion_indicador_v1,dlk_capacitacion_incidencia_v1,dlk_capacitacion_region_v2,dlk_capacitacion_sucursal;14;std_lu_lang_level_sap,std_lu_colaborador_2_sap,std_hr_alerta_sap,planta_trabajo_sap,m4vw_hora_extra_sap,m4bci_licencia_1_sap,cci_beca_sap,m4cci_convenio_sap,cci_incidencia_1_sap,bci_bono_sap,m4cci_contrato_sap,bci_encuesta_sap,m4sco_bono_1_sap,m4cci_incidencia_1_sap
dlk_planta_brecha;6;dlk_planta_cargo_v2,dlk_planta_encuesta_v1,dlk_planta_cargo,dlk_planta_indicador_v2,dlk_planta_meta_v2,dlk_planta_postulante_v1;11;cci_beca_sap,cci_egreso_sap,std_lu_curso_sap,template_beca_sap,bci_alerta_sap,m4sco_duties_sap,template_turno_1_sap,m4bci_traslado_sap,m4sco_vacante_1_sap,std_hr_beca_sap,m4vw_egreso_sap
gob_talento_indicador_01;6;gob_talento_competencia_v2,gob_talento_contrato_v2,gob_talento_hora_extra_v1,gob_talento_beca_v1,gob_talento_postulante,gob_talento_turno_v1;15;dlk_talento_antiguedad_v1,dlk_talento_jefatura,dlk_talento_turno_v2,dlk_talento_beca_v1,dlk_talento_vacante_v2,dlk_talento_incidencia,dlk_talento_convenio_v2,dlk_talento_antiguedad,dlk_talento_cargo_v1,dlk_talento_unidad,dlk_talento_encuesta_v2,dlk_talento_contrato_v2,dlk_talento_beca_v2,dlk_talento_centro_costo_v2,m4sco_cargo_2_sap
dlk_desempeno_evaluacion_02;3;dlk_desempeno_brecha_v1,dlk_desempeno_indicador_v2,dlk_desempeno_bono_v2;14;template_colaborador_2_sap,bci_alerta_1_sap,std_hr_indicador_sap,m4vw_beca_sap,m4vw_personales_sap,m4sco_bono_1_sap,m4vw_centro_costo_1_sap,m4bci_licencia_sap,template_evaluacion_sap,nomina_desempeno_2023_sap,ppn_centro_costo_sap,std_lu_encuesta_1_sap,m4vw_competencia_sap,m4vw_posicion_2_sap
gob_formacion_sucursal_01;8;gob_formacion_indicador,gob_formacion_unidad,gob_formacion_centro_costo_v2,gob_formacion_competencia,gob_formacion_colaborador_v1,gob_formacion_curso_v1,gob_formacion_bono_v2,gob_formacion_bono_v1;15;dlk_formacion_brecha_v2,dlk_formacion_egreso_v1,dlk_formacion_licencia_v1,dlk_formacion_alerta_v2,dlk_formacion_ingreso,dlk_formacion_indicador,dlk_formacion_meta,dlk_formacion_incidencia,dlk_formacion_turno_v1,dlk_formacion_contrato,dlk_formacion_posicion_v2,dlk_formacion_colaborador,dlk_formacion_hora_extra_v2,dlk_formacion_turno_v2,cci_colaborador_2_sap
dlk_ausentismo_indicador_01;3;dlk_ausentismo_postulante_v2,dlk_ausentismo_encuesta,dlk_ausentismo_centro_costo_v2;13;std_lu_competencia_1_sap,m4sco_cargo_2_sap,std_lu_evaluacion_sap,cci_vacante_sap,m4sco_incidencia_1_sap,bci_bono_sap,cci_ingreso_sap,template_cargo_2_sap,m4cci_contrato_sap,ppn_ingreso_sap,ppn_hora_extra_sap,std_lu_edu_special_sap,m4bci_incidencia_1_sap
dlk_nomina_beca;3;dlk_nomina_meta,dlk_nomina_region,dlk_egresos_unidad_v2;5;template_postulante_1_sap,template_brecha_1_sap,m4bci_incidencia_sap,m4sco_sucursal_1_sap,m4vw_posicion_2_sap
dlk_seleccion_convenio_01;5;dlk_seleccion_unidad,dlk_seleccion_postulante_v1,dlk_seleccion_posicion,dlk_seleccion_meta,dlk_seleccion_unidad_v2;8;std_hr_alerta_sap,m4vw_region_sap,m4vw_posicion_2_sap,std_hr_competencia_sap,std_lu_brecha_1_sap,m4cci_bono_1_sap,template_cargo_1_sap,cci_egreso_sap
dlk_beneficios_ingreso;5;dlk_beneficios_postulante,dlk_beneficios_meta_v2,dlk_beneficios_evaluacion_v2,dlk_beneficios_beca_v2,dlk_beneficios_antiguedad_v1;13;m4sco_centro_costo_1_sap,m4cci_beca_sap,m4cci_ingreso_sap,std_lu_jefatura_2_sap,template_licencia_1_sap,m4sco_indicador_1_sap,cci_colaborador_2_sap,cci_egreso_1_sap,m4sco_incidencia_sap,bci_antiguedad_1_sap,m4sco_duties_sap,bci_encuesta_sap,m4bci_sucursal_sap
gob_egresos_incidencia;7;gob_egresos_brecha,gob_egresos_colaborador_v2,gob_egresos_encuesta_v2,gob_egresos_posicion,gob_egresos_traslado_v2,gob_egresos_licencia_v1,gob_egresos_contrato;12;dlk_egresos_incidencia_v1,dlk_egresos_hora_extra_v1,dlk_egresos_region_v1,dlk_egresos_jefatura_v2,dlk_egresos_curso_v2,dlk_egresos_competencia,dlk_egresos_brecha_v1,dlk_egresos_convenio,dlk_egresos_brecha,dlk_egresos_jefatura,m4vw_curso_1_sap,template_licencia_1_sap
gob_compensaciones_ingreso;6;gob_compensaciones_jefatura_v1,gob_compensaciones_contrato_v1,gob_compensaciones_bono,gob_compensaciones_egreso,gob_compensaciones_encuesta_v2,gob_compensaciones_vacante_v1;20;dlk_compensaciones_licencia_v2,dlk_compensaciones_jefatura_v1,dlk_compensaciones_cargo_v1,dlk_compensaciones_postulante_v2,dlk_compensaciones_traslado,dlk_compensaciones_region_v2,dlk_compensaciones_contrato_v1,dlk_compensaciones_hora_extra_v1,dlk_compensaciones_ingreso_v1,dlk_compensaciones_competencia,dlk_compensaciones_beca,dlk_compensaciones_licencia,dlk_compensaciones_ingreso_v2,dlk_compensaciones_encuesta_v1,dlk_compensaciones_colaborador,dlk_compensaciones_unidad_v2,dlk_compensaciones_evaluacion,dlk_compensaciones_antiguedad_v2,bci_competencia_1_sap,m4cci_contrato_sap
gob_clima_colaborador;3;gob_clima_ingreso,gob_clima_jefatura_v2,gob_clima_beca;12;dlk_clima_evaluacion,dlk_clima_beca,dlk_clima_competencia,dlk_clima_evaluacion_v2,dlk_clima_competencia_v1,dlk_clima_hora_extra,dlk_clima_ingreso_v1,dlk_clima_jefatura_v2,dlk_clima_colaborador_v2,dlk_clima_evaluacion_v1,m4bci_bono_1_sap,cci_vacante_1_sap
proc_reportabilidad_colaborador;3;proc_reportabilidad_traslado,proc_reportabilidad_indicador_v1,proc_reportabilidad_antiguedad;14;gob_reportabilidad_centro_costo,gob_reportabilidad_brecha,gob_reportabilidad_ingreso_v2,gob_reportabilidad_encuesta_v1,gob_reportabilidad_egreso,gob_reportabilidad_indicador,gob_reportabilidad_encuesta,gob_reportabilidad_traslado_v2,gob_reportabilidad_antiguedad_v2,gob_reportabilidad_competencia,gob_reportabilidad_curso_v1,gob_reportabilidad_cargo,gob_reportabilidad_ingreso_v1,gob_reportabilidad_vacante_v1
gob_riesgo_curso_01;7;gob_riesgo_unidad,gob_riesgo_egreso_v2,gob_riesgo_licencia,gob_riesgo_antiguedad,gob_riesgo_postulante_v2,gob_riesgo_bono_v2,gob_riesgo_licencia_v1;14;dlk_riesgo_indicador_v1,dlk_riesgo_cargo,dlk_riesgo_vacante_v2,dlk_riesgo_curso_v2,dlk_riesgo_competencia,dlk_riesgo_centro_costo_v1,dlk_riesgo_antiguedad,dlk_riesgo_cargo_v2,dlk_riesgo_ingreso_v2,dlk_riesgo_evaluacion_v2,dlk_riesgo_licencia_v1,dlk_riesgo_postulante,ppn_hora_extra_sap,m4cci_competencia_sap
gob_diversidad_cargo_01;3;gob_diversidad_competencia_v1,gob_diversidad_postulante_v1,gob_diversidad_evaluacion_v2;17;dlk_diversidad_encuesta,dlk_diversidad_region,dlk_diversidad_contrato_v1,dlk_diversidad_licencia,dlk_diversidad_hora_extra,dlk_diversidad_sucursal_v2,dlk_diversidad_traslado,dlk_diversidad_bono,dlk_diversidad_cargo,dlk_diversidad_unidad_v2,dlk_diversidad_alerta_v2,dlk_diversidad_region_v1,dlk_diversidad_bono_v1,dlk_diversidad_traslado_v2,dlk_diversidad_convenio_v1,dlk_diversidad_encuesta_v2,template_cargo_1_sap
dlk_movilidad_egreso;4;dlk_movilidad_beca_v2,dlk_movilidad_cargo_v1,dlk_movilidad_traslado_v1,dlk_movilidad_cargo_v2;12;m4cci_bono_1_sap,bci_indicador_sap,bci_encuesta_sap,m4bci_bono_1_sap,m4bci_alerta_sap,bci_curso_1_sap,m4cci_incidencia_sap,template_cargo_2_sap,bci_traslado_sap,std_lu_competencia_1_sap,planta_trabajo_sap,m4sco_egreso_1_sap
proc_capacitacion_unidad;2;proc_capacitacion_unidad_v1,proc_capacitacion_centro_costo_v1;11;gob_capacitacion_unidad_v1,gob_capacitacion_licencia,gob_capacitacion_convenio,gob_capacitacion_antiguedad_v2,gob_capacitacion_centro_costo_v2,gob_capacitacion_licencia_v1,gob_capacitacion_hora_extra_v2,gob_capacitacion_vacante_v1,gob_capacitacion_jefatura_v1,gob_capacitacion_beca,gob_capacitacion_antiguedad
dash_planta_traslado;1;dash_ausentismo_incidencia_kpi;10;gob_planta_brecha_v1,gob_planta_incidencia_v1,proc_planta_licencia_v1,gob_planta_hora_extra_v2,proc_planta_convenio_v1,gob_planta_postulante,gob_planta_antiguedad,gob_planta_incidencia_v2,gob_planta_jefatura_v2,template_vacante_1_sap
dlk_talento_vacante;5;dlk_talento_ingreso,dlk_talento_alerta_v1,dlk_talento_indicador_v1,dlk_talento_turno_v1,dlk_talento_ingreso_v1;11;ppn_duty_sap,m4sco_bono_1_sap,template_antiguedad_1_sap,template_licencia_1_sap,m4bci_sucursal_sap,m4vw_unidad_sap,template_cargo_1_sap,m4sco_turno_sap,std_lu_jefatura_2_sap,ppn_sucursal_1_sap,m4bci_incidencia_sap
dlk_desempeno_indicador;3;dlk_desempeno_sucursal_v1,dlk_desempeno_traslado_v2,dlk_desempeno_evaluacion_v2;4;template_cargo_2_sap,m4vw_egreso_sap,bci_sucursal_sap,ppn_ingreso_sap
gob_formacion_indicador;6;gob_formacion_hora_extra_v2,gob_formacion_colaborador,gob_formacion_licencia_v2,gob_formacion_alerta_v2,gob_formacion_posicion_v2,gob_formacion_competencia_v1;17;dlk_formacion_ingreso,dlk_formacion_brecha_v2,dlk_formacion_hora_extra_v2,dlk_formacion_meta,dlk_formacion_region_v2,dlk_formacion_contrato,dlk_formacion_egreso_v1,dlk_formacion_incidencia,dlk_formacion_licencia_v1,dlk_formacion_vacante_v1,dlk_formacion_traslado_v2,dlk_formacion_traslado,dlk_formacion_alerta_v2,dlk_formacion_jefatura_v2,dlk_formacion_colaborador,ppn_evaluacion_sap,std_lu_incidencia_sap
dlk_ausentismo_convenio;5;dlk_ausentismo_vacante_v1,dlk_ausentismo_ingreso,dlk_ausentismo_antiguedad_v1,dlk_ausentismo_turno_v1,dlk_ausentismo_turno;9;template_curso_1_sap,m4vw_hora_extra_sap,m4vw_postulante_1_sap,std_lu_incidencia_sap,ppn_evaluacion_sap,cci_licencia_sap,template_licencia_1_sap,bci_bono_sap,m4vw_egreso_sap
dlk_nomina_turno_01;5;dlk_nomina_unidad,dlk_nomina_convenio_v1,dlk_nomina_alerta_v2,dlk_nomina_licencia_v2,dlk_nomina_unidad_v1;7;m4sco_centro_costo_1_sap,m4vw_vacante_1_sap,m4sco_unidad_1_sap,std_lu_contrato_sap,m4vw_jefatura_sap,std_lu_ingreso_sap,m4bci_incidencia_sap
dash_seleccion_colaborador;1;dash_planta_colaborador_kpi;18;gob_seleccion_hora_extra_v1,gob_seleccion_postulante_v1,gob_seleccion_vacante_v1,gob_seleccion_traslado_v2,gob_seleccion_posicion_v2,gob_seleccion_jefatura_v2,proc_seleccion_meta,gob_seleccion_vacante_v2,gob_seleccion_antiguedad_v1,gob_seleccion_brecha_v2,gob_seleccion_ingreso_v1,proc_seleccion_licencia_v1,gob_seleccion_egreso,gob_seleccion_contrato,proc_seleccion_egreso_v1,gob_seleccion_ingreso_v2,proc_seleccion_sucursal_v1,proc_seleccion_curso_v1
dlk_beneficios_curso;6;dlk_beneficios_indicador_v1,dlk_beneficios_hora_extra_v2,dlk_beneficios_colaborador_v2,dlk_beneficios_indicador,dlk_beneficios_incidencia,dlk_beneficios_bono_v1;14;m4cci_ingreso_sap,ppn_cargo_1_sap,personales_sap,cci_evaluacion_1_sap,bci_cargo_2_sap,m4vw_vacante_sap,m4bci_sucursal_sap,cci_vacante_1_sap,m4sco_turno_sap,std_lu_incidencia_sap,cat_desempeno_2023_sap,bci_encuesta_sap,std_hr_centro_costo_1_sap,ppn_incidencia_sap
gob_egresos_unidad;6;gob_egresos_competencia_v2,gob_egresos_region,gob_egresos_evaluacion,gob_egresos_antiguedad,gob_egresos_colaborador_v1,gob_egresos_hora_extra_v2;15;dlk_egresos_alerta,dlk_egresos_hora_extra_v1,dlk_egresos_ingreso_v1,dlk_egresos_bono_v1,dlk_egresos_jefatura_v2,dlk_egresos_convenio,dlk_egresos_encuesta_v1,dlk_egresos_alerta_v1,dlk_egresos_indicador_v2,dlk_egresos_competencia,dlk_egresos_colaborador_v1,dlk_egresos_vacante_v2,dlk_egresos_jefatura,std_hr_indicador_sap,m4bci_hora_extra_sap
proc_compensaciones_posicion;2;proc_compensaciones_antiguedad,proc_compensaciones_beca;14;gob_compensaciones_beca_v2,gob_compensaciones_contrato_v1,gob_compensaciones_traslado,gob_compensaciones_brecha_v1,gob_compensaciones_turno,gob_compensaciones_alerta,gob_compensaciones_postulante_v1,gob_compensaciones_antiguedad_v1,gob_compensaciones_indicador_v1,gob_compensaciones_brecha_v2,gob_compensaciones_traslado_v2,gob_compensaciones_region,gob_compensaciones_posicion_v1,gob_compensaciones_cargo_v1
gob_clima_licencia;5;gob_clima_alerta,gob_clima_alerta_v2,gob_clima_hora_extra,gob_clima_vacante_v2,gob_clima_posicion_v2;10;dlk_clima_evaluacion_v1,dlk_clima_evaluacion,dlk_clima_ingreso_v2,dlk_clima_competencia_v1,dlk_clima_encuesta_v1,dlk_clima_beca,dlk_clima_competencia,dlk_clima_ingreso_v1,nomina_desempeno_2023_sap,m4vw_jerarquia_uo_sap
proc_reportabilidad_contrato;5;proc_reportabilidad_sucursal,proc_reportabilidad_incidencia,proc_reportabilidad_cargo,proc_reportabilidad_alerta,proc_reportabilidad_egreso_v1;16;gob_reportabilidad_antiguedad_v2,gob_reportabilidad_competencia,gob_reportabilidad_ingreso_v2,gob_reportabilidad_traslado_v2,gob_reportabilidad_encuesta_v1,gob_reportabilidad_vacante_v1,gob_reportabilidad_cargo,gob_reportabilidad_indicador,gob_reportabilidad_region,gob_reportabilidad_centro_costo,gob_reportabilidad_egreso,gob_reportabilidad_ingreso_v1,gob_reportabilidad_encuesta,gob_reportabilidad_curso_v1,gob_reportabilidad_colaborador_v1,gob_reportabilidad_cargo_v1
gob_riesgo_vacante;4;gob_riesgo_jefatura_v1,gob_riesgo_vacante_v1,gob_riesgo_traslado_v1,gob_riesgo_turno_v2;15;dlk_riesgo_evaluacion_v1,dlk_riesgo_postulante,dlk_riesgo_bono,dlk_riesgo_indicador_v1,dlk_riesgo_licencia_v1,dlk_riesgo_evaluacion_v2,dlk_riesgo_licencia,dlk_riesgo_vacante_v2,dlk_riesgo_cargo_v2,dlk_riesgo_traslado,dlk_riesgo_cargo,dlk_riesgo_antiguedad,dlk_riesgo_competencia,dlk_riesgo_ingreso_v2,std_lu_brecha_1_sap
dlk_diversidad_evaluacion;2;dlk_diversidad_region_v2,dlk_diversidad_egreso_v2;5;std_lu_encuesta_1_sap,std_hr_alerta_sap,cci_colaborador_2_sap,m4bci_competencia_sap,cci_antiguedad_sap
gob_movilidad_encuesta_01;4;gob_movilidad_unidad_v1,gob_movilidad_region,gob_movilidad_competencia,gob_movilidad_turno;13;dlk_movilidad_meta_v1,dlk_movilidad_sucursal,dlk_movilidad_licencia,dlk_movilidad_antiguedad,dlk_movilidad_alerta_v1,dlk_movilidad_bono,dlk_movilidad_licencia_v1,dlk_movilidad_antiguedad_v1,dlk_movilidad_hora_extra_v1,dlk_movilidad_convenio,dlk_movilidad_incidencia,dlk_movilidad_postulante_v1,std_lu_edu_special_sap
dlk_capacitacion_bono;3;dlk_capacitacion_egreso_v2,dlk_capacitacion_traslado_v1,dlk_capacitacion_contrato_v1;13;m4sco_indicador_1_sap,ppn_colaborador_1_sap,m4sco_region_1_sap,std_hr_meta_sap,std_lu_jefatura_2_sap,m4sco_duties_sap,ppn_traslado_1_sap,cci_postulante_sap,template_licencia_sap,m4sco_turno_sap,std_lu_lang_level_sap,m4vw_hora_extra_sap,std_hr_convenio_1_sap
dlk_planta_meta_01;3;dlk_planta_vacante,dlk_planta_jefatura_v2,dlk_planta_ingreso_v1;13;m4bci_vacante_1_sap,template_licencia_1_sap,m4bci_cargo_2_sap,m4cci_ingreso_sap,cci_incidencia_1_sap,m4cci_competencia_sap,std_lu_incidencia_sap,m4bci_incidencia_1_sap,bci_antiguedad_1_sap,std_hr_beca_sap,template_vacante_1_sap,std_lu_hora_extra_1_sap,std_hr_licencia_sap
gob_talento_cargo;4;gob_talento_convenio_v1,gob_talento_sucursal_v1,gob_talento_hora_extra,gob_talento_colaborador;12;dlk_talento_curso_v2,dlk_talento_jefatura,dlk_talento_ingreso_v2,dlk_talento_contrato_v2,dlk_talento_beca_v2,dlk_talento_encuesta,dlk_talento_postulante_v1,dlk_talento_convenio_v2,dlk_talento_brecha_v2,dlk_talento_colaborador_v1,dlk_talento_centro_costo_v2,bci_licencia_sap
dash_desempeno_unidad;1;dash_capacitacion_cargo_kpi;9;gob_desempeno_bono,gob_desempeno_convenio_v1,gob_desempeno_centro_costo,gob_desempeno_competencia_v2,gob_desempeno_traslado,gob_desempeno_curso_v2,gob_desempeno_region,gob_desempeno_brecha_v1,gob_desempeno_jefatura_v2
proc_formacion_region;5;proc_formacion_convenio_v1,proc_formacion_colaborador,proc_formacion_cargo_v1,proc_formacion_contrato_v1,proc_formacion_curso_v1;7;gob_formacion_curso,gob_formacion_convenio_v1,gob_formacion_egreso,gob_formacion_hora_extra_v1,gob_formacion_licencia_v1,gob_formacion_jefatura_v2,gob_formacion_sucursal_v1
proc_ausentismo_hora_extra;3;proc_ausentismo_traslado_v1,proc_ausentismo_egreso,proc_ausentismo_indicador_v1;11;gob_ausentismo_hora_extra,gob_ausentismo_incidencia_v2,gob_ausentismo_sucursal_v1,gob_ausentismo_cargo_v2,gob_ausentismo_hora_extra_v2,gob_ausentismo_beca_v2,gob_ausentismo_encuesta_v1,gob_ausentismo_centro_costo,gob_ausentismo_egreso_v2,gob_ausentismo_turno,gob_ausentismo_centro_costo_v2
gob_nomina_vacante;4;gob_nomina_encuesta_v1,gob_nomina_meta,gob_nomina_ingreso_v2,gob_nomina_traslado_v2;20;dlk_nomina_incidencia_v2,dlk_nomina_brecha_v1,dlk_nomina_postulante_v2,dlk_nomina_curso,dlk_nomina_vacante_v1,dlk_nomina_egreso,dlk_nomina_hora_extra_v2,dlk_nomina_beca,dlk_nomina_centro_costo_v1,dlk_nomina_posicion_v1,dlk_nomina_convenio,dlk_nomina_colaborador_v1,dlk_nomina_turno_v1,dlk_nomina_egreso_v1,dlk_nomina_encuesta_v2,dlk_nomina_hora_extra,dlk_nomina_ingreso_v2,dlk_nomina_sucursal,m4vw_jef_directos_sap,m4cci_beca_sap
dlk_seleccion_alerta_01;3;dlk_seleccion_postulante_v2,dlk_seleccion_encuesta_v2,dlk_seleccion_bono_v2;5;std_lu_meta_1_sap,cci_incidencia_1_sap,std_hr_colaborador_2_sap,m4sco_bono_1_sap,std_lu_incidencia_sap
dlk_beneficios_curso_01;2;dlk_beneficios_bono,dlk_beneficios_contrato_v1;14;cci_egreso_sap,m4sco_jefatura_1_sap,std_lu_curso_sap,cci_incidencia_1_sap,std_hr_licencia_sap,m4sco_sucursal_1_sap,m4vw_personales_sap,m4cci_unidad_1_sap,m4sco_bono_1_sap,m4vw_hora_extra_sap,m4bci_cargo_2_sap,bci_bono_sap,m4cci_unidad_sap,m4vw_traslado_1_sap
dlk_egresos_sucursal_01;6;dlk_egresos_egreso_v1,dlk_egresos_posicion_v2,dlk_egresos_bono_v2,dlk_egresos_vacante,dlk_egresos_curso,dlk_egresos_beca;10;template_convenio_sap,m4cci_bono_1_sap,cci_convenio_sap,m4vw_unidad_sap,m4cci_convenio_1_sap,bci_incidencia_1_sap,std_lu_jefatura_2_sap,m4sco_posicion_2_sap,std_hr_colaborador_2_sap,template_turno_1_sap
gob_compensaciones_encuesta;5;gob_compensaciones_evaluacion_v1,gob_compensaciones_sucursal_v2,gob_compensaciones_licencia_v2,gob_compensaciones_colaborador_v1,gob_compensaciones_turno_v1;10;dlk_compensaciones_antiguedad_v2,dlk_compensaciones_vacante_v2,dlk_compensaciones_hora_extra_v1,dlk_compensaciones_egreso_v1,dlk_compensaciones_licencia_v2,dlk_compensaciones_cargo_v1,dlk_compensaciones_contrato_v1,dlk_compensaciones_traslado,dlk_compensaciones_beca,cci_egreso_sap
proc_clima_beca;2;proc_clima_beca,proc_clima_posicion_v1;10;gob_clima_centro_costo_v1,gob_clima_convenio_v1,gob_clima_licencia_v2,gob_clima_curso_v2,gob_clima_meta,gob_clima_antiguedad_v2,gob_clima_beca_v1,gob_clima_licencia,gob_clima_convenio_v2,gob_clima_curso_v1
dlk_reportabilidad_antiguedad;6;dlk_reportabilidad_turno_v1,dlk_reportabilidad_jefatura,dlk_reportabilidad_encuesta_v1,dlk_reportabilidad_evaluacion_v1,dlk_reportabilidad_licencia_v2,dlk_reportabilidad_traslado;7;ppn_encuesta_sap,template_evaluacion_1_sap,m4vw_posicion_2_sap,bci_encuesta_sap,ppn_traslado_1_sap,std_lu_edu_diploma_sap,std_hr_jefatura_2_sap
dlk_riesgo_region_01;4;dlk_riesgo_competencia_v2,dlk_riesgo_centro_costo_v2,dlk_riesgo_turno_v2,dlk_riesgo_curso;11;m4cci_centro_costo_sap,std_lu_job_sector_sap,bci_colaborador_1_sap,m4bci_cargo_2_sap,bci_bono_sap,m4sco_postulante_sap,m4bci_colaborador_sap,m4cci_ingreso_sap,cci_centro_costo_sap,m4vw_unidad_sap,template_cargo_2_sap
gob_diversidad_vacante;7;gob_diversidad_evaluacion,gob_diversidad_vacante_v1,gob_diversidad_jefatura_v2,gob_diversidad_egreso,gob_diversidad_beca,gob_diversidad_egreso_v1,gob_diversidad_meta_v2;23;dlk_diversidad_contrato_v1,dlk_diversidad_traslado_v2,dlk_diversidad_bono_v1,dlk_diversidad_bono,dlk_diversidad_hora_extra,dlk_diversidad_unidad_v2,dlk_diversidad_alerta_v2,dlk_diversidad_sucursal_v1,dlk_diversidad_turno,dlk_diversidad_evaluacion,dlk_diversidad_bono_v2,dlk_diversidad_cargo,dlk_diversidad_vacante_v1,dlk_diversidad_region,dlk_diversidad_competencia_v2,dlk_diversidad_encuesta_v2,dlk_diversidad_meta_v1,dlk_diversidad_antiguedad,dlk_diversidad_sucursal,dlk_diversidad_region_v1,dlk_diversidad_region_v2,dlk_diversidad_alerta,m4bci_indicador_sap
proc_movilidad_licencia;5;proc_movilidad_region_v1,proc_movilidad_traslado_v1,proc_movilidad_antiguedad,proc_movilidad_cargo_v1,proc_movilidad_posicion_v1;18;gob_movilidad_vacante,gob_movilidad_colaborador_v2,gob_movilidad_traslado_v2,gob_movilidad_antiguedad,gob_movilidad_contrato,gob_movilidad_indicador_v1,gob_movilidad_contrato_v2,gob_movilidad_indicador_v2,gob_movilidad_curso_v2,gob_movilidad_antiguedad_v1,gob_movilidad_egreso_v1,gob_movilidad_unidad,gob_movilidad_incidencia_v2,gob_movilidad_sucursal,gob_movilidad_centro_costo_v2,gob_movilidad_jefatura,gob_movilidad_unidad_v2,gob_movilidad_alerta_v2
proc_capacitacion_competencia;5;proc_capacitacion_beca,proc_capacitacion_alerta,proc_capacitacion_turno_v1,proc_capacitacion_posicion_v1,proc_capacitacion_competencia_v1;14;gob_capacitacion_egreso,gob_capacitacion_competencia_v2,gob_capacitacion_licencia_v1,gob_capacitacion_turno,gob_capacitacion_convenio,gob_capacitacion_posicion_v1,gob_capacitacion_turno_v2,gob_capacitacion_centro_costo_v2,gob_capacitacion_antiguedad,gob_capacitacion_bono_v1,gob_capacitacion_antiguedad_v2,gob_capacitacion_indicador_v1,gob_capacitacion_ingreso_v2,gob_capacitacion_egreso_v1
gob_planta_convenio;6;gob_planta_incidencia,gob_planta_colaborador,gob_planta_jefatura,gob_planta_colaborador_v2,gob_planta_egreso_v1,gob_planta_contrato_v2;9;dlk_planta_incidencia_v2,dlk_planta_brecha,dlk_planta_region_v2,dlk_planta_bono_v2,dlk_planta_unidad_v1,dlk_planta_brecha_v1,dlk_planta_sucursal_v2,dlk_planta_turno,cci_incidencia_1_sap
dlk_talento_unidad;5;dlk_talento_colaborador,dlk_talento_colaborador_v2,dlk_talento_region_v1,dlk_talento_alerta_v2,dlk_talento_turno;7;template_region_1_sap,template_licencia_sap,m4sco_convenio_1_sap,ppn_ingreso_sap,m4sco_duties_sap,cci_indicador_sap,m4bci_sucursal_sap
gob_desempeno_egreso;7;gob_desempeno_postulante_v1,gob_desempeno_evaluacion_v1,gob_desempeno_traslado_v1,gob_desempeno_bono_v1,gob_desempeno_sucursal_v2,gob_desempeno_indicador,gob_desempeno_meta;20;dlk_desempeno_colaborador_v1,dlk_desempeno_encuesta_v2,dlk_desempeno_unidad,dlk_desempeno_incidencia_v1,dlk_desempeno_traslado,dlk_desempeno_colaborador_v2,dlk_desempeno_contrato,dlk_desempeno_jefatura,dlk_desempeno_bono,dlk_desempeno_licencia_v1,dlk_desempeno_sucursal,dlk_desempeno_region,dlk_desempeno_centro_costo_v2,dlk_desempeno_ingreso,dlk_desempeno_indicador_v2,dlk_desempeno_convenio_v1,dlk_desempeno_postulante,dlk_desempeno_cargo_v1,dlk_desempeno_colaborador,ppn_cargo_1_sap
gob_formacion_convenio;4;gob_formacion_posicion,gob_formacion_posicion_v1,gob_formacion_ingreso_v1,gob_formacion_region_v1;17;dlk_formacion_contrato,dlk_formacion_egreso_v1,dlk_formacion_alerta_v2,dlk_formacion_colaborador,dlk_formacion_licencia_v1,dlk_formacion_turno_v2,dlk_formacion_posicion_v2,dlk_formacion_indicador,dlk_formacion_region_v2,dlk_formacion_ingreso,dlk_formacion_vacante_v1,dlk_formacion_incidencia,dlk_formacion_curso_v1,dlk_formacion_sucursal_v2,dlk_formacion_traslado_v2,dlk_formacion_convenio,std_lu_encuesta_1_sap
dlk_ausentismo_contrato;4;dlk_ausentismo_alerta_v1,dlk_ausentismo_postulante_v1,dlk_ausentismo_bono_v1,dlk_ausentismo_beca_v2;13;m4sco_duties_sap,cci_colaborador_2_sap,m4sco_convenio_1_sap,std_hr_convenio_1_sap,bci_sucursal_sap,cci_incidencia_1_sap,m4cci_jefatura_1_sap,m4bci_meta_sap,ppn_encuesta_sap,cci_cargo_2_sap,template_cargo_1_sap,std_lu_incid_type_sap,m4cci_competencia_sap
proc_nomina_cargo;6;proc_nomina_colaborador_v1,proc_nomina_centro_costo_v1,proc_nomina_convenio_v1,proc_nomina_sucursal_v1,proc_nomina_hora_extra,proc_nomina_posicion_v1;8;gob_nomina_colaborador_v2,gob_nomina_ingreso_v1,gob_nomina_contrato,gob_nomina_egreso_v1,gob_nomina_convenio,gob_nomina_egreso_v2,gob_nomina_curso_v1,gob_nomina_jefatura
gob_seleccion_contrato;5;gob_seleccion_centro_costo,gob_seleccion_licencia_v2,gob_seleccion_colaborador_v1,gob_seleccion_alerta,gob_seleccion_contrato_v2;24;dlk_seleccion_encuesta,dlk_seleccion_evaluacion,dlk_seleccion_convenio_v2,dlk_seleccion_antiguedad,dlk_seleccion_jefatura_v2,dlk_seleccion_ingreso_v2,dlk_seleccion_beca_v2,dlk_seleccion_cargo_v2,dlk_seleccion_turno_v1,dlk_seleccion_traslado_v2,dlk_seleccion_vacante_v2,dlk_seleccion_sucursal_v1,dlk_seleccion_convenio,dlk_seleccion_turno,dlk_seleccion_cargo,dlk_seleccion_traslado,dlk_seleccion_antiguedad_v2,dlk_seleccion_jefatura,dlk_seleccion_beca,dlk_seleccion_licencia_v1,dlk_seleccion_ingreso_v1,dlk_seleccion_unidad,dlk_seleccion_colaborador_v1,m4cci_sucursal_sap
gob_beneficios_cargo;4;gob_beneficios_hora_extra_v1,gob_beneficios_contrato,gob_beneficios_hora_extra_v2,gob_beneficios_bono;13;dlk_beneficios_encuesta_v2,dlk_beneficios_contrato,dlk_beneficios_posicion_v2,dlk_beneficios_egreso_v2,dlk_beneficios_alerta,dlk_beneficios_region,dlk_beneficios_alerta_v2,dlk_beneficios_incidencia,dlk_beneficios_indicador_v2,dlk_beneficios_contrato_v2,dlk_beneficios_brecha,dlk_beneficios_posicion,ppn_familia_cargo_sap
gob_egresos_ingreso;7;gob_egresos_ingreso_v1,gob_egresos_egreso,gob_egresos_cargo,gob_egresos_unidad_v2,gob_egresos_convenio,gob_egresos_vacante,gob_egresos_meta;16;dlk_egresos_posicion_v1,dlk_egresos_competencia,dlk_egresos_alerta_v1,dlk_egresos_incidencia_v1,dlk_egresos_vacante_v2,dlk_egresos_alerta,dlk_egresos_jefatura_v2,dlk_egresos_posicion,dlk_egresos_colaborador_v1,dlk_egresos_jefatura,dlk_egresos_indicador_v2,dlk_egresos_region_v1,dlk_egresos_encuesta_v1,dlk_egresos_convenio,dlk_egresos_licencia,m4vw_beca_sap
dash_compensaciones_antiguedad;1;dash_egresos_evaluacion_kpi;21;proc_compensaciones_evaluacion,gob_compensaciones_alerta,gob_compensaciones_region_v1,gob_compensaciones_posicion_v1,gob_compensaciones_antiguedad_v1,gob_compensaciones_postulante_v1,gob_compensaciones_cargo_v1,gob_compensaciones_egreso_v2,gob_compensaciones_brecha_v2,gob_compensaciones_jefatura_v2,gob_compensaciones_contrato,gob_compensaciones_traslado,proc_compensaciones_bono,gob_compensaciones_evaluacion_v2,gob_compensaciones_traslado_v2,gob_compensaciones_brecha_v1,gob_compensaciones_egreso,proc_compensaciones_incidencia,gob_compensaciones_encuesta,gob_compensaciones_indicador,gob_compensaciones_beca_v2
gob_clima_traslado;5;gob_clima_contrato_v2,gob_clima_sucursal_v1,gob_clima_evaluacion_v1,gob_clima_encuesta,gob_clima_cargo_v1;10;dlk_clima_ingreso_v1,dlk_clima_evaluacion,dlk_clima_beca_v2,dlk_clima_beca,dlk_clima_meta,dlk_clima_unidad,dlk_clima_evaluacion_v2,dlk_clima_competencia,dlk_clima_hora_extra_v1,m4sco_posicion_1_sap
gob_reportabilidad_incidencia;6;gob_reportabilidad_convenio_v2,gob_reportabilidad_vacante,gob_reportabilidad_alerta_v2,gob_reportabilidad_postulante_v2,gob_reportabilidad_centro_costo_v2,gob_reportabilidad_cargo_v2;24;dlk_reportabilidad_jefatura_v1,dlk_reportabilidad_antiguedad_v1,dlk_reportabilidad_meta,dlk_reportabilidad_posicion_v1,dlk_reportabilidad_posicion_v2,dlk_reportabilidad_competencia_v1,dlk_reportabilidad_traslado,dlk_reportabilidad_bono_v1,dlk_reportabilidad_competencia,dlk_reportabilidad_indicador_v2,dlk_reportabilidad_incidencia_v2,dlk_reportabilidad_curso,dlk_reportabilidad_evaluacion,dlk_reportabilidad_cargo_v1,dlk_reportabilidad_convenio,dlk_reportabilidad_centro_costo_v2,dlk_reportabilidad_alerta_v1,dlk_reportabilidad_antiguedad,dlk_reportabilidad_hora_extra_v2,dlk_reportabilidad_vacante,dlk_reportabilidad_cargo_v2,dlk_reportabilidad_unidad,dlk_reportabilidad_encuesta,ppn_meta_1_sap
dlk_riesgo_egreso_01;4;dlk_riesgo_contrato_v1,dlk_riesgo_turno,dlk_riesgo_colaborador,dlk_riesgo_centro_costo;12;ppn_sucursal_1_sap,std_lu_job_sector_sap,ppn_traslado_1_sap,std_lu_contrato_sap,m4sco_incidencia_1_sap,template_antiguedad_1_sap,bci_incidencia_sap,m4sco_incidencia_sap,m4sco_duties_sap,m4sco_egreso_sap,cat_desempeno_2023_sap,template_cargo_1_sap
gob_diversidad_traslado;3;gob_diversidad_convenio_v1,gob_diversidad_region_v1,gob_diversidad_ingreso_v1;17;dlk_diversidad_alerta,dlk_diversidad_bono,dlk_diversidad_alerta_v1,dlk_diversidad_vacante_v2,dlk_diversidad_convenio_v1,dlk_diversidad_contrato_v1,dlk_diversidad_competencia_v1,dlk_diversidad_unidad_v2,dlk_diversidad_jefatura_v1,dlk_diversidad_hora_extra,dlk_diversidad_traslado,dlk_diversidad_colaborador_v2,dlk_diversidad_contrato,dlk_diversidad_traslado_v2,dlk_diversidad_alerta_v2,dlk_diversidad_meta_v1,cci_vacante_1_sap
proc_movilidad_alerta_01;2;proc_movilidad_alerta_v1,proc_movilidad_cargo;6;gob_movilidad_turno,gob_movilidad_vacante,gob_movilidad_alerta_v2,gob_movilidad_indicador_v2,gob_movilidad_egreso_v1,gob_movilidad_traslado_v2
gob_capacitacion_beca;7;gob_capacitacion_indicador_v2,gob_capacitacion_beca_v2,gob_capacitacion_bono,gob_capacitacion_centro_costo_v1,gob_capacitacion_cargo,gob_capacitacion_posicion,gob_capacitacion_postulante_v1;20;dlk_capacitacion_meta,dlk_capacitacion_vacante_v2,dlk_capacitacion_curso,dlk_capacitacion_region_v1,dlk_capacitacion_indicador,dlk_capacitacion_vacante_v1,dlk_capacitacion_colaborador,dlk_capacitacion_unidad_v1,dlk_capacitacion_encuesta_v2,dlk_capacitacion_jefatura_v1,dlk_capacitacion_vacante,dlk_capacitacion_postulante_v1,dlk_capacitacion_meta_v2,dlk_capacitacion_cargo,dlk_capacitacion_postulante,dlk_capacitacion_unidad_v2,dlk_capacitacion_curso_v2,dlk_capacitacion_incidencia_v1,dlk_capacitacion_bono,m4sco_indicador_1_sap
proc_planta_cargo;5;proc_planta_alerta,proc_planta_brecha,proc_planta_egreso_v1,proc_planta_contrato,proc_planta_ingreso_v1;8;gob_planta_region_v2,gob_planta_hora_extra_v2,gob_planta_unidad,gob_planta_competencia_v1,gob_planta_egreso,gob_planta_egreso_v2,gob_planta_bono_v2,gob_planta_antiguedad_v2
dlk_talento_evaluacion;2;dlk_talento_sucursal_v2,dlk_talento_alerta;9;std_lu_jefatura_2_sap,cci_egreso_sap,personales_sap,m4sco_unidad_1_sap,m4vw_posicion_2_sap,m4bci_brecha_sap,cci_brecha_sap,ppn_traslado_1_sap,bci_posicion_2_sap
dlk_desempeno_jefatura;6;dlk_desempeno_egreso,dlk_desempeno_incidencia,dlk_desempeno_posicion_v1,dlk_desempeno_encuesta,dlk_desempeno_competencia_v1,dlk_desempeno_alerta;10;m4cci_ingreso_sap,std_hr_indicador_sap,ppn_brecha_sap,ppn_traslado_1_sap,m4sco_duties_sap,m4vw_egreso_sap,cci_beca_sap,m4bci_postulante_sap,std_lu_contrato_sap,std_hr_licencia_sap
dlk_formacion_centro_costo;2;dlk_formacion_competencia_v2,dlk_formacion_meta_v1;13;std_lu_hora_extra_1_sap,std_lu_curso_sap,cci_cargo_sap,std_hr_competencia_1_sap,cci_colaborador_2_sap,std_hr_jefatura_2_sap,m4sco_beca_sap,bci_alerta_1_sap,m4cci_incidencia_sap,m4bci_cargo_2_sap,bci_brecha_sap,std_lu_jefatura_2_sap,m4bci_antiguedad_sap
