DAG;NumTablasAlimenta;TablasAlimenta;NumTablasAlimentan;TablasAlimentan
dlk_proceso_0000;6;dlk_tbl_01554,gob_tbl_00640,gob_tbl_02402,proc_tbl_02284,proc_tbl_00643,gob_tbl_00279;15;dlk_tbl_02508,proc_tbl_00497,gob_tbl_03023,dlk_tbl_02639,gob_tbl_01417,dlk_tbl_02272,gob_tbl_00428,dlk_tbl_02353,dlk_tbl_01245,proc_ext_00447,dash_ext_00087,dlk_ext_00337,std_ext_00473,gob_ext_00096,gob_ext_00093
gob_proceso_0001;6;proc_tbl_00231,gob_tbl_02629,dlk_tbl_03267,dlk_tbl_01381,proc_tbl_00323,gob_tbl_01669;15;dlk_tbl_01515,dash_tbl_02211,gob_tbl_01024,std_tbl_01693,proc_tbl_00929,gob_tbl_01130,gob_tbl_02417,gob_tbl_00168,dlk_tbl_01399,dash_ext_00427,dlk_ext_00180,gob_ext_00189,dash_ext_00480,gob_ext_00123,proc_ext_00202
proc_proceso_0002;7;gob_tbl_01853,dlk_tbl_01125,dlk_tbl_01926,dlk_tbl_00637,dlk_tbl_00900,proc_tbl_02722,dash_tbl_00480;10;dlk_tbl_01573,gob_tbl_01447,gob_tbl_02264,proc_tbl_00970,proc_tbl_01931,dlk_tbl_00331,gob_ext_00062,gob_ext_00016,proc_ext_00213,gob_ext_00401
gob_proceso_0003;4;proc_tbl_00108,gob_tbl_00316,gob_tbl_01486,dash_tbl_02499;8;gob_tbl_02975,dash_tbl_02962,dlk_tbl_02991,proc_tbl_00025,dlk_tbl_03150,proc_ext_00283,dlk_ext_00107,gob_ext_00044
proc_proceso_0004;3;dlk_tbl_00478,gob_tbl_03172,gob_tbl_02584;9;proc_tbl_00061,proc_tbl_02339,dlk_tbl_00404,dlk_tbl_00507,dash_tbl_01398,proc_ext_00317,gob_ext_00486,dlk_ext_00273,gob_ext_00083
dash_proceso_0005;6;dlk_tbl_02999,dlk_tbl_00440,proc_tbl_00869,gob_tbl_00275,ppn_tbl_03145,gob_tbl_00449;11;gob_tbl_00525,dlk_tbl_02778,dash_tbl_01183,gob_tbl_03139,dlk_tbl_01258,gob_tbl_01635,dlk_ext_00021,dlk_ext_00143,dash_ext_00073,gob_ext_00123,proc_ext_00417
gob_proceso_0006;2;dlk_tbl_00625,dlk_tbl_02072;7;dlk_tbl_02436,std_tbl_00788,proc_tbl_00461,gob_tbl_02525,gob_ext_00277,proc_ext_00488,gob_ext_00083
dlk_proceso_0007;5;dlk_tbl_01393,gob_tbl_02311,gob_tbl_01497,gob_tbl_02453,dlk_tbl_01916;8;dash_tbl_01761,gob_tbl_03323,gob_tbl_02736,dash_tbl_01183,dlk_tbl_01654,gob_ext_00086,proc_ext_00253,proc_ext_00317
gob_proceso_0008;6;gob_tbl_02857,m4vw_tbl_00103,gob_tbl_00176,dlk_tbl_01900,gob_tbl_03084,proc_tbl_01264;4;gob_tbl_01025,gob_tbl_02855,dlk_ext_00071,gob_ext_00379
dlk_proceso_0009;6;gob_tbl_02950,dlk_tbl_00665,gob_tbl_01972,gob_tbl_02989,dlk_tbl_01061,proc_tbl_02627;10;dlk_tbl_02830,dlk_tbl_00223,dlk_tbl_00327,dash_tbl_00462,dash_tbl_02210,proc_tbl_03130,proc_ext_00284,proc_ext_00457,dlk_ext_00352,proc_ext_00253
proc_proceso_0010;7;dlk_tbl_01196,dlk_tbl_01037,gob_tbl_00483,gob_tbl_01105,gob_tbl_02229,dlk_tbl_03168,gob_tbl_02503;9;dlk_tbl_00442,gob_tbl_00731,gob_tbl_00603,dlk_tbl_02795,gob_tbl_00454,dash_ext_00390,dash_ext_00145,dlk_ext_00428,dlk_ext_00337
gob_proceso_0011;8;dlk_tbl_01895,std_tbl_01812,dlk_tbl_00718,gob_tbl_01328,dlk_tbl_02475,gob_tbl_02663,proc_tbl_02804,gob_tbl_00780;7;proc_tbl_00231,proc_tbl_02971,gob_tbl_01886,gob_tbl_02275,gob_ext_00072,std_ext_00034,proc_ext_00121
gob_proceso_0012;2;gob_tbl_01670,gob_tbl_00163;8;gob_tbl_00573,dlk_tbl_00235,dlk_tbl_00979,proc_tbl_02891,gob_tbl_01271,gob_ext_00459,gob_ext_00247,proc_ext_00222
gob_proceso_0013;3;gob_tbl_00280,proc_tbl_01936,dlk_tbl_01245;13;proc_tbl_02308,dlk_tbl_02033,dlk_tbl_03006,dash_tbl_01374,dlk_tbl_01606,dlk_tbl_02867,gob_tbl_02381,dash_ext_00120,gob_ext_00104,gob_ext_00123,proc_ext_00394,gob_ext_00161,gob_ext_00189
dlk_proceso_0014;4;gob_tbl_01896,dlk_tbl_02825,dlk_tbl_03159,dlk_tbl_03233;17;dlk_tbl_01368,gob_tbl_01830,gob_tbl_03030,gob_tbl_00342,dlk_tbl_01012,gob_tbl_00952,proc_tbl_00611,dash_tbl_02502,dlk_tbl_02183,gob_tbl_01505,gob_ext_00130,proc_ext_00234,dash_ext_00427,dlk_ext_00412,gob_ext_00080,gob_ext_00083,dash_ext_00153
gob_proceso_0015;6;gob_tbl_01447,gob_tbl_03203,gob_tbl_01690,proc_tbl_02971,dlk_tbl_00661,dash_tbl_00038;10;gob_tbl_02909,dash_tbl_00719,gob_tbl_02068,gob_tbl_01165,dlk_tbl_00459,gob_tbl_03021,proc_ext_00121,gob_ext_00403,dlk_ext_00312,proc_ext_00345
gob_proceso_0016;6;proc_tbl_00895,dlk_tbl_01691,gob_tbl_02330,dlk_tbl_01697,proc_tbl_01905,dash_tbl_01048;11;gob_tbl_01009,proc_tbl_01337,gob_tbl_01630,dlk_tbl_00118,proc_tbl_02662,dlk_tbl_00470,gob_ext_00294,dlk_ext_00021,dlk_ext_00397,dash_ext_00099,dlk_ext_00368
gob_proceso_0017;5;dlk_tbl_02183,gob_tbl_00641,dlk_tbl_00612,proc_tbl_02145,gob_tbl_03103;5;dlk_tbl_01435,proc_tbl_01919,gob_tbl_01101,dlk_ext_00006,proc_ext_00283
dlk_proceso_0018;8;gob_tbl_00913,proc_tbl_02750,dlk_tbl_02500,gob_tbl_01039,dlk_tbl_03324,dash_tbl_03164,dash_tbl_03312,m4sco_tbl_02565;19;dlk_tbl_00404,dlk_tbl_03297,gob_tbl_00573,dlk_tbl_03025,proc_tbl_02619,m4sco_tbl_01439,dlk_tbl_01839,proc_tbl_00590,dlk_tbl_01495,gob_tbl_00638,gob_tbl_03095,gob_ext_00189,dlk_ext_00451,gob_ext_00112,m4vw_ext_00135,dlk_ext_00194,dlk_ext_00428,proc_ext_00417,dash_ext_00400
proc_proceso_0019;3;dlk_tbl_00581,gob_tbl_00579,dlk_tbl_03031;13;dash_tbl_01496,gob_tbl_02230,dlk_tbl_01547,proc_tbl_00740,dlk_tbl_02939,gob_tbl_00266,gob_tbl_01647,gob_ext_00294,gob_ext_00419,gob_ext_00230,gob_ext_00204,dlk_ext_00290,dlk_ext_00158
proc_proceso_0020;5;gob_tbl_02845,dlk_tbl_00631,std_tbl_02688,proc_tbl_00624,gob_tbl_02077;8;dlk_tbl_03150,gob_tbl_02202,gob_tbl_02744,dlk_tbl_01066,dash_tbl_00998,dlk_ext_00219,dash_ext_00117,dlk_ext_00477
dlk_proceso_0021;2;gob_tbl_00397,gob_tbl_01458;15;dlk_tbl_02106,gob_tbl_00930,gob_tbl_00277,dlk_tbl_01650,gob_tbl_03132,gob_tbl_02364,dlk_tbl_02876,dlk_tbl_02072,dlk_tbl_01948,gob_ext_00013,proc_ext_00234,gob_ext_00261,dash_ext_00400,gob_ext_00110,gob_ext_00252
proc_proceso_0022;5;dlk_tbl_01189,dlk_tbl_02560,dlk_tbl_00828,dlk_tbl_00263,dlk_tbl_02455;14;proc_tbl_01095,dlk_tbl_00716,dlk_tbl_00466,dlk_tbl_02527,dlk_tbl_01870,proc_tbl_00015,m4sco_tbl_00838,dlk_tbl_03119,gob_ext_00336,dlk_ext_00360,dlk_ext_00322,dlk_ext_00475,dash_ext_00378,gob_ext_00261
gob_proceso_0023;8;gob_tbl_02806,dash_tbl_00531,gob_tbl_01718,gob_tbl_00830,dash_tbl_02053,m4vw_tbl_03321,dlk_tbl_01605,gob_tbl_01685;5;gob_tbl_02280,dlk_tbl_00682,dlk_tbl_01541,gob_ext_00419,dlk_ext_00412
gob_proceso_0024;3;dlk_tbl_02276,gob_tbl_02725,dash_tbl_01143;13;dlk_tbl_03015,dlk_tbl_01102,proc_tbl_01517,gob_tbl_00820,dash_tbl_03078,dlk_tbl_02528,dlk_tbl_01657,gob_ext_00119,proc_ext_00417,dlk_ext_00143,dlk_ext_00236,proc_ext_00022,gob_ext_00189
dlk_proceso_0025;3;dlk_tbl_02723,dlk_tbl_00475,proc_tbl_00567;11;dlk_tbl_01546,m4sco_tbl_01577,m4sco_tbl_00247,gob_tbl_02509,gob_tbl_00793,m4sco_tbl_03243,proc_ext_00038,ppn_ext_00361,gob_ext_00210,dlk_ext_00134,proc_ext_00457
dash_proceso_0026;4;dlk_tbl_00011,dlk_tbl_02876,gob_tbl_02418,dash_tbl_02502;12;dlk_tbl_02518,gob_tbl_02018,dlk_tbl_00267,gob_tbl_00906,dash_tbl_00586,gob_tbl_00197,dlk_tbl_01057,dlk_ext_00439,gob_ext_00259,dlk_ext_00128,gob_ext_00474,gob_ext_00104
dlk_proceso_0027;9;m4sco_tbl_01557,dlk_tbl_01803,dlk_tbl_00725,dlk_tbl_01274,dlk_tbl_01005,gob_tbl_01045,gob_tbl_00751,gob_tbl_02541,dash_tbl_03277;14;dlk_tbl_00716,dlk_tbl_01329,proc_tbl_01097,dlk_tbl_03276,dash_tbl_01241,dash_tbl_01761,gob_tbl_02126,gob_tbl_02172,dash_ext_00145,gob_ext_00044,gob_ext_00355,dlk_ext_00430,gob_ext_00470,gob_ext_00274
dash_proceso_0028;4;gob_tbl_00076,dlk_tbl_02224,gob_tbl_03251,dlk_tbl_01350;7;dlk_tbl_01654,gob_tbl_00073,dlk_tbl_00083,proc_tbl_03178,gob_ext_00169,gob_ext_00204,dlk_ext_00371
gob_proceso_0029;3;proc_tbl_00287,gob_tbl_00738,proc_tbl_03178;9;dlk_tbl_00138,dlk_tbl_00948,std_tbl_00261,gob_tbl_02364,dlk_tbl_01211,dlk_ext_00129,gob_ext_00292,dash_ext_00463,proc_ext_00036
dlk_proceso_0030;6;dlk_tbl_02296,proc_tbl_03252,gob_tbl_00573,gob_tbl_01854,dlk_tbl_00043,dlk_tbl_01414;13;dlk_tbl_00253,gob_tbl_03088,dlk_tbl_02685,dlk_tbl_03047,gob_tbl_00186,gob_tbl_02503,gob_tbl_01917,gob_ext_00308,dash_ext_00458,dlk_ext_00264,dlk_ext_00395,dlk_ext_00297,dlk_ext_00129
dlk_proceso_0031;3;gob_tbl_01190,m4vw_tbl_02293,gob_tbl_01341;14;dlk_tbl_00101,dlk_tbl_00053,dlk_tbl_00043,dlk_tbl_00474,dlk_tbl_00181,dlk_tbl_02314,dlk_tbl_00201,dlk_tbl_01382,dash_ext_00073,proc_ext_00442,std_ext_00034,dlk_ext_00224,dlk_ext_00340,m4sco_ext_00047
gob_proceso_0032;5;dlk_tbl_02783,dlk_tbl_01996,dlk_tbl_03112,dlk_tbl_02649,dlk_tbl_02585;5;gob_tbl_00290,gob_tbl_01453,gob_tbl_00494,gob_ext_00096,dash_ext_00145
gob_proceso_0033;2;gob_tbl_00761,gob_tbl_03056;9;dlk_tbl_02598,dlk_tbl_01246,proc_tbl_02925,proc_tbl_01256,proc_tbl_02009,gob_ext_00320,gob_ext_00486,ppn_ext_00446,gob_ext_00329
dlk_proceso_0034;3;gob_tbl_02036,dlk_tbl_00763,gob_tbl_00367;6;proc_tbl_02954,gob_tbl_01400,dlk_tbl_03281,proc_ext_00139,gob_ext_00276,dlk_ext_00256
gob_proceso_0035;6;gob_tbl_02630,m4vw_tbl_02944,gob_tbl_00888,gob_tbl_00721,dlk_tbl_00360,dlk_tbl_02575;4;dash_tbl_00597,gob_tbl_02855,gob_ext_00330,gob_ext_00103
dlk_proceso_0036;7;proc_tbl_00304,dlk_tbl_02887,gob_tbl_02538,dlk_tbl_01297,gob_tbl_02616,dlk_tbl_00673,dlk_tbl_02569;10;proc_tbl_01318,proc_tbl_00323,dash_tbl_02822,dlk_tbl_01605,dlk_tbl_00600,gob_tbl_01672,gob_ext_00335,gob_ext_00149,gob_ext_00298,gob_ext_00211
dlk_proceso_0037;4;gob_tbl_02720,dlk_tbl_03259,gob_tbl_01790,proc_tbl_03204;10;proc_tbl_00352,dlk_tbl_01221,dash_tbl_03004,dlk_tbl_02679,gob_tbl_00758,gob_tbl_01961,dash_ext_00114,gob_ext_00020,gob_ext_00018,dlk_ext_00048
dlk_proceso_0038;2;proc_tbl_00035,gob_tbl_02683;8;dlk_tbl_02432,dlk_tbl_01445,dash_tbl_00975,dlk_tbl_00724,gob_tbl_00820,gob_ext_00204,dlk_ext_00290,dlk_ext_00250
dlk_proceso_0039;4;dlk_tbl_01086,gob_tbl_02149,dlk_tbl_02120,gob_tbl_03132;9;dlk_tbl_03180,dlk_tbl_02945,gob_tbl_02551,dlk_tbl_02867,m4vw_tbl_00669,dlk_ext_00146,ppn_ext_00446,gob_ext_00247,proc_ext_00457
proc_proceso_0040;4;gob_tbl_01641,gob_tbl_01857,gob_tbl_02655,gob_tbl_00779;10;gob_tbl_01268,dlk_tbl_02639,proc_tbl_01249,gob_tbl_02299,dash_tbl_02177,std_tbl_02942,std_ext_00262,gob_ext_00174,dash_ext_00145,gob_ext_00108
gob_proceso_0041;6;dlk_tbl_02724,dlk_tbl_01629,gob_tbl_01316,gob_tbl_02340,dlk_tbl_02941,dlk_tbl_02392;4;m4vw_tbl_02631,gob_tbl_02232,dlk_ext_00065,gob_ext_00209
dlk_proceso_0042;3;m4vw_tbl_00338,proc_tbl_02119,gob_tbl_01186;12;proc_tbl_01161,gob_tbl_01891,gob_tbl_00937,gob_tbl_02580,dash_tbl_02285,dlk_tbl_02830,dlk_tbl_03208,proc_ext_00266,gob_ext_00171,gob_ext_00259,gob_ext_00270,dash_ext_00400
proc_proceso_0043;4;dash_tbl_02694,dlk_tbl_01587,gob_tbl_02069,gob_tbl_03118;10;proc_tbl_01533,gob_tbl_00055,gob_tbl_02632,ppn_tbl_03020,proc_tbl_01769,proc_tbl_00756,m4vw_ext_00135,dlk_ext_00154,dlk_ext_00360,proc_ext_00253
dlk_proceso_0044;6;proc_tbl_03153,std_tbl_01846,dlk_tbl_00459,dlk_tbl_00790,gob_tbl_01406,dlk_tbl_00083;12;proc_tbl_01487,proc_tbl_00052,gob_tbl_01023,dlk_tbl_02764,dlk_tbl_01359,dlk_tbl_02946,gob_tbl_03058,dlk_ext_00195,gob_ext_00413,dash_ext_00087,dlk_ext_00116,dlk_ext_00250
dash_proceso_0045;4;dlk_tbl_01668,dlk_tbl_02553,dash_tbl_01734,proc_tbl_02870;12;gob_tbl_01341,proc_tbl_01059,gob_tbl_00641,dash_tbl_00522,gob_tbl_01272,m4sco_tbl_00707,gob_tbl_02855,dlk_ext_00021,dash_ext_00427,dlk_ext_00195,proc_ext_00067,dlk_ext_00071
proc_proceso_0046;7;gob_tbl_01228,m4vw_tbl_03193,dlk_tbl_01010,gob_tbl_02160,dash_tbl_01640,dlk_tbl_00900,dlk_tbl_03318;6;proc_tbl_03183,proc_tbl_00785,gob_tbl_01236,proc_ext_00076,gob_ext_00103,dlk_ext_00263
dlk_proceso_0047;8;dlk_tbl_00514,gob_tbl_00926,m4vw_tbl_02394,ppn_tbl_01247,gob_tbl_00729,gob_tbl_01080,dlk_tbl_01062,dlk_tbl_01470;23;dlk_tbl_03063,proc_tbl_00910,dlk_tbl_00739,dlk_tbl_02480,gob_tbl_00144,proc_tbl_01124,gob_tbl_01636,gob_tbl_02503,dash_tbl_00254,proc_tbl_02808,proc_tbl_01992,gob_tbl_01438,dash_tbl_00522,gob_ext_00344,dlk_ext_00372,dlk_ext_00465,gob_ext_00169,m4vw_ext_00217,proc_ext_00358,dlk_ext_00250,proc_ext_00231,gob_ext_00414,dlk_ext_00242
gob_proceso_0048;2;proc_tbl_00156,gob_tbl_02704;5;gob_tbl_03095,dash_tbl_03078,dlk_tbl_01742,dlk_ext_00316,proc_ext_00442
dlk_proceso_0049;6;gob_tbl_01356,gob_tbl_01630,m4sco_tbl_00456,dash_tbl_01464,gob_tbl_01768,dlk_tbl_02469;15;dlk_tbl_02731,dlk_tbl_02144,dlk_tbl_00131,dlk_tbl_00460,gob_tbl_00848,dlk_tbl_02406,std_tbl_01693,dlk_tbl_02945,dash_tbl_02063,dlk_ext_00365,dlk_ext_00197,gob_ext_00364,gob_ext_00474,dlk_ext_00404,gob_ext_00211
gob_proceso_0050;4;proc_tbl_02078,dlk_tbl_03129,gob_tbl_02810,proc_tbl_00929;4;gob_tbl_02102,std_tbl_00914,dlk_ext_00026,gob_ext_00230
gob_proceso_0051;5;gob_tbl_00668,dlk_tbl_02947,dlk_tbl_00648,proc_tbl_00864,gob_tbl_02085;12;proc_tbl_01804,dash_tbl_03122,gob_tbl_00271,dlk_tbl_01472,proc_tbl_02657,gob_tbl_00019,gob_tbl_01154,gob_ext_00181,dlk_ext_00416,dlk_ext_00240,dash_ext_00378,gob_ext_00055
dlk_proceso_0052;4;proc_tbl_03060,dlk_tbl_02684,gob_tbl_01505,gob_tbl_00186;4;gob_tbl_02980,proc_tbl_02992,gob_ext_00032,proc_ext_00222
dlk_proceso_0053;6;dash_tbl_01184,dlk_tbl_01066,dlk_tbl_01495,dlk_tbl_02523,gob_tbl_02492,gob_tbl_00095;8;m4sco_tbl_01252,ppn_tbl_01842,dlk_tbl_02194,m4sco_tbl_00294,gob_tbl_02525,gob_ext_00462,gob_ext_00314,gob_ext_00406
dlk_proceso_0054;5;dlk_tbl_00202,dlk_tbl_00667,gob_tbl_02493,dlk_tbl_02376,dlk_tbl_00436;16;dlk_tbl_03063,gob_tbl_02980,dlk_tbl_00447,dlk_tbl_01323,gob_tbl_02524,proc_tbl_01318,dash_tbl_00178,dlk_tbl_01495,dlk_tbl_02779,ppn_ext_00089,dlk_ext_00102,dlk_ext_00242,proc_ext_00127,dash_ext_00392,gob_ext_00108,dlk_ext_00144
proc_proceso_0055;7;gob_tbl_00638,dlk_tbl_01529,dash_tbl_02268,dlk_tbl_01816,gob_tbl_03309,proc_tbl_01950,dash_tbl_03213;10;gob_tbl_02838,dlk_tbl_02482,gob_tbl_01272,dlk_tbl_02764,gob_tbl_00592,proc_tbl_01992,gob_ext_00216,proc_ext_00283,proc_ext_00213,proc_ext_00036
dlk_proceso_0056;3;gob_tbl_01229,proc_tbl_01383,gob_tbl_03016;9;gob_tbl_00530,gob_tbl_00349,dash_tbl_00808,proc_tbl_02827,dlk_tbl_02224,proc_ext_00041,dlk_ext_00192,dlk_ext_00021,gob_ext_00482
gob_proceso_0057;2;dlk_tbl_00392,proc_tbl_01559;5;dlk_tbl_02927,dlk_tbl_00890,dlk_tbl_01570,dlk_ext_00183,gob_ext_00474
dash_proceso_0058;4;gob_tbl_01766,gob_tbl_00769,m4vw_tbl_02426,proc_tbl_02305;7;gob_tbl_01598,proc_tbl_02442,dlk_tbl_00425,dlk_tbl_02939,gob_ext_00419,proc_ext_00417,dlk_ext_00368
gob_proceso_0059;6;gob_tbl_01911,ppn_tbl_01266,dlk_tbl_03051,gob_tbl_01561,gob_tbl_01236,dlk_tbl_01866;10;proc_tbl_02256,gob_tbl_01960,dlk_tbl_01700,dlk_tbl_00161,gob_tbl_03005,dash_tbl_02695,dlk_ext_00240,gob_ext_00027,dlk_ext_00410,gob_ext_00271
dash_proceso_0060;5;gob_tbl_01971,dlk_tbl_00824,gob_tbl_02015,dlk_tbl_00885,gob_tbl_00955;8;dlk_tbl_00920,gob_tbl_02018,gob_tbl_03221,gob_tbl_03279,dlk_tbl_00404,dash_ext_00400,dlk_ext_00428,std_ext_00262
gob_proceso_0061;2;proc_tbl_00810,gob_tbl_00728;9;gob_tbl_01502,dlk_tbl_03026,dash_tbl_00178,gob_tbl_02855,proc_tbl_00452,proc_ext_00124,dlk_ext_00461,gob_ext_00306,gob_ext_00459
dlk_proceso_0062;4;gob_tbl_01743,proc_tbl_00048,dlk_tbl_01153,dash_tbl_01239;17;gob_tbl_00434,proc_tbl_01756,gob_tbl_02525,dlk_tbl_01245,gob_tbl_01361,dlk_tbl_00733,proc_tbl_00204,gob_tbl_02752,gob_tbl_01447,gob_tbl_00999,gob_ext_00303,dlk_ext_00265,dlk_ext_00068,gob_ext_00189,dlk_ext_00397,proc_ext_00423,proc_ext_00237
gob_proceso_0063;6;dlk_tbl_03320,gob_tbl_03040,dash_tbl_02530,dlk_tbl_00513,dlk_tbl_01462,dash_tbl_01146;15;gob_tbl_01951,dash_tbl_01867,gob_tbl_02265,dash_tbl_02159,gob_tbl_03064,proc_tbl_02835,dlk_tbl_02320,gob_tbl_02129,dash_tbl_03272,dlk_ext_00021,dlk_ext_00428,gob_ext_00435,dlk_ext_00200,gob_ext_00320,gob_ext_00181
dash_proceso_0064;2;proc_tbl_03229,dlk_tbl_02416;13;dlk_tbl_01243,gob_tbl_00656,dlk_tbl_03298,gob_tbl_02780,dlk_tbl_03052,gob_tbl_02301,gob_tbl_01730,dlk_ext_00365,dlk_ext_00116,dlk_ext_00444,dlk_ext_00175,gob_ext_00080,dlk_ext_00428
proc_proceso_0065;8;m4vw_tbl_00249,dlk_tbl_01674,proc_tbl_00947,gob_tbl_02963,dash_tbl_01876,gob_tbl_00055,gob_tbl_00702,gob_tbl_00162;24;ppn_tbl_01363,dlk_tbl_03096,gob_tbl_01404,dash_tbl_00602,dlk_tbl_02184,gob_tbl_02710,dlk_tbl_02778,gob_tbl_01349,gob_tbl_00485,gob_tbl_00730,gob_tbl_00346,gob_tbl_02577,gob_tbl_02073,dash_tbl_01048,proc_ext_00283,proc_ext_00121,dlk_ext_00369,dlk_ext_00085,dash_ext_00427,dash_ext_00373,dlk_ext_00465,gob_ext_00272,dlk_ext_00107,gob_ext_00300
dash_proceso_0066;5;dlk_tbl_01869,ppn_tbl_03020,dlk_tbl_03306,gob_tbl_01202,gob_tbl_01614;8;dash_tbl_00431,dlk_tbl_02089,gob_tbl_01344,dash_tbl_01174,gob_tbl_00937,dlk_ext_00395,gob_ext_00414,dlk_ext_00342
proc_proceso_0067;3;dlk_tbl_00679,gob_tbl_02547,dlk_tbl_01122;9;dlk_tbl_02150,proc_tbl_00762,dash_tbl_00803,proc_tbl_02191,dlk_tbl_02905,gob_ext_00437,proc_ext_00423,gob_ext_00010,ppn_ext_00089
proc_proceso_0068;4;std_tbl_01118,gob_tbl_02690,dash_tbl_02048,gob_tbl_01894;4;dlk_tbl_01197,dash_tbl_01725,proc_ext_00196,gob_ext_00181
dlk_proceso_0069;3;gob_tbl_00334,dlk_tbl_01710,gob_tbl_00676;14;proc_tbl_00373,gob_tbl_02669,dlk_tbl_02876,dlk_tbl_02665,dlk_tbl_01701,m4sco_tbl_02646,gob_tbl_01721,dlk_tbl_01111,std_ext_00473,dlk_ext_00439,dlk_ext_00065,gob_ext_00119,gob_ext_00455,dlk_ext_00021
dlk_proceso_0070;4;gob_tbl_00742,gob_tbl_03023,dlk_tbl_01981,dash_tbl_02214;4;dlk_tbl_00292,m4vw_tbl_00626,dash_ext_00099,gob_ext_00376
dlk_proceso_0071;3;proc_tbl_01256,std_tbl_02384,gob_tbl_02875;7;gob_tbl_02789,proc_tbl_02961,gob_tbl_00450,dlk_tbl_00561,gob_ext_00044,dlk_ext_00404,dlk_ext_00428
gob_proceso_0072;2;dlk_tbl_02352,gob_tbl_01574;8;proc_tbl_01708,dlk_tbl_02165,dlk_tbl_02747,dlk_tbl_03233,dash_tbl_02974,dash_ext_00390,dlk_ext_00411,proc_ext_00370
gob_proceso_0073;5;dlk_tbl_03288,gob_tbl_00147,gob_tbl_02692,proc_tbl_02322,dlk_tbl_00425;8;proc_tbl_02609,gob_tbl_02717,dash_tbl_03272,proc_tbl_01992,m4sco_tbl_00058,dlk_ext_00162,gob_ext_00330,gob_ext_00276
gob_proceso_0074;4;gob_tbl_02576,dlk_tbl_02060,dash_tbl_02769,gob_tbl_02228;12;gob_tbl_00603,dash_tbl_03263,dlk_tbl_00161,dlk_tbl_02929,m4vw_tbl_01903,dlk_tbl_00903,proc_tbl_02587,gob_ext_00179,proc_ext_00121,proc_ext_00409,dlk_ext_00290,proc_ext_00063
dlk_proceso_0075;5;dlk_tbl_00866,dlk_tbl_02762,gob_tbl_01961,proc_tbl_01055,gob_tbl_01735;10;gob_tbl_01774,proc_tbl_00096,dlk_tbl_01570,proc_tbl_02641,proc_tbl_01992,dlk_tbl_01700,dlk_ext_00416,proc_ext_00041,dlk_ext_00059,dash_ext_00480
dlk_proceso_0076;3;gob_tbl_00610,gob_tbl_03062,gob_tbl_02030;9;dlk_tbl_02723,dlk_tbl_00504,gob_tbl_02466,dlk_tbl_01102,gob_tbl_00362,dlk_ext_00106,dash_ext_00031,dlk_ext_00372,proc_ext_00213
dlk_proceso_0077;4;std_tbl_02090,dlk_tbl_00341,gob_tbl_03091,gob_tbl_00259;4;gob_tbl_02766,proc_tbl_01954,proc_ext_00423,gob_ext_00419
dash_proceso_0078;6;gob_tbl_02881,dlk_tbl_00971,dlk_tbl_01302,m4vw_tbl_01067,proc_tbl_01671,proc_tbl_02058;4;gob_tbl_01670,gob_tbl_00782,dlk_ext_00312,gob_ext_00329
proc_proceso_0079;6;gob_tbl_00559,proc_tbl_03068,dlk_tbl_00704,dash_tbl_02343,dlk_tbl_02607,dash_tbl_02161;10;dash_tbl_03186,gob_tbl_02699,dlk_tbl_01529,dlk_tbl_00979,gob_tbl_01528,dlk_tbl_02684,proc_ext_00311,gob_ext_00306,dlk_ext_00288,dlk_ext_00315
dlk_proceso_0080;7;gob_tbl_01609,dlk_tbl_02900,ppn_tbl_02928,gob_tbl_01702,gob_tbl_00771,dlk_tbl_01402,dlk_tbl_00143;10;dlk_tbl_02158,dash_tbl_02346,m4sco_tbl_00133,dlk_tbl_02298,gob_tbl_00078,dlk_tbl_02105,dlk_ext_00040,proc_ext_00266,proc_ext_00229,gob_ext_00300
dlk_proceso_0081;4;gob_tbl_02247,gob_tbl_02460,proc_tbl_00861,proc_tbl_00568;7;std_tbl_02688,proc_tbl_00204,dash_tbl_01244,dlk_tbl_01042,gob_ext_00405,m4sco_ext_00269,proc_ext_00479
gob_proceso_0082;4;dlk_tbl_01543,proc_tbl_02774,dlk_tbl_01982,dlk_tbl_02066;13;dlk_tbl_00953,dlk_tbl_00140,dlk_tbl_03320,gob_tbl_03016,gob_tbl_03323,gob_tbl_02172,gob_tbl_02265,dlk_ext_00365,dash_ext_00400,dlk_ext_00142,gob_ext_00151,dlk_ext_00224,gob_ext_00258
gob_proceso_0083;5;gob_tbl_01815,dlk_tbl_03216,gob_tbl_01645,gob_tbl_02034,dlk_tbl_01806;12;proc_tbl_03130,proc_tbl_01716,proc_tbl_00413,m4vw_tbl_00103,gob_tbl_00419,gob_tbl_02124,gob_tbl_01567,gob_ext_00486,gob_ext_00261,proc_ext_00056,gob_ext_00245,proc_ext_00231
gob_proceso_0084;4;dash_tbl_01164,dlk_tbl_02795,dlk_tbl_02778,dlk_tbl_02451;10;gob_tbl_00107,gob_tbl_01427,gob_tbl_01749,dash_tbl_01984,gob_tbl_03225,proc_tbl_00457,dlk_ext_00430,gob_ext_00487,m4vw_ext_00201,dash_ext_00400
dlk_proceso_0085;6;dlk_tbl_00644,proc_tbl_00936,gob_tbl_00026,dlk_tbl_02472,gob_tbl_00595,gob_tbl_00867;16;gob_tbl_03245,gob_tbl_00659,dlk_tbl_01270,dlk_tbl_01012,proc_tbl_00323,dlk_tbl_00201,gob_tbl_00078,dash_tbl_02822,proc_tbl_01098,dlk_ext_00369,proc_ext_00056,gob_ext_00245,dlk_ext_00444,dlk_ext_00449,dash_ext_00480,dash_ext_00380
dlk_proceso_0086;6;dlk_tbl_00223,m4sco_tbl_00058,proc_tbl_03102,dlk_tbl_01727,gob_tbl_02689,gob_tbl_02235;16;dlk_tbl_02219,dlk_tbl_01440,gob_tbl_02623,dash_tbl_00139,dlk_tbl_03190,gob_tbl_00283,proc_tbl_01946,gob_tbl_00222,dlk_tbl_01513,proc_ext_00036,dlk_ext_00242,gob_ext_00399,gob_ext_00230,dash_ext_00378,dlk_ext_00465,dlk_ext_00338
dlk_proceso_0087;4;dlk_tbl_03106,dash_tbl_01736,dlk_tbl_01787,dash_tbl_00803;6;gob_tbl_00422,gob_tbl_00946,dlk_tbl_00578,dash_ext_00480,gob_ext_00149,gob_ext_00072
dlk_proceso_0088;2;proc_tbl_01568,gob_tbl_03018;9;gob_tbl_02446,gob_tbl_00203,gob_tbl_01260,dash_tbl_02021,dash_tbl_00021,gob_ext_00274,dash_ext_00400,dlk_ext_00273,dlk_ext_00397
proc_proceso_0089;6;dlk_tbl_01035,dlk_tbl_01042,dlk_tbl_03187,proc_tbl_00571,proc_tbl_00320,gob_tbl_02698;13;gob_tbl_00684,dlk_tbl_00667,dlk_tbl_01701,dlk_tbl_01199,gob_tbl_03248,gob_tbl_00020,proc_tbl_01313,m4sco_ext_00047,proc_ext_00283,gob_ext_00093,proc_ext_00457,dlk_ext_00048,dlk_ext_00019
dlk_proceso_0090;4;dlk_tbl_00753,dlk_tbl_02867,dash_tbl_01187,gob_tbl_03302;12;dlk_tbl_01176,dlk_tbl_00806,dlk_tbl_02649,dash_tbl_00251,proc_tbl_01298,proc_tbl_00377,gob_tbl_02409,proc_ext_00333,gob_ext_00258,dlk_ext_00160,dlk_ext_00175,proc_ext_00036
dlk_proceso_0091;8;gob_tbl_00925,gob_tbl_01004,gob_tbl_01026,gob_tbl_02509,dlk_tbl_02298,proc_tbl_01527,dlk_tbl_02367,proc_tbl_00308;10;dlk_tbl_00126,dlk_tbl_02595,gob_tbl_02328,dash_tbl_02159,gob_tbl_01828,gob_tbl_03279,dash_ext_00058,dash_ext_00427,gob_ext_00044,gob_ext_00282
dlk_proceso_0092;4;dlk_tbl_01157,gob_tbl_01578,proc_tbl_02707,gob_tbl_02700;11;gob_tbl_01894,dlk_tbl_02356,proc_tbl_00135,gob_tbl_01567,dlk_tbl_01805,dlk_tbl_00011,dlk_ext_00255,dash_ext_00436,proc_ext_00469,dlk_ext_00395,proc_ext_00311
gob_proceso_0093;2;dlk_tbl_00890,dash_tbl_00239;5;dash_tbl_01867,dlk_tbl_01643,dlk_tbl_01620,dlk_ext_00416,proc_ext_00036
gob_proceso_0094;3;dash_tbl_02564,dlk_tbl_01288,gob_tbl_01134;5;dlk_tbl_02111,proc_tbl_02322,dlk_tbl_00343,gob_ext_00130,proc_ext_00301
gob_proceso_0095;4;dlk_tbl_02643,dlk_tbl_01989,dlk_tbl_00460,gob_tbl_01443;4;dlk_tbl_01338,proc_tbl_00388,std_ext_00473,gob_ext_00119
dlk_proceso_0096;2;gob_tbl_00635,dlk_tbl_00536;7;dlk_tbl_00307,gob_tbl_01272,gob_tbl_02154,gob_tbl_02728,gob_ext_00245,dlk_ext_00316,gob_ext_00020
dlk_proceso_0097;6;gob_tbl_01110,dlk_tbl_01628,gob_tbl_03317,dlk_tbl_00858,proc_tbl_02205,gob_tbl_02667;9;proc_tbl_01215,gob_tbl_00074,gob_tbl_01084,m4sco_tbl_00247,dlk_tbl_02065,dlk_ext_00339,dlk_ext_00006,gob_ext_00282,dash_ext_00400
dash_proceso_0098;5;dash_tbl_00849,m4sco_tbl_02490,proc_tbl_02354,dlk_tbl_01993,gob_tbl_03008;16;dlk_tbl_00065,gob_tbl_01430,dash_tbl_03202,gob_tbl_01446,gob_tbl_02858,gob_tbl_01969,gob_tbl_01078,gob_tbl_00736,m4sco_tbl_02646,m4sco_ext_00053,m4vw_ext_00002,gob_ext_00482,dash_ext_00145,dash_ext_00182,gob_ext_00437,dlk_ext_00411
gob_proceso_0099;6;dlk_tbl_03228,gob_tbl_03287,dash_tbl_00069,gob_tbl_00767,proc_tbl_03240,dlk_tbl_01516;4;gob_tbl_01670,dlk_tbl_00792,dlk_ext_00164,proc_ext_00213
dlk_proceso_0100;5;std_tbl_01627,proc_tbl_01589,dlk_tbl_00124,proc_tbl_01387,m4sco_tbl_00183;9;m4vw_tbl_01859,dlk_tbl_00465,gob_tbl_01321,gob_tbl_00269,dlk_tbl_02196,gob_ext_00308,gob_ext_00413,dlk_ext_00006,gob_ext_00023
gob_proceso_0101;4;dlk_tbl_02983,proc_tbl_01756,gob_tbl_00446,dlk_tbl_02935;6;proc_tbl_01256,dlk_tbl_02071,gob_tbl_02357,dash_ext_00078,dash_ext_00114,dlk_ext_00183
gob_proceso_0102;3;proc_tbl_02167,dlk_tbl_02378,m4sco_tbl_01577;8;dlk_tbl_01132,gob_tbl_02736,gob_tbl_00422,dlk_tbl_03165,dlk_tbl_02867,dlk_ext_00102,gob_ext_00259,gob_ext_00435
gob_proceso_0103;4;dlk_tbl_02005,dlk_tbl_00050,ppn_tbl_02310,std_tbl_01193;9;dlk_tbl_02283,gob_tbl_02441,std_tbl_02852,gob_tbl_02255,dlk_tbl_00065,dlk_ext_00192,gob_ext_00072,gob_ext_00188,dlk_ext_00250
dlk_proceso_0104;2;dlk_tbl_02796,gob_tbl_02446;4;dlk_tbl_02783,dlk_tbl_01513,dlk_ext_00162,dlk_ext_00242
gob_proceso_0105;4;dlk_tbl_00086,dlk_tbl_01480,std_tbl_03065,ppn_tbl_00479;4;gob_tbl_01937,proc_tbl_02009,dlk_ext_00451,dlk_ext_00242
proc_proceso_0106;5;dlk_tbl_00931,dlk_tbl_00503,dash_tbl_01374,proc_tbl_00012,gob_tbl_02696;12;dlk_tbl_02472,dlk_tbl_02356,dlk_tbl_00357,gob_tbl_02811,m4sco_tbl_03243,proc_tbl_01168,dlk_tbl_01691,gob_ext_00064,proc_ext_00383,dlk_ext_00195,dlk_ext_00316,dlk_ext_00183
dlk_proceso_0107;5;gob_tbl_00870,gob_tbl_02128,dlk_tbl_02880,dash_tbl_01558,proc_tbl_02133;13;gob_tbl_01078,std_tbl_01812,gob_tbl_01310,dlk_tbl_00059,proc_tbl_00899,gob_tbl_01774,m4sco_tbl_00799,dash_ext_00099,proc_ext_00061,dlk_ext_00322,dlk_ext_00430,gob_ext_00211,gob_ext_00187
dlk_proceso_0108;2;gob_tbl_01023,proc_tbl_01022;8;dash_tbl_00808,gob_tbl_00585,gob_tbl_00918,gob_tbl_00127,dlk_tbl_02679,dlk_ext_00183,gob_ext_00344,gob_ext_00216
gob_proceso_0109;4;dlk_tbl_03150,gob_tbl_01139,gob_tbl_01283,gob_tbl_01072;7;gob_tbl_01177,gob_tbl_01504,gob_tbl_01158,dlk_tbl_00148,dlk_ext_00331,dlk_ext_00228,dlk_ext_00212
dlk_proceso_0110;4;proc_tbl_02008,dlk_tbl_01518,gob_tbl_03222,std_tbl_01043;10;dash_tbl_00797,dlk_tbl_02356,gob_tbl_01101,gob_tbl_01886,gob_tbl_02347,dlk_tbl_00424,dash_ext_00463,dash_ext_00073,dlk_ext_00084,dash_ext_00373
proc_proceso_0111;4;gob_tbl_00607,dlk_tbl_00853,gob_tbl_00930,dlk_tbl_03039;17;ppn_tbl_02739,std_tbl_01920,dlk_tbl_02179,gob_tbl_02018,dlk_tbl_00953,dlk_tbl_03242,proc_tbl_01835,gob_tbl_02301,dlk_tbl_02783,dlk_tbl_01157,gob_ext_00123,proc_ext_00311,gob_ext_00104,dlk_ext_00142,proc_ext_00409,gob_ext_00405,gob_ext_00296
dlk_proceso_0112;6;gob_tbl_01353,proc_tbl_00977,gob_tbl_01271,dlk_tbl_00365,gob_tbl_01481,gob_tbl_02903;11;dash_tbl_01882,gob_tbl_02539,dlk_tbl_00470,dlk_tbl_02643,dash_tbl_02346,gob_tbl_00937,proc_ext_00248,dlk_ext_00106,dlk_ext_00343,gob_ext_00314,gob_ext_00414
proc_proceso_0113;3;proc_tbl_01141,m4sco_tbl_00133,dlk_tbl_00417;6;m4sco_tbl_01557,dlk_tbl_01987,dash_tbl_02899,dash_ext_00373,dlk_ext_00483,dlk_ext_00404
proc_proceso_0114;6;gob_tbl_00974,proc_tbl_01287,gob_tbl_02462,dlk_tbl_00410,dlk_tbl_00618,gob_tbl_01959;15;gob_tbl_03302,gob_tbl_01079,dlk_tbl_00399,proc_tbl_02567,dlk_tbl_00037,dlk_tbl_00836,m4vw_tbl_00344,gob_tbl_01892,dlk_tbl_01620,gob_ext_00364,dlk_ext_00195,gob_ext_00314,gob_ext_00221,m4vw_ext_00286,dlk_ext_00194
dash_proceso_0115;6;gob_tbl_01379,proc_tbl_01098,gob_tbl_01755,gob_tbl_03149,gob_tbl_02849,gob_tbl_00876;11;gob_tbl_03132,std_tbl_01043,dlk_tbl_00474,dash_tbl_03202,dlk_tbl_00760,gob_tbl_02301,gob_ext_00209,dlk_ext_00242,dash_ext_00099,ppn_ext_00361,gob_ext_00328
gob_proceso_0116;4;gob_tbl_00237,dlk_tbl_02033,dash_tbl_00627,gob_tbl_02622;7;dlk_tbl_02556,gob_tbl_01539,dash_tbl_02741,dlk_tbl_01507,dlk_ext_00461,gob_ext_00437,gob_ext_00336
dash_proceso_0117;5;dlk_tbl_02712,proc_tbl_00989,dash_tbl_00016,dlk_tbl_01176,dlk_tbl_00716;14;proc_tbl_02662,dash_tbl_03003,dlk_tbl_01982,dlk_tbl_02120,gob_tbl_01311,dlk_tbl_03218,dlk_tbl_02436,gob_tbl_01579,gob_ext_00020,gob_ext_00239,dlk_ext_00244,gob_ext_00023,dlk_ext_00366,dlk_ext_00265
dlk_proceso_0118;5;dlk_tbl_01265,dlk_tbl_01983,gob_tbl_03249,dash_tbl_02361,dash_tbl_00329;7;dlk_tbl_00883,proc_tbl_02758,dlk_tbl_02747,dlk_tbl_00541,dash_ext_00114,gob_ext_00294,dlk_ext_00411
dlk_proceso_0119;3;proc_tbl_01992,gob_tbl_02562,gob_tbl_03075;8;proc_tbl_00582,gob_tbl_00615,gob_tbl_01453,dash_tbl_01867,gob_tbl_01502,dash_ext_00480,dash_ext_00467,gob_ext_00091
dlk_proceso_0120;6;m4sco_tbl_00630,dash_tbl_03011,dlk_tbl_02325,dlk_tbl_01455,gob_tbl_01714,dlk_tbl_02966;15;gob_tbl_01453,gob_tbl_00843,dlk_tbl_01499,dlk_tbl_00470,dlk_tbl_00024,proc_tbl_00109,m4sco_tbl_01603,gob_tbl_00255,gob_tbl_02667,dlk_ext_00315,dlk_ext_00372,dlk_ext_00307,dlk_ext_00158,dash_ext_00073,dlk_ext_00021
dlk_proceso_0121;5;m4sco_tbl_02773,dlk_tbl_00990,m4sco_tbl_00707,dlk_tbl_00695,dlk_tbl_01159;16;gob_tbl_00728,dlk_tbl_02691,gob_tbl_03142,proc_tbl_00115,gob_tbl_02493,proc_tbl_02098,proc_tbl_02799,dlk_tbl_02653,dash_tbl_02211,dlk_ext_00158,gob_ext_00204,dlk_ext_00000,dlk_ext_00341,gob_ext_00294,proc_ext_00311,gob_ext_00320
dlk_proceso_0122;5;gob_tbl_01506,dlk_tbl_02832,gob_tbl_01672,proc_tbl_00811,gob_tbl_02525;8;proc_tbl_00352,gob_tbl_02102,dlk_tbl_00634,dlk_tbl_00911,dash_tbl_02650,gob_ext_00274,gob_ext_00079,dlk_ext_00152
dlk_proceso_0123;4;std_tbl_01693,proc_tbl_01716,dlk_tbl_02586,dash_tbl_01241;5;gob_tbl_03023,proc_tbl_00552,dlk_tbl_00295,dlk_ext_00143,gob_ext_00259
gob_proceso_0124;5;proc_tbl_02191,gob_tbl_01314,dash_tbl_02741,dlk_tbl_00065,dlk_tbl_00114;7;proc_tbl_00622,dlk_tbl_01893,dlk_tbl_02783,gob_tbl_00395,dlk_ext_00404,dlk_ext_00011,gob_ext_00086
dlk_proceso_0125;5;dash_tbl_03007,dlk_tbl_00248,dash_tbl_00705,std_tbl_00261,dlk_tbl_03174;17;dash_tbl_00038,dash_tbl_01918,dlk_tbl_01197,gob_tbl_01601,dlk_tbl_00265,dlk_tbl_01370,gob_tbl_02920,gob_tbl_00591,dash_tbl_01231,dlk_tbl_02929,std_ext_00289,dlk_ext_00341,proc_ext_00283,gob_ext_00209,std_ext_00034,gob_ext_00169,gob_ext_00434
proc_proceso_0126;2;proc_tbl_03146,proc_tbl_02719;7;gob_tbl_00702,m4vw_tbl_01238,gob_tbl_00743,proc_tbl_00115,gob_ext_00414,gob_ext_00211,gob_ext_00035
dlk_proceso_0127;5;proc_tbl_01437,proc_tbl_01881,dash_tbl_02318,dlk_tbl_00577,dlk_tbl_02070;9;gob_tbl_01084,gob_tbl_01944,dlk_tbl_00371,gob_tbl_02659,dlk_tbl_01675,gob_ext_00110,dlk_ext_00144,gob_ext_00314,gob_ext_00482
gob_proceso_0128;4;dlk_tbl_03207,dlk_tbl_02323,gob_tbl_01405,proc_tbl_01938;7;gob_tbl_02623,gob_tbl_01017,gob_tbl_01685,dlk_tbl_01507,gob_ext_00355,gob_ext_00072,proc_ext_00423
gob_proceso_0129;4;gob_tbl_02485,dlk_tbl_02579,gob_tbl_01218,gob_tbl_03323;13;dash_tbl_03122,gob_tbl_01647,dlk_tbl_00581,dlk_tbl_01126,gob_tbl_01292,dash_tbl_02053,gob_tbl_00897,gob_ext_00435,dlk_ext_00365,proc_ext_00234,dash_ext_00400,dlk_ext_00360,proc_ext_00248
dlk_proceso_0130;6;gob_tbl_00271,proc_tbl_00800,dlk_tbl_00839,dlk_tbl_00675,gob_tbl_00875,gob_tbl_00747;9;gob_tbl_00690,dlk_tbl_01176,dash_tbl_03237,gob_tbl_00898,dlk_tbl_03071,m4vw_ext_00432,gob_ext_00130,gob_ext_00474,proc_ext_00038
gob_proceso_0131;3;gob_tbl_01384,proc_tbl_00461,dash_tbl_00093;5;proc_tbl_00213,dlk_tbl_02207,gob_tbl_01130,dlk_ext_00224,dlk_ext_00309
dlk_proceso_0132;4;proc_tbl_00993,dlk_tbl_02393,proc_tbl_00072,gob_tbl_02902;6;proc_tbl_00109,gob_tbl_01750,proc_tbl_01837,dlk_ext_00183,dash_ext_00173,proc_ext_00041
gob_proceso_0133;6;dlk_tbl_01050,gob_tbl_02802,dlk_tbl_02435,dlk_tbl_00833,m4vw_tbl_03289,dlk_tbl_01415;8;gob_tbl_01601,proc_tbl_01950,dash_tbl_02660,dlk_tbl_01290,dash_tbl_00975,std_ext_00473,dlk_ext_00263,dash_ext_00087
gob_proceso_0134;5;proc_tbl_02993,dlk_tbl_01331,gob_tbl_00649,gob_tbl_01482,dlk_tbl_02016;10;proc_tbl_02226,dash_tbl_01184,dlk_tbl_00650,dlk_tbl_01751,gob_tbl_02621,gob_tbl_02920,dlk_ext_00106,dlk_ext_00263,dash_ext_00073,dash_ext_00120
proc_proceso_0135;6;dlk_tbl_02628,gob_tbl_00094,gob_tbl_00687,dlk_tbl_00957,dlk_tbl_00923,gob_tbl_02536;9;gob_tbl_00194,gob_tbl_02511,gob_tbl_00445,dlk_tbl_02049,proc_tbl_01124,dash_ext_00427,gob_ext_00086,gob_ext_00277,gob_ext_00259
proc_proceso_0136;6;dlk_tbl_00855,proc_tbl_03036,proc_tbl_01818,dash_tbl_02899,gob_tbl_01158,dlk_tbl_01346;10;dlk_tbl_00960,gob_tbl_00282,gob_tbl_02155,dash_tbl_01244,proc_tbl_01098,gob_tbl_02782,gob_ext_00044,dlk_ext_00224,dlk_ext_00439,dlk_ext_00465
proc_proceso_0137;3;dlk_tbl_00404,dlk_tbl_01032,gob_tbl_01427;14;dlk_tbl_02465,dlk_tbl_02365,proc_tbl_02870,dash_tbl_01048,proc_tbl_01098,gob_tbl_01263,gob_tbl_00988,dlk_tbl_00960,dlk_ext_00337,gob_ext_00435,dlk_ext_00144,dlk_ext_00316,dlk_ext_00360,dlk_ext_00068
dash_proceso_0138;4;dash_tbl_02431,proc_tbl_01070,proc_tbl_00636,std_tbl_01029;7;dlk_tbl_01495,gob_tbl_00180,dash_tbl_02400,gob_tbl_02659,proc_ext_00015,gob_ext_00272,dlk_ext_00347
dlk_proceso_0139;5;gob_tbl_00398,dlk_tbl_01698,gob_tbl_01933,dlk_tbl_00146,std_tbl_02981;8;gob_tbl_03249,dlk_tbl_02574,dlk_tbl_01331,dash_tbl_01521,proc_tbl_00156,gob_ext_00364,dash_ext_00117,gob_ext_00151
dash_proceso_0140;7;gob_tbl_01377,gob_tbl_02471,gob_tbl_00814,proc_tbl_02758,gob_tbl_02054,gob_tbl_01385,proc_tbl_02972;10;gob_tbl_01796,gob_tbl_00727,dlk_tbl_00631,gob_tbl_01025,proc_tbl_02790,proc_tbl_02767,gob_ext_00161,gob_ext_00091,gob_ext_00159,dlk_ext_00366
dlk_proceso_0141;3;m4vw_tbl_00626,proc_tbl_03192,dlk_tbl_00880;10;gob_tbl_02041,dlk_tbl_02150,gob_tbl_03323,gob_tbl_02255,dlk_tbl_00328,dlk_tbl_02144,gob_ext_00187,dash_ext_00390,proc_ext_00301,dlk_ext_00162
dlk_proceso_0142;6;gob_tbl_00773,gob_tbl_03030,m4vw_tbl_02362,proc_tbl_02331,gob_tbl_02752,dlk_tbl_02581;16;gob_tbl_00074,proc_tbl_02254,gob_tbl_02247,gob_tbl_02909,dlk_tbl_02635,m4sco_tbl_01544,dlk_tbl_01839,dlk_tbl_00839,gob_tbl_02084,dlk_ext_00097,gob_ext_00211,dlk_ext_00465,gob_ext_00275,proc_ext_00333,m4vw_ext_00251,proc_ext_00038
dlk_proceso_0143;5;gob_tbl_01446,dlk_tbl_02528,gob_tbl_02797,dlk_tbl_00995,gob_tbl_02250;8;gob_tbl_03316,dlk_tbl_02371,dash_tbl_01522,gob_tbl_00850,std_tbl_00262,dlk_ext_00021,gob_ext_00245,gob_ext_00204
proc_proceso_0144;3;gob_tbl_02411,gob_tbl_02175,gob_tbl_00255;14;gob_tbl_00339,dlk_tbl_02876,gob_tbl_02260,dlk_tbl_01798,gob_tbl_00772,gob_tbl_00018,dlk_tbl_00161,ppn_tbl_01363,dlk_ext_00443,gob_ext_00075,std_ext_00267,gob_ext_00159,gob_ext_00096,gob_ext_00001
proc_proceso_0145;3;dash_tbl_00260,std_tbl_00812,dlk_tbl_00938;12;proc_tbl_00061,dlk_tbl_02787,gob_tbl_03225,gob_tbl_00152,gob_tbl_01857,ppn_tbl_00391,dlk_tbl_02510,dlk_ext_00411,gob_ext_00149,gob_ext_00189,proc_ext_00281,gob_ext_00459
dash_proceso_0146;3;gob_tbl_01136,ppn_tbl_01013,gob_tbl_02621;12;dlk_tbl_00949,gob_tbl_02095,gob_tbl_00306,gob_tbl_03062,dash_tbl_00462,dlk_tbl_01175,gob_tbl_01980,dash_ext_00145,gob_ext_00293,dash_ext_00471,gob_ext_00018,gob_ext_00181
dlk_proceso_0147;5;gob_tbl_03089,gob_tbl_03282,gob_tbl_02661,dash_tbl_01231,dlk_tbl_00408;15;dlk_tbl_01262,gob_tbl_00751,proc_tbl_02707,gob_tbl_02299,dlk_tbl_00343,gob_tbl_02155,dash_tbl_00998,gob_tbl_01922,dlk_tbl_00492,proc_ext_00469,gob_ext_00282,dlk_ext_00054,std_ext_00262,std_ext_00289,dash_ext_00453
proc_proceso_0148;5;m4vw_tbl_01479,gob_tbl_02487,dash_tbl_02306,proc_tbl_02413,dlk_tbl_01940;14;proc_tbl_02870,dlk_tbl_02393,dash_tbl_02400,gob_tbl_02539,dlk_tbl_02747,gob_tbl_02279,gob_tbl_01236,std_tbl_00464,dlk_ext_00255,dlk_ext_00162,gob_ext_00062,dash_ext_00099,std_ext_00034,gob_ext_00437
dlk_proceso_0149;3;dash_tbl_01410,gob_tbl_03195,gob_tbl_03319;14;gob_tbl_02260,dash_tbl_00254,gob_tbl_00709,gob_tbl_00482,gob_tbl_00781,gob_tbl_02511,gob_tbl_02623,gob_tbl_03196,dash_ext_00453,gob_ext_00298,dash_ext_00182,dash_ext_00427,proc_ext_00317,dlk_ext_00152
dlk_proceso_0150;2;gob_tbl_01508,proc_tbl_01053;8;dlk_tbl_01494,dlk_tbl_03051,dash_tbl_01171,gob_tbl_01404,gob_tbl_02881,dash_ext_00427,dlk_ext_00219,gob_ext_00138
gob_proceso_0151;5;dlk_tbl_00660,dlk_tbl_01565,gob_tbl_00288,proc_tbl_00407,proc_tbl_01585;8;gob_tbl_01227,gob_tbl_02449,dlk_tbl_00561,dlk_tbl_00250,std_tbl_02548,dash_ext_00453,gob_ext_00353,dlk_ext_00322
proc_proceso_0152;5;dlk_tbl_01392,proc_tbl_01571,dlk_tbl_00298,dash_tbl_01261,proc_tbl_00400;7;dlk_tbl_03047,proc_tbl_01877,dlk_tbl_02939,dlk_tbl_01925,gob_ext_00225,gob_ext_00308,gob_ext_00211
dlk_proceso_0153;5;gob_tbl_02307,gob_tbl_01695,proc_tbl_00452,dlk_tbl_01953,gob_tbl_02603;8;gob_tbl_00364,dlk_tbl_00421,gob_tbl_01706,dlk_tbl_02592,dlk_tbl_00510,proc_ext_00457,gob_ext_00486,gob_ext_00336
proc_proceso_0154;3;proc_tbl_02308,gob_tbl_01604,dlk_tbl_00429;7;std_tbl_01644,dlk_tbl_02743,proc_tbl_01318,dlk_tbl_03025,dlk_ext_00048,dlk_ext_00456,gob_ext_00296
dlk_proceso_0155;3;dlk_tbl_03105,gob_tbl_03142,dlk_tbl_02428;13;proc_tbl_01337,dlk_tbl_02633,gob_tbl_01796,gob_tbl_02843,dlk_tbl_01659,m4vw_tbl_01576,dlk_tbl_01309,proc_ext_00036,proc_ext_00127,gob_ext_00271,dlk_ext_00021,dlk_ext_00445,gob_ext_00110
dlk_proceso_0156;6;gob_tbl_02448,ppn_tbl_02414,dlk_tbl_00911,gob_tbl_00386,dlk_tbl_02055,gob_tbl_00793;15;gob_tbl_01447,dlk_tbl_02764,proc_tbl_01776,gob_tbl_01360,gob_tbl_02948,gob_tbl_01096,proc_tbl_02251,dlk_tbl_01555,dlk_tbl_02353,dlk_ext_00106,gob_ext_00123,gob_ext_00459,gob_ext_00112,dlk_ext_00040,gob_ext_00104
dlk_proceso_0157;6;dlk_tbl_02179,gob_tbl_01783,std_tbl_02833,dlk_tbl_01185,dlk_tbl_01280,gob_tbl_02019;11;proc_tbl_00590,gob_tbl_01449,dlk_tbl_02504,gob_tbl_01427,dash_tbl_00016,gob_tbl_02265,gob_ext_00376,proc_ext_00423,dash_ext_00099,dlk_ext_00160,dlk_ext_00128
gob_proceso_0158;6;gob_tbl_01234,proc_tbl_02931,dlk_tbl_00708,dlk_tbl_02893,dlk_tbl_00804,gob_tbl_00525;21;dlk_tbl_01468,dlk_tbl_01176,gob_tbl_01726,std_tbl_01920,dlk_tbl_02327,dlk_tbl_02274,proc_tbl_00325,m4vw_tbl_02293,gob_tbl_02023,dlk_tbl_02020,gob_tbl_02638,dlk_tbl_02518,dash_ext_00133,dash_ext_00173,dlk_ext_00307,gob_ext_00187,dash_ext_00378,dlk_ext_00359,gob_ext_00300,gob_ext_00478,dlk_ext_00042
gob_proceso_0159;6;gob_tbl_00737,dlk_tbl_01162,proc_tbl_00200,dash_tbl_02076,dlk_tbl_02749,proc_tbl_01168;6;gob_tbl_03054,proc_tbl_01765,gob_tbl_01269,gob_ext_00123,gob_ext_00323,dash_ext_00145
dlk_proceso_0160;2;gob_tbl_02526,gob_tbl_01009;15;gob_tbl_00728,gob_tbl_00119,gob_tbl_00850,dlk_tbl_00030,dlk_tbl_02386,proc_tbl_02896,gob_tbl_00278,dlk_tbl_02519,dlk_tbl_02730,gob_ext_00298,proc_ext_00156,dash_ext_00073,dash_ext_00427,gob_ext_00072,gob_ext_00025
gob_proceso_0161;4;dlk_tbl_00857,gob_tbl_00245,dlk_tbl_01699,gob_tbl_02820;4;dlk_tbl_03047,gob_tbl_02215,dlk_ext_00118,gob_ext_00314
proc_proceso_0162;6;dash_tbl_01887,dlk_tbl_02918,dash_tbl_02850,proc_tbl_00985,dlk_tbl_02300,gob_tbl_02599;9;dlk_tbl_01913,gob_tbl_03236,dash_tbl_02502,proc_tbl_01342,gob_tbl_02948,gob_ext_00181,proc_ext_00222,gob_ext_00474,proc_ext_00450
gob_proceso_0163;8;gob_tbl_03126,gob_tbl_02357,proc_tbl_01095,gob_tbl_02171,proc_tbl_01765,dash_tbl_02974,gob_tbl_00621,proc_tbl_01489;14;gob_tbl_01503,gob_tbl_00980,proc_tbl_03154,dlk_tbl_01650,dlk_tbl_01093,gob_tbl_02164,gob_tbl_02412,dlk_tbl_00917,dlk_ext_00180,gob_ext_00161,dlk_ext_00102,dlk_ext_00006,gob_ext_00277,dash_ext_00480
gob_proceso_0164;5;gob_tbl_01706,proc_tbl_02337,dlk_tbl_01621,dlk_tbl_02028,dlk_tbl_01772;19;dlk_tbl_00037,proc_tbl_02815,dlk_tbl_01221,gob_tbl_02264,gob_tbl_00310,gob_tbl_03248,dlk_tbl_02365,gob_tbl_02202,dlk_tbl_00917,gob_tbl_00821,gob_tbl_02129,gob_ext_00308,dlk_ext_00146,gob_ext_00179,dlk_ext_00244,gob_ext_00208,gob_ext_00230,dlk_ext_00154,dlk_ext_00255
gob_proceso_0165;5;gob_tbl_02345,gob_tbl_01324,dash_tbl_02285,gob_tbl_00164,proc_tbl_02489;9;proc_tbl_00337,dlk_tbl_02946,dlk_tbl_01494,dlk_tbl_00644,ppn_tbl_00479,gob_ext_00049,dash_ext_00182,dlk_ext_00263,dlk_ext_00021
dlk_proceso_0166;6;dlk_tbl_03184,dlk_tbl_01246,dlk_tbl_00248,dlk_tbl_01175,dlk_tbl_01278,dlk_tbl_01223;10;dlk_tbl_01348,gob_tbl_02968,gob_tbl_02659,dlk_tbl_02440,proc_tbl_02590,gob_tbl_02295,dlk_ext_00166,dlk_ext_00242,dlk_ext_00200,proc_ext_00333
dlk_proceso_0167;2;dlk_tbl_01500,gob_tbl_02975;10;gob_tbl_02541,dlk_tbl_02691,gob_tbl_02692,gob_tbl_01001,gob_tbl_02968,dlk_tbl_00470,dash_ext_00463,dlk_ext_00343,dash_ext_00390,gob_ext_00174
dlk_proceso_0168;5;dlk_tbl_03111,gob_tbl_00524,gob_tbl_00736,std_tbl_02046,gob_tbl_00387;10;std_tbl_01687,dlk_tbl_01659,std_tbl_00261,std_tbl_00262,m4sco_tbl_00247,dlk_tbl_01280,std_ext_00034,dash_ext_00114,proc_ext_00409,proc_ext_00488
dlk_proceso_0169;6;proc_tbl_02079,dlk_tbl_03070,gob_tbl_00395,proc_tbl_02624,gob_tbl_02951,proc_tbl_02218;11;gob_tbl_02606,dlk_tbl_03253,gob_tbl_01202,dlk_tbl_02867,dlk_tbl_00677,proc_tbl_01489,gob_ext_00272,proc_ext_00077,gob_ext_00020,gob_ext_00018,proc_ext_00063
dlk_proceso_0170;2;dlk_tbl_03047,gob_tbl_03107;5;dlk_tbl_02876,gob_tbl_03080,dlk_tbl_01987,gob_ext_00204,gob_ext_00272
dlk_proceso_0171;5;gob_tbl_02223,gob_tbl_00795,dlk_tbl_02642,dlk_tbl_01570,std_tbl_01644;14;proc_tbl_02911,dlk_tbl_02778,dlk_tbl_02028,dlk_tbl_01463,gob_tbl_02667,dlk_tbl_01908,dlk_tbl_00030,gob_tbl_00350,gob_ext_00437,dash_ext_00378,dlk_ext_00439,gob_ext_00274,gob_ext_00261,proc_ext_00469
proc_proceso_0172;6;proc_tbl_01724,gob_tbl_01623,proc_tbl_01994,dlk_tbl_00455,dash_tbl_01973,gob_tbl_01705;9;gob_tbl_02949,dlk_tbl_02143,dash_tbl_02257,dlk_tbl_02787,gob_tbl_03108,gob_ext_00001,dash_ext_00400,gob_ext_00486,dash_ext_00073
dlk_proceso_0173;2;dlk_tbl_01172,proc_tbl_01059;7;dlk_tbl_03000,gob_tbl_00690,dash_tbl_01847,gob_tbl_03236,proc_ext_00127,ppn_ext_00446,proc_ext_00052
gob_proceso_0174;6;dlk_tbl_00300,m4vw_tbl_00783,dlk_tbl_00258,gob_tbl_02522,dlk_tbl_03270,dlk_tbl_02733;9;std_tbl_00962,gob_tbl_00275,dlk_tbl_01297,gob_tbl_00928,dlk_tbl_02654,gob_ext_00230,dlk_ext_00226,gob_ext_00161,dlk_ext_00291
proc_proceso_0175;4;gob_tbl_00349,dash_tbl_02344,dlk_tbl_00816,gob_tbl_01682;7;ppn_tbl_00976,dlk_tbl_02350,gob_tbl_02155,gob_tbl_00152,dlk_ext_00448,gob_ext_00177,gob_ext_00414
dlk_proceso_0176;2;gob_tbl_00269,gob_tbl_01601;20;proc_tbl_00582,dlk_tbl_00154,proc_tbl_02324,gob_tbl_00445,dash_tbl_00462,gob_tbl_02537,gob_tbl_02391,gob_tbl_00585,gob_tbl_01236,dlk_tbl_02028,gob_tbl_01130,dlk_tbl_00680,dlk_ext_00146,gob_ext_00459,proc_ext_00127,gob_ext_00247,dash_ext_00480,dlk_ext_00242,gob_ext_00259,dlk_ext_00365
dlk_proceso_0177;2;dlk_tbl_01746,gob_tbl_02766;5;gob_tbl_03141,gob_tbl_02973,dlk_tbl_01113,gob_ext_00027,gob_ext_00103
dlk_proceso_0178;6;dash_tbl_00178,dlk_tbl_02304,dlk_tbl_01300,dlk_tbl_00117,gob_tbl_02208,gob_tbl_02417;9;dlk_tbl_02350,dash_tbl_02694,gob_tbl_00896,gob_tbl_00537,gob_tbl_01774,m4vw_ext_00135,dash_ext_00400,dlk_ext_00256,dlk_ext_00322
proc_proceso_0179;2;dlk_tbl_02127,dlk_tbl_01352;13;proc_tbl_02187,gob_tbl_00615,dlk_tbl_03031,dlk_tbl_01570,gob_tbl_03313,proc_tbl_00636,proc_tbl_02925,dash_ext_00467,m4vw_ext_00002,m4sco_ext_00324,gob_ext_00258,gob_ext_00270,dash_ext_00471
gob_proceso_0180;5;proc_tbl_02278,gob_tbl_01937,gob_tbl_02782,gob_tbl_01591,dlk_tbl_02086;16;gob_tbl_00509,dlk_tbl_00796,gob_tbl_01720,m4sco_tbl_01133,gob_tbl_00405,gob_tbl_03319,dlk_tbl_00674,dlk_tbl_01149,gob_tbl_01655,gob_ext_00072,proc_ext_00213,gob_ext_00098,dash_ext_00057,proc_ext_00038,dlk_ext_00313,proc_ext_00283
gob_proceso_0181;4;gob_tbl_00932,dlk_tbl_01221,gob_tbl_00242,proc_tbl_01007;10;proc_tbl_00287,dlk_tbl_01983,dlk_tbl_01868,gob_tbl_03245,gob_tbl_01935,dlk_tbl_00258,std_ext_00318,dlk_ext_00337,dash_ext_00453,gob_ext_00470
dash_proceso_0182;3;m4sco_tbl_03243,dash_tbl_00149,dlk_tbl_00520;7;proc_tbl_01992,proc_tbl_00115,gob_tbl_02744,dlk_tbl_02406,gob_ext_00232,dlk_ext_00137,dlk_ext_00242
gob_proceso_0183;2;dlk_tbl_02465,dlk_tbl_02497;9;dash_tbl_00178,dlk_tbl_00372,proc_tbl_02750,dash_tbl_00093,gob_tbl_00426,dlk_ext_00443,gob_ext_00091,dlk_ext_00411,gob_ext_00413
gob_proceso_0184;4;dash_tbl_03078,dlk_tbl_02234,gob_tbl_01254,dlk_tbl_00136;10;gob_tbl_00617,gob_tbl_03245,dlk_tbl_02905,proc_tbl_00997,dlk_tbl_00345,dlk_tbl_01037,dlk_ext_00309,gob_ext_00482,dlk_ext_00468,proc_ext_00061
dash_proceso_0185;4;m4vw_tbl_02907,proc_tbl_02180,dlk_tbl_00082,gob_tbl_01194;4;dash_tbl_03263,proc_tbl_00489,gob_ext_00096,gob_ext_00379
dlk_proceso_0186;5;dlk_tbl_01123,proc_tbl_01536,dash_tbl_00991,dlk_tbl_01686,gob_tbl_01840;14;dlk_tbl_02089,gob_tbl_00395,dlk_tbl_00345,dlk_tbl_00825,dlk_tbl_00631,gob_tbl_03009,dlk_tbl_00927,dlk_tbl_01941,gob_ext_00274,dlk_ext_00017,gob_ext_00482,gob_ext_00376,gob_ext_00303,gob_ext_00364
dlk_proceso_0187;2;gob_tbl_02355,dlk_tbl_00680;12;dlk_tbl_02743,dlk_tbl_01265,dlk_tbl_00192,gob_tbl_02334,dlk_tbl_00663,gob_tbl_02417,dlk_tbl_00634,dlk_ext_00158,dash_ext_00078,dlk_ext_00250,proc_ext_00036,gob_ext_00459
proc_proceso_0188;3;dlk_tbl_00246,proc_tbl_01085,proc_tbl_01431;6;gob_tbl_00761,proc_tbl_02413,dlk_tbl_02136,gob_ext_00364,dlk_ext_00273,dash_ext_00480
dlk_proceso_0189;5;dash_tbl_02869,dash_tbl_02995,dlk_tbl_03052,dlk_tbl_01434,dlk_tbl_00181;14;gob_tbl_00621,gob_tbl_01105,gob_tbl_01361,proc_tbl_02534,m4sco_tbl_03243,dlk_tbl_02491,gob_tbl_00208,gob_tbl_02409,proc_ext_00063,dlk_ext_00048,dash_ext_00125,dlk_ext_00081,dash_ext_00073,dash_ext_00378
proc_proceso_0190;2;gob_tbl_01330,dlk_tbl_02574;15;ppn_tbl_01200,gob_tbl_02190,proc_tbl_00710,proc_tbl_00947,proc_tbl_01776,gob_tbl_00743,proc_tbl_02954,dash_tbl_03213,dlk_tbl_00399,dlk_ext_00193,gob_ext_00459,gob_ext_00070,gob_ext_00072,gob_ext_00314,gob_ext_00083
dlk_proceso_0191;7;dlk_tbl_00118,dlk_tbl_01652,dlk_tbl_02912,gob_tbl_01758,std_tbl_02757,gob_tbl_01091,dlk_tbl_01294;6;gob_tbl_00144,dlk_tbl_01203,gob_tbl_00775,gob_ext_00188,dlk_ext_00154,proc_ext_00124
gob_proceso_0192;6;gob_tbl_00020,dlk_tbl_00098,gob_tbl_03104,gob_tbl_00782,dash_tbl_00523,dlk_tbl_02863;15;gob_tbl_00827,dlk_tbl_01066,dlk_tbl_00519,gob_tbl_00279,gob_tbl_00346,ppn_tbl_02414,gob_tbl_01951,dlk_tbl_01925,gob_tbl_01912,proc_ext_00447,dlk_ext_00273,gob_ext_00023,proc_ext_00257,gob_ext_00093,dlk_ext_00263
dlk_proceso_0193;4;proc_tbl_02570,dlk_tbl_00463,gob_tbl_03245,dlk_tbl_00372;3;gob_tbl_00564,dlk_tbl_02535,gob_ext_00258
dlk_proceso_0194;2;m4sco_tbl_01728,dash_tbl_01388;8;dash_tbl_02431,gob_tbl_00594,dlk_tbl_00492,gob_tbl_02153,dash_tbl_00178,dlk_ext_00152,gob_ext_00344,dlk_ext_00430
dlk_proceso_0195;6;gob_tbl_01642,dlk_tbl_00173,dash_tbl_00182,gob_tbl_01754,gob_tbl_00981,dlk_tbl_01572;9;dlk_tbl_02546,dlk_tbl_02127,proc_tbl_02101,dlk_tbl_00023,dlk_tbl_00792,dash_ext_00346,dlk_ext_00360,dlk_ext_00255,dlk_ext_00290
dlk_proceso_0196;6;gob_tbl_02126,std_tbl_01054,gob_tbl_00243,gob_tbl_02280,proc_tbl_01928,dlk_tbl_01149;11;gob_tbl_03126,gob_tbl_01963,dlk_tbl_00496,gob_tbl_00747,gob_tbl_00524,dlk_tbl_02406,gob_ext_00177,dlk_ext_00312,gob_ext_00027,dash_ext_00427,gob_ext_00189
gob_proceso_0197;7;gob_tbl_01222,m4sco_tbl_00247,m4sco_tbl_01544,dash_tbl_01121,gob_tbl_01334,dash_tbl_03301,dlk_tbl_02794;11;dlk_tbl_02040,dlk_tbl_01381,dlk_tbl_00244,gob_tbl_01023,proc_tbl_03154,gob_tbl_03132,proc_ext_00127,gob_ext_00211,std_ext_00393,dlk_ext_00250,gob_ext_00482
proc_proceso_0198;3;gob_tbl_01354,gob_tbl_03050,gob_tbl_00615;13;m4sco_tbl_00183,dlk_tbl_02926,proc_tbl_00964,gob_tbl_00807,gob_tbl_02810,dash_tbl_02660,dlk_tbl_00990,dlk_ext_00102,gob_ext_00024,gob_ext_00326,dlk_ext_00339,dash_ext_00453,dlk_ext_00142
proc_proceso_0199;5;proc_tbl_02098,proc_tbl_01081,dlk_tbl_02047,gob_tbl_01902,gob_tbl_00032;10;gob_tbl_01906,dlk_tbl_00300,gob_tbl_01260,m4sco_tbl_00133,gob_tbl_01205,dlk_tbl_00694,gob_ext_00438,dash_ext_00390,dlk_ext_00461,gob_ext_00328
dlk_proceso_0200;5;dlk_tbl_02927,dlk_tbl_02894,dlk_tbl_02170,dlk_tbl_00220,gob_tbl_02483;10;proc_tbl_02637,m4sco_tbl_00838,m4vw_tbl_01903,dlk_tbl_00105,m4vw_tbl_02805,gob_tbl_00335,dlk_ext_00146,gob_ext_00020,m4vw_ext_00002,gob_ext_00408
dlk_proceso_0201;2;gob_tbl_00689,dlk_tbl_02032;9;gob_tbl_01340,proc_tbl_01259,proc_tbl_00452,proc_tbl_00904,dlk_tbl_01421,gob_ext_00335,gob_ext_00110,proc_ext_00136,gob_ext_00159
dlk_proceso_0202;6;m4vw_tbl_02112,gob_tbl_02081,dlk_tbl_01679,proc_tbl_02024,gob_tbl_02141,dlk_tbl_01397;4;gob_tbl_03139,dlk_tbl_02022,gob_ext_00091,dlk_ext_00244
dash_proceso_0203;6;dlk_tbl_00609,dash_tbl_02706,dlk_tbl_02543,proc_tbl_02898,gob_tbl_02549,dlk_tbl_00682;6;gob_tbl_00335,gob_tbl_02270,gob_tbl_01796,gob_ext_00455,dash_ext_00125,proc_ext_00036
gob_proceso_0204;4;dlk_tbl_01709,dlk_tbl_02341,gob_tbl_02222,gob_tbl_01033;12;proc_tbl_03166,dlk_tbl_03129,dlk_tbl_03150,dash_tbl_00021,dlk_tbl_00971,dlk_tbl_00101,dlk_tbl_02708,gob_ext_00271,proc_ext_00450,proc_ext_00067,dash_ext_00436,gob_ext_00293
dlk_proceso_0205;5;dlk_tbl_02203,dash_tbl_01871,dlk_tbl_02563,gob_tbl_02162,dlk_tbl_01429;5;dlk_tbl_02926,gob_tbl_02190,dlk_tbl_02832,proc_ext_00139,gob_ext_00306
dlk_proceso_0206;5;gob_tbl_02073,gob_tbl_01386,dash_tbl_00924,gob_tbl_00860,dlk_tbl_03303;19;proc_tbl_00231,dlk_tbl_00206,dlk_tbl_02656,proc_tbl_01938,gob_tbl_01980,gob_tbl_00961,dash_tbl_00260,dlk_tbl_01309,gob_tbl_03100,gob_tbl_00736,gob_tbl_00243,proc_ext_00394,gob_ext_00025,proc_ext_00383,dash_ext_00120,dlk_ext_00158,gob_ext_00075,dlk_ext_00407,proc_ext_00257
gob_proceso_0207;2;dlk_tbl_02064,gob_tbl_01151;9;dash_tbl_01955,gob_tbl_00113,gob_tbl_03038,m4sco_tbl_01285,gob_tbl_02034,dlk_ext_00371,proc_ext_00076,dlk_ext_00006,gob_ext_00096
dlk_proceso_0208;4;proc_tbl_02339,proc_tbl_00015,dlk_tbl_03205,gob_tbl_03064;7;proc_tbl_00902,gob_tbl_03158,dlk_tbl_03129,dlk_tbl_02291,dlk_ext_00116,proc_ext_00257,dlk_ext_00128
dlk_proceso_0209;4;proc_tbl_02382,gob_tbl_01553,proc_tbl_00910,dash_tbl_02211;7;gob_tbl_02109,dlk_tbl_03053,gob_tbl_02667,proc_tbl_00230,dash_ext_00458,gob_ext_00174,dlk_ext_00483
dlk_proceso_0210;6;proc_tbl_01833,gob_tbl_03158,dlk_tbl_00265,gob_tbl_00518,gob_tbl_01647,dash_tbl_01031;10;dash_tbl_01545,ppn_tbl_00289,gob_tbl_03028,proc_tbl_03305,gob_tbl_01980,std_tbl_01118,gob_ext_00476,dash_ext_00392,dash_ext_00436,gob_ext_00277
dlk_proceso_0211;3;proc_tbl_02003,gob_tbl_00350,proc_tbl_00352;9;proc_tbl_00457,gob_tbl_00709,proc_tbl_02922,gob_tbl_00007,gob_tbl_02655,dash_ext_00467,gob_ext_00108,gob_ext_00415,gob_ext_00478
dlk_proceso_0212;6;gob_tbl_01635,dlk_tbl_02787,dash_tbl_00169,dash_tbl_00741,m4vw_tbl_03049,proc_tbl_02233;16;dlk_tbl_01662,gob_tbl_02802,dash_tbl_01343,dash_tbl_00998,dlk_tbl_01132,gob_tbl_00190,gob_tbl_02084,gob_tbl_00930,proc_tbl_00970,dlk_ext_00224,dlk_ext_00144,m4vw_ext_00002,dlk_ext_00158,std_ext_00262,std_ext_00473,gob_ext_00104
dash_proceso_0213;4;dash_tbl_00915,gob_tbl_02059,dash_tbl_03290,proc_tbl_03055;7;proc_tbl_01837,dlk_tbl_00953,gob_tbl_00652,proc_tbl_01161,dlk_ext_00460,gob_ext_00293,dlk_ext_00313
dash_proceso_0214;7;dlk_tbl_01678,gob_tbl_02814,proc_tbl_00109,dlk_tbl_02447,proc_tbl_03179,m4vw_tbl_02200,dlk_tbl_02826;4;proc_tbl_02977,dlk_tbl_02733,gob_ext_00314,proc_ext_00317
dlk_proceso_0215;7;dlk_tbl_02353,dlk_tbl_00519,gob_tbl_01537,dash_tbl_02695,gob_tbl_00882,dlk_tbl_00608,dlk_tbl_02294;9;gob_tbl_01453,dlk_tbl_00303,m4sco_tbl_00247,dash_tbl_01522,dash_tbl_01171,proc_ext_00067,gob_ext_00119,proc_ext_00370,dlk_ext_00325
proc_proceso_0216;5;gob_tbl_01064,dlk_tbl_03231,dlk_tbl_01358,dlk_tbl_00786,proc_tbl_00787;8;dlk_tbl_01546,gob_tbl_02562,dlk_tbl_00131,std_tbl_01019,dlk_tbl_02219,dash_ext_00173,proc_ext_00202,gob_ext_00008
dash_proceso_0217;4;dash_tbl_02100,gob_tbl_03137,gob_tbl_00717,gob_tbl_03269;11;dlk_tbl_02726,dash_tbl_02694,dlk_tbl_03042,proc_tbl_00515,proc_tbl_00929,gob_tbl_02820,ppn_ext_00361,gob_ext_00434,m4vw_ext_00246,proc_ext_00136,gob_ext_00025
dash_proceso_0218;6;gob_tbl_01450,gob_tbl_01433,dlk_tbl_00713,gob_tbl_02674,gob_tbl_02225,dlk_tbl_02916;6;gob_tbl_00349,proc_tbl_02226,dlk_tbl_00661,dlk_ext_00051,gob_ext_00314,dlk_ext_00315
dlk_proceso_0219;4;gob_tbl_02134,dlk_tbl_01329,dlk_tbl_03315,gob_tbl_02026;11;gob_tbl_00194,proc_tbl_03181,dlk_tbl_00444,gob_tbl_01349,gob_tbl_02429,dash_tbl_01388,gob_ext_00072,proc_ext_00229,dlk_ext_00183,gob_ext_00086,gob_ext_00070
dlk_proceso_0220;3;ppn_tbl_01363,gob_tbl_00002,gob_tbl_00603;14;gob_tbl_03038,dash_tbl_00159,proc_tbl_00452,gob_tbl_02154,gob_tbl_00592,dlk_tbl_00834,dlk_tbl_00201,dlk_tbl_00628,proc_ext_00141,dash_ext_00182,proc_ext_00127,gob_ext_00072,dlk_ext_00084,gob_ext_00308
dlk_proceso_0221;3;gob_tbl_00898,dlk_tbl_03025,proc_tbl_00956;9;std_tbl_02605,gob_tbl_00697,gob_tbl_01808,dash_tbl_03161,dash_tbl_00998,proc_ext_00202,gob_ext_00169,m4sco_ext_00053,std_ext_00267
gob_proceso_0222;2;proc_tbl_02174,dlk_tbl_02464;20;dlk_tbl_00154,gob_tbl_01957,gob_tbl_03066,std_tbl_02271,gob_tbl_00007,dlk_tbl_01350,dlk_tbl_02071,gob_tbl_01068,dlk_tbl_03177,dash_tbl_02017,m4vw_tbl_02618,dash_tbl_02044,dlk_ext_00160,dlk_ext_00404,gob_ext_00455,gob_ext_00437,dash_ext_00078,proc_ext_00234,dlk_ext_00366,gob_ext_00282
dlk_proceso_0223;4;gob_tbl_01453,gob_tbl_02074,dash_tbl_02734,gob_tbl_01656;9;m4sco_tbl_00294,dlk_tbl_01675,dlk_tbl_01500,gob_tbl_00752,gob_tbl_03118,dlk_ext_00290,dlk_ext_00040,gob_ext_00314,dlk_ext_00397
dash_proceso_0224;3;dlk_tbl_02836,dlk_tbl_01501,dlk_tbl_02594;14;gob_tbl_01110,dash_tbl_03004,gob_tbl_01130,gob_tbl_00276,proc_tbl_02133,dash_tbl_00028,proc_tbl_02256,dlk_tbl_03168,gob_ext_00336,gob_ext_00486,gob_ext_00083,gob_ext_00035,proc_ext_00317,gob_ext_00259
gob_proceso_0225;7;proc_tbl_01318,gob_tbl_02429,dlk_tbl_03322,dlk_tbl_01595,proc_tbl_02169,std_tbl_02238,std_tbl_00464;9;proc_tbl_02839,gob_tbl_02190,proc_tbl_02035,dlk_tbl_00192,dlk_tbl_02028,std_ext_00034,dlk_ext_00360,gob_ext_00093,gob_ext_00413
dash_proceso_0226;2;gob_tbl_01823,dlk_tbl_01742;20;gob_tbl_03118,gob_tbl_00870,dlk_tbl_00828,gob_tbl_00290,m4sco_tbl_02457,dlk_tbl_01224,dlk_tbl_02608,proc_tbl_03268,gob_tbl_02407,gob_tbl_00420,m4sco_tbl_01588,gob_tbl_02989,dlk_ext_00183,dash_ext_00392,dlk_ext_00461,gob_ext_00350,dlk_ext_00162,dlk_ext_00343,std_ext_00318,proc_ext_00231
dash_proceso_0227;3;gob_tbl_02124,dash_tbl_00505,gob_tbl_00152;8;gob_tbl_02638,dlk_tbl_01626,dlk_tbl_00244,dlk_tbl_01474,gob_tbl_02345,dlk_ext_00428,dlk_ext_00357,dlk_ext_00249
gob_proceso_0228;3;dlk_tbl_00444,gob_tbl_00401,dlk_tbl_00703;9;gob_tbl_03210,dlk_tbl_02628,dlk_tbl_01210,gob_tbl_02667,gob_tbl_01014,proc_ext_00268,gob_ext_00096,gob_ext_00435,dlk_ext_00102
dlk_proceso_0229;3;gob_tbl_01957,dlk_tbl_00628,proc_tbl_02588;15;gob_tbl_00197,gob_tbl_02334,m4vw_tbl_01778,proc_tbl_01877,dlk_tbl_00658,gob_tbl_03323,dlk_tbl_03270,proc_tbl_00740,dash_tbl_00523,dlk_ext_00395,proc_ext_00015,gob_ext_00259,dlk_ext_00143,proc_ext_00311,proc_ext_00409
dlk_proceso_0230;3;dlk_tbl_01515,gob_tbl_02113,proc_tbl_00740;5;dlk_tbl_01941,gob_tbl_00501,dlk_tbl_00546,gob_ext_00239,proc_ext_00234
dlk_proceso_0231;3;dlk_tbl_00264,gob_tbl_00912,gob_tbl_03080;14;dash_tbl_01924,dlk_tbl_01698,dash_tbl_02869,gob_tbl_02301,gob_tbl_03113,dlk_tbl_01923,dlk_tbl_00030,dlk_tbl_00651,dlk_ext_00343,dlk_ext_00456,m4sco_ext_00028,dash_ext_00392,gob_ext_00355,dlk_ext_00315
dlk_proceso_0232;8;gob_tbl_00191,gob_tbl_02116,gob_tbl_02215,dlk_tbl_00796,proc_tbl_00497,gob_tbl_02182,gob_tbl_00209,dash_tbl_01109;5;gob_tbl_02663,gob_tbl_02429,gob_tbl_01235,dlk_ext_00485,dlk_ext_00340
dlk_proceso_0233;4;dlk_tbl_01841,dash_tbl_00605,std_tbl_02115,proc_tbl_02220;12;proc_tbl_02520,proc_tbl_00964,gob_tbl_02222,std_tbl_01118,dlk_tbl_02778,dlk_tbl_02779,std_tbl_01019,dlk_ext_00456,m4sco_ext_00047,dlk_ext_00357,gob_ext_00272,dlk_ext_00316
dash_proceso_0234;2;gob_tbl_01593,gob_tbl_01438;7;dash_tbl_00374,dash_tbl_03157,ppn_tbl_01200,proc_tbl_03044,gob_ext_00272,gob_ext_00326,dlk_ext_00439
gob_proceso_0235;6;dash_tbl_00241,gob_tbl_03046,proc_tbl_00555,proc_tbl_01249,ppn_tbl_02739,dlk_tbl_03131;4;dlk_tbl_00633,dlk_tbl_03320,gob_ext_00083,dlk_ext_00366
dlk_proceso_0236;5;gob_tbl_00197,dlk_tbl_01199,std_tbl_00214,dlk_tbl_00381,dlk_tbl_02433;13;dlk_tbl_02743,gob_tbl_01630,proc_tbl_02801,dlk_tbl_00510,std_tbl_01812,dlk_tbl_03306,gob_tbl_02062,dlk_ext_00071,dlk_ext_00134,dlk_ext_00105,dash_ext_00117,gob_ext_00335,gob_ext_00406
dlk_proceso_0237;5;std_tbl_02771,dlk_tbl_00185,dlk_tbl_01849,dlk_tbl_01299,dlk_tbl_01069;8;gob_tbl_01642,proc_tbl_01461,gob_tbl_03279,dlk_tbl_01290,gob_tbl_03222,dlk_ext_00309,proc_ext_00156,gob_ext_00344
proc_proceso_0238;3;dlk_tbl_00544,gob_tbl_02261,m4vw_tbl_02405;14;dlk_tbl_02464,proc_tbl_01255,dlk_tbl_03109,proc_tbl_03179,gob_tbl_01450,std_tbl_00013,proc_tbl_01776,dlk_tbl_00114,gob_ext_00487,proc_ext_00450,gob_ext_00271,proc_ext_00077,m4vw_ext_00135,gob_ext_00090
gob_proceso_0239;6;gob_tbl_01676,dlk_tbl_00685,proc_tbl_01144,dlk_tbl_00137,gob_tbl_02997,dlk_tbl_02633;12;gob_tbl_02175,dlk_tbl_01800,gob_tbl_00375,dlk_tbl_03253,gob_tbl_00878,dlk_tbl_02047,gob_tbl_00587,dash_ext_00145,dlk_ext_00000,dlk_ext_00416,gob_ext_00112,proc_ext_00121
gob_proceso_0240;5;m4vw_tbl_01315,proc_tbl_02302,dlk_tbl_00140,dlk_tbl_02716,dash_tbl_00586;11;gob_tbl_01912,m4sco_tbl_01588,m4sco_tbl_01603,dlk_tbl_00499,gob_tbl_00992,gob_tbl_01344,gob_ext_00308,gob_ext_00323,dlk_ext_00404,dlk_ext_00483,gob_ext_00272
dlk_proceso_0241;2;gob_tbl_01130,gob_tbl_02062;15;gob_tbl_01506,dash_tbl_02816,proc_tbl_01769,gob_tbl_02623,std_tbl_03065,dash_tbl_00511,dlk_tbl_01246,gob_tbl_02095,dlk_tbl_00938,dash_ext_00467,gob_ext_00020,dlk_ext_00315,proc_ext_00015,dlk_ext_00071,gob_ext_00044
dash_proceso_0242;3;dlk_tbl_02488,proc_tbl_01901,proc_tbl_01939;8;gob_tbl_02728,dlk_tbl_01628,gob_tbl_01236,proc_tbl_01249,dash_tbl_00239,dlk_ext_00219,dlk_ext_00391,proc_ext_00121
dash_proceso_0243;3;proc_tbl_03235,dlk_tbl_00314,dash_tbl_00028;11;gob_tbl_00434,dlk_tbl_00054,gob_tbl_02215,dlk_tbl_02455,dlk_tbl_02419,dlk_tbl_00653,dlk_ext_00048,gob_ext_00049,dash_ext_00480,gob_ext_00161,dlk_ext_00312
dlk_proceso_0244;4;gob_tbl_00448,gob_tbl_00735,dlk_tbl_02892,dlk_tbl_03061;7;gob_tbl_03080,gob_tbl_00591,dlk_tbl_02514,gob_tbl_03005,dlk_ext_00162,dlk_ext_00194,gob_ext_00130
gob_proceso_0245;8;proc_tbl_00596,proc_tbl_02326,dlk_tbl_01997,gob_tbl_03079,dlk_tbl_03033,gob_tbl_01549,dlk_tbl_01805,gob_tbl_03156;6;proc_tbl_02870,gob_tbl_03309,proc_tbl_02339,gob_ext_00130,dlk_ext_00357,gob_ext_00295
dlk_proceso_0246;5;dlk_tbl_02290,dlk_tbl_00840,dlk_tbl_00286,dlk_tbl_01203,std_tbl_00744;5;std_tbl_03065,proc_tbl_01942,proc_tbl_01560,gob_ext_00070,proc_ext_00056
dlk_proceso_0247;3;gob_tbl_01094,gob_tbl_00509,dlk_tbl_02272;11;dlk_tbl_00086,proc_tbl_01667,dlk_tbl_03217,gob_tbl_02260,gob_tbl_00952,proc_tbl_00115,proc_ext_00450,gob_ext_00027,dlk_ext_00224,dlk_ext_00162,gob_ext_00075
gob_proceso_0248;2;dlk_tbl_02385,dlk_tbl_00903;5;gob_tbl_01190,dlk_tbl_00264,dlk_tbl_01551,gob_ext_00419,std_ext_00122
gob_proceso_0249;3;gob_tbl_00079,dlk_tbl_03209,proc_tbl_02702;4;dlk_tbl_03228,dlk_tbl_00137,dash_ext_00392,dash_ext_00378
gob_proceso_0250;4;dash_tbl_02818,proc_tbl_02657,dlk_tbl_01613,gob_tbl_01253;12;gob_tbl_00935,gob_tbl_03170,gob_tbl_03023,dlk_tbl_01759,gob_tbl_01024,dlk_tbl_01982,std_tbl_01019,gob_ext_00314,gob_ext_00110,dash_ext_00436,dash_ext_00057,proc_ext_00417
gob_proceso_0251;5;gob_tbl_02109,dlk_tbl_03128,proc_tbl_02917,m4sco_tbl_01439,gob_tbl_01681;12;proc_tbl_00801,dlk_tbl_00143,gob_tbl_01912,ppn_tbl_00229,dlk_tbl_02778,dlk_tbl_01037,dash_tbl_02658,proc_ext_00041,gob_ext_00486,dlk_ext_00006,dlk_ext_00461,dlk_ext_00219
dlk_proceso_0252;7;dlk_tbl_02491,dlk_tbl_00966,proc_tbl_00552,ppn_tbl_01770,proc_tbl_01747,m4vw_tbl_02458,dash_tbl_03161;9;dlk_tbl_02371,gob_tbl_01269,gob_tbl_01021,dlk_tbl_00202,dlk_tbl_00474,gob_ext_00108,proc_ext_00063,gob_ext_00064,dlk_ext_00226
dlk_proceso_0253;4;gob_tbl_01562,gob_tbl_00422,dlk_tbl_01225,dlk_tbl_02679;13;gob_tbl_02109,dlk_tbl_00508,proc_tbl_00323,dlk_tbl_02455,ppn_tbl_00297,dash_tbl_02658,gob_tbl_02661,proc_ext_00345,dash_ext_00057,dlk_ext_00468,gob_ext_00364,proc_ext_00237,gob_ext_00189
proc_proceso_0254;3;proc_tbl_01804,proc_tbl_02212,gob_tbl_00946;6;gob_tbl_03075,dash_tbl_01152,gob_tbl_03079,proc_ext_00202,dlk_ext_00194,gob_ext_00282
dlk_proceso_0255;4;gob_tbl_00008,gob_tbl_02061,proc_tbl_01259,dlk_tbl_01552;10;gob_tbl_01978,gob_tbl_02552,gob_tbl_03210,proc_tbl_02750,gob_tbl_01794,dlk_tbl_02291,proc_ext_00036,proc_ext_00121,dlk_ext_00366,dlk_ext_00340
dlk_proceso_0256;3;dash_tbl_01745,dlk_tbl_02430,gob_tbl_02466;11;dash_tbl_02962,dlk_tbl_01061,gob_tbl_02182,gob_tbl_01796,dlk_tbl_01122,gob_tbl_02997,gob_ext_00112,dlk_ext_00146,proc_ext_00052,gob_ext_00364,dlk_ext_00366
dlk_proceso_0257;8;gob_tbl_02933,dlk_tbl_01237,m4sco_tbl_00125,dlk_tbl_00583,dlk_tbl_02967,gob_tbl_00217,proc_tbl_02925,gob_tbl_01637;9;dlk_tbl_02939,gob_tbl_00032,gob_tbl_00454,dlk_tbl_01982,dlk_tbl_01066,proc_ext_00124,gob_ext_00216,dlk_ext_00000,gob_ext_00328
gob_proceso_0258;5;dlk_tbl_01763,dlk_tbl_02259,ppn_tbl_00441,gob_tbl_01845,gob_tbl_02672;7;dlk_tbl_00154,proc_tbl_00956,dlk_tbl_01012,gob_tbl_01438,gob_ext_00298,dlk_ext_00264,dash_ext_00145
proc_proceso_0259;4;std_tbl_00557,proc_tbl_01233,gob_tbl_00652,std_tbl_03256;17;gob_tbl_00501,dlk_tbl_02348,dlk_tbl_00077,gob_tbl_01091,dlk_tbl_02488,dlk_tbl_03177,gob_tbl_02175,gob_tbl_02700,gob_tbl_00867,dlk_tbl_00253,dlk_ext_00166,gob_ext_00072,dlk_ext_00048,dlk_ext_00128,gob_ext_00419,gob_ext_00272,gob_ext_00093
dlk_proceso_0260;5;dlk_tbl_00385,m4sco_tbl_02651,dlk_tbl_00766,dlk_tbl_00130,dlk_tbl_00128;9;gob_tbl_00727,m4sco_tbl_01003,dlk_tbl_01397,dlk_tbl_01149,ppn_tbl_00229,dlk_ext_00368,dlk_ext_00352,gob_ext_00174,gob_ext_00092
dash_proceso_0261;7;gob_tbl_03248,gob_tbl_01873,gob_tbl_01892,gob_tbl_00364,dlk_tbl_01507,dlk_tbl_01209,proc_tbl_02147;11;proc_tbl_00135,dlk_tbl_01654,ppn_tbl_01200,gob_tbl_01272,dlk_tbl_02592,dlk_tbl_01763,dlk_ext_00183,gob_ext_00261,gob_ext_00276,gob_ext_00476,dlk_ext_00107
dlk_proceso_0262;4;gob_tbl_01796,dlk_tbl_01700,proc_tbl_01563,dlk_tbl_01606;11;dlk_tbl_02783,dlk_tbl_03150,dlk_tbl_00265,dlk_tbl_01295,gob_tbl_01466,gob_tbl_01712,gob_ext_00168,gob_ext_00245,m4vw_ext_00251,proc_ext_00076,dlk_ext_00194
dlk_proceso_0263;2;dlk_tbl_02282,proc_tbl_02934;15;gob_tbl_01277,dlk_tbl_02404,gob_tbl_02054,dash_tbl_02454,gob_tbl_02410,dlk_tbl_02762,dash_tbl_01239,dash_tbl_02135,dlk_tbl_01441,dlk_ext_00451,dash_ext_00373,gob_ext_00119,gob_ext_00308,gob_ext_00487,dlk_ext_00395
gob_proceso_0264;5;dlk_tbl_02194,dlk_tbl_02396,proc_tbl_02442,proc_tbl_02896,gob_tbl_00928;9;gob_tbl_01503,gob_tbl_00820,std_tbl_01627,dash_tbl_00505,dash_tbl_02986,gob_ext_00484,gob_ext_00083,dlk_ext_00397,proc_ext_00038
dlk_proceso_0265;2;dlk_tbl_01092,dlk_tbl_00979;9;dlk_tbl_00126,dlk_tbl_00653,gob_tbl_02370,gob_tbl_01503,dlk_tbl_02600,dlk_ext_00244,dlk_ext_00021,gob_ext_00188,dlk_ext_00395
gob_proceso_0266;5;dlk_tbl_01457,gob_tbl_01296,dlk_tbl_02519,gob_tbl_01403,dlk_tbl_02765;12;m4vw_tbl_01859,dlk_tbl_02867,dlk_tbl_01552,dash_tbl_02695,m4vw_tbl_02394,gob_tbl_00525,proc_tbl_01931,proc_ext_00036,gob_ext_00408,proc_ext_00447,proc_ext_00139,gob_ext_00437
dlk_proceso_0267;7;dlk_tbl_00381,dlk_tbl_00836,proc_tbl_01931,dlk_tbl_00953,proc_tbl_02662,dlk_tbl_00825,dlk_tbl_00126;1;dlk_tbl_01156
gob_proceso_0268;2;dlk_tbl_01391,dash_tbl_00556;6;dlk_tbl_02775,gob_tbl_01335,gob_tbl_02260,gob_ext_00211,proc_ext_00176,gob_ext_00376
dlk_proceso_0269;2;ppn_tbl_00229,gob_tbl_00961;9;dash_tbl_00523,proc_tbl_00580,dlk_tbl_02600,dlk_tbl_01619,gob_tbl_01774,dlk_ext_00315,dash_ext_00471,gob_ext_00306,dlk_ext_00357
dlk_proceso_0270;2;dash_tbl_00998,dlk_tbl_03063;7;gob_tbl_00974,dlk_tbl_00343,gob_tbl_00203,proc_tbl_00377,proc_ext_00266,gob_ext_00119,dlk_ext_00152
proc_proceso_0271;4;gob_tbl_00488,proc_tbl_01161,m4sco_tbl_01133,gob_tbl_01408;6;gob_tbl_01732,dlk_tbl_00253,gob_tbl_01430,dash_ext_00436,dlk_ext_00412,gob_ext_00216
dlk_proceso_0272;7;gob_tbl_02813,proc_tbl_00025,dlk_tbl_02738,proc_tbl_01124,dlk_tbl_02665,gob_tbl_03241,dlk_tbl_01788;15;proc_tbl_00320,gob_tbl_01959,dash_tbl_00924,proc_tbl_00854,proc_tbl_00756,dash_tbl_02974,dlk_tbl_02274,dash_tbl_01918,m4sco_tbl_00233,dlk_ext_00428,dash_ext_00471,dlk_ext_00404,gob_ext_00408,dlk_ext_00451,dlk_ext_00195
dlk_proceso_0273;7;gob_tbl_02377,dlk_tbl_00037,dlk_tbl_02830,gob_tbl_01830,dlk_tbl_02495,dlk_tbl_02094,gob_tbl_01355;4;m4sco_tbl_01003,gob_tbl_02129,dash_ext_00145,dlk_ext_00291
gob_proceso_0274;5;ppn_tbl_01634,gob_tbl_01478,dlk_tbl_01664,dlk_tbl_01657,dlk_tbl_00029;7;dlk_tbl_02356,dlk_tbl_01113,gob_tbl_02264,ppn_tbl_01534,dlk_ext_00365,dash_ext_00058,proc_ext_00052
proc_proceso_0275;5;proc_tbl_01204,dlk_tbl_02504,proc_tbl_00871,proc_tbl_00096,dlk_tbl_01798;13;dlk_tbl_02138,dlk_tbl_02635,dlk_tbl_00949,proc_tbl_00582,dlk_tbl_00141,gob_tbl_03005,gob_tbl_01956,dlk_ext_00011,dlk_ext_00102,dlk_ext_00170,dlk_ext_00366,dlk_ext_00163,proc_ext_00061
proc_proceso_0276;5;gob_tbl_00781,dlk_tbl_00466,proc_tbl_00759,dlk_tbl_03101,std_tbl_00379;7;dlk_tbl_01492,proc_tbl_02662,dlk_tbl_01419,proc_tbl_00552,gob_ext_00243,dlk_ext_00240,proc_ext_00038
dlk_proceso_0277;5;proc_tbl_00272,dlk_tbl_02592,gob_tbl_01481,gob_tbl_00092,dash_tbl_01160;7;dlk_tbl_00584,proc_tbl_01931,gob_tbl_01845,proc_tbl_00582,dlk_ext_00000,gob_ext_00293,proc_ext_00311
proc_proceso_0278;2;dlk_tbl_02886,ppn_tbl_01534;7;gob_tbl_03040,proc_tbl_00929,dlk_tbl_02747,proc_tbl_00972,gob_ext_00414,gob_ext_00303,gob_ext_00049
dlk_proceso_0279;5;dlk_tbl_01057,gob_tbl_02699,gob_tbl_02202,gob_tbl_02817,gob_tbl_02729;13;gob_tbl_00076,gob_tbl_02074,dash_tbl_01725,gob_tbl_02949,dlk_tbl_02469,gob_tbl_01263,dlk_tbl_02604,dlk_ext_00212,dlk_ext_00404,dlk_ext_00026,dlk_ext_00102,dlk_ext_00411,dlk_ext_00468
dlk_proceso_0280;2;proc_tbl_00388,gob_tbl_00827;9;dlk_tbl_02057,gob_tbl_00999,dlk_tbl_02628,proc_tbl_00787,gob_tbl_01177,dlk_ext_00084,dlk_ext_00341,proc_ext_00176,std_ext_00318
gob_proceso_0281;6;dlk_tbl_01166,proc_tbl_02932,gob_tbl_01802,dlk_tbl_00917,dlk_tbl_01751,proc_tbl_01279;11;dlk_tbl_00971,dash_tbl_02454,dlk_tbl_03148,m4sco_tbl_00233,dash_tbl_00241,gob_tbl_03023,gob_ext_00314,dash_ext_00400,gob_ext_00086,gob_ext_00271,dlk_ext_00224
gob_proceso_0282;3;proc_tbl_01448,dlk_tbl_01870,dlk_tbl_02075;9;dash_tbl_01532,gob_tbl_00434,dlk_tbl_00447,m4vw_tbl_00942,gob_tbl_01453,dlk_ext_00443,gob_ext_00025,gob_ext_00455,dlk_ext_00397
dlk_proceso_0283;4;gob_tbl_02363,dlk_tbl_01874,m4sco_tbl_00473,dlk_tbl_02379;4;dlk_tbl_02994,std_tbl_01812,dlk_ext_00312,gob_ext_00355
gob_proceso_0284;4;dlk_tbl_01475,proc_tbl_01757,dash_tbl_00462,proc_tbl_01665;4;gob_tbl_01646,gob_tbl_03171,gob_ext_00039,m4vw_ext_00201
dlk_proceso_0285;5;dash_tbl_02146,gob_tbl_00412,dlk_tbl_03265,m4sco_tbl_01046,dlk_tbl_00154;13;dlk_tbl_00161,dash_tbl_02502,gob_tbl_01690,gob_tbl_02800,dlk_tbl_03071,dlk_tbl_01518,ppn_tbl_01200,dash_ext_00373,proc_ext_00358,gob_ext_00414,proc_ext_00385,gob_ext_00072,dlk_ext_00244
gob_proceso_0286;4;dlk_tbl_01088,gob_tbl_00315,gob_tbl_02316,proc_tbl_00590;6;m4sco_tbl_00456,gob_tbl_00696,gob_tbl_02073,dlk_ext_00183,proc_ext_00311,dlk_ext_00290
dlk_proceso_0287;3;gob_tbl_02230,gob_tbl_03197,gob_tbl_00681;6;proc_tbl_02212,dlk_tbl_01179,gob_tbl_03248,gob_ext_00066,dlk_ext_00162,std_ext_00473
dash_proceso_0288;3;proc_tbl_03154,dlk_tbl_01211,gob_tbl_02295;4;dlk_tbl_03026,dlk_tbl_01679,gob_ext_00177,m4vw_ext_00155
dlk_proceso_0289;2;dlk_tbl_02206,dlk_tbl_03297;7;dlk_tbl_02430,gob_tbl_03197,gob_tbl_00387,gob_tbl_00585,dash_ext_00087,dash_ext_00133,gob_ext_00032
dash_proceso_0290;5;gob_tbl_02736,proc_tbl_00692,dlk_tbl_00496,dlk_tbl_02970,gob_tbl_02368;17;gob_tbl_00822,gob_tbl_02754,dlk_tbl_01125,proc_tbl_00213,dlk_tbl_02737,proc_tbl_02012,m4sco_tbl_00838,dash_tbl_02741,gob_tbl_02243,m4vw_tbl_00669,gob_ext_00414,proc_ext_00442,gob_ext_00459,gob_ext_00277,dlk_ext_00418,gob_ext_00020,ppn_ext_00089
gob_proceso_0291;6;dlk_tbl_01868,dlk_tbl_02682,gob_tbl_03092,dlk_tbl_02240,proc_tbl_01731,dlk_tbl_02555;8;gob_tbl_02068,gob_tbl_02959,gob_tbl_01784,dash_tbl_01398,dash_tbl_00069,proc_ext_00431,dlk_ext_00144,gob_ext_00335
proc_proceso_0292;5;gob_tbl_00731,dlk_tbl_00563,dlk_tbl_02611,gob_tbl_00060,dlk_tbl_02480;10;gob_tbl_02265,dlk_tbl_02748,proc_tbl_00590,gob_tbl_01917,dash_tbl_02986,m4vw_tbl_02362,gob_ext_00104,gob_ext_00150,gob_ext_00165,gob_ext_00298
dlk_proceso_0293;4;gob_tbl_02573,proc_tbl_03305,dlk_tbl_01153,gob_tbl_01321;6;gob_tbl_02603,gob_tbl_03199,dlk_tbl_00059,gob_ext_00169,std_ext_00393,dlk_ext_00397
gob_proceso_0294;3;dash_tbl_01955,std_tbl_01627,proc_tbl_01575;11;dlk_tbl_02514,dash_tbl_02431,dlk_tbl_00148,proc_tbl_00230,dash_tbl_03004,dlk_tbl_02064,dlk_ext_00166,ppn_ext_00089,gob_ext_00277,gob_ext_00247,dlk_ext_00107
gob_proceso_0295;4;gob_tbl_02955,dlk_tbl_00499,gob_tbl_02303,gob_tbl_01490;12;proc_tbl_02256,gob_tbl_00032,m4vw_tbl_01425,dlk_tbl_00508,gob_tbl_03054,proc_tbl_02799,dlk_tbl_02555,gob_ext_00018,dash_ext_00120,gob_ext_00434,dlk_ext_00402,proc_ext_00022
dash_proceso_0296;2;gob_tbl_01797,gob_tbl_02391;12;gob_tbl_03038,gob_tbl_02355,dlk_tbl_02906,proc_tbl_00854,gob_tbl_00974,gob_tbl_02538,gob_tbl_00127,gob_ext_00459,proc_ext_00231,gob_ext_00335,dlk_ext_00451,gob_ext_00272
proc_proceso_0297;2;gob_tbl_02434,gob_tbl_00921;7;dash_tbl_00719,dlk_tbl_02415,proc_tbl_01949,m4vw_tbl_01859,gob_ext_00008,gob_ext_00245,proc_ext_00450
gob_proceso_0298;4;m4sco_tbl_02457,gob_tbl_01968,proc_tbl_03308,dlk_tbl_03226;11;dlk_tbl_02871,gob_tbl_02725,dlk_tbl_00226,dlk_tbl_02535,gob_tbl_00036,proc_tbl_00873,dlk_ext_00226,gob_ext_00259,dash_ext_00427,gob_ext_00399,dash_ext_00057
dlk_proceso_0299;4;dlk_tbl_02726,gob_tbl_02793,dash_tbl_02135,proc_tbl_01851;4;gob_tbl_02295,gob_tbl_00224,gob_ext_00328,dlk_ext_00366
dlk_proceso_0300;4;m4sco_tbl_02646,dlk_tbl_02327,proc_tbl_00891,dash_tbl_02017;10;gob_tbl_00033,gob_tbl_02279,dlk_tbl_01123,dlk_tbl_03097,gob_tbl_02735,std_tbl_02688,m4vw_ext_00201,gob_ext_00181,gob_ext_00308,dlk_ext_00051
gob_proceso_0301;2;gob_tbl_00166,dlk_tbl_01120;7;gob_tbl_01504,dlk_tbl_02055,proc_tbl_02662,proc_tbl_02198,dlk_ext_00105,m4vw_ext_00201,gob_ext_00039
dlk_proceso_0302;4;proc_tbl_01909,gob_tbl_00592,gob_tbl_03257,gob_tbl_01409;9;dlk_tbl_00300,gob_tbl_00144,gob_tbl_03023,gob_tbl_01718,m4sco_tbl_01728,gob_ext_00203,gob_ext_00083,dash_ext_00378,proc_ext_00423
proc_proceso_0303;3;proc_tbl_02772,std_tbl_02517,dash_tbl_03263;14;dash_tbl_00431,gob_tbl_00896,dlk_tbl_02747,gob_tbl_03248,dlk_tbl_02352,dlk_tbl_01564,m4vw_tbl_02398,gob_tbl_00585,gob_ext_00023,gob_ext_00090,m4vw_ext_00201,proc_ext_00253,dlk_ext_00371,proc_ext_00447
dlk_proceso_0304;3;dlk_tbl_01138,dlk_tbl_02617,gob_tbl_00363;11;gob_tbl_02303,gob_tbl_01236,dlk_tbl_01885,ppn_tbl_01027,dlk_tbl_02941,gob_tbl_03313,gob_ext_00093,gob_ext_00328,proc_ext_00488,dlk_ext_00193,gob_ext_00478
dlk_proceso_0305;5;dlk_tbl_02404,dlk_tbl_00071,gob_tbl_00570,gob_tbl_02139,dash_tbl_00768;17;gob_tbl_03103,dash_tbl_01521,dlk_tbl_01104,dlk_tbl_03159,m4sco_tbl_00247,dlk_tbl_01513,gob_tbl_00530,dash_tbl_00254,dlk_tbl_02049,gob_tbl_01578,gob_ext_00023,gob_ext_00210,gob_ext_00294,dlk_ext_00214,proc_ext_00067,dlk_ext_00391,dash_ext_00145
dlk_proceso_0306;4;proc_tbl_03220,gob_tbl_03223,gob_tbl_00157,gob_tbl_00428;7;proc_tbl_00997,proc_tbl_02707,gob_tbl_00981,gob_tbl_03291,dlk_ext_00397,dash_ext_00031,dash_ext_00037
dash_proceso_0307;4;dlk_tbl_03262,gob_tbl_02359,dash_tbl_02117,dlk_tbl_01519;10;ppn_tbl_00351,gob_tbl_01222,gob_tbl_00944,dlk_tbl_00733,gob_tbl_03257,gob_tbl_02976,gob_ext_00252,m4vw_ext_00217,dlk_ext_00397,m4vw_ext_00201
gob_proceso_0308;2;dlk_tbl_00056,dlk_tbl_02252;6;gob_tbl_01601,dlk_tbl_02716,gob_tbl_01972,proc_ext_00409,gob_ext_00413,proc_ext_00447
gob_proceso_0309;6;dash_tbl_01174,dlk_tbl_01352,proc_tbl_02360,gob_tbl_00014,proc_tbl_02898,proc_tbl_03194;9;proc_tbl_02254,dlk_tbl_02455,dash_tbl_03007,dlk_tbl_00608,gob_tbl_02505,gob_ext_00159,dlk_ext_00322,dlk_ext_00264,dlk_ext_00312
gob_proceso_0310;6;dlk_tbl_01551,dlk_tbl_01063,gob_tbl_01677,dlk_tbl_01370,dlk_tbl_00774,dlk_tbl_00677;21;gob_tbl_03075,gob_tbl_01130,gob_tbl_02483,dlk_tbl_00037,gob_tbl_02141,dlk_tbl_01414,gob_tbl_02045,gob_tbl_02368,dlk_tbl_00667,dlk_tbl_01071,gob_tbl_03279,gob_tbl_02443,gob_ext_00437,gob_ext_00110,proc_ext_00015,dlk_ext_00263,proc_ext_00076,gob_ext_00415,proc_ext_00038,dlk_ext_00395,gob_ext_00482
dlk_proceso_0311;8;gob_tbl_00034,gob_tbl_02544,dlk_tbl_00642,gob_tbl_01404,dash_tbl_01219,gob_tbl_00820,dlk_tbl_00507,proc_tbl_02545;5;gob_tbl_00592,dlk_tbl_00459,gob_tbl_00446,dlk_ext_00183,dlk_ext_00019
dlk_proceso_0312;5;dlk_tbl_01284,dlk_tbl_01662,m4sco_tbl_02746,dlk_tbl_01295,gob_tbl_02980;14;proc_tbl_01946,dash_tbl_00597,gob_tbl_01502,proc_tbl_02326,dlk_tbl_02020,gob_tbl_00395,proc_tbl_02056,dlk_tbl_00211,dlk_ext_00143,dash_ext_00287,gob_ext_00020,proc_ext_00283,dash_ext_00396,dash_ext_00471
gob_proceso_0313;4;proc_tbl_01769,dlk_tbl_02514,gob_tbl_01206,dlk_tbl_03254;12;gob_tbl_00793,proc_tbl_02993,proc_tbl_01724,std_tbl_02380,dlk_tbl_00760,std_tbl_01019,dlk_tbl_01243,proc_ext_00038,gob_ext_00330,gob_ext_00079,gob_ext_00344,m4vw_ext_00251
dlk_proceso_0314;6;m4vw_tbl_01107,gob_tbl_01947,dlk_tbl_02518,proc_tbl_01313,dlk_tbl_01212,dash_tbl_01616;11;gob_tbl_02797,dash_tbl_01610,dash_tbl_00368,dlk_tbl_00543,gob_tbl_02875,gob_tbl_03137,gob_ext_00035,dash_ext_00436,gob_ext_00470,gob_ext_00437,dlk_ext_00265
dlk_proceso_0315;2;proc_tbl_01056,proc_tbl_00986;6;gob_tbl_01711,dash_tbl_01550,dlk_tbl_02430,gob_ext_00025,dlk_ext_00263,gob_ext_00270
dash_proceso_0316;4;std_tbl_02591,dlk_tbl_02111,m4sco_tbl_03232,dlk_tbl_02093;5;gob_tbl_01635,gob_tbl_02949,dlk_tbl_01541,dlk_ext_00316,gob_ext_00455
proc_proceso_0317;3;dlk_tbl_02513,dlk_tbl_00321,gob_tbl_02102;6;ppn_tbl_01770,dlk_tbl_02150,gob_tbl_01535,gob_ext_00104,dlk_ext_00316,dash_ext_00114
dlk_proceso_0318;3;std_tbl_02937,proc_tbl_01327,gob_tbl_00973;8;dash_tbl_00462,proc_tbl_00815,proc_tbl_00084,gob_tbl_01424,dlk_tbl_01274,gob_ext_00298,dash_ext_00436,dlk_ext_00322
dlk_proceso_0319;4;gob_tbl_01372,gob_tbl_00944,dlk_tbl_02403,proc_tbl_01273;7;gob_tbl_02754,dash_tbl_00803,gob_tbl_02881,dlk_tbl_01295,gob_ext_00161,gob_ext_00032,dlk_ext_00322
dlk_proceso_0320;8;std_tbl_01608,dlk_tbl_01051,gob_tbl_02125,dlk_tbl_01596,gob_tbl_00278,m4vw_tbl_00344,dlk_tbl_01546,dlk_tbl_00776;7;dlk_tbl_02051,dash_tbl_01048,gob_tbl_03030,dlk_tbl_03053,dlk_ext_00407,m4sco_ext_00047,dlk_ext_00102
gob_proceso_0321;2;gob_tbl_00746,gob_tbl_00284;15;proc_tbl_03300,proc_tbl_00902,gob_tbl_00687,dlk_tbl_02904,proc_tbl_03044,gob_tbl_02551,gob_tbl_00988,dash_tbl_00368,gob_tbl_00860,dash_ext_00145,proc_ext_00423,dash_ext_00133,dlk_ext_00475,gob_ext_00010,gob_ext_00292
proc_proceso_0322;7;dlk_tbl_01382,dlk_tbl_00105,gob_tbl_03258,gob_tbl_00999,proc_tbl_00837,gob_tbl_00852,dlk_tbl_01526;11;m4sco_tbl_02445,gob_tbl_00843,dlk_tbl_02064,gob_tbl_02485,gob_tbl_01604,dlk_tbl_01122,dash_ext_00480,dlk_ext_00366,dlk_ext_00449,gob_ext_00363,dlk_ext_00316
gob_proceso_0323;3;proc_tbl_01663,m4vw_tbl_01775,gob_tbl_03066;14;gob_tbl_00448,gob_tbl_03013,m4sco_tbl_02445,dlk_tbl_02120,dlk_tbl_01948,proc_tbl_01585,dlk_tbl_03119,dlk_tbl_02127,dash_ext_00378,gob_ext_00024,dlk_ext_00316,proc_ext_00056,gob_ext_00403,dlk_ext_00000
dlk_proceso_0324;5;dash_tbl_01171,proc_tbl_02911,dlk_tbl_02481,dlk_tbl_00066,gob_tbl_02037;16;gob_tbl_02552,dlk_tbl_03303,dlk_tbl_01546,dlk_tbl_00177,dlk_tbl_00442,proc_tbl_02835,std_tbl_00262,dlk_tbl_02716,gob_tbl_01784,proc_ext_00409,m4sco_ext_00005,gob_ext_00276,dash_ext_00050,gob_ext_00376,gob_ext_00108,proc_ext_00431
dlk_proceso_0325;8;gob_tbl_01115,gob_tbl_02039,proc_tbl_01934,dlk_tbl_01923,dlk_tbl_02713,proc_tbl_01943,gob_tbl_01428,gob_tbl_01180;5;dash_tbl_01183,dlk_tbl_00900,gob_tbl_02638,dlk_ext_00068,dlk_ext_00224
gob_proceso_0326;5;gob_tbl_02675,proc_tbl_01850,dlk_tbl_03230,dlk_tbl_01744,dlk_tbl_00616;7;proc_tbl_02326,dash_tbl_02017,dlk_tbl_00806,dlk_tbl_00499,dlk_ext_00102,dlk_ext_00116,dash_ext_00153
dlk_proceso_0327;4;dlk_tbl_03006,proc_tbl_00805,dlk_tbl_01413,gob_tbl_01713;10;dlk_tbl_01061,proc_tbl_02977,dlk_tbl_02105,dash_tbl_02502,gob_tbl_02262,gob_tbl_01623,dlk_ext_00360,gob_ext_00091,dlk_ext_00395,gob_ext_00399
proc_proceso_0328;6;dlk_tbl_00886,std_tbl_02473,dlk_tbl_01639,dlk_tbl_01975,dlk_tbl_00600,gob_tbl_00434;6;dash_tbl_01984,gob_tbl_01720,dlk_tbl_02970,gob_ext_00272,dlk_ext_00279,gob_ext_00123
dlk_proceso_0329;5;gob_tbl_01749,gob_tbl_01100,dlk_tbl_01538,proc_tbl_02567,dlk_tbl_02956;8;proc_tbl_02988,dash_tbl_01184,dlk_tbl_01382,gob_tbl_02505,gob_tbl_01535,dlk_ext_00106,dlk_ext_00322,gob_ext_00336
gob_proceso_0330;4;gob_tbl_02853,proc_tbl_02874,dlk_tbl_01819,dlk_tbl_01456;14;dash_tbl_02211,dlk_tbl_00786,dlk_tbl_02158,dlk_tbl_01071,proc_tbl_02624,proc_tbl_01756,gob_tbl_02670,dlk_tbl_00778,gob_ext_00119,gob_ext_00165,dlk_ext_00250,gob_ext_00008,gob_ext_00110,dlk_ext_00109
dlk_proceso_0331;6;dlk_tbl_03177,dlk_tbl_00307,gob_tbl_02800,dlk_tbl_01000,dlk_tbl_00318,gob_tbl_02255;16;dlk_tbl_00674,std_tbl_01054,dlk_tbl_02592,proc_tbl_01536,gob_tbl_02154,proc_tbl_02750,gob_tbl_00426,gob_tbl_01024,dlk_tbl_00083,gob_ext_00405,proc_ext_00136,dlk_ext_00051,gob_ext_00064,gob_ext_00001,gob_ext_00272,gob_ext_00049
dlk_proceso_0332;6;dash_tbl_01684,dlk_tbl_02110,gob_tbl_01131,gob_tbl_02718,gob_tbl_01349,dlk_tbl_02936;10;proc_tbl_00500,gob_tbl_03095,proc_tbl_01256,dlk_tbl_03234,gob_tbl_00151,dlk_tbl_00748,dlk_ext_00430,proc_ext_00409,dlk_ext_00347,dlk_ext_00386
gob_proceso_0333;5;dlk_tbl_01148,proc_tbl_02324,gob_tbl_01503,dlk_tbl_01651,dlk_tbl_02604;16;gob_tbl_01341,gob_tbl_01914,gob_tbl_00197,dlk_tbl_02352,dlk_tbl_02028,dlk_tbl_00056,gob_tbl_00007,gob_tbl_00395,dlk_tbl_03033,gob_ext_00419,dash_ext_00453,gob_ext_00104,dlk_ext_00194,dlk_ext_00263,dlk_ext_00106,dlk_ext_00386
dlk_proceso_0334;4;proc_tbl_01487,proc_tbl_02335,dlk_tbl_01093,dlk_tbl_03296;4;gob_tbl_02363,dlk_tbl_01987,gob_ext_00123,dash_ext_00078
dash_proceso_0335;6;proc_tbl_02103,proc_tbl_01945,dlk_tbl_01132,m4vw_tbl_03200,proc_tbl_01760,gob_tbl_00784;11;proc_tbl_02322,gob_tbl_01718,dlk_tbl_03109,dash_tbl_03151,dlk_tbl_01789,gob_tbl_00775,gob_ext_00482,gob_ext_00355,dlk_ext_00128,dlk_ext_00065,m4vw_ext_00135
gob_proceso_0336;4;dash_tbl_02645,dlk_tbl_00700,dlk_tbl_00357,gob_tbl_02843;7;proc_tbl_01333,dlk_tbl_00321,m4vw_tbl_02458,gob_tbl_01508,proc_ext_00310,dlk_ext_00000,gob_ext_00329
dlk_proceso_0337;6;gob_tbl_01407,dlk_tbl_00281,m4sco_tbl_02445,dlk_tbl_00234,gob_tbl_03120,dlk_tbl_01781;6;dlk_tbl_00326,gob_tbl_01017,dlk_tbl_00105,gob_ext_00188,proc_ext_00383,dlk_ext_00315
dlk_proceso_0338;3;gob_tbl_00044,proc_tbl_02609,std_tbl_03010;13;dlk_tbl_00499,proc_tbl_01818,gob_tbl_01341,std_tbl_01627,gob_tbl_01774,dlk_tbl_01551,gob_tbl_00259,gob_ext_00408,gob_ext_00419,proc_ext_00253,std_ext_00198,proc_ext_00409,gob_ext_00169
gob_proceso_0339;4;dlk_tbl_02288,gob_tbl_01077,gob_tbl_00548,proc_tbl_02815;9;dash_tbl_03078,dash_tbl_01984,dlk_tbl_00995,m4sco_tbl_01577,gob_tbl_00306,gob_ext_00123,gob_ext_00177,dlk_ext_00443,dlk_ext_00160
gob_proceso_0340;5;dash_tbl_01822,gob_tbl_02597,dlk_tbl_03281,gob_tbl_03271,dlk_tbl_01780;7;m4vw_tbl_02805,dlk_tbl_00718,proc_tbl_03093,gob_tbl_02407,dlk_ext_00357,proc_ext_00317,gob_ext_00419
gob_proceso_0341;5;dlk_tbl_01230,dlk_tbl_01281,proc_tbl_00893,dlk_tbl_00253,gob_tbl_01001;12;dlk_tbl_03298,dlk_tbl_02519,proc_tbl_01559,dash_tbl_00998,dlk_tbl_02708,gob_tbl_01094,dash_tbl_01183,dlk_ext_00322,gob_ext_00010,gob_ext_00025,gob_ext_00482,proc_ext_00038
dlk_proceso_0342;4;dash_tbl_02097,dlk_tbl_00949,dlk_tbl_02051,dlk_tbl_01142;8;proc_tbl_01533,proc_tbl_02835,dlk_tbl_00839,gob_tbl_00426,gob_tbl_01369,gob_ext_00020,gob_ext_00328,gob_ext_00405
proc_proceso_0343;5;gob_tbl_02868,dash_tbl_02554,gob_tbl_02728,gob_tbl_01774,gob_tbl_01784;13;dlk_tbl_00894,m4vw_tbl_02317,proc_tbl_02456,proc_tbl_02722,gob_tbl_01330,dlk_tbl_02022,dlk_tbl_02440,dlk_ext_00309,proc_ext_00383,gob_ext_00415,gob_ext_00072,dlk_ext_00097,gob_ext_00437
dlk_proceso_0344;6;gob_tbl_01087,dlk_tbl_01615,dlk_tbl_01930,dlk_tbl_01832,gob_tbl_03021,dlk_tbl_00205;9;gob_tbl_02215,gob_tbl_01718,gob_tbl_02843,gob_tbl_01604,gob_tbl_01598,dlk_ext_00162,gob_ext_00023,gob_ext_00181,dash_ext_00378
dlk_proceso_0345;2;dash_tbl_01882,gob_tbl_00482;13;gob_tbl_01755,dlk_tbl_01746,gob_tbl_00736,dlk_tbl_00628,dlk_tbl_00124,gob_tbl_00807,dlk_tbl_00408,gob_ext_00161,gob_ext_00083,gob_ext_00001,gob_ext_00025,proc_ext_00457,proc_ext_00056
dash_proceso_0346;7;gob_tbl_02647,gob_tbl_02973,gob_tbl_03170,gob_tbl_01065,m4sco_tbl_01135,dlk_tbl_02837,std_tbl_03014;4;gob_tbl_02881,gob_tbl_02368,dlk_ext_00340,proc_ext_00115
proc_proceso_0347;5;dlk_tbl_02865,dlk_tbl_02531,dlk_tbl_03160,gob_tbl_01084,dlk_tbl_02871;16;dash_tbl_02038,gob_tbl_02255,dlk_tbl_01848,gob_tbl_02377,gob_tbl_01922,dlk_tbl_00376,gob_tbl_02355,proc_tbl_00552,dlk_tbl_00465,dlk_ext_00195,gob_ext_00306,dash_ext_00373,gob_ext_00364,proc_ext_00409,proc_ext_00076,proc_ext_00417
proc_proceso_0348;4;gob_tbl_02201,dash_tbl_00430,dlk_tbl_01169,gob_tbl_02155;4;proc_tbl_01931,proc_tbl_01760,gob_ext_00189,dlk_ext_00242
proc_proceso_0349;3;proc_tbl_02851,proc_tbl_02254,gob_tbl_01006;11;gob_tbl_01796,dlk_tbl_01297,gob_tbl_03274,gob_tbl_01167,gob_tbl_00599,proc_tbl_01776,proc_ext_00121,gob_ext_00216,dlk_ext_00059,dash_ext_00458,dlk_ext_00360
dash_proceso_0350;4;gob_tbl_01165,dlk_tbl_00748,dlk_tbl_02178,dlk_tbl_02089;6;dlk_tbl_02556,proc_tbl_00622,gob_tbl_00224,gob_ext_00177,gob_ext_00455,gob_ext_00140
gob_proceso_0351;2;gob_tbl_00487,gob_tbl_01272;7;gob_tbl_02118,dlk_tbl_01005,m4sco_tbl_02846,gob_tbl_01766,dlk_ext_00144,proc_ext_00317,dlk_ext_00360
gob_proceso_0352;6;proc_tbl_01680,proc_tbl_00396,dlk_tbl_01232,dlk_tbl_02136,dlk_tbl_02685,dlk_tbl_01844;10;dlk_tbl_02013,dlk_tbl_01763,gob_tbl_00033,gob_tbl_01395,gob_tbl_00364,gob_tbl_01165,gob_ext_00013,dlk_ext_00365,gob_ext_00294,gob_ext_00376
proc_proceso_0353;4;gob_tbl_00530,proc_tbl_01883,proc_tbl_02965,dlk_tbl_00421;7;dlk_tbl_01209,gob_tbl_00782,dlk_tbl_01295,dlk_tbl_02947,gob_ext_00258,std_ext_00473,dlk_ext_00029
dlk_proceso_0354;4;gob_tbl_00036,dash_tbl_00511,dlk_tbl_01473,proc_tbl_00902;4;ppn_tbl_02310,proc_tbl_01860,gob_ext_00335,dash_ext_00436
proc_proceso_0355;6;gob_tbl_00477,dlk_tbl_01250,gob_tbl_03108,proc_tbl_02198,dlk_tbl_01879,proc_tbl_00710;4;gob_tbl_01217,gob_tbl_02377,gob_ext_00083,dlk_ext_00193
dash_proceso_0356;6;gob_tbl_02153,gob_tbl_03074,gob_tbl_00172,dlk_tbl_00720,proc_tbl_02801,gob_tbl_01935;15;dlk_tbl_01848,std_tbl_02688,gob_tbl_00165,gob_tbl_00683,gob_tbl_01635,gob_tbl_01091,dash_tbl_00849,gob_tbl_00099,proc_tbl_01689,gob_ext_00075,dlk_ext_00418,dlk_ext_00448,dlk_ext_00081,dlk_ext_00443,dlk_ext_00321
dlk_proceso_0357;8;dlk_tbl_00701,proc_tbl_02439,gob_tbl_01014,dlk_tbl_01440,gob_tbl_01898,gob_tbl_02602,dlk_tbl_02687,dlk_tbl_01455;7;proc_tbl_01776,dlk_tbl_01590,gob_tbl_03088,dlk_tbl_01908,m4vw_ext_00135,dash_ext_00471,dlk_ext_00451
dlk_proceso_0358;2;dlk_tbl_03015,dash_tbl_00940;7;gob_tbl_03196,dlk_tbl_01037,dash_tbl_01984,gob_tbl_00537,dash_ext_00125,proc_ext_00358,dlk_ext_00021
gob_proceso_0359;7;gob_tbl_00822,gob_tbl_01814,proc_tbl_01880,gob_tbl_02568,proc_tbl_02889,gob_tbl_00996,dlk_tbl_02219;6;dlk_tbl_02939,dlk_tbl_01507,gob_tbl_03258,gob_ext_00149,dlk_ext_00158,dlk_ext_00352
gob_proceso_0360;6;gob_tbl_02614,gob_tbl_00416,dlk_tbl_02823,dlk_tbl_01622,gob_tbl_02920,proc_tbl_03147;11;dlk_tbl_01199,dlk_tbl_03296,gob_tbl_00356,dlk_tbl_02060,dash_tbl_02210,gob_tbl_01446,dlk_ext_00250,dlk_ext_00106,gob_ext_00245,proc_ext_00234,dash_ext_00480
gob_proceso_0361;4;gob_tbl_00144,dlk_tbl_02142,proc_tbl_00699,dlk_tbl_01484;7;gob_tbl_00168,proc_tbl_02567,m4sco_tbl_00456,dlk_tbl_00114,gob_ext_00239,dlk_ext_00263,gob_ext_00437
dlk_proceso_0362;5;proc_tbl_01520,dash_tbl_01694,dash_tbl_01984,proc_tbl_01843,proc_tbl_01954;8;dash_tbl_01876,dlk_tbl_02733,gob_tbl_03108,gob_tbl_01089,gob_tbl_02345,std_ext_00267,dlk_ext_00186,gob_ext_00023
gob_proceso_0363;6;proc_tbl_00121,proc_tbl_01049,gob_tbl_02861,proc_tbl_00515,gob_tbl_00039,gob_tbl_03141;10;dlk_tbl_02607,gob_tbl_00063,proc_tbl_02971,dlk_tbl_01309,proc_tbl_01568,dlk_tbl_02929,gob_ext_00294,dlk_ext_00017,proc_ext_00284,dlk_ext_00226
dash_proceso_0364;4;gob_tbl_03239,gob_tbl_00486,dlk_tbl_01491,dlk_tbl_01469;4;ppn_tbl_02310,dlk_tbl_02482,dlk_ext_00060,dlk_ext_00021
gob_proceso_0365;5;proc_tbl_03093,gob_tbl_01116,proc_tbl_00785,dash_tbl_01964,gob_tbl_00807;12;proc_tbl_00230,dlk_tbl_00265,dash_tbl_02038,gob_tbl_01014,gob_tbl_00422,m4vw_tbl_00626,dlk_tbl_00792,gob_ext_00435,m4vw_ext_00217,dlk_ext_00218,gob_ext_00330,dlk_ext_00309
dlk_proceso_0366;4;gob_tbl_03199,proc_tbl_02587,gob_tbl_03118,dash_tbl_00666;4;dlk_tbl_01958,dlk_tbl_02253,dlk_ext_00021,dlk_ext_00214
dlk_proceso_0367;5;gob_tbl_02744,dlk_tbl_01319,dlk_tbl_02315,dlk_tbl_00655,dlk_tbl_02389;17;dlk_tbl_02080,gob_tbl_00603,gob_tbl_02549,dlk_tbl_00404,gob_tbl_01096,dlk_tbl_02596,gob_tbl_00542,gob_tbl_01006,gob_tbl_01504,dlk_tbl_02701,gob_ext_00159,dlk_ext_00342,dlk_ext_00244,gob_ext_00245,proc_ext_00237,ppn_ext_00089,m4sco_ext_00053
dlk_proceso_0368;2;gob_tbl_01101,proc_tbl_01215;6;gob_tbl_02580,gob_tbl_02041,gob_tbl_01173,dlk_ext_00322,dlk_ext_00051,proc_ext_00202
dlk_proceso_0369;4;gob_tbl_02515,gob_tbl_02375,gob_tbl_00426,dlk_tbl_00192;7;proc_tbl_01255,dlk_tbl_01526,gob_tbl_02241,dlk_tbl_02022,gob_ext_00481,m4vw_ext_00217,gob_ext_00308
dlk_proceso_0370;4;gob_tbl_00450,proc_tbl_00057,proc_tbl_00052,gob_tbl_02715;13;dash_tbl_02361,dlk_tbl_00492,proc_tbl_00902,gob_tbl_01528,dash_tbl_00998,dlk_tbl_00513,dlk_tbl_01138,dash_ext_00480,gob_ext_00377,gob_ext_00126,dlk_ext_00026,gob_ext_00045,dlk_ext_00315
dlk_proceso_0371;8;dlk_tbl_02157,gob_tbl_00142,dlk_tbl_00560,gob_tbl_02976,gob_tbl_01173,gob_tbl_03210,proc_tbl_00373,proc_tbl_02641;10;dlk_tbl_00543,dlk_tbl_03001,dlk_tbl_00250,dash_tbl_00462,dlk_tbl_01350,gob_tbl_00617,gob_ext_00350,dlk_ext_00322,gob_ext_00001,dlk_ext_00144
gob_proceso_0372;8;gob_tbl_01018,gob_tbl_01155,proc_tbl_01047,dash_tbl_02571,m4sco_tbl_01373,gob_tbl_01820,dlk_tbl_00470,gob_tbl_02213;5;m4sco_tbl_01252,gob_tbl_01177,gob_tbl_01528,proc_ext_00447,gob_ext_00204
gob_proceso_0373;4;gob_tbl_02844,dlk_tbl_02532,dlk_tbl_01688,dash_tbl_02986;10;dlk_tbl_01515,dlk_tbl_00071,dlk_tbl_01371,dlk_tbl_03315,gob_tbl_01677,gob_tbl_01755,proc_ext_00052,proc_ext_00127,proc_ext_00132,gob_ext_00298
dash_proceso_0374;3;gob_tbl_00881,gob_tbl_01965,dlk_tbl_02401;7;proc_tbl_00323,gob_tbl_01006,dlk_tbl_00653,gob_tbl_01263,gob_ext_00070,gob_ext_00221,dash_ext_00396
dlk_proceso_0375;7;proc_tbl_01776,dlk_tbl_02245,dlk_tbl_02188,dlk_tbl_00145,ppn_tbl_00593,dlk_tbl_00802,dlk_tbl_01074;10;dlk_tbl_01629,gob_tbl_02538,gob_tbl_01705,proc_tbl_00555,dlk_tbl_01123,dlk_tbl_02325,dlk_ext_00116,proc_ext_00268,dlk_ext_00365,gob_ext_00092
dlk_proceso_0376;4;gob_tbl_01525,dlk_tbl_01270,gob_tbl_02669,gob_tbl_01191;14;dlk_tbl_02783,std_tbl_02548,proc_tbl_00025,dlk_tbl_01519,gob_tbl_02951,dlk_tbl_03234,proc_tbl_03090,gob_tbl_00008,dlk_ext_00195,gob_ext_00320,proc_ext_00370,gob_ext_00221,proc_ext_00266,gob_ext_00405
dlk_proceso_0377;6;gob_tbl_02968,dlk_tbl_00443,gob_tbl_01730,dlk_tbl_01348,gob_tbl_01567,gob_tbl_00193;9;dlk_tbl_00510,proc_tbl_02024,dash_tbl_00808,gob_tbl_03245,gob_tbl_00353,gob_ext_00314,gob_ext_00181,gob_ext_00062,gob_ext_00025
dlk_proceso_0378;6;dlk_tbl_00476,dlk_tbl_01573,dash_tbl_02044,proc_tbl_03264,dlk_tbl_02990,proc_tbl_00622;16;gob_tbl_01366,proc_tbl_01762,dlk_tbl_00341,dlk_tbl_01650,dash_tbl_01610,gob_tbl_01706,dlk_tbl_02057,dlk_tbl_02480,gob_tbl_00525,gob_ext_00306,gob_ext_00159,proc_ext_00063,proc_ext_00139,proc_ext_00076,gob_ext_00435,dash_ext_00427
dlk_proceso_0379;5;gob_tbl_02441,gob_tbl_02958,m4sco_tbl_00233,gob_tbl_00532,proc_tbl_01594;15;gob_tbl_02820,gob_tbl_02638,std_tbl_02461,gob_tbl_03206,proc_tbl_00854,proc_tbl_02463,ppn_tbl_00976,dlk_tbl_02703,dash_tbl_02361,dlk_ext_00192,gob_ext_00008,dlk_ext_00107,proc_ext_00038,dlk_ext_00411,gob_ext_00245
dlk_proceso_0380;8;proc_tbl_01517,gob_tbl_00992,gob_tbl_01375,gob_tbl_00764,dash_tbl_00431,gob_tbl_00045,dlk_tbl_03085,dlk_tbl_01722;9;gob_tbl_02797,gob_tbl_02171,std_tbl_02115,dlk_tbl_00369,dlk_tbl_01649,proc_ext_00358,gob_ext_00072,gob_ext_00169,dlk_ext_00313
dlk_proceso_0381;2;dlk_tbl_00634,gob_tbl_01096;13;dlk_tbl_01125,dash_tbl_02431,std_tbl_02380,proc_tbl_00515,gob_tbl_01972,proc_tbl_01872,proc_tbl_01095,gob_ext_00355,dlk_ext_00397,dlk_ext_00128,gob_ext_00169,gob_ext_00020,m4sco_ext_00047
dlk_proceso_0382;5;dlk_tbl_02338,dlk_tbl_02105,dlk_tbl_00958,gob_tbl_00418,gob_tbl_02623;17;dash_tbl_00662,dash_tbl_00605,gob_tbl_02083,dlk_tbl_02064,gob_tbl_01834,dlk_tbl_01621,gob_tbl_00656,gob_tbl_00646,gob_tbl_02260,dlk_tbl_00075,gob_ext_00112,dlk_ext_00307,dlk_ext_00242,gob_ext_00012,dlk_ext_00214,dash_ext_00078,proc_ext_00191
dash_proceso_0383;6;gob_tbl_02476,std_tbl_01612,gob_tbl_03072,gob_tbl_02045,dlk_tbl_02186,gob_tbl_02735;10;dlk_tbl_00050,dlk_tbl_01472,dlk_tbl_01948,gob_tbl_01579,dlk_tbl_02219,proc_tbl_00320,gob_ext_00272,gob_ext_00271,dlk_ext_00371,gob_ext_00064
proc_proceso_0384;4;gob_tbl_02366,std_tbl_01076,gob_tbl_02496,gob_tbl_01502;13;gob_tbl_03018,dash_tbl_02974,dlk_tbl_01472,dlk_tbl_03105,dlk_tbl_03085,gob_tbl_02511,gob_tbl_03017,gob_ext_00437,dlk_ext_00154,proc_ext_00431,dlk_ext_00081,dash_ext_00373,ppn_ext_00361
proc_proceso_0385;6;dlk_tbl_03001,dlk_tbl_00688,gob_tbl_00100,gob_tbl_00856,gob_tbl_02421,dlk_tbl_02883;13;dlk_tbl_03307,gob_tbl_01341,dlk_tbl_02219,dlk_tbl_00303,gob_tbl_00163,gob_tbl_01912,gob_tbl_00107,proc_ext_00156,dlk_ext_00106,proc_ext_00196,dlk_ext_00360,m4sco_ext_00005,gob_ext_00296
dlk_proceso_0386;3;gob_tbl_01914,dlk_tbl_01441,dlk_tbl_01555;13;dlk_tbl_01370,dash_tbl_02869,gob_tbl_02334,gob_tbl_00905,gob_tbl_01272,gob_tbl_02958,dlk_tbl_00584,dlk_ext_00443,dash_ext_00114,dlk_ext_00250,dlk_ext_00322,gob_ext_00276,gob_ext_00323
gob_proceso_0387;5;dlk_tbl_01016,gob_tbl_03139,gob_tbl_00980,dlk_tbl_00543,proc_tbl_02173;5;proc_tbl_02305,proc_tbl_02662,proc_tbl_00964,dash_ext_00458,dash_ext_00145
dlk_proceso_0388;2;gob_tbl_00276,gob_tbl_00299;7;dlk_tbl_01163,gob_tbl_01642,proc_tbl_01986,gob_tbl_00127,dash_ext_00058,dlk_ext_00118,dlk_ext_00338
dash_proceso_0389;5;proc_tbl_03057,dlk_tbl_00215,gob_tbl_02370,dlk_tbl_01320,dlk_tbl_01474;7;gob_tbl_00696,dlk_tbl_00969,gob_tbl_02576,dlk_tbl_01442,dlk_ext_00360,gob_ext_00243,dlk_ext_00183
gob_proceso_0390;5;gob_tbl_00711,proc_tbl_01112,gob_tbl_03027,dlk_tbl_02321,gob_tbl_02462;14;gob_tbl_01227,gob_tbl_02026,m4vw_tbl_02293,dash_tbl_00260,proc_tbl_01950,dlk_tbl_00022,proc_tbl_01333,dash_tbl_00915,proc_ext_00063,dlk_ext_00255,proc_ext_00311,proc_ext_00139,dlk_ext_00128,gob_ext_00027
gob_proceso_0391;4;gob_tbl_03198,dlk_tbl_01659,proc_tbl_02648,proc_tbl_03094;7;proc_tbl_00325,gob_tbl_02909,dash_tbl_00978,m4vw_tbl_01778,gob_ext_00282,dlk_ext_00059,dash_ext_00173
dlk_proceso_0392;7;dash_tbl_01044,dlk_tbl_01893,dlk_tbl_02841,dlk_tbl_02721,dash_tbl_00943,proc_tbl_00801,gob_tbl_02166;9;gob_tbl_03069,m4sco_tbl_02646,dlk_tbl_02378,dash_tbl_01521,gob_tbl_02976,gob_ext_00025,proc_ext_00076,gob_ext_00039,m4vw_ext_00201
dlk_proceso_0393;4;dlk_tbl_02399,proc_tbl_01633,gob_tbl_02943,dlk_tbl_01999;7;gob_tbl_00279,dlk_tbl_02467,gob_tbl_00921,dlk_tbl_02291,gob_ext_00025,gob_ext_00455,dlk_ext_00352
dlk_proceso_0394;5;dlk_tbl_02890,dlk_tbl_02809,gob_tbl_02449,gob_tbl_01808,gob_tbl_03219;11;dlk_tbl_00634,gob_tbl_00867,gob_tbl_01591,dlk_tbl_02924,proc_tbl_01658,gob_tbl_01834,gob_ext_00261,gob_ext_00027,gob_ext_00147,dlk_ext_00339,gob_ext_00259
dlk_proceso_0395;5;dlk_tbl_02138,gob_tbl_00576,dash_tbl_01041,dlk_tbl_02099,dlk_tbl_03234;13;gob_tbl_01235,dlk_tbl_01746,std_tbl_00914,dash_tbl_00978,gob_tbl_03104,gob_tbl_00856,gob_tbl_00652,gob_ext_00119,proc_ext_00127,proc_ext_00121,gob_ext_00387,m4vw_ext_00135,dlk_ext_00483
gob_proceso_0396;4;gob_tbl_01886,gob_tbl_00671,gob_tbl_02620,dlk_tbl_01985;6;dlk_tbl_01629,gob_tbl_02868,dlk_tbl_03253,dlk_ext_00371,gob_ext_00272,dash_ext_00378
dlk_proceso_0397;4;gob_tbl_02640,dlk_tbl_00512,proc_tbl_03181,dlk_tbl_00415;10;gob_tbl_00585,dlk_tbl_00589,gob_tbl_01438,dlk_tbl_00067,gob_tbl_02920,gob_tbl_02175,gob_ext_00023,dlk_ext_00404,proc_ext_00385,gob_ext_00470
proc_proceso_0398;4;dlk_tbl_01140,gob_tbl_03169,gob_tbl_00348,dash_tbl_01183;4;proc_tbl_01327,m4sco_tbl_02490,dlk_ext_00059,gob_ext_00459
dlk_proceso_0399;4;gob_tbl_00472,gob_tbl_02878,dlk_tbl_00211,proc_tbl_00873;12;dlk_tbl_01621,dlk_tbl_03006,dlk_tbl_01908,dlk_tbl_02088,gob_tbl_01695,gob_tbl_02102,dlk_tbl_02876,dlk_ext_00106,gob_ext_00484,gob_ext_00064,m4vw_ext_00201,dlk_ext_00166
dlk_proceso_0400;5;gob_tbl_01021,m4vw_tbl_01576,gob_tbl_03059,proc_tbl_00580,proc_tbl_02829;7;proc_tbl_01633,proc_tbl_01451,gob_tbl_02061,m4sco_tbl_00799,proc_ext_00222,dash_ext_00133,dlk_ext_00460
proc_proceso_0401;5;dlk_tbl_01380,proc_tbl_01946,gob_tbl_00656,dlk_tbl_00324,proc_tbl_03255;12;gob_tbl_00395,proc_tbl_01047,gob_tbl_02039,dlk_tbl_03129,dlk_tbl_01848,proc_tbl_00497,dlk_tbl_01495,dlk_ext_00412,ppn_ext_00361,proc_ext_00450,dlk_ext_00407,dash_ext_00073
dlk_proceso_0402;5;gob_tbl_03077,gob_tbl_02364,dlk_tbl_01831,dlk_tbl_00835,gob_tbl_00342;14;gob_tbl_01254,gob_tbl_00375,gob_tbl_01272,dlk_tbl_01512,gob_tbl_00527,gob_tbl_00542,dlk_tbl_00303,dash_tbl_01973,proc_ext_00266,gob_ext_00169,dash_ext_00348,dlk_ext_00465,dlk_ext_00106,gob_ext_00259
dlk_proceso_0403;2;gob_tbl_01720,gob_tbl_02711;9;dlk_tbl_03006,gob_tbl_02704,gob_tbl_03156,dlk_tbl_02531,proc_tbl_03146,gob_ext_00344,dash_ext_00400,dash_ext_00467,dash_ext_00396
gob_proceso_0404;6;gob_tbl_00889,proc_tbl_01008,gob_tbl_01956,proc_tbl_00213,gob_tbl_01488,dlk_tbl_00789;4;dlk_tbl_03033,dlk_tbl_02653,gob_ext_00098,dash_ext_00453
proc_proceso_0405;2;gob_tbl_00361,std_tbl_02938;7;gob_tbl_02370,dash_tbl_00511,dlk_tbl_00561,dlk_tbl_01442,dlk_ext_00388,gob_ext_00179,proc_ext_00450
gob_proceso_0406;5;gob_tbl_01465,dlk_tbl_01303,gob_tbl_02239,gob_tbl_01395,dlk_tbl_02760;12;dash_tbl_03164,proc_tbl_02641,dlk_tbl_01122,dlk_tbl_01162,proc_tbl_02911,dlk_tbl_00372,dlk_tbl_01900,gob_ext_00295,gob_ext_00399,dlk_ext_00195,dlk_ext_00404,dlk_ext_00097
dlk_proceso_0407;6;proc_tbl_01660,dlk_tbl_01156,dlk_tbl_02207,gob_tbl_01269,gob_tbl_01430,gob_tbl_00225;9;dash_tbl_02211,proc_tbl_00323,dlk_tbl_00872,dlk_tbl_00357,proc_tbl_03292,gob_ext_00406,gob_ext_00363,gob_ext_00247,gob_ext_00151
dlk_proceso_0408;5;std_tbl_02152,proc_tbl_02827,dlk_tbl_02656,dlk_tbl_00340,dlk_tbl_00371;7;gob_tbl_01718,proc_tbl_00895,gob_tbl_00039,dlk_tbl_00481,gob_ext_00323,dlk_ext_00106,dlk_ext_00000
dash_proceso_0409;7;proc_tbl_00614,proc_tbl_03280,dlk_tbl_00604,std_tbl_01304,gob_tbl_02914,gob_tbl_01235,gob_tbl_01912;10;gob_tbl_02793,gob_tbl_02427,gob_tbl_01180,dlk_tbl_03129,dlk_tbl_01659,gob_tbl_00299,gob_ext_00138,dlk_ext_00412,proc_ext_00229,gob_ext_00413
dlk_proceso_0410;3;gob_tbl_02264,gob_tbl_01263,dash_tbl_02930;7;gob_tbl_01749,dlk_tbl_00131,gob_tbl_03222,dlk_tbl_01421,gob_ext_00355,gob_ext_00272,dlk_ext_00375
dlk_proceso_0411;5;dlk_tbl_03180,dlk_tbl_02693,dash_tbl_00597,proc_tbl_02957,gob_tbl_00216;5;proc_tbl_00636,proc_tbl_00035,gob_tbl_01793,dlk_ext_00386,proc_ext_00231
proc_proceso_0412;4;dlk_tbl_02253,proc_tbl_02792,std_tbl_01920,proc_tbl_03044;11;dash_tbl_03003,dlk_tbl_01225,dlk_tbl_00167,dlk_tbl_00816,std_tbl_00557,gob_tbl_01025,dlk_ext_00183,dlk_ext_00084,dlk_ext_00081,gob_ext_00336,dlk_ext_00316
gob_proceso_0413;5;gob_tbl_02181,proc_tbl_00333,dlk_tbl_01925,dash_tbl_03004,gob_tbl_02217;12;proc_tbl_02848,proc_tbl_03154,gob_tbl_01579,proc_tbl_00012,dash_tbl_02161,gob_tbl_03197,dlk_tbl_01163,proc_ext_00237,gob_ext_00294,dlk_ext_00307,gob_ext_00020,m4vw_ext_00135
gob_proceso_0414;3;gob_tbl_01785,gob_tbl_00945,gob_tbl_00040;12;dlk_tbl_02787,std_tbl_02605,dlk_tbl_02751,dlk_tbl_02033,dash_tbl_00069,dlk_tbl_01288,gob_tbl_00034,proc_ext_00417,gob_ext_00419,dlk_ext_00322,gob_ext_00434,gob_ext_00243
dlk_proceso_0415;4;dlk_tbl_00739,proc_tbl_02799,gob_tbl_01365,gob_tbl_00252;10;gob_tbl_02821,gob_tbl_01735,dash_tbl_01183,dash_tbl_00803,dash_tbl_03212,dlk_tbl_01123,gob_ext_00364,dlk_ext_00193,dlk_ext_00366,m4sco_ext_00269
dlk_proceso_0416;3;gob_tbl_03005,dlk_tbl_02748,dash_tbl_00021;12;dlk_tbl_02825,gob_tbl_01537,dlk_tbl_00218,gob_tbl_00659,proc_tbl_00012,gob_tbl_02227,proc_tbl_01757,dlk_ext_00000,proc_ext_00409,proc_ext_00056,gob_ext_00168,dash_ext_00458
dlk_proceso_0417;2;proc_tbl_01566,gob_tbl_02824;8;dlk_tbl_00389,m4sco_tbl_00233,gob_tbl_02667,gob_tbl_01796,gob_tbl_00782,proc_ext_00077,gob_ext_00303,gob_ext_00112
dlk_proceso_0418;5;proc_tbl_02634,gob_tbl_01154,dlk_tbl_00129,proc_tbl_02848,gob_tbl_00877;9;dlk_tbl_00478,gob_tbl_01783,dlk_tbl_03001,dash_tbl_02177,gob_tbl_00731,proc_ext_00157,gob_ext_00344,gob_ext_00314,dlk_ext_00054
dlk_proceso_0419;3;dlk_tbl_01675,gob_tbl_02612,proc_tbl_03183;6;proc_tbl_02957,gob_tbl_01438,gob_tbl_02580,proc_ext_00076,gob_ext_00027,dlk_ext_00411
dash_proceso_0420;3;gob_tbl_03029,gob_tbl_03313,gob_tbl_01889;6;proc_tbl_02570,dlk_tbl_01958,proc_tbl_02233,gob_ext_00406,gob_ext_00379,dlk_ext_00340
gob_proceso_0421;6;gob_tbl_02107,dlk_tbl_02386,dlk_tbl_03283,dlk_tbl_00834,dlk_tbl_00009,dlk_tbl_00842;4;gob_tbl_02295,gob_tbl_01508,gob_ext_00328,gob_ext_00110
gob_proceso_0422;4;gob_tbl_01581,proc_tbl_00815,m4vw_tbl_00994,dlk_tbl_02196;4;dlk_tbl_00663,dlk_tbl_02020,gob_ext_00482,dlk_ext_00195
gob_proceso_0423;6;proc_tbl_02226,dlk_tbl_01258,gob_tbl_00180,gob_tbl_02156,proc_tbl_00982,proc_tbl_02025;15;gob_tbl_03124,dlk_tbl_01381,proc_tbl_01716,dlk_tbl_00296,dlk_tbl_00560,dlk_tbl_02927,gob_tbl_02355,gob_tbl_02669,gob_tbl_00194,dlk_ext_00183,gob_ext_00277,gob_ext_00032,dlk_ext_00152,gob_ext_00064,gob_ext_00174
gob_proceso_0424;2;gob_tbl_00302,dash_tbl_02479;13;proc_tbl_00461,dlk_tbl_00399,dlk_tbl_01625,proc_tbl_01437,dlk_tbl_03182,proc_tbl_02657,dlk_tbl_02150,dlk_ext_00255,dash_ext_00392,dlk_ext_00195,gob_ext_00303,gob_ext_00476,dash_ext_00463
dlk_proceso_0425;3;dlk_tbl_02764,dlk_tbl_02274,gob_tbl_00730;12;dlk_tbl_01518,gob_tbl_03279,dlk_tbl_01224,proc_tbl_00004,std_tbl_02319,proc_tbl_02010,dlk_tbl_03281,gob_ext_00104,std_ext_00473,gob_ext_00364,ppn_ext_00089,gob_ext_00399
dlk_proceso_0426;7;dlk_tbl_01910,dlk_tbl_01888,gob_tbl_01673,gob_tbl_02163,proc_tbl_01477,dlk_tbl_02542,dlk_tbl_01715;11;std_tbl_02897,gob_tbl_02820,gob_tbl_01705,dash_tbl_02564,dlk_tbl_00056,gob_tbl_02720,dlk_ext_00116,dlk_ext_00029,gob_ext_00093,proc_ext_00450,gob_ext_00437
proc_proceso_0427;3;gob_tbl_00007,gob_tbl_02006,dlk_tbl_02595;15;dash_tbl_00556,dlk_tbl_00447,dlk_tbl_01037,gob_tbl_02417,ppn_tbl_02913,dlk_tbl_02527,m4sco_tbl_02846,proc_tbl_00305,gob_tbl_00615,gob_ext_00025,dlk_ext_00340,gob_ext_00484,gob_ext_00364,proc_ext_00383,proc_ext_00127
gob_proceso_0428;6;dlk_tbl_02470,m4vw_tbl_01859,gob_tbl_00222,dash_tbl_00540,dash_tbl_00427,dlk_tbl_02131;4;dlk_tbl_00966,dlk_tbl_03063,proc_ext_00417,dlk_ext_00456
dlk_proceso_0429;7;proc_tbl_01966,gob_tbl_00485,gob_tbl_03291,ppn_tbl_01915,proc_tbl_00377,gob_tbl_00081,dlk_tbl_00312;4;gob_tbl_00113,std_tbl_00914,proc_ext_00457,gob_ext_00484
gob_proceso_0430;2;dlk_tbl_00399,gob_tbl_03246;12;proc_tbl_00200,gob_tbl_01828,gob_tbl_02153,dlk_tbl_02514,gob_tbl_00209,gob_tbl_01853,dlk_tbl_00470,gob_ext_00101,dlk_ext_00029,dlk_ext_00081,dash_ext_00400,gob_ext_00189
dlk_proceso_0431;7;dlk_tbl_01864,dlk_tbl_01090,dash_tbl_02910,dlk_tbl_02432,gob_tbl_01636,dlk_tbl_01347,gob_tbl_00018;1;gob_tbl_03299
dlk_proceso_0432;4;gob_tbl_02095,gob_tbl_00001,gob_tbl_01897,dlk_tbl_03307;10;gob_tbl_00275,dlk_tbl_00065,dlk_tbl_01900,proc_tbl_01022,dash_tbl_01146,dlk_tbl_01699,proc_ext_00176,dlk_ext_00365,dlk_ext_00006,dlk_ext_00404
gob_proceso_0433;4;gob_tbl_03114,gob_tbl_02577,dash_tbl_00619,gob_tbl_02717;7;proc_tbl_01536,dash_tbl_01610,dlk_tbl_03162,gob_tbl_02855,proc_ext_00311,gob_ext_00306,proc_ext_00127
dlk_proceso_0434;4;gob_tbl_02164,dlk_tbl_02745,dlk_tbl_01435,gob_tbl_00158;7;gob_tbl_02485,dlk_tbl_02392,gob_tbl_02763,dlk_tbl_00369,dlk_ext_00060,proc_ext_00127,proc_ext_00283
dash_proceso_0435;7;gob_tbl_02007,dash_tbl_00975,dlk_tbl_00437,proc_tbl_00997,gob_tbl_01646,dlk_tbl_02779,proc_tbl_00551;9;gob_tbl_01504,dlk_tbl_03000,dash_tbl_01244,gob_tbl_00736,dlk_tbl_01005,dlk_ext_00006,dlk_ext_00068,proc_ext_00394,dlk_ext_00042
dlk_proceso_0436;5;gob_tbl_02372,dlk_tbl_00578,std_tbl_00414,gob_tbl_00019,gob_tbl_01452;5;gob_tbl_01676,dash_tbl_00719,dlk_tbl_01691,proc_ext_00121,gob_ext_00379
dlk_proceso_0437;6;proc_tbl_00049,gob_tbl_00435,dlk_tbl_03152,m4sco_tbl_00294,gob_tbl_00165,gob_tbl_02505;4;dlk_tbl_01066,dash_tbl_02021,dlk_ext_00158,dlk_ext_00109
dlk_proceso_0438;3;gob_tbl_01411,proc_tbl_03012,proc_tbl_02835;14;dash_tbl_01822,gob_tbl_01793,proc_tbl_01548,gob_tbl_01427,gob_tbl_01604,dlk_tbl_01012,gob_tbl_00850,gob_tbl_00299,dlk_ext_00359,gob_ext_00035,dash_ext_00463,gob_ext_00027,m4sco_ext_00005,gob_ext_00259
gob_proceso_0439;4;m4sco_tbl_03110,dlk_tbl_01625,dlk_tbl_01556,gob_tbl_00709;8;proc_tbl_00580,gob_tbl_02154,std_tbl_02140,proc_tbl_01098,gob_tbl_01912,dlk_ext_00273,dash_ext_00145,proc_ext_00450
dash_proceso_0440;3;dlk_tbl_01524,gob_tbl_03284,proc_tbl_01667;14;dlk_tbl_02356,gob_tbl_00814,dlk_tbl_00399,std_tbl_00879,dash_tbl_02017,gob_tbl_02355,gob_tbl_00194,dash_tbl_02038,gob_ext_00374,dlk_ext_00218,dlk_ext_00397,gob_ext_00112,proc_ext_00127,dash_ext_00436
gob_proceso_0441;7;gob_tbl_02262,gob_tbl_03236,proc_tbl_02992,dlk_tbl_01301,dlk_tbl_02397,dlk_tbl_00546,gob_tbl_01325;11;gob_tbl_02248,gob_tbl_00932,gob_tbl_00696,dlk_tbl_01688,dash_tbl_02361,gob_tbl_02963,gob_ext_00243,proc_ext_00191,dlk_ext_00106,gob_ext_00080,gob_ext_00323
dash_proceso_0442;7;dash_tbl_02132,proc_tbl_00970,gob_tbl_00545,gob_tbl_02231,gob_tbl_02838,gob_tbl_02552,dlk_tbl_01597;6;gob_tbl_00284,gob_tbl_02728,gob_tbl_03084,gob_ext_00093,dlk_ext_00100,dlk_ext_00288
gob_proceso_0443;3;dlk_tbl_01649,dlk_tbl_02158,gob_tbl_01310;13;gob_tbl_01793,dlk_tbl_02705,gob_tbl_03139,dlk_tbl_00303,gob_tbl_00085,gob_tbl_02659,dlk_tbl_03105,dlk_ext_00263,dlk_ext_00483,gob_ext_00276,m4sco_ext_00324,gob_ext_00027,dlk_ext_00200
gob_proceso_0444;7;m4vw_tbl_02317,gob_tbl_01177,dlk_tbl_03314,gob_tbl_02468,gob_tbl_02286,gob_tbl_01436,dlk_tbl_02730;9;gob_tbl_02446,gob_tbl_02948,gob_tbl_03196,gob_tbl_00454,dlk_tbl_01555,gob_ext_00258,dlk_ext_00146,gob_ext_00306,dlk_ext_00366
proc_proceso_0445;6;proc_tbl_00359,dlk_tbl_02529,gob_tbl_00527,gob_tbl_01340,proc_tbl_02874,gob_tbl_02104;6;proc_tbl_00647,dlk_tbl_02983,gob_tbl_01579,gob_ext_00245,gob_ext_00270,gob_ext_00294
proc_proceso_0446;3;dlk_tbl_02556,m4sco_tbl_03035,std_tbl_02002;6;gob_tbl_00290,dlk_tbl_00264,gob_tbl_00275,proc_ext_00266,dash_ext_00050,dlk_ext_00228
dlk_proceso_0447;7;gob_tbl_02998,dlk_tbl_03217,dlk_tbl_00389,dlk_tbl_02743,proc_tbl_02891,dlk_tbl_02572,dlk_tbl_00273;20;proc_tbl_01757,gob_tbl_00092,dlk_tbl_00796,gob_tbl_02359,dlk_tbl_01111,gob_tbl_00290,proc_tbl_00899,dlk_tbl_03165,gob_tbl_02340,gob_tbl_01190,gob_tbl_01631,dlk_tbl_00292,dlk_ext_00162,dlk_ext_00445,gob_ext_00239,dlk_ext_00386,gob_ext_00108,dlk_ext_00337,dlk_ext_00158,gob_ext_00090
gob_proceso_0448;6;gob_tbl_02381,dlk_tbl_00010,dash_tbl_01152,gob_tbl_02129,gob_tbl_01311,dlk_tbl_02546;13;gob_tbl_01269,dlk_tbl_02708,dlk_tbl_02892,gob_tbl_00814,gob_tbl_02752,gob_tbl_02672,dlk_tbl_01590,gob_ext_00379,gob_ext_00189,proc_ext_00061,dlk_ext_00337,gob_ext_00259,gob_ext_00308
dash_proceso_0449;3;gob_tbl_03073,gob_tbl_02204,m4sco_tbl_02846;7;dlk_tbl_02369,dlk_tbl_02406,dash_tbl_02431,dlk_tbl_00883,gob_ext_00072,dlk_ext_00347,dlk_ext_00475
proc_proceso_0450;6;proc_tbl_02921,dlk_tbl_00177,gob_tbl_01214,proc_tbl_02919,gob_tbl_03247,proc_tbl_01861;15;dlk_tbl_02051,dlk_tbl_01381,gob_tbl_01782,gob_tbl_01311,gob_tbl_01190,dlk_tbl_00415,gob_tbl_02045,dlk_tbl_02519,dash_tbl_01143,gob_ext_00096,dlk_ext_00424,dlk_ext_00342,proc_ext_00409,dlk_ext_00430,dlk_ext_00475
proc_proceso_0451;2;dlk_tbl_01145,dash_tbl_00495;7;gob_tbl_01642,dlk_tbl_02608,dlk_tbl_00990,gob_tbl_00807,dash_ext_00087,gob_ext_00303,ppn_ext_00089
gob_proceso_0452;5;dlk_tbl_01418,dash_tbl_02650,proc_tbl_00115,gob_tbl_02409,dlk_tbl_01276;13;gob_tbl_00283,proc_tbl_00815,gob_tbl_01896,gob_tbl_03086,proc_tbl_01124,dlk_tbl_00679,gob_tbl_02181,dlk_ext_00340,dlk_ext_00365,gob_ext_00314,dash_ext_00182,dlk_ext_00297,proc_ext_00310
gob_proceso_0453;5;gob_tbl_02501,dash_tbl_01584,dlk_tbl_02550,dlk_tbl_00206,dlk_tbl_02001;8;gob_tbl_00446,dash_tbl_02499,proc_tbl_00693,dlk_tbl_00792,dlk_tbl_02272,dlk_ext_00160,std_ext_00267,dash_ext_00453
gob_proceso_0454;3;dash_tbl_00274,dlk_tbl_01799,dlk_tbl_02314;12;gob_tbl_01177,dlk_tbl_00510,dlk_tbl_02013,gob_tbl_01528,gob_tbl_02355,gob_tbl_02125,dlk_tbl_02234,proc_ext_00257,dlk_ext_00430,dlk_ext_00081,gob_ext_00308,dlk_ext_00107
dlk_proceso_0455;6;ppn_tbl_02336,proc_tbl_00632,gob_tbl_01696,m4vw_tbl_02398,gob_tbl_00190,dlk_tbl_03053;6;dlk_tbl_00733,dlk_tbl_02369,dlk_tbl_02396,proc_ext_00266,gob_ext_00027,proc_ext_00333
dlk_proceso_0456;2;gob_tbl_00617,m4vw_tbl_02631;7;dlk_tbl_00258,proc_tbl_01333,dlk_tbl_00694,dlk_tbl_00357,gob_ext_00399,gob_ext_00221,gob_ext_00243
gob_proceso_0457;6;dlk_tbl_00755,gob_tbl_01988,dlk_tbl_02985,gob_tbl_01467,dlk_tbl_00674,gob_tbl_02625;13;dlk_tbl_03150,dash_tbl_03157,proc_tbl_00373,dash_tbl_03186,dlk_tbl_02440,gob_tbl_01729,gob_tbl_02692,gob_ext_00169,gob_ext_00159,gob_ext_00049,dlk_ext_00175,gob_ext_00462,gob_ext_00027
dlk_proceso_0458;5;dlk_tbl_00770,proc_tbl_02067,gob_tbl_03009,dlk_tbl_03294,proc_tbl_01837;7;dash_tbl_02130,gob_tbl_00730,dlk_tbl_02877,gob_tbl_02973,proc_ext_00076,dash_ext_00087,dlk_ext_00352
dlk_proceso_0459;3;dlk_tbl_00170,gob_tbl_03038,gob_tbl_02050;9;dash_tbl_02361,proc_tbl_02668,dlk_tbl_00578,gob_tbl_00681,gob_tbl_02670,gob_ext_00025,gob_ext_00364,gob_ext_00399,proc_ext_00061
dlk_proceso_0460;2;dlk_tbl_02052,gob_tbl_01240;6;gob_tbl_00875,gob_tbl_03302,dlk_tbl_02353,gob_ext_00258,dlk_ext_00224,gob_ext_00187
dlk_proceso_0461;3;dash_tbl_00471,dlk_tbl_03037,dlk_tbl_02144;13;dlk_tbl_02371,proc_tbl_02567,gob_tbl_01006,dlk_tbl_01037,dlk_tbl_02753,dlk_tbl_01570,gob_tbl_00860,gob_ext_00149,gob_ext_00245,dlk_ext_00397,gob_ext_00103,proc_ext_00036,dlk_ext_00240
dlk_proceso_0462;8;gob_tbl_00859,dlk_tbl_00927,gob_tbl_03278,dlk_tbl_00303,dash_tbl_00254,dlk_tbl_00723,std_tbl_01485,gob_tbl_02118;6;gob_tbl_03050,gob_tbl_03079,proc_tbl_02119,dlk_ext_00395,dlk_ext_00249,gob_ext_00064
dlk_proceso_0463;2;std_tbl_02277,dash_tbl_00110;7;dlk_tbl_02737,dlk_tbl_00691,gob_tbl_02172,dash_tbl_01584,dlk_ext_00297,dlk_ext_00352,dlk_ext_00307
gob_proceso_0464;4;gob_tbl_02697,dlk_tbl_02406,dlk_tbl_00760,gob_tbl_01103;11;proc_tbl_00413,gob_tbl_02736,dlk_tbl_01678,dlk_tbl_02488,dlk_tbl_03111,dlk_tbl_00508,proc_ext_00302,gob_ext_00080,dlk_ext_00105,gob_ext_00294,dlk_ext_00152
dash_proceso_0465;4;gob_tbl_02551,gob_tbl_00095,dlk_tbl_00328,dlk_tbl_00330;8;dlk_tbl_02600,dlk_tbl_02604,dlk_tbl_00037,gob_tbl_00684,dlk_tbl_00765,dash_ext_00378,gob_ext_00181,dlk_ext_00250
dlk_proceso_0466;4;gob_tbl_01326,gob_tbl_01991,gob_tbl_00102,dlk_tbl_01620;10;gob_tbl_01980,gob_tbl_00085,gob_tbl_02222,gob_tbl_01360,gob_tbl_00278,proc_tbl_02610,dlk_ext_00128,proc_ext_00041,proc_ext_00127,gob_ext_00104
dash_proceso_0467;5;gob_tbl_01292,dash_tbl_02952,proc_tbl_01560,gob_tbl_01268,dlk_tbl_03026;8;gob_tbl_02476,gob_tbl_00814,dlk_tbl_02430,dlk_tbl_01605,dash_tbl_02097,dlk_ext_00190,gob_ext_00303,proc_ext_00176
dlk_proceso_0468;2;m4vw_tbl_00669,gob_tbl_02154;4;dlk_tbl_02747,dlk_tbl_02432,dlk_ext_00465,proc_ext_00333
dlk_proceso_0469;3;gob_tbl_00375,dlk_tbl_02049,dlk_tbl_02635;9;std_tbl_02115,dash_tbl_01871,dlk_tbl_02170,dash_tbl_01020,dlk_tbl_02480,dlk_ext_00195,dlk_ext_00048,dlk_ext_00160,gob_ext_00419
gob_proceso_0470;5;gob_tbl_01357,proc_tbl_02637,proc_tbl_00500,dlk_tbl_01638,gob_tbl_01291;8;gob_tbl_00163,proc_tbl_01575,dlk_tbl_00023,proc_tbl_00902,gob_tbl_00683,gob_ext_00482,gob_ext_00025,proc_ext_00041
dash_proceso_0471;4;dlk_tbl_03234,dlk_tbl_00023,gob_tbl_00031,gob_tbl_00587;8;dlk_tbl_00442,gob_tbl_02669,dlk_tbl_00778,dlk_tbl_03071,gob_tbl_01017,dlk_ext_00042,gob_ext_00096,gob_ext_00104
dlk_proceso_0472;6;dlk_tbl_00653,dlk_tbl_02946,dash_tbl_00132,gob_tbl_03189,std_tbl_02319,gob_tbl_02666;15;dlk_tbl_03276,gob_tbl_01630,proc_tbl_00457,dlk_tbl_00408,dlk_tbl_01242,dash_tbl_00998,dlk_tbl_01798,proc_tbl_01776,dlk_tbl_02906,proc_ext_00033,proc_ext_00237,gob_ext_00414,dash_ext_00390,m4vw_ext_00201,gob_ext_00204
gob_proceso_0473;4;gob_tbl_00620,proc_tbl_01600,dlk_tbl_00423,dlk_tbl_00651;7;gob_tbl_00534,dlk_tbl_02094,dlk_tbl_01982,dlk_tbl_03298,dlk_ext_00290,gob_ext_00261,dlk_ext_00339
gob_proceso_0474;5;gob_tbl_01726,dlk_tbl_02291,dlk_tbl_01338,dash_tbl_03202,dlk_tbl_03162;16;proc_tbl_00388,dlk_tbl_01733,proc_tbl_00285,gob_tbl_01361,dlk_tbl_00056,gob_tbl_00299,proc_tbl_00964,dlk_tbl_01995,gob_tbl_00242,dlk_ext_00325,gob_ext_00108,proc_ext_00442,gob_ext_00187,dash_ext_00078,gob_ext_00381,gob_ext_00247
dlk_proceso_0475;4;gob_tbl_00070,dlk_tbl_01875,proc_tbl_01689,dash_tbl_02459;12;dlk_tbl_00300,gob_tbl_01094,m4sco_tbl_02785,gob_tbl_02697,gob_tbl_00186,proc_tbl_03273,proc_tbl_01602,dlk_ext_00175,gob_ext_00103,gob_ext_00211,dlk_ext_00449,gob_ext_00455
dlk_proceso_0476;6;proc_tbl_00714,dlk_tbl_01108,gob_tbl_02151,proc_tbl_01919,m4sco_tbl_01588,dlk_tbl_01262;11;gob_tbl_02697,gob_tbl_00603,dlk_tbl_03082,gob_tbl_00401,gob_tbl_01947,dlk_tbl_02713,dlk_ext_00325,gob_ext_00336,gob_ext_00126,proc_ext_00266,dash_ext_00380
gob_proceso_0477;2;dlk_tbl_02775,dlk_tbl_00832;7;std_tbl_00557,std_tbl_01019,gob_tbl_01017,gob_tbl_00867,gob_ext_00108,dlk_ext_00341,m4vw_ext_00002
dlk_proceso_0478;4;gob_tbl_03274,gob_tbl_02227,dlk_tbl_00969,dlk_tbl_02737;12;gob_tbl_01779,dlk_tbl_02219,dlk_tbl_03253,gob_tbl_02391,proc_tbl_02587,proc_tbl_01275,proc_tbl_03094,dash_ext_00480,proc_ext_00038,dash_ext_00348,dlk_ext_00316,gob_ext_00189
gob_proceso_0479;6;gob_tbl_01306,dlk_tbl_00226,proc_tbl_00175,proc_tbl_02169,dlk_tbl_02193,dlk_tbl_00565;13;gob_tbl_00026,gob_tbl_03017,proc_tbl_02801,gob_tbl_02204,gob_tbl_02577,dlk_tbl_00786,dlk_tbl_02608,dash_ext_00390,proc_ext_00036,gob_ext_00039,gob_ext_00381,gob_ext_00064,proc_ext_00061
dlk_proceso_0480;4;gob_tbl_01528,dlk_tbl_03071,gob_tbl_01828,m4vw_tbl_00291;9;dlk_tbl_01654,dlk_tbl_02065,dlk_tbl_02298,proc_tbl_02010,gob_tbl_00526,dash_ext_00117,dlk_ext_00160,dlk_ext_00368,dlk_ext_00051
proc_proceso_0481;4;proc_tbl_02954,std_tbl_02548,dlk_tbl_00733,dlk_tbl_02776;10;proc_tbl_01007,gob_tbl_00645,dash_tbl_00254,gob_tbl_01609,dlk_tbl_00561,gob_tbl_02843,gob_ext_00161,dlk_ext_00477,dlk_ext_00273,dlk_ext_00193
proc_proceso_0482;3;dlk_tbl_01286,gob_tbl_01862,gob_tbl_03034;11;dlk_tbl_02519,proc_tbl_02954,dlk_tbl_01564,gob_tbl_00176,proc_tbl_00323,dlk_tbl_00265,gob_ext_00039,gob_ext_00308,gob_ext_00329,proc_ext_00457,gob_ext_00314
proc_proceso_0483;7;proc_tbl_01658,dlk_tbl_01195,gob_tbl_00087,std_tbl_01719,dlk_tbl_02189,proc_tbl_00854,dlk_tbl_01654;1;gob_tbl_01957
dash_proceso_0484;5;gob_tbl_02807,dlk_tbl_00868,dash_tbl_02177,gob_tbl_03293,dash_tbl_00909;7;proc_tbl_01667,dlk_tbl_02165,dlk_tbl_00760,dlk_tbl_00720,dlk_ext_00365,proc_ext_00394,dlk_ext_00331
dlk_proceso_0485;6;proc_tbl_01275,dlk_tbl_00131,dlk_tbl_01399,m4sco_tbl_02854,proc_tbl_02269,proc_tbl_01451;15;proc_tbl_02587,gob_tbl_03009,dlk_tbl_02832,dlk_tbl_01910,gob_tbl_00277,std_tbl_02548,dlk_tbl_01111,gob_tbl_02303,dlk_tbl_00828,gob_ext_00329,gob_ext_00247,proc_ext_00442,gob_ext_00379,proc_ext_00139,dlk_ext_00443
gob_proceso_0486;3;m4sco_tbl_02785,dash_tbl_00187,dash_tbl_02159;13;std_tbl_01627,dlk_tbl_02535,dash_tbl_00522,std_tbl_02115,gob_tbl_01562,dlk_tbl_03015,dlk_tbl_01606,gob_ext_00168,gob_ext_00486,gob_ext_00452,m4sco_ext_00053,dlk_ext_00240,gob_ext_00169
dlk_proceso_0487;5;proc_tbl_00457,dash_tbl_01761,gob_tbl_02091,m4vw_tbl_01778,dlk_tbl_01182;7;gob_tbl_03245,proc_tbl_00582,proc_tbl_01943,gob_tbl_03038,gob_ext_00086,dash_ext_00436,gob_ext_00232
proc_proceso_0488;4;dlk_tbl_02940,dlk_tbl_01619,dlk_tbl_02114,m4vw_tbl_00506;4;dlk_tbl_02028,proc_tbl_01667,gob_ext_00271,dlk_ext_00315
gob_proceso_0489;8;dash_tbl_00719,gob_tbl_00453,dash_tbl_02257,dlk_tbl_00967,std_tbl_02477,dash_tbl_00309,gob_tbl_01307,dlk_tbl_00608;14;dash_tbl_02694,gob_tbl_03257,gob_tbl_00063,gob_tbl_01100,gob_tbl_02855,proc_tbl_00892,gob_tbl_03083,proc_tbl_02534,dlk_ext_00404,gob_ext_00159,gob_ext_00274,gob_ext_00406,gob_ext_00245,dlk_ext_00048
dlk_proceso_0490;5;dlk_tbl_03138,dlk_tbl_00933,dlk_tbl_02929,gob_tbl_02383,dash_tbl_01867;8;dlk_tbl_02157,gob_tbl_00897,m4sco_tbl_02842,gob_tbl_02231,gob_tbl_00434,gob_ext_00239,gob_ext_00243,gob_ext_00110
dlk_proceso_0491;5;gob_tbl_00826,m4sco_tbl_00467,dlk_tbl_01952,dlk_tbl_02701,dlk_tbl_00589;7;std_tbl_03065,dlk_tbl_01493,dash_tbl_02899,dlk_tbl_00520,gob_ext_00138,proc_ext_00333,proc_ext_00127
dlk_proceso_0492;7;dlk_tbl_00188,gob_tbl_02882,gob_tbl_00282,dlk_tbl_01733,dlk_tbl_01941,std_tbl_02437,proc_tbl_00762;1;gob_tbl_02045
dlk_proceso_0493;2;gob_tbl_00845,dlk_tbl_02753;7;gob_tbl_02045,proc_tbl_00025,dash_tbl_00178,gob_tbl_00151,dlk_ext_00391,gob_ext_00119,dlk_ext_00255
gob_proceso_0494;2;gob_tbl_03316,gob_tbl_02263;4;gob_tbl_02279,dash_tbl_00943,gob_ext_00376,dlk_ext_00404
dlk_proceso_0495;8;gob_tbl_02638,dlk_tbl_01632,dlk_tbl_02969,proc_tbl_02583,dlk_tbl_00104,dlk_tbl_03165,dlk_tbl_01012,dlk_tbl_03097;23;dash_tbl_00741,dlk_tbl_02927,gob_tbl_02868,gob_tbl_01729,m4vw_tbl_02458,gob_tbl_01100,proc_tbl_00057,std_tbl_01118,dlk_tbl_02150,dash_tbl_01918,dlk_tbl_02748,dlk_tbl_01651,gob_tbl_01234,gob_ext_00298,gob_ext_00344,dlk_ext_00444,dlk_ext_00097,dash_ext_00153,gob_ext_00150,proc_ext_00417,gob_ext_00008,std_ext_00393,gob_ext_00104
proc_proceso_0496;7;dlk_tbl_02840,gob_tbl_02978,proc_tbl_00256,dlk_tbl_03208,gob_tbl_00336,dash_tbl_01532,gob_tbl_00355;11;gob_tbl_00180,proc_tbl_01337,dash_tbl_00260,m4sco_tbl_00838,dlk_tbl_00478,gob_tbl_00026,proc_ext_00139,dlk_ext_00106,dlk_ext_00102,gob_ext_00258,gob_ext_00027
proc_proceso_0497;5;dlk_tbl_02615,gob_tbl_01137,gob_tbl_02260,proc_tbl_00068,dash_tbl_01114;13;proc_tbl_00096,dlk_tbl_02406,proc_tbl_01731,dlk_tbl_02708,dlk_tbl_02960,proc_tbl_01056,std_tbl_00262,dlk_ext_00019,dash_ext_00378,gob_ext_00096,ppn_ext_00089,m4vw_ext_00135,gob_ext_00419
gob_proceso_0498;5;proc_tbl_02756,dlk_tbl_01586,dlk_tbl_00950,gob_tbl_00403,gob_tbl_02374;10;proc_tbl_03194,gob_tbl_01670,m4vw_tbl_01067,dlk_tbl_00723,dlk_tbl_00508,proc_tbl_02256,dlk_ext_00224,proc_ext_00394,dash_ext_00078,proc_ext_00317
dash_proceso_0499;3;dlk_tbl_03123,gob_tbl_02855,gob_tbl_00283;13;gob_tbl_03140,gob_tbl_01774,dlk_tbl_00112,m4sco_tbl_02445,dlk_tbl_02352,gob_tbl_00530,gob_tbl_00008,dlk_ext_00228,proc_ext_00022,dlk_ext_00290,dlk_ext_00365,gob_ext_00474,proc_ext_00447
dlk_proceso_0500;5;dash_tbl_03151,proc_tbl_03295,dlk_tbl_03048,gob_tbl_03041,dlk_tbl_00468;12;dlk_tbl_00181,gob_tbl_00158,dash_tbl_03202,gob_tbl_00203,m4sco_tbl_00058,dlk_tbl_03006,proc_tbl_00787,dlk_ext_00451,dlk_ext_00242,ppn_ext_00361,proc_ext_00358,gob_ext_00419
dlk_proceso_0501;6;dlk_tbl_00160,dlk_tbl_01071,dash_tbl_02895,dlk_tbl_00257,dlk_tbl_01223,proc_tbl_00061;4;gob_tbl_00772,proc_tbl_01264,m4vw_ext_00155,dlk_ext_00309
dash_proceso_0502;6;dash_tbl_00572,dlk_tbl_02994,dash_tbl_00528,gob_tbl_01917,gob_tbl_02408,dlk_tbl_00633;15;gob_tbl_03064,dlk_tbl_01286,gob_tbl_00696,dlk_tbl_01507,gob_tbl_02744,proc_tbl_02442,dlk_tbl_01923,gob_tbl_01690,dlk_tbl_01654,dlk_ext_00071,dlk_ext_00309,gob_ext_00271,dlk_ext_00195,gob_ext_00481,dlk_ext_00084
proc_proceso_0503;6;dash_tbl_01521,gob_tbl_01083,dlk_tbl_00292,dlk_tbl_02703,ppn_tbl_00391,gob_tbl_01655;8;gob_tbl_02171,dash_tbl_00110,m4sco_tbl_03243,dlk_tbl_03307,dlk_tbl_01149,std_ext_00473,dlk_ext_00068,dlk_ext_00372
dlk_proceso_0504;2;proc_tbl_01860,gob_tbl_00501;10;dlk_tbl_03109,gob_tbl_01330,dash_tbl_01509,gob_tbl_01917,gob_tbl_01292,gob_tbl_02512,gob_ext_00072,std_ext_00318,gob_ext_00216,dlk_ext_00352
dlk_proceso_0505;5;proc_tbl_00489,dash_tbl_03076,gob_tbl_01025,dlk_tbl_00754,gob_tbl_01969;10;gob_tbl_01349,proc_tbl_01520,proc_tbl_01342,gob_tbl_01528,gob_tbl_03023,gob_tbl_03149,dlk_ext_00288,dlk_ext_00233,gob_ext_00064,gob_ext_00474
gob_proceso_0506;5;gob_tbl_00905,dlk_tbl_00806,gob_tbl_03310,dash_tbl_01498,gob_tbl_02862;8;dlk_tbl_02999,gob_tbl_03291,gob_tbl_00350,proc_tbl_00582,dash_tbl_02100,dlk_ext_00226,gob_ext_00210,dlk_ext_00264
gob_proceso_0507;7;ppn_tbl_01824,dlk_tbl_00809,dlk_tbl_00322,m4sco_tbl_02011,dlk_tbl_00136,dash_tbl_00139,proc_tbl_02506;9;gob_tbl_01777,proc_tbl_02792,proc_tbl_01047,m4vw_tbl_02405,std_tbl_02461,gob_ext_00381,ppn_ext_00361,dlk_ext_00160,dash_ext_00390
dlk_proceso_0508;2;dash_tbl_01918,dlk_tbl_01371;6;gob_tbl_00280,proc_tbl_02233,gob_tbl_03222,dlk_ext_00224,dlk_ext_00322,proc_ext_00281
dlk_proceso_0509;6;gob_tbl_00749,dash_tbl_03173,dash_tbl_03157,gob_tbl_00219,gob_tbl_03140,dlk_tbl_00884;11;dlk_tbl_02430,gob_tbl_02374,dlk_tbl_00286,gob_tbl_02638,dash_tbl_02974,proc_tbl_02067,dlk_ext_00263,dlk_ext_00430,std_ext_00473,proc_ext_00257,dash_ext_00133
dlk_proceso_0510;3;gob_tbl_02709,gob_tbl_01396,gob_tbl_00277;11;dlk_tbl_01989,proc_tbl_01560,dlk_tbl_02432,dlk_tbl_00872,gob_tbl_01836,gob_tbl_00730,dash_ext_00037,dash_ext_00145,dlk_ext_00106,dlk_ext_00265,dlk_ext_00152
dlk_proceso_0511;2;gob_tbl_00384,ppn_tbl_01582;6;proc_tbl_00710,proc_tbl_01575,dlk_tbl_00443,gob_ext_00274,gob_ext_00230,dlk_ext_00362
gob_proceso_0512;3;proc_tbl_01255,std_tbl_02123,dlk_tbl_01040;12;dlk_tbl_00682,dlk_tbl_01299,dlk_tbl_01270,dlk_tbl_01678,dlk_tbl_03052,dash_tbl_01048,dlk_tbl_01995,proc_ext_00202,dash_ext_00427,dlk_ext_00428,m4vw_ext_00251,dash_ext_00390
dlk_proceso_0513;2;dlk_tbl_00075,proc_tbl_02420;9;dlk_tbl_02960,dlk_tbl_01113,dash_tbl_00254,dash_tbl_02706,gob_tbl_02920,m4vw_ext_00002,gob_ext_00020,dlk_ext_00183,dlk_ext_00175
proc_proceso_0514;3;gob_tbl_02710,dlk_tbl_01492,gob_tbl_01345;13;gob_tbl_03245,dash_tbl_00182,dlk_tbl_01555,dlk_tbl_02563,gob_tbl_02858,dlk_tbl_00425,dlk_tbl_00609,dlk_ext_00397,proc_ext_00176,dash_ext_00436,dlk_ext_00162,gob_ext_00027,gob_ext_00108
dlk_proceso_0515;5;dlk_tbl_02332,dlk_tbl_02652,gob_tbl_02041,dlk_tbl_02636,gob_tbl_01216;5;dlk_tbl_02519,dlk_tbl_02321,dash_tbl_00963,proc_ext_00479,dlk_ext_00170
gob_proceso_0516;9;dlk_tbl_00267,gob_tbl_00988,gob_tbl_03250,dlk_tbl_02482,dlk_tbl_01704,gob_tbl_00952,dlk_tbl_02358,gob_tbl_00906,std_tbl_01019;14;dlk_tbl_02560,gob_tbl_03137,std_tbl_02351,gob_tbl_01858,gob_tbl_00454,gob_tbl_01553,dlk_tbl_02467,proc_tbl_01617,dlk_ext_00340,proc_ext_00317,dlk_ext_00193,gob_ext_00209,proc_ext_00234,gob_ext_00104
dash_proceso_0517;5;dlk_tbl_00650,dlk_tbl_00481,dlk_tbl_01995,dash_tbl_02864,gob_tbl_03019;9;proc_tbl_01560,gob_tbl_02882,gob_tbl_01330,dlk_tbl_02532,gob_tbl_03095,dlk_ext_00154,gob_ext_00072,dlk_ext_00404,dlk_ext_00040
proc_proceso_0518;4;dlk_tbl_00054,gob_tbl_03054,dlk_tbl_02510,gob_tbl_02606;12;dlk_tbl_02114,dlk_tbl_02065,gob_tbl_00458,dash_tbl_03301,gob_tbl_02949,gob_tbl_00448,gob_tbl_01305,dash_ext_00145,dash_ext_00050,gob_ext_00259,gob_ext_00169,proc_ext_00015
gob_proceso_0519;4;gob_tbl_00908,proc_tbl_00198,gob_tbl_01024,gob_tbl_00208;4;dlk_tbl_01393,proc_tbl_00012,m4vw_ext_00398,dash_ext_00390
dlk_proceso_0520;4;gob_tbl_01711,gob_tbl_02948,gob_tbl_01980,dlk_tbl_01921;13;proc_tbl_00378,proc_tbl_01489,proc_tbl_03093,dlk_tbl_02096,gob_tbl_01858,gob_tbl_00080,proc_tbl_01945,gob_ext_00168,proc_ext_00022,proc_ext_00266,gob_ext_00274,dlk_ext_00439,proc_ext_00202
proc_proceso_0521;3;dlk_tbl_01102,ppn_tbl_01827,proc_tbl_01942;12;gob_tbl_03236,proc_tbl_03136,dash_tbl_00430,gob_tbl_01774,dlk_tbl_01382,gob_tbl_00446,dlk_tbl_02574,dlk_ext_00051,ppn_ext_00361,gob_ext_00013,dlk_ext_00106,dlk_ext_00339
dlk_proceso_0522;2;dlk_tbl_00227,gob_tbl_01951;13;proc_tbl_00352,dlk_tbl_00366,gob_tbl_02349,dlk_tbl_01368,dash_tbl_00808,dlk_tbl_02057,dlk_tbl_00065,gob_ext_00008,dlk_ext_00228,dlk_ext_00407,dlk_ext_00059,dash_ext_00378,proc_ext_00121
gob_proceso_0523;2;gob_tbl_00310,dlk_tbl_01948;10;proc_tbl_02420,gob_tbl_03034,dlk_tbl_01162,gob_tbl_01396,dlk_tbl_00664,m4vw_tbl_02860,dlk_ext_00397,std_ext_00034,gob_ext_00478,dlk_ext_00223
dlk_proceso_0524;8;dlk_tbl_00221,m4vw_tbl_02258,gob_tbl_00194,gob_tbl_02670,gob_tbl_02275,gob_tbl_03095,dash_tbl_01496,gob_tbl_00184;24;gob_tbl_01635,gob_tbl_00638,dash_tbl_00998,gob_tbl_02215,gob_tbl_00191,dlk_tbl_03129,dlk_tbl_00953,m4sco_tbl_02445,dash_tbl_00803,proc_tbl_01617,gob_tbl_02412,dlk_tbl_00083,gob_tbl_01646,gob_tbl_01753,dlk_ext_00014,gob_ext_00350,m4vw_ext_00398,gob_ext_00159,gob_ext_00455,dlk_ext_00146,dlk_ext_00273,gob_ext_00070,dlk_ext_00170,dlk_ext_00315
dlk_proceso_0525;6;proc_tbl_01530,gob_tbl_01378,dlk_tbl_02356,gob_tbl_02676,gob_tbl_02498,dash_tbl_01610;11;dlk_tbl_01185,proc_tbl_01161,proc_tbl_00287,proc_tbl_01835,dlk_tbl_02240,gob_tbl_01222,proc_ext_00237,gob_ext_00274,dlk_ext_00395,proc_ext_00260,gob_ext_00381
dash_proceso_0526;6;dash_tbl_03135,dlk_tbl_02444,proc_tbl_02010,gob_tbl_01976,gob_tbl_01970,gob_tbl_00918;10;dlk_tbl_00916,gob_tbl_00930,dlk_tbl_03314,gob_tbl_02511,dlk_tbl_01781,dlk_tbl_02106,gob_ext_00435,dlk_ext_00042,gob_ext_00055,dlk_ext_00097
proc_proceso_0527;4;ppn_tbl_01962,proc_tbl_03166,proc_tbl_01147,std_tbl_00788;6;gob_tbl_01956,dash_tbl_02769,std_tbl_02548,dash_ext_00346,m4sco_ext_00269,dlk_ext_00175
gob_proceso_0528;5;dlk_tbl_00122,gob_tbl_00041,gob_tbl_00959,proc_tbl_02866,gob_tbl_00843;13;gob_tbl_00615,gob_tbl_00186,dash_tbl_00120,dlk_tbl_03306,dlk_tbl_02404,gob_tbl_01779,dash_tbl_02211,gob_ext_00259,dlk_ext_00365,gob_ext_00119,gob_ext_00138,proc_ext_00268,proc_ext_00450
gob_proceso_0529;4;gob_tbl_02023,gob_tbl_00772,proc_tbl_02009,dlk_tbl_02320;11;gob_tbl_03199,gob_tbl_02045,gob_tbl_01217,gob_tbl_01173,dlk_tbl_01199,dash_tbl_00254,gob_ext_00350,dash_ext_00346,dlk_ext_00315,dlk_ext_00404,dlk_ext_00325
proc_proceso_0530;5;gob_tbl_02613,proc_tbl_02187,dlk_tbl_01210,dlk_tbl_00409,dash_tbl_00602;12;dlk_tbl_00789,dash_tbl_01388,proc_tbl_02911,dlk_tbl_01704,gob_tbl_00767,proc_tbl_02456,dlk_tbl_02291,gob_ext_00096,dash_ext_00073,dash_ext_00380,gob_ext_00020,gob_ext_00003
proc_proceso_0531;2;gob_tbl_00439,dlk_tbl_02333;8;dlk_tbl_00554,dlk_tbl_01923,gob_tbl_00280,m4vw_tbl_00994,gob_tbl_01537,dash_ext_00099,dash_ext_00436,dlk_ext_00059
proc_proceso_0532;4;dlk_tbl_02945,gob_tbl_02512,dlk_tbl_02436,dlk_tbl_00734;7;dlk_tbl_01599,ppn_tbl_02913,dash_tbl_02995,gob_tbl_03156,dash_ext_00346,gob_ext_00282,dlk_ext_00214
proc_proceso_0533;5;dlk_tbl_00948,gob_tbl_02312,proc_tbl_00706,proc_tbl_02082,gob_tbl_03017;4;gob_tbl_00454,dlk_tbl_02467,dlk_ext_00218,gob_ext_00293
dlk_proceso_0534;4;gob_tbl_02858,proc_tbl_02834,proc_tbl_01471,dlk_tbl_02148;13;proc_tbl_01905,proc_tbl_02750,dash_tbl_00178,dash_tbl_01825,gob_tbl_00107,gob_tbl_00827,gob_tbl_01894,gob_ext_00308,gob_ext_00261,gob_ext_00103,gob_ext_00274,dlk_ext_00279,gob_ext_00023
dlk_proceso_0535;6;std_tbl_01289,proc_tbl_02988,proc_tbl_00611,gob_tbl_03013,m4vw_tbl_01903,dlk_tbl_00218;4;gob_tbl_03091,m4vw_tbl_03200,std_ext_00267,dlk_ext_00097
proc_proceso_0536;3;dlk_tbl_01442,dlk_tbl_00067,gob_tbl_02770;10;dlk_tbl_02867,gob_tbl_01647,proc_tbl_02790,ppn_tbl_03145,dlk_tbl_02075,dlk_tbl_00667,dlk_ext_00214,gob_ext_00103,dlk_ext_00404,gob_ext_00110
gob_proceso_0537;6;gob_tbl_00817,gob_tbl_01312,gob_tbl_00458,dlk_tbl_00042,gob_tbl_00080,gob_tbl_01782;6;proc_tbl_00272,dlk_tbl_00792,dlk_tbl_00326,proc_ext_00423,std_ext_00262,gob_ext_00179
gob_proceso_0538;3;dlk_tbl_02926,gob_tbl_03028,dlk_tbl_00447;12;dlk_tbl_01102,dlk_tbl_03281,gob_tbl_00242,proc_tbl_00175,dlk_tbl_01092,gob_tbl_00944,gob_tbl_03137,dlk_ext_00263,dlk_ext_00347,proc_ext_00358,proc_ext_00317,dlk_ext_00290
proc_proceso_0539;3;proc_tbl_00647,dlk_tbl_00270,gob_tbl_02334;11;gob_tbl_01784,proc_tbl_00484,gob_tbl_01024,gob_tbl_00676,gob_tbl_02151,std_tbl_02461,gob_ext_00277,gob_ext_00209,dlk_ext_00477,dlk_ext_00360,dlk_ext_00416
dlk_proceso_0540;5;gob_tbl_02083,gob_tbl_00831,gob_tbl_03124,proc_tbl_00155,dlk_tbl_01878;8;dlk_tbl_00065,gob_tbl_01438,dlk_tbl_00667,proc_tbl_00311,gob_tbl_00509,gob_ext_00179,gob_ext_00189,gob_ext_00387
dlk_proceso_0541;7;dlk_tbl_00167,dash_tbl_00106,proc_tbl_02561,dlk_tbl_00901,dlk_tbl_03117,gob_tbl_01390,dlk_tbl_02450;6;proc_tbl_00204,dlk_tbl_00065,proc_tbl_01333,dlk_ext_00343,dlk_ext_00322,dlk_ext_00224
proc_proceso_0542;4;gob_tbl_02780,dlk_tbl_00207,gob_tbl_00743,proc_tbl_01367;10;dlk_tbl_01501,proc_tbl_02212,gob_tbl_00269,dlk_tbl_00569,gob_tbl_01904,dlk_tbl_02276,gob_ext_00381,dlk_ext_00180,gob_ext_00072,dlk_ext_00154
gob_proceso_0543;4;gob_tbl_01922,dlk_tbl_00561,gob_tbl_00752,dlk_tbl_02013;7;proc_tbl_00457,dash_tbl_02100,gob_tbl_02307,ppn_tbl_01247,dlk_ext_00021,gob_ext_00177,m4sco_ext_00047
gob_proceso_0544;5;dlk_tbl_03242,proc_tbl_02673,gob_tbl_02777,dash_tbl_01773,dlk_tbl_02982;10;gob_tbl_02549,gob_tbl_01433,dlk_tbl_00900,dlk_tbl_02841,dlk_tbl_02927,gob_tbl_00176,dlk_ext_00242,gob_ext_00298,gob_ext_00414,gob_ext_00039
proc_proceso_0545;2;gob_tbl_02387,gob_tbl_02539;13;gob_tbl_00615,gob_tbl_00380,proc_tbl_00452,proc_tbl_01818,gob_tbl_01912,dash_tbl_01146,proc_tbl_01327,gob_ext_00258,dlk_ext_00131,gob_ext_00049,gob_ext_00035,proc_ext_00015,proc_ext_00139
proc_proceso_0546;2;proc_tbl_00861,gob_tbl_00113;15;proc_tbl_02456,gob_tbl_03279,dlk_tbl_00371,dlk_tbl_01232,dlk_tbl_00651,dlk_tbl_02419,proc_tbl_02205,dlk_tbl_00321,dlk_tbl_01628,gob_ext_00258,dlk_ext_00359,dash_ext_00346,dlk_ext_00256,gob_ext_00470,dash_ext_00436
dash_proceso_0547;4;dlk_tbl_00442,dlk_tbl_02088,gob_tbl_02185,gob_tbl_00502;9;gob_tbl_01738,gob_tbl_01438,proc_tbl_00323,gob_tbl_01218,gob_tbl_00898,dash_ext_00050,dlk_ext_00307,dlk_ext_00192,dlk_ext_00263
gob_proceso_0548;5;gob_tbl_01579,dlk_tbl_01707,proc_tbl_02456,std_tbl_00962,gob_tbl_01282;9;gob_tbl_01292,gob_tbl_01190,dlk_tbl_01513,dlk_tbl_02945,gob_tbl_00316,m4vw_ext_00440,gob_ext_00025,proc_ext_00370,gob_ext_00425
proc_proceso_0549;3;dlk_tbl_00244,dlk_tbl_01170,proc_tbl_01835;5;proc_tbl_00785,dash_tbl_01048,dlk_tbl_02406,gob_ext_00308,gob_ext_00110
gob_proceso_0550;4;dash_tbl_01522,dlk_tbl_00872,dlk_tbl_00250,dlk_tbl_01104;6;m4sco_tbl_00058,gob_tbl_00310,gob_tbl_01167,gob_ext_00013,dlk_ext_00449,proc_ext_00176
gob_proceso_0551;3;dlk_tbl_01801,dlk_tbl_02350,gob_tbl_02265;5;gob_tbl_01227,dlk_tbl_02455,dlk_tbl_00513,m4vw_ext_00155,dlk_ext_00244
proc_proceso_0552;6;gob_tbl_02873,gob_tbl_01998,gob_tbl_00498,ppn_tbl_01200,dlk_tbl_02080,dlk_tbl_02535;21;gob_tbl_01190,m4vw_tbl_02293,gob_tbl_01853,proc_tbl_02024,proc_tbl_01559,proc_tbl_00854,dlk_tbl_01556,gob_tbl_02231,proc_tbl_03179,gob_tbl_01312,dash_tbl_02361,gob_tbl_01897,proc_ext_00457,dlk_ext_00106,dlk_ext_00250,proc_ext_00076,dash_ext_00114,gob_ext_00261,dlk_ext_00338,dlk_ext_00418,gob_ext_00070
dlk_proceso_0553;8;dlk_tbl_03266,dlk_tbl_02905,gob_tbl_03121,dash_tbl_02962,proc_tbl_01786,gob_tbl_00005,dlk_tbl_00508,dlk_tbl_02608;19;gob_tbl_00422,dlk_tbl_01203,gob_tbl_00576,dlk_tbl_01923,std_tbl_02002,gob_tbl_00166,dlk_tbl_01162,proc_tbl_00115,dlk_tbl_01707,dlk_tbl_00065,dlk_tbl_02296,dlk_ext_00236,dash_ext_00400,dlk_ext_00307,dlk_ext_00263,dlk_ext_00352,gob_ext_00376,dlk_ext_00197,proc_ext_00061
dash_proceso_0554;6;dlk_tbl_00613,proc_tbl_01949,dlk_tbl_02819,gob_tbl_01963,dash_tbl_00433,gob_tbl_00168;11;dlk_tbl_02136,gob_tbl_02763,gob_tbl_02237,gob_tbl_00306,gob_tbl_00445,gob_tbl_03054,dlk_ext_00214,dlk_ext_00397,dash_ext_00436,dlk_ext_00444,dlk_ext_00236
dash_proceso_0555;4;gob_tbl_02811,dlk_tbl_01126,gob_tbl_02246,dlk_tbl_01309;11;dlk_tbl_01157,proc_tbl_00272,gob_tbl_00937,dlk_tbl_00979,gob_tbl_02409,dlk_tbl_01868,dash_ext_00037,dlk_ext_00428,proc_ext_00450,gob_ext_00294,proc_ext_00127
gob_proceso_0556;3;gob_tbl_00598,dlk_tbl_00623,gob_tbl_03311;11;gob_tbl_02725,gob_tbl_01676,dash_tbl_01171,proc_tbl_02147,gob_tbl_00041,dash_tbl_02400,dlk_ext_00054,gob_ext_00419,gob_ext_00123,gob_ext_00092,dlk_ext_00014
dlk_proceso_0557;5;dlk_tbl_02040,m4sco_tbl_00210,proc_tbl_00313,dlk_tbl_02906,gob_tbl_00818;5;dlk_tbl_03063,gob_tbl_03287,std_tbl_02437,dlk_ext_00162,gob_ext_00020
dlk_proceso_0558;5;dlk_tbl_01977,dash_tbl_00319,dash_tbl_00374,gob_tbl_02248,dlk_tbl_00382;14;proc_tbl_01255,gob_tbl_02139,dash_tbl_02650,dash_tbl_03003,dlk_tbl_02514,dlk_tbl_00651,proc_tbl_01658,dlk_tbl_01619,dlk_ext_00472,dash_ext_00117,dlk_ext_00238,gob_ext_00282,dash_ext_00463,gob_ext_00364
dlk_proceso_0559;5;gob_tbl_02172,proc_tbl_00204,proc_tbl_01542,dlk_tbl_03175,dlk_tbl_01421;13;dlk_tbl_03026,gob_tbl_03309,dlk_tbl_00436,gob_tbl_01609,gob_tbl_02409,dlk_tbl_01511,gob_tbl_01637,gob_ext_00276,dlk_ext_00116,dlk_ext_00071,dlk_ext_00011,dlk_ext_00456,gob_ext_00486
dlk_proceso_0560;4;dash_tbl_02210,dlk_tbl_00569,proc_tbl_01257,dlk_tbl_03163;10;proc_tbl_03255,dlk_tbl_00979,gob_tbl_02471,dash_tbl_01532,dlk_tbl_03281,gob_tbl_01216,dash_ext_00050,gob_ext_00350,dlk_ext_00483,ppn_ext_00089
gob_proceso_0561;8;dlk_tbl_03099,dash_tbl_00251,gob_tbl_02901,proc_tbl_00899,dlk_tbl_00024,gob_tbl_03088,dlk_tbl_01359,proc_tbl_01602;5;proc_tbl_01835,dlk_tbl_00923,dlk_tbl_01120,std_ext_00034,dlk_ext_00391
gob_proceso_0562;3;proc_tbl_02856,gob_tbl_00224,proc_tbl_00084;9;dlk_tbl_01182,proc_tbl_01919,gob_tbl_01292,gob_tbl_02122,gob_tbl_02349,dlk_ext_00152,proc_ext_00450,dlk_ext_00397,dlk_ext_00404
gob_proceso_0563;3;proc_tbl_01251,proc_tbl_00317,proc_tbl_00301;12;dlk_tbl_00672,m4vw_tbl_01778,gob_tbl_00896,dlk_tbl_02887,gob_tbl_00530,dlk_tbl_01473,gob_tbl_02412,proc_ext_00234,proc_ext_00127,m4sco_ext_00028,gob_ext_00181,dash_ext_00117
proc_proceso_0564;6;m4sco_tbl_00838,dlk_tbl_02527,gob_tbl_00127,proc_tbl_01929,proc_tbl_01364,dlk_tbl_00504;16;m4sco_tbl_00233,proc_tbl_01617,gob_tbl_01990,dash_tbl_00550,dlk_tbl_03025,gob_tbl_02623,proc_tbl_02808,dlk_tbl_02028,gob_tbl_03282,dlk_ext_00006,proc_ext_00311,proc_ext_00136,dlk_ext_00366,dash_ext_00427,dlk_ext_00412,dash_ext_00400
gob_proceso_0565;4;dash_tbl_02884,gob_tbl_01360,gob_tbl_01960,dlk_tbl_00883;11;dlk_tbl_00140,gob_tbl_00599,gob_tbl_03108,gob_tbl_00615,dlk_tbl_00399,dash_tbl_00915,gob_ext_00110,gob_ext_00435,gob_ext_00271,gob_ext_00090,ppn_ext_00361
dlk_proceso_0566;6;dlk_tbl_02566,dlk_tbl_03304,dlk_tbl_02014,dlk_tbl_02043,dlk_tbl_02020,gob_tbl_01592;10;dlk_tbl_01414,gob_tbl_02697,gob_tbl_02104,proc_tbl_01053,gob_tbl_02042,proc_tbl_02727,proc_ext_00457,gob_ext_00405,m4vw_ext_00135,gob_ext_00243
proc_proceso_0567;6;gob_tbl_02042,dlk_tbl_02143,gob_tbl_01305,gob_tbl_02521,dlk_tbl_02559,dash_tbl_01244;15;dlk_tbl_01650,dash_tbl_02734,dash_tbl_02564,dlk_tbl_02908,dlk_tbl_00023,dlk_tbl_02531,dlk_tbl_01863,gob_tbl_00603,dlk_tbl_01868,dlk_ext_00347,m4vw_ext_00251,gob_ext_00415,gob_ext_00258,dash_ext_00396,dlk_ext_00477
dlk_proceso_0568;4;gob_tbl_00099,gob_tbl_02427,gob_tbl_02328,proc_tbl_02056;9;std_tbl_02688,dash_tbl_01048,dlk_tbl_00244,gob_tbl_00731,gob_tbl_00656,gob_ext_00003,dlk_ext_00359,dlk_ext_00485,dash_ext_00467
gob_proceso_0569;7;dash_tbl_03237,dlk_tbl_00813,proc_tbl_02839,dlk_tbl_00533,dlk_tbl_03109,dlk_tbl_01511,dlk_tbl_00161;10;gob_tbl_00709,proc_tbl_01617,gob_tbl_01579,dlk_tbl_00459,dlk_tbl_02679,dlk_tbl_02064,proc_ext_00156,dlk_ext_00337,dlk_ext_00360,gob_ext_00280
dlk_proceso_0570;3;dlk_tbl_01590,m4vw_tbl_00942,dlk_tbl_00691;8;gob_tbl_03287,dlk_tbl_02127,dlk_tbl_00953,dash_tbl_02962,dlk_tbl_00948,dlk_ext_00357,proc_ext_00234,dlk_ext_00250
dlk_proceso_0571;2;dash_tbl_00189,gob_tbl_00896;5;gob_tbl_02466,gob_tbl_01394,dash_tbl_03290,m4sco_ext_00047,dash_ext_00037
dlk_proceso_0572;4;ppn_tbl_01842,dlk_tbl_01290,gob_tbl_00119,dlk_tbl_01739;10;gob_tbl_00008,gob_tbl_00078,dlk_tbl_02775,dash_tbl_00171,dlk_tbl_02894,gob_tbl_01293,gob_ext_00364,proc_ext_00127,dash_ext_00427,proc_ext_00284
gob_proceso_0573;3;gob_tbl_03005,gob_tbl_01459,dlk_tbl_01910;6;proc_tbl_01022,gob_tbl_00721,dlk_tbl_01071,proc_ext_00370,gob_ext_00323,dlk_ext_00200
gob_proceso_0574;3;proc_tbl_01533,gob_tbl_00469,proc_tbl_00305;11;dlk_tbl_00071,dash_tbl_02695,m4vw_tbl_02805,gob_tbl_03084,dlk_tbl_02908,proc_tbl_00204,gob_ext_00103,proc_ext_00041,dash_ext_00436,proc_ext_00121,gob_ext_00323
proc_proceso_0575;2;dlk_tbl_02908,proc_tbl_00538;7;gob_tbl_02264,gob_tbl_01408,gob_tbl_02190,gob_tbl_00116,gob_ext_00403,m4vw_ext_00217,gob_ext_00161
dlk_proceso_0576;5;gob_tbl_03069,dlk_tbl_00851,gob_tbl_02763,dlk_tbl_01626,dlk_tbl_01420;5;dlk_tbl_02712,dash_tbl_03272,dlk_tbl_01698,dlk_ext_00309,dash_ext_00458
gob_proceso_0577;2;proc_tbl_00941,proc_tbl_01548;7;dlk_tbl_02592,gob_tbl_03248,dlk_tbl_03001,dash_tbl_02285,dlk_ext_00309,gob_ext_00070,dlk_ext_00163
dlk_proceso_0578;6;dash_tbl_00171,dlk_tbl_02192,dlk_tbl_02440,dlk_tbl_00366,dlk_tbl_01863,proc_tbl_02879;11;dlk_tbl_02708,m4sco_tbl_01603,dlk_tbl_01414,dlk_tbl_00887,proc_tbl_00517,gob_tbl_01296,proc_ext_00447,dlk_ext_00194,proc_ext_00253,gob_ext_00476,gob_ext_00072
gob_proceso_0579;3;std_tbl_02677,std_tbl_00262,std_tbl_02176;14;proc_tbl_01451,dash_tbl_03157,gob_tbl_01361,dlk_tbl_03096,gob_tbl_00485,gob_tbl_02853,gob_tbl_01957,dlk_tbl_02049,dlk_ext_00365,dlk_ext_00042,gob_ext_00437,gob_ext_00210,dlk_ext_00360,gob_ext_00336
gob_proceso_0580;6;proc_tbl_02297,gob_tbl_01449,dlk_tbl_02626,gob_tbl_02407,dlk_tbl_02096,gob_tbl_01729;10;dlk_tbl_02470,gob_tbl_01784,m4vw_tbl_02423,gob_tbl_02920,dlk_tbl_01699,dlk_tbl_00677,dlk_ext_00170,proc_ext_00450,gob_ext_00336,proc_ext_00041
dlk_proceso_0581;4;ppn_tbl_02913,proc_tbl_00004,std_tbl_02380,dash_tbl_00978;11;dlk_tbl_03131,dlk_tbl_03324,dlk_tbl_02207,dlk_tbl_00691,proc_tbl_00051,gob_tbl_00349,gob_ext_00308,dash_ext_00389,gob_ext_00138,gob_ext_00327,gob_ext_00314
dlk_proceso_0582;4;gob_tbl_00494,dash_tbl_01422,dlk_tbl_01856,dlk_tbl_00657;10;proc_tbl_00606,proc_tbl_00538,gob_tbl_03113,gob_tbl_02503,gob_tbl_02511,gob_tbl_00867,gob_ext_00232,proc_ext_00394,gob_ext_00413,proc_ext_00248
proc_proceso_0583;7;dlk_tbl_02508,gob_tbl_00353,gob_tbl_00937,proc_tbl_01337,dash_tbl_02822,proc_tbl_01097,proc_tbl_00715;11;gob_tbl_03222,dlk_tbl_00264,gob_tbl_00820,dash_tbl_00368,dlk_tbl_03111,dlk_tbl_02157,proc_ext_00132,gob_ext_00123,dlk_ext_00397,proc_ext_00417,dlk_ext_00046
gob_proceso_0584;5;dlk_tbl_01376,dlk_tbl_00672,gob_tbl_01794,gob_tbl_02190,dlk_tbl_01771;8;dlk_tbl_00421,proc_tbl_02856,dlk_tbl_01399,proc_tbl_03102,gob_tbl_02125,proc_ext_00041,dlk_ext_00338,gob_ext_00247
proc_proceso_0585;7;dlk_tbl_01737,dlk_tbl_03224,proc_tbl_02463,gob_tbl_00645,ppn_tbl_01027,dlk_tbl_02195,dlk_tbl_01908;9;proc_tbl_00308,dlk_tbl_02224,dlk_tbl_00688,m4vw_tbl_01778,gob_tbl_00587,proc_ext_00311,dlk_ext_00116,dlk_ext_00224,gob_ext_00414
gob_proceso_0586;5;gob_tbl_03032,std_tbl_02271,dash_tbl_02400,gob_tbl_02443,dlk_tbl_02121;5;gob_tbl_01406,proc_tbl_00115,std_tbl_01193,std_ext_00267,dash_ext_00427
proc_proceso_0587;5;dlk_tbl_03275,dlk_tbl_01499,gob_tbl_00629,gob_tbl_00085,dlk_tbl_02653;14;dlk_tbl_02885,dash_tbl_00462,dlk_tbl_02099,proc_tbl_01387,dlk_tbl_02455,proc_tbl_00552,gob_tbl_02541,gob_tbl_01758,gob_ext_00110,dlk_ext_00316,gob_ext_00108,ppn_ext_00361,gob_ext_00414,dlk_ext_00162
gob_proceso_0588;3;proc_tbl_01432,gob_tbl_02243,gob_tbl_03299;9;gob_tbl_01395,dlk_tbl_02356,gob_tbl_01453,proc_tbl_01437,gob_tbl_00014,dlk_ext_00297,dlk_ext_00128,gob_ext_00272,dlk_ext_00107
dlk_proceso_0589;5;gob_tbl_02347,dlk_tbl_00894,gob_tbl_01400,proc_tbl_00413,gob_tbl_01855;13;dlk_tbl_01868,dlk_tbl_00131,dlk_tbl_01245,dash_tbl_00016,gob_tbl_03139,proc_tbl_01602,dlk_tbl_00492,gob_ext_00083,dlk_ext_00226,proc_ext_00358,proc_ext_00257,dlk_ext_00250,gob_ext_00329
proc_proceso_0590;3;dlk_tbl_00345,dlk_tbl_00535,proc_tbl_03098;11;ppn_tbl_00976,proc_tbl_01837,dlk_tbl_01111,gob_tbl_01096,dlk_tbl_02467,proc_tbl_03273,proc_ext_00076,dlk_ext_00483,dlk_ext_00315,dlk_ext_00107,dlk_ext_00011
dlk_proceso_0591;8;gob_tbl_02859,dlk_tbl_00424,proc_tbl_01813,dlk_tbl_00798,gob_tbl_01836,dlk_tbl_03190,dlk_tbl_01913,dash_tbl_01509;9;gob_tbl_01960,std_tbl_01627,proc_tbl_01776,proc_tbl_00869,gob_tbl_01711,dash_ext_00099,dash_ext_00380,gob_ext_00415,dlk_ext_00244
dlk_proceso_0592;5;gob_tbl_00228,dlk_tbl_01192,dash_tbl_03212,gob_tbl_00934,dlk_tbl_00566;10;proc_tbl_01098,dash_tbl_01761,dlk_tbl_02049,gob_tbl_02714,dlk_tbl_00389,m4sco_tbl_01588,gob_ext_00376,gob_ext_00335,gob_ext_00252,proc_ext_00139
dlk_proceso_0593;3;gob_tbl_00558,proc_tbl_02101,gob_tbl_01401;13;dash_tbl_02850,gob_tbl_02858,proc_tbl_01992,gob_tbl_02118,dlk_tbl_00246,proc_tbl_01141,proc_tbl_00115,dlk_ext_00315,dlk_ext_00006,gob_ext_00025,gob_ext_00204,dash_ext_00145,dash_ext_00099
gob_proceso_0594;5;gob_tbl_00965,dash_tbl_03272,dlk_tbl_01201,dlk_tbl_02872,gob_tbl_00290;14;dash_tbl_03164,gob_tbl_02948,proc_tbl_01762,gob_tbl_01272,dash_tbl_03237,dlk_tbl_02488,dash_tbl_01745,gob_tbl_01750,dlk_ext_00372,dlk_ext_00183,dash_ext_00378,dlk_ext_00255,dlk_ext_00102,m4vw_ext_00201
gob_proceso_0595;2;gob_tbl_02923,dlk_tbl_01526;12;gob_tbl_01283,gob_tbl_03313,gob_tbl_00599,std_tbl_01019,proc_tbl_01665,gob_tbl_00999,proc_tbl_01056,proc_ext_00076,gob_ext_00303,dlk_ext_00065,gob_ext_00168,dlk_ext_00430
proc_proceso_0596;6;dlk_tbl_01444,gob_tbl_01129,ppn_tbl_01661,dlk_tbl_01848,dlk_tbl_00529,dlk_tbl_01648;11;proc_tbl_03136,gob_tbl_03222,dlk_tbl_03259,gob_tbl_01528,dlk_tbl_02830,dlk_tbl_01457,gob_ext_00306,gob_ext_00326,proc_ext_00311,gob_ext_00025,dlk_ext_00219
dlk_proceso_0597;5;dlk_tbl_02348,m4sco_tbl_00799,dlk_tbl_02984,proc_tbl_00670,gob_tbl_01777;16;gob_tbl_01216,std_tbl_01118,gob_tbl_02882,proc_tbl_00231,dlk_tbl_03000,dash_tbl_02884,proc_tbl_02413,proc_tbl_02834,gob_tbl_01408,gob_ext_00482,gob_ext_00072,gob_ext_00083,gob_ext_00147,gob_ext_00181,proc_ext_00394,dlk_ext_00468
dlk_proceso_0598;7;gob_tbl_01779,gob_tbl_00078,proc_tbl_02520,gob_tbl_01466,std_tbl_00195,dlk_tbl_02904,gob_tbl_01569;9;dlk_tbl_02775,proc_tbl_00057,gob_tbl_00216,gob_tbl_02882,proc_tbl_02587,proc_ext_00304,proc_ext_00036,dash_ext_00037,gob_ext_00329
dlk_proceso_0599;6;proc_tbl_01333,dlk_tbl_00960,dlk_tbl_03244,dash_tbl_02474,gob_tbl_00033,gob_tbl_02788;10;gob_tbl_01655,gob_tbl_01971,gob_tbl_02241,gob_tbl_00335,dlk_tbl_00887,gob_tbl_00266,ppn_ext_00361,m4sco_ext_00269,m4vw_ext_00135,gob_ext_00486
dlk_proceso_0600;6;proc_tbl_02373,proc_tbl_00196,gob_tbl_01904,dash_tbl_01890,dash_tbl_00574,gob_tbl_00306;6;dash_tbl_00522,proc_tbl_01536,gob_tbl_00116,gob_ext_00209,gob_ext_00023,gob_ext_00189
dlk_proceso_0601;2;m4vw_tbl_01752,gob_tbl_01424;12;dlk_tbl_02876,gob_tbl_01630,gob_tbl_03084,dlk_tbl_02560,gob_tbl_02417,dlk_tbl_00578,gob_tbl_00180,gob_ext_00187,dlk_ext_00477,proc_ext_00036,dlk_ext_00365,gob_ext_00329
dlk_proceso_0602;3;dlk_tbl_01445,dlk_tbl_02283,gob_tbl_03171;9;gob_tbl_00867,dlk_tbl_00691,dash_tbl_02346,gob_tbl_02573,dlk_tbl_02170,gob_ext_00314,gob_ext_00092,gob_ext_00481,gob_ext_00455
proc_proceso_0603;2;gob_tbl_03196,dlk_tbl_03042;7;dlk_tbl_00664,gob_tbl_00875,gob_tbl_02736,gob_tbl_00299,gob_ext_00064,gob_ext_00161,gob_ext_00112
dlk_proceso_0604;4;gob_tbl_03221,gob_tbl_02422,dlk_tbl_03185,dlk_tbl_01958;6;dlk_tbl_02787,gob_tbl_00486,dlk_tbl_01654,gob_ext_00062,dlk_ext_00424,gob_ext_00104
dlk_proceso_0605;6;dlk_tbl_01547,proc_tbl_01298,proc_tbl_00135,dlk_tbl_00916,dlk_tbl_02150,proc_tbl_00919;10;proc_tbl_02856,proc_tbl_03181,dlk_tbl_03231,gob_tbl_00820,gob_tbl_00242,gob_tbl_03054,dlk_ext_00256,proc_ext_00237,dlk_ext_00236,gob_ext_00271
dlk_proceso_0606;4;dlk_tbl_03215,gob_tbl_01075,proc_tbl_01741,gob_tbl_00445;12;proc_tbl_02758,dlk_tbl_01805,m4sco_tbl_01135,dlk_tbl_02837,dlk_tbl_03184,dlk_tbl_01111,dlk_tbl_01042,proc_ext_00266,gob_ext_00484,gob_ext_00110,dlk_ext_00264,gob_ext_00276
dlk_proceso_0607;6;gob_tbl_01389,std_tbl_02140,dlk_tbl_01368,gob_tbl_02578,proc_tbl_00582,gob_tbl_01079;6;dash_tbl_00531,dlk_tbl_01805,gob_tbl_01017,dlk_ext_00319,ppn_ext_00089,dlk_ext_00395
dlk_proceso_0608;6;proc_tbl_03130,dlk_tbl_00724,dlk_tbl_01308,proc_tbl_01514,ppn_tbl_00351,dlk_tbl_01494;13;dlk_tbl_03037,dlk_tbl_01368,dlk_tbl_00131,gob_tbl_00848,dash_tbl_01171,gob_tbl_00737,gob_tbl_00245,gob_ext_00181,gob_ext_00064,dlk_ext_00128,gob_ext_00308,dlk_ext_00255,gob_ext_00314
dlk_proceso_0609;2;dash_tbl_00522,gob_tbl_00383;10;proc_tbl_01327,dlk_tbl_00625,gob_tbl_03095,proc_tbl_02727,gob_tbl_02782,gob_tbl_01390,dlk_ext_00465,gob_ext_00364,gob_ext_00459,proc_ext_00447
dlk_proceso_0610;6;dlk_tbl_00698,dlk_tbl_02877,dlk_tbl_00432,gob_tbl_00405,gob_tbl_01394,gob_tbl_00601;8;dlk_tbl_02033,std_tbl_01193,ppn_tbl_00391,dlk_tbl_03129,dash_tbl_01171,dlk_ext_00279,dlk_ext_00144,gob_ext_00306
gob_proceso_0611;5;proc_tbl_00311,proc_tbl_02035,proc_tbl_02964,gob_tbl_00646,dlk_tbl_00370;17;dlk_tbl_03233,proc_tbl_02891,gob_tbl_00278,gob_tbl_00516,gob_tbl_00509,dlk_tbl_01839,proc_tbl_00580,proc_tbl_01837,gob_tbl_02409,dlk_tbl_02099,dash_ext_00458,dash_ext_00120,dlk_ext_00160,gob_ext_00110,gob_ext_00329,std_ext_00267,proc_ext_00202
proc_proceso_0612;3;dlk_tbl_00778,dlk_tbl_01852,dash_tbl_00493;14;gob_tbl_01091,std_tbl_01181,dlk_tbl_00760,dlk_tbl_01923,gob_tbl_01647,gob_tbl_02149,gob_tbl_01960,dlk_tbl_01651,dlk_ext_00154,dlk_ext_00290,gob_ext_00272,gob_ext_00049,gob_ext_00093,dlk_ext_00226
proc_proceso_0613;5;proc_tbl_01617,dlk_tbl_01119,dlk_tbl_01541,dlk_tbl_02438,dlk_tbl_01242;10;dash_tbl_02822,dlk_tbl_01805,gob_tbl_03149,gob_tbl_01641,dlk_tbl_02825,gob_tbl_02118,gob_ext_00049,gob_ext_00111,dlk_ext_00316,dash_ext_00436
gob_proceso_0614;6;dlk_tbl_02686,gob_tbl_00777,gob_tbl_03238,proc_tbl_01351,gob_tbl_00516,gob_tbl_02949;9;gob_tbl_00961,dlk_tbl_02847,dash_tbl_01558,gob_tbl_02372,m4sco_tbl_03232,proc_ext_00015,dlk_ext_00158,proc_ext_00196,gob_ext_00204
gob_proceso_0615;4;gob_tbl_02484,gob_tbl_02270,dlk_tbl_02065,dlk_tbl_00664;12;dlk_tbl_02867,dlk_tbl_00440,dlk_tbl_02071,dlk_tbl_00792,dash_tbl_00431,proc_tbl_02848,gob_tbl_00736,gob_ext_00308,dlk_ext_00347,dash_ext_00173,dlk_ext_00407,gob_ext_00169
gob_proceso_0616;4;proc_tbl_02888,dash_tbl_00368,dash_tbl_02038,dlk_tbl_02755;6;gob_tbl_01677,gob_tbl_00335,std_tbl_02002,gob_ext_00419,gob_ext_00414,dlk_ext_00391
proc_proceso_0617;7;dlk_tbl_02987,gob_tbl_01748,gob_tbl_00111,dlk_tbl_03207,gob_tbl_02959,gob_tbl_00697,dlk_tbl_03000;9;dlk_tbl_00554,gob_tbl_01459,gob_tbl_00599,dash_tbl_00991,gob_tbl_03139,dlk_ext_00102,gob_ext_00020,proc_ext_00237,gob_ext_00023
dlk_proceso_0618;4;gob_tbl_00406,proc_tbl_02678,dash_tbl_00922,gob_tbl_01750;6;dash_tbl_01764,dlk_tbl_01012,gob_tbl_01130,dash_ext_00400,gob_ext_00178,dlk_ext_00162
gob_proceso_0619;3;dlk_tbl_02014,gob_tbl_00690,proc_tbl_02256;6;gob_tbl_02412,gob_tbl_00310,gob_tbl_02754,dash_ext_00378,proc_ext_00266,dlk_ext_00128
gob_proceso_0620;6;proc_tbl_02668,proc_tbl_02216,m4vw_tbl_02618,dlk_tbl_01885,dash_tbl_00963,dlk_tbl_01336;12;dlk_tbl_03298,proc_tbl_02839,m4vw_tbl_00134,gob_tbl_03005,dlk_tbl_01923,proc_tbl_02610,gob_tbl_03248,dlk_ext_00194,gob_ext_00452,gob_ext_00276,dash_ext_00480,m4vw_ext_00398
dlk_proceso_0621;3;dlk_tbl_01540,dlk_tbl_01034,m4vw_tbl_02423;5;dlk_tbl_02028,ppn_tbl_02913,gob_tbl_01453,gob_ext_00093,proc_ext_00394
dlk_proceso_0622;2;gob_tbl_00454,dlk_tbl_01583;13;dlk_tbl_01210,gob_tbl_03054,gob_tbl_00709,proc_tbl_02934,gob_tbl_03040,dash_tbl_00069,dlk_tbl_00399,gob_ext_00126,proc_ext_00283,gob_ext_00406,proc_ext_00115,m4vw_ext_00251,std_ext_00267
dlk_proceso_0623;3;dlk_tbl_01821,dlk_tbl_01839,dlk_tbl_03144;6;gob_tbl_02526,gob_tbl_00395,gob_tbl_01094,dlk_ext_00166,gob_ext_00292,gob_ext_00329
gob_proceso_0624;8;dash_tbl_02346,dash_tbl_01082,gob_tbl_01205,gob_tbl_01793,dlk_tbl_03218,ppn_tbl_02644,gob_tbl_02137,dlk_tbl_01052;19;dlk_tbl_02559,dlk_tbl_01751,gob_tbl_00526,dash_tbl_03260,gob_tbl_00446,gob_tbl_01510,dlk_tbl_00839,dash_tbl_01955,dlk_tbl_03184,gob_tbl_01065,gob_tbl_00434,gob_ext_00119,proc_ext_00231,gob_ext_00314,gob_ext_00413,proc_ext_00457,gob_ext_00280,dlk_ext_00315,proc_ext_00213
proc_proceso_0625;7;dlk_tbl_00326,dlk_tbl_00174,dlk_tbl_00846,dlk_tbl_00201,gob_tbl_01128,dlk_tbl_02236,proc_tbl_02533;6;dlk_tbl_02560,dlk_tbl_01507,gob_tbl_02227,dlk_ext_00084,dash_ext_00099,ppn_ext_00446
dlk_proceso_0626;3;gob_tbl_02803,gob_tbl_00654,proc_tbl_00017;14;gob_tbl_01601,gob_tbl_02374,proc_tbl_02570,dlk_tbl_00281,dlk_tbl_01166,proc_tbl_02009,dlk_tbl_02106,dlk_tbl_01865,gob_ext_00211,dlk_ext_00192,dash_ext_00480,dash_ext_00114,dlk_ext_00224,dlk_ext_00218
dlk_proceso_0627;4;dlk_tbl_00984,dlk_tbl_02691,dlk_tbl_02759,dlk_tbl_02847;9;gob_tbl_03013,gob_tbl_01537,dlk_tbl_02186,gob_tbl_00603,gob_tbl_00549,gob_ext_00086,gob_ext_00243,dlk_ext_00341,std_ext_00473
dash_proceso_0628;2;gob_tbl_02237,gob_tbl_02732;10;proc_tbl_00815,dlk_tbl_00067,dlk_tbl_02809,gob_tbl_01672,dlk_tbl_00369,dlk_tbl_00839,dlk_ext_00368,dlk_ext_00443,proc_ext_00213,gob_ext_00292
dlk_proceso_0629;5;dlk_tbl_01208,dlk_tbl_00726,proc_tbl_03191,dlk_tbl_03253,proc_tbl_01807;12;dash_tbl_01545,gob_tbl_01971,gob_tbl_02744,std_tbl_00788,gob_tbl_01354,dlk_tbl_01493,dlk_tbl_02519,gob_ext_00020,gob_ext_00138,gob_ext_00161,dlk_ext_00454,proc_ext_00301
gob_proceso_0630;7;proc_tbl_00517,gob_tbl_02279,proc_tbl_02478,gob_tbl_00380,gob_tbl_00003,gob_tbl_02589,gob_tbl_02412;4;dash_tbl_01761,proc_tbl_02979,m4vw_ext_00201,gob_ext_00159
gob_proceso_0631;3;dlk_tbl_01073,dlk_tbl_00212,dlk_tbl_03119;4;gob_tbl_00925,gob_tbl_01886,ppn_ext_00089,dash_ext_00087
dlk_proceso_0632;2;gob_tbl_02349,gob_tbl_03225;5;proc_tbl_01943,gob_tbl_00913,dash_tbl_01764,proc_ext_00237,gob_ext_00072
dash_proceso_0633;5;gob_tbl_00553,gob_tbl_01753,gob_tbl_02680,dash_tbl_00123,gob_tbl_01078;10;proc_tbl_01786,gob_tbl_02623,dlk_tbl_02464,gob_tbl_01406,dlk_tbl_00408,dlk_tbl_03128,gob_ext_00025,gob_ext_00376,dlk_ext_00183,proc_ext_00311
dlk_proceso_0634;5;proc_tbl_03292,dlk_tbl_00327,m4sco_tbl_01003,gob_tbl_03086,gob_tbl_00238;19;dlk_tbl_00478,proc_tbl_02801,dlk_tbl_01034,gob_tbl_00255,gob_tbl_01829,proc_tbl_03044,dlk_tbl_02049,gob_tbl_01154,dlk_tbl_03039,gob_tbl_01408,dlk_tbl_00371,proc_ext_00038,gob_ext_00119,dlk_ext_00316,dlk_ext_00428,gob_ext_00482,proc_ext_00383,gob_ext_00414,dlk_ext_00199
gob_proceso_0635;6;gob_tbl_00775,proc_tbl_01342,gob_tbl_00939,gob_tbl_00696,gob_tbl_01317,dash_tbl_00159;4;dlk_tbl_01546,dash_tbl_01241,dlk_ext_00158,gob_ext_00486
dlk_proceso_0636;6;proc_tbl_03214,proc_tbl_03167,dash_tbl_02021,dash_tbl_02671,dlk_tbl_01099,dlk_tbl_00376;6;gob_tbl_02223,dash_tbl_02899,gob_tbl_01857,dlk_ext_00242,dash_ext_00392,gob_ext_00455
dlk_proceso_0637;4;gob_tbl_01226,dlk_tbl_02071,std_tbl_01653,dlk_tbl_01723;7;dlk_tbl_00404,gob_tbl_01361,dlk_tbl_01203,dlk_tbl_02738,gob_ext_00330,gob_ext_00181,gob_ext_00292
dash_proceso_0638;3;gob_tbl_02589,gob_tbl_00237,proc_tbl_00047;9;gob_tbl_00629,gob_tbl_03171,gob_tbl_03149,dash_tbl_00662,gob_tbl_00791,proc_ext_00036,gob_ext_00025,gob_ext_00243,gob_ext_00151
gob_proceso_0639;8;m4vw_tbl_00134,dlk_tbl_01472,gob_tbl_01416,dash_tbl_01213,dash_tbl_02004,dlk_tbl_00343,gob_tbl_00074,gob_tbl_01106;14;dlk_tbl_03129,gob_tbl_01754,proc_tbl_03143,dlk_tbl_02574,gob_tbl_00640,proc_tbl_01833,gob_tbl_03066,dlk_tbl_02939,proc_ext_00283,dlk_ext_00224,dlk_ext_00226,gob_ext_00327,gob_ext_00211,proc_ext_00191
dlk_proceso_0640;4;proc_tbl_00865,gob_tbl_01361,dlk_tbl_03096,gob_tbl_00150;4;gob_tbl_00795,dlk_tbl_00463,m4sco_ext_00005,gob_ext_00016
dlk_proceso_0641;8;gob_tbl_02540,dlk_tbl_03276,dash_tbl_02816,gob_tbl_00935,gob_tbl_01834,gob_tbl_00549,gob_tbl_01535,proc_tbl_01877;9;dlk_tbl_02027,std_tbl_01289,gob_tbl_02231,proc_tbl_02187,dlk_tbl_01626,m4vw_ext_00135,gob_ext_00300,dlk_ext_00194,gob_ext_00159
dlk_proceso_0642;2;gob_tbl_02781,dlk_tbl_00887;9;std_tbl_01608,gob_tbl_01173,dash_tbl_01955,dlk_tbl_02064,gob_tbl_03236,gob_ext_00259,dash_ext_00078,dash_ext_00145,m4sco_ext_00028
gob_proceso_0643;5;dlk_tbl_02281,gob_tbl_00179,dash_tbl_00268,dlk_tbl_00046,dlk_tbl_02424;8;gob_tbl_02275,gob_tbl_00240,dlk_tbl_00459,dlk_tbl_02598,dlk_tbl_02523,dlk_ext_00412,gob_ext_00070,dlk_ext_00369
dlk_proceso_0644;3;gob_tbl_02593,gob_tbl_00829,proc_tbl_02767;14;dlk_tbl_02488,gob_tbl_02580,gob_tbl_02355,m4vw_tbl_02405,dlk_tbl_02320,gob_tbl_03257,gob_tbl_02989,dash_tbl_01109,std_ext_00473,dlk_ext_00460,dlk_ext_00148,dash_ext_00436,dlk_ext_00315,dash_ext_00480
dlk_proceso_0645;8;ppn_tbl_01015,proc_tbl_00091,dlk_tbl_02598,dlk_tbl_03298,gob_tbl_01011,dlk_tbl_00331,proc_tbl_02790,proc_tbl_00606;23;gob_tbl_02125,gob_tbl_02155,gob_tbl_02875,dlk_tbl_02199,gob_tbl_01528,dlk_tbl_00753,dlk_tbl_03304,dlk_tbl_01441,gob_tbl_01784,ppn_tbl_02414,proc_tbl_01585,proc_tbl_01559,dlk_tbl_01472,dash_ext_00400,dlk_ext_00084,std_ext_00262,dlk_ext_00154,gob_ext_00091,dlk_ext_00360,proc_ext_00450,gob_ext_00044,dash_ext_00173,dlk_ext_00185
gob_proceso_0646;4;gob_tbl_02580,dlk_tbl_02885,dlk_tbl_00554,gob_tbl_00347;6;gob_tbl_02551,dlk_tbl_02787,gob_tbl_01404,gob_ext_00023,gob_ext_00296,dlk_ext_00340
dlk_proceso_0647;7;proc_tbl_00390,dlk_tbl_02991,proc_tbl_00325,proc_tbl_02425,gob_tbl_01335,gob_tbl_00684,gob_tbl_02221;11;dlk_tbl_00447,gob_tbl_01084,dash_tbl_03076,proc_tbl_00115,dlk_tbl_02990,proc_tbl_02590,gob_ext_00247,dlk_ext_00200,std_ext_00262,gob_ext_00161,dash_ext_00373
dlk_proceso_0648;5;std_tbl_01791,dash_tbl_03213,dlk_tbl_00097,m4vw_tbl_01238,dlk_tbl_01643;5;dash_tbl_03277,proc_tbl_01804,dlk_tbl_02089,gob_ext_00230,dlk_ext_00226
gob_proceso_0649;4;gob_tbl_00526,dlk_tbl_00658,proc_tbl_01188,gob_tbl_00819;13;dlk_tbl_02060,dlk_tbl_00824,gob_tbl_01609,dlk_tbl_01722,ppn_tbl_02913,dlk_tbl_01182,gob_tbl_02151,proc_ext_00283,dlk_ext_00131,proc_ext_00213,gob_ext_00422,gob_ext_00320,gob_ext_00159
gob_proceso_0650;6;gob_tbl_01721,m4vw_tbl_03116,dlk_tbl_00588,gob_tbl_00585,dlk_tbl_01493,gob_tbl_03113;11;gob_tbl_03066,gob_tbl_02260,dlk_tbl_03281,dlk_tbl_02572,dlk_tbl_01546,dlk_tbl_00056,gob_ext_00189,dlk_ext_00097,dlk_ext_00443,dlk_ext_00223,dlk_ext_00118
gob_proceso_0651;6;dash_tbl_02063,gob_tbl_01891,gob_tbl_03133,gob_tbl_01068,dlk_tbl_02494,gob_tbl_02197;4;dlk_tbl_02871,gob_tbl_01749,proc_ext_00447,dash_ext_00378
proc_proceso_0652;4;gob_tbl_01293,gob_tbl_02486,gob_tbl_00844,proc_tbl_00354;6;gob_tbl_01702,dlk_tbl_02755,dlk_tbl_02705,gob_ext_00258,dlk_ext_00279,dlk_ext_00250
dlk_proceso_0653;6;gob_tbl_00356,proc_tbl_01762,m4sco_tbl_03125,gob_tbl_02289,gob_tbl_02714,gob_tbl_00420;16;proc_tbl_03098,dlk_tbl_00948,dash_tbl_02431,std_tbl_00262,m4sco_tbl_01728,m4sco_tbl_02445,dlk_tbl_00816,dlk_tbl_01759,proc_tbl_01861,dlk_ext_00166,proc_ext_00015,std_ext_00034,dlk_ext_00175,gob_ext_00080,dlk_ext_00372,gob_ext_00044
proc_proceso_0654;6;dlk_tbl_03043,proc_tbl_03136,dash_tbl_01618,gob_tbl_00236,gob_tbl_00073,dlk_tbl_01468;10;dlk_tbl_02148,dlk_tbl_00513,dlk_tbl_02150,gob_tbl_01236,gob_tbl_00361,m4vw_tbl_01903,dash_ext_00480,dlk_ext_00102,proc_ext_00394,gob_ext_00379
dlk_proceso_0655;3;dlk_tbl_02369,m4vw_tbl_01425,dlk_tbl_01412;14;proc_tbl_00413,dash_tbl_02361,gob_tbl_01738,dlk_tbl_02136,gob_tbl_02019,dlk_tbl_02946,gob_tbl_03086,proc_tbl_01287,proc_ext_00311,gob_ext_00482,dlk_ext_00443,gob_ext_00314,dlk_ext_00195,gob_ext_00032
gob_proceso_0656;2;gob_tbl_01417,dlk_tbl_00792;12;proc_tbl_00647,gob_tbl_02255,m4vw_tbl_00626,dlk_tbl_02518,gob_tbl_01236,proc_tbl_01901,dlk_tbl_00160,gob_ext_00293,dlk_ext_00430,gob_ext_00181,gob_ext_00413,gob_ext_00452
proc_proceso_0657;5;gob_tbl_00878,proc_tbl_00972,std_tbl_02351,dlk_tbl_00022,gob_tbl_00954;10;dlk_tbl_00250,dash_tbl_02210,m4sco_tbl_01728,proc_tbl_03098,dlk_tbl_00303,gob_tbl_02061,std_ext_00267,dlk_ext_00218,dlk_ext_00021,gob_ext_00093
dlk_proceso_0658;5;gob_tbl_00794,dlk_tbl_02791,std_tbl_02461,gob_tbl_02084,proc_tbl_02601;13;dlk_tbl_02404,proc_tbl_01251,dlk_tbl_00322,dlk_tbl_00404,dlk_tbl_00235,dlk_tbl_01223,gob_tbl_00280,gob_ext_00103,gob_ext_00209,m4vw_ext_00217,dlk_ext_00315,dash_ext_00453,gob_ext_00328
dlk_proceso_0659;4;dlk_tbl_02467,gob_tbl_01611,dlk_tbl_00841,dlk_tbl_02365;10;dlk_tbl_02352,dlk_tbl_03063,gob_tbl_01103,dlk_tbl_02320,gob_tbl_00772,dlk_tbl_00174,dlk_ext_00000,gob_ext_00415,dash_ext_00380,proc_ext_00394
dlk_proceso_0660;6;gob_tbl_01220,m4vw_tbl_03045,gob_tbl_02287,proc_tbl_00562,gob_tbl_00491,dash_tbl_00797;9;proc_tbl_01517,dlk_tbl_02386,dash_tbl_00106,gob_tbl_00034,proc_tbl_03094,dlk_ext_00102,gob_ext_00243,dash_ext_00400,dlk_ext_00175
dlk_proceso_0661;4;m4vw_tbl_02860,dash_tbl_01899,gob_tbl_02821,dash_tbl_01343;4;dash_tbl_00471,dash_tbl_02053,gob_ext_00433,gob_ext_00484
dlk_proceso_0662;5;dlk_tbl_01060,gob_tbl_02241,gob_tbl_02301,gob_tbl_02018,m4sco_tbl_01252;4;dlk_tbl_02219,std_tbl_00214,dlk_ext_00102,dlk_ext_00215
gob_proceso_0663;7;gob_tbl_02299,gob_tbl_00564,dlk_tbl_00148,dlk_tbl_03082,gob_tbl_00659,dlk_tbl_01513,proc_tbl_02251;15;gob_tbl_01815,dlk_tbl_00510,dlk_tbl_01923,dlk_tbl_02120,proc_tbl_00636,dlk_tbl_02436,dash_tbl_00741,gob_tbl_01466,m4sco_tbl_01252,dash_ext_00099,dlk_ext_00233,dlk_ext_00029,m4vw_ext_00398,ppn_ext_00446,dlk_ext_00309
dlk_proceso_0664;4;gob_tbl_03002,std_tbl_01178,gob_tbl_00599,dlk_tbl_01036;7;gob_tbl_02777,dash_tbl_01183,dlk_tbl_01192,gob_tbl_03137,gob_ext_00419,dlk_ext_00183,proc_ext_00302
proc_proceso_0665;2;dash_tbl_01725,dlk_tbl_00541;6;gob_tbl_02980,proc_tbl_02851,gob_tbl_02903,dash_ext_00389,dlk_ext_00468,dlk_ext_00183
gob_proceso_0666;5;dlk_tbl_00027,gob_tbl_01058,proc_tbl_00230,gob_tbl_00712,gob_tbl_02122;5;dlk_tbl_02470,gob_tbl_02549,dlk_tbl_01516,dlk_ext_00483,dlk_ext_00412
gob_proceso_0667;5;dash_tbl_03260,gob_tbl_00968,dlk_tbl_01323,gob_tbl_03100,proc_tbl_00089;7;dash_tbl_00254,dlk_tbl_00653,gob_tbl_01094,dlk_tbl_01524,gob_ext_00168,dlk_ext_00365,gob_ext_00174
proc_proceso_0668;2;dlk_tbl_00077,dlk_tbl_01198;7;proc_tbl_00568,dlk_tbl_00173,gob_tbl_02275,proc_tbl_01835,gob_ext_00091,gob_ext_00405,dash_ext_00050
gob_proceso_0669;4;proc_tbl_02922,dash_tbl_02130,dlk_tbl_00153,dlk_tbl_02681;4;proc_tbl_03102,gob_tbl_02264,dlk_ext_00000,dash_ext_00099
dlk_proceso_0670;2;gob_tbl_01217,gob_tbl_00151;13;dlk_tbl_02809,gob_tbl_02129,gob_tbl_02151,gob_tbl_02813,m4vw_tbl_00783,dlk_tbl_02724,dash_tbl_02017,gob_ext_00335,dlk_ext_00359,gob_ext_00025,proc_ext_00115,m4sco_ext_00053,proc_ext_00266
proc_proceso_0671;5;gob_tbl_03261,std_tbl_02605,gob_tbl_00537,dlk_tbl_00138,std_tbl_02582;12;std_tbl_01118,gob_tbl_01235,gob_tbl_03248,dlk_tbl_00884,dlk_tbl_01697,gob_tbl_00937,dlk_tbl_00760,gob_ext_00169,gob_ext_00090,m4vw_ext_00201,proc_ext_00283,gob_ext_00108
dlk_proceso_0672;6;proc_tbl_01986,proc_tbl_01872,dlk_tbl_03201,dash_tbl_00232,gob_tbl_01792,proc_tbl_02309;13;dlk_tbl_02825,dlk_tbl_02120,dash_tbl_01048,dlk_tbl_00560,gob_tbl_02576,dlk_tbl_02435,dlk_tbl_00561,gob_ext_00010,m4sco_ext_00053,std_ext_00267,dash_ext_00346,proc_ext_00157,gob_ext_00151
gob_proceso_0673;3;proc_tbl_00678,dlk_tbl_00296,gob_tbl_01906;9;gob_tbl_03149,dash_tbl_00169,dlk_tbl_02635,dlk_tbl_01856,gob_tbl_00179,gob_ext_00243,dlk_ext_00192,dlk_ext_00443,dlk_ext_00158
proc_proceso_0674;7;gob_tbl_02273,dash_tbl_00662,dash_tbl_03003,proc_tbl_03022,dlk_tbl_00920,gob_tbl_00362,dlk_tbl_02388;11;gob_tbl_00487,dlk_tbl_00447,dash_tbl_00998,dlk_tbl_00770,dlk_tbl_00872,dlk_tbl_00053,m4vw_ext_00286,dlk_ext_00357,gob_ext_00452,gob_ext_00221,gob_ext_00355
gob_proceso_0675;4;gob_tbl_02511,gob_tbl_00534,proc_tbl_03090,dash_tbl_01809;12;dlk_tbl_02224,proc_tbl_02216,dlk_tbl_02114,dlk_tbl_00056,gob_tbl_00186,gob_tbl_02172,dlk_tbl_00529,dlk_ext_00315,dash_ext_00346,gob_ext_00216,gob_ext_00486,gob_ext_00272
gob_proceso_0676;3;proc_tbl_02590,m4vw_tbl_01207,proc_tbl_00756;12;std_tbl_00414,gob_tbl_00988,dlk_tbl_02488,dlk_tbl_02416,dlk_tbl_00145,m4sco_tbl_02854,ppn_tbl_01247,gob_ext_00010,dash_ext_00305,gob_ext_00303,dlk_ext_00444,proc_ext_00310
proc_proceso_0677;2;proc_tbl_02915,gob_tbl_00419;9;dlk_tbl_02566,proc_tbl_02506,gob_tbl_01796,dlk_tbl_02013,gob_tbl_00594,dash_ext_00380,gob_ext_00245,gob_ext_00049,dlk_ext_00195
gob_proceso_0678;3;dash_tbl_00120,proc_tbl_02664,dlk_tbl_02924;8;dash_tbl_01973,dlk_tbl_00192,gob_tbl_01345,gob_tbl_01714,gob_tbl_01712,dash_ext_00378,dash_ext_00305,dlk_ext_00224
gob_proceso_0679;8;gob_tbl_03115,dash_tbl_03122,proc_tbl_01927,dlk_tbl_00059,dash_tbl_01924,gob_tbl_02659,gob_tbl_02828,proc_tbl_02534;6;dlk_tbl_00321,gob_tbl_01598,dlk_tbl_02876,dlk_ext_00021,gob_ext_00020,gob_ext_00437
dlk_proceso_0680;2;dlk_tbl_02786,m4sco_tbl_01285;20;dlk_tbl_02654,dlk_tbl_02753,gob_tbl_01672,dlk_tbl_00651,proc_tbl_03305,dash_tbl_02017,gob_tbl_00764,proc_tbl_01318,dlk_tbl_01237,gob_tbl_00928,gob_tbl_01260,gob_tbl_01130,dlk_ext_00475,gob_ext_00435,dlk_ext_00192,dash_ext_00380,gob_ext_00110,dash_ext_00480,dlk_ext_00059,proc_ext_00253
dash_proceso_0681;5;dlk_tbl_01463,gob_tbl_01858,proc_tbl_02395,dlk_tbl_02812,dlk_tbl_01838;5;gob_tbl_02811,dlk_tbl_00105,proc_tbl_00590,proc_ext_00076,dash_ext_00389
dlk_proceso_0682;5;dlk_tbl_01419,dlk_tbl_02452,dash_tbl_01483,dlk_tbl_01865,proc_tbl_00892;16;gob_tbl_01695,dlk_tbl_03033,dlk_tbl_00745,dash_tbl_01924,m4vw_tbl_00626,gob_tbl_03080,std_tbl_01627,proc_tbl_02808,proc_tbl_02220,dlk_ext_00107,proc_ext_00229,gob_ext_00211,gob_ext_00070,gob_ext_00035,gob_ext_00075,dlk_ext_00131
dash_proceso_0683;6;dlk_tbl_02419,proc_tbl_00337,gob_tbl_00393,std_tbl_00013,gob_tbl_01227,gob_tbl_00727;9;dlk_tbl_01243,dlk_tbl_01419,dlk_tbl_00141,proc_tbl_00555,proc_tbl_01818,proc_ext_00139,proc_ext_00076,dash_ext_00427,proc_ext_00124
gob_proceso_0684;3;dlk_tbl_01113,gob_tbl_01732,proc_tbl_02012;4;gob_tbl_03046,gob_tbl_00225,dlk_ext_00359,gob_ext_00239
gob_proceso_0685;5;m4sco_tbl_02842,gob_tbl_01127,dlk_tbl_01197,gob_tbl_00821,dash_tbl_02658;10;gob_tbl_03091,dlk_tbl_01371,dlk_tbl_01092,proc_tbl_01204,dlk_tbl_02020,dlk_tbl_00141,dlk_ext_00106,dlk_ext_00407,dash_ext_00392,proc_ext_00450
dlk_proceso_0686;4;dlk_tbl_00101,proc_tbl_00051,proc_tbl_00293,std_tbl_02942;7;dash_tbl_00187,gob_tbl_01721,dlk_tbl_02234,gob_tbl_02102,std_ext_00318,dlk_ext_00060,dlk_ext_00220
proc_proceso_0687;6;dlk_tbl_00295,dlk_tbl_00584,dlk_tbl_01030,dlk_tbl_02027,gob_tbl_02092,gob_tbl_01944;12;gob_tbl_02638,dlk_tbl_02639,gob_tbl_02661,gob_tbl_02412,dash_tbl_00522,dlk_tbl_01997,m4sco_tbl_00838,m4sco_ext_00349,proc_ext_00266,gob_ext_00364,dash_ext_00396,m4vw_ext_00135
dash_proceso_0688;3;gob_tbl_00451,dash_tbl_01825,proc_tbl_01717;9;proc_tbl_03090,proc_tbl_00272,dlk_tbl_01123,gob_tbl_02372,dlk_tbl_01513,gob_ext_00171,dlk_ext_00290,dlk_ext_00322,proc_ext_00141
dlk_proceso_0689;5;dlk_tbl_01932,gob_tbl_00116,gob_tbl_01829,gob_tbl_01740,gob_tbl_01389;7;gob_tbl_00737,gob_tbl_00617,gob_tbl_01897,proc_tbl_01762,proc_ext_00202,gob_ext_00435,gob_ext_00044
dlk_proceso_0690;4;dash_tbl_02557,proc_tbl_02977,dlk_tbl_00490,gob_tbl_00539;11;dlk_tbl_01280,dash_tbl_01550,gob_tbl_01834,gob_tbl_00545,proc_tbl_00750,dlk_tbl_02245,gob_ext_00459,gob_ext_00419,dash_ext_00378,dlk_ext_00322,gob_ext_00277
dlk_proceso_0691;3;dlk_tbl_03067,dlk_tbl_03182,proc_tbl_01826;11;gob_tbl_02248,dlk_tbl_02367,dash_tbl_00123,dlk_tbl_02114,gob_tbl_00913,dlk_tbl_00825,dlk_ext_00200,dlk_ext_00483,gob_ext_00159,gob_ext_00299,m4sco_ext_00005
gob_proceso_0692;5;dash_tbl_01764,proc_tbl_00907,gob_tbl_01369,gob_tbl_00107,gob_tbl_00791;9;dlk_tbl_01982,dlk_tbl_02404,gob_tbl_00988,dlk_tbl_02867,proc_tbl_03204,dlk_ext_00412,proc_ext_00061,gob_ext_00221,gob_ext_00487
dlk_proceso_0693;3;std_tbl_00847,gob_tbl_01423,proc_tbl_00378;5;proc_tbl_02373,gob_tbl_00335,dlk_tbl_01512,ppn_ext_00089,dash_ext_00117
proc_proceso_0694;5;gob_tbl_02909,gob_tbl_02742,dlk_tbl_01454,proc_tbl_03300,ppn_tbl_00297;5;dlk_tbl_03087,gob_tbl_02045,dlk_tbl_01242,gob_ext_00438,dlk_ext_00365
gob_proceso_0695;6;dlk_tbl_00474,dlk_tbl_02057,std_tbl_01181,gob_tbl_03176,gob_tbl_02537,gob_tbl_01267;11;dlk_tbl_00778,gob_tbl_02175,gob_tbl_00448,dash_tbl_00169,m4sco_tbl_01285,dlk_tbl_00059,dlk_ext_00309,gob_ext_00181,dlk_ext_00193,dlk_ext_00416,proc_ext_00136
proc_proceso_0696;4;gob_tbl_00346,dlk_tbl_00332,dlk_tbl_02371,dlk_tbl_00686;10;gob_tbl_02638,gob_tbl_02417,dlk_tbl_01162,dlk_tbl_02876,gob_tbl_02266,gob_tbl_03120,gob_ext_00010,gob_ext_00070,gob_ext_00112,gob_ext_00434
dlk_proceso_0697;6;dash_tbl_01847,dlk_tbl_00112,proc_tbl_02961,gob_tbl_00438,gob_tbl_01624,proc_tbl_03143;9;dlk_tbl_02581,proc_tbl_01804,m4vw_tbl_00942,dlk_tbl_00492,dash_tbl_02769,gob_ext_00216,gob_ext_00306,proc_ext_00036,dlk_ext_00331
proc_proceso_0698;4;gob_tbl_01038,gob_tbl_01666,gob_tbl_01811,dlk_tbl_03285;10;gob_tbl_00819,gob_tbl_01712,dlk_tbl_02532,proc_tbl_00895,gob_tbl_00487,dlk_tbl_01297,gob_ext_00437,dlk_ext_00444,dlk_ext_00315,proc_ext_00248
proc_proceso_0699;4;gob_tbl_00064,gob_tbl_01631,dlk_tbl_02168,dlk_tbl_00862;11;dlk_tbl_02559,dash_tbl_01822,proc_tbl_02839,gob_tbl_02811,dlk_tbl_00966,dlk_tbl_02480,dlk_ext_00395,dlk_ext_00197,dash_ext_00436,dlk_ext_00444,proc_ext_00127
dlk_proceso_0700;6;proc_tbl_03286,dash_tbl_01398,proc_tbl_02087,gob_tbl_00683,dlk_tbl_00235,dlk_tbl_00492;6;proc_tbl_01769,gob_tbl_01750,gob_tbl_03203,gob_ext_00459,proc_ext_00229,gob_ext_00072
gob_proceso_0701;7;gob_tbl_00758,proc_tbl_00062,std_tbl_02852,dlk_tbl_02106,dlk_tbl_00510,dlk_tbl_01967,gob_tbl_01979;11;dlk_tbl_00475,proc_tbl_00484,proc_tbl_02035,m4vw_tbl_02631,gob_tbl_01218,gob_tbl_02670,dash_ext_00392,proc_ext_00237,gob_ext_00272,gob_ext_00130,gob_ext_00044
gob_proceso_0702;3;dlk_tbl_02022,dlk_tbl_02996,gob_tbl_00266;12;gob_tbl_02800,dlk_tbl_02253,dlk_tbl_03163,gob_tbl_00781,proc_tbl_03229,proc_tbl_02587,gob_tbl_00683,gob_ext_00419,gob_ext_00474,dlk_ext_00107,dash_ext_00480,gob_ext_00027
dlk_proceso_0703;3;gob_tbl_00897,proc_tbl_02979,gob_tbl_00000;10;dlk_tbl_02830,dlk_tbl_03244,dash_tbl_00093,gob_tbl_01025,dlk_tbl_01035,gob_tbl_00696,gob_ext_00272,dlk_ext_00183,dash_ext_00099,dlk_ext_00154
dlk_proceso_0704;2;dlk_tbl_00745,dlk_tbl_02731;13;proc_tbl_00323,gob_tbl_01025,gob_tbl_02151,dlk_tbl_03117,std_tbl_00262,dlk_tbl_00916,dash_tbl_01509,dlk_ext_00449,dlk_ext_00144,dlk_ext_00065,dlk_ext_00411,m4vw_ext_00286,dlk_ext_00368
proc_proceso_0705;4;gob_tbl_03211,dlk_tbl_03188,gob_tbl_00848,dlk_tbl_02516;6;dlk_tbl_00404,dlk_tbl_01265,gob_tbl_02316,dash_ext_00037,dlk_ext_00465,dlk_ext_00200
dlk_proceso_0706;6;gob_tbl_01504,std_tbl_01687,gob_tbl_02761,gob_tbl_00335,dash_tbl_02660,dlk_tbl_02199;15;proc_tbl_00407,proc_tbl_02834,gob_tbl_03302,gob_tbl_01438,gob_tbl_02303,gob_tbl_02372,dlk_tbl_00212,gob_tbl_03009,proc_tbl_01837,dlk_ext_00199,dlk_ext_00357,gob_ext_00415,dlk_ext_00395,dlk_ext_00026,m4sco_ext_00324
dlk_proceso_0707;2;dash_tbl_00808,dlk_tbl_02654;4;gob_tbl_00696,ppn_tbl_02739,gob_ext_00271,dlk_ext_00341
dlk_proceso_0708;5;dash_tbl_00550,dlk_tbl_00465,dash_tbl_01817,gob_tbl_01978,gob_tbl_00358;12;gob_tbl_02381,dlk_tbl_01649,gob_tbl_01272,dlk_tbl_02871,dlk_tbl_02158,dlk_tbl_02783,proc_tbl_01437,dlk_ext_00371,gob_ext_00230,dlk_ext_00242,dlk_ext_00352,dash_ext_00389
dlk_proceso_0709;2;dlk_tbl_00114,gob_tbl_01260;6;gob_tbl_02973,dlk_tbl_01057,gob_tbl_02377,gob_ext_00177,gob_ext_00070,gob_ext_00008
dlk_proceso_0710;4;dlk_tbl_02939,gob_tbl_01362,dlk_tbl_01224,dlk_tbl_02108;7;dlk_tbl_00468,dlk_tbl_02183,dlk_tbl_00674,dlk_tbl_02276,proc_ext_00036,gob_ext_00435,dlk_ext_00242
dash_proceso_0711;6;gob_tbl_00203,m4sco_tbl_01603,dlk_tbl_00053,dlk_tbl_02705,dlk_tbl_00765,gob_tbl_03279;4;dlk_tbl_02528,gob_tbl_00925,proc_ext_00067,proc_ext_00394
dlk_proceso_0712;3;dash_tbl_03024,gob_tbl_03083,ppn_tbl_00976;9;dlk_tbl_02240,dash_tbl_03260,gob_tbl_02026,ppn_tbl_02644,gob_tbl_02068,dlk_ext_00242,dlk_ext_00404,dlk_ext_00226,gob_ext_00261
dlk_proceso_0713;4;gob_tbl_02068,std_tbl_02507,std_tbl_00757,gob_tbl_00090;4;dash_tbl_03122,dlk_tbl_02065,dlk_ext_00255,gob_ext_00414
proc_proceso_0714;5;gob_tbl_01598,dash_tbl_02558,gob_tbl_00983,proc_tbl_00750,dlk_tbl_01476;14;gob_tbl_01647,std_tbl_00414,dlk_tbl_02514,dlk_tbl_02713,gob_tbl_02026,dash_tbl_00975,gob_tbl_01980,dash_tbl_02884,dash_ext_00346,gob_ext_00350,proc_ext_00213,dlk_ext_00483,gob_ext_00104,dash_ext_00378
gob_proceso_0715;3;dlk_tbl_02184,gob_tbl_01167,std_tbl_02740;17;proc_tbl_00272,gob_tbl_01411,gob_tbl_02280,gob_tbl_01083,gob_tbl_02824,dlk_tbl_00399,dlk_tbl_01573,gob_tbl_00008,gob_tbl_01944,dlk_tbl_01524,dlk_ext_00371,dash_ext_00458,dlk_ext_00386,gob_ext_00308,dlk_ext_00011,dash_ext_00400,dash_ext_00373
dlk_proceso_0716;2;m4sco_tbl_02785,proc_tbl_01708;13;proc_tbl_01313,proc_tbl_01946,proc_tbl_01318,gob_tbl_00570,dlk_tbl_01463,dlk_tbl_02574,dlk_tbl_02904,m4vw_ext_00251,dlk_ext_00365,gob_ext_00044,proc_ext_00417,gob_ext_00481,m4vw_ext_00002
dlk_proceso_0717;5;proc_tbl_00484,gob_tbl_02313,dlk_tbl_01703,dlk_tbl_00823,gob_tbl_01322;16;gob_tbl_01072,dlk_tbl_03174,dlk_tbl_00321,gob_tbl_01569,m4vw_tbl_01778,dlk_tbl_00644,dlk_tbl_02072,dlk_tbl_01925,proc_tbl_01188,gob_ext_00189,gob_ext_00438,gob_ext_00270,dlk_ext_00162,dlk_ext_00240,gob_ext_00083,dlk_ext_00430
gob_proceso_0718;4;proc_tbl_02292,gob_tbl_02524,dlk_tbl_01692,dlk_tbl_00088;6;gob_tbl_00282,dlk_tbl_02388,dlk_tbl_02563,gob_ext_00258,gob_ext_00414,dash_ext_00400
dlk_proceso_0719;3;gob_tbl_01990,dash_tbl_01767,dlk_tbl_00030;9;dlk_tbl_02600,gob_tbl_01549,gob_tbl_02539,dlk_tbl_01223,dlk_tbl_00675,gob_ext_00329,m4sco_ext_00053,proc_ext_00237,proc_ext_00317
dlk_proceso_0720;6;gob_tbl_01607,proc_tbl_03273,gob_tbl_02632,gob_tbl_00732,dlk_tbl_02768,dlk_tbl_01028;6;dlk_tbl_00056,proc_tbl_02835,dlk_tbl_03303,gob_ext_00280,proc_ext_00061,gob_ext_00355
dlk_proceso_0721;2;dash_tbl_01426,dlk_tbl_01163;5;proc_tbl_01633,dlk_tbl_02880,gob_tbl_02476,gob_ext_00072,dlk_ext_00375
gob_proceso_0722;2;gob_tbl_00006,gob_tbl_03206;13;gob_tbl_00845,gob_tbl_01226,dlk_tbl_01511,std_tbl_02981,dlk_tbl_01197,dlk_tbl_01399,gob_tbl_01311,dlk_ext_00430,dlk_ext_00347,proc_ext_00229,dlk_ext_00412,proc_ext_00302,dlk_ext_00360
gob_proceso_0723;6;proc_tbl_02727,dlk_tbl_02708,gob_tbl_00542,dash_tbl_02249,proc_tbl_00964,proc_tbl_03268;9;dlk_tbl_01280,dlk_tbl_00577,dlk_tbl_00011,gob_tbl_00033,dlk_tbl_01245,dlk_ext_00054,dash_ext_00463,dash_ext_00346,gob_ext_00119
dlk_proceso_0724;4;proc_tbl_02619,dlk_tbl_02747,gob_tbl_01332,dlk_tbl_00369;12;gob_tbl_03075,dlk_tbl_01952,ppn_tbl_01634,proc_tbl_02205,std_tbl_02852,gob_tbl_02223,dlk_tbl_02940,dash_ext_00471,gob_ext_00487,m4vw_ext_00251,dash_ext_00346,gob_ext_00435
dlk_proceso_0725;4;dlk_tbl_01907,dlk_tbl_01650,dlk_tbl_00694,dlk_tbl_02244;12;proc_tbl_02354,gob_tbl_00180,gob_tbl_03139,m4sco_tbl_03243,gob_tbl_00190,proc_tbl_01318,dlk_tbl_00077,gob_ext_00025,gob_ext_00138,dlk_ext_00338,gob_ext_00103,dlk_ext_00193
dash_proceso_0726;3;proc_tbl_03134,dlk_tbl_02960,dlk_tbl_01460;8;gob_tbl_01314,gob_tbl_02125,gob_tbl_02275,dlk_tbl_02633,proc_tbl_00457,gob_ext_00083,dlk_ext_00337,gob_ext_00455
dlk_proceso_0727;5;gob_tbl_00639,dlk_tbl_02596,gob_tbl_00594,std_tbl_00547,dlk_tbl_00141;12;dlk_tbl_02150,std_tbl_01627,gob_tbl_03158,proc_tbl_02610,dlk_tbl_03148,dlk_tbl_00966,dlk_tbl_01142,gob_ext_00169,gob_ext_00064,dlk_ext_00428,gob_ext_00072,dlk_ext_00309
dlk_proceso_0728;6;m4sco_tbl_02242,m4vw_tbl_03289,dash_tbl_00863,dlk_tbl_02751,gob_tbl_01712,proc_tbl_03127;10;gob_tbl_00085,m4sco_tbl_02490,gob_tbl_01749,dlk_tbl_02356,gob_tbl_02704,dlk_tbl_02170,proc_ext_00385,dlk_ext_00195,proc_ext_00417,gob_ext_00204
gob_proceso_0729;4;dlk_tbl_02325,gob_tbl_01150,gob_tbl_01531,dlk_tbl_01117;13;dlk_tbl_00903,dlk_tbl_01149,dlk_tbl_00984,gob_tbl_03317,proc_tbl_01081,dlk_tbl_03047,std_tbl_00414,gob_ext_00151,dash_ext_00427,proc_ext_00237,gob_ext_00049,dlk_ext_00185,dash_ext_00458
gob_proceso_0730;3;proc_tbl_00904,proc_tbl_01974,gob_tbl_01344;17;dlk_tbl_03262,gob_tbl_03248,dash_tbl_01184,gob_tbl_02623,gob_tbl_02522,gob_tbl_00271,gob_tbl_00576,gob_tbl_02862,dlk_tbl_00628,proc_tbl_01533,dash_ext_00373,gob_ext_00171,dlk_ext_00404,dlk_ext_00340,dlk_ext_00264,proc_ext_00121,dlk_ext_00224
dash_proceso_0731;3;gob_tbl_02789,gob_tbl_00591,gob_tbl_02831;4;proc_tbl_01716,proc_tbl_02637,gob_ext_00455,gob_ext_00308
gob_proceso_0732;8;proc_tbl_01461,gob_tbl_00006,ppn_tbl_00289,gob_tbl_00240,dlk_tbl_02415,gob_tbl_01510,dlk_tbl_00411,dlk_tbl_00722;23;dlk_tbl_00633,dlk_tbl_02604,dlk_tbl_01953,dlk_tbl_02276,gob_tbl_00615,m4vw_tbl_02907,dash_tbl_02695,dash_tbl_03164,proc_tbl_02637,gob_tbl_01802,dlk_tbl_01900,proc_tbl_01327,gob_tbl_00896,dlk_ext_00158,dash_ext_00182,gob_ext_00258,gob_ext_00245,std_ext_00034,m4sco_ext_00053,dash_ext_00031,dlk_ext_00134,dlk_ext_00360,gob_ext_00330
gob_proceso_0733;4;dash_tbl_01020,dlk_tbl_01795,dlk_tbl_01243,gob_tbl_03081;14;dlk_tbl_02276,gob_tbl_03309,gob_tbl_00290,dash_tbl_02130,gob_tbl_03319,proc_tbl_00231,dlk_tbl_00948,dlk_tbl_01551,gob_ext_00159,ppn_ext_00446,dlk_ext_00339,ppn_ext_00361,dash_ext_00133,gob_ext_00064
dlk_proceso_0734;2;std_tbl_02897,gob_tbl_00063;6;gob_tbl_02231,dlk_tbl_00408,dash_tbl_00975,dlk_ext_00242,gob_ext_00179,gob_ext_00413
gob_proceso_0735;8;dlk_tbl_02639,gob_tbl_02029,gob_tbl_02390,dlk_tbl_03087,dlk_tbl_00663,dlk_tbl_02953,m4vw_tbl_02000,proc_tbl_02808;24;gob_tbl_02427,dlk_tbl_00417,std_tbl_02152,proc_tbl_01716,dlk_tbl_00633,dlk_tbl_00883,gob_tbl_01173,m4sco_tbl_01603,dlk_tbl_00667,gob_tbl_01784,gob_tbl_02806,dlk_tbl_01093,dash_tbl_01184,dlk_tbl_02885,gob_ext_00096,proc_ext_00077,dlk_ext_00116,dash_ext_00390,dlk_ext_00316,dlk_ext_00325,dlk_ext_00360,gob_ext_00091,gob_ext_00119,gob_ext_00306
gob_proceso_0736;6;std_tbl_00879,proc_tbl_01810,std_tbl_00914,dlk_tbl_00951,proc_tbl_00693,gob_tbl_00199;10;dash_tbl_02076,gob_tbl_02299,dash_tbl_00574,proc_tbl_01934,gob_tbl_02948,proc_tbl_01313,proc_ext_00222,proc_ext_00311,dlk_ext_00170,dlk_ext_00357
gob_proceso_0737;4;dlk_tbl_02165,dlk_tbl_01512,gob_tbl_01017,proc_tbl_00285;6;proc_tbl_01022,dash_tbl_01882,gob_tbl_02868,dash_ext_00480,dlk_ext_00429,gob_ext_00049
dlk_proceso_0738;2;dlk_tbl_00874,dash_tbl_02798;5;dlk_tbl_01208,dlk_tbl_01309,dlk_tbl_01280,dlk_ext_00154,dlk_ext_00060
gob_proceso_0739;4;dlk_tbl_00402,m4vw_tbl_02805,dlk_tbl_01800,gob_tbl_03058;7;dlk_tbl_02234,dlk_tbl_01948,dlk_tbl_02905,gob_tbl_03023,dlk_ext_00456,dlk_ext_00454,gob_ext_00112
gob_proceso_0740;4;gob_tbl_02267,gob_tbl_00575,dlk_tbl_01179,dlk_tbl_03227;7;gob_tbl_01777,dlk_tbl_01265,std_tbl_01693,ppn_tbl_02414,gob_ext_00211,gob_ext_00064,gob_ext_00119
proc_proceso_0741;7;dash_tbl_01550,gob_tbl_02266,dlk_tbl_02600,gob_tbl_02342,gob_tbl_02232,gob_tbl_01002,gob_tbl_01539;11;dash_tbl_03260,gob_tbl_00434,dlk_tbl_02320,m4sco_tbl_02854,gob_tbl_02471,dash_tbl_01984,dlk_ext_00118,gob_ext_00405,dlk_ext_00366,gob_ext_00091,gob_ext_00261
proc_proceso_0742;4;gob_tbl_02209,proc_tbl_01248,gob_tbl_02754,gob_tbl_00850;12;dlk_tbl_01709,dlk_tbl_02776,dlk_tbl_02999,gob_tbl_03095,proc_tbl_02534,gob_tbl_03309,gob_tbl_00592,proc_ext_00417,dlk_ext_00352,dlk_ext_00264,dlk_ext_00200,gob_ext_00320
dlk_proceso_0743;2;dlk_tbl_00521,gob_tbl_00987;12;dlk_tbl_00399,gob_tbl_01528,gob_tbl_02989,gob_tbl_01191,dlk_tbl_00466,dlk_tbl_00053,dlk_tbl_02560,dlk_ext_00152,m4sco_ext_00005,dlk_ext_00085,std_ext_00393,gob_ext_00272
proc_proceso_0744;6;proc_tbl_01523,dlk_tbl_01111,dash_tbl_01339,dash_tbl_01545,gob_tbl_01366,dlk_tbl_01789;9;dash_tbl_01020,dlk_tbl_02528,dlk_tbl_03165,dlk_tbl_02194,m4vw_tbl_01775,proc_ext_00076,dlk_ext_00084,gob_ext_00399,dlk_ext_00212
proc_proceso_0745;7;gob_tbl_01277,dash_tbl_01580,dlk_tbl_01759,proc_tbl_02610,dlk_tbl_01599,dlk_tbl_00394,dlk_tbl_01987;20;dlk_tbl_02847,dlk_tbl_02136,gob_tbl_00585,dlk_tbl_02776,dash_tbl_02706,proc_tbl_00902,dlk_tbl_00067,gob_tbl_02061,gob_tbl_01354,proc_tbl_02590,gob_tbl_00696,gob_tbl_03302,dlk_ext_00416,proc_ext_00257,dlk_ext_00366,dlk_ext_00006,gob_ext_00486,proc_ext_00136,dlk_ext_00337,proc_ext_00121
dlk_proceso_0746;2;dlk_tbl_01564,gob_tbl_03155;6;gob_tbl_02813,gob_tbl_00225,gob_tbl_01960,ppn_ext_00446,dash_ext_00173,gob_ext_00032
dlk_proceso_0747;5;gob_tbl_01738,dash_tbl_03186,gob_tbl_01089,gob_tbl_02329,gob_tbl_01683;11;gob_tbl_00290,gob_tbl_02109,m4sco_tbl_00233,dlk_tbl_03106,gob_tbl_03279,m4vw_tbl_02405,dlk_ext_00319,dlk_ext_00430,dlk_ext_00006,dash_ext_00373,gob_ext_00108
dlk_proceso_0748;3;dlk_tbl_03148,gob_tbl_02410,dlk_tbl_01701;9;gob_tbl_02441,proc_tbl_00864,dlk_tbl_01763,dlk_tbl_02904,gob_tbl_01673,proc_ext_00253,dash_ext_00453,gob_ext_00204,m4vw_ext_00286
dlk_proceso_0749;5;proc_tbl_02784,dash_tbl_02454,m4vw_tbl_02031,gob_tbl_01884,gob_tbl_00339;13;proc_tbl_00035,dash_tbl_01640,gob_tbl_01656,dlk_tbl_02585,gob_tbl_03040,dlk_tbl_02611,dlk_tbl_00560,dlk_ext_00152,gob_ext_00092,gob_ext_00327,std_ext_00034,dlk_ext_00224,gob_ext_00090
